sbi_stage,ucf_stage,xception_stage,sbi_upper_threshold,sbi_lower_threshold,ucf_upper_threshold,ucf_lower_threshold,xception_upper_threshold,xception_lower_threshold,FAR,FRR
2,-1,1,0.05,0.05,-1,-1,0.05,0.05,0.000304,0.982529
2,-1,1,0.1,0.1,-1,-1,0.05,0.05,0.000304,0.982529
2,-1,1,0.15,0.15,-1,-1,0.05,0.05,0.000304,0.982529
2,-1,1,0.2,0.2,-1,-1,0.05,0.05,0.000304,0.982529
2,-1,1,0.25,0.25,-1,-1,0.05,0.05,0.000304,0.982529
2,-1,1,0.3,0.3,-1,-1,0.05,0.05,0.000304,0.982529
2,-1,1,0.35,0.35,-1,-1,0.05,0.05,0.000304,0.982529
2,-1,1,0.4,0.4,-1,-1,0.05,0.05,0.000304,0.982529
2,-1,1,0.45,0.45,-1,-1,0.05,0.05,0.000304,0.982529
2,-1,1,0.5,0.5,-1,-1,0.05,0.05,0.000304,0.982529
2,-1,1,0.55,0.55,-1,-1,0.05,0.05,0.000304,0.982529
2,-1,1,0.6,0.6,-1,-1,0.05,0.05,0.000304,0.982529
2,-1,1,0.65,0.65,-1,-1,0.05,0.05,0.000304,0.982529
2,-1,1,0.7,0.7,-1,-1,0.05,0.05,0.000304,0.982529
2,-1,1,0.75,0.75,-1,-1,0.05,0.05,0.000304,0.982529
2,-1,1,0.8,0.8,-1,-1,0.05,0.05,0.000304,0.982529
2,-1,1,0.85,0.85,-1,-1,0.05,0.05,0.000304,0.982529
2,-1,1,0.9,0.9,-1,-1,0.05,0.05,0.000304,0.982529
2,-1,1,0.95,0.95,-1,-1,0.05,0.05,0.000304,0.982529
2,-1,1,1.0,1.0,-1,-1,0.05,0.05,0.000304,0.982529
2,-1,1,0.05,0.05,-1,-1,0.1,0.05,0.000727,0.96636
2,-1,1,0.1,0.1,-1,-1,0.1,0.05,0.001074,0.957743
2,-1,1,0.15,0.15,-1,-1,0.1,0.05,0.001347,0.952834
2,-1,1,0.2,0.2,-1,-1,0.1,0.05,0.001562,0.949246
2,-1,1,0.25,0.25,-1,-1,0.1,0.05,0.001781,0.9465
2,-1,1,0.3,0.3,-1,-1,0.1,0.05,0.00195,0.944921
2,-1,1,0.35,0.35,-1,-1,0.1,0.05,0.00209,0.94329
2,-1,1,0.4,0.4,-1,-1,0.1,0.05,0.002244,0.94214
2,-1,1,0.45,0.45,-1,-1,0.1,0.05,0.00237,0.941059
2,-1,1,0.5,0.5,-1,-1,0.1,0.05,0.002513,0.940389
2,-1,1,0.55,0.55,-1,-1,0.1,0.05,0.002634,0.939703
2,-1,1,0.6,0.6,-1,-1,0.1,0.05,0.002758,0.939188
2,-1,1,0.65,0.65,-1,-1,0.1,0.05,0.002881,0.938827
2,-1,1,0.7,0.7,-1,-1,0.1,0.05,0.002977,0.938415
2,-1,1,0.75,0.75,-1,-1,0.1,0.05,0.0031,0.938158
2,-1,1,0.8,0.8,-1,-1,0.1,0.05,0.003196,0.937746
2,-1,1,0.85,0.85,-1,-1,0.1,0.05,0.003312,0.937557
2,-1,1,0.9,0.9,-1,-1,0.1,0.05,0.003444,0.937437
2,-1,1,0.95,0.95,-1,-1,0.1,0.05,0.003601,0.937351
2,-1,1,1.0,1.0,-1,-1,0.1,0.05,0.003953,0.937334
2,-1,1,0.05,0.05,-1,-1,0.15,0.05,0.001783,0.94625
2,-1,1,0.1,0.1,-1,-1,0.15,0.05,0.002999,0.926916
2,-1,1,0.15,0.15,-1,-1,0.15,0.05,0.003954,0.915901
2,-1,1,0.2,0.2,-1,-1,0.15,0.05,0.004707,0.907852
2,-1,1,0.25,0.25,-1,-1,0.15,0.05,0.005472,0.90169
2,-1,1,0.3,0.3,-1,-1,0.15,0.05,0.006066,0.898147
2,-1,1,0.35,0.35,-1,-1,0.15,0.05,0.006555,0.894488
2,-1,1,0.4,0.4,-1,-1,0.15,0.05,0.007095,0.891908
2,-1,1,0.45,0.45,-1,-1,0.15,0.05,0.007533,0.889481
2,-1,1,0.5,0.5,-1,-1,0.15,0.05,0.008034,0.887979
2,-1,1,0.55,0.55,-1,-1,0.15,0.05,0.008458,0.886439
2,-1,1,0.6,0.6,-1,-1,0.15,0.05,0.008892,0.885283
2,-1,1,0.65,0.65,-1,-1,0.15,0.05,0.009323,0.884475
2,-1,1,0.7,0.7,-1,-1,0.15,0.05,0.009657,0.88355
2,-1,1,0.75,0.75,-1,-1,0.15,0.05,0.010088,0.882973
2,-1,1,0.8,0.8,-1,-1,0.15,0.05,0.010426,0.882048
2,-1,1,0.85,0.85,-1,-1,0.15,0.05,0.01083,0.881625
2,-1,1,0.9,0.9,-1,-1,0.15,0.05,0.011292,0.881355
2,-1,1,0.95,0.95,-1,-1,0.15,0.05,0.011843,0.881163
2,-1,1,1.0,1.0,-1,-1,0.15,0.05,0.013074,0.881124
2,-1,1,0.05,0.05,-1,-1,0.2,0.05,0.003298,0.924917
2,-1,1,0.1,0.1,-1,-1,0.2,0.05,0.005757,0.894215
2,-1,1,0.15,0.15,-1,-1,0.2,0.05,0.00769,0.876723
2,-1,1,0.2,0.2,-1,-1,0.2,0.05,0.009215,0.863941
2,-1,1,0.25,0.25,-1,-1,0.2,0.05,0.010763,0.854155
2,-1,1,0.3,0.3,-1,-1,0.2,0.05,0.011965,0.848528
2,-1,1,0.35,0.35,-1,-1,0.2,0.05,0.012955,0.842718
2,-1,1,0.4,0.4,-1,-1,0.2,0.05,0.014047,0.838621
2,-1,1,0.45,0.45,-1,-1,0.2,0.05,0.014935,0.834768
2,-1,1,0.5,0.5,-1,-1,0.2,0.05,0.015949,0.832382
2,-1,1,0.55,0.55,-1,-1,0.2,0.05,0.016805,0.829936
2,-1,1,0.6,0.6,-1,-1,0.2,0.05,0.017685,0.828101
2,-1,1,0.65,0.65,-1,-1,0.2,0.05,0.018557,0.826817
2,-1,1,0.7,0.7,-1,-1,0.2,0.05,0.019233,0.825349
2,-1,1,0.75,0.75,-1,-1,0.2,0.05,0.020105,0.824432
2,-1,1,0.8,0.8,-1,-1,0.2,0.05,0.020789,0.822964
2,-1,1,0.85,0.85,-1,-1,0.2,0.05,0.021606,0.822291
2,-1,1,0.9,0.9,-1,-1,0.2,0.05,0.022541,0.821863
2,-1,1,0.95,0.95,-1,-1,0.2,0.05,0.023657,0.821557
2,-1,1,1.0,1.0,-1,-1,0.2,0.05,0.026148,0.821496
2,-1,1,0.05,0.05,-1,-1,0.25,0.05,0.00527,0.900051
2,-1,1,0.1,0.1,-1,-1,0.25,0.05,0.00935,0.856098
2,-1,1,0.15,0.15,-1,-1,0.25,0.05,0.012556,0.831057
2,-1,1,0.2,0.2,-1,-1,0.25,0.05,0.015085,0.812758
2,-1,1,0.25,0.25,-1,-1,0.25,0.05,0.017653,0.798749
2,-1,1,0.3,0.3,-1,-1,0.25,0.05,0.019647,0.790694
2,-1,1,0.35,0.35,-1,-1,0.25,0.05,0.021289,0.782376
2,-1,1,0.4,0.4,-1,-1,0.25,0.05,0.023101,0.77651
2,-1,1,0.45,0.45,-1,-1,0.25,0.05,0.024574,0.770994
2,-1,1,0.5,0.5,-1,-1,0.25,0.05,0.026255,0.767579
2,-1,1,0.55,0.55,-1,-1,0.25,0.05,0.027676,0.764077
2,-1,1,0.6,0.6,-1,-1,0.25,0.05,0.029136,0.76145
2,-1,1,0.65,0.65,-1,-1,0.25,0.05,0.030583,0.759611
2,-1,1,0.7,0.7,-1,-1,0.25,0.05,0.031704,0.75751
2,-1,1,0.75,0.75,-1,-1,0.25,0.05,0.033151,0.756197
2,-1,1,0.8,0.8,-1,-1,0.25,0.05,0.034285,0.754095
2,-1,1,0.85,0.85,-1,-1,0.25,0.05,0.03564,0.753132
2,-1,1,0.9,0.9,-1,-1,0.25,0.05,0.037191,0.752519
2,-1,1,0.95,0.95,-1,-1,0.25,0.05,0.039042,0.752082
2,-1,1,1.0,1.0,-1,-1,0.25,0.05,0.043174,0.751994
2,-1,1,0.05,0.05,-1,-1,0.3,0.05,0.008546,0.870565
2,-1,1,0.1,0.1,-1,-1,0.3,0.05,0.015316,0.810899
2,-1,1,0.15,0.15,-1,-1,0.3,0.05,0.020638,0.776906
2,-1,1,0.2,0.2,-1,-1,0.3,0.05,0.024834,0.752065
2,-1,1,0.25,0.25,-1,-1,0.3,0.05,0.029096,0.733048
2,-1,1,0.3,0.3,-1,-1,0.3,0.05,0.032405,0.722113
2,-1,1,0.35,0.35,-1,-1,0.3,0.05,0.035131,0.710821
2,-1,1,0.4,0.4,-1,-1,0.3,0.05,0.038138,0.702858
2,-1,1,0.45,0.45,-1,-1,0.3,0.05,0.040582,0.69537
2,-1,1,0.5,0.5,-1,-1,0.3,0.05,0.043372,0.690734
2,-1,1,0.55,0.55,-1,-1,0.3,0.05,0.04573,0.68598
2,-1,1,0.6,0.6,-1,-1,0.3,0.05,0.048153,0.682415
2,-1,1,0.65,0.65,-1,-1,0.3,0.05,0.050554,0.679919
2,-1,1,0.7,0.7,-1,-1,0.3,0.05,0.052414,0.677066
2,-1,1,0.75,0.75,-1,-1,0.3,0.05,0.054815,0.675283
2,-1,1,0.8,0.8,-1,-1,0.3,0.05,0.056697,0.672431
2,-1,1,0.85,0.85,-1,-1,0.3,0.05,0.058947,0.671123
2,-1,1,0.9,0.9,-1,-1,0.3,0.05,0.061521,0.670291
2,-1,1,0.95,0.95,-1,-1,0.3,0.05,0.064593,0.669697
2,-1,1,1.0,1.0,-1,-1,0.3,0.05,0.07145,0.669578
2,-1,1,0.05,0.05,-1,-1,0.35,0.05,0.012737,0.842439
2,-1,1,0.1,0.1,-1,-1,0.35,0.05,0.022951,0.767784
2,-1,1,0.15,0.15,-1,-1,0.35,0.05,0.030978,0.725251
2,-1,1,0.2,0.2,-1,-1,0.35,0.05,0.037309,0.69417
2,-1,1,0.25,0.25,-1,-1,0.35,0.05,0.043737,0.670375
2,-1,1,0.3,0.3,-1,-1,0.35,0.05,0.04873,0.656693
2,-1,1,0.35,0.35,-1,-1,0.35,0.05,0.052842,0.642565
2,-1,1,0.4,0.4,-1,-1,0.35,0.05,0.057378,0.632602
2,-1,1,0.45,0.45,-1,-1,0.35,0.05,0.061065,0.623232
2,-1,1,0.5,0.5,-1,-1,0.35,0.05,0.065275,0.617432
2,-1,1,0.55,0.55,-1,-1,0.35,0.05,0.068831,0.611484
2,-1,1,0.6,0.6,-1,-1,0.35,0.05,0.072486,0.607022
2,-1,1,0.65,0.65,-1,-1,0.35,0.05,0.076108,0.603899
2,-1,1,0.7,0.7,-1,-1,0.35,0.05,0.078915,0.60033
2,-1,1,0.75,0.75,-1,-1,0.35,0.05,0.082537,0.598099
2,-1,1,0.8,0.8,-1,-1,0.35,0.05,0.085376,0.59453
2,-1,1,0.85,0.85,-1,-1,0.35,0.05,0.08877,0.592894
2,-1,1,0.9,0.9,-1,-1,0.35,0.05,0.092653,0.591853
2,-1,1,0.95,0.95,-1,-1,0.35,0.05,0.097287,0.59111
2,-1,1,1.0,1.0,-1,-1,0.35,0.05,0.107631,0.590961
2,-1,1,0.05,0.05,-1,-1,0.4,0.05,0.017914,0.815127
2,-1,1,0.1,0.1,-1,-1,0.4,0.05,0.032382,0.725918
2,-1,1,0.15,0.15,-1,-1,0.4,0.05,0.043752,0.675093
2,-1,1,0.2,0.2,-1,-1,0.4,0.05,0.052719,0.637952
2,-1,1,0.25,0.25,-1,-1,0.4,0.05,0.061825,0.609518
2,-1,1,0.3,0.3,-1,-1,0.4,0.05,0.068896,0.593169
2,-1,1,0.35,0.35,-1,-1,0.4,0.05,0.07472,0.576287
2,-1,1,0.4,0.4,-1,-1,0.4,0.05,0.081145,0.564381
2,-1,1,0.45,0.45,-1,-1,0.4,0.05,0.086368,0.553185
2,-1,1,0.5,0.5,-1,-1,0.4,0.05,0.092331,0.546254
2,-1,1,0.55,0.55,-1,-1,0.4,0.05,0.097369,0.539146
2,-1,1,0.6,0.6,-1,-1,0.4,0.05,0.102546,0.533815
2,-1,1,0.65,0.65,-1,-1,0.4,0.05,0.107676,0.530083
2,-1,1,0.7,0.7,-1,-1,0.4,0.05,0.111651,0.525818
2,-1,1,0.75,0.75,-1,-1,0.4,0.05,0.116782,0.523152
2,-1,1,0.8,0.8,-1,-1,0.4,0.05,0.120803,0.518887
2,-1,1,0.85,0.85,-1,-1,0.4,0.05,0.12561,0.516932
2,-1,1,0.9,0.9,-1,-1,0.4,0.05,0.13111,0.515688
2,-1,1,0.95,0.95,-1,-1,0.4,0.05,0.137674,0.5148
2,-1,1,1.0,1.0,-1,-1,0.4,0.05,0.152326,0.514622
2,-1,1,0.05,0.05,-1,-1,0.45,0.05,0.024501,0.784283
2,-1,1,0.1,0.1,-1,-1,0.45,0.05,0.044379,0.678636
2,-1,1,0.15,0.15,-1,-1,0.45,0.05,0.060002,0.618447
2,-1,1,0.2,0.2,-1,-1,0.45,0.05,0.072322,0.574463
2,-1,1,0.25,0.25,-1,-1,0.45,0.05,0.084833,0.54079
2,-1,1,0.3,0.3,-1,-1,0.45,0.05,0.09455,0.521429
2,-1,1,0.35,0.35,-1,-1,0.45,0.05,0.102552,0.501436
2,-1,1,0.4,0.4,-1,-1,0.45,0.05,0.11138,0.487336
2,-1,1,0.45,0.45,-1,-1,0.45,0.05,0.118556,0.474077
2,-1,1,0.5,0.5,-1,-1,0.45,0.05,0.126749,0.465869
2,-1,1,0.55,0.55,-1,-1,0.45,0.05,0.133671,0.457452
2,-1,1,0.6,0.6,-1,-1,0.45,0.05,0.140784,0.451138
2,-1,1,0.65,0.65,-1,-1,0.45,0.05,0.147833,0.446718
2,-1,1,0.7,0.7,-1,-1,0.45,0.05,0.153295,0.441667
2,-1,1,0.75,0.75,-1,-1,0.45,0.05,0.160344,0.438511
2,-1,1,0.8,0.8,-1,-1,0.45,0.05,0.165869,0.43346
2,-1,1,0.85,0.85,-1,-1,0.45,0.05,0.172474,0.431145
2,-1,1,0.9,0.9,-1,-1,0.45,0.05,0.180032,0.429672
2,-1,1,0.95,0.95,-1,-1,0.45,0.05,0.18905,0.42862
2,-1,1,1.0,1.0,-1,-1,0.45,0.05,0.209182,0.428409
2,-1,1,0.05,0.05,-1,-1,0.5,0.05,0.037532,0.740394
2,-1,1,0.1,0.1,-1,-1,0.5,0.05,0.068116,0.611359
2,-1,1,0.15,0.15,-1,-1,0.5,0.05,0.092153,0.537845
2,-1,1,0.2,0.2,-1,-1,0.5,0.05,0.111109,0.484123
2,-1,1,0.25,0.25,-1,-1,0.5,0.05,0.130358,0.442996
2,-1,1,0.3,0.3,-1,-1,0.5,0.05,0.145308,0.419348
2,-1,1,0.35,0.35,-1,-1,0.5,0.05,0.15762,0.394929
2,-1,1,0.4,0.4,-1,-1,0.5,0.05,0.171202,0.377707
2,-1,1,0.45,0.45,-1,-1,0.5,0.05,0.182243,0.361513
2,-1,1,0.5,0.5,-1,-1,0.5,0.05,0.194848,0.351488
2,-1,1,0.55,0.55,-1,-1,0.5,0.05,0.205499,0.341207
2,-1,1,0.6,0.6,-1,-1,0.5,0.05,0.216442,0.333496
2,-1,1,0.65,0.65,-1,-1,0.5,0.05,0.227289,0.328098
2,-1,1,0.7,0.7,-1,-1,0.5,0.05,0.235691,0.321929
2,-1,1,0.75,0.75,-1,-1,0.5,0.05,0.246538,0.318073
2,-1,1,0.8,0.8,-1,-1,0.5,0.05,0.255039,0.311904
2,-1,1,0.85,0.85,-1,-1,0.5,0.05,0.265201,0.309076
2,-1,1,0.9,0.9,-1,-1,0.5,0.05,0.276828,0.307277
2,-1,1,0.95,0.95,-1,-1,0.5,0.05,0.290703,0.305992
2,-1,1,1.0,1.0,-1,-1,0.5,0.05,0.321678,0.305735
2,-1,1,0.05,0.05,-1,-1,0.55,0.05,0.046126,0.709686
2,-1,1,0.1,0.1,-1,-1,0.55,0.05,0.08377,0.564286
2,-1,1,0.15,0.15,-1,-1,0.55,0.05,0.113356,0.481448
2,-1,1,0.2,0.2,-1,-1,0.55,0.05,0.136688,0.420913
2,-1,1,0.25,0.25,-1,-1,0.55,0.05,0.16038,0.37457
2,-1,1,0.3,0.3,-1,-1,0.55,0.05,0.178782,0.347923
2,-1,1,0.35,0.35,-1,-1,0.55,0.05,0.193935,0.320407
2,-1,1,0.4,0.4,-1,-1,0.55,0.05,0.210653,0.301001
2,-1,1,0.45,0.45,-1,-1,0.55,0.05,0.224243,0.282753
2,-1,1,0.5,0.5,-1,-1,0.55,0.05,0.239757,0.271457
2,-1,1,0.55,0.55,-1,-1,0.55,0.05,0.252867,0.259872
2,-1,1,0.6,0.6,-1,-1,0.55,0.05,0.266337,0.251182
2,-1,1,0.65,0.65,-1,-1,0.55,0.05,0.279686,0.2451
2,-1,1,0.7,0.7,-1,-1,0.55,0.05,0.290029,0.238148
2,-1,1,0.75,0.75,-1,-1,0.55,0.05,0.303379,0.233804
2,-1,1,0.8,0.8,-1,-1,0.55,0.05,0.313842,0.226852
2,-1,1,0.85,0.85,-1,-1,0.55,0.05,0.32635,0.223666
2,-1,1,0.9,0.9,-1,-1,0.55,0.05,0.340662,0.221639
2,-1,1,0.95,0.95,-1,-1,0.55,0.05,0.35774,0.220191
2,-1,1,1.0,1.0,-1,-1,0.55,0.05,0.395865,0.219901
2,-1,1,0.05,0.05,-1,-1,0.6,0.05,0.054685,0.685771
2,-1,1,0.1,0.1,-1,-1,0.6,0.05,0.09936,0.527627
2,-1,1,0.15,0.15,-1,-1,0.6,0.05,0.134472,0.437529
2,-1,1,0.2,0.2,-1,-1,0.6,0.05,0.162162,0.371688
2,-1,1,0.25,0.25,-1,-1,0.6,0.05,0.19028,0.321282
2,-1,1,0.3,0.3,-1,-1,0.6,0.05,0.212118,0.2923
2,-1,1,0.35,0.35,-1,-1,0.6,0.05,0.230102,0.262372
2,-1,1,0.4,0.4,-1,-1,0.6,0.05,0.249942,0.241266
2,-1,1,0.45,0.45,-1,-1,0.6,0.05,0.26607,0.221418
2,-1,1,0.5,0.5,-1,-1,0.6,0.05,0.284482,0.209132
2,-1,1,0.55,0.55,-1,-1,0.6,0.05,0.30004,0.196531
2,-1,1,0.6,0.6,-1,-1,0.6,0.05,0.316026,0.18708
2,-1,1,0.65,0.65,-1,-1,0.6,0.05,0.331869,0.180464
2,-1,1,0.7,0.7,-1,-1,0.6,0.05,0.344144,0.172904
2,-1,1,0.75,0.75,-1,-1,0.6,0.05,0.359987,0.168178
2,-1,1,0.8,0.8,-1,-1,0.6,0.05,0.372405,0.160618
2,-1,1,0.85,0.85,-1,-1,0.6,0.05,0.387249,0.157152
2,-1,1,0.9,0.9,-1,-1,0.6,0.05,0.404234,0.154947
2,-1,1,0.95,0.95,-1,-1,0.6,0.05,0.424502,0.153372
2,-1,1,1.0,1.0,-1,-1,0.6,0.05,0.469748,0.153057
2,-1,1,0.05,0.05,-1,-1,0.65,0.05,0.063138,0.668923
2,-1,1,0.1,0.1,-1,-1,0.65,0.05,0.114757,0.501799
2,-1,1,0.15,0.15,-1,-1,0.65,0.05,0.155326,0.406586
2,-1,1,0.2,0.2,-1,-1,0.65,0.05,0.187321,0.337007
2,-1,1,0.25,0.25,-1,-1,0.65,0.05,0.219809,0.283739
2,-1,1,0.3,0.3,-1,-1,0.65,0.05,0.245042,0.253111
2,-1,1,0.35,0.35,-1,-1,0.65,0.05,0.265821,0.221485
2,-1,1,0.4,0.4,-1,-1,0.65,0.05,0.288745,0.19918
2,-1,1,0.45,0.45,-1,-1,0.65,0.05,0.307381,0.178205
2,-1,1,0.5,0.5,-1,-1,0.65,0.05,0.328655,0.165221
2,-1,1,0.55,0.55,-1,-1,0.65,0.05,0.346631,0.151906
2,-1,1,0.6,0.6,-1,-1,0.65,0.05,0.365102,0.141918
2,-1,1,0.65,0.65,-1,-1,0.65,0.05,0.383408,0.134926
2,-1,1,0.7,0.7,-1,-1,0.65,0.05,0.39759,0.126937
2,-1,1,0.75,0.75,-1,-1,0.65,0.05,0.415896,0.121943
2,-1,1,0.8,0.8,-1,-1,0.65,0.05,0.430244,0.113953
2,-1,1,0.85,0.85,-1,-1,0.65,0.05,0.447396,0.110291
2,-1,1,0.9,0.9,-1,-1,0.65,0.05,0.467021,0.107961
2,-1,1,0.95,0.95,-1,-1,0.65,0.05,0.490439,0.106296
2,-1,1,1.0,1.0,-1,-1,0.65,0.05,0.542718,0.105963
2,-1,1,0.05,0.05,-1,-1,0.7,0.05,0.071344,0.65615
2,-1,1,0.1,0.1,-1,-1,0.7,0.05,0.129705,0.48222
2,-1,1,0.15,0.15,-1,-1,0.7,0.05,0.175573,0.383129
2,-1,1,0.2,0.2,-1,-1,0.7,0.05,0.211746,0.310716
2,-1,1,0.25,0.25,-1,-1,0.7,0.05,0.248478,0.255279
2,-1,1,0.3,0.3,-1,-1,0.7,0.05,0.277006,0.223403
2,-1,1,0.35,0.35,-1,-1,0.7,0.05,0.300499,0.190489
2,-1,1,0.4,0.4,-1,-1,0.7,0.05,0.326417,0.167275
2,-1,1,0.45,0.45,-1,-1,0.7,0.05,0.347487,0.145446
2,-1,1,0.5,0.5,-1,-1,0.7,0.05,0.371539,0.131934
2,-1,1,0.55,0.55,-1,-1,0.7,0.05,0.391863,0.118076
2,-1,1,0.6,0.6,-1,-1,0.7,0.05,0.412746,0.107681
2,-1,1,0.65,0.65,-1,-1,0.7,0.05,0.433443,0.100405
2,-1,1,0.7,0.7,-1,-1,0.7,0.05,0.449478,0.09209
2,-1,1,0.75,0.75,-1,-1,0.7,0.05,0.470175,0.086893
2,-1,1,0.8,0.8,-1,-1,0.7,0.05,0.486396,0.078577
2,-1,1,0.85,0.85,-1,-1,0.7,0.05,0.505788,0.074766
2,-1,1,0.9,0.9,-1,-1,0.7,0.05,0.527976,0.072341
2,-1,1,0.95,0.95,-1,-1,0.7,0.05,0.554453,0.070609
2,-1,1,1.0,1.0,-1,-1,0.7,0.05,0.61356,0.070262
2,-1,1,0.05,0.05,-1,-1,0.75,0.05,0.077754,0.647046
2,-1,1,0.1,0.1,-1,-1,0.75,0.05,0.141381,0.468265
2,-1,1,0.15,0.15,-1,-1,0.75,0.05,0.191388,0.366409
2,-1,1,0.2,0.2,-1,-1,0.75,0.05,0.230825,0.291977
2,-1,1,0.25,0.25,-1,-1,0.75,0.05,0.270871,0.234994
2,-1,1,0.3,0.3,-1,-1,0.75,0.05,0.301973,0.202229
2,-1,1,0.35,0.35,-1,-1,0.75,0.05,0.327586,0.168396
2,-1,1,0.4,0.4,-1,-1,0.75,0.05,0.355843,0.144535
2,-1,1,0.45,0.45,-1,-1,0.75,0.05,0.378814,0.122098
2,-1,1,0.5,0.5,-1,-1,0.75,0.05,0.405037,0.108208
2,-1,1,0.55,0.55,-1,-1,0.75,0.05,0.427195,0.093963
2,-1,1,0.6,0.6,-1,-1,0.75,0.05,0.449962,0.083279
2,-1,1,0.65,0.65,-1,-1,0.75,0.05,0.472527,0.0758
2,-1,1,0.7,0.7,-1,-1,0.75,0.05,0.490008,0.067253
2,-1,1,0.75,0.75,-1,-1,0.75,0.05,0.512573,0.061911
2,-1,1,0.8,0.8,-1,-1,0.75,0.05,0.530258,0.053363
2,-1,1,0.85,0.85,-1,-1,0.75,0.05,0.5514,0.049445
2,-1,1,0.9,0.9,-1,-1,0.75,0.05,0.57559,0.046953
2,-1,1,0.95,0.95,-1,-1,0.75,0.05,0.604456,0.045172
2,-1,1,1.0,1.0,-1,-1,0.75,0.05,0.668896,0.044816
2,-1,1,0.05,0.05,-1,-1,0.8,0.05,0.084305,0.638078
2,-1,1,0.1,0.1,-1,-1,0.8,0.05,0.153314,0.454517
2,-1,1,0.15,0.15,-1,-1,0.8,0.05,0.207551,0.349939
2,-1,1,0.2,0.2,-1,-1,0.8,0.05,0.250323,0.273517
2,-1,1,0.25,0.25,-1,-1,0.8,0.05,0.293757,0.21501
2,-1,1,0.3,0.3,-1,-1,0.8,0.05,0.32749,0.18137
2,-1,1,0.35,0.35,-1,-1,0.8,0.05,0.355269,0.146633
2,-1,1,0.4,0.4,-1,-1,0.8,0.05,0.385916,0.122134
2,-1,1,0.45,0.45,-1,-1,0.8,0.05,0.41083,0.099097
2,-1,1,0.5,0.5,-1,-1,0.8,0.05,0.439271,0.084836
2,-1,1,0.55,0.55,-1,-1,0.8,0.05,0.463303,0.07021
2,-1,1,0.6,0.6,-1,-1,0.8,0.05,0.487996,0.05924
2,-1,1,0.65,0.65,-1,-1,0.8,0.05,0.512469,0.051561
2,-1,1,0.7,0.7,-1,-1,0.8,0.05,0.531429,0.042785
2,-1,1,0.75,0.75,-1,-1,0.8,0.05,0.555902,0.0373
2,-1,1,0.8,0.8,-1,-1,0.8,0.05,0.575084,0.028525
2,-1,1,0.85,0.85,-1,-1,0.8,0.05,0.598013,0.024502
2,-1,1,0.9,0.9,-1,-1,0.8,0.05,0.62425,0.021943
2,-1,1,0.95,0.95,-1,-1,0.8,0.05,0.655557,0.020115
2,-1,1,1.0,1.0,-1,-1,0.8,0.05,0.725448,0.019749
2,-1,1,0.05,0.05,-1,-1,0.85,0.05,0.089307,0.634681
2,-1,1,0.1,0.1,-1,-1,0.85,0.05,0.162424,0.44931
2,-1,1,0.15,0.15,-1,-1,0.85,0.05,0.21989,0.343701
2,-1,1,0.2,0.2,-1,-1,0.85,0.05,0.26521,0.266524
2,-1,1,0.25,0.25,-1,-1,0.85,0.05,0.311229,0.207441
2,-1,1,0.3,0.3,-1,-1,0.85,0.05,0.34697,0.173469
2,-1,1,0.35,0.35,-1,-1,0.85,0.05,0.376404,0.138389
2,-1,1,0.4,0.4,-1,-1,0.85,0.05,0.408875,0.113649
2,-1,1,0.45,0.45,-1,-1,0.85,0.05,0.435272,0.090384
2,-1,1,0.5,0.5,-1,-1,0.85,0.05,0.465407,0.075983
2,-1,1,0.55,0.55,-1,-1,0.85,0.05,0.49087,0.061213
2,-1,1,0.6,0.6,-1,-1,0.85,0.05,0.517033,0.050135
2,-1,1,0.65,0.65,-1,-1,0.85,0.05,0.542963,0.04238
2,-1,1,0.7,0.7,-1,-1,0.85,0.05,0.563052,0.033518
2,-1,1,0.75,0.75,-1,-1,0.85,0.05,0.588982,0.027979
2,-1,1,0.8,0.8,-1,-1,0.85,0.05,0.609306,0.019116
2,-1,1,0.85,0.85,-1,-1,0.85,0.05,0.633601,0.015054
2,-1,1,0.9,0.9,-1,-1,0.85,0.05,0.661399,0.01247
2,-1,1,0.95,0.95,-1,-1,0.85,0.05,0.694571,0.010623
2,-1,1,1.0,1.0,-1,-1,0.85,0.05,0.768623,0.010254
2,-1,1,0.05,0.05,-1,-1,0.9,0.05,0.094731,0.632779
2,-1,1,0.1,0.1,-1,-1,0.9,0.05,0.172304,0.446394
2,-1,1,0.15,0.15,-1,-1,0.9,0.05,0.233272,0.340207
2,-1,1,0.2,0.2,-1,-1,0.9,0.05,0.281353,0.262609
2,-1,1,0.25,0.25,-1,-1,0.9,0.05,0.330177,0.203202
2,-1,1,0.3,0.3,-1,-1,0.9,0.05,0.368096,0.169044
2,-1,1,0.35,0.35,-1,-1,0.9,0.05,0.399324,0.133773
2,-1,1,0.4,0.4,-1,-1,0.9,0.05,0.433774,0.108897
2,-1,1,0.45,0.45,-1,-1,0.9,0.05,0.46178,0.085505
2,-1,1,0.5,0.5,-1,-1,0.9,0.05,0.49375,0.071025
2,-1,1,0.55,0.55,-1,-1,0.9,0.05,0.520765,0.056175
2,-1,1,0.6,0.6,-1,-1,0.9,0.05,0.548523,0.045036
2,-1,1,0.65,0.65,-1,-1,0.9,0.05,0.576033,0.037239
2,-1,1,0.7,0.7,-1,-1,0.9,0.05,0.597347,0.028328
2,-1,1,0.75,0.75,-1,-1,0.9,0.05,0.624857,0.022759
2,-1,1,0.8,0.8,-1,-1,0.9,0.05,0.646419,0.013848
2,-1,1,0.85,0.85,-1,-1,0.9,0.05,0.672195,0.009763
2,-1,1,0.9,0.9,-1,-1,0.9,0.05,0.701687,0.007165
2,-1,1,0.95,0.95,-1,-1,0.9,0.05,0.73688,0.005308
2,-1,1,1.0,1.0,-1,-1,0.9,0.05,0.815445,0.004937
2,-1,1,0.05,0.05,-1,-1,0.95,0.05,0.100754,0.63142
2,-1,1,0.1,0.1,-1,-1,0.95,0.05,0.183274,0.444311
2,-1,1,0.15,0.15,-1,-1,0.95,0.05,0.248131,0.337712
2,-1,1,0.2,0.2,-1,-1,0.95,0.05,0.299279,0.259812
2,-1,1,0.25,0.25,-1,-1,0.95,0.05,0.351217,0.200175
2,-1,1,0.3,0.3,-1,-1,0.95,0.05,0.391555,0.165884
2,-1,1,0.35,0.35,-1,-1,0.95,0.05,0.424774,0.130475
2,-1,1,0.4,0.4,-1,-1,0.95,0.05,0.461422,0.105503
2,-1,1,0.45,0.45,-1,-1,0.95,0.05,0.491214,0.08202
2,-1,1,0.5,0.5,-1,-1,0.95,0.05,0.525224,0.067484
2,-1,1,0.55,0.55,-1,-1,0.95,0.05,0.553961,0.052576
2,-1,1,0.6,0.6,-1,-1,0.95,0.05,0.58349,0.041394
2,-1,1,0.65,0.65,-1,-1,0.95,0.05,0.612755,0.033566
2,-1,1,0.7,0.7,-1,-1,0.95,0.05,0.635428,0.024621
2,-1,1,0.75,0.75,-1,-1,0.95,0.05,0.664693,0.01903
2,-1,1,0.8,0.8,-1,-1,0.95,0.05,0.68763,0.010084
2,-1,1,0.85,0.85,-1,-1,0.95,0.05,0.71505,0.005984
2,-1,1,0.9,0.9,-1,-1,0.95,0.05,0.746423,0.003376
2,-1,1,0.95,0.95,-1,-1,0.95,0.05,0.783861,0.001512
2,-1,1,1.0,1.0,-1,-1,0.95,0.05,0.867437,0.001139
2,-1,1,0.05,0.05,-1,-1,1.0,0.05,0.11611,0.631013
2,-1,1,0.1,0.1,-1,-1,1.0,0.05,0.211246,0.443687
2,-1,1,0.15,0.15,-1,-1,1.0,0.05,0.286018,0.336963
2,-1,1,0.2,0.2,-1,-1,1.0,0.05,0.344985,0.258973
2,-1,1,0.25,0.25,-1,-1,1.0,0.05,0.404863,0.199267
2,-1,1,0.3,0.3,-1,-1,1.0,0.05,0.451368,0.164936
2,-1,1,0.35,0.35,-1,-1,1.0,0.05,0.489665,0.129487
2,-1,1,0.4,0.4,-1,-1,1.0,0.05,0.531915,0.104485
2,-1,1,0.45,0.45,-1,-1,1.0,0.05,0.566262,0.080975
2,-1,1,0.5,0.5,-1,-1,1.0,0.05,0.605471,0.066422
2,-1,1,0.55,0.55,-1,-1,1.0,0.05,0.638602,0.051496
2,-1,1,0.6,0.6,-1,-1,1.0,0.05,0.672645,0.040301
2,-1,1,0.65,0.65,-1,-1,1.0,0.05,0.706383,0.032465
2,-1,1,0.7,0.7,-1,-1,1.0,0.05,0.732522,0.023509
2,-1,1,0.75,0.75,-1,-1,1.0,0.05,0.766261,0.017912
2,-1,1,0.8,0.8,-1,-1,1.0,0.05,0.792705,0.008956
2,-1,1,0.85,0.85,-1,-1,1.0,0.05,0.824316,0.004851
2,-1,1,0.9,0.9,-1,-1,1.0,0.05,0.860486,0.002239
2,-1,1,0.95,0.95,-1,-1,1.0,0.05,0.903647,0.000373
2,-1,1,1.0,1.0,-1,-1,1.0,0.05,1.0,0.0
2,-1,1,0.05,0.05,-1,-1,0.1,0.1,0.003953,0.937334
2,-1,1,0.1,0.1,-1,-1,0.1,0.1,0.003953,0.937334
2,-1,1,0.15,0.15,-1,-1,0.1,0.1,0.003953,0.937334
2,-1,1,0.2,0.2,-1,-1,0.1,0.1,0.003953,0.937334
2,-1,1,0.25,0.25,-1,-1,0.1,0.1,0.003953,0.937334
2,-1,1,0.3,0.3,-1,-1,0.1,0.1,0.003953,0.937334
2,-1,1,0.35,0.35,-1,-1,0.1,0.1,0.003953,0.937334
2,-1,1,0.4,0.4,-1,-1,0.1,0.1,0.003953,0.937334
2,-1,1,0.45,0.45,-1,-1,0.1,0.1,0.003953,0.937334
2,-1,1,0.5,0.5,-1,-1,0.1,0.1,0.003953,0.937334
2,-1,1,0.55,0.55,-1,-1,0.1,0.1,0.003953,0.937334
2,-1,1,0.6,0.6,-1,-1,0.1,0.1,0.003953,0.937334
2,-1,1,0.65,0.65,-1,-1,0.1,0.1,0.003953,0.937334
2,-1,1,0.7,0.7,-1,-1,0.1,0.1,0.003953,0.937334
2,-1,1,0.75,0.75,-1,-1,0.1,0.1,0.003953,0.937334
2,-1,1,0.8,0.8,-1,-1,0.1,0.1,0.003953,0.937334
2,-1,1,0.85,0.85,-1,-1,0.1,0.1,0.003953,0.937334
2,-1,1,0.9,0.9,-1,-1,0.1,0.1,0.003953,0.937334
2,-1,1,0.95,0.95,-1,-1,0.1,0.1,0.003953,0.937334
2,-1,1,1.0,1.0,-1,-1,0.1,0.1,0.003953,0.937334
2,-1,1,0.05,0.05,-1,-1,0.15,0.1,0.00501,0.917224
2,-1,1,0.1,0.1,-1,-1,0.15,0.1,0.005878,0.906507
2,-1,1,0.15,0.15,-1,-1,0.15,0.1,0.00656,0.900402
2,-1,1,0.2,0.2,-1,-1,0.15,0.1,0.007098,0.89594
2,-1,1,0.25,0.25,-1,-1,0.15,0.1,0.007644,0.892524
2,-1,1,0.3,0.3,-1,-1,0.15,0.1,0.008068,0.89056
2,-1,1,0.35,0.35,-1,-1,0.15,0.1,0.008418,0.888532
2,-1,1,0.4,0.4,-1,-1,0.15,0.1,0.008803,0.887102
2,-1,1,0.45,0.45,-1,-1,0.15,0.1,0.009117,0.885757
2,-1,1,0.5,0.5,-1,-1,0.15,0.1,0.009474,0.884924
2,-1,1,0.55,0.55,-1,-1,0.15,0.1,0.009777,0.88407
2,-1,1,0.6,0.6,-1,-1,0.15,0.1,0.010087,0.88343
2,-1,1,0.65,0.65,-1,-1,0.15,0.1,0.010395,0.882981
2,-1,1,0.7,0.7,-1,-1,0.15,0.1,0.010634,0.882469
2,-1,1,0.75,0.75,-1,-1,0.15,0.1,0.010941,0.882149
2,-1,1,0.8,0.8,-1,-1,0.15,0.1,0.011183,0.881636
2,-1,1,0.85,0.85,-1,-1,0.15,0.1,0.011471,0.881402
2,-1,1,0.9,0.9,-1,-1,0.15,0.1,0.011801,0.881252
2,-1,1,0.95,0.95,-1,-1,0.15,0.1,0.012195,0.881145
2,-1,1,1.0,1.0,-1,-1,0.15,0.1,0.013074,0.881124
2,-1,1,0.05,0.05,-1,-1,0.2,0.1,0.006524,0.895891
2,-1,1,0.1,0.1,-1,-1,0.2,0.1,0.008636,0.873806
2,-1,1,0.15,0.15,-1,-1,0.2,0.1,0.010296,0.861223
2,-1,1,0.2,0.2,-1,-1,0.2,0.1,0.011606,0.852028
2,-1,1,0.25,0.25,-1,-1,0.2,0.1,0.012935,0.844989
2,-1,1,0.3,0.3,-1,-1,0.2,0.1,0.013967,0.840942
2,-1,1,0.35,0.35,-1,-1,0.2,0.1,0.014818,0.836762
2,-1,1,0.4,0.4,-1,-1,0.2,0.1,0.015756,0.833815
2,-1,1,0.45,0.45,-1,-1,0.2,0.1,0.016518,0.831043
2,-1,1,0.5,0.5,-1,-1,0.2,0.1,0.017389,0.829327
2,-1,1,0.55,0.55,-1,-1,0.2,0.1,0.018124,0.827567
2,-1,1,0.6,0.6,-1,-1,0.2,0.1,0.01888,0.826247
2,-1,1,0.65,0.65,-1,-1,0.2,0.1,0.019629,0.825324
2,-1,1,0.7,0.7,-1,-1,0.2,0.1,0.02021,0.824268
2,-1,1,0.75,0.75,-1,-1,0.2,0.1,0.020959,0.823608
2,-1,1,0.8,0.8,-1,-1,0.2,0.1,0.021546,0.822552
2,-1,1,0.85,0.85,-1,-1,0.2,0.1,0.022248,0.822068
2,-1,1,0.9,0.9,-1,-1,0.2,0.1,0.023051,0.82176
2,-1,1,0.95,0.95,-1,-1,0.2,0.1,0.024009,0.82154
2,-1,1,1.0,1.0,-1,-1,0.2,0.1,0.026148,0.821496
2,-1,1,0.05,0.05,-1,-1,0.25,0.1,0.008496,0.871025
2,-1,1,0.1,0.1,-1,-1,0.25,0.1,0.012229,0.835689
2,-1,1,0.15,0.15,-1,-1,0.25,0.1,0.015162,0.815557
2,-1,1,0.2,0.2,-1,-1,0.25,0.1,0.017476,0.800846
2,-1,1,0.25,0.25,-1,-1,0.25,0.1,0.019825,0.789583
2,-1,1,0.3,0.3,-1,-1,0.25,0.1,0.02165,0.783107
2,-1,1,0.35,0.35,-1,-1,0.25,0.1,0.023152,0.77642
2,-1,1,0.4,0.4,-1,-1,0.25,0.1,0.02481,0.771704
2,-1,1,0.45,0.45,-1,-1,0.25,0.1,0.026157,0.767269
2,-1,1,0.5,0.5,-1,-1,0.25,0.1,0.027695,0.764524
2,-1,1,0.55,0.55,-1,-1,0.25,0.1,0.028995,0.761708
2,-1,1,0.6,0.6,-1,-1,0.25,0.1,0.030331,0.759596
2,-1,1,0.65,0.65,-1,-1,0.25,0.1,0.031655,0.758118
2,-1,1,0.7,0.7,-1,-1,0.25,0.1,0.03268,0.756429
2,-1,1,0.75,0.75,-1,-1,0.25,0.1,0.034004,0.755373
2,-1,1,0.8,0.8,-1,-1,0.25,0.1,0.035041,0.753683
2,-1,1,0.85,0.85,-1,-1,0.25,0.1,0.036281,0.752909
2,-1,1,0.9,0.9,-1,-1,0.25,0.1,0.0377,0.752416
2,-1,1,0.95,0.95,-1,-1,0.25,0.1,0.039394,0.752064
2,-1,1,1.0,1.0,-1,-1,0.25,0.1,0.043174,0.751994
2,-1,1,0.05,0.05,-1,-1,0.3,0.1,0.011772,0.84154
2,-1,1,0.1,0.1,-1,-1,0.3,0.1,0.018195,0.79049
2,-1,1,0.15,0.15,-1,-1,0.3,0.1,0.023244,0.761406
2,-1,1,0.2,0.2,-1,-1,0.3,0.1,0.027225,0.740153
2,-1,1,0.25,0.25,-1,-1,0.3,0.1,0.031268,0.723882
2,-1,1,0.3,0.3,-1,-1,0.3,0.1,0.034408,0.714526
2,-1,1,0.35,0.35,-1,-1,0.3,0.1,0.036993,0.704865
2,-1,1,0.4,0.4,-1,-1,0.3,0.1,0.039846,0.698052
2,-1,1,0.45,0.45,-1,-1,0.3,0.1,0.042165,0.691645
2,-1,1,0.5,0.5,-1,-1,0.3,0.1,0.044812,0.687679
2,-1,1,0.55,0.55,-1,-1,0.3,0.1,0.047049,0.683612
2,-1,1,0.6,0.6,-1,-1,0.3,0.1,0.049348,0.680561
2,-1,1,0.65,0.65,-1,-1,0.3,0.1,0.051626,0.678425
2,-1,1,0.7,0.7,-1,-1,0.3,0.1,0.053391,0.675985
2,-1,1,0.75,0.75,-1,-1,0.3,0.1,0.055669,0.674459
2,-1,1,0.8,0.8,-1,-1,0.3,0.1,0.057454,0.672019
2,-1,1,0.85,0.85,-1,-1,0.3,0.1,0.059588,0.6709
2,-1,1,0.9,0.9,-1,-1,0.3,0.1,0.06203,0.670188
2,-1,1,0.95,0.95,-1,-1,0.3,0.1,0.064945,0.66968
2,-1,1,1.0,1.0,-1,-1,0.3,0.1,0.07145,0.669578
2,-1,1,0.05,0.05,-1,-1,0.35,0.1,0.015963,0.813413
2,-1,1,0.1,0.1,-1,-1,0.35,0.1,0.02583,0.747375
2,-1,1,0.15,0.15,-1,-1,0.35,0.1,0.033584,0.709751
2,-1,1,0.2,0.2,-1,-1,0.35,0.1,0.0397,0.682257
2,-1,1,0.25,0.25,-1,-1,0.35,0.1,0.04591,0.661209
2,-1,1,0.3,0.3,-1,-1,0.35,0.1,0.050733,0.649106
2,-1,1,0.35,0.35,-1,-1,0.35,0.1,0.054704,0.636609
2,-1,1,0.4,0.4,-1,-1,0.35,0.1,0.059086,0.627795
2,-1,1,0.45,0.45,-1,-1,0.35,0.1,0.062648,0.619507
2,-1,1,0.5,0.5,-1,-1,0.35,0.1,0.066715,0.614377
2,-1,1,0.55,0.55,-1,-1,0.35,0.1,0.070151,0.609115
2,-1,1,0.6,0.6,-1,-1,0.35,0.1,0.073681,0.605169
2,-1,1,0.65,0.65,-1,-1,0.35,0.1,0.07718,0.602406
2,-1,1,0.7,0.7,-1,-1,0.35,0.1,0.079891,0.599249
2,-1,1,0.75,0.75,-1,-1,0.35,0.1,0.08339,0.597275
2,-1,1,0.8,0.8,-1,-1,0.35,0.1,0.086133,0.594118
2,-1,1,0.85,0.85,-1,-1,0.35,0.1,0.089411,0.592671
2,-1,1,0.9,0.9,-1,-1,0.35,0.1,0.093162,0.59175
2,-1,1,0.95,0.95,-1,-1,0.35,0.1,0.097638,0.591093
2,-1,1,1.0,1.0,-1,-1,0.35,0.1,0.107631,0.590961
2,-1,1,0.05,0.05,-1,-1,0.4,0.1,0.021141,0.786102
2,-1,1,0.1,0.1,-1,-1,0.4,0.1,0.035261,0.705509
2,-1,1,0.15,0.15,-1,-1,0.4,0.1,0.046358,0.659593
2,-1,1,0.2,0.2,-1,-1,0.4,0.1,0.05511,0.62604
2,-1,1,0.25,0.25,-1,-1,0.4,0.1,0.063997,0.600352
2,-1,1,0.3,0.3,-1,-1,0.4,0.1,0.070899,0.585582
2,-1,1,0.35,0.35,-1,-1,0.4,0.1,0.076583,0.570331
2,-1,1,0.4,0.4,-1,-1,0.4,0.1,0.082854,0.559574
2,-1,1,0.45,0.45,-1,-1,0.4,0.1,0.087951,0.54946
2,-1,1,0.5,0.5,-1,-1,0.4,0.1,0.093771,0.543199
2,-1,1,0.55,0.55,-1,-1,0.4,0.1,0.098688,0.536777
2,-1,1,0.6,0.6,-1,-1,0.4,0.1,0.103741,0.531961
2,-1,1,0.65,0.65,-1,-1,0.4,0.1,0.108748,0.528589
2,-1,1,0.7,0.7,-1,-1,0.4,0.1,0.112627,0.524736
2,-1,1,0.75,0.75,-1,-1,0.4,0.1,0.117635,0.522328
2,-1,1,0.8,0.8,-1,-1,0.4,0.1,0.12156,0.518475
2,-1,1,0.85,0.85,-1,-1,0.4,0.1,0.126251,0.516709
2,-1,1,0.9,0.9,-1,-1,0.4,0.1,0.13162,0.515585
2,-1,1,0.95,0.95,-1,-1,0.4,0.1,0.138026,0.514783
2,-1,1,1.0,1.0,-1,-1,0.4,0.1,0.152326,0.514622
2,-1,1,0.05,0.05,-1,-1,0.45,0.1,0.027727,0.755257
2,-1,1,0.1,0.1,-1,-1,0.45,0.1,0.047258,0.658227
2,-1,1,0.15,0.15,-1,-1,0.45,0.1,0.062608,0.602947
2,-1,1,0.2,0.2,-1,-1,0.45,0.1,0.074713,0.56255
2,-1,1,0.25,0.25,-1,-1,0.45,0.1,0.087005,0.531624
2,-1,1,0.3,0.3,-1,-1,0.45,0.1,0.096553,0.513842
2,-1,1,0.35,0.35,-1,-1,0.45,0.1,0.104415,0.49548
2,-1,1,0.4,0.4,-1,-1,0.45,0.1,0.113088,0.48253
2,-1,1,0.45,0.45,-1,-1,0.45,0.1,0.120139,0.470352
2,-1,1,0.5,0.5,-1,-1,0.45,0.1,0.128189,0.462814
2,-1,1,0.55,0.55,-1,-1,0.45,0.1,0.13499,0.455083
2,-1,1,0.6,0.6,-1,-1,0.45,0.1,0.141979,0.449284
2,-1,1,0.65,0.65,-1,-1,0.45,0.1,0.148905,0.445225
2,-1,1,0.7,0.7,-1,-1,0.45,0.1,0.154271,0.440586
2,-1,1,0.75,0.75,-1,-1,0.45,0.1,0.161197,0.437687
2,-1,1,0.8,0.8,-1,-1,0.45,0.1,0.166626,0.433048
2,-1,1,0.85,0.85,-1,-1,0.45,0.1,0.173116,0.430922
2,-1,1,0.9,0.9,-1,-1,0.45,0.1,0.180541,0.429569
2,-1,1,0.95,0.95,-1,-1,0.45,0.1,0.189402,0.428602
2,-1,1,1.0,1.0,-1,-1,0.45,0.1,0.209182,0.428409
2,-1,1,0.05,0.05,-1,-1,0.5,0.1,0.040759,0.711369
2,-1,1,0.1,0.1,-1,-1,0.5,0.1,0.070995,0.59095
2,-1,1,0.15,0.15,-1,-1,0.5,0.1,0.094759,0.522345
2,-1,1,0.2,0.2,-1,-1,0.5,0.1,0.1135,0.472211
2,-1,1,0.25,0.25,-1,-1,0.5,0.1,0.132531,0.43383
2,-1,1,0.3,0.3,-1,-1,0.5,0.1,0.147311,0.411761
2,-1,1,0.35,0.35,-1,-1,0.5,0.1,0.159483,0.388973
2,-1,1,0.4,0.4,-1,-1,0.5,0.1,0.172911,0.372901
2,-1,1,0.45,0.45,-1,-1,0.5,0.1,0.183827,0.357788
2,-1,1,0.5,0.5,-1,-1,0.5,0.1,0.196288,0.348433
2,-1,1,0.55,0.55,-1,-1,0.5,0.1,0.206818,0.338838
2,-1,1,0.6,0.6,-1,-1,0.5,0.1,0.217637,0.331642
2,-1,1,0.65,0.65,-1,-1,0.5,0.1,0.22836,0.326604
2,-1,1,0.7,0.7,-1,-1,0.5,0.1,0.236668,0.320847
2,-1,1,0.75,0.75,-1,-1,0.5,0.1,0.247391,0.317249
2,-1,1,0.8,0.8,-1,-1,0.5,0.1,0.255795,0.311492
2,-1,1,0.85,0.85,-1,-1,0.5,0.1,0.265842,0.308853
2,-1,1,0.9,0.9,-1,-1,0.5,0.1,0.277338,0.307174
2,-1,1,0.95,0.95,-1,-1,0.5,0.1,0.291055,0.305975
2,-1,1,1.0,1.0,-1,-1,0.5,0.1,0.321678,0.305735
2,-1,1,0.05,0.05,-1,-1,0.55,0.1,0.049352,0.68066
2,-1,1,0.1,0.1,-1,-1,0.55,0.1,0.086649,0.543877
2,-1,1,0.15,0.15,-1,-1,0.55,0.1,0.115962,0.465948
2,-1,1,0.2,0.2,-1,-1,0.55,0.1,0.139079,0.409001
2,-1,1,0.25,0.25,-1,-1,0.55,0.1,0.162553,0.365404
2,-1,1,0.3,0.3,-1,-1,0.55,0.1,0.180784,0.340336
2,-1,1,0.35,0.35,-1,-1,0.55,0.1,0.195798,0.314451
2,-1,1,0.4,0.4,-1,-1,0.55,0.1,0.212361,0.296195
2,-1,1,0.45,0.45,-1,-1,0.55,0.1,0.225826,0.279028
2,-1,1,0.5,0.5,-1,-1,0.55,0.1,0.241197,0.268402
2,-1,1,0.55,0.55,-1,-1,0.55,0.1,0.254186,0.257503
2,-1,1,0.6,0.6,-1,-1,0.55,0.1,0.267531,0.249329
2,-1,1,0.65,0.65,-1,-1,0.55,0.1,0.280758,0.243606
2,-1,1,0.7,0.7,-1,-1,0.55,0.1,0.291005,0.237067
2,-1,1,0.75,0.75,-1,-1,0.55,0.1,0.304232,0.23298
2,-1,1,0.8,0.8,-1,-1,0.55,0.1,0.314599,0.22644
2,-1,1,0.85,0.85,-1,-1,0.55,0.1,0.326992,0.223443
2,-1,1,0.9,0.9,-1,-1,0.55,0.1,0.341171,0.221536
2,-1,1,0.95,0.95,-1,-1,0.55,0.1,0.358092,0.220174
2,-1,1,1.0,1.0,-1,-1,0.55,0.1,0.395865,0.219901
2,-1,1,0.05,0.05,-1,-1,0.6,0.1,0.057911,0.656746
2,-1,1,0.1,0.1,-1,-1,0.6,0.1,0.102239,0.507218
2,-1,1,0.15,0.15,-1,-1,0.6,0.1,0.137078,0.422029
2,-1,1,0.2,0.2,-1,-1,0.6,0.1,0.164553,0.359775
2,-1,1,0.25,0.25,-1,-1,0.6,0.1,0.192452,0.312116
2,-1,1,0.3,0.3,-1,-1,0.6,0.1,0.21412,0.284713
2,-1,1,0.35,0.35,-1,-1,0.6,0.1,0.231964,0.256416
2,-1,1,0.4,0.4,-1,-1,0.6,0.1,0.25165,0.236459
2,-1,1,0.45,0.45,-1,-1,0.6,0.1,0.267654,0.217693
2,-1,1,0.5,0.5,-1,-1,0.6,0.1,0.285922,0.206076
2,-1,1,0.55,0.55,-1,-1,0.6,0.1,0.301359,0.194163
2,-1,1,0.6,0.6,-1,-1,0.6,0.1,0.317221,0.185226
2,-1,1,0.65,0.65,-1,-1,0.6,0.1,0.332941,0.178971
2,-1,1,0.7,0.7,-1,-1,0.6,0.1,0.34512,0.171822
2,-1,1,0.75,0.75,-1,-1,0.6,0.1,0.36084,0.167354
2,-1,1,0.8,0.8,-1,-1,0.6,0.1,0.373162,0.160206
2,-1,1,0.85,0.85,-1,-1,0.6,0.1,0.387891,0.156929
2,-1,1,0.9,0.9,-1,-1,0.6,0.1,0.404744,0.154844
2,-1,1,0.95,0.95,-1,-1,0.6,0.1,0.424854,0.153355
2,-1,1,1.0,1.0,-1,-1,0.6,0.1,0.469748,0.153057
2,-1,1,0.05,0.05,-1,-1,0.65,0.1,0.066364,0.639897
2,-1,1,0.1,0.1,-1,-1,0.65,0.1,0.117636,0.48139
2,-1,1,0.15,0.15,-1,-1,0.65,0.1,0.157933,0.391086
2,-1,1,0.2,0.2,-1,-1,0.65,0.1,0.189712,0.325094
2,-1,1,0.25,0.25,-1,-1,0.65,0.1,0.221981,0.274573
2,-1,1,0.3,0.3,-1,-1,0.65,0.1,0.247044,0.245524
2,-1,1,0.35,0.35,-1,-1,0.65,0.1,0.267684,0.215529
2,-1,1,0.4,0.4,-1,-1,0.65,0.1,0.290454,0.194373
2,-1,1,0.45,0.45,-1,-1,0.65,0.1,0.308964,0.17448
2,-1,1,0.5,0.5,-1,-1,0.65,0.1,0.330095,0.162166
2,-1,1,0.55,0.55,-1,-1,0.65,0.1,0.34795,0.149537
2,-1,1,0.6,0.6,-1,-1,0.65,0.1,0.366297,0.140064
2,-1,1,0.65,0.65,-1,-1,0.65,0.1,0.384479,0.133433
2,-1,1,0.7,0.7,-1,-1,0.65,0.1,0.398567,0.125855
2,-1,1,0.75,0.75,-1,-1,0.65,0.1,0.416749,0.121119
2,-1,1,0.8,0.8,-1,-1,0.65,0.1,0.431001,0.113541
2,-1,1,0.85,0.85,-1,-1,0.65,0.1,0.448037,0.110067
2,-1,1,0.9,0.9,-1,-1,0.65,0.1,0.46753,0.107858
2,-1,1,0.95,0.95,-1,-1,0.65,0.1,0.490791,0.106279
2,-1,1,1.0,1.0,-1,-1,0.65,0.1,0.542718,0.105963
2,-1,1,0.05,0.05,-1,-1,0.7,0.1,0.07457,0.627124
2,-1,1,0.1,0.1,-1,-1,0.7,0.1,0.132584,0.461811
2,-1,1,0.15,0.15,-1,-1,0.7,0.1,0.178179,0.367629
2,-1,1,0.2,0.2,-1,-1,0.7,0.1,0.214137,0.298803
2,-1,1,0.25,0.25,-1,-1,0.7,0.1,0.25065,0.246113
2,-1,1,0.3,0.3,-1,-1,0.7,0.1,0.279008,0.215817
2,-1,1,0.35,0.35,-1,-1,0.7,0.1,0.302362,0.184533
2,-1,1,0.4,0.4,-1,-1,0.7,0.1,0.328126,0.162469
2,-1,1,0.45,0.45,-1,-1,0.7,0.1,0.34907,0.141722
2,-1,1,0.5,0.5,-1,-1,0.7,0.1,0.372979,0.128879
2,-1,1,0.55,0.55,-1,-1,0.7,0.1,0.393182,0.115707
2,-1,1,0.6,0.6,-1,-1,0.7,0.1,0.413941,0.105828
2,-1,1,0.65,0.65,-1,-1,0.7,0.1,0.434515,0.098912
2,-1,1,0.7,0.7,-1,-1,0.7,0.1,0.450454,0.091008
2,-1,1,0.75,0.75,-1,-1,0.7,0.1,0.471028,0.086069
2,-1,1,0.8,0.8,-1,-1,0.7,0.1,0.487153,0.078165
2,-1,1,0.85,0.85,-1,-1,0.7,0.1,0.506429,0.074543
2,-1,1,0.9,0.9,-1,-1,0.7,0.1,0.528486,0.072238
2,-1,1,0.95,0.95,-1,-1,0.7,0.1,0.554805,0.070591
2,-1,1,1.0,1.0,-1,-1,0.7,0.1,0.61356,0.070262
2,-1,1,0.05,0.05,-1,-1,0.75,0.1,0.080981,0.618021
2,-1,1,0.1,0.1,-1,-1,0.75,0.1,0.14426,0.447856
2,-1,1,0.15,0.15,-1,-1,0.75,0.1,0.193994,0.35091
2,-1,1,0.2,0.2,-1,-1,0.75,0.1,0.233216,0.280064
2,-1,1,0.25,0.25,-1,-1,0.75,0.1,0.273043,0.225828
2,-1,1,0.3,0.3,-1,-1,0.75,0.1,0.303976,0.194642
2,-1,1,0.35,0.35,-1,-1,0.75,0.1,0.329449,0.16244
2,-1,1,0.4,0.4,-1,-1,0.75,0.1,0.357552,0.139729
2,-1,1,0.45,0.45,-1,-1,0.75,0.1,0.380397,0.118373
2,-1,1,0.5,0.5,-1,-1,0.75,0.1,0.406477,0.105153
2,-1,1,0.55,0.55,-1,-1,0.75,0.1,0.428514,0.091595
2,-1,1,0.6,0.6,-1,-1,0.75,0.1,0.451157,0.081425
2,-1,1,0.65,0.65,-1,-1,0.75,0.1,0.473598,0.074307
2,-1,1,0.7,0.7,-1,-1,0.75,0.1,0.490985,0.066171
2,-1,1,0.75,0.75,-1,-1,0.75,0.1,0.513426,0.061087
2,-1,1,0.8,0.8,-1,-1,0.75,0.1,0.531015,0.052951
2,-1,1,0.85,0.85,-1,-1,0.75,0.1,0.552041,0.049222
2,-1,1,0.9,0.9,-1,-1,0.75,0.1,0.576099,0.04685
2,-1,1,0.95,0.95,-1,-1,0.75,0.1,0.604807,0.045155
2,-1,1,1.0,1.0,-1,-1,0.75,0.1,0.668896,0.044816
2,-1,1,0.05,0.05,-1,-1,0.8,0.1,0.087532,0.609052
2,-1,1,0.1,0.1,-1,-1,0.8,0.1,0.156193,0.434108
2,-1,1,0.15,0.15,-1,-1,0.8,0.1,0.210157,0.334439
2,-1,1,0.2,0.2,-1,-1,0.8,0.1,0.252714,0.261604
2,-1,1,0.25,0.25,-1,-1,0.8,0.1,0.295929,0.205844
2,-1,1,0.3,0.3,-1,-1,0.8,0.1,0.329492,0.173783
2,-1,1,0.35,0.35,-1,-1,0.8,0.1,0.357132,0.140677
2,-1,1,0.4,0.4,-1,-1,0.8,0.1,0.387625,0.117328
2,-1,1,0.45,0.45,-1,-1,0.8,0.1,0.412413,0.095372
2,-1,1,0.5,0.5,-1,-1,0.8,0.1,0.440711,0.08178
2,-1,1,0.55,0.55,-1,-1,0.8,0.1,0.464622,0.067841
2,-1,1,0.6,0.6,-1,-1,0.8,0.1,0.489191,0.057387
2,-1,1,0.65,0.65,-1,-1,0.8,0.1,0.513541,0.050068
2,-1,1,0.7,0.7,-1,-1,0.8,0.1,0.532406,0.041704
2,-1,1,0.75,0.75,-1,-1,0.8,0.1,0.556755,0.036477
2,-1,1,0.8,0.8,-1,-1,0.8,0.1,0.57584,0.028113
2,-1,1,0.85,0.85,-1,-1,0.8,0.1,0.598655,0.024279
2,-1,1,0.9,0.9,-1,-1,0.8,0.1,0.624759,0.02184
2,-1,1,0.95,0.95,-1,-1,0.8,0.1,0.655909,0.020098
2,-1,1,1.0,1.0,-1,-1,0.8,0.1,0.725448,0.019749
2,-1,1,0.05,0.05,-1,-1,0.85,0.1,0.092533,0.605655
2,-1,1,0.1,0.1,-1,-1,0.85,0.1,0.165303,0.428901
2,-1,1,0.15,0.15,-1,-1,0.85,0.1,0.222496,0.328201
2,-1,1,0.2,0.2,-1,-1,0.85,0.1,0.267601,0.254612
2,-1,1,0.25,0.25,-1,-1,0.85,0.1,0.313401,0.198275
2,-1,1,0.3,0.3,-1,-1,0.85,0.1,0.348973,0.165882
2,-1,1,0.35,0.35,-1,-1,0.85,0.1,0.378267,0.132433
2,-1,1,0.4,0.4,-1,-1,0.85,0.1,0.410584,0.108842
2,-1,1,0.45,0.45,-1,-1,0.85,0.1,0.436856,0.086659
2,-1,1,0.5,0.5,-1,-1,0.85,0.1,0.466847,0.072927
2,-1,1,0.55,0.55,-1,-1,0.85,0.1,0.492189,0.058844
2,-1,1,0.6,0.6,-1,-1,0.85,0.1,0.518228,0.048281
2,-1,1,0.65,0.65,-1,-1,0.85,0.1,0.544035,0.040887
2,-1,1,0.7,0.7,-1,-1,0.85,0.1,0.564029,0.032436
2,-1,1,0.75,0.75,-1,-1,0.85,0.1,0.589836,0.027155
2,-1,1,0.8,0.8,-1,-1,0.85,0.1,0.610063,0.018704
2,-1,1,0.85,0.85,-1,-1,0.85,0.1,0.634242,0.014831
2,-1,1,0.9,0.9,-1,-1,0.85,0.1,0.661909,0.012367
2,-1,1,0.95,0.95,-1,-1,0.85,0.1,0.694923,0.010606
2,-1,1,1.0,1.0,-1,-1,0.85,0.1,0.768623,0.010254
2,-1,1,0.05,0.05,-1,-1,0.9,0.1,0.097957,0.603753
2,-1,1,0.1,0.1,-1,-1,0.9,0.1,0.175183,0.425985
2,-1,1,0.15,0.15,-1,-1,0.9,0.1,0.235878,0.324707
2,-1,1,0.2,0.2,-1,-1,0.9,0.1,0.283744,0.250696
2,-1,1,0.25,0.25,-1,-1,0.9,0.1,0.332349,0.194036
2,-1,1,0.3,0.3,-1,-1,0.9,0.1,0.370099,0.161458
2,-1,1,0.35,0.35,-1,-1,0.9,0.1,0.401186,0.127817
2,-1,1,0.4,0.4,-1,-1,0.9,0.1,0.435483,0.104091
2,-1,1,0.45,0.45,-1,-1,0.9,0.1,0.463363,0.08178
2,-1,1,0.5,0.5,-1,-1,0.9,0.1,0.49519,0.06797
2,-1,1,0.55,0.55,-1,-1,0.9,0.1,0.522084,0.053806
2,-1,1,0.6,0.6,-1,-1,0.9,0.1,0.549718,0.043182
2,-1,1,0.65,0.65,-1,-1,0.9,0.1,0.577105,0.035745
2,-1,1,0.7,0.7,-1,-1,0.9,0.1,0.598323,0.027246
2,-1,1,0.75,0.75,-1,-1,0.9,0.1,0.62571,0.021935
2,-1,1,0.8,0.8,-1,-1,0.9,0.1,0.647176,0.013436
2,-1,1,0.85,0.85,-1,-1,0.9,0.1,0.672836,0.00954
2,-1,1,0.9,0.9,-1,-1,0.9,0.1,0.702196,0.007062
2,-1,1,0.95,0.95,-1,-1,0.9,0.1,0.737232,0.005291
2,-1,1,1.0,1.0,-1,-1,0.9,0.1,0.815445,0.004937
2,-1,1,0.05,0.05,-1,-1,0.95,0.1,0.10398,0.602394
2,-1,1,0.1,0.1,-1,-1,0.95,0.1,0.186153,0.423902
2,-1,1,0.15,0.15,-1,-1,0.95,0.1,0.250738,0.322212
2,-1,1,0.2,0.2,-1,-1,0.95,0.1,0.30167,0.247899
2,-1,1,0.25,0.25,-1,-1,0.95,0.1,0.353389,0.191009
2,-1,1,0.3,0.3,-1,-1,0.95,0.1,0.393558,0.158297
2,-1,1,0.35,0.35,-1,-1,0.95,0.1,0.426637,0.124519
2,-1,1,0.4,0.4,-1,-1,0.95,0.1,0.46313,0.100697
2,-1,1,0.45,0.45,-1,-1,0.95,0.1,0.492797,0.078296
2,-1,1,0.5,0.5,-1,-1,0.95,0.1,0.526664,0.064429
2,-1,1,0.55,0.55,-1,-1,0.95,0.1,0.555281,0.050207
2,-1,1,0.6,0.6,-1,-1,0.95,0.1,0.584685,0.03954
2,-1,1,0.65,0.65,-1,-1,0.95,0.1,0.613827,0.032073
2,-1,1,0.7,0.7,-1,-1,0.95,0.1,0.636404,0.023539
2,-1,1,0.75,0.75,-1,-1,0.95,0.1,0.665546,0.018206
2,-1,1,0.8,0.8,-1,-1,0.95,0.1,0.688387,0.009672
2,-1,1,0.85,0.85,-1,-1,0.95,0.1,0.715691,0.005761
2,-1,1,0.9,0.9,-1,-1,0.95,0.1,0.746933,0.003273
2,-1,1,0.95,0.95,-1,-1,0.95,0.1,0.784213,0.001495
2,-1,1,1.0,1.0,-1,-1,0.95,0.1,0.867437,0.001139
2,-1,1,0.05,0.05,-1,-1,1.0,0.1,0.119336,0.601987
2,-1,1,0.1,0.1,-1,-1,1.0,0.1,0.214125,0.423278
2,-1,1,0.15,0.15,-1,-1,1.0,0.1,0.288624,0.321463
2,-1,1,0.2,0.2,-1,-1,1.0,0.1,0.347376,0.247061
2,-1,1,0.25,0.25,-1,-1,1.0,0.1,0.407035,0.190101
2,-1,1,0.3,0.3,-1,-1,1.0,0.1,0.45337,0.157349
2,-1,1,0.35,0.35,-1,-1,1.0,0.1,0.491528,0.12353
2,-1,1,0.4,0.4,-1,-1,1.0,0.1,0.533624,0.099679
2,-1,1,0.45,0.45,-1,-1,1.0,0.1,0.567845,0.07725
2,-1,1,0.5,0.5,-1,-1,1.0,0.1,0.606911,0.063367
2,-1,1,0.55,0.55,-1,-1,1.0,0.1,0.639921,0.049128
2,-1,1,0.6,0.6,-1,-1,1.0,0.1,0.673839,0.038448
2,-1,1,0.65,0.65,-1,-1,1.0,0.1,0.707455,0.030971
2,-1,1,0.7,0.7,-1,-1,1.0,0.1,0.733499,0.022428
2,-1,1,0.75,0.75,-1,-1,1.0,0.1,0.767114,0.017088
2,-1,1,0.8,0.8,-1,-1,1.0,0.1,0.793462,0.008544
2,-1,1,0.85,0.85,-1,-1,1.0,0.1,0.824958,0.004628
2,-1,1,0.9,0.9,-1,-1,1.0,0.1,0.860996,0.002136
2,-1,1,0.95,0.95,-1,-1,1.0,0.1,0.903999,0.000356
2,-1,1,1.0,1.0,-1,-1,1.0,0.1,1.0,0.0
2,-1,1,0.05,0.05,-1,-1,0.15,0.15,0.013074,0.881124
2,-1,1,0.1,0.1,-1,-1,0.15,0.15,0.013074,0.881124
2,-1,1,0.15,0.15,-1,-1,0.15,0.15,0.013074,0.881124
2,-1,1,0.2,0.2,-1,-1,0.15,0.15,0.013074,0.881124
2,-1,1,0.25,0.25,-1,-1,0.15,0.15,0.013074,0.881124
2,-1,1,0.3,0.3,-1,-1,0.15,0.15,0.013074,0.881124
2,-1,1,0.35,0.35,-1,-1,0.15,0.15,0.013074,0.881124
2,-1,1,0.4,0.4,-1,-1,0.15,0.15,0.013074,0.881124
2,-1,1,0.45,0.45,-1,-1,0.15,0.15,0.013074,0.881124
2,-1,1,0.5,0.5,-1,-1,0.15,0.15,0.013074,0.881124
2,-1,1,0.55,0.55,-1,-1,0.15,0.15,0.013074,0.881124
2,-1,1,0.6,0.6,-1,-1,0.15,0.15,0.013074,0.881124
2,-1,1,0.65,0.65,-1,-1,0.15,0.15,0.013074,0.881124
2,-1,1,0.7,0.7,-1,-1,0.15,0.15,0.013074,0.881124
2,-1,1,0.75,0.75,-1,-1,0.15,0.15,0.013074,0.881124
2,-1,1,0.8,0.8,-1,-1,0.15,0.15,0.013074,0.881124
2,-1,1,0.85,0.85,-1,-1,0.15,0.15,0.013074,0.881124
2,-1,1,0.9,0.9,-1,-1,0.15,0.15,0.013074,0.881124
2,-1,1,0.95,0.95,-1,-1,0.15,0.15,0.013074,0.881124
2,-1,1,1.0,1.0,-1,-1,0.15,0.15,0.013074,0.881124
2,-1,1,0.05,0.05,-1,-1,0.2,0.15,0.014589,0.859791
2,-1,1,0.1,0.1,-1,-1,0.2,0.15,0.015833,0.848423
2,-1,1,0.15,0.15,-1,-1,0.2,0.15,0.016811,0.841946
2,-1,1,0.2,0.2,-1,-1,0.2,0.15,0.017582,0.837213
2,-1,1,0.25,0.25,-1,-1,0.2,0.15,0.018365,0.833589
2,-1,1,0.3,0.3,-1,-1,0.2,0.15,0.018973,0.831506
2,-1,1,0.35,0.35,-1,-1,0.2,0.15,0.019474,0.829354
2,-1,1,0.4,0.4,-1,-1,0.2,0.15,0.020026,0.827837
2,-1,1,0.45,0.45,-1,-1,0.2,0.15,0.020476,0.82641
2,-1,1,0.5,0.5,-1,-1,0.2,0.15,0.020988,0.825527
2,-1,1,0.55,0.55,-1,-1,0.2,0.15,0.021422,0.824621
2,-1,1,0.6,0.6,-1,-1,0.2,0.15,0.021867,0.823942
2,-1,1,0.65,0.65,-1,-1,0.2,0.15,0.022308,0.823466
2,-1,1,0.7,0.7,-1,-1,0.2,0.15,0.02265,0.822923
2,-1,1,0.75,0.75,-1,-1,0.2,0.15,0.023091,0.822583
2,-1,1,0.8,0.8,-1,-1,0.2,0.15,0.023437,0.82204
2,-1,1,0.85,0.85,-1,-1,0.2,0.15,0.02385,0.82179
2,-1,1,0.9,0.9,-1,-1,0.2,0.15,0.024323,0.821632
2,-1,1,0.95,0.95,-1,-1,0.2,0.15,0.024888,0.821519
2,-1,1,1.0,1.0,-1,-1,0.2,0.15,0.026148,0.821496
2,-1,1,0.05,0.05,-1,-1,0.25,0.15,0.016561,0.834926
2,-1,1,0.1,0.1,-1,-1,0.25,0.15,0.019425,0.810306
2,-1,1,0.15,0.15,-1,-1,0.25,0.15,0.021677,0.79628
2,-1,1,0.2,0.2,-1,-1,0.25,0.15,0.023452,0.78603
2,-1,1,0.25,0.25,-1,-1,0.25,0.15,0.025255,0.778183
2,-1,1,0.3,0.3,-1,-1,0.25,0.15,0.026655,0.773671
2,-1,1,0.35,0.35,-1,-1,0.25,0.15,0.027808,0.769012
2,-1,1,0.4,0.4,-1,-1,0.25,0.15,0.02908,0.765726
2,-1,1,0.45,0.45,-1,-1,0.25,0.15,0.030115,0.762636
2,-1,1,0.5,0.5,-1,-1,0.25,0.15,0.031295,0.760724
2,-1,1,0.55,0.55,-1,-1,0.25,0.15,0.032293,0.758762
2,-1,1,0.6,0.6,-1,-1,0.25,0.15,0.033318,0.757291
2,-1,1,0.65,0.65,-1,-1,0.25,0.15,0.034333,0.756261
2,-1,1,0.7,0.7,-1,-1,0.25,0.15,0.03512,0.755084
2,-1,1,0.75,0.75,-1,-1,0.25,0.15,0.036136,0.754348
2,-1,1,0.8,0.8,-1,-1,0.25,0.15,0.036933,0.753171
2,-1,1,0.85,0.85,-1,-1,0.25,0.15,0.037884,0.752632
2,-1,1,0.9,0.9,-1,-1,0.25,0.15,0.038973,0.752288
2,-1,1,0.95,0.95,-1,-1,0.25,0.15,0.040273,0.752043
2,-1,1,1.0,1.0,-1,-1,0.25,0.15,0.043174,0.751994
2,-1,1,0.05,0.05,-1,-1,0.3,0.15,0.019836,0.80544
2,-1,1,0.1,0.1,-1,-1,0.3,0.15,0.025392,0.765107
2,-1,1,0.15,0.15,-1,-1,0.3,0.15,0.029758,0.742129
2,-1,1,0.2,0.2,-1,-1,0.3,0.15,0.033201,0.725337
2,-1,1,0.25,0.25,-1,-1,0.3,0.15,0.036698,0.712482
2,-1,1,0.3,0.3,-1,-1,0.3,0.15,0.039413,0.70509
2,-1,1,0.35,0.35,-1,-1,0.3,0.15,0.04165,0.697457
2,-1,1,0.4,0.4,-1,-1,0.3,0.15,0.044117,0.692074
2,-1,1,0.45,0.45,-1,-1,0.3,0.15,0.046122,0.687013
2,-1,1,0.5,0.5,-1,-1,0.3,0.15,0.048412,0.683879
2,-1,1,0.55,0.55,-1,-1,0.3,0.15,0.050347,0.680666
2,-1,1,0.6,0.6,-1,-1,0.3,0.15,0.052334,0.678255
2,-1,1,0.65,0.65,-1,-1,0.3,0.15,0.054305,0.676568
2,-1,1,0.7,0.7,-1,-1,0.3,0.15,0.055831,0.67464
2,-1,1,0.75,0.75,-1,-1,0.3,0.15,0.057801,0.673434
2,-1,1,0.8,0.8,-1,-1,0.3,0.15,0.059345,0.671506
2,-1,1,0.85,0.85,-1,-1,0.3,0.15,0.061191,0.670622
2,-1,1,0.9,0.9,-1,-1,0.3,0.15,0.063303,0.67006
2,-1,1,0.95,0.95,-1,-1,0.3,0.15,0.065824,0.669658
2,-1,1,1.0,1.0,-1,-1,0.3,0.15,0.07145,0.669578
2,-1,1,0.05,0.05,-1,-1,0.35,0.15,0.024028,0.777313
2,-1,1,0.1,0.1,-1,-1,0.35,0.15,0.033026,0.721992
2,-1,1,0.15,0.15,-1,-1,0.35,0.15,0.040098,0.690474
2,-1,1,0.2,0.2,-1,-1,0.35,0.15,0.045676,0.667442
2,-1,1,0.25,0.25,-1,-1,0.35,0.15,0.05134,0.649809
2,-1,1,0.3,0.3,-1,-1,0.35,0.15,0.055738,0.63967
2,-1,1,0.35,0.35,-1,-1,0.35,0.15,0.059361,0.629201
2,-1,1,0.4,0.4,-1,-1,0.35,0.15,0.063357,0.621818
2,-1,1,0.45,0.45,-1,-1,0.35,0.15,0.066606,0.614875
2,-1,1,0.5,0.5,-1,-1,0.35,0.15,0.070314,0.610577
2,-1,1,0.55,0.55,-1,-1,0.35,0.15,0.073448,0.606169
2,-1,1,0.6,0.6,-1,-1,0.35,0.15,0.076668,0.602863
2,-1,1,0.65,0.65,-1,-1,0.35,0.15,0.079859,0.600549
2,-1,1,0.7,0.7,-1,-1,0.35,0.15,0.082331,0.597904
2,-1,1,0.75,0.75,-1,-1,0.35,0.15,0.085523,0.596251
2,-1,1,0.8,0.8,-1,-1,0.35,0.15,0.088024,0.593606
2,-1,1,0.85,0.85,-1,-1,0.35,0.15,0.091014,0.592394
2,-1,1,0.9,0.9,-1,-1,0.35,0.15,0.094435,0.591622
2,-1,1,0.95,0.95,-1,-1,0.35,0.15,0.098517,0.591071
2,-1,1,1.0,1.0,-1,-1,0.35,0.15,0.107631,0.590961
2,-1,1,0.05,0.05,-1,-1,0.4,0.15,0.029205,0.750002
2,-1,1,0.1,0.1,-1,-1,0.4,0.15,0.042457,0.680126
2,-1,1,0.15,0.15,-1,-1,0.4,0.15,0.052872,0.640316
2,-1,1,0.2,0.2,-1,-1,0.4,0.15,0.061086,0.611224
2,-1,1,0.25,0.25,-1,-1,0.4,0.15,0.069427,0.588952
2,-1,1,0.3,0.3,-1,-1,0.4,0.15,0.075905,0.576146
2,-1,1,0.35,0.35,-1,-1,0.4,0.15,0.081239,0.562923
2,-1,1,0.4,0.4,-1,-1,0.4,0.15,0.087124,0.553597
2,-1,1,0.45,0.45,-1,-1,0.4,0.15,0.091909,0.544827
2,-1,1,0.5,0.5,-1,-1,0.4,0.15,0.09737,0.539399
2,-1,1,0.55,0.55,-1,-1,0.4,0.15,0.101985,0.533831
2,-1,1,0.6,0.6,-1,-1,0.4,0.15,0.106727,0.529655
2,-1,1,0.65,0.65,-1,-1,0.4,0.15,0.111427,0.526732
2,-1,1,0.7,0.7,-1,-1,0.4,0.15,0.115068,0.523391
2,-1,1,0.75,0.75,-1,-1,0.4,0.15,0.119767,0.521303
2,-1,1,0.8,0.8,-1,-1,0.4,0.15,0.123451,0.517963
2,-1,1,0.85,0.85,-1,-1,0.4,0.15,0.127854,0.516431
2,-1,1,0.9,0.9,-1,-1,0.4,0.15,0.132893,0.515457
2,-1,1,0.95,0.95,-1,-1,0.4,0.15,0.138905,0.514761
2,-1,1,1.0,1.0,-1,-1,0.4,0.15,0.152326,0.514622
2,-1,1,0.05,0.05,-1,-1,0.45,0.15,0.035791,0.719158
2,-1,1,0.1,0.1,-1,-1,0.45,0.15,0.054454,0.632844
2,-1,1,0.15,0.15,-1,-1,0.45,0.15,0.069122,0.58367
2,-1,1,0.2,0.2,-1,-1,0.45,0.15,0.080689,0.547735
2,-1,1,0.25,0.25,-1,-1,0.45,0.15,0.092435,0.520224
2,-1,1,0.3,0.3,-1,-1,0.45,0.15,0.101558,0.504406
2,-1,1,0.35,0.35,-1,-1,0.45,0.15,0.109071,0.488072
2,-1,1,0.4,0.4,-1,-1,0.45,0.15,0.117359,0.476552
2,-1,1,0.45,0.45,-1,-1,0.45,0.15,0.124097,0.46572
2,-1,1,0.5,0.5,-1,-1,0.45,0.15,0.131788,0.459014
2,-1,1,0.55,0.55,-1,-1,0.45,0.15,0.138287,0.452137
2,-1,1,0.6,0.6,-1,-1,0.45,0.15,0.144965,0.446978
2,-1,1,0.65,0.65,-1,-1,0.45,0.15,0.151584,0.443368
2,-1,1,0.7,0.7,-1,-1,0.45,0.15,0.156712,0.439241
2,-1,1,0.75,0.75,-1,-1,0.45,0.15,0.16333,0.436662
2,-1,1,0.8,0.8,-1,-1,0.45,0.15,0.168517,0.432535
2,-1,1,0.85,0.85,-1,-1,0.45,0.15,0.174719,0.430644
2,-1,1,0.9,0.9,-1,-1,0.45,0.15,0.181814,0.429441
2,-1,1,0.95,0.95,-1,-1,0.45,0.15,0.190281,0.428581
2,-1,1,1.0,1.0,-1,-1,0.45,0.15,0.209182,0.428409
2,-1,1,0.05,0.05,-1,-1,0.5,0.15,0.048823,0.675269
2,-1,1,0.1,0.1,-1,-1,0.5,0.15,0.078191,0.565567
2,-1,1,0.15,0.15,-1,-1,0.5,0.15,0.101273,0.503068
2,-1,1,0.2,0.2,-1,-1,0.5,0.15,0.119476,0.457395
2,-1,1,0.25,0.25,-1,-1,0.5,0.15,0.13796,0.42243
2,-1,1,0.3,0.3,-1,-1,0.5,0.15,0.152316,0.402325
2,-1,1,0.35,0.35,-1,-1,0.5,0.15,0.164139,0.381565
2,-1,1,0.4,0.4,-1,-1,0.5,0.15,0.177181,0.366924
2,-1,1,0.45,0.45,-1,-1,0.5,0.15,0.187784,0.353156
2,-1,1,0.5,0.5,-1,-1,0.5,0.15,0.199888,0.344633
2,-1,1,0.55,0.55,-1,-1,0.5,0.15,0.210115,0.335892
2,-1,1,0.6,0.6,-1,-1,0.5,0.15,0.220624,0.329336
2,-1,1,0.65,0.65,-1,-1,0.5,0.15,0.231039,0.324747
2,-1,1,0.7,0.7,-1,-1,0.5,0.15,0.239108,0.319502
2,-1,1,0.75,0.75,-1,-1,0.5,0.15,0.249523,0.316224
2,-1,1,0.8,0.8,-1,-1,0.5,0.15,0.257686,0.31098
2,-1,1,0.85,0.85,-1,-1,0.5,0.15,0.267445,0.308576
2,-1,1,0.9,0.9,-1,-1,0.5,0.15,0.27861,0.307046
2,-1,1,0.95,0.95,-1,-1,0.5,0.15,0.291934,0.305954
2,-1,1,1.0,1.0,-1,-1,0.5,0.15,0.321678,0.305735
2,-1,1,0.05,0.05,-1,-1,0.55,0.15,0.057417,0.64456
2,-1,1,0.1,0.1,-1,-1,0.55,0.15,0.093845,0.518493
2,-1,1,0.15,0.15,-1,-1,0.55,0.15,0.122476,0.446671
2,-1,1,0.2,0.2,-1,-1,0.55,0.15,0.145055,0.394185
2,-1,1,0.25,0.25,-1,-1,0.55,0.15,0.167983,0.354004
2,-1,1,0.3,0.3,-1,-1,0.55,0.15,0.18579,0.3309
2,-1,1,0.35,0.35,-1,-1,0.55,0.15,0.200454,0.307043
2,-1,1,0.4,0.4,-1,-1,0.55,0.15,0.216632,0.290217
2,-1,1,0.45,0.45,-1,-1,0.55,0.15,0.229783,0.274396
2,-1,1,0.5,0.5,-1,-1,0.55,0.15,0.244797,0.264602
2,-1,1,0.55,0.55,-1,-1,0.55,0.15,0.257483,0.254557
2,-1,1,0.6,0.6,-1,-1,0.55,0.15,0.270518,0.247023
2,-1,1,0.65,0.65,-1,-1,0.55,0.15,0.283437,0.241749
2,-1,1,0.7,0.7,-1,-1,0.55,0.15,0.293446,0.235722
2,-1,1,0.75,0.75,-1,-1,0.55,0.15,0.306365,0.231955
2,-1,1,0.8,0.8,-1,-1,0.55,0.15,0.31649,0.225928
2,-1,1,0.85,0.85,-1,-1,0.55,0.15,0.328594,0.223165
2,-1,1,0.9,0.9,-1,-1,0.55,0.15,0.342444,0.221408
2,-1,1,0.95,0.95,-1,-1,0.55,0.15,0.358971,0.220152
2,-1,1,1.0,1.0,-1,-1,0.55,0.15,0.395865,0.219901
2,-1,1,0.05,0.05,-1,-1,0.6,0.15,0.065976,0.620646
2,-1,1,0.1,0.1,-1,-1,0.6,0.15,0.109435,0.481835
2,-1,1,0.15,0.15,-1,-1,0.6,0.15,0.143592,0.402751
2,-1,1,0.2,0.2,-1,-1,0.6,0.15,0.170529,0.344959
2,-1,1,0.25,0.25,-1,-1,0.6,0.15,0.197882,0.300716
2,-1,1,0.3,0.3,-1,-1,0.6,0.15,0.219126,0.275277
2,-1,1,0.35,0.35,-1,-1,0.6,0.15,0.23662,0.249008
2,-1,1,0.4,0.4,-1,-1,0.6,0.15,0.255921,0.230482
2,-1,1,0.45,0.45,-1,-1,0.6,0.15,0.271611,0.213061
2,-1,1,0.5,0.5,-1,-1,0.6,0.15,0.289522,0.202277
2,-1,1,0.55,0.55,-1,-1,0.6,0.15,0.304657,0.191216
2,-1,1,0.6,0.6,-1,-1,0.6,0.15,0.320208,0.182921
2,-1,1,0.65,0.65,-1,-1,0.6,0.15,0.33562,0.177114
2,-1,1,0.7,0.7,-1,-1,0.6,0.15,0.347561,0.170477
2,-1,1,0.75,0.75,-1,-1,0.6,0.15,0.362973,0.16633
2,-1,1,0.8,0.8,-1,-1,0.6,0.15,0.375053,0.159693
2,-1,1,0.85,0.85,-1,-1,0.6,0.15,0.389493,0.156651
2,-1,1,0.9,0.9,-1,-1,0.6,0.15,0.406016,0.154716
2,-1,1,0.95,0.95,-1,-1,0.6,0.15,0.425733,0.153334
2,-1,1,1.0,1.0,-1,-1,0.6,0.15,0.469748,0.153057
2,-1,1,0.05,0.05,-1,-1,0.65,0.15,0.074428,0.603797
2,-1,1,0.1,0.1,-1,-1,0.65,0.15,0.124832,0.456007
2,-1,1,0.15,0.15,-1,-1,0.65,0.15,0.164447,0.371808
2,-1,1,0.2,0.2,-1,-1,0.65,0.15,0.195688,0.310278
2,-1,1,0.25,0.25,-1,-1,0.65,0.15,0.227411,0.263173
2,-1,1,0.3,0.3,-1,-1,0.65,0.15,0.25205,0.236089
2,-1,1,0.35,0.35,-1,-1,0.65,0.15,0.27234,0.208121
2,-1,1,0.4,0.4,-1,-1,0.65,0.15,0.294724,0.188396
2,-1,1,0.45,0.45,-1,-1,0.65,0.15,0.312921,0.169848
2,-1,1,0.5,0.5,-1,-1,0.65,0.15,0.333695,0.158366
2,-1,1,0.55,0.55,-1,-1,0.65,0.15,0.351247,0.146591
2,-1,1,0.6,0.6,-1,-1,0.65,0.15,0.369283,0.137759
2,-1,1,0.65,0.65,-1,-1,0.65,0.15,0.387158,0.131576
2,-1,1,0.7,0.7,-1,-1,0.65,0.15,0.401007,0.12451
2,-1,1,0.75,0.75,-1,-1,0.65,0.15,0.418882,0.120094
2,-1,1,0.8,0.8,-1,-1,0.65,0.15,0.432892,0.113029
2,-1,1,0.85,0.85,-1,-1,0.65,0.15,0.44964,0.10979
2,-1,1,0.9,0.9,-1,-1,0.65,0.15,0.468803,0.10773
2,-1,1,0.95,0.95,-1,-1,0.65,0.15,0.49167,0.106258
2,-1,1,1.0,1.0,-1,-1,0.65,0.15,0.542718,0.105963
2,-1,1,0.05,0.05,-1,-1,0.7,0.15,0.082635,0.591024
2,-1,1,0.1,0.1,-1,-1,0.7,0.15,0.13978,0.436428
2,-1,1,0.15,0.15,-1,-1,0.7,0.15,0.184693,0.348351
2,-1,1,0.2,0.2,-1,-1,0.7,0.15,0.220113,0.283987
2,-1,1,0.25,0.25,-1,-1,0.7,0.15,0.25608,0.234713
2,-1,1,0.3,0.3,-1,-1,0.7,0.15,0.284014,0.206381
2,-1,1,0.35,0.35,-1,-1,0.7,0.15,0.307018,0.177125
2,-1,1,0.4,0.4,-1,-1,0.7,0.15,0.332396,0.156491
2,-1,1,0.45,0.45,-1,-1,0.7,0.15,0.353027,0.137089
2,-1,1,0.5,0.5,-1,-1,0.7,0.15,0.376579,0.125079
2,-1,1,0.55,0.55,-1,-1,0.7,0.15,0.39648,0.112761
2,-1,1,0.6,0.6,-1,-1,0.7,0.15,0.416928,0.103522
2,-1,1,0.65,0.65,-1,-1,0.7,0.15,0.437194,0.097055
2,-1,1,0.7,0.7,-1,-1,0.7,0.15,0.452895,0.089663
2,-1,1,0.75,0.75,-1,-1,0.7,0.15,0.47316,0.085044
2,-1,1,0.8,0.8,-1,-1,0.7,0.15,0.489044,0.077653
2,-1,1,0.85,0.85,-1,-1,0.7,0.15,0.508032,0.074265
2,-1,1,0.9,0.9,-1,-1,0.7,0.15,0.529759,0.07211
2,-1,1,0.95,0.95,-1,-1,0.7,0.15,0.555684,0.07057
2,-1,1,1.0,1.0,-1,-1,0.7,0.15,0.61356,0.070262
2,-1,1,0.05,0.05,-1,-1,0.75,0.15,0.089045,0.581921
2,-1,1,0.1,0.1,-1,-1,0.75,0.15,0.151456,0.422473
2,-1,1,0.15,0.15,-1,-1,0.75,0.15,0.200509,0.331632
2,-1,1,0.2,0.2,-1,-1,0.75,0.15,0.239192,0.265248
2,-1,1,0.25,0.25,-1,-1,0.75,0.15,0.278473,0.214428
2,-1,1,0.3,0.3,-1,-1,0.75,0.15,0.308982,0.185206
2,-1,1,0.35,0.35,-1,-1,0.75,0.15,0.334105,0.155032
2,-1,1,0.4,0.4,-1,-1,0.75,0.15,0.361822,0.133752
2,-1,1,0.45,0.45,-1,-1,0.75,0.15,0.384355,0.11374
2,-1,1,0.5,0.5,-1,-1,0.75,0.15,0.410077,0.101353
2,-1,1,0.55,0.55,-1,-1,0.75,0.15,0.431811,0.088649
2,-1,1,0.6,0.6,-1,-1,0.75,0.15,0.454144,0.07912
2,-1,1,0.65,0.65,-1,-1,0.75,0.15,0.476277,0.072449
2,-1,1,0.7,0.7,-1,-1,0.75,0.15,0.493425,0.064826
2,-1,1,0.75,0.75,-1,-1,0.75,0.15,0.515558,0.060062
2,-1,1,0.8,0.8,-1,-1,0.75,0.15,0.532906,0.052439
2,-1,1,0.85,0.85,-1,-1,0.75,0.15,0.553644,0.048945
2,-1,1,0.9,0.9,-1,-1,0.75,0.15,0.577372,0.046722
2,-1,1,0.95,0.95,-1,-1,0.75,0.15,0.605687,0.045134
2,-1,1,1.0,1.0,-1,-1,0.75,0.15,0.668896,0.044816
2,-1,1,0.05,0.05,-1,-1,0.8,0.15,0.095596,0.572952
2,-1,1,0.1,0.1,-1,-1,0.8,0.15,0.163389,0.408725
2,-1,1,0.15,0.15,-1,-1,0.8,0.15,0.216671,0.315162
2,-1,1,0.2,0.2,-1,-1,0.8,0.15,0.258691,0.246788
2,-1,1,0.25,0.25,-1,-1,0.8,0.15,0.301359,0.194444
2,-1,1,0.3,0.3,-1,-1,0.8,0.15,0.334498,0.164347
2,-1,1,0.35,0.35,-1,-1,0.8,0.15,0.361788,0.133269
2,-1,1,0.4,0.4,-1,-1,0.8,0.15,0.391895,0.11135
2,-1,1,0.45,0.45,-1,-1,0.8,0.15,0.41637,0.090739
2,-1,1,0.5,0.5,-1,-1,0.8,0.15,0.44431,0.077981
2,-1,1,0.55,0.55,-1,-1,0.8,0.15,0.467919,0.064895
2,-1,1,0.6,0.6,-1,-1,0.8,0.15,0.492178,0.055081
2,-1,1,0.65,0.65,-1,-1,0.8,0.15,0.516219,0.048211
2,-1,1,0.7,0.7,-1,-1,0.8,0.15,0.534846,0.040359
2,-1,1,0.75,0.75,-1,-1,0.8,0.15,0.558888,0.035452
2,-1,1,0.8,0.8,-1,-1,0.8,0.15,0.577732,0.0276
2,-1,1,0.85,0.85,-1,-1,0.8,0.15,0.600258,0.024002
2,-1,1,0.9,0.9,-1,-1,0.8,0.15,0.626032,0.021712
2,-1,1,0.95,0.95,-1,-1,0.8,0.15,0.656788,0.020076
2,-1,1,1.0,1.0,-1,-1,0.8,0.15,0.725448,0.019749
2,-1,1,0.05,0.05,-1,-1,0.85,0.15,0.100598,0.569555
2,-1,1,0.1,0.1,-1,-1,0.85,0.15,0.172499,0.403518
2,-1,1,0.15,0.15,-1,-1,0.85,0.15,0.229011,0.308923
2,-1,1,0.2,0.2,-1,-1,0.85,0.15,0.273577,0.239796
2,-1,1,0.25,0.25,-1,-1,0.85,0.15,0.318831,0.186875
2,-1,1,0.3,0.3,-1,-1,0.85,0.15,0.353978,0.156446
2,-1,1,0.35,0.35,-1,-1,0.85,0.15,0.382923,0.125025
2,-1,1,0.4,0.4,-1,-1,0.85,0.15,0.414855,0.102865
2,-1,1,0.45,0.45,-1,-1,0.85,0.15,0.440813,0.082027
2,-1,1,0.5,0.5,-1,-1,0.85,0.15,0.470446,0.069127
2,-1,1,0.55,0.55,-1,-1,0.85,0.15,0.495486,0.055898
2,-1,1,0.6,0.6,-1,-1,0.85,0.15,0.521215,0.045975
2,-1,1,0.65,0.65,-1,-1,0.85,0.15,0.546714,0.039029
2,-1,1,0.7,0.7,-1,-1,0.85,0.15,0.566469,0.031091
2,-1,1,0.75,0.75,-1,-1,0.85,0.15,0.591968,0.02613
2,-1,1,0.8,0.8,-1,-1,0.85,0.15,0.611954,0.018192
2,-1,1,0.85,0.85,-1,-1,0.85,0.15,0.635845,0.014553
2,-1,1,0.9,0.9,-1,-1,0.85,0.15,0.663182,0.012239
2,-1,1,0.95,0.95,-1,-1,0.85,0.15,0.695802,0.010585
2,-1,1,1.0,1.0,-1,-1,0.85,0.15,0.768623,0.010254
2,-1,1,0.05,0.05,-1,-1,0.9,0.15,0.106021,0.567653
2,-1,1,0.1,0.1,-1,-1,0.9,0.15,0.182379,0.400602
2,-1,1,0.15,0.15,-1,-1,0.9,0.15,0.242392,0.30543
2,-1,1,0.2,0.2,-1,-1,0.9,0.15,0.28972,0.235881
2,-1,1,0.25,0.25,-1,-1,0.9,0.15,0.337779,0.182636
2,-1,1,0.3,0.3,-1,-1,0.9,0.15,0.375105,0.152022
2,-1,1,0.35,0.35,-1,-1,0.9,0.15,0.405843,0.120409
2,-1,1,0.4,0.4,-1,-1,0.9,0.15,0.439753,0.098113
2,-1,1,0.45,0.45,-1,-1,0.9,0.15,0.46732,0.077148
2,-1,1,0.5,0.5,-1,-1,0.9,0.15,0.49879,0.06417
2,-1,1,0.55,0.55,-1,-1,0.9,0.15,0.525381,0.05086
2,-1,1,0.6,0.6,-1,-1,0.9,0.15,0.552705,0.040876
2,-1,1,0.65,0.65,-1,-1,0.9,0.15,0.579784,0.033888
2,-1,1,0.7,0.7,-1,-1,0.9,0.15,0.600763,0.025902
2,-1,1,0.75,0.75,-1,-1,0.9,0.15,0.627843,0.02091
2,-1,1,0.8,0.8,-1,-1,0.9,0.15,0.649067,0.012923
2,-1,1,0.85,0.85,-1,-1,0.9,0.15,0.674439,0.009263
2,-1,1,0.9,0.9,-1,-1,0.9,0.15,0.703469,0.006934
2,-1,1,0.95,0.95,-1,-1,0.9,0.15,0.738111,0.00527
2,-1,1,1.0,1.0,-1,-1,0.9,0.15,0.815445,0.004937
2,-1,1,0.05,0.05,-1,-1,0.95,0.15,0.112044,0.566294
2,-1,1,0.1,0.1,-1,-1,0.95,0.15,0.19335,0.398519
2,-1,1,0.15,0.15,-1,-1,0.95,0.15,0.257252,0.302934
2,-1,1,0.2,0.2,-1,-1,0.95,0.15,0.307646,0.233084
2,-1,1,0.25,0.25,-1,-1,0.95,0.15,0.358819,0.179609
2,-1,1,0.3,0.3,-1,-1,0.95,0.15,0.398563,0.148861
2,-1,1,0.35,0.35,-1,-1,0.95,0.15,0.431293,0.117111
2,-1,1,0.4,0.4,-1,-1,0.95,0.15,0.467401,0.094719
2,-1,1,0.45,0.45,-1,-1,0.95,0.15,0.496755,0.073663
2,-1,1,0.5,0.5,-1,-1,0.95,0.15,0.530263,0.060629
2,-1,1,0.55,0.55,-1,-1,0.95,0.15,0.558578,0.047261
2,-1,1,0.6,0.6,-1,-1,0.95,0.15,0.587672,0.037234
2,-1,1,0.65,0.65,-1,-1,0.95,0.15,0.616505,0.030215
2,-1,1,0.7,0.7,-1,-1,0.95,0.15,0.638844,0.022194
2,-1,1,0.75,0.75,-1,-1,0.95,0.15,0.667678,0.017181
2,-1,1,0.8,0.8,-1,-1,0.95,0.15,0.690278,0.00916
2,-1,1,0.85,0.85,-1,-1,0.95,0.15,0.717294,0.005483
2,-1,1,0.9,0.9,-1,-1,0.95,0.15,0.748206,0.003144
2,-1,1,0.95,0.95,-1,-1,0.95,0.15,0.785092,0.001473
2,-1,1,1.0,1.0,-1,-1,0.95,0.15,0.867437,0.001139
2,-1,1,0.05,0.05,-1,-1,1.0,0.15,0.1274,0.565887
2,-1,1,0.1,0.1,-1,-1,1.0,0.15,0.221321,0.397894
2,-1,1,0.15,0.15,-1,-1,1.0,0.15,0.295138,0.302186
2,-1,1,0.2,0.2,-1,-1,1.0,0.15,0.353352,0.232245
2,-1,1,0.25,0.25,-1,-1,1.0,0.15,0.412465,0.178701
2,-1,1,0.3,0.3,-1,-1,1.0,0.15,0.458376,0.147913
2,-1,1,0.35,0.35,-1,-1,1.0,0.15,0.496184,0.116122
2,-1,1,0.4,0.4,-1,-1,1.0,0.15,0.537895,0.093701
2,-1,1,0.45,0.45,-1,-1,1.0,0.15,0.571802,0.072618
2,-1,1,0.5,0.5,-1,-1,1.0,0.15,0.610511,0.059567
2,-1,1,0.55,0.55,-1,-1,1.0,0.15,0.643218,0.046181
2,-1,1,0.6,0.6,-1,-1,1.0,0.15,0.676826,0.036142
2,-1,1,0.65,0.65,-1,-1,1.0,0.15,0.710134,0.029114
2,-1,1,0.7,0.7,-1,-1,1.0,0.15,0.735939,0.021083
2,-1,1,0.75,0.75,-1,-1,1.0,0.15,0.769247,0.016063
2,-1,1,0.8,0.8,-1,-1,1.0,0.15,0.795353,0.008031
2,-1,1,0.85,0.85,-1,-1,1.0,0.15,0.826561,0.00435
2,-1,1,0.9,0.9,-1,-1,1.0,0.15,0.862269,0.002008
2,-1,1,0.95,0.95,-1,-1,1.0,0.15,0.904878,0.000335
2,-1,1,1.0,1.0,-1,-1,1.0,0.15,1.0,0.0
2,-1,1,0.05,0.05,-1,-1,0.2,0.2,0.026148,0.821496
2,-1,1,0.1,0.1,-1,-1,0.2,0.2,0.026148,0.821496
2,-1,1,0.15,0.15,-1,-1,0.2,0.2,0.026148,0.821496
2,-1,1,0.2,0.2,-1,-1,0.2,0.2,0.026148,0.821496
2,-1,1,0.25,0.25,-1,-1,0.2,0.2,0.026148,0.821496
2,-1,1,0.3,0.3,-1,-1,0.2,0.2,0.026148,0.821496
2,-1,1,0.35,0.35,-1,-1,0.2,0.2,0.026148,0.821496
2,-1,1,0.4,0.4,-1,-1,0.2,0.2,0.026148,0.821496
2,-1,1,0.45,0.45,-1,-1,0.2,0.2,0.026148,0.821496
2,-1,1,0.5,0.5,-1,-1,0.2,0.2,0.026148,0.821496
2,-1,1,0.55,0.55,-1,-1,0.2,0.2,0.026148,0.821496
2,-1,1,0.6,0.6,-1,-1,0.2,0.2,0.026148,0.821496
2,-1,1,0.65,0.65,-1,-1,0.2,0.2,0.026148,0.821496
2,-1,1,0.7,0.7,-1,-1,0.2,0.2,0.026148,0.821496
2,-1,1,0.75,0.75,-1,-1,0.2,0.2,0.026148,0.821496
2,-1,1,0.8,0.8,-1,-1,0.2,0.2,0.026148,0.821496
2,-1,1,0.85,0.85,-1,-1,0.2,0.2,0.026148,0.821496
2,-1,1,0.9,0.9,-1,-1,0.2,0.2,0.026148,0.821496
2,-1,1,0.95,0.95,-1,-1,0.2,0.2,0.026148,0.821496
2,-1,1,1.0,1.0,-1,-1,0.2,0.2,0.026148,0.821496
2,-1,1,0.05,0.05,-1,-1,0.25,0.2,0.02812,0.79663
2,-1,1,0.1,0.1,-1,-1,0.25,0.2,0.029741,0.783379
2,-1,1,0.15,0.15,-1,-1,0.25,0.2,0.031014,0.77583
2,-1,1,0.2,0.2,-1,-1,0.25,0.2,0.032018,0.770313
2,-1,1,0.25,0.25,-1,-1,0.25,0.2,0.033038,0.76609
2,-1,1,0.3,0.3,-1,-1,0.25,0.2,0.03383,0.763661
2,-1,1,0.35,0.35,-1,-1,0.25,0.2,0.034482,0.761154
2,-1,1,0.4,0.4,-1,-1,0.25,0.2,0.035202,0.759385
2,-1,1,0.45,0.45,-1,-1,0.25,0.2,0.035787,0.757722
2,-1,1,0.5,0.5,-1,-1,0.25,0.2,0.036455,0.756693
2,-1,1,0.55,0.55,-1,-1,0.25,0.2,0.037019,0.755637
2,-1,1,0.6,0.6,-1,-1,0.25,0.2,0.037599,0.754845
2,-1,1,0.65,0.65,-1,-1,0.25,0.2,0.038173,0.75429
2,-1,1,0.7,0.7,-1,-1,0.25,0.2,0.038619,0.753657
2,-1,1,0.75,0.75,-1,-1,0.25,0.2,0.039193,0.753261
2,-1,1,0.8,0.8,-1,-1,0.25,0.2,0.039644,0.752628
2,-1,1,0.85,0.85,-1,-1,0.25,0.2,0.040182,0.752337
2,-1,1,0.9,0.9,-1,-1,0.25,0.2,0.040798,0.752152
2,-1,1,0.95,0.95,-1,-1,0.25,0.2,0.041533,0.75202
2,-1,1,1.0,1.0,-1,-1,0.25,0.2,0.043174,0.751994
2,-1,1,0.05,0.05,-1,-1,0.3,0.2,0.031396,0.767145
2,-1,1,0.1,0.1,-1,-1,0.3,0.2,0.035707,0.738181
2,-1,1,0.15,0.15,-1,-1,0.3,0.2,0.039095,0.721679
2,-1,1,0.2,0.2,-1,-1,0.3,0.2,0.041767,0.70962
2,-1,1,0.25,0.25,-1,-1,0.3,0.2,0.044481,0.700388
2,-1,1,0.3,0.3,-1,-1,0.3,0.2,0.046588,0.69508
2,-1,1,0.35,0.35,-1,-1,0.3,0.2,0.048324,0.689599
2,-1,1,0.4,0.4,-1,-1,0.3,0.2,0.050238,0.685733
2,-1,1,0.45,0.45,-1,-1,0.3,0.2,0.051795,0.682098
2,-1,1,0.5,0.5,-1,-1,0.3,0.2,0.053572,0.679848
2,-1,1,0.55,0.55,-1,-1,0.3,0.2,0.055073,0.67754
2,-1,1,0.6,0.6,-1,-1,0.3,0.2,0.056616,0.675809
2,-1,1,0.65,0.65,-1,-1,0.3,0.2,0.058145,0.674598
2,-1,1,0.7,0.7,-1,-1,0.3,0.2,0.059329,0.673213
2,-1,1,0.75,0.75,-1,-1,0.3,0.2,0.060858,0.672347
2,-1,1,0.8,0.8,-1,-1,0.3,0.2,0.062056,0.670963
2,-1,1,0.85,0.85,-1,-1,0.3,0.2,0.063489,0.670328
2,-1,1,0.9,0.9,-1,-1,0.3,0.2,0.065128,0.669924
2,-1,1,0.95,0.95,-1,-1,0.3,0.2,0.067084,0.669636
2,-1,1,1.0,1.0,-1,-1,0.3,0.2,0.07145,0.669578
2,-1,1,0.05,0.05,-1,-1,0.35,0.2,0.035587,0.739018
2,-1,1,0.1,0.1,-1,-1,0.35,0.2,0.043341,0.695065
2,-1,1,0.15,0.15,-1,-1,0.35,0.2,0.049436,0.670024
2,-1,1,0.2,0.2,-1,-1,0.35,0.2,0.054242,0.651725
2,-1,1,0.25,0.25,-1,-1,0.35,0.2,0.059123,0.637716
2,-1,1,0.3,0.3,-1,-1,0.35,0.2,0.062913,0.629661
2,-1,1,0.35,0.35,-1,-1,0.35,0.2,0.066035,0.621343
2,-1,1,0.4,0.4,-1,-1,0.35,0.2,0.069478,0.615477
2,-1,1,0.45,0.45,-1,-1,0.35,0.2,0.072278,0.609961
2,-1,1,0.5,0.5,-1,-1,0.35,0.2,0.075474,0.606546
2,-1,1,0.55,0.55,-1,-1,0.35,0.2,0.078174,0.603044
2,-1,1,0.6,0.6,-1,-1,0.35,0.2,0.080949,0.600417
2,-1,1,0.65,0.65,-1,-1,0.35,0.2,0.083699,0.598578
2,-1,1,0.7,0.7,-1,-1,0.35,0.2,0.085829,0.596477
2,-1,1,0.75,0.75,-1,-1,0.35,0.2,0.088579,0.595164
2,-1,1,0.8,0.8,-1,-1,0.35,0.2,0.090735,0.593062
2,-1,1,0.85,0.85,-1,-1,0.35,0.2,0.093311,0.592099
2,-1,1,0.9,0.9,-1,-1,0.35,0.2,0.09626,0.591486
2,-1,1,0.95,0.95,-1,-1,0.35,0.2,0.099778,0.591049
2,-1,1,1.0,1.0,-1,-1,0.35,0.2,0.107631,0.590961
2,-1,1,0.05,0.05,-1,-1,0.4,0.2,0.040765,0.711707
2,-1,1,0.1,0.1,-1,-1,0.4,0.2,0.052772,0.653199
2,-1,1,0.15,0.15,-1,-1,0.4,0.2,0.06221,0.619866
2,-1,1,0.2,0.2,-1,-1,0.4,0.2,0.069652,0.595507
2,-1,1,0.25,0.25,-1,-1,0.4,0.2,0.07721,0.576859
2,-1,1,0.3,0.3,-1,-1,0.4,0.2,0.08308,0.566137
2,-1,1,0.35,0.35,-1,-1,0.4,0.2,0.087913,0.555065
2,-1,1,0.4,0.4,-1,-1,0.4,0.2,0.093246,0.547256
2,-1,1,0.45,0.45,-1,-1,0.4,0.2,0.097581,0.539913
2,-1,1,0.5,0.5,-1,-1,0.4,0.2,0.10253,0.535368
2,-1,1,0.55,0.55,-1,-1,0.4,0.2,0.106712,0.530706
2,-1,1,0.6,0.6,-1,-1,0.4,0.2,0.111008,0.527209
2,-1,1,0.65,0.65,-1,-1,0.4,0.2,0.115267,0.524762
2,-1,1,0.7,0.7,-1,-1,0.4,0.2,0.118566,0.521965
2,-1,1,0.75,0.75,-1,-1,0.4,0.2,0.122824,0.520216
2,-1,1,0.8,0.8,-1,-1,0.4,0.2,0.126162,0.517419
2,-1,1,0.85,0.85,-1,-1,0.4,0.2,0.130152,0.516137
2,-1,1,0.9,0.9,-1,-1,0.4,0.2,0.134717,0.515321
2,-1,1,0.95,0.95,-1,-1,0.4,0.2,0.140165,0.514739
2,-1,1,1.0,1.0,-1,-1,0.4,0.2,0.152326,0.514622
2,-1,1,0.05,0.05,-1,-1,0.45,0.2,0.047351,0.680862
2,-1,1,0.1,0.1,-1,-1,0.45,0.2,0.064769,0.605918
2,-1,1,0.15,0.15,-1,-1,0.45,0.2,0.078459,0.56322
2,-1,1,0.2,0.2,-1,-1,0.45,0.2,0.089256,0.532018
2,-1,1,0.25,0.25,-1,-1,0.45,0.2,0.100219,0.508131
2,-1,1,0.3,0.3,-1,-1,0.45,0.2,0.108733,0.494396
2,-1,1,0.35,0.35,-1,-1,0.45,0.2,0.115745,0.480214
2,-1,1,0.4,0.4,-1,-1,0.45,0.2,0.123481,0.470211
2,-1,1,0.45,0.45,-1,-1,0.45,0.2,0.129769,0.460805
2,-1,1,0.5,0.5,-1,-1,0.45,0.2,0.136948,0.454983
2,-1,1,0.55,0.55,-1,-1,0.45,0.2,0.143014,0.449011
2,-1,1,0.6,0.6,-1,-1,0.45,0.2,0.149247,0.444533
2,-1,1,0.65,0.65,-1,-1,0.45,0.2,0.155424,0.441397
2,-1,1,0.7,0.7,-1,-1,0.45,0.2,0.16021,0.437814
2,-1,1,0.75,0.75,-1,-1,0.45,0.2,0.166387,0.435575
2,-1,1,0.8,0.8,-1,-1,0.45,0.2,0.171228,0.431992
2,-1,1,0.85,0.85,-1,-1,0.45,0.2,0.177016,0.43035
2,-1,1,0.9,0.9,-1,-1,0.45,0.2,0.183639,0.429305
2,-1,1,0.95,0.95,-1,-1,0.45,0.2,0.191541,0.428558
2,-1,1,1.0,1.0,-1,-1,0.45,0.2,0.209182,0.428409
2,-1,1,0.05,0.05,-1,-1,0.5,0.2,0.060382,0.636974
2,-1,1,0.1,0.1,-1,-1,0.5,0.2,0.088507,0.53864
2,-1,1,0.15,0.15,-1,-1,0.5,0.2,0.110611,0.482618
2,-1,1,0.2,0.2,-1,-1,0.5,0.2,0.128043,0.441678
2,-1,1,0.25,0.25,-1,-1,0.5,0.2,0.145744,0.410336
2,-1,1,0.3,0.3,-1,-1,0.5,0.2,0.159491,0.392315
2,-1,1,0.35,0.35,-1,-1,0.5,0.2,0.170813,0.373707
2,-1,1,0.4,0.4,-1,-1,0.5,0.2,0.183303,0.360583
2,-1,1,0.45,0.45,-1,-1,0.5,0.2,0.193456,0.348241
2,-1,1,0.5,0.5,-1,-1,0.5,0.2,0.205047,0.340602
2,-1,1,0.55,0.55,-1,-1,0.5,0.2,0.214842,0.332767
2,-1,1,0.6,0.6,-1,-1,0.5,0.2,0.224905,0.32689
2,-1,1,0.65,0.65,-1,-1,0.5,0.2,0.234879,0.322777
2,-1,1,0.7,0.7,-1,-1,0.5,0.2,0.242606,0.318076
2,-1,1,0.75,0.75,-1,-1,0.5,0.2,0.25258,0.315137
2,-1,1,0.8,0.8,-1,-1,0.5,0.2,0.260397,0.310436
2,-1,1,0.85,0.85,-1,-1,0.5,0.2,0.269742,0.308281
2,-1,1,0.9,0.9,-1,-1,0.5,0.2,0.280435,0.30691
2,-1,1,0.95,0.95,-1,-1,0.5,0.2,0.293194,0.305931
2,-1,1,1.0,1.0,-1,-1,0.5,0.2,0.321678,0.305735
2,-1,1,0.05,0.05,-1,-1,0.55,0.2,0.068976,0.606265
2,-1,1,0.1,0.1,-1,-1,0.55,0.2,0.104161,0.491567
2,-1,1,0.15,0.15,-1,-1,0.55,0.2,0.131813,0.426221
2,-1,1,0.2,0.2,-1,-1,0.55,0.2,0.153621,0.378468
2,-1,1,0.25,0.25,-1,-1,0.55,0.2,0.175766,0.34191
2,-1,1,0.3,0.3,-1,-1,0.55,0.2,0.192965,0.32089
2,-1,1,0.35,0.35,-1,-1,0.55,0.2,0.207128,0.299185
2,-1,1,0.4,0.4,-1,-1,0.55,0.2,0.222754,0.283876
2,-1,1,0.45,0.45,-1,-1,0.55,0.2,0.235456,0.269481
2,-1,1,0.5,0.5,-1,-1,0.55,0.2,0.249957,0.260571
2,-1,1,0.55,0.55,-1,-1,0.55,0.2,0.262209,0.251432
2,-1,1,0.6,0.6,-1,-1,0.55,0.2,0.274799,0.244577
2,-1,1,0.65,0.65,-1,-1,0.55,0.2,0.287277,0.239779
2,-1,1,0.7,0.7,-1,-1,0.55,0.2,0.296944,0.234295
2,-1,1,0.75,0.75,-1,-1,0.55,0.2,0.309421,0.230868
2,-1,1,0.8,0.8,-1,-1,0.55,0.2,0.319201,0.225385
2,-1,1,0.85,0.85,-1,-1,0.55,0.2,0.330892,0.222871
2,-1,1,0.9,0.9,-1,-1,0.55,0.2,0.344269,0.221272
2,-1,1,0.95,0.95,-1,-1,0.55,0.2,0.360231,0.22013
2,-1,1,1.0,1.0,-1,-1,0.55,0.2,0.395865,0.219901
2,-1,1,0.05,0.05,-1,-1,0.6,0.2,0.077535,0.582351
2,-1,1,0.1,0.1,-1,-1,0.6,0.2,0.11975,0.454908
2,-1,1,0.15,0.15,-1,-1,0.6,0.2,0.152929,0.382301
2,-1,1,0.2,0.2,-1,-1,0.6,0.2,0.179095,0.329243
2,-1,1,0.25,0.25,-1,-1,0.6,0.2,0.205665,0.288623
2,-1,1,0.3,0.3,-1,-1,0.6,0.2,0.226301,0.265267
2,-1,1,0.35,0.35,-1,-1,0.6,0.2,0.243295,0.24115
2,-1,1,0.4,0.4,-1,-1,0.6,0.2,0.262043,0.224141
2,-1,1,0.45,0.45,-1,-1,0.6,0.2,0.277283,0.208146
2,-1,1,0.5,0.5,-1,-1,0.6,0.2,0.294682,0.198245
2,-1,1,0.55,0.55,-1,-1,0.6,0.2,0.309383,0.188091
2,-1,1,0.6,0.6,-1,-1,0.6,0.2,0.324489,0.180475
2,-1,1,0.65,0.65,-1,-1,0.6,0.2,0.33946,0.175144
2,-1,1,0.7,0.7,-1,-1,0.6,0.2,0.351059,0.169051
2,-1,1,0.75,0.75,-1,-1,0.6,0.2,0.36603,0.165243
2,-1,1,0.8,0.8,-1,-1,0.6,0.2,0.377764,0.15915
2,-1,1,0.85,0.85,-1,-1,0.6,0.2,0.391791,0.156357
2,-1,1,0.9,0.9,-1,-1,0.6,0.2,0.407841,0.15458
2,-1,1,0.95,0.95,-1,-1,0.6,0.2,0.426993,0.153311
2,-1,1,1.0,1.0,-1,-1,0.6,0.2,0.469748,0.153057
2,-1,1,0.05,0.05,-1,-1,0.65,0.2,0.085988,0.565502
2,-1,1,0.1,0.1,-1,-1,0.65,0.2,0.135147,0.429081
2,-1,1,0.15,0.15,-1,-1,0.65,0.2,0.173784,0.351359
2,-1,1,0.2,0.2,-1,-1,0.65,0.2,0.204254,0.294562
2,-1,1,0.25,0.25,-1,-1,0.65,0.2,0.235195,0.25108
2,-1,1,0.3,0.3,-1,-1,0.65,0.2,0.259225,0.226079
2,-1,1,0.35,0.35,-1,-1,0.65,0.2,0.279014,0.200262
2,-1,1,0.4,0.4,-1,-1,0.65,0.2,0.300846,0.182055
2,-1,1,0.45,0.45,-1,-1,0.65,0.2,0.318594,0.164934
2,-1,1,0.5,0.5,-1,-1,0.65,0.2,0.338854,0.154335
2,-1,1,0.55,0.55,-1,-1,0.65,0.2,0.355974,0.143466
2,-1,1,0.6,0.6,-1,-1,0.65,0.2,0.373565,0.135313
2,-1,1,0.65,0.65,-1,-1,0.65,0.2,0.390998,0.129606
2,-1,1,0.7,0.7,-1,-1,0.65,0.2,0.404505,0.123084
2,-1,1,0.75,0.75,-1,-1,0.65,0.2,0.421939,0.119007
2,-1,1,0.8,0.8,-1,-1,0.65,0.2,0.435603,0.112485
2,-1,1,0.85,0.85,-1,-1,0.65,0.2,0.451938,0.109496
2,-1,1,0.9,0.9,-1,-1,0.65,0.2,0.470628,0.107594
2,-1,1,0.95,0.95,-1,-1,0.65,0.2,0.49293,0.106235
2,-1,1,1.0,1.0,-1,-1,0.65,0.2,0.542718,0.105963
2,-1,1,0.05,0.05,-1,-1,0.7,0.2,0.094194,0.552729
2,-1,1,0.1,0.1,-1,-1,0.7,0.2,0.150095,0.409501
2,-1,1,0.15,0.15,-1,-1,0.7,0.2,0.194031,0.327901
2,-1,1,0.2,0.2,-1,-1,0.7,0.2,0.228679,0.268271
2,-1,1,0.25,0.25,-1,-1,0.7,0.2,0.263863,0.22262
2,-1,1,0.3,0.3,-1,-1,0.7,0.2,0.291189,0.196371
2,-1,1,0.35,0.35,-1,-1,0.7,0.2,0.313692,0.169266
2,-1,1,0.4,0.4,-1,-1,0.7,0.2,0.338518,0.15015
2,-1,1,0.45,0.45,-1,-1,0.7,0.2,0.3587,0.132175
2,-1,1,0.5,0.5,-1,-1,0.7,0.2,0.381738,0.121048
2,-1,1,0.55,0.55,-1,-1,0.7,0.2,0.401206,0.109636
2,-1,1,0.6,0.6,-1,-1,0.7,0.2,0.421209,0.101076
2,-1,1,0.65,0.65,-1,-1,0.7,0.2,0.441034,0.095084
2,-1,1,0.7,0.7,-1,-1,0.7,0.2,0.456393,0.088237
2,-1,1,0.75,0.75,-1,-1,0.7,0.2,0.476217,0.083957
2,-1,1,0.8,0.8,-1,-1,0.7,0.2,0.491755,0.077109
2,-1,1,0.85,0.85,-1,-1,0.7,0.2,0.51033,0.073971
2,-1,1,0.9,0.9,-1,-1,0.7,0.2,0.531583,0.071974
2,-1,1,0.95,0.95,-1,-1,0.7,0.2,0.556944,0.070547
2,-1,1,1.0,1.0,-1,-1,0.7,0.2,0.61356,0.070262
2,-1,1,0.05,0.05,-1,-1,0.75,0.2,0.100605,0.543626
2,-1,1,0.1,0.1,-1,-1,0.75,0.2,0.161772,0.395546
2,-1,1,0.15,0.15,-1,-1,0.75,0.2,0.209846,0.311182
2,-1,1,0.2,0.2,-1,-1,0.75,0.2,0.247759,0.249532
2,-1,1,0.25,0.25,-1,-1,0.75,0.2,0.286257,0.202334
2,-1,1,0.3,0.3,-1,-1,0.75,0.2,0.316157,0.175196
2,-1,1,0.35,0.35,-1,-1,0.75,0.2,0.34078,0.147174
2,-1,1,0.4,0.4,-1,-1,0.75,0.2,0.367944,0.12741
2,-1,1,0.45,0.45,-1,-1,0.75,0.2,0.390027,0.108826
2,-1,1,0.5,0.5,-1,-1,0.75,0.2,0.415236,0.097322
2,-1,1,0.55,0.55,-1,-1,0.75,0.2,0.436537,0.085523
2,-1,1,0.6,0.6,-1,-1,0.75,0.2,0.458425,0.076674
2,-1,1,0.65,0.65,-1,-1,0.75,0.2,0.480117,0.070479
2,-1,1,0.7,0.7,-1,-1,0.75,0.2,0.496923,0.0634
2,-1,1,0.75,0.75,-1,-1,0.75,0.2,0.518615,0.058975
2,-1,1,0.8,0.8,-1,-1,0.75,0.2,0.535617,0.051895
2,-1,1,0.85,0.85,-1,-1,0.75,0.2,0.555941,0.04865
2,-1,1,0.9,0.9,-1,-1,0.75,0.2,0.579197,0.046586
2,-1,1,0.95,0.95,-1,-1,0.75,0.2,0.606947,0.045111
2,-1,1,1.0,1.0,-1,-1,0.75,0.2,0.668896,0.044816
2,-1,1,0.05,0.05,-1,-1,0.8,0.2,0.107156,0.534657
2,-1,1,0.1,0.1,-1,-1,0.8,0.2,0.173704,0.381799
2,-1,1,0.15,0.15,-1,-1,0.8,0.2,0.226009,0.294712
2,-1,1,0.2,0.2,-1,-1,0.8,0.2,0.267257,0.231072
2,-1,1,0.25,0.25,-1,-1,0.8,0.2,0.309142,0.182351
2,-1,1,0.3,0.3,-1,-1,0.8,0.2,0.341673,0.154337
2,-1,1,0.35,0.35,-1,-1,0.8,0.2,0.368462,0.12541
2,-1,1,0.4,0.4,-1,-1,0.8,0.2,0.398017,0.105009
2,-1,1,0.45,0.45,-1,-1,0.8,0.2,0.422043,0.085825
2,-1,1,0.5,0.5,-1,-1,0.8,0.2,0.44947,0.07395
2,-1,1,0.55,0.55,-1,-1,0.8,0.2,0.472645,0.06177
2,-1,1,0.6,0.6,-1,-1,0.8,0.2,0.496459,0.052635
2,-1,1,0.65,0.65,-1,-1,0.8,0.2,0.520059,0.04624
2,-1,1,0.7,0.7,-1,-1,0.8,0.2,0.538344,0.038932
2,-1,1,0.75,0.75,-1,-1,0.8,0.2,0.561945,0.034365
2,-1,1,0.8,0.8,-1,-1,0.8,0.2,0.580443,0.027057
2,-1,1,0.85,0.85,-1,-1,0.8,0.2,0.602555,0.023707
2,-1,1,0.9,0.9,-1,-1,0.8,0.2,0.627856,0.021576
2,-1,1,0.95,0.95,-1,-1,0.8,0.2,0.658048,0.020054
2,-1,1,1.0,1.0,-1,-1,0.8,0.2,0.725448,0.019749
2,-1,1,0.05,0.05,-1,-1,0.85,0.2,0.112157,0.53126
2,-1,1,0.1,0.1,-1,-1,0.85,0.2,0.182815,0.376591
2,-1,1,0.15,0.15,-1,-1,0.85,0.2,0.238348,0.288474
2,-1,1,0.2,0.2,-1,-1,0.85,0.2,0.282143,0.22408
2,-1,1,0.25,0.25,-1,-1,0.85,0.2,0.326614,0.174782
2,-1,1,0.3,0.3,-1,-1,0.85,0.2,0.361153,0.146436
2,-1,1,0.35,0.35,-1,-1,0.85,0.2,0.389597,0.117167
2,-1,1,0.4,0.4,-1,-1,0.85,0.2,0.420976,0.096524
2,-1,1,0.45,0.45,-1,-1,0.85,0.2,0.446485,0.077113
2,-1,1,0.5,0.5,-1,-1,0.85,0.2,0.475606,0.065096
2,-1,1,0.55,0.55,-1,-1,0.85,0.2,0.500212,0.052773
2,-1,1,0.6,0.6,-1,-1,0.85,0.2,0.525496,0.04353
2,-1,1,0.65,0.65,-1,-1,0.85,0.2,0.550554,0.037059
2,-1,1,0.7,0.7,-1,-1,0.85,0.2,0.569967,0.029665
2,-1,1,0.75,0.75,-1,-1,0.85,0.2,0.595025,0.025043
2,-1,1,0.8,0.8,-1,-1,0.85,0.2,0.614665,0.017648
2,-1,1,0.85,0.85,-1,-1,0.85,0.2,0.638143,0.014259
2,-1,1,0.9,0.9,-1,-1,0.85,0.2,0.665006,0.012103
2,-1,1,0.95,0.95,-1,-1,0.85,0.2,0.697062,0.010562
2,-1,1,1.0,1.0,-1,-1,0.85,0.2,0.768623,0.010254
2,-1,1,0.05,0.05,-1,-1,0.9,0.2,0.117581,0.529358
2,-1,1,0.1,0.1,-1,-1,0.9,0.2,0.192694,0.373675
2,-1,1,0.15,0.15,-1,-1,0.9,0.2,0.25173,0.28498
2,-1,1,0.2,0.2,-1,-1,0.9,0.2,0.298287,0.220164
2,-1,1,0.25,0.25,-1,-1,0.9,0.2,0.345562,0.170543
2,-1,1,0.3,0.3,-1,-1,0.9,0.2,0.38228,0.142012
2,-1,1,0.35,0.35,-1,-1,0.9,0.2,0.412517,0.11255
2,-1,1,0.4,0.4,-1,-1,0.9,0.2,0.445875,0.091772
2,-1,1,0.45,0.45,-1,-1,0.9,0.2,0.472993,0.072234
2,-1,1,0.5,0.5,-1,-1,0.9,0.2,0.50395,0.060139
2,-1,1,0.55,0.55,-1,-1,0.9,0.2,0.530108,0.047734
2,-1,1,0.6,0.6,-1,-1,0.9,0.2,0.556986,0.038431
2,-1,1,0.65,0.65,-1,-1,0.9,0.2,0.583624,0.031918
2,-1,1,0.7,0.7,-1,-1,0.9,0.2,0.604261,0.024475
2,-1,1,0.75,0.75,-1,-1,0.9,0.2,0.630899,0.019823
2,-1,1,0.8,0.8,-1,-1,0.9,0.2,0.651778,0.01238
2,-1,1,0.85,0.85,-1,-1,0.9,0.2,0.676736,0.008968
2,-1,1,0.9,0.9,-1,-1,0.9,0.2,0.705294,0.006798
2,-1,1,0.95,0.95,-1,-1,0.9,0.2,0.739371,0.005247
2,-1,1,1.0,1.0,-1,-1,0.9,0.2,0.815445,0.004937
2,-1,1,0.05,0.05,-1,-1,0.95,0.2,0.123604,0.527999
2,-1,1,0.1,0.1,-1,-1,0.95,0.2,0.203665,0.371593
2,-1,1,0.15,0.15,-1,-1,0.95,0.2,0.266589,0.282485
2,-1,1,0.2,0.2,-1,-1,0.95,0.2,0.316213,0.217367
2,-1,1,0.25,0.25,-1,-1,0.95,0.2,0.366603,0.167516
2,-1,1,0.3,0.3,-1,-1,0.95,0.2,0.405738,0.138852
2,-1,1,0.35,0.35,-1,-1,0.95,0.2,0.437967,0.109253
2,-1,1,0.4,0.4,-1,-1,0.95,0.2,0.473523,0.088378
2,-1,1,0.45,0.45,-1,-1,0.95,0.2,0.502427,0.068749
2,-1,1,0.5,0.5,-1,-1,0.95,0.2,0.535423,0.056598
2,-1,1,0.55,0.55,-1,-1,0.95,0.2,0.563304,0.044136
2,-1,1,0.6,0.6,-1,-1,0.95,0.2,0.591953,0.034788
2,-1,1,0.65,0.65,-1,-1,0.95,0.2,0.620345,0.028245
2,-1,1,0.7,0.7,-1,-1,0.95,0.2,0.642343,0.020768
2,-1,1,0.75,0.75,-1,-1,0.95,0.2,0.670735,0.016094
2,-1,1,0.8,0.8,-1,-1,0.95,0.2,0.692989,0.008617
2,-1,1,0.85,0.85,-1,-1,0.95,0.2,0.719591,0.005189
2,-1,1,0.9,0.9,-1,-1,0.95,0.2,0.75003,0.003009
2,-1,1,0.95,0.95,-1,-1,0.95,0.2,0.786352,0.001451
2,-1,1,1.0,1.0,-1,-1,0.95,0.2,0.867437,0.001139
2,-1,1,0.05,0.05,-1,-1,1.0,0.2,0.13896,0.527592
2,-1,1,0.1,0.1,-1,-1,1.0,0.2,0.231637,0.370968
2,-1,1,0.15,0.15,-1,-1,1.0,0.2,0.304476,0.281736
2,-1,1,0.2,0.2,-1,-1,1.0,0.2,0.361919,0.216528
2,-1,1,0.25,0.25,-1,-1,1.0,0.2,0.420248,0.166608
2,-1,1,0.3,0.3,-1,-1,1.0,0.2,0.465551,0.137904
2,-1,1,0.35,0.35,-1,-1,1.0,0.2,0.502858,0.108264
2,-1,1,0.4,0.4,-1,-1,1.0,0.2,0.544016,0.08736
2,-1,1,0.45,0.45,-1,-1,1.0,0.2,0.577475,0.067704
2,-1,1,0.5,0.5,-1,-1,1.0,0.2,0.61567,0.055536
2,-1,1,0.55,0.55,-1,-1,1.0,0.2,0.647945,0.043056
2,-1,1,0.6,0.6,-1,-1,1.0,0.2,0.681107,0.033696
2,-1,1,0.65,0.65,-1,-1,1.0,0.2,0.713974,0.027144
2,-1,1,0.7,0.7,-1,-1,1.0,0.2,0.739437,0.019656
2,-1,1,0.75,0.75,-1,-1,1.0,0.2,0.772304,0.014976
2,-1,1,0.8,0.8,-1,-1,1.0,0.2,0.798064,0.007488
2,-1,1,0.85,0.85,-1,-1,1.0,0.2,0.828858,0.004056
2,-1,1,0.9,0.9,-1,-1,1.0,0.2,0.864093,0.001872
2,-1,1,0.95,0.95,-1,-1,1.0,0.2,0.906138,0.000312
2,-1,1,1.0,1.0,-1,-1,1.0,0.2,1.0,0.0
2,-1,1,0.05,0.05,-1,-1,0.25,0.25,0.043174,0.751994
2,-1,1,0.1,0.1,-1,-1,0.25,0.25,0.043174,0.751994
2,-1,1,0.15,0.15,-1,-1,0.25,0.25,0.043174,0.751994
2,-1,1,0.2,0.2,-1,-1,0.25,0.25,0.043174,0.751994
2,-1,1,0.25,0.25,-1,-1,0.25,0.25,0.043174,0.751994
2,-1,1,0.3,0.3,-1,-1,0.25,0.25,0.043174,0.751994
2,-1,1,0.35,0.35,-1,-1,0.25,0.25,0.043174,0.751994
2,-1,1,0.4,0.4,-1,-1,0.25,0.25,0.043174,0.751994
2,-1,1,0.45,0.45,-1,-1,0.25,0.25,0.043174,0.751994
2,-1,1,0.5,0.5,-1,-1,0.25,0.25,0.043174,0.751994
2,-1,1,0.55,0.55,-1,-1,0.25,0.25,0.043174,0.751994
2,-1,1,0.6,0.6,-1,-1,0.25,0.25,0.043174,0.751994
2,-1,1,0.65,0.65,-1,-1,0.25,0.25,0.043174,0.751994
2,-1,1,0.7,0.7,-1,-1,0.25,0.25,0.043174,0.751994
2,-1,1,0.75,0.75,-1,-1,0.25,0.25,0.043174,0.751994
2,-1,1,0.8,0.8,-1,-1,0.25,0.25,0.043174,0.751994
2,-1,1,0.85,0.85,-1,-1,0.25,0.25,0.043174,0.751994
2,-1,1,0.9,0.9,-1,-1,0.25,0.25,0.043174,0.751994
2,-1,1,0.95,0.95,-1,-1,0.25,0.25,0.043174,0.751994
2,-1,1,1.0,1.0,-1,-1,0.25,0.25,0.043174,0.751994
2,-1,1,0.05,0.05,-1,-1,0.3,0.25,0.04645,0.722508
2,-1,1,0.1,0.1,-1,-1,0.3,0.25,0.04914,0.706795
2,-1,1,0.15,0.15,-1,-1,0.3,0.25,0.051255,0.697843
2,-1,1,0.2,0.2,-1,-1,0.3,0.25,0.052923,0.691301
2,-1,1,0.25,0.25,-1,-1,0.3,0.25,0.054617,0.686293
2,-1,1,0.3,0.3,-1,-1,0.3,0.25,0.055932,0.683413
2,-1,1,0.35,0.35,-1,-1,0.3,0.25,0.057015,0.68044
2,-1,1,0.4,0.4,-1,-1,0.3,0.25,0.05821,0.678342
2,-1,1,0.45,0.45,-1,-1,0.3,0.25,0.059182,0.67637
2,-1,1,0.5,0.5,-1,-1,0.3,0.25,0.060291,0.67515
2,-1,1,0.55,0.55,-1,-1,0.3,0.25,0.061228,0.673898
2,-1,1,0.6,0.6,-1,-1,0.3,0.25,0.062191,0.672959
2,-1,1,0.65,0.65,-1,-1,0.3,0.25,0.063145,0.672301
2,-1,1,0.7,0.7,-1,-1,0.3,0.25,0.063885,0.67155
2,-1,1,0.75,0.75,-1,-1,0.3,0.25,0.064839,0.67108
2,-1,1,0.8,0.8,-1,-1,0.3,0.25,0.065587,0.670329
2,-1,1,0.85,0.85,-1,-1,0.3,0.25,0.066481,0.669985
2,-1,1,0.9,0.9,-1,-1,0.3,0.25,0.067504,0.669766
2,-1,1,0.95,0.95,-1,-1,0.3,0.25,0.068725,0.669609
2,-1,1,1.0,1.0,-1,-1,0.3,0.25,0.07145,0.669578
2,-1,1,0.05,0.05,-1,-1,0.35,0.25,0.050641,0.694382
2,-1,1,0.1,0.1,-1,-1,0.35,0.25,0.056775,0.66368
2,-1,1,0.15,0.15,-1,-1,0.35,0.25,0.061596,0.646188
2,-1,1,0.2,0.2,-1,-1,0.35,0.25,0.065398,0.633406
2,-1,1,0.25,0.25,-1,-1,0.35,0.25,0.069259,0.62362
2,-1,1,0.3,0.3,-1,-1,0.35,0.25,0.072257,0.617993
2,-1,1,0.35,0.35,-1,-1,0.35,0.25,0.074726,0.612183
2,-1,1,0.4,0.4,-1,-1,0.35,0.25,0.07745,0.608086
2,-1,1,0.45,0.45,-1,-1,0.35,0.25,0.079665,0.604233
2,-1,1,0.5,0.5,-1,-1,0.35,0.25,0.082193,0.601847
2,-1,1,0.55,0.55,-1,-1,0.35,0.25,0.084329,0.599401
2,-1,1,0.6,0.6,-1,-1,0.35,0.25,0.086524,0.597566
2,-1,1,0.65,0.65,-1,-1,0.35,0.25,0.0887,0.596282
2,-1,1,0.7,0.7,-1,-1,0.35,0.25,0.090385,0.594814
2,-1,1,0.75,0.75,-1,-1,0.35,0.25,0.09256,0.593897
2,-1,1,0.8,0.8,-1,-1,0.35,0.25,0.094265,0.592429
2,-1,1,0.85,0.85,-1,-1,0.35,0.25,0.096304,0.591756
2,-1,1,0.9,0.9,-1,-1,0.35,0.25,0.098636,0.591328
2,-1,1,0.95,0.95,-1,-1,0.35,0.25,0.101419,0.591022
2,-1,1,1.0,1.0,-1,-1,0.35,0.25,0.107631,0.590961
2,-1,1,0.05,0.05,-1,-1,0.4,0.25,0.055818,0.66707
2,-1,1,0.1,0.1,-1,-1,0.4,0.25,0.066206,0.621813
2,-1,1,0.15,0.15,-1,-1,0.4,0.25,0.07437,0.59603
2,-1,1,0.2,0.2,-1,-1,0.4,0.25,0.080808,0.577188
2,-1,1,0.25,0.25,-1,-1,0.4,0.25,0.087346,0.562763
2,-1,1,0.3,0.3,-1,-1,0.4,0.25,0.092423,0.554469
2,-1,1,0.35,0.35,-1,-1,0.4,0.25,0.096605,0.545905
2,-1,1,0.4,0.4,-1,-1,0.4,0.25,0.101218,0.539865
2,-1,1,0.45,0.45,-1,-1,0.4,0.25,0.104968,0.534185
2,-1,1,0.5,0.5,-1,-1,0.4,0.25,0.109249,0.530669
2,-1,1,0.55,0.55,-1,-1,0.4,0.25,0.112867,0.527063
2,-1,1,0.6,0.6,-1,-1,0.4,0.25,0.116584,0.524359
2,-1,1,0.65,0.65,-1,-1,0.4,0.25,0.120267,0.522465
2,-1,1,0.7,0.7,-1,-1,0.4,0.25,0.123121,0.520302
2,-1,1,0.75,0.75,-1,-1,0.4,0.25,0.126805,0.518949
2,-1,1,0.8,0.8,-1,-1,0.4,0.25,0.129692,0.516786
2,-1,1,0.85,0.85,-1,-1,0.4,0.25,0.133144,0.515794
2,-1,1,0.9,0.9,-1,-1,0.4,0.25,0.137093,0.515163
2,-1,1,0.95,0.95,-1,-1,0.4,0.25,0.141806,0.514712
2,-1,1,1.0,1.0,-1,-1,0.4,0.25,0.152326,0.514622
2,-1,1,0.05,0.05,-1,-1,0.45,0.25,0.062405,0.636226
2,-1,1,0.1,0.1,-1,-1,0.45,0.25,0.078203,0.574532
2,-1,1,0.15,0.15,-1,-1,0.45,0.25,0.090619,0.539384
2,-1,1,0.2,0.2,-1,-1,0.45,0.25,0.100411,0.513699
2,-1,1,0.25,0.25,-1,-1,0.45,0.25,0.110354,0.494035
2,-1,1,0.3,0.3,-1,-1,0.45,0.25,0.118077,0.482729
2,-1,1,0.35,0.35,-1,-1,0.45,0.25,0.124437,0.471054
2,-1,1,0.4,0.4,-1,-1,0.45,0.25,0.131453,0.46282
2,-1,1,0.45,0.45,-1,-1,0.45,0.25,0.137156,0.455077
2,-1,1,0.5,0.5,-1,-1,0.45,0.25,0.143667,0.450284
2,-1,1,0.55,0.55,-1,-1,0.45,0.25,0.149169,0.445369
2,-1,1,0.6,0.6,-1,-1,0.45,0.25,0.154822,0.441682
2,-1,1,0.65,0.65,-1,-1,0.45,0.25,0.160424,0.439101
2,-1,1,0.7,0.7,-1,-1,0.45,0.25,0.164765,0.436151
2,-1,1,0.75,0.75,-1,-1,0.45,0.25,0.170368,0.434308
2,-1,1,0.8,0.8,-1,-1,0.45,0.25,0.174759,0.431358
2,-1,1,0.85,0.85,-1,-1,0.45,0.25,0.180008,0.430007
2,-1,1,0.9,0.9,-1,-1,0.45,0.25,0.186015,0.429146
2,-1,1,0.95,0.95,-1,-1,0.45,0.25,0.193182,0.428532
2,-1,1,1.0,1.0,-1,-1,0.45,0.25,0.209182,0.428409
2,-1,1,0.05,0.05,-1,-1,0.5,0.25,0.075436,0.592337
2,-1,1,0.1,0.1,-1,-1,0.5,0.25,0.10194,0.507255
2,-1,1,0.15,0.15,-1,-1,0.5,0.25,0.122771,0.458782
2,-1,1,0.2,0.2,-1,-1,0.5,0.25,0.139198,0.423359
2,-1,1,0.25,0.25,-1,-1,0.5,0.25,0.15588,0.396241
2,-1,1,0.3,0.3,-1,-1,0.5,0.25,0.168835,0.380648
2,-1,1,0.35,0.35,-1,-1,0.5,0.25,0.179504,0.364547
2,-1,1,0.4,0.4,-1,-1,0.5,0.25,0.191275,0.353192
2,-1,1,0.45,0.45,-1,-1,0.5,0.25,0.200843,0.342513
2,-1,1,0.5,0.5,-1,-1,0.5,0.25,0.211767,0.335903
2,-1,1,0.55,0.55,-1,-1,0.5,0.25,0.220997,0.329124
2,-1,1,0.6,0.6,-1,-1,0.5,0.25,0.23048,0.32404
2,-1,1,0.65,0.65,-1,-1,0.5,0.25,0.23988,0.32048
2,-1,1,0.7,0.7,-1,-1,0.5,0.25,0.247162,0.316413
2,-1,1,0.75,0.75,-1,-1,0.5,0.25,0.256561,0.31387
2,-1,1,0.8,0.8,-1,-1,0.5,0.25,0.263928,0.309803
2,-1,1,0.85,0.85,-1,-1,0.5,0.25,0.272735,0.307938
2,-1,1,0.9,0.9,-1,-1,0.5,0.25,0.282811,0.306752
2,-1,1,0.95,0.95,-1,-1,0.5,0.25,0.294835,0.305905
2,-1,1,1.0,1.0,-1,-1,0.5,0.25,0.321678,0.305735
2,-1,1,0.05,0.05,-1,-1,0.55,0.25,0.08403,0.561629
2,-1,1,0.1,0.1,-1,-1,0.55,0.25,0.117594,0.460181
2,-1,1,0.15,0.15,-1,-1,0.55,0.25,0.143973,0.402385
2,-1,1,0.2,0.2,-1,-1,0.55,0.25,0.164777,0.360149
2,-1,1,0.25,0.25,-1,-1,0.55,0.25,0.185902,0.327815
2,-1,1,0.3,0.3,-1,-1,0.55,0.25,0.202309,0.309223
2,-1,1,0.35,0.35,-1,-1,0.55,0.25,0.21582,0.290025
2,-1,1,0.4,0.4,-1,-1,0.55,0.25,0.230726,0.276485
2,-1,1,0.45,0.45,-1,-1,0.55,0.25,0.242843,0.263753
2,-1,1,0.5,0.5,-1,-1,0.55,0.25,0.256676,0.255872
2,-1,1,0.55,0.55,-1,-1,0.55,0.25,0.268364,0.247789
2,-1,1,0.6,0.6,-1,-1,0.55,0.25,0.280375,0.241726
2,-1,1,0.65,0.65,-1,-1,0.55,0.25,0.292278,0.237482
2,-1,1,0.7,0.7,-1,-1,0.55,0.25,0.301499,0.232632
2,-1,1,0.75,0.75,-1,-1,0.55,0.25,0.313402,0.229601
2,-1,1,0.8,0.8,-1,-1,0.55,0.25,0.322732,0.224751
2,-1,1,0.85,0.85,-1,-1,0.55,0.25,0.333884,0.222528
2,-1,1,0.9,0.9,-1,-1,0.55,0.25,0.346645,0.221114
2,-1,1,0.95,0.95,-1,-1,0.55,0.25,0.361872,0.220103
2,-1,1,1.0,1.0,-1,-1,0.55,0.25,0.395865,0.219901
2,-1,1,0.05,0.05,-1,-1,0.6,0.25,0.092589,0.537714
2,-1,1,0.1,0.1,-1,-1,0.6,0.25,0.133184,0.423523
2,-1,1,0.15,0.15,-1,-1,0.6,0.25,0.165089,0.358465
2,-1,1,0.2,0.2,-1,-1,0.6,0.25,0.190251,0.310924
2,-1,1,0.25,0.25,-1,-1,0.6,0.25,0.215801,0.274527
2,-1,1,0.3,0.3,-1,-1,0.6,0.25,0.235645,0.2536
2,-1,1,0.35,0.35,-1,-1,0.6,0.25,0.251986,0.23199
2,-1,1,0.4,0.4,-1,-1,0.6,0.25,0.270015,0.21675
2,-1,1,0.45,0.45,-1,-1,0.6,0.25,0.28467,0.202418
2,-1,1,0.5,0.5,-1,-1,0.6,0.25,0.301401,0.193547
2,-1,1,0.55,0.55,-1,-1,0.6,0.25,0.315538,0.184448
2,-1,1,0.6,0.6,-1,-1,0.6,0.25,0.330064,0.177624
2,-1,1,0.65,0.65,-1,-1,0.6,0.25,0.344461,0.172847
2,-1,1,0.7,0.7,-1,-1,0.6,0.25,0.355614,0.167388
2,-1,1,0.75,0.75,-1,-1,0.6,0.25,0.370011,0.163976
2,-1,1,0.8,0.8,-1,-1,0.6,0.25,0.381294,0.158516
2,-1,1,0.85,0.85,-1,-1,0.6,0.25,0.394783,0.156014
2,-1,1,0.9,0.9,-1,-1,0.6,0.25,0.410217,0.154422
2,-1,1,0.95,0.95,-1,-1,0.6,0.25,0.428634,0.153285
2,-1,1,1.0,1.0,-1,-1,0.6,0.25,0.469748,0.153057
2,-1,1,0.05,0.05,-1,-1,0.65,0.25,0.101042,0.520865
2,-1,1,0.1,0.1,-1,-1,0.65,0.25,0.148581,0.397695
2,-1,1,0.15,0.15,-1,-1,0.65,0.25,0.185944,0.327523
2,-1,1,0.2,0.2,-1,-1,0.65,0.25,0.21541,0.276243
2,-1,1,0.25,0.25,-1,-1,0.65,0.25,0.24533,0.236985
2,-1,1,0.3,0.3,-1,-1,0.65,0.25,0.268569,0.214412
2,-1,1,0.35,0.35,-1,-1,0.65,0.25,0.287706,0.191103
2,-1,1,0.4,0.4,-1,-1,0.65,0.25,0.308818,0.174664
2,-1,1,0.45,0.45,-1,-1,0.65,0.25,0.325981,0.159206
2,-1,1,0.5,0.5,-1,-1,0.65,0.25,0.345573,0.149637
2,-1,1,0.55,0.55,-1,-1,0.65,0.25,0.362129,0.139823
2,-1,1,0.6,0.6,-1,-1,0.65,0.25,0.37914,0.132462
2,-1,1,0.65,0.65,-1,-1,0.65,0.25,0.395999,0.127309
2,-1,1,0.7,0.7,-1,-1,0.65,0.25,0.409061,0.121421
2,-1,1,0.75,0.75,-1,-1,0.65,0.25,0.42592,0.11774
2,-1,1,0.8,0.8,-1,-1,0.65,0.25,0.439134,0.111852
2,-1,1,0.85,0.85,-1,-1,0.65,0.25,0.45493,0.109152
2,-1,1,0.9,0.9,-1,-1,0.65,0.25,0.473004,0.107435
2,-1,1,0.95,0.95,-1,-1,0.65,0.25,0.494571,0.106208
2,-1,1,1.0,1.0,-1,-1,0.65,0.25,0.542718,0.105963
2,-1,1,0.05,0.05,-1,-1,0.7,0.25,0.109248,0.508093
2,-1,1,0.1,0.1,-1,-1,0.7,0.25,0.163529,0.378116
2,-1,1,0.15,0.15,-1,-1,0.7,0.25,0.206191,0.304065
2,-1,1,0.2,0.2,-1,-1,0.7,0.25,0.239835,0.249952
2,-1,1,0.25,0.25,-1,-1,0.7,0.25,0.273999,0.208524
2,-1,1,0.3,0.3,-1,-1,0.7,0.25,0.300533,0.184704
2,-1,1,0.35,0.35,-1,-1,0.7,0.25,0.322384,0.160107
2,-1,1,0.4,0.4,-1,-1,0.7,0.25,0.34649,0.142759
2,-1,1,0.45,0.45,-1,-1,0.7,0.25,0.366087,0.126447
2,-1,1,0.5,0.5,-1,-1,0.7,0.25,0.388458,0.116349
2,-1,1,0.55,0.55,-1,-1,0.7,0.25,0.407361,0.105993
2,-1,1,0.6,0.6,-1,-1,0.7,0.25,0.426784,0.098225
2,-1,1,0.65,0.65,-1,-1,0.7,0.25,0.446034,0.092788
2,-1,1,0.7,0.7,-1,-1,0.7,0.25,0.460948,0.086574
2,-1,1,0.75,0.75,-1,-1,0.7,0.25,0.480198,0.08269
2,-1,1,0.8,0.8,-1,-1,0.7,0.25,0.495286,0.076476
2,-1,1,0.85,0.85,-1,-1,0.7,0.25,0.513322,0.073628
2,-1,1,0.9,0.9,-1,-1,0.7,0.25,0.533959,0.071816
2,-1,1,0.95,0.95,-1,-1,0.7,0.25,0.558585,0.070521
2,-1,1,1.0,1.0,-1,-1,0.7,0.25,0.61356,0.070262
2,-1,1,0.05,0.05,-1,-1,0.75,0.25,0.115658,0.498989
2,-1,1,0.1,0.1,-1,-1,0.75,0.25,0.175205,0.364161
2,-1,1,0.15,0.15,-1,-1,0.75,0.25,0.222006,0.287346
2,-1,1,0.2,0.2,-1,-1,0.75,0.25,0.258914,0.231213
2,-1,1,0.25,0.25,-1,-1,0.75,0.25,0.296392,0.188239
2,-1,1,0.3,0.3,-1,-1,0.75,0.25,0.3255,0.163529
2,-1,1,0.35,0.35,-1,-1,0.75,0.25,0.349471,0.138014
2,-1,1,0.4,0.4,-1,-1,0.75,0.25,0.375916,0.120019
2,-1,1,0.45,0.45,-1,-1,0.75,0.25,0.397414,0.103098
2,-1,1,0.5,0.5,-1,-1,0.75,0.25,0.421955,0.092623
2,-1,1,0.55,0.55,-1,-1,0.75,0.25,0.442692,0.081881
2,-1,1,0.6,0.6,-1,-1,0.75,0.25,0.464,0.073823
2,-1,1,0.65,0.65,-1,-1,0.75,0.25,0.485118,0.068183
2,-1,1,0.7,0.7,-1,-1,0.75,0.25,0.501478,0.061737
2,-1,1,0.75,0.75,-1,-1,0.75,0.25,0.522596,0.057708
2,-1,1,0.8,0.8,-1,-1,0.75,0.25,0.539148,0.051262
2,-1,1,0.85,0.85,-1,-1,0.75,0.25,0.558933,0.048307
2,-1,1,0.9,0.9,-1,-1,0.75,0.25,0.581573,0.046428
2,-1,1,0.95,0.95,-1,-1,0.75,0.25,0.608588,0.045085
2,-1,1,1.0,1.0,-1,-1,0.75,0.25,0.668896,0.044816
2,-1,1,0.05,0.05,-1,-1,0.8,0.25,0.122209,0.490021
2,-1,1,0.1,0.1,-1,-1,0.8,0.25,0.187138,0.350413
2,-1,1,0.15,0.15,-1,-1,0.8,0.25,0.238169,0.270876
2,-1,1,0.2,0.2,-1,-1,0.8,0.25,0.278413,0.212753
2,-1,1,0.25,0.25,-1,-1,0.8,0.25,0.319278,0.168256
2,-1,1,0.3,0.3,-1,-1,0.8,0.25,0.351017,0.14267
2,-1,1,0.35,0.35,-1,-1,0.8,0.25,0.377154,0.116251
2,-1,1,0.4,0.4,-1,-1,0.8,0.25,0.405989,0.097618
2,-1,1,0.45,0.45,-1,-1,0.8,0.25,0.42943,0.080097
2,-1,1,0.5,0.5,-1,-1,0.8,0.25,0.456189,0.069251
2,-1,1,0.55,0.55,-1,-1,0.8,0.25,0.4788,0.058127
2,-1,1,0.6,0.6,-1,-1,0.8,0.25,0.502034,0.049784
2,-1,1,0.65,0.65,-1,-1,0.8,0.25,0.52506,0.043944
2,-1,1,0.7,0.7,-1,-1,0.8,0.25,0.542899,0.037269
2,-1,1,0.75,0.75,-1,-1,0.8,0.25,0.565926,0.033098
2,-1,1,0.8,0.8,-1,-1,0.8,0.25,0.583973,0.026423
2,-1,1,0.85,0.85,-1,-1,0.8,0.25,0.605547,0.023364
2,-1,1,0.9,0.9,-1,-1,0.8,0.25,0.630233,0.021418
2,-1,1,0.95,0.95,-1,-1,0.8,0.25,0.659689,0.020027
2,-1,1,1.0,1.0,-1,-1,0.8,0.25,0.725448,0.019749
2,-1,1,0.05,0.05,-1,-1,0.85,0.25,0.127211,0.486624
2,-1,1,0.1,0.1,-1,-1,0.85,0.25,0.196248,0.345206
2,-1,1,0.15,0.15,-1,-1,0.85,0.25,0.250508,0.264637
2,-1,1,0.2,0.2,-1,-1,0.85,0.25,0.293299,0.20576
2,-1,1,0.25,0.25,-1,-1,0.85,0.25,0.33675,0.160686
2,-1,1,0.3,0.3,-1,-1,0.85,0.25,0.370497,0.134769
2,-1,1,0.35,0.35,-1,-1,0.85,0.25,0.398289,0.108007
2,-1,1,0.4,0.4,-1,-1,0.85,0.25,0.428948,0.089133
2,-1,1,0.45,0.45,-1,-1,0.85,0.25,0.453872,0.071385
2,-1,1,0.5,0.5,-1,-1,0.85,0.25,0.482325,0.060398
2,-1,1,0.55,0.55,-1,-1,0.85,0.25,0.506367,0.04913
2,-1,1,0.6,0.6,-1,-1,0.85,0.25,0.531071,0.040679
2,-1,1,0.65,0.65,-1,-1,0.85,0.25,0.555554,0.034763
2,-1,1,0.7,0.7,-1,-1,0.85,0.25,0.574523,0.028002
2,-1,1,0.75,0.75,-1,-1,0.85,0.25,0.599006,0.023776
2,-1,1,0.8,0.8,-1,-1,0.85,0.25,0.618195,0.017015
2,-1,1,0.85,0.85,-1,-1,0.85,0.25,0.641135,0.013916
2,-1,1,0.9,0.9,-1,-1,0.85,0.25,0.667382,0.011944
2,-1,1,0.95,0.95,-1,-1,0.85,0.25,0.698703,0.010536
2,-1,1,1.0,1.0,-1,-1,0.85,0.25,0.768623,0.010254
2,-1,1,0.05,0.05,-1,-1,0.9,0.25,0.132635,0.484722
2,-1,1,0.1,0.1,-1,-1,0.9,0.25,0.206128,0.34229
2,-1,1,0.15,0.15,-1,-1,0.9,0.25,0.26389,0.261144
2,-1,1,0.2,0.2,-1,-1,0.9,0.25,0.309442,0.201845
2,-1,1,0.25,0.25,-1,-1,0.9,0.25,0.355698,0.156448
2,-1,1,0.3,0.3,-1,-1,0.9,0.25,0.391623,0.130345
2,-1,1,0.35,0.35,-1,-1,0.9,0.25,0.421208,0.103391
2,-1,1,0.4,0.4,-1,-1,0.9,0.25,0.453847,0.084381
2,-1,1,0.45,0.45,-1,-1,0.9,0.25,0.48038,0.066506
2,-1,1,0.5,0.5,-1,-1,0.9,0.25,0.510669,0.05544
2,-1,1,0.55,0.55,-1,-1,0.9,0.25,0.536263,0.044092
2,-1,1,0.6,0.6,-1,-1,0.9,0.25,0.562561,0.03558
2,-1,1,0.65,0.65,-1,-1,0.9,0.25,0.588624,0.029621
2,-1,1,0.7,0.7,-1,-1,0.9,0.25,0.608817,0.022812
2,-1,1,0.75,0.75,-1,-1,0.9,0.25,0.63488,0.018556
2,-1,1,0.8,0.8,-1,-1,0.9,0.25,0.655308,0.011746
2,-1,1,0.85,0.85,-1,-1,0.9,0.25,0.679728,0.008625
2,-1,1,0.9,0.9,-1,-1,0.9,0.25,0.70767,0.00664
2,-1,1,0.95,0.95,-1,-1,0.9,0.25,0.741012,0.005221
2,-1,1,1.0,1.0,-1,-1,0.9,0.25,0.815445,0.004937
2,-1,1,0.05,0.05,-1,-1,0.95,0.25,0.138657,0.483363
2,-1,1,0.1,0.1,-1,-1,0.95,0.25,0.217098,0.340207
2,-1,1,0.15,0.15,-1,-1,0.95,0.25,0.278749,0.258648
2,-1,1,0.2,0.2,-1,-1,0.95,0.25,0.327368,0.199048
2,-1,1,0.25,0.25,-1,-1,0.95,0.25,0.376738,0.15342
2,-1,1,0.3,0.3,-1,-1,0.95,0.25,0.415082,0.127184
2,-1,1,0.35,0.35,-1,-1,0.95,0.25,0.446659,0.100093
2,-1,1,0.4,0.4,-1,-1,0.95,0.25,0.481495,0.080987
2,-1,1,0.45,0.45,-1,-1,0.95,0.25,0.509814,0.063021
2,-1,1,0.5,0.5,-1,-1,0.95,0.25,0.542142,0.051899
2,-1,1,0.55,0.55,-1,-1,0.95,0.25,0.569459,0.040493
2,-1,1,0.6,0.6,-1,-1,0.95,0.25,0.597528,0.031938
2,-1,1,0.65,0.65,-1,-1,0.95,0.25,0.625346,0.025949
2,-1,1,0.7,0.7,-1,-1,0.95,0.25,0.646898,0.019105
2,-1,1,0.75,0.75,-1,-1,0.95,0.25,0.674716,0.014827
2,-1,1,0.8,0.8,-1,-1,0.95,0.25,0.696519,0.007983
2,-1,1,0.85,0.85,-1,-1,0.95,0.25,0.722583,0.004846
2,-1,1,0.9,0.9,-1,-1,0.95,0.25,0.752406,0.00285
2,-1,1,0.95,0.95,-1,-1,0.95,0.25,0.787993,0.001424
2,-1,1,1.0,1.0,-1,-1,0.95,0.25,0.867437,0.001139
2,-1,1,0.05,0.05,-1,-1,1.0,0.25,0.154014,0.482955
2,-1,1,0.1,0.1,-1,-1,1.0,0.25,0.24507,0.339582
2,-1,1,0.15,0.15,-1,-1,1.0,0.25,0.316636,0.2579
2,-1,1,0.2,0.2,-1,-1,1.0,0.25,0.373074,0.198209
2,-1,1,0.25,0.25,-1,-1,1.0,0.25,0.430384,0.152512
2,-1,1,0.3,0.3,-1,-1,1.0,0.25,0.474895,0.126236
2,-1,1,0.35,0.35,-1,-1,1.0,0.25,0.51155,0.099105
2,-1,1,0.4,0.4,-1,-1,1.0,0.25,0.551988,0.079969
2,-1,1,0.45,0.45,-1,-1,1.0,0.25,0.584862,0.061976
2,-1,1,0.5,0.5,-1,-1,1.0,0.25,0.62239,0.050837
2,-1,1,0.55,0.55,-1,-1,1.0,0.25,0.6541,0.039414
2,-1,1,0.6,0.6,-1,-1,1.0,0.25,0.686683,0.030845
2,-1,1,0.65,0.65,-1,-1,1.0,0.25,0.718974,0.024847
2,-1,1,0.7,0.7,-1,-1,1.0,0.25,0.743993,0.017993
2,-1,1,0.75,0.75,-1,-1,1.0,0.25,0.776285,0.013709
2,-1,1,0.8,0.8,-1,-1,1.0,0.25,0.801594,0.006854
2,-1,1,0.85,0.85,-1,-1,1.0,0.25,0.83185,0.003713
2,-1,1,0.9,0.9,-1,-1,1.0,0.25,0.866469,0.001714
2,-1,1,0.95,0.95,-1,-1,1.0,0.25,0.907779,0.000286
2,-1,1,1.0,1.0,-1,-1,1.0,0.25,1.0,0.0
2,-1,1,0.05,0.05,-1,-1,0.3,0.3,0.07145,0.669578
2,-1,1,0.1,0.1,-1,-1,0.3,0.3,0.07145,0.669578
2,-1,1,0.15,0.15,-1,-1,0.3,0.3,0.07145,0.669578
2,-1,1,0.2,0.2,-1,-1,0.3,0.3,0.07145,0.669578
2,-1,1,0.25,0.25,-1,-1,0.3,0.3,0.07145,0.669578
2,-1,1,0.3,0.3,-1,-1,0.3,0.3,0.07145,0.669578
2,-1,1,0.35,0.35,-1,-1,0.3,0.3,0.07145,0.669578
2,-1,1,0.4,0.4,-1,-1,0.3,0.3,0.07145,0.669578
2,-1,1,0.45,0.45,-1,-1,0.3,0.3,0.07145,0.669578
2,-1,1,0.5,0.5,-1,-1,0.3,0.3,0.07145,0.669578
2,-1,1,0.55,0.55,-1,-1,0.3,0.3,0.07145,0.669578
2,-1,1,0.6,0.6,-1,-1,0.3,0.3,0.07145,0.669578
2,-1,1,0.65,0.65,-1,-1,0.3,0.3,0.07145,0.669578
2,-1,1,0.7,0.7,-1,-1,0.3,0.3,0.07145,0.669578
2,-1,1,0.75,0.75,-1,-1,0.3,0.3,0.07145,0.669578
2,-1,1,0.8,0.8,-1,-1,0.3,0.3,0.07145,0.669578
2,-1,1,0.85,0.85,-1,-1,0.3,0.3,0.07145,0.669578
2,-1,1,0.9,0.9,-1,-1,0.3,0.3,0.07145,0.669578
2,-1,1,0.95,0.95,-1,-1,0.3,0.3,0.07145,0.669578
2,-1,1,1.0,1.0,-1,-1,0.3,0.3,0.07145,0.669578
2,-1,1,0.05,0.05,-1,-1,0.35,0.3,0.075641,0.641451
2,-1,1,0.1,0.1,-1,-1,0.35,0.3,0.079084,0.626463
2,-1,1,0.15,0.15,-1,-1,0.35,0.3,0.081791,0.617923
2,-1,1,0.2,0.2,-1,-1,0.35,0.3,0.083925,0.611683
2,-1,1,0.25,0.25,-1,-1,0.35,0.3,0.086092,0.606905
2,-1,1,0.3,0.3,-1,-1,0.35,0.3,0.087775,0.604158
2,-1,1,0.35,0.35,-1,-1,0.35,0.3,0.089161,0.601322
2,-1,1,0.4,0.4,-1,-1,0.35,0.3,0.09069,0.599321
2,-1,1,0.45,0.45,-1,-1,0.35,0.3,0.091933,0.59744
2,-1,1,0.5,0.5,-1,-1,0.35,0.3,0.093352,0.596276
2,-1,1,0.55,0.55,-1,-1,0.35,0.3,0.094551,0.595081
2,-1,1,0.6,0.6,-1,-1,0.35,0.3,0.095783,0.594186
2,-1,1,0.65,0.65,-1,-1,0.35,0.3,0.097004,0.593559
2,-1,1,0.7,0.7,-1,-1,0.35,0.3,0.09795,0.592842
2,-1,1,0.75,0.75,-1,-1,0.35,0.3,0.099172,0.592394
2,-1,1,0.8,0.8,-1,-1,0.35,0.3,0.100129,0.591678
2,-1,1,0.85,0.85,-1,-1,0.35,0.3,0.101273,0.591349
2,-1,1,0.9,0.9,-1,-1,0.35,0.3,0.102582,0.59114
2,-1,1,0.95,0.95,-1,-1,0.35,0.3,0.104144,0.590991
2,-1,1,1.0,1.0,-1,-1,0.35,0.3,0.107631,0.590961
2,-1,1,0.05,0.05,-1,-1,0.4,0.3,0.080819,0.61414
2,-1,1,0.1,0.1,-1,-1,0.4,0.3,0.088515,0.584596
2,-1,1,0.15,0.15,-1,-1,0.4,0.3,0.094564,0.567765
2,-1,1,0.2,0.2,-1,-1,0.4,0.3,0.099335,0.555465
2,-1,1,0.25,0.25,-1,-1,0.4,0.3,0.104179,0.546049
2,-1,1,0.3,0.3,-1,-1,0.4,0.3,0.107941,0.540634
2,-1,1,0.35,0.35,-1,-1,0.4,0.3,0.11104,0.535043
2,-1,1,0.4,0.4,-1,-1,0.4,0.3,0.114458,0.5311
2,-1,1,0.45,0.45,-1,-1,0.4,0.3,0.117236,0.527393
2,-1,1,0.5,0.5,-1,-1,0.4,0.3,0.120408,0.525097
2,-1,1,0.55,0.55,-1,-1,0.4,0.3,0.123089,0.522744
2,-1,1,0.6,0.6,-1,-1,0.4,0.3,0.125843,0.520978
2,-1,1,0.65,0.65,-1,-1,0.4,0.3,0.128572,0.519742
2,-1,1,0.7,0.7,-1,-1,0.4,0.3,0.130687,0.51833
2,-1,1,0.75,0.75,-1,-1,0.4,0.3,0.133416,0.517447
2,-1,1,0.8,0.8,-1,-1,0.4,0.3,0.135556,0.516034
2,-1,1,0.85,0.85,-1,-1,0.4,0.3,0.138113,0.515387
2,-1,1,0.9,0.9,-1,-1,0.4,0.3,0.141039,0.514975
2,-1,1,0.95,0.95,-1,-1,0.4,0.3,0.144531,0.514681
2,-1,1,1.0,1.0,-1,-1,0.4,0.3,0.152326,0.514622
2,-1,1,0.05,0.05,-1,-1,0.45,0.3,0.087405,0.583296
2,-1,1,0.1,0.1,-1,-1,0.45,0.3,0.100512,0.537315
2,-1,1,0.15,0.15,-1,-1,0.45,0.3,0.110814,0.511119
2,-1,1,0.2,0.2,-1,-1,0.45,0.3,0.118938,0.491976
2,-1,1,0.25,0.25,-1,-1,0.45,0.3,0.127188,0.47732
2,-1,1,0.3,0.3,-1,-1,0.45,0.3,0.133595,0.468894
2,-1,1,0.35,0.35,-1,-1,0.45,0.3,0.138871,0.460192
2,-1,1,0.4,0.4,-1,-1,0.45,0.3,0.144692,0.454056
2,-1,1,0.45,0.45,-1,-1,0.45,0.3,0.149424,0.448285
2,-1,1,0.5,0.5,-1,-1,0.45,0.3,0.154826,0.444713
2,-1,1,0.55,0.55,-1,-1,0.45,0.3,0.159391,0.441049
2,-1,1,0.6,0.6,-1,-1,0.45,0.3,0.164081,0.438301
2,-1,1,0.65,0.65,-1,-1,0.45,0.3,0.168729,0.436378
2,-1,1,0.7,0.7,-1,-1,0.45,0.3,0.172331,0.434179
2,-1,1,0.75,0.75,-1,-1,0.45,0.3,0.176979,0.432806
2,-1,1,0.8,0.8,-1,-1,0.45,0.3,0.180622,0.430607
2,-1,1,0.85,0.85,-1,-1,0.45,0.3,0.184977,0.4296
2,-1,1,0.9,0.9,-1,-1,0.45,0.3,0.189961,0.428959
2,-1,1,0.95,0.95,-1,-1,0.45,0.3,0.195907,0.428501
2,-1,1,1.0,1.0,-1,-1,0.45,0.3,0.209182,0.428409
2,-1,1,0.05,0.05,-1,-1,0.5,0.3,0.100437,0.539407
2,-1,1,0.1,0.1,-1,-1,0.5,0.3,0.12425,0.470038
2,-1,1,0.15,0.15,-1,-1,0.5,0.3,0.142965,0.430517
2,-1,1,0.2,0.2,-1,-1,0.5,0.3,0.157725,0.401636
2,-1,1,0.25,0.25,-1,-1,0.5,0.3,0.172713,0.379526
2,-1,1,0.3,0.3,-1,-1,0.5,0.3,0.184353,0.366813
2,-1,1,0.35,0.35,-1,-1,0.5,0.3,0.193939,0.353686
2,-1,1,0.4,0.4,-1,-1,0.5,0.3,0.204514,0.344427
2,-1,1,0.45,0.45,-1,-1,0.5,0.3,0.213112,0.335721
2,-1,1,0.5,0.5,-1,-1,0.5,0.3,0.222926,0.330332
2,-1,1,0.55,0.55,-1,-1,0.5,0.3,0.231219,0.324805
2,-1,1,0.6,0.6,-1,-1,0.5,0.3,0.23974,0.320659
2,-1,1,0.65,0.65,-1,-1,0.5,0.3,0.248185,0.317757
2,-1,1,0.7,0.7,-1,-1,0.5,0.3,0.254727,0.314441
2,-1,1,0.75,0.75,-1,-1,0.5,0.3,0.263172,0.312368
2,-1,1,0.8,0.8,-1,-1,0.5,0.3,0.269791,0.309051
2,-1,1,0.85,0.85,-1,-1,0.5,0.3,0.277704,0.307531
2,-1,1,0.9,0.9,-1,-1,0.5,0.3,0.286757,0.306564
2,-1,1,0.95,0.95,-1,-1,0.5,0.3,0.297561,0.305873
2,-1,1,1.0,1.0,-1,-1,0.5,0.3,0.321678,0.305735
2,-1,1,0.05,0.05,-1,-1,0.55,0.3,0.109031,0.508698
2,-1,1,0.1,0.1,-1,-1,0.55,0.3,0.139904,0.422964
2,-1,1,0.15,0.15,-1,-1,0.55,0.3,0.164168,0.37412
2,-1,1,0.2,0.2,-1,-1,0.55,0.3,0.183304,0.338426
2,-1,1,0.25,0.25,-1,-1,0.55,0.3,0.202735,0.3111
2,-1,1,0.3,0.3,-1,-1,0.55,0.3,0.217826,0.295388
2,-1,1,0.35,0.35,-1,-1,0.55,0.3,0.230254,0.279163
2,-1,1,0.4,0.4,-1,-1,0.55,0.3,0.243965,0.267721
2,-1,1,0.45,0.45,-1,-1,0.55,0.3,0.255111,0.256961
2,-1,1,0.5,0.5,-1,-1,0.55,0.3,0.267835,0.250301
2,-1,1,0.55,0.55,-1,-1,0.55,0.3,0.278586,0.243469
2,-1,1,0.6,0.6,-1,-1,0.55,0.3,0.289634,0.238346
2,-1,1,0.65,0.65,-1,-1,0.55,0.3,0.300582,0.234759
2,-1,1,0.7,0.7,-1,-1,0.55,0.3,0.309065,0.23066
2,-1,1,0.75,0.75,-1,-1,0.55,0.3,0.320014,0.228099
2,-1,1,0.8,0.8,-1,-1,0.55,0.3,0.328595,0.224
2,-1,1,0.85,0.85,-1,-1,0.55,0.3,0.338853,0.222121
2,-1,1,0.9,0.9,-1,-1,0.55,0.3,0.350591,0.220926
2,-1,1,0.95,0.95,-1,-1,0.55,0.3,0.364597,0.220072
2,-1,1,1.0,1.0,-1,-1,0.55,0.3,0.395865,0.219901
2,-1,1,0.05,0.05,-1,-1,0.6,0.3,0.117589,0.484784
2,-1,1,0.1,0.1,-1,-1,0.6,0.3,0.155493,0.386305
2,-1,1,0.15,0.15,-1,-1,0.6,0.3,0.185284,0.3302
2,-1,1,0.2,0.2,-1,-1,0.6,0.3,0.208778,0.289201
2,-1,1,0.25,0.25,-1,-1,0.6,0.3,0.232634,0.257813
2,-1,1,0.3,0.3,-1,-1,0.6,0.3,0.251162,0.239765
2,-1,1,0.35,0.35,-1,-1,0.6,0.3,0.266421,0.221129
2,-1,1,0.4,0.4,-1,-1,0.6,0.3,0.283254,0.207985
2,-1,1,0.45,0.45,-1,-1,0.6,0.3,0.296938,0.195626
2,-1,1,0.5,0.5,-1,-1,0.6,0.3,0.31256,0.187975
2,-1,1,0.55,0.55,-1,-1,0.6,0.3,0.32576,0.180129
2,-1,1,0.6,0.6,-1,-1,0.6,0.3,0.339323,0.174244
2,-1,1,0.65,0.65,-1,-1,0.6,0.3,0.352765,0.170124
2,-1,1,0.7,0.7,-1,-1,0.6,0.3,0.36318,0.165416
2,-1,1,0.75,0.75,-1,-1,0.6,0.3,0.376622,0.162473
2,-1,1,0.8,0.8,-1,-1,0.6,0.3,0.387158,0.157765
2,-1,1,0.85,0.85,-1,-1,0.6,0.3,0.399752,0.155607
2,-1,1,0.9,0.9,-1,-1,0.6,0.3,0.414163,0.154234
2,-1,1,0.95,0.95,-1,-1,0.6,0.3,0.431359,0.153253
2,-1,1,1.0,1.0,-1,-1,0.6,0.3,0.469748,0.153057
2,-1,1,0.05,0.05,-1,-1,0.65,0.3,0.126042,0.467935
2,-1,1,0.1,0.1,-1,-1,0.65,0.3,0.17089,0.360478
2,-1,1,0.15,0.15,-1,-1,0.65,0.3,0.206139,0.299258
2,-1,1,0.2,0.2,-1,-1,0.65,0.3,0.233937,0.25452
2,-1,1,0.25,0.25,-1,-1,0.65,0.3,0.262164,0.22027
2,-1,1,0.3,0.3,-1,-1,0.65,0.3,0.284087,0.200576
2,-1,1,0.35,0.35,-1,-1,0.65,0.3,0.30214,0.180241
2,-1,1,0.4,0.4,-1,-1,0.65,0.3,0.322058,0.1659
2,-1,1,0.45,0.45,-1,-1,0.65,0.3,0.338249,0.152413
2,-1,1,0.5,0.5,-1,-1,0.65,0.3,0.356733,0.144065
2,-1,1,0.55,0.55,-1,-1,0.65,0.3,0.372351,0.135503
2,-1,1,0.6,0.6,-1,-1,0.65,0.3,0.388399,0.129081
2,-1,1,0.65,0.65,-1,-1,0.65,0.3,0.404304,0.124586
2,-1,1,0.7,0.7,-1,-1,0.65,0.3,0.416626,0.119449
2,-1,1,0.75,0.75,-1,-1,0.65,0.3,0.432531,0.116238
2,-1,1,0.8,0.8,-1,-1,0.65,0.3,0.444997,0.1111
2,-1,1,0.85,0.85,-1,-1,0.65,0.3,0.459899,0.108746
2,-1,1,0.9,0.9,-1,-1,0.65,0.3,0.47695,0.107247
2,-1,1,0.95,0.95,-1,-1,0.65,0.3,0.497296,0.106177
2,-1,1,1.0,1.0,-1,-1,0.65,0.3,0.542718,0.105963
2,-1,1,0.05,0.05,-1,-1,0.7,0.3,0.134249,0.455163
2,-1,1,0.1,0.1,-1,-1,0.7,0.3,0.185838,0.340899
2,-1,1,0.15,0.15,-1,-1,0.7,0.3,0.226386,0.2758
2,-1,1,0.2,0.2,-1,-1,0.7,0.3,0.258362,0.228229
2,-1,1,0.25,0.25,-1,-1,0.7,0.3,0.290832,0.191809
2,-1,1,0.3,0.3,-1,-1,0.7,0.3,0.316051,0.170869
2,-1,1,0.35,0.35,-1,-1,0.7,0.3,0.336818,0.149245
2,-1,1,0.4,0.4,-1,-1,0.7,0.3,0.359729,0.133995
2,-1,1,0.45,0.45,-1,-1,0.7,0.3,0.378355,0.119655
2,-1,1,0.5,0.5,-1,-1,0.7,0.3,0.399617,0.110778
2,-1,1,0.55,0.55,-1,-1,0.7,0.3,0.417583,0.101673
2,-1,1,0.6,0.6,-1,-1,0.7,0.3,0.436043,0.094845
2,-1,1,0.65,0.65,-1,-1,0.7,0.3,0.454339,0.090065
2,-1,1,0.7,0.7,-1,-1,0.7,0.3,0.468514,0.084602
2,-1,1,0.75,0.75,-1,-1,0.7,0.3,0.486809,0.081188
2,-1,1,0.8,0.8,-1,-1,0.7,0.3,0.501149,0.075725
2,-1,1,0.85,0.85,-1,-1,0.7,0.3,0.518291,0.073221
2,-1,1,0.9,0.9,-1,-1,0.7,0.3,0.537905,0.071628
2,-1,1,0.95,0.95,-1,-1,0.7,0.3,0.56131,0.07049
2,-1,1,1.0,1.0,-1,-1,0.7,0.3,0.61356,0.070262
2,-1,1,0.05,0.05,-1,-1,0.75,0.3,0.140659,0.446059
2,-1,1,0.1,0.1,-1,-1,0.75,0.3,0.197515,0.326944
2,-1,1,0.15,0.15,-1,-1,0.75,0.3,0.242201,0.259081
2,-1,1,0.2,0.2,-1,-1,0.75,0.3,0.277441,0.20949
2,-1,1,0.25,0.25,-1,-1,0.75,0.3,0.313226,0.171524
2,-1,1,0.3,0.3,-1,-1,0.75,0.3,0.341018,0.149694
2,-1,1,0.35,0.35,-1,-1,0.75,0.3,0.363906,0.127153
2,-1,1,0.4,0.4,-1,-1,0.75,0.3,0.389156,0.111255
2,-1,1,0.45,0.45,-1,-1,0.75,0.3,0.409682,0.096306
2,-1,1,0.5,0.5,-1,-1,0.75,0.3,0.433115,0.087052
2,-1,1,0.55,0.55,-1,-1,0.75,0.3,0.452914,0.077561
2,-1,1,0.6,0.6,-1,-1,0.75,0.3,0.473259,0.070442
2,-1,1,0.65,0.65,-1,-1,0.75,0.3,0.493423,0.065459
2,-1,1,0.7,0.7,-1,-1,0.75,0.3,0.509044,0.059765
2,-1,1,0.75,0.75,-1,-1,0.75,0.3,0.529207,0.056205
2,-1,1,0.8,0.8,-1,-1,0.75,0.3,0.545011,0.050511
2,-1,1,0.85,0.85,-1,-1,0.75,0.3,0.563903,0.0479
2,-1,1,0.9,0.9,-1,-1,0.75,0.3,0.585519,0.04624
2,-1,1,0.95,0.95,-1,-1,0.75,0.3,0.611313,0.045053
2,-1,1,1.0,1.0,-1,-1,0.75,0.3,0.668896,0.044816
2,-1,1,0.05,0.05,-1,-1,0.8,0.3,0.14721,0.437091
2,-1,1,0.1,0.1,-1,-1,0.8,0.3,0.209448,0.313196
2,-1,1,0.15,0.15,-1,-1,0.8,0.3,0.258363,0.242611
2,-1,1,0.2,0.2,-1,-1,0.8,0.3,0.296939,0.19103
2,-1,1,0.25,0.25,-1,-1,0.8,0.3,0.336111,0.151541
2,-1,1,0.3,0.3,-1,-1,0.8,0.3,0.366535,0.128835
2,-1,1,0.35,0.35,-1,-1,0.8,0.3,0.391589,0.105389
2,-1,1,0.4,0.4,-1,-1,0.8,0.3,0.419228,0.088854
2,-1,1,0.45,0.45,-1,-1,0.8,0.3,0.441698,0.073305
2,-1,1,0.5,0.5,-1,-1,0.8,0.3,0.467348,0.063679
2,-1,1,0.55,0.55,-1,-1,0.8,0.3,0.489022,0.053808
2,-1,1,0.6,0.6,-1,-1,0.8,0.3,0.511293,0.046404
2,-1,1,0.65,0.65,-1,-1,0.8,0.3,0.533365,0.041221
2,-1,1,0.7,0.7,-1,-1,0.8,0.3,0.550465,0.035297
2,-1,1,0.75,0.75,-1,-1,0.8,0.3,0.572537,0.031595
2,-1,1,0.8,0.8,-1,-1,0.8,0.3,0.589836,0.025672
2,-1,1,0.85,0.85,-1,-1,0.8,0.3,0.610516,0.022957
2,-1,1,0.9,0.9,-1,-1,0.8,0.3,0.634179,0.02123
2,-1,1,0.95,0.95,-1,-1,0.8,0.3,0.662414,0.019996
2,-1,1,1.0,1.0,-1,-1,0.8,0.3,0.725448,0.019749
2,-1,1,0.05,0.05,-1,-1,0.85,0.3,0.152211,0.433694
2,-1,1,0.1,0.1,-1,-1,0.85,0.3,0.218558,0.307989
2,-1,1,0.15,0.15,-1,-1,0.85,0.3,0.270703,0.236372
2,-1,1,0.2,0.2,-1,-1,0.85,0.3,0.311825,0.184037
2,-1,1,0.25,0.25,-1,-1,0.85,0.3,0.353583,0.143972
2,-1,1,0.3,0.3,-1,-1,0.85,0.3,0.386015,0.120934
2,-1,1,0.35,0.35,-1,-1,0.85,0.3,0.412723,0.097146
2,-1,1,0.4,0.4,-1,-1,0.85,0.3,0.442188,0.080368
2,-1,1,0.45,0.45,-1,-1,0.85,0.3,0.466141,0.064592
2,-1,1,0.5,0.5,-1,-1,0.85,0.3,0.493484,0.054826
2,-1,1,0.55,0.55,-1,-1,0.85,0.3,0.516589,0.04481
2,-1,1,0.6,0.6,-1,-1,0.85,0.3,0.54033,0.037298
2,-1,1,0.65,0.65,-1,-1,0.85,0.3,0.563859,0.032039
2,-1,1,0.7,0.7,-1,-1,0.85,0.3,0.582088,0.02603
2,-1,1,0.75,0.75,-1,-1,0.85,0.3,0.605617,0.022273
2,-1,1,0.8,0.8,-1,-1,0.85,0.3,0.624059,0.016264
2,-1,1,0.85,0.85,-1,-1,0.85,0.3,0.646104,0.013509
2,-1,1,0.9,0.9,-1,-1,0.85,0.3,0.671328,0.011757
2,-1,1,0.95,0.95,-1,-1,0.85,0.3,0.701428,0.010505
2,-1,1,1.0,1.0,-1,-1,0.85,0.3,0.768623,0.010254
2,-1,1,0.05,0.05,-1,-1,0.9,0.3,0.157635,0.431791
2,-1,1,0.1,0.1,-1,-1,0.9,0.3,0.228437,0.305073
2,-1,1,0.15,0.15,-1,-1,0.9,0.3,0.284085,0.232879
2,-1,1,0.2,0.2,-1,-1,0.9,0.3,0.327969,0.180122
2,-1,1,0.25,0.25,-1,-1,0.9,0.3,0.372531,0.139733
2,-1,1,0.3,0.3,-1,-1,0.9,0.3,0.407141,0.11651
2,-1,1,0.35,0.35,-1,-1,0.9,0.3,0.435643,0.092529
2,-1,1,0.4,0.4,-1,-1,0.9,0.3,0.467086,0.075617
2,-1,1,0.45,0.45,-1,-1,0.9,0.3,0.492648,0.059713
2,-1,1,0.5,0.5,-1,-1,0.9,0.3,0.521828,0.049869
2,-1,1,0.55,0.55,-1,-1,0.9,0.3,0.546485,0.039772
2,-1,1,0.6,0.6,-1,-1,0.9,0.3,0.57182,0.032199
2,-1,1,0.65,0.65,-1,-1,0.9,0.3,0.596929,0.026898
2,-1,1,0.7,0.7,-1,-1,0.9,0.3,0.616382,0.02084
2,-1,1,0.75,0.75,-1,-1,0.9,0.3,0.641492,0.017053
2,-1,1,0.8,0.8,-1,-1,0.9,0.3,0.661172,0.010995
2,-1,1,0.85,0.85,-1,-1,0.9,0.3,0.684698,0.008218
2,-1,1,0.9,0.9,-1,-1,0.9,0.3,0.711616,0.006452
2,-1,1,0.95,0.95,-1,-1,0.9,0.3,0.743737,0.00519
2,-1,1,1.0,1.0,-1,-1,0.9,0.3,0.815445,0.004937
2,-1,1,0.05,0.05,-1,-1,0.95,0.3,0.163658,0.430433
2,-1,1,0.1,0.1,-1,-1,0.95,0.3,0.239408,0.30299
2,-1,1,0.15,0.15,-1,-1,0.95,0.3,0.298944,0.230383
2,-1,1,0.2,0.2,-1,-1,0.95,0.3,0.345895,0.177325
2,-1,1,0.25,0.25,-1,-1,0.95,0.3,0.393572,0.136705
2,-1,1,0.3,0.3,-1,-1,0.95,0.3,0.4306,0.113349
2,-1,1,0.35,0.35,-1,-1,0.95,0.3,0.461094,0.089232
2,-1,1,0.4,0.4,-1,-1,0.95,0.3,0.494734,0.072223
2,-1,1,0.45,0.45,-1,-1,0.95,0.3,0.522082,0.056228
2,-1,1,0.5,0.5,-1,-1,0.95,0.3,0.553302,0.046327
2,-1,1,0.55,0.55,-1,-1,0.95,0.3,0.579681,0.036173
2,-1,1,0.6,0.6,-1,-1,0.95,0.3,0.606787,0.028557
2,-1,1,0.65,0.65,-1,-1,0.95,0.3,0.633651,0.023226
2,-1,1,0.7,0.7,-1,-1,0.95,0.3,0.654464,0.017133
2,-1,1,0.75,0.75,-1,-1,0.95,0.3,0.681327,0.013325
2,-1,1,0.8,0.8,-1,-1,0.95,0.3,0.702383,0.007232
2,-1,1,0.85,0.85,-1,-1,0.95,0.3,0.727553,0.004439
2,-1,1,0.9,0.9,-1,-1,0.95,0.3,0.756352,0.002662
2,-1,1,0.95,0.95,-1,-1,0.95,0.3,0.790718,0.001393
2,-1,1,1.0,1.0,-1,-1,0.95,0.3,0.867437,0.001139
2,-1,1,0.05,0.05,-1,-1,1.0,0.3,0.179014,0.430025
2,-1,1,0.1,0.1,-1,-1,1.0,0.3,0.26738,0.302365
2,-1,1,0.15,0.15,-1,-1,1.0,0.3,0.336831,0.229635
2,-1,1,0.2,0.2,-1,-1,1.0,0.3,0.391601,0.176486
2,-1,1,0.25,0.25,-1,-1,1.0,0.3,0.447217,0.135797
2,-1,1,0.3,0.3,-1,-1,1.0,0.3,0.490413,0.112401
2,-1,1,0.35,0.35,-1,-1,1.0,0.3,0.525985,0.088243
2,-1,1,0.4,0.4,-1,-1,1.0,0.3,0.565228,0.071205
2,-1,1,0.45,0.45,-1,-1,1.0,0.3,0.59713,0.055183
2,-1,1,0.5,0.5,-1,-1,1.0,0.3,0.633549,0.045265
2,-1,1,0.55,0.55,-1,-1,1.0,0.3,0.664322,0.035094
2,-1,1,0.6,0.6,-1,-1,1.0,0.3,0.695942,0.027465
2,-1,1,0.65,0.65,-1,-1,1.0,0.3,0.727279,0.022124
2,-1,1,0.7,0.7,-1,-1,1.0,0.3,0.751558,0.016021
2,-1,1,0.75,0.75,-1,-1,1.0,0.3,0.782896,0.012206
2,-1,1,0.8,0.8,-1,-1,1.0,0.3,0.807458,0.006103
2,-1,1,0.85,0.85,-1,-1,1.0,0.3,0.836819,0.003306
2,-1,1,0.9,0.9,-1,-1,1.0,0.3,0.870415,0.001526
2,-1,1,0.95,0.95,-1,-1,1.0,0.3,0.910504,0.000254
2,-1,1,1.0,1.0,-1,-1,1.0,0.3,1.0,0.0
2,-1,1,0.05,0.05,-1,-1,0.35,0.35,0.107631,0.590961
2,-1,1,0.1,0.1,-1,-1,0.35,0.35,0.107631,0.590961
2,-1,1,0.15,0.15,-1,-1,0.35,0.35,0.107631,0.590961
2,-1,1,0.2,0.2,-1,-1,0.35,0.35,0.107631,0.590961
2,-1,1,0.25,0.25,-1,-1,0.35,0.35,0.107631,0.590961
2,-1,1,0.3,0.3,-1,-1,0.35,0.35,0.107631,0.590961
2,-1,1,0.35,0.35,-1,-1,0.35,0.35,0.107631,0.590961
2,-1,1,0.4,0.4,-1,-1,0.35,0.35,0.107631,0.590961
2,-1,1,0.45,0.45,-1,-1,0.35,0.35,0.107631,0.590961
2,-1,1,0.5,0.5,-1,-1,0.35,0.35,0.107631,0.590961
2,-1,1,0.55,0.55,-1,-1,0.35,0.35,0.107631,0.590961
2,-1,1,0.6,0.6,-1,-1,0.35,0.35,0.107631,0.590961
2,-1,1,0.65,0.65,-1,-1,0.35,0.35,0.107631,0.590961
2,-1,1,0.7,0.7,-1,-1,0.35,0.35,0.107631,0.590961
2,-1,1,0.75,0.75,-1,-1,0.35,0.35,0.107631,0.590961
2,-1,1,0.8,0.8,-1,-1,0.35,0.35,0.107631,0.590961
2,-1,1,0.85,0.85,-1,-1,0.35,0.35,0.107631,0.590961
2,-1,1,0.9,0.9,-1,-1,0.35,0.35,0.107631,0.590961
2,-1,1,0.95,0.95,-1,-1,0.35,0.35,0.107631,0.590961
2,-1,1,1.0,1.0,-1,-1,0.35,0.35,0.107631,0.590961
2,-1,1,0.05,0.05,-1,-1,0.4,0.35,0.112809,0.563649
2,-1,1,0.1,0.1,-1,-1,0.4,0.35,0.117062,0.549095
2,-1,1,0.15,0.15,-1,-1,0.4,0.35,0.120405,0.540803
2,-1,1,0.2,0.2,-1,-1,0.4,0.35,0.123041,0.534743
2,-1,1,0.25,0.25,-1,-1,0.4,0.35,0.125718,0.530104
2,-1,1,0.3,0.3,-1,-1,0.4,0.35,0.127797,0.527437
2,-1,1,0.35,0.35,-1,-1,0.4,0.35,0.12951,0.524683
2,-1,1,0.4,0.4,-1,-1,0.4,0.35,0.131399,0.52274
2,-1,1,0.45,0.45,-1,-1,0.4,0.35,0.132934,0.520913
2,-1,1,0.5,0.5,-1,-1,0.4,0.35,0.134687,0.519783
2,-1,1,0.55,0.55,-1,-1,0.4,0.35,0.136168,0.518623
2,-1,1,0.6,0.6,-1,-1,0.4,0.35,0.13769,0.517753
2,-1,1,0.65,0.65,-1,-1,0.4,0.35,0.139199,0.517144
2,-1,1,0.7,0.7,-1,-1,0.4,0.35,0.140367,0.516449
2,-1,1,0.75,0.75,-1,-1,0.4,0.35,0.141876,0.516014
2,-1,1,0.8,0.8,-1,-1,0.4,0.35,0.143058,0.515318
2,-1,1,0.85,0.85,-1,-1,0.4,0.35,0.144471,0.514999
2,-1,1,0.9,0.9,-1,-1,0.4,0.35,0.146089,0.514796
2,-1,1,0.95,0.95,-1,-1,0.4,0.35,0.148018,0.514651
2,-1,1,1.0,1.0,-1,-1,0.4,0.35,0.152326,0.514622
2,-1,1,0.05,0.05,-1,-1,0.45,0.35,0.119395,0.532805
2,-1,1,0.1,0.1,-1,-1,0.45,0.35,0.129059,0.501814
2,-1,1,0.15,0.15,-1,-1,0.45,0.35,0.136654,0.484157
2,-1,1,0.2,0.2,-1,-1,0.45,0.35,0.142644,0.471254
2,-1,1,0.25,0.25,-1,-1,0.45,0.35,0.148727,0.461376
2,-1,1,0.3,0.3,-1,-1,0.45,0.35,0.153451,0.455696
2,-1,1,0.35,0.35,-1,-1,0.45,0.35,0.157341,0.449832
2,-1,1,0.4,0.4,-1,-1,0.45,0.35,0.161633,0.445695
2,-1,1,0.45,0.45,-1,-1,0.45,0.35,0.165122,0.441806
2,-1,1,0.5,0.5,-1,-1,0.45,0.35,0.169105,0.439398
2,-1,1,0.55,0.55,-1,-1,0.45,0.35,0.172471,0.436929
2,-1,1,0.6,0.6,-1,-1,0.45,0.35,0.175929,0.435077
2,-1,1,0.65,0.65,-1,-1,0.45,0.35,0.179356,0.43378
2,-1,1,0.7,0.7,-1,-1,0.45,0.35,0.182011,0.432298
2,-1,1,0.75,0.75,-1,-1,0.45,0.35,0.185438,0.431372
2,-1,1,0.8,0.8,-1,-1,0.45,0.35,0.188125,0.429891
2,-1,1,0.85,0.85,-1,-1,0.45,0.35,0.191336,0.429212
2,-1,1,0.9,0.9,-1,-1,0.45,0.35,0.19501,0.428779
2,-1,1,0.95,0.95,-1,-1,0.45,0.35,0.199394,0.428471
2,-1,1,1.0,1.0,-1,-1,0.45,0.35,0.209182,0.428409
2,-1,1,0.05,0.05,-1,-1,0.5,0.35,0.132426,0.488917
2,-1,1,0.1,0.1,-1,-1,0.5,0.35,0.152796,0.434536
2,-1,1,0.15,0.15,-1,-1,0.5,0.35,0.168806,0.403555
2,-1,1,0.2,0.2,-1,-1,0.5,0.35,0.181431,0.380914
2,-1,1,0.25,0.25,-1,-1,0.5,0.35,0.194252,0.363582
2,-1,1,0.3,0.3,-1,-1,0.5,0.35,0.204209,0.353616
2,-1,1,0.35,0.35,-1,-1,0.5,0.35,0.212409,0.343325
2,-1,1,0.4,0.4,-1,-1,0.5,0.35,0.221455,0.336067
2,-1,1,0.45,0.45,-1,-1,0.5,0.35,0.228809,0.329242
2,-1,1,0.5,0.5,-1,-1,0.5,0.35,0.237205,0.325017
2,-1,1,0.55,0.55,-1,-1,0.5,0.35,0.244298,0.320684
2,-1,1,0.6,0.6,-1,-1,0.5,0.35,0.251587,0.317434
2,-1,1,0.65,0.65,-1,-1,0.5,0.35,0.258811,0.315159
2,-1,1,0.7,0.7,-1,-1,0.5,0.35,0.264408,0.31256
2,-1,1,0.75,0.75,-1,-1,0.5,0.35,0.271632,0.310935
2,-1,1,0.8,0.8,-1,-1,0.5,0.35,0.277294,0.308335
2,-1,1,0.85,0.85,-1,-1,0.5,0.35,0.284062,0.307143
2,-1,1,0.9,0.9,-1,-1,0.5,0.35,0.291806,0.306385
2,-1,1,0.95,0.95,-1,-1,0.5,0.35,0.301048,0.305843
2,-1,1,1.0,1.0,-1,-1,0.5,0.35,0.321678,0.305735
2,-1,1,0.05,0.05,-1,-1,0.55,0.35,0.14102,0.458208
2,-1,1,0.1,0.1,-1,-1,0.55,0.35,0.16845,0.387463
2,-1,1,0.15,0.15,-1,-1,0.55,0.35,0.190009,0.347158
2,-1,1,0.2,0.2,-1,-1,0.55,0.35,0.20701,0.317704
2,-1,1,0.25,0.25,-1,-1,0.55,0.35,0.224274,0.295156
2,-1,1,0.3,0.3,-1,-1,0.55,0.35,0.237682,0.28219
2,-1,1,0.35,0.35,-1,-1,0.55,0.35,0.248724,0.268803
2,-1,1,0.4,0.4,-1,-1,0.55,0.35,0.260906,0.259361
2,-1,1,0.45,0.45,-1,-1,0.55,0.35,0.270809,0.250482
2,-1,1,0.5,0.5,-1,-1,0.55,0.35,0.282114,0.244986
2,-1,1,0.55,0.55,-1,-1,0.55,0.35,0.291666,0.239349
2,-1,1,0.6,0.6,-1,-1,0.55,0.35,0.301481,0.235121
2,-1,1,0.65,0.65,-1,-1,0.55,0.35,0.311209,0.232162
2,-1,1,0.7,0.7,-1,-1,0.55,0.35,0.318745,0.228779
2,-1,1,0.75,0.75,-1,-1,0.55,0.35,0.328473,0.226665
2,-1,1,0.8,0.8,-1,-1,0.55,0.35,0.336097,0.223283
2,-1,1,0.85,0.85,-1,-1,0.55,0.35,0.345212,0.221733
2,-1,1,0.9,0.9,-1,-1,0.55,0.35,0.35564,0.220747
2,-1,1,0.95,0.95,-1,-1,0.55,0.35,0.368084,0.220042
2,-1,1,1.0,1.0,-1,-1,0.55,0.35,0.395865,0.219901
2,-1,1,0.05,0.05,-1,-1,0.6,0.35,0.149579,0.434293
2,-1,1,0.1,0.1,-1,-1,0.6,0.35,0.18404,0.350804
2,-1,1,0.15,0.15,-1,-1,0.6,0.35,0.211124,0.303238
2,-1,1,0.2,0.2,-1,-1,0.6,0.35,0.232484,0.268479
2,-1,1,0.25,0.25,-1,-1,0.6,0.35,0.254173,0.241868
2,-1,1,0.3,0.3,-1,-1,0.6,0.35,0.271019,0.226568
2,-1,1,0.35,0.35,-1,-1,0.6,0.35,0.284891,0.210768
2,-1,1,0.4,0.4,-1,-1,0.6,0.35,0.300195,0.199625
2,-1,1,0.45,0.45,-1,-1,0.6,0.35,0.312636,0.189147
2,-1,1,0.5,0.5,-1,-1,0.6,0.35,0.326839,0.182661
2,-1,1,0.55,0.55,-1,-1,0.6,0.35,0.33884,0.176008
2,-1,1,0.6,0.6,-1,-1,0.6,0.35,0.351171,0.171019
2,-1,1,0.65,0.65,-1,-1,0.6,0.35,0.363392,0.167526
2,-1,1,0.7,0.7,-1,-1,0.6,0.35,0.37286,0.163535
2,-1,1,0.75,0.75,-1,-1,0.6,0.35,0.385081,0.16104
2,-1,1,0.8,0.8,-1,-1,0.6,0.35,0.39466,0.157048
2,-1,1,0.85,0.85,-1,-1,0.6,0.35,0.406111,0.155219
2,-1,1,0.9,0.9,-1,-1,0.6,0.35,0.419212,0.154055
2,-1,1,0.95,0.95,-1,-1,0.6,0.35,0.434846,0.153223
2,-1,1,1.0,1.0,-1,-1,0.6,0.35,0.469748,0.153057
2,-1,1,0.05,0.05,-1,-1,0.65,0.35,0.158032,0.417445
2,-1,1,0.1,0.1,-1,-1,0.65,0.35,0.199437,0.324976
2,-1,1,0.15,0.15,-1,-1,0.65,0.35,0.231979,0.272295
2,-1,1,0.2,0.2,-1,-1,0.65,0.35,0.257643,0.233798
2,-1,1,0.25,0.25,-1,-1,0.65,0.35,0.283703,0.204325
2,-1,1,0.3,0.3,-1,-1,0.65,0.35,0.303943,0.187379
2,-1,1,0.35,0.35,-1,-1,0.65,0.35,0.32061,0.16988
2,-1,1,0.4,0.4,-1,-1,0.65,0.35,0.338999,0.157539
2,-1,1,0.45,0.45,-1,-1,0.65,0.35,0.353947,0.145934
2,-1,1,0.5,0.5,-1,-1,0.65,0.35,0.371011,0.13875
2,-1,1,0.55,0.55,-1,-1,0.65,0.35,0.385431,0.131383
2,-1,1,0.6,0.6,-1,-1,0.65,0.35,0.400247,0.125857
2,-1,1,0.65,0.65,-1,-1,0.65,0.35,0.41493,0.121988
2,-1,1,0.7,0.7,-1,-1,0.65,0.35,0.426307,0.117568
2,-1,1,0.75,0.75,-1,-1,0.65,0.35,0.44099,0.114805
2,-1,1,0.8,0.8,-1,-1,0.65,0.35,0.452499,0.110384
2,-1,1,0.85,0.85,-1,-1,0.65,0.35,0.466257,0.108357
2,-1,1,0.9,0.9,-1,-1,0.65,0.35,0.481999,0.107068
2,-1,1,0.95,0.95,-1,-1,0.65,0.35,0.500783,0.106147
2,-1,1,1.0,1.0,-1,-1,0.65,0.35,0.542718,0.105963
2,-1,1,0.05,0.05,-1,-1,0.7,0.35,0.166238,0.404672
2,-1,1,0.1,0.1,-1,-1,0.7,0.35,0.214385,0.305397
2,-1,1,0.15,0.15,-1,-1,0.7,0.35,0.252226,0.248838
2,-1,1,0.2,0.2,-1,-1,0.7,0.35,0.282068,0.207507
2,-1,1,0.25,0.25,-1,-1,0.7,0.35,0.312371,0.175865
2,-1,1,0.3,0.3,-1,-1,0.7,0.35,0.335907,0.157671
2,-1,1,0.35,0.35,-1,-1,0.7,0.35,0.355288,0.138884
2,-1,1,0.4,0.4,-1,-1,0.7,0.35,0.37667,0.125635
2,-1,1,0.45,0.45,-1,-1,0.7,0.35,0.394053,0.113175
2,-1,1,0.5,0.5,-1,-1,0.7,0.35,0.413896,0.105463
2,-1,1,0.55,0.55,-1,-1,0.7,0.35,0.430663,0.097553
2,-1,1,0.6,0.6,-1,-1,0.7,0.35,0.447891,0.09162
2,-1,1,0.65,0.65,-1,-1,0.7,0.35,0.464966,0.087467
2,-1,1,0.7,0.7,-1,-1,0.7,0.35,0.478194,0.082721
2,-1,1,0.75,0.75,-1,-1,0.7,0.35,0.495269,0.079754
2,-1,1,0.8,0.8,-1,-1,0.7,0.35,0.508652,0.075008
2,-1,1,0.85,0.85,-1,-1,0.7,0.35,0.52465,0.072833
2,-1,1,0.9,0.9,-1,-1,0.7,0.35,0.542955,0.071449
2,-1,1,0.95,0.95,-1,-1,0.7,0.35,0.564798,0.07046
2,-1,1,1.0,1.0,-1,-1,0.7,0.35,0.61356,0.070262
2,-1,1,0.05,0.05,-1,-1,0.75,0.35,0.172648,0.395568
2,-1,1,0.1,0.1,-1,-1,0.75,0.35,0.226061,0.291442
2,-1,1,0.15,0.15,-1,-1,0.75,0.35,0.268041,0.232119
2,-1,1,0.2,0.2,-1,-1,0.75,0.35,0.301147,0.188768
2,-1,1,0.25,0.25,-1,-1,0.75,0.35,0.334765,0.15558
2,-1,1,0.3,0.3,-1,-1,0.75,0.35,0.360874,0.136497
2,-1,1,0.35,0.35,-1,-1,0.75,0.35,0.382376,0.116792
2,-1,1,0.4,0.4,-1,-1,0.75,0.35,0.406097,0.102895
2,-1,1,0.45,0.45,-1,-1,0.75,0.35,0.42538,0.089827
2,-1,1,0.5,0.5,-1,-1,0.75,0.35,0.447393,0.081737
2,-1,1,0.55,0.55,-1,-1,0.75,0.35,0.465994,0.073441
2,-1,1,0.6,0.6,-1,-1,0.75,0.35,0.485107,0.067218
2,-1,1,0.65,0.65,-1,-1,0.75,0.35,0.504049,0.062862
2,-1,1,0.7,0.7,-1,-1,0.75,0.35,0.518724,0.057884
2,-1,1,0.75,0.75,-1,-1,0.75,0.35,0.537667,0.054772
2,-1,1,0.8,0.8,-1,-1,0.75,0.35,0.552513,0.049794
2,-1,1,0.85,0.85,-1,-1,0.75,0.35,0.570261,0.047512
2,-1,1,0.9,0.9,-1,-1,0.75,0.35,0.590568,0.046061
2,-1,1,0.95,0.95,-1,-1,0.75,0.35,0.6148,0.045024
2,-1,1,1.0,1.0,-1,-1,0.75,0.35,0.668896,0.044816
2,-1,1,0.05,0.05,-1,-1,0.8,0.35,0.1792,0.3866
2,-1,1,0.1,0.1,-1,-1,0.8,0.35,0.237994,0.277695
2,-1,1,0.15,0.15,-1,-1,0.8,0.35,0.284204,0.215649
2,-1,1,0.2,0.2,-1,-1,0.8,0.35,0.320646,0.170308
2,-1,1,0.25,0.25,-1,-1,0.8,0.35,0.35765,0.135597
2,-1,1,0.3,0.3,-1,-1,0.8,0.35,0.386391,0.115638
2,-1,1,0.35,0.35,-1,-1,0.8,0.35,0.410059,0.095028
2,-1,1,0.4,0.4,-1,-1,0.8,0.35,0.436169,0.080493
2,-1,1,0.45,0.45,-1,-1,0.8,0.35,0.457396,0.066825
2,-1,1,0.5,0.5,-1,-1,0.8,0.35,0.481627,0.058365
2,-1,1,0.55,0.55,-1,-1,0.8,0.35,0.502102,0.049687
2,-1,1,0.6,0.6,-1,-1,0.8,0.35,0.523141,0.043179
2,-1,1,0.65,0.65,-1,-1,0.8,0.35,0.543991,0.038623
2,-1,1,0.7,0.7,-1,-1,0.8,0.35,0.560146,0.033416
2,-1,1,0.75,0.75,-1,-1,0.8,0.35,0.580996,0.030162
2,-1,1,0.8,0.8,-1,-1,0.8,0.35,0.597339,0.024956
2,-1,1,0.85,0.85,-1,-1,0.8,0.35,0.616875,0.022569
2,-1,1,0.9,0.9,-1,-1,0.8,0.35,0.639228,0.021051
2,-1,1,0.95,0.95,-1,-1,0.8,0.35,0.665902,0.019966
2,-1,1,1.0,1.0,-1,-1,0.8,0.35,0.725448,0.019749
2,-1,1,0.05,0.05,-1,-1,0.85,0.35,0.184201,0.383203
2,-1,1,0.1,0.1,-1,-1,0.85,0.35,0.247104,0.272487
2,-1,1,0.15,0.15,-1,-1,0.85,0.35,0.296543,0.20941
2,-1,1,0.2,0.2,-1,-1,0.85,0.35,0.335532,0.163316
2,-1,1,0.25,0.25,-1,-1,0.85,0.35,0.375123,0.128027
2,-1,1,0.3,0.3,-1,-1,0.85,0.35,0.405871,0.107737
2,-1,1,0.35,0.35,-1,-1,0.85,0.35,0.431193,0.086785
2,-1,1,0.4,0.4,-1,-1,0.85,0.35,0.459129,0.072008
2,-1,1,0.45,0.45,-1,-1,0.85,0.35,0.481838,0.058113
2,-1,1,0.5,0.5,-1,-1,0.85,0.35,0.507763,0.049512
2,-1,1,0.55,0.55,-1,-1,0.85,0.35,0.529669,0.04069
2,-1,1,0.6,0.6,-1,-1,0.85,0.35,0.552178,0.034073
2,-1,1,0.65,0.65,-1,-1,0.85,0.35,0.574486,0.029442
2,-1,1,0.7,0.7,-1,-1,0.85,0.35,0.591769,0.024149
2,-1,1,0.75,0.75,-1,-1,0.85,0.35,0.614076,0.02084
2,-1,1,0.8,0.8,-1,-1,0.85,0.35,0.631561,0.015547
2,-1,1,0.85,0.85,-1,-1,0.85,0.35,0.652462,0.013121
2,-1,1,0.9,0.9,-1,-1,0.85,0.35,0.676378,0.011577
2,-1,1,0.95,0.95,-1,-1,0.85,0.35,0.704915,0.010475
2,-1,1,1.0,1.0,-1,-1,0.85,0.35,0.768623,0.010254
2,-1,1,0.05,0.05,-1,-1,0.9,0.35,0.189625,0.381301
2,-1,1,0.1,0.1,-1,-1,0.9,0.35,0.256984,0.269571
2,-1,1,0.15,0.15,-1,-1,0.9,0.35,0.309925,0.205917
2,-1,1,0.2,0.2,-1,-1,0.9,0.35,0.351675,0.1594
2,-1,1,0.25,0.25,-1,-1,0.9,0.35,0.394071,0.123789
2,-1,1,0.3,0.3,-1,-1,0.9,0.35,0.426997,0.103312
2,-1,1,0.35,0.35,-1,-1,0.9,0.35,0.454113,0.082169
2,-1,1,0.4,0.4,-1,-1,0.9,0.35,0.484027,0.067257
2,-1,1,0.45,0.45,-1,-1,0.9,0.35,0.508346,0.053234
2,-1,1,0.5,0.5,-1,-1,0.9,0.35,0.536107,0.044554
2,-1,1,0.55,0.55,-1,-1,0.9,0.35,0.559565,0.035652
2,-1,1,0.6,0.6,-1,-1,0.9,0.35,0.583668,0.028975
2,-1,1,0.65,0.65,-1,-1,0.9,0.35,0.607556,0.0243
2,-1,1,0.7,0.7,-1,-1,0.9,0.35,0.626063,0.018959
2,-1,1,0.75,0.75,-1,-1,0.9,0.35,0.649951,0.01562
2,-1,1,0.8,0.8,-1,-1,0.9,0.35,0.668674,0.010279
2,-1,1,0.85,0.85,-1,-1,0.9,0.35,0.691056,0.00783
2,-1,1,0.9,0.9,-1,-1,0.9,0.35,0.716665,0.006273
2,-1,1,0.95,0.95,-1,-1,0.9,0.35,0.747224,0.00516
2,-1,1,1.0,1.0,-1,-1,0.9,0.35,0.815445,0.004937
2,-1,1,0.05,0.05,-1,-1,0.95,0.35,0.195648,0.379942
2,-1,1,0.1,0.1,-1,-1,0.95,0.35,0.267955,0.267488
2,-1,1,0.15,0.15,-1,-1,0.95,0.35,0.324784,0.203421
2,-1,1,0.2,0.2,-1,-1,0.95,0.35,0.369601,0.156603
2,-1,1,0.25,0.25,-1,-1,0.95,0.35,0.415111,0.120761
2,-1,1,0.3,0.3,-1,-1,0.95,0.35,0.450456,0.100152
2,-1,1,0.35,0.35,-1,-1,0.95,0.35,0.479564,0.078871
2,-1,1,0.4,0.4,-1,-1,0.95,0.35,0.511675,0.063862
2,-1,1,0.45,0.45,-1,-1,0.95,0.35,0.53778,0.049749
2,-1,1,0.5,0.5,-1,-1,0.95,0.35,0.56758,0.041013
2,-1,1,0.55,0.55,-1,-1,0.95,0.35,0.592761,0.032053
2,-1,1,0.6,0.6,-1,-1,0.95,0.35,0.618635,0.025332
2,-1,1,0.65,0.65,-1,-1,0.95,0.35,0.644277,0.020628
2,-1,1,0.7,0.7,-1,-1,0.95,0.35,0.664144,0.015252
2,-1,1,0.75,0.75,-1,-1,0.95,0.35,0.689787,0.011891
2,-1,1,0.8,0.8,-1,-1,0.95,0.35,0.709885,0.006515
2,-1,1,0.85,0.85,-1,-1,0.95,0.35,0.733911,0.004051
2,-1,1,0.9,0.9,-1,-1,0.95,0.35,0.761402,0.002483
2,-1,1,0.95,0.95,-1,-1,0.95,0.35,0.794205,0.001363
2,-1,1,1.0,1.0,-1,-1,0.95,0.35,0.867437,0.001139
2,-1,1,0.05,0.05,-1,-1,1.0,0.35,0.211004,0.379535
2,-1,1,0.1,0.1,-1,-1,1.0,0.35,0.295926,0.266864
2,-1,1,0.15,0.15,-1,-1,1.0,0.35,0.362671,0.202673
2,-1,1,0.2,0.2,-1,-1,1.0,0.35,0.415307,0.155764
2,-1,1,0.25,0.25,-1,-1,1.0,0.35,0.468757,0.119853
2,-1,1,0.3,0.3,-1,-1,1.0,0.35,0.510269,0.099204
2,-1,1,0.35,0.35,-1,-1,1.0,0.35,0.544455,0.077882
2,-1,1,0.4,0.4,-1,-1,1.0,0.35,0.582169,0.062845
2,-1,1,0.45,0.45,-1,-1,1.0,0.35,0.612828,0.048704
2,-1,1,0.5,0.5,-1,-1,1.0,0.35,0.647827,0.039951
2,-1,1,0.55,0.55,-1,-1,1.0,0.35,0.677401,0.030973
2,-1,1,0.6,0.6,-1,-1,1.0,0.35,0.707789,0.02424
2,-1,1,0.65,0.65,-1,-1,1.0,0.35,0.737906,0.019527
2,-1,1,0.7,0.7,-1,-1,1.0,0.35,0.761239,0.01414
2,-1,1,0.75,0.75,-1,-1,1.0,0.35,0.791355,0.010773
2,-1,1,0.8,0.8,-1,-1,1.0,0.35,0.81496,0.005387
2,-1,1,0.85,0.85,-1,-1,1.0,0.35,0.843178,0.002918
2,-1,1,0.9,0.9,-1,-1,1.0,0.35,0.875465,0.001347
2,-1,1,0.95,0.95,-1,-1,1.0,0.35,0.913992,0.000225
2,-1,1,1.0,1.0,-1,-1,1.0,0.35,1.0,0.0
2,-1,1,0.05,0.05,-1,-1,0.4,0.4,0.152326,0.514622
2,-1,1,0.1,0.1,-1,-1,0.4,0.4,0.152326,0.514622
2,-1,1,0.15,0.15,-1,-1,0.4,0.4,0.152326,0.514622
2,-1,1,0.2,0.2,-1,-1,0.4,0.4,0.152326,0.514622
2,-1,1,0.25,0.25,-1,-1,0.4,0.4,0.152326,0.514622
2,-1,1,0.3,0.3,-1,-1,0.4,0.4,0.152326,0.514622
2,-1,1,0.35,0.35,-1,-1,0.4,0.4,0.152326,0.514622
2,-1,1,0.4,0.4,-1,-1,0.4,0.4,0.152326,0.514622
2,-1,1,0.45,0.45,-1,-1,0.4,0.4,0.152326,0.514622
2,-1,1,0.5,0.5,-1,-1,0.4,0.4,0.152326,0.514622
2,-1,1,0.55,0.55,-1,-1,0.4,0.4,0.152326,0.514622
2,-1,1,0.6,0.6,-1,-1,0.4,0.4,0.152326,0.514622
2,-1,1,0.65,0.65,-1,-1,0.4,0.4,0.152326,0.514622
2,-1,1,0.7,0.7,-1,-1,0.4,0.4,0.152326,0.514622
2,-1,1,0.75,0.75,-1,-1,0.4,0.4,0.152326,0.514622
2,-1,1,0.8,0.8,-1,-1,0.4,0.4,0.152326,0.514622
2,-1,1,0.85,0.85,-1,-1,0.4,0.4,0.152326,0.514622
2,-1,1,0.9,0.9,-1,-1,0.4,0.4,0.152326,0.514622
2,-1,1,0.95,0.95,-1,-1,0.4,0.4,0.152326,0.514622
2,-1,1,1.0,1.0,-1,-1,0.4,0.4,0.152326,0.514622
2,-1,1,0.05,0.05,-1,-1,0.45,0.4,0.158912,0.483778
2,-1,1,0.1,0.1,-1,-1,0.45,0.4,0.164323,0.467341
2,-1,1,0.15,0.15,-1,-1,0.45,0.4,0.168576,0.457976
2,-1,1,0.2,0.2,-1,-1,0.45,0.4,0.171929,0.451133
2,-1,1,0.25,0.25,-1,-1,0.45,0.4,0.175335,0.445894
2,-1,1,0.3,0.3,-1,-1,0.45,0.4,0.177979,0.442881
2,-1,1,0.35,0.35,-1,-1,0.45,0.4,0.180158,0.439771
2,-1,1,0.4,0.4,-1,-1,0.45,0.4,0.18256,0.437577
2,-1,1,0.45,0.45,-1,-1,0.45,0.4,0.184514,0.435514
2,-1,1,0.5,0.5,-1,-1,0.45,0.4,0.186744,0.434237
2,-1,1,0.55,0.55,-1,-1,0.45,0.4,0.188628,0.432928
2,-1,1,0.6,0.6,-1,-1,0.45,0.4,0.190564,0.431945
2,-1,1,0.65,0.65,-1,-1,0.45,0.4,0.192483,0.431258
2,-1,1,0.7,0.7,-1,-1,0.45,0.4,0.19397,0.430472
2,-1,1,0.75,0.75,-1,-1,0.45,0.4,0.195888,0.429981
2,-1,1,0.8,0.8,-1,-1,0.45,0.4,0.197392,0.429195
2,-1,1,0.85,0.85,-1,-1,0.45,0.4,0.19919,0.428835
2,-1,1,0.9,0.9,-1,-1,0.45,0.4,0.201247,0.428605
2,-1,1,0.95,0.95,-1,-1,0.45,0.4,0.203702,0.428442
2,-1,1,1.0,1.0,-1,-1,0.45,0.4,0.209182,0.428409
2,-1,1,0.05,0.05,-1,-1,0.5,0.4,0.171944,0.439889
2,-1,1,0.1,0.1,-1,-1,0.5,0.4,0.18806,0.400063
2,-1,1,0.15,0.15,-1,-1,0.5,0.4,0.200727,0.377374
2,-1,1,0.2,0.2,-1,-1,0.5,0.4,0.210716,0.360793
2,-1,1,0.25,0.25,-1,-1,0.5,0.4,0.22086,0.348099
2,-1,1,0.3,0.3,-1,-1,0.5,0.4,0.228738,0.340801
2,-1,1,0.35,0.35,-1,-1,0.5,0.4,0.235225,0.333264
2,-1,1,0.4,0.4,-1,-1,0.5,0.4,0.242383,0.327949
2,-1,1,0.45,0.45,-1,-1,0.5,0.4,0.248201,0.32295
2,-1,1,0.5,0.5,-1,-1,0.5,0.4,0.254843,0.319856
2,-1,1,0.55,0.55,-1,-1,0.5,0.4,0.260456,0.316683
2,-1,1,0.6,0.6,-1,-1,0.5,0.4,0.266223,0.314303
2,-1,1,0.65,0.65,-1,-1,0.5,0.4,0.271938,0.312637
2,-1,1,0.7,0.7,-1,-1,0.5,0.4,0.276366,0.310733
2,-1,1,0.75,0.75,-1,-1,0.5,0.4,0.282082,0.309543
2,-1,1,0.8,0.8,-1,-1,0.5,0.4,0.286562,0.307639
2,-1,1,0.85,0.85,-1,-1,0.5,0.4,0.291917,0.306766
2,-1,1,0.9,0.9,-1,-1,0.5,0.4,0.298044,0.306211
2,-1,1,0.95,0.95,-1,-1,0.5,0.4,0.305356,0.305814
2,-1,1,1.0,1.0,-1,-1,0.5,0.4,0.321678,0.305735
2,-1,1,0.05,0.05,-1,-1,0.55,0.4,0.180538,0.409181
2,-1,1,0.1,0.1,-1,-1,0.55,0.4,0.203714,0.35299
2,-1,1,0.15,0.15,-1,-1,0.55,0.4,0.22193,0.320977
2,-1,1,0.2,0.2,-1,-1,0.55,0.4,0.236295,0.297583
2,-1,1,0.25,0.25,-1,-1,0.55,0.4,0.250882,0.279673
2,-1,1,0.3,0.3,-1,-1,0.55,0.4,0.262211,0.269376
2,-1,1,0.35,0.35,-1,-1,0.55,0.4,0.271541,0.258742
2,-1,1,0.4,0.4,-1,-1,0.55,0.4,0.281833,0.251243
2,-1,1,0.45,0.45,-1,-1,0.55,0.4,0.290201,0.24419
2,-1,1,0.5,0.5,-1,-1,0.55,0.4,0.299753,0.239825
2,-1,1,0.55,0.55,-1,-1,0.55,0.4,0.307824,0.235348
2,-1,1,0.6,0.6,-1,-1,0.55,0.4,0.316117,0.23199
2,-1,1,0.65,0.65,-1,-1,0.55,0.4,0.324336,0.229639
2,-1,1,0.7,0.7,-1,-1,0.55,0.4,0.330704,0.226953
2,-1,1,0.75,0.75,-1,-1,0.55,0.4,0.338923,0.225274
2,-1,1,0.8,0.8,-1,-1,0.55,0.4,0.345365,0.222587
2,-1,1,0.85,0.85,-1,-1,0.55,0.4,0.353066,0.221356
2,-1,1,0.9,0.9,-1,-1,0.55,0.4,0.361878,0.220573
2,-1,1,0.95,0.95,-1,-1,0.55,0.4,0.372392,0.220013
2,-1,1,1.0,1.0,-1,-1,0.55,0.4,0.395865,0.219901
2,-1,1,0.05,0.05,-1,-1,0.6,0.4,0.189096,0.385266
2,-1,1,0.1,0.1,-1,-1,0.6,0.4,0.219304,0.316331
2,-1,1,0.15,0.15,-1,-1,0.6,0.4,0.243046,0.277058
2,-1,1,0.2,0.2,-1,-1,0.6,0.4,0.261769,0.248358
2,-1,1,0.25,0.25,-1,-1,0.6,0.4,0.280781,0.226386
2,-1,1,0.3,0.3,-1,-1,0.6,0.4,0.295547,0.213753
2,-1,1,0.35,0.35,-1,-1,0.6,0.4,0.307707,0.200707
2,-1,1,0.4,0.4,-1,-1,0.6,0.4,0.321122,0.191507
2,-1,1,0.45,0.45,-1,-1,0.6,0.4,0.332028,0.182855
2,-1,1,0.5,0.5,-1,-1,0.6,0.4,0.344478,0.1775
2,-1,1,0.55,0.55,-1,-1,0.6,0.4,0.354997,0.172007
2,-1,1,0.6,0.6,-1,-1,0.6,0.4,0.365807,0.167888
2,-1,1,0.65,0.65,-1,-1,0.6,0.4,0.376519,0.165004
2,-1,1,0.7,0.7,-1,-1,0.6,0.4,0.384819,0.161708
2,-1,1,0.75,0.75,-1,-1,0.6,0.4,0.395532,0.159648
2,-1,1,0.8,0.8,-1,-1,0.6,0.4,0.403928,0.156353
2,-1,1,0.85,0.85,-1,-1,0.6,0.4,0.413965,0.154842
2,-1,1,0.9,0.9,-1,-1,0.6,0.4,0.42545,0.153881
2,-1,1,0.95,0.95,-1,-1,0.6,0.4,0.439154,0.153194
2,-1,1,1.0,1.0,-1,-1,0.6,0.4,0.469748,0.153057
2,-1,1,0.05,0.05,-1,-1,0.65,0.4,0.197549,0.368417
2,-1,1,0.1,0.1,-1,-1,0.65,0.4,0.234701,0.290504
2,-1,1,0.15,0.15,-1,-1,0.65,0.4,0.2639,0.246115
2,-1,1,0.2,0.2,-1,-1,0.65,0.4,0.286928,0.213677
2,-1,1,0.25,0.25,-1,-1,0.65,0.4,0.310311,0.188843
2,-1,1,0.3,0.3,-1,-1,0.65,0.4,0.328471,0.174564
2,-1,1,0.35,0.35,-1,-1,0.65,0.4,0.343427,0.15982
2,-1,1,0.4,0.4,-1,-1,0.65,0.4,0.359926,0.149421
2,-1,1,0.45,0.45,-1,-1,0.65,0.4,0.373339,0.139643
2,-1,1,0.5,0.5,-1,-1,0.65,0.4,0.38865,0.13359
2,-1,1,0.55,0.55,-1,-1,0.65,0.4,0.401588,0.127382
2,-1,1,0.6,0.6,-1,-1,0.65,0.4,0.414882,0.122725
2,-1,1,0.65,0.65,-1,-1,0.65,0.4,0.428058,0.119466
2,-1,1,0.7,0.7,-1,-1,0.65,0.4,0.438265,0.115741
2,-1,1,0.75,0.75,-1,-1,0.65,0.4,0.45144,0.113413
2,-1,1,0.8,0.8,-1,-1,0.65,0.4,0.461767,0.109688
2,-1,1,0.85,0.85,-1,-1,0.65,0.4,0.474112,0.107981
2,-1,1,0.9,0.9,-1,-1,0.65,0.4,0.488236,0.106894
2,-1,1,0.95,0.95,-1,-1,0.65,0.4,0.505091,0.106118
2,-1,1,1.0,1.0,-1,-1,0.65,0.4,0.542718,0.105963
2,-1,1,0.05,0.05,-1,-1,0.7,0.4,0.205756,0.355645
2,-1,1,0.1,0.1,-1,-1,0.7,0.4,0.249649,0.270924
2,-1,1,0.15,0.15,-1,-1,0.7,0.4,0.284147,0.222657
2,-1,1,0.2,0.2,-1,-1,0.7,0.4,0.311353,0.187386
2,-1,1,0.25,0.25,-1,-1,0.7,0.4,0.338979,0.160383
2,-1,1,0.3,0.3,-1,-1,0.7,0.4,0.360435,0.144856
2,-1,1,0.35,0.35,-1,-1,0.7,0.4,0.378105,0.128824
2,-1,1,0.4,0.4,-1,-1,0.7,0.4,0.397598,0.117517
2,-1,1,0.45,0.45,-1,-1,0.7,0.4,0.413444,0.106884
2,-1,1,0.5,0.5,-1,-1,0.7,0.4,0.431534,0.100302
2,-1,1,0.55,0.55,-1,-1,0.7,0.4,0.44682,0.093552
2,-1,1,0.6,0.6,-1,-1,0.7,0.4,0.462527,0.088489
2,-1,1,0.65,0.65,-1,-1,0.7,0.4,0.478093,0.084945
2,-1,1,0.7,0.7,-1,-1,0.7,0.4,0.490153,0.080894
2,-1,1,0.75,0.75,-1,-1,0.7,0.4,0.505719,0.078363
2,-1,1,0.8,0.8,-1,-1,0.7,0.4,0.517919,0.074312
2,-1,1,0.85,0.85,-1,-1,0.7,0.4,0.532504,0.072456
2,-1,1,0.9,0.9,-1,-1,0.7,0.4,0.549192,0.071275
2,-1,1,0.95,0.95,-1,-1,0.7,0.4,0.569105,0.070431
2,-1,1,1.0,1.0,-1,-1,0.7,0.4,0.61356,0.070262
2,-1,1,0.05,0.05,-1,-1,0.75,0.4,0.212166,0.346541
2,-1,1,0.1,0.1,-1,-1,0.75,0.4,0.261325,0.256969
2,-1,1,0.15,0.15,-1,-1,0.75,0.4,0.299962,0.205938
2,-1,1,0.2,0.2,-1,-1,0.75,0.4,0.330432,0.168647
2,-1,1,0.25,0.25,-1,-1,0.75,0.4,0.361373,0.140097
2,-1,1,0.3,0.3,-1,-1,0.75,0.4,0.385403,0.123682
2,-1,1,0.35,0.35,-1,-1,0.75,0.4,0.405192,0.106731
2,-1,1,0.4,0.4,-1,-1,0.75,0.4,0.427024,0.094777
2,-1,1,0.45,0.45,-1,-1,0.75,0.4,0.444772,0.083535
2,-1,1,0.5,0.5,-1,-1,0.75,0.4,0.465032,0.076576
2,-1,1,0.55,0.55,-1,-1,0.75,0.4,0.482152,0.069439
2,-1,1,0.6,0.6,-1,-1,0.75,0.4,0.499743,0.064087
2,-1,1,0.65,0.65,-1,-1,0.75,0.4,0.517176,0.060339
2,-1,1,0.7,0.7,-1,-1,0.75,0.4,0.530683,0.056057
2,-1,1,0.75,0.75,-1,-1,0.75,0.4,0.548117,0.053381
2,-1,1,0.8,0.8,-1,-1,0.75,0.4,0.561781,0.049098
2,-1,1,0.85,0.85,-1,-1,0.75,0.4,0.578116,0.047135
2,-1,1,0.9,0.9,-1,-1,0.75,0.4,0.596806,0.045887
2,-1,1,0.95,0.95,-1,-1,0.75,0.4,0.619108,0.044995
2,-1,1,1.0,1.0,-1,-1,0.75,0.4,0.668896,0.044816
2,-1,1,0.05,0.05,-1,-1,0.8,0.4,0.218717,0.337573
2,-1,1,0.1,0.1,-1,-1,0.8,0.4,0.273258,0.243222
2,-1,1,0.15,0.15,-1,-1,0.8,0.4,0.316125,0.189468
2,-1,1,0.2,0.2,-1,-1,0.8,0.4,0.34993,0.150187
2,-1,1,0.25,0.25,-1,-1,0.8,0.4,0.384258,0.120114
2,-1,1,0.3,0.3,-1,-1,0.8,0.4,0.410919,0.102823
2,-1,1,0.35,0.35,-1,-1,0.8,0.4,0.432875,0.084968
2,-1,1,0.4,0.4,-1,-1,0.8,0.4,0.457097,0.072375
2,-1,1,0.45,0.45,-1,-1,0.8,0.4,0.476788,0.060534
2,-1,1,0.5,0.5,-1,-1,0.8,0.4,0.499266,0.053204
2,-1,1,0.55,0.55,-1,-1,0.8,0.4,0.51826,0.045686
2,-1,1,0.6,0.6,-1,-1,0.8,0.4,0.537776,0.040048
2,-1,1,0.65,0.65,-1,-1,0.8,0.4,0.557119,0.036101
2,-1,1,0.7,0.7,-1,-1,0.8,0.4,0.572104,0.03159
2,-1,1,0.75,0.75,-1,-1,0.8,0.4,0.591446,0.028771
2,-1,1,0.8,0.8,-1,-1,0.8,0.4,0.606607,0.02426
2,-1,1,0.85,0.85,-1,-1,0.8,0.4,0.624729,0.022192
2,-1,1,0.9,0.9,-1,-1,0.8,0.4,0.645465,0.020877
2,-1,1,0.95,0.95,-1,-1,0.8,0.4,0.670209,0.019937
2,-1,1,1.0,1.0,-1,-1,0.8,0.4,0.725448,0.019749
2,-1,1,0.05,0.05,-1,-1,0.85,0.4,0.223718,0.334176
2,-1,1,0.1,0.1,-1,-1,0.85,0.4,0.282368,0.238014
2,-1,1,0.15,0.15,-1,-1,0.85,0.4,0.328464,0.18323
2,-1,1,0.2,0.2,-1,-1,0.85,0.4,0.364817,0.143194
2,-1,1,0.25,0.25,-1,-1,0.85,0.4,0.40173,0.112545
2,-1,1,0.3,0.3,-1,-1,0.85,0.4,0.4304,0.094922
2,-1,1,0.35,0.35,-1,-1,0.85,0.4,0.45401,0.076724
2,-1,1,0.4,0.4,-1,-1,0.85,0.4,0.480056,0.06389
2,-1,1,0.45,0.45,-1,-1,0.85,0.4,0.50123,0.051821
2,-1,1,0.5,0.5,-1,-1,0.85,0.4,0.525402,0.044351
2,-1,1,0.55,0.55,-1,-1,0.85,0.4,0.545827,0.036689
2,-1,1,0.6,0.6,-1,-1,0.85,0.4,0.566813,0.030942
2,-1,1,0.65,0.65,-1,-1,0.85,0.4,0.587613,0.026919
2,-1,1,0.7,0.7,-1,-1,0.85,0.4,0.603727,0.022322
2,-1,1,0.75,0.75,-1,-1,0.85,0.4,0.624527,0.019449
2,-1,1,0.8,0.8,-1,-1,0.85,0.4,0.640829,0.014851
2,-1,1,0.85,0.85,-1,-1,0.85,0.4,0.660317,0.012744
2,-1,1,0.9,0.9,-1,-1,0.85,0.4,0.682615,0.011403
2,-1,1,0.95,0.95,-1,-1,0.85,0.4,0.709223,0.010446
2,-1,1,1.0,1.0,-1,-1,0.85,0.4,0.768623,0.010254
2,-1,1,0.05,0.05,-1,-1,0.9,0.4,0.229142,0.332274
2,-1,1,0.1,0.1,-1,-1,0.9,0.4,0.292248,0.235099
2,-1,1,0.15,0.15,-1,-1,0.9,0.4,0.341846,0.179736
2,-1,1,0.2,0.2,-1,-1,0.9,0.4,0.38096,0.139279
2,-1,1,0.25,0.25,-1,-1,0.9,0.4,0.420678,0.108306
2,-1,1,0.3,0.3,-1,-1,0.9,0.4,0.451526,0.090497
2,-1,1,0.35,0.35,-1,-1,0.9,0.4,0.476929,0.072108
2,-1,1,0.4,0.4,-1,-1,0.9,0.4,0.504955,0.059138
2,-1,1,0.45,0.45,-1,-1,0.9,0.4,0.527738,0.046943
2,-1,1,0.5,0.5,-1,-1,0.9,0.4,0.553746,0.039393
2,-1,1,0.55,0.55,-1,-1,0.9,0.4,0.575722,0.031651
2,-1,1,0.6,0.6,-1,-1,0.9,0.4,0.598303,0.025843
2,-1,1,0.65,0.65,-1,-1,0.9,0.4,0.620683,0.021778
2,-1,1,0.7,0.7,-1,-1,0.9,0.4,0.638022,0.017132
2,-1,1,0.75,0.75,-1,-1,0.9,0.4,0.660401,0.014229
2,-1,1,0.8,0.8,-1,-1,0.9,0.4,0.677942,0.009583
2,-1,1,0.85,0.85,-1,-1,0.9,0.4,0.69891,0.007453
2,-1,1,0.9,0.9,-1,-1,0.9,0.4,0.722903,0.006099
2,-1,1,0.95,0.95,-1,-1,0.9,0.4,0.751532,0.005131
2,-1,1,1.0,1.0,-1,-1,0.9,0.4,0.815445,0.004937
2,-1,1,0.05,0.05,-1,-1,0.95,0.4,0.235165,0.330915
2,-1,1,0.1,0.1,-1,-1,0.95,0.4,0.303219,0.233016
2,-1,1,0.15,0.15,-1,-1,0.95,0.4,0.356705,0.177241
2,-1,1,0.2,0.2,-1,-1,0.95,0.4,0.398886,0.136482
2,-1,1,0.25,0.25,-1,-1,0.95,0.4,0.441719,0.105278
2,-1,1,0.3,0.3,-1,-1,0.95,0.4,0.474985,0.087337
2,-1,1,0.35,0.35,-1,-1,0.95,0.4,0.50238,0.06881
2,-1,1,0.4,0.4,-1,-1,0.95,0.4,0.532603,0.055744
2,-1,1,0.45,0.45,-1,-1,0.95,0.4,0.557172,0.043458
2,-1,1,0.5,0.5,-1,-1,0.95,0.4,0.585219,0.035852
2,-1,1,0.55,0.55,-1,-1,0.95,0.4,0.608919,0.028052
2,-1,1,0.6,0.6,-1,-1,0.95,0.4,0.63327,0.022201
2,-1,1,0.65,0.65,-1,-1,0.95,0.4,0.657405,0.018106
2,-1,1,0.7,0.7,-1,-1,0.95,0.4,0.676103,0.013425
2,-1,1,0.75,0.75,-1,-1,0.95,0.4,0.700237,0.0105
2,-1,1,0.8,0.8,-1,-1,0.95,0.4,0.719153,0.005819
2,-1,1,0.85,0.85,-1,-1,0.95,0.4,0.741766,0.003674
2,-1,1,0.9,0.9,-1,-1,0.95,0.4,0.767639,0.002309
2,-1,1,0.95,0.95,-1,-1,0.95,0.4,0.798513,0.001334
2,-1,1,1.0,1.0,-1,-1,0.95,0.4,0.867437,0.001139
2,-1,1,0.05,0.05,-1,-1,1.0,0.4,0.250521,0.330507
2,-1,1,0.1,0.1,-1,-1,1.0,0.4,0.33119,0.232391
2,-1,1,0.15,0.15,-1,-1,1.0,0.4,0.394592,0.176492
2,-1,1,0.2,0.2,-1,-1,1.0,0.4,0.444592,0.135643
2,-1,1,0.25,0.25,-1,-1,1.0,0.4,0.495364,0.10437
2,-1,1,0.3,0.3,-1,-1,1.0,0.4,0.534797,0.086389
2,-1,1,0.35,0.35,-1,-1,1.0,0.4,0.567271,0.067822
2,-1,1,0.4,0.4,-1,-1,1.0,0.4,0.603096,0.054726
2,-1,1,0.45,0.45,-1,-1,1.0,0.4,0.63222,0.042413
2,-1,1,0.5,0.5,-1,-1,1.0,0.4,0.665466,0.03479
2,-1,1,0.55,0.55,-1,-1,1.0,0.4,0.693559,0.026972
2,-1,1,0.6,0.6,-1,-1,1.0,0.4,0.722425,0.021109
2,-1,1,0.65,0.65,-1,-1,1.0,0.4,0.751033,0.017004
2,-1,1,0.7,0.7,-1,-1,1.0,0.4,0.773197,0.012313
2,-1,1,0.75,0.75,-1,-1,1.0,0.4,0.801805,0.009382
2,-1,1,0.8,0.8,-1,-1,1.0,0.4,0.824228,0.004691
2,-1,1,0.85,0.85,-1,-1,1.0,0.4,0.851032,0.002541
2,-1,1,0.9,0.9,-1,-1,1.0,0.4,0.881702,0.001173
2,-1,1,0.95,0.95,-1,-1,1.0,0.4,0.918299,0.000196
2,-1,1,1.0,1.0,-1,-1,1.0,0.4,1.0,0.0
2,-1,1,0.05,0.05,-1,-1,0.45,0.45,0.209182,0.428409
2,-1,1,0.1,0.1,-1,-1,0.45,0.45,0.209182,0.428409
2,-1,1,0.15,0.15,-1,-1,0.45,0.45,0.209182,0.428409
2,-1,1,0.2,0.2,-1,-1,0.45,0.45,0.209182,0.428409
2,-1,1,0.25,0.25,-1,-1,0.45,0.45,0.209182,0.428409
2,-1,1,0.3,0.3,-1,-1,0.45,0.45,0.209182,0.428409
2,-1,1,0.35,0.35,-1,-1,0.45,0.45,0.209182,0.428409
2,-1,1,0.4,0.4,-1,-1,0.45,0.45,0.209182,0.428409
2,-1,1,0.45,0.45,-1,-1,0.45,0.45,0.209182,0.428409
2,-1,1,0.5,0.5,-1,-1,0.45,0.45,0.209182,0.428409
2,-1,1,0.55,0.55,-1,-1,0.45,0.45,0.209182,0.428409
2,-1,1,0.6,0.6,-1,-1,0.45,0.45,0.209182,0.428409
2,-1,1,0.65,0.65,-1,-1,0.45,0.45,0.209182,0.428409
2,-1,1,0.7,0.7,-1,-1,0.45,0.45,0.209182,0.428409
2,-1,1,0.75,0.75,-1,-1,0.45,0.45,0.209182,0.428409
2,-1,1,0.8,0.8,-1,-1,0.45,0.45,0.209182,0.428409
2,-1,1,0.85,0.85,-1,-1,0.45,0.45,0.209182,0.428409
2,-1,1,0.9,0.9,-1,-1,0.45,0.45,0.209182,0.428409
2,-1,1,0.95,0.95,-1,-1,0.45,0.45,0.209182,0.428409
2,-1,1,1.0,1.0,-1,-1,0.45,0.45,0.209182,0.428409
2,-1,1,0.05,0.05,-1,-1,0.5,0.45,0.222214,0.38452
2,-1,1,0.1,0.1,-1,-1,0.5,0.45,0.232919,0.361132
2,-1,1,0.15,0.15,-1,-1,0.5,0.45,0.241333,0.347807
2,-1,1,0.2,0.2,-1,-1,0.5,0.45,0.247969,0.338069
2,-1,1,0.25,0.25,-1,-1,0.5,0.45,0.254707,0.330615
2,-1,1,0.3,0.3,-1,-1,0.5,0.45,0.25994,0.326328
2,-1,1,0.35,0.35,-1,-1,0.5,0.45,0.26425,0.321902
2,-1,1,0.4,0.4,-1,-1,0.5,0.45,0.269004,0.318781
2,-1,1,0.45,0.45,-1,-1,0.5,0.45,0.272869,0.315845
2,-1,1,0.5,0.5,-1,-1,0.5,0.45,0.277282,0.314028
2,-1,1,0.55,0.55,-1,-1,0.5,0.45,0.28101,0.312165
2,-1,1,0.6,0.6,-1,-1,0.5,0.45,0.284841,0.310767
2,-1,1,0.65,0.65,-1,-1,0.5,0.45,0.288637,0.309788
2,-1,1,0.7,0.7,-1,-1,0.5,0.45,0.291579,0.30867
2,-1,1,0.75,0.75,-1,-1,0.5,0.45,0.295375,0.307971
2,-1,1,0.8,0.8,-1,-1,0.5,0.45,0.298351,0.306853
2,-1,1,0.85,0.85,-1,-1,0.5,0.45,0.301908,0.306341
2,-1,1,0.9,0.9,-1,-1,0.5,0.45,0.305979,0.306015
2,-1,1,0.95,0.95,-1,-1,0.5,0.45,0.310835,0.305782
2,-1,1,1.0,1.0,-1,-1,0.5,0.45,0.321678,0.305735
2,-1,1,0.05,0.05,-1,-1,0.55,0.45,0.230808,0.353812
2,-1,1,0.1,0.1,-1,-1,0.55,0.45,0.248573,0.314058
2,-1,1,0.15,0.15,-1,-1,0.55,0.45,0.262536,0.29141
2,-1,1,0.2,0.2,-1,-1,0.55,0.45,0.273548,0.274859
2,-1,1,0.25,0.25,-1,-1,0.55,0.45,0.284729,0.262189
2,-1,1,0.3,0.3,-1,-1,0.55,0.45,0.293414,0.254903
2,-1,1,0.35,0.35,-1,-1,0.55,0.45,0.300565,0.24738
2,-1,1,0.4,0.4,-1,-1,0.55,0.45,0.308455,0.242074
2,-1,1,0.45,0.45,-1,-1,0.55,0.45,0.314869,0.237085
2,-1,1,0.5,0.5,-1,-1,0.55,0.45,0.322191,0.233997
2,-1,1,0.55,0.55,-1,-1,0.55,0.45,0.328378,0.230829
2,-1,1,0.6,0.6,-1,-1,0.55,0.45,0.334735,0.228454
2,-1,1,0.65,0.65,-1,-1,0.55,0.45,0.341035,0.226791
2,-1,1,0.7,0.7,-1,-1,0.55,0.45,0.345916,0.22489
2,-1,1,0.75,0.75,-1,-1,0.55,0.45,0.352217,0.223702
2,-1,1,0.8,0.8,-1,-1,0.55,0.45,0.357155,0.221802
2,-1,1,0.85,0.85,-1,-1,0.55,0.45,0.363058,0.22093
2,-1,1,0.9,0.9,-1,-1,0.55,0.45,0.369812,0.220376
2,-1,1,0.95,0.95,-1,-1,0.55,0.45,0.377872,0.21998
2,-1,1,1.0,1.0,-1,-1,0.55,0.45,0.395865,0.219901
2,-1,1,0.05,0.05,-1,-1,0.6,0.45,0.239366,0.329897
2,-1,1,0.1,0.1,-1,-1,0.6,0.45,0.264163,0.277399
2,-1,1,0.15,0.15,-1,-1,0.6,0.45,0.283652,0.24749
2,-1,1,0.2,0.2,-1,-1,0.6,0.45,0.299022,0.225634
2,-1,1,0.25,0.25,-1,-1,0.6,0.45,0.314628,0.208901
2,-1,1,0.3,0.3,-1,-1,0.6,0.45,0.32675,0.19928
2,-1,1,0.35,0.35,-1,-1,0.6,0.45,0.336732,0.189345
2,-1,1,0.4,0.4,-1,-1,0.6,0.45,0.347744,0.182339
2,-1,1,0.45,0.45,-1,-1,0.6,0.45,0.356696,0.17575
2,-1,1,0.5,0.5,-1,-1,0.6,0.45,0.366916,0.171672
2,-1,1,0.55,0.55,-1,-1,0.6,0.45,0.375551,0.167489
2,-1,1,0.6,0.6,-1,-1,0.6,0.45,0.384424,0.164351
2,-1,1,0.65,0.65,-1,-1,0.6,0.45,0.393218,0.162155
2,-1,1,0.7,0.7,-1,-1,0.6,0.45,0.400031,0.159645
2,-1,1,0.75,0.75,-1,-1,0.6,0.45,0.408825,0.158077
2,-1,1,0.8,0.8,-1,-1,0.6,0.45,0.415718,0.155567
2,-1,1,0.85,0.85,-1,-1,0.6,0.45,0.423957,0.154416
2,-1,1,0.9,0.9,-1,-1,0.6,0.45,0.433384,0.153685
2,-1,1,0.95,0.95,-1,-1,0.6,0.45,0.444634,0.153162
2,-1,1,1.0,1.0,-1,-1,0.6,0.45,0.469748,0.153057
2,-1,1,0.05,0.05,-1,-1,0.65,0.45,0.247819,0.313048
2,-1,1,0.1,0.1,-1,-1,0.65,0.45,0.27956,0.251572
2,-1,1,0.15,0.15,-1,-1,0.65,0.45,0.304507,0.216547
2,-1,1,0.2,0.2,-1,-1,0.65,0.45,0.324181,0.190953
2,-1,1,0.25,0.25,-1,-1,0.65,0.45,0.344158,0.171358
2,-1,1,0.3,0.3,-1,-1,0.65,0.45,0.359674,0.160092
2,-1,1,0.35,0.35,-1,-1,0.65,0.45,0.372451,0.148458
2,-1,1,0.4,0.4,-1,-1,0.65,0.45,0.386547,0.140253
2,-1,1,0.45,0.45,-1,-1,0.65,0.45,0.398007,0.132537
2,-1,1,0.5,0.5,-1,-1,0.65,0.45,0.411088,0.127761
2,-1,1,0.55,0.55,-1,-1,0.65,0.45,0.422142,0.122863
2,-1,1,0.6,0.6,-1,-1,0.65,0.45,0.4335,0.119189
2,-1,1,0.65,0.65,-1,-1,0.65,0.45,0.444756,0.116617
2,-1,1,0.7,0.7,-1,-1,0.65,0.45,0.453477,0.113678
2,-1,1,0.75,0.75,-1,-1,0.65,0.45,0.464734,0.111841
2,-1,1,0.8,0.8,-1,-1,0.65,0.45,0.473557,0.108902
2,-1,1,0.85,0.85,-1,-1,0.65,0.45,0.484103,0.107555
2,-1,1,0.9,0.9,-1,-1,0.65,0.45,0.496171,0.106698
2,-1,1,0.95,0.95,-1,-1,0.65,0.45,0.510571,0.106086
2,-1,1,1.0,1.0,-1,-1,0.65,0.45,0.542718,0.105963
2,-1,1,0.05,0.05,-1,-1,0.7,0.45,0.256026,0.300276
2,-1,1,0.1,0.1,-1,-1,0.7,0.45,0.294508,0.231993
2,-1,1,0.15,0.15,-1,-1,0.7,0.45,0.324754,0.19309
2,-1,1,0.2,0.2,-1,-1,0.7,0.45,0.348606,0.164662
2,-1,1,0.25,0.25,-1,-1,0.7,0.45,0.372826,0.142898
2,-1,1,0.3,0.3,-1,-1,0.7,0.45,0.391638,0.130384
2,-1,1,0.35,0.35,-1,-1,0.7,0.45,0.407129,0.117462
2,-1,1,0.4,0.4,-1,-1,0.7,0.45,0.424219,0.108348
2,-1,1,0.45,0.45,-1,-1,0.7,0.45,0.438113,0.099779
2,-1,1,0.5,0.5,-1,-1,0.7,0.45,0.453973,0.094474
2,-1,1,0.55,0.55,-1,-1,0.7,0.45,0.467374,0.089033
2,-1,1,0.6,0.6,-1,-1,0.7,0.45,0.481144,0.084952
2,-1,1,0.65,0.65,-1,-1,0.7,0.45,0.494792,0.082096
2,-1,1,0.7,0.7,-1,-1,0.7,0.45,0.505365,0.078831
2,-1,1,0.75,0.75,-1,-1,0.7,0.45,0.519012,0.076791
2,-1,1,0.8,0.8,-1,-1,0.7,0.45,0.529709,0.073527
2,-1,1,0.85,0.85,-1,-1,0.7,0.45,0.542496,0.07203
2,-1,1,0.9,0.9,-1,-1,0.7,0.45,0.557127,0.071078
2,-1,1,0.95,0.95,-1,-1,0.7,0.45,0.574585,0.070398
2,-1,1,1.0,1.0,-1,-1,0.7,0.45,0.61356,0.070262
2,-1,1,0.05,0.05,-1,-1,0.75,0.45,0.262436,0.291172
2,-1,1,0.1,0.1,-1,-1,0.75,0.45,0.306184,0.218037
2,-1,1,0.15,0.15,-1,-1,0.75,0.45,0.340569,0.176371
2,-1,1,0.2,0.2,-1,-1,0.75,0.45,0.367685,0.145923
2,-1,1,0.25,0.25,-1,-1,0.75,0.45,0.39522,0.122612
2,-1,1,0.3,0.3,-1,-1,0.75,0.45,0.416605,0.109209
2,-1,1,0.35,0.35,-1,-1,0.75,0.45,0.434217,0.095369
2,-1,1,0.4,0.4,-1,-1,0.75,0.45,0.453645,0.085608
2,-1,1,0.45,0.45,-1,-1,0.75,0.45,0.46944,0.07643
2,-1,1,0.5,0.5,-1,-1,0.75,0.45,0.48747,0.070748
2,-1,1,0.55,0.55,-1,-1,0.75,0.45,0.502706,0.064921
2,-1,1,0.6,0.6,-1,-1,0.75,0.45,0.51836,0.06055
2,-1,1,0.65,0.65,-1,-1,0.75,0.45,0.533875,0.057491
2,-1,1,0.7,0.7,-1,-1,0.75,0.45,0.545895,0.053994
2,-1,1,0.75,0.75,-1,-1,0.75,0.45,0.56141,0.051809
2,-1,1,0.8,0.8,-1,-1,0.75,0.45,0.573571,0.048312
2,-1,1,0.85,0.85,-1,-1,0.75,0.45,0.588107,0.04671
2,-1,1,0.9,0.9,-1,-1,0.75,0.45,0.60474,0.04569
2,-1,1,0.95,0.95,-1,-1,0.75,0.45,0.624588,0.044962
2,-1,1,1.0,1.0,-1,-1,0.75,0.45,0.668896,0.044816
2,-1,1,0.05,0.05,-1,-1,0.8,0.45,0.268987,0.282204
2,-1,1,0.1,0.1,-1,-1,0.8,0.45,0.318117,0.20429
2,-1,1,0.15,0.15,-1,-1,0.8,0.45,0.356731,0.159901
2,-1,1,0.2,0.2,-1,-1,0.8,0.45,0.387183,0.127463
2,-1,1,0.25,0.25,-1,-1,0.8,0.45,0.418106,0.102629
2,-1,1,0.3,0.3,-1,-1,0.8,0.45,0.442122,0.08835
2,-1,1,0.35,0.35,-1,-1,0.8,0.45,0.461899,0.073606
2,-1,1,0.4,0.4,-1,-1,0.8,0.45,0.483718,0.063207
2,-1,1,0.45,0.45,-1,-1,0.8,0.45,0.501456,0.053429
2,-1,1,0.5,0.5,-1,-1,0.8,0.45,0.521704,0.047376
2,-1,1,0.55,0.55,-1,-1,0.8,0.45,0.538814,0.041168
2,-1,1,0.6,0.6,-1,-1,0.8,0.45,0.556394,0.036511
2,-1,1,0.65,0.65,-1,-1,0.8,0.45,0.573818,0.033252
2,-1,1,0.7,0.7,-1,-1,0.8,0.45,0.587316,0.029527
2,-1,1,0.75,0.75,-1,-1,0.8,0.45,0.60474,0.027199
2,-1,1,0.8,0.8,-1,-1,0.8,0.45,0.618396,0.023474
2,-1,1,0.85,0.85,-1,-1,0.8,0.45,0.634721,0.021767
2,-1,1,0.9,0.9,-1,-1,0.8,0.45,0.6534,0.02068
2,-1,1,0.95,0.95,-1,-1,0.8,0.45,0.675689,0.019904
2,-1,1,1.0,1.0,-1,-1,0.8,0.45,0.725448,0.019749
2,-1,1,0.05,0.05,-1,-1,0.85,0.45,0.273988,0.278807
2,-1,1,0.1,0.1,-1,-1,0.85,0.45,0.327227,0.199083
2,-1,1,0.15,0.15,-1,-1,0.85,0.45,0.369071,0.153662
2,-1,1,0.2,0.2,-1,-1,0.85,0.45,0.402069,0.12047
2,-1,1,0.25,0.25,-1,-1,0.85,0.45,0.435578,0.09506
2,-1,1,0.3,0.3,-1,-1,0.85,0.45,0.461602,0.080449
2,-1,1,0.35,0.35,-1,-1,0.85,0.45,0.483034,0.065362
2,-1,1,0.4,0.4,-1,-1,0.85,0.45,0.506678,0.054722
2,-1,1,0.45,0.45,-1,-1,0.85,0.45,0.525898,0.044716
2,-1,1,0.5,0.5,-1,-1,0.85,0.45,0.54784,0.038523
2,-1,1,0.55,0.55,-1,-1,0.85,0.45,0.566381,0.03217
2,-1,1,0.6,0.6,-1,-1,0.85,0.45,0.585431,0.027406
2,-1,1,0.65,0.65,-1,-1,0.85,0.45,0.604312,0.024071
2,-1,1,0.7,0.7,-1,-1,0.85,0.45,0.61894,0.020259
2,-1,1,0.75,0.75,-1,-1,0.85,0.45,0.63782,0.017877
2,-1,1,0.8,0.8,-1,-1,0.85,0.45,0.652618,0.014065
2,-1,1,0.85,0.85,-1,-1,0.85,0.45,0.670309,0.012318
2,-1,1,0.9,0.9,-1,-1,0.85,0.45,0.69055,0.011207
2,-1,1,0.95,0.95,-1,-1,0.85,0.45,0.714703,0.010413
2,-1,1,1.0,1.0,-1,-1,0.85,0.45,0.768623,0.010254
2,-1,1,0.05,0.05,-1,-1,0.9,0.45,0.279412,0.276905
2,-1,1,0.1,0.1,-1,-1,0.9,0.45,0.337107,0.196167
2,-1,1,0.15,0.15,-1,-1,0.9,0.45,0.382453,0.150169
2,-1,1,0.2,0.2,-1,-1,0.9,0.45,0.418213,0.116555
2,-1,1,0.25,0.25,-1,-1,0.9,0.45,0.454526,0.090821
2,-1,1,0.3,0.3,-1,-1,0.9,0.45,0.482728,0.076025
2,-1,1,0.35,0.35,-1,-1,0.9,0.45,0.505954,0.060746
2,-1,1,0.4,0.4,-1,-1,0.9,0.45,0.531576,0.04997
2,-1,1,0.45,0.45,-1,-1,0.9,0.45,0.552406,0.039837
2,-1,1,0.5,0.5,-1,-1,0.9,0.45,0.576184,0.033565
2,-1,1,0.55,0.55,-1,-1,0.9,0.45,0.596276,0.027132
2,-1,1,0.6,0.6,-1,-1,0.9,0.45,0.616921,0.022307
2,-1,1,0.65,0.65,-1,-1,0.9,0.45,0.637382,0.018929
2,-1,1,0.7,0.7,-1,-1,0.9,0.45,0.653234,0.015069
2,-1,1,0.75,0.75,-1,-1,0.9,0.45,0.673695,0.012657
2,-1,1,0.8,0.8,-1,-1,0.9,0.45,0.689732,0.008797
2,-1,1,0.85,0.85,-1,-1,0.9,0.45,0.708902,0.007028
2,-1,1,0.9,0.9,-1,-1,0.9,0.45,0.730837,0.005902
2,-1,1,0.95,0.95,-1,-1,0.9,0.45,0.757012,0.005098
2,-1,1,1.0,1.0,-1,-1,0.9,0.45,0.815445,0.004937
2,-1,1,0.05,0.05,-1,-1,0.95,0.45,0.285435,0.275546
2,-1,1,0.1,0.1,-1,-1,0.95,0.45,0.348078,0.194084
2,-1,1,0.15,0.15,-1,-1,0.95,0.45,0.397312,0.147673
2,-1,1,0.2,0.2,-1,-1,0.95,0.45,0.436139,0.113758
2,-1,1,0.25,0.25,-1,-1,0.95,0.45,0.475566,0.087794
2,-1,1,0.3,0.3,-1,-1,0.95,0.45,0.506187,0.072864
2,-1,1,0.35,0.35,-1,-1,0.95,0.45,0.531404,0.057448
2,-1,1,0.4,0.4,-1,-1,0.95,0.45,0.559224,0.046576
2,-1,1,0.45,0.45,-1,-1,0.95,0.45,0.58184,0.036352
2,-1,1,0.5,0.5,-1,-1,0.95,0.45,0.607657,0.030024
2,-1,1,0.55,0.55,-1,-1,0.95,0.45,0.629473,0.023533
2,-1,1,0.6,0.6,-1,-1,0.95,0.45,0.651888,0.018665
2,-1,1,0.65,0.65,-1,-1,0.95,0.45,0.674104,0.015257
2,-1,1,0.7,0.7,-1,-1,0.95,0.45,0.691315,0.011362
2,-1,1,0.75,0.75,-1,-1,0.95,0.45,0.71353,0.008928
2,-1,1,0.8,0.8,-1,-1,0.95,0.45,0.730943,0.005034
2,-1,1,0.85,0.85,-1,-1,0.95,0.45,0.751757,0.003248
2,-1,1,0.9,0.9,-1,-1,0.95,0.45,0.775574,0.002113
2,-1,1,0.95,0.95,-1,-1,0.95,0.45,0.803993,0.001301
2,-1,1,1.0,1.0,-1,-1,0.95,0.45,0.867437,0.001139
2,-1,1,0.05,0.05,-1,-1,1.0,0.45,0.300791,0.275138
2,-1,1,0.1,0.1,-1,-1,1.0,0.45,0.376049,0.193459
2,-1,1,0.15,0.15,-1,-1,1.0,0.45,0.435199,0.146925
2,-1,1,0.2,0.2,-1,-1,1.0,0.45,0.481845,0.112919
2,-1,1,0.25,0.25,-1,-1,1.0,0.45,0.529212,0.086886
2,-1,1,0.3,0.3,-1,-1,1.0,0.45,0.566,0.071917
2,-1,1,0.35,0.35,-1,-1,1.0,0.45,0.596295,0.05646
2,-1,1,0.4,0.4,-1,-1,1.0,0.45,0.629718,0.045558
2,-1,1,0.45,0.45,-1,-1,1.0,0.45,0.656888,0.035307
2,-1,1,0.5,0.5,-1,-1,1.0,0.45,0.687904,0.028962
2,-1,1,0.55,0.55,-1,-1,1.0,0.45,0.714113,0.022454
2,-1,1,0.6,0.6,-1,-1,1.0,0.45,0.741043,0.017572
2,-1,1,0.65,0.65,-1,-1,1.0,0.45,0.767732,0.014155
2,-1,1,0.7,0.7,-1,-1,1.0,0.45,0.78841,0.010251
2,-1,1,0.75,0.75,-1,-1,1.0,0.45,0.815099,0.00781
2,-1,1,0.8,0.8,-1,-1,1.0,0.45,0.836018,0.003905
2,-1,1,0.85,0.85,-1,-1,1.0,0.45,0.861024,0.002115
2,-1,1,0.9,0.9,-1,-1,1.0,0.45,0.889637,0.000976
2,-1,1,0.95,0.95,-1,-1,1.0,0.45,0.923779,0.000163
2,-1,1,1.0,1.0,-1,-1,1.0,0.45,1.0,0.0
2,-1,1,0.05,0.05,-1,-1,0.5,0.5,0.321678,0.305735
2,-1,1,0.1,0.1,-1,-1,0.5,0.5,0.321678,0.305735
2,-1,1,0.15,0.15,-1,-1,0.5,0.5,0.321678,0.305735
2,-1,1,0.2,0.2,-1,-1,0.5,0.5,0.321678,0.305735
2,-1,1,0.25,0.25,-1,-1,0.5,0.5,0.321678,0.305735
2,-1,1,0.3,0.3,-1,-1,0.5,0.5,0.321678,0.305735
2,-1,1,0.35,0.35,-1,-1,0.5,0.5,0.321678,0.305735
2,-1,1,0.4,0.4,-1,-1,0.5,0.5,0.321678,0.305735
2,-1,1,0.45,0.45,-1,-1,0.5,0.5,0.321678,0.305735
2,-1,1,0.5,0.5,-1,-1,0.5,0.5,0.321678,0.305735
2,-1,1,0.55,0.55,-1,-1,0.5,0.5,0.321678,0.305735
2,-1,1,0.6,0.6,-1,-1,0.5,0.5,0.321678,0.305735
2,-1,1,0.65,0.65,-1,-1,0.5,0.5,0.321678,0.305735
2,-1,1,0.7,0.7,-1,-1,0.5,0.5,0.321678,0.305735
2,-1,1,0.75,0.75,-1,-1,0.5,0.5,0.321678,0.305735
2,-1,1,0.8,0.8,-1,-1,0.5,0.5,0.321678,0.305735
2,-1,1,0.85,0.85,-1,-1,0.5,0.5,0.321678,0.305735
2,-1,1,0.9,0.9,-1,-1,0.5,0.5,0.321678,0.305735
2,-1,1,0.95,0.95,-1,-1,0.5,0.5,0.321678,0.305735
2,-1,1,1.0,1.0,-1,-1,0.5,0.5,0.321678,0.305735
2,-1,1,0.05,0.05,-1,-1,0.55,0.5,0.330272,0.275026
2,-1,1,0.1,0.1,-1,-1,0.55,0.5,0.337332,0.258662
2,-1,1,0.15,0.15,-1,-1,0.55,0.5,0.342881,0.249338
2,-1,1,0.2,0.2,-1,-1,0.55,0.5,0.347257,0.242525
2,-1,1,0.25,0.25,-1,-1,0.55,0.5,0.3517,0.237309
2,-1,1,0.3,0.3,-1,-1,0.55,0.5,0.355151,0.23431
2,-1,1,0.35,0.35,-1,-1,0.55,0.5,0.357993,0.231213
2,-1,1,0.4,0.4,-1,-1,0.55,0.5,0.361129,0.229029
2,-1,1,0.45,0.45,-1,-1,0.55,0.5,0.363677,0.226975
2,-1,1,0.5,0.5,-1,-1,0.55,0.5,0.366587,0.225704
2,-1,1,0.55,0.55,-1,-1,0.55,0.5,0.369046,0.2244
2,-1,1,0.6,0.6,-1,-1,0.55,0.5,0.371572,0.223422
2,-1,1,0.65,0.65,-1,-1,0.55,0.5,0.374076,0.222737
2,-1,1,0.7,0.7,-1,-1,0.55,0.5,0.376016,0.221955
2,-1,1,0.75,0.75,-1,-1,0.55,0.5,0.378519,0.221466
2,-1,1,0.8,0.8,-1,-1,0.55,0.5,0.380482,0.220683
2,-1,1,0.85,0.85,-1,-1,0.55,0.5,0.382828,0.220325
2,-1,1,0.9,0.9,-1,-1,0.55,0.5,0.385512,0.220097
2,-1,1,0.95,0.95,-1,-1,0.55,0.5,0.388715,0.219934
2,-1,1,1.0,1.0,-1,-1,0.55,0.5,0.395865,0.219901
2,-1,1,0.05,0.05,-1,-1,0.6,0.5,0.338831,0.251112
2,-1,1,0.1,0.1,-1,-1,0.6,0.5,0.352922,0.222003
2,-1,1,0.15,0.15,-1,-1,0.6,0.5,0.363997,0.205419
2,-1,1,0.2,0.2,-1,-1,0.6,0.5,0.37273,0.1933
2,-1,1,0.25,0.25,-1,-1,0.6,0.5,0.381599,0.184022
2,-1,1,0.3,0.3,-1,-1,0.6,0.5,0.388487,0.178687
2,-1,1,0.35,0.35,-1,-1,0.6,0.5,0.39416,0.173178
2,-1,1,0.4,0.4,-1,-1,0.6,0.5,0.400418,0.169293
2,-1,1,0.45,0.45,-1,-1,0.6,0.5,0.405505,0.16564
2,-1,1,0.5,0.5,-1,-1,0.6,0.5,0.411312,0.163378
2,-1,1,0.55,0.55,-1,-1,0.6,0.5,0.41622,0.161059
2,-1,1,0.6,0.6,-1,-1,0.6,0.5,0.421262,0.15932
2,-1,1,0.65,0.65,-1,-1,0.6,0.5,0.426259,0.158102
2,-1,1,0.7,0.7,-1,-1,0.6,0.5,0.430131,0.15671
2,-1,1,0.75,0.75,-1,-1,0.6,0.5,0.435128,0.15584
2,-1,1,0.8,0.8,-1,-1,0.6,0.5,0.439045,0.154449
2,-1,1,0.85,0.85,-1,-1,0.6,0.5,0.443727,0.153811
2,-1,1,0.9,0.9,-1,-1,0.6,0.5,0.449084,0.153405
2,-1,1,0.95,0.95,-1,-1,0.6,0.5,0.455477,0.153115
2,-1,1,1.0,1.0,-1,-1,0.6,0.5,0.469748,0.153057
2,-1,1,0.05,0.05,-1,-1,0.65,0.5,0.347283,0.234263
2,-1,1,0.1,0.1,-1,-1,0.65,0.5,0.368319,0.196175
2,-1,1,0.15,0.15,-1,-1,0.65,0.5,0.384851,0.174476
2,-1,1,0.2,0.2,-1,-1,0.65,0.5,0.397889,0.158619
2,-1,1,0.25,0.25,-1,-1,0.65,0.5,0.411129,0.146479
2,-1,1,0.3,0.3,-1,-1,0.65,0.5,0.421411,0.139499
2,-1,1,0.35,0.35,-1,-1,0.65,0.5,0.429879,0.132291
2,-1,1,0.4,0.4,-1,-1,0.65,0.5,0.439221,0.127207
2,-1,1,0.45,0.45,-1,-1,0.65,0.5,0.446815,0.122427
2,-1,1,0.5,0.5,-1,-1,0.65,0.5,0.455485,0.119468
2,-1,1,0.55,0.55,-1,-1,0.65,0.5,0.46281,0.116433
2,-1,1,0.6,0.6,-1,-1,0.65,0.5,0.470337,0.114157
2,-1,1,0.65,0.65,-1,-1,0.65,0.5,0.477797,0.112564
2,-1,1,0.7,0.7,-1,-1,0.65,0.5,0.483577,0.110743
2,-1,1,0.75,0.75,-1,-1,0.65,0.5,0.491037,0.109605
2,-1,1,0.8,0.8,-1,-1,0.65,0.5,0.496884,0.107784
2,-1,1,0.85,0.85,-1,-1,0.65,0.5,0.503873,0.106949
2,-1,1,0.9,0.9,-1,-1,0.65,0.5,0.511871,0.106418
2,-1,1,0.95,0.95,-1,-1,0.65,0.5,0.521414,0.106039
2,-1,1,1.0,1.0,-1,-1,0.65,0.5,0.542718,0.105963
2,-1,1,0.05,0.05,-1,-1,0.7,0.5,0.35549,0.221491
2,-1,1,0.1,0.1,-1,-1,0.7,0.5,0.383267,0.176596
2,-1,1,0.15,0.15,-1,-1,0.7,0.5,0.405098,0.151019
2,-1,1,0.2,0.2,-1,-1,0.7,0.5,0.422315,0.132328
2,-1,1,0.25,0.25,-1,-1,0.7,0.5,0.439797,0.118018
2,-1,1,0.3,0.3,-1,-1,0.7,0.5,0.453375,0.109791
2,-1,1,0.35,0.35,-1,-1,0.7,0.5,0.464557,0.101295
2,-1,1,0.4,0.4,-1,-1,0.7,0.5,0.476893,0.095303
2,-1,1,0.45,0.45,-1,-1,0.7,0.5,0.486921,0.089669
2,-1,1,0.5,0.5,-1,-1,0.7,0.5,0.498369,0.086181
2,-1,1,0.55,0.55,-1,-1,0.7,0.5,0.508042,0.082604
2,-1,1,0.6,0.6,-1,-1,0.7,0.5,0.517982,0.079921
2,-1,1,0.65,0.65,-1,-1,0.7,0.5,0.527833,0.078042
2,-1,1,0.7,0.7,-1,-1,0.7,0.5,0.535464,0.075896
2,-1,1,0.75,0.75,-1,-1,0.7,0.5,0.545315,0.074555
2,-1,1,0.8,0.8,-1,-1,0.7,0.5,0.553036,0.072408
2,-1,1,0.85,0.85,-1,-1,0.7,0.5,0.562266,0.071425
2,-1,1,0.9,0.9,-1,-1,0.7,0.5,0.572826,0.070799
2,-1,1,0.95,0.95,-1,-1,0.7,0.5,0.585428,0.070351
2,-1,1,1.0,1.0,-1,-1,0.7,0.5,0.61356,0.070262
2,-1,1,0.05,0.05,-1,-1,0.75,0.5,0.3619,0.212387
2,-1,1,0.1,0.1,-1,-1,0.75,0.5,0.394943,0.162641
2,-1,1,0.15,0.15,-1,-1,0.75,0.5,0.420913,0.134299
2,-1,1,0.2,0.2,-1,-1,0.75,0.5,0.441394,0.113589
2,-1,1,0.25,0.25,-1,-1,0.75,0.5,0.462191,0.097733
2,-1,1,0.3,0.3,-1,-1,0.75,0.5,0.478343,0.088616
2,-1,1,0.35,0.35,-1,-1,0.75,0.5,0.491645,0.079202
2,-1,1,0.4,0.4,-1,-1,0.75,0.5,0.506319,0.072563
2,-1,1,0.45,0.45,-1,-1,0.75,0.5,0.518249,0.06632
2,-1,1,0.5,0.5,-1,-1,0.75,0.5,0.531867,0.062455
2,-1,1,0.55,0.55,-1,-1,0.75,0.5,0.543374,0.058491
2,-1,1,0.6,0.6,-1,-1,0.75,0.5,0.555198,0.055518
2,-1,1,0.65,0.65,-1,-1,0.75,0.5,0.566916,0.053437
2,-1,1,0.7,0.7,-1,-1,0.75,0.5,0.575995,0.051059
2,-1,1,0.75,0.75,-1,-1,0.75,0.5,0.587713,0.049573
2,-1,1,0.8,0.8,-1,-1,0.75,0.5,0.596898,0.047194
2,-1,1,0.85,0.85,-1,-1,0.75,0.5,0.607877,0.046104
2,-1,1,0.9,0.9,-1,-1,0.75,0.5,0.62044,0.045411
2,-1,1,0.95,0.95,-1,-1,0.75,0.5,0.63543,0.044915
2,-1,1,1.0,1.0,-1,-1,0.75,0.5,0.668896,0.044816
2,-1,1,0.05,0.05,-1,-1,0.8,0.5,0.368451,0.203419
2,-1,1,0.1,0.1,-1,-1,0.8,0.5,0.406876,0.148893
2,-1,1,0.15,0.15,-1,-1,0.8,0.5,0.437076,0.117829
2,-1,1,0.2,0.2,-1,-1,0.8,0.5,0.460892,0.095129
2,-1,1,0.25,0.25,-1,-1,0.8,0.5,0.485076,0.07775
2,-1,1,0.3,0.3,-1,-1,0.8,0.5,0.503859,0.067757
2,-1,1,0.35,0.35,-1,-1,0.8,0.5,0.519327,0.057439
2,-1,1,0.4,0.4,-1,-1,0.8,0.5,0.536392,0.050162
2,-1,1,0.45,0.45,-1,-1,0.8,0.5,0.550264,0.043319
2,-1,1,0.5,0.5,-1,-1,0.8,0.5,0.566101,0.039083
2,-1,1,0.55,0.55,-1,-1,0.8,0.5,0.579482,0.034738
2,-1,1,0.6,0.6,-1,-1,0.8,0.5,0.593231,0.03148
2,-1,1,0.65,0.65,-1,-1,0.8,0.5,0.606858,0.029199
2,-1,1,0.7,0.7,-1,-1,0.8,0.5,0.617416,0.026592
2,-1,1,0.75,0.75,-1,-1,0.8,0.5,0.631043,0.024963
2,-1,1,0.8,0.8,-1,-1,0.8,0.5,0.641723,0.022356
2,-1,1,0.85,0.85,-1,-1,0.8,0.5,0.654491,0.021161
2,-1,1,0.9,0.9,-1,-1,0.8,0.5,0.669099,0.020401
2,-1,1,0.95,0.95,-1,-1,0.8,0.5,0.686532,0.019858
2,-1,1,1.0,1.0,-1,-1,0.8,0.5,0.725448,0.019749
2,-1,1,0.05,0.05,-1,-1,0.85,0.5,0.373453,0.200022
2,-1,1,0.1,0.1,-1,-1,0.85,0.5,0.415986,0.143686
2,-1,1,0.15,0.15,-1,-1,0.85,0.5,0.449415,0.111591
2,-1,1,0.2,0.2,-1,-1,0.85,0.5,0.475778,0.088136
2,-1,1,0.25,0.25,-1,-1,0.85,0.5,0.502549,0.070181
2,-1,1,0.3,0.3,-1,-1,0.85,0.5,0.52334,0.059856
2,-1,1,0.35,0.35,-1,-1,0.85,0.5,0.540462,0.049195
2,-1,1,0.4,0.4,-1,-1,0.85,0.5,0.559351,0.041676
2,-1,1,0.45,0.45,-1,-1,0.85,0.5,0.574707,0.034606
2,-1,1,0.5,0.5,-1,-1,0.85,0.5,0.592237,0.030229
2,-1,1,0.55,0.55,-1,-1,0.85,0.5,0.607049,0.025741
2,-1,1,0.6,0.6,-1,-1,0.85,0.5,0.622269,0.022374
2,-1,1,0.65,0.65,-1,-1,0.85,0.5,0.637353,0.020017
2,-1,1,0.7,0.7,-1,-1,0.85,0.5,0.649039,0.017324
2,-1,1,0.75,0.75,-1,-1,0.85,0.5,0.664123,0.015641
2,-1,1,0.8,0.8,-1,-1,0.85,0.5,0.675945,0.012947
2,-1,1,0.85,0.85,-1,-1,0.85,0.5,0.690078,0.011713
2,-1,1,0.9,0.9,-1,-1,0.85,0.5,0.706249,0.010927
2,-1,1,0.95,0.95,-1,-1,0.85,0.5,0.725546,0.010366
2,-1,1,1.0,1.0,-1,-1,0.85,0.5,0.768623,0.010254
2,-1,1,0.05,0.05,-1,-1,0.9,0.5,0.378876,0.198119
2,-1,1,0.1,0.1,-1,-1,0.9,0.5,0.425866,0.14077
2,-1,1,0.15,0.15,-1,-1,0.9,0.5,0.462797,0.108097
2,-1,1,0.2,0.2,-1,-1,0.9,0.5,0.491922,0.084221
2,-1,1,0.25,0.25,-1,-1,0.9,0.5,0.521497,0.065942
2,-1,1,0.3,0.3,-1,-1,0.9,0.5,0.544466,0.055432
2,-1,1,0.35,0.35,-1,-1,0.9,0.5,0.563382,0.044579
2,-1,1,0.4,0.4,-1,-1,0.9,0.5,0.58425,0.036925
2,-1,1,0.45,0.45,-1,-1,0.9,0.5,0.601214,0.029727
2,-1,1,0.5,0.5,-1,-1,0.9,0.5,0.62058,0.025272
2,-1,1,0.55,0.55,-1,-1,0.9,0.5,0.636944,0.020702
2,-1,1,0.6,0.6,-1,-1,0.9,0.5,0.653759,0.017275
2,-1,1,0.65,0.65,-1,-1,0.9,0.5,0.670423,0.014876
2,-1,1,0.7,0.7,-1,-1,0.9,0.5,0.683333,0.012134
2,-1,1,0.75,0.75,-1,-1,0.9,0.5,0.699997,0.010421
2,-1,1,0.8,0.8,-1,-1,0.9,0.5,0.713058,0.007679
2,-1,1,0.85,0.85,-1,-1,0.9,0.5,0.728672,0.006422
2,-1,1,0.9,0.9,-1,-1,0.9,0.5,0.746537,0.005623
2,-1,1,0.95,0.95,-1,-1,0.9,0.5,0.767855,0.005051
2,-1,1,1.0,1.0,-1,-1,0.9,0.5,0.815445,0.004937
2,-1,1,0.05,0.05,-1,-1,0.95,0.5,0.384899,0.196761
2,-1,1,0.1,0.1,-1,-1,0.95,0.5,0.436836,0.138687
2,-1,1,0.15,0.15,-1,-1,0.95,0.5,0.477656,0.105602
2,-1,1,0.2,0.2,-1,-1,0.95,0.5,0.509848,0.081424
2,-1,1,0.25,0.25,-1,-1,0.95,0.5,0.542537,0.062914
2,-1,1,0.3,0.3,-1,-1,0.95,0.5,0.567925,0.052271
2,-1,1,0.35,0.35,-1,-1,0.95,0.5,0.588832,0.041281
2,-1,1,0.4,0.4,-1,-1,0.95,0.5,0.611898,0.033531
2,-1,1,0.45,0.45,-1,-1,0.95,0.5,0.630649,0.026242
2,-1,1,0.5,0.5,-1,-1,0.95,0.5,0.652054,0.021731
2,-1,1,0.55,0.55,-1,-1,0.95,0.5,0.670141,0.017103
2,-1,1,0.6,0.6,-1,-1,0.95,0.5,0.688725,0.013633
2,-1,1,0.65,0.65,-1,-1,0.95,0.5,0.707144,0.011203
2,-1,1,0.7,0.7,-1,-1,0.95,0.5,0.721414,0.008427
2,-1,1,0.75,0.75,-1,-1,0.95,0.5,0.739833,0.006692
2,-1,1,0.8,0.8,-1,-1,0.95,0.5,0.75427,0.003915
2,-1,1,0.85,0.85,-1,-1,0.95,0.5,0.771527,0.002643
2,-1,1,0.9,0.9,-1,-1,0.95,0.5,0.791273,0.001833
2,-1,1,0.95,0.95,-1,-1,0.95,0.5,0.814836,0.001255
2,-1,1,1.0,1.0,-1,-1,0.95,0.5,0.867437,0.001139
2,-1,1,0.05,0.05,-1,-1,1.0,0.5,0.400255,0.196353
2,-1,1,0.1,0.1,-1,-1,1.0,0.5,0.464808,0.138063
2,-1,1,0.15,0.15,-1,-1,1.0,0.5,0.515543,0.104853
2,-1,1,0.2,0.2,-1,-1,1.0,0.5,0.555554,0.080585
2,-1,1,0.25,0.25,-1,-1,1.0,0.5,0.596183,0.062006
2,-1,1,0.3,0.3,-1,-1,1.0,0.5,0.627738,0.051323
2,-1,1,0.35,0.35,-1,-1,1.0,0.5,0.653723,0.040293
2,-1,1,0.4,0.4,-1,-1,1.0,0.5,0.682391,0.032513
2,-1,1,0.45,0.45,-1,-1,1.0,0.5,0.705696,0.025197
2,-1,1,0.5,0.5,-1,-1,1.0,0.5,0.732301,0.020669
2,-1,1,0.55,0.55,-1,-1,1.0,0.5,0.754781,0.016024
2,-1,1,0.6,0.6,-1,-1,1.0,0.5,0.77788,0.012541
2,-1,1,0.65,0.65,-1,-1,1.0,0.5,0.800773,0.010102
2,-1,1,0.7,0.7,-1,-1,1.0,0.5,0.818509,0.007315
2,-1,1,0.75,0.75,-1,-1,1.0,0.5,0.841402,0.005574
2,-1,1,0.8,0.8,-1,-1,1.0,0.5,0.859345,0.002787
2,-1,1,0.85,0.85,-1,-1,1.0,0.5,0.880794,0.001509
2,-1,1,0.9,0.9,-1,-1,1.0,0.5,0.905336,0.000697
2,-1,1,0.95,0.95,-1,-1,1.0,0.5,0.934622,0.000116
2,-1,1,1.0,1.0,-1,-1,1.0,0.5,1.0,0.0
2,-1,1,0.05,0.05,-1,-1,0.55,0.55,0.395865,0.219901
2,-1,1,0.1,0.1,-1,-1,0.55,0.55,0.395865,0.219901
2,-1,1,0.15,0.15,-1,-1,0.55,0.55,0.395865,0.219901
2,-1,1,0.2,0.2,-1,-1,0.55,0.55,0.395865,0.219901
2,-1,1,0.25,0.25,-1,-1,0.55,0.55,0.395865,0.219901
2,-1,1,0.3,0.3,-1,-1,0.55,0.55,0.395865,0.219901
2,-1,1,0.35,0.35,-1,-1,0.55,0.55,0.395865,0.219901
2,-1,1,0.4,0.4,-1,-1,0.55,0.55,0.395865,0.219901
2,-1,1,0.45,0.45,-1,-1,0.55,0.55,0.395865,0.219901
2,-1,1,0.5,0.5,-1,-1,0.55,0.55,0.395865,0.219901
2,-1,1,0.55,0.55,-1,-1,0.55,0.55,0.395865,0.219901
2,-1,1,0.6,0.6,-1,-1,0.55,0.55,0.395865,0.219901
2,-1,1,0.65,0.65,-1,-1,0.55,0.55,0.395865,0.219901
2,-1,1,0.7,0.7,-1,-1,0.55,0.55,0.395865,0.219901
2,-1,1,0.75,0.75,-1,-1,0.55,0.55,0.395865,0.219901
2,-1,1,0.8,0.8,-1,-1,0.55,0.55,0.395865,0.219901
2,-1,1,0.85,0.85,-1,-1,0.55,0.55,0.395865,0.219901
2,-1,1,0.9,0.9,-1,-1,0.55,0.55,0.395865,0.219901
2,-1,1,0.95,0.95,-1,-1,0.55,0.55,0.395865,0.219901
2,-1,1,1.0,1.0,-1,-1,0.55,0.55,0.395865,0.219901
2,-1,1,0.05,0.05,-1,-1,0.6,0.55,0.404424,0.195986
2,-1,1,0.1,0.1,-1,-1,0.6,0.55,0.411455,0.183242
2,-1,1,0.15,0.15,-1,-1,0.6,0.55,0.416981,0.175981
2,-1,1,0.2,0.2,-1,-1,0.6,0.55,0.421339,0.170676
2,-1,1,0.25,0.25,-1,-1,0.6,0.55,0.425764,0.166614
2,-1,1,0.3,0.3,-1,-1,0.6,0.55,0.429201,0.164278
2,-1,1,0.35,0.35,-1,-1,0.6,0.55,0.432031,0.161866
2,-1,1,0.4,0.4,-1,-1,0.6,0.55,0.435154,0.160165
2,-1,1,0.45,0.45,-1,-1,0.6,0.55,0.437692,0.158566
2,-1,1,0.5,0.5,-1,-1,0.6,0.55,0.44059,0.157576
2,-1,1,0.55,0.55,-1,-1,0.6,0.55,0.443039,0.15656
2,-1,1,0.6,0.6,-1,-1,0.6,0.55,0.445555,0.155799
2,-1,1,0.65,0.65,-1,-1,0.6,0.55,0.448048,0.155266
2,-1,1,0.7,0.7,-1,-1,0.6,0.55,0.44998,0.154656
2,-1,1,0.75,0.75,-1,-1,0.6,0.55,0.452473,0.154276
2,-1,1,0.8,0.8,-1,-1,0.6,0.55,0.454428,0.153666
2,-1,1,0.85,0.85,-1,-1,0.6,0.55,0.456764,0.153387
2,-1,1,0.9,0.9,-1,-1,0.6,0.55,0.459437,0.153209
2,-1,1,0.95,0.95,-1,-1,0.6,0.55,0.462627,0.153082
2,-1,1,1.0,1.0,-1,-1,0.6,0.55,0.469748,0.153057
2,-1,1,0.05,0.05,-1,-1,0.65,0.55,0.412877,0.179138
2,-1,1,0.1,0.1,-1,-1,0.65,0.55,0.426852,0.157415
2,-1,1,0.15,0.15,-1,-1,0.65,0.55,0.437836,0.145039
2,-1,1,0.2,0.2,-1,-1,0.65,0.55,0.446498,0.135995
2,-1,1,0.25,0.25,-1,-1,0.65,0.55,0.455294,0.129071
2,-1,1,0.3,0.3,-1,-1,0.65,0.55,0.462125,0.12509
2,-1,1,0.35,0.35,-1,-1,0.65,0.55,0.467751,0.120979
2,-1,1,0.4,0.4,-1,-1,0.65,0.55,0.473957,0.11808
2,-1,1,0.45,0.45,-1,-1,0.65,0.55,0.479003,0.115353
2,-1,1,0.5,0.5,-1,-1,0.65,0.55,0.484763,0.113666
2,-1,1,0.55,0.55,-1,-1,0.65,0.55,0.489629,0.111935
2,-1,1,0.6,0.6,-1,-1,0.65,0.55,0.49463,0.110637
2,-1,1,0.65,0.65,-1,-1,0.65,0.55,0.499586,0.109728
2,-1,1,0.7,0.7,-1,-1,0.65,0.55,0.503426,0.108689
2,-1,1,0.75,0.75,-1,-1,0.65,0.55,0.508382,0.10804
2,-1,1,0.8,0.8,-1,-1,0.65,0.55,0.512267,0.107002
2,-1,1,0.85,0.85,-1,-1,0.65,0.55,0.51691,0.106526
2,-1,1,0.9,0.9,-1,-1,0.65,0.55,0.522224,0.106223
2,-1,1,0.95,0.95,-1,-1,0.65,0.55,0.528564,0.106006
2,-1,1,1.0,1.0,-1,-1,0.65,0.55,0.542718,0.105963
2,-1,1,0.05,0.05,-1,-1,0.7,0.55,0.421083,0.166365
2,-1,1,0.1,0.1,-1,-1,0.7,0.55,0.4418,0.137835
2,-1,1,0.15,0.15,-1,-1,0.7,0.55,0.458082,0.121581
2,-1,1,0.2,0.2,-1,-1,0.7,0.55,0.470923,0.109704
2,-1,1,0.25,0.25,-1,-1,0.7,0.55,0.483962,0.10061
2,-1,1,0.3,0.3,-1,-1,0.7,0.55,0.494089,0.095382
2,-1,1,0.35,0.35,-1,-1,0.7,0.55,0.502429,0.089983
2,-1,1,0.4,0.4,-1,-1,0.7,0.55,0.511629,0.086175
2,-1,1,0.45,0.45,-1,-1,0.7,0.55,0.519109,0.082594
2,-1,1,0.5,0.5,-1,-1,0.7,0.55,0.527647,0.080378
2,-1,1,0.55,0.55,-1,-1,0.7,0.55,0.534862,0.078105
2,-1,1,0.6,0.6,-1,-1,0.7,0.55,0.542275,0.0764
2,-1,1,0.65,0.65,-1,-1,0.7,0.55,0.549622,0.075206
2,-1,1,0.7,0.7,-1,-1,0.7,0.55,0.555314,0.073842
2,-1,1,0.75,0.75,-1,-1,0.7,0.55,0.562661,0.07299
2,-1,1,0.8,0.8,-1,-1,0.7,0.55,0.568419,0.071626
2,-1,1,0.85,0.85,-1,-1,0.7,0.55,0.575303,0.071001
2,-1,1,0.9,0.9,-1,-1,0.7,0.55,0.583179,0.070603
2,-1,1,0.95,0.95,-1,-1,0.7,0.55,0.592578,0.070319
2,-1,1,1.0,1.0,-1,-1,0.7,0.55,0.61356,0.070262
2,-1,1,0.05,0.05,-1,-1,0.75,0.55,0.427493,0.157261
2,-1,1,0.1,0.1,-1,-1,0.75,0.55,0.453476,0.12388
2,-1,1,0.15,0.15,-1,-1,0.75,0.55,0.473898,0.104862
2,-1,1,0.2,0.2,-1,-1,0.75,0.55,0.490002,0.090965
2,-1,1,0.25,0.25,-1,-1,0.75,0.55,0.506356,0.080325
2,-1,1,0.3,0.3,-1,-1,0.75,0.55,0.519057,0.074207
2,-1,1,0.35,0.35,-1,-1,0.75,0.55,0.529516,0.06789
2,-1,1,0.4,0.4,-1,-1,0.75,0.55,0.541056,0.063435
2,-1,1,0.45,0.45,-1,-1,0.75,0.55,0.550436,0.059246
2,-1,1,0.5,0.5,-1,-1,0.75,0.55,0.561145,0.056652
2,-1,1,0.55,0.55,-1,-1,0.75,0.55,0.570193,0.053993
2,-1,1,0.6,0.6,-1,-1,0.75,0.55,0.579491,0.051998
2,-1,1,0.65,0.65,-1,-1,0.75,0.55,0.588705,0.050601
2,-1,1,0.7,0.7,-1,-1,0.75,0.55,0.595844,0.049005
2,-1,1,0.75,0.75,-1,-1,0.75,0.55,0.605059,0.048008
2,-1,1,0.8,0.8,-1,-1,0.75,0.55,0.612281,0.046412
2,-1,1,0.85,0.85,-1,-1,0.75,0.55,0.620914,0.04568
2,-1,1,0.9,0.9,-1,-1,0.75,0.55,0.630793,0.045215
2,-1,1,0.95,0.95,-1,-1,0.75,0.55,0.642581,0.044883
2,-1,1,1.0,1.0,-1,-1,0.75,0.55,0.668896,0.044816
2,-1,1,0.05,0.05,-1,-1,0.8,0.55,0.434044,0.148293
2,-1,1,0.1,0.1,-1,-1,0.8,0.55,0.465409,0.110133
2,-1,1,0.15,0.15,-1,-1,0.8,0.55,0.49006,0.088392
2,-1,1,0.2,0.2,-1,-1,0.8,0.55,0.509501,0.072505
2,-1,1,0.25,0.25,-1,-1,0.8,0.55,0.529241,0.060342
2,-1,1,0.3,0.3,-1,-1,0.8,0.55,0.544573,0.053348
2,-1,1,0.35,0.35,-1,-1,0.8,0.55,0.557199,0.046127
2,-1,1,0.4,0.4,-1,-1,0.8,0.55,0.571128,0.041034
2,-1,1,0.45,0.45,-1,-1,0.8,0.55,0.582452,0.036245
2,-1,1,0.5,0.5,-1,-1,0.8,0.55,0.595378,0.03328
2,-1,1,0.55,0.55,-1,-1,0.8,0.55,0.606301,0.030239
2,-1,1,0.6,0.6,-1,-1,0.8,0.55,0.617524,0.027959
2,-1,1,0.65,0.65,-1,-1,0.8,0.55,0.628647,0.026362
2,-1,1,0.7,0.7,-1,-1,0.8,0.55,0.637265,0.024538
2,-1,1,0.75,0.75,-1,-1,0.8,0.55,0.648388,0.023398
2,-1,1,0.8,0.8,-1,-1,0.8,0.55,0.657106,0.021573
2,-1,1,0.85,0.85,-1,-1,0.8,0.55,0.667528,0.020737
2,-1,1,0.9,0.9,-1,-1,0.8,0.55,0.679453,0.020205
2,-1,1,0.95,0.95,-1,-1,0.8,0.55,0.693682,0.019825
2,-1,1,1.0,1.0,-1,-1,0.8,0.55,0.725448,0.019749
2,-1,1,0.05,0.05,-1,-1,0.85,0.55,0.439046,0.144896
2,-1,1,0.1,0.1,-1,-1,0.85,0.55,0.474519,0.104926
2,-1,1,0.15,0.15,-1,-1,0.85,0.55,0.5024,0.082153
2,-1,1,0.2,0.2,-1,-1,0.85,0.55,0.524387,0.065512
2,-1,1,0.25,0.25,-1,-1,0.85,0.55,0.546713,0.052773
2,-1,1,0.3,0.3,-1,-1,0.85,0.55,0.564054,0.045447
2,-1,1,0.35,0.35,-1,-1,0.85,0.55,0.578334,0.037883
2,-1,1,0.4,0.4,-1,-1,0.85,0.55,0.594088,0.032548
2,-1,1,0.45,0.45,-1,-1,0.85,0.55,0.606894,0.027532
2,-1,1,0.5,0.5,-1,-1,0.85,0.55,0.621514,0.024427
2,-1,1,0.55,0.55,-1,-1,0.85,0.55,0.633868,0.021242
2,-1,1,0.6,0.6,-1,-1,0.85,0.55,0.646562,0.018853
2,-1,1,0.65,0.65,-1,-1,0.85,0.55,0.659142,0.017181
2,-1,1,0.7,0.7,-1,-1,0.85,0.55,0.668888,0.01527
2,-1,1,0.75,0.75,-1,-1,0.85,0.55,0.681468,0.014076
2,-1,1,0.8,0.8,-1,-1,0.85,0.55,0.691329,0.012165
2,-1,1,0.85,0.85,-1,-1,0.85,0.55,0.703116,0.011289
2,-1,1,0.9,0.9,-1,-1,0.85,0.55,0.716602,0.010732
2,-1,1,0.95,0.95,-1,-1,0.85,0.55,0.732696,0.010334
2,-1,1,1.0,1.0,-1,-1,0.85,0.55,0.768623,0.010254
2,-1,1,0.05,0.05,-1,-1,0.9,0.55,0.44447,0.142994
2,-1,1,0.1,0.1,-1,-1,0.9,0.55,0.484399,0.10201
2,-1,1,0.15,0.15,-1,-1,0.9,0.55,0.515781,0.07866
2,-1,1,0.2,0.2,-1,-1,0.9,0.55,0.54053,0.061597
2,-1,1,0.25,0.25,-1,-1,0.9,0.55,0.565661,0.048534
2,-1,1,0.3,0.3,-1,-1,0.9,0.55,0.58518,0.041023
2,-1,1,0.35,0.35,-1,-1,0.9,0.55,0.601254,0.033267
2,-1,1,0.4,0.4,-1,-1,0.9,0.55,0.618986,0.027797
2,-1,1,0.45,0.45,-1,-1,0.9,0.55,0.633402,0.022653
2,-1,1,0.5,0.5,-1,-1,0.9,0.55,0.649858,0.019469
2,-1,1,0.55,0.55,-1,-1,0.9,0.55,0.663763,0.016204
2,-1,1,0.6,0.6,-1,-1,0.9,0.55,0.678051,0.013754
2,-1,1,0.65,0.65,-1,-1,0.9,0.55,0.692212,0.01204
2,-1,1,0.7,0.7,-1,-1,0.9,0.55,0.703183,0.01008
2,-1,1,0.75,0.75,-1,-1,0.9,0.55,0.717343,0.008856
2,-1,1,0.8,0.8,-1,-1,0.9,0.55,0.728442,0.006896
2,-1,1,0.85,0.85,-1,-1,0.9,0.55,0.741709,0.005998
2,-1,1,0.9,0.9,-1,-1,0.9,0.55,0.75689,0.005427
2,-1,1,0.95,0.95,-1,-1,0.9,0.55,0.775005,0.005019
2,-1,1,1.0,1.0,-1,-1,0.9,0.55,0.815445,0.004937
2,-1,1,0.05,0.05,-1,-1,0.95,0.55,0.450492,0.141635
2,-1,1,0.1,0.1,-1,-1,0.95,0.55,0.49537,0.099927
2,-1,1,0.15,0.15,-1,-1,0.95,0.55,0.530641,0.076165
2,-1,1,0.2,0.2,-1,-1,0.95,0.55,0.558456,0.0588
2,-1,1,0.25,0.25,-1,-1,0.95,0.55,0.586702,0.045506
2,-1,1,0.3,0.3,-1,-1,0.95,0.55,0.608639,0.037862
2,-1,1,0.35,0.35,-1,-1,0.95,0.55,0.626704,0.029969
2,-1,1,0.4,0.4,-1,-1,0.95,0.55,0.646634,0.024403
2,-1,1,0.45,0.45,-1,-1,0.95,0.55,0.662836,0.019168
2,-1,1,0.5,0.5,-1,-1,0.95,0.55,0.681332,0.015928
2,-1,1,0.55,0.55,-1,-1,0.95,0.55,0.69696,0.012605
2,-1,1,0.6,0.6,-1,-1,0.95,0.55,0.713018,0.010112
2,-1,1,0.65,0.65,-1,-1,0.95,0.55,0.728933,0.008367
2,-1,1,0.7,0.7,-1,-1,0.95,0.55,0.741264,0.006373
2,-1,1,0.75,0.75,-1,-1,0.95,0.55,0.757179,0.005127
2,-1,1,0.8,0.8,-1,-1,0.95,0.55,0.769653,0.003133
2,-1,1,0.85,0.85,-1,-1,0.95,0.55,0.784564,0.002219
2,-1,1,0.9,0.9,-1,-1,0.95,0.55,0.801626,0.001638
2,-1,1,0.95,0.95,-1,-1,0.95,0.55,0.821986,0.001222
2,-1,1,1.0,1.0,-1,-1,0.95,0.55,0.867437,0.001139
2,-1,1,0.05,0.05,-1,-1,1.0,0.55,0.465849,0.141228
2,-1,1,0.1,0.1,-1,-1,1.0,0.55,0.523341,0.099302
2,-1,1,0.15,0.15,-1,-1,1.0,0.55,0.568527,0.075416
2,-1,1,0.2,0.2,-1,-1,1.0,0.55,0.604162,0.057961
2,-1,1,0.25,0.25,-1,-1,1.0,0.55,0.640348,0.044598
2,-1,1,0.3,0.3,-1,-1,1.0,0.55,0.668451,0.036915
2,-1,1,0.35,0.35,-1,-1,1.0,0.55,0.691595,0.028981
2,-1,1,0.4,0.4,-1,-1,1.0,0.55,0.717128,0.023385
2,-1,1,0.45,0.45,-1,-1,1.0,0.55,0.737884,0.018123
2,-1,1,0.5,0.5,-1,-1,1.0,0.55,0.761579,0.014866
2,-1,1,0.55,0.55,-1,-1,1.0,0.55,0.7816,0.011525
2,-1,1,0.6,0.6,-1,-1,1.0,0.55,0.802173,0.00902
2,-1,1,0.65,0.65,-1,-1,1.0,0.55,0.822562,0.007266
2,-1,1,0.7,0.7,-1,-1,1.0,0.55,0.838358,0.005262
2,-1,1,0.75,0.75,-1,-1,1.0,0.55,0.858747,0.004009
2,-1,1,0.8,0.8,-1,-1,1.0,0.55,0.874728,0.002004
2,-1,1,0.85,0.85,-1,-1,1.0,0.55,0.893831,0.001086
2,-1,1,0.9,0.9,-1,-1,1.0,0.55,0.915689,0.000501
2,-1,1,0.95,0.95,-1,-1,1.0,0.55,0.941772,8.4e-05
2,-1,1,1.0,1.0,-1,-1,1.0,0.55,1.0,0.0
2,-1,1,0.05,0.05,-1,-1,0.6,0.6,0.469748,0.153057
2,-1,1,0.1,0.1,-1,-1,0.6,0.6,0.469748,0.153057
2,-1,1,0.15,0.15,-1,-1,0.6,0.6,0.469748,0.153057
2,-1,1,0.2,0.2,-1,-1,0.6,0.6,0.469748,0.153057
2,-1,1,0.25,0.25,-1,-1,0.6,0.6,0.469748,0.153057
2,-1,1,0.3,0.3,-1,-1,0.6,0.6,0.469748,0.153057
2,-1,1,0.35,0.35,-1,-1,0.6,0.6,0.469748,0.153057
2,-1,1,0.4,0.4,-1,-1,0.6,0.6,0.469748,0.153057
2,-1,1,0.45,0.45,-1,-1,0.6,0.6,0.469748,0.153057
2,-1,1,0.5,0.5,-1,-1,0.6,0.6,0.469748,0.153057
2,-1,1,0.55,0.55,-1,-1,0.6,0.6,0.469748,0.153057
2,-1,1,0.6,0.6,-1,-1,0.6,0.6,0.469748,0.153057
2,-1,1,0.65,0.65,-1,-1,0.6,0.6,0.469748,0.153057
2,-1,1,0.7,0.7,-1,-1,0.6,0.6,0.469748,0.153057
2,-1,1,0.75,0.75,-1,-1,0.6,0.6,0.469748,0.153057
2,-1,1,0.8,0.8,-1,-1,0.6,0.6,0.469748,0.153057
2,-1,1,0.85,0.85,-1,-1,0.6,0.6,0.469748,0.153057
2,-1,1,0.9,0.9,-1,-1,0.6,0.6,0.469748,0.153057
2,-1,1,0.95,0.95,-1,-1,0.6,0.6,0.469748,0.153057
2,-1,1,1.0,1.0,-1,-1,0.6,0.6,0.469748,0.153057
2,-1,1,0.05,0.05,-1,-1,0.65,0.6,0.478201,0.136208
2,-1,1,0.1,0.1,-1,-1,0.65,0.6,0.485145,0.12723
2,-1,1,0.15,0.15,-1,-1,0.65,0.6,0.490603,0.122114
2,-1,1,0.2,0.2,-1,-1,0.65,0.6,0.494907,0.118376
2,-1,1,0.25,0.25,-1,-1,0.65,0.6,0.499278,0.115514
2,-1,1,0.3,0.3,-1,-1,0.65,0.6,0.502672,0.113869
2,-1,1,0.35,0.35,-1,-1,0.65,0.6,0.505468,0.112169
2,-1,1,0.4,0.4,-1,-1,0.65,0.6,0.508551,0.110971
2,-1,1,0.45,0.45,-1,-1,0.65,0.6,0.511059,0.109844
2,-1,1,0.5,0.5,-1,-1,0.65,0.6,0.51392,0.109147
2,-1,1,0.55,0.55,-1,-1,0.65,0.6,0.516339,0.108431
2,-1,1,0.6,0.6,-1,-1,0.65,0.6,0.518824,0.107895
2,-1,1,0.65,0.65,-1,-1,0.65,0.6,0.521286,0.107519
2,-1,1,0.7,0.7,-1,-1,0.65,0.6,0.523194,0.10709
2,-1,1,0.75,0.75,-1,-1,0.65,0.6,0.525657,0.106822
2,-1,1,0.8,0.8,-1,-1,0.65,0.6,0.527587,0.106392
2,-1,1,0.85,0.85,-1,-1,0.65,0.6,0.529894,0.106196
2,-1,1,0.9,0.9,-1,-1,0.65,0.6,0.532535,0.10607
2,-1,1,0.95,0.95,-1,-1,0.65,0.6,0.535685,0.105981
2,-1,1,1.0,1.0,-1,-1,0.65,0.6,0.542718,0.105963
2,-1,1,0.05,0.05,-1,-1,0.7,0.6,0.486407,0.123436
2,-1,1,0.1,0.1,-1,-1,0.7,0.6,0.500093,0.10765
2,-1,1,0.15,0.15,-1,-1,0.7,0.6,0.51085,0.098657
2,-1,1,0.2,0.2,-1,-1,0.7,0.6,0.519332,0.092085
2,-1,1,0.25,0.25,-1,-1,0.7,0.6,0.527946,0.087054
2,-1,1,0.3,0.3,-1,-1,0.7,0.6,0.534636,0.084161
2,-1,1,0.35,0.35,-1,-1,0.7,0.6,0.540145,0.081173
2,-1,1,0.4,0.4,-1,-1,0.7,0.6,0.546223,0.079067
2,-1,1,0.45,0.45,-1,-1,0.7,0.6,0.551164,0.077086
2,-1,1,0.5,0.5,-1,-1,0.7,0.6,0.556805,0.075859
2,-1,1,0.55,0.55,-1,-1,0.7,0.6,0.561571,0.074601
2,-1,1,0.6,0.6,-1,-1,0.7,0.6,0.566468,0.073658
2,-1,1,0.65,0.65,-1,-1,0.7,0.6,0.571322,0.072998
2,-1,1,0.7,0.7,-1,-1,0.7,0.6,0.575082,0.072243
2,-1,1,0.75,0.75,-1,-1,0.7,0.6,0.579935,0.071771
2,-1,1,0.8,0.8,-1,-1,0.7,0.6,0.583739,0.071017
2,-1,1,0.85,0.85,-1,-1,0.7,0.6,0.588287,0.070671
2,-1,1,0.9,0.9,-1,-1,0.7,0.6,0.59349,0.070451
2,-1,1,0.95,0.95,-1,-1,0.7,0.6,0.599699,0.070293
2,-1,1,1.0,1.0,-1,-1,0.7,0.6,0.61356,0.070262
2,-1,1,0.05,0.05,-1,-1,0.75,0.6,0.492818,0.114332
2,-1,1,0.1,0.1,-1,-1,0.75,0.6,0.511769,0.093695
2,-1,1,0.15,0.15,-1,-1,0.75,0.6,0.526665,0.081938
2,-1,1,0.2,0.2,-1,-1,0.75,0.6,0.538411,0.073346
2,-1,1,0.25,0.25,-1,-1,0.75,0.6,0.55034,0.066768
2,-1,1,0.3,0.3,-1,-1,0.75,0.6,0.559604,0.062986
2,-1,1,0.35,0.35,-1,-1,0.75,0.6,0.567233,0.059081
2,-1,1,0.4,0.4,-1,-1,0.75,0.6,0.57565,0.056327
2,-1,1,0.45,0.45,-1,-1,0.75,0.6,0.582492,0.053737
2,-1,1,0.5,0.5,-1,-1,0.75,0.6,0.590302,0.052133
2,-1,1,0.55,0.55,-1,-1,0.75,0.6,0.596902,0.050489
2,-1,1,0.6,0.6,-1,-1,0.75,0.6,0.603684,0.049256
2,-1,1,0.65,0.65,-1,-1,0.75,0.6,0.610405,0.048392
2,-1,1,0.7,0.7,-1,-1,0.75,0.6,0.615612,0.047406
2,-1,1,0.75,0.75,-1,-1,0.75,0.6,0.622333,0.046789
2,-1,1,0.8,0.8,-1,-1,0.75,0.6,0.627601,0.045803
2,-1,1,0.85,0.85,-1,-1,0.75,0.6,0.633898,0.04535
2,-1,1,0.9,0.9,-1,-1,0.75,0.6,0.641104,0.045063
2,-1,1,0.95,0.95,-1,-1,0.75,0.6,0.649702,0.044857
2,-1,1,1.0,1.0,-1,-1,0.75,0.6,0.668896,0.044816
2,-1,1,0.05,0.05,-1,-1,0.8,0.6,0.499369,0.105364
2,-1,1,0.1,0.1,-1,-1,0.8,0.6,0.523702,0.079948
2,-1,1,0.15,0.15,-1,-1,0.8,0.6,0.542827,0.065468
2,-1,1,0.2,0.2,-1,-1,0.8,0.6,0.55791,0.054886
2,-1,1,0.25,0.25,-1,-1,0.8,0.6,0.573225,0.046785
2,-1,1,0.3,0.3,-1,-1,0.8,0.6,0.58512,0.042127
2,-1,1,0.35,0.35,-1,-1,0.8,0.6,0.594916,0.037318
2,-1,1,0.4,0.4,-1,-1,0.8,0.6,0.605722,0.033925
2,-1,1,0.45,0.45,-1,-1,0.8,0.6,0.614507,0.030736
2,-1,1,0.5,0.5,-1,-1,0.8,0.6,0.624536,0.028761
2,-1,1,0.55,0.55,-1,-1,0.8,0.6,0.63301,0.026736
2,-1,1,0.6,0.6,-1,-1,0.8,0.6,0.641718,0.025217
2,-1,1,0.65,0.65,-1,-1,0.8,0.6,0.650347,0.024154
2,-1,1,0.7,0.7,-1,-1,0.8,0.6,0.657033,0.022939
2,-1,1,0.75,0.75,-1,-1,0.8,0.6,0.665663,0.022179
2,-1,1,0.8,0.8,-1,-1,0.8,0.6,0.672427,0.020964
2,-1,1,0.85,0.85,-1,-1,0.8,0.6,0.680512,0.020407
2,-1,1,0.9,0.9,-1,-1,0.8,0.6,0.689764,0.020053
2,-1,1,0.95,0.95,-1,-1,0.8,0.6,0.700803,0.0198
2,-1,1,1.0,1.0,-1,-1,0.8,0.6,0.725448,0.019749
2,-1,1,0.05,0.05,-1,-1,0.85,0.6,0.50437,0.101967
2,-1,1,0.1,0.1,-1,-1,0.85,0.6,0.532812,0.07474
2,-1,1,0.15,0.15,-1,-1,0.85,0.6,0.555167,0.059229
2,-1,1,0.2,0.2,-1,-1,0.85,0.6,0.572796,0.047894
2,-1,1,0.25,0.25,-1,-1,0.85,0.6,0.590697,0.039216
2,-1,1,0.3,0.3,-1,-1,0.85,0.6,0.604601,0.034226
2,-1,1,0.35,0.35,-1,-1,0.85,0.6,0.61605,0.029074
2,-1,1,0.4,0.4,-1,-1,0.85,0.6,0.628682,0.02544
2,-1,1,0.45,0.45,-1,-1,0.85,0.6,0.63895,0.022023
2,-1,1,0.5,0.5,-1,-1,0.85,0.6,0.650672,0.019908
2,-1,1,0.55,0.55,-1,-1,0.85,0.6,0.660577,0.017739
2,-1,1,0.6,0.6,-1,-1,0.85,0.6,0.670755,0.016111
2,-1,1,0.65,0.65,-1,-1,0.85,0.6,0.680842,0.014972
2,-1,1,0.7,0.7,-1,-1,0.85,0.6,0.688656,0.013671
2,-1,1,0.75,0.75,-1,-1,0.85,0.6,0.698743,0.012857
2,-1,1,0.8,0.8,-1,-1,0.85,0.6,0.706649,0.011556
2,-1,1,0.85,0.85,-1,-1,0.85,0.6,0.7161,0.010959
2,-1,1,0.9,0.9,-1,-1,0.85,0.6,0.726913,0.010579
2,-1,1,0.95,0.95,-1,-1,0.85,0.6,0.739817,0.010308
2,-1,1,1.0,1.0,-1,-1,0.85,0.6,0.768623,0.010254
2,-1,1,0.05,0.05,-1,-1,0.9,0.6,0.509794,0.100065
2,-1,1,0.1,0.1,-1,-1,0.9,0.6,0.542692,0.071824
2,-1,1,0.15,0.15,-1,-1,0.9,0.6,0.568549,0.055735
2,-1,1,0.2,0.2,-1,-1,0.9,0.6,0.588939,0.043978
2,-1,1,0.25,0.25,-1,-1,0.9,0.6,0.609645,0.034977
2,-1,1,0.3,0.3,-1,-1,0.9,0.6,0.625727,0.029802
2,-1,1,0.35,0.35,-1,-1,0.9,0.6,0.63897,0.024458
2,-1,1,0.4,0.4,-1,-1,0.9,0.6,0.65358,0.020689
2,-1,1,0.45,0.45,-1,-1,0.9,0.6,0.665457,0.017144
2,-1,1,0.5,0.5,-1,-1,0.9,0.6,0.679016,0.01495
2,-1,1,0.55,0.55,-1,-1,0.9,0.6,0.690473,0.0127
2,-1,1,0.6,0.6,-1,-1,0.9,0.6,0.702245,0.011013
2,-1,1,0.65,0.65,-1,-1,0.9,0.6,0.713912,0.009831
2,-1,1,0.7,0.7,-1,-1,0.9,0.6,0.722951,0.008481
2,-1,1,0.75,0.75,-1,-1,0.9,0.6,0.734618,0.007637
2,-1,1,0.8,0.8,-1,-1,0.9,0.6,0.743762,0.006287
2,-1,1,0.85,0.85,-1,-1,0.9,0.6,0.754693,0.005668
2,-1,1,0.9,0.9,-1,-1,0.9,0.6,0.767201,0.005275
2,-1,1,0.95,0.95,-1,-1,0.9,0.6,0.782126,0.004993
2,-1,1,1.0,1.0,-1,-1,0.9,0.6,0.815445,0.004937
2,-1,1,0.05,0.05,-1,-1,0.95,0.6,0.515817,0.098706
2,-1,1,0.1,0.1,-1,-1,0.95,0.6,0.553663,0.069742
2,-1,1,0.15,0.15,-1,-1,0.95,0.6,0.583408,0.05324
2,-1,1,0.2,0.2,-1,-1,0.95,0.6,0.606866,0.041181
2,-1,1,0.25,0.25,-1,-1,0.95,0.6,0.630686,0.031949
2,-1,1,0.3,0.3,-1,-1,0.95,0.6,0.649186,0.026641
2,-1,1,0.35,0.35,-1,-1,0.95,0.6,0.664421,0.02116
2,-1,1,0.4,0.4,-1,-1,0.95,0.6,0.681228,0.017294
2,-1,1,0.45,0.45,-1,-1,0.95,0.6,0.694892,0.013659
2,-1,1,0.5,0.5,-1,-1,0.95,0.6,0.710489,0.011409
2,-1,1,0.55,0.55,-1,-1,0.95,0.6,0.723669,0.009101
2,-1,1,0.6,0.6,-1,-1,0.95,0.6,0.737212,0.00737
2,-1,1,0.65,0.65,-1,-1,0.95,0.6,0.750633,0.006159
2,-1,1,0.7,0.7,-1,-1,0.95,0.6,0.761032,0.004774
2,-1,1,0.75,0.75,-1,-1,0.95,0.6,0.774453,0.003908
2,-1,1,0.8,0.8,-1,-1,0.95,0.6,0.784973,0.002524
2,-1,1,0.85,0.85,-1,-1,0.95,0.6,0.797548,0.001889
2,-1,1,0.9,0.9,-1,-1,0.95,0.6,0.811937,0.001485
2,-1,1,0.95,0.95,-1,-1,0.95,0.6,0.829107,0.001197
2,-1,1,1.0,1.0,-1,-1,0.95,0.6,0.867437,0.001139
2,-1,1,0.05,0.05,-1,-1,1.0,0.6,0.531173,0.098298
2,-1,1,0.1,0.1,-1,-1,1.0,0.6,0.581634,0.069117
2,-1,1,0.15,0.15,-1,-1,1.0,0.6,0.621295,0.052492
2,-1,1,0.2,0.2,-1,-1,1.0,0.6,0.652571,0.040342
2,-1,1,0.25,0.25,-1,-1,1.0,0.6,0.684331,0.031041
2,-1,1,0.3,0.3,-1,-1,1.0,0.6,0.708998,0.025694
2,-1,1,0.35,0.35,-1,-1,1.0,0.6,0.729312,0.020171
2,-1,1,0.4,0.4,-1,-1,1.0,0.6,0.751722,0.016277
2,-1,1,0.45,0.45,-1,-1,1.0,0.6,0.76994,0.012614
2,-1,1,0.5,0.5,-1,-1,1.0,0.6,0.790737,0.010347
2,-1,1,0.55,0.55,-1,-1,1.0,0.6,0.80831,0.008022
2,-1,1,0.6,0.6,-1,-1,1.0,0.6,0.826366,0.006278
2,-1,1,0.65,0.65,-1,-1,1.0,0.6,0.844262,0.005057
2,-1,1,0.7,0.7,-1,-1,1.0,0.6,0.858126,0.003662
2,-1,1,0.75,0.75,-1,-1,1.0,0.6,0.876022,0.00279
2,-1,1,0.8,0.8,-1,-1,1.0,0.6,0.890048,0.001395
2,-1,1,0.85,0.85,-1,-1,1.0,0.6,0.906815,0.000756
2,-1,1,0.9,0.9,-1,-1,1.0,0.6,0.926,0.000349
2,-1,1,0.95,0.95,-1,-1,1.0,0.6,0.948893,5.8e-05
2,-1,1,1.0,1.0,-1,-1,1.0,0.6,1.0,0.0
2,-1,1,0.05,0.05,-1,-1,0.65,0.65,0.542718,0.105963
2,-1,1,0.1,0.1,-1,-1,0.65,0.65,0.542718,0.105963
2,-1,1,0.15,0.15,-1,-1,0.65,0.65,0.542718,0.105963
2,-1,1,0.2,0.2,-1,-1,0.65,0.65,0.542718,0.105963
2,-1,1,0.25,0.25,-1,-1,0.65,0.65,0.542718,0.105963
2,-1,1,0.3,0.3,-1,-1,0.65,0.65,0.542718,0.105963
2,-1,1,0.35,0.35,-1,-1,0.65,0.65,0.542718,0.105963
2,-1,1,0.4,0.4,-1,-1,0.65,0.65,0.542718,0.105963
2,-1,1,0.45,0.45,-1,-1,0.65,0.65,0.542718,0.105963
2,-1,1,0.5,0.5,-1,-1,0.65,0.65,0.542718,0.105963
2,-1,1,0.55,0.55,-1,-1,0.65,0.65,0.542718,0.105963
2,-1,1,0.6,0.6,-1,-1,0.65,0.65,0.542718,0.105963
2,-1,1,0.65,0.65,-1,-1,0.65,0.65,0.542718,0.105963
2,-1,1,0.7,0.7,-1,-1,0.65,0.65,0.542718,0.105963
2,-1,1,0.75,0.75,-1,-1,0.65,0.65,0.542718,0.105963
2,-1,1,0.8,0.8,-1,-1,0.65,0.65,0.542718,0.105963
2,-1,1,0.85,0.85,-1,-1,0.65,0.65,0.542718,0.105963
2,-1,1,0.9,0.9,-1,-1,0.65,0.65,0.542718,0.105963
2,-1,1,0.95,0.95,-1,-1,0.65,0.65,0.542718,0.105963
2,-1,1,1.0,1.0,-1,-1,0.65,0.65,0.542718,0.105963
2,-1,1,0.05,0.05,-1,-1,0.7,0.65,0.550924,0.09319
2,-1,1,0.1,0.1,-1,-1,0.7,0.65,0.557666,0.086384
2,-1,1,0.15,0.15,-1,-1,0.7,0.65,0.562965,0.082506
2,-1,1,0.2,0.2,-1,-1,0.7,0.65,0.567143,0.079672
2,-1,1,0.25,0.25,-1,-1,0.7,0.65,0.571386,0.077503
2,-1,1,0.3,0.3,-1,-1,0.7,0.65,0.574682,0.076255
2,-1,1,0.35,0.35,-1,-1,0.7,0.65,0.577396,0.074967
2,-1,1,0.4,0.4,-1,-1,0.7,0.65,0.58039,0.074059
2,-1,1,0.45,0.45,-1,-1,0.7,0.65,0.582824,0.073204
2,-1,1,0.5,0.5,-1,-1,0.7,0.65,0.585602,0.072675
2,-1,1,0.55,0.55,-1,-1,0.7,0.65,0.58795,0.072133
2,-1,1,0.6,0.6,-1,-1,0.7,0.65,0.590362,0.071726
2,-1,1,0.65,0.65,-1,-1,0.7,0.65,0.592753,0.071442
2,-1,1,0.7,0.7,-1,-1,0.7,0.65,0.594606,0.071116
2,-1,1,0.75,0.75,-1,-1,0.7,0.65,0.596996,0.070913
2,-1,1,0.8,0.8,-1,-1,0.7,0.65,0.59887,0.070587
2,-1,1,0.85,0.85,-1,-1,0.7,0.65,0.60111,0.070438
2,-1,1,0.9,0.9,-1,-1,0.7,0.65,0.603674,0.070343
2,-1,1,0.95,0.95,-1,-1,0.7,0.65,0.606732,0.070276
2,-1,1,1.0,1.0,-1,-1,0.7,0.65,0.61356,0.070262
2,-1,1,0.05,0.05,-1,-1,0.75,0.65,0.557335,0.084087
2,-1,1,0.1,0.1,-1,-1,0.75,0.65,0.569342,0.072429
2,-1,1,0.15,0.15,-1,-1,0.75,0.65,0.57878,0.065787
2,-1,1,0.2,0.2,-1,-1,0.75,0.65,0.586222,0.060933
2,-1,1,0.25,0.25,-1,-1,0.75,0.65,0.59378,0.057217
2,-1,1,0.3,0.3,-1,-1,0.75,0.65,0.59965,0.055081
2,-1,1,0.35,0.35,-1,-1,0.75,0.65,0.604483,0.052875
2,-1,1,0.4,0.4,-1,-1,0.75,0.65,0.609816,0.051319
2,-1,1,0.45,0.45,-1,-1,0.75,0.65,0.614151,0.049855
2,-1,1,0.5,0.5,-1,-1,0.75,0.65,0.6191,0.04895
2,-1,1,0.55,0.55,-1,-1,0.75,0.65,0.623282,0.048021
2,-1,1,0.6,0.6,-1,-1,0.75,0.65,0.627578,0.047324
2,-1,1,0.65,0.65,-1,-1,0.75,0.65,0.631837,0.046836
2,-1,1,0.7,0.7,-1,-1,0.75,0.65,0.635136,0.046279
2,-1,1,0.75,0.75,-1,-1,0.75,0.65,0.639394,0.045931
2,-1,1,0.8,0.8,-1,-1,0.75,0.65,0.642732,0.045373
2,-1,1,0.85,0.85,-1,-1,0.75,0.65,0.646722,0.045118
2,-1,1,0.9,0.9,-1,-1,0.75,0.65,0.651287,0.044955
2,-1,1,0.95,0.95,-1,-1,0.75,0.65,0.656735,0.044839
2,-1,1,1.0,1.0,-1,-1,0.75,0.65,0.668896,0.044816
2,-1,1,0.05,0.05,-1,-1,0.8,0.65,0.563886,0.075118
2,-1,1,0.1,0.1,-1,-1,0.8,0.65,0.581275,0.058681
2,-1,1,0.15,0.15,-1,-1,0.8,0.65,0.594942,0.049317
2,-1,1,0.2,0.2,-1,-1,0.8,0.65,0.605721,0.042473
2,-1,1,0.25,0.25,-1,-1,0.8,0.65,0.616666,0.037234
2,-1,1,0.3,0.3,-1,-1,0.8,0.65,0.625166,0.034222
2,-1,1,0.35,0.35,-1,-1,0.8,0.65,0.632166,0.031111
2,-1,1,0.4,0.4,-1,-1,0.8,0.65,0.639889,0.028917
2,-1,1,0.45,0.45,-1,-1,0.8,0.65,0.646167,0.026854
2,-1,1,0.5,0.5,-1,-1,0.8,0.65,0.653334,0.025577
2,-1,1,0.55,0.55,-1,-1,0.8,0.65,0.65939,0.024268
2,-1,1,0.6,0.6,-1,-1,0.8,0.65,0.665612,0.023285
2,-1,1,0.65,0.65,-1,-1,0.8,0.65,0.671779,0.022598
2,-1,1,0.7,0.7,-1,-1,0.8,0.65,0.676557,0.021812
2,-1,1,0.75,0.75,-1,-1,0.8,0.65,0.682724,0.021321
2,-1,1,0.8,0.8,-1,-1,0.8,0.65,0.687557,0.020535
2,-1,1,0.85,0.85,-1,-1,0.8,0.65,0.693336,0.020175
2,-1,1,0.9,0.9,-1,-1,0.8,0.65,0.699947,0.019945
2,-1,1,0.95,0.95,-1,-1,0.8,0.65,0.707836,0.019782
2,-1,1,1.0,1.0,-1,-1,0.8,0.65,0.725448,0.019749
2,-1,1,0.05,0.05,-1,-1,0.85,0.65,0.568887,0.071721
2,-1,1,0.1,0.1,-1,-1,0.85,0.65,0.590385,0.053474
2,-1,1,0.15,0.15,-1,-1,0.85,0.65,0.607282,0.043078
2,-1,1,0.2,0.2,-1,-1,0.85,0.65,0.620607,0.035481
2,-1,1,0.25,0.25,-1,-1,0.85,0.65,0.634138,0.029665
2,-1,1,0.3,0.3,-1,-1,0.85,0.65,0.644647,0.026321
2,-1,1,0.35,0.35,-1,-1,0.85,0.65,0.653301,0.022867
2,-1,1,0.4,0.4,-1,-1,0.85,0.65,0.662848,0.020432
2,-1,1,0.45,0.45,-1,-1,0.85,0.65,0.67061,0.018142
2,-1,1,0.5,0.5,-1,-1,0.85,0.65,0.67947,0.016724
2,-1,1,0.55,0.55,-1,-1,0.85,0.65,0.686957,0.01527
2,-1,1,0.6,0.6,-1,-1,0.85,0.65,0.694649,0.01418
2,-1,1,0.65,0.65,-1,-1,0.85,0.65,0.702273,0.013416
2,-1,1,0.7,0.7,-1,-1,0.85,0.65,0.70818,0.012544
2,-1,1,0.75,0.75,-1,-1,0.85,0.65,0.715804,0.011999
2,-1,1,0.8,0.8,-1,-1,0.85,0.65,0.72178,0.011126
2,-1,1,0.85,0.85,-1,-1,0.85,0.65,0.728923,0.010727
2,-1,1,0.9,0.9,-1,-1,0.85,0.65,0.737097,0.010472
2,-1,1,0.95,0.95,-1,-1,0.85,0.65,0.74685,0.01029
2,-1,1,1.0,1.0,-1,-1,0.85,0.65,0.768623,0.010254
2,-1,1,0.05,0.05,-1,-1,0.9,0.65,0.574311,0.069819
2,-1,1,0.1,0.1,-1,-1,0.9,0.65,0.600265,0.050558
2,-1,1,0.15,0.15,-1,-1,0.9,0.65,0.620664,0.039584
2,-1,1,0.2,0.2,-1,-1,0.9,0.65,0.63675,0.031565
2,-1,1,0.25,0.25,-1,-1,0.9,0.65,0.653086,0.025426
2,-1,1,0.3,0.3,-1,-1,0.9,0.65,0.665773,0.021896
2,-1,1,0.35,0.35,-1,-1,0.9,0.65,0.676221,0.018251
2,-1,1,0.4,0.4,-1,-1,0.9,0.65,0.687747,0.01568
2,-1,1,0.45,0.45,-1,-1,0.9,0.65,0.697117,0.013263
2,-1,1,0.5,0.5,-1,-1,0.9,0.65,0.707814,0.011767
2,-1,1,0.55,0.55,-1,-1,0.9,0.65,0.716852,0.010232
2,-1,1,0.6,0.6,-1,-1,0.9,0.65,0.726139,0.009081
2,-1,1,0.65,0.65,-1,-1,0.9,0.65,0.735343,0.008275
2,-1,1,0.7,0.7,-1,-1,0.9,0.65,0.742474,0.007354
2,-1,1,0.75,0.75,-1,-1,0.9,0.65,0.751679,0.006779
2,-1,1,0.8,0.8,-1,-1,0.9,0.65,0.758893,0.005858
2,-1,1,0.85,0.85,-1,-1,0.9,0.65,0.767517,0.005436
2,-1,1,0.9,0.9,-1,-1,0.9,0.65,0.777384,0.005167
2,-1,1,0.95,0.95,-1,-1,0.9,0.65,0.789159,0.004975
2,-1,1,1.0,1.0,-1,-1,0.9,0.65,0.815445,0.004937
2,-1,1,0.05,0.05,-1,-1,0.95,0.65,0.580334,0.06846
2,-1,1,0.1,0.1,-1,-1,0.95,0.65,0.611236,0.048475
2,-1,1,0.15,0.15,-1,-1,0.95,0.65,0.635523,0.037089
2,-1,1,0.2,0.2,-1,-1,0.95,0.65,0.654677,0.028768
2,-1,1,0.25,0.25,-1,-1,0.95,0.65,0.674126,0.022398
2,-1,1,0.3,0.3,-1,-1,0.95,0.65,0.689232,0.018736
2,-1,1,0.35,0.35,-1,-1,0.95,0.65,0.701671,0.014954
2,-1,1,0.4,0.4,-1,-1,0.95,0.65,0.715395,0.012286
2,-1,1,0.45,0.45,-1,-1,0.95,0.65,0.726551,0.009778
2,-1,1,0.5,0.5,-1,-1,0.95,0.65,0.739287,0.008225
2,-1,1,0.55,0.55,-1,-1,0.95,0.65,0.750048,0.006633
2,-1,1,0.6,0.6,-1,-1,0.95,0.65,0.761106,0.005439
2,-1,1,0.65,0.65,-1,-1,0.95,0.65,0.772065,0.004603
2,-1,1,0.7,0.7,-1,-1,0.95,0.65,0.780556,0.003647
2,-1,1,0.75,0.75,-1,-1,0.95,0.65,0.791514,0.00305
2,-1,1,0.8,0.8,-1,-1,0.95,0.65,0.800104,0.002094
2,-1,1,0.85,0.85,-1,-1,0.95,0.65,0.810372,0.001657
2,-1,1,0.9,0.9,-1,-1,0.95,0.65,0.822121,0.001378
2,-1,1,0.95,0.95,-1,-1,0.95,0.65,0.83614,0.001179
2,-1,1,1.0,1.0,-1,-1,0.95,0.65,0.867437,0.001139
2,-1,1,0.05,0.05,-1,-1,1.0,0.65,0.59569,0.068053
2,-1,1,0.1,0.1,-1,-1,1.0,0.65,0.639207,0.04785
2,-1,1,0.15,0.15,-1,-1,1.0,0.65,0.67341,0.036341
2,-1,1,0.2,0.2,-1,-1,1.0,0.65,0.700382,0.02793
2,-1,1,0.25,0.25,-1,-1,1.0,0.65,0.727772,0.02149
2,-1,1,0.3,0.3,-1,-1,1.0,0.65,0.749044,0.017788
2,-1,1,0.35,0.35,-1,-1,1.0,0.65,0.766562,0.013965
2,-1,1,0.4,0.4,-1,-1,1.0,0.65,0.785888,0.011268
2,-1,1,0.45,0.45,-1,-1,1.0,0.65,0.801599,0.008733
2,-1,1,0.5,0.5,-1,-1,1.0,0.65,0.819534,0.007163
2,-1,1,0.55,0.55,-1,-1,1.0,0.65,0.834689,0.005554
2,-1,1,0.6,0.6,-1,-1,1.0,0.65,0.850261,0.004346
2,-1,1,0.65,0.65,-1,-1,1.0,0.65,0.865694,0.003501
2,-1,1,0.7,0.7,-1,-1,1.0,0.65,0.87765,0.002535
2,-1,1,0.75,0.75,-1,-1,1.0,0.65,0.893083,0.001932
2,-1,1,0.8,0.8,-1,-1,1.0,0.65,0.905179,0.000966
2,-1,1,0.85,0.85,-1,-1,1.0,0.65,0.919639,0.000523
2,-1,1,0.9,0.9,-1,-1,1.0,0.65,0.936184,0.000241
2,-1,1,0.95,0.95,-1,-1,1.0,0.65,0.955926,4e-05
2,-1,1,1.0,1.0,-1,-1,1.0,0.65,1.0,0.0
2,-1,1,0.05,0.05,-1,-1,0.7,0.7,0.61356,0.070262
2,-1,1,0.1,0.1,-1,-1,0.7,0.7,0.61356,0.070262
2,-1,1,0.15,0.15,-1,-1,0.7,0.7,0.61356,0.070262
2,-1,1,0.2,0.2,-1,-1,0.7,0.7,0.61356,0.070262
2,-1,1,0.25,0.25,-1,-1,0.7,0.7,0.61356,0.070262
2,-1,1,0.3,0.3,-1,-1,0.7,0.7,0.61356,0.070262
2,-1,1,0.35,0.35,-1,-1,0.7,0.7,0.61356,0.070262
2,-1,1,0.4,0.4,-1,-1,0.7,0.7,0.61356,0.070262
2,-1,1,0.45,0.45,-1,-1,0.7,0.7,0.61356,0.070262
2,-1,1,0.5,0.5,-1,-1,0.7,0.7,0.61356,0.070262
2,-1,1,0.55,0.55,-1,-1,0.7,0.7,0.61356,0.070262
2,-1,1,0.6,0.6,-1,-1,0.7,0.7,0.61356,0.070262
2,-1,1,0.65,0.65,-1,-1,0.7,0.7,0.61356,0.070262
2,-1,1,0.7,0.7,-1,-1,0.7,0.7,0.61356,0.070262
2,-1,1,0.75,0.75,-1,-1,0.7,0.7,0.61356,0.070262
2,-1,1,0.8,0.8,-1,-1,0.7,0.7,0.61356,0.070262
2,-1,1,0.85,0.85,-1,-1,0.7,0.7,0.61356,0.070262
2,-1,1,0.9,0.9,-1,-1,0.7,0.7,0.61356,0.070262
2,-1,1,0.95,0.95,-1,-1,0.7,0.7,0.61356,0.070262
2,-1,1,1.0,1.0,-1,-1,0.7,0.7,0.61356,0.070262
2,-1,1,0.05,0.05,-1,-1,0.75,0.7,0.61997,0.061158
2,-1,1,0.1,0.1,-1,-1,0.75,0.7,0.625236,0.056307
2,-1,1,0.15,0.15,-1,-1,0.75,0.7,0.629375,0.053543
2,-1,1,0.2,0.2,-1,-1,0.75,0.7,0.632639,0.051523
2,-1,1,0.25,0.25,-1,-1,0.75,0.7,0.635953,0.049977
2,-1,1,0.3,0.3,-1,-1,0.75,0.7,0.638528,0.049088
2,-1,1,0.35,0.35,-1,-1,0.75,0.7,0.640648,0.04817
2,-1,1,0.4,0.4,-1,-1,0.75,0.7,0.642986,0.047522
2,-1,1,0.45,0.45,-1,-1,0.75,0.7,0.644887,0.046913
2,-1,1,0.5,0.5,-1,-1,0.75,0.7,0.647058,0.046536
2,-1,1,0.55,0.55,-1,-1,0.75,0.7,0.648892,0.04615
2,-1,1,0.6,0.6,-1,-1,0.75,0.7,0.650776,0.04586
2,-1,1,0.65,0.65,-1,-1,0.75,0.7,0.652643,0.045657
2,-1,1,0.7,0.7,-1,-1,0.75,0.7,0.65409,0.045425
2,-1,1,0.75,0.75,-1,-1,0.75,0.7,0.655958,0.04528
2,-1,1,0.8,0.8,-1,-1,0.75,0.7,0.657422,0.045048
2,-1,1,0.85,0.85,-1,-1,0.75,0.7,0.659171,0.044942
2,-1,1,0.9,0.9,-1,-1,0.75,0.7,0.661174,0.044874
2,-1,1,0.95,0.95,-1,-1,0.75,0.7,0.663563,0.044826
2,-1,1,1.0,1.0,-1,-1,0.75,0.7,0.668896,0.044816
2,-1,1,0.05,0.05,-1,-1,0.8,0.7,0.626521,0.05219
2,-1,1,0.1,0.1,-1,-1,0.8,0.7,0.637169,0.042559
2,-1,1,0.15,0.15,-1,-1,0.8,0.7,0.645538,0.037073
2,-1,1,0.2,0.2,-1,-1,0.8,0.7,0.652137,0.033063
2,-1,1,0.25,0.25,-1,-1,0.8,0.7,0.658839,0.029994
2,-1,1,0.3,0.3,-1,-1,0.8,0.7,0.664044,0.028229
2,-1,1,0.35,0.35,-1,-1,0.8,0.7,0.66833,0.026406
2,-1,1,0.4,0.4,-1,-1,0.8,0.7,0.673059,0.025121
2,-1,1,0.45,0.45,-1,-1,0.8,0.7,0.676903,0.023912
2,-1,1,0.5,0.5,-1,-1,0.8,0.7,0.681292,0.023164
2,-1,1,0.55,0.55,-1,-1,0.8,0.7,0.685,0.022396
2,-1,1,0.6,0.6,-1,-1,0.8,0.7,0.68881,0.021821
2,-1,1,0.65,0.65,-1,-1,0.8,0.7,0.692586,0.021418
2,-1,1,0.7,0.7,-1,-1,0.8,0.7,0.695511,0.020958
2,-1,1,0.75,0.75,-1,-1,0.8,0.7,0.699287,0.02067
2,-1,1,0.8,0.8,-1,-1,0.8,0.7,0.702247,0.020209
2,-1,1,0.85,0.85,-1,-1,0.8,0.7,0.705785,0.019998
2,-1,1,0.9,0.9,-1,-1,0.8,0.7,0.709833,0.019864
2,-1,1,0.95,0.95,-1,-1,0.8,0.7,0.714664,0.019768
2,-1,1,1.0,1.0,-1,-1,0.8,0.7,0.725448,0.019749
2,-1,1,0.05,0.05,-1,-1,0.85,0.7,0.631523,0.048793
2,-1,1,0.1,0.1,-1,-1,0.85,0.7,0.646279,0.037352
2,-1,1,0.15,0.15,-1,-1,0.85,0.7,0.657877,0.030834
2,-1,1,0.2,0.2,-1,-1,0.85,0.7,0.667024,0.026071
2,-1,1,0.25,0.25,-1,-1,0.85,0.7,0.676311,0.022424
2,-1,1,0.3,0.3,-1,-1,0.85,0.7,0.683525,0.020327
2,-1,1,0.35,0.35,-1,-1,0.85,0.7,0.689465,0.018162
2,-1,1,0.4,0.4,-1,-1,0.85,0.7,0.696018,0.016635
2,-1,1,0.45,0.45,-1,-1,0.85,0.7,0.701346,0.0152
2,-1,1,0.5,0.5,-1,-1,0.85,0.7,0.707428,0.014311
2,-1,1,0.55,0.55,-1,-1,0.85,0.7,0.712566,0.013399
2,-1,1,0.6,0.6,-1,-1,0.85,0.7,0.717847,0.012715
2,-1,1,0.65,0.65,-1,-1,0.85,0.7,0.72308,0.012237
2,-1,1,0.7,0.7,-1,-1,0.85,0.7,0.727134,0.01169
2,-1,1,0.75,0.75,-1,-1,0.85,0.7,0.732368,0.011348
2,-1,1,0.8,0.8,-1,-1,0.85,0.7,0.736469,0.010801
2,-1,1,0.85,0.85,-1,-1,0.85,0.7,0.741373,0.01055
2,-1,1,0.9,0.9,-1,-1,0.85,0.7,0.746983,0.010391
2,-1,1,0.95,0.95,-1,-1,0.85,0.7,0.753678,0.010277
2,-1,1,1.0,1.0,-1,-1,0.85,0.7,0.768623,0.010254
2,-1,1,0.05,0.05,-1,-1,0.9,0.7,0.636947,0.046891
2,-1,1,0.1,0.1,-1,-1,0.9,0.7,0.656159,0.034436
2,-1,1,0.15,0.15,-1,-1,0.9,0.7,0.671259,0.027341
2,-1,1,0.2,0.2,-1,-1,0.9,0.7,0.683167,0.022155
2,-1,1,0.25,0.25,-1,-1,0.9,0.7,0.695259,0.018186
2,-1,1,0.3,0.3,-1,-1,0.9,0.7,0.704651,0.015903
2,-1,1,0.35,0.35,-1,-1,0.9,0.7,0.712385,0.013546
2,-1,1,0.4,0.4,-1,-1,0.9,0.7,0.720917,0.011884
2,-1,1,0.45,0.45,-1,-1,0.9,0.7,0.727853,0.010321
2,-1,1,0.5,0.5,-1,-1,0.9,0.7,0.735771,0.009353
2,-1,1,0.55,0.55,-1,-1,0.9,0.7,0.742462,0.008361
2,-1,1,0.6,0.6,-1,-1,0.9,0.7,0.749337,0.007617
2,-1,1,0.65,0.65,-1,-1,0.9,0.7,0.75615,0.007095
2,-1,1,0.7,0.7,-1,-1,0.9,0.7,0.761429,0.0065
2,-1,1,0.75,0.75,-1,-1,0.9,0.7,0.768242,0.006128
2,-1,1,0.8,0.8,-1,-1,0.9,0.7,0.773583,0.005532
2,-1,1,0.85,0.85,-1,-1,0.9,0.7,0.779966,0.00526
2,-1,1,0.9,0.9,-1,-1,0.9,0.7,0.787271,0.005086
2,-1,1,0.95,0.95,-1,-1,0.9,0.7,0.795987,0.004962
2,-1,1,1.0,1.0,-1,-1,0.9,0.7,0.815445,0.004937
2,-1,1,0.05,0.05,-1,-1,0.95,0.7,0.642969,0.045532
2,-1,1,0.1,0.1,-1,-1,0.95,0.7,0.66713,0.032353
2,-1,1,0.15,0.15,-1,-1,0.95,0.7,0.686118,0.024845
2,-1,1,0.2,0.2,-1,-1,0.95,0.7,0.701093,0.019358
2,-1,1,0.25,0.25,-1,-1,0.95,0.7,0.716299,0.015158
2,-1,1,0.3,0.3,-1,-1,0.95,0.7,0.72811,0.012743
2,-1,1,0.35,0.35,-1,-1,0.95,0.7,0.737835,0.010249
2,-1,1,0.4,0.4,-1,-1,0.95,0.7,0.748565,0.00849
2,-1,1,0.45,0.45,-1,-1,0.95,0.7,0.757287,0.006836
2,-1,1,0.5,0.5,-1,-1,0.95,0.7,0.767245,0.005812
2,-1,1,0.55,0.55,-1,-1,0.95,0.7,0.775658,0.004762
2,-1,1,0.6,0.6,-1,-1,0.95,0.7,0.784304,0.003974
2,-1,1,0.65,0.65,-1,-1,0.95,0.7,0.792872,0.003423
2,-1,1,0.7,0.7,-1,-1,0.95,0.7,0.79951,0.002793
2,-1,1,0.75,0.75,-1,-1,0.95,0.7,0.808078,0.002399
2,-1,1,0.8,0.8,-1,-1,0.95,0.7,0.814794,0.001769
2,-1,1,0.85,0.85,-1,-1,0.95,0.7,0.822821,0.00148
2,-1,1,0.9,0.9,-1,-1,0.95,0.7,0.832007,0.001297
2,-1,1,0.95,0.95,-1,-1,0.95,0.7,0.842968,0.001165
2,-1,1,1.0,1.0,-1,-1,0.95,0.7,0.867437,0.001139
2,-1,1,0.05,0.05,-1,-1,1.0,0.7,0.658326,0.045125
2,-1,1,0.1,0.1,-1,-1,1.0,0.7,0.695101,0.031729
2,-1,1,0.15,0.15,-1,-1,1.0,0.7,0.724005,0.024097
2,-1,1,0.2,0.2,-1,-1,1.0,0.7,0.746799,0.01852
2,-1,1,0.25,0.25,-1,-1,1.0,0.7,0.769945,0.01425
2,-1,1,0.3,0.3,-1,-1,1.0,0.7,0.787922,0.011795
2,-1,1,0.35,0.35,-1,-1,1.0,0.7,0.802726,0.00926
2,-1,1,0.4,0.4,-1,-1,1.0,0.7,0.819058,0.007472
2,-1,1,0.45,0.45,-1,-1,1.0,0.7,0.832335,0.005791
2,-1,1,0.5,0.5,-1,-1,1.0,0.7,0.847492,0.00475
2,-1,1,0.55,0.55,-1,-1,1.0,0.7,0.860299,0.003683
2,-1,1,0.6,0.6,-1,-1,1.0,0.7,0.873458,0.002882
2,-1,1,0.65,0.65,-1,-1,1.0,0.7,0.8865,0.002322
2,-1,1,0.7,0.7,-1,-1,1.0,0.7,0.896605,0.001681
2,-1,1,0.75,0.75,-1,-1,1.0,0.7,0.909646,0.001281
2,-1,1,0.8,0.8,-1,-1,1.0,0.7,0.919869,0.00064
2,-1,1,0.85,0.85,-1,-1,1.0,0.7,0.932088,0.000347
2,-1,1,0.9,0.9,-1,-1,1.0,0.7,0.94607,0.00016
2,-1,1,0.95,0.95,-1,-1,1.0,0.7,0.962754,2.7e-05
2,-1,1,1.0,1.0,-1,-1,1.0,0.7,1.0,0.0
2,-1,1,0.05,0.05,-1,-1,0.75,0.75,0.668896,0.044816
2,-1,1,0.1,0.1,-1,-1,0.75,0.75,0.668896,0.044816
2,-1,1,0.15,0.15,-1,-1,0.75,0.75,0.668896,0.044816
2,-1,1,0.2,0.2,-1,-1,0.75,0.75,0.668896,0.044816
2,-1,1,0.25,0.25,-1,-1,0.75,0.75,0.668896,0.044816
2,-1,1,0.3,0.3,-1,-1,0.75,0.75,0.668896,0.044816
2,-1,1,0.35,0.35,-1,-1,0.75,0.75,0.668896,0.044816
2,-1,1,0.4,0.4,-1,-1,0.75,0.75,0.668896,0.044816
2,-1,1,0.45,0.45,-1,-1,0.75,0.75,0.668896,0.044816
2,-1,1,0.5,0.5,-1,-1,0.75,0.75,0.668896,0.044816
2,-1,1,0.55,0.55,-1,-1,0.75,0.75,0.668896,0.044816
2,-1,1,0.6,0.6,-1,-1,0.75,0.75,0.668896,0.044816
2,-1,1,0.65,0.65,-1,-1,0.75,0.75,0.668896,0.044816
2,-1,1,0.7,0.7,-1,-1,0.75,0.75,0.668896,0.044816
2,-1,1,0.75,0.75,-1,-1,0.75,0.75,0.668896,0.044816
2,-1,1,0.8,0.8,-1,-1,0.75,0.75,0.668896,0.044816
2,-1,1,0.85,0.85,-1,-1,0.75,0.75,0.668896,0.044816
2,-1,1,0.9,0.9,-1,-1,0.75,0.75,0.668896,0.044816
2,-1,1,0.95,0.95,-1,-1,0.75,0.75,0.668896,0.044816
2,-1,1,1.0,1.0,-1,-1,0.75,0.75,0.668896,0.044816
2,-1,1,0.05,0.05,-1,-1,0.8,0.75,0.675447,0.035848
2,-1,1,0.1,0.1,-1,-1,0.8,0.75,0.680829,0.031069
2,-1,1,0.15,0.15,-1,-1,0.8,0.75,0.685059,0.028346
2,-1,1,0.2,0.2,-1,-1,0.8,0.75,0.688394,0.026356
2,-1,1,0.25,0.25,-1,-1,0.8,0.75,0.691782,0.024833
2,-1,1,0.3,0.3,-1,-1,0.8,0.75,0.694412,0.023957
2,-1,1,0.35,0.35,-1,-1,0.8,0.75,0.696579,0.023053
2,-1,1,0.4,0.4,-1,-1,0.8,0.75,0.698969,0.022415
2,-1,1,0.45,0.45,-1,-1,0.8,0.75,0.700912,0.021815
2,-1,1,0.5,0.5,-1,-1,0.8,0.75,0.70313,0.021444
2,-1,1,0.55,0.55,-1,-1,0.8,0.75,0.705004,0.021063
2,-1,1,0.6,0.6,-1,-1,0.8,0.75,0.70693,0.020777
2,-1,1,0.65,0.65,-1,-1,0.8,0.75,0.708838,0.020577
2,-1,1,0.7,0.7,-1,-1,0.8,0.75,0.710317,0.020349
2,-1,1,0.75,0.75,-1,-1,0.8,0.75,0.712226,0.020206
2,-1,1,0.8,0.8,-1,-1,0.8,0.75,0.713721,0.019977
2,-1,1,0.85,0.85,-1,-1,0.8,0.75,0.71551,0.019873
2,-1,1,0.9,0.9,-1,-1,0.8,0.75,0.717556,0.019806
2,-1,1,0.95,0.95,-1,-1,0.8,0.75,0.719997,0.019759
2,-1,1,1.0,1.0,-1,-1,0.8,0.75,0.725448,0.019749
2,-1,1,0.05,0.05,-1,-1,0.85,0.75,0.680448,0.032451
2,-1,1,0.1,0.1,-1,-1,0.85,0.75,0.689939,0.025861
2,-1,1,0.15,0.15,-1,-1,0.85,0.75,0.697398,0.022107
2,-1,1,0.2,0.2,-1,-1,0.85,0.75,0.70328,0.019364
2,-1,1,0.25,0.25,-1,-1,0.85,0.75,0.709254,0.017264
2,-1,1,0.3,0.3,-1,-1,0.85,0.75,0.713893,0.016056
2,-1,1,0.35,0.35,-1,-1,0.85,0.75,0.717713,0.014809
2,-1,1,0.4,0.4,-1,-1,0.85,0.75,0.721928,0.013929
2,-1,1,0.45,0.45,-1,-1,0.85,0.75,0.725354,0.013102
2,-1,1,0.5,0.5,-1,-1,0.85,0.75,0.729266,0.01259
2,-1,1,0.55,0.55,-1,-1,0.85,0.75,0.732571,0.012065
2,-1,1,0.6,0.6,-1,-1,0.85,0.75,0.735967,0.011672
2,-1,1,0.65,0.65,-1,-1,0.85,0.75,0.739333,0.011396
2,-1,1,0.7,0.7,-1,-1,0.85,0.75,0.74194,0.011081
2,-1,1,0.75,0.75,-1,-1,0.85,0.75,0.745306,0.010884
2,-1,1,0.8,0.8,-1,-1,0.85,0.75,0.747944,0.010569
2,-1,1,0.85,0.85,-1,-1,0.85,0.75,0.751097,0.010425
2,-1,1,0.9,0.9,-1,-1,0.85,0.75,0.754705,0.010333
2,-1,1,0.95,0.95,-1,-1,0.85,0.75,0.759011,0.010267
2,-1,1,1.0,1.0,-1,-1,0.85,0.75,0.768623,0.010254
2,-1,1,0.05,0.05,-1,-1,0.9,0.75,0.685872,0.030549
2,-1,1,0.1,0.1,-1,-1,0.9,0.75,0.699819,0.022945
2,-1,1,0.15,0.15,-1,-1,0.9,0.75,0.71078,0.018614
2,-1,1,0.2,0.2,-1,-1,0.9,0.75,0.719424,0.015448
2,-1,1,0.25,0.25,-1,-1,0.9,0.75,0.728202,0.013025
2,-1,1,0.3,0.3,-1,-1,0.9,0.75,0.735019,0.011631
2,-1,1,0.35,0.35,-1,-1,0.9,0.75,0.740633,0.010193
2,-1,1,0.4,0.4,-1,-1,0.9,0.75,0.746827,0.009178
2,-1,1,0.45,0.45,-1,-1,0.9,0.75,0.751862,0.008224
2,-1,1,0.5,0.5,-1,-1,0.9,0.75,0.75761,0.007633
2,-1,1,0.55,0.55,-1,-1,0.9,0.75,0.762466,0.007027
2,-1,1,0.6,0.6,-1,-1,0.9,0.75,0.767457,0.006573
2,-1,1,0.65,0.65,-1,-1,0.9,0.75,0.772403,0.006255
2,-1,1,0.7,0.7,-1,-1,0.9,0.75,0.776234,0.005891
2,-1,1,0.75,0.75,-1,-1,0.9,0.75,0.78118,0.005664
2,-1,1,0.8,0.8,-1,-1,0.9,0.75,0.785057,0.0053
2,-1,1,0.85,0.85,-1,-1,0.9,0.75,0.789691,0.005134
2,-1,1,0.9,0.9,-1,-1,0.9,0.75,0.794993,0.005028
2,-1,1,0.95,0.95,-1,-1,0.9,0.75,0.80132,0.004952
2,-1,1,1.0,1.0,-1,-1,0.9,0.75,0.815445,0.004937
2,-1,1,0.05,0.05,-1,-1,0.95,0.75,0.691895,0.02919
2,-1,1,0.1,0.1,-1,-1,0.95,0.75,0.710789,0.020862
2,-1,1,0.15,0.15,-1,-1,0.95,0.75,0.725639,0.016118
2,-1,1,0.2,0.2,-1,-1,0.95,0.75,0.73735,0.012651
2,-1,1,0.25,0.25,-1,-1,0.95,0.75,0.749242,0.009997
2,-1,1,0.3,0.3,-1,-1,0.95,0.75,0.758478,0.008471
2,-1,1,0.35,0.35,-1,-1,0.95,0.75,0.766084,0.006895
2,-1,1,0.4,0.4,-1,-1,0.95,0.75,0.774475,0.005784
2,-1,1,0.45,0.45,-1,-1,0.95,0.75,0.781296,0.004739
2,-1,1,0.5,0.5,-1,-1,0.95,0.75,0.789083,0.004092
2,-1,1,0.55,0.55,-1,-1,0.95,0.75,0.795663,0.003428
2,-1,1,0.6,0.6,-1,-1,0.95,0.75,0.802424,0.002931
2,-1,1,0.65,0.65,-1,-1,0.95,0.75,0.809124,0.002582
2,-1,1,0.7,0.7,-1,-1,0.95,0.75,0.814316,0.002184
2,-1,1,0.75,0.75,-1,-1,0.95,0.75,0.821016,0.001935
2,-1,1,0.8,0.8,-1,-1,0.95,0.75,0.826268,0.001537
2,-1,1,0.85,0.85,-1,-1,0.95,0.75,0.832546,0.001355
2,-1,1,0.9,0.9,-1,-1,0.95,0.75,0.839729,0.001239
2,-1,1,0.95,0.95,-1,-1,0.95,0.75,0.848301,0.001156
2,-1,1,1.0,1.0,-1,-1,0.95,0.75,0.867437,0.001139
2,-1,1,0.05,0.05,-1,-1,1.0,0.75,0.707251,0.028782
2,-1,1,0.1,0.1,-1,-1,1.0,0.75,0.738761,0.020238
2,-1,1,0.15,0.15,-1,-1,1.0,0.75,0.763526,0.01537
2,-1,1,0.2,0.2,-1,-1,1.0,0.75,0.783056,0.011813
2,-1,1,0.25,0.25,-1,-1,1.0,0.75,0.802888,0.009089
2,-1,1,0.3,0.3,-1,-1,1.0,0.75,0.81829,0.007523
2,-1,1,0.35,0.35,-1,-1,1.0,0.75,0.830975,0.005906
2,-1,1,0.4,0.4,-1,-1,1.0,0.75,0.844968,0.004766
2,-1,1,0.45,0.45,-1,-1,1.0,0.75,0.856344,0.003694
2,-1,1,0.5,0.5,-1,-1,1.0,0.75,0.86933,0.00303
2,-1,1,0.55,0.55,-1,-1,1.0,0.75,0.880303,0.002349
2,-1,1,0.6,0.6,-1,-1,1.0,0.75,0.891578,0.001838
2,-1,1,0.65,0.65,-1,-1,1.0,0.75,0.902753,0.001481
2,-1,1,0.7,0.7,-1,-1,1.0,0.75,0.91141,0.001072
2,-1,1,0.75,0.75,-1,-1,1.0,0.75,0.922585,0.000817
2,-1,1,0.8,0.8,-1,-1,1.0,0.75,0.931343,0.000408
2,-1,1,0.85,0.85,-1,-1,1.0,0.75,0.941813,0.000221
2,-1,1,0.9,0.9,-1,-1,1.0,0.75,0.953792,0.000102
2,-1,1,0.95,0.95,-1,-1,1.0,0.75,0.968088,1.7e-05
2,-1,1,1.0,1.0,-1,-1,1.0,0.75,1.0,0.0
2,-1,1,0.05,0.05,-1,-1,0.8,0.8,0.725448,0.019749
2,-1,1,0.1,0.1,-1,-1,0.8,0.8,0.725448,0.019749
2,-1,1,0.15,0.15,-1,-1,0.8,0.8,0.725448,0.019749
2,-1,1,0.2,0.2,-1,-1,0.8,0.8,0.725448,0.019749
2,-1,1,0.25,0.25,-1,-1,0.8,0.8,0.725448,0.019749
2,-1,1,0.3,0.3,-1,-1,0.8,0.8,0.725448,0.019749
2,-1,1,0.35,0.35,-1,-1,0.8,0.8,0.725448,0.019749
2,-1,1,0.4,0.4,-1,-1,0.8,0.8,0.725448,0.019749
2,-1,1,0.45,0.45,-1,-1,0.8,0.8,0.725448,0.019749
2,-1,1,0.5,0.5,-1,-1,0.8,0.8,0.725448,0.019749
2,-1,1,0.55,0.55,-1,-1,0.8,0.8,0.725448,0.019749
2,-1,1,0.6,0.6,-1,-1,0.8,0.8,0.725448,0.019749
2,-1,1,0.65,0.65,-1,-1,0.8,0.8,0.725448,0.019749
2,-1,1,0.7,0.7,-1,-1,0.8,0.8,0.725448,0.019749
2,-1,1,0.75,0.75,-1,-1,0.8,0.8,0.725448,0.019749
2,-1,1,0.8,0.8,-1,-1,0.8,0.8,0.725448,0.019749
2,-1,1,0.85,0.85,-1,-1,0.8,0.8,0.725448,0.019749
2,-1,1,0.9,0.9,-1,-1,0.8,0.8,0.725448,0.019749
2,-1,1,0.95,0.95,-1,-1,0.8,0.8,0.725448,0.019749
2,-1,1,1.0,1.0,-1,-1,0.8,0.8,0.725448,0.019749
2,-1,1,0.05,0.05,-1,-1,0.85,0.8,0.730449,0.016352
2,-1,1,0.1,0.1,-1,-1,0.85,0.8,0.734558,0.014542
2,-1,1,0.15,0.15,-1,-1,0.85,0.8,0.737787,0.01351
2,-1,1,0.2,0.2,-1,-1,0.85,0.8,0.740334,0.012757
2,-1,1,0.25,0.25,-1,-1,0.85,0.8,0.74292,0.01218
2,-1,1,0.3,0.3,-1,-1,0.85,0.8,0.744929,0.011848
2,-1,1,0.35,0.35,-1,-1,0.85,0.8,0.746583,0.011505
2,-1,1,0.4,0.4,-1,-1,0.85,0.8,0.748407,0.011264
2,-1,1,0.45,0.45,-1,-1,0.85,0.8,0.749891,0.011037
2,-1,1,0.5,0.5,-1,-1,0.85,0.8,0.751584,0.010896
2,-1,1,0.55,0.55,-1,-1,0.85,0.8,0.753015,0.010752
2,-1,1,0.6,0.6,-1,-1,0.85,0.8,0.754485,0.010643
2,-1,1,0.65,0.65,-1,-1,0.85,0.8,0.755942,0.010568
2,-1,1,0.7,0.7,-1,-1,0.85,0.8,0.757071,0.010481
2,-1,1,0.75,0.75,-1,-1,0.85,0.8,0.758528,0.010427
2,-1,1,0.8,0.8,-1,-1,0.85,0.8,0.75967,0.010341
2,-1,1,0.85,0.85,-1,-1,0.85,0.8,0.761036,0.010301
2,-1,1,0.9,0.9,-1,-1,0.85,0.8,0.762598,0.010276
2,-1,1,0.95,0.95,-1,-1,0.85,0.8,0.764462,0.010258
2,-1,1,1.0,1.0,-1,-1,0.85,0.8,0.768623,0.010254
2,-1,1,0.05,0.05,-1,-1,0.9,0.8,0.735873,0.01445
2,-1,1,0.1,0.1,-1,-1,0.9,0.8,0.744438,0.011626
2,-1,1,0.15,0.15,-1,-1,0.9,0.8,0.751169,0.010017
2,-1,1,0.2,0.2,-1,-1,0.9,0.8,0.756478,0.008841
2,-1,1,0.25,0.25,-1,-1,0.9,0.8,0.761868,0.007941
2,-1,1,0.3,0.3,-1,-1,0.9,0.8,0.766055,0.007423
2,-1,1,0.35,0.35,-1,-1,0.9,0.8,0.769502,0.006889
2,-1,1,0.4,0.4,-1,-1,0.9,0.8,0.773306,0.006512
2,-1,1,0.45,0.45,-1,-1,0.9,0.8,0.776398,0.006158
2,-1,1,0.5,0.5,-1,-1,0.9,0.8,0.779928,0.005938
2,-1,1,0.55,0.55,-1,-1,0.9,0.8,0.78291,0.005713
2,-1,1,0.6,0.6,-1,-1,0.9,0.8,0.785975,0.005545
2,-1,1,0.65,0.65,-1,-1,0.9,0.8,0.789012,0.005426
2,-1,1,0.7,0.7,-1,-1,0.9,0.8,0.791365,0.005291
2,-1,1,0.75,0.75,-1,-1,0.9,0.8,0.794403,0.005207
2,-1,1,0.8,0.8,-1,-1,0.9,0.8,0.796783,0.005072
2,-1,1,0.85,0.85,-1,-1,0.9,0.8,0.799629,0.00501
2,-1,1,0.9,0.9,-1,-1,0.9,0.8,0.802885,0.004971
2,-1,1,0.95,0.95,-1,-1,0.9,0.8,0.806771,0.004943
2,-1,1,1.0,1.0,-1,-1,0.9,0.8,0.815445,0.004937
2,-1,1,0.05,0.05,-1,-1,0.95,0.8,0.741896,0.013091
2,-1,1,0.1,0.1,-1,-1,0.95,0.8,0.755409,0.009543
2,-1,1,0.15,0.15,-1,-1,0.95,0.8,0.766029,0.007521
2,-1,1,0.2,0.2,-1,-1,0.95,0.8,0.774404,0.006044
2,-1,1,0.25,0.25,-1,-1,0.95,0.8,0.782908,0.004913
2,-1,1,0.3,0.3,-1,-1,0.95,0.8,0.789514,0.004263
2,-1,1,0.35,0.35,-1,-1,0.95,0.8,0.794953,0.003592
2,-1,1,0.4,0.4,-1,-1,0.95,0.8,0.800954,0.003118
2,-1,1,0.45,0.45,-1,-1,0.95,0.8,0.805832,0.002673
2,-1,1,0.5,0.5,-1,-1,0.95,0.8,0.811401,0.002397
2,-1,1,0.55,0.55,-1,-1,0.95,0.8,0.816107,0.002114
2,-1,1,0.6,0.6,-1,-1,0.95,0.8,0.820942,0.001902
2,-1,1,0.65,0.65,-1,-1,0.95,0.8,0.825734,0.001754
2,-1,1,0.7,0.7,-1,-1,0.95,0.8,0.829447,0.001584
2,-1,1,0.75,0.75,-1,-1,0.95,0.8,0.834239,0.001478
2,-1,1,0.8,0.8,-1,-1,0.95,0.8,0.837994,0.001309
2,-1,1,0.85,0.85,-1,-1,0.95,0.8,0.842484,0.001231
2,-1,1,0.9,0.9,-1,-1,0.95,0.8,0.847622,0.001181
2,-1,1,0.95,0.95,-1,-1,0.95,0.8,0.853752,0.001146
2,-1,1,1.0,1.0,-1,-1,0.95,0.8,0.867437,0.001139
2,-1,1,0.05,0.05,-1,-1,1.0,0.8,0.757252,0.012683
2,-1,1,0.1,0.1,-1,-1,1.0,0.8,0.78338,0.008918
2,-1,1,0.15,0.15,-1,-1,1.0,0.8,0.803915,0.006773
2,-1,1,0.2,0.2,-1,-1,1.0,0.8,0.82011,0.005205
2,-1,1,0.25,0.25,-1,-1,1.0,0.8,0.836554,0.004005
2,-1,1,0.3,0.3,-1,-1,1.0,0.8,0.849326,0.003315
2,-1,1,0.35,0.35,-1,-1,1.0,0.8,0.859844,0.002603
2,-1,1,0.4,0.4,-1,-1,1.0,0.8,0.871447,0.0021
2,-1,1,0.45,0.45,-1,-1,1.0,0.8,0.88088,0.001628
2,-1,1,0.5,0.5,-1,-1,1.0,0.8,0.891648,0.001335
2,-1,1,0.55,0.55,-1,-1,1.0,0.8,0.900747,0.001035
2,-1,1,0.6,0.6,-1,-1,1.0,0.8,0.910097,0.00081
2,-1,1,0.65,0.65,-1,-1,1.0,0.8,0.919362,0.000653
2,-1,1,0.7,0.7,-1,-1,1.0,0.8,0.926541,0.000473
2,-1,1,0.75,0.75,-1,-1,1.0,0.8,0.935807,0.00036
2,-1,1,0.8,0.8,-1,-1,1.0,0.8,0.943069,0.00018
2,-1,1,0.85,0.85,-1,-1,1.0,0.8,0.951751,9.8e-05
2,-1,1,0.9,0.9,-1,-1,1.0,0.8,0.961685,4.5e-05
2,-1,1,0.95,0.95,-1,-1,1.0,0.8,0.973538,8e-06
2,-1,1,1.0,1.0,-1,-1,1.0,0.8,1.0,0.0
2,-1,1,0.05,0.05,-1,-1,0.85,0.85,0.768623,0.010254
2,-1,1,0.1,0.1,-1,-1,0.85,0.85,0.768623,0.010254
2,-1,1,0.15,0.15,-1,-1,0.85,0.85,0.768623,0.010254
2,-1,1,0.2,0.2,-1,-1,0.85,0.85,0.768623,0.010254
2,-1,1,0.25,0.25,-1,-1,0.85,0.85,0.768623,0.010254
2,-1,1,0.3,0.3,-1,-1,0.85,0.85,0.768623,0.010254
2,-1,1,0.35,0.35,-1,-1,0.85,0.85,0.768623,0.010254
2,-1,1,0.4,0.4,-1,-1,0.85,0.85,0.768623,0.010254
2,-1,1,0.45,0.45,-1,-1,0.85,0.85,0.768623,0.010254
2,-1,1,0.5,0.5,-1,-1,0.85,0.85,0.768623,0.010254
2,-1,1,0.55,0.55,-1,-1,0.85,0.85,0.768623,0.010254
2,-1,1,0.6,0.6,-1,-1,0.85,0.85,0.768623,0.010254
2,-1,1,0.65,0.65,-1,-1,0.85,0.85,0.768623,0.010254
2,-1,1,0.7,0.7,-1,-1,0.85,0.85,0.768623,0.010254
2,-1,1,0.75,0.75,-1,-1,0.85,0.85,0.768623,0.010254
2,-1,1,0.8,0.8,-1,-1,0.85,0.85,0.768623,0.010254
2,-1,1,0.85,0.85,-1,-1,0.85,0.85,0.768623,0.010254
2,-1,1,0.9,0.9,-1,-1,0.85,0.85,0.768623,0.010254
2,-1,1,0.95,0.95,-1,-1,0.85,0.85,0.768623,0.010254
2,-1,1,1.0,1.0,-1,-1,0.85,0.85,0.768623,0.010254
2,-1,1,0.05,0.05,-1,-1,0.9,0.85,0.774047,0.008352
2,-1,1,0.1,0.1,-1,-1,0.9,0.85,0.778503,0.007338
2,-1,1,0.15,0.15,-1,-1,0.9,0.85,0.782005,0.00676
2,-1,1,0.2,0.2,-1,-1,0.9,0.85,0.784767,0.006338
2,-1,1,0.25,0.25,-1,-1,0.9,0.85,0.787571,0.006015
2,-1,1,0.3,0.3,-1,-1,0.9,0.85,0.789749,0.00583
2,-1,1,0.35,0.35,-1,-1,0.9,0.85,0.791543,0.005638
2,-1,1,0.4,0.4,-1,-1,0.9,0.85,0.793522,0.005502
2,-1,1,0.45,0.45,-1,-1,0.9,0.85,0.79513,0.005375
2,-1,1,0.5,0.5,-1,-1,0.9,0.85,0.796967,0.005296
2,-1,1,0.55,0.55,-1,-1,0.9,0.85,0.798518,0.005216
2,-1,1,0.6,0.6,-1,-1,0.9,0.85,0.800113,0.005155
2,-1,1,0.65,0.65,-1,-1,0.9,0.85,0.801693,0.005113
2,-1,1,0.7,0.7,-1,-1,0.9,0.85,0.802917,0.005064
2,-1,1,0.75,0.75,-1,-1,0.9,0.85,0.804498,0.005034
2,-1,1,0.8,0.8,-1,-1,0.9,0.85,0.805736,0.004985
2,-1,1,0.85,0.85,-1,-1,0.9,0.85,0.807217,0.004963
2,-1,1,0.9,0.9,-1,-1,0.9,0.85,0.808911,0.004949
2,-1,1,0.95,0.95,-1,-1,0.9,0.85,0.810932,0.004939
2,-1,1,1.0,1.0,-1,-1,0.9,0.85,0.815445,0.004937
2,-1,1,0.05,0.05,-1,-1,0.95,0.85,0.78007,0.006993
2,-1,1,0.1,0.1,-1,-1,0.95,0.85,0.789473,0.005255
2,-1,1,0.15,0.15,-1,-1,0.95,0.85,0.796864,0.004265
2,-1,1,0.2,0.2,-1,-1,0.95,0.85,0.802693,0.003542
2,-1,1,0.25,0.25,-1,-1,0.95,0.85,0.808611,0.002988
2,-1,1,0.3,0.3,-1,-1,0.95,0.85,0.813208,0.002669
2,-1,1,0.35,0.35,-1,-1,0.95,0.85,0.816993,0.00234
2,-1,1,0.4,0.4,-1,-1,0.95,0.85,0.82117,0.002108
2,-1,1,0.45,0.45,-1,-1,0.95,0.85,0.824565,0.00189
2,-1,1,0.5,0.5,-1,-1,0.95,0.85,0.82844,0.001755
2,-1,1,0.55,0.55,-1,-1,0.95,0.85,0.831715,0.001617
2,-1,1,0.6,0.6,-1,-1,0.95,0.85,0.83508,0.001513
2,-1,1,0.65,0.65,-1,-1,0.95,0.85,0.838415,0.00144
2,-1,1,0.7,0.7,-1,-1,0.95,0.85,0.840998,0.001357
2,-1,1,0.75,0.75,-1,-1,0.95,0.85,0.844333,0.001305
2,-1,1,0.8,0.8,-1,-1,0.95,0.85,0.846947,0.001222
2,-1,1,0.85,0.85,-1,-1,0.95,0.85,0.850072,0.001184
2,-1,1,0.9,0.9,-1,-1,0.95,0.85,0.853647,0.00116
2,-1,1,0.95,0.95,-1,-1,0.95,0.85,0.857913,0.001142
2,-1,1,1.0,1.0,-1,-1,0.95,0.85,0.867437,0.001139
2,-1,1,0.05,0.05,-1,-1,1.0,0.85,0.795426,0.006585
2,-1,1,0.1,0.1,-1,-1,1.0,0.85,0.817445,0.00463
2,-1,1,0.15,0.15,-1,-1,1.0,0.85,0.834751,0.003517
2,-1,1,0.2,0.2,-1,-1,1.0,0.85,0.848399,0.002703
2,-1,1,0.25,0.25,-1,-1,1.0,0.85,0.862257,0.00208
2,-1,1,0.3,0.3,-1,-1,1.0,0.85,0.873021,0.001721
2,-1,1,0.35,0.35,-1,-1,1.0,0.85,0.881884,0.001351
2,-1,1,0.4,0.4,-1,-1,1.0,0.85,0.891663,0.00109
2,-1,1,0.45,0.45,-1,-1,1.0,0.85,0.899612,0.000845
2,-1,1,0.5,0.5,-1,-1,1.0,0.85,0.908687,0.000693
2,-1,1,0.55,0.55,-1,-1,1.0,0.85,0.916355,0.000537
2,-1,1,0.6,0.6,-1,-1,1.0,0.85,0.924234,0.000421
2,-1,1,0.65,0.65,-1,-1,1.0,0.85,0.932043,0.000339
2,-1,1,0.7,0.7,-1,-1,1.0,0.85,0.938093,0.000245
2,-1,1,0.75,0.75,-1,-1,1.0,0.85,0.945902,0.000187
2,-1,1,0.8,0.8,-1,-1,1.0,0.85,0.952022,9.3e-05
2,-1,1,0.85,0.85,-1,-1,1.0,0.85,0.959339,5.1e-05
2,-1,1,0.9,0.9,-1,-1,1.0,0.85,0.96771,2.3e-05
2,-1,1,0.95,0.95,-1,-1,1.0,0.85,0.977699,4e-06
2,-1,1,1.0,1.0,-1,-1,1.0,0.85,1.0,0.0
2,-1,1,0.05,0.05,-1,-1,0.9,0.9,0.815445,0.004937
2,-1,1,0.1,0.1,-1,-1,0.9,0.9,0.815445,0.004937
2,-1,1,0.15,0.15,-1,-1,0.9,0.9,0.815445,0.004937
2,-1,1,0.2,0.2,-1,-1,0.9,0.9,0.815445,0.004937
2,-1,1,0.25,0.25,-1,-1,0.9,0.9,0.815445,0.004937
2,-1,1,0.3,0.3,-1,-1,0.9,0.9,0.815445,0.004937
2,-1,1,0.35,0.35,-1,-1,0.9,0.9,0.815445,0.004937
2,-1,1,0.4,0.4,-1,-1,0.9,0.9,0.815445,0.004937
2,-1,1,0.45,0.45,-1,-1,0.9,0.9,0.815445,0.004937
2,-1,1,0.5,0.5,-1,-1,0.9,0.9,0.815445,0.004937
2,-1,1,0.55,0.55,-1,-1,0.9,0.9,0.815445,0.004937
2,-1,1,0.6,0.6,-1,-1,0.9,0.9,0.815445,0.004937
2,-1,1,0.65,0.65,-1,-1,0.9,0.9,0.815445,0.004937
2,-1,1,0.7,0.7,-1,-1,0.9,0.9,0.815445,0.004937
2,-1,1,0.75,0.75,-1,-1,0.9,0.9,0.815445,0.004937
2,-1,1,0.8,0.8,-1,-1,0.9,0.9,0.815445,0.004937
2,-1,1,0.85,0.85,-1,-1,0.9,0.9,0.815445,0.004937
2,-1,1,0.9,0.9,-1,-1,0.9,0.9,0.815445,0.004937
2,-1,1,0.95,0.95,-1,-1,0.9,0.9,0.815445,0.004937
2,-1,1,1.0,1.0,-1,-1,0.9,0.9,0.815445,0.004937
2,-1,1,0.05,0.05,-1,-1,0.95,0.9,0.821468,0.003578
2,-1,1,0.1,0.1,-1,-1,0.95,0.9,0.826416,0.002854
2,-1,1,0.15,0.15,-1,-1,0.95,0.9,0.830304,0.002442
2,-1,1,0.2,0.2,-1,-1,0.95,0.9,0.833371,0.00214
2,-1,1,0.25,0.25,-1,-1,0.95,0.9,0.836485,0.001909
2,-1,1,0.3,0.3,-1,-1,0.95,0.9,0.838904,0.001777
2,-1,1,0.35,0.35,-1,-1,0.95,0.9,0.840896,0.00164
2,-1,1,0.4,0.4,-1,-1,0.95,0.9,0.843093,0.001543
2,-1,1,0.45,0.45,-1,-1,0.95,0.9,0.844879,0.001452
2,-1,1,0.5,0.5,-1,-1,0.95,0.9,0.846918,0.001396
2,-1,1,0.55,0.55,-1,-1,0.95,0.9,0.848641,0.001338
2,-1,1,0.6,0.6,-1,-1,0.95,0.9,0.850412,0.001295
2,-1,1,0.65,0.65,-1,-1,0.95,0.9,0.852167,0.001264
2,-1,1,0.7,0.7,-1,-1,0.95,0.9,0.853526,0.00123
2,-1,1,0.75,0.75,-1,-1,0.95,0.9,0.855281,0.001208
2,-1,1,0.8,0.8,-1,-1,0.95,0.9,0.856656,0.001174
2,-1,1,0.85,0.85,-1,-1,0.95,0.9,0.8583,0.001158
2,-1,1,0.9,0.9,-1,-1,0.95,0.9,0.860181,0.001148
2,-1,1,0.95,0.95,-1,-1,0.95,0.9,0.862426,0.00114
2,-1,1,1.0,1.0,-1,-1,0.95,0.9,0.867437,0.001139
2,-1,1,0.05,0.05,-1,-1,1.0,0.9,0.836824,0.003171
2,-1,1,0.1,0.1,-1,-1,1.0,0.9,0.854387,0.002229
2,-1,1,0.15,0.15,-1,-1,1.0,0.9,0.868191,0.001693
2,-1,1,0.2,0.2,-1,-1,1.0,0.9,0.879077,0.001301
2,-1,1,0.25,0.25,-1,-1,1.0,0.9,0.890131,0.001001
2,-1,1,0.3,0.3,-1,-1,1.0,0.9,0.898716,0.000829
2,-1,1,0.35,0.35,-1,-1,1.0,0.9,0.905787,0.000651
2,-1,1,0.4,0.4,-1,-1,1.0,0.9,0.913586,0.000525
2,-1,1,0.45,0.45,-1,-1,1.0,0.9,0.919927,0.000407
2,-1,1,0.5,0.5,-1,-1,1.0,0.9,0.927166,0.000334
2,-1,1,0.55,0.55,-1,-1,1.0,0.9,0.933282,0.000259
2,-1,1,0.6,0.6,-1,-1,1.0,0.9,0.939567,0.000203
2,-1,1,0.65,0.65,-1,-1,1.0,0.9,0.945795,0.000163
2,-1,1,0.7,0.7,-1,-1,1.0,0.9,0.950621,0.000118
2,-1,1,0.75,0.75,-1,-1,1.0,0.9,0.956849,9e-05
2,-1,1,0.8,0.8,-1,-1,1.0,0.9,0.961731,4.5e-05
2,-1,1,0.85,0.85,-1,-1,1.0,0.9,0.967567,2.4e-05
2,-1,1,0.9,0.9,-1,-1,1.0,0.9,0.974244,1.1e-05
2,-1,1,0.95,0.95,-1,-1,1.0,0.9,0.982212,2e-06
2,-1,1,1.0,1.0,-1,-1,1.0,0.9,1.0,0.0
2,-1,1,0.05,0.05,-1,-1,0.95,0.95,0.867437,0.001139
2,-1,1,0.1,0.1,-1,-1,0.95,0.95,0.867437,0.001139
2,-1,1,0.15,0.15,-1,-1,0.95,0.95,0.867437,0.001139
2,-1,1,0.2,0.2,-1,-1,0.95,0.95,0.867437,0.001139
2,-1,1,0.25,0.25,-1,-1,0.95,0.95,0.867437,0.001139
2,-1,1,0.3,0.3,-1,-1,0.95,0.95,0.867437,0.001139
2,-1,1,0.35,0.35,-1,-1,0.95,0.95,0.867437,0.001139
2,-1,1,0.4,0.4,-1,-1,0.95,0.95,0.867437,0.001139
2,-1,1,0.45,0.45,-1,-1,0.95,0.95,0.867437,0.001139
2,-1,1,0.5,0.5,-1,-1,0.95,0.95,0.867437,0.001139
2,-1,1,0.55,0.55,-1,-1,0.95,0.95,0.867437,0.001139
2,-1,1,0.6,0.6,-1,-1,0.95,0.95,0.867437,0.001139
2,-1,1,0.65,0.65,-1,-1,0.95,0.95,0.867437,0.001139
2,-1,1,0.7,0.7,-1,-1,0.95,0.95,0.867437,0.001139
2,-1,1,0.75,0.75,-1,-1,0.95,0.95,0.867437,0.001139
2,-1,1,0.8,0.8,-1,-1,0.95,0.95,0.867437,0.001139
2,-1,1,0.85,0.85,-1,-1,0.95,0.95,0.867437,0.001139
2,-1,1,0.9,0.9,-1,-1,0.95,0.95,0.867437,0.001139
2,-1,1,0.95,0.95,-1,-1,0.95,0.95,0.867437,0.001139
2,-1,1,1.0,1.0,-1,-1,0.95,0.95,0.867437,0.001139
2,-1,1,0.05,0.05,-1,-1,1.0,0.95,0.882793,0.000732
2,-1,1,0.1,0.1,-1,-1,1.0,0.95,0.895409,0.000514
2,-1,1,0.15,0.15,-1,-1,1.0,0.95,0.905324,0.000391
2,-1,1,0.2,0.2,-1,-1,1.0,0.95,0.913143,0.0003
2,-1,1,0.25,0.25,-1,-1,1.0,0.95,0.921083,0.000231
2,-1,1,0.3,0.3,-1,-1,1.0,0.95,0.92725,0.000191
2,-1,1,0.35,0.35,-1,-1,1.0,0.95,0.932328,0.00015
2,-1,1,0.4,0.4,-1,-1,1.0,0.95,0.93793,0.000121
2,-1,1,0.45,0.45,-1,-1,1.0,0.95,0.942485,9.4e-05
2,-1,1,0.5,0.5,-1,-1,1.0,0.95,0.947684,7.7e-05
2,-1,1,0.55,0.55,-1,-1,1.0,0.95,0.952077,6e-05
2,-1,1,0.6,0.6,-1,-1,1.0,0.95,0.956592,4.7e-05
2,-1,1,0.65,0.65,-1,-1,1.0,0.95,0.961065,3.8e-05
2,-1,1,0.7,0.7,-1,-1,1.0,0.95,0.964532,2.7e-05
2,-1,1,0.75,0.75,-1,-1,1.0,0.95,0.969005,2.1e-05
2,-1,1,0.8,0.8,-1,-1,1.0,0.95,0.972512,1e-05
2,-1,1,0.85,0.85,-1,-1,1.0,0.95,0.976704,6e-06
2,-1,1,0.9,0.9,-1,-1,1.0,0.95,0.9815,3e-06
2,-1,1,0.95,0.95,-1,-1,1.0,0.95,0.987223,0.0
2,-1,1,1.0,1.0,-1,-1,1.0,0.95,1.0,0.0
2,-1,1,0.05,0.05,-1,-1,1.0,1.0,1.0,0.0
2,-1,1,0.1,0.1,-1,-1,1.0,1.0,1.0,0.0
2,-1,1,0.15,0.15,-1,-1,1.0,1.0,1.0,0.0
2,-1,1,0.2,0.2,-1,-1,1.0,1.0,1.0,0.0
2,-1,1,0.25,0.25,-1,-1,1.0,1.0,1.0,0.0
2,-1,1,0.3,0.3,-1,-1,1.0,1.0,1.0,0.0
2,-1,1,0.35,0.35,-1,-1,1.0,1.0,1.0,0.0
2,-1,1,0.4,0.4,-1,-1,1.0,1.0,1.0,0.0
2,-1,1,0.45,0.45,-1,-1,1.0,1.0,1.0,0.0
2,-1,1,0.5,0.5,-1,-1,1.0,1.0,1.0,0.0
2,-1,1,0.55,0.55,-1,-1,1.0,1.0,1.0,0.0
2,-1,1,0.6,0.6,-1,-1,1.0,1.0,1.0,0.0
2,-1,1,0.65,0.65,-1,-1,1.0,1.0,1.0,0.0
2,-1,1,0.7,0.7,-1,-1,1.0,1.0,1.0,0.0
2,-1,1,0.75,0.75,-1,-1,1.0,1.0,1.0,0.0
2,-1,1,0.8,0.8,-1,-1,1.0,1.0,1.0,0.0
2,-1,1,0.85,0.85,-1,-1,1.0,1.0,1.0,0.0
2,-1,1,0.9,0.9,-1,-1,1.0,1.0,1.0,0.0
2,-1,1,0.95,0.95,-1,-1,1.0,1.0,1.0,0.0
2,-1,1,1.0,1.0,-1,-1,1.0,1.0,1.0,0.0
