sbi_stage,ucf_stage,xception_stage,sbi_upper_threshold,sbi_lower_threshold,ucf_upper_threshold,ucf_lower_threshold,xception_upper_threshold,xception_lower_threshold,FAR,FRR
1,-1,2,0.05,0.05,-1,-1,0.05,0.05,0.0,0.528571
1,-1,2,0.05,0.05,-1,-1,0.1,0.1,0.0,0.528571
1,-1,2,0.05,0.05,-1,-1,0.15,0.15,0.0,0.528571
1,-1,2,0.05,0.05,-1,-1,0.2,0.2,0.0,0.528571
1,-1,2,0.05,0.05,-1,-1,0.25,0.25,0.0,0.528571
1,-1,2,0.05,0.05,-1,-1,0.3,0.3,0.0,0.528571
1,-1,2,0.05,0.05,-1,-1,0.35,0.35,0.0,0.528571
1,-1,2,0.05,0.05,-1,-1,0.4,0.4,0.0,0.528571
1,-1,2,0.05,0.05,-1,-1,0.45,0.45,0.0,0.528571
1,-1,2,0.05,0.05,-1,-1,0.5,0.5,0.0,0.528571
1,-1,2,0.05,0.05,-1,-1,0.55,0.55,0.0,0.528571
1,-1,2,0.05,0.05,-1,-1,0.6,0.6,0.0,0.528571
1,-1,2,0.05,0.05,-1,-1,0.65,0.65,0.0,0.528571
1,-1,2,0.05,0.05,-1,-1,0.7,0.7,0.0,0.528571
1,-1,2,0.05,0.05,-1,-1,0.75,0.75,0.0,0.528571
1,-1,2,0.05,0.05,-1,-1,0.8,0.8,0.0,0.528571
1,-1,2,0.05,0.05,-1,-1,0.85,0.85,0.0,0.528571
1,-1,2,0.05,0.05,-1,-1,0.9,0.9,0.0,0.528571
1,-1,2,0.05,0.05,-1,-1,0.95,0.95,0.0,0.528571
1,-1,2,0.05,0.05,-1,-1,1.0,1.0,0.0,0.528571
1,-1,2,0.1,0.05,-1,-1,0.05,0.05,0.0,0.523469
1,-1,2,0.1,0.05,-1,-1,0.1,0.1,0.0,0.518367
1,-1,2,0.1,0.05,-1,-1,0.15,0.15,0.0,0.503061
1,-1,2,0.1,0.05,-1,-1,0.2,0.2,0.0,0.491836
1,-1,2,0.1,0.05,-1,-1,0.25,0.25,7.7e-05,0.473469
1,-1,2,0.1,0.05,-1,-1,0.3,0.3,0.000153,0.462244
1,-1,2,0.1,0.05,-1,-1,0.35,0.35,0.000191,0.447959
1,-1,2,0.1,0.05,-1,-1,0.4,0.4,0.000191,0.436734
1,-1,2,0.1,0.05,-1,-1,0.45,0.45,0.000191,0.423469
1,-1,2,0.1,0.05,-1,-1,0.5,0.5,0.000344,0.419387
1,-1,2,0.1,0.05,-1,-1,0.55,0.55,0.000459,0.409183
1,-1,2,0.1,0.05,-1,-1,0.6,0.6,0.000612,0.402041
1,-1,2,0.1,0.05,-1,-1,0.65,0.65,0.00088,0.397959
1,-1,2,0.1,0.05,-1,-1,0.7,0.7,0.001225,0.395918
1,-1,2,0.1,0.05,-1,-1,0.75,0.75,0.00176,0.389796
1,-1,2,0.1,0.05,-1,-1,0.8,0.8,0.00287,0.388775
1,-1,2,0.1,0.05,-1,-1,0.85,0.85,0.003865,0.386734
1,-1,2,0.1,0.05,-1,-1,0.9,0.9,0.005472,0.386734
1,-1,2,0.1,0.05,-1,-1,0.95,0.95,0.008189,0.385714
1,-1,2,0.1,0.05,-1,-1,1.0,1.0,0.021429,0.385714
1,-1,2,0.15,0.05,-1,-1,0.05,0.05,0.0,0.519898
1,-1,2,0.15,0.05,-1,-1,0.1,0.1,0.0,0.511224
1,-1,2,0.15,0.05,-1,-1,0.15,0.15,0.0,0.485204
1,-1,2,0.15,0.05,-1,-1,0.2,0.2,0.0,0.466122
1,-1,2,0.15,0.05,-1,-1,0.25,0.25,0.000128,0.434898
1,-1,2,0.15,0.05,-1,-1,0.3,0.3,0.000255,0.415816
1,-1,2,0.15,0.05,-1,-1,0.35,0.35,0.000319,0.39153
1,-1,2,0.15,0.05,-1,-1,0.4,0.4,0.000319,0.372449
1,-1,2,0.15,0.05,-1,-1,0.45,0.45,0.000319,0.349898
1,-1,2,0.15,0.05,-1,-1,0.5,0.5,0.000574,0.342959
1,-1,2,0.15,0.05,-1,-1,0.55,0.55,0.000765,0.325612
1,-1,2,0.15,0.05,-1,-1,0.6,0.6,0.00102,0.313469
1,-1,2,0.15,0.05,-1,-1,0.65,0.65,0.001467,0.30653
1,-1,2,0.15,0.05,-1,-1,0.7,0.7,0.002041,0.303061
1,-1,2,0.15,0.05,-1,-1,0.75,0.75,0.002934,0.292653
1,-1,2,0.15,0.05,-1,-1,0.8,0.8,0.004783,0.290918
1,-1,2,0.15,0.05,-1,-1,0.85,0.85,0.006441,0.287449
1,-1,2,0.15,0.05,-1,-1,0.9,0.9,0.00912,0.287449
1,-1,2,0.15,0.05,-1,-1,0.95,0.95,0.013648,0.285714
1,-1,2,0.15,0.05,-1,-1,1.0,1.0,0.035714,0.285714
1,-1,2,0.2,0.05,-1,-1,0.05,0.05,0.0,0.517092
1,-1,2,0.2,0.05,-1,-1,0.1,0.1,0.0,0.505612
1,-1,2,0.2,0.05,-1,-1,0.15,0.15,0.0,0.471173
1,-1,2,0.2,0.05,-1,-1,0.2,0.2,0.0,0.445918
1,-1,2,0.2,0.05,-1,-1,0.25,0.25,0.000179,0.404592
1,-1,2,0.2,0.05,-1,-1,0.3,0.3,0.000357,0.379336
1,-1,2,0.2,0.05,-1,-1,0.35,0.35,0.000446,0.347194
1,-1,2,0.2,0.05,-1,-1,0.4,0.4,0.000446,0.321939
1,-1,2,0.2,0.05,-1,-1,0.45,0.45,0.000446,0.292092
1,-1,2,0.2,0.05,-1,-1,0.5,0.5,0.000804,0.282908
1,-1,2,0.2,0.05,-1,-1,0.55,0.55,0.001071,0.259949
1,-1,2,0.2,0.05,-1,-1,0.6,0.6,0.001429,0.243878
1,-1,2,0.2,0.05,-1,-1,0.65,0.65,0.002054,0.234694
1,-1,2,0.2,0.05,-1,-1,0.7,0.7,0.002857,0.230102
1,-1,2,0.2,0.05,-1,-1,0.75,0.75,0.004107,0.216327
1,-1,2,0.2,0.05,-1,-1,0.8,0.8,0.006696,0.214031
1,-1,2,0.2,0.05,-1,-1,0.85,0.85,0.009018,0.209439
1,-1,2,0.2,0.05,-1,-1,0.9,0.9,0.012768,0.209439
1,-1,2,0.2,0.05,-1,-1,0.95,0.95,0.019107,0.207143
1,-1,2,0.2,0.05,-1,-1,1.0,1.0,0.05,0.207143
1,-1,2,0.25,0.05,-1,-1,0.05,0.05,0.0,0.515561
1,-1,2,0.25,0.05,-1,-1,0.1,0.1,0.0,0.50255
1,-1,2,0.25,0.05,-1,-1,0.15,0.15,0.0,0.46352
1,-1,2,0.25,0.05,-1,-1,0.2,0.2,0.0,0.434898
1,-1,2,0.25,0.05,-1,-1,0.25,0.25,0.00023,0.388061
1,-1,2,0.25,0.05,-1,-1,0.3,0.3,0.000459,0.359439
1,-1,2,0.25,0.05,-1,-1,0.35,0.35,0.000574,0.32301
1,-1,2,0.25,0.05,-1,-1,0.4,0.4,0.000574,0.294388
1,-1,2,0.25,0.05,-1,-1,0.45,0.45,0.000574,0.260561
1,-1,2,0.25,0.05,-1,-1,0.5,0.5,0.001033,0.250153
1,-1,2,0.25,0.05,-1,-1,0.55,0.55,0.001378,0.224133
1,-1,2,0.25,0.05,-1,-1,0.6,0.6,0.001837,0.205919
1,-1,2,0.25,0.05,-1,-1,0.65,0.65,0.00264,0.19551
1,-1,2,0.25,0.05,-1,-1,0.7,0.7,0.003673,0.190307
1,-1,2,0.25,0.05,-1,-1,0.75,0.75,0.005281,0.174694
1,-1,2,0.25,0.05,-1,-1,0.8,0.8,0.00861,0.172092
1,-1,2,0.25,0.05,-1,-1,0.85,0.85,0.011594,0.166888
1,-1,2,0.25,0.05,-1,-1,0.9,0.9,0.016416,0.166888
1,-1,2,0.25,0.05,-1,-1,0.95,0.95,0.024566,0.164286
1,-1,2,0.25,0.05,-1,-1,1.0,1.0,0.064286,0.164286
1,-1,2,0.3,0.05,-1,-1,0.05,0.05,0.0,0.514541
1,-1,2,0.3,0.05,-1,-1,0.1,0.1,0.0,0.50051
1,-1,2,0.3,0.05,-1,-1,0.15,0.15,0.0,0.458418
1,-1,2,0.3,0.05,-1,-1,0.2,0.2,0.0,0.427551
1,-1,2,0.3,0.05,-1,-1,0.25,0.25,0.000255,0.377041
1,-1,2,0.3,0.05,-1,-1,0.3,0.3,0.00051,0.346173
1,-1,2,0.3,0.05,-1,-1,0.35,0.35,0.000638,0.306887
1,-1,2,0.3,0.05,-1,-1,0.4,0.4,0.000638,0.27602
1,-1,2,0.3,0.05,-1,-1,0.45,0.45,0.000638,0.239541
1,-1,2,0.3,0.05,-1,-1,0.5,0.5,0.001148,0.228316
1,-1,2,0.3,0.05,-1,-1,0.55,0.55,0.001531,0.200255
1,-1,2,0.3,0.05,-1,-1,0.6,0.6,0.002041,0.180612
1,-1,2,0.3,0.05,-1,-1,0.65,0.65,0.002934,0.169387
1,-1,2,0.3,0.05,-1,-1,0.7,0.7,0.004082,0.163775
1,-1,2,0.3,0.05,-1,-1,0.75,0.75,0.005867,0.146938
1,-1,2,0.3,0.05,-1,-1,0.8,0.8,0.009566,0.144133
1,-1,2,0.3,0.05,-1,-1,0.85,0.85,0.012883,0.13852
1,-1,2,0.3,0.05,-1,-1,0.9,0.9,0.01824,0.13852
1,-1,2,0.3,0.05,-1,-1,0.95,0.95,0.027296,0.135714
1,-1,2,0.3,0.05,-1,-1,1.0,1.0,0.071429,0.135714
1,-1,2,0.35,0.05,-1,-1,0.05,0.05,0.0,0.513265
1,-1,2,0.35,0.05,-1,-1,0.1,0.1,0.0,0.497959
1,-1,2,0.35,0.05,-1,-1,0.15,0.15,0.0,0.452041
1,-1,2,0.35,0.05,-1,-1,0.2,0.2,0.0,0.418367
1,-1,2,0.35,0.05,-1,-1,0.25,0.25,0.000281,0.363265
1,-1,2,0.35,0.05,-1,-1,0.3,0.3,0.000561,0.329591
1,-1,2,0.35,0.05,-1,-1,0.35,0.35,0.000702,0.286734
1,-1,2,0.35,0.05,-1,-1,0.4,0.4,0.000702,0.253061
1,-1,2,0.35,0.05,-1,-1,0.45,0.45,0.000702,0.213265
1,-1,2,0.35,0.05,-1,-1,0.5,0.5,0.001263,0.20102
1,-1,2,0.35,0.05,-1,-1,0.55,0.55,0.001684,0.170408
1,-1,2,0.35,0.05,-1,-1,0.6,0.6,0.002245,0.14898
1,-1,2,0.35,0.05,-1,-1,0.65,0.65,0.003227,0.136735
1,-1,2,0.35,0.05,-1,-1,0.7,0.7,0.00449,0.130612
1,-1,2,0.35,0.05,-1,-1,0.75,0.75,0.006454,0.112245
1,-1,2,0.35,0.05,-1,-1,0.8,0.8,0.010523,0.109184
1,-1,2,0.35,0.05,-1,-1,0.85,0.85,0.014171,0.103061
1,-1,2,0.35,0.05,-1,-1,0.9,0.9,0.020064,0.103061
1,-1,2,0.35,0.05,-1,-1,0.95,0.95,0.030025,0.1
1,-1,2,0.35,0.05,-1,-1,1.0,1.0,0.078571,0.1
1,-1,2,0.4,0.05,-1,-1,0.05,0.05,0.0,0.512245
1,-1,2,0.4,0.05,-1,-1,0.1,0.1,0.0,0.495918
1,-1,2,0.4,0.05,-1,-1,0.15,0.15,0.0,0.446939
1,-1,2,0.4,0.05,-1,-1,0.2,0.2,0.0,0.41102
1,-1,2,0.4,0.05,-1,-1,0.25,0.25,0.000306,0.352245
1,-1,2,0.4,0.05,-1,-1,0.3,0.3,0.000612,0.316326
1,-1,2,0.4,0.05,-1,-1,0.35,0.35,0.000765,0.270612
1,-1,2,0.4,0.05,-1,-1,0.4,0.4,0.000765,0.234694
1,-1,2,0.4,0.05,-1,-1,0.45,0.45,0.000765,0.192245
1,-1,2,0.4,0.05,-1,-1,0.5,0.5,0.001378,0.179184
1,-1,2,0.4,0.05,-1,-1,0.55,0.55,0.001837,0.146531
1,-1,2,0.4,0.05,-1,-1,0.6,0.6,0.002449,0.123674
1,-1,2,0.4,0.05,-1,-1,0.65,0.65,0.00352,0.110612
1,-1,2,0.4,0.05,-1,-1,0.7,0.7,0.004898,0.104082
1,-1,2,0.4,0.05,-1,-1,0.75,0.75,0.007041,0.08449
1,-1,2,0.4,0.05,-1,-1,0.8,0.8,0.01148,0.081225
1,-1,2,0.4,0.05,-1,-1,0.85,0.85,0.015459,0.074694
1,-1,2,0.4,0.05,-1,-1,0.9,0.9,0.021888,0.074694
1,-1,2,0.4,0.05,-1,-1,0.95,0.95,0.032755,0.071429
1,-1,2,0.4,0.05,-1,-1,1.0,1.0,0.085714,0.071429
1,-1,2,0.45,0.05,-1,-1,0.05,0.05,0.0,0.511479
1,-1,2,0.45,0.05,-1,-1,0.1,0.1,0.0,0.494387
1,-1,2,0.45,0.05,-1,-1,0.15,0.15,0.0,0.443112
1,-1,2,0.45,0.05,-1,-1,0.2,0.2,0.0,0.40551
1,-1,2,0.45,0.05,-1,-1,0.25,0.25,0.000383,0.343979
1,-1,2,0.45,0.05,-1,-1,0.3,0.3,0.000765,0.306377
1,-1,2,0.45,0.05,-1,-1,0.35,0.35,0.000957,0.25852
1,-1,2,0.45,0.05,-1,-1,0.4,0.4,0.000957,0.220918
1,-1,2,0.45,0.05,-1,-1,0.45,0.45,0.000957,0.17648
1,-1,2,0.45,0.05,-1,-1,0.5,0.5,0.001722,0.162806
1,-1,2,0.45,0.05,-1,-1,0.55,0.55,0.002296,0.128623
1,-1,2,0.45,0.05,-1,-1,0.6,0.6,0.003061,0.104694
1,-1,2,0.45,0.05,-1,-1,0.65,0.65,0.0044,0.09102
1,-1,2,0.45,0.05,-1,-1,0.7,0.7,0.006122,0.084184
1,-1,2,0.45,0.05,-1,-1,0.75,0.75,0.008801,0.063673
1,-1,2,0.45,0.05,-1,-1,0.8,0.8,0.01435,0.060255
1,-1,2,0.45,0.05,-1,-1,0.85,0.85,0.019324,0.053418
1,-1,2,0.45,0.05,-1,-1,0.9,0.9,0.02736,0.053418
1,-1,2,0.45,0.05,-1,-1,0.95,0.95,0.040944,0.05
1,-1,2,0.45,0.05,-1,-1,1.0,1.0,0.107143,0.05
1,-1,2,0.5,0.05,-1,-1,0.05,0.05,0.0,0.511224
1,-1,2,0.5,0.05,-1,-1,0.1,0.1,0.0,0.493877
1,-1,2,0.5,0.05,-1,-1,0.15,0.15,0.0,0.441837
1,-1,2,0.5,0.05,-1,-1,0.2,0.2,0.0,0.403673
1,-1,2,0.5,0.05,-1,-1,0.25,0.25,0.000485,0.341224
1,-1,2,0.5,0.05,-1,-1,0.3,0.3,0.000969,0.303061
1,-1,2,0.5,0.05,-1,-1,0.35,0.35,0.001212,0.254489
1,-1,2,0.5,0.05,-1,-1,0.4,0.4,0.001212,0.216326
1,-1,2,0.5,0.05,-1,-1,0.45,0.45,0.001212,0.171224
1,-1,2,0.5,0.05,-1,-1,0.5,0.5,0.002181,0.157347
1,-1,2,0.5,0.05,-1,-1,0.55,0.55,0.002908,0.122653
1,-1,2,0.5,0.05,-1,-1,0.6,0.6,0.003877,0.098367
1,-1,2,0.5,0.05,-1,-1,0.65,0.65,0.005574,0.084489
1,-1,2,0.5,0.05,-1,-1,0.7,0.7,0.007755,0.077551
1,-1,2,0.5,0.05,-1,-1,0.75,0.75,0.011148,0.056734
1,-1,2,0.5,0.05,-1,-1,0.8,0.8,0.018176,0.053265
1,-1,2,0.5,0.05,-1,-1,0.85,0.85,0.024477,0.046326
1,-1,2,0.5,0.05,-1,-1,0.9,0.9,0.034656,0.046326
1,-1,2,0.5,0.05,-1,-1,0.95,0.95,0.051862,0.042857
1,-1,2,0.5,0.05,-1,-1,1.0,1.0,0.135714,0.042857
1,-1,2,0.55,0.05,-1,-1,0.05,0.05,0.0,0.510714
1,-1,2,0.55,0.05,-1,-1,0.1,0.1,0.0,0.492857
1,-1,2,0.55,0.05,-1,-1,0.15,0.15,0.0,0.439285
1,-1,2,0.55,0.05,-1,-1,0.2,0.2,0.0,0.4
1,-1,2,0.55,0.05,-1,-1,0.25,0.25,0.000561,0.335714
1,-1,2,0.55,0.05,-1,-1,0.3,0.3,0.001122,0.296428
1,-1,2,0.55,0.05,-1,-1,0.35,0.35,0.001403,0.246428
1,-1,2,0.55,0.05,-1,-1,0.4,0.4,0.001403,0.207143
1,-1,2,0.55,0.05,-1,-1,0.45,0.45,0.001403,0.160714
1,-1,2,0.55,0.05,-1,-1,0.5,0.5,0.002525,0.146428
1,-1,2,0.55,0.05,-1,-1,0.55,0.55,0.003367,0.110714
1,-1,2,0.55,0.05,-1,-1,0.6,0.6,0.00449,0.085714
1,-1,2,0.55,0.05,-1,-1,0.65,0.65,0.006454,0.071428
1,-1,2,0.55,0.05,-1,-1,0.7,0.7,0.00898,0.064285
1,-1,2,0.55,0.05,-1,-1,0.75,0.75,0.012908,0.042856
1,-1,2,0.55,0.05,-1,-1,0.8,0.8,0.021046,0.039286
1,-1,2,0.55,0.05,-1,-1,0.85,0.85,0.028342,0.032142
1,-1,2,0.55,0.05,-1,-1,0.9,0.9,0.040128,0.032142
1,-1,2,0.55,0.05,-1,-1,0.95,0.95,0.060051,0.028571
1,-1,2,0.55,0.05,-1,-1,1.0,1.0,0.157143,0.028571
1,-1,2,0.6,0.05,-1,-1,0.05,0.05,0.0,0.510714
1,-1,2,0.6,0.05,-1,-1,0.1,0.1,0.0,0.492857
1,-1,2,0.6,0.05,-1,-1,0.15,0.15,0.0,0.439285
1,-1,2,0.6,0.05,-1,-1,0.2,0.2,0.0,0.4
1,-1,2,0.6,0.05,-1,-1,0.25,0.25,0.000714,0.335714
1,-1,2,0.6,0.05,-1,-1,0.3,0.3,0.001429,0.296428
1,-1,2,0.6,0.05,-1,-1,0.35,0.35,0.001786,0.246428
1,-1,2,0.6,0.05,-1,-1,0.4,0.4,0.001786,0.207143
1,-1,2,0.6,0.05,-1,-1,0.45,0.45,0.001786,0.160714
1,-1,2,0.6,0.05,-1,-1,0.5,0.5,0.003214,0.146428
1,-1,2,0.6,0.05,-1,-1,0.55,0.55,0.004286,0.110714
1,-1,2,0.6,0.05,-1,-1,0.6,0.6,0.005714,0.085714
1,-1,2,0.6,0.05,-1,-1,0.65,0.65,0.008214,0.071428
1,-1,2,0.6,0.05,-1,-1,0.7,0.7,0.011429,0.064285
1,-1,2,0.6,0.05,-1,-1,0.75,0.75,0.016429,0.042856
1,-1,2,0.6,0.05,-1,-1,0.8,0.8,0.026786,0.039286
1,-1,2,0.6,0.05,-1,-1,0.85,0.85,0.036071,0.032142
1,-1,2,0.6,0.05,-1,-1,0.9,0.9,0.051071,0.032142
1,-1,2,0.6,0.05,-1,-1,0.95,0.95,0.076429,0.028571
1,-1,2,0.6,0.05,-1,-1,1.0,1.0,0.2,0.028571
1,-1,2,0.65,0.05,-1,-1,0.05,0.05,0.0,0.510714
1,-1,2,0.65,0.05,-1,-1,0.1,0.1,0.0,0.492857
1,-1,2,0.65,0.05,-1,-1,0.15,0.15,0.0,0.439285
1,-1,2,0.65,0.05,-1,-1,0.2,0.2,0.0,0.4
1,-1,2,0.65,0.05,-1,-1,0.25,0.25,0.000765,0.335714
1,-1,2,0.65,0.05,-1,-1,0.3,0.3,0.001531,0.296428
1,-1,2,0.65,0.05,-1,-1,0.35,0.35,0.001913,0.246428
1,-1,2,0.65,0.05,-1,-1,0.4,0.4,0.001913,0.207143
1,-1,2,0.65,0.05,-1,-1,0.45,0.45,0.001913,0.160714
1,-1,2,0.65,0.05,-1,-1,0.5,0.5,0.003444,0.146428
1,-1,2,0.65,0.05,-1,-1,0.55,0.55,0.004592,0.110714
1,-1,2,0.65,0.05,-1,-1,0.6,0.6,0.006122,0.085714
1,-1,2,0.65,0.05,-1,-1,0.65,0.65,0.008801,0.071428
1,-1,2,0.65,0.05,-1,-1,0.7,0.7,0.012245,0.064285
1,-1,2,0.65,0.05,-1,-1,0.75,0.75,0.017602,0.042856
1,-1,2,0.65,0.05,-1,-1,0.8,0.8,0.028699,0.039286
1,-1,2,0.65,0.05,-1,-1,0.85,0.85,0.038648,0.032142
1,-1,2,0.65,0.05,-1,-1,0.9,0.9,0.054719,0.032142
1,-1,2,0.65,0.05,-1,-1,0.95,0.95,0.081888,0.028571
1,-1,2,0.65,0.05,-1,-1,1.0,1.0,0.214286,0.028571
1,-1,2,0.7,0.05,-1,-1,0.05,0.05,0.0,0.510459
1,-1,2,0.7,0.05,-1,-1,0.1,0.1,0.0,0.492346
1,-1,2,0.7,0.05,-1,-1,0.15,0.15,0.0,0.43801
1,-1,2,0.7,0.05,-1,-1,0.2,0.2,0.0,0.398163
1,-1,2,0.7,0.05,-1,-1,0.25,0.25,0.000842,0.332959
1,-1,2,0.7,0.05,-1,-1,0.3,0.3,0.001684,0.293112
1,-1,2,0.7,0.05,-1,-1,0.35,0.35,0.002105,0.242398
1,-1,2,0.7,0.05,-1,-1,0.4,0.4,0.002105,0.202551
1,-1,2,0.7,0.05,-1,-1,0.45,0.45,0.002105,0.15546
1,-1,2,0.7,0.05,-1,-1,0.5,0.5,0.003788,0.140969
1,-1,2,0.7,0.05,-1,-1,0.55,0.55,0.005051,0.104745
1,-1,2,0.7,0.05,-1,-1,0.6,0.6,0.006735,0.079388
1,-1,2,0.7,0.05,-1,-1,0.65,0.65,0.009681,0.064898
1,-1,2,0.7,0.05,-1,-1,0.7,0.7,0.013469,0.057654
1,-1,2,0.7,0.05,-1,-1,0.75,0.75,0.019362,0.035919
1,-1,2,0.7,0.05,-1,-1,0.8,0.8,0.031569,0.032297
1,-1,2,0.7,0.05,-1,-1,0.85,0.85,0.042513,0.025052
1,-1,2,0.7,0.05,-1,-1,0.9,0.9,0.060191,0.025052
1,-1,2,0.7,0.05,-1,-1,0.95,0.95,0.090076,0.021429
1,-1,2,0.7,0.05,-1,-1,1.0,1.0,0.235714,0.021429
1,-1,2,0.75,0.05,-1,-1,0.05,0.05,0.0,0.509949
1,-1,2,0.75,0.05,-1,-1,0.1,0.1,0.0,0.491326
1,-1,2,0.75,0.05,-1,-1,0.15,0.15,0.0,0.435459
1,-1,2,0.75,0.05,-1,-1,0.2,0.2,0.0,0.394489
1,-1,2,0.75,0.05,-1,-1,0.25,0.25,0.000893,0.327449
1,-1,2,0.75,0.05,-1,-1,0.3,0.3,0.001786,0.286479
1,-1,2,0.75,0.05,-1,-1,0.35,0.35,0.002232,0.234336
1,-1,2,0.75,0.05,-1,-1,0.4,0.4,0.002232,0.193367
1,-1,2,0.75,0.05,-1,-1,0.45,0.45,0.002232,0.144949
1,-1,2,0.75,0.05,-1,-1,0.5,0.5,0.004018,0.130051
1,-1,2,0.75,0.05,-1,-1,0.55,0.55,0.005357,0.092806
1,-1,2,0.75,0.05,-1,-1,0.6,0.6,0.007143,0.066735
1,-1,2,0.75,0.05,-1,-1,0.65,0.65,0.010268,0.051837
1,-1,2,0.75,0.05,-1,-1,0.7,0.7,0.014286,0.044388
1,-1,2,0.75,0.05,-1,-1,0.75,0.75,0.020536,0.022041
1,-1,2,0.75,0.05,-1,-1,0.8,0.8,0.033482,0.018317
1,-1,2,0.75,0.05,-1,-1,0.85,0.85,0.045089,0.010868
1,-1,2,0.75,0.05,-1,-1,0.9,0.9,0.063839,0.010868
1,-1,2,0.75,0.05,-1,-1,0.95,0.95,0.095536,0.007143
1,-1,2,0.75,0.05,-1,-1,1.0,1.0,0.25,0.007143
1,-1,2,0.8,0.05,-1,-1,0.05,0.05,0.0,0.509949
1,-1,2,0.8,0.05,-1,-1,0.1,0.1,0.0,0.491326
1,-1,2,0.8,0.05,-1,-1,0.15,0.15,0.0,0.435459
1,-1,2,0.8,0.05,-1,-1,0.2,0.2,0.0,0.394489
1,-1,2,0.8,0.05,-1,-1,0.25,0.25,0.000969,0.327449
1,-1,2,0.8,0.05,-1,-1,0.3,0.3,0.001939,0.286479
1,-1,2,0.8,0.05,-1,-1,0.35,0.35,0.002424,0.234336
1,-1,2,0.8,0.05,-1,-1,0.4,0.4,0.002424,0.193367
1,-1,2,0.8,0.05,-1,-1,0.45,0.45,0.002424,0.144949
1,-1,2,0.8,0.05,-1,-1,0.5,0.5,0.004362,0.130051
1,-1,2,0.8,0.05,-1,-1,0.55,0.55,0.005816,0.092806
1,-1,2,0.8,0.05,-1,-1,0.6,0.6,0.007755,0.066735
1,-1,2,0.8,0.05,-1,-1,0.65,0.65,0.011148,0.051837
1,-1,2,0.8,0.05,-1,-1,0.7,0.7,0.01551,0.044388
1,-1,2,0.8,0.05,-1,-1,0.75,0.75,0.022296,0.022041
1,-1,2,0.8,0.05,-1,-1,0.8,0.8,0.036352,0.018317
1,-1,2,0.8,0.05,-1,-1,0.85,0.85,0.048954,0.010868
1,-1,2,0.8,0.05,-1,-1,0.9,0.9,0.069311,0.010868
1,-1,2,0.8,0.05,-1,-1,0.95,0.95,0.103725,0.007143
1,-1,2,0.8,0.05,-1,-1,1.0,1.0,0.271429,0.007143
1,-1,2,0.85,0.05,-1,-1,0.05,0.05,0.0,0.509694
1,-1,2,0.85,0.05,-1,-1,0.1,0.1,0.0,0.490816
1,-1,2,0.85,0.05,-1,-1,0.15,0.15,0.0,0.434184
1,-1,2,0.85,0.05,-1,-1,0.2,0.2,0.0,0.392653
1,-1,2,0.85,0.05,-1,-1,0.25,0.25,0.001046,0.324694
1,-1,2,0.85,0.05,-1,-1,0.3,0.3,0.002092,0.283163
1,-1,2,0.85,0.05,-1,-1,0.35,0.35,0.002615,0.230306
1,-1,2,0.85,0.05,-1,-1,0.4,0.4,0.002615,0.188775
1,-1,2,0.85,0.05,-1,-1,0.45,0.45,0.002615,0.139694
1,-1,2,0.85,0.05,-1,-1,0.5,0.5,0.004707,0.124592
1,-1,2,0.85,0.05,-1,-1,0.55,0.55,0.006276,0.086837
1,-1,2,0.85,0.05,-1,-1,0.6,0.6,0.008367,0.060408
1,-1,2,0.85,0.05,-1,-1,0.65,0.65,0.012028,0.045306
1,-1,2,0.85,0.05,-1,-1,0.7,0.7,0.016735,0.037755
1,-1,2,0.85,0.05,-1,-1,0.75,0.75,0.024056,0.015102
1,-1,2,0.85,0.05,-1,-1,0.8,0.8,0.039222,0.011327
1,-1,2,0.85,0.05,-1,-1,0.85,0.85,0.052819,0.003776
1,-1,2,0.85,0.05,-1,-1,0.9,0.9,0.074783,0.003776
1,-1,2,0.85,0.05,-1,-1,0.95,0.95,0.111913,0.0
1,-1,2,0.85,0.05,-1,-1,1.0,1.0,0.292857,0.0
1,-1,2,0.9,0.05,-1,-1,0.05,0.05,0.0,0.509694
1,-1,2,0.9,0.05,-1,-1,0.1,0.1,0.0,0.490816
1,-1,2,0.9,0.05,-1,-1,0.15,0.15,0.0,0.434184
1,-1,2,0.9,0.05,-1,-1,0.2,0.2,0.0,0.392653
1,-1,2,0.9,0.05,-1,-1,0.25,0.25,0.00125,0.324694
1,-1,2,0.9,0.05,-1,-1,0.3,0.3,0.0025,0.283163
1,-1,2,0.9,0.05,-1,-1,0.35,0.35,0.003125,0.230306
1,-1,2,0.9,0.05,-1,-1,0.4,0.4,0.003125,0.188775
1,-1,2,0.9,0.05,-1,-1,0.45,0.45,0.003125,0.139694
1,-1,2,0.9,0.05,-1,-1,0.5,0.5,0.005625,0.124592
1,-1,2,0.9,0.05,-1,-1,0.55,0.55,0.0075,0.086837
1,-1,2,0.9,0.05,-1,-1,0.6,0.6,0.01,0.060408
1,-1,2,0.9,0.05,-1,-1,0.65,0.65,0.014375,0.045306
1,-1,2,0.9,0.05,-1,-1,0.7,0.7,0.02,0.037755
1,-1,2,0.9,0.05,-1,-1,0.75,0.75,0.02875,0.015102
1,-1,2,0.9,0.05,-1,-1,0.8,0.8,0.046875,0.011327
1,-1,2,0.9,0.05,-1,-1,0.85,0.85,0.063125,0.003776
1,-1,2,0.9,0.05,-1,-1,0.9,0.9,0.089375,0.003776
1,-1,2,0.9,0.05,-1,-1,0.95,0.95,0.13375,0.0
1,-1,2,0.9,0.05,-1,-1,1.0,1.0,0.35,0.0
1,-1,2,0.95,0.05,-1,-1,0.05,0.05,0.0,0.509694
1,-1,2,0.95,0.05,-1,-1,0.1,0.1,0.0,0.490816
1,-1,2,0.95,0.05,-1,-1,0.15,0.15,0.0,0.434184
1,-1,2,0.95,0.05,-1,-1,0.2,0.2,0.0,0.392653
1,-1,2,0.95,0.05,-1,-1,0.25,0.25,0.00153,0.324694
1,-1,2,0.95,0.05,-1,-1,0.3,0.3,0.003061,0.283163
1,-1,2,0.95,0.05,-1,-1,0.35,0.35,0.003827,0.230306
1,-1,2,0.95,0.05,-1,-1,0.4,0.4,0.003827,0.188775
1,-1,2,0.95,0.05,-1,-1,0.45,0.45,0.003827,0.139694
1,-1,2,0.95,0.05,-1,-1,0.5,0.5,0.006888,0.124592
1,-1,2,0.95,0.05,-1,-1,0.55,0.55,0.009184,0.086837
1,-1,2,0.95,0.05,-1,-1,0.6,0.6,0.012245,0.060408
1,-1,2,0.95,0.05,-1,-1,0.65,0.65,0.017602,0.045306
1,-1,2,0.95,0.05,-1,-1,0.7,0.7,0.02449,0.037755
1,-1,2,0.95,0.05,-1,-1,0.75,0.75,0.035204,0.015102
1,-1,2,0.95,0.05,-1,-1,0.8,0.8,0.057398,0.011327
1,-1,2,0.95,0.05,-1,-1,0.85,0.85,0.077296,0.003776
1,-1,2,0.95,0.05,-1,-1,0.9,0.9,0.109439,0.003776
1,-1,2,0.95,0.05,-1,-1,0.95,0.95,0.163775,0.0
1,-1,2,0.95,0.05,-1,-1,1.0,1.0,0.428571,0.0
1,-1,2,1.0,0.05,-1,-1,0.05,0.05,0.0,0.509694
1,-1,2,1.0,0.05,-1,-1,0.1,0.1,0.0,0.490816
1,-1,2,1.0,0.05,-1,-1,0.15,0.15,0.0,0.434184
1,-1,2,1.0,0.05,-1,-1,0.2,0.2,0.0,0.392653
1,-1,2,1.0,0.05,-1,-1,0.25,0.25,0.003571,0.324694
1,-1,2,1.0,0.05,-1,-1,0.3,0.3,0.007143,0.283163
1,-1,2,1.0,0.05,-1,-1,0.35,0.35,0.008929,0.230306
1,-1,2,1.0,0.05,-1,-1,0.4,0.4,0.008929,0.188775
1,-1,2,1.0,0.05,-1,-1,0.45,0.45,0.008929,0.139694
1,-1,2,1.0,0.05,-1,-1,0.5,0.5,0.016071,0.124592
1,-1,2,1.0,0.05,-1,-1,0.55,0.55,0.021429,0.086837
1,-1,2,1.0,0.05,-1,-1,0.6,0.6,0.028571,0.060408
1,-1,2,1.0,0.05,-1,-1,0.65,0.65,0.041071,0.045306
1,-1,2,1.0,0.05,-1,-1,0.7,0.7,0.057143,0.037755
1,-1,2,1.0,0.05,-1,-1,0.75,0.75,0.082143,0.015102
1,-1,2,1.0,0.05,-1,-1,0.8,0.8,0.133929,0.011327
1,-1,2,1.0,0.05,-1,-1,0.85,0.85,0.180357,0.003776
1,-1,2,1.0,0.05,-1,-1,0.9,0.9,0.255357,0.003776
1,-1,2,1.0,0.05,-1,-1,0.95,0.95,0.382143,0.0
1,-1,2,1.0,0.05,-1,-1,1.0,1.0,1.0,0.0
1,-1,2,0.1,0.1,-1,-1,0.05,0.05,0.021429,0.385714
1,-1,2,0.1,0.1,-1,-1,0.1,0.1,0.021429,0.385714
1,-1,2,0.1,0.1,-1,-1,0.15,0.15,0.021429,0.385714
1,-1,2,0.1,0.1,-1,-1,0.2,0.2,0.021429,0.385714
1,-1,2,0.1,0.1,-1,-1,0.25,0.25,0.021429,0.385714
1,-1,2,0.1,0.1,-1,-1,0.3,0.3,0.021429,0.385714
1,-1,2,0.1,0.1,-1,-1,0.35,0.35,0.021429,0.385714
1,-1,2,0.1,0.1,-1,-1,0.4,0.4,0.021429,0.385714
1,-1,2,0.1,0.1,-1,-1,0.45,0.45,0.021429,0.385714
1,-1,2,0.1,0.1,-1,-1,0.5,0.5,0.021429,0.385714
1,-1,2,0.1,0.1,-1,-1,0.55,0.55,0.021429,0.385714
1,-1,2,0.1,0.1,-1,-1,0.6,0.6,0.021429,0.385714
1,-1,2,0.1,0.1,-1,-1,0.65,0.65,0.021429,0.385714
1,-1,2,0.1,0.1,-1,-1,0.7,0.7,0.021429,0.385714
1,-1,2,0.1,0.1,-1,-1,0.75,0.75,0.021429,0.385714
1,-1,2,0.1,0.1,-1,-1,0.8,0.8,0.021429,0.385714
1,-1,2,0.1,0.1,-1,-1,0.85,0.85,0.021429,0.385714
1,-1,2,0.1,0.1,-1,-1,0.9,0.9,0.021429,0.385714
1,-1,2,0.1,0.1,-1,-1,0.95,0.95,0.021429,0.385714
1,-1,2,0.1,0.1,-1,-1,1.0,1.0,0.021429,0.385714
1,-1,2,0.15,0.1,-1,-1,0.05,0.05,0.021429,0.382143
1,-1,2,0.15,0.1,-1,-1,0.1,0.1,0.021429,0.378571
1,-1,2,0.15,0.1,-1,-1,0.15,0.15,0.021429,0.367857
1,-1,2,0.15,0.1,-1,-1,0.2,0.2,0.021429,0.36
1,-1,2,0.15,0.1,-1,-1,0.25,0.25,0.02148,0.347143
1,-1,2,0.15,0.1,-1,-1,0.3,0.3,0.021531,0.339285
1,-1,2,0.15,0.1,-1,-1,0.35,0.35,0.021557,0.329285
1,-1,2,0.15,0.1,-1,-1,0.4,0.4,0.021557,0.321428
1,-1,2,0.15,0.1,-1,-1,0.45,0.45,0.021557,0.312143
1,-1,2,0.15,0.1,-1,-1,0.5,0.5,0.021659,0.309285
1,-1,2,0.15,0.1,-1,-1,0.55,0.55,0.021735,0.302143
1,-1,2,0.15,0.1,-1,-1,0.6,0.6,0.021837,0.297143
1,-1,2,0.15,0.1,-1,-1,0.65,0.65,0.022016,0.294285
1,-1,2,0.15,0.1,-1,-1,0.7,0.7,0.022245,0.292857
1,-1,2,0.15,0.1,-1,-1,0.75,0.75,0.022602,0.288571
1,-1,2,0.15,0.1,-1,-1,0.8,0.8,0.023342,0.287857
1,-1,2,0.15,0.1,-1,-1,0.85,0.85,0.024005,0.286428
1,-1,2,0.15,0.1,-1,-1,0.9,0.9,0.025077,0.286428
1,-1,2,0.15,0.1,-1,-1,0.95,0.95,0.026888,0.285714
1,-1,2,0.15,0.1,-1,-1,1.0,1.0,0.035714,0.285714
1,-1,2,0.2,0.1,-1,-1,0.05,0.05,0.021429,0.379337
1,-1,2,0.2,0.1,-1,-1,0.1,0.1,0.021429,0.372959
1,-1,2,0.2,0.1,-1,-1,0.15,0.15,0.021429,0.353826
1,-1,2,0.2,0.1,-1,-1,0.2,0.2,0.021429,0.339796
1,-1,2,0.2,0.1,-1,-1,0.25,0.25,0.021531,0.316837
1,-1,2,0.2,0.1,-1,-1,0.3,0.3,0.021633,0.302806
1,-1,2,0.2,0.1,-1,-1,0.35,0.35,0.021684,0.284949
1,-1,2,0.2,0.1,-1,-1,0.4,0.4,0.021684,0.270918
1,-1,2,0.2,0.1,-1,-1,0.45,0.45,0.021684,0.254337
1,-1,2,0.2,0.1,-1,-1,0.5,0.5,0.021888,0.249235
1,-1,2,0.2,0.1,-1,-1,0.55,0.55,0.022041,0.23648
1,-1,2,0.2,0.1,-1,-1,0.6,0.6,0.022245,0.227551
1,-1,2,0.2,0.1,-1,-1,0.65,0.65,0.022602,0.222449
1,-1,2,0.2,0.1,-1,-1,0.7,0.7,0.023062,0.219898
1,-1,2,0.2,0.1,-1,-1,0.75,0.75,0.023776,0.212245
1,-1,2,0.2,0.1,-1,-1,0.8,0.8,0.025255,0.21097
1,-1,2,0.2,0.1,-1,-1,0.85,0.85,0.026582,0.208419
1,-1,2,0.2,0.1,-1,-1,0.9,0.9,0.028725,0.208419
1,-1,2,0.2,0.1,-1,-1,0.95,0.95,0.032347,0.207143
1,-1,2,0.2,0.1,-1,-1,1.0,1.0,0.05,0.207143
1,-1,2,0.25,0.1,-1,-1,0.05,0.05,0.021429,0.377806
1,-1,2,0.25,0.1,-1,-1,0.1,0.1,0.021429,0.369898
1,-1,2,0.25,0.1,-1,-1,0.15,0.15,0.021429,0.346173
1,-1,2,0.25,0.1,-1,-1,0.2,0.2,0.021429,0.328775
1,-1,2,0.25,0.1,-1,-1,0.25,0.25,0.021582,0.300306
1,-1,2,0.25,0.1,-1,-1,0.3,0.3,0.021735,0.282908
1,-1,2,0.25,0.1,-1,-1,0.35,0.35,0.021812,0.260765
1,-1,2,0.25,0.1,-1,-1,0.4,0.4,0.021812,0.243367
1,-1,2,0.25,0.1,-1,-1,0.45,0.45,0.021812,0.222806
1,-1,2,0.25,0.1,-1,-1,0.5,0.5,0.022118,0.21648
1,-1,2,0.25,0.1,-1,-1,0.55,0.55,0.022347,0.200664
1,-1,2,0.25,0.1,-1,-1,0.6,0.6,0.022653,0.189592
1,-1,2,0.25,0.1,-1,-1,0.65,0.65,0.023189,0.183265
1,-1,2,0.25,0.1,-1,-1,0.7,0.7,0.023878,0.180102
1,-1,2,0.25,0.1,-1,-1,0.75,0.75,0.024949,0.170612
1,-1,2,0.25,0.1,-1,-1,0.8,0.8,0.027169,0.169031
1,-1,2,0.25,0.1,-1,-1,0.85,0.85,0.029159,0.165868
1,-1,2,0.25,0.1,-1,-1,0.9,0.9,0.032373,0.165868
1,-1,2,0.25,0.1,-1,-1,0.95,0.95,0.037807,0.164286
1,-1,2,0.25,0.1,-1,-1,1.0,1.0,0.064286,0.164286
1,-1,2,0.3,0.1,-1,-1,0.05,0.05,0.021429,0.376785
1,-1,2,0.3,0.1,-1,-1,0.1,0.1,0.021429,0.367857
1,-1,2,0.3,0.1,-1,-1,0.15,0.15,0.021429,0.341071
1,-1,2,0.3,0.1,-1,-1,0.2,0.2,0.021429,0.321428
1,-1,2,0.3,0.1,-1,-1,0.25,0.25,0.021608,0.289285
1,-1,2,0.3,0.1,-1,-1,0.3,0.3,0.021786,0.269643
1,-1,2,0.3,0.1,-1,-1,0.35,0.35,0.021875,0.244642
1,-1,2,0.3,0.1,-1,-1,0.4,0.4,0.021875,0.225
1,-1,2,0.3,0.1,-1,-1,0.45,0.45,0.021875,0.201786
1,-1,2,0.3,0.1,-1,-1,0.5,0.5,0.022233,0.194642
1,-1,2,0.3,0.1,-1,-1,0.55,0.55,0.0225,0.176785
1,-1,2,0.3,0.1,-1,-1,0.6,0.6,0.022858,0.164286
1,-1,2,0.3,0.1,-1,-1,0.65,0.65,0.023483,0.157142
1,-1,2,0.3,0.1,-1,-1,0.7,0.7,0.024286,0.153571
1,-1,2,0.3,0.1,-1,-1,0.75,0.75,0.025536,0.142857
1,-1,2,0.3,0.1,-1,-1,0.8,0.8,0.028125,0.141071
1,-1,2,0.3,0.1,-1,-1,0.85,0.85,0.030447,0.1375
1,-1,2,0.3,0.1,-1,-1,0.9,0.9,0.034197,0.1375
1,-1,2,0.3,0.1,-1,-1,0.95,0.95,0.040536,0.135714
1,-1,2,0.3,0.1,-1,-1,1.0,1.0,0.071429,0.135714
1,-1,2,0.35,0.1,-1,-1,0.05,0.05,0.021429,0.37551
1,-1,2,0.35,0.1,-1,-1,0.1,0.1,0.021429,0.365306
1,-1,2,0.35,0.1,-1,-1,0.15,0.15,0.021429,0.334694
1,-1,2,0.35,0.1,-1,-1,0.2,0.2,0.021429,0.312245
1,-1,2,0.35,0.1,-1,-1,0.25,0.25,0.021633,0.27551
1,-1,2,0.35,0.1,-1,-1,0.3,0.3,0.021837,0.253061
1,-1,2,0.35,0.1,-1,-1,0.35,0.35,0.021939,0.22449
1,-1,2,0.35,0.1,-1,-1,0.4,0.4,0.021939,0.202041
1,-1,2,0.35,0.1,-1,-1,0.45,0.45,0.021939,0.17551
1,-1,2,0.35,0.1,-1,-1,0.5,0.5,0.022347,0.167347
1,-1,2,0.35,0.1,-1,-1,0.55,0.55,0.022653,0.146939
1,-1,2,0.35,0.1,-1,-1,0.6,0.6,0.023062,0.132653
1,-1,2,0.35,0.1,-1,-1,0.65,0.65,0.023776,0.12449
1,-1,2,0.35,0.1,-1,-1,0.7,0.7,0.024694,0.120408
1,-1,2,0.35,0.1,-1,-1,0.75,0.75,0.026123,0.108163
1,-1,2,0.35,0.1,-1,-1,0.8,0.8,0.029082,0.106123
1,-1,2,0.35,0.1,-1,-1,0.85,0.85,0.031735,0.102041
1,-1,2,0.35,0.1,-1,-1,0.9,0.9,0.036021,0.102041
1,-1,2,0.35,0.1,-1,-1,0.95,0.95,0.043265,0.1
1,-1,2,0.35,0.1,-1,-1,1.0,1.0,0.078571,0.1
1,-1,2,0.4,0.1,-1,-1,0.05,0.05,0.021429,0.37449
1,-1,2,0.4,0.1,-1,-1,0.1,0.1,0.021429,0.363265
1,-1,2,0.4,0.1,-1,-1,0.15,0.15,0.021429,0.329592
1,-1,2,0.4,0.1,-1,-1,0.2,0.2,0.021429,0.304898
1,-1,2,0.4,0.1,-1,-1,0.25,0.25,0.021659,0.26449
1,-1,2,0.4,0.1,-1,-1,0.3,0.3,0.021888,0.239796
1,-1,2,0.4,0.1,-1,-1,0.35,0.35,0.022003,0.208367
1,-1,2,0.4,0.1,-1,-1,0.4,0.4,0.022003,0.183674
1,-1,2,0.4,0.1,-1,-1,0.45,0.45,0.022003,0.15449
1,-1,2,0.4,0.1,-1,-1,0.5,0.5,0.022462,0.14551
1,-1,2,0.4,0.1,-1,-1,0.55,0.55,0.022807,0.123062
1,-1,2,0.4,0.1,-1,-1,0.6,0.6,0.023266,0.107347
1,-1,2,0.4,0.1,-1,-1,0.65,0.65,0.024069,0.098368
1,-1,2,0.4,0.1,-1,-1,0.7,0.7,0.025102,0.093878
1,-1,2,0.4,0.1,-1,-1,0.75,0.75,0.02671,0.080408
1,-1,2,0.4,0.1,-1,-1,0.8,0.8,0.030039,0.078164
1,-1,2,0.4,0.1,-1,-1,0.85,0.85,0.033023,0.073674
1,-1,2,0.4,0.1,-1,-1,0.9,0.9,0.037845,0.073674
1,-1,2,0.4,0.1,-1,-1,0.95,0.95,0.045995,0.071429
1,-1,2,0.4,0.1,-1,-1,1.0,1.0,0.085714,0.071429
1,-1,2,0.45,0.1,-1,-1,0.05,0.05,0.021429,0.373724
1,-1,2,0.45,0.1,-1,-1,0.1,0.1,0.021429,0.361734
1,-1,2,0.45,0.1,-1,-1,0.15,0.15,0.021429,0.325765
1,-1,2,0.45,0.1,-1,-1,0.2,0.2,0.021429,0.299387
1,-1,2,0.45,0.1,-1,-1,0.25,0.25,0.021735,0.256224
1,-1,2,0.45,0.1,-1,-1,0.3,0.3,0.022041,0.229847
1,-1,2,0.45,0.1,-1,-1,0.35,0.35,0.022194,0.196275
1,-1,2,0.45,0.1,-1,-1,0.4,0.4,0.022194,0.169898
1,-1,2,0.45,0.1,-1,-1,0.45,0.45,0.022194,0.138725
1,-1,2,0.45,0.1,-1,-1,0.5,0.5,0.022807,0.129132
1,-1,2,0.45,0.1,-1,-1,0.55,0.55,0.023266,0.105153
1,-1,2,0.45,0.1,-1,-1,0.6,0.6,0.023878,0.088367
1,-1,2,0.45,0.1,-1,-1,0.65,0.65,0.024949,0.078775
1,-1,2,0.45,0.1,-1,-1,0.7,0.7,0.026327,0.07398
1,-1,2,0.45,0.1,-1,-1,0.75,0.75,0.02847,0.059592
1,-1,2,0.45,0.1,-1,-1,0.8,0.8,0.032909,0.057194
1,-1,2,0.45,0.1,-1,-1,0.85,0.85,0.036888,0.052398
1,-1,2,0.45,0.1,-1,-1,0.9,0.9,0.043317,0.052398
1,-1,2,0.45,0.1,-1,-1,0.95,0.95,0.054184,0.05
1,-1,2,0.45,0.1,-1,-1,1.0,1.0,0.107143,0.05
1,-1,2,0.5,0.1,-1,-1,0.05,0.05,0.021429,0.373469
1,-1,2,0.5,0.1,-1,-1,0.1,0.1,0.021429,0.361224
1,-1,2,0.5,0.1,-1,-1,0.15,0.15,0.021429,0.32449
1,-1,2,0.5,0.1,-1,-1,0.2,0.2,0.021429,0.297551
1,-1,2,0.5,0.1,-1,-1,0.25,0.25,0.021837,0.253469
1,-1,2,0.5,0.1,-1,-1,0.3,0.3,0.022245,0.22653
1,-1,2,0.5,0.1,-1,-1,0.35,0.35,0.022449,0.192245
1,-1,2,0.5,0.1,-1,-1,0.4,0.4,0.022449,0.165306
1,-1,2,0.5,0.1,-1,-1,0.45,0.45,0.022449,0.133469
1,-1,2,0.5,0.1,-1,-1,0.5,0.5,0.023266,0.123673
1,-1,2,0.5,0.1,-1,-1,0.55,0.55,0.023878,0.099184
1,-1,2,0.5,0.1,-1,-1,0.6,0.6,0.024694,0.082041
1,-1,2,0.5,0.1,-1,-1,0.65,0.65,0.026123,0.072245
1,-1,2,0.5,0.1,-1,-1,0.7,0.7,0.02796,0.067347
1,-1,2,0.5,0.1,-1,-1,0.75,0.75,0.030817,0.052653
1,-1,2,0.5,0.1,-1,-1,0.8,0.8,0.036735,0.050204
1,-1,2,0.5,0.1,-1,-1,0.85,0.85,0.042041,0.045306
1,-1,2,0.5,0.1,-1,-1,0.9,0.9,0.050612,0.045306
1,-1,2,0.5,0.1,-1,-1,0.95,0.95,0.065102,0.042857
1,-1,2,0.5,0.1,-1,-1,1.0,1.0,0.135714,0.042857
1,-1,2,0.55,0.1,-1,-1,0.05,0.05,0.021429,0.372959
1,-1,2,0.55,0.1,-1,-1,0.1,0.1,0.021429,0.360204
1,-1,2,0.55,0.1,-1,-1,0.15,0.15,0.021429,0.321939
1,-1,2,0.55,0.1,-1,-1,0.2,0.2,0.021429,0.293877
1,-1,2,0.55,0.1,-1,-1,0.25,0.25,0.021914,0.247959
1,-1,2,0.55,0.1,-1,-1,0.3,0.3,0.022398,0.219898
1,-1,2,0.55,0.1,-1,-1,0.35,0.35,0.022641,0.184183
1,-1,2,0.55,0.1,-1,-1,0.4,0.4,0.022641,0.156122
1,-1,2,0.55,0.1,-1,-1,0.45,0.45,0.022641,0.122959
1,-1,2,0.55,0.1,-1,-1,0.5,0.5,0.02361,0.112755
1,-1,2,0.55,0.1,-1,-1,0.55,0.55,0.024337,0.087245
1,-1,2,0.55,0.1,-1,-1,0.6,0.6,0.025306,0.069387
1,-1,2,0.55,0.1,-1,-1,0.65,0.65,0.027003,0.059183
1,-1,2,0.55,0.1,-1,-1,0.7,0.7,0.029184,0.054081
1,-1,2,0.55,0.1,-1,-1,0.75,0.75,0.032577,0.038775
1,-1,2,0.55,0.1,-1,-1,0.8,0.8,0.039605,0.036224
1,-1,2,0.55,0.1,-1,-1,0.85,0.85,0.045906,0.031122
1,-1,2,0.55,0.1,-1,-1,0.9,0.9,0.056085,0.031122
1,-1,2,0.55,0.1,-1,-1,0.95,0.95,0.073291,0.028571
1,-1,2,0.55,0.1,-1,-1,1.0,1.0,0.157143,0.028571
1,-1,2,0.6,0.1,-1,-1,0.05,0.05,0.021429,0.372959
1,-1,2,0.6,0.1,-1,-1,0.1,0.1,0.021429,0.360204
1,-1,2,0.6,0.1,-1,-1,0.15,0.15,0.021429,0.321939
1,-1,2,0.6,0.1,-1,-1,0.2,0.2,0.021429,0.293877
1,-1,2,0.6,0.1,-1,-1,0.25,0.25,0.022067,0.247959
1,-1,2,0.6,0.1,-1,-1,0.3,0.3,0.022705,0.219898
1,-1,2,0.6,0.1,-1,-1,0.35,0.35,0.023023,0.184183
1,-1,2,0.6,0.1,-1,-1,0.4,0.4,0.023023,0.156122
1,-1,2,0.6,0.1,-1,-1,0.45,0.45,0.023023,0.122959
1,-1,2,0.6,0.1,-1,-1,0.5,0.5,0.024299,0.112755
1,-1,2,0.6,0.1,-1,-1,0.55,0.55,0.025256,0.087245
1,-1,2,0.6,0.1,-1,-1,0.6,0.6,0.026531,0.069387
1,-1,2,0.6,0.1,-1,-1,0.65,0.65,0.028763,0.059183
1,-1,2,0.6,0.1,-1,-1,0.7,0.7,0.031633,0.054081
1,-1,2,0.6,0.1,-1,-1,0.75,0.75,0.036097,0.038775
1,-1,2,0.6,0.1,-1,-1,0.8,0.8,0.045345,0.036224
1,-1,2,0.6,0.1,-1,-1,0.85,0.85,0.053636,0.031122
1,-1,2,0.6,0.1,-1,-1,0.9,0.9,0.067028,0.031122
1,-1,2,0.6,0.1,-1,-1,0.95,0.95,0.089669,0.028571
1,-1,2,0.6,0.1,-1,-1,1.0,1.0,0.2,0.028571
1,-1,2,0.65,0.1,-1,-1,0.05,0.05,0.021429,0.372959
1,-1,2,0.65,0.1,-1,-1,0.1,0.1,0.021429,0.360204
1,-1,2,0.65,0.1,-1,-1,0.15,0.15,0.021429,0.321939
1,-1,2,0.65,0.1,-1,-1,0.2,0.2,0.021429,0.293877
1,-1,2,0.65,0.1,-1,-1,0.25,0.25,0.022118,0.247959
1,-1,2,0.65,0.1,-1,-1,0.3,0.3,0.022807,0.219898
1,-1,2,0.65,0.1,-1,-1,0.35,0.35,0.023151,0.184183
1,-1,2,0.65,0.1,-1,-1,0.4,0.4,0.023151,0.156122
1,-1,2,0.65,0.1,-1,-1,0.45,0.45,0.023151,0.122959
1,-1,2,0.65,0.1,-1,-1,0.5,0.5,0.024528,0.112755
1,-1,2,0.65,0.1,-1,-1,0.55,0.55,0.025562,0.087245
1,-1,2,0.65,0.1,-1,-1,0.6,0.6,0.026939,0.069387
1,-1,2,0.65,0.1,-1,-1,0.65,0.65,0.02935,0.059183
1,-1,2,0.65,0.1,-1,-1,0.7,0.7,0.032449,0.054081
1,-1,2,0.65,0.1,-1,-1,0.75,0.75,0.037271,0.038775
1,-1,2,0.65,0.1,-1,-1,0.8,0.8,0.047258,0.036224
1,-1,2,0.65,0.1,-1,-1,0.85,0.85,0.056212,0.031122
1,-1,2,0.65,0.1,-1,-1,0.9,0.9,0.070676,0.031122
1,-1,2,0.65,0.1,-1,-1,0.95,0.95,0.095128,0.028571
1,-1,2,0.65,0.1,-1,-1,1.0,1.0,0.214286,0.028571
1,-1,2,0.7,0.1,-1,-1,0.05,0.05,0.021429,0.372704
1,-1,2,0.7,0.1,-1,-1,0.1,0.1,0.021429,0.359693
1,-1,2,0.7,0.1,-1,-1,0.15,0.15,0.021429,0.320663
1,-1,2,0.7,0.1,-1,-1,0.2,0.2,0.021429,0.292041
1,-1,2,0.7,0.1,-1,-1,0.25,0.25,0.022194,0.245204
1,-1,2,0.7,0.1,-1,-1,0.3,0.3,0.02296,0.216582
1,-1,2,0.7,0.1,-1,-1,0.35,0.35,0.023342,0.180153
1,-1,2,0.7,0.1,-1,-1,0.4,0.4,0.023342,0.151531
1,-1,2,0.7,0.1,-1,-1,0.45,0.45,0.023342,0.117704
1,-1,2,0.7,0.1,-1,-1,0.5,0.5,0.024873,0.107296
1,-1,2,0.7,0.1,-1,-1,0.55,0.55,0.026021,0.081276
1,-1,2,0.7,0.1,-1,-1,0.6,0.6,0.027551,0.063062
1,-1,2,0.7,0.1,-1,-1,0.65,0.65,0.03023,0.052653
1,-1,2,0.7,0.1,-1,-1,0.7,0.7,0.033674,0.04745
1,-1,2,0.7,0.1,-1,-1,0.75,0.75,0.039031,0.031837
1,-1,2,0.7,0.1,-1,-1,0.8,0.8,0.050128,0.029235
1,-1,2,0.7,0.1,-1,-1,0.85,0.85,0.060077,0.024031
1,-1,2,0.7,0.1,-1,-1,0.9,0.9,0.076148,0.024031
1,-1,2,0.7,0.1,-1,-1,0.95,0.95,0.103317,0.021429
1,-1,2,0.7,0.1,-1,-1,1.0,1.0,0.235714,0.021429
1,-1,2,0.75,0.1,-1,-1,0.05,0.05,0.021429,0.372194
1,-1,2,0.75,0.1,-1,-1,0.1,0.1,0.021429,0.358673
1,-1,2,0.75,0.1,-1,-1,0.15,0.15,0.021429,0.318112
1,-1,2,0.75,0.1,-1,-1,0.2,0.2,0.021429,0.288367
1,-1,2,0.75,0.1,-1,-1,0.25,0.25,0.022245,0.239694
1,-1,2,0.75,0.1,-1,-1,0.3,0.3,0.023062,0.209949
1,-1,2,0.75,0.1,-1,-1,0.35,0.35,0.02347,0.172092
1,-1,2,0.75,0.1,-1,-1,0.4,0.4,0.02347,0.142347
1,-1,2,0.75,0.1,-1,-1,0.45,0.45,0.02347,0.107194
1,-1,2,0.75,0.1,-1,-1,0.5,0.5,0.025102,0.096377
1,-1,2,0.75,0.1,-1,-1,0.55,0.55,0.026327,0.069337
1,-1,2,0.75,0.1,-1,-1,0.6,0.6,0.02796,0.050408
1,-1,2,0.75,0.1,-1,-1,0.65,0.65,0.030817,0.039592
1,-1,2,0.75,0.1,-1,-1,0.7,0.7,0.03449,0.034184
1,-1,2,0.75,0.1,-1,-1,0.75,0.75,0.040205,0.017959
1,-1,2,0.75,0.1,-1,-1,0.8,0.8,0.052041,0.015255
1,-1,2,0.75,0.1,-1,-1,0.85,0.85,0.062653,0.009847
1,-1,2,0.75,0.1,-1,-1,0.9,0.9,0.079796,0.009847
1,-1,2,0.75,0.1,-1,-1,0.95,0.95,0.108776,0.007143
1,-1,2,0.75,0.1,-1,-1,1.0,1.0,0.25,0.007143
1,-1,2,0.8,0.1,-1,-1,0.05,0.05,0.021429,0.372194
1,-1,2,0.8,0.1,-1,-1,0.1,0.1,0.021429,0.358673
1,-1,2,0.8,0.1,-1,-1,0.15,0.15,0.021429,0.318112
1,-1,2,0.8,0.1,-1,-1,0.2,0.2,0.021429,0.288367
1,-1,2,0.8,0.1,-1,-1,0.25,0.25,0.022322,0.239694
1,-1,2,0.8,0.1,-1,-1,0.3,0.3,0.023215,0.209949
1,-1,2,0.8,0.1,-1,-1,0.35,0.35,0.023661,0.172092
1,-1,2,0.8,0.1,-1,-1,0.4,0.4,0.023661,0.142347
1,-1,2,0.8,0.1,-1,-1,0.45,0.45,0.023661,0.107194
1,-1,2,0.8,0.1,-1,-1,0.5,0.5,0.025447,0.096377
1,-1,2,0.8,0.1,-1,-1,0.55,0.55,0.026786,0.069337
1,-1,2,0.8,0.1,-1,-1,0.6,0.6,0.028572,0.050408
1,-1,2,0.8,0.1,-1,-1,0.65,0.65,0.031697,0.039592
1,-1,2,0.8,0.1,-1,-1,0.7,0.7,0.035715,0.034184
1,-1,2,0.8,0.1,-1,-1,0.75,0.75,0.041965,0.017959
1,-1,2,0.8,0.1,-1,-1,0.8,0.8,0.054911,0.015255
1,-1,2,0.8,0.1,-1,-1,0.85,0.85,0.066518,0.009847
1,-1,2,0.8,0.1,-1,-1,0.9,0.9,0.085268,0.009847
1,-1,2,0.8,0.1,-1,-1,0.95,0.95,0.116965,0.007143
1,-1,2,0.8,0.1,-1,-1,1.0,1.0,0.271429,0.007143
1,-1,2,0.85,0.1,-1,-1,0.05,0.05,0.021429,0.371939
1,-1,2,0.85,0.1,-1,-1,0.1,0.1,0.021429,0.358163
1,-1,2,0.85,0.1,-1,-1,0.15,0.15,0.021429,0.316837
1,-1,2,0.85,0.1,-1,-1,0.2,0.2,0.021429,0.28653
1,-1,2,0.85,0.1,-1,-1,0.25,0.25,0.022398,0.236939
1,-1,2,0.85,0.1,-1,-1,0.3,0.3,0.023368,0.206632
1,-1,2,0.85,0.1,-1,-1,0.35,0.35,0.023853,0.168061
1,-1,2,0.85,0.1,-1,-1,0.4,0.4,0.023853,0.137755
1,-1,2,0.85,0.1,-1,-1,0.45,0.45,0.023853,0.101939
1,-1,2,0.85,0.1,-1,-1,0.5,0.5,0.025791,0.090918
1,-1,2,0.85,0.1,-1,-1,0.55,0.55,0.027245,0.063367
1,-1,2,0.85,0.1,-1,-1,0.6,0.6,0.029184,0.044082
1,-1,2,0.85,0.1,-1,-1,0.65,0.65,0.032577,0.033061
1,-1,2,0.85,0.1,-1,-1,0.7,0.7,0.036939,0.027551
1,-1,2,0.85,0.1,-1,-1,0.75,0.75,0.043725,0.01102
1,-1,2,0.85,0.1,-1,-1,0.8,0.8,0.057781,0.008265
1,-1,2,0.85,0.1,-1,-1,0.85,0.85,0.070383,0.002755
1,-1,2,0.85,0.1,-1,-1,0.9,0.9,0.09074,0.002755
1,-1,2,0.85,0.1,-1,-1,0.95,0.95,0.125153,0.0
1,-1,2,0.85,0.1,-1,-1,1.0,1.0,0.292857,0.0
1,-1,2,0.9,0.1,-1,-1,0.05,0.05,0.021429,0.371939
1,-1,2,0.9,0.1,-1,-1,0.1,0.1,0.021429,0.358163
1,-1,2,0.9,0.1,-1,-1,0.15,0.15,0.021429,0.316837
1,-1,2,0.9,0.1,-1,-1,0.2,0.2,0.021429,0.28653
1,-1,2,0.9,0.1,-1,-1,0.25,0.25,0.022602,0.236939
1,-1,2,0.9,0.1,-1,-1,0.3,0.3,0.023776,0.206632
1,-1,2,0.9,0.1,-1,-1,0.35,0.35,0.024363,0.168061
1,-1,2,0.9,0.1,-1,-1,0.4,0.4,0.024363,0.137755
1,-1,2,0.9,0.1,-1,-1,0.45,0.45,0.024363,0.101939
1,-1,2,0.9,0.1,-1,-1,0.5,0.5,0.026709,0.090918
1,-1,2,0.9,0.1,-1,-1,0.55,0.55,0.02847,0.063367
1,-1,2,0.9,0.1,-1,-1,0.6,0.6,0.030817,0.044082
1,-1,2,0.9,0.1,-1,-1,0.65,0.65,0.034924,0.033061
1,-1,2,0.9,0.1,-1,-1,0.7,0.7,0.040205,0.027551
1,-1,2,0.9,0.1,-1,-1,0.75,0.75,0.048419,0.01102
1,-1,2,0.9,0.1,-1,-1,0.8,0.8,0.065434,0.008265
1,-1,2,0.9,0.1,-1,-1,0.85,0.85,0.080689,0.002755
1,-1,2,0.9,0.1,-1,-1,0.9,0.9,0.105332,0.002755
1,-1,2,0.9,0.1,-1,-1,0.95,0.95,0.14699,0.0
1,-1,2,0.9,0.1,-1,-1,1.0,1.0,0.35,0.0
1,-1,2,0.95,0.1,-1,-1,0.05,0.05,0.021429,0.371939
1,-1,2,0.95,0.1,-1,-1,0.1,0.1,0.021429,0.358163
1,-1,2,0.95,0.1,-1,-1,0.15,0.15,0.021429,0.316837
1,-1,2,0.95,0.1,-1,-1,0.2,0.2,0.021429,0.28653
1,-1,2,0.95,0.1,-1,-1,0.25,0.25,0.022883,0.236939
1,-1,2,0.95,0.1,-1,-1,0.3,0.3,0.024337,0.206632
1,-1,2,0.95,0.1,-1,-1,0.35,0.35,0.025064,0.168061
1,-1,2,0.95,0.1,-1,-1,0.4,0.4,0.025064,0.137755
1,-1,2,0.95,0.1,-1,-1,0.45,0.45,0.025064,0.101939
1,-1,2,0.95,0.1,-1,-1,0.5,0.5,0.027972,0.090918
1,-1,2,0.95,0.1,-1,-1,0.55,0.55,0.030154,0.063367
1,-1,2,0.95,0.1,-1,-1,0.6,0.6,0.033061,0.044082
1,-1,2,0.95,0.1,-1,-1,0.65,0.65,0.038151,0.033061
1,-1,2,0.95,0.1,-1,-1,0.7,0.7,0.044694,0.027551
1,-1,2,0.95,0.1,-1,-1,0.75,0.75,0.054873,0.01102
1,-1,2,0.95,0.1,-1,-1,0.8,0.8,0.075957,0.008265
1,-1,2,0.95,0.1,-1,-1,0.85,0.85,0.09486,0.002755
1,-1,2,0.95,0.1,-1,-1,0.9,0.9,0.125396,0.002755
1,-1,2,0.95,0.1,-1,-1,0.95,0.95,0.177015,0.0
1,-1,2,0.95,0.1,-1,-1,1.0,1.0,0.428571,0.0
1,-1,2,1.0,0.1,-1,-1,0.05,0.05,0.021429,0.371939
1,-1,2,1.0,0.1,-1,-1,0.1,0.1,0.021429,0.358163
1,-1,2,1.0,0.1,-1,-1,0.15,0.15,0.021429,0.316837
1,-1,2,1.0,0.1,-1,-1,0.2,0.2,0.021429,0.28653
1,-1,2,1.0,0.1,-1,-1,0.25,0.25,0.024923,0.236939
1,-1,2,1.0,0.1,-1,-1,0.3,0.3,0.028419,0.206632
1,-1,2,1.0,0.1,-1,-1,0.35,0.35,0.030167,0.168061
1,-1,2,1.0,0.1,-1,-1,0.4,0.4,0.030167,0.137755
1,-1,2,1.0,0.1,-1,-1,0.45,0.45,0.030167,0.101939
1,-1,2,1.0,0.1,-1,-1,0.5,0.5,0.037156,0.090918
1,-1,2,1.0,0.1,-1,-1,0.55,0.55,0.042399,0.063367
1,-1,2,1.0,0.1,-1,-1,0.6,0.6,0.049388,0.044082
1,-1,2,1.0,0.1,-1,-1,0.65,0.65,0.06162,0.033061
1,-1,2,1.0,0.1,-1,-1,0.7,0.7,0.077347,0.027551
1,-1,2,1.0,0.1,-1,-1,0.75,0.75,0.101812,0.01102
1,-1,2,1.0,0.1,-1,-1,0.8,0.8,0.152488,0.008265
1,-1,2,1.0,0.1,-1,-1,0.85,0.85,0.197921,0.002755
1,-1,2,1.0,0.1,-1,-1,0.9,0.9,0.271314,0.002755
1,-1,2,1.0,0.1,-1,-1,0.95,0.95,0.395383,0.0
1,-1,2,1.0,0.1,-1,-1,1.0,1.0,1.0,0.0
1,-1,2,0.15,0.15,-1,-1,0.05,0.05,0.035714,0.285714
1,-1,2,0.15,0.15,-1,-1,0.1,0.1,0.035714,0.285714
1,-1,2,0.15,0.15,-1,-1,0.15,0.15,0.035714,0.285714
1,-1,2,0.15,0.15,-1,-1,0.2,0.2,0.035714,0.285714
1,-1,2,0.15,0.15,-1,-1,0.25,0.25,0.035714,0.285714
1,-1,2,0.15,0.15,-1,-1,0.3,0.3,0.035714,0.285714
1,-1,2,0.15,0.15,-1,-1,0.35,0.35,0.035714,0.285714
1,-1,2,0.15,0.15,-1,-1,0.4,0.4,0.035714,0.285714
1,-1,2,0.15,0.15,-1,-1,0.45,0.45,0.035714,0.285714
1,-1,2,0.15,0.15,-1,-1,0.5,0.5,0.035714,0.285714
1,-1,2,0.15,0.15,-1,-1,0.55,0.55,0.035714,0.285714
1,-1,2,0.15,0.15,-1,-1,0.6,0.6,0.035714,0.285714
1,-1,2,0.15,0.15,-1,-1,0.65,0.65,0.035714,0.285714
1,-1,2,0.15,0.15,-1,-1,0.7,0.7,0.035714,0.285714
1,-1,2,0.15,0.15,-1,-1,0.75,0.75,0.035714,0.285714
1,-1,2,0.15,0.15,-1,-1,0.8,0.8,0.035714,0.285714
1,-1,2,0.15,0.15,-1,-1,0.85,0.85,0.035714,0.285714
1,-1,2,0.15,0.15,-1,-1,0.9,0.9,0.035714,0.285714
1,-1,2,0.15,0.15,-1,-1,0.95,0.95,0.035714,0.285714
1,-1,2,0.15,0.15,-1,-1,1.0,1.0,0.035714,0.285714
1,-1,2,0.2,0.15,-1,-1,0.05,0.05,0.035714,0.282908
1,-1,2,0.2,0.15,-1,-1,0.1,0.1,0.035714,0.280102
1,-1,2,0.2,0.15,-1,-1,0.15,0.15,0.035714,0.271683
1,-1,2,0.2,0.15,-1,-1,0.2,0.2,0.035714,0.26551
1,-1,2,0.2,0.15,-1,-1,0.25,0.25,0.035765,0.255408
1,-1,2,0.2,0.15,-1,-1,0.3,0.3,0.035816,0.249235
1,-1,2,0.2,0.15,-1,-1,0.35,0.35,0.035842,0.241377
1,-1,2,0.2,0.15,-1,-1,0.4,0.4,0.035842,0.235204
1,-1,2,0.2,0.15,-1,-1,0.45,0.45,0.035842,0.227908
1,-1,2,0.2,0.15,-1,-1,0.5,0.5,0.035944,0.225663
1,-1,2,0.2,0.15,-1,-1,0.55,0.55,0.03602,0.220051
1,-1,2,0.2,0.15,-1,-1,0.6,0.6,0.036122,0.216123
1,-1,2,0.2,0.15,-1,-1,0.65,0.65,0.036301,0.213878
1,-1,2,0.2,0.15,-1,-1,0.7,0.7,0.03653,0.212755
1,-1,2,0.2,0.15,-1,-1,0.75,0.75,0.036887,0.209388
1,-1,2,0.2,0.15,-1,-1,0.8,0.8,0.037627,0.208827
1,-1,2,0.2,0.15,-1,-1,0.85,0.85,0.038291,0.207704
1,-1,2,0.2,0.15,-1,-1,0.9,0.9,0.039362,0.207704
1,-1,2,0.2,0.15,-1,-1,0.95,0.95,0.041173,0.207143
1,-1,2,0.2,0.15,-1,-1,1.0,1.0,0.05,0.207143
1,-1,2,0.25,0.15,-1,-1,0.05,0.05,0.035714,0.281377
1,-1,2,0.25,0.15,-1,-1,0.1,0.1,0.035714,0.277041
1,-1,2,0.25,0.15,-1,-1,0.15,0.15,0.035714,0.26403
1,-1,2,0.25,0.15,-1,-1,0.2,0.2,0.035714,0.25449
1,-1,2,0.25,0.15,-1,-1,0.25,0.25,0.035816,0.238878
1,-1,2,0.25,0.15,-1,-1,0.3,0.3,0.035918,0.229337
1,-1,2,0.25,0.15,-1,-1,0.35,0.35,0.035969,0.217194
1,-1,2,0.25,0.15,-1,-1,0.4,0.4,0.035969,0.207653
1,-1,2,0.25,0.15,-1,-1,0.45,0.45,0.035969,0.196378
1,-1,2,0.25,0.15,-1,-1,0.5,0.5,0.036173,0.192908
1,-1,2,0.25,0.15,-1,-1,0.55,0.55,0.036326,0.184235
1,-1,2,0.25,0.15,-1,-1,0.6,0.6,0.03653,0.178164
1,-1,2,0.25,0.15,-1,-1,0.65,0.65,0.036887,0.174694
1,-1,2,0.25,0.15,-1,-1,0.7,0.7,0.037347,0.172959
1,-1,2,0.25,0.15,-1,-1,0.75,0.75,0.038061,0.167755
1,-1,2,0.25,0.15,-1,-1,0.8,0.8,0.039541,0.166888
1,-1,2,0.25,0.15,-1,-1,0.85,0.85,0.040867,0.165153
1,-1,2,0.25,0.15,-1,-1,0.9,0.9,0.04301,0.165153
1,-1,2,0.25,0.15,-1,-1,0.95,0.95,0.046633,0.164286
1,-1,2,0.25,0.15,-1,-1,1.0,1.0,0.064286,0.164286
1,-1,2,0.3,0.15,-1,-1,0.05,0.05,0.035714,0.280357
1,-1,2,0.3,0.15,-1,-1,0.1,0.1,0.035714,0.275
1,-1,2,0.3,0.15,-1,-1,0.15,0.15,0.035714,0.258928
1,-1,2,0.3,0.15,-1,-1,0.2,0.2,0.035714,0.247143
1,-1,2,0.3,0.15,-1,-1,0.25,0.25,0.035842,0.227857
1,-1,2,0.3,0.15,-1,-1,0.3,0.3,0.035969,0.216071
1,-1,2,0.3,0.15,-1,-1,0.35,0.35,0.036033,0.201071
1,-1,2,0.3,0.15,-1,-1,0.4,0.4,0.036033,0.189285
1,-1,2,0.3,0.15,-1,-1,0.45,0.45,0.036033,0.175357
1,-1,2,0.3,0.15,-1,-1,0.5,0.5,0.036288,0.171071
1,-1,2,0.3,0.15,-1,-1,0.55,0.55,0.036479,0.160357
1,-1,2,0.3,0.15,-1,-1,0.6,0.6,0.036734,0.152857
1,-1,2,0.3,0.15,-1,-1,0.65,0.65,0.037181,0.148571
1,-1,2,0.3,0.15,-1,-1,0.7,0.7,0.037755,0.146428
1,-1,2,0.3,0.15,-1,-1,0.75,0.75,0.038648,0.14
1,-1,2,0.3,0.15,-1,-1,0.8,0.8,0.040497,0.138928
1,-1,2,0.3,0.15,-1,-1,0.85,0.85,0.042155,0.136785
1,-1,2,0.3,0.15,-1,-1,0.9,0.9,0.044834,0.136785
1,-1,2,0.3,0.15,-1,-1,0.95,0.95,0.049362,0.135714
1,-1,2,0.3,0.15,-1,-1,1.0,1.0,0.071429,0.135714
1,-1,2,0.35,0.15,-1,-1,0.05,0.05,0.035714,0.279081
1,-1,2,0.35,0.15,-1,-1,0.1,0.1,0.035714,0.272449
1,-1,2,0.35,0.15,-1,-1,0.15,0.15,0.035714,0.252551
1,-1,2,0.35,0.15,-1,-1,0.2,0.2,0.035714,0.237959
1,-1,2,0.35,0.15,-1,-1,0.25,0.25,0.035867,0.214082
1,-1,2,0.35,0.15,-1,-1,0.3,0.3,0.03602,0.19949
1,-1,2,0.35,0.15,-1,-1,0.35,0.35,0.036097,0.180918
1,-1,2,0.35,0.15,-1,-1,0.4,0.4,0.036097,0.166326
1,-1,2,0.35,0.15,-1,-1,0.45,0.45,0.036097,0.149082
1,-1,2,0.35,0.15,-1,-1,0.5,0.5,0.036403,0.143775
1,-1,2,0.35,0.15,-1,-1,0.55,0.55,0.036632,0.13051
1,-1,2,0.35,0.15,-1,-1,0.6,0.6,0.036938,0.121225
1,-1,2,0.35,0.15,-1,-1,0.65,0.65,0.037474,0.115918
1,-1,2,0.35,0.15,-1,-1,0.7,0.7,0.038163,0.113265
1,-1,2,0.35,0.15,-1,-1,0.75,0.75,0.039234,0.105306
1,-1,2,0.35,0.15,-1,-1,0.8,0.8,0.041454,0.10398
1,-1,2,0.35,0.15,-1,-1,0.85,0.85,0.043444,0.101327
1,-1,2,0.35,0.15,-1,-1,0.9,0.9,0.046658,0.101327
1,-1,2,0.35,0.15,-1,-1,0.95,0.95,0.052092,0.1
1,-1,2,0.35,0.15,-1,-1,1.0,1.0,0.078571,0.1
1,-1,2,0.4,0.15,-1,-1,0.05,0.05,0.035714,0.278061
1,-1,2,0.4,0.15,-1,-1,0.1,0.1,0.035714,0.270408
1,-1,2,0.4,0.15,-1,-1,0.15,0.15,0.035714,0.247449
1,-1,2,0.4,0.15,-1,-1,0.2,0.2,0.035714,0.230612
1,-1,2,0.4,0.15,-1,-1,0.25,0.25,0.035893,0.203061
1,-1,2,0.4,0.15,-1,-1,0.3,0.3,0.036071,0.186224
1,-1,2,0.4,0.15,-1,-1,0.35,0.35,0.03616,0.164796
1,-1,2,0.4,0.15,-1,-1,0.4,0.4,0.03616,0.147959
1,-1,2,0.4,0.15,-1,-1,0.45,0.45,0.03616,0.128062
1,-1,2,0.4,0.15,-1,-1,0.5,0.5,0.036518,0.121939
1,-1,2,0.4,0.15,-1,-1,0.55,0.55,0.036785,0.106633
1,-1,2,0.4,0.15,-1,-1,0.6,0.6,0.037143,0.095919
1,-1,2,0.4,0.15,-1,-1,0.65,0.65,0.037768,0.089796
1,-1,2,0.4,0.15,-1,-1,0.7,0.7,0.038571,0.086735
1,-1,2,0.4,0.15,-1,-1,0.75,0.75,0.039821,0.077551
1,-1,2,0.4,0.15,-1,-1,0.8,0.8,0.04241,0.076021
1,-1,2,0.4,0.15,-1,-1,0.85,0.85,0.044732,0.07296
1,-1,2,0.4,0.15,-1,-1,0.9,0.9,0.048482,0.07296
1,-1,2,0.4,0.15,-1,-1,0.95,0.95,0.054821,0.071429
1,-1,2,0.4,0.15,-1,-1,1.0,1.0,0.085714,0.071429
1,-1,2,0.45,0.15,-1,-1,0.05,0.05,0.035714,0.277296
1,-1,2,0.45,0.15,-1,-1,0.1,0.1,0.035714,0.268877
1,-1,2,0.45,0.15,-1,-1,0.15,0.15,0.035714,0.243622
1,-1,2,0.45,0.15,-1,-1,0.2,0.2,0.035714,0.225102
1,-1,2,0.45,0.15,-1,-1,0.25,0.25,0.035969,0.194796
1,-1,2,0.45,0.15,-1,-1,0.3,0.3,0.036224,0.176275
1,-1,2,0.45,0.15,-1,-1,0.35,0.35,0.036352,0.152704
1,-1,2,0.45,0.15,-1,-1,0.4,0.4,0.036352,0.134184
1,-1,2,0.45,0.15,-1,-1,0.45,0.45,0.036352,0.112296
1,-1,2,0.45,0.15,-1,-1,0.5,0.5,0.036862,0.105561
1,-1,2,0.45,0.15,-1,-1,0.55,0.55,0.037245,0.088725
1,-1,2,0.45,0.15,-1,-1,0.6,0.6,0.037755,0.076939
1,-1,2,0.45,0.15,-1,-1,0.65,0.65,0.038648,0.070204
1,-1,2,0.45,0.15,-1,-1,0.7,0.7,0.039796,0.066837
1,-1,2,0.45,0.15,-1,-1,0.75,0.75,0.041581,0.056735
1,-1,2,0.45,0.15,-1,-1,0.8,0.8,0.04528,0.055051
1,-1,2,0.45,0.15,-1,-1,0.85,0.85,0.048597,0.051684
1,-1,2,0.45,0.15,-1,-1,0.9,0.9,0.053954,0.051684
1,-1,2,0.45,0.15,-1,-1,0.95,0.95,0.06301,0.05
1,-1,2,0.45,0.15,-1,-1,1.0,1.0,0.107143,0.05
1,-1,2,0.5,0.15,-1,-1,0.05,0.05,0.035714,0.277041
1,-1,2,0.5,0.15,-1,-1,0.1,0.1,0.035714,0.268367
1,-1,2,0.5,0.15,-1,-1,0.15,0.15,0.035714,0.242347
1,-1,2,0.5,0.15,-1,-1,0.2,0.2,0.035714,0.223265
1,-1,2,0.5,0.15,-1,-1,0.25,0.25,0.036071,0.192041
1,-1,2,0.5,0.15,-1,-1,0.3,0.3,0.036428,0.172959
1,-1,2,0.5,0.15,-1,-1,0.35,0.35,0.036607,0.148673
1,-1,2,0.5,0.15,-1,-1,0.4,0.4,0.036607,0.129592
1,-1,2,0.5,0.15,-1,-1,0.45,0.45,0.036607,0.107041
1,-1,2,0.5,0.15,-1,-1,0.5,0.5,0.037321,0.100102
1,-1,2,0.5,0.15,-1,-1,0.55,0.55,0.037857,0.082755
1,-1,2,0.5,0.15,-1,-1,0.6,0.6,0.038571,0.070612
1,-1,2,0.5,0.15,-1,-1,0.65,0.65,0.039821,0.063673
1,-1,2,0.5,0.15,-1,-1,0.7,0.7,0.041428,0.060204
1,-1,2,0.5,0.15,-1,-1,0.75,0.75,0.043928,0.049796
1,-1,2,0.5,0.15,-1,-1,0.8,0.8,0.049107,0.048061
1,-1,2,0.5,0.15,-1,-1,0.85,0.85,0.05375,0.044592
1,-1,2,0.5,0.15,-1,-1,0.9,0.9,0.06125,0.044592
1,-1,2,0.5,0.15,-1,-1,0.95,0.95,0.073928,0.042857
1,-1,2,0.5,0.15,-1,-1,1.0,1.0,0.135714,0.042857
1,-1,2,0.55,0.15,-1,-1,0.05,0.05,0.035714,0.27653
1,-1,2,0.55,0.15,-1,-1,0.1,0.1,0.035714,0.267347
1,-1,2,0.55,0.15,-1,-1,0.15,0.15,0.035714,0.239796
1,-1,2,0.55,0.15,-1,-1,0.2,0.2,0.035714,0.219591
1,-1,2,0.55,0.15,-1,-1,0.25,0.25,0.036148,0.18653
1,-1,2,0.55,0.15,-1,-1,0.3,0.3,0.036581,0.166326
1,-1,2,0.55,0.15,-1,-1,0.35,0.35,0.036798,0.140612
1,-1,2,0.55,0.15,-1,-1,0.4,0.4,0.036798,0.120408
1,-1,2,0.55,0.15,-1,-1,0.45,0.45,0.036798,0.09653
1,-1,2,0.55,0.15,-1,-1,0.5,0.5,0.037665,0.089183
1,-1,2,0.55,0.15,-1,-1,0.55,0.55,0.038316,0.070816
1,-1,2,0.55,0.15,-1,-1,0.6,0.6,0.039183,0.057959
1,-1,2,0.55,0.15,-1,-1,0.65,0.65,0.040701,0.050612
1,-1,2,0.55,0.15,-1,-1,0.7,0.7,0.042653,0.046938
1,-1,2,0.55,0.15,-1,-1,0.75,0.75,0.045689,0.035918
1,-1,2,0.55,0.15,-1,-1,0.8,0.8,0.051977,0.034081
1,-1,2,0.55,0.15,-1,-1,0.85,0.85,0.057615,0.030408
1,-1,2,0.55,0.15,-1,-1,0.9,0.9,0.066722,0.030408
1,-1,2,0.55,0.15,-1,-1,0.95,0.95,0.082117,0.028571
1,-1,2,0.55,0.15,-1,-1,1.0,1.0,0.157143,0.028571
1,-1,2,0.6,0.15,-1,-1,0.05,0.05,0.035714,0.27653
1,-1,2,0.6,0.15,-1,-1,0.1,0.1,0.035714,0.267347
1,-1,2,0.6,0.15,-1,-1,0.15,0.15,0.035714,0.239796
1,-1,2,0.6,0.15,-1,-1,0.2,0.2,0.035714,0.219591
1,-1,2,0.6,0.15,-1,-1,0.25,0.25,0.036301,0.18653
1,-1,2,0.6,0.15,-1,-1,0.3,0.3,0.036887,0.166326
1,-1,2,0.6,0.15,-1,-1,0.35,0.35,0.037181,0.140612
1,-1,2,0.6,0.15,-1,-1,0.4,0.4,0.037181,0.120408
1,-1,2,0.6,0.15,-1,-1,0.45,0.45,0.037181,0.09653
1,-1,2,0.6,0.15,-1,-1,0.5,0.5,0.038354,0.089183
1,-1,2,0.6,0.15,-1,-1,0.55,0.55,0.039234,0.070816
1,-1,2,0.6,0.15,-1,-1,0.6,0.6,0.040408,0.057959
1,-1,2,0.6,0.15,-1,-1,0.65,0.65,0.042461,0.050612
1,-1,2,0.6,0.15,-1,-1,0.7,0.7,0.045102,0.046938
1,-1,2,0.6,0.15,-1,-1,0.75,0.75,0.049209,0.035918
1,-1,2,0.6,0.15,-1,-1,0.8,0.8,0.057717,0.034081
1,-1,2,0.6,0.15,-1,-1,0.85,0.85,0.065344,0.030408
1,-1,2,0.6,0.15,-1,-1,0.9,0.9,0.077666,0.030408
1,-1,2,0.6,0.15,-1,-1,0.95,0.95,0.098495,0.028571
1,-1,2,0.6,0.15,-1,-1,1.0,1.0,0.2,0.028571
1,-1,2,0.65,0.15,-1,-1,0.05,0.05,0.035714,0.27653
1,-1,2,0.65,0.15,-1,-1,0.1,0.1,0.035714,0.267347
1,-1,2,0.65,0.15,-1,-1,0.15,0.15,0.035714,0.239796
1,-1,2,0.65,0.15,-1,-1,0.2,0.2,0.035714,0.219591
1,-1,2,0.65,0.15,-1,-1,0.25,0.25,0.036352,0.18653
1,-1,2,0.65,0.15,-1,-1,0.3,0.3,0.03699,0.166326
1,-1,2,0.65,0.15,-1,-1,0.35,0.35,0.037308,0.140612
1,-1,2,0.65,0.15,-1,-1,0.4,0.4,0.037308,0.120408
1,-1,2,0.65,0.15,-1,-1,0.45,0.45,0.037308,0.09653
1,-1,2,0.65,0.15,-1,-1,0.5,0.5,0.038584,0.089183
1,-1,2,0.65,0.15,-1,-1,0.55,0.55,0.039541,0.070816
1,-1,2,0.65,0.15,-1,-1,0.6,0.6,0.040816,0.057959
1,-1,2,0.65,0.15,-1,-1,0.65,0.65,0.043048,0.050612
1,-1,2,0.65,0.15,-1,-1,0.7,0.7,0.045918,0.046938
1,-1,2,0.65,0.15,-1,-1,0.75,0.75,0.050382,0.035918
1,-1,2,0.65,0.15,-1,-1,0.8,0.8,0.05963,0.034081
1,-1,2,0.65,0.15,-1,-1,0.85,0.85,0.067921,0.030408
1,-1,2,0.65,0.15,-1,-1,0.9,0.9,0.081314,0.030408
1,-1,2,0.65,0.15,-1,-1,0.95,0.95,0.103954,0.028571
1,-1,2,0.65,0.15,-1,-1,1.0,1.0,0.214286,0.028571
1,-1,2,0.7,0.15,-1,-1,0.05,0.05,0.035714,0.276275
1,-1,2,0.7,0.15,-1,-1,0.1,0.1,0.035714,0.266836
1,-1,2,0.7,0.15,-1,-1,0.15,0.15,0.035714,0.23852
1,-1,2,0.7,0.15,-1,-1,0.2,0.2,0.035714,0.217755
1,-1,2,0.7,0.15,-1,-1,0.25,0.25,0.036428,0.183776
1,-1,2,0.7,0.15,-1,-1,0.3,0.3,0.037143,0.16301
1,-1,2,0.7,0.15,-1,-1,0.35,0.35,0.0375,0.136582
1,-1,2,0.7,0.15,-1,-1,0.4,0.4,0.0375,0.115817
1,-1,2,0.7,0.15,-1,-1,0.45,0.45,0.0375,0.091276
1,-1,2,0.7,0.15,-1,-1,0.5,0.5,0.038928,0.083725
1,-1,2,0.7,0.15,-1,-1,0.55,0.55,0.04,0.064847
1,-1,2,0.7,0.15,-1,-1,0.6,0.6,0.041428,0.051633
1,-1,2,0.7,0.15,-1,-1,0.65,0.65,0.043928,0.044082
1,-1,2,0.7,0.15,-1,-1,0.7,0.7,0.047143,0.040307
1,-1,2,0.7,0.15,-1,-1,0.75,0.75,0.052143,0.02898
1,-1,2,0.7,0.15,-1,-1,0.8,0.8,0.0625,0.027092
1,-1,2,0.7,0.15,-1,-1,0.85,0.85,0.071785,0.023317
1,-1,2,0.7,0.15,-1,-1,0.9,0.9,0.086785,0.023317
1,-1,2,0.7,0.15,-1,-1,0.95,0.95,0.112143,0.021429
1,-1,2,0.7,0.15,-1,-1,1.0,1.0,0.235714,0.021429
1,-1,2,0.75,0.15,-1,-1,0.05,0.05,0.035714,0.275765
1,-1,2,0.75,0.15,-1,-1,0.1,0.1,0.035714,0.265816
1,-1,2,0.75,0.15,-1,-1,0.15,0.15,0.035714,0.235969
1,-1,2,0.75,0.15,-1,-1,0.2,0.2,0.035714,0.214081
1,-1,2,0.75,0.15,-1,-1,0.25,0.25,0.036479,0.178265
1,-1,2,0.75,0.15,-1,-1,0.3,0.3,0.037245,0.156377
1,-1,2,0.75,0.15,-1,-1,0.35,0.35,0.037627,0.12852
1,-1,2,0.75,0.15,-1,-1,0.4,0.4,0.037627,0.106633
1,-1,2,0.75,0.15,-1,-1,0.45,0.45,0.037627,0.080765
1,-1,2,0.75,0.15,-1,-1,0.5,0.5,0.039158,0.072806
1,-1,2,0.75,0.15,-1,-1,0.55,0.55,0.040306,0.052908
1,-1,2,0.75,0.15,-1,-1,0.6,0.6,0.041836,0.03898
1,-1,2,0.75,0.15,-1,-1,0.65,0.65,0.044515,0.03102
1,-1,2,0.75,0.15,-1,-1,0.7,0.7,0.047959,0.027041
1,-1,2,0.75,0.15,-1,-1,0.75,0.75,0.053316,0.015102
1,-1,2,0.75,0.15,-1,-1,0.8,0.8,0.064413,0.013112
1,-1,2,0.75,0.15,-1,-1,0.85,0.85,0.074362,0.009133
1,-1,2,0.75,0.15,-1,-1,0.9,0.9,0.090433,0.009133
1,-1,2,0.75,0.15,-1,-1,0.95,0.95,0.117602,0.007143
1,-1,2,0.75,0.15,-1,-1,1.0,1.0,0.25,0.007143
1,-1,2,0.8,0.15,-1,-1,0.05,0.05,0.035714,0.275765
1,-1,2,0.8,0.15,-1,-1,0.1,0.1,0.035714,0.265816
1,-1,2,0.8,0.15,-1,-1,0.15,0.15,0.035714,0.235969
1,-1,2,0.8,0.15,-1,-1,0.2,0.2,0.035714,0.214081
1,-1,2,0.8,0.15,-1,-1,0.25,0.25,0.036556,0.178265
1,-1,2,0.8,0.15,-1,-1,0.3,0.3,0.037398,0.156377
1,-1,2,0.8,0.15,-1,-1,0.35,0.35,0.037819,0.12852
1,-1,2,0.8,0.15,-1,-1,0.4,0.4,0.037819,0.106633
1,-1,2,0.8,0.15,-1,-1,0.45,0.45,0.037819,0.080765
1,-1,2,0.8,0.15,-1,-1,0.5,0.5,0.039502,0.072806
1,-1,2,0.8,0.15,-1,-1,0.55,0.55,0.040765,0.052908
1,-1,2,0.8,0.15,-1,-1,0.6,0.6,0.042449,0.03898
1,-1,2,0.8,0.15,-1,-1,0.65,0.65,0.045395,0.03102
1,-1,2,0.8,0.15,-1,-1,0.7,0.7,0.049183,0.027041
1,-1,2,0.8,0.15,-1,-1,0.75,0.75,0.055076,0.015102
1,-1,2,0.8,0.15,-1,-1,0.8,0.8,0.067283,0.013112
1,-1,2,0.8,0.15,-1,-1,0.85,0.85,0.078227,0.009133
1,-1,2,0.8,0.15,-1,-1,0.9,0.9,0.095905,0.009133
1,-1,2,0.8,0.15,-1,-1,0.95,0.95,0.125791,0.007143
1,-1,2,0.8,0.15,-1,-1,1.0,1.0,0.271429,0.007143
1,-1,2,0.85,0.15,-1,-1,0.05,0.05,0.035714,0.27551
1,-1,2,0.85,0.15,-1,-1,0.1,0.1,0.035714,0.265306
1,-1,2,0.85,0.15,-1,-1,0.15,0.15,0.035714,0.234694
1,-1,2,0.85,0.15,-1,-1,0.2,0.2,0.035714,0.212245
1,-1,2,0.85,0.15,-1,-1,0.25,0.25,0.036632,0.17551
1,-1,2,0.85,0.15,-1,-1,0.3,0.3,0.037551,0.153061
1,-1,2,0.85,0.15,-1,-1,0.35,0.35,0.03801,0.12449
1,-1,2,0.85,0.15,-1,-1,0.4,0.4,0.03801,0.102041
1,-1,2,0.85,0.15,-1,-1,0.45,0.45,0.03801,0.07551
1,-1,2,0.85,0.15,-1,-1,0.5,0.5,0.039847,0.067347
1,-1,2,0.85,0.15,-1,-1,0.55,0.55,0.041224,0.046939
1,-1,2,0.85,0.15,-1,-1,0.6,0.6,0.043061,0.032653
1,-1,2,0.85,0.15,-1,-1,0.65,0.65,0.046275,0.02449
1,-1,2,0.85,0.15,-1,-1,0.7,0.7,0.050408,0.020408
1,-1,2,0.85,0.15,-1,-1,0.75,0.75,0.056836,0.008163
1,-1,2,0.85,0.15,-1,-1,0.8,0.8,0.070153,0.006123
1,-1,2,0.85,0.15,-1,-1,0.85,0.85,0.082092,0.002041
1,-1,2,0.85,0.15,-1,-1,0.9,0.9,0.101377,0.002041
1,-1,2,0.85,0.15,-1,-1,0.95,0.95,0.133979,0.0
1,-1,2,0.85,0.15,-1,-1,1.0,1.0,0.292857,0.0
1,-1,2,0.9,0.15,-1,-1,0.05,0.05,0.035714,0.27551
1,-1,2,0.9,0.15,-1,-1,0.1,0.1,0.035714,0.265306
1,-1,2,0.9,0.15,-1,-1,0.15,0.15,0.035714,0.234694
1,-1,2,0.9,0.15,-1,-1,0.2,0.2,0.035714,0.212245
1,-1,2,0.9,0.15,-1,-1,0.25,0.25,0.036836,0.17551
1,-1,2,0.9,0.15,-1,-1,0.3,0.3,0.037959,0.153061
1,-1,2,0.9,0.15,-1,-1,0.35,0.35,0.03852,0.12449
1,-1,2,0.9,0.15,-1,-1,0.4,0.4,0.03852,0.102041
1,-1,2,0.9,0.15,-1,-1,0.45,0.45,0.03852,0.07551
1,-1,2,0.9,0.15,-1,-1,0.5,0.5,0.040765,0.067347
1,-1,2,0.9,0.15,-1,-1,0.55,0.55,0.042449,0.046939
1,-1,2,0.9,0.15,-1,-1,0.6,0.6,0.044693,0.032653
1,-1,2,0.9,0.15,-1,-1,0.65,0.65,0.048622,0.02449
1,-1,2,0.9,0.15,-1,-1,0.7,0.7,0.053673,0.020408
1,-1,2,0.9,0.15,-1,-1,0.75,0.75,0.06153,0.008163
1,-1,2,0.9,0.15,-1,-1,0.8,0.8,0.077806,0.006123
1,-1,2,0.9,0.15,-1,-1,0.85,0.85,0.092398,0.002041
1,-1,2,0.9,0.15,-1,-1,0.9,0.9,0.115969,0.002041
1,-1,2,0.9,0.15,-1,-1,0.95,0.95,0.155816,0.0
1,-1,2,0.9,0.15,-1,-1,1.0,1.0,0.35,0.0
1,-1,2,0.95,0.15,-1,-1,0.05,0.05,0.035714,0.27551
1,-1,2,0.95,0.15,-1,-1,0.1,0.1,0.035714,0.265306
1,-1,2,0.95,0.15,-1,-1,0.15,0.15,0.035714,0.234694
1,-1,2,0.95,0.15,-1,-1,0.2,0.2,0.035714,0.212245
1,-1,2,0.95,0.15,-1,-1,0.25,0.25,0.037117,0.17551
1,-1,2,0.95,0.15,-1,-1,0.3,0.3,0.03852,0.153061
1,-1,2,0.95,0.15,-1,-1,0.35,0.35,0.039222,0.12449
1,-1,2,0.95,0.15,-1,-1,0.4,0.4,0.039222,0.102041
1,-1,2,0.95,0.15,-1,-1,0.45,0.45,0.039222,0.07551
1,-1,2,0.95,0.15,-1,-1,0.5,0.5,0.042028,0.067347
1,-1,2,0.95,0.15,-1,-1,0.55,0.55,0.044133,0.046939
1,-1,2,0.95,0.15,-1,-1,0.6,0.6,0.046938,0.032653
1,-1,2,0.95,0.15,-1,-1,0.65,0.65,0.051849,0.02449
1,-1,2,0.95,0.15,-1,-1,0.7,0.7,0.058163,0.020408
1,-1,2,0.95,0.15,-1,-1,0.75,0.75,0.067984,0.008163
1,-1,2,0.95,0.15,-1,-1,0.8,0.8,0.088329,0.006123
1,-1,2,0.95,0.15,-1,-1,0.85,0.85,0.106569,0.002041
1,-1,2,0.95,0.15,-1,-1,0.9,0.9,0.136033,0.002041
1,-1,2,0.95,0.15,-1,-1,0.95,0.95,0.185842,0.0
1,-1,2,0.95,0.15,-1,-1,1.0,1.0,0.428571,0.0
1,-1,2,1.0,0.15,-1,-1,0.05,0.05,0.035714,0.27551
1,-1,2,1.0,0.15,-1,-1,0.1,0.1,0.035714,0.265306
1,-1,2,1.0,0.15,-1,-1,0.15,0.15,0.035714,0.234694
1,-1,2,1.0,0.15,-1,-1,0.2,0.2,0.035714,0.212245
1,-1,2,1.0,0.15,-1,-1,0.25,0.25,0.039157,0.17551
1,-1,2,1.0,0.15,-1,-1,0.3,0.3,0.042602,0.153061
1,-1,2,1.0,0.15,-1,-1,0.35,0.35,0.044324,0.12449
1,-1,2,1.0,0.15,-1,-1,0.4,0.4,0.044324,0.102041
1,-1,2,1.0,0.15,-1,-1,0.45,0.45,0.044324,0.07551
1,-1,2,1.0,0.15,-1,-1,0.5,0.5,0.051211,0.067347
1,-1,2,1.0,0.15,-1,-1,0.55,0.55,0.056378,0.046939
1,-1,2,1.0,0.15,-1,-1,0.6,0.6,0.063265,0.032653
1,-1,2,1.0,0.15,-1,-1,0.65,0.65,0.075318,0.02449
1,-1,2,1.0,0.15,-1,-1,0.7,0.7,0.090816,0.020408
1,-1,2,1.0,0.15,-1,-1,0.75,0.75,0.114923,0.008163
1,-1,2,1.0,0.15,-1,-1,0.8,0.8,0.16486,0.006123
1,-1,2,1.0,0.15,-1,-1,0.85,0.85,0.20963,0.002041
1,-1,2,1.0,0.15,-1,-1,0.9,0.9,0.281951,0.002041
1,-1,2,1.0,0.15,-1,-1,0.95,0.95,0.404209,0.0
1,-1,2,1.0,0.15,-1,-1,1.0,1.0,1.0,0.0
1,-1,2,0.2,0.2,-1,-1,0.05,0.05,0.05,0.207143
1,-1,2,0.2,0.2,-1,-1,0.1,0.1,0.05,0.207143
1,-1,2,0.2,0.2,-1,-1,0.15,0.15,0.05,0.207143
1,-1,2,0.2,0.2,-1,-1,0.2,0.2,0.05,0.207143
1,-1,2,0.2,0.2,-1,-1,0.25,0.25,0.05,0.207143
1,-1,2,0.2,0.2,-1,-1,0.3,0.3,0.05,0.207143
1,-1,2,0.2,0.2,-1,-1,0.35,0.35,0.05,0.207143
1,-1,2,0.2,0.2,-1,-1,0.4,0.4,0.05,0.207143
1,-1,2,0.2,0.2,-1,-1,0.45,0.45,0.05,0.207143
1,-1,2,0.2,0.2,-1,-1,0.5,0.5,0.05,0.207143
1,-1,2,0.2,0.2,-1,-1,0.55,0.55,0.05,0.207143
1,-1,2,0.2,0.2,-1,-1,0.6,0.6,0.05,0.207143
1,-1,2,0.2,0.2,-1,-1,0.65,0.65,0.05,0.207143
1,-1,2,0.2,0.2,-1,-1,0.7,0.7,0.05,0.207143
1,-1,2,0.2,0.2,-1,-1,0.75,0.75,0.05,0.207143
1,-1,2,0.2,0.2,-1,-1,0.8,0.8,0.05,0.207143
1,-1,2,0.2,0.2,-1,-1,0.85,0.85,0.05,0.207143
1,-1,2,0.2,0.2,-1,-1,0.9,0.9,0.05,0.207143
1,-1,2,0.2,0.2,-1,-1,0.95,0.95,0.05,0.207143
1,-1,2,0.2,0.2,-1,-1,1.0,1.0,0.05,0.207143
1,-1,2,0.25,0.2,-1,-1,0.05,0.05,0.05,0.205612
1,-1,2,0.25,0.2,-1,-1,0.1,0.1,0.05,0.204082
1,-1,2,0.25,0.2,-1,-1,0.15,0.15,0.05,0.19949
1,-1,2,0.25,0.2,-1,-1,0.2,0.2,0.05,0.196123
1,-1,2,0.25,0.2,-1,-1,0.25,0.25,0.050051,0.190612
1,-1,2,0.25,0.2,-1,-1,0.3,0.3,0.050102,0.187245
1,-1,2,0.25,0.2,-1,-1,0.35,0.35,0.050128,0.182959
1,-1,2,0.25,0.2,-1,-1,0.4,0.4,0.050128,0.179592
1,-1,2,0.25,0.2,-1,-1,0.45,0.45,0.050128,0.175613
1,-1,2,0.25,0.2,-1,-1,0.5,0.5,0.05023,0.174388
1,-1,2,0.25,0.2,-1,-1,0.55,0.55,0.050306,0.171327
1,-1,2,0.25,0.2,-1,-1,0.6,0.6,0.050408,0.169184
1,-1,2,0.25,0.2,-1,-1,0.65,0.65,0.050587,0.167959
1,-1,2,0.25,0.2,-1,-1,0.7,0.7,0.050816,0.167347
1,-1,2,0.25,0.2,-1,-1,0.75,0.75,0.051173,0.16551
1,-1,2,0.25,0.2,-1,-1,0.8,0.8,0.051913,0.165204
1,-1,2,0.25,0.2,-1,-1,0.85,0.85,0.052577,0.164592
1,-1,2,0.25,0.2,-1,-1,0.9,0.9,0.053648,0.164592
1,-1,2,0.25,0.2,-1,-1,0.95,0.95,0.055459,0.164286
1,-1,2,0.25,0.2,-1,-1,1.0,1.0,0.064286,0.164286
1,-1,2,0.3,0.2,-1,-1,0.05,0.05,0.05,0.204592
1,-1,2,0.3,0.2,-1,-1,0.1,0.1,0.05,0.202041
1,-1,2,0.3,0.2,-1,-1,0.15,0.15,0.05,0.194388
1,-1,2,0.3,0.2,-1,-1,0.2,0.2,0.05,0.188776
1,-1,2,0.3,0.2,-1,-1,0.25,0.25,0.050077,0.179592
1,-1,2,0.3,0.2,-1,-1,0.3,0.3,0.050153,0.17398
1,-1,2,0.3,0.2,-1,-1,0.35,0.35,0.050191,0.166837
1,-1,2,0.3,0.2,-1,-1,0.4,0.4,0.050191,0.161224
1,-1,2,0.3,0.2,-1,-1,0.45,0.45,0.050191,0.154592
1,-1,2,0.3,0.2,-1,-1,0.5,0.5,0.050344,0.152551
1,-1,2,0.3,0.2,-1,-1,0.55,0.55,0.050459,0.147449
1,-1,2,0.3,0.2,-1,-1,0.6,0.6,0.050612,0.143877
1,-1,2,0.3,0.2,-1,-1,0.65,0.65,0.05088,0.141836
1,-1,2,0.3,0.2,-1,-1,0.7,0.7,0.051225,0.140816
1,-1,2,0.3,0.2,-1,-1,0.75,0.75,0.05176,0.137755
1,-1,2,0.3,0.2,-1,-1,0.8,0.8,0.05287,0.137245
1,-1,2,0.3,0.2,-1,-1,0.85,0.85,0.053865,0.136224
1,-1,2,0.3,0.2,-1,-1,0.9,0.9,0.055472,0.136224
1,-1,2,0.3,0.2,-1,-1,0.95,0.95,0.058189,0.135714
1,-1,2,0.3,0.2,-1,-1,1.0,1.0,0.071429,0.135714
1,-1,2,0.35,0.2,-1,-1,0.05,0.05,0.05,0.203316
1,-1,2,0.35,0.2,-1,-1,0.1,0.1,0.05,0.19949
1,-1,2,0.35,0.2,-1,-1,0.15,0.15,0.05,0.18801
1,-1,2,0.35,0.2,-1,-1,0.2,0.2,0.05,0.179592
1,-1,2,0.35,0.2,-1,-1,0.25,0.25,0.050102,0.165816
1,-1,2,0.35,0.2,-1,-1,0.3,0.3,0.050204,0.157398
1,-1,2,0.35,0.2,-1,-1,0.35,0.35,0.050255,0.146684
1,-1,2,0.35,0.2,-1,-1,0.4,0.4,0.050255,0.138265
1,-1,2,0.35,0.2,-1,-1,0.45,0.45,0.050255,0.128316
1,-1,2,0.35,0.2,-1,-1,0.5,0.5,0.050459,0.125255
1,-1,2,0.35,0.2,-1,-1,0.55,0.55,0.050612,0.117602
1,-1,2,0.35,0.2,-1,-1,0.6,0.6,0.050816,0.112245
1,-1,2,0.35,0.2,-1,-1,0.65,0.65,0.051173,0.109184
1,-1,2,0.35,0.2,-1,-1,0.7,0.7,0.051633,0.107653
1,-1,2,0.35,0.2,-1,-1,0.75,0.75,0.052347,0.103061
1,-1,2,0.35,0.2,-1,-1,0.8,0.8,0.053826,0.102296
1,-1,2,0.35,0.2,-1,-1,0.85,0.85,0.055153,0.100765
1,-1,2,0.35,0.2,-1,-1,0.9,0.9,0.057296,0.100765
1,-1,2,0.35,0.2,-1,-1,0.95,0.95,0.060918,0.1
1,-1,2,0.35,0.2,-1,-1,1.0,1.0,0.078571,0.1
1,-1,2,0.4,0.2,-1,-1,0.05,0.05,0.05,0.202296
1,-1,2,0.4,0.2,-1,-1,0.1,0.1,0.05,0.197449
1,-1,2,0.4,0.2,-1,-1,0.15,0.15,0.05,0.182908
1,-1,2,0.4,0.2,-1,-1,0.2,0.2,0.05,0.172245
1,-1,2,0.4,0.2,-1,-1,0.25,0.25,0.050128,0.154796
1,-1,2,0.4,0.2,-1,-1,0.3,0.3,0.050255,0.144133
1,-1,2,0.4,0.2,-1,-1,0.35,0.35,0.050319,0.130561
1,-1,2,0.4,0.2,-1,-1,0.4,0.4,0.050319,0.119898
1,-1,2,0.4,0.2,-1,-1,0.45,0.45,0.050319,0.107296
1,-1,2,0.4,0.2,-1,-1,0.5,0.5,0.050574,0.103419
1,-1,2,0.4,0.2,-1,-1,0.55,0.55,0.050765,0.093725
1,-1,2,0.4,0.2,-1,-1,0.6,0.6,0.05102,0.086939
1,-1,2,0.4,0.2,-1,-1,0.65,0.65,0.051467,0.083062
1,-1,2,0.4,0.2,-1,-1,0.7,0.7,0.052041,0.081123
1,-1,2,0.4,0.2,-1,-1,0.75,0.75,0.052934,0.075306
1,-1,2,0.4,0.2,-1,-1,0.8,0.8,0.054783,0.074337
1,-1,2,0.4,0.2,-1,-1,0.85,0.85,0.056441,0.072398
1,-1,2,0.4,0.2,-1,-1,0.9,0.9,0.05912,0.072398
1,-1,2,0.4,0.2,-1,-1,0.95,0.95,0.063648,0.071429
1,-1,2,0.4,0.2,-1,-1,1.0,1.0,0.085714,0.071429
1,-1,2,0.45,0.2,-1,-1,0.05,0.05,0.05,0.201531
1,-1,2,0.45,0.2,-1,-1,0.1,0.1,0.05,0.195918
1,-1,2,0.45,0.2,-1,-1,0.15,0.15,0.05,0.179082
1,-1,2,0.45,0.2,-1,-1,0.2,0.2,0.05,0.166735
1,-1,2,0.45,0.2,-1,-1,0.25,0.25,0.050204,0.146531
1,-1,2,0.45,0.2,-1,-1,0.3,0.3,0.050408,0.134184
1,-1,2,0.45,0.2,-1,-1,0.35,0.35,0.05051,0.118469
1,-1,2,0.45,0.2,-1,-1,0.4,0.4,0.05051,0.106123
1,-1,2,0.45,0.2,-1,-1,0.45,0.45,0.05051,0.091531
1,-1,2,0.45,0.2,-1,-1,0.5,0.5,0.050918,0.087041
1,-1,2,0.45,0.2,-1,-1,0.55,0.55,0.051225,0.075816
1,-1,2,0.45,0.2,-1,-1,0.6,0.6,0.051633,0.067959
1,-1,2,0.45,0.2,-1,-1,0.65,0.65,0.052347,0.063469
1,-1,2,0.45,0.2,-1,-1,0.7,0.7,0.053265,0.061225
1,-1,2,0.45,0.2,-1,-1,0.75,0.75,0.054694,0.05449
1,-1,2,0.45,0.2,-1,-1,0.8,0.8,0.057653,0.053367
1,-1,2,0.45,0.2,-1,-1,0.85,0.85,0.060306,0.051122
1,-1,2,0.45,0.2,-1,-1,0.9,0.9,0.064592,0.051122
1,-1,2,0.45,0.2,-1,-1,0.95,0.95,0.071837,0.05
1,-1,2,0.45,0.2,-1,-1,1.0,1.0,0.107143,0.05
1,-1,2,0.5,0.2,-1,-1,0.05,0.05,0.05,0.201276
1,-1,2,0.5,0.2,-1,-1,0.1,0.1,0.05,0.195408
1,-1,2,0.5,0.2,-1,-1,0.15,0.15,0.05,0.177806
1,-1,2,0.5,0.2,-1,-1,0.2,0.2,0.05,0.164898
1,-1,2,0.5,0.2,-1,-1,0.25,0.25,0.050306,0.143776
1,-1,2,0.5,0.2,-1,-1,0.3,0.3,0.050612,0.130867
1,-1,2,0.5,0.2,-1,-1,0.35,0.35,0.050765,0.114439
1,-1,2,0.5,0.2,-1,-1,0.4,0.4,0.050765,0.101531
1,-1,2,0.5,0.2,-1,-1,0.45,0.45,0.050765,0.086275
1,-1,2,0.5,0.2,-1,-1,0.5,0.5,0.051378,0.081582
1,-1,2,0.5,0.2,-1,-1,0.55,0.55,0.051837,0.069847
1,-1,2,0.5,0.2,-1,-1,0.6,0.6,0.052449,0.061633
1,-1,2,0.5,0.2,-1,-1,0.65,0.65,0.05352,0.056939
1,-1,2,0.5,0.2,-1,-1,0.7,0.7,0.054898,0.054592
1,-1,2,0.5,0.2,-1,-1,0.75,0.75,0.057041,0.047551
1,-1,2,0.5,0.2,-1,-1,0.8,0.8,0.06148,0.046377
1,-1,2,0.5,0.2,-1,-1,0.85,0.85,0.065459,0.04403
1,-1,2,0.5,0.2,-1,-1,0.9,0.9,0.071888,0.04403
1,-1,2,0.5,0.2,-1,-1,0.95,0.95,0.082755,0.042857
1,-1,2,0.5,0.2,-1,-1,1.0,1.0,0.135714,0.042857
1,-1,2,0.55,0.2,-1,-1,0.05,0.05,0.05,0.200765
1,-1,2,0.55,0.2,-1,-1,0.1,0.1,0.05,0.194388
1,-1,2,0.55,0.2,-1,-1,0.15,0.15,0.05,0.175255
1,-1,2,0.55,0.2,-1,-1,0.2,0.2,0.05,0.161224
1,-1,2,0.55,0.2,-1,-1,0.25,0.25,0.050383,0.138265
1,-1,2,0.55,0.2,-1,-1,0.3,0.3,0.050765,0.124235
1,-1,2,0.55,0.2,-1,-1,0.35,0.35,0.050957,0.106377
1,-1,2,0.55,0.2,-1,-1,0.4,0.4,0.050957,0.092347
1,-1,2,0.55,0.2,-1,-1,0.45,0.45,0.050957,0.075765
1,-1,2,0.55,0.2,-1,-1,0.5,0.5,0.051722,0.070663
1,-1,2,0.55,0.2,-1,-1,0.55,0.55,0.052296,0.057908
1,-1,2,0.55,0.2,-1,-1,0.6,0.6,0.053061,0.048979
1,-1,2,0.55,0.2,-1,-1,0.65,0.65,0.0544,0.043877
1,-1,2,0.55,0.2,-1,-1,0.7,0.7,0.056122,0.041326
1,-1,2,0.55,0.2,-1,-1,0.75,0.75,0.058801,0.033673
1,-1,2,0.55,0.2,-1,-1,0.8,0.8,0.06435,0.032398
1,-1,2,0.55,0.2,-1,-1,0.85,0.85,0.069324,0.029847
1,-1,2,0.55,0.2,-1,-1,0.9,0.9,0.07736,0.029847
1,-1,2,0.55,0.2,-1,-1,0.95,0.95,0.090944,0.028571
1,-1,2,0.55,0.2,-1,-1,1.0,1.0,0.157143,0.028571
1,-1,2,0.6,0.2,-1,-1,0.05,0.05,0.05,0.200765
1,-1,2,0.6,0.2,-1,-1,0.1,0.1,0.05,0.194388
1,-1,2,0.6,0.2,-1,-1,0.15,0.15,0.05,0.175255
1,-1,2,0.6,0.2,-1,-1,0.2,0.2,0.05,0.161224
1,-1,2,0.6,0.2,-1,-1,0.25,0.25,0.050536,0.138265
1,-1,2,0.6,0.2,-1,-1,0.3,0.3,0.051071,0.124235
1,-1,2,0.6,0.2,-1,-1,0.35,0.35,0.051339,0.106377
1,-1,2,0.6,0.2,-1,-1,0.4,0.4,0.051339,0.092347
1,-1,2,0.6,0.2,-1,-1,0.45,0.45,0.051339,0.075765
1,-1,2,0.6,0.2,-1,-1,0.5,0.5,0.052411,0.070663
1,-1,2,0.6,0.2,-1,-1,0.55,0.55,0.053214,0.057908
1,-1,2,0.6,0.2,-1,-1,0.6,0.6,0.054286,0.048979
1,-1,2,0.6,0.2,-1,-1,0.65,0.65,0.056161,0.043877
1,-1,2,0.6,0.2,-1,-1,0.7,0.7,0.058571,0.041326
1,-1,2,0.6,0.2,-1,-1,0.75,0.75,0.062321,0.033673
1,-1,2,0.6,0.2,-1,-1,0.8,0.8,0.070089,0.032398
1,-1,2,0.6,0.2,-1,-1,0.85,0.85,0.077054,0.029847
1,-1,2,0.6,0.2,-1,-1,0.9,0.9,0.088304,0.029847
1,-1,2,0.6,0.2,-1,-1,0.95,0.95,0.107321,0.028571
1,-1,2,0.6,0.2,-1,-1,1.0,1.0,0.2,0.028571
1,-1,2,0.65,0.2,-1,-1,0.05,0.05,0.05,0.200765
1,-1,2,0.65,0.2,-1,-1,0.1,0.1,0.05,0.194388
1,-1,2,0.65,0.2,-1,-1,0.15,0.15,0.05,0.175255
1,-1,2,0.65,0.2,-1,-1,0.2,0.2,0.05,0.161224
1,-1,2,0.65,0.2,-1,-1,0.25,0.25,0.050587,0.138265
1,-1,2,0.65,0.2,-1,-1,0.3,0.3,0.051173,0.124235
1,-1,2,0.65,0.2,-1,-1,0.35,0.35,0.051467,0.106377
1,-1,2,0.65,0.2,-1,-1,0.4,0.4,0.051467,0.092347
1,-1,2,0.65,0.2,-1,-1,0.45,0.45,0.051467,0.075765
1,-1,2,0.65,0.2,-1,-1,0.5,0.5,0.05264,0.070663
1,-1,2,0.65,0.2,-1,-1,0.55,0.55,0.05352,0.057908
1,-1,2,0.65,0.2,-1,-1,0.6,0.6,0.054694,0.048979
1,-1,2,0.65,0.2,-1,-1,0.65,0.65,0.056747,0.043877
1,-1,2,0.65,0.2,-1,-1,0.7,0.7,0.059388,0.041326
1,-1,2,0.65,0.2,-1,-1,0.75,0.75,0.063495,0.033673
1,-1,2,0.65,0.2,-1,-1,0.8,0.8,0.072003,0.032398
1,-1,2,0.65,0.2,-1,-1,0.85,0.85,0.07963,0.029847
1,-1,2,0.65,0.2,-1,-1,0.9,0.9,0.091952,0.029847
1,-1,2,0.65,0.2,-1,-1,0.95,0.95,0.112781,0.028571
1,-1,2,0.65,0.2,-1,-1,1.0,1.0,0.214286,0.028571
1,-1,2,0.7,0.2,-1,-1,0.05,0.05,0.05,0.20051
1,-1,2,0.7,0.2,-1,-1,0.1,0.1,0.05,0.193878
1,-1,2,0.7,0.2,-1,-1,0.15,0.15,0.05,0.17398
1,-1,2,0.7,0.2,-1,-1,0.2,0.2,0.05,0.159388
1,-1,2,0.7,0.2,-1,-1,0.25,0.25,0.050663,0.135511
1,-1,2,0.7,0.2,-1,-1,0.3,0.3,0.051327,0.120919
1,-1,2,0.7,0.2,-1,-1,0.35,0.35,0.051658,0.102347
1,-1,2,0.7,0.2,-1,-1,0.4,0.4,0.051658,0.087755
1,-1,2,0.7,0.2,-1,-1,0.45,0.45,0.051658,0.070511
1,-1,2,0.7,0.2,-1,-1,0.5,0.5,0.052985,0.065204
1,-1,2,0.7,0.2,-1,-1,0.55,0.55,0.05398,0.051939
1,-1,2,0.7,0.2,-1,-1,0.6,0.6,0.055306,0.042654
1,-1,2,0.7,0.2,-1,-1,0.65,0.65,0.057627,0.037347
1,-1,2,0.7,0.2,-1,-1,0.7,0.7,0.060612,0.034694
1,-1,2,0.7,0.2,-1,-1,0.75,0.75,0.065255,0.026735
1,-1,2,0.7,0.2,-1,-1,0.8,0.8,0.074872,0.025409
1,-1,2,0.7,0.2,-1,-1,0.85,0.85,0.083495,0.022756
1,-1,2,0.7,0.2,-1,-1,0.9,0.9,0.097423,0.022756
1,-1,2,0.7,0.2,-1,-1,0.95,0.95,0.120969,0.021429
1,-1,2,0.7,0.2,-1,-1,1.0,1.0,0.235714,0.021429
1,-1,2,0.75,0.2,-1,-1,0.05,0.05,0.05,0.2
1,-1,2,0.75,0.2,-1,-1,0.1,0.1,0.05,0.192857
1,-1,2,0.75,0.2,-1,-1,0.15,0.15,0.05,0.171429
1,-1,2,0.75,0.2,-1,-1,0.2,0.2,0.05,0.155714
1,-1,2,0.75,0.2,-1,-1,0.25,0.25,0.050714,0.13
1,-1,2,0.75,0.2,-1,-1,0.3,0.3,0.051429,0.114286
1,-1,2,0.75,0.2,-1,-1,0.35,0.35,0.051786,0.094286
1,-1,2,0.75,0.2,-1,-1,0.4,0.4,0.051786,0.078572
1,-1,2,0.75,0.2,-1,-1,0.45,0.45,0.051786,0.06
1,-1,2,0.75,0.2,-1,-1,0.5,0.5,0.053214,0.054286
1,-1,2,0.75,0.2,-1,-1,0.55,0.55,0.054286,0.04
1,-1,2,0.75,0.2,-1,-1,0.6,0.6,0.055714,0.03
1,-1,2,0.75,0.2,-1,-1,0.65,0.65,0.058214,0.024286
1,-1,2,0.75,0.2,-1,-1,0.7,0.7,0.061429,0.021429
1,-1,2,0.75,0.2,-1,-1,0.75,0.75,0.066429,0.012857
1,-1,2,0.75,0.2,-1,-1,0.8,0.8,0.076786,0.011429
1,-1,2,0.75,0.2,-1,-1,0.85,0.85,0.086071,0.008572
1,-1,2,0.75,0.2,-1,-1,0.9,0.9,0.101071,0.008572
1,-1,2,0.75,0.2,-1,-1,0.95,0.95,0.126429,0.007143
1,-1,2,0.75,0.2,-1,-1,1.0,1.0,0.25,0.007143
1,-1,2,0.8,0.2,-1,-1,0.05,0.05,0.05,0.2
1,-1,2,0.8,0.2,-1,-1,0.1,0.1,0.05,0.192857
1,-1,2,0.8,0.2,-1,-1,0.15,0.15,0.05,0.171429
1,-1,2,0.8,0.2,-1,-1,0.2,0.2,0.05,0.155714
1,-1,2,0.8,0.2,-1,-1,0.25,0.25,0.050791,0.13
1,-1,2,0.8,0.2,-1,-1,0.3,0.3,0.051582,0.114286
1,-1,2,0.8,0.2,-1,-1,0.35,0.35,0.051977,0.094286
1,-1,2,0.8,0.2,-1,-1,0.4,0.4,0.051977,0.078572
1,-1,2,0.8,0.2,-1,-1,0.45,0.45,0.051977,0.06
1,-1,2,0.8,0.2,-1,-1,0.5,0.5,0.053559,0.054286
1,-1,2,0.8,0.2,-1,-1,0.55,0.55,0.054745,0.04
1,-1,2,0.8,0.2,-1,-1,0.6,0.6,0.056326,0.03
1,-1,2,0.8,0.2,-1,-1,0.65,0.65,0.059094,0.024286
1,-1,2,0.8,0.2,-1,-1,0.7,0.7,0.062653,0.021429
1,-1,2,0.8,0.2,-1,-1,0.75,0.75,0.068189,0.012857
1,-1,2,0.8,0.2,-1,-1,0.8,0.8,0.079656,0.011429
1,-1,2,0.8,0.2,-1,-1,0.85,0.85,0.089936,0.008572
1,-1,2,0.8,0.2,-1,-1,0.9,0.9,0.106543,0.008572
1,-1,2,0.8,0.2,-1,-1,0.95,0.95,0.134618,0.007143
1,-1,2,0.8,0.2,-1,-1,1.0,1.0,0.271429,0.007143
1,-1,2,0.85,0.2,-1,-1,0.05,0.05,0.05,0.199745
1,-1,2,0.85,0.2,-1,-1,0.1,0.1,0.05,0.192347
1,-1,2,0.85,0.2,-1,-1,0.15,0.15,0.05,0.170153
1,-1,2,0.85,0.2,-1,-1,0.2,0.2,0.05,0.153878
1,-1,2,0.85,0.2,-1,-1,0.25,0.25,0.050867,0.127245
1,-1,2,0.85,0.2,-1,-1,0.3,0.3,0.051735,0.110969
1,-1,2,0.85,0.2,-1,-1,0.35,0.35,0.052168,0.090255
1,-1,2,0.85,0.2,-1,-1,0.4,0.4,0.052168,0.07398
1,-1,2,0.85,0.2,-1,-1,0.45,0.45,0.052168,0.054745
1,-1,2,0.85,0.2,-1,-1,0.5,0.5,0.053903,0.048827
1,-1,2,0.85,0.2,-1,-1,0.55,0.55,0.055204,0.034031
1,-1,2,0.85,0.2,-1,-1,0.6,0.6,0.056939,0.023674
1,-1,2,0.85,0.2,-1,-1,0.65,0.65,0.059974,0.017755
1,-1,2,0.85,0.2,-1,-1,0.7,0.7,0.063878,0.014796
1,-1,2,0.85,0.2,-1,-1,0.75,0.75,0.069949,0.005918
1,-1,2,0.85,0.2,-1,-1,0.8,0.8,0.082526,0.004439
1,-1,2,0.85,0.2,-1,-1,0.85,0.85,0.093801,0.00148
1,-1,2,0.85,0.2,-1,-1,0.9,0.9,0.112015,0.00148
1,-1,2,0.85,0.2,-1,-1,0.95,0.95,0.142806,0.0
1,-1,2,0.85,0.2,-1,-1,1.0,1.0,0.292857,0.0
1,-1,2,0.9,0.2,-1,-1,0.05,0.05,0.05,0.199745
1,-1,2,0.9,0.2,-1,-1,0.1,0.1,0.05,0.192347
1,-1,2,0.9,0.2,-1,-1,0.15,0.15,0.05,0.170153
1,-1,2,0.9,0.2,-1,-1,0.2,0.2,0.05,0.153878
1,-1,2,0.9,0.2,-1,-1,0.25,0.25,0.051071,0.127245
1,-1,2,0.9,0.2,-1,-1,0.3,0.3,0.052143,0.110969
1,-1,2,0.9,0.2,-1,-1,0.35,0.35,0.052679,0.090255
1,-1,2,0.9,0.2,-1,-1,0.4,0.4,0.052679,0.07398
1,-1,2,0.9,0.2,-1,-1,0.45,0.45,0.052679,0.054745
1,-1,2,0.9,0.2,-1,-1,0.5,0.5,0.054821,0.048827
1,-1,2,0.9,0.2,-1,-1,0.55,0.55,0.056429,0.034031
1,-1,2,0.9,0.2,-1,-1,0.6,0.6,0.058571,0.023674
1,-1,2,0.9,0.2,-1,-1,0.65,0.65,0.062321,0.017755
1,-1,2,0.9,0.2,-1,-1,0.7,0.7,0.067143,0.014796
1,-1,2,0.9,0.2,-1,-1,0.75,0.75,0.074643,0.005918
1,-1,2,0.9,0.2,-1,-1,0.8,0.8,0.090179,0.004439
1,-1,2,0.9,0.2,-1,-1,0.85,0.85,0.104107,0.00148
1,-1,2,0.9,0.2,-1,-1,0.9,0.9,0.126607,0.00148
1,-1,2,0.9,0.2,-1,-1,0.95,0.95,0.164643,0.0
1,-1,2,0.9,0.2,-1,-1,1.0,1.0,0.35,0.0
1,-1,2,0.95,0.2,-1,-1,0.05,0.05,0.05,0.199745
1,-1,2,0.95,0.2,-1,-1,0.1,0.1,0.05,0.192347
1,-1,2,0.95,0.2,-1,-1,0.15,0.15,0.05,0.170153
1,-1,2,0.95,0.2,-1,-1,0.2,0.2,0.05,0.153878
1,-1,2,0.95,0.2,-1,-1,0.25,0.25,0.051352,0.127245
1,-1,2,0.95,0.2,-1,-1,0.3,0.3,0.052704,0.110969
1,-1,2,0.95,0.2,-1,-1,0.35,0.35,0.05338,0.090255
1,-1,2,0.95,0.2,-1,-1,0.4,0.4,0.05338,0.07398
1,-1,2,0.95,0.2,-1,-1,0.45,0.45,0.05338,0.054745
1,-1,2,0.95,0.2,-1,-1,0.5,0.5,0.056084,0.048827
1,-1,2,0.95,0.2,-1,-1,0.55,0.55,0.058112,0.034031
1,-1,2,0.95,0.2,-1,-1,0.6,0.6,0.060816,0.023674
1,-1,2,0.95,0.2,-1,-1,0.65,0.65,0.065548,0.017755
1,-1,2,0.95,0.2,-1,-1,0.7,0.7,0.071633,0.014796
1,-1,2,0.95,0.2,-1,-1,0.75,0.75,0.081097,0.005918
1,-1,2,0.95,0.2,-1,-1,0.8,0.8,0.100702,0.004439
1,-1,2,0.95,0.2,-1,-1,0.85,0.85,0.118278,0.00148
1,-1,2,0.95,0.2,-1,-1,0.9,0.9,0.146671,0.00148
1,-1,2,0.95,0.2,-1,-1,0.95,0.95,0.194668,0.0
1,-1,2,0.95,0.2,-1,-1,1.0,1.0,0.428571,0.0
1,-1,2,1.0,0.2,-1,-1,0.05,0.05,0.05,0.199745
1,-1,2,1.0,0.2,-1,-1,0.1,0.1,0.05,0.192347
1,-1,2,1.0,0.2,-1,-1,0.15,0.15,0.05,0.170153
1,-1,2,1.0,0.2,-1,-1,0.2,0.2,0.05,0.153878
1,-1,2,1.0,0.2,-1,-1,0.25,0.25,0.053392,0.127245
1,-1,2,1.0,0.2,-1,-1,0.3,0.3,0.056786,0.110969
1,-1,2,1.0,0.2,-1,-1,0.35,0.35,0.058483,0.090255
1,-1,2,1.0,0.2,-1,-1,0.4,0.4,0.058483,0.07398
1,-1,2,1.0,0.2,-1,-1,0.45,0.45,0.058483,0.054745
1,-1,2,1.0,0.2,-1,-1,0.5,0.5,0.065267,0.048827
1,-1,2,1.0,0.2,-1,-1,0.55,0.55,0.070358,0.034031
1,-1,2,1.0,0.2,-1,-1,0.6,0.6,0.077142,0.023674
1,-1,2,1.0,0.2,-1,-1,0.65,0.65,0.089017,0.017755
1,-1,2,1.0,0.2,-1,-1,0.7,0.7,0.104286,0.014796
1,-1,2,1.0,0.2,-1,-1,0.75,0.75,0.128036,0.005918
1,-1,2,1.0,0.2,-1,-1,0.8,0.8,0.177233,0.004439
1,-1,2,1.0,0.2,-1,-1,0.85,0.85,0.221339,0.00148
1,-1,2,1.0,0.2,-1,-1,0.9,0.9,0.292589,0.00148
1,-1,2,1.0,0.2,-1,-1,0.95,0.95,0.413036,0.0
1,-1,2,1.0,0.2,-1,-1,1.0,1.0,1.0,0.0
1,-1,2,0.25,0.25,-1,-1,0.05,0.05,0.064286,0.164286
1,-1,2,0.25,0.25,-1,-1,0.1,0.1,0.064286,0.164286
1,-1,2,0.25,0.25,-1,-1,0.15,0.15,0.064286,0.164286
1,-1,2,0.25,0.25,-1,-1,0.2,0.2,0.064286,0.164286
1,-1,2,0.25,0.25,-1,-1,0.25,0.25,0.064286,0.164286
1,-1,2,0.25,0.25,-1,-1,0.3,0.3,0.064286,0.164286
1,-1,2,0.25,0.25,-1,-1,0.35,0.35,0.064286,0.164286
1,-1,2,0.25,0.25,-1,-1,0.4,0.4,0.064286,0.164286
1,-1,2,0.25,0.25,-1,-1,0.45,0.45,0.064286,0.164286
1,-1,2,0.25,0.25,-1,-1,0.5,0.5,0.064286,0.164286
1,-1,2,0.25,0.25,-1,-1,0.55,0.55,0.064286,0.164286
1,-1,2,0.25,0.25,-1,-1,0.6,0.6,0.064286,0.164286
1,-1,2,0.25,0.25,-1,-1,0.65,0.65,0.064286,0.164286
1,-1,2,0.25,0.25,-1,-1,0.7,0.7,0.064286,0.164286
1,-1,2,0.25,0.25,-1,-1,0.75,0.75,0.064286,0.164286
1,-1,2,0.25,0.25,-1,-1,0.8,0.8,0.064286,0.164286
1,-1,2,0.25,0.25,-1,-1,0.85,0.85,0.064286,0.164286
1,-1,2,0.25,0.25,-1,-1,0.9,0.9,0.064286,0.164286
1,-1,2,0.25,0.25,-1,-1,0.95,0.95,0.064286,0.164286
1,-1,2,0.25,0.25,-1,-1,1.0,1.0,0.064286,0.164286
1,-1,2,0.3,0.25,-1,-1,0.05,0.05,0.064286,0.163266
1,-1,2,0.3,0.25,-1,-1,0.1,0.1,0.064286,0.162245
1,-1,2,0.3,0.25,-1,-1,0.15,0.15,0.064286,0.159184
1,-1,2,0.3,0.25,-1,-1,0.2,0.2,0.064286,0.156939
1,-1,2,0.3,0.25,-1,-1,0.25,0.25,0.064312,0.153265
1,-1,2,0.3,0.25,-1,-1,0.3,0.3,0.064337,0.15102
1,-1,2,0.3,0.25,-1,-1,0.35,0.35,0.06435,0.148163
1,-1,2,0.3,0.25,-1,-1,0.4,0.4,0.06435,0.145918
1,-1,2,0.3,0.25,-1,-1,0.45,0.45,0.06435,0.143265
1,-1,2,0.3,0.25,-1,-1,0.5,0.5,0.064401,0.142449
1,-1,2,0.3,0.25,-1,-1,0.55,0.55,0.064439,0.140408
1,-1,2,0.3,0.25,-1,-1,0.6,0.6,0.06449,0.138979
1,-1,2,0.3,0.25,-1,-1,0.65,0.65,0.064579,0.138163
1,-1,2,0.3,0.25,-1,-1,0.7,0.7,0.064694,0.137755
1,-1,2,0.3,0.25,-1,-1,0.75,0.75,0.064873,0.13653
1,-1,2,0.3,0.25,-1,-1,0.8,0.8,0.065243,0.136326
1,-1,2,0.3,0.25,-1,-1,0.85,0.85,0.065574,0.135918
1,-1,2,0.3,0.25,-1,-1,0.9,0.9,0.06611,0.135918
1,-1,2,0.3,0.25,-1,-1,0.95,0.95,0.067016,0.135714
1,-1,2,0.3,0.25,-1,-1,1.0,1.0,0.071429,0.135714
1,-1,2,0.35,0.25,-1,-1,0.05,0.05,0.064286,0.16199
1,-1,2,0.35,0.25,-1,-1,0.1,0.1,0.064286,0.159694
1,-1,2,0.35,0.25,-1,-1,0.15,0.15,0.064286,0.152806
1,-1,2,0.35,0.25,-1,-1,0.2,0.2,0.064286,0.147755
1,-1,2,0.35,0.25,-1,-1,0.25,0.25,0.064337,0.13949
1,-1,2,0.35,0.25,-1,-1,0.3,0.3,0.064388,0.134439
1,-1,2,0.35,0.25,-1,-1,0.35,0.35,0.064414,0.12801
1,-1,2,0.35,0.25,-1,-1,0.4,0.4,0.064414,0.122959
1,-1,2,0.35,0.25,-1,-1,0.45,0.45,0.064414,0.11699
1,-1,2,0.35,0.25,-1,-1,0.5,0.5,0.064516,0.115153
1,-1,2,0.35,0.25,-1,-1,0.55,0.55,0.064592,0.110561
1,-1,2,0.35,0.25,-1,-1,0.6,0.6,0.064694,0.107347
1,-1,2,0.35,0.25,-1,-1,0.65,0.65,0.064873,0.10551
1,-1,2,0.35,0.25,-1,-1,0.7,0.7,0.065102,0.104592
1,-1,2,0.35,0.25,-1,-1,0.75,0.75,0.065459,0.101837
1,-1,2,0.35,0.25,-1,-1,0.8,0.8,0.066199,0.101378
1,-1,2,0.35,0.25,-1,-1,0.85,0.85,0.066862,0.100459
1,-1,2,0.35,0.25,-1,-1,0.9,0.9,0.067934,0.100459
1,-1,2,0.35,0.25,-1,-1,0.95,0.95,0.069745,0.1
1,-1,2,0.35,0.25,-1,-1,1.0,1.0,0.078571,0.1
1,-1,2,0.4,0.25,-1,-1,0.05,0.05,0.064286,0.16097
1,-1,2,0.4,0.25,-1,-1,0.1,0.1,0.064286,0.157653
1,-1,2,0.4,0.25,-1,-1,0.15,0.15,0.064286,0.147704
1,-1,2,0.4,0.25,-1,-1,0.2,0.2,0.064286,0.140408
1,-1,2,0.4,0.25,-1,-1,0.25,0.25,0.064363,0.12847
1,-1,2,0.4,0.25,-1,-1,0.3,0.3,0.064439,0.121174
1,-1,2,0.4,0.25,-1,-1,0.35,0.35,0.064477,0.111888
1,-1,2,0.4,0.25,-1,-1,0.4,0.4,0.064477,0.104592
1,-1,2,0.4,0.25,-1,-1,0.45,0.45,0.064477,0.09597
1,-1,2,0.4,0.25,-1,-1,0.5,0.5,0.06463,0.093317
1,-1,2,0.4,0.25,-1,-1,0.55,0.55,0.064745,0.086684
1,-1,2,0.4,0.25,-1,-1,0.6,0.6,0.064898,0.082041
1,-1,2,0.4,0.25,-1,-1,0.65,0.65,0.065166,0.079388
1,-1,2,0.4,0.25,-1,-1,0.7,0.7,0.06551,0.078062
1,-1,2,0.4,0.25,-1,-1,0.75,0.75,0.066046,0.074082
1,-1,2,0.4,0.25,-1,-1,0.8,0.8,0.067156,0.073419
1,-1,2,0.4,0.25,-1,-1,0.85,0.85,0.068151,0.072092
1,-1,2,0.4,0.25,-1,-1,0.9,0.9,0.069758,0.072092
1,-1,2,0.4,0.25,-1,-1,0.95,0.95,0.072475,0.071429
1,-1,2,0.4,0.25,-1,-1,1.0,1.0,0.085714,0.071429
1,-1,2,0.45,0.25,-1,-1,0.05,0.05,0.064286,0.160204
1,-1,2,0.45,0.25,-1,-1,0.1,0.1,0.064286,0.156123
1,-1,2,0.45,0.25,-1,-1,0.15,0.15,0.064286,0.143878
1,-1,2,0.45,0.25,-1,-1,0.2,0.2,0.064286,0.134898
1,-1,2,0.45,0.25,-1,-1,0.25,0.25,0.064439,0.120204
1,-1,2,0.45,0.25,-1,-1,0.3,0.3,0.064592,0.111225
1,-1,2,0.45,0.25,-1,-1,0.35,0.35,0.064669,0.099796
1,-1,2,0.45,0.25,-1,-1,0.4,0.4,0.064669,0.090816
1,-1,2,0.45,0.25,-1,-1,0.45,0.45,0.064669,0.080204
1,-1,2,0.45,0.25,-1,-1,0.5,0.5,0.064975,0.076939
1,-1,2,0.45,0.25,-1,-1,0.55,0.55,0.065204,0.068776
1,-1,2,0.45,0.25,-1,-1,0.6,0.6,0.06551,0.063061
1,-1,2,0.45,0.25,-1,-1,0.65,0.65,0.066046,0.059796
1,-1,2,0.45,0.25,-1,-1,0.7,0.7,0.066735,0.058163
1,-1,2,0.45,0.25,-1,-1,0.75,0.75,0.067806,0.053265
1,-1,2,0.45,0.25,-1,-1,0.8,0.8,0.070026,0.052449
1,-1,2,0.45,0.25,-1,-1,0.85,0.85,0.072016,0.050816
1,-1,2,0.45,0.25,-1,-1,0.9,0.9,0.07523,0.050816
1,-1,2,0.45,0.25,-1,-1,0.95,0.95,0.080664,0.05
1,-1,2,0.45,0.25,-1,-1,1.0,1.0,0.107143,0.05
1,-1,2,0.5,0.25,-1,-1,0.05,0.05,0.064286,0.159949
1,-1,2,0.5,0.25,-1,-1,0.1,0.1,0.064286,0.155612
1,-1,2,0.5,0.25,-1,-1,0.15,0.15,0.064286,0.142602
1,-1,2,0.5,0.25,-1,-1,0.2,0.2,0.064286,0.133061
1,-1,2,0.5,0.25,-1,-1,0.25,0.25,0.064541,0.117449
1,-1,2,0.5,0.25,-1,-1,0.3,0.3,0.064796,0.107908
1,-1,2,0.5,0.25,-1,-1,0.35,0.35,0.064924,0.095765
1,-1,2,0.5,0.25,-1,-1,0.4,0.4,0.064924,0.086225
1,-1,2,0.5,0.25,-1,-1,0.45,0.45,0.064924,0.074949
1,-1,2,0.5,0.25,-1,-1,0.5,0.5,0.065434,0.07148
1,-1,2,0.5,0.25,-1,-1,0.55,0.55,0.065817,0.062806
1,-1,2,0.5,0.25,-1,-1,0.6,0.6,0.066327,0.056735
1,-1,2,0.5,0.25,-1,-1,0.65,0.65,0.06722,0.053265
1,-1,2,0.5,0.25,-1,-1,0.7,0.7,0.068368,0.051531
1,-1,2,0.5,0.25,-1,-1,0.75,0.75,0.070153,0.046326
1,-1,2,0.5,0.25,-1,-1,0.8,0.8,0.073852,0.045459
1,-1,2,0.5,0.25,-1,-1,0.85,0.85,0.077169,0.043724
1,-1,2,0.5,0.25,-1,-1,0.9,0.9,0.082526,0.043724
1,-1,2,0.5,0.25,-1,-1,0.95,0.95,0.091582,0.042857
1,-1,2,0.5,0.25,-1,-1,1.0,1.0,0.135714,0.042857
1,-1,2,0.55,0.25,-1,-1,0.05,0.05,0.064286,0.159439
1,-1,2,0.55,0.25,-1,-1,0.1,0.1,0.064286,0.154592
1,-1,2,0.55,0.25,-1,-1,0.15,0.15,0.064286,0.140051
1,-1,2,0.55,0.25,-1,-1,0.2,0.2,0.064286,0.129388
1,-1,2,0.55,0.25,-1,-1,0.25,0.25,0.064618,0.111939
1,-1,2,0.55,0.25,-1,-1,0.3,0.3,0.064949,0.101275
1,-1,2,0.55,0.25,-1,-1,0.35,0.35,0.065115,0.087704
1,-1,2,0.55,0.25,-1,-1,0.4,0.4,0.065115,0.077041
1,-1,2,0.55,0.25,-1,-1,0.45,0.45,0.065115,0.064439
1,-1,2,0.55,0.25,-1,-1,0.5,0.5,0.065778,0.060561
1,-1,2,0.55,0.25,-1,-1,0.55,0.55,0.066276,0.050867
1,-1,2,0.55,0.25,-1,-1,0.6,0.6,0.066939,0.044081
1,-1,2,0.55,0.25,-1,-1,0.65,0.65,0.0681,0.040204
1,-1,2,0.55,0.25,-1,-1,0.7,0.7,0.069592,0.038265
1,-1,2,0.55,0.25,-1,-1,0.75,0.75,0.071914,0.032449
1,-1,2,0.55,0.25,-1,-1,0.8,0.8,0.076722,0.031479
1,-1,2,0.55,0.25,-1,-1,0.85,0.85,0.081033,0.02954
1,-1,2,0.55,0.25,-1,-1,0.9,0.9,0.087998,0.02954
1,-1,2,0.55,0.25,-1,-1,0.95,0.95,0.099771,0.028571
1,-1,2,0.55,0.25,-1,-1,1.0,1.0,0.157143,0.028571
1,-1,2,0.6,0.25,-1,-1,0.05,0.05,0.064286,0.159439
1,-1,2,0.6,0.25,-1,-1,0.1,0.1,0.064286,0.154592
1,-1,2,0.6,0.25,-1,-1,0.15,0.15,0.064286,0.140051
1,-1,2,0.6,0.25,-1,-1,0.2,0.2,0.064286,0.129388
1,-1,2,0.6,0.25,-1,-1,0.25,0.25,0.064771,0.111939
1,-1,2,0.6,0.25,-1,-1,0.3,0.3,0.065255,0.101275
1,-1,2,0.6,0.25,-1,-1,0.35,0.35,0.065498,0.087704
1,-1,2,0.6,0.25,-1,-1,0.4,0.4,0.065498,0.077041
1,-1,2,0.6,0.25,-1,-1,0.45,0.45,0.065498,0.064439
1,-1,2,0.6,0.25,-1,-1,0.5,0.5,0.066467,0.060561
1,-1,2,0.6,0.25,-1,-1,0.55,0.55,0.067194,0.050867
1,-1,2,0.6,0.25,-1,-1,0.6,0.6,0.068163,0.044081
1,-1,2,0.6,0.25,-1,-1,0.65,0.65,0.06986,0.040204
1,-1,2,0.6,0.25,-1,-1,0.7,0.7,0.072041,0.038265
1,-1,2,0.6,0.25,-1,-1,0.75,0.75,0.075434,0.032449
1,-1,2,0.6,0.25,-1,-1,0.8,0.8,0.082462,0.031479
1,-1,2,0.6,0.25,-1,-1,0.85,0.85,0.088763,0.02954
1,-1,2,0.6,0.25,-1,-1,0.9,0.9,0.098942,0.02954
1,-1,2,0.6,0.25,-1,-1,0.95,0.95,0.116148,0.028571
1,-1,2,0.6,0.25,-1,-1,1.0,1.0,0.2,0.028571
1,-1,2,0.65,0.25,-1,-1,0.05,0.05,0.064286,0.159439
1,-1,2,0.65,0.25,-1,-1,0.1,0.1,0.064286,0.154592
1,-1,2,0.65,0.25,-1,-1,0.15,0.15,0.064286,0.140051
1,-1,2,0.65,0.25,-1,-1,0.2,0.2,0.064286,0.129388
1,-1,2,0.65,0.25,-1,-1,0.25,0.25,0.064822,0.111939
1,-1,2,0.65,0.25,-1,-1,0.3,0.3,0.065357,0.101275
1,-1,2,0.65,0.25,-1,-1,0.35,0.35,0.065625,0.087704
1,-1,2,0.65,0.25,-1,-1,0.4,0.4,0.065625,0.077041
1,-1,2,0.65,0.25,-1,-1,0.45,0.45,0.065625,0.064439
1,-1,2,0.65,0.25,-1,-1,0.5,0.5,0.066697,0.060561
1,-1,2,0.65,0.25,-1,-1,0.55,0.55,0.0675,0.050867
1,-1,2,0.65,0.25,-1,-1,0.6,0.6,0.068572,0.044081
1,-1,2,0.65,0.25,-1,-1,0.65,0.65,0.070447,0.040204
1,-1,2,0.65,0.25,-1,-1,0.7,0.7,0.072857,0.038265
1,-1,2,0.65,0.25,-1,-1,0.75,0.75,0.076607,0.032449
1,-1,2,0.65,0.25,-1,-1,0.8,0.8,0.084375,0.031479
1,-1,2,0.65,0.25,-1,-1,0.85,0.85,0.09134,0.02954
1,-1,2,0.65,0.25,-1,-1,0.9,0.9,0.10259,0.02954
1,-1,2,0.65,0.25,-1,-1,0.95,0.95,0.121607,0.028571
1,-1,2,0.65,0.25,-1,-1,1.0,1.0,0.214286,0.028571
1,-1,2,0.7,0.25,-1,-1,0.05,0.05,0.064286,0.159184
1,-1,2,0.7,0.25,-1,-1,0.1,0.1,0.064286,0.154082
1,-1,2,0.7,0.25,-1,-1,0.15,0.15,0.064286,0.138776
1,-1,2,0.7,0.25,-1,-1,0.2,0.2,0.064286,0.127551
1,-1,2,0.7,0.25,-1,-1,0.25,0.25,0.064898,0.109184
1,-1,2,0.7,0.25,-1,-1,0.3,0.3,0.065511,0.097959
1,-1,2,0.7,0.25,-1,-1,0.35,0.35,0.065817,0.083674
1,-1,2,0.7,0.25,-1,-1,0.4,0.4,0.065817,0.072449
1,-1,2,0.7,0.25,-1,-1,0.45,0.45,0.065817,0.059184
1,-1,2,0.7,0.25,-1,-1,0.5,0.5,0.067041,0.055102
1,-1,2,0.7,0.25,-1,-1,0.55,0.55,0.06796,0.044898
1,-1,2,0.7,0.25,-1,-1,0.6,0.6,0.069184,0.037756
1,-1,2,0.7,0.25,-1,-1,0.65,0.65,0.071327,0.033674
1,-1,2,0.7,0.25,-1,-1,0.7,0.7,0.074082,0.031633
1,-1,2,0.7,0.25,-1,-1,0.75,0.75,0.078368,0.025511
1,-1,2,0.7,0.25,-1,-1,0.8,0.8,0.087245,0.02449
1,-1,2,0.7,0.25,-1,-1,0.85,0.85,0.095204,0.022449
1,-1,2,0.7,0.25,-1,-1,0.9,0.9,0.108061,0.022449
1,-1,2,0.7,0.25,-1,-1,0.95,0.95,0.129796,0.021429
1,-1,2,0.7,0.25,-1,-1,1.0,1.0,0.235714,0.021429
1,-1,2,0.75,0.25,-1,-1,0.05,0.05,0.064286,0.158674
1,-1,2,0.75,0.25,-1,-1,0.1,0.1,0.064286,0.153061
1,-1,2,0.75,0.25,-1,-1,0.15,0.15,0.064286,0.136225
1,-1,2,0.75,0.25,-1,-1,0.2,0.2,0.064286,0.123878
1,-1,2,0.75,0.25,-1,-1,0.25,0.25,0.064949,0.103674
1,-1,2,0.75,0.25,-1,-1,0.3,0.3,0.065613,0.091327
1,-1,2,0.75,0.25,-1,-1,0.35,0.35,0.065944,0.075612
1,-1,2,0.75,0.25,-1,-1,0.4,0.4,0.065944,0.063266
1,-1,2,0.75,0.25,-1,-1,0.45,0.45,0.065944,0.048674
1,-1,2,0.75,0.25,-1,-1,0.5,0.5,0.067271,0.044184
1,-1,2,0.75,0.25,-1,-1,0.55,0.55,0.068266,0.032959
1,-1,2,0.75,0.25,-1,-1,0.6,0.6,0.069592,0.025102
1,-1,2,0.75,0.25,-1,-1,0.65,0.65,0.071913,0.020612
1,-1,2,0.75,0.25,-1,-1,0.7,0.7,0.074898,0.018368
1,-1,2,0.75,0.25,-1,-1,0.75,0.75,0.079541,0.011633
1,-1,2,0.75,0.25,-1,-1,0.8,0.8,0.089158,0.01051
1,-1,2,0.75,0.25,-1,-1,0.85,0.85,0.097781,0.008265
1,-1,2,0.75,0.25,-1,-1,0.9,0.9,0.111709,0.008265
1,-1,2,0.75,0.25,-1,-1,0.95,0.95,0.135255,0.007143
1,-1,2,0.75,0.25,-1,-1,1.0,1.0,0.25,0.007143
1,-1,2,0.8,0.25,-1,-1,0.05,0.05,0.064286,0.158674
1,-1,2,0.8,0.25,-1,-1,0.1,0.1,0.064286,0.153061
1,-1,2,0.8,0.25,-1,-1,0.15,0.15,0.064286,0.136225
1,-1,2,0.8,0.25,-1,-1,0.2,0.2,0.064286,0.123878
1,-1,2,0.8,0.25,-1,-1,0.25,0.25,0.065026,0.103674
1,-1,2,0.8,0.25,-1,-1,0.3,0.3,0.065766,0.091327
1,-1,2,0.8,0.25,-1,-1,0.35,0.35,0.066136,0.075612
1,-1,2,0.8,0.25,-1,-1,0.4,0.4,0.066136,0.063266
1,-1,2,0.8,0.25,-1,-1,0.45,0.45,0.066136,0.048674
1,-1,2,0.8,0.25,-1,-1,0.5,0.5,0.067615,0.044184
1,-1,2,0.8,0.25,-1,-1,0.55,0.55,0.068725,0.032959
1,-1,2,0.8,0.25,-1,-1,0.6,0.6,0.070204,0.025102
1,-1,2,0.8,0.25,-1,-1,0.65,0.65,0.072794,0.020612
1,-1,2,0.8,0.25,-1,-1,0.7,0.7,0.076123,0.018368
1,-1,2,0.8,0.25,-1,-1,0.75,0.75,0.081301,0.011633
1,-1,2,0.8,0.25,-1,-1,0.8,0.8,0.092028,0.01051
1,-1,2,0.8,0.25,-1,-1,0.85,0.85,0.101646,0.008265
1,-1,2,0.8,0.25,-1,-1,0.9,0.9,0.117181,0.008265
1,-1,2,0.8,0.25,-1,-1,0.95,0.95,0.143444,0.007143
1,-1,2,0.8,0.25,-1,-1,1.0,1.0,0.271429,0.007143
1,-1,2,0.85,0.25,-1,-1,0.05,0.05,0.064286,0.158419
1,-1,2,0.85,0.25,-1,-1,0.1,0.1,0.064286,0.152551
1,-1,2,0.85,0.25,-1,-1,0.15,0.15,0.064286,0.134949
1,-1,2,0.85,0.25,-1,-1,0.2,0.2,0.064286,0.122041
1,-1,2,0.85,0.25,-1,-1,0.25,0.25,0.065102,0.100919
1,-1,2,0.85,0.25,-1,-1,0.3,0.3,0.065919,0.08801
1,-1,2,0.85,0.25,-1,-1,0.35,0.35,0.066327,0.071582
1,-1,2,0.85,0.25,-1,-1,0.4,0.4,0.066327,0.058674
1,-1,2,0.85,0.25,-1,-1,0.45,0.45,0.066327,0.043418
1,-1,2,0.85,0.25,-1,-1,0.5,0.5,0.067959,0.038725
1,-1,2,0.85,0.25,-1,-1,0.55,0.55,0.069184,0.02699
1,-1,2,0.85,0.25,-1,-1,0.6,0.6,0.070817,0.018776
1,-1,2,0.85,0.25,-1,-1,0.65,0.65,0.073674,0.014082
1,-1,2,0.85,0.25,-1,-1,0.7,0.7,0.077347,0.011735
1,-1,2,0.85,0.25,-1,-1,0.75,0.75,0.083062,0.004694
1,-1,2,0.85,0.25,-1,-1,0.8,0.8,0.094898,0.00352
1,-1,2,0.85,0.25,-1,-1,0.85,0.85,0.10551,0.001173
1,-1,2,0.85,0.25,-1,-1,0.9,0.9,0.122653,0.001173
1,-1,2,0.85,0.25,-1,-1,0.95,0.95,0.151633,0.0
1,-1,2,0.85,0.25,-1,-1,1.0,1.0,0.292857,0.0
1,-1,2,0.9,0.25,-1,-1,0.05,0.05,0.064286,0.158419
1,-1,2,0.9,0.25,-1,-1,0.1,0.1,0.064286,0.152551
1,-1,2,0.9,0.25,-1,-1,0.15,0.15,0.064286,0.134949
1,-1,2,0.9,0.25,-1,-1,0.2,0.2,0.064286,0.122041
1,-1,2,0.9,0.25,-1,-1,0.25,0.25,0.065306,0.100919
1,-1,2,0.9,0.25,-1,-1,0.3,0.3,0.066327,0.08801
1,-1,2,0.9,0.25,-1,-1,0.35,0.35,0.066837,0.071582
1,-1,2,0.9,0.25,-1,-1,0.4,0.4,0.066837,0.058674
1,-1,2,0.9,0.25,-1,-1,0.45,0.45,0.066837,0.043418
1,-1,2,0.9,0.25,-1,-1,0.5,0.5,0.068878,0.038725
1,-1,2,0.9,0.25,-1,-1,0.55,0.55,0.070409,0.02699
1,-1,2,0.9,0.25,-1,-1,0.6,0.6,0.072449,0.018776
1,-1,2,0.9,0.25,-1,-1,0.65,0.65,0.076021,0.014082
1,-1,2,0.9,0.25,-1,-1,0.7,0.7,0.080613,0.011735
1,-1,2,0.9,0.25,-1,-1,0.75,0.75,0.087755,0.004694
1,-1,2,0.9,0.25,-1,-1,0.8,0.8,0.102551,0.00352
1,-1,2,0.9,0.25,-1,-1,0.85,0.85,0.115817,0.001173
1,-1,2,0.9,0.25,-1,-1,0.9,0.9,0.137245,0.001173
1,-1,2,0.9,0.25,-1,-1,0.95,0.95,0.17347,0.0
1,-1,2,0.9,0.25,-1,-1,1.0,1.0,0.35,0.0
1,-1,2,0.95,0.25,-1,-1,0.05,0.05,0.064286,0.158419
1,-1,2,0.95,0.25,-1,-1,0.1,0.1,0.064286,0.152551
1,-1,2,0.95,0.25,-1,-1,0.15,0.15,0.064286,0.134949
1,-1,2,0.95,0.25,-1,-1,0.2,0.2,0.064286,0.122041
1,-1,2,0.95,0.25,-1,-1,0.25,0.25,0.065587,0.100919
1,-1,2,0.95,0.25,-1,-1,0.3,0.3,0.066888,0.08801
1,-1,2,0.95,0.25,-1,-1,0.35,0.35,0.067539,0.071582
1,-1,2,0.95,0.25,-1,-1,0.4,0.4,0.067539,0.058674
1,-1,2,0.95,0.25,-1,-1,0.45,0.45,0.067539,0.043418
1,-1,2,0.95,0.25,-1,-1,0.5,0.5,0.07014,0.038725
1,-1,2,0.95,0.25,-1,-1,0.55,0.55,0.072092,0.02699
1,-1,2,0.95,0.25,-1,-1,0.6,0.6,0.074694,0.018776
1,-1,2,0.95,0.25,-1,-1,0.65,0.65,0.079248,0.014082
1,-1,2,0.95,0.25,-1,-1,0.7,0.7,0.085102,0.011735
1,-1,2,0.95,0.25,-1,-1,0.75,0.75,0.094209,0.004694
1,-1,2,0.95,0.25,-1,-1,0.8,0.8,0.113074,0.00352
1,-1,2,0.95,0.25,-1,-1,0.85,0.85,0.129987,0.001173
1,-1,2,0.95,0.25,-1,-1,0.9,0.9,0.157309,0.001173
1,-1,2,0.95,0.25,-1,-1,0.95,0.95,0.203495,0.0
1,-1,2,0.95,0.25,-1,-1,1.0,1.0,0.428571,0.0
1,-1,2,1.0,0.25,-1,-1,0.05,0.05,0.064286,0.158419
1,-1,2,1.0,0.25,-1,-1,0.1,0.1,0.064286,0.152551
1,-1,2,1.0,0.25,-1,-1,0.15,0.15,0.064286,0.134949
1,-1,2,1.0,0.25,-1,-1,0.2,0.2,0.064286,0.122041
1,-1,2,1.0,0.25,-1,-1,0.25,0.25,0.067627,0.100919
1,-1,2,1.0,0.25,-1,-1,0.3,0.3,0.07097,0.08801
1,-1,2,1.0,0.25,-1,-1,0.35,0.35,0.072641,0.071582
1,-1,2,1.0,0.25,-1,-1,0.4,0.4,0.072641,0.058674
1,-1,2,1.0,0.25,-1,-1,0.45,0.45,0.072641,0.043418
1,-1,2,1.0,0.25,-1,-1,0.5,0.5,0.079324,0.038725
1,-1,2,1.0,0.25,-1,-1,0.55,0.55,0.084337,0.02699
1,-1,2,1.0,0.25,-1,-1,0.6,0.6,0.09102,0.018776
1,-1,2,1.0,0.25,-1,-1,0.65,0.65,0.102717,0.014082
1,-1,2,1.0,0.25,-1,-1,0.7,0.7,0.117756,0.011735
1,-1,2,1.0,0.25,-1,-1,0.75,0.75,0.141148,0.004694
1,-1,2,1.0,0.25,-1,-1,0.8,0.8,0.189605,0.00352
1,-1,2,1.0,0.25,-1,-1,0.85,0.85,0.233049,0.001173
1,-1,2,1.0,0.25,-1,-1,0.9,0.9,0.303227,0.001173
1,-1,2,1.0,0.25,-1,-1,0.95,0.95,0.421863,0.0
1,-1,2,1.0,0.25,-1,-1,1.0,1.0,1.0,0.0
1,-1,2,0.3,0.3,-1,-1,0.05,0.05,0.071429,0.135714
1,-1,2,0.3,0.3,-1,-1,0.1,0.1,0.071429,0.135714
1,-1,2,0.3,0.3,-1,-1,0.15,0.15,0.071429,0.135714
1,-1,2,0.3,0.3,-1,-1,0.2,0.2,0.071429,0.135714
1,-1,2,0.3,0.3,-1,-1,0.25,0.25,0.071429,0.135714
1,-1,2,0.3,0.3,-1,-1,0.3,0.3,0.071429,0.135714
1,-1,2,0.3,0.3,-1,-1,0.35,0.35,0.071429,0.135714
1,-1,2,0.3,0.3,-1,-1,0.4,0.4,0.071429,0.135714
1,-1,2,0.3,0.3,-1,-1,0.45,0.45,0.071429,0.135714
1,-1,2,0.3,0.3,-1,-1,0.5,0.5,0.071429,0.135714
1,-1,2,0.3,0.3,-1,-1,0.55,0.55,0.071429,0.135714
1,-1,2,0.3,0.3,-1,-1,0.6,0.6,0.071429,0.135714
1,-1,2,0.3,0.3,-1,-1,0.65,0.65,0.071429,0.135714
1,-1,2,0.3,0.3,-1,-1,0.7,0.7,0.071429,0.135714
1,-1,2,0.3,0.3,-1,-1,0.75,0.75,0.071429,0.135714
1,-1,2,0.3,0.3,-1,-1,0.8,0.8,0.071429,0.135714
1,-1,2,0.3,0.3,-1,-1,0.85,0.85,0.071429,0.135714
1,-1,2,0.3,0.3,-1,-1,0.9,0.9,0.071429,0.135714
1,-1,2,0.3,0.3,-1,-1,0.95,0.95,0.071429,0.135714
1,-1,2,0.3,0.3,-1,-1,1.0,1.0,0.071429,0.135714
1,-1,2,0.35,0.3,-1,-1,0.05,0.05,0.071429,0.134439
1,-1,2,0.35,0.3,-1,-1,0.1,0.1,0.071429,0.133163
1,-1,2,0.35,0.3,-1,-1,0.15,0.15,0.071429,0.129337
1,-1,2,0.35,0.3,-1,-1,0.2,0.2,0.071429,0.12653
1,-1,2,0.35,0.3,-1,-1,0.25,0.25,0.071455,0.121939
1,-1,2,0.35,0.3,-1,-1,0.3,0.3,0.07148,0.119132
1,-1,2,0.35,0.3,-1,-1,0.35,0.35,0.071493,0.115561
1,-1,2,0.35,0.3,-1,-1,0.4,0.4,0.071493,0.112755
1,-1,2,0.35,0.3,-1,-1,0.45,0.45,0.071493,0.109439
1,-1,2,0.35,0.3,-1,-1,0.5,0.5,0.071544,0.108418
1,-1,2,0.35,0.3,-1,-1,0.55,0.55,0.071582,0.105867
1,-1,2,0.35,0.3,-1,-1,0.6,0.6,0.071633,0.104082
1,-1,2,0.35,0.3,-1,-1,0.65,0.65,0.071722,0.103061
1,-1,2,0.35,0.3,-1,-1,0.7,0.7,0.071837,0.102551
1,-1,2,0.35,0.3,-1,-1,0.75,0.75,0.072016,0.10102
1,-1,2,0.35,0.3,-1,-1,0.8,0.8,0.072386,0.100765
1,-1,2,0.35,0.3,-1,-1,0.85,0.85,0.072717,0.100255
1,-1,2,0.35,0.3,-1,-1,0.9,0.9,0.073253,0.100255
1,-1,2,0.35,0.3,-1,-1,0.95,0.95,0.074158,0.1
1,-1,2,0.35,0.3,-1,-1,1.0,1.0,0.078571,0.1
1,-1,2,0.4,0.3,-1,-1,0.05,0.05,0.071429,0.133418
1,-1,2,0.4,0.3,-1,-1,0.1,0.1,0.071429,0.131122
1,-1,2,0.4,0.3,-1,-1,0.15,0.15,0.071429,0.124235
1,-1,2,0.4,0.3,-1,-1,0.2,0.2,0.071429,0.119184
1,-1,2,0.4,0.3,-1,-1,0.25,0.25,0.07148,0.110918
1,-1,2,0.4,0.3,-1,-1,0.3,0.3,0.071531,0.105867
1,-1,2,0.4,0.3,-1,-1,0.35,0.35,0.071557,0.099439
1,-1,2,0.4,0.3,-1,-1,0.4,0.4,0.071557,0.094388
1,-1,2,0.4,0.3,-1,-1,0.45,0.45,0.071557,0.088419
1,-1,2,0.4,0.3,-1,-1,0.5,0.5,0.071659,0.086582
1,-1,2,0.4,0.3,-1,-1,0.55,0.55,0.071735,0.08199
1,-1,2,0.4,0.3,-1,-1,0.6,0.6,0.071837,0.078776
1,-1,2,0.4,0.3,-1,-1,0.65,0.65,0.072016,0.076939
1,-1,2,0.4,0.3,-1,-1,0.7,0.7,0.072245,0.076021
1,-1,2,0.4,0.3,-1,-1,0.75,0.75,0.072602,0.073266
1,-1,2,0.4,0.3,-1,-1,0.8,0.8,0.073342,0.072807
1,-1,2,0.4,0.3,-1,-1,0.85,0.85,0.074005,0.071888
1,-1,2,0.4,0.3,-1,-1,0.9,0.9,0.075077,0.071888
1,-1,2,0.4,0.3,-1,-1,0.95,0.95,0.076888,0.071429
1,-1,2,0.4,0.3,-1,-1,1.0,1.0,0.085714,0.071429
1,-1,2,0.45,0.3,-1,-1,0.05,0.05,0.071429,0.132653
1,-1,2,0.45,0.3,-1,-1,0.1,0.1,0.071429,0.129592
1,-1,2,0.45,0.3,-1,-1,0.15,0.15,0.071429,0.120408
1,-1,2,0.45,0.3,-1,-1,0.2,0.2,0.071429,0.113673
1,-1,2,0.45,0.3,-1,-1,0.25,0.25,0.071557,0.102653
1,-1,2,0.45,0.3,-1,-1,0.3,0.3,0.071684,0.095918
1,-1,2,0.45,0.3,-1,-1,0.35,0.35,0.071748,0.087347
1,-1,2,0.45,0.3,-1,-1,0.4,0.4,0.071748,0.080612
1,-1,2,0.45,0.3,-1,-1,0.45,0.45,0.071748,0.072653
1,-1,2,0.45,0.3,-1,-1,0.5,0.5,0.072003,0.070204
1,-1,2,0.45,0.3,-1,-1,0.55,0.55,0.072194,0.064082
1,-1,2,0.45,0.3,-1,-1,0.6,0.6,0.072449,0.059796
1,-1,2,0.45,0.3,-1,-1,0.65,0.65,0.072896,0.057347
1,-1,2,0.45,0.3,-1,-1,0.7,0.7,0.07347,0.056122
1,-1,2,0.45,0.3,-1,-1,0.75,0.75,0.074363,0.052449
1,-1,2,0.45,0.3,-1,-1,0.8,0.8,0.076212,0.051837
1,-1,2,0.45,0.3,-1,-1,0.85,0.85,0.07787,0.050612
1,-1,2,0.45,0.3,-1,-1,0.9,0.9,0.080549,0.050612
1,-1,2,0.45,0.3,-1,-1,0.95,0.95,0.085077,0.05
1,-1,2,0.45,0.3,-1,-1,1.0,1.0,0.107143,0.05
1,-1,2,0.5,0.3,-1,-1,0.05,0.05,0.071429,0.132398
1,-1,2,0.5,0.3,-1,-1,0.1,0.1,0.071429,0.129081
1,-1,2,0.5,0.3,-1,-1,0.15,0.15,0.071429,0.119132
1,-1,2,0.5,0.3,-1,-1,0.2,0.2,0.071429,0.111836
1,-1,2,0.5,0.3,-1,-1,0.25,0.25,0.071659,0.099898
1,-1,2,0.5,0.3,-1,-1,0.3,0.3,0.071888,0.092602
1,-1,2,0.5,0.3,-1,-1,0.35,0.35,0.072003,0.083316
1,-1,2,0.5,0.3,-1,-1,0.4,0.4,0.072003,0.07602
1,-1,2,0.5,0.3,-1,-1,0.45,0.45,0.072003,0.067398
1,-1,2,0.5,0.3,-1,-1,0.5,0.5,0.072462,0.064745
1,-1,2,0.5,0.3,-1,-1,0.55,0.55,0.072807,0.058112
1,-1,2,0.5,0.3,-1,-1,0.6,0.6,0.073266,0.053469
1,-1,2,0.5,0.3,-1,-1,0.65,0.65,0.074069,0.050816
1,-1,2,0.5,0.3,-1,-1,0.7,0.7,0.075102,0.04949
1,-1,2,0.5,0.3,-1,-1,0.75,0.75,0.07671,0.04551
1,-1,2,0.5,0.3,-1,-1,0.8,0.8,0.080039,0.044847
1,-1,2,0.5,0.3,-1,-1,0.85,0.85,0.083023,0.04352
1,-1,2,0.5,0.3,-1,-1,0.9,0.9,0.087845,0.04352
1,-1,2,0.5,0.3,-1,-1,0.95,0.95,0.095995,0.042857
1,-1,2,0.5,0.3,-1,-1,1.0,1.0,0.135714,0.042857
1,-1,2,0.55,0.3,-1,-1,0.05,0.05,0.071429,0.131887
1,-1,2,0.55,0.3,-1,-1,0.1,0.1,0.071429,0.128061
1,-1,2,0.55,0.3,-1,-1,0.15,0.15,0.071429,0.116581
1,-1,2,0.55,0.3,-1,-1,0.2,0.2,0.071429,0.108163
1,-1,2,0.55,0.3,-1,-1,0.25,0.25,0.071735,0.094387
1,-1,2,0.55,0.3,-1,-1,0.3,0.3,0.072041,0.085969
1,-1,2,0.55,0.3,-1,-1,0.35,0.35,0.072194,0.075255
1,-1,2,0.55,0.3,-1,-1,0.4,0.4,0.072194,0.066836
1,-1,2,0.55,0.3,-1,-1,0.45,0.45,0.072194,0.056887
1,-1,2,0.55,0.3,-1,-1,0.5,0.5,0.072807,0.053826
1,-1,2,0.55,0.3,-1,-1,0.55,0.55,0.073266,0.046173
1,-1,2,0.55,0.3,-1,-1,0.6,0.6,0.073878,0.040816
1,-1,2,0.55,0.3,-1,-1,0.65,0.65,0.074949,0.037755
1,-1,2,0.55,0.3,-1,-1,0.7,0.7,0.076327,0.036224
1,-1,2,0.55,0.3,-1,-1,0.75,0.75,0.07847,0.031632
1,-1,2,0.55,0.3,-1,-1,0.8,0.8,0.082909,0.030867
1,-1,2,0.55,0.3,-1,-1,0.85,0.85,0.086888,0.029336
1,-1,2,0.55,0.3,-1,-1,0.9,0.9,0.093317,0.029336
1,-1,2,0.55,0.3,-1,-1,0.95,0.95,0.104184,0.028571
1,-1,2,0.55,0.3,-1,-1,1.0,1.0,0.157143,0.028571
1,-1,2,0.6,0.3,-1,-1,0.05,0.05,0.071429,0.131887
1,-1,2,0.6,0.3,-1,-1,0.1,0.1,0.071429,0.128061
1,-1,2,0.6,0.3,-1,-1,0.15,0.15,0.071429,0.116581
1,-1,2,0.6,0.3,-1,-1,0.2,0.2,0.071429,0.108163
1,-1,2,0.6,0.3,-1,-1,0.25,0.25,0.071888,0.094387
1,-1,2,0.6,0.3,-1,-1,0.3,0.3,0.072347,0.085969
1,-1,2,0.6,0.3,-1,-1,0.35,0.35,0.072577,0.075255
1,-1,2,0.6,0.3,-1,-1,0.4,0.4,0.072577,0.066836
1,-1,2,0.6,0.3,-1,-1,0.45,0.45,0.072577,0.056887
1,-1,2,0.6,0.3,-1,-1,0.5,0.5,0.073495,0.053826
1,-1,2,0.6,0.3,-1,-1,0.55,0.55,0.074184,0.046173
1,-1,2,0.6,0.3,-1,-1,0.6,0.6,0.075102,0.040816
1,-1,2,0.6,0.3,-1,-1,0.65,0.65,0.07671,0.037755
1,-1,2,0.6,0.3,-1,-1,0.7,0.7,0.078776,0.036224
1,-1,2,0.6,0.3,-1,-1,0.75,0.75,0.08199,0.031632
1,-1,2,0.6,0.3,-1,-1,0.8,0.8,0.088648,0.030867
1,-1,2,0.6,0.3,-1,-1,0.85,0.85,0.094618,0.029336
1,-1,2,0.6,0.3,-1,-1,0.9,0.9,0.104261,0.029336
1,-1,2,0.6,0.3,-1,-1,0.95,0.95,0.120562,0.028571
1,-1,2,0.6,0.3,-1,-1,1.0,1.0,0.2,0.028571
1,-1,2,0.65,0.3,-1,-1,0.05,0.05,0.071429,0.131887
1,-1,2,0.65,0.3,-1,-1,0.1,0.1,0.071429,0.128061
1,-1,2,0.65,0.3,-1,-1,0.15,0.15,0.071429,0.116581
1,-1,2,0.65,0.3,-1,-1,0.2,0.2,0.071429,0.108163
1,-1,2,0.65,0.3,-1,-1,0.25,0.25,0.071939,0.094387
1,-1,2,0.65,0.3,-1,-1,0.3,0.3,0.072449,0.085969
1,-1,2,0.65,0.3,-1,-1,0.35,0.35,0.072705,0.075255
1,-1,2,0.65,0.3,-1,-1,0.4,0.4,0.072705,0.066836
1,-1,2,0.65,0.3,-1,-1,0.45,0.45,0.072705,0.056887
1,-1,2,0.65,0.3,-1,-1,0.5,0.5,0.073725,0.053826
1,-1,2,0.65,0.3,-1,-1,0.55,0.55,0.07449,0.046173
1,-1,2,0.65,0.3,-1,-1,0.6,0.6,0.075511,0.040816
1,-1,2,0.65,0.3,-1,-1,0.65,0.65,0.077296,0.037755
1,-1,2,0.65,0.3,-1,-1,0.7,0.7,0.079592,0.036224
1,-1,2,0.65,0.3,-1,-1,0.75,0.75,0.083164,0.031632
1,-1,2,0.65,0.3,-1,-1,0.8,0.8,0.090562,0.030867
1,-1,2,0.65,0.3,-1,-1,0.85,0.85,0.097194,0.029336
1,-1,2,0.65,0.3,-1,-1,0.9,0.9,0.107909,0.029336
1,-1,2,0.65,0.3,-1,-1,0.95,0.95,0.126021,0.028571
1,-1,2,0.65,0.3,-1,-1,1.0,1.0,0.214286,0.028571
1,-1,2,0.7,0.3,-1,-1,0.05,0.05,0.071429,0.131632
1,-1,2,0.7,0.3,-1,-1,0.1,0.1,0.071429,0.127551
1,-1,2,0.7,0.3,-1,-1,0.15,0.15,0.071429,0.115306
1,-1,2,0.7,0.3,-1,-1,0.2,0.2,0.071429,0.106326
1,-1,2,0.7,0.3,-1,-1,0.25,0.25,0.072016,0.091633
1,-1,2,0.7,0.3,-1,-1,0.3,0.3,0.072602,0.082653
1,-1,2,0.7,0.3,-1,-1,0.35,0.35,0.072896,0.071225
1,-1,2,0.7,0.3,-1,-1,0.4,0.4,0.072896,0.062245
1,-1,2,0.7,0.3,-1,-1,0.45,0.45,0.072896,0.051633
1,-1,2,0.7,0.3,-1,-1,0.5,0.5,0.074069,0.048368
1,-1,2,0.7,0.3,-1,-1,0.55,0.55,0.074949,0.040204
1,-1,2,0.7,0.3,-1,-1,0.6,0.6,0.076123,0.03449
1,-1,2,0.7,0.3,-1,-1,0.65,0.65,0.078176,0.031225
1,-1,2,0.7,0.3,-1,-1,0.7,0.7,0.080817,0.029592
1,-1,2,0.7,0.3,-1,-1,0.75,0.75,0.084924,0.024694
1,-1,2,0.7,0.3,-1,-1,0.8,0.8,0.093432,0.023878
1,-1,2,0.7,0.3,-1,-1,0.85,0.85,0.101059,0.022245
1,-1,2,0.7,0.3,-1,-1,0.9,0.9,0.11338,0.022245
1,-1,2,0.7,0.3,-1,-1,0.95,0.95,0.134209,0.021429
1,-1,2,0.7,0.3,-1,-1,1.0,1.0,0.235714,0.021429
1,-1,2,0.75,0.3,-1,-1,0.05,0.05,0.071429,0.131122
1,-1,2,0.75,0.3,-1,-1,0.1,0.1,0.071429,0.12653
1,-1,2,0.75,0.3,-1,-1,0.15,0.15,0.071429,0.112755
1,-1,2,0.75,0.3,-1,-1,0.2,0.2,0.071429,0.102653
1,-1,2,0.75,0.3,-1,-1,0.25,0.25,0.072067,0.086122
1,-1,2,0.75,0.3,-1,-1,0.3,0.3,0.072705,0.07602
1,-1,2,0.75,0.3,-1,-1,0.35,0.35,0.073023,0.063163
1,-1,2,0.75,0.3,-1,-1,0.4,0.4,0.073023,0.053061
1,-1,2,0.75,0.3,-1,-1,0.45,0.45,0.073023,0.041123
1,-1,2,0.75,0.3,-1,-1,0.5,0.5,0.074299,0.037449
1,-1,2,0.75,0.3,-1,-1,0.55,0.55,0.075256,0.028265
1,-1,2,0.75,0.3,-1,-1,0.6,0.6,0.076531,0.021837
1,-1,2,0.75,0.3,-1,-1,0.65,0.65,0.078763,0.018163
1,-1,2,0.75,0.3,-1,-1,0.7,0.7,0.081633,0.016327
1,-1,2,0.75,0.3,-1,-1,0.75,0.75,0.086097,0.010816
1,-1,2,0.75,0.3,-1,-1,0.8,0.8,0.095345,0.009898
1,-1,2,0.75,0.3,-1,-1,0.85,0.85,0.103636,0.008061
1,-1,2,0.75,0.3,-1,-1,0.9,0.9,0.117028,0.008061
1,-1,2,0.75,0.3,-1,-1,0.95,0.95,0.139669,0.007143
1,-1,2,0.75,0.3,-1,-1,1.0,1.0,0.25,0.007143
1,-1,2,0.8,0.3,-1,-1,0.05,0.05,0.071429,0.131122
1,-1,2,0.8,0.3,-1,-1,0.1,0.1,0.071429,0.12653
1,-1,2,0.8,0.3,-1,-1,0.15,0.15,0.071429,0.112755
1,-1,2,0.8,0.3,-1,-1,0.2,0.2,0.071429,0.102653
1,-1,2,0.8,0.3,-1,-1,0.25,0.25,0.072143,0.086122
1,-1,2,0.8,0.3,-1,-1,0.3,0.3,0.072858,0.07602
1,-1,2,0.8,0.3,-1,-1,0.35,0.35,0.073215,0.063163
1,-1,2,0.8,0.3,-1,-1,0.4,0.4,0.073215,0.053061
1,-1,2,0.8,0.3,-1,-1,0.45,0.45,0.073215,0.041123
1,-1,2,0.8,0.3,-1,-1,0.5,0.5,0.074643,0.037449
1,-1,2,0.8,0.3,-1,-1,0.55,0.55,0.075715,0.028265
1,-1,2,0.8,0.3,-1,-1,0.6,0.6,0.077143,0.021837
1,-1,2,0.8,0.3,-1,-1,0.65,0.65,0.079643,0.018163
1,-1,2,0.8,0.3,-1,-1,0.7,0.7,0.082858,0.016327
1,-1,2,0.8,0.3,-1,-1,0.75,0.75,0.087858,0.010816
1,-1,2,0.8,0.3,-1,-1,0.8,0.8,0.098215,0.009898
1,-1,2,0.8,0.3,-1,-1,0.85,0.85,0.1075,0.008061
1,-1,2,0.8,0.3,-1,-1,0.9,0.9,0.1225,0.008061
1,-1,2,0.8,0.3,-1,-1,0.95,0.95,0.147858,0.007143
1,-1,2,0.8,0.3,-1,-1,1.0,1.0,0.271429,0.007143
1,-1,2,0.85,0.3,-1,-1,0.05,0.05,0.071429,0.130867
1,-1,2,0.85,0.3,-1,-1,0.1,0.1,0.071429,0.12602
1,-1,2,0.85,0.3,-1,-1,0.15,0.15,0.071429,0.111479
1,-1,2,0.85,0.3,-1,-1,0.2,0.2,0.071429,0.100816
1,-1,2,0.85,0.3,-1,-1,0.25,0.25,0.07222,0.083367
1,-1,2,0.85,0.3,-1,-1,0.3,0.3,0.073011,0.072704
1,-1,2,0.85,0.3,-1,-1,0.35,0.35,0.073406,0.059132
1,-1,2,0.85,0.3,-1,-1,0.4,0.4,0.073406,0.048469
1,-1,2,0.85,0.3,-1,-1,0.45,0.45,0.073406,0.035867
1,-1,2,0.85,0.3,-1,-1,0.5,0.5,0.074988,0.03199
1,-1,2,0.85,0.3,-1,-1,0.55,0.55,0.076174,0.022296
1,-1,2,0.85,0.3,-1,-1,0.6,0.6,0.077755,0.01551
1,-1,2,0.85,0.3,-1,-1,0.65,0.65,0.080523,0.011633
1,-1,2,0.85,0.3,-1,-1,0.7,0.7,0.084082,0.009694
1,-1,2,0.85,0.3,-1,-1,0.75,0.75,0.089618,0.003877
1,-1,2,0.85,0.3,-1,-1,0.8,0.8,0.101085,0.002908
1,-1,2,0.85,0.3,-1,-1,0.85,0.85,0.111365,0.000969
1,-1,2,0.85,0.3,-1,-1,0.9,0.9,0.127972,0.000969
1,-1,2,0.85,0.3,-1,-1,0.95,0.95,0.156046,0.0
1,-1,2,0.85,0.3,-1,-1,1.0,1.0,0.292857,0.0
1,-1,2,0.9,0.3,-1,-1,0.05,0.05,0.071429,0.130867
1,-1,2,0.9,0.3,-1,-1,0.1,0.1,0.071429,0.12602
1,-1,2,0.9,0.3,-1,-1,0.15,0.15,0.071429,0.111479
1,-1,2,0.9,0.3,-1,-1,0.2,0.2,0.071429,0.100816
1,-1,2,0.9,0.3,-1,-1,0.25,0.25,0.072424,0.083367
1,-1,2,0.9,0.3,-1,-1,0.3,0.3,0.073419,0.072704
1,-1,2,0.9,0.3,-1,-1,0.35,0.35,0.073916,0.059132
1,-1,2,0.9,0.3,-1,-1,0.4,0.4,0.073916,0.048469
1,-1,2,0.9,0.3,-1,-1,0.45,0.45,0.073916,0.035867
1,-1,2,0.9,0.3,-1,-1,0.5,0.5,0.075906,0.03199
1,-1,2,0.9,0.3,-1,-1,0.55,0.55,0.077398,0.022296
1,-1,2,0.9,0.3,-1,-1,0.6,0.6,0.079388,0.01551
1,-1,2,0.9,0.3,-1,-1,0.65,0.65,0.08287,0.011633
1,-1,2,0.9,0.3,-1,-1,0.7,0.7,0.087347,0.009694
1,-1,2,0.9,0.3,-1,-1,0.75,0.75,0.094312,0.003877
1,-1,2,0.9,0.3,-1,-1,0.8,0.8,0.108738,0.002908
1,-1,2,0.9,0.3,-1,-1,0.85,0.85,0.121671,0.000969
1,-1,2,0.9,0.3,-1,-1,0.9,0.9,0.142564,0.000969
1,-1,2,0.9,0.3,-1,-1,0.95,0.95,0.177883,0.0
1,-1,2,0.9,0.3,-1,-1,1.0,1.0,0.35,0.0
1,-1,2,0.95,0.3,-1,-1,0.05,0.05,0.071429,0.130867
1,-1,2,0.95,0.3,-1,-1,0.1,0.1,0.071429,0.12602
1,-1,2,0.95,0.3,-1,-1,0.15,0.15,0.071429,0.111479
1,-1,2,0.95,0.3,-1,-1,0.2,0.2,0.071429,0.100816
1,-1,2,0.95,0.3,-1,-1,0.25,0.25,0.072704,0.083367
1,-1,2,0.95,0.3,-1,-1,0.3,0.3,0.07398,0.072704
1,-1,2,0.95,0.3,-1,-1,0.35,0.35,0.074618,0.059132
1,-1,2,0.95,0.3,-1,-1,0.4,0.4,0.074618,0.048469
1,-1,2,0.95,0.3,-1,-1,0.45,0.45,0.074618,0.035867
1,-1,2,0.95,0.3,-1,-1,0.5,0.5,0.077169,0.03199
1,-1,2,0.95,0.3,-1,-1,0.55,0.55,0.079082,0.022296
1,-1,2,0.95,0.3,-1,-1,0.6,0.6,0.081633,0.01551
1,-1,2,0.95,0.3,-1,-1,0.65,0.65,0.086097,0.011633
1,-1,2,0.95,0.3,-1,-1,0.7,0.7,0.091837,0.009694
1,-1,2,0.95,0.3,-1,-1,0.75,0.75,0.100766,0.003877
1,-1,2,0.95,0.3,-1,-1,0.8,0.8,0.119261,0.002908
1,-1,2,0.95,0.3,-1,-1,0.85,0.85,0.135842,0.000969
1,-1,2,0.95,0.3,-1,-1,0.9,0.9,0.162628,0.000969
1,-1,2,0.95,0.3,-1,-1,0.95,0.95,0.207908,0.0
1,-1,2,0.95,0.3,-1,-1,1.0,1.0,0.428571,0.0
1,-1,2,1.0,0.3,-1,-1,0.05,0.05,0.071429,0.130867
1,-1,2,1.0,0.3,-1,-1,0.1,0.1,0.071429,0.12602
1,-1,2,1.0,0.3,-1,-1,0.15,0.15,0.071429,0.111479
1,-1,2,1.0,0.3,-1,-1,0.2,0.2,0.071429,0.100816
1,-1,2,1.0,0.3,-1,-1,0.25,0.25,0.074745,0.083367
1,-1,2,1.0,0.3,-1,-1,0.3,0.3,0.078062,0.072704
1,-1,2,1.0,0.3,-1,-1,0.35,0.35,0.07972,0.059132
1,-1,2,1.0,0.3,-1,-1,0.4,0.4,0.07972,0.048469
1,-1,2,1.0,0.3,-1,-1,0.45,0.45,0.07972,0.035867
1,-1,2,1.0,0.3,-1,-1,0.5,0.5,0.086352,0.03199
1,-1,2,1.0,0.3,-1,-1,0.55,0.55,0.091327,0.022296
1,-1,2,1.0,0.3,-1,-1,0.6,0.6,0.097959,0.01551
1,-1,2,1.0,0.3,-1,-1,0.65,0.65,0.109566,0.011633
1,-1,2,1.0,0.3,-1,-1,0.7,0.7,0.12449,0.009694
1,-1,2,1.0,0.3,-1,-1,0.75,0.75,0.147705,0.003877
1,-1,2,1.0,0.3,-1,-1,0.8,0.8,0.195792,0.002908
1,-1,2,1.0,0.3,-1,-1,0.85,0.85,0.238903,0.000969
1,-1,2,1.0,0.3,-1,-1,0.9,0.9,0.308546,0.000969
1,-1,2,1.0,0.3,-1,-1,0.95,0.95,0.426276,0.0
1,-1,2,1.0,0.3,-1,-1,1.0,1.0,1.0,0.0
1,-1,2,0.35,0.35,-1,-1,0.05,0.05,0.078571,0.1
1,-1,2,0.35,0.35,-1,-1,0.1,0.1,0.078571,0.1
1,-1,2,0.35,0.35,-1,-1,0.15,0.15,0.078571,0.1
1,-1,2,0.35,0.35,-1,-1,0.2,0.2,0.078571,0.1
1,-1,2,0.35,0.35,-1,-1,0.25,0.25,0.078571,0.1
1,-1,2,0.35,0.35,-1,-1,0.3,0.3,0.078571,0.1
1,-1,2,0.35,0.35,-1,-1,0.35,0.35,0.078571,0.1
1,-1,2,0.35,0.35,-1,-1,0.4,0.4,0.078571,0.1
1,-1,2,0.35,0.35,-1,-1,0.45,0.45,0.078571,0.1
1,-1,2,0.35,0.35,-1,-1,0.5,0.5,0.078571,0.1
1,-1,2,0.35,0.35,-1,-1,0.55,0.55,0.078571,0.1
1,-1,2,0.35,0.35,-1,-1,0.6,0.6,0.078571,0.1
1,-1,2,0.35,0.35,-1,-1,0.65,0.65,0.078571,0.1
1,-1,2,0.35,0.35,-1,-1,0.7,0.7,0.078571,0.1
1,-1,2,0.35,0.35,-1,-1,0.75,0.75,0.078571,0.1
1,-1,2,0.35,0.35,-1,-1,0.8,0.8,0.078571,0.1
1,-1,2,0.35,0.35,-1,-1,0.85,0.85,0.078571,0.1
1,-1,2,0.35,0.35,-1,-1,0.9,0.9,0.078571,0.1
1,-1,2,0.35,0.35,-1,-1,0.95,0.95,0.078571,0.1
1,-1,2,0.35,0.35,-1,-1,1.0,1.0,0.078571,0.1
1,-1,2,0.4,0.35,-1,-1,0.05,0.05,0.078571,0.09898
1,-1,2,0.4,0.35,-1,-1,0.1,0.1,0.078571,0.097959
1,-1,2,0.4,0.35,-1,-1,0.15,0.15,0.078571,0.094898
1,-1,2,0.4,0.35,-1,-1,0.2,0.2,0.078571,0.092653
1,-1,2,0.4,0.35,-1,-1,0.25,0.25,0.078597,0.08898
1,-1,2,0.4,0.35,-1,-1,0.3,0.3,0.078622,0.086735
1,-1,2,0.4,0.35,-1,-1,0.35,0.35,0.078635,0.083878
1,-1,2,0.4,0.35,-1,-1,0.4,0.4,0.078635,0.081633
1,-1,2,0.4,0.35,-1,-1,0.45,0.45,0.078635,0.07898
1,-1,2,0.4,0.35,-1,-1,0.5,0.5,0.078686,0.078164
1,-1,2,0.4,0.35,-1,-1,0.55,0.55,0.078724,0.076123
1,-1,2,0.4,0.35,-1,-1,0.6,0.6,0.078775,0.074694
1,-1,2,0.4,0.35,-1,-1,0.65,0.65,0.078864,0.073878
1,-1,2,0.4,0.35,-1,-1,0.7,0.7,0.078979,0.07347
1,-1,2,0.4,0.35,-1,-1,0.75,0.75,0.079158,0.072245
1,-1,2,0.4,0.35,-1,-1,0.8,0.8,0.079528,0.072041
1,-1,2,0.4,0.35,-1,-1,0.85,0.85,0.079859,0.071633
1,-1,2,0.4,0.35,-1,-1,0.9,0.9,0.080395,0.071633
1,-1,2,0.4,0.35,-1,-1,0.95,0.95,0.081301,0.071429
1,-1,2,0.4,0.35,-1,-1,1.0,1.0,0.085714,0.071429
1,-1,2,0.45,0.35,-1,-1,0.05,0.05,0.078571,0.098214
1,-1,2,0.45,0.35,-1,-1,0.1,0.1,0.078571,0.096429
1,-1,2,0.45,0.35,-1,-1,0.15,0.15,0.078571,0.091071
1,-1,2,0.45,0.35,-1,-1,0.2,0.2,0.078571,0.087143
1,-1,2,0.45,0.35,-1,-1,0.25,0.25,0.078673,0.080714
1,-1,2,0.45,0.35,-1,-1,0.3,0.3,0.078775,0.076786
1,-1,2,0.45,0.35,-1,-1,0.35,0.35,0.078826,0.071786
1,-1,2,0.45,0.35,-1,-1,0.4,0.4,0.078826,0.067857
1,-1,2,0.45,0.35,-1,-1,0.45,0.45,0.078826,0.063214
1,-1,2,0.45,0.35,-1,-1,0.5,0.5,0.07903,0.061786
1,-1,2,0.45,0.35,-1,-1,0.55,0.55,0.079183,0.058214
1,-1,2,0.45,0.35,-1,-1,0.6,0.6,0.079387,0.055714
1,-1,2,0.45,0.35,-1,-1,0.65,0.65,0.079744,0.054286
1,-1,2,0.45,0.35,-1,-1,0.7,0.7,0.080204,0.053571
1,-1,2,0.45,0.35,-1,-1,0.75,0.75,0.080918,0.051429
1,-1,2,0.45,0.35,-1,-1,0.8,0.8,0.082398,0.051071
1,-1,2,0.45,0.35,-1,-1,0.85,0.85,0.083724,0.050357
1,-1,2,0.45,0.35,-1,-1,0.9,0.9,0.085867,0.050357
1,-1,2,0.45,0.35,-1,-1,0.95,0.95,0.08949,0.05
1,-1,2,0.45,0.35,-1,-1,1.0,1.0,0.107143,0.05
1,-1,2,0.5,0.35,-1,-1,0.05,0.05,0.078571,0.097959
1,-1,2,0.5,0.35,-1,-1,0.1,0.1,0.078571,0.095918
1,-1,2,0.5,0.35,-1,-1,0.15,0.15,0.078571,0.089796
1,-1,2,0.5,0.35,-1,-1,0.2,0.2,0.078571,0.085306
1,-1,2,0.5,0.35,-1,-1,0.25,0.25,0.078775,0.077959
1,-1,2,0.5,0.35,-1,-1,0.3,0.3,0.078979,0.073469
1,-1,2,0.5,0.35,-1,-1,0.35,0.35,0.079081,0.067755
1,-1,2,0.5,0.35,-1,-1,0.4,0.4,0.079081,0.063265
1,-1,2,0.5,0.35,-1,-1,0.45,0.45,0.079081,0.057959
1,-1,2,0.5,0.35,-1,-1,0.5,0.5,0.079489,0.056326
1,-1,2,0.5,0.35,-1,-1,0.55,0.55,0.079796,0.052245
1,-1,2,0.5,0.35,-1,-1,0.6,0.6,0.080204,0.049388
1,-1,2,0.5,0.35,-1,-1,0.65,0.65,0.080918,0.047755
1,-1,2,0.5,0.35,-1,-1,0.7,0.7,0.081836,0.046939
1,-1,2,0.5,0.35,-1,-1,0.75,0.75,0.083265,0.04449
1,-1,2,0.5,0.35,-1,-1,0.8,0.8,0.086224,0.044082
1,-1,2,0.5,0.35,-1,-1,0.85,0.85,0.088877,0.043265
1,-1,2,0.5,0.35,-1,-1,0.9,0.9,0.093163,0.043265
1,-1,2,0.5,0.35,-1,-1,0.95,0.95,0.100408,0.042857
1,-1,2,0.5,0.35,-1,-1,1.0,1.0,0.135714,0.042857
1,-1,2,0.55,0.35,-1,-1,0.05,0.05,0.078571,0.097449
1,-1,2,0.55,0.35,-1,-1,0.1,0.1,0.078571,0.094898
1,-1,2,0.55,0.35,-1,-1,0.15,0.15,0.078571,0.087245
1,-1,2,0.55,0.35,-1,-1,0.2,0.2,0.078571,0.081633
1,-1,2,0.55,0.35,-1,-1,0.25,0.25,0.078852,0.072449
1,-1,2,0.55,0.35,-1,-1,0.3,0.3,0.079132,0.066837
1,-1,2,0.55,0.35,-1,-1,0.35,0.35,0.079273,0.059694
1,-1,2,0.55,0.35,-1,-1,0.4,0.4,0.079273,0.054081
1,-1,2,0.55,0.35,-1,-1,0.45,0.45,0.079273,0.047449
1,-1,2,0.55,0.35,-1,-1,0.5,0.5,0.079834,0.045408
1,-1,2,0.55,0.35,-1,-1,0.55,0.55,0.080255,0.040306
1,-1,2,0.55,0.35,-1,-1,0.6,0.6,0.080816,0.036734
1,-1,2,0.55,0.35,-1,-1,0.65,0.65,0.081798,0.034693
1,-1,2,0.55,0.35,-1,-1,0.7,0.7,0.083061,0.033673
1,-1,2,0.55,0.35,-1,-1,0.75,0.75,0.085025,0.030612
1,-1,2,0.55,0.35,-1,-1,0.8,0.8,0.089094,0.030102
1,-1,2,0.55,0.35,-1,-1,0.85,0.85,0.092742,0.029081
1,-1,2,0.55,0.35,-1,-1,0.9,0.9,0.098635,0.029081
1,-1,2,0.55,0.35,-1,-1,0.95,0.95,0.108597,0.028571
1,-1,2,0.55,0.35,-1,-1,1.0,1.0,0.157143,0.028571
1,-1,2,0.6,0.35,-1,-1,0.05,0.05,0.078571,0.097449
1,-1,2,0.6,0.35,-1,-1,0.1,0.1,0.078571,0.094898
1,-1,2,0.6,0.35,-1,-1,0.15,0.15,0.078571,0.087245
1,-1,2,0.6,0.35,-1,-1,0.2,0.2,0.078571,0.081633
1,-1,2,0.6,0.35,-1,-1,0.25,0.25,0.079005,0.072449
1,-1,2,0.6,0.35,-1,-1,0.3,0.3,0.079438,0.066837
1,-1,2,0.6,0.35,-1,-1,0.35,0.35,0.079655,0.059694
1,-1,2,0.6,0.35,-1,-1,0.4,0.4,0.079655,0.054081
1,-1,2,0.6,0.35,-1,-1,0.45,0.45,0.079655,0.047449
1,-1,2,0.6,0.35,-1,-1,0.5,0.5,0.080522,0.045408
1,-1,2,0.6,0.35,-1,-1,0.55,0.55,0.081173,0.040306
1,-1,2,0.6,0.35,-1,-1,0.6,0.6,0.08204,0.036734
1,-1,2,0.6,0.35,-1,-1,0.65,0.65,0.083558,0.034693
1,-1,2,0.6,0.35,-1,-1,0.7,0.7,0.08551,0.033673
1,-1,2,0.6,0.35,-1,-1,0.75,0.75,0.088546,0.030612
1,-1,2,0.6,0.35,-1,-1,0.8,0.8,0.094834,0.030102
1,-1,2,0.6,0.35,-1,-1,0.85,0.85,0.100472,0.029081
1,-1,2,0.6,0.35,-1,-1,0.9,0.9,0.109579,0.029081
1,-1,2,0.6,0.35,-1,-1,0.95,0.95,0.124974,0.028571
1,-1,2,0.6,0.35,-1,-1,1.0,1.0,0.2,0.028571
1,-1,2,0.65,0.35,-1,-1,0.05,0.05,0.078571,0.097449
1,-1,2,0.65,0.35,-1,-1,0.1,0.1,0.078571,0.094898
1,-1,2,0.65,0.35,-1,-1,0.15,0.15,0.078571,0.087245
1,-1,2,0.65,0.35,-1,-1,0.2,0.2,0.078571,0.081633
1,-1,2,0.65,0.35,-1,-1,0.25,0.25,0.079056,0.072449
1,-1,2,0.65,0.35,-1,-1,0.3,0.3,0.07954,0.066837
1,-1,2,0.65,0.35,-1,-1,0.35,0.35,0.079783,0.059694
1,-1,2,0.65,0.35,-1,-1,0.4,0.4,0.079783,0.054081
1,-1,2,0.65,0.35,-1,-1,0.45,0.45,0.079783,0.047449
1,-1,2,0.65,0.35,-1,-1,0.5,0.5,0.080752,0.045408
1,-1,2,0.65,0.35,-1,-1,0.55,0.55,0.081479,0.040306
1,-1,2,0.65,0.35,-1,-1,0.6,0.6,0.082449,0.036734
1,-1,2,0.65,0.35,-1,-1,0.65,0.65,0.084145,0.034693
1,-1,2,0.65,0.35,-1,-1,0.7,0.7,0.086326,0.033673
1,-1,2,0.65,0.35,-1,-1,0.75,0.75,0.089719,0.030612
1,-1,2,0.65,0.35,-1,-1,0.8,0.8,0.096747,0.030102
1,-1,2,0.65,0.35,-1,-1,0.85,0.85,0.103048,0.029081
1,-1,2,0.65,0.35,-1,-1,0.9,0.9,0.113227,0.029081
1,-1,2,0.65,0.35,-1,-1,0.95,0.95,0.130434,0.028571
1,-1,2,0.65,0.35,-1,-1,1.0,1.0,0.214286,0.028571
1,-1,2,0.7,0.35,-1,-1,0.05,0.05,0.078571,0.097194
1,-1,2,0.7,0.35,-1,-1,0.1,0.1,0.078571,0.094388
1,-1,2,0.7,0.35,-1,-1,0.15,0.15,0.078571,0.085969
1,-1,2,0.7,0.35,-1,-1,0.2,0.2,0.078571,0.079796
1,-1,2,0.7,0.35,-1,-1,0.25,0.25,0.079132,0.069694
1,-1,2,0.7,0.35,-1,-1,0.3,0.3,0.079693,0.063521
1,-1,2,0.7,0.35,-1,-1,0.35,0.35,0.079974,0.055663
1,-1,2,0.7,0.35,-1,-1,0.4,0.4,0.079974,0.04949
1,-1,2,0.7,0.35,-1,-1,0.45,0.45,0.079974,0.042194
1,-1,2,0.7,0.35,-1,-1,0.5,0.5,0.081096,0.039949
1,-1,2,0.7,0.35,-1,-1,0.55,0.55,0.081938,0.034337
1,-1,2,0.7,0.35,-1,-1,0.6,0.6,0.083061,0.030409
1,-1,2,0.7,0.35,-1,-1,0.65,0.65,0.085025,0.028164
1,-1,2,0.7,0.35,-1,-1,0.7,0.7,0.087551,0.027041
1,-1,2,0.7,0.35,-1,-1,0.75,0.75,0.091479,0.023674
1,-1,2,0.7,0.35,-1,-1,0.8,0.8,0.099617,0.023113
1,-1,2,0.7,0.35,-1,-1,0.85,0.85,0.106913,0.02199
1,-1,2,0.7,0.35,-1,-1,0.9,0.9,0.118699,0.02199
1,-1,2,0.7,0.35,-1,-1,0.95,0.95,0.138622,0.021429
1,-1,2,0.7,0.35,-1,-1,1.0,1.0,0.235714,0.021429
1,-1,2,0.75,0.35,-1,-1,0.05,0.05,0.078571,0.096684
1,-1,2,0.75,0.35,-1,-1,0.1,0.1,0.078571,0.093367
1,-1,2,0.75,0.35,-1,-1,0.15,0.15,0.078571,0.083418
1,-1,2,0.75,0.35,-1,-1,0.2,0.2,0.078571,0.076122
1,-1,2,0.75,0.35,-1,-1,0.25,0.25,0.079183,0.064184
1,-1,2,0.75,0.35,-1,-1,0.3,0.3,0.079796,0.056888
1,-1,2,0.75,0.35,-1,-1,0.35,0.35,0.080102,0.047602
1,-1,2,0.75,0.35,-1,-1,0.4,0.4,0.080102,0.040306
1,-1,2,0.75,0.35,-1,-1,0.45,0.45,0.080102,0.031684
1,-1,2,0.75,0.35,-1,-1,0.5,0.5,0.081326,0.029031
1,-1,2,0.75,0.35,-1,-1,0.55,0.55,0.082245,0.022398
1,-1,2,0.75,0.35,-1,-1,0.6,0.6,0.083469,0.017755
1,-1,2,0.75,0.35,-1,-1,0.65,0.65,0.085612,0.015102
1,-1,2,0.75,0.35,-1,-1,0.7,0.7,0.088367,0.013776
1,-1,2,0.75,0.35,-1,-1,0.75,0.75,0.092653,0.009796
1,-1,2,0.75,0.35,-1,-1,0.8,0.8,0.10153,0.009133
1,-1,2,0.75,0.35,-1,-1,0.85,0.85,0.109489,0.007806
1,-1,2,0.75,0.35,-1,-1,0.9,0.9,0.122347,0.007806
1,-1,2,0.75,0.35,-1,-1,0.95,0.95,0.144081,0.007143
1,-1,2,0.75,0.35,-1,-1,1.0,1.0,0.25,0.007143
1,-1,2,0.8,0.35,-1,-1,0.05,0.05,0.078571,0.096684
1,-1,2,0.8,0.35,-1,-1,0.1,0.1,0.078571,0.093367
1,-1,2,0.8,0.35,-1,-1,0.15,0.15,0.078571,0.083418
1,-1,2,0.8,0.35,-1,-1,0.2,0.2,0.078571,0.076122
1,-1,2,0.8,0.35,-1,-1,0.25,0.25,0.07926,0.064184
1,-1,2,0.8,0.35,-1,-1,0.3,0.3,0.079949,0.056888
1,-1,2,0.8,0.35,-1,-1,0.35,0.35,0.080293,0.047602
1,-1,2,0.8,0.35,-1,-1,0.4,0.4,0.080293,0.040306
1,-1,2,0.8,0.35,-1,-1,0.45,0.45,0.080293,0.031684
1,-1,2,0.8,0.35,-1,-1,0.5,0.5,0.08167,0.029031
1,-1,2,0.8,0.35,-1,-1,0.55,0.55,0.082704,0.022398
1,-1,2,0.8,0.35,-1,-1,0.6,0.6,0.084081,0.017755
1,-1,2,0.8,0.35,-1,-1,0.65,0.65,0.086492,0.015102
1,-1,2,0.8,0.35,-1,-1,0.7,0.7,0.089591,0.013776
1,-1,2,0.8,0.35,-1,-1,0.75,0.75,0.094413,0.009796
1,-1,2,0.8,0.35,-1,-1,0.8,0.8,0.1044,0.009133
1,-1,2,0.8,0.35,-1,-1,0.85,0.85,0.113354,0.007806
1,-1,2,0.8,0.35,-1,-1,0.9,0.9,0.127819,0.007806
1,-1,2,0.8,0.35,-1,-1,0.95,0.95,0.15227,0.007143
1,-1,2,0.8,0.35,-1,-1,1.0,1.0,0.271429,0.007143
1,-1,2,0.85,0.35,-1,-1,0.05,0.05,0.078571,0.096429
1,-1,2,0.85,0.35,-1,-1,0.1,0.1,0.078571,0.092857
1,-1,2,0.85,0.35,-1,-1,0.15,0.15,0.078571,0.082143
1,-1,2,0.85,0.35,-1,-1,0.2,0.2,0.078571,0.074286
1,-1,2,0.85,0.35,-1,-1,0.25,0.25,0.079336,0.061429
1,-1,2,0.85,0.35,-1,-1,0.3,0.3,0.080102,0.053571
1,-1,2,0.85,0.35,-1,-1,0.35,0.35,0.080484,0.043571
1,-1,2,0.85,0.35,-1,-1,0.4,0.4,0.080484,0.035714
1,-1,2,0.85,0.35,-1,-1,0.45,0.45,0.080484,0.026429
1,-1,2,0.85,0.35,-1,-1,0.5,0.5,0.082015,0.023571
1,-1,2,0.85,0.35,-1,-1,0.55,0.55,0.083163,0.016429
1,-1,2,0.85,0.35,-1,-1,0.6,0.6,0.084693,0.011429
1,-1,2,0.85,0.35,-1,-1,0.65,0.65,0.087372,0.008571
1,-1,2,0.85,0.35,-1,-1,0.7,0.7,0.090816,0.007143
1,-1,2,0.85,0.35,-1,-1,0.75,0.75,0.096173,0.002857
1,-1,2,0.85,0.35,-1,-1,0.8,0.8,0.10727,0.002143
1,-1,2,0.85,0.35,-1,-1,0.85,0.85,0.117219,0.000714
1,-1,2,0.85,0.35,-1,-1,0.9,0.9,0.13329,0.000714
1,-1,2,0.85,0.35,-1,-1,0.95,0.95,0.160459,0.0
1,-1,2,0.85,0.35,-1,-1,1.0,1.0,0.292857,0.0
1,-1,2,0.9,0.35,-1,-1,0.05,0.05,0.078571,0.096429
1,-1,2,0.9,0.35,-1,-1,0.1,0.1,0.078571,0.092857
1,-1,2,0.9,0.35,-1,-1,0.15,0.15,0.078571,0.082143
1,-1,2,0.9,0.35,-1,-1,0.2,0.2,0.078571,0.074286
1,-1,2,0.9,0.35,-1,-1,0.25,0.25,0.07954,0.061429
1,-1,2,0.9,0.35,-1,-1,0.3,0.3,0.08051,0.053571
1,-1,2,0.9,0.35,-1,-1,0.35,0.35,0.080995,0.043571
1,-1,2,0.9,0.35,-1,-1,0.4,0.4,0.080995,0.035714
1,-1,2,0.9,0.35,-1,-1,0.45,0.45,0.080995,0.026429
1,-1,2,0.9,0.35,-1,-1,0.5,0.5,0.082933,0.023571
1,-1,2,0.9,0.35,-1,-1,0.55,0.55,0.084387,0.016429
1,-1,2,0.9,0.35,-1,-1,0.6,0.6,0.086326,0.011429
1,-1,2,0.9,0.35,-1,-1,0.65,0.65,0.089719,0.008571
1,-1,2,0.9,0.35,-1,-1,0.7,0.7,0.094081,0.007143
1,-1,2,0.9,0.35,-1,-1,0.75,0.75,0.100867,0.002857
1,-1,2,0.9,0.35,-1,-1,0.8,0.8,0.114923,0.002143
1,-1,2,0.9,0.35,-1,-1,0.85,0.85,0.127525,0.000714
1,-1,2,0.9,0.35,-1,-1,0.9,0.9,0.147882,0.000714
1,-1,2,0.9,0.35,-1,-1,0.95,0.95,0.182296,0.0
1,-1,2,0.9,0.35,-1,-1,1.0,1.0,0.35,0.0
1,-1,2,0.95,0.35,-1,-1,0.05,0.05,0.078571,0.096429
1,-1,2,0.95,0.35,-1,-1,0.1,0.1,0.078571,0.092857
1,-1,2,0.95,0.35,-1,-1,0.15,0.15,0.078571,0.082143
1,-1,2,0.95,0.35,-1,-1,0.2,0.2,0.078571,0.074286
1,-1,2,0.95,0.35,-1,-1,0.25,0.25,0.079821,0.061429
1,-1,2,0.95,0.35,-1,-1,0.3,0.3,0.081071,0.053571
1,-1,2,0.95,0.35,-1,-1,0.35,0.35,0.081696,0.043571
1,-1,2,0.95,0.35,-1,-1,0.4,0.4,0.081696,0.035714
1,-1,2,0.95,0.35,-1,-1,0.45,0.45,0.081696,0.026429
1,-1,2,0.95,0.35,-1,-1,0.5,0.5,0.084196,0.023571
1,-1,2,0.95,0.35,-1,-1,0.55,0.55,0.086071,0.016429
1,-1,2,0.95,0.35,-1,-1,0.6,0.6,0.088571,0.011429
1,-1,2,0.95,0.35,-1,-1,0.65,0.65,0.092946,0.008571
1,-1,2,0.95,0.35,-1,-1,0.7,0.7,0.098571,0.007143
1,-1,2,0.95,0.35,-1,-1,0.75,0.75,0.107321,0.002857
1,-1,2,0.95,0.35,-1,-1,0.8,0.8,0.125446,0.002143
1,-1,2,0.95,0.35,-1,-1,0.85,0.85,0.141696,0.000714
1,-1,2,0.95,0.35,-1,-1,0.9,0.9,0.167946,0.000714
1,-1,2,0.95,0.35,-1,-1,0.95,0.95,0.212321,0.0
1,-1,2,0.95,0.35,-1,-1,1.0,1.0,0.428571,0.0
1,-1,2,1.0,0.35,-1,-1,0.05,0.05,0.078571,0.096429
1,-1,2,1.0,0.35,-1,-1,0.1,0.1,0.078571,0.092857
1,-1,2,1.0,0.35,-1,-1,0.15,0.15,0.078571,0.082143
1,-1,2,1.0,0.35,-1,-1,0.2,0.2,0.078571,0.074286
1,-1,2,1.0,0.35,-1,-1,0.25,0.25,0.081861,0.061429
1,-1,2,1.0,0.35,-1,-1,0.3,0.3,0.085153,0.053571
1,-1,2,1.0,0.35,-1,-1,0.35,0.35,0.086798,0.043571
1,-1,2,1.0,0.35,-1,-1,0.4,0.4,0.086798,0.035714
1,-1,2,1.0,0.35,-1,-1,0.45,0.45,0.086798,0.026429
1,-1,2,1.0,0.35,-1,-1,0.5,0.5,0.093379,0.023571
1,-1,2,1.0,0.35,-1,-1,0.55,0.55,0.098316,0.016429
1,-1,2,1.0,0.35,-1,-1,0.6,0.6,0.104897,0.011429
1,-1,2,1.0,0.35,-1,-1,0.65,0.65,0.116415,0.008571
1,-1,2,1.0,0.35,-1,-1,0.7,0.7,0.131224,0.007143
1,-1,2,1.0,0.35,-1,-1,0.75,0.75,0.15426,0.002857
1,-1,2,1.0,0.35,-1,-1,0.8,0.8,0.201977,0.002143
1,-1,2,1.0,0.35,-1,-1,0.85,0.85,0.244757,0.000714
1,-1,2,1.0,0.35,-1,-1,0.9,0.9,0.313864,0.000714
1,-1,2,1.0,0.35,-1,-1,0.95,0.95,0.430689,0.0
1,-1,2,1.0,0.35,-1,-1,1.0,1.0,1.0,0.0
1,-1,2,0.4,0.4,-1,-1,0.05,0.05,0.085714,0.071429
1,-1,2,0.4,0.4,-1,-1,0.1,0.1,0.085714,0.071429
1,-1,2,0.4,0.4,-1,-1,0.15,0.15,0.085714,0.071429
1,-1,2,0.4,0.4,-1,-1,0.2,0.2,0.085714,0.071429
1,-1,2,0.4,0.4,-1,-1,0.25,0.25,0.085714,0.071429
1,-1,2,0.4,0.4,-1,-1,0.3,0.3,0.085714,0.071429
1,-1,2,0.4,0.4,-1,-1,0.35,0.35,0.085714,0.071429
1,-1,2,0.4,0.4,-1,-1,0.4,0.4,0.085714,0.071429
1,-1,2,0.4,0.4,-1,-1,0.45,0.45,0.085714,0.071429
1,-1,2,0.4,0.4,-1,-1,0.5,0.5,0.085714,0.071429
1,-1,2,0.4,0.4,-1,-1,0.55,0.55,0.085714,0.071429
1,-1,2,0.4,0.4,-1,-1,0.6,0.6,0.085714,0.071429
1,-1,2,0.4,0.4,-1,-1,0.65,0.65,0.085714,0.071429
1,-1,2,0.4,0.4,-1,-1,0.7,0.7,0.085714,0.071429
1,-1,2,0.4,0.4,-1,-1,0.75,0.75,0.085714,0.071429
1,-1,2,0.4,0.4,-1,-1,0.8,0.8,0.085714,0.071429
1,-1,2,0.4,0.4,-1,-1,0.85,0.85,0.085714,0.071429
1,-1,2,0.4,0.4,-1,-1,0.9,0.9,0.085714,0.071429
1,-1,2,0.4,0.4,-1,-1,0.95,0.95,0.085714,0.071429
1,-1,2,0.4,0.4,-1,-1,1.0,1.0,0.085714,0.071429
1,-1,2,0.45,0.4,-1,-1,0.05,0.05,0.085714,0.070664
1,-1,2,0.45,0.4,-1,-1,0.1,0.1,0.085714,0.069898
1,-1,2,0.45,0.4,-1,-1,0.15,0.15,0.085714,0.067602
1,-1,2,0.45,0.4,-1,-1,0.2,0.2,0.085714,0.065919
1,-1,2,0.45,0.4,-1,-1,0.25,0.25,0.085791,0.063164
1,-1,2,0.45,0.4,-1,-1,0.3,0.3,0.085867,0.06148
1,-1,2,0.45,0.4,-1,-1,0.35,0.35,0.085905,0.059337
1,-1,2,0.45,0.4,-1,-1,0.4,0.4,0.085905,0.057653
1,-1,2,0.45,0.4,-1,-1,0.45,0.45,0.085905,0.055663
1,-1,2,0.45,0.4,-1,-1,0.5,0.5,0.086058,0.055051
1,-1,2,0.45,0.4,-1,-1,0.55,0.55,0.086173,0.05352
1,-1,2,0.45,0.4,-1,-1,0.6,0.6,0.086326,0.052449
1,-1,2,0.45,0.4,-1,-1,0.65,0.65,0.086594,0.051837
1,-1,2,0.45,0.4,-1,-1,0.7,0.7,0.086939,0.051531
1,-1,2,0.45,0.4,-1,-1,0.75,0.75,0.087474,0.050612
1,-1,2,0.45,0.4,-1,-1,0.8,0.8,0.088584,0.050459
1,-1,2,0.45,0.4,-1,-1,0.85,0.85,0.089579,0.050153
1,-1,2,0.45,0.4,-1,-1,0.9,0.9,0.091186,0.050153
1,-1,2,0.45,0.4,-1,-1,0.95,0.95,0.093903,0.05
1,-1,2,0.45,0.4,-1,-1,1.0,1.0,0.107143,0.05
1,-1,2,0.5,0.4,-1,-1,0.05,0.05,0.085714,0.070409
1,-1,2,0.5,0.4,-1,-1,0.1,0.1,0.085714,0.069388
1,-1,2,0.5,0.4,-1,-1,0.15,0.15,0.085714,0.066327
1,-1,2,0.5,0.4,-1,-1,0.2,0.2,0.085714,0.064082
1,-1,2,0.5,0.4,-1,-1,0.25,0.25,0.085893,0.060408
1,-1,2,0.5,0.4,-1,-1,0.3,0.3,0.086071,0.058163
1,-1,2,0.5,0.4,-1,-1,0.35,0.35,0.08616,0.055306
1,-1,2,0.5,0.4,-1,-1,0.4,0.4,0.08616,0.053061
1,-1,2,0.5,0.4,-1,-1,0.45,0.45,0.08616,0.050408
1,-1,2,0.5,0.4,-1,-1,0.5,0.5,0.086518,0.049592
1,-1,2,0.5,0.4,-1,-1,0.55,0.55,0.086785,0.047551
1,-1,2,0.5,0.4,-1,-1,0.6,0.6,0.087143,0.046122
1,-1,2,0.5,0.4,-1,-1,0.65,0.65,0.087768,0.045306
1,-1,2,0.5,0.4,-1,-1,0.7,0.7,0.088571,0.044898
1,-1,2,0.5,0.4,-1,-1,0.75,0.75,0.089821,0.043673
1,-1,2,0.5,0.4,-1,-1,0.8,0.8,0.09241,0.043469
1,-1,2,0.5,0.4,-1,-1,0.85,0.85,0.094732,0.043061
1,-1,2,0.5,0.4,-1,-1,0.9,0.9,0.098482,0.043061
1,-1,2,0.5,0.4,-1,-1,0.95,0.95,0.104821,0.042857
1,-1,2,0.5,0.4,-1,-1,1.0,1.0,0.135714,0.042857
1,-1,2,0.55,0.4,-1,-1,0.05,0.05,0.085714,0.069898
1,-1,2,0.55,0.4,-1,-1,0.1,0.1,0.085714,0.068368
1,-1,2,0.55,0.4,-1,-1,0.15,0.15,0.085714,0.063776
1,-1,2,0.55,0.4,-1,-1,0.2,0.2,0.085714,0.060408
1,-1,2,0.55,0.4,-1,-1,0.25,0.25,0.085969,0.054898
1,-1,2,0.55,0.4,-1,-1,0.3,0.3,0.086224,0.051531
1,-1,2,0.55,0.4,-1,-1,0.35,0.35,0.086352,0.047245
1,-1,2,0.55,0.4,-1,-1,0.4,0.4,0.086352,0.043877
1,-1,2,0.55,0.4,-1,-1,0.45,0.45,0.086352,0.039898
1,-1,2,0.55,0.4,-1,-1,0.5,0.5,0.086862,0.038673
1,-1,2,0.55,0.4,-1,-1,0.55,0.55,0.087245,0.035612
1,-1,2,0.55,0.4,-1,-1,0.6,0.6,0.087755,0.033469
1,-1,2,0.55,0.4,-1,-1,0.65,0.65,0.088648,0.032245
1,-1,2,0.55,0.4,-1,-1,0.7,0.7,0.089796,0.031632
1,-1,2,0.55,0.4,-1,-1,0.75,0.75,0.091581,0.029795
1,-1,2,0.55,0.4,-1,-1,0.8,0.8,0.09528,0.029489
1,-1,2,0.55,0.4,-1,-1,0.85,0.85,0.098597,0.028877
1,-1,2,0.55,0.4,-1,-1,0.9,0.9,0.103954,0.028877
1,-1,2,0.55,0.4,-1,-1,0.95,0.95,0.11301,0.028571
1,-1,2,0.55,0.4,-1,-1,1.0,1.0,0.157143,0.028571
1,-1,2,0.6,0.4,-1,-1,0.05,0.05,0.085714,0.069898
1,-1,2,0.6,0.4,-1,-1,0.1,0.1,0.085714,0.068368
1,-1,2,0.6,0.4,-1,-1,0.15,0.15,0.085714,0.063776
1,-1,2,0.6,0.4,-1,-1,0.2,0.2,0.085714,0.060408
1,-1,2,0.6,0.4,-1,-1,0.25,0.25,0.086122,0.054898
1,-1,2,0.6,0.4,-1,-1,0.3,0.3,0.08653,0.051531
1,-1,2,0.6,0.4,-1,-1,0.35,0.35,0.086734,0.047245
1,-1,2,0.6,0.4,-1,-1,0.4,0.4,0.086734,0.043877
1,-1,2,0.6,0.4,-1,-1,0.45,0.45,0.086734,0.039898
1,-1,2,0.6,0.4,-1,-1,0.5,0.5,0.087551,0.038673
1,-1,2,0.6,0.4,-1,-1,0.55,0.55,0.088163,0.035612
1,-1,2,0.6,0.4,-1,-1,0.6,0.6,0.088979,0.033469
1,-1,2,0.6,0.4,-1,-1,0.65,0.65,0.090408,0.032245
1,-1,2,0.6,0.4,-1,-1,0.7,0.7,0.092245,0.031632
1,-1,2,0.6,0.4,-1,-1,0.75,0.75,0.095102,0.029795
1,-1,2,0.6,0.4,-1,-1,0.8,0.8,0.10102,0.029489
1,-1,2,0.6,0.4,-1,-1,0.85,0.85,0.106326,0.028877
1,-1,2,0.6,0.4,-1,-1,0.9,0.9,0.114898,0.028877
1,-1,2,0.6,0.4,-1,-1,0.95,0.95,0.129388,0.028571
1,-1,2,0.6,0.4,-1,-1,1.0,1.0,0.2,0.028571
1,-1,2,0.65,0.4,-1,-1,0.05,0.05,0.085714,0.069898
1,-1,2,0.65,0.4,-1,-1,0.1,0.1,0.085714,0.068368
1,-1,2,0.65,0.4,-1,-1,0.15,0.15,0.085714,0.063776
1,-1,2,0.65,0.4,-1,-1,0.2,0.2,0.085714,0.060408
1,-1,2,0.65,0.4,-1,-1,0.25,0.25,0.086173,0.054898
1,-1,2,0.65,0.4,-1,-1,0.3,0.3,0.086632,0.051531
1,-1,2,0.65,0.4,-1,-1,0.35,0.35,0.086862,0.047245
1,-1,2,0.65,0.4,-1,-1,0.4,0.4,0.086862,0.043877
1,-1,2,0.65,0.4,-1,-1,0.45,0.45,0.086862,0.039898
1,-1,2,0.65,0.4,-1,-1,0.5,0.5,0.08778,0.038673
1,-1,2,0.65,0.4,-1,-1,0.55,0.55,0.088469,0.035612
1,-1,2,0.65,0.4,-1,-1,0.6,0.6,0.089387,0.033469
1,-1,2,0.65,0.4,-1,-1,0.65,0.65,0.090995,0.032245
1,-1,2,0.65,0.4,-1,-1,0.7,0.7,0.093061,0.031632
1,-1,2,0.65,0.4,-1,-1,0.75,0.75,0.096275,0.029795
1,-1,2,0.65,0.4,-1,-1,0.8,0.8,0.102934,0.029489
1,-1,2,0.65,0.4,-1,-1,0.85,0.85,0.108903,0.028877
1,-1,2,0.65,0.4,-1,-1,0.9,0.9,0.118546,0.028877
1,-1,2,0.65,0.4,-1,-1,0.95,0.95,0.134847,0.028571
1,-1,2,0.65,0.4,-1,-1,1.0,1.0,0.214286,0.028571
1,-1,2,0.7,0.4,-1,-1,0.05,0.05,0.085714,0.069643
1,-1,2,0.7,0.4,-1,-1,0.1,0.1,0.085714,0.067858
1,-1,2,0.7,0.4,-1,-1,0.15,0.15,0.085714,0.0625
1,-1,2,0.7,0.4,-1,-1,0.2,0.2,0.085714,0.058572
1,-1,2,0.7,0.4,-1,-1,0.25,0.25,0.08625,0.052143
1,-1,2,0.7,0.4,-1,-1,0.3,0.3,0.086785,0.048215
1,-1,2,0.7,0.4,-1,-1,0.35,0.35,0.087053,0.043215
1,-1,2,0.7,0.4,-1,-1,0.4,0.4,0.087053,0.039286
1,-1,2,0.7,0.4,-1,-1,0.45,0.45,0.087053,0.034643
1,-1,2,0.7,0.4,-1,-1,0.5,0.5,0.088125,0.033215
1,-1,2,0.7,0.4,-1,-1,0.55,0.55,0.088928,0.029643
1,-1,2,0.7,0.4,-1,-1,0.6,0.6,0.09,0.027143
1,-1,2,0.7,0.4,-1,-1,0.65,0.65,0.091875,0.025715
1,-1,2,0.7,0.4,-1,-1,0.7,0.7,0.094285,0.025
1,-1,2,0.7,0.4,-1,-1,0.75,0.75,0.098035,0.022858
1,-1,2,0.7,0.4,-1,-1,0.8,0.8,0.105803,0.0225
1,-1,2,0.7,0.4,-1,-1,0.85,0.85,0.112768,0.021786
1,-1,2,0.7,0.4,-1,-1,0.9,0.9,0.124018,0.021786
1,-1,2,0.7,0.4,-1,-1,0.95,0.95,0.143035,0.021429
1,-1,2,0.7,0.4,-1,-1,1.0,1.0,0.235714,0.021429
1,-1,2,0.75,0.4,-1,-1,0.05,0.05,0.085714,0.069133
1,-1,2,0.75,0.4,-1,-1,0.1,0.1,0.085714,0.066837
1,-1,2,0.75,0.4,-1,-1,0.15,0.15,0.085714,0.059949
1,-1,2,0.75,0.4,-1,-1,0.2,0.2,0.085714,0.054898
1,-1,2,0.75,0.4,-1,-1,0.25,0.25,0.086301,0.046633
1,-1,2,0.75,0.4,-1,-1,0.3,0.3,0.086887,0.041582
1,-1,2,0.75,0.4,-1,-1,0.35,0.35,0.087181,0.035153
1,-1,2,0.75,0.4,-1,-1,0.4,0.4,0.087181,0.030102
1,-1,2,0.75,0.4,-1,-1,0.45,0.45,0.087181,0.024133
1,-1,2,0.75,0.4,-1,-1,0.5,0.5,0.088354,0.022296
1,-1,2,0.75,0.4,-1,-1,0.55,0.55,0.089234,0.017704
1,-1,2,0.75,0.4,-1,-1,0.6,0.6,0.090408,0.01449
1,-1,2,0.75,0.4,-1,-1,0.65,0.65,0.092461,0.012653
1,-1,2,0.75,0.4,-1,-1,0.7,0.7,0.095102,0.011735
1,-1,2,0.75,0.4,-1,-1,0.75,0.75,0.099209,0.00898
1,-1,2,0.75,0.4,-1,-1,0.8,0.8,0.107717,0.008521
1,-1,2,0.75,0.4,-1,-1,0.85,0.85,0.115344,0.007602
1,-1,2,0.75,0.4,-1,-1,0.9,0.9,0.127666,0.007602
1,-1,2,0.75,0.4,-1,-1,0.95,0.95,0.148495,0.007143
1,-1,2,0.75,0.4,-1,-1,1.0,1.0,0.25,0.007143
1,-1,2,0.8,0.4,-1,-1,0.05,0.05,0.085714,0.069133
1,-1,2,0.8,0.4,-1,-1,0.1,0.1,0.085714,0.066837
1,-1,2,0.8,0.4,-1,-1,0.15,0.15,0.085714,0.059949
1,-1,2,0.8,0.4,-1,-1,0.2,0.2,0.085714,0.054898
1,-1,2,0.8,0.4,-1,-1,0.25,0.25,0.086377,0.046633
1,-1,2,0.8,0.4,-1,-1,0.3,0.3,0.087041,0.041582
1,-1,2,0.8,0.4,-1,-1,0.35,0.35,0.087372,0.035153
1,-1,2,0.8,0.4,-1,-1,0.4,0.4,0.087372,0.030102
1,-1,2,0.8,0.4,-1,-1,0.45,0.45,0.087372,0.024133
1,-1,2,0.8,0.4,-1,-1,0.5,0.5,0.088699,0.022296
1,-1,2,0.8,0.4,-1,-1,0.55,0.55,0.089694,0.017704
1,-1,2,0.8,0.4,-1,-1,0.6,0.6,0.09102,0.01449
1,-1,2,0.8,0.4,-1,-1,0.65,0.65,0.093342,0.012653
1,-1,2,0.8,0.4,-1,-1,0.7,0.7,0.096326,0.011735
1,-1,2,0.8,0.4,-1,-1,0.75,0.75,0.100969,0.00898
1,-1,2,0.8,0.4,-1,-1,0.8,0.8,0.110587,0.008521
1,-1,2,0.8,0.4,-1,-1,0.85,0.85,0.119209,0.007602
1,-1,2,0.8,0.4,-1,-1,0.9,0.9,0.133138,0.007602
1,-1,2,0.8,0.4,-1,-1,0.95,0.95,0.156684,0.007143
1,-1,2,0.8,0.4,-1,-1,1.0,1.0,0.271429,0.007143
1,-1,2,0.85,0.4,-1,-1,0.05,0.05,0.085714,0.068878
1,-1,2,0.85,0.4,-1,-1,0.1,0.1,0.085714,0.066327
1,-1,2,0.85,0.4,-1,-1,0.15,0.15,0.085714,0.058674
1,-1,2,0.85,0.4,-1,-1,0.2,0.2,0.085714,0.053062
1,-1,2,0.85,0.4,-1,-1,0.25,0.25,0.086454,0.043878
1,-1,2,0.85,0.4,-1,-1,0.3,0.3,0.087194,0.038266
1,-1,2,0.85,0.4,-1,-1,0.35,0.35,0.087564,0.031123
1,-1,2,0.85,0.4,-1,-1,0.4,0.4,0.087564,0.02551
1,-1,2,0.85,0.4,-1,-1,0.45,0.45,0.087564,0.018878
1,-1,2,0.85,0.4,-1,-1,0.5,0.5,0.089043,0.016837
1,-1,2,0.85,0.4,-1,-1,0.55,0.55,0.090153,0.011735
1,-1,2,0.85,0.4,-1,-1,0.6,0.6,0.091632,0.008163
1,-1,2,0.85,0.4,-1,-1,0.65,0.65,0.094222,0.006122
1,-1,2,0.85,0.4,-1,-1,0.7,0.7,0.097551,0.005102
1,-1,2,0.85,0.4,-1,-1,0.75,0.75,0.102729,0.002041
1,-1,2,0.85,0.4,-1,-1,0.8,0.8,0.113456,0.001531
1,-1,2,0.85,0.4,-1,-1,0.85,0.85,0.123074,0.00051
1,-1,2,0.85,0.4,-1,-1,0.9,0.9,0.138609,0.00051
1,-1,2,0.85,0.4,-1,-1,0.95,0.95,0.164872,0.0
1,-1,2,0.85,0.4,-1,-1,1.0,1.0,0.292857,0.0
1,-1,2,0.9,0.4,-1,-1,0.05,0.05,0.085714,0.068878
1,-1,2,0.9,0.4,-1,-1,0.1,0.1,0.085714,0.066327
1,-1,2,0.9,0.4,-1,-1,0.15,0.15,0.085714,0.058674
1,-1,2,0.9,0.4,-1,-1,0.2,0.2,0.085714,0.053062
1,-1,2,0.9,0.4,-1,-1,0.25,0.25,0.086658,0.043878
1,-1,2,0.9,0.4,-1,-1,0.3,0.3,0.087602,0.038266
1,-1,2,0.9,0.4,-1,-1,0.35,0.35,0.088074,0.031123
1,-1,2,0.9,0.4,-1,-1,0.4,0.4,0.088074,0.02551
1,-1,2,0.9,0.4,-1,-1,0.45,0.45,0.088074,0.018878
1,-1,2,0.9,0.4,-1,-1,0.5,0.5,0.089961,0.016837
1,-1,2,0.9,0.4,-1,-1,0.55,0.55,0.091377,0.011735
1,-1,2,0.9,0.4,-1,-1,0.6,0.6,0.093265,0.008163
1,-1,2,0.9,0.4,-1,-1,0.65,0.65,0.096568,0.006122
1,-1,2,0.9,0.4,-1,-1,0.7,0.7,0.100816,0.005102
1,-1,2,0.9,0.4,-1,-1,0.75,0.75,0.107423,0.002041
1,-1,2,0.9,0.4,-1,-1,0.8,0.8,0.12111,0.001531
1,-1,2,0.9,0.4,-1,-1,0.85,0.85,0.13338,0.00051
1,-1,2,0.9,0.4,-1,-1,0.9,0.9,0.153201,0.00051
1,-1,2,0.9,0.4,-1,-1,0.95,0.95,0.186709,0.0
1,-1,2,0.9,0.4,-1,-1,1.0,1.0,0.35,0.0
1,-1,2,0.95,0.4,-1,-1,0.05,0.05,0.085714,0.068878
1,-1,2,0.95,0.4,-1,-1,0.1,0.1,0.085714,0.066327
1,-1,2,0.95,0.4,-1,-1,0.15,0.15,0.085714,0.058674
1,-1,2,0.95,0.4,-1,-1,0.2,0.2,0.085714,0.053062
1,-1,2,0.95,0.4,-1,-1,0.25,0.25,0.086938,0.043878
1,-1,2,0.95,0.4,-1,-1,0.3,0.3,0.088163,0.038266
1,-1,2,0.95,0.4,-1,-1,0.35,0.35,0.088775,0.031123
1,-1,2,0.95,0.4,-1,-1,0.4,0.4,0.088775,0.02551
1,-1,2,0.95,0.4,-1,-1,0.45,0.45,0.088775,0.018878
1,-1,2,0.95,0.4,-1,-1,0.5,0.5,0.091224,0.016837
1,-1,2,0.95,0.4,-1,-1,0.55,0.55,0.093061,0.011735
1,-1,2,0.95,0.4,-1,-1,0.6,0.6,0.09551,0.008163
1,-1,2,0.95,0.4,-1,-1,0.65,0.65,0.099795,0.006122
1,-1,2,0.95,0.4,-1,-1,0.7,0.7,0.105306,0.005102
1,-1,2,0.95,0.4,-1,-1,0.75,0.75,0.113877,0.002041
1,-1,2,0.95,0.4,-1,-1,0.8,0.8,0.131632,0.001531
1,-1,2,0.95,0.4,-1,-1,0.85,0.85,0.147551,0.00051
1,-1,2,0.95,0.4,-1,-1,0.9,0.9,0.173265,0.00051
1,-1,2,0.95,0.4,-1,-1,0.95,0.95,0.216734,0.0
1,-1,2,0.95,0.4,-1,-1,1.0,1.0,0.428571,0.0
1,-1,2,1.0,0.4,-1,-1,0.05,0.05,0.085714,0.068878
1,-1,2,1.0,0.4,-1,-1,0.1,0.1,0.085714,0.066327
1,-1,2,1.0,0.4,-1,-1,0.15,0.15,0.085714,0.058674
1,-1,2,1.0,0.4,-1,-1,0.2,0.2,0.085714,0.053062
1,-1,2,1.0,0.4,-1,-1,0.25,0.25,0.088979,0.043878
1,-1,2,1.0,0.4,-1,-1,0.3,0.3,0.092245,0.038266
1,-1,2,1.0,0.4,-1,-1,0.35,0.35,0.093878,0.031123
1,-1,2,1.0,0.4,-1,-1,0.4,0.4,0.093878,0.02551
1,-1,2,1.0,0.4,-1,-1,0.45,0.45,0.093878,0.018878
1,-1,2,1.0,0.4,-1,-1,0.5,0.5,0.100407,0.016837
1,-1,2,1.0,0.4,-1,-1,0.55,0.55,0.105306,0.011735
1,-1,2,1.0,0.4,-1,-1,0.6,0.6,0.111836,0.008163
1,-1,2,1.0,0.4,-1,-1,0.65,0.65,0.123265,0.006122
1,-1,2,1.0,0.4,-1,-1,0.7,0.7,0.137959,0.005102
1,-1,2,1.0,0.4,-1,-1,0.75,0.75,0.160816,0.002041
1,-1,2,1.0,0.4,-1,-1,0.8,0.8,0.208163,0.001531
1,-1,2,1.0,0.4,-1,-1,0.85,0.85,0.250612,0.00051
1,-1,2,1.0,0.4,-1,-1,0.9,0.9,0.319183,0.00051
1,-1,2,1.0,0.4,-1,-1,0.95,0.95,0.435102,0.0
1,-1,2,1.0,0.4,-1,-1,1.0,1.0,1.0,0.0
1,-1,2,0.45,0.45,-1,-1,0.05,0.05,0.107143,0.05
1,-1,2,0.45,0.45,-1,-1,0.1,0.1,0.107143,0.05
1,-1,2,0.45,0.45,-1,-1,0.15,0.15,0.107143,0.05
1,-1,2,0.45,0.45,-1,-1,0.2,0.2,0.107143,0.05
1,-1,2,0.45,0.45,-1,-1,0.25,0.25,0.107143,0.05
1,-1,2,0.45,0.45,-1,-1,0.3,0.3,0.107143,0.05
1,-1,2,0.45,0.45,-1,-1,0.35,0.35,0.107143,0.05
1,-1,2,0.45,0.45,-1,-1,0.4,0.4,0.107143,0.05
1,-1,2,0.45,0.45,-1,-1,0.45,0.45,0.107143,0.05
1,-1,2,0.45,0.45,-1,-1,0.5,0.5,0.107143,0.05
1,-1,2,0.45,0.45,-1,-1,0.55,0.55,0.107143,0.05
1,-1,2,0.45,0.45,-1,-1,0.6,0.6,0.107143,0.05
1,-1,2,0.45,0.45,-1,-1,0.65,0.65,0.107143,0.05
1,-1,2,0.45,0.45,-1,-1,0.7,0.7,0.107143,0.05
1,-1,2,0.45,0.45,-1,-1,0.75,0.75,0.107143,0.05
1,-1,2,0.45,0.45,-1,-1,0.8,0.8,0.107143,0.05
1,-1,2,0.45,0.45,-1,-1,0.85,0.85,0.107143,0.05
1,-1,2,0.45,0.45,-1,-1,0.9,0.9,0.107143,0.05
1,-1,2,0.45,0.45,-1,-1,0.95,0.95,0.107143,0.05
1,-1,2,0.45,0.45,-1,-1,1.0,1.0,0.107143,0.05
1,-1,2,0.5,0.45,-1,-1,0.05,0.05,0.107143,0.049745
1,-1,2,0.5,0.45,-1,-1,0.1,0.1,0.107143,0.04949
1,-1,2,0.5,0.45,-1,-1,0.15,0.15,0.107143,0.048724
1,-1,2,0.5,0.45,-1,-1,0.2,0.2,0.107143,0.048163
1,-1,2,0.5,0.45,-1,-1,0.25,0.25,0.107245,0.047245
1,-1,2,0.5,0.45,-1,-1,0.3,0.3,0.107347,0.046684
1,-1,2,0.5,0.45,-1,-1,0.35,0.35,0.107398,0.045969
1,-1,2,0.5,0.45,-1,-1,0.4,0.4,0.107398,0.045408
1,-1,2,0.5,0.45,-1,-1,0.45,0.45,0.107398,0.044745
1,-1,2,0.5,0.45,-1,-1,0.5,0.5,0.107602,0.044541
1,-1,2,0.5,0.45,-1,-1,0.55,0.55,0.107755,0.04403
1,-1,2,0.5,0.45,-1,-1,0.6,0.6,0.107959,0.043673
1,-1,2,0.5,0.45,-1,-1,0.65,0.65,0.108316,0.043469
1,-1,2,0.5,0.45,-1,-1,0.7,0.7,0.108776,0.043367
1,-1,2,0.5,0.45,-1,-1,0.75,0.75,0.10949,0.043061
1,-1,2,0.5,0.45,-1,-1,0.8,0.8,0.110969,0.04301
1,-1,2,0.5,0.45,-1,-1,0.85,0.85,0.112296,0.042908
1,-1,2,0.5,0.45,-1,-1,0.9,0.9,0.114439,0.042908
1,-1,2,0.5,0.45,-1,-1,0.95,0.95,0.118061,0.042857
1,-1,2,0.5,0.45,-1,-1,1.0,1.0,0.135714,0.042857
1,-1,2,0.55,0.45,-1,-1,0.05,0.05,0.107143,0.049235
1,-1,2,0.55,0.45,-1,-1,0.1,0.1,0.107143,0.048469
1,-1,2,0.55,0.45,-1,-1,0.15,0.15,0.107143,0.046173
1,-1,2,0.55,0.45,-1,-1,0.2,0.2,0.107143,0.04449
1,-1,2,0.55,0.45,-1,-1,0.25,0.25,0.107322,0.041735
1,-1,2,0.55,0.45,-1,-1,0.3,0.3,0.1075,0.040051
1,-1,2,0.55,0.45,-1,-1,0.35,0.35,0.107589,0.037908
1,-1,2,0.55,0.45,-1,-1,0.4,0.4,0.107589,0.036224
1,-1,2,0.55,0.45,-1,-1,0.45,0.45,0.107589,0.034234
1,-1,2,0.55,0.45,-1,-1,0.5,0.5,0.107947,0.033622
1,-1,2,0.55,0.45,-1,-1,0.55,0.55,0.108214,0.032091
1,-1,2,0.55,0.45,-1,-1,0.6,0.6,0.108572,0.03102
1,-1,2,0.55,0.45,-1,-1,0.65,0.65,0.109197,0.030408
1,-1,2,0.55,0.45,-1,-1,0.7,0.7,0.11,0.030102
1,-1,2,0.55,0.45,-1,-1,0.75,0.75,0.11125,0.029183
1,-1,2,0.55,0.45,-1,-1,0.8,0.8,0.113839,0.02903
1,-1,2,0.55,0.45,-1,-1,0.85,0.85,0.116161,0.028724
1,-1,2,0.55,0.45,-1,-1,0.9,0.9,0.119911,0.028724
1,-1,2,0.55,0.45,-1,-1,0.95,0.95,0.12625,0.028571
1,-1,2,0.55,0.45,-1,-1,1.0,1.0,0.157143,0.028571
1,-1,2,0.6,0.45,-1,-1,0.05,0.05,0.107143,0.049235
1,-1,2,0.6,0.45,-1,-1,0.1,0.1,0.107143,0.048469
1,-1,2,0.6,0.45,-1,-1,0.15,0.15,0.107143,0.046173
1,-1,2,0.6,0.45,-1,-1,0.2,0.2,0.107143,0.04449
1,-1,2,0.6,0.45,-1,-1,0.25,0.25,0.107475,0.041735
1,-1,2,0.6,0.45,-1,-1,0.3,0.3,0.107806,0.040051
1,-1,2,0.6,0.45,-1,-1,0.35,0.35,0.107972,0.037908
1,-1,2,0.6,0.45,-1,-1,0.4,0.4,0.107972,0.036224
1,-1,2,0.6,0.45,-1,-1,0.45,0.45,0.107972,0.034234
1,-1,2,0.6,0.45,-1,-1,0.5,0.5,0.108635,0.033622
1,-1,2,0.6,0.45,-1,-1,0.55,0.55,0.109133,0.032091
1,-1,2,0.6,0.45,-1,-1,0.6,0.6,0.109796,0.03102
1,-1,2,0.6,0.45,-1,-1,0.65,0.65,0.110957,0.030408
1,-1,2,0.6,0.45,-1,-1,0.7,0.7,0.112449,0.030102
1,-1,2,0.6,0.45,-1,-1,0.75,0.75,0.114771,0.029183
1,-1,2,0.6,0.45,-1,-1,0.8,0.8,0.119579,0.02903
1,-1,2,0.6,0.45,-1,-1,0.85,0.85,0.12389,0.028724
1,-1,2,0.6,0.45,-1,-1,0.9,0.9,0.130855,0.028724
1,-1,2,0.6,0.45,-1,-1,0.95,0.95,0.142628,0.028571
1,-1,2,0.6,0.45,-1,-1,1.0,1.0,0.2,0.028571
1,-1,2,0.65,0.45,-1,-1,0.05,0.05,0.107143,0.049235
1,-1,2,0.65,0.45,-1,-1,0.1,0.1,0.107143,0.048469
1,-1,2,0.65,0.45,-1,-1,0.15,0.15,0.107143,0.046173
1,-1,2,0.65,0.45,-1,-1,0.2,0.2,0.107143,0.04449
1,-1,2,0.65,0.45,-1,-1,0.25,0.25,0.107526,0.041735
1,-1,2,0.65,0.45,-1,-1,0.3,0.3,0.107908,0.040051
1,-1,2,0.65,0.45,-1,-1,0.35,0.35,0.1081,0.037908
1,-1,2,0.65,0.45,-1,-1,0.4,0.4,0.1081,0.036224
1,-1,2,0.65,0.45,-1,-1,0.45,0.45,0.1081,0.034234
1,-1,2,0.65,0.45,-1,-1,0.5,0.5,0.108865,0.033622
1,-1,2,0.65,0.45,-1,-1,0.55,0.55,0.109439,0.032091
1,-1,2,0.65,0.45,-1,-1,0.6,0.6,0.110204,0.03102
1,-1,2,0.65,0.45,-1,-1,0.65,0.65,0.111543,0.030408
1,-1,2,0.65,0.45,-1,-1,0.7,0.7,0.113265,0.030102
1,-1,2,0.65,0.45,-1,-1,0.75,0.75,0.115944,0.029183
1,-1,2,0.65,0.45,-1,-1,0.8,0.8,0.121493,0.02903
1,-1,2,0.65,0.45,-1,-1,0.85,0.85,0.126467,0.028724
1,-1,2,0.65,0.45,-1,-1,0.9,0.9,0.134503,0.028724
1,-1,2,0.65,0.45,-1,-1,0.95,0.95,0.148087,0.028571
1,-1,2,0.65,0.45,-1,-1,1.0,1.0,0.214286,0.028571
1,-1,2,0.7,0.45,-1,-1,0.05,0.05,0.107143,0.04898
1,-1,2,0.7,0.45,-1,-1,0.1,0.1,0.107143,0.047959
1,-1,2,0.7,0.45,-1,-1,0.15,0.15,0.107143,0.044898
1,-1,2,0.7,0.45,-1,-1,0.2,0.2,0.107143,0.042653
1,-1,2,0.7,0.45,-1,-1,0.25,0.25,0.107602,0.03898
1,-1,2,0.7,0.45,-1,-1,0.3,0.3,0.108061,0.036735
1,-1,2,0.7,0.45,-1,-1,0.35,0.35,0.108291,0.033878
1,-1,2,0.7,0.45,-1,-1,0.4,0.4,0.108291,0.031633
1,-1,2,0.7,0.45,-1,-1,0.45,0.45,0.108291,0.02898
1,-1,2,0.7,0.45,-1,-1,0.5,0.5,0.109209,0.028164
1,-1,2,0.7,0.45,-1,-1,0.55,0.55,0.109898,0.026123
1,-1,2,0.7,0.45,-1,-1,0.6,0.6,0.110816,0.024694
1,-1,2,0.7,0.45,-1,-1,0.65,0.65,0.112424,0.023878
1,-1,2,0.7,0.45,-1,-1,0.7,0.7,0.11449,0.02347
1,-1,2,0.7,0.45,-1,-1,0.75,0.75,0.117704,0.022245
1,-1,2,0.7,0.45,-1,-1,0.8,0.8,0.124362,0.022041
1,-1,2,0.7,0.45,-1,-1,0.85,0.85,0.130332,0.021633
1,-1,2,0.7,0.45,-1,-1,0.9,0.9,0.139975,0.021633
1,-1,2,0.7,0.45,-1,-1,0.95,0.95,0.156276,0.021429
1,-1,2,0.7,0.45,-1,-1,1.0,1.0,0.235714,0.021429
1,-1,2,0.75,0.45,-1,-1,0.05,0.05,0.107143,0.048469
1,-1,2,0.75,0.45,-1,-1,0.1,0.1,0.107143,0.046939
1,-1,2,0.75,0.45,-1,-1,0.15,0.15,0.107143,0.042347
1,-1,2,0.75,0.45,-1,-1,0.2,0.2,0.107143,0.03898
1,-1,2,0.75,0.45,-1,-1,0.25,0.25,0.107653,0.033469
1,-1,2,0.75,0.45,-1,-1,0.3,0.3,0.108163,0.030102
1,-1,2,0.75,0.45,-1,-1,0.35,0.35,0.108419,0.025816
1,-1,2,0.75,0.45,-1,-1,0.4,0.4,0.108419,0.022449
1,-1,2,0.75,0.45,-1,-1,0.45,0.45,0.108419,0.01847
1,-1,2,0.75,0.45,-1,-1,0.5,0.5,0.109439,0.017245
1,-1,2,0.75,0.45,-1,-1,0.55,0.55,0.110204,0.014184
1,-1,2,0.75,0.45,-1,-1,0.6,0.6,0.111225,0.012041
1,-1,2,0.75,0.45,-1,-1,0.65,0.65,0.11301,0.010816
1,-1,2,0.75,0.45,-1,-1,0.7,0.7,0.115306,0.010204
1,-1,2,0.75,0.45,-1,-1,0.75,0.75,0.118878,0.008367
1,-1,2,0.75,0.45,-1,-1,0.8,0.8,0.126276,0.008061
1,-1,2,0.75,0.45,-1,-1,0.85,0.85,0.132908,0.007449
1,-1,2,0.75,0.45,-1,-1,0.9,0.9,0.143623,0.007449
1,-1,2,0.75,0.45,-1,-1,0.95,0.95,0.161735,0.007143
1,-1,2,0.75,0.45,-1,-1,1.0,1.0,0.25,0.007143
1,-1,2,0.8,0.45,-1,-1,0.05,0.05,0.107143,0.048469
1,-1,2,0.8,0.45,-1,-1,0.1,0.1,0.107143,0.046939
1,-1,2,0.8,0.45,-1,-1,0.15,0.15,0.107143,0.042347
1,-1,2,0.8,0.45,-1,-1,0.2,0.2,0.107143,0.03898
1,-1,2,0.8,0.45,-1,-1,0.25,0.25,0.10773,0.033469
1,-1,2,0.8,0.45,-1,-1,0.3,0.3,0.108316,0.030102
1,-1,2,0.8,0.45,-1,-1,0.35,0.35,0.10861,0.025816
1,-1,2,0.8,0.45,-1,-1,0.4,0.4,0.10861,0.022449
1,-1,2,0.8,0.45,-1,-1,0.45,0.45,0.10861,0.01847
1,-1,2,0.8,0.45,-1,-1,0.5,0.5,0.109783,0.017245
1,-1,2,0.8,0.45,-1,-1,0.55,0.55,0.110663,0.014184
1,-1,2,0.8,0.45,-1,-1,0.6,0.6,0.111837,0.012041
1,-1,2,0.8,0.45,-1,-1,0.65,0.65,0.11389,0.010816
1,-1,2,0.8,0.45,-1,-1,0.7,0.7,0.116531,0.010204
1,-1,2,0.8,0.45,-1,-1,0.75,0.75,0.120638,0.008367
1,-1,2,0.8,0.45,-1,-1,0.8,0.8,0.129146,0.008061
1,-1,2,0.8,0.45,-1,-1,0.85,0.85,0.136773,0.007449
1,-1,2,0.8,0.45,-1,-1,0.9,0.9,0.149095,0.007449
1,-1,2,0.8,0.45,-1,-1,0.95,0.95,0.169924,0.007143
1,-1,2,0.8,0.45,-1,-1,1.0,1.0,0.271429,0.007143
1,-1,2,0.85,0.45,-1,-1,0.05,0.05,0.107143,0.048214
1,-1,2,0.85,0.45,-1,-1,0.1,0.1,0.107143,0.046429
1,-1,2,0.85,0.45,-1,-1,0.15,0.15,0.107143,0.041071
1,-1,2,0.85,0.45,-1,-1,0.2,0.2,0.107143,0.037143
1,-1,2,0.85,0.45,-1,-1,0.25,0.25,0.107806,0.030714
1,-1,2,0.85,0.45,-1,-1,0.3,0.3,0.10847,0.026786
1,-1,2,0.85,0.45,-1,-1,0.35,0.35,0.108801,0.021786
1,-1,2,0.85,0.45,-1,-1,0.4,0.4,0.108801,0.017857
1,-1,2,0.85,0.45,-1,-1,0.45,0.45,0.108801,0.013214
1,-1,2,0.85,0.45,-1,-1,0.5,0.5,0.110128,0.011786
1,-1,2,0.85,0.45,-1,-1,0.55,0.55,0.111123,0.008214
1,-1,2,0.85,0.45,-1,-1,0.6,0.6,0.112449,0.005714
1,-1,2,0.85,0.45,-1,-1,0.65,0.65,0.11477,0.004286
1,-1,2,0.85,0.45,-1,-1,0.7,0.7,0.117755,0.003571
1,-1,2,0.85,0.45,-1,-1,0.75,0.75,0.122398,0.001429
1,-1,2,0.85,0.45,-1,-1,0.8,0.8,0.132015,0.001071
1,-1,2,0.85,0.45,-1,-1,0.85,0.85,0.140638,0.000357
1,-1,2,0.85,0.45,-1,-1,0.9,0.9,0.154566,0.000357
1,-1,2,0.85,0.45,-1,-1,0.95,0.95,0.178112,0.0
1,-1,2,0.85,0.45,-1,-1,1.0,1.0,0.292857,0.0
1,-1,2,0.9,0.45,-1,-1,0.05,0.05,0.107143,0.048214
1,-1,2,0.9,0.45,-1,-1,0.1,0.1,0.107143,0.046429
1,-1,2,0.9,0.45,-1,-1,0.15,0.15,0.107143,0.041071
1,-1,2,0.9,0.45,-1,-1,0.2,0.2,0.107143,0.037143
1,-1,2,0.9,0.45,-1,-1,0.25,0.25,0.10801,0.030714
1,-1,2,0.9,0.45,-1,-1,0.3,0.3,0.108878,0.026786
1,-1,2,0.9,0.45,-1,-1,0.35,0.35,0.109311,0.021786
1,-1,2,0.9,0.45,-1,-1,0.4,0.4,0.109311,0.017857
1,-1,2,0.9,0.45,-1,-1,0.45,0.45,0.109311,0.013214
1,-1,2,0.9,0.45,-1,-1,0.5,0.5,0.111046,0.011786
1,-1,2,0.9,0.45,-1,-1,0.55,0.55,0.112347,0.008214
1,-1,2,0.9,0.45,-1,-1,0.6,0.6,0.114082,0.005714
1,-1,2,0.9,0.45,-1,-1,0.65,0.65,0.117117,0.004286
1,-1,2,0.9,0.45,-1,-1,0.7,0.7,0.121021,0.003571
1,-1,2,0.9,0.45,-1,-1,0.75,0.75,0.127092,0.001429
1,-1,2,0.9,0.45,-1,-1,0.8,0.8,0.139669,0.001071
1,-1,2,0.9,0.45,-1,-1,0.85,0.85,0.150944,0.000357
1,-1,2,0.9,0.45,-1,-1,0.9,0.9,0.169158,0.000357
1,-1,2,0.9,0.45,-1,-1,0.95,0.95,0.199949,0.0
1,-1,2,0.9,0.45,-1,-1,1.0,1.0,0.35,0.0
1,-1,2,0.95,0.45,-1,-1,0.05,0.05,0.107143,0.048214
1,-1,2,0.95,0.45,-1,-1,0.1,0.1,0.107143,0.046429
1,-1,2,0.95,0.45,-1,-1,0.15,0.15,0.107143,0.041071
1,-1,2,0.95,0.45,-1,-1,0.2,0.2,0.107143,0.037143
1,-1,2,0.95,0.45,-1,-1,0.25,0.25,0.108291,0.030714
1,-1,2,0.95,0.45,-1,-1,0.3,0.3,0.109439,0.026786
1,-1,2,0.95,0.45,-1,-1,0.35,0.35,0.110013,0.021786
1,-1,2,0.95,0.45,-1,-1,0.4,0.4,0.110013,0.017857
1,-1,2,0.95,0.45,-1,-1,0.45,0.45,0.110013,0.013214
1,-1,2,0.95,0.45,-1,-1,0.5,0.5,0.112309,0.011786
1,-1,2,0.95,0.45,-1,-1,0.55,0.55,0.114031,0.008214
1,-1,2,0.95,0.45,-1,-1,0.6,0.6,0.116327,0.005714
1,-1,2,0.95,0.45,-1,-1,0.65,0.65,0.120344,0.004286
1,-1,2,0.95,0.45,-1,-1,0.7,0.7,0.12551,0.003571
1,-1,2,0.95,0.45,-1,-1,0.75,0.75,0.133546,0.001429
1,-1,2,0.95,0.45,-1,-1,0.8,0.8,0.150192,0.001071
1,-1,2,0.95,0.45,-1,-1,0.85,0.85,0.165115,0.000357
1,-1,2,0.95,0.45,-1,-1,0.9,0.9,0.189222,0.000357
1,-1,2,0.95,0.45,-1,-1,0.95,0.95,0.229974,0.0
1,-1,2,0.95,0.45,-1,-1,1.0,1.0,0.428571,0.0
1,-1,2,1.0,0.45,-1,-1,0.05,0.05,0.107143,0.048214
1,-1,2,1.0,0.45,-1,-1,0.1,0.1,0.107143,0.046429
1,-1,2,1.0,0.45,-1,-1,0.15,0.15,0.107143,0.041071
1,-1,2,1.0,0.45,-1,-1,0.2,0.2,0.107143,0.037143
1,-1,2,1.0,0.45,-1,-1,0.25,0.25,0.110331,0.030714
1,-1,2,1.0,0.45,-1,-1,0.3,0.3,0.113521,0.026786
1,-1,2,1.0,0.45,-1,-1,0.35,0.35,0.115115,0.021786
1,-1,2,1.0,0.45,-1,-1,0.4,0.4,0.115115,0.017857
1,-1,2,1.0,0.45,-1,-1,0.45,0.45,0.115115,0.013214
1,-1,2,1.0,0.45,-1,-1,0.5,0.5,0.121492,0.011786
1,-1,2,1.0,0.45,-1,-1,0.55,0.55,0.126276,0.008214
1,-1,2,1.0,0.45,-1,-1,0.6,0.6,0.132653,0.005714
1,-1,2,1.0,0.45,-1,-1,0.65,0.65,0.143814,0.004286
1,-1,2,1.0,0.45,-1,-1,0.7,0.7,0.158164,0.003571
1,-1,2,1.0,0.45,-1,-1,0.75,0.75,0.180485,0.001429
1,-1,2,1.0,0.45,-1,-1,0.8,0.8,0.226722,0.001071
1,-1,2,1.0,0.45,-1,-1,0.85,0.85,0.268176,0.000357
1,-1,2,1.0,0.45,-1,-1,0.9,0.9,0.33514,0.000357
1,-1,2,1.0,0.45,-1,-1,0.95,0.95,0.448342,0.0
1,-1,2,1.0,0.45,-1,-1,1.0,1.0,1.0,0.0
1,-1,2,0.5,0.5,-1,-1,0.05,0.05,0.135714,0.042857
1,-1,2,0.5,0.5,-1,-1,0.1,0.1,0.135714,0.042857
1,-1,2,0.5,0.5,-1,-1,0.15,0.15,0.135714,0.042857
1,-1,2,0.5,0.5,-1,-1,0.2,0.2,0.135714,0.042857
1,-1,2,0.5,0.5,-1,-1,0.25,0.25,0.135714,0.042857
1,-1,2,0.5,0.5,-1,-1,0.3,0.3,0.135714,0.042857
1,-1,2,0.5,0.5,-1,-1,0.35,0.35,0.135714,0.042857
1,-1,2,0.5,0.5,-1,-1,0.4,0.4,0.135714,0.042857
1,-1,2,0.5,0.5,-1,-1,0.45,0.45,0.135714,0.042857
1,-1,2,0.5,0.5,-1,-1,0.5,0.5,0.135714,0.042857
1,-1,2,0.5,0.5,-1,-1,0.55,0.55,0.135714,0.042857
1,-1,2,0.5,0.5,-1,-1,0.6,0.6,0.135714,0.042857
1,-1,2,0.5,0.5,-1,-1,0.65,0.65,0.135714,0.042857
1,-1,2,0.5,0.5,-1,-1,0.7,0.7,0.135714,0.042857
1,-1,2,0.5,0.5,-1,-1,0.75,0.75,0.135714,0.042857
1,-1,2,0.5,0.5,-1,-1,0.8,0.8,0.135714,0.042857
1,-1,2,0.5,0.5,-1,-1,0.85,0.85,0.135714,0.042857
1,-1,2,0.5,0.5,-1,-1,0.9,0.9,0.135714,0.042857
1,-1,2,0.5,0.5,-1,-1,0.95,0.95,0.135714,0.042857
1,-1,2,0.5,0.5,-1,-1,1.0,1.0,0.135714,0.042857
1,-1,2,0.55,0.5,-1,-1,0.05,0.05,0.135714,0.042347
1,-1,2,0.55,0.5,-1,-1,0.1,0.1,0.135714,0.041837
1,-1,2,0.55,0.5,-1,-1,0.15,0.15,0.135714,0.040306
1,-1,2,0.55,0.5,-1,-1,0.2,0.2,0.135714,0.039183
1,-1,2,0.55,0.5,-1,-1,0.25,0.25,0.135791,0.037347
1,-1,2,0.55,0.5,-1,-1,0.3,0.3,0.135867,0.036224
1,-1,2,0.55,0.5,-1,-1,0.35,0.35,0.135905,0.034796
1,-1,2,0.55,0.5,-1,-1,0.4,0.4,0.135905,0.033673
1,-1,2,0.55,0.5,-1,-1,0.45,0.45,0.135905,0.032347
1,-1,2,0.55,0.5,-1,-1,0.5,0.5,0.136058,0.031938
1,-1,2,0.55,0.5,-1,-1,0.55,0.55,0.136173,0.030918
1,-1,2,0.55,0.5,-1,-1,0.6,0.6,0.136326,0.030204
1,-1,2,0.55,0.5,-1,-1,0.65,0.65,0.136594,0.029796
1,-1,2,0.55,0.5,-1,-1,0.7,0.7,0.136939,0.029591
1,-1,2,0.55,0.5,-1,-1,0.75,0.75,0.137474,0.028979
1,-1,2,0.55,0.5,-1,-1,0.8,0.8,0.138584,0.028877
1,-1,2,0.55,0.5,-1,-1,0.85,0.85,0.139579,0.028673
1,-1,2,0.55,0.5,-1,-1,0.9,0.9,0.141186,0.028673
1,-1,2,0.55,0.5,-1,-1,0.95,0.95,0.143903,0.028571
1,-1,2,0.55,0.5,-1,-1,1.0,1.0,0.157143,0.028571
1,-1,2,0.6,0.5,-1,-1,0.05,0.05,0.135714,0.042347
1,-1,2,0.6,0.5,-1,-1,0.1,0.1,0.135714,0.041837
1,-1,2,0.6,0.5,-1,-1,0.15,0.15,0.135714,0.040306
1,-1,2,0.6,0.5,-1,-1,0.2,0.2,0.135714,0.039183
1,-1,2,0.6,0.5,-1,-1,0.25,0.25,0.135944,0.037347
1,-1,2,0.6,0.5,-1,-1,0.3,0.3,0.136173,0.036224
1,-1,2,0.6,0.5,-1,-1,0.35,0.35,0.136288,0.034796
1,-1,2,0.6,0.5,-1,-1,0.4,0.4,0.136288,0.033673
1,-1,2,0.6,0.5,-1,-1,0.45,0.45,0.136288,0.032347
1,-1,2,0.6,0.5,-1,-1,0.5,0.5,0.136747,0.031938
1,-1,2,0.6,0.5,-1,-1,0.55,0.55,0.137092,0.030918
1,-1,2,0.6,0.5,-1,-1,0.6,0.6,0.137551,0.030204
1,-1,2,0.6,0.5,-1,-1,0.65,0.65,0.138354,0.029796
1,-1,2,0.6,0.5,-1,-1,0.7,0.7,0.139387,0.029591
1,-1,2,0.6,0.5,-1,-1,0.75,0.75,0.140995,0.028979
1,-1,2,0.6,0.5,-1,-1,0.8,0.8,0.144324,0.028877
1,-1,2,0.6,0.5,-1,-1,0.85,0.85,0.147308,0.028673
1,-1,2,0.6,0.5,-1,-1,0.9,0.9,0.15213,0.028673
1,-1,2,0.6,0.5,-1,-1,0.95,0.95,0.16028,0.028571
1,-1,2,0.6,0.5,-1,-1,1.0,1.0,0.2,0.028571
1,-1,2,0.65,0.5,-1,-1,0.05,0.05,0.135714,0.042347
1,-1,2,0.65,0.5,-1,-1,0.1,0.1,0.135714,0.041837
1,-1,2,0.65,0.5,-1,-1,0.15,0.15,0.135714,0.040306
1,-1,2,0.65,0.5,-1,-1,0.2,0.2,0.135714,0.039183
1,-1,2,0.65,0.5,-1,-1,0.25,0.25,0.135995,0.037347
1,-1,2,0.65,0.5,-1,-1,0.3,0.3,0.136275,0.036224
1,-1,2,0.65,0.5,-1,-1,0.35,0.35,0.136416,0.034796
1,-1,2,0.65,0.5,-1,-1,0.4,0.4,0.136416,0.033673
1,-1,2,0.65,0.5,-1,-1,0.45,0.45,0.136416,0.032347
1,-1,2,0.65,0.5,-1,-1,0.5,0.5,0.136977,0.031938
1,-1,2,0.65,0.5,-1,-1,0.55,0.55,0.137398,0.030918
1,-1,2,0.65,0.5,-1,-1,0.6,0.6,0.137959,0.030204
1,-1,2,0.65,0.5,-1,-1,0.65,0.65,0.138941,0.029796
1,-1,2,0.65,0.5,-1,-1,0.7,0.7,0.140204,0.029591
1,-1,2,0.65,0.5,-1,-1,0.75,0.75,0.142168,0.028979
1,-1,2,0.65,0.5,-1,-1,0.8,0.8,0.146237,0.028877
1,-1,2,0.65,0.5,-1,-1,0.85,0.85,0.149885,0.028673
1,-1,2,0.65,0.5,-1,-1,0.9,0.9,0.155778,0.028673
1,-1,2,0.65,0.5,-1,-1,0.95,0.95,0.16574,0.028571
1,-1,2,0.65,0.5,-1,-1,1.0,1.0,0.214286,0.028571
1,-1,2,0.7,0.5,-1,-1,0.05,0.05,0.135714,0.042092
1,-1,2,0.7,0.5,-1,-1,0.1,0.1,0.135714,0.041326
1,-1,2,0.7,0.5,-1,-1,0.15,0.15,0.135714,0.039031
1,-1,2,0.7,0.5,-1,-1,0.2,0.2,0.135714,0.037347
1,-1,2,0.7,0.5,-1,-1,0.25,0.25,0.136071,0.034592
1,-1,2,0.7,0.5,-1,-1,0.3,0.3,0.136428,0.032908
1,-1,2,0.7,0.5,-1,-1,0.35,0.35,0.136607,0.030765
1,-1,2,0.7,0.5,-1,-1,0.4,0.4,0.136607,0.029082
1,-1,2,0.7,0.5,-1,-1,0.45,0.45,0.136607,0.027092
1,-1,2,0.7,0.5,-1,-1,0.5,0.5,0.137321,0.02648
1,-1,2,0.7,0.5,-1,-1,0.55,0.55,0.137857,0.024949
1,-1,2,0.7,0.5,-1,-1,0.6,0.6,0.138571,0.023878
1,-1,2,0.7,0.5,-1,-1,0.65,0.65,0.139821,0.023266
1,-1,2,0.7,0.5,-1,-1,0.7,0.7,0.141428,0.02296
1,-1,2,0.7,0.5,-1,-1,0.75,0.75,0.143928,0.022041
1,-1,2,0.7,0.5,-1,-1,0.8,0.8,0.149107,0.021888
1,-1,2,0.7,0.5,-1,-1,0.85,0.85,0.15375,0.021582
1,-1,2,0.7,0.5,-1,-1,0.9,0.9,0.16125,0.021582
1,-1,2,0.7,0.5,-1,-1,0.95,0.95,0.173928,0.021429
1,-1,2,0.7,0.5,-1,-1,1.0,1.0,0.235714,0.021429
1,-1,2,0.75,0.5,-1,-1,0.05,0.05,0.135714,0.041582
1,-1,2,0.75,0.5,-1,-1,0.1,0.1,0.135714,0.040306
1,-1,2,0.75,0.5,-1,-1,0.15,0.15,0.135714,0.03648
1,-1,2,0.75,0.5,-1,-1,0.2,0.2,0.135714,0.033673
1,-1,2,0.75,0.5,-1,-1,0.25,0.25,0.136122,0.029082
1,-1,2,0.75,0.5,-1,-1,0.3,0.3,0.13653,0.026275
1,-1,2,0.75,0.5,-1,-1,0.35,0.35,0.136734,0.022704
1,-1,2,0.75,0.5,-1,-1,0.4,0.4,0.136734,0.019898
1,-1,2,0.75,0.5,-1,-1,0.45,0.45,0.136734,0.016582
1,-1,2,0.75,0.5,-1,-1,0.5,0.5,0.137551,0.015561
1,-1,2,0.75,0.5,-1,-1,0.55,0.55,0.138163,0.01301
1,-1,2,0.75,0.5,-1,-1,0.6,0.6,0.138979,0.011225
1,-1,2,0.75,0.5,-1,-1,0.65,0.65,0.140408,0.010204
1,-1,2,0.75,0.5,-1,-1,0.7,0.7,0.142245,0.009694
1,-1,2,0.75,0.5,-1,-1,0.75,0.75,0.145102,0.008163
1,-1,2,0.75,0.5,-1,-1,0.8,0.8,0.15102,0.007908
1,-1,2,0.75,0.5,-1,-1,0.85,0.85,0.156326,0.007398
1,-1,2,0.75,0.5,-1,-1,0.9,0.9,0.164898,0.007398
1,-1,2,0.75,0.5,-1,-1,0.95,0.95,0.179388,0.007143
1,-1,2,0.75,0.5,-1,-1,1.0,1.0,0.25,0.007143
1,-1,2,0.8,0.5,-1,-1,0.05,0.05,0.135714,0.041582
1,-1,2,0.8,0.5,-1,-1,0.1,0.1,0.135714,0.040306
1,-1,2,0.8,0.5,-1,-1,0.15,0.15,0.135714,0.03648
1,-1,2,0.8,0.5,-1,-1,0.2,0.2,0.135714,0.033673
1,-1,2,0.8,0.5,-1,-1,0.25,0.25,0.136199,0.029082
1,-1,2,0.8,0.5,-1,-1,0.3,0.3,0.136683,0.026275
1,-1,2,0.8,0.5,-1,-1,0.35,0.35,0.136926,0.022704
1,-1,2,0.8,0.5,-1,-1,0.4,0.4,0.136926,0.019898
1,-1,2,0.8,0.5,-1,-1,0.45,0.45,0.136926,0.016582
1,-1,2,0.8,0.5,-1,-1,0.5,0.5,0.137895,0.015561
1,-1,2,0.8,0.5,-1,-1,0.55,0.55,0.138622,0.01301
1,-1,2,0.8,0.5,-1,-1,0.6,0.6,0.139592,0.011225
1,-1,2,0.8,0.5,-1,-1,0.65,0.65,0.141288,0.010204
1,-1,2,0.8,0.5,-1,-1,0.7,0.7,0.143469,0.009694
1,-1,2,0.8,0.5,-1,-1,0.75,0.75,0.146862,0.008163
1,-1,2,0.8,0.5,-1,-1,0.8,0.8,0.15389,0.007908
1,-1,2,0.8,0.5,-1,-1,0.85,0.85,0.160191,0.007398
1,-1,2,0.8,0.5,-1,-1,0.9,0.9,0.17037,0.007398
1,-1,2,0.8,0.5,-1,-1,0.95,0.95,0.187577,0.007143
1,-1,2,0.8,0.5,-1,-1,1.0,1.0,0.271429,0.007143
1,-1,2,0.85,0.5,-1,-1,0.05,0.05,0.135714,0.041326
1,-1,2,0.85,0.5,-1,-1,0.1,0.1,0.135714,0.039796
1,-1,2,0.85,0.5,-1,-1,0.15,0.15,0.135714,0.035204
1,-1,2,0.85,0.5,-1,-1,0.2,0.2,0.135714,0.031837
1,-1,2,0.85,0.5,-1,-1,0.25,0.25,0.136275,0.026326
1,-1,2,0.85,0.5,-1,-1,0.3,0.3,0.136836,0.022959
1,-1,2,0.85,0.5,-1,-1,0.35,0.35,0.137117,0.018673
1,-1,2,0.85,0.5,-1,-1,0.4,0.4,0.137117,0.015306
1,-1,2,0.85,0.5,-1,-1,0.45,0.45,0.137117,0.011327
1,-1,2,0.85,0.5,-1,-1,0.5,0.5,0.138239,0.010102
1,-1,2,0.85,0.5,-1,-1,0.55,0.55,0.139081,0.007041
1,-1,2,0.85,0.5,-1,-1,0.6,0.6,0.140204,0.004898
1,-1,2,0.85,0.5,-1,-1,0.65,0.65,0.142168,0.003673
1,-1,2,0.85,0.5,-1,-1,0.7,0.7,0.144694,0.003061
1,-1,2,0.85,0.5,-1,-1,0.75,0.75,0.148622,0.001224
1,-1,2,0.85,0.5,-1,-1,0.8,0.8,0.15676,0.000918
1,-1,2,0.85,0.5,-1,-1,0.85,0.85,0.164056,0.000306
1,-1,2,0.85,0.5,-1,-1,0.9,0.9,0.175842,0.000306
1,-1,2,0.85,0.5,-1,-1,0.95,0.95,0.195765,0.0
1,-1,2,0.85,0.5,-1,-1,1.0,1.0,0.292857,0.0
1,-1,2,0.9,0.5,-1,-1,0.05,0.05,0.135714,0.041326
1,-1,2,0.9,0.5,-1,-1,0.1,0.1,0.135714,0.039796
1,-1,2,0.9,0.5,-1,-1,0.15,0.15,0.135714,0.035204
1,-1,2,0.9,0.5,-1,-1,0.2,0.2,0.135714,0.031837
1,-1,2,0.9,0.5,-1,-1,0.25,0.25,0.136479,0.026326
1,-1,2,0.9,0.5,-1,-1,0.3,0.3,0.137245,0.022959
1,-1,2,0.9,0.5,-1,-1,0.35,0.35,0.137627,0.018673
1,-1,2,0.9,0.5,-1,-1,0.4,0.4,0.137627,0.015306
1,-1,2,0.9,0.5,-1,-1,0.45,0.45,0.137627,0.011327
1,-1,2,0.9,0.5,-1,-1,0.5,0.5,0.139158,0.010102
1,-1,2,0.9,0.5,-1,-1,0.55,0.55,0.140306,0.007041
1,-1,2,0.9,0.5,-1,-1,0.6,0.6,0.141836,0.004898
1,-1,2,0.9,0.5,-1,-1,0.65,0.65,0.144515,0.003673
1,-1,2,0.9,0.5,-1,-1,0.7,0.7,0.147959,0.003061
1,-1,2,0.9,0.5,-1,-1,0.75,0.75,0.153316,0.001224
1,-1,2,0.9,0.5,-1,-1,0.8,0.8,0.164413,0.000918
1,-1,2,0.9,0.5,-1,-1,0.85,0.85,0.174362,0.000306
1,-1,2,0.9,0.5,-1,-1,0.9,0.9,0.190433,0.000306
1,-1,2,0.9,0.5,-1,-1,0.95,0.95,0.217602,0.0
1,-1,2,0.9,0.5,-1,-1,1.0,1.0,0.35,0.0
1,-1,2,0.95,0.5,-1,-1,0.05,0.05,0.135714,0.041326
1,-1,2,0.95,0.5,-1,-1,0.1,0.1,0.135714,0.039796
1,-1,2,0.95,0.5,-1,-1,0.15,0.15,0.135714,0.035204
1,-1,2,0.95,0.5,-1,-1,0.2,0.2,0.135714,0.031837
1,-1,2,0.95,0.5,-1,-1,0.25,0.25,0.13676,0.026326
1,-1,2,0.95,0.5,-1,-1,0.3,0.3,0.137806,0.022959
1,-1,2,0.95,0.5,-1,-1,0.35,0.35,0.138329,0.018673
1,-1,2,0.95,0.5,-1,-1,0.4,0.4,0.138329,0.015306
1,-1,2,0.95,0.5,-1,-1,0.45,0.45,0.138329,0.011327
1,-1,2,0.95,0.5,-1,-1,0.5,0.5,0.140421,0.010102
1,-1,2,0.95,0.5,-1,-1,0.55,0.55,0.14199,0.007041
1,-1,2,0.95,0.5,-1,-1,0.6,0.6,0.144081,0.004898
1,-1,2,0.95,0.5,-1,-1,0.65,0.65,0.147742,0.003673
1,-1,2,0.95,0.5,-1,-1,0.7,0.7,0.152449,0.003061
1,-1,2,0.95,0.5,-1,-1,0.75,0.75,0.15977,0.001224
1,-1,2,0.95,0.5,-1,-1,0.8,0.8,0.174936,0.000918
1,-1,2,0.95,0.5,-1,-1,0.85,0.85,0.188533,0.000306
1,-1,2,0.95,0.5,-1,-1,0.9,0.9,0.210497,0.000306
1,-1,2,0.95,0.5,-1,-1,0.95,0.95,0.247627,0.0
1,-1,2,0.95,0.5,-1,-1,1.0,1.0,0.428571,0.0
1,-1,2,1.0,0.5,-1,-1,0.05,0.05,0.135714,0.041326
1,-1,2,1.0,0.5,-1,-1,0.1,0.1,0.135714,0.039796
1,-1,2,1.0,0.5,-1,-1,0.15,0.15,0.135714,0.035204
1,-1,2,1.0,0.5,-1,-1,0.2,0.2,0.135714,0.031837
1,-1,2,1.0,0.5,-1,-1,0.25,0.25,0.1388,0.026326
1,-1,2,1.0,0.5,-1,-1,0.3,0.3,0.141888,0.022959
1,-1,2,1.0,0.5,-1,-1,0.35,0.35,0.143431,0.018673
1,-1,2,1.0,0.5,-1,-1,0.4,0.4,0.143431,0.015306
1,-1,2,1.0,0.5,-1,-1,0.45,0.45,0.143431,0.011327
1,-1,2,1.0,0.5,-1,-1,0.5,0.5,0.149604,0.010102
1,-1,2,1.0,0.5,-1,-1,0.55,0.55,0.154235,0.007041
1,-1,2,1.0,0.5,-1,-1,0.6,0.6,0.160408,0.004898
1,-1,2,1.0,0.5,-1,-1,0.65,0.65,0.171211,0.003673
1,-1,2,1.0,0.5,-1,-1,0.7,0.7,0.185102,0.003061
1,-1,2,1.0,0.5,-1,-1,0.75,0.75,0.206709,0.001224
1,-1,2,1.0,0.5,-1,-1,0.8,0.8,0.251467,0.000918
1,-1,2,1.0,0.5,-1,-1,0.85,0.85,0.291594,0.000306
1,-1,2,1.0,0.5,-1,-1,0.9,0.9,0.356415,0.000306
1,-1,2,1.0,0.5,-1,-1,0.95,0.95,0.465995,0.0
1,-1,2,1.0,0.5,-1,-1,1.0,1.0,1.0,0.0
1,-1,2,0.55,0.55,-1,-1,0.05,0.05,0.157143,0.028571
1,-1,2,0.55,0.55,-1,-1,0.1,0.1,0.157143,0.028571
1,-1,2,0.55,0.55,-1,-1,0.15,0.15,0.157143,0.028571
1,-1,2,0.55,0.55,-1,-1,0.2,0.2,0.157143,0.028571
1,-1,2,0.55,0.55,-1,-1,0.25,0.25,0.157143,0.028571
1,-1,2,0.55,0.55,-1,-1,0.3,0.3,0.157143,0.028571
1,-1,2,0.55,0.55,-1,-1,0.35,0.35,0.157143,0.028571
1,-1,2,0.55,0.55,-1,-1,0.4,0.4,0.157143,0.028571
1,-1,2,0.55,0.55,-1,-1,0.45,0.45,0.157143,0.028571
1,-1,2,0.55,0.55,-1,-1,0.5,0.5,0.157143,0.028571
1,-1,2,0.55,0.55,-1,-1,0.55,0.55,0.157143,0.028571
1,-1,2,0.55,0.55,-1,-1,0.6,0.6,0.157143,0.028571
1,-1,2,0.55,0.55,-1,-1,0.65,0.65,0.157143,0.028571
1,-1,2,0.55,0.55,-1,-1,0.7,0.7,0.157143,0.028571
1,-1,2,0.55,0.55,-1,-1,0.75,0.75,0.157143,0.028571
1,-1,2,0.55,0.55,-1,-1,0.8,0.8,0.157143,0.028571
1,-1,2,0.55,0.55,-1,-1,0.85,0.85,0.157143,0.028571
1,-1,2,0.55,0.55,-1,-1,0.9,0.9,0.157143,0.028571
1,-1,2,0.55,0.55,-1,-1,0.95,0.95,0.157143,0.028571
1,-1,2,0.55,0.55,-1,-1,1.0,1.0,0.157143,0.028571
1,-1,2,0.6,0.55,-1,-1,0.05,0.05,0.157143,0.028571
1,-1,2,0.6,0.55,-1,-1,0.1,0.1,0.157143,0.028571
1,-1,2,0.6,0.55,-1,-1,0.15,0.15,0.157143,0.028571
1,-1,2,0.6,0.55,-1,-1,0.2,0.2,0.157143,0.028571
1,-1,2,0.6,0.55,-1,-1,0.25,0.25,0.157296,0.028571
1,-1,2,0.6,0.55,-1,-1,0.3,0.3,0.157449,0.028571
1,-1,2,0.6,0.55,-1,-1,0.35,0.35,0.157526,0.028571
1,-1,2,0.6,0.55,-1,-1,0.4,0.4,0.157526,0.028571
1,-1,2,0.6,0.55,-1,-1,0.45,0.45,0.157526,0.028571
1,-1,2,0.6,0.55,-1,-1,0.5,0.5,0.157832,0.028571
1,-1,2,0.6,0.55,-1,-1,0.55,0.55,0.158061,0.028571
1,-1,2,0.6,0.55,-1,-1,0.6,0.6,0.158367,0.028571
1,-1,2,0.6,0.55,-1,-1,0.65,0.65,0.158903,0.028571
1,-1,2,0.6,0.55,-1,-1,0.7,0.7,0.159592,0.028571
1,-1,2,0.6,0.55,-1,-1,0.75,0.75,0.160663,0.028571
1,-1,2,0.6,0.55,-1,-1,0.8,0.8,0.162883,0.028571
1,-1,2,0.6,0.55,-1,-1,0.85,0.85,0.164873,0.028571
1,-1,2,0.6,0.55,-1,-1,0.9,0.9,0.168087,0.028571
1,-1,2,0.6,0.55,-1,-1,0.95,0.95,0.173521,0.028571
1,-1,2,0.6,0.55,-1,-1,1.0,1.0,0.2,0.028571
1,-1,2,0.65,0.55,-1,-1,0.05,0.05,0.157143,0.028571
1,-1,2,0.65,0.55,-1,-1,0.1,0.1,0.157143,0.028571
1,-1,2,0.65,0.55,-1,-1,0.15,0.15,0.157143,0.028571
1,-1,2,0.65,0.55,-1,-1,0.2,0.2,0.157143,0.028571
1,-1,2,0.65,0.55,-1,-1,0.25,0.25,0.157347,0.028571
1,-1,2,0.65,0.55,-1,-1,0.3,0.3,0.157551,0.028571
1,-1,2,0.65,0.55,-1,-1,0.35,0.35,0.157653,0.028571
1,-1,2,0.65,0.55,-1,-1,0.4,0.4,0.157653,0.028571
1,-1,2,0.65,0.55,-1,-1,0.45,0.45,0.157653,0.028571
1,-1,2,0.65,0.55,-1,-1,0.5,0.5,0.158061,0.028571
1,-1,2,0.65,0.55,-1,-1,0.55,0.55,0.158368,0.028571
1,-1,2,0.65,0.55,-1,-1,0.6,0.6,0.158776,0.028571
1,-1,2,0.65,0.55,-1,-1,0.65,0.65,0.15949,0.028571
1,-1,2,0.65,0.55,-1,-1,0.7,0.7,0.160408,0.028571
1,-1,2,0.65,0.55,-1,-1,0.75,0.75,0.161837,0.028571
1,-1,2,0.65,0.55,-1,-1,0.8,0.8,0.164796,0.028571
1,-1,2,0.65,0.55,-1,-1,0.85,0.85,0.167449,0.028571
1,-1,2,0.65,0.55,-1,-1,0.9,0.9,0.171735,0.028571
1,-1,2,0.65,0.55,-1,-1,0.95,0.95,0.17898,0.028571
1,-1,2,0.65,0.55,-1,-1,1.0,1.0,0.214286,0.028571
1,-1,2,0.7,0.55,-1,-1,0.05,0.05,0.157143,0.028316
1,-1,2,0.7,0.55,-1,-1,0.1,0.1,0.157143,0.028061
1,-1,2,0.7,0.55,-1,-1,0.15,0.15,0.157143,0.027296
1,-1,2,0.7,0.55,-1,-1,0.2,0.2,0.157143,0.026734
1,-1,2,0.7,0.55,-1,-1,0.25,0.25,0.157424,0.025816
1,-1,2,0.7,0.55,-1,-1,0.3,0.3,0.157704,0.025255
1,-1,2,0.7,0.55,-1,-1,0.35,0.35,0.157845,0.024541
1,-1,2,0.7,0.55,-1,-1,0.4,0.4,0.157845,0.02398
1,-1,2,0.7,0.55,-1,-1,0.45,0.45,0.157845,0.023317
1,-1,2,0.7,0.55,-1,-1,0.5,0.5,0.158406,0.023112
1,-1,2,0.7,0.55,-1,-1,0.55,0.55,0.158827,0.022602
1,-1,2,0.7,0.55,-1,-1,0.6,0.6,0.159388,0.022245
1,-1,2,0.7,0.55,-1,-1,0.65,0.65,0.16037,0.022041
1,-1,2,0.7,0.55,-1,-1,0.7,0.7,0.161633,0.021939
1,-1,2,0.7,0.55,-1,-1,0.75,0.75,0.163597,0.021633
1,-1,2,0.7,0.55,-1,-1,0.8,0.8,0.167666,0.021582
1,-1,2,0.7,0.55,-1,-1,0.85,0.85,0.171314,0.02148
1,-1,2,0.7,0.55,-1,-1,0.9,0.9,0.177207,0.02148
1,-1,2,0.7,0.55,-1,-1,0.95,0.95,0.187168,0.021429
1,-1,2,0.7,0.55,-1,-1,1.0,1.0,0.235714,0.021429
1,-1,2,0.75,0.55,-1,-1,0.05,0.05,0.157143,0.027806
1,-1,2,0.75,0.55,-1,-1,0.1,0.1,0.157143,0.02704
1,-1,2,0.75,0.55,-1,-1,0.15,0.15,0.157143,0.024745
1,-1,2,0.75,0.55,-1,-1,0.2,0.2,0.157143,0.023061
1,-1,2,0.75,0.55,-1,-1,0.25,0.25,0.157475,0.020306
1,-1,2,0.75,0.55,-1,-1,0.3,0.3,0.157806,0.018622
1,-1,2,0.75,0.55,-1,-1,0.35,0.35,0.157972,0.016479
1,-1,2,0.75,0.55,-1,-1,0.4,0.4,0.157972,0.014796
1,-1,2,0.75,0.55,-1,-1,0.45,0.45,0.157972,0.012806
1,-1,2,0.75,0.55,-1,-1,0.5,0.5,0.158635,0.012194
1,-1,2,0.75,0.55,-1,-1,0.55,0.55,0.159133,0.010663
1,-1,2,0.75,0.55,-1,-1,0.6,0.6,0.159796,0.009592
1,-1,2,0.75,0.55,-1,-1,0.65,0.65,0.160957,0.00898
1,-1,2,0.75,0.55,-1,-1,0.7,0.7,0.162449,0.008674
1,-1,2,0.75,0.55,-1,-1,0.75,0.75,0.164771,0.007755
1,-1,2,0.75,0.55,-1,-1,0.8,0.8,0.169579,0.007602
1,-1,2,0.75,0.55,-1,-1,0.85,0.85,0.17389,0.007296
1,-1,2,0.75,0.55,-1,-1,0.9,0.9,0.180855,0.007296
1,-1,2,0.75,0.55,-1,-1,0.95,0.95,0.192628,0.007143
1,-1,2,0.75,0.55,-1,-1,1.0,1.0,0.25,0.007143
1,-1,2,0.8,0.55,-1,-1,0.05,0.05,0.157143,0.027806
1,-1,2,0.8,0.55,-1,-1,0.1,0.1,0.157143,0.02704
1,-1,2,0.8,0.55,-1,-1,0.15,0.15,0.157143,0.024745
1,-1,2,0.8,0.55,-1,-1,0.2,0.2,0.157143,0.023061
1,-1,2,0.8,0.55,-1,-1,0.25,0.25,0.157551,0.020306
1,-1,2,0.8,0.55,-1,-1,0.3,0.3,0.157959,0.018622
1,-1,2,0.8,0.55,-1,-1,0.35,0.35,0.158163,0.016479
1,-1,2,0.8,0.55,-1,-1,0.4,0.4,0.158163,0.014796
1,-1,2,0.8,0.55,-1,-1,0.45,0.45,0.158163,0.012806
1,-1,2,0.8,0.55,-1,-1,0.5,0.5,0.15898,0.012194
1,-1,2,0.8,0.55,-1,-1,0.55,0.55,0.159592,0.010663
1,-1,2,0.8,0.55,-1,-1,0.6,0.6,0.160408,0.009592
1,-1,2,0.8,0.55,-1,-1,0.65,0.65,0.161837,0.00898
1,-1,2,0.8,0.55,-1,-1,0.7,0.7,0.163674,0.008674
1,-1,2,0.8,0.55,-1,-1,0.75,0.75,0.166531,0.007755
1,-1,2,0.8,0.55,-1,-1,0.8,0.8,0.172449,0.007602
1,-1,2,0.8,0.55,-1,-1,0.85,0.85,0.177755,0.007296
1,-1,2,0.8,0.55,-1,-1,0.9,0.9,0.186327,0.007296
1,-1,2,0.8,0.55,-1,-1,0.95,0.95,0.200817,0.007143
1,-1,2,0.8,0.55,-1,-1,1.0,1.0,0.271429,0.007143
1,-1,2,0.85,0.55,-1,-1,0.05,0.05,0.157143,0.027551
1,-1,2,0.85,0.55,-1,-1,0.1,0.1,0.157143,0.02653
1,-1,2,0.85,0.55,-1,-1,0.15,0.15,0.157143,0.023469
1,-1,2,0.85,0.55,-1,-1,0.2,0.2,0.157143,0.021224
1,-1,2,0.85,0.55,-1,-1,0.25,0.25,0.157628,0.017551
1,-1,2,0.85,0.55,-1,-1,0.3,0.3,0.158112,0.015306
1,-1,2,0.85,0.55,-1,-1,0.35,0.35,0.158355,0.012449
1,-1,2,0.85,0.55,-1,-1,0.4,0.4,0.158355,0.010204
1,-1,2,0.85,0.55,-1,-1,0.45,0.45,0.158355,0.007551
1,-1,2,0.85,0.55,-1,-1,0.5,0.5,0.159324,0.006735
1,-1,2,0.85,0.55,-1,-1,0.55,0.55,0.160051,0.004694
1,-1,2,0.85,0.55,-1,-1,0.6,0.6,0.16102,0.003265
1,-1,2,0.85,0.55,-1,-1,0.65,0.65,0.162717,0.002449
1,-1,2,0.85,0.55,-1,-1,0.7,0.7,0.164898,0.002041
1,-1,2,0.85,0.55,-1,-1,0.75,0.75,0.168291,0.000816
1,-1,2,0.85,0.55,-1,-1,0.8,0.8,0.175319,0.000612
1,-1,2,0.85,0.55,-1,-1,0.85,0.85,0.18162,0.000204
1,-1,2,0.85,0.55,-1,-1,0.9,0.9,0.191799,0.000204
1,-1,2,0.85,0.55,-1,-1,0.95,0.95,0.209005,0.0
1,-1,2,0.85,0.55,-1,-1,1.0,1.0,0.292857,0.0
1,-1,2,0.9,0.55,-1,-1,0.05,0.05,0.157143,0.027551
1,-1,2,0.9,0.55,-1,-1,0.1,0.1,0.157143,0.02653
1,-1,2,0.9,0.55,-1,-1,0.15,0.15,0.157143,0.023469
1,-1,2,0.9,0.55,-1,-1,0.2,0.2,0.157143,0.021224
1,-1,2,0.9,0.55,-1,-1,0.25,0.25,0.157832,0.017551
1,-1,2,0.9,0.55,-1,-1,0.3,0.3,0.158521,0.015306
1,-1,2,0.9,0.55,-1,-1,0.35,0.35,0.158865,0.012449
1,-1,2,0.9,0.55,-1,-1,0.4,0.4,0.158865,0.010204
1,-1,2,0.9,0.55,-1,-1,0.45,0.45,0.158865,0.007551
1,-1,2,0.9,0.55,-1,-1,0.5,0.5,0.160242,0.006735
1,-1,2,0.9,0.55,-1,-1,0.55,0.55,0.161276,0.004694
1,-1,2,0.9,0.55,-1,-1,0.6,0.6,0.162653,0.003265
1,-1,2,0.9,0.55,-1,-1,0.65,0.65,0.165064,0.002449
1,-1,2,0.9,0.55,-1,-1,0.7,0.7,0.168163,0.002041
1,-1,2,0.9,0.55,-1,-1,0.75,0.75,0.172985,0.000816
1,-1,2,0.9,0.55,-1,-1,0.8,0.8,0.182972,0.000612
1,-1,2,0.9,0.55,-1,-1,0.85,0.85,0.191926,0.000204
1,-1,2,0.9,0.55,-1,-1,0.9,0.9,0.20639,0.000204
1,-1,2,0.9,0.55,-1,-1,0.95,0.95,0.230842,0.0
1,-1,2,0.9,0.55,-1,-1,1.0,1.0,0.35,0.0
1,-1,2,0.95,0.55,-1,-1,0.05,0.05,0.157143,0.027551
1,-1,2,0.95,0.55,-1,-1,0.1,0.1,0.157143,0.02653
1,-1,2,0.95,0.55,-1,-1,0.15,0.15,0.157143,0.023469
1,-1,2,0.95,0.55,-1,-1,0.2,0.2,0.157143,0.021224
1,-1,2,0.95,0.55,-1,-1,0.25,0.25,0.158112,0.017551
1,-1,2,0.95,0.55,-1,-1,0.3,0.3,0.159082,0.015306
1,-1,2,0.95,0.55,-1,-1,0.35,0.35,0.159567,0.012449
1,-1,2,0.95,0.55,-1,-1,0.4,0.4,0.159567,0.010204
1,-1,2,0.95,0.55,-1,-1,0.45,0.45,0.159567,0.007551
1,-1,2,0.95,0.55,-1,-1,0.5,0.5,0.161505,0.006735
1,-1,2,0.95,0.55,-1,-1,0.55,0.55,0.162959,0.004694
1,-1,2,0.95,0.55,-1,-1,0.6,0.6,0.164898,0.003265
1,-1,2,0.95,0.55,-1,-1,0.65,0.65,0.168291,0.002449
1,-1,2,0.95,0.55,-1,-1,0.7,0.7,0.172653,0.002041
1,-1,2,0.95,0.55,-1,-1,0.75,0.75,0.179439,0.000816
1,-1,2,0.95,0.55,-1,-1,0.8,0.8,0.193495,0.000612
1,-1,2,0.95,0.55,-1,-1,0.85,0.85,0.206097,0.000204
1,-1,2,0.95,0.55,-1,-1,0.9,0.9,0.226454,0.000204
1,-1,2,0.95,0.55,-1,-1,0.95,0.95,0.260867,0.0
1,-1,2,0.95,0.55,-1,-1,1.0,1.0,0.428571,0.0
1,-1,2,1.0,0.55,-1,-1,0.05,0.05,0.157143,0.027551
1,-1,2,1.0,0.55,-1,-1,0.1,0.1,0.157143,0.02653
1,-1,2,1.0,0.55,-1,-1,0.15,0.15,0.157143,0.023469
1,-1,2,1.0,0.55,-1,-1,0.2,0.2,0.157143,0.021224
1,-1,2,1.0,0.55,-1,-1,0.25,0.25,0.160153,0.017551
1,-1,2,1.0,0.55,-1,-1,0.3,0.3,0.163164,0.015306
1,-1,2,1.0,0.55,-1,-1,0.35,0.35,0.164669,0.012449
1,-1,2,1.0,0.55,-1,-1,0.4,0.4,0.164669,0.010204
1,-1,2,1.0,0.55,-1,-1,0.45,0.45,0.164669,0.007551
1,-1,2,1.0,0.55,-1,-1,0.5,0.5,0.170689,0.006735
1,-1,2,1.0,0.55,-1,-1,0.55,0.55,0.175205,0.004694
1,-1,2,1.0,0.55,-1,-1,0.6,0.6,0.181224,0.003265
1,-1,2,1.0,0.55,-1,-1,0.65,0.65,0.19176,0.002449
1,-1,2,1.0,0.55,-1,-1,0.7,0.7,0.205306,0.002041
1,-1,2,1.0,0.55,-1,-1,0.75,0.75,0.226378,0.000816
1,-1,2,1.0,0.55,-1,-1,0.8,0.8,0.270026,0.000612
1,-1,2,1.0,0.55,-1,-1,0.85,0.85,0.309158,0.000204
1,-1,2,1.0,0.55,-1,-1,0.9,0.9,0.372372,0.000204
1,-1,2,1.0,0.55,-1,-1,0.95,0.95,0.479235,0.0
1,-1,2,1.0,0.55,-1,-1,1.0,1.0,1.0,0.0
1,-1,2,0.6,0.6,-1,-1,0.05,0.05,0.2,0.028571
1,-1,2,0.6,0.6,-1,-1,0.1,0.1,0.2,0.028571
1,-1,2,0.6,0.6,-1,-1,0.15,0.15,0.2,0.028571
1,-1,2,0.6,0.6,-1,-1,0.2,0.2,0.2,0.028571
1,-1,2,0.6,0.6,-1,-1,0.25,0.25,0.2,0.028571
1,-1,2,0.6,0.6,-1,-1,0.3,0.3,0.2,0.028571
1,-1,2,0.6,0.6,-1,-1,0.35,0.35,0.2,0.028571
1,-1,2,0.6,0.6,-1,-1,0.4,0.4,0.2,0.028571
1,-1,2,0.6,0.6,-1,-1,0.45,0.45,0.2,0.028571
1,-1,2,0.6,0.6,-1,-1,0.5,0.5,0.2,0.028571
1,-1,2,0.6,0.6,-1,-1,0.55,0.55,0.2,0.028571
1,-1,2,0.6,0.6,-1,-1,0.6,0.6,0.2,0.028571
1,-1,2,0.6,0.6,-1,-1,0.65,0.65,0.2,0.028571
1,-1,2,0.6,0.6,-1,-1,0.7,0.7,0.2,0.028571
1,-1,2,0.6,0.6,-1,-1,0.75,0.75,0.2,0.028571
1,-1,2,0.6,0.6,-1,-1,0.8,0.8,0.2,0.028571
1,-1,2,0.6,0.6,-1,-1,0.85,0.85,0.2,0.028571
1,-1,2,0.6,0.6,-1,-1,0.9,0.9,0.2,0.028571
1,-1,2,0.6,0.6,-1,-1,0.95,0.95,0.2,0.028571
1,-1,2,0.6,0.6,-1,-1,1.0,1.0,0.2,0.028571
1,-1,2,0.65,0.6,-1,-1,0.05,0.05,0.2,0.028571
1,-1,2,0.65,0.6,-1,-1,0.1,0.1,0.2,0.028571
1,-1,2,0.65,0.6,-1,-1,0.15,0.15,0.2,0.028571
1,-1,2,0.65,0.6,-1,-1,0.2,0.2,0.2,0.028571
1,-1,2,0.65,0.6,-1,-1,0.25,0.25,0.200051,0.028571
1,-1,2,0.65,0.6,-1,-1,0.3,0.3,0.200102,0.028571
1,-1,2,0.65,0.6,-1,-1,0.35,0.35,0.200128,0.028571
1,-1,2,0.65,0.6,-1,-1,0.4,0.4,0.200128,0.028571
1,-1,2,0.65,0.6,-1,-1,0.45,0.45,0.200128,0.028571
1,-1,2,0.65,0.6,-1,-1,0.5,0.5,0.20023,0.028571
1,-1,2,0.65,0.6,-1,-1,0.55,0.55,0.200306,0.028571
1,-1,2,0.65,0.6,-1,-1,0.6,0.6,0.200408,0.028571
1,-1,2,0.65,0.6,-1,-1,0.65,0.65,0.200587,0.028571
1,-1,2,0.65,0.6,-1,-1,0.7,0.7,0.200816,0.028571
1,-1,2,0.65,0.6,-1,-1,0.75,0.75,0.201173,0.028571
1,-1,2,0.65,0.6,-1,-1,0.8,0.8,0.201913,0.028571
1,-1,2,0.65,0.6,-1,-1,0.85,0.85,0.202577,0.028571
1,-1,2,0.65,0.6,-1,-1,0.9,0.9,0.203648,0.028571
1,-1,2,0.65,0.6,-1,-1,0.95,0.95,0.205459,0.028571
1,-1,2,0.65,0.6,-1,-1,1.0,1.0,0.214286,0.028571
1,-1,2,0.7,0.6,-1,-1,0.05,0.05,0.2,0.028316
1,-1,2,0.7,0.6,-1,-1,0.1,0.1,0.2,0.028061
1,-1,2,0.7,0.6,-1,-1,0.15,0.15,0.2,0.027296
1,-1,2,0.7,0.6,-1,-1,0.2,0.2,0.2,0.026734
1,-1,2,0.7,0.6,-1,-1,0.25,0.25,0.200128,0.025816
1,-1,2,0.7,0.6,-1,-1,0.3,0.3,0.200255,0.025255
1,-1,2,0.7,0.6,-1,-1,0.35,0.35,0.200319,0.024541
1,-1,2,0.7,0.6,-1,-1,0.4,0.4,0.200319,0.02398
1,-1,2,0.7,0.6,-1,-1,0.45,0.45,0.200319,0.023317
1,-1,2,0.7,0.6,-1,-1,0.5,0.5,0.200574,0.023112
1,-1,2,0.7,0.6,-1,-1,0.55,0.55,0.200765,0.022602
1,-1,2,0.7,0.6,-1,-1,0.6,0.6,0.20102,0.022245
1,-1,2,0.7,0.6,-1,-1,0.65,0.65,0.201467,0.022041
1,-1,2,0.7,0.6,-1,-1,0.7,0.7,0.202041,0.021939
1,-1,2,0.7,0.6,-1,-1,0.75,0.75,0.202934,0.021633
1,-1,2,0.7,0.6,-1,-1,0.8,0.8,0.204783,0.021582
1,-1,2,0.7,0.6,-1,-1,0.85,0.85,0.206441,0.02148
1,-1,2,0.7,0.6,-1,-1,0.9,0.9,0.20912,0.02148
1,-1,2,0.7,0.6,-1,-1,0.95,0.95,0.213648,0.021429
1,-1,2,0.7,0.6,-1,-1,1.0,1.0,0.235714,0.021429
1,-1,2,0.75,0.6,-1,-1,0.05,0.05,0.2,0.027806
1,-1,2,0.75,0.6,-1,-1,0.1,0.1,0.2,0.02704
1,-1,2,0.75,0.6,-1,-1,0.15,0.15,0.2,0.024745
1,-1,2,0.75,0.6,-1,-1,0.2,0.2,0.2,0.023061
1,-1,2,0.75,0.6,-1,-1,0.25,0.25,0.200179,0.020306
1,-1,2,0.75,0.6,-1,-1,0.3,0.3,0.200357,0.018622
1,-1,2,0.75,0.6,-1,-1,0.35,0.35,0.200446,0.016479
1,-1,2,0.75,0.6,-1,-1,0.4,0.4,0.200446,0.014796
1,-1,2,0.75,0.6,-1,-1,0.45,0.45,0.200446,0.012806
1,-1,2,0.75,0.6,-1,-1,0.5,0.5,0.200804,0.012194
1,-1,2,0.75,0.6,-1,-1,0.55,0.55,0.201071,0.010663
1,-1,2,0.75,0.6,-1,-1,0.6,0.6,0.201429,0.009592
1,-1,2,0.75,0.6,-1,-1,0.65,0.65,0.202054,0.00898
1,-1,2,0.75,0.6,-1,-1,0.7,0.7,0.202857,0.008674
1,-1,2,0.75,0.6,-1,-1,0.75,0.75,0.204107,0.007755
1,-1,2,0.75,0.6,-1,-1,0.8,0.8,0.206696,0.007602
1,-1,2,0.75,0.6,-1,-1,0.85,0.85,0.209018,0.007296
1,-1,2,0.75,0.6,-1,-1,0.9,0.9,0.212768,0.007296
1,-1,2,0.75,0.6,-1,-1,0.95,0.95,0.219107,0.007143
1,-1,2,0.75,0.6,-1,-1,1.0,1.0,0.25,0.007143
1,-1,2,0.8,0.6,-1,-1,0.05,0.05,0.2,0.027806
1,-1,2,0.8,0.6,-1,-1,0.1,0.1,0.2,0.02704
1,-1,2,0.8,0.6,-1,-1,0.15,0.15,0.2,0.024745
1,-1,2,0.8,0.6,-1,-1,0.2,0.2,0.2,0.023061
1,-1,2,0.8,0.6,-1,-1,0.25,0.25,0.200255,0.020306
1,-1,2,0.8,0.6,-1,-1,0.3,0.3,0.20051,0.018622
1,-1,2,0.8,0.6,-1,-1,0.35,0.35,0.200638,0.016479
1,-1,2,0.8,0.6,-1,-1,0.4,0.4,0.200638,0.014796
1,-1,2,0.8,0.6,-1,-1,0.45,0.45,0.200638,0.012806
1,-1,2,0.8,0.6,-1,-1,0.5,0.5,0.201148,0.012194
1,-1,2,0.8,0.6,-1,-1,0.55,0.55,0.201531,0.010663
1,-1,2,0.8,0.6,-1,-1,0.6,0.6,0.202041,0.009592
1,-1,2,0.8,0.6,-1,-1,0.65,0.65,0.202934,0.00898
1,-1,2,0.8,0.6,-1,-1,0.7,0.7,0.204082,0.008674
1,-1,2,0.8,0.6,-1,-1,0.75,0.75,0.205867,0.007755
1,-1,2,0.8,0.6,-1,-1,0.8,0.8,0.209566,0.007602
1,-1,2,0.8,0.6,-1,-1,0.85,0.85,0.212883,0.007296
1,-1,2,0.8,0.6,-1,-1,0.9,0.9,0.21824,0.007296
1,-1,2,0.8,0.6,-1,-1,0.95,0.95,0.227296,0.007143
1,-1,2,0.8,0.6,-1,-1,1.0,1.0,0.271429,0.007143
1,-1,2,0.85,0.6,-1,-1,0.05,0.05,0.2,0.027551
1,-1,2,0.85,0.6,-1,-1,0.1,0.1,0.2,0.02653
1,-1,2,0.85,0.6,-1,-1,0.15,0.15,0.2,0.023469
1,-1,2,0.85,0.6,-1,-1,0.2,0.2,0.2,0.021224
1,-1,2,0.85,0.6,-1,-1,0.25,0.25,0.200332,0.017551
1,-1,2,0.85,0.6,-1,-1,0.3,0.3,0.200663,0.015306
1,-1,2,0.85,0.6,-1,-1,0.35,0.35,0.200829,0.012449
1,-1,2,0.85,0.6,-1,-1,0.4,0.4,0.200829,0.010204
1,-1,2,0.85,0.6,-1,-1,0.45,0.45,0.200829,0.007551
1,-1,2,0.85,0.6,-1,-1,0.5,0.5,0.201492,0.006735
1,-1,2,0.85,0.6,-1,-1,0.55,0.55,0.20199,0.004694
1,-1,2,0.85,0.6,-1,-1,0.6,0.6,0.202653,0.003265
1,-1,2,0.85,0.6,-1,-1,0.65,0.65,0.203814,0.002449
1,-1,2,0.85,0.6,-1,-1,0.7,0.7,0.205306,0.002041
1,-1,2,0.85,0.6,-1,-1,0.75,0.75,0.207628,0.000816
1,-1,2,0.85,0.6,-1,-1,0.8,0.8,0.212436,0.000612
1,-1,2,0.85,0.6,-1,-1,0.85,0.85,0.216747,0.000204
1,-1,2,0.85,0.6,-1,-1,0.9,0.9,0.223712,0.000204
1,-1,2,0.85,0.6,-1,-1,0.95,0.95,0.235485,0.0
1,-1,2,0.85,0.6,-1,-1,1.0,1.0,0.292857,0.0
1,-1,2,0.9,0.6,-1,-1,0.05,0.05,0.2,0.027551
1,-1,2,0.9,0.6,-1,-1,0.1,0.1,0.2,0.02653
1,-1,2,0.9,0.6,-1,-1,0.15,0.15,0.2,0.023469
1,-1,2,0.9,0.6,-1,-1,0.2,0.2,0.2,0.021224
1,-1,2,0.9,0.6,-1,-1,0.25,0.25,0.200536,0.017551
1,-1,2,0.9,0.6,-1,-1,0.3,0.3,0.201071,0.015306
1,-1,2,0.9,0.6,-1,-1,0.35,0.35,0.201339,0.012449
1,-1,2,0.9,0.6,-1,-1,0.4,0.4,0.201339,0.010204
1,-1,2,0.9,0.6,-1,-1,0.45,0.45,0.201339,0.007551
1,-1,2,0.9,0.6,-1,-1,0.5,0.5,0.202411,0.006735
1,-1,2,0.9,0.6,-1,-1,0.55,0.55,0.203214,0.004694
1,-1,2,0.9,0.6,-1,-1,0.6,0.6,0.204286,0.003265
1,-1,2,0.9,0.6,-1,-1,0.65,0.65,0.206161,0.002449
1,-1,2,0.9,0.6,-1,-1,0.7,0.7,0.208571,0.002041
1,-1,2,0.9,0.6,-1,-1,0.75,0.75,0.212321,0.000816
1,-1,2,0.9,0.6,-1,-1,0.8,0.8,0.220089,0.000612
1,-1,2,0.9,0.6,-1,-1,0.85,0.85,0.227054,0.000204
1,-1,2,0.9,0.6,-1,-1,0.9,0.9,0.238304,0.000204
1,-1,2,0.9,0.6,-1,-1,0.95,0.95,0.257321,0.0
1,-1,2,0.9,0.6,-1,-1,1.0,1.0,0.35,0.0
1,-1,2,0.95,0.6,-1,-1,0.05,0.05,0.2,0.027551
1,-1,2,0.95,0.6,-1,-1,0.1,0.1,0.2,0.02653
1,-1,2,0.95,0.6,-1,-1,0.15,0.15,0.2,0.023469
1,-1,2,0.95,0.6,-1,-1,0.2,0.2,0.2,0.021224
1,-1,2,0.95,0.6,-1,-1,0.25,0.25,0.200816,0.017551
1,-1,2,0.95,0.6,-1,-1,0.3,0.3,0.201633,0.015306
1,-1,2,0.95,0.6,-1,-1,0.35,0.35,0.202041,0.012449
1,-1,2,0.95,0.6,-1,-1,0.4,0.4,0.202041,0.010204
1,-1,2,0.95,0.6,-1,-1,0.45,0.45,0.202041,0.007551
1,-1,2,0.95,0.6,-1,-1,0.5,0.5,0.203673,0.006735
1,-1,2,0.95,0.6,-1,-1,0.55,0.55,0.204898,0.004694
1,-1,2,0.95,0.6,-1,-1,0.6,0.6,0.206531,0.003265
1,-1,2,0.95,0.6,-1,-1,0.65,0.65,0.209388,0.002449
1,-1,2,0.95,0.6,-1,-1,0.7,0.7,0.213061,0.002041
1,-1,2,0.95,0.6,-1,-1,0.75,0.75,0.218776,0.000816
1,-1,2,0.95,0.6,-1,-1,0.8,0.8,0.230612,0.000612
1,-1,2,0.95,0.6,-1,-1,0.85,0.85,0.241224,0.000204
1,-1,2,0.95,0.6,-1,-1,0.9,0.9,0.258367,0.000204
1,-1,2,0.95,0.6,-1,-1,0.95,0.95,0.287347,0.0
1,-1,2,0.95,0.6,-1,-1,1.0,1.0,0.428571,0.0
1,-1,2,1.0,0.6,-1,-1,0.05,0.05,0.2,0.027551
1,-1,2,1.0,0.6,-1,-1,0.1,0.1,0.2,0.02653
1,-1,2,1.0,0.6,-1,-1,0.15,0.15,0.2,0.023469
1,-1,2,1.0,0.6,-1,-1,0.2,0.2,0.2,0.021224
1,-1,2,1.0,0.6,-1,-1,0.25,0.25,0.202857,0.017551
1,-1,2,1.0,0.6,-1,-1,0.3,0.3,0.205714,0.015306
1,-1,2,1.0,0.6,-1,-1,0.35,0.35,0.207143,0.012449
1,-1,2,1.0,0.6,-1,-1,0.4,0.4,0.207143,0.010204
1,-1,2,1.0,0.6,-1,-1,0.45,0.45,0.207143,0.007551
1,-1,2,1.0,0.6,-1,-1,0.5,0.5,0.212857,0.006735
1,-1,2,1.0,0.6,-1,-1,0.55,0.55,0.217143,0.004694
1,-1,2,1.0,0.6,-1,-1,0.6,0.6,0.222857,0.003265
1,-1,2,1.0,0.6,-1,-1,0.65,0.65,0.232857,0.002449
1,-1,2,1.0,0.6,-1,-1,0.7,0.7,0.245714,0.002041
1,-1,2,1.0,0.6,-1,-1,0.75,0.75,0.265714,0.000816
1,-1,2,1.0,0.6,-1,-1,0.8,0.8,0.307143,0.000612
1,-1,2,1.0,0.6,-1,-1,0.85,0.85,0.344286,0.000204
1,-1,2,1.0,0.6,-1,-1,0.9,0.9,0.404286,0.000204
1,-1,2,1.0,0.6,-1,-1,0.95,0.95,0.505714,0.0
1,-1,2,1.0,0.6,-1,-1,1.0,1.0,1.0,0.0
1,-1,2,0.65,0.65,-1,-1,0.05,0.05,0.214286,0.028571
1,-1,2,0.65,0.65,-1,-1,0.1,0.1,0.214286,0.028571
1,-1,2,0.65,0.65,-1,-1,0.15,0.15,0.214286,0.028571
1,-1,2,0.65,0.65,-1,-1,0.2,0.2,0.214286,0.028571
1,-1,2,0.65,0.65,-1,-1,0.25,0.25,0.214286,0.028571
1,-1,2,0.65,0.65,-1,-1,0.3,0.3,0.214286,0.028571
1,-1,2,0.65,0.65,-1,-1,0.35,0.35,0.214286,0.028571
1,-1,2,0.65,0.65,-1,-1,0.4,0.4,0.214286,0.028571
1,-1,2,0.65,0.65,-1,-1,0.45,0.45,0.214286,0.028571
1,-1,2,0.65,0.65,-1,-1,0.5,0.5,0.214286,0.028571
1,-1,2,0.65,0.65,-1,-1,0.55,0.55,0.214286,0.028571
1,-1,2,0.65,0.65,-1,-1,0.6,0.6,0.214286,0.028571
1,-1,2,0.65,0.65,-1,-1,0.65,0.65,0.214286,0.028571
1,-1,2,0.65,0.65,-1,-1,0.7,0.7,0.214286,0.028571
1,-1,2,0.65,0.65,-1,-1,0.75,0.75,0.214286,0.028571
1,-1,2,0.65,0.65,-1,-1,0.8,0.8,0.214286,0.028571
1,-1,2,0.65,0.65,-1,-1,0.85,0.85,0.214286,0.028571
1,-1,2,0.65,0.65,-1,-1,0.9,0.9,0.214286,0.028571
1,-1,2,0.65,0.65,-1,-1,0.95,0.95,0.214286,0.028571
1,-1,2,0.65,0.65,-1,-1,1.0,1.0,0.214286,0.028571
1,-1,2,0.7,0.65,-1,-1,0.05,0.05,0.214286,0.028316
1,-1,2,0.7,0.65,-1,-1,0.1,0.1,0.214286,0.028061
1,-1,2,0.7,0.65,-1,-1,0.15,0.15,0.214286,0.027296
1,-1,2,0.7,0.65,-1,-1,0.2,0.2,0.214286,0.026734
1,-1,2,0.7,0.65,-1,-1,0.25,0.25,0.214363,0.025816
1,-1,2,0.7,0.65,-1,-1,0.3,0.3,0.214439,0.025255
1,-1,2,0.7,0.65,-1,-1,0.35,0.35,0.214477,0.024541
1,-1,2,0.7,0.65,-1,-1,0.4,0.4,0.214477,0.02398
1,-1,2,0.7,0.65,-1,-1,0.45,0.45,0.214477,0.023317
1,-1,2,0.7,0.65,-1,-1,0.5,0.5,0.21463,0.023112
1,-1,2,0.7,0.65,-1,-1,0.55,0.55,0.214745,0.022602
1,-1,2,0.7,0.65,-1,-1,0.6,0.6,0.214898,0.022245
1,-1,2,0.7,0.65,-1,-1,0.65,0.65,0.215166,0.022041
1,-1,2,0.7,0.65,-1,-1,0.7,0.7,0.21551,0.021939
1,-1,2,0.7,0.65,-1,-1,0.75,0.75,0.216046,0.021633
1,-1,2,0.7,0.65,-1,-1,0.8,0.8,0.217156,0.021582
1,-1,2,0.7,0.65,-1,-1,0.85,0.85,0.218151,0.02148
1,-1,2,0.7,0.65,-1,-1,0.9,0.9,0.219758,0.02148
1,-1,2,0.7,0.65,-1,-1,0.95,0.95,0.222475,0.021429
1,-1,2,0.7,0.65,-1,-1,1.0,1.0,0.235714,0.021429
1,-1,2,0.75,0.65,-1,-1,0.05,0.05,0.214286,0.027806
1,-1,2,0.75,0.65,-1,-1,0.1,0.1,0.214286,0.02704
1,-1,2,0.75,0.65,-1,-1,0.15,0.15,0.214286,0.024745
1,-1,2,0.75,0.65,-1,-1,0.2,0.2,0.214286,0.023061
1,-1,2,0.75,0.65,-1,-1,0.25,0.25,0.214414,0.020306
1,-1,2,0.75,0.65,-1,-1,0.3,0.3,0.214541,0.018622
1,-1,2,0.75,0.65,-1,-1,0.35,0.35,0.214605,0.016479
1,-1,2,0.75,0.65,-1,-1,0.4,0.4,0.214605,0.014796
1,-1,2,0.75,0.65,-1,-1,0.45,0.45,0.214605,0.012806
1,-1,2,0.75,0.65,-1,-1,0.5,0.5,0.21486,0.012194
1,-1,2,0.75,0.65,-1,-1,0.55,0.55,0.215051,0.010663
1,-1,2,0.75,0.65,-1,-1,0.6,0.6,0.215306,0.009592
1,-1,2,0.75,0.65,-1,-1,0.65,0.65,0.215753,0.00898
1,-1,2,0.75,0.65,-1,-1,0.7,0.7,0.216327,0.008674
1,-1,2,0.75,0.65,-1,-1,0.75,0.75,0.21722,0.007755
1,-1,2,0.75,0.65,-1,-1,0.8,0.8,0.219069,0.007602
1,-1,2,0.75,0.65,-1,-1,0.85,0.85,0.220727,0.007296
1,-1,2,0.75,0.65,-1,-1,0.9,0.9,0.223406,0.007296
1,-1,2,0.75,0.65,-1,-1,0.95,0.95,0.227934,0.007143
1,-1,2,0.75,0.65,-1,-1,1.0,1.0,0.25,0.007143
1,-1,2,0.8,0.65,-1,-1,0.05,0.05,0.214286,0.027806
1,-1,2,0.8,0.65,-1,-1,0.1,0.1,0.214286,0.02704
1,-1,2,0.8,0.65,-1,-1,0.15,0.15,0.214286,0.024745
1,-1,2,0.8,0.65,-1,-1,0.2,0.2,0.214286,0.023061
1,-1,2,0.8,0.65,-1,-1,0.25,0.25,0.21449,0.020306
1,-1,2,0.8,0.65,-1,-1,0.3,0.3,0.214694,0.018622
1,-1,2,0.8,0.65,-1,-1,0.35,0.35,0.214796,0.016479
1,-1,2,0.8,0.65,-1,-1,0.4,0.4,0.214796,0.014796
1,-1,2,0.8,0.65,-1,-1,0.45,0.45,0.214796,0.012806
1,-1,2,0.8,0.65,-1,-1,0.5,0.5,0.215204,0.012194
1,-1,2,0.8,0.65,-1,-1,0.55,0.55,0.215511,0.010663
1,-1,2,0.8,0.65,-1,-1,0.6,0.6,0.215919,0.009592
1,-1,2,0.8,0.65,-1,-1,0.65,0.65,0.216633,0.00898
1,-1,2,0.8,0.65,-1,-1,0.7,0.7,0.217551,0.008674
1,-1,2,0.8,0.65,-1,-1,0.75,0.75,0.21898,0.007755
1,-1,2,0.8,0.65,-1,-1,0.8,0.8,0.221939,0.007602
1,-1,2,0.8,0.65,-1,-1,0.85,0.85,0.224592,0.007296
1,-1,2,0.8,0.65,-1,-1,0.9,0.9,0.228878,0.007296
1,-1,2,0.8,0.65,-1,-1,0.95,0.95,0.236123,0.007143
1,-1,2,0.8,0.65,-1,-1,1.0,1.0,0.271429,0.007143
1,-1,2,0.85,0.65,-1,-1,0.05,0.05,0.214286,0.027551
1,-1,2,0.85,0.65,-1,-1,0.1,0.1,0.214286,0.02653
1,-1,2,0.85,0.65,-1,-1,0.15,0.15,0.214286,0.023469
1,-1,2,0.85,0.65,-1,-1,0.2,0.2,0.214286,0.021224
1,-1,2,0.85,0.65,-1,-1,0.25,0.25,0.214567,0.017551
1,-1,2,0.85,0.65,-1,-1,0.3,0.3,0.214847,0.015306
1,-1,2,0.85,0.65,-1,-1,0.35,0.35,0.214988,0.012449
1,-1,2,0.85,0.65,-1,-1,0.4,0.4,0.214988,0.010204
1,-1,2,0.85,0.65,-1,-1,0.45,0.45,0.214988,0.007551
1,-1,2,0.85,0.65,-1,-1,0.5,0.5,0.215549,0.006735
1,-1,2,0.85,0.65,-1,-1,0.55,0.55,0.21597,0.004694
1,-1,2,0.85,0.65,-1,-1,0.6,0.6,0.216531,0.003265
1,-1,2,0.85,0.65,-1,-1,0.65,0.65,0.217513,0.002449
1,-1,2,0.85,0.65,-1,-1,0.7,0.7,0.218776,0.002041
1,-1,2,0.85,0.65,-1,-1,0.75,0.75,0.22074,0.000816
1,-1,2,0.85,0.65,-1,-1,0.8,0.8,0.224809,0.000612
1,-1,2,0.85,0.65,-1,-1,0.85,0.85,0.228457,0.000204
1,-1,2,0.85,0.65,-1,-1,0.9,0.9,0.23435,0.000204
1,-1,2,0.85,0.65,-1,-1,0.95,0.95,0.244311,0.0
1,-1,2,0.85,0.65,-1,-1,1.0,1.0,0.292857,0.0
1,-1,2,0.9,0.65,-1,-1,0.05,0.05,0.214286,0.027551
1,-1,2,0.9,0.65,-1,-1,0.1,0.1,0.214286,0.02653
1,-1,2,0.9,0.65,-1,-1,0.15,0.15,0.214286,0.023469
1,-1,2,0.9,0.65,-1,-1,0.2,0.2,0.214286,0.021224
1,-1,2,0.9,0.65,-1,-1,0.25,0.25,0.214771,0.017551
1,-1,2,0.9,0.65,-1,-1,0.3,0.3,0.215255,0.015306
1,-1,2,0.9,0.65,-1,-1,0.35,0.35,0.215498,0.012449
1,-1,2,0.9,0.65,-1,-1,0.4,0.4,0.215498,0.010204
1,-1,2,0.9,0.65,-1,-1,0.45,0.45,0.215498,0.007551
1,-1,2,0.9,0.65,-1,-1,0.5,0.5,0.216467,0.006735
1,-1,2,0.9,0.65,-1,-1,0.55,0.55,0.217194,0.004694
1,-1,2,0.9,0.65,-1,-1,0.6,0.6,0.218163,0.003265
1,-1,2,0.9,0.65,-1,-1,0.65,0.65,0.21986,0.002449
1,-1,2,0.9,0.65,-1,-1,0.7,0.7,0.222041,0.002041
1,-1,2,0.9,0.65,-1,-1,0.75,0.75,0.225434,0.000816
1,-1,2,0.9,0.65,-1,-1,0.8,0.8,0.232462,0.000612
1,-1,2,0.9,0.65,-1,-1,0.85,0.85,0.238763,0.000204
1,-1,2,0.9,0.65,-1,-1,0.9,0.9,0.248942,0.000204
1,-1,2,0.9,0.65,-1,-1,0.95,0.95,0.266148,0.0
1,-1,2,0.9,0.65,-1,-1,1.0,1.0,0.35,0.0
1,-1,2,0.95,0.65,-1,-1,0.05,0.05,0.214286,0.027551
1,-1,2,0.95,0.65,-1,-1,0.1,0.1,0.214286,0.02653
1,-1,2,0.95,0.65,-1,-1,0.15,0.15,0.214286,0.023469
1,-1,2,0.95,0.65,-1,-1,0.2,0.2,0.214286,0.021224
1,-1,2,0.95,0.65,-1,-1,0.25,0.25,0.215051,0.017551
1,-1,2,0.95,0.65,-1,-1,0.3,0.3,0.215817,0.015306
1,-1,2,0.95,0.65,-1,-1,0.35,0.35,0.216199,0.012449
1,-1,2,0.95,0.65,-1,-1,0.4,0.4,0.216199,0.010204
1,-1,2,0.95,0.65,-1,-1,0.45,0.45,0.216199,0.007551
1,-1,2,0.95,0.65,-1,-1,0.5,0.5,0.21773,0.006735
1,-1,2,0.95,0.65,-1,-1,0.55,0.55,0.218878,0.004694
1,-1,2,0.95,0.65,-1,-1,0.6,0.6,0.220408,0.003265
1,-1,2,0.95,0.65,-1,-1,0.65,0.65,0.223087,0.002449
1,-1,2,0.95,0.65,-1,-1,0.7,0.7,0.226531,0.002041
1,-1,2,0.95,0.65,-1,-1,0.75,0.75,0.231888,0.000816
1,-1,2,0.95,0.65,-1,-1,0.8,0.8,0.242985,0.000612
1,-1,2,0.95,0.65,-1,-1,0.85,0.85,0.252934,0.000204
1,-1,2,0.95,0.65,-1,-1,0.9,0.9,0.269005,0.000204
1,-1,2,0.95,0.65,-1,-1,0.95,0.95,0.296174,0.0
1,-1,2,0.95,0.65,-1,-1,1.0,1.0,0.428571,0.0
1,-1,2,1.0,0.65,-1,-1,0.05,0.05,0.214286,0.027551
1,-1,2,1.0,0.65,-1,-1,0.1,0.1,0.214286,0.02653
1,-1,2,1.0,0.65,-1,-1,0.15,0.15,0.214286,0.023469
1,-1,2,1.0,0.65,-1,-1,0.2,0.2,0.214286,0.021224
1,-1,2,1.0,0.65,-1,-1,0.25,0.25,0.217092,0.017551
1,-1,2,1.0,0.65,-1,-1,0.3,0.3,0.219898,0.015306
1,-1,2,1.0,0.65,-1,-1,0.35,0.35,0.221302,0.012449
1,-1,2,1.0,0.65,-1,-1,0.4,0.4,0.221302,0.010204
1,-1,2,1.0,0.65,-1,-1,0.45,0.45,0.221302,0.007551
1,-1,2,1.0,0.65,-1,-1,0.5,0.5,0.226913,0.006735
1,-1,2,1.0,0.65,-1,-1,0.55,0.55,0.231123,0.004694
1,-1,2,1.0,0.65,-1,-1,0.6,0.6,0.236735,0.003265
1,-1,2,1.0,0.65,-1,-1,0.65,0.65,0.246556,0.002449
1,-1,2,1.0,0.65,-1,-1,0.7,0.7,0.259184,0.002041
1,-1,2,1.0,0.65,-1,-1,0.75,0.75,0.278827,0.000816
1,-1,2,1.0,0.65,-1,-1,0.8,0.8,0.319516,0.000612
1,-1,2,1.0,0.65,-1,-1,0.85,0.85,0.355995,0.000204
1,-1,2,1.0,0.65,-1,-1,0.9,0.9,0.414924,0.000204
1,-1,2,1.0,0.65,-1,-1,0.95,0.95,0.514541,0.0
1,-1,2,1.0,0.65,-1,-1,1.0,1.0,1.0,0.0
1,-1,2,0.7,0.7,-1,-1,0.05,0.05,0.235714,0.021429
1,-1,2,0.7,0.7,-1,-1,0.1,0.1,0.235714,0.021429
1,-1,2,0.7,0.7,-1,-1,0.15,0.15,0.235714,0.021429
1,-1,2,0.7,0.7,-1,-1,0.2,0.2,0.235714,0.021429
1,-1,2,0.7,0.7,-1,-1,0.25,0.25,0.235714,0.021429
1,-1,2,0.7,0.7,-1,-1,0.3,0.3,0.235714,0.021429
1,-1,2,0.7,0.7,-1,-1,0.35,0.35,0.235714,0.021429
1,-1,2,0.7,0.7,-1,-1,0.4,0.4,0.235714,0.021429
1,-1,2,0.7,0.7,-1,-1,0.45,0.45,0.235714,0.021429
1,-1,2,0.7,0.7,-1,-1,0.5,0.5,0.235714,0.021429
1,-1,2,0.7,0.7,-1,-1,0.55,0.55,0.235714,0.021429
1,-1,2,0.7,0.7,-1,-1,0.6,0.6,0.235714,0.021429
1,-1,2,0.7,0.7,-1,-1,0.65,0.65,0.235714,0.021429
1,-1,2,0.7,0.7,-1,-1,0.7,0.7,0.235714,0.021429
1,-1,2,0.7,0.7,-1,-1,0.75,0.75,0.235714,0.021429
1,-1,2,0.7,0.7,-1,-1,0.8,0.8,0.235714,0.021429
1,-1,2,0.7,0.7,-1,-1,0.85,0.85,0.235714,0.021429
1,-1,2,0.7,0.7,-1,-1,0.9,0.9,0.235714,0.021429
1,-1,2,0.7,0.7,-1,-1,0.95,0.95,0.235714,0.021429
1,-1,2,0.7,0.7,-1,-1,1.0,1.0,0.235714,0.021429
1,-1,2,0.75,0.7,-1,-1,0.05,0.05,0.235714,0.020919
1,-1,2,0.75,0.7,-1,-1,0.1,0.1,0.235714,0.020409
1,-1,2,0.75,0.7,-1,-1,0.15,0.15,0.235714,0.018878
1,-1,2,0.75,0.7,-1,-1,0.2,0.2,0.235714,0.017755
1,-1,2,0.75,0.7,-1,-1,0.25,0.25,0.235765,0.015919
1,-1,2,0.75,0.7,-1,-1,0.3,0.3,0.235816,0.014796
1,-1,2,0.75,0.7,-1,-1,0.35,0.35,0.235842,0.013368
1,-1,2,0.75,0.7,-1,-1,0.4,0.4,0.235842,0.012245
1,-1,2,0.75,0.7,-1,-1,0.45,0.45,0.235842,0.010919
1,-1,2,0.75,0.7,-1,-1,0.5,0.5,0.235944,0.01051
1,-1,2,0.75,0.7,-1,-1,0.55,0.55,0.23602,0.00949
1,-1,2,0.75,0.7,-1,-1,0.6,0.6,0.236122,0.008776
1,-1,2,0.75,0.7,-1,-1,0.65,0.65,0.236301,0.008368
1,-1,2,0.75,0.7,-1,-1,0.7,0.7,0.23653,0.008163
1,-1,2,0.75,0.7,-1,-1,0.75,0.75,0.236887,0.007551
1,-1,2,0.75,0.7,-1,-1,0.8,0.8,0.237627,0.007449
1,-1,2,0.75,0.7,-1,-1,0.85,0.85,0.238291,0.007245
1,-1,2,0.75,0.7,-1,-1,0.9,0.9,0.239362,0.007245
1,-1,2,0.75,0.7,-1,-1,0.95,0.95,0.241173,0.007143
1,-1,2,0.75,0.7,-1,-1,1.0,1.0,0.25,0.007143
1,-1,2,0.8,0.7,-1,-1,0.05,0.05,0.235714,0.020919
1,-1,2,0.8,0.7,-1,-1,0.1,0.1,0.235714,0.020409
1,-1,2,0.8,0.7,-1,-1,0.15,0.15,0.235714,0.018878
1,-1,2,0.8,0.7,-1,-1,0.2,0.2,0.235714,0.017755
1,-1,2,0.8,0.7,-1,-1,0.25,0.25,0.235842,0.015919
1,-1,2,0.8,0.7,-1,-1,0.3,0.3,0.235969,0.014796
1,-1,2,0.8,0.7,-1,-1,0.35,0.35,0.236033,0.013368
1,-1,2,0.8,0.7,-1,-1,0.4,0.4,0.236033,0.012245
1,-1,2,0.8,0.7,-1,-1,0.45,0.45,0.236033,0.010919
1,-1,2,0.8,0.7,-1,-1,0.5,0.5,0.236288,0.01051
1,-1,2,0.8,0.7,-1,-1,0.55,0.55,0.236479,0.00949
1,-1,2,0.8,0.7,-1,-1,0.6,0.6,0.236734,0.008776
1,-1,2,0.8,0.7,-1,-1,0.65,0.65,0.237181,0.008368
1,-1,2,0.8,0.7,-1,-1,0.7,0.7,0.237755,0.008163
1,-1,2,0.8,0.7,-1,-1,0.75,0.75,0.238648,0.007551
1,-1,2,0.8,0.7,-1,-1,0.8,0.8,0.240497,0.007449
1,-1,2,0.8,0.7,-1,-1,0.85,0.85,0.242155,0.007245
1,-1,2,0.8,0.7,-1,-1,0.9,0.9,0.244834,0.007245
1,-1,2,0.8,0.7,-1,-1,0.95,0.95,0.249362,0.007143
1,-1,2,0.8,0.7,-1,-1,1.0,1.0,0.271429,0.007143
1,-1,2,0.85,0.7,-1,-1,0.05,0.05,0.235714,0.020664
1,-1,2,0.85,0.7,-1,-1,0.1,0.1,0.235714,0.019898
1,-1,2,0.85,0.7,-1,-1,0.15,0.15,0.235714,0.017602
1,-1,2,0.85,0.7,-1,-1,0.2,0.2,0.235714,0.015919
1,-1,2,0.85,0.7,-1,-1,0.25,0.25,0.235918,0.013164
1,-1,2,0.85,0.7,-1,-1,0.3,0.3,0.236122,0.01148
1,-1,2,0.85,0.7,-1,-1,0.35,0.35,0.236224,0.009337
1,-1,2,0.85,0.7,-1,-1,0.4,0.4,0.236224,0.007653
1,-1,2,0.85,0.7,-1,-1,0.45,0.45,0.236224,0.005663
1,-1,2,0.85,0.7,-1,-1,0.5,0.5,0.236632,0.005051
1,-1,2,0.85,0.7,-1,-1,0.55,0.55,0.236939,0.00352
1,-1,2,0.85,0.7,-1,-1,0.6,0.6,0.237347,0.002449
1,-1,2,0.85,0.7,-1,-1,0.65,0.65,0.238061,0.001837
1,-1,2,0.85,0.7,-1,-1,0.7,0.7,0.238979,0.001531
1,-1,2,0.85,0.7,-1,-1,0.75,0.75,0.240408,0.000612
1,-1,2,0.85,0.7,-1,-1,0.8,0.8,0.243367,0.000459
1,-1,2,0.85,0.7,-1,-1,0.85,0.85,0.24602,0.000153
1,-1,2,0.85,0.7,-1,-1,0.9,0.9,0.250306,0.000153
1,-1,2,0.85,0.7,-1,-1,0.95,0.95,0.257551,0.0
1,-1,2,0.85,0.7,-1,-1,1.0,1.0,0.292857,0.0
1,-1,2,0.9,0.7,-1,-1,0.05,0.05,0.235714,0.020664
1,-1,2,0.9,0.7,-1,-1,0.1,0.1,0.235714,0.019898
1,-1,2,0.9,0.7,-1,-1,0.15,0.15,0.235714,0.017602
1,-1,2,0.9,0.7,-1,-1,0.2,0.2,0.235714,0.015919
1,-1,2,0.9,0.7,-1,-1,0.25,0.25,0.236122,0.013164
1,-1,2,0.9,0.7,-1,-1,0.3,0.3,0.23653,0.01148
1,-1,2,0.9,0.7,-1,-1,0.35,0.35,0.236734,0.009337
1,-1,2,0.9,0.7,-1,-1,0.4,0.4,0.236734,0.007653
1,-1,2,0.9,0.7,-1,-1,0.45,0.45,0.236734,0.005663
1,-1,2,0.9,0.7,-1,-1,0.5,0.5,0.237551,0.005051
1,-1,2,0.9,0.7,-1,-1,0.55,0.55,0.238163,0.00352
1,-1,2,0.9,0.7,-1,-1,0.6,0.6,0.238979,0.002449
1,-1,2,0.9,0.7,-1,-1,0.65,0.65,0.240408,0.001837
1,-1,2,0.9,0.7,-1,-1,0.7,0.7,0.242245,0.001531
1,-1,2,0.9,0.7,-1,-1,0.75,0.75,0.245102,0.000612
1,-1,2,0.9,0.7,-1,-1,0.8,0.8,0.25102,0.000459
1,-1,2,0.9,0.7,-1,-1,0.85,0.85,0.256326,0.000153
1,-1,2,0.9,0.7,-1,-1,0.9,0.9,0.264898,0.000153
1,-1,2,0.9,0.7,-1,-1,0.95,0.95,0.279388,0.0
1,-1,2,0.9,0.7,-1,-1,1.0,1.0,0.35,0.0
1,-1,2,0.95,0.7,-1,-1,0.05,0.05,0.235714,0.020664
1,-1,2,0.95,0.7,-1,-1,0.1,0.1,0.235714,0.019898
1,-1,2,0.95,0.7,-1,-1,0.15,0.15,0.235714,0.017602
1,-1,2,0.95,0.7,-1,-1,0.2,0.2,0.235714,0.015919
1,-1,2,0.95,0.7,-1,-1,0.25,0.25,0.236403,0.013164
1,-1,2,0.95,0.7,-1,-1,0.3,0.3,0.237092,0.01148
1,-1,2,0.95,0.7,-1,-1,0.35,0.35,0.237436,0.009337
1,-1,2,0.95,0.7,-1,-1,0.4,0.4,0.237436,0.007653
1,-1,2,0.95,0.7,-1,-1,0.45,0.45,0.237436,0.005663
1,-1,2,0.95,0.7,-1,-1,0.5,0.5,0.238813,0.005051
1,-1,2,0.95,0.7,-1,-1,0.55,0.55,0.239847,0.00352
1,-1,2,0.95,0.7,-1,-1,0.6,0.6,0.241224,0.002449
1,-1,2,0.95,0.7,-1,-1,0.65,0.65,0.243635,0.001837
1,-1,2,0.95,0.7,-1,-1,0.7,0.7,0.246734,0.001531
1,-1,2,0.95,0.7,-1,-1,0.75,0.75,0.251556,0.000612
1,-1,2,0.95,0.7,-1,-1,0.8,0.8,0.261543,0.000459
1,-1,2,0.95,0.7,-1,-1,0.85,0.85,0.270497,0.000153
1,-1,2,0.95,0.7,-1,-1,0.9,0.9,0.284961,0.000153
1,-1,2,0.95,0.7,-1,-1,0.95,0.95,0.309413,0.0
1,-1,2,0.95,0.7,-1,-1,1.0,1.0,0.428571,0.0
1,-1,2,1.0,0.7,-1,-1,0.05,0.05,0.235714,0.020664
1,-1,2,1.0,0.7,-1,-1,0.1,0.1,0.235714,0.019898
1,-1,2,1.0,0.7,-1,-1,0.15,0.15,0.235714,0.017602
1,-1,2,1.0,0.7,-1,-1,0.2,0.2,0.235714,0.015919
1,-1,2,1.0,0.7,-1,-1,0.25,0.25,0.238443,0.013164
1,-1,2,1.0,0.7,-1,-1,0.3,0.3,0.241173,0.01148
1,-1,2,1.0,0.7,-1,-1,0.35,0.35,0.242538,0.009337
1,-1,2,1.0,0.7,-1,-1,0.4,0.4,0.242538,0.007653
1,-1,2,1.0,0.7,-1,-1,0.45,0.45,0.242538,0.005663
1,-1,2,1.0,0.7,-1,-1,0.5,0.5,0.247997,0.005051
1,-1,2,1.0,0.7,-1,-1,0.55,0.55,0.252092,0.00352
1,-1,2,1.0,0.7,-1,-1,0.6,0.6,0.25755,0.002449
1,-1,2,1.0,0.7,-1,-1,0.65,0.65,0.267104,0.001837
1,-1,2,1.0,0.7,-1,-1,0.7,0.7,0.279388,0.001531
1,-1,2,1.0,0.7,-1,-1,0.75,0.75,0.298495,0.000612
1,-1,2,1.0,0.7,-1,-1,0.8,0.8,0.338074,0.000459
1,-1,2,1.0,0.7,-1,-1,0.85,0.85,0.373558,0.000153
1,-1,2,1.0,0.7,-1,-1,0.9,0.9,0.43088,0.000153
1,-1,2,1.0,0.7,-1,-1,0.95,0.95,0.527781,0.0
1,-1,2,1.0,0.7,-1,-1,1.0,1.0,1.0,0.0
1,-1,2,0.75,0.75,-1,-1,0.05,0.05,0.25,0.007143
1,-1,2,0.75,0.75,-1,-1,0.1,0.1,0.25,0.007143
1,-1,2,0.75,0.75,-1,-1,0.15,0.15,0.25,0.007143
1,-1,2,0.75,0.75,-1,-1,0.2,0.2,0.25,0.007143
1,-1,2,0.75,0.75,-1,-1,0.25,0.25,0.25,0.007143
1,-1,2,0.75,0.75,-1,-1,0.3,0.3,0.25,0.007143
1,-1,2,0.75,0.75,-1,-1,0.35,0.35,0.25,0.007143
1,-1,2,0.75,0.75,-1,-1,0.4,0.4,0.25,0.007143
1,-1,2,0.75,0.75,-1,-1,0.45,0.45,0.25,0.007143
1,-1,2,0.75,0.75,-1,-1,0.5,0.5,0.25,0.007143
1,-1,2,0.75,0.75,-1,-1,0.55,0.55,0.25,0.007143
1,-1,2,0.75,0.75,-1,-1,0.6,0.6,0.25,0.007143
1,-1,2,0.75,0.75,-1,-1,0.65,0.65,0.25,0.007143
1,-1,2,0.75,0.75,-1,-1,0.7,0.7,0.25,0.007143
1,-1,2,0.75,0.75,-1,-1,0.75,0.75,0.25,0.007143
1,-1,2,0.75,0.75,-1,-1,0.8,0.8,0.25,0.007143
1,-1,2,0.75,0.75,-1,-1,0.85,0.85,0.25,0.007143
1,-1,2,0.75,0.75,-1,-1,0.9,0.9,0.25,0.007143
1,-1,2,0.75,0.75,-1,-1,0.95,0.95,0.25,0.007143
1,-1,2,0.75,0.75,-1,-1,1.0,1.0,0.25,0.007143
1,-1,2,0.8,0.75,-1,-1,0.05,0.05,0.25,0.007143
1,-1,2,0.8,0.75,-1,-1,0.1,0.1,0.25,0.007143
1,-1,2,0.8,0.75,-1,-1,0.15,0.15,0.25,0.007143
1,-1,2,0.8,0.75,-1,-1,0.2,0.2,0.25,0.007143
1,-1,2,0.8,0.75,-1,-1,0.25,0.25,0.250077,0.007143
1,-1,2,0.8,0.75,-1,-1,0.3,0.3,0.250153,0.007143
1,-1,2,0.8,0.75,-1,-1,0.35,0.35,0.250191,0.007143
1,-1,2,0.8,0.75,-1,-1,0.4,0.4,0.250191,0.007143
1,-1,2,0.8,0.75,-1,-1,0.45,0.45,0.250191,0.007143
1,-1,2,0.8,0.75,-1,-1,0.5,0.5,0.250344,0.007143
1,-1,2,0.8,0.75,-1,-1,0.55,0.55,0.250459,0.007143
1,-1,2,0.8,0.75,-1,-1,0.6,0.6,0.250612,0.007143
1,-1,2,0.8,0.75,-1,-1,0.65,0.65,0.25088,0.007143
1,-1,2,0.8,0.75,-1,-1,0.7,0.7,0.251225,0.007143
1,-1,2,0.8,0.75,-1,-1,0.75,0.75,0.25176,0.007143
1,-1,2,0.8,0.75,-1,-1,0.8,0.8,0.25287,0.007143
1,-1,2,0.8,0.75,-1,-1,0.85,0.85,0.253865,0.007143
1,-1,2,0.8,0.75,-1,-1,0.9,0.9,0.255472,0.007143
1,-1,2,0.8,0.75,-1,-1,0.95,0.95,0.258189,0.007143
1,-1,2,0.8,0.75,-1,-1,1.0,1.0,0.271429,0.007143
1,-1,2,0.85,0.75,-1,-1,0.05,0.05,0.25,0.006888
1,-1,2,0.85,0.75,-1,-1,0.1,0.1,0.25,0.006633
1,-1,2,0.85,0.75,-1,-1,0.15,0.15,0.25,0.005867
1,-1,2,0.85,0.75,-1,-1,0.2,0.2,0.25,0.005306
1,-1,2,0.85,0.75,-1,-1,0.25,0.25,0.250153,0.004388
1,-1,2,0.85,0.75,-1,-1,0.3,0.3,0.250306,0.003827
1,-1,2,0.85,0.75,-1,-1,0.35,0.35,0.250383,0.003112
1,-1,2,0.85,0.75,-1,-1,0.4,0.4,0.250383,0.002551
1,-1,2,0.85,0.75,-1,-1,0.45,0.45,0.250383,0.001888
1,-1,2,0.85,0.75,-1,-1,0.5,0.5,0.250689,0.001684
1,-1,2,0.85,0.75,-1,-1,0.55,0.55,0.250918,0.001173
1,-1,2,0.85,0.75,-1,-1,0.6,0.6,0.251224,0.000816
1,-1,2,0.85,0.75,-1,-1,0.65,0.65,0.25176,0.000612
1,-1,2,0.85,0.75,-1,-1,0.7,0.7,0.252449,0.00051
1,-1,2,0.85,0.75,-1,-1,0.75,0.75,0.25352,0.000204
1,-1,2,0.85,0.75,-1,-1,0.8,0.8,0.25574,0.000153
1,-1,2,0.85,0.75,-1,-1,0.85,0.85,0.25773,5.1e-05
1,-1,2,0.85,0.75,-1,-1,0.9,0.9,0.260944,5.1e-05
1,-1,2,0.85,0.75,-1,-1,0.95,0.95,0.266378,0.0
1,-1,2,0.85,0.75,-1,-1,1.0,1.0,0.292857,0.0
1,-1,2,0.9,0.75,-1,-1,0.05,0.05,0.25,0.006888
1,-1,2,0.9,0.75,-1,-1,0.1,0.1,0.25,0.006633
1,-1,2,0.9,0.75,-1,-1,0.15,0.15,0.25,0.005867
1,-1,2,0.9,0.75,-1,-1,0.2,0.2,0.25,0.005306
1,-1,2,0.9,0.75,-1,-1,0.25,0.25,0.250357,0.004388
1,-1,2,0.9,0.75,-1,-1,0.3,0.3,0.250714,0.003827
1,-1,2,0.9,0.75,-1,-1,0.35,0.35,0.250893,0.003112
1,-1,2,0.9,0.75,-1,-1,0.4,0.4,0.250893,0.002551
1,-1,2,0.9,0.75,-1,-1,0.45,0.45,0.250893,0.001888
1,-1,2,0.9,0.75,-1,-1,0.5,0.5,0.251607,0.001684
1,-1,2,0.9,0.75,-1,-1,0.55,0.55,0.252143,0.001173
1,-1,2,0.9,0.75,-1,-1,0.6,0.6,0.252857,0.000816
1,-1,2,0.9,0.75,-1,-1,0.65,0.65,0.254107,0.000612
1,-1,2,0.9,0.75,-1,-1,0.7,0.7,0.255714,0.00051
1,-1,2,0.9,0.75,-1,-1,0.75,0.75,0.258214,0.000204
1,-1,2,0.9,0.75,-1,-1,0.8,0.8,0.263393,0.000153
1,-1,2,0.9,0.75,-1,-1,0.85,0.85,0.268036,5.1e-05
1,-1,2,0.9,0.75,-1,-1,0.9,0.9,0.275536,5.1e-05
1,-1,2,0.9,0.75,-1,-1,0.95,0.95,0.288214,0.0
1,-1,2,0.9,0.75,-1,-1,1.0,1.0,0.35,0.0
1,-1,2,0.95,0.75,-1,-1,0.05,0.05,0.25,0.006888
1,-1,2,0.95,0.75,-1,-1,0.1,0.1,0.25,0.006633
1,-1,2,0.95,0.75,-1,-1,0.15,0.15,0.25,0.005867
1,-1,2,0.95,0.75,-1,-1,0.2,0.2,0.25,0.005306
1,-1,2,0.95,0.75,-1,-1,0.25,0.25,0.250638,0.004388
1,-1,2,0.95,0.75,-1,-1,0.3,0.3,0.251276,0.003827
1,-1,2,0.95,0.75,-1,-1,0.35,0.35,0.251594,0.003112
1,-1,2,0.95,0.75,-1,-1,0.4,0.4,0.251594,0.002551
1,-1,2,0.95,0.75,-1,-1,0.45,0.45,0.251594,0.001888
1,-1,2,0.95,0.75,-1,-1,0.5,0.5,0.25287,0.001684
1,-1,2,0.95,0.75,-1,-1,0.55,0.55,0.253827,0.001173
1,-1,2,0.95,0.75,-1,-1,0.6,0.6,0.255102,0.000816
1,-1,2,0.95,0.75,-1,-1,0.65,0.65,0.257334,0.000612
1,-1,2,0.95,0.75,-1,-1,0.7,0.7,0.260204,0.00051
1,-1,2,0.95,0.75,-1,-1,0.75,0.75,0.264668,0.000204
1,-1,2,0.95,0.75,-1,-1,0.8,0.8,0.273916,0.000153
1,-1,2,0.95,0.75,-1,-1,0.85,0.85,0.282207,5.1e-05
1,-1,2,0.95,0.75,-1,-1,0.9,0.9,0.295599,5.1e-05
1,-1,2,0.95,0.75,-1,-1,0.95,0.95,0.31824,0.0
1,-1,2,0.95,0.75,-1,-1,1.0,1.0,0.428571,0.0
1,-1,2,1.0,0.75,-1,-1,0.05,0.05,0.25,0.006888
1,-1,2,1.0,0.75,-1,-1,0.1,0.1,0.25,0.006633
1,-1,2,1.0,0.75,-1,-1,0.15,0.15,0.25,0.005867
1,-1,2,1.0,0.75,-1,-1,0.2,0.2,0.25,0.005306
1,-1,2,1.0,0.75,-1,-1,0.25,0.25,0.252678,0.004388
1,-1,2,1.0,0.75,-1,-1,0.3,0.3,0.255357,0.003827
1,-1,2,1.0,0.75,-1,-1,0.35,0.35,0.256697,0.003112
1,-1,2,1.0,0.75,-1,-1,0.4,0.4,0.256697,0.002551
1,-1,2,1.0,0.75,-1,-1,0.45,0.45,0.256697,0.001888
1,-1,2,1.0,0.75,-1,-1,0.5,0.5,0.262053,0.001684
1,-1,2,1.0,0.75,-1,-1,0.55,0.55,0.266072,0.001173
1,-1,2,1.0,0.75,-1,-1,0.6,0.6,0.271428,0.000816
1,-1,2,1.0,0.75,-1,-1,0.65,0.65,0.280803,0.000612
1,-1,2,1.0,0.75,-1,-1,0.7,0.7,0.292857,0.00051
1,-1,2,1.0,0.75,-1,-1,0.75,0.75,0.311607,0.000204
1,-1,2,1.0,0.75,-1,-1,0.8,0.8,0.350447,0.000153
1,-1,2,1.0,0.75,-1,-1,0.85,0.85,0.385268,5.1e-05
1,-1,2,1.0,0.75,-1,-1,0.9,0.9,0.441518,5.1e-05
1,-1,2,1.0,0.75,-1,-1,0.95,0.95,0.536607,0.0
1,-1,2,1.0,0.75,-1,-1,1.0,1.0,1.0,0.0
1,-1,2,0.8,0.8,-1,-1,0.05,0.05,0.271429,0.007143
1,-1,2,0.8,0.8,-1,-1,0.1,0.1,0.271429,0.007143
1,-1,2,0.8,0.8,-1,-1,0.15,0.15,0.271429,0.007143
1,-1,2,0.8,0.8,-1,-1,0.2,0.2,0.271429,0.007143
1,-1,2,0.8,0.8,-1,-1,0.25,0.25,0.271429,0.007143
1,-1,2,0.8,0.8,-1,-1,0.3,0.3,0.271429,0.007143
1,-1,2,0.8,0.8,-1,-1,0.35,0.35,0.271429,0.007143
1,-1,2,0.8,0.8,-1,-1,0.4,0.4,0.271429,0.007143
1,-1,2,0.8,0.8,-1,-1,0.45,0.45,0.271429,0.007143
1,-1,2,0.8,0.8,-1,-1,0.5,0.5,0.271429,0.007143
1,-1,2,0.8,0.8,-1,-1,0.55,0.55,0.271429,0.007143
1,-1,2,0.8,0.8,-1,-1,0.6,0.6,0.271429,0.007143
1,-1,2,0.8,0.8,-1,-1,0.65,0.65,0.271429,0.007143
1,-1,2,0.8,0.8,-1,-1,0.7,0.7,0.271429,0.007143
1,-1,2,0.8,0.8,-1,-1,0.75,0.75,0.271429,0.007143
1,-1,2,0.8,0.8,-1,-1,0.8,0.8,0.271429,0.007143
1,-1,2,0.8,0.8,-1,-1,0.85,0.85,0.271429,0.007143
1,-1,2,0.8,0.8,-1,-1,0.9,0.9,0.271429,0.007143
1,-1,2,0.8,0.8,-1,-1,0.95,0.95,0.271429,0.007143
1,-1,2,0.8,0.8,-1,-1,1.0,1.0,0.271429,0.007143
1,-1,2,0.85,0.8,-1,-1,0.05,0.05,0.271429,0.006888
1,-1,2,0.85,0.8,-1,-1,0.1,0.1,0.271429,0.006633
1,-1,2,0.85,0.8,-1,-1,0.15,0.15,0.271429,0.005867
1,-1,2,0.85,0.8,-1,-1,0.2,0.2,0.271429,0.005306
1,-1,2,0.85,0.8,-1,-1,0.25,0.25,0.271506,0.004388
1,-1,2,0.85,0.8,-1,-1,0.3,0.3,0.271582,0.003827
1,-1,2,0.85,0.8,-1,-1,0.35,0.35,0.27162,0.003112
1,-1,2,0.85,0.8,-1,-1,0.4,0.4,0.27162,0.002551
1,-1,2,0.85,0.8,-1,-1,0.45,0.45,0.27162,0.001888
1,-1,2,0.85,0.8,-1,-1,0.5,0.5,0.271773,0.001684
1,-1,2,0.85,0.8,-1,-1,0.55,0.55,0.271888,0.001173
1,-1,2,0.85,0.8,-1,-1,0.6,0.6,0.272041,0.000816
1,-1,2,0.85,0.8,-1,-1,0.65,0.65,0.272309,0.000612
1,-1,2,0.85,0.8,-1,-1,0.7,0.7,0.272653,0.00051
1,-1,2,0.85,0.8,-1,-1,0.75,0.75,0.273189,0.000204
1,-1,2,0.85,0.8,-1,-1,0.8,0.8,0.274299,0.000153
1,-1,2,0.85,0.8,-1,-1,0.85,0.85,0.275294,5.1e-05
1,-1,2,0.85,0.8,-1,-1,0.9,0.9,0.276901,5.1e-05
1,-1,2,0.85,0.8,-1,-1,0.95,0.95,0.279618,0.0
1,-1,2,0.85,0.8,-1,-1,1.0,1.0,0.292857,0.0
1,-1,2,0.9,0.8,-1,-1,0.05,0.05,0.271429,0.006888
1,-1,2,0.9,0.8,-1,-1,0.1,0.1,0.271429,0.006633
1,-1,2,0.9,0.8,-1,-1,0.15,0.15,0.271429,0.005867
1,-1,2,0.9,0.8,-1,-1,0.2,0.2,0.271429,0.005306
1,-1,2,0.9,0.8,-1,-1,0.25,0.25,0.27171,0.004388
1,-1,2,0.9,0.8,-1,-1,0.3,0.3,0.27199,0.003827
1,-1,2,0.9,0.8,-1,-1,0.35,0.35,0.272131,0.003112
1,-1,2,0.9,0.8,-1,-1,0.4,0.4,0.272131,0.002551
1,-1,2,0.9,0.8,-1,-1,0.45,0.45,0.272131,0.001888
1,-1,2,0.9,0.8,-1,-1,0.5,0.5,0.272692,0.001684
1,-1,2,0.9,0.8,-1,-1,0.55,0.55,0.273113,0.001173
1,-1,2,0.9,0.8,-1,-1,0.6,0.6,0.273674,0.000816
1,-1,2,0.9,0.8,-1,-1,0.65,0.65,0.274656,0.000612
1,-1,2,0.9,0.8,-1,-1,0.7,0.7,0.275919,0.00051
1,-1,2,0.9,0.8,-1,-1,0.75,0.75,0.277883,0.000204
1,-1,2,0.9,0.8,-1,-1,0.8,0.8,0.281952,0.000153
1,-1,2,0.9,0.8,-1,-1,0.85,0.85,0.2856,5.1e-05
1,-1,2,0.9,0.8,-1,-1,0.9,0.9,0.291493,5.1e-05
1,-1,2,0.9,0.8,-1,-1,0.95,0.95,0.301454,0.0
1,-1,2,0.9,0.8,-1,-1,1.0,1.0,0.35,0.0
1,-1,2,0.95,0.8,-1,-1,0.05,0.05,0.271429,0.006888
1,-1,2,0.95,0.8,-1,-1,0.1,0.1,0.271429,0.006633
1,-1,2,0.95,0.8,-1,-1,0.15,0.15,0.271429,0.005867
1,-1,2,0.95,0.8,-1,-1,0.2,0.2,0.271429,0.005306
1,-1,2,0.95,0.8,-1,-1,0.25,0.25,0.27199,0.004388
1,-1,2,0.95,0.8,-1,-1,0.3,0.3,0.272551,0.003827
1,-1,2,0.95,0.8,-1,-1,0.35,0.35,0.272832,0.003112
1,-1,2,0.95,0.8,-1,-1,0.4,0.4,0.272832,0.002551
1,-1,2,0.95,0.8,-1,-1,0.45,0.45,0.272832,0.001888
1,-1,2,0.95,0.8,-1,-1,0.5,0.5,0.273954,0.001684
1,-1,2,0.95,0.8,-1,-1,0.55,0.55,0.274796,0.001173
1,-1,2,0.95,0.8,-1,-1,0.6,0.6,0.275919,0.000816
1,-1,2,0.95,0.8,-1,-1,0.65,0.65,0.277883,0.000612
1,-1,2,0.95,0.8,-1,-1,0.7,0.7,0.280409,0.00051
1,-1,2,0.95,0.8,-1,-1,0.75,0.75,0.284337,0.000204
1,-1,2,0.95,0.8,-1,-1,0.8,0.8,0.292475,0.000153
1,-1,2,0.95,0.8,-1,-1,0.85,0.85,0.299771,5.1e-05
1,-1,2,0.95,0.8,-1,-1,0.9,0.9,0.311556,5.1e-05
1,-1,2,0.95,0.8,-1,-1,0.95,0.95,0.33148,0.0
1,-1,2,0.95,0.8,-1,-1,1.0,1.0,0.428571,0.0
1,-1,2,1.0,0.8,-1,-1,0.05,0.05,0.271429,0.006888
1,-1,2,1.0,0.8,-1,-1,0.1,0.1,0.271429,0.006633
1,-1,2,1.0,0.8,-1,-1,0.15,0.15,0.271429,0.005867
1,-1,2,1.0,0.8,-1,-1,0.2,0.2,0.271429,0.005306
1,-1,2,1.0,0.8,-1,-1,0.25,0.25,0.274031,0.004388
1,-1,2,1.0,0.8,-1,-1,0.3,0.3,0.276633,0.003827
1,-1,2,1.0,0.8,-1,-1,0.35,0.35,0.277934,0.003112
1,-1,2,1.0,0.8,-1,-1,0.4,0.4,0.277934,0.002551
1,-1,2,1.0,0.8,-1,-1,0.45,0.45,0.277934,0.001888
1,-1,2,1.0,0.8,-1,-1,0.5,0.5,0.283138,0.001684
1,-1,2,1.0,0.8,-1,-1,0.55,0.55,0.287042,0.001173
1,-1,2,1.0,0.8,-1,-1,0.6,0.6,0.292245,0.000816
1,-1,2,1.0,0.8,-1,-1,0.65,0.65,0.301352,0.000612
1,-1,2,1.0,0.8,-1,-1,0.7,0.7,0.313062,0.00051
1,-1,2,1.0,0.8,-1,-1,0.75,0.75,0.331276,0.000204
1,-1,2,1.0,0.8,-1,-1,0.8,0.8,0.369006,0.000153
1,-1,2,1.0,0.8,-1,-1,0.85,0.85,0.402832,5.1e-05
1,-1,2,1.0,0.8,-1,-1,0.9,0.9,0.457475,5.1e-05
1,-1,2,1.0,0.8,-1,-1,0.95,0.95,0.549847,0.0
1,-1,2,1.0,0.8,-1,-1,1.0,1.0,1.0,0.0
1,-1,2,0.85,0.85,-1,-1,0.05,0.05,0.292857,0.0
1,-1,2,0.85,0.85,-1,-1,0.1,0.1,0.292857,0.0
1,-1,2,0.85,0.85,-1,-1,0.15,0.15,0.292857,0.0
1,-1,2,0.85,0.85,-1,-1,0.2,0.2,0.292857,0.0
1,-1,2,0.85,0.85,-1,-1,0.25,0.25,0.292857,0.0
1,-1,2,0.85,0.85,-1,-1,0.3,0.3,0.292857,0.0
1,-1,2,0.85,0.85,-1,-1,0.35,0.35,0.292857,0.0
1,-1,2,0.85,0.85,-1,-1,0.4,0.4,0.292857,0.0
1,-1,2,0.85,0.85,-1,-1,0.45,0.45,0.292857,0.0
1,-1,2,0.85,0.85,-1,-1,0.5,0.5,0.292857,0.0
1,-1,2,0.85,0.85,-1,-1,0.55,0.55,0.292857,0.0
1,-1,2,0.85,0.85,-1,-1,0.6,0.6,0.292857,0.0
1,-1,2,0.85,0.85,-1,-1,0.65,0.65,0.292857,0.0
1,-1,2,0.85,0.85,-1,-1,0.7,0.7,0.292857,0.0
1,-1,2,0.85,0.85,-1,-1,0.75,0.75,0.292857,0.0
1,-1,2,0.85,0.85,-1,-1,0.8,0.8,0.292857,0.0
1,-1,2,0.85,0.85,-1,-1,0.85,0.85,0.292857,0.0
1,-1,2,0.85,0.85,-1,-1,0.9,0.9,0.292857,0.0
1,-1,2,0.85,0.85,-1,-1,0.95,0.95,0.292857,0.0
1,-1,2,0.85,0.85,-1,-1,1.0,1.0,0.292857,0.0
1,-1,2,0.9,0.85,-1,-1,0.05,0.05,0.292857,0.0
1,-1,2,0.9,0.85,-1,-1,0.1,0.1,0.292857,0.0
1,-1,2,0.9,0.85,-1,-1,0.15,0.15,0.292857,0.0
1,-1,2,0.9,0.85,-1,-1,0.2,0.2,0.292857,0.0
1,-1,2,0.9,0.85,-1,-1,0.25,0.25,0.293061,0.0
1,-1,2,0.9,0.85,-1,-1,0.3,0.3,0.293265,0.0
1,-1,2,0.9,0.85,-1,-1,0.35,0.35,0.293367,0.0
1,-1,2,0.9,0.85,-1,-1,0.4,0.4,0.293367,0.0
1,-1,2,0.9,0.85,-1,-1,0.45,0.45,0.293367,0.0
1,-1,2,0.9,0.85,-1,-1,0.5,0.5,0.293775,0.0
1,-1,2,0.9,0.85,-1,-1,0.55,0.55,0.294082,0.0
1,-1,2,0.9,0.85,-1,-1,0.6,0.6,0.29449,0.0
1,-1,2,0.9,0.85,-1,-1,0.65,0.65,0.295204,0.0
1,-1,2,0.9,0.85,-1,-1,0.7,0.7,0.296122,0.0
1,-1,2,0.9,0.85,-1,-1,0.75,0.75,0.297551,0.0
1,-1,2,0.9,0.85,-1,-1,0.8,0.8,0.30051,0.0
1,-1,2,0.9,0.85,-1,-1,0.85,0.85,0.303163,0.0
1,-1,2,0.9,0.85,-1,-1,0.9,0.9,0.307449,0.0
1,-1,2,0.9,0.85,-1,-1,0.95,0.95,0.314694,0.0
1,-1,2,0.9,0.85,-1,-1,1.0,1.0,0.35,0.0
1,-1,2,0.95,0.85,-1,-1,0.05,0.05,0.292857,0.0
1,-1,2,0.95,0.85,-1,-1,0.1,0.1,0.292857,0.0
1,-1,2,0.95,0.85,-1,-1,0.15,0.15,0.292857,0.0
1,-1,2,0.95,0.85,-1,-1,0.2,0.2,0.292857,0.0
1,-1,2,0.95,0.85,-1,-1,0.25,0.25,0.293342,0.0
1,-1,2,0.95,0.85,-1,-1,0.3,0.3,0.293826,0.0
1,-1,2,0.95,0.85,-1,-1,0.35,0.35,0.294069,0.0
1,-1,2,0.95,0.85,-1,-1,0.4,0.4,0.294069,0.0
1,-1,2,0.95,0.85,-1,-1,0.45,0.45,0.294069,0.0
1,-1,2,0.95,0.85,-1,-1,0.5,0.5,0.295038,0.0
1,-1,2,0.95,0.85,-1,-1,0.55,0.55,0.295765,0.0
1,-1,2,0.95,0.85,-1,-1,0.6,0.6,0.296734,0.0
1,-1,2,0.95,0.85,-1,-1,0.65,0.65,0.298431,0.0
1,-1,2,0.95,0.85,-1,-1,0.7,0.7,0.300612,0.0
1,-1,2,0.95,0.85,-1,-1,0.75,0.75,0.304005,0.0
1,-1,2,0.95,0.85,-1,-1,0.8,0.8,0.311033,0.0
1,-1,2,0.95,0.85,-1,-1,0.85,0.85,0.317334,0.0
1,-1,2,0.95,0.85,-1,-1,0.9,0.9,0.327513,0.0
1,-1,2,0.95,0.85,-1,-1,0.95,0.95,0.344719,0.0
1,-1,2,0.95,0.85,-1,-1,1.0,1.0,0.428571,0.0
1,-1,2,1.0,0.85,-1,-1,0.05,0.05,0.292857,0.0
1,-1,2,1.0,0.85,-1,-1,0.1,0.1,0.292857,0.0
1,-1,2,1.0,0.85,-1,-1,0.15,0.15,0.292857,0.0
1,-1,2,1.0,0.85,-1,-1,0.2,0.2,0.292857,0.0
1,-1,2,1.0,0.85,-1,-1,0.25,0.25,0.295382,0.0
1,-1,2,1.0,0.85,-1,-1,0.3,0.3,0.297908,0.0
1,-1,2,1.0,0.85,-1,-1,0.35,0.35,0.299171,0.0
1,-1,2,1.0,0.85,-1,-1,0.4,0.4,0.299171,0.0
1,-1,2,1.0,0.85,-1,-1,0.45,0.45,0.299171,0.0
1,-1,2,1.0,0.85,-1,-1,0.5,0.5,0.304221,0.0
1,-1,2,1.0,0.85,-1,-1,0.55,0.55,0.30801,0.0
1,-1,2,1.0,0.85,-1,-1,0.6,0.6,0.313061,0.0
1,-1,2,1.0,0.85,-1,-1,0.65,0.65,0.3219,0.0
1,-1,2,1.0,0.85,-1,-1,0.7,0.7,0.333265,0.0
1,-1,2,1.0,0.85,-1,-1,0.75,0.75,0.350944,0.0
1,-1,2,1.0,0.85,-1,-1,0.8,0.8,0.387564,0.0
1,-1,2,1.0,0.85,-1,-1,0.85,0.85,0.420395,0.0
1,-1,2,1.0,0.85,-1,-1,0.9,0.9,0.473431,0.0
1,-1,2,1.0,0.85,-1,-1,0.95,0.95,0.563087,0.0
1,-1,2,1.0,0.85,-1,-1,1.0,1.0,1.0,0.0
1,-1,2,0.9,0.9,-1,-1,0.05,0.05,0.35,0.0
1,-1,2,0.9,0.9,-1,-1,0.1,0.1,0.35,0.0
1,-1,2,0.9,0.9,-1,-1,0.15,0.15,0.35,0.0
1,-1,2,0.9,0.9,-1,-1,0.2,0.2,0.35,0.0
1,-1,2,0.9,0.9,-1,-1,0.25,0.25,0.35,0.0
1,-1,2,0.9,0.9,-1,-1,0.3,0.3,0.35,0.0
1,-1,2,0.9,0.9,-1,-1,0.35,0.35,0.35,0.0
1,-1,2,0.9,0.9,-1,-1,0.4,0.4,0.35,0.0
1,-1,2,0.9,0.9,-1,-1,0.45,0.45,0.35,0.0
1,-1,2,0.9,0.9,-1,-1,0.5,0.5,0.35,0.0
1,-1,2,0.9,0.9,-1,-1,0.55,0.55,0.35,0.0
1,-1,2,0.9,0.9,-1,-1,0.6,0.6,0.35,0.0
1,-1,2,0.9,0.9,-1,-1,0.65,0.65,0.35,0.0
1,-1,2,0.9,0.9,-1,-1,0.7,0.7,0.35,0.0
1,-1,2,0.9,0.9,-1,-1,0.75,0.75,0.35,0.0
1,-1,2,0.9,0.9,-1,-1,0.8,0.8,0.35,0.0
1,-1,2,0.9,0.9,-1,-1,0.85,0.85,0.35,0.0
1,-1,2,0.9,0.9,-1,-1,0.9,0.9,0.35,0.0
1,-1,2,0.9,0.9,-1,-1,0.95,0.95,0.35,0.0
1,-1,2,0.9,0.9,-1,-1,1.0,1.0,0.35,0.0
1,-1,2,0.95,0.9,-1,-1,0.05,0.05,0.35,0.0
1,-1,2,0.95,0.9,-1,-1,0.1,0.1,0.35,0.0
1,-1,2,0.95,0.9,-1,-1,0.15,0.15,0.35,0.0
1,-1,2,0.95,0.9,-1,-1,0.2,0.2,0.35,0.0
1,-1,2,0.95,0.9,-1,-1,0.25,0.25,0.350281,0.0
1,-1,2,0.95,0.9,-1,-1,0.3,0.3,0.350561,0.0
1,-1,2,0.95,0.9,-1,-1,0.35,0.35,0.350702,0.0
1,-1,2,0.95,0.9,-1,-1,0.4,0.4,0.350702,0.0
1,-1,2,0.95,0.9,-1,-1,0.45,0.45,0.350702,0.0
1,-1,2,0.95,0.9,-1,-1,0.5,0.5,0.351263,0.0
1,-1,2,0.95,0.9,-1,-1,0.55,0.55,0.351684,0.0
1,-1,2,0.95,0.9,-1,-1,0.6,0.6,0.352245,0.0
1,-1,2,0.95,0.9,-1,-1,0.65,0.65,0.353227,0.0
1,-1,2,0.95,0.9,-1,-1,0.7,0.7,0.35449,0.0
1,-1,2,0.95,0.9,-1,-1,0.75,0.75,0.356454,0.0
1,-1,2,0.95,0.9,-1,-1,0.8,0.8,0.360523,0.0
1,-1,2,0.95,0.9,-1,-1,0.85,0.85,0.364171,0.0
1,-1,2,0.95,0.9,-1,-1,0.9,0.9,0.370064,0.0
1,-1,2,0.95,0.9,-1,-1,0.95,0.95,0.380025,0.0
1,-1,2,0.95,0.9,-1,-1,1.0,1.0,0.428571,0.0
1,-1,2,1.0,0.9,-1,-1,0.05,0.05,0.35,0.0
1,-1,2,1.0,0.9,-1,-1,0.1,0.1,0.35,0.0
1,-1,2,1.0,0.9,-1,-1,0.15,0.15,0.35,0.0
1,-1,2,1.0,0.9,-1,-1,0.2,0.2,0.35,0.0
1,-1,2,1.0,0.9,-1,-1,0.25,0.25,0.352321,0.0
1,-1,2,1.0,0.9,-1,-1,0.3,0.3,0.354643,0.0
1,-1,2,1.0,0.9,-1,-1,0.35,0.35,0.355804,0.0
1,-1,2,1.0,0.9,-1,-1,0.4,0.4,0.355804,0.0
1,-1,2,1.0,0.9,-1,-1,0.45,0.45,0.355804,0.0
1,-1,2,1.0,0.9,-1,-1,0.5,0.5,0.360446,0.0
1,-1,2,1.0,0.9,-1,-1,0.55,0.55,0.363929,0.0
1,-1,2,1.0,0.9,-1,-1,0.6,0.6,0.368571,0.0
1,-1,2,1.0,0.9,-1,-1,0.65,0.65,0.376696,0.0
1,-1,2,1.0,0.9,-1,-1,0.7,0.7,0.387143,0.0
1,-1,2,1.0,0.9,-1,-1,0.75,0.75,0.403393,0.0
1,-1,2,1.0,0.9,-1,-1,0.8,0.8,0.437054,0.0
1,-1,2,1.0,0.9,-1,-1,0.85,0.85,0.467232,0.0
1,-1,2,1.0,0.9,-1,-1,0.9,0.9,0.515982,0.0
1,-1,2,1.0,0.9,-1,-1,0.95,0.95,0.598393,0.0
1,-1,2,1.0,0.9,-1,-1,1.0,1.0,1.0,0.0
1,-1,2,0.95,0.95,-1,-1,0.05,0.05,0.428571,0.0
1,-1,2,0.95,0.95,-1,-1,0.1,0.1,0.428571,0.0
1,-1,2,0.95,0.95,-1,-1,0.15,0.15,0.428571,0.0
1,-1,2,0.95,0.95,-1,-1,0.2,0.2,0.428571,0.0
1,-1,2,0.95,0.95,-1,-1,0.25,0.25,0.428571,0.0
1,-1,2,0.95,0.95,-1,-1,0.3,0.3,0.428571,0.0
1,-1,2,0.95,0.95,-1,-1,0.35,0.35,0.428571,0.0
1,-1,2,0.95,0.95,-1,-1,0.4,0.4,0.428571,0.0
1,-1,2,0.95,0.95,-1,-1,0.45,0.45,0.428571,0.0
1,-1,2,0.95,0.95,-1,-1,0.5,0.5,0.428571,0.0
1,-1,2,0.95,0.95,-1,-1,0.55,0.55,0.428571,0.0
1,-1,2,0.95,0.95,-1,-1,0.6,0.6,0.428571,0.0
1,-1,2,0.95,0.95,-1,-1,0.65,0.65,0.428571,0.0
1,-1,2,0.95,0.95,-1,-1,0.7,0.7,0.428571,0.0
1,-1,2,0.95,0.95,-1,-1,0.75,0.75,0.428571,0.0
1,-1,2,0.95,0.95,-1,-1,0.8,0.8,0.428571,0.0
1,-1,2,0.95,0.95,-1,-1,0.85,0.85,0.428571,0.0
1,-1,2,0.95,0.95,-1,-1,0.9,0.9,0.428571,0.0
1,-1,2,0.95,0.95,-1,-1,0.95,0.95,0.428571,0.0
1,-1,2,0.95,0.95,-1,-1,1.0,1.0,0.428571,0.0
1,-1,2,1.0,0.95,-1,-1,0.05,0.05,0.428571,0.0
1,-1,2,1.0,0.95,-1,-1,0.1,0.1,0.428571,0.0
1,-1,2,1.0,0.95,-1,-1,0.15,0.15,0.428571,0.0
1,-1,2,1.0,0.95,-1,-1,0.2,0.2,0.428571,0.0
1,-1,2,1.0,0.95,-1,-1,0.25,0.25,0.430612,0.0
1,-1,2,1.0,0.95,-1,-1,0.3,0.3,0.432653,0.0
1,-1,2,1.0,0.95,-1,-1,0.35,0.35,0.433673,0.0
1,-1,2,1.0,0.95,-1,-1,0.4,0.4,0.433673,0.0
1,-1,2,1.0,0.95,-1,-1,0.45,0.45,0.433673,0.0
1,-1,2,1.0,0.95,-1,-1,0.5,0.5,0.437754,0.0
1,-1,2,1.0,0.95,-1,-1,0.55,0.55,0.440816,0.0
1,-1,2,1.0,0.95,-1,-1,0.6,0.6,0.444897,0.0
1,-1,2,1.0,0.95,-1,-1,0.65,0.65,0.45204,0.0
1,-1,2,1.0,0.95,-1,-1,0.7,0.7,0.461224,0.0
1,-1,2,1.0,0.95,-1,-1,0.75,0.75,0.47551,0.0
1,-1,2,1.0,0.95,-1,-1,0.8,0.8,0.505102,0.0
1,-1,2,1.0,0.95,-1,-1,0.85,0.85,0.531632,0.0
1,-1,2,1.0,0.95,-1,-1,0.9,0.9,0.574489,0.0
1,-1,2,1.0,0.95,-1,-1,0.95,0.95,0.646939,0.0
1,-1,2,1.0,0.95,-1,-1,1.0,1.0,1.0,0.0
1,-1,2,1.0,1.0,-1,-1,0.05,0.05,1.0,0.0
1,-1,2,1.0,1.0,-1,-1,0.1,0.1,1.0,0.0
1,-1,2,1.0,1.0,-1,-1,0.15,0.15,1.0,0.0
1,-1,2,1.0,1.0,-1,-1,0.2,0.2,1.0,0.0
1,-1,2,1.0,1.0,-1,-1,0.25,0.25,1.0,0.0
1,-1,2,1.0,1.0,-1,-1,0.3,0.3,1.0,0.0
1,-1,2,1.0,1.0,-1,-1,0.35,0.35,1.0,0.0
1,-1,2,1.0,1.0,-1,-1,0.4,0.4,1.0,0.0
1,-1,2,1.0,1.0,-1,-1,0.45,0.45,1.0,0.0
1,-1,2,1.0,1.0,-1,-1,0.5,0.5,1.0,0.0
1,-1,2,1.0,1.0,-1,-1,0.55,0.55,1.0,0.0
1,-1,2,1.0,1.0,-1,-1,0.6,0.6,1.0,0.0
1,-1,2,1.0,1.0,-1,-1,0.65,0.65,1.0,0.0
1,-1,2,1.0,1.0,-1,-1,0.7,0.7,1.0,0.0
1,-1,2,1.0,1.0,-1,-1,0.75,0.75,1.0,0.0
1,-1,2,1.0,1.0,-1,-1,0.8,0.8,1.0,0.0
1,-1,2,1.0,1.0,-1,-1,0.85,0.85,1.0,0.0
1,-1,2,1.0,1.0,-1,-1,0.9,0.9,1.0,0.0
1,-1,2,1.0,1.0,-1,-1,0.95,0.95,1.0,0.0
1,-1,2,1.0,1.0,-1,-1,1.0,1.0,1.0,0.0
