sbi_stage,ucf_stage,xception_stage,sbi_upper_threshold,sbi_lower_threshold,ucf_upper_threshold,ucf_lower_threshold,xception_upper_threshold,xception_lower_threshold,FAR,FRR
1,-1,2,0.05,0.05,-1,-1,0.05,0.05,0.123736,0.642233
1,-1,2,0.05,0.05,-1,-1,0.1,0.1,0.123736,0.642233
1,-1,2,0.05,0.05,-1,-1,0.15,0.15,0.123736,0.642233
1,-1,2,0.05,0.05,-1,-1,0.2,0.2,0.123736,0.642233
1,-1,2,0.05,0.05,-1,-1,0.25,0.25,0.123736,0.642233
1,-1,2,0.05,0.05,-1,-1,0.3,0.3,0.123736,0.642233
1,-1,2,0.05,0.05,-1,-1,0.35,0.35,0.123736,0.642233
1,-1,2,0.05,0.05,-1,-1,0.4,0.4,0.123736,0.642233
1,-1,2,0.05,0.05,-1,-1,0.45,0.45,0.123736,0.642233
1,-1,2,0.05,0.05,-1,-1,0.5,0.5,0.123736,0.642233
1,-1,2,0.05,0.05,-1,-1,0.55,0.55,0.123736,0.642233
1,-1,2,0.05,0.05,-1,-1,0.6,0.6,0.123736,0.642233
1,-1,2,0.05,0.05,-1,-1,0.65,0.65,0.123736,0.642233
1,-1,2,0.05,0.05,-1,-1,0.7,0.7,0.123736,0.642233
1,-1,2,0.05,0.05,-1,-1,0.75,0.75,0.123736,0.642233
1,-1,2,0.05,0.05,-1,-1,0.8,0.8,0.123736,0.642233
1,-1,2,0.05,0.05,-1,-1,0.85,0.85,0.123736,0.642233
1,-1,2,0.05,0.05,-1,-1,0.9,0.9,0.123736,0.642233
1,-1,2,0.05,0.05,-1,-1,0.95,0.95,0.123736,0.642233
1,-1,2,0.05,0.05,-1,-1,1.0,1.0,0.123736,0.642233
1,-1,2,0.1,0.05,-1,-1,0.05,0.05,0.123766,0.638902
1,-1,2,0.1,0.05,-1,-1,0.1,0.1,0.12413,0.630285
1,-1,2,0.1,0.05,-1,-1,0.15,0.15,0.125039,0.619568
1,-1,2,0.1,0.05,-1,-1,0.2,0.2,0.126343,0.6082
1,-1,2,0.1,0.05,-1,-1,0.25,0.25,0.12804,0.594949
1,-1,2,0.1,0.05,-1,-1,0.3,0.3,0.130859,0.579236
1,-1,2,0.1,0.05,-1,-1,0.35,0.35,0.134465,0.564247
1,-1,2,0.1,0.05,-1,-1,0.4,0.4,0.138921,0.549692
1,-1,2,0.1,0.05,-1,-1,0.45,0.45,0.144589,0.533255
1,-1,2,0.1,0.05,-1,-1,0.5,0.5,0.155803,0.509867
1,-1,2,0.1,0.05,-1,-1,0.55,0.55,0.163199,0.493502
1,-1,2,0.1,0.05,-1,-1,0.6,0.6,0.170564,0.480757
1,-1,2,0.1,0.05,-1,-1,0.65,0.65,0.177838,0.471779
1,-1,2,0.1,0.05,-1,-1,0.7,0.7,0.1849,0.464972
1,-1,2,0.1,0.05,-1,-1,0.75,0.75,0.190416,0.46012
1,-1,2,0.1,0.05,-1,-1,0.8,0.8,0.196054,0.455341
1,-1,2,0.1,0.05,-1,-1,0.85,0.85,0.200358,0.453531
1,-1,2,0.1,0.05,-1,-1,0.9,0.9,0.205025,0.452517
1,-1,2,0.1,0.05,-1,-1,0.95,0.95,0.210208,0.451793
1,-1,2,0.1,0.05,-1,-1,1.0,1.0,0.223423,0.451576
1,-1,2,0.15,0.05,-1,-1,0.05,0.05,0.12379,0.637004
1,-1,2,0.15,0.05,-1,-1,0.1,0.1,0.124443,0.623478
1,-1,2,0.15,0.05,-1,-1,0.15,0.15,0.126074,0.606656
1,-1,2,0.15,0.05,-1,-1,0.2,0.2,0.128411,0.588811
1,-1,2,0.15,0.05,-1,-1,0.25,0.25,0.131456,0.56801
1,-1,2,0.15,0.05,-1,-1,0.3,0.3,0.136512,0.543345
1,-1,2,0.15,0.05,-1,-1,0.35,0.35,0.142981,0.519817
1,-1,2,0.15,0.05,-1,-1,0.4,0.4,0.150973,0.49697
1,-1,2,0.15,0.05,-1,-1,0.45,0.45,0.161139,0.471168
1,-1,2,0.15,0.05,-1,-1,0.5,0.5,0.181255,0.434455
1,-1,2,0.15,0.05,-1,-1,0.55,0.55,0.19452,0.408767
1,-1,2,0.15,0.05,-1,-1,0.6,0.6,0.207731,0.388762
1,-1,2,0.15,0.05,-1,-1,0.65,0.65,0.220778,0.374667
1,-1,2,0.15,0.05,-1,-1,0.7,0.7,0.233445,0.363983
1,-1,2,0.15,0.05,-1,-1,0.75,0.75,0.24334,0.356367
1,-1,2,0.15,0.05,-1,-1,0.8,0.8,0.253452,0.348865
1,-1,2,0.15,0.05,-1,-1,0.85,0.85,0.261172,0.346024
1,-1,2,0.15,0.05,-1,-1,0.9,0.9,0.269544,0.344433
1,-1,2,0.15,0.05,-1,-1,0.95,0.95,0.278841,0.343296
1,-1,2,0.15,0.05,-1,-1,1.0,1.0,0.302544,0.342955
1,-1,2,0.2,0.05,-1,-1,0.05,0.05,0.123808,0.635618
1,-1,2,0.2,0.05,-1,-1,0.1,0.1,0.124669,0.618504
1,-1,2,0.2,0.05,-1,-1,0.15,0.15,0.126821,0.59722
1,-1,2,0.2,0.05,-1,-1,0.2,0.2,0.129906,0.574642
1,-1,2,0.2,0.05,-1,-1,0.25,0.25,0.133924,0.548324
1,-1,2,0.2,0.05,-1,-1,0.3,0.3,0.140596,0.517117
1,-1,2,0.2,0.05,-1,-1,0.35,0.35,0.149134,0.487348
1,-1,2,0.2,0.05,-1,-1,0.4,0.4,0.159681,0.458442
1,-1,2,0.2,0.05,-1,-1,0.45,0.45,0.173097,0.425797
1,-1,2,0.2,0.05,-1,-1,0.5,0.5,0.199643,0.379346
1,-1,2,0.2,0.05,-1,-1,0.55,0.55,0.217149,0.346845
1,-1,2,0.2,0.05,-1,-1,0.6,0.6,0.234583,0.321534
1,-1,2,0.2,0.05,-1,-1,0.65,0.65,0.251802,0.303701
1,-1,2,0.2,0.05,-1,-1,0.7,0.7,0.268518,0.290183
1,-1,2,0.2,0.05,-1,-1,0.75,0.75,0.281576,0.280548
1,-1,2,0.2,0.05,-1,-1,0.8,0.8,0.294921,0.271056
1,-1,2,0.2,0.05,-1,-1,0.85,0.85,0.305109,0.267461
1,-1,2,0.2,0.05,-1,-1,0.9,0.9,0.316157,0.265447
1,-1,2,0.2,0.05,-1,-1,0.95,0.95,0.328426,0.264009
1,-1,2,0.2,0.05,-1,-1,1.0,1.0,0.359707,0.263578
1,-1,2,0.25,0.05,-1,-1,0.05,0.05,0.123826,0.634556
1,-1,2,0.25,0.05,-1,-1,0.1,0.1,0.124913,0.614696
1,-1,2,0.25,0.05,-1,-1,0.15,0.15,0.127628,0.589996
1,-1,2,0.25,0.05,-1,-1,0.2,0.2,0.131519,0.563794
1,-1,2,0.25,0.05,-1,-1,0.25,0.25,0.136587,0.533253
1,-1,2,0.25,0.05,-1,-1,0.3,0.3,0.145004,0.497038
1,-1,2,0.25,0.05,-1,-1,0.35,0.35,0.155774,0.462492
1,-1,2,0.25,0.05,-1,-1,0.4,0.4,0.169078,0.428947
1,-1,2,0.25,0.05,-1,-1,0.45,0.45,0.186002,0.391063
1,-1,2,0.25,0.05,-1,-1,0.5,0.5,0.219488,0.337157
1,-1,2,0.25,0.05,-1,-1,0.55,0.55,0.241571,0.29944
1,-1,2,0.25,0.05,-1,-1,0.6,0.6,0.263564,0.270067
1,-1,2,0.25,0.05,-1,-1,0.65,0.65,0.285284,0.249373
1,-1,2,0.25,0.05,-1,-1,0.7,0.7,0.306371,0.233685
1,-1,2,0.25,0.05,-1,-1,0.75,0.75,0.322843,0.222503
1,-1,2,0.25,0.05,-1,-1,0.8,0.8,0.339676,0.211488
1,-1,2,0.25,0.05,-1,-1,0.85,0.85,0.352528,0.207316
1,-1,2,0.25,0.05,-1,-1,0.9,0.9,0.366465,0.204979
1,-1,2,0.25,0.05,-1,-1,0.95,0.95,0.381942,0.203311
1,-1,2,0.25,0.05,-1,-1,1.0,1.0,0.421401,0.20281
1,-1,2,0.3,0.05,-1,-1,0.05,0.05,0.123841,0.633945
1,-1,2,0.3,0.05,-1,-1,0.1,0.1,0.125106,0.612507
1,-1,2,0.3,0.05,-1,-1,0.15,0.15,0.128266,0.585843
1,-1,2,0.3,0.05,-1,-1,0.2,0.2,0.132795,0.557557
1,-1,2,0.3,0.05,-1,-1,0.25,0.25,0.138694,0.524588
1,-1,2,0.3,0.05,-1,-1,0.3,0.3,0.148491,0.485493
1,-1,2,0.3,0.05,-1,-1,0.35,0.35,0.161026,0.4482
1,-1,2,0.3,0.05,-1,-1,0.4,0.4,0.176511,0.411987
1,-1,2,0.3,0.05,-1,-1,0.45,0.45,0.19621,0.371091
1,-1,2,0.3,0.05,-1,-1,0.5,0.5,0.235186,0.312899
1,-1,2,0.3,0.05,-1,-1,0.55,0.55,0.260889,0.272182
1,-1,2,0.3,0.05,-1,-1,0.6,0.6,0.286486,0.240474
1,-1,2,0.3,0.05,-1,-1,0.65,0.65,0.311768,0.218134
1,-1,2,0.3,0.05,-1,-1,0.7,0.7,0.336312,0.201199
1,-1,2,0.3,0.05,-1,-1,0.75,0.75,0.355484,0.189128
1,-1,2,0.3,0.05,-1,-1,0.8,0.8,0.375077,0.177237
1,-1,2,0.3,0.05,-1,-1,0.85,0.85,0.390035,0.172733
1,-1,2,0.3,0.05,-1,-1,0.9,0.9,0.406258,0.170211
1,-1,2,0.3,0.05,-1,-1,0.95,0.95,0.424271,0.168409
1,-1,2,0.3,0.05,-1,-1,1.0,1.0,0.470199,0.167869
1,-1,2,0.35,0.05,-1,-1,0.05,0.05,0.123853,0.633315
1,-1,2,0.35,0.05,-1,-1,0.1,0.1,0.125256,0.610246
1,-1,2,0.35,0.05,-1,-1,0.15,0.15,0.128762,0.581553
1,-1,2,0.35,0.05,-1,-1,0.2,0.2,0.133789,0.551117
1,-1,2,0.35,0.05,-1,-1,0.25,0.25,0.140334,0.51564
1,-1,2,0.35,0.05,-1,-1,0.3,0.3,0.151205,0.473571
1,-1,2,0.35,0.05,-1,-1,0.35,0.35,0.165115,0.433441
1,-1,2,0.35,0.05,-1,-1,0.4,0.4,0.182298,0.394475
1,-1,2,0.35,0.05,-1,-1,0.45,0.45,0.204157,0.350468
1,-1,2,0.35,0.05,-1,-1,0.5,0.5,0.247407,0.28785
1,-1,2,0.35,0.05,-1,-1,0.55,0.55,0.275928,0.244036
1,-1,2,0.35,0.05,-1,-1,0.6,0.6,0.304333,0.209916
1,-1,2,0.35,0.05,-1,-1,0.65,0.65,0.332387,0.185877
1,-1,2,0.35,0.05,-1,-1,0.7,0.7,0.359622,0.167654
1,-1,2,0.35,0.05,-1,-1,0.75,0.75,0.380896,0.154665
1,-1,2,0.35,0.05,-1,-1,0.8,0.8,0.402638,0.14187
1,-1,2,0.35,0.05,-1,-1,0.85,0.85,0.419237,0.137023
1,-1,2,0.35,0.05,-1,-1,0.9,0.9,0.437238,0.134309
1,-1,2,0.35,0.05,-1,-1,0.95,0.95,0.457226,0.13237
1,-1,2,0.35,0.05,-1,-1,1.0,1.0,0.508191,0.131789
1,-1,2,0.4,0.05,-1,-1,0.05,0.05,0.123866,0.63287
1,-1,2,0.4,0.05,-1,-1,0.1,0.1,0.125427,0.608651
1,-1,2,0.4,0.05,-1,-1,0.15,0.15,0.129327,0.578529
1,-1,2,0.4,0.05,-1,-1,0.2,0.2,0.134919,0.546574
1,-1,2,0.4,0.05,-1,-1,0.25,0.25,0.1422,0.509329
1,-1,2,0.4,0.05,-1,-1,0.3,0.3,0.154293,0.465163
1,-1,2,0.4,0.05,-1,-1,0.35,0.35,0.169767,0.423033
1,-1,2,0.4,0.05,-1,-1,0.4,0.4,0.188882,0.382124
1,-1,2,0.4,0.05,-1,-1,0.45,0.45,0.213198,0.335923
1,-1,2,0.4,0.05,-1,-1,0.5,0.5,0.26131,0.270183
1,-1,2,0.4,0.05,-1,-1,0.55,0.55,0.293038,0.224186
1,-1,2,0.4,0.05,-1,-1,0.6,0.6,0.324636,0.188365
1,-1,2,0.4,0.05,-1,-1,0.65,0.65,0.355843,0.163128
1,-1,2,0.4,0.05,-1,-1,0.7,0.7,0.386141,0.143996
1,-1,2,0.4,0.05,-1,-1,0.75,0.75,0.409807,0.130359
1,-1,2,0.4,0.05,-1,-1,0.8,0.8,0.433993,0.116926
1,-1,2,0.4,0.05,-1,-1,0.85,0.85,0.452458,0.111838
1,-1,2,0.4,0.05,-1,-1,0.9,0.9,0.472482,0.108989
1,-1,2,0.4,0.05,-1,-1,0.95,0.95,0.494718,0.106953
1,-1,2,0.4,0.05,-1,-1,1.0,1.0,0.551412,0.106343
1,-1,2,0.45,0.05,-1,-1,0.05,0.05,0.123876,0.632452
1,-1,2,0.45,0.05,-1,-1,0.1,0.1,0.12556,0.607151
1,-1,2,0.45,0.05,-1,-1,0.15,0.15,0.129769,0.575684
1,-1,2,0.45,0.05,-1,-1,0.2,0.2,0.135803,0.542303
1,-1,2,0.45,0.05,-1,-1,0.25,0.25,0.14366,0.503395
1,-1,2,0.45,0.05,-1,-1,0.3,0.3,0.156709,0.457257
1,-1,2,0.45,0.05,-1,-1,0.35,0.35,0.173406,0.413246
1,-1,2,0.45,0.05,-1,-1,0.4,0.4,0.194032,0.37051
1,-1,2,0.45,0.05,-1,-1,0.45,0.45,0.22027,0.322246
1,-1,2,0.45,0.05,-1,-1,0.5,0.5,0.272186,0.253571
1,-1,2,0.45,0.05,-1,-1,0.55,0.55,0.306422,0.20552
1,-1,2,0.45,0.05,-1,-1,0.6,0.6,0.340518,0.168099
1,-1,2,0.45,0.05,-1,-1,0.65,0.65,0.374192,0.141735
1,-1,2,0.45,0.05,-1,-1,0.7,0.7,0.406885,0.121749
1,-1,2,0.45,0.05,-1,-1,0.75,0.75,0.432421,0.107504
1,-1,2,0.45,0.05,-1,-1,0.8,0.8,0.458519,0.093471
1,-1,2,0.45,0.05,-1,-1,0.85,0.85,0.478444,0.088155
1,-1,2,0.45,0.05,-1,-1,0.9,0.9,0.500052,0.085179
1,-1,2,0.45,0.05,-1,-1,0.95,0.95,0.524045,0.083053
1,-1,2,0.45,0.05,-1,-1,1.0,1.0,0.585221,0.082415
1,-1,2,0.5,0.05,-1,-1,0.05,0.05,0.123888,0.632194
1,-1,2,0.5,0.05,-1,-1,0.1,0.1,0.125708,0.606223
1,-1,2,0.5,0.05,-1,-1,0.15,0.15,0.130257,0.573923
1,-1,2,0.5,0.05,-1,-1,0.2,0.2,0.136778,0.539659
1,-1,2,0.5,0.05,-1,-1,0.25,0.25,0.14527,0.499721
1,-1,2,0.5,0.05,-1,-1,0.3,0.3,0.159374,0.452363
1,-1,2,0.5,0.05,-1,-1,0.35,0.35,0.17742,0.407187
1,-1,2,0.5,0.05,-1,-1,0.4,0.4,0.199713,0.36332
1,-1,2,0.5,0.05,-1,-1,0.45,0.45,0.228072,0.31378
1,-1,2,0.5,0.05,-1,-1,0.5,0.5,0.284183,0.243288
1,-1,2,0.5,0.05,-1,-1,0.55,0.55,0.321186,0.193965
1,-1,2,0.5,0.05,-1,-1,0.6,0.6,0.358037,0.155554
1,-1,2,0.5,0.05,-1,-1,0.65,0.65,0.394433,0.128493
1,-1,2,0.5,0.05,-1,-1,0.7,0.7,0.429768,0.107978
1,-1,2,0.5,0.05,-1,-1,0.75,0.75,0.457369,0.093356
1,-1,2,0.5,0.05,-1,-1,0.8,0.8,0.485576,0.078951
1,-1,2,0.5,0.05,-1,-1,0.85,0.85,0.507111,0.073495
1,-1,2,0.5,0.05,-1,-1,0.9,0.9,0.530464,0.07044
1,-1,2,0.5,0.05,-1,-1,0.95,0.95,0.556397,0.068258
1,-1,2,0.5,0.05,-1,-1,1.0,1.0,0.622517,0.067603
1,-1,2,0.55,0.05,-1,-1,0.05,0.05,0.123897,0.631928
1,-1,2,0.55,0.05,-1,-1,0.1,0.1,0.125834,0.605271
1,-1,2,0.55,0.05,-1,-1,0.15,0.15,0.130676,0.572117
1,-1,2,0.55,0.05,-1,-1,0.2,0.2,0.137617,0.536948
1,-1,2,0.55,0.05,-1,-1,0.25,0.25,0.146655,0.495954
1,-1,2,0.55,0.05,-1,-1,0.3,0.3,0.161665,0.447343
1,-1,2,0.55,0.05,-1,-1,0.35,0.35,0.180872,0.400973
1,-1,2,0.55,0.05,-1,-1,0.4,0.4,0.204598,0.355947
1,-1,2,0.55,0.05,-1,-1,0.45,0.45,0.23478,0.305097
1,-1,2,0.55,0.05,-1,-1,0.5,0.5,0.294498,0.232741
1,-1,2,0.55,0.05,-1,-1,0.55,0.55,0.33388,0.182114
1,-1,2,0.55,0.05,-1,-1,0.6,0.6,0.3731,0.142688
1,-1,2,0.55,0.05,-1,-1,0.65,0.65,0.411836,0.114911
1,-1,2,0.55,0.05,-1,-1,0.7,0.7,0.449442,0.093854
1,-1,2,0.55,0.05,-1,-1,0.75,0.75,0.478817,0.078845
1,-1,2,0.55,0.05,-1,-1,0.8,0.8,0.508838,0.06406
1,-1,2,0.55,0.05,-1,-1,0.85,0.85,0.531757,0.05846
1,-1,2,0.55,0.05,-1,-1,0.9,0.9,0.556613,0.055324
1,-1,2,0.55,0.05,-1,-1,0.95,0.95,0.584212,0.053084
1,-1,2,0.55,0.05,-1,-1,1.0,1.0,0.654583,0.052412
1,-1,2,0.6,0.05,-1,-1,0.05,0.05,0.123907,0.631729
1,-1,2,0.6,0.05,-1,-1,0.1,0.1,0.125963,0.604557
1,-1,2,0.6,0.05,-1,-1,0.15,0.15,0.1311,0.570763
1,-1,2,0.6,0.05,-1,-1,0.2,0.2,0.138464,0.534914
1,-1,2,0.6,0.05,-1,-1,0.25,0.25,0.148054,0.493128
1,-1,2,0.6,0.05,-1,-1,0.3,0.3,0.163981,0.443578
1,-1,2,0.6,0.05,-1,-1,0.35,0.35,0.184361,0.396313
1,-1,2,0.6,0.05,-1,-1,0.4,0.4,0.209536,0.350416
1,-1,2,0.6,0.05,-1,-1,0.45,0.45,0.24156,0.298584
1,-1,2,0.6,0.05,-1,-1,0.5,0.5,0.304925,0.22483
1,-1,2,0.6,0.05,-1,-1,0.55,0.55,0.346712,0.173226
1,-1,2,0.6,0.05,-1,-1,0.6,0.6,0.388328,0.133038
1,-1,2,0.6,0.05,-1,-1,0.65,0.65,0.429429,0.104725
1,-1,2,0.6,0.05,-1,-1,0.7,0.7,0.469332,0.083261
1,-1,2,0.6,0.05,-1,-1,0.75,0.75,0.5005,0.067962
1,-1,2,0.6,0.05,-1,-1,0.8,0.8,0.532354,0.052891
1,-1,2,0.6,0.05,-1,-1,0.85,0.85,0.556673,0.047183
1,-1,2,0.6,0.05,-1,-1,0.9,0.9,0.583046,0.043986
1,-1,2,0.6,0.05,-1,-1,0.95,0.95,0.612331,0.041703
1,-1,2,0.6,0.05,-1,-1,1.0,1.0,0.686999,0.041018
1,-1,2,0.65,0.05,-1,-1,0.05,0.05,0.123917,0.63159
1,-1,2,0.65,0.05,-1,-1,0.1,0.1,0.126091,0.604057
1,-1,2,0.65,0.05,-1,-1,0.15,0.15,0.131524,0.569815
1,-1,2,0.65,0.05,-1,-1,0.2,0.2,0.139312,0.53349
1,-1,2,0.65,0.05,-1,-1,0.25,0.25,0.149454,0.49115
1,-1,2,0.65,0.05,-1,-1,0.3,0.3,0.166297,0.440943
1,-1,2,0.65,0.05,-1,-1,0.35,0.35,0.187849,0.39305
1,-1,2,0.65,0.05,-1,-1,0.4,0.4,0.214473,0.346545
1,-1,2,0.65,0.05,-1,-1,0.45,0.45,0.248341,0.294025
1,-1,2,0.65,0.05,-1,-1,0.5,0.5,0.315353,0.219293
1,-1,2,0.65,0.05,-1,-1,0.55,0.55,0.359544,0.167004
1,-1,2,0.65,0.05,-1,-1,0.6,0.6,0.403555,0.126283
1,-1,2,0.65,0.05,-1,-1,0.65,0.65,0.447021,0.097594
1,-1,2,0.65,0.05,-1,-1,0.7,0.7,0.48922,0.075845
1,-1,2,0.65,0.05,-1,-1,0.75,0.75,0.522183,0.060344
1,-1,2,0.65,0.05,-1,-1,0.8,0.8,0.555869,0.045073
1,-1,2,0.65,0.05,-1,-1,0.85,0.85,0.581588,0.039289
1,-1,2,0.65,0.05,-1,-1,0.9,0.9,0.609479,0.03605
1,-1,2,0.65,0.05,-1,-1,0.95,0.95,0.640449,0.033736
1,-1,2,0.65,0.05,-1,-1,1.0,1.0,0.719414,0.033042
1,-1,2,0.7,0.05,-1,-1,0.05,0.05,0.123924,0.631431
1,-1,2,0.7,0.05,-1,-1,0.1,0.1,0.126184,0.603486
1,-1,2,0.7,0.05,-1,-1,0.15,0.15,0.131834,0.568731
1,-1,2,0.7,0.05,-1,-1,0.2,0.2,0.139932,0.531863
1,-1,2,0.7,0.05,-1,-1,0.25,0.25,0.150477,0.488889
1,-1,2,0.7,0.05,-1,-1,0.3,0.3,0.167991,0.437931
1,-1,2,0.7,0.05,-1,-1,0.35,0.35,0.1904,0.389322
1,-1,2,0.7,0.05,-1,-1,0.4,0.4,0.218084,0.342121
1,-1,2,0.7,0.05,-1,-1,0.45,0.45,0.253299,0.288815
1,-1,2,0.7,0.05,-1,-1,0.5,0.5,0.322977,0.212965
1,-1,2,0.7,0.05,-1,-1,0.55,0.55,0.368927,0.159893
1,-1,2,0.7,0.05,-1,-1,0.6,0.6,0.414689,0.118563
1,-1,2,0.7,0.05,-1,-1,0.65,0.65,0.459885,0.089445
1,-1,2,0.7,0.05,-1,-1,0.7,0.7,0.503763,0.06737
1,-1,2,0.7,0.05,-1,-1,0.75,0.75,0.538037,0.051637
1,-1,2,0.7,0.05,-1,-1,0.8,0.8,0.573064,0.036138
1,-1,2,0.7,0.05,-1,-1,0.85,0.85,0.599806,0.030267
1,-1,2,0.7,0.05,-1,-1,0.9,0.9,0.628806,0.02698
1,-1,2,0.7,0.05,-1,-1,0.95,0.95,0.661009,0.024631
1,-1,2,0.7,0.05,-1,-1,1.0,1.0,0.743116,0.023927
1,-1,2,0.75,0.05,-1,-1,0.05,0.05,0.123934,0.631331
1,-1,2,0.75,0.05,-1,-1,0.1,0.1,0.126306,0.603129
1,-1,2,0.75,0.05,-1,-1,0.15,0.15,0.132235,0.568054
1,-1,2,0.75,0.05,-1,-1,0.2,0.2,0.140734,0.530846
1,-1,2,0.75,0.05,-1,-1,0.25,0.25,0.151801,0.487477
1,-1,2,0.75,0.05,-1,-1,0.3,0.3,0.170182,0.436049
1,-1,2,0.75,0.05,-1,-1,0.35,0.35,0.193702,0.386991
1,-1,2,0.75,0.05,-1,-1,0.4,0.4,0.222756,0.339356
1,-1,2,0.75,0.05,-1,-1,0.45,0.45,0.259715,0.285559
1,-1,2,0.75,0.05,-1,-1,0.5,0.5,0.332844,0.20901
1,-1,2,0.75,0.05,-1,-1,0.55,0.55,0.381069,0.155449
1,-1,2,0.75,0.05,-1,-1,0.6,0.6,0.429097,0.113738
1,-1,2,0.75,0.05,-1,-1,0.65,0.65,0.476531,0.084351
1,-1,2,0.75,0.05,-1,-1,0.7,0.7,0.522583,0.062074
1,-1,2,0.75,0.05,-1,-1,0.75,0.75,0.558554,0.046195
1,-1,2,0.75,0.05,-1,-1,0.8,0.8,0.595316,0.030553
1,-1,2,0.75,0.05,-1,-1,0.85,0.85,0.623382,0.024629
1,-1,2,0.75,0.05,-1,-1,0.9,0.9,0.653818,0.021311
1,-1,2,0.75,0.05,-1,-1,0.95,0.95,0.687616,0.018941
1,-1,2,0.75,0.05,-1,-1,1.0,1.0,0.773789,0.01823
1,-1,2,0.8,0.05,-1,-1,0.05,0.05,0.123941,0.631172
1,-1,2,0.8,0.05,-1,-1,0.1,0.1,0.126403,0.602558
1,-1,2,0.8,0.05,-1,-1,0.15,0.15,0.132558,0.56697
1,-1,2,0.8,0.05,-1,-1,0.2,0.2,0.141381,0.529219
1,-1,2,0.8,0.05,-1,-1,0.25,0.25,0.15287,0.485216
1,-1,2,0.8,0.05,-1,-1,0.3,0.3,0.17195,0.433037
1,-1,2,0.8,0.05,-1,-1,0.35,0.35,0.196365,0.383263
1,-1,2,0.8,0.05,-1,-1,0.4,0.4,0.226526,0.334931
1,-1,2,0.8,0.05,-1,-1,0.45,0.45,0.264892,0.280348
1,-1,2,0.8,0.05,-1,-1,0.5,0.5,0.340804,0.202681
1,-1,2,0.8,0.05,-1,-1,0.55,0.55,0.390866,0.148338
1,-1,2,0.8,0.05,-1,-1,0.6,0.6,0.440722,0.106018
1,-1,2,0.8,0.05,-1,-1,0.65,0.65,0.489962,0.076202
1,-1,2,0.8,0.05,-1,-1,0.7,0.7,0.537766,0.053599
1,-1,2,0.8,0.05,-1,-1,0.75,0.75,0.575107,0.037489
1,-1,2,0.8,0.05,-1,-1,0.8,0.8,0.613268,0.021618
1,-1,2,0.8,0.05,-1,-1,0.85,0.85,0.642403,0.015607
1,-1,2,0.8,0.05,-1,-1,0.9,0.9,0.673998,0.012241
1,-1,2,0.8,0.05,-1,-1,0.95,0.95,0.709082,0.009836
1,-1,2,0.8,0.05,-1,-1,1.0,1.0,0.798536,0.009115
1,-1,2,0.85,0.05,-1,-1,0.05,0.05,0.123949,0.631099
1,-1,2,0.85,0.05,-1,-1,0.1,0.1,0.126511,0.602296
1,-1,2,0.85,0.05,-1,-1,0.15,0.15,0.132914,0.566474
1,-1,2,0.85,0.05,-1,-1,0.2,0.2,0.142092,0.528473
1,-1,2,0.85,0.05,-1,-1,0.25,0.25,0.154044,0.48418
1,-1,2,0.85,0.05,-1,-1,0.3,0.3,0.173893,0.431656
1,-1,2,0.85,0.05,-1,-1,0.35,0.35,0.199292,0.381554
1,-1,2,0.85,0.05,-1,-1,0.4,0.4,0.230667,0.332904
1,-1,2,0.85,0.05,-1,-1,0.45,0.45,0.270579,0.27796
1,-1,2,0.85,0.05,-1,-1,0.5,0.5,0.34955,0.199781
1,-1,2,0.85,0.05,-1,-1,0.55,0.55,0.401628,0.145079
1,-1,2,0.85,0.05,-1,-1,0.6,0.6,0.453493,0.10248
1,-1,2,0.85,0.05,-1,-1,0.65,0.65,0.504717,0.072467
1,-1,2,0.85,0.05,-1,-1,0.7,0.7,0.554447,0.049715
1,-1,2,0.85,0.05,-1,-1,0.75,0.75,0.593292,0.033498
1,-1,2,0.85,0.05,-1,-1,0.8,0.8,0.632991,0.017523
1,-1,2,0.85,0.05,-1,-1,0.85,0.85,0.663299,0.011472
1,-1,2,0.85,0.05,-1,-1,0.9,0.9,0.696168,0.008083
1,-1,2,0.85,0.05,-1,-1,0.95,0.95,0.732665,0.005663
1,-1,2,0.85,0.05,-1,-1,1.0,1.0,0.825723,0.004937
1,-1,2,0.9,0.05,-1,-1,0.05,0.05,0.123959,0.631052
1,-1,2,0.9,0.05,-1,-1,0.1,0.1,0.126642,0.60213
1,-1,2,0.9,0.05,-1,-1,0.15,0.15,0.133347,0.566158
1,-1,2,0.9,0.05,-1,-1,0.2,0.2,0.142957,0.527999
1,-1,2,0.9,0.05,-1,-1,0.25,0.25,0.155473,0.483521
1,-1,2,0.9,0.05,-1,-1,0.3,0.3,0.176259,0.430778
1,-1,2,0.9,0.05,-1,-1,0.35,0.35,0.202856,0.380467
1,-1,2,0.9,0.05,-1,-1,0.4,0.4,0.235711,0.331613
1,-1,2,0.9,0.05,-1,-1,0.45,0.45,0.277506,0.276441
1,-1,2,0.9,0.05,-1,-1,0.5,0.5,0.360201,0.197935
1,-1,2,0.9,0.05,-1,-1,0.55,0.55,0.414736,0.143006
1,-1,2,0.9,0.05,-1,-1,0.6,0.6,0.469048,0.100228
1,-1,2,0.9,0.05,-1,-1,0.65,0.65,0.522688,0.07009
1,-1,2,0.9,0.05,-1,-1,0.7,0.7,0.574764,0.047243
1,-1,2,0.9,0.05,-1,-1,0.75,0.75,0.615441,0.030959
1,-1,2,0.9,0.05,-1,-1,0.8,0.8,0.657013,0.014917
1,-1,2,0.9,0.05,-1,-1,0.85,0.85,0.688751,0.008841
1,-1,2,0.9,0.05,-1,-1,0.9,0.9,0.72317,0.005438
1,-1,2,0.9,0.05,-1,-1,0.95,0.95,0.761389,0.003008
1,-1,2,0.9,0.05,-1,-1,1.0,1.0,0.858836,0.002279
1,-1,2,0.95,0.05,-1,-1,0.05,0.05,0.123972,0.631019
1,-1,2,0.95,0.05,-1,-1,0.1,0.1,0.126803,0.602011
1,-1,2,0.95,0.05,-1,-1,0.15,0.15,0.13388,0.565932
1,-1,2,0.95,0.05,-1,-1,0.2,0.2,0.144024,0.52766
1,-1,2,0.95,0.05,-1,-1,0.25,0.25,0.157234,0.48305
1,-1,2,0.95,0.05,-1,-1,0.3,0.3,0.179173,0.430151
1,-1,2,0.95,0.05,-1,-1,0.35,0.35,0.207245,0.37969
1,-1,2,0.95,0.05,-1,-1,0.4,0.4,0.241923,0.330692
1,-1,2,0.95,0.05,-1,-1,0.45,0.45,0.286036,0.275356
1,-1,2,0.95,0.05,-1,-1,0.5,0.5,0.37332,0.196617
1,-1,2,0.95,0.05,-1,-1,0.55,0.55,0.43088,0.141524
1,-1,2,0.95,0.05,-1,-1,0.6,0.6,0.488205,0.09862
1,-1,2,0.95,0.05,-1,-1,0.65,0.65,0.544821,0.068393
1,-1,2,0.95,0.05,-1,-1,0.7,0.7,0.599786,0.045478
1,-1,2,0.95,0.05,-1,-1,0.75,0.75,0.64272,0.029145
1,-1,2,0.95,0.05,-1,-1,0.8,0.8,0.686597,0.013056
1,-1,2,0.95,0.05,-1,-1,0.85,0.85,0.720096,0.006962
1,-1,2,0.95,0.05,-1,-1,0.9,0.9,0.756424,0.003549
1,-1,2,0.95,0.05,-1,-1,0.95,0.95,0.796764,0.001111
1,-1,2,0.95,0.05,-1,-1,1.0,1.0,0.899617,0.00038
1,-1,2,1.0,0.05,-1,-1,0.05,0.05,0.124002,0.631013
1,-1,2,1.0,0.05,-1,-1,0.1,0.1,0.1272,0.601987
1,-1,2,1.0,0.05,-1,-1,0.15,0.15,0.135192,0.565887
1,-1,2,1.0,0.05,-1,-1,0.2,0.2,0.146649,0.527592
1,-1,2,1.0,0.05,-1,-1,0.25,0.25,0.161568,0.482955
1,-1,2,1.0,0.05,-1,-1,0.3,0.3,0.186345,0.430025
1,-1,2,1.0,0.05,-1,-1,0.35,0.35,0.218049,0.379535
1,-1,2,1.0,0.05,-1,-1,0.4,0.4,0.257214,0.330507
1,-1,2,1.0,0.05,-1,-1,0.45,0.45,0.307035,0.275138
1,-1,2,1.0,0.05,-1,-1,0.5,0.5,0.405611,0.196353
1,-1,2,1.0,0.05,-1,-1,0.55,0.55,0.470618,0.141228
1,-1,2,1.0,0.05,-1,-1,0.6,0.6,0.535359,0.098298
1,-1,2,1.0,0.05,-1,-1,0.65,0.65,0.5993,0.068053
1,-1,2,1.0,0.05,-1,-1,0.7,0.7,0.661377,0.045125
1,-1,2,1.0,0.05,-1,-1,0.75,0.75,0.709865,0.028782
1,-1,2,1.0,0.05,-1,-1,0.8,0.8,0.75942,0.012683
1,-1,2,1.0,0.05,-1,-1,0.85,0.85,0.797253,0.006585
1,-1,2,1.0,0.05,-1,-1,0.9,0.9,0.838281,0.003171
1,-1,2,1.0,0.05,-1,-1,0.95,0.95,0.88384,0.000732
1,-1,2,1.0,0.05,-1,-1,1.0,1.0,1.0,0.0
1,-1,2,0.1,0.1,-1,-1,0.05,0.05,0.223423,0.451576
1,-1,2,0.1,0.1,-1,-1,0.1,0.1,0.223423,0.451576
1,-1,2,0.1,0.1,-1,-1,0.15,0.15,0.223423,0.451576
1,-1,2,0.1,0.1,-1,-1,0.2,0.2,0.223423,0.451576
1,-1,2,0.1,0.1,-1,-1,0.25,0.25,0.223423,0.451576
1,-1,2,0.1,0.1,-1,-1,0.3,0.3,0.223423,0.451576
1,-1,2,0.1,0.1,-1,-1,0.35,0.35,0.223423,0.451576
1,-1,2,0.1,0.1,-1,-1,0.4,0.4,0.223423,0.451576
1,-1,2,0.1,0.1,-1,-1,0.45,0.45,0.223423,0.451576
1,-1,2,0.1,0.1,-1,-1,0.5,0.5,0.223423,0.451576
1,-1,2,0.1,0.1,-1,-1,0.55,0.55,0.223423,0.451576
1,-1,2,0.1,0.1,-1,-1,0.6,0.6,0.223423,0.451576
1,-1,2,0.1,0.1,-1,-1,0.65,0.65,0.223423,0.451576
1,-1,2,0.1,0.1,-1,-1,0.7,0.7,0.223423,0.451576
1,-1,2,0.1,0.1,-1,-1,0.75,0.75,0.223423,0.451576
1,-1,2,0.1,0.1,-1,-1,0.8,0.8,0.223423,0.451576
1,-1,2,0.1,0.1,-1,-1,0.85,0.85,0.223423,0.451576
1,-1,2,0.1,0.1,-1,-1,0.9,0.9,0.223423,0.451576
1,-1,2,0.1,0.1,-1,-1,0.95,0.95,0.223423,0.451576
1,-1,2,0.1,0.1,-1,-1,1.0,1.0,0.223423,0.451576
1,-1,2,0.15,0.1,-1,-1,0.05,0.05,0.223447,0.449678
1,-1,2,0.15,0.1,-1,-1,0.1,0.1,0.223736,0.444769
1,-1,2,0.15,0.1,-1,-1,0.15,0.15,0.224457,0.438664
1,-1,2,0.15,0.1,-1,-1,0.2,0.2,0.225492,0.432187
1,-1,2,0.15,0.1,-1,-1,0.25,0.25,0.226839,0.424637
1,-1,2,0.15,0.1,-1,-1,0.3,0.3,0.229076,0.415685
1,-1,2,0.15,0.1,-1,-1,0.35,0.35,0.231939,0.407146
1,-1,2,0.15,0.1,-1,-1,0.4,0.4,0.235475,0.398854
1,-1,2,0.15,0.1,-1,-1,0.45,0.45,0.239974,0.389489
1,-1,2,0.15,0.1,-1,-1,0.5,0.5,0.248874,0.376164
1,-1,2,0.15,0.1,-1,-1,0.55,0.55,0.254744,0.366841
1,-1,2,0.15,0.1,-1,-1,0.6,0.6,0.26059,0.35958
1,-1,2,0.15,0.1,-1,-1,0.65,0.65,0.266363,0.354465
1,-1,2,0.15,0.1,-1,-1,0.7,0.7,0.271968,0.350587
1,-1,2,0.15,0.1,-1,-1,0.75,0.75,0.276347,0.347823
1,-1,2,0.15,0.1,-1,-1,0.8,0.8,0.280821,0.3451
1,-1,2,0.15,0.1,-1,-1,0.85,0.85,0.284237,0.344069
1,-1,2,0.15,0.1,-1,-1,0.9,0.9,0.287942,0.343491
1,-1,2,0.15,0.1,-1,-1,0.95,0.95,0.292055,0.343079
1,-1,2,0.15,0.1,-1,-1,1.0,1.0,0.302544,0.342955
1,-1,2,0.2,0.1,-1,-1,0.05,0.05,0.223464,0.448291
1,-1,2,0.2,0.1,-1,-1,0.1,0.1,0.223962,0.439795
1,-1,2,0.2,0.1,-1,-1,0.15,0.15,0.225205,0.429228
1,-1,2,0.2,0.1,-1,-1,0.2,0.2,0.226987,0.418018
1,-1,2,0.2,0.1,-1,-1,0.25,0.25,0.229307,0.404951
1,-1,2,0.2,0.1,-1,-1,0.3,0.3,0.23316,0.389457
1,-1,2,0.2,0.1,-1,-1,0.35,0.35,0.238091,0.374677
1,-1,2,0.2,0.1,-1,-1,0.4,0.4,0.244183,0.360326
1,-1,2,0.2,0.1,-1,-1,0.45,0.45,0.251931,0.344118
1,-1,2,0.2,0.1,-1,-1,0.5,0.5,0.267263,0.321056
1,-1,2,0.2,0.1,-1,-1,0.55,0.55,0.277373,0.304919
1,-1,2,0.2,0.1,-1,-1,0.6,0.6,0.287442,0.292352
1,-1,2,0.2,0.1,-1,-1,0.65,0.65,0.297387,0.283499
1,-1,2,0.2,0.1,-1,-1,0.7,0.7,0.307041,0.276787
1,-1,2,0.2,0.1,-1,-1,0.75,0.75,0.314583,0.272003
1,-1,2,0.2,0.1,-1,-1,0.8,0.8,0.32229,0.267291
1,-1,2,0.2,0.1,-1,-1,0.85,0.85,0.328174,0.265506
1,-1,2,0.2,0.1,-1,-1,0.9,0.9,0.334555,0.264506
1,-1,2,0.2,0.1,-1,-1,0.95,0.95,0.341641,0.263792
1,-1,2,0.2,0.1,-1,-1,1.0,1.0,0.359707,0.263578
1,-1,2,0.25,0.1,-1,-1,0.05,0.05,0.223483,0.44723
1,-1,2,0.25,0.1,-1,-1,0.1,0.1,0.224206,0.435987
1,-1,2,0.25,0.1,-1,-1,0.15,0.15,0.226011,0.422004
1,-1,2,0.25,0.1,-1,-1,0.2,0.2,0.2286,0.40717
1,-1,2,0.25,0.1,-1,-1,0.25,0.25,0.231971,0.389881
1,-1,2,0.25,0.1,-1,-1,0.3,0.3,0.237569,0.369378
1,-1,2,0.25,0.1,-1,-1,0.35,0.35,0.244732,0.349821
1,-1,2,0.25,0.1,-1,-1,0.4,0.4,0.25358,0.33083
1,-1,2,0.25,0.1,-1,-1,0.45,0.45,0.264836,0.309384
1,-1,2,0.25,0.1,-1,-1,0.5,0.5,0.287108,0.278866
1,-1,2,0.25,0.1,-1,-1,0.55,0.55,0.301796,0.257514
1,-1,2,0.25,0.1,-1,-1,0.6,0.6,0.316423,0.240885
1,-1,2,0.25,0.1,-1,-1,0.65,0.65,0.330869,0.22917
1,-1,2,0.25,0.1,-1,-1,0.7,0.7,0.344894,0.220289
1,-1,2,0.25,0.1,-1,-1,0.75,0.75,0.35585,0.213959
1,-1,2,0.25,0.1,-1,-1,0.8,0.8,0.367046,0.207723
1,-1,2,0.25,0.1,-1,-1,0.85,0.85,0.375593,0.205361
1,-1,2,0.25,0.1,-1,-1,0.9,0.9,0.384863,0.204038
1,-1,2,0.25,0.1,-1,-1,0.95,0.95,0.395156,0.203093
1,-1,2,0.25,0.1,-1,-1,1.0,1.0,0.421401,0.20281
1,-1,2,0.3,0.1,-1,-1,0.05,0.05,0.223498,0.446619
1,-1,2,0.3,0.1,-1,-1,0.1,0.1,0.224399,0.433797
1,-1,2,0.3,0.1,-1,-1,0.15,0.15,0.226649,0.41785
1,-1,2,0.3,0.1,-1,-1,0.2,0.2,0.229876,0.400933
1,-1,2,0.3,0.1,-1,-1,0.25,0.25,0.234077,0.381215
1,-1,2,0.3,0.1,-1,-1,0.3,0.3,0.241055,0.357833
1,-1,2,0.3,0.1,-1,-1,0.35,0.35,0.249984,0.335529
1,-1,2,0.3,0.1,-1,-1,0.4,0.4,0.261013,0.313871
1,-1,2,0.3,0.1,-1,-1,0.45,0.45,0.275044,0.289412
1,-1,2,0.3,0.1,-1,-1,0.5,0.5,0.302805,0.254608
1,-1,2,0.3,0.1,-1,-1,0.55,0.55,0.321113,0.230256
1,-1,2,0.3,0.1,-1,-1,0.6,0.6,0.339346,0.211292
1,-1,2,0.3,0.1,-1,-1,0.65,0.65,0.357353,0.197931
1,-1,2,0.3,0.1,-1,-1,0.7,0.7,0.374835,0.187803
1,-1,2,0.3,0.1,-1,-1,0.75,0.75,0.38849,0.180584
1,-1,2,0.3,0.1,-1,-1,0.8,0.8,0.402446,0.173472
1,-1,2,0.3,0.1,-1,-1,0.85,0.85,0.413101,0.170778
1,-1,2,0.3,0.1,-1,-1,0.9,0.9,0.424655,0.16927
1,-1,2,0.3,0.1,-1,-1,0.95,0.95,0.437486,0.168192
1,-1,2,0.3,0.1,-1,-1,1.0,1.0,0.470199,0.167869
1,-1,2,0.35,0.1,-1,-1,0.05,0.05,0.22351,0.445989
1,-1,2,0.35,0.1,-1,-1,0.1,0.1,0.224549,0.431536
1,-1,2,0.35,0.1,-1,-1,0.15,0.15,0.227146,0.413561
1,-1,2,0.35,0.1,-1,-1,0.2,0.2,0.230869,0.394493
1,-1,2,0.35,0.1,-1,-1,0.25,0.25,0.235718,0.372267
1,-1,2,0.35,0.1,-1,-1,0.3,0.3,0.24377,0.345911
1,-1,2,0.35,0.1,-1,-1,0.35,0.35,0.254073,0.320771
1,-1,2,0.35,0.1,-1,-1,0.4,0.4,0.266801,0.296358
1,-1,2,0.35,0.1,-1,-1,0.45,0.45,0.282991,0.268789
1,-1,2,0.35,0.1,-1,-1,0.5,0.5,0.315027,0.229559
1,-1,2,0.35,0.1,-1,-1,0.55,0.55,0.336153,0.20211
1,-1,2,0.35,0.1,-1,-1,0.6,0.6,0.357192,0.180735
1,-1,2,0.35,0.1,-1,-1,0.65,0.65,0.377972,0.165675
1,-1,2,0.35,0.1,-1,-1,0.7,0.7,0.398145,0.154258
1,-1,2,0.35,0.1,-1,-1,0.75,0.75,0.413903,0.146121
1,-1,2,0.35,0.1,-1,-1,0.8,0.8,0.430007,0.138104
1,-1,2,0.35,0.1,-1,-1,0.85,0.85,0.442302,0.135068
1,-1,2,0.35,0.1,-1,-1,0.9,0.9,0.455636,0.133368
1,-1,2,0.35,0.1,-1,-1,0.95,0.95,0.470441,0.132153
1,-1,2,0.35,0.1,-1,-1,1.0,1.0,0.508191,0.131789
1,-1,2,0.4,0.1,-1,-1,0.05,0.05,0.223523,0.445544
1,-1,2,0.4,0.1,-1,-1,0.1,0.1,0.22472,0.429942
1,-1,2,0.4,0.1,-1,-1,0.15,0.15,0.227711,0.410536
1,-1,2,0.4,0.1,-1,-1,0.2,0.2,0.231999,0.389951
1,-1,2,0.4,0.1,-1,-1,0.25,0.25,0.237584,0.365956
1,-1,2,0.4,0.1,-1,-1,0.3,0.3,0.246858,0.337503
1,-1,2,0.4,0.1,-1,-1,0.35,0.35,0.258725,0.310362
1,-1,2,0.4,0.1,-1,-1,0.4,0.4,0.273384,0.284007
1,-1,2,0.4,0.1,-1,-1,0.45,0.45,0.292032,0.254244
1,-1,2,0.4,0.1,-1,-1,0.5,0.5,0.32893,0.211893
1,-1,2,0.4,0.1,-1,-1,0.55,0.55,0.353262,0.18226
1,-1,2,0.4,0.1,-1,-1,0.6,0.6,0.377495,0.159183
1,-1,2,0.4,0.1,-1,-1,0.65,0.65,0.401429,0.142925
1,-1,2,0.4,0.1,-1,-1,0.7,0.7,0.424664,0.1306
1,-1,2,0.4,0.1,-1,-1,0.75,0.75,0.442814,0.121815
1,-1,2,0.4,0.1,-1,-1,0.8,0.8,0.461362,0.113161
1,-1,2,0.4,0.1,-1,-1,0.85,0.85,0.475523,0.109883
1,-1,2,0.4,0.1,-1,-1,0.9,0.9,0.49088,0.108047
1,-1,2,0.4,0.1,-1,-1,0.95,0.95,0.507933,0.106736
1,-1,2,0.4,0.1,-1,-1,1.0,1.0,0.551412,0.106343
1,-1,2,0.45,0.1,-1,-1,0.05,0.05,0.223533,0.445126
1,-1,2,0.45,0.1,-1,-1,0.1,0.1,0.224853,0.428442
1,-1,2,0.45,0.1,-1,-1,0.15,0.15,0.228153,0.407692
1,-1,2,0.45,0.1,-1,-1,0.2,0.2,0.232883,0.385679
1,-1,2,0.45,0.1,-1,-1,0.25,0.25,0.239043,0.360022
1,-1,2,0.45,0.1,-1,-1,0.3,0.3,0.249273,0.329597
1,-1,2,0.45,0.1,-1,-1,0.35,0.35,0.262364,0.300575
1,-1,2,0.45,0.1,-1,-1,0.4,0.4,0.278534,0.272393
1,-1,2,0.45,0.1,-1,-1,0.45,0.45,0.299105,0.240567
1,-1,2,0.45,0.1,-1,-1,0.5,0.5,0.339805,0.19528
1,-1,2,0.45,0.1,-1,-1,0.55,0.55,0.366646,0.163594
1,-1,2,0.45,0.1,-1,-1,0.6,0.6,0.393377,0.138918
1,-1,2,0.45,0.1,-1,-1,0.65,0.65,0.419777,0.121532
1,-1,2,0.45,0.1,-1,-1,0.7,0.7,0.445408,0.108353
1,-1,2,0.45,0.1,-1,-1,0.75,0.75,0.465428,0.098959
1,-1,2,0.45,0.1,-1,-1,0.8,0.8,0.485889,0.089706
1,-1,2,0.45,0.1,-1,-1,0.85,0.85,0.501509,0.0862
1,-1,2,0.45,0.1,-1,-1,0.9,0.9,0.518449,0.084238
1,-1,2,0.45,0.1,-1,-1,0.95,0.95,0.53726,0.082835
1,-1,2,0.45,0.1,-1,-1,1.0,1.0,0.585221,0.082415
1,-1,2,0.5,0.1,-1,-1,0.05,0.05,0.223544,0.444868
1,-1,2,0.5,0.1,-1,-1,0.1,0.1,0.225001,0.427514
1,-1,2,0.5,0.1,-1,-1,0.15,0.15,0.228641,0.405931
1,-1,2,0.5,0.1,-1,-1,0.2,0.2,0.233859,0.383035
1,-1,2,0.5,0.1,-1,-1,0.25,0.25,0.240653,0.356348
1,-1,2,0.5,0.1,-1,-1,0.3,0.3,0.251938,0.324703
1,-1,2,0.5,0.1,-1,-1,0.35,0.35,0.266378,0.294516
1,-1,2,0.5,0.1,-1,-1,0.4,0.4,0.284215,0.265204
1,-1,2,0.5,0.1,-1,-1,0.45,0.45,0.306906,0.2321
1,-1,2,0.5,0.1,-1,-1,0.5,0.5,0.351803,0.184997
1,-1,2,0.5,0.1,-1,-1,0.55,0.55,0.38141,0.152039
1,-1,2,0.5,0.1,-1,-1,0.6,0.6,0.410897,0.126373
1,-1,2,0.5,0.1,-1,-1,0.65,0.65,0.440018,0.10829
1,-1,2,0.5,0.1,-1,-1,0.7,0.7,0.468291,0.094582
1,-1,2,0.5,0.1,-1,-1,0.75,0.75,0.490375,0.084811
1,-1,2,0.5,0.1,-1,-1,0.8,0.8,0.512945,0.075186
1,-1,2,0.5,0.1,-1,-1,0.85,0.85,0.530176,0.07154
1,-1,2,0.5,0.1,-1,-1,0.9,0.9,0.548862,0.069499
1,-1,2,0.5,0.1,-1,-1,0.95,0.95,0.569612,0.06804
1,-1,2,0.5,0.1,-1,-1,1.0,1.0,0.622517,0.067603
1,-1,2,0.55,0.1,-1,-1,0.05,0.05,0.223554,0.444602
1,-1,2,0.55,0.1,-1,-1,0.1,0.1,0.225127,0.426562
1,-1,2,0.55,0.1,-1,-1,0.15,0.15,0.22906,0.404125
1,-1,2,0.55,0.1,-1,-1,0.2,0.2,0.234697,0.380324
1,-1,2,0.55,0.1,-1,-1,0.25,0.25,0.242038,0.352581
1,-1,2,0.55,0.1,-1,-1,0.3,0.3,0.254229,0.319683
1,-1,2,0.55,0.1,-1,-1,0.35,0.35,0.269829,0.288302
1,-1,2,0.55,0.1,-1,-1,0.4,0.4,0.2891,0.257831
1,-1,2,0.55,0.1,-1,-1,0.45,0.45,0.313614,0.223417
1,-1,2,0.55,0.1,-1,-1,0.5,0.5,0.362118,0.17445
1,-1,2,0.55,0.1,-1,-1,0.55,0.55,0.394104,0.140189
1,-1,2,0.55,0.1,-1,-1,0.6,0.6,0.42596,0.113507
1,-1,2,0.55,0.1,-1,-1,0.65,0.65,0.457421,0.094709
1,-1,2,0.55,0.1,-1,-1,0.7,0.7,0.487966,0.080458
1,-1,2,0.55,0.1,-1,-1,0.75,0.75,0.511824,0.070301
1,-1,2,0.55,0.1,-1,-1,0.8,0.8,0.536207,0.060295
1,-1,2,0.55,0.1,-1,-1,0.85,0.85,0.554822,0.056505
1,-1,2,0.55,0.1,-1,-1,0.9,0.9,0.57501,0.054383
1,-1,2,0.55,0.1,-1,-1,0.95,0.95,0.597427,0.052867
1,-1,2,0.55,0.1,-1,-1,1.0,1.0,0.654583,0.052412
1,-1,2,0.6,0.1,-1,-1,0.05,0.05,0.223564,0.444403
1,-1,2,0.6,0.1,-1,-1,0.1,0.1,0.225256,0.425848
1,-1,2,0.6,0.1,-1,-1,0.15,0.15,0.229484,0.402771
1,-1,2,0.6,0.1,-1,-1,0.2,0.2,0.235545,0.37829
1,-1,2,0.6,0.1,-1,-1,0.25,0.25,0.243437,0.349755
1,-1,2,0.6,0.1,-1,-1,0.3,0.3,0.256546,0.315919
1,-1,2,0.6,0.1,-1,-1,0.35,0.35,0.273318,0.283642
1,-1,2,0.6,0.1,-1,-1,0.4,0.4,0.294038,0.2523
1,-1,2,0.6,0.1,-1,-1,0.45,0.45,0.320395,0.216905
1,-1,2,0.6,0.1,-1,-1,0.5,0.5,0.372545,0.16654
1,-1,2,0.6,0.1,-1,-1,0.55,0.55,0.406937,0.1313
1,-1,2,0.6,0.1,-1,-1,0.6,0.6,0.441187,0.103857
1,-1,2,0.6,0.1,-1,-1,0.65,0.65,0.475014,0.084522
1,-1,2,0.6,0.1,-1,-1,0.7,0.7,0.507855,0.069865
1,-1,2,0.6,0.1,-1,-1,0.75,0.75,0.533507,0.059418
1,-1,2,0.6,0.1,-1,-1,0.8,0.8,0.559723,0.049126
1,-1,2,0.6,0.1,-1,-1,0.85,0.85,0.579738,0.045228
1,-1,2,0.6,0.1,-1,-1,0.9,0.9,0.601444,0.043045
1,-1,2,0.6,0.1,-1,-1,0.95,0.95,0.625546,0.041486
1,-1,2,0.6,0.1,-1,-1,1.0,1.0,0.686999,0.041018
1,-1,2,0.65,0.1,-1,-1,0.05,0.05,0.223574,0.444264
1,-1,2,0.65,0.1,-1,-1,0.1,0.1,0.225384,0.425348
1,-1,2,0.65,0.1,-1,-1,0.15,0.15,0.229908,0.401822
1,-1,2,0.65,0.1,-1,-1,0.2,0.2,0.236392,0.376866
1,-1,2,0.65,0.1,-1,-1,0.25,0.25,0.244837,0.347777
1,-1,2,0.65,0.1,-1,-1,0.3,0.3,0.258862,0.313283
1,-1,2,0.65,0.1,-1,-1,0.35,0.35,0.276807,0.280379
1,-1,2,0.65,0.1,-1,-1,0.4,0.4,0.298975,0.248429
1,-1,2,0.65,0.1,-1,-1,0.45,0.45,0.327175,0.212346
1,-1,2,0.65,0.1,-1,-1,0.5,0.5,0.382972,0.161002
1,-1,2,0.65,0.1,-1,-1,0.55,0.55,0.419768,0.125078
1,-1,2,0.65,0.1,-1,-1,0.6,0.6,0.456414,0.097102
1,-1,2,0.65,0.1,-1,-1,0.65,0.65,0.492606,0.077391
1,-1,2,0.65,0.1,-1,-1,0.7,0.7,0.527743,0.062449
1,-1,2,0.65,0.1,-1,-1,0.75,0.75,0.555189,0.051799
1,-1,2,0.65,0.1,-1,-1,0.8,0.8,0.583239,0.041308
1,-1,2,0.65,0.1,-1,-1,0.85,0.85,0.604653,0.037334
1,-1,2,0.65,0.1,-1,-1,0.9,0.9,0.627876,0.035108
1,-1,2,0.65,0.1,-1,-1,0.95,0.95,0.653664,0.033519
1,-1,2,0.65,0.1,-1,-1,1.0,1.0,0.719414,0.033042
1,-1,2,0.7,0.1,-1,-1,0.05,0.05,0.223581,0.444105
1,-1,2,0.7,0.1,-1,-1,0.1,0.1,0.225477,0.424777
1,-1,2,0.7,0.1,-1,-1,0.15,0.15,0.230217,0.400739
1,-1,2,0.7,0.1,-1,-1,0.2,0.2,0.237012,0.375239
1,-1,2,0.7,0.1,-1,-1,0.25,0.25,0.24586,0.345516
1,-1,2,0.7,0.1,-1,-1,0.3,0.3,0.260555,0.310271
1,-1,2,0.7,0.1,-1,-1,0.35,0.35,0.279358,0.276651
1,-1,2,0.7,0.1,-1,-1,0.4,0.4,0.302586,0.244005
1,-1,2,0.7,0.1,-1,-1,0.45,0.45,0.332133,0.207136
1,-1,2,0.7,0.1,-1,-1,0.5,0.5,0.390597,0.154674
1,-1,2,0.7,0.1,-1,-1,0.55,0.55,0.429151,0.117967
1,-1,2,0.7,0.1,-1,-1,0.6,0.6,0.467548,0.089382
1,-1,2,0.7,0.1,-1,-1,0.65,0.65,0.50547,0.069242
1,-1,2,0.7,0.1,-1,-1,0.7,0.7,0.542286,0.053974
1,-1,2,0.7,0.1,-1,-1,0.75,0.75,0.571044,0.043093
1,-1,2,0.7,0.1,-1,-1,0.8,0.8,0.600433,0.032373
1,-1,2,0.7,0.1,-1,-1,0.85,0.85,0.622871,0.028312
1,-1,2,0.7,0.1,-1,-1,0.9,0.9,0.647204,0.026038
1,-1,2,0.7,0.1,-1,-1,0.95,0.95,0.674224,0.024414
1,-1,2,0.7,0.1,-1,-1,1.0,1.0,0.743116,0.023927
1,-1,2,0.75,0.1,-1,-1,0.05,0.05,0.22359,0.444005
1,-1,2,0.75,0.1,-1,-1,0.1,0.1,0.225599,0.42442
1,-1,2,0.75,0.1,-1,-1,0.15,0.15,0.230618,0.400062
1,-1,2,0.75,0.1,-1,-1,0.2,0.2,0.237814,0.374222
1,-1,2,0.75,0.1,-1,-1,0.25,0.25,0.247185,0.344104
1,-1,2,0.75,0.1,-1,-1,0.3,0.3,0.262747,0.308389
1,-1,2,0.75,0.1,-1,-1,0.35,0.35,0.282659,0.274321
1,-1,2,0.75,0.1,-1,-1,0.4,0.4,0.307258,0.241239
1,-1,2,0.75,0.1,-1,-1,0.45,0.45,0.33855,0.203879
1,-1,2,0.75,0.1,-1,-1,0.5,0.5,0.400464,0.150719
1,-1,2,0.75,0.1,-1,-1,0.55,0.55,0.441294,0.113523
1,-1,2,0.75,0.1,-1,-1,0.6,0.6,0.481956,0.084557
1,-1,2,0.75,0.1,-1,-1,0.65,0.65,0.522117,0.064149
1,-1,2,0.75,0.1,-1,-1,0.7,0.7,0.561106,0.048678
1,-1,2,0.75,0.1,-1,-1,0.75,0.75,0.591561,0.037651
1,-1,2,0.75,0.1,-1,-1,0.8,0.8,0.622685,0.026788
1,-1,2,0.75,0.1,-1,-1,0.85,0.85,0.646447,0.022674
1,-1,2,0.75,0.1,-1,-1,0.9,0.9,0.672216,0.020369
1,-1,2,0.75,0.1,-1,-1,0.95,0.95,0.700831,0.018724
1,-1,2,0.75,0.1,-1,-1,1.0,1.0,0.773789,0.01823
1,-1,2,0.8,0.1,-1,-1,0.05,0.05,0.223598,0.443846
1,-1,2,0.8,0.1,-1,-1,0.1,0.1,0.225696,0.423849
1,-1,2,0.8,0.1,-1,-1,0.15,0.15,0.230942,0.398978
1,-1,2,0.8,0.1,-1,-1,0.2,0.2,0.238461,0.372595
1,-1,2,0.8,0.1,-1,-1,0.25,0.25,0.248253,0.341843
1,-1,2,0.8,0.1,-1,-1,0.3,0.3,0.264515,0.305377
1,-1,2,0.8,0.1,-1,-1,0.35,0.35,0.285323,0.270592
1,-1,2,0.8,0.1,-1,-1,0.4,0.4,0.311028,0.236815
1,-1,2,0.8,0.1,-1,-1,0.45,0.45,0.343726,0.198669
1,-1,2,0.8,0.1,-1,-1,0.5,0.5,0.408424,0.144391
1,-1,2,0.8,0.1,-1,-1,0.55,0.55,0.45109,0.106413
1,-1,2,0.8,0.1,-1,-1,0.6,0.6,0.493581,0.076837
1,-1,2,0.8,0.1,-1,-1,0.65,0.65,0.535547,0.055999
1,-1,2,0.8,0.1,-1,-1,0.7,0.7,0.576289,0.040203
1,-1,2,0.8,0.1,-1,-1,0.75,0.75,0.608114,0.028944
1,-1,2,0.8,0.1,-1,-1,0.8,0.8,0.640638,0.017853
1,-1,2,0.8,0.1,-1,-1,0.85,0.85,0.665468,0.013652
1,-1,2,0.8,0.1,-1,-1,0.9,0.9,0.692396,0.011299
1,-1,2,0.8,0.1,-1,-1,0.95,0.95,0.722297,0.009619
1,-1,2,0.8,0.1,-1,-1,1.0,1.0,0.798536,0.009115
1,-1,2,0.85,0.1,-1,-1,0.05,0.05,0.223606,0.443773
1,-1,2,0.85,0.1,-1,-1,0.1,0.1,0.225804,0.423587
1,-1,2,0.85,0.1,-1,-1,0.15,0.15,0.231297,0.398481
1,-1,2,0.85,0.1,-1,-1,0.2,0.2,0.239172,0.371849
1,-1,2,0.85,0.1,-1,-1,0.25,0.25,0.249427,0.340807
1,-1,2,0.85,0.1,-1,-1,0.3,0.3,0.266457,0.303997
1,-1,2,0.85,0.1,-1,-1,0.35,0.35,0.288249,0.268883
1,-1,2,0.85,0.1,-1,-1,0.4,0.4,0.315169,0.234787
1,-1,2,0.85,0.1,-1,-1,0.45,0.45,0.349413,0.196281
1,-1,2,0.85,0.1,-1,-1,0.5,0.5,0.41717,0.14149
1,-1,2,0.85,0.1,-1,-1,0.55,0.55,0.461852,0.103153
1,-1,2,0.85,0.1,-1,-1,0.6,0.6,0.506352,0.073298
1,-1,2,0.85,0.1,-1,-1,0.65,0.65,0.550302,0.052264
1,-1,2,0.85,0.1,-1,-1,0.7,0.7,0.59297,0.036319
1,-1,2,0.85,0.1,-1,-1,0.75,0.75,0.626299,0.024954
1,-1,2,0.85,0.1,-1,-1,0.8,0.8,0.66036,0.013758
1,-1,2,0.85,0.1,-1,-1,0.85,0.85,0.686365,0.009517
1,-1,2,0.85,0.1,-1,-1,0.9,0.9,0.714566,0.007142
1,-1,2,0.85,0.1,-1,-1,0.95,0.95,0.74588,0.005446
1,-1,2,0.85,0.1,-1,-1,1.0,1.0,0.825723,0.004937
1,-1,2,0.9,0.1,-1,-1,0.05,0.05,0.223616,0.443726
1,-1,2,0.9,0.1,-1,-1,0.1,0.1,0.225935,0.42342
1,-1,2,0.9,0.1,-1,-1,0.15,0.15,0.23173,0.398165
1,-1,2,0.9,0.1,-1,-1,0.2,0.2,0.240038,0.371375
1,-1,2,0.9,0.1,-1,-1,0.25,0.25,0.250856,0.340148
1,-1,2,0.9,0.1,-1,-1,0.3,0.3,0.268823,0.303118
1,-1,2,0.9,0.1,-1,-1,0.35,0.35,0.291813,0.267796
1,-1,2,0.9,0.1,-1,-1,0.4,0.4,0.320213,0.233497
1,-1,2,0.9,0.1,-1,-1,0.45,0.45,0.35634,0.194762
1,-1,2,0.9,0.1,-1,-1,0.5,0.5,0.427821,0.139645
1,-1,2,0.9,0.1,-1,-1,0.55,0.55,0.474961,0.10108
1,-1,2,0.9,0.1,-1,-1,0.6,0.6,0.521907,0.071047
1,-1,2,0.9,0.1,-1,-1,0.65,0.65,0.568273,0.049888
1,-1,2,0.9,0.1,-1,-1,0.7,0.7,0.613287,0.033848
1,-1,2,0.9,0.1,-1,-1,0.75,0.75,0.648448,0.022415
1,-1,2,0.9,0.1,-1,-1,0.8,0.8,0.684382,0.011152
1,-1,2,0.9,0.1,-1,-1,0.85,0.85,0.711816,0.006886
1,-1,2,0.9,0.1,-1,-1,0.9,0.9,0.741567,0.004497
1,-1,2,0.9,0.1,-1,-1,0.95,0.95,0.774604,0.002791
1,-1,2,0.9,0.1,-1,-1,1.0,1.0,0.858836,0.002279
1,-1,2,0.95,0.1,-1,-1,0.05,0.05,0.223629,0.443693
1,-1,2,0.95,0.1,-1,-1,0.1,0.1,0.226096,0.423301
1,-1,2,0.95,0.1,-1,-1,0.15,0.15,0.232264,0.39794
1,-1,2,0.95,0.1,-1,-1,0.2,0.2,0.241104,0.371036
1,-1,2,0.95,0.1,-1,-1,0.25,0.25,0.252617,0.339677
1,-1,2,0.95,0.1,-1,-1,0.3,0.3,0.271737,0.302491
1,-1,2,0.95,0.1,-1,-1,0.35,0.35,0.296202,0.267019
1,-1,2,0.95,0.1,-1,-1,0.4,0.4,0.326425,0.232575
1,-1,2,0.95,0.1,-1,-1,0.45,0.45,0.364871,0.193676
1,-1,2,0.95,0.1,-1,-1,0.5,0.5,0.44094,0.138326
1,-1,2,0.95,0.1,-1,-1,0.55,0.55,0.491105,0.099598
1,-1,2,0.95,0.1,-1,-1,0.6,0.6,0.541064,0.069439
1,-1,2,0.95,0.1,-1,-1,0.65,0.65,0.590406,0.04819
1,-1,2,0.95,0.1,-1,-1,0.7,0.7,0.638309,0.032082
1,-1,2,0.95,0.1,-1,-1,0.75,0.75,0.675726,0.020601
1,-1,2,0.95,0.1,-1,-1,0.8,0.8,0.713967,0.009291
1,-1,2,0.95,0.1,-1,-1,0.85,0.85,0.743161,0.005007
1,-1,2,0.95,0.1,-1,-1,0.9,0.9,0.774822,0.002608
1,-1,2,0.95,0.1,-1,-1,0.95,0.95,0.809979,0.000894
1,-1,2,0.95,0.1,-1,-1,1.0,1.0,0.899617,0.00038
1,-1,2,1.0,0.1,-1,-1,0.05,0.05,0.223659,0.443687
1,-1,2,1.0,0.1,-1,-1,0.1,0.1,0.226493,0.423278
1,-1,2,1.0,0.1,-1,-1,0.15,0.15,0.233576,0.397894
1,-1,2,1.0,0.1,-1,-1,0.2,0.2,0.243729,0.370968
1,-1,2,1.0,0.1,-1,-1,0.25,0.25,0.256951,0.339582
1,-1,2,1.0,0.1,-1,-1,0.3,0.3,0.278909,0.302365
1,-1,2,1.0,0.1,-1,-1,0.35,0.35,0.307007,0.266864
1,-1,2,1.0,0.1,-1,-1,0.4,0.4,0.341716,0.232391
1,-1,2,1.0,0.1,-1,-1,0.45,0.45,0.385869,0.193459
1,-1,2,1.0,0.1,-1,-1,0.5,0.5,0.473231,0.138063
1,-1,2,1.0,0.1,-1,-1,0.55,0.55,0.530843,0.099302
1,-1,2,1.0,0.1,-1,-1,0.6,0.6,0.588218,0.069117
1,-1,2,1.0,0.1,-1,-1,0.65,0.65,0.644885,0.04785
1,-1,2,1.0,0.1,-1,-1,0.7,0.7,0.6999,0.031729
1,-1,2,1.0,0.1,-1,-1,0.75,0.75,0.742872,0.020238
1,-1,2,1.0,0.1,-1,-1,0.8,0.8,0.786789,0.008918
1,-1,2,1.0,0.1,-1,-1,0.85,0.85,0.820318,0.00463
1,-1,2,1.0,0.1,-1,-1,0.9,0.9,0.856679,0.002229
1,-1,2,1.0,0.1,-1,-1,0.95,0.95,0.897055,0.000514
1,-1,2,1.0,0.1,-1,-1,1.0,1.0,1.0,0.0
1,-1,2,0.15,0.15,-1,-1,0.05,0.05,0.302544,0.342955
1,-1,2,0.15,0.15,-1,-1,0.1,0.1,0.302544,0.342955
1,-1,2,0.15,0.15,-1,-1,0.15,0.15,0.302544,0.342955
1,-1,2,0.15,0.15,-1,-1,0.2,0.2,0.302544,0.342955
1,-1,2,0.15,0.15,-1,-1,0.25,0.25,0.302544,0.342955
1,-1,2,0.15,0.15,-1,-1,0.3,0.3,0.302544,0.342955
1,-1,2,0.15,0.15,-1,-1,0.35,0.35,0.302544,0.342955
1,-1,2,0.15,0.15,-1,-1,0.4,0.4,0.302544,0.342955
1,-1,2,0.15,0.15,-1,-1,0.45,0.45,0.302544,0.342955
1,-1,2,0.15,0.15,-1,-1,0.5,0.5,0.302544,0.342955
1,-1,2,0.15,0.15,-1,-1,0.55,0.55,0.302544,0.342955
1,-1,2,0.15,0.15,-1,-1,0.6,0.6,0.302544,0.342955
1,-1,2,0.15,0.15,-1,-1,0.65,0.65,0.302544,0.342955
1,-1,2,0.15,0.15,-1,-1,0.7,0.7,0.302544,0.342955
1,-1,2,0.15,0.15,-1,-1,0.75,0.75,0.302544,0.342955
1,-1,2,0.15,0.15,-1,-1,0.8,0.8,0.302544,0.342955
1,-1,2,0.15,0.15,-1,-1,0.85,0.85,0.302544,0.342955
1,-1,2,0.15,0.15,-1,-1,0.9,0.9,0.302544,0.342955
1,-1,2,0.15,0.15,-1,-1,0.95,0.95,0.302544,0.342955
1,-1,2,0.15,0.15,-1,-1,1.0,1.0,0.302544,0.342955
1,-1,2,0.2,0.15,-1,-1,0.05,0.05,0.302561,0.341568
1,-1,2,0.2,0.15,-1,-1,0.1,0.1,0.30277,0.337981
1,-1,2,0.2,0.15,-1,-1,0.15,0.15,0.303291,0.333519
1,-1,2,0.2,0.15,-1,-1,0.2,0.2,0.304039,0.328786
1,-1,2,0.2,0.15,-1,-1,0.25,0.25,0.305012,0.323269
1,-1,2,0.2,0.15,-1,-1,0.3,0.3,0.306628,0.316727
1,-1,2,0.2,0.15,-1,-1,0.35,0.35,0.308697,0.310487
1,-1,2,0.2,0.15,-1,-1,0.4,0.4,0.311251,0.304427
1,-1,2,0.2,0.15,-1,-1,0.45,0.45,0.314501,0.297584
1,-1,2,0.2,0.15,-1,-1,0.5,0.5,0.320932,0.287846
1,-1,2,0.2,0.15,-1,-1,0.55,0.55,0.325173,0.281033
1,-1,2,0.2,0.15,-1,-1,0.6,0.6,0.329396,0.275727
1,-1,2,0.2,0.15,-1,-1,0.65,0.65,0.333567,0.271989
1,-1,2,0.2,0.15,-1,-1,0.7,0.7,0.337617,0.269155
1,-1,2,0.2,0.15,-1,-1,0.75,0.75,0.34078,0.267135
1,-1,2,0.2,0.15,-1,-1,0.8,0.8,0.344013,0.265146
1,-1,2,0.2,0.15,-1,-1,0.85,0.85,0.346481,0.264392
1,-1,2,0.2,0.15,-1,-1,0.9,0.9,0.349157,0.26397
1,-1,2,0.2,0.15,-1,-1,0.95,0.95,0.352129,0.263668
1,-1,2,0.2,0.15,-1,-1,1.0,1.0,0.359707,0.263578
1,-1,2,0.25,0.15,-1,-1,0.05,0.05,0.30258,0.340507
1,-1,2,0.25,0.15,-1,-1,0.1,0.1,0.303014,0.334173
1,-1,2,0.25,0.15,-1,-1,0.15,0.15,0.304098,0.326295
1,-1,2,0.25,0.15,-1,-1,0.2,0.2,0.305652,0.317939
1,-1,2,0.25,0.15,-1,-1,0.25,0.25,0.307676,0.308198
1,-1,2,0.25,0.15,-1,-1,0.3,0.3,0.311036,0.296648
1,-1,2,0.25,0.15,-1,-1,0.35,0.35,0.315337,0.28563
1,-1,2,0.25,0.15,-1,-1,0.4,0.4,0.320649,0.274932
1,-1,2,0.25,0.15,-1,-1,0.45,0.45,0.327407,0.262849
1,-1,2,0.25,0.15,-1,-1,0.5,0.5,0.340778,0.245657
1,-1,2,0.25,0.15,-1,-1,0.55,0.55,0.349595,0.233628
1,-1,2,0.25,0.15,-1,-1,0.6,0.6,0.358377,0.22426
1,-1,2,0.25,0.15,-1,-1,0.65,0.65,0.36705,0.21766
1,-1,2,0.25,0.15,-1,-1,0.7,0.7,0.37547,0.212657
1,-1,2,0.25,0.15,-1,-1,0.75,0.75,0.382047,0.209091
1,-1,2,0.25,0.15,-1,-1,0.8,0.8,0.388769,0.205578
1,-1,2,0.25,0.15,-1,-1,0.85,0.85,0.3939,0.204247
1,-1,2,0.25,0.15,-1,-1,0.9,0.9,0.399465,0.203502
1,-1,2,0.25,0.15,-1,-1,0.95,0.95,0.405645,0.20297
1,-1,2,0.25,0.15,-1,-1,1.0,1.0,0.421401,0.20281
1,-1,2,0.3,0.15,-1,-1,0.05,0.05,0.302595,0.339896
1,-1,2,0.3,0.15,-1,-1,0.1,0.1,0.303207,0.331983
1,-1,2,0.3,0.15,-1,-1,0.15,0.15,0.304736,0.322141
1,-1,2,0.3,0.15,-1,-1,0.2,0.2,0.306928,0.311701
1,-1,2,0.3,0.15,-1,-1,0.25,0.25,0.309782,0.299533
1,-1,2,0.3,0.15,-1,-1,0.3,0.3,0.314523,0.285103
1,-1,2,0.3,0.15,-1,-1,0.35,0.35,0.320589,0.271338
1,-1,2,0.3,0.15,-1,-1,0.4,0.4,0.328082,0.257972
1,-1,2,0.3,0.15,-1,-1,0.45,0.45,0.337614,0.242877
1,-1,2,0.3,0.15,-1,-1,0.5,0.5,0.356475,0.221399
1,-1,2,0.3,0.15,-1,-1,0.55,0.55,0.368913,0.206371
1,-1,2,0.3,0.15,-1,-1,0.6,0.6,0.3813,0.194667
1,-1,2,0.3,0.15,-1,-1,0.65,0.65,0.393533,0.186422
1,-1,2,0.3,0.15,-1,-1,0.7,0.7,0.40541,0.180171
1,-1,2,0.3,0.15,-1,-1,0.75,0.75,0.414688,0.175716
1,-1,2,0.3,0.15,-1,-1,0.8,0.8,0.424169,0.171327
1,-1,2,0.3,0.15,-1,-1,0.85,0.85,0.431407,0.169664
1,-1,2,0.3,0.15,-1,-1,0.9,0.9,0.439257,0.168733
1,-1,2,0.3,0.15,-1,-1,0.95,0.95,0.447974,0.168068
1,-1,2,0.3,0.15,-1,-1,1.0,1.0,0.470199,0.167869
1,-1,2,0.35,0.15,-1,-1,0.05,0.05,0.302607,0.339266
1,-1,2,0.35,0.15,-1,-1,0.1,0.1,0.303357,0.329722
1,-1,2,0.35,0.15,-1,-1,0.15,0.15,0.305233,0.317852
1,-1,2,0.35,0.15,-1,-1,0.2,0.2,0.307921,0.305261
1,-1,2,0.35,0.15,-1,-1,0.25,0.25,0.311423,0.290585
1,-1,2,0.35,0.15,-1,-1,0.3,0.3,0.317237,0.273181
1,-1,2,0.35,0.15,-1,-1,0.35,0.35,0.324678,0.25658
1,-1,2,0.35,0.15,-1,-1,0.4,0.4,0.333869,0.24046
1,-1,2,0.35,0.15,-1,-1,0.45,0.45,0.345562,0.222254
1,-1,2,0.35,0.15,-1,-1,0.5,0.5,0.368696,0.19635
1,-1,2,0.35,0.15,-1,-1,0.55,0.55,0.383952,0.178225
1,-1,2,0.35,0.15,-1,-1,0.6,0.6,0.399146,0.164109
1,-1,2,0.35,0.15,-1,-1,0.65,0.65,0.414152,0.154165
1,-1,2,0.35,0.15,-1,-1,0.7,0.7,0.428721,0.146626
1,-1,2,0.35,0.15,-1,-1,0.75,0.75,0.4401,0.141253
1,-1,2,0.35,0.15,-1,-1,0.8,0.8,0.45173,0.135959
1,-1,2,0.35,0.15,-1,-1,0.85,0.85,0.460609,0.133954
1,-1,2,0.35,0.15,-1,-1,0.9,0.9,0.470238,0.132832
1,-1,2,0.35,0.15,-1,-1,0.95,0.95,0.48093,0.13203
1,-1,2,0.35,0.15,-1,-1,1.0,1.0,0.508191,0.131789
1,-1,2,0.4,0.15,-1,-1,0.05,0.05,0.30262,0.338821
1,-1,2,0.4,0.15,-1,-1,0.1,0.1,0.303528,0.328127
1,-1,2,0.4,0.15,-1,-1,0.15,0.15,0.305798,0.314828
1,-1,2,0.4,0.15,-1,-1,0.2,0.2,0.309051,0.300719
1,-1,2,0.4,0.15,-1,-1,0.25,0.25,0.313289,0.284274
1,-1,2,0.4,0.15,-1,-1,0.3,0.3,0.320326,0.264773
1,-1,2,0.4,0.15,-1,-1,0.35,0.35,0.32933,0.246171
1,-1,2,0.4,0.15,-1,-1,0.4,0.4,0.340453,0.228109
1,-1,2,0.4,0.15,-1,-1,0.45,0.45,0.354603,0.20771
1,-1,2,0.4,0.15,-1,-1,0.5,0.5,0.382599,0.178684
1,-1,2,0.4,0.15,-1,-1,0.55,0.55,0.401062,0.158374
1,-1,2,0.4,0.15,-1,-1,0.6,0.6,0.419449,0.142558
1,-1,2,0.4,0.15,-1,-1,0.65,0.65,0.437609,0.131415
1,-1,2,0.4,0.15,-1,-1,0.7,0.7,0.455239,0.122968
1,-1,2,0.4,0.15,-1,-1,0.75,0.75,0.469011,0.116947
1,-1,2,0.4,0.15,-1,-1,0.8,0.8,0.483085,0.111016
1,-1,2,0.4,0.15,-1,-1,0.85,0.85,0.49383,0.108769
1,-1,2,0.4,0.15,-1,-1,0.9,0.9,0.505482,0.107511
1,-1,2,0.4,0.15,-1,-1,0.95,0.95,0.518421,0.106613
1,-1,2,0.4,0.15,-1,-1,1.0,1.0,0.551412,0.106343
1,-1,2,0.45,0.15,-1,-1,0.05,0.05,0.30263,0.338403
1,-1,2,0.45,0.15,-1,-1,0.1,0.1,0.303661,0.326628
1,-1,2,0.45,0.15,-1,-1,0.15,0.15,0.30624,0.311983
1,-1,2,0.45,0.15,-1,-1,0.2,0.2,0.309935,0.296448
1,-1,2,0.45,0.15,-1,-1,0.25,0.25,0.314748,0.27834
1,-1,2,0.45,0.15,-1,-1,0.3,0.3,0.322741,0.256867
1,-1,2,0.45,0.15,-1,-1,0.35,0.35,0.332969,0.236384
1,-1,2,0.45,0.15,-1,-1,0.4,0.4,0.345603,0.216495
1,-1,2,0.45,0.15,-1,-1,0.45,0.45,0.361675,0.194033
1,-1,2,0.45,0.15,-1,-1,0.5,0.5,0.393475,0.162071
1,-1,2,0.45,0.15,-1,-1,0.55,0.55,0.414446,0.139708
1,-1,2,0.45,0.15,-1,-1,0.6,0.6,0.435331,0.122292
1,-1,2,0.45,0.15,-1,-1,0.65,0.65,0.455958,0.110023
1,-1,2,0.45,0.15,-1,-1,0.7,0.7,0.475983,0.100721
1,-1,2,0.45,0.15,-1,-1,0.75,0.75,0.491626,0.094091
1,-1,2,0.45,0.15,-1,-1,0.8,0.8,0.507611,0.08756
1,-1,2,0.45,0.15,-1,-1,0.85,0.85,0.519816,0.085087
1,-1,2,0.45,0.15,-1,-1,0.9,0.9,0.533052,0.083701
1,-1,2,0.45,0.15,-1,-1,0.95,0.95,0.547748,0.082712
1,-1,2,0.45,0.15,-1,-1,1.0,1.0,0.585221,0.082415
1,-1,2,0.5,0.15,-1,-1,0.05,0.05,0.302641,0.338144
1,-1,2,0.5,0.15,-1,-1,0.1,0.1,0.303809,0.3257
1,-1,2,0.5,0.15,-1,-1,0.15,0.15,0.306727,0.310222
1,-1,2,0.5,0.15,-1,-1,0.2,0.2,0.310911,0.293804
1,-1,2,0.5,0.15,-1,-1,0.25,0.25,0.316359,0.274666
1,-1,2,0.5,0.15,-1,-1,0.3,0.3,0.325406,0.251973
1,-1,2,0.5,0.15,-1,-1,0.35,0.35,0.336983,0.230325
1,-1,2,0.5,0.15,-1,-1,0.4,0.4,0.351284,0.209305
1,-1,2,0.5,0.15,-1,-1,0.45,0.45,0.369477,0.185566
1,-1,2,0.5,0.15,-1,-1,0.5,0.5,0.405472,0.151788
1,-1,2,0.5,0.15,-1,-1,0.55,0.55,0.42921,0.128153
1,-1,2,0.5,0.15,-1,-1,0.6,0.6,0.452851,0.109748
1,-1,2,0.5,0.15,-1,-1,0.65,0.65,0.476199,0.09678
1,-1,2,0.5,0.15,-1,-1,0.7,0.7,0.498867,0.08695
1,-1,2,0.5,0.15,-1,-1,0.75,0.75,0.516573,0.079943
1,-1,2,0.5,0.15,-1,-1,0.8,0.8,0.534668,0.073041
1,-1,2,0.5,0.15,-1,-1,0.85,0.85,0.548483,0.070426
1,-1,2,0.5,0.15,-1,-1,0.9,0.9,0.563464,0.068962
1,-1,2,0.5,0.15,-1,-1,0.95,0.95,0.5801,0.067917
1,-1,2,0.5,0.15,-1,-1,1.0,1.0,0.622517,0.067603
1,-1,2,0.55,0.15,-1,-1,0.05,0.05,0.302651,0.337879
1,-1,2,0.55,0.15,-1,-1,0.1,0.1,0.303936,0.324748
1,-1,2,0.55,0.15,-1,-1,0.15,0.15,0.307147,0.308416
1,-1,2,0.55,0.15,-1,-1,0.2,0.2,0.311749,0.291092
1,-1,2,0.55,0.15,-1,-1,0.25,0.25,0.317743,0.270899
1,-1,2,0.55,0.15,-1,-1,0.3,0.3,0.327697,0.246953
1,-1,2,0.55,0.15,-1,-1,0.35,0.35,0.340434,0.224112
1,-1,2,0.55,0.15,-1,-1,0.4,0.4,0.356169,0.201932
1,-1,2,0.55,0.15,-1,-1,0.45,0.45,0.376184,0.176883
1,-1,2,0.55,0.15,-1,-1,0.5,0.5,0.415787,0.141241
1,-1,2,0.55,0.15,-1,-1,0.55,0.55,0.441904,0.116303
1,-1,2,0.55,0.15,-1,-1,0.6,0.6,0.467914,0.096882
1,-1,2,0.55,0.15,-1,-1,0.65,0.65,0.493602,0.083199
1,-1,2,0.55,0.15,-1,-1,0.7,0.7,0.518541,0.072826
1,-1,2,0.55,0.15,-1,-1,0.75,0.75,0.538021,0.065433
1,-1,2,0.55,0.15,-1,-1,0.8,0.8,0.55793,0.05815
1,-1,2,0.55,0.15,-1,-1,0.85,0.85,0.573129,0.055391
1,-1,2,0.55,0.15,-1,-1,0.9,0.9,0.589612,0.053846
1,-1,2,0.55,0.15,-1,-1,0.95,0.95,0.607916,0.052743
1,-1,2,0.55,0.15,-1,-1,1.0,1.0,0.654583,0.052412
1,-1,2,0.6,0.15,-1,-1,0.05,0.05,0.302661,0.33768
1,-1,2,0.6,0.15,-1,-1,0.1,0.1,0.304064,0.324034
1,-1,2,0.6,0.15,-1,-1,0.15,0.15,0.30757,0.307062
1,-1,2,0.6,0.15,-1,-1,0.2,0.2,0.312597,0.289058
1,-1,2,0.6,0.15,-1,-1,0.25,0.25,0.319142,0.268073
1,-1,2,0.6,0.15,-1,-1,0.3,0.3,0.330013,0.243188
1,-1,2,0.6,0.15,-1,-1,0.35,0.35,0.343923,0.219451
1,-1,2,0.6,0.15,-1,-1,0.4,0.4,0.361106,0.196401
1,-1,2,0.6,0.15,-1,-1,0.45,0.45,0.382965,0.170371
1,-1,2,0.6,0.15,-1,-1,0.5,0.5,0.426215,0.133331
1,-1,2,0.6,0.15,-1,-1,0.55,0.55,0.454736,0.107414
1,-1,2,0.6,0.15,-1,-1,0.6,0.6,0.483141,0.087232
1,-1,2,0.6,0.15,-1,-1,0.65,0.65,0.511195,0.073012
1,-1,2,0.6,0.15,-1,-1,0.7,0.7,0.53843,0.062233
1,-1,2,0.6,0.15,-1,-1,0.75,0.75,0.559704,0.05455
1,-1,2,0.6,0.15,-1,-1,0.8,0.8,0.581446,0.046981
1,-1,2,0.6,0.15,-1,-1,0.85,0.85,0.598045,0.044114
1,-1,2,0.6,0.15,-1,-1,0.9,0.9,0.616046,0.042509
1,-1,2,0.6,0.15,-1,-1,0.95,0.95,0.636034,0.041362
1,-1,2,0.6,0.15,-1,-1,1.0,1.0,0.686999,0.041018
1,-1,2,0.65,0.15,-1,-1,0.05,0.05,0.302671,0.337541
1,-1,2,0.65,0.15,-1,-1,0.1,0.1,0.304192,0.323534
1,-1,2,0.65,0.15,-1,-1,0.15,0.15,0.307994,0.306114
1,-1,2,0.65,0.15,-1,-1,0.2,0.2,0.313444,0.287634
1,-1,2,0.65,0.15,-1,-1,0.25,0.25,0.320542,0.266095
1,-1,2,0.65,0.15,-1,-1,0.3,0.3,0.332329,0.240553
1,-1,2,0.65,0.15,-1,-1,0.35,0.35,0.347412,0.216188
1,-1,2,0.65,0.15,-1,-1,0.4,0.4,0.366044,0.19253
1,-1,2,0.65,0.15,-1,-1,0.45,0.45,0.389746,0.165812
1,-1,2,0.65,0.15,-1,-1,0.5,0.5,0.436642,0.127793
1,-1,2,0.65,0.15,-1,-1,0.55,0.55,0.467568,0.101192
1,-1,2,0.65,0.15,-1,-1,0.6,0.6,0.498368,0.080476
1,-1,2,0.65,0.15,-1,-1,0.65,0.65,0.528787,0.065881
1,-1,2,0.65,0.15,-1,-1,0.7,0.7,0.558319,0.054817
1,-1,2,0.65,0.15,-1,-1,0.75,0.75,0.581387,0.046931
1,-1,2,0.65,0.15,-1,-1,0.8,0.8,0.604962,0.039162
1,-1,2,0.65,0.15,-1,-1,0.85,0.85,0.62296,0.03622
1,-1,2,0.65,0.15,-1,-1,0.9,0.9,0.642479,0.034572
1,-1,2,0.65,0.15,-1,-1,0.95,0.95,0.664152,0.033395
1,-1,2,0.65,0.15,-1,-1,1.0,1.0,0.719414,0.033042
1,-1,2,0.7,0.15,-1,-1,0.05,0.05,0.302678,0.337381
1,-1,2,0.7,0.15,-1,-1,0.1,0.1,0.304286,0.322963
1,-1,2,0.7,0.15,-1,-1,0.15,0.15,0.308304,0.30503
1,-1,2,0.7,0.15,-1,-1,0.2,0.2,0.314064,0.286007
1,-1,2,0.7,0.15,-1,-1,0.25,0.25,0.321565,0.263834
1,-1,2,0.7,0.15,-1,-1,0.3,0.3,0.334023,0.237541
1,-1,2,0.7,0.15,-1,-1,0.35,0.35,0.349963,0.21246
1,-1,2,0.7,0.15,-1,-1,0.4,0.4,0.369655,0.188106
1,-1,2,0.7,0.15,-1,-1,0.45,0.45,0.394704,0.160601
1,-1,2,0.7,0.15,-1,-1,0.5,0.5,0.444266,0.121465
1,-1,2,0.7,0.15,-1,-1,0.55,0.55,0.476951,0.094082
1,-1,2,0.7,0.15,-1,-1,0.6,0.6,0.509502,0.072756
1,-1,2,0.7,0.15,-1,-1,0.65,0.65,0.54165,0.057732
1,-1,2,0.7,0.15,-1,-1,0.7,0.7,0.572861,0.046343
1,-1,2,0.7,0.15,-1,-1,0.75,0.75,0.597241,0.038225
1,-1,2,0.7,0.15,-1,-1,0.8,0.8,0.622156,0.030227
1,-1,2,0.7,0.15,-1,-1,0.85,0.85,0.641178,0.027198
1,-1,2,0.7,0.15,-1,-1,0.9,0.9,0.661806,0.025502
1,-1,2,0.7,0.15,-1,-1,0.95,0.95,0.684712,0.02429
1,-1,2,0.7,0.15,-1,-1,1.0,1.0,0.743116,0.023927
1,-1,2,0.75,0.15,-1,-1,0.05,0.05,0.302687,0.337282
1,-1,2,0.75,0.15,-1,-1,0.1,0.1,0.304407,0.322606
1,-1,2,0.75,0.15,-1,-1,0.15,0.15,0.308705,0.304353
1,-1,2,0.75,0.15,-1,-1,0.2,0.2,0.314866,0.28499
1,-1,2,0.75,0.15,-1,-1,0.25,0.25,0.32289,0.262421
1,-1,2,0.75,0.15,-1,-1,0.3,0.3,0.336214,0.235659
1,-1,2,0.75,0.15,-1,-1,0.35,0.35,0.353265,0.21013
1,-1,2,0.75,0.15,-1,-1,0.4,0.4,0.374327,0.185341
1,-1,2,0.75,0.15,-1,-1,0.45,0.45,0.40112,0.157345
1,-1,2,0.75,0.15,-1,-1,0.5,0.5,0.454133,0.11751
1,-1,2,0.75,0.15,-1,-1,0.55,0.55,0.489093,0.089637
1,-1,2,0.75,0.15,-1,-1,0.6,0.6,0.52391,0.067931
1,-1,2,0.75,0.15,-1,-1,0.65,0.65,0.558297,0.052639
1,-1,2,0.75,0.15,-1,-1,0.7,0.7,0.591681,0.041046
1,-1,2,0.75,0.15,-1,-1,0.75,0.75,0.617758,0.032783
1,-1,2,0.75,0.15,-1,-1,0.8,0.8,0.644408,0.024643
1,-1,2,0.75,0.15,-1,-1,0.85,0.85,0.664754,0.02156
1,-1,2,0.75,0.15,-1,-1,0.9,0.9,0.686818,0.019833
1,-1,2,0.75,0.15,-1,-1,0.95,0.95,0.711319,0.0186
1,-1,2,0.75,0.15,-1,-1,1.0,1.0,0.773789,0.01823
1,-1,2,0.8,0.15,-1,-1,0.05,0.05,0.302695,0.337122
1,-1,2,0.8,0.15,-1,-1,0.1,0.1,0.304505,0.322035
1,-1,2,0.8,0.15,-1,-1,0.15,0.15,0.309029,0.303269
1,-1,2,0.8,0.15,-1,-1,0.2,0.2,0.315513,0.283363
1,-1,2,0.8,0.15,-1,-1,0.25,0.25,0.323958,0.260161
1,-1,2,0.8,0.15,-1,-1,0.3,0.3,0.337983,0.232647
1,-1,2,0.8,0.15,-1,-1,0.35,0.35,0.355928,0.206401
1,-1,2,0.8,0.15,-1,-1,0.4,0.4,0.378096,0.180916
1,-1,2,0.8,0.15,-1,-1,0.45,0.45,0.406297,0.152135
1,-1,2,0.8,0.15,-1,-1,0.5,0.5,0.462094,0.111182
1,-1,2,0.8,0.15,-1,-1,0.55,0.55,0.49889,0.082527
1,-1,2,0.8,0.15,-1,-1,0.6,0.6,0.535535,0.060212
1,-1,2,0.8,0.15,-1,-1,0.65,0.65,0.571728,0.04449
1,-1,2,0.8,0.15,-1,-1,0.7,0.7,0.606865,0.032571
1,-1,2,0.8,0.15,-1,-1,0.75,0.75,0.634311,0.024076
1,-1,2,0.8,0.15,-1,-1,0.8,0.8,0.66236,0.015708
1,-1,2,0.8,0.15,-1,-1,0.85,0.85,0.683775,0.012538
1,-1,2,0.8,0.15,-1,-1,0.9,0.9,0.706998,0.010763
1,-1,2,0.8,0.15,-1,-1,0.95,0.95,0.732786,0.009495
1,-1,2,0.8,0.15,-1,-1,1.0,1.0,0.798536,0.009115
1,-1,2,0.85,0.15,-1,-1,0.05,0.05,0.302703,0.337049
1,-1,2,0.85,0.15,-1,-1,0.1,0.1,0.304612,0.321773
1,-1,2,0.85,0.15,-1,-1,0.15,0.15,0.309384,0.302773
1,-1,2,0.85,0.15,-1,-1,0.2,0.2,0.316224,0.282617
1,-1,2,0.85,0.15,-1,-1,0.25,0.25,0.325132,0.259125
1,-1,2,0.85,0.15,-1,-1,0.3,0.3,0.339925,0.231266
1,-1,2,0.85,0.15,-1,-1,0.35,0.35,0.358854,0.204692
1,-1,2,0.85,0.15,-1,-1,0.4,0.4,0.382238,0.178888
1,-1,2,0.85,0.15,-1,-1,0.45,0.45,0.411984,0.149747
1,-1,2,0.85,0.15,-1,-1,0.5,0.5,0.470839,0.108281
1,-1,2,0.85,0.15,-1,-1,0.55,0.55,0.509652,0.079267
1,-1,2,0.85,0.15,-1,-1,0.6,0.6,0.548306,0.056673
1,-1,2,0.85,0.15,-1,-1,0.65,0.65,0.586483,0.040754
1,-1,2,0.85,0.15,-1,-1,0.7,0.7,0.623546,0.028687
1,-1,2,0.85,0.15,-1,-1,0.75,0.75,0.652496,0.020086
1,-1,2,0.85,0.15,-1,-1,0.8,0.8,0.682083,0.011613
1,-1,2,0.85,0.15,-1,-1,0.85,0.85,0.704671,0.008403
1,-1,2,0.85,0.15,-1,-1,0.9,0.9,0.729168,0.006606
1,-1,2,0.85,0.15,-1,-1,0.95,0.95,0.756369,0.005322
1,-1,2,0.85,0.15,-1,-1,1.0,1.0,0.825723,0.004937
1,-1,2,0.9,0.15,-1,-1,0.05,0.05,0.302713,0.337003
1,-1,2,0.9,0.15,-1,-1,0.1,0.1,0.304743,0.321606
1,-1,2,0.9,0.15,-1,-1,0.15,0.15,0.309817,0.302457
1,-1,2,0.9,0.15,-1,-1,0.2,0.2,0.31709,0.282143
1,-1,2,0.9,0.15,-1,-1,0.25,0.25,0.326561,0.258465
1,-1,2,0.9,0.15,-1,-1,0.3,0.3,0.342291,0.230388
1,-1,2,0.9,0.15,-1,-1,0.35,0.35,0.362418,0.203605
1,-1,2,0.9,0.15,-1,-1,0.4,0.4,0.387282,0.177598
1,-1,2,0.9,0.15,-1,-1,0.45,0.45,0.41891,0.148228
1,-1,2,0.9,0.15,-1,-1,0.5,0.5,0.481491,0.106436
1,-1,2,0.9,0.15,-1,-1,0.55,0.55,0.522761,0.077194
1,-1,2,0.9,0.15,-1,-1,0.6,0.6,0.563861,0.054422
1,-1,2,0.9,0.15,-1,-1,0.65,0.65,0.604454,0.038378
1,-1,2,0.9,0.15,-1,-1,0.7,0.7,0.643863,0.026216
1,-1,2,0.9,0.15,-1,-1,0.75,0.75,0.674645,0.017547
1,-1,2,0.9,0.15,-1,-1,0.8,0.8,0.706105,0.009007
1,-1,2,0.9,0.15,-1,-1,0.85,0.85,0.730123,0.005772
1,-1,2,0.9,0.15,-1,-1,0.9,0.9,0.75617,0.003961
1,-1,2,0.9,0.15,-1,-1,0.95,0.95,0.785092,0.002667
1,-1,2,0.9,0.15,-1,-1,1.0,1.0,0.858836,0.002279
1,-1,2,0.95,0.15,-1,-1,0.05,0.05,0.302726,0.33697
1,-1,2,0.95,0.15,-1,-1,0.1,0.1,0.304904,0.321487
1,-1,2,0.95,0.15,-1,-1,0.15,0.15,0.31035,0.302231
1,-1,2,0.95,0.15,-1,-1,0.2,0.2,0.318156,0.281804
1,-1,2,0.95,0.15,-1,-1,0.25,0.25,0.328322,0.257994
1,-1,2,0.95,0.15,-1,-1,0.3,0.3,0.345205,0.229761
1,-1,2,0.95,0.15,-1,-1,0.35,0.35,0.366808,0.202828
1,-1,2,0.95,0.15,-1,-1,0.4,0.4,0.393494,0.176677
1,-1,2,0.95,0.15,-1,-1,0.45,0.45,0.427441,0.147142
1,-1,2,0.95,0.15,-1,-1,0.5,0.5,0.494609,0.105117
1,-1,2,0.95,0.15,-1,-1,0.55,0.55,0.538904,0.075713
1,-1,2,0.95,0.15,-1,-1,0.6,0.6,0.583018,0.052814
1,-1,2,0.95,0.15,-1,-1,0.65,0.65,0.626586,0.03668
1,-1,2,0.95,0.15,-1,-1,0.7,0.7,0.668884,0.02445
1,-1,2,0.95,0.15,-1,-1,0.75,0.75,0.701924,0.015733
1,-1,2,0.95,0.15,-1,-1,0.8,0.8,0.735689,0.007146
1,-1,2,0.95,0.15,-1,-1,0.85,0.85,0.761468,0.003893
1,-1,2,0.95,0.15,-1,-1,0.9,0.9,0.789424,0.002071
1,-1,2,0.95,0.15,-1,-1,0.95,0.95,0.820467,0.00077
1,-1,2,0.95,0.15,-1,-1,1.0,1.0,0.899617,0.00038
1,-1,2,1.0,0.15,-1,-1,0.05,0.05,0.302756,0.336963
1,-1,2,1.0,0.15,-1,-1,0.1,0.1,0.305301,0.321463
1,-1,2,1.0,0.15,-1,-1,0.15,0.15,0.311663,0.302186
1,-1,2,1.0,0.15,-1,-1,0.2,0.2,0.320781,0.281736
1,-1,2,1.0,0.15,-1,-1,0.25,0.25,0.332656,0.2579
1,-1,2,1.0,0.15,-1,-1,0.3,0.3,0.352377,0.229635
1,-1,2,1.0,0.15,-1,-1,0.35,0.35,0.377612,0.202673
1,-1,2,1.0,0.15,-1,-1,0.4,0.4,0.408785,0.176492
1,-1,2,1.0,0.15,-1,-1,0.45,0.45,0.448439,0.146925
1,-1,2,1.0,0.15,-1,-1,0.5,0.5,0.5269,0.104853
1,-1,2,1.0,0.15,-1,-1,0.55,0.55,0.578642,0.075416
1,-1,2,1.0,0.15,-1,-1,0.6,0.6,0.630173,0.052492
1,-1,2,1.0,0.15,-1,-1,0.65,0.65,0.681066,0.036341
1,-1,2,1.0,0.15,-1,-1,0.7,0.7,0.730475,0.024097
1,-1,2,1.0,0.15,-1,-1,0.75,0.75,0.76907,0.01537
1,-1,2,1.0,0.15,-1,-1,0.8,0.8,0.808512,0.006773
1,-1,2,1.0,0.15,-1,-1,0.85,0.85,0.838625,0.003517
1,-1,2,1.0,0.15,-1,-1,0.9,0.9,0.871281,0.001693
1,-1,2,1.0,0.15,-1,-1,0.95,0.95,0.907543,0.000391
1,-1,2,1.0,0.15,-1,-1,1.0,1.0,1.0,0.0
1,-1,2,0.2,0.2,-1,-1,0.05,0.05,0.359707,0.263578
1,-1,2,0.2,0.2,-1,-1,0.1,0.1,0.359707,0.263578
1,-1,2,0.2,0.2,-1,-1,0.15,0.15,0.359707,0.263578
1,-1,2,0.2,0.2,-1,-1,0.2,0.2,0.359707,0.263578
1,-1,2,0.2,0.2,-1,-1,0.25,0.25,0.359707,0.263578
1,-1,2,0.2,0.2,-1,-1,0.3,0.3,0.359707,0.263578
1,-1,2,0.2,0.2,-1,-1,0.35,0.35,0.359707,0.263578
1,-1,2,0.2,0.2,-1,-1,0.4,0.4,0.359707,0.263578
1,-1,2,0.2,0.2,-1,-1,0.45,0.45,0.359707,0.263578
1,-1,2,0.2,0.2,-1,-1,0.5,0.5,0.359707,0.263578
1,-1,2,0.2,0.2,-1,-1,0.55,0.55,0.359707,0.263578
1,-1,2,0.2,0.2,-1,-1,0.6,0.6,0.359707,0.263578
1,-1,2,0.2,0.2,-1,-1,0.65,0.65,0.359707,0.263578
1,-1,2,0.2,0.2,-1,-1,0.7,0.7,0.359707,0.263578
1,-1,2,0.2,0.2,-1,-1,0.75,0.75,0.359707,0.263578
1,-1,2,0.2,0.2,-1,-1,0.8,0.8,0.359707,0.263578
1,-1,2,0.2,0.2,-1,-1,0.85,0.85,0.359707,0.263578
1,-1,2,0.2,0.2,-1,-1,0.9,0.9,0.359707,0.263578
1,-1,2,0.2,0.2,-1,-1,0.95,0.95,0.359707,0.263578
1,-1,2,0.2,0.2,-1,-1,1.0,1.0,0.359707,0.263578
1,-1,2,0.25,0.2,-1,-1,0.05,0.05,0.359726,0.262516
1,-1,2,0.25,0.2,-1,-1,0.1,0.1,0.359951,0.25977
1,-1,2,0.25,0.2,-1,-1,0.15,0.15,0.360514,0.256354
1,-1,2,0.25,0.2,-1,-1,0.2,0.2,0.36132,0.252731
1,-1,2,0.25,0.2,-1,-1,0.25,0.25,0.362371,0.248507
1,-1,2,0.25,0.2,-1,-1,0.3,0.3,0.364115,0.243499
1,-1,2,0.25,0.2,-1,-1,0.35,0.35,0.366347,0.238722
1,-1,2,0.25,0.2,-1,-1,0.4,0.4,0.369105,0.234083
1,-1,2,0.25,0.2,-1,-1,0.45,0.45,0.372612,0.228844
1,-1,2,0.25,0.2,-1,-1,0.5,0.5,0.379553,0.221389
1,-1,2,0.25,0.2,-1,-1,0.55,0.55,0.384129,0.216173
1,-1,2,0.25,0.2,-1,-1,0.6,0.6,0.388688,0.212111
1,-1,2,0.25,0.2,-1,-1,0.65,0.65,0.393189,0.209249
1,-1,2,0.25,0.2,-1,-1,0.7,0.7,0.39756,0.20708
1,-1,2,0.25,0.2,-1,-1,0.75,0.75,0.400974,0.205533
1,-1,2,0.25,0.2,-1,-1,0.8,0.8,0.404463,0.20401
1,-1,2,0.25,0.2,-1,-1,0.85,0.85,0.407126,0.203433
1,-1,2,0.25,0.2,-1,-1,0.9,0.9,0.410015,0.20311
1,-1,2,0.25,0.2,-1,-1,0.95,0.95,0.413223,0.202879
1,-1,2,0.25,0.2,-1,-1,1.0,1.0,0.421401,0.20281
1,-1,2,0.3,0.2,-1,-1,0.05,0.05,0.359741,0.261906
1,-1,2,0.3,0.2,-1,-1,0.1,0.1,0.360144,0.25758
1,-1,2,0.3,0.2,-1,-1,0.15,0.15,0.361152,0.2522
1,-1,2,0.3,0.2,-1,-1,0.2,0.2,0.362596,0.246494
1,-1,2,0.3,0.2,-1,-1,0.25,0.25,0.364477,0.239842
1,-1,2,0.3,0.2,-1,-1,0.3,0.3,0.367602,0.231954
1,-1,2,0.3,0.2,-1,-1,0.35,0.35,0.371599,0.224429
1,-1,2,0.3,0.2,-1,-1,0.4,0.4,0.376538,0.217123
1,-1,2,0.3,0.2,-1,-1,0.45,0.45,0.38282,0.208872
1,-1,2,0.3,0.2,-1,-1,0.5,0.5,0.39525,0.197131
1,-1,2,0.3,0.2,-1,-1,0.55,0.55,0.403447,0.188916
1,-1,2,0.3,0.2,-1,-1,0.6,0.6,0.41161,0.182518
1,-1,2,0.3,0.2,-1,-1,0.65,0.65,0.419673,0.178011
1,-1,2,0.3,0.2,-1,-1,0.7,0.7,0.4275,0.174594
1,-1,2,0.3,0.2,-1,-1,0.75,0.75,0.433615,0.172158
1,-1,2,0.3,0.2,-1,-1,0.8,0.8,0.439863,0.169759
1,-1,2,0.3,0.2,-1,-1,0.85,0.85,0.444634,0.16885
1,-1,2,0.3,0.2,-1,-1,0.9,0.9,0.449807,0.168342
1,-1,2,0.3,0.2,-1,-1,0.95,0.95,0.455552,0.167978
1,-1,2,0.3,0.2,-1,-1,1.0,1.0,0.470199,0.167869
1,-1,2,0.35,0.2,-1,-1,0.05,0.05,0.359752,0.261276
1,-1,2,0.35,0.2,-1,-1,0.1,0.1,0.360294,0.255319
1,-1,2,0.35,0.2,-1,-1,0.15,0.15,0.361648,0.247911
1,-1,2,0.35,0.2,-1,-1,0.2,0.2,0.36359,0.240053
1,-1,2,0.35,0.2,-1,-1,0.25,0.25,0.366118,0.230894
1,-1,2,0.35,0.2,-1,-1,0.3,0.3,0.370316,0.220032
1,-1,2,0.35,0.2,-1,-1,0.35,0.35,0.375688,0.209671
1,-1,2,0.35,0.2,-1,-1,0.4,0.4,0.382325,0.199611
1,-1,2,0.35,0.2,-1,-1,0.45,0.45,0.390767,0.188249
1,-1,2,0.35,0.2,-1,-1,0.5,0.5,0.407471,0.172082
1,-1,2,0.35,0.2,-1,-1,0.55,0.55,0.418487,0.16077
1,-1,2,0.35,0.2,-1,-1,0.6,0.6,0.429457,0.15196
1,-1,2,0.35,0.2,-1,-1,0.65,0.65,0.440292,0.145754
1,-1,2,0.35,0.2,-1,-1,0.7,0.7,0.450811,0.141049
1,-1,2,0.35,0.2,-1,-1,0.75,0.75,0.459027,0.137695
1,-1,2,0.35,0.2,-1,-1,0.8,0.8,0.467424,0.134392
1,-1,2,0.35,0.2,-1,-1,0.85,0.85,0.473835,0.13314
1,-1,2,0.35,0.2,-1,-1,0.9,0.9,0.480788,0.13244
1,-1,2,0.35,0.2,-1,-1,0.95,0.95,0.488508,0.131939
1,-1,2,0.35,0.2,-1,-1,1.0,1.0,0.508191,0.131789
1,-1,2,0.4,0.2,-1,-1,0.05,0.05,0.359765,0.260831
1,-1,2,0.4,0.2,-1,-1,0.1,0.1,0.360465,0.253725
1,-1,2,0.4,0.2,-1,-1,0.15,0.15,0.362213,0.244887
1,-1,2,0.4,0.2,-1,-1,0.2,0.2,0.36472,0.235511
1,-1,2,0.4,0.2,-1,-1,0.25,0.25,0.367984,0.224583
1,-1,2,0.4,0.2,-1,-1,0.3,0.3,0.373404,0.211624
1,-1,2,0.4,0.2,-1,-1,0.35,0.35,0.38034,0.199263
1,-1,2,0.4,0.2,-1,-1,0.4,0.4,0.388909,0.18726
1,-1,2,0.4,0.2,-1,-1,0.45,0.45,0.399808,0.173704
1,-1,2,0.4,0.2,-1,-1,0.5,0.5,0.421374,0.154415
1,-1,2,0.4,0.2,-1,-1,0.55,0.55,0.435596,0.140919
1,-1,2,0.4,0.2,-1,-1,0.6,0.6,0.44976,0.130409
1,-1,2,0.4,0.2,-1,-1,0.65,0.65,0.463749,0.123004
1,-1,2,0.4,0.2,-1,-1,0.7,0.7,0.47733,0.117391
1,-1,2,0.4,0.2,-1,-1,0.75,0.75,0.487938,0.11339
1,-1,2,0.4,0.2,-1,-1,0.8,0.8,0.498779,0.109448
1,-1,2,0.4,0.2,-1,-1,0.85,0.85,0.507056,0.107955
1,-1,2,0.4,0.2,-1,-1,0.9,0.9,0.516032,0.107119
1,-1,2,0.4,0.2,-1,-1,0.95,0.95,0.525999,0.106522
1,-1,2,0.4,0.2,-1,-1,1.0,1.0,0.551412,0.106343
1,-1,2,0.45,0.2,-1,-1,0.05,0.05,0.359776,0.260413
1,-1,2,0.45,0.2,-1,-1,0.1,0.1,0.360598,0.252225
1,-1,2,0.45,0.2,-1,-1,0.15,0.15,0.362655,0.242042
1,-1,2,0.45,0.2,-1,-1,0.2,0.2,0.365604,0.23124
1,-1,2,0.45,0.2,-1,-1,0.25,0.25,0.369443,0.218648
1,-1,2,0.45,0.2,-1,-1,0.3,0.3,0.37582,0.203718
1,-1,2,0.45,0.2,-1,-1,0.35,0.35,0.383979,0.189475
1,-1,2,0.45,0.2,-1,-1,0.4,0.4,0.394059,0.175645
1,-1,2,0.45,0.2,-1,-1,0.45,0.45,0.40688,0.160027
1,-1,2,0.45,0.2,-1,-1,0.5,0.5,0.43225,0.137803
1,-1,2,0.45,0.2,-1,-1,0.55,0.55,0.44898,0.122253
1,-1,2,0.45,0.2,-1,-1,0.6,0.6,0.465642,0.110143
1,-1,2,0.45,0.2,-1,-1,0.65,0.65,0.482098,0.101612
1,-1,2,0.45,0.2,-1,-1,0.7,0.7,0.498073,0.095144
1,-1,2,0.45,0.2,-1,-1,0.75,0.75,0.510552,0.090534
1,-1,2,0.45,0.2,-1,-1,0.8,0.8,0.523306,0.085993
1,-1,2,0.45,0.2,-1,-1,0.85,0.85,0.533042,0.084273
1,-1,2,0.45,0.2,-1,-1,0.9,0.9,0.543601,0.083309
1,-1,2,0.45,0.2,-1,-1,0.95,0.95,0.555326,0.082621
1,-1,2,0.45,0.2,-1,-1,1.0,1.0,0.585221,0.082415
1,-1,2,0.5,0.2,-1,-1,0.05,0.05,0.359787,0.260154
1,-1,2,0.5,0.2,-1,-1,0.1,0.1,0.360746,0.251297
1,-1,2,0.5,0.2,-1,-1,0.15,0.15,0.363143,0.240281
1,-1,2,0.5,0.2,-1,-1,0.2,0.2,0.366579,0.228596
1,-1,2,0.5,0.2,-1,-1,0.25,0.25,0.371054,0.214975
1,-1,2,0.5,0.2,-1,-1,0.3,0.3,0.378485,0.198824
1,-1,2,0.5,0.2,-1,-1,0.35,0.35,0.387994,0.183417
1,-1,2,0.5,0.2,-1,-1,0.4,0.4,0.39974,0.168456
1,-1,2,0.5,0.2,-1,-1,0.45,0.45,0.414682,0.15156
1,-1,2,0.5,0.2,-1,-1,0.5,0.5,0.444247,0.127519
1,-1,2,0.5,0.2,-1,-1,0.55,0.55,0.463744,0.110698
1,-1,2,0.5,0.2,-1,-1,0.6,0.6,0.483161,0.097598
1,-1,2,0.5,0.2,-1,-1,0.65,0.65,0.502339,0.088369
1,-1,2,0.5,0.2,-1,-1,0.7,0.7,0.520957,0.081373
1,-1,2,0.5,0.2,-1,-1,0.75,0.75,0.5355,0.076386
1,-1,2,0.5,0.2,-1,-1,0.8,0.8,0.550362,0.071473
1,-1,2,0.5,0.2,-1,-1,0.85,0.85,0.561709,0.069613
1,-1,2,0.5,0.2,-1,-1,0.9,0.9,0.574014,0.068571
1,-1,2,0.5,0.2,-1,-1,0.95,0.95,0.587678,0.067826
1,-1,2,0.5,0.2,-1,-1,1.0,1.0,0.622517,0.067603
1,-1,2,0.55,0.2,-1,-1,0.05,0.05,0.359797,0.259889
1,-1,2,0.55,0.2,-1,-1,0.1,0.1,0.360873,0.250345
1,-1,2,0.55,0.2,-1,-1,0.15,0.15,0.363562,0.238475
1,-1,2,0.55,0.2,-1,-1,0.2,0.2,0.367417,0.225884
1,-1,2,0.55,0.2,-1,-1,0.25,0.25,0.372438,0.211208
1,-1,2,0.55,0.2,-1,-1,0.3,0.3,0.380776,0.193804
1,-1,2,0.55,0.2,-1,-1,0.35,0.35,0.391445,0.177203
1,-1,2,0.55,0.2,-1,-1,0.4,0.4,0.404624,0.161083
1,-1,2,0.55,0.2,-1,-1,0.45,0.45,0.42139,0.142877
1,-1,2,0.55,0.2,-1,-1,0.5,0.5,0.454562,0.116973
1,-1,2,0.55,0.2,-1,-1,0.55,0.55,0.476438,0.098848
1,-1,2,0.55,0.2,-1,-1,0.6,0.6,0.498224,0.084732
1,-1,2,0.55,0.2,-1,-1,0.65,0.65,0.519742,0.074788
1,-1,2,0.55,0.2,-1,-1,0.7,0.7,0.540631,0.067249
1,-1,2,0.55,0.2,-1,-1,0.75,0.75,0.556948,0.061876
1,-1,2,0.55,0.2,-1,-1,0.8,0.8,0.573624,0.056582
1,-1,2,0.55,0.2,-1,-1,0.85,0.85,0.586355,0.054577
1,-1,2,0.55,0.2,-1,-1,0.9,0.9,0.600162,0.053455
1,-1,2,0.55,0.2,-1,-1,0.95,0.95,0.615493,0.052653
1,-1,2,0.55,0.2,-1,-1,1.0,1.0,0.654583,0.052412
1,-1,2,0.6,0.2,-1,-1,0.05,0.05,0.359806,0.25969
1,-1,2,0.6,0.2,-1,-1,0.1,0.1,0.361001,0.249631
1,-1,2,0.6,0.2,-1,-1,0.15,0.15,0.363986,0.237121
1,-1,2,0.6,0.2,-1,-1,0.2,0.2,0.368265,0.22385
1,-1,2,0.6,0.2,-1,-1,0.25,0.25,0.373838,0.208382
1,-1,2,0.6,0.2,-1,-1,0.3,0.3,0.383092,0.190039
1,-1,2,0.6,0.2,-1,-1,0.35,0.35,0.394934,0.172542
1,-1,2,0.6,0.2,-1,-1,0.4,0.4,0.409562,0.155552
1,-1,2,0.6,0.2,-1,-1,0.45,0.45,0.428171,0.136365
1,-1,2,0.6,0.2,-1,-1,0.5,0.5,0.46499,0.109062
1,-1,2,0.6,0.2,-1,-1,0.55,0.55,0.48927,0.089959
1,-1,2,0.6,0.2,-1,-1,0.6,0.6,0.513452,0.075082
1,-1,2,0.6,0.2,-1,-1,0.65,0.65,0.537334,0.064601
1,-1,2,0.6,0.2,-1,-1,0.7,0.7,0.56052,0.056656
1,-1,2,0.6,0.2,-1,-1,0.75,0.75,0.578631,0.050992
1,-1,2,0.6,0.2,-1,-1,0.8,0.8,0.59714,0.045413
1,-1,2,0.6,0.2,-1,-1,0.85,0.85,0.611271,0.0433
1,-1,2,0.6,0.2,-1,-1,0.9,0.9,0.626596,0.042117
1,-1,2,0.6,0.2,-1,-1,0.95,0.95,0.643612,0.041271
1,-1,2,0.6,0.2,-1,-1,1.0,1.0,0.686999,0.041018
1,-1,2,0.65,0.2,-1,-1,0.05,0.05,0.359816,0.25955
1,-1,2,0.65,0.2,-1,-1,0.1,0.1,0.361129,0.249131
1,-1,2,0.65,0.2,-1,-1,0.15,0.15,0.36441,0.236173
1,-1,2,0.65,0.2,-1,-1,0.2,0.2,0.369113,0.222426
1,-1,2,0.65,0.2,-1,-1,0.25,0.25,0.375237,0.206404
1,-1,2,0.65,0.2,-1,-1,0.3,0.3,0.385408,0.187404
1,-1,2,0.65,0.2,-1,-1,0.35,0.35,0.398423,0.16928
1,-1,2,0.65,0.2,-1,-1,0.4,0.4,0.4145,0.151681
1,-1,2,0.65,0.2,-1,-1,0.45,0.45,0.434951,0.131806
1,-1,2,0.65,0.2,-1,-1,0.5,0.5,0.475417,0.103525
1,-1,2,0.65,0.2,-1,-1,0.55,0.55,0.502102,0.083737
1,-1,2,0.65,0.2,-1,-1,0.6,0.6,0.528679,0.068327
1,-1,2,0.65,0.2,-1,-1,0.65,0.65,0.554926,0.05747
1,-1,2,0.65,0.2,-1,-1,0.7,0.7,0.580409,0.04924
1,-1,2,0.65,0.2,-1,-1,0.75,0.75,0.600314,0.043374
1,-1,2,0.65,0.2,-1,-1,0.8,0.8,0.620656,0.037595
1,-1,2,0.65,0.2,-1,-1,0.85,0.85,0.636186,0.035406
1,-1,2,0.65,0.2,-1,-1,0.9,0.9,0.653028,0.03418
1,-1,2,0.65,0.2,-1,-1,0.95,0.95,0.67173,0.033305
1,-1,2,0.65,0.2,-1,-1,1.0,1.0,0.719414,0.033042
1,-1,2,0.7,0.2,-1,-1,0.05,0.05,0.359824,0.259391
1,-1,2,0.7,0.2,-1,-1,0.1,0.1,0.361223,0.24856
1,-1,2,0.7,0.2,-1,-1,0.15,0.15,0.36472,0.235089
1,-1,2,0.7,0.2,-1,-1,0.2,0.2,0.369732,0.220799
1,-1,2,0.7,0.2,-1,-1,0.25,0.25,0.37626,0.204143
1,-1,2,0.7,0.2,-1,-1,0.3,0.3,0.387102,0.184392
1,-1,2,0.7,0.2,-1,-1,0.35,0.35,0.400974,0.165551
1,-1,2,0.7,0.2,-1,-1,0.4,0.4,0.41811,0.147257
1,-1,2,0.7,0.2,-1,-1,0.45,0.45,0.439909,0.126596
1,-1,2,0.7,0.2,-1,-1,0.5,0.5,0.483041,0.097197
1,-1,2,0.7,0.2,-1,-1,0.55,0.55,0.511485,0.076626
1,-1,2,0.7,0.2,-1,-1,0.6,0.6,0.539813,0.060607
1,-1,2,0.7,0.2,-1,-1,0.65,0.65,0.56779,0.049321
1,-1,2,0.7,0.2,-1,-1,0.7,0.7,0.594951,0.040765
1,-1,2,0.7,0.2,-1,-1,0.75,0.75,0.616168,0.034667
1,-1,2,0.7,0.2,-1,-1,0.8,0.8,0.63785,0.02866
1,-1,2,0.7,0.2,-1,-1,0.85,0.85,0.654404,0.026384
1,-1,2,0.7,0.2,-1,-1,0.9,0.9,0.672356,0.02511
1,-1,2,0.7,0.2,-1,-1,0.95,0.95,0.69229,0.0242
1,-1,2,0.7,0.2,-1,-1,1.0,1.0,0.743116,0.023927
1,-1,2,0.75,0.2,-1,-1,0.05,0.05,0.359833,0.259292
1,-1,2,0.75,0.2,-1,-1,0.1,0.1,0.361344,0.248203
1,-1,2,0.75,0.2,-1,-1,0.15,0.15,0.365121,0.234412
1,-1,2,0.75,0.2,-1,-1,0.2,0.2,0.370534,0.219782
1,-1,2,0.75,0.2,-1,-1,0.25,0.25,0.377585,0.20273
1,-1,2,0.75,0.2,-1,-1,0.3,0.3,0.389293,0.18251
1,-1,2,0.75,0.2,-1,-1,0.35,0.35,0.404275,0.163221
1,-1,2,0.75,0.2,-1,-1,0.4,0.4,0.422782,0.144491
1,-1,2,0.75,0.2,-1,-1,0.45,0.45,0.446326,0.123339
1,-1,2,0.75,0.2,-1,-1,0.5,0.5,0.492908,0.093241
1,-1,2,0.75,0.2,-1,-1,0.55,0.55,0.523628,0.072182
1,-1,2,0.75,0.2,-1,-1,0.6,0.6,0.554221,0.055782
1,-1,2,0.75,0.2,-1,-1,0.65,0.65,0.584437,0.044228
1,-1,2,0.75,0.2,-1,-1,0.7,0.7,0.613771,0.035469
1,-1,2,0.75,0.2,-1,-1,0.75,0.75,0.636685,0.029226
1,-1,2,0.75,0.2,-1,-1,0.8,0.8,0.660102,0.023075
1,-1,2,0.75,0.2,-1,-1,0.85,0.85,0.67798,0.020746
1,-1,2,0.75,0.2,-1,-1,0.9,0.9,0.697368,0.019441
1,-1,2,0.75,0.2,-1,-1,0.95,0.95,0.718897,0.018509
1,-1,2,0.75,0.2,-1,-1,1.0,1.0,0.773789,0.01823
1,-1,2,0.8,0.2,-1,-1,0.05,0.05,0.35984,0.259132
1,-1,2,0.8,0.2,-1,-1,0.1,0.1,0.361442,0.247632
1,-1,2,0.8,0.2,-1,-1,0.15,0.15,0.365444,0.233328
1,-1,2,0.8,0.2,-1,-1,0.2,0.2,0.371182,0.218155
1,-1,2,0.8,0.2,-1,-1,0.25,0.25,0.378653,0.20047
1,-1,2,0.8,0.2,-1,-1,0.3,0.3,0.391061,0.179498
1,-1,2,0.8,0.2,-1,-1,0.35,0.35,0.406939,0.159493
1,-1,2,0.8,0.2,-1,-1,0.4,0.4,0.426552,0.140067
1,-1,2,0.8,0.2,-1,-1,0.45,0.45,0.451502,0.118129
1,-1,2,0.8,0.2,-1,-1,0.5,0.5,0.500869,0.086913
1,-1,2,0.8,0.2,-1,-1,0.55,0.55,0.533424,0.065072
1,-1,2,0.8,0.2,-1,-1,0.6,0.6,0.565846,0.048062
1,-1,2,0.8,0.2,-1,-1,0.65,0.65,0.597867,0.036079
1,-1,2,0.8,0.2,-1,-1,0.7,0.7,0.628955,0.026994
1,-1,2,0.8,0.2,-1,-1,0.75,0.75,0.653238,0.020519
1,-1,2,0.8,0.2,-1,-1,0.8,0.8,0.678055,0.01414
1,-1,2,0.8,0.2,-1,-1,0.85,0.85,0.697001,0.011724
1,-1,2,0.8,0.2,-1,-1,0.9,0.9,0.717548,0.010371
1,-1,2,0.8,0.2,-1,-1,0.95,0.95,0.740364,0.009405
1,-1,2,0.8,0.2,-1,-1,1.0,1.0,0.798536,0.009115
1,-1,2,0.85,0.2,-1,-1,0.05,0.05,0.359849,0.259059
1,-1,2,0.85,0.2,-1,-1,0.1,0.1,0.361549,0.24737
1,-1,2,0.85,0.2,-1,-1,0.15,0.15,0.3658,0.232832
1,-1,2,0.85,0.2,-1,-1,0.2,0.2,0.371892,0.21741
1,-1,2,0.85,0.2,-1,-1,0.25,0.25,0.379827,0.199433
1,-1,2,0.85,0.2,-1,-1,0.3,0.3,0.393004,0.178117
1,-1,2,0.85,0.2,-1,-1,0.35,0.35,0.409865,0.157784
1,-1,2,0.85,0.2,-1,-1,0.4,0.4,0.430693,0.138039
1,-1,2,0.85,0.2,-1,-1,0.45,0.45,0.457189,0.115741
1,-1,2,0.85,0.2,-1,-1,0.5,0.5,0.509614,0.084013
1,-1,2,0.85,0.2,-1,-1,0.55,0.55,0.544186,0.061812
1,-1,2,0.85,0.2,-1,-1,0.6,0.6,0.578617,0.044524
1,-1,2,0.85,0.2,-1,-1,0.65,0.65,0.612622,0.032343
1,-1,2,0.85,0.2,-1,-1,0.7,0.7,0.645636,0.02311
1,-1,2,0.85,0.2,-1,-1,0.75,0.75,0.671423,0.016528
1,-1,2,0.85,0.2,-1,-1,0.8,0.8,0.697777,0.010045
1,-1,2,0.85,0.2,-1,-1,0.85,0.85,0.717898,0.007589
1,-1,2,0.85,0.2,-1,-1,0.9,0.9,0.739717,0.006214
1,-1,2,0.85,0.2,-1,-1,0.95,0.95,0.763947,0.005232
1,-1,2,0.85,0.2,-1,-1,1.0,1.0,0.825723,0.004937
1,-1,2,0.9,0.2,-1,-1,0.05,0.05,0.359859,0.259013
1,-1,2,0.9,0.2,-1,-1,0.1,0.1,0.36168,0.247203
1,-1,2,0.9,0.2,-1,-1,0.15,0.15,0.366233,0.232516
1,-1,2,0.9,0.2,-1,-1,0.2,0.2,0.372758,0.216935
1,-1,2,0.9,0.2,-1,-1,0.25,0.25,0.381256,0.198774
1,-1,2,0.9,0.2,-1,-1,0.3,0.3,0.39537,0.177239
1,-1,2,0.9,0.2,-1,-1,0.35,0.35,0.413429,0.156697
1,-1,2,0.9,0.2,-1,-1,0.4,0.4,0.435737,0.136749
1,-1,2,0.9,0.2,-1,-1,0.45,0.45,0.464116,0.114222
1,-1,2,0.9,0.2,-1,-1,0.5,0.5,0.520266,0.082167
1,-1,2,0.9,0.2,-1,-1,0.55,0.55,0.557295,0.059739
1,-1,2,0.9,0.2,-1,-1,0.6,0.6,0.594172,0.042273
1,-1,2,0.9,0.2,-1,-1,0.65,0.65,0.630593,0.029967
1,-1,2,0.9,0.2,-1,-1,0.7,0.7,0.665953,0.020638
1,-1,2,0.9,0.2,-1,-1,0.75,0.75,0.693572,0.013989
1,-1,2,0.9,0.2,-1,-1,0.8,0.8,0.721799,0.007439
1,-1,2,0.9,0.2,-1,-1,0.85,0.85,0.743349,0.004958
1,-1,2,0.9,0.2,-1,-1,0.9,0.9,0.766719,0.003569
1,-1,2,0.9,0.2,-1,-1,0.95,0.95,0.79267,0.002577
1,-1,2,0.9,0.2,-1,-1,1.0,1.0,0.858836,0.002279
1,-1,2,0.95,0.2,-1,-1,0.05,0.05,0.359871,0.25898
1,-1,2,0.95,0.2,-1,-1,0.1,0.1,0.361841,0.247084
1,-1,2,0.95,0.2,-1,-1,0.15,0.15,0.366766,0.23229
1,-1,2,0.95,0.2,-1,-1,0.2,0.2,0.373825,0.216596
1,-1,2,0.95,0.2,-1,-1,0.25,0.25,0.383017,0.198303
1,-1,2,0.95,0.2,-1,-1,0.3,0.3,0.398284,0.176612
1,-1,2,0.95,0.2,-1,-1,0.35,0.35,0.417818,0.15592
1,-1,2,0.95,0.2,-1,-1,0.4,0.4,0.441949,0.135827
1,-1,2,0.95,0.2,-1,-1,0.45,0.45,0.472646,0.113136
1,-1,2,0.95,0.2,-1,-1,0.5,0.5,0.533384,0.080849
1,-1,2,0.95,0.2,-1,-1,0.55,0.55,0.573438,0.058258
1,-1,2,0.95,0.2,-1,-1,0.6,0.6,0.613329,0.040664
1,-1,2,0.95,0.2,-1,-1,0.65,0.65,0.652726,0.028269
1,-1,2,0.95,0.2,-1,-1,0.7,0.7,0.690974,0.018873
1,-1,2,0.95,0.2,-1,-1,0.75,0.75,0.720851,0.012175
1,-1,2,0.95,0.2,-1,-1,0.8,0.8,0.751384,0.005578
1,-1,2,0.95,0.2,-1,-1,0.85,0.85,0.774694,0.003079
1,-1,2,0.95,0.2,-1,-1,0.9,0.9,0.799974,0.001679
1,-1,2,0.95,0.2,-1,-1,0.95,0.95,0.828045,0.00068
1,-1,2,0.95,0.2,-1,-1,1.0,1.0,0.899617,0.00038
1,-1,2,1.0,0.2,-1,-1,0.05,0.05,0.359902,0.258973
1,-1,2,1.0,0.2,-1,-1,0.1,0.1,0.362238,0.247061
1,-1,2,1.0,0.2,-1,-1,0.15,0.15,0.368078,0.232245
1,-1,2,1.0,0.2,-1,-1,0.2,0.2,0.376449,0.216528
1,-1,2,1.0,0.2,-1,-1,0.25,0.25,0.387351,0.198209
1,-1,2,1.0,0.2,-1,-1,0.3,0.3,0.405456,0.176486
1,-1,2,1.0,0.2,-1,-1,0.35,0.35,0.428622,0.155764
1,-1,2,1.0,0.2,-1,-1,0.4,0.4,0.45724,0.135643
1,-1,2,1.0,0.2,-1,-1,0.45,0.45,0.493645,0.112919
1,-1,2,1.0,0.2,-1,-1,0.5,0.5,0.565675,0.080585
1,-1,2,1.0,0.2,-1,-1,0.55,0.55,0.613177,0.057961
1,-1,2,1.0,0.2,-1,-1,0.6,0.6,0.660483,0.040342
1,-1,2,1.0,0.2,-1,-1,0.65,0.65,0.707206,0.02793
1,-1,2,1.0,0.2,-1,-1,0.7,0.7,0.752565,0.01852
1,-1,2,1.0,0.2,-1,-1,0.75,0.75,0.787996,0.011813
1,-1,2,1.0,0.2,-1,-1,0.8,0.8,0.824206,0.005205
1,-1,2,1.0,0.2,-1,-1,0.85,0.85,0.851851,0.002703
1,-1,2,1.0,0.2,-1,-1,0.9,0.9,0.881831,0.001301
1,-1,2,1.0,0.2,-1,-1,0.95,0.95,0.915121,0.0003
1,-1,2,1.0,0.2,-1,-1,1.0,1.0,1.0,0.0
1,-1,2,0.25,0.25,-1,-1,0.05,0.05,0.421401,0.20281
1,-1,2,0.25,0.25,-1,-1,0.1,0.1,0.421401,0.20281
1,-1,2,0.25,0.25,-1,-1,0.15,0.15,0.421401,0.20281
1,-1,2,0.25,0.25,-1,-1,0.2,0.2,0.421401,0.20281
1,-1,2,0.25,0.25,-1,-1,0.25,0.25,0.421401,0.20281
1,-1,2,0.25,0.25,-1,-1,0.3,0.3,0.421401,0.20281
1,-1,2,0.25,0.25,-1,-1,0.35,0.35,0.421401,0.20281
1,-1,2,0.25,0.25,-1,-1,0.4,0.4,0.421401,0.20281
1,-1,2,0.25,0.25,-1,-1,0.45,0.45,0.421401,0.20281
1,-1,2,0.25,0.25,-1,-1,0.5,0.5,0.421401,0.20281
1,-1,2,0.25,0.25,-1,-1,0.55,0.55,0.421401,0.20281
1,-1,2,0.25,0.25,-1,-1,0.6,0.6,0.421401,0.20281
1,-1,2,0.25,0.25,-1,-1,0.65,0.65,0.421401,0.20281
1,-1,2,0.25,0.25,-1,-1,0.7,0.7,0.421401,0.20281
1,-1,2,0.25,0.25,-1,-1,0.75,0.75,0.421401,0.20281
1,-1,2,0.25,0.25,-1,-1,0.8,0.8,0.421401,0.20281
1,-1,2,0.25,0.25,-1,-1,0.85,0.85,0.421401,0.20281
1,-1,2,0.25,0.25,-1,-1,0.9,0.9,0.421401,0.20281
1,-1,2,0.25,0.25,-1,-1,0.95,0.95,0.421401,0.20281
1,-1,2,0.25,0.25,-1,-1,1.0,1.0,0.421401,0.20281
1,-1,2,0.3,0.25,-1,-1,0.05,0.05,0.421416,0.2022
1,-1,2,0.3,0.25,-1,-1,0.1,0.1,0.421594,0.20062
1,-1,2,0.3,0.25,-1,-1,0.15,0.15,0.422039,0.198656
1,-1,2,0.3,0.25,-1,-1,0.2,0.2,0.422677,0.196573
1,-1,2,0.3,0.25,-1,-1,0.25,0.25,0.423508,0.194144
1,-1,2,0.3,0.25,-1,-1,0.3,0.3,0.424888,0.191265
1,-1,2,0.3,0.25,-1,-1,0.35,0.35,0.426653,0.188518
1,-1,2,0.3,0.25,-1,-1,0.4,0.4,0.428834,0.18585
1,-1,2,0.3,0.25,-1,-1,0.45,0.45,0.431609,0.182838
1,-1,2,0.3,0.25,-1,-1,0.5,0.5,0.437098,0.178552
1,-1,2,0.3,0.25,-1,-1,0.55,0.55,0.440718,0.175553
1,-1,2,0.3,0.25,-1,-1,0.6,0.6,0.444324,0.173217
1,-1,2,0.3,0.25,-1,-1,0.65,0.65,0.447885,0.171571
1,-1,2,0.3,0.25,-1,-1,0.7,0.7,0.451342,0.170324
1,-1,2,0.3,0.25,-1,-1,0.75,0.75,0.454042,0.169435
1,-1,2,0.3,0.25,-1,-1,0.8,0.8,0.456801,0.168559
1,-1,2,0.3,0.25,-1,-1,0.85,0.85,0.458908,0.168227
1,-1,2,0.3,0.25,-1,-1,0.9,0.9,0.461193,0.168042
1,-1,2,0.3,0.25,-1,-1,0.95,0.95,0.46373,0.167909
1,-1,2,0.3,0.25,-1,-1,1.0,1.0,0.470199,0.167869
1,-1,2,0.35,0.25,-1,-1,0.05,0.05,0.421427,0.201569
1,-1,2,0.35,0.25,-1,-1,0.1,0.1,0.421744,0.198359
1,-1,2,0.35,0.25,-1,-1,0.15,0.15,0.422536,0.194367
1,-1,2,0.35,0.25,-1,-1,0.2,0.2,0.42367,0.190132
1,-1,2,0.35,0.25,-1,-1,0.25,0.25,0.425148,0.185196
1,-1,2,0.35,0.25,-1,-1,0.3,0.3,0.427602,0.179343
1,-1,2,0.35,0.25,-1,-1,0.35,0.35,0.430742,0.17376
1,-1,2,0.35,0.25,-1,-1,0.4,0.4,0.434621,0.168338
1,-1,2,0.35,0.25,-1,-1,0.45,0.45,0.439556,0.162215
1,-1,2,0.35,0.25,-1,-1,0.5,0.5,0.449319,0.153503
1,-1,2,0.35,0.25,-1,-1,0.55,0.55,0.455758,0.147407
1,-1,2,0.35,0.25,-1,-1,0.6,0.6,0.46217,0.142659
1,-1,2,0.35,0.25,-1,-1,0.65,0.65,0.468503,0.139315
1,-1,2,0.35,0.25,-1,-1,0.7,0.7,0.474652,0.136779
1,-1,2,0.35,0.25,-1,-1,0.75,0.75,0.479454,0.134972
1,-1,2,0.35,0.25,-1,-1,0.8,0.8,0.484363,0.133192
1,-1,2,0.35,0.25,-1,-1,0.85,0.85,0.48811,0.132517
1,-1,2,0.35,0.25,-1,-1,0.9,0.9,0.492173,0.13214
1,-1,2,0.35,0.25,-1,-1,0.95,0.95,0.496686,0.13187
1,-1,2,0.35,0.25,-1,-1,1.0,1.0,0.508191,0.131789
1,-1,2,0.4,0.25,-1,-1,0.05,0.05,0.421441,0.201125
1,-1,2,0.4,0.25,-1,-1,0.1,0.1,0.421915,0.196765
1,-1,2,0.4,0.25,-1,-1,0.15,0.15,0.423101,0.191342
1,-1,2,0.4,0.25,-1,-1,0.2,0.2,0.424801,0.18559
1,-1,2,0.4,0.25,-1,-1,0.25,0.25,0.427014,0.178886
1,-1,2,0.4,0.25,-1,-1,0.3,0.3,0.43069,0.170935
1,-1,2,0.4,0.25,-1,-1,0.35,0.35,0.435394,0.163351
1,-1,2,0.4,0.25,-1,-1,0.4,0.4,0.441205,0.155987
1,-1,2,0.4,0.25,-1,-1,0.45,0.45,0.448597,0.14767
1,-1,2,0.4,0.25,-1,-1,0.5,0.5,0.463223,0.135836
1,-1,2,0.4,0.25,-1,-1,0.55,0.55,0.472868,0.127556
1,-1,2,0.4,0.25,-1,-1,0.6,0.6,0.482473,0.121108
1,-1,2,0.4,0.25,-1,-1,0.65,0.65,0.49196,0.116565
1,-1,2,0.4,0.25,-1,-1,0.7,0.7,0.501171,0.113121
1,-1,2,0.4,0.25,-1,-1,0.75,0.75,0.508365,0.110666
1,-1,2,0.4,0.25,-1,-1,0.8,0.8,0.515717,0.108248
1,-1,2,0.4,0.25,-1,-1,0.85,0.85,0.52133,0.107332
1,-1,2,0.4,0.25,-1,-1,0.9,0.9,0.527418,0.106819
1,-1,2,0.4,0.25,-1,-1,0.95,0.95,0.534177,0.106453
1,-1,2,0.4,0.25,-1,-1,1.0,1.0,0.551412,0.106343
1,-1,2,0.45,0.25,-1,-1,0.05,0.05,0.421451,0.200707
1,-1,2,0.45,0.25,-1,-1,0.1,0.1,0.422049,0.195265
1,-1,2,0.45,0.25,-1,-1,0.15,0.15,0.423543,0.188498
1,-1,2,0.45,0.25,-1,-1,0.2,0.2,0.425685,0.181319
1,-1,2,0.45,0.25,-1,-1,0.25,0.25,0.428474,0.172951
1,-1,2,0.45,0.25,-1,-1,0.3,0.3,0.433106,0.163029
1,-1,2,0.45,0.25,-1,-1,0.35,0.35,0.439033,0.153564
1,-1,2,0.45,0.25,-1,-1,0.4,0.4,0.446355,0.144373
1,-1,2,0.45,0.25,-1,-1,0.45,0.45,0.455669,0.133993
1,-1,2,0.45,0.25,-1,-1,0.5,0.5,0.474098,0.119224
1,-1,2,0.45,0.25,-1,-1,0.55,0.55,0.486252,0.10889
1,-1,2,0.45,0.25,-1,-1,0.6,0.6,0.498355,0.100842
1,-1,2,0.45,0.25,-1,-1,0.65,0.65,0.510309,0.095172
1,-1,2,0.45,0.25,-1,-1,0.7,0.7,0.521914,0.090874
1,-1,2,0.45,0.25,-1,-1,0.75,0.75,0.53098,0.087811
1,-1,2,0.45,0.25,-1,-1,0.8,0.8,0.540244,0.084793
1,-1,2,0.45,0.25,-1,-1,0.85,0.85,0.547317,0.08365
1,-1,2,0.45,0.25,-1,-1,0.9,0.9,0.554987,0.083009
1,-1,2,0.45,0.25,-1,-1,0.95,0.95,0.563505,0.082552
1,-1,2,0.45,0.25,-1,-1,1.0,1.0,0.585221,0.082415
1,-1,2,0.5,0.25,-1,-1,0.05,0.05,0.421462,0.200448
1,-1,2,0.5,0.25,-1,-1,0.1,0.1,0.422196,0.194337
1,-1,2,0.5,0.25,-1,-1,0.15,0.15,0.42403,0.186737
1,-1,2,0.5,0.25,-1,-1,0.2,0.2,0.42666,0.178675
1,-1,2,0.5,0.25,-1,-1,0.25,0.25,0.430084,0.169278
1,-1,2,0.5,0.25,-1,-1,0.3,0.3,0.435771,0.158135
1,-1,2,0.5,0.25,-1,-1,0.35,0.35,0.443047,0.147505
1,-1,2,0.5,0.25,-1,-1,0.4,0.4,0.452036,0.137183
1,-1,2,0.5,0.25,-1,-1,0.45,0.45,0.463471,0.125527
1,-1,2,0.5,0.25,-1,-1,0.5,0.5,0.486096,0.108941
1,-1,2,0.5,0.25,-1,-1,0.55,0.55,0.501016,0.097335
1,-1,2,0.5,0.25,-1,-1,0.6,0.6,0.515875,0.088297
1,-1,2,0.5,0.25,-1,-1,0.65,0.65,0.53055,0.08193
1,-1,2,0.5,0.25,-1,-1,0.7,0.7,0.544798,0.077103
1,-1,2,0.5,0.25,-1,-1,0.75,0.75,0.555927,0.073662
1,-1,2,0.5,0.25,-1,-1,0.8,0.8,0.5673,0.070273
1,-1,2,0.5,0.25,-1,-1,0.85,0.85,0.575983,0.068989
1,-1,2,0.5,0.25,-1,-1,0.9,0.9,0.5854,0.068271
1,-1,2,0.5,0.25,-1,-1,0.95,0.95,0.595856,0.067757
1,-1,2,0.5,0.25,-1,-1,1.0,1.0,0.622517,0.067603
1,-1,2,0.55,0.25,-1,-1,0.05,0.05,0.421472,0.200182
1,-1,2,0.55,0.25,-1,-1,0.1,0.1,0.422323,0.193385
1,-1,2,0.55,0.25,-1,-1,0.15,0.15,0.42445,0.184931
1,-1,2,0.55,0.25,-1,-1,0.2,0.2,0.427498,0.175963
1,-1,2,0.55,0.25,-1,-1,0.25,0.25,0.431468,0.16551
1,-1,2,0.55,0.25,-1,-1,0.3,0.3,0.438062,0.153115
1,-1,2,0.55,0.25,-1,-1,0.35,0.35,0.446499,0.141291
1,-1,2,0.55,0.25,-1,-1,0.4,0.4,0.456921,0.12981
1,-1,2,0.55,0.25,-1,-1,0.45,0.45,0.470178,0.116844
1,-1,2,0.55,0.25,-1,-1,0.5,0.5,0.496411,0.098394
1,-1,2,0.55,0.25,-1,-1,0.55,0.55,0.51371,0.085485
1,-1,2,0.55,0.25,-1,-1,0.6,0.6,0.530938,0.075431
1,-1,2,0.55,0.25,-1,-1,0.65,0.65,0.547953,0.068349
1,-1,2,0.55,0.25,-1,-1,0.7,0.7,0.564472,0.062979
1,-1,2,0.55,0.25,-1,-1,0.75,0.75,0.577376,0.059152
1,-1,2,0.55,0.25,-1,-1,0.8,0.8,0.590562,0.055382
1,-1,2,0.55,0.25,-1,-1,0.85,0.85,0.60063,0.053954
1,-1,2,0.55,0.25,-1,-1,0.9,0.9,0.611548,0.053155
1,-1,2,0.55,0.25,-1,-1,0.95,0.95,0.623672,0.052583
1,-1,2,0.55,0.25,-1,-1,1.0,1.0,0.654583,0.052412
1,-1,2,0.6,0.25,-1,-1,0.05,0.05,0.421482,0.199983
1,-1,2,0.6,0.25,-1,-1,0.1,0.1,0.422451,0.192671
1,-1,2,0.6,0.25,-1,-1,0.15,0.15,0.424873,0.183577
1,-1,2,0.6,0.25,-1,-1,0.2,0.2,0.428346,0.173929
1,-1,2,0.6,0.25,-1,-1,0.25,0.25,0.432868,0.162685
1,-1,2,0.6,0.25,-1,-1,0.3,0.3,0.440378,0.14935
1,-1,2,0.6,0.25,-1,-1,0.35,0.35,0.449988,0.136631
1,-1,2,0.6,0.25,-1,-1,0.4,0.4,0.461858,0.12428
1,-1,2,0.6,0.25,-1,-1,0.45,0.45,0.476959,0.110331
1,-1,2,0.6,0.25,-1,-1,0.5,0.5,0.506838,0.090483
1,-1,2,0.6,0.25,-1,-1,0.55,0.55,0.526542,0.076596
1,-1,2,0.6,0.25,-1,-1,0.6,0.6,0.546165,0.065781
1,-1,2,0.6,0.25,-1,-1,0.65,0.65,0.565546,0.058162
1,-1,2,0.6,0.25,-1,-1,0.7,0.7,0.584361,0.052386
1,-1,2,0.6,0.25,-1,-1,0.75,0.75,0.599058,0.048269
1,-1,2,0.6,0.25,-1,-1,0.8,0.8,0.614079,0.044213
1,-1,2,0.6,0.25,-1,-1,0.85,0.85,0.625546,0.042677
1,-1,2,0.6,0.25,-1,-1,0.9,0.9,0.637982,0.041817
1,-1,2,0.6,0.25,-1,-1,0.95,0.95,0.651791,0.041202
1,-1,2,0.6,0.25,-1,-1,1.0,1.0,0.686999,0.041018
1,-1,2,0.65,0.25,-1,-1,0.05,0.05,0.421492,0.199844
1,-1,2,0.65,0.25,-1,-1,0.1,0.1,0.422579,0.192171
1,-1,2,0.65,0.25,-1,-1,0.15,0.15,0.425297,0.182629
1,-1,2,0.65,0.25,-1,-1,0.2,0.2,0.429193,0.172506
1,-1,2,0.65,0.25,-1,-1,0.25,0.25,0.434267,0.160707
1,-1,2,0.65,0.25,-1,-1,0.3,0.3,0.442694,0.146715
1,-1,2,0.65,0.25,-1,-1,0.35,0.35,0.453476,0.133368
1,-1,2,0.65,0.25,-1,-1,0.4,0.4,0.466796,0.120408
1,-1,2,0.65,0.25,-1,-1,0.45,0.45,0.48374,0.105772
1,-1,2,0.65,0.25,-1,-1,0.5,0.5,0.517265,0.084946
1,-1,2,0.65,0.25,-1,-1,0.55,0.55,0.539374,0.070374
1,-1,2,0.65,0.25,-1,-1,0.6,0.6,0.561392,0.059026
1,-1,2,0.65,0.25,-1,-1,0.65,0.65,0.583138,0.051031
1,-1,2,0.65,0.25,-1,-1,0.7,0.7,0.60425,0.04497
1,-1,2,0.65,0.25,-1,-1,0.75,0.75,0.620741,0.04065
1,-1,2,0.65,0.25,-1,-1,0.8,0.8,0.637594,0.036395
1,-1,2,0.65,0.25,-1,-1,0.85,0.85,0.650461,0.034783
1,-1,2,0.65,0.25,-1,-1,0.9,0.9,0.664414,0.03388
1,-1,2,0.65,0.25,-1,-1,0.95,0.95,0.679909,0.033235
1,-1,2,0.65,0.25,-1,-1,1.0,1.0,0.719414,0.033042
1,-1,2,0.7,0.25,-1,-1,0.05,0.05,0.421499,0.199685
1,-1,2,0.7,0.25,-1,-1,0.1,0.1,0.422673,0.1916
1,-1,2,0.7,0.25,-1,-1,0.15,0.15,0.425607,0.181545
1,-1,2,0.7,0.25,-1,-1,0.2,0.2,0.429813,0.170879
1,-1,2,0.7,0.25,-1,-1,0.25,0.25,0.435291,0.158446
1,-1,2,0.7,0.25,-1,-1,0.3,0.3,0.444388,0.143703
1,-1,2,0.7,0.25,-1,-1,0.35,0.35,0.456028,0.12964
1,-1,2,0.7,0.25,-1,-1,0.4,0.4,0.470407,0.115984
1,-1,2,0.7,0.25,-1,-1,0.45,0.45,0.488698,0.100562
1,-1,2,0.7,0.25,-1,-1,0.5,0.5,0.52489,0.078618
1,-1,2,0.7,0.25,-1,-1,0.55,0.55,0.548757,0.063264
1,-1,2,0.7,0.25,-1,-1,0.6,0.6,0.572526,0.051306
1,-1,2,0.7,0.25,-1,-1,0.65,0.65,0.596002,0.042882
1,-1,2,0.7,0.25,-1,-1,0.7,0.7,0.618792,0.036496
1,-1,2,0.7,0.25,-1,-1,0.75,0.75,0.636595,0.031944
1,-1,2,0.7,0.25,-1,-1,0.8,0.8,0.654789,0.02746
1,-1,2,0.7,0.25,-1,-1,0.85,0.85,0.668679,0.025761
1,-1,2,0.7,0.25,-1,-1,0.9,0.9,0.683742,0.02481
1,-1,2,0.7,0.25,-1,-1,0.95,0.95,0.700468,0.024131
1,-1,2,0.7,0.25,-1,-1,1.0,1.0,0.743116,0.023927
1,-1,2,0.75,0.25,-1,-1,0.05,0.05,0.421508,0.199585
1,-1,2,0.75,0.25,-1,-1,0.1,0.1,0.422794,0.191243
1,-1,2,0.75,0.25,-1,-1,0.15,0.15,0.426008,0.180868
1,-1,2,0.75,0.25,-1,-1,0.2,0.2,0.430615,0.169862
1,-1,2,0.75,0.25,-1,-1,0.25,0.25,0.436615,0.157033
1,-1,2,0.75,0.25,-1,-1,0.3,0.3,0.446579,0.141821
1,-1,2,0.75,0.25,-1,-1,0.35,0.35,0.459329,0.12731
1,-1,2,0.75,0.25,-1,-1,0.4,0.4,0.475079,0.113219
1,-1,2,0.75,0.25,-1,-1,0.45,0.45,0.495114,0.097306
1,-1,2,0.75,0.25,-1,-1,0.5,0.5,0.534756,0.074663
1,-1,2,0.75,0.25,-1,-1,0.55,0.55,0.560899,0.058819
1,-1,2,0.75,0.25,-1,-1,0.6,0.6,0.586935,0.046481
1,-1,2,0.75,0.25,-1,-1,0.65,0.65,0.612648,0.037789
1,-1,2,0.75,0.25,-1,-1,0.7,0.7,0.637612,0.031199
1,-1,2,0.75,0.25,-1,-1,0.75,0.75,0.657112,0.026502
1,-1,2,0.75,0.25,-1,-1,0.8,0.8,0.67704,0.021875
1,-1,2,0.75,0.25,-1,-1,0.85,0.85,0.692255,0.020123
1,-1,2,0.75,0.25,-1,-1,0.9,0.9,0.708754,0.019141
1,-1,2,0.75,0.25,-1,-1,0.95,0.95,0.727075,0.01844
1,-1,2,0.75,0.25,-1,-1,1.0,1.0,0.773789,0.01823
1,-1,2,0.8,0.25,-1,-1,0.05,0.05,0.421516,0.199426
1,-1,2,0.8,0.25,-1,-1,0.1,0.1,0.422892,0.190672
1,-1,2,0.8,0.25,-1,-1,0.15,0.15,0.426332,0.179784
1,-1,2,0.8,0.25,-1,-1,0.2,0.2,0.431262,0.168235
1,-1,2,0.8,0.25,-1,-1,0.25,0.25,0.437683,0.154772
1,-1,2,0.8,0.25,-1,-1,0.3,0.3,0.448347,0.138809
1,-1,2,0.8,0.25,-1,-1,0.35,0.35,0.461992,0.123581
1,-1,2,0.8,0.25,-1,-1,0.4,0.4,0.478848,0.108795
1,-1,2,0.8,0.25,-1,-1,0.45,0.45,0.500291,0.092096
1,-1,2,0.8,0.25,-1,-1,0.5,0.5,0.542717,0.068334
1,-1,2,0.8,0.25,-1,-1,0.55,0.55,0.570696,0.051709
1,-1,2,0.8,0.25,-1,-1,0.6,0.6,0.598559,0.038761
1,-1,2,0.8,0.25,-1,-1,0.65,0.65,0.626079,0.02964
1,-1,2,0.8,0.25,-1,-1,0.7,0.7,0.652796,0.022724
1,-1,2,0.8,0.25,-1,-1,0.75,0.75,0.673665,0.017796
1,-1,2,0.8,0.25,-1,-1,0.8,0.8,0.694993,0.01294
1,-1,2,0.8,0.25,-1,-1,0.85,0.85,0.711276,0.011101
1,-1,2,0.8,0.25,-1,-1,0.9,0.9,0.728934,0.010071
1,-1,2,0.8,0.25,-1,-1,0.95,0.95,0.748542,0.009336
1,-1,2,0.8,0.25,-1,-1,1.0,1.0,0.798536,0.009115
1,-1,2,0.85,0.25,-1,-1,0.05,0.05,0.421524,0.199353
1,-1,2,0.85,0.25,-1,-1,0.1,0.1,0.422999,0.19041
1,-1,2,0.85,0.25,-1,-1,0.15,0.15,0.426687,0.179288
1,-1,2,0.85,0.25,-1,-1,0.2,0.2,0.431973,0.167489
1,-1,2,0.85,0.25,-1,-1,0.25,0.25,0.438857,0.153736
1,-1,2,0.85,0.25,-1,-1,0.3,0.3,0.45029,0.137428
1,-1,2,0.85,0.25,-1,-1,0.35,0.35,0.464919,0.121872
1,-1,2,0.85,0.25,-1,-1,0.4,0.4,0.48299,0.106767
1,-1,2,0.85,0.25,-1,-1,0.45,0.45,0.505978,0.089708
1,-1,2,0.85,0.25,-1,-1,0.5,0.5,0.551462,0.065434
1,-1,2,0.85,0.25,-1,-1,0.55,0.55,0.581458,0.048449
1,-1,2,0.85,0.25,-1,-1,0.6,0.6,0.61133,0.035223
1,-1,2,0.85,0.25,-1,-1,0.65,0.65,0.640834,0.025904
1,-1,2,0.85,0.25,-1,-1,0.7,0.7,0.669477,0.01884
1,-1,2,0.85,0.25,-1,-1,0.75,0.75,0.69185,0.013805
1,-1,2,0.85,0.25,-1,-1,0.8,0.8,0.714716,0.008845
1,-1,2,0.85,0.25,-1,-1,0.85,0.85,0.732172,0.006966
1,-1,2,0.85,0.25,-1,-1,0.9,0.9,0.751103,0.005914
1,-1,2,0.85,0.25,-1,-1,0.95,0.95,0.772125,0.005162
1,-1,2,0.85,0.25,-1,-1,1.0,1.0,0.825723,0.004937
1,-1,2,0.9,0.25,-1,-1,0.05,0.05,0.421534,0.199307
1,-1,2,0.9,0.25,-1,-1,0.1,0.1,0.42313,0.190244
1,-1,2,0.9,0.25,-1,-1,0.15,0.15,0.42712,0.178972
1,-1,2,0.9,0.25,-1,-1,0.2,0.2,0.432839,0.167014
1,-1,2,0.9,0.25,-1,-1,0.25,0.25,0.440287,0.153077
1,-1,2,0.9,0.25,-1,-1,0.3,0.3,0.452656,0.13655
1,-1,2,0.9,0.25,-1,-1,0.35,0.35,0.468483,0.120785
1,-1,2,0.9,0.25,-1,-1,0.4,0.4,0.488034,0.105477
1,-1,2,0.9,0.25,-1,-1,0.45,0.45,0.512905,0.088188
1,-1,2,0.9,0.25,-1,-1,0.5,0.5,0.562114,0.063588
1,-1,2,0.9,0.25,-1,-1,0.55,0.55,0.594566,0.046376
1,-1,2,0.9,0.25,-1,-1,0.6,0.6,0.626885,0.032972
1,-1,2,0.9,0.25,-1,-1,0.65,0.65,0.658805,0.023528
1,-1,2,0.9,0.25,-1,-1,0.7,0.7,0.689794,0.016369
1,-1,2,0.9,0.25,-1,-1,0.75,0.75,0.714,0.011266
1,-1,2,0.9,0.25,-1,-1,0.8,0.8,0.738737,0.006239
1,-1,2,0.9,0.25,-1,-1,0.85,0.85,0.757624,0.004335
1,-1,2,0.9,0.25,-1,-1,0.9,0.9,0.778105,0.003269
1,-1,2,0.9,0.25,-1,-1,0.95,0.95,0.800848,0.002507
1,-1,2,0.9,0.25,-1,-1,1.0,1.0,0.858836,0.002279
1,-1,2,0.95,0.25,-1,-1,0.05,0.05,0.421546,0.199273
1,-1,2,0.95,0.25,-1,-1,0.1,0.1,0.423291,0.190125
1,-1,2,0.95,0.25,-1,-1,0.15,0.15,0.427653,0.178746
1,-1,2,0.95,0.25,-1,-1,0.2,0.2,0.433905,0.166675
1,-1,2,0.95,0.25,-1,-1,0.25,0.25,0.442047,0.152606
1,-1,2,0.95,0.25,-1,-1,0.3,0.3,0.45557,0.135923
1,-1,2,0.95,0.25,-1,-1,0.35,0.35,0.472872,0.120008
1,-1,2,0.95,0.25,-1,-1,0.4,0.4,0.494246,0.104555
1,-1,2,0.95,0.25,-1,-1,0.45,0.45,0.521435,0.087103
1,-1,2,0.95,0.25,-1,-1,0.5,0.5,0.575233,0.06227
1,-1,2,0.95,0.25,-1,-1,0.55,0.55,0.61071,0.044895
1,-1,2,0.95,0.25,-1,-1,0.6,0.6,0.646042,0.031363
1,-1,2,0.95,0.25,-1,-1,0.65,0.65,0.680937,0.02183
1,-1,2,0.95,0.25,-1,-1,0.7,0.7,0.714815,0.014603
1,-1,2,0.95,0.25,-1,-1,0.75,0.75,0.741278,0.009452
1,-1,2,0.95,0.25,-1,-1,0.8,0.8,0.768322,0.004378
1,-1,2,0.95,0.25,-1,-1,0.85,0.85,0.788969,0.002456
1,-1,2,0.95,0.25,-1,-1,0.9,0.9,0.81136,0.001379
1,-1,2,0.95,0.25,-1,-1,0.95,0.95,0.836223,0.000611
1,-1,2,0.95,0.25,-1,-1,1.0,1.0,0.899617,0.00038
1,-1,2,1.0,0.25,-1,-1,0.05,0.05,0.421577,0.199267
1,-1,2,1.0,0.25,-1,-1,0.1,0.1,0.423688,0.190101
1,-1,2,1.0,0.25,-1,-1,0.15,0.15,0.428966,0.178701
1,-1,2,1.0,0.25,-1,-1,0.2,0.2,0.43653,0.166608
1,-1,2,1.0,0.25,-1,-1,0.25,0.25,0.446381,0.152512
1,-1,2,1.0,0.25,-1,-1,0.3,0.3,0.462742,0.135797
1,-1,2,1.0,0.25,-1,-1,0.35,0.35,0.483676,0.119853
1,-1,2,1.0,0.25,-1,-1,0.4,0.4,0.509537,0.10437
1,-1,2,1.0,0.25,-1,-1,0.45,0.45,0.542433,0.086886
1,-1,2,1.0,0.25,-1,-1,0.5,0.5,0.607524,0.062006
1,-1,2,1.0,0.25,-1,-1,0.55,0.55,0.650448,0.044598
1,-1,2,1.0,0.25,-1,-1,0.6,0.6,0.693197,0.031041
1,-1,2,1.0,0.25,-1,-1,0.65,0.65,0.735417,0.02149
1,-1,2,1.0,0.25,-1,-1,0.7,0.7,0.776406,0.01425
1,-1,2,1.0,0.25,-1,-1,0.75,0.75,0.808424,0.009089
1,-1,2,1.0,0.25,-1,-1,0.8,0.8,0.841144,0.004005
1,-1,2,1.0,0.25,-1,-1,0.85,0.85,0.866125,0.00208
1,-1,2,1.0,0.25,-1,-1,0.9,0.9,0.893217,0.001001
1,-1,2,1.0,0.25,-1,-1,0.95,0.95,0.923299,0.000231
1,-1,2,1.0,0.25,-1,-1,1.0,1.0,1.0,0.0
1,-1,2,0.3,0.3,-1,-1,0.05,0.05,0.470199,0.167869
1,-1,2,0.3,0.3,-1,-1,0.1,0.1,0.470199,0.167869
1,-1,2,0.3,0.3,-1,-1,0.15,0.15,0.470199,0.167869
1,-1,2,0.3,0.3,-1,-1,0.2,0.2,0.470199,0.167869
1,-1,2,0.3,0.3,-1,-1,0.25,0.25,0.470199,0.167869
1,-1,2,0.3,0.3,-1,-1,0.3,0.3,0.470199,0.167869
1,-1,2,0.3,0.3,-1,-1,0.35,0.35,0.470199,0.167869
1,-1,2,0.3,0.3,-1,-1,0.4,0.4,0.470199,0.167869
1,-1,2,0.3,0.3,-1,-1,0.45,0.45,0.470199,0.167869
1,-1,2,0.3,0.3,-1,-1,0.5,0.5,0.470199,0.167869
1,-1,2,0.3,0.3,-1,-1,0.55,0.55,0.470199,0.167869
1,-1,2,0.3,0.3,-1,-1,0.6,0.6,0.470199,0.167869
1,-1,2,0.3,0.3,-1,-1,0.65,0.65,0.470199,0.167869
1,-1,2,0.3,0.3,-1,-1,0.7,0.7,0.470199,0.167869
1,-1,2,0.3,0.3,-1,-1,0.75,0.75,0.470199,0.167869
1,-1,2,0.3,0.3,-1,-1,0.8,0.8,0.470199,0.167869
1,-1,2,0.3,0.3,-1,-1,0.85,0.85,0.470199,0.167869
1,-1,2,0.3,0.3,-1,-1,0.9,0.9,0.470199,0.167869
1,-1,2,0.3,0.3,-1,-1,0.95,0.95,0.470199,0.167869
1,-1,2,0.3,0.3,-1,-1,1.0,1.0,0.470199,0.167869
1,-1,2,0.35,0.3,-1,-1,0.05,0.05,0.470211,0.167239
1,-1,2,0.35,0.3,-1,-1,0.1,0.1,0.470349,0.165608
1,-1,2,0.35,0.3,-1,-1,0.15,0.15,0.470696,0.16358
1,-1,2,0.35,0.3,-1,-1,0.2,0.2,0.471192,0.161429
1,-1,2,0.35,0.3,-1,-1,0.25,0.25,0.471839,0.158921
1,-1,2,0.35,0.3,-1,-1,0.3,0.3,0.472914,0.155947
1,-1,2,0.35,0.3,-1,-1,0.35,0.35,0.474288,0.153111
1,-1,2,0.35,0.3,-1,-1,0.4,0.4,0.475986,0.150357
1,-1,2,0.35,0.3,-1,-1,0.45,0.45,0.478146,0.147246
1,-1,2,0.35,0.3,-1,-1,0.5,0.5,0.48242,0.14282
1,-1,2,0.35,0.3,-1,-1,0.55,0.55,0.485239,0.139723
1,-1,2,0.35,0.3,-1,-1,0.6,0.6,0.488046,0.137311
1,-1,2,0.35,0.3,-1,-1,0.65,0.65,0.490818,0.135612
1,-1,2,0.35,0.3,-1,-1,0.7,0.7,0.493509,0.134324
1,-1,2,0.35,0.3,-1,-1,0.75,0.75,0.495612,0.133406
1,-1,2,0.35,0.3,-1,-1,0.8,0.8,0.49776,0.132502
1,-1,2,0.35,0.3,-1,-1,0.85,0.85,0.499401,0.132159
1,-1,2,0.35,0.3,-1,-1,0.9,0.9,0.501179,0.131967
1,-1,2,0.35,0.3,-1,-1,0.95,0.95,0.503155,0.13183
1,-1,2,0.35,0.3,-1,-1,1.0,1.0,0.508191,0.131789
1,-1,2,0.4,0.3,-1,-1,0.05,0.05,0.470224,0.166794
1,-1,2,0.4,0.3,-1,-1,0.1,0.1,0.47052,0.164013
1,-1,2,0.4,0.3,-1,-1,0.15,0.15,0.471261,0.160555
1,-1,2,0.4,0.3,-1,-1,0.2,0.2,0.472323,0.156886
1,-1,2,0.4,0.3,-1,-1,0.25,0.25,0.473705,0.15261
1,-1,2,0.4,0.3,-1,-1,0.3,0.3,0.476002,0.147539
1,-1,2,0.4,0.3,-1,-1,0.35,0.35,0.47894,0.142702
1,-1,2,0.4,0.3,-1,-1,0.4,0.4,0.48257,0.138006
1,-1,2,0.4,0.3,-1,-1,0.45,0.45,0.487187,0.132701
1,-1,2,0.4,0.3,-1,-1,0.5,0.5,0.496323,0.125154
1,-1,2,0.4,0.3,-1,-1,0.55,0.55,0.502348,0.119873
1,-1,2,0.4,0.3,-1,-1,0.6,0.6,0.508349,0.11576
1,-1,2,0.4,0.3,-1,-1,0.65,0.65,0.514275,0.112862
1,-1,2,0.4,0.3,-1,-1,0.7,0.7,0.520028,0.110666
1,-1,2,0.4,0.3,-1,-1,0.75,0.75,0.524522,0.1091
1,-1,2,0.4,0.3,-1,-1,0.8,0.8,0.529115,0.107558
1,-1,2,0.4,0.3,-1,-1,0.85,0.85,0.532621,0.106974
1,-1,2,0.4,0.3,-1,-1,0.9,0.9,0.536424,0.106647
1,-1,2,0.4,0.3,-1,-1,0.95,0.95,0.540646,0.106413
1,-1,2,0.4,0.3,-1,-1,1.0,1.0,0.551412,0.106343
1,-1,2,0.45,0.3,-1,-1,0.05,0.05,0.470234,0.166376
1,-1,2,0.45,0.3,-1,-1,0.1,0.1,0.470654,0.162514
1,-1,2,0.45,0.3,-1,-1,0.15,0.15,0.471703,0.157711
1,-1,2,0.45,0.3,-1,-1,0.2,0.2,0.473207,0.152615
1,-1,2,0.45,0.3,-1,-1,0.25,0.25,0.475165,0.146676
1,-1,2,0.45,0.3,-1,-1,0.3,0.3,0.478417,0.139633
1,-1,2,0.45,0.3,-1,-1,0.35,0.35,0.482579,0.132915
1,-1,2,0.45,0.3,-1,-1,0.4,0.4,0.48772,0.126392
1,-1,2,0.45,0.3,-1,-1,0.45,0.45,0.49426,0.119024
1,-1,2,0.45,0.3,-1,-1,0.5,0.5,0.507199,0.108541
1,-1,2,0.45,0.3,-1,-1,0.55,0.55,0.515732,0.101206
1,-1,2,0.45,0.3,-1,-1,0.6,0.6,0.52423,0.095494
1,-1,2,0.45,0.3,-1,-1,0.65,0.65,0.532624,0.09147
1,-1,2,0.45,0.3,-1,-1,0.7,0.7,0.540772,0.088419
1,-1,2,0.45,0.3,-1,-1,0.75,0.75,0.547137,0.086245
1,-1,2,0.45,0.3,-1,-1,0.8,0.8,0.553641,0.084103
1,-1,2,0.45,0.3,-1,-1,0.85,0.85,0.558608,0.083291
1,-1,2,0.45,0.3,-1,-1,0.9,0.9,0.563993,0.082837
1,-1,2,0.45,0.3,-1,-1,0.95,0.95,0.569973,0.082512
1,-1,2,0.45,0.3,-1,-1,1.0,1.0,0.585221,0.082415
1,-1,2,0.5,0.3,-1,-1,0.05,0.05,0.470245,0.166117
1,-1,2,0.5,0.3,-1,-1,0.1,0.1,0.470801,0.161586
1,-1,2,0.5,0.3,-1,-1,0.15,0.15,0.47219,0.15595
1,-1,2,0.5,0.3,-1,-1,0.2,0.2,0.474182,0.149971
1,-1,2,0.5,0.3,-1,-1,0.25,0.25,0.476775,0.143002
1,-1,2,0.5,0.3,-1,-1,0.3,0.3,0.481082,0.134739
1,-1,2,0.5,0.3,-1,-1,0.35,0.35,0.486593,0.126856
1,-1,2,0.5,0.3,-1,-1,0.4,0.4,0.493401,0.119202
1,-1,2,0.5,0.3,-1,-1,0.45,0.45,0.502061,0.110558
1,-1,2,0.5,0.3,-1,-1,0.5,0.5,0.519196,0.098258
1,-1,2,0.5,0.3,-1,-1,0.55,0.55,0.530496,0.089652
1,-1,2,0.5,0.3,-1,-1,0.6,0.6,0.54175,0.082949
1,-1,2,0.5,0.3,-1,-1,0.65,0.65,0.552865,0.078227
1,-1,2,0.5,0.3,-1,-1,0.7,0.7,0.563655,0.074648
1,-1,2,0.5,0.3,-1,-1,0.75,0.75,0.572084,0.072097
1,-1,2,0.5,0.3,-1,-1,0.8,0.8,0.580698,0.069583
1,-1,2,0.5,0.3,-1,-1,0.85,0.85,0.587274,0.068631
1,-1,2,0.5,0.3,-1,-1,0.9,0.9,0.594406,0.068098
1,-1,2,0.5,0.3,-1,-1,0.95,0.95,0.602325,0.067717
1,-1,2,0.5,0.3,-1,-1,1.0,1.0,0.622517,0.067603
1,-1,2,0.55,0.3,-1,-1,0.05,0.05,0.470255,0.165852
1,-1,2,0.55,0.3,-1,-1,0.1,0.1,0.470928,0.160634
1,-1,2,0.55,0.3,-1,-1,0.15,0.15,0.47261,0.154144
1,-1,2,0.55,0.3,-1,-1,0.2,0.2,0.47502,0.147259
1,-1,2,0.55,0.3,-1,-1,0.25,0.25,0.47816,0.139235
1,-1,2,0.55,0.3,-1,-1,0.3,0.3,0.483373,0.129719
1,-1,2,0.55,0.3,-1,-1,0.35,0.35,0.490044,0.120643
1,-1,2,0.55,0.3,-1,-1,0.4,0.4,0.498285,0.111829
1,-1,2,0.55,0.3,-1,-1,0.45,0.45,0.508769,0.101875
1,-1,2,0.55,0.3,-1,-1,0.5,0.5,0.529511,0.087711
1,-1,2,0.55,0.3,-1,-1,0.55,0.55,0.54319,0.077801
1,-1,2,0.55,0.3,-1,-1,0.6,0.6,0.556813,0.070084
1,-1,2,0.55,0.3,-1,-1,0.65,0.65,0.570268,0.064646
1,-1,2,0.55,0.3,-1,-1,0.7,0.7,0.58333,0.060524
1,-1,2,0.55,0.3,-1,-1,0.75,0.75,0.593533,0.057586
1,-1,2,0.55,0.3,-1,-1,0.8,0.8,0.60396,0.054692
1,-1,2,0.55,0.3,-1,-1,0.85,0.85,0.611921,0.053596
1,-1,2,0.55,0.3,-1,-1,0.9,0.9,0.620554,0.052982
1,-1,2,0.55,0.3,-1,-1,0.95,0.95,0.630141,0.052544
1,-1,2,0.55,0.3,-1,-1,1.0,1.0,0.654583,0.052412
1,-1,2,0.6,0.3,-1,-1,0.05,0.05,0.470265,0.165653
1,-1,2,0.6,0.3,-1,-1,0.1,0.1,0.471056,0.15992
1,-1,2,0.6,0.3,-1,-1,0.15,0.15,0.473033,0.152789
1,-1,2,0.6,0.3,-1,-1,0.2,0.2,0.475868,0.145226
1,-1,2,0.6,0.3,-1,-1,0.25,0.25,0.479559,0.136409
1,-1,2,0.6,0.3,-1,-1,0.3,0.3,0.485689,0.125955
1,-1,2,0.6,0.3,-1,-1,0.35,0.35,0.493533,0.115982
1,-1,2,0.6,0.3,-1,-1,0.4,0.4,0.503223,0.106298
1,-1,2,0.6,0.3,-1,-1,0.45,0.45,0.51555,0.095362
1,-1,2,0.6,0.3,-1,-1,0.5,0.5,0.539939,0.079801
1,-1,2,0.6,0.3,-1,-1,0.55,0.55,0.556023,0.068913
1,-1,2,0.6,0.3,-1,-1,0.6,0.6,0.57204,0.060433
1,-1,2,0.6,0.3,-1,-1,0.65,0.65,0.58786,0.05446
1,-1,2,0.6,0.3,-1,-1,0.7,0.7,0.603219,0.049931
1,-1,2,0.6,0.3,-1,-1,0.75,0.75,0.615216,0.046703
1,-1,2,0.6,0.3,-1,-1,0.8,0.8,0.627476,0.043523
1,-1,2,0.6,0.3,-1,-1,0.85,0.85,0.636836,0.042319
1,-1,2,0.6,0.3,-1,-1,0.9,0.9,0.646987,0.041644
1,-1,2,0.6,0.3,-1,-1,0.95,0.95,0.658259,0.041162
1,-1,2,0.6,0.3,-1,-1,1.0,1.0,0.686999,0.041018
1,-1,2,0.65,0.3,-1,-1,0.05,0.05,0.470275,0.165513
1,-1,2,0.65,0.3,-1,-1,0.1,0.1,0.471184,0.15942
1,-1,2,0.65,0.3,-1,-1,0.15,0.15,0.473457,0.151841
1,-1,2,0.65,0.3,-1,-1,0.2,0.2,0.476715,0.143802
1,-1,2,0.65,0.3,-1,-1,0.25,0.25,0.480959,0.134431
1,-1,2,0.65,0.3,-1,-1,0.3,0.3,0.488005,0.123319
1,-1,2,0.65,0.3,-1,-1,0.35,0.35,0.497022,0.112719
1,-1,2,0.65,0.3,-1,-1,0.4,0.4,0.508161,0.102427
1,-1,2,0.65,0.3,-1,-1,0.45,0.45,0.52233,0.090803
1,-1,2,0.65,0.3,-1,-1,0.5,0.5,0.550366,0.074263
1,-1,2,0.65,0.3,-1,-1,0.55,0.55,0.568854,0.062691
1,-1,2,0.65,0.3,-1,-1,0.6,0.6,0.587267,0.053678
1,-1,2,0.65,0.3,-1,-1,0.65,0.65,0.605452,0.047329
1,-1,2,0.65,0.3,-1,-1,0.7,0.7,0.623107,0.042515
1,-1,2,0.65,0.3,-1,-1,0.75,0.75,0.636898,0.039084
1,-1,2,0.65,0.3,-1,-1,0.8,0.8,0.650992,0.035705
1,-1,2,0.65,0.3,-1,-1,0.85,0.85,0.661751,0.034425
1,-1,2,0.65,0.3,-1,-1,0.9,0.9,0.67342,0.033708
1,-1,2,0.65,0.3,-1,-1,0.95,0.95,0.686377,0.033196
1,-1,2,0.65,0.3,-1,-1,1.0,1.0,0.719414,0.033042
1,-1,2,0.7,0.3,-1,-1,0.05,0.05,0.470282,0.165354
1,-1,2,0.7,0.3,-1,-1,0.1,0.1,0.471278,0.158849
1,-1,2,0.7,0.3,-1,-1,0.15,0.15,0.473767,0.150758
1,-1,2,0.7,0.3,-1,-1,0.2,0.2,0.477335,0.142175
1,-1,2,0.7,0.3,-1,-1,0.25,0.25,0.481982,0.132171
1,-1,2,0.7,0.3,-1,-1,0.3,0.3,0.489699,0.120307
1,-1,2,0.7,0.3,-1,-1,0.35,0.35,0.499573,0.108991
1,-1,2,0.7,0.3,-1,-1,0.4,0.4,0.511771,0.098003
1,-1,2,0.7,0.3,-1,-1,0.45,0.45,0.527288,0.085593
1,-1,2,0.7,0.3,-1,-1,0.5,0.5,0.55799,0.067935
1,-1,2,0.7,0.3,-1,-1,0.55,0.55,0.578237,0.05558
1,-1,2,0.7,0.3,-1,-1,0.6,0.6,0.598401,0.045958
1,-1,2,0.7,0.3,-1,-1,0.65,0.65,0.618316,0.03918
1,-1,2,0.7,0.3,-1,-1,0.7,0.7,0.63765,0.034041
1,-1,2,0.7,0.3,-1,-1,0.75,0.75,0.652752,0.030378
1,-1,2,0.7,0.3,-1,-1,0.8,0.8,0.668186,0.02677
1,-1,2,0.7,0.3,-1,-1,0.85,0.85,0.679969,0.025403
1,-1,2,0.7,0.3,-1,-1,0.9,0.9,0.692748,0.024638
1,-1,2,0.7,0.3,-1,-1,0.95,0.95,0.706937,0.024091
1,-1,2,0.7,0.3,-1,-1,1.0,1.0,0.743116,0.023927
1,-1,2,0.75,0.3,-1,-1,0.05,0.05,0.470291,0.165255
1,-1,2,0.75,0.3,-1,-1,0.1,0.1,0.471399,0.158492
1,-1,2,0.75,0.3,-1,-1,0.15,0.15,0.474168,0.150081
1,-1,2,0.75,0.3,-1,-1,0.2,0.2,0.478137,0.141158
1,-1,2,0.75,0.3,-1,-1,0.25,0.25,0.483306,0.130758
1,-1,2,0.75,0.3,-1,-1,0.3,0.3,0.491891,0.118425
1,-1,2,0.75,0.3,-1,-1,0.35,0.35,0.502875,0.106661
1,-1,2,0.75,0.3,-1,-1,0.4,0.4,0.516444,0.095238
1,-1,2,0.75,0.3,-1,-1,0.45,0.45,0.533705,0.082337
1,-1,2,0.75,0.3,-1,-1,0.5,0.5,0.567857,0.06398
1,-1,2,0.75,0.3,-1,-1,0.55,0.55,0.59038,0.051136
1,-1,2,0.75,0.3,-1,-1,0.6,0.6,0.61281,0.041133
1,-1,2,0.75,0.3,-1,-1,0.65,0.65,0.634963,0.034086
1,-1,2,0.75,0.3,-1,-1,0.7,0.7,0.65647,0.028744
1,-1,2,0.75,0.3,-1,-1,0.75,0.75,0.673269,0.024936
1,-1,2,0.75,0.3,-1,-1,0.8,0.8,0.690438,0.021185
1,-1,2,0.75,0.3,-1,-1,0.85,0.85,0.703545,0.019764
1,-1,2,0.75,0.3,-1,-1,0.9,0.9,0.71776,0.018969
1,-1,2,0.75,0.3,-1,-1,0.95,0.95,0.733544,0.0184
1,-1,2,0.75,0.3,-1,-1,1.0,1.0,0.773789,0.01823
1,-1,2,0.8,0.3,-1,-1,0.05,0.05,0.470299,0.165095
1,-1,2,0.8,0.3,-1,-1,0.1,0.1,0.471497,0.157921
1,-1,2,0.8,0.3,-1,-1,0.15,0.15,0.474492,0.148997
1,-1,2,0.8,0.3,-1,-1,0.2,0.2,0.478784,0.139531
1,-1,2,0.8,0.3,-1,-1,0.25,0.25,0.484375,0.128497
1,-1,2,0.8,0.3,-1,-1,0.3,0.3,0.493659,0.115413
1,-1,2,0.8,0.3,-1,-1,0.35,0.35,0.505538,0.102932
1,-1,2,0.8,0.3,-1,-1,0.4,0.4,0.520213,0.090813
1,-1,2,0.8,0.3,-1,-1,0.45,0.45,0.538881,0.077127
1,-1,2,0.8,0.3,-1,-1,0.5,0.5,0.575818,0.057652
1,-1,2,0.8,0.3,-1,-1,0.55,0.55,0.600176,0.044025
1,-1,2,0.8,0.3,-1,-1,0.6,0.6,0.624435,0.033413
1,-1,2,0.8,0.3,-1,-1,0.65,0.65,0.648393,0.025937
1,-1,2,0.8,0.3,-1,-1,0.7,0.7,0.671653,0.020269
1,-1,2,0.8,0.3,-1,-1,0.75,0.75,0.689822,0.01623
1,-1,2,0.8,0.3,-1,-1,0.8,0.8,0.70839,0.01225
1,-1,2,0.8,0.3,-1,-1,0.85,0.85,0.722566,0.010743
1,-1,2,0.8,0.3,-1,-1,0.9,0.9,0.73794,0.009899
1,-1,2,0.8,0.3,-1,-1,0.95,0.95,0.755011,0.009296
1,-1,2,0.8,0.3,-1,-1,1.0,1.0,0.798536,0.009115
1,-1,2,0.85,0.3,-1,-1,0.05,0.05,0.470307,0.165022
1,-1,2,0.85,0.3,-1,-1,0.1,0.1,0.471604,0.157659
1,-1,2,0.85,0.3,-1,-1,0.15,0.15,0.474847,0.1485
1,-1,2,0.85,0.3,-1,-1,0.2,0.2,0.479495,0.138785
1,-1,2,0.85,0.3,-1,-1,0.25,0.25,0.485548,0.127461
1,-1,2,0.85,0.3,-1,-1,0.3,0.3,0.495601,0.114033
1,-1,2,0.85,0.3,-1,-1,0.35,0.35,0.508464,0.101223
1,-1,2,0.85,0.3,-1,-1,0.4,0.4,0.524355,0.088785
1,-1,2,0.85,0.3,-1,-1,0.45,0.45,0.544568,0.074739
1,-1,2,0.85,0.3,-1,-1,0.5,0.5,0.584563,0.054751
1,-1,2,0.85,0.3,-1,-1,0.55,0.55,0.610939,0.040766
1,-1,2,0.85,0.3,-1,-1,0.6,0.6,0.637206,0.029875
1,-1,2,0.85,0.3,-1,-1,0.65,0.65,0.663148,0.022202
1,-1,2,0.85,0.3,-1,-1,0.7,0.7,0.688334,0.016385
1,-1,2,0.85,0.3,-1,-1,0.75,0.75,0.708008,0.012239
1,-1,2,0.85,0.3,-1,-1,0.8,0.8,0.728113,0.008155
1,-1,2,0.85,0.3,-1,-1,0.85,0.85,0.743463,0.006608
1,-1,2,0.85,0.3,-1,-1,0.9,0.9,0.760109,0.005741
1,-1,2,0.85,0.3,-1,-1,0.95,0.95,0.778594,0.005123
1,-1,2,0.85,0.3,-1,-1,1.0,1.0,0.825723,0.004937
1,-1,2,0.9,0.3,-1,-1,0.05,0.05,0.470317,0.164976
1,-1,2,0.9,0.3,-1,-1,0.1,0.1,0.471735,0.157492
1,-1,2,0.9,0.3,-1,-1,0.15,0.15,0.47528,0.148184
1,-1,2,0.9,0.3,-1,-1,0.2,0.2,0.480361,0.138311
1,-1,2,0.9,0.3,-1,-1,0.25,0.25,0.486978,0.126802
1,-1,2,0.9,0.3,-1,-1,0.3,0.3,0.497967,0.113154
1,-1,2,0.9,0.3,-1,-1,0.35,0.35,0.512028,0.100136
1,-1,2,0.9,0.3,-1,-1,0.4,0.4,0.529399,0.087495
1,-1,2,0.9,0.3,-1,-1,0.45,0.45,0.551495,0.073219
1,-1,2,0.9,0.3,-1,-1,0.5,0.5,0.595215,0.052906
1,-1,2,0.9,0.3,-1,-1,0.55,0.55,0.624047,0.038692
1,-1,2,0.9,0.3,-1,-1,0.6,0.6,0.65276,0.027624
1,-1,2,0.9,0.3,-1,-1,0.65,0.65,0.681119,0.019825
1,-1,2,0.9,0.3,-1,-1,0.7,0.7,0.708651,0.013914
1,-1,2,0.9,0.3,-1,-1,0.75,0.75,0.730157,0.0097
1,-1,2,0.9,0.3,-1,-1,0.8,0.8,0.752135,0.005549
1,-1,2,0.9,0.3,-1,-1,0.85,0.85,0.768914,0.003977
1,-1,2,0.9,0.3,-1,-1,0.9,0.9,0.787111,0.003097
1,-1,2,0.9,0.3,-1,-1,0.95,0.95,0.807317,0.002468
1,-1,2,0.9,0.3,-1,-1,1.0,1.0,0.858836,0.002279
1,-1,2,0.95,0.3,-1,-1,0.05,0.05,0.47033,0.164943
1,-1,2,0.95,0.3,-1,-1,0.1,0.1,0.471896,0.157373
1,-1,2,0.95,0.3,-1,-1,0.15,0.15,0.475813,0.147959
1,-1,2,0.95,0.3,-1,-1,0.2,0.2,0.481427,0.137972
1,-1,2,0.95,0.3,-1,-1,0.25,0.25,0.488739,0.126331
1,-1,2,0.95,0.3,-1,-1,0.3,0.3,0.500881,0.112527
1,-1,2,0.95,0.3,-1,-1,0.35,0.35,0.516418,0.099359
1,-1,2,0.95,0.3,-1,-1,0.4,0.4,0.535611,0.086574
1,-1,2,0.95,0.3,-1,-1,0.45,0.45,0.560026,0.072134
1,-1,2,0.95,0.3,-1,-1,0.5,0.5,0.608333,0.051587
1,-1,2,0.95,0.3,-1,-1,0.55,0.55,0.640191,0.037211
1,-1,2,0.95,0.3,-1,-1,0.6,0.6,0.671917,0.026015
1,-1,2,0.95,0.3,-1,-1,0.65,0.65,0.703252,0.018128
1,-1,2,0.95,0.3,-1,-1,0.7,0.7,0.733673,0.012148
1,-1,2,0.95,0.3,-1,-1,0.75,0.75,0.757435,0.007886
1,-1,2,0.95,0.3,-1,-1,0.8,0.8,0.781719,0.003688
1,-1,2,0.95,0.3,-1,-1,0.85,0.85,0.80026,0.002097
1,-1,2,0.95,0.3,-1,-1,0.9,0.9,0.820366,0.001207
1,-1,2,0.95,0.3,-1,-1,0.95,0.95,0.842692,0.000571
1,-1,2,0.95,0.3,-1,-1,1.0,1.0,0.899617,0.00038
1,-1,2,1.0,0.3,-1,-1,0.05,0.05,0.47036,0.164936
1,-1,2,1.0,0.3,-1,-1,0.1,0.1,0.472293,0.157349
1,-1,2,1.0,0.3,-1,-1,0.15,0.15,0.477126,0.147913
1,-1,2,1.0,0.3,-1,-1,0.2,0.2,0.484052,0.137904
1,-1,2,1.0,0.3,-1,-1,0.25,0.25,0.493073,0.126236
1,-1,2,1.0,0.3,-1,-1,0.3,0.3,0.508053,0.112401
1,-1,2,1.0,0.3,-1,-1,0.35,0.35,0.527222,0.099204
1,-1,2,1.0,0.3,-1,-1,0.4,0.4,0.550901,0.086389
1,-1,2,1.0,0.3,-1,-1,0.45,0.45,0.581024,0.071917
1,-1,2,1.0,0.3,-1,-1,0.5,0.5,0.640624,0.051323
1,-1,2,1.0,0.3,-1,-1,0.55,0.55,0.679929,0.036915
1,-1,2,1.0,0.3,-1,-1,0.6,0.6,0.719072,0.025694
1,-1,2,1.0,0.3,-1,-1,0.65,0.65,0.757732,0.017788
1,-1,2,1.0,0.3,-1,-1,0.7,0.7,0.795264,0.011795
1,-1,2,1.0,0.3,-1,-1,0.75,0.75,0.824581,0.007523
1,-1,2,1.0,0.3,-1,-1,0.8,0.8,0.854542,0.003315
1,-1,2,1.0,0.3,-1,-1,0.85,0.85,0.877416,0.001721
1,-1,2,1.0,0.3,-1,-1,0.9,0.9,0.902223,0.000829
1,-1,2,1.0,0.3,-1,-1,0.95,0.95,0.929768,0.000191
1,-1,2,1.0,0.3,-1,-1,1.0,1.0,1.0,0.0
1,-1,2,0.35,0.35,-1,-1,0.05,0.05,0.508191,0.131789
1,-1,2,0.35,0.35,-1,-1,0.1,0.1,0.508191,0.131789
1,-1,2,0.35,0.35,-1,-1,0.15,0.15,0.508191,0.131789
1,-1,2,0.35,0.35,-1,-1,0.2,0.2,0.508191,0.131789
1,-1,2,0.35,0.35,-1,-1,0.25,0.25,0.508191,0.131789
1,-1,2,0.35,0.35,-1,-1,0.3,0.3,0.508191,0.131789
1,-1,2,0.35,0.35,-1,-1,0.35,0.35,0.508191,0.131789
1,-1,2,0.35,0.35,-1,-1,0.4,0.4,0.508191,0.131789
1,-1,2,0.35,0.35,-1,-1,0.45,0.45,0.508191,0.131789
1,-1,2,0.35,0.35,-1,-1,0.5,0.5,0.508191,0.131789
1,-1,2,0.35,0.35,-1,-1,0.55,0.55,0.508191,0.131789
1,-1,2,0.35,0.35,-1,-1,0.6,0.6,0.508191,0.131789
1,-1,2,0.35,0.35,-1,-1,0.65,0.65,0.508191,0.131789
1,-1,2,0.35,0.35,-1,-1,0.7,0.7,0.508191,0.131789
1,-1,2,0.35,0.35,-1,-1,0.75,0.75,0.508191,0.131789
1,-1,2,0.35,0.35,-1,-1,0.8,0.8,0.508191,0.131789
1,-1,2,0.35,0.35,-1,-1,0.85,0.85,0.508191,0.131789
1,-1,2,0.35,0.35,-1,-1,0.9,0.9,0.508191,0.131789
1,-1,2,0.35,0.35,-1,-1,0.95,0.95,0.508191,0.131789
1,-1,2,0.35,0.35,-1,-1,1.0,1.0,0.508191,0.131789
1,-1,2,0.4,0.35,-1,-1,0.05,0.05,0.508204,0.131344
1,-1,2,0.4,0.35,-1,-1,0.1,0.1,0.508362,0.130194
1,-1,2,0.4,0.35,-1,-1,0.15,0.15,0.508756,0.128764
1,-1,2,0.4,0.35,-1,-1,0.2,0.2,0.509321,0.127247
1,-1,2,0.4,0.35,-1,-1,0.25,0.25,0.510057,0.125478
1,-1,2,0.4,0.35,-1,-1,0.3,0.3,0.511279,0.123381
1,-1,2,0.4,0.35,-1,-1,0.35,0.35,0.512843,0.121381
1,-1,2,0.4,0.35,-1,-1,0.4,0.4,0.514775,0.119438
1,-1,2,0.4,0.35,-1,-1,0.45,0.45,0.517232,0.117244
1,-1,2,0.4,0.35,-1,-1,0.5,0.5,0.522094,0.114123
1,-1,2,0.4,0.35,-1,-1,0.55,0.55,0.525301,0.111939
1,-1,2,0.4,0.35,-1,-1,0.6,0.6,0.528494,0.110238
1,-1,2,0.4,0.35,-1,-1,0.65,0.65,0.531648,0.109039
1,-1,2,0.4,0.35,-1,-1,0.7,0.7,0.53471,0.108131
1,-1,2,0.4,0.35,-1,-1,0.75,0.75,0.537101,0.107483
1,-1,2,0.4,0.35,-1,-1,0.8,0.8,0.539546,0.106846
1,-1,2,0.4,0.35,-1,-1,0.85,0.85,0.541412,0.106604
1,-1,2,0.4,0.35,-1,-1,0.9,0.9,0.543435,0.106469
1,-1,2,0.4,0.35,-1,-1,0.95,0.95,0.545682,0.106372
1,-1,2,0.4,0.35,-1,-1,1.0,1.0,0.551412,0.106343
1,-1,2,0.45,0.35,-1,-1,0.05,0.05,0.508214,0.130926
1,-1,2,0.45,0.35,-1,-1,0.1,0.1,0.508495,0.128695
1,-1,2,0.45,0.35,-1,-1,0.15,0.15,0.509198,0.12592
1,-1,2,0.45,0.35,-1,-1,0.2,0.2,0.510205,0.122976
1,-1,2,0.45,0.35,-1,-1,0.25,0.25,0.511517,0.119544
1,-1,2,0.45,0.35,-1,-1,0.3,0.3,0.513695,0.115475
1,-1,2,0.45,0.35,-1,-1,0.35,0.35,0.516482,0.111593
1,-1,2,0.45,0.35,-1,-1,0.4,0.4,0.519925,0.107824
1,-1,2,0.45,0.35,-1,-1,0.45,0.45,0.524304,0.103567
1,-1,2,0.45,0.35,-1,-1,0.5,0.5,0.53297,0.09751
1,-1,2,0.45,0.35,-1,-1,0.55,0.55,0.538684,0.093272
1,-1,2,0.45,0.35,-1,-1,0.6,0.6,0.544376,0.089972
1,-1,2,0.45,0.35,-1,-1,0.65,0.65,0.549997,0.087647
1,-1,2,0.45,0.35,-1,-1,0.7,0.7,0.555454,0.085884
1,-1,2,0.45,0.35,-1,-1,0.75,0.75,0.559716,0.084628
1,-1,2,0.45,0.35,-1,-1,0.8,0.8,0.564072,0.08339
1,-1,2,0.45,0.35,-1,-1,0.85,0.85,0.567398,0.082921
1,-1,2,0.45,0.35,-1,-1,0.9,0.9,0.571005,0.082659
1,-1,2,0.45,0.35,-1,-1,0.95,0.95,0.57501,0.082471
1,-1,2,0.45,0.35,-1,-1,1.0,1.0,0.585221,0.082415
1,-1,2,0.5,0.35,-1,-1,0.05,0.05,0.508226,0.130668
1,-1,2,0.5,0.35,-1,-1,0.1,0.1,0.508643,0.127767
1,-1,2,0.5,0.35,-1,-1,0.15,0.15,0.509686,0.124159
1,-1,2,0.5,0.35,-1,-1,0.2,0.2,0.51118,0.120332
1,-1,2,0.5,0.35,-1,-1,0.25,0.25,0.513127,0.11587
1,-1,2,0.5,0.35,-1,-1,0.3,0.3,0.51636,0.110581
1,-1,2,0.5,0.35,-1,-1,0.35,0.35,0.520496,0.105534
1,-1,2,0.5,0.35,-1,-1,0.4,0.4,0.525606,0.100635
1,-1,2,0.5,0.35,-1,-1,0.45,0.45,0.532106,0.095101
1,-1,2,0.5,0.35,-1,-1,0.5,0.5,0.544967,0.087227
1,-1,2,0.5,0.35,-1,-1,0.55,0.55,0.553449,0.081718
1,-1,2,0.5,0.35,-1,-1,0.6,0.6,0.561895,0.077427
1,-1,2,0.5,0.35,-1,-1,0.65,0.65,0.570238,0.074404
1,-1,2,0.5,0.35,-1,-1,0.7,0.7,0.578337,0.072113
1,-1,2,0.5,0.35,-1,-1,0.75,0.75,0.584663,0.07048
1,-1,2,0.5,0.35,-1,-1,0.8,0.8,0.591129,0.068871
1,-1,2,0.5,0.35,-1,-1,0.85,0.85,0.596065,0.068261
1,-1,2,0.5,0.35,-1,-1,0.9,0.9,0.601418,0.06792
1,-1,2,0.5,0.35,-1,-1,0.95,0.95,0.607362,0.067676
1,-1,2,0.5,0.35,-1,-1,1.0,1.0,0.622517,0.067603
1,-1,2,0.55,0.35,-1,-1,0.05,0.05,0.508236,0.130402
1,-1,2,0.55,0.35,-1,-1,0.1,0.1,0.50877,0.126815
1,-1,2,0.55,0.35,-1,-1,0.15,0.15,0.510105,0.122353
1,-1,2,0.55,0.35,-1,-1,0.2,0.2,0.512019,0.11762
1,-1,2,0.55,0.35,-1,-1,0.25,0.25,0.514511,0.112103
1,-1,2,0.55,0.35,-1,-1,0.3,0.3,0.518651,0.105561
1,-1,2,0.55,0.35,-1,-1,0.35,0.35,0.523947,0.099321
1,-1,2,0.55,0.35,-1,-1,0.4,0.4,0.53049,0.093261
1,-1,2,0.55,0.35,-1,-1,0.45,0.45,0.538814,0.086418
1,-1,2,0.55,0.35,-1,-1,0.5,0.5,0.555282,0.07668
1,-1,2,0.55,0.35,-1,-1,0.55,0.55,0.566142,0.069867
1,-1,2,0.55,0.35,-1,-1,0.6,0.6,0.576958,0.064561
1,-1,2,0.55,0.35,-1,-1,0.65,0.65,0.587641,0.060823
1,-1,2,0.55,0.35,-1,-1,0.7,0.7,0.598011,0.057989
1,-1,2,0.55,0.35,-1,-1,0.75,0.75,0.606112,0.055969
1,-1,2,0.55,0.35,-1,-1,0.8,0.8,0.614391,0.05398
1,-1,2,0.55,0.35,-1,-1,0.85,0.85,0.620711,0.053226
1,-1,2,0.55,0.35,-1,-1,0.9,0.9,0.627566,0.052804
1,-1,2,0.55,0.35,-1,-1,0.95,0.95,0.635177,0.052502
1,-1,2,0.55,0.35,-1,-1,1.0,1.0,0.654583,0.052412
1,-1,2,0.6,0.35,-1,-1,0.05,0.05,0.508245,0.130203
1,-1,2,0.6,0.35,-1,-1,0.1,0.1,0.508898,0.126101
1,-1,2,0.6,0.35,-1,-1,0.15,0.15,0.510529,0.120999
1,-1,2,0.6,0.35,-1,-1,0.2,0.2,0.512866,0.115586
1,-1,2,0.6,0.35,-1,-1,0.25,0.25,0.515911,0.109277
1,-1,2,0.6,0.35,-1,-1,0.3,0.3,0.520967,0.101796
1,-1,2,0.6,0.35,-1,-1,0.35,0.35,0.527436,0.09466
1,-1,2,0.6,0.35,-1,-1,0.4,0.4,0.535428,0.087731
1,-1,2,0.6,0.35,-1,-1,0.45,0.45,0.545594,0.079905
1,-1,2,0.6,0.35,-1,-1,0.5,0.5,0.56571,0.06877
1,-1,2,0.6,0.35,-1,-1,0.55,0.55,0.578975,0.060979
1,-1,2,0.6,0.35,-1,-1,0.6,0.6,0.592186,0.054911
1,-1,2,0.6,0.35,-1,-1,0.65,0.65,0.605233,0.050636
1,-1,2,0.6,0.35,-1,-1,0.7,0.7,0.6179,0.047396
1,-1,2,0.6,0.35,-1,-1,0.75,0.75,0.627795,0.045086
1,-1,2,0.6,0.35,-1,-1,0.8,0.8,0.637907,0.042811
1,-1,2,0.6,0.35,-1,-1,0.85,0.85,0.645627,0.041949
1,-1,2,0.6,0.35,-1,-1,0.9,0.9,0.653999,0.041466
1,-1,2,0.6,0.35,-1,-1,0.95,0.95,0.663296,0.041121
1,-1,2,0.6,0.35,-1,-1,1.0,1.0,0.686999,0.041018
1,-1,2,0.65,0.35,-1,-1,0.05,0.05,0.508255,0.130064
1,-1,2,0.65,0.35,-1,-1,0.1,0.1,0.509026,0.125601
1,-1,2,0.65,0.35,-1,-1,0.15,0.15,0.510953,0.12005
1,-1,2,0.65,0.35,-1,-1,0.2,0.2,0.513714,0.114162
1,-1,2,0.65,0.35,-1,-1,0.25,0.25,0.51731,0.107299
1,-1,2,0.65,0.35,-1,-1,0.3,0.3,0.523283,0.099161
1,-1,2,0.65,0.35,-1,-1,0.35,0.35,0.530925,0.091398
1,-1,2,0.65,0.35,-1,-1,0.4,0.4,0.540366,0.083859
1,-1,2,0.65,0.35,-1,-1,0.45,0.45,0.552375,0.075346
1,-1,2,0.65,0.35,-1,-1,0.5,0.5,0.576137,0.063232
1,-1,2,0.65,0.35,-1,-1,0.55,0.55,0.591807,0.054757
1,-1,2,0.65,0.35,-1,-1,0.6,0.6,0.607413,0.048156
1,-1,2,0.65,0.35,-1,-1,0.65,0.65,0.622826,0.043506
1,-1,2,0.65,0.35,-1,-1,0.7,0.7,0.637789,0.03998
1,-1,2,0.65,0.35,-1,-1,0.75,0.75,0.649477,0.037467
1,-1,2,0.65,0.35,-1,-1,0.8,0.8,0.661422,0.034992
1,-1,2,0.65,0.35,-1,-1,0.85,0.85,0.670542,0.034055
1,-1,2,0.65,0.35,-1,-1,0.9,0.9,0.680432,0.03353
1,-1,2,0.65,0.35,-1,-1,0.95,0.95,0.691414,0.033154
1,-1,2,0.65,0.35,-1,-1,1.0,1.0,0.719414,0.033042
1,-1,2,0.7,0.35,-1,-1,0.05,0.05,0.508262,0.129905
1,-1,2,0.7,0.35,-1,-1,0.1,0.1,0.50912,0.12503
1,-1,2,0.7,0.35,-1,-1,0.15,0.15,0.511262,0.118967
1,-1,2,0.7,0.35,-1,-1,0.2,0.2,0.514334,0.112535
1,-1,2,0.7,0.35,-1,-1,0.25,0.25,0.518334,0.105039
1,-1,2,0.7,0.35,-1,-1,0.3,0.3,0.524976,0.096149
1,-1,2,0.7,0.35,-1,-1,0.35,0.35,0.533476,0.087669
1,-1,2,0.7,0.35,-1,-1,0.4,0.4,0.543976,0.079435
1,-1,2,0.7,0.35,-1,-1,0.45,0.45,0.557333,0.070136
1,-1,2,0.7,0.35,-1,-1,0.5,0.5,0.583761,0.056904
1,-1,2,0.7,0.35,-1,-1,0.55,0.55,0.60119,0.047646
1,-1,2,0.7,0.35,-1,-1,0.6,0.6,0.618547,0.040436
1,-1,2,0.7,0.35,-1,-1,0.65,0.65,0.635689,0.035356
1,-1,2,0.7,0.35,-1,-1,0.7,0.7,0.652332,0.031506
1,-1,2,0.7,0.35,-1,-1,0.75,0.75,0.665331,0.028761
1,-1,2,0.7,0.35,-1,-1,0.8,0.8,0.678617,0.026057
1,-1,2,0.7,0.35,-1,-1,0.85,0.85,0.68876,0.025033
1,-1,2,0.7,0.35,-1,-1,0.9,0.9,0.699759,0.02446
1,-1,2,0.7,0.35,-1,-1,0.95,0.95,0.711974,0.02405
1,-1,2,0.7,0.35,-1,-1,1.0,1.0,0.743116,0.023927
1,-1,2,0.75,0.35,-1,-1,0.05,0.05,0.508272,0.129805
1,-1,2,0.75,0.35,-1,-1,0.1,0.1,0.509241,0.124673
1,-1,2,0.75,0.35,-1,-1,0.15,0.15,0.511663,0.11829
1,-1,2,0.75,0.35,-1,-1,0.2,0.2,0.515136,0.111518
1,-1,2,0.75,0.35,-1,-1,0.25,0.25,0.519658,0.103626
1,-1,2,0.75,0.35,-1,-1,0.3,0.3,0.527168,0.094267
1,-1,2,0.75,0.35,-1,-1,0.35,0.35,0.536778,0.085339
1,-1,2,0.75,0.35,-1,-1,0.4,0.4,0.548648,0.07667
1,-1,2,0.75,0.35,-1,-1,0.45,0.45,0.563749,0.06688
1,-1,2,0.75,0.35,-1,-1,0.5,0.5,0.593628,0.052949
1,-1,2,0.75,0.35,-1,-1,0.55,0.55,0.613332,0.043202
1,-1,2,0.75,0.35,-1,-1,0.6,0.6,0.632955,0.035611
1,-1,2,0.75,0.35,-1,-1,0.65,0.65,0.652336,0.030263
1,-1,2,0.75,0.35,-1,-1,0.7,0.7,0.671151,0.026209
1,-1,2,0.75,0.35,-1,-1,0.75,0.75,0.685848,0.023319
1,-1,2,0.75,0.35,-1,-1,0.8,0.8,0.700869,0.020473
1,-1,2,0.75,0.35,-1,-1,0.85,0.85,0.712336,0.019394
1,-1,2,0.75,0.35,-1,-1,0.9,0.9,0.724772,0.018791
1,-1,2,0.75,0.35,-1,-1,0.95,0.95,0.738581,0.018359
1,-1,2,0.75,0.35,-1,-1,1.0,1.0,0.773789,0.01823
1,-1,2,0.8,0.35,-1,-1,0.05,0.05,0.508279,0.129646
1,-1,2,0.8,0.35,-1,-1,0.1,0.1,0.509339,0.124102
1,-1,2,0.8,0.35,-1,-1,0.15,0.15,0.511987,0.117206
1,-1,2,0.8,0.35,-1,-1,0.2,0.2,0.515783,0.109891
1,-1,2,0.8,0.35,-1,-1,0.25,0.25,0.520726,0.101365
1,-1,2,0.8,0.35,-1,-1,0.3,0.3,0.528936,0.091255
1,-1,2,0.8,0.35,-1,-1,0.35,0.35,0.539441,0.081611
1,-1,2,0.8,0.35,-1,-1,0.4,0.4,0.552418,0.072246
1,-1,2,0.8,0.35,-1,-1,0.45,0.45,0.568926,0.06167
1,-1,2,0.8,0.35,-1,-1,0.5,0.5,0.601589,0.046621
1,-1,2,0.8,0.35,-1,-1,0.55,0.55,0.623128,0.036091
1,-1,2,0.8,0.35,-1,-1,0.6,0.6,0.64458,0.027891
1,-1,2,0.8,0.35,-1,-1,0.65,0.65,0.665766,0.022114
1,-1,2,0.8,0.35,-1,-1,0.7,0.7,0.686335,0.017734
1,-1,2,0.8,0.35,-1,-1,0.75,0.75,0.702402,0.014613
1,-1,2,0.8,0.35,-1,-1,0.8,0.8,0.718821,0.011538
1,-1,2,0.8,0.35,-1,-1,0.85,0.85,0.731357,0.010373
1,-1,2,0.8,0.35,-1,-1,0.9,0.9,0.744951,0.009721
1,-1,2,0.8,0.35,-1,-1,0.95,0.95,0.760047,0.009255
1,-1,2,0.8,0.35,-1,-1,1.0,1.0,0.798536,0.009115
1,-1,2,0.85,0.35,-1,-1,0.05,0.05,0.508288,0.129573
1,-1,2,0.85,0.35,-1,-1,0.1,0.1,0.509446,0.12384
1,-1,2,0.85,0.35,-1,-1,0.15,0.15,0.512342,0.116709
1,-1,2,0.85,0.35,-1,-1,0.2,0.2,0.516494,0.109145
1,-1,2,0.85,0.35,-1,-1,0.25,0.25,0.5219,0.100329
1,-1,2,0.85,0.35,-1,-1,0.3,0.3,0.530879,0.089874
1,-1,2,0.85,0.35,-1,-1,0.35,0.35,0.542367,0.079902
1,-1,2,0.85,0.35,-1,-1,0.4,0.4,0.556559,0.070218
1,-1,2,0.85,0.35,-1,-1,0.45,0.45,0.574613,0.059282
1,-1,2,0.85,0.35,-1,-1,0.5,0.5,0.610334,0.04372
1,-1,2,0.85,0.35,-1,-1,0.55,0.55,0.633891,0.032832
1,-1,2,0.85,0.35,-1,-1,0.6,0.6,0.657351,0.024353
1,-1,2,0.85,0.35,-1,-1,0.65,0.65,0.680521,0.018379
1,-1,2,0.85,0.35,-1,-1,0.7,0.7,0.703016,0.01385
1,-1,2,0.85,0.35,-1,-1,0.75,0.75,0.720587,0.010622
1,-1,2,0.85,0.35,-1,-1,0.8,0.8,0.738544,0.007442
1,-1,2,0.85,0.35,-1,-1,0.85,0.85,0.752253,0.006238
1,-1,2,0.85,0.35,-1,-1,0.9,0.9,0.767121,0.005563
1,-1,2,0.85,0.35,-1,-1,0.95,0.95,0.78363,0.005081
1,-1,2,0.85,0.35,-1,-1,1.0,1.0,0.825723,0.004937
1,-1,2,0.9,0.35,-1,-1,0.05,0.05,0.508298,0.129526
1,-1,2,0.9,0.35,-1,-1,0.1,0.1,0.509577,0.123673
1,-1,2,0.9,0.35,-1,-1,0.15,0.15,0.512775,0.116393
1,-1,2,0.9,0.35,-1,-1,0.2,0.2,0.51736,0.108671
1,-1,2,0.9,0.35,-1,-1,0.25,0.25,0.52333,0.09967
1,-1,2,0.9,0.35,-1,-1,0.3,0.3,0.533245,0.088996
1,-1,2,0.9,0.35,-1,-1,0.35,0.35,0.545931,0.078814
1,-1,2,0.9,0.35,-1,-1,0.4,0.4,0.561603,0.068928
1,-1,2,0.9,0.35,-1,-1,0.45,0.45,0.58154,0.057762
1,-1,2,0.9,0.35,-1,-1,0.5,0.5,0.620986,0.041875
1,-1,2,0.9,0.35,-1,-1,0.55,0.55,0.646999,0.030758
1,-1,2,0.9,0.35,-1,-1,0.6,0.6,0.672906,0.022101
1,-1,2,0.9,0.35,-1,-1,0.65,0.65,0.698492,0.016002
1,-1,2,0.9,0.35,-1,-1,0.7,0.7,0.723333,0.011379
1,-1,2,0.9,0.35,-1,-1,0.75,0.75,0.742736,0.008083
1,-1,2,0.9,0.35,-1,-1,0.8,0.8,0.762566,0.004837
1,-1,2,0.9,0.35,-1,-1,0.85,0.85,0.777705,0.003607
1,-1,2,0.9,0.35,-1,-1,0.9,0.9,0.794123,0.002918
1,-1,2,0.9,0.35,-1,-1,0.95,0.95,0.812353,0.002427
1,-1,2,0.9,0.35,-1,-1,1.0,1.0,0.858836,0.002279
1,-1,2,0.95,0.35,-1,-1,0.05,0.05,0.50831,0.129493
1,-1,2,0.95,0.35,-1,-1,0.1,0.1,0.509738,0.123554
1,-1,2,0.95,0.35,-1,-1,0.15,0.15,0.513309,0.116168
1,-1,2,0.95,0.35,-1,-1,0.2,0.2,0.518426,0.108332
1,-1,2,0.95,0.35,-1,-1,0.25,0.25,0.52509,0.099199
1,-1,2,0.95,0.35,-1,-1,0.3,0.3,0.536158,0.088369
1,-1,2,0.95,0.35,-1,-1,0.35,0.35,0.550321,0.078038
1,-1,2,0.95,0.35,-1,-1,0.4,0.4,0.567815,0.068006
1,-1,2,0.95,0.35,-1,-1,0.45,0.45,0.59007,0.056677
1,-1,2,0.95,0.35,-1,-1,0.5,0.5,0.634104,0.040556
1,-1,2,0.95,0.35,-1,-1,0.55,0.55,0.663143,0.029277
1,-1,2,0.95,0.35,-1,-1,0.6,0.6,0.692063,0.020493
1,-1,2,0.95,0.35,-1,-1,0.65,0.65,0.720625,0.014304
1,-1,2,0.95,0.35,-1,-1,0.7,0.7,0.748354,0.009613
1,-1,2,0.95,0.35,-1,-1,0.75,0.75,0.770014,0.006269
1,-1,2,0.95,0.35,-1,-1,0.8,0.8,0.79215,0.002975
1,-1,2,0.95,0.35,-1,-1,0.85,0.85,0.80905,0.001727
1,-1,2,0.95,0.35,-1,-1,0.9,0.9,0.827377,0.001029
1,-1,2,0.95,0.35,-1,-1,0.95,0.95,0.847728,0.00053
1,-1,2,0.95,0.35,-1,-1,1.0,1.0,0.899617,0.00038
1,-1,2,1.0,0.35,-1,-1,0.05,0.05,0.508341,0.129487
1,-1,2,1.0,0.35,-1,-1,0.1,0.1,0.510135,0.12353
1,-1,2,1.0,0.35,-1,-1,0.15,0.15,0.514621,0.116122
1,-1,2,1.0,0.35,-1,-1,0.2,0.2,0.521051,0.108264
1,-1,2,1.0,0.35,-1,-1,0.25,0.25,0.529424,0.099105
1,-1,2,1.0,0.35,-1,-1,0.3,0.3,0.543331,0.088243
1,-1,2,1.0,0.35,-1,-1,0.35,0.35,0.561125,0.077882
1,-1,2,1.0,0.35,-1,-1,0.4,0.4,0.583106,0.067822
1,-1,2,1.0,0.35,-1,-1,0.45,0.45,0.611069,0.05646
1,-1,2,1.0,0.35,-1,-1,0.5,0.5,0.666395,0.040293
1,-1,2,1.0,0.35,-1,-1,0.55,0.55,0.702881,0.028981
1,-1,2,1.0,0.35,-1,-1,0.6,0.6,0.739217,0.020171
1,-1,2,1.0,0.35,-1,-1,0.65,0.65,0.775105,0.013965
1,-1,2,1.0,0.35,-1,-1,0.7,0.7,0.809945,0.00926
1,-1,2,1.0,0.35,-1,-1,0.75,0.75,0.83716,0.005906
1,-1,2,1.0,0.35,-1,-1,0.8,0.8,0.864973,0.002603
1,-1,2,1.0,0.35,-1,-1,0.85,0.85,0.886207,0.001351
1,-1,2,1.0,0.35,-1,-1,0.9,0.9,0.909234,0.000651
1,-1,2,1.0,0.35,-1,-1,0.95,0.95,0.934804,0.00015
1,-1,2,1.0,0.35,-1,-1,1.0,1.0,1.0,0.0
1,-1,2,0.4,0.4,-1,-1,0.05,0.05,0.551412,0.106343
1,-1,2,0.4,0.4,-1,-1,0.1,0.1,0.551412,0.106343
1,-1,2,0.4,0.4,-1,-1,0.15,0.15,0.551412,0.106343
1,-1,2,0.4,0.4,-1,-1,0.2,0.2,0.551412,0.106343
1,-1,2,0.4,0.4,-1,-1,0.25,0.25,0.551412,0.106343
1,-1,2,0.4,0.4,-1,-1,0.3,0.3,0.551412,0.106343
1,-1,2,0.4,0.4,-1,-1,0.35,0.35,0.551412,0.106343
1,-1,2,0.4,0.4,-1,-1,0.4,0.4,0.551412,0.106343
1,-1,2,0.4,0.4,-1,-1,0.45,0.45,0.551412,0.106343
1,-1,2,0.4,0.4,-1,-1,0.5,0.5,0.551412,0.106343
1,-1,2,0.4,0.4,-1,-1,0.55,0.55,0.551412,0.106343
1,-1,2,0.4,0.4,-1,-1,0.6,0.6,0.551412,0.106343
1,-1,2,0.4,0.4,-1,-1,0.65,0.65,0.551412,0.106343
1,-1,2,0.4,0.4,-1,-1,0.7,0.7,0.551412,0.106343
1,-1,2,0.4,0.4,-1,-1,0.75,0.75,0.551412,0.106343
1,-1,2,0.4,0.4,-1,-1,0.8,0.8,0.551412,0.106343
1,-1,2,0.4,0.4,-1,-1,0.85,0.85,0.551412,0.106343
1,-1,2,0.4,0.4,-1,-1,0.9,0.9,0.551412,0.106343
1,-1,2,0.4,0.4,-1,-1,0.95,0.95,0.551412,0.106343
1,-1,2,0.4,0.4,-1,-1,1.0,1.0,0.551412,0.106343
1,-1,2,0.45,0.4,-1,-1,0.05,0.05,0.551422,0.105925
1,-1,2,0.45,0.4,-1,-1,0.1,0.1,0.551546,0.104844
1,-1,2,0.45,0.4,-1,-1,0.15,0.15,0.551854,0.103499
1,-1,2,0.45,0.4,-1,-1,0.2,0.2,0.552296,0.102072
1,-1,2,0.45,0.4,-1,-1,0.25,0.25,0.552872,0.100409
1,-1,2,0.45,0.4,-1,-1,0.3,0.3,0.553828,0.098437
1,-1,2,0.45,0.4,-1,-1,0.35,0.35,0.555051,0.096556
1,-1,2,0.45,0.4,-1,-1,0.4,0.4,0.556562,0.094729
1,-1,2,0.45,0.4,-1,-1,0.45,0.45,0.558484,0.092666
1,-1,2,0.45,0.4,-1,-1,0.5,0.5,0.562288,0.089731
1,-1,2,0.45,0.4,-1,-1,0.55,0.55,0.564796,0.087677
1,-1,2,0.45,0.4,-1,-1,0.6,0.6,0.567294,0.086077
1,-1,2,0.45,0.4,-1,-1,0.65,0.65,0.569761,0.08495
1,-1,2,0.45,0.4,-1,-1,0.7,0.7,0.572156,0.084096
1,-1,2,0.45,0.4,-1,-1,0.75,0.75,0.574027,0.083487
1,-1,2,0.45,0.4,-1,-1,0.8,0.8,0.575939,0.082888
1,-1,2,0.45,0.4,-1,-1,0.85,0.85,0.577398,0.08266
1,-1,2,0.45,0.4,-1,-1,0.9,0.9,0.578981,0.082533
1,-1,2,0.45,0.4,-1,-1,0.95,0.95,0.580739,0.082442
1,-1,2,0.45,0.4,-1,-1,1.0,1.0,0.585221,0.082415
1,-1,2,0.5,0.4,-1,-1,0.05,0.05,0.551434,0.105666
1,-1,2,0.5,0.4,-1,-1,0.1,0.1,0.551693,0.103915
1,-1,2,0.5,0.4,-1,-1,0.15,0.15,0.552342,0.101738
1,-1,2,0.5,0.4,-1,-1,0.2,0.2,0.553271,0.099428
1,-1,2,0.5,0.4,-1,-1,0.25,0.25,0.554482,0.096735
1,-1,2,0.5,0.4,-1,-1,0.3,0.3,0.556492,0.093542
1,-1,2,0.5,0.4,-1,-1,0.35,0.35,0.559065,0.090497
1,-1,2,0.5,0.4,-1,-1,0.4,0.4,0.562243,0.087539
1,-1,2,0.5,0.4,-1,-1,0.45,0.45,0.566286,0.0842
1,-1,2,0.5,0.4,-1,-1,0.5,0.5,0.574285,0.079447
1,-1,2,0.5,0.4,-1,-1,0.55,0.55,0.57956,0.076122
1,-1,2,0.5,0.4,-1,-1,0.6,0.6,0.584813,0.073532
1,-1,2,0.5,0.4,-1,-1,0.65,0.65,0.590002,0.071708
1,-1,2,0.5,0.4,-1,-1,0.7,0.7,0.595039,0.070325
1,-1,2,0.5,0.4,-1,-1,0.75,0.75,0.598974,0.069339
1,-1,2,0.5,0.4,-1,-1,0.8,0.8,0.602995,0.068368
1,-1,2,0.5,0.4,-1,-1,0.85,0.85,0.606065,0.068
1,-1,2,0.5,0.4,-1,-1,0.9,0.9,0.609394,0.067794
1,-1,2,0.5,0.4,-1,-1,0.95,0.95,0.613091,0.067647
1,-1,2,0.5,0.4,-1,-1,1.0,1.0,0.622517,0.067603
1,-1,2,0.55,0.4,-1,-1,0.05,0.05,0.551443,0.105401
1,-1,2,0.55,0.4,-1,-1,0.1,0.1,0.55182,0.102963
1,-1,2,0.55,0.4,-1,-1,0.15,0.15,0.552761,0.099932
1,-1,2,0.55,0.4,-1,-1,0.2,0.2,0.55411,0.096716
1,-1,2,0.55,0.4,-1,-1,0.25,0.25,0.555866,0.092968
1,-1,2,0.55,0.4,-1,-1,0.3,0.3,0.558784,0.088523
1,-1,2,0.55,0.4,-1,-1,0.35,0.35,0.562516,0.084283
1,-1,2,0.55,0.4,-1,-1,0.4,0.4,0.567128,0.080166
1,-1,2,0.55,0.4,-1,-1,0.45,0.45,0.572994,0.075517
1,-1,2,0.55,0.4,-1,-1,0.5,0.5,0.5846,0.068901
1,-1,2,0.55,0.4,-1,-1,0.55,0.55,0.592254,0.064271
1,-1,2,0.55,0.4,-1,-1,0.6,0.6,0.599876,0.060667
1,-1,2,0.55,0.4,-1,-1,0.65,0.65,0.607405,0.058127
1,-1,2,0.55,0.4,-1,-1,0.7,0.7,0.614714,0.056201
1,-1,2,0.55,0.4,-1,-1,0.75,0.75,0.620423,0.054829
1,-1,2,0.55,0.4,-1,-1,0.8,0.8,0.626257,0.053477
1,-1,2,0.55,0.4,-1,-1,0.85,0.85,0.630712,0.052965
1,-1,2,0.55,0.4,-1,-1,0.9,0.9,0.635542,0.052678
1,-1,2,0.55,0.4,-1,-1,0.95,0.95,0.640906,0.052473
1,-1,2,0.55,0.4,-1,-1,1.0,1.0,0.654583,0.052412
1,-1,2,0.6,0.4,-1,-1,0.05,0.05,0.551453,0.105202
1,-1,2,0.6,0.4,-1,-1,0.1,0.1,0.551948,0.102249
1,-1,2,0.6,0.4,-1,-1,0.15,0.15,0.553185,0.098577
1,-1,2,0.6,0.4,-1,-1,0.2,0.2,0.554957,0.094682
1,-1,2,0.6,0.4,-1,-1,0.25,0.25,0.557266,0.090142
1,-1,2,0.6,0.4,-1,-1,0.3,0.3,0.5611,0.084758
1,-1,2,0.6,0.4,-1,-1,0.35,0.35,0.566005,0.079623
1,-1,2,0.6,0.4,-1,-1,0.4,0.4,0.572065,0.074636
1,-1,2,0.6,0.4,-1,-1,0.45,0.45,0.579774,0.069004
1,-1,2,0.6,0.4,-1,-1,0.5,0.5,0.595027,0.06099
1,-1,2,0.6,0.4,-1,-1,0.55,0.55,0.605086,0.055383
1,-1,2,0.6,0.4,-1,-1,0.6,0.6,0.615104,0.051016
1,-1,2,0.6,0.4,-1,-1,0.65,0.65,0.624998,0.04794
1,-1,2,0.6,0.4,-1,-1,0.7,0.7,0.634603,0.045608
1,-1,2,0.6,0.4,-1,-1,0.75,0.75,0.642106,0.043946
1,-1,2,0.6,0.4,-1,-1,0.8,0.8,0.649773,0.042308
1,-1,2,0.6,0.4,-1,-1,0.85,0.85,0.655627,0.041688
1,-1,2,0.6,0.4,-1,-1,0.9,0.9,0.661976,0.041341
1,-1,2,0.6,0.4,-1,-1,0.95,0.95,0.669025,0.041092
1,-1,2,0.6,0.4,-1,-1,1.0,1.0,0.686999,0.041018
1,-1,2,0.65,0.4,-1,-1,0.05,0.05,0.551463,0.105062
1,-1,2,0.65,0.4,-1,-1,0.1,0.1,0.552076,0.10175
1,-1,2,0.65,0.4,-1,-1,0.15,0.15,0.553608,0.097629
1,-1,2,0.65,0.4,-1,-1,0.2,0.2,0.555805,0.093258
1,-1,2,0.65,0.4,-1,-1,0.25,0.25,0.558665,0.088164
1,-1,2,0.65,0.4,-1,-1,0.3,0.3,0.563416,0.082123
1,-1,2,0.65,0.4,-1,-1,0.35,0.35,0.569494,0.07636
1,-1,2,0.65,0.4,-1,-1,0.4,0.4,0.577003,0.070764
1,-1,2,0.65,0.4,-1,-1,0.45,0.45,0.586555,0.064445
1,-1,2,0.65,0.4,-1,-1,0.5,0.5,0.605455,0.055453
1,-1,2,0.65,0.4,-1,-1,0.55,0.55,0.617918,0.049161
1,-1,2,0.65,0.4,-1,-1,0.6,0.6,0.630331,0.044261
1,-1,2,0.65,0.4,-1,-1,0.65,0.65,0.64259,0.040809
1,-1,2,0.65,0.4,-1,-1,0.7,0.7,0.654491,0.038192
1,-1,2,0.65,0.4,-1,-1,0.75,0.75,0.663788,0.036327
1,-1,2,0.65,0.4,-1,-1,0.8,0.8,0.673289,0.03449
1,-1,2,0.65,0.4,-1,-1,0.85,0.85,0.680542,0.033794
1,-1,2,0.65,0.4,-1,-1,0.9,0.9,0.688408,0.033404
1,-1,2,0.65,0.4,-1,-1,0.95,0.95,0.697143,0.033125
1,-1,2,0.65,0.4,-1,-1,1.0,1.0,0.719414,0.033042
1,-1,2,0.7,0.4,-1,-1,0.05,0.05,0.55147,0.104903
1,-1,2,0.7,0.4,-1,-1,0.1,0.1,0.55217,0.101178
1,-1,2,0.7,0.4,-1,-1,0.15,0.15,0.553918,0.096546
1,-1,2,0.7,0.4,-1,-1,0.2,0.2,0.556425,0.091631
1,-1,2,0.7,0.4,-1,-1,0.25,0.25,0.559689,0.085903
1,-1,2,0.7,0.4,-1,-1,0.3,0.3,0.565109,0.079111
1,-1,2,0.7,0.4,-1,-1,0.35,0.35,0.572045,0.072632
1,-1,2,0.7,0.4,-1,-1,0.4,0.4,0.580614,0.06634
1,-1,2,0.7,0.4,-1,-1,0.45,0.45,0.591513,0.059235
1,-1,2,0.7,0.4,-1,-1,0.5,0.5,0.613079,0.049124
1,-1,2,0.7,0.4,-1,-1,0.55,0.55,0.627301,0.04205
1,-1,2,0.7,0.4,-1,-1,0.6,0.6,0.641465,0.036541
1,-1,2,0.7,0.4,-1,-1,0.65,0.65,0.655453,0.03266
1,-1,2,0.7,0.4,-1,-1,0.7,0.7,0.669034,0.029718
1,-1,2,0.7,0.4,-1,-1,0.75,0.75,0.679642,0.027621
1,-1,2,0.7,0.4,-1,-1,0.8,0.8,0.690483,0.025555
1,-1,2,0.7,0.4,-1,-1,0.85,0.85,0.69876,0.024772
1,-1,2,0.7,0.4,-1,-1,0.9,0.9,0.707736,0.024334
1,-1,2,0.7,0.4,-1,-1,0.95,0.95,0.717703,0.024021
1,-1,2,0.7,0.4,-1,-1,1.0,1.0,0.743116,0.023927
1,-1,2,0.75,0.4,-1,-1,0.05,0.05,0.55148,0.104804
1,-1,2,0.75,0.4,-1,-1,0.1,0.1,0.552291,0.100821
1,-1,2,0.75,0.4,-1,-1,0.15,0.15,0.554319,0.095868
1,-1,2,0.75,0.4,-1,-1,0.2,0.2,0.557227,0.090614
1,-1,2,0.75,0.4,-1,-1,0.25,0.25,0.561013,0.08449
1,-1,2,0.75,0.4,-1,-1,0.3,0.3,0.567301,0.077229
1,-1,2,0.75,0.4,-1,-1,0.35,0.35,0.575347,0.070301
1,-1,2,0.75,0.4,-1,-1,0.4,0.4,0.585286,0.063575
1,-1,2,0.75,0.4,-1,-1,0.45,0.45,0.597929,0.055978
1,-1,2,0.75,0.4,-1,-1,0.5,0.5,0.622946,0.045169
1,-1,2,0.75,0.4,-1,-1,0.55,0.55,0.639443,0.037606
1,-1,2,0.75,0.4,-1,-1,0.6,0.6,0.655873,0.031716
1,-1,2,0.75,0.4,-1,-1,0.65,0.65,0.6721,0.027567
1,-1,2,0.75,0.4,-1,-1,0.7,0.7,0.687854,0.024421
1,-1,2,0.75,0.4,-1,-1,0.75,0.75,0.700159,0.022179
1,-1,2,0.75,0.4,-1,-1,0.8,0.8,0.712735,0.01997
1,-1,2,0.75,0.4,-1,-1,0.85,0.85,0.722336,0.019134
1,-1,2,0.75,0.4,-1,-1,0.9,0.9,0.732748,0.018665
1,-1,2,0.75,0.4,-1,-1,0.95,0.95,0.74431,0.01833
1,-1,2,0.75,0.4,-1,-1,1.0,1.0,0.773789,0.01823
1,-1,2,0.8,0.4,-1,-1,0.05,0.05,0.551487,0.104644
1,-1,2,0.8,0.4,-1,-1,0.1,0.1,0.552389,0.10025
1,-1,2,0.8,0.4,-1,-1,0.15,0.15,0.554643,0.094785
1,-1,2,0.8,0.4,-1,-1,0.2,0.2,0.557874,0.088987
1,-1,2,0.8,0.4,-1,-1,0.25,0.25,0.562081,0.08223
1,-1,2,0.8,0.4,-1,-1,0.3,0.3,0.569069,0.074217
1,-1,2,0.8,0.4,-1,-1,0.35,0.35,0.57801,0.066573
1,-1,2,0.8,0.4,-1,-1,0.4,0.4,0.589055,0.059151
1,-1,2,0.8,0.4,-1,-1,0.45,0.45,0.603106,0.050768
1,-1,2,0.8,0.4,-1,-1,0.5,0.5,0.630906,0.038841
1,-1,2,0.8,0.4,-1,-1,0.55,0.55,0.64924,0.030496
1,-1,2,0.8,0.4,-1,-1,0.6,0.6,0.667498,0.023996
1,-1,2,0.8,0.4,-1,-1,0.65,0.65,0.685531,0.019418
1,-1,2,0.8,0.4,-1,-1,0.7,0.7,0.703037,0.015946
1,-1,2,0.8,0.4,-1,-1,0.75,0.75,0.716712,0.013472
1,-1,2,0.8,0.4,-1,-1,0.8,0.8,0.730688,0.011035
1,-1,2,0.8,0.4,-1,-1,0.85,0.85,0.741357,0.010112
1,-1,2,0.8,0.4,-1,-1,0.9,0.9,0.752928,0.009595
1,-1,2,0.8,0.4,-1,-1,0.95,0.95,0.765777,0.009226
1,-1,2,0.8,0.4,-1,-1,1.0,1.0,0.798536,0.009115
1,-1,2,0.85,0.4,-1,-1,0.05,0.05,0.551495,0.104571
1,-1,2,0.85,0.4,-1,-1,0.1,0.1,0.552496,0.099988
1,-1,2,0.85,0.4,-1,-1,0.15,0.15,0.554998,0.094288
1,-1,2,0.85,0.4,-1,-1,0.2,0.2,0.558585,0.088242
1,-1,2,0.85,0.4,-1,-1,0.25,0.25,0.563255,0.081194
1,-1,2,0.85,0.4,-1,-1,0.3,0.3,0.571012,0.072836
1,-1,2,0.85,0.4,-1,-1,0.35,0.35,0.580936,0.064864
1,-1,2,0.85,0.4,-1,-1,0.4,0.4,0.593197,0.057123
1,-1,2,0.85,0.4,-1,-1,0.45,0.45,0.608793,0.04838
1,-1,2,0.85,0.4,-1,-1,0.5,0.5,0.639652,0.03594
1,-1,2,0.85,0.4,-1,-1,0.55,0.55,0.660002,0.027236
1,-1,2,0.85,0.4,-1,-1,0.6,0.6,0.680269,0.020458
1,-1,2,0.85,0.4,-1,-1,0.65,0.65,0.700286,0.015682
1,-1,2,0.85,0.4,-1,-1,0.7,0.7,0.719718,0.012062
1,-1,2,0.85,0.4,-1,-1,0.75,0.75,0.734898,0.009482
1,-1,2,0.85,0.4,-1,-1,0.8,0.8,0.75041,0.00694
1,-1,2,0.85,0.4,-1,-1,0.85,0.85,0.762254,0.005977
1,-1,2,0.85,0.4,-1,-1,0.9,0.9,0.775098,0.005438
1,-1,2,0.85,0.4,-1,-1,0.95,0.95,0.78936,0.005053
1,-1,2,0.85,0.4,-1,-1,1.0,1.0,0.825723,0.004937
1,-1,2,0.9,0.4,-1,-1,0.05,0.05,0.551505,0.104525
1,-1,2,0.9,0.4,-1,-1,0.1,0.1,0.552627,0.099822
1,-1,2,0.9,0.4,-1,-1,0.15,0.15,0.555431,0.093972
1,-1,2,0.9,0.4,-1,-1,0.2,0.2,0.559451,0.087767
1,-1,2,0.9,0.4,-1,-1,0.25,0.25,0.564685,0.080535
1,-1,2,0.9,0.4,-1,-1,0.3,0.3,0.573377,0.071958
1,-1,2,0.9,0.4,-1,-1,0.35,0.35,0.5845,0.063777
1,-1,2,0.9,0.4,-1,-1,0.4,0.4,0.598241,0.055833
1,-1,2,0.9,0.4,-1,-1,0.45,0.45,0.61572,0.046861
1,-1,2,0.9,0.4,-1,-1,0.5,0.5,0.650304,0.034095
1,-1,2,0.9,0.4,-1,-1,0.55,0.55,0.67311,0.025163
1,-1,2,0.9,0.4,-1,-1,0.6,0.6,0.695824,0.018207
1,-1,2,0.9,0.4,-1,-1,0.65,0.65,0.718257,0.013306
1,-1,2,0.9,0.4,-1,-1,0.7,0.7,0.740035,0.009591
1,-1,2,0.9,0.4,-1,-1,0.75,0.75,0.757047,0.006943
1,-1,2,0.9,0.4,-1,-1,0.8,0.8,0.774432,0.004334
1,-1,2,0.9,0.4,-1,-1,0.85,0.85,0.787705,0.003346
1,-1,2,0.9,0.4,-1,-1,0.9,0.9,0.802099,0.002793
1,-1,2,0.9,0.4,-1,-1,0.95,0.95,0.818083,0.002398
1,-1,2,0.9,0.4,-1,-1,1.0,1.0,0.858836,0.002279
1,-1,2,0.95,0.4,-1,-1,0.05,0.05,0.551518,0.104492
1,-1,2,0.95,0.4,-1,-1,0.1,0.1,0.552788,0.099703
1,-1,2,0.95,0.4,-1,-1,0.15,0.15,0.555964,0.093747
1,-1,2,0.95,0.4,-1,-1,0.2,0.2,0.560517,0.087428
1,-1,2,0.95,0.4,-1,-1,0.25,0.25,0.566445,0.080064
1,-1,2,0.95,0.4,-1,-1,0.3,0.3,0.576291,0.07133
1,-1,2,0.95,0.4,-1,-1,0.35,0.35,0.58889,0.063
1,-1,2,0.95,0.4,-1,-1,0.4,0.4,0.604453,0.054911
1,-1,2,0.95,0.4,-1,-1,0.45,0.45,0.62425,0.045776
1,-1,2,0.95,0.4,-1,-1,0.5,0.5,0.663422,0.032777
1,-1,2,0.95,0.4,-1,-1,0.55,0.55,0.689254,0.023681
1,-1,2,0.95,0.4,-1,-1,0.6,0.6,0.714981,0.016598
1,-1,2,0.95,0.4,-1,-1,0.65,0.65,0.740389,0.011608
1,-1,2,0.95,0.4,-1,-1,0.7,0.7,0.765057,0.007825
1,-1,2,0.95,0.4,-1,-1,0.75,0.75,0.784325,0.005129
1,-1,2,0.95,0.4,-1,-1,0.8,0.8,0.804017,0.002473
1,-1,2,0.95,0.4,-1,-1,0.85,0.85,0.81905,0.001467
1,-1,2,0.95,0.4,-1,-1,0.9,0.9,0.835354,0.000903
1,-1,2,0.95,0.4,-1,-1,0.95,0.95,0.853458,0.000501
1,-1,2,0.95,0.4,-1,-1,1.0,1.0,0.899617,0.00038
1,-1,2,1.0,0.4,-1,-1,0.05,0.05,0.551548,0.104485
1,-1,2,1.0,0.4,-1,-1,0.1,0.1,0.553185,0.099679
1,-1,2,1.0,0.4,-1,-1,0.15,0.15,0.557277,0.093701
1,-1,2,1.0,0.4,-1,-1,0.2,0.2,0.563142,0.08736
1,-1,2,1.0,0.4,-1,-1,0.25,0.25,0.570779,0.079969
1,-1,2,1.0,0.4,-1,-1,0.3,0.3,0.583464,0.071205
1,-1,2,1.0,0.4,-1,-1,0.35,0.35,0.599694,0.062845
1,-1,2,1.0,0.4,-1,-1,0.4,0.4,0.619744,0.054726
1,-1,2,1.0,0.4,-1,-1,0.45,0.45,0.645249,0.045558
1,-1,2,1.0,0.4,-1,-1,0.5,0.5,0.695713,0.032513
1,-1,2,1.0,0.4,-1,-1,0.55,0.55,0.728992,0.023385
1,-1,2,1.0,0.4,-1,-1,0.6,0.6,0.762135,0.016277
1,-1,2,1.0,0.4,-1,-1,0.65,0.65,0.794869,0.011268
1,-1,2,1.0,0.4,-1,-1,0.7,0.7,0.826648,0.007472
1,-1,2,1.0,0.4,-1,-1,0.75,0.75,0.851471,0.004766
1,-1,2,1.0,0.4,-1,-1,0.8,0.8,0.876839,0.0021
1,-1,2,1.0,0.4,-1,-1,0.85,0.85,0.896207,0.00109
1,-1,2,1.0,0.4,-1,-1,0.9,0.9,0.917211,0.000525
1,-1,2,1.0,0.4,-1,-1,0.95,0.95,0.940534,0.000121
1,-1,2,1.0,0.4,-1,-1,1.0,1.0,1.0,0.0
1,-1,2,0.45,0.45,-1,-1,0.05,0.05,0.585221,0.082415
1,-1,2,0.45,0.45,-1,-1,0.1,0.1,0.585221,0.082415
1,-1,2,0.45,0.45,-1,-1,0.15,0.15,0.585221,0.082415
1,-1,2,0.45,0.45,-1,-1,0.2,0.2,0.585221,0.082415
1,-1,2,0.45,0.45,-1,-1,0.25,0.25,0.585221,0.082415
1,-1,2,0.45,0.45,-1,-1,0.3,0.3,0.585221,0.082415
1,-1,2,0.45,0.45,-1,-1,0.35,0.35,0.585221,0.082415
1,-1,2,0.45,0.45,-1,-1,0.4,0.4,0.585221,0.082415
1,-1,2,0.45,0.45,-1,-1,0.45,0.45,0.585221,0.082415
1,-1,2,0.45,0.45,-1,-1,0.5,0.5,0.585221,0.082415
1,-1,2,0.45,0.45,-1,-1,0.55,0.55,0.585221,0.082415
1,-1,2,0.45,0.45,-1,-1,0.6,0.6,0.585221,0.082415
1,-1,2,0.45,0.45,-1,-1,0.65,0.65,0.585221,0.082415
1,-1,2,0.45,0.45,-1,-1,0.7,0.7,0.585221,0.082415
1,-1,2,0.45,0.45,-1,-1,0.75,0.75,0.585221,0.082415
1,-1,2,0.45,0.45,-1,-1,0.8,0.8,0.585221,0.082415
1,-1,2,0.45,0.45,-1,-1,0.85,0.85,0.585221,0.082415
1,-1,2,0.45,0.45,-1,-1,0.9,0.9,0.585221,0.082415
1,-1,2,0.45,0.45,-1,-1,0.95,0.95,0.585221,0.082415
1,-1,2,0.45,0.45,-1,-1,1.0,1.0,0.585221,0.082415
1,-1,2,0.5,0.45,-1,-1,0.05,0.05,0.585232,0.082156
1,-1,2,0.5,0.45,-1,-1,0.1,0.1,0.585368,0.081487
1,-1,2,0.5,0.45,-1,-1,0.15,0.15,0.585709,0.080654
1,-1,2,0.5,0.45,-1,-1,0.2,0.2,0.586196,0.079771
1,-1,2,0.5,0.45,-1,-1,0.25,0.25,0.586831,0.078742
1,-1,2,0.5,0.45,-1,-1,0.3,0.3,0.587886,0.077521
1,-1,2,0.5,0.45,-1,-1,0.35,0.35,0.589235,0.076356
1,-1,2,0.5,0.45,-1,-1,0.4,0.4,0.590902,0.075226
1,-1,2,0.5,0.45,-1,-1,0.45,0.45,0.593023,0.073949
1,-1,2,0.5,0.45,-1,-1,0.5,0.5,0.597218,0.072132
1,-1,2,0.5,0.45,-1,-1,0.55,0.55,0.599985,0.07086
1,-1,2,0.5,0.45,-1,-1,0.6,0.6,0.602741,0.06987
1,-1,2,0.5,0.45,-1,-1,0.65,0.65,0.605462,0.069173
1,-1,2,0.5,0.45,-1,-1,0.7,0.7,0.608104,0.068644
1,-1,2,0.5,0.45,-1,-1,0.75,0.75,0.610168,0.068267
1,-1,2,0.5,0.45,-1,-1,0.8,0.8,0.612277,0.067896
1,-1,2,0.5,0.45,-1,-1,0.85,0.85,0.613888,0.067755
1,-1,2,0.5,0.45,-1,-1,0.9,0.9,0.615634,0.067676
1,-1,2,0.5,0.45,-1,-1,0.95,0.95,0.617573,0.06762
1,-1,2,0.5,0.45,-1,-1,1.0,1.0,0.622517,0.067603
1,-1,2,0.55,0.45,-1,-1,0.05,0.05,0.585242,0.081891
1,-1,2,0.55,0.45,-1,-1,0.1,0.1,0.585495,0.080535
1,-1,2,0.55,0.45,-1,-1,0.15,0.15,0.586128,0.078848
1,-1,2,0.55,0.45,-1,-1,0.2,0.2,0.587035,0.077059
1,-1,2,0.55,0.45,-1,-1,0.25,0.25,0.588216,0.074974
1,-1,2,0.55,0.45,-1,-1,0.3,0.3,0.590177,0.072501
1,-1,2,0.55,0.45,-1,-1,0.35,0.35,0.592687,0.070143
1,-1,2,0.55,0.45,-1,-1,0.4,0.4,0.595787,0.067852
1,-1,2,0.55,0.45,-1,-1,0.45,0.45,0.59973,0.065266
1,-1,2,0.55,0.45,-1,-1,0.5,0.5,0.607533,0.061585
1,-1,2,0.55,0.45,-1,-1,0.55,0.55,0.612679,0.05901
1,-1,2,0.55,0.45,-1,-1,0.6,0.6,0.617804,0.057004
1,-1,2,0.55,0.45,-1,-1,0.65,0.65,0.622865,0.055591
1,-1,2,0.55,0.45,-1,-1,0.7,0.7,0.627779,0.05452
1,-1,2,0.55,0.45,-1,-1,0.75,0.75,0.631617,0.053757
1,-1,2,0.55,0.45,-1,-1,0.8,0.8,0.63554,0.053005
1,-1,2,0.55,0.45,-1,-1,0.85,0.85,0.638534,0.05272
1,-1,2,0.55,0.45,-1,-1,0.9,0.9,0.641782,0.05256
1,-1,2,0.55,0.45,-1,-1,0.95,0.95,0.645388,0.052446
1,-1,2,0.55,0.45,-1,-1,1.0,1.0,0.654583,0.052412
1,-1,2,0.6,0.45,-1,-1,0.05,0.05,0.585252,0.081692
1,-1,2,0.6,0.45,-1,-1,0.1,0.1,0.585623,0.079821
1,-1,2,0.6,0.45,-1,-1,0.15,0.15,0.586552,0.077494
1,-1,2,0.6,0.45,-1,-1,0.2,0.2,0.587882,0.075025
1,-1,2,0.6,0.45,-1,-1,0.25,0.25,0.589615,0.072148
1,-1,2,0.6,0.45,-1,-1,0.3,0.3,0.592493,0.068737
1,-1,2,0.6,0.45,-1,-1,0.35,0.35,0.596175,0.065482
1,-1,2,0.6,0.45,-1,-1,0.4,0.4,0.600724,0.062322
1,-1,2,0.6,0.45,-1,-1,0.45,0.45,0.606511,0.058753
1,-1,2,0.6,0.45,-1,-1,0.5,0.5,0.617961,0.053675
1,-1,2,0.6,0.45,-1,-1,0.55,0.55,0.625511,0.050121
1,-1,2,0.6,0.45,-1,-1,0.6,0.6,0.633031,0.047354
1,-1,2,0.6,0.45,-1,-1,0.65,0.65,0.640458,0.045405
1,-1,2,0.6,0.45,-1,-1,0.7,0.7,0.647668,0.043927
1,-1,2,0.6,0.45,-1,-1,0.75,0.75,0.6533,0.042873
1,-1,2,0.6,0.45,-1,-1,0.8,0.8,0.659056,0.041836
1,-1,2,0.6,0.45,-1,-1,0.85,0.85,0.66345,0.041442
1,-1,2,0.6,0.45,-1,-1,0.9,0.9,0.668215,0.041222
1,-1,2,0.6,0.45,-1,-1,0.95,0.95,0.673507,0.041065
1,-1,2,0.6,0.45,-1,-1,1.0,1.0,0.686999,0.041018
1,-1,2,0.65,0.45,-1,-1,0.05,0.05,0.585262,0.081552
1,-1,2,0.65,0.45,-1,-1,0.1,0.1,0.585751,0.079321
1,-1,2,0.65,0.45,-1,-1,0.15,0.15,0.586975,0.076546
1,-1,2,0.65,0.45,-1,-1,0.2,0.2,0.58873,0.073602
1,-1,2,0.65,0.45,-1,-1,0.25,0.25,0.591015,0.07017
1,-1,2,0.65,0.45,-1,-1,0.3,0.3,0.594809,0.066101
1,-1,2,0.65,0.45,-1,-1,0.35,0.35,0.599664,0.06222
1,-1,2,0.65,0.45,-1,-1,0.4,0.4,0.605662,0.05845
1,-1,2,0.65,0.45,-1,-1,0.45,0.45,0.613292,0.054194
1,-1,2,0.65,0.45,-1,-1,0.5,0.5,0.628388,0.048137
1,-1,2,0.65,0.45,-1,-1,0.55,0.55,0.638343,0.043899
1,-1,2,0.65,0.45,-1,-1,0.6,0.6,0.648258,0.040599
1,-1,2,0.65,0.45,-1,-1,0.65,0.65,0.65805,0.038274
1,-1,2,0.65,0.45,-1,-1,0.7,0.7,0.667556,0.036511
1,-1,2,0.65,0.45,-1,-1,0.75,0.75,0.674982,0.035255
1,-1,2,0.65,0.45,-1,-1,0.8,0.8,0.682571,0.034017
1,-1,2,0.65,0.45,-1,-1,0.85,0.85,0.688365,0.033548
1,-1,2,0.65,0.45,-1,-1,0.9,0.9,0.694648,0.033286
1,-1,2,0.65,0.45,-1,-1,0.95,0.95,0.701625,0.033098
1,-1,2,0.65,0.45,-1,-1,1.0,1.0,0.719414,0.033042
1,-1,2,0.7,0.45,-1,-1,0.05,0.05,0.585269,0.081393
1,-1,2,0.7,0.45,-1,-1,0.1,0.1,0.585845,0.07875
1,-1,2,0.7,0.45,-1,-1,0.15,0.15,0.587285,0.075462
1,-1,2,0.7,0.45,-1,-1,0.2,0.2,0.58935,0.071975
1,-1,2,0.7,0.45,-1,-1,0.25,0.25,0.592038,0.06791
1,-1,2,0.7,0.45,-1,-1,0.3,0.3,0.596503,0.063089
1,-1,2,0.7,0.45,-1,-1,0.35,0.35,0.602215,0.058491
1,-1,2,0.7,0.45,-1,-1,0.4,0.4,0.609273,0.054026
1,-1,2,0.7,0.45,-1,-1,0.45,0.45,0.61825,0.048984
1,-1,2,0.7,0.45,-1,-1,0.5,0.5,0.636012,0.041809
1,-1,2,0.7,0.45,-1,-1,0.55,0.55,0.647726,0.036789
1,-1,2,0.7,0.45,-1,-1,0.6,0.6,0.659392,0.032879
1,-1,2,0.7,0.45,-1,-1,0.65,0.65,0.670913,0.030125
1,-1,2,0.7,0.45,-1,-1,0.7,0.7,0.682099,0.028036
1,-1,2,0.7,0.45,-1,-1,0.75,0.75,0.690836,0.026548
1,-1,2,0.7,0.45,-1,-1,0.8,0.8,0.699766,0.025082
1,-1,2,0.7,0.45,-1,-1,0.85,0.85,0.706583,0.024527
1,-1,2,0.7,0.45,-1,-1,0.9,0.9,0.713976,0.024216
1,-1,2,0.7,0.45,-1,-1,0.95,0.95,0.722185,0.023994
1,-1,2,0.7,0.45,-1,-1,1.0,1.0,0.743116,0.023927
1,-1,2,0.75,0.45,-1,-1,0.05,0.05,0.585278,0.081294
1,-1,2,0.75,0.45,-1,-1,0.1,0.1,0.585966,0.078393
1,-1,2,0.75,0.45,-1,-1,0.15,0.15,0.587686,0.074785
1,-1,2,0.75,0.45,-1,-1,0.2,0.2,0.590152,0.070958
1,-1,2,0.75,0.45,-1,-1,0.25,0.25,0.593362,0.066497
1,-1,2,0.75,0.45,-1,-1,0.3,0.3,0.598694,0.061207
1,-1,2,0.75,0.45,-1,-1,0.35,0.35,0.605517,0.056161
1,-1,2,0.75,0.45,-1,-1,0.4,0.4,0.613945,0.051261
1,-1,2,0.75,0.45,-1,-1,0.45,0.45,0.624666,0.045727
1,-1,2,0.75,0.45,-1,-1,0.5,0.5,0.645879,0.037854
1,-1,2,0.75,0.45,-1,-1,0.55,0.55,0.659868,0.032344
1,-1,2,0.75,0.45,-1,-1,0.6,0.6,0.6738,0.028054
1,-1,2,0.75,0.45,-1,-1,0.65,0.65,0.68756,0.025031
1,-1,2,0.75,0.45,-1,-1,0.7,0.7,0.700919,0.02274
1,-1,2,0.75,0.45,-1,-1,0.75,0.75,0.711353,0.021107
1,-1,2,0.75,0.45,-1,-1,0.8,0.8,0.722017,0.019498
1,-1,2,0.75,0.45,-1,-1,0.85,0.85,0.730159,0.018888
1,-1,2,0.75,0.45,-1,-1,0.9,0.9,0.738988,0.018547
1,-1,2,0.75,0.45,-1,-1,0.95,0.95,0.748792,0.018303
1,-1,2,0.75,0.45,-1,-1,1.0,1.0,0.773789,0.01823
1,-1,2,0.8,0.45,-1,-1,0.05,0.05,0.585286,0.081134
1,-1,2,0.8,0.45,-1,-1,0.1,0.1,0.586064,0.077822
1,-1,2,0.8,0.45,-1,-1,0.15,0.15,0.58801,0.073701
1,-1,2,0.8,0.45,-1,-1,0.2,0.2,0.590799,0.069331
1,-1,2,0.8,0.45,-1,-1,0.25,0.25,0.594431,0.064236
1,-1,2,0.8,0.45,-1,-1,0.3,0.3,0.600462,0.058195
1,-1,2,0.8,0.45,-1,-1,0.35,0.35,0.60818,0.052432
1,-1,2,0.8,0.45,-1,-1,0.4,0.4,0.617714,0.046837
1,-1,2,0.8,0.45,-1,-1,0.45,0.45,0.629843,0.040517
1,-1,2,0.8,0.45,-1,-1,0.5,0.5,0.65384,0.031525
1,-1,2,0.8,0.45,-1,-1,0.55,0.55,0.669665,0.025234
1,-1,2,0.8,0.45,-1,-1,0.6,0.6,0.685425,0.020334
1,-1,2,0.8,0.45,-1,-1,0.65,0.65,0.700991,0.016882
1,-1,2,0.8,0.45,-1,-1,0.7,0.7,0.716103,0.014265
1,-1,2,0.8,0.45,-1,-1,0.75,0.75,0.727907,0.0124
1,-1,2,0.8,0.45,-1,-1,0.8,0.8,0.73997,0.010563
1,-1,2,0.8,0.45,-1,-1,0.85,0.85,0.74918,0.009867
1,-1,2,0.8,0.45,-1,-1,0.9,0.9,0.759168,0.009477
1,-1,2,0.8,0.45,-1,-1,0.95,0.95,0.770258,0.009198
1,-1,2,0.8,0.45,-1,-1,1.0,1.0,0.798536,0.009115
1,-1,2,0.85,0.45,-1,-1,0.05,0.05,0.585294,0.081061
1,-1,2,0.85,0.45,-1,-1,0.1,0.1,0.586172,0.07756
1,-1,2,0.85,0.45,-1,-1,0.15,0.15,0.588365,0.073205
1,-1,2,0.85,0.45,-1,-1,0.2,0.2,0.59151,0.068585
1,-1,2,0.85,0.45,-1,-1,0.25,0.25,0.595604,0.0632
1,-1,2,0.85,0.45,-1,-1,0.3,0.3,0.602405,0.056815
1,-1,2,0.85,0.45,-1,-1,0.35,0.35,0.611106,0.050723
1,-1,2,0.85,0.45,-1,-1,0.4,0.4,0.621856,0.044809
1,-1,2,0.85,0.45,-1,-1,0.45,0.45,0.63553,0.038129
1,-1,2,0.85,0.45,-1,-1,0.5,0.5,0.662585,0.028625
1,-1,2,0.85,0.45,-1,-1,0.55,0.55,0.680427,0.021974
1,-1,2,0.85,0.45,-1,-1,0.6,0.6,0.698196,0.016796
1,-1,2,0.85,0.45,-1,-1,0.65,0.65,0.715746,0.013147
1,-1,2,0.85,0.45,-1,-1,0.7,0.7,0.732783,0.010381
1,-1,2,0.85,0.45,-1,-1,0.75,0.75,0.746092,0.008409
1,-1,2,0.85,0.45,-1,-1,0.8,0.8,0.759693,0.006467
1,-1,2,0.85,0.45,-1,-1,0.85,0.85,0.770076,0.005731
1,-1,2,0.85,0.45,-1,-1,0.9,0.9,0.781337,0.00532
1,-1,2,0.85,0.45,-1,-1,0.95,0.95,0.793841,0.005025
1,-1,2,0.85,0.45,-1,-1,1.0,1.0,0.825723,0.004937
1,-1,2,0.9,0.45,-1,-1,0.05,0.05,0.585304,0.081015
1,-1,2,0.9,0.45,-1,-1,0.1,0.1,0.586303,0.077393
1,-1,2,0.9,0.45,-1,-1,0.15,0.15,0.588798,0.072889
1,-1,2,0.9,0.45,-1,-1,0.2,0.2,0.592375,0.06811
1,-1,2,0.9,0.45,-1,-1,0.25,0.25,0.597034,0.062541
1,-1,2,0.9,0.45,-1,-1,0.3,0.3,0.604771,0.055936
1,-1,2,0.9,0.45,-1,-1,0.35,0.35,0.61467,0.049636
1,-1,2,0.9,0.45,-1,-1,0.4,0.4,0.6269,0.043519
1,-1,2,0.9,0.45,-1,-1,0.45,0.45,0.642456,0.03661
1,-1,2,0.9,0.45,-1,-1,0.5,0.5,0.673237,0.026779
1,-1,2,0.9,0.45,-1,-1,0.55,0.55,0.693536,0.019901
1,-1,2,0.9,0.45,-1,-1,0.6,0.6,0.713751,0.014544
1,-1,2,0.9,0.45,-1,-1,0.65,0.65,0.733717,0.01077
1,-1,2,0.9,0.45,-1,-1,0.7,0.7,0.7531,0.00791
1,-1,2,0.9,0.45,-1,-1,0.75,0.75,0.768241,0.00587
1,-1,2,0.9,0.45,-1,-1,0.8,0.8,0.783714,0.003862
1,-1,2,0.9,0.45,-1,-1,0.85,0.85,0.795528,0.003101
1,-1,2,0.9,0.45,-1,-1,0.9,0.9,0.808339,0.002675
1,-1,2,0.9,0.45,-1,-1,0.95,0.95,0.822565,0.00237
1,-1,2,0.9,0.45,-1,-1,1.0,1.0,0.858836,0.002279
1,-1,2,0.95,0.45,-1,-1,0.05,0.05,0.585317,0.080982
1,-1,2,0.95,0.45,-1,-1,0.1,0.1,0.586464,0.077274
1,-1,2,0.95,0.45,-1,-1,0.15,0.15,0.589331,0.072663
1,-1,2,0.95,0.45,-1,-1,0.2,0.2,0.593442,0.067771
1,-1,2,0.95,0.45,-1,-1,0.25,0.25,0.598795,0.06207
1,-1,2,0.95,0.45,-1,-1,0.3,0.3,0.607685,0.055309
1,-1,2,0.95,0.45,-1,-1,0.35,0.35,0.61906,0.048859
1,-1,2,0.95,0.45,-1,-1,0.4,0.4,0.633112,0.042597
1,-1,2,0.95,0.45,-1,-1,0.45,0.45,0.650987,0.035525
1,-1,2,0.95,0.45,-1,-1,0.5,0.5,0.686355,0.025461
1,-1,2,0.95,0.45,-1,-1,0.55,0.55,0.709679,0.01842
1,-1,2,0.95,0.45,-1,-1,0.6,0.6,0.732908,0.012936
1,-1,2,0.95,0.45,-1,-1,0.65,0.65,0.755849,0.009073
1,-1,2,0.95,0.45,-1,-1,0.7,0.7,0.778122,0.006144
1,-1,2,0.95,0.45,-1,-1,0.75,0.75,0.795519,0.004056
1,-1,2,0.95,0.45,-1,-1,0.8,0.8,0.813299,0.002
1,-1,2,0.95,0.45,-1,-1,0.85,0.85,0.826873,0.001221
1,-1,2,0.95,0.45,-1,-1,0.9,0.9,0.841594,0.000785
1,-1,2,0.95,0.45,-1,-1,0.95,0.95,0.85794,0.000473
1,-1,2,0.95,0.45,-1,-1,1.0,1.0,0.899617,0.00038
1,-1,2,1.0,0.45,-1,-1,0.05,0.05,0.585347,0.080975
1,-1,2,1.0,0.45,-1,-1,0.1,0.1,0.586861,0.07725
1,-1,2,1.0,0.45,-1,-1,0.15,0.15,0.590644,0.072618
1,-1,2,1.0,0.45,-1,-1,0.2,0.2,0.596067,0.067704
1,-1,2,1.0,0.45,-1,-1,0.25,0.25,0.603129,0.061976
1,-1,2,1.0,0.45,-1,-1,0.3,0.3,0.614857,0.055183
1,-1,2,1.0,0.45,-1,-1,0.35,0.35,0.629864,0.048704
1,-1,2,1.0,0.45,-1,-1,0.4,0.4,0.648403,0.042413
1,-1,2,1.0,0.45,-1,-1,0.45,0.45,0.671985,0.035307
1,-1,2,1.0,0.45,-1,-1,0.5,0.5,0.718646,0.025197
1,-1,2,1.0,0.45,-1,-1,0.55,0.55,0.749417,0.018123
1,-1,2,1.0,0.45,-1,-1,0.6,0.6,0.780063,0.012614
1,-1,2,1.0,0.45,-1,-1,0.65,0.65,0.810329,0.008733
1,-1,2,1.0,0.45,-1,-1,0.7,0.7,0.839713,0.005791
1,-1,2,1.0,0.45,-1,-1,0.75,0.75,0.862665,0.003694
1,-1,2,1.0,0.45,-1,-1,0.8,0.8,0.886122,0.001628
1,-1,2,1.0,0.45,-1,-1,0.85,0.85,0.90403,0.000845
1,-1,2,1.0,0.45,-1,-1,0.9,0.9,0.92345,0.000407
1,-1,2,1.0,0.45,-1,-1,0.95,0.95,0.945016,9.4e-05
1,-1,2,1.0,0.45,-1,-1,1.0,1.0,1.0,0.0
1,-1,2,0.5,0.5,-1,-1,0.05,0.05,0.622517,0.067603
1,-1,2,0.5,0.5,-1,-1,0.1,0.1,0.622517,0.067603
1,-1,2,0.5,0.5,-1,-1,0.15,0.15,0.622517,0.067603
1,-1,2,0.5,0.5,-1,-1,0.2,0.2,0.622517,0.067603
1,-1,2,0.5,0.5,-1,-1,0.25,0.25,0.622517,0.067603
1,-1,2,0.5,0.5,-1,-1,0.3,0.3,0.622517,0.067603
1,-1,2,0.5,0.5,-1,-1,0.35,0.35,0.622517,0.067603
1,-1,2,0.5,0.5,-1,-1,0.4,0.4,0.622517,0.067603
1,-1,2,0.5,0.5,-1,-1,0.45,0.45,0.622517,0.067603
1,-1,2,0.5,0.5,-1,-1,0.5,0.5,0.622517,0.067603
1,-1,2,0.5,0.5,-1,-1,0.55,0.55,0.622517,0.067603
1,-1,2,0.5,0.5,-1,-1,0.6,0.6,0.622517,0.067603
1,-1,2,0.5,0.5,-1,-1,0.65,0.65,0.622517,0.067603
1,-1,2,0.5,0.5,-1,-1,0.7,0.7,0.622517,0.067603
1,-1,2,0.5,0.5,-1,-1,0.75,0.75,0.622517,0.067603
1,-1,2,0.5,0.5,-1,-1,0.8,0.8,0.622517,0.067603
1,-1,2,0.5,0.5,-1,-1,0.85,0.85,0.622517,0.067603
1,-1,2,0.5,0.5,-1,-1,0.9,0.9,0.622517,0.067603
1,-1,2,0.5,0.5,-1,-1,0.95,0.95,0.622517,0.067603
1,-1,2,0.5,0.5,-1,-1,1.0,1.0,0.622517,0.067603
1,-1,2,0.55,0.5,-1,-1,0.05,0.05,0.622527,0.067338
1,-1,2,0.55,0.5,-1,-1,0.1,0.1,0.622644,0.066651
1,-1,2,0.55,0.5,-1,-1,0.15,0.15,0.622936,0.065797
1,-1,2,0.55,0.5,-1,-1,0.2,0.2,0.623355,0.064891
1,-1,2,0.55,0.5,-1,-1,0.25,0.25,0.623901,0.063836
1,-1,2,0.55,0.5,-1,-1,0.3,0.3,0.624808,0.062584
1,-1,2,0.55,0.5,-1,-1,0.35,0.35,0.625968,0.061389
1,-1,2,0.55,0.5,-1,-1,0.4,0.4,0.627401,0.06023
1,-1,2,0.55,0.5,-1,-1,0.45,0.45,0.629225,0.05892
1,-1,2,0.55,0.5,-1,-1,0.5,0.5,0.632832,0.057056
1,-1,2,0.55,0.5,-1,-1,0.55,0.55,0.635211,0.055753
1,-1,2,0.55,0.5,-1,-1,0.6,0.6,0.63758,0.054737
1,-1,2,0.55,0.5,-1,-1,0.65,0.65,0.63992,0.054022
1,-1,2,0.55,0.5,-1,-1,0.7,0.7,0.642191,0.053479
1,-1,2,0.55,0.5,-1,-1,0.75,0.75,0.643966,0.053093
1,-1,2,0.55,0.5,-1,-1,0.8,0.8,0.645779,0.052712
1,-1,2,0.55,0.5,-1,-1,0.85,0.85,0.647164,0.052568
1,-1,2,0.55,0.5,-1,-1,0.9,0.9,0.648665,0.052487
1,-1,2,0.55,0.5,-1,-1,0.95,0.95,0.650332,0.052429
1,-1,2,0.55,0.5,-1,-1,1.0,1.0,0.654583,0.052412
1,-1,2,0.6,0.5,-1,-1,0.05,0.05,0.622537,0.067139
1,-1,2,0.6,0.5,-1,-1,0.1,0.1,0.622772,0.065937
1,-1,2,0.6,0.5,-1,-1,0.15,0.15,0.62336,0.064443
1,-1,2,0.6,0.5,-1,-1,0.2,0.2,0.624203,0.062857
1,-1,2,0.6,0.5,-1,-1,0.25,0.25,0.625301,0.06101
1,-1,2,0.6,0.5,-1,-1,0.3,0.3,0.627124,0.058819
1,-1,2,0.6,0.5,-1,-1,0.35,0.35,0.629457,0.056729
1,-1,2,0.6,0.5,-1,-1,0.4,0.4,0.632339,0.054699
1,-1,2,0.6,0.5,-1,-1,0.45,0.45,0.636005,0.052407
1,-1,2,0.6,0.5,-1,-1,0.5,0.5,0.643259,0.049146
1,-1,2,0.6,0.5,-1,-1,0.55,0.55,0.648043,0.046864
1,-1,2,0.6,0.5,-1,-1,0.6,0.6,0.652807,0.045087
1,-1,2,0.6,0.5,-1,-1,0.65,0.65,0.657513,0.043835
1,-1,2,0.6,0.5,-1,-1,0.7,0.7,0.662081,0.042886
1,-1,2,0.6,0.5,-1,-1,0.75,0.75,0.665649,0.042209
1,-1,2,0.6,0.5,-1,-1,0.8,0.8,0.669295,0.041543
1,-1,2,0.6,0.5,-1,-1,0.85,0.85,0.672079,0.041291
1,-1,2,0.6,0.5,-1,-1,0.9,0.9,0.675099,0.041149
1,-1,2,0.6,0.5,-1,-1,0.95,0.95,0.678451,0.041048
1,-1,2,0.6,0.5,-1,-1,1.0,1.0,0.686999,0.041018
1,-1,2,0.65,0.5,-1,-1,0.05,0.05,0.622546,0.066999
1,-1,2,0.65,0.5,-1,-1,0.1,0.1,0.6229,0.065437
1,-1,2,0.65,0.5,-1,-1,0.15,0.15,0.623784,0.063495
1,-1,2,0.65,0.5,-1,-1,0.2,0.2,0.625051,0.061434
1,-1,2,0.65,0.5,-1,-1,0.25,0.25,0.6267,0.059032
1,-1,2,0.65,0.5,-1,-1,0.3,0.3,0.62944,0.056183
1,-1,2,0.65,0.5,-1,-1,0.35,0.35,0.632946,0.053466
1,-1,2,0.65,0.5,-1,-1,0.4,0.4,0.637277,0.050828
1,-1,2,0.65,0.5,-1,-1,0.45,0.45,0.642786,0.047848
1,-1,2,0.65,0.5,-1,-1,0.5,0.5,0.653687,0.043609
1,-1,2,0.65,0.5,-1,-1,0.55,0.55,0.660875,0.040642
1,-1,2,0.65,0.5,-1,-1,0.6,0.6,0.668034,0.038332
1,-1,2,0.65,0.5,-1,-1,0.65,0.65,0.675105,0.036704
1,-1,2,0.65,0.5,-1,-1,0.7,0.7,0.681969,0.03547
1,-1,2,0.65,0.5,-1,-1,0.75,0.75,0.687331,0.034591
1,-1,2,0.65,0.5,-1,-1,0.8,0.8,0.692811,0.033725
1,-1,2,0.65,0.5,-1,-1,0.85,0.85,0.696994,0.033396
1,-1,2,0.65,0.5,-1,-1,0.9,0.9,0.701531,0.033213
1,-1,2,0.65,0.5,-1,-1,0.95,0.95,0.706569,0.033081
1,-1,2,0.65,0.5,-1,-1,1.0,1.0,0.719414,0.033042
1,-1,2,0.7,0.5,-1,-1,0.05,0.05,0.622554,0.06684
1,-1,2,0.7,0.5,-1,-1,0.1,0.1,0.622994,0.064866
1,-1,2,0.7,0.5,-1,-1,0.15,0.15,0.624094,0.062411
1,-1,2,0.7,0.5,-1,-1,0.2,0.2,0.62567,0.059807
1,-1,2,0.7,0.5,-1,-1,0.25,0.25,0.627724,0.056771
1,-1,2,0.7,0.5,-1,-1,0.3,0.3,0.631134,0.053171
1,-1,2,0.7,0.5,-1,-1,0.35,0.35,0.635497,0.049738
1,-1,2,0.7,0.5,-1,-1,0.4,0.4,0.640887,0.046404
1,-1,2,0.7,0.5,-1,-1,0.45,0.45,0.647744,0.042638
1,-1,2,0.7,0.5,-1,-1,0.5,0.5,0.661311,0.03728
1,-1,2,0.7,0.5,-1,-1,0.55,0.55,0.670258,0.033531
1,-1,2,0.7,0.5,-1,-1,0.6,0.6,0.679168,0.030612
1,-1,2,0.7,0.5,-1,-1,0.65,0.65,0.687968,0.028555
1,-1,2,0.7,0.5,-1,-1,0.7,0.7,0.696512,0.026996
1,-1,2,0.7,0.5,-1,-1,0.75,0.75,0.703185,0.025884
1,-1,2,0.7,0.5,-1,-1,0.8,0.8,0.710005,0.02479
1,-1,2,0.7,0.5,-1,-1,0.85,0.85,0.715212,0.024375
1,-1,2,0.7,0.5,-1,-1,0.9,0.9,0.720859,0.024143
1,-1,2,0.7,0.5,-1,-1,0.95,0.95,0.727129,0.023977
1,-1,2,0.7,0.5,-1,-1,1.0,1.0,0.743116,0.023927
1,-1,2,0.75,0.5,-1,-1,0.05,0.05,0.622563,0.06674
1,-1,2,0.75,0.5,-1,-1,0.1,0.1,0.623115,0.064509
1,-1,2,0.75,0.5,-1,-1,0.15,0.15,0.624495,0.061734
1,-1,2,0.75,0.5,-1,-1,0.2,0.2,0.626472,0.05879
1,-1,2,0.75,0.5,-1,-1,0.25,0.25,0.629048,0.055358
1,-1,2,0.75,0.5,-1,-1,0.3,0.3,0.633325,0.051289
1,-1,2,0.75,0.5,-1,-1,0.35,0.35,0.638799,0.047408
1,-1,2,0.75,0.5,-1,-1,0.4,0.4,0.64556,0.043638
1,-1,2,0.75,0.5,-1,-1,0.45,0.45,0.65416,0.039382
1,-1,2,0.75,0.5,-1,-1,0.5,0.5,0.671178,0.033325
1,-1,2,0.75,0.5,-1,-1,0.55,0.55,0.6824,0.029087
1,-1,2,0.75,0.5,-1,-1,0.6,0.6,0.693577,0.025787
1,-1,2,0.75,0.5,-1,-1,0.65,0.65,0.704615,0.023462
1,-1,2,0.75,0.5,-1,-1,0.7,0.7,0.715331,0.021699
1,-1,2,0.75,0.5,-1,-1,0.75,0.75,0.723702,0.020443
1,-1,2,0.75,0.5,-1,-1,0.8,0.8,0.732257,0.019205
1,-1,2,0.75,0.5,-1,-1,0.85,0.85,0.738788,0.018736
1,-1,2,0.75,0.5,-1,-1,0.9,0.9,0.745871,0.018474
1,-1,2,0.75,0.5,-1,-1,0.95,0.95,0.753736,0.018286
1,-1,2,0.75,0.5,-1,-1,1.0,1.0,0.773789,0.01823
1,-1,2,0.8,0.5,-1,-1,0.05,0.05,0.622571,0.066581
1,-1,2,0.8,0.5,-1,-1,0.1,0.1,0.623213,0.063938
1,-1,2,0.8,0.5,-1,-1,0.15,0.15,0.624818,0.06065
1,-1,2,0.8,0.5,-1,-1,0.2,0.2,0.62712,0.057163
1,-1,2,0.8,0.5,-1,-1,0.25,0.25,0.630116,0.053098
1,-1,2,0.8,0.5,-1,-1,0.3,0.3,0.635094,0.048277
1,-1,2,0.8,0.5,-1,-1,0.35,0.35,0.641462,0.043679
1,-1,2,0.8,0.5,-1,-1,0.4,0.4,0.649329,0.039214
1,-1,2,0.8,0.5,-1,-1,0.45,0.45,0.659337,0.034172
1,-1,2,0.8,0.5,-1,-1,0.5,0.5,0.679138,0.026997
1,-1,2,0.8,0.5,-1,-1,0.55,0.55,0.692197,0.021977
1,-1,2,0.8,0.5,-1,-1,0.6,0.6,0.705202,0.018067
1,-1,2,0.8,0.5,-1,-1,0.65,0.65,0.718046,0.015313
1,-1,2,0.8,0.5,-1,-1,0.7,0.7,0.730515,0.013224
1,-1,2,0.8,0.5,-1,-1,0.75,0.75,0.740255,0.011736
1,-1,2,0.8,0.5,-1,-1,0.8,0.8,0.75021,0.01027
1,-1,2,0.8,0.5,-1,-1,0.85,0.85,0.757809,0.009715
1,-1,2,0.8,0.5,-1,-1,0.9,0.9,0.766051,0.009404
1,-1,2,0.8,0.5,-1,-1,0.95,0.95,0.775202,0.009182
1,-1,2,0.8,0.5,-1,-1,1.0,1.0,0.798536,0.009115
1,-1,2,0.85,0.5,-1,-1,0.05,0.05,0.622579,0.066508
1,-1,2,0.85,0.5,-1,-1,0.1,0.1,0.62332,0.063676
1,-1,2,0.85,0.5,-1,-1,0.15,0.15,0.625174,0.060154
1,-1,2,0.85,0.5,-1,-1,0.2,0.2,0.62783,0.056417
1,-1,2,0.85,0.5,-1,-1,0.25,0.25,0.63129,0.052061
1,-1,2,0.85,0.5,-1,-1,0.3,0.3,0.637036,0.046897
1,-1,2,0.85,0.5,-1,-1,0.35,0.35,0.644388,0.04197
1,-1,2,0.85,0.5,-1,-1,0.4,0.4,0.653471,0.037186
1,-1,2,0.85,0.5,-1,-1,0.45,0.45,0.665024,0.031784
1,-1,2,0.85,0.5,-1,-1,0.5,0.5,0.687884,0.024096
1,-1,2,0.85,0.5,-1,-1,0.55,0.55,0.702959,0.018717
1,-1,2,0.85,0.5,-1,-1,0.6,0.6,0.717973,0.014528
1,-1,2,0.85,0.5,-1,-1,0.65,0.65,0.732801,0.011577
1,-1,2,0.85,0.5,-1,-1,0.7,0.7,0.747196,0.00934
1,-1,2,0.85,0.5,-1,-1,0.75,0.75,0.758441,0.007745
1,-1,2,0.85,0.5,-1,-1,0.8,0.8,0.769932,0.006175
1,-1,2,0.85,0.5,-1,-1,0.85,0.85,0.778706,0.00558
1,-1,2,0.85,0.5,-1,-1,0.9,0.9,0.78822,0.005246
1,-1,2,0.85,0.5,-1,-1,0.95,0.95,0.798785,0.005008
1,-1,2,0.85,0.5,-1,-1,1.0,1.0,0.825723,0.004937
1,-1,2,0.9,0.5,-1,-1,0.05,0.05,0.622589,0.066462
1,-1,2,0.9,0.5,-1,-1,0.1,0.1,0.623451,0.063509
1,-1,2,0.9,0.5,-1,-1,0.15,0.15,0.625607,0.059838
1,-1,2,0.9,0.5,-1,-1,0.2,0.2,0.628696,0.055942
1,-1,2,0.9,0.5,-1,-1,0.25,0.25,0.63272,0.051402
1,-1,2,0.9,0.5,-1,-1,0.3,0.3,0.639402,0.046019
1,-1,2,0.9,0.5,-1,-1,0.35,0.35,0.647952,0.040883
1,-1,2,0.9,0.5,-1,-1,0.4,0.4,0.658515,0.035896
1,-1,2,0.9,0.5,-1,-1,0.45,0.45,0.671951,0.030264
1,-1,2,0.9,0.5,-1,-1,0.5,0.5,0.698536,0.022251
1,-1,2,0.9,0.5,-1,-1,0.55,0.55,0.716067,0.016644
1,-1,2,0.9,0.5,-1,-1,0.6,0.6,0.733527,0.012277
1,-1,2,0.9,0.5,-1,-1,0.65,0.65,0.750772,0.009201
1,-1,2,0.9,0.5,-1,-1,0.7,0.7,0.767513,0.006869
1,-1,2,0.9,0.5,-1,-1,0.75,0.75,0.78059,0.005207
1,-1,2,0.9,0.5,-1,-1,0.8,0.8,0.793954,0.003569
1,-1,2,0.9,0.5,-1,-1,0.85,0.85,0.804157,0.002949
1,-1,2,0.9,0.5,-1,-1,0.9,0.9,0.815222,0.002602
1,-1,2,0.9,0.5,-1,-1,0.95,0.95,0.827509,0.002353
1,-1,2,0.9,0.5,-1,-1,1.0,1.0,0.858836,0.002279
1,-1,2,0.95,0.5,-1,-1,0.05,0.05,0.622601,0.066429
1,-1,2,0.95,0.5,-1,-1,0.1,0.1,0.623612,0.06339
1,-1,2,0.95,0.5,-1,-1,0.15,0.15,0.62614,0.059612
1,-1,2,0.95,0.5,-1,-1,0.2,0.2,0.629763,0.055603
1,-1,2,0.95,0.5,-1,-1,0.25,0.25,0.634481,0.050931
1,-1,2,0.95,0.5,-1,-1,0.3,0.3,0.642316,0.045391
1,-1,2,0.95,0.5,-1,-1,0.35,0.35,0.652342,0.040106
1,-1,2,0.95,0.5,-1,-1,0.4,0.4,0.664727,0.034974
1,-1,2,0.95,0.5,-1,-1,0.45,0.45,0.680481,0.029179
1,-1,2,0.95,0.5,-1,-1,0.5,0.5,0.711654,0.020932
1,-1,2,0.95,0.5,-1,-1,0.55,0.55,0.732211,0.015162
1,-1,2,0.95,0.5,-1,-1,0.6,0.6,0.752684,0.010669
1,-1,2,0.95,0.5,-1,-1,0.65,0.65,0.772904,0.007503
1,-1,2,0.95,0.5,-1,-1,0.7,0.7,0.792534,0.005103
1,-1,2,0.95,0.5,-1,-1,0.75,0.75,0.807868,0.003393
1,-1,2,0.95,0.5,-1,-1,0.8,0.8,0.823539,0.001708
1,-1,2,0.95,0.5,-1,-1,0.85,0.85,0.835502,0.001069
1,-1,2,0.95,0.5,-1,-1,0.9,0.9,0.848477,0.000712
1,-1,2,0.95,0.5,-1,-1,0.95,0.95,0.862884,0.000457
1,-1,2,0.95,0.5,-1,-1,1.0,1.0,0.899617,0.00038
1,-1,2,1.0,0.5,-1,-1,0.05,0.05,0.622632,0.066422
1,-1,2,1.0,0.5,-1,-1,0.1,0.1,0.624009,0.063367
1,-1,2,1.0,0.5,-1,-1,0.15,0.15,0.627452,0.059567
1,-1,2,1.0,0.5,-1,-1,0.2,0.2,0.632387,0.055536
1,-1,2,1.0,0.5,-1,-1,0.25,0.25,0.638814,0.050837
1,-1,2,1.0,0.5,-1,-1,0.3,0.3,0.649488,0.045265
1,-1,2,1.0,0.5,-1,-1,0.35,0.35,0.663146,0.039951
1,-1,2,1.0,0.5,-1,-1,0.4,0.4,0.680017,0.03479
1,-1,2,1.0,0.5,-1,-1,0.45,0.45,0.70148,0.028962
1,-1,2,1.0,0.5,-1,-1,0.5,0.5,0.743945,0.020669
1,-1,2,1.0,0.5,-1,-1,0.55,0.55,0.771949,0.014866
1,-1,2,1.0,0.5,-1,-1,0.6,0.6,0.799839,0.010347
1,-1,2,1.0,0.5,-1,-1,0.65,0.65,0.827384,0.007163
1,-1,2,1.0,0.5,-1,-1,0.7,0.7,0.854125,0.00475
1,-1,2,1.0,0.5,-1,-1,0.75,0.75,0.875014,0.00303
1,-1,2,1.0,0.5,-1,-1,0.8,0.8,0.896361,0.001335
1,-1,2,1.0,0.5,-1,-1,0.85,0.85,0.912659,0.000693
1,-1,2,1.0,0.5,-1,-1,0.9,0.9,0.930334,0.000334
1,-1,2,1.0,0.5,-1,-1,0.95,0.95,0.94996,7.7e-05
1,-1,2,1.0,0.5,-1,-1,1.0,1.0,1.0,0.0
1,-1,2,0.55,0.55,-1,-1,0.05,0.05,0.654583,0.052412
1,-1,2,0.55,0.55,-1,-1,0.1,0.1,0.654583,0.052412
1,-1,2,0.55,0.55,-1,-1,0.15,0.15,0.654583,0.052412
1,-1,2,0.55,0.55,-1,-1,0.2,0.2,0.654583,0.052412
1,-1,2,0.55,0.55,-1,-1,0.25,0.25,0.654583,0.052412
1,-1,2,0.55,0.55,-1,-1,0.3,0.3,0.654583,0.052412
1,-1,2,0.55,0.55,-1,-1,0.35,0.35,0.654583,0.052412
1,-1,2,0.55,0.55,-1,-1,0.4,0.4,0.654583,0.052412
1,-1,2,0.55,0.55,-1,-1,0.45,0.45,0.654583,0.052412
1,-1,2,0.55,0.55,-1,-1,0.5,0.5,0.654583,0.052412
1,-1,2,0.55,0.55,-1,-1,0.55,0.55,0.654583,0.052412
1,-1,2,0.55,0.55,-1,-1,0.6,0.6,0.654583,0.052412
1,-1,2,0.55,0.55,-1,-1,0.65,0.65,0.654583,0.052412
1,-1,2,0.55,0.55,-1,-1,0.7,0.7,0.654583,0.052412
1,-1,2,0.55,0.55,-1,-1,0.75,0.75,0.654583,0.052412
1,-1,2,0.55,0.55,-1,-1,0.8,0.8,0.654583,0.052412
1,-1,2,0.55,0.55,-1,-1,0.85,0.85,0.654583,0.052412
1,-1,2,0.55,0.55,-1,-1,0.9,0.9,0.654583,0.052412
1,-1,2,0.55,0.55,-1,-1,0.95,0.95,0.654583,0.052412
1,-1,2,0.55,0.55,-1,-1,1.0,1.0,0.654583,0.052412
1,-1,2,0.6,0.55,-1,-1,0.05,0.05,0.654593,0.052213
1,-1,2,0.6,0.55,-1,-1,0.1,0.1,0.654711,0.051698
1,-1,2,0.6,0.55,-1,-1,0.15,0.15,0.655007,0.051058
1,-1,2,0.6,0.55,-1,-1,0.2,0.2,0.655431,0.050378
1,-1,2,0.6,0.55,-1,-1,0.25,0.25,0.655983,0.049586
1,-1,2,0.6,0.55,-1,-1,0.3,0.3,0.656899,0.048647
1,-1,2,0.6,0.55,-1,-1,0.35,0.35,0.658072,0.047751
1,-1,2,0.6,0.55,-1,-1,0.4,0.4,0.659521,0.046882
1,-1,2,0.6,0.55,-1,-1,0.45,0.45,0.661364,0.045899
1,-1,2,0.6,0.55,-1,-1,0.5,0.5,0.665011,0.044502
1,-1,2,0.6,0.55,-1,-1,0.55,0.55,0.667415,0.043524
1,-1,2,0.6,0.55,-1,-1,0.6,0.6,0.66981,0.042762
1,-1,2,0.6,0.55,-1,-1,0.65,0.65,0.672176,0.042225
1,-1,2,0.6,0.55,-1,-1,0.7,0.7,0.674472,0.041819
1,-1,2,0.6,0.55,-1,-1,0.75,0.75,0.676266,0.041529
1,-1,2,0.6,0.55,-1,-1,0.8,0.8,0.678099,0.041243
1,-1,2,0.6,0.55,-1,-1,0.85,0.85,0.679499,0.041135
1,-1,2,0.6,0.55,-1,-1,0.9,0.9,0.681016,0.041074
1,-1,2,0.6,0.55,-1,-1,0.95,0.95,0.682702,0.041031
1,-1,2,0.6,0.55,-1,-1,1.0,1.0,0.686999,0.041018
1,-1,2,0.65,0.55,-1,-1,0.05,0.05,0.654603,0.052074
1,-1,2,0.65,0.55,-1,-1,0.1,0.1,0.654839,0.051198
1,-1,2,0.65,0.55,-1,-1,0.15,0.15,0.655431,0.050109
1,-1,2,0.65,0.55,-1,-1,0.2,0.2,0.656278,0.048954
1,-1,2,0.65,0.55,-1,-1,0.25,0.25,0.657382,0.047608
1,-1,2,0.65,0.55,-1,-1,0.3,0.3,0.659215,0.046012
1,-1,2,0.65,0.55,-1,-1,0.35,0.35,0.661561,0.044489
1,-1,2,0.65,0.55,-1,-1,0.4,0.4,0.664458,0.04301
1,-1,2,0.65,0.55,-1,-1,0.45,0.45,0.668144,0.04134
1,-1,2,0.65,0.55,-1,-1,0.5,0.5,0.675438,0.038964
1,-1,2,0.65,0.55,-1,-1,0.55,0.55,0.680247,0.037301
1,-1,2,0.65,0.55,-1,-1,0.6,0.6,0.685037,0.036007
1,-1,2,0.65,0.55,-1,-1,0.65,0.65,0.689768,0.035095
1,-1,2,0.65,0.55,-1,-1,0.7,0.7,0.694361,0.034403
1,-1,2,0.65,0.55,-1,-1,0.75,0.75,0.697948,0.03391
1,-1,2,0.65,0.55,-1,-1,0.8,0.8,0.701615,0.033425
1,-1,2,0.65,0.55,-1,-1,0.85,0.85,0.704414,0.033241
1,-1,2,0.65,0.55,-1,-1,0.9,0.9,0.707449,0.033138
1,-1,2,0.65,0.55,-1,-1,0.95,0.95,0.71082,0.033064
1,-1,2,0.65,0.55,-1,-1,1.0,1.0,0.719414,0.033042
1,-1,2,0.7,0.55,-1,-1,0.05,0.05,0.65461,0.051914
1,-1,2,0.7,0.55,-1,-1,0.1,0.1,0.654933,0.050627
1,-1,2,0.7,0.55,-1,-1,0.15,0.15,0.65574,0.049026
1,-1,2,0.7,0.55,-1,-1,0.2,0.2,0.656898,0.047327
1,-1,2,0.7,0.55,-1,-1,0.25,0.25,0.658405,0.045348
1,-1,2,0.7,0.55,-1,-1,0.3,0.3,0.660909,0.043
1,-1,2,0.7,0.55,-1,-1,0.35,0.35,0.664112,0.040761
1,-1,2,0.7,0.55,-1,-1,0.4,0.4,0.668069,0.038586
1,-1,2,0.7,0.55,-1,-1,0.45,0.45,0.673103,0.03613
1,-1,2,0.7,0.55,-1,-1,0.5,0.5,0.683062,0.032636
1,-1,2,0.7,0.55,-1,-1,0.55,0.55,0.68963,0.030191
1,-1,2,0.7,0.55,-1,-1,0.6,0.6,0.696171,0.028287
1,-1,2,0.7,0.55,-1,-1,0.65,0.65,0.702631,0.026945
1,-1,2,0.7,0.55,-1,-1,0.7,0.7,0.708903,0.025928
1,-1,2,0.7,0.55,-1,-1,0.75,0.75,0.713802,0.025204
1,-1,2,0.7,0.55,-1,-1,0.8,0.8,0.718809,0.02449
1,-1,2,0.7,0.55,-1,-1,0.85,0.85,0.722632,0.024219
1,-1,2,0.7,0.55,-1,-1,0.9,0.9,0.726777,0.024068
1,-1,2,0.7,0.55,-1,-1,0.95,0.95,0.73138,0.023959
1,-1,2,0.7,0.55,-1,-1,1.0,1.0,0.743116,0.023927
1,-1,2,0.75,0.55,-1,-1,0.05,0.05,0.654619,0.051815
1,-1,2,0.75,0.55,-1,-1,0.1,0.1,0.655054,0.05027
1,-1,2,0.75,0.55,-1,-1,0.15,0.15,0.656141,0.048349
1,-1,2,0.75,0.55,-1,-1,0.2,0.2,0.6577,0.04631
1,-1,2,0.75,0.55,-1,-1,0.25,0.25,0.65973,0.043935
1,-1,2,0.75,0.55,-1,-1,0.3,0.3,0.6631,0.041118
1,-1,2,0.75,0.55,-1,-1,0.35,0.35,0.667413,0.03843
1,-1,2,0.75,0.55,-1,-1,0.4,0.4,0.672741,0.035821
1,-1,2,0.75,0.55,-1,-1,0.45,0.45,0.679519,0.032874
1,-1,2,0.75,0.55,-1,-1,0.5,0.5,0.692929,0.028681
1,-1,2,0.75,0.55,-1,-1,0.55,0.55,0.701772,0.025747
1,-1,2,0.75,0.55,-1,-1,0.6,0.6,0.71058,0.023462
1,-1,2,0.75,0.55,-1,-1,0.65,0.65,0.719278,0.021852
1,-1,2,0.75,0.55,-1,-1,0.7,0.7,0.727723,0.020632
1,-1,2,0.75,0.55,-1,-1,0.75,0.75,0.734319,0.019762
1,-1,2,0.75,0.55,-1,-1,0.8,0.8,0.741061,0.018905
1,-1,2,0.75,0.55,-1,-1,0.85,0.85,0.746207,0.018581
1,-1,2,0.75,0.55,-1,-1,0.9,0.9,0.751789,0.018399
1,-1,2,0.75,0.55,-1,-1,0.95,0.95,0.757987,0.018269
1,-1,2,0.75,0.55,-1,-1,1.0,1.0,0.773789,0.01823
1,-1,2,0.8,0.55,-1,-1,0.05,0.05,0.654627,0.051656
1,-1,2,0.8,0.55,-1,-1,0.1,0.1,0.655152,0.049699
1,-1,2,0.8,0.55,-1,-1,0.15,0.15,0.656465,0.047265
1,-1,2,0.8,0.55,-1,-1,0.2,0.2,0.658347,0.044683
1,-1,2,0.8,0.55,-1,-1,0.25,0.25,0.660798,0.041674
1,-1,2,0.8,0.55,-1,-1,0.3,0.3,0.664868,0.038106
1,-1,2,0.8,0.55,-1,-1,0.35,0.35,0.670077,0.034702
1,-1,2,0.8,0.55,-1,-1,0.4,0.4,0.676511,0.031397
1,-1,2,0.8,0.55,-1,-1,0.45,0.45,0.684695,0.027664
1,-1,2,0.8,0.55,-1,-1,0.5,0.5,0.70089,0.022352
1,-1,2,0.8,0.55,-1,-1,0.55,0.55,0.711569,0.018636
1,-1,2,0.8,0.55,-1,-1,0.6,0.6,0.722205,0.015742
1,-1,2,0.8,0.55,-1,-1,0.65,0.65,0.732709,0.013703
1,-1,2,0.8,0.55,-1,-1,0.7,0.7,0.742907,0.012157
1,-1,2,0.8,0.55,-1,-1,0.75,0.75,0.750873,0.011055
1,-1,2,0.8,0.55,-1,-1,0.8,0.8,0.759013,0.00997
1,-1,2,0.8,0.55,-1,-1,0.85,0.85,0.765229,0.009559
1,-1,2,0.8,0.55,-1,-1,0.9,0.9,0.771969,0.009329
1,-1,2,0.8,0.55,-1,-1,0.95,0.95,0.779453,0.009164
1,-1,2,0.8,0.55,-1,-1,1.0,1.0,0.798536,0.009115
1,-1,2,0.85,0.55,-1,-1,0.05,0.05,0.654635,0.051583
1,-1,2,0.85,0.55,-1,-1,0.1,0.1,0.65526,0.049437
1,-1,2,0.85,0.55,-1,-1,0.15,0.15,0.65682,0.046768
1,-1,2,0.85,0.55,-1,-1,0.2,0.2,0.659058,0.043938
1,-1,2,0.85,0.55,-1,-1,0.25,0.25,0.661972,0.040638
1,-1,2,0.85,0.55,-1,-1,0.3,0.3,0.666811,0.036725
1,-1,2,0.85,0.55,-1,-1,0.35,0.35,0.673003,0.032993
1,-1,2,0.85,0.55,-1,-1,0.4,0.4,0.680652,0.029369
1,-1,2,0.85,0.55,-1,-1,0.45,0.45,0.690382,0.025276
1,-1,2,0.85,0.55,-1,-1,0.5,0.5,0.709635,0.019452
1,-1,2,0.85,0.55,-1,-1,0.55,0.55,0.722331,0.015377
1,-1,2,0.85,0.55,-1,-1,0.6,0.6,0.734976,0.012203
1,-1,2,0.85,0.55,-1,-1,0.65,0.65,0.747464,0.009968
1,-1,2,0.85,0.55,-1,-1,0.7,0.7,0.759588,0.008273
1,-1,2,0.85,0.55,-1,-1,0.75,0.75,0.769058,0.007065
1,-1,2,0.85,0.55,-1,-1,0.8,0.8,0.778736,0.005875
1,-1,2,0.85,0.55,-1,-1,0.85,0.85,0.786125,0.005424
1,-1,2,0.85,0.55,-1,-1,0.9,0.9,0.794138,0.005171
1,-1,2,0.85,0.55,-1,-1,0.95,0.95,0.803036,0.004991
1,-1,2,0.85,0.55,-1,-1,1.0,1.0,0.825723,0.004937
1,-1,2,0.9,0.55,-1,-1,0.05,0.05,0.654645,0.051536
1,-1,2,0.9,0.55,-1,-1,0.1,0.1,0.65539,0.04927
1,-1,2,0.9,0.55,-1,-1,0.15,0.15,0.657253,0.046452
1,-1,2,0.9,0.55,-1,-1,0.2,0.2,0.659924,0.043463
1,-1,2,0.9,0.55,-1,-1,0.25,0.25,0.663401,0.039979
1,-1,2,0.9,0.55,-1,-1,0.3,0.3,0.669177,0.035847
1,-1,2,0.9,0.55,-1,-1,0.35,0.35,0.676567,0.031906
1,-1,2,0.9,0.55,-1,-1,0.4,0.4,0.685696,0.028079
1,-1,2,0.9,0.55,-1,-1,0.45,0.45,0.697309,0.023756
1,-1,2,0.9,0.55,-1,-1,0.5,0.5,0.720287,0.017606
1,-1,2,0.9,0.55,-1,-1,0.55,0.55,0.73544,0.013303
1,-1,2,0.9,0.55,-1,-1,0.6,0.6,0.75053,0.009952
1,-1,2,0.9,0.55,-1,-1,0.65,0.65,0.765435,0.007591
1,-1,2,0.9,0.55,-1,-1,0.7,0.7,0.779904,0.005801
1,-1,2,0.9,0.55,-1,-1,0.75,0.75,0.791207,0.004526
1,-1,2,0.9,0.55,-1,-1,0.8,0.8,0.802758,0.003269
1,-1,2,0.9,0.55,-1,-1,0.85,0.85,0.811577,0.002793
1,-1,2,0.9,0.55,-1,-1,0.9,0.9,0.82114,0.002527
1,-1,2,0.9,0.55,-1,-1,0.95,0.95,0.83176,0.002336
1,-1,2,0.9,0.55,-1,-1,1.0,1.0,0.858836,0.002279
1,-1,2,0.95,0.55,-1,-1,0.05,0.05,0.654657,0.051503
1,-1,2,0.95,0.55,-1,-1,0.1,0.1,0.655552,0.049151
1,-1,2,0.95,0.55,-1,-1,0.15,0.15,0.657787,0.046227
1,-1,2,0.95,0.55,-1,-1,0.2,0.2,0.66099,0.043124
1,-1,2,0.95,0.55,-1,-1,0.25,0.25,0.665162,0.039508
1,-1,2,0.95,0.55,-1,-1,0.3,0.3,0.672091,0.035219
1,-1,2,0.95,0.55,-1,-1,0.35,0.35,0.680956,0.031129
1,-1,2,0.95,0.55,-1,-1,0.4,0.4,0.691908,0.027157
1,-1,2,0.95,0.55,-1,-1,0.45,0.45,0.70584,0.022671
1,-1,2,0.95,0.55,-1,-1,0.5,0.5,0.733405,0.016288
1,-1,2,0.95,0.55,-1,-1,0.55,0.55,0.751583,0.011822
1,-1,2,0.95,0.55,-1,-1,0.6,0.6,0.769687,0.008344
1,-1,2,0.95,0.55,-1,-1,0.65,0.65,0.787567,0.005893
1,-1,2,0.95,0.55,-1,-1,0.7,0.7,0.804926,0.004036
1,-1,2,0.95,0.55,-1,-1,0.75,0.75,0.818485,0.002712
1,-1,2,0.95,0.55,-1,-1,0.8,0.8,0.832342,0.001408
1,-1,2,0.95,0.55,-1,-1,0.85,0.85,0.842922,0.000914
1,-1,2,0.95,0.55,-1,-1,0.9,0.9,0.854395,0.000637
1,-1,2,0.95,0.55,-1,-1,0.95,0.95,0.867135,0.000439
1,-1,2,0.95,0.55,-1,-1,1.0,1.0,0.899617,0.00038
1,-1,2,1.0,0.55,-1,-1,0.05,0.05,0.654688,0.051496
1,-1,2,1.0,0.55,-1,-1,0.1,0.1,0.655948,0.049128
1,-1,2,1.0,0.55,-1,-1,0.15,0.15,0.659099,0.046181
1,-1,2,1.0,0.55,-1,-1,0.2,0.2,0.663615,0.043056
1,-1,2,1.0,0.55,-1,-1,0.25,0.25,0.669496,0.039414
1,-1,2,1.0,0.55,-1,-1,0.3,0.3,0.679263,0.035094
1,-1,2,1.0,0.55,-1,-1,0.35,0.35,0.691761,0.030973
1,-1,2,1.0,0.55,-1,-1,0.4,0.4,0.707199,0.026972
1,-1,2,1.0,0.55,-1,-1,0.45,0.45,0.726838,0.022454
1,-1,2,1.0,0.55,-1,-1,0.5,0.5,0.765696,0.016024
1,-1,2,1.0,0.55,-1,-1,0.55,0.55,0.791322,0.011525
1,-1,2,1.0,0.55,-1,-1,0.6,0.6,0.816842,0.008022
1,-1,2,1.0,0.55,-1,-1,0.65,0.65,0.842047,0.005554
1,-1,2,1.0,0.55,-1,-1,0.7,0.7,0.866517,0.003683
1,-1,2,1.0,0.55,-1,-1,0.75,0.75,0.885631,0.002349
1,-1,2,1.0,0.55,-1,-1,0.8,0.8,0.905165,0.001035
1,-1,2,1.0,0.55,-1,-1,0.85,0.85,0.920078,0.000537
1,-1,2,1.0,0.55,-1,-1,0.9,0.9,0.936252,0.000259
1,-1,2,1.0,0.55,-1,-1,0.95,0.95,0.95421,6e-05
1,-1,2,1.0,0.55,-1,-1,1.0,1.0,1.0,0.0
1,-1,2,0.6,0.6,-1,-1,0.05,0.05,0.686999,0.041018
1,-1,2,0.6,0.6,-1,-1,0.1,0.1,0.686999,0.041018
1,-1,2,0.6,0.6,-1,-1,0.15,0.15,0.686999,0.041018
1,-1,2,0.6,0.6,-1,-1,0.2,0.2,0.686999,0.041018
1,-1,2,0.6,0.6,-1,-1,0.25,0.25,0.686999,0.041018
1,-1,2,0.6,0.6,-1,-1,0.3,0.3,0.686999,0.041018
1,-1,2,0.6,0.6,-1,-1,0.35,0.35,0.686999,0.041018
1,-1,2,0.6,0.6,-1,-1,0.4,0.4,0.686999,0.041018
1,-1,2,0.6,0.6,-1,-1,0.45,0.45,0.686999,0.041018
1,-1,2,0.6,0.6,-1,-1,0.5,0.5,0.686999,0.041018
1,-1,2,0.6,0.6,-1,-1,0.55,0.55,0.686999,0.041018
1,-1,2,0.6,0.6,-1,-1,0.6,0.6,0.686999,0.041018
1,-1,2,0.6,0.6,-1,-1,0.65,0.65,0.686999,0.041018
1,-1,2,0.6,0.6,-1,-1,0.7,0.7,0.686999,0.041018
1,-1,2,0.6,0.6,-1,-1,0.75,0.75,0.686999,0.041018
1,-1,2,0.6,0.6,-1,-1,0.8,0.8,0.686999,0.041018
1,-1,2,0.6,0.6,-1,-1,0.85,0.85,0.686999,0.041018
1,-1,2,0.6,0.6,-1,-1,0.9,0.9,0.686999,0.041018
1,-1,2,0.6,0.6,-1,-1,0.95,0.95,0.686999,0.041018
1,-1,2,0.6,0.6,-1,-1,1.0,1.0,0.686999,0.041018
1,-1,2,0.65,0.6,-1,-1,0.05,0.05,0.687009,0.040879
1,-1,2,0.65,0.6,-1,-1,0.1,0.1,0.687127,0.040518
1,-1,2,0.65,0.6,-1,-1,0.15,0.15,0.687423,0.04007
1,-1,2,0.65,0.6,-1,-1,0.2,0.2,0.687847,0.039594
1,-1,2,0.65,0.6,-1,-1,0.25,0.25,0.688398,0.03904
1,-1,2,0.65,0.6,-1,-1,0.3,0.3,0.689315,0.038383
1,-1,2,0.65,0.6,-1,-1,0.35,0.35,0.690488,0.037756
1,-1,2,0.65,0.6,-1,-1,0.4,0.4,0.691937,0.037147
1,-1,2,0.65,0.6,-1,-1,0.45,0.45,0.69378,0.036459
1,-1,2,0.65,0.6,-1,-1,0.5,0.5,0.697426,0.035481
1,-1,2,0.65,0.6,-1,-1,0.55,0.55,0.699831,0.034796
1,-1,2,0.65,0.6,-1,-1,0.6,0.6,0.702226,0.034263
1,-1,2,0.65,0.6,-1,-1,0.65,0.65,0.704591,0.033887
1,-1,2,0.65,0.6,-1,-1,0.7,0.7,0.706888,0.033602
1,-1,2,0.65,0.6,-1,-1,0.75,0.75,0.708681,0.033399
1,-1,2,0.65,0.6,-1,-1,0.8,0.8,0.710514,0.0332
1,-1,2,0.65,0.6,-1,-1,0.85,0.85,0.711914,0.033124
1,-1,2,0.65,0.6,-1,-1,0.9,0.9,0.713432,0.033081
1,-1,2,0.65,0.6,-1,-1,0.95,0.95,0.715117,0.033051
1,-1,2,0.65,0.6,-1,-1,1.0,1.0,0.719414,0.033042
1,-1,2,0.7,0.6,-1,-1,0.05,0.05,0.687016,0.040719
1,-1,2,0.7,0.6,-1,-1,0.1,0.1,0.687221,0.039947
1,-1,2,0.7,0.6,-1,-1,0.15,0.15,0.687733,0.038986
1,-1,2,0.7,0.6,-1,-1,0.2,0.2,0.688466,0.037967
1,-1,2,0.7,0.6,-1,-1,0.25,0.25,0.689422,0.036779
1,-1,2,0.7,0.6,-1,-1,0.3,0.3,0.691009,0.035371
1,-1,2,0.7,0.6,-1,-1,0.35,0.35,0.693039,0.034027
1,-1,2,0.7,0.6,-1,-1,0.4,0.4,0.695547,0.032722
1,-1,2,0.7,0.6,-1,-1,0.45,0.45,0.698738,0.031249
1,-1,2,0.7,0.6,-1,-1,0.5,0.5,0.705051,0.029152
1,-1,2,0.7,0.6,-1,-1,0.55,0.55,0.709214,0.027685
1,-1,2,0.7,0.6,-1,-1,0.6,0.6,0.71336,0.026543
1,-1,2,0.7,0.6,-1,-1,0.65,0.65,0.717455,0.025738
1,-1,2,0.7,0.6,-1,-1,0.7,0.7,0.72143,0.025128
1,-1,2,0.7,0.6,-1,-1,0.75,0.75,0.724535,0.024693
1,-1,2,0.7,0.6,-1,-1,0.8,0.8,0.727709,0.024265
1,-1,2,0.7,0.6,-1,-1,0.85,0.85,0.730132,0.024102
1,-1,2,0.7,0.6,-1,-1,0.9,0.9,0.732759,0.024011
1,-1,2,0.7,0.6,-1,-1,0.95,0.95,0.735677,0.023946
1,-1,2,0.7,0.6,-1,-1,1.0,1.0,0.743116,0.023927
1,-1,2,0.75,0.6,-1,-1,0.05,0.05,0.687025,0.04062
1,-1,2,0.75,0.6,-1,-1,0.1,0.1,0.687342,0.03959
1,-1,2,0.75,0.6,-1,-1,0.15,0.15,0.688134,0.038309
1,-1,2,0.75,0.6,-1,-1,0.2,0.2,0.689268,0.03695
1,-1,2,0.75,0.6,-1,-1,0.25,0.25,0.690746,0.035366
1,-1,2,0.75,0.6,-1,-1,0.3,0.3,0.6932,0.033488
1,-1,2,0.75,0.6,-1,-1,0.35,0.35,0.69634,0.031697
1,-1,2,0.75,0.6,-1,-1,0.4,0.4,0.700219,0.029957
1,-1,2,0.75,0.6,-1,-1,0.45,0.45,0.705154,0.027993
1,-1,2,0.75,0.6,-1,-1,0.5,0.5,0.714917,0.025197
1,-1,2,0.75,0.6,-1,-1,0.55,0.55,0.721356,0.023241
1,-1,2,0.75,0.6,-1,-1,0.6,0.6,0.727768,0.021718
1,-1,2,0.75,0.6,-1,-1,0.65,0.65,0.734101,0.020645
1,-1,2,0.75,0.6,-1,-1,0.7,0.7,0.74025,0.019831
1,-1,2,0.75,0.6,-1,-1,0.75,0.75,0.745052,0.019251
1,-1,2,0.75,0.6,-1,-1,0.8,0.8,0.749961,0.01868
1,-1,2,0.75,0.6,-1,-1,0.85,0.85,0.753708,0.018464
1,-1,2,0.75,0.6,-1,-1,0.9,0.9,0.757771,0.018343
1,-1,2,0.75,0.6,-1,-1,0.95,0.95,0.762284,0.018256
1,-1,2,0.75,0.6,-1,-1,1.0,1.0,0.773789,0.01823
1,-1,2,0.8,0.6,-1,-1,0.05,0.05,0.687033,0.040461
1,-1,2,0.8,0.6,-1,-1,0.1,0.1,0.68744,0.039019
1,-1,2,0.8,0.6,-1,-1,0.15,0.15,0.688457,0.037225
1,-1,2,0.8,0.6,-1,-1,0.2,0.2,0.689915,0.035323
1,-1,2,0.8,0.6,-1,-1,0.25,0.25,0.691814,0.033106
1,-1,2,0.8,0.6,-1,-1,0.3,0.3,0.694968,0.030477
1,-1,2,0.8,0.6,-1,-1,0.35,0.35,0.699004,0.027968
1,-1,2,0.8,0.6,-1,-1,0.4,0.4,0.703989,0.025533
1,-1,2,0.8,0.6,-1,-1,0.45,0.45,0.710331,0.022783
1,-1,2,0.8,0.6,-1,-1,0.5,0.5,0.722878,0.018869
1,-1,2,0.8,0.6,-1,-1,0.55,0.55,0.731153,0.016131
1,-1,2,0.8,0.6,-1,-1,0.6,0.6,0.739393,0.013998
1,-1,2,0.8,0.6,-1,-1,0.65,0.65,0.747532,0.012496
1,-1,2,0.8,0.6,-1,-1,0.7,0.7,0.755434,0.011357
1,-1,2,0.8,0.6,-1,-1,0.75,0.75,0.761606,0.010545
1,-1,2,0.8,0.6,-1,-1,0.8,0.8,0.767913,0.009745
1,-1,2,0.8,0.6,-1,-1,0.85,0.85,0.772729,0.009442
1,-1,2,0.8,0.6,-1,-1,0.9,0.9,0.777951,0.009273
1,-1,2,0.8,0.6,-1,-1,0.95,0.95,0.78375,0.009151
1,-1,2,0.8,0.6,-1,-1,1.0,1.0,0.798536,0.009115
1,-1,2,0.85,0.6,-1,-1,0.05,0.05,0.687041,0.040388
1,-1,2,0.85,0.6,-1,-1,0.1,0.1,0.687547,0.038757
1,-1,2,0.85,0.6,-1,-1,0.15,0.15,0.688813,0.036729
1,-1,2,0.85,0.6,-1,-1,0.2,0.2,0.690626,0.034577
1,-1,2,0.85,0.6,-1,-1,0.25,0.25,0.692988,0.03207
1,-1,2,0.85,0.6,-1,-1,0.3,0.3,0.696911,0.029096
1,-1,2,0.85,0.6,-1,-1,0.35,0.35,0.70193,0.026259
1,-1,2,0.85,0.6,-1,-1,0.4,0.4,0.70813,0.023505
1,-1,2,0.85,0.6,-1,-1,0.45,0.45,0.716018,0.020394
1,-1,2,0.85,0.6,-1,-1,0.5,0.5,0.731623,0.015968
1,-1,2,0.85,0.6,-1,-1,0.55,0.55,0.741915,0.012871
1,-1,2,0.85,0.6,-1,-1,0.6,0.6,0.752164,0.010459
1,-1,2,0.85,0.6,-1,-1,0.65,0.65,0.762287,0.00876
1,-1,2,0.85,0.6,-1,-1,0.7,0.7,0.772114,0.007472
1,-1,2,0.85,0.6,-1,-1,0.75,0.75,0.779791,0.006554
1,-1,2,0.85,0.6,-1,-1,0.8,0.8,0.787636,0.00565
1,-1,2,0.85,0.6,-1,-1,0.85,0.85,0.793625,0.005307
1,-1,2,0.85,0.6,-1,-1,0.9,0.9,0.800121,0.005115
1,-1,2,0.85,0.6,-1,-1,0.95,0.95,0.807333,0.004978
1,-1,2,0.85,0.6,-1,-1,1.0,1.0,0.825723,0.004937
1,-1,2,0.9,0.6,-1,-1,0.05,0.05,0.687051,0.040341
1,-1,2,0.9,0.6,-1,-1,0.1,0.1,0.687678,0.03859
1,-1,2,0.9,0.6,-1,-1,0.15,0.15,0.689246,0.036413
1,-1,2,0.9,0.6,-1,-1,0.2,0.2,0.691492,0.034103
1,-1,2,0.9,0.6,-1,-1,0.25,0.25,0.694418,0.03141
1,-1,2,0.9,0.6,-1,-1,0.3,0.3,0.699277,0.028218
1,-1,2,0.9,0.6,-1,-1,0.35,0.35,0.705494,0.025172
1,-1,2,0.9,0.6,-1,-1,0.4,0.4,0.713174,0.022215
1,-1,2,0.9,0.6,-1,-1,0.45,0.45,0.722944,0.018875
1,-1,2,0.9,0.6,-1,-1,0.5,0.5,0.742275,0.014123
1,-1,2,0.9,0.6,-1,-1,0.55,0.55,0.755023,0.010798
1,-1,2,0.9,0.6,-1,-1,0.6,0.6,0.767719,0.008208
1,-1,2,0.9,0.6,-1,-1,0.65,0.65,0.780258,0.006384
1,-1,2,0.9,0.6,-1,-1,0.7,0.7,0.792431,0.005001
1,-1,2,0.9,0.6,-1,-1,0.75,0.75,0.80194,0.004015
1,-1,2,0.9,0.6,-1,-1,0.8,0.8,0.811658,0.003044
1,-1,2,0.9,0.6,-1,-1,0.85,0.85,0.819077,0.002676
1,-1,2,0.9,0.6,-1,-1,0.9,0.9,0.827123,0.00247
1,-1,2,0.9,0.6,-1,-1,0.95,0.95,0.836057,0.002323
1,-1,2,0.9,0.6,-1,-1,1.0,1.0,0.858836,0.002279
1,-1,2,0.95,0.6,-1,-1,0.05,0.05,0.687064,0.040308
1,-1,2,0.95,0.6,-1,-1,0.1,0.1,0.687839,0.038471
1,-1,2,0.95,0.6,-1,-1,0.15,0.15,0.689779,0.036187
1,-1,2,0.95,0.6,-1,-1,0.2,0.2,0.692559,0.033764
1,-1,2,0.95,0.6,-1,-1,0.25,0.25,0.696179,0.03094
1,-1,2,0.95,0.6,-1,-1,0.3,0.3,0.702191,0.02759
1,-1,2,0.95,0.6,-1,-1,0.35,0.35,0.709883,0.024395
1,-1,2,0.95,0.6,-1,-1,0.4,0.4,0.719386,0.021293
1,-1,2,0.95,0.6,-1,-1,0.45,0.45,0.731475,0.01779
1,-1,2,0.95,0.6,-1,-1,0.5,0.5,0.755394,0.012804
1,-1,2,0.95,0.6,-1,-1,0.55,0.55,0.771167,0.009316
1,-1,2,0.95,0.6,-1,-1,0.6,0.6,0.786876,0.0066
1,-1,2,0.95,0.6,-1,-1,0.65,0.65,0.802391,0.004686
1,-1,2,0.95,0.6,-1,-1,0.7,0.7,0.817453,0.003235
1,-1,2,0.95,0.6,-1,-1,0.75,0.75,0.829218,0.002201
1,-1,2,0.95,0.6,-1,-1,0.8,0.8,0.841242,0.001183
1,-1,2,0.95,0.6,-1,-1,0.85,0.85,0.850422,0.000797
1,-1,2,0.95,0.6,-1,-1,0.9,0.9,0.860377,0.000581
1,-1,2,0.95,0.6,-1,-1,0.95,0.95,0.871432,0.000426
1,-1,2,0.95,0.6,-1,-1,1.0,1.0,0.899617,0.00038
1,-1,2,1.0,0.6,-1,-1,0.05,0.05,0.687094,0.040301
1,-1,2,1.0,0.6,-1,-1,0.1,0.1,0.688236,0.038448
1,-1,2,1.0,0.6,-1,-1,0.15,0.15,0.691091,0.036142
1,-1,2,1.0,0.6,-1,-1,0.2,0.2,0.695183,0.033696
1,-1,2,1.0,0.6,-1,-1,0.25,0.25,0.700513,0.030845
1,-1,2,1.0,0.6,-1,-1,0.3,0.3,0.709363,0.027465
1,-1,2,1.0,0.6,-1,-1,0.35,0.35,0.720688,0.02424
1,-1,2,1.0,0.6,-1,-1,0.4,0.4,0.734677,0.021109
1,-1,2,1.0,0.6,-1,-1,0.45,0.45,0.752473,0.017572
1,-1,2,1.0,0.6,-1,-1,0.5,0.5,0.787685,0.012541
1,-1,2,1.0,0.6,-1,-1,0.55,0.55,0.810905,0.00902
1,-1,2,1.0,0.6,-1,-1,0.6,0.6,0.834031,0.006278
1,-1,2,1.0,0.6,-1,-1,0.65,0.65,0.85687,0.004346
1,-1,2,1.0,0.6,-1,-1,0.7,0.7,0.879044,0.002882
1,-1,2,1.0,0.6,-1,-1,0.75,0.75,0.896364,0.001838
1,-1,2,1.0,0.6,-1,-1,0.8,0.8,0.914065,0.00081
1,-1,2,1.0,0.6,-1,-1,0.85,0.85,0.927579,0.000421
1,-1,2,1.0,0.6,-1,-1,0.9,0.9,0.942234,0.000203
1,-1,2,1.0,0.6,-1,-1,0.95,0.95,0.958508,4.7e-05
1,-1,2,1.0,0.6,-1,-1,1.0,1.0,1.0,0.0
1,-1,2,0.65,0.65,-1,-1,0.05,0.05,0.719414,0.033042
1,-1,2,0.65,0.65,-1,-1,0.1,0.1,0.719414,0.033042
1,-1,2,0.65,0.65,-1,-1,0.15,0.15,0.719414,0.033042
1,-1,2,0.65,0.65,-1,-1,0.2,0.2,0.719414,0.033042
1,-1,2,0.65,0.65,-1,-1,0.25,0.25,0.719414,0.033042
1,-1,2,0.65,0.65,-1,-1,0.3,0.3,0.719414,0.033042
1,-1,2,0.65,0.65,-1,-1,0.35,0.35,0.719414,0.033042
1,-1,2,0.65,0.65,-1,-1,0.4,0.4,0.719414,0.033042
1,-1,2,0.65,0.65,-1,-1,0.45,0.45,0.719414,0.033042
1,-1,2,0.65,0.65,-1,-1,0.5,0.5,0.719414,0.033042
1,-1,2,0.65,0.65,-1,-1,0.55,0.55,0.719414,0.033042
1,-1,2,0.65,0.65,-1,-1,0.6,0.6,0.719414,0.033042
1,-1,2,0.65,0.65,-1,-1,0.65,0.65,0.719414,0.033042
1,-1,2,0.65,0.65,-1,-1,0.7,0.7,0.719414,0.033042
1,-1,2,0.65,0.65,-1,-1,0.75,0.75,0.719414,0.033042
1,-1,2,0.65,0.65,-1,-1,0.8,0.8,0.719414,0.033042
1,-1,2,0.65,0.65,-1,-1,0.85,0.85,0.719414,0.033042
1,-1,2,0.65,0.65,-1,-1,0.9,0.9,0.719414,0.033042
1,-1,2,0.65,0.65,-1,-1,0.95,0.95,0.719414,0.033042
1,-1,2,0.65,0.65,-1,-1,1.0,1.0,0.719414,0.033042
1,-1,2,0.7,0.65,-1,-1,0.05,0.05,0.719421,0.032883
1,-1,2,0.7,0.65,-1,-1,0.1,0.1,0.719508,0.032471
1,-1,2,0.7,0.65,-1,-1,0.15,0.15,0.719724,0.031958
1,-1,2,0.7,0.65,-1,-1,0.2,0.2,0.720034,0.031415
1,-1,2,0.7,0.65,-1,-1,0.25,0.25,0.720437,0.030781
1,-1,2,0.7,0.65,-1,-1,0.3,0.3,0.721108,0.03003
1,-1,2,0.7,0.65,-1,-1,0.35,0.35,0.721965,0.029314
1,-1,2,0.7,0.65,-1,-1,0.4,0.4,0.723024,0.028618
1,-1,2,0.7,0.65,-1,-1,0.45,0.45,0.724372,0.027832
1,-1,2,0.7,0.65,-1,-1,0.5,0.5,0.727038,0.026714
1,-1,2,0.7,0.65,-1,-1,0.55,0.55,0.728797,0.025931
1,-1,2,0.7,0.65,-1,-1,0.6,0.6,0.730548,0.025322
1,-1,2,0.7,0.65,-1,-1,0.65,0.65,0.732278,0.024893
1,-1,2,0.7,0.65,-1,-1,0.7,0.7,0.733957,0.024567
1,-1,2,0.7,0.65,-1,-1,0.75,0.75,0.735268,0.024335
1,-1,2,0.7,0.65,-1,-1,0.8,0.8,0.736609,0.024107
1,-1,2,0.7,0.65,-1,-1,0.85,0.85,0.737632,0.02402
1,-1,2,0.7,0.65,-1,-1,0.9,0.9,0.738742,0.023972
1,-1,2,0.7,0.65,-1,-1,0.95,0.95,0.739974,0.023937
1,-1,2,0.7,0.65,-1,-1,1.0,1.0,0.743116,0.023927
1,-1,2,0.75,0.65,-1,-1,0.05,0.05,0.719431,0.032783
1,-1,2,0.75,0.65,-1,-1,0.1,0.1,0.719629,0.032114
1,-1,2,0.75,0.65,-1,-1,0.15,0.15,0.720125,0.031281
1,-1,2,0.75,0.65,-1,-1,0.2,0.2,0.720836,0.030398
1,-1,2,0.75,0.65,-1,-1,0.25,0.25,0.721762,0.029369
1,-1,2,0.75,0.65,-1,-1,0.3,0.3,0.723299,0.028148
1,-1,2,0.75,0.65,-1,-1,0.35,0.35,0.725266,0.026983
1,-1,2,0.75,0.65,-1,-1,0.4,0.4,0.727697,0.025853
1,-1,2,0.75,0.65,-1,-1,0.45,0.45,0.730788,0.024576
1,-1,2,0.75,0.65,-1,-1,0.5,0.5,0.736905,0.022759
1,-1,2,0.75,0.65,-1,-1,0.55,0.55,0.740939,0.021487
1,-1,2,0.75,0.65,-1,-1,0.6,0.6,0.744957,0.020497
1,-1,2,0.75,0.65,-1,-1,0.65,0.65,0.748924,0.0198
1,-1,2,0.75,0.65,-1,-1,0.7,0.7,0.752776,0.019271
1,-1,2,0.75,0.65,-1,-1,0.75,0.75,0.755785,0.018894
1,-1,2,0.75,0.65,-1,-1,0.8,0.8,0.75886,0.018523
1,-1,2,0.75,0.65,-1,-1,0.85,0.85,0.761208,0.018382
1,-1,2,0.75,0.65,-1,-1,0.9,0.9,0.763754,0.018303
1,-1,2,0.75,0.65,-1,-1,0.95,0.95,0.766581,0.018247
1,-1,2,0.75,0.65,-1,-1,1.0,1.0,0.773789,0.01823
1,-1,2,0.8,0.65,-1,-1,0.05,0.05,0.719438,0.032624
1,-1,2,0.8,0.65,-1,-1,0.1,0.1,0.719727,0.031543
1,-1,2,0.8,0.65,-1,-1,0.15,0.15,0.720448,0.030198
1,-1,2,0.8,0.65,-1,-1,0.2,0.2,0.721483,0.028771
1,-1,2,0.8,0.65,-1,-1,0.25,0.25,0.72283,0.027108
1,-1,2,0.8,0.65,-1,-1,0.3,0.3,0.725067,0.025136
1,-1,2,0.8,0.65,-1,-1,0.35,0.35,0.72793,0.023255
1,-1,2,0.8,0.65,-1,-1,0.4,0.4,0.731466,0.021428
1,-1,2,0.8,0.65,-1,-1,0.45,0.45,0.735965,0.019366
1,-1,2,0.8,0.65,-1,-1,0.5,0.5,0.744866,0.01643
1,-1,2,0.8,0.65,-1,-1,0.55,0.55,0.750736,0.014377
1,-1,2,0.8,0.65,-1,-1,0.6,0.6,0.756581,0.012777
1,-1,2,0.8,0.65,-1,-1,0.65,0.65,0.762355,0.01165
1,-1,2,0.8,0.65,-1,-1,0.7,0.7,0.76796,0.010796
1,-1,2,0.8,0.65,-1,-1,0.75,0.75,0.772338,0.010187
1,-1,2,0.8,0.65,-1,-1,0.8,0.8,0.776813,0.009588
1,-1,2,0.8,0.65,-1,-1,0.85,0.85,0.780229,0.00936
1,-1,2,0.8,0.65,-1,-1,0.9,0.9,0.783934,0.009233
1,-1,2,0.8,0.65,-1,-1,0.95,0.95,0.788047,0.009142
1,-1,2,0.8,0.65,-1,-1,1.0,1.0,0.798536,0.009115
1,-1,2,0.85,0.65,-1,-1,0.05,0.05,0.719446,0.032551
1,-1,2,0.85,0.65,-1,-1,0.1,0.1,0.719834,0.031281
1,-1,2,0.85,0.65,-1,-1,0.15,0.15,0.720804,0.029701
1,-1,2,0.85,0.65,-1,-1,0.2,0.2,0.722194,0.028025
1,-1,2,0.85,0.65,-1,-1,0.25,0.25,0.724004,0.026072
1,-1,2,0.85,0.65,-1,-1,0.3,0.3,0.72701,0.023755
1,-1,2,0.85,0.65,-1,-1,0.35,0.35,0.730856,0.021546
1,-1,2,0.85,0.65,-1,-1,0.4,0.4,0.735608,0.0194
1,-1,2,0.85,0.65,-1,-1,0.45,0.45,0.741652,0.016977
1,-1,2,0.85,0.65,-1,-1,0.5,0.5,0.753611,0.01353
1,-1,2,0.85,0.65,-1,-1,0.55,0.55,0.761498,0.011117
1,-1,2,0.85,0.65,-1,-1,0.6,0.6,0.769352,0.009239
1,-1,2,0.85,0.65,-1,-1,0.65,0.65,0.77711,0.007915
1,-1,2,0.85,0.65,-1,-1,0.7,0.7,0.784641,0.006912
1,-1,2,0.85,0.65,-1,-1,0.75,0.75,0.790524,0.006197
1,-1,2,0.85,0.65,-1,-1,0.8,0.8,0.796536,0.005492
1,-1,2,0.85,0.65,-1,-1,0.85,0.85,0.801126,0.005225
1,-1,2,0.85,0.65,-1,-1,0.9,0.9,0.806103,0.005076
1,-1,2,0.85,0.65,-1,-1,0.95,0.95,0.81163,0.004969
1,-1,2,0.85,0.65,-1,-1,1.0,1.0,0.825723,0.004937
1,-1,2,0.9,0.65,-1,-1,0.05,0.05,0.719456,0.032505
1,-1,2,0.9,0.65,-1,-1,0.1,0.1,0.719965,0.031114
1,-1,2,0.9,0.65,-1,-1,0.15,0.15,0.721237,0.029385
1,-1,2,0.9,0.65,-1,-1,0.2,0.2,0.72306,0.027551
1,-1,2,0.9,0.65,-1,-1,0.25,0.25,0.725433,0.025413
1,-1,2,0.9,0.65,-1,-1,0.3,0.3,0.729376,0.022877
1,-1,2,0.9,0.65,-1,-1,0.35,0.35,0.73442,0.020459
1,-1,2,0.9,0.65,-1,-1,0.4,0.4,0.740652,0.01811
1,-1,2,0.9,0.65,-1,-1,0.45,0.45,0.748579,0.015458
1,-1,2,0.9,0.65,-1,-1,0.5,0.5,0.764263,0.011684
1,-1,2,0.9,0.65,-1,-1,0.55,0.55,0.774606,0.009044
1,-1,2,0.9,0.65,-1,-1,0.6,0.6,0.784907,0.006987
1,-1,2,0.9,0.65,-1,-1,0.65,0.65,0.795081,0.005539
1,-1,2,0.9,0.65,-1,-1,0.7,0.7,0.804958,0.00444
1,-1,2,0.9,0.65,-1,-1,0.75,0.75,0.812673,0.003658
1,-1,2,0.9,0.65,-1,-1,0.8,0.8,0.820557,0.002887
1,-1,2,0.9,0.65,-1,-1,0.85,0.85,0.826577,0.002594
1,-1,2,0.9,0.65,-1,-1,0.9,0.9,0.833105,0.002431
1,-1,2,0.9,0.65,-1,-1,0.95,0.95,0.840354,0.002314
1,-1,2,0.9,0.65,-1,-1,1.0,1.0,0.858836,0.002279
1,-1,2,0.95,0.65,-1,-1,0.05,0.05,0.719469,0.032471
1,-1,2,0.95,0.65,-1,-1,0.1,0.1,0.720126,0.030995
1,-1,2,0.95,0.65,-1,-1,0.15,0.15,0.72177,0.029159
1,-1,2,0.95,0.65,-1,-1,0.2,0.2,0.724126,0.027212
1,-1,2,0.95,0.65,-1,-1,0.25,0.25,0.727194,0.024942
1,-1,2,0.95,0.65,-1,-1,0.3,0.3,0.73229,0.02225
1,-1,2,0.95,0.65,-1,-1,0.35,0.35,0.738809,0.019682
1,-1,2,0.95,0.65,-1,-1,0.4,0.4,0.746864,0.017189
1,-1,2,0.95,0.65,-1,-1,0.45,0.45,0.757109,0.014373
1,-1,2,0.95,0.65,-1,-1,0.5,0.5,0.777381,0.010366
1,-1,2,0.95,0.65,-1,-1,0.55,0.55,0.79075,0.007562
1,-1,2,0.95,0.65,-1,-1,0.6,0.6,0.804064,0.005379
1,-1,2,0.95,0.65,-1,-1,0.65,0.65,0.817213,0.003841
1,-1,2,0.95,0.65,-1,-1,0.7,0.7,0.829979,0.002675
1,-1,2,0.95,0.65,-1,-1,0.75,0.75,0.839951,0.001844
1,-1,2,0.95,0.65,-1,-1,0.8,0.8,0.850142,0.001025
1,-1,2,0.95,0.65,-1,-1,0.85,0.85,0.857922,0.000715
1,-1,2,0.95,0.65,-1,-1,0.9,0.9,0.86636,0.000541
1,-1,2,0.95,0.65,-1,-1,0.95,0.95,0.875729,0.000417
1,-1,2,0.95,0.65,-1,-1,1.0,1.0,0.899617,0.00038
1,-1,2,1.0,0.65,-1,-1,0.05,0.05,0.719499,0.032465
1,-1,2,1.0,0.65,-1,-1,0.1,0.1,0.720523,0.030971
1,-1,2,1.0,0.65,-1,-1,0.15,0.15,0.723082,0.029114
1,-1,2,1.0,0.65,-1,-1,0.2,0.2,0.726751,0.027144
1,-1,2,1.0,0.65,-1,-1,0.25,0.25,0.731528,0.024847
1,-1,2,1.0,0.65,-1,-1,0.3,0.3,0.739462,0.022124
1,-1,2,1.0,0.65,-1,-1,0.35,0.35,0.749614,0.019527
1,-1,2,1.0,0.65,-1,-1,0.4,0.4,0.762155,0.017004
1,-1,2,1.0,0.65,-1,-1,0.45,0.45,0.778108,0.014155
1,-1,2,1.0,0.65,-1,-1,0.5,0.5,0.809672,0.010102
1,-1,2,1.0,0.65,-1,-1,0.55,0.55,0.830488,0.007266
1,-1,2,1.0,0.65,-1,-1,0.6,0.6,0.851219,0.005057
1,-1,2,1.0,0.65,-1,-1,0.65,0.65,0.871693,0.003501
1,-1,2,1.0,0.65,-1,-1,0.7,0.7,0.89157,0.002322
1,-1,2,1.0,0.65,-1,-1,0.75,0.75,0.907097,0.001481
1,-1,2,1.0,0.65,-1,-1,0.8,0.8,0.922965,0.000653
1,-1,2,1.0,0.65,-1,-1,0.85,0.85,0.935079,0.000339
1,-1,2,1.0,0.65,-1,-1,0.9,0.9,0.948216,0.000163
1,-1,2,1.0,0.65,-1,-1,0.95,0.95,0.962805,3.8e-05
1,-1,2,1.0,0.65,-1,-1,1.0,1.0,1.0,0.0
1,-1,2,0.7,0.7,-1,-1,0.05,0.05,0.743116,0.023927
1,-1,2,0.7,0.7,-1,-1,0.1,0.1,0.743116,0.023927
1,-1,2,0.7,0.7,-1,-1,0.15,0.15,0.743116,0.023927
1,-1,2,0.7,0.7,-1,-1,0.2,0.2,0.743116,0.023927
1,-1,2,0.7,0.7,-1,-1,0.25,0.25,0.743116,0.023927
1,-1,2,0.7,0.7,-1,-1,0.3,0.3,0.743116,0.023927
1,-1,2,0.7,0.7,-1,-1,0.35,0.35,0.743116,0.023927
1,-1,2,0.7,0.7,-1,-1,0.4,0.4,0.743116,0.023927
1,-1,2,0.7,0.7,-1,-1,0.45,0.45,0.743116,0.023927
1,-1,2,0.7,0.7,-1,-1,0.5,0.5,0.743116,0.023927
1,-1,2,0.7,0.7,-1,-1,0.55,0.55,0.743116,0.023927
1,-1,2,0.7,0.7,-1,-1,0.6,0.6,0.743116,0.023927
1,-1,2,0.7,0.7,-1,-1,0.65,0.65,0.743116,0.023927
1,-1,2,0.7,0.7,-1,-1,0.7,0.7,0.743116,0.023927
1,-1,2,0.7,0.7,-1,-1,0.75,0.75,0.743116,0.023927
1,-1,2,0.7,0.7,-1,-1,0.8,0.8,0.743116,0.023927
1,-1,2,0.7,0.7,-1,-1,0.85,0.85,0.743116,0.023927
1,-1,2,0.7,0.7,-1,-1,0.9,0.9,0.743116,0.023927
1,-1,2,0.7,0.7,-1,-1,0.95,0.95,0.743116,0.023927
1,-1,2,0.7,0.7,-1,-1,1.0,1.0,0.743116,0.023927
1,-1,2,0.75,0.7,-1,-1,0.05,0.05,0.743125,0.023827
1,-1,2,0.75,0.7,-1,-1,0.1,0.1,0.743237,0.02357
1,-1,2,0.75,0.7,-1,-1,0.15,0.15,0.743517,0.02325
1,-1,2,0.75,0.7,-1,-1,0.2,0.2,0.743918,0.02291
1,-1,2,0.75,0.7,-1,-1,0.25,0.25,0.74444,0.022514
1,-1,2,0.75,0.7,-1,-1,0.3,0.3,0.745308,0.022045
1,-1,2,0.75,0.7,-1,-1,0.35,0.35,0.746417,0.021597
1,-1,2,0.75,0.7,-1,-1,0.4,0.4,0.747788,0.021162
1,-1,2,0.75,0.7,-1,-1,0.45,0.45,0.749532,0.020671
1,-1,2,0.75,0.7,-1,-1,0.5,0.5,0.752983,0.019972
1,-1,2,0.75,0.7,-1,-1,0.55,0.55,0.755258,0.019483
1,-1,2,0.75,0.7,-1,-1,0.6,0.6,0.757525,0.019102
1,-1,2,0.75,0.7,-1,-1,0.65,0.65,0.759763,0.018834
1,-1,2,0.75,0.7,-1,-1,0.7,0.7,0.761936,0.01863
1,-1,2,0.75,0.7,-1,-1,0.75,0.75,0.763633,0.018485
1,-1,2,0.75,0.7,-1,-1,0.8,0.8,0.765368,0.018343
1,-1,2,0.75,0.7,-1,-1,0.85,0.85,0.766692,0.018288
1,-1,2,0.75,0.7,-1,-1,0.9,0.9,0.768128,0.018258
1,-1,2,0.75,0.7,-1,-1,0.95,0.95,0.769723,0.018236
1,-1,2,0.75,0.7,-1,-1,1.0,1.0,0.773789,0.01823
1,-1,2,0.8,0.7,-1,-1,0.05,0.05,0.743133,0.023668
1,-1,2,0.8,0.7,-1,-1,0.1,0.1,0.743335,0.022999
1,-1,2,0.8,0.7,-1,-1,0.15,0.15,0.743841,0.022166
1,-1,2,0.8,0.7,-1,-1,0.2,0.2,0.744565,0.021283
1,-1,2,0.8,0.7,-1,-1,0.25,0.25,0.745509,0.020254
1,-1,2,0.8,0.7,-1,-1,0.3,0.3,0.747076,0.019033
1,-1,2,0.8,0.7,-1,-1,0.35,0.35,0.749081,0.017868
1,-1,2,0.8,0.7,-1,-1,0.4,0.4,0.751558,0.016738
1,-1,2,0.8,0.7,-1,-1,0.45,0.45,0.754709,0.015461
1,-1,2,0.8,0.7,-1,-1,0.5,0.5,0.760943,0.013644
1,-1,2,0.8,0.7,-1,-1,0.55,0.55,0.765055,0.012372
1,-1,2,0.8,0.7,-1,-1,0.6,0.6,0.769149,0.011382
1,-1,2,0.8,0.7,-1,-1,0.65,0.65,0.773193,0.010685
1,-1,2,0.8,0.7,-1,-1,0.7,0.7,0.777119,0.010156
1,-1,2,0.8,0.7,-1,-1,0.75,0.75,0.780186,0.009779
1,-1,2,0.8,0.7,-1,-1,0.8,0.8,0.78332,0.009408
1,-1,2,0.8,0.7,-1,-1,0.85,0.85,0.785713,0.009267
1,-1,2,0.8,0.7,-1,-1,0.9,0.9,0.788308,0.009188
1,-1,2,0.8,0.7,-1,-1,0.95,0.95,0.791189,0.009132
1,-1,2,0.8,0.7,-1,-1,1.0,1.0,0.798536,0.009115
1,-1,2,0.85,0.7,-1,-1,0.05,0.05,0.743141,0.023595
1,-1,2,0.85,0.7,-1,-1,0.1,0.1,0.743443,0.022737
1,-1,2,0.85,0.7,-1,-1,0.15,0.15,0.744196,0.02167
1,-1,2,0.85,0.7,-1,-1,0.2,0.2,0.745276,0.020537
1,-1,2,0.85,0.7,-1,-1,0.25,0.25,0.746682,0.019217
1,-1,2,0.85,0.7,-1,-1,0.3,0.3,0.749018,0.017652
1,-1,2,0.85,0.7,-1,-1,0.35,0.35,0.752007,0.016159
1,-1,2,0.85,0.7,-1,-1,0.4,0.4,0.755699,0.01471
1,-1,2,0.85,0.7,-1,-1,0.45,0.45,0.760396,0.013072
1,-1,2,0.85,0.7,-1,-1,0.5,0.5,0.769689,0.010743
1,-1,2,0.85,0.7,-1,-1,0.55,0.55,0.775817,0.009113
1,-1,2,0.85,0.7,-1,-1,0.6,0.6,0.78192,0.007844
1,-1,2,0.85,0.7,-1,-1,0.65,0.65,0.787948,0.006949
1,-1,2,0.85,0.7,-1,-1,0.7,0.7,0.7938,0.006271
1,-1,2,0.85,0.7,-1,-1,0.75,0.75,0.798371,0.005788
1,-1,2,0.85,0.7,-1,-1,0.8,0.8,0.803043,0.005312
1,-1,2,0.85,0.7,-1,-1,0.85,0.85,0.80661,0.005132
1,-1,2,0.85,0.7,-1,-1,0.9,0.9,0.810477,0.005031
1,-1,2,0.85,0.7,-1,-1,0.95,0.95,0.814772,0.004959
1,-1,2,0.85,0.7,-1,-1,1.0,1.0,0.825723,0.004937
1,-1,2,0.9,0.7,-1,-1,0.05,0.05,0.743151,0.023549
1,-1,2,0.9,0.7,-1,-1,0.1,0.1,0.743573,0.02257
1,-1,2,0.9,0.7,-1,-1,0.15,0.15,0.744629,0.021354
1,-1,2,0.9,0.7,-1,-1,0.2,0.2,0.746142,0.020063
1,-1,2,0.9,0.7,-1,-1,0.25,0.25,0.748112,0.018558
1,-1,2,0.9,0.7,-1,-1,0.3,0.3,0.751384,0.016774
1,-1,2,0.9,0.7,-1,-1,0.35,0.35,0.755571,0.015072
1,-1,2,0.9,0.7,-1,-1,0.4,0.4,0.760743,0.01342
1,-1,2,0.9,0.7,-1,-1,0.45,0.45,0.767323,0.011553
1,-1,2,0.9,0.7,-1,-1,0.5,0.5,0.780341,0.008898
1,-1,2,0.9,0.7,-1,-1,0.55,0.55,0.788925,0.007039
1,-1,2,0.9,0.7,-1,-1,0.6,0.6,0.797475,0.005592
1,-1,2,0.9,0.7,-1,-1,0.65,0.65,0.805919,0.004573
1,-1,2,0.9,0.7,-1,-1,0.7,0.7,0.814117,0.0038
1,-1,2,0.9,0.7,-1,-1,0.75,0.75,0.820521,0.003249
1,-1,2,0.9,0.7,-1,-1,0.8,0.8,0.827065,0.002707
1,-1,2,0.9,0.7,-1,-1,0.85,0.85,0.832061,0.002501
1,-1,2,0.9,0.7,-1,-1,0.9,0.9,0.837479,0.002386
1,-1,2,0.9,0.7,-1,-1,0.95,0.95,0.843496,0.002304
1,-1,2,0.9,0.7,-1,-1,1.0,1.0,0.858836,0.002279
1,-1,2,0.95,0.7,-1,-1,0.05,0.05,0.743164,0.023516
1,-1,2,0.95,0.7,-1,-1,0.1,0.1,0.743735,0.022451
1,-1,2,0.95,0.7,-1,-1,0.15,0.15,0.745162,0.021128
1,-1,2,0.95,0.7,-1,-1,0.2,0.2,0.747208,0.019724
1,-1,2,0.95,0.7,-1,-1,0.25,0.25,0.749873,0.018087
1,-1,2,0.95,0.7,-1,-1,0.3,0.3,0.754298,0.016147
1,-1,2,0.95,0.7,-1,-1,0.35,0.35,0.75996,0.014295
1,-1,2,0.95,0.7,-1,-1,0.4,0.4,0.766955,0.012498
1,-1,2,0.95,0.7,-1,-1,0.45,0.45,0.775853,0.010468
1,-1,2,0.95,0.7,-1,-1,0.5,0.5,0.793459,0.007579
1,-1,2,0.95,0.7,-1,-1,0.55,0.55,0.805069,0.005558
1,-1,2,0.95,0.7,-1,-1,0.6,0.6,0.816632,0.003984
1,-1,2,0.95,0.7,-1,-1,0.65,0.65,0.828052,0.002875
1,-1,2,0.95,0.7,-1,-1,0.7,0.7,0.839139,0.002034
1,-1,2,0.95,0.7,-1,-1,0.75,0.75,0.847799,0.001435
1,-1,2,0.95,0.7,-1,-1,0.8,0.8,0.856649,0.000845
1,-1,2,0.95,0.7,-1,-1,0.85,0.85,0.863406,0.000621
1,-1,2,0.95,0.7,-1,-1,0.9,0.9,0.870734,0.000496
1,-1,2,0.95,0.7,-1,-1,0.95,0.95,0.878871,0.000407
1,-1,2,0.95,0.7,-1,-1,1.0,1.0,0.899617,0.00038
1,-1,2,1.0,0.7,-1,-1,0.05,0.05,0.743194,0.023509
1,-1,2,1.0,0.7,-1,-1,0.1,0.1,0.744131,0.022428
1,-1,2,1.0,0.7,-1,-1,0.15,0.15,0.746475,0.021083
1,-1,2,1.0,0.7,-1,-1,0.2,0.2,0.749833,0.019656
1,-1,2,1.0,0.7,-1,-1,0.25,0.25,0.754207,0.017993
1,-1,2,1.0,0.7,-1,-1,0.3,0.3,0.76147,0.016021
1,-1,2,1.0,0.7,-1,-1,0.35,0.35,0.770765,0.01414
1,-1,2,1.0,0.7,-1,-1,0.4,0.4,0.782246,0.012313
1,-1,2,1.0,0.7,-1,-1,0.45,0.45,0.796852,0.010251
1,-1,2,1.0,0.7,-1,-1,0.5,0.5,0.82575,0.007315
1,-1,2,1.0,0.7,-1,-1,0.55,0.55,0.844807,0.005262
1,-1,2,1.0,0.7,-1,-1,0.6,0.6,0.863787,0.003662
1,-1,2,1.0,0.7,-1,-1,0.65,0.65,0.882532,0.002535
1,-1,2,1.0,0.7,-1,-1,0.7,0.7,0.90073,0.001681
1,-1,2,1.0,0.7,-1,-1,0.75,0.75,0.914945,0.001072
1,-1,2,1.0,0.7,-1,-1,0.8,0.8,0.929472,0.000473
1,-1,2,1.0,0.7,-1,-1,0.85,0.85,0.940563,0.000245
1,-1,2,1.0,0.7,-1,-1,0.9,0.9,0.952591,0.000118
1,-1,2,1.0,0.7,-1,-1,0.95,0.95,0.965947,2.7e-05
1,-1,2,1.0,0.7,-1,-1,1.0,1.0,1.0,0.0
1,-1,2,0.75,0.75,-1,-1,0.05,0.05,0.773789,0.01823
1,-1,2,0.75,0.75,-1,-1,0.1,0.1,0.773789,0.01823
1,-1,2,0.75,0.75,-1,-1,0.15,0.15,0.773789,0.01823
1,-1,2,0.75,0.75,-1,-1,0.2,0.2,0.773789,0.01823
1,-1,2,0.75,0.75,-1,-1,0.25,0.25,0.773789,0.01823
1,-1,2,0.75,0.75,-1,-1,0.3,0.3,0.773789,0.01823
1,-1,2,0.75,0.75,-1,-1,0.35,0.35,0.773789,0.01823
1,-1,2,0.75,0.75,-1,-1,0.4,0.4,0.773789,0.01823
1,-1,2,0.75,0.75,-1,-1,0.45,0.45,0.773789,0.01823
1,-1,2,0.75,0.75,-1,-1,0.5,0.5,0.773789,0.01823
1,-1,2,0.75,0.75,-1,-1,0.55,0.55,0.773789,0.01823
1,-1,2,0.75,0.75,-1,-1,0.6,0.6,0.773789,0.01823
1,-1,2,0.75,0.75,-1,-1,0.65,0.65,0.773789,0.01823
1,-1,2,0.75,0.75,-1,-1,0.7,0.7,0.773789,0.01823
1,-1,2,0.75,0.75,-1,-1,0.75,0.75,0.773789,0.01823
1,-1,2,0.75,0.75,-1,-1,0.8,0.8,0.773789,0.01823
1,-1,2,0.75,0.75,-1,-1,0.85,0.85,0.773789,0.01823
1,-1,2,0.75,0.75,-1,-1,0.9,0.9,0.773789,0.01823
1,-1,2,0.75,0.75,-1,-1,0.95,0.95,0.773789,0.01823
1,-1,2,0.75,0.75,-1,-1,1.0,1.0,0.773789,0.01823
1,-1,2,0.8,0.75,-1,-1,0.05,0.05,0.773797,0.018071
1,-1,2,0.8,0.75,-1,-1,0.1,0.1,0.773887,0.017659
1,-1,2,0.8,0.75,-1,-1,0.15,0.15,0.774113,0.017146
1,-1,2,0.8,0.75,-1,-1,0.2,0.2,0.774436,0.016603
1,-1,2,0.8,0.75,-1,-1,0.25,0.25,0.774857,0.015969
1,-1,2,0.8,0.75,-1,-1,0.3,0.3,0.775557,0.015218
1,-1,2,0.8,0.75,-1,-1,0.35,0.35,0.776453,0.014502
1,-1,2,0.8,0.75,-1,-1,0.4,0.4,0.777559,0.013806
1,-1,2,0.8,0.75,-1,-1,0.45,0.45,0.778966,0.01302
1,-1,2,0.8,0.75,-1,-1,0.5,0.5,0.78175,0.011902
1,-1,2,0.8,0.75,-1,-1,0.55,0.55,0.783585,0.011119
1,-1,2,0.8,0.75,-1,-1,0.6,0.6,0.785414,0.01051
1,-1,2,0.8,0.75,-1,-1,0.65,0.65,0.78722,0.010081
1,-1,2,0.8,0.75,-1,-1,0.7,0.7,0.788973,0.009755
1,-1,2,0.8,0.75,-1,-1,0.75,0.75,0.790342,0.009523
1,-1,2,0.8,0.75,-1,-1,0.8,0.8,0.791742,0.009295
1,-1,2,0.8,0.75,-1,-1,0.85,0.85,0.79281,0.009208
1,-1,2,0.8,0.75,-1,-1,0.9,0.9,0.793969,0.00916
1,-1,2,0.8,0.75,-1,-1,0.95,0.95,0.795255,0.009125
1,-1,2,0.8,0.75,-1,-1,1.0,1.0,0.798536,0.009115
1,-1,2,0.85,0.75,-1,-1,0.05,0.05,0.773805,0.017998
1,-1,2,0.85,0.75,-1,-1,0.1,0.1,0.773994,0.017397
1,-1,2,0.85,0.75,-1,-1,0.15,0.15,0.774468,0.01665
1,-1,2,0.85,0.75,-1,-1,0.2,0.2,0.775147,0.015857
1,-1,2,0.85,0.75,-1,-1,0.25,0.25,0.776031,0.014933
1,-1,2,0.85,0.75,-1,-1,0.3,0.3,0.7775,0.013838
1,-1,2,0.85,0.75,-1,-1,0.35,0.35,0.779379,0.012793
1,-1,2,0.85,0.75,-1,-1,0.4,0.4,0.7817,0.011778
1,-1,2,0.85,0.75,-1,-1,0.45,0.45,0.784653,0.010632
1,-1,2,0.85,0.75,-1,-1,0.5,0.5,0.790495,0.009001
1,-1,2,0.85,0.75,-1,-1,0.55,0.55,0.794348,0.00786
1,-1,2,0.85,0.75,-1,-1,0.6,0.6,0.798185,0.006972
1,-1,2,0.85,0.75,-1,-1,0.65,0.65,0.801975,0.006346
1,-1,2,0.85,0.75,-1,-1,0.7,0.7,0.805654,0.005871
1,-1,2,0.85,0.75,-1,-1,0.75,0.75,0.808527,0.005533
1,-1,2,0.85,0.75,-1,-1,0.8,0.8,0.811464,0.0052
1,-1,2,0.85,0.75,-1,-1,0.85,0.85,0.813707,0.005073
1,-1,2,0.85,0.75,-1,-1,0.9,0.9,0.816138,0.005003
1,-1,2,0.85,0.75,-1,-1,0.95,0.95,0.818838,0.004952
1,-1,2,0.85,0.75,-1,-1,1.0,1.0,0.825723,0.004937
1,-1,2,0.9,0.75,-1,-1,0.05,0.05,0.773815,0.017951
1,-1,2,0.9,0.75,-1,-1,0.1,0.1,0.774125,0.01723
1,-1,2,0.9,0.75,-1,-1,0.15,0.15,0.774901,0.016334
1,-1,2,0.9,0.75,-1,-1,0.2,0.2,0.776013,0.015383
1,-1,2,0.9,0.75,-1,-1,0.25,0.25,0.777461,0.014274
1,-1,2,0.9,0.75,-1,-1,0.3,0.3,0.779866,0.012959
1,-1,2,0.9,0.75,-1,-1,0.35,0.35,0.782943,0.011705
1,-1,2,0.9,0.75,-1,-1,0.4,0.4,0.786744,0.010488
1,-1,2,0.9,0.75,-1,-1,0.45,0.45,0.791579,0.009113
1,-1,2,0.9,0.75,-1,-1,0.5,0.5,0.801147,0.007156
1,-1,2,0.9,0.75,-1,-1,0.55,0.55,0.807456,0.005787
1,-1,2,0.9,0.75,-1,-1,0.6,0.6,0.81374,0.00472
1,-1,2,0.9,0.75,-1,-1,0.65,0.65,0.819946,0.003969
1,-1,2,0.9,0.75,-1,-1,0.7,0.7,0.82597,0.0034
1,-1,2,0.9,0.75,-1,-1,0.75,0.75,0.830677,0.002994
1,-1,2,0.9,0.75,-1,-1,0.8,0.8,0.835486,0.002594
1,-1,2,0.9,0.75,-1,-1,0.85,0.85,0.839158,0.002443
1,-1,2,0.9,0.75,-1,-1,0.9,0.9,0.84314,0.002358
1,-1,2,0.9,0.75,-1,-1,0.95,0.95,0.847562,0.002297
1,-1,2,0.9,0.75,-1,-1,1.0,1.0,0.858836,0.002279
1,-1,2,0.95,0.75,-1,-1,0.05,0.05,0.773827,0.017918
1,-1,2,0.95,0.75,-1,-1,0.1,0.1,0.774286,0.017111
1,-1,2,0.95,0.75,-1,-1,0.15,0.15,0.775434,0.016108
1,-1,2,0.95,0.75,-1,-1,0.2,0.2,0.777079,0.015044
1,-1,2,0.95,0.75,-1,-1,0.25,0.25,0.779221,0.013803
1,-1,2,0.95,0.75,-1,-1,0.3,0.3,0.782779,0.012332
1,-1,2,0.95,0.75,-1,-1,0.35,0.35,0.787332,0.010929
1,-1,2,0.95,0.75,-1,-1,0.4,0.4,0.792956,0.009566
1,-1,2,0.95,0.75,-1,-1,0.45,0.45,0.80011,0.008027
1,-1,2,0.95,0.75,-1,-1,0.5,0.5,0.814265,0.005837
1,-1,2,0.95,0.75,-1,-1,0.55,0.55,0.8236,0.004305
1,-1,2,0.95,0.75,-1,-1,0.6,0.6,0.832896,0.003112
1,-1,2,0.95,0.75,-1,-1,0.65,0.65,0.842078,0.002271
1,-1,2,0.95,0.75,-1,-1,0.7,0.7,0.850992,0.001634
1,-1,2,0.95,0.75,-1,-1,0.75,0.75,0.857955,0.00118
1,-1,2,0.95,0.75,-1,-1,0.8,0.8,0.865071,0.000733
1,-1,2,0.95,0.75,-1,-1,0.85,0.85,0.870503,0.000563
1,-1,2,0.95,0.75,-1,-1,0.9,0.9,0.876395,0.000468
1,-1,2,0.95,0.75,-1,-1,0.95,0.95,0.882937,0.0004
1,-1,2,0.95,0.75,-1,-1,1.0,1.0,0.899617,0.00038
1,-1,2,1.0,0.75,-1,-1,0.05,0.05,0.773858,0.017912
1,-1,2,1.0,0.75,-1,-1,0.1,0.1,0.774683,0.017088
1,-1,2,1.0,0.75,-1,-1,0.15,0.15,0.776746,0.016063
1,-1,2,1.0,0.75,-1,-1,0.2,0.2,0.779704,0.014976
1,-1,2,1.0,0.75,-1,-1,0.25,0.25,0.783555,0.013709
1,-1,2,1.0,0.75,-1,-1,0.3,0.3,0.789952,0.012206
1,-1,2,1.0,0.75,-1,-1,0.35,0.35,0.798136,0.010773
1,-1,2,1.0,0.75,-1,-1,0.4,0.4,0.808247,0.009382
1,-1,2,1.0,0.75,-1,-1,0.45,0.45,0.821108,0.00781
1,-1,2,1.0,0.75,-1,-1,0.5,0.5,0.846556,0.005574
1,-1,2,1.0,0.75,-1,-1,0.55,0.55,0.863338,0.004009
1,-1,2,1.0,0.75,-1,-1,0.6,0.6,0.880051,0.00279
1,-1,2,1.0,0.75,-1,-1,0.65,0.65,0.896558,0.001932
1,-1,2,1.0,0.75,-1,-1,0.7,0.7,0.912583,0.001281
1,-1,2,1.0,0.75,-1,-1,0.75,0.75,0.925101,0.000817
1,-1,2,1.0,0.75,-1,-1,0.8,0.8,0.937893,0.00036
1,-1,2,1.0,0.75,-1,-1,0.85,0.85,0.94766,0.000187
1,-1,2,1.0,0.75,-1,-1,0.9,0.9,0.958252,9e-05
1,-1,2,1.0,0.75,-1,-1,0.95,0.95,0.970013,2.1e-05
1,-1,2,1.0,0.75,-1,-1,1.0,1.0,1.0,0.0
1,-1,2,0.8,0.8,-1,-1,0.05,0.05,0.798536,0.009115
1,-1,2,0.8,0.8,-1,-1,0.1,0.1,0.798536,0.009115
1,-1,2,0.8,0.8,-1,-1,0.15,0.15,0.798536,0.009115
1,-1,2,0.8,0.8,-1,-1,0.2,0.2,0.798536,0.009115
1,-1,2,0.8,0.8,-1,-1,0.25,0.25,0.798536,0.009115
1,-1,2,0.8,0.8,-1,-1,0.3,0.3,0.798536,0.009115
1,-1,2,0.8,0.8,-1,-1,0.35,0.35,0.798536,0.009115
1,-1,2,0.8,0.8,-1,-1,0.4,0.4,0.798536,0.009115
1,-1,2,0.8,0.8,-1,-1,0.45,0.45,0.798536,0.009115
1,-1,2,0.8,0.8,-1,-1,0.5,0.5,0.798536,0.009115
1,-1,2,0.8,0.8,-1,-1,0.55,0.55,0.798536,0.009115
1,-1,2,0.8,0.8,-1,-1,0.6,0.6,0.798536,0.009115
1,-1,2,0.8,0.8,-1,-1,0.65,0.65,0.798536,0.009115
1,-1,2,0.8,0.8,-1,-1,0.7,0.7,0.798536,0.009115
1,-1,2,0.8,0.8,-1,-1,0.75,0.75,0.798536,0.009115
1,-1,2,0.8,0.8,-1,-1,0.8,0.8,0.798536,0.009115
1,-1,2,0.8,0.8,-1,-1,0.85,0.85,0.798536,0.009115
1,-1,2,0.8,0.8,-1,-1,0.9,0.9,0.798536,0.009115
1,-1,2,0.8,0.8,-1,-1,0.95,0.95,0.798536,0.009115
1,-1,2,0.8,0.8,-1,-1,1.0,1.0,0.798536,0.009115
1,-1,2,0.85,0.8,-1,-1,0.05,0.05,0.798544,0.009042
1,-1,2,0.85,0.8,-1,-1,0.1,0.1,0.798643,0.008853
1,-1,2,0.85,0.8,-1,-1,0.15,0.15,0.798891,0.008618
1,-1,2,0.85,0.8,-1,-1,0.2,0.2,0.799247,0.008369
1,-1,2,0.85,0.8,-1,-1,0.25,0.25,0.79971,0.008079
1,-1,2,0.85,0.8,-1,-1,0.3,0.3,0.800479,0.007734
1,-1,2,0.85,0.8,-1,-1,0.35,0.35,0.801462,0.007406
1,-1,2,0.85,0.8,-1,-1,0.4,0.4,0.802677,0.007087
1,-1,2,0.85,0.8,-1,-1,0.45,0.45,0.804223,0.006727
1,-1,2,0.85,0.8,-1,-1,0.5,0.5,0.807281,0.006214
1,-1,2,0.85,0.8,-1,-1,0.55,0.55,0.809298,0.005856
1,-1,2,0.85,0.8,-1,-1,0.6,0.6,0.811307,0.005576
1,-1,2,0.85,0.8,-1,-1,0.65,0.65,0.813291,0.00538
1,-1,2,0.85,0.8,-1,-1,0.7,0.7,0.815217,0.005231
1,-1,2,0.85,0.8,-1,-1,0.75,0.75,0.816721,0.005124
1,-1,2,0.85,0.8,-1,-1,0.8,0.8,0.818259,0.00502
1,-1,2,0.85,0.8,-1,-1,0.85,0.85,0.819433,0.00498
1,-1,2,0.85,0.8,-1,-1,0.9,0.9,0.820706,0.004958
1,-1,2,0.85,0.8,-1,-1,0.95,0.95,0.822119,0.004942
1,-1,2,0.85,0.8,-1,-1,1.0,1.0,0.825723,0.004937
1,-1,2,0.9,0.8,-1,-1,0.05,0.05,0.798554,0.008996
1,-1,2,0.9,0.8,-1,-1,0.1,0.1,0.798774,0.008687
1,-1,2,0.9,0.8,-1,-1,0.15,0.15,0.799324,0.008302
1,-1,2,0.9,0.8,-1,-1,0.2,0.2,0.800113,0.007895
1,-1,2,0.9,0.8,-1,-1,0.25,0.25,0.801139,0.00742
1,-1,2,0.9,0.8,-1,-1,0.3,0.3,0.802844,0.006856
1,-1,2,0.9,0.8,-1,-1,0.35,0.35,0.805026,0.006319
1,-1,2,0.9,0.8,-1,-1,0.4,0.4,0.807721,0.005797
1,-1,2,0.9,0.8,-1,-1,0.45,0.45,0.81115,0.005208
1,-1,2,0.9,0.8,-1,-1,0.5,0.5,0.817933,0.004369
1,-1,2,0.9,0.8,-1,-1,0.55,0.55,0.822407,0.003782
1,-1,2,0.9,0.8,-1,-1,0.6,0.6,0.826862,0.003325
1,-1,2,0.9,0.8,-1,-1,0.65,0.65,0.831262,0.003003
1,-1,2,0.9,0.8,-1,-1,0.7,0.7,0.835534,0.002759
1,-1,2,0.9,0.8,-1,-1,0.75,0.75,0.83887,0.002585
1,-1,2,0.9,0.8,-1,-1,0.8,0.8,0.842281,0.002414
1,-1,2,0.9,0.8,-1,-1,0.85,0.85,0.844884,0.002349
1,-1,2,0.9,0.8,-1,-1,0.9,0.9,0.847707,0.002313
1,-1,2,0.9,0.8,-1,-1,0.95,0.95,0.850842,0.002287
1,-1,2,0.9,0.8,-1,-1,1.0,1.0,0.858836,0.002279
1,-1,2,0.95,0.8,-1,-1,0.05,0.05,0.798567,0.008962
1,-1,2,0.95,0.8,-1,-1,0.1,0.1,0.798936,0.008568
1,-1,2,0.95,0.8,-1,-1,0.15,0.15,0.799858,0.008077
1,-1,2,0.95,0.8,-1,-1,0.2,0.2,0.801179,0.007556
1,-1,2,0.95,0.8,-1,-1,0.25,0.25,0.8029,0.006949
1,-1,2,0.95,0.8,-1,-1,0.3,0.3,0.805758,0.006229
1,-1,2,0.95,0.8,-1,-1,0.35,0.35,0.809415,0.005542
1,-1,2,0.95,0.8,-1,-1,0.4,0.4,0.813933,0.004875
1,-1,2,0.95,0.8,-1,-1,0.45,0.45,0.81968,0.004122
1,-1,2,0.95,0.8,-1,-1,0.5,0.5,0.831052,0.003051
1,-1,2,0.95,0.8,-1,-1,0.55,0.55,0.83855,0.002301
1,-1,2,0.95,0.8,-1,-1,0.6,0.6,0.846019,0.001717
1,-1,2,0.95,0.8,-1,-1,0.65,0.65,0.853394,0.001306
1,-1,2,0.95,0.8,-1,-1,0.7,0.7,0.860555,0.000994
1,-1,2,0.95,0.8,-1,-1,0.75,0.75,0.866149,0.000771
1,-1,2,0.95,0.8,-1,-1,0.8,0.8,0.871865,0.000553
1,-1,2,0.95,0.8,-1,-1,0.85,0.85,0.876229,0.00047
1,-1,2,0.95,0.8,-1,-1,0.9,0.9,0.880962,0.000423
1,-1,2,0.95,0.8,-1,-1,0.95,0.95,0.886217,0.00039
1,-1,2,0.95,0.8,-1,-1,1.0,1.0,0.899617,0.00038
1,-1,2,1.0,0.8,-1,-1,0.05,0.05,0.798597,0.008956
1,-1,2,1.0,0.8,-1,-1,0.1,0.1,0.799332,0.008544
1,-1,2,1.0,0.8,-1,-1,0.15,0.15,0.80117,0.008031
1,-1,2,1.0,0.8,-1,-1,0.2,0.2,0.803804,0.007488
1,-1,2,1.0,0.8,-1,-1,0.25,0.25,0.807234,0.006854
1,-1,2,1.0,0.8,-1,-1,0.3,0.3,0.812931,0.006103
1,-1,2,1.0,0.8,-1,-1,0.35,0.35,0.82022,0.005387
1,-1,2,1.0,0.8,-1,-1,0.4,0.4,0.829224,0.004691
1,-1,2,1.0,0.8,-1,-1,0.45,0.45,0.840679,0.003905
1,-1,2,1.0,0.8,-1,-1,0.5,0.5,0.863343,0.002787
1,-1,2,1.0,0.8,-1,-1,0.55,0.55,0.878289,0.002004
1,-1,2,1.0,0.8,-1,-1,0.6,0.6,0.893173,0.001395
1,-1,2,1.0,0.8,-1,-1,0.65,0.65,0.907874,0.000966
1,-1,2,1.0,0.8,-1,-1,0.7,0.7,0.922146,0.00064
1,-1,2,1.0,0.8,-1,-1,0.75,0.75,0.933294,0.000408
1,-1,2,1.0,0.8,-1,-1,0.8,0.8,0.944688,0.00018
1,-1,2,1.0,0.8,-1,-1,0.85,0.85,0.953386,9.3e-05
1,-1,2,1.0,0.8,-1,-1,0.9,0.9,0.962819,4.5e-05
1,-1,2,1.0,0.8,-1,-1,0.95,0.95,0.973293,1e-05
1,-1,2,1.0,0.8,-1,-1,1.0,1.0,1.0,0.0
1,-1,2,0.85,0.85,-1,-1,0.05,0.05,0.825723,0.004937
1,-1,2,0.85,0.85,-1,-1,0.1,0.1,0.825723,0.004937
1,-1,2,0.85,0.85,-1,-1,0.15,0.15,0.825723,0.004937
1,-1,2,0.85,0.85,-1,-1,0.2,0.2,0.825723,0.004937
1,-1,2,0.85,0.85,-1,-1,0.25,0.25,0.825723,0.004937
1,-1,2,0.85,0.85,-1,-1,0.3,0.3,0.825723,0.004937
1,-1,2,0.85,0.85,-1,-1,0.35,0.35,0.825723,0.004937
1,-1,2,0.85,0.85,-1,-1,0.4,0.4,0.825723,0.004937
1,-1,2,0.85,0.85,-1,-1,0.45,0.45,0.825723,0.004937
1,-1,2,0.85,0.85,-1,-1,0.5,0.5,0.825723,0.004937
1,-1,2,0.85,0.85,-1,-1,0.55,0.55,0.825723,0.004937
1,-1,2,0.85,0.85,-1,-1,0.6,0.6,0.825723,0.004937
1,-1,2,0.85,0.85,-1,-1,0.65,0.65,0.825723,0.004937
1,-1,2,0.85,0.85,-1,-1,0.7,0.7,0.825723,0.004937
1,-1,2,0.85,0.85,-1,-1,0.75,0.75,0.825723,0.004937
1,-1,2,0.85,0.85,-1,-1,0.8,0.8,0.825723,0.004937
1,-1,2,0.85,0.85,-1,-1,0.85,0.85,0.825723,0.004937
1,-1,2,0.85,0.85,-1,-1,0.9,0.9,0.825723,0.004937
1,-1,2,0.85,0.85,-1,-1,0.95,0.95,0.825723,0.004937
1,-1,2,0.85,0.85,-1,-1,1.0,1.0,0.825723,0.004937
1,-1,2,0.9,0.85,-1,-1,0.05,0.05,0.825733,0.004891
1,-1,2,0.9,0.85,-1,-1,0.1,0.1,0.825854,0.00477
1,-1,2,0.9,0.85,-1,-1,0.15,0.15,0.826156,0.004621
1,-1,2,0.9,0.85,-1,-1,0.2,0.2,0.826589,0.004463
1,-1,2,0.9,0.85,-1,-1,0.25,0.25,0.827153,0.004278
1,-1,2,0.9,0.85,-1,-1,0.3,0.3,0.828089,0.004059
1,-1,2,0.9,0.85,-1,-1,0.35,0.35,0.829287,0.00385
1,-1,2,0.9,0.85,-1,-1,0.4,0.4,0.830767,0.003647
1,-1,2,0.9,0.85,-1,-1,0.45,0.45,0.83265,0.003418
1,-1,2,0.9,0.85,-1,-1,0.5,0.5,0.836375,0.003092
1,-1,2,0.9,0.85,-1,-1,0.55,0.55,0.838831,0.002863
1,-1,2,0.9,0.85,-1,-1,0.6,0.6,0.841278,0.002686
1,-1,2,0.9,0.85,-1,-1,0.65,0.65,0.843694,0.002561
1,-1,2,0.9,0.85,-1,-1,0.7,0.7,0.84604,0.002466
1,-1,2,0.9,0.85,-1,-1,0.75,0.75,0.847872,0.002398
1,-1,2,0.9,0.85,-1,-1,0.8,0.8,0.849745,0.002331
1,-1,2,0.9,0.85,-1,-1,0.85,0.85,0.851174,0.002306
1,-1,2,0.9,0.85,-1,-1,0.9,0.9,0.852725,0.002292
1,-1,2,0.9,0.85,-1,-1,0.95,0.95,0.854446,0.002282
1,-1,2,0.9,0.85,-1,-1,1.0,1.0,0.858836,0.002279
1,-1,2,0.95,0.85,-1,-1,0.05,0.05,0.825745,0.004857
1,-1,2,0.95,0.85,-1,-1,0.1,0.1,0.826015,0.004651
1,-1,2,0.95,0.85,-1,-1,0.15,0.15,0.826689,0.004395
1,-1,2,0.95,0.85,-1,-1,0.2,0.2,0.827655,0.004124
1,-1,2,0.95,0.85,-1,-1,0.25,0.25,0.828913,0.003807
1,-1,2,0.95,0.85,-1,-1,0.3,0.3,0.831003,0.003431
1,-1,2,0.95,0.85,-1,-1,0.35,0.35,0.833676,0.003073
1,-1,2,0.95,0.85,-1,-1,0.4,0.4,0.836979,0.002725
1,-1,2,0.95,0.85,-1,-1,0.45,0.45,0.84118,0.002332
1,-1,2,0.95,0.85,-1,-1,0.5,0.5,0.849493,0.001773
1,-1,2,0.95,0.85,-1,-1,0.55,0.55,0.854975,0.001382
1,-1,2,0.95,0.85,-1,-1,0.6,0.6,0.860435,0.001077
1,-1,2,0.95,0.85,-1,-1,0.65,0.65,0.865827,0.000863
1,-1,2,0.95,0.85,-1,-1,0.7,0.7,0.871061,0.0007
1,-1,2,0.95,0.85,-1,-1,0.75,0.75,0.87515,0.000584
1,-1,2,0.95,0.85,-1,-1,0.8,0.8,0.879329,0.00047
1,-1,2,0.95,0.85,-1,-1,0.85,0.85,0.88252,0.000427
1,-1,2,0.95,0.85,-1,-1,0.9,0.9,0.885979,0.000402
1,-1,2,0.95,0.85,-1,-1,0.95,0.95,0.889821,0.000385
1,-1,2,0.95,0.85,-1,-1,1.0,1.0,0.899617,0.00038
1,-1,2,1.0,0.85,-1,-1,0.05,0.05,0.825776,0.004851
1,-1,2,1.0,0.85,-1,-1,0.1,0.1,0.826412,0.004628
1,-1,2,1.0,0.85,-1,-1,0.15,0.15,0.828001,0.00435
1,-1,2,1.0,0.85,-1,-1,0.2,0.2,0.83028,0.004056
1,-1,2,1.0,0.85,-1,-1,0.25,0.25,0.833247,0.003713
1,-1,2,1.0,0.85,-1,-1,0.3,0.3,0.838175,0.003306
1,-1,2,1.0,0.85,-1,-1,0.35,0.35,0.844481,0.002918
1,-1,2,1.0,0.85,-1,-1,0.4,0.4,0.85227,0.002541
1,-1,2,1.0,0.85,-1,-1,0.45,0.45,0.862179,0.002115
1,-1,2,1.0,0.85,-1,-1,0.5,0.5,0.881784,0.001509
1,-1,2,1.0,0.85,-1,-1,0.55,0.55,0.894713,0.001086
1,-1,2,1.0,0.85,-1,-1,0.6,0.6,0.907589,0.000756
1,-1,2,1.0,0.85,-1,-1,0.65,0.65,0.920306,0.000523
1,-1,2,1.0,0.85,-1,-1,0.7,0.7,0.932652,0.000347
1,-1,2,1.0,0.85,-1,-1,0.75,0.75,0.942296,0.000221
1,-1,2,1.0,0.85,-1,-1,0.8,0.8,0.952152,9.8e-05
1,-1,2,1.0,0.85,-1,-1,0.85,0.85,0.959676,5.1e-05
1,-1,2,1.0,0.85,-1,-1,0.9,0.9,0.967836,2.4e-05
1,-1,2,1.0,0.85,-1,-1,0.95,0.95,0.976897,6e-06
1,-1,2,1.0,0.85,-1,-1,1.0,1.0,1.0,0.0
1,-1,2,0.9,0.9,-1,-1,0.05,0.05,0.858836,0.002279
1,-1,2,0.9,0.9,-1,-1,0.1,0.1,0.858836,0.002279
1,-1,2,0.9,0.9,-1,-1,0.15,0.15,0.858836,0.002279
1,-1,2,0.9,0.9,-1,-1,0.2,0.2,0.858836,0.002279
1,-1,2,0.9,0.9,-1,-1,0.25,0.25,0.858836,0.002279
1,-1,2,0.9,0.9,-1,-1,0.3,0.3,0.858836,0.002279
1,-1,2,0.9,0.9,-1,-1,0.35,0.35,0.858836,0.002279
1,-1,2,0.9,0.9,-1,-1,0.4,0.4,0.858836,0.002279
1,-1,2,0.9,0.9,-1,-1,0.45,0.45,0.858836,0.002279
1,-1,2,0.9,0.9,-1,-1,0.5,0.5,0.858836,0.002279
1,-1,2,0.9,0.9,-1,-1,0.55,0.55,0.858836,0.002279
1,-1,2,0.9,0.9,-1,-1,0.6,0.6,0.858836,0.002279
1,-1,2,0.9,0.9,-1,-1,0.65,0.65,0.858836,0.002279
1,-1,2,0.9,0.9,-1,-1,0.7,0.7,0.858836,0.002279
1,-1,2,0.9,0.9,-1,-1,0.75,0.75,0.858836,0.002279
1,-1,2,0.9,0.9,-1,-1,0.8,0.8,0.858836,0.002279
1,-1,2,0.9,0.9,-1,-1,0.85,0.85,0.858836,0.002279
1,-1,2,0.9,0.9,-1,-1,0.9,0.9,0.858836,0.002279
1,-1,2,0.9,0.9,-1,-1,0.95,0.95,0.858836,0.002279
1,-1,2,0.9,0.9,-1,-1,1.0,1.0,0.858836,0.002279
1,-1,2,0.95,0.9,-1,-1,0.05,0.05,0.858848,0.002246
1,-1,2,0.95,0.9,-1,-1,0.1,0.1,0.858997,0.00216
1,-1,2,0.95,0.9,-1,-1,0.15,0.15,0.859369,0.002053
1,-1,2,0.95,0.9,-1,-1,0.2,0.2,0.859902,0.00194
1,-1,2,0.95,0.9,-1,-1,0.25,0.25,0.860597,0.001808
1,-1,2,0.95,0.9,-1,-1,0.3,0.3,0.86175,0.001652
1,-1,2,0.95,0.9,-1,-1,0.35,0.35,0.863225,0.001502
1,-1,2,0.95,0.9,-1,-1,0.4,0.4,0.865048,0.001357
1,-1,2,0.95,0.9,-1,-1,0.45,0.45,0.867367,0.001194
1,-1,2,0.95,0.9,-1,-1,0.5,0.5,0.871954,0.000961
1,-1,2,0.95,0.9,-1,-1,0.55,0.55,0.87498,0.000798
1,-1,2,0.95,0.9,-1,-1,0.6,0.6,0.877993,0.000671
1,-1,2,0.95,0.9,-1,-1,0.65,0.65,0.880969,0.000581
1,-1,2,0.95,0.9,-1,-1,0.7,0.7,0.883858,0.000513
1,-1,2,0.95,0.9,-1,-1,0.75,0.75,0.886114,0.000465
1,-1,2,0.95,0.9,-1,-1,0.8,0.8,0.88842,0.000418
1,-1,2,0.95,0.9,-1,-1,0.85,0.85,0.890181,0.000399
1,-1,2,0.95,0.9,-1,-1,0.9,0.9,0.892091,0.000389
1,-1,2,0.95,0.9,-1,-1,0.95,0.95,0.894211,0.000382
1,-1,2,0.95,0.9,-1,-1,1.0,1.0,0.899617,0.00038
1,-1,2,1.0,0.9,-1,-1,0.05,0.05,0.858879,0.002239
1,-1,2,1.0,0.9,-1,-1,0.1,0.1,0.859394,0.002136
1,-1,2,1.0,0.9,-1,-1,0.15,0.15,0.860682,0.002008
1,-1,2,1.0,0.9,-1,-1,0.2,0.2,0.862527,0.001872
1,-1,2,1.0,0.9,-1,-1,0.25,0.25,0.864931,0.001714
1,-1,2,1.0,0.9,-1,-1,0.3,0.3,0.868922,0.001526
1,-1,2,1.0,0.9,-1,-1,0.35,0.35,0.87403,0.001347
1,-1,2,1.0,0.9,-1,-1,0.4,0.4,0.880339,0.001173
1,-1,2,1.0,0.9,-1,-1,0.45,0.45,0.888365,0.000976
1,-1,2,1.0,0.9,-1,-1,0.5,0.5,0.904245,0.000697
1,-1,2,1.0,0.9,-1,-1,0.55,0.55,0.914718,0.000501
1,-1,2,1.0,0.9,-1,-1,0.6,0.6,0.925148,0.000349
1,-1,2,1.0,0.9,-1,-1,0.65,0.65,0.935448,0.000241
1,-1,2,1.0,0.9,-1,-1,0.7,0.7,0.945449,0.00016
1,-1,2,1.0,0.9,-1,-1,0.75,0.75,0.95326,0.000102
1,-1,2,1.0,0.9,-1,-1,0.8,0.8,0.961243,4.5e-05
1,-1,2,1.0,0.9,-1,-1,0.85,0.85,0.967338,2.3e-05
1,-1,2,1.0,0.9,-1,-1,0.9,0.9,0.973947,1.1e-05
1,-1,2,1.0,0.9,-1,-1,0.95,0.95,0.981287,3e-06
1,-1,2,1.0,0.9,-1,-1,1.0,1.0,1.0,0.0
1,-1,2,0.95,0.95,-1,-1,0.05,0.05,0.899617,0.00038
1,-1,2,0.95,0.95,-1,-1,0.1,0.1,0.899617,0.00038
1,-1,2,0.95,0.95,-1,-1,0.15,0.15,0.899617,0.00038
1,-1,2,0.95,0.95,-1,-1,0.2,0.2,0.899617,0.00038
1,-1,2,0.95,0.95,-1,-1,0.25,0.25,0.899617,0.00038
1,-1,2,0.95,0.95,-1,-1,0.3,0.3,0.899617,0.00038
1,-1,2,0.95,0.95,-1,-1,0.35,0.35,0.899617,0.00038
1,-1,2,0.95,0.95,-1,-1,0.4,0.4,0.899617,0.00038
1,-1,2,0.95,0.95,-1,-1,0.45,0.45,0.899617,0.00038
1,-1,2,0.95,0.95,-1,-1,0.5,0.5,0.899617,0.00038
1,-1,2,0.95,0.95,-1,-1,0.55,0.55,0.899617,0.00038
1,-1,2,0.95,0.95,-1,-1,0.6,0.6,0.899617,0.00038
1,-1,2,0.95,0.95,-1,-1,0.65,0.65,0.899617,0.00038
1,-1,2,0.95,0.95,-1,-1,0.7,0.7,0.899617,0.00038
1,-1,2,0.95,0.95,-1,-1,0.75,0.75,0.899617,0.00038
1,-1,2,0.95,0.95,-1,-1,0.8,0.8,0.899617,0.00038
1,-1,2,0.95,0.95,-1,-1,0.85,0.85,0.899617,0.00038
1,-1,2,0.95,0.95,-1,-1,0.9,0.9,0.899617,0.00038
1,-1,2,0.95,0.95,-1,-1,0.95,0.95,0.899617,0.00038
1,-1,2,0.95,0.95,-1,-1,1.0,1.0,0.899617,0.00038
1,-1,2,1.0,0.95,-1,-1,0.05,0.05,0.899648,0.000373
1,-1,2,1.0,0.95,-1,-1,0.1,0.1,0.900014,0.000356
1,-1,2,1.0,0.95,-1,-1,0.15,0.15,0.900929,0.000335
1,-1,2,1.0,0.95,-1,-1,0.2,0.2,0.902242,0.000312
1,-1,2,1.0,0.95,-1,-1,0.25,0.25,0.903951,0.000286
1,-1,2,1.0,0.95,-1,-1,0.3,0.3,0.906789,0.000254
1,-1,2,1.0,0.95,-1,-1,0.35,0.35,0.910421,0.000225
1,-1,2,1.0,0.95,-1,-1,0.4,0.4,0.914908,0.000196
1,-1,2,1.0,0.95,-1,-1,0.45,0.45,0.920615,0.000163
1,-1,2,1.0,0.95,-1,-1,0.5,0.5,0.931908,0.000116
1,-1,2,1.0,0.95,-1,-1,0.55,0.55,0.939355,8.4e-05
1,-1,2,1.0,0.95,-1,-1,0.6,0.6,0.946772,5.8e-05
1,-1,2,1.0,0.95,-1,-1,0.65,0.65,0.954097,4e-05
1,-1,2,1.0,0.95,-1,-1,0.7,0.7,0.961208,2.7e-05
1,-1,2,1.0,0.95,-1,-1,0.75,0.75,0.966763,1.7e-05
1,-1,2,1.0,0.95,-1,-1,0.8,0.8,0.97244,8e-06
1,-1,2,1.0,0.95,-1,-1,0.85,0.85,0.976774,4e-06
1,-1,2,1.0,0.95,-1,-1,0.9,0.9,0.981474,2e-06
1,-1,2,1.0,0.95,-1,-1,0.95,0.95,0.986693,0.0
1,-1,2,1.0,0.95,-1,-1,1.0,1.0,1.0,0.0
1,-1,2,1.0,1.0,-1,-1,0.05,0.05,1.0,0.0
1,-1,2,1.0,1.0,-1,-1,0.1,0.1,1.0,0.0
1,-1,2,1.0,1.0,-1,-1,0.15,0.15,1.0,0.0
1,-1,2,1.0,1.0,-1,-1,0.2,0.2,1.0,0.0
1,-1,2,1.0,1.0,-1,-1,0.25,0.25,1.0,0.0
1,-1,2,1.0,1.0,-1,-1,0.3,0.3,1.0,0.0
1,-1,2,1.0,1.0,-1,-1,0.35,0.35,1.0,0.0
1,-1,2,1.0,1.0,-1,-1,0.4,0.4,1.0,0.0
1,-1,2,1.0,1.0,-1,-1,0.45,0.45,1.0,0.0
1,-1,2,1.0,1.0,-1,-1,0.5,0.5,1.0,0.0
1,-1,2,1.0,1.0,-1,-1,0.55,0.55,1.0,0.0
1,-1,2,1.0,1.0,-1,-1,0.6,0.6,1.0,0.0
1,-1,2,1.0,1.0,-1,-1,0.65,0.65,1.0,0.0
1,-1,2,1.0,1.0,-1,-1,0.7,0.7,1.0,0.0
1,-1,2,1.0,1.0,-1,-1,0.75,0.75,1.0,0.0
1,-1,2,1.0,1.0,-1,-1,0.8,0.8,1.0,0.0
1,-1,2,1.0,1.0,-1,-1,0.85,0.85,1.0,0.0
1,-1,2,1.0,1.0,-1,-1,0.9,0.9,1.0,0.0
1,-1,2,1.0,1.0,-1,-1,0.95,0.95,1.0,0.0
1,-1,2,1.0,1.0,-1,-1,1.0,1.0,1.0,0.0
