sbi_stage,ucf_stage,xception_stage,sbi_upper_threshold,sbi_lower_threshold,ucf_upper_threshold,ucf_lower_threshold,xception_upper_threshold,xception_lower_threshold,FAR,FRR
1,2,-1,0.05,0.05,0.05,0.05,-1,-1,0.148598,0.623758
1,2,-1,0.05,0.05,0.1,0.1,-1,-1,0.148598,0.623758
1,2,-1,0.05,0.05,0.15,0.15,-1,-1,0.148598,0.623758
1,2,-1,0.05,0.05,0.2,0.2,-1,-1,0.148598,0.623758
1,2,-1,0.05,0.05,0.25,0.25,-1,-1,0.148598,0.623758
1,2,-1,0.05,0.05,0.3,0.3,-1,-1,0.148598,0.623758
1,2,-1,0.05,0.05,0.35,0.35,-1,-1,0.148598,0.623758
1,2,-1,0.05,0.05,0.4,0.4,-1,-1,0.148598,0.623758
1,2,-1,0.05,0.05,0.45,0.45,-1,-1,0.148598,0.623758
1,2,-1,0.05,0.05,0.5,0.5,-1,-1,0.148598,0.623758
1,2,-1,0.05,0.05,0.55,0.55,-1,-1,0.148598,0.623758
1,2,-1,0.05,0.05,0.6,0.6,-1,-1,0.148598,0.623758
1,2,-1,0.05,0.05,0.65,0.65,-1,-1,0.148598,0.623758
1,2,-1,0.05,0.05,0.7,0.7,-1,-1,0.148598,0.623758
1,2,-1,0.05,0.05,0.75,0.75,-1,-1,0.148598,0.623758
1,2,-1,0.05,0.05,0.8,0.8,-1,-1,0.148598,0.623758
1,2,-1,0.05,0.05,0.85,0.85,-1,-1,0.148598,0.623758
1,2,-1,0.05,0.05,0.9,0.9,-1,-1,0.148598,0.623758
1,2,-1,0.05,0.05,0.95,0.95,-1,-1,0.148598,0.623758
1,2,-1,0.05,0.05,1.0,1.0,-1,-1,0.148598,0.623758
1,2,-1,0.1,0.05,0.05,0.05,-1,-1,0.150278,0.601403
1,2,-1,0.1,0.05,0.1,0.1,-1,-1,0.152897,0.586033
1,2,-1,0.1,0.05,0.15,0.15,-1,-1,0.155515,0.573982
1,2,-1,0.1,0.05,0.2,0.2,-1,-1,0.158628,0.561058
1,2,-1,0.1,0.05,0.25,0.25,-1,-1,0.16179,0.549269
1,2,-1,0.1,0.05,0.3,0.3,-1,-1,0.164854,0.537392
1,2,-1,0.1,0.05,0.35,0.35,-1,-1,0.168757,0.525953
1,2,-1,0.1,0.05,0.4,0.4,-1,-1,0.173204,0.513989
1,2,-1,0.1,0.05,0.45,0.45,-1,-1,0.179529,0.501327
1,2,-1,0.1,0.05,0.5,0.5,-1,-1,0.186397,0.489974
1,2,-1,0.1,0.05,0.55,0.55,-1,-1,0.191832,0.48194
1,2,-1,0.1,0.05,0.6,0.6,-1,-1,0.197267,0.474081
1,2,-1,0.1,0.05,0.65,0.65,-1,-1,0.202603,0.466396
1,2,-1,0.1,0.05,0.7,0.7,-1,-1,0.209373,0.458974
1,2,-1,0.1,0.05,0.75,0.75,-1,-1,0.215154,0.452599
1,2,-1,0.1,0.05,0.8,0.8,-1,-1,0.222219,0.446137
1,2,-1,0.1,0.05,0.85,0.85,-1,-1,0.228544,0.440286
1,2,-1,0.1,0.05,0.9,0.9,-1,-1,0.235214,0.43557
1,2,-1,0.1,0.05,0.95,0.95,-1,-1,0.243317,0.43068
1,2,-1,0.1,0.05,1.0,1.0,-1,-1,0.266639,0.421598
1,2,-1,0.15,0.05,0.05,0.05,-1,-1,0.151606,0.588887
1,2,-1,0.15,0.05,0.1,0.1,-1,-1,0.156296,0.564914
1,2,-1,0.15,0.05,0.15,0.15,-1,-1,0.160986,0.546116
1,2,-1,0.15,0.05,0.2,0.2,-1,-1,0.16656,0.525957
1,2,-1,0.15,0.05,0.25,0.25,-1,-1,0.172223,0.507567
1,2,-1,0.15,0.05,0.3,0.3,-1,-1,0.177709,0.489042
1,2,-1,0.15,0.05,0.35,0.35,-1,-1,0.184699,0.471199
1,2,-1,0.15,0.05,0.4,0.4,-1,-1,0.192662,0.452537
1,2,-1,0.15,0.05,0.45,0.45,-1,-1,0.203988,0.432786
1,2,-1,0.15,0.05,0.5,0.5,-1,-1,0.216287,0.415078
1,2,-1,0.15,0.05,0.55,0.55,-1,-1,0.22602,0.402547
1,2,-1,0.15,0.05,0.6,0.6,-1,-1,0.235753,0.390287
1,2,-1,0.15,0.05,0.65,0.65,-1,-1,0.24531,0.378301
1,2,-1,0.15,0.05,0.7,0.7,-1,-1,0.257432,0.366722
1,2,-1,0.15,0.05,0.75,0.75,-1,-1,0.267784,0.356779
1,2,-1,0.15,0.05,0.8,0.8,-1,-1,0.280437,0.346699
1,2,-1,0.15,0.05,0.85,0.85,-1,-1,0.291763,0.337573
1,2,-1,0.15,0.05,0.9,0.9,-1,-1,0.303708,0.330217
1,2,-1,0.15,0.05,0.95,0.95,-1,-1,0.318219,0.322589
1,2,-1,0.15,0.05,1.0,1.0,-1,-1,0.359983,0.308423
1,2,-1,0.2,0.05,0.05,0.05,-1,-1,0.152566,0.580337
1,2,-1,0.2,0.05,0.1,0.1,-1,-1,0.15875,0.550485
1,2,-1,0.2,0.05,0.15,0.15,-1,-1,0.164935,0.527078
1,2,-1,0.2,0.05,0.2,0.2,-1,-1,0.172287,0.501975
1,2,-1,0.2,0.05,0.25,0.25,-1,-1,0.179755,0.479077
1,2,-1,0.2,0.05,0.3,0.3,-1,-1,0.18699,0.45601
1,2,-1,0.2,0.05,0.35,0.35,-1,-1,0.196208,0.433791
1,2,-1,0.2,0.05,0.4,0.4,-1,-1,0.20671,0.410553
1,2,-1,0.2,0.05,0.45,0.45,-1,-1,0.221647,0.385959
1,2,-1,0.2,0.05,0.5,0.5,-1,-1,0.237867,0.36391
1,2,-1,0.2,0.05,0.55,0.55,-1,-1,0.250703,0.348305
1,2,-1,0.2,0.05,0.6,0.6,-1,-1,0.263539,0.33304
1,2,-1,0.2,0.05,0.65,0.65,-1,-1,0.276142,0.318114
1,2,-1,0.2,0.05,0.7,0.7,-1,-1,0.292129,0.303697
1,2,-1,0.2,0.05,0.75,0.75,-1,-1,0.305782,0.291315
1,2,-1,0.2,0.05,0.8,0.8,-1,-1,0.322469,0.278763
1,2,-1,0.2,0.05,0.85,0.85,-1,-1,0.337406,0.2674
1,2,-1,0.2,0.05,0.9,0.9,-1,-1,0.353159,0.25824
1,2,-1,0.2,0.05,0.95,0.95,-1,-1,0.372296,0.248742
1,2,-1,0.2,0.05,1.0,1.0,-1,-1,0.427375,0.231102
1,2,-1,0.25,0.05,0.05,0.05,-1,-1,0.153566,0.573697
1,2,-1,0.25,0.05,0.1,0.1,-1,-1,0.161311,0.53928
1,2,-1,0.25,0.05,0.15,0.15,-1,-1,0.169056,0.512294
1,2,-1,0.25,0.05,0.2,0.2,-1,-1,0.178262,0.483353
1,2,-1,0.25,0.05,0.25,0.25,-1,-1,0.187614,0.456953
1,2,-1,0.25,0.05,0.3,0.3,-1,-1,0.196674,0.430358
1,2,-1,0.25,0.05,0.35,0.35,-1,-1,0.208218,0.404741
1,2,-1,0.25,0.05,0.4,0.4,-1,-1,0.22137,0.377951
1,2,-1,0.25,0.05,0.45,0.45,-1,-1,0.240074,0.349596
1,2,-1,0.25,0.05,0.5,0.5,-1,-1,0.260386,0.324174
1,2,-1,0.25,0.05,0.55,0.55,-1,-1,0.27646,0.306184
1,2,-1,0.25,0.05,0.6,0.6,-1,-1,0.292534,0.288584
1,2,-1,0.25,0.05,0.65,0.65,-1,-1,0.308316,0.271375
1,2,-1,0.25,0.05,0.7,0.7,-1,-1,0.328336,0.254754
1,2,-1,0.25,0.05,0.75,0.75,-1,-1,0.345432,0.240479
1,2,-1,0.25,0.05,0.8,0.8,-1,-1,0.366329,0.226008
1,2,-1,0.25,0.05,0.85,0.85,-1,-1,0.385033,0.212906
1,2,-1,0.25,0.05,0.9,0.9,-1,-1,0.404761,0.202346
1,2,-1,0.25,0.05,0.95,0.95,-1,-1,0.428726,0.191395
1,2,-1,0.25,0.05,1.0,1.0,-1,-1,0.497698,0.171058
1,2,-1,0.3,0.05,0.05,0.05,-1,-1,0.154371,0.570019
1,2,-1,0.3,0.05,0.1,0.1,-1,-1,0.163369,0.533073
1,2,-1,0.3,0.05,0.15,0.15,-1,-1,0.172367,0.504105
1,2,-1,0.3,0.05,0.2,0.2,-1,-1,0.183064,0.473037
1,2,-1,0.3,0.05,0.25,0.25,-1,-1,0.19393,0.444697
1,2,-1,0.3,0.05,0.3,0.3,-1,-1,0.204456,0.416149
1,2,-1,0.3,0.05,0.35,0.35,-1,-1,0.217869,0.38865
1,2,-1,0.3,0.05,0.4,0.4,-1,-1,0.233149,0.35989
1,2,-1,0.3,0.05,0.45,0.45,-1,-1,0.254881,0.329452
1,2,-1,0.3,0.05,0.5,0.5,-1,-1,0.278481,0.302163
1,2,-1,0.3,0.05,0.55,0.55,-1,-1,0.297157,0.282851
1,2,-1,0.3,0.05,0.6,0.6,-1,-1,0.315833,0.263958
1,2,-1,0.3,0.05,0.65,0.65,-1,-1,0.33417,0.245485
1,2,-1,0.3,0.05,0.7,0.7,-1,-1,0.35743,0.227642
1,2,-1,0.3,0.05,0.75,0.75,-1,-1,0.377294,0.212318
1,2,-1,0.3,0.05,0.8,0.8,-1,-1,0.401573,0.196784
1,2,-1,0.3,0.05,0.85,0.85,-1,-1,0.423305,0.18272
1,2,-1,0.3,0.05,0.9,0.9,-1,-1,0.446226,0.171384
1,2,-1,0.3,0.05,0.95,0.95,-1,-1,0.47407,0.159628
1,2,-1,0.3,0.05,1.0,1.0,-1,-1,0.554207,0.137797
1,2,-1,0.35,0.05,0.05,0.05,-1,-1,0.154943,0.566389
1,2,-1,0.35,0.05,0.1,0.1,-1,-1,0.164832,0.526947
1,2,-1,0.35,0.05,0.15,0.15,-1,-1,0.174722,0.496022
1,2,-1,0.35,0.05,0.2,0.2,-1,-1,0.186478,0.462855
1,2,-1,0.35,0.05,0.25,0.25,-1,-1,0.198421,0.432601
1,2,-1,0.35,0.05,0.3,0.3,-1,-1,0.20999,0.402124
1,2,-1,0.35,0.05,0.35,0.35,-1,-1,0.224732,0.372767
1,2,-1,0.35,0.05,0.4,0.4,-1,-1,0.241526,0.342065
1,2,-1,0.35,0.05,0.45,0.45,-1,-1,0.265411,0.30957
1,2,-1,0.35,0.05,0.5,0.5,-1,-1,0.291349,0.280438
1,2,-1,0.35,0.05,0.55,0.55,-1,-1,0.311875,0.259821
1,2,-1,0.35,0.05,0.6,0.6,-1,-1,0.332401,0.239652
1,2,-1,0.35,0.05,0.65,0.65,-1,-1,0.352555,0.219931
1,2,-1,0.35,0.05,0.7,0.7,-1,-1,0.378119,0.200882
1,2,-1,0.35,0.05,0.75,0.75,-1,-1,0.399951,0.184523
1,2,-1,0.35,0.05,0.8,0.8,-1,-1,0.426636,0.16794
1,2,-1,0.35,0.05,0.85,0.85,-1,-1,0.450521,0.152925
1,2,-1,0.35,0.05,0.9,0.9,-1,-1,0.475712,0.140824
1,2,-1,0.35,0.05,0.95,0.95,-1,-1,0.506315,0.128274
1,2,-1,0.35,0.05,1.0,1.0,-1,-1,0.594391,0.104968
1,2,-1,0.4,0.05,0.05,0.05,-1,-1,0.155598,0.563761
1,2,-1,0.4,0.05,0.1,0.1,-1,-1,0.166509,0.522514
1,2,-1,0.4,0.05,0.15,0.15,-1,-1,0.177421,0.490172
1,2,-1,0.4,0.05,0.2,0.2,-1,-1,0.190391,0.455486
1,2,-1,0.4,0.05,0.25,0.25,-1,-1,0.203567,0.423847
1,2,-1,0.4,0.05,0.3,0.3,-1,-1,0.216331,0.391974
1,2,-1,0.4,0.05,0.35,0.35,-1,-1,0.232595,0.361273
1,2,-1,0.4,0.05,0.4,0.4,-1,-1,0.251124,0.329165
1,2,-1,0.4,0.05,0.45,0.45,-1,-1,0.277476,0.295182
1,2,-1,0.4,0.05,0.5,0.5,-1,-1,0.306093,0.264715
1,2,-1,0.4,0.05,0.55,0.55,-1,-1,0.328739,0.243154
1,2,-1,0.4,0.05,0.6,0.6,-1,-1,0.351385,0.222061
1,2,-1,0.4,0.05,0.65,0.65,-1,-1,0.37362,0.201438
1,2,-1,0.4,0.05,0.7,0.7,-1,-1,0.401825,0.181517
1,2,-1,0.4,0.05,0.75,0.75,-1,-1,0.425912,0.164409
1,2,-1,0.4,0.05,0.8,0.8,-1,-1,0.455353,0.147066
1,2,-1,0.4,0.05,0.85,0.85,-1,-1,0.481705,0.131364
1,2,-1,0.4,0.05,0.9,0.9,-1,-1,0.509498,0.118708
1,2,-1,0.4,0.05,0.95,0.95,-1,-1,0.543262,0.105583
1,2,-1,0.4,0.05,1.0,1.0,-1,-1,0.640435,0.08121
1,2,-1,0.45,0.05,0.05,0.05,-1,-1,0.15608,0.561468
1,2,-1,0.45,0.05,0.1,0.1,-1,-1,0.167744,0.518644
1,2,-1,0.45,0.05,0.15,0.15,-1,-1,0.179408,0.485066
1,2,-1,0.45,0.05,0.2,0.2,-1,-1,0.193272,0.449055
1,2,-1,0.45,0.05,0.25,0.25,-1,-1,0.207356,0.416207
1,2,-1,0.45,0.05,0.3,0.3,-1,-1,0.221001,0.383116
1,2,-1,0.45,0.05,0.35,0.35,-1,-1,0.238386,0.351241
1,2,-1,0.45,0.05,0.4,0.4,-1,-1,0.258192,0.317906
1,2,-1,0.45,0.05,0.45,0.45,-1,-1,0.286361,0.282625
1,2,-1,0.45,0.05,0.5,0.5,-1,-1,0.31695,0.250994
1,2,-1,0.45,0.05,0.55,0.55,-1,-1,0.341158,0.228608
1,2,-1,0.45,0.05,0.6,0.6,-1,-1,0.365365,0.206709
1,2,-1,0.45,0.05,0.65,0.65,-1,-1,0.389133,0.185297
1,2,-1,0.45,0.05,0.7,0.7,-1,-1,0.419282,0.164615
1,2,-1,0.45,0.05,0.75,0.75,-1,-1,0.44503,0.146853
1,2,-1,0.45,0.05,0.8,0.8,-1,-1,0.4765,0.128847
1,2,-1,0.45,0.05,0.85,0.85,-1,-1,0.504668,0.112545
1,2,-1,0.45,0.05,0.9,0.9,-1,-1,0.534378,0.099406
1,2,-1,0.45,0.05,0.95,0.95,-1,-1,0.570469,0.08578
1,2,-1,0.45,0.05,1.0,1.0,-1,-1,0.674341,0.060475
1,2,-1,0.5,0.05,0.05,0.05,-1,-1,0.15664,0.559988
1,2,-1,0.5,0.05,0.1,0.1,-1,-1,0.169177,0.516145
1,2,-1,0.5,0.05,0.15,0.15,-1,-1,0.181713,0.481769
1,2,-1,0.5,0.05,0.2,0.2,-1,-1,0.196615,0.444902
1,2,-1,0.5,0.05,0.25,0.25,-1,-1,0.211754,0.411273
1,2,-1,0.5,0.05,0.3,0.3,-1,-1,0.226419,0.377395
1,2,-1,0.5,0.05,0.35,0.35,-1,-1,0.245106,0.344763
1,2,-1,0.5,0.05,0.4,0.4,-1,-1,0.266394,0.310635
1,2,-1,0.5,0.05,0.45,0.45,-1,-1,0.296671,0.274515
1,2,-1,0.5,0.05,0.5,0.5,-1,-1,0.32955,0.242132
1,2,-1,0.5,0.05,0.55,0.55,-1,-1,0.355569,0.219214
1,2,-1,0.5,0.05,0.6,0.6,-1,-1,0.381588,0.196795
1,2,-1,0.5,0.05,0.65,0.65,-1,-1,0.407135,0.174874
1,2,-1,0.5,0.05,0.7,0.7,-1,-1,0.43954,0.1537
1,2,-1,0.5,0.05,0.75,0.75,-1,-1,0.467215,0.135516
1,2,-1,0.5,0.05,0.8,0.8,-1,-1,0.50104,0.117082
1,2,-1,0.5,0.05,0.85,0.85,-1,-1,0.531317,0.100392
1,2,-1,0.5,0.05,0.9,0.9,-1,-1,0.56325,0.08694
1,2,-1,0.5,0.05,0.95,0.95,-1,-1,0.602042,0.072991
1,2,-1,0.5,0.05,1.0,1.0,-1,-1,0.713688,0.047084
1,2,-1,0.55,0.05,0.05,0.05,-1,-1,0.157057,0.55865
1,2,-1,0.55,0.05,0.1,0.1,-1,-1,0.170244,0.513888
1,2,-1,0.55,0.05,0.15,0.15,-1,-1,0.183431,0.478791
1,2,-1,0.55,0.05,0.2,0.2,-1,-1,0.199105,0.441151
1,2,-1,0.55,0.05,0.25,0.25,-1,-1,0.215028,0.406816
1,2,-1,0.55,0.05,0.3,0.3,-1,-1,0.230455,0.372228
1,2,-1,0.55,0.05,0.35,0.35,-1,-1,0.25011,0.338911
1,2,-1,0.55,0.05,0.4,0.4,-1,-1,0.272502,0.304068
1,2,-1,0.55,0.05,0.45,0.45,-1,-1,0.304349,0.26719
1,2,-1,0.55,0.05,0.5,0.5,-1,-1,0.338933,0.234128
1,2,-1,0.55,0.05,0.55,0.55,-1,-1,0.366301,0.210729
1,2,-1,0.55,0.05,0.6,0.6,-1,-1,0.393669,0.18784
1,2,-1,0.55,0.05,0.65,0.65,-1,-1,0.42054,0.165459
1,2,-1,0.55,0.05,0.7,0.7,-1,-1,0.454626,0.143841
1,2,-1,0.55,0.05,0.75,0.75,-1,-1,0.483736,0.125276
1,2,-1,0.55,0.05,0.8,0.8,-1,-1,0.519315,0.106455
1,2,-1,0.55,0.05,0.85,0.85,-1,-1,0.551162,0.089415
1,2,-1,0.55,0.05,0.9,0.9,-1,-1,0.58475,0.075681
1,2,-1,0.55,0.05,0.95,0.95,-1,-1,0.625554,0.061439
1,2,-1,0.55,0.05,1.0,1.0,-1,-1,0.742989,0.034989
1,2,-1,0.6,0.05,0.05,0.05,-1,-1,0.157492,0.557886
1,2,-1,0.6,0.05,0.1,0.1,-1,-1,0.171357,0.512599
1,2,-1,0.6,0.05,0.15,0.15,-1,-1,0.185221,0.47709
1,2,-1,0.6,0.05,0.2,0.2,-1,-1,0.201702,0.439007
1,2,-1,0.6,0.05,0.25,0.25,-1,-1,0.218443,0.40427
1,2,-1,0.6,0.05,0.3,0.3,-1,-1,0.234663,0.369275
1,2,-1,0.6,0.05,0.35,0.35,-1,-1,0.255328,0.335567
1,2,-1,0.6,0.05,0.4,0.4,-1,-1,0.278871,0.300315
1,2,-1,0.6,0.05,0.45,0.45,-1,-1,0.312355,0.263005
1,2,-1,0.6,0.05,0.5,0.5,-1,-1,0.348717,0.229554
1,2,-1,0.6,0.05,0.55,0.55,-1,-1,0.377492,0.205881
1,2,-1,0.6,0.05,0.6,0.6,-1,-1,0.406267,0.182723
1,2,-1,0.6,0.05,0.65,0.65,-1,-1,0.43452,0.160079
1,2,-1,0.6,0.05,0.7,0.7,-1,-1,0.470358,0.138208
1,2,-1,0.6,0.05,0.75,0.75,-1,-1,0.500964,0.119424
1,2,-1,0.6,0.05,0.8,0.8,-1,-1,0.538372,0.100383
1,2,-1,0.6,0.05,0.85,0.85,-1,-1,0.571856,0.083143
1,2,-1,0.6,0.05,0.9,0.9,-1,-1,0.607172,0.069248
1,2,-1,0.6,0.05,0.95,0.95,-1,-1,0.650073,0.054838
1,2,-1,0.6,0.05,1.0,1.0,-1,-1,0.773545,0.028078
1,2,-1,0.65,0.05,0.05,0.05,-1,-1,0.157909,0.557456
1,2,-1,0.65,0.05,0.1,0.1,-1,-1,0.172424,0.511873
1,2,-1,0.65,0.05,0.15,0.15,-1,-1,0.186938,0.476132
1,2,-1,0.65,0.05,0.2,0.2,-1,-1,0.204191,0.437801
1,2,-1,0.65,0.05,0.25,0.25,-1,-1,0.221718,0.402837
1,2,-1,0.65,0.05,0.3,0.3,-1,-1,0.238698,0.367614
1,2,-1,0.65,0.05,0.35,0.35,-1,-1,0.260332,0.333686
1,2,-1,0.65,0.05,0.4,0.4,-1,-1,0.284979,0.298204
1,2,-1,0.65,0.05,0.45,0.45,-1,-1,0.320033,0.26065
1,2,-1,0.65,0.05,0.5,0.5,-1,-1,0.3581,0.226981
1,2,-1,0.65,0.05,0.55,0.55,-1,-1,0.388224,0.203154
1,2,-1,0.65,0.05,0.6,0.6,-1,-1,0.418348,0.179844
1,2,-1,0.65,0.05,0.65,0.65,-1,-1,0.447926,0.157053
1,2,-1,0.65,0.05,0.7,0.7,-1,-1,0.485444,0.135039
1,2,-1,0.65,0.05,0.75,0.75,-1,-1,0.517485,0.116133
1,2,-1,0.65,0.05,0.8,0.8,-1,-1,0.556647,0.096967
1,2,-1,0.65,0.05,0.85,0.85,-1,-1,0.591701,0.079615
1,2,-1,0.65,0.05,0.9,0.9,-1,-1,0.628672,0.065629
1,2,-1,0.65,0.05,0.95,0.95,-1,-1,0.673585,0.051125
1,2,-1,0.65,0.05,1.0,1.0,-1,-1,0.802846,0.02419
1,2,-1,0.7,0.05,0.05,0.05,-1,-1,0.158207,0.55674
1,2,-1,0.7,0.05,0.1,0.1,-1,-1,0.173186,0.510664
1,2,-1,0.7,0.05,0.15,0.15,-1,-1,0.188165,0.474537
1,2,-1,0.7,0.05,0.2,0.2,-1,-1,0.20597,0.435792
1,2,-1,0.7,0.05,0.25,0.25,-1,-1,0.224057,0.40045
1,2,-1,0.7,0.05,0.3,0.3,-1,-1,0.24158,0.364846
1,2,-1,0.7,0.05,0.35,0.35,-1,-1,0.263907,0.330552
1,2,-1,0.7,0.05,0.4,0.4,-1,-1,0.289342,0.294686
1,2,-1,0.7,0.05,0.45,0.45,-1,-1,0.325518,0.256726
1,2,-1,0.7,0.05,0.5,0.5,-1,-1,0.364802,0.222694
1,2,-1,0.7,0.05,0.55,0.55,-1,-1,0.39589,0.198609
1,2,-1,0.7,0.05,0.6,0.6,-1,-1,0.426978,0.175047
1,2,-1,0.7,0.05,0.65,0.65,-1,-1,0.457501,0.15201
1,2,-1,0.7,0.05,0.7,0.7,-1,-1,0.49622,0.129758
1,2,-1,0.7,0.05,0.75,0.75,-1,-1,0.529286,0.110647
1,2,-1,0.7,0.05,0.8,0.8,-1,-1,0.569701,0.091274
1,2,-1,0.7,0.05,0.85,0.85,-1,-1,0.605876,0.073735
1,2,-1,0.7,0.05,0.9,0.9,-1,-1,0.64403,0.059597
1,2,-1,0.7,0.05,0.95,0.95,-1,-1,0.69038,0.044937
1,2,-1,0.7,0.05,1.0,1.0,-1,-1,0.823776,0.017711
1,2,-1,0.75,0.05,0.05,0.05,-1,-1,0.158559,0.55631
1,2,-1,0.75,0.05,0.1,0.1,-1,-1,0.174085,0.509939
1,2,-1,0.75,0.05,0.15,0.15,-1,-1,0.189612,0.47358
1,2,-1,0.75,0.05,0.2,0.2,-1,-1,0.208068,0.434586
1,2,-1,0.75,0.05,0.25,0.25,-1,-1,0.226817,0.399017
1,2,-1,0.75,0.05,0.3,0.3,-1,-1,0.244981,0.363185
1,2,-1,0.75,0.05,0.35,0.35,-1,-1,0.268125,0.328671
1,2,-1,0.75,0.05,0.4,0.4,-1,-1,0.29449,0.292575
1,2,-1,0.75,0.05,0.45,0.45,-1,-1,0.331989,0.254372
1,2,-1,0.75,0.05,0.5,0.5,-1,-1,0.37271,0.220121
1,2,-1,0.75,0.05,0.55,0.55,-1,-1,0.404935,0.195881
1,2,-1,0.75,0.05,0.6,0.6,-1,-1,0.43716,0.172169
1,2,-1,0.75,0.05,0.65,0.65,-1,-1,0.4688,0.148983
1,2,-1,0.75,0.05,0.7,0.7,-1,-1,0.508935,0.126588
1,2,-1,0.75,0.05,0.75,0.75,-1,-1,0.543211,0.107355
1,2,-1,0.75,0.05,0.8,0.8,-1,-1,0.585104,0.087858
1,2,-1,0.75,0.05,0.85,0.85,-1,-1,0.622602,0.070206
1,2,-1,0.75,0.05,0.9,0.9,-1,-1,0.662152,0.055978
1,2,-1,0.75,0.05,0.95,0.95,-1,-1,0.710196,0.041224
1,2,-1,0.75,0.05,1.0,1.0,-1,-1,0.848472,0.013823
1,2,-1,0.8,0.05,0.05,0.05,-1,-1,0.158797,0.555545
1,2,-1,0.8,0.05,0.1,0.1,-1,-1,0.174695,0.508649
1,2,-1,0.8,0.05,0.15,0.15,-1,-1,0.190593,0.471878
1,2,-1,0.8,0.05,0.2,0.2,-1,-1,0.209491,0.432442
1,2,-1,0.8,0.05,0.25,0.25,-1,-1,0.228689,0.39647
1,2,-1,0.8,0.05,0.3,0.3,-1,-1,0.247287,0.360232
1,2,-1,0.8,0.05,0.35,0.35,-1,-1,0.270984,0.325327
1,2,-1,0.8,0.05,0.4,0.4,-1,-1,0.297981,0.288822
1,2,-1,0.8,0.05,0.45,0.45,-1,-1,0.336376,0.250186
1,2,-1,0.8,0.05,0.5,0.5,-1,-1,0.378072,0.215547
1,2,-1,0.8,0.05,0.55,0.55,-1,-1,0.411068,0.191032
1,2,-1,0.8,0.05,0.6,0.6,-1,-1,0.444064,0.167051
1,2,-1,0.8,0.05,0.65,0.65,-1,-1,0.476461,0.143603
1,2,-1,0.8,0.05,0.7,0.7,-1,-1,0.517556,0.120954
1,2,-1,0.8,0.05,0.75,0.75,-1,-1,0.552652,0.101503
1,2,-1,0.8,0.05,0.8,0.8,-1,-1,0.595547,0.081785
1,2,-1,0.8,0.05,0.85,0.85,-1,-1,0.633943,0.063933
1,2,-1,0.8,0.05,0.9,0.9,-1,-1,0.674438,0.049544
1,2,-1,0.8,0.05,0.95,0.95,-1,-1,0.723632,0.034622
1,2,-1,0.8,0.05,1.0,1.0,-1,-1,0.865216,0.006911
1,2,-1,0.85,0.05,0.05,0.05,-1,-1,0.159107,0.555211
1,2,-1,0.85,0.05,0.1,0.1,-1,-1,0.175488,0.508085
1,2,-1,0.85,0.05,0.15,0.15,-1,-1,0.191869,0.471134
1,2,-1,0.85,0.05,0.2,0.2,-1,-1,0.211341,0.431505
1,2,-1,0.85,0.05,0.25,0.25,-1,-1,0.231121,0.395356
1,2,-1,0.85,0.05,0.3,0.3,-1,-1,0.250285,0.358941
1,2,-1,0.85,0.05,0.35,0.35,-1,-1,0.274701,0.323864
1,2,-1,0.85,0.05,0.4,0.4,-1,-1,0.302518,0.28718
1,2,-1,0.85,0.05,0.45,0.45,-1,-1,0.34208,0.248355
1,2,-1,0.85,0.05,0.5,0.5,-1,-1,0.385042,0.213546
1,2,-1,0.85,0.05,0.55,0.55,-1,-1,0.41904,0.188912
1,2,-1,0.85,0.05,0.6,0.6,-1,-1,0.453038,0.164813
1,2,-1,0.85,0.05,0.65,0.65,-1,-1,0.486419,0.14125
1,2,-1,0.85,0.05,0.7,0.7,-1,-1,0.528762,0.11849
1,2,-1,0.85,0.05,0.75,0.75,-1,-1,0.564924,0.098944
1,2,-1,0.85,0.05,0.8,0.8,-1,-1,0.609122,0.079129
1,2,-1,0.85,0.05,0.85,0.85,-1,-1,0.648684,0.061189
1,2,-1,0.85,0.05,0.9,0.9,-1,-1,0.690409,0.04673
1,2,-1,0.85,0.05,0.95,0.95,-1,-1,0.741098,0.031735
1,2,-1,0.85,0.05,1.0,1.0,-1,-1,0.886982,0.003888
1,2,-1,0.9,0.05,0.05,0.05,-1,-1,0.159387,0.55502
1,2,-1,0.9,0.05,0.1,0.1,-1,-1,0.176204,0.507762
1,2,-1,0.9,0.05,0.15,0.15,-1,-1,0.193022,0.470708
1,2,-1,0.9,0.05,0.2,0.2,-1,-1,0.213012,0.430969
1,2,-1,0.9,0.05,0.25,0.25,-1,-1,0.23332,0.39472
1,2,-1,0.9,0.05,0.3,0.3,-1,-1,0.252994,0.358203
1,2,-1,0.9,0.05,0.35,0.35,-1,-1,0.278061,0.323028
1,2,-1,0.9,0.05,0.4,0.4,-1,-1,0.306619,0.286242
1,2,-1,0.9,0.05,0.45,0.45,-1,-1,0.347235,0.247308
1,2,-1,0.9,0.05,0.5,0.5,-1,-1,0.391342,0.212402
1,2,-1,0.9,0.05,0.55,0.55,-1,-1,0.426246,0.1877
1,2,-1,0.9,0.05,0.6,0.6,-1,-1,0.46115,0.163534
1,2,-1,0.9,0.05,0.65,0.65,-1,-1,0.49542,0.139905
1,2,-1,0.9,0.05,0.7,0.7,-1,-1,0.538892,0.117082
1,2,-1,0.9,0.05,0.75,0.75,-1,-1,0.576017,0.097481
1,2,-1,0.9,0.05,0.8,0.8,-1,-1,0.621393,0.077611
1,2,-1,0.9,0.05,0.85,0.85,-1,-1,0.662009,0.059621
1,2,-1,0.9,0.05,0.9,0.9,-1,-1,0.704846,0.045121
1,2,-1,0.9,0.05,0.95,0.95,-1,-1,0.756885,0.030085
1,2,-1,0.9,0.05,1.0,1.0,-1,-1,0.906656,0.00216
1,2,-1,0.95,0.05,0.05,0.05,-1,-1,0.159798,0.554829
1,2,-1,0.95,0.05,0.1,0.1,-1,-1,0.177256,0.50744
1,2,-1,0.95,0.05,0.15,0.15,-1,-1,0.194714,0.470283
1,2,-1,0.95,0.05,0.2,0.2,-1,-1,0.215467,0.430433
1,2,-1,0.95,0.05,0.25,0.25,-1,-1,0.236548,0.394083
1,2,-1,0.95,0.05,0.3,0.3,-1,-1,0.256971,0.357464
1,2,-1,0.95,0.05,0.35,0.35,-1,-1,0.282994,0.322192
1,2,-1,0.95,0.05,0.4,0.4,-1,-1,0.31264,0.285304
1,2,-1,0.95,0.05,0.45,0.45,-1,-1,0.354803,0.246262
1,2,-1,0.95,0.05,0.5,0.5,-1,-1,0.40059,0.211259
1,2,-1,0.95,0.05,0.55,0.55,-1,-1,0.436824,0.186487
1,2,-1,0.95,0.05,0.6,0.6,-1,-1,0.473058,0.162254
1,2,-1,0.95,0.05,0.65,0.65,-1,-1,0.508634,0.13856
1,2,-1,0.95,0.05,0.7,0.7,-1,-1,0.553762,0.115673
1,2,-1,0.95,0.05,0.75,0.75,-1,-1,0.592302,0.096018
1,2,-1,0.95,0.05,0.8,0.8,-1,-1,0.639406,0.076093
1,2,-1,0.95,0.05,0.85,0.85,-1,-1,0.68157,0.058053
1,2,-1,0.95,0.05,0.9,0.9,-1,-1,0.726039,0.043513
1,2,-1,0.95,0.05,0.95,0.95,-1,-1,0.780061,0.028434
1,2,-1,0.95,0.05,1.0,1.0,-1,-1,0.935538,0.000432
1,2,-1,1.0,0.05,0.05,0.05,-1,-1,0.160715,0.554781
1,2,-1,1.0,0.05,0.1,0.1,-1,-1,0.179604,0.507359
1,2,-1,1.0,0.05,0.15,0.15,-1,-1,0.198492,0.470176
1,2,-1,1.0,0.05,0.2,0.2,-1,-1,0.220944,0.430299
1,2,-1,1.0,0.05,0.25,0.25,-1,-1,0.243752,0.393924
1,2,-1,1.0,0.05,0.3,0.3,-1,-1,0.265849,0.35728
1,2,-1,1.0,0.05,0.35,0.35,-1,-1,0.294003,0.321983
1,2,-1,1.0,0.05,0.4,0.4,-1,-1,0.326077,0.285069
1,2,-1,1.0,0.05,0.45,0.45,-1,-1,0.371694,0.246
1,2,-1,1.0,0.05,0.5,0.5,-1,-1,0.421232,0.210973
1,2,-1,1.0,0.05,0.55,0.55,-1,-1,0.460434,0.186184
1,2,-1,1.0,0.05,0.6,0.6,-1,-1,0.499636,0.161934
1,2,-1,1.0,0.05,0.65,0.65,-1,-1,0.538126,0.138224
1,2,-1,1.0,0.05,0.7,0.7,-1,-1,0.586951,0.115321
1,2,-1,1.0,0.05,0.75,0.75,-1,-1,0.628647,0.095652
1,2,-1,1.0,0.05,0.8,0.8,-1,-1,0.679611,0.075713
1,2,-1,1.0,0.05,0.85,0.85,-1,-1,0.725228,0.057661
1,2,-1,1.0,0.05,0.9,0.9,-1,-1,0.77334,0.04311
1,2,-1,1.0,0.05,0.95,0.95,-1,-1,0.831787,0.028022
1,2,-1,1.0,0.05,1.0,1.0,-1,-1,1.0,0.0
1,2,-1,0.1,0.1,0.05,0.05,-1,-1,0.266639,0.421598
1,2,-1,0.1,0.1,0.1,0.1,-1,-1,0.266639,0.421598
1,2,-1,0.1,0.1,0.15,0.15,-1,-1,0.266639,0.421598
1,2,-1,0.1,0.1,0.2,0.2,-1,-1,0.266639,0.421598
1,2,-1,0.1,0.1,0.25,0.25,-1,-1,0.266639,0.421598
1,2,-1,0.1,0.1,0.3,0.3,-1,-1,0.266639,0.421598
1,2,-1,0.1,0.1,0.35,0.35,-1,-1,0.266639,0.421598
1,2,-1,0.1,0.1,0.4,0.4,-1,-1,0.266639,0.421598
1,2,-1,0.1,0.1,0.45,0.45,-1,-1,0.266639,0.421598
1,2,-1,0.1,0.1,0.5,0.5,-1,-1,0.266639,0.421598
1,2,-1,0.1,0.1,0.55,0.55,-1,-1,0.266639,0.421598
1,2,-1,0.1,0.1,0.6,0.6,-1,-1,0.266639,0.421598
1,2,-1,0.1,0.1,0.65,0.65,-1,-1,0.266639,0.421598
1,2,-1,0.1,0.1,0.7,0.7,-1,-1,0.266639,0.421598
1,2,-1,0.1,0.1,0.75,0.75,-1,-1,0.266639,0.421598
1,2,-1,0.1,0.1,0.8,0.8,-1,-1,0.266639,0.421598
1,2,-1,0.1,0.1,0.85,0.85,-1,-1,0.266639,0.421598
1,2,-1,0.1,0.1,0.9,0.9,-1,-1,0.266639,0.421598
1,2,-1,0.1,0.1,0.95,0.95,-1,-1,0.266639,0.421598
1,2,-1,0.1,0.1,1.0,1.0,-1,-1,0.266639,0.421598
1,2,-1,0.15,0.1,0.05,0.05,-1,-1,0.267967,0.409083
1,2,-1,0.15,0.1,0.1,0.1,-1,-1,0.270038,0.400479
1,2,-1,0.15,0.1,0.15,0.15,-1,-1,0.272109,0.393732
1,2,-1,0.15,0.1,0.2,0.2,-1,-1,0.274571,0.386497
1,2,-1,0.15,0.1,0.25,0.25,-1,-1,0.277071,0.379897
1,2,-1,0.15,0.1,0.3,0.3,-1,-1,0.279494,0.373248
1,2,-1,0.15,0.1,0.35,0.35,-1,-1,0.282581,0.366844
1,2,-1,0.15,0.1,0.4,0.4,-1,-1,0.286097,0.360146
1,2,-1,0.15,0.1,0.45,0.45,-1,-1,0.291098,0.353057
1,2,-1,0.15,0.1,0.5,0.5,-1,-1,0.296529,0.346702
1,2,-1,0.15,0.1,0.55,0.55,-1,-1,0.300827,0.342204
1,2,-1,0.15,0.1,0.6,0.6,-1,-1,0.305125,0.337804
1,2,-1,0.15,0.1,0.65,0.65,-1,-1,0.309345,0.333502
1,2,-1,0.15,0.1,0.7,0.7,-1,-1,0.314698,0.329347
1,2,-1,0.15,0.1,0.75,0.75,-1,-1,0.31927,0.325778
1,2,-1,0.15,0.1,0.8,0.8,-1,-1,0.324857,0.32216
1,2,-1,0.15,0.1,0.85,0.85,-1,-1,0.329858,0.318885
1,2,-1,0.15,0.1,0.9,0.9,-1,-1,0.335133,0.316245
1,2,-1,0.15,0.1,0.95,0.95,-1,-1,0.341541,0.313507
1,2,-1,0.15,0.1,1.0,1.0,-1,-1,0.359983,0.308423
1,2,-1,0.2,0.1,0.05,0.05,-1,-1,0.268927,0.400532
1,2,-1,0.2,0.1,0.1,0.1,-1,-1,0.272493,0.38605
1,2,-1,0.2,0.1,0.15,0.15,-1,-1,0.276058,0.374694
1,2,-1,0.2,0.1,0.2,0.2,-1,-1,0.280297,0.362515
1,2,-1,0.2,0.1,0.25,0.25,-1,-1,0.284603,0.351407
1,2,-1,0.2,0.1,0.3,0.3,-1,-1,0.288775,0.340215
1,2,-1,0.2,0.1,0.35,0.35,-1,-1,0.29409,0.329436
1,2,-1,0.2,0.1,0.4,0.4,-1,-1,0.300145,0.318162
1,2,-1,0.2,0.1,0.45,0.45,-1,-1,0.308757,0.306231
1,2,-1,0.2,0.1,0.5,0.5,-1,-1,0.31811,0.295533
1,2,-1,0.2,0.1,0.55,0.55,-1,-1,0.32551,0.287963
1,2,-1,0.2,0.1,0.6,0.6,-1,-1,0.332911,0.280557
1,2,-1,0.2,0.1,0.65,0.65,-1,-1,0.340178,0.273316
1,2,-1,0.2,0.1,0.7,0.7,-1,-1,0.349396,0.266321
1,2,-1,0.2,0.1,0.75,0.75,-1,-1,0.357267,0.260314
1,2,-1,0.2,0.1,0.8,0.8,-1,-1,0.366889,0.254225
1,2,-1,0.2,0.1,0.85,0.85,-1,-1,0.375501,0.248712
1,2,-1,0.2,0.1,0.9,0.9,-1,-1,0.384584,0.244268
1,2,-1,0.2,0.1,0.95,0.95,-1,-1,0.395618,0.23966
1,2,-1,0.2,0.1,1.0,1.0,-1,-1,0.427375,0.231102
1,2,-1,0.25,0.1,0.05,0.05,-1,-1,0.269927,0.393893
1,2,-1,0.25,0.1,0.1,0.1,-1,-1,0.275053,0.374845
1,2,-1,0.25,0.1,0.15,0.15,-1,-1,0.28018,0.35991
1,2,-1,0.25,0.1,0.2,0.2,-1,-1,0.286273,0.343893
1,2,-1,0.25,0.1,0.25,0.25,-1,-1,0.292463,0.329282
1,2,-1,0.25,0.1,0.3,0.3,-1,-1,0.298459,0.314564
1,2,-1,0.25,0.1,0.35,0.35,-1,-1,0.3061,0.300386
1,2,-1,0.25,0.1,0.4,0.4,-1,-1,0.314804,0.28556
1,2,-1,0.25,0.1,0.45,0.45,-1,-1,0.327184,0.269867
1,2,-1,0.25,0.1,0.5,0.5,-1,-1,0.340628,0.255798
1,2,-1,0.25,0.1,0.55,0.55,-1,-1,0.351267,0.245841
1,2,-1,0.25,0.1,0.6,0.6,-1,-1,0.361906,0.236101
1,2,-1,0.25,0.1,0.65,0.65,-1,-1,0.372352,0.226577
1,2,-1,0.25,0.1,0.7,0.7,-1,-1,0.385602,0.217378
1,2,-1,0.25,0.1,0.75,0.75,-1,-1,0.396918,0.209478
1,2,-1,0.25,0.1,0.8,0.8,-1,-1,0.410749,0.201469
1,2,-1,0.25,0.1,0.85,0.85,-1,-1,0.423129,0.194218
1,2,-1,0.25,0.1,0.9,0.9,-1,-1,0.436185,0.188374
1,2,-1,0.25,0.1,0.95,0.95,-1,-1,0.452047,0.182313
1,2,-1,0.25,0.1,1.0,1.0,-1,-1,0.497698,0.171058
1,2,-1,0.3,0.1,0.05,0.05,-1,-1,0.270732,0.390214
1,2,-1,0.3,0.1,0.1,0.1,-1,-1,0.277111,0.368638
1,2,-1,0.3,0.1,0.15,0.15,-1,-1,0.283491,0.351721
1,2,-1,0.3,0.1,0.2,0.2,-1,-1,0.291075,0.333577
1,2,-1,0.3,0.1,0.25,0.25,-1,-1,0.298778,0.317027
1,2,-1,0.3,0.1,0.3,0.3,-1,-1,0.306241,0.300354
1,2,-1,0.3,0.1,0.35,0.35,-1,-1,0.315751,0.284295
1,2,-1,0.3,0.1,0.4,0.4,-1,-1,0.326584,0.267499
1,2,-1,0.3,0.1,0.45,0.45,-1,-1,0.341992,0.249724
1,2,-1,0.3,0.1,0.5,0.5,-1,-1,0.358723,0.233787
1,2,-1,0.3,0.1,0.55,0.55,-1,-1,0.371964,0.222508
1,2,-1,0.3,0.1,0.6,0.6,-1,-1,0.385205,0.211475
1,2,-1,0.3,0.1,0.65,0.65,-1,-1,0.398205,0.200687
1,2,-1,0.3,0.1,0.7,0.7,-1,-1,0.414696,0.190266
1,2,-1,0.3,0.1,0.75,0.75,-1,-1,0.42878,0.181317
1,2,-1,0.3,0.1,0.8,0.8,-1,-1,0.445993,0.172245
1,2,-1,0.3,0.1,0.85,0.85,-1,-1,0.4614,0.164032
1,2,-1,0.3,0.1,0.9,0.9,-1,-1,0.477651,0.157412
1,2,-1,0.3,0.1,0.95,0.95,-1,-1,0.497392,0.150546
1,2,-1,0.3,0.1,1.0,1.0,-1,-1,0.554207,0.137797
1,2,-1,0.35,0.1,0.05,0.05,-1,-1,0.271304,0.386584
1,2,-1,0.35,0.1,0.1,0.1,-1,-1,0.278575,0.362512
1,2,-1,0.35,0.1,0.15,0.15,-1,-1,0.285846,0.343637
1,2,-1,0.35,0.1,0.2,0.2,-1,-1,0.294489,0.323395
1,2,-1,0.35,0.1,0.25,0.25,-1,-1,0.303269,0.30493
1,2,-1,0.35,0.1,0.3,0.3,-1,-1,0.311775,0.286329
1,2,-1,0.35,0.1,0.35,0.35,-1,-1,0.322613,0.268412
1,2,-1,0.35,0.1,0.4,0.4,-1,-1,0.334961,0.249674
1,2,-1,0.35,0.1,0.45,0.45,-1,-1,0.352521,0.229842
1,2,-1,0.35,0.1,0.5,0.5,-1,-1,0.371591,0.212061
1,2,-1,0.35,0.1,0.55,0.55,-1,-1,0.386682,0.199478
1,2,-1,0.35,0.1,0.6,0.6,-1,-1,0.401773,0.187169
1,2,-1,0.35,0.1,0.65,0.65,-1,-1,0.41659,0.175133
1,2,-1,0.35,0.1,0.7,0.7,-1,-1,0.435385,0.163507
1,2,-1,0.35,0.1,0.75,0.75,-1,-1,0.451437,0.153523
1,2,-1,0.35,0.1,0.8,0.8,-1,-1,0.471055,0.143401
1,2,-1,0.35,0.1,0.85,0.85,-1,-1,0.488616,0.134238
1,2,-1,0.35,0.1,0.9,0.9,-1,-1,0.507137,0.126852
1,2,-1,0.35,0.1,0.95,0.95,-1,-1,0.529636,0.119192
1,2,-1,0.35,0.1,1.0,1.0,-1,-1,0.594391,0.104968
1,2,-1,0.4,0.1,0.05,0.05,-1,-1,0.271959,0.383957
1,2,-1,0.4,0.1,0.1,0.1,-1,-1,0.280252,0.358079
1,2,-1,0.4,0.1,0.15,0.15,-1,-1,0.288544,0.337788
1,2,-1,0.4,0.1,0.2,0.2,-1,-1,0.298402,0.316026
1,2,-1,0.4,0.1,0.25,0.25,-1,-1,0.308415,0.296176
1,2,-1,0.4,0.1,0.3,0.3,-1,-1,0.318116,0.276179
1,2,-1,0.4,0.1,0.35,0.35,-1,-1,0.330477,0.256918
1,2,-1,0.4,0.1,0.4,0.4,-1,-1,0.344559,0.236774
1,2,-1,0.4,0.1,0.45,0.45,-1,-1,0.364586,0.215454
1,2,-1,0.4,0.1,0.5,0.5,-1,-1,0.386335,0.196339
1,2,-1,0.4,0.1,0.55,0.55,-1,-1,0.403546,0.182812
1,2,-1,0.4,0.1,0.6,0.6,-1,-1,0.420757,0.169578
1,2,-1,0.4,0.1,0.65,0.65,-1,-1,0.437656,0.156639
1,2,-1,0.4,0.1,0.7,0.7,-1,-1,0.459092,0.144141
1,2,-1,0.4,0.1,0.75,0.75,-1,-1,0.477398,0.133408
1,2,-1,0.4,0.1,0.8,0.8,-1,-1,0.499773,0.122527
1,2,-1,0.4,0.1,0.85,0.85,-1,-1,0.5198,0.112676
1,2,-1,0.4,0.1,0.9,0.9,-1,-1,0.540923,0.104736
1,2,-1,0.4,0.1,0.95,0.95,-1,-1,0.566583,0.096502
1,2,-1,0.4,0.1,1.0,1.0,-1,-1,0.640435,0.08121
1,2,-1,0.45,0.1,0.05,0.05,-1,-1,0.272441,0.381664
1,2,-1,0.45,0.1,0.1,0.1,-1,-1,0.281486,0.354209
1,2,-1,0.45,0.1,0.15,0.15,-1,-1,0.290531,0.332682
1,2,-1,0.45,0.1,0.2,0.2,-1,-1,0.301283,0.309595
1,2,-1,0.45,0.1,0.25,0.25,-1,-1,0.312205,0.288536
1,2,-1,0.45,0.1,0.3,0.3,-1,-1,0.322786,0.267321
1,2,-1,0.45,0.1,0.35,0.35,-1,-1,0.336268,0.246886
1,2,-1,0.45,0.1,0.4,0.4,-1,-1,0.351627,0.225515
1,2,-1,0.45,0.1,0.45,0.45,-1,-1,0.373471,0.202896
1,2,-1,0.45,0.1,0.5,0.5,-1,-1,0.397193,0.182617
1,2,-1,0.45,0.1,0.55,0.55,-1,-1,0.415965,0.168266
1,2,-1,0.45,0.1,0.6,0.6,-1,-1,0.434737,0.154227
1,2,-1,0.45,0.1,0.65,0.65,-1,-1,0.453168,0.140499
1,2,-1,0.45,0.1,0.7,0.7,-1,-1,0.476548,0.12724
1,2,-1,0.45,0.1,0.75,0.75,-1,-1,0.496515,0.115852
1,2,-1,0.45,0.1,0.8,0.8,-1,-1,0.520919,0.104309
1,2,-1,0.45,0.1,0.85,0.85,-1,-1,0.542764,0.093858
1,2,-1,0.45,0.1,0.9,0.9,-1,-1,0.565803,0.085434
1,2,-1,0.45,0.1,0.95,0.95,-1,-1,0.593791,0.076698
1,2,-1,0.45,0.1,1.0,1.0,-1,-1,0.674341,0.060475
1,2,-1,0.5,0.1,0.05,0.05,-1,-1,0.273001,0.380183
1,2,-1,0.5,0.1,0.1,0.1,-1,-1,0.282919,0.35171
1,2,-1,0.5,0.1,0.15,0.15,-1,-1,0.292837,0.329385
1,2,-1,0.5,0.1,0.2,0.2,-1,-1,0.304626,0.305442
1,2,-1,0.5,0.1,0.25,0.25,-1,-1,0.316602,0.283602
1,2,-1,0.5,0.1,0.3,0.3,-1,-1,0.328204,0.2616
1,2,-1,0.5,0.1,0.35,0.35,-1,-1,0.342987,0.240408
1,2,-1,0.5,0.1,0.4,0.4,-1,-1,0.359829,0.218244
1,2,-1,0.5,0.1,0.45,0.45,-1,-1,0.383781,0.194786
1,2,-1,0.5,0.1,0.5,0.5,-1,-1,0.409792,0.173755
1,2,-1,0.5,0.1,0.55,0.55,-1,-1,0.430376,0.158872
1,2,-1,0.5,0.1,0.6,0.6,-1,-1,0.45096,0.144312
1,2,-1,0.5,0.1,0.65,0.65,-1,-1,0.47117,0.130076
1,2,-1,0.5,0.1,0.7,0.7,-1,-1,0.496807,0.116325
1,2,-1,0.5,0.1,0.75,0.75,-1,-1,0.5187,0.104515
1,2,-1,0.5,0.1,0.8,0.8,-1,-1,0.54546,0.092543
1,2,-1,0.5,0.1,0.85,0.85,-1,-1,0.569412,0.081704
1,2,-1,0.5,0.1,0.9,0.9,-1,-1,0.594675,0.072968
1,2,-1,0.5,0.1,0.95,0.95,-1,-1,0.625364,0.063909
1,2,-1,0.5,0.1,1.0,1.0,-1,-1,0.713688,0.047084
1,2,-1,0.55,0.1,0.05,0.05,-1,-1,0.273418,0.378846
1,2,-1,0.55,0.1,0.1,0.1,-1,-1,0.283986,0.349453
1,2,-1,0.55,0.1,0.15,0.15,-1,-1,0.294554,0.326407
1,2,-1,0.55,0.1,0.2,0.2,-1,-1,0.307116,0.301691
1,2,-1,0.55,0.1,0.25,0.25,-1,-1,0.319877,0.279145
1,2,-1,0.55,0.1,0.3,0.3,-1,-1,0.33224,0.256433
1,2,-1,0.55,0.1,0.35,0.35,-1,-1,0.347991,0.234556
1,2,-1,0.55,0.1,0.4,0.4,-1,-1,0.365937,0.211677
1,2,-1,0.55,0.1,0.45,0.45,-1,-1,0.391459,0.187461
1,2,-1,0.55,0.1,0.5,0.5,-1,-1,0.419175,0.165751
1,2,-1,0.55,0.1,0.55,0.55,-1,-1,0.441108,0.150387
1,2,-1,0.55,0.1,0.6,0.6,-1,-1,0.463041,0.135357
1,2,-1,0.55,0.1,0.65,0.65,-1,-1,0.484576,0.120661
1,2,-1,0.55,0.1,0.7,0.7,-1,-1,0.511893,0.106466
1,2,-1,0.55,0.1,0.75,0.75,-1,-1,0.535221,0.094275
1,2,-1,0.55,0.1,0.8,0.8,-1,-1,0.563735,0.081916
1,2,-1,0.55,0.1,0.85,0.85,-1,-1,0.589257,0.070728
1,2,-1,0.55,0.1,0.9,0.9,-1,-1,0.616175,0.061709
1,2,-1,0.55,0.1,0.95,0.95,-1,-1,0.648876,0.052357
1,2,-1,0.55,0.1,1.0,1.0,-1,-1,0.742989,0.034989
1,2,-1,0.6,0.1,0.05,0.05,-1,-1,0.273853,0.378081
1,2,-1,0.6,0.1,0.1,0.1,-1,-1,0.285099,0.348164
1,2,-1,0.6,0.1,0.15,0.15,-1,-1,0.296345,0.324706
1,2,-1,0.6,0.1,0.2,0.2,-1,-1,0.309712,0.299547
1,2,-1,0.6,0.1,0.25,0.25,-1,-1,0.323292,0.276599
1,2,-1,0.6,0.1,0.3,0.3,-1,-1,0.336448,0.253481
1,2,-1,0.6,0.1,0.35,0.35,-1,-1,0.35321,0.231213
1,2,-1,0.6,0.1,0.4,0.4,-1,-1,0.372306,0.207924
1,2,-1,0.6,0.1,0.45,0.45,-1,-1,0.399466,0.183276
1,2,-1,0.6,0.1,0.5,0.5,-1,-1,0.428959,0.161178
1,2,-1,0.6,0.1,0.55,0.55,-1,-1,0.452299,0.145539
1,2,-1,0.6,0.1,0.6,0.6,-1,-1,0.475639,0.13024
1,2,-1,0.6,0.1,0.65,0.65,-1,-1,0.498556,0.115281
1,2,-1,0.6,0.1,0.7,0.7,-1,-1,0.527625,0.100832
1,2,-1,0.6,0.1,0.75,0.75,-1,-1,0.55245,0.088424
1,2,-1,0.6,0.1,0.8,0.8,-1,-1,0.582792,0.075844
1,2,-1,0.6,0.1,0.85,0.85,-1,-1,0.609952,0.064455
1,2,-1,0.6,0.1,0.9,0.9,-1,-1,0.638596,0.055276
1,2,-1,0.6,0.1,0.95,0.95,-1,-1,0.673395,0.045756
1,2,-1,0.6,0.1,1.0,1.0,-1,-1,0.773545,0.028078
1,2,-1,0.65,0.1,0.05,0.05,-1,-1,0.27427,0.377651
1,2,-1,0.65,0.1,0.1,0.1,-1,-1,0.286166,0.347438
1,2,-1,0.65,0.1,0.15,0.15,-1,-1,0.298062,0.323748
1,2,-1,0.65,0.1,0.2,0.2,-1,-1,0.312202,0.298342
1,2,-1,0.65,0.1,0.25,0.25,-1,-1,0.326567,0.275166
1,2,-1,0.65,0.1,0.3,0.3,-1,-1,0.340483,0.25182
1,2,-1,0.65,0.1,0.35,0.35,-1,-1,0.358214,0.229332
1,2,-1,0.65,0.1,0.4,0.4,-1,-1,0.378414,0.205813
1,2,-1,0.65,0.1,0.45,0.45,-1,-1,0.407143,0.180921
1,2,-1,0.65,0.1,0.5,0.5,-1,-1,0.438342,0.158605
1,2,-1,0.65,0.1,0.55,0.55,-1,-1,0.463031,0.142812
1,2,-1,0.65,0.1,0.6,0.6,-1,-1,0.48772,0.127361
1,2,-1,0.65,0.1,0.65,0.65,-1,-1,0.511961,0.112255
1,2,-1,0.65,0.1,0.7,0.7,-1,-1,0.542711,0.097663
1,2,-1,0.65,0.1,0.75,0.75,-1,-1,0.568971,0.085132
1,2,-1,0.65,0.1,0.8,0.8,-1,-1,0.601067,0.072428
1,2,-1,0.65,0.1,0.85,0.85,-1,-1,0.629796,0.060927
1,2,-1,0.65,0.1,0.9,0.9,-1,-1,0.660097,0.051656
1,2,-1,0.65,0.1,0.95,0.95,-1,-1,0.696907,0.042043
1,2,-1,0.65,0.1,1.0,1.0,-1,-1,0.802846,0.02419
1,2,-1,0.7,0.1,0.05,0.05,-1,-1,0.274568,0.376935
1,2,-1,0.7,0.1,0.1,0.1,-1,-1,0.286928,0.346229
1,2,-1,0.7,0.1,0.15,0.15,-1,-1,0.299288,0.322153
1,2,-1,0.7,0.1,0.2,0.2,-1,-1,0.313981,0.296332
1,2,-1,0.7,0.1,0.25,0.25,-1,-1,0.328906,0.272779
1,2,-1,0.7,0.1,0.3,0.3,-1,-1,0.343365,0.249052
1,2,-1,0.7,0.1,0.35,0.35,-1,-1,0.361789,0.226197
1,2,-1,0.7,0.1,0.4,0.4,-1,-1,0.382777,0.202295
1,2,-1,0.7,0.1,0.45,0.45,-1,-1,0.412628,0.176998
1,2,-1,0.7,0.1,0.5,0.5,-1,-1,0.445044,0.154317
1,2,-1,0.7,0.1,0.55,0.55,-1,-1,0.470697,0.138266
1,2,-1,0.7,0.1,0.6,0.6,-1,-1,0.49635,0.122565
1,2,-1,0.7,0.1,0.65,0.65,-1,-1,0.521537,0.107212
1,2,-1,0.7,0.1,0.7,0.7,-1,-1,0.553487,0.092382
1,2,-1,0.7,0.1,0.75,0.75,-1,-1,0.580772,0.079646
1,2,-1,0.7,0.1,0.8,0.8,-1,-1,0.614121,0.066736
1,2,-1,0.7,0.1,0.85,0.85,-1,-1,0.643972,0.055047
1,2,-1,0.7,0.1,0.9,0.9,-1,-1,0.675455,0.045625
1,2,-1,0.7,0.1,0.95,0.95,-1,-1,0.713701,0.035855
1,2,-1,0.7,0.1,1.0,1.0,-1,-1,0.823776,0.017711
1,2,-1,0.75,0.1,0.05,0.05,-1,-1,0.27492,0.376505
1,2,-1,0.75,0.1,0.1,0.1,-1,-1,0.287828,0.345504
1,2,-1,0.75,0.1,0.15,0.15,-1,-1,0.300736,0.321196
1,2,-1,0.75,0.1,0.2,0.2,-1,-1,0.316079,0.295126
1,2,-1,0.75,0.1,0.25,0.25,-1,-1,0.331666,0.271346
1,2,-1,0.75,0.1,0.3,0.3,-1,-1,0.346766,0.247391
1,2,-1,0.75,0.1,0.35,0.35,-1,-1,0.366006,0.224316
1,2,-1,0.75,0.1,0.4,0.4,-1,-1,0.387925,0.200184
1,2,-1,0.75,0.1,0.45,0.45,-1,-1,0.419099,0.174643
1,2,-1,0.75,0.1,0.5,0.5,-1,-1,0.452952,0.151744
1,2,-1,0.75,0.1,0.55,0.55,-1,-1,0.479742,0.135539
1,2,-1,0.75,0.1,0.6,0.6,-1,-1,0.506532,0.119686
1,2,-1,0.75,0.1,0.65,0.65,-1,-1,0.532836,0.104185
1,2,-1,0.75,0.1,0.7,0.7,-1,-1,0.566202,0.089213
1,2,-1,0.75,0.1,0.75,0.75,-1,-1,0.594696,0.076354
1,2,-1,0.75,0.1,0.8,0.8,-1,-1,0.629524,0.06332
1,2,-1,0.75,0.1,0.85,0.85,-1,-1,0.660698,0.051518
1,2,-1,0.75,0.1,0.9,0.9,-1,-1,0.693576,0.042006
1,2,-1,0.75,0.1,0.95,0.95,-1,-1,0.733518,0.032142
1,2,-1,0.75,0.1,1.0,1.0,-1,-1,0.848472,0.013823
1,2,-1,0.8,0.1,0.05,0.05,-1,-1,0.275158,0.375741
1,2,-1,0.8,0.1,0.1,0.1,-1,-1,0.288437,0.344214
1,2,-1,0.8,0.1,0.15,0.15,-1,-1,0.301717,0.319494
1,2,-1,0.8,0.1,0.2,0.2,-1,-1,0.317502,0.292982
1,2,-1,0.8,0.1,0.25,0.25,-1,-1,0.333537,0.2688
1,2,-1,0.8,0.1,0.3,0.3,-1,-1,0.349072,0.244438
1,2,-1,0.8,0.1,0.35,0.35,-1,-1,0.368866,0.220972
1,2,-1,0.8,0.1,0.4,0.4,-1,-1,0.391415,0.196431
1,2,-1,0.8,0.1,0.45,0.45,-1,-1,0.423487,0.170457
1,2,-1,0.8,0.1,0.5,0.5,-1,-1,0.458314,0.14717
1,2,-1,0.8,0.1,0.55,0.55,-1,-1,0.485875,0.13069
1,2,-1,0.8,0.1,0.6,0.6,-1,-1,0.513436,0.114568
1,2,-1,0.8,0.1,0.65,0.65,-1,-1,0.540496,0.098805
1,2,-1,0.8,0.1,0.7,0.7,-1,-1,0.574822,0.083579
1,2,-1,0.8,0.1,0.75,0.75,-1,-1,0.604137,0.070502
1,2,-1,0.8,0.1,0.8,0.8,-1,-1,0.639967,0.057247
1,2,-1,0.8,0.1,0.85,0.85,-1,-1,0.672038,0.045245
1,2,-1,0.8,0.1,0.9,0.9,-1,-1,0.705863,0.035572
1,2,-1,0.8,0.1,0.95,0.95,-1,-1,0.746954,0.02554
1,2,-1,0.8,0.1,1.0,1.0,-1,-1,0.865216,0.006911
1,2,-1,0.85,0.1,0.05,0.05,-1,-1,0.275468,0.375406
1,2,-1,0.85,0.1,0.1,0.1,-1,-1,0.28923,0.34365
1,2,-1,0.85,0.1,0.15,0.15,-1,-1,0.302992,0.318749
1,2,-1,0.85,0.1,0.2,0.2,-1,-1,0.319351,0.292045
1,2,-1,0.85,0.1,0.25,0.25,-1,-1,0.33597,0.267686
1,2,-1,0.85,0.1,0.3,0.3,-1,-1,0.35207,0.243146
1,2,-1,0.85,0.1,0.35,0.35,-1,-1,0.372583,0.219509
1,2,-1,0.85,0.1,0.4,0.4,-1,-1,0.395953,0.194789
1,2,-1,0.85,0.1,0.45,0.45,-1,-1,0.42919,0.168626
1,2,-1,0.85,0.1,0.5,0.5,-1,-1,0.465284,0.14517
1,2,-1,0.85,0.1,0.55,0.55,-1,-1,0.493847,0.128569
1,2,-1,0.85,0.1,0.6,0.6,-1,-1,0.52241,0.11233
1,2,-1,0.85,0.1,0.65,0.65,-1,-1,0.550455,0.096452
1,2,-1,0.85,0.1,0.7,0.7,-1,-1,0.586029,0.081115
1,2,-1,0.85,0.1,0.75,0.75,-1,-1,0.616409,0.067943
1,2,-1,0.85,0.1,0.8,0.8,-1,-1,0.653542,0.05459
1,2,-1,0.85,0.1,0.85,0.85,-1,-1,0.686779,0.042502
1,2,-1,0.85,0.1,0.9,0.9,-1,-1,0.721834,0.032758
1,2,-1,0.85,0.1,0.95,0.95,-1,-1,0.76442,0.022653
1,2,-1,0.85,0.1,1.0,1.0,-1,-1,0.886982,0.003888
1,2,-1,0.9,0.1,0.05,0.05,-1,-1,0.275748,0.375215
1,2,-1,0.9,0.1,0.1,0.1,-1,-1,0.289946,0.343327
1,2,-1,0.9,0.1,0.15,0.15,-1,-1,0.304145,0.318324
1,2,-1,0.9,0.1,0.2,0.2,-1,-1,0.321023,0.291509
1,2,-1,0.9,0.1,0.25,0.25,-1,-1,0.338169,0.267049
1,2,-1,0.9,0.1,0.3,0.3,-1,-1,0.354779,0.242408
1,2,-1,0.9,0.1,0.35,0.35,-1,-1,0.375943,0.218673
1,2,-1,0.9,0.1,0.4,0.4,-1,-1,0.400054,0.193851
1,2,-1,0.9,0.1,0.45,0.45,-1,-1,0.434345,0.16758
1,2,-1,0.9,0.1,0.5,0.5,-1,-1,0.471584,0.144026
1,2,-1,0.9,0.1,0.55,0.55,-1,-1,0.501053,0.127357
1,2,-1,0.9,0.1,0.6,0.6,-1,-1,0.530522,0.111051
1,2,-1,0.9,0.1,0.65,0.65,-1,-1,0.559456,0.095107
1,2,-1,0.9,0.1,0.7,0.7,-1,-1,0.596158,0.079706
1,2,-1,0.9,0.1,0.75,0.75,-1,-1,0.627502,0.06648
1,2,-1,0.9,0.1,0.8,0.8,-1,-1,0.665812,0.053072
1,2,-1,0.9,0.1,0.85,0.85,-1,-1,0.700104,0.040933
1,2,-1,0.9,0.1,0.9,0.9,-1,-1,0.736271,0.031149
1,2,-1,0.9,0.1,0.95,0.95,-1,-1,0.780207,0.021003
1,2,-1,0.9,0.1,1.0,1.0,-1,-1,0.906656,0.00216
1,2,-1,0.95,0.1,0.05,0.05,-1,-1,0.276159,0.375024
1,2,-1,0.95,0.1,0.1,0.1,-1,-1,0.290998,0.343005
1,2,-1,0.95,0.1,0.15,0.15,-1,-1,0.305838,0.317899
1,2,-1,0.95,0.1,0.2,0.2,-1,-1,0.323477,0.290973
1,2,-1,0.95,0.1,0.25,0.25,-1,-1,0.341396,0.266412
1,2,-1,0.95,0.1,0.3,0.3,-1,-1,0.358756,0.24167
1,2,-1,0.95,0.1,0.35,0.35,-1,-1,0.380876,0.217837
1,2,-1,0.95,0.1,0.4,0.4,-1,-1,0.406074,0.192913
1,2,-1,0.95,0.1,0.45,0.45,-1,-1,0.441913,0.166533
1,2,-1,0.95,0.1,0.5,0.5,-1,-1,0.480832,0.142883
1,2,-1,0.95,0.1,0.55,0.55,-1,-1,0.511631,0.126145
1,2,-1,0.95,0.1,0.6,0.6,-1,-1,0.54243,0.109771
1,2,-1,0.95,0.1,0.65,0.65,-1,-1,0.57267,0.093762
1,2,-1,0.95,0.1,0.7,0.7,-1,-1,0.611028,0.078298
1,2,-1,0.95,0.1,0.75,0.75,-1,-1,0.643787,0.065017
1,2,-1,0.95,0.1,0.8,0.8,-1,-1,0.683826,0.051554
1,2,-1,0.95,0.1,0.85,0.85,-1,-1,0.719665,0.039365
1,2,-1,0.95,0.1,0.9,0.9,-1,-1,0.757464,0.02954
1,2,-1,0.95,0.1,0.95,0.95,-1,-1,0.803382,0.019352
1,2,-1,0.95,0.1,1.0,1.0,-1,-1,0.935538,0.000432
1,2,-1,1.0,0.1,0.05,0.05,-1,-1,0.277076,0.374976
1,2,-1,1.0,0.1,0.1,0.1,-1,-1,0.293346,0.342924
1,2,-1,1.0,0.1,0.15,0.15,-1,-1,0.309615,0.317792
1,2,-1,1.0,0.1,0.2,0.2,-1,-1,0.328955,0.290839
1,2,-1,1.0,0.1,0.25,0.25,-1,-1,0.348601,0.266253
1,2,-1,1.0,0.1,0.3,0.3,-1,-1,0.367634,0.241485
1,2,-1,1.0,0.1,0.35,0.35,-1,-1,0.391885,0.217628
1,2,-1,1.0,0.1,0.4,0.4,-1,-1,0.419512,0.192678
1,2,-1,1.0,0.1,0.45,0.45,-1,-1,0.458805,0.166272
1,2,-1,1.0,0.1,0.5,0.5,-1,-1,0.501474,0.142597
1,2,-1,1.0,0.1,0.55,0.55,-1,-1,0.535241,0.125842
1,2,-1,1.0,0.1,0.6,0.6,-1,-1,0.569008,0.109451
1,2,-1,1.0,0.1,0.65,0.65,-1,-1,0.602162,0.093425
1,2,-1,1.0,0.1,0.7,0.7,-1,-1,0.644217,0.077945
1,2,-1,1.0,0.1,0.75,0.75,-1,-1,0.680133,0.064651
1,2,-1,1.0,0.1,0.8,0.8,-1,-1,0.72403,0.051174
1,2,-1,1.0,0.1,0.85,0.85,-1,-1,0.763323,0.038973
1,2,-1,1.0,0.1,0.9,0.9,-1,-1,0.804765,0.029138
1,2,-1,1.0,0.1,0.95,0.95,-1,-1,0.855108,0.01894
1,2,-1,1.0,0.1,1.0,1.0,-1,-1,1.0,0.0
1,2,-1,0.15,0.15,0.05,0.05,-1,-1,0.359983,0.308423
1,2,-1,0.15,0.15,0.1,0.1,-1,-1,0.359983,0.308423
1,2,-1,0.15,0.15,0.15,0.15,-1,-1,0.359983,0.308423
1,2,-1,0.15,0.15,0.2,0.2,-1,-1,0.359983,0.308423
1,2,-1,0.15,0.15,0.25,0.25,-1,-1,0.359983,0.308423
1,2,-1,0.15,0.15,0.3,0.3,-1,-1,0.359983,0.308423
1,2,-1,0.15,0.15,0.35,0.35,-1,-1,0.359983,0.308423
1,2,-1,0.15,0.15,0.4,0.4,-1,-1,0.359983,0.308423
1,2,-1,0.15,0.15,0.45,0.45,-1,-1,0.359983,0.308423
1,2,-1,0.15,0.15,0.5,0.5,-1,-1,0.359983,0.308423
1,2,-1,0.15,0.15,0.55,0.55,-1,-1,0.359983,0.308423
1,2,-1,0.15,0.15,0.6,0.6,-1,-1,0.359983,0.308423
1,2,-1,0.15,0.15,0.65,0.65,-1,-1,0.359983,0.308423
1,2,-1,0.15,0.15,0.7,0.7,-1,-1,0.359983,0.308423
1,2,-1,0.15,0.15,0.75,0.75,-1,-1,0.359983,0.308423
1,2,-1,0.15,0.15,0.8,0.8,-1,-1,0.359983,0.308423
1,2,-1,0.15,0.15,0.85,0.85,-1,-1,0.359983,0.308423
1,2,-1,0.15,0.15,0.9,0.9,-1,-1,0.359983,0.308423
1,2,-1,0.15,0.15,0.95,0.95,-1,-1,0.359983,0.308423
1,2,-1,0.15,0.15,1.0,1.0,-1,-1,0.359983,0.308423
1,2,-1,0.2,0.15,0.05,0.05,-1,-1,0.360942,0.299873
1,2,-1,0.2,0.15,0.1,0.1,-1,-1,0.362437,0.293994
1,2,-1,0.2,0.15,0.15,0.15,-1,-1,0.363932,0.289385
1,2,-1,0.2,0.15,0.2,0.2,-1,-1,0.36571,0.284442
1,2,-1,0.2,0.15,0.25,0.25,-1,-1,0.367515,0.279933
1,2,-1,0.2,0.15,0.3,0.3,-1,-1,0.369264,0.27539
1,2,-1,0.2,0.15,0.35,0.35,-1,-1,0.371492,0.271015
1,2,-1,0.2,0.15,0.4,0.4,-1,-1,0.374031,0.266439
1,2,-1,0.2,0.15,0.45,0.45,-1,-1,0.377642,0.261596
1,2,-1,0.2,0.15,0.5,0.5,-1,-1,0.381563,0.257254
1,2,-1,0.2,0.15,0.55,0.55,-1,-1,0.384666,0.254181
1,2,-1,0.2,0.15,0.6,0.6,-1,-1,0.387769,0.251175
1,2,-1,0.2,0.15,0.65,0.65,-1,-1,0.390816,0.248236
1,2,-1,0.2,0.15,0.7,0.7,-1,-1,0.39468,0.245397
1,2,-1,0.2,0.15,0.75,0.75,-1,-1,0.397981,0.242959
1,2,-1,0.2,0.15,0.8,0.8,-1,-1,0.402015,0.240487
1,2,-1,0.2,0.15,0.85,0.85,-1,-1,0.405626,0.23825
1,2,-1,0.2,0.15,0.9,0.9,-1,-1,0.409434,0.236446
1,2,-1,0.2,0.15,0.95,0.95,-1,-1,0.41406,0.234576
1,2,-1,0.2,0.15,1.0,1.0,-1,-1,0.427375,0.231102
1,2,-1,0.25,0.15,0.05,0.05,-1,-1,0.361943,0.293233
1,2,-1,0.25,0.15,0.1,0.1,-1,-1,0.364998,0.282789
1,2,-1,0.25,0.15,0.15,0.15,-1,-1,0.368053,0.274601
1,2,-1,0.25,0.15,0.2,0.2,-1,-1,0.371685,0.265819
1,2,-1,0.25,0.15,0.25,0.25,-1,-1,0.375374,0.257809
1,2,-1,0.25,0.15,0.3,0.3,-1,-1,0.378948,0.249739
1,2,-1,0.25,0.15,0.35,0.35,-1,-1,0.383502,0.241966
1,2,-1,0.25,0.15,0.4,0.4,-1,-1,0.38869,0.233836
1,2,-1,0.25,0.15,0.45,0.45,-1,-1,0.396069,0.225233
1,2,-1,0.25,0.15,0.5,0.5,-1,-1,0.404082,0.217519
1,2,-1,0.25,0.15,0.55,0.55,-1,-1,0.410423,0.21206
1,2,-1,0.25,0.15,0.6,0.6,-1,-1,0.416764,0.206719
1,2,-1,0.25,0.15,0.65,0.65,-1,-1,0.42299,0.201498
1,2,-1,0.25,0.15,0.7,0.7,-1,-1,0.430887,0.196454
1,2,-1,0.25,0.15,0.75,0.75,-1,-1,0.437631,0.192123
1,2,-1,0.25,0.15,0.8,0.8,-1,-1,0.445875,0.187732
1,2,-1,0.25,0.15,0.85,0.85,-1,-1,0.453253,0.183756
1,2,-1,0.25,0.15,0.9,0.9,-1,-1,0.461036,0.180552
1,2,-1,0.25,0.15,0.95,0.95,-1,-1,0.470489,0.177229
1,2,-1,0.25,0.15,1.0,1.0,-1,-1,0.497698,0.171058
1,2,-1,0.3,0.15,0.05,0.05,-1,-1,0.362747,0.289555
1,2,-1,0.3,0.15,0.1,0.1,-1,-1,0.367056,0.276583
1,2,-1,0.3,0.15,0.15,0.15,-1,-1,0.371365,0.266411
1,2,-1,0.3,0.15,0.2,0.2,-1,-1,0.376487,0.255503
1,2,-1,0.3,0.15,0.25,0.25,-1,-1,0.38169,0.245553
1,2,-1,0.3,0.15,0.3,0.3,-1,-1,0.386731,0.235529
1,2,-1,0.3,0.15,0.35,0.35,-1,-1,0.393153,0.225874
1,2,-1,0.3,0.15,0.4,0.4,-1,-1,0.40047,0.215776
1,2,-1,0.3,0.15,0.45,0.45,-1,-1,0.410876,0.205089
1,2,-1,0.3,0.15,0.5,0.5,-1,-1,0.422177,0.195508
1,2,-1,0.3,0.15,0.55,0.55,-1,-1,0.43112,0.188727
1,2,-1,0.3,0.15,0.6,0.6,-1,-1,0.440063,0.182093
1,2,-1,0.3,0.15,0.65,0.65,-1,-1,0.448843,0.175607
1,2,-1,0.3,0.15,0.7,0.7,-1,-1,0.459981,0.169343
1,2,-1,0.3,0.15,0.75,0.75,-1,-1,0.469493,0.163962
1,2,-1,0.3,0.15,0.8,0.8,-1,-1,0.481119,0.158508
1,2,-1,0.3,0.15,0.85,0.85,-1,-1,0.491525,0.15357
1,2,-1,0.3,0.15,0.9,0.9,-1,-1,0.502501,0.14959
1,2,-1,0.3,0.15,0.95,0.95,-1,-1,0.515834,0.145462
1,2,-1,0.3,0.15,1.0,1.0,-1,-1,0.554207,0.137797
1,2,-1,0.35,0.15,0.05,0.05,-1,-1,0.363319,0.285924
1,2,-1,0.35,0.15,0.1,0.1,-1,-1,0.368519,0.270456
1,2,-1,0.35,0.15,0.15,0.15,-1,-1,0.37372,0.258328
1,2,-1,0.35,0.15,0.2,0.2,-1,-1,0.379901,0.245321
1,2,-1,0.35,0.15,0.25,0.25,-1,-1,0.386181,0.233457
1,2,-1,0.35,0.15,0.3,0.3,-1,-1,0.392264,0.221504
1,2,-1,0.35,0.15,0.35,0.35,-1,-1,0.400016,0.209991
1,2,-1,0.35,0.15,0.4,0.4,-1,-1,0.408847,0.197951
1,2,-1,0.35,0.15,0.45,0.45,-1,-1,0.421406,0.185207
1,2,-1,0.35,0.15,0.5,0.5,-1,-1,0.435045,0.173782
1,2,-1,0.35,0.15,0.55,0.55,-1,-1,0.445838,0.165697
1,2,-1,0.35,0.15,0.6,0.6,-1,-1,0.456631,0.157787
1,2,-1,0.35,0.15,0.65,0.65,-1,-1,0.467228,0.150053
1,2,-1,0.35,0.15,0.7,0.7,-1,-1,0.48067,0.142583
1,2,-1,0.35,0.15,0.75,0.75,-1,-1,0.49215,0.136167
1,2,-1,0.35,0.15,0.8,0.8,-1,-1,0.506181,0.129664
1,2,-1,0.35,0.15,0.85,0.85,-1,-1,0.518741,0.123776
1,2,-1,0.35,0.15,0.9,0.9,-1,-1,0.531987,0.11903
1,2,-1,0.35,0.15,0.95,0.95,-1,-1,0.548079,0.114108
1,2,-1,0.35,0.15,1.0,1.0,-1,-1,0.594391,0.104968
1,2,-1,0.4,0.15,0.05,0.05,-1,-1,0.363974,0.283297
1,2,-1,0.4,0.15,0.1,0.1,-1,-1,0.370196,0.266023
1,2,-1,0.4,0.15,0.15,0.15,-1,-1,0.376418,0.252479
1,2,-1,0.4,0.15,0.2,0.2,-1,-1,0.383814,0.237953
1,2,-1,0.4,0.15,0.25,0.25,-1,-1,0.391327,0.224703
1,2,-1,0.4,0.15,0.3,0.3,-1,-1,0.398605,0.211354
1,2,-1,0.4,0.15,0.35,0.35,-1,-1,0.407879,0.198497
1,2,-1,0.4,0.15,0.4,0.4,-1,-1,0.418445,0.185051
1,2,-1,0.4,0.15,0.45,0.45,-1,-1,0.433471,0.170819
1,2,-1,0.4,0.15,0.5,0.5,-1,-1,0.449789,0.15806
1,2,-1,0.4,0.15,0.55,0.55,-1,-1,0.462702,0.14903
1,2,-1,0.4,0.15,0.6,0.6,-1,-1,0.475615,0.140197
1,2,-1,0.4,0.15,0.65,0.65,-1,-1,0.488294,0.13156
1,2,-1,0.4,0.15,0.7,0.7,-1,-1,0.504377,0.123217
1,2,-1,0.4,0.15,0.75,0.75,-1,-1,0.518111,0.116053
1,2,-1,0.4,0.15,0.8,0.8,-1,-1,0.534899,0.10879
1,2,-1,0.4,0.15,0.85,0.85,-1,-1,0.549925,0.102214
1,2,-1,0.4,0.15,0.9,0.9,-1,-1,0.565773,0.096914
1,2,-1,0.4,0.15,0.95,0.95,-1,-1,0.585026,0.091417
1,2,-1,0.4,0.15,1.0,1.0,-1,-1,0.640435,0.08121
1,2,-1,0.45,0.15,0.05,0.05,-1,-1,0.364457,0.281004
1,2,-1,0.45,0.15,0.1,0.1,-1,-1,0.371431,0.262154
1,2,-1,0.45,0.15,0.15,0.15,-1,-1,0.378405,0.247373
1,2,-1,0.45,0.15,0.2,0.2,-1,-1,0.386695,0.231522
1,2,-1,0.45,0.15,0.25,0.25,-1,-1,0.395116,0.217062
1,2,-1,0.45,0.15,0.3,0.3,-1,-1,0.403275,0.202496
1,2,-1,0.45,0.15,0.35,0.35,-1,-1,0.41367,0.188466
1,2,-1,0.45,0.15,0.4,0.4,-1,-1,0.425512,0.173792
1,2,-1,0.45,0.15,0.45,0.45,-1,-1,0.442355,0.158262
1,2,-1,0.45,0.15,0.5,0.5,-1,-1,0.460646,0.144338
1,2,-1,0.45,0.15,0.55,0.55,-1,-1,0.47512,0.134485
1,2,-1,0.45,0.15,0.6,0.6,-1,-1,0.489595,0.124845
1,2,-1,0.45,0.15,0.65,0.65,-1,-1,0.503806,0.11542
1,2,-1,0.45,0.15,0.7,0.7,-1,-1,0.521833,0.106316
1,2,-1,0.45,0.15,0.75,0.75,-1,-1,0.537229,0.098497
1,2,-1,0.45,0.15,0.8,0.8,-1,-1,0.556046,0.090571
1,2,-1,0.45,0.15,0.85,0.85,-1,-1,0.572889,0.083396
1,2,-1,0.45,0.15,0.9,0.9,-1,-1,0.590653,0.077612
1,2,-1,0.45,0.15,0.95,0.95,-1,-1,0.612233,0.071614
1,2,-1,0.45,0.15,1.0,1.0,-1,-1,0.674341,0.060475
1,2,-1,0.5,0.15,0.05,0.05,-1,-1,0.365017,0.279523
1,2,-1,0.5,0.15,0.1,0.1,-1,-1,0.372864,0.259655
1,2,-1,0.5,0.15,0.15,0.15,-1,-1,0.380711,0.244076
1,2,-1,0.5,0.15,0.2,0.2,-1,-1,0.390038,0.227368
1,2,-1,0.5,0.15,0.25,0.25,-1,-1,0.399514,0.212128
1,2,-1,0.5,0.15,0.3,0.3,-1,-1,0.408693,0.196775
1,2,-1,0.5,0.15,0.35,0.35,-1,-1,0.42039,0.181987
1,2,-1,0.5,0.15,0.4,0.4,-1,-1,0.433715,0.166521
1,2,-1,0.5,0.15,0.45,0.45,-1,-1,0.452666,0.150152
1,2,-1,0.5,0.15,0.5,0.5,-1,-1,0.473246,0.135476
1,2,-1,0.5,0.15,0.55,0.55,-1,-1,0.489532,0.125091
1,2,-1,0.5,0.15,0.6,0.6,-1,-1,0.505818,0.11493
1,2,-1,0.5,0.15,0.65,0.65,-1,-1,0.521808,0.104996
1,2,-1,0.5,0.15,0.7,0.7,-1,-1,0.542092,0.095401
1,2,-1,0.5,0.15,0.75,0.75,-1,-1,0.559414,0.08716
1,2,-1,0.5,0.15,0.8,0.8,-1,-1,0.580586,0.078806
1,2,-1,0.5,0.15,0.85,0.85,-1,-1,0.599537,0.071242
1,2,-1,0.5,0.15,0.9,0.9,-1,-1,0.619525,0.065146
1,2,-1,0.5,0.15,0.95,0.95,-1,-1,0.643806,0.058824
1,2,-1,0.5,0.15,1.0,1.0,-1,-1,0.713688,0.047084
1,2,-1,0.55,0.15,0.05,0.05,-1,-1,0.365434,0.278186
1,2,-1,0.55,0.15,0.1,0.1,-1,-1,0.373931,0.257398
1,2,-1,0.55,0.15,0.15,0.15,-1,-1,0.382428,0.241098
1,2,-1,0.55,0.15,0.2,0.2,-1,-1,0.392528,0.223617
1,2,-1,0.55,0.15,0.25,0.25,-1,-1,0.402789,0.207672
1,2,-1,0.55,0.15,0.3,0.3,-1,-1,0.412729,0.191608
1,2,-1,0.55,0.15,0.35,0.35,-1,-1,0.425394,0.176135
1,2,-1,0.55,0.15,0.4,0.4,-1,-1,0.439823,0.159954
1,2,-1,0.55,0.15,0.45,0.45,-1,-1,0.460344,0.142827
1,2,-1,0.55,0.15,0.5,0.5,-1,-1,0.482628,0.127472
1,2,-1,0.55,0.15,0.55,0.55,-1,-1,0.500264,0.116606
1,2,-1,0.55,0.15,0.6,0.6,-1,-1,0.517899,0.105975
1,2,-1,0.55,0.15,0.65,0.65,-1,-1,0.535214,0.095581
1,2,-1,0.55,0.15,0.7,0.7,-1,-1,0.557177,0.085542
1,2,-1,0.55,0.15,0.75,0.75,-1,-1,0.575935,0.07692
1,2,-1,0.55,0.15,0.8,0.8,-1,-1,0.598861,0.068179
1,2,-1,0.55,0.15,0.85,0.85,-1,-1,0.619382,0.060266
1,2,-1,0.55,0.15,0.9,0.9,-1,-1,0.641025,0.053887
1,2,-1,0.55,0.15,0.95,0.95,-1,-1,0.667318,0.047273
1,2,-1,0.55,0.15,1.0,1.0,-1,-1,0.742989,0.034989
1,2,-1,0.6,0.15,0.05,0.05,-1,-1,0.365869,0.277422
1,2,-1,0.6,0.15,0.1,0.1,-1,-1,0.375044,0.256108
1,2,-1,0.6,0.15,0.15,0.15,-1,-1,0.384219,0.239396
1,2,-1,0.6,0.15,0.2,0.2,-1,-1,0.395125,0.221474
1,2,-1,0.6,0.15,0.25,0.25,-1,-1,0.406204,0.205125
1,2,-1,0.6,0.15,0.3,0.3,-1,-1,0.416937,0.188656
1,2,-1,0.6,0.15,0.35,0.35,-1,-1,0.430612,0.172792
1,2,-1,0.6,0.15,0.4,0.4,-1,-1,0.446192,0.156201
1,2,-1,0.6,0.15,0.45,0.45,-1,-1,0.46835,0.138642
1,2,-1,0.6,0.15,0.5,0.5,-1,-1,0.492413,0.122899
1,2,-1,0.6,0.15,0.55,0.55,-1,-1,0.511455,0.111758
1,2,-1,0.6,0.15,0.6,0.6,-1,-1,0.530497,0.100859
1,2,-1,0.6,0.15,0.65,0.65,-1,-1,0.549193,0.090202
1,2,-1,0.6,0.15,0.7,0.7,-1,-1,0.57291,0.079908
1,2,-1,0.6,0.15,0.75,0.75,-1,-1,0.593163,0.071068
1,2,-1,0.6,0.15,0.8,0.8,-1,-1,0.617918,0.062107
1,2,-1,0.6,0.15,0.85,0.85,-1,-1,0.640077,0.053993
1,2,-1,0.6,0.15,0.9,0.9,-1,-1,0.663447,0.047454
1,2,-1,0.6,0.15,0.95,0.95,-1,-1,0.691837,0.040672
1,2,-1,0.6,0.15,1.0,1.0,-1,-1,0.773545,0.028078
1,2,-1,0.65,0.15,0.05,0.05,-1,-1,0.366286,0.276992
1,2,-1,0.65,0.15,0.1,0.1,-1,-1,0.376111,0.255383
1,2,-1,0.65,0.15,0.15,0.15,-1,-1,0.385936,0.238439
1,2,-1,0.65,0.15,0.2,0.2,-1,-1,0.397614,0.220268
1,2,-1,0.65,0.15,0.25,0.25,-1,-1,0.409478,0.203693
1,2,-1,0.65,0.15,0.3,0.3,-1,-1,0.420972,0.186995
1,2,-1,0.65,0.15,0.35,0.35,-1,-1,0.435616,0.170911
1,2,-1,0.65,0.15,0.4,0.4,-1,-1,0.4523,0.15409
1,2,-1,0.65,0.15,0.45,0.45,-1,-1,0.476028,0.136287
1,2,-1,0.65,0.15,0.5,0.5,-1,-1,0.501796,0.120326
1,2,-1,0.65,0.15,0.55,0.55,-1,-1,0.522187,0.10903
1,2,-1,0.65,0.15,0.6,0.6,-1,-1,0.542578,0.09798
1,2,-1,0.65,0.15,0.65,0.65,-1,-1,0.562599,0.087175
1,2,-1,0.65,0.15,0.7,0.7,-1,-1,0.587995,0.076739
1,2,-1,0.65,0.15,0.75,0.75,-1,-1,0.609684,0.067777
1,2,-1,0.65,0.15,0.8,0.8,-1,-1,0.636193,0.058691
1,2,-1,0.65,0.15,0.85,0.85,-1,-1,0.659921,0.050465
1,2,-1,0.65,0.15,0.9,0.9,-1,-1,0.684947,0.043834
1,2,-1,0.65,0.15,0.95,0.95,-1,-1,0.715349,0.036959
1,2,-1,0.65,0.15,1.0,1.0,-1,-1,0.802846,0.02419
1,2,-1,0.7,0.15,0.05,0.05,-1,-1,0.366584,0.276275
1,2,-1,0.7,0.15,0.1,0.1,-1,-1,0.376873,0.254174
1,2,-1,0.7,0.15,0.15,0.15,-1,-1,0.387162,0.236844
1,2,-1,0.7,0.15,0.2,0.2,-1,-1,0.399393,0.218258
1,2,-1,0.7,0.15,0.25,0.25,-1,-1,0.411817,0.201305
1,2,-1,0.7,0.15,0.3,0.3,-1,-1,0.423854,0.184227
1,2,-1,0.7,0.15,0.35,0.35,-1,-1,0.439191,0.167776
1,2,-1,0.7,0.15,0.4,0.4,-1,-1,0.456663,0.150572
1,2,-1,0.7,0.15,0.45,0.45,-1,-1,0.481513,0.132363
1,2,-1,0.7,0.15,0.5,0.5,-1,-1,0.508498,0.116038
1,2,-1,0.7,0.15,0.55,0.55,-1,-1,0.529853,0.104485
1,2,-1,0.7,0.15,0.6,0.6,-1,-1,0.551208,0.093183
1,2,-1,0.7,0.15,0.65,0.65,-1,-1,0.572175,0.082132
1,2,-1,0.7,0.15,0.7,0.7,-1,-1,0.598771,0.071458
1,2,-1,0.7,0.15,0.75,0.75,-1,-1,0.621485,0.062291
1,2,-1,0.7,0.15,0.8,0.8,-1,-1,0.649247,0.052998
1,2,-1,0.7,0.15,0.85,0.85,-1,-1,0.674097,0.044585
1,2,-1,0.7,0.15,0.9,0.9,-1,-1,0.700305,0.037803
1,2,-1,0.7,0.15,0.95,0.95,-1,-1,0.732143,0.030771
1,2,-1,0.7,0.15,1.0,1.0,-1,-1,0.823776,0.017711
1,2,-1,0.75,0.15,0.05,0.05,-1,-1,0.366935,0.275845
1,2,-1,0.75,0.15,0.1,0.1,-1,-1,0.377772,0.253448
1,2,-1,0.75,0.15,0.15,0.15,-1,-1,0.388609,0.235887
1,2,-1,0.75,0.15,0.2,0.2,-1,-1,0.401491,0.217053
1,2,-1,0.75,0.15,0.25,0.25,-1,-1,0.414578,0.199873
1,2,-1,0.75,0.15,0.3,0.3,-1,-1,0.427255,0.182566
1,2,-1,0.75,0.15,0.35,0.35,-1,-1,0.443409,0.165895
1,2,-1,0.75,0.15,0.4,0.4,-1,-1,0.461811,0.148461
1,2,-1,0.75,0.15,0.45,0.45,-1,-1,0.487984,0.130009
1,2,-1,0.75,0.15,0.5,0.5,-1,-1,0.516406,0.113465
1,2,-1,0.75,0.15,0.55,0.55,-1,-1,0.538898,0.101758
1,2,-1,0.75,0.15,0.6,0.6,-1,-1,0.56139,0.090304
1,2,-1,0.75,0.15,0.65,0.65,-1,-1,0.583474,0.079106
1,2,-1,0.75,0.15,0.7,0.7,-1,-1,0.611486,0.068289
1,2,-1,0.75,0.15,0.75,0.75,-1,-1,0.63541,0.058999
1,2,-1,0.75,0.15,0.8,0.8,-1,-1,0.66465,0.049582
1,2,-1,0.75,0.15,0.85,0.85,-1,-1,0.690822,0.041056
1,2,-1,0.75,0.15,0.9,0.9,-1,-1,0.718426,0.034184
1,2,-1,0.75,0.15,0.95,0.95,-1,-1,0.75196,0.027058
1,2,-1,0.75,0.15,1.0,1.0,-1,-1,0.848472,0.013823
1,2,-1,0.8,0.15,0.05,0.05,-1,-1,0.367173,0.275081
1,2,-1,0.8,0.15,0.1,0.1,-1,-1,0.378382,0.252158
1,2,-1,0.8,0.15,0.15,0.15,-1,-1,0.389591,0.234185
1,2,-1,0.8,0.15,0.2,0.2,-1,-1,0.402914,0.214909
1,2,-1,0.8,0.15,0.25,0.25,-1,-1,0.416449,0.197326
1,2,-1,0.8,0.15,0.3,0.3,-1,-1,0.429561,0.179613
1,2,-1,0.8,0.15,0.35,0.35,-1,-1,0.446268,0.162551
1,2,-1,0.8,0.15,0.4,0.4,-1,-1,0.465301,0.144708
1,2,-1,0.8,0.15,0.45,0.45,-1,-1,0.492371,0.125823
1,2,-1,0.8,0.15,0.5,0.5,-1,-1,0.521768,0.108891
1,2,-1,0.8,0.15,0.55,0.55,-1,-1,0.545031,0.096909
1,2,-1,0.8,0.15,0.6,0.6,-1,-1,0.568294,0.085187
1,2,-1,0.8,0.15,0.65,0.65,-1,-1,0.591134,0.073725
1,2,-1,0.8,0.15,0.7,0.7,-1,-1,0.620107,0.062655
1,2,-1,0.8,0.15,0.75,0.75,-1,-1,0.644851,0.053147
1,2,-1,0.8,0.15,0.8,0.8,-1,-1,0.675093,0.043509
1,2,-1,0.8,0.15,0.85,0.85,-1,-1,0.702163,0.034783
1,2,-1,0.8,0.15,0.9,0.9,-1,-1,0.730713,0.02775
1,2,-1,0.8,0.15,0.95,0.95,-1,-1,0.765396,0.020456
1,2,-1,0.8,0.15,1.0,1.0,-1,-1,0.865216,0.006911
1,2,-1,0.85,0.15,0.05,0.05,-1,-1,0.367483,0.274747
1,2,-1,0.85,0.15,0.1,0.1,-1,-1,0.379175,0.251594
1,2,-1,0.85,0.15,0.15,0.15,-1,-1,0.390866,0.23344
1,2,-1,0.85,0.15,0.2,0.2,-1,-1,0.404764,0.213971
1,2,-1,0.85,0.15,0.25,0.25,-1,-1,0.418881,0.196212
1,2,-1,0.85,0.15,0.3,0.3,-1,-1,0.432559,0.178321
1,2,-1,0.85,0.15,0.35,0.35,-1,-1,0.449985,0.161089
1,2,-1,0.85,0.15,0.4,0.4,-1,-1,0.469839,0.143066
1,2,-1,0.85,0.15,0.45,0.45,-1,-1,0.498075,0.123992
1,2,-1,0.85,0.15,0.5,0.5,-1,-1,0.528738,0.106891
1,2,-1,0.85,0.15,0.55,0.55,-1,-1,0.553003,0.094788
1,2,-1,0.85,0.15,0.6,0.6,-1,-1,0.577268,0.082949
1,2,-1,0.85,0.15,0.65,0.65,-1,-1,0.601092,0.071372
1,2,-1,0.85,0.15,0.7,0.7,-1,-1,0.631314,0.060191
1,2,-1,0.85,0.15,0.75,0.75,-1,-1,0.657123,0.050588
1,2,-1,0.85,0.15,0.8,0.8,-1,-1,0.688668,0.040853
1,2,-1,0.85,0.15,0.85,0.85,-1,-1,0.716904,0.03204
1,2,-1,0.85,0.15,0.9,0.9,-1,-1,0.746684,0.024936
1,2,-1,0.85,0.15,0.95,0.95,-1,-1,0.782862,0.017569
1,2,-1,0.85,0.15,1.0,1.0,-1,-1,0.886982,0.003888
1,2,-1,0.9,0.15,0.05,0.05,-1,-1,0.367763,0.274556
1,2,-1,0.9,0.15,0.1,0.1,-1,-1,0.379891,0.251272
1,2,-1,0.9,0.15,0.15,0.15,-1,-1,0.392019,0.233015
1,2,-1,0.9,0.15,0.2,0.2,-1,-1,0.406435,0.213435
1,2,-1,0.9,0.15,0.25,0.25,-1,-1,0.42108,0.195575
1,2,-1,0.9,0.15,0.3,0.3,-1,-1,0.435268,0.177583
1,2,-1,0.9,0.15,0.35,0.35,-1,-1,0.453345,0.160253
1,2,-1,0.9,0.15,0.4,0.4,-1,-1,0.47394,0.142128
1,2,-1,0.9,0.15,0.45,0.45,-1,-1,0.50323,0.122945
1,2,-1,0.9,0.15,0.5,0.5,-1,-1,0.535038,0.105747
1,2,-1,0.9,0.15,0.55,0.55,-1,-1,0.560209,0.093576
1,2,-1,0.9,0.15,0.6,0.6,-1,-1,0.58538,0.081669
1,2,-1,0.9,0.15,0.65,0.65,-1,-1,0.610094,0.070027
1,2,-1,0.9,0.15,0.7,0.7,-1,-1,0.641443,0.058782
1,2,-1,0.9,0.15,0.75,0.75,-1,-1,0.668216,0.049125
1,2,-1,0.9,0.15,0.8,0.8,-1,-1,0.700939,0.039335
1,2,-1,0.9,0.15,0.85,0.85,-1,-1,0.730229,0.030471
1,2,-1,0.9,0.15,0.9,0.9,-1,-1,0.761121,0.023327
1,2,-1,0.9,0.15,0.95,0.95,-1,-1,0.798649,0.015919
1,2,-1,0.9,0.15,1.0,1.0,-1,-1,0.906656,0.00216
1,2,-1,0.95,0.15,0.05,0.05,-1,-1,0.368174,0.274364
1,2,-1,0.95,0.15,0.1,0.1,-1,-1,0.380943,0.250949
1,2,-1,0.95,0.15,0.15,0.15,-1,-1,0.393712,0.232589
1,2,-1,0.95,0.15,0.2,0.2,-1,-1,0.40889,0.212899
1,2,-1,0.95,0.15,0.25,0.25,-1,-1,0.424308,0.194938
1,2,-1,0.95,0.15,0.3,0.3,-1,-1,0.439246,0.176845
1,2,-1,0.95,0.15,0.35,0.35,-1,-1,0.458278,0.159417
1,2,-1,0.95,0.15,0.4,0.4,-1,-1,0.47996,0.14119
1,2,-1,0.95,0.15,0.45,0.45,-1,-1,0.510798,0.121899
1,2,-1,0.95,0.15,0.5,0.5,-1,-1,0.544286,0.104603
1,2,-1,0.95,0.15,0.55,0.55,-1,-1,0.570787,0.092364
1,2,-1,0.95,0.15,0.6,0.6,-1,-1,0.597288,0.08039
1,2,-1,0.95,0.15,0.65,0.65,-1,-1,0.623307,0.068682
1,2,-1,0.95,0.15,0.7,0.7,-1,-1,0.656313,0.057374
1,2,-1,0.95,0.15,0.75,0.75,-1,-1,0.6845,0.047662
1,2,-1,0.95,0.15,0.8,0.8,-1,-1,0.718952,0.037817
1,2,-1,0.95,0.15,0.85,0.85,-1,-1,0.74979,0.028903
1,2,-1,0.95,0.15,0.9,0.9,-1,-1,0.782314,0.021718
1,2,-1,0.95,0.15,0.95,0.95,-1,-1,0.821824,0.014268
1,2,-1,0.95,0.15,1.0,1.0,-1,-1,0.935538,0.000432
1,2,-1,1.0,0.15,0.05,0.05,-1,-1,0.369092,0.274317
1,2,-1,1.0,0.15,0.1,0.1,-1,-1,0.38329,0.250868
1,2,-1,1.0,0.15,0.15,0.15,-1,-1,0.397489,0.232483
1,2,-1,1.0,0.15,0.2,0.2,-1,-1,0.414367,0.212765
1,2,-1,1.0,0.15,0.25,0.25,-1,-1,0.431513,0.194779
1,2,-1,1.0,0.15,0.3,0.3,-1,-1,0.448123,0.17666
1,2,-1,1.0,0.15,0.35,0.35,-1,-1,0.469287,0.159208
1,2,-1,1.0,0.15,0.4,0.4,-1,-1,0.493398,0.140955
1,2,-1,1.0,0.15,0.45,0.45,-1,-1,0.527689,0.121637
1,2,-1,1.0,0.15,0.5,0.5,-1,-1,0.564928,0.104318
1,2,-1,1.0,0.15,0.55,0.55,-1,-1,0.594397,0.092061
1,2,-1,1.0,0.15,0.6,0.6,-1,-1,0.623866,0.08007
1,2,-1,1.0,0.15,0.65,0.65,-1,-1,0.6528,0.068346
1,2,-1,1.0,0.15,0.7,0.7,-1,-1,0.689502,0.057022
1,2,-1,1.0,0.15,0.75,0.75,-1,-1,0.720846,0.047296
1,2,-1,1.0,0.15,0.8,0.8,-1,-1,0.759156,0.037437
1,2,-1,1.0,0.15,0.85,0.85,-1,-1,0.793448,0.028511
1,2,-1,1.0,0.15,0.9,0.9,-1,-1,0.829615,0.021316
1,2,-1,1.0,0.15,0.95,0.95,-1,-1,0.873551,0.013856
1,2,-1,1.0,0.15,1.0,1.0,-1,-1,1.0,0.0
1,2,-1,0.2,0.2,0.05,0.05,-1,-1,0.427375,0.231102
1,2,-1,0.2,0.2,0.1,0.1,-1,-1,0.427375,0.231102
1,2,-1,0.2,0.2,0.15,0.15,-1,-1,0.427375,0.231102
1,2,-1,0.2,0.2,0.2,0.2,-1,-1,0.427375,0.231102
1,2,-1,0.2,0.2,0.25,0.25,-1,-1,0.427375,0.231102
1,2,-1,0.2,0.2,0.3,0.3,-1,-1,0.427375,0.231102
1,2,-1,0.2,0.2,0.35,0.35,-1,-1,0.427375,0.231102
1,2,-1,0.2,0.2,0.4,0.4,-1,-1,0.427375,0.231102
1,2,-1,0.2,0.2,0.45,0.45,-1,-1,0.427375,0.231102
1,2,-1,0.2,0.2,0.5,0.5,-1,-1,0.427375,0.231102
1,2,-1,0.2,0.2,0.55,0.55,-1,-1,0.427375,0.231102
1,2,-1,0.2,0.2,0.6,0.6,-1,-1,0.427375,0.231102
1,2,-1,0.2,0.2,0.65,0.65,-1,-1,0.427375,0.231102
1,2,-1,0.2,0.2,0.7,0.7,-1,-1,0.427375,0.231102
1,2,-1,0.2,0.2,0.75,0.75,-1,-1,0.427375,0.231102
1,2,-1,0.2,0.2,0.8,0.8,-1,-1,0.427375,0.231102
1,2,-1,0.2,0.2,0.85,0.85,-1,-1,0.427375,0.231102
1,2,-1,0.2,0.2,0.9,0.9,-1,-1,0.427375,0.231102
1,2,-1,0.2,0.2,0.95,0.95,-1,-1,0.427375,0.231102
1,2,-1,0.2,0.2,1.0,1.0,-1,-1,0.427375,0.231102
1,2,-1,0.25,0.2,0.05,0.05,-1,-1,0.428376,0.224462
1,2,-1,0.25,0.2,0.1,0.1,-1,-1,0.429936,0.219897
1,2,-1,0.25,0.2,0.15,0.15,-1,-1,0.431496,0.216318
1,2,-1,0.25,0.2,0.2,0.2,-1,-1,0.433351,0.212479
1,2,-1,0.25,0.2,0.25,0.25,-1,-1,0.435234,0.208978
1,2,-1,0.25,0.2,0.3,0.3,-1,-1,0.43706,0.20545
1,2,-1,0.25,0.2,0.35,0.35,-1,-1,0.439385,0.202053
1,2,-1,0.25,0.2,0.4,0.4,-1,-1,0.442034,0.198499
1,2,-1,0.25,0.2,0.45,0.45,-1,-1,0.445802,0.194738
1,2,-1,0.25,0.2,0.5,0.5,-1,-1,0.449894,0.191367
1,2,-1,0.25,0.2,0.55,0.55,-1,-1,0.453132,0.18898
1,2,-1,0.25,0.2,0.6,0.6,-1,-1,0.45637,0.186646
1,2,-1,0.25,0.2,0.65,0.65,-1,-1,0.459549,0.184364
1,2,-1,0.25,0.2,0.7,0.7,-1,-1,0.463581,0.182159
1,2,-1,0.25,0.2,0.75,0.75,-1,-1,0.467025,0.180266
1,2,-1,0.25,0.2,0.8,0.8,-1,-1,0.471235,0.178346
1,2,-1,0.25,0.2,0.85,0.85,-1,-1,0.475003,0.176609
1,2,-1,0.25,0.2,0.9,0.9,-1,-1,0.478977,0.175208
1,2,-1,0.25,0.2,0.95,0.95,-1,-1,0.483804,0.173755
1,2,-1,0.25,0.2,1.0,1.0,-1,-1,0.497698,0.171058
1,2,-1,0.3,0.2,0.05,0.05,-1,-1,0.42918,0.220784
1,2,-1,0.3,0.2,0.1,0.1,-1,-1,0.431994,0.21369
1,2,-1,0.3,0.2,0.15,0.15,-1,-1,0.434808,0.208128
1,2,-1,0.3,0.2,0.2,0.2,-1,-1,0.438152,0.202163
1,2,-1,0.3,0.2,0.25,0.25,-1,-1,0.44155,0.196722
1,2,-1,0.3,0.2,0.3,0.3,-1,-1,0.444842,0.191241
1,2,-1,0.3,0.2,0.35,0.35,-1,-1,0.449036,0.185961
1,2,-1,0.3,0.2,0.4,0.4,-1,-1,0.453814,0.180439
1,2,-1,0.3,0.2,0.45,0.45,-1,-1,0.460609,0.174595
1,2,-1,0.3,0.2,0.5,0.5,-1,-1,0.467989,0.169355
1,2,-1,0.3,0.2,0.55,0.55,-1,-1,0.473829,0.165647
1,2,-1,0.3,0.2,0.6,0.6,-1,-1,0.479669,0.16202
1,2,-1,0.3,0.2,0.65,0.65,-1,-1,0.485402,0.158473
1,2,-1,0.3,0.2,0.7,0.7,-1,-1,0.492676,0.155047
1,2,-1,0.3,0.2,0.75,0.75,-1,-1,0.498887,0.152105
1,2,-1,0.3,0.2,0.8,0.8,-1,-1,0.506479,0.149123
1,2,-1,0.3,0.2,0.85,0.85,-1,-1,0.513275,0.146422
1,2,-1,0.3,0.2,0.9,0.9,-1,-1,0.520442,0.144246
1,2,-1,0.3,0.2,0.95,0.95,-1,-1,0.529149,0.141989
1,2,-1,0.3,0.2,1.0,1.0,-1,-1,0.554207,0.137797
1,2,-1,0.35,0.2,0.05,0.05,-1,-1,0.429752,0.217154
1,2,-1,0.35,0.2,0.1,0.1,-1,-1,0.433457,0.207564
1,2,-1,0.35,0.2,0.15,0.15,-1,-1,0.437162,0.200045
1,2,-1,0.35,0.2,0.2,0.2,-1,-1,0.441567,0.191981
1,2,-1,0.35,0.2,0.25,0.25,-1,-1,0.446041,0.184626
1,2,-1,0.35,0.2,0.3,0.3,-1,-1,0.450376,0.177216
1,2,-1,0.35,0.2,0.35,0.35,-1,-1,0.455898,0.170078
1,2,-1,0.35,0.2,0.4,0.4,-1,-1,0.46219,0.162614
1,2,-1,0.35,0.2,0.45,0.45,-1,-1,0.471139,0.154713
1,2,-1,0.35,0.2,0.5,0.5,-1,-1,0.480857,0.14763
1,2,-1,0.35,0.2,0.55,0.55,-1,-1,0.488547,0.142617
1,2,-1,0.35,0.2,0.6,0.6,-1,-1,0.496237,0.137714
1,2,-1,0.35,0.2,0.65,0.65,-1,-1,0.503787,0.132919
1,2,-1,0.35,0.2,0.7,0.7,-1,-1,0.513365,0.128288
1,2,-1,0.35,0.2,0.75,0.75,-1,-1,0.521544,0.12431
1,2,-1,0.35,0.2,0.8,0.8,-1,-1,0.531542,0.120278
1,2,-1,0.35,0.2,0.85,0.85,-1,-1,0.54049,0.116628
1,2,-1,0.35,0.2,0.9,0.9,-1,-1,0.549928,0.113686
1,2,-1,0.35,0.2,0.95,0.95,-1,-1,0.561393,0.110634
1,2,-1,0.35,0.2,1.0,1.0,-1,-1,0.594391,0.104968
1,2,-1,0.4,0.2,0.05,0.05,-1,-1,0.430407,0.214526
1,2,-1,0.4,0.2,0.1,0.1,-1,-1,0.435134,0.203131
1,2,-1,0.4,0.2,0.15,0.15,-1,-1,0.439861,0.194196
1,2,-1,0.4,0.2,0.2,0.2,-1,-1,0.445479,0.184613
1,2,-1,0.4,0.2,0.25,0.25,-1,-1,0.451187,0.175872
1,2,-1,0.4,0.2,0.3,0.3,-1,-1,0.456717,0.167066
1,2,-1,0.4,0.2,0.35,0.35,-1,-1,0.463762,0.158584
1,2,-1,0.4,0.2,0.4,0.4,-1,-1,0.471788,0.149713
1,2,-1,0.4,0.2,0.45,0.45,-1,-1,0.483204,0.140325
1,2,-1,0.4,0.2,0.5,0.5,-1,-1,0.495601,0.131908
1,2,-1,0.4,0.2,0.55,0.55,-1,-1,0.505411,0.125951
1,2,-1,0.4,0.2,0.6,0.6,-1,-1,0.515221,0.120124
1,2,-1,0.4,0.2,0.65,0.65,-1,-1,0.524853,0.114426
1,2,-1,0.4,0.2,0.7,0.7,-1,-1,0.537071,0.108922
1,2,-1,0.4,0.2,0.75,0.75,-1,-1,0.547505,0.104196
1,2,-1,0.4,0.2,0.8,0.8,-1,-1,0.560259,0.099404
1,2,-1,0.4,0.2,0.85,0.85,-1,-1,0.571674,0.095066
1,2,-1,0.4,0.2,0.9,0.9,-1,-1,0.583714,0.09157
1,2,-1,0.4,0.2,0.95,0.95,-1,-1,0.59834,0.087944
1,2,-1,0.4,0.2,1.0,1.0,-1,-1,0.640435,0.08121
1,2,-1,0.45,0.2,0.05,0.05,-1,-1,0.43089,0.212234
1,2,-1,0.45,0.2,0.1,0.1,-1,-1,0.436369,0.199261
1,2,-1,0.45,0.2,0.15,0.15,-1,-1,0.441848,0.18909
1,2,-1,0.45,0.2,0.2,0.2,-1,-1,0.44836,0.178182
1,2,-1,0.45,0.2,0.25,0.25,-1,-1,0.454976,0.168232
1,2,-1,0.45,0.2,0.3,0.3,-1,-1,0.461386,0.158208
1,2,-1,0.45,0.2,0.35,0.35,-1,-1,0.469553,0.148552
1,2,-1,0.45,0.2,0.4,0.4,-1,-1,0.478856,0.138455
1,2,-1,0.45,0.2,0.45,0.45,-1,-1,0.492088,0.127768
1,2,-1,0.45,0.2,0.5,0.5,-1,-1,0.506458,0.118186
1,2,-1,0.45,0.2,0.55,0.55,-1,-1,0.517829,0.111405
1,2,-1,0.45,0.2,0.6,0.6,-1,-1,0.529201,0.104772
1,2,-1,0.45,0.2,0.65,0.65,-1,-1,0.540365,0.098286
1,2,-1,0.45,0.2,0.7,0.7,-1,-1,0.554528,0.092021
1,2,-1,0.45,0.2,0.75,0.75,-1,-1,0.566623,0.08664
1,2,-1,0.45,0.2,0.8,0.8,-1,-1,0.581406,0.081186
1,2,-1,0.45,0.2,0.85,0.85,-1,-1,0.594638,0.076248
1,2,-1,0.45,0.2,0.9,0.9,-1,-1,0.608594,0.072268
1,2,-1,0.45,0.2,0.95,0.95,-1,-1,0.625547,0.06814
1,2,-1,0.45,0.2,1.0,1.0,-1,-1,0.674341,0.060475
1,2,-1,0.5,0.2,0.05,0.05,-1,-1,0.43145,0.210753
1,2,-1,0.5,0.2,0.1,0.1,-1,-1,0.437802,0.196763
1,2,-1,0.5,0.2,0.15,0.15,-1,-1,0.444154,0.185793
1,2,-1,0.5,0.2,0.2,0.2,-1,-1,0.451704,0.174029
1,2,-1,0.5,0.2,0.25,0.25,-1,-1,0.459374,0.163297
1,2,-1,0.5,0.2,0.3,0.3,-1,-1,0.466805,0.152487
1,2,-1,0.5,0.2,0.35,0.35,-1,-1,0.476272,0.142074
1,2,-1,0.5,0.2,0.4,0.4,-1,-1,0.487058,0.131184
1,2,-1,0.5,0.2,0.45,0.45,-1,-1,0.502399,0.119658
1,2,-1,0.5,0.2,0.5,0.5,-1,-1,0.519058,0.109324
1,2,-1,0.5,0.2,0.55,0.55,-1,-1,0.532241,0.102011
1,2,-1,0.5,0.2,0.6,0.6,-1,-1,0.545424,0.094857
1,2,-1,0.5,0.2,0.65,0.65,-1,-1,0.558367,0.087862
1,2,-1,0.5,0.2,0.7,0.7,-1,-1,0.574786,0.081105
1,2,-1,0.5,0.2,0.75,0.75,-1,-1,0.588808,0.075303
1,2,-1,0.5,0.2,0.8,0.8,-1,-1,0.605946,0.06942
1,2,-1,0.5,0.2,0.85,0.85,-1,-1,0.621286,0.064095
1,2,-1,0.5,0.2,0.9,0.9,-1,-1,0.637466,0.059802
1,2,-1,0.5,0.2,0.95,0.95,-1,-1,0.657121,0.055351
1,2,-1,0.5,0.2,1.0,1.0,-1,-1,0.713688,0.047084
1,2,-1,0.55,0.2,0.05,0.05,-1,-1,0.431867,0.209415
1,2,-1,0.55,0.2,0.1,0.1,-1,-1,0.438869,0.194506
1,2,-1,0.55,0.2,0.15,0.15,-1,-1,0.445871,0.182815
1,2,-1,0.55,0.2,0.2,0.2,-1,-1,0.454194,0.170277
1,2,-1,0.55,0.2,0.25,0.25,-1,-1,0.462649,0.158841
1,2,-1,0.55,0.2,0.3,0.3,-1,-1,0.47084,0.14732
1,2,-1,0.55,0.2,0.35,0.35,-1,-1,0.481277,0.136222
1,2,-1,0.55,0.2,0.4,0.4,-1,-1,0.493166,0.124616
1,2,-1,0.55,0.2,0.45,0.45,-1,-1,0.510077,0.112333
1,2,-1,0.55,0.2,0.5,0.5,-1,-1,0.52844,0.10132
1,2,-1,0.55,0.2,0.55,0.55,-1,-1,0.542972,0.093526
1,2,-1,0.55,0.2,0.6,0.6,-1,-1,0.557505,0.085902
1,2,-1,0.55,0.2,0.65,0.65,-1,-1,0.571773,0.078447
1,2,-1,0.55,0.2,0.7,0.7,-1,-1,0.589872,0.071247
1,2,-1,0.55,0.2,0.75,0.75,-1,-1,0.605329,0.065063
1,2,-1,0.55,0.2,0.8,0.8,-1,-1,0.624221,0.058794
1,2,-1,0.55,0.2,0.85,0.85,-1,-1,0.641131,0.053118
1,2,-1,0.55,0.2,0.9,0.9,-1,-1,0.658966,0.048543
1,2,-1,0.55,0.2,0.95,0.95,-1,-1,0.680633,0.043799
1,2,-1,0.55,0.2,1.0,1.0,-1,-1,0.742989,0.034989
1,2,-1,0.6,0.2,0.05,0.05,-1,-1,0.432302,0.208651
1,2,-1,0.6,0.2,0.1,0.1,-1,-1,0.439981,0.193216
1,2,-1,0.6,0.2,0.15,0.15,-1,-1,0.447661,0.181113
1,2,-1,0.6,0.2,0.2,0.2,-1,-1,0.45679,0.168134
1,2,-1,0.6,0.2,0.25,0.25,-1,-1,0.466064,0.156294
1,2,-1,0.6,0.2,0.3,0.3,-1,-1,0.475048,0.144367
1,2,-1,0.6,0.2,0.35,0.35,-1,-1,0.486495,0.132879
1,2,-1,0.6,0.2,0.4,0.4,-1,-1,0.499536,0.120864
1,2,-1,0.6,0.2,0.45,0.45,-1,-1,0.518083,0.108147
1,2,-1,0.6,0.2,0.5,0.5,-1,-1,0.538225,0.096747
1,2,-1,0.6,0.2,0.55,0.55,-1,-1,0.554164,0.088678
1,2,-1,0.6,0.2,0.6,0.6,-1,-1,0.570103,0.080785
1,2,-1,0.6,0.2,0.65,0.65,-1,-1,0.585753,0.073068
1,2,-1,0.6,0.2,0.7,0.7,-1,-1,0.605604,0.065613
1,2,-1,0.6,0.2,0.75,0.75,-1,-1,0.622557,0.059211
1,2,-1,0.6,0.2,0.8,0.8,-1,-1,0.643278,0.052721
1,2,-1,0.6,0.2,0.85,0.85,-1,-1,0.661826,0.046846
1,2,-1,0.6,0.2,0.9,0.9,-1,-1,0.681388,0.04211
1,2,-1,0.6,0.2,0.95,0.95,-1,-1,0.705152,0.037199
1,2,-1,0.6,0.2,1.0,1.0,-1,-1,0.773545,0.028078
1,2,-1,0.65,0.2,0.05,0.05,-1,-1,0.432719,0.208221
1,2,-1,0.65,0.2,0.1,0.1,-1,-1,0.441049,0.19249
1,2,-1,0.65,0.2,0.15,0.15,-1,-1,0.449378,0.180156
1,2,-1,0.65,0.2,0.2,0.2,-1,-1,0.45928,0.166928
1,2,-1,0.65,0.2,0.25,0.25,-1,-1,0.469338,0.154862
1,2,-1,0.65,0.2,0.3,0.3,-1,-1,0.479083,0.142706
1,2,-1,0.65,0.2,0.35,0.35,-1,-1,0.491499,0.130998
1,2,-1,0.65,0.2,0.4,0.4,-1,-1,0.505644,0.118753
1,2,-1,0.65,0.2,0.45,0.45,-1,-1,0.525761,0.105793
1,2,-1,0.65,0.2,0.5,0.5,-1,-1,0.547608,0.094174
1,2,-1,0.65,0.2,0.55,0.55,-1,-1,0.564896,0.085951
1,2,-1,0.65,0.2,0.6,0.6,-1,-1,0.582184,0.077907
1,2,-1,0.65,0.2,0.65,0.65,-1,-1,0.599158,0.070041
1,2,-1,0.65,0.2,0.7,0.7,-1,-1,0.62069,0.062444
1,2,-1,0.65,0.2,0.75,0.75,-1,-1,0.639078,0.05592
1,2,-1,0.65,0.2,0.8,0.8,-1,-1,0.661553,0.049305
1,2,-1,0.65,0.2,0.85,0.85,-1,-1,0.681671,0.043317
1,2,-1,0.65,0.2,0.9,0.9,-1,-1,0.702888,0.038491
1,2,-1,0.65,0.2,0.95,0.95,-1,-1,0.728663,0.033485
1,2,-1,0.65,0.2,1.0,1.0,-1,-1,0.802846,0.02419
1,2,-1,0.7,0.2,0.05,0.05,-1,-1,0.433017,0.207505
1,2,-1,0.7,0.2,0.1,0.1,-1,-1,0.441811,0.191281
1,2,-1,0.7,0.2,0.15,0.15,-1,-1,0.450605,0.178561
1,2,-1,0.7,0.2,0.2,0.2,-1,-1,0.461058,0.164919
1,2,-1,0.7,0.2,0.25,0.25,-1,-1,0.471678,0.152474
1,2,-1,0.7,0.2,0.3,0.3,-1,-1,0.481965,0.139938
1,2,-1,0.7,0.2,0.35,0.35,-1,-1,0.495074,0.127863
1,2,-1,0.7,0.2,0.4,0.4,-1,-1,0.510007,0.115235
1,2,-1,0.7,0.2,0.45,0.45,-1,-1,0.531246,0.101869
1,2,-1,0.7,0.2,0.5,0.5,-1,-1,0.55431,0.089886
1,2,-1,0.7,0.2,0.55,0.55,-1,-1,0.572562,0.081406
1,2,-1,0.7,0.2,0.6,0.6,-1,-1,0.590814,0.07311
1,2,-1,0.7,0.2,0.65,0.65,-1,-1,0.608734,0.064998
1,2,-1,0.7,0.2,0.7,0.7,-1,-1,0.631466,0.057163
1,2,-1,0.7,0.2,0.75,0.75,-1,-1,0.650879,0.050434
1,2,-1,0.7,0.2,0.8,0.8,-1,-1,0.674607,0.043613
1,2,-1,0.7,0.2,0.85,0.85,-1,-1,0.695846,0.037437
1,2,-1,0.7,0.2,0.9,0.9,-1,-1,0.718246,0.032459
1,2,-1,0.7,0.2,0.95,0.95,-1,-1,0.745458,0.027297
1,2,-1,0.7,0.2,1.0,1.0,-1,-1,0.823776,0.017711
1,2,-1,0.75,0.2,0.05,0.05,-1,-1,0.433368,0.207075
1,2,-1,0.75,0.2,0.1,0.1,-1,-1,0.44271,0.190556
1,2,-1,0.75,0.2,0.15,0.15,-1,-1,0.452052,0.177604
1,2,-1,0.75,0.2,0.2,0.2,-1,-1,0.463157,0.163713
1,2,-1,0.75,0.2,0.25,0.25,-1,-1,0.474438,0.151042
1,2,-1,0.75,0.2,0.3,0.3,-1,-1,0.485366,0.138277
1,2,-1,0.75,0.2,0.35,0.35,-1,-1,0.499291,0.125982
1,2,-1,0.75,0.2,0.4,0.4,-1,-1,0.515155,0.113124
1,2,-1,0.75,0.2,0.45,0.45,-1,-1,0.537717,0.099514
1,2,-1,0.75,0.2,0.5,0.5,-1,-1,0.562218,0.087313
1,2,-1,0.75,0.2,0.55,0.55,-1,-1,0.581607,0.078678
1,2,-1,0.75,0.2,0.6,0.6,-1,-1,0.600996,0.070231
1,2,-1,0.75,0.2,0.65,0.65,-1,-1,0.620033,0.061972
1,2,-1,0.75,0.2,0.7,0.7,-1,-1,0.644181,0.053994
1,2,-1,0.75,0.2,0.75,0.75,-1,-1,0.664804,0.047142
1,2,-1,0.75,0.2,0.8,0.8,-1,-1,0.69001,0.040197
1,2,-1,0.75,0.2,0.85,0.85,-1,-1,0.712572,0.033908
1,2,-1,0.75,0.2,0.9,0.9,-1,-1,0.736368,0.02884
1,2,-1,0.75,0.2,0.95,0.95,-1,-1,0.765275,0.023584
1,2,-1,0.75,0.2,1.0,1.0,-1,-1,0.848472,0.013823
1,2,-1,0.8,0.2,0.05,0.05,-1,-1,0.433606,0.20631
1,2,-1,0.8,0.2,0.1,0.1,-1,-1,0.44332,0.189266
1,2,-1,0.8,0.2,0.15,0.15,-1,-1,0.453033,0.175902
1,2,-1,0.8,0.2,0.2,0.2,-1,-1,0.46458,0.161569
1,2,-1,0.8,0.2,0.25,0.25,-1,-1,0.476309,0.148495
1,2,-1,0.8,0.2,0.3,0.3,-1,-1,0.487672,0.135324
1,2,-1,0.8,0.2,0.35,0.35,-1,-1,0.502151,0.122638
1,2,-1,0.8,0.2,0.4,0.4,-1,-1,0.518645,0.109371
1,2,-1,0.8,0.2,0.45,0.45,-1,-1,0.542104,0.095328
1,2,-1,0.8,0.2,0.5,0.5,-1,-1,0.56758,0.082739
1,2,-1,0.8,0.2,0.55,0.55,-1,-1,0.58774,0.073829
1,2,-1,0.8,0.2,0.6,0.6,-1,-1,0.607899,0.065113
1,2,-1,0.8,0.2,0.65,0.65,-1,-1,0.627693,0.056591
1,2,-1,0.8,0.2,0.7,0.7,-1,-1,0.652802,0.04836
1,2,-1,0.8,0.2,0.75,0.75,-1,-1,0.674245,0.04129
1,2,-1,0.8,0.2,0.8,0.8,-1,-1,0.700453,0.034124
1,2,-1,0.8,0.2,0.85,0.85,-1,-1,0.723912,0.027635
1,2,-1,0.8,0.2,0.9,0.9,-1,-1,0.748654,0.022406
1,2,-1,0.8,0.2,0.95,0.95,-1,-1,0.778711,0.016983
1,2,-1,0.8,0.2,1.0,1.0,-1,-1,0.865216,0.006911
1,2,-1,0.85,0.2,0.05,0.05,-1,-1,0.433916,0.205976
1,2,-1,0.85,0.2,0.1,0.1,-1,-1,0.444113,0.188702
1,2,-1,0.85,0.2,0.15,0.15,-1,-1,0.454309,0.175157
1,2,-1,0.85,0.2,0.2,0.2,-1,-1,0.466429,0.160631
1,2,-1,0.85,0.2,0.25,0.25,-1,-1,0.478742,0.147381
1,2,-1,0.85,0.2,0.3,0.3,-1,-1,0.49067,0.134033
1,2,-1,0.85,0.2,0.35,0.35,-1,-1,0.505868,0.121176
1,2,-1,0.85,0.2,0.4,0.4,-1,-1,0.523182,0.107729
1,2,-1,0.85,0.2,0.45,0.45,-1,-1,0.547808,0.093498
1,2,-1,0.85,0.2,0.5,0.5,-1,-1,0.574549,0.080738
1,2,-1,0.85,0.2,0.55,0.55,-1,-1,0.595712,0.071709
1,2,-1,0.85,0.2,0.6,0.6,-1,-1,0.616874,0.062875
1,2,-1,0.85,0.2,0.65,0.65,-1,-1,0.637652,0.054238
1,2,-1,0.85,0.2,0.7,0.7,-1,-1,0.664008,0.045896
1,2,-1,0.85,0.2,0.75,0.75,-1,-1,0.686517,0.038731
1,2,-1,0.85,0.2,0.8,0.8,-1,-1,0.714028,0.031468
1,2,-1,0.85,0.2,0.85,0.85,-1,-1,0.738653,0.024892
1,2,-1,0.85,0.2,0.9,0.9,-1,-1,0.764625,0.019592
1,2,-1,0.85,0.2,0.95,0.95,-1,-1,0.796177,0.014095
1,2,-1,0.85,0.2,1.0,1.0,-1,-1,0.886982,0.003888
1,2,-1,0.9,0.2,0.05,0.05,-1,-1,0.434196,0.205785
1,2,-1,0.9,0.2,0.1,0.1,-1,-1,0.444829,0.188379
1,2,-1,0.9,0.2,0.15,0.15,-1,-1,0.455462,0.174732
1,2,-1,0.9,0.2,0.2,0.2,-1,-1,0.468101,0.160095
1,2,-1,0.9,0.2,0.25,0.25,-1,-1,0.48094,0.146744
1,2,-1,0.9,0.2,0.3,0.3,-1,-1,0.493379,0.133295
1,2,-1,0.9,0.2,0.35,0.35,-1,-1,0.509228,0.12034
1,2,-1,0.9,0.2,0.4,0.4,-1,-1,0.527284,0.106791
1,2,-1,0.9,0.2,0.45,0.45,-1,-1,0.552963,0.092451
1,2,-1,0.9,0.2,0.5,0.5,-1,-1,0.580849,0.079595
1,2,-1,0.9,0.2,0.55,0.55,-1,-1,0.602917,0.070496
1,2,-1,0.9,0.2,0.6,0.6,-1,-1,0.624985,0.061596
1,2,-1,0.9,0.2,0.65,0.65,-1,-1,0.646653,0.052893
1,2,-1,0.9,0.2,0.7,0.7,-1,-1,0.674138,0.044487
1,2,-1,0.9,0.2,0.75,0.75,-1,-1,0.69761,0.037268
1,2,-1,0.9,0.2,0.8,0.8,-1,-1,0.726299,0.029949
1,2,-1,0.9,0.2,0.85,0.85,-1,-1,0.751978,0.023324
1,2,-1,0.9,0.2,0.9,0.9,-1,-1,0.779062,0.017983
1,2,-1,0.9,0.2,0.95,0.95,-1,-1,0.811963,0.012445
1,2,-1,0.9,0.2,1.0,1.0,-1,-1,0.906656,0.00216
1,2,-1,0.95,0.2,0.05,0.05,-1,-1,0.434607,0.205594
1,2,-1,0.95,0.2,0.1,0.1,-1,-1,0.445881,0.188057
1,2,-1,0.95,0.2,0.15,0.15,-1,-1,0.457154,0.174306
1,2,-1,0.95,0.2,0.2,0.2,-1,-1,0.470555,0.159559
1,2,-1,0.95,0.2,0.25,0.25,-1,-1,0.484168,0.146108
1,2,-1,0.95,0.2,0.3,0.3,-1,-1,0.497357,0.132557
1,2,-1,0.95,0.2,0.35,0.35,-1,-1,0.514161,0.119504
1,2,-1,0.95,0.2,0.4,0.4,-1,-1,0.533304,0.105853
1,2,-1,0.95,0.2,0.45,0.45,-1,-1,0.560531,0.091405
1,2,-1,0.95,0.2,0.5,0.5,-1,-1,0.590098,0.078451
1,2,-1,0.95,0.2,0.55,0.55,-1,-1,0.613496,0.069284
1,2,-1,0.95,0.2,0.6,0.6,-1,-1,0.636894,0.060316
1,2,-1,0.95,0.2,0.65,0.65,-1,-1,0.659867,0.051548
1,2,-1,0.95,0.2,0.7,0.7,-1,-1,0.689008,0.043079
1,2,-1,0.95,0.2,0.75,0.75,-1,-1,0.713895,0.035805
1,2,-1,0.95,0.2,0.8,0.8,-1,-1,0.744312,0.028431
1,2,-1,0.95,0.2,0.85,0.85,-1,-1,0.771539,0.021755
1,2,-1,0.95,0.2,0.9,0.9,-1,-1,0.800255,0.016375
1,2,-1,0.95,0.2,0.95,0.95,-1,-1,0.835139,0.010795
1,2,-1,0.95,0.2,1.0,1.0,-1,-1,0.935538,0.000432
1,2,-1,1.0,0.2,0.05,0.05,-1,-1,0.435525,0.205546
1,2,-1,1.0,0.2,0.1,0.1,-1,-1,0.448228,0.187976
1,2,-1,1.0,0.2,0.15,0.15,-1,-1,0.460932,0.1742
1,2,-1,1.0,0.2,0.2,0.2,-1,-1,0.476033,0.159425
1,2,-1,1.0,0.2,0.25,0.25,-1,-1,0.491373,0.145949
1,2,-1,1.0,0.2,0.3,0.3,-1,-1,0.506234,0.132372
1,2,-1,1.0,0.2,0.35,0.35,-1,-1,0.52517,0.119295
1,2,-1,1.0,0.2,0.4,0.4,-1,-1,0.546742,0.105618
1,2,-1,1.0,0.2,0.45,0.45,-1,-1,0.577422,0.091143
1,2,-1,1.0,0.2,0.5,0.5,-1,-1,0.61074,0.078165
1,2,-1,1.0,0.2,0.55,0.55,-1,-1,0.637106,0.068981
1,2,-1,1.0,0.2,0.6,0.6,-1,-1,0.663472,0.059997
1,2,-1,1.0,0.2,0.65,0.65,-1,-1,0.689359,0.051212
1,2,-1,1.0,0.2,0.7,0.7,-1,-1,0.722197,0.042726
1,2,-1,1.0,0.2,0.75,0.75,-1,-1,0.75024,0.035439
1,2,-1,1.0,0.2,0.8,0.8,-1,-1,0.784517,0.028052
1,2,-1,1.0,0.2,0.85,0.85,-1,-1,0.815197,0.021363
1,2,-1,1.0,0.2,0.9,0.9,-1,-1,0.847556,0.015972
1,2,-1,1.0,0.2,0.95,0.95,-1,-1,0.886865,0.010382
1,2,-1,1.0,0.2,1.0,1.0,-1,-1,1.0,0.0
1,2,-1,0.25,0.25,0.05,0.05,-1,-1,0.497698,0.171058
1,2,-1,0.25,0.25,0.1,0.1,-1,-1,0.497698,0.171058
1,2,-1,0.25,0.25,0.15,0.15,-1,-1,0.497698,0.171058
1,2,-1,0.25,0.25,0.2,0.2,-1,-1,0.497698,0.171058
1,2,-1,0.25,0.25,0.25,0.25,-1,-1,0.497698,0.171058
1,2,-1,0.25,0.25,0.3,0.3,-1,-1,0.497698,0.171058
1,2,-1,0.25,0.25,0.35,0.35,-1,-1,0.497698,0.171058
1,2,-1,0.25,0.25,0.4,0.4,-1,-1,0.497698,0.171058
1,2,-1,0.25,0.25,0.45,0.45,-1,-1,0.497698,0.171058
1,2,-1,0.25,0.25,0.5,0.5,-1,-1,0.497698,0.171058
1,2,-1,0.25,0.25,0.55,0.55,-1,-1,0.497698,0.171058
1,2,-1,0.25,0.25,0.6,0.6,-1,-1,0.497698,0.171058
1,2,-1,0.25,0.25,0.65,0.65,-1,-1,0.497698,0.171058
1,2,-1,0.25,0.25,0.7,0.7,-1,-1,0.497698,0.171058
1,2,-1,0.25,0.25,0.75,0.75,-1,-1,0.497698,0.171058
1,2,-1,0.25,0.25,0.8,0.8,-1,-1,0.497698,0.171058
1,2,-1,0.25,0.25,0.85,0.85,-1,-1,0.497698,0.171058
1,2,-1,0.25,0.25,0.9,0.9,-1,-1,0.497698,0.171058
1,2,-1,0.25,0.25,0.95,0.95,-1,-1,0.497698,0.171058
1,2,-1,0.25,0.25,1.0,1.0,-1,-1,0.497698,0.171058
1,2,-1,0.3,0.25,0.05,0.05,-1,-1,0.498502,0.16738
1,2,-1,0.3,0.25,0.1,0.1,-1,-1,0.499756,0.164851
1,2,-1,0.3,0.25,0.15,0.15,-1,-1,0.50101,0.162868
1,2,-1,0.3,0.25,0.2,0.2,-1,-1,0.5025,0.160742
1,2,-1,0.3,0.25,0.25,0.25,-1,-1,0.504014,0.158802
1,2,-1,0.3,0.25,0.3,0.3,-1,-1,0.50548,0.156848
1,2,-1,0.3,0.25,0.35,0.35,-1,-1,0.507349,0.154966
1,2,-1,0.3,0.25,0.4,0.4,-1,-1,0.509478,0.152998
1,2,-1,0.3,0.25,0.45,0.45,-1,-1,0.512505,0.150915
1,2,-1,0.3,0.25,0.5,0.5,-1,-1,0.515793,0.149047
1,2,-1,0.3,0.25,0.55,0.55,-1,-1,0.518395,0.147725
1,2,-1,0.3,0.25,0.6,0.6,-1,-1,0.520997,0.146432
1,2,-1,0.3,0.25,0.65,0.65,-1,-1,0.523552,0.145168
1,2,-1,0.3,0.25,0.7,0.7,-1,-1,0.526792,0.143946
1,2,-1,0.3,0.25,0.75,0.75,-1,-1,0.52956,0.142898
1,2,-1,0.3,0.25,0.8,0.8,-1,-1,0.532942,0.141834
1,2,-1,0.3,0.25,0.85,0.85,-1,-1,0.53597,0.140872
1,2,-1,0.3,0.25,0.9,0.9,-1,-1,0.539163,0.140096
1,2,-1,0.3,0.25,0.95,0.95,-1,-1,0.543042,0.139291
1,2,-1,0.3,0.25,1.0,1.0,-1,-1,0.554207,0.137797
1,2,-1,0.35,0.25,0.05,0.05,-1,-1,0.499074,0.16375
1,2,-1,0.35,0.25,0.1,0.1,-1,-1,0.501219,0.158725
1,2,-1,0.35,0.25,0.15,0.15,-1,-1,0.503364,0.154785
1,2,-1,0.35,0.25,0.2,0.2,-1,-1,0.505914,0.15056
1,2,-1,0.35,0.25,0.25,0.25,-1,-1,0.508505,0.146706
1,2,-1,0.35,0.25,0.3,0.3,-1,-1,0.511014,0.142823
1,2,-1,0.35,0.25,0.35,0.35,-1,-1,0.514212,0.139084
1,2,-1,0.35,0.25,0.4,0.4,-1,-1,0.517854,0.135172
1,2,-1,0.35,0.25,0.45,0.45,-1,-1,0.523035,0.131033
1,2,-1,0.35,0.25,0.5,0.5,-1,-1,0.528661,0.127322
1,2,-1,0.35,0.25,0.55,0.55,-1,-1,0.533113,0.124695
1,2,-1,0.35,0.25,0.6,0.6,-1,-1,0.537565,0.122126
1,2,-1,0.35,0.25,0.65,0.65,-1,-1,0.541936,0.119613
1,2,-1,0.35,0.25,0.7,0.7,-1,-1,0.547481,0.117187
1,2,-1,0.35,0.25,0.75,0.75,-1,-1,0.552217,0.115103
1,2,-1,0.35,0.25,0.8,0.8,-1,-1,0.558005,0.11299
1,2,-1,0.35,0.25,0.85,0.85,-1,-1,0.563185,0.111077
1,2,-1,0.35,0.25,0.9,0.9,-1,-1,0.568649,0.109536
1,2,-1,0.35,0.25,0.95,0.95,-1,-1,0.575287,0.107937
1,2,-1,0.35,0.25,1.0,1.0,-1,-1,0.594391,0.104968
1,2,-1,0.4,0.25,0.05,0.05,-1,-1,0.499729,0.161122
1,2,-1,0.4,0.25,0.1,0.1,-1,-1,0.502896,0.154292
1,2,-1,0.4,0.25,0.15,0.15,-1,-1,0.506063,0.148936
1,2,-1,0.4,0.25,0.2,0.2,-1,-1,0.509827,0.143192
1,2,-1,0.4,0.25,0.25,0.25,-1,-1,0.513651,0.137952
1,2,-1,0.4,0.25,0.3,0.3,-1,-1,0.517355,0.132674
1,2,-1,0.4,0.25,0.35,0.35,-1,-1,0.522075,0.127589
1,2,-1,0.4,0.25,0.4,0.4,-1,-1,0.527452,0.122272
1,2,-1,0.4,0.25,0.45,0.45,-1,-1,0.5351,0.116645
1,2,-1,0.4,0.25,0.5,0.5,-1,-1,0.543405,0.111599
1,2,-1,0.4,0.25,0.55,0.55,-1,-1,0.549977,0.108029
1,2,-1,0.4,0.25,0.6,0.6,-1,-1,0.556549,0.104536
1,2,-1,0.4,0.25,0.65,0.65,-1,-1,0.563002,0.10112
1,2,-1,0.4,0.25,0.7,0.7,-1,-1,0.571188,0.097821
1,2,-1,0.4,0.25,0.75,0.75,-1,-1,0.578178,0.094988
1,2,-1,0.4,0.25,0.8,0.8,-1,-1,0.586722,0.092116
1,2,-1,0.4,0.25,0.85,0.85,-1,-1,0.59437,0.089516
1,2,-1,0.4,0.25,0.9,0.9,-1,-1,0.602436,0.08742
1,2,-1,0.4,0.25,0.95,0.95,-1,-1,0.612234,0.085246
1,2,-1,0.4,0.25,1.0,1.0,-1,-1,0.640435,0.08121
1,2,-1,0.45,0.25,0.05,0.05,-1,-1,0.500212,0.158829
1,2,-1,0.45,0.25,0.1,0.1,-1,-1,0.504131,0.150422
1,2,-1,0.45,0.25,0.15,0.15,-1,-1,0.50805,0.14383
1,2,-1,0.45,0.25,0.2,0.2,-1,-1,0.512708,0.136761
1,2,-1,0.45,0.25,0.25,0.25,-1,-1,0.51744,0.130312
1,2,-1,0.45,0.25,0.3,0.3,-1,-1,0.522024,0.123815
1,2,-1,0.45,0.25,0.35,0.35,-1,-1,0.527866,0.117558
1,2,-1,0.45,0.25,0.4,0.4,-1,-1,0.53452,0.111014
1,2,-1,0.45,0.25,0.45,0.45,-1,-1,0.543984,0.104087
1,2,-1,0.45,0.25,0.5,0.5,-1,-1,0.554262,0.097877
1,2,-1,0.45,0.25,0.55,0.55,-1,-1,0.562396,0.093483
1,2,-1,0.45,0.25,0.6,0.6,-1,-1,0.570529,0.089184
1,2,-1,0.45,0.25,0.65,0.65,-1,-1,0.578515,0.08498
1,2,-1,0.45,0.25,0.7,0.7,-1,-1,0.588644,0.08092
1,2,-1,0.45,0.25,0.75,0.75,-1,-1,0.597295,0.077433
1,2,-1,0.45,0.25,0.8,0.8,-1,-1,0.607869,0.073898
1,2,-1,0.45,0.25,0.85,0.85,-1,-1,0.617333,0.070697
1,2,-1,0.45,0.25,0.9,0.9,-1,-1,0.627315,0.068118
1,2,-1,0.45,0.25,0.95,0.95,-1,-1,0.639441,0.065443
1,2,-1,0.45,0.25,1.0,1.0,-1,-1,0.674341,0.060475
1,2,-1,0.5,0.25,0.05,0.05,-1,-1,0.500772,0.157349
1,2,-1,0.5,0.25,0.1,0.1,-1,-1,0.505564,0.147923
1,2,-1,0.5,0.25,0.15,0.15,-1,-1,0.510355,0.140533
1,2,-1,0.5,0.25,0.2,0.2,-1,-1,0.516051,0.132607
1,2,-1,0.5,0.25,0.25,0.25,-1,-1,0.521837,0.125378
1,2,-1,0.5,0.25,0.3,0.3,-1,-1,0.527443,0.118095
1,2,-1,0.5,0.25,0.35,0.35,-1,-1,0.534585,0.111079
1,2,-1,0.5,0.25,0.4,0.4,-1,-1,0.542722,0.103742
1,2,-1,0.5,0.25,0.45,0.45,-1,-1,0.554295,0.095977
1,2,-1,0.5,0.25,0.5,0.5,-1,-1,0.566862,0.089016
1,2,-1,0.5,0.25,0.55,0.55,-1,-1,0.576807,0.084089
1,2,-1,0.5,0.25,0.6,0.6,-1,-1,0.586752,0.079269
1,2,-1,0.5,0.25,0.65,0.65,-1,-1,0.596516,0.074556
1,2,-1,0.5,0.25,0.7,0.7,-1,-1,0.608903,0.070004
1,2,-1,0.5,0.25,0.75,0.75,-1,-1,0.619481,0.066095
1,2,-1,0.5,0.25,0.8,0.8,-1,-1,0.632409,0.062132
1,2,-1,0.5,0.25,0.85,0.85,-1,-1,0.643982,0.058544
1,2,-1,0.5,0.25,0.9,0.9,-1,-1,0.656187,0.055652
1,2,-1,0.5,0.25,0.95,0.95,-1,-1,0.671014,0.052653
1,2,-1,0.5,0.25,1.0,1.0,-1,-1,0.713688,0.047084
1,2,-1,0.55,0.25,0.05,0.05,-1,-1,0.501189,0.156011
1,2,-1,0.55,0.25,0.1,0.1,-1,-1,0.506631,0.145666
1,2,-1,0.55,0.25,0.15,0.15,-1,-1,0.512073,0.137555
1,2,-1,0.55,0.25,0.2,0.2,-1,-1,0.518541,0.128856
1,2,-1,0.55,0.25,0.25,0.25,-1,-1,0.525112,0.120921
1,2,-1,0.55,0.25,0.3,0.3,-1,-1,0.531478,0.112927
1,2,-1,0.55,0.25,0.35,0.35,-1,-1,0.53959,0.105228
1,2,-1,0.55,0.25,0.4,0.4,-1,-1,0.54883,0.097175
1,2,-1,0.55,0.25,0.45,0.45,-1,-1,0.561973,0.088652
1,2,-1,0.55,0.25,0.5,0.5,-1,-1,0.576245,0.081011
1,2,-1,0.55,0.25,0.55,0.55,-1,-1,0.587539,0.075604
1,2,-1,0.55,0.25,0.6,0.6,-1,-1,0.598833,0.070314
1,2,-1,0.55,0.25,0.65,0.65,-1,-1,0.609922,0.065142
1,2,-1,0.55,0.25,0.7,0.7,-1,-1,0.623989,0.060146
1,2,-1,0.55,0.25,0.75,0.75,-1,-1,0.636001,0.055855
1,2,-1,0.55,0.25,0.8,0.8,-1,-1,0.650684,0.051505
1,2,-1,0.55,0.25,0.85,0.85,-1,-1,0.663826,0.047567
1,2,-1,0.55,0.25,0.9,0.9,-1,-1,0.677688,0.044393
1,2,-1,0.55,0.25,0.95,0.95,-1,-1,0.694526,0.041102
1,2,-1,0.55,0.25,1.0,1.0,-1,-1,0.742989,0.034989
1,2,-1,0.6,0.25,0.05,0.05,-1,-1,0.501624,0.155247
1,2,-1,0.6,0.25,0.1,0.1,-1,-1,0.507744,0.144377
1,2,-1,0.6,0.25,0.15,0.15,-1,-1,0.513863,0.135853
1,2,-1,0.6,0.25,0.2,0.2,-1,-1,0.521138,0.126713
1,2,-1,0.6,0.25,0.25,0.25,-1,-1,0.528527,0.118375
1,2,-1,0.6,0.25,0.3,0.3,-1,-1,0.535686,0.109975
1,2,-1,0.6,0.25,0.35,0.35,-1,-1,0.544808,0.101884
1,2,-1,0.6,0.25,0.4,0.4,-1,-1,0.5552,0.093423
1,2,-1,0.6,0.25,0.45,0.45,-1,-1,0.569979,0.084467
1,2,-1,0.6,0.25,0.5,0.5,-1,-1,0.586029,0.076438
1,2,-1,0.6,0.25,0.55,0.55,-1,-1,0.59873,0.070756
1,2,-1,0.6,0.25,0.6,0.6,-1,-1,0.611431,0.065197
1,2,-1,0.6,0.25,0.65,0.65,-1,-1,0.623902,0.059762
1,2,-1,0.6,0.25,0.7,0.7,-1,-1,0.639721,0.054512
1,2,-1,0.6,0.25,0.75,0.75,-1,-1,0.65323,0.050004
1,2,-1,0.6,0.25,0.8,0.8,-1,-1,0.669742,0.045433
1,2,-1,0.6,0.25,0.85,0.85,-1,-1,0.684521,0.041295
1,2,-1,0.6,0.25,0.9,0.9,-1,-1,0.700109,0.03796
1,2,-1,0.6,0.25,0.95,0.95,-1,-1,0.719045,0.034501
1,2,-1,0.6,0.25,1.0,1.0,-1,-1,0.773545,0.028078
1,2,-1,0.65,0.25,0.05,0.05,-1,-1,0.502041,0.154817
1,2,-1,0.65,0.25,0.1,0.1,-1,-1,0.508811,0.143651
1,2,-1,0.65,0.25,0.15,0.15,-1,-1,0.51558,0.134896
1,2,-1,0.65,0.25,0.2,0.2,-1,-1,0.523627,0.125507
1,2,-1,0.65,0.25,0.25,0.25,-1,-1,0.531802,0.116942
1,2,-1,0.65,0.25,0.3,0.3,-1,-1,0.539721,0.108314
1,2,-1,0.65,0.25,0.35,0.35,-1,-1,0.549812,0.100003
1,2,-1,0.65,0.25,0.4,0.4,-1,-1,0.561308,0.091311
1,2,-1,0.65,0.25,0.45,0.45,-1,-1,0.577657,0.082112
1,2,-1,0.65,0.25,0.5,0.5,-1,-1,0.595412,0.073865
1,2,-1,0.65,0.25,0.55,0.55,-1,-1,0.609462,0.068028
1,2,-1,0.65,0.25,0.6,0.6,-1,-1,0.623512,0.062319
1,2,-1,0.65,0.25,0.65,0.65,-1,-1,0.637307,0.056736
1,2,-1,0.65,0.25,0.7,0.7,-1,-1,0.654806,0.051343
1,2,-1,0.65,0.25,0.75,0.75,-1,-1,0.669751,0.046712
1,2,-1,0.65,0.25,0.8,0.8,-1,-1,0.688016,0.042017
1,2,-1,0.65,0.25,0.85,0.85,-1,-1,0.704366,0.037767
1,2,-1,0.65,0.25,0.9,0.9,-1,-1,0.721609,0.034341
1,2,-1,0.65,0.25,0.95,0.95,-1,-1,0.742557,0.030788
1,2,-1,0.65,0.25,1.0,1.0,-1,-1,0.802846,0.02419
1,2,-1,0.7,0.25,0.05,0.05,-1,-1,0.502339,0.1541
1,2,-1,0.7,0.25,0.1,0.1,-1,-1,0.509573,0.142442
1,2,-1,0.7,0.25,0.15,0.15,-1,-1,0.516807,0.133301
1,2,-1,0.7,0.25,0.2,0.2,-1,-1,0.525406,0.123497
1,2,-1,0.7,0.25,0.25,0.25,-1,-1,0.534141,0.114555
1,2,-1,0.7,0.25,0.3,0.3,-1,-1,0.542604,0.105546
1,2,-1,0.7,0.25,0.35,0.35,-1,-1,0.553387,0.096869
1,2,-1,0.7,0.25,0.4,0.4,-1,-1,0.565671,0.087793
1,2,-1,0.7,0.25,0.45,0.45,-1,-1,0.583142,0.078189
1,2,-1,0.7,0.25,0.5,0.5,-1,-1,0.602114,0.069577
1,2,-1,0.7,0.25,0.55,0.55,-1,-1,0.617128,0.063483
1,2,-1,0.7,0.25,0.6,0.6,-1,-1,0.632142,0.057522
1,2,-1,0.7,0.25,0.65,0.65,-1,-1,0.646883,0.051692
1,2,-1,0.7,0.25,0.7,0.7,-1,-1,0.665583,0.046062
1,2,-1,0.7,0.25,0.75,0.75,-1,-1,0.681552,0.041226
1,2,-1,0.7,0.25,0.8,0.8,-1,-1,0.70107,0.036325
1,2,-1,0.7,0.25,0.85,0.85,-1,-1,0.718541,0.031887
1,2,-1,0.7,0.25,0.9,0.9,-1,-1,0.736968,0.028309
1,2,-1,0.7,0.25,0.95,0.95,-1,-1,0.759352,0.0246
1,2,-1,0.7,0.25,1.0,1.0,-1,-1,0.823776,0.017711
1,2,-1,0.75,0.25,0.05,0.05,-1,-1,0.50269,0.15367
1,2,-1,0.75,0.25,0.1,0.1,-1,-1,0.510472,0.141717
1,2,-1,0.75,0.25,0.15,0.15,-1,-1,0.518254,0.132344
1,2,-1,0.75,0.25,0.2,0.2,-1,-1,0.527504,0.122291
1,2,-1,0.75,0.25,0.25,0.25,-1,-1,0.536901,0.113122
1,2,-1,0.75,0.25,0.3,0.3,-1,-1,0.546005,0.103885
1,2,-1,0.75,0.25,0.35,0.35,-1,-1,0.557604,0.094988
1,2,-1,0.75,0.25,0.4,0.4,-1,-1,0.570819,0.085682
1,2,-1,0.75,0.25,0.45,0.45,-1,-1,0.589613,0.075834
1,2,-1,0.75,0.25,0.5,0.5,-1,-1,0.610022,0.067004
1,2,-1,0.75,0.25,0.55,0.55,-1,-1,0.626173,0.060756
1,2,-1,0.75,0.25,0.6,0.6,-1,-1,0.642324,0.054643
1,2,-1,0.75,0.25,0.65,0.65,-1,-1,0.658182,0.048666
1,2,-1,0.75,0.25,0.7,0.7,-1,-1,0.678298,0.042893
1,2,-1,0.75,0.25,0.75,0.75,-1,-1,0.695476,0.037935
1,2,-1,0.75,0.25,0.8,0.8,-1,-1,0.716473,0.032908
1,2,-1,0.75,0.25,0.85,0.85,-1,-1,0.735267,0.028358
1,2,-1,0.75,0.25,0.9,0.9,-1,-1,0.755089,0.02469
1,2,-1,0.75,0.25,0.95,0.95,-1,-1,0.779169,0.020887
1,2,-1,0.75,0.25,1.0,1.0,-1,-1,0.848472,0.013823
1,2,-1,0.8,0.25,0.05,0.05,-1,-1,0.502929,0.152906
1,2,-1,0.8,0.25,0.1,0.1,-1,-1,0.511082,0.140427
1,2,-1,0.8,0.25,0.15,0.15,-1,-1,0.519235,0.130642
1,2,-1,0.8,0.25,0.2,0.2,-1,-1,0.528927,0.120148
1,2,-1,0.8,0.25,0.25,0.25,-1,-1,0.538773,0.110575
1,2,-1,0.8,0.25,0.3,0.3,-1,-1,0.548311,0.100932
1,2,-1,0.8,0.25,0.35,0.35,-1,-1,0.560464,0.091644
1,2,-1,0.8,0.25,0.4,0.4,-1,-1,0.574309,0.081929
1,2,-1,0.8,0.25,0.45,0.45,-1,-1,0.594,0.071648
1,2,-1,0.8,0.25,0.5,0.5,-1,-1,0.615384,0.06243
1,2,-1,0.8,0.25,0.55,0.55,-1,-1,0.632306,0.055907
1,2,-1,0.8,0.25,0.6,0.6,-1,-1,0.649228,0.049525
1,2,-1,0.8,0.25,0.65,0.65,-1,-1,0.665843,0.043286
1,2,-1,0.8,0.25,0.7,0.7,-1,-1,0.686918,0.037259
1,2,-1,0.8,0.25,0.75,0.75,-1,-1,0.704917,0.032083
1,2,-1,0.8,0.25,0.8,0.8,-1,-1,0.726916,0.026835
1,2,-1,0.8,0.25,0.85,0.85,-1,-1,0.746607,0.022085
1,2,-1,0.8,0.25,0.9,0.9,-1,-1,0.767375,0.018256
1,2,-1,0.8,0.25,0.95,0.95,-1,-1,0.792605,0.014285
1,2,-1,0.8,0.25,1.0,1.0,-1,-1,0.865216,0.006911
1,2,-1,0.85,0.25,0.05,0.05,-1,-1,0.503238,0.152572
1,2,-1,0.85,0.25,0.1,0.1,-1,-1,0.511875,0.139863
1,2,-1,0.85,0.25,0.15,0.15,-1,-1,0.520511,0.129897
1,2,-1,0.85,0.25,0.2,0.2,-1,-1,0.530777,0.11921
1,2,-1,0.85,0.25,0.25,0.25,-1,-1,0.541205,0.109461
1,2,-1,0.85,0.25,0.3,0.3,-1,-1,0.551308,0.099641
1,2,-1,0.85,0.25,0.35,0.35,-1,-1,0.564181,0.090181
1,2,-1,0.85,0.25,0.4,0.4,-1,-1,0.578846,0.080288
1,2,-1,0.85,0.25,0.45,0.45,-1,-1,0.599704,0.069817
1,2,-1,0.85,0.25,0.5,0.5,-1,-1,0.622354,0.06043
1,2,-1,0.85,0.25,0.55,0.55,-1,-1,0.640278,0.053786
1,2,-1,0.85,0.25,0.6,0.6,-1,-1,0.658202,0.047287
1,2,-1,0.85,0.25,0.65,0.65,-1,-1,0.675801,0.040933
1,2,-1,0.85,0.25,0.7,0.7,-1,-1,0.698125,0.034795
1,2,-1,0.85,0.25,0.75,0.75,-1,-1,0.71719,0.029523
1,2,-1,0.85,0.25,0.8,0.8,-1,-1,0.740491,0.024179
1,2,-1,0.85,0.25,0.85,0.85,-1,-1,0.761349,0.019341
1,2,-1,0.85,0.25,0.9,0.9,-1,-1,0.783347,0.015442
1,2,-1,0.85,0.25,0.95,0.95,-1,-1,0.81007,0.011398
1,2,-1,0.85,0.25,1.0,1.0,-1,-1,0.886982,0.003888
1,2,-1,0.9,0.25,0.05,0.05,-1,-1,0.503518,0.152381
1,2,-1,0.9,0.25,0.1,0.1,-1,-1,0.512591,0.13954
1,2,-1,0.9,0.25,0.15,0.15,-1,-1,0.521664,0.129472
1,2,-1,0.9,0.25,0.2,0.2,-1,-1,0.532448,0.118674
1,2,-1,0.9,0.25,0.25,0.25,-1,-1,0.543404,0.108825
1,2,-1,0.9,0.25,0.3,0.3,-1,-1,0.554018,0.098902
1,2,-1,0.9,0.25,0.35,0.35,-1,-1,0.567541,0.089345
1,2,-1,0.9,0.25,0.4,0.4,-1,-1,0.582947,0.07935
1,2,-1,0.9,0.25,0.45,0.45,-1,-1,0.604859,0.068771
1,2,-1,0.9,0.25,0.5,0.5,-1,-1,0.628654,0.059286
1,2,-1,0.9,0.25,0.55,0.55,-1,-1,0.647484,0.052574
1,2,-1,0.9,0.25,0.6,0.6,-1,-1,0.666314,0.046008
1,2,-1,0.9,0.25,0.65,0.65,-1,-1,0.684802,0.039587
1,2,-1,0.9,0.25,0.7,0.7,-1,-1,0.708254,0.033386
1,2,-1,0.9,0.25,0.75,0.75,-1,-1,0.728282,0.02806
1,2,-1,0.9,0.25,0.8,0.8,-1,-1,0.752762,0.022661
1,2,-1,0.9,0.25,0.85,0.85,-1,-1,0.774673,0.017773
1,2,-1,0.9,0.25,0.9,0.9,-1,-1,0.797783,0.013833
1,2,-1,0.9,0.25,0.95,0.95,-1,-1,0.825857,0.009748
1,2,-1,0.9,0.25,1.0,1.0,-1,-1,0.906656,0.00216
1,2,-1,0.95,0.25,0.05,0.05,-1,-1,0.503929,0.15219
1,2,-1,0.95,0.25,0.1,0.1,-1,-1,0.513643,0.139218
1,2,-1,0.95,0.25,0.15,0.15,-1,-1,0.523356,0.129046
1,2,-1,0.95,0.25,0.2,0.2,-1,-1,0.534903,0.118138
1,2,-1,0.95,0.25,0.25,0.25,-1,-1,0.546632,0.108188
1,2,-1,0.95,0.25,0.3,0.3,-1,-1,0.557995,0.098164
1,2,-1,0.95,0.25,0.35,0.35,-1,-1,0.572474,0.088509
1,2,-1,0.95,0.25,0.4,0.4,-1,-1,0.588968,0.078411
1,2,-1,0.95,0.25,0.45,0.45,-1,-1,0.612427,0.067724
1,2,-1,0.95,0.25,0.5,0.5,-1,-1,0.637902,0.058143
1,2,-1,0.95,0.25,0.55,0.55,-1,-1,0.658062,0.051362
1,2,-1,0.95,0.25,0.6,0.6,-1,-1,0.678222,0.044728
1,2,-1,0.95,0.25,0.65,0.65,-1,-1,0.698016,0.038242
1,2,-1,0.95,0.25,0.7,0.7,-1,-1,0.723124,0.031978
1,2,-1,0.95,0.25,0.75,0.75,-1,-1,0.744567,0.026597
1,2,-1,0.95,0.25,0.8,0.8,-1,-1,0.770775,0.021143
1,2,-1,0.95,0.25,0.85,0.85,-1,-1,0.794234,0.016205
1,2,-1,0.95,0.25,0.9,0.9,-1,-1,0.818976,0.012225
1,2,-1,0.95,0.25,0.95,0.95,-1,-1,0.849033,0.008097
1,2,-1,0.95,0.25,1.0,1.0,-1,-1,0.935538,0.000432
1,2,-1,1.0,0.25,0.05,0.05,-1,-1,0.504847,0.152142
1,2,-1,1.0,0.25,0.1,0.1,-1,-1,0.51599,0.139137
1,2,-1,1.0,0.25,0.15,0.15,-1,-1,0.527134,0.12894
1,2,-1,1.0,0.25,0.2,0.2,-1,-1,0.54038,0.118004
1,2,-1,1.0,0.25,0.25,0.25,-1,-1,0.553836,0.108029
1,2,-1,1.0,0.25,0.3,0.3,-1,-1,0.566873,0.09798
1,2,-1,1.0,0.25,0.35,0.35,-1,-1,0.583483,0.0883
1,2,-1,1.0,0.25,0.4,0.4,-1,-1,0.602405,0.078177
1,2,-1,1.0,0.25,0.45,0.45,-1,-1,0.629318,0.067463
1,2,-1,1.0,0.25,0.5,0.5,-1,-1,0.658544,0.057857
1,2,-1,1.0,0.25,0.55,0.55,-1,-1,0.681672,0.051059
1,2,-1,1.0,0.25,0.6,0.6,-1,-1,0.7048,0.044409
1,2,-1,1.0,0.25,0.65,0.65,-1,-1,0.727508,0.037906
1,2,-1,1.0,0.25,0.7,0.7,-1,-1,0.756313,0.031625
1,2,-1,1.0,0.25,0.75,0.75,-1,-1,0.780913,0.026231
1,2,-1,1.0,0.25,0.8,0.8,-1,-1,0.81098,0.020763
1,2,-1,1.0,0.25,0.85,0.85,-1,-1,0.837893,0.015813
1,2,-1,1.0,0.25,0.9,0.9,-1,-1,0.866277,0.011823
1,2,-1,1.0,0.25,0.95,0.95,-1,-1,0.900759,0.007685
1,2,-1,1.0,0.25,1.0,1.0,-1,-1,1.0,0.0
1,2,-1,0.3,0.3,0.05,0.05,-1,-1,0.554207,0.137797
1,2,-1,0.3,0.3,0.1,0.1,-1,-1,0.554207,0.137797
1,2,-1,0.3,0.3,0.15,0.15,-1,-1,0.554207,0.137797
1,2,-1,0.3,0.3,0.2,0.2,-1,-1,0.554207,0.137797
1,2,-1,0.3,0.3,0.25,0.25,-1,-1,0.554207,0.137797
1,2,-1,0.3,0.3,0.3,0.3,-1,-1,0.554207,0.137797
1,2,-1,0.3,0.3,0.35,0.35,-1,-1,0.554207,0.137797
1,2,-1,0.3,0.3,0.4,0.4,-1,-1,0.554207,0.137797
1,2,-1,0.3,0.3,0.45,0.45,-1,-1,0.554207,0.137797
1,2,-1,0.3,0.3,0.5,0.5,-1,-1,0.554207,0.137797
1,2,-1,0.3,0.3,0.55,0.55,-1,-1,0.554207,0.137797
1,2,-1,0.3,0.3,0.6,0.6,-1,-1,0.554207,0.137797
1,2,-1,0.3,0.3,0.65,0.65,-1,-1,0.554207,0.137797
1,2,-1,0.3,0.3,0.7,0.7,-1,-1,0.554207,0.137797
1,2,-1,0.3,0.3,0.75,0.75,-1,-1,0.554207,0.137797
1,2,-1,0.3,0.3,0.8,0.8,-1,-1,0.554207,0.137797
1,2,-1,0.3,0.3,0.85,0.85,-1,-1,0.554207,0.137797
1,2,-1,0.3,0.3,0.9,0.9,-1,-1,0.554207,0.137797
1,2,-1,0.3,0.3,0.95,0.95,-1,-1,0.554207,0.137797
1,2,-1,0.3,0.3,1.0,1.0,-1,-1,0.554207,0.137797
1,2,-1,0.35,0.3,0.05,0.05,-1,-1,0.554779,0.134167
1,2,-1,0.35,0.3,0.1,0.1,-1,-1,0.55567,0.131671
1,2,-1,0.35,0.3,0.15,0.15,-1,-1,0.556562,0.129714
1,2,-1,0.35,0.3,0.2,0.2,-1,-1,0.557622,0.127615
1,2,-1,0.35,0.3,0.25,0.25,-1,-1,0.558698,0.125701
1,2,-1,0.35,0.3,0.3,0.3,-1,-1,0.559741,0.123772
1,2,-1,0.35,0.3,0.35,0.35,-1,-1,0.56107,0.121914
1,2,-1,0.35,0.3,0.4,0.4,-1,-1,0.562584,0.119971
1,2,-1,0.35,0.3,0.45,0.45,-1,-1,0.564737,0.117915
1,2,-1,0.35,0.3,0.5,0.5,-1,-1,0.567075,0.116072
1,2,-1,0.35,0.3,0.55,0.55,-1,-1,0.568925,0.114767
1,2,-1,0.35,0.3,0.6,0.6,-1,-1,0.570775,0.113491
1,2,-1,0.35,0.3,0.65,0.65,-1,-1,0.572592,0.112243
1,2,-1,0.35,0.3,0.7,0.7,-1,-1,0.574896,0.111037
1,2,-1,0.35,0.3,0.75,0.75,-1,-1,0.576864,0.110002
1,2,-1,0.35,0.3,0.8,0.8,-1,-1,0.579269,0.108953
1,2,-1,0.35,0.3,0.85,0.85,-1,-1,0.581422,0.108003
1,2,-1,0.35,0.3,0.9,0.9,-1,-1,0.583693,0.107237
1,2,-1,0.35,0.3,0.95,0.95,-1,-1,0.586452,0.106443
1,2,-1,0.35,0.3,1.0,1.0,-1,-1,0.594391,0.104968
1,2,-1,0.4,0.3,0.05,0.05,-1,-1,0.555434,0.131539
1,2,-1,0.4,0.3,0.1,0.1,-1,-1,0.557347,0.127237
1,2,-1,0.4,0.3,0.15,0.15,-1,-1,0.55926,0.123864
1,2,-1,0.4,0.3,0.2,0.2,-1,-1,0.561534,0.120246
1,2,-1,0.4,0.3,0.25,0.25,-1,-1,0.563844,0.116947
1,2,-1,0.4,0.3,0.3,0.3,-1,-1,0.566082,0.113622
1,2,-1,0.4,0.3,0.35,0.35,-1,-1,0.568933,0.11042
1,2,-1,0.4,0.3,0.4,0.4,-1,-1,0.572182,0.107071
1,2,-1,0.4,0.3,0.45,0.45,-1,-1,0.576802,0.103527
1,2,-1,0.4,0.3,0.5,0.5,-1,-1,0.581819,0.100349
1,2,-1,0.4,0.3,0.55,0.55,-1,-1,0.585789,0.098101
1,2,-1,0.4,0.3,0.6,0.6,-1,-1,0.589759,0.095901
1,2,-1,0.4,0.3,0.65,0.65,-1,-1,0.593658,0.09375
1,2,-1,0.4,0.3,0.7,0.7,-1,-1,0.598602,0.091672
1,2,-1,0.4,0.3,0.75,0.75,-1,-1,0.602825,0.089888
1,2,-1,0.4,0.3,0.8,0.8,-1,-1,0.607987,0.088079
1,2,-1,0.4,0.3,0.85,0.85,-1,-1,0.612607,0.086441
1,2,-1,0.4,0.3,0.9,0.9,-1,-1,0.617479,0.085121
1,2,-1,0.4,0.3,0.95,0.95,-1,-1,0.623399,0.083752
1,2,-1,0.4,0.3,1.0,1.0,-1,-1,0.640435,0.08121
1,2,-1,0.45,0.3,0.05,0.05,-1,-1,0.555917,0.129247
1,2,-1,0.45,0.3,0.1,0.1,-1,-1,0.558582,0.123368
1,2,-1,0.45,0.3,0.15,0.15,-1,-1,0.561247,0.118759
1,2,-1,0.45,0.3,0.2,0.2,-1,-1,0.564415,0.113816
1,2,-1,0.45,0.3,0.25,0.25,-1,-1,0.567633,0.109306
1,2,-1,0.45,0.3,0.3,0.3,-1,-1,0.570751,0.104764
1,2,-1,0.45,0.3,0.35,0.35,-1,-1,0.574724,0.100389
1,2,-1,0.45,0.3,0.4,0.4,-1,-1,0.57925,0.095813
1,2,-1,0.45,0.3,0.45,0.45,-1,-1,0.585686,0.09097
1,2,-1,0.45,0.3,0.5,0.5,-1,-1,0.592676,0.086628
1,2,-1,0.45,0.3,0.55,0.55,-1,-1,0.598208,0.083555
1,2,-1,0.45,0.3,0.6,0.6,-1,-1,0.603739,0.080549
1,2,-1,0.45,0.3,0.65,0.65,-1,-1,0.60917,0.077609
1,2,-1,0.45,0.3,0.7,0.7,-1,-1,0.616059,0.07477
1,2,-1,0.45,0.3,0.75,0.75,-1,-1,0.621943,0.072332
1,2,-1,0.45,0.3,0.8,0.8,-1,-1,0.629134,0.06986
1,2,-1,0.45,0.3,0.85,0.85,-1,-1,0.63557,0.067623
1,2,-1,0.45,0.3,0.9,0.9,-1,-1,0.642359,0.065819
1,2,-1,0.45,0.3,0.95,0.95,-1,-1,0.650606,0.063949
1,2,-1,0.45,0.3,1.0,1.0,-1,-1,0.674341,0.060475
1,2,-1,0.5,0.3,0.05,0.05,-1,-1,0.556477,0.127766
1,2,-1,0.5,0.3,0.1,0.1,-1,-1,0.560015,0.120869
1,2,-1,0.5,0.3,0.15,0.15,-1,-1,0.563553,0.115462
1,2,-1,0.5,0.3,0.2,0.2,-1,-1,0.567759,0.109662
1,2,-1,0.5,0.3,0.25,0.25,-1,-1,0.572031,0.104372
1,2,-1,0.5,0.3,0.3,0.3,-1,-1,0.57617,0.099043
1,2,-1,0.5,0.3,0.35,0.35,-1,-1,0.581444,0.09391
1,2,-1,0.5,0.3,0.4,0.4,-1,-1,0.587452,0.088542
1,2,-1,0.5,0.3,0.45,0.45,-1,-1,0.595996,0.08286
1,2,-1,0.5,0.3,0.5,0.5,-1,-1,0.605276,0.077766
1,2,-1,0.5,0.3,0.55,0.55,-1,-1,0.612619,0.074161
1,2,-1,0.5,0.3,0.6,0.6,-1,-1,0.619962,0.070634
1,2,-1,0.5,0.3,0.65,0.65,-1,-1,0.627172,0.067186
1,2,-1,0.5,0.3,0.7,0.7,-1,-1,0.636317,0.063855
1,2,-1,0.5,0.3,0.75,0.75,-1,-1,0.644128,0.060995
1,2,-1,0.5,0.3,0.8,0.8,-1,-1,0.653674,0.058095
1,2,-1,0.5,0.3,0.85,0.85,-1,-1,0.662219,0.05547
1,2,-1,0.5,0.3,0.9,0.9,-1,-1,0.671231,0.053354
1,2,-1,0.5,0.3,0.95,0.95,-1,-1,0.682179,0.051159
1,2,-1,0.5,0.3,1.0,1.0,-1,-1,0.713688,0.047084
1,2,-1,0.55,0.3,0.05,0.05,-1,-1,0.556894,0.126428
1,2,-1,0.55,0.3,0.1,0.1,-1,-1,0.561082,0.118612
1,2,-1,0.55,0.3,0.15,0.15,-1,-1,0.56527,0.112484
1,2,-1,0.55,0.3,0.2,0.2,-1,-1,0.570248,0.105911
1,2,-1,0.55,0.3,0.25,0.25,-1,-1,0.575306,0.099916
1,2,-1,0.55,0.3,0.3,0.3,-1,-1,0.580205,0.093876
1,2,-1,0.55,0.3,0.35,0.35,-1,-1,0.586448,0.088058
1,2,-1,0.55,0.3,0.4,0.4,-1,-1,0.59356,0.081974
1,2,-1,0.55,0.3,0.45,0.45,-1,-1,0.603674,0.075535
1,2,-1,0.55,0.3,0.5,0.5,-1,-1,0.614658,0.069762
1,2,-1,0.55,0.3,0.55,0.55,-1,-1,0.623351,0.065676
1,2,-1,0.55,0.3,0.6,0.6,-1,-1,0.632043,0.061679
1,2,-1,0.55,0.3,0.65,0.65,-1,-1,0.640577,0.057771
1,2,-1,0.55,0.3,0.7,0.7,-1,-1,0.651403,0.053996
1,2,-1,0.55,0.3,0.75,0.75,-1,-1,0.660649,0.050754
1,2,-1,0.55,0.3,0.8,0.8,-1,-1,0.671949,0.047468
1,2,-1,0.55,0.3,0.85,0.85,-1,-1,0.682064,0.044493
1,2,-1,0.55,0.3,0.9,0.9,-1,-1,0.692731,0.042094
1,2,-1,0.55,0.3,0.95,0.95,-1,-1,0.705691,0.039608
1,2,-1,0.55,0.3,1.0,1.0,-1,-1,0.742989,0.034989
1,2,-1,0.6,0.3,0.05,0.05,-1,-1,0.557329,0.125664
1,2,-1,0.6,0.3,0.1,0.1,-1,-1,0.562195,0.117322
1,2,-1,0.6,0.3,0.15,0.15,-1,-1,0.567061,0.110782
1,2,-1,0.6,0.3,0.2,0.2,-1,-1,0.572845,0.103768
1,2,-1,0.6,0.3,0.25,0.25,-1,-1,0.578721,0.097369
1,2,-1,0.6,0.3,0.3,0.3,-1,-1,0.584413,0.090924
1,2,-1,0.6,0.3,0.35,0.35,-1,-1,0.591666,0.084715
1,2,-1,0.6,0.3,0.4,0.4,-1,-1,0.599929,0.078222
1,2,-1,0.6,0.3,0.45,0.45,-1,-1,0.611681,0.071349
1,2,-1,0.6,0.3,0.5,0.5,-1,-1,0.624443,0.065188
1,2,-1,0.6,0.3,0.55,0.55,-1,-1,0.634542,0.060828
1,2,-1,0.6,0.3,0.6,0.6,-1,-1,0.644641,0.056562
1,2,-1,0.6,0.3,0.65,0.65,-1,-1,0.654557,0.052392
1,2,-1,0.6,0.3,0.7,0.7,-1,-1,0.667135,0.048363
1,2,-1,0.6,0.3,0.75,0.75,-1,-1,0.677877,0.044903
1,2,-1,0.6,0.3,0.8,0.8,-1,-1,0.691006,0.041396
1,2,-1,0.6,0.3,0.85,0.85,-1,-1,0.702758,0.038221
1,2,-1,0.6,0.3,0.9,0.9,-1,-1,0.715153,0.035661
1,2,-1,0.6,0.3,0.95,0.95,-1,-1,0.73021,0.033007
1,2,-1,0.6,0.3,1.0,1.0,-1,-1,0.773545,0.028078
1,2,-1,0.65,0.3,0.05,0.05,-1,-1,0.557746,0.125234
1,2,-1,0.65,0.3,0.1,0.1,-1,-1,0.563262,0.116597
1,2,-1,0.65,0.3,0.15,0.15,-1,-1,0.568778,0.109825
1,2,-1,0.65,0.3,0.2,0.2,-1,-1,0.575335,0.102562
1,2,-1,0.65,0.3,0.25,0.25,-1,-1,0.581995,0.095937
1,2,-1,0.65,0.3,0.3,0.3,-1,-1,0.588448,0.089262
1,2,-1,0.65,0.3,0.35,0.35,-1,-1,0.59667,0.082834
1,2,-1,0.65,0.3,0.4,0.4,-1,-1,0.606037,0.076111
1,2,-1,0.65,0.3,0.45,0.45,-1,-1,0.619359,0.068995
1,2,-1,0.65,0.3,0.5,0.5,-1,-1,0.633826,0.062615
1,2,-1,0.65,0.3,0.55,0.55,-1,-1,0.645274,0.0581
1,2,-1,0.65,0.3,0.6,0.6,-1,-1,0.656722,0.053684
1,2,-1,0.65,0.3,0.65,0.65,-1,-1,0.667963,0.049365
1,2,-1,0.65,0.3,0.7,0.7,-1,-1,0.682221,0.045194
1,2,-1,0.65,0.3,0.75,0.75,-1,-1,0.694398,0.041611
1,2,-1,0.65,0.3,0.8,0.8,-1,-1,0.709281,0.03798
1,2,-1,0.65,0.3,0.85,0.85,-1,-1,0.722603,0.034692
1,2,-1,0.65,0.3,0.9,0.9,-1,-1,0.736653,0.032042
1,2,-1,0.65,0.3,0.95,0.95,-1,-1,0.753722,0.029294
1,2,-1,0.65,0.3,1.0,1.0,-1,-1,0.802846,0.02419
1,2,-1,0.7,0.3,0.05,0.05,-1,-1,0.558044,0.124518
1,2,-1,0.7,0.3,0.1,0.1,-1,-1,0.564024,0.115388
1,2,-1,0.7,0.3,0.15,0.15,-1,-1,0.570004,0.108229
1,2,-1,0.7,0.3,0.2,0.2,-1,-1,0.577113,0.100552
1,2,-1,0.7,0.3,0.25,0.25,-1,-1,0.584335,0.093549
1,2,-1,0.7,0.3,0.3,0.3,-1,-1,0.591331,0.086495
1,2,-1,0.7,0.3,0.35,0.35,-1,-1,0.600245,0.079699
1,2,-1,0.7,0.3,0.4,0.4,-1,-1,0.6104,0.072593
1,2,-1,0.7,0.3,0.45,0.45,-1,-1,0.624843,0.065071
1,2,-1,0.7,0.3,0.5,0.5,-1,-1,0.640528,0.058328
1,2,-1,0.7,0.3,0.55,0.55,-1,-1,0.65294,0.053555
1,2,-1,0.7,0.3,0.6,0.6,-1,-1,0.665352,0.048887
1,2,-1,0.7,0.3,0.65,0.65,-1,-1,0.677539,0.044322
1,2,-1,0.7,0.3,0.7,0.7,-1,-1,0.692997,0.039913
1,2,-1,0.7,0.3,0.75,0.75,-1,-1,0.706199,0.036126
1,2,-1,0.7,0.3,0.8,0.8,-1,-1,0.722335,0.032287
1,2,-1,0.7,0.3,0.85,0.85,-1,-1,0.736778,0.028812
1,2,-1,0.7,0.3,0.9,0.9,-1,-1,0.752011,0.026011
1,2,-1,0.7,0.3,0.95,0.95,-1,-1,0.770517,0.023106
1,2,-1,0.7,0.3,1.0,1.0,-1,-1,0.823776,0.017711
1,2,-1,0.75,0.3,0.05,0.05,-1,-1,0.558395,0.124088
1,2,-1,0.75,0.3,0.1,0.1,-1,-1,0.564923,0.114662
1,2,-1,0.75,0.3,0.15,0.15,-1,-1,0.571452,0.107272
1,2,-1,0.75,0.3,0.2,0.2,-1,-1,0.579212,0.099346
1,2,-1,0.75,0.3,0.25,0.25,-1,-1,0.587095,0.092117
1,2,-1,0.75,0.3,0.3,0.3,-1,-1,0.594732,0.084834
1,2,-1,0.75,0.3,0.35,0.35,-1,-1,0.604462,0.077818
1,2,-1,0.75,0.3,0.4,0.4,-1,-1,0.615548,0.070481
1,2,-1,0.75,0.3,0.45,0.45,-1,-1,0.631314,0.062716
1,2,-1,0.75,0.3,0.5,0.5,-1,-1,0.648436,0.055755
1,2,-1,0.75,0.3,0.55,0.55,-1,-1,0.661985,0.050828
1,2,-1,0.75,0.3,0.6,0.6,-1,-1,0.675534,0.046008
1,2,-1,0.75,0.3,0.65,0.65,-1,-1,0.688837,0.041295
1,2,-1,0.75,0.3,0.7,0.7,-1,-1,0.705712,0.036743
1,2,-1,0.75,0.3,0.75,0.75,-1,-1,0.720124,0.032834
1,2,-1,0.75,0.3,0.8,0.8,-1,-1,0.737738,0.028871
1,2,-1,0.75,0.3,0.85,0.85,-1,-1,0.753504,0.025283
1,2,-1,0.75,0.3,0.9,0.9,-1,-1,0.770133,0.022391
1,2,-1,0.75,0.3,0.95,0.95,-1,-1,0.790333,0.019392
1,2,-1,0.75,0.3,1.0,1.0,-1,-1,0.848472,0.013823
1,2,-1,0.8,0.3,0.05,0.05,-1,-1,0.558633,0.123323
1,2,-1,0.8,0.3,0.1,0.1,-1,-1,0.565533,0.113372
1,2,-1,0.8,0.3,0.15,0.15,-1,-1,0.572433,0.10557
1,2,-1,0.8,0.3,0.2,0.2,-1,-1,0.580634,0.097203
1,2,-1,0.8,0.3,0.25,0.25,-1,-1,0.588966,0.08957
1,2,-1,0.8,0.3,0.3,0.3,-1,-1,0.597038,0.081881
1,2,-1,0.8,0.3,0.35,0.35,-1,-1,0.607322,0.074474
1,2,-1,0.8,0.3,0.4,0.4,-1,-1,0.619038,0.066728
1,2,-1,0.8,0.3,0.45,0.45,-1,-1,0.635702,0.05853
1,2,-1,0.8,0.3,0.5,0.5,-1,-1,0.653798,0.05118
1,2,-1,0.8,0.3,0.55,0.55,-1,-1,0.668118,0.045979
1,2,-1,0.8,0.3,0.6,0.6,-1,-1,0.682438,0.04089
1,2,-1,0.8,0.3,0.65,0.65,-1,-1,0.696498,0.035915
1,2,-1,0.8,0.3,0.7,0.7,-1,-1,0.714333,0.031109
1,2,-1,0.8,0.3,0.75,0.75,-1,-1,0.729564,0.026982
1,2,-1,0.8,0.3,0.8,0.8,-1,-1,0.748181,0.022798
1,2,-1,0.8,0.3,0.85,0.85,-1,-1,0.764844,0.01901
1,2,-1,0.8,0.3,0.9,0.9,-1,-1,0.782419,0.015957
1,2,-1,0.8,0.3,0.95,0.95,-1,-1,0.803769,0.012791
1,2,-1,0.8,0.3,1.0,1.0,-1,-1,0.865216,0.006911
1,2,-1,0.85,0.3,0.05,0.05,-1,-1,0.558943,0.122989
1,2,-1,0.85,0.3,0.1,0.1,-1,-1,0.566326,0.112808
1,2,-1,0.85,0.3,0.15,0.15,-1,-1,0.573708,0.104826
1,2,-1,0.85,0.3,0.2,0.2,-1,-1,0.582484,0.096265
1,2,-1,0.85,0.3,0.25,0.25,-1,-1,0.591399,0.088456
1,2,-1,0.85,0.3,0.3,0.3,-1,-1,0.600035,0.080589
1,2,-1,0.85,0.3,0.35,0.35,-1,-1,0.611039,0.073012
1,2,-1,0.85,0.3,0.4,0.4,-1,-1,0.623576,0.065087
1,2,-1,0.85,0.3,0.45,0.45,-1,-1,0.641405,0.0567
1,2,-1,0.85,0.3,0.5,0.5,-1,-1,0.660768,0.04918
1,2,-1,0.85,0.3,0.55,0.55,-1,-1,0.67609,0.043858
1,2,-1,0.85,0.3,0.6,0.6,-1,-1,0.691412,0.038652
1,2,-1,0.85,0.3,0.65,0.65,-1,-1,0.706456,0.033562
1,2,-1,0.85,0.3,0.7,0.7,-1,-1,0.72554,0.028645
1,2,-1,0.85,0.3,0.75,0.75,-1,-1,0.741837,0.024423
1,2,-1,0.85,0.3,0.8,0.8,-1,-1,0.761756,0.020142
1,2,-1,0.85,0.3,0.85,0.85,-1,-1,0.779586,0.016267
1,2,-1,0.85,0.3,0.9,0.9,-1,-1,0.798391,0.013143
1,2,-1,0.85,0.3,0.95,0.95,-1,-1,0.821235,0.009904
1,2,-1,0.85,0.3,1.0,1.0,-1,-1,0.886982,0.003888
1,2,-1,0.9,0.3,0.05,0.05,-1,-1,0.559223,0.122798
1,2,-1,0.9,0.3,0.1,0.1,-1,-1,0.567042,0.112486
1,2,-1,0.9,0.3,0.15,0.15,-1,-1,0.574861,0.1044
1,2,-1,0.9,0.3,0.2,0.2,-1,-1,0.584156,0.095729
1,2,-1,0.9,0.3,0.25,0.25,-1,-1,0.593597,0.087819
1,2,-1,0.9,0.3,0.3,0.3,-1,-1,0.602745,0.079851
1,2,-1,0.9,0.3,0.35,0.35,-1,-1,0.614399,0.072176
1,2,-1,0.9,0.3,0.4,0.4,-1,-1,0.627677,0.064149
1,2,-1,0.9,0.3,0.45,0.45,-1,-1,0.646561,0.055653
1,2,-1,0.9,0.3,0.5,0.5,-1,-1,0.667068,0.048036
1,2,-1,0.9,0.3,0.55,0.55,-1,-1,0.683296,0.042646
1,2,-1,0.9,0.3,0.6,0.6,-1,-1,0.699524,0.037373
1,2,-1,0.9,0.3,0.65,0.65,-1,-1,0.715457,0.032217
1,2,-1,0.9,0.3,0.7,0.7,-1,-1,0.735669,0.027237
1,2,-1,0.9,0.3,0.75,0.75,-1,-1,0.75293,0.02296
1,2,-1,0.9,0.3,0.8,0.8,-1,-1,0.774027,0.018624
1,2,-1,0.9,0.3,0.85,0.85,-1,-1,0.79291,0.014698
1,2,-1,0.9,0.3,0.9,0.9,-1,-1,0.812827,0.011534
1,2,-1,0.9,0.3,0.95,0.95,-1,-1,0.837022,0.008253
1,2,-1,0.9,0.3,1.0,1.0,-1,-1,0.906656,0.00216
1,2,-1,0.95,0.3,0.05,0.05,-1,-1,0.559634,0.122607
1,2,-1,0.95,0.3,0.1,0.1,-1,-1,0.568094,0.112163
1,2,-1,0.95,0.3,0.15,0.15,-1,-1,0.576554,0.103975
1,2,-1,0.95,0.3,0.2,0.2,-1,-1,0.58661,0.095193
1,2,-1,0.95,0.3,0.25,0.25,-1,-1,0.596825,0.087183
1,2,-1,0.95,0.3,0.3,0.3,-1,-1,0.606722,0.079113
1,2,-1,0.95,0.3,0.35,0.35,-1,-1,0.619332,0.07134
1,2,-1,0.95,0.3,0.4,0.4,-1,-1,0.633697,0.06321
1,2,-1,0.95,0.3,0.45,0.45,-1,-1,0.654129,0.054607
1,2,-1,0.95,0.3,0.5,0.5,-1,-1,0.676316,0.046893
1,2,-1,0.95,0.3,0.55,0.55,-1,-1,0.693874,0.041434
1,2,-1,0.95,0.3,0.6,0.6,-1,-1,0.711432,0.036093
1,2,-1,0.95,0.3,0.65,0.65,-1,-1,0.728671,0.030872
1,2,-1,0.95,0.3,0.7,0.7,-1,-1,0.750539,0.025828
1,2,-1,0.95,0.3,0.75,0.75,-1,-1,0.769214,0.021497
1,2,-1,0.95,0.3,0.8,0.8,-1,-1,0.79204,0.017106
1,2,-1,0.95,0.3,0.85,0.85,-1,-1,0.812471,0.01313
1,2,-1,0.95,0.3,0.9,0.9,-1,-1,0.83402,0.009926
1,2,-1,0.95,0.3,0.95,0.95,-1,-1,0.860198,0.006603
1,2,-1,0.95,0.3,1.0,1.0,-1,-1,0.935538,0.000432
1,2,-1,1.0,0.3,0.05,0.05,-1,-1,0.560552,0.122559
1,2,-1,1.0,0.3,0.1,0.1,-1,-1,0.570441,0.112083
1,2,-1,1.0,0.3,0.15,0.15,-1,-1,0.580331,0.103869
1,2,-1,1.0,0.3,0.2,0.2,-1,-1,0.592087,0.095059
1,2,-1,1.0,0.3,0.25,0.25,-1,-1,0.60403,0.087023
1,2,-1,1.0,0.3,0.3,0.3,-1,-1,0.615599,0.078928
1,2,-1,1.0,0.3,0.35,0.35,-1,-1,0.630341,0.071131
1,2,-1,1.0,0.3,0.4,0.4,-1,-1,0.647135,0.062976
1,2,-1,1.0,0.3,0.45,0.45,-1,-1,0.67102,0.054345
1,2,-1,1.0,0.3,0.5,0.5,-1,-1,0.696958,0.046607
1,2,-1,1.0,0.3,0.55,0.55,-1,-1,0.717484,0.041131
1,2,-1,1.0,0.3,0.6,0.6,-1,-1,0.73801,0.035774
1,2,-1,1.0,0.3,0.65,0.65,-1,-1,0.758164,0.030536
1,2,-1,1.0,0.3,0.7,0.7,-1,-1,0.783728,0.025476
1,2,-1,1.0,0.3,0.75,0.75,-1,-1,0.80556,0.021131
1,2,-1,1.0,0.3,0.8,0.8,-1,-1,0.832245,0.016726
1,2,-1,1.0,0.3,0.85,0.85,-1,-1,0.85613,0.012738
1,2,-1,1.0,0.3,0.9,0.9,-1,-1,0.881321,0.009524
1,2,-1,1.0,0.3,0.95,0.95,-1,-1,0.911924,0.00619
1,2,-1,1.0,0.3,1.0,1.0,-1,-1,1.0,0.0
1,2,-1,0.35,0.35,0.05,0.05,-1,-1,0.594391,0.104968
1,2,-1,0.35,0.35,0.1,0.1,-1,-1,0.594391,0.104968
1,2,-1,0.35,0.35,0.15,0.15,-1,-1,0.594391,0.104968
1,2,-1,0.35,0.35,0.2,0.2,-1,-1,0.594391,0.104968
1,2,-1,0.35,0.35,0.25,0.25,-1,-1,0.594391,0.104968
1,2,-1,0.35,0.35,0.3,0.3,-1,-1,0.594391,0.104968
1,2,-1,0.35,0.35,0.35,0.35,-1,-1,0.594391,0.104968
1,2,-1,0.35,0.35,0.4,0.4,-1,-1,0.594391,0.104968
1,2,-1,0.35,0.35,0.45,0.45,-1,-1,0.594391,0.104968
1,2,-1,0.35,0.35,0.5,0.5,-1,-1,0.594391,0.104968
1,2,-1,0.35,0.35,0.55,0.55,-1,-1,0.594391,0.104968
1,2,-1,0.35,0.35,0.6,0.6,-1,-1,0.594391,0.104968
1,2,-1,0.35,0.35,0.65,0.65,-1,-1,0.594391,0.104968
1,2,-1,0.35,0.35,0.7,0.7,-1,-1,0.594391,0.104968
1,2,-1,0.35,0.35,0.75,0.75,-1,-1,0.594391,0.104968
1,2,-1,0.35,0.35,0.8,0.8,-1,-1,0.594391,0.104968
1,2,-1,0.35,0.35,0.85,0.85,-1,-1,0.594391,0.104968
1,2,-1,0.35,0.35,0.9,0.9,-1,-1,0.594391,0.104968
1,2,-1,0.35,0.35,0.95,0.95,-1,-1,0.594391,0.104968
1,2,-1,0.35,0.35,1.0,1.0,-1,-1,0.594391,0.104968
1,2,-1,0.4,0.35,0.05,0.05,-1,-1,0.595046,0.102341
1,2,-1,0.4,0.35,0.1,0.1,-1,-1,0.596068,0.100535
1,2,-1,0.4,0.35,0.15,0.15,-1,-1,0.597089,0.099118
1,2,-1,0.4,0.35,0.2,0.2,-1,-1,0.598303,0.097599
1,2,-1,0.4,0.35,0.25,0.25,-1,-1,0.599537,0.096214
1,2,-1,0.4,0.35,0.3,0.3,-1,-1,0.600732,0.094818
1,2,-1,0.4,0.35,0.35,0.35,-1,-1,0.602255,0.093474
1,2,-1,0.4,0.35,0.4,0.4,-1,-1,0.603989,0.092068
1,2,-1,0.4,0.35,0.45,0.45,-1,-1,0.606456,0.09058
1,2,-1,0.4,0.35,0.5,0.5,-1,-1,0.609135,0.089246
1,2,-1,0.4,0.35,0.55,0.55,-1,-1,0.611255,0.088301
1,2,-1,0.4,0.35,0.6,0.6,-1,-1,0.613375,0.087378
1,2,-1,0.4,0.35,0.65,0.65,-1,-1,0.615457,0.086475
1,2,-1,0.4,0.35,0.7,0.7,-1,-1,0.618097,0.085602
1,2,-1,0.4,0.35,0.75,0.75,-1,-1,0.620352,0.084853
1,2,-1,0.4,0.35,0.8,0.8,-1,-1,0.623108,0.084094
1,2,-1,0.4,0.35,0.85,0.85,-1,-1,0.625575,0.083406
1,2,-1,0.4,0.35,0.9,0.9,-1,-1,0.628177,0.082852
1,2,-1,0.4,0.35,0.95,0.95,-1,-1,0.631338,0.082277
1,2,-1,0.4,0.35,1.0,1.0,-1,-1,0.640435,0.08121
1,2,-1,0.45,0.35,0.05,0.05,-1,-1,0.595529,0.100048
1,2,-1,0.45,0.35,0.1,0.1,-1,-1,0.597303,0.096665
1,2,-1,0.45,0.35,0.15,0.15,-1,-1,0.599076,0.094013
1,2,-1,0.45,0.35,0.2,0.2,-1,-1,0.601185,0.091168
1,2,-1,0.45,0.35,0.25,0.25,-1,-1,0.603326,0.088574
1,2,-1,0.45,0.35,0.3,0.3,-1,-1,0.605401,0.08596
1,2,-1,0.45,0.35,0.35,0.35,-1,-1,0.608045,0.083442
1,2,-1,0.45,0.35,0.4,0.4,-1,-1,0.611057,0.080809
1,2,-1,0.45,0.35,0.45,0.45,-1,-1,0.615341,0.078022
1,2,-1,0.45,0.35,0.5,0.5,-1,-1,0.619992,0.075524
1,2,-1,0.45,0.35,0.55,0.55,-1,-1,0.623674,0.073756
1,2,-1,0.45,0.35,0.6,0.6,-1,-1,0.627355,0.072026
1,2,-1,0.45,0.35,0.65,0.65,-1,-1,0.630969,0.070335
1,2,-1,0.45,0.35,0.7,0.7,-1,-1,0.635554,0.068701
1,2,-1,0.45,0.35,0.75,0.75,-1,-1,0.63947,0.067298
1,2,-1,0.45,0.35,0.8,0.8,-1,-1,0.644255,0.065876
1,2,-1,0.45,0.35,0.85,0.85,-1,-1,0.648539,0.064588
1,2,-1,0.45,0.35,0.9,0.9,-1,-1,0.653057,0.06355
1,2,-1,0.45,0.35,0.95,0.95,-1,-1,0.658545,0.062474
1,2,-1,0.45,0.35,1.0,1.0,-1,-1,0.674341,0.060475
1,2,-1,0.5,0.35,0.05,0.05,-1,-1,0.596089,0.098567
1,2,-1,0.5,0.35,0.1,0.1,-1,-1,0.598735,0.094166
1,2,-1,0.5,0.35,0.15,0.15,-1,-1,0.601382,0.090716
1,2,-1,0.5,0.35,0.2,0.2,-1,-1,0.604528,0.087015
1,2,-1,0.5,0.35,0.25,0.25,-1,-1,0.607724,0.08364
1,2,-1,0.5,0.35,0.3,0.3,-1,-1,0.61082,0.080239
1,2,-1,0.5,0.35,0.35,0.35,-1,-1,0.614765,0.076964
1,2,-1,0.5,0.35,0.4,0.4,-1,-1,0.619259,0.073538
1,2,-1,0.5,0.35,0.45,0.45,-1,-1,0.625651,0.069913
1,2,-1,0.5,0.35,0.5,0.5,-1,-1,0.632592,0.066662
1,2,-1,0.5,0.35,0.55,0.55,-1,-1,0.638085,0.064362
1,2,-1,0.5,0.35,0.6,0.6,-1,-1,0.643578,0.062111
1,2,-1,0.5,0.35,0.65,0.65,-1,-1,0.648971,0.059911
1,2,-1,0.5,0.35,0.7,0.7,-1,-1,0.655812,0.057786
1,2,-1,0.5,0.35,0.75,0.75,-1,-1,0.661655,0.05596
1,2,-1,0.5,0.35,0.8,0.8,-1,-1,0.668796,0.05411
1,2,-1,0.5,0.35,0.85,0.85,-1,-1,0.675187,0.052435
1,2,-1,0.5,0.35,0.9,0.9,-1,-1,0.681929,0.051085
1,2,-1,0.5,0.35,0.95,0.95,-1,-1,0.690118,0.049684
1,2,-1,0.5,0.35,1.0,1.0,-1,-1,0.713688,0.047084
1,2,-1,0.55,0.35,0.05,0.05,-1,-1,0.596506,0.09723
1,2,-1,0.55,0.35,0.1,0.1,-1,-1,0.599802,0.091909
1,2,-1,0.55,0.35,0.15,0.15,-1,-1,0.603099,0.087738
1,2,-1,0.55,0.35,0.2,0.2,-1,-1,0.607018,0.083264
1,2,-1,0.55,0.35,0.25,0.25,-1,-1,0.610999,0.079183
1,2,-1,0.55,0.35,0.3,0.3,-1,-1,0.614855,0.075072
1,2,-1,0.55,0.35,0.35,0.35,-1,-1,0.619769,0.071112
1,2,-1,0.55,0.35,0.4,0.4,-1,-1,0.625367,0.066971
1,2,-1,0.55,0.35,0.45,0.45,-1,-1,0.633329,0.062588
1,2,-1,0.55,0.35,0.5,0.5,-1,-1,0.641975,0.058658
1,2,-1,0.55,0.35,0.55,0.55,-1,-1,0.648817,0.055877
1,2,-1,0.55,0.35,0.6,0.6,-1,-1,0.655659,0.053156
1,2,-1,0.55,0.35,0.65,0.65,-1,-1,0.662377,0.050496
1,2,-1,0.55,0.35,0.7,0.7,-1,-1,0.670898,0.047927
1,2,-1,0.55,0.35,0.75,0.75,-1,-1,0.678176,0.04572
1,2,-1,0.55,0.35,0.8,0.8,-1,-1,0.68707,0.043483
1,2,-1,0.55,0.35,0.85,0.85,-1,-1,0.695032,0.041458
1,2,-1,0.55,0.35,0.9,0.9,-1,-1,0.703429,0.039826
1,2,-1,0.55,0.35,0.95,0.95,-1,-1,0.71363,0.038133
1,2,-1,0.55,0.35,1.0,1.0,-1,-1,0.742989,0.034989
1,2,-1,0.6,0.35,0.05,0.05,-1,-1,0.596941,0.096465
1,2,-1,0.6,0.35,0.1,0.1,-1,-1,0.600915,0.09062
1,2,-1,0.6,0.35,0.15,0.15,-1,-1,0.60489,0.086036
1,2,-1,0.6,0.35,0.2,0.2,-1,-1,0.609614,0.08112
1,2,-1,0.6,0.35,0.25,0.25,-1,-1,0.614414,0.076637
1,2,-1,0.6,0.35,0.3,0.3,-1,-1,0.619063,0.07212
1,2,-1,0.6,0.35,0.35,0.35,-1,-1,0.624987,0.067769
1,2,-1,0.6,0.35,0.4,0.4,-1,-1,0.631737,0.063218
1,2,-1,0.6,0.35,0.45,0.45,-1,-1,0.641335,0.058402
1,2,-1,0.6,0.35,0.5,0.5,-1,-1,0.651759,0.054084
1,2,-1,0.6,0.35,0.55,0.55,-1,-1,0.660008,0.051029
1,2,-1,0.6,0.35,0.6,0.6,-1,-1,0.668257,0.048039
1,2,-1,0.6,0.35,0.65,0.65,-1,-1,0.676356,0.045117
1,2,-1,0.6,0.35,0.7,0.7,-1,-1,0.68663,0.042294
1,2,-1,0.6,0.35,0.75,0.75,-1,-1,0.695404,0.039869
1,2,-1,0.6,0.35,0.8,0.8,-1,-1,0.706128,0.037411
1,2,-1,0.6,0.35,0.85,0.85,-1,-1,0.715727,0.035186
1,2,-1,0.6,0.35,0.9,0.9,-1,-1,0.725851,0.033392
1,2,-1,0.6,0.35,0.95,0.95,-1,-1,0.738149,0.031532
1,2,-1,0.6,0.35,1.0,1.0,-1,-1,0.773545,0.028078
1,2,-1,0.65,0.35,0.05,0.05,-1,-1,0.597358,0.096035
1,2,-1,0.65,0.35,0.1,0.1,-1,-1,0.601982,0.089894
1,2,-1,0.65,0.35,0.15,0.15,-1,-1,0.606607,0.085079
1,2,-1,0.65,0.35,0.2,0.2,-1,-1,0.612104,0.079915
1,2,-1,0.65,0.35,0.25,0.25,-1,-1,0.617688,0.075204
1,2,-1,0.65,0.35,0.3,0.3,-1,-1,0.623098,0.070459
1,2,-1,0.65,0.35,0.35,0.35,-1,-1,0.629992,0.065888
1,2,-1,0.65,0.35,0.4,0.4,-1,-1,0.637844,0.061107
1,2,-1,0.65,0.35,0.45,0.45,-1,-1,0.649013,0.056048
1,2,-1,0.65,0.35,0.5,0.5,-1,-1,0.661142,0.051511
1,2,-1,0.65,0.35,0.55,0.55,-1,-1,0.67074,0.048301
1,2,-1,0.65,0.35,0.6,0.6,-1,-1,0.680338,0.045161
1,2,-1,0.65,0.35,0.65,0.65,-1,-1,0.689762,0.04209
1,2,-1,0.65,0.35,0.7,0.7,-1,-1,0.701716,0.039124
1,2,-1,0.65,0.35,0.75,0.75,-1,-1,0.711925,0.036577
1,2,-1,0.65,0.35,0.8,0.8,-1,-1,0.724403,0.033995
1,2,-1,0.65,0.35,0.85,0.85,-1,-1,0.735572,0.031657
1,2,-1,0.65,0.35,0.9,0.9,-1,-1,0.747351,0.029773
1,2,-1,0.65,0.35,0.95,0.95,-1,-1,0.761661,0.027819
1,2,-1,0.65,0.35,1.0,1.0,-1,-1,0.802846,0.02419
1,2,-1,0.7,0.35,0.05,0.05,-1,-1,0.597656,0.095319
1,2,-1,0.7,0.35,0.1,0.1,-1,-1,0.602745,0.088685
1,2,-1,0.7,0.35,0.15,0.15,-1,-1,0.607833,0.083484
1,2,-1,0.7,0.35,0.2,0.2,-1,-1,0.613883,0.077905
1,2,-1,0.7,0.35,0.25,0.25,-1,-1,0.620028,0.072817
1,2,-1,0.7,0.35,0.3,0.3,-1,-1,0.625981,0.067691
1,2,-1,0.7,0.35,0.35,0.35,-1,-1,0.633566,0.062753
1,2,-1,0.7,0.35,0.4,0.4,-1,-1,0.642207,0.057589
1,2,-1,0.7,0.35,0.45,0.45,-1,-1,0.654498,0.052124
1,2,-1,0.7,0.35,0.5,0.5,-1,-1,0.667844,0.047224
1,2,-1,0.7,0.35,0.55,0.55,-1,-1,0.678406,0.043756
1,2,-1,0.7,0.35,0.6,0.6,-1,-1,0.688968,0.040364
1,2,-1,0.7,0.35,0.65,0.65,-1,-1,0.699338,0.037047
1,2,-1,0.7,0.35,0.7,0.7,-1,-1,0.712492,0.033843
1,2,-1,0.7,0.35,0.75,0.75,-1,-1,0.723726,0.031092
1,2,-1,0.7,0.35,0.8,0.8,-1,-1,0.737457,0.028302
1,2,-1,0.7,0.35,0.85,0.85,-1,-1,0.749747,0.025777
1,2,-1,0.7,0.35,0.9,0.9,-1,-1,0.762709,0.023742
1,2,-1,0.7,0.35,0.95,0.95,-1,-1,0.778456,0.021631
1,2,-1,0.7,0.35,1.0,1.0,-1,-1,0.823776,0.017711
1,2,-1,0.75,0.35,0.05,0.05,-1,-1,0.598007,0.094889
1,2,-1,0.75,0.35,0.1,0.1,-1,-1,0.603644,0.08796
1,2,-1,0.75,0.35,0.15,0.15,-1,-1,0.609281,0.082526
1,2,-1,0.75,0.35,0.2,0.2,-1,-1,0.615981,0.076699
1,2,-1,0.75,0.35,0.25,0.25,-1,-1,0.622788,0.071384
1,2,-1,0.75,0.35,0.3,0.3,-1,-1,0.629382,0.06603
1,2,-1,0.75,0.35,0.35,0.35,-1,-1,0.637784,0.060872
1,2,-1,0.75,0.35,0.4,0.4,-1,-1,0.647355,0.055478
1,2,-1,0.75,0.35,0.45,0.45,-1,-1,0.660969,0.049769
1,2,-1,0.75,0.35,0.5,0.5,-1,-1,0.675752,0.044651
1,2,-1,0.75,0.35,0.55,0.55,-1,-1,0.687451,0.041029
1,2,-1,0.75,0.35,0.6,0.6,-1,-1,0.69915,0.037485
1,2,-1,0.75,0.35,0.65,0.65,-1,-1,0.710637,0.034021
1,2,-1,0.75,0.35,0.7,0.7,-1,-1,0.725207,0.030674
1,2,-1,0.75,0.35,0.75,0.75,-1,-1,0.737651,0.0278
1,2,-1,0.75,0.35,0.8,0.8,-1,-1,0.752859,0.024886
1,2,-1,0.75,0.35,0.85,0.85,-1,-1,0.766473,0.022249
1,2,-1,0.75,0.35,0.9,0.9,-1,-1,0.780831,0.020122
1,2,-1,0.75,0.35,0.95,0.95,-1,-1,0.798273,0.017918
1,2,-1,0.75,0.35,1.0,1.0,-1,-1,0.848472,0.013823
1,2,-1,0.8,0.35,0.05,0.05,-1,-1,0.598245,0.094125
1,2,-1,0.8,0.35,0.1,0.1,-1,-1,0.604254,0.08667
1,2,-1,0.8,0.35,0.15,0.15,-1,-1,0.610262,0.080824
1,2,-1,0.8,0.35,0.2,0.2,-1,-1,0.617404,0.074556
1,2,-1,0.8,0.35,0.25,0.25,-1,-1,0.624659,0.068837
1,2,-1,0.8,0.35,0.3,0.3,-1,-1,0.631688,0.063077
1,2,-1,0.8,0.35,0.35,0.35,-1,-1,0.640643,0.057528
1,2,-1,0.8,0.35,0.4,0.4,-1,-1,0.650846,0.051725
1,2,-1,0.8,0.35,0.45,0.45,-1,-1,0.665356,0.045583
1,2,-1,0.8,0.35,0.5,0.5,-1,-1,0.681114,0.040077
1,2,-1,0.8,0.35,0.55,0.55,-1,-1,0.693584,0.03618
1,2,-1,0.8,0.35,0.6,0.6,-1,-1,0.706054,0.032368
1,2,-1,0.8,0.35,0.65,0.65,-1,-1,0.718297,0.02864
1,2,-1,0.8,0.35,0.7,0.7,-1,-1,0.733828,0.02504
1,2,-1,0.8,0.35,0.75,0.75,-1,-1,0.747091,0.021948
1,2,-1,0.8,0.35,0.8,0.8,-1,-1,0.763302,0.018813
1,2,-1,0.8,0.35,0.85,0.85,-1,-1,0.777813,0.015975
1,2,-1,0.8,0.35,0.9,0.9,-1,-1,0.793117,0.013688
1,2,-1,0.8,0.35,0.95,0.95,-1,-1,0.811709,0.011316
1,2,-1,0.8,0.35,1.0,1.0,-1,-1,0.865216,0.006911
1,2,-1,0.85,0.35,0.05,0.05,-1,-1,0.598555,0.09379
1,2,-1,0.85,0.35,0.1,0.1,-1,-1,0.605046,0.086106
1,2,-1,0.85,0.35,0.15,0.15,-1,-1,0.611537,0.08008
1,2,-1,0.85,0.35,0.2,0.2,-1,-1,0.619253,0.073618
1,2,-1,0.85,0.35,0.25,0.25,-1,-1,0.627092,0.067723
1,2,-1,0.85,0.35,0.3,0.3,-1,-1,0.634685,0.061785
1,2,-1,0.85,0.35,0.35,0.35,-1,-1,0.644361,0.056065
1,2,-1,0.85,0.35,0.4,0.4,-1,-1,0.655383,0.050083
1,2,-1,0.85,0.35,0.45,0.45,-1,-1,0.67106,0.043752
1,2,-1,0.85,0.35,0.5,0.5,-1,-1,0.688084,0.038076
1,2,-1,0.85,0.35,0.55,0.55,-1,-1,0.701556,0.034059
1,2,-1,0.85,0.35,0.6,0.6,-1,-1,0.715028,0.030129
1,2,-1,0.85,0.35,0.65,0.65,-1,-1,0.728255,0.026287
1,2,-1,0.85,0.35,0.7,0.7,-1,-1,0.745034,0.022576
1,2,-1,0.85,0.35,0.75,0.75,-1,-1,0.759364,0.019388
1,2,-1,0.85,0.35,0.8,0.8,-1,-1,0.776878,0.016157
1,2,-1,0.85,0.35,0.85,0.85,-1,-1,0.792554,0.013232
1,2,-1,0.85,0.35,0.9,0.9,-1,-1,0.809088,0.010874
1,2,-1,0.85,0.35,0.95,0.95,-1,-1,0.829174,0.008429
1,2,-1,0.85,0.35,1.0,1.0,-1,-1,0.886982,0.003888
1,2,-1,0.9,0.35,0.05,0.05,-1,-1,0.598835,0.093599
1,2,-1,0.9,0.35,0.1,0.1,-1,-1,0.605763,0.085783
1,2,-1,0.9,0.35,0.15,0.15,-1,-1,0.61269,0.079655
1,2,-1,0.9,0.35,0.2,0.2,-1,-1,0.620925,0.073082
1,2,-1,0.9,0.35,0.25,0.25,-1,-1,0.62929,0.067087
1,2,-1,0.9,0.35,0.3,0.3,-1,-1,0.637395,0.061047
1,2,-1,0.9,0.35,0.35,0.35,-1,-1,0.647721,0.055229
1,2,-1,0.9,0.35,0.4,0.4,-1,-1,0.659484,0.049145
1,2,-1,0.9,0.35,0.45,0.45,-1,-1,0.676215,0.042706
1,2,-1,0.9,0.35,0.5,0.5,-1,-1,0.694384,0.036933
1,2,-1,0.9,0.35,0.55,0.55,-1,-1,0.708762,0.032847
1,2,-1,0.9,0.35,0.6,0.6,-1,-1,0.72314,0.02885
1,2,-1,0.9,0.35,0.65,0.65,-1,-1,0.737257,0.024942
1,2,-1,0.9,0.35,0.7,0.7,-1,-1,0.755164,0.021167
1,2,-1,0.9,0.35,0.75,0.75,-1,-1,0.770457,0.017925
1,2,-1,0.9,0.35,0.8,0.8,-1,-1,0.789148,0.014639
1,2,-1,0.9,0.35,0.85,0.85,-1,-1,0.805879,0.011664
1,2,-1,0.9,0.35,0.9,0.9,-1,-1,0.823525,0.009265
1,2,-1,0.9,0.35,0.95,0.95,-1,-1,0.844961,0.006779
1,2,-1,0.9,0.35,1.0,1.0,-1,-1,0.906656,0.00216
1,2,-1,0.95,0.35,0.05,0.05,-1,-1,0.599246,0.093408
1,2,-1,0.95,0.35,0.1,0.1,-1,-1,0.606815,0.085461
1,2,-1,0.95,0.35,0.15,0.15,-1,-1,0.614383,0.079229
1,2,-1,0.95,0.35,0.2,0.2,-1,-1,0.623379,0.072546
1,2,-1,0.95,0.35,0.25,0.25,-1,-1,0.632518,0.06645
1,2,-1,0.95,0.35,0.3,0.3,-1,-1,0.641372,0.060309
1,2,-1,0.95,0.35,0.35,0.35,-1,-1,0.652653,0.054393
1,2,-1,0.95,0.35,0.4,0.4,-1,-1,0.665505,0.048207
1,2,-1,0.95,0.35,0.45,0.45,-1,-1,0.683783,0.041659
1,2,-1,0.95,0.35,0.5,0.5,-1,-1,0.703632,0.035789
1,2,-1,0.95,0.35,0.55,0.55,-1,-1,0.71934,0.031635
1,2,-1,0.95,0.35,0.6,0.6,-1,-1,0.735048,0.027571
1,2,-1,0.95,0.35,0.65,0.65,-1,-1,0.750471,0.023597
1,2,-1,0.95,0.35,0.7,0.7,-1,-1,0.770034,0.019759
1,2,-1,0.95,0.35,0.75,0.75,-1,-1,0.786741,0.016462
1,2,-1,0.95,0.35,0.8,0.8,-1,-1,0.807162,0.013121
1,2,-1,0.95,0.35,0.85,0.85,-1,-1,0.82544,0.010095
1,2,-1,0.95,0.35,0.9,0.9,-1,-1,0.844718,0.007657
1,2,-1,0.95,0.35,0.95,0.95,-1,-1,0.868137,0.005128
1,2,-1,0.95,0.35,1.0,1.0,-1,-1,0.935538,0.000432
1,2,-1,1.0,0.35,0.05,0.05,-1,-1,0.600164,0.09336
1,2,-1,1.0,0.35,0.1,0.1,-1,-1,0.609162,0.08538
1,2,-1,1.0,0.35,0.15,0.15,-1,-1,0.61816,0.079123
1,2,-1,1.0,0.35,0.2,0.2,-1,-1,0.628857,0.072412
1,2,-1,1.0,0.35,0.25,0.25,-1,-1,0.639723,0.066291
1,2,-1,1.0,0.35,0.3,0.3,-1,-1,0.650249,0.060124
1,2,-1,1.0,0.35,0.35,0.35,-1,-1,0.663662,0.054184
1,2,-1,1.0,0.35,0.4,0.4,-1,-1,0.678942,0.047972
1,2,-1,1.0,0.35,0.45,0.45,-1,-1,0.700674,0.041398
1,2,-1,1.0,0.35,0.5,0.5,-1,-1,0.724274,0.035503
1,2,-1,1.0,0.35,0.55,0.55,-1,-1,0.74295,0.031332
1,2,-1,1.0,0.35,0.6,0.6,-1,-1,0.761626,0.027251
1,2,-1,1.0,0.35,0.65,0.65,-1,-1,0.779963,0.023261
1,2,-1,1.0,0.35,0.7,0.7,-1,-1,0.803223,0.019407
1,2,-1,1.0,0.35,0.75,0.75,-1,-1,0.823087,0.016097
1,2,-1,1.0,0.35,0.8,0.8,-1,-1,0.847366,0.012741
1,2,-1,1.0,0.35,0.85,0.85,-1,-1,0.869098,0.009703
1,2,-1,1.0,0.35,0.9,0.9,-1,-1,0.892019,0.007255
1,2,-1,1.0,0.35,0.95,0.95,-1,-1,0.919863,0.004716
1,2,-1,1.0,0.35,1.0,1.0,-1,-1,1.0,0.0
1,2,-1,0.4,0.4,0.05,0.05,-1,-1,0.640435,0.08121
1,2,-1,0.4,0.4,0.1,0.1,-1,-1,0.640435,0.08121
1,2,-1,0.4,0.4,0.15,0.15,-1,-1,0.640435,0.08121
1,2,-1,0.4,0.4,0.2,0.2,-1,-1,0.640435,0.08121
1,2,-1,0.4,0.4,0.25,0.25,-1,-1,0.640435,0.08121
1,2,-1,0.4,0.4,0.3,0.3,-1,-1,0.640435,0.08121
1,2,-1,0.4,0.4,0.35,0.35,-1,-1,0.640435,0.08121
1,2,-1,0.4,0.4,0.4,0.4,-1,-1,0.640435,0.08121
1,2,-1,0.4,0.4,0.45,0.45,-1,-1,0.640435,0.08121
1,2,-1,0.4,0.4,0.5,0.5,-1,-1,0.640435,0.08121
1,2,-1,0.4,0.4,0.55,0.55,-1,-1,0.640435,0.08121
1,2,-1,0.4,0.4,0.6,0.6,-1,-1,0.640435,0.08121
1,2,-1,0.4,0.4,0.65,0.65,-1,-1,0.640435,0.08121
1,2,-1,0.4,0.4,0.7,0.7,-1,-1,0.640435,0.08121
1,2,-1,0.4,0.4,0.75,0.75,-1,-1,0.640435,0.08121
1,2,-1,0.4,0.4,0.8,0.8,-1,-1,0.640435,0.08121
1,2,-1,0.4,0.4,0.85,0.85,-1,-1,0.640435,0.08121
1,2,-1,0.4,0.4,0.9,0.9,-1,-1,0.640435,0.08121
1,2,-1,0.4,0.4,0.95,0.95,-1,-1,0.640435,0.08121
1,2,-1,0.4,0.4,1.0,1.0,-1,-1,0.640435,0.08121
1,2,-1,0.45,0.4,0.05,0.05,-1,-1,0.640918,0.078917
1,2,-1,0.45,0.4,0.1,0.1,-1,-1,0.64167,0.077341
1,2,-1,0.45,0.4,0.15,0.15,-1,-1,0.642422,0.076105
1,2,-1,0.45,0.4,0.2,0.2,-1,-1,0.643316,0.074779
1,2,-1,0.45,0.4,0.25,0.25,-1,-1,0.644224,0.07357
1,2,-1,0.45,0.4,0.3,0.3,-1,-1,0.645104,0.072352
1,2,-1,0.45,0.4,0.35,0.35,-1,-1,0.646226,0.071178
1,2,-1,0.45,0.4,0.4,0.4,-1,-1,0.647503,0.069951
1,2,-1,0.45,0.4,0.45,0.45,-1,-1,0.64932,0.068653
1,2,-1,0.45,0.4,0.5,0.5,-1,-1,0.651292,0.067488
1,2,-1,0.45,0.4,0.55,0.55,-1,-1,0.652853,0.066664
1,2,-1,0.45,0.4,0.6,0.6,-1,-1,0.654415,0.065858
1,2,-1,0.45,0.4,0.65,0.65,-1,-1,0.655947,0.06507
1,2,-1,0.45,0.4,0.7,0.7,-1,-1,0.657892,0.064309
1,2,-1,0.45,0.4,0.75,0.75,-1,-1,0.659552,0.063655
1,2,-1,0.45,0.4,0.8,0.8,-1,-1,0.661582,0.062992
1,2,-1,0.45,0.4,0.85,0.85,-1,-1,0.663399,0.062392
1,2,-1,0.45,0.4,0.9,0.9,-1,-1,0.665315,0.061908
1,2,-1,0.45,0.4,0.95,0.95,-1,-1,0.667642,0.061406
1,2,-1,0.45,0.4,1.0,1.0,-1,-1,0.674341,0.060475
1,2,-1,0.5,0.4,0.05,0.05,-1,-1,0.641478,0.077436
1,2,-1,0.5,0.4,0.1,0.1,-1,-1,0.643103,0.074842
1,2,-1,0.5,0.4,0.15,0.15,-1,-1,0.644728,0.072807
1,2,-1,0.5,0.4,0.2,0.2,-1,-1,0.64666,0.070626
1,2,-1,0.5,0.4,0.25,0.25,-1,-1,0.648622,0.068636
1,2,-1,0.5,0.4,0.3,0.3,-1,-1,0.650523,0.066631
1,2,-1,0.5,0.4,0.35,0.35,-1,-1,0.652945,0.0647
1,2,-1,0.5,0.4,0.4,0.4,-1,-1,0.655705,0.06268
1,2,-1,0.5,0.4,0.45,0.45,-1,-1,0.65963,0.060543
1,2,-1,0.5,0.4,0.5,0.5,-1,-1,0.663892,0.058626
1,2,-1,0.5,0.4,0.55,0.55,-1,-1,0.667265,0.05727
1,2,-1,0.5,0.4,0.6,0.6,-1,-1,0.670638,0.055943
1,2,-1,0.5,0.4,0.65,0.65,-1,-1,0.673949,0.054646
1,2,-1,0.5,0.4,0.7,0.7,-1,-1,0.67815,0.053393
1,2,-1,0.5,0.4,0.75,0.75,-1,-1,0.681738,0.052317
1,2,-1,0.5,0.4,0.8,0.8,-1,-1,0.686122,0.051226
1,2,-1,0.5,0.4,0.85,0.85,-1,-1,0.690047,0.050239
1,2,-1,0.5,0.4,0.9,0.9,-1,-1,0.694187,0.049443
1,2,-1,0.5,0.4,0.95,0.95,-1,-1,0.699215,0.048617
1,2,-1,0.5,0.4,1.0,1.0,-1,-1,0.713688,0.047084
1,2,-1,0.55,0.4,0.05,0.05,-1,-1,0.641895,0.076099
1,2,-1,0.55,0.4,0.1,0.1,-1,-1,0.64417,0.072585
1,2,-1,0.55,0.4,0.15,0.15,-1,-1,0.646445,0.069829
1,2,-1,0.55,0.4,0.2,0.2,-1,-1,0.649149,0.066875
1,2,-1,0.55,0.4,0.25,0.25,-1,-1,0.651897,0.064179
1,2,-1,0.55,0.4,0.3,0.3,-1,-1,0.654558,0.061464
1,2,-1,0.55,0.4,0.35,0.35,-1,-1,0.657949,0.058848
1,2,-1,0.55,0.4,0.4,0.4,-1,-1,0.661813,0.056113
1,2,-1,0.55,0.4,0.45,0.45,-1,-1,0.667308,0.053218
1,2,-1,0.55,0.4,0.5,0.5,-1,-1,0.673275,0.050622
1,2,-1,0.55,0.4,0.55,0.55,-1,-1,0.677997,0.048785
1,2,-1,0.55,0.4,0.6,0.6,-1,-1,0.682719,0.046988
1,2,-1,0.55,0.4,0.65,0.65,-1,-1,0.687355,0.045231
1,2,-1,0.55,0.4,0.7,0.7,-1,-1,0.693236,0.043534
1,2,-1,0.55,0.4,0.75,0.75,-1,-1,0.698258,0.042077
1,2,-1,0.55,0.4,0.8,0.8,-1,-1,0.704397,0.040599
1,2,-1,0.55,0.4,0.85,0.85,-1,-1,0.709892,0.039262
1,2,-1,0.55,0.4,0.9,0.9,-1,-1,0.715687,0.038184
1,2,-1,0.55,0.4,0.95,0.95,-1,-1,0.722727,0.037065
1,2,-1,0.55,0.4,1.0,1.0,-1,-1,0.742989,0.034989
1,2,-1,0.6,0.4,0.05,0.05,-1,-1,0.642329,0.075335
1,2,-1,0.6,0.4,0.1,0.1,-1,-1,0.645282,0.071295
1,2,-1,0.6,0.4,0.15,0.15,-1,-1,0.648236,0.068128
1,2,-1,0.6,0.4,0.2,0.2,-1,-1,0.651746,0.064731
1,2,-1,0.6,0.4,0.25,0.25,-1,-1,0.655312,0.061633
1,2,-1,0.6,0.4,0.3,0.3,-1,-1,0.658766,0.058511
1,2,-1,0.6,0.4,0.35,0.35,-1,-1,0.663168,0.055505
1,2,-1,0.6,0.4,0.4,0.4,-1,-1,0.668182,0.05236
1,2,-1,0.6,0.4,0.45,0.45,-1,-1,0.675314,0.049032
1,2,-1,0.6,0.4,0.5,0.5,-1,-1,0.683059,0.046049
1,2,-1,0.6,0.4,0.55,0.55,-1,-1,0.689188,0.043937
1,2,-1,0.6,0.4,0.6,0.6,-1,-1,0.695317,0.041872
1,2,-1,0.6,0.4,0.65,0.65,-1,-1,0.701335,0.039852
1,2,-1,0.6,0.4,0.7,0.7,-1,-1,0.708968,0.037901
1,2,-1,0.6,0.4,0.75,0.75,-1,-1,0.715487,0.036226
1,2,-1,0.6,0.4,0.8,0.8,-1,-1,0.723455,0.034527
1,2,-1,0.6,0.4,0.85,0.85,-1,-1,0.730587,0.03299
1,2,-1,0.6,0.4,0.9,0.9,-1,-1,0.738108,0.03175
1,2,-1,0.6,0.4,0.95,0.95,-1,-1,0.747246,0.030465
1,2,-1,0.6,0.4,1.0,1.0,-1,-1,0.773545,0.028078
1,2,-1,0.65,0.4,0.05,0.05,-1,-1,0.642746,0.074905
1,2,-1,0.65,0.4,0.1,0.1,-1,-1,0.64635,0.07057
1,2,-1,0.65,0.4,0.15,0.15,-1,-1,0.649953,0.067171
1,2,-1,0.65,0.4,0.2,0.2,-1,-1,0.654236,0.063525
1,2,-1,0.65,0.4,0.25,0.25,-1,-1,0.658586,0.0602
1,2,-1,0.65,0.4,0.3,0.3,-1,-1,0.662801,0.05685
1,2,-1,0.65,0.4,0.35,0.35,-1,-1,0.668172,0.053624
1,2,-1,0.65,0.4,0.4,0.4,-1,-1,0.67429,0.050249
1,2,-1,0.65,0.4,0.45,0.45,-1,-1,0.682992,0.046678
1,2,-1,0.65,0.4,0.5,0.5,-1,-1,0.692442,0.043476
1,2,-1,0.65,0.4,0.55,0.55,-1,-1,0.69992,0.04121
1,2,-1,0.65,0.4,0.6,0.6,-1,-1,0.707398,0.038993
1,2,-1,0.65,0.4,0.65,0.65,-1,-1,0.71474,0.036826
1,2,-1,0.65,0.4,0.7,0.7,-1,-1,0.724054,0.034732
1,2,-1,0.65,0.4,0.75,0.75,-1,-1,0.732008,0.032934
1,2,-1,0.65,0.4,0.8,0.8,-1,-1,0.741729,0.031111
1,2,-1,0.65,0.4,0.85,0.85,-1,-1,0.750431,0.029461
1,2,-1,0.65,0.4,0.9,0.9,-1,-1,0.759609,0.028131
1,2,-1,0.65,0.4,0.95,0.95,-1,-1,0.770758,0.026752
1,2,-1,0.65,0.4,1.0,1.0,-1,-1,0.802846,0.02419
1,2,-1,0.7,0.4,0.05,0.05,-1,-1,0.643044,0.074188
1,2,-1,0.7,0.4,0.1,0.1,-1,-1,0.647112,0.069361
1,2,-1,0.7,0.4,0.15,0.15,-1,-1,0.651179,0.065575
1,2,-1,0.7,0.4,0.2,0.2,-1,-1,0.656014,0.061516
1,2,-1,0.7,0.4,0.25,0.25,-1,-1,0.660926,0.057813
1,2,-1,0.7,0.4,0.3,0.3,-1,-1,0.665684,0.054082
1,2,-1,0.7,0.4,0.35,0.35,-1,-1,0.671747,0.050489
1,2,-1,0.7,0.4,0.4,0.4,-1,-1,0.678653,0.046731
1,2,-1,0.7,0.4,0.45,0.45,-1,-1,0.688477,0.042754
1,2,-1,0.7,0.4,0.5,0.5,-1,-1,0.699144,0.039188
1,2,-1,0.7,0.4,0.55,0.55,-1,-1,0.707586,0.036665
1,2,-1,0.7,0.4,0.6,0.6,-1,-1,0.716028,0.034196
1,2,-1,0.7,0.4,0.65,0.65,-1,-1,0.724316,0.031782
1,2,-1,0.7,0.4,0.7,0.7,-1,-1,0.73483,0.029451
1,2,-1,0.7,0.4,0.75,0.75,-1,-1,0.743809,0.027448
1,2,-1,0.7,0.4,0.8,0.8,-1,-1,0.754783,0.025419
1,2,-1,0.7,0.4,0.85,0.85,-1,-1,0.764607,0.023581
1,2,-1,0.7,0.4,0.9,0.9,-1,-1,0.774967,0.0221
1,2,-1,0.7,0.4,0.95,0.95,-1,-1,0.787553,0.020564
1,2,-1,0.7,0.4,1.0,1.0,-1,-1,0.823776,0.017711
1,2,-1,0.75,0.4,0.05,0.05,-1,-1,0.643396,0.073758
1,2,-1,0.75,0.4,0.1,0.1,-1,-1,0.648011,0.068635
1,2,-1,0.75,0.4,0.15,0.15,-1,-1,0.652626,0.064618
1,2,-1,0.75,0.4,0.2,0.2,-1,-1,0.658113,0.06031
1,2,-1,0.75,0.4,0.25,0.25,-1,-1,0.663686,0.05638
1,2,-1,0.75,0.4,0.3,0.3,-1,-1,0.669085,0.052421
1,2,-1,0.75,0.4,0.35,0.35,-1,-1,0.675964,0.048608
1,2,-1,0.75,0.4,0.4,0.4,-1,-1,0.683801,0.04462
1,2,-1,0.75,0.4,0.45,0.45,-1,-1,0.694948,0.040399
1,2,-1,0.75,0.4,0.5,0.5,-1,-1,0.707052,0.036615
1,2,-1,0.75,0.4,0.55,0.55,-1,-1,0.716631,0.033937
1,2,-1,0.75,0.4,0.6,0.6,-1,-1,0.72621,0.031317
1,2,-1,0.75,0.4,0.65,0.65,-1,-1,0.735615,0.028756
1,2,-1,0.75,0.4,0.7,0.7,-1,-1,0.747545,0.026282
1,2,-1,0.75,0.4,0.75,0.75,-1,-1,0.757733,0.024157
1,2,-1,0.75,0.4,0.8,0.8,-1,-1,0.770186,0.022003
1,2,-1,0.75,0.4,0.85,0.85,-1,-1,0.781332,0.020052
1,2,-1,0.75,0.4,0.9,0.9,-1,-1,0.793088,0.01848
1,2,-1,0.75,0.4,0.95,0.95,-1,-1,0.80737,0.01685
1,2,-1,0.75,0.4,1.0,1.0,-1,-1,0.848472,0.013823
1,2,-1,0.8,0.4,0.05,0.05,-1,-1,0.643634,0.072994
1,2,-1,0.8,0.4,0.1,0.1,-1,-1,0.648621,0.067345
1,2,-1,0.8,0.4,0.15,0.15,-1,-1,0.653608,0.062916
1,2,-1,0.8,0.4,0.2,0.2,-1,-1,0.659535,0.058166
1,2,-1,0.8,0.4,0.25,0.25,-1,-1,0.665557,0.053833
1,2,-1,0.8,0.4,0.3,0.3,-1,-1,0.671391,0.049468
1,2,-1,0.8,0.4,0.35,0.35,-1,-1,0.678824,0.045264
1,2,-1,0.8,0.4,0.4,0.4,-1,-1,0.687292,0.040867
1,2,-1,0.8,0.4,0.45,0.45,-1,-1,0.699335,0.036213
1,2,-1,0.8,0.4,0.5,0.5,-1,-1,0.712414,0.032041
1,2,-1,0.8,0.4,0.55,0.55,-1,-1,0.722764,0.029088
1,2,-1,0.8,0.4,0.6,0.6,-1,-1,0.733114,0.0262
1,2,-1,0.8,0.4,0.65,0.65,-1,-1,0.743275,0.023376
1,2,-1,0.8,0.4,0.7,0.7,-1,-1,0.756166,0.020647
1,2,-1,0.8,0.4,0.75,0.75,-1,-1,0.767174,0.018305
1,2,-1,0.8,0.4,0.8,0.8,-1,-1,0.780629,0.01593
1,2,-1,0.8,0.4,0.85,0.85,-1,-1,0.792673,0.013779
1,2,-1,0.8,0.4,0.9,0.9,-1,-1,0.805375,0.012046
1,2,-1,0.8,0.4,0.95,0.95,-1,-1,0.820806,0.010249
1,2,-1,0.8,0.4,1.0,1.0,-1,-1,0.865216,0.006911
1,2,-1,0.85,0.4,0.05,0.05,-1,-1,0.643944,0.07266
1,2,-1,0.85,0.4,0.1,0.1,-1,-1,0.649414,0.066781
1,2,-1,0.85,0.4,0.15,0.15,-1,-1,0.654883,0.062172
1,2,-1,0.85,0.4,0.2,0.2,-1,-1,0.661385,0.057229
1,2,-1,0.85,0.4,0.25,0.25,-1,-1,0.66799,0.052719
1,2,-1,0.85,0.4,0.3,0.3,-1,-1,0.674388,0.048177
1,2,-1,0.85,0.4,0.35,0.35,-1,-1,0.682541,0.043802
1,2,-1,0.85,0.4,0.4,0.4,-1,-1,0.691829,0.039226
1,2,-1,0.85,0.4,0.45,0.45,-1,-1,0.705039,0.034383
1,2,-1,0.85,0.4,0.5,0.5,-1,-1,0.719384,0.030041
1,2,-1,0.85,0.4,0.55,0.55,-1,-1,0.730736,0.026968
1,2,-1,0.85,0.4,0.6,0.6,-1,-1,0.742088,0.023962
1,2,-1,0.85,0.4,0.65,0.65,-1,-1,0.753234,0.021022
1,2,-1,0.85,0.4,0.7,0.7,-1,-1,0.767372,0.018183
1,2,-1,0.85,0.4,0.75,0.75,-1,-1,0.779447,0.015745
1,2,-1,0.85,0.4,0.8,0.8,-1,-1,0.794204,0.013273
1,2,-1,0.85,0.4,0.85,0.85,-1,-1,0.807414,0.011036
1,2,-1,0.85,0.4,0.9,0.9,-1,-1,0.821346,0.009232
1,2,-1,0.85,0.4,0.95,0.95,-1,-1,0.838271,0.007362
1,2,-1,0.85,0.4,1.0,1.0,-1,-1,0.886982,0.003888
1,2,-1,0.9,0.4,0.05,0.05,-1,-1,0.644224,0.072468
1,2,-1,0.9,0.4,0.1,0.1,-1,-1,0.65013,0.066459
1,2,-1,0.9,0.4,0.15,0.15,-1,-1,0.656036,0.061746
1,2,-1,0.9,0.4,0.2,0.2,-1,-1,0.663057,0.056693
1,2,-1,0.9,0.4,0.25,0.25,-1,-1,0.670188,0.052083
1,2,-1,0.9,0.4,0.3,0.3,-1,-1,0.677098,0.047439
1,2,-1,0.9,0.4,0.35,0.35,-1,-1,0.685901,0.042966
1,2,-1,0.9,0.4,0.4,0.4,-1,-1,0.69593,0.038287
1,2,-1,0.9,0.4,0.45,0.45,-1,-1,0.710194,0.033336
1,2,-1,0.9,0.4,0.5,0.5,-1,-1,0.725684,0.028897
1,2,-1,0.9,0.4,0.55,0.55,-1,-1,0.737942,0.025755
1,2,-1,0.9,0.4,0.6,0.6,-1,-1,0.7502,0.022682
1,2,-1,0.9,0.4,0.65,0.65,-1,-1,0.762235,0.019677
1,2,-1,0.9,0.4,0.7,0.7,-1,-1,0.777502,0.016775
1,2,-1,0.9,0.4,0.75,0.75,-1,-1,0.790539,0.014282
1,2,-1,0.9,0.4,0.8,0.8,-1,-1,0.806475,0.011755
1,2,-1,0.9,0.4,0.85,0.85,-1,-1,0.820739,0.009467
1,2,-1,0.9,0.4,0.9,0.9,-1,-1,0.835783,0.007623
1,2,-1,0.9,0.4,0.95,0.95,-1,-1,0.854058,0.005711
1,2,-1,0.9,0.4,1.0,1.0,-1,-1,0.906656,0.00216
1,2,-1,0.95,0.4,0.05,0.05,-1,-1,0.644635,0.072277
1,2,-1,0.95,0.4,0.1,0.1,-1,-1,0.651182,0.066136
1,2,-1,0.95,0.4,0.15,0.15,-1,-1,0.657729,0.061321
1,2,-1,0.95,0.4,0.2,0.2,-1,-1,0.665511,0.056157
1,2,-1,0.95,0.4,0.25,0.25,-1,-1,0.673416,0.051446
1,2,-1,0.95,0.4,0.3,0.3,-1,-1,0.681075,0.046701
1,2,-1,0.95,0.4,0.35,0.35,-1,-1,0.690834,0.04213
1,2,-1,0.95,0.4,0.4,0.4,-1,-1,0.701951,0.037349
1,2,-1,0.95,0.4,0.45,0.45,-1,-1,0.717762,0.03229
1,2,-1,0.95,0.4,0.5,0.5,-1,-1,0.734932,0.027753
1,2,-1,0.95,0.4,0.55,0.55,-1,-1,0.74852,0.024543
1,2,-1,0.95,0.4,0.6,0.6,-1,-1,0.762108,0.021403
1,2,-1,0.95,0.4,0.65,0.65,-1,-1,0.775449,0.018332
1,2,-1,0.95,0.4,0.7,0.7,-1,-1,0.792372,0.015366
1,2,-1,0.95,0.4,0.75,0.75,-1,-1,0.806824,0.012819
1,2,-1,0.95,0.4,0.8,0.8,-1,-1,0.824488,0.010237
1,2,-1,0.95,0.4,0.85,0.85,-1,-1,0.8403,0.007899
1,2,-1,0.95,0.4,0.9,0.9,-1,-1,0.856976,0.006015
1,2,-1,0.95,0.4,0.95,0.95,-1,-1,0.877234,0.004061
1,2,-1,0.95,0.4,1.0,1.0,-1,-1,0.935538,0.000432
1,2,-1,1.0,0.4,0.05,0.05,-1,-1,0.645552,0.07223
1,2,-1,1.0,0.4,0.1,0.1,-1,-1,0.653529,0.066055
1,2,-1,1.0,0.4,0.15,0.15,-1,-1,0.661506,0.061214
1,2,-1,1.0,0.4,0.2,0.2,-1,-1,0.670988,0.056023
1,2,-1,1.0,0.4,0.25,0.25,-1,-1,0.680621,0.051287
1,2,-1,1.0,0.4,0.3,0.3,-1,-1,0.689952,0.046516
1,2,-1,1.0,0.4,0.35,0.35,-1,-1,0.701843,0.041921
1,2,-1,1.0,0.4,0.4,0.4,-1,-1,0.715388,0.037115
1,2,-1,1.0,0.4,0.45,0.45,-1,-1,0.734653,0.032028
1,2,-1,1.0,0.4,0.5,0.5,-1,-1,0.755574,0.027468
1,2,-1,1.0,0.4,0.55,0.55,-1,-1,0.77213,0.02424
1,2,-1,1.0,0.4,0.6,0.6,-1,-1,0.788686,0.021083
1,2,-1,1.0,0.4,0.65,0.65,-1,-1,0.804941,0.017996
1,2,-1,1.0,0.4,0.7,0.7,-1,-1,0.825561,0.015014
1,2,-1,1.0,0.4,0.75,0.75,-1,-1,0.84317,0.012453
1,2,-1,1.0,0.4,0.8,0.8,-1,-1,0.864693,0.009857
1,2,-1,1.0,0.4,0.85,0.85,-1,-1,0.883958,0.007507
1,2,-1,1.0,0.4,0.9,0.9,-1,-1,0.904277,0.005613
1,2,-1,1.0,0.4,0.95,0.95,-1,-1,0.92896,0.003648
1,2,-1,1.0,0.4,1.0,1.0,-1,-1,1.0,0.0
1,2,-1,0.45,0.45,0.05,0.05,-1,-1,0.674341,0.060475
1,2,-1,0.45,0.45,0.1,0.1,-1,-1,0.674341,0.060475
1,2,-1,0.45,0.45,0.15,0.15,-1,-1,0.674341,0.060475
1,2,-1,0.45,0.45,0.2,0.2,-1,-1,0.674341,0.060475
1,2,-1,0.45,0.45,0.25,0.25,-1,-1,0.674341,0.060475
1,2,-1,0.45,0.45,0.3,0.3,-1,-1,0.674341,0.060475
1,2,-1,0.45,0.45,0.35,0.35,-1,-1,0.674341,0.060475
1,2,-1,0.45,0.45,0.4,0.4,-1,-1,0.674341,0.060475
1,2,-1,0.45,0.45,0.45,0.45,-1,-1,0.674341,0.060475
1,2,-1,0.45,0.45,0.5,0.5,-1,-1,0.674341,0.060475
1,2,-1,0.45,0.45,0.55,0.55,-1,-1,0.674341,0.060475
1,2,-1,0.45,0.45,0.6,0.6,-1,-1,0.674341,0.060475
1,2,-1,0.45,0.45,0.65,0.65,-1,-1,0.674341,0.060475
1,2,-1,0.45,0.45,0.7,0.7,-1,-1,0.674341,0.060475
1,2,-1,0.45,0.45,0.75,0.75,-1,-1,0.674341,0.060475
1,2,-1,0.45,0.45,0.8,0.8,-1,-1,0.674341,0.060475
1,2,-1,0.45,0.45,0.85,0.85,-1,-1,0.674341,0.060475
1,2,-1,0.45,0.45,0.9,0.9,-1,-1,0.674341,0.060475
1,2,-1,0.45,0.45,0.95,0.95,-1,-1,0.674341,0.060475
1,2,-1,0.45,0.45,1.0,1.0,-1,-1,0.674341,0.060475
1,2,-1,0.5,0.45,0.05,0.05,-1,-1,0.674901,0.058994
1,2,-1,0.5,0.45,0.1,0.1,-1,-1,0.675774,0.057976
1,2,-1,0.5,0.45,0.15,0.15,-1,-1,0.676647,0.057178
1,2,-1,0.5,0.45,0.2,0.2,-1,-1,0.677684,0.056322
1,2,-1,0.5,0.45,0.25,0.25,-1,-1,0.678738,0.055541
1,2,-1,0.5,0.45,0.3,0.3,-1,-1,0.67976,0.054754
1,2,-1,0.5,0.45,0.35,0.35,-1,-1,0.681061,0.053996
1,2,-1,0.5,0.45,0.4,0.4,-1,-1,0.682543,0.053204
1,2,-1,0.5,0.45,0.45,0.45,-1,-1,0.684651,0.052365
1,2,-1,0.5,0.45,0.5,0.5,-1,-1,0.686941,0.051613
1,2,-1,0.5,0.45,0.55,0.55,-1,-1,0.688752,0.051081
1,2,-1,0.5,0.45,0.6,0.6,-1,-1,0.690564,0.05056
1,2,-1,0.5,0.45,0.65,0.65,-1,-1,0.692343,0.050051
1,2,-1,0.5,0.45,0.7,0.7,-1,-1,0.694599,0.04956
1,2,-1,0.5,0.45,0.75,0.75,-1,-1,0.696526,0.049137
1,2,-1,0.5,0.45,0.8,0.8,-1,-1,0.698881,0.048709
1,2,-1,0.5,0.45,0.85,0.85,-1,-1,0.70099,0.048322
1,2,-1,0.5,0.45,0.9,0.9,-1,-1,0.703213,0.04801
1,2,-1,0.5,0.45,0.95,0.95,-1,-1,0.705914,0.047686
1,2,-1,0.5,0.45,1.0,1.0,-1,-1,0.713688,0.047084
1,2,-1,0.55,0.45,0.05,0.05,-1,-1,0.675318,0.057657
1,2,-1,0.55,0.45,0.1,0.1,-1,-1,0.676841,0.055719
1,2,-1,0.55,0.45,0.15,0.15,-1,-1,0.678364,0.0542
1,2,-1,0.55,0.45,0.2,0.2,-1,-1,0.680174,0.05257
1,2,-1,0.55,0.45,0.25,0.25,-1,-1,0.682013,0.051084
1,2,-1,0.55,0.45,0.3,0.3,-1,-1,0.683795,0.049587
1,2,-1,0.55,0.45,0.35,0.35,-1,-1,0.686065,0.048145
1,2,-1,0.55,0.45,0.4,0.4,-1,-1,0.688651,0.046637
1,2,-1,0.55,0.45,0.45,0.45,-1,-1,0.692329,0.04504
1,2,-1,0.55,0.45,0.5,0.5,-1,-1,0.696323,0.043609
1,2,-1,0.55,0.45,0.55,0.55,-1,-1,0.699484,0.042596
1,2,-1,0.55,0.45,0.6,0.6,-1,-1,0.702645,0.041605
1,2,-1,0.55,0.45,0.65,0.65,-1,-1,0.705748,0.040637
1,2,-1,0.55,0.45,0.7,0.7,-1,-1,0.709685,0.039701
1,2,-1,0.55,0.45,0.75,0.75,-1,-1,0.713047,0.038897
1,2,-1,0.55,0.45,0.8,0.8,-1,-1,0.717156,0.038083
1,2,-1,0.55,0.45,0.85,0.85,-1,-1,0.720834,0.037345
1,2,-1,0.55,0.45,0.9,0.9,-1,-1,0.724714,0.03675
1,2,-1,0.55,0.45,0.95,0.95,-1,-1,0.729426,0.036134
1,2,-1,0.55,0.45,1.0,1.0,-1,-1,0.742989,0.034989
1,2,-1,0.6,0.45,0.05,0.05,-1,-1,0.675753,0.056892
1,2,-1,0.6,0.45,0.1,0.1,-1,-1,0.677954,0.054429
1,2,-1,0.6,0.45,0.15,0.15,-1,-1,0.680155,0.052498
1,2,-1,0.6,0.45,0.2,0.2,-1,-1,0.682771,0.050427
1,2,-1,0.6,0.45,0.25,0.25,-1,-1,0.685428,0.048538
1,2,-1,0.6,0.45,0.3,0.3,-1,-1,0.688003,0.046635
1,2,-1,0.6,0.45,0.35,0.35,-1,-1,0.691283,0.044801
1,2,-1,0.6,0.45,0.4,0.4,-1,-1,0.695021,0.042884
1,2,-1,0.6,0.45,0.45,0.45,-1,-1,0.700336,0.040855
1,2,-1,0.6,0.45,0.5,0.5,-1,-1,0.706108,0.039036
1,2,-1,0.6,0.45,0.55,0.55,-1,-1,0.710676,0.037748
1,2,-1,0.6,0.45,0.6,0.6,-1,-1,0.715243,0.036489
1,2,-1,0.6,0.45,0.65,0.65,-1,-1,0.719728,0.035257
1,2,-1,0.6,0.45,0.7,0.7,-1,-1,0.725417,0.034068
1,2,-1,0.6,0.45,0.75,0.75,-1,-1,0.730276,0.033046
1,2,-1,0.6,0.45,0.8,0.8,-1,-1,0.736214,0.03201
1,2,-1,0.6,0.45,0.85,0.85,-1,-1,0.741529,0.031073
1,2,-1,0.6,0.45,0.9,0.9,-1,-1,0.747135,0.030317
1,2,-1,0.6,0.45,0.95,0.95,-1,-1,0.753945,0.029533
1,2,-1,0.6,0.45,1.0,1.0,-1,-1,0.773545,0.028078
1,2,-1,0.65,0.45,0.05,0.05,-1,-1,0.67617,0.056462
1,2,-1,0.65,0.45,0.1,0.1,-1,-1,0.679021,0.053704
1,2,-1,0.65,0.45,0.15,0.15,-1,-1,0.681872,0.051541
1,2,-1,0.65,0.45,0.2,0.2,-1,-1,0.68526,0.049221
1,2,-1,0.65,0.45,0.25,0.25,-1,-1,0.688703,0.047105
1,2,-1,0.65,0.45,0.3,0.3,-1,-1,0.692038,0.044974
1,2,-1,0.65,0.45,0.35,0.35,-1,-1,0.696287,0.04292
1,2,-1,0.65,0.45,0.4,0.4,-1,-1,0.701129,0.040773
1,2,-1,0.65,0.45,0.45,0.45,-1,-1,0.708014,0.0385
1,2,-1,0.65,0.45,0.5,0.5,-1,-1,0.715491,0.036463
1,2,-1,0.65,0.45,0.55,0.55,-1,-1,0.721407,0.035021
1,2,-1,0.65,0.45,0.6,0.6,-1,-1,0.727324,0.03361
1,2,-1,0.65,0.45,0.65,0.65,-1,-1,0.733134,0.032231
1,2,-1,0.65,0.45,0.7,0.7,-1,-1,0.740503,0.030898
1,2,-1,0.65,0.45,0.75,0.75,-1,-1,0.746796,0.029754
1,2,-1,0.65,0.45,0.8,0.8,-1,-1,0.754489,0.028594
1,2,-1,0.65,0.45,0.85,0.85,-1,-1,0.761374,0.027544
1,2,-1,0.65,0.45,0.9,0.9,-1,-1,0.768635,0.026698
1,2,-1,0.65,0.45,0.95,0.95,-1,-1,0.777457,0.02582
1,2,-1,0.65,0.45,1.0,1.0,-1,-1,0.802846,0.02419
1,2,-1,0.7,0.45,0.05,0.05,-1,-1,0.676468,0.055746
1,2,-1,0.7,0.45,0.1,0.1,-1,-1,0.679783,0.052495
1,2,-1,0.7,0.45,0.15,0.15,-1,-1,0.683098,0.049946
1,2,-1,0.7,0.45,0.2,0.2,-1,-1,0.687039,0.047212
1,2,-1,0.7,0.45,0.25,0.25,-1,-1,0.691042,0.044718
1,2,-1,0.7,0.45,0.3,0.3,-1,-1,0.69492,0.042206
1,2,-1,0.7,0.45,0.35,0.35,-1,-1,0.699862,0.039786
1,2,-1,0.7,0.45,0.4,0.4,-1,-1,0.705491,0.037255
1,2,-1,0.7,0.45,0.45,0.45,-1,-1,0.713498,0.034576
1,2,-1,0.7,0.45,0.5,0.5,-1,-1,0.722193,0.032175
1,2,-1,0.7,0.45,0.55,0.55,-1,-1,0.729073,0.030476
1,2,-1,0.7,0.45,0.6,0.6,-1,-1,0.735954,0.028813
1,2,-1,0.7,0.45,0.65,0.65,-1,-1,0.74271,0.027187
1,2,-1,0.7,0.45,0.7,0.7,-1,-1,0.751279,0.025617
1,2,-1,0.7,0.45,0.75,0.75,-1,-1,0.758598,0.024269
1,2,-1,0.7,0.45,0.8,0.8,-1,-1,0.767542,0.022902
1,2,-1,0.7,0.45,0.85,0.85,-1,-1,0.775549,0.021664
1,2,-1,0.7,0.45,0.9,0.9,-1,-1,0.783993,0.020667
1,2,-1,0.7,0.45,0.95,0.95,-1,-1,0.794252,0.019632
1,2,-1,0.7,0.45,1.0,1.0,-1,-1,0.823776,0.017711
1,2,-1,0.75,0.45,0.05,0.05,-1,-1,0.676819,0.055316
1,2,-1,0.75,0.45,0.1,0.1,-1,-1,0.680682,0.051769
1,2,-1,0.75,0.45,0.15,0.15,-1,-1,0.684545,0.048988
1,2,-1,0.75,0.45,0.2,0.2,-1,-1,0.689137,0.046006
1,2,-1,0.75,0.45,0.25,0.25,-1,-1,0.693802,0.043285
1,2,-1,0.75,0.45,0.3,0.3,-1,-1,0.698321,0.040545
1,2,-1,0.75,0.45,0.35,0.35,-1,-1,0.70408,0.037905
1,2,-1,0.75,0.45,0.4,0.4,-1,-1,0.710639,0.035144
1,2,-1,0.75,0.45,0.45,0.45,-1,-1,0.719969,0.032222
1,2,-1,0.75,0.45,0.5,0.5,-1,-1,0.730101,0.029602
1,2,-1,0.75,0.45,0.55,0.55,-1,-1,0.738119,0.027748
1,2,-1,0.75,0.45,0.6,0.6,-1,-1,0.746136,0.025934
1,2,-1,0.75,0.45,0.65,0.65,-1,-1,0.754008,0.024161
1,2,-1,0.75,0.45,0.7,0.7,-1,-1,0.763994,0.022448
1,2,-1,0.75,0.45,0.75,0.75,-1,-1,0.772522,0.020977
1,2,-1,0.75,0.45,0.8,0.8,-1,-1,0.782945,0.019486
1,2,-1,0.75,0.45,0.85,0.85,-1,-1,0.792275,0.018136
1,2,-1,0.75,0.45,0.9,0.9,-1,-1,0.802115,0.017047
1,2,-1,0.75,0.45,0.95,0.95,-1,-1,0.814069,0.015919
1,2,-1,0.75,0.45,1.0,1.0,-1,-1,0.848472,0.013823
1,2,-1,0.8,0.45,0.05,0.05,-1,-1,0.677058,0.054552
1,2,-1,0.8,0.45,0.1,0.1,-1,-1,0.681292,0.050479
1,2,-1,0.8,0.45,0.15,0.15,-1,-1,0.685527,0.047286
1,2,-1,0.8,0.45,0.2,0.2,-1,-1,0.69056,0.043862
1,2,-1,0.8,0.45,0.25,0.25,-1,-1,0.695674,0.040738
1,2,-1,0.8,0.45,0.3,0.3,-1,-1,0.700627,0.037592
1,2,-1,0.8,0.45,0.35,0.35,-1,-1,0.706939,0.034561
1,2,-1,0.8,0.45,0.4,0.4,-1,-1,0.71413,0.031391
1,2,-1,0.8,0.45,0.45,0.45,-1,-1,0.724357,0.028036
1,2,-1,0.8,0.45,0.5,0.5,-1,-1,0.735463,0.025028
1,2,-1,0.8,0.45,0.55,0.55,-1,-1,0.744251,0.022899
1,2,-1,0.8,0.45,0.6,0.6,-1,-1,0.75304,0.020817
1,2,-1,0.8,0.45,0.65,0.65,-1,-1,0.761669,0.018781
1,2,-1,0.8,0.45,0.7,0.7,-1,-1,0.772615,0.016814
1,2,-1,0.8,0.45,0.75,0.75,-1,-1,0.781963,0.015125
1,2,-1,0.8,0.45,0.8,0.8,-1,-1,0.793388,0.013413
1,2,-1,0.8,0.45,0.85,0.85,-1,-1,0.803615,0.011863
1,2,-1,0.8,0.45,0.9,0.9,-1,-1,0.814401,0.010613
1,2,-1,0.8,0.45,0.95,0.95,-1,-1,0.827504,0.009317
1,2,-1,0.8,0.45,1.0,1.0,-1,-1,0.865216,0.006911
1,2,-1,0.85,0.45,0.05,0.05,-1,-1,0.677367,0.054217
1,2,-1,0.85,0.45,0.1,0.1,-1,-1,0.682085,0.049915
1,2,-1,0.85,0.45,0.15,0.15,-1,-1,0.686802,0.046542
1,2,-1,0.85,0.45,0.2,0.2,-1,-1,0.69241,0.042924
1,2,-1,0.85,0.45,0.25,0.25,-1,-1,0.698106,0.039625
1,2,-1,0.85,0.45,0.3,0.3,-1,-1,0.703625,0.0363
1,2,-1,0.85,0.45,0.35,0.35,-1,-1,0.710656,0.033098
1,2,-1,0.85,0.45,0.4,0.4,-1,-1,0.718667,0.029749
1,2,-1,0.85,0.45,0.45,0.45,-1,-1,0.73006,0.026205
1,2,-1,0.85,0.45,0.5,0.5,-1,-1,0.742432,0.023027
1,2,-1,0.85,0.45,0.55,0.55,-1,-1,0.752223,0.020779
1,2,-1,0.85,0.45,0.6,0.6,-1,-1,0.762014,0.018579
1,2,-1,0.85,0.45,0.65,0.65,-1,-1,0.771627,0.016428
1,2,-1,0.85,0.45,0.7,0.7,-1,-1,0.783821,0.01435
1,2,-1,0.85,0.45,0.75,0.75,-1,-1,0.794235,0.012566
1,2,-1,0.85,0.45,0.8,0.8,-1,-1,0.806963,0.010757
1,2,-1,0.85,0.45,0.85,0.85,-1,-1,0.818357,0.009119
1,2,-1,0.85,0.45,0.9,0.9,-1,-1,0.830373,0.007799
1,2,-1,0.85,0.45,0.95,0.95,-1,-1,0.84497,0.00643
1,2,-1,0.85,0.45,1.0,1.0,-1,-1,0.886982,0.003888
1,2,-1,0.9,0.45,0.05,0.05,-1,-1,0.677647,0.054026
1,2,-1,0.9,0.45,0.1,0.1,-1,-1,0.682801,0.049593
1,2,-1,0.9,0.45,0.15,0.15,-1,-1,0.687955,0.046117
1,2,-1,0.9,0.45,0.2,0.2,-1,-1,0.694082,0.042389
1,2,-1,0.9,0.45,0.25,0.25,-1,-1,0.700305,0.038988
1,2,-1,0.9,0.45,0.3,0.3,-1,-1,0.706334,0.035562
1,2,-1,0.9,0.45,0.35,0.35,-1,-1,0.714016,0.032262
1,2,-1,0.9,0.45,0.4,0.4,-1,-1,0.722768,0.028811
1,2,-1,0.9,0.45,0.45,0.45,-1,-1,0.735215,0.025159
1,2,-1,0.9,0.45,0.5,0.5,-1,-1,0.748732,0.021884
1,2,-1,0.9,0.45,0.55,0.55,-1,-1,0.759429,0.019566
1,2,-1,0.9,0.45,0.6,0.6,-1,-1,0.770126,0.017299
1,2,-1,0.9,0.45,0.65,0.65,-1,-1,0.780628,0.015082
1,2,-1,0.9,0.45,0.7,0.7,-1,-1,0.793951,0.012941
1,2,-1,0.9,0.45,0.75,0.75,-1,-1,0.805328,0.011102
1,2,-1,0.9,0.45,0.8,0.8,-1,-1,0.819234,0.009238
1,2,-1,0.9,0.45,0.85,0.85,-1,-1,0.831681,0.007551
1,2,-1,0.9,0.45,0.9,0.9,-1,-1,0.844809,0.00619
1,2,-1,0.9,0.45,0.95,0.95,-1,-1,0.860757,0.00478
1,2,-1,0.9,0.45,1.0,1.0,-1,-1,0.906656,0.00216
1,2,-1,0.95,0.45,0.05,0.05,-1,-1,0.678058,0.053835
1,2,-1,0.95,0.45,0.1,0.1,-1,-1,0.683853,0.04927
1,2,-1,0.95,0.45,0.15,0.15,-1,-1,0.689648,0.045691
1,2,-1,0.95,0.45,0.2,0.2,-1,-1,0.696536,0.041853
1,2,-1,0.95,0.45,0.25,0.25,-1,-1,0.703533,0.038351
1,2,-1,0.95,0.45,0.3,0.3,-1,-1,0.710312,0.034824
1,2,-1,0.95,0.45,0.35,0.35,-1,-1,0.718949,0.031426
1,2,-1,0.95,0.45,0.4,0.4,-1,-1,0.728789,0.027873
1,2,-1,0.95,0.45,0.45,0.45,-1,-1,0.742783,0.024112
1,2,-1,0.95,0.45,0.5,0.5,-1,-1,0.757981,0.02074
1,2,-1,0.95,0.45,0.55,0.55,-1,-1,0.770008,0.018354
1,2,-1,0.95,0.45,0.6,0.6,-1,-1,0.782034,0.01602
1,2,-1,0.95,0.45,0.65,0.65,-1,-1,0.793842,0.013737
1,2,-1,0.95,0.45,0.7,0.7,-1,-1,0.808821,0.011533
1,2,-1,0.95,0.45,0.75,0.75,-1,-1,0.821613,0.009639
1,2,-1,0.95,0.45,0.8,0.8,-1,-1,0.837247,0.00772
1,2,-1,0.95,0.45,0.85,0.85,-1,-1,0.851242,0.005982
1,2,-1,0.95,0.45,0.9,0.9,-1,-1,0.866002,0.004582
1,2,-1,0.95,0.45,0.95,0.95,-1,-1,0.883933,0.003129
1,2,-1,0.95,0.45,1.0,1.0,-1,-1,0.935538,0.000432
1,2,-1,1.0,0.45,0.05,0.05,-1,-1,0.678976,0.053787
1,2,-1,1.0,0.45,0.1,0.1,-1,-1,0.686201,0.04919
1,2,-1,1.0,0.45,0.15,0.15,-1,-1,0.693425,0.045585
1,2,-1,1.0,0.45,0.2,0.2,-1,-1,0.702013,0.041719
1,2,-1,1.0,0.45,0.25,0.25,-1,-1,0.710737,0.038192
1,2,-1,1.0,0.45,0.3,0.3,-1,-1,0.719189,0.034639
1,2,-1,1.0,0.45,0.35,0.35,-1,-1,0.729958,0.031217
1,2,-1,1.0,0.45,0.4,0.4,-1,-1,0.742226,0.027638
1,2,-1,1.0,0.45,0.45,0.45,-1,-1,0.759675,0.02385
1,2,-1,1.0,0.45,0.5,0.5,-1,-1,0.778623,0.020454
1,2,-1,1.0,0.45,0.55,0.55,-1,-1,0.793618,0.018051
1,2,-1,1.0,0.45,0.6,0.6,-1,-1,0.808612,0.0157
1,2,-1,1.0,0.45,0.65,0.65,-1,-1,0.823335,0.013401
1,2,-1,1.0,0.45,0.7,0.7,-1,-1,0.84201,0.011181
1,2,-1,1.0,0.45,0.75,0.75,-1,-1,0.857959,0.009274
1,2,-1,1.0,0.45,0.8,0.8,-1,-1,0.877452,0.007341
1,2,-1,1.0,0.45,0.85,0.85,-1,-1,0.8949,0.00559
1,2,-1,1.0,0.45,0.9,0.9,-1,-1,0.913303,0.00418
1,2,-1,1.0,0.45,0.95,0.95,-1,-1,0.935659,0.002717
1,2,-1,1.0,0.45,1.0,1.0,-1,-1,1.0,0.0
1,2,-1,0.5,0.5,0.05,0.05,-1,-1,0.713688,0.047084
1,2,-1,0.5,0.5,0.1,0.1,-1,-1,0.713688,0.047084
1,2,-1,0.5,0.5,0.15,0.15,-1,-1,0.713688,0.047084
1,2,-1,0.5,0.5,0.2,0.2,-1,-1,0.713688,0.047084
1,2,-1,0.5,0.5,0.25,0.25,-1,-1,0.713688,0.047084
1,2,-1,0.5,0.5,0.3,0.3,-1,-1,0.713688,0.047084
1,2,-1,0.5,0.5,0.35,0.35,-1,-1,0.713688,0.047084
1,2,-1,0.5,0.5,0.4,0.4,-1,-1,0.713688,0.047084
1,2,-1,0.5,0.5,0.45,0.45,-1,-1,0.713688,0.047084
1,2,-1,0.5,0.5,0.5,0.5,-1,-1,0.713688,0.047084
1,2,-1,0.5,0.5,0.55,0.55,-1,-1,0.713688,0.047084
1,2,-1,0.5,0.5,0.6,0.6,-1,-1,0.713688,0.047084
1,2,-1,0.5,0.5,0.65,0.65,-1,-1,0.713688,0.047084
1,2,-1,0.5,0.5,0.7,0.7,-1,-1,0.713688,0.047084
1,2,-1,0.5,0.5,0.75,0.75,-1,-1,0.713688,0.047084
1,2,-1,0.5,0.5,0.8,0.8,-1,-1,0.713688,0.047084
1,2,-1,0.5,0.5,0.85,0.85,-1,-1,0.713688,0.047084
1,2,-1,0.5,0.5,0.9,0.9,-1,-1,0.713688,0.047084
1,2,-1,0.5,0.5,0.95,0.95,-1,-1,0.713688,0.047084
1,2,-1,0.5,0.5,1.0,1.0,-1,-1,0.713688,0.047084
1,2,-1,0.55,0.5,0.05,0.05,-1,-1,0.714105,0.045746
1,2,-1,0.55,0.5,0.1,0.1,-1,-1,0.714755,0.044827
1,2,-1,0.55,0.5,0.15,0.15,-1,-1,0.715405,0.044106
1,2,-1,0.55,0.5,0.2,0.2,-1,-1,0.716178,0.043333
1,2,-1,0.55,0.5,0.25,0.25,-1,-1,0.716963,0.042627
1,2,-1,0.55,0.5,0.3,0.3,-1,-1,0.717723,0.041917
1,2,-1,0.55,0.5,0.35,0.35,-1,-1,0.718692,0.041232
1,2,-1,0.55,0.5,0.4,0.4,-1,-1,0.719796,0.040517
1,2,-1,0.55,0.5,0.45,0.45,-1,-1,0.721366,0.039759
1,2,-1,0.55,0.5,0.5,0.5,-1,-1,0.723071,0.03908
1,2,-1,0.55,0.5,0.55,0.55,-1,-1,0.72442,0.038599
1,2,-1,0.55,0.5,0.6,0.6,-1,-1,0.725769,0.038129
1,2,-1,0.55,0.5,0.65,0.65,-1,-1,0.727094,0.037669
1,2,-1,0.55,0.5,0.7,0.7,-1,-1,0.728774,0.037225
1,2,-1,0.55,0.5,0.75,0.75,-1,-1,0.730209,0.036844
1,2,-1,0.55,0.5,0.8,0.8,-1,-1,0.731963,0.036457
1,2,-1,0.55,0.5,0.85,0.85,-1,-1,0.733533,0.036107
1,2,-1,0.55,0.5,0.9,0.9,-1,-1,0.735188,0.035825
1,2,-1,0.55,0.5,0.95,0.95,-1,-1,0.7372,0.035532
1,2,-1,0.55,0.5,1.0,1.0,-1,-1,0.742989,0.034989
1,2,-1,0.6,0.5,0.05,0.05,-1,-1,0.71454,0.044982
1,2,-1,0.6,0.5,0.1,0.1,-1,-1,0.715868,0.043537
1,2,-1,0.6,0.5,0.15,0.15,-1,-1,0.717196,0.042404
1,2,-1,0.6,0.5,0.2,0.2,-1,-1,0.718774,0.041189
1,2,-1,0.6,0.5,0.25,0.25,-1,-1,0.720378,0.040081
1,2,-1,0.6,0.5,0.3,0.3,-1,-1,0.721931,0.038964
1,2,-1,0.6,0.5,0.35,0.35,-1,-1,0.723911,0.037889
1,2,-1,0.6,0.5,0.4,0.4,-1,-1,0.726165,0.036764
1,2,-1,0.6,0.5,0.45,0.45,-1,-1,0.729373,0.035574
1,2,-1,0.6,0.5,0.5,0.5,-1,-1,0.732855,0.034506
1,2,-1,0.6,0.5,0.55,0.55,-1,-1,0.735611,0.033751
1,2,-1,0.6,0.5,0.6,0.6,-1,-1,0.738367,0.033012
1,2,-1,0.6,0.5,0.65,0.65,-1,-1,0.741073,0.03229
1,2,-1,0.6,0.5,0.7,0.7,-1,-1,0.744506,0.031592
1,2,-1,0.6,0.5,0.75,0.75,-1,-1,0.747437,0.030993
1,2,-1,0.6,0.5,0.8,0.8,-1,-1,0.75102,0.030385
1,2,-1,0.6,0.5,0.85,0.85,-1,-1,0.754227,0.029835
1,2,-1,0.6,0.5,0.9,0.9,-1,-1,0.75761,0.029392
1,2,-1,0.6,0.5,0.95,0.95,-1,-1,0.761719,0.028932
1,2,-1,0.6,0.5,1.0,1.0,-1,-1,0.773545,0.028078
1,2,-1,0.65,0.5,0.05,0.05,-1,-1,0.714957,0.044552
1,2,-1,0.65,0.5,0.1,0.1,-1,-1,0.716935,0.042812
1,2,-1,0.65,0.5,0.15,0.15,-1,-1,0.718913,0.041447
1,2,-1,0.65,0.5,0.2,0.2,-1,-1,0.721264,0.039983
1,2,-1,0.65,0.5,0.25,0.25,-1,-1,0.723652,0.038648
1,2,-1,0.65,0.5,0.3,0.3,-1,-1,0.725966,0.037303
1,2,-1,0.65,0.5,0.35,0.35,-1,-1,0.728915,0.036008
1,2,-1,0.65,0.5,0.4,0.4,-1,-1,0.732273,0.034653
1,2,-1,0.65,0.5,0.45,0.45,-1,-1,0.73705,0.033219
1,2,-1,0.65,0.5,0.5,0.5,-1,-1,0.742238,0.031933
1,2,-1,0.65,0.5,0.55,0.55,-1,-1,0.746343,0.031024
1,2,-1,0.65,0.5,0.6,0.6,-1,-1,0.750448,0.030134
1,2,-1,0.65,0.5,0.65,0.65,-1,-1,0.754479,0.029263
1,2,-1,0.65,0.5,0.7,0.7,-1,-1,0.759592,0.028423
1,2,-1,0.65,0.5,0.75,0.75,-1,-1,0.763958,0.027701
1,2,-1,0.65,0.5,0.8,0.8,-1,-1,0.769295,0.026969
1,2,-1,0.65,0.5,0.85,0.85,-1,-1,0.774072,0.026306
1,2,-1,0.65,0.5,0.9,0.9,-1,-1,0.77911,0.025772
1,2,-1,0.65,0.5,0.95,0.95,-1,-1,0.785231,0.025218
1,2,-1,0.65,0.5,1.0,1.0,-1,-1,0.802846,0.02419
1,2,-1,0.7,0.5,0.05,0.05,-1,-1,0.715255,0.043836
1,2,-1,0.7,0.5,0.1,0.1,-1,-1,0.717697,0.041603
1,2,-1,0.7,0.5,0.15,0.15,-1,-1,0.720139,0.039852
1,2,-1,0.7,0.5,0.2,0.2,-1,-1,0.723043,0.037974
1,2,-1,0.7,0.5,0.25,0.25,-1,-1,0.725992,0.036261
1,2,-1,0.7,0.5,0.3,0.3,-1,-1,0.728849,0.034535
1,2,-1,0.7,0.5,0.35,0.35,-1,-1,0.732489,0.032873
1,2,-1,0.7,0.5,0.4,0.4,-1,-1,0.736636,0.031135
1,2,-1,0.7,0.5,0.45,0.45,-1,-1,0.742535,0.029295
1,2,-1,0.7,0.5,0.5,0.5,-1,-1,0.74894,0.027646
1,2,-1,0.7,0.5,0.55,0.55,-1,-1,0.754009,0.026478
1,2,-1,0.7,0.5,0.6,0.6,-1,-1,0.759078,0.025337
1,2,-1,0.7,0.5,0.65,0.65,-1,-1,0.764055,0.02422
1,2,-1,0.7,0.5,0.7,0.7,-1,-1,0.770368,0.023142
1,2,-1,0.7,0.5,0.75,0.75,-1,-1,0.775759,0.022215
1,2,-1,0.7,0.5,0.8,0.8,-1,-1,0.782349,0.021276
1,2,-1,0.7,0.5,0.85,0.85,-1,-1,0.788247,0.020426
1,2,-1,0.7,0.5,0.9,0.9,-1,-1,0.794468,0.019741
1,2,-1,0.7,0.5,0.95,0.95,-1,-1,0.802026,0.019031
1,2,-1,0.7,0.5,1.0,1.0,-1,-1,0.823776,0.017711
1,2,-1,0.75,0.5,0.05,0.05,-1,-1,0.715606,0.043406
1,2,-1,0.75,0.5,0.1,0.1,-1,-1,0.718596,0.040877
1,2,-1,0.75,0.5,0.15,0.15,-1,-1,0.721587,0.038894
1,2,-1,0.75,0.5,0.2,0.2,-1,-1,0.725141,0.036768
1,2,-1,0.75,0.5,0.25,0.25,-1,-1,0.728752,0.034828
1,2,-1,0.75,0.5,0.3,0.3,-1,-1,0.73225,0.032874
1,2,-1,0.75,0.5,0.35,0.35,-1,-1,0.736707,0.030992
1,2,-1,0.75,0.5,0.4,0.4,-1,-1,0.741784,0.029024
1,2,-1,0.75,0.5,0.45,0.45,-1,-1,0.749006,0.026941
1,2,-1,0.75,0.5,0.5,0.5,-1,-1,0.756848,0.025073
1,2,-1,0.75,0.5,0.55,0.55,-1,-1,0.763054,0.023751
1,2,-1,0.75,0.5,0.6,0.6,-1,-1,0.76926,0.022458
1,2,-1,0.75,0.5,0.65,0.65,-1,-1,0.775354,0.021194
1,2,-1,0.75,0.5,0.7,0.7,-1,-1,0.783083,0.019972
1,2,-1,0.75,0.5,0.75,0.75,-1,-1,0.789684,0.018924
1,2,-1,0.75,0.5,0.8,0.8,-1,-1,0.797752,0.01786
1,2,-1,0.75,0.5,0.85,0.85,-1,-1,0.804973,0.016898
1,2,-1,0.75,0.5,0.9,0.9,-1,-1,0.81259,0.016122
1,2,-1,0.75,0.5,0.95,0.95,-1,-1,0.821842,0.015317
1,2,-1,0.75,0.5,1.0,1.0,-1,-1,0.848472,0.013823
1,2,-1,0.8,0.5,0.05,0.05,-1,-1,0.715845,0.042642
1,2,-1,0.8,0.5,0.1,0.1,-1,-1,0.719206,0.039587
1,2,-1,0.8,0.5,0.15,0.15,-1,-1,0.722568,0.037193
1,2,-1,0.8,0.5,0.2,0.2,-1,-1,0.726564,0.034624
1,2,-1,0.8,0.5,0.25,0.25,-1,-1,0.730623,0.032282
1,2,-1,0.8,0.5,0.3,0.3,-1,-1,0.734556,0.029922
1,2,-1,0.8,0.5,0.35,0.35,-1,-1,0.739566,0.027648
1,2,-1,0.8,0.5,0.4,0.4,-1,-1,0.745275,0.025271
1,2,-1,0.8,0.5,0.45,0.45,-1,-1,0.753393,0.022755
1,2,-1,0.8,0.5,0.5,0.5,-1,-1,0.76221,0.020499
1,2,-1,0.8,0.5,0.55,0.55,-1,-1,0.769187,0.018902
1,2,-1,0.8,0.5,0.6,0.6,-1,-1,0.776164,0.01734
1,2,-1,0.8,0.5,0.65,0.65,-1,-1,0.783014,0.015813
1,2,-1,0.8,0.5,0.7,0.7,-1,-1,0.791704,0.014338
1,2,-1,0.8,0.5,0.75,0.75,-1,-1,0.799125,0.013071
1,2,-1,0.8,0.5,0.8,0.8,-1,-1,0.808195,0.011787
1,2,-1,0.8,0.5,0.85,0.85,-1,-1,0.816314,0.010625
1,2,-1,0.8,0.5,0.9,0.9,-1,-1,0.824876,0.009688
1,2,-1,0.8,0.5,0.95,0.95,-1,-1,0.835278,0.008716
1,2,-1,0.8,0.5,1.0,1.0,-1,-1,0.865216,0.006911
1,2,-1,0.85,0.5,0.05,0.05,-1,-1,0.716154,0.042307
1,2,-1,0.85,0.5,0.1,0.1,-1,-1,0.719999,0.039023
1,2,-1,0.85,0.5,0.15,0.15,-1,-1,0.723843,0.036448
1,2,-1,0.85,0.5,0.2,0.2,-1,-1,0.728413,0.033687
1,2,-1,0.85,0.5,0.25,0.25,-1,-1,0.733056,0.031168
1,2,-1,0.85,0.5,0.3,0.3,-1,-1,0.737553,0.02863
1,2,-1,0.85,0.5,0.35,0.35,-1,-1,0.743284,0.026186
1,2,-1,0.85,0.5,0.4,0.4,-1,-1,0.749812,0.023629
1,2,-1,0.85,0.5,0.45,0.45,-1,-1,0.759097,0.020924
1,2,-1,0.85,0.5,0.5,0.5,-1,-1,0.76918,0.018498
1,2,-1,0.85,0.5,0.55,0.55,-1,-1,0.777159,0.016781
1,2,-1,0.85,0.5,0.6,0.6,-1,-1,0.785138,0.015102
1,2,-1,0.85,0.5,0.65,0.65,-1,-1,0.792972,0.01346
1,2,-1,0.85,0.5,0.7,0.7,-1,-1,0.80291,0.011874
1,2,-1,0.85,0.5,0.75,0.75,-1,-1,0.811397,0.010512
1,2,-1,0.85,0.5,0.8,0.8,-1,-1,0.82177,0.009131
1,2,-1,0.85,0.5,0.85,0.85,-1,-1,0.831055,0.007881
1,2,-1,0.85,0.5,0.9,0.9,-1,-1,0.840848,0.006873
1,2,-1,0.85,0.5,0.95,0.95,-1,-1,0.852744,0.005829
1,2,-1,0.85,0.5,1.0,1.0,-1,-1,0.886982,0.003888
1,2,-1,0.9,0.5,0.05,0.05,-1,-1,0.716434,0.042116
1,2,-1,0.9,0.5,0.1,0.1,-1,-1,0.720715,0.038701
1,2,-1,0.9,0.5,0.15,0.15,-1,-1,0.724996,0.036023
1,2,-1,0.9,0.5,0.2,0.2,-1,-1,0.730085,0.033151
1,2,-1,0.9,0.5,0.25,0.25,-1,-1,0.735254,0.030531
1,2,-1,0.9,0.5,0.3,0.3,-1,-1,0.740263,0.027892
1,2,-1,0.9,0.5,0.35,0.35,-1,-1,0.746644,0.02535
1,2,-1,0.9,0.5,0.4,0.4,-1,-1,0.753913,0.022691
1,2,-1,0.9,0.5,0.45,0.45,-1,-1,0.764252,0.019877
1,2,-1,0.9,0.5,0.5,0.5,-1,-1,0.77548,0.017355
1,2,-1,0.9,0.5,0.55,0.55,-1,-1,0.784365,0.015569
1,2,-1,0.9,0.5,0.6,0.6,-1,-1,0.79325,0.013823
1,2,-1,0.9,0.5,0.65,0.65,-1,-1,0.801974,0.012115
1,2,-1,0.9,0.5,0.7,0.7,-1,-1,0.81304,0.010466
1,2,-1,0.9,0.5,0.75,0.75,-1,-1,0.82249,0.009049
1,2,-1,0.9,0.5,0.8,0.8,-1,-1,0.834041,0.007613
1,2,-1,0.9,0.5,0.85,0.85,-1,-1,0.84438,0.006313
1,2,-1,0.9,0.5,0.9,0.9,-1,-1,0.855284,0.005265
1,2,-1,0.9,0.5,0.95,0.95,-1,-1,0.868531,0.004178
1,2,-1,0.9,0.5,1.0,1.0,-1,-1,0.906656,0.00216
1,2,-1,0.95,0.5,0.05,0.05,-1,-1,0.716845,0.041925
1,2,-1,0.95,0.5,0.1,0.1,-1,-1,0.721767,0.038378
1,2,-1,0.95,0.5,0.15,0.15,-1,-1,0.726689,0.035597
1,2,-1,0.95,0.5,0.2,0.2,-1,-1,0.732539,0.032615
1,2,-1,0.95,0.5,0.25,0.25,-1,-1,0.738482,0.029894
1,2,-1,0.95,0.5,0.3,0.3,-1,-1,0.74424,0.027154
1,2,-1,0.95,0.5,0.35,0.35,-1,-1,0.751576,0.024514
1,2,-1,0.95,0.5,0.4,0.4,-1,-1,0.759934,0.021753
1,2,-1,0.95,0.5,0.45,0.45,-1,-1,0.77182,0.018831
1,2,-1,0.95,0.5,0.5,0.5,-1,-1,0.784728,0.016211
1,2,-1,0.95,0.5,0.55,0.55,-1,-1,0.794943,0.014357
1,2,-1,0.95,0.5,0.6,0.6,-1,-1,0.805158,0.012543
1,2,-1,0.95,0.5,0.65,0.65,-1,-1,0.815187,0.01077
1,2,-1,0.95,0.5,0.7,0.7,-1,-1,0.82791,0.009057
1,2,-1,0.95,0.5,0.75,0.75,-1,-1,0.838775,0.007586
1,2,-1,0.95,0.5,0.8,0.8,-1,-1,0.852054,0.006095
1,2,-1,0.95,0.5,0.85,0.85,-1,-1,0.863941,0.004745
1,2,-1,0.95,0.5,0.9,0.9,-1,-1,0.876477,0.003656
1,2,-1,0.95,0.5,0.95,0.95,-1,-1,0.891707,0.002528
1,2,-1,0.95,0.5,1.0,1.0,-1,-1,0.935538,0.000432
1,2,-1,1.0,0.5,0.05,0.05,-1,-1,0.717763,0.041877
1,2,-1,1.0,0.5,0.1,0.1,-1,-1,0.724115,0.038298
1,2,-1,1.0,0.5,0.15,0.15,-1,-1,0.730466,0.035491
1,2,-1,1.0,0.5,0.2,0.2,-1,-1,0.738017,0.032481
1,2,-1,1.0,0.5,0.25,0.25,-1,-1,0.745687,0.029735
1,2,-1,1.0,0.5,0.3,0.3,-1,-1,0.753117,0.026969
1,2,-1,1.0,0.5,0.35,0.35,-1,-1,0.762585,0.024305
1,2,-1,1.0,0.5,0.4,0.4,-1,-1,0.773371,0.021518
1,2,-1,1.0,0.5,0.45,0.45,-1,-1,0.788711,0.018569
1,2,-1,1.0,0.5,0.5,0.5,-1,-1,0.80537,0.015925
1,2,-1,1.0,0.5,0.55,0.55,-1,-1,0.818553,0.014054
1,2,-1,1.0,0.5,0.6,0.6,-1,-1,0.831736,0.012224
1,2,-1,1.0,0.5,0.65,0.65,-1,-1,0.84468,0.010434
1,2,-1,1.0,0.5,0.7,0.7,-1,-1,0.861099,0.008705
1,2,-1,1.0,0.5,0.75,0.75,-1,-1,0.87512,0.00722
1,2,-1,1.0,0.5,0.8,0.8,-1,-1,0.892259,0.005715
1,2,-1,1.0,0.5,0.85,0.85,-1,-1,0.907599,0.004352
1,2,-1,1.0,0.5,0.9,0.9,-1,-1,0.923778,0.003254
1,2,-1,1.0,0.5,0.95,0.95,-1,-1,0.943433,0.002115
1,2,-1,1.0,0.5,1.0,1.0,-1,-1,1.0,0.0
1,2,-1,0.55,0.55,0.05,0.05,-1,-1,0.742989,0.034989
1,2,-1,0.55,0.55,0.1,0.1,-1,-1,0.742989,0.034989
1,2,-1,0.55,0.55,0.15,0.15,-1,-1,0.742989,0.034989
1,2,-1,0.55,0.55,0.2,0.2,-1,-1,0.742989,0.034989
1,2,-1,0.55,0.55,0.25,0.25,-1,-1,0.742989,0.034989
1,2,-1,0.55,0.55,0.3,0.3,-1,-1,0.742989,0.034989
1,2,-1,0.55,0.55,0.35,0.35,-1,-1,0.742989,0.034989
1,2,-1,0.55,0.55,0.4,0.4,-1,-1,0.742989,0.034989
1,2,-1,0.55,0.55,0.45,0.45,-1,-1,0.742989,0.034989
1,2,-1,0.55,0.55,0.5,0.5,-1,-1,0.742989,0.034989
1,2,-1,0.55,0.55,0.55,0.55,-1,-1,0.742989,0.034989
1,2,-1,0.55,0.55,0.6,0.6,-1,-1,0.742989,0.034989
1,2,-1,0.55,0.55,0.65,0.65,-1,-1,0.742989,0.034989
1,2,-1,0.55,0.55,0.7,0.7,-1,-1,0.742989,0.034989
1,2,-1,0.55,0.55,0.75,0.75,-1,-1,0.742989,0.034989
1,2,-1,0.55,0.55,0.8,0.8,-1,-1,0.742989,0.034989
1,2,-1,0.55,0.55,0.85,0.85,-1,-1,0.742989,0.034989
1,2,-1,0.55,0.55,0.9,0.9,-1,-1,0.742989,0.034989
1,2,-1,0.55,0.55,0.95,0.95,-1,-1,0.742989,0.034989
1,2,-1,0.55,0.55,1.0,1.0,-1,-1,0.742989,0.034989
1,2,-1,0.6,0.55,0.05,0.05,-1,-1,0.743424,0.034225
1,2,-1,0.6,0.55,0.1,0.1,-1,-1,0.744102,0.033699
1,2,-1,0.6,0.55,0.15,0.15,-1,-1,0.74478,0.033287
1,2,-1,0.6,0.55,0.2,0.2,-1,-1,0.745585,0.032846
1,2,-1,0.6,0.55,0.25,0.25,-1,-1,0.746404,0.032443
1,2,-1,0.6,0.55,0.3,0.3,-1,-1,0.747197,0.032037
1,2,-1,0.6,0.55,0.35,0.35,-1,-1,0.748207,0.031645
1,2,-1,0.6,0.55,0.4,0.4,-1,-1,0.749359,0.031236
1,2,-1,0.6,0.55,0.45,0.45,-1,-1,0.750996,0.030804
1,2,-1,0.6,0.55,0.5,0.5,-1,-1,0.752774,0.030416
1,2,-1,0.6,0.55,0.55,0.55,-1,-1,0.754181,0.030141
1,2,-1,0.6,0.55,0.6,0.6,-1,-1,0.755587,0.029872
1,2,-1,0.6,0.55,0.65,0.65,-1,-1,0.756969,0.029609
1,2,-1,0.6,0.55,0.7,0.7,-1,-1,0.758721,0.029356
1,2,-1,0.6,0.55,0.75,0.75,-1,-1,0.760218,0.029138
1,2,-1,0.6,0.55,0.8,0.8,-1,-1,0.762047,0.028917
1,2,-1,0.6,0.55,0.85,0.85,-1,-1,0.763684,0.028717
1,2,-1,0.6,0.55,0.9,0.9,-1,-1,0.76541,0.028556
1,2,-1,0.6,0.55,0.95,0.95,-1,-1,0.767508,0.028388
1,2,-1,0.6,0.55,1.0,1.0,-1,-1,0.773545,0.028078
1,2,-1,0.65,0.55,0.05,0.05,-1,-1,0.743841,0.033795
1,2,-1,0.65,0.55,0.1,0.1,-1,-1,0.745169,0.032974
1,2,-1,0.65,0.55,0.15,0.15,-1,-1,0.746497,0.03233
1,2,-1,0.65,0.55,0.2,0.2,-1,-1,0.748075,0.03164
1,2,-1,0.65,0.55,0.25,0.25,-1,-1,0.749679,0.03101
1,2,-1,0.65,0.55,0.3,0.3,-1,-1,0.751232,0.030376
1,2,-1,0.65,0.55,0.35,0.35,-1,-1,0.753212,0.029764
1,2,-1,0.65,0.55,0.4,0.4,-1,-1,0.755466,0.029125
1,2,-1,0.65,0.55,0.45,0.45,-1,-1,0.758674,0.028449
1,2,-1,0.65,0.55,0.5,0.5,-1,-1,0.762156,0.027843
1,2,-1,0.65,0.55,0.55,0.55,-1,-1,0.764912,0.027413
1,2,-1,0.65,0.55,0.6,0.6,-1,-1,0.767668,0.026994
1,2,-1,0.65,0.55,0.65,0.65,-1,-1,0.770374,0.026583
1,2,-1,0.65,0.55,0.7,0.7,-1,-1,0.773807,0.026187
1,2,-1,0.65,0.55,0.75,0.75,-1,-1,0.776738,0.025846
1,2,-1,0.65,0.55,0.8,0.8,-1,-1,0.780321,0.025501
1,2,-1,0.65,0.55,0.85,0.85,-1,-1,0.783528,0.025188
1,2,-1,0.65,0.55,0.9,0.9,-1,-1,0.786911,0.024936
1,2,-1,0.65,0.55,0.95,0.95,-1,-1,0.79102,0.024675
1,2,-1,0.65,0.55,1.0,1.0,-1,-1,0.802846,0.02419
1,2,-1,0.7,0.55,0.05,0.05,-1,-1,0.744139,0.033078
1,2,-1,0.7,0.55,0.1,0.1,-1,-1,0.745931,0.031765
1,2,-1,0.7,0.55,0.15,0.15,-1,-1,0.747723,0.030735
1,2,-1,0.7,0.55,0.2,0.2,-1,-1,0.749854,0.02963
1,2,-1,0.7,0.55,0.25,0.25,-1,-1,0.752018,0.028623
1,2,-1,0.7,0.55,0.3,0.3,-1,-1,0.754115,0.027608
1,2,-1,0.7,0.55,0.35,0.35,-1,-1,0.756786,0.02663
1,2,-1,0.7,0.55,0.4,0.4,-1,-1,0.759829,0.025607
1,2,-1,0.7,0.55,0.45,0.45,-1,-1,0.764158,0.024525
1,2,-1,0.7,0.55,0.5,0.5,-1,-1,0.768858,0.023555
1,2,-1,0.7,0.55,0.55,0.55,-1,-1,0.772578,0.022868
1,2,-1,0.7,0.55,0.6,0.6,-1,-1,0.776298,0.022197
1,2,-1,0.7,0.55,0.65,0.65,-1,-1,0.77995,0.02154
1,2,-1,0.7,0.55,0.7,0.7,-1,-1,0.784583,0.020905
1,2,-1,0.7,0.55,0.75,0.75,-1,-1,0.788539,0.020361
1,2,-1,0.7,0.55,0.8,0.8,-1,-1,0.793375,0.019808
1,2,-1,0.7,0.55,0.85,0.85,-1,-1,0.797704,0.019308
1,2,-1,0.7,0.55,0.9,0.9,-1,-1,0.802269,0.018905
1,2,-1,0.7,0.55,0.95,0.95,-1,-1,0.807815,0.018487
1,2,-1,0.7,0.55,1.0,1.0,-1,-1,0.823776,0.017711
1,2,-1,0.75,0.55,0.05,0.05,-1,-1,0.74449,0.032648
1,2,-1,0.75,0.55,0.1,0.1,-1,-1,0.74683,0.031039
1,2,-1,0.75,0.55,0.15,0.15,-1,-1,0.749171,0.029778
1,2,-1,0.75,0.55,0.2,0.2,-1,-1,0.751952,0.028424
1,2,-1,0.75,0.55,0.25,0.25,-1,-1,0.754778,0.02719
1,2,-1,0.75,0.55,0.3,0.3,-1,-1,0.757516,0.025947
1,2,-1,0.75,0.55,0.35,0.35,-1,-1,0.761004,0.024749
1,2,-1,0.75,0.55,0.4,0.4,-1,-1,0.764977,0.023496
1,2,-1,0.75,0.55,0.45,0.45,-1,-1,0.770629,0.022171
1,2,-1,0.75,0.55,0.5,0.5,-1,-1,0.776767,0.020982
1,2,-1,0.75,0.55,0.55,0.55,-1,-1,0.781623,0.020141
1,2,-1,0.75,0.55,0.6,0.6,-1,-1,0.78648,0.019318
1,2,-1,0.75,0.55,0.65,0.65,-1,-1,0.791249,0.018513
1,2,-1,0.75,0.55,0.7,0.7,-1,-1,0.797298,0.017736
1,2,-1,0.75,0.55,0.75,0.75,-1,-1,0.802464,0.017069
1,2,-1,0.75,0.55,0.8,0.8,-1,-1,0.808778,0.016392
1,2,-1,0.75,0.55,0.85,0.85,-1,-1,0.81443,0.01578
1,2,-1,0.75,0.55,0.9,0.9,-1,-1,0.82039,0.015286
1,2,-1,0.75,0.55,0.95,0.95,-1,-1,0.827632,0.014774
1,2,-1,0.75,0.55,1.0,1.0,-1,-1,0.848472,0.013823
1,2,-1,0.8,0.55,0.05,0.05,-1,-1,0.744729,0.031884
1,2,-1,0.8,0.55,0.1,0.1,-1,-1,0.74744,0.029749
1,2,-1,0.8,0.55,0.15,0.15,-1,-1,0.750152,0.028076
1,2,-1,0.8,0.55,0.2,0.2,-1,-1,0.753375,0.026281
1,2,-1,0.8,0.55,0.25,0.25,-1,-1,0.756649,0.024643
1,2,-1,0.8,0.55,0.3,0.3,-1,-1,0.759821,0.022994
1,2,-1,0.8,0.55,0.35,0.35,-1,-1,0.763863,0.021405
1,2,-1,0.8,0.55,0.4,0.4,-1,-1,0.768468,0.019743
1,2,-1,0.8,0.55,0.45,0.45,-1,-1,0.775017,0.017985
1,2,-1,0.8,0.55,0.5,0.5,-1,-1,0.782128,0.016408
1,2,-1,0.8,0.55,0.55,0.55,-1,-1,0.787756,0.015292
1,2,-1,0.8,0.55,0.6,0.6,-1,-1,0.793384,0.0142
1,2,-1,0.8,0.55,0.65,0.65,-1,-1,0.79891,0.013133
1,2,-1,0.8,0.55,0.7,0.7,-1,-1,0.805919,0.012102
1,2,-1,0.8,0.55,0.75,0.75,-1,-1,0.811905,0.011217
1,2,-1,0.8,0.55,0.8,0.8,-1,-1,0.819221,0.010319
1,2,-1,0.8,0.55,0.85,0.85,-1,-1,0.82577,0.009507
1,2,-1,0.8,0.55,0.9,0.9,-1,-1,0.832677,0.008852
1,2,-1,0.8,0.55,0.95,0.95,-1,-1,0.841067,0.008172
1,2,-1,0.8,0.55,1.0,1.0,-1,-1,0.865216,0.006911
1,2,-1,0.85,0.55,0.05,0.05,-1,-1,0.745038,0.03155
1,2,-1,0.85,0.55,0.1,0.1,-1,-1,0.748233,0.029185
1,2,-1,0.85,0.55,0.15,0.15,-1,-1,0.751427,0.027331
1,2,-1,0.85,0.55,0.2,0.2,-1,-1,0.755225,0.025343
1,2,-1,0.85,0.55,0.25,0.25,-1,-1,0.759082,0.023529
1,2,-1,0.85,0.55,0.3,0.3,-1,-1,0.762819,0.021702
1,2,-1,0.85,0.55,0.35,0.35,-1,-1,0.767581,0.019942
1,2,-1,0.85,0.55,0.4,0.4,-1,-1,0.773005,0.018102
1,2,-1,0.85,0.55,0.45,0.45,-1,-1,0.78072,0.016154
1,2,-1,0.85,0.55,0.5,0.5,-1,-1,0.789098,0.014407
1,2,-1,0.85,0.55,0.55,0.55,-1,-1,0.795728,0.013171
1,2,-1,0.85,0.55,0.6,0.6,-1,-1,0.802358,0.011962
1,2,-1,0.85,0.55,0.65,0.65,-1,-1,0.808868,0.01078
1,2,-1,0.85,0.55,0.7,0.7,-1,-1,0.817125,0.009638
1,2,-1,0.85,0.55,0.75,0.75,-1,-1,0.824177,0.008657
1,2,-1,0.85,0.55,0.8,0.8,-1,-1,0.832796,0.007663
1,2,-1,0.85,0.55,0.85,0.85,-1,-1,0.840511,0.006763
1,2,-1,0.85,0.55,0.9,0.9,-1,-1,0.848648,0.006038
1,2,-1,0.85,0.55,0.95,0.95,-1,-1,0.858533,0.005285
1,2,-1,0.85,0.55,1.0,1.0,-1,-1,0.886982,0.003888
1,2,-1,0.9,0.55,0.05,0.05,-1,-1,0.745318,0.031359
1,2,-1,0.9,0.55,0.1,0.1,-1,-1,0.748949,0.028863
1,2,-1,0.9,0.55,0.15,0.15,-1,-1,0.75258,0.026906
1,2,-1,0.9,0.55,0.2,0.2,-1,-1,0.756896,0.024807
1,2,-1,0.9,0.55,0.25,0.25,-1,-1,0.761281,0.022893
1,2,-1,0.9,0.55,0.3,0.3,-1,-1,0.765528,0.020964
1,2,-1,0.9,0.55,0.35,0.35,-1,-1,0.770941,0.019106
1,2,-1,0.9,0.55,0.4,0.4,-1,-1,0.777106,0.017163
1,2,-1,0.9,0.55,0.45,0.45,-1,-1,0.785875,0.015107
1,2,-1,0.9,0.55,0.5,0.5,-1,-1,0.795398,0.013264
1,2,-1,0.9,0.55,0.55,0.55,-1,-1,0.802934,0.011959
1,2,-1,0.9,0.55,0.6,0.6,-1,-1,0.81047,0.010683
1,2,-1,0.9,0.55,0.65,0.65,-1,-1,0.817869,0.009435
1,2,-1,0.9,0.55,0.7,0.7,-1,-1,0.827255,0.008229
1,2,-1,0.9,0.55,0.75,0.75,-1,-1,0.83527,0.007194
1,2,-1,0.9,0.55,0.8,0.8,-1,-1,0.845067,0.006145
1,2,-1,0.9,0.55,0.85,0.85,-1,-1,0.853836,0.005195
1,2,-1,0.9,0.55,0.9,0.9,-1,-1,0.863085,0.004429
1,2,-1,0.9,0.55,0.95,0.95,-1,-1,0.87432,0.003635
1,2,-1,0.9,0.55,1.0,1.0,-1,-1,0.906656,0.00216
1,2,-1,0.95,0.55,0.05,0.05,-1,-1,0.745729,0.031168
1,2,-1,0.95,0.55,0.1,0.1,-1,-1,0.750001,0.02854
1,2,-1,0.95,0.55,0.15,0.15,-1,-1,0.754273,0.02648
1,2,-1,0.95,0.55,0.2,0.2,-1,-1,0.75935,0.024271
1,2,-1,0.95,0.55,0.25,0.25,-1,-1,0.764509,0.022256
1,2,-1,0.95,0.55,0.3,0.3,-1,-1,0.769506,0.020226
1,2,-1,0.95,0.55,0.35,0.35,-1,-1,0.775873,0.01827
1,2,-1,0.95,0.55,0.4,0.4,-1,-1,0.783127,0.016225
1,2,-1,0.95,0.55,0.45,0.45,-1,-1,0.793443,0.014061
1,2,-1,0.95,0.55,0.5,0.5,-1,-1,0.804647,0.01212
1,2,-1,0.95,0.55,0.55,0.55,-1,-1,0.813512,0.010747
1,2,-1,0.95,0.55,0.6,0.6,-1,-1,0.822378,0.009403
1,2,-1,0.95,0.55,0.65,0.65,-1,-1,0.831083,0.00809
1,2,-1,0.95,0.55,0.7,0.7,-1,-1,0.842125,0.006821
1,2,-1,0.95,0.55,0.75,0.75,-1,-1,0.851555,0.005731
1,2,-1,0.95,0.55,0.8,0.8,-1,-1,0.86308,0.004627
1,2,-1,0.95,0.55,0.85,0.85,-1,-1,0.873397,0.003626
1,2,-1,0.95,0.55,0.9,0.9,-1,-1,0.884278,0.00282
1,2,-1,0.95,0.55,0.95,0.95,-1,-1,0.897496,0.001984
1,2,-1,0.95,0.55,1.0,1.0,-1,-1,0.935538,0.000432
1,2,-1,1.0,0.55,0.05,0.05,-1,-1,0.746647,0.03112
1,2,-1,1.0,0.55,0.1,0.1,-1,-1,0.752349,0.02846
1,2,-1,1.0,0.55,0.15,0.15,-1,-1,0.75805,0.026374
1,2,-1,1.0,0.55,0.2,0.2,-1,-1,0.764828,0.024137
1,2,-1,1.0,0.55,0.25,0.25,-1,-1,0.771713,0.022097
1,2,-1,1.0,0.55,0.3,0.3,-1,-1,0.778383,0.020041
1,2,-1,1.0,0.55,0.35,0.35,-1,-1,0.786882,0.018061
1,2,-1,1.0,0.55,0.4,0.4,-1,-1,0.796564,0.015991
1,2,-1,1.0,0.55,0.45,0.45,-1,-1,0.810335,0.013799
1,2,-1,1.0,0.55,0.5,0.5,-1,-1,0.825289,0.011834
1,2,-1,1.0,0.55,0.55,0.55,-1,-1,0.837122,0.010444
1,2,-1,1.0,0.55,0.6,0.6,-1,-1,0.848956,0.009084
1,2,-1,1.0,0.55,0.65,0.65,-1,-1,0.860575,0.007753
1,2,-1,1.0,0.55,0.7,0.7,-1,-1,0.875314,0.006469
1,2,-1,1.0,0.55,0.75,0.75,-1,-1,0.887901,0.005365
1,2,-1,1.0,0.55,0.8,0.8,-1,-1,0.903285,0.004247
1,2,-1,1.0,0.55,0.85,0.85,-1,-1,0.917055,0.003234
1,2,-1,1.0,0.55,0.9,0.9,-1,-1,0.931579,0.002418
1,2,-1,1.0,0.55,0.95,0.95,-1,-1,0.949222,0.001572
1,2,-1,1.0,0.55,1.0,1.0,-1,-1,1.0,0.0
1,2,-1,0.6,0.6,0.05,0.05,-1,-1,0.773545,0.028078
1,2,-1,0.6,0.6,0.1,0.1,-1,-1,0.773545,0.028078
1,2,-1,0.6,0.6,0.15,0.15,-1,-1,0.773545,0.028078
1,2,-1,0.6,0.6,0.2,0.2,-1,-1,0.773545,0.028078
1,2,-1,0.6,0.6,0.25,0.25,-1,-1,0.773545,0.028078
1,2,-1,0.6,0.6,0.3,0.3,-1,-1,0.773545,0.028078
1,2,-1,0.6,0.6,0.35,0.35,-1,-1,0.773545,0.028078
1,2,-1,0.6,0.6,0.4,0.4,-1,-1,0.773545,0.028078
1,2,-1,0.6,0.6,0.45,0.45,-1,-1,0.773545,0.028078
1,2,-1,0.6,0.6,0.5,0.5,-1,-1,0.773545,0.028078
1,2,-1,0.6,0.6,0.55,0.55,-1,-1,0.773545,0.028078
1,2,-1,0.6,0.6,0.6,0.6,-1,-1,0.773545,0.028078
1,2,-1,0.6,0.6,0.65,0.65,-1,-1,0.773545,0.028078
1,2,-1,0.6,0.6,0.7,0.7,-1,-1,0.773545,0.028078
1,2,-1,0.6,0.6,0.75,0.75,-1,-1,0.773545,0.028078
1,2,-1,0.6,0.6,0.8,0.8,-1,-1,0.773545,0.028078
1,2,-1,0.6,0.6,0.85,0.85,-1,-1,0.773545,0.028078
1,2,-1,0.6,0.6,0.9,0.9,-1,-1,0.773545,0.028078
1,2,-1,0.6,0.6,0.95,0.95,-1,-1,0.773545,0.028078
1,2,-1,0.6,0.6,1.0,1.0,-1,-1,0.773545,0.028078
1,2,-1,0.65,0.6,0.05,0.05,-1,-1,0.773962,0.027648
1,2,-1,0.65,0.6,0.1,0.1,-1,-1,0.774612,0.027352
1,2,-1,0.65,0.6,0.15,0.15,-1,-1,0.775262,0.027121
1,2,-1,0.65,0.6,0.2,0.2,-1,-1,0.776035,0.026872
1,2,-1,0.65,0.6,0.25,0.25,-1,-1,0.77682,0.026645
1,2,-1,0.65,0.6,0.3,0.3,-1,-1,0.77758,0.026417
1,2,-1,0.65,0.6,0.35,0.35,-1,-1,0.778549,0.026197
1,2,-1,0.65,0.6,0.4,0.4,-1,-1,0.779653,0.025967
1,2,-1,0.65,0.6,0.45,0.45,-1,-1,0.781223,0.025723
1,2,-1,0.65,0.6,0.5,0.5,-1,-1,0.782928,0.025505
1,2,-1,0.65,0.6,0.55,0.55,-1,-1,0.784277,0.025351
1,2,-1,0.65,0.6,0.6,0.6,-1,-1,0.785626,0.025199
1,2,-1,0.65,0.6,0.65,0.65,-1,-1,0.786951,0.025052
1,2,-1,0.65,0.6,0.7,0.7,-1,-1,0.788631,0.024909
1,2,-1,0.65,0.6,0.75,0.75,-1,-1,0.790066,0.024786
1,2,-1,0.65,0.6,0.8,0.8,-1,-1,0.79182,0.024662
1,2,-1,0.65,0.6,0.85,0.85,-1,-1,0.79339,0.024549
1,2,-1,0.65,0.6,0.9,0.9,-1,-1,0.795045,0.024459
1,2,-1,0.65,0.6,0.95,0.95,-1,-1,0.797057,0.024365
1,2,-1,0.65,0.6,1.0,1.0,-1,-1,0.802846,0.02419
1,2,-1,0.7,0.6,0.05,0.05,-1,-1,0.77426,0.026932
1,2,-1,0.7,0.6,0.1,0.1,-1,-1,0.775374,0.026143
1,2,-1,0.7,0.6,0.15,0.15,-1,-1,0.776489,0.025525
1,2,-1,0.7,0.6,0.2,0.2,-1,-1,0.777813,0.024863
1,2,-1,0.7,0.6,0.25,0.25,-1,-1,0.779159,0.024258
1,2,-1,0.7,0.6,0.3,0.3,-1,-1,0.780463,0.023649
1,2,-1,0.7,0.6,0.35,0.35,-1,-1,0.782124,0.023062
1,2,-1,0.7,0.6,0.4,0.4,-1,-1,0.784016,0.022449
1,2,-1,0.7,0.6,0.45,0.45,-1,-1,0.786707,0.0218
1,2,-1,0.7,0.6,0.5,0.5,-1,-1,0.78963,0.021217
1,2,-1,0.7,0.6,0.55,0.55,-1,-1,0.791943,0.020805
1,2,-1,0.7,0.6,0.6,0.6,-1,-1,0.794256,0.020402
1,2,-1,0.7,0.6,0.65,0.65,-1,-1,0.796526,0.020008
1,2,-1,0.7,0.6,0.7,0.7,-1,-1,0.799407,0.019628
1,2,-1,0.7,0.6,0.75,0.75,-1,-1,0.801867,0.019301
1,2,-1,0.7,0.6,0.8,0.8,-1,-1,0.804874,0.018969
1,2,-1,0.7,0.6,0.85,0.85,-1,-1,0.807565,0.018669
1,2,-1,0.7,0.6,0.9,0.9,-1,-1,0.810404,0.018428
1,2,-1,0.7,0.6,0.95,0.95,-1,-1,0.813852,0.018177
1,2,-1,0.7,0.6,1.0,1.0,-1,-1,0.823776,0.017711
1,2,-1,0.75,0.6,0.05,0.05,-1,-1,0.774611,0.026502
1,2,-1,0.75,0.6,0.1,0.1,-1,-1,0.776274,0.025418
1,2,-1,0.75,0.6,0.15,0.15,-1,-1,0.777936,0.024568
1,2,-1,0.75,0.6,0.2,0.2,-1,-1,0.779912,0.023657
1,2,-1,0.75,0.6,0.25,0.25,-1,-1,0.781919,0.022826
1,2,-1,0.75,0.6,0.3,0.3,-1,-1,0.783864,0.021988
1,2,-1,0.75,0.6,0.35,0.35,-1,-1,0.786341,0.021181
1,2,-1,0.75,0.6,0.4,0.4,-1,-1,0.789164,0.020338
1,2,-1,0.75,0.6,0.45,0.45,-1,-1,0.793178,0.019445
1,2,-1,0.75,0.6,0.5,0.5,-1,-1,0.797538,0.018644
1,2,-1,0.75,0.6,0.55,0.55,-1,-1,0.800988,0.018078
1,2,-1,0.75,0.6,0.6,0.6,-1,-1,0.804438,0.017524
1,2,-1,0.75,0.6,0.65,0.65,-1,-1,0.807825,0.016982
1,2,-1,0.75,0.6,0.7,0.7,-1,-1,0.812122,0.016458
1,2,-1,0.75,0.6,0.75,0.75,-1,-1,0.815791,0.016009
1,2,-1,0.75,0.6,0.8,0.8,-1,-1,0.820276,0.015553
1,2,-1,0.75,0.6,0.85,0.85,-1,-1,0.824291,0.015141
1,2,-1,0.75,0.6,0.9,0.9,-1,-1,0.828525,0.014808
1,2,-1,0.75,0.6,0.95,0.95,-1,-1,0.833669,0.014463
1,2,-1,0.75,0.6,1.0,1.0,-1,-1,0.848472,0.013823
1,2,-1,0.8,0.6,0.05,0.05,-1,-1,0.77485,0.025737
1,2,-1,0.8,0.6,0.1,0.1,-1,-1,0.776883,0.024128
1,2,-1,0.8,0.6,0.15,0.15,-1,-1,0.778917,0.022866
1,2,-1,0.8,0.6,0.2,0.2,-1,-1,0.781335,0.021513
1,2,-1,0.8,0.6,0.25,0.25,-1,-1,0.78379,0.020279
1,2,-1,0.8,0.6,0.3,0.3,-1,-1,0.786169,0.019035
1,2,-1,0.8,0.6,0.35,0.35,-1,-1,0.789201,0.017837
1,2,-1,0.8,0.6,0.4,0.4,-1,-1,0.792654,0.016585
1,2,-1,0.8,0.6,0.45,0.45,-1,-1,0.797566,0.015259
1,2,-1,0.8,0.6,0.5,0.5,-1,-1,0.8029,0.01407
1,2,-1,0.8,0.6,0.55,0.55,-1,-1,0.807121,0.013229
1,2,-1,0.8,0.6,0.6,0.6,-1,-1,0.811342,0.012406
1,2,-1,0.8,0.6,0.65,0.65,-1,-1,0.815486,0.011602
1,2,-1,0.8,0.6,0.7,0.7,-1,-1,0.820743,0.010824
1,2,-1,0.8,0.6,0.75,0.75,-1,-1,0.825232,0.010157
1,2,-1,0.8,0.6,0.8,0.8,-1,-1,0.830719,0.00948
1,2,-1,0.8,0.6,0.85,0.85,-1,-1,0.835631,0.008868
1,2,-1,0.8,0.6,0.9,0.9,-1,-1,0.840811,0.008374
1,2,-1,0.8,0.6,0.95,0.95,-1,-1,0.847104,0.007862
1,2,-1,0.8,0.6,1.0,1.0,-1,-1,0.865216,0.006911
1,2,-1,0.85,0.6,0.05,0.05,-1,-1,0.775159,0.025403
1,2,-1,0.85,0.6,0.1,0.1,-1,-1,0.777676,0.023564
1,2,-1,0.85,0.6,0.15,0.15,-1,-1,0.780193,0.022122
1,2,-1,0.85,0.6,0.2,0.2,-1,-1,0.783184,0.020575
1,2,-1,0.85,0.6,0.25,0.25,-1,-1,0.786223,0.019165
1,2,-1,0.85,0.6,0.3,0.3,-1,-1,0.789167,0.017744
1,2,-1,0.85,0.6,0.35,0.35,-1,-1,0.792918,0.016375
1,2,-1,0.85,0.6,0.4,0.4,-1,-1,0.797192,0.014943
1,2,-1,0.85,0.6,0.45,0.45,-1,-1,0.803269,0.013428
1,2,-1,0.85,0.6,0.5,0.5,-1,-1,0.80987,0.01207
1,2,-1,0.85,0.6,0.55,0.55,-1,-1,0.815093,0.011108
1,2,-1,0.85,0.6,0.6,0.6,-1,-1,0.820316,0.010168
1,2,-1,0.85,0.6,0.65,0.65,-1,-1,0.825444,0.009248
1,2,-1,0.85,0.6,0.7,0.7,-1,-1,0.831949,0.00836
1,2,-1,0.85,0.6,0.75,0.75,-1,-1,0.837505,0.007597
1,2,-1,0.85,0.6,0.8,0.8,-1,-1,0.844295,0.006824
1,2,-1,0.85,0.6,0.85,0.85,-1,-1,0.850373,0.006124
1,2,-1,0.85,0.6,0.9,0.9,-1,-1,0.856783,0.00556
1,2,-1,0.85,0.6,0.95,0.95,-1,-1,0.86457,0.004975
1,2,-1,0.85,0.6,1.0,1.0,-1,-1,0.886982,0.003888
1,2,-1,0.9,0.6,0.05,0.05,-1,-1,0.775439,0.025212
1,2,-1,0.9,0.6,0.1,0.1,-1,-1,0.778393,0.023241
1,2,-1,0.9,0.6,0.15,0.15,-1,-1,0.781346,0.021696
1,2,-1,0.9,0.6,0.2,0.2,-1,-1,0.784856,0.02004
1,2,-1,0.9,0.6,0.25,0.25,-1,-1,0.788422,0.018528
1,2,-1,0.9,0.6,0.3,0.3,-1,-1,0.791876,0.017005
1,2,-1,0.9,0.6,0.35,0.35,-1,-1,0.796278,0.015539
1,2,-1,0.9,0.6,0.4,0.4,-1,-1,0.801293,0.014005
1,2,-1,0.9,0.6,0.45,0.45,-1,-1,0.808425,0.012382
1,2,-1,0.9,0.6,0.5,0.5,-1,-1,0.81617,0.010926
1,2,-1,0.9,0.6,0.55,0.55,-1,-1,0.822299,0.009896
1,2,-1,0.9,0.6,0.6,0.6,-1,-1,0.828427,0.008889
1,2,-1,0.9,0.6,0.65,0.65,-1,-1,0.834445,0.007903
1,2,-1,0.9,0.6,0.7,0.7,-1,-1,0.842079,0.006952
1,2,-1,0.9,0.6,0.75,0.75,-1,-1,0.848598,0.006134
1,2,-1,0.9,0.6,0.8,0.8,-1,-1,0.856565,0.005306
1,2,-1,0.9,0.6,0.85,0.85,-1,-1,0.863697,0.004556
1,2,-1,0.9,0.6,0.9,0.9,-1,-1,0.871219,0.003951
1,2,-1,0.9,0.6,0.95,0.95,-1,-1,0.880357,0.003324
1,2,-1,0.9,0.6,1.0,1.0,-1,-1,0.906656,0.00216
1,2,-1,0.95,0.6,0.05,0.05,-1,-1,0.77585,0.025021
1,2,-1,0.95,0.6,0.1,0.1,-1,-1,0.779444,0.022919
1,2,-1,0.95,0.6,0.15,0.15,-1,-1,0.783038,0.021271
1,2,-1,0.95,0.6,0.2,0.2,-1,-1,0.78731,0.019504
1,2,-1,0.95,0.6,0.25,0.25,-1,-1,0.79165,0.017891
1,2,-1,0.95,0.6,0.3,0.3,-1,-1,0.795854,0.016267
1,2,-1,0.95,0.6,0.35,0.35,-1,-1,0.801211,0.014703
1,2,-1,0.95,0.6,0.4,0.4,-1,-1,0.807313,0.013067
1,2,-1,0.95,0.6,0.45,0.45,-1,-1,0.815993,0.011335
1,2,-1,0.95,0.6,0.5,0.5,-1,-1,0.825418,0.009783
1,2,-1,0.95,0.6,0.55,0.55,-1,-1,0.832877,0.008684
1,2,-1,0.95,0.6,0.6,0.6,-1,-1,0.840336,0.007609
1,2,-1,0.95,0.6,0.65,0.65,-1,-1,0.847659,0.006558
1,2,-1,0.95,0.6,0.7,0.7,-1,-1,0.856949,0.005543
1,2,-1,0.95,0.6,0.75,0.75,-1,-1,0.864882,0.004671
1,2,-1,0.95,0.6,0.8,0.8,-1,-1,0.874579,0.003788
1,2,-1,0.95,0.6,0.85,0.85,-1,-1,0.883258,0.002988
1,2,-1,0.95,0.6,0.9,0.9,-1,-1,0.892412,0.002343
1,2,-1,0.95,0.6,0.95,0.95,-1,-1,0.903533,0.001674
1,2,-1,0.95,0.6,1.0,1.0,-1,-1,0.935538,0.000432
1,2,-1,1.0,0.6,0.05,0.05,-1,-1,0.776768,0.024973
1,2,-1,1.0,0.6,0.1,0.1,-1,-1,0.781792,0.022838
1,2,-1,1.0,0.6,0.15,0.15,-1,-1,0.786816,0.021165
1,2,-1,1.0,0.6,0.2,0.2,-1,-1,0.792788,0.01937
1,2,-1,1.0,0.6,0.25,0.25,-1,-1,0.798854,0.017732
1,2,-1,1.0,0.6,0.3,0.3,-1,-1,0.804731,0.016083
1,2,-1,1.0,0.6,0.35,0.35,-1,-1,0.81222,0.014494
1,2,-1,1.0,0.6,0.4,0.4,-1,-1,0.820751,0.012832
1,2,-1,1.0,0.6,0.45,0.45,-1,-1,0.832884,0.011074
1,2,-1,1.0,0.6,0.5,0.5,-1,-1,0.84606,0.009497
1,2,-1,1.0,0.6,0.55,0.55,-1,-1,0.856487,0.008381
1,2,-1,1.0,0.6,0.6,0.6,-1,-1,0.866914,0.007289
1,2,-1,1.0,0.6,0.65,0.65,-1,-1,0.877151,0.006222
1,2,-1,1.0,0.6,0.7,0.7,-1,-1,0.890138,0.005191
1,2,-1,1.0,0.6,0.75,0.75,-1,-1,0.901228,0.004306
1,2,-1,1.0,0.6,0.8,0.8,-1,-1,0.914783,0.003408
1,2,-1,1.0,0.6,0.85,0.85,-1,-1,0.926916,0.002596
1,2,-1,1.0,0.6,0.9,0.9,-1,-1,0.939713,0.001941
1,2,-1,1.0,0.6,0.95,0.95,-1,-1,0.955259,0.001261
1,2,-1,1.0,0.6,1.0,1.0,-1,-1,1.0,0.0
1,2,-1,0.65,0.65,0.05,0.05,-1,-1,0.802846,0.02419
1,2,-1,0.65,0.65,0.1,0.1,-1,-1,0.802846,0.02419
1,2,-1,0.65,0.65,0.15,0.15,-1,-1,0.802846,0.02419
1,2,-1,0.65,0.65,0.2,0.2,-1,-1,0.802846,0.02419
1,2,-1,0.65,0.65,0.25,0.25,-1,-1,0.802846,0.02419
1,2,-1,0.65,0.65,0.3,0.3,-1,-1,0.802846,0.02419
1,2,-1,0.65,0.65,0.35,0.35,-1,-1,0.802846,0.02419
1,2,-1,0.65,0.65,0.4,0.4,-1,-1,0.802846,0.02419
1,2,-1,0.65,0.65,0.45,0.45,-1,-1,0.802846,0.02419
1,2,-1,0.65,0.65,0.5,0.5,-1,-1,0.802846,0.02419
1,2,-1,0.65,0.65,0.55,0.55,-1,-1,0.802846,0.02419
1,2,-1,0.65,0.65,0.6,0.6,-1,-1,0.802846,0.02419
1,2,-1,0.65,0.65,0.65,0.65,-1,-1,0.802846,0.02419
1,2,-1,0.65,0.65,0.7,0.7,-1,-1,0.802846,0.02419
1,2,-1,0.65,0.65,0.75,0.75,-1,-1,0.802846,0.02419
1,2,-1,0.65,0.65,0.8,0.8,-1,-1,0.802846,0.02419
1,2,-1,0.65,0.65,0.85,0.85,-1,-1,0.802846,0.02419
1,2,-1,0.65,0.65,0.9,0.9,-1,-1,0.802846,0.02419
1,2,-1,0.65,0.65,0.95,0.95,-1,-1,0.802846,0.02419
1,2,-1,0.65,0.65,1.0,1.0,-1,-1,0.802846,0.02419
1,2,-1,0.7,0.65,0.05,0.05,-1,-1,0.803144,0.023474
1,2,-1,0.7,0.65,0.1,0.1,-1,-1,0.803608,0.022981
1,2,-1,0.7,0.65,0.15,0.15,-1,-1,0.804073,0.022595
1,2,-1,0.7,0.65,0.2,0.2,-1,-1,0.804624,0.022181
1,2,-1,0.7,0.65,0.25,0.25,-1,-1,0.805185,0.021803
1,2,-1,0.7,0.65,0.3,0.3,-1,-1,0.805728,0.021422
1,2,-1,0.7,0.65,0.35,0.35,-1,-1,0.80642,0.021055
1,2,-1,0.7,0.65,0.4,0.4,-1,-1,0.807209,0.020672
1,2,-1,0.7,0.65,0.45,0.45,-1,-1,0.80833,0.020266
1,2,-1,0.7,0.65,0.5,0.5,-1,-1,0.809548,0.019902
1,2,-1,0.7,0.65,0.55,0.55,-1,-1,0.810512,0.019645
1,2,-1,0.7,0.65,0.6,0.6,-1,-1,0.811476,0.019393
1,2,-1,0.7,0.65,0.65,0.65,-1,-1,0.812422,0.019147
1,2,-1,0.7,0.65,0.7,0.7,-1,-1,0.813622,0.018909
1,2,-1,0.7,0.65,0.75,0.75,-1,-1,0.814647,0.018705
1,2,-1,0.7,0.65,0.8,0.8,-1,-1,0.8159,0.018497
1,2,-1,0.7,0.65,0.85,0.85,-1,-1,0.817021,0.01831
1,2,-1,0.7,0.65,0.9,0.9,-1,-1,0.818204,0.018159
1,2,-1,0.7,0.65,0.95,0.95,-1,-1,0.819641,0.018002
1,2,-1,0.7,0.65,1.0,1.0,-1,-1,0.823776,0.017711
1,2,-1,0.75,0.65,0.05,0.05,-1,-1,0.803495,0.023044
1,2,-1,0.75,0.65,0.1,0.1,-1,-1,0.804508,0.022255
1,2,-1,0.75,0.65,0.15,0.15,-1,-1,0.80552,0.021637
1,2,-1,0.75,0.65,0.2,0.2,-1,-1,0.806723,0.020975
1,2,-1,0.75,0.65,0.25,0.25,-1,-1,0.807945,0.02037
1,2,-1,0.75,0.65,0.3,0.3,-1,-1,0.809129,0.019761
1,2,-1,0.75,0.65,0.35,0.35,-1,-1,0.810638,0.019174
1,2,-1,0.75,0.65,0.4,0.4,-1,-1,0.812357,0.018561
1,2,-1,0.75,0.65,0.45,0.45,-1,-1,0.814802,0.017912
1,2,-1,0.75,0.65,0.5,0.5,-1,-1,0.817456,0.017329
1,2,-1,0.75,0.65,0.55,0.55,-1,-1,0.819557,0.016917
1,2,-1,0.75,0.65,0.6,0.6,-1,-1,0.821658,0.016514
1,2,-1,0.75,0.65,0.65,0.65,-1,-1,0.823721,0.01612
1,2,-1,0.75,0.65,0.7,0.7,-1,-1,0.826337,0.01574
1,2,-1,0.75,0.65,0.75,0.75,-1,-1,0.828571,0.015413
1,2,-1,0.75,0.65,0.8,0.8,-1,-1,0.831303,0.015081
1,2,-1,0.75,0.65,0.85,0.85,-1,-1,0.833747,0.014781
1,2,-1,0.75,0.65,0.9,0.9,-1,-1,0.836325,0.01454
1,2,-1,0.75,0.65,0.95,0.95,-1,-1,0.839458,0.014289
1,2,-1,0.75,0.65,1.0,1.0,-1,-1,0.848472,0.013823
1,2,-1,0.8,0.65,0.05,0.05,-1,-1,0.803734,0.022279
1,2,-1,0.8,0.65,0.1,0.1,-1,-1,0.805117,0.020966
1,2,-1,0.8,0.65,0.15,0.15,-1,-1,0.806501,0.019936
1,2,-1,0.8,0.65,0.2,0.2,-1,-1,0.808146,0.018831
1,2,-1,0.8,0.65,0.25,0.25,-1,-1,0.809817,0.017823
1,2,-1,0.8,0.65,0.3,0.3,-1,-1,0.811435,0.016808
1,2,-1,0.8,0.65,0.35,0.35,-1,-1,0.813498,0.01583
1,2,-1,0.8,0.65,0.4,0.4,-1,-1,0.815847,0.014808
1,2,-1,0.8,0.65,0.45,0.45,-1,-1,0.819189,0.013726
1,2,-1,0.8,0.65,0.5,0.5,-1,-1,0.822818,0.012755
1,2,-1,0.8,0.65,0.55,0.55,-1,-1,0.82569,0.012069
1,2,-1,0.8,0.65,0.6,0.6,-1,-1,0.828562,0.011397
1,2,-1,0.8,0.65,0.65,0.65,-1,-1,0.831381,0.01074
1,2,-1,0.8,0.65,0.7,0.7,-1,-1,0.834958,0.010106
1,2,-1,0.8,0.65,0.75,0.75,-1,-1,0.838012,0.009561
1,2,-1,0.8,0.65,0.8,0.8,-1,-1,0.841746,0.009008
1,2,-1,0.8,0.65,0.85,0.85,-1,-1,0.845087,0.008508
1,2,-1,0.8,0.65,0.9,0.9,-1,-1,0.848612,0.008105
1,2,-1,0.8,0.65,0.95,0.95,-1,-1,0.852893,0.007687
1,2,-1,0.8,0.65,1.0,1.0,-1,-1,0.865216,0.006911
1,2,-1,0.85,0.65,0.05,0.05,-1,-1,0.804043,0.021945
1,2,-1,0.85,0.65,0.1,0.1,-1,-1,0.80591,0.020401
1,2,-1,0.85,0.65,0.15,0.15,-1,-1,0.807777,0.019191
1,2,-1,0.85,0.65,0.2,0.2,-1,-1,0.809995,0.017893
1,2,-1,0.85,0.65,0.25,0.25,-1,-1,0.812249,0.016709
1,2,-1,0.85,0.65,0.3,0.3,-1,-1,0.814433,0.015517
1,2,-1,0.85,0.65,0.35,0.35,-1,-1,0.817215,0.014368
1,2,-1,0.85,0.65,0.4,0.4,-1,-1,0.820385,0.013166
1,2,-1,0.85,0.65,0.45,0.45,-1,-1,0.824892,0.011895
1,2,-1,0.85,0.65,0.5,0.5,-1,-1,0.829788,0.010755
1,2,-1,0.85,0.65,0.55,0.55,-1,-1,0.833662,0.009948
1,2,-1,0.85,0.65,0.6,0.6,-1,-1,0.837536,0.009159
1,2,-1,0.85,0.65,0.65,0.65,-1,-1,0.841339,0.008387
1,2,-1,0.85,0.65,0.7,0.7,-1,-1,0.846164,0.007641
1,2,-1,0.85,0.65,0.75,0.75,-1,-1,0.850285,0.007001
1,2,-1,0.85,0.65,0.8,0.8,-1,-1,0.855321,0.006352
1,2,-1,0.85,0.65,0.85,0.85,-1,-1,0.859829,0.005765
1,2,-1,0.85,0.65,0.9,0.9,-1,-1,0.864583,0.005291
1,2,-1,0.85,0.65,0.95,0.95,-1,-1,0.870359,0.0048
1,2,-1,0.85,0.65,1.0,1.0,-1,-1,0.886982,0.003888
1,2,-1,0.9,0.65,0.05,0.05,-1,-1,0.804323,0.021754
1,2,-1,0.9,0.65,0.1,0.1,-1,-1,0.806626,0.020079
1,2,-1,0.9,0.65,0.15,0.15,-1,-1,0.808929,0.018766
1,2,-1,0.9,0.65,0.2,0.2,-1,-1,0.811667,0.017357
1,2,-1,0.9,0.65,0.25,0.25,-1,-1,0.814448,0.016073
1,2,-1,0.9,0.65,0.3,0.3,-1,-1,0.817142,0.014778
1,2,-1,0.9,0.65,0.35,0.35,-1,-1,0.820575,0.013532
1,2,-1,0.9,0.65,0.4,0.4,-1,-1,0.824486,0.012228
1,2,-1,0.9,0.65,0.45,0.45,-1,-1,0.830048,0.010848
1,2,-1,0.9,0.65,0.5,0.5,-1,-1,0.836088,0.009611
1,2,-1,0.9,0.65,0.55,0.55,-1,-1,0.840868,0.008736
1,2,-1,0.9,0.65,0.6,0.6,-1,-1,0.845647,0.007879
1,2,-1,0.9,0.65,0.65,0.65,-1,-1,0.850341,0.007042
1,2,-1,0.9,0.65,0.7,0.7,-1,-1,0.856294,0.006233
1,2,-1,0.9,0.65,0.75,0.75,-1,-1,0.861378,0.005538
1,2,-1,0.9,0.65,0.8,0.8,-1,-1,0.867591,0.004834
1,2,-1,0.9,0.65,0.85,0.85,-1,-1,0.873154,0.004196
1,2,-1,0.9,0.65,0.9,0.9,-1,-1,0.87902,0.003683
1,2,-1,0.9,0.65,0.95,0.95,-1,-1,0.886146,0.00315
1,2,-1,0.9,0.65,1.0,1.0,-1,-1,0.906656,0.00216
1,2,-1,0.95,0.65,0.05,0.05,-1,-1,0.804734,0.021563
1,2,-1,0.95,0.65,0.1,0.1,-1,-1,0.807678,0.019757
1,2,-1,0.95,0.65,0.15,0.15,-1,-1,0.810622,0.01834
1,2,-1,0.95,0.65,0.2,0.2,-1,-1,0.814121,0.016821
1,2,-1,0.95,0.65,0.25,0.25,-1,-1,0.817676,0.015436
1,2,-1,0.95,0.65,0.3,0.3,-1,-1,0.82112,0.01404
1,2,-1,0.95,0.65,0.35,0.35,-1,-1,0.825508,0.012696
1,2,-1,0.95,0.65,0.4,0.4,-1,-1,0.830506,0.01129
1,2,-1,0.95,0.65,0.45,0.45,-1,-1,0.837616,0.009802
1,2,-1,0.95,0.65,0.5,0.5,-1,-1,0.845336,0.008468
1,2,-1,0.95,0.65,0.55,0.55,-1,-1,0.851446,0.007523
1,2,-1,0.95,0.65,0.6,0.6,-1,-1,0.857556,0.0066
1,2,-1,0.95,0.65,0.65,0.65,-1,-1,0.863554,0.005697
1,2,-1,0.95,0.65,0.7,0.7,-1,-1,0.871164,0.004824
1,2,-1,0.95,0.65,0.75,0.75,-1,-1,0.877662,0.004075
1,2,-1,0.95,0.65,0.8,0.8,-1,-1,0.885605,0.003316
1,2,-1,0.95,0.65,0.85,0.85,-1,-1,0.892714,0.002628
1,2,-1,0.95,0.65,0.9,0.9,-1,-1,0.900213,0.002074
1,2,-1,0.95,0.65,0.95,0.95,-1,-1,0.909322,0.001499
1,2,-1,0.95,0.65,1.0,1.0,-1,-1,0.935538,0.000432
1,2,-1,1.0,0.65,0.05,0.05,-1,-1,0.805652,0.021515
1,2,-1,1.0,0.65,0.1,0.1,-1,-1,0.810026,0.019676
1,2,-1,1.0,0.65,0.15,0.15,-1,-1,0.8144,0.018234
1,2,-1,1.0,0.65,0.2,0.2,-1,-1,0.819599,0.016687
1,2,-1,1.0,0.65,0.25,0.25,-1,-1,0.82488,0.015277
1,2,-1,1.0,0.65,0.3,0.3,-1,-1,0.829997,0.013856
1,2,-1,1.0,0.65,0.35,0.35,-1,-1,0.836517,0.012487
1,2,-1,1.0,0.65,0.4,0.4,-1,-1,0.843944,0.011055
1,2,-1,1.0,0.65,0.45,0.45,-1,-1,0.854507,0.00954
1,2,-1,1.0,0.65,0.5,0.5,-1,-1,0.865978,0.008182
1,2,-1,1.0,0.65,0.55,0.55,-1,-1,0.875056,0.00722
1,2,-1,1.0,0.65,0.6,0.6,-1,-1,0.884134,0.00628
1,2,-1,1.0,0.65,0.65,0.65,-1,-1,0.893047,0.00536
1,2,-1,1.0,0.65,0.7,0.7,-1,-1,0.904353,0.004472
1,2,-1,1.0,0.65,0.75,0.75,-1,-1,0.914008,0.003709
1,2,-1,1.0,0.65,0.8,0.8,-1,-1,0.925809,0.002936
1,2,-1,1.0,0.65,0.85,0.85,-1,-1,0.936373,0.002236
1,2,-1,1.0,0.65,0.9,0.9,-1,-1,0.947514,0.001672
1,2,-1,1.0,0.65,0.95,0.95,-1,-1,0.961048,0.001087
1,2,-1,1.0,0.65,1.0,1.0,-1,-1,1.0,0.0
1,2,-1,0.7,0.7,0.05,0.05,-1,-1,0.823776,0.017711
1,2,-1,0.7,0.7,0.1,0.1,-1,-1,0.823776,0.017711
1,2,-1,0.7,0.7,0.15,0.15,-1,-1,0.823776,0.017711
1,2,-1,0.7,0.7,0.2,0.2,-1,-1,0.823776,0.017711
1,2,-1,0.7,0.7,0.25,0.25,-1,-1,0.823776,0.017711
1,2,-1,0.7,0.7,0.3,0.3,-1,-1,0.823776,0.017711
1,2,-1,0.7,0.7,0.35,0.35,-1,-1,0.823776,0.017711
1,2,-1,0.7,0.7,0.4,0.4,-1,-1,0.823776,0.017711
1,2,-1,0.7,0.7,0.45,0.45,-1,-1,0.823776,0.017711
1,2,-1,0.7,0.7,0.5,0.5,-1,-1,0.823776,0.017711
1,2,-1,0.7,0.7,0.55,0.55,-1,-1,0.823776,0.017711
1,2,-1,0.7,0.7,0.6,0.6,-1,-1,0.823776,0.017711
1,2,-1,0.7,0.7,0.65,0.65,-1,-1,0.823776,0.017711
1,2,-1,0.7,0.7,0.7,0.7,-1,-1,0.823776,0.017711
1,2,-1,0.7,0.7,0.75,0.75,-1,-1,0.823776,0.017711
1,2,-1,0.7,0.7,0.8,0.8,-1,-1,0.823776,0.017711
1,2,-1,0.7,0.7,0.85,0.85,-1,-1,0.823776,0.017711
1,2,-1,0.7,0.7,0.9,0.9,-1,-1,0.823776,0.017711
1,2,-1,0.7,0.7,0.95,0.95,-1,-1,0.823776,0.017711
1,2,-1,0.7,0.7,1.0,1.0,-1,-1,0.823776,0.017711
1,2,-1,0.75,0.7,0.05,0.05,-1,-1,0.824127,0.017281
1,2,-1,0.75,0.7,0.1,0.1,-1,-1,0.824675,0.016985
1,2,-1,0.75,0.7,0.15,0.15,-1,-1,0.825223,0.016754
1,2,-1,0.75,0.7,0.2,0.2,-1,-1,0.825874,0.016505
1,2,-1,0.75,0.7,0.25,0.25,-1,-1,0.826536,0.016278
1,2,-1,0.75,0.7,0.3,0.3,-1,-1,0.827177,0.01605
1,2,-1,0.75,0.7,0.35,0.35,-1,-1,0.827994,0.01583
1,2,-1,0.75,0.7,0.4,0.4,-1,-1,0.828924,0.0156
1,2,-1,0.75,0.7,0.45,0.45,-1,-1,0.830247,0.015356
1,2,-1,0.75,0.7,0.5,0.5,-1,-1,0.831684,0.015138
1,2,-1,0.75,0.7,0.55,0.55,-1,-1,0.832821,0.014984
1,2,-1,0.75,0.7,0.6,0.6,-1,-1,0.833958,0.014832
1,2,-1,0.75,0.7,0.65,0.65,-1,-1,0.835075,0.014685
1,2,-1,0.75,0.7,0.7,0.7,-1,-1,0.836491,0.014542
1,2,-1,0.75,0.7,0.75,0.75,-1,-1,0.8377,0.014419
1,2,-1,0.75,0.7,0.8,0.8,-1,-1,0.839179,0.014295
1,2,-1,0.75,0.7,0.85,0.85,-1,-1,0.840502,0.014182
1,2,-1,0.75,0.7,0.9,0.9,-1,-1,0.841897,0.014092
1,2,-1,0.75,0.7,0.95,0.95,-1,-1,0.843593,0.013998
1,2,-1,0.75,0.7,1.0,1.0,-1,-1,0.848472,0.013823
1,2,-1,0.8,0.7,0.05,0.05,-1,-1,0.824366,0.016517
1,2,-1,0.8,0.7,0.1,0.1,-1,-1,0.825285,0.015696
1,2,-1,0.8,0.7,0.15,0.15,-1,-1,0.826204,0.015052
1,2,-1,0.8,0.7,0.2,0.2,-1,-1,0.827297,0.014361
1,2,-1,0.8,0.7,0.25,0.25,-1,-1,0.828407,0.013732
1,2,-1,0.8,0.7,0.3,0.3,-1,-1,0.829483,0.013097
1,2,-1,0.8,0.7,0.35,0.35,-1,-1,0.830853,0.012486
1,2,-1,0.8,0.7,0.4,0.4,-1,-1,0.832414,0.011847
1,2,-1,0.8,0.7,0.45,0.45,-1,-1,0.834635,0.01117
1,2,-1,0.8,0.7,0.5,0.5,-1,-1,0.837046,0.010564
1,2,-1,0.8,0.7,0.55,0.55,-1,-1,0.838954,0.010135
1,2,-1,0.8,0.7,0.6,0.6,-1,-1,0.840862,0.009715
1,2,-1,0.8,0.7,0.65,0.65,-1,-1,0.842735,0.009304
1,2,-1,0.8,0.7,0.7,0.7,-1,-1,0.845112,0.008908
1,2,-1,0.8,0.7,0.75,0.75,-1,-1,0.847141,0.008567
1,2,-1,0.8,0.7,0.8,0.8,-1,-1,0.849622,0.008222
1,2,-1,0.8,0.7,0.85,0.85,-1,-1,0.851842,0.007909
1,2,-1,0.8,0.7,0.9,0.9,-1,-1,0.854184,0.007657
1,2,-1,0.8,0.7,0.95,0.95,-1,-1,0.857029,0.007396
1,2,-1,0.8,0.7,1.0,1.0,-1,-1,0.865216,0.006911
1,2,-1,0.85,0.7,0.05,0.05,-1,-1,0.824676,0.016182
1,2,-1,0.85,0.7,0.1,0.1,-1,-1,0.826078,0.015132
1,2,-1,0.85,0.7,0.15,0.15,-1,-1,0.82748,0.014308
1,2,-1,0.85,0.7,0.2,0.2,-1,-1,0.829147,0.013424
1,2,-1,0.85,0.7,0.25,0.25,-1,-1,0.83084,0.012618
1,2,-1,0.85,0.7,0.3,0.3,-1,-1,0.83248,0.011806
1,2,-1,0.85,0.7,0.35,0.35,-1,-1,0.834571,0.011023
1,2,-1,0.85,0.7,0.4,0.4,-1,-1,0.836952,0.010205
1,2,-1,0.85,0.7,0.45,0.45,-1,-1,0.840338,0.00934
1,2,-1,0.85,0.7,0.5,0.5,-1,-1,0.844016,0.008563
1,2,-1,0.85,0.7,0.55,0.55,-1,-1,0.846926,0.008014
1,2,-1,0.85,0.7,0.6,0.6,-1,-1,0.849836,0.007477
1,2,-1,0.85,0.7,0.65,0.65,-1,-1,0.852694,0.006951
1,2,-1,0.85,0.7,0.7,0.7,-1,-1,0.856318,0.006444
1,2,-1,0.85,0.7,0.75,0.75,-1,-1,0.859414,0.006008
1,2,-1,0.85,0.7,0.8,0.8,-1,-1,0.863197,0.005566
1,2,-1,0.85,0.7,0.85,0.85,-1,-1,0.866584,0.005166
1,2,-1,0.85,0.7,0.9,0.9,-1,-1,0.870155,0.004843
1,2,-1,0.85,0.7,0.95,0.95,-1,-1,0.874494,0.004509
1,2,-1,0.85,0.7,1.0,1.0,-1,-1,0.886982,0.003888
1,2,-1,0.9,0.7,0.05,0.05,-1,-1,0.824956,0.015991
1,2,-1,0.9,0.7,0.1,0.1,-1,-1,0.826794,0.014809
1,2,-1,0.9,0.7,0.15,0.15,-1,-1,0.828633,0.013882
1,2,-1,0.9,0.7,0.2,0.2,-1,-1,0.830819,0.012888
1,2,-1,0.9,0.7,0.25,0.25,-1,-1,0.833039,0.011981
1,2,-1,0.9,0.7,0.3,0.3,-1,-1,0.83519,0.011067
1,2,-1,0.9,0.7,0.35,0.35,-1,-1,0.83793,0.010187
1,2,-1,0.9,0.7,0.4,0.4,-1,-1,0.841053,0.009267
1,2,-1,0.9,0.7,0.45,0.45,-1,-1,0.845493,0.008293
1,2,-1,0.9,0.7,0.5,0.5,-1,-1,0.850316,0.00742
1,2,-1,0.9,0.7,0.55,0.55,-1,-1,0.854132,0.006802
1,2,-1,0.9,0.7,0.6,0.6,-1,-1,0.857948,0.006197
1,2,-1,0.9,0.7,0.65,0.65,-1,-1,0.861695,0.005606
1,2,-1,0.9,0.7,0.7,0.7,-1,-1,0.866448,0.005035
1,2,-1,0.9,0.7,0.75,0.75,-1,-1,0.870507,0.004545
1,2,-1,0.9,0.7,0.8,0.8,-1,-1,0.875468,0.004048
1,2,-1,0.9,0.7,0.85,0.85,-1,-1,0.879908,0.003598
1,2,-1,0.9,0.7,0.9,0.9,-1,-1,0.884592,0.003235
1,2,-1,0.9,0.7,0.95,0.95,-1,-1,0.890281,0.002859
1,2,-1,0.9,0.7,1.0,1.0,-1,-1,0.906656,0.00216
1,2,-1,0.95,0.7,0.05,0.05,-1,-1,0.825367,0.0158
1,2,-1,0.95,0.7,0.1,0.1,-1,-1,0.827846,0.014487
1,2,-1,0.95,0.7,0.15,0.15,-1,-1,0.830325,0.013457
1,2,-1,0.95,0.7,0.2,0.2,-1,-1,0.833273,0.012352
1,2,-1,0.95,0.7,0.25,0.25,-1,-1,0.836267,0.011344
1,2,-1,0.95,0.7,0.3,0.3,-1,-1,0.839167,0.010329
1,2,-1,0.95,0.7,0.35,0.35,-1,-1,0.842863,0.009351
1,2,-1,0.95,0.7,0.4,0.4,-1,-1,0.847073,0.008329
1,2,-1,0.95,0.7,0.45,0.45,-1,-1,0.853061,0.007247
1,2,-1,0.95,0.7,0.5,0.5,-1,-1,0.859564,0.006276
1,2,-1,0.95,0.7,0.55,0.55,-1,-1,0.86471,0.00559
1,2,-1,0.95,0.7,0.6,0.6,-1,-1,0.869856,0.004918
1,2,-1,0.95,0.7,0.65,0.65,-1,-1,0.874909,0.004261
1,2,-1,0.95,0.7,0.7,0.7,-1,-1,0.881318,0.003627
1,2,-1,0.95,0.7,0.75,0.75,-1,-1,0.886791,0.003082
1,2,-1,0.95,0.7,0.8,0.8,-1,-1,0.893481,0.002529
1,2,-1,0.95,0.7,0.85,0.85,-1,-1,0.899469,0.002029
1,2,-1,0.95,0.7,0.9,0.9,-1,-1,0.905785,0.001626
1,2,-1,0.95,0.7,0.95,0.95,-1,-1,0.913457,0.001208
1,2,-1,0.95,0.7,1.0,1.0,-1,-1,0.935538,0.000432
1,2,-1,1.0,0.7,0.05,0.05,-1,-1,0.826284,0.015752
1,2,-1,1.0,0.7,0.1,0.1,-1,-1,0.830194,0.014406
1,2,-1,1.0,0.7,0.15,0.15,-1,-1,0.834103,0.01335
1,2,-1,1.0,0.7,0.2,0.2,-1,-1,0.83875,0.012218
1,2,-1,1.0,0.7,0.25,0.25,-1,-1,0.843471,0.011185
1,2,-1,1.0,0.7,0.3,0.3,-1,-1,0.848045,0.010145
1,2,-1,1.0,0.7,0.35,0.35,-1,-1,0.853872,0.009142
1,2,-1,1.0,0.7,0.4,0.4,-1,-1,0.860511,0.008094
1,2,-1,1.0,0.7,0.45,0.45,-1,-1,0.869953,0.006985
1,2,-1,1.0,0.7,0.5,0.5,-1,-1,0.880206,0.00599
1,2,-1,1.0,0.7,0.55,0.55,-1,-1,0.88832,0.005287
1,2,-1,1.0,0.7,0.6,0.6,-1,-1,0.896434,0.004598
1,2,-1,1.0,0.7,0.65,0.65,-1,-1,0.904401,0.003925
1,2,-1,1.0,0.7,0.7,0.7,-1,-1,0.914507,0.003274
1,2,-1,1.0,0.7,0.75,0.75,-1,-1,0.923137,0.002716
1,2,-1,1.0,0.7,0.8,0.8,-1,-1,0.933685,0.00215
1,2,-1,1.0,0.7,0.85,0.85,-1,-1,0.943127,0.001637
1,2,-1,1.0,0.7,0.9,0.9,-1,-1,0.953086,0.001224
1,2,-1,1.0,0.7,0.95,0.95,-1,-1,0.965183,0.000796
1,2,-1,1.0,0.7,1.0,1.0,-1,-1,1.0,0.0
1,2,-1,0.75,0.75,0.05,0.05,-1,-1,0.848472,0.013823
1,2,-1,0.75,0.75,0.1,0.1,-1,-1,0.848472,0.013823
1,2,-1,0.75,0.75,0.15,0.15,-1,-1,0.848472,0.013823
1,2,-1,0.75,0.75,0.2,0.2,-1,-1,0.848472,0.013823
1,2,-1,0.75,0.75,0.25,0.25,-1,-1,0.848472,0.013823
1,2,-1,0.75,0.75,0.3,0.3,-1,-1,0.848472,0.013823
1,2,-1,0.75,0.75,0.35,0.35,-1,-1,0.848472,0.013823
1,2,-1,0.75,0.75,0.4,0.4,-1,-1,0.848472,0.013823
1,2,-1,0.75,0.75,0.45,0.45,-1,-1,0.848472,0.013823
1,2,-1,0.75,0.75,0.5,0.5,-1,-1,0.848472,0.013823
1,2,-1,0.75,0.75,0.55,0.55,-1,-1,0.848472,0.013823
1,2,-1,0.75,0.75,0.6,0.6,-1,-1,0.848472,0.013823
1,2,-1,0.75,0.75,0.65,0.65,-1,-1,0.848472,0.013823
1,2,-1,0.75,0.75,0.7,0.7,-1,-1,0.848472,0.013823
1,2,-1,0.75,0.75,0.75,0.75,-1,-1,0.848472,0.013823
1,2,-1,0.75,0.75,0.8,0.8,-1,-1,0.848472,0.013823
1,2,-1,0.75,0.75,0.85,0.85,-1,-1,0.848472,0.013823
1,2,-1,0.75,0.75,0.9,0.9,-1,-1,0.848472,0.013823
1,2,-1,0.75,0.75,0.95,0.95,-1,-1,0.848472,0.013823
1,2,-1,0.75,0.75,1.0,1.0,-1,-1,0.848472,0.013823
1,2,-1,0.8,0.75,0.05,0.05,-1,-1,0.84871,0.013059
1,2,-1,0.8,0.75,0.1,0.1,-1,-1,0.849082,0.012533
1,2,-1,0.8,0.75,0.15,0.15,-1,-1,0.849453,0.012121
1,2,-1,0.8,0.75,0.2,0.2,-1,-1,0.849895,0.011679
1,2,-1,0.8,0.75,0.25,0.25,-1,-1,0.850343,0.011276
1,2,-1,0.8,0.75,0.3,0.3,-1,-1,0.850778,0.01087
1,2,-1,0.8,0.75,0.35,0.35,-1,-1,0.851332,0.010479
1,2,-1,0.8,0.75,0.4,0.4,-1,-1,0.851962,0.01007
1,2,-1,0.8,0.75,0.45,0.45,-1,-1,0.852859,0.009637
1,2,-1,0.8,0.75,0.5,0.5,-1,-1,0.853834,0.009249
1,2,-1,0.8,0.75,0.55,0.55,-1,-1,0.854605,0.008974
1,2,-1,0.8,0.75,0.6,0.6,-1,-1,0.855376,0.008705
1,2,-1,0.8,0.75,0.65,0.65,-1,-1,0.856133,0.008443
1,2,-1,0.8,0.75,0.7,0.7,-1,-1,0.857093,0.008189
1,2,-1,0.8,0.75,0.75,0.75,-1,-1,0.857913,0.007971
1,2,-1,0.8,0.75,0.8,0.8,-1,-1,0.858915,0.00775
1,2,-1,0.8,0.75,0.85,0.85,-1,-1,0.859812,0.00755
1,2,-1,0.8,0.75,0.9,0.9,-1,-1,0.860758,0.007389
1,2,-1,0.8,0.75,0.95,0.95,-1,-1,0.861908,0.007222
1,2,-1,0.8,0.75,1.0,1.0,-1,-1,0.865216,0.006911
1,2,-1,0.85,0.75,0.05,0.05,-1,-1,0.84902,0.012724
1,2,-1,0.85,0.75,0.1,0.1,-1,-1,0.849874,0.011969
1,2,-1,0.85,0.75,0.15,0.15,-1,-1,0.850729,0.011377
1,2,-1,0.85,0.75,0.2,0.2,-1,-1,0.851744,0.010742
1,2,-1,0.85,0.75,0.25,0.25,-1,-1,0.852776,0.010162
1,2,-1,0.85,0.75,0.3,0.3,-1,-1,0.853775,0.009579
1,2,-1,0.85,0.75,0.35,0.35,-1,-1,0.855049,0.009016
1,2,-1,0.85,0.75,0.4,0.4,-1,-1,0.8565,0.008428
1,2,-1,0.85,0.75,0.45,0.45,-1,-1,0.858563,0.007806
1,2,-1,0.85,0.75,0.5,0.5,-1,-1,0.860804,0.007248
1,2,-1,0.85,0.75,0.55,0.55,-1,-1,0.862577,0.006853
1,2,-1,0.85,0.75,0.6,0.6,-1,-1,0.86435,0.006467
1,2,-1,0.85,0.75,0.65,0.65,-1,-1,0.866091,0.00609
1,2,-1,0.85,0.75,0.7,0.7,-1,-1,0.868299,0.005725
1,2,-1,0.85,0.75,0.75,0.75,-1,-1,0.870185,0.005412
1,2,-1,0.85,0.75,0.8,0.8,-1,-1,0.87249,0.005094
1,2,-1,0.85,0.75,0.85,0.85,-1,-1,0.874554,0.004806
1,2,-1,0.85,0.75,0.9,0.9,-1,-1,0.87673,0.004575
1,2,-1,0.85,0.75,0.95,0.95,-1,-1,0.879374,0.004334
1,2,-1,0.85,0.75,1.0,1.0,-1,-1,0.886982,0.003888
1,2,-1,0.9,0.75,0.05,0.05,-1,-1,0.8493,0.012533
1,2,-1,0.9,0.75,0.1,0.1,-1,-1,0.850591,0.011647
1,2,-1,0.9,0.75,0.15,0.15,-1,-1,0.851882,0.010951
1,2,-1,0.9,0.75,0.2,0.2,-1,-1,0.853416,0.010206
1,2,-1,0.9,0.75,0.25,0.25,-1,-1,0.854975,0.009526
1,2,-1,0.9,0.75,0.3,0.3,-1,-1,0.856485,0.00884
1,2,-1,0.9,0.75,0.35,0.35,-1,-1,0.858409,0.00818
1,2,-1,0.9,0.75,0.4,0.4,-1,-1,0.860601,0.00749
1,2,-1,0.9,0.75,0.45,0.45,-1,-1,0.863718,0.00676
1,2,-1,0.9,0.75,0.5,0.5,-1,-1,0.867104,0.006105
1,2,-1,0.9,0.75,0.55,0.55,-1,-1,0.869783,0.005641
1,2,-1,0.9,0.75,0.6,0.6,-1,-1,0.872462,0.005188
1,2,-1,0.9,0.75,0.65,0.65,-1,-1,0.875092,0.004744
1,2,-1,0.9,0.75,0.7,0.7,-1,-1,0.878429,0.004316
1,2,-1,0.9,0.75,0.75,0.75,-1,-1,0.881278,0.003948
1,2,-1,0.9,0.75,0.8,0.8,-1,-1,0.884761,0.003576
1,2,-1,0.9,0.75,0.85,0.85,-1,-1,0.887878,0.003238
1,2,-1,0.9,0.75,0.9,0.9,-1,-1,0.891166,0.002966
1,2,-1,0.9,0.75,0.95,0.95,-1,-1,0.89516,0.002684
1,2,-1,0.9,0.75,1.0,1.0,-1,-1,0.906656,0.00216
1,2,-1,0.95,0.75,0.05,0.05,-1,-1,0.849711,0.012342
1,2,-1,0.95,0.75,0.1,0.1,-1,-1,0.851643,0.011324
1,2,-1,0.95,0.75,0.15,0.15,-1,-1,0.853574,0.010526
1,2,-1,0.95,0.75,0.2,0.2,-1,-1,0.85587,0.00967
1,2,-1,0.95,0.75,0.25,0.25,-1,-1,0.858203,0.008889
1,2,-1,0.95,0.75,0.3,0.3,-1,-1,0.860462,0.008102
1,2,-1,0.95,0.75,0.35,0.35,-1,-1,0.863341,0.007344
1,2,-1,0.95,0.75,0.4,0.4,-1,-1,0.866621,0.006552
1,2,-1,0.95,0.75,0.45,0.45,-1,-1,0.871286,0.005713
1,2,-1,0.95,0.75,0.5,0.5,-1,-1,0.876352,0.004961
1,2,-1,0.95,0.75,0.55,0.55,-1,-1,0.880361,0.004429
1,2,-1,0.95,0.75,0.6,0.6,-1,-1,0.88437,0.003908
1,2,-1,0.95,0.75,0.65,0.65,-1,-1,0.888306,0.003399
1,2,-1,0.95,0.75,0.7,0.7,-1,-1,0.893299,0.002908
1,2,-1,0.95,0.75,0.75,0.75,-1,-1,0.897563,0.002485
1,2,-1,0.95,0.75,0.8,0.8,-1,-1,0.902774,0.002057
1,2,-1,0.95,0.75,0.85,0.85,-1,-1,0.907439,0.00167
1,2,-1,0.95,0.75,0.9,0.9,-1,-1,0.912359,0.001358
1,2,-1,0.95,0.75,0.95,0.95,-1,-1,0.918336,0.001034
1,2,-1,0.95,0.75,1.0,1.0,-1,-1,0.935538,0.000432
1,2,-1,1.0,0.75,0.05,0.05,-1,-1,0.850629,0.012294
1,2,-1,1.0,0.75,0.1,0.1,-1,-1,0.85399,0.011244
1,2,-1,1.0,0.75,0.15,0.15,-1,-1,0.857352,0.01042
1,2,-1,1.0,0.75,0.2,0.2,-1,-1,0.861348,0.009536
1,2,-1,1.0,0.75,0.25,0.25,-1,-1,0.865407,0.00873
1,2,-1,1.0,0.75,0.3,0.3,-1,-1,0.86934,0.007918
1,2,-1,1.0,0.75,0.35,0.35,-1,-1,0.87435,0.007135
1,2,-1,1.0,0.75,0.4,0.4,-1,-1,0.880059,0.006317
1,2,-1,1.0,0.75,0.45,0.45,-1,-1,0.888177,0.005452
1,2,-1,1.0,0.75,0.5,0.5,-1,-1,0.896994,0.004675
1,2,-1,1.0,0.75,0.55,0.55,-1,-1,0.903971,0.004126
1,2,-1,1.0,0.75,0.6,0.6,-1,-1,0.910948,0.003589
1,2,-1,1.0,0.75,0.65,0.65,-1,-1,0.917798,0.003063
1,2,-1,1.0,0.75,0.7,0.7,-1,-1,0.926488,0.002556
1,2,-1,1.0,0.75,0.75,0.75,-1,-1,0.933909,0.00212
1,2,-1,1.0,0.75,0.8,0.8,-1,-1,0.942979,0.001678
1,2,-1,1.0,0.75,0.85,0.85,-1,-1,0.951098,0.001278
1,2,-1,1.0,0.75,0.9,0.9,-1,-1,0.95966,0.000955
1,2,-1,1.0,0.75,0.95,0.95,-1,-1,0.970062,0.000621
1,2,-1,1.0,0.75,1.0,1.0,-1,-1,1.0,0.0
1,2,-1,0.8,0.8,0.05,0.05,-1,-1,0.865216,0.006911
1,2,-1,0.8,0.8,0.1,0.1,-1,-1,0.865216,0.006911
1,2,-1,0.8,0.8,0.15,0.15,-1,-1,0.865216,0.006911
1,2,-1,0.8,0.8,0.2,0.2,-1,-1,0.865216,0.006911
1,2,-1,0.8,0.8,0.25,0.25,-1,-1,0.865216,0.006911
1,2,-1,0.8,0.8,0.3,0.3,-1,-1,0.865216,0.006911
1,2,-1,0.8,0.8,0.35,0.35,-1,-1,0.865216,0.006911
1,2,-1,0.8,0.8,0.4,0.4,-1,-1,0.865216,0.006911
1,2,-1,0.8,0.8,0.45,0.45,-1,-1,0.865216,0.006911
1,2,-1,0.8,0.8,0.5,0.5,-1,-1,0.865216,0.006911
1,2,-1,0.8,0.8,0.55,0.55,-1,-1,0.865216,0.006911
1,2,-1,0.8,0.8,0.6,0.6,-1,-1,0.865216,0.006911
1,2,-1,0.8,0.8,0.65,0.65,-1,-1,0.865216,0.006911
1,2,-1,0.8,0.8,0.7,0.7,-1,-1,0.865216,0.006911
1,2,-1,0.8,0.8,0.75,0.75,-1,-1,0.865216,0.006911
1,2,-1,0.8,0.8,0.8,0.8,-1,-1,0.865216,0.006911
1,2,-1,0.8,0.8,0.85,0.85,-1,-1,0.865216,0.006911
1,2,-1,0.8,0.8,0.9,0.9,-1,-1,0.865216,0.006911
1,2,-1,0.8,0.8,0.95,0.95,-1,-1,0.865216,0.006911
1,2,-1,0.8,0.8,1.0,1.0,-1,-1,0.865216,0.006911
1,2,-1,0.85,0.8,0.05,0.05,-1,-1,0.865526,0.006577
1,2,-1,0.85,0.8,0.1,0.1,-1,-1,0.866009,0.006347
1,2,-1,0.85,0.8,0.15,0.15,-1,-1,0.866492,0.006167
1,2,-1,0.85,0.8,0.2,0.2,-1,-1,0.867066,0.005973
1,2,-1,0.85,0.8,0.25,0.25,-1,-1,0.867649,0.005797
1,2,-1,0.85,0.8,0.3,0.3,-1,-1,0.868214,0.00562
1,2,-1,0.85,0.8,0.35,0.35,-1,-1,0.868933,0.005448
1,2,-1,0.85,0.8,0.4,0.4,-1,-1,0.869753,0.00527
1,2,-1,0.85,0.8,0.45,0.45,-1,-1,0.870919,0.00508
1,2,-1,0.85,0.8,0.5,0.5,-1,-1,0.872186,0.00491
1,2,-1,0.85,0.8,0.55,0.55,-1,-1,0.873188,0.00479
1,2,-1,0.85,0.8,0.6,0.6,-1,-1,0.87419,0.004673
1,2,-1,0.85,0.8,0.65,0.65,-1,-1,0.875174,0.004558
1,2,-1,0.85,0.8,0.7,0.7,-1,-1,0.876422,0.004447
1,2,-1,0.85,0.8,0.75,0.75,-1,-1,0.877488,0.004352
1,2,-1,0.85,0.8,0.8,0.8,-1,-1,0.878791,0.004255
1,2,-1,0.85,0.8,0.85,0.85,-1,-1,0.879957,0.004167
1,2,-1,0.85,0.8,0.9,0.9,-1,-1,0.881187,0.004097
1,2,-1,0.85,0.8,0.95,0.95,-1,-1,0.882682,0.004024
1,2,-1,0.85,0.8,1.0,1.0,-1,-1,0.886982,0.003888
1,2,-1,0.9,0.8,0.05,0.05,-1,-1,0.865806,0.006386
1,2,-1,0.9,0.8,0.1,0.1,-1,-1,0.866725,0.006024
1,2,-1,0.9,0.8,0.15,0.15,-1,-1,0.867644,0.005741
1,2,-1,0.9,0.8,0.2,0.2,-1,-1,0.868737,0.005437
1,2,-1,0.9,0.8,0.25,0.25,-1,-1,0.869847,0.00516
1,2,-1,0.9,0.8,0.3,0.3,-1,-1,0.870923,0.004881
1,2,-1,0.9,0.8,0.35,0.35,-1,-1,0.872293,0.004612
1,2,-1,0.9,0.8,0.4,0.4,-1,-1,0.873854,0.004331
1,2,-1,0.9,0.8,0.45,0.45,-1,-1,0.876075,0.004034
1,2,-1,0.9,0.8,0.5,0.5,-1,-1,0.878486,0.003767
1,2,-1,0.9,0.8,0.55,0.55,-1,-1,0.880394,0.003578
1,2,-1,0.9,0.8,0.6,0.6,-1,-1,0.882302,0.003393
1,2,-1,0.9,0.8,0.65,0.65,-1,-1,0.884175,0.003213
1,2,-1,0.9,0.8,0.7,0.7,-1,-1,0.886552,0.003038
1,2,-1,0.9,0.8,0.75,0.75,-1,-1,0.888581,0.002889
1,2,-1,0.9,0.8,0.8,0.8,-1,-1,0.891062,0.002737
1,2,-1,0.9,0.8,0.85,0.85,-1,-1,0.893282,0.002599
1,2,-1,0.9,0.8,0.9,0.9,-1,-1,0.895624,0.002488
1,2,-1,0.9,0.8,0.95,0.95,-1,-1,0.898469,0.002373
1,2,-1,0.9,0.8,1.0,1.0,-1,-1,0.906656,0.00216
1,2,-1,0.95,0.8,0.05,0.05,-1,-1,0.866217,0.006195
1,2,-1,0.95,0.8,0.1,0.1,-1,-1,0.867777,0.005702
1,2,-1,0.95,0.8,0.15,0.15,-1,-1,0.869337,0.005316
1,2,-1,0.95,0.8,0.2,0.2,-1,-1,0.871191,0.004902
1,2,-1,0.95,0.8,0.25,0.25,-1,-1,0.873075,0.004524
1,2,-1,0.95,0.8,0.3,0.3,-1,-1,0.8749,0.004143
1,2,-1,0.95,0.8,0.35,0.35,-1,-1,0.877226,0.003776
1,2,-1,0.95,0.8,0.4,0.4,-1,-1,0.879875,0.003393
1,2,-1,0.95,0.8,0.45,0.45,-1,-1,0.883643,0.002987
1,2,-1,0.95,0.8,0.5,0.5,-1,-1,0.887734,0.002623
1,2,-1,0.95,0.8,0.55,0.55,-1,-1,0.890972,0.002366
1,2,-1,0.95,0.8,0.6,0.6,-1,-1,0.89421,0.002114
1,2,-1,0.95,0.8,0.65,0.65,-1,-1,0.897389,0.001868
1,2,-1,0.95,0.8,0.7,0.7,-1,-1,0.901422,0.00163
1,2,-1,0.95,0.8,0.75,0.75,-1,-1,0.904866,0.001426
1,2,-1,0.95,0.8,0.8,0.8,-1,-1,0.909075,0.001218
1,2,-1,0.95,0.8,0.85,0.85,-1,-1,0.912843,0.001031
1,2,-1,0.95,0.8,0.9,0.9,-1,-1,0.916817,0.00088
1,2,-1,0.95,0.8,0.95,0.95,-1,-1,0.921644,0.000723
1,2,-1,0.95,0.8,1.0,1.0,-1,-1,0.935538,0.000432
1,2,-1,1.0,0.8,0.05,0.05,-1,-1,0.867134,0.006147
1,2,-1,1.0,0.8,0.1,0.1,-1,-1,0.870124,0.005621
1,2,-1,1.0,0.8,0.15,0.15,-1,-1,0.873115,0.005209
1,2,-1,1.0,0.8,0.2,0.2,-1,-1,0.876669,0.004768
1,2,-1,1.0,0.8,0.25,0.25,-1,-1,0.88028,0.004365
1,2,-1,1.0,0.8,0.3,0.3,-1,-1,0.883778,0.003959
1,2,-1,1.0,0.8,0.35,0.35,-1,-1,0.888235,0.003567
1,2,-1,1.0,0.8,0.4,0.4,-1,-1,0.893312,0.003158
1,2,-1,1.0,0.8,0.45,0.45,-1,-1,0.900534,0.002726
1,2,-1,1.0,0.8,0.5,0.5,-1,-1,0.908376,0.002338
1,2,-1,1.0,0.8,0.55,0.55,-1,-1,0.914582,0.002063
1,2,-1,1.0,0.8,0.6,0.6,-1,-1,0.920788,0.001794
1,2,-1,1.0,0.8,0.65,0.65,-1,-1,0.926882,0.001531
1,2,-1,1.0,0.8,0.7,0.7,-1,-1,0.934611,0.001278
1,2,-1,1.0,0.8,0.75,0.75,-1,-1,0.941212,0.00106
1,2,-1,1.0,0.8,0.8,0.8,-1,-1,0.94928,0.000839
1,2,-1,1.0,0.8,0.85,0.85,-1,-1,0.956501,0.000639
1,2,-1,1.0,0.8,0.9,0.9,-1,-1,0.964118,0.000478
1,2,-1,1.0,0.8,0.95,0.95,-1,-1,0.97337,0.00031
1,2,-1,1.0,0.8,1.0,1.0,-1,-1,1.0,0.0
1,2,-1,0.85,0.85,0.05,0.05,-1,-1,0.886982,0.003888
1,2,-1,0.85,0.85,0.1,0.1,-1,-1,0.886982,0.003888
1,2,-1,0.85,0.85,0.15,0.15,-1,-1,0.886982,0.003888
1,2,-1,0.85,0.85,0.2,0.2,-1,-1,0.886982,0.003888
1,2,-1,0.85,0.85,0.25,0.25,-1,-1,0.886982,0.003888
1,2,-1,0.85,0.85,0.3,0.3,-1,-1,0.886982,0.003888
1,2,-1,0.85,0.85,0.35,0.35,-1,-1,0.886982,0.003888
1,2,-1,0.85,0.85,0.4,0.4,-1,-1,0.886982,0.003888
1,2,-1,0.85,0.85,0.45,0.45,-1,-1,0.886982,0.003888
1,2,-1,0.85,0.85,0.5,0.5,-1,-1,0.886982,0.003888
1,2,-1,0.85,0.85,0.55,0.55,-1,-1,0.886982,0.003888
1,2,-1,0.85,0.85,0.6,0.6,-1,-1,0.886982,0.003888
1,2,-1,0.85,0.85,0.65,0.65,-1,-1,0.886982,0.003888
1,2,-1,0.85,0.85,0.7,0.7,-1,-1,0.886982,0.003888
1,2,-1,0.85,0.85,0.75,0.75,-1,-1,0.886982,0.003888
1,2,-1,0.85,0.85,0.8,0.8,-1,-1,0.886982,0.003888
1,2,-1,0.85,0.85,0.85,0.85,-1,-1,0.886982,0.003888
1,2,-1,0.85,0.85,0.9,0.9,-1,-1,0.886982,0.003888
1,2,-1,0.85,0.85,0.95,0.95,-1,-1,0.886982,0.003888
1,2,-1,0.85,0.85,1.0,1.0,-1,-1,0.886982,0.003888
1,2,-1,0.9,0.85,0.05,0.05,-1,-1,0.887262,0.003697
1,2,-1,0.9,0.85,0.1,0.1,-1,-1,0.887698,0.003566
1,2,-1,0.9,0.85,0.15,0.15,-1,-1,0.888135,0.003463
1,2,-1,0.9,0.85,0.2,0.2,-1,-1,0.888654,0.003352
1,2,-1,0.9,0.85,0.25,0.25,-1,-1,0.889181,0.003251
1,2,-1,0.9,0.85,0.3,0.3,-1,-1,0.889691,0.00315
1,2,-1,0.9,0.85,0.35,0.35,-1,-1,0.890342,0.003052
1,2,-1,0.9,0.85,0.4,0.4,-1,-1,0.891083,0.00295
1,2,-1,0.9,0.85,0.45,0.45,-1,-1,0.892137,0.002841
1,2,-1,0.9,0.85,0.5,0.5,-1,-1,0.893282,0.002744
1,2,-1,0.9,0.85,0.55,0.55,-1,-1,0.894188,0.002676
1,2,-1,0.9,0.85,0.6,0.6,-1,-1,0.895094,0.002609
1,2,-1,0.9,0.85,0.65,0.65,-1,-1,0.895983,0.002543
1,2,-1,0.9,0.85,0.7,0.7,-1,-1,0.897111,0.002479
1,2,-1,0.9,0.85,0.75,0.75,-1,-1,0.898075,0.002425
1,2,-1,0.9,0.85,0.8,0.8,-1,-1,0.899253,0.00237
1,2,-1,0.9,0.85,0.85,0.85,-1,-1,0.900307,0.00232
1,2,-1,0.9,0.85,0.9,0.9,-1,-1,0.901418,0.002279
1,2,-1,0.9,0.85,0.95,0.95,-1,-1,0.902769,0.002238
1,2,-1,0.9,0.85,1.0,1.0,-1,-1,0.906656,0.00216
1,2,-1,0.95,0.85,0.05,0.05,-1,-1,0.887673,0.003506
1,2,-1,0.95,0.85,0.1,0.1,-1,-1,0.88875,0.003243
1,2,-1,0.95,0.85,0.15,0.15,-1,-1,0.889827,0.003037
1,2,-1,0.95,0.85,0.2,0.2,-1,-1,0.891108,0.002816
1,2,-1,0.95,0.85,0.25,0.25,-1,-1,0.892409,0.002615
1,2,-1,0.95,0.85,0.3,0.3,-1,-1,0.893669,0.002412
1,2,-1,0.95,0.85,0.35,0.35,-1,-1,0.895275,0.002216
1,2,-1,0.95,0.85,0.4,0.4,-1,-1,0.897104,0.002011
1,2,-1,0.95,0.85,0.45,0.45,-1,-1,0.899705,0.001795
1,2,-1,0.95,0.85,0.5,0.5,-1,-1,0.902531,0.001601
1,2,-1,0.95,0.85,0.55,0.55,-1,-1,0.904766,0.001464
1,2,-1,0.95,0.85,0.6,0.6,-1,-1,0.907002,0.001329
1,2,-1,0.95,0.85,0.65,0.65,-1,-1,0.909197,0.001198
1,2,-1,0.95,0.85,0.7,0.7,-1,-1,0.911982,0.001071
1,2,-1,0.95,0.85,0.75,0.75,-1,-1,0.91436,0.000962
1,2,-1,0.95,0.85,0.8,0.8,-1,-1,0.917266,0.000851
1,2,-1,0.95,0.85,0.85,0.85,-1,-1,0.919868,0.000751
1,2,-1,0.95,0.85,0.9,0.9,-1,-1,0.922611,0.000671
1,2,-1,0.95,0.85,0.95,0.95,-1,-1,0.925945,0.000587
1,2,-1,0.95,0.85,1.0,1.0,-1,-1,0.935538,0.000432
1,2,-1,1.0,0.85,0.05,0.05,-1,-1,0.88859,0.003458
1,2,-1,1.0,0.85,0.1,0.1,-1,-1,0.891098,0.003162
1,2,-1,1.0,0.85,0.15,0.15,-1,-1,0.893605,0.002931
1,2,-1,1.0,0.85,0.2,0.2,-1,-1,0.896585,0.002682
1,2,-1,1.0,0.85,0.25,0.25,-1,-1,0.899613,0.002455
1,2,-1,1.0,0.85,0.3,0.3,-1,-1,0.902546,0.002227
1,2,-1,1.0,0.85,0.35,0.35,-1,-1,0.906284,0.002007
1,2,-1,1.0,0.85,0.4,0.4,-1,-1,0.910541,0.001777
1,2,-1,1.0,0.85,0.45,0.45,-1,-1,0.916597,0.001533
1,2,-1,1.0,0.85,0.5,0.5,-1,-1,0.923172,0.001315
1,2,-1,1.0,0.85,0.55,0.55,-1,-1,0.928376,0.001161
1,2,-1,1.0,0.85,0.6,0.6,-1,-1,0.93358,0.001009
1,2,-1,1.0,0.85,0.65,0.65,-1,-1,0.938689,0.000862
1,2,-1,1.0,0.85,0.7,0.7,-1,-1,0.94517,0.000719
1,2,-1,1.0,0.85,0.75,0.75,-1,-1,0.950705,0.000596
1,2,-1,1.0,0.85,0.8,0.8,-1,-1,0.95747,0.000472
1,2,-1,1.0,0.85,0.85,0.85,-1,-1,0.963526,0.000359
1,2,-1,1.0,0.85,0.9,0.9,-1,-1,0.969912,0.000269
1,2,-1,1.0,0.85,0.95,0.95,-1,-1,0.977671,0.000175
1,2,-1,1.0,0.85,1.0,1.0,-1,-1,1.0,0.0
1,2,-1,0.9,0.9,0.05,0.05,-1,-1,0.906656,0.00216
1,2,-1,0.9,0.9,0.1,0.1,-1,-1,0.906656,0.00216
1,2,-1,0.9,0.9,0.15,0.15,-1,-1,0.906656,0.00216
1,2,-1,0.9,0.9,0.2,0.2,-1,-1,0.906656,0.00216
1,2,-1,0.9,0.9,0.25,0.25,-1,-1,0.906656,0.00216
1,2,-1,0.9,0.9,0.3,0.3,-1,-1,0.906656,0.00216
1,2,-1,0.9,0.9,0.35,0.35,-1,-1,0.906656,0.00216
1,2,-1,0.9,0.9,0.4,0.4,-1,-1,0.906656,0.00216
1,2,-1,0.9,0.9,0.45,0.45,-1,-1,0.906656,0.00216
1,2,-1,0.9,0.9,0.5,0.5,-1,-1,0.906656,0.00216
1,2,-1,0.9,0.9,0.55,0.55,-1,-1,0.906656,0.00216
1,2,-1,0.9,0.9,0.6,0.6,-1,-1,0.906656,0.00216
1,2,-1,0.9,0.9,0.65,0.65,-1,-1,0.906656,0.00216
1,2,-1,0.9,0.9,0.7,0.7,-1,-1,0.906656,0.00216
1,2,-1,0.9,0.9,0.75,0.75,-1,-1,0.906656,0.00216
1,2,-1,0.9,0.9,0.8,0.8,-1,-1,0.906656,0.00216
1,2,-1,0.9,0.9,0.85,0.85,-1,-1,0.906656,0.00216
1,2,-1,0.9,0.9,0.9,0.9,-1,-1,0.906656,0.00216
1,2,-1,0.9,0.9,0.95,0.95,-1,-1,0.906656,0.00216
1,2,-1,0.9,0.9,1.0,1.0,-1,-1,0.906656,0.00216
1,2,-1,0.95,0.9,0.05,0.05,-1,-1,0.907067,0.001969
1,2,-1,0.95,0.9,0.1,0.1,-1,-1,0.907708,0.001838
1,2,-1,0.95,0.9,0.15,0.15,-1,-1,0.908349,0.001735
1,2,-1,0.95,0.9,0.2,0.2,-1,-1,0.90911,0.001624
1,2,-1,0.95,0.9,0.25,0.25,-1,-1,0.909884,0.001523
1,2,-1,0.95,0.9,0.3,0.3,-1,-1,0.910633,0.001422
1,2,-1,0.95,0.9,0.35,0.35,-1,-1,0.911589,0.001324
1,2,-1,0.95,0.9,0.4,0.4,-1,-1,0.912677,0.001222
1,2,-1,0.95,0.9,0.45,0.45,-1,-1,0.914224,0.001113
1,2,-1,0.95,0.9,0.5,0.5,-1,-1,0.915905,0.001016
1,2,-1,0.95,0.9,0.55,0.55,-1,-1,0.917234,0.000948
1,2,-1,0.95,0.9,0.6,0.6,-1,-1,0.918564,0.000881
1,2,-1,0.95,0.9,0.65,0.65,-1,-1,0.91987,0.000815
1,2,-1,0.95,0.9,0.7,0.7,-1,-1,0.921526,0.000751
1,2,-1,0.95,0.9,0.75,0.75,-1,-1,0.922941,0.000697
1,2,-1,0.95,0.9,0.8,0.8,-1,-1,0.924669,0.000642
1,2,-1,0.95,0.9,0.85,0.85,-1,-1,0.926217,0.000592
1,2,-1,0.95,0.9,0.9,0.9,-1,-1,0.927849,0.000551
1,2,-1,0.95,0.9,0.95,0.95,-1,-1,0.929832,0.00051
1,2,-1,0.95,0.9,1.0,1.0,-1,-1,0.935538,0.000432
1,2,-1,1.0,0.9,0.05,0.05,-1,-1,0.907984,0.001921
1,2,-1,1.0,0.9,0.1,0.1,-1,-1,0.910055,0.001757
1,2,-1,1.0,0.9,0.15,0.15,-1,-1,0.912126,0.001628
1,2,-1,1.0,0.9,0.2,0.2,-1,-1,0.914588,0.00149
1,2,-1,1.0,0.9,0.25,0.25,-1,-1,0.917088,0.001364
1,2,-1,1.0,0.9,0.3,0.3,-1,-1,0.919511,0.001237
1,2,-1,1.0,0.9,0.35,0.35,-1,-1,0.922598,0.001115
1,2,-1,1.0,0.9,0.4,0.4,-1,-1,0.926114,0.000987
1,2,-1,1.0,0.9,0.45,0.45,-1,-1,0.931115,0.000852
1,2,-1,1.0,0.9,0.5,0.5,-1,-1,0.936546,0.000731
1,2,-1,1.0,0.9,0.55,0.55,-1,-1,0.940844,0.000645
1,2,-1,1.0,0.9,0.6,0.6,-1,-1,0.945142,0.000561
1,2,-1,1.0,0.9,0.65,0.65,-1,-1,0.949362,0.000479
1,2,-1,1.0,0.9,0.7,0.7,-1,-1,0.954715,0.000399
1,2,-1,1.0,0.9,0.75,0.75,-1,-1,0.959287,0.000331
1,2,-1,1.0,0.9,0.8,0.8,-1,-1,0.964874,0.000262
1,2,-1,1.0,0.9,0.85,0.85,-1,-1,0.969875,0.0002
1,2,-1,1.0,0.9,0.9,0.9,-1,-1,0.97515,0.000149
1,2,-1,1.0,0.9,0.95,0.95,-1,-1,0.981558,9.7e-05
1,2,-1,1.0,0.9,1.0,1.0,-1,-1,1.0,0.0
1,2,-1,0.95,0.95,0.05,0.05,-1,-1,0.935538,0.000432
1,2,-1,0.95,0.95,0.1,0.1,-1,-1,0.935538,0.000432
1,2,-1,0.95,0.95,0.15,0.15,-1,-1,0.935538,0.000432
1,2,-1,0.95,0.95,0.2,0.2,-1,-1,0.935538,0.000432
1,2,-1,0.95,0.95,0.25,0.25,-1,-1,0.935538,0.000432
1,2,-1,0.95,0.95,0.3,0.3,-1,-1,0.935538,0.000432
1,2,-1,0.95,0.95,0.35,0.35,-1,-1,0.935538,0.000432
1,2,-1,0.95,0.95,0.4,0.4,-1,-1,0.935538,0.000432
1,2,-1,0.95,0.95,0.45,0.45,-1,-1,0.935538,0.000432
1,2,-1,0.95,0.95,0.5,0.5,-1,-1,0.935538,0.000432
1,2,-1,0.95,0.95,0.55,0.55,-1,-1,0.935538,0.000432
1,2,-1,0.95,0.95,0.6,0.6,-1,-1,0.935538,0.000432
1,2,-1,0.95,0.95,0.65,0.65,-1,-1,0.935538,0.000432
1,2,-1,0.95,0.95,0.7,0.7,-1,-1,0.935538,0.000432
1,2,-1,0.95,0.95,0.75,0.75,-1,-1,0.935538,0.000432
1,2,-1,0.95,0.95,0.8,0.8,-1,-1,0.935538,0.000432
1,2,-1,0.95,0.95,0.85,0.85,-1,-1,0.935538,0.000432
1,2,-1,0.95,0.95,0.9,0.9,-1,-1,0.935538,0.000432
1,2,-1,0.95,0.95,0.95,0.95,-1,-1,0.935538,0.000432
1,2,-1,0.95,0.95,1.0,1.0,-1,-1,0.935538,0.000432
1,2,-1,1.0,0.95,0.05,0.05,-1,-1,0.936455,0.000384
1,2,-1,1.0,0.95,0.1,0.1,-1,-1,0.937886,0.000351
1,2,-1,1.0,0.95,0.15,0.15,-1,-1,0.939316,0.000326
1,2,-1,1.0,0.95,0.2,0.2,-1,-1,0.941016,0.000298
1,2,-1,1.0,0.95,0.25,0.25,-1,-1,0.942742,0.000273
1,2,-1,1.0,0.95,0.3,0.3,-1,-1,0.944415,0.000247
1,2,-1,1.0,0.95,0.35,0.35,-1,-1,0.946547,0.000223
1,2,-1,1.0,0.95,0.4,0.4,-1,-1,0.948975,0.000197
1,2,-1,1.0,0.95,0.45,0.45,-1,-1,0.952429,0.00017
1,2,-1,1.0,0.95,0.5,0.5,-1,-1,0.95618,0.000146
1,2,-1,1.0,0.95,0.55,0.55,-1,-1,0.959148,0.000129
1,2,-1,1.0,0.95,0.6,0.6,-1,-1,0.962116,0.000112
1,2,-1,1.0,0.95,0.65,0.65,-1,-1,0.96503,9.6e-05
1,2,-1,1.0,0.95,0.7,0.7,-1,-1,0.968727,8e-05
1,2,-1,1.0,0.95,0.75,0.75,-1,-1,0.971884,6.6e-05
1,2,-1,1.0,0.95,0.8,0.8,-1,-1,0.975742,5.2e-05
1,2,-1,1.0,0.95,0.85,0.85,-1,-1,0.979196,4e-05
1,2,-1,1.0,0.95,0.9,0.9,-1,-1,0.982839,3e-05
1,2,-1,1.0,0.95,0.95,0.95,-1,-1,0.987264,1.9e-05
1,2,-1,1.0,0.95,1.0,1.0,-1,-1,1.0,0.0
1,2,-1,1.0,1.0,0.05,0.05,-1,-1,1.0,0.0
1,2,-1,1.0,1.0,0.1,0.1,-1,-1,1.0,0.0
1,2,-1,1.0,1.0,0.15,0.15,-1,-1,1.0,0.0
1,2,-1,1.0,1.0,0.2,0.2,-1,-1,1.0,0.0
1,2,-1,1.0,1.0,0.25,0.25,-1,-1,1.0,0.0
1,2,-1,1.0,1.0,0.3,0.3,-1,-1,1.0,0.0
1,2,-1,1.0,1.0,0.35,0.35,-1,-1,1.0,0.0
1,2,-1,1.0,1.0,0.4,0.4,-1,-1,1.0,0.0
1,2,-1,1.0,1.0,0.45,0.45,-1,-1,1.0,0.0
1,2,-1,1.0,1.0,0.5,0.5,-1,-1,1.0,0.0
1,2,-1,1.0,1.0,0.55,0.55,-1,-1,1.0,0.0
1,2,-1,1.0,1.0,0.6,0.6,-1,-1,1.0,0.0
1,2,-1,1.0,1.0,0.65,0.65,-1,-1,1.0,0.0
1,2,-1,1.0,1.0,0.7,0.7,-1,-1,1.0,0.0
1,2,-1,1.0,1.0,0.75,0.75,-1,-1,1.0,0.0
1,2,-1,1.0,1.0,0.8,0.8,-1,-1,1.0,0.0
1,2,-1,1.0,1.0,0.85,0.85,-1,-1,1.0,0.0
1,2,-1,1.0,1.0,0.9,0.9,-1,-1,1.0,0.0
1,2,-1,1.0,1.0,0.95,0.95,-1,-1,1.0,0.0
1,2,-1,1.0,1.0,1.0,1.0,-1,-1,1.0,0.0
