sbi_stage,ucf_stage,xception_stage,sbi_upper_threshold,sbi_lower_threshold,ucf_upper_threshold,ucf_lower_threshold,xception_upper_threshold,xception_lower_threshold,FAR,FRR
-1,2,1,-1,-1,0.05,0.05,0.05,0.05,0.0,1.0
-1,2,1,-1,-1,0.1,0.1,0.05,0.05,0.0,1.0
-1,2,1,-1,-1,0.15,0.15,0.05,0.05,0.0,1.0
-1,2,1,-1,-1,0.2,0.2,0.05,0.05,0.0,1.0
-1,2,1,-1,-1,0.25,0.25,0.05,0.05,0.0,1.0
-1,2,1,-1,-1,0.3,0.3,0.05,0.05,0.0,1.0
-1,2,1,-1,-1,0.35,0.35,0.05,0.05,0.0,1.0
-1,2,1,-1,-1,0.4,0.4,0.05,0.05,0.0,1.0
-1,2,1,-1,-1,0.45,0.45,0.05,0.05,0.0,1.0
-1,2,1,-1,-1,0.5,0.5,0.05,0.05,0.0,1.0
-1,2,1,-1,-1,0.55,0.55,0.05,0.05,0.0,1.0
-1,2,1,-1,-1,0.6,0.6,0.05,0.05,0.0,1.0
-1,2,1,-1,-1,0.65,0.65,0.05,0.05,0.0,1.0
-1,2,1,-1,-1,0.7,0.7,0.05,0.05,0.0,1.0
-1,2,1,-1,-1,0.75,0.75,0.05,0.05,0.0,1.0
-1,2,1,-1,-1,0.8,0.8,0.05,0.05,0.0,1.0
-1,2,1,-1,-1,0.85,0.85,0.05,0.05,0.0,1.0
-1,2,1,-1,-1,0.9,0.9,0.05,0.05,0.0,1.0
-1,2,1,-1,-1,0.95,0.95,0.05,0.05,0.0,1.0
-1,2,1,-1,-1,1.0,1.0,0.05,0.05,0.0,1.0
-1,2,1,-1,-1,0.05,0.05,0.1,0.05,0.0,0.99899
-1,2,1,-1,-1,0.1,0.1,0.1,0.05,0.0,0.99798
-1,2,1,-1,-1,0.15,0.15,0.1,0.05,0.0,0.996844
-1,2,1,-1,-1,0.2,0.2,0.1,0.05,0.0,0.996086
-1,2,1,-1,-1,0.25,0.25,0.1,0.05,0.0,0.995076
-1,2,1,-1,-1,0.3,0.3,0.1,0.05,0.0,0.994319
-1,2,1,-1,-1,0.35,0.35,0.1,0.05,0.0,0.993877
-1,2,1,-1,-1,0.4,0.4,0.1,0.05,0.0,0.992804
-1,2,1,-1,-1,0.45,0.45,0.1,0.05,0.0,0.992173
-1,2,1,-1,-1,0.5,0.5,0.1,0.05,0.0,0.991541
-1,2,1,-1,-1,0.55,0.55,0.1,0.05,0.0,0.990973
-1,2,1,-1,-1,0.6,0.6,0.1,0.05,0.0,0.990216
-1,2,1,-1,-1,0.65,0.65,0.1,0.05,0.0,0.989837
-1,2,1,-1,-1,0.7,0.7,0.1,0.05,0.0,0.989458
-1,2,1,-1,-1,0.75,0.75,0.1,0.05,0.0,0.989206
-1,2,1,-1,-1,0.8,0.8,0.1,0.05,0.0,0.989016
-1,2,1,-1,-1,0.85,0.85,0.1,0.05,0.0,0.98889
-1,2,1,-1,-1,0.9,0.9,0.1,0.05,0.0,0.988827
-1,2,1,-1,-1,0.95,0.95,0.1,0.05,0.0,0.988764
-1,2,1,-1,-1,1.0,1.0,0.1,0.05,0.0,0.988764
-1,2,1,-1,-1,0.05,0.05,0.15,0.05,0.0,0.99798
-1,2,1,-1,-1,0.1,0.1,0.15,0.05,0.0,0.99596
-1,2,1,-1,-1,0.15,0.15,0.15,0.05,0.0,0.993688
-1,2,1,-1,-1,0.2,0.2,0.15,0.05,0.0,0.992173
-1,2,1,-1,-1,0.25,0.25,0.15,0.05,0.0,0.990153
-1,2,1,-1,-1,0.3,0.3,0.15,0.05,0.0,0.988638
-1,2,1,-1,-1,0.35,0.35,0.15,0.05,0.0,0.987754
-1,2,1,-1,-1,0.4,0.4,0.15,0.05,0.0,0.985608
-1,2,1,-1,-1,0.45,0.45,0.15,0.05,0.0,0.984345
-1,2,1,-1,-1,0.5,0.5,0.15,0.05,0.0,0.983083
-1,2,1,-1,-1,0.55,0.55,0.15,0.05,0.0,0.981947
-1,2,1,-1,-1,0.6,0.6,0.15,0.05,0.0,0.980432
-1,2,1,-1,-1,0.65,0.65,0.15,0.05,0.0,0.979674
-1,2,1,-1,-1,0.7,0.7,0.15,0.05,0.0,0.978917
-1,2,1,-1,-1,0.75,0.75,0.15,0.05,0.0,0.978412
-1,2,1,-1,-1,0.8,0.8,0.15,0.05,0.0,0.978033
-1,2,1,-1,-1,0.85,0.85,0.15,0.05,0.0,0.97778
-1,2,1,-1,-1,0.9,0.9,0.15,0.05,0.0,0.977654
-1,2,1,-1,-1,0.95,0.95,0.15,0.05,0.0,0.977528
-1,2,1,-1,-1,1.0,1.0,0.15,0.05,0.0,0.977528
-1,2,1,-1,-1,0.05,0.05,0.2,0.05,0.0,0.995455
-1,2,1,-1,-1,0.1,0.1,0.2,0.05,0.0,0.99091
-1,2,1,-1,-1,0.15,0.15,0.2,0.05,0.0,0.985797
-1,2,1,-1,-1,0.2,0.2,0.2,0.05,0.0,0.982388
-1,2,1,-1,-1,0.25,0.25,0.2,0.05,0.0,0.977844
-1,2,1,-1,-1,0.3,0.3,0.2,0.05,0.0,0.974435
-1,2,1,-1,-1,0.35,0.35,0.2,0.05,0.0,0.972447
-1,2,1,-1,-1,0.4,0.4,0.2,0.05,0.0,0.967618
-1,2,1,-1,-1,0.45,0.45,0.2,0.05,0.0,0.964777
-1,2,1,-1,-1,0.5,0.5,0.2,0.05,0.0,0.961936
-1,2,1,-1,-1,0.55,0.55,0.2,0.05,0.0,0.95938
-1,2,1,-1,-1,0.6,0.6,0.2,0.05,0.0,0.955971
-1,2,1,-1,-1,0.65,0.65,0.2,0.05,0.0,0.954267
-1,2,1,-1,-1,0.7,0.7,0.2,0.05,0.0,0.952563
-1,2,1,-1,-1,0.75,0.75,0.2,0.05,0.0,0.951426
-1,2,1,-1,-1,0.8,0.8,0.2,0.05,0.0,0.950574
-1,2,1,-1,-1,0.85,0.85,0.2,0.05,0.0,0.950006
-1,2,1,-1,-1,0.9,0.9,0.2,0.05,0.0,0.949722
-1,2,1,-1,-1,0.95,0.95,0.2,0.05,0.0,0.949438
-1,2,1,-1,-1,1.0,1.0,0.2,0.05,0.0,0.949438
-1,2,1,-1,-1,0.05,0.05,0.25,0.05,0.0,0.991415
-1,2,1,-1,-1,0.1,0.1,0.25,0.05,0.0,0.98283
-1,2,1,-1,-1,0.15,0.15,0.25,0.05,0.0,0.973172
-1,2,1,-1,-1,0.2,0.2,0.25,0.05,0.0,0.966734
-1,2,1,-1,-1,0.25,0.25,0.25,0.05,0.0,0.958149
-1,2,1,-1,-1,0.3,0.3,0.25,0.05,0.0,0.95171
-1,2,1,-1,-1,0.35,0.35,0.25,0.05,0.0,0.947955
-1,2,1,-1,-1,0.4,0.4,0.25,0.05,0.0,0.938833
-1,2,1,-1,-1,0.45,0.45,0.25,0.05,0.0,0.933468
-1,2,1,-1,-1,0.5,0.5,0.25,0.05,0.0,0.928102
-1,2,1,-1,-1,0.55,0.55,0.25,0.05,0.0,0.923273
-1,2,1,-1,-1,0.6,0.6,0.25,0.05,0.0,0.916835
-1,2,1,-1,-1,0.65,0.65,0.25,0.05,0.0,0.913615
-1,2,1,-1,-1,0.7,0.7,0.25,0.05,0.0,0.910396
-1,2,1,-1,-1,0.75,0.75,0.25,0.05,0.0,0.90825
-1,2,1,-1,-1,0.8,0.8,0.25,0.05,0.0,0.90664
-1,2,1,-1,-1,0.85,0.85,0.25,0.05,0.0,0.905567
-1,2,1,-1,-1,0.9,0.9,0.25,0.05,0.0,0.905031
-1,2,1,-1,-1,0.95,0.95,0.25,0.05,0.0,0.904494
-1,2,1,-1,-1,1.0,1.0,0.25,0.05,0.0,0.904494
-1,2,1,-1,-1,0.05,0.05,0.3,0.05,4.3e-05,0.98485
-1,2,1,-1,-1,0.1,0.1,0.3,0.05,0.000216,0.969701
-1,2,1,-1,-1,0.15,0.15,0.3,0.05,0.000346,0.952658
-1,2,1,-1,-1,0.2,0.2,0.3,0.05,0.000735,0.941295
-1,2,1,-1,-1,0.25,0.25,0.3,0.05,0.001384,0.926146
-1,2,1,-1,-1,0.3,0.3,0.3,0.05,0.001946,0.914784
-1,2,1,-1,-1,0.35,0.35,0.3,0.05,0.002465,0.908156
-1,2,1,-1,-1,0.4,0.4,0.3,0.05,0.00333,0.892059
-1,2,1,-1,-1,0.45,0.45,0.3,0.05,0.003979,0.882591
-1,2,1,-1,-1,0.5,0.5,0.3,0.05,0.005061,0.873122
-1,2,1,-1,-1,0.55,0.55,0.3,0.05,0.006531,0.864601
-1,2,1,-1,-1,0.6,0.6,0.3,0.05,0.007786,0.853238
-1,2,1,-1,-1,0.65,0.65,0.3,0.05,0.008824,0.847557
-1,2,1,-1,-1,0.7,0.7,0.3,0.05,0.009948,0.841876
-1,2,1,-1,-1,0.75,0.75,0.3,0.05,0.011289,0.838089
-1,2,1,-1,-1,0.8,0.8,0.3,0.05,0.011981,0.835248
-1,2,1,-1,-1,0.85,0.85,0.3,0.05,0.013149,0.833355
-1,2,1,-1,-1,0.9,0.9,0.3,0.05,0.013581,0.832408
-1,2,1,-1,-1,0.95,0.95,0.3,0.05,0.014273,0.831461
-1,2,1,-1,-1,1.0,1.0,0.3,0.05,0.014706,0.831461
-1,2,1,-1,-1,0.05,0.05,0.35,0.05,0.000104,0.978285
-1,2,1,-1,-1,0.1,0.1,0.35,0.05,0.000519,0.956571
-1,2,1,-1,-1,0.15,0.15,0.35,0.05,0.00083,0.932142
-1,2,1,-1,-1,0.2,0.2,0.35,0.05,0.001765,0.915857
-1,2,1,-1,-1,0.25,0.25,0.35,0.05,0.003322,0.894142
-1,2,1,-1,-1,0.3,0.3,0.35,0.05,0.004671,0.877856
-1,2,1,-1,-1,0.35,0.35,0.35,0.05,0.005917,0.868356
-1,2,1,-1,-1,0.4,0.4,0.35,0.05,0.007993,0.845285
-1,2,1,-1,-1,0.45,0.45,0.35,0.05,0.00955,0.831713
-1,2,1,-1,-1,0.5,0.5,0.35,0.05,0.012145,0.818142
-1,2,1,-1,-1,0.55,0.55,0.35,0.05,0.015675,0.805927
-1,2,1,-1,-1,0.6,0.6,0.35,0.05,0.018685,0.789641
-1,2,1,-1,-1,0.65,0.65,0.35,0.05,0.021176,0.781499
-1,2,1,-1,-1,0.7,0.7,0.35,0.05,0.023875,0.773356
-1,2,1,-1,-1,0.75,0.75,0.35,0.05,0.027093,0.767927
-1,2,1,-1,-1,0.8,0.8,0.35,0.05,0.028754,0.763856
-1,2,1,-1,-1,0.85,0.85,0.35,0.05,0.031557,0.761141
-1,2,1,-1,-1,0.9,0.9,0.35,0.05,0.032595,0.759784
-1,2,1,-1,-1,0.95,0.95,0.35,0.05,0.034256,0.758427
-1,2,1,-1,-1,1.0,1.0,0.35,0.05,0.035294,0.758427
-1,2,1,-1,-1,0.05,0.05,0.4,0.05,0.000216,0.968186
-1,2,1,-1,-1,0.1,0.1,0.4,0.05,0.001081,0.936372
-1,2,1,-1,-1,0.15,0.15,0.4,0.05,0.00173,0.900581
-1,2,1,-1,-1,0.2,0.2,0.4,0.05,0.003676,0.87672
-1,2,1,-1,-1,0.25,0.25,0.4,0.05,0.00692,0.844906
-1,2,1,-1,-1,0.3,0.3,0.4,0.05,0.009732,0.821045
-1,2,1,-1,-1,0.35,0.35,0.4,0.05,0.012327,0.807126
-1,2,1,-1,-1,0.4,0.4,0.4,0.05,0.016652,0.773324
-1,2,1,-1,-1,0.45,0.45,0.4,0.05,0.019896,0.75344
-1,2,1,-1,-1,0.5,0.5,0.4,0.05,0.025303,0.733556
-1,2,1,-1,-1,0.55,0.55,0.4,0.05,0.032656,0.71566
-1,2,1,-1,-1,0.6,0.6,0.4,0.05,0.038927,0.6918
-1,2,1,-1,-1,0.65,0.65,0.4,0.05,0.044117,0.67987
-1,2,1,-1,-1,0.7,0.7,0.4,0.05,0.04974,0.667939
-1,2,1,-1,-1,0.75,0.75,0.4,0.05,0.056444,0.659986
-1,2,1,-1,-1,0.8,0.8,0.4,0.05,0.059905,0.654021
-1,2,1,-1,-1,0.85,0.85,0.4,0.05,0.065744,0.650044
-1,2,1,-1,-1,0.9,0.9,0.4,0.05,0.067906,0.648055
-1,2,1,-1,-1,0.95,0.95,0.4,0.05,0.071366,0.646067
-1,2,1,-1,-1,1.0,1.0,0.4,0.05,0.073529,0.646067
-1,2,1,-1,-1,0.05,0.05,0.45,0.05,0.000311,0.959601
-1,2,1,-1,-1,0.1,0.1,0.45,0.05,0.001557,0.919202
-1,2,1,-1,-1,0.15,0.15,0.45,0.05,0.002491,0.873753
-1,2,1,-1,-1,0.2,0.2,0.45,0.05,0.005294,0.843454
-1,2,1,-1,-1,0.25,0.25,0.45,0.05,0.009965,0.803055
-1,2,1,-1,-1,0.3,0.3,0.45,0.05,0.014014,0.772756
-1,2,1,-1,-1,0.35,0.35,0.45,0.05,0.017751,0.755081
-1,2,1,-1,-1,0.4,0.4,0.45,0.05,0.023979,0.712158
-1,2,1,-1,-1,0.45,0.45,0.45,0.05,0.02865,0.686908
-1,2,1,-1,-1,0.5,0.5,0.45,0.05,0.036436,0.661659
-1,2,1,-1,-1,0.55,0.55,0.45,0.05,0.047024,0.638935
-1,2,1,-1,-1,0.6,0.6,0.45,0.05,0.056055,0.608635
-1,2,1,-1,-1,0.65,0.65,0.45,0.05,0.063529,0.593486
-1,2,1,-1,-1,0.7,0.7,0.45,0.05,0.071626,0.578336
-1,2,1,-1,-1,0.75,0.75,0.45,0.05,0.08128,0.568237
-1,2,1,-1,-1,0.8,0.8,0.45,0.05,0.086263,0.560662
-1,2,1,-1,-1,0.85,0.85,0.45,0.05,0.094671,0.555612
-1,2,1,-1,-1,0.9,0.9,0.45,0.05,0.097785,0.553087
-1,2,1,-1,-1,0.95,0.95,0.45,0.05,0.102768,0.550562
-1,2,1,-1,-1,1.0,1.0,0.45,0.05,0.105882,0.550562
-1,2,1,-1,-1,0.05,0.05,0.5,0.05,0.000554,0.947481
-1,2,1,-1,-1,0.1,0.1,0.5,0.05,0.002768,0.894963
-1,2,1,-1,-1,0.15,0.15,0.5,0.05,0.004429,0.835879
-1,2,1,-1,-1,0.2,0.2,0.5,0.05,0.009412,0.79649
-1,2,1,-1,-1,0.25,0.25,0.5,0.05,0.017716,0.743972
-1,2,1,-1,-1,0.3,0.3,0.5,0.05,0.024913,0.704583
-1,2,1,-1,-1,0.35,0.35,0.5,0.05,0.031557,0.681606
-1,2,1,-1,-1,0.4,0.4,0.5,0.05,0.04263,0.625805
-1,2,1,-1,-1,0.45,0.45,0.5,0.05,0.050934,0.592981
-1,2,1,-1,-1,0.5,0.5,0.5,0.05,0.064775,0.560156
-1,2,1,-1,-1,0.55,0.55,0.5,0.05,0.083599,0.530614
-1,2,1,-1,-1,0.6,0.6,0.5,0.05,0.099654,0.491225
-1,2,1,-1,-1,0.65,0.65,0.5,0.05,0.112941,0.471531
-1,2,1,-1,-1,0.7,0.7,0.5,0.05,0.127336,0.451837
-1,2,1,-1,-1,0.75,0.75,0.5,0.05,0.144498,0.438707
-1,2,1,-1,-1,0.8,0.8,0.5,0.05,0.153356,0.42886
-1,2,1,-1,-1,0.85,0.85,0.5,0.05,0.168304,0.422295
-1,2,1,-1,-1,0.9,0.9,0.5,0.05,0.17384,0.419012
-1,2,1,-1,-1,0.95,0.95,0.5,0.05,0.182699,0.41573
-1,2,1,-1,-1,1.0,1.0,0.5,0.05,0.188235,0.41573
-1,2,1,-1,-1,0.05,0.05,0.55,0.05,0.000908,0.931322
-1,2,1,-1,-1,0.1,0.1,0.55,0.05,0.004542,0.862644
-1,2,1,-1,-1,0.15,0.15,0.55,0.05,0.007266,0.785381
-1,2,1,-1,-1,0.2,0.2,0.55,0.05,0.015441,0.733872
-1,2,1,-1,-1,0.25,0.25,0.55,0.05,0.029066,0.665194
-1,2,1,-1,-1,0.3,0.3,0.55,0.05,0.040874,0.613685
-1,2,1,-1,-1,0.35,0.35,0.55,0.05,0.051773,0.583638
-1,2,1,-1,-1,0.4,0.4,0.55,0.05,0.06994,0.510668
-1,2,1,-1,-1,0.45,0.45,0.55,0.05,0.083564,0.467744
-1,2,1,-1,-1,0.5,0.5,0.55,0.05,0.106272,0.42482
-1,2,1,-1,-1,0.55,0.55,0.55,0.05,0.137154,0.386188
-1,2,1,-1,-1,0.6,0.6,0.55,0.05,0.163495,0.33468
-1,2,1,-1,-1,0.65,0.65,0.55,0.05,0.185294,0.308926
-1,2,1,-1,-1,0.7,0.7,0.55,0.05,0.20891,0.283171
-1,2,1,-1,-1,0.75,0.75,0.55,0.05,0.237068,0.266002
-1,2,1,-1,-1,0.8,0.8,0.55,0.05,0.251601,0.253125
-1,2,1,-1,-1,0.85,0.85,0.55,0.05,0.276125,0.24454
-1,2,1,-1,-1,0.9,0.9,0.55,0.05,0.285208,0.240247
-1,2,1,-1,-1,0.95,0.95,0.55,0.05,0.299741,0.235955
-1,2,1,-1,-1,1.0,1.0,0.55,0.05,0.308824,0.235955
-1,2,1,-1,-1,0.05,0.05,0.6,0.05,0.001228,0.922232
-1,2,1,-1,-1,0.1,0.1,0.6,0.05,0.006142,0.844464
-1,2,1,-1,-1,0.15,0.15,0.6,0.05,0.009827,0.756975
-1,2,1,-1,-1,0.2,0.2,0.6,0.05,0.020882,0.698649
-1,2,1,-1,-1,0.25,0.25,0.6,0.05,0.039308,0.620881
-1,2,1,-1,-1,0.3,0.3,0.6,0.05,0.055277,0.562555
-1,2,1,-1,-1,0.35,0.35,0.6,0.05,0.070017,0.528531
-1,2,1,-1,-1,0.4,0.4,0.6,0.05,0.094585,0.445903
-1,2,1,-1,-1,0.45,0.45,0.6,0.05,0.11301,0.397298
-1,2,1,-1,-1,0.5,0.5,0.6,0.05,0.14372,0.348693
-1,2,1,-1,-1,0.55,0.55,0.6,0.05,0.185485,0.304948
-1,2,1,-1,-1,0.6,0.6,0.6,0.05,0.221107,0.246622
-1,2,1,-1,-1,0.65,0.65,0.6,0.05,0.250588,0.21746
-1,2,1,-1,-1,0.7,0.7,0.6,0.05,0.282526,0.188297
-1,2,1,-1,-1,0.75,0.75,0.6,0.05,0.320605,0.168855
-1,2,1,-1,-1,0.8,0.8,0.6,0.05,0.34026,0.154273
-1,2,1,-1,-1,0.85,0.85,0.6,0.05,0.373426,0.144552
-1,2,1,-1,-1,0.9,0.9,0.6,0.05,0.385709,0.139692
-1,2,1,-1,-1,0.95,0.95,0.6,0.05,0.405363,0.134831
-1,2,1,-1,-1,1.0,1.0,0.6,0.05,0.417647,0.134831
-1,2,1,-1,-1,0.05,0.05,0.65,0.05,0.001644,0.916677
-1,2,1,-1,-1,0.1,0.1,0.65,0.05,0.008218,0.833355
-1,2,1,-1,-1,0.15,0.15,0.65,0.05,0.013149,0.739616
-1,2,1,-1,-1,0.2,0.2,0.65,0.05,0.027941,0.677124
-1,2,1,-1,-1,0.25,0.25,0.65,0.05,0.052595,0.593802
-1,2,1,-1,-1,0.3,0.3,0.65,0.05,0.073962,0.531309
-1,2,1,-1,-1,0.35,0.35,0.65,0.05,0.093685,0.494855
-1,2,1,-1,-1,0.4,0.4,0.65,0.05,0.126557,0.406326
-1,2,1,-1,-1,0.45,0.45,0.65,0.05,0.151211,0.354249
-1,2,1,-1,-1,0.5,0.5,0.65,0.05,0.192301,0.302172
-1,2,1,-1,-1,0.55,0.55,0.65,0.05,0.248184,0.255302
-1,2,1,-1,-1,0.6,0.6,0.65,0.05,0.295848,0.19281
-1,2,1,-1,-1,0.65,0.65,0.65,0.05,0.335294,0.161565
-1,2,1,-1,-1,0.7,0.7,0.65,0.05,0.378028,0.130319
-1,2,1,-1,-1,0.75,0.75,0.65,0.05,0.42898,0.109488
-1,2,1,-1,-1,0.8,0.8,0.65,0.05,0.455277,0.093865
-1,2,1,-1,-1,0.85,0.85,0.65,0.05,0.499655,0.083449
-1,2,1,-1,-1,0.9,0.9,0.65,0.05,0.51609,0.078242
-1,2,1,-1,-1,0.95,0.95,0.65,0.05,0.542388,0.073034
-1,2,1,-1,-1,1.0,1.0,0.65,0.05,0.558824,0.073034
-1,2,1,-1,-1,0.05,0.05,0.7,0.05,0.002033,0.913142
-1,2,1,-1,-1,0.1,0.1,0.7,0.05,0.010164,0.826285
-1,2,1,-1,-1,0.15,0.15,0.7,0.05,0.016263,0.72857
-1,2,1,-1,-1,0.2,0.2,0.7,0.05,0.034559,0.663426
-1,2,1,-1,-1,0.25,0.25,0.7,0.05,0.065052,0.576569
-1,2,1,-1,-1,0.3,0.3,0.7,0.05,0.091479,0.511425
-1,2,1,-1,-1,0.35,0.35,0.7,0.05,0.115874,0.473425
-1,2,1,-1,-1,0.4,0.4,0.7,0.05,0.156531,0.381139
-1,2,1,-1,-1,0.45,0.45,0.7,0.05,0.187024,0.326853
-1,2,1,-1,-1,0.5,0.5,0.7,0.05,0.237846,0.272567
-1,2,1,-1,-1,0.55,0.55,0.7,0.05,0.306964,0.223709
-1,2,1,-1,-1,0.6,0.6,0.7,0.05,0.365917,0.158565
-1,2,1,-1,-1,0.65,0.65,0.7,0.05,0.414706,0.125995
-1,2,1,-1,-1,0.7,0.7,0.7,0.05,0.467561,0.093423
-1,2,1,-1,-1,0.75,0.75,0.7,0.05,0.530579,0.071708
-1,2,1,-1,-1,0.8,0.8,0.7,0.05,0.563105,0.055423
-1,2,1,-1,-1,0.85,0.85,0.7,0.05,0.617993,0.044565
-1,2,1,-1,-1,0.9,0.9,0.7,0.05,0.638321,0.039137
-1,2,1,-1,-1,0.95,0.95,0.7,0.05,0.670847,0.033708
-1,2,1,-1,-1,1.0,1.0,0.7,0.05,0.691176,0.033708
-1,2,1,-1,-1,0.05,0.05,0.75,0.05,0.002379,0.911627
-1,2,1,-1,-1,0.1,0.1,0.75,0.05,0.011895,0.823255
-1,2,1,-1,-1,0.15,0.15,0.75,0.05,0.019031,0.723835
-1,2,1,-1,-1,0.2,0.2,0.75,0.05,0.040441,0.657556
-1,2,1,-1,-1,0.25,0.25,0.75,0.05,0.076125,0.569183
-1,2,1,-1,-1,0.3,0.3,0.75,0.05,0.10705,0.502904
-1,2,1,-1,-1,0.35,0.35,0.75,0.05,0.135597,0.46424
-1,2,1,-1,-1,0.4,0.4,0.75,0.05,0.183175,0.370345
-1,2,1,-1,-1,0.45,0.45,0.75,0.05,0.218858,0.315112
-1,2,1,-1,-1,0.5,0.5,0.75,0.05,0.278331,0.259879
-1,2,1,-1,-1,0.55,0.55,0.75,0.05,0.359213,0.210169
-1,2,1,-1,-1,0.6,0.6,0.75,0.05,0.428201,0.143889
-1,2,1,-1,-1,0.65,0.65,0.75,0.05,0.485294,0.11075
-1,2,1,-1,-1,0.7,0.7,0.75,0.05,0.547146,0.07761
-1,2,1,-1,-1,0.75,0.75,0.75,0.05,0.620891,0.055517
-1,2,1,-1,-1,0.8,0.8,0.75,0.05,0.658954,0.038947
-1,2,1,-1,-1,0.85,0.85,0.75,0.05,0.723184,0.027901
-1,2,1,-1,-1,0.9,0.9,0.75,0.05,0.746972,0.022377
-1,2,1,-1,-1,0.95,0.95,0.75,0.05,0.785035,0.016854
-1,2,1,-1,-1,1.0,1.0,0.75,0.05,0.808824,0.016854
-1,2,1,-1,-1,0.05,0.05,0.8,0.05,0.002604,0.910112
-1,2,1,-1,-1,0.1,0.1,0.8,0.05,0.013019,0.820225
-1,2,1,-1,-1,0.15,0.15,0.8,0.05,0.02083,0.719101
-1,2,1,-1,-1,0.2,0.2,0.8,0.05,0.044265,0.651685
-1,2,1,-1,-1,0.25,0.25,0.8,0.05,0.083322,0.561798
-1,2,1,-1,-1,0.3,0.3,0.8,0.05,0.117171,0.494382
-1,2,1,-1,-1,0.35,0.35,0.8,0.05,0.148417,0.455056
-1,2,1,-1,-1,0.4,0.4,0.8,0.05,0.200493,0.359551
-1,2,1,-1,-1,0.45,0.45,0.8,0.05,0.23955,0.303371
-1,2,1,-1,-1,0.5,0.5,0.8,0.05,0.304646,0.247191
-1,2,1,-1,-1,0.55,0.55,0.8,0.05,0.393175,0.196629
-1,2,1,-1,-1,0.6,0.6,0.8,0.05,0.468685,0.129213
-1,2,1,-1,-1,0.65,0.65,0.8,0.05,0.531176,0.095506
-1,2,1,-1,-1,0.7,0.7,0.8,0.05,0.598876,0.061798
-1,2,1,-1,-1,0.75,0.75,0.8,0.05,0.679593,0.039326
-1,2,1,-1,-1,0.8,0.8,0.8,0.05,0.721254,0.022472
-1,2,1,-1,-1,0.85,0.85,0.8,0.05,0.791557,0.011236
-1,2,1,-1,-1,0.9,0.9,0.8,0.05,0.817595,0.005618
-1,2,1,-1,-1,0.95,0.95,0.8,0.05,0.859256,0.0
-1,2,1,-1,-1,1.0,1.0,0.8,0.05,0.885294,0.0
-1,2,1,-1,-1,0.05,0.05,0.85,0.05,0.002803,0.910112
-1,2,1,-1,-1,0.1,0.1,0.85,0.05,0.014014,0.820225
-1,2,1,-1,-1,0.15,0.15,0.85,0.05,0.022422,0.719101
-1,2,1,-1,-1,0.2,0.2,0.85,0.05,0.047647,0.651685
-1,2,1,-1,-1,0.25,0.25,0.85,0.05,0.089689,0.561798
-1,2,1,-1,-1,0.3,0.3,0.85,0.05,0.126125,0.494382
-1,2,1,-1,-1,0.35,0.35,0.85,0.05,0.159758,0.455056
-1,2,1,-1,-1,0.4,0.4,0.85,0.05,0.215814,0.359551
-1,2,1,-1,-1,0.45,0.45,0.85,0.05,0.257854,0.303371
-1,2,1,-1,-1,0.5,0.5,0.85,0.05,0.327924,0.247191
-1,2,1,-1,-1,0.55,0.55,0.85,0.05,0.423218,0.196629
-1,2,1,-1,-1,0.6,0.6,0.85,0.05,0.504498,0.129213
-1,2,1,-1,-1,0.65,0.65,0.85,0.05,0.571765,0.095506
-1,2,1,-1,-1,0.7,0.7,0.85,0.05,0.644637,0.061798
-1,2,1,-1,-1,0.75,0.75,0.85,0.05,0.731522,0.039326
-1,2,1,-1,-1,0.8,0.8,0.85,0.05,0.776367,0.022472
-1,2,1,-1,-1,0.85,0.85,0.85,0.05,0.852042,0.011236
-1,2,1,-1,-1,0.9,0.9,0.85,0.05,0.880069,0.005618
-1,2,1,-1,-1,0.95,0.95,0.85,0.05,0.924913,0.0
-1,2,1,-1,-1,1.0,1.0,0.85,0.05,0.952941,0.0
-1,2,1,-1,-1,0.05,0.05,0.9,0.05,0.002898,0.910112
-1,2,1,-1,-1,0.1,0.1,0.9,0.05,0.01449,0.820225
-1,2,1,-1,-1,0.15,0.15,0.9,0.05,0.023183,0.719101
-1,2,1,-1,-1,0.2,0.2,0.9,0.05,0.049265,0.651685
-1,2,1,-1,-1,0.25,0.25,0.9,0.05,0.092734,0.561798
-1,2,1,-1,-1,0.3,0.3,0.9,0.05,0.130407,0.494382
-1,2,1,-1,-1,0.35,0.35,0.9,0.05,0.165182,0.455056
-1,2,1,-1,-1,0.4,0.4,0.9,0.05,0.223141,0.359551
-1,2,1,-1,-1,0.45,0.45,0.9,0.05,0.266609,0.303371
-1,2,1,-1,-1,0.5,0.5,0.9,0.05,0.339057,0.247191
-1,2,1,-1,-1,0.55,0.55,0.9,0.05,0.437587,0.196629
-1,2,1,-1,-1,0.6,0.6,0.9,0.05,0.521626,0.129213
-1,2,1,-1,-1,0.65,0.65,0.9,0.05,0.591176,0.095506
-1,2,1,-1,-1,0.7,0.7,0.9,0.05,0.666523,0.061798
-1,2,1,-1,-1,0.75,0.75,0.9,0.05,0.756358,0.039326
-1,2,1,-1,-1,0.8,0.8,0.9,0.05,0.802725,0.022472
-1,2,1,-1,-1,0.85,0.85,0.9,0.05,0.880969,0.011236
-1,2,1,-1,-1,0.9,0.9,0.9,0.05,0.909948,0.005618
-1,2,1,-1,-1,0.95,0.95,0.9,0.05,0.956315,0.0
-1,2,1,-1,-1,1.0,1.0,0.9,0.05,0.985294,0.0
-1,2,1,-1,-1,0.05,0.05,0.95,0.05,0.002932,0.910112
-1,2,1,-1,-1,0.1,0.1,0.95,0.05,0.014663,0.820225
-1,2,1,-1,-1,0.15,0.15,0.95,0.05,0.02346,0.719101
-1,2,1,-1,-1,0.2,0.2,0.95,0.05,0.049853,0.651685
-1,2,1,-1,-1,0.25,0.25,0.95,0.05,0.093841,0.561798
-1,2,1,-1,-1,0.3,0.3,0.95,0.05,0.131964,0.494382
-1,2,1,-1,-1,0.35,0.35,0.95,0.05,0.167154,0.455056
-1,2,1,-1,-1,0.4,0.4,0.95,0.05,0.225805,0.359551
-1,2,1,-1,-1,0.45,0.45,0.95,0.05,0.269792,0.303371
-1,2,1,-1,-1,0.5,0.5,0.95,0.05,0.343106,0.247191
-1,2,1,-1,-1,0.55,0.55,0.95,0.05,0.442812,0.196629
-1,2,1,-1,-1,0.6,0.6,0.95,0.05,0.527855,0.129213
-1,2,1,-1,-1,0.65,0.65,0.95,0.05,0.598235,0.095506
-1,2,1,-1,-1,0.7,0.7,0.95,0.05,0.674481,0.061798
-1,2,1,-1,-1,0.75,0.75,0.95,0.05,0.765389,0.039326
-1,2,1,-1,-1,0.8,0.8,0.95,0.05,0.81231,0.022472
-1,2,1,-1,-1,0.85,0.85,0.95,0.05,0.891488,0.011236
-1,2,1,-1,-1,0.9,0.9,0.95,0.05,0.920813,0.005618
-1,2,1,-1,-1,0.95,0.95,0.95,0.05,0.967734,0.0
-1,2,1,-1,-1,1.0,1.0,0.95,0.05,0.997059,0.0
-1,2,1,-1,-1,0.05,0.05,1.0,0.05,0.002941,0.910112
-1,2,1,-1,-1,0.1,0.1,1.0,0.05,0.014706,0.820225
-1,2,1,-1,-1,0.15,0.15,1.0,0.05,0.023529,0.719101
-1,2,1,-1,-1,0.2,0.2,1.0,0.05,0.05,0.651685
-1,2,1,-1,-1,0.25,0.25,1.0,0.05,0.094118,0.561798
-1,2,1,-1,-1,0.3,0.3,1.0,0.05,0.132353,0.494382
-1,2,1,-1,-1,0.35,0.35,1.0,0.05,0.167647,0.455056
-1,2,1,-1,-1,0.4,0.4,1.0,0.05,0.226471,0.359551
-1,2,1,-1,-1,0.45,0.45,1.0,0.05,0.270588,0.303371
-1,2,1,-1,-1,0.5,0.5,1.0,0.05,0.344118,0.247191
-1,2,1,-1,-1,0.55,0.55,1.0,0.05,0.444118,0.196629
-1,2,1,-1,-1,0.6,0.6,1.0,0.05,0.529412,0.129213
-1,2,1,-1,-1,0.65,0.65,1.0,0.05,0.6,0.095506
-1,2,1,-1,-1,0.7,0.7,1.0,0.05,0.676471,0.061798
-1,2,1,-1,-1,0.75,0.75,1.0,0.05,0.767647,0.039326
-1,2,1,-1,-1,0.8,0.8,1.0,0.05,0.814706,0.022472
-1,2,1,-1,-1,0.85,0.85,1.0,0.05,0.894118,0.011236
-1,2,1,-1,-1,0.9,0.9,1.0,0.05,0.923529,0.005618
-1,2,1,-1,-1,0.95,0.95,1.0,0.05,0.970588,0.0
-1,2,1,-1,-1,1.0,1.0,1.0,0.05,1.0,0.0
-1,2,1,-1,-1,0.05,0.05,0.1,0.1,0.0,0.988764
-1,2,1,-1,-1,0.1,0.1,0.1,0.1,0.0,0.988764
-1,2,1,-1,-1,0.15,0.15,0.1,0.1,0.0,0.988764
-1,2,1,-1,-1,0.2,0.2,0.1,0.1,0.0,0.988764
-1,2,1,-1,-1,0.25,0.25,0.1,0.1,0.0,0.988764
-1,2,1,-1,-1,0.3,0.3,0.1,0.1,0.0,0.988764
-1,2,1,-1,-1,0.35,0.35,0.1,0.1,0.0,0.988764
-1,2,1,-1,-1,0.4,0.4,0.1,0.1,0.0,0.988764
-1,2,1,-1,-1,0.45,0.45,0.1,0.1,0.0,0.988764
-1,2,1,-1,-1,0.5,0.5,0.1,0.1,0.0,0.988764
-1,2,1,-1,-1,0.55,0.55,0.1,0.1,0.0,0.988764
-1,2,1,-1,-1,0.6,0.6,0.1,0.1,0.0,0.988764
-1,2,1,-1,-1,0.65,0.65,0.1,0.1,0.0,0.988764
-1,2,1,-1,-1,0.7,0.7,0.1,0.1,0.0,0.988764
-1,2,1,-1,-1,0.75,0.75,0.1,0.1,0.0,0.988764
-1,2,1,-1,-1,0.8,0.8,0.1,0.1,0.0,0.988764
-1,2,1,-1,-1,0.85,0.85,0.1,0.1,0.0,0.988764
-1,2,1,-1,-1,0.9,0.9,0.1,0.1,0.0,0.988764
-1,2,1,-1,-1,0.95,0.95,0.1,0.1,0.0,0.988764
-1,2,1,-1,-1,1.0,1.0,0.1,0.1,0.0,0.988764
-1,2,1,-1,-1,0.05,0.05,0.15,0.1,0.0,0.987754
-1,2,1,-1,-1,0.1,0.1,0.15,0.1,0.0,0.986744
-1,2,1,-1,-1,0.15,0.15,0.15,0.1,0.0,0.985608
-1,2,1,-1,-1,0.2,0.2,0.15,0.1,0.0,0.98485
-1,2,1,-1,-1,0.25,0.25,0.15,0.1,0.0,0.98384
-1,2,1,-1,-1,0.3,0.3,0.15,0.1,0.0,0.983083
-1,2,1,-1,-1,0.35,0.35,0.15,0.1,0.0,0.982641
-1,2,1,-1,-1,0.4,0.4,0.15,0.1,0.0,0.981568
-1,2,1,-1,-1,0.45,0.45,0.15,0.1,0.0,0.980937
-1,2,1,-1,-1,0.5,0.5,0.15,0.1,0.0,0.980305
-1,2,1,-1,-1,0.55,0.55,0.15,0.1,0.0,0.979737
-1,2,1,-1,-1,0.6,0.6,0.15,0.1,0.0,0.97898
-1,2,1,-1,-1,0.65,0.65,0.15,0.1,0.0,0.978601
-1,2,1,-1,-1,0.7,0.7,0.15,0.1,0.0,0.978222
-1,2,1,-1,-1,0.75,0.75,0.15,0.1,0.0,0.97797
-1,2,1,-1,-1,0.8,0.8,0.15,0.1,0.0,0.97778
-1,2,1,-1,-1,0.85,0.85,0.15,0.1,0.0,0.977654
-1,2,1,-1,-1,0.9,0.9,0.15,0.1,0.0,0.977591
-1,2,1,-1,-1,0.95,0.95,0.15,0.1,0.0,0.977528
-1,2,1,-1,-1,1.0,1.0,0.15,0.1,0.0,0.977528
-1,2,1,-1,-1,0.05,0.05,0.2,0.1,0.0,0.985229
-1,2,1,-1,-1,0.1,0.1,0.2,0.1,0.0,0.981694
-1,2,1,-1,-1,0.15,0.15,0.2,0.1,0.0,0.977717
-1,2,1,-1,-1,0.2,0.2,0.2,0.1,0.0,0.975066
-1,2,1,-1,-1,0.25,0.25,0.2,0.1,0.0,0.971531
-1,2,1,-1,-1,0.3,0.3,0.2,0.1,0.0,0.96888
-1,2,1,-1,-1,0.35,0.35,0.2,0.1,0.0,0.967334
-1,2,1,-1,-1,0.4,0.4,0.2,0.1,0.0,0.963578
-1,2,1,-1,-1,0.45,0.45,0.2,0.1,0.0,0.961368
-1,2,1,-1,-1,0.5,0.5,0.2,0.1,0.0,0.959159
-1,2,1,-1,-1,0.55,0.55,0.2,0.1,0.0,0.957171
-1,2,1,-1,-1,0.6,0.6,0.2,0.1,0.0,0.954519
-1,2,1,-1,-1,0.65,0.65,0.2,0.1,0.0,0.953194
-1,2,1,-1,-1,0.7,0.7,0.2,0.1,0.0,0.951868
-1,2,1,-1,-1,0.75,0.75,0.2,0.1,0.0,0.950985
-1,2,1,-1,-1,0.8,0.8,0.2,0.1,0.0,0.950322
-1,2,1,-1,-1,0.85,0.85,0.2,0.1,0.0,0.94988
-1,2,1,-1,-1,0.9,0.9,0.2,0.1,0.0,0.949659
-1,2,1,-1,-1,0.95,0.95,0.2,0.1,0.0,0.949438
-1,2,1,-1,-1,1.0,1.0,0.2,0.1,0.0,0.949438
-1,2,1,-1,-1,0.05,0.05,0.25,0.1,0.0,0.981189
-1,2,1,-1,-1,0.1,0.1,0.25,0.1,0.0,0.973614
-1,2,1,-1,-1,0.15,0.15,0.25,0.1,0.0,0.965093
-1,2,1,-1,-1,0.2,0.2,0.25,0.1,0.0,0.959411
-1,2,1,-1,-1,0.25,0.25,0.25,0.1,0.0,0.951837
-1,2,1,-1,-1,0.3,0.3,0.25,0.1,0.0,0.946156
-1,2,1,-1,-1,0.35,0.35,0.25,0.1,0.0,0.942842
-1,2,1,-1,-1,0.4,0.4,0.25,0.1,0.0,0.934793
-1,2,1,-1,-1,0.45,0.45,0.25,0.1,0.0,0.930059
-1,2,1,-1,-1,0.5,0.5,0.25,0.1,0.0,0.925325
-1,2,1,-1,-1,0.55,0.55,0.25,0.1,0.0,0.921064
-1,2,1,-1,-1,0.6,0.6,0.25,0.1,0.0,0.915383
-1,2,1,-1,-1,0.65,0.65,0.25,0.1,0.0,0.912542
-1,2,1,-1,-1,0.7,0.7,0.25,0.1,0.0,0.909702
-1,2,1,-1,-1,0.75,0.75,0.25,0.1,0.0,0.907808
-1,2,1,-1,-1,0.8,0.8,0.25,0.1,0.0,0.906388
-1,2,1,-1,-1,0.85,0.85,0.25,0.1,0.0,0.905441
-1,2,1,-1,-1,0.9,0.9,0.25,0.1,0.0,0.904967
-1,2,1,-1,-1,0.95,0.95,0.25,0.1,0.0,0.904494
-1,2,1,-1,-1,1.0,1.0,0.25,0.1,0.0,0.904494
-1,2,1,-1,-1,0.05,0.05,0.3,0.1,4.3e-05,0.974624
-1,2,1,-1,-1,0.1,0.1,0.3,0.1,0.000216,0.960485
-1,2,1,-1,-1,0.15,0.15,0.3,0.1,0.000346,0.944578
-1,2,1,-1,-1,0.2,0.2,0.3,0.1,0.000735,0.933973
-1,2,1,-1,-1,0.25,0.25,0.3,0.1,0.001384,0.919834
-1,2,1,-1,-1,0.3,0.3,0.3,0.1,0.001946,0.909229
-1,2,1,-1,-1,0.35,0.35,0.3,0.1,0.002465,0.903043
-1,2,1,-1,-1,0.4,0.4,0.3,0.1,0.00333,0.888019
-1,2,1,-1,-1,0.45,0.45,0.3,0.1,0.003979,0.879182
-1,2,1,-1,-1,0.5,0.5,0.3,0.1,0.005061,0.870345
-1,2,1,-1,-1,0.55,0.55,0.3,0.1,0.006531,0.862391
-1,2,1,-1,-1,0.6,0.6,0.3,0.1,0.007786,0.851787
-1,2,1,-1,-1,0.65,0.65,0.3,0.1,0.008824,0.846484
-1,2,1,-1,-1,0.7,0.7,0.3,0.1,0.009948,0.841182
-1,2,1,-1,-1,0.75,0.75,0.3,0.1,0.011289,0.837647
-1,2,1,-1,-1,0.8,0.8,0.3,0.1,0.011981,0.834996
-1,2,1,-1,-1,0.85,0.85,0.3,0.1,0.013149,0.833228
-1,2,1,-1,-1,0.9,0.9,0.3,0.1,0.013581,0.832345
-1,2,1,-1,-1,0.95,0.95,0.3,0.1,0.014273,0.831461
-1,2,1,-1,-1,1.0,1.0,0.3,0.1,0.014706,0.831461
-1,2,1,-1,-1,0.05,0.05,0.35,0.1,0.000104,0.968059
-1,2,1,-1,-1,0.1,0.1,0.35,0.1,0.000519,0.947355
-1,2,1,-1,-1,0.15,0.15,0.35,0.1,0.00083,0.924063
-1,2,1,-1,-1,0.2,0.2,0.35,0.1,0.001765,0.908534
-1,2,1,-1,-1,0.25,0.25,0.35,0.1,0.003322,0.88783
-1,2,1,-1,-1,0.3,0.3,0.35,0.1,0.004671,0.872301
-1,2,1,-1,-1,0.35,0.35,0.35,0.1,0.005917,0.863243
-1,2,1,-1,-1,0.4,0.4,0.35,0.1,0.007993,0.841245
-1,2,1,-1,-1,0.45,0.45,0.35,0.1,0.00955,0.828305
-1,2,1,-1,-1,0.5,0.5,0.35,0.1,0.012145,0.815364
-1,2,1,-1,-1,0.55,0.55,0.35,0.1,0.015675,0.803718
-1,2,1,-1,-1,0.6,0.6,0.35,0.1,0.018685,0.78819
-1,2,1,-1,-1,0.65,0.65,0.35,0.1,0.021176,0.780426
-1,2,1,-1,-1,0.7,0.7,0.35,0.1,0.023875,0.772661
-1,2,1,-1,-1,0.75,0.75,0.35,0.1,0.027093,0.767485
-1,2,1,-1,-1,0.8,0.8,0.35,0.1,0.028754,0.763603
-1,2,1,-1,-1,0.85,0.85,0.35,0.1,0.031557,0.761015
-1,2,1,-1,-1,0.9,0.9,0.35,0.1,0.032595,0.759721
-1,2,1,-1,-1,0.95,0.95,0.35,0.1,0.034256,0.758427
-1,2,1,-1,-1,1.0,1.0,0.35,0.1,0.035294,0.758427
-1,2,1,-1,-1,0.05,0.05,0.4,0.1,0.000216,0.95796
-1,2,1,-1,-1,0.1,0.1,0.4,0.1,0.001081,0.927156
-1,2,1,-1,-1,0.15,0.15,0.4,0.1,0.00173,0.892501
-1,2,1,-1,-1,0.2,0.2,0.4,0.1,0.003676,0.869397
-1,2,1,-1,-1,0.25,0.25,0.4,0.1,0.00692,0.838593
-1,2,1,-1,-1,0.3,0.3,0.4,0.1,0.009732,0.81549
-1,2,1,-1,-1,0.35,0.35,0.4,0.1,0.012327,0.802013
-1,2,1,-1,-1,0.4,0.4,0.4,0.1,0.016652,0.769284
-1,2,1,-1,-1,0.45,0.45,0.4,0.1,0.019896,0.750031
-1,2,1,-1,-1,0.5,0.5,0.4,0.1,0.025303,0.730779
-1,2,1,-1,-1,0.55,0.55,0.4,0.1,0.032656,0.713451
-1,2,1,-1,-1,0.6,0.6,0.4,0.1,0.038927,0.690348
-1,2,1,-1,-1,0.65,0.65,0.4,0.1,0.044117,0.678797
-1,2,1,-1,-1,0.7,0.7,0.4,0.1,0.04974,0.667245
-1,2,1,-1,-1,0.75,0.75,0.4,0.1,0.056444,0.659544
-1,2,1,-1,-1,0.8,0.8,0.4,0.1,0.059905,0.653768
-1,2,1,-1,-1,0.85,0.85,0.4,0.1,0.065744,0.649918
-1,2,1,-1,-1,0.9,0.9,0.4,0.1,0.067906,0.647992
-1,2,1,-1,-1,0.95,0.95,0.4,0.1,0.071366,0.646067
-1,2,1,-1,-1,1.0,1.0,0.4,0.1,0.073529,0.646067
-1,2,1,-1,-1,0.05,0.05,0.45,0.1,0.000311,0.949375
-1,2,1,-1,-1,0.1,0.1,0.45,0.1,0.001557,0.909986
-1,2,1,-1,-1,0.15,0.15,0.45,0.1,0.002491,0.865673
-1,2,1,-1,-1,0.2,0.2,0.45,0.1,0.005294,0.836132
-1,2,1,-1,-1,0.25,0.25,0.45,0.1,0.009965,0.796743
-1,2,1,-1,-1,0.3,0.3,0.45,0.1,0.014014,0.767201
-1,2,1,-1,-1,0.35,0.35,0.45,0.1,0.017751,0.749968
-1,2,1,-1,-1,0.4,0.4,0.45,0.1,0.023979,0.708118
-1,2,1,-1,-1,0.45,0.45,0.45,0.1,0.02865,0.6835
-1,2,1,-1,-1,0.5,0.5,0.45,0.1,0.036436,0.658882
-1,2,1,-1,-1,0.55,0.55,0.45,0.1,0.047024,0.636725
-1,2,1,-1,-1,0.6,0.6,0.45,0.1,0.056055,0.607183
-1,2,1,-1,-1,0.65,0.65,0.45,0.1,0.063529,0.592413
-1,2,1,-1,-1,0.7,0.7,0.45,0.1,0.071626,0.577642
-1,2,1,-1,-1,0.75,0.75,0.45,0.1,0.08128,0.567795
-1,2,1,-1,-1,0.8,0.8,0.45,0.1,0.086263,0.560409
-1,2,1,-1,-1,0.85,0.85,0.45,0.1,0.094671,0.555486
-1,2,1,-1,-1,0.9,0.9,0.45,0.1,0.097785,0.553024
-1,2,1,-1,-1,0.95,0.95,0.45,0.1,0.102768,0.550562
-1,2,1,-1,-1,1.0,1.0,0.45,0.1,0.105882,0.550562
-1,2,1,-1,-1,0.05,0.05,0.5,0.1,0.000554,0.937255
-1,2,1,-1,-1,0.1,0.1,0.5,0.1,0.002768,0.885747
-1,2,1,-1,-1,0.15,0.15,0.5,0.1,0.004429,0.827799
-1,2,1,-1,-1,0.2,0.2,0.5,0.1,0.009412,0.789168
-1,2,1,-1,-1,0.25,0.25,0.5,0.1,0.017716,0.737659
-1,2,1,-1,-1,0.3,0.3,0.5,0.1,0.024913,0.699028
-1,2,1,-1,-1,0.35,0.35,0.5,0.1,0.031557,0.676493
-1,2,1,-1,-1,0.4,0.4,0.5,0.1,0.04263,0.621765
-1,2,1,-1,-1,0.45,0.45,0.5,0.1,0.050934,0.589572
-1,2,1,-1,-1,0.5,0.5,0.5,0.1,0.064775,0.557379
-1,2,1,-1,-1,0.55,0.55,0.5,0.1,0.083599,0.528405
-1,2,1,-1,-1,0.6,0.6,0.5,0.1,0.099654,0.489773
-1,2,1,-1,-1,0.65,0.65,0.5,0.1,0.112941,0.470458
-1,2,1,-1,-1,0.7,0.7,0.5,0.1,0.127336,0.451142
-1,2,1,-1,-1,0.75,0.75,0.5,0.1,0.144498,0.438265
-1,2,1,-1,-1,0.8,0.8,0.5,0.1,0.153356,0.428607
-1,2,1,-1,-1,0.85,0.85,0.5,0.1,0.168304,0.422169
-1,2,1,-1,-1,0.9,0.9,0.5,0.1,0.17384,0.418949
-1,2,1,-1,-1,0.95,0.95,0.5,0.1,0.182699,0.41573
-1,2,1,-1,-1,1.0,1.0,0.5,0.1,0.188235,0.41573
-1,2,1,-1,-1,0.05,0.05,0.55,0.1,0.000908,0.921096
-1,2,1,-1,-1,0.1,0.1,0.55,0.1,0.004542,0.853428
-1,2,1,-1,-1,0.15,0.15,0.55,0.1,0.007266,0.777301
-1,2,1,-1,-1,0.2,0.2,0.55,0.1,0.015441,0.726549
-1,2,1,-1,-1,0.25,0.25,0.55,0.1,0.029066,0.658882
-1,2,1,-1,-1,0.3,0.3,0.55,0.1,0.040874,0.60813
-1,2,1,-1,-1,0.35,0.35,0.55,0.1,0.051773,0.578525
-1,2,1,-1,-1,0.4,0.4,0.55,0.1,0.06994,0.506628
-1,2,1,-1,-1,0.45,0.45,0.55,0.1,0.083564,0.464335
-1,2,1,-1,-1,0.5,0.5,0.55,0.1,0.106272,0.422043
-1,2,1,-1,-1,0.55,0.55,0.55,0.1,0.137154,0.383979
-1,2,1,-1,-1,0.6,0.6,0.55,0.1,0.163495,0.333228
-1,2,1,-1,-1,0.65,0.65,0.55,0.1,0.185294,0.307853
-1,2,1,-1,-1,0.7,0.7,0.55,0.1,0.20891,0.282477
-1,2,1,-1,-1,0.75,0.75,0.55,0.1,0.237068,0.26556
-1,2,1,-1,-1,0.8,0.8,0.55,0.1,0.251601,0.252872
-1,2,1,-1,-1,0.85,0.85,0.55,0.1,0.276125,0.244414
-1,2,1,-1,-1,0.9,0.9,0.55,0.1,0.285208,0.240184
-1,2,1,-1,-1,0.95,0.95,0.55,0.1,0.299741,0.235955
-1,2,1,-1,-1,1.0,1.0,0.55,0.1,0.308824,0.235955
-1,2,1,-1,-1,0.05,0.05,0.6,0.1,0.001228,0.912006
-1,2,1,-1,-1,0.1,0.1,0.6,0.1,0.006142,0.835248
-1,2,1,-1,-1,0.15,0.15,0.6,0.1,0.009827,0.748895
-1,2,1,-1,-1,0.2,0.2,0.6,0.1,0.020882,0.691326
-1,2,1,-1,-1,0.25,0.25,0.6,0.1,0.039308,0.614569
-1,2,1,-1,-1,0.3,0.3,0.6,0.1,0.055277,0.557
-1,2,1,-1,-1,0.35,0.35,0.6,0.1,0.070017,0.523418
-1,2,1,-1,-1,0.4,0.4,0.6,0.1,0.094585,0.441863
-1,2,1,-1,-1,0.45,0.45,0.6,0.1,0.11301,0.39389
-1,2,1,-1,-1,0.5,0.5,0.6,0.1,0.14372,0.345916
-1,2,1,-1,-1,0.55,0.55,0.6,0.1,0.185485,0.302739
-1,2,1,-1,-1,0.6,0.6,0.6,0.1,0.221107,0.24517
-1,2,1,-1,-1,0.65,0.65,0.6,0.1,0.250588,0.216387
-1,2,1,-1,-1,0.7,0.7,0.6,0.1,0.282526,0.187602
-1,2,1,-1,-1,0.75,0.75,0.6,0.1,0.320605,0.168413
-1,2,1,-1,-1,0.8,0.8,0.6,0.1,0.34026,0.154021
-1,2,1,-1,-1,0.85,0.85,0.6,0.1,0.373426,0.144426
-1,2,1,-1,-1,0.9,0.9,0.6,0.1,0.385709,0.139628
-1,2,1,-1,-1,0.95,0.95,0.6,0.1,0.405363,0.134831
-1,2,1,-1,-1,1.0,1.0,0.6,0.1,0.417647,0.134831
-1,2,1,-1,-1,0.05,0.05,0.65,0.1,0.001644,0.906451
-1,2,1,-1,-1,0.1,0.1,0.65,0.1,0.008218,0.824139
-1,2,1,-1,-1,0.15,0.15,0.65,0.1,0.013149,0.731536
-1,2,1,-1,-1,0.2,0.2,0.65,0.1,0.027941,0.669802
-1,2,1,-1,-1,0.25,0.25,0.65,0.1,0.052595,0.587489
-1,2,1,-1,-1,0.3,0.3,0.65,0.1,0.073962,0.525754
-1,2,1,-1,-1,0.35,0.35,0.65,0.1,0.093685,0.489742
-1,2,1,-1,-1,0.4,0.4,0.65,0.1,0.126557,0.402286
-1,2,1,-1,-1,0.45,0.45,0.65,0.1,0.151211,0.35084
-1,2,1,-1,-1,0.5,0.5,0.65,0.1,0.192301,0.299394
-1,2,1,-1,-1,0.55,0.55,0.65,0.1,0.248184,0.253093
-1,2,1,-1,-1,0.6,0.6,0.65,0.1,0.295848,0.191358
-1,2,1,-1,-1,0.65,0.65,0.65,0.1,0.335294,0.160492
-1,2,1,-1,-1,0.7,0.7,0.65,0.1,0.378028,0.129624
-1,2,1,-1,-1,0.75,0.75,0.65,0.1,0.42898,0.109046
-1,2,1,-1,-1,0.8,0.8,0.65,0.1,0.455277,0.093612
-1,2,1,-1,-1,0.85,0.85,0.65,0.1,0.499655,0.083323
-1,2,1,-1,-1,0.9,0.9,0.65,0.1,0.51609,0.078179
-1,2,1,-1,-1,0.95,0.95,0.65,0.1,0.542388,0.073034
-1,2,1,-1,-1,1.0,1.0,0.65,0.1,0.558824,0.073034
-1,2,1,-1,-1,0.05,0.05,0.7,0.1,0.002033,0.902916
-1,2,1,-1,-1,0.1,0.1,0.7,0.1,0.010164,0.817069
-1,2,1,-1,-1,0.15,0.15,0.7,0.1,0.016263,0.72049
-1,2,1,-1,-1,0.2,0.2,0.7,0.1,0.034559,0.656104
-1,2,1,-1,-1,0.25,0.25,0.7,0.1,0.065052,0.570257
-1,2,1,-1,-1,0.3,0.3,0.7,0.1,0.091479,0.50587
-1,2,1,-1,-1,0.35,0.35,0.7,0.1,0.115874,0.468312
-1,2,1,-1,-1,0.4,0.4,0.7,0.1,0.156531,0.377099
-1,2,1,-1,-1,0.45,0.45,0.7,0.1,0.187024,0.323444
-1,2,1,-1,-1,0.5,0.5,0.7,0.1,0.237846,0.269789
-1,2,1,-1,-1,0.55,0.55,0.7,0.1,0.306964,0.2215
-1,2,1,-1,-1,0.6,0.6,0.7,0.1,0.365917,0.157114
-1,2,1,-1,-1,0.65,0.65,0.7,0.1,0.414706,0.124922
-1,2,1,-1,-1,0.7,0.7,0.7,0.1,0.467561,0.092729
-1,2,1,-1,-1,0.75,0.75,0.7,0.1,0.530579,0.071267
-1,2,1,-1,-1,0.8,0.8,0.7,0.1,0.563105,0.05517
-1,2,1,-1,-1,0.85,0.85,0.7,0.1,0.617993,0.044439
-1,2,1,-1,-1,0.9,0.9,0.7,0.1,0.638321,0.039074
-1,2,1,-1,-1,0.95,0.95,0.7,0.1,0.670847,0.033708
-1,2,1,-1,-1,1.0,1.0,0.7,0.1,0.691176,0.033708
-1,2,1,-1,-1,0.05,0.05,0.75,0.1,0.002379,0.901401
-1,2,1,-1,-1,0.1,0.1,0.75,0.1,0.011895,0.814039
-1,2,1,-1,-1,0.15,0.15,0.75,0.1,0.019031,0.715755
-1,2,1,-1,-1,0.2,0.2,0.75,0.1,0.040441,0.650233
-1,2,1,-1,-1,0.25,0.25,0.75,0.1,0.076125,0.562871
-1,2,1,-1,-1,0.3,0.3,0.75,0.1,0.10705,0.497349
-1,2,1,-1,-1,0.35,0.35,0.75,0.1,0.135597,0.459127
-1,2,1,-1,-1,0.4,0.4,0.75,0.1,0.183175,0.366305
-1,2,1,-1,-1,0.45,0.45,0.75,0.1,0.218858,0.311703
-1,2,1,-1,-1,0.5,0.5,0.75,0.1,0.278331,0.257101
-1,2,1,-1,-1,0.55,0.55,0.75,0.1,0.359213,0.20796
-1,2,1,-1,-1,0.6,0.6,0.75,0.1,0.428201,0.142437
-1,2,1,-1,-1,0.65,0.65,0.75,0.1,0.485294,0.109677
-1,2,1,-1,-1,0.7,0.7,0.75,0.1,0.547146,0.076916
-1,2,1,-1,-1,0.75,0.75,0.75,0.1,0.620891,0.055075
-1,2,1,-1,-1,0.8,0.8,0.75,0.1,0.658954,0.038695
-1,2,1,-1,-1,0.85,0.85,0.75,0.1,0.723184,0.027774
-1,2,1,-1,-1,0.9,0.9,0.75,0.1,0.746972,0.022314
-1,2,1,-1,-1,0.95,0.95,0.75,0.1,0.785035,0.016854
-1,2,1,-1,-1,1.0,1.0,0.75,0.1,0.808824,0.016854
-1,2,1,-1,-1,0.05,0.05,0.8,0.1,0.002604,0.899886
-1,2,1,-1,-1,0.1,0.1,0.8,0.1,0.013019,0.811009
-1,2,1,-1,-1,0.15,0.15,0.8,0.1,0.02083,0.711021
-1,2,1,-1,-1,0.2,0.2,0.8,0.1,0.044265,0.644363
-1,2,1,-1,-1,0.25,0.25,0.8,0.1,0.083322,0.555486
-1,2,1,-1,-1,0.3,0.3,0.8,0.1,0.117171,0.488827
-1,2,1,-1,-1,0.35,0.35,0.8,0.1,0.148417,0.449943
-1,2,1,-1,-1,0.4,0.4,0.8,0.1,0.200493,0.355511
-1,2,1,-1,-1,0.45,0.45,0.8,0.1,0.23955,0.299962
-1,2,1,-1,-1,0.5,0.5,0.8,0.1,0.304646,0.244414
-1,2,1,-1,-1,0.55,0.55,0.8,0.1,0.393175,0.19442
-1,2,1,-1,-1,0.6,0.6,0.8,0.1,0.468685,0.127761
-1,2,1,-1,-1,0.65,0.65,0.8,0.1,0.531176,0.094433
-1,2,1,-1,-1,0.7,0.7,0.8,0.1,0.598876,0.061104
-1,2,1,-1,-1,0.75,0.75,0.8,0.1,0.679593,0.038884
-1,2,1,-1,-1,0.8,0.8,0.8,0.1,0.721254,0.02222
-1,2,1,-1,-1,0.85,0.85,0.8,0.1,0.791557,0.01111
-1,2,1,-1,-1,0.9,0.9,0.8,0.1,0.817595,0.005555
-1,2,1,-1,-1,0.95,0.95,0.8,0.1,0.859256,0.0
-1,2,1,-1,-1,1.0,1.0,0.8,0.1,0.885294,0.0
-1,2,1,-1,-1,0.05,0.05,0.85,0.1,0.002803,0.899886
-1,2,1,-1,-1,0.1,0.1,0.85,0.1,0.014014,0.811009
-1,2,1,-1,-1,0.15,0.15,0.85,0.1,0.022422,0.711021
-1,2,1,-1,-1,0.2,0.2,0.85,0.1,0.047647,0.644363
-1,2,1,-1,-1,0.25,0.25,0.85,0.1,0.089689,0.555486
-1,2,1,-1,-1,0.3,0.3,0.85,0.1,0.126125,0.488827
-1,2,1,-1,-1,0.35,0.35,0.85,0.1,0.159758,0.449943
-1,2,1,-1,-1,0.4,0.4,0.85,0.1,0.215814,0.355511
-1,2,1,-1,-1,0.45,0.45,0.85,0.1,0.257854,0.299962
-1,2,1,-1,-1,0.5,0.5,0.85,0.1,0.327924,0.244414
-1,2,1,-1,-1,0.55,0.55,0.85,0.1,0.423218,0.19442
-1,2,1,-1,-1,0.6,0.6,0.85,0.1,0.504498,0.127761
-1,2,1,-1,-1,0.65,0.65,0.85,0.1,0.571765,0.094433
-1,2,1,-1,-1,0.7,0.7,0.85,0.1,0.644637,0.061104
-1,2,1,-1,-1,0.75,0.75,0.85,0.1,0.731522,0.038884
-1,2,1,-1,-1,0.8,0.8,0.85,0.1,0.776367,0.02222
-1,2,1,-1,-1,0.85,0.85,0.85,0.1,0.852042,0.01111
-1,2,1,-1,-1,0.9,0.9,0.85,0.1,0.880069,0.005555
-1,2,1,-1,-1,0.95,0.95,0.85,0.1,0.924913,0.0
-1,2,1,-1,-1,1.0,1.0,0.85,0.1,0.952941,0.0
-1,2,1,-1,-1,0.05,0.05,0.9,0.1,0.002898,0.899886
-1,2,1,-1,-1,0.1,0.1,0.9,0.1,0.01449,0.811009
-1,2,1,-1,-1,0.15,0.15,0.9,0.1,0.023183,0.711021
-1,2,1,-1,-1,0.2,0.2,0.9,0.1,0.049265,0.644363
-1,2,1,-1,-1,0.25,0.25,0.9,0.1,0.092734,0.555486
-1,2,1,-1,-1,0.3,0.3,0.9,0.1,0.130407,0.488827
-1,2,1,-1,-1,0.35,0.35,0.9,0.1,0.165182,0.449943
-1,2,1,-1,-1,0.4,0.4,0.9,0.1,0.223141,0.355511
-1,2,1,-1,-1,0.45,0.45,0.9,0.1,0.266609,0.299962
-1,2,1,-1,-1,0.5,0.5,0.9,0.1,0.339057,0.244414
-1,2,1,-1,-1,0.55,0.55,0.9,0.1,0.437587,0.19442
-1,2,1,-1,-1,0.6,0.6,0.9,0.1,0.521626,0.127761
-1,2,1,-1,-1,0.65,0.65,0.9,0.1,0.591176,0.094433
-1,2,1,-1,-1,0.7,0.7,0.9,0.1,0.666523,0.061104
-1,2,1,-1,-1,0.75,0.75,0.9,0.1,0.756358,0.038884
-1,2,1,-1,-1,0.8,0.8,0.9,0.1,0.802725,0.02222
-1,2,1,-1,-1,0.85,0.85,0.9,0.1,0.880969,0.01111
-1,2,1,-1,-1,0.9,0.9,0.9,0.1,0.909948,0.005555
-1,2,1,-1,-1,0.95,0.95,0.9,0.1,0.956315,0.0
-1,2,1,-1,-1,1.0,1.0,0.9,0.1,0.985294,0.0
-1,2,1,-1,-1,0.05,0.05,0.95,0.1,0.002932,0.899886
-1,2,1,-1,-1,0.1,0.1,0.95,0.1,0.014663,0.811009
-1,2,1,-1,-1,0.15,0.15,0.95,0.1,0.02346,0.711021
-1,2,1,-1,-1,0.2,0.2,0.95,0.1,0.049853,0.644363
-1,2,1,-1,-1,0.25,0.25,0.95,0.1,0.093841,0.555486
-1,2,1,-1,-1,0.3,0.3,0.95,0.1,0.131964,0.488827
-1,2,1,-1,-1,0.35,0.35,0.95,0.1,0.167154,0.449943
-1,2,1,-1,-1,0.4,0.4,0.95,0.1,0.225805,0.355511
-1,2,1,-1,-1,0.45,0.45,0.95,0.1,0.269792,0.299962
-1,2,1,-1,-1,0.5,0.5,0.95,0.1,0.343106,0.244414
-1,2,1,-1,-1,0.55,0.55,0.95,0.1,0.442812,0.19442
-1,2,1,-1,-1,0.6,0.6,0.95,0.1,0.527855,0.127761
-1,2,1,-1,-1,0.65,0.65,0.95,0.1,0.598235,0.094433
-1,2,1,-1,-1,0.7,0.7,0.95,0.1,0.674481,0.061104
-1,2,1,-1,-1,0.75,0.75,0.95,0.1,0.765389,0.038884
-1,2,1,-1,-1,0.8,0.8,0.95,0.1,0.81231,0.02222
-1,2,1,-1,-1,0.85,0.85,0.95,0.1,0.891488,0.01111
-1,2,1,-1,-1,0.9,0.9,0.95,0.1,0.920813,0.005555
-1,2,1,-1,-1,0.95,0.95,0.95,0.1,0.967734,0.0
-1,2,1,-1,-1,1.0,1.0,0.95,0.1,0.997059,0.0
-1,2,1,-1,-1,0.05,0.05,1.0,0.1,0.002941,0.899886
-1,2,1,-1,-1,0.1,0.1,1.0,0.1,0.014706,0.811009
-1,2,1,-1,-1,0.15,0.15,1.0,0.1,0.023529,0.711021
-1,2,1,-1,-1,0.2,0.2,1.0,0.1,0.05,0.644363
-1,2,1,-1,-1,0.25,0.25,1.0,0.1,0.094118,0.555486
-1,2,1,-1,-1,0.3,0.3,1.0,0.1,0.132353,0.488827
-1,2,1,-1,-1,0.35,0.35,1.0,0.1,0.167647,0.449943
-1,2,1,-1,-1,0.4,0.4,1.0,0.1,0.226471,0.355511
-1,2,1,-1,-1,0.45,0.45,1.0,0.1,0.270588,0.299962
-1,2,1,-1,-1,0.5,0.5,1.0,0.1,0.344118,0.244414
-1,2,1,-1,-1,0.55,0.55,1.0,0.1,0.444118,0.19442
-1,2,1,-1,-1,0.6,0.6,1.0,0.1,0.529412,0.127761
-1,2,1,-1,-1,0.65,0.65,1.0,0.1,0.6,0.094433
-1,2,1,-1,-1,0.7,0.7,1.0,0.1,0.676471,0.061104
-1,2,1,-1,-1,0.75,0.75,1.0,0.1,0.767647,0.038884
-1,2,1,-1,-1,0.8,0.8,1.0,0.1,0.814706,0.02222
-1,2,1,-1,-1,0.85,0.85,1.0,0.1,0.894118,0.01111
-1,2,1,-1,-1,0.9,0.9,1.0,0.1,0.923529,0.005555
-1,2,1,-1,-1,0.95,0.95,1.0,0.1,0.970588,0.0
-1,2,1,-1,-1,1.0,1.0,1.0,0.1,1.0,0.0
-1,2,1,-1,-1,0.05,0.05,0.15,0.15,0.0,0.977528
-1,2,1,-1,-1,0.1,0.1,0.15,0.15,0.0,0.977528
-1,2,1,-1,-1,0.15,0.15,0.15,0.15,0.0,0.977528
-1,2,1,-1,-1,0.2,0.2,0.15,0.15,0.0,0.977528
-1,2,1,-1,-1,0.25,0.25,0.15,0.15,0.0,0.977528
-1,2,1,-1,-1,0.3,0.3,0.15,0.15,0.0,0.977528
-1,2,1,-1,-1,0.35,0.35,0.15,0.15,0.0,0.977528
-1,2,1,-1,-1,0.4,0.4,0.15,0.15,0.0,0.977528
-1,2,1,-1,-1,0.45,0.45,0.15,0.15,0.0,0.977528
-1,2,1,-1,-1,0.5,0.5,0.15,0.15,0.0,0.977528
-1,2,1,-1,-1,0.55,0.55,0.15,0.15,0.0,0.977528
-1,2,1,-1,-1,0.6,0.6,0.15,0.15,0.0,0.977528
-1,2,1,-1,-1,0.65,0.65,0.15,0.15,0.0,0.977528
-1,2,1,-1,-1,0.7,0.7,0.15,0.15,0.0,0.977528
-1,2,1,-1,-1,0.75,0.75,0.15,0.15,0.0,0.977528
-1,2,1,-1,-1,0.8,0.8,0.15,0.15,0.0,0.977528
-1,2,1,-1,-1,0.85,0.85,0.15,0.15,0.0,0.977528
-1,2,1,-1,-1,0.9,0.9,0.15,0.15,0.0,0.977528
-1,2,1,-1,-1,0.95,0.95,0.15,0.15,0.0,0.977528
-1,2,1,-1,-1,1.0,1.0,0.15,0.15,0.0,0.977528
-1,2,1,-1,-1,0.05,0.05,0.2,0.15,0.0,0.975003
-1,2,1,-1,-1,0.1,0.1,0.2,0.15,0.0,0.972478
-1,2,1,-1,-1,0.15,0.15,0.2,0.15,0.0,0.969638
-1,2,1,-1,-1,0.2,0.2,0.2,0.15,0.0,0.967744
-1,2,1,-1,-1,0.25,0.25,0.2,0.15,0.0,0.965219
-1,2,1,-1,-1,0.3,0.3,0.2,0.15,0.0,0.963325
-1,2,1,-1,-1,0.35,0.35,0.2,0.15,0.0,0.962221
-1,2,1,-1,-1,0.4,0.4,0.2,0.15,0.0,0.959538
-1,2,1,-1,-1,0.45,0.45,0.2,0.15,0.0,0.95796
-1,2,1,-1,-1,0.5,0.5,0.2,0.15,0.0,0.956382
-1,2,1,-1,-1,0.55,0.55,0.2,0.15,0.0,0.954961
-1,2,1,-1,-1,0.6,0.6,0.2,0.15,0.0,0.953068
-1,2,1,-1,-1,0.65,0.65,0.2,0.15,0.0,0.952121
-1,2,1,-1,-1,0.7,0.7,0.2,0.15,0.0,0.951174
-1,2,1,-1,-1,0.75,0.75,0.2,0.15,0.0,0.950543
-1,2,1,-1,-1,0.8,0.8,0.2,0.15,0.0,0.950069
-1,2,1,-1,-1,0.85,0.85,0.2,0.15,0.0,0.949754
-1,2,1,-1,-1,0.9,0.9,0.2,0.15,0.0,0.949596
-1,2,1,-1,-1,0.95,0.95,0.2,0.15,0.0,0.949438
-1,2,1,-1,-1,1.0,1.0,0.2,0.15,0.0,0.949438
-1,2,1,-1,-1,0.05,0.05,0.25,0.15,0.0,0.970963
-1,2,1,-1,-1,0.1,0.1,0.25,0.15,0.0,0.964398
-1,2,1,-1,-1,0.15,0.15,0.25,0.15,0.0,0.957013
-1,2,1,-1,-1,0.2,0.2,0.25,0.15,0.0,0.952089
-1,2,1,-1,-1,0.25,0.25,0.25,0.15,0.0,0.945524
-1,2,1,-1,-1,0.3,0.3,0.25,0.15,0.0,0.940601
-1,2,1,-1,-1,0.35,0.35,0.25,0.15,0.0,0.937729
-1,2,1,-1,-1,0.4,0.4,0.25,0.15,0.0,0.930753
-1,2,1,-1,-1,0.45,0.45,0.25,0.15,0.0,0.92665
-1,2,1,-1,-1,0.5,0.5,0.25,0.15,0.0,0.922547
-1,2,1,-1,-1,0.55,0.55,0.25,0.15,0.0,0.918855
-1,2,1,-1,-1,0.6,0.6,0.25,0.15,0.0,0.913931
-1,2,1,-1,-1,0.65,0.65,0.25,0.15,0.0,0.911469
-1,2,1,-1,-1,0.7,0.7,0.25,0.15,0.0,0.909007
-1,2,1,-1,-1,0.75,0.75,0.25,0.15,0.0,0.907366
-1,2,1,-1,-1,0.8,0.8,0.25,0.15,0.0,0.906135
-1,2,1,-1,-1,0.85,0.85,0.25,0.15,0.0,0.905315
-1,2,1,-1,-1,0.9,0.9,0.25,0.15,0.0,0.904904
-1,2,1,-1,-1,0.95,0.95,0.25,0.15,0.0,0.904494
-1,2,1,-1,-1,1.0,1.0,0.25,0.15,0.0,0.904494
-1,2,1,-1,-1,0.05,0.05,0.3,0.15,4.3e-05,0.964398
-1,2,1,-1,-1,0.1,0.1,0.3,0.15,0.000216,0.951269
-1,2,1,-1,-1,0.15,0.15,0.3,0.15,0.000346,0.936498
-1,2,1,-1,-1,0.2,0.2,0.3,0.15,0.000735,0.926651
-1,2,1,-1,-1,0.25,0.25,0.3,0.15,0.001384,0.913521
-1,2,1,-1,-1,0.3,0.3,0.3,0.15,0.001946,0.903674
-1,2,1,-1,-1,0.35,0.35,0.3,0.15,0.002465,0.89793
-1,2,1,-1,-1,0.4,0.4,0.3,0.15,0.00333,0.88398
-1,2,1,-1,-1,0.45,0.45,0.3,0.15,0.003979,0.875773
-1,2,1,-1,-1,0.5,0.5,0.3,0.15,0.005061,0.867567
-1,2,1,-1,-1,0.55,0.55,0.3,0.15,0.006531,0.860182
-1,2,1,-1,-1,0.6,0.6,0.3,0.15,0.007786,0.850335
-1,2,1,-1,-1,0.65,0.65,0.3,0.15,0.008824,0.845411
-1,2,1,-1,-1,0.7,0.7,0.3,0.15,0.009948,0.840488
-1,2,1,-1,-1,0.75,0.75,0.3,0.15,0.011289,0.837205
-1,2,1,-1,-1,0.8,0.8,0.3,0.15,0.011981,0.834743
-1,2,1,-1,-1,0.85,0.85,0.3,0.15,0.013149,0.833102
-1,2,1,-1,-1,0.9,0.9,0.3,0.15,0.013581,0.832282
-1,2,1,-1,-1,0.95,0.95,0.3,0.15,0.014273,0.831461
-1,2,1,-1,-1,1.0,1.0,0.3,0.15,0.014706,0.831461
-1,2,1,-1,-1,0.05,0.05,0.35,0.15,0.000104,0.957833
-1,2,1,-1,-1,0.1,0.1,0.35,0.15,0.000519,0.938139
-1,2,1,-1,-1,0.15,0.15,0.35,0.15,0.00083,0.915983
-1,2,1,-1,-1,0.2,0.2,0.35,0.15,0.001765,0.901212
-1,2,1,-1,-1,0.25,0.25,0.35,0.15,0.003322,0.881518
-1,2,1,-1,-1,0.3,0.3,0.35,0.15,0.004671,0.866747
-1,2,1,-1,-1,0.35,0.35,0.35,0.15,0.005917,0.85813
-1,2,1,-1,-1,0.4,0.4,0.35,0.15,0.007993,0.837205
-1,2,1,-1,-1,0.45,0.45,0.35,0.15,0.00955,0.824896
-1,2,1,-1,-1,0.5,0.5,0.35,0.15,0.012145,0.812587
-1,2,1,-1,-1,0.55,0.55,0.35,0.15,0.015675,0.801509
-1,2,1,-1,-1,0.6,0.6,0.35,0.15,0.018685,0.786738
-1,2,1,-1,-1,0.65,0.65,0.35,0.15,0.021176,0.779352
-1,2,1,-1,-1,0.7,0.7,0.35,0.15,0.023875,0.771967
-1,2,1,-1,-1,0.75,0.75,0.35,0.15,0.027093,0.767043
-1,2,1,-1,-1,0.8,0.8,0.35,0.15,0.028754,0.763351
-1,2,1,-1,-1,0.85,0.85,0.35,0.15,0.031557,0.760889
-1,2,1,-1,-1,0.9,0.9,0.35,0.15,0.032595,0.759658
-1,2,1,-1,-1,0.95,0.95,0.35,0.15,0.034256,0.758427
-1,2,1,-1,-1,1.0,1.0,0.35,0.15,0.035294,0.758427
-1,2,1,-1,-1,0.05,0.05,0.4,0.15,0.000216,0.947734
-1,2,1,-1,-1,0.1,0.1,0.4,0.15,0.001081,0.91794
-1,2,1,-1,-1,0.15,0.15,0.4,0.15,0.00173,0.884421
-1,2,1,-1,-1,0.2,0.2,0.4,0.15,0.003676,0.862075
-1,2,1,-1,-1,0.25,0.25,0.4,0.15,0.00692,0.832281
-1,2,1,-1,-1,0.3,0.3,0.4,0.15,0.009732,0.809935
-1,2,1,-1,-1,0.35,0.35,0.4,0.15,0.012327,0.7969
-1,2,1,-1,-1,0.4,0.4,0.4,0.15,0.016652,0.765244
-1,2,1,-1,-1,0.45,0.45,0.4,0.15,0.019896,0.746623
-1,2,1,-1,-1,0.5,0.5,0.4,0.15,0.025303,0.728001
-1,2,1,-1,-1,0.55,0.55,0.4,0.15,0.032656,0.711242
-1,2,1,-1,-1,0.6,0.6,0.4,0.15,0.038927,0.688896
-1,2,1,-1,-1,0.65,0.65,0.4,0.15,0.044117,0.677724
-1,2,1,-1,-1,0.7,0.7,0.4,0.15,0.04974,0.666551
-1,2,1,-1,-1,0.75,0.75,0.4,0.15,0.056444,0.659102
-1,2,1,-1,-1,0.8,0.8,0.4,0.15,0.059905,0.653516
-1,2,1,-1,-1,0.85,0.85,0.4,0.15,0.065744,0.649791
-1,2,1,-1,-1,0.9,0.9,0.4,0.15,0.067906,0.647929
-1,2,1,-1,-1,0.95,0.95,0.4,0.15,0.071366,0.646067
-1,2,1,-1,-1,1.0,1.0,0.4,0.15,0.073529,0.646067
-1,2,1,-1,-1,0.05,0.05,0.45,0.15,0.000311,0.939149
-1,2,1,-1,-1,0.1,0.1,0.45,0.15,0.001557,0.90077
-1,2,1,-1,-1,0.15,0.15,0.45,0.15,0.002491,0.857594
-1,2,1,-1,-1,0.2,0.2,0.45,0.15,0.005294,0.828809
-1,2,1,-1,-1,0.25,0.25,0.45,0.15,0.009965,0.790431
-1,2,1,-1,-1,0.3,0.3,0.45,0.15,0.014014,0.761646
-1,2,1,-1,-1,0.35,0.35,0.45,0.15,0.017751,0.744855
-1,2,1,-1,-1,0.4,0.4,0.45,0.15,0.023979,0.704078
-1,2,1,-1,-1,0.45,0.45,0.45,0.15,0.02865,0.680091
-1,2,1,-1,-1,0.5,0.5,0.45,0.15,0.036436,0.656104
-1,2,1,-1,-1,0.55,0.55,0.45,0.15,0.047024,0.634516
-1,2,1,-1,-1,0.6,0.6,0.45,0.15,0.056055,0.605732
-1,2,1,-1,-1,0.65,0.65,0.45,0.15,0.063529,0.59134
-1,2,1,-1,-1,0.7,0.7,0.45,0.15,0.071626,0.576948
-1,2,1,-1,-1,0.75,0.75,0.45,0.15,0.08128,0.567353
-1,2,1,-1,-1,0.8,0.8,0.45,0.15,0.086263,0.560157
-1,2,1,-1,-1,0.85,0.85,0.45,0.15,0.094671,0.555359
-1,2,1,-1,-1,0.9,0.9,0.45,0.15,0.097785,0.552961
-1,2,1,-1,-1,0.95,0.95,0.45,0.15,0.102768,0.550562
-1,2,1,-1,-1,1.0,1.0,0.45,0.15,0.105882,0.550562
-1,2,1,-1,-1,0.05,0.05,0.5,0.15,0.000554,0.927029
-1,2,1,-1,-1,0.1,0.1,0.5,0.15,0.002768,0.876531
-1,2,1,-1,-1,0.15,0.15,0.5,0.15,0.004429,0.81972
-1,2,1,-1,-1,0.2,0.2,0.5,0.15,0.009412,0.781845
-1,2,1,-1,-1,0.25,0.25,0.5,0.15,0.017716,0.731347
-1,2,1,-1,-1,0.3,0.3,0.5,0.15,0.024913,0.693473
-1,2,1,-1,-1,0.35,0.35,0.5,0.15,0.031557,0.67138
-1,2,1,-1,-1,0.4,0.4,0.5,0.15,0.04263,0.617725
-1,2,1,-1,-1,0.45,0.45,0.5,0.15,0.050934,0.586163
-1,2,1,-1,-1,0.5,0.5,0.5,0.15,0.064775,0.554601
-1,2,1,-1,-1,0.55,0.55,0.5,0.15,0.083599,0.526196
-1,2,1,-1,-1,0.6,0.6,0.5,0.15,0.099654,0.488322
-1,2,1,-1,-1,0.65,0.65,0.5,0.15,0.112941,0.469385
-1,2,1,-1,-1,0.7,0.7,0.5,0.15,0.127336,0.450448
-1,2,1,-1,-1,0.75,0.75,0.5,0.15,0.144498,0.437823
-1,2,1,-1,-1,0.8,0.8,0.5,0.15,0.153356,0.428355
-1,2,1,-1,-1,0.85,0.85,0.5,0.15,0.168304,0.422042
-1,2,1,-1,-1,0.9,0.9,0.5,0.15,0.17384,0.418886
-1,2,1,-1,-1,0.95,0.95,0.5,0.15,0.182699,0.41573
-1,2,1,-1,-1,1.0,1.0,0.5,0.15,0.188235,0.41573
-1,2,1,-1,-1,0.05,0.05,0.55,0.15,0.000908,0.910869
-1,2,1,-1,-1,0.1,0.1,0.55,0.15,0.004542,0.844212
-1,2,1,-1,-1,0.15,0.15,0.55,0.15,0.007266,0.769221
-1,2,1,-1,-1,0.2,0.2,0.55,0.15,0.015441,0.719227
-1,2,1,-1,-1,0.25,0.25,0.55,0.15,0.029066,0.652569
-1,2,1,-1,-1,0.3,0.3,0.55,0.15,0.040874,0.602575
-1,2,1,-1,-1,0.35,0.35,0.55,0.15,0.051773,0.573412
-1,2,1,-1,-1,0.4,0.4,0.55,0.15,0.06994,0.502588
-1,2,1,-1,-1,0.45,0.45,0.55,0.15,0.083564,0.460927
-1,2,1,-1,-1,0.5,0.5,0.55,0.15,0.106272,0.419265
-1,2,1,-1,-1,0.55,0.55,0.55,0.15,0.137154,0.38177
-1,2,1,-1,-1,0.6,0.6,0.55,0.15,0.163495,0.331776
-1,2,1,-1,-1,0.65,0.65,0.55,0.15,0.185294,0.30678
-1,2,1,-1,-1,0.7,0.7,0.55,0.15,0.20891,0.281783
-1,2,1,-1,-1,0.75,0.75,0.55,0.15,0.237068,0.265118
-1,2,1,-1,-1,0.8,0.8,0.55,0.15,0.251601,0.25262
-1,2,1,-1,-1,0.85,0.85,0.55,0.15,0.276125,0.244287
-1,2,1,-1,-1,0.9,0.9,0.55,0.15,0.285208,0.240121
-1,2,1,-1,-1,0.95,0.95,0.55,0.15,0.299741,0.235955
-1,2,1,-1,-1,1.0,1.0,0.55,0.15,0.308824,0.235955
-1,2,1,-1,-1,0.05,0.05,0.6,0.15,0.001228,0.90178
-1,2,1,-1,-1,0.1,0.1,0.6,0.15,0.006142,0.826032
-1,2,1,-1,-1,0.15,0.15,0.6,0.15,0.009827,0.740815
-1,2,1,-1,-1,0.2,0.2,0.6,0.15,0.020882,0.684004
-1,2,1,-1,-1,0.25,0.25,0.6,0.15,0.039308,0.608256
-1,2,1,-1,-1,0.3,0.3,0.6,0.15,0.055277,0.551445
-1,2,1,-1,-1,0.35,0.35,0.6,0.15,0.070017,0.518305
-1,2,1,-1,-1,0.4,0.4,0.6,0.15,0.094585,0.437824
-1,2,1,-1,-1,0.45,0.45,0.6,0.15,0.11301,0.390481
-1,2,1,-1,-1,0.5,0.5,0.6,0.15,0.14372,0.343138
-1,2,1,-1,-1,0.55,0.55,0.6,0.15,0.185485,0.30053
-1,2,1,-1,-1,0.6,0.6,0.6,0.15,0.221107,0.243718
-1,2,1,-1,-1,0.65,0.65,0.6,0.15,0.250588,0.215314
-1,2,1,-1,-1,0.7,0.7,0.6,0.15,0.282526,0.186908
-1,2,1,-1,-1,0.75,0.75,0.6,0.15,0.320605,0.167971
-1,2,1,-1,-1,0.8,0.8,0.6,0.15,0.34026,0.153768
-1,2,1,-1,-1,0.85,0.85,0.6,0.15,0.373426,0.1443
-1,2,1,-1,-1,0.9,0.9,0.6,0.15,0.385709,0.139565
-1,2,1,-1,-1,0.95,0.95,0.6,0.15,0.405363,0.134831
-1,2,1,-1,-1,1.0,1.0,0.6,0.15,0.417647,0.134831
-1,2,1,-1,-1,0.05,0.05,0.65,0.15,0.001644,0.896225
-1,2,1,-1,-1,0.1,0.1,0.65,0.15,0.008218,0.814923
-1,2,1,-1,-1,0.15,0.15,0.65,0.15,0.013149,0.723457
-1,2,1,-1,-1,0.2,0.2,0.65,0.15,0.027941,0.662479
-1,2,1,-1,-1,0.25,0.25,0.65,0.15,0.052595,0.581177
-1,2,1,-1,-1,0.3,0.3,0.65,0.15,0.073962,0.5202
-1,2,1,-1,-1,0.35,0.35,0.65,0.15,0.093685,0.484629
-1,2,1,-1,-1,0.4,0.4,0.65,0.15,0.126557,0.398246
-1,2,1,-1,-1,0.45,0.45,0.65,0.15,0.151211,0.347431
-1,2,1,-1,-1,0.5,0.5,0.65,0.15,0.192301,0.296617
-1,2,1,-1,-1,0.55,0.55,0.65,0.15,0.248184,0.250884
-1,2,1,-1,-1,0.6,0.6,0.65,0.15,0.295848,0.189906
-1,2,1,-1,-1,0.65,0.65,0.65,0.15,0.335294,0.159419
-1,2,1,-1,-1,0.7,0.7,0.65,0.15,0.378028,0.12893
-1,2,1,-1,-1,0.75,0.75,0.65,0.15,0.42898,0.108604
-1,2,1,-1,-1,0.8,0.8,0.65,0.15,0.455277,0.09336
-1,2,1,-1,-1,0.85,0.85,0.65,0.15,0.499655,0.083197
-1,2,1,-1,-1,0.9,0.9,0.65,0.15,0.51609,0.078115
-1,2,1,-1,-1,0.95,0.95,0.65,0.15,0.542388,0.073034
-1,2,1,-1,-1,1.0,1.0,0.65,0.15,0.558824,0.073034
-1,2,1,-1,-1,0.05,0.05,0.7,0.15,0.002033,0.89269
-1,2,1,-1,-1,0.1,0.1,0.7,0.15,0.010164,0.807853
-1,2,1,-1,-1,0.15,0.15,0.7,0.15,0.016263,0.71241
-1,2,1,-1,-1,0.2,0.2,0.7,0.15,0.034559,0.648781
-1,2,1,-1,-1,0.25,0.25,0.7,0.15,0.065052,0.563944
-1,2,1,-1,-1,0.3,0.3,0.7,0.15,0.091479,0.500316
-1,2,1,-1,-1,0.35,0.35,0.7,0.15,0.115874,0.463199
-1,2,1,-1,-1,0.4,0.4,0.7,0.15,0.156531,0.373059
-1,2,1,-1,-1,0.45,0.45,0.7,0.15,0.187024,0.320036
-1,2,1,-1,-1,0.5,0.5,0.7,0.15,0.237846,0.267012
-1,2,1,-1,-1,0.55,0.55,0.7,0.15,0.306964,0.21929
-1,2,1,-1,-1,0.6,0.6,0.7,0.15,0.365917,0.155662
-1,2,1,-1,-1,0.65,0.65,0.7,0.15,0.414706,0.123848
-1,2,1,-1,-1,0.7,0.7,0.7,0.15,0.467561,0.092034
-1,2,1,-1,-1,0.75,0.75,0.7,0.15,0.530579,0.070825
-1,2,1,-1,-1,0.8,0.8,0.7,0.15,0.563105,0.054918
-1,2,1,-1,-1,0.85,0.85,0.7,0.15,0.617993,0.044313
-1,2,1,-1,-1,0.9,0.9,0.7,0.15,0.638321,0.03901
-1,2,1,-1,-1,0.95,0.95,0.7,0.15,0.670847,0.033708
-1,2,1,-1,-1,1.0,1.0,0.7,0.15,0.691176,0.033708
-1,2,1,-1,-1,0.05,0.05,0.75,0.15,0.002379,0.891175
-1,2,1,-1,-1,0.1,0.1,0.75,0.15,0.011895,0.804823
-1,2,1,-1,-1,0.15,0.15,0.75,0.15,0.019031,0.707676
-1,2,1,-1,-1,0.2,0.2,0.75,0.15,0.040441,0.642911
-1,2,1,-1,-1,0.25,0.25,0.75,0.15,0.076125,0.556559
-1,2,1,-1,-1,0.3,0.3,0.75,0.15,0.10705,0.491794
-1,2,1,-1,-1,0.35,0.35,0.75,0.15,0.135597,0.454014
-1,2,1,-1,-1,0.4,0.4,0.75,0.15,0.183175,0.362265
-1,2,1,-1,-1,0.45,0.45,0.75,0.15,0.218858,0.308295
-1,2,1,-1,-1,0.5,0.5,0.75,0.15,0.278331,0.254324
-1,2,1,-1,-1,0.55,0.55,0.75,0.15,0.359213,0.20575
-1,2,1,-1,-1,0.6,0.6,0.75,0.15,0.428201,0.140986
-1,2,1,-1,-1,0.65,0.65,0.75,0.15,0.485294,0.108604
-1,2,1,-1,-1,0.7,0.7,0.75,0.15,0.547146,0.076222
-1,2,1,-1,-1,0.75,0.75,0.75,0.15,0.620891,0.054633
-1,2,1,-1,-1,0.8,0.8,0.75,0.15,0.658954,0.038442
-1,2,1,-1,-1,0.85,0.85,0.75,0.15,0.723184,0.027648
-1,2,1,-1,-1,0.9,0.9,0.75,0.15,0.746972,0.022251
-1,2,1,-1,-1,0.95,0.95,0.75,0.15,0.785035,0.016854
-1,2,1,-1,-1,1.0,1.0,0.75,0.15,0.808824,0.016854
-1,2,1,-1,-1,0.05,0.05,0.8,0.15,0.002604,0.88966
-1,2,1,-1,-1,0.1,0.1,0.8,0.15,0.013019,0.801793
-1,2,1,-1,-1,0.15,0.15,0.8,0.15,0.02083,0.702941
-1,2,1,-1,-1,0.2,0.2,0.8,0.15,0.044265,0.63704
-1,2,1,-1,-1,0.25,0.25,0.8,0.15,0.083322,0.549173
-1,2,1,-1,-1,0.3,0.3,0.8,0.15,0.117171,0.483272
-1,2,1,-1,-1,0.35,0.35,0.8,0.15,0.148417,0.44483
-1,2,1,-1,-1,0.4,0.4,0.8,0.15,0.200493,0.351471
-1,2,1,-1,-1,0.45,0.45,0.8,0.15,0.23955,0.296554
-1,2,1,-1,-1,0.5,0.5,0.8,0.15,0.304646,0.241636
-1,2,1,-1,-1,0.55,0.55,0.8,0.15,0.393175,0.19221
-1,2,1,-1,-1,0.6,0.6,0.8,0.15,0.468685,0.126309
-1,2,1,-1,-1,0.65,0.65,0.8,0.15,0.531176,0.09336
-1,2,1,-1,-1,0.7,0.7,0.8,0.15,0.598876,0.060409
-1,2,1,-1,-1,0.75,0.75,0.8,0.15,0.679593,0.038442
-1,2,1,-1,-1,0.8,0.8,0.8,0.15,0.721254,0.021967
-1,2,1,-1,-1,0.85,0.85,0.8,0.15,0.791557,0.010984
-1,2,1,-1,-1,0.9,0.9,0.8,0.15,0.817595,0.005492
-1,2,1,-1,-1,0.95,0.95,0.8,0.15,0.859256,0.0
-1,2,1,-1,-1,1.0,1.0,0.8,0.15,0.885294,0.0
-1,2,1,-1,-1,0.05,0.05,0.85,0.15,0.002803,0.88966
-1,2,1,-1,-1,0.1,0.1,0.85,0.15,0.014014,0.801793
-1,2,1,-1,-1,0.15,0.15,0.85,0.15,0.022422,0.702941
-1,2,1,-1,-1,0.2,0.2,0.85,0.15,0.047647,0.63704
-1,2,1,-1,-1,0.25,0.25,0.85,0.15,0.089689,0.549173
-1,2,1,-1,-1,0.3,0.3,0.85,0.15,0.126125,0.483272
-1,2,1,-1,-1,0.35,0.35,0.85,0.15,0.159758,0.44483
-1,2,1,-1,-1,0.4,0.4,0.85,0.15,0.215814,0.351471
-1,2,1,-1,-1,0.45,0.45,0.85,0.15,0.257854,0.296554
-1,2,1,-1,-1,0.5,0.5,0.85,0.15,0.327924,0.241636
-1,2,1,-1,-1,0.55,0.55,0.85,0.15,0.423218,0.19221
-1,2,1,-1,-1,0.6,0.6,0.85,0.15,0.504498,0.126309
-1,2,1,-1,-1,0.65,0.65,0.85,0.15,0.571765,0.09336
-1,2,1,-1,-1,0.7,0.7,0.85,0.15,0.644637,0.060409
-1,2,1,-1,-1,0.75,0.75,0.85,0.15,0.731522,0.038442
-1,2,1,-1,-1,0.8,0.8,0.85,0.15,0.776367,0.021967
-1,2,1,-1,-1,0.85,0.85,0.85,0.15,0.852042,0.010984
-1,2,1,-1,-1,0.9,0.9,0.85,0.15,0.880069,0.005492
-1,2,1,-1,-1,0.95,0.95,0.85,0.15,0.924913,0.0
-1,2,1,-1,-1,1.0,1.0,0.85,0.15,0.952941,0.0
-1,2,1,-1,-1,0.05,0.05,0.9,0.15,0.002898,0.88966
-1,2,1,-1,-1,0.1,0.1,0.9,0.15,0.01449,0.801793
-1,2,1,-1,-1,0.15,0.15,0.9,0.15,0.023183,0.702941
-1,2,1,-1,-1,0.2,0.2,0.9,0.15,0.049265,0.63704
-1,2,1,-1,-1,0.25,0.25,0.9,0.15,0.092734,0.549173
-1,2,1,-1,-1,0.3,0.3,0.9,0.15,0.130407,0.483272
-1,2,1,-1,-1,0.35,0.35,0.9,0.15,0.165182,0.44483
-1,2,1,-1,-1,0.4,0.4,0.9,0.15,0.223141,0.351471
-1,2,1,-1,-1,0.45,0.45,0.9,0.15,0.266609,0.296554
-1,2,1,-1,-1,0.5,0.5,0.9,0.15,0.339057,0.241636
-1,2,1,-1,-1,0.55,0.55,0.9,0.15,0.437587,0.19221
-1,2,1,-1,-1,0.6,0.6,0.9,0.15,0.521626,0.126309
-1,2,1,-1,-1,0.65,0.65,0.9,0.15,0.591176,0.09336
-1,2,1,-1,-1,0.7,0.7,0.9,0.15,0.666523,0.060409
-1,2,1,-1,-1,0.75,0.75,0.9,0.15,0.756358,0.038442
-1,2,1,-1,-1,0.8,0.8,0.9,0.15,0.802725,0.021967
-1,2,1,-1,-1,0.85,0.85,0.9,0.15,0.880969,0.010984
-1,2,1,-1,-1,0.9,0.9,0.9,0.15,0.909948,0.005492
-1,2,1,-1,-1,0.95,0.95,0.9,0.15,0.956315,0.0
-1,2,1,-1,-1,1.0,1.0,0.9,0.15,0.985294,0.0
-1,2,1,-1,-1,0.05,0.05,0.95,0.15,0.002932,0.88966
-1,2,1,-1,-1,0.1,0.1,0.95,0.15,0.014663,0.801793
-1,2,1,-1,-1,0.15,0.15,0.95,0.15,0.02346,0.702941
-1,2,1,-1,-1,0.2,0.2,0.95,0.15,0.049853,0.63704
-1,2,1,-1,-1,0.25,0.25,0.95,0.15,0.093841,0.549173
-1,2,1,-1,-1,0.3,0.3,0.95,0.15,0.131964,0.483272
-1,2,1,-1,-1,0.35,0.35,0.95,0.15,0.167154,0.44483
-1,2,1,-1,-1,0.4,0.4,0.95,0.15,0.225805,0.351471
-1,2,1,-1,-1,0.45,0.45,0.95,0.15,0.269792,0.296554
-1,2,1,-1,-1,0.5,0.5,0.95,0.15,0.343106,0.241636
-1,2,1,-1,-1,0.55,0.55,0.95,0.15,0.442812,0.19221
-1,2,1,-1,-1,0.6,0.6,0.95,0.15,0.527855,0.126309
-1,2,1,-1,-1,0.65,0.65,0.95,0.15,0.598235,0.09336
-1,2,1,-1,-1,0.7,0.7,0.95,0.15,0.674481,0.060409
-1,2,1,-1,-1,0.75,0.75,0.95,0.15,0.765389,0.038442
-1,2,1,-1,-1,0.8,0.8,0.95,0.15,0.81231,0.021967
-1,2,1,-1,-1,0.85,0.85,0.95,0.15,0.891488,0.010984
-1,2,1,-1,-1,0.9,0.9,0.95,0.15,0.920813,0.005492
-1,2,1,-1,-1,0.95,0.95,0.95,0.15,0.967734,0.0
-1,2,1,-1,-1,1.0,1.0,0.95,0.15,0.997059,0.0
-1,2,1,-1,-1,0.05,0.05,1.0,0.15,0.002941,0.88966
-1,2,1,-1,-1,0.1,0.1,1.0,0.15,0.014706,0.801793
-1,2,1,-1,-1,0.15,0.15,1.0,0.15,0.023529,0.702941
-1,2,1,-1,-1,0.2,0.2,1.0,0.15,0.05,0.63704
-1,2,1,-1,-1,0.25,0.25,1.0,0.15,0.094118,0.549173
-1,2,1,-1,-1,0.3,0.3,1.0,0.15,0.132353,0.483272
-1,2,1,-1,-1,0.35,0.35,1.0,0.15,0.167647,0.44483
-1,2,1,-1,-1,0.4,0.4,1.0,0.15,0.226471,0.351471
-1,2,1,-1,-1,0.45,0.45,1.0,0.15,0.270588,0.296554
-1,2,1,-1,-1,0.5,0.5,1.0,0.15,0.344118,0.241636
-1,2,1,-1,-1,0.55,0.55,1.0,0.15,0.444118,0.19221
-1,2,1,-1,-1,0.6,0.6,1.0,0.15,0.529412,0.126309
-1,2,1,-1,-1,0.65,0.65,1.0,0.15,0.6,0.09336
-1,2,1,-1,-1,0.7,0.7,1.0,0.15,0.676471,0.060409
-1,2,1,-1,-1,0.75,0.75,1.0,0.15,0.767647,0.038442
-1,2,1,-1,-1,0.8,0.8,1.0,0.15,0.814706,0.021967
-1,2,1,-1,-1,0.85,0.85,1.0,0.15,0.894118,0.010984
-1,2,1,-1,-1,0.9,0.9,1.0,0.15,0.923529,0.005492
-1,2,1,-1,-1,0.95,0.95,1.0,0.15,0.970588,0.0
-1,2,1,-1,-1,1.0,1.0,1.0,0.15,1.0,0.0
-1,2,1,-1,-1,0.05,0.05,0.2,0.2,0.0,0.949438
-1,2,1,-1,-1,0.1,0.1,0.2,0.2,0.0,0.949438
-1,2,1,-1,-1,0.15,0.15,0.2,0.2,0.0,0.949438
-1,2,1,-1,-1,0.2,0.2,0.2,0.2,0.0,0.949438
-1,2,1,-1,-1,0.25,0.25,0.2,0.2,0.0,0.949438
-1,2,1,-1,-1,0.3,0.3,0.2,0.2,0.0,0.949438
-1,2,1,-1,-1,0.35,0.35,0.2,0.2,0.0,0.949438
-1,2,1,-1,-1,0.4,0.4,0.2,0.2,0.0,0.949438
-1,2,1,-1,-1,0.45,0.45,0.2,0.2,0.0,0.949438
-1,2,1,-1,-1,0.5,0.5,0.2,0.2,0.0,0.949438
-1,2,1,-1,-1,0.55,0.55,0.2,0.2,0.0,0.949438
-1,2,1,-1,-1,0.6,0.6,0.2,0.2,0.0,0.949438
-1,2,1,-1,-1,0.65,0.65,0.2,0.2,0.0,0.949438
-1,2,1,-1,-1,0.7,0.7,0.2,0.2,0.0,0.949438
-1,2,1,-1,-1,0.75,0.75,0.2,0.2,0.0,0.949438
-1,2,1,-1,-1,0.8,0.8,0.2,0.2,0.0,0.949438
-1,2,1,-1,-1,0.85,0.85,0.2,0.2,0.0,0.949438
-1,2,1,-1,-1,0.9,0.9,0.2,0.2,0.0,0.949438
-1,2,1,-1,-1,0.95,0.95,0.2,0.2,0.0,0.949438
-1,2,1,-1,-1,1.0,1.0,0.2,0.2,0.0,0.949438
-1,2,1,-1,-1,0.05,0.05,0.25,0.2,0.0,0.945398
-1,2,1,-1,-1,0.1,0.1,0.25,0.2,0.0,0.941358
-1,2,1,-1,-1,0.15,0.15,0.25,0.2,0.0,0.936813
-1,2,1,-1,-1,0.2,0.2,0.25,0.2,0.0,0.933783
-1,2,1,-1,-1,0.25,0.25,0.25,0.2,0.0,0.929743
-1,2,1,-1,-1,0.3,0.3,0.25,0.2,0.0,0.926714
-1,2,1,-1,-1,0.35,0.35,0.25,0.2,0.0,0.924946
-1,2,1,-1,-1,0.4,0.4,0.25,0.2,0.0,0.920654
-1,2,1,-1,-1,0.45,0.45,0.25,0.2,0.0,0.918129
-1,2,1,-1,-1,0.5,0.5,0.25,0.2,0.0,0.915604
-1,2,1,-1,-1,0.55,0.55,0.25,0.2,0.0,0.913331
-1,2,1,-1,-1,0.6,0.6,0.25,0.2,0.0,0.910301
-1,2,1,-1,-1,0.65,0.65,0.25,0.2,0.0,0.908786
-1,2,1,-1,-1,0.7,0.7,0.25,0.2,0.0,0.907271
-1,2,1,-1,-1,0.75,0.75,0.25,0.2,0.0,0.906261
-1,2,1,-1,-1,0.8,0.8,0.25,0.2,0.0,0.905504
-1,2,1,-1,-1,0.85,0.85,0.25,0.2,0.0,0.904999
-1,2,1,-1,-1,0.9,0.9,0.25,0.2,0.0,0.904746
-1,2,1,-1,-1,0.95,0.95,0.25,0.2,0.0,0.904494
-1,2,1,-1,-1,1.0,1.0,0.25,0.2,0.0,0.904494
-1,2,1,-1,-1,0.05,0.05,0.3,0.2,4.3e-05,0.938833
-1,2,1,-1,-1,0.1,0.1,0.3,0.2,0.000216,0.928229
-1,2,1,-1,-1,0.15,0.15,0.3,0.2,0.000346,0.916298
-1,2,1,-1,-1,0.2,0.2,0.3,0.2,0.000735,0.908345
-1,2,1,-1,-1,0.25,0.25,0.3,0.2,0.001384,0.89774
-1,2,1,-1,-1,0.3,0.3,0.3,0.2,0.001946,0.889787
-1,2,1,-1,-1,0.35,0.35,0.3,0.2,0.002465,0.885147
-1,2,1,-1,-1,0.4,0.4,0.3,0.2,0.00333,0.87388
-1,2,1,-1,-1,0.45,0.45,0.3,0.2,0.003979,0.867252
-1,2,1,-1,-1,0.5,0.5,0.3,0.2,0.005061,0.860624
-1,2,1,-1,-1,0.55,0.55,0.3,0.2,0.006531,0.854659
-1,2,1,-1,-1,0.6,0.6,0.3,0.2,0.007786,0.846705
-1,2,1,-1,-1,0.65,0.65,0.3,0.2,0.008824,0.842729
-1,2,1,-1,-1,0.7,0.7,0.3,0.2,0.009948,0.838752
-1,2,1,-1,-1,0.75,0.75,0.3,0.2,0.011289,0.836101
-1,2,1,-1,-1,0.8,0.8,0.3,0.2,0.011981,0.834112
-1,2,1,-1,-1,0.85,0.85,0.3,0.2,0.013149,0.832787
-1,2,1,-1,-1,0.9,0.9,0.3,0.2,0.013581,0.832124
-1,2,1,-1,-1,0.95,0.95,0.3,0.2,0.014273,0.831461
-1,2,1,-1,-1,1.0,1.0,0.3,0.2,0.014706,0.831461
-1,2,1,-1,-1,0.05,0.05,0.35,0.2,0.000104,0.932268
-1,2,1,-1,-1,0.1,0.1,0.35,0.2,0.000519,0.915099
-1,2,1,-1,-1,0.15,0.15,0.35,0.2,0.00083,0.895783
-1,2,1,-1,-1,0.2,0.2,0.35,0.2,0.001765,0.882906
-1,2,1,-1,-1,0.25,0.25,0.35,0.2,0.003322,0.865737
-1,2,1,-1,-1,0.3,0.3,0.35,0.2,0.004671,0.852859
-1,2,1,-1,-1,0.35,0.35,0.35,0.2,0.005917,0.845348
-1,2,1,-1,-1,0.4,0.4,0.35,0.2,0.007993,0.827105
-1,2,1,-1,-1,0.45,0.45,0.35,0.2,0.00955,0.816374
-1,2,1,-1,-1,0.5,0.5,0.35,0.2,0.012145,0.805643
-1,2,1,-1,-1,0.55,0.55,0.35,0.2,0.015675,0.795985
-1,2,1,-1,-1,0.6,0.6,0.35,0.2,0.018685,0.783108
-1,2,1,-1,-1,0.65,0.65,0.35,0.2,0.021176,0.77667
-1,2,1,-1,-1,0.7,0.7,0.35,0.2,0.023875,0.770231
-1,2,1,-1,-1,0.75,0.75,0.35,0.2,0.027093,0.765939
-1,2,1,-1,-1,0.8,0.8,0.35,0.2,0.028754,0.762719
-1,2,1,-1,-1,0.85,0.85,0.35,0.2,0.031557,0.760573
-1,2,1,-1,-1,0.9,0.9,0.35,0.2,0.032595,0.7595
-1,2,1,-1,-1,0.95,0.95,0.35,0.2,0.034256,0.758427
-1,2,1,-1,-1,1.0,1.0,0.35,0.2,0.035294,0.758427
-1,2,1,-1,-1,0.05,0.05,0.4,0.2,0.000216,0.922169
-1,2,1,-1,-1,0.1,0.1,0.4,0.2,0.001081,0.894899
-1,2,1,-1,-1,0.15,0.15,0.4,0.2,0.00173,0.864221
-1,2,1,-1,-1,0.2,0.2,0.4,0.2,0.003676,0.843769
-1,2,1,-1,-1,0.25,0.25,0.4,0.2,0.00692,0.8165
-1,2,1,-1,-1,0.3,0.3,0.4,0.2,0.009732,0.796048
-1,2,1,-1,-1,0.35,0.35,0.4,0.2,0.012327,0.784118
-1,2,1,-1,-1,0.4,0.4,0.4,0.2,0.016652,0.755144
-1,2,1,-1,-1,0.45,0.45,0.4,0.2,0.019896,0.738101
-1,2,1,-1,-1,0.5,0.5,0.4,0.2,0.025303,0.721058
-1,2,1,-1,-1,0.55,0.55,0.4,0.2,0.032656,0.705719
-1,2,1,-1,-1,0.6,0.6,0.4,0.2,0.038927,0.685266
-1,2,1,-1,-1,0.65,0.65,0.4,0.2,0.044117,0.675041
-1,2,1,-1,-1,0.7,0.7,0.4,0.2,0.04974,0.664815
-1,2,1,-1,-1,0.75,0.75,0.4,0.2,0.056444,0.657997
-1,2,1,-1,-1,0.8,0.8,0.4,0.2,0.059905,0.652884
-1,2,1,-1,-1,0.85,0.85,0.4,0.2,0.065744,0.649476
-1,2,1,-1,-1,0.9,0.9,0.4,0.2,0.067906,0.647771
-1,2,1,-1,-1,0.95,0.95,0.4,0.2,0.071366,0.646067
-1,2,1,-1,-1,1.0,1.0,0.4,0.2,0.073529,0.646067
-1,2,1,-1,-1,0.05,0.05,0.45,0.2,0.000311,0.913584
-1,2,1,-1,-1,0.1,0.1,0.45,0.2,0.001557,0.87773
-1,2,1,-1,-1,0.15,0.15,0.45,0.2,0.002491,0.837394
-1,2,1,-1,-1,0.2,0.2,0.45,0.2,0.005294,0.810504
-1,2,1,-1,-1,0.25,0.25,0.45,0.2,0.009965,0.77465
-1,2,1,-1,-1,0.3,0.3,0.45,0.2,0.014014,0.747759
-1,2,1,-1,-1,0.35,0.35,0.45,0.2,0.017751,0.732073
-1,2,1,-1,-1,0.4,0.4,0.45,0.2,0.023979,0.693978
-1,2,1,-1,-1,0.45,0.45,0.45,0.2,0.02865,0.671569
-1,2,1,-1,-1,0.5,0.5,0.45,0.2,0.036436,0.649161
-1,2,1,-1,-1,0.55,0.55,0.45,0.2,0.047024,0.628993
-1,2,1,-1,-1,0.6,0.6,0.45,0.2,0.056055,0.602102
-1,2,1,-1,-1,0.65,0.65,0.45,0.2,0.063529,0.588657
-1,2,1,-1,-1,0.7,0.7,0.45,0.2,0.071626,0.575212
-1,2,1,-1,-1,0.75,0.75,0.45,0.2,0.08128,0.566248
-1,2,1,-1,-1,0.8,0.8,0.45,0.2,0.086263,0.559526
-1,2,1,-1,-1,0.85,0.85,0.45,0.2,0.094671,0.555044
-1,2,1,-1,-1,0.9,0.9,0.45,0.2,0.097785,0.552803
-1,2,1,-1,-1,0.95,0.95,0.45,0.2,0.102768,0.550562
-1,2,1,-1,-1,1.0,1.0,0.45,0.2,0.105882,0.550562
-1,2,1,-1,-1,0.05,0.05,0.5,0.2,0.000554,0.901464
-1,2,1,-1,-1,0.1,0.1,0.5,0.2,0.002768,0.853491
-1,2,1,-1,-1,0.15,0.15,0.5,0.2,0.004429,0.79952
-1,2,1,-1,-1,0.2,0.2,0.5,0.2,0.009412,0.763539
-1,2,1,-1,-1,0.25,0.25,0.5,0.2,0.017716,0.715566
-1,2,1,-1,-1,0.3,0.3,0.5,0.2,0.024913,0.679586
-1,2,1,-1,-1,0.35,0.35,0.5,0.2,0.031557,0.658597
-1,2,1,-1,-1,0.4,0.4,0.5,0.2,0.04263,0.607625
-1,2,1,-1,-1,0.45,0.45,0.5,0.2,0.050934,0.577642
-1,2,1,-1,-1,0.5,0.5,0.5,0.2,0.064775,0.547658
-1,2,1,-1,-1,0.55,0.55,0.5,0.2,0.083599,0.520672
-1,2,1,-1,-1,0.6,0.6,0.5,0.2,0.099654,0.484692
-1,2,1,-1,-1,0.65,0.65,0.5,0.2,0.112941,0.466702
-1,2,1,-1,-1,0.7,0.7,0.5,0.2,0.127336,0.448712
-1,2,1,-1,-1,0.75,0.75,0.5,0.2,0.144498,0.436719
-1,2,1,-1,-1,0.8,0.8,0.5,0.2,0.153356,0.427723
-1,2,1,-1,-1,0.85,0.85,0.5,0.2,0.168304,0.421727
-1,2,1,-1,-1,0.9,0.9,0.5,0.2,0.17384,0.418728
-1,2,1,-1,-1,0.95,0.95,0.5,0.2,0.182699,0.41573
-1,2,1,-1,-1,1.0,1.0,0.5,0.2,0.188235,0.41573
-1,2,1,-1,-1,0.05,0.05,0.55,0.2,0.000908,0.885304
-1,2,1,-1,-1,0.1,0.1,0.55,0.2,0.004542,0.821172
-1,2,1,-1,-1,0.15,0.15,0.55,0.2,0.007266,0.749021
-1,2,1,-1,-1,0.2,0.2,0.55,0.2,0.015441,0.700921
-1,2,1,-1,-1,0.25,0.25,0.55,0.2,0.029066,0.636788
-1,2,1,-1,-1,0.3,0.3,0.55,0.2,0.040874,0.588688
-1,2,1,-1,-1,0.35,0.35,0.55,0.2,0.051773,0.56063
-1,2,1,-1,-1,0.4,0.4,0.55,0.2,0.06994,0.492489
-1,2,1,-1,-1,0.45,0.45,0.55,0.2,0.083564,0.452405
-1,2,1,-1,-1,0.5,0.5,0.55,0.2,0.106272,0.412322
-1,2,1,-1,-1,0.55,0.55,0.55,0.2,0.137154,0.376246
-1,2,1,-1,-1,0.6,0.6,0.55,0.2,0.163495,0.328146
-1,2,1,-1,-1,0.65,0.65,0.55,0.2,0.185294,0.304097
-1,2,1,-1,-1,0.7,0.7,0.55,0.2,0.20891,0.280047
-1,2,1,-1,-1,0.75,0.75,0.55,0.2,0.237068,0.264013
-1,2,1,-1,-1,0.8,0.8,0.55,0.2,0.251601,0.251988
-1,2,1,-1,-1,0.85,0.85,0.55,0.2,0.276125,0.243972
-1,2,1,-1,-1,0.9,0.9,0.55,0.2,0.285208,0.239963
-1,2,1,-1,-1,0.95,0.95,0.55,0.2,0.299741,0.235955
-1,2,1,-1,-1,1.0,1.0,0.55,0.2,0.308824,0.235955
-1,2,1,-1,-1,0.05,0.05,0.6,0.2,0.001228,0.876215
-1,2,1,-1,-1,0.1,0.1,0.6,0.2,0.006142,0.802992
-1,2,1,-1,-1,0.15,0.15,0.6,0.2,0.009827,0.720616
-1,2,1,-1,-1,0.2,0.2,0.6,0.2,0.020882,0.665698
-1,2,1,-1,-1,0.25,0.25,0.6,0.2,0.039308,0.592476
-1,2,1,-1,-1,0.3,0.3,0.6,0.2,0.055277,0.537558
-1,2,1,-1,-1,0.35,0.35,0.6,0.2,0.070017,0.505523
-1,2,1,-1,-1,0.4,0.4,0.6,0.2,0.094585,0.427724
-1,2,1,-1,-1,0.45,0.45,0.6,0.2,0.11301,0.381959
-1,2,1,-1,-1,0.5,0.5,0.6,0.2,0.14372,0.336195
-1,2,1,-1,-1,0.55,0.55,0.6,0.2,0.185485,0.295006
-1,2,1,-1,-1,0.6,0.6,0.6,0.2,0.221107,0.240089
-1,2,1,-1,-1,0.65,0.65,0.6,0.2,0.250588,0.212631
-1,2,1,-1,-1,0.7,0.7,0.6,0.2,0.282526,0.185172
-1,2,1,-1,-1,0.75,0.75,0.6,0.2,0.320605,0.166866
-1,2,1,-1,-1,0.8,0.8,0.6,0.2,0.34026,0.153137
-1,2,1,-1,-1,0.85,0.85,0.6,0.2,0.373426,0.143984
-1,2,1,-1,-1,0.9,0.9,0.6,0.2,0.385709,0.139407
-1,2,1,-1,-1,0.95,0.95,0.6,0.2,0.405363,0.134831
-1,2,1,-1,-1,1.0,1.0,0.6,0.2,0.417647,0.134831
-1,2,1,-1,-1,0.05,0.05,0.65,0.2,0.001644,0.87066
-1,2,1,-1,-1,0.1,0.1,0.65,0.2,0.008218,0.791882
-1,2,1,-1,-1,0.15,0.15,0.65,0.2,0.013149,0.703257
-1,2,1,-1,-1,0.2,0.2,0.65,0.2,0.027941,0.644173
-1,2,1,-1,-1,0.25,0.25,0.65,0.2,0.052595,0.565396
-1,2,1,-1,-1,0.3,0.3,0.65,0.2,0.073962,0.506312
-1,2,1,-1,-1,0.35,0.35,0.65,0.2,0.093685,0.471847
-1,2,1,-1,-1,0.4,0.4,0.65,0.2,0.126557,0.388146
-1,2,1,-1,-1,0.45,0.45,0.65,0.2,0.151211,0.33891
-1,2,1,-1,-1,0.5,0.5,0.65,0.2,0.192301,0.289673
-1,2,1,-1,-1,0.55,0.55,0.65,0.2,0.248184,0.24536
-1,2,1,-1,-1,0.6,0.6,0.65,0.2,0.295848,0.186277
-1,2,1,-1,-1,0.65,0.65,0.65,0.2,0.335294,0.156736
-1,2,1,-1,-1,0.7,0.7,0.65,0.2,0.378028,0.127194
-1,2,1,-1,-1,0.75,0.75,0.65,0.2,0.42898,0.107499
-1,2,1,-1,-1,0.8,0.8,0.65,0.2,0.455277,0.092729
-1,2,1,-1,-1,0.85,0.85,0.65,0.2,0.499655,0.082881
-1,2,1,-1,-1,0.9,0.9,0.65,0.2,0.51609,0.077958
-1,2,1,-1,-1,0.95,0.95,0.65,0.2,0.542388,0.073034
-1,2,1,-1,-1,1.0,1.0,0.65,0.2,0.558824,0.073034
-1,2,1,-1,-1,0.05,0.05,0.7,0.2,0.002033,0.867125
-1,2,1,-1,-1,0.1,0.1,0.7,0.2,0.010164,0.784813
-1,2,1,-1,-1,0.15,0.15,0.7,0.2,0.016263,0.69221
-1,2,1,-1,-1,0.2,0.2,0.7,0.2,0.034559,0.630476
-1,2,1,-1,-1,0.25,0.25,0.7,0.2,0.065052,0.548163
-1,2,1,-1,-1,0.3,0.3,0.7,0.2,0.091479,0.486428
-1,2,1,-1,-1,0.35,0.35,0.7,0.2,0.115874,0.450416
-1,2,1,-1,-1,0.4,0.4,0.7,0.2,0.156531,0.36296
-1,2,1,-1,-1,0.45,0.45,0.7,0.2,0.187024,0.311514
-1,2,1,-1,-1,0.5,0.5,0.7,0.2,0.237846,0.260068
-1,2,1,-1,-1,0.55,0.55,0.7,0.2,0.306964,0.213767
-1,2,1,-1,-1,0.6,0.6,0.7,0.2,0.365917,0.152032
-1,2,1,-1,-1,0.65,0.65,0.7,0.2,0.414706,0.121166
-1,2,1,-1,-1,0.7,0.7,0.7,0.2,0.467561,0.090298
-1,2,1,-1,-1,0.75,0.75,0.7,0.2,0.530579,0.06972
-1,2,1,-1,-1,0.8,0.8,0.7,0.2,0.563105,0.054286
-1,2,1,-1,-1,0.85,0.85,0.7,0.2,0.617993,0.043997
-1,2,1,-1,-1,0.9,0.9,0.7,0.2,0.638321,0.038853
-1,2,1,-1,-1,0.95,0.95,0.7,0.2,0.670847,0.033708
-1,2,1,-1,-1,1.0,1.0,0.7,0.2,0.691176,0.033708
-1,2,1,-1,-1,0.05,0.05,0.75,0.2,0.002379,0.86561
-1,2,1,-1,-1,0.1,0.1,0.75,0.2,0.011895,0.781783
-1,2,1,-1,-1,0.15,0.15,0.75,0.2,0.019031,0.687476
-1,2,1,-1,-1,0.2,0.2,0.75,0.2,0.040441,0.624605
-1,2,1,-1,-1,0.25,0.25,0.75,0.2,0.076125,0.540778
-1,2,1,-1,-1,0.3,0.3,0.75,0.2,0.10705,0.477907
-1,2,1,-1,-1,0.35,0.35,0.75,0.2,0.135597,0.441232
-1,2,1,-1,-1,0.4,0.4,0.75,0.2,0.183175,0.352166
-1,2,1,-1,-1,0.45,0.45,0.75,0.2,0.218858,0.299773
-1,2,1,-1,-1,0.5,0.5,0.75,0.2,0.278331,0.24738
-1,2,1,-1,-1,0.55,0.55,0.75,0.2,0.359213,0.200227
-1,2,1,-1,-1,0.6,0.6,0.75,0.2,0.428201,0.137356
-1,2,1,-1,-1,0.65,0.65,0.75,0.2,0.485294,0.105921
-1,2,1,-1,-1,0.7,0.7,0.75,0.2,0.547146,0.074486
-1,2,1,-1,-1,0.75,0.75,0.75,0.2,0.620891,0.053529
-1,2,1,-1,-1,0.8,0.8,0.75,0.2,0.658954,0.037811
-1,2,1,-1,-1,0.85,0.85,0.75,0.2,0.723184,0.027333
-1,2,1,-1,-1,0.9,0.9,0.75,0.2,0.746972,0.022093
-1,2,1,-1,-1,0.95,0.95,0.75,0.2,0.785035,0.016854
-1,2,1,-1,-1,1.0,1.0,0.75,0.2,0.808824,0.016854
-1,2,1,-1,-1,0.05,0.05,0.8,0.2,0.002604,0.864095
-1,2,1,-1,-1,0.1,0.1,0.8,0.2,0.013019,0.778753
-1,2,1,-1,-1,0.15,0.15,0.8,0.2,0.02083,0.682742
-1,2,1,-1,-1,0.2,0.2,0.8,0.2,0.044265,0.618735
-1,2,1,-1,-1,0.25,0.25,0.8,0.2,0.083322,0.533392
-1,2,1,-1,-1,0.3,0.3,0.8,0.2,0.117171,0.469385
-1,2,1,-1,-1,0.35,0.35,0.8,0.2,0.148417,0.432047
-1,2,1,-1,-1,0.4,0.4,0.8,0.2,0.200493,0.341371
-1,2,1,-1,-1,0.45,0.45,0.8,0.2,0.23955,0.288032
-1,2,1,-1,-1,0.5,0.5,0.8,0.2,0.304646,0.234693
-1,2,1,-1,-1,0.55,0.55,0.8,0.2,0.393175,0.186687
-1,2,1,-1,-1,0.6,0.6,0.8,0.2,0.468685,0.12268
-1,2,1,-1,-1,0.65,0.65,0.8,0.2,0.531176,0.090677
-1,2,1,-1,-1,0.7,0.7,0.8,0.2,0.598876,0.058673
-1,2,1,-1,-1,0.75,0.75,0.8,0.2,0.679593,0.037338
-1,2,1,-1,-1,0.8,0.8,0.8,0.2,0.721254,0.021336
-1,2,1,-1,-1,0.85,0.85,0.8,0.2,0.791557,0.010668
-1,2,1,-1,-1,0.9,0.9,0.8,0.2,0.817595,0.005334
-1,2,1,-1,-1,0.95,0.95,0.8,0.2,0.859256,0.0
-1,2,1,-1,-1,1.0,1.0,0.8,0.2,0.885294,0.0
-1,2,1,-1,-1,0.05,0.05,0.85,0.2,0.002803,0.864095
-1,2,1,-1,-1,0.1,0.1,0.85,0.2,0.014014,0.778753
-1,2,1,-1,-1,0.15,0.15,0.85,0.2,0.022422,0.682742
-1,2,1,-1,-1,0.2,0.2,0.85,0.2,0.047647,0.618735
-1,2,1,-1,-1,0.25,0.25,0.85,0.2,0.089689,0.533392
-1,2,1,-1,-1,0.3,0.3,0.85,0.2,0.126125,0.469385
-1,2,1,-1,-1,0.35,0.35,0.85,0.2,0.159758,0.432047
-1,2,1,-1,-1,0.4,0.4,0.85,0.2,0.215814,0.341371
-1,2,1,-1,-1,0.45,0.45,0.85,0.2,0.257854,0.288032
-1,2,1,-1,-1,0.5,0.5,0.85,0.2,0.327924,0.234693
-1,2,1,-1,-1,0.55,0.55,0.85,0.2,0.423218,0.186687
-1,2,1,-1,-1,0.6,0.6,0.85,0.2,0.504498,0.12268
-1,2,1,-1,-1,0.65,0.65,0.85,0.2,0.571765,0.090677
-1,2,1,-1,-1,0.7,0.7,0.85,0.2,0.644637,0.058673
-1,2,1,-1,-1,0.75,0.75,0.85,0.2,0.731522,0.037338
-1,2,1,-1,-1,0.8,0.8,0.85,0.2,0.776367,0.021336
-1,2,1,-1,-1,0.85,0.85,0.85,0.2,0.852042,0.010668
-1,2,1,-1,-1,0.9,0.9,0.85,0.2,0.880069,0.005334
-1,2,1,-1,-1,0.95,0.95,0.85,0.2,0.924913,0.0
-1,2,1,-1,-1,1.0,1.0,0.85,0.2,0.952941,0.0
-1,2,1,-1,-1,0.05,0.05,0.9,0.2,0.002898,0.864095
-1,2,1,-1,-1,0.1,0.1,0.9,0.2,0.01449,0.778753
-1,2,1,-1,-1,0.15,0.15,0.9,0.2,0.023183,0.682742
-1,2,1,-1,-1,0.2,0.2,0.9,0.2,0.049265,0.618735
-1,2,1,-1,-1,0.25,0.25,0.9,0.2,0.092734,0.533392
-1,2,1,-1,-1,0.3,0.3,0.9,0.2,0.130407,0.469385
-1,2,1,-1,-1,0.35,0.35,0.9,0.2,0.165182,0.432047
-1,2,1,-1,-1,0.4,0.4,0.9,0.2,0.223141,0.341371
-1,2,1,-1,-1,0.45,0.45,0.9,0.2,0.266609,0.288032
-1,2,1,-1,-1,0.5,0.5,0.9,0.2,0.339057,0.234693
-1,2,1,-1,-1,0.55,0.55,0.9,0.2,0.437587,0.186687
-1,2,1,-1,-1,0.6,0.6,0.9,0.2,0.521626,0.12268
-1,2,1,-1,-1,0.65,0.65,0.9,0.2,0.591176,0.090677
-1,2,1,-1,-1,0.7,0.7,0.9,0.2,0.666523,0.058673
-1,2,1,-1,-1,0.75,0.75,0.9,0.2,0.756358,0.037338
-1,2,1,-1,-1,0.8,0.8,0.9,0.2,0.802725,0.021336
-1,2,1,-1,-1,0.85,0.85,0.9,0.2,0.880969,0.010668
-1,2,1,-1,-1,0.9,0.9,0.9,0.2,0.909948,0.005334
-1,2,1,-1,-1,0.95,0.95,0.9,0.2,0.956315,0.0
-1,2,1,-1,-1,1.0,1.0,0.9,0.2,0.985294,0.0
-1,2,1,-1,-1,0.05,0.05,0.95,0.2,0.002932,0.864095
-1,2,1,-1,-1,0.1,0.1,0.95,0.2,0.014663,0.778753
-1,2,1,-1,-1,0.15,0.15,0.95,0.2,0.02346,0.682742
-1,2,1,-1,-1,0.2,0.2,0.95,0.2,0.049853,0.618735
-1,2,1,-1,-1,0.25,0.25,0.95,0.2,0.093841,0.533392
-1,2,1,-1,-1,0.3,0.3,0.95,0.2,0.131964,0.469385
-1,2,1,-1,-1,0.35,0.35,0.95,0.2,0.167154,0.432047
-1,2,1,-1,-1,0.4,0.4,0.95,0.2,0.225805,0.341371
-1,2,1,-1,-1,0.45,0.45,0.95,0.2,0.269792,0.288032
-1,2,1,-1,-1,0.5,0.5,0.95,0.2,0.343106,0.234693
-1,2,1,-1,-1,0.55,0.55,0.95,0.2,0.442812,0.186687
-1,2,1,-1,-1,0.6,0.6,0.95,0.2,0.527855,0.12268
-1,2,1,-1,-1,0.65,0.65,0.95,0.2,0.598235,0.090677
-1,2,1,-1,-1,0.7,0.7,0.95,0.2,0.674481,0.058673
-1,2,1,-1,-1,0.75,0.75,0.95,0.2,0.765389,0.037338
-1,2,1,-1,-1,0.8,0.8,0.95,0.2,0.81231,0.021336
-1,2,1,-1,-1,0.85,0.85,0.95,0.2,0.891488,0.010668
-1,2,1,-1,-1,0.9,0.9,0.95,0.2,0.920813,0.005334
-1,2,1,-1,-1,0.95,0.95,0.95,0.2,0.967734,0.0
-1,2,1,-1,-1,1.0,1.0,0.95,0.2,0.997059,0.0
-1,2,1,-1,-1,0.05,0.05,1.0,0.2,0.002941,0.864095
-1,2,1,-1,-1,0.1,0.1,1.0,0.2,0.014706,0.778753
-1,2,1,-1,-1,0.15,0.15,1.0,0.2,0.023529,0.682742
-1,2,1,-1,-1,0.2,0.2,1.0,0.2,0.05,0.618735
-1,2,1,-1,-1,0.25,0.25,1.0,0.2,0.094118,0.533392
-1,2,1,-1,-1,0.3,0.3,1.0,0.2,0.132353,0.469385
-1,2,1,-1,-1,0.35,0.35,1.0,0.2,0.167647,0.432047
-1,2,1,-1,-1,0.4,0.4,1.0,0.2,0.226471,0.341371
-1,2,1,-1,-1,0.45,0.45,1.0,0.2,0.270588,0.288032
-1,2,1,-1,-1,0.5,0.5,1.0,0.2,0.344118,0.234693
-1,2,1,-1,-1,0.55,0.55,1.0,0.2,0.444118,0.186687
-1,2,1,-1,-1,0.6,0.6,1.0,0.2,0.529412,0.12268
-1,2,1,-1,-1,0.65,0.65,1.0,0.2,0.6,0.090677
-1,2,1,-1,-1,0.7,0.7,1.0,0.2,0.676471,0.058673
-1,2,1,-1,-1,0.75,0.75,1.0,0.2,0.767647,0.037338
-1,2,1,-1,-1,0.8,0.8,1.0,0.2,0.814706,0.021336
-1,2,1,-1,-1,0.85,0.85,1.0,0.2,0.894118,0.010668
-1,2,1,-1,-1,0.9,0.9,1.0,0.2,0.923529,0.005334
-1,2,1,-1,-1,0.95,0.95,1.0,0.2,0.970588,0.0
-1,2,1,-1,-1,1.0,1.0,1.0,0.2,1.0,0.0
-1,2,1,-1,-1,0.05,0.05,0.25,0.25,0.0,0.904494
-1,2,1,-1,-1,0.1,0.1,0.25,0.25,0.0,0.904494
-1,2,1,-1,-1,0.15,0.15,0.25,0.25,0.0,0.904494
-1,2,1,-1,-1,0.2,0.2,0.25,0.25,0.0,0.904494
-1,2,1,-1,-1,0.25,0.25,0.25,0.25,0.0,0.904494
-1,2,1,-1,-1,0.3,0.3,0.25,0.25,0.0,0.904494
-1,2,1,-1,-1,0.35,0.35,0.25,0.25,0.0,0.904494
-1,2,1,-1,-1,0.4,0.4,0.25,0.25,0.0,0.904494
-1,2,1,-1,-1,0.45,0.45,0.25,0.25,0.0,0.904494
-1,2,1,-1,-1,0.5,0.5,0.25,0.25,0.0,0.904494
-1,2,1,-1,-1,0.55,0.55,0.25,0.25,0.0,0.904494
-1,2,1,-1,-1,0.6,0.6,0.25,0.25,0.0,0.904494
-1,2,1,-1,-1,0.65,0.65,0.25,0.25,0.0,0.904494
-1,2,1,-1,-1,0.7,0.7,0.25,0.25,0.0,0.904494
-1,2,1,-1,-1,0.75,0.75,0.25,0.25,0.0,0.904494
-1,2,1,-1,-1,0.8,0.8,0.25,0.25,0.0,0.904494
-1,2,1,-1,-1,0.85,0.85,0.25,0.25,0.0,0.904494
-1,2,1,-1,-1,0.9,0.9,0.25,0.25,0.0,0.904494
-1,2,1,-1,-1,0.95,0.95,0.25,0.25,0.0,0.904494
-1,2,1,-1,-1,1.0,1.0,0.25,0.25,0.0,0.904494
-1,2,1,-1,-1,0.05,0.05,0.3,0.25,4.3e-05,0.897929
-1,2,1,-1,-1,0.1,0.1,0.3,0.25,0.000216,0.891364
-1,2,1,-1,-1,0.15,0.15,0.3,0.25,0.000346,0.883979
-1,2,1,-1,-1,0.2,0.2,0.3,0.25,0.000735,0.879056
-1,2,1,-1,-1,0.25,0.25,0.3,0.25,0.001384,0.872491
-1,2,1,-1,-1,0.3,0.3,0.3,0.25,0.001946,0.867567
-1,2,1,-1,-1,0.35,0.35,0.3,0.25,0.002465,0.864695
-1,2,1,-1,-1,0.4,0.4,0.3,0.25,0.00333,0.85772
-1,2,1,-1,-1,0.45,0.45,0.3,0.25,0.003979,0.853617
-1,2,1,-1,-1,0.5,0.5,0.3,0.25,0.005061,0.849514
-1,2,1,-1,-1,0.55,0.55,0.3,0.25,0.006531,0.845821
-1,2,1,-1,-1,0.6,0.6,0.3,0.25,0.007786,0.840898
-1,2,1,-1,-1,0.65,0.65,0.3,0.25,0.008824,0.838436
-1,2,1,-1,-1,0.7,0.7,0.3,0.25,0.009948,0.835974
-1,2,1,-1,-1,0.75,0.75,0.3,0.25,0.011289,0.834333
-1,2,1,-1,-1,0.8,0.8,0.3,0.25,0.011981,0.833102
-1,2,1,-1,-1,0.85,0.85,0.3,0.25,0.013149,0.832282
-1,2,1,-1,-1,0.9,0.9,0.3,0.25,0.013581,0.831871
-1,2,1,-1,-1,0.95,0.95,0.3,0.25,0.014273,0.831461
-1,2,1,-1,-1,1.0,1.0,0.3,0.25,0.014706,0.831461
-1,2,1,-1,-1,0.05,0.05,0.35,0.25,0.000104,0.891364
-1,2,1,-1,-1,0.1,0.1,0.35,0.25,0.000519,0.878235
-1,2,1,-1,-1,0.15,0.15,0.35,0.25,0.00083,0.863464
-1,2,1,-1,-1,0.2,0.2,0.35,0.25,0.001765,0.853617
-1,2,1,-1,-1,0.25,0.25,0.35,0.25,0.003322,0.840487
-1,2,1,-1,-1,0.3,0.3,0.35,0.25,0.004671,0.83064
-1,2,1,-1,-1,0.35,0.35,0.35,0.25,0.005917,0.824896
-1,2,1,-1,-1,0.4,0.4,0.35,0.25,0.007993,0.810946
-1,2,1,-1,-1,0.45,0.45,0.35,0.25,0.00955,0.802739
-1,2,1,-1,-1,0.5,0.5,0.35,0.25,0.012145,0.794533
-1,2,1,-1,-1,0.55,0.55,0.35,0.25,0.015675,0.787148
-1,2,1,-1,-1,0.6,0.6,0.35,0.25,0.018685,0.777301
-1,2,1,-1,-1,0.65,0.65,0.35,0.25,0.021176,0.772377
-1,2,1,-1,-1,0.7,0.7,0.35,0.25,0.023875,0.767454
-1,2,1,-1,-1,0.75,0.75,0.35,0.25,0.027093,0.764171
-1,2,1,-1,-1,0.8,0.8,0.35,0.25,0.028754,0.761709
-1,2,1,-1,-1,0.85,0.85,0.35,0.25,0.031557,0.760068
-1,2,1,-1,-1,0.9,0.9,0.35,0.25,0.032595,0.759248
-1,2,1,-1,-1,0.95,0.95,0.35,0.25,0.034256,0.758427
-1,2,1,-1,-1,1.0,1.0,0.35,0.25,0.035294,0.758427
-1,2,1,-1,-1,0.05,0.05,0.4,0.25,0.000216,0.881265
-1,2,1,-1,-1,0.1,0.1,0.4,0.25,0.001081,0.858035
-1,2,1,-1,-1,0.15,0.15,0.4,0.25,0.00173,0.831902
-1,2,1,-1,-1,0.2,0.2,0.4,0.25,0.003676,0.81448
-1,2,1,-1,-1,0.25,0.25,0.4,0.25,0.00692,0.791251
-1,2,1,-1,-1,0.3,0.3,0.4,0.25,0.009732,0.773829
-1,2,1,-1,-1,0.35,0.35,0.4,0.25,0.012327,0.763666
-1,2,1,-1,-1,0.4,0.4,0.4,0.25,0.016652,0.738985
-1,2,1,-1,-1,0.45,0.45,0.4,0.25,0.019896,0.724466
-1,2,1,-1,-1,0.5,0.5,0.4,0.25,0.025303,0.709948
-1,2,1,-1,-1,0.55,0.55,0.4,0.25,0.032656,0.696881
-1,2,1,-1,-1,0.6,0.6,0.4,0.25,0.038927,0.679459
-1,2,1,-1,-1,0.65,0.65,0.4,0.25,0.044117,0.670748
-1,2,1,-1,-1,0.7,0.7,0.4,0.25,0.04974,0.662037
-1,2,1,-1,-1,0.75,0.75,0.4,0.25,0.056444,0.65623
-1,2,1,-1,-1,0.8,0.8,0.4,0.25,0.059905,0.651874
-1,2,1,-1,-1,0.85,0.85,0.4,0.25,0.065744,0.648971
-1,2,1,-1,-1,0.9,0.9,0.4,0.25,0.067906,0.647519
-1,2,1,-1,-1,0.95,0.95,0.4,0.25,0.071366,0.646067
-1,2,1,-1,-1,1.0,1.0,0.4,0.25,0.073529,0.646067
-1,2,1,-1,-1,0.05,0.05,0.45,0.25,0.000311,0.87268
-1,2,1,-1,-1,0.1,0.1,0.45,0.25,0.001557,0.840866
-1,2,1,-1,-1,0.15,0.15,0.45,0.25,0.002491,0.805075
-1,2,1,-1,-1,0.2,0.2,0.45,0.25,0.005294,0.781214
-1,2,1,-1,-1,0.25,0.25,0.45,0.25,0.009965,0.7494
-1,2,1,-1,-1,0.3,0.3,0.45,0.25,0.014014,0.72554
-1,2,1,-1,-1,0.35,0.35,0.45,0.25,0.017751,0.711621
-1,2,1,-1,-1,0.4,0.4,0.45,0.25,0.023979,0.677819
-1,2,1,-1,-1,0.45,0.45,0.45,0.25,0.02865,0.657935
-1,2,1,-1,-1,0.5,0.5,0.45,0.25,0.036436,0.638051
-1,2,1,-1,-1,0.55,0.55,0.45,0.25,0.047024,0.620155
-1,2,1,-1,-1,0.6,0.6,0.45,0.25,0.056055,0.596295
-1,2,1,-1,-1,0.65,0.65,0.45,0.25,0.063529,0.584365
-1,2,1,-1,-1,0.7,0.7,0.45,0.25,0.071626,0.572434
-1,2,1,-1,-1,0.75,0.75,0.45,0.25,0.08128,0.564481
-1,2,1,-1,-1,0.8,0.8,0.45,0.25,0.086263,0.558516
-1,2,1,-1,-1,0.85,0.85,0.45,0.25,0.094671,0.554539
-1,2,1,-1,-1,0.9,0.9,0.45,0.25,0.097785,0.55255
-1,2,1,-1,-1,0.95,0.95,0.45,0.25,0.102768,0.550562
-1,2,1,-1,-1,1.0,1.0,0.45,0.25,0.105882,0.550562
-1,2,1,-1,-1,0.05,0.05,0.5,0.25,0.000554,0.86056
-1,2,1,-1,-1,0.1,0.1,0.5,0.25,0.002768,0.816626
-1,2,1,-1,-1,0.15,0.15,0.5,0.25,0.004429,0.767201
-1,2,1,-1,-1,0.2,0.2,0.5,0.25,0.009412,0.73425
-1,2,1,-1,-1,0.25,0.25,0.5,0.25,0.017716,0.690317
-1,2,1,-1,-1,0.3,0.3,0.5,0.25,0.024913,0.657366
-1,2,1,-1,-1,0.35,0.35,0.5,0.25,0.031557,0.638145
-1,2,1,-1,-1,0.4,0.4,0.5,0.25,0.04263,0.591466
-1,2,1,-1,-1,0.45,0.45,0.5,0.25,0.050934,0.564007
-1,2,1,-1,-1,0.5,0.5,0.5,0.25,0.064775,0.536548
-1,2,1,-1,-1,0.55,0.55,0.5,0.25,0.083599,0.511835
-1,2,1,-1,-1,0.6,0.6,0.5,0.25,0.099654,0.478885
-1,2,1,-1,-1,0.65,0.65,0.5,0.25,0.112941,0.46241
-1,2,1,-1,-1,0.7,0.7,0.5,0.25,0.127336,0.445935
-1,2,1,-1,-1,0.75,0.75,0.5,0.25,0.144498,0.434951
-1,2,1,-1,-1,0.8,0.8,0.5,0.25,0.153356,0.426714
-1,2,1,-1,-1,0.85,0.85,0.5,0.25,0.168304,0.421222
-1,2,1,-1,-1,0.9,0.9,0.5,0.25,0.17384,0.418476
-1,2,1,-1,-1,0.95,0.95,0.5,0.25,0.182699,0.41573
-1,2,1,-1,-1,1.0,1.0,0.5,0.25,0.188235,0.41573
-1,2,1,-1,-1,0.05,0.05,0.55,0.25,0.000908,0.8444
-1,2,1,-1,-1,0.1,0.1,0.55,0.25,0.004542,0.784307
-1,2,1,-1,-1,0.15,0.15,0.55,0.25,0.007266,0.716702
-1,2,1,-1,-1,0.2,0.2,0.55,0.25,0.015441,0.671632
-1,2,1,-1,-1,0.25,0.25,0.55,0.25,0.029066,0.611539
-1,2,1,-1,-1,0.3,0.3,0.55,0.25,0.040874,0.566469
-1,2,1,-1,-1,0.35,0.35,0.55,0.25,0.051773,0.540178
-1,2,1,-1,-1,0.4,0.4,0.55,0.25,0.06994,0.476329
-1,2,1,-1,-1,0.45,0.45,0.55,0.25,0.083564,0.43877
-1,2,1,-1,-1,0.5,0.5,0.55,0.25,0.106272,0.401212
-1,2,1,-1,-1,0.55,0.55,0.55,0.25,0.137154,0.367409
-1,2,1,-1,-1,0.6,0.6,0.55,0.25,0.163495,0.322339
-1,2,1,-1,-1,0.65,0.65,0.55,0.25,0.185294,0.299804
-1,2,1,-1,-1,0.7,0.7,0.55,0.25,0.20891,0.277269
-1,2,1,-1,-1,0.75,0.75,0.55,0.25,0.237068,0.262246
-1,2,1,-1,-1,0.8,0.8,0.55,0.25,0.251601,0.250978
-1,2,1,-1,-1,0.85,0.85,0.55,0.25,0.276125,0.243467
-1,2,1,-1,-1,0.9,0.9,0.55,0.25,0.285208,0.239711
-1,2,1,-1,-1,0.95,0.95,0.55,0.25,0.299741,0.235955
-1,2,1,-1,-1,1.0,1.0,0.55,0.25,0.308824,0.235955
-1,2,1,-1,-1,0.05,0.05,0.6,0.25,0.001228,0.835311
-1,2,1,-1,-1,0.1,0.1,0.6,0.25,0.006142,0.766128
-1,2,1,-1,-1,0.15,0.15,0.6,0.25,0.009827,0.688296
-1,2,1,-1,-1,0.2,0.2,0.6,0.25,0.020882,0.636409
-1,2,1,-1,-1,0.25,0.25,0.6,0.25,0.039308,0.567226
-1,2,1,-1,-1,0.3,0.3,0.6,0.25,0.055277,0.515339
-1,2,1,-1,-1,0.35,0.35,0.6,0.25,0.070017,0.485071
-1,2,1,-1,-1,0.4,0.4,0.6,0.25,0.094585,0.411564
-1,2,1,-1,-1,0.45,0.45,0.6,0.25,0.11301,0.368324
-1,2,1,-1,-1,0.5,0.5,0.6,0.25,0.14372,0.325085
-1,2,1,-1,-1,0.55,0.55,0.6,0.25,0.185485,0.286169
-1,2,1,-1,-1,0.6,0.6,0.6,0.25,0.221107,0.234281
-1,2,1,-1,-1,0.65,0.65,0.6,0.25,0.250588,0.208338
-1,2,1,-1,-1,0.7,0.7,0.6,0.25,0.282526,0.182395
-1,2,1,-1,-1,0.75,0.75,0.6,0.25,0.320605,0.165099
-1,2,1,-1,-1,0.8,0.8,0.6,0.25,0.34026,0.152127
-1,2,1,-1,-1,0.85,0.85,0.6,0.25,0.373426,0.143479
-1,2,1,-1,-1,0.9,0.9,0.6,0.25,0.385709,0.139155
-1,2,1,-1,-1,0.95,0.95,0.6,0.25,0.405363,0.134831
-1,2,1,-1,-1,1.0,1.0,0.6,0.25,0.417647,0.134831
-1,2,1,-1,-1,0.05,0.05,0.65,0.25,0.001644,0.829756
-1,2,1,-1,-1,0.1,0.1,0.65,0.25,0.008218,0.755018
-1,2,1,-1,-1,0.15,0.15,0.65,0.25,0.013149,0.670938
-1,2,1,-1,-1,0.2,0.2,0.65,0.25,0.027941,0.614884
-1,2,1,-1,-1,0.25,0.25,0.65,0.25,0.052595,0.540147
-1,2,1,-1,-1,0.3,0.3,0.65,0.25,0.073962,0.484093
-1,2,1,-1,-1,0.35,0.35,0.65,0.25,0.093685,0.451395
-1,2,1,-1,-1,0.4,0.4,0.65,0.25,0.126557,0.371986
-1,2,1,-1,-1,0.45,0.45,0.65,0.25,0.151211,0.325275
-1,2,1,-1,-1,0.5,0.5,0.65,0.25,0.192301,0.278563
-1,2,1,-1,-1,0.55,0.55,0.65,0.25,0.248184,0.236523
-1,2,1,-1,-1,0.6,0.6,0.65,0.25,0.295848,0.180469
-1,2,1,-1,-1,0.65,0.65,0.65,0.25,0.335294,0.152443
-1,2,1,-1,-1,0.7,0.7,0.65,0.25,0.378028,0.124417
-1,2,1,-1,-1,0.75,0.75,0.65,0.25,0.42898,0.105732
-1,2,1,-1,-1,0.8,0.8,0.65,0.25,0.455277,0.091719
-1,2,1,-1,-1,0.85,0.85,0.65,0.25,0.499655,0.082376
-1,2,1,-1,-1,0.9,0.9,0.65,0.25,0.51609,0.077705
-1,2,1,-1,-1,0.95,0.95,0.65,0.25,0.542388,0.073034
-1,2,1,-1,-1,1.0,1.0,0.65,0.25,0.558824,0.073034
-1,2,1,-1,-1,0.05,0.05,0.7,0.25,0.002033,0.826221
-1,2,1,-1,-1,0.1,0.1,0.7,0.25,0.010164,0.747948
-1,2,1,-1,-1,0.15,0.15,0.7,0.25,0.016263,0.659891
-1,2,1,-1,-1,0.2,0.2,0.7,0.25,0.034559,0.601186
-1,2,1,-1,-1,0.25,0.25,0.7,0.25,0.065052,0.522914
-1,2,1,-1,-1,0.3,0.3,0.7,0.25,0.091479,0.464209
-1,2,1,-1,-1,0.35,0.35,0.7,0.25,0.115874,0.429964
-1,2,1,-1,-1,0.4,0.4,0.7,0.25,0.156531,0.3468
-1,2,1,-1,-1,0.45,0.45,0.7,0.25,0.187024,0.297879
-1,2,1,-1,-1,0.5,0.5,0.7,0.25,0.237846,0.248958
-1,2,1,-1,-1,0.55,0.55,0.7,0.25,0.306964,0.20493
-1,2,1,-1,-1,0.6,0.6,0.7,0.25,0.365917,0.146225
-1,2,1,-1,-1,0.65,0.65,0.7,0.25,0.414706,0.116873
-1,2,1,-1,-1,0.7,0.7,0.7,0.25,0.467561,0.087521
-1,2,1,-1,-1,0.75,0.75,0.7,0.25,0.530579,0.067953
-1,2,1,-1,-1,0.8,0.8,0.7,0.25,0.563105,0.053276
-1,2,1,-1,-1,0.85,0.85,0.7,0.25,0.617993,0.043492
-1,2,1,-1,-1,0.9,0.9,0.7,0.25,0.638321,0.0386
-1,2,1,-1,-1,0.95,0.95,0.7,0.25,0.670847,0.033708
-1,2,1,-1,-1,1.0,1.0,0.7,0.25,0.691176,0.033708
-1,2,1,-1,-1,0.05,0.05,0.75,0.25,0.002379,0.824706
-1,2,1,-1,-1,0.1,0.1,0.75,0.25,0.011895,0.744919
-1,2,1,-1,-1,0.15,0.15,0.75,0.25,0.019031,0.655157
-1,2,1,-1,-1,0.2,0.2,0.75,0.25,0.040441,0.595316
-1,2,1,-1,-1,0.25,0.25,0.75,0.25,0.076125,0.515528
-1,2,1,-1,-1,0.3,0.3,0.75,0.25,0.10705,0.455687
-1,2,1,-1,-1,0.35,0.35,0.75,0.25,0.135597,0.42078
-1,2,1,-1,-1,0.4,0.4,0.75,0.25,0.183175,0.336006
-1,2,1,-1,-1,0.45,0.45,0.75,0.25,0.218858,0.286138
-1,2,1,-1,-1,0.5,0.5,0.75,0.25,0.278331,0.236271
-1,2,1,-1,-1,0.55,0.55,0.75,0.25,0.359213,0.19139
-1,2,1,-1,-1,0.6,0.6,0.75,0.25,0.428201,0.131549
-1,2,1,-1,-1,0.65,0.65,0.75,0.25,0.485294,0.101629
-1,2,1,-1,-1,0.7,0.7,0.75,0.25,0.547146,0.071708
-1,2,1,-1,-1,0.75,0.75,0.75,0.25,0.620891,0.051761
-1,2,1,-1,-1,0.8,0.8,0.75,0.25,0.658954,0.036801
-1,2,1,-1,-1,0.85,0.85,0.75,0.25,0.723184,0.026828
-1,2,1,-1,-1,0.9,0.9,0.75,0.25,0.746972,0.021841
-1,2,1,-1,-1,0.95,0.95,0.75,0.25,0.785035,0.016854
-1,2,1,-1,-1,1.0,1.0,0.75,0.25,0.808824,0.016854
-1,2,1,-1,-1,0.05,0.05,0.8,0.25,0.002604,0.823191
-1,2,1,-1,-1,0.1,0.1,0.8,0.25,0.013019,0.741889
-1,2,1,-1,-1,0.15,0.15,0.8,0.25,0.02083,0.650423
-1,2,1,-1,-1,0.2,0.2,0.8,0.25,0.044265,0.589445
-1,2,1,-1,-1,0.25,0.25,0.8,0.25,0.083322,0.508143
-1,2,1,-1,-1,0.3,0.3,0.8,0.25,0.117171,0.447166
-1,2,1,-1,-1,0.35,0.35,0.8,0.25,0.148417,0.411595
-1,2,1,-1,-1,0.4,0.4,0.8,0.25,0.200493,0.325212
-1,2,1,-1,-1,0.45,0.45,0.8,0.25,0.23955,0.274397
-1,2,1,-1,-1,0.5,0.5,0.8,0.25,0.304646,0.223583
-1,2,1,-1,-1,0.55,0.55,0.8,0.25,0.393175,0.17785
-1,2,1,-1,-1,0.6,0.6,0.8,0.25,0.468685,0.116872
-1,2,1,-1,-1,0.65,0.65,0.8,0.25,0.531176,0.086385
-1,2,1,-1,-1,0.7,0.7,0.8,0.25,0.598876,0.055896
-1,2,1,-1,-1,0.75,0.75,0.8,0.25,0.679593,0.03557
-1,2,1,-1,-1,0.8,0.8,0.8,0.25,0.721254,0.020326
-1,2,1,-1,-1,0.85,0.85,0.8,0.25,0.791557,0.010163
-1,2,1,-1,-1,0.9,0.9,0.8,0.25,0.817595,0.005081
-1,2,1,-1,-1,0.95,0.95,0.8,0.25,0.859256,0.0
-1,2,1,-1,-1,1.0,1.0,0.8,0.25,0.885294,0.0
-1,2,1,-1,-1,0.05,0.05,0.85,0.25,0.002803,0.823191
-1,2,1,-1,-1,0.1,0.1,0.85,0.25,0.014014,0.741889
-1,2,1,-1,-1,0.15,0.15,0.85,0.25,0.022422,0.650423
-1,2,1,-1,-1,0.2,0.2,0.85,0.25,0.047647,0.589445
-1,2,1,-1,-1,0.25,0.25,0.85,0.25,0.089689,0.508143
-1,2,1,-1,-1,0.3,0.3,0.85,0.25,0.126125,0.447166
-1,2,1,-1,-1,0.35,0.35,0.85,0.25,0.159758,0.411595
-1,2,1,-1,-1,0.4,0.4,0.85,0.25,0.215814,0.325212
-1,2,1,-1,-1,0.45,0.45,0.85,0.25,0.257854,0.274397
-1,2,1,-1,-1,0.5,0.5,0.85,0.25,0.327924,0.223583
-1,2,1,-1,-1,0.55,0.55,0.85,0.25,0.423218,0.17785
-1,2,1,-1,-1,0.6,0.6,0.85,0.25,0.504498,0.116872
-1,2,1,-1,-1,0.65,0.65,0.85,0.25,0.571765,0.086385
-1,2,1,-1,-1,0.7,0.7,0.85,0.25,0.644637,0.055896
-1,2,1,-1,-1,0.75,0.75,0.85,0.25,0.731522,0.03557
-1,2,1,-1,-1,0.8,0.8,0.85,0.25,0.776367,0.020326
-1,2,1,-1,-1,0.85,0.85,0.85,0.25,0.852042,0.010163
-1,2,1,-1,-1,0.9,0.9,0.85,0.25,0.880069,0.005081
-1,2,1,-1,-1,0.95,0.95,0.85,0.25,0.924913,0.0
-1,2,1,-1,-1,1.0,1.0,0.85,0.25,0.952941,0.0
-1,2,1,-1,-1,0.05,0.05,0.9,0.25,0.002898,0.823191
-1,2,1,-1,-1,0.1,0.1,0.9,0.25,0.01449,0.741889
-1,2,1,-1,-1,0.15,0.15,0.9,0.25,0.023183,0.650423
-1,2,1,-1,-1,0.2,0.2,0.9,0.25,0.049265,0.589445
-1,2,1,-1,-1,0.25,0.25,0.9,0.25,0.092734,0.508143
-1,2,1,-1,-1,0.3,0.3,0.9,0.25,0.130407,0.447166
-1,2,1,-1,-1,0.35,0.35,0.9,0.25,0.165182,0.411595
-1,2,1,-1,-1,0.4,0.4,0.9,0.25,0.223141,0.325212
-1,2,1,-1,-1,0.45,0.45,0.9,0.25,0.266609,0.274397
-1,2,1,-1,-1,0.5,0.5,0.9,0.25,0.339057,0.223583
-1,2,1,-1,-1,0.55,0.55,0.9,0.25,0.437587,0.17785
-1,2,1,-1,-1,0.6,0.6,0.9,0.25,0.521626,0.116872
-1,2,1,-1,-1,0.65,0.65,0.9,0.25,0.591176,0.086385
-1,2,1,-1,-1,0.7,0.7,0.9,0.25,0.666523,0.055896
-1,2,1,-1,-1,0.75,0.75,0.9,0.25,0.756358,0.03557
-1,2,1,-1,-1,0.8,0.8,0.9,0.25,0.802725,0.020326
-1,2,1,-1,-1,0.85,0.85,0.9,0.25,0.880969,0.010163
-1,2,1,-1,-1,0.9,0.9,0.9,0.25,0.909948,0.005081
-1,2,1,-1,-1,0.95,0.95,0.9,0.25,0.956315,0.0
-1,2,1,-1,-1,1.0,1.0,0.9,0.25,0.985294,0.0
-1,2,1,-1,-1,0.05,0.05,0.95,0.25,0.002932,0.823191
-1,2,1,-1,-1,0.1,0.1,0.95,0.25,0.014663,0.741889
-1,2,1,-1,-1,0.15,0.15,0.95,0.25,0.02346,0.650423
-1,2,1,-1,-1,0.2,0.2,0.95,0.25,0.049853,0.589445
-1,2,1,-1,-1,0.25,0.25,0.95,0.25,0.093841,0.508143
-1,2,1,-1,-1,0.3,0.3,0.95,0.25,0.131964,0.447166
-1,2,1,-1,-1,0.35,0.35,0.95,0.25,0.167154,0.411595
-1,2,1,-1,-1,0.4,0.4,0.95,0.25,0.225805,0.325212
-1,2,1,-1,-1,0.45,0.45,0.95,0.25,0.269792,0.274397
-1,2,1,-1,-1,0.5,0.5,0.95,0.25,0.343106,0.223583
-1,2,1,-1,-1,0.55,0.55,0.95,0.25,0.442812,0.17785
-1,2,1,-1,-1,0.6,0.6,0.95,0.25,0.527855,0.116872
-1,2,1,-1,-1,0.65,0.65,0.95,0.25,0.598235,0.086385
-1,2,1,-1,-1,0.7,0.7,0.95,0.25,0.674481,0.055896
-1,2,1,-1,-1,0.75,0.75,0.95,0.25,0.765389,0.03557
-1,2,1,-1,-1,0.8,0.8,0.95,0.25,0.81231,0.020326
-1,2,1,-1,-1,0.85,0.85,0.95,0.25,0.891488,0.010163
-1,2,1,-1,-1,0.9,0.9,0.95,0.25,0.920813,0.005081
-1,2,1,-1,-1,0.95,0.95,0.95,0.25,0.967734,0.0
-1,2,1,-1,-1,1.0,1.0,0.95,0.25,0.997059,0.0
-1,2,1,-1,-1,0.05,0.05,1.0,0.25,0.002941,0.823191
-1,2,1,-1,-1,0.1,0.1,1.0,0.25,0.014706,0.741889
-1,2,1,-1,-1,0.15,0.15,1.0,0.25,0.023529,0.650423
-1,2,1,-1,-1,0.2,0.2,1.0,0.25,0.05,0.589445
-1,2,1,-1,-1,0.25,0.25,1.0,0.25,0.094118,0.508143
-1,2,1,-1,-1,0.3,0.3,1.0,0.25,0.132353,0.447166
-1,2,1,-1,-1,0.35,0.35,1.0,0.25,0.167647,0.411595
-1,2,1,-1,-1,0.4,0.4,1.0,0.25,0.226471,0.325212
-1,2,1,-1,-1,0.45,0.45,1.0,0.25,0.270588,0.274397
-1,2,1,-1,-1,0.5,0.5,1.0,0.25,0.344118,0.223583
-1,2,1,-1,-1,0.55,0.55,1.0,0.25,0.444118,0.17785
-1,2,1,-1,-1,0.6,0.6,1.0,0.25,0.529412,0.116872
-1,2,1,-1,-1,0.65,0.65,1.0,0.25,0.6,0.086385
-1,2,1,-1,-1,0.7,0.7,1.0,0.25,0.676471,0.055896
-1,2,1,-1,-1,0.75,0.75,1.0,0.25,0.767647,0.03557
-1,2,1,-1,-1,0.8,0.8,1.0,0.25,0.814706,0.020326
-1,2,1,-1,-1,0.85,0.85,1.0,0.25,0.894118,0.010163
-1,2,1,-1,-1,0.9,0.9,1.0,0.25,0.923529,0.005081
-1,2,1,-1,-1,0.95,0.95,1.0,0.25,0.970588,0.0
-1,2,1,-1,-1,1.0,1.0,1.0,0.25,1.0,0.0
-1,2,1,-1,-1,0.05,0.05,0.3,0.3,0.014706,0.831461
-1,2,1,-1,-1,0.1,0.1,0.3,0.3,0.014706,0.831461
-1,2,1,-1,-1,0.15,0.15,0.3,0.3,0.014706,0.831461
-1,2,1,-1,-1,0.2,0.2,0.3,0.3,0.014706,0.831461
-1,2,1,-1,-1,0.25,0.25,0.3,0.3,0.014706,0.831461
-1,2,1,-1,-1,0.3,0.3,0.3,0.3,0.014706,0.831461
-1,2,1,-1,-1,0.35,0.35,0.3,0.3,0.014706,0.831461
-1,2,1,-1,-1,0.4,0.4,0.3,0.3,0.014706,0.831461
-1,2,1,-1,-1,0.45,0.45,0.3,0.3,0.014706,0.831461
-1,2,1,-1,-1,0.5,0.5,0.3,0.3,0.014706,0.831461
-1,2,1,-1,-1,0.55,0.55,0.3,0.3,0.014706,0.831461
-1,2,1,-1,-1,0.6,0.6,0.3,0.3,0.014706,0.831461
-1,2,1,-1,-1,0.65,0.65,0.3,0.3,0.014706,0.831461
-1,2,1,-1,-1,0.7,0.7,0.3,0.3,0.014706,0.831461
-1,2,1,-1,-1,0.75,0.75,0.3,0.3,0.014706,0.831461
-1,2,1,-1,-1,0.8,0.8,0.3,0.3,0.014706,0.831461
-1,2,1,-1,-1,0.85,0.85,0.3,0.3,0.014706,0.831461
-1,2,1,-1,-1,0.9,0.9,0.3,0.3,0.014706,0.831461
-1,2,1,-1,-1,0.95,0.95,0.3,0.3,0.014706,0.831461
-1,2,1,-1,-1,1.0,1.0,0.3,0.3,0.014706,0.831461
-1,2,1,-1,-1,0.05,0.05,0.35,0.3,0.014767,0.824896
-1,2,1,-1,-1,0.1,0.1,0.35,0.3,0.015009,0.818331
-1,2,1,-1,-1,0.15,0.15,0.35,0.3,0.01519,0.810946
-1,2,1,-1,-1,0.2,0.2,0.35,0.3,0.015735,0.806022
-1,2,1,-1,-1,0.25,0.25,0.35,0.3,0.016644,0.799457
-1,2,1,-1,-1,0.3,0.3,0.35,0.3,0.017431,0.794534
-1,2,1,-1,-1,0.35,0.35,0.35,0.3,0.018158,0.791662
-1,2,1,-1,-1,0.4,0.4,0.35,0.3,0.019369,0.784686
-1,2,1,-1,-1,0.45,0.45,0.35,0.3,0.020277,0.780583
-1,2,1,-1,-1,0.5,0.5,0.35,0.3,0.021791,0.77648
-1,2,1,-1,-1,0.55,0.55,0.35,0.3,0.02385,0.772788
-1,2,1,-1,-1,0.6,0.6,0.35,0.3,0.025606,0.767864
-1,2,1,-1,-1,0.65,0.65,0.35,0.3,0.027059,0.765402
-1,2,1,-1,-1,0.7,0.7,0.35,0.3,0.028633,0.76294
-1,2,1,-1,-1,0.75,0.75,0.35,0.3,0.03051,0.761299
-1,2,1,-1,-1,0.8,0.8,0.35,0.3,0.031479,0.760068
-1,2,1,-1,-1,0.85,0.85,0.35,0.3,0.033114,0.759248
-1,2,1,-1,-1,0.9,0.9,0.35,0.3,0.03372,0.758837
-1,2,1,-1,-1,0.95,0.95,0.35,0.3,0.034688,0.758427
-1,2,1,-1,-1,1.0,1.0,0.35,0.3,0.035294,0.758427
-1,2,1,-1,-1,0.05,0.05,0.4,0.3,0.014879,0.814796
-1,2,1,-1,-1,0.1,0.1,0.4,0.3,0.015571,0.798132
-1,2,1,-1,-1,0.15,0.15,0.4,0.3,0.01609,0.779384
-1,2,1,-1,-1,0.2,0.2,0.4,0.3,0.017647,0.766885
-1,2,1,-1,-1,0.25,0.25,0.4,0.3,0.020242,0.750221
-1,2,1,-1,-1,0.3,0.3,0.4,0.3,0.022491,0.737722
-1,2,1,-1,-1,0.35,0.35,0.4,0.3,0.024567,0.730432
-1,2,1,-1,-1,0.4,0.4,0.4,0.3,0.028028,0.712726
-1,2,1,-1,-1,0.45,0.45,0.4,0.3,0.030623,0.70231
-1,2,1,-1,-1,0.5,0.5,0.4,0.3,0.034948,0.691895
-1,2,1,-1,-1,0.55,0.55,0.4,0.3,0.04083,0.682521
-1,2,1,-1,-1,0.6,0.6,0.4,0.3,0.045848,0.670022
-1,2,1,-1,-1,0.65,0.65,0.4,0.3,0.05,0.663773
-1,2,1,-1,-1,0.7,0.7,0.4,0.3,0.054498,0.657524
-1,2,1,-1,-1,0.75,0.75,0.4,0.3,0.059861,0.653358
-1,2,1,-1,-1,0.8,0.8,0.4,0.3,0.062629,0.650233
-1,2,1,-1,-1,0.85,0.85,0.4,0.3,0.067301,0.64815
-1,2,1,-1,-1,0.9,0.9,0.4,0.3,0.069031,0.647109
-1,2,1,-1,-1,0.95,0.95,0.4,0.3,0.071799,0.646067
-1,2,1,-1,-1,1.0,1.0,0.4,0.3,0.073529,0.646067
-1,2,1,-1,-1,0.05,0.05,0.45,0.3,0.014974,0.806212
-1,2,1,-1,-1,0.1,0.1,0.45,0.3,0.016047,0.780962
-1,2,1,-1,-1,0.15,0.15,0.45,0.3,0.016851,0.752557
-1,2,1,-1,-1,0.2,0.2,0.45,0.3,0.019265,0.73362
-1,2,1,-1,-1,0.25,0.25,0.45,0.3,0.023287,0.70837
-1,2,1,-1,-1,0.3,0.3,0.45,0.3,0.026773,0.689433
-1,2,1,-1,-1,0.35,0.35,0.45,0.3,0.029991,0.678387
-1,2,1,-1,-1,0.4,0.4,0.45,0.3,0.035355,0.65156
-1,2,1,-1,-1,0.45,0.45,0.45,0.3,0.039377,0.635779
-1,2,1,-1,-1,0.5,0.5,0.45,0.3,0.046081,0.619998
-1,2,1,-1,-1,0.55,0.55,0.45,0.3,0.055199,0.605795
-1,2,1,-1,-1,0.6,0.6,0.45,0.3,0.062976,0.586858
-1,2,1,-1,-1,0.65,0.65,0.45,0.3,0.069412,0.57739
-1,2,1,-1,-1,0.7,0.7,0.45,0.3,0.076384,0.567921
-1,2,1,-1,-1,0.75,0.75,0.45,0.3,0.084697,0.561609
-1,2,1,-1,-1,0.8,0.8,0.45,0.3,0.088988,0.556874
-1,2,1,-1,-1,0.85,0.85,0.45,0.3,0.096228,0.553718
-1,2,1,-1,-1,0.9,0.9,0.45,0.3,0.09891,0.55214
-1,2,1,-1,-1,0.95,0.95,0.45,0.3,0.1032,0.550562
-1,2,1,-1,-1,1.0,1.0,0.45,0.3,0.105882,0.550562
-1,2,1,-1,-1,0.05,0.05,0.5,0.3,0.015216,0.794092
-1,2,1,-1,-1,0.1,0.1,0.5,0.3,0.017258,0.756723
-1,2,1,-1,-1,0.15,0.15,0.5,0.3,0.018789,0.714683
-1,2,1,-1,-1,0.2,0.2,0.5,0.3,0.023382,0.686656
-1,2,1,-1,-1,0.25,0.25,0.5,0.3,0.031038,0.649287
-1,2,1,-1,-1,0.3,0.3,0.5,0.3,0.037673,0.62126
-1,2,1,-1,-1,0.35,0.35,0.5,0.3,0.043798,0.604911
-1,2,1,-1,-1,0.4,0.4,0.5,0.3,0.054005,0.565206
-1,2,1,-1,-1,0.45,0.45,0.5,0.3,0.061661,0.541851
-1,2,1,-1,-1,0.5,0.5,0.5,0.3,0.07442,0.518495
-1,2,1,-1,-1,0.55,0.55,0.5,0.3,0.091773,0.497475
-1,2,1,-1,-1,0.6,0.6,0.5,0.3,0.106574,0.469448
-1,2,1,-1,-1,0.65,0.65,0.5,0.3,0.118823,0.455435
-1,2,1,-1,-1,0.7,0.7,0.5,0.3,0.132093,0.441421
-1,2,1,-1,-1,0.75,0.75,0.5,0.3,0.147915,0.432079
-1,2,1,-1,-1,0.8,0.8,0.5,0.3,0.156081,0.425072
-1,2,1,-1,-1,0.85,0.85,0.5,0.3,0.169861,0.420401
-1,2,1,-1,-1,0.9,0.9,0.5,0.3,0.174965,0.418066
-1,2,1,-1,-1,0.95,0.95,0.5,0.3,0.183131,0.41573
-1,2,1,-1,-1,1.0,1.0,0.5,0.3,0.188235,0.41573
-1,2,1,-1,-1,0.05,0.05,0.55,0.3,0.015571,0.777932
-1,2,1,-1,-1,0.1,0.1,0.55,0.3,0.019031,0.724404
-1,2,1,-1,-1,0.15,0.15,0.55,0.3,0.021626,0.664184
-1,2,1,-1,-1,0.2,0.2,0.55,0.3,0.029412,0.624037
-1,2,1,-1,-1,0.25,0.25,0.55,0.3,0.042388,0.570509
-1,2,1,-1,-1,0.3,0.3,0.55,0.3,0.053633,0.530362
-1,2,1,-1,-1,0.35,0.35,0.55,0.3,0.064014,0.506944
-1,2,1,-1,-1,0.4,0.4,0.55,0.3,0.081315,0.45007
-1,2,1,-1,-1,0.45,0.45,0.55,0.3,0.094291,0.416614
-1,2,1,-1,-1,0.5,0.5,0.55,0.3,0.115917,0.383159
-1,2,1,-1,-1,0.55,0.55,0.55,0.3,0.145329,0.353049
-1,2,1,-1,-1,0.6,0.6,0.55,0.3,0.170416,0.312902
-1,2,1,-1,-1,0.65,0.65,0.55,0.3,0.191177,0.292829
-1,2,1,-1,-1,0.7,0.7,0.55,0.3,0.213668,0.272756
-1,2,1,-1,-1,0.75,0.75,0.55,0.3,0.240485,0.259374
-1,2,1,-1,-1,0.8,0.8,0.55,0.3,0.254326,0.249337
-1,2,1,-1,-1,0.85,0.85,0.55,0.3,0.277682,0.242646
-1,2,1,-1,-1,0.9,0.9,0.55,0.3,0.286333,0.239301
-1,2,1,-1,-1,0.95,0.95,0.55,0.3,0.300173,0.235955
-1,2,1,-1,-1,1.0,1.0,0.55,0.3,0.308824,0.235955
-1,2,1,-1,-1,0.05,0.05,0.6,0.3,0.015891,0.768842
-1,2,1,-1,-1,0.1,0.1,0.6,0.3,0.020632,0.706224
-1,2,1,-1,-1,0.15,0.15,0.6,0.3,0.024187,0.635778
-1,2,1,-1,-1,0.2,0.2,0.6,0.3,0.034853,0.588814
-1,2,1,-1,-1,0.25,0.25,0.6,0.3,0.05263,0.526196
-1,2,1,-1,-1,0.3,0.3,0.6,0.3,0.068036,0.479232
-1,2,1,-1,-1,0.35,0.35,0.6,0.3,0.082258,0.451837
-1,2,1,-1,-1,0.4,0.4,0.6,0.3,0.10596,0.385305
-1,2,1,-1,-1,0.45,0.45,0.6,0.3,0.123737,0.346168
-1,2,1,-1,-1,0.5,0.5,0.6,0.3,0.153365,0.307032
-1,2,1,-1,-1,0.55,0.55,0.6,0.3,0.193659,0.271809
-1,2,1,-1,-1,0.6,0.6,0.6,0.3,0.228028,0.224845
-1,2,1,-1,-1,0.65,0.65,0.6,0.3,0.256471,0.201363
-1,2,1,-1,-1,0.7,0.7,0.6,0.3,0.287284,0.177881
-1,2,1,-1,-1,0.75,0.75,0.6,0.3,0.324022,0.162227
-1,2,1,-1,-1,0.8,0.8,0.6,0.3,0.342984,0.150486
-1,2,1,-1,-1,0.85,0.85,0.6,0.3,0.374983,0.142658
-1,2,1,-1,-1,0.9,0.9,0.6,0.3,0.386834,0.138745
-1,2,1,-1,-1,0.95,0.95,0.6,0.3,0.405796,0.134831
-1,2,1,-1,-1,1.0,1.0,0.6,0.3,0.417647,0.134831
-1,2,1,-1,-1,0.05,0.05,0.65,0.3,0.016306,0.763288
-1,2,1,-1,-1,0.1,0.1,0.65,0.3,0.022708,0.695115
-1,2,1,-1,-1,0.15,0.15,0.65,0.3,0.027509,0.61842
-1,2,1,-1,-1,0.2,0.2,0.65,0.3,0.041912,0.567289
-1,2,1,-1,-1,0.25,0.25,0.65,0.3,0.065917,0.499117
-1,2,1,-1,-1,0.3,0.3,0.65,0.3,0.086722,0.447987
-1,2,1,-1,-1,0.35,0.35,0.65,0.3,0.105926,0.418161
-1,2,1,-1,-1,0.4,0.4,0.65,0.3,0.137933,0.345727
-1,2,1,-1,-1,0.45,0.45,0.65,0.3,0.161938,0.303119
-1,2,1,-1,-1,0.5,0.5,0.65,0.3,0.201947,0.26051
-1,2,1,-1,-1,0.55,0.55,0.65,0.3,0.256359,0.222163
-1,2,1,-1,-1,0.6,0.6,0.65,0.3,0.302769,0.171033
-1,2,1,-1,-1,0.65,0.65,0.65,0.3,0.341177,0.145468
-1,2,1,-1,-1,0.7,0.7,0.65,0.3,0.382786,0.119903
-1,2,1,-1,-1,0.75,0.75,0.65,0.3,0.432397,0.10286
-1,2,1,-1,-1,0.8,0.8,0.65,0.3,0.458002,0.090077
-1,2,1,-1,-1,0.85,0.85,0.65,0.3,0.501212,0.081556
-1,2,1,-1,-1,0.9,0.9,0.65,0.3,0.517215,0.077295
-1,2,1,-1,-1,0.95,0.95,0.65,0.3,0.54282,0.073034
-1,2,1,-1,-1,1.0,1.0,0.65,0.3,0.558824,0.073034
-1,2,1,-1,-1,0.05,0.05,0.7,0.3,0.016695,0.759753
-1,2,1,-1,-1,0.1,0.1,0.7,0.3,0.024654,0.688045
-1,2,1,-1,-1,0.15,0.15,0.7,0.3,0.030623,0.607373
-1,2,1,-1,-1,0.2,0.2,0.7,0.3,0.04853,0.553592
-1,2,1,-1,-1,0.25,0.25,0.7,0.3,0.078374,0.481884
-1,2,1,-1,-1,0.3,0.3,0.7,0.3,0.104239,0.428103
-1,2,1,-1,-1,0.35,0.35,0.7,0.3,0.128114,0.39673
-1,2,1,-1,-1,0.4,0.4,0.7,0.3,0.167907,0.320541
-1,2,1,-1,-1,0.45,0.45,0.7,0.3,0.197751,0.275723
-1,2,1,-1,-1,0.5,0.5,0.7,0.3,0.247492,0.230905
-1,2,1,-1,-1,0.55,0.55,0.7,0.3,0.315139,0.190569
-1,2,1,-1,-1,0.6,0.6,0.7,0.3,0.372837,0.136788
-1,2,1,-1,-1,0.65,0.65,0.7,0.3,0.420588,0.109898
-1,2,1,-1,-1,0.7,0.7,0.7,0.3,0.472318,0.083008
-1,2,1,-1,-1,0.75,0.75,0.7,0.3,0.533996,0.06508
-1,2,1,-1,-1,0.8,0.8,0.7,0.3,0.56583,0.051635
-1,2,1,-1,-1,0.85,0.85,0.7,0.3,0.61955,0.042672
-1,2,1,-1,-1,0.9,0.9,0.7,0.3,0.639446,0.03819
-1,2,1,-1,-1,0.95,0.95,0.7,0.3,0.67128,0.033708
-1,2,1,-1,-1,1.0,1.0,0.7,0.3,0.691176,0.033708
-1,2,1,-1,-1,0.05,0.05,0.75,0.3,0.017042,0.758238
-1,2,1,-1,-1,0.1,0.1,0.75,0.3,0.026384,0.685015
-1,2,1,-1,-1,0.15,0.15,0.75,0.3,0.033391,0.602639
-1,2,1,-1,-1,0.2,0.2,0.75,0.3,0.054412,0.547721
-1,2,1,-1,-1,0.25,0.25,0.75,0.3,0.089447,0.474499
-1,2,1,-1,-1,0.3,0.3,0.75,0.3,0.11981,0.419581
-1,2,1,-1,-1,0.35,0.35,0.75,0.3,0.147838,0.387546
-1,2,1,-1,-1,0.4,0.4,0.75,0.3,0.194551,0.309747
-1,2,1,-1,-1,0.45,0.45,0.75,0.3,0.229585,0.263982
-1,2,1,-1,-1,0.5,0.5,0.75,0.3,0.287976,0.218218
-1,2,1,-1,-1,0.55,0.55,0.75,0.3,0.367388,0.177029
-1,2,1,-1,-1,0.6,0.6,0.75,0.3,0.435122,0.122112
-1,2,1,-1,-1,0.65,0.65,0.75,0.3,0.491177,0.094654
-1,2,1,-1,-1,0.7,0.7,0.75,0.3,0.551904,0.067195
-1,2,1,-1,-1,0.75,0.75,0.75,0.3,0.624308,0.048889
-1,2,1,-1,-1,0.8,0.8,0.75,0.3,0.661679,0.03516
-1,2,1,-1,-1,0.85,0.85,0.75,0.3,0.724741,0.026007
-1,2,1,-1,-1,0.9,0.9,0.75,0.3,0.748097,0.02143
-1,2,1,-1,-1,0.95,0.95,0.75,0.3,0.785467,0.016854
-1,2,1,-1,-1,1.0,1.0,0.75,0.3,0.808824,0.016854
-1,2,1,-1,-1,0.05,0.05,0.8,0.3,0.017266,0.756723
-1,2,1,-1,-1,0.1,0.1,0.8,0.3,0.027509,0.681985
-1,2,1,-1,-1,0.15,0.15,0.8,0.3,0.03519,0.597904
-1,2,1,-1,-1,0.2,0.2,0.8,0.3,0.058235,0.541851
-1,2,1,-1,-1,0.25,0.25,0.8,0.3,0.096644,0.467113
-1,2,1,-1,-1,0.3,0.3,0.8,0.3,0.129931,0.411059
-1,2,1,-1,-1,0.35,0.35,0.8,0.3,0.160657,0.378361
-1,2,1,-1,-1,0.4,0.4,0.8,0.3,0.211869,0.298953
-1,2,1,-1,-1,0.45,0.45,0.8,0.3,0.250277,0.252241
-1,2,1,-1,-1,0.5,0.5,0.8,0.3,0.314291,0.20553
-1,2,1,-1,-1,0.55,0.55,0.8,0.3,0.40135,0.163489
-1,2,1,-1,-1,0.6,0.6,0.8,0.3,0.475606,0.107436
-1,2,1,-1,-1,0.65,0.65,0.8,0.3,0.537059,0.07941
-1,2,1,-1,-1,0.7,0.7,0.8,0.3,0.603634,0.051383
-1,2,1,-1,-1,0.75,0.75,0.8,0.3,0.68301,0.032698
-1,2,1,-1,-1,0.8,0.8,0.8,0.3,0.723979,0.018685
-1,2,1,-1,-1,0.85,0.85,0.8,0.3,0.793114,0.009342
-1,2,1,-1,-1,0.9,0.9,0.8,0.3,0.818719,0.004671
-1,2,1,-1,-1,0.95,0.95,0.8,0.3,0.859688,0.0
-1,2,1,-1,-1,1.0,1.0,0.8,0.3,0.885294,0.0
-1,2,1,-1,-1,0.05,0.05,0.85,0.3,0.017465,0.756723
-1,2,1,-1,-1,0.1,0.1,0.85,0.3,0.028504,0.681985
-1,2,1,-1,-1,0.15,0.15,0.85,0.3,0.036782,0.597904
-1,2,1,-1,-1,0.2,0.2,0.85,0.3,0.061618,0.541851
-1,2,1,-1,-1,0.25,0.25,0.85,0.3,0.103011,0.467113
-1,2,1,-1,-1,0.3,0.3,0.85,0.3,0.138884,0.411059
-1,2,1,-1,-1,0.35,0.35,0.85,0.3,0.171998,0.378361
-1,2,1,-1,-1,0.4,0.4,0.85,0.3,0.227189,0.298953
-1,2,1,-1,-1,0.45,0.45,0.85,0.3,0.268581,0.252241
-1,2,1,-1,-1,0.5,0.5,0.85,0.3,0.33757,0.20553
-1,2,1,-1,-1,0.55,0.55,0.85,0.3,0.431393,0.163489
-1,2,1,-1,-1,0.6,0.6,0.85,0.3,0.511419,0.107436
-1,2,1,-1,-1,0.65,0.65,0.85,0.3,0.577647,0.07941
-1,2,1,-1,-1,0.7,0.7,0.85,0.3,0.649395,0.051383
-1,2,1,-1,-1,0.75,0.75,0.85,0.3,0.734939,0.032698
-1,2,1,-1,-1,0.8,0.8,0.85,0.3,0.779092,0.018685
-1,2,1,-1,-1,0.85,0.85,0.85,0.3,0.853599,0.009342
-1,2,1,-1,-1,0.9,0.9,0.85,0.3,0.881193,0.004671
-1,2,1,-1,-1,0.95,0.95,0.85,0.3,0.925346,0.0
-1,2,1,-1,-1,1.0,1.0,0.85,0.3,0.952941,0.0
-1,2,1,-1,-1,0.05,0.05,0.9,0.3,0.01756,0.756723
-1,2,1,-1,-1,0.1,0.1,0.9,0.3,0.028979,0.681985
-1,2,1,-1,-1,0.15,0.15,0.9,0.3,0.037543,0.597904
-1,2,1,-1,-1,0.2,0.2,0.9,0.3,0.063235,0.541851
-1,2,1,-1,-1,0.25,0.25,0.9,0.3,0.106056,0.467113
-1,2,1,-1,-1,0.3,0.3,0.9,0.3,0.143166,0.411059
-1,2,1,-1,-1,0.35,0.35,0.9,0.3,0.177422,0.378361
-1,2,1,-1,-1,0.4,0.4,0.9,0.3,0.234516,0.298953
-1,2,1,-1,-1,0.45,0.45,0.9,0.3,0.277335,0.252241
-1,2,1,-1,-1,0.5,0.5,0.9,0.3,0.348703,0.20553
-1,2,1,-1,-1,0.55,0.55,0.9,0.3,0.445762,0.163489
-1,2,1,-1,-1,0.6,0.6,0.9,0.3,0.528547,0.107436
-1,2,1,-1,-1,0.65,0.65,0.9,0.3,0.597059,0.07941
-1,2,1,-1,-1,0.7,0.7,0.9,0.3,0.671281,0.051383
-1,2,1,-1,-1,0.75,0.75,0.9,0.3,0.759775,0.032698
-1,2,1,-1,-1,0.8,0.8,0.9,0.3,0.80545,0.018685
-1,2,1,-1,-1,0.85,0.85,0.9,0.3,0.882526,0.009342
-1,2,1,-1,-1,0.9,0.9,0.9,0.3,0.911072,0.004671
-1,2,1,-1,-1,0.95,0.95,0.9,0.3,0.956747,0.0
-1,2,1,-1,-1,1.0,1.0,0.9,0.3,0.985294,0.0
-1,2,1,-1,-1,0.05,0.05,0.95,0.3,0.017595,0.756723
-1,2,1,-1,-1,0.1,0.1,0.95,0.3,0.029152,0.681985
-1,2,1,-1,-1,0.15,0.15,0.95,0.3,0.03782,0.597904
-1,2,1,-1,-1,0.2,0.2,0.95,0.3,0.063824,0.541851
-1,2,1,-1,-1,0.25,0.25,0.95,0.3,0.107163,0.467113
-1,2,1,-1,-1,0.3,0.3,0.95,0.3,0.144723,0.411059
-1,2,1,-1,-1,0.35,0.35,0.95,0.3,0.179395,0.378361
-1,2,1,-1,-1,0.4,0.4,0.95,0.3,0.23718,0.298953
-1,2,1,-1,-1,0.45,0.45,0.95,0.3,0.280519,0.252241
-1,2,1,-1,-1,0.5,0.5,0.95,0.3,0.352751,0.20553
-1,2,1,-1,-1,0.55,0.55,0.95,0.3,0.450987,0.163489
-1,2,1,-1,-1,0.6,0.6,0.95,0.3,0.534775,0.107436
-1,2,1,-1,-1,0.65,0.65,0.95,0.3,0.604118,0.07941
-1,2,1,-1,-1,0.7,0.7,0.95,0.3,0.679239,0.051383
-1,2,1,-1,-1,0.75,0.75,0.95,0.3,0.768806,0.032698
-1,2,1,-1,-1,0.8,0.8,0.95,0.3,0.815035,0.018685
-1,2,1,-1,-1,0.85,0.85,0.95,0.3,0.893045,0.009342
-1,2,1,-1,-1,0.9,0.9,0.95,0.3,0.921937,0.004671
-1,2,1,-1,-1,0.95,0.95,0.95,0.3,0.968166,0.0
-1,2,1,-1,-1,1.0,1.0,0.95,0.3,0.997059,0.0
-1,2,1,-1,-1,0.05,0.05,1.0,0.3,0.017604,0.756723
-1,2,1,-1,-1,0.1,0.1,1.0,0.3,0.029196,0.681985
-1,2,1,-1,-1,0.15,0.15,1.0,0.3,0.037889,0.597904
-1,2,1,-1,-1,0.2,0.2,1.0,0.3,0.063971,0.541851
-1,2,1,-1,-1,0.25,0.25,1.0,0.3,0.10744,0.467113
-1,2,1,-1,-1,0.3,0.3,1.0,0.3,0.145113,0.411059
-1,2,1,-1,-1,0.35,0.35,1.0,0.3,0.179888,0.378361
-1,2,1,-1,-1,0.4,0.4,1.0,0.3,0.237847,0.298953
-1,2,1,-1,-1,0.45,0.45,1.0,0.3,0.281315,0.252241
-1,2,1,-1,-1,0.5,0.5,1.0,0.3,0.353763,0.20553
-1,2,1,-1,-1,0.55,0.55,1.0,0.3,0.452293,0.163489
-1,2,1,-1,-1,0.6,0.6,1.0,0.3,0.536332,0.107436
-1,2,1,-1,-1,0.65,0.65,1.0,0.3,0.605882,0.07941
-1,2,1,-1,-1,0.7,0.7,1.0,0.3,0.681229,0.051383
-1,2,1,-1,-1,0.75,0.75,1.0,0.3,0.771064,0.032698
-1,2,1,-1,-1,0.8,0.8,1.0,0.3,0.817431,0.018685
-1,2,1,-1,-1,0.85,0.85,1.0,0.3,0.895675,0.009342
-1,2,1,-1,-1,0.9,0.9,1.0,0.3,0.924654,0.004671
-1,2,1,-1,-1,0.95,0.95,1.0,0.3,0.971021,0.0
-1,2,1,-1,-1,1.0,1.0,1.0,0.3,1.0,0.0
-1,2,1,-1,-1,0.05,0.05,0.35,0.35,0.035294,0.758427
-1,2,1,-1,-1,0.1,0.1,0.35,0.35,0.035294,0.758427
-1,2,1,-1,-1,0.15,0.15,0.35,0.35,0.035294,0.758427
-1,2,1,-1,-1,0.2,0.2,0.35,0.35,0.035294,0.758427
-1,2,1,-1,-1,0.25,0.25,0.35,0.35,0.035294,0.758427
-1,2,1,-1,-1,0.3,0.3,0.35,0.35,0.035294,0.758427
-1,2,1,-1,-1,0.35,0.35,0.35,0.35,0.035294,0.758427
-1,2,1,-1,-1,0.4,0.4,0.35,0.35,0.035294,0.758427
-1,2,1,-1,-1,0.45,0.45,0.35,0.35,0.035294,0.758427
-1,2,1,-1,-1,0.5,0.5,0.35,0.35,0.035294,0.758427
-1,2,1,-1,-1,0.55,0.55,0.35,0.35,0.035294,0.758427
-1,2,1,-1,-1,0.6,0.6,0.35,0.35,0.035294,0.758427
-1,2,1,-1,-1,0.65,0.65,0.35,0.35,0.035294,0.758427
-1,2,1,-1,-1,0.7,0.7,0.35,0.35,0.035294,0.758427
-1,2,1,-1,-1,0.75,0.75,0.35,0.35,0.035294,0.758427
-1,2,1,-1,-1,0.8,0.8,0.35,0.35,0.035294,0.758427
-1,2,1,-1,-1,0.85,0.85,0.35,0.35,0.035294,0.758427
-1,2,1,-1,-1,0.9,0.9,0.35,0.35,0.035294,0.758427
-1,2,1,-1,-1,0.95,0.95,0.35,0.35,0.035294,0.758427
-1,2,1,-1,-1,1.0,1.0,0.35,0.35,0.035294,0.758427
-1,2,1,-1,-1,0.05,0.05,0.4,0.35,0.035406,0.748327
-1,2,1,-1,-1,0.1,0.1,0.4,0.35,0.035856,0.738227
-1,2,1,-1,-1,0.15,0.15,0.4,0.35,0.036194,0.726865
-1,2,1,-1,-1,0.2,0.2,0.4,0.35,0.037206,0.71929
-1,2,1,-1,-1,0.25,0.25,0.4,0.35,0.038893,0.709191
-1,2,1,-1,-1,0.3,0.3,0.4,0.35,0.040355,0.701616
-1,2,1,-1,-1,0.35,0.35,0.4,0.35,0.041704,0.697197
-1,2,1,-1,-1,0.4,0.4,0.4,0.35,0.043953,0.686466
-1,2,1,-1,-1,0.45,0.45,0.4,0.35,0.04564,0.680154
-1,2,1,-1,-1,0.5,0.5,0.4,0.35,0.048451,0.673841
-1,2,1,-1,-1,0.55,0.55,0.4,0.35,0.052275,0.66816
-1,2,1,-1,-1,0.6,0.6,0.4,0.35,0.055536,0.660585
-1,2,1,-1,-1,0.65,0.65,0.4,0.35,0.058235,0.656798
-1,2,1,-1,-1,0.7,0.7,0.4,0.35,0.061159,0.653011
-1,2,1,-1,-1,0.75,0.75,0.4,0.35,0.064645,0.650486
-1,2,1,-1,-1,0.8,0.8,0.4,0.35,0.066444,0.648592
-1,2,1,-1,-1,0.85,0.85,0.4,0.35,0.069481,0.647329
-1,2,1,-1,-1,0.9,0.9,0.4,0.35,0.070605,0.646698
-1,2,1,-1,-1,0.95,0.95,0.4,0.35,0.072404,0.646067
-1,2,1,-1,-1,1.0,1.0,0.4,0.35,0.073529,0.646067
-1,2,1,-1,-1,0.05,0.05,0.45,0.35,0.035502,0.739742
-1,2,1,-1,-1,0.1,0.1,0.45,0.35,0.036332,0.721058
-1,2,1,-1,-1,0.15,0.15,0.45,0.35,0.036955,0.700038
-1,2,1,-1,-1,0.2,0.2,0.45,0.35,0.038823,0.686025
-1,2,1,-1,-1,0.25,0.25,0.45,0.35,0.041938,0.66734
-1,2,1,-1,-1,0.3,0.3,0.45,0.35,0.044637,0.653327
-1,2,1,-1,-1,0.35,0.35,0.45,0.35,0.047128,0.645152
-1,2,1,-1,-1,0.4,0.4,0.45,0.35,0.05128,0.6253
-1,2,1,-1,-1,0.45,0.45,0.45,0.35,0.054394,0.613622
-1,2,1,-1,-1,0.5,0.5,0.45,0.35,0.059585,0.601944
-1,2,1,-1,-1,0.55,0.55,0.45,0.35,0.066643,0.591434
-1,2,1,-1,-1,0.6,0.6,0.45,0.35,0.072664,0.577421
-1,2,1,-1,-1,0.65,0.65,0.45,0.35,0.077647,0.570414
-1,2,1,-1,-1,0.7,0.7,0.45,0.35,0.083045,0.563408
-1,2,1,-1,-1,0.75,0.75,0.45,0.35,0.089481,0.558736
-1,2,1,-1,-1,0.8,0.8,0.45,0.35,0.092802,0.555233
-1,2,1,-1,-1,0.85,0.85,0.45,0.35,0.098408,0.552898
-1,2,1,-1,-1,0.9,0.9,0.45,0.35,0.100484,0.55173
-1,2,1,-1,-1,0.95,0.95,0.45,0.35,0.103806,0.550562
-1,2,1,-1,-1,1.0,1.0,0.45,0.35,0.105882,0.550562
-1,2,1,-1,-1,0.05,0.05,0.5,0.35,0.035744,0.727623
-1,2,1,-1,-1,0.1,0.1,0.5,0.35,0.037543,0.696819
-1,2,1,-1,-1,0.15,0.15,0.5,0.35,0.038893,0.662164
-1,2,1,-1,-1,0.2,0.2,0.5,0.35,0.042941,0.63906
-1,2,1,-1,-1,0.25,0.25,0.5,0.35,0.049689,0.608256
-1,2,1,-1,-1,0.3,0.3,0.5,0.35,0.055536,0.585153
-1,2,1,-1,-1,0.35,0.35,0.5,0.35,0.060934,0.571676
-1,2,1,-1,-1,0.4,0.4,0.5,0.35,0.069931,0.538947
-1,2,1,-1,-1,0.45,0.45,0.5,0.35,0.076678,0.519694
-1,2,1,-1,-1,0.5,0.5,0.5,0.35,0.087924,0.500442
-1,2,1,-1,-1,0.55,0.55,0.5,0.35,0.103218,0.483114
-1,2,1,-1,-1,0.6,0.6,0.5,0.35,0.116263,0.460011
-1,2,1,-1,-1,0.65,0.65,0.5,0.35,0.127059,0.44846
-1,2,1,-1,-1,0.7,0.7,0.5,0.35,0.138754,0.436908
-1,2,1,-1,-1,0.75,0.75,0.5,0.35,0.152699,0.429207
-1,2,1,-1,-1,0.8,0.8,0.5,0.35,0.159896,0.423431
-1,2,1,-1,-1,0.85,0.85,0.5,0.35,0.172041,0.419581
-1,2,1,-1,-1,0.9,0.9,0.5,0.35,0.176539,0.417655
-1,2,1,-1,-1,0.95,0.95,0.5,0.35,0.183737,0.41573
-1,2,1,-1,-1,1.0,1.0,0.5,0.35,0.188235,0.41573
-1,2,1,-1,-1,0.05,0.05,0.55,0.35,0.036098,0.711463
-1,2,1,-1,-1,0.1,0.1,0.55,0.35,0.039317,0.6645
-1,2,1,-1,-1,0.15,0.15,0.55,0.35,0.04173,0.611665
-1,2,1,-1,-1,0.2,0.2,0.55,0.35,0.048971,0.576442
-1,2,1,-1,-1,0.25,0.25,0.55,0.35,0.061038,0.529479
-1,2,1,-1,-1,0.3,0.3,0.55,0.35,0.071497,0.494256
-1,2,1,-1,-1,0.35,0.35,0.55,0.35,0.08115,0.473709
-1,2,1,-1,-1,0.4,0.4,0.55,0.35,0.097241,0.42381
-1,2,1,-1,-1,0.45,0.45,0.55,0.35,0.109308,0.394458
-1,2,1,-1,-1,0.5,0.5,0.55,0.35,0.129421,0.365105
-1,2,1,-1,-1,0.55,0.55,0.55,0.35,0.156774,0.338688
-1,2,1,-1,-1,0.6,0.6,0.55,0.35,0.180104,0.303465
-1,2,1,-1,-1,0.65,0.65,0.55,0.35,0.199412,0.285854
-1,2,1,-1,-1,0.7,0.7,0.55,0.35,0.220329,0.268243
-1,2,1,-1,-1,0.75,0.75,0.55,0.35,0.245268,0.256502
-1,2,1,-1,-1,0.8,0.8,0.55,0.35,0.258141,0.247696
-1,2,1,-1,-1,0.85,0.85,0.55,0.35,0.279862,0.241825
-1,2,1,-1,-1,0.9,0.9,0.55,0.35,0.287907,0.23889
-1,2,1,-1,-1,0.95,0.95,0.55,0.35,0.300779,0.235955
-1,2,1,-1,-1,1.0,1.0,0.55,0.35,0.308824,0.235955
-1,2,1,-1,-1,0.05,0.05,0.6,0.35,0.036419,0.702373
-1,2,1,-1,-1,0.1,0.1,0.6,0.35,0.040917,0.64632
-1,2,1,-1,-1,0.15,0.15,0.6,0.35,0.04429,0.58326
-1,2,1,-1,-1,0.2,0.2,0.6,0.35,0.054412,0.541219
-1,2,1,-1,-1,0.25,0.25,0.6,0.35,0.07128,0.485166
-1,2,1,-1,-1,0.3,0.3,0.6,0.35,0.0859,0.443126
-1,2,1,-1,-1,0.35,0.35,0.6,0.35,0.099394,0.418602
-1,2,1,-1,-1,0.4,0.4,0.6,0.35,0.121886,0.359046
-1,2,1,-1,-1,0.45,0.45,0.6,0.35,0.138754,0.324012
-1,2,1,-1,-1,0.5,0.5,0.6,0.35,0.166869,0.288978
-1,2,1,-1,-1,0.55,0.55,0.6,0.35,0.205104,0.257448
-1,2,1,-1,-1,0.6,0.6,0.6,0.35,0.237716,0.215408
-1,2,1,-1,-1,0.65,0.65,0.6,0.35,0.264706,0.194388
-1,2,1,-1,-1,0.7,0.7,0.6,0.35,0.293945,0.173368
-1,2,1,-1,-1,0.75,0.75,0.6,0.35,0.328806,0.159355
-1,2,1,-1,-1,0.8,0.8,0.6,0.35,0.346799,0.148844
-1,2,1,-1,-1,0.85,0.85,0.6,0.35,0.377163,0.141838
-1,2,1,-1,-1,0.9,0.9,0.6,0.35,0.388408,0.138334
-1,2,1,-1,-1,0.95,0.95,0.6,0.35,0.406401,0.134831
-1,2,1,-1,-1,1.0,1.0,0.6,0.35,0.417647,0.134831
-1,2,1,-1,-1,0.05,0.05,0.65,0.35,0.036834,0.696818
-1,2,1,-1,-1,0.1,0.1,0.65,0.35,0.042993,0.63521
-1,2,1,-1,-1,0.15,0.15,0.65,0.35,0.047612,0.565901
-1,2,1,-1,-1,0.2,0.2,0.65,0.35,0.06147,0.519694
-1,2,1,-1,-1,0.25,0.25,0.65,0.35,0.084568,0.458086
-1,2,1,-1,-1,0.3,0.3,0.65,0.35,0.104585,0.41188
-1,2,1,-1,-1,0.35,0.35,0.65,0.35,0.123062,0.384926
-1,2,1,-1,-1,0.4,0.4,0.65,0.35,0.153858,0.319468
-1,2,1,-1,-1,0.45,0.45,0.65,0.35,0.176955,0.280962
-1,2,1,-1,-1,0.5,0.5,0.65,0.35,0.21545,0.242457
-1,2,1,-1,-1,0.55,0.55,0.65,0.35,0.267803,0.207802
-1,2,1,-1,-1,0.6,0.6,0.65,0.35,0.312457,0.161596
-1,2,1,-1,-1,0.65,0.65,0.65,0.35,0.349412,0.138493
-1,2,1,-1,-1,0.7,0.7,0.65,0.35,0.389447,0.11539
-1,2,1,-1,-1,0.75,0.75,0.65,0.35,0.43718,0.099988
-1,2,1,-1,-1,0.8,0.8,0.65,0.35,0.461817,0.088436
-1,2,1,-1,-1,0.85,0.85,0.65,0.35,0.503392,0.080735
-1,2,1,-1,-1,0.9,0.9,0.65,0.35,0.518789,0.076885
-1,2,1,-1,-1,0.95,0.95,0.65,0.35,0.543426,0.073034
-1,2,1,-1,-1,1.0,1.0,0.65,0.35,0.558824,0.073034
-1,2,1,-1,-1,0.05,0.05,0.7,0.35,0.037223,0.693283
-1,2,1,-1,-1,0.1,0.1,0.7,0.35,0.044939,0.628141
-1,2,1,-1,-1,0.15,0.15,0.7,0.35,0.050726,0.554854
-1,2,1,-1,-1,0.2,0.2,0.7,0.35,0.068088,0.505997
-1,2,1,-1,-1,0.25,0.25,0.7,0.35,0.097024,0.440854
-1,2,1,-1,-1,0.3,0.3,0.7,0.35,0.122102,0.391996
-1,2,1,-1,-1,0.35,0.35,0.7,0.35,0.145251,0.363496
-1,2,1,-1,-1,0.4,0.4,0.7,0.35,0.183832,0.294281
-1,2,1,-1,-1,0.45,0.45,0.7,0.35,0.212768,0.253567
-1,2,1,-1,-1,0.5,0.5,0.7,0.35,0.260995,0.212852
-1,2,1,-1,-1,0.55,0.55,0.7,0.35,0.326583,0.176209
-1,2,1,-1,-1,0.6,0.6,0.7,0.35,0.382526,0.127351
-1,2,1,-1,-1,0.65,0.65,0.7,0.35,0.428823,0.102923
-1,2,1,-1,-1,0.7,0.7,0.7,0.35,0.478979,0.078494
-1,2,1,-1,-1,0.75,0.75,0.7,0.35,0.53878,0.062208
-1,2,1,-1,-1,0.8,0.8,0.7,0.35,0.569645,0.049994
-1,2,1,-1,-1,0.85,0.85,0.7,0.35,0.62173,0.041851
-1,2,1,-1,-1,0.9,0.9,0.7,0.35,0.64102,0.037779
-1,2,1,-1,-1,0.95,0.95,0.7,0.35,0.671885,0.033708
-1,2,1,-1,-1,1.0,1.0,0.7,0.35,0.691176,0.033708
-1,2,1,-1,-1,0.05,0.05,0.75,0.35,0.037569,0.691768
-1,2,1,-1,-1,0.1,0.1,0.75,0.35,0.04667,0.625111
-1,2,1,-1,-1,0.15,0.15,0.75,0.35,0.053494,0.55012
-1,2,1,-1,-1,0.2,0.2,0.75,0.35,0.07397,0.500126
-1,2,1,-1,-1,0.25,0.25,0.75,0.35,0.108097,0.433468
-1,2,1,-1,-1,0.3,0.3,0.75,0.35,0.137673,0.383474
-1,2,1,-1,-1,0.35,0.35,0.75,0.35,0.164974,0.354311
-1,2,1,-1,-1,0.4,0.4,0.75,0.35,0.210476,0.283487
-1,2,1,-1,-1,0.45,0.45,0.75,0.35,0.244602,0.241826
-1,2,1,-1,-1,0.5,0.5,0.75,0.35,0.30148,0.200164
-1,2,1,-1,-1,0.55,0.55,0.75,0.35,0.378833,0.162669
-1,2,1,-1,-1,0.6,0.6,0.75,0.35,0.44481,0.112675
-1,2,1,-1,-1,0.65,0.65,0.75,0.35,0.499412,0.087679
-1,2,1,-1,-1,0.7,0.7,0.75,0.35,0.558565,0.062682
-1,2,1,-1,-1,0.75,0.75,0.75,0.35,0.629092,0.046017
-1,2,1,-1,-1,0.8,0.8,0.75,0.35,0.665494,0.033519
-1,2,1,-1,-1,0.85,0.85,0.75,0.35,0.726921,0.025186
-1,2,1,-1,-1,0.9,0.9,0.75,0.35,0.749671,0.02102
-1,2,1,-1,-1,0.95,0.95,0.75,0.35,0.786073,0.016854
-1,2,1,-1,-1,1.0,1.0,0.75,0.35,0.808824,0.016854
-1,2,1,-1,-1,0.05,0.05,0.8,0.35,0.037794,0.690254
-1,2,1,-1,-1,0.1,0.1,0.8,0.35,0.047794,0.622081
-1,2,1,-1,-1,0.15,0.15,0.8,0.35,0.055294,0.545386
-1,2,1,-1,-1,0.2,0.2,0.8,0.35,0.077794,0.494255
-1,2,1,-1,-1,0.25,0.25,0.8,0.35,0.115294,0.426083
-1,2,1,-1,-1,0.3,0.3,0.8,0.35,0.147794,0.374953
-1,2,1,-1,-1,0.35,0.35,0.8,0.35,0.177794,0.345127
-1,2,1,-1,-1,0.4,0.4,0.8,0.35,0.227794,0.272693
-1,2,1,-1,-1,0.45,0.45,0.8,0.35,0.265294,0.230085
-1,2,1,-1,-1,0.5,0.5,0.8,0.35,0.327794,0.187476
-1,2,1,-1,-1,0.55,0.55,0.8,0.35,0.412794,0.149129
-1,2,1,-1,-1,0.6,0.6,0.8,0.35,0.485294,0.097999
-1,2,1,-1,-1,0.65,0.65,0.8,0.35,0.545294,0.072434
-1,2,1,-1,-1,0.7,0.7,0.8,0.35,0.610294,0.046869
-1,2,1,-1,-1,0.75,0.75,0.8,0.35,0.687794,0.029826
-1,2,1,-1,-1,0.8,0.8,0.8,0.35,0.727794,0.017043
-1,2,1,-1,-1,0.85,0.85,0.8,0.35,0.795294,0.008522
-1,2,1,-1,-1,0.9,0.9,0.8,0.35,0.820294,0.004261
-1,2,1,-1,-1,0.95,0.95,0.8,0.35,0.860294,0.0
-1,2,1,-1,-1,1.0,1.0,0.8,0.35,0.885294,0.0
-1,2,1,-1,-1,0.05,0.05,0.85,0.35,0.037993,0.690254
-1,2,1,-1,-1,0.1,0.1,0.85,0.35,0.048789,0.622081
-1,2,1,-1,-1,0.15,0.15,0.85,0.35,0.056885,0.545386
-1,2,1,-1,-1,0.2,0.2,0.85,0.35,0.081176,0.494255
-1,2,1,-1,-1,0.25,0.25,0.85,0.35,0.121661,0.426083
-1,2,1,-1,-1,0.3,0.3,0.85,0.35,0.156747,0.374953
-1,2,1,-1,-1,0.35,0.35,0.85,0.35,0.189135,0.345127
-1,2,1,-1,-1,0.4,0.4,0.85,0.35,0.243114,0.272693
-1,2,1,-1,-1,0.45,0.45,0.85,0.35,0.283598,0.230085
-1,2,1,-1,-1,0.5,0.5,0.85,0.35,0.351073,0.187476
-1,2,1,-1,-1,0.55,0.55,0.85,0.35,0.442838,0.149129
-1,2,1,-1,-1,0.6,0.6,0.85,0.35,0.521107,0.097999
-1,2,1,-1,-1,0.65,0.65,0.85,0.35,0.585882,0.072434
-1,2,1,-1,-1,0.7,0.7,0.85,0.35,0.656056,0.046869
-1,2,1,-1,-1,0.75,0.75,0.85,0.35,0.739723,0.029826
-1,2,1,-1,-1,0.8,0.8,0.85,0.35,0.782907,0.017043
-1,2,1,-1,-1,0.85,0.85,0.85,0.35,0.855779,0.008522
-1,2,1,-1,-1,0.9,0.9,0.85,0.35,0.882768,0.004261
-1,2,1,-1,-1,0.95,0.95,0.85,0.35,0.925951,0.0
-1,2,1,-1,-1,1.0,1.0,0.85,0.35,0.952941,0.0
-1,2,1,-1,-1,0.05,0.05,0.9,0.35,0.038088,0.690254
-1,2,1,-1,-1,0.1,0.1,0.9,0.35,0.049265,0.622081
-1,2,1,-1,-1,0.15,0.15,0.9,0.35,0.057647,0.545386
-1,2,1,-1,-1,0.2,0.2,0.9,0.35,0.082794,0.494255
-1,2,1,-1,-1,0.25,0.25,0.9,0.35,0.124706,0.426083
-1,2,1,-1,-1,0.3,0.3,0.9,0.35,0.161029,0.374953
-1,2,1,-1,-1,0.35,0.35,0.9,0.35,0.194559,0.345127
-1,2,1,-1,-1,0.4,0.4,0.9,0.35,0.250441,0.272693
-1,2,1,-1,-1,0.45,0.45,0.9,0.35,0.292353,0.230085
-1,2,1,-1,-1,0.5,0.5,0.9,0.35,0.362206,0.187476
-1,2,1,-1,-1,0.55,0.55,0.9,0.35,0.457206,0.149129
-1,2,1,-1,-1,0.6,0.6,0.9,0.35,0.538235,0.097999
-1,2,1,-1,-1,0.65,0.65,0.9,0.35,0.605294,0.072434
-1,2,1,-1,-1,0.7,0.7,0.9,0.35,0.677941,0.046869
-1,2,1,-1,-1,0.75,0.75,0.9,0.35,0.764559,0.029826
-1,2,1,-1,-1,0.8,0.8,0.9,0.35,0.809265,0.017043
-1,2,1,-1,-1,0.85,0.85,0.9,0.35,0.884706,0.008522
-1,2,1,-1,-1,0.9,0.9,0.9,0.35,0.912647,0.004261
-1,2,1,-1,-1,0.95,0.95,0.9,0.35,0.957353,0.0
-1,2,1,-1,-1,1.0,1.0,0.9,0.35,0.985294,0.0
-1,2,1,-1,-1,0.05,0.05,0.95,0.35,0.038123,0.690254
-1,2,1,-1,-1,0.1,0.1,0.95,0.35,0.049438,0.622081
-1,2,1,-1,-1,0.15,0.15,0.95,0.35,0.057923,0.545386
-1,2,1,-1,-1,0.2,0.2,0.95,0.35,0.083382,0.494255
-1,2,1,-1,-1,0.25,0.25,0.95,0.35,0.125813,0.426083
-1,2,1,-1,-1,0.3,0.3,0.95,0.35,0.162586,0.374953
-1,2,1,-1,-1,0.35,0.35,0.95,0.35,0.196531,0.345127
-1,2,1,-1,-1,0.4,0.4,0.95,0.35,0.253106,0.272693
-1,2,1,-1,-1,0.45,0.45,0.95,0.35,0.295536,0.230085
-1,2,1,-1,-1,0.5,0.5,0.95,0.35,0.366255,0.187476
-1,2,1,-1,-1,0.55,0.55,0.95,0.35,0.462431,0.149129
-1,2,1,-1,-1,0.6,0.6,0.95,0.35,0.544464,0.097999
-1,2,1,-1,-1,0.65,0.65,0.95,0.35,0.612353,0.072434
-1,2,1,-1,-1,0.7,0.7,0.95,0.35,0.6859,0.046869
-1,2,1,-1,-1,0.75,0.75,0.95,0.35,0.77359,0.029826
-1,2,1,-1,-1,0.8,0.8,0.95,0.35,0.81885,0.017043
-1,2,1,-1,-1,0.85,0.85,0.95,0.35,0.895225,0.008522
-1,2,1,-1,-1,0.9,0.9,0.95,0.35,0.923512,0.004261
-1,2,1,-1,-1,0.95,0.95,0.95,0.35,0.968772,0.0
-1,2,1,-1,-1,1.0,1.0,0.95,0.35,0.997059,0.0
-1,2,1,-1,-1,0.05,0.05,1.0,0.35,0.038131,0.690254
-1,2,1,-1,-1,0.1,0.1,1.0,0.35,0.049481,0.622081
-1,2,1,-1,-1,0.15,0.15,1.0,0.35,0.057993,0.545386
-1,2,1,-1,-1,0.2,0.2,1.0,0.35,0.083529,0.494255
-1,2,1,-1,-1,0.25,0.25,1.0,0.35,0.12609,0.426083
-1,2,1,-1,-1,0.3,0.3,1.0,0.35,0.162976,0.374953
-1,2,1,-1,-1,0.35,0.35,1.0,0.35,0.197024,0.345127
-1,2,1,-1,-1,0.4,0.4,1.0,0.35,0.253772,0.272693
-1,2,1,-1,-1,0.45,0.45,1.0,0.35,0.296332,0.230085
-1,2,1,-1,-1,0.5,0.5,1.0,0.35,0.367267,0.187476
-1,2,1,-1,-1,0.55,0.55,1.0,0.35,0.463737,0.149129
-1,2,1,-1,-1,0.6,0.6,1.0,0.35,0.546021,0.097999
-1,2,1,-1,-1,0.65,0.65,1.0,0.35,0.614118,0.072434
-1,2,1,-1,-1,0.7,0.7,1.0,0.35,0.68789,0.046869
-1,2,1,-1,-1,0.75,0.75,1.0,0.35,0.775848,0.029826
-1,2,1,-1,-1,0.8,0.8,1.0,0.35,0.821246,0.017043
-1,2,1,-1,-1,0.85,0.85,1.0,0.35,0.897855,0.008522
-1,2,1,-1,-1,0.9,0.9,1.0,0.35,0.926228,0.004261
-1,2,1,-1,-1,0.95,0.95,1.0,0.35,0.971626,0.0
-1,2,1,-1,-1,1.0,1.0,1.0,0.35,1.0,0.0
-1,2,1,-1,-1,0.05,0.05,0.4,0.4,0.073529,0.646067
-1,2,1,-1,-1,0.1,0.1,0.4,0.4,0.073529,0.646067
-1,2,1,-1,-1,0.15,0.15,0.4,0.4,0.073529,0.646067
-1,2,1,-1,-1,0.2,0.2,0.4,0.4,0.073529,0.646067
-1,2,1,-1,-1,0.25,0.25,0.4,0.4,0.073529,0.646067
-1,2,1,-1,-1,0.3,0.3,0.4,0.4,0.073529,0.646067
-1,2,1,-1,-1,0.35,0.35,0.4,0.4,0.073529,0.646067
-1,2,1,-1,-1,0.4,0.4,0.4,0.4,0.073529,0.646067
-1,2,1,-1,-1,0.45,0.45,0.4,0.4,0.073529,0.646067
-1,2,1,-1,-1,0.5,0.5,0.4,0.4,0.073529,0.646067
-1,2,1,-1,-1,0.55,0.55,0.4,0.4,0.073529,0.646067
-1,2,1,-1,-1,0.6,0.6,0.4,0.4,0.073529,0.646067
-1,2,1,-1,-1,0.65,0.65,0.4,0.4,0.073529,0.646067
-1,2,1,-1,-1,0.7,0.7,0.4,0.4,0.073529,0.646067
-1,2,1,-1,-1,0.75,0.75,0.4,0.4,0.073529,0.646067
-1,2,1,-1,-1,0.8,0.8,0.4,0.4,0.073529,0.646067
-1,2,1,-1,-1,0.85,0.85,0.4,0.4,0.073529,0.646067
-1,2,1,-1,-1,0.9,0.9,0.4,0.4,0.073529,0.646067
-1,2,1,-1,-1,0.95,0.95,0.4,0.4,0.073529,0.646067
-1,2,1,-1,-1,1.0,1.0,0.4,0.4,0.073529,0.646067
-1,2,1,-1,-1,0.05,0.05,0.45,0.4,0.073624,0.637482
-1,2,1,-1,-1,0.1,0.1,0.45,0.4,0.074005,0.628898
-1,2,1,-1,-1,0.15,0.15,0.45,0.4,0.07429,0.61924
-1,2,1,-1,-1,0.2,0.2,0.45,0.4,0.075147,0.612801
-1,2,1,-1,-1,0.25,0.25,0.45,0.4,0.076574,0.604217
-1,2,1,-1,-1,0.3,0.3,0.45,0.4,0.077811,0.597778
-1,2,1,-1,-1,0.35,0.35,0.45,0.4,0.078953,0.594022
-1,2,1,-1,-1,0.4,0.4,0.45,0.4,0.080856,0.584901
-1,2,1,-1,-1,0.45,0.45,0.45,0.4,0.082283,0.579535
-1,2,1,-1,-1,0.5,0.5,0.45,0.4,0.084662,0.57417
-1,2,1,-1,-1,0.55,0.55,0.45,0.4,0.087898,0.569341
-1,2,1,-1,-1,0.6,0.6,0.45,0.4,0.090657,0.562902
-1,2,1,-1,-1,0.65,0.65,0.45,0.4,0.092941,0.559683
-1,2,1,-1,-1,0.7,0.7,0.45,0.4,0.095415,0.556464
-1,2,1,-1,-1,0.75,0.75,0.45,0.4,0.098365,0.554318
-1,2,1,-1,-1,0.8,0.8,0.45,0.4,0.099887,0.552708
-1,2,1,-1,-1,0.85,0.85,0.45,0.4,0.102456,0.551635
-1,2,1,-1,-1,0.9,0.9,0.45,0.4,0.103408,0.551099
-1,2,1,-1,-1,0.95,0.95,0.45,0.4,0.10493,0.550562
-1,2,1,-1,-1,1.0,1.0,0.45,0.4,0.105882,0.550562
-1,2,1,-1,-1,0.05,0.05,0.5,0.4,0.073866,0.625362
-1,2,1,-1,-1,0.1,0.1,0.5,0.4,0.075216,0.604658
-1,2,1,-1,-1,0.15,0.15,0.5,0.4,0.076228,0.581366
-1,2,1,-1,-1,0.2,0.2,0.5,0.4,0.079264,0.565837
-1,2,1,-1,-1,0.25,0.25,0.5,0.4,0.084325,0.545133
-1,2,1,-1,-1,0.3,0.3,0.5,0.4,0.088711,0.529604
-1,2,1,-1,-1,0.35,0.35,0.5,0.4,0.092759,0.520546
-1,2,1,-1,-1,0.4,0.4,0.5,0.4,0.099507,0.498548
-1,2,1,-1,-1,0.45,0.45,0.5,0.4,0.104567,0.485608
-1,2,1,-1,-1,0.5,0.5,0.5,0.4,0.113001,0.472667
-1,2,1,-1,-1,0.55,0.55,0.5,0.4,0.124472,0.461021
-1,2,1,-1,-1,0.6,0.6,0.5,0.4,0.134256,0.445493
-1,2,1,-1,-1,0.65,0.65,0.5,0.4,0.142353,0.437729
-1,2,1,-1,-1,0.7,0.7,0.5,0.4,0.151124,0.429964
-1,2,1,-1,-1,0.75,0.75,0.5,0.4,0.161583,0.424788
-1,2,1,-1,-1,0.8,0.8,0.5,0.4,0.166981,0.420906
-1,2,1,-1,-1,0.85,0.85,0.5,0.4,0.17609,0.418318
-1,2,1,-1,-1,0.9,0.9,0.5,0.4,0.179463,0.417024
-1,2,1,-1,-1,0.95,0.95,0.5,0.4,0.184861,0.41573
-1,2,1,-1,-1,1.0,1.0,0.5,0.4,0.188235,0.41573
-1,2,1,-1,-1,0.05,0.05,0.55,0.4,0.074221,0.609203
-1,2,1,-1,-1,0.1,0.1,0.55,0.4,0.076989,0.572339
-1,2,1,-1,-1,0.15,0.15,0.55,0.4,0.079065,0.530867
-1,2,1,-1,-1,0.2,0.2,0.55,0.4,0.085294,0.503219
-1,2,1,-1,-1,0.25,0.25,0.55,0.4,0.095674,0.466355
-1,2,1,-1,-1,0.3,0.3,0.55,0.4,0.104671,0.438707
-1,2,1,-1,-1,0.35,0.35,0.55,0.4,0.112976,0.422579
-1,2,1,-1,-1,0.4,0.4,0.55,0.4,0.126816,0.383411
-1,2,1,-1,-1,0.45,0.45,0.55,0.4,0.137197,0.360371
-1,2,1,-1,-1,0.5,0.5,0.55,0.4,0.154498,0.337331
-1,2,1,-1,-1,0.55,0.55,0.55,0.4,0.178028,0.316595
-1,2,1,-1,-1,0.6,0.6,0.55,0.4,0.198097,0.288947
-1,2,1,-1,-1,0.65,0.65,0.55,0.4,0.214706,0.275123
-1,2,1,-1,-1,0.7,0.7,0.55,0.4,0.232699,0.261299
-1,2,1,-1,-1,0.75,0.75,0.55,0.4,0.254153,0.252083
-1,2,1,-1,-1,0.8,0.8,0.55,0.4,0.265225,0.245171
-1,2,1,-1,-1,0.85,0.85,0.55,0.4,0.28391,0.240563
-1,2,1,-1,-1,0.9,0.9,0.55,0.4,0.290831,0.238259
-1,2,1,-1,-1,0.95,0.95,0.55,0.4,0.301904,0.235955
-1,2,1,-1,-1,1.0,1.0,0.55,0.4,0.308824,0.235955
-1,2,1,-1,-1,0.05,0.05,0.6,0.4,0.074541,0.600113
-1,2,1,-1,-1,0.1,0.1,0.6,0.4,0.07859,0.55416
-1,2,1,-1,-1,0.15,0.15,0.6,0.4,0.081626,0.502461
-1,2,1,-1,-1,0.2,0.2,0.6,0.4,0.090735,0.467996
-1,2,1,-1,-1,0.25,0.25,0.6,0.4,0.105917,0.422042
-1,2,1,-1,-1,0.3,0.3,0.6,0.4,0.119074,0.387577
-1,2,1,-1,-1,0.35,0.35,0.6,0.4,0.131219,0.367472
-1,2,1,-1,-1,0.4,0.4,0.6,0.4,0.151462,0.318646
-1,2,1,-1,-1,0.45,0.45,0.6,0.4,0.166643,0.289925
-1,2,1,-1,-1,0.5,0.5,0.6,0.4,0.191946,0.261204
-1,2,1,-1,-1,0.55,0.55,0.6,0.4,0.226358,0.235355
-1,2,1,-1,-1,0.6,0.6,0.6,0.4,0.255709,0.200889
-1,2,1,-1,-1,0.65,0.65,0.6,0.4,0.28,0.183657
-1,2,1,-1,-1,0.7,0.7,0.6,0.4,0.306315,0.166424
-1,2,1,-1,-1,0.75,0.75,0.6,0.4,0.33769,0.154936
-1,2,1,-1,-1,0.8,0.8,0.6,0.4,0.353884,0.146319
-1,2,1,-1,-1,0.85,0.85,0.6,0.4,0.381211,0.140575
-1,2,1,-1,-1,0.9,0.9,0.6,0.4,0.391332,0.137703
-1,2,1,-1,-1,0.95,0.95,0.6,0.4,0.407526,0.134831
-1,2,1,-1,-1,1.0,1.0,0.6,0.4,0.417647,0.134831
-1,2,1,-1,-1,0.05,0.05,0.65,0.4,0.074956,0.594558
-1,2,1,-1,-1,0.1,0.1,0.65,0.4,0.080666,0.54305
-1,2,1,-1,-1,0.15,0.15,0.65,0.4,0.084948,0.485103
-1,2,1,-1,-1,0.2,0.2,0.65,0.4,0.097794,0.446471
-1,2,1,-1,-1,0.25,0.25,0.65,0.4,0.119204,0.394963
-1,2,1,-1,-1,0.3,0.3,0.65,0.4,0.137759,0.356331
-1,2,1,-1,-1,0.35,0.35,0.65,0.4,0.154887,0.333796
-1,2,1,-1,-1,0.4,0.4,0.65,0.4,0.183434,0.279069
-1,2,1,-1,-1,0.45,0.45,0.65,0.4,0.204844,0.246876
-1,2,1,-1,-1,0.5,0.5,0.65,0.4,0.240528,0.214683
-1,2,1,-1,-1,0.55,0.55,0.65,0.4,0.289057,0.185709
-1,2,1,-1,-1,0.6,0.6,0.65,0.4,0.33045,0.147077
-1,2,1,-1,-1,0.65,0.65,0.65,0.4,0.364706,0.127762
-1,2,1,-1,-1,0.7,0.7,0.65,0.4,0.401817,0.108446
-1,2,1,-1,-1,0.75,0.75,0.65,0.4,0.446064,0.095569
-1,2,1,-1,-1,0.8,0.8,0.65,0.4,0.468902,0.085911
-1,2,1,-1,-1,0.85,0.85,0.65,0.4,0.50744,0.079473
-1,2,1,-1,-1,0.9,0.9,0.65,0.4,0.521713,0.076253
-1,2,1,-1,-1,0.95,0.95,0.65,0.4,0.544551,0.073034
-1,2,1,-1,-1,1.0,1.0,0.65,0.4,0.558824,0.073034
-1,2,1,-1,-1,0.05,0.05,0.7,0.4,0.075345,0.591023
-1,2,1,-1,-1,0.1,0.1,0.7,0.4,0.082612,0.53598
-1,2,1,-1,-1,0.15,0.15,0.7,0.4,0.088062,0.474056
-1,2,1,-1,-1,0.2,0.2,0.7,0.4,0.104411,0.432773
-1,2,1,-1,-1,0.25,0.25,0.7,0.4,0.131661,0.37773
-1,2,1,-1,-1,0.3,0.3,0.7,0.4,0.155276,0.336447
-1,2,1,-1,-1,0.35,0.35,0.7,0.4,0.177076,0.312366
-1,2,1,-1,-1,0.4,0.4,0.7,0.4,0.213408,0.253882
-1,2,1,-1,-1,0.45,0.45,0.7,0.4,0.240657,0.21948
-1,2,1,-1,-1,0.5,0.5,0.7,0.4,0.286072,0.185078
-1,2,1,-1,-1,0.55,0.55,0.7,0.4,0.347837,0.154116
-1,2,1,-1,-1,0.6,0.6,0.7,0.4,0.400519,0.112833
-1,2,1,-1,-1,0.65,0.65,0.7,0.4,0.444117,0.092192
-1,2,1,-1,-1,0.7,0.7,0.7,0.4,0.491349,0.071551
-1,2,1,-1,-1,0.75,0.75,0.7,0.4,0.547664,0.05779
-1,2,1,-1,-1,0.8,0.8,0.7,0.4,0.57673,0.047469
-1,2,1,-1,-1,0.85,0.85,0.7,0.4,0.625778,0.040588
-1,2,1,-1,-1,0.9,0.9,0.7,0.4,0.643944,0.037148
-1,2,1,-1,-1,0.95,0.95,0.7,0.4,0.67301,0.033708
-1,2,1,-1,-1,1.0,1.0,0.7,0.4,0.691176,0.033708
-1,2,1,-1,-1,0.05,0.05,0.75,0.4,0.075692,0.589508
-1,2,1,-1,-1,0.1,0.1,0.75,0.4,0.084342,0.53295
-1,2,1,-1,-1,0.15,0.15,0.75,0.4,0.09083,0.469322
-1,2,1,-1,-1,0.2,0.2,0.75,0.4,0.110294,0.426903
-1,2,1,-1,-1,0.25,0.25,0.75,0.4,0.142733,0.370345
-1,2,1,-1,-1,0.3,0.3,0.75,0.4,0.170847,0.327926
-1,2,1,-1,-1,0.35,0.35,0.75,0.4,0.196799,0.303181
-1,2,1,-1,-1,0.4,0.4,0.75,0.4,0.240052,0.243088
-1,2,1,-1,-1,0.45,0.45,0.75,0.4,0.272491,0.207739
-1,2,1,-1,-1,0.5,0.5,0.75,0.4,0.326557,0.17239
-1,2,1,-1,-1,0.55,0.55,0.75,0.4,0.400087,0.140576
-1,2,1,-1,-1,0.6,0.6,0.75,0.4,0.462803,0.098156
-1,2,1,-1,-1,0.65,0.65,0.75,0.4,0.514706,0.076948
-1,2,1,-1,-1,0.7,0.7,0.75,0.4,0.570935,0.055738
-1,2,1,-1,-1,0.75,0.75,0.75,0.4,0.637976,0.041598
-1,2,1,-1,-1,0.8,0.8,0.75,0.4,0.672578,0.030994
-1,2,1,-1,-1,0.85,0.85,0.75,0.4,0.730969,0.023924
-1,2,1,-1,-1,0.9,0.9,0.75,0.4,0.752595,0.020389
-1,2,1,-1,-1,0.95,0.95,0.75,0.4,0.787198,0.016854
-1,2,1,-1,-1,1.0,1.0,0.75,0.4,0.808824,0.016854
-1,2,1,-1,-1,0.05,0.05,0.8,0.4,0.075916,0.587993
-1,2,1,-1,-1,0.1,0.1,0.8,0.4,0.085467,0.52992
-1,2,1,-1,-1,0.15,0.15,0.8,0.4,0.092629,0.464587
-1,2,1,-1,-1,0.2,0.2,0.8,0.4,0.114117,0.421032
-1,2,1,-1,-1,0.25,0.25,0.8,0.4,0.149931,0.362959
-1,2,1,-1,-1,0.3,0.3,0.8,0.4,0.180969,0.319404
-1,2,1,-1,-1,0.35,0.35,0.8,0.4,0.209619,0.293997
-1,2,1,-1,-1,0.4,0.4,0.8,0.4,0.25737,0.232294
-1,2,1,-1,-1,0.45,0.45,0.8,0.4,0.293183,0.195998
-1,2,1,-1,-1,0.5,0.5,0.8,0.4,0.352872,0.159702
-1,2,1,-1,-1,0.55,0.55,0.8,0.4,0.434048,0.127036
-1,2,1,-1,-1,0.6,0.6,0.8,0.4,0.503287,0.08348
-1,2,1,-1,-1,0.65,0.65,0.8,0.4,0.560588,0.061703
-1,2,1,-1,-1,0.7,0.7,0.8,0.4,0.622664,0.039926
-1,2,1,-1,-1,0.75,0.75,0.8,0.4,0.696678,0.025407
-1,2,1,-1,-1,0.8,0.8,0.8,0.4,0.734879,0.014518
-1,2,1,-1,-1,0.85,0.85,0.8,0.4,0.799343,0.007259
-1,2,1,-1,-1,0.9,0.9,0.8,0.4,0.823218,0.00363
-1,2,1,-1,-1,0.95,0.95,0.8,0.4,0.861418,0.0
-1,2,1,-1,-1,1.0,1.0,0.8,0.4,0.885294,0.0
-1,2,1,-1,-1,0.05,0.05,0.85,0.4,0.076115,0.587993
-1,2,1,-1,-1,0.1,0.1,0.85,0.4,0.086462,0.52992
-1,2,1,-1,-1,0.15,0.15,0.85,0.4,0.094221,0.464587
-1,2,1,-1,-1,0.2,0.2,0.85,0.4,0.1175,0.421032
-1,2,1,-1,-1,0.25,0.25,0.85,0.4,0.156297,0.362959
-1,2,1,-1,-1,0.3,0.3,0.85,0.4,0.189922,0.319404
-1,2,1,-1,-1,0.35,0.35,0.85,0.4,0.22096,0.293997
-1,2,1,-1,-1,0.4,0.4,0.85,0.4,0.27269,0.232294
-1,2,1,-1,-1,0.45,0.45,0.85,0.4,0.311487,0.195998
-1,2,1,-1,-1,0.5,0.5,0.85,0.4,0.37615,0.159702
-1,2,1,-1,-1,0.55,0.55,0.85,0.4,0.464092,0.127036
-1,2,1,-1,-1,0.6,0.6,0.85,0.4,0.5391,0.08348
-1,2,1,-1,-1,0.65,0.65,0.85,0.4,0.601176,0.061703
-1,2,1,-1,-1,0.7,0.7,0.85,0.4,0.668426,0.039926
-1,2,1,-1,-1,0.75,0.75,0.85,0.4,0.748607,0.025407
-1,2,1,-1,-1,0.8,0.8,0.85,0.4,0.789991,0.014518
-1,2,1,-1,-1,0.85,0.85,0.85,0.4,0.859827,0.007259
-1,2,1,-1,-1,0.9,0.9,0.85,0.4,0.885691,0.00363
-1,2,1,-1,-1,0.95,0.95,0.85,0.4,0.927076,0.0
-1,2,1,-1,-1,1.0,1.0,0.85,0.4,0.952941,0.0
-1,2,1,-1,-1,0.05,0.05,0.9,0.4,0.076211,0.587993
-1,2,1,-1,-1,0.1,0.1,0.9,0.4,0.086937,0.52992
-1,2,1,-1,-1,0.15,0.15,0.9,0.4,0.094982,0.464587
-1,2,1,-1,-1,0.2,0.2,0.9,0.4,0.119117,0.421032
-1,2,1,-1,-1,0.25,0.25,0.9,0.4,0.159342,0.362959
-1,2,1,-1,-1,0.3,0.3,0.9,0.4,0.194204,0.319404
-1,2,1,-1,-1,0.35,0.35,0.9,0.4,0.226384,0.293997
-1,2,1,-1,-1,0.4,0.4,0.9,0.4,0.280017,0.232294
-1,2,1,-1,-1,0.45,0.45,0.9,0.4,0.320242,0.195998
-1,2,1,-1,-1,0.5,0.5,0.9,0.4,0.387284,0.159702
-1,2,1,-1,-1,0.55,0.55,0.9,0.4,0.47846,0.127036
-1,2,1,-1,-1,0.6,0.6,0.9,0.4,0.556228,0.08348
-1,2,1,-1,-1,0.65,0.65,0.9,0.4,0.620588,0.061703
-1,2,1,-1,-1,0.7,0.7,0.9,0.4,0.690312,0.039926
-1,2,1,-1,-1,0.75,0.75,0.9,0.4,0.773443,0.025407
-1,2,1,-1,-1,0.8,0.8,0.9,0.4,0.816349,0.014518
-1,2,1,-1,-1,0.85,0.85,0.9,0.4,0.888754,0.007259
-1,2,1,-1,-1,0.9,0.9,0.9,0.4,0.91557,0.00363
-1,2,1,-1,-1,0.95,0.95,0.9,0.4,0.958477,0.0
-1,2,1,-1,-1,1.0,1.0,0.9,0.4,0.985294,0.0
-1,2,1,-1,-1,0.05,0.05,0.95,0.4,0.076245,0.587993
-1,2,1,-1,-1,0.1,0.1,0.95,0.4,0.08711,0.52992
-1,2,1,-1,-1,0.15,0.15,0.95,0.4,0.095259,0.464587
-1,2,1,-1,-1,0.2,0.2,0.95,0.4,0.119706,0.421032
-1,2,1,-1,-1,0.25,0.25,0.95,0.4,0.16045,0.362959
-1,2,1,-1,-1,0.3,0.3,0.95,0.4,0.195761,0.319404
-1,2,1,-1,-1,0.35,0.35,0.95,0.4,0.228356,0.293997
-1,2,1,-1,-1,0.4,0.4,0.95,0.4,0.282682,0.232294
-1,2,1,-1,-1,0.45,0.45,0.95,0.4,0.323425,0.195998
-1,2,1,-1,-1,0.5,0.5,0.95,0.4,0.391332,0.159702
-1,2,1,-1,-1,0.55,0.55,0.95,0.4,0.483685,0.127036
-1,2,1,-1,-1,0.6,0.6,0.95,0.4,0.562457,0.08348
-1,2,1,-1,-1,0.65,0.65,0.95,0.4,0.627647,0.061703
-1,2,1,-1,-1,0.7,0.7,0.95,0.4,0.69827,0.039926
-1,2,1,-1,-1,0.75,0.75,0.95,0.4,0.782474,0.025407
-1,2,1,-1,-1,0.8,0.8,0.95,0.4,0.825934,0.014518
-1,2,1,-1,-1,0.85,0.85,0.95,0.4,0.899274,0.007259
-1,2,1,-1,-1,0.9,0.9,0.95,0.4,0.926436,0.00363
-1,2,1,-1,-1,0.95,0.95,0.95,0.4,0.969896,0.0
-1,2,1,-1,-1,1.0,1.0,0.95,0.4,0.997059,0.0
-1,2,1,-1,-1,0.05,0.05,1.0,0.4,0.076254,0.587993
-1,2,1,-1,-1,0.1,0.1,1.0,0.4,0.087154,0.52992
-1,2,1,-1,-1,0.15,0.15,1.0,0.4,0.095328,0.464587
-1,2,1,-1,-1,0.2,0.2,1.0,0.4,0.119853,0.421032
-1,2,1,-1,-1,0.25,0.25,1.0,0.4,0.160727,0.362959
-1,2,1,-1,-1,0.3,0.3,1.0,0.4,0.19615,0.319404
-1,2,1,-1,-1,0.35,0.35,1.0,0.4,0.228849,0.293997
-1,2,1,-1,-1,0.4,0.4,1.0,0.4,0.283348,0.232294
-1,2,1,-1,-1,0.45,0.45,1.0,0.4,0.324221,0.195998
-1,2,1,-1,-1,0.5,0.5,1.0,0.4,0.392344,0.159702
-1,2,1,-1,-1,0.55,0.55,1.0,0.4,0.484991,0.127036
-1,2,1,-1,-1,0.6,0.6,1.0,0.4,0.564014,0.08348
-1,2,1,-1,-1,0.65,0.65,1.0,0.4,0.629412,0.061703
-1,2,1,-1,-1,0.7,0.7,1.0,0.4,0.70026,0.039926
-1,2,1,-1,-1,0.75,0.75,1.0,0.4,0.784732,0.025407
-1,2,1,-1,-1,0.8,0.8,1.0,0.4,0.82833,0.014518
-1,2,1,-1,-1,0.85,0.85,1.0,0.4,0.901903,0.007259
-1,2,1,-1,-1,0.9,0.9,1.0,0.4,0.929152,0.00363
-1,2,1,-1,-1,0.95,0.95,1.0,0.4,0.972751,0.0
-1,2,1,-1,-1,1.0,1.0,1.0,0.4,1.0,0.0
-1,2,1,-1,-1,0.05,0.05,0.45,0.45,0.105882,0.550562
-1,2,1,-1,-1,0.1,0.1,0.45,0.45,0.105882,0.550562
-1,2,1,-1,-1,0.15,0.15,0.45,0.45,0.105882,0.550562
-1,2,1,-1,-1,0.2,0.2,0.45,0.45,0.105882,0.550562
-1,2,1,-1,-1,0.25,0.25,0.45,0.45,0.105882,0.550562
-1,2,1,-1,-1,0.3,0.3,0.45,0.45,0.105882,0.550562
-1,2,1,-1,-1,0.35,0.35,0.45,0.45,0.105882,0.550562
-1,2,1,-1,-1,0.4,0.4,0.45,0.45,0.105882,0.550562
-1,2,1,-1,-1,0.45,0.45,0.45,0.45,0.105882,0.550562
-1,2,1,-1,-1,0.5,0.5,0.45,0.45,0.105882,0.550562
-1,2,1,-1,-1,0.55,0.55,0.45,0.45,0.105882,0.550562
-1,2,1,-1,-1,0.6,0.6,0.45,0.45,0.105882,0.550562
-1,2,1,-1,-1,0.65,0.65,0.45,0.45,0.105882,0.550562
-1,2,1,-1,-1,0.7,0.7,0.45,0.45,0.105882,0.550562
-1,2,1,-1,-1,0.75,0.75,0.45,0.45,0.105882,0.550562
-1,2,1,-1,-1,0.8,0.8,0.45,0.45,0.105882,0.550562
-1,2,1,-1,-1,0.85,0.85,0.45,0.45,0.105882,0.550562
-1,2,1,-1,-1,0.9,0.9,0.45,0.45,0.105882,0.550562
-1,2,1,-1,-1,0.95,0.95,0.45,0.45,0.105882,0.550562
-1,2,1,-1,-1,1.0,1.0,0.45,0.45,0.105882,0.550562
-1,2,1,-1,-1,0.05,0.05,0.5,0.45,0.106124,0.538442
-1,2,1,-1,-1,0.1,0.1,0.5,0.45,0.107093,0.526323
-1,2,1,-1,-1,0.15,0.15,0.5,0.45,0.10782,0.512688
-1,2,1,-1,-1,0.2,0.2,0.5,0.45,0.11,0.503598
-1,2,1,-1,-1,0.25,0.25,0.5,0.45,0.113633,0.491478
-1,2,1,-1,-1,0.3,0.3,0.5,0.45,0.116782,0.482389
-1,2,1,-1,-1,0.35,0.35,0.5,0.45,0.119688,0.477086
-1,2,1,-1,-1,0.4,0.4,0.5,0.45,0.124533,0.464209
-1,2,1,-1,-1,0.45,0.45,0.5,0.45,0.128166,0.456634
-1,2,1,-1,-1,0.5,0.5,0.5,0.45,0.134221,0.449059
-1,2,1,-1,-1,0.55,0.55,0.5,0.45,0.142456,0.442242
-1,2,1,-1,-1,0.6,0.6,0.5,0.45,0.149481,0.433152
-1,2,1,-1,-1,0.65,0.65,0.5,0.45,0.155294,0.428607
-1,2,1,-1,-1,0.7,0.7,0.5,0.45,0.161591,0.424062
-1,2,1,-1,-1,0.75,0.75,0.5,0.45,0.1691,0.421032
-1,2,1,-1,-1,0.8,0.8,0.5,0.45,0.172975,0.41876
-1,2,1,-1,-1,0.85,0.85,0.5,0.45,0.179515,0.417245
-1,2,1,-1,-1,0.9,0.9,0.5,0.45,0.181937,0.416487
-1,2,1,-1,-1,0.95,0.95,0.5,0.45,0.185813,0.41573
-1,2,1,-1,-1,1.0,1.0,0.5,0.45,0.188235,0.41573
-1,2,1,-1,-1,0.05,0.05,0.55,0.45,0.106479,0.522283
-1,2,1,-1,-1,0.1,0.1,0.55,0.45,0.108866,0.494004
-1,2,1,-1,-1,0.15,0.15,0.55,0.45,0.110657,0.462189
-1,2,1,-1,-1,0.2,0.2,0.55,0.45,0.116029,0.44098
-1,2,1,-1,-1,0.25,0.25,0.55,0.45,0.124982,0.412701
-1,2,1,-1,-1,0.3,0.3,0.55,0.45,0.132742,0.391491
-1,2,1,-1,-1,0.35,0.35,0.55,0.45,0.139905,0.379119
-1,2,1,-1,-1,0.4,0.4,0.55,0.45,0.151842,0.349072
-1,2,1,-1,-1,0.45,0.45,0.55,0.45,0.160796,0.331398
-1,2,1,-1,-1,0.5,0.5,0.55,0.45,0.175718,0.313723
-1,2,1,-1,-1,0.55,0.55,0.55,0.45,0.196012,0.297816
-1,2,1,-1,-1,0.6,0.6,0.55,0.45,0.213322,0.276606
-1,2,1,-1,-1,0.65,0.65,0.55,0.45,0.227647,0.266002
-1,2,1,-1,-1,0.7,0.7,0.55,0.45,0.243166,0.255397
-1,2,1,-1,-1,0.75,0.75,0.55,0.45,0.26167,0.248327
-1,2,1,-1,-1,0.8,0.8,0.55,0.45,0.27122,0.243025
-1,2,1,-1,-1,0.85,0.85,0.55,0.45,0.287336,0.23949
-1,2,1,-1,-1,0.9,0.9,0.55,0.45,0.293305,0.237722
-1,2,1,-1,-1,0.95,0.95,0.55,0.45,0.302855,0.235955
-1,2,1,-1,-1,1.0,1.0,0.55,0.45,0.308824,0.235955
-1,2,1,-1,-1,0.05,0.05,0.6,0.45,0.106799,0.513193
-1,2,1,-1,-1,0.1,0.1,0.6,0.45,0.110467,0.475824
-1,2,1,-1,-1,0.15,0.15,0.6,0.45,0.113218,0.433784
-1,2,1,-1,-1,0.2,0.2,0.6,0.45,0.12147,0.405757
-1,2,1,-1,-1,0.25,0.25,0.6,0.45,0.135225,0.368388
-1,2,1,-1,-1,0.3,0.3,0.6,0.45,0.147145,0.340361
-1,2,1,-1,-1,0.35,0.35,0.6,0.45,0.158148,0.324012
-1,2,1,-1,-1,0.4,0.4,0.6,0.45,0.176488,0.284307
-1,2,1,-1,-1,0.45,0.45,0.6,0.45,0.190242,0.260952
-1,2,1,-1,-1,0.5,0.5,0.6,0.45,0.213166,0.237596
-1,2,1,-1,-1,0.55,0.55,0.6,0.45,0.244342,0.216576
-1,2,1,-1,-1,0.6,0.6,0.6,0.45,0.270934,0.188549
-1,2,1,-1,-1,0.65,0.65,0.6,0.45,0.292941,0.174536
-1,2,1,-1,-1,0.7,0.7,0.6,0.45,0.316782,0.160522
-1,2,1,-1,-1,0.75,0.75,0.6,0.45,0.345207,0.15118
-1,2,1,-1,-1,0.8,0.8,0.6,0.45,0.359879,0.144173
-1,2,1,-1,-1,0.85,0.85,0.6,0.45,0.384637,0.139502
-1,2,1,-1,-1,0.9,0.9,0.6,0.45,0.393806,0.137167
-1,2,1,-1,-1,0.95,0.95,0.6,0.45,0.408477,0.134831
-1,2,1,-1,-1,1.0,1.0,0.6,0.45,0.417647,0.134831
-1,2,1,-1,-1,0.05,0.05,0.65,0.45,0.107214,0.507638
-1,2,1,-1,-1,0.1,0.1,0.65,0.45,0.112543,0.464714
-1,2,1,-1,-1,0.15,0.15,0.65,0.45,0.116539,0.416425
-1,2,1,-1,-1,0.2,0.2,0.65,0.45,0.128529,0.384232
-1,2,1,-1,-1,0.25,0.25,0.65,0.45,0.148512,0.341308
-1,2,1,-1,-1,0.3,0.3,0.65,0.45,0.16583,0.309115
-1,2,1,-1,-1,0.35,0.35,0.65,0.45,0.181816,0.290336
-1,2,1,-1,-1,0.4,0.4,0.65,0.45,0.20846,0.24473
-1,2,1,-1,-1,0.45,0.45,0.65,0.45,0.228443,0.217902
-1,2,1,-1,-1,0.5,0.5,0.65,0.45,0.261747,0.191075
-1,2,1,-1,-1,0.55,0.55,0.65,0.45,0.307042,0.16693
-1,2,1,-1,-1,0.6,0.6,0.65,0.45,0.345675,0.134737
-1,2,1,-1,-1,0.65,0.65,0.65,0.45,0.377647,0.118641
-1,2,1,-1,-1,0.7,0.7,0.65,0.45,0.412284,0.102544
-1,2,1,-1,-1,0.75,0.75,0.65,0.45,0.453582,0.091813
-1,2,1,-1,-1,0.8,0.8,0.65,0.45,0.474897,0.083765
-1,2,1,-1,-1,0.85,0.85,0.65,0.45,0.510866,0.0784
-1,2,1,-1,-1,0.9,0.9,0.65,0.45,0.524187,0.075717
-1,2,1,-1,-1,0.95,0.95,0.65,0.45,0.545502,0.073034
-1,2,1,-1,-1,1.0,1.0,0.65,0.45,0.558824,0.073034
-1,2,1,-1,-1,0.05,0.05,0.7,0.45,0.107603,0.504103
-1,2,1,-1,-1,0.1,0.1,0.7,0.45,0.114489,0.457645
-1,2,1,-1,-1,0.15,0.15,0.7,0.45,0.119653,0.405378
-1,2,1,-1,-1,0.2,0.2,0.7,0.45,0.135147,0.370534
-1,2,1,-1,-1,0.25,0.25,0.7,0.45,0.160969,0.324076
-1,2,1,-1,-1,0.3,0.3,0.7,0.45,0.183347,0.289231
-1,2,1,-1,-1,0.35,0.35,0.7,0.45,0.204005,0.268906
-1,2,1,-1,-1,0.4,0.4,0.7,0.45,0.238434,0.219543
-1,2,1,-1,-1,0.45,0.45,0.7,0.45,0.264256,0.190507
-1,2,1,-1,-1,0.5,0.5,0.7,0.45,0.307292,0.16147
-1,2,1,-1,-1,0.55,0.55,0.7,0.45,0.365822,0.135336
-1,2,1,-1,-1,0.6,0.6,0.7,0.45,0.415744,0.100492
-1,2,1,-1,-1,0.65,0.65,0.7,0.45,0.457058,0.083071
-1,2,1,-1,-1,0.7,0.7,0.7,0.45,0.501816,0.065649
-1,2,1,-1,-1,0.75,0.75,0.7,0.45,0.555181,0.054034
-1,2,1,-1,-1,0.8,0.8,0.7,0.45,0.582725,0.045323
-1,2,1,-1,-1,0.85,0.85,0.7,0.45,0.629204,0.039515
-1,2,1,-1,-1,0.9,0.9,0.7,0.45,0.646418,0.036612
-1,2,1,-1,-1,0.95,0.95,0.7,0.45,0.673961,0.033708
-1,2,1,-1,-1,1.0,1.0,0.7,0.45,0.691176,0.033708
-1,2,1,-1,-1,0.05,0.05,0.75,0.45,0.107949,0.502588
-1,2,1,-1,-1,0.1,0.1,0.75,0.45,0.116219,0.454615
-1,2,1,-1,-1,0.15,0.15,0.75,0.45,0.122422,0.400644
-1,2,1,-1,-1,0.2,0.2,0.75,0.45,0.141029,0.364663
-1,2,1,-1,-1,0.25,0.25,0.75,0.45,0.172041,0.31669
-1,2,1,-1,-1,0.3,0.3,0.75,0.45,0.198918,0.28071
-1,2,1,-1,-1,0.35,0.35,0.75,0.45,0.223728,0.259721
-1,2,1,-1,-1,0.4,0.4,0.75,0.45,0.265078,0.208749
-1,2,1,-1,-1,0.45,0.45,0.75,0.45,0.29609,0.178766
-1,2,1,-1,-1,0.5,0.5,0.75,0.45,0.347777,0.148782
-1,2,1,-1,-1,0.55,0.55,0.75,0.45,0.418071,0.121796
-1,2,1,-1,-1,0.6,0.6,0.75,0.45,0.478028,0.085816
-1,2,1,-1,-1,0.65,0.65,0.75,0.45,0.527647,0.067826
-1,2,1,-1,-1,0.7,0.7,0.75,0.45,0.581402,0.049836
-1,2,1,-1,-1,0.75,0.75,0.75,0.45,0.645493,0.037843
-1,2,1,-1,-1,0.8,0.8,0.75,0.45,0.678573,0.028847
-1,2,1,-1,-1,0.85,0.85,0.75,0.45,0.734395,0.022851
-1,2,1,-1,-1,0.9,0.9,0.75,0.45,0.755069,0.019852
-1,2,1,-1,-1,0.95,0.95,0.75,0.45,0.788149,0.016854
-1,2,1,-1,-1,1.0,1.0,0.75,0.45,0.808824,0.016854
-1,2,1,-1,-1,0.05,0.05,0.8,0.45,0.108174,0.501073
-1,2,1,-1,-1,0.1,0.1,0.8,0.45,0.117344,0.451585
-1,2,1,-1,-1,0.15,0.15,0.8,0.45,0.124221,0.39591
-1,2,1,-1,-1,0.2,0.2,0.8,0.45,0.144853,0.358793
-1,2,1,-1,-1,0.25,0.25,0.8,0.45,0.179239,0.309305
-1,2,1,-1,-1,0.3,0.3,0.8,0.45,0.20904,0.272188
-1,2,1,-1,-1,0.35,0.35,0.8,0.45,0.236548,0.250537
-1,2,1,-1,-1,0.4,0.4,0.8,0.45,0.282396,0.197955
-1,2,1,-1,-1,0.45,0.45,0.8,0.45,0.316782,0.167025
-1,2,1,-1,-1,0.5,0.5,0.8,0.45,0.374092,0.136094
-1,2,1,-1,-1,0.55,0.55,0.8,0.45,0.452033,0.108256
-1,2,1,-1,-1,0.6,0.6,0.8,0.45,0.518512,0.07114
-1,2,1,-1,-1,0.65,0.65,0.8,0.45,0.573529,0.052582
-1,2,1,-1,-1,0.7,0.7,0.8,0.45,0.633132,0.034024
-1,2,1,-1,-1,0.75,0.75,0.8,0.45,0.704195,0.021651
-1,2,1,-1,-1,0.8,0.8,0.8,0.45,0.740874,0.012372
-1,2,1,-1,-1,0.85,0.85,0.8,0.45,0.802768,0.006186
-1,2,1,-1,-1,0.9,0.9,0.8,0.45,0.825692,0.003093
-1,2,1,-1,-1,0.95,0.95,0.8,0.45,0.86237,0.0
-1,2,1,-1,-1,1.0,1.0,0.8,0.45,0.885294,0.0
-1,2,1,-1,-1,0.05,0.05,0.85,0.45,0.108373,0.501073
-1,2,1,-1,-1,0.1,0.1,0.85,0.45,0.118339,0.451585
-1,2,1,-1,-1,0.15,0.15,0.85,0.45,0.125812,0.39591
-1,2,1,-1,-1,0.2,0.2,0.85,0.45,0.148235,0.358793
-1,2,1,-1,-1,0.25,0.25,0.85,0.45,0.185605,0.309305
-1,2,1,-1,-1,0.3,0.3,0.85,0.45,0.217993,0.272188
-1,2,1,-1,-1,0.35,0.35,0.85,0.45,0.247889,0.250537
-1,2,1,-1,-1,0.4,0.4,0.85,0.45,0.297716,0.197955
-1,2,1,-1,-1,0.45,0.45,0.85,0.45,0.335086,0.167025
-1,2,1,-1,-1,0.5,0.5,0.85,0.45,0.39737,0.136094
-1,2,1,-1,-1,0.55,0.55,0.85,0.45,0.482076,0.108256
-1,2,1,-1,-1,0.6,0.6,0.85,0.45,0.554325,0.07114
-1,2,1,-1,-1,0.65,0.65,0.85,0.45,0.614117,0.052582
-1,2,1,-1,-1,0.7,0.7,0.85,0.45,0.678893,0.034024
-1,2,1,-1,-1,0.75,0.75,0.85,0.45,0.756124,0.021651
-1,2,1,-1,-1,0.8,0.8,0.85,0.45,0.795986,0.012372
-1,2,1,-1,-1,0.85,0.85,0.85,0.45,0.863253,0.006186
-1,2,1,-1,-1,0.9,0.9,0.85,0.45,0.888166,0.003093
-1,2,1,-1,-1,0.95,0.95,0.85,0.45,0.928027,0.0
-1,2,1,-1,-1,1.0,1.0,0.85,0.45,0.952941,0.0
-1,2,1,-1,-1,0.05,0.05,0.9,0.45,0.108468,0.501073
-1,2,1,-1,-1,0.1,0.1,0.9,0.45,0.118815,0.451585
-1,2,1,-1,-1,0.15,0.15,0.9,0.45,0.126574,0.39591
-1,2,1,-1,-1,0.2,0.2,0.9,0.45,0.149853,0.358793
-1,2,1,-1,-1,0.25,0.25,0.9,0.45,0.18865,0.309305
-1,2,1,-1,-1,0.3,0.3,0.9,0.45,0.222275,0.272188
-1,2,1,-1,-1,0.35,0.35,0.9,0.45,0.253313,0.250537
-1,2,1,-1,-1,0.4,0.4,0.9,0.45,0.305043,0.197955
-1,2,1,-1,-1,0.45,0.45,0.9,0.45,0.34384,0.167025
-1,2,1,-1,-1,0.5,0.5,0.9,0.45,0.408503,0.136094
-1,2,1,-1,-1,0.55,0.55,0.9,0.45,0.496445,0.108256
-1,2,1,-1,-1,0.6,0.6,0.9,0.45,0.571453,0.07114
-1,2,1,-1,-1,0.65,0.65,0.9,0.45,0.633529,0.052582
-1,2,1,-1,-1,0.7,0.7,0.9,0.45,0.700779,0.034024
-1,2,1,-1,-1,0.75,0.75,0.9,0.45,0.78096,0.021651
-1,2,1,-1,-1,0.8,0.8,0.9,0.45,0.822344,0.012372
-1,2,1,-1,-1,0.85,0.85,0.9,0.45,0.89218,0.006186
-1,2,1,-1,-1,0.9,0.9,0.9,0.45,0.918044,0.003093
-1,2,1,-1,-1,0.95,0.95,0.9,0.45,0.959429,0.0
-1,2,1,-1,-1,1.0,1.0,0.9,0.45,0.985294,0.0
-1,2,1,-1,-1,0.05,0.05,0.95,0.45,0.108503,0.501073
-1,2,1,-1,-1,0.1,0.1,0.95,0.45,0.118988,0.451585
-1,2,1,-1,-1,0.15,0.15,0.95,0.45,0.126851,0.39591
-1,2,1,-1,-1,0.2,0.2,0.95,0.45,0.150441,0.358793
-1,2,1,-1,-1,0.25,0.25,0.95,0.45,0.189758,0.309305
-1,2,1,-1,-1,0.3,0.3,0.95,0.45,0.223832,0.272188
-1,2,1,-1,-1,0.35,0.35,0.95,0.45,0.255285,0.250537
-1,2,1,-1,-1,0.4,0.4,0.95,0.45,0.307708,0.197955
-1,2,1,-1,-1,0.45,0.45,0.95,0.45,0.347024,0.167025
-1,2,1,-1,-1,0.5,0.5,0.95,0.45,0.412552,0.136094
-1,2,1,-1,-1,0.55,0.55,0.95,0.45,0.50167,0.108256
-1,2,1,-1,-1,0.6,0.6,0.95,0.45,0.577682,0.07114
-1,2,1,-1,-1,0.65,0.65,0.95,0.45,0.640588,0.052582
-1,2,1,-1,-1,0.7,0.7,0.95,0.45,0.708737,0.034024
-1,2,1,-1,-1,0.75,0.75,0.95,0.45,0.789991,0.021651
-1,2,1,-1,-1,0.8,0.8,0.95,0.45,0.831929,0.012372
-1,2,1,-1,-1,0.85,0.85,0.95,0.45,0.902699,0.006186
-1,2,1,-1,-1,0.9,0.9,0.95,0.45,0.92891,0.003093
-1,2,1,-1,-1,0.95,0.95,0.95,0.45,0.970848,0.0
-1,2,1,-1,-1,1.0,1.0,0.95,0.45,0.997059,0.0
-1,2,1,-1,-1,0.05,0.05,1.0,0.45,0.108512,0.501073
-1,2,1,-1,-1,0.1,0.1,1.0,0.45,0.119031,0.451585
-1,2,1,-1,-1,0.15,0.15,1.0,0.45,0.12692,0.39591
-1,2,1,-1,-1,0.2,0.2,1.0,0.45,0.150588,0.358793
-1,2,1,-1,-1,0.25,0.25,1.0,0.45,0.190035,0.309305
-1,2,1,-1,-1,0.3,0.3,1.0,0.45,0.224221,0.272188
-1,2,1,-1,-1,0.35,0.35,1.0,0.45,0.255778,0.250537
-1,2,1,-1,-1,0.4,0.4,1.0,0.45,0.308374,0.197955
-1,2,1,-1,-1,0.45,0.45,1.0,0.45,0.34782,0.167025
-1,2,1,-1,-1,0.5,0.5,1.0,0.45,0.413564,0.136094
-1,2,1,-1,-1,0.55,0.55,1.0,0.45,0.502976,0.108256
-1,2,1,-1,-1,0.6,0.6,1.0,0.45,0.579239,0.07114
-1,2,1,-1,-1,0.65,0.65,1.0,0.45,0.642353,0.052582
-1,2,1,-1,-1,0.7,0.7,1.0,0.45,0.710727,0.034024
-1,2,1,-1,-1,0.75,0.75,1.0,0.45,0.792249,0.021651
-1,2,1,-1,-1,0.8,0.8,1.0,0.45,0.834325,0.012372
-1,2,1,-1,-1,0.85,0.85,1.0,0.45,0.905329,0.006186
-1,2,1,-1,-1,0.9,0.9,1.0,0.45,0.931626,0.003093
-1,2,1,-1,-1,0.95,0.95,1.0,0.45,0.973702,0.0
-1,2,1,-1,-1,1.0,1.0,1.0,0.45,1.0,0.0
-1,2,1,-1,-1,0.05,0.05,0.5,0.5,0.188235,0.41573
-1,2,1,-1,-1,0.1,0.1,0.5,0.5,0.188235,0.41573
-1,2,1,-1,-1,0.15,0.15,0.5,0.5,0.188235,0.41573
-1,2,1,-1,-1,0.2,0.2,0.5,0.5,0.188235,0.41573
-1,2,1,-1,-1,0.25,0.25,0.5,0.5,0.188235,0.41573
-1,2,1,-1,-1,0.3,0.3,0.5,0.5,0.188235,0.41573
-1,2,1,-1,-1,0.35,0.35,0.5,0.5,0.188235,0.41573
-1,2,1,-1,-1,0.4,0.4,0.5,0.5,0.188235,0.41573
-1,2,1,-1,-1,0.45,0.45,0.5,0.5,0.188235,0.41573
-1,2,1,-1,-1,0.5,0.5,0.5,0.5,0.188235,0.41573
-1,2,1,-1,-1,0.55,0.55,0.5,0.5,0.188235,0.41573
-1,2,1,-1,-1,0.6,0.6,0.5,0.5,0.188235,0.41573
-1,2,1,-1,-1,0.65,0.65,0.5,0.5,0.188235,0.41573
-1,2,1,-1,-1,0.7,0.7,0.5,0.5,0.188235,0.41573
-1,2,1,-1,-1,0.75,0.75,0.5,0.5,0.188235,0.41573
-1,2,1,-1,-1,0.8,0.8,0.5,0.5,0.188235,0.41573
-1,2,1,-1,-1,0.85,0.85,0.5,0.5,0.188235,0.41573
-1,2,1,-1,-1,0.9,0.9,0.5,0.5,0.188235,0.41573
-1,2,1,-1,-1,0.95,0.95,0.5,0.5,0.188235,0.41573
-1,2,1,-1,-1,1.0,1.0,0.5,0.5,0.188235,0.41573
-1,2,1,-1,-1,0.05,0.05,0.55,0.5,0.18859,0.39957
-1,2,1,-1,-1,0.1,0.1,0.55,0.5,0.190008,0.383411
-1,2,1,-1,-1,0.15,0.15,0.55,0.5,0.191072,0.365231
-1,2,1,-1,-1,0.2,0.2,0.55,0.5,0.194264,0.353112
-1,2,1,-1,-1,0.25,0.25,0.55,0.5,0.199585,0.336952
-1,2,1,-1,-1,0.3,0.3,0.55,0.5,0.204195,0.324833
-1,2,1,-1,-1,0.35,0.35,0.55,0.5,0.208451,0.317763
-1,2,1,-1,-1,0.4,0.4,0.55,0.5,0.215545,0.300593
-1,2,1,-1,-1,0.45,0.45,0.55,0.5,0.220865,0.290494
-1,2,1,-1,-1,0.5,0.5,0.55,0.5,0.229732,0.280394
-1,2,1,-1,-1,0.55,0.55,0.55,0.5,0.241791,0.271304
-1,2,1,-1,-1,0.6,0.6,0.55,0.5,0.252076,0.259184
-1,2,1,-1,-1,0.65,0.65,0.55,0.5,0.260588,0.253125
-1,2,1,-1,-1,0.7,0.7,0.55,0.5,0.26981,0.247065
-1,2,1,-1,-1,0.75,0.75,0.55,0.5,0.280805,0.243025
-1,2,1,-1,-1,0.8,0.8,0.55,0.5,0.28648,0.239995
-1,2,1,-1,-1,0.85,0.85,0.55,0.5,0.296056,0.237975
-1,2,1,-1,-1,0.9,0.9,0.55,0.5,0.299602,0.236965
-1,2,1,-1,-1,0.95,0.95,0.55,0.5,0.305277,0.235955
-1,2,1,-1,-1,1.0,1.0,0.55,0.5,0.308824,0.235955
-1,2,1,-1,-1,0.05,0.05,0.6,0.5,0.18891,0.390481
-1,2,1,-1,-1,0.1,0.1,0.6,0.5,0.191609,0.365231
-1,2,1,-1,-1,0.15,0.15,0.6,0.5,0.193633,0.336826
-1,2,1,-1,-1,0.2,0.2,0.6,0.5,0.199706,0.317889
-1,2,1,-1,-1,0.25,0.25,0.6,0.5,0.209827,0.292639
-1,2,1,-1,-1,0.3,0.3,0.6,0.5,0.218598,0.273702
-1,2,1,-1,-1,0.35,0.35,0.6,0.5,0.226695,0.262656
-1,2,1,-1,-1,0.4,0.4,0.6,0.5,0.24019,0.235829
-1,2,1,-1,-1,0.45,0.45,0.6,0.5,0.250311,0.220048
-1,2,1,-1,-1,0.5,0.5,0.6,0.5,0.26718,0.204267
-1,2,1,-1,-1,0.55,0.55,0.6,0.5,0.290121,0.190064
-1,2,1,-1,-1,0.6,0.6,0.6,0.5,0.309688,0.171127
-1,2,1,-1,-1,0.65,0.65,0.6,0.5,0.325882,0.161659
-1,2,1,-1,-1,0.7,0.7,0.6,0.5,0.343426,0.15219
-1,2,1,-1,-1,0.75,0.75,0.6,0.5,0.364342,0.145878
-1,2,1,-1,-1,0.8,0.8,0.6,0.5,0.375138,0.141143
-1,2,1,-1,-1,0.85,0.85,0.6,0.5,0.393356,0.137987
-1,2,1,-1,-1,0.9,0.9,0.6,0.5,0.400104,0.136409
-1,2,1,-1,-1,0.95,0.95,0.6,0.5,0.4109,0.134831
-1,2,1,-1,-1,1.0,1.0,0.6,0.5,0.417647,0.134831
-1,2,1,-1,-1,0.05,0.05,0.65,0.5,0.189325,0.384926
-1,2,1,-1,-1,0.1,0.1,0.65,0.5,0.193685,0.354122
-1,2,1,-1,-1,0.15,0.15,0.65,0.5,0.196955,0.319467
-1,2,1,-1,-1,0.2,0.2,0.65,0.5,0.206764,0.296364
-1,2,1,-1,-1,0.25,0.25,0.65,0.5,0.223114,0.26556
-1,2,1,-1,-1,0.3,0.3,0.65,0.5,0.237284,0.242457
-1,2,1,-1,-1,0.35,0.35,0.65,0.5,0.250363,0.22898
-1,2,1,-1,-1,0.4,0.4,0.65,0.5,0.272163,0.196251
-1,2,1,-1,-1,0.45,0.45,0.65,0.5,0.288512,0.176998
-1,2,1,-1,-1,0.5,0.5,0.65,0.5,0.315761,0.157745
-1,2,1,-1,-1,0.55,0.55,0.65,0.5,0.35282,0.140418
-1,2,1,-1,-1,0.6,0.6,0.65,0.5,0.384429,0.117315
-1,2,1,-1,-1,0.65,0.65,0.65,0.5,0.410588,0.105764
-1,2,1,-1,-1,0.7,0.7,0.65,0.5,0.438928,0.094212
-1,2,1,-1,-1,0.75,0.75,0.65,0.5,0.472717,0.086511
-1,2,1,-1,-1,0.8,0.8,0.65,0.5,0.490156,0.080735
-1,2,1,-1,-1,0.85,0.85,0.65,0.5,0.519585,0.076885
-1,2,1,-1,-1,0.9,0.9,0.65,0.5,0.530485,0.074959
-1,2,1,-1,-1,0.95,0.95,0.65,0.5,0.547924,0.073034
-1,2,1,-1,-1,1.0,1.0,0.65,0.5,0.558824,0.073034
-1,2,1,-1,-1,0.05,0.05,0.7,0.5,0.189714,0.381391
-1,2,1,-1,-1,0.1,0.1,0.7,0.5,0.195631,0.347052
-1,2,1,-1,-1,0.15,0.15,0.7,0.5,0.200069,0.30842
-1,2,1,-1,-1,0.2,0.2,0.7,0.5,0.213382,0.282666
-1,2,1,-1,-1,0.25,0.25,0.7,0.5,0.235571,0.248327
-1,2,1,-1,-1,0.3,0.3,0.7,0.5,0.254801,0.222573
-1,2,1,-1,-1,0.35,0.35,0.7,0.5,0.272552,0.207549
-1,2,1,-1,-1,0.4,0.4,0.7,0.5,0.302137,0.171064
-1,2,1,-1,-1,0.45,0.45,0.7,0.5,0.324325,0.149602
-1,2,1,-1,-1,0.5,0.5,0.7,0.5,0.361306,0.12814
-1,2,1,-1,-1,0.55,0.55,0.7,0.5,0.4116,0.108825
-1,2,1,-1,-1,0.6,0.6,0.7,0.5,0.454498,0.08307
-1,2,1,-1,-1,0.65,0.65,0.7,0.5,0.49,0.070193
-1,2,1,-1,-1,0.7,0.7,0.7,0.5,0.52846,0.057316
-1,2,1,-1,-1,0.75,0.75,0.7,0.5,0.574316,0.048731
-1,2,1,-1,-1,0.8,0.8,0.7,0.5,0.597984,0.042293
-1,2,1,-1,-1,0.85,0.85,0.7,0.5,0.637924,0.038
-1,2,1,-1,-1,0.9,0.9,0.7,0.5,0.652716,0.035854
-1,2,1,-1,-1,0.95,0.95,0.7,0.5,0.676383,0.033708
-1,2,1,-1,-1,1.0,1.0,0.7,0.5,0.691176,0.033708
-1,2,1,-1,-1,0.05,0.05,0.75,0.5,0.19006,0.379876
-1,2,1,-1,-1,0.1,0.1,0.75,0.5,0.197361,0.344022
-1,2,1,-1,-1,0.15,0.15,0.75,0.5,0.202837,0.303686
-1,2,1,-1,-1,0.2,0.2,0.75,0.5,0.219264,0.276796
-1,2,1,-1,-1,0.25,0.25,0.75,0.5,0.246644,0.240942
-1,2,1,-1,-1,0.3,0.3,0.75,0.5,0.270372,0.214051
-1,2,1,-1,-1,0.35,0.35,0.75,0.5,0.292275,0.198365
-1,2,1,-1,-1,0.4,0.4,0.75,0.5,0.32878,0.16027
-1,2,1,-1,-1,0.45,0.45,0.75,0.5,0.356159,0.137861
-1,2,1,-1,-1,0.5,0.5,0.75,0.5,0.401791,0.115453
-1,2,1,-1,-1,0.55,0.55,0.75,0.5,0.46385,0.095285
-1,2,1,-1,-1,0.6,0.6,0.75,0.5,0.516782,0.068394
-1,2,1,-1,-1,0.65,0.65,0.75,0.5,0.560588,0.054949
-1,2,1,-1,-1,0.7,0.7,0.75,0.5,0.608045,0.041504
-1,2,1,-1,-1,0.75,0.75,0.75,0.5,0.664628,0.03254
-1,2,1,-1,-1,0.8,0.8,0.75,0.5,0.693833,0.025818
-1,2,1,-1,-1,0.85,0.85,0.75,0.5,0.743115,0.021336
-1,2,1,-1,-1,0.9,0.9,0.75,0.5,0.761367,0.019095
-1,2,1,-1,-1,0.95,0.95,0.75,0.5,0.790571,0.016854
-1,2,1,-1,-1,1.0,1.0,0.75,0.5,0.808824,0.016854
-1,2,1,-1,-1,0.05,0.05,0.8,0.5,0.190285,0.378361
-1,2,1,-1,-1,0.1,0.1,0.8,0.5,0.198486,0.340992
-1,2,1,-1,-1,0.15,0.15,0.8,0.5,0.204636,0.298952
-1,2,1,-1,-1,0.2,0.2,0.8,0.5,0.223088,0.270925
-1,2,1,-1,-1,0.25,0.25,0.8,0.5,0.253841,0.233556
-1,2,1,-1,-1,0.3,0.3,0.8,0.5,0.280493,0.205529
-1,2,1,-1,-1,0.35,0.35,0.8,0.5,0.305095,0.18918
-1,2,1,-1,-1,0.4,0.4,0.8,0.5,0.346099,0.149476
-1,2,1,-1,-1,0.45,0.45,0.8,0.5,0.376851,0.12612
-1,2,1,-1,-1,0.5,0.5,0.8,0.5,0.428106,0.102765
-1,2,1,-1,-1,0.55,0.55,0.8,0.5,0.497811,0.081745
-1,2,1,-1,-1,0.6,0.6,0.8,0.5,0.557266,0.053718
-1,2,1,-1,-1,0.65,0.65,0.8,0.5,0.60647,0.039705
-1,2,1,-1,-1,0.7,0.7,0.8,0.5,0.659775,0.025691
-1,2,1,-1,-1,0.75,0.75,0.8,0.5,0.72333,0.016349
-1,2,1,-1,-1,0.8,0.8,0.8,0.5,0.756133,0.009342
-1,2,1,-1,-1,0.85,0.85,0.8,0.5,0.811488,0.004671
-1,2,1,-1,-1,0.9,0.9,0.8,0.5,0.831989,0.002336
-1,2,1,-1,-1,0.95,0.95,0.8,0.5,0.864792,0.0
-1,2,1,-1,-1,1.0,1.0,0.8,0.5,0.885294,0.0
-1,2,1,-1,-1,0.05,0.05,0.85,0.5,0.190484,0.378361
-1,2,1,-1,-1,0.1,0.1,0.85,0.5,0.199481,0.340992
-1,2,1,-1,-1,0.15,0.15,0.85,0.5,0.206228,0.298952
-1,2,1,-1,-1,0.2,0.2,0.85,0.5,0.22647,0.270925
-1,2,1,-1,-1,0.25,0.25,0.85,0.5,0.260208,0.233556
-1,2,1,-1,-1,0.3,0.3,0.85,0.5,0.289446,0.205529
-1,2,1,-1,-1,0.35,0.35,0.85,0.5,0.316436,0.18918
-1,2,1,-1,-1,0.4,0.4,0.85,0.5,0.361419,0.149476
-1,2,1,-1,-1,0.45,0.45,0.85,0.5,0.395155,0.12612
-1,2,1,-1,-1,0.5,0.5,0.85,0.5,0.451384,0.102765
-1,2,1,-1,-1,0.55,0.55,0.85,0.5,0.527855,0.081745
-1,2,1,-1,-1,0.6,0.6,0.85,0.5,0.59308,0.053718
-1,2,1,-1,-1,0.65,0.65,0.85,0.5,0.647059,0.039705
-1,2,1,-1,-1,0.7,0.7,0.85,0.5,0.705536,0.025691
-1,2,1,-1,-1,0.75,0.75,0.85,0.5,0.775259,0.016349
-1,2,1,-1,-1,0.8,0.8,0.85,0.5,0.811246,0.009342
-1,2,1,-1,-1,0.85,0.85,0.85,0.5,0.871972,0.004671
-1,2,1,-1,-1,0.9,0.9,0.85,0.5,0.894463,0.002336
-1,2,1,-1,-1,0.95,0.95,0.85,0.5,0.930449,0.0
-1,2,1,-1,-1,1.0,1.0,0.85,0.5,0.952941,0.0
-1,2,1,-1,-1,0.05,0.05,0.9,0.5,0.190579,0.378361
-1,2,1,-1,-1,0.1,0.1,0.9,0.5,0.199957,0.340992
-1,2,1,-1,-1,0.15,0.15,0.9,0.5,0.206989,0.298952
-1,2,1,-1,-1,0.2,0.2,0.9,0.5,0.228088,0.270925
-1,2,1,-1,-1,0.25,0.25,0.9,0.5,0.263253,0.233556
-1,2,1,-1,-1,0.3,0.3,0.9,0.5,0.293728,0.205529
-1,2,1,-1,-1,0.35,0.35,0.9,0.5,0.32186,0.18918
-1,2,1,-1,-1,0.4,0.4,0.9,0.5,0.368746,0.149476
-1,2,1,-1,-1,0.45,0.45,0.9,0.5,0.40391,0.12612
-1,2,1,-1,-1,0.5,0.5,0.9,0.5,0.462517,0.102765
-1,2,1,-1,-1,0.55,0.55,0.9,0.5,0.542223,0.081745
-1,2,1,-1,-1,0.6,0.6,0.9,0.5,0.610208,0.053718
-1,2,1,-1,-1,0.65,0.65,0.9,0.5,0.66647,0.039705
-1,2,1,-1,-1,0.7,0.7,0.9,0.5,0.727422,0.025691
-1,2,1,-1,-1,0.75,0.75,0.9,0.5,0.800095,0.016349
-1,2,1,-1,-1,0.8,0.8,0.9,0.5,0.837604,0.009342
-1,2,1,-1,-1,0.85,0.85,0.9,0.5,0.9009,0.004671
-1,2,1,-1,-1,0.9,0.9,0.9,0.5,0.924342,0.002336
-1,2,1,-1,-1,0.95,0.95,0.9,0.5,0.961851,0.0
-1,2,1,-1,-1,1.0,1.0,0.9,0.5,0.985294,0.0
-1,2,1,-1,-1,0.05,0.05,0.95,0.5,0.190614,0.378361
-1,2,1,-1,-1,0.1,0.1,0.95,0.5,0.20013,0.340992
-1,2,1,-1,-1,0.15,0.15,0.95,0.5,0.207266,0.298952
-1,2,1,-1,-1,0.2,0.2,0.95,0.5,0.228676,0.270925
-1,2,1,-1,-1,0.25,0.25,0.95,0.5,0.26436,0.233556
-1,2,1,-1,-1,0.3,0.3,0.95,0.5,0.295285,0.205529
-1,2,1,-1,-1,0.35,0.35,0.95,0.5,0.323832,0.18918
-1,2,1,-1,-1,0.4,0.4,0.95,0.5,0.37141,0.149476
-1,2,1,-1,-1,0.45,0.45,0.95,0.5,0.407093,0.12612
-1,2,1,-1,-1,0.5,0.5,0.95,0.5,0.466566,0.102765
-1,2,1,-1,-1,0.55,0.55,0.95,0.5,0.547448,0.081745
-1,2,1,-1,-1,0.6,0.6,0.95,0.5,0.616436,0.053718
-1,2,1,-1,-1,0.65,0.65,0.95,0.5,0.673529,0.039705
-1,2,1,-1,-1,0.7,0.7,0.95,0.5,0.735381,0.025691
-1,2,1,-1,-1,0.75,0.75,0.95,0.5,0.809126,0.016349
-1,2,1,-1,-1,0.8,0.8,0.95,0.5,0.847189,0.009342
-1,2,1,-1,-1,0.85,0.85,0.95,0.5,0.911419,0.004671
-1,2,1,-1,-1,0.9,0.9,0.95,0.5,0.935207,0.002336
-1,2,1,-1,-1,0.95,0.95,0.95,0.5,0.97327,0.0
-1,2,1,-1,-1,1.0,1.0,0.95,0.5,0.997059,0.0
-1,2,1,-1,-1,0.05,0.05,1.0,0.5,0.190622,0.378361
-1,2,1,-1,-1,0.1,0.1,1.0,0.5,0.200173,0.340992
-1,2,1,-1,-1,0.15,0.15,1.0,0.5,0.207335,0.298952
-1,2,1,-1,-1,0.2,0.2,1.0,0.5,0.228823,0.270925
-1,2,1,-1,-1,0.25,0.25,1.0,0.5,0.264637,0.233556
-1,2,1,-1,-1,0.3,0.3,1.0,0.5,0.295675,0.205529
-1,2,1,-1,-1,0.35,0.35,1.0,0.5,0.324325,0.18918
-1,2,1,-1,-1,0.4,0.4,1.0,0.5,0.372076,0.149476
-1,2,1,-1,-1,0.45,0.45,1.0,0.5,0.407889,0.12612
-1,2,1,-1,-1,0.5,0.5,1.0,0.5,0.467578,0.102765
-1,2,1,-1,-1,0.55,0.55,1.0,0.5,0.548754,0.081745
-1,2,1,-1,-1,0.6,0.6,1.0,0.5,0.617993,0.053718
-1,2,1,-1,-1,0.65,0.65,1.0,0.5,0.675294,0.039705
-1,2,1,-1,-1,0.7,0.7,1.0,0.5,0.73737,0.025691
-1,2,1,-1,-1,0.75,0.75,1.0,0.5,0.811384,0.016349
-1,2,1,-1,-1,0.8,0.8,1.0,0.5,0.849585,0.009342
-1,2,1,-1,-1,0.85,0.85,1.0,0.5,0.914049,0.004671
-1,2,1,-1,-1,0.9,0.9,1.0,0.5,0.937924,0.002336
-1,2,1,-1,-1,0.95,0.95,1.0,0.5,0.976124,0.0
-1,2,1,-1,-1,1.0,1.0,1.0,0.5,1.0,0.0
-1,2,1,-1,-1,0.05,0.05,0.55,0.55,0.308824,0.235955
-1,2,1,-1,-1,0.1,0.1,0.55,0.55,0.308824,0.235955
-1,2,1,-1,-1,0.15,0.15,0.55,0.55,0.308824,0.235955
-1,2,1,-1,-1,0.2,0.2,0.55,0.55,0.308824,0.235955
-1,2,1,-1,-1,0.25,0.25,0.55,0.55,0.308824,0.235955
-1,2,1,-1,-1,0.3,0.3,0.55,0.55,0.308824,0.235955
-1,2,1,-1,-1,0.35,0.35,0.55,0.55,0.308824,0.235955
-1,2,1,-1,-1,0.4,0.4,0.55,0.55,0.308824,0.235955
-1,2,1,-1,-1,0.45,0.45,0.55,0.55,0.308824,0.235955
-1,2,1,-1,-1,0.5,0.5,0.55,0.55,0.308824,0.235955
-1,2,1,-1,-1,0.55,0.55,0.55,0.55,0.308824,0.235955
-1,2,1,-1,-1,0.6,0.6,0.55,0.55,0.308824,0.235955
-1,2,1,-1,-1,0.65,0.65,0.55,0.55,0.308824,0.235955
-1,2,1,-1,-1,0.7,0.7,0.55,0.55,0.308824,0.235955
-1,2,1,-1,-1,0.75,0.75,0.55,0.55,0.308824,0.235955
-1,2,1,-1,-1,0.8,0.8,0.55,0.55,0.308824,0.235955
-1,2,1,-1,-1,0.85,0.85,0.55,0.55,0.308824,0.235955
-1,2,1,-1,-1,0.9,0.9,0.55,0.55,0.308824,0.235955
-1,2,1,-1,-1,0.95,0.95,0.55,0.55,0.308824,0.235955
-1,2,1,-1,-1,1.0,1.0,0.55,0.55,0.308824,0.235955
-1,2,1,-1,-1,0.05,0.05,0.6,0.55,0.309144,0.226865
-1,2,1,-1,-1,0.1,0.1,0.6,0.55,0.310424,0.217775
-1,2,1,-1,-1,0.15,0.15,0.6,0.55,0.311384,0.207549
-1,2,1,-1,-1,0.2,0.2,0.6,0.55,0.314265,0.200732
-1,2,1,-1,-1,0.25,0.25,0.6,0.55,0.319066,0.191642
-1,2,1,-1,-1,0.3,0.3,0.6,0.55,0.323227,0.184825
-1,2,1,-1,-1,0.35,0.35,0.6,0.55,0.327068,0.180848
-1,2,1,-1,-1,0.4,0.4,0.6,0.55,0.333469,0.17119
-1,2,1,-1,-1,0.45,0.45,0.6,0.55,0.33827,0.165509
-1,2,1,-1,-1,0.5,0.5,0.6,0.55,0.346272,0.159828
-1,2,1,-1,-1,0.55,0.55,0.6,0.55,0.357154,0.154715
-1,2,1,-1,-1,0.6,0.6,0.6,0.55,0.366436,0.147898
-1,2,1,-1,-1,0.65,0.65,0.6,0.55,0.374118,0.144489
-1,2,1,-1,-1,0.7,0.7,0.6,0.55,0.38244,0.14108
-1,2,1,-1,-1,0.75,0.75,0.6,0.55,0.392362,0.138808
-1,2,1,-1,-1,0.8,0.8,0.6,0.55,0.397483,0.137103
-1,2,1,-1,-1,0.85,0.85,0.6,0.55,0.406125,0.135967
-1,2,1,-1,-1,0.9,0.9,0.6,0.55,0.409325,0.135399
-1,2,1,-1,-1,0.95,0.95,0.6,0.55,0.414446,0.134831
-1,2,1,-1,-1,1.0,1.0,0.6,0.55,0.417647,0.134831
-1,2,1,-1,-1,0.05,0.05,0.65,0.55,0.309559,0.22131
-1,2,1,-1,-1,0.1,0.1,0.65,0.55,0.312501,0.206666
-1,2,1,-1,-1,0.15,0.15,0.65,0.55,0.314706,0.190191
-1,2,1,-1,-1,0.2,0.2,0.65,0.55,0.321324,0.179207
-1,2,1,-1,-1,0.25,0.25,0.65,0.55,0.332353,0.164563
-1,2,1,-1,-1,0.3,0.3,0.65,0.55,0.341912,0.153579
-1,2,1,-1,-1,0.35,0.35,0.65,0.55,0.350736,0.147172
-1,2,1,-1,-1,0.4,0.4,0.65,0.55,0.365442,0.131612
-1,2,1,-1,-1,0.45,0.45,0.65,0.55,0.376471,0.12246
-1,2,1,-1,-1,0.5,0.5,0.65,0.55,0.394853,0.113307
-1,2,1,-1,-1,0.55,0.55,0.65,0.55,0.419853,0.105069
-1,2,1,-1,-1,0.6,0.6,0.65,0.55,0.441177,0.094086
-1,2,1,-1,-1,0.65,0.65,0.65,0.55,0.458824,0.088594
-1,2,1,-1,-1,0.7,0.7,0.65,0.55,0.477942,0.083102
-1,2,1,-1,-1,0.75,0.75,0.65,0.55,0.500736,0.079441
-1,2,1,-1,-1,0.8,0.8,0.65,0.55,0.512501,0.076695
-1,2,1,-1,-1,0.85,0.85,0.65,0.55,0.532353,0.074865
-1,2,1,-1,-1,0.9,0.9,0.65,0.55,0.539706,0.073949
-1,2,1,-1,-1,0.95,0.95,0.65,0.55,0.551471,0.073034
-1,2,1,-1,-1,1.0,1.0,0.65,0.55,0.558824,0.073034
-1,2,1,-1,-1,0.05,0.05,0.7,0.55,0.309948,0.217775
-1,2,1,-1,-1,0.1,0.1,0.7,0.55,0.314447,0.199596
-1,2,1,-1,-1,0.15,0.15,0.7,0.55,0.31782,0.179144
-1,2,1,-1,-1,0.2,0.2,0.7,0.55,0.327942,0.165509
-1,2,1,-1,-1,0.25,0.25,0.7,0.55,0.34481,0.14733
-1,2,1,-1,-1,0.3,0.3,0.7,0.55,0.359429,0.133695
-1,2,1,-1,-1,0.35,0.35,0.7,0.55,0.372924,0.125742
-1,2,1,-1,-1,0.4,0.4,0.7,0.55,0.395416,0.106426
-1,2,1,-1,-1,0.45,0.45,0.7,0.55,0.412284,0.095064
-1,2,1,-1,-1,0.5,0.5,0.7,0.55,0.440398,0.083702
-1,2,1,-1,-1,0.55,0.55,0.7,0.55,0.478633,0.073476
-1,2,1,-1,-1,0.6,0.6,0.7,0.55,0.511246,0.059841
-1,2,1,-1,-1,0.65,0.65,0.7,0.55,0.538235,0.053024
-1,2,1,-1,-1,0.7,0.7,0.7,0.55,0.567474,0.046206
-1,2,1,-1,-1,0.75,0.75,0.7,0.55,0.602335,0.041662
-1,2,1,-1,-1,0.8,0.8,0.7,0.55,0.620328,0.038253
-1,2,1,-1,-1,0.85,0.85,0.7,0.55,0.650692,0.03598
-1,2,1,-1,-1,0.9,0.9,0.7,0.55,0.661937,0.034844
-1,2,1,-1,-1,0.95,0.95,0.7,0.55,0.67993,0.033708
-1,2,1,-1,-1,1.0,1.0,0.7,0.55,0.691176,0.033708
-1,2,1,-1,-1,0.05,0.05,0.75,0.55,0.310294,0.21626
-1,2,1,-1,-1,0.1,0.1,0.75,0.55,0.316177,0.196566
-1,2,1,-1,-1,0.15,0.15,0.75,0.55,0.320588,0.17441
-1,2,1,-1,-1,0.2,0.2,0.75,0.55,0.333824,0.159639
-1,2,1,-1,-1,0.25,0.25,0.75,0.55,0.355883,0.139945
-1,2,1,-1,-1,0.3,0.3,0.75,0.55,0.375,0.125174
-1,2,1,-1,-1,0.35,0.35,0.75,0.55,0.392647,0.116557
-1,2,1,-1,-1,0.4,0.4,0.75,0.55,0.422059,0.095632
-1,2,1,-1,-1,0.45,0.45,0.75,0.55,0.444118,0.083323
-1,2,1,-1,-1,0.5,0.5,0.75,0.55,0.480883,0.071014
-1,2,1,-1,-1,0.55,0.55,0.75,0.55,0.530883,0.059936
-1,2,1,-1,-1,0.6,0.6,0.75,0.55,0.57353,0.045165
-1,2,1,-1,-1,0.65,0.65,0.75,0.55,0.608824,0.037779
-1,2,1,-1,-1,0.7,0.7,0.75,0.55,0.64706,0.030394
-1,2,1,-1,-1,0.75,0.75,0.75,0.55,0.692647,0.02547
-1,2,1,-1,-1,0.8,0.8,0.75,0.55,0.716177,0.021778
-1,2,1,-1,-1,0.85,0.85,0.75,0.55,0.755883,0.019316
-1,2,1,-1,-1,0.9,0.9,0.75,0.55,0.770589,0.018085
-1,2,1,-1,-1,0.95,0.95,0.75,0.55,0.794118,0.016854
-1,2,1,-1,-1,1.0,1.0,0.75,0.55,0.808824,0.016854
-1,2,1,-1,-1,0.05,0.05,0.8,0.55,0.310519,0.214745
-1,2,1,-1,-1,0.1,0.1,0.8,0.55,0.317302,0.193536
-1,2,1,-1,-1,0.15,0.15,0.8,0.55,0.322388,0.169675
-1,2,1,-1,-1,0.2,0.2,0.8,0.55,0.337647,0.153768
-1,2,1,-1,-1,0.25,0.25,0.8,0.55,0.36308,0.132559
-1,2,1,-1,-1,0.3,0.3,0.8,0.55,0.385122,0.116652
-1,2,1,-1,-1,0.35,0.35,0.8,0.55,0.405467,0.107373
-1,2,1,-1,-1,0.4,0.4,0.8,0.55,0.439378,0.084838
-1,2,1,-1,-1,0.45,0.45,0.8,0.55,0.46481,0.071582
-1,2,1,-1,-1,0.5,0.5,0.8,0.55,0.507198,0.058326
-1,2,1,-1,-1,0.55,0.55,0.8,0.55,0.564845,0.046396
-1,2,1,-1,-1,0.6,0.6,0.8,0.55,0.614014,0.030488
-1,2,1,-1,-1,0.65,0.65,0.8,0.55,0.654706,0.022535
-1,2,1,-1,-1,0.7,0.7,0.8,0.55,0.698789,0.014582
-1,2,1,-1,-1,0.75,0.75,0.8,0.55,0.751349,0.009279
-1,2,1,-1,-1,0.8,0.8,0.8,0.55,0.778478,0.005302
-1,2,1,-1,-1,0.85,0.85,0.8,0.55,0.824256,0.002651
-1,2,1,-1,-1,0.9,0.9,0.8,0.55,0.841211,0.001326
-1,2,1,-1,-1,0.95,0.95,0.8,0.55,0.868339,0.0
-1,2,1,-1,-1,1.0,1.0,0.8,0.55,0.885294,0.0
-1,2,1,-1,-1,0.05,0.05,0.85,0.55,0.310718,0.214745
-1,2,1,-1,-1,0.1,0.1,0.85,0.55,0.318296,0.193536
-1,2,1,-1,-1,0.15,0.15,0.85,0.55,0.323979,0.169675
-1,2,1,-1,-1,0.2,0.2,0.85,0.55,0.34103,0.153768
-1,2,1,-1,-1,0.25,0.25,0.85,0.55,0.369447,0.132559
-1,2,1,-1,-1,0.3,0.3,0.85,0.55,0.394075,0.116652
-1,2,1,-1,-1,0.35,0.35,0.85,0.55,0.416808,0.107373
-1,2,1,-1,-1,0.4,0.4,0.85,0.55,0.454698,0.084838
-1,2,1,-1,-1,0.45,0.45,0.85,0.55,0.483114,0.071582
-1,2,1,-1,-1,0.5,0.5,0.85,0.55,0.530476,0.058326
-1,2,1,-1,-1,0.55,0.55,0.85,0.55,0.594888,0.046396
-1,2,1,-1,-1,0.6,0.6,0.85,0.55,0.649827,0.030488
-1,2,1,-1,-1,0.65,0.65,0.85,0.55,0.695294,0.022535
-1,2,1,-1,-1,0.7,0.7,0.85,0.55,0.74455,0.014582
-1,2,1,-1,-1,0.75,0.75,0.85,0.55,0.803278,0.009279
-1,2,1,-1,-1,0.8,0.8,0.85,0.55,0.83359,0.005302
-1,2,1,-1,-1,0.85,0.85,0.85,0.55,0.884741,0.002651
-1,2,1,-1,-1,0.9,0.9,0.85,0.55,0.903685,0.001326
-1,2,1,-1,-1,0.95,0.95,0.85,0.55,0.933996,0.0
-1,2,1,-1,-1,1.0,1.0,0.85,0.55,0.952941,0.0
-1,2,1,-1,-1,0.05,0.05,0.9,0.55,0.310813,0.214745
-1,2,1,-1,-1,0.1,0.1,0.9,0.55,0.318772,0.193536
-1,2,1,-1,-1,0.15,0.15,0.9,0.55,0.324741,0.169675
-1,2,1,-1,-1,0.2,0.2,0.9,0.55,0.342647,0.153768
-1,2,1,-1,-1,0.25,0.25,0.9,0.55,0.372492,0.132559
-1,2,1,-1,-1,0.3,0.3,0.9,0.55,0.398357,0.116652
-1,2,1,-1,-1,0.35,0.35,0.9,0.55,0.422232,0.107373
-1,2,1,-1,-1,0.4,0.4,0.9,0.55,0.462025,0.084838
-1,2,1,-1,-1,0.45,0.45,0.9,0.55,0.491869,0.071582
-1,2,1,-1,-1,0.5,0.5,0.9,0.55,0.54161,0.058326
-1,2,1,-1,-1,0.55,0.55,0.9,0.55,0.609257,0.046396
-1,2,1,-1,-1,0.6,0.6,0.9,0.55,0.666955,0.030488
-1,2,1,-1,-1,0.65,0.65,0.9,0.55,0.714706,0.022535
-1,2,1,-1,-1,0.7,0.7,0.9,0.55,0.766436,0.014582
-1,2,1,-1,-1,0.75,0.75,0.9,0.55,0.828114,0.009279
-1,2,1,-1,-1,0.8,0.8,0.9,0.55,0.859948,0.005302
-1,2,1,-1,-1,0.85,0.85,0.9,0.55,0.913668,0.002651
-1,2,1,-1,-1,0.9,0.9,0.9,0.55,0.933564,0.001326
-1,2,1,-1,-1,0.95,0.95,0.9,0.55,0.965398,0.0
-1,2,1,-1,-1,1.0,1.0,0.9,0.55,0.985294,0.0
-1,2,1,-1,-1,0.05,0.05,0.95,0.55,0.310848,0.214745
-1,2,1,-1,-1,0.1,0.1,0.95,0.55,0.318945,0.193536
-1,2,1,-1,-1,0.15,0.15,0.95,0.55,0.325017,0.169675
-1,2,1,-1,-1,0.2,0.2,0.95,0.55,0.343236,0.153768
-1,2,1,-1,-1,0.25,0.25,0.95,0.55,0.373599,0.132559
-1,2,1,-1,-1,0.3,0.3,0.95,0.55,0.399914,0.116652
-1,2,1,-1,-1,0.35,0.35,0.95,0.55,0.424205,0.107373
-1,2,1,-1,-1,0.4,0.4,0.95,0.55,0.464689,0.084838
-1,2,1,-1,-1,0.45,0.45,0.95,0.55,0.495052,0.071582
-1,2,1,-1,-1,0.5,0.5,0.95,0.55,0.545658,0.058326
-1,2,1,-1,-1,0.55,0.55,0.95,0.55,0.614482,0.046396
-1,2,1,-1,-1,0.6,0.6,0.95,0.55,0.673184,0.030488
-1,2,1,-1,-1,0.65,0.65,0.95,0.55,0.721765,0.022535
-1,2,1,-1,-1,0.7,0.7,0.95,0.55,0.774395,0.014582
-1,2,1,-1,-1,0.75,0.75,0.95,0.55,0.837146,0.009279
-1,2,1,-1,-1,0.8,0.8,0.95,0.55,0.869533,0.005302
-1,2,1,-1,-1,0.85,0.85,0.95,0.55,0.924187,0.002651
-1,2,1,-1,-1,0.9,0.9,0.95,0.55,0.944429,0.001326
-1,2,1,-1,-1,0.95,0.95,0.95,0.55,0.976817,0.0
-1,2,1,-1,-1,1.0,1.0,0.95,0.55,0.997059,0.0
-1,2,1,-1,-1,0.05,0.05,1.0,0.55,0.310857,0.214745
-1,2,1,-1,-1,0.1,0.1,1.0,0.55,0.318988,0.193536
-1,2,1,-1,-1,0.15,0.15,1.0,0.55,0.325087,0.169675
-1,2,1,-1,-1,0.2,0.2,1.0,0.55,0.343383,0.153768
-1,2,1,-1,-1,0.25,0.25,1.0,0.55,0.373876,0.132559
-1,2,1,-1,-1,0.3,0.3,1.0,0.55,0.400303,0.116652
-1,2,1,-1,-1,0.35,0.35,1.0,0.55,0.424698,0.107373
-1,2,1,-1,-1,0.4,0.4,1.0,0.55,0.465355,0.084838
-1,2,1,-1,-1,0.45,0.45,1.0,0.55,0.495848,0.071582
-1,2,1,-1,-1,0.5,0.5,1.0,0.55,0.54667,0.058326
-1,2,1,-1,-1,0.55,0.55,1.0,0.55,0.615788,0.046396
-1,2,1,-1,-1,0.6,0.6,1.0,0.55,0.674741,0.030488
-1,2,1,-1,-1,0.65,0.65,1.0,0.55,0.72353,0.022535
-1,2,1,-1,-1,0.7,0.7,1.0,0.55,0.776385,0.014582
-1,2,1,-1,-1,0.75,0.75,1.0,0.55,0.839403,0.009279
-1,2,1,-1,-1,0.8,0.8,1.0,0.55,0.871929,0.005302
-1,2,1,-1,-1,0.85,0.85,1.0,0.55,0.926817,0.002651
-1,2,1,-1,-1,0.9,0.9,1.0,0.55,0.947145,0.001326
-1,2,1,-1,-1,0.95,0.95,1.0,0.55,0.979671,0.0
-1,2,1,-1,-1,1.0,1.0,1.0,0.55,1.0,0.0
-1,2,1,-1,-1,0.05,0.05,0.6,0.6,0.417647,0.134831
-1,2,1,-1,-1,0.1,0.1,0.6,0.6,0.417647,0.134831
-1,2,1,-1,-1,0.15,0.15,0.6,0.6,0.417647,0.134831
-1,2,1,-1,-1,0.2,0.2,0.6,0.6,0.417647,0.134831
-1,2,1,-1,-1,0.25,0.25,0.6,0.6,0.417647,0.134831
-1,2,1,-1,-1,0.3,0.3,0.6,0.6,0.417647,0.134831
-1,2,1,-1,-1,0.35,0.35,0.6,0.6,0.417647,0.134831
-1,2,1,-1,-1,0.4,0.4,0.6,0.6,0.417647,0.134831
-1,2,1,-1,-1,0.45,0.45,0.6,0.6,0.417647,0.134831
-1,2,1,-1,-1,0.5,0.5,0.6,0.6,0.417647,0.134831
-1,2,1,-1,-1,0.55,0.55,0.6,0.6,0.417647,0.134831
-1,2,1,-1,-1,0.6,0.6,0.6,0.6,0.417647,0.134831
-1,2,1,-1,-1,0.65,0.65,0.6,0.6,0.417647,0.134831
-1,2,1,-1,-1,0.7,0.7,0.6,0.6,0.417647,0.134831
-1,2,1,-1,-1,0.75,0.75,0.6,0.6,0.417647,0.134831
-1,2,1,-1,-1,0.8,0.8,0.6,0.6,0.417647,0.134831
-1,2,1,-1,-1,0.85,0.85,0.6,0.6,0.417647,0.134831
-1,2,1,-1,-1,0.9,0.9,0.6,0.6,0.417647,0.134831
-1,2,1,-1,-1,0.95,0.95,0.6,0.6,0.417647,0.134831
-1,2,1,-1,-1,1.0,1.0,0.6,0.6,0.417647,0.134831
-1,2,1,-1,-1,0.05,0.05,0.65,0.6,0.418062,0.129276
-1,2,1,-1,-1,0.1,0.1,0.65,0.6,0.419723,0.123721
-1,2,1,-1,-1,0.15,0.15,0.65,0.6,0.420969,0.117472
-1,2,1,-1,-1,0.2,0.2,0.65,0.6,0.424706,0.113306
-1,2,1,-1,-1,0.25,0.25,0.65,0.6,0.430934,0.107751
-1,2,1,-1,-1,0.3,0.3,0.65,0.6,0.436332,0.103585
-1,2,1,-1,-1,0.35,0.35,0.65,0.6,0.441315,0.101155
-1,2,1,-1,-1,0.4,0.4,0.65,0.6,0.449619,0.095253
-1,2,1,-1,-1,0.45,0.45,0.65,0.6,0.455848,0.091781
-1,2,1,-1,-1,0.5,0.5,0.65,0.6,0.466229,0.08831
-1,2,1,-1,-1,0.55,0.55,0.65,0.6,0.480346,0.085185
-1,2,1,-1,-1,0.6,0.6,0.65,0.6,0.492388,0.081019
-1,2,1,-1,-1,0.65,0.65,0.65,0.6,0.502353,0.078936
-1,2,1,-1,-1,0.7,0.7,0.65,0.6,0.513149,0.076853
-1,2,1,-1,-1,0.75,0.75,0.65,0.6,0.526021,0.075464
-1,2,1,-1,-1,0.8,0.8,0.65,0.6,0.532665,0.074423
-1,2,1,-1,-1,0.85,0.85,0.65,0.6,0.543876,0.073728
-1,2,1,-1,-1,0.9,0.9,0.65,0.6,0.548028,0.073381
-1,2,1,-1,-1,0.95,0.95,0.65,0.6,0.554672,0.073034
-1,2,1,-1,-1,1.0,1.0,0.65,0.6,0.558824,0.073034
-1,2,1,-1,-1,0.05,0.05,0.7,0.6,0.418451,0.125741
-1,2,1,-1,-1,0.1,0.1,0.7,0.6,0.42167,0.116652
-1,2,1,-1,-1,0.15,0.15,0.7,0.6,0.424083,0.106426
-1,2,1,-1,-1,0.2,0.2,0.7,0.6,0.431323,0.099608
-1,2,1,-1,-1,0.25,0.25,0.7,0.6,0.443391,0.090519
-1,2,1,-1,-1,0.3,0.3,0.7,0.6,0.453849,0.083701
-1,2,1,-1,-1,0.35,0.35,0.7,0.6,0.463503,0.079725
-1,2,1,-1,-1,0.4,0.4,0.7,0.6,0.479593,0.070067
-1,2,1,-1,-1,0.45,0.45,0.7,0.6,0.491661,0.064386
-1,2,1,-1,-1,0.5,0.5,0.7,0.6,0.511773,0.058705
-1,2,1,-1,-1,0.55,0.55,0.7,0.6,0.539126,0.053592
-1,2,1,-1,-1,0.6,0.6,0.7,0.6,0.562457,0.046774
-1,2,1,-1,-1,0.65,0.65,0.7,0.6,0.581764,0.043366
-1,2,1,-1,-1,0.7,0.7,0.7,0.6,0.602681,0.039957
-1,2,1,-1,-1,0.75,0.75,0.7,0.6,0.627621,0.037685
-1,2,1,-1,-1,0.8,0.8,0.7,0.6,0.640493,0.03598
-1,2,1,-1,-1,0.85,0.85,0.7,0.6,0.662214,0.034844
-1,2,1,-1,-1,0.9,0.9,0.7,0.6,0.670259,0.034276
-1,2,1,-1,-1,0.95,0.95,0.7,0.6,0.683131,0.033708
-1,2,1,-1,-1,1.0,1.0,0.7,0.6,0.691176,0.033708
-1,2,1,-1,-1,0.05,0.05,0.75,0.6,0.418797,0.124226
-1,2,1,-1,-1,0.1,0.1,0.75,0.6,0.4234,0.113622
-1,2,1,-1,-1,0.15,0.15,0.75,0.6,0.426851,0.101691
-1,2,1,-1,-1,0.2,0.2,0.75,0.6,0.437206,0.093738
-1,2,1,-1,-1,0.25,0.25,0.75,0.6,0.454464,0.083133
-1,2,1,-1,-1,0.3,0.3,0.75,0.6,0.46942,0.07518
-1,2,1,-1,-1,0.35,0.35,0.75,0.6,0.483227,0.07054
-1,2,1,-1,-1,0.4,0.4,0.75,0.6,0.506237,0.059273
-1,2,1,-1,-1,0.45,0.45,0.75,0.6,0.523495,0.052645
-1,2,1,-1,-1,0.5,0.5,0.75,0.6,0.552258,0.046017
-1,2,1,-1,-1,0.55,0.55,0.75,0.6,0.591376,0.040052
-1,2,1,-1,-1,0.6,0.6,0.75,0.6,0.624741,0.032098
-1,2,1,-1,-1,0.65,0.65,0.75,0.6,0.652353,0.028122
-1,2,1,-1,-1,0.7,0.7,0.75,0.6,0.682267,0.024145
-1,2,1,-1,-1,0.75,0.75,0.75,0.6,0.717933,0.021494
-1,2,1,-1,-1,0.8,0.8,0.75,0.6,0.736341,0.019505
-1,2,1,-1,-1,0.85,0.85,0.75,0.6,0.767405,0.01818
-1,2,1,-1,-1,0.9,0.9,0.75,0.6,0.77891,0.017517
-1,2,1,-1,-1,0.95,0.95,0.75,0.6,0.797319,0.016854
-1,2,1,-1,-1,1.0,1.0,0.75,0.6,0.808824,0.016854
-1,2,1,-1,-1,0.05,0.05,0.8,0.6,0.419022,0.122711
-1,2,1,-1,-1,0.1,0.1,0.8,0.6,0.424524,0.110592
-1,2,1,-1,-1,0.15,0.15,0.8,0.6,0.42865,0.096957
-1,2,1,-1,-1,0.2,0.2,0.8,0.6,0.441029,0.087867
-1,2,1,-1,-1,0.25,0.25,0.8,0.6,0.461661,0.075748
-1,2,1,-1,-1,0.3,0.3,0.8,0.6,0.479541,0.066658
-1,2,1,-1,-1,0.35,0.35,0.8,0.6,0.496047,0.061356
-1,2,1,-1,-1,0.4,0.4,0.8,0.6,0.523555,0.048479
-1,2,1,-1,-1,0.45,0.45,0.8,0.6,0.544187,0.040904
-1,2,1,-1,-1,0.5,0.5,0.8,0.6,0.578573,0.033329
-1,2,1,-1,-1,0.55,0.55,0.8,0.6,0.625337,0.026512
-1,2,1,-1,-1,0.6,0.6,0.8,0.6,0.665225,0.017422
-1,2,1,-1,-1,0.65,0.65,0.8,0.6,0.698235,0.012877
-1,2,1,-1,-1,0.7,0.7,0.8,0.6,0.733997,0.008332
-1,2,1,-1,-1,0.75,0.75,0.8,0.6,0.776635,0.005302
-1,2,1,-1,-1,0.8,0.8,0.8,0.6,0.798642,0.00303
-1,2,1,-1,-1,0.85,0.85,0.8,0.6,0.835779,0.001515
-1,2,1,-1,-1,0.9,0.9,0.8,0.6,0.849533,0.000757
-1,2,1,-1,-1,0.95,0.95,0.8,0.6,0.87154,0.0
-1,2,1,-1,-1,1.0,1.0,0.8,0.6,0.885294,0.0
-1,2,1,-1,-1,0.05,0.05,0.85,0.6,0.419221,0.122711
-1,2,1,-1,-1,0.1,0.1,0.85,0.6,0.425519,0.110592
-1,2,1,-1,-1,0.15,0.15,0.85,0.6,0.430242,0.096957
-1,2,1,-1,-1,0.2,0.2,0.85,0.6,0.444412,0.087867
-1,2,1,-1,-1,0.25,0.25,0.85,0.6,0.468028,0.075748
-1,2,1,-1,-1,0.3,0.3,0.85,0.6,0.488495,0.066658
-1,2,1,-1,-1,0.35,0.35,0.85,0.6,0.507387,0.061356
-1,2,1,-1,-1,0.4,0.4,0.85,0.6,0.538876,0.048479
-1,2,1,-1,-1,0.45,0.45,0.85,0.6,0.562491,0.040904
-1,2,1,-1,-1,0.5,0.5,0.85,0.6,0.601851,0.033329
-1,2,1,-1,-1,0.55,0.55,0.85,0.6,0.655381,0.026512
-1,2,1,-1,-1,0.6,0.6,0.85,0.6,0.701038,0.017422
-1,2,1,-1,-1,0.65,0.65,0.85,0.6,0.738823,0.012877
-1,2,1,-1,-1,0.7,0.7,0.85,0.6,0.779758,0.008332
-1,2,1,-1,-1,0.75,0.75,0.85,0.6,0.828564,0.005302
-1,2,1,-1,-1,0.8,0.8,0.85,0.6,0.853754,0.00303
-1,2,1,-1,-1,0.85,0.85,0.85,0.6,0.896263,0.001515
-1,2,1,-1,-1,0.9,0.9,0.85,0.6,0.912007,0.000757
-1,2,1,-1,-1,0.95,0.95,0.85,0.6,0.937197,0.0
-1,2,1,-1,-1,1.0,1.0,0.85,0.6,0.952941,0.0
-1,2,1,-1,-1,0.05,0.05,0.9,0.6,0.419316,0.122711
-1,2,1,-1,-1,0.1,0.1,0.9,0.6,0.425995,0.110592
-1,2,1,-1,-1,0.15,0.15,0.9,0.6,0.431003,0.096957
-1,2,1,-1,-1,0.2,0.2,0.9,0.6,0.446029,0.087867
-1,2,1,-1,-1,0.25,0.25,0.9,0.6,0.471073,0.075748
-1,2,1,-1,-1,0.3,0.3,0.9,0.6,0.492777,0.066658
-1,2,1,-1,-1,0.35,0.35,0.9,0.6,0.512811,0.061356
-1,2,1,-1,-1,0.4,0.4,0.9,0.6,0.546203,0.048479
-1,2,1,-1,-1,0.45,0.45,0.9,0.6,0.571245,0.040904
-1,2,1,-1,-1,0.5,0.5,0.9,0.6,0.612985,0.033329
-1,2,1,-1,-1,0.55,0.55,0.9,0.6,0.669749,0.026512
-1,2,1,-1,-1,0.6,0.6,0.9,0.6,0.718166,0.017422
-1,2,1,-1,-1,0.65,0.65,0.9,0.6,0.758235,0.012877
-1,2,1,-1,-1,0.7,0.7,0.9,0.6,0.801644,0.008332
-1,2,1,-1,-1,0.75,0.75,0.9,0.6,0.8534,0.005302
-1,2,1,-1,-1,0.8,0.8,0.9,0.6,0.880112,0.00303
-1,2,1,-1,-1,0.85,0.85,0.9,0.6,0.92519,0.001515
-1,2,1,-1,-1,0.9,0.9,0.9,0.6,0.941885,0.000757
-1,2,1,-1,-1,0.95,0.95,0.9,0.6,0.968598,0.0
-1,2,1,-1,-1,1.0,1.0,0.9,0.6,0.985294,0.0
-1,2,1,-1,-1,0.05,0.05,0.95,0.6,0.419351,0.122711
-1,2,1,-1,-1,0.1,0.1,0.95,0.6,0.426168,0.110592
-1,2,1,-1,-1,0.15,0.15,0.95,0.6,0.43128,0.096957
-1,2,1,-1,-1,0.2,0.2,0.95,0.6,0.446618,0.087867
-1,2,1,-1,-1,0.25,0.25,0.95,0.6,0.47218,0.075748
-1,2,1,-1,-1,0.3,0.3,0.95,0.6,0.494334,0.066658
-1,2,1,-1,-1,0.35,0.35,0.95,0.6,0.514784,0.061356
-1,2,1,-1,-1,0.4,0.4,0.95,0.6,0.548867,0.048479
-1,2,1,-1,-1,0.45,0.45,0.95,0.6,0.574429,0.040904
-1,2,1,-1,-1,0.5,0.5,0.95,0.6,0.617033,0.033329
-1,2,1,-1,-1,0.55,0.55,0.95,0.6,0.674974,0.026512
-1,2,1,-1,-1,0.6,0.6,0.95,0.6,0.724395,0.017422
-1,2,1,-1,-1,0.65,0.65,0.95,0.6,0.765294,0.012877
-1,2,1,-1,-1,0.7,0.7,0.95,0.6,0.809602,0.008332
-1,2,1,-1,-1,0.75,0.75,0.95,0.6,0.862431,0.005302
-1,2,1,-1,-1,0.8,0.8,0.95,0.6,0.889697,0.00303
-1,2,1,-1,-1,0.85,0.85,0.95,0.6,0.93571,0.001515
-1,2,1,-1,-1,0.9,0.9,0.95,0.6,0.952751,0.000757
-1,2,1,-1,-1,0.95,0.95,0.95,0.6,0.980017,0.0
-1,2,1,-1,-1,1.0,1.0,0.95,0.6,0.997059,0.0
-1,2,1,-1,-1,0.05,0.05,1.0,0.6,0.41936,0.122711
-1,2,1,-1,-1,0.1,0.1,1.0,0.6,0.426211,0.110592
-1,2,1,-1,-1,0.15,0.15,1.0,0.6,0.431349,0.096957
-1,2,1,-1,-1,0.2,0.2,1.0,0.6,0.446765,0.087867
-1,2,1,-1,-1,0.25,0.25,1.0,0.6,0.472457,0.075748
-1,2,1,-1,-1,0.3,0.3,1.0,0.6,0.494723,0.066658
-1,2,1,-1,-1,0.35,0.35,1.0,0.6,0.515277,0.061356
-1,2,1,-1,-1,0.4,0.4,1.0,0.6,0.549533,0.048479
-1,2,1,-1,-1,0.45,0.45,1.0,0.6,0.575225,0.040904
-1,2,1,-1,-1,0.5,0.5,1.0,0.6,0.618045,0.033329
-1,2,1,-1,-1,0.55,0.55,1.0,0.6,0.67628,0.026512
-1,2,1,-1,-1,0.6,0.6,1.0,0.6,0.725952,0.017422
-1,2,1,-1,-1,0.65,0.65,1.0,0.6,0.767059,0.012877
-1,2,1,-1,-1,0.7,0.7,1.0,0.6,0.811592,0.008332
-1,2,1,-1,-1,0.75,0.75,1.0,0.6,0.864689,0.005302
-1,2,1,-1,-1,0.8,0.8,1.0,0.6,0.892093,0.00303
-1,2,1,-1,-1,0.85,0.85,1.0,0.6,0.938339,0.001515
-1,2,1,-1,-1,0.9,0.9,1.0,0.6,0.955467,0.000757
-1,2,1,-1,-1,0.95,0.95,1.0,0.6,0.982872,0.0
-1,2,1,-1,-1,1.0,1.0,1.0,0.6,1.0,0.0
-1,2,1,-1,-1,0.05,0.05,0.65,0.65,0.558824,0.073034
-1,2,1,-1,-1,0.1,0.1,0.65,0.65,0.558824,0.073034
-1,2,1,-1,-1,0.15,0.15,0.65,0.65,0.558824,0.073034
-1,2,1,-1,-1,0.2,0.2,0.65,0.65,0.558824,0.073034
-1,2,1,-1,-1,0.25,0.25,0.65,0.65,0.558824,0.073034
-1,2,1,-1,-1,0.3,0.3,0.65,0.65,0.558824,0.073034
-1,2,1,-1,-1,0.35,0.35,0.65,0.65,0.558824,0.073034
-1,2,1,-1,-1,0.4,0.4,0.65,0.65,0.558824,0.073034
-1,2,1,-1,-1,0.45,0.45,0.65,0.65,0.558824,0.073034
-1,2,1,-1,-1,0.5,0.5,0.65,0.65,0.558824,0.073034
-1,2,1,-1,-1,0.55,0.55,0.65,0.65,0.558824,0.073034
-1,2,1,-1,-1,0.6,0.6,0.65,0.65,0.558824,0.073034
-1,2,1,-1,-1,0.65,0.65,0.65,0.65,0.558824,0.073034
-1,2,1,-1,-1,0.7,0.7,0.65,0.65,0.558824,0.073034
-1,2,1,-1,-1,0.75,0.75,0.65,0.65,0.558824,0.073034
-1,2,1,-1,-1,0.8,0.8,0.65,0.65,0.558824,0.073034
-1,2,1,-1,-1,0.85,0.85,0.65,0.65,0.558824,0.073034
-1,2,1,-1,-1,0.9,0.9,0.65,0.65,0.558824,0.073034
-1,2,1,-1,-1,0.95,0.95,0.65,0.65,0.558824,0.073034
-1,2,1,-1,-1,1.0,1.0,0.65,0.65,0.558824,0.073034
-1,2,1,-1,-1,0.05,0.05,0.7,0.65,0.559213,0.069499
-1,2,1,-1,-1,0.1,0.1,0.7,0.65,0.56077,0.065964
-1,2,1,-1,-1,0.15,0.15,0.7,0.65,0.561938,0.061987
-1,2,1,-1,-1,0.2,0.2,0.7,0.65,0.565442,0.059336
-1,2,1,-1,-1,0.25,0.25,0.7,0.65,0.571281,0.055801
-1,2,1,-1,-1,0.3,0.3,0.7,0.65,0.576341,0.05315
-1,2,1,-1,-1,0.35,0.35,0.7,0.65,0.581012,0.051604
-1,2,1,-1,-1,0.4,0.4,0.7,0.65,0.588798,0.047848
-1,2,1,-1,-1,0.45,0.45,0.7,0.65,0.594637,0.045638
-1,2,1,-1,-1,0.5,0.5,0.7,0.65,0.604369,0.043429
-1,2,1,-1,-1,0.55,0.55,0.7,0.65,0.617604,0.041441
-1,2,1,-1,-1,0.6,0.6,0.7,0.65,0.628893,0.038789
-1,2,1,-1,-1,0.65,0.65,0.7,0.65,0.638235,0.037464
-1,2,1,-1,-1,0.7,0.7,0.7,0.65,0.648356,0.036138
-1,2,1,-1,-1,0.75,0.75,0.7,0.65,0.660424,0.035255
-1,2,1,-1,-1,0.8,0.8,0.7,0.65,0.666652,0.034592
-1,2,1,-1,-1,0.85,0.85,0.7,0.65,0.677162,0.03415
-1,2,1,-1,-1,0.9,0.9,0.7,0.65,0.681055,0.033929
-1,2,1,-1,-1,0.95,0.95,0.7,0.65,0.687283,0.033708
-1,2,1,-1,-1,1.0,1.0,0.7,0.65,0.691176,0.033708
-1,2,1,-1,-1,0.05,0.05,0.75,0.65,0.559559,0.067984
-1,2,1,-1,-1,0.1,0.1,0.75,0.65,0.5625,0.062934
-1,2,1,-1,-1,0.15,0.15,0.75,0.65,0.564706,0.057253
-1,2,1,-1,-1,0.2,0.2,0.75,0.65,0.571324,0.053466
-1,2,1,-1,-1,0.25,0.25,0.75,0.65,0.582353,0.048416
-1,2,1,-1,-1,0.3,0.3,0.75,0.65,0.591912,0.044628
-1,2,1,-1,-1,0.35,0.35,0.75,0.65,0.600736,0.042419
-1,2,1,-1,-1,0.4,0.4,0.75,0.65,0.615442,0.037054
-1,2,1,-1,-1,0.45,0.45,0.75,0.65,0.626471,0.033897
-1,2,1,-1,-1,0.5,0.5,0.75,0.65,0.644853,0.030741
-1,2,1,-1,-1,0.55,0.55,0.75,0.65,0.669853,0.027901
-1,2,1,-1,-1,0.6,0.6,0.75,0.65,0.691177,0.024113
-1,2,1,-1,-1,0.65,0.65,0.75,0.65,0.708824,0.02222
-1,2,1,-1,-1,0.7,0.7,0.75,0.65,0.727942,0.020326
-1,2,1,-1,-1,0.75,0.75,0.75,0.65,0.750736,0.019063
-1,2,1,-1,-1,0.8,0.8,0.75,0.65,0.762501,0.018116
-1,2,1,-1,-1,0.85,0.85,0.75,0.65,0.782353,0.017485
-1,2,1,-1,-1,0.9,0.9,0.75,0.65,0.789706,0.01717
-1,2,1,-1,-1,0.95,0.95,0.75,0.65,0.801471,0.016854
-1,2,1,-1,-1,1.0,1.0,0.75,0.65,0.808824,0.016854
-1,2,1,-1,-1,0.05,0.05,0.8,0.65,0.559784,0.066469
-1,2,1,-1,-1,0.1,0.1,0.8,0.65,0.563625,0.059904
-1,2,1,-1,-1,0.15,0.15,0.8,0.65,0.566506,0.052519
-1,2,1,-1,-1,0.2,0.2,0.8,0.65,0.575148,0.047595
-1,2,1,-1,-1,0.25,0.25,0.8,0.65,0.589551,0.04103
-1,2,1,-1,-1,0.3,0.3,0.8,0.65,0.602033,0.036107
-1,2,1,-1,-1,0.35,0.35,0.8,0.65,0.613556,0.033235
-1,2,1,-1,-1,0.4,0.4,0.8,0.65,0.63276,0.026259
-1,2,1,-1,-1,0.45,0.45,0.8,0.65,0.647163,0.022156
-1,2,1,-1,-1,0.5,0.5,0.8,0.65,0.671168,0.018053
-1,2,1,-1,-1,0.55,0.55,0.8,0.65,0.703815,0.014361
-1,2,1,-1,-1,0.6,0.6,0.8,0.65,0.731661,0.009437
-1,2,1,-1,-1,0.65,0.65,0.8,0.65,0.754706,0.006975
-1,2,1,-1,-1,0.7,0.7,0.8,0.65,0.779671,0.004513
-1,2,1,-1,-1,0.75,0.75,0.8,0.65,0.809438,0.002872
-1,2,1,-1,-1,0.8,0.8,0.8,0.65,0.824801,0.001641
-1,2,1,-1,-1,0.85,0.85,0.8,0.65,0.850727,0.000821
-1,2,1,-1,-1,0.9,0.9,0.8,0.65,0.860329,0.00041
-1,2,1,-1,-1,0.95,0.95,0.8,0.65,0.875692,0.0
-1,2,1,-1,-1,1.0,1.0,0.8,0.65,0.885294,0.0
-1,2,1,-1,-1,0.05,0.05,0.85,0.65,0.559983,0.066469
-1,2,1,-1,-1,0.1,0.1,0.85,0.65,0.56462,0.059904
-1,2,1,-1,-1,0.15,0.15,0.85,0.65,0.568097,0.052519
-1,2,1,-1,-1,0.2,0.2,0.85,0.65,0.57853,0.047595
-1,2,1,-1,-1,0.25,0.25,0.85,0.65,0.595918,0.04103
-1,2,1,-1,-1,0.3,0.3,0.85,0.65,0.610987,0.036107
-1,2,1,-1,-1,0.35,0.35,0.85,0.65,0.624897,0.033235
-1,2,1,-1,-1,0.4,0.4,0.85,0.65,0.64808,0.026259
-1,2,1,-1,-1,0.45,0.45,0.85,0.65,0.665467,0.022156
-1,2,1,-1,-1,0.5,0.5,0.85,0.65,0.694447,0.018053
-1,2,1,-1,-1,0.55,0.55,0.85,0.65,0.733858,0.014361
-1,2,1,-1,-1,0.6,0.6,0.85,0.65,0.767474,0.009437
-1,2,1,-1,-1,0.65,0.65,0.85,0.65,0.795294,0.006975
-1,2,1,-1,-1,0.7,0.7,0.85,0.65,0.825433,0.004513
-1,2,1,-1,-1,0.75,0.75,0.85,0.65,0.861367,0.002872
-1,2,1,-1,-1,0.8,0.8,0.85,0.65,0.879913,0.001641
-1,2,1,-1,-1,0.85,0.85,0.85,0.65,0.911211,0.000821
-1,2,1,-1,-1,0.9,0.9,0.85,0.65,0.922802,0.00041
-1,2,1,-1,-1,0.95,0.95,0.85,0.65,0.941349,0.0
-1,2,1,-1,-1,1.0,1.0,0.85,0.65,0.952941,0.0
-1,2,1,-1,-1,0.05,0.05,0.9,0.65,0.560078,0.066469
-1,2,1,-1,-1,0.1,0.1,0.9,0.65,0.565096,0.059904
-1,2,1,-1,-1,0.15,0.15,0.9,0.65,0.568858,0.052519
-1,2,1,-1,-1,0.2,0.2,0.9,0.65,0.580148,0.047595
-1,2,1,-1,-1,0.25,0.25,0.9,0.65,0.598963,0.04103
-1,2,1,-1,-1,0.3,0.3,0.9,0.65,0.615269,0.036107
-1,2,1,-1,-1,0.35,0.35,0.9,0.65,0.63032,0.033235
-1,2,1,-1,-1,0.4,0.4,0.9,0.65,0.655407,0.026259
-1,2,1,-1,-1,0.45,0.45,0.9,0.65,0.674222,0.022156
-1,2,1,-1,-1,0.5,0.5,0.9,0.65,0.70558,0.018053
-1,2,1,-1,-1,0.55,0.55,0.9,0.65,0.748227,0.014361
-1,2,1,-1,-1,0.6,0.6,0.9,0.65,0.784602,0.009437
-1,2,1,-1,-1,0.65,0.65,0.9,0.65,0.814706,0.006975
-1,2,1,-1,-1,0.7,0.7,0.9,0.65,0.847319,0.004513
-1,2,1,-1,-1,0.75,0.75,0.9,0.65,0.886202,0.002872
-1,2,1,-1,-1,0.8,0.8,0.9,0.65,0.906272,0.001641
-1,2,1,-1,-1,0.85,0.85,0.9,0.65,0.940139,0.000821
-1,2,1,-1,-1,0.9,0.9,0.9,0.65,0.952681,0.00041
-1,2,1,-1,-1,0.95,0.95,0.9,0.65,0.972751,0.0
-1,2,1,-1,-1,1.0,1.0,0.9,0.65,0.985294,0.0
-1,2,1,-1,-1,0.05,0.05,0.95,0.65,0.560113,0.066469
-1,2,1,-1,-1,0.1,0.1,0.95,0.65,0.565269,0.059904
-1,2,1,-1,-1,0.15,0.15,0.95,0.65,0.569135,0.052519
-1,2,1,-1,-1,0.2,0.2,0.95,0.65,0.580736,0.047595
-1,2,1,-1,-1,0.25,0.25,0.95,0.65,0.60007,0.04103
-1,2,1,-1,-1,0.3,0.3,0.95,0.65,0.616826,0.036107
-1,2,1,-1,-1,0.35,0.35,0.95,0.65,0.632293,0.033235
-1,2,1,-1,-1,0.4,0.4,0.95,0.65,0.658072,0.026259
-1,2,1,-1,-1,0.45,0.45,0.95,0.65,0.677405,0.022156
-1,2,1,-1,-1,0.5,0.5,0.95,0.65,0.709629,0.018053
-1,2,1,-1,-1,0.55,0.55,0.95,0.65,0.753452,0.014361
-1,2,1,-1,-1,0.6,0.6,0.95,0.65,0.790831,0.009437
-1,2,1,-1,-1,0.65,0.65,0.95,0.65,0.821765,0.006975
-1,2,1,-1,-1,0.7,0.7,0.95,0.65,0.855277,0.004513
-1,2,1,-1,-1,0.75,0.75,0.95,0.65,0.895234,0.002872
-1,2,1,-1,-1,0.8,0.8,0.95,0.65,0.915857,0.001641
-1,2,1,-1,-1,0.85,0.85,0.95,0.65,0.950658,0.000821
-1,2,1,-1,-1,0.9,0.9,0.95,0.65,0.963547,0.00041
-1,2,1,-1,-1,0.95,0.95,0.95,0.65,0.98417,0.0
-1,2,1,-1,-1,1.0,1.0,0.95,0.65,0.997059,0.0
-1,2,1,-1,-1,0.05,0.05,1.0,0.65,0.560121,0.066469
-1,2,1,-1,-1,0.1,0.1,1.0,0.65,0.565312,0.059904
-1,2,1,-1,-1,0.15,0.15,1.0,0.65,0.569204,0.052519
-1,2,1,-1,-1,0.2,0.2,1.0,0.65,0.580883,0.047595
-1,2,1,-1,-1,0.25,0.25,1.0,0.65,0.600347,0.04103
-1,2,1,-1,-1,0.3,0.3,1.0,0.65,0.617215,0.036107
-1,2,1,-1,-1,0.35,0.35,1.0,0.65,0.632786,0.033235
-1,2,1,-1,-1,0.4,0.4,1.0,0.65,0.658738,0.026259
-1,2,1,-1,-1,0.45,0.45,1.0,0.65,0.678201,0.022156
-1,2,1,-1,-1,0.5,0.5,1.0,0.65,0.710641,0.018053
-1,2,1,-1,-1,0.55,0.55,1.0,0.65,0.754758,0.014361
-1,2,1,-1,-1,0.6,0.6,1.0,0.65,0.792388,0.009437
-1,2,1,-1,-1,0.65,0.65,1.0,0.65,0.82353,0.006975
-1,2,1,-1,-1,0.7,0.7,1.0,0.65,0.857267,0.004513
-1,2,1,-1,-1,0.75,0.75,1.0,0.65,0.897491,0.002872
-1,2,1,-1,-1,0.8,0.8,1.0,0.65,0.918253,0.001641
-1,2,1,-1,-1,0.85,0.85,1.0,0.65,0.953287,0.000821
-1,2,1,-1,-1,0.9,0.9,1.0,0.65,0.966263,0.00041
-1,2,1,-1,-1,0.95,0.95,1.0,0.65,0.987024,0.0
-1,2,1,-1,-1,1.0,1.0,1.0,0.65,1.0,0.0
-1,2,1,-1,-1,0.05,0.05,0.7,0.7,0.691176,0.033708
-1,2,1,-1,-1,0.1,0.1,0.7,0.7,0.691176,0.033708
-1,2,1,-1,-1,0.15,0.15,0.7,0.7,0.691176,0.033708
-1,2,1,-1,-1,0.2,0.2,0.7,0.7,0.691176,0.033708
-1,2,1,-1,-1,0.25,0.25,0.7,0.7,0.691176,0.033708
-1,2,1,-1,-1,0.3,0.3,0.7,0.7,0.691176,0.033708
-1,2,1,-1,-1,0.35,0.35,0.7,0.7,0.691176,0.033708
-1,2,1,-1,-1,0.4,0.4,0.7,0.7,0.691176,0.033708
-1,2,1,-1,-1,0.45,0.45,0.7,0.7,0.691176,0.033708
-1,2,1,-1,-1,0.5,0.5,0.7,0.7,0.691176,0.033708
-1,2,1,-1,-1,0.55,0.55,0.7,0.7,0.691176,0.033708
-1,2,1,-1,-1,0.6,0.6,0.7,0.7,0.691176,0.033708
-1,2,1,-1,-1,0.65,0.65,0.7,0.7,0.691176,0.033708
-1,2,1,-1,-1,0.7,0.7,0.7,0.7,0.691176,0.033708
-1,2,1,-1,-1,0.75,0.75,0.7,0.7,0.691176,0.033708
-1,2,1,-1,-1,0.8,0.8,0.7,0.7,0.691176,0.033708
-1,2,1,-1,-1,0.85,0.85,0.7,0.7,0.691176,0.033708
-1,2,1,-1,-1,0.9,0.9,0.7,0.7,0.691176,0.033708
-1,2,1,-1,-1,0.95,0.95,0.7,0.7,0.691176,0.033708
-1,2,1,-1,-1,1.0,1.0,0.7,0.7,0.691176,0.033708
-1,2,1,-1,-1,0.05,0.05,0.75,0.7,0.691522,0.032193
-1,2,1,-1,-1,0.1,0.1,0.75,0.7,0.692906,0.030678
-1,2,1,-1,-1,0.15,0.15,0.75,0.7,0.693944,0.028974
-1,2,1,-1,-1,0.2,0.2,0.75,0.7,0.697058,0.027837
-1,2,1,-1,-1,0.25,0.25,0.75,0.7,0.702249,0.026323
-1,2,1,-1,-1,0.3,0.3,0.75,0.7,0.706747,0.025186
-1,2,1,-1,-1,0.35,0.35,0.75,0.7,0.710899,0.024524
-1,2,1,-1,-1,0.4,0.4,0.75,0.7,0.71782,0.022914
-1,2,1,-1,-1,0.45,0.45,0.75,0.7,0.72301,0.021967
-1,2,1,-1,-1,0.5,0.5,0.75,0.7,0.731661,0.02102
-1,2,1,-1,-1,0.55,0.55,0.75,0.7,0.743426,0.020168
-1,2,1,-1,-1,0.6,0.6,0.75,0.7,0.75346,0.019032
-1,2,1,-1,-1,0.65,0.65,0.75,0.7,0.761765,0.018464
-1,2,1,-1,-1,0.7,0.7,0.75,0.7,0.770761,0.017896
-1,2,1,-1,-1,0.75,0.75,0.75,0.7,0.781488,0.017517
-1,2,1,-1,-1,0.8,0.8,0.75,0.7,0.787025,0.017233
-1,2,1,-1,-1,0.85,0.85,0.75,0.7,0.796367,0.017043
-1,2,1,-1,-1,0.9,0.9,0.75,0.7,0.799827,0.016949
-1,2,1,-1,-1,0.95,0.95,0.75,0.7,0.805364,0.016854
-1,2,1,-1,-1,1.0,1.0,0.75,0.7,0.808824,0.016854
-1,2,1,-1,-1,0.05,0.05,0.8,0.7,0.691747,0.030678
-1,2,1,-1,-1,0.1,0.1,0.8,0.7,0.694031,0.027648
-1,2,1,-1,-1,0.15,0.15,0.8,0.7,0.695743,0.024239
-1,2,1,-1,-1,0.2,0.2,0.8,0.7,0.700882,0.021967
-1,2,1,-1,-1,0.25,0.25,0.8,0.7,0.709446,0.018937
-1,2,1,-1,-1,0.3,0.3,0.8,0.7,0.716868,0.016665
-1,2,1,-1,-1,0.35,0.35,0.8,0.7,0.723719,0.015339
-1,2,1,-1,-1,0.4,0.4,0.8,0.7,0.735138,0.01212
-1,2,1,-1,-1,0.45,0.45,0.8,0.7,0.743702,0.010226
-1,2,1,-1,-1,0.5,0.5,0.8,0.7,0.757975,0.008332
-1,2,1,-1,-1,0.55,0.55,0.8,0.7,0.777387,0.006628
-1,2,1,-1,-1,0.6,0.6,0.8,0.7,0.793944,0.004356
-1,2,1,-1,-1,0.65,0.65,0.8,0.7,0.807647,0.003219
-1,2,1,-1,-1,0.7,0.7,0.8,0.7,0.822491,0.002083
-1,2,1,-1,-1,0.75,0.75,0.8,0.7,0.84019,0.001326
-1,2,1,-1,-1,0.8,0.8,0.8,0.7,0.849325,0.000757
-1,2,1,-1,-1,0.85,0.85,0.8,0.7,0.86474,0.000379
-1,2,1,-1,-1,0.9,0.9,0.8,0.7,0.87045,0.000189
-1,2,1,-1,-1,0.95,0.95,0.8,0.7,0.879585,0.0
-1,2,1,-1,-1,1.0,1.0,0.8,0.7,0.885294,0.0
-1,2,1,-1,-1,0.05,0.05,0.85,0.7,0.691946,0.030678
-1,2,1,-1,-1,0.1,0.1,0.85,0.7,0.695026,0.027648
-1,2,1,-1,-1,0.15,0.15,0.85,0.7,0.697335,0.024239
-1,2,1,-1,-1,0.2,0.2,0.85,0.7,0.704264,0.021967
-1,2,1,-1,-1,0.25,0.25,0.85,0.7,0.715813,0.018937
-1,2,1,-1,-1,0.3,0.3,0.85,0.7,0.725821,0.016665
-1,2,1,-1,-1,0.35,0.35,0.85,0.7,0.73506,0.015339
-1,2,1,-1,-1,0.4,0.4,0.85,0.7,0.750458,0.01212
-1,2,1,-1,-1,0.45,0.45,0.85,0.7,0.762006,0.010226
-1,2,1,-1,-1,0.5,0.5,0.85,0.7,0.781254,0.008332
-1,2,1,-1,-1,0.55,0.55,0.85,0.7,0.807431,0.006628
-1,2,1,-1,-1,0.6,0.6,0.85,0.7,0.829758,0.004356
-1,2,1,-1,-1,0.65,0.65,0.85,0.7,0.848235,0.003219
-1,2,1,-1,-1,0.7,0.7,0.85,0.7,0.868252,0.002083
-1,2,1,-1,-1,0.75,0.75,0.85,0.7,0.892119,0.001326
-1,2,1,-1,-1,0.8,0.8,0.85,0.7,0.904438,0.000757
-1,2,1,-1,-1,0.85,0.85,0.85,0.7,0.925225,0.000379
-1,2,1,-1,-1,0.9,0.9,0.85,0.7,0.932924,0.000189
-1,2,1,-1,-1,0.95,0.95,0.85,0.7,0.945242,0.0
-1,2,1,-1,-1,1.0,1.0,0.85,0.7,0.952941,0.0
-1,2,1,-1,-1,0.05,0.05,0.9,0.7,0.692041,0.030678
-1,2,1,-1,-1,0.1,0.1,0.9,0.7,0.695501,0.027648
-1,2,1,-1,-1,0.15,0.15,0.9,0.7,0.698096,0.024239
-1,2,1,-1,-1,0.2,0.2,0.9,0.7,0.705882,0.021967
-1,2,1,-1,-1,0.25,0.25,0.9,0.7,0.718858,0.018937
-1,2,1,-1,-1,0.3,0.3,0.9,0.7,0.730103,0.016665
-1,2,1,-1,-1,0.35,0.35,0.9,0.7,0.740484,0.015339
-1,2,1,-1,-1,0.4,0.4,0.9,0.7,0.757785,0.01212
-1,2,1,-1,-1,0.45,0.45,0.9,0.7,0.770761,0.010226
-1,2,1,-1,-1,0.5,0.5,0.9,0.7,0.792387,0.008332
-1,2,1,-1,-1,0.55,0.55,0.9,0.7,0.821799,0.006628
-1,2,1,-1,-1,0.6,0.6,0.9,0.7,0.846886,0.004356
-1,2,1,-1,-1,0.65,0.65,0.9,0.7,0.867647,0.003219
-1,2,1,-1,-1,0.7,0.7,0.9,0.7,0.890138,0.002083
-1,2,1,-1,-1,0.75,0.75,0.9,0.7,0.916955,0.001326
-1,2,1,-1,-1,0.8,0.8,0.9,0.7,0.930796,0.000757
-1,2,1,-1,-1,0.85,0.85,0.9,0.7,0.954152,0.000379
-1,2,1,-1,-1,0.9,0.9,0.9,0.7,0.962803,0.000189
-1,2,1,-1,-1,0.95,0.95,0.9,0.7,0.976643,0.0
-1,2,1,-1,-1,1.0,1.0,0.9,0.7,0.985294,0.0
-1,2,1,-1,-1,0.05,0.05,0.95,0.7,0.692076,0.030678
-1,2,1,-1,-1,0.1,0.1,0.95,0.7,0.695674,0.027648
-1,2,1,-1,-1,0.15,0.15,0.95,0.7,0.698373,0.024239
-1,2,1,-1,-1,0.2,0.2,0.95,0.7,0.70647,0.021967
-1,2,1,-1,-1,0.25,0.25,0.95,0.7,0.719965,0.018937
-1,2,1,-1,-1,0.3,0.3,0.95,0.7,0.731661,0.016665
-1,2,1,-1,-1,0.35,0.35,0.95,0.7,0.742456,0.015339
-1,2,1,-1,-1,0.4,0.4,0.95,0.7,0.76045,0.01212
-1,2,1,-1,-1,0.45,0.45,0.95,0.7,0.773944,0.010226
-1,2,1,-1,-1,0.5,0.5,0.95,0.7,0.796436,0.008332
-1,2,1,-1,-1,0.55,0.55,0.95,0.7,0.827024,0.006628
-1,2,1,-1,-1,0.6,0.6,0.95,0.7,0.853114,0.004356
-1,2,1,-1,-1,0.65,0.65,0.95,0.7,0.874706,0.003219
-1,2,1,-1,-1,0.7,0.7,0.95,0.7,0.898097,0.002083
-1,2,1,-1,-1,0.75,0.75,0.95,0.7,0.925986,0.001326
-1,2,1,-1,-1,0.8,0.8,0.95,0.7,0.940381,0.000757
-1,2,1,-1,-1,0.85,0.85,0.95,0.7,0.964671,0.000379
-1,2,1,-1,-1,0.9,0.9,0.95,0.7,0.973668,0.000189
-1,2,1,-1,-1,0.95,0.95,0.95,0.7,0.988062,0.0
-1,2,1,-1,-1,1.0,1.0,0.95,0.7,0.997059,0.0
-1,2,1,-1,-1,0.05,0.05,1.0,0.7,0.692084,0.030678
-1,2,1,-1,-1,0.1,0.1,1.0,0.7,0.695718,0.027648
-1,2,1,-1,-1,0.15,0.15,1.0,0.7,0.698442,0.024239
-1,2,1,-1,-1,0.2,0.2,1.0,0.7,0.706617,0.021967
-1,2,1,-1,-1,0.25,0.25,1.0,0.7,0.720242,0.018937
-1,2,1,-1,-1,0.3,0.3,1.0,0.7,0.73205,0.016665
-1,2,1,-1,-1,0.35,0.35,1.0,0.7,0.742949,0.015339
-1,2,1,-1,-1,0.4,0.4,1.0,0.7,0.761116,0.01212
-1,2,1,-1,-1,0.45,0.45,1.0,0.7,0.77474,0.010226
-1,2,1,-1,-1,0.5,0.5,1.0,0.7,0.797448,0.008332
-1,2,1,-1,-1,0.55,0.55,1.0,0.7,0.82833,0.006628
-1,2,1,-1,-1,0.6,0.6,1.0,0.7,0.854671,0.004356
-1,2,1,-1,-1,0.65,0.65,1.0,0.7,0.87647,0.003219
-1,2,1,-1,-1,0.7,0.7,1.0,0.7,0.900086,0.002083
-1,2,1,-1,-1,0.75,0.75,1.0,0.7,0.928244,0.001326
-1,2,1,-1,-1,0.8,0.8,1.0,0.7,0.942777,0.000757
-1,2,1,-1,-1,0.85,0.85,1.0,0.7,0.967301,0.000379
-1,2,1,-1,-1,0.9,0.9,1.0,0.7,0.976384,0.000189
-1,2,1,-1,-1,0.95,0.95,1.0,0.7,0.990917,0.0
-1,2,1,-1,-1,1.0,1.0,1.0,0.7,1.0,0.0
-1,2,1,-1,-1,0.05,0.05,0.75,0.75,0.808824,0.016854
-1,2,1,-1,-1,0.1,0.1,0.75,0.75,0.808824,0.016854
-1,2,1,-1,-1,0.15,0.15,0.75,0.75,0.808824,0.016854
-1,2,1,-1,-1,0.2,0.2,0.75,0.75,0.808824,0.016854
-1,2,1,-1,-1,0.25,0.25,0.75,0.75,0.808824,0.016854
-1,2,1,-1,-1,0.3,0.3,0.75,0.75,0.808824,0.016854
-1,2,1,-1,-1,0.35,0.35,0.75,0.75,0.808824,0.016854
-1,2,1,-1,-1,0.4,0.4,0.75,0.75,0.808824,0.016854
-1,2,1,-1,-1,0.45,0.45,0.75,0.75,0.808824,0.016854
-1,2,1,-1,-1,0.5,0.5,0.75,0.75,0.808824,0.016854
-1,2,1,-1,-1,0.55,0.55,0.75,0.75,0.808824,0.016854
-1,2,1,-1,-1,0.6,0.6,0.75,0.75,0.808824,0.016854
-1,2,1,-1,-1,0.65,0.65,0.75,0.75,0.808824,0.016854
-1,2,1,-1,-1,0.7,0.7,0.75,0.75,0.808824,0.016854
-1,2,1,-1,-1,0.75,0.75,0.75,0.75,0.808824,0.016854
-1,2,1,-1,-1,0.8,0.8,0.75,0.75,0.808824,0.016854
-1,2,1,-1,-1,0.85,0.85,0.75,0.75,0.808824,0.016854
-1,2,1,-1,-1,0.9,0.9,0.75,0.75,0.808824,0.016854
-1,2,1,-1,-1,0.95,0.95,0.75,0.75,0.808824,0.016854
-1,2,1,-1,-1,1.0,1.0,0.75,0.75,0.808824,0.016854
-1,2,1,-1,-1,0.05,0.05,0.8,0.75,0.809049,0.015339
-1,2,1,-1,-1,0.1,0.1,0.8,0.75,0.809949,0.013824
-1,2,1,-1,-1,0.15,0.15,0.8,0.75,0.810623,0.01212
-1,2,1,-1,-1,0.2,0.2,0.8,0.75,0.812647,0.010983
-1,2,1,-1,-1,0.25,0.25,0.8,0.75,0.816021,0.009469
-1,2,1,-1,-1,0.3,0.3,0.8,0.75,0.818945,0.008332
-1,2,1,-1,-1,0.35,0.35,0.8,0.75,0.821644,0.00767
-1,2,1,-1,-1,0.4,0.4,0.8,0.75,0.826142,0.00606
-1,2,1,-1,-1,0.45,0.45,0.8,0.75,0.829516,0.005113
-1,2,1,-1,-1,0.5,0.5,0.8,0.75,0.835139,0.004166
-1,2,1,-1,-1,0.55,0.55,0.8,0.75,0.842786,0.003314
-1,2,1,-1,-1,0.6,0.6,0.8,0.75,0.849308,0.002178
-1,2,1,-1,-1,0.65,0.65,0.8,0.75,0.854706,0.00161
-1,2,1,-1,-1,0.7,0.7,0.8,0.75,0.860554,0.001042
-1,2,1,-1,-1,0.75,0.75,0.8,0.75,0.867526,0.000663
-1,2,1,-1,-1,0.8,0.8,0.8,0.75,0.871125,0.000379
-1,2,1,-1,-1,0.85,0.85,0.8,0.75,0.877197,0.000189
-1,2,1,-1,-1,0.9,0.9,0.8,0.75,0.879446,9.5e-05
-1,2,1,-1,-1,0.95,0.95,0.8,0.75,0.883045,0.0
-1,2,1,-1,-1,1.0,1.0,0.8,0.75,0.885294,0.0
-1,2,1,-1,-1,0.05,0.05,0.85,0.75,0.809248,0.015339
-1,2,1,-1,-1,0.1,0.1,0.85,0.75,0.810943,0.013824
-1,2,1,-1,-1,0.15,0.15,0.85,0.75,0.812215,0.01212
-1,2,1,-1,-1,0.2,0.2,0.85,0.75,0.81603,0.010983
-1,2,1,-1,-1,0.25,0.25,0.85,0.75,0.822388,0.009469
-1,2,1,-1,-1,0.3,0.3,0.85,0.75,0.827898,0.008332
-1,2,1,-1,-1,0.35,0.35,0.85,0.75,0.832985,0.00767
-1,2,1,-1,-1,0.4,0.4,0.85,0.75,0.841462,0.00606
-1,2,1,-1,-1,0.45,0.45,0.85,0.75,0.84782,0.005113
-1,2,1,-1,-1,0.5,0.5,0.85,0.75,0.858417,0.004166
-1,2,1,-1,-1,0.55,0.55,0.85,0.75,0.872829,0.003314
-1,2,1,-1,-1,0.6,0.6,0.85,0.75,0.885121,0.002178
-1,2,1,-1,-1,0.65,0.65,0.85,0.75,0.895294,0.00161
-1,2,1,-1,-1,0.7,0.7,0.85,0.75,0.906315,0.001042
-1,2,1,-1,-1,0.75,0.75,0.85,0.75,0.919455,0.000663
-1,2,1,-1,-1,0.8,0.8,0.85,0.75,0.926237,0.000379
-1,2,1,-1,-1,0.85,0.85,0.85,0.75,0.937682,0.000189
-1,2,1,-1,-1,0.9,0.9,0.85,0.75,0.94192,9.5e-05
-1,2,1,-1,-1,0.95,0.95,0.85,0.75,0.948702,0.0
-1,2,1,-1,-1,1.0,1.0,0.85,0.75,0.952941,0.0
-1,2,1,-1,-1,0.05,0.05,0.9,0.75,0.809343,0.015339
-1,2,1,-1,-1,0.1,0.1,0.9,0.75,0.811419,0.013824
-1,2,1,-1,-1,0.15,0.15,0.9,0.75,0.812976,0.01212
-1,2,1,-1,-1,0.2,0.2,0.9,0.75,0.817647,0.010983
-1,2,1,-1,-1,0.25,0.25,0.9,0.75,0.825433,0.009469
-1,2,1,-1,-1,0.3,0.3,0.9,0.75,0.83218,0.008332
-1,2,1,-1,-1,0.35,0.35,0.9,0.75,0.838409,0.00767
-1,2,1,-1,-1,0.4,0.4,0.9,0.75,0.848789,0.00606
-1,2,1,-1,-1,0.45,0.45,0.9,0.75,0.856575,0.005113
-1,2,1,-1,-1,0.5,0.5,0.9,0.75,0.869551,0.004166
-1,2,1,-1,-1,0.55,0.55,0.9,0.75,0.887198,0.003314
-1,2,1,-1,-1,0.6,0.6,0.9,0.75,0.902249,0.002178
-1,2,1,-1,-1,0.65,0.65,0.9,0.75,0.914706,0.00161
-1,2,1,-1,-1,0.7,0.7,0.9,0.75,0.928201,0.001042
-1,2,1,-1,-1,0.75,0.75,0.9,0.75,0.944291,0.000663
-1,2,1,-1,-1,0.8,0.8,0.9,0.75,0.952595,0.000379
-1,2,1,-1,-1,0.85,0.85,0.9,0.75,0.966609,0.000189
-1,2,1,-1,-1,0.9,0.9,0.9,0.75,0.971799,9.5e-05
-1,2,1,-1,-1,0.95,0.95,0.9,0.75,0.980104,0.0
-1,2,1,-1,-1,1.0,1.0,0.9,0.75,0.985294,0.0
-1,2,1,-1,-1,0.05,0.05,0.95,0.75,0.809378,0.015339
-1,2,1,-1,-1,0.1,0.1,0.95,0.75,0.811592,0.013824
-1,2,1,-1,-1,0.15,0.15,0.95,0.75,0.813253,0.01212
-1,2,1,-1,-1,0.2,0.2,0.95,0.75,0.818236,0.010983
-1,2,1,-1,-1,0.25,0.25,0.95,0.75,0.82654,0.009469
-1,2,1,-1,-1,0.3,0.3,0.95,0.75,0.833737,0.008332
-1,2,1,-1,-1,0.35,0.35,0.95,0.75,0.840381,0.00767
-1,2,1,-1,-1,0.4,0.4,0.95,0.75,0.851454,0.00606
-1,2,1,-1,-1,0.45,0.45,0.95,0.75,0.859758,0.005113
-1,2,1,-1,-1,0.5,0.5,0.95,0.75,0.873599,0.004166
-1,2,1,-1,-1,0.55,0.55,0.95,0.75,0.892423,0.003314
-1,2,1,-1,-1,0.6,0.6,0.95,0.75,0.908478,0.002178
-1,2,1,-1,-1,0.65,0.65,0.95,0.75,0.921765,0.00161
-1,2,1,-1,-1,0.7,0.7,0.95,0.75,0.93616,0.001042
-1,2,1,-1,-1,0.75,0.75,0.95,0.75,0.953322,0.000663
-1,2,1,-1,-1,0.8,0.8,0.95,0.75,0.96218,0.000379
-1,2,1,-1,-1,0.85,0.85,0.95,0.75,0.977128,0.000189
-1,2,1,-1,-1,0.9,0.9,0.95,0.75,0.982664,9.5e-05
-1,2,1,-1,-1,0.95,0.95,0.95,0.75,0.991523,0.0
-1,2,1,-1,-1,1.0,1.0,0.95,0.75,0.997059,0.0
-1,2,1,-1,-1,0.05,0.05,1.0,0.75,0.809386,0.015339
-1,2,1,-1,-1,0.1,0.1,1.0,0.75,0.811635,0.013824
-1,2,1,-1,-1,0.15,0.15,1.0,0.75,0.813322,0.01212
-1,2,1,-1,-1,0.2,0.2,1.0,0.75,0.818383,0.010983
-1,2,1,-1,-1,0.25,0.25,1.0,0.75,0.826817,0.009469
-1,2,1,-1,-1,0.3,0.3,1.0,0.75,0.834127,0.008332
-1,2,1,-1,-1,0.35,0.35,1.0,0.75,0.840874,0.00767
-1,2,1,-1,-1,0.4,0.4,1.0,0.75,0.85212,0.00606
-1,2,1,-1,-1,0.45,0.45,1.0,0.75,0.860554,0.005113
-1,2,1,-1,-1,0.5,0.5,1.0,0.75,0.874611,0.004166
-1,2,1,-1,-1,0.55,0.55,1.0,0.75,0.893729,0.003314
-1,2,1,-1,-1,0.6,0.6,1.0,0.75,0.910035,0.002178
-1,2,1,-1,-1,0.65,0.65,1.0,0.75,0.92353,0.00161
-1,2,1,-1,-1,0.7,0.7,1.0,0.75,0.938149,0.001042
-1,2,1,-1,-1,0.75,0.75,1.0,0.75,0.95558,0.000663
-1,2,1,-1,-1,0.8,0.8,1.0,0.75,0.964576,0.000379
-1,2,1,-1,-1,0.85,0.85,1.0,0.75,0.979758,0.000189
-1,2,1,-1,-1,0.9,0.9,1.0,0.75,0.985381,9.5e-05
-1,2,1,-1,-1,0.95,0.95,1.0,0.75,0.994377,0.0
-1,2,1,-1,-1,1.0,1.0,1.0,0.75,1.0,0.0
-1,2,1,-1,-1,0.05,0.05,0.8,0.8,0.885294,0.0
-1,2,1,-1,-1,0.1,0.1,0.8,0.8,0.885294,0.0
-1,2,1,-1,-1,0.15,0.15,0.8,0.8,0.885294,0.0
-1,2,1,-1,-1,0.2,0.2,0.8,0.8,0.885294,0.0
-1,2,1,-1,-1,0.25,0.25,0.8,0.8,0.885294,0.0
-1,2,1,-1,-1,0.3,0.3,0.8,0.8,0.885294,0.0
-1,2,1,-1,-1,0.35,0.35,0.8,0.8,0.885294,0.0
-1,2,1,-1,-1,0.4,0.4,0.8,0.8,0.885294,0.0
-1,2,1,-1,-1,0.45,0.45,0.8,0.8,0.885294,0.0
-1,2,1,-1,-1,0.5,0.5,0.8,0.8,0.885294,0.0
-1,2,1,-1,-1,0.55,0.55,0.8,0.8,0.885294,0.0
-1,2,1,-1,-1,0.6,0.6,0.8,0.8,0.885294,0.0
-1,2,1,-1,-1,0.65,0.65,0.8,0.8,0.885294,0.0
-1,2,1,-1,-1,0.7,0.7,0.8,0.8,0.885294,0.0
-1,2,1,-1,-1,0.75,0.75,0.8,0.8,0.885294,0.0
-1,2,1,-1,-1,0.8,0.8,0.8,0.8,0.885294,0.0
-1,2,1,-1,-1,0.85,0.85,0.8,0.8,0.885294,0.0
-1,2,1,-1,-1,0.9,0.9,0.8,0.8,0.885294,0.0
-1,2,1,-1,-1,0.95,0.95,0.8,0.8,0.885294,0.0
-1,2,1,-1,-1,1.0,1.0,0.8,0.8,0.885294,0.0
-1,2,1,-1,-1,0.05,0.05,0.85,0.8,0.885493,0.0
-1,2,1,-1,-1,0.1,0.1,0.85,0.8,0.886289,0.0
-1,2,1,-1,-1,0.15,0.15,0.85,0.8,0.886886,0.0
-1,2,1,-1,-1,0.2,0.2,0.85,0.8,0.888676,0.0
-1,2,1,-1,-1,0.25,0.25,0.85,0.8,0.891661,0.0
-1,2,1,-1,-1,0.3,0.3,0.85,0.8,0.894247,0.0
-1,2,1,-1,-1,0.35,0.35,0.85,0.8,0.896635,0.0
-1,2,1,-1,-1,0.4,0.4,0.85,0.8,0.900614,0.0
-1,2,1,-1,-1,0.45,0.45,0.85,0.8,0.903598,0.0
-1,2,1,-1,-1,0.5,0.5,0.85,0.8,0.908573,0.0
-1,2,1,-1,-1,0.55,0.55,0.85,0.8,0.915337,0.0
-1,2,1,-1,-1,0.6,0.6,0.85,0.8,0.921107,0.0
-1,2,1,-1,-1,0.65,0.65,0.85,0.8,0.925882,0.0
-1,2,1,-1,-1,0.7,0.7,0.85,0.8,0.931055,0.0
-1,2,1,-1,-1,0.75,0.75,0.85,0.8,0.937223,0.0
-1,2,1,-1,-1,0.8,0.8,0.85,0.8,0.940406,0.0
-1,2,1,-1,-1,0.85,0.85,0.85,0.8,0.945778,0.0
-1,2,1,-1,-1,0.9,0.9,0.85,0.8,0.947768,0.0
-1,2,1,-1,-1,0.95,0.95,0.85,0.8,0.950951,0.0
-1,2,1,-1,-1,1.0,1.0,0.85,0.8,0.952941,0.0
-1,2,1,-1,-1,0.05,0.05,0.9,0.8,0.885588,0.0
-1,2,1,-1,-1,0.1,0.1,0.9,0.8,0.886765,0.0
-1,2,1,-1,-1,0.15,0.15,0.9,0.8,0.887647,0.0
-1,2,1,-1,-1,0.2,0.2,0.9,0.8,0.890294,0.0
-1,2,1,-1,-1,0.25,0.25,0.9,0.8,0.894706,0.0
-1,2,1,-1,-1,0.3,0.3,0.9,0.8,0.898529,0.0
-1,2,1,-1,-1,0.35,0.35,0.9,0.8,0.902059,0.0
-1,2,1,-1,-1,0.4,0.4,0.9,0.8,0.907941,0.0
-1,2,1,-1,-1,0.45,0.45,0.9,0.8,0.912353,0.0
-1,2,1,-1,-1,0.5,0.5,0.9,0.8,0.919706,0.0
-1,2,1,-1,-1,0.55,0.55,0.9,0.8,0.929706,0.0
-1,2,1,-1,-1,0.6,0.6,0.9,0.8,0.938235,0.0
-1,2,1,-1,-1,0.65,0.65,0.9,0.8,0.945294,0.0
-1,2,1,-1,-1,0.7,0.7,0.9,0.8,0.952941,0.0
-1,2,1,-1,-1,0.75,0.75,0.9,0.8,0.962059,0.0
-1,2,1,-1,-1,0.8,0.8,0.9,0.8,0.966765,0.0
-1,2,1,-1,-1,0.85,0.85,0.9,0.8,0.974706,0.0
-1,2,1,-1,-1,0.9,0.9,0.9,0.8,0.977647,0.0
-1,2,1,-1,-1,0.95,0.95,0.9,0.8,0.982353,0.0
-1,2,1,-1,-1,1.0,1.0,0.9,0.8,0.985294,0.0
-1,2,1,-1,-1,0.05,0.05,0.95,0.8,0.885623,0.0
-1,2,1,-1,-1,0.1,0.1,0.95,0.8,0.886938,0.0
-1,2,1,-1,-1,0.15,0.15,0.95,0.8,0.887924,0.0
-1,2,1,-1,-1,0.2,0.2,0.95,0.8,0.890882,0.0
-1,2,1,-1,-1,0.25,0.25,0.95,0.8,0.895813,0.0
-1,2,1,-1,-1,0.3,0.3,0.95,0.8,0.900086,0.0
-1,2,1,-1,-1,0.35,0.35,0.95,0.8,0.904031,0.0
-1,2,1,-1,-1,0.4,0.4,0.95,0.8,0.910606,0.0
-1,2,1,-1,-1,0.45,0.45,0.95,0.8,0.915536,0.0
-1,2,1,-1,-1,0.5,0.5,0.95,0.8,0.923754,0.0
-1,2,1,-1,-1,0.55,0.55,0.95,0.8,0.934931,0.0
-1,2,1,-1,-1,0.6,0.6,0.95,0.8,0.944464,0.0
-1,2,1,-1,-1,0.65,0.65,0.95,0.8,0.952353,0.0
-1,2,1,-1,-1,0.7,0.7,0.95,0.8,0.9609,0.0
-1,2,1,-1,-1,0.75,0.75,0.95,0.8,0.97109,0.0
-1,2,1,-1,-1,0.8,0.8,0.95,0.8,0.97635,0.0
-1,2,1,-1,-1,0.85,0.85,0.95,0.8,0.985225,0.0
-1,2,1,-1,-1,0.9,0.9,0.95,0.8,0.988512,0.0
-1,2,1,-1,-1,0.95,0.95,0.95,0.8,0.993772,0.0
-1,2,1,-1,-1,1.0,1.0,0.95,0.8,0.997059,0.0
-1,2,1,-1,-1,0.05,0.05,1.0,0.8,0.885631,0.0
-1,2,1,-1,-1,0.1,0.1,1.0,0.8,0.886981,0.0
-1,2,1,-1,-1,0.15,0.15,1.0,0.8,0.887993,0.0
-1,2,1,-1,-1,0.2,0.2,1.0,0.8,0.891029,0.0
-1,2,1,-1,-1,0.25,0.25,1.0,0.8,0.89609,0.0
-1,2,1,-1,-1,0.3,0.3,1.0,0.8,0.900476,0.0
-1,2,1,-1,-1,0.35,0.35,1.0,0.8,0.904524,0.0
-1,2,1,-1,-1,0.4,0.4,1.0,0.8,0.911272,0.0
-1,2,1,-1,-1,0.45,0.45,1.0,0.8,0.916332,0.0
-1,2,1,-1,-1,0.5,0.5,1.0,0.8,0.924766,0.0
-1,2,1,-1,-1,0.55,0.55,1.0,0.8,0.936237,0.0
-1,2,1,-1,-1,0.6,0.6,1.0,0.8,0.946021,0.0
-1,2,1,-1,-1,0.65,0.65,1.0,0.8,0.954118,0.0
-1,2,1,-1,-1,0.7,0.7,1.0,0.8,0.962889,0.0
-1,2,1,-1,-1,0.75,0.75,1.0,0.8,0.973348,0.0
-1,2,1,-1,-1,0.8,0.8,1.0,0.8,0.978746,0.0
-1,2,1,-1,-1,0.85,0.85,1.0,0.8,0.987855,0.0
-1,2,1,-1,-1,0.9,0.9,1.0,0.8,0.991228,0.0
-1,2,1,-1,-1,0.95,0.95,1.0,0.8,0.996626,0.0
-1,2,1,-1,-1,1.0,1.0,1.0,0.8,1.0,0.0
-1,2,1,-1,-1,0.05,0.05,0.85,0.85,0.952941,0.0
-1,2,1,-1,-1,0.1,0.1,0.85,0.85,0.952941,0.0
-1,2,1,-1,-1,0.15,0.15,0.85,0.85,0.952941,0.0
-1,2,1,-1,-1,0.2,0.2,0.85,0.85,0.952941,0.0
-1,2,1,-1,-1,0.25,0.25,0.85,0.85,0.952941,0.0
-1,2,1,-1,-1,0.3,0.3,0.85,0.85,0.952941,0.0
-1,2,1,-1,-1,0.35,0.35,0.85,0.85,0.952941,0.0
-1,2,1,-1,-1,0.4,0.4,0.85,0.85,0.952941,0.0
-1,2,1,-1,-1,0.45,0.45,0.85,0.85,0.952941,0.0
-1,2,1,-1,-1,0.5,0.5,0.85,0.85,0.952941,0.0
-1,2,1,-1,-1,0.55,0.55,0.85,0.85,0.952941,0.0
-1,2,1,-1,-1,0.6,0.6,0.85,0.85,0.952941,0.0
-1,2,1,-1,-1,0.65,0.65,0.85,0.85,0.952941,0.0
-1,2,1,-1,-1,0.7,0.7,0.85,0.85,0.952941,0.0
-1,2,1,-1,-1,0.75,0.75,0.85,0.85,0.952941,0.0
-1,2,1,-1,-1,0.8,0.8,0.85,0.85,0.952941,0.0
-1,2,1,-1,-1,0.85,0.85,0.85,0.85,0.952941,0.0
-1,2,1,-1,-1,0.9,0.9,0.85,0.85,0.952941,0.0
-1,2,1,-1,-1,0.95,0.95,0.85,0.85,0.952941,0.0
-1,2,1,-1,-1,1.0,1.0,0.85,0.85,0.952941,0.0
-1,2,1,-1,-1,0.05,0.05,0.9,0.85,0.953036,0.0
-1,2,1,-1,-1,0.1,0.1,0.9,0.85,0.953417,0.0
-1,2,1,-1,-1,0.15,0.15,0.9,0.85,0.953702,0.0
-1,2,1,-1,-1,0.2,0.2,0.9,0.85,0.954559,0.0
-1,2,1,-1,-1,0.25,0.25,0.9,0.85,0.955986,0.0
-1,2,1,-1,-1,0.3,0.3,0.9,0.85,0.957223,0.0
-1,2,1,-1,-1,0.35,0.35,0.9,0.85,0.958365,0.0
-1,2,1,-1,-1,0.4,0.4,0.9,0.85,0.960268,0.0
-1,2,1,-1,-1,0.45,0.45,0.9,0.85,0.961695,0.0
-1,2,1,-1,-1,0.5,0.5,0.9,0.85,0.964074,0.0
-1,2,1,-1,-1,0.55,0.55,0.9,0.85,0.96731,0.0
-1,2,1,-1,-1,0.6,0.6,0.9,0.85,0.970069,0.0
-1,2,1,-1,-1,0.65,0.65,0.9,0.85,0.972353,0.0
-1,2,1,-1,-1,0.7,0.7,0.9,0.85,0.974827,0.0
-1,2,1,-1,-1,0.75,0.75,0.9,0.85,0.977777,0.0
-1,2,1,-1,-1,0.8,0.8,0.9,0.85,0.979299,0.0
-1,2,1,-1,-1,0.85,0.85,0.9,0.85,0.981868,0.0
-1,2,1,-1,-1,0.9,0.9,0.9,0.85,0.98282,0.0
-1,2,1,-1,-1,0.95,0.95,0.9,0.85,0.984342,0.0
-1,2,1,-1,-1,1.0,1.0,0.9,0.85,0.985294,0.0
-1,2,1,-1,-1,0.05,0.05,0.95,0.85,0.953071,0.0
-1,2,1,-1,-1,0.1,0.1,0.95,0.85,0.95359,0.0
-1,2,1,-1,-1,0.15,0.15,0.95,0.85,0.953979,0.0
-1,2,1,-1,-1,0.2,0.2,0.95,0.85,0.955147,0.0
-1,2,1,-1,-1,0.25,0.25,0.95,0.85,0.957093,0.0
-1,2,1,-1,-1,0.3,0.3,0.95,0.85,0.95878,0.0
-1,2,1,-1,-1,0.35,0.35,0.95,0.85,0.960337,0.0
-1,2,1,-1,-1,0.4,0.4,0.95,0.85,0.962932,0.0
-1,2,1,-1,-1,0.45,0.45,0.95,0.85,0.964879,0.0
-1,2,1,-1,-1,0.5,0.5,0.95,0.85,0.968123,0.0
-1,2,1,-1,-1,0.55,0.55,0.95,0.85,0.972535,0.0
-1,2,1,-1,-1,0.6,0.6,0.95,0.85,0.976298,0.0
-1,2,1,-1,-1,0.65,0.65,0.95,0.85,0.979412,0.0
-1,2,1,-1,-1,0.7,0.7,0.95,0.85,0.982786,0.0
-1,2,1,-1,-1,0.75,0.75,0.95,0.85,0.986808,0.0
-1,2,1,-1,-1,0.8,0.8,0.95,0.85,0.988884,0.0
-1,2,1,-1,-1,0.85,0.85,0.95,0.85,0.992388,0.0
-1,2,1,-1,-1,0.9,0.9,0.95,0.85,0.993685,0.0
-1,2,1,-1,-1,0.95,0.95,0.95,0.85,0.995761,0.0
-1,2,1,-1,-1,1.0,1.0,0.95,0.85,0.997059,0.0
-1,2,1,-1,-1,0.05,0.05,1.0,0.85,0.953079,0.0
-1,2,1,-1,-1,0.1,0.1,1.0,0.85,0.953633,0.0
-1,2,1,-1,-1,0.15,0.15,1.0,0.85,0.954048,0.0
-1,2,1,-1,-1,0.2,0.2,1.0,0.85,0.955294,0.0
-1,2,1,-1,-1,0.25,0.25,1.0,0.85,0.95737,0.0
-1,2,1,-1,-1,0.3,0.3,1.0,0.85,0.959169,0.0
-1,2,1,-1,-1,0.35,0.35,1.0,0.85,0.96083,0.0
-1,2,1,-1,-1,0.4,0.4,1.0,0.85,0.963598,0.0
-1,2,1,-1,-1,0.45,0.45,1.0,0.85,0.965675,0.0
-1,2,1,-1,-1,0.5,0.5,1.0,0.85,0.969135,0.0
-1,2,1,-1,-1,0.55,0.55,1.0,0.85,0.973841,0.0
-1,2,1,-1,-1,0.6,0.6,1.0,0.85,0.977855,0.0
-1,2,1,-1,-1,0.65,0.65,1.0,0.85,0.981176,0.0
-1,2,1,-1,-1,0.7,0.7,1.0,0.85,0.984775,0.0
-1,2,1,-1,-1,0.75,0.75,1.0,0.85,0.989066,0.0
-1,2,1,-1,-1,0.8,0.8,1.0,0.85,0.99128,0.0
-1,2,1,-1,-1,0.85,0.85,1.0,0.85,0.995017,0.0
-1,2,1,-1,-1,0.9,0.9,1.0,0.85,0.996401,0.0
-1,2,1,-1,-1,0.95,0.95,1.0,0.85,0.998616,0.0
-1,2,1,-1,-1,1.0,1.0,1.0,0.85,1.0,0.0
-1,2,1,-1,-1,0.05,0.05,0.9,0.9,0.985294,0.0
-1,2,1,-1,-1,0.1,0.1,0.9,0.9,0.985294,0.0
-1,2,1,-1,-1,0.15,0.15,0.9,0.9,0.985294,0.0
-1,2,1,-1,-1,0.2,0.2,0.9,0.9,0.985294,0.0
-1,2,1,-1,-1,0.25,0.25,0.9,0.9,0.985294,0.0
-1,2,1,-1,-1,0.3,0.3,0.9,0.9,0.985294,0.0
-1,2,1,-1,-1,0.35,0.35,0.9,0.9,0.985294,0.0
-1,2,1,-1,-1,0.4,0.4,0.9,0.9,0.985294,0.0
-1,2,1,-1,-1,0.45,0.45,0.9,0.9,0.985294,0.0
-1,2,1,-1,-1,0.5,0.5,0.9,0.9,0.985294,0.0
-1,2,1,-1,-1,0.55,0.55,0.9,0.9,0.985294,0.0
-1,2,1,-1,-1,0.6,0.6,0.9,0.9,0.985294,0.0
-1,2,1,-1,-1,0.65,0.65,0.9,0.9,0.985294,0.0
-1,2,1,-1,-1,0.7,0.7,0.9,0.9,0.985294,0.0
-1,2,1,-1,-1,0.75,0.75,0.9,0.9,0.985294,0.0
-1,2,1,-1,-1,0.8,0.8,0.9,0.9,0.985294,0.0
-1,2,1,-1,-1,0.85,0.85,0.9,0.9,0.985294,0.0
-1,2,1,-1,-1,0.9,0.9,0.9,0.9,0.985294,0.0
-1,2,1,-1,-1,0.95,0.95,0.9,0.9,0.985294,0.0
-1,2,1,-1,-1,1.0,1.0,0.9,0.9,0.985294,0.0
-1,2,1,-1,-1,0.05,0.05,0.95,0.9,0.985329,0.0
-1,2,1,-1,-1,0.1,0.1,0.95,0.9,0.985467,0.0
-1,2,1,-1,-1,0.15,0.15,0.95,0.9,0.985571,0.0
-1,2,1,-1,-1,0.2,0.2,0.95,0.9,0.985882,0.0
-1,2,1,-1,-1,0.25,0.25,0.95,0.9,0.986401,0.0
-1,2,1,-1,-1,0.3,0.3,0.95,0.9,0.986851,0.0
-1,2,1,-1,-1,0.35,0.35,0.95,0.9,0.987266,0.0
-1,2,1,-1,-1,0.4,0.4,0.95,0.9,0.987958,0.0
-1,2,1,-1,-1,0.45,0.45,0.95,0.9,0.988477,0.0
-1,2,1,-1,-1,0.5,0.5,0.95,0.9,0.989343,0.0
-1,2,1,-1,-1,0.55,0.55,0.95,0.9,0.990519,0.0
-1,2,1,-1,-1,0.6,0.6,0.95,0.9,0.991523,0.0
-1,2,1,-1,-1,0.65,0.65,0.95,0.9,0.992353,0.0
-1,2,1,-1,-1,0.7,0.7,0.95,0.9,0.993253,0.0
-1,2,1,-1,-1,0.75,0.75,0.95,0.9,0.994325,0.0
-1,2,1,-1,-1,0.8,0.8,0.95,0.9,0.994879,0.0
-1,2,1,-1,-1,0.85,0.85,0.95,0.9,0.995813,0.0
-1,2,1,-1,-1,0.9,0.9,0.95,0.9,0.996159,0.0
-1,2,1,-1,-1,0.95,0.95,0.95,0.9,0.996713,0.0
-1,2,1,-1,-1,1.0,1.0,0.95,0.9,0.997059,0.0
-1,2,1,-1,-1,0.05,0.05,1.0,0.9,0.985337,0.0
-1,2,1,-1,-1,0.1,0.1,1.0,0.9,0.98551,0.0
-1,2,1,-1,-1,0.15,0.15,1.0,0.9,0.98564,0.0
-1,2,1,-1,-1,0.2,0.2,1.0,0.9,0.986029,0.0
-1,2,1,-1,-1,0.25,0.25,1.0,0.9,0.986678,0.0
-1,2,1,-1,-1,0.3,0.3,1.0,0.9,0.98724,0.0
-1,2,1,-1,-1,0.35,0.35,1.0,0.9,0.987759,0.0
-1,2,1,-1,-1,0.4,0.4,1.0,0.9,0.988624,0.0
-1,2,1,-1,-1,0.45,0.45,1.0,0.9,0.989273,0.0
-1,2,1,-1,-1,0.5,0.5,1.0,0.9,0.990355,0.0
-1,2,1,-1,-1,0.55,0.55,1.0,0.9,0.991825,0.0
-1,2,1,-1,-1,0.6,0.6,1.0,0.9,0.99308,0.0
-1,2,1,-1,-1,0.65,0.65,1.0,0.9,0.994118,0.0
-1,2,1,-1,-1,0.7,0.7,1.0,0.9,0.995242,0.0
-1,2,1,-1,-1,0.75,0.75,1.0,0.9,0.996583,0.0
-1,2,1,-1,-1,0.8,0.8,1.0,0.9,0.997275,0.0
-1,2,1,-1,-1,0.85,0.85,1.0,0.9,0.998443,0.0
-1,2,1,-1,-1,0.9,0.9,1.0,0.9,0.998875,0.0
-1,2,1,-1,-1,0.95,0.95,1.0,0.9,0.999567,0.0
-1,2,1,-1,-1,1.0,1.0,1.0,0.9,1.0,0.0
-1,2,1,-1,-1,0.05,0.05,0.95,0.95,0.997059,0.0
-1,2,1,-1,-1,0.1,0.1,0.95,0.95,0.997059,0.0
-1,2,1,-1,-1,0.15,0.15,0.95,0.95,0.997059,0.0
-1,2,1,-1,-1,0.2,0.2,0.95,0.95,0.997059,0.0
-1,2,1,-1,-1,0.25,0.25,0.95,0.95,0.997059,0.0
-1,2,1,-1,-1,0.3,0.3,0.95,0.95,0.997059,0.0
-1,2,1,-1,-1,0.35,0.35,0.95,0.95,0.997059,0.0
-1,2,1,-1,-1,0.4,0.4,0.95,0.95,0.997059,0.0
-1,2,1,-1,-1,0.45,0.45,0.95,0.95,0.997059,0.0
-1,2,1,-1,-1,0.5,0.5,0.95,0.95,0.997059,0.0
-1,2,1,-1,-1,0.55,0.55,0.95,0.95,0.997059,0.0
-1,2,1,-1,-1,0.6,0.6,0.95,0.95,0.997059,0.0
-1,2,1,-1,-1,0.65,0.65,0.95,0.95,0.997059,0.0
-1,2,1,-1,-1,0.7,0.7,0.95,0.95,0.997059,0.0
-1,2,1,-1,-1,0.75,0.75,0.95,0.95,0.997059,0.0
-1,2,1,-1,-1,0.8,0.8,0.95,0.95,0.997059,0.0
-1,2,1,-1,-1,0.85,0.85,0.95,0.95,0.997059,0.0
-1,2,1,-1,-1,0.9,0.9,0.95,0.95,0.997059,0.0
-1,2,1,-1,-1,0.95,0.95,0.95,0.95,0.997059,0.0
-1,2,1,-1,-1,1.0,1.0,0.95,0.95,0.997059,0.0
-1,2,1,-1,-1,0.05,0.05,1.0,0.95,0.997068,0.0
-1,2,1,-1,-1,0.1,0.1,1.0,0.95,0.997102,0.0
-1,2,1,-1,-1,0.15,0.15,1.0,0.95,0.997128,0.0
-1,2,1,-1,-1,0.2,0.2,1.0,0.95,0.997206,0.0
-1,2,1,-1,-1,0.25,0.25,1.0,0.95,0.997336,0.0
-1,2,1,-1,-1,0.3,0.3,1.0,0.95,0.997448,0.0
-1,2,1,-1,-1,0.35,0.35,1.0,0.95,0.997552,0.0
-1,2,1,-1,-1,0.4,0.4,1.0,0.95,0.997725,0.0
-1,2,1,-1,-1,0.45,0.45,1.0,0.95,0.997855,0.0
-1,2,1,-1,-1,0.5,0.5,1.0,0.95,0.998071,0.0
-1,2,1,-1,-1,0.55,0.55,1.0,0.95,0.998365,0.0
-1,2,1,-1,-1,0.6,0.6,1.0,0.95,0.998616,0.0
-1,2,1,-1,-1,0.65,0.65,1.0,0.95,0.998824,0.0
-1,2,1,-1,-1,0.7,0.7,1.0,0.95,0.999049,0.0
-1,2,1,-1,-1,0.75,0.75,1.0,0.95,0.999317,0.0
-1,2,1,-1,-1,0.8,0.8,1.0,0.95,0.999455,0.0
-1,2,1,-1,-1,0.85,0.85,1.0,0.95,0.999689,0.0
-1,2,1,-1,-1,0.9,0.9,1.0,0.95,0.999775,0.0
-1,2,1,-1,-1,0.95,0.95,1.0,0.95,0.999913,0.0
-1,2,1,-1,-1,1.0,1.0,1.0,0.95,1.0,0.0
-1,2,1,-1,-1,0.05,0.05,1.0,1.0,1.0,0.0
-1,2,1,-1,-1,0.1,0.1,1.0,1.0,1.0,0.0
-1,2,1,-1,-1,0.15,0.15,1.0,1.0,1.0,0.0
-1,2,1,-1,-1,0.2,0.2,1.0,1.0,1.0,0.0
-1,2,1,-1,-1,0.25,0.25,1.0,1.0,1.0,0.0
-1,2,1,-1,-1,0.3,0.3,1.0,1.0,1.0,0.0
-1,2,1,-1,-1,0.35,0.35,1.0,1.0,1.0,0.0
-1,2,1,-1,-1,0.4,0.4,1.0,1.0,1.0,0.0
-1,2,1,-1,-1,0.45,0.45,1.0,1.0,1.0,0.0
-1,2,1,-1,-1,0.5,0.5,1.0,1.0,1.0,0.0
-1,2,1,-1,-1,0.55,0.55,1.0,1.0,1.0,0.0
-1,2,1,-1,-1,0.6,0.6,1.0,1.0,1.0,0.0
-1,2,1,-1,-1,0.65,0.65,1.0,1.0,1.0,0.0
-1,2,1,-1,-1,0.7,0.7,1.0,1.0,1.0,0.0
-1,2,1,-1,-1,0.75,0.75,1.0,1.0,1.0,0.0
-1,2,1,-1,-1,0.8,0.8,1.0,1.0,1.0,0.0
-1,2,1,-1,-1,0.85,0.85,1.0,1.0,1.0,0.0
-1,2,1,-1,-1,0.9,0.9,1.0,1.0,1.0,0.0
-1,2,1,-1,-1,0.95,0.95,1.0,1.0,1.0,0.0
-1,2,1,-1,-1,1.0,1.0,1.0,1.0,1.0,0.0
