sbi_stage,ucf_stage,xception_stage,sbi_upper_threshold,sbi_lower_threshold,ucf_upper_threshold,ucf_lower_threshold,xception_upper_threshold,xception_lower_threshold,FAR,FRR
-1,2,1,-1,-1,0.05,0.05,0.05,0.05,0.0,0.964286
-1,2,1,-1,-1,0.1,0.1,0.05,0.05,0.0,0.964286
-1,2,1,-1,-1,0.15,0.15,0.05,0.05,0.0,0.964286
-1,2,1,-1,-1,0.2,0.2,0.05,0.05,0.0,0.964286
-1,2,1,-1,-1,0.25,0.25,0.05,0.05,0.0,0.964286
-1,2,1,-1,-1,0.3,0.3,0.05,0.05,0.0,0.964286
-1,2,1,-1,-1,0.35,0.35,0.05,0.05,0.0,0.964286
-1,2,1,-1,-1,0.4,0.4,0.05,0.05,0.0,0.964286
-1,2,1,-1,-1,0.45,0.45,0.05,0.05,0.0,0.964286
-1,2,1,-1,-1,0.5,0.5,0.05,0.05,0.0,0.964286
-1,2,1,-1,-1,0.55,0.55,0.05,0.05,0.0,0.964286
-1,2,1,-1,-1,0.6,0.6,0.05,0.05,0.0,0.964286
-1,2,1,-1,-1,0.65,0.65,0.05,0.05,0.0,0.964286
-1,2,1,-1,-1,0.7,0.7,0.05,0.05,0.0,0.964286
-1,2,1,-1,-1,0.75,0.75,0.05,0.05,0.0,0.964286
-1,2,1,-1,-1,0.8,0.8,0.05,0.05,0.0,0.964286
-1,2,1,-1,-1,0.85,0.85,0.05,0.05,0.0,0.964286
-1,2,1,-1,-1,0.9,0.9,0.05,0.05,0.0,0.964286
-1,2,1,-1,-1,0.95,0.95,0.05,0.05,0.0,0.964286
-1,2,1,-1,-1,1.0,1.0,0.05,0.05,0.0,0.964286
-1,2,1,-1,-1,0.05,0.05,0.1,0.05,0.0,0.958163
-1,2,1,-1,-1,0.1,0.1,0.1,0.05,0.0,0.955357
-1,2,1,-1,-1,0.15,0.15,0.1,0.05,0.0,0.951786
-1,2,1,-1,-1,0.2,0.2,0.1,0.05,0.0,0.947959
-1,2,1,-1,-1,0.25,0.25,0.1,0.05,0.0,0.945153
-1,2,1,-1,-1,0.3,0.3,0.1,0.05,0.0,0.944133
-1,2,1,-1,-1,0.35,0.35,0.1,0.05,0.0,0.942347
-1,2,1,-1,-1,0.4,0.4,0.1,0.05,0.0,0.93903
-1,2,1,-1,-1,0.45,0.45,0.1,0.05,0.0,0.937245
-1,2,1,-1,-1,0.5,0.5,0.1,0.05,0.0,0.934949
-1,2,1,-1,-1,0.55,0.55,0.1,0.05,0.0,0.933418
-1,2,1,-1,-1,0.6,0.6,0.1,0.05,0.0,0.933163
-1,2,1,-1,-1,0.65,0.65,0.1,0.05,0.0,0.932142
-1,2,1,-1,-1,0.7,0.7,0.1,0.05,0.0,0.931632
-1,2,1,-1,-1,0.75,0.75,0.1,0.05,0.0,0.930867
-1,2,1,-1,-1,0.8,0.8,0.1,0.05,0.0,0.930357
-1,2,1,-1,-1,0.85,0.85,0.1,0.05,0.0,0.930102
-1,2,1,-1,-1,0.9,0.9,0.1,0.05,0.0,0.929081
-1,2,1,-1,-1,0.95,0.95,0.1,0.05,0.0,0.928826
-1,2,1,-1,-1,1.0,1.0,0.1,0.05,0.0,0.928571
-1,2,1,-1,-1,0.05,0.05,0.15,0.05,0.0,0.939796
-1,2,1,-1,-1,0.1,0.1,0.15,0.05,0.0,0.928572
-1,2,1,-1,-1,0.15,0.15,0.15,0.05,0.0,0.914286
-1,2,1,-1,-1,0.2,0.2,0.15,0.05,0.0,0.89898
-1,2,1,-1,-1,0.25,0.25,0.15,0.05,0.0,0.887756
-1,2,1,-1,-1,0.3,0.3,0.15,0.05,0.0,0.883674
-1,2,1,-1,-1,0.35,0.35,0.15,0.05,0.0,0.876531
-1,2,1,-1,-1,0.4,0.4,0.15,0.05,0.0,0.863266
-1,2,1,-1,-1,0.45,0.45,0.15,0.05,0.0,0.856123
-1,2,1,-1,-1,0.5,0.5,0.15,0.05,0.0,0.846939
-1,2,1,-1,-1,0.55,0.55,0.15,0.05,0.0,0.840817
-1,2,1,-1,-1,0.6,0.6,0.15,0.05,0.0,0.839796
-1,2,1,-1,-1,0.65,0.65,0.15,0.05,0.0,0.835715
-1,2,1,-1,-1,0.7,0.7,0.15,0.05,0.0,0.833674
-1,2,1,-1,-1,0.75,0.75,0.15,0.05,0.0,0.830613
-1,2,1,-1,-1,0.8,0.8,0.15,0.05,0.0,0.828572
-1,2,1,-1,-1,0.85,0.85,0.15,0.05,0.0,0.827551
-1,2,1,-1,-1,0.9,0.9,0.15,0.05,0.0,0.82347
-1,2,1,-1,-1,0.95,0.95,0.15,0.05,0.0,0.822449
-1,2,1,-1,-1,1.0,1.0,0.15,0.05,0.0,0.821429
-1,2,1,-1,-1,0.05,0.05,0.2,0.05,0.0,0.926327
-1,2,1,-1,-1,0.1,0.1,0.2,0.05,0.0,0.908929
-1,2,1,-1,-1,0.15,0.15,0.2,0.05,0.0,0.886786
-1,2,1,-1,-1,0.2,0.2,0.2,0.05,0.0,0.863061
-1,2,1,-1,-1,0.25,0.25,0.2,0.05,0.0,0.845663
-1,2,1,-1,-1,0.3,0.3,0.2,0.05,0.0,0.839337
-1,2,1,-1,-1,0.35,0.35,0.2,0.05,0.0,0.828265
-1,2,1,-1,-1,0.4,0.4,0.2,0.05,0.0,0.807704
-1,2,1,-1,-1,0.45,0.45,0.2,0.05,0.0,0.796633
-1,2,1,-1,-1,0.5,0.5,0.2,0.05,0.0,0.782398
-1,2,1,-1,-1,0.55,0.55,0.2,0.05,0.0,0.772908
-1,2,1,-1,-1,0.6,0.6,0.2,0.05,0.0,0.771326
-1,2,1,-1,-1,0.65,0.65,0.2,0.05,0.0,0.765
-1,2,1,-1,-1,0.7,0.7,0.2,0.05,0.0,0.761837
-1,2,1,-1,-1,0.75,0.75,0.2,0.05,0.0,0.757092
-1,2,1,-1,-1,0.8,0.8,0.2,0.05,0.0,0.753928
-1,2,1,-1,-1,0.85,0.85,0.2,0.05,0.0,0.752347
-1,2,1,-1,-1,0.9,0.9,0.2,0.05,0.0,0.74602
-1,2,1,-1,-1,0.95,0.95,0.2,0.05,0.0,0.744439
-1,2,1,-1,-1,1.0,1.0,0.2,0.05,0.0,0.742857
-1,2,1,-1,-1,0.05,0.05,0.25,0.05,6e-06,0.904286
-1,2,1,-1,-1,0.1,0.1,0.25,0.05,1.3e-05,0.876786
-1,2,1,-1,-1,0.15,0.15,0.25,0.05,1.3e-05,0.841786
-1,2,1,-1,-1,0.2,0.2,0.25,0.05,1.3e-05,0.804286
-1,2,1,-1,-1,0.25,0.25,0.25,0.05,1.9e-05,0.776786
-1,2,1,-1,-1,0.3,0.3,0.25,0.05,2.6e-05,0.766786
-1,2,1,-1,-1,0.35,0.35,0.25,0.05,2.6e-05,0.749286
-1,2,1,-1,-1,0.4,0.4,0.25,0.05,3.8e-05,0.716786
-1,2,1,-1,-1,0.45,0.45,0.25,0.05,3.8e-05,0.699286
-1,2,1,-1,-1,0.5,0.5,0.25,0.05,4.5e-05,0.676786
-1,2,1,-1,-1,0.55,0.55,0.25,0.05,6.4e-05,0.661786
-1,2,1,-1,-1,0.6,0.6,0.25,0.05,8.9e-05,0.659286
-1,2,1,-1,-1,0.65,0.65,0.25,0.05,0.000108,0.649286
-1,2,1,-1,-1,0.7,0.7,0.25,0.05,0.000128,0.644286
-1,2,1,-1,-1,0.75,0.75,0.25,0.05,0.000159,0.636786
-1,2,1,-1,-1,0.8,0.8,0.25,0.05,0.000198,0.631786
-1,2,1,-1,-1,0.85,0.85,0.25,0.05,0.000255,0.629286
-1,2,1,-1,-1,0.9,0.9,0.25,0.05,0.000338,0.619286
-1,2,1,-1,-1,0.95,0.95,0.25,0.05,0.000548,0.616786
-1,2,1,-1,-1,1.0,1.0,0.25,0.05,0.003571,0.614286
-1,2,1,-1,-1,0.05,0.05,0.3,0.05,1.3e-05,0.890816
-1,2,1,-1,-1,0.1,0.1,0.3,0.05,2.6e-05,0.857143
-1,2,1,-1,-1,0.15,0.15,0.3,0.05,2.6e-05,0.814286
-1,2,1,-1,-1,0.2,0.2,0.3,0.05,2.6e-05,0.768367
-1,2,1,-1,-1,0.25,0.25,0.3,0.05,3.8e-05,0.734694
-1,2,1,-1,-1,0.3,0.3,0.3,0.05,5.1e-05,0.722449
-1,2,1,-1,-1,0.35,0.35,0.3,0.05,5.1e-05,0.70102
-1,2,1,-1,-1,0.4,0.4,0.3,0.05,7.7e-05,0.661224
-1,2,1,-1,-1,0.45,0.45,0.3,0.05,7.7e-05,0.639796
-1,2,1,-1,-1,0.5,0.5,0.3,0.05,8.9e-05,0.612245
-1,2,1,-1,-1,0.55,0.55,0.3,0.05,0.000128,0.593877
-1,2,1,-1,-1,0.6,0.6,0.3,0.05,0.000179,0.590816
-1,2,1,-1,-1,0.65,0.65,0.3,0.05,0.000217,0.578571
-1,2,1,-1,-1,0.7,0.7,0.3,0.05,0.000255,0.572449
-1,2,1,-1,-1,0.75,0.75,0.3,0.05,0.000319,0.563265
-1,2,1,-1,-1,0.8,0.8,0.3,0.05,0.000395,0.557143
-1,2,1,-1,-1,0.85,0.85,0.3,0.05,0.00051,0.554081
-1,2,1,-1,-1,0.9,0.9,0.3,0.05,0.000676,0.541837
-1,2,1,-1,-1,0.95,0.95,0.3,0.05,0.001097,0.538775
-1,2,1,-1,-1,1.0,1.0,0.3,0.05,0.007143,0.535714
-1,2,1,-1,-1,0.05,0.05,0.35,0.05,1.6e-05,0.873673
-1,2,1,-1,-1,0.1,0.1,0.35,0.05,3.2e-05,0.832143
-1,2,1,-1,-1,0.15,0.15,0.35,0.05,3.2e-05,0.779286
-1,2,1,-1,-1,0.2,0.2,0.35,0.05,3.2e-05,0.722653
-1,2,1,-1,-1,0.25,0.25,0.35,0.05,4.8e-05,0.681123
-1,2,1,-1,-1,0.3,0.3,0.35,0.05,6.4e-05,0.66602
-1,2,1,-1,-1,0.35,0.35,0.35,0.05,6.4e-05,0.639592
-1,2,1,-1,-1,0.4,0.4,0.35,0.05,9.6e-05,0.59051
-1,2,1,-1,-1,0.45,0.45,0.35,0.05,9.6e-05,0.564081
-1,2,1,-1,-1,0.5,0.5,0.35,0.05,0.000112,0.530102
-1,2,1,-1,-1,0.55,0.55,0.35,0.05,0.000159,0.507449
-1,2,1,-1,-1,0.6,0.6,0.35,0.05,0.000223,0.503673
-1,2,1,-1,-1,0.65,0.65,0.35,0.05,0.000271,0.488571
-1,2,1,-1,-1,0.7,0.7,0.35,0.05,0.000319,0.48102
-1,2,1,-1,-1,0.75,0.75,0.35,0.05,0.000399,0.469694
-1,2,1,-1,-1,0.8,0.8,0.35,0.05,0.000494,0.462143
-1,2,1,-1,-1,0.85,0.85,0.35,0.05,0.000638,0.458367
-1,2,1,-1,-1,0.9,0.9,0.35,0.05,0.000845,0.443265
-1,2,1,-1,-1,0.95,0.95,0.35,0.05,0.001371,0.43949
-1,2,1,-1,-1,1.0,1.0,0.35,0.05,0.008929,0.435714
-1,2,1,-1,-1,0.05,0.05,0.4,0.05,1.6e-05,0.860204
-1,2,1,-1,-1,0.1,0.1,0.4,0.05,3.2e-05,0.8125
-1,2,1,-1,-1,0.15,0.15,0.4,0.05,3.2e-05,0.751786
-1,2,1,-1,-1,0.2,0.2,0.4,0.05,3.2e-05,0.686735
-1,2,1,-1,-1,0.25,0.25,0.4,0.05,4.8e-05,0.639031
-1,2,1,-1,-1,0.3,0.3,0.4,0.05,6.4e-05,0.621684
-1,2,1,-1,-1,0.35,0.35,0.4,0.05,6.4e-05,0.591327
-1,2,1,-1,-1,0.4,0.4,0.4,0.05,9.6e-05,0.534949
-1,2,1,-1,-1,0.45,0.45,0.4,0.05,9.6e-05,0.504592
-1,2,1,-1,-1,0.5,0.5,0.4,0.05,0.000112,0.465561
-1,2,1,-1,-1,0.55,0.55,0.4,0.05,0.000159,0.439541
-1,2,1,-1,-1,0.6,0.6,0.4,0.05,0.000223,0.435204
-1,2,1,-1,-1,0.65,0.65,0.4,0.05,0.000271,0.417857
-1,2,1,-1,-1,0.7,0.7,0.4,0.05,0.000319,0.409184
-1,2,1,-1,-1,0.75,0.75,0.4,0.05,0.000399,0.396174
-1,2,1,-1,-1,0.8,0.8,0.4,0.05,0.000494,0.3875
-1,2,1,-1,-1,0.85,0.85,0.4,0.05,0.000638,0.383163
-1,2,1,-1,-1,0.9,0.9,0.4,0.05,0.000845,0.365817
-1,2,1,-1,-1,0.95,0.95,0.4,0.05,0.001371,0.36148
-1,2,1,-1,-1,1.0,1.0,0.4,0.05,0.008929,0.357143
-1,2,1,-1,-1,0.05,0.05,0.45,0.05,1.6e-05,0.844286
-1,2,1,-1,-1,0.1,0.1,0.45,0.05,3.2e-05,0.789286
-1,2,1,-1,-1,0.15,0.15,0.45,0.05,3.2e-05,0.719286
-1,2,1,-1,-1,0.2,0.2,0.45,0.05,3.2e-05,0.644286
-1,2,1,-1,-1,0.25,0.25,0.45,0.05,4.8e-05,0.589286
-1,2,1,-1,-1,0.3,0.3,0.45,0.05,6.4e-05,0.569286
-1,2,1,-1,-1,0.35,0.35,0.45,0.05,6.4e-05,0.534286
-1,2,1,-1,-1,0.4,0.4,0.45,0.05,9.6e-05,0.469286
-1,2,1,-1,-1,0.45,0.45,0.45,0.05,9.6e-05,0.434286
-1,2,1,-1,-1,0.5,0.5,0.45,0.05,0.000112,0.389286
-1,2,1,-1,-1,0.55,0.55,0.45,0.05,0.000159,0.359286
-1,2,1,-1,-1,0.6,0.6,0.45,0.05,0.000223,0.354286
-1,2,1,-1,-1,0.65,0.65,0.45,0.05,0.000271,0.334286
-1,2,1,-1,-1,0.7,0.7,0.45,0.05,0.000319,0.324286
-1,2,1,-1,-1,0.75,0.75,0.45,0.05,0.000399,0.309286
-1,2,1,-1,-1,0.8,0.8,0.45,0.05,0.000494,0.299286
-1,2,1,-1,-1,0.85,0.85,0.45,0.05,0.000638,0.294286
-1,2,1,-1,-1,0.9,0.9,0.45,0.05,0.000845,0.274286
-1,2,1,-1,-1,0.95,0.95,0.45,0.05,0.001371,0.269286
-1,2,1,-1,-1,1.0,1.0,0.45,0.05,0.008929,0.264286
-1,2,1,-1,-1,0.05,0.05,0.5,0.05,2.9e-05,0.839388
-1,2,1,-1,-1,0.1,0.1,0.5,0.05,5.7e-05,0.782143
-1,2,1,-1,-1,0.15,0.15,0.5,0.05,5.7e-05,0.709286
-1,2,1,-1,-1,0.2,0.2,0.5,0.05,5.7e-05,0.631224
-1,2,1,-1,-1,0.25,0.25,0.5,0.05,8.6e-05,0.57398
-1,2,1,-1,-1,0.3,0.3,0.5,0.05,0.000115,0.553163
-1,2,1,-1,-1,0.35,0.35,0.5,0.05,0.000115,0.516734
-1,2,1,-1,-1,0.4,0.4,0.5,0.05,0.000172,0.449081
-1,2,1,-1,-1,0.45,0.45,0.5,0.05,0.000172,0.412653
-1,2,1,-1,-1,0.5,0.5,0.5,0.05,0.000201,0.365816
-1,2,1,-1,-1,0.55,0.55,0.5,0.05,0.000287,0.334591
-1,2,1,-1,-1,0.6,0.6,0.5,0.05,0.000402,0.329387
-1,2,1,-1,-1,0.65,0.65,0.5,0.05,0.000488,0.308571
-1,2,1,-1,-1,0.7,0.7,0.5,0.05,0.000574,0.298163
-1,2,1,-1,-1,0.75,0.75,0.5,0.05,0.000717,0.282551
-1,2,1,-1,-1,0.8,0.8,0.5,0.05,0.00089,0.272143
-1,2,1,-1,-1,0.85,0.85,0.5,0.05,0.001148,0.266938
-1,2,1,-1,-1,0.9,0.9,0.5,0.05,0.001521,0.246122
-1,2,1,-1,-1,0.95,0.95,0.5,0.05,0.002468,0.240918
-1,2,1,-1,-1,1.0,1.0,0.5,0.05,0.016071,0.235714
-1,2,1,-1,-1,0.05,0.05,0.55,0.05,3.8e-05,0.827143
-1,2,1,-1,-1,0.1,0.1,0.55,0.05,7.7e-05,0.764286
-1,2,1,-1,-1,0.15,0.15,0.55,0.05,7.7e-05,0.684286
-1,2,1,-1,-1,0.2,0.2,0.55,0.05,7.7e-05,0.598572
-1,2,1,-1,-1,0.25,0.25,0.55,0.05,0.000115,0.535715
-1,2,1,-1,-1,0.3,0.3,0.55,0.05,0.000153,0.512857
-1,2,1,-1,-1,0.35,0.35,0.55,0.05,0.000153,0.472857
-1,2,1,-1,-1,0.4,0.4,0.55,0.05,0.00023,0.398572
-1,2,1,-1,-1,0.45,0.45,0.55,0.05,0.00023,0.358572
-1,2,1,-1,-1,0.5,0.5,0.55,0.05,0.000268,0.307143
-1,2,1,-1,-1,0.55,0.55,0.55,0.05,0.000383,0.272857
-1,2,1,-1,-1,0.6,0.6,0.55,0.05,0.000536,0.267143
-1,2,1,-1,-1,0.65,0.65,0.55,0.05,0.000651,0.244286
-1,2,1,-1,-1,0.7,0.7,0.55,0.05,0.000765,0.232857
-1,2,1,-1,-1,0.75,0.75,0.55,0.05,0.000957,0.215715
-1,2,1,-1,-1,0.8,0.8,0.55,0.05,0.001186,0.204286
-1,2,1,-1,-1,0.85,0.85,0.55,0.05,0.001531,0.198572
-1,2,1,-1,-1,0.9,0.9,0.55,0.05,0.002028,0.175715
-1,2,1,-1,-1,0.95,0.95,0.55,0.05,0.003291,0.17
-1,2,1,-1,-1,1.0,1.0,0.55,0.05,0.021429,0.164286
-1,2,1,-1,-1,0.05,0.05,0.6,0.05,5.1e-05,0.818571
-1,2,1,-1,-1,0.1,0.1,0.6,0.05,0.000102,0.751786
-1,2,1,-1,-1,0.15,0.15,0.6,0.05,0.000102,0.666786
-1,2,1,-1,-1,0.2,0.2,0.6,0.05,0.000102,0.575714
-1,2,1,-1,-1,0.25,0.25,0.6,0.05,0.000153,0.508929
-1,2,1,-1,-1,0.3,0.3,0.6,0.05,0.000204,0.484643
-1,2,1,-1,-1,0.35,0.35,0.6,0.05,0.000204,0.442143
-1,2,1,-1,-1,0.4,0.4,0.6,0.05,0.000306,0.363214
-1,2,1,-1,-1,0.45,0.45,0.6,0.05,0.000306,0.320714
-1,2,1,-1,-1,0.5,0.5,0.6,0.05,0.000357,0.266071
-1,2,1,-1,-1,0.55,0.55,0.6,0.05,0.00051,0.229643
-1,2,1,-1,-1,0.6,0.6,0.6,0.05,0.000714,0.223571
-1,2,1,-1,-1,0.65,0.65,0.6,0.05,0.000867,0.199286
-1,2,1,-1,-1,0.7,0.7,0.6,0.05,0.00102,0.187143
-1,2,1,-1,-1,0.75,0.75,0.6,0.05,0.001275,0.168929
-1,2,1,-1,-1,0.8,0.8,0.6,0.05,0.001582,0.156786
-1,2,1,-1,-1,0.85,0.85,0.6,0.05,0.002041,0.150714
-1,2,1,-1,-1,0.9,0.9,0.6,0.05,0.002704,0.126429
-1,2,1,-1,-1,0.95,0.95,0.6,0.05,0.004388,0.120358
-1,2,1,-1,-1,1.0,1.0,0.6,0.05,0.028571,0.114286
-1,2,1,-1,-1,0.05,0.05,0.65,0.05,7.3e-05,0.813673
-1,2,1,-1,-1,0.1,0.1,0.65,0.05,0.000147,0.744643
-1,2,1,-1,-1,0.15,0.15,0.65,0.05,0.000147,0.656786
-1,2,1,-1,-1,0.2,0.2,0.65,0.05,0.000147,0.562653
-1,2,1,-1,-1,0.25,0.25,0.65,0.05,0.00022,0.493623
-1,2,1,-1,-1,0.3,0.3,0.65,0.05,0.000293,0.46852
-1,2,1,-1,-1,0.35,0.35,0.65,0.05,0.000293,0.424592
-1,2,1,-1,-1,0.4,0.4,0.65,0.05,0.00044,0.34301
-1,2,1,-1,-1,0.45,0.45,0.65,0.05,0.00044,0.299081
-1,2,1,-1,-1,0.5,0.5,0.65,0.05,0.000513,0.242601
-1,2,1,-1,-1,0.55,0.55,0.65,0.05,0.000733,0.204949
-1,2,1,-1,-1,0.6,0.6,0.65,0.05,0.001027,0.198673
-1,2,1,-1,-1,0.65,0.65,0.65,0.05,0.001247,0.173571
-1,2,1,-1,-1,0.7,0.7,0.65,0.05,0.001467,0.16102
-1,2,1,-1,-1,0.75,0.75,0.65,0.05,0.001834,0.142194
-1,2,1,-1,-1,0.8,0.8,0.65,0.05,0.002274,0.129643
-1,2,1,-1,-1,0.85,0.85,0.65,0.05,0.002934,0.123367
-1,2,1,-1,-1,0.9,0.9,0.65,0.05,0.003887,0.098265
-1,2,1,-1,-1,0.95,0.95,0.65,0.05,0.006307,0.09199
-1,2,1,-1,-1,1.0,1.0,0.65,0.05,0.041071,0.085714
-1,2,1,-1,-1,0.05,0.05,0.7,0.05,0.000102,0.811224
-1,2,1,-1,-1,0.1,0.1,0.7,0.05,0.000204,0.741072
-1,2,1,-1,-1,0.15,0.15,0.7,0.05,0.000204,0.651786
-1,2,1,-1,-1,0.2,0.2,0.7,0.05,0.000204,0.556123
-1,2,1,-1,-1,0.25,0.25,0.7,0.05,0.000306,0.48597
-1,2,1,-1,-1,0.3,0.3,0.7,0.05,0.000408,0.460459
-1,2,1,-1,-1,0.35,0.35,0.7,0.05,0.000408,0.415816
-1,2,1,-1,-1,0.4,0.4,0.7,0.05,0.000612,0.332908
-1,2,1,-1,-1,0.45,0.45,0.7,0.05,0.000612,0.288266
-1,2,1,-1,-1,0.5,0.5,0.7,0.05,0.000714,0.230867
-1,2,1,-1,-1,0.55,0.55,0.7,0.05,0.00102,0.192602
-1,2,1,-1,-1,0.6,0.6,0.7,0.05,0.001429,0.186225
-1,2,1,-1,-1,0.65,0.65,0.7,0.05,0.001735,0.160715
-1,2,1,-1,-1,0.7,0.7,0.7,0.05,0.002041,0.147959
-1,2,1,-1,-1,0.75,0.75,0.7,0.05,0.002551,0.128827
-1,2,1,-1,-1,0.8,0.8,0.7,0.05,0.003163,0.116072
-1,2,1,-1,-1,0.85,0.85,0.7,0.05,0.004082,0.109694
-1,2,1,-1,-1,0.9,0.9,0.7,0.05,0.005408,0.084184
-1,2,1,-1,-1,0.95,0.95,0.7,0.05,0.008776,0.077807
-1,2,1,-1,-1,1.0,1.0,0.7,0.05,0.057143,0.071429
-1,2,1,-1,-1,0.05,0.05,0.75,0.05,0.000147,0.803877
-1,2,1,-1,-1,0.1,0.1,0.75,0.05,0.000293,0.730357
-1,2,1,-1,-1,0.15,0.15,0.75,0.05,0.000293,0.636786
-1,2,1,-1,-1,0.2,0.2,0.75,0.05,0.000293,0.53653
-1,2,1,-1,-1,0.25,0.25,0.75,0.05,0.00044,0.46301
-1,2,1,-1,-1,0.3,0.3,0.75,0.05,0.000587,0.436275
-1,2,1,-1,-1,0.35,0.35,0.75,0.05,0.000587,0.389489
-1,2,1,-1,-1,0.4,0.4,0.75,0.05,0.00088,0.302602
-1,2,1,-1,-1,0.45,0.45,0.75,0.05,0.00088,0.255816
-1,2,1,-1,-1,0.5,0.5,0.75,0.05,0.001027,0.195663
-1,2,1,-1,-1,0.55,0.55,0.75,0.05,0.001467,0.155561
-1,2,1,-1,-1,0.6,0.6,0.75,0.05,0.002054,0.148877
-1,2,1,-1,-1,0.65,0.65,0.75,0.05,0.002494,0.122143
-1,2,1,-1,-1,0.7,0.7,0.75,0.05,0.002934,0.108775
-1,2,1,-1,-1,0.75,0.75,0.75,0.05,0.003667,0.088724
-1,2,1,-1,-1,0.8,0.8,0.75,0.05,0.004547,0.075357
-1,2,1,-1,-1,0.85,0.85,0.75,0.05,0.005867,0.068673
-1,2,1,-1,-1,0.9,0.9,0.75,0.05,0.007774,0.041939
-1,2,1,-1,-1,0.95,0.95,0.75,0.05,0.012615,0.035255
-1,2,1,-1,-1,1.0,1.0,0.75,0.05,0.082143,0.028571
-1,2,1,-1,-1,0.05,0.05,0.8,0.05,0.000239,0.802653
-1,2,1,-1,-1,0.1,0.1,0.8,0.05,0.000478,0.728572
-1,2,1,-1,-1,0.15,0.15,0.8,0.05,0.000478,0.634286
-1,2,1,-1,-1,0.2,0.2,0.8,0.05,0.000478,0.533266
-1,2,1,-1,-1,0.25,0.25,0.8,0.05,0.000717,0.459184
-1,2,1,-1,-1,0.3,0.3,0.8,0.05,0.000957,0.432245
-1,2,1,-1,-1,0.35,0.35,0.8,0.05,0.000957,0.385102
-1,2,1,-1,-1,0.4,0.4,0.8,0.05,0.001435,0.297551
-1,2,1,-1,-1,0.45,0.45,0.8,0.05,0.001435,0.250408
-1,2,1,-1,-1,0.5,0.5,0.8,0.05,0.001674,0.189796
-1,2,1,-1,-1,0.55,0.55,0.8,0.05,0.002392,0.149388
-1,2,1,-1,-1,0.6,0.6,0.8,0.05,0.003348,0.142653
-1,2,1,-1,-1,0.65,0.65,0.8,0.05,0.004066,0.115715
-1,2,1,-1,-1,0.7,0.7,0.8,0.05,0.004783,0.102245
-1,2,1,-1,-1,0.75,0.75,0.8,0.05,0.005979,0.082042
-1,2,1,-1,-1,0.8,0.8,0.8,0.05,0.007414,0.068572
-1,2,1,-1,-1,0.85,0.85,0.8,0.05,0.009566,0.061837
-1,2,1,-1,-1,0.9,0.9,0.8,0.05,0.012675,0.034899
-1,2,1,-1,-1,0.95,0.95,0.8,0.05,0.020568,0.028164
-1,2,1,-1,-1,1.0,1.0,0.8,0.05,0.133929,0.021429
-1,2,1,-1,-1,0.05,0.05,0.85,0.05,0.000322,0.800204
-1,2,1,-1,-1,0.1,0.1,0.85,0.05,0.000644,0.725
-1,2,1,-1,-1,0.15,0.15,0.85,0.05,0.000644,0.629286
-1,2,1,-1,-1,0.2,0.2,0.85,0.05,0.000644,0.526735
-1,2,1,-1,-1,0.25,0.25,0.85,0.05,0.000966,0.451531
-1,2,1,-1,-1,0.3,0.3,0.85,0.05,0.001288,0.424184
-1,2,1,-1,-1,0.35,0.35,0.85,0.05,0.001288,0.376326
-1,2,1,-1,-1,0.4,0.4,0.85,0.05,0.001932,0.287449
-1,2,1,-1,-1,0.45,0.45,0.85,0.05,0.001932,0.239592
-1,2,1,-1,-1,0.5,0.5,0.85,0.05,0.002254,0.178061
-1,2,1,-1,-1,0.55,0.55,0.85,0.05,0.003221,0.137041
-1,2,1,-1,-1,0.6,0.6,0.85,0.05,0.004509,0.130204
-1,2,1,-1,-1,0.65,0.65,0.85,0.05,0.005475,0.102857
-1,2,1,-1,-1,0.7,0.7,0.85,0.05,0.006441,0.089184
-1,2,1,-1,-1,0.75,0.75,0.85,0.05,0.008052,0.068674
-1,2,1,-1,-1,0.8,0.8,0.85,0.05,0.009984,0.055
-1,2,1,-1,-1,0.85,0.85,0.85,0.05,0.012883,0.048163
-1,2,1,-1,-1,0.9,0.9,0.85,0.05,0.01707,0.020817
-1,2,1,-1,-1,0.95,0.95,0.85,0.05,0.027698,0.01398
-1,2,1,-1,-1,1.0,1.0,0.85,0.05,0.180357,0.007143
-1,2,1,-1,-1,0.05,0.05,0.9,0.05,0.000456,0.800204
-1,2,1,-1,-1,0.1,0.1,0.9,0.05,0.000912,0.725
-1,2,1,-1,-1,0.15,0.15,0.9,0.05,0.000912,0.629286
-1,2,1,-1,-1,0.2,0.2,0.9,0.05,0.000912,0.526735
-1,2,1,-1,-1,0.25,0.25,0.9,0.05,0.001368,0.451531
-1,2,1,-1,-1,0.3,0.3,0.9,0.05,0.001824,0.424184
-1,2,1,-1,-1,0.35,0.35,0.9,0.05,0.001824,0.376326
-1,2,1,-1,-1,0.4,0.4,0.9,0.05,0.002736,0.287449
-1,2,1,-1,-1,0.45,0.45,0.9,0.05,0.002736,0.239592
-1,2,1,-1,-1,0.5,0.5,0.9,0.05,0.003192,0.178061
-1,2,1,-1,-1,0.55,0.55,0.9,0.05,0.00456,0.137041
-1,2,1,-1,-1,0.6,0.6,0.9,0.05,0.006384,0.130204
-1,2,1,-1,-1,0.65,0.65,0.9,0.05,0.007752,0.102857
-1,2,1,-1,-1,0.7,0.7,0.9,0.05,0.00912,0.089184
-1,2,1,-1,-1,0.75,0.75,0.9,0.05,0.0114,0.068674
-1,2,1,-1,-1,0.8,0.8,0.9,0.05,0.014136,0.055
-1,2,1,-1,-1,0.85,0.85,0.9,0.05,0.01824,0.048163
-1,2,1,-1,-1,0.9,0.9,0.9,0.05,0.024168,0.020817
-1,2,1,-1,-1,0.95,0.95,0.9,0.05,0.039215,0.01398
-1,2,1,-1,-1,1.0,1.0,0.9,0.05,0.255357,0.007143
-1,2,1,-1,-1,0.05,0.05,0.95,0.05,0.000683,0.798979
-1,2,1,-1,-1,0.1,0.1,0.95,0.05,0.001365,0.723214
-1,2,1,-1,-1,0.15,0.15,0.95,0.05,0.001365,0.626786
-1,2,1,-1,-1,0.2,0.2,0.95,0.05,0.001365,0.523469
-1,2,1,-1,-1,0.25,0.25,0.95,0.05,0.002047,0.447704
-1,2,1,-1,-1,0.3,0.3,0.95,0.05,0.00273,0.420153
-1,2,1,-1,-1,0.35,0.35,0.95,0.05,0.00273,0.371939
-1,2,1,-1,-1,0.4,0.4,0.95,0.05,0.004094,0.282398
-1,2,1,-1,-1,0.45,0.45,0.95,0.05,0.004094,0.234184
-1,2,1,-1,-1,0.5,0.5,0.95,0.05,0.004777,0.172194
-1,2,1,-1,-1,0.55,0.55,0.95,0.05,0.006824,0.130867
-1,2,1,-1,-1,0.6,0.6,0.95,0.05,0.009554,0.123979
-1,2,1,-1,-1,0.65,0.65,0.95,0.05,0.011601,0.096429
-1,2,1,-1,-1,0.7,0.7,0.95,0.05,0.013648,0.082653
-1,2,1,-1,-1,0.75,0.75,0.95,0.05,0.01706,0.06199
-1,2,1,-1,-1,0.8,0.8,0.95,0.05,0.021154,0.048214
-1,2,1,-1,-1,0.85,0.85,0.95,0.05,0.027296,0.041326
-1,2,1,-1,-1,0.9,0.9,0.95,0.05,0.036167,0.013776
-1,2,1,-1,-1,0.95,0.95,0.95,0.05,0.058686,0.006888
-1,2,1,-1,-1,1.0,1.0,0.95,0.05,0.382143,0.0
-1,2,1,-1,-1,0.05,0.05,1.0,0.05,0.001786,0.798979
-1,2,1,-1,-1,0.1,0.1,1.0,0.05,0.003571,0.723214
-1,2,1,-1,-1,0.15,0.15,1.0,0.05,0.003571,0.626786
-1,2,1,-1,-1,0.2,0.2,1.0,0.05,0.003571,0.523469
-1,2,1,-1,-1,0.25,0.25,1.0,0.05,0.005357,0.447704
-1,2,1,-1,-1,0.3,0.3,1.0,0.05,0.007143,0.420153
-1,2,1,-1,-1,0.35,0.35,1.0,0.05,0.007143,0.371939
-1,2,1,-1,-1,0.4,0.4,1.0,0.05,0.010714,0.282398
-1,2,1,-1,-1,0.45,0.45,1.0,0.05,0.010714,0.234184
-1,2,1,-1,-1,0.5,0.5,1.0,0.05,0.0125,0.172194
-1,2,1,-1,-1,0.55,0.55,1.0,0.05,0.017857,0.130867
-1,2,1,-1,-1,0.6,0.6,1.0,0.05,0.025,0.123979
-1,2,1,-1,-1,0.65,0.65,1.0,0.05,0.030357,0.096429
-1,2,1,-1,-1,0.7,0.7,1.0,0.05,0.035714,0.082653
-1,2,1,-1,-1,0.75,0.75,1.0,0.05,0.044643,0.06199
-1,2,1,-1,-1,0.8,0.8,1.0,0.05,0.055357,0.048214
-1,2,1,-1,-1,0.85,0.85,1.0,0.05,0.071429,0.041326
-1,2,1,-1,-1,0.9,0.9,1.0,0.05,0.094643,0.013776
-1,2,1,-1,-1,0.95,0.95,1.0,0.05,0.153571,0.006888
-1,2,1,-1,-1,1.0,1.0,1.0,0.05,1.0,0.0
-1,2,1,-1,-1,0.05,0.05,0.1,0.1,0.0,0.928571
-1,2,1,-1,-1,0.1,0.1,0.1,0.1,0.0,0.928571
-1,2,1,-1,-1,0.15,0.15,0.1,0.1,0.0,0.928571
-1,2,1,-1,-1,0.2,0.2,0.1,0.1,0.0,0.928571
-1,2,1,-1,-1,0.25,0.25,0.1,0.1,0.0,0.928571
-1,2,1,-1,-1,0.3,0.3,0.1,0.1,0.0,0.928571
-1,2,1,-1,-1,0.35,0.35,0.1,0.1,0.0,0.928571
-1,2,1,-1,-1,0.4,0.4,0.1,0.1,0.0,0.928571
-1,2,1,-1,-1,0.45,0.45,0.1,0.1,0.0,0.928571
-1,2,1,-1,-1,0.5,0.5,0.1,0.1,0.0,0.928571
-1,2,1,-1,-1,0.55,0.55,0.1,0.1,0.0,0.928571
-1,2,1,-1,-1,0.6,0.6,0.1,0.1,0.0,0.928571
-1,2,1,-1,-1,0.65,0.65,0.1,0.1,0.0,0.928571
-1,2,1,-1,-1,0.7,0.7,0.1,0.1,0.0,0.928571
-1,2,1,-1,-1,0.75,0.75,0.1,0.1,0.0,0.928571
-1,2,1,-1,-1,0.8,0.8,0.1,0.1,0.0,0.928571
-1,2,1,-1,-1,0.85,0.85,0.1,0.1,0.0,0.928571
-1,2,1,-1,-1,0.9,0.9,0.1,0.1,0.0,0.928571
-1,2,1,-1,-1,0.95,0.95,0.1,0.1,0.0,0.928571
-1,2,1,-1,-1,1.0,1.0,0.1,0.1,0.0,0.928571
-1,2,1,-1,-1,0.05,0.05,0.15,0.1,0.0,0.910204
-1,2,1,-1,-1,0.1,0.1,0.15,0.1,0.0,0.901786
-1,2,1,-1,-1,0.15,0.15,0.15,0.1,0.0,0.891071
-1,2,1,-1,-1,0.2,0.2,0.15,0.1,0.0,0.879592
-1,2,1,-1,-1,0.25,0.25,0.15,0.1,0.0,0.871174
-1,2,1,-1,-1,0.3,0.3,0.15,0.1,0.0,0.868112
-1,2,1,-1,-1,0.35,0.35,0.15,0.1,0.0,0.862755
-1,2,1,-1,-1,0.4,0.4,0.15,0.1,0.0,0.852806
-1,2,1,-1,-1,0.45,0.45,0.15,0.1,0.0,0.847449
-1,2,1,-1,-1,0.5,0.5,0.15,0.1,0.0,0.840561
-1,2,1,-1,-1,0.55,0.55,0.15,0.1,0.0,0.83597
-1,2,1,-1,-1,0.6,0.6,0.15,0.1,0.0,0.835204
-1,2,1,-1,-1,0.65,0.65,0.15,0.1,0.0,0.832143
-1,2,1,-1,-1,0.7,0.7,0.15,0.1,0.0,0.830613
-1,2,1,-1,-1,0.75,0.75,0.15,0.1,0.0,0.828317
-1,2,1,-1,-1,0.8,0.8,0.15,0.1,0.0,0.826786
-1,2,1,-1,-1,0.85,0.85,0.15,0.1,0.0,0.826021
-1,2,1,-1,-1,0.9,0.9,0.15,0.1,0.0,0.82296
-1,2,1,-1,-1,0.95,0.95,0.15,0.1,0.0,0.822194
-1,2,1,-1,-1,1.0,1.0,0.15,0.1,0.0,0.821429
-1,2,1,-1,-1,0.05,0.05,0.2,0.1,0.0,0.896734
-1,2,1,-1,-1,0.1,0.1,0.2,0.1,0.0,0.882143
-1,2,1,-1,-1,0.15,0.15,0.2,0.1,0.0,0.863571
-1,2,1,-1,-1,0.2,0.2,0.2,0.1,0.0,0.843673
-1,2,1,-1,-1,0.25,0.25,0.2,0.1,0.0,0.829081
-1,2,1,-1,-1,0.3,0.3,0.2,0.1,0.0,0.823775
-1,2,1,-1,-1,0.35,0.35,0.2,0.1,0.0,0.814489
-1,2,1,-1,-1,0.4,0.4,0.2,0.1,0.0,0.797245
-1,2,1,-1,-1,0.45,0.45,0.2,0.1,0.0,0.787959
-1,2,1,-1,-1,0.5,0.5,0.2,0.1,0.0,0.77602
-1,2,1,-1,-1,0.55,0.55,0.2,0.1,0.0,0.768061
-1,2,1,-1,-1,0.6,0.6,0.2,0.1,0.0,0.766734
-1,2,1,-1,-1,0.65,0.65,0.2,0.1,0.0,0.761428
-1,2,1,-1,-1,0.7,0.7,0.2,0.1,0.0,0.758775
-1,2,1,-1,-1,0.75,0.75,0.2,0.1,0.0,0.754796
-1,2,1,-1,-1,0.8,0.8,0.2,0.1,0.0,0.752143
-1,2,1,-1,-1,0.85,0.85,0.2,0.1,0.0,0.750816
-1,2,1,-1,-1,0.9,0.9,0.2,0.1,0.0,0.74551
-1,2,1,-1,-1,0.95,0.95,0.2,0.1,0.0,0.744184
-1,2,1,-1,-1,1.0,1.0,0.2,0.1,0.0,0.742857
-1,2,1,-1,-1,0.05,0.05,0.25,0.1,6e-06,0.874693
-1,2,1,-1,-1,0.1,0.1,0.25,0.1,1.3e-05,0.85
-1,2,1,-1,-1,0.15,0.15,0.25,0.1,1.3e-05,0.818571
-1,2,1,-1,-1,0.2,0.2,0.25,0.1,1.3e-05,0.784898
-1,2,1,-1,-1,0.25,0.25,0.25,0.1,1.9e-05,0.760204
-1,2,1,-1,-1,0.3,0.3,0.25,0.1,2.6e-05,0.751224
-1,2,1,-1,-1,0.35,0.35,0.25,0.1,2.6e-05,0.73551
-1,2,1,-1,-1,0.4,0.4,0.25,0.1,3.8e-05,0.706327
-1,2,1,-1,-1,0.45,0.45,0.25,0.1,3.8e-05,0.690612
-1,2,1,-1,-1,0.5,0.5,0.25,0.1,4.5e-05,0.670408
-1,2,1,-1,-1,0.55,0.55,0.25,0.1,6.4e-05,0.656939
-1,2,1,-1,-1,0.6,0.6,0.25,0.1,8.9e-05,0.654694
-1,2,1,-1,-1,0.65,0.65,0.25,0.1,0.000108,0.645714
-1,2,1,-1,-1,0.7,0.7,0.25,0.1,0.000128,0.641225
-1,2,1,-1,-1,0.75,0.75,0.25,0.1,0.000159,0.63449
-1,2,1,-1,-1,0.8,0.8,0.25,0.1,0.000198,0.63
-1,2,1,-1,-1,0.85,0.85,0.25,0.1,0.000255,0.627755
-1,2,1,-1,-1,0.9,0.9,0.25,0.1,0.000338,0.618776
-1,2,1,-1,-1,0.95,0.95,0.25,0.1,0.000548,0.616531
-1,2,1,-1,-1,1.0,1.0,0.25,0.1,0.003571,0.614286
-1,2,1,-1,-1,0.05,0.05,0.3,0.1,1.3e-05,0.861224
-1,2,1,-1,-1,0.1,0.1,0.3,0.1,2.6e-05,0.830357
-1,2,1,-1,-1,0.15,0.15,0.3,0.1,2.6e-05,0.791071
-1,2,1,-1,-1,0.2,0.2,0.3,0.1,2.6e-05,0.748979
-1,2,1,-1,-1,0.25,0.25,0.3,0.1,3.8e-05,0.718112
-1,2,1,-1,-1,0.3,0.3,0.3,0.1,5.1e-05,0.706887
-1,2,1,-1,-1,0.35,0.35,0.3,0.1,5.1e-05,0.687244
-1,2,1,-1,-1,0.4,0.4,0.3,0.1,7.7e-05,0.650765
-1,2,1,-1,-1,0.45,0.45,0.3,0.1,7.7e-05,0.631122
-1,2,1,-1,-1,0.5,0.5,0.3,0.1,8.9e-05,0.605867
-1,2,1,-1,-1,0.55,0.55,0.3,0.1,0.000128,0.58903
-1,2,1,-1,-1,0.6,0.6,0.3,0.1,0.000179,0.586224
-1,2,1,-1,-1,0.65,0.65,0.3,0.1,0.000217,0.575
-1,2,1,-1,-1,0.7,0.7,0.3,0.1,0.000255,0.569387
-1,2,1,-1,-1,0.75,0.75,0.3,0.1,0.000319,0.560969
-1,2,1,-1,-1,0.8,0.8,0.3,0.1,0.000395,0.555357
-1,2,1,-1,-1,0.85,0.85,0.3,0.1,0.00051,0.552551
-1,2,1,-1,-1,0.9,0.9,0.3,0.1,0.000676,0.541326
-1,2,1,-1,-1,0.95,0.95,0.3,0.1,0.001097,0.53852
-1,2,1,-1,-1,1.0,1.0,0.3,0.1,0.007143,0.535714
-1,2,1,-1,-1,0.05,0.05,0.35,0.1,1.6e-05,0.844081
-1,2,1,-1,-1,0.1,0.1,0.35,0.1,3.2e-05,0.805357
-1,2,1,-1,-1,0.15,0.15,0.35,0.1,3.2e-05,0.756071
-1,2,1,-1,-1,0.2,0.2,0.35,0.1,3.2e-05,0.703265
-1,2,1,-1,-1,0.25,0.25,0.35,0.1,4.8e-05,0.664541
-1,2,1,-1,-1,0.3,0.3,0.35,0.1,6.4e-05,0.650459
-1,2,1,-1,-1,0.35,0.35,0.35,0.1,6.4e-05,0.625816
-1,2,1,-1,-1,0.4,0.4,0.35,0.1,9.6e-05,0.580051
-1,2,1,-1,-1,0.45,0.45,0.35,0.1,9.6e-05,0.555408
-1,2,1,-1,-1,0.5,0.5,0.35,0.1,0.000112,0.523724
-1,2,1,-1,-1,0.55,0.55,0.35,0.1,0.000159,0.502602
-1,2,1,-1,-1,0.6,0.6,0.35,0.1,0.000223,0.499081
-1,2,1,-1,-1,0.65,0.65,0.35,0.1,0.000271,0.485
-1,2,1,-1,-1,0.7,0.7,0.35,0.1,0.000319,0.477959
-1,2,1,-1,-1,0.75,0.75,0.35,0.1,0.000399,0.467398
-1,2,1,-1,-1,0.8,0.8,0.35,0.1,0.000494,0.460357
-1,2,1,-1,-1,0.85,0.85,0.35,0.1,0.000638,0.456836
-1,2,1,-1,-1,0.9,0.9,0.35,0.1,0.000845,0.442755
-1,2,1,-1,-1,0.95,0.95,0.35,0.1,0.001371,0.439234
-1,2,1,-1,-1,1.0,1.0,0.35,0.1,0.008929,0.435714
-1,2,1,-1,-1,0.05,0.05,0.4,0.1,1.6e-05,0.830612
-1,2,1,-1,-1,0.1,0.1,0.4,0.1,3.2e-05,0.785714
-1,2,1,-1,-1,0.15,0.15,0.4,0.1,3.2e-05,0.728571
-1,2,1,-1,-1,0.2,0.2,0.4,0.1,3.2e-05,0.667347
-1,2,1,-1,-1,0.25,0.25,0.4,0.1,4.8e-05,0.622449
-1,2,1,-1,-1,0.3,0.3,0.4,0.1,6.4e-05,0.606122
-1,2,1,-1,-1,0.35,0.35,0.4,0.1,6.4e-05,0.577551
-1,2,1,-1,-1,0.4,0.4,0.4,0.1,9.6e-05,0.52449
-1,2,1,-1,-1,0.45,0.45,0.4,0.1,9.6e-05,0.495918
-1,2,1,-1,-1,0.5,0.5,0.4,0.1,0.000112,0.459183
-1,2,1,-1,-1,0.55,0.55,0.4,0.1,0.000159,0.434694
-1,2,1,-1,-1,0.6,0.6,0.4,0.1,0.000223,0.430612
-1,2,1,-1,-1,0.65,0.65,0.4,0.1,0.000271,0.414286
-1,2,1,-1,-1,0.7,0.7,0.4,0.1,0.000319,0.406122
-1,2,1,-1,-1,0.75,0.75,0.4,0.1,0.000399,0.393878
-1,2,1,-1,-1,0.8,0.8,0.4,0.1,0.000494,0.385714
-1,2,1,-1,-1,0.85,0.85,0.4,0.1,0.000638,0.381633
-1,2,1,-1,-1,0.9,0.9,0.4,0.1,0.000845,0.365306
-1,2,1,-1,-1,0.95,0.95,0.4,0.1,0.001371,0.361225
-1,2,1,-1,-1,1.0,1.0,0.4,0.1,0.008929,0.357143
-1,2,1,-1,-1,0.05,0.05,0.45,0.1,1.6e-05,0.814693
-1,2,1,-1,-1,0.1,0.1,0.45,0.1,3.2e-05,0.7625
-1,2,1,-1,-1,0.15,0.15,0.45,0.1,3.2e-05,0.696071
-1,2,1,-1,-1,0.2,0.2,0.45,0.1,3.2e-05,0.624898
-1,2,1,-1,-1,0.25,0.25,0.45,0.1,4.8e-05,0.572704
-1,2,1,-1,-1,0.3,0.3,0.45,0.1,6.4e-05,0.553724
-1,2,1,-1,-1,0.35,0.35,0.45,0.1,6.4e-05,0.52051
-1,2,1,-1,-1,0.4,0.4,0.45,0.1,9.6e-05,0.458827
-1,2,1,-1,-1,0.45,0.45,0.45,0.1,9.6e-05,0.425612
-1,2,1,-1,-1,0.5,0.5,0.45,0.1,0.000112,0.382908
-1,2,1,-1,-1,0.55,0.55,0.45,0.1,0.000159,0.354439
-1,2,1,-1,-1,0.6,0.6,0.45,0.1,0.000223,0.349694
-1,2,1,-1,-1,0.65,0.65,0.45,0.1,0.000271,0.330715
-1,2,1,-1,-1,0.7,0.7,0.45,0.1,0.000319,0.321225
-1,2,1,-1,-1,0.75,0.75,0.45,0.1,0.000399,0.30699
-1,2,1,-1,-1,0.8,0.8,0.45,0.1,0.000494,0.2975
-1,2,1,-1,-1,0.85,0.85,0.45,0.1,0.000638,0.292755
-1,2,1,-1,-1,0.9,0.9,0.45,0.1,0.000845,0.273776
-1,2,1,-1,-1,0.95,0.95,0.45,0.1,0.001371,0.269031
-1,2,1,-1,-1,1.0,1.0,0.45,0.1,0.008929,0.264286
-1,2,1,-1,-1,0.05,0.05,0.5,0.1,2.9e-05,0.809795
-1,2,1,-1,-1,0.1,0.1,0.5,0.1,5.7e-05,0.755357
-1,2,1,-1,-1,0.15,0.15,0.5,0.1,5.7e-05,0.686071
-1,2,1,-1,-1,0.2,0.2,0.5,0.1,5.7e-05,0.611836
-1,2,1,-1,-1,0.25,0.25,0.5,0.1,8.6e-05,0.557398
-1,2,1,-1,-1,0.3,0.3,0.5,0.1,0.000115,0.537601
-1,2,1,-1,-1,0.35,0.35,0.5,0.1,0.000115,0.502959
-1,2,1,-1,-1,0.4,0.4,0.5,0.1,0.000172,0.438622
-1,2,1,-1,-1,0.45,0.45,0.5,0.1,0.000172,0.403979
-1,2,1,-1,-1,0.5,0.5,0.5,0.1,0.000201,0.359438
-1,2,1,-1,-1,0.55,0.55,0.5,0.1,0.000287,0.329744
-1,2,1,-1,-1,0.6,0.6,0.5,0.1,0.000402,0.324795
-1,2,1,-1,-1,0.65,0.65,0.5,0.1,0.000488,0.305
-1,2,1,-1,-1,0.7,0.7,0.5,0.1,0.000574,0.295102
-1,2,1,-1,-1,0.75,0.75,0.5,0.1,0.000717,0.280255
-1,2,1,-1,-1,0.8,0.8,0.5,0.1,0.00089,0.270357
-1,2,1,-1,-1,0.85,0.85,0.5,0.1,0.001148,0.265408
-1,2,1,-1,-1,0.9,0.9,0.5,0.1,0.001521,0.245612
-1,2,1,-1,-1,0.95,0.95,0.5,0.1,0.002468,0.240663
-1,2,1,-1,-1,1.0,1.0,0.5,0.1,0.016071,0.235714
-1,2,1,-1,-1,0.05,0.05,0.55,0.1,3.8e-05,0.79755
-1,2,1,-1,-1,0.1,0.1,0.55,0.1,7.7e-05,0.7375
-1,2,1,-1,-1,0.15,0.15,0.55,0.1,7.7e-05,0.661071
-1,2,1,-1,-1,0.2,0.2,0.55,0.1,7.7e-05,0.579183
-1,2,1,-1,-1,0.25,0.25,0.55,0.1,0.000115,0.519133
-1,2,1,-1,-1,0.3,0.3,0.55,0.1,0.000153,0.497296
-1,2,1,-1,-1,0.35,0.35,0.55,0.1,0.000153,0.459081
-1,2,1,-1,-1,0.4,0.4,0.55,0.1,0.00023,0.388112
-1,2,1,-1,-1,0.45,0.45,0.55,0.1,0.00023,0.349898
-1,2,1,-1,-1,0.5,0.5,0.55,0.1,0.000268,0.300765
-1,2,1,-1,-1,0.55,0.55,0.55,0.1,0.000383,0.26801
-1,2,1,-1,-1,0.6,0.6,0.55,0.1,0.000536,0.262551
-1,2,1,-1,-1,0.65,0.65,0.55,0.1,0.000651,0.240714
-1,2,1,-1,-1,0.7,0.7,0.55,0.1,0.000765,0.229796
-1,2,1,-1,-1,0.75,0.75,0.55,0.1,0.000957,0.213419
-1,2,1,-1,-1,0.8,0.8,0.55,0.1,0.001186,0.2025
-1,2,1,-1,-1,0.85,0.85,0.55,0.1,0.001531,0.197041
-1,2,1,-1,-1,0.9,0.9,0.55,0.1,0.002028,0.175205
-1,2,1,-1,-1,0.95,0.95,0.55,0.1,0.003291,0.169745
-1,2,1,-1,-1,1.0,1.0,0.55,0.1,0.021429,0.164286
-1,2,1,-1,-1,0.05,0.05,0.6,0.1,5.1e-05,0.788979
-1,2,1,-1,-1,0.1,0.1,0.6,0.1,0.000102,0.725
-1,2,1,-1,-1,0.15,0.15,0.6,0.1,0.000102,0.643571
-1,2,1,-1,-1,0.2,0.2,0.6,0.1,0.000102,0.556326
-1,2,1,-1,-1,0.25,0.25,0.6,0.1,0.000153,0.492347
-1,2,1,-1,-1,0.3,0.3,0.6,0.1,0.000204,0.469081
-1,2,1,-1,-1,0.35,0.35,0.6,0.1,0.000204,0.428367
-1,2,1,-1,-1,0.4,0.4,0.6,0.1,0.000306,0.352755
-1,2,1,-1,-1,0.45,0.45,0.6,0.1,0.000306,0.312041
-1,2,1,-1,-1,0.5,0.5,0.6,0.1,0.000357,0.259694
-1,2,1,-1,-1,0.55,0.55,0.6,0.1,0.00051,0.224796
-1,2,1,-1,-1,0.6,0.6,0.6,0.1,0.000714,0.218979
-1,2,1,-1,-1,0.65,0.65,0.6,0.1,0.000867,0.195715
-1,2,1,-1,-1,0.7,0.7,0.6,0.1,0.00102,0.184082
-1,2,1,-1,-1,0.75,0.75,0.6,0.1,0.001275,0.166633
-1,2,1,-1,-1,0.8,0.8,0.6,0.1,0.001582,0.155
-1,2,1,-1,-1,0.85,0.85,0.6,0.1,0.002041,0.149184
-1,2,1,-1,-1,0.9,0.9,0.6,0.1,0.002704,0.125919
-1,2,1,-1,-1,0.95,0.95,0.6,0.1,0.004388,0.120102
-1,2,1,-1,-1,1.0,1.0,0.6,0.1,0.028571,0.114286
-1,2,1,-1,-1,0.05,0.05,0.65,0.1,7.3e-05,0.784081
-1,2,1,-1,-1,0.1,0.1,0.65,0.1,0.000147,0.717857
-1,2,1,-1,-1,0.15,0.15,0.65,0.1,0.000147,0.633571
-1,2,1,-1,-1,0.2,0.2,0.65,0.1,0.000147,0.543265
-1,2,1,-1,-1,0.25,0.25,0.65,0.1,0.00022,0.477041
-1,2,1,-1,-1,0.3,0.3,0.65,0.1,0.000293,0.452959
-1,2,1,-1,-1,0.35,0.35,0.65,0.1,0.000293,0.410816
-1,2,1,-1,-1,0.4,0.4,0.65,0.1,0.00044,0.332551
-1,2,1,-1,-1,0.45,0.45,0.65,0.1,0.00044,0.290408
-1,2,1,-1,-1,0.5,0.5,0.65,0.1,0.000513,0.236224
-1,2,1,-1,-1,0.55,0.55,0.65,0.1,0.000733,0.200101
-1,2,1,-1,-1,0.6,0.6,0.65,0.1,0.001027,0.194081
-1,2,1,-1,-1,0.65,0.65,0.65,0.1,0.001247,0.17
-1,2,1,-1,-1,0.7,0.7,0.65,0.1,0.001467,0.157959
-1,2,1,-1,-1,0.75,0.75,0.65,0.1,0.001834,0.139898
-1,2,1,-1,-1,0.8,0.8,0.65,0.1,0.002274,0.127857
-1,2,1,-1,-1,0.85,0.85,0.65,0.1,0.002934,0.121836
-1,2,1,-1,-1,0.9,0.9,0.65,0.1,0.003887,0.097755
-1,2,1,-1,-1,0.95,0.95,0.65,0.1,0.006307,0.091735
-1,2,1,-1,-1,1.0,1.0,0.65,0.1,0.041071,0.085714
-1,2,1,-1,-1,0.05,0.05,0.7,0.1,0.000102,0.781632
-1,2,1,-1,-1,0.1,0.1,0.7,0.1,0.000204,0.714286
-1,2,1,-1,-1,0.15,0.15,0.7,0.1,0.000204,0.628571
-1,2,1,-1,-1,0.2,0.2,0.7,0.1,0.000204,0.536735
-1,2,1,-1,-1,0.25,0.25,0.7,0.1,0.000306,0.469388
-1,2,1,-1,-1,0.3,0.3,0.7,0.1,0.000408,0.444898
-1,2,1,-1,-1,0.35,0.35,0.7,0.1,0.000408,0.402041
-1,2,1,-1,-1,0.4,0.4,0.7,0.1,0.000612,0.322449
-1,2,1,-1,-1,0.45,0.45,0.7,0.1,0.000612,0.279592
-1,2,1,-1,-1,0.5,0.5,0.7,0.1,0.000714,0.22449
-1,2,1,-1,-1,0.55,0.55,0.7,0.1,0.00102,0.187755
-1,2,1,-1,-1,0.6,0.6,0.7,0.1,0.001429,0.181633
-1,2,1,-1,-1,0.65,0.65,0.7,0.1,0.001735,0.157143
-1,2,1,-1,-1,0.7,0.7,0.7,0.1,0.002041,0.144898
-1,2,1,-1,-1,0.75,0.75,0.7,0.1,0.002551,0.126531
-1,2,1,-1,-1,0.8,0.8,0.7,0.1,0.003163,0.114286
-1,2,1,-1,-1,0.85,0.85,0.7,0.1,0.004082,0.108164
-1,2,1,-1,-1,0.9,0.9,0.7,0.1,0.005408,0.083674
-1,2,1,-1,-1,0.95,0.95,0.7,0.1,0.008776,0.077552
-1,2,1,-1,-1,1.0,1.0,0.7,0.1,0.057143,0.071429
-1,2,1,-1,-1,0.05,0.05,0.75,0.1,0.000147,0.774285
-1,2,1,-1,-1,0.1,0.1,0.75,0.1,0.000293,0.703571
-1,2,1,-1,-1,0.15,0.15,0.75,0.1,0.000293,0.613571
-1,2,1,-1,-1,0.2,0.2,0.75,0.1,0.000293,0.517142
-1,2,1,-1,-1,0.25,0.25,0.75,0.1,0.00044,0.446428
-1,2,1,-1,-1,0.3,0.3,0.75,0.1,0.000587,0.420714
-1,2,1,-1,-1,0.35,0.35,0.75,0.1,0.000587,0.375714
-1,2,1,-1,-1,0.4,0.4,0.75,0.1,0.00088,0.292142
-1,2,1,-1,-1,0.45,0.45,0.75,0.1,0.00088,0.247142
-1,2,1,-1,-1,0.5,0.5,0.75,0.1,0.001027,0.189285
-1,2,1,-1,-1,0.55,0.55,0.75,0.1,0.001467,0.150714
-1,2,1,-1,-1,0.6,0.6,0.75,0.1,0.002054,0.144285
-1,2,1,-1,-1,0.65,0.65,0.75,0.1,0.002494,0.118571
-1,2,1,-1,-1,0.7,0.7,0.75,0.1,0.002934,0.105714
-1,2,1,-1,-1,0.75,0.75,0.75,0.1,0.003667,0.086428
-1,2,1,-1,-1,0.8,0.8,0.75,0.1,0.004547,0.073571
-1,2,1,-1,-1,0.85,0.85,0.75,0.1,0.005867,0.067142
-1,2,1,-1,-1,0.9,0.9,0.75,0.1,0.007774,0.041428
-1,2,1,-1,-1,0.95,0.95,0.75,0.1,0.012615,0.035
-1,2,1,-1,-1,1.0,1.0,0.75,0.1,0.082143,0.028571
-1,2,1,-1,-1,0.05,0.05,0.8,0.1,0.000239,0.773061
-1,2,1,-1,-1,0.1,0.1,0.8,0.1,0.000478,0.701786
-1,2,1,-1,-1,0.15,0.15,0.8,0.1,0.000478,0.611071
-1,2,1,-1,-1,0.2,0.2,0.8,0.1,0.000478,0.513877
-1,2,1,-1,-1,0.25,0.25,0.8,0.1,0.000717,0.442602
-1,2,1,-1,-1,0.3,0.3,0.8,0.1,0.000957,0.416683
-1,2,1,-1,-1,0.35,0.35,0.8,0.1,0.000957,0.371326
-1,2,1,-1,-1,0.4,0.4,0.8,0.1,0.001435,0.287092
-1,2,1,-1,-1,0.45,0.45,0.8,0.1,0.001435,0.241735
-1,2,1,-1,-1,0.5,0.5,0.8,0.1,0.001674,0.183418
-1,2,1,-1,-1,0.55,0.55,0.8,0.1,0.002392,0.144541
-1,2,1,-1,-1,0.6,0.6,0.8,0.1,0.003348,0.138061
-1,2,1,-1,-1,0.65,0.65,0.8,0.1,0.004066,0.112143
-1,2,1,-1,-1,0.7,0.7,0.8,0.1,0.004783,0.099184
-1,2,1,-1,-1,0.75,0.75,0.8,0.1,0.005979,0.079746
-1,2,1,-1,-1,0.8,0.8,0.8,0.1,0.007414,0.066786
-1,2,1,-1,-1,0.85,0.85,0.8,0.1,0.009566,0.060306
-1,2,1,-1,-1,0.9,0.9,0.8,0.1,0.012675,0.034388
-1,2,1,-1,-1,0.95,0.95,0.8,0.1,0.020568,0.027909
-1,2,1,-1,-1,1.0,1.0,0.8,0.1,0.133929,0.021429
-1,2,1,-1,-1,0.05,0.05,0.85,0.1,0.000322,0.770612
-1,2,1,-1,-1,0.1,0.1,0.85,0.1,0.000644,0.698214
-1,2,1,-1,-1,0.15,0.15,0.85,0.1,0.000644,0.606071
-1,2,1,-1,-1,0.2,0.2,0.85,0.1,0.000644,0.507347
-1,2,1,-1,-1,0.25,0.25,0.85,0.1,0.000966,0.434949
-1,2,1,-1,-1,0.3,0.3,0.85,0.1,0.001288,0.408622
-1,2,1,-1,-1,0.35,0.35,0.85,0.1,0.001288,0.362551
-1,2,1,-1,-1,0.4,0.4,0.85,0.1,0.001932,0.27699
-1,2,1,-1,-1,0.45,0.45,0.85,0.1,0.001932,0.230918
-1,2,1,-1,-1,0.5,0.5,0.85,0.1,0.002254,0.171683
-1,2,1,-1,-1,0.55,0.55,0.85,0.1,0.003221,0.132194
-1,2,1,-1,-1,0.6,0.6,0.85,0.1,0.004509,0.125612
-1,2,1,-1,-1,0.65,0.65,0.85,0.1,0.005475,0.099286
-1,2,1,-1,-1,0.7,0.7,0.85,0.1,0.006441,0.086122
-1,2,1,-1,-1,0.75,0.75,0.85,0.1,0.008052,0.066378
-1,2,1,-1,-1,0.8,0.8,0.85,0.1,0.009984,0.053214
-1,2,1,-1,-1,0.85,0.85,0.85,0.1,0.012883,0.046633
-1,2,1,-1,-1,0.9,0.9,0.85,0.1,0.01707,0.020307
-1,2,1,-1,-1,0.95,0.95,0.85,0.1,0.027698,0.013725
-1,2,1,-1,-1,1.0,1.0,0.85,0.1,0.180357,0.007143
-1,2,1,-1,-1,0.05,0.05,0.9,0.1,0.000456,0.770612
-1,2,1,-1,-1,0.1,0.1,0.9,0.1,0.000912,0.698214
-1,2,1,-1,-1,0.15,0.15,0.9,0.1,0.000912,0.606071
-1,2,1,-1,-1,0.2,0.2,0.9,0.1,0.000912,0.507347
-1,2,1,-1,-1,0.25,0.25,0.9,0.1,0.001368,0.434949
-1,2,1,-1,-1,0.3,0.3,0.9,0.1,0.001824,0.408622
-1,2,1,-1,-1,0.35,0.35,0.9,0.1,0.001824,0.362551
-1,2,1,-1,-1,0.4,0.4,0.9,0.1,0.002736,0.27699
-1,2,1,-1,-1,0.45,0.45,0.9,0.1,0.002736,0.230918
-1,2,1,-1,-1,0.5,0.5,0.9,0.1,0.003192,0.171683
-1,2,1,-1,-1,0.55,0.55,0.9,0.1,0.00456,0.132194
-1,2,1,-1,-1,0.6,0.6,0.9,0.1,0.006384,0.125612
-1,2,1,-1,-1,0.65,0.65,0.9,0.1,0.007752,0.099286
-1,2,1,-1,-1,0.7,0.7,0.9,0.1,0.00912,0.086122
-1,2,1,-1,-1,0.75,0.75,0.9,0.1,0.0114,0.066378
-1,2,1,-1,-1,0.8,0.8,0.9,0.1,0.014136,0.053214
-1,2,1,-1,-1,0.85,0.85,0.9,0.1,0.01824,0.046633
-1,2,1,-1,-1,0.9,0.9,0.9,0.1,0.024168,0.020307
-1,2,1,-1,-1,0.95,0.95,0.9,0.1,0.039215,0.013725
-1,2,1,-1,-1,1.0,1.0,0.9,0.1,0.255357,0.007143
-1,2,1,-1,-1,0.05,0.05,0.95,0.1,0.000683,0.769387
-1,2,1,-1,-1,0.1,0.1,0.95,0.1,0.001365,0.696428
-1,2,1,-1,-1,0.15,0.15,0.95,0.1,0.001365,0.603571
-1,2,1,-1,-1,0.2,0.2,0.95,0.1,0.001365,0.504081
-1,2,1,-1,-1,0.25,0.25,0.95,0.1,0.002047,0.431123
-1,2,1,-1,-1,0.3,0.3,0.95,0.1,0.00273,0.404591
-1,2,1,-1,-1,0.35,0.35,0.95,0.1,0.00273,0.358163
-1,2,1,-1,-1,0.4,0.4,0.95,0.1,0.004094,0.271939
-1,2,1,-1,-1,0.45,0.45,0.95,0.1,0.004094,0.22551
-1,2,1,-1,-1,0.5,0.5,0.95,0.1,0.004777,0.165816
-1,2,1,-1,-1,0.55,0.55,0.95,0.1,0.006824,0.12602
-1,2,1,-1,-1,0.6,0.6,0.95,0.1,0.009554,0.119387
-1,2,1,-1,-1,0.65,0.65,0.95,0.1,0.011601,0.092857
-1,2,1,-1,-1,0.7,0.7,0.95,0.1,0.013648,0.079592
-1,2,1,-1,-1,0.75,0.75,0.95,0.1,0.01706,0.059694
-1,2,1,-1,-1,0.8,0.8,0.95,0.1,0.021154,0.046429
-1,2,1,-1,-1,0.85,0.85,0.95,0.1,0.027296,0.039796
-1,2,1,-1,-1,0.9,0.9,0.95,0.1,0.036167,0.013266
-1,2,1,-1,-1,0.95,0.95,0.95,0.1,0.058686,0.006633
-1,2,1,-1,-1,1.0,1.0,0.95,0.1,0.382143,0.0
-1,2,1,-1,-1,0.05,0.05,1.0,0.1,0.001786,0.769387
-1,2,1,-1,-1,0.1,0.1,1.0,0.1,0.003571,0.696428
-1,2,1,-1,-1,0.15,0.15,1.0,0.1,0.003571,0.603571
-1,2,1,-1,-1,0.2,0.2,1.0,0.1,0.003571,0.504081
-1,2,1,-1,-1,0.25,0.25,1.0,0.1,0.005357,0.431123
-1,2,1,-1,-1,0.3,0.3,1.0,0.1,0.007143,0.404591
-1,2,1,-1,-1,0.35,0.35,1.0,0.1,0.007143,0.358163
-1,2,1,-1,-1,0.4,0.4,1.0,0.1,0.010714,0.271939
-1,2,1,-1,-1,0.45,0.45,1.0,0.1,0.010714,0.22551
-1,2,1,-1,-1,0.5,0.5,1.0,0.1,0.0125,0.165816
-1,2,1,-1,-1,0.55,0.55,1.0,0.1,0.017857,0.12602
-1,2,1,-1,-1,0.6,0.6,1.0,0.1,0.025,0.119387
-1,2,1,-1,-1,0.65,0.65,1.0,0.1,0.030357,0.092857
-1,2,1,-1,-1,0.7,0.7,1.0,0.1,0.035714,0.079592
-1,2,1,-1,-1,0.75,0.75,1.0,0.1,0.044643,0.059694
-1,2,1,-1,-1,0.8,0.8,1.0,0.1,0.055357,0.046429
-1,2,1,-1,-1,0.85,0.85,1.0,0.1,0.071429,0.039796
-1,2,1,-1,-1,0.9,0.9,1.0,0.1,0.094643,0.013266
-1,2,1,-1,-1,0.95,0.95,1.0,0.1,0.153571,0.006633
-1,2,1,-1,-1,1.0,1.0,1.0,0.1,1.0,0.0
-1,2,1,-1,-1,0.05,0.05,0.15,0.15,0.0,0.821429
-1,2,1,-1,-1,0.1,0.1,0.15,0.15,0.0,0.821429
-1,2,1,-1,-1,0.15,0.15,0.15,0.15,0.0,0.821429
-1,2,1,-1,-1,0.2,0.2,0.15,0.15,0.0,0.821429
-1,2,1,-1,-1,0.25,0.25,0.15,0.15,0.0,0.821429
-1,2,1,-1,-1,0.3,0.3,0.15,0.15,0.0,0.821429
-1,2,1,-1,-1,0.35,0.35,0.15,0.15,0.0,0.821429
-1,2,1,-1,-1,0.4,0.4,0.15,0.15,0.0,0.821429
-1,2,1,-1,-1,0.45,0.45,0.15,0.15,0.0,0.821429
-1,2,1,-1,-1,0.5,0.5,0.15,0.15,0.0,0.821429
-1,2,1,-1,-1,0.55,0.55,0.15,0.15,0.0,0.821429
-1,2,1,-1,-1,0.6,0.6,0.15,0.15,0.0,0.821429
-1,2,1,-1,-1,0.65,0.65,0.15,0.15,0.0,0.821429
-1,2,1,-1,-1,0.7,0.7,0.15,0.15,0.0,0.821429
-1,2,1,-1,-1,0.75,0.75,0.15,0.15,0.0,0.821429
-1,2,1,-1,-1,0.8,0.8,0.15,0.15,0.0,0.821429
-1,2,1,-1,-1,0.85,0.85,0.15,0.15,0.0,0.821429
-1,2,1,-1,-1,0.9,0.9,0.15,0.15,0.0,0.821429
-1,2,1,-1,-1,0.95,0.95,0.15,0.15,0.0,0.821429
-1,2,1,-1,-1,1.0,1.0,0.15,0.15,0.0,0.821429
-1,2,1,-1,-1,0.05,0.05,0.2,0.15,0.0,0.807959
-1,2,1,-1,-1,0.1,0.1,0.2,0.15,0.0,0.801786
-1,2,1,-1,-1,0.15,0.15,0.2,0.15,0.0,0.793929
-1,2,1,-1,-1,0.2,0.2,0.2,0.15,0.0,0.78551
-1,2,1,-1,-1,0.25,0.25,0.2,0.15,0.0,0.779337
-1,2,1,-1,-1,0.3,0.3,0.2,0.15,0.0,0.777092
-1,2,1,-1,-1,0.35,0.35,0.2,0.15,0.0,0.773163
-1,2,1,-1,-1,0.4,0.4,0.2,0.15,0.0,0.765867
-1,2,1,-1,-1,0.45,0.45,0.2,0.15,0.0,0.761939
-1,2,1,-1,-1,0.5,0.5,0.2,0.15,0.0,0.756888
-1,2,1,-1,-1,0.55,0.55,0.2,0.15,0.0,0.75352
-1,2,1,-1,-1,0.6,0.6,0.2,0.15,0.0,0.752959
-1,2,1,-1,-1,0.65,0.65,0.2,0.15,0.0,0.750714
-1,2,1,-1,-1,0.7,0.7,0.2,0.15,0.0,0.749592
-1,2,1,-1,-1,0.75,0.75,0.2,0.15,0.0,0.747908
-1,2,1,-1,-1,0.8,0.8,0.2,0.15,0.0,0.746786
-1,2,1,-1,-1,0.85,0.85,0.2,0.15,0.0,0.746224
-1,2,1,-1,-1,0.9,0.9,0.2,0.15,0.0,0.743979
-1,2,1,-1,-1,0.95,0.95,0.2,0.15,0.0,0.743418
-1,2,1,-1,-1,1.0,1.0,0.2,0.15,0.0,0.742857
-1,2,1,-1,-1,0.05,0.05,0.25,0.15,6e-06,0.785919
-1,2,1,-1,-1,0.1,0.1,0.25,0.15,1.3e-05,0.769643
-1,2,1,-1,-1,0.15,0.15,0.25,0.15,1.3e-05,0.748929
-1,2,1,-1,-1,0.2,0.2,0.25,0.15,1.3e-05,0.726735
-1,2,1,-1,-1,0.25,0.25,0.25,0.15,1.9e-05,0.71046
-1,2,1,-1,-1,0.3,0.3,0.25,0.15,2.6e-05,0.704541
-1,2,1,-1,-1,0.35,0.35,0.25,0.15,2.6e-05,0.694184
-1,2,1,-1,-1,0.4,0.4,0.25,0.15,3.8e-05,0.674949
-1,2,1,-1,-1,0.45,0.45,0.25,0.15,3.8e-05,0.664592
-1,2,1,-1,-1,0.5,0.5,0.25,0.15,4.5e-05,0.651276
-1,2,1,-1,-1,0.55,0.55,0.25,0.15,6.4e-05,0.642398
-1,2,1,-1,-1,0.6,0.6,0.25,0.15,8.9e-05,0.640919
-1,2,1,-1,-1,0.65,0.65,0.25,0.15,0.000108,0.635
-1,2,1,-1,-1,0.7,0.7,0.25,0.15,0.000128,0.632041
-1,2,1,-1,-1,0.75,0.75,0.25,0.15,0.000159,0.627602
-1,2,1,-1,-1,0.8,0.8,0.25,0.15,0.000198,0.624643
-1,2,1,-1,-1,0.85,0.85,0.25,0.15,0.000255,0.623164
-1,2,1,-1,-1,0.9,0.9,0.25,0.15,0.000338,0.617245
-1,2,1,-1,-1,0.95,0.95,0.25,0.15,0.000548,0.615766
-1,2,1,-1,-1,1.0,1.0,0.25,0.15,0.003571,0.614286
-1,2,1,-1,-1,0.05,0.05,0.3,0.15,1.3e-05,0.772449
-1,2,1,-1,-1,0.1,0.1,0.3,0.15,2.6e-05,0.75
-1,2,1,-1,-1,0.15,0.15,0.3,0.15,2.6e-05,0.721429
-1,2,1,-1,-1,0.2,0.2,0.3,0.15,2.6e-05,0.690816
-1,2,1,-1,-1,0.25,0.25,0.3,0.15,3.8e-05,0.668367
-1,2,1,-1,-1,0.3,0.3,0.3,0.15,5.1e-05,0.660204
-1,2,1,-1,-1,0.35,0.35,0.3,0.15,5.1e-05,0.645918
-1,2,1,-1,-1,0.4,0.4,0.3,0.15,7.7e-05,0.619388
-1,2,1,-1,-1,0.45,0.45,0.3,0.15,7.7e-05,0.605102
-1,2,1,-1,-1,0.5,0.5,0.3,0.15,8.9e-05,0.586734
-1,2,1,-1,-1,0.55,0.55,0.3,0.15,0.000128,0.57449
-1,2,1,-1,-1,0.6,0.6,0.3,0.15,0.000179,0.572449
-1,2,1,-1,-1,0.65,0.65,0.3,0.15,0.000217,0.564285
-1,2,1,-1,-1,0.7,0.7,0.3,0.15,0.000255,0.560204
-1,2,1,-1,-1,0.75,0.75,0.3,0.15,0.000319,0.554081
-1,2,1,-1,-1,0.8,0.8,0.3,0.15,0.000395,0.55
-1,2,1,-1,-1,0.85,0.85,0.3,0.15,0.00051,0.547959
-1,2,1,-1,-1,0.9,0.9,0.3,0.15,0.000676,0.539796
-1,2,1,-1,-1,0.95,0.95,0.3,0.15,0.001097,0.537755
-1,2,1,-1,-1,1.0,1.0,0.3,0.15,0.007143,0.535714
-1,2,1,-1,-1,0.05,0.05,0.35,0.15,1.6e-05,0.755306
-1,2,1,-1,-1,0.1,0.1,0.35,0.15,3.2e-05,0.725
-1,2,1,-1,-1,0.15,0.15,0.35,0.15,3.2e-05,0.686429
-1,2,1,-1,-1,0.2,0.2,0.35,0.15,3.2e-05,0.645102
-1,2,1,-1,-1,0.25,0.25,0.35,0.15,4.8e-05,0.614796
-1,2,1,-1,-1,0.3,0.3,0.35,0.15,6.4e-05,0.603775
-1,2,1,-1,-1,0.35,0.35,0.35,0.15,6.4e-05,0.58449
-1,2,1,-1,-1,0.4,0.4,0.35,0.15,9.6e-05,0.548673
-1,2,1,-1,-1,0.45,0.45,0.35,0.15,9.6e-05,0.529388
-1,2,1,-1,-1,0.5,0.5,0.35,0.15,0.000112,0.504592
-1,2,1,-1,-1,0.55,0.55,0.35,0.15,0.000159,0.488061
-1,2,1,-1,-1,0.6,0.6,0.35,0.15,0.000223,0.485306
-1,2,1,-1,-1,0.65,0.65,0.35,0.15,0.000271,0.474285
-1,2,1,-1,-1,0.7,0.7,0.35,0.15,0.000319,0.468775
-1,2,1,-1,-1,0.75,0.75,0.35,0.15,0.000399,0.46051
-1,2,1,-1,-1,0.8,0.8,0.35,0.15,0.000494,0.455
-1,2,1,-1,-1,0.85,0.85,0.35,0.15,0.000638,0.452245
-1,2,1,-1,-1,0.9,0.9,0.35,0.15,0.000845,0.441224
-1,2,1,-1,-1,0.95,0.95,0.35,0.15,0.001371,0.438469
-1,2,1,-1,-1,1.0,1.0,0.35,0.15,0.008929,0.435714
-1,2,1,-1,-1,0.05,0.05,0.4,0.15,1.6e-05,0.741837
-1,2,1,-1,-1,0.1,0.1,0.4,0.15,3.2e-05,0.705357
-1,2,1,-1,-1,0.15,0.15,0.4,0.15,3.2e-05,0.658929
-1,2,1,-1,-1,0.2,0.2,0.4,0.15,3.2e-05,0.609184
-1,2,1,-1,-1,0.25,0.25,0.4,0.15,4.8e-05,0.572704
-1,2,1,-1,-1,0.3,0.3,0.4,0.15,6.4e-05,0.559439
-1,2,1,-1,-1,0.35,0.35,0.4,0.15,6.4e-05,0.536225
-1,2,1,-1,-1,0.4,0.4,0.4,0.15,9.6e-05,0.493112
-1,2,1,-1,-1,0.45,0.45,0.4,0.15,9.6e-05,0.469898
-1,2,1,-1,-1,0.5,0.5,0.4,0.15,0.000112,0.440051
-1,2,1,-1,-1,0.55,0.55,0.4,0.15,0.000159,0.420153
-1,2,1,-1,-1,0.6,0.6,0.4,0.15,0.000223,0.416837
-1,2,1,-1,-1,0.65,0.65,0.4,0.15,0.000271,0.403572
-1,2,1,-1,-1,0.7,0.7,0.4,0.15,0.000319,0.396939
-1,2,1,-1,-1,0.75,0.75,0.4,0.15,0.000399,0.38699
-1,2,1,-1,-1,0.8,0.8,0.4,0.15,0.000494,0.380357
-1,2,1,-1,-1,0.85,0.85,0.4,0.15,0.000638,0.377041
-1,2,1,-1,-1,0.9,0.9,0.4,0.15,0.000845,0.363776
-1,2,1,-1,-1,0.95,0.95,0.4,0.15,0.001371,0.360459
-1,2,1,-1,-1,1.0,1.0,0.4,0.15,0.008929,0.357143
-1,2,1,-1,-1,0.05,0.05,0.45,0.15,1.6e-05,0.725919
-1,2,1,-1,-1,0.1,0.1,0.45,0.15,3.2e-05,0.682143
-1,2,1,-1,-1,0.15,0.15,0.45,0.15,3.2e-05,0.626429
-1,2,1,-1,-1,0.2,0.2,0.45,0.15,3.2e-05,0.566735
-1,2,1,-1,-1,0.25,0.25,0.45,0.15,4.8e-05,0.52296
-1,2,1,-1,-1,0.3,0.3,0.45,0.15,6.4e-05,0.507041
-1,2,1,-1,-1,0.35,0.35,0.45,0.15,6.4e-05,0.479184
-1,2,1,-1,-1,0.4,0.4,0.45,0.15,9.6e-05,0.427449
-1,2,1,-1,-1,0.45,0.45,0.45,0.15,9.6e-05,0.399592
-1,2,1,-1,-1,0.5,0.5,0.45,0.15,0.000112,0.363776
-1,2,1,-1,-1,0.55,0.55,0.45,0.15,0.000159,0.339898
-1,2,1,-1,-1,0.6,0.6,0.45,0.15,0.000223,0.335918
-1,2,1,-1,-1,0.65,0.65,0.45,0.15,0.000271,0.32
-1,2,1,-1,-1,0.7,0.7,0.45,0.15,0.000319,0.312041
-1,2,1,-1,-1,0.75,0.75,0.45,0.15,0.000399,0.300102
-1,2,1,-1,-1,0.8,0.8,0.45,0.15,0.000494,0.292143
-1,2,1,-1,-1,0.85,0.85,0.45,0.15,0.000638,0.288163
-1,2,1,-1,-1,0.9,0.9,0.45,0.15,0.000845,0.272245
-1,2,1,-1,-1,0.95,0.95,0.45,0.15,0.001371,0.268266
-1,2,1,-1,-1,1.0,1.0,0.45,0.15,0.008929,0.264286
-1,2,1,-1,-1,0.05,0.05,0.5,0.15,2.9e-05,0.72102
-1,2,1,-1,-1,0.1,0.1,0.5,0.15,5.7e-05,0.675
-1,2,1,-1,-1,0.15,0.15,0.5,0.15,5.7e-05,0.616429
-1,2,1,-1,-1,0.2,0.2,0.5,0.15,5.7e-05,0.553673
-1,2,1,-1,-1,0.25,0.25,0.5,0.15,8.6e-05,0.507653
-1,2,1,-1,-1,0.3,0.3,0.5,0.15,0.000115,0.490918
-1,2,1,-1,-1,0.35,0.35,0.5,0.15,0.000115,0.461632
-1,2,1,-1,-1,0.4,0.4,0.5,0.15,0.000172,0.407245
-1,2,1,-1,-1,0.45,0.45,0.5,0.15,0.000172,0.377959
-1,2,1,-1,-1,0.5,0.5,0.5,0.15,0.000201,0.340306
-1,2,1,-1,-1,0.55,0.55,0.5,0.15,0.000287,0.315204
-1,2,1,-1,-1,0.6,0.6,0.5,0.15,0.000402,0.31102
-1,2,1,-1,-1,0.65,0.65,0.5,0.15,0.000488,0.294285
-1,2,1,-1,-1,0.7,0.7,0.5,0.15,0.000574,0.285918
-1,2,1,-1,-1,0.75,0.75,0.5,0.15,0.000717,0.273367
-1,2,1,-1,-1,0.8,0.8,0.5,0.15,0.00089,0.265
-1,2,1,-1,-1,0.85,0.85,0.5,0.15,0.001148,0.260816
-1,2,1,-1,-1,0.9,0.9,0.5,0.15,0.001521,0.244082
-1,2,1,-1,-1,0.95,0.95,0.5,0.15,0.002468,0.239898
-1,2,1,-1,-1,1.0,1.0,0.5,0.15,0.016071,0.235714
-1,2,1,-1,-1,0.05,0.05,0.55,0.15,3.8e-05,0.708776
-1,2,1,-1,-1,0.1,0.1,0.55,0.15,7.7e-05,0.657143
-1,2,1,-1,-1,0.15,0.15,0.55,0.15,7.7e-05,0.591429
-1,2,1,-1,-1,0.2,0.2,0.55,0.15,7.7e-05,0.521021
-1,2,1,-1,-1,0.25,0.25,0.55,0.15,0.000115,0.469388
-1,2,1,-1,-1,0.3,0.3,0.55,0.15,0.000153,0.450612
-1,2,1,-1,-1,0.35,0.35,0.55,0.15,0.000153,0.417755
-1,2,1,-1,-1,0.4,0.4,0.55,0.15,0.00023,0.356735
-1,2,1,-1,-1,0.45,0.45,0.55,0.15,0.00023,0.323878
-1,2,1,-1,-1,0.5,0.5,0.55,0.15,0.000268,0.281633
-1,2,1,-1,-1,0.55,0.55,0.55,0.15,0.000383,0.25347
-1,2,1,-1,-1,0.6,0.6,0.55,0.15,0.000536,0.248776
-1,2,1,-1,-1,0.65,0.65,0.55,0.15,0.000651,0.23
-1,2,1,-1,-1,0.7,0.7,0.55,0.15,0.000765,0.220612
-1,2,1,-1,-1,0.75,0.75,0.55,0.15,0.000957,0.206531
-1,2,1,-1,-1,0.8,0.8,0.55,0.15,0.001186,0.197143
-1,2,1,-1,-1,0.85,0.85,0.55,0.15,0.001531,0.192449
-1,2,1,-1,-1,0.9,0.9,0.55,0.15,0.002028,0.173674
-1,2,1,-1,-1,0.95,0.95,0.55,0.15,0.003291,0.16898
-1,2,1,-1,-1,1.0,1.0,0.55,0.15,0.021429,0.164286
-1,2,1,-1,-1,0.05,0.05,0.6,0.15,5.1e-05,0.700204
-1,2,1,-1,-1,0.1,0.1,0.6,0.15,0.000102,0.644643
-1,2,1,-1,-1,0.15,0.15,0.6,0.15,0.000102,0.573929
-1,2,1,-1,-1,0.2,0.2,0.6,0.15,0.000102,0.498164
-1,2,1,-1,-1,0.25,0.25,0.6,0.15,0.000153,0.442603
-1,2,1,-1,-1,0.3,0.3,0.6,0.15,0.000204,0.422398
-1,2,1,-1,-1,0.35,0.35,0.6,0.15,0.000204,0.387041
-1,2,1,-1,-1,0.4,0.4,0.6,0.15,0.000306,0.321378
-1,2,1,-1,-1,0.45,0.45,0.6,0.15,0.000306,0.286021
-1,2,1,-1,-1,0.5,0.5,0.6,0.15,0.000357,0.240561
-1,2,1,-1,-1,0.55,0.55,0.6,0.15,0.00051,0.210255
-1,2,1,-1,-1,0.6,0.6,0.6,0.15,0.000714,0.205204
-1,2,1,-1,-1,0.65,0.65,0.6,0.15,0.000867,0.185
-1,2,1,-1,-1,0.7,0.7,0.6,0.15,0.00102,0.174898
-1,2,1,-1,-1,0.75,0.75,0.6,0.15,0.001275,0.159745
-1,2,1,-1,-1,0.8,0.8,0.6,0.15,0.001582,0.149643
-1,2,1,-1,-1,0.85,0.85,0.6,0.15,0.002041,0.144592
-1,2,1,-1,-1,0.9,0.9,0.6,0.15,0.002704,0.124388
-1,2,1,-1,-1,0.95,0.95,0.6,0.15,0.004388,0.119337
-1,2,1,-1,-1,1.0,1.0,0.6,0.15,0.028571,0.114286
-1,2,1,-1,-1,0.05,0.05,0.65,0.15,7.3e-05,0.695306
-1,2,1,-1,-1,0.1,0.1,0.65,0.15,0.000147,0.6375
-1,2,1,-1,-1,0.15,0.15,0.65,0.15,0.000147,0.563929
-1,2,1,-1,-1,0.2,0.2,0.65,0.15,0.000147,0.485102
-1,2,1,-1,-1,0.25,0.25,0.65,0.15,0.00022,0.427296
-1,2,1,-1,-1,0.3,0.3,0.65,0.15,0.000293,0.406275
-1,2,1,-1,-1,0.35,0.35,0.65,0.15,0.000293,0.36949
-1,2,1,-1,-1,0.4,0.4,0.65,0.15,0.00044,0.301173
-1,2,1,-1,-1,0.45,0.45,0.65,0.15,0.00044,0.264388
-1,2,1,-1,-1,0.5,0.5,0.65,0.15,0.000513,0.217091
-1,2,1,-1,-1,0.55,0.55,0.65,0.15,0.000733,0.185561
-1,2,1,-1,-1,0.6,0.6,0.65,0.15,0.001027,0.180306
-1,2,1,-1,-1,0.65,0.65,0.65,0.15,0.001247,0.159285
-1,2,1,-1,-1,0.7,0.7,0.65,0.15,0.001467,0.148775
-1,2,1,-1,-1,0.75,0.75,0.65,0.15,0.001834,0.13301
-1,2,1,-1,-1,0.8,0.8,0.65,0.15,0.002274,0.1225
-1,2,1,-1,-1,0.85,0.85,0.65,0.15,0.002934,0.117245
-1,2,1,-1,-1,0.9,0.9,0.65,0.15,0.003887,0.096224
-1,2,1,-1,-1,0.95,0.95,0.65,0.15,0.006307,0.090969
-1,2,1,-1,-1,1.0,1.0,0.65,0.15,0.041071,0.085714
-1,2,1,-1,-1,0.05,0.05,0.7,0.15,0.000102,0.692857
-1,2,1,-1,-1,0.1,0.1,0.7,0.15,0.000204,0.633929
-1,2,1,-1,-1,0.15,0.15,0.7,0.15,0.000204,0.558929
-1,2,1,-1,-1,0.2,0.2,0.7,0.15,0.000204,0.478572
-1,2,1,-1,-1,0.25,0.25,0.7,0.15,0.000306,0.419644
-1,2,1,-1,-1,0.3,0.3,0.7,0.15,0.000408,0.398215
-1,2,1,-1,-1,0.35,0.35,0.7,0.15,0.000408,0.360714
-1,2,1,-1,-1,0.4,0.4,0.7,0.15,0.000612,0.291072
-1,2,1,-1,-1,0.45,0.45,0.7,0.15,0.000612,0.253572
-1,2,1,-1,-1,0.5,0.5,0.7,0.15,0.000714,0.205357
-1,2,1,-1,-1,0.55,0.55,0.7,0.15,0.00102,0.173214
-1,2,1,-1,-1,0.6,0.6,0.7,0.15,0.001429,0.167857
-1,2,1,-1,-1,0.65,0.65,0.7,0.15,0.001735,0.146429
-1,2,1,-1,-1,0.7,0.7,0.7,0.15,0.002041,0.135715
-1,2,1,-1,-1,0.75,0.75,0.7,0.15,0.002551,0.119643
-1,2,1,-1,-1,0.8,0.8,0.7,0.15,0.003163,0.108929
-1,2,1,-1,-1,0.85,0.85,0.7,0.15,0.004082,0.103572
-1,2,1,-1,-1,0.9,0.9,0.7,0.15,0.005408,0.082144
-1,2,1,-1,-1,0.95,0.95,0.7,0.15,0.008776,0.076786
-1,2,1,-1,-1,1.0,1.0,0.7,0.15,0.057143,0.071429
-1,2,1,-1,-1,0.05,0.05,0.75,0.15,0.000147,0.68551
-1,2,1,-1,-1,0.1,0.1,0.75,0.15,0.000293,0.623215
-1,2,1,-1,-1,0.15,0.15,0.75,0.15,0.000293,0.543929
-1,2,1,-1,-1,0.2,0.2,0.75,0.15,0.000293,0.45898
-1,2,1,-1,-1,0.25,0.25,0.75,0.15,0.00044,0.396684
-1,2,1,-1,-1,0.3,0.3,0.75,0.15,0.000587,0.37403
-1,2,1,-1,-1,0.35,0.35,0.75,0.15,0.000587,0.334387
-1,2,1,-1,-1,0.4,0.4,0.75,0.15,0.00088,0.260765
-1,2,1,-1,-1,0.45,0.45,0.75,0.15,0.00088,0.221122
-1,2,1,-1,-1,0.5,0.5,0.75,0.15,0.001027,0.170152
-1,2,1,-1,-1,0.55,0.55,0.75,0.15,0.001467,0.136173
-1,2,1,-1,-1,0.6,0.6,0.75,0.15,0.002054,0.13051
-1,2,1,-1,-1,0.65,0.65,0.75,0.15,0.002494,0.107857
-1,2,1,-1,-1,0.7,0.7,0.75,0.15,0.002934,0.09653
-1,2,1,-1,-1,0.75,0.75,0.75,0.15,0.003667,0.079541
-1,2,1,-1,-1,0.8,0.8,0.75,0.15,0.004547,0.068214
-1,2,1,-1,-1,0.85,0.85,0.75,0.15,0.005867,0.062551
-1,2,1,-1,-1,0.9,0.9,0.75,0.15,0.007774,0.039898
-1,2,1,-1,-1,0.95,0.95,0.75,0.15,0.012615,0.034234
-1,2,1,-1,-1,1.0,1.0,0.75,0.15,0.082143,0.028571
-1,2,1,-1,-1,0.05,0.05,0.8,0.15,0.000239,0.684286
-1,2,1,-1,-1,0.1,0.1,0.8,0.15,0.000478,0.621429
-1,2,1,-1,-1,0.15,0.15,0.8,0.15,0.000478,0.541429
-1,2,1,-1,-1,0.2,0.2,0.8,0.15,0.000478,0.455715
-1,2,1,-1,-1,0.25,0.25,0.8,0.15,0.000717,0.392858
-1,2,1,-1,-1,0.3,0.3,0.8,0.15,0.000957,0.37
-1,2,1,-1,-1,0.35,0.35,0.8,0.15,0.000957,0.33
-1,2,1,-1,-1,0.4,0.4,0.8,0.15,0.001435,0.255715
-1,2,1,-1,-1,0.45,0.45,0.8,0.15,0.001435,0.215715
-1,2,1,-1,-1,0.5,0.5,0.8,0.15,0.001674,0.164286
-1,2,1,-1,-1,0.55,0.55,0.8,0.15,0.002392,0.13
-1,2,1,-1,-1,0.6,0.6,0.8,0.15,0.003348,0.124286
-1,2,1,-1,-1,0.65,0.65,0.8,0.15,0.004066,0.101429
-1,2,1,-1,-1,0.7,0.7,0.8,0.15,0.004783,0.09
-1,2,1,-1,-1,0.75,0.75,0.8,0.15,0.005979,0.072858
-1,2,1,-1,-1,0.8,0.8,0.8,0.15,0.007414,0.061429
-1,2,1,-1,-1,0.85,0.85,0.8,0.15,0.009566,0.055715
-1,2,1,-1,-1,0.9,0.9,0.8,0.15,0.012675,0.032858
-1,2,1,-1,-1,0.95,0.95,0.8,0.15,0.020568,0.027143
-1,2,1,-1,-1,1.0,1.0,0.8,0.15,0.133929,0.021429
-1,2,1,-1,-1,0.05,0.05,0.85,0.15,0.000322,0.681837
-1,2,1,-1,-1,0.1,0.1,0.85,0.15,0.000644,0.617857
-1,2,1,-1,-1,0.15,0.15,0.85,0.15,0.000644,0.536429
-1,2,1,-1,-1,0.2,0.2,0.85,0.15,0.000644,0.449184
-1,2,1,-1,-1,0.25,0.25,0.85,0.15,0.000966,0.385205
-1,2,1,-1,-1,0.3,0.3,0.85,0.15,0.001288,0.361939
-1,2,1,-1,-1,0.35,0.35,0.85,0.15,0.001288,0.321225
-1,2,1,-1,-1,0.4,0.4,0.85,0.15,0.001932,0.245612
-1,2,1,-1,-1,0.45,0.45,0.85,0.15,0.001932,0.204898
-1,2,1,-1,-1,0.5,0.5,0.85,0.15,0.002254,0.152551
-1,2,1,-1,-1,0.55,0.55,0.85,0.15,0.003221,0.117653
-1,2,1,-1,-1,0.6,0.6,0.85,0.15,0.004509,0.111837
-1,2,1,-1,-1,0.65,0.65,0.85,0.15,0.005475,0.088572
-1,2,1,-1,-1,0.7,0.7,0.85,0.15,0.006441,0.076939
-1,2,1,-1,-1,0.75,0.75,0.85,0.15,0.008052,0.05949
-1,2,1,-1,-1,0.8,0.8,0.85,0.15,0.009984,0.047857
-1,2,1,-1,-1,0.85,0.85,0.85,0.15,0.012883,0.042041
-1,2,1,-1,-1,0.9,0.9,0.85,0.15,0.01707,0.018776
-1,2,1,-1,-1,0.95,0.95,0.85,0.15,0.027698,0.012959
-1,2,1,-1,-1,1.0,1.0,0.85,0.15,0.180357,0.007143
-1,2,1,-1,-1,0.05,0.05,0.9,0.15,0.000456,0.681837
-1,2,1,-1,-1,0.1,0.1,0.9,0.15,0.000912,0.617857
-1,2,1,-1,-1,0.15,0.15,0.9,0.15,0.000912,0.536429
-1,2,1,-1,-1,0.2,0.2,0.9,0.15,0.000912,0.449184
-1,2,1,-1,-1,0.25,0.25,0.9,0.15,0.001368,0.385205
-1,2,1,-1,-1,0.3,0.3,0.9,0.15,0.001824,0.361939
-1,2,1,-1,-1,0.35,0.35,0.9,0.15,0.001824,0.321225
-1,2,1,-1,-1,0.4,0.4,0.9,0.15,0.002736,0.245612
-1,2,1,-1,-1,0.45,0.45,0.9,0.15,0.002736,0.204898
-1,2,1,-1,-1,0.5,0.5,0.9,0.15,0.003192,0.152551
-1,2,1,-1,-1,0.55,0.55,0.9,0.15,0.00456,0.117653
-1,2,1,-1,-1,0.6,0.6,0.9,0.15,0.006384,0.111837
-1,2,1,-1,-1,0.65,0.65,0.9,0.15,0.007752,0.088572
-1,2,1,-1,-1,0.7,0.7,0.9,0.15,0.00912,0.076939
-1,2,1,-1,-1,0.75,0.75,0.9,0.15,0.0114,0.05949
-1,2,1,-1,-1,0.8,0.8,0.9,0.15,0.014136,0.047857
-1,2,1,-1,-1,0.85,0.85,0.9,0.15,0.01824,0.042041
-1,2,1,-1,-1,0.9,0.9,0.9,0.15,0.024168,0.018776
-1,2,1,-1,-1,0.95,0.95,0.9,0.15,0.039215,0.012959
-1,2,1,-1,-1,1.0,1.0,0.9,0.15,0.255357,0.007143
-1,2,1,-1,-1,0.05,0.05,0.95,0.15,0.000683,0.680612
-1,2,1,-1,-1,0.1,0.1,0.95,0.15,0.001365,0.616072
-1,2,1,-1,-1,0.15,0.15,0.95,0.15,0.001365,0.533929
-1,2,1,-1,-1,0.2,0.2,0.95,0.15,0.001365,0.445918
-1,2,1,-1,-1,0.25,0.25,0.95,0.15,0.002047,0.381378
-1,2,1,-1,-1,0.3,0.3,0.95,0.15,0.00273,0.357908
-1,2,1,-1,-1,0.35,0.35,0.95,0.15,0.00273,0.316837
-1,2,1,-1,-1,0.4,0.4,0.95,0.15,0.004094,0.240561
-1,2,1,-1,-1,0.45,0.45,0.95,0.15,0.004094,0.19949
-1,2,1,-1,-1,0.5,0.5,0.95,0.15,0.004777,0.146683
-1,2,1,-1,-1,0.55,0.55,0.95,0.15,0.006824,0.111479
-1,2,1,-1,-1,0.6,0.6,0.95,0.15,0.009554,0.105612
-1,2,1,-1,-1,0.65,0.65,0.95,0.15,0.011601,0.082143
-1,2,1,-1,-1,0.7,0.7,0.95,0.15,0.013648,0.070408
-1,2,1,-1,-1,0.75,0.75,0.95,0.15,0.01706,0.052806
-1,2,1,-1,-1,0.8,0.8,0.95,0.15,0.021154,0.041071
-1,2,1,-1,-1,0.85,0.85,0.95,0.15,0.027296,0.035204
-1,2,1,-1,-1,0.9,0.9,0.95,0.15,0.036167,0.011735
-1,2,1,-1,-1,0.95,0.95,0.95,0.15,0.058686,0.005867
-1,2,1,-1,-1,1.0,1.0,0.95,0.15,0.382143,0.0
-1,2,1,-1,-1,0.05,0.05,1.0,0.15,0.001786,0.680612
-1,2,1,-1,-1,0.1,0.1,1.0,0.15,0.003571,0.616072
-1,2,1,-1,-1,0.15,0.15,1.0,0.15,0.003571,0.533929
-1,2,1,-1,-1,0.2,0.2,1.0,0.15,0.003571,0.445918
-1,2,1,-1,-1,0.25,0.25,1.0,0.15,0.005357,0.381378
-1,2,1,-1,-1,0.3,0.3,1.0,0.15,0.007143,0.357908
-1,2,1,-1,-1,0.35,0.35,1.0,0.15,0.007143,0.316837
-1,2,1,-1,-1,0.4,0.4,1.0,0.15,0.010714,0.240561
-1,2,1,-1,-1,0.45,0.45,1.0,0.15,0.010714,0.19949
-1,2,1,-1,-1,0.5,0.5,1.0,0.15,0.0125,0.146683
-1,2,1,-1,-1,0.55,0.55,1.0,0.15,0.017857,0.111479
-1,2,1,-1,-1,0.6,0.6,1.0,0.15,0.025,0.105612
-1,2,1,-1,-1,0.65,0.65,1.0,0.15,0.030357,0.082143
-1,2,1,-1,-1,0.7,0.7,1.0,0.15,0.035714,0.070408
-1,2,1,-1,-1,0.75,0.75,1.0,0.15,0.044643,0.052806
-1,2,1,-1,-1,0.8,0.8,1.0,0.15,0.055357,0.041071
-1,2,1,-1,-1,0.85,0.85,1.0,0.15,0.071429,0.035204
-1,2,1,-1,-1,0.9,0.9,1.0,0.15,0.094643,0.011735
-1,2,1,-1,-1,0.95,0.95,1.0,0.15,0.153571,0.005867
-1,2,1,-1,-1,1.0,1.0,1.0,0.15,1.0,0.0
-1,2,1,-1,-1,0.05,0.05,0.2,0.2,0.0,0.742857
-1,2,1,-1,-1,0.1,0.1,0.2,0.2,0.0,0.742857
-1,2,1,-1,-1,0.15,0.15,0.2,0.2,0.0,0.742857
-1,2,1,-1,-1,0.2,0.2,0.2,0.2,0.0,0.742857
-1,2,1,-1,-1,0.25,0.25,0.2,0.2,0.0,0.742857
-1,2,1,-1,-1,0.3,0.3,0.2,0.2,0.0,0.742857
-1,2,1,-1,-1,0.35,0.35,0.2,0.2,0.0,0.742857
-1,2,1,-1,-1,0.4,0.4,0.2,0.2,0.0,0.742857
-1,2,1,-1,-1,0.45,0.45,0.2,0.2,0.0,0.742857
-1,2,1,-1,-1,0.5,0.5,0.2,0.2,0.0,0.742857
-1,2,1,-1,-1,0.55,0.55,0.2,0.2,0.0,0.742857
-1,2,1,-1,-1,0.6,0.6,0.2,0.2,0.0,0.742857
-1,2,1,-1,-1,0.65,0.65,0.2,0.2,0.0,0.742857
-1,2,1,-1,-1,0.7,0.7,0.2,0.2,0.0,0.742857
-1,2,1,-1,-1,0.75,0.75,0.2,0.2,0.0,0.742857
-1,2,1,-1,-1,0.8,0.8,0.2,0.2,0.0,0.742857
-1,2,1,-1,-1,0.85,0.85,0.2,0.2,0.0,0.742857
-1,2,1,-1,-1,0.9,0.9,0.2,0.2,0.0,0.742857
-1,2,1,-1,-1,0.95,0.95,0.2,0.2,0.0,0.742857
-1,2,1,-1,-1,1.0,1.0,0.2,0.2,0.0,0.742857
-1,2,1,-1,-1,0.05,0.05,0.25,0.2,6e-06,0.720816
-1,2,1,-1,-1,0.1,0.1,0.25,0.2,1.3e-05,0.710714
-1,2,1,-1,-1,0.15,0.15,0.25,0.2,1.3e-05,0.697857
-1,2,1,-1,-1,0.2,0.2,0.25,0.2,1.3e-05,0.684082
-1,2,1,-1,-1,0.25,0.25,0.25,0.2,1.9e-05,0.67398
-1,2,1,-1,-1,0.3,0.3,0.25,0.2,2.6e-05,0.670306
-1,2,1,-1,-1,0.35,0.35,0.25,0.2,2.6e-05,0.663878
-1,2,1,-1,-1,0.4,0.4,0.25,0.2,3.8e-05,0.651939
-1,2,1,-1,-1,0.45,0.45,0.25,0.2,3.8e-05,0.64551
-1,2,1,-1,-1,0.5,0.5,0.25,0.2,4.5e-05,0.637245
-1,2,1,-1,-1,0.55,0.55,0.25,0.2,6.4e-05,0.631735
-1,2,1,-1,-1,0.6,0.6,0.25,0.2,8.9e-05,0.630817
-1,2,1,-1,-1,0.65,0.65,0.25,0.2,0.000108,0.627143
-1,2,1,-1,-1,0.7,0.7,0.25,0.2,0.000128,0.625306
-1,2,1,-1,-1,0.75,0.75,0.25,0.2,0.000159,0.622551
-1,2,1,-1,-1,0.8,0.8,0.25,0.2,0.000198,0.620715
-1,2,1,-1,-1,0.85,0.85,0.25,0.2,0.000255,0.619796
-1,2,1,-1,-1,0.9,0.9,0.25,0.2,0.000338,0.616123
-1,2,1,-1,-1,0.95,0.95,0.25,0.2,0.000548,0.615204
-1,2,1,-1,-1,1.0,1.0,0.25,0.2,0.003571,0.614286
-1,2,1,-1,-1,0.05,0.05,0.3,0.2,1.3e-05,0.707347
-1,2,1,-1,-1,0.1,0.1,0.3,0.2,2.6e-05,0.691071
-1,2,1,-1,-1,0.15,0.15,0.3,0.2,2.6e-05,0.670357
-1,2,1,-1,-1,0.2,0.2,0.3,0.2,2.6e-05,0.648163
-1,2,1,-1,-1,0.25,0.25,0.3,0.2,3.8e-05,0.631888
-1,2,1,-1,-1,0.3,0.3,0.3,0.2,5.1e-05,0.625969
-1,2,1,-1,-1,0.35,0.35,0.3,0.2,5.1e-05,0.615612
-1,2,1,-1,-1,0.4,0.4,0.3,0.2,7.7e-05,0.596377
-1,2,1,-1,-1,0.45,0.45,0.3,0.2,7.7e-05,0.58602
-1,2,1,-1,-1,0.5,0.5,0.3,0.2,8.9e-05,0.572704
-1,2,1,-1,-1,0.55,0.55,0.3,0.2,0.000128,0.563826
-1,2,1,-1,-1,0.6,0.6,0.3,0.2,0.000179,0.562347
-1,2,1,-1,-1,0.65,0.65,0.3,0.2,0.000217,0.556428
-1,2,1,-1,-1,0.7,0.7,0.3,0.2,0.000255,0.553469
-1,2,1,-1,-1,0.75,0.75,0.3,0.2,0.000319,0.54903
-1,2,1,-1,-1,0.8,0.8,0.3,0.2,0.000395,0.546071
-1,2,1,-1,-1,0.85,0.85,0.3,0.2,0.00051,0.544592
-1,2,1,-1,-1,0.9,0.9,0.3,0.2,0.000676,0.538673
-1,2,1,-1,-1,0.95,0.95,0.3,0.2,0.001097,0.537194
-1,2,1,-1,-1,1.0,1.0,0.3,0.2,0.007143,0.535714
-1,2,1,-1,-1,0.05,0.05,0.35,0.2,1.6e-05,0.690204
-1,2,1,-1,-1,0.1,0.1,0.35,0.2,3.2e-05,0.666071
-1,2,1,-1,-1,0.15,0.15,0.35,0.2,3.2e-05,0.635357
-1,2,1,-1,-1,0.2,0.2,0.35,0.2,3.2e-05,0.602449
-1,2,1,-1,-1,0.25,0.25,0.35,0.2,4.8e-05,0.578316
-1,2,1,-1,-1,0.3,0.3,0.35,0.2,6.4e-05,0.569541
-1,2,1,-1,-1,0.35,0.35,0.35,0.2,6.4e-05,0.554183
-1,2,1,-1,-1,0.4,0.4,0.35,0.2,9.6e-05,0.525663
-1,2,1,-1,-1,0.45,0.45,0.35,0.2,9.6e-05,0.510306
-1,2,1,-1,-1,0.5,0.5,0.35,0.2,0.000112,0.490561
-1,2,1,-1,-1,0.55,0.55,0.35,0.2,0.000159,0.477398
-1,2,1,-1,-1,0.6,0.6,0.35,0.2,0.000223,0.475204
-1,2,1,-1,-1,0.65,0.65,0.35,0.2,0.000271,0.466428
-1,2,1,-1,-1,0.7,0.7,0.35,0.2,0.000319,0.46204
-1,2,1,-1,-1,0.75,0.75,0.35,0.2,0.000399,0.455459
-1,2,1,-1,-1,0.8,0.8,0.35,0.2,0.000494,0.451071
-1,2,1,-1,-1,0.85,0.85,0.35,0.2,0.000638,0.448877
-1,2,1,-1,-1,0.9,0.9,0.35,0.2,0.000845,0.440102
-1,2,1,-1,-1,0.95,0.95,0.35,0.2,0.001371,0.437908
-1,2,1,-1,-1,1.0,1.0,0.35,0.2,0.008929,0.435714
-1,2,1,-1,-1,0.05,0.05,0.4,0.2,1.6e-05,0.676734
-1,2,1,-1,-1,0.1,0.1,0.4,0.2,3.2e-05,0.646428
-1,2,1,-1,-1,0.15,0.15,0.4,0.2,3.2e-05,0.607857
-1,2,1,-1,-1,0.2,0.2,0.4,0.2,3.2e-05,0.566531
-1,2,1,-1,-1,0.25,0.25,0.4,0.2,4.8e-05,0.536225
-1,2,1,-1,-1,0.3,0.3,0.4,0.2,6.4e-05,0.525204
-1,2,1,-1,-1,0.35,0.35,0.4,0.2,6.4e-05,0.505918
-1,2,1,-1,-1,0.4,0.4,0.4,0.2,9.6e-05,0.470102
-1,2,1,-1,-1,0.45,0.45,0.4,0.2,9.6e-05,0.450816
-1,2,1,-1,-1,0.5,0.5,0.4,0.2,0.000112,0.42602
-1,2,1,-1,-1,0.55,0.55,0.4,0.2,0.000159,0.40949
-1,2,1,-1,-1,0.6,0.6,0.4,0.2,0.000223,0.406735
-1,2,1,-1,-1,0.65,0.65,0.4,0.2,0.000271,0.395714
-1,2,1,-1,-1,0.7,0.7,0.4,0.2,0.000319,0.390204
-1,2,1,-1,-1,0.75,0.75,0.4,0.2,0.000399,0.381939
-1,2,1,-1,-1,0.8,0.8,0.4,0.2,0.000494,0.376429
-1,2,1,-1,-1,0.85,0.85,0.4,0.2,0.000638,0.373674
-1,2,1,-1,-1,0.9,0.9,0.4,0.2,0.000845,0.362653
-1,2,1,-1,-1,0.95,0.95,0.4,0.2,0.001371,0.359898
-1,2,1,-1,-1,1.0,1.0,0.4,0.2,0.008929,0.357143
-1,2,1,-1,-1,0.05,0.05,0.45,0.2,1.6e-05,0.660816
-1,2,1,-1,-1,0.1,0.1,0.45,0.2,3.2e-05,0.623214
-1,2,1,-1,-1,0.15,0.15,0.45,0.2,3.2e-05,0.575357
-1,2,1,-1,-1,0.2,0.2,0.45,0.2,3.2e-05,0.524082
-1,2,1,-1,-1,0.25,0.25,0.45,0.2,4.8e-05,0.48648
-1,2,1,-1,-1,0.3,0.3,0.45,0.2,6.4e-05,0.472806
-1,2,1,-1,-1,0.35,0.35,0.45,0.2,6.4e-05,0.448878
-1,2,1,-1,-1,0.4,0.4,0.45,0.2,9.6e-05,0.404439
-1,2,1,-1,-1,0.45,0.45,0.45,0.2,9.6e-05,0.38051
-1,2,1,-1,-1,0.5,0.5,0.45,0.2,0.000112,0.349745
-1,2,1,-1,-1,0.55,0.55,0.45,0.2,0.000159,0.329235
-1,2,1,-1,-1,0.6,0.6,0.45,0.2,0.000223,0.325816
-1,2,1,-1,-1,0.65,0.65,0.45,0.2,0.000271,0.312143
-1,2,1,-1,-1,0.7,0.7,0.45,0.2,0.000319,0.305306
-1,2,1,-1,-1,0.75,0.75,0.45,0.2,0.000399,0.295051
-1,2,1,-1,-1,0.8,0.8,0.45,0.2,0.000494,0.288215
-1,2,1,-1,-1,0.85,0.85,0.45,0.2,0.000638,0.284796
-1,2,1,-1,-1,0.9,0.9,0.45,0.2,0.000845,0.271123
-1,2,1,-1,-1,0.95,0.95,0.45,0.2,0.001371,0.267704
-1,2,1,-1,-1,1.0,1.0,0.45,0.2,0.008929,0.264286
-1,2,1,-1,-1,0.05,0.05,0.5,0.2,2.9e-05,0.655918
-1,2,1,-1,-1,0.1,0.1,0.5,0.2,5.7e-05,0.616071
-1,2,1,-1,-1,0.15,0.15,0.5,0.2,5.7e-05,0.565357
-1,2,1,-1,-1,0.2,0.2,0.5,0.2,5.7e-05,0.51102
-1,2,1,-1,-1,0.25,0.25,0.5,0.2,8.6e-05,0.471173
-1,2,1,-1,-1,0.3,0.3,0.5,0.2,0.000115,0.456683
-1,2,1,-1,-1,0.35,0.35,0.5,0.2,0.000115,0.431326
-1,2,1,-1,-1,0.4,0.4,0.5,0.2,0.000172,0.384234
-1,2,1,-1,-1,0.45,0.45,0.5,0.2,0.000172,0.358877
-1,2,1,-1,-1,0.5,0.5,0.5,0.2,0.000201,0.326275
-1,2,1,-1,-1,0.55,0.55,0.5,0.2,0.000287,0.30454
-1,2,1,-1,-1,0.6,0.6,0.5,0.2,0.000402,0.300918
-1,2,1,-1,-1,0.65,0.65,0.5,0.2,0.000488,0.286428
-1,2,1,-1,-1,0.7,0.7,0.5,0.2,0.000574,0.279183
-1,2,1,-1,-1,0.75,0.75,0.5,0.2,0.000717,0.268316
-1,2,1,-1,-1,0.8,0.8,0.5,0.2,0.00089,0.261071
-1,2,1,-1,-1,0.85,0.85,0.5,0.2,0.001148,0.257449
-1,2,1,-1,-1,0.9,0.9,0.5,0.2,0.001521,0.242959
-1,2,1,-1,-1,0.95,0.95,0.5,0.2,0.002468,0.239337
-1,2,1,-1,-1,1.0,1.0,0.5,0.2,0.016071,0.235714
-1,2,1,-1,-1,0.05,0.05,0.55,0.2,3.8e-05,0.643673
-1,2,1,-1,-1,0.1,0.1,0.55,0.2,7.7e-05,0.598214
-1,2,1,-1,-1,0.15,0.15,0.55,0.2,7.7e-05,0.540357
-1,2,1,-1,-1,0.2,0.2,0.55,0.2,7.7e-05,0.478367
-1,2,1,-1,-1,0.25,0.25,0.55,0.2,0.000115,0.432908
-1,2,1,-1,-1,0.3,0.3,0.55,0.2,0.000153,0.416377
-1,2,1,-1,-1,0.35,0.35,0.55,0.2,0.000153,0.387449
-1,2,1,-1,-1,0.4,0.4,0.55,0.2,0.00023,0.333725
-1,2,1,-1,-1,0.45,0.45,0.55,0.2,0.00023,0.304796
-1,2,1,-1,-1,0.5,0.5,0.55,0.2,0.000268,0.267602
-1,2,1,-1,-1,0.55,0.55,0.55,0.2,0.000383,0.242806
-1,2,1,-1,-1,0.6,0.6,0.55,0.2,0.000536,0.238673
-1,2,1,-1,-1,0.65,0.65,0.55,0.2,0.000651,0.222143
-1,2,1,-1,-1,0.7,0.7,0.55,0.2,0.000765,0.213878
-1,2,1,-1,-1,0.75,0.75,0.55,0.2,0.000957,0.20148
-1,2,1,-1,-1,0.8,0.8,0.55,0.2,0.001186,0.193215
-1,2,1,-1,-1,0.85,0.85,0.55,0.2,0.001531,0.189082
-1,2,1,-1,-1,0.9,0.9,0.55,0.2,0.002028,0.172551
-1,2,1,-1,-1,0.95,0.95,0.55,0.2,0.003291,0.168419
-1,2,1,-1,-1,1.0,1.0,0.55,0.2,0.021429,0.164286
-1,2,1,-1,-1,0.05,0.05,0.6,0.2,5.1e-05,0.635102
-1,2,1,-1,-1,0.1,0.1,0.6,0.2,0.000102,0.585714
-1,2,1,-1,-1,0.15,0.15,0.6,0.2,0.000102,0.522857
-1,2,1,-1,-1,0.2,0.2,0.6,0.2,0.000102,0.45551
-1,2,1,-1,-1,0.25,0.25,0.6,0.2,0.000153,0.406123
-1,2,1,-1,-1,0.3,0.3,0.6,0.2,0.000204,0.388163
-1,2,1,-1,-1,0.35,0.35,0.6,0.2,0.000204,0.356735
-1,2,1,-1,-1,0.4,0.4,0.6,0.2,0.000306,0.298367
-1,2,1,-1,-1,0.45,0.45,0.6,0.2,0.000306,0.266939
-1,2,1,-1,-1,0.5,0.5,0.6,0.2,0.000357,0.226531
-1,2,1,-1,-1,0.55,0.55,0.6,0.2,0.00051,0.199592
-1,2,1,-1,-1,0.6,0.6,0.6,0.2,0.000714,0.195102
-1,2,1,-1,-1,0.65,0.65,0.6,0.2,0.000867,0.177143
-1,2,1,-1,-1,0.7,0.7,0.6,0.2,0.00102,0.168163
-1,2,1,-1,-1,0.75,0.75,0.6,0.2,0.001275,0.154694
-1,2,1,-1,-1,0.8,0.8,0.6,0.2,0.001582,0.145715
-1,2,1,-1,-1,0.85,0.85,0.6,0.2,0.002041,0.141225
-1,2,1,-1,-1,0.9,0.9,0.6,0.2,0.002704,0.123266
-1,2,1,-1,-1,0.95,0.95,0.6,0.2,0.004388,0.118776
-1,2,1,-1,-1,1.0,1.0,0.6,0.2,0.028571,0.114286
-1,2,1,-1,-1,0.05,0.05,0.65,0.2,7.3e-05,0.630204
-1,2,1,-1,-1,0.1,0.1,0.65,0.2,0.000147,0.578571
-1,2,1,-1,-1,0.15,0.15,0.65,0.2,0.000147,0.512857
-1,2,1,-1,-1,0.2,0.2,0.65,0.2,0.000147,0.442449
-1,2,1,-1,-1,0.25,0.25,0.65,0.2,0.00022,0.390816
-1,2,1,-1,-1,0.3,0.3,0.65,0.2,0.000293,0.37204
-1,2,1,-1,-1,0.35,0.35,0.65,0.2,0.000293,0.339183
-1,2,1,-1,-1,0.4,0.4,0.65,0.2,0.00044,0.278163
-1,2,1,-1,-1,0.45,0.45,0.65,0.2,0.00044,0.245306
-1,2,1,-1,-1,0.5,0.5,0.65,0.2,0.000513,0.203061
-1,2,1,-1,-1,0.55,0.55,0.65,0.2,0.000733,0.174898
-1,2,1,-1,-1,0.6,0.6,0.65,0.2,0.001027,0.170204
-1,2,1,-1,-1,0.65,0.65,0.65,0.2,0.001247,0.151428
-1,2,1,-1,-1,0.7,0.7,0.65,0.2,0.001467,0.14204
-1,2,1,-1,-1,0.75,0.75,0.65,0.2,0.001834,0.127959
-1,2,1,-1,-1,0.8,0.8,0.65,0.2,0.002274,0.118571
-1,2,1,-1,-1,0.85,0.85,0.65,0.2,0.002934,0.113877
-1,2,1,-1,-1,0.9,0.9,0.65,0.2,0.003887,0.095102
-1,2,1,-1,-1,0.95,0.95,0.65,0.2,0.006307,0.090408
-1,2,1,-1,-1,1.0,1.0,0.65,0.2,0.041071,0.085714
-1,2,1,-1,-1,0.05,0.05,0.7,0.2,0.000102,0.627755
-1,2,1,-1,-1,0.1,0.1,0.7,0.2,0.000204,0.575
-1,2,1,-1,-1,0.15,0.15,0.7,0.2,0.000204,0.507857
-1,2,1,-1,-1,0.2,0.2,0.7,0.2,0.000204,0.435918
-1,2,1,-1,-1,0.25,0.25,0.7,0.2,0.000306,0.383164
-1,2,1,-1,-1,0.3,0.3,0.7,0.2,0.000408,0.36398
-1,2,1,-1,-1,0.35,0.35,0.7,0.2,0.000408,0.330408
-1,2,1,-1,-1,0.4,0.4,0.7,0.2,0.000612,0.268061
-1,2,1,-1,-1,0.45,0.45,0.7,0.2,0.000612,0.23449
-1,2,1,-1,-1,0.5,0.5,0.7,0.2,0.000714,0.191327
-1,2,1,-1,-1,0.55,0.55,0.7,0.2,0.00102,0.162551
-1,2,1,-1,-1,0.6,0.6,0.7,0.2,0.001429,0.157755
-1,2,1,-1,-1,0.65,0.65,0.7,0.2,0.001735,0.138572
-1,2,1,-1,-1,0.7,0.7,0.7,0.2,0.002041,0.12898
-1,2,1,-1,-1,0.75,0.75,0.7,0.2,0.002551,0.114592
-1,2,1,-1,-1,0.8,0.8,0.7,0.2,0.003163,0.105
-1,2,1,-1,-1,0.85,0.85,0.7,0.2,0.004082,0.100204
-1,2,1,-1,-1,0.9,0.9,0.7,0.2,0.005408,0.081021
-1,2,1,-1,-1,0.95,0.95,0.7,0.2,0.008776,0.076225
-1,2,1,-1,-1,1.0,1.0,0.7,0.2,0.057143,0.071429
-1,2,1,-1,-1,0.05,0.05,0.75,0.2,0.000147,0.620408
-1,2,1,-1,-1,0.1,0.1,0.75,0.2,0.000293,0.564285
-1,2,1,-1,-1,0.15,0.15,0.75,0.2,0.000293,0.492857
-1,2,1,-1,-1,0.2,0.2,0.75,0.2,0.000293,0.416326
-1,2,1,-1,-1,0.25,0.25,0.75,0.2,0.00044,0.360204
-1,2,1,-1,-1,0.3,0.3,0.75,0.2,0.000587,0.339795
-1,2,1,-1,-1,0.35,0.35,0.75,0.2,0.000587,0.304081
-1,2,1,-1,-1,0.4,0.4,0.75,0.2,0.00088,0.237755
-1,2,1,-1,-1,0.45,0.45,0.75,0.2,0.00088,0.20204
-1,2,1,-1,-1,0.5,0.5,0.75,0.2,0.001027,0.156122
-1,2,1,-1,-1,0.55,0.55,0.75,0.2,0.001467,0.12551
-1,2,1,-1,-1,0.6,0.6,0.75,0.2,0.002054,0.120407
-1,2,1,-1,-1,0.65,0.65,0.75,0.2,0.002494,0.1
-1,2,1,-1,-1,0.7,0.7,0.75,0.2,0.002934,0.089795
-1,2,1,-1,-1,0.75,0.75,0.75,0.2,0.003667,0.07449
-1,2,1,-1,-1,0.8,0.8,0.75,0.2,0.004547,0.064285
-1,2,1,-1,-1,0.85,0.85,0.75,0.2,0.005867,0.059183
-1,2,1,-1,-1,0.9,0.9,0.75,0.2,0.007774,0.038775
-1,2,1,-1,-1,0.95,0.95,0.75,0.2,0.012615,0.033673
-1,2,1,-1,-1,1.0,1.0,0.75,0.2,0.082143,0.028571
-1,2,1,-1,-1,0.05,0.05,0.8,0.2,0.000239,0.619183
-1,2,1,-1,-1,0.1,0.1,0.8,0.2,0.000478,0.5625
-1,2,1,-1,-1,0.15,0.15,0.8,0.2,0.000478,0.490357
-1,2,1,-1,-1,0.2,0.2,0.8,0.2,0.000478,0.413061
-1,2,1,-1,-1,0.25,0.25,0.8,0.2,0.000717,0.356378
-1,2,1,-1,-1,0.3,0.3,0.8,0.2,0.000957,0.335765
-1,2,1,-1,-1,0.35,0.35,0.8,0.2,0.000957,0.299694
-1,2,1,-1,-1,0.4,0.4,0.8,0.2,0.001435,0.232704
-1,2,1,-1,-1,0.45,0.45,0.8,0.2,0.001435,0.196633
-1,2,1,-1,-1,0.5,0.5,0.8,0.2,0.001674,0.150255
-1,2,1,-1,-1,0.55,0.55,0.8,0.2,0.002392,0.119337
-1,2,1,-1,-1,0.6,0.6,0.8,0.2,0.003348,0.114184
-1,2,1,-1,-1,0.65,0.65,0.8,0.2,0.004066,0.093572
-1,2,1,-1,-1,0.7,0.7,0.8,0.2,0.004783,0.083265
-1,2,1,-1,-1,0.75,0.75,0.8,0.2,0.005979,0.067807
-1,2,1,-1,-1,0.8,0.8,0.8,0.2,0.007414,0.0575
-1,2,1,-1,-1,0.85,0.85,0.8,0.2,0.009566,0.052347
-1,2,1,-1,-1,0.9,0.9,0.8,0.2,0.012675,0.031735
-1,2,1,-1,-1,0.95,0.95,0.8,0.2,0.020568,0.026582
-1,2,1,-1,-1,1.0,1.0,0.8,0.2,0.133929,0.021429
-1,2,1,-1,-1,0.05,0.05,0.85,0.2,0.000322,0.616734
-1,2,1,-1,-1,0.1,0.1,0.85,0.2,0.000644,0.558929
-1,2,1,-1,-1,0.15,0.15,0.85,0.2,0.000644,0.485357
-1,2,1,-1,-1,0.2,0.2,0.85,0.2,0.000644,0.40653
-1,2,1,-1,-1,0.25,0.25,0.85,0.2,0.000966,0.348725
-1,2,1,-1,-1,0.3,0.3,0.85,0.2,0.001288,0.327704
-1,2,1,-1,-1,0.35,0.35,0.85,0.2,0.001288,0.290918
-1,2,1,-1,-1,0.4,0.4,0.85,0.2,0.001932,0.222602
-1,2,1,-1,-1,0.45,0.45,0.85,0.2,0.001932,0.185816
-1,2,1,-1,-1,0.5,0.5,0.85,0.2,0.002254,0.13852
-1,2,1,-1,-1,0.55,0.55,0.85,0.2,0.003221,0.10699
-1,2,1,-1,-1,0.6,0.6,0.85,0.2,0.004509,0.101734
-1,2,1,-1,-1,0.65,0.65,0.85,0.2,0.005475,0.080714
-1,2,1,-1,-1,0.7,0.7,0.85,0.2,0.006441,0.070204
-1,2,1,-1,-1,0.75,0.75,0.85,0.2,0.008052,0.054439
-1,2,1,-1,-1,0.8,0.8,0.85,0.2,0.009984,0.043929
-1,2,1,-1,-1,0.85,0.85,0.85,0.2,0.012883,0.038673
-1,2,1,-1,-1,0.9,0.9,0.85,0.2,0.01707,0.017653
-1,2,1,-1,-1,0.95,0.95,0.85,0.2,0.027698,0.012398
-1,2,1,-1,-1,1.0,1.0,0.85,0.2,0.180357,0.007143
-1,2,1,-1,-1,0.05,0.05,0.9,0.2,0.000456,0.616734
-1,2,1,-1,-1,0.1,0.1,0.9,0.2,0.000912,0.558929
-1,2,1,-1,-1,0.15,0.15,0.9,0.2,0.000912,0.485357
-1,2,1,-1,-1,0.2,0.2,0.9,0.2,0.000912,0.40653
-1,2,1,-1,-1,0.25,0.25,0.9,0.2,0.001368,0.348725
-1,2,1,-1,-1,0.3,0.3,0.9,0.2,0.001824,0.327704
-1,2,1,-1,-1,0.35,0.35,0.9,0.2,0.001824,0.290918
-1,2,1,-1,-1,0.4,0.4,0.9,0.2,0.002736,0.222602
-1,2,1,-1,-1,0.45,0.45,0.9,0.2,0.002736,0.185816
-1,2,1,-1,-1,0.5,0.5,0.9,0.2,0.003192,0.13852
-1,2,1,-1,-1,0.55,0.55,0.9,0.2,0.00456,0.10699
-1,2,1,-1,-1,0.6,0.6,0.9,0.2,0.006384,0.101734
-1,2,1,-1,-1,0.65,0.65,0.9,0.2,0.007752,0.080714
-1,2,1,-1,-1,0.7,0.7,0.9,0.2,0.00912,0.070204
-1,2,1,-1,-1,0.75,0.75,0.9,0.2,0.0114,0.054439
-1,2,1,-1,-1,0.8,0.8,0.9,0.2,0.014136,0.043929
-1,2,1,-1,-1,0.85,0.85,0.9,0.2,0.01824,0.038673
-1,2,1,-1,-1,0.9,0.9,0.9,0.2,0.024168,0.017653
-1,2,1,-1,-1,0.95,0.95,0.9,0.2,0.039215,0.012398
-1,2,1,-1,-1,1.0,1.0,0.9,0.2,0.255357,0.007143
-1,2,1,-1,-1,0.05,0.05,0.95,0.2,0.000683,0.61551
-1,2,1,-1,-1,0.1,0.1,0.95,0.2,0.001365,0.557143
-1,2,1,-1,-1,0.15,0.15,0.95,0.2,0.001365,0.482857
-1,2,1,-1,-1,0.2,0.2,0.95,0.2,0.001365,0.403265
-1,2,1,-1,-1,0.25,0.25,0.95,0.2,0.002047,0.344898
-1,2,1,-1,-1,0.3,0.3,0.95,0.2,0.00273,0.323673
-1,2,1,-1,-1,0.35,0.35,0.95,0.2,0.00273,0.28653
-1,2,1,-1,-1,0.4,0.4,0.95,0.2,0.004094,0.217551
-1,2,1,-1,-1,0.45,0.45,0.95,0.2,0.004094,0.180408
-1,2,1,-1,-1,0.5,0.5,0.95,0.2,0.004777,0.132653
-1,2,1,-1,-1,0.55,0.55,0.95,0.2,0.006824,0.100816
-1,2,1,-1,-1,0.6,0.6,0.95,0.2,0.009554,0.09551
-1,2,1,-1,-1,0.65,0.65,0.95,0.2,0.011601,0.074286
-1,2,1,-1,-1,0.7,0.7,0.95,0.2,0.013648,0.063673
-1,2,1,-1,-1,0.75,0.75,0.95,0.2,0.01706,0.047755
-1,2,1,-1,-1,0.8,0.8,0.95,0.2,0.021154,0.037143
-1,2,1,-1,-1,0.85,0.85,0.95,0.2,0.027296,0.031837
-1,2,1,-1,-1,0.9,0.9,0.95,0.2,0.036167,0.010612
-1,2,1,-1,-1,0.95,0.95,0.95,0.2,0.058686,0.005306
-1,2,1,-1,-1,1.0,1.0,0.95,0.2,0.382143,0.0
-1,2,1,-1,-1,0.05,0.05,1.0,0.2,0.001786,0.61551
-1,2,1,-1,-1,0.1,0.1,1.0,0.2,0.003571,0.557143
-1,2,1,-1,-1,0.15,0.15,1.0,0.2,0.003571,0.482857
-1,2,1,-1,-1,0.2,0.2,1.0,0.2,0.003571,0.403265
-1,2,1,-1,-1,0.25,0.25,1.0,0.2,0.005357,0.344898
-1,2,1,-1,-1,0.3,0.3,1.0,0.2,0.007143,0.323673
-1,2,1,-1,-1,0.35,0.35,1.0,0.2,0.007143,0.28653
-1,2,1,-1,-1,0.4,0.4,1.0,0.2,0.010714,0.217551
-1,2,1,-1,-1,0.45,0.45,1.0,0.2,0.010714,0.180408
-1,2,1,-1,-1,0.5,0.5,1.0,0.2,0.0125,0.132653
-1,2,1,-1,-1,0.55,0.55,1.0,0.2,0.017857,0.100816
-1,2,1,-1,-1,0.6,0.6,1.0,0.2,0.025,0.09551
-1,2,1,-1,-1,0.65,0.65,1.0,0.2,0.030357,0.074286
-1,2,1,-1,-1,0.7,0.7,1.0,0.2,0.035714,0.063673
-1,2,1,-1,-1,0.75,0.75,1.0,0.2,0.044643,0.047755
-1,2,1,-1,-1,0.8,0.8,1.0,0.2,0.055357,0.037143
-1,2,1,-1,-1,0.85,0.85,1.0,0.2,0.071429,0.031837
-1,2,1,-1,-1,0.9,0.9,1.0,0.2,0.094643,0.010612
-1,2,1,-1,-1,0.95,0.95,1.0,0.2,0.153571,0.005306
-1,2,1,-1,-1,1.0,1.0,1.0,0.2,1.0,0.0
-1,2,1,-1,-1,0.05,0.05,0.25,0.25,0.003571,0.614286
-1,2,1,-1,-1,0.1,0.1,0.25,0.25,0.003571,0.614286
-1,2,1,-1,-1,0.15,0.15,0.25,0.25,0.003571,0.614286
-1,2,1,-1,-1,0.2,0.2,0.25,0.25,0.003571,0.614286
-1,2,1,-1,-1,0.25,0.25,0.25,0.25,0.003571,0.614286
-1,2,1,-1,-1,0.3,0.3,0.25,0.25,0.003571,0.614286
-1,2,1,-1,-1,0.35,0.35,0.25,0.25,0.003571,0.614286
-1,2,1,-1,-1,0.4,0.4,0.25,0.25,0.003571,0.614286
-1,2,1,-1,-1,0.45,0.45,0.25,0.25,0.003571,0.614286
-1,2,1,-1,-1,0.5,0.5,0.25,0.25,0.003571,0.614286
-1,2,1,-1,-1,0.55,0.55,0.25,0.25,0.003571,0.614286
-1,2,1,-1,-1,0.6,0.6,0.25,0.25,0.003571,0.614286
-1,2,1,-1,-1,0.65,0.65,0.25,0.25,0.003571,0.614286
-1,2,1,-1,-1,0.7,0.7,0.25,0.25,0.003571,0.614286
-1,2,1,-1,-1,0.75,0.75,0.25,0.25,0.003571,0.614286
-1,2,1,-1,-1,0.8,0.8,0.25,0.25,0.003571,0.614286
-1,2,1,-1,-1,0.85,0.85,0.25,0.25,0.003571,0.614286
-1,2,1,-1,-1,0.9,0.9,0.25,0.25,0.003571,0.614286
-1,2,1,-1,-1,0.95,0.95,0.25,0.25,0.003571,0.614286
-1,2,1,-1,-1,1.0,1.0,0.25,0.25,0.003571,0.614286
-1,2,1,-1,-1,0.05,0.05,0.3,0.25,0.003577,0.600816
-1,2,1,-1,-1,0.1,0.1,0.3,0.25,0.003584,0.594643
-1,2,1,-1,-1,0.15,0.15,0.3,0.25,0.003584,0.586786
-1,2,1,-1,-1,0.2,0.2,0.3,0.25,0.003584,0.578367
-1,2,1,-1,-1,0.25,0.25,0.3,0.25,0.00359,0.572194
-1,2,1,-1,-1,0.3,0.3,0.3,0.25,0.003597,0.569949
-1,2,1,-1,-1,0.35,0.35,0.3,0.25,0.003597,0.56602
-1,2,1,-1,-1,0.4,0.4,0.3,0.25,0.003609,0.558724
-1,2,1,-1,-1,0.45,0.45,0.3,0.25,0.003609,0.554796
-1,2,1,-1,-1,0.5,0.5,0.3,0.25,0.003616,0.549745
-1,2,1,-1,-1,0.55,0.55,0.3,0.25,0.003635,0.546377
-1,2,1,-1,-1,0.6,0.6,0.3,0.25,0.00366,0.545816
-1,2,1,-1,-1,0.65,0.65,0.3,0.25,0.003679,0.543571
-1,2,1,-1,-1,0.7,0.7,0.3,0.25,0.003699,0.542449
-1,2,1,-1,-1,0.75,0.75,0.3,0.25,0.00373,0.540765
-1,2,1,-1,-1,0.8,0.8,0.3,0.25,0.003769,0.539643
-1,2,1,-1,-1,0.85,0.85,0.3,0.25,0.003826,0.539081
-1,2,1,-1,-1,0.9,0.9,0.3,0.25,0.003909,0.536836
-1,2,1,-1,-1,0.95,0.95,0.3,0.25,0.00412,0.536275
-1,2,1,-1,-1,1.0,1.0,0.3,0.25,0.007143,0.535714
-1,2,1,-1,-1,0.05,0.05,0.35,0.25,0.003581,0.583674
-1,2,1,-1,-1,0.1,0.1,0.35,0.25,0.00359,0.569643
-1,2,1,-1,-1,0.15,0.15,0.35,0.25,0.00359,0.551786
-1,2,1,-1,-1,0.2,0.2,0.35,0.25,0.00359,0.532653
-1,2,1,-1,-1,0.25,0.25,0.35,0.25,0.0036,0.518622
-1,2,1,-1,-1,0.3,0.3,0.35,0.25,0.003609,0.51352
-1,2,1,-1,-1,0.35,0.35,0.35,0.25,0.003609,0.504592
-1,2,1,-1,-1,0.4,0.4,0.35,0.25,0.003628,0.48801
-1,2,1,-1,-1,0.45,0.45,0.35,0.25,0.003628,0.479081
-1,2,1,-1,-1,0.5,0.5,0.35,0.25,0.003638,0.467602
-1,2,1,-1,-1,0.55,0.55,0.35,0.25,0.003667,0.459949
-1,2,1,-1,-1,0.6,0.6,0.35,0.25,0.003705,0.458673
-1,2,1,-1,-1,0.65,0.65,0.35,0.25,0.003734,0.453571
-1,2,1,-1,-1,0.7,0.7,0.35,0.25,0.003762,0.45102
-1,2,1,-1,-1,0.75,0.75,0.35,0.25,0.00381,0.447194
-1,2,1,-1,-1,0.8,0.8,0.35,0.25,0.003868,0.444643
-1,2,1,-1,-1,0.85,0.85,0.35,0.25,0.003954,0.443367
-1,2,1,-1,-1,0.9,0.9,0.35,0.25,0.004078,0.438265
-1,2,1,-1,-1,0.95,0.95,0.35,0.25,0.004394,0.43699
-1,2,1,-1,-1,1.0,1.0,0.35,0.25,0.008929,0.435714
-1,2,1,-1,-1,0.05,0.05,0.4,0.25,0.003581,0.570204
-1,2,1,-1,-1,0.1,0.1,0.4,0.25,0.00359,0.55
-1,2,1,-1,-1,0.15,0.15,0.4,0.25,0.00359,0.524286
-1,2,1,-1,-1,0.2,0.2,0.4,0.25,0.00359,0.496735
-1,2,1,-1,-1,0.25,0.25,0.4,0.25,0.0036,0.476531
-1,2,1,-1,-1,0.3,0.3,0.4,0.25,0.003609,0.469184
-1,2,1,-1,-1,0.35,0.35,0.4,0.25,0.003609,0.456327
-1,2,1,-1,-1,0.4,0.4,0.4,0.25,0.003628,0.432449
-1,2,1,-1,-1,0.45,0.45,0.4,0.25,0.003628,0.419592
-1,2,1,-1,-1,0.5,0.5,0.4,0.25,0.003638,0.403061
-1,2,1,-1,-1,0.55,0.55,0.4,0.25,0.003667,0.392041
-1,2,1,-1,-1,0.6,0.6,0.4,0.25,0.003705,0.390204
-1,2,1,-1,-1,0.65,0.65,0.4,0.25,0.003734,0.382857
-1,2,1,-1,-1,0.7,0.7,0.4,0.25,0.003762,0.379184
-1,2,1,-1,-1,0.75,0.75,0.4,0.25,0.00381,0.373674
-1,2,1,-1,-1,0.8,0.8,0.4,0.25,0.003868,0.37
-1,2,1,-1,-1,0.85,0.85,0.4,0.25,0.003954,0.368163
-1,2,1,-1,-1,0.9,0.9,0.4,0.25,0.004078,0.360817
-1,2,1,-1,-1,0.95,0.95,0.4,0.25,0.004394,0.35898
-1,2,1,-1,-1,1.0,1.0,0.4,0.25,0.008929,0.357143
-1,2,1,-1,-1,0.05,0.05,0.45,0.25,0.003581,0.554286
-1,2,1,-1,-1,0.1,0.1,0.45,0.25,0.00359,0.526786
-1,2,1,-1,-1,0.15,0.15,0.45,0.25,0.00359,0.491786
-1,2,1,-1,-1,0.2,0.2,0.45,0.25,0.00359,0.454286
-1,2,1,-1,-1,0.25,0.25,0.45,0.25,0.0036,0.426786
-1,2,1,-1,-1,0.3,0.3,0.45,0.25,0.003609,0.416786
-1,2,1,-1,-1,0.35,0.35,0.45,0.25,0.003609,0.399286
-1,2,1,-1,-1,0.4,0.4,0.45,0.25,0.003628,0.366786
-1,2,1,-1,-1,0.45,0.45,0.45,0.25,0.003628,0.349286
-1,2,1,-1,-1,0.5,0.5,0.45,0.25,0.003638,0.326786
-1,2,1,-1,-1,0.55,0.55,0.45,0.25,0.003667,0.311786
-1,2,1,-1,-1,0.6,0.6,0.45,0.25,0.003705,0.309286
-1,2,1,-1,-1,0.65,0.65,0.45,0.25,0.003734,0.299286
-1,2,1,-1,-1,0.7,0.7,0.45,0.25,0.003762,0.294286
-1,2,1,-1,-1,0.75,0.75,0.45,0.25,0.00381,0.286786
-1,2,1,-1,-1,0.8,0.8,0.45,0.25,0.003868,0.281786
-1,2,1,-1,-1,0.85,0.85,0.45,0.25,0.003954,0.279286
-1,2,1,-1,-1,0.9,0.9,0.45,0.25,0.004078,0.269286
-1,2,1,-1,-1,0.95,0.95,0.45,0.25,0.004394,0.266786
-1,2,1,-1,-1,1.0,1.0,0.45,0.25,0.008929,0.264286
-1,2,1,-1,-1,0.05,0.05,0.5,0.25,0.003593,0.549388
-1,2,1,-1,-1,0.1,0.1,0.5,0.25,0.003616,0.519643
-1,2,1,-1,-1,0.15,0.15,0.5,0.25,0.003616,0.481786
-1,2,1,-1,-1,0.2,0.2,0.5,0.25,0.003616,0.441224
-1,2,1,-1,-1,0.25,0.25,0.5,0.25,0.003638,0.41148
-1,2,1,-1,-1,0.3,0.3,0.5,0.25,0.00366,0.400663
-1,2,1,-1,-1,0.35,0.35,0.5,0.25,0.00366,0.381735
-1,2,1,-1,-1,0.4,0.4,0.5,0.25,0.003705,0.346581
-1,2,1,-1,-1,0.45,0.45,0.5,0.25,0.003705,0.327653
-1,2,1,-1,-1,0.5,0.5,0.5,0.25,0.003727,0.303316
-1,2,1,-1,-1,0.55,0.55,0.5,0.25,0.003794,0.287092
-1,2,1,-1,-1,0.6,0.6,0.5,0.25,0.003883,0.284387
-1,2,1,-1,-1,0.65,0.65,0.5,0.25,0.00395,0.273571
-1,2,1,-1,-1,0.7,0.7,0.5,0.25,0.004017,0.268163
-1,2,1,-1,-1,0.75,0.75,0.5,0.25,0.004129,0.260051
-1,2,1,-1,-1,0.8,0.8,0.5,0.25,0.004263,0.254643
-1,2,1,-1,-1,0.85,0.85,0.5,0.25,0.004464,0.251938
-1,2,1,-1,-1,0.9,0.9,0.5,0.25,0.004754,0.241122
-1,2,1,-1,-1,0.95,0.95,0.5,0.25,0.005491,0.238418
-1,2,1,-1,-1,1.0,1.0,0.5,0.25,0.016071,0.235714
-1,2,1,-1,-1,0.05,0.05,0.55,0.25,0.003603,0.537143
-1,2,1,-1,-1,0.1,0.1,0.55,0.25,0.003635,0.501786
-1,2,1,-1,-1,0.15,0.15,0.55,0.25,0.003635,0.456786
-1,2,1,-1,-1,0.2,0.2,0.55,0.25,0.003635,0.408572
-1,2,1,-1,-1,0.25,0.25,0.55,0.25,0.003667,0.373215
-1,2,1,-1,-1,0.3,0.3,0.55,0.25,0.003699,0.360357
-1,2,1,-1,-1,0.35,0.35,0.55,0.25,0.003699,0.337857
-1,2,1,-1,-1,0.4,0.4,0.55,0.25,0.003762,0.296072
-1,2,1,-1,-1,0.45,0.45,0.55,0.25,0.003762,0.273572
-1,2,1,-1,-1,0.5,0.5,0.55,0.25,0.003794,0.244643
-1,2,1,-1,-1,0.55,0.55,0.55,0.25,0.00389,0.225357
-1,2,1,-1,-1,0.6,0.6,0.55,0.25,0.004017,0.222143
-1,2,1,-1,-1,0.65,0.65,0.55,0.25,0.004113,0.209286
-1,2,1,-1,-1,0.7,0.7,0.55,0.25,0.004209,0.202857
-1,2,1,-1,-1,0.75,0.75,0.55,0.25,0.004368,0.193215
-1,2,1,-1,-1,0.8,0.8,0.55,0.25,0.00456,0.186786
-1,2,1,-1,-1,0.85,0.85,0.55,0.25,0.004847,0.183572
-1,2,1,-1,-1,0.9,0.9,0.55,0.25,0.005261,0.170715
-1,2,1,-1,-1,0.95,0.95,0.55,0.25,0.006313,0.1675
-1,2,1,-1,-1,1.0,1.0,0.55,0.25,0.021429,0.164286
-1,2,1,-1,-1,0.05,0.05,0.6,0.25,0.003616,0.528571
-1,2,1,-1,-1,0.1,0.1,0.6,0.25,0.00366,0.489286
-1,2,1,-1,-1,0.15,0.15,0.6,0.25,0.00366,0.439286
-1,2,1,-1,-1,0.2,0.2,0.6,0.25,0.00366,0.385715
-1,2,1,-1,-1,0.25,0.25,0.6,0.25,0.003705,0.346429
-1,2,1,-1,-1,0.3,0.3,0.6,0.25,0.00375,0.332143
-1,2,1,-1,-1,0.35,0.35,0.6,0.25,0.00375,0.307143
-1,2,1,-1,-1,0.4,0.4,0.6,0.25,0.003839,0.260714
-1,2,1,-1,-1,0.45,0.45,0.6,0.25,0.003839,0.235714
-1,2,1,-1,-1,0.5,0.5,0.6,0.25,0.003883,0.203572
-1,2,1,-1,-1,0.55,0.55,0.6,0.25,0.004017,0.182143
-1,2,1,-1,-1,0.6,0.6,0.6,0.25,0.004196,0.178571
-1,2,1,-1,-1,0.65,0.65,0.6,0.25,0.00433,0.164286
-1,2,1,-1,-1,0.7,0.7,0.6,0.25,0.004464,0.157143
-1,2,1,-1,-1,0.75,0.75,0.6,0.25,0.004687,0.146429
-1,2,1,-1,-1,0.8,0.8,0.6,0.25,0.004955,0.139286
-1,2,1,-1,-1,0.85,0.85,0.6,0.25,0.005357,0.135714
-1,2,1,-1,-1,0.9,0.9,0.6,0.25,0.005937,0.121429
-1,2,1,-1,-1,0.95,0.95,0.6,0.25,0.00741,0.117858
-1,2,1,-1,-1,1.0,1.0,0.6,0.25,0.028571,0.114286
-1,2,1,-1,-1,0.05,0.05,0.65,0.25,0.003638,0.523673
-1,2,1,-1,-1,0.1,0.1,0.65,0.25,0.003705,0.482143
-1,2,1,-1,-1,0.15,0.15,0.65,0.25,0.003705,0.429286
-1,2,1,-1,-1,0.2,0.2,0.65,0.25,0.003705,0.372653
-1,2,1,-1,-1,0.25,0.25,0.65,0.25,0.003772,0.331123
-1,2,1,-1,-1,0.3,0.3,0.65,0.25,0.003839,0.31602
-1,2,1,-1,-1,0.35,0.35,0.65,0.25,0.003839,0.289592
-1,2,1,-1,-1,0.4,0.4,0.65,0.25,0.003973,0.24051
-1,2,1,-1,-1,0.45,0.45,0.65,0.25,0.003973,0.214081
-1,2,1,-1,-1,0.5,0.5,0.65,0.25,0.00404,0.180102
-1,2,1,-1,-1,0.55,0.55,0.65,0.25,0.004241,0.157449
-1,2,1,-1,-1,0.6,0.6,0.65,0.25,0.004509,0.153673
-1,2,1,-1,-1,0.65,0.65,0.65,0.25,0.004709,0.138571
-1,2,1,-1,-1,0.7,0.7,0.65,0.25,0.00491,0.13102
-1,2,1,-1,-1,0.75,0.75,0.65,0.25,0.005245,0.119694
-1,2,1,-1,-1,0.8,0.8,0.65,0.25,0.005647,0.112143
-1,2,1,-1,-1,0.85,0.85,0.65,0.25,0.00625,0.108367
-1,2,1,-1,-1,0.9,0.9,0.65,0.25,0.00712,0.093265
-1,2,1,-1,-1,0.95,0.95,0.65,0.25,0.00933,0.08949
-1,2,1,-1,-1,1.0,1.0,0.65,0.25,0.041071,0.085714
-1,2,1,-1,-1,0.05,0.05,0.7,0.25,0.003667,0.521225
-1,2,1,-1,-1,0.1,0.1,0.7,0.25,0.003762,0.478572
-1,2,1,-1,-1,0.15,0.15,0.7,0.25,0.003762,0.424286
-1,2,1,-1,-1,0.2,0.2,0.7,0.25,0.003762,0.366123
-1,2,1,-1,-1,0.25,0.25,0.7,0.25,0.003858,0.32347
-1,2,1,-1,-1,0.3,0.3,0.7,0.25,0.003954,0.307959
-1,2,1,-1,-1,0.35,0.35,0.7,0.25,0.003954,0.280817
-1,2,1,-1,-1,0.4,0.4,0.7,0.25,0.004145,0.230408
-1,2,1,-1,-1,0.45,0.45,0.7,0.25,0.004145,0.203266
-1,2,1,-1,-1,0.5,0.5,0.7,0.25,0.004241,0.168368
-1,2,1,-1,-1,0.55,0.55,0.7,0.25,0.004528,0.145102
-1,2,1,-1,-1,0.6,0.6,0.7,0.25,0.00491,0.141225
-1,2,1,-1,-1,0.65,0.65,0.7,0.25,0.005197,0.125715
-1,2,1,-1,-1,0.7,0.7,0.7,0.25,0.005484,0.117959
-1,2,1,-1,-1,0.75,0.75,0.7,0.25,0.005963,0.106327
-1,2,1,-1,-1,0.8,0.8,0.7,0.25,0.006537,0.098572
-1,2,1,-1,-1,0.85,0.85,0.7,0.25,0.007398,0.094694
-1,2,1,-1,-1,0.9,0.9,0.7,0.25,0.008641,0.079184
-1,2,1,-1,-1,0.95,0.95,0.7,0.25,0.011798,0.075307
-1,2,1,-1,-1,1.0,1.0,0.7,0.25,0.057143,0.071429
-1,2,1,-1,-1,0.05,0.05,0.75,0.25,0.003711,0.513877
-1,2,1,-1,-1,0.1,0.1,0.75,0.25,0.003852,0.467857
-1,2,1,-1,-1,0.15,0.15,0.75,0.25,0.003852,0.409286
-1,2,1,-1,-1,0.2,0.2,0.75,0.25,0.003852,0.34653
-1,2,1,-1,-1,0.25,0.25,0.75,0.25,0.003992,0.30051
-1,2,1,-1,-1,0.3,0.3,0.75,0.25,0.004132,0.283775
-1,2,1,-1,-1,0.35,0.35,0.75,0.25,0.004132,0.254489
-1,2,1,-1,-1,0.4,0.4,0.75,0.25,0.004413,0.200102
-1,2,1,-1,-1,0.45,0.45,0.75,0.25,0.004413,0.170816
-1,2,1,-1,-1,0.5,0.5,0.75,0.25,0.004553,0.133163
-1,2,1,-1,-1,0.55,0.55,0.75,0.25,0.004974,0.108061
-1,2,1,-1,-1,0.6,0.6,0.75,0.25,0.005535,0.103877
-1,2,1,-1,-1,0.65,0.65,0.75,0.25,0.005956,0.087142
-1,2,1,-1,-1,0.7,0.7,0.75,0.25,0.006377,0.078775
-1,2,1,-1,-1,0.75,0.75,0.75,0.25,0.007079,0.066224
-1,2,1,-1,-1,0.8,0.8,0.75,0.25,0.007921,0.057857
-1,2,1,-1,-1,0.85,0.85,0.75,0.25,0.009183,0.053673
-1,2,1,-1,-1,0.9,0.9,0.75,0.25,0.011007,0.036939
-1,2,1,-1,-1,0.95,0.95,0.75,0.25,0.015637,0.032755
-1,2,1,-1,-1,1.0,1.0,0.75,0.25,0.082143,0.028571
-1,2,1,-1,-1,0.05,0.05,0.8,0.25,0.003804,0.512653
-1,2,1,-1,-1,0.1,0.1,0.8,0.25,0.004037,0.466072
-1,2,1,-1,-1,0.15,0.15,0.8,0.25,0.004037,0.406786
-1,2,1,-1,-1,0.2,0.2,0.8,0.25,0.004037,0.343266
-1,2,1,-1,-1,0.25,0.25,0.8,0.25,0.004269,0.296684
-1,2,1,-1,-1,0.3,0.3,0.8,0.25,0.004502,0.279745
-1,2,1,-1,-1,0.35,0.35,0.8,0.25,0.004502,0.250102
-1,2,1,-1,-1,0.4,0.4,0.8,0.25,0.004968,0.195051
-1,2,1,-1,-1,0.45,0.45,0.8,0.25,0.004968,0.165408
-1,2,1,-1,-1,0.5,0.5,0.8,0.25,0.0052,0.127296
-1,2,1,-1,-1,0.55,0.55,0.8,0.25,0.005899,0.101888
-1,2,1,-1,-1,0.6,0.6,0.8,0.25,0.00683,0.097653
-1,2,1,-1,-1,0.65,0.65,0.8,0.25,0.007528,0.080715
-1,2,1,-1,-1,0.7,0.7,0.8,0.25,0.008227,0.072245
-1,2,1,-1,-1,0.75,0.75,0.8,0.25,0.009391,0.059541
-1,2,1,-1,-1,0.8,0.8,0.8,0.25,0.010787,0.051072
-1,2,1,-1,-1,0.85,0.85,0.8,0.25,0.012882,0.046837
-1,2,1,-1,-1,0.9,0.9,0.8,0.25,0.015908,0.029899
-1,2,1,-1,-1,0.95,0.95,0.8,0.25,0.02359,0.025664
-1,2,1,-1,-1,1.0,1.0,0.8,0.25,0.133929,0.021429
-1,2,1,-1,-1,0.05,0.05,0.85,0.25,0.003887,0.510204
-1,2,1,-1,-1,0.1,0.1,0.85,0.25,0.004202,0.4625
-1,2,1,-1,-1,0.15,0.15,0.85,0.25,0.004202,0.401786
-1,2,1,-1,-1,0.2,0.2,0.85,0.25,0.004202,0.336735
-1,2,1,-1,-1,0.25,0.25,0.85,0.25,0.004518,0.289031
-1,2,1,-1,-1,0.3,0.3,0.85,0.25,0.004834,0.271684
-1,2,1,-1,-1,0.35,0.35,0.85,0.25,0.004834,0.241327
-1,2,1,-1,-1,0.4,0.4,0.85,0.25,0.005465,0.184949
-1,2,1,-1,-1,0.45,0.45,0.85,0.25,0.005465,0.154592
-1,2,1,-1,-1,0.5,0.5,0.85,0.25,0.005781,0.115561
-1,2,1,-1,-1,0.55,0.55,0.85,0.25,0.006728,0.089541
-1,2,1,-1,-1,0.6,0.6,0.85,0.25,0.007991,0.085204
-1,2,1,-1,-1,0.65,0.65,0.85,0.25,0.008938,0.067857
-1,2,1,-1,-1,0.7,0.7,0.85,0.25,0.009885,0.059184
-1,2,1,-1,-1,0.75,0.75,0.85,0.25,0.011463,0.046174
-1,2,1,-1,-1,0.8,0.8,0.85,0.25,0.013357,0.0375
-1,2,1,-1,-1,0.85,0.85,0.85,0.25,0.016199,0.033163
-1,2,1,-1,-1,0.9,0.9,0.85,0.25,0.020303,0.015817
-1,2,1,-1,-1,0.95,0.95,0.85,0.25,0.03072,0.01148
-1,2,1,-1,-1,1.0,1.0,0.85,0.25,0.180357,0.007143
-1,2,1,-1,-1,0.05,0.05,0.9,0.25,0.004021,0.510204
-1,2,1,-1,-1,0.1,0.1,0.9,0.25,0.00447,0.4625
-1,2,1,-1,-1,0.15,0.15,0.9,0.25,0.00447,0.401786
-1,2,1,-1,-1,0.2,0.2,0.9,0.25,0.00447,0.336735
-1,2,1,-1,-1,0.25,0.25,0.9,0.25,0.00492,0.289031
-1,2,1,-1,-1,0.3,0.3,0.9,0.25,0.00537,0.271684
-1,2,1,-1,-1,0.35,0.35,0.9,0.25,0.00537,0.241327
-1,2,1,-1,-1,0.4,0.4,0.9,0.25,0.006269,0.184949
-1,2,1,-1,-1,0.45,0.45,0.9,0.25,0.006269,0.154592
-1,2,1,-1,-1,0.5,0.5,0.9,0.25,0.006718,0.115561
-1,2,1,-1,-1,0.55,0.55,0.9,0.25,0.008067,0.089541
-1,2,1,-1,-1,0.6,0.6,0.9,0.25,0.009866,0.085204
-1,2,1,-1,-1,0.65,0.65,0.9,0.25,0.011214,0.067857
-1,2,1,-1,-1,0.7,0.7,0.9,0.25,0.012563,0.059184
-1,2,1,-1,-1,0.75,0.75,0.9,0.25,0.014811,0.046174
-1,2,1,-1,-1,0.8,0.8,0.9,0.25,0.017509,0.0375
-1,2,1,-1,-1,0.85,0.85,0.9,0.25,0.021556,0.033163
-1,2,1,-1,-1,0.9,0.9,0.9,0.25,0.027401,0.015817
-1,2,1,-1,-1,0.95,0.95,0.9,0.25,0.042238,0.01148
-1,2,1,-1,-1,1.0,1.0,0.9,0.25,0.255357,0.007143
-1,2,1,-1,-1,0.05,0.05,0.95,0.25,0.004247,0.50898
-1,2,1,-1,-1,0.1,0.1,0.95,0.25,0.004923,0.460715
-1,2,1,-1,-1,0.15,0.15,0.95,0.25,0.004923,0.399286
-1,2,1,-1,-1,0.2,0.2,0.95,0.25,0.004923,0.333469
-1,2,1,-1,-1,0.25,0.25,0.95,0.25,0.005599,0.285204
-1,2,1,-1,-1,0.3,0.3,0.95,0.25,0.006275,0.267653
-1,2,1,-1,-1,0.35,0.35,0.95,0.25,0.006275,0.236939
-1,2,1,-1,-1,0.4,0.4,0.95,0.25,0.007627,0.179898
-1,2,1,-1,-1,0.45,0.45,0.95,0.25,0.007627,0.149184
-1,2,1,-1,-1,0.5,0.5,0.95,0.25,0.008303,0.109694
-1,2,1,-1,-1,0.55,0.55,0.95,0.25,0.010331,0.083367
-1,2,1,-1,-1,0.6,0.6,0.95,0.25,0.013035,0.078979
-1,2,1,-1,-1,0.65,0.65,0.95,0.25,0.015063,0.061429
-1,2,1,-1,-1,0.7,0.7,0.95,0.25,0.017091,0.052653
-1,2,1,-1,-1,0.75,0.75,0.95,0.25,0.020472,0.03949
-1,2,1,-1,-1,0.8,0.8,0.95,0.25,0.024528,0.030714
-1,2,1,-1,-1,0.85,0.85,0.95,0.25,0.030612,0.026326
-1,2,1,-1,-1,0.9,0.9,0.95,0.25,0.0394,0.008776
-1,2,1,-1,-1,0.95,0.95,0.95,0.25,0.061709,0.004388
-1,2,1,-1,-1,1.0,1.0,0.95,0.25,0.382143,0.0
-1,2,1,-1,-1,0.05,0.05,1.0,0.25,0.005351,0.50898
-1,2,1,-1,-1,0.1,0.1,1.0,0.25,0.007129,0.460715
-1,2,1,-1,-1,0.15,0.15,1.0,0.25,0.007129,0.399286
-1,2,1,-1,-1,0.2,0.2,1.0,0.25,0.007129,0.333469
-1,2,1,-1,-1,0.25,0.25,1.0,0.25,0.008909,0.285204
-1,2,1,-1,-1,0.3,0.3,1.0,0.25,0.010688,0.267653
-1,2,1,-1,-1,0.35,0.35,1.0,0.25,0.010688,0.236939
-1,2,1,-1,-1,0.4,0.4,1.0,0.25,0.014247,0.179898
-1,2,1,-1,-1,0.45,0.45,1.0,0.25,0.014247,0.149184
-1,2,1,-1,-1,0.5,0.5,1.0,0.25,0.016026,0.109694
-1,2,1,-1,-1,0.55,0.55,1.0,0.25,0.021364,0.083367
-1,2,1,-1,-1,0.6,0.6,1.0,0.25,0.028482,0.078979
-1,2,1,-1,-1,0.65,0.65,1.0,0.25,0.03382,0.061429
-1,2,1,-1,-1,0.7,0.7,1.0,0.25,0.039157,0.052653
-1,2,1,-1,-1,0.75,0.75,1.0,0.25,0.048055,0.03949
-1,2,1,-1,-1,0.8,0.8,1.0,0.25,0.05873,0.030714
-1,2,1,-1,-1,0.85,0.85,1.0,0.25,0.074745,0.026326
-1,2,1,-1,-1,0.9,0.9,1.0,0.25,0.097876,0.008776
-1,2,1,-1,-1,0.95,0.95,1.0,0.25,0.156594,0.004388
-1,2,1,-1,-1,1.0,1.0,1.0,0.25,1.0,0.0
-1,2,1,-1,-1,0.05,0.05,0.3,0.3,0.007143,0.535714
-1,2,1,-1,-1,0.1,0.1,0.3,0.3,0.007143,0.535714
-1,2,1,-1,-1,0.15,0.15,0.3,0.3,0.007143,0.535714
-1,2,1,-1,-1,0.2,0.2,0.3,0.3,0.007143,0.535714
-1,2,1,-1,-1,0.25,0.25,0.3,0.3,0.007143,0.535714
-1,2,1,-1,-1,0.3,0.3,0.3,0.3,0.007143,0.535714
-1,2,1,-1,-1,0.35,0.35,0.3,0.3,0.007143,0.535714
-1,2,1,-1,-1,0.4,0.4,0.3,0.3,0.007143,0.535714
-1,2,1,-1,-1,0.45,0.45,0.3,0.3,0.007143,0.535714
-1,2,1,-1,-1,0.5,0.5,0.3,0.3,0.007143,0.535714
-1,2,1,-1,-1,0.55,0.55,0.3,0.3,0.007143,0.535714
-1,2,1,-1,-1,0.6,0.6,0.3,0.3,0.007143,0.535714
-1,2,1,-1,-1,0.65,0.65,0.3,0.3,0.007143,0.535714
-1,2,1,-1,-1,0.7,0.7,0.3,0.3,0.007143,0.535714
-1,2,1,-1,-1,0.75,0.75,0.3,0.3,0.007143,0.535714
-1,2,1,-1,-1,0.8,0.8,0.3,0.3,0.007143,0.535714
-1,2,1,-1,-1,0.85,0.85,0.3,0.3,0.007143,0.535714
-1,2,1,-1,-1,0.9,0.9,0.3,0.3,0.007143,0.535714
-1,2,1,-1,-1,0.95,0.95,0.3,0.3,0.007143,0.535714
-1,2,1,-1,-1,1.0,1.0,0.3,0.3,0.007143,0.535714
-1,2,1,-1,-1,0.05,0.05,0.35,0.3,0.007146,0.518571
-1,2,1,-1,-1,0.1,0.1,0.35,0.3,0.007149,0.510714
-1,2,1,-1,-1,0.15,0.15,0.35,0.3,0.007149,0.500714
-1,2,1,-1,-1,0.2,0.2,0.35,0.3,0.007149,0.49
-1,2,1,-1,-1,0.25,0.25,0.35,0.3,0.007153,0.482143
-1,2,1,-1,-1,0.3,0.3,0.35,0.3,0.007156,0.479285
-1,2,1,-1,-1,0.35,0.35,0.35,0.3,0.007156,0.474285
-1,2,1,-1,-1,0.4,0.4,0.35,0.3,0.007162,0.465
-1,2,1,-1,-1,0.45,0.45,0.35,0.3,0.007162,0.46
-1,2,1,-1,-1,0.5,0.5,0.35,0.3,0.007165,0.453571
-1,2,1,-1,-1,0.55,0.55,0.35,0.3,0.007175,0.449285
-1,2,1,-1,-1,0.6,0.6,0.35,0.3,0.007188,0.448571
-1,2,1,-1,-1,0.65,0.65,0.35,0.3,0.007197,0.445714
-1,2,1,-1,-1,0.7,0.7,0.35,0.3,0.007207,0.444285
-1,2,1,-1,-1,0.75,0.75,0.35,0.3,0.007223,0.442143
-1,2,1,-1,-1,0.8,0.8,0.35,0.3,0.007242,0.440714
-1,2,1,-1,-1,0.85,0.85,0.35,0.3,0.007271,0.44
-1,2,1,-1,-1,0.9,0.9,0.35,0.3,0.007312,0.437143
-1,2,1,-1,-1,0.95,0.95,0.35,0.3,0.007417,0.436428
-1,2,1,-1,-1,1.0,1.0,0.35,0.3,0.008929,0.435714
-1,2,1,-1,-1,0.05,0.05,0.4,0.3,0.007146,0.505102
-1,2,1,-1,-1,0.1,0.1,0.4,0.3,0.007149,0.491071
-1,2,1,-1,-1,0.15,0.15,0.4,0.3,0.007149,0.473214
-1,2,1,-1,-1,0.2,0.2,0.4,0.3,0.007149,0.454082
-1,2,1,-1,-1,0.25,0.25,0.4,0.3,0.007153,0.440051
-1,2,1,-1,-1,0.3,0.3,0.4,0.3,0.007156,0.434949
-1,2,1,-1,-1,0.35,0.35,0.4,0.3,0.007156,0.42602
-1,2,1,-1,-1,0.4,0.4,0.4,0.3,0.007162,0.409439
-1,2,1,-1,-1,0.45,0.45,0.4,0.3,0.007162,0.40051
-1,2,1,-1,-1,0.5,0.5,0.4,0.3,0.007165,0.389031
-1,2,1,-1,-1,0.55,0.55,0.4,0.3,0.007175,0.381378
-1,2,1,-1,-1,0.6,0.6,0.4,0.3,0.007188,0.380102
-1,2,1,-1,-1,0.65,0.65,0.4,0.3,0.007197,0.375
-1,2,1,-1,-1,0.7,0.7,0.4,0.3,0.007207,0.372449
-1,2,1,-1,-1,0.75,0.75,0.4,0.3,0.007223,0.368623
-1,2,1,-1,-1,0.8,0.8,0.4,0.3,0.007242,0.366072
-1,2,1,-1,-1,0.85,0.85,0.4,0.3,0.007271,0.364796
-1,2,1,-1,-1,0.9,0.9,0.4,0.3,0.007312,0.359694
-1,2,1,-1,-1,0.95,0.95,0.4,0.3,0.007417,0.358419
-1,2,1,-1,-1,1.0,1.0,0.4,0.3,0.008929,0.357143
-1,2,1,-1,-1,0.05,0.05,0.45,0.3,0.007146,0.489183
-1,2,1,-1,-1,0.1,0.1,0.45,0.3,0.007149,0.467857
-1,2,1,-1,-1,0.15,0.15,0.45,0.3,0.007149,0.440714
-1,2,1,-1,-1,0.2,0.2,0.45,0.3,0.007149,0.411633
-1,2,1,-1,-1,0.25,0.25,0.45,0.3,0.007153,0.390306
-1,2,1,-1,-1,0.3,0.3,0.45,0.3,0.007156,0.382551
-1,2,1,-1,-1,0.35,0.35,0.45,0.3,0.007156,0.36898
-1,2,1,-1,-1,0.4,0.4,0.45,0.3,0.007162,0.343776
-1,2,1,-1,-1,0.45,0.45,0.45,0.3,0.007162,0.330204
-1,2,1,-1,-1,0.5,0.5,0.45,0.3,0.007165,0.312755
-1,2,1,-1,-1,0.55,0.55,0.45,0.3,0.007175,0.301123
-1,2,1,-1,-1,0.6,0.6,0.45,0.3,0.007188,0.299184
-1,2,1,-1,-1,0.65,0.65,0.45,0.3,0.007197,0.291429
-1,2,1,-1,-1,0.7,0.7,0.45,0.3,0.007207,0.287551
-1,2,1,-1,-1,0.75,0.75,0.45,0.3,0.007223,0.281735
-1,2,1,-1,-1,0.8,0.8,0.45,0.3,0.007242,0.277857
-1,2,1,-1,-1,0.85,0.85,0.45,0.3,0.007271,0.275919
-1,2,1,-1,-1,0.9,0.9,0.45,0.3,0.007312,0.268164
-1,2,1,-1,-1,0.95,0.95,0.45,0.3,0.007417,0.266225
-1,2,1,-1,-1,1.0,1.0,0.45,0.3,0.008929,0.264286
-1,2,1,-1,-1,0.05,0.05,0.5,0.3,0.007159,0.484285
-1,2,1,-1,-1,0.1,0.1,0.5,0.3,0.007175,0.460714
-1,2,1,-1,-1,0.15,0.15,0.5,0.3,0.007175,0.430714
-1,2,1,-1,-1,0.2,0.2,0.5,0.3,0.007175,0.398571
-1,2,1,-1,-1,0.25,0.25,0.5,0.3,0.007191,0.375
-1,2,1,-1,-1,0.3,0.3,0.5,0.3,0.007207,0.366428
-1,2,1,-1,-1,0.35,0.35,0.5,0.3,0.007207,0.351428
-1,2,1,-1,-1,0.4,0.4,0.5,0.3,0.007239,0.323571
-1,2,1,-1,-1,0.45,0.45,0.5,0.3,0.007239,0.308571
-1,2,1,-1,-1,0.5,0.5,0.5,0.3,0.007255,0.289285
-1,2,1,-1,-1,0.55,0.55,0.5,0.3,0.007302,0.276428
-1,2,1,-1,-1,0.6,0.6,0.5,0.3,0.007366,0.274285
-1,2,1,-1,-1,0.65,0.65,0.5,0.3,0.007414,0.265714
-1,2,1,-1,-1,0.7,0.7,0.5,0.3,0.007462,0.261428
-1,2,1,-1,-1,0.75,0.75,0.5,0.3,0.007542,0.255
-1,2,1,-1,-1,0.8,0.8,0.5,0.3,0.007637,0.250714
-1,2,1,-1,-1,0.85,0.85,0.5,0.3,0.007781,0.248571
-1,2,1,-1,-1,0.9,0.9,0.5,0.3,0.007988,0.24
-1,2,1,-1,-1,0.95,0.95,0.5,0.3,0.008514,0.237857
-1,2,1,-1,-1,1.0,1.0,0.5,0.3,0.016071,0.235714
-1,2,1,-1,-1,0.05,0.05,0.55,0.3,0.007169,0.47204
-1,2,1,-1,-1,0.1,0.1,0.55,0.3,0.007194,0.442857
-1,2,1,-1,-1,0.15,0.15,0.55,0.3,0.007194,0.405714
-1,2,1,-1,-1,0.2,0.2,0.55,0.3,0.007194,0.365918
-1,2,1,-1,-1,0.25,0.25,0.55,0.3,0.00722,0.336735
-1,2,1,-1,-1,0.3,0.3,0.55,0.3,0.007245,0.326122
-1,2,1,-1,-1,0.35,0.35,0.55,0.3,0.007245,0.307551
-1,2,1,-1,-1,0.4,0.4,0.55,0.3,0.007296,0.273061
-1,2,1,-1,-1,0.45,0.45,0.55,0.3,0.007296,0.25449
-1,2,1,-1,-1,0.5,0.5,0.55,0.3,0.007322,0.230612
-1,2,1,-1,-1,0.55,0.55,0.55,0.3,0.007398,0.214694
-1,2,1,-1,-1,0.6,0.6,0.55,0.3,0.0075,0.212041
-1,2,1,-1,-1,0.65,0.65,0.55,0.3,0.007577,0.201429
-1,2,1,-1,-1,0.7,0.7,0.55,0.3,0.007653,0.196123
-1,2,1,-1,-1,0.75,0.75,0.55,0.3,0.007781,0.188164
-1,2,1,-1,-1,0.8,0.8,0.55,0.3,0.007934,0.182857
-1,2,1,-1,-1,0.85,0.85,0.55,0.3,0.008163,0.180204
-1,2,1,-1,-1,0.9,0.9,0.55,0.3,0.008495,0.169592
-1,2,1,-1,-1,0.95,0.95,0.55,0.3,0.009337,0.166939
-1,2,1,-1,-1,1.0,1.0,0.55,0.3,0.021429,0.164286
-1,2,1,-1,-1,0.05,0.05,0.6,0.3,0.007181,0.463469
-1,2,1,-1,-1,0.1,0.1,0.6,0.3,0.00722,0.430357
-1,2,1,-1,-1,0.15,0.15,0.6,0.3,0.00722,0.388214
-1,2,1,-1,-1,0.2,0.2,0.6,0.3,0.00722,0.343061
-1,2,1,-1,-1,0.25,0.25,0.6,0.3,0.007258,0.309949
-1,2,1,-1,-1,0.3,0.3,0.6,0.3,0.007296,0.297908
-1,2,1,-1,-1,0.35,0.35,0.6,0.3,0.007296,0.276837
-1,2,1,-1,-1,0.4,0.4,0.6,0.3,0.007373,0.237704
-1,2,1,-1,-1,0.45,0.45,0.6,0.3,0.007373,0.216633
-1,2,1,-1,-1,0.5,0.5,0.6,0.3,0.007411,0.189541
-1,2,1,-1,-1,0.55,0.55,0.6,0.3,0.007526,0.17148
-1,2,1,-1,-1,0.6,0.6,0.6,0.3,0.007679,0.168469
-1,2,1,-1,-1,0.65,0.65,0.6,0.3,0.007793,0.156429
-1,2,1,-1,-1,0.7,0.7,0.6,0.3,0.007908,0.150408
-1,2,1,-1,-1,0.75,0.75,0.6,0.3,0.0081,0.141378
-1,2,1,-1,-1,0.8,0.8,0.6,0.3,0.008329,0.135357
-1,2,1,-1,-1,0.85,0.85,0.6,0.3,0.008674,0.132347
-1,2,1,-1,-1,0.9,0.9,0.6,0.3,0.009171,0.120307
-1,2,1,-1,-1,0.95,0.95,0.6,0.3,0.010434,0.117296
-1,2,1,-1,-1,1.0,1.0,0.6,0.3,0.028571,0.114286
-1,2,1,-1,-1,0.05,0.05,0.65,0.3,0.007204,0.458571
-1,2,1,-1,-1,0.1,0.1,0.65,0.3,0.007264,0.423214
-1,2,1,-1,-1,0.15,0.15,0.65,0.3,0.007264,0.378214
-1,2,1,-1,-1,0.2,0.2,0.65,0.3,0.007264,0.33
-1,2,1,-1,-1,0.25,0.25,0.65,0.3,0.007325,0.294643
-1,2,1,-1,-1,0.3,0.3,0.65,0.3,0.007385,0.281785
-1,2,1,-1,-1,0.35,0.35,0.65,0.3,0.007385,0.259285
-1,2,1,-1,-1,0.4,0.4,0.65,0.3,0.007507,0.2175
-1,2,1,-1,-1,0.45,0.45,0.65,0.3,0.007507,0.195
-1,2,1,-1,-1,0.5,0.5,0.65,0.3,0.007567,0.166071
-1,2,1,-1,-1,0.55,0.55,0.65,0.3,0.007749,0.146785
-1,2,1,-1,-1,0.6,0.6,0.65,0.3,0.007991,0.143571
-1,2,1,-1,-1,0.65,0.65,0.65,0.3,0.008173,0.130714
-1,2,1,-1,-1,0.7,0.7,0.65,0.3,0.008355,0.124285
-1,2,1,-1,-1,0.75,0.75,0.65,0.3,0.008658,0.114643
-1,2,1,-1,-1,0.8,0.8,0.65,0.3,0.009021,0.108214
-1,2,1,-1,-1,0.85,0.85,0.65,0.3,0.009566,0.105
-1,2,1,-1,-1,0.9,0.9,0.65,0.3,0.010354,0.092143
-1,2,1,-1,-1,0.95,0.95,0.65,0.3,0.012353,0.088928
-1,2,1,-1,-1,1.0,1.0,0.65,0.3,0.041071,0.085714
-1,2,1,-1,-1,0.05,0.05,0.7,0.3,0.007232,0.456122
-1,2,1,-1,-1,0.1,0.1,0.7,0.3,0.007322,0.419643
-1,2,1,-1,-1,0.15,0.15,0.7,0.3,0.007322,0.373214
-1,2,1,-1,-1,0.2,0.2,0.7,0.3,0.007322,0.323469
-1,2,1,-1,-1,0.25,0.25,0.7,0.3,0.007411,0.28699
-1,2,1,-1,-1,0.3,0.3,0.7,0.3,0.0075,0.273724
-1,2,1,-1,-1,0.35,0.35,0.7,0.3,0.0075,0.25051
-1,2,1,-1,-1,0.4,0.4,0.7,0.3,0.007679,0.207398
-1,2,1,-1,-1,0.45,0.45,0.7,0.3,0.007679,0.184184
-1,2,1,-1,-1,0.5,0.5,0.7,0.3,0.007768,0.154337
-1,2,1,-1,-1,0.55,0.55,0.7,0.3,0.008036,0.134439
-1,2,1,-1,-1,0.6,0.6,0.7,0.3,0.008393,0.131123
-1,2,1,-1,-1,0.65,0.65,0.7,0.3,0.008661,0.117858
-1,2,1,-1,-1,0.7,0.7,0.7,0.3,0.008929,0.111225
-1,2,1,-1,-1,0.75,0.75,0.7,0.3,0.009375,0.101276
-1,2,1,-1,-1,0.8,0.8,0.7,0.3,0.009911,0.094643
-1,2,1,-1,-1,0.85,0.85,0.7,0.3,0.010714,0.091327
-1,2,1,-1,-1,0.9,0.9,0.7,0.3,0.011875,0.078062
-1,2,1,-1,-1,0.95,0.95,0.7,0.3,0.014822,0.074745
-1,2,1,-1,-1,1.0,1.0,0.7,0.3,0.057143,0.071429
-1,2,1,-1,-1,0.05,0.05,0.75,0.3,0.007277,0.448775
-1,2,1,-1,-1,0.1,0.1,0.75,0.3,0.007411,0.408928
-1,2,1,-1,-1,0.15,0.15,0.75,0.3,0.007411,0.358214
-1,2,1,-1,-1,0.2,0.2,0.75,0.3,0.007411,0.303877
-1,2,1,-1,-1,0.25,0.25,0.75,0.3,0.007545,0.26403
-1,2,1,-1,-1,0.3,0.3,0.75,0.3,0.007679,0.24954
-1,2,1,-1,-1,0.35,0.35,0.75,0.3,0.007679,0.224183
-1,2,1,-1,-1,0.4,0.4,0.75,0.3,0.007947,0.177091
-1,2,1,-1,-1,0.45,0.45,0.75,0.3,0.007947,0.151734
-1,2,1,-1,-1,0.5,0.5,0.75,0.3,0.008081,0.119132
-1,2,1,-1,-1,0.55,0.55,0.75,0.3,0.008482,0.097397
-1,2,1,-1,-1,0.6,0.6,0.75,0.3,0.009018,0.093775
-1,2,1,-1,-1,0.65,0.65,0.75,0.3,0.00942,0.079285
-1,2,1,-1,-1,0.7,0.7,0.75,0.3,0.009822,0.07204
-1,2,1,-1,-1,0.75,0.75,0.75,0.3,0.010491,0.061173
-1,2,1,-1,-1,0.8,0.8,0.75,0.3,0.011295,0.053928
-1,2,1,-1,-1,0.85,0.85,0.75,0.3,0.0125,0.050306
-1,2,1,-1,-1,0.9,0.9,0.75,0.3,0.014241,0.035816
-1,2,1,-1,-1,0.95,0.95,0.75,0.3,0.018661,0.032194
-1,2,1,-1,-1,1.0,1.0,0.75,0.3,0.082143,0.028571
-1,2,1,-1,-1,0.05,0.05,0.8,0.3,0.007369,0.447551
-1,2,1,-1,-1,0.1,0.1,0.8,0.3,0.007596,0.407143
-1,2,1,-1,-1,0.15,0.15,0.8,0.3,0.007596,0.355714
-1,2,1,-1,-1,0.2,0.2,0.8,0.3,0.007596,0.300612
-1,2,1,-1,-1,0.25,0.25,0.8,0.3,0.007822,0.260204
-1,2,1,-1,-1,0.3,0.3,0.8,0.3,0.008049,0.24551
-1,2,1,-1,-1,0.35,0.35,0.8,0.3,0.008049,0.219796
-1,2,1,-1,-1,0.4,0.4,0.8,0.3,0.008501,0.172041
-1,2,1,-1,-1,0.45,0.45,0.8,0.3,0.008501,0.146327
-1,2,1,-1,-1,0.5,0.5,0.8,0.3,0.008728,0.113265
-1,2,1,-1,-1,0.55,0.55,0.8,0.3,0.009407,0.091225
-1,2,1,-1,-1,0.6,0.6,0.8,0.3,0.010313,0.087551
-1,2,1,-1,-1,0.65,0.65,0.8,0.3,0.010992,0.072858
-1,2,1,-1,-1,0.7,0.7,0.8,0.3,0.011671,0.06551
-1,2,1,-1,-1,0.75,0.75,0.8,0.3,0.012803,0.05449
-1,2,1,-1,-1,0.8,0.8,0.8,0.3,0.014161,0.047143
-1,2,1,-1,-1,0.85,0.85,0.8,0.3,0.016199,0.04347
-1,2,1,-1,-1,0.9,0.9,0.8,0.3,0.019142,0.028776
-1,2,1,-1,-1,0.95,0.95,0.8,0.3,0.026614,0.025103
-1,2,1,-1,-1,1.0,1.0,0.8,0.3,0.133929,0.021429
-1,2,1,-1,-1,0.05,0.05,0.85,0.3,0.007452,0.445102
-1,2,1,-1,-1,0.1,0.1,0.85,0.3,0.007762,0.403571
-1,2,1,-1,-1,0.15,0.15,0.85,0.3,0.007762,0.350714
-1,2,1,-1,-1,0.2,0.2,0.85,0.3,0.007762,0.294081
-1,2,1,-1,-1,0.25,0.25,0.85,0.3,0.008071,0.252551
-1,2,1,-1,-1,0.3,0.3,0.85,0.3,0.00838,0.237449
-1,2,1,-1,-1,0.35,0.35,0.85,0.3,0.00838,0.21102
-1,2,1,-1,-1,0.4,0.4,0.85,0.3,0.008999,0.161939
-1,2,1,-1,-1,0.45,0.45,0.85,0.3,0.008999,0.13551
-1,2,1,-1,-1,0.5,0.5,0.85,0.3,0.009308,0.10153
-1,2,1,-1,-1,0.55,0.55,0.85,0.3,0.010236,0.078877
-1,2,1,-1,-1,0.6,0.6,0.85,0.3,0.011473,0.075102
-1,2,1,-1,-1,0.65,0.65,0.85,0.3,0.012401,0.06
-1,2,1,-1,-1,0.7,0.7,0.85,0.3,0.013329,0.052449
-1,2,1,-1,-1,0.75,0.75,0.85,0.3,0.014876,0.041123
-1,2,1,-1,-1,0.8,0.8,0.85,0.3,0.016732,0.033572
-1,2,1,-1,-1,0.85,0.85,0.85,0.3,0.019516,0.029796
-1,2,1,-1,-1,0.9,0.9,0.85,0.3,0.023536,0.014694
-1,2,1,-1,-1,0.95,0.95,0.85,0.3,0.033744,0.010919
-1,2,1,-1,-1,1.0,1.0,0.85,0.3,0.180357,0.007143
-1,2,1,-1,-1,0.05,0.05,0.9,0.3,0.007586,0.445102
-1,2,1,-1,-1,0.1,0.1,0.9,0.3,0.008029,0.403571
-1,2,1,-1,-1,0.15,0.15,0.9,0.3,0.008029,0.350714
-1,2,1,-1,-1,0.2,0.2,0.9,0.3,0.008029,0.294081
-1,2,1,-1,-1,0.25,0.25,0.9,0.3,0.008473,0.252551
-1,2,1,-1,-1,0.3,0.3,0.9,0.3,0.008916,0.237449
-1,2,1,-1,-1,0.35,0.35,0.9,0.3,0.008916,0.21102
-1,2,1,-1,-1,0.4,0.4,0.9,0.3,0.009802,0.161939
-1,2,1,-1,-1,0.45,0.45,0.9,0.3,0.009802,0.13551
-1,2,1,-1,-1,0.5,0.5,0.9,0.3,0.010246,0.10153
-1,2,1,-1,-1,0.55,0.55,0.9,0.3,0.011575,0.078877
-1,2,1,-1,-1,0.6,0.6,0.9,0.3,0.013348,0.075102
-1,2,1,-1,-1,0.65,0.65,0.9,0.3,0.014678,0.06
-1,2,1,-1,-1,0.7,0.7,0.9,0.3,0.016008,0.052449
-1,2,1,-1,-1,0.75,0.75,0.9,0.3,0.018224,0.041123
-1,2,1,-1,-1,0.8,0.8,0.9,0.3,0.020883,0.033572
-1,2,1,-1,-1,0.85,0.85,0.9,0.3,0.024873,0.029796
-1,2,1,-1,-1,0.9,0.9,0.9,0.3,0.030635,0.014694
-1,2,1,-1,-1,0.95,0.95,0.9,0.3,0.045261,0.010919
-1,2,1,-1,-1,1.0,1.0,0.9,0.3,0.255357,0.007143
-1,2,1,-1,-1,0.05,0.05,0.95,0.3,0.007813,0.443877
-1,2,1,-1,-1,0.1,0.1,0.95,0.3,0.008482,0.401786
-1,2,1,-1,-1,0.15,0.15,0.95,0.3,0.008482,0.348214
-1,2,1,-1,-1,0.2,0.2,0.95,0.3,0.008482,0.290816
-1,2,1,-1,-1,0.25,0.25,0.95,0.3,0.009152,0.248725
-1,2,1,-1,-1,0.3,0.3,0.95,0.3,0.009822,0.233418
-1,2,1,-1,-1,0.35,0.35,0.95,0.3,0.009822,0.206632
-1,2,1,-1,-1,0.4,0.4,0.95,0.3,0.011161,0.156888
-1,2,1,-1,-1,0.45,0.45,0.95,0.3,0.011161,0.130102
-1,2,1,-1,-1,0.5,0.5,0.95,0.3,0.011831,0.095663
-1,2,1,-1,-1,0.55,0.55,0.95,0.3,0.013839,0.072704
-1,2,1,-1,-1,0.6,0.6,0.95,0.3,0.016518,0.068877
-1,2,1,-1,-1,0.65,0.65,0.95,0.3,0.018527,0.053571
-1,2,1,-1,-1,0.7,0.7,0.95,0.3,0.020536,0.045918
-1,2,1,-1,-1,0.75,0.75,0.95,0.3,0.023884,0.034439
-1,2,1,-1,-1,0.8,0.8,0.95,0.3,0.027902,0.026786
-1,2,1,-1,-1,0.85,0.85,0.95,0.3,0.033929,0.022959
-1,2,1,-1,-1,0.9,0.9,0.95,0.3,0.042634,0.007653
-1,2,1,-1,-1,0.95,0.95,0.95,0.3,0.064732,0.003827
-1,2,1,-1,-1,1.0,1.0,0.95,0.3,0.382143,0.0
-1,2,1,-1,-1,0.05,0.05,1.0,0.3,0.008916,0.443877
-1,2,1,-1,-1,0.1,0.1,1.0,0.3,0.010688,0.401786
-1,2,1,-1,-1,0.15,0.15,1.0,0.3,0.010688,0.348214
-1,2,1,-1,-1,0.2,0.2,1.0,0.3,0.010688,0.290816
-1,2,1,-1,-1,0.25,0.25,1.0,0.3,0.012462,0.248725
-1,2,1,-1,-1,0.3,0.3,1.0,0.3,0.014235,0.233418
-1,2,1,-1,-1,0.35,0.35,1.0,0.3,0.014235,0.206632
-1,2,1,-1,-1,0.4,0.4,1.0,0.3,0.01778,0.156888
-1,2,1,-1,-1,0.45,0.45,1.0,0.3,0.01778,0.130102
-1,2,1,-1,-1,0.5,0.5,1.0,0.3,0.019554,0.095663
-1,2,1,-1,-1,0.55,0.55,1.0,0.3,0.024872,0.072704
-1,2,1,-1,-1,0.6,0.6,1.0,0.3,0.031964,0.068877
-1,2,1,-1,-1,0.65,0.65,1.0,0.3,0.037283,0.053571
-1,2,1,-1,-1,0.7,0.7,1.0,0.3,0.042602,0.045918
-1,2,1,-1,-1,0.75,0.75,1.0,0.3,0.051467,0.034439
-1,2,1,-1,-1,0.8,0.8,1.0,0.3,0.062105,0.026786
-1,2,1,-1,-1,0.85,0.85,1.0,0.3,0.078062,0.022959
-1,2,1,-1,-1,0.9,0.9,1.0,0.3,0.10111,0.007653
-1,2,1,-1,-1,0.95,0.95,1.0,0.3,0.159617,0.003827
-1,2,1,-1,-1,1.0,1.0,1.0,0.3,1.0,0.0
-1,2,1,-1,-1,0.05,0.05,0.35,0.35,0.008929,0.435714
-1,2,1,-1,-1,0.1,0.1,0.35,0.35,0.008929,0.435714
-1,2,1,-1,-1,0.15,0.15,0.35,0.35,0.008929,0.435714
-1,2,1,-1,-1,0.2,0.2,0.35,0.35,0.008929,0.435714
-1,2,1,-1,-1,0.25,0.25,0.35,0.35,0.008929,0.435714
-1,2,1,-1,-1,0.3,0.3,0.35,0.35,0.008929,0.435714
-1,2,1,-1,-1,0.35,0.35,0.35,0.35,0.008929,0.435714
-1,2,1,-1,-1,0.4,0.4,0.35,0.35,0.008929,0.435714
-1,2,1,-1,-1,0.45,0.45,0.35,0.35,0.008929,0.435714
-1,2,1,-1,-1,0.5,0.5,0.35,0.35,0.008929,0.435714
-1,2,1,-1,-1,0.55,0.55,0.35,0.35,0.008929,0.435714
-1,2,1,-1,-1,0.6,0.6,0.35,0.35,0.008929,0.435714
-1,2,1,-1,-1,0.65,0.65,0.35,0.35,0.008929,0.435714
-1,2,1,-1,-1,0.7,0.7,0.35,0.35,0.008929,0.435714
-1,2,1,-1,-1,0.75,0.75,0.35,0.35,0.008929,0.435714
-1,2,1,-1,-1,0.8,0.8,0.35,0.35,0.008929,0.435714
-1,2,1,-1,-1,0.85,0.85,0.35,0.35,0.008929,0.435714
-1,2,1,-1,-1,0.9,0.9,0.35,0.35,0.008929,0.435714
-1,2,1,-1,-1,0.95,0.95,0.35,0.35,0.008929,0.435714
-1,2,1,-1,-1,1.0,1.0,0.35,0.35,0.008929,0.435714
-1,2,1,-1,-1,0.05,0.05,0.4,0.35,0.008929,0.422245
-1,2,1,-1,-1,0.1,0.1,0.4,0.35,0.008929,0.416071
-1,2,1,-1,-1,0.15,0.15,0.4,0.35,0.008929,0.408214
-1,2,1,-1,-1,0.2,0.2,0.4,0.35,0.008929,0.399796
-1,2,1,-1,-1,0.25,0.25,0.4,0.35,0.008929,0.393622
-1,2,1,-1,-1,0.3,0.3,0.4,0.35,0.008929,0.391377
-1,2,1,-1,-1,0.35,0.35,0.4,0.35,0.008929,0.387449
-1,2,1,-1,-1,0.4,0.4,0.4,0.35,0.008929,0.380153
-1,2,1,-1,-1,0.45,0.45,0.4,0.35,0.008929,0.376225
-1,2,1,-1,-1,0.5,0.5,0.4,0.35,0.008929,0.371174
-1,2,1,-1,-1,0.55,0.55,0.4,0.35,0.008929,0.367806
-1,2,1,-1,-1,0.6,0.6,0.4,0.35,0.008929,0.367245
-1,2,1,-1,-1,0.65,0.65,0.4,0.35,0.008929,0.365
-1,2,1,-1,-1,0.7,0.7,0.4,0.35,0.008929,0.363878
-1,2,1,-1,-1,0.75,0.75,0.4,0.35,0.008929,0.362194
-1,2,1,-1,-1,0.8,0.8,0.4,0.35,0.008929,0.361072
-1,2,1,-1,-1,0.85,0.85,0.4,0.35,0.008929,0.36051
-1,2,1,-1,-1,0.9,0.9,0.4,0.35,0.008929,0.358265
-1,2,1,-1,-1,0.95,0.95,0.4,0.35,0.008929,0.357704
-1,2,1,-1,-1,1.0,1.0,0.4,0.35,0.008929,0.357143
-1,2,1,-1,-1,0.05,0.05,0.45,0.35,0.008929,0.406326
-1,2,1,-1,-1,0.1,0.1,0.45,0.35,0.008929,0.392857
-1,2,1,-1,-1,0.15,0.15,0.45,0.35,0.008929,0.375714
-1,2,1,-1,-1,0.2,0.2,0.45,0.35,0.008929,0.357347
-1,2,1,-1,-1,0.25,0.25,0.45,0.35,0.008929,0.343878
-1,2,1,-1,-1,0.3,0.3,0.45,0.35,0.008929,0.33898
-1,2,1,-1,-1,0.35,0.35,0.45,0.35,0.008929,0.330408
-1,2,1,-1,-1,0.4,0.4,0.45,0.35,0.008929,0.31449
-1,2,1,-1,-1,0.45,0.45,0.45,0.35,0.008929,0.305918
-1,2,1,-1,-1,0.5,0.5,0.45,0.35,0.008929,0.294898
-1,2,1,-1,-1,0.55,0.55,0.45,0.35,0.008929,0.287551
-1,2,1,-1,-1,0.6,0.6,0.45,0.35,0.008929,0.286327
-1,2,1,-1,-1,0.65,0.65,0.45,0.35,0.008929,0.281429
-1,2,1,-1,-1,0.7,0.7,0.45,0.35,0.008929,0.27898
-1,2,1,-1,-1,0.75,0.75,0.45,0.35,0.008929,0.275306
-1,2,1,-1,-1,0.8,0.8,0.45,0.35,0.008929,0.272857
-1,2,1,-1,-1,0.85,0.85,0.45,0.35,0.008929,0.271633
-1,2,1,-1,-1,0.9,0.9,0.45,0.35,0.008929,0.266735
-1,2,1,-1,-1,0.95,0.95,0.45,0.35,0.008929,0.265511
-1,2,1,-1,-1,1.0,1.0,0.45,0.35,0.008929,0.264286
-1,2,1,-1,-1,0.05,0.05,0.5,0.35,0.008942,0.401428
-1,2,1,-1,-1,0.1,0.1,0.5,0.35,0.008955,0.385714
-1,2,1,-1,-1,0.15,0.15,0.5,0.35,0.008955,0.365714
-1,2,1,-1,-1,0.2,0.2,0.5,0.35,0.008955,0.344285
-1,2,1,-1,-1,0.25,0.25,0.5,0.35,0.008967,0.328571
-1,2,1,-1,-1,0.3,0.3,0.5,0.35,0.00898,0.322857
-1,2,1,-1,-1,0.35,0.35,0.5,0.35,0.00898,0.312857
-1,2,1,-1,-1,0.4,0.4,0.5,0.35,0.009006,0.294285
-1,2,1,-1,-1,0.45,0.45,0.5,0.35,0.009006,0.284285
-1,2,1,-1,-1,0.5,0.5,0.5,0.35,0.009018,0.271428
-1,2,1,-1,-1,0.55,0.55,0.5,0.35,0.009057,0.262857
-1,2,1,-1,-1,0.6,0.6,0.5,0.35,0.009108,0.261428
-1,2,1,-1,-1,0.65,0.65,0.5,0.35,0.009146,0.255714
-1,2,1,-1,-1,0.7,0.7,0.5,0.35,0.009184,0.252857
-1,2,1,-1,-1,0.75,0.75,0.5,0.35,0.009248,0.248571
-1,2,1,-1,-1,0.8,0.8,0.5,0.35,0.009324,0.245714
-1,2,1,-1,-1,0.85,0.85,0.5,0.35,0.009439,0.244285
-1,2,1,-1,-1,0.9,0.9,0.5,0.35,0.009605,0.238571
-1,2,1,-1,-1,0.95,0.95,0.5,0.35,0.010026,0.237143
-1,2,1,-1,-1,1.0,1.0,0.5,0.35,0.016071,0.235714
-1,2,1,-1,-1,0.05,0.05,0.55,0.35,0.008951,0.389183
-1,2,1,-1,-1,0.1,0.1,0.55,0.35,0.008974,0.367857
-1,2,1,-1,-1,0.15,0.15,0.55,0.35,0.008974,0.340714
-1,2,1,-1,-1,0.2,0.2,0.55,0.35,0.008974,0.311633
-1,2,1,-1,-1,0.25,0.25,0.55,0.35,0.008996,0.290306
-1,2,1,-1,-1,0.3,0.3,0.55,0.35,0.009018,0.282551
-1,2,1,-1,-1,0.35,0.35,0.55,0.35,0.009018,0.26898
-1,2,1,-1,-1,0.4,0.4,0.55,0.35,0.009063,0.243776
-1,2,1,-1,-1,0.45,0.45,0.55,0.35,0.009063,0.230204
-1,2,1,-1,-1,0.5,0.5,0.55,0.35,0.009085,0.212755
-1,2,1,-1,-1,0.55,0.55,0.55,0.35,0.009152,0.201123
-1,2,1,-1,-1,0.6,0.6,0.55,0.35,0.009241,0.199184
-1,2,1,-1,-1,0.65,0.65,0.55,0.35,0.009308,0.191429
-1,2,1,-1,-1,0.7,0.7,0.55,0.35,0.009375,0.187551
-1,2,1,-1,-1,0.75,0.75,0.55,0.35,0.009487,0.181735
-1,2,1,-1,-1,0.8,0.8,0.55,0.35,0.009621,0.177857
-1,2,1,-1,-1,0.85,0.85,0.55,0.35,0.009822,0.175919
-1,2,1,-1,-1,0.9,0.9,0.55,0.35,0.010112,0.168164
-1,2,1,-1,-1,0.95,0.95,0.55,0.35,0.010849,0.166225
-1,2,1,-1,-1,1.0,1.0,0.55,0.35,0.021429,0.164286
-1,2,1,-1,-1,0.05,0.05,0.6,0.35,0.008964,0.380612
-1,2,1,-1,-1,0.1,0.1,0.6,0.35,0.008999,0.355357
-1,2,1,-1,-1,0.15,0.15,0.6,0.35,0.008999,0.323214
-1,2,1,-1,-1,0.2,0.2,0.6,0.35,0.008999,0.288775
-1,2,1,-1,-1,0.25,0.25,0.6,0.35,0.009034,0.263521
-1,2,1,-1,-1,0.3,0.3,0.6,0.35,0.009069,0.254337
-1,2,1,-1,-1,0.35,0.35,0.6,0.35,0.009069,0.238265
-1,2,1,-1,-1,0.4,0.4,0.6,0.35,0.009139,0.208418
-1,2,1,-1,-1,0.45,0.45,0.6,0.35,0.009139,0.192347
-1,2,1,-1,-1,0.5,0.5,0.6,0.35,0.009175,0.171684
-1,2,1,-1,-1,0.55,0.55,0.6,0.35,0.00928,0.157908
-1,2,1,-1,-1,0.6,0.6,0.6,0.35,0.00942,0.155612
-1,2,1,-1,-1,0.65,0.65,0.6,0.35,0.009525,0.146429
-1,2,1,-1,-1,0.7,0.7,0.6,0.35,0.00963,0.141837
-1,2,1,-1,-1,0.75,0.75,0.6,0.35,0.009806,0.134949
-1,2,1,-1,-1,0.8,0.8,0.6,0.35,0.010016,0.130357
-1,2,1,-1,-1,0.85,0.85,0.6,0.35,0.010332,0.128061
-1,2,1,-1,-1,0.9,0.9,0.6,0.35,0.010788,0.118878
-1,2,1,-1,-1,0.95,0.95,0.6,0.35,0.011945,0.116582
-1,2,1,-1,-1,1.0,1.0,0.6,0.35,0.028571,0.114286
-1,2,1,-1,-1,0.05,0.05,0.65,0.35,0.008986,0.375714
-1,2,1,-1,-1,0.1,0.1,0.65,0.35,0.009044,0.348214
-1,2,1,-1,-1,0.15,0.15,0.65,0.35,0.009044,0.313214
-1,2,1,-1,-1,0.2,0.2,0.65,0.35,0.009044,0.275714
-1,2,1,-1,-1,0.25,0.25,0.65,0.35,0.009101,0.248214
-1,2,1,-1,-1,0.3,0.3,0.65,0.35,0.009159,0.238214
-1,2,1,-1,-1,0.35,0.35,0.65,0.35,0.009159,0.220714
-1,2,1,-1,-1,0.4,0.4,0.65,0.35,0.009273,0.188214
-1,2,1,-1,-1,0.45,0.45,0.65,0.35,0.009273,0.170714
-1,2,1,-1,-1,0.5,0.5,0.65,0.35,0.009331,0.148214
-1,2,1,-1,-1,0.55,0.55,0.65,0.35,0.009503,0.133214
-1,2,1,-1,-1,0.6,0.6,0.65,0.35,0.009733,0.130714
-1,2,1,-1,-1,0.65,0.65,0.65,0.35,0.009905,0.120714
-1,2,1,-1,-1,0.7,0.7,0.65,0.35,0.010077,0.115714
-1,2,1,-1,-1,0.75,0.75,0.65,0.35,0.010364,0.108214
-1,2,1,-1,-1,0.8,0.8,0.65,0.35,0.010708,0.103214
-1,2,1,-1,-1,0.85,0.85,0.65,0.35,0.011225,0.100714
-1,2,1,-1,-1,0.9,0.9,0.65,0.35,0.011971,0.090714
-1,2,1,-1,-1,0.95,0.95,0.65,0.35,0.013865,0.088214
-1,2,1,-1,-1,1.0,1.0,0.65,0.35,0.041071,0.085714
-1,2,1,-1,-1,0.05,0.05,0.7,0.35,0.009015,0.373265
-1,2,1,-1,-1,0.1,0.1,0.7,0.35,0.009101,0.344643
-1,2,1,-1,-1,0.15,0.15,0.7,0.35,0.009101,0.308214
-1,2,1,-1,-1,0.2,0.2,0.7,0.35,0.009101,0.269184
-1,2,1,-1,-1,0.25,0.25,0.7,0.35,0.009187,0.240561
-1,2,1,-1,-1,0.3,0.3,0.7,0.35,0.009273,0.230153
-1,2,1,-1,-1,0.35,0.35,0.7,0.35,0.009273,0.211939
-1,2,1,-1,-1,0.4,0.4,0.7,0.35,0.009446,0.178112
-1,2,1,-1,-1,0.45,0.45,0.7,0.35,0.009446,0.159898
-1,2,1,-1,-1,0.5,0.5,0.7,0.35,0.009532,0.13648
-1,2,1,-1,-1,0.55,0.55,0.7,0.35,0.00979,0.120868
-1,2,1,-1,-1,0.6,0.6,0.7,0.35,0.010134,0.118265
-1,2,1,-1,-1,0.65,0.65,0.7,0.35,0.010393,0.107857
-1,2,1,-1,-1,0.7,0.7,0.7,0.35,0.010651,0.102653
-1,2,1,-1,-1,0.75,0.75,0.7,0.35,0.011081,0.094847
-1,2,1,-1,-1,0.8,0.8,0.7,0.35,0.011598,0.089643
-1,2,1,-1,-1,0.85,0.85,0.7,0.35,0.012373,0.087041
-1,2,1,-1,-1,0.9,0.9,0.7,0.35,0.013492,0.076633
-1,2,1,-1,-1,0.95,0.95,0.7,0.35,0.016333,0.074031
-1,2,1,-1,-1,1.0,1.0,0.7,0.35,0.057143,0.071429
-1,2,1,-1,-1,0.05,0.05,0.75,0.35,0.00906,0.365918
-1,2,1,-1,-1,0.1,0.1,0.75,0.35,0.00919,0.333928
-1,2,1,-1,-1,0.15,0.15,0.75,0.35,0.00919,0.293214
-1,2,1,-1,-1,0.2,0.2,0.75,0.35,0.00919,0.249591
-1,2,1,-1,-1,0.25,0.25,0.75,0.35,0.009321,0.217602
-1,2,1,-1,-1,0.3,0.3,0.75,0.35,0.009452,0.205969
-1,2,1,-1,-1,0.35,0.35,0.75,0.35,0.009452,0.185612
-1,2,1,-1,-1,0.4,0.4,0.75,0.35,0.009713,0.147806
-1,2,1,-1,-1,0.45,0.45,0.75,0.35,0.009713,0.127449
-1,2,1,-1,-1,0.5,0.5,0.75,0.35,0.009844,0.101275
-1,2,1,-1,-1,0.55,0.55,0.75,0.35,0.010236,0.083826
-1,2,1,-1,-1,0.6,0.6,0.75,0.35,0.010759,0.080918
-1,2,1,-1,-1,0.65,0.65,0.75,0.35,0.011152,0.069285
-1,2,1,-1,-1,0.7,0.7,0.75,0.35,0.011544,0.063469
-1,2,1,-1,-1,0.75,0.75,0.75,0.35,0.012197,0.054745
-1,2,1,-1,-1,0.8,0.8,0.75,0.35,0.012982,0.048928
-1,2,1,-1,-1,0.85,0.85,0.75,0.35,0.014159,0.04602
-1,2,1,-1,-1,0.9,0.9,0.75,0.35,0.015858,0.034387
-1,2,1,-1,-1,0.95,0.95,0.75,0.35,0.020173,0.031479
-1,2,1,-1,-1,1.0,1.0,0.75,0.35,0.082143,0.028571
-1,2,1,-1,-1,0.05,0.05,0.8,0.35,0.009152,0.364694
-1,2,1,-1,-1,0.1,0.1,0.8,0.35,0.009375,0.332143
-1,2,1,-1,-1,0.15,0.15,0.8,0.35,0.009375,0.290714
-1,2,1,-1,-1,0.2,0.2,0.8,0.35,0.009375,0.246327
-1,2,1,-1,-1,0.25,0.25,0.8,0.35,0.009599,0.213776
-1,2,1,-1,-1,0.3,0.3,0.8,0.35,0.009822,0.201939
-1,2,1,-1,-1,0.35,0.35,0.8,0.35,0.009822,0.181225
-1,2,1,-1,-1,0.4,0.4,0.8,0.35,0.010268,0.142755
-1,2,1,-1,-1,0.45,0.45,0.8,0.35,0.010268,0.122041
-1,2,1,-1,-1,0.5,0.5,0.8,0.35,0.010491,0.095408
-1,2,1,-1,-1,0.55,0.55,0.8,0.35,0.011161,0.077653
-1,2,1,-1,-1,0.6,0.6,0.8,0.35,0.012054,0.074694
-1,2,1,-1,-1,0.65,0.65,0.8,0.35,0.012724,0.062858
-1,2,1,-1,-1,0.7,0.7,0.8,0.35,0.013393,0.056939
-1,2,1,-1,-1,0.75,0.75,0.8,0.35,0.014509,0.048062
-1,2,1,-1,-1,0.8,0.8,0.8,0.35,0.015849,0.042143
-1,2,1,-1,-1,0.85,0.85,0.8,0.35,0.017858,0.039184
-1,2,1,-1,-1,0.9,0.9,0.8,0.35,0.020759,0.027347
-1,2,1,-1,-1,0.95,0.95,0.8,0.35,0.028125,0.024388
-1,2,1,-1,-1,1.0,1.0,0.8,0.35,0.133929,0.021429
-1,2,1,-1,-1,0.05,0.05,0.85,0.35,0.009235,0.362245
-1,2,1,-1,-1,0.1,0.1,0.85,0.35,0.009541,0.328571
-1,2,1,-1,-1,0.15,0.15,0.85,0.35,0.009541,0.285714
-1,2,1,-1,-1,0.2,0.2,0.85,0.35,0.009541,0.239796
-1,2,1,-1,-1,0.25,0.25,0.85,0.35,0.009847,0.206123
-1,2,1,-1,-1,0.3,0.3,0.85,0.35,0.010154,0.193877
-1,2,1,-1,-1,0.35,0.35,0.85,0.35,0.010154,0.172449
-1,2,1,-1,-1,0.4,0.4,0.85,0.35,0.010766,0.132653
-1,2,1,-1,-1,0.45,0.45,0.85,0.35,0.010766,0.111224
-1,2,1,-1,-1,0.5,0.5,0.85,0.35,0.011072,0.083673
-1,2,1,-1,-1,0.55,0.55,0.85,0.35,0.01199,0.065306
-1,2,1,-1,-1,0.6,0.6,0.85,0.35,0.013215,0.062245
-1,2,1,-1,-1,0.65,0.65,0.85,0.35,0.014133,0.05
-1,2,1,-1,-1,0.7,0.7,0.85,0.35,0.015051,0.043878
-1,2,1,-1,-1,0.75,0.75,0.85,0.35,0.016582,0.034694
-1,2,1,-1,-1,0.8,0.8,0.85,0.35,0.018419,0.028572
-1,2,1,-1,-1,0.85,0.85,0.85,0.35,0.021174,0.02551
-1,2,1,-1,-1,0.9,0.9,0.85,0.35,0.025153,0.013266
-1,2,1,-1,-1,0.95,0.95,0.85,0.35,0.035255,0.010204
-1,2,1,-1,-1,1.0,1.0,0.85,0.35,0.180357,0.007143
-1,2,1,-1,-1,0.05,0.05,0.9,0.35,0.009369,0.362245
-1,2,1,-1,-1,0.1,0.1,0.9,0.35,0.009809,0.328571
-1,2,1,-1,-1,0.15,0.15,0.9,0.35,0.009809,0.285714
-1,2,1,-1,-1,0.2,0.2,0.9,0.35,0.009809,0.239796
-1,2,1,-1,-1,0.25,0.25,0.9,0.35,0.010249,0.206123
-1,2,1,-1,-1,0.3,0.3,0.9,0.35,0.010689,0.193877
-1,2,1,-1,-1,0.35,0.35,0.9,0.35,0.010689,0.172449
-1,2,1,-1,-1,0.4,0.4,0.9,0.35,0.011569,0.132653
-1,2,1,-1,-1,0.45,0.45,0.9,0.35,0.011569,0.111224
-1,2,1,-1,-1,0.5,0.5,0.9,0.35,0.012009,0.083673
-1,2,1,-1,-1,0.55,0.55,0.9,0.35,0.013329,0.065306
-1,2,1,-1,-1,0.6,0.6,0.9,0.35,0.01509,0.062245
-1,2,1,-1,-1,0.65,0.65,0.9,0.35,0.01641,0.05
-1,2,1,-1,-1,0.7,0.7,0.9,0.35,0.01773,0.043878
-1,2,1,-1,-1,0.75,0.75,0.9,0.35,0.01993,0.034694
-1,2,1,-1,-1,0.8,0.8,0.9,0.35,0.022571,0.028572
-1,2,1,-1,-1,0.85,0.85,0.9,0.35,0.026531,0.02551
-1,2,1,-1,-1,0.9,0.9,0.9,0.35,0.032252,0.013266
-1,2,1,-1,-1,0.95,0.95,0.9,0.35,0.046773,0.010204
-1,2,1,-1,-1,1.0,1.0,0.9,0.35,0.255357,0.007143
-1,2,1,-1,-1,0.05,0.05,0.95,0.35,0.009596,0.36102
-1,2,1,-1,-1,0.1,0.1,0.95,0.35,0.010262,0.326786
-1,2,1,-1,-1,0.15,0.15,0.95,0.35,0.010262,0.283214
-1,2,1,-1,-1,0.2,0.2,0.95,0.35,0.010262,0.23653
-1,2,1,-1,-1,0.25,0.25,0.95,0.35,0.010928,0.202296
-1,2,1,-1,-1,0.3,0.3,0.95,0.35,0.011595,0.189847
-1,2,1,-1,-1,0.35,0.35,0.95,0.35,0.011595,0.168061
-1,2,1,-1,-1,0.4,0.4,0.95,0.35,0.012928,0.127602
-1,2,1,-1,-1,0.45,0.45,0.95,0.35,0.012928,0.105816
-1,2,1,-1,-1,0.5,0.5,0.95,0.35,0.013594,0.077806
-1,2,1,-1,-1,0.55,0.55,0.95,0.35,0.015593,0.059132
-1,2,1,-1,-1,0.6,0.6,0.95,0.35,0.018259,0.05602
-1,2,1,-1,-1,0.65,0.65,0.95,0.35,0.020259,0.043571
-1,2,1,-1,-1,0.7,0.7,0.95,0.35,0.022258,0.037347
-1,2,1,-1,-1,0.75,0.75,0.95,0.35,0.02559,0.02801
-1,2,1,-1,-1,0.8,0.8,0.95,0.35,0.029589,0.021786
-1,2,1,-1,-1,0.85,0.85,0.95,0.35,0.035587,0.018673
-1,2,1,-1,-1,0.9,0.9,0.95,0.35,0.044251,0.006225
-1,2,1,-1,-1,0.95,0.95,0.95,0.35,0.066244,0.003112
-1,2,1,-1,-1,1.0,1.0,0.95,0.35,0.382143,0.0
-1,2,1,-1,-1,0.05,0.05,1.0,0.35,0.010699,0.36102
-1,2,1,-1,-1,0.1,0.1,1.0,0.35,0.012468,0.326786
-1,2,1,-1,-1,0.15,0.15,1.0,0.35,0.012468,0.283214
-1,2,1,-1,-1,0.2,0.2,1.0,0.35,0.012468,0.23653
-1,2,1,-1,-1,0.25,0.25,1.0,0.35,0.014238,0.202296
-1,2,1,-1,-1,0.3,0.3,1.0,0.35,0.016008,0.189847
-1,2,1,-1,-1,0.35,0.35,1.0,0.35,0.016008,0.168061
-1,2,1,-1,-1,0.4,0.4,1.0,0.35,0.019547,0.127602
-1,2,1,-1,-1,0.45,0.45,1.0,0.35,0.019547,0.105816
-1,2,1,-1,-1,0.5,0.5,1.0,0.35,0.021317,0.077806
-1,2,1,-1,-1,0.55,0.55,1.0,0.35,0.026627,0.059132
-1,2,1,-1,-1,0.6,0.6,1.0,0.35,0.033706,0.05602
-1,2,1,-1,-1,0.65,0.65,1.0,0.35,0.039015,0.043571
-1,2,1,-1,-1,0.7,0.7,1.0,0.35,0.044324,0.037347
-1,2,1,-1,-1,0.75,0.75,1.0,0.35,0.053173,0.02801
-1,2,1,-1,-1,0.8,0.8,1.0,0.35,0.063792,0.021786
-1,2,1,-1,-1,0.85,0.85,1.0,0.35,0.07972,0.018673
-1,2,1,-1,-1,0.9,0.9,1.0,0.35,0.102727,0.006225
-1,2,1,-1,-1,0.95,0.95,1.0,0.35,0.161129,0.003112
-1,2,1,-1,-1,1.0,1.0,1.0,0.35,1.0,0.0
-1,2,1,-1,-1,0.05,0.05,0.4,0.4,0.008929,0.357143
-1,2,1,-1,-1,0.1,0.1,0.4,0.4,0.008929,0.357143
-1,2,1,-1,-1,0.15,0.15,0.4,0.4,0.008929,0.357143
-1,2,1,-1,-1,0.2,0.2,0.4,0.4,0.008929,0.357143
-1,2,1,-1,-1,0.25,0.25,0.4,0.4,0.008929,0.357143
-1,2,1,-1,-1,0.3,0.3,0.4,0.4,0.008929,0.357143
-1,2,1,-1,-1,0.35,0.35,0.4,0.4,0.008929,0.357143
-1,2,1,-1,-1,0.4,0.4,0.4,0.4,0.008929,0.357143
-1,2,1,-1,-1,0.45,0.45,0.4,0.4,0.008929,0.357143
-1,2,1,-1,-1,0.5,0.5,0.4,0.4,0.008929,0.357143
-1,2,1,-1,-1,0.55,0.55,0.4,0.4,0.008929,0.357143
-1,2,1,-1,-1,0.6,0.6,0.4,0.4,0.008929,0.357143
-1,2,1,-1,-1,0.65,0.65,0.4,0.4,0.008929,0.357143
-1,2,1,-1,-1,0.7,0.7,0.4,0.4,0.008929,0.357143
-1,2,1,-1,-1,0.75,0.75,0.4,0.4,0.008929,0.357143
-1,2,1,-1,-1,0.8,0.8,0.4,0.4,0.008929,0.357143
-1,2,1,-1,-1,0.85,0.85,0.4,0.4,0.008929,0.357143
-1,2,1,-1,-1,0.9,0.9,0.4,0.4,0.008929,0.357143
-1,2,1,-1,-1,0.95,0.95,0.4,0.4,0.008929,0.357143
-1,2,1,-1,-1,1.0,1.0,0.4,0.4,0.008929,0.357143
-1,2,1,-1,-1,0.05,0.05,0.45,0.4,0.008929,0.341225
-1,2,1,-1,-1,0.1,0.1,0.45,0.4,0.008929,0.333929
-1,2,1,-1,-1,0.15,0.15,0.45,0.4,0.008929,0.324643
-1,2,1,-1,-1,0.2,0.2,0.45,0.4,0.008929,0.314694
-1,2,1,-1,-1,0.25,0.25,0.45,0.4,0.008929,0.307398
-1,2,1,-1,-1,0.3,0.3,0.45,0.4,0.008929,0.304745
-1,2,1,-1,-1,0.35,0.35,0.45,0.4,0.008929,0.300102
-1,2,1,-1,-1,0.4,0.4,0.45,0.4,0.008929,0.29148
-1,2,1,-1,-1,0.45,0.45,0.45,0.4,0.008929,0.286837
-1,2,1,-1,-1,0.5,0.5,0.45,0.4,0.008929,0.280868
-1,2,1,-1,-1,0.55,0.55,0.45,0.4,0.008929,0.276888
-1,2,1,-1,-1,0.6,0.6,0.45,0.4,0.008929,0.276225
-1,2,1,-1,-1,0.65,0.65,0.45,0.4,0.008929,0.273572
-1,2,1,-1,-1,0.7,0.7,0.45,0.4,0.008929,0.272245
-1,2,1,-1,-1,0.75,0.75,0.45,0.4,0.008929,0.270255
-1,2,1,-1,-1,0.8,0.8,0.45,0.4,0.008929,0.268929
-1,2,1,-1,-1,0.85,0.85,0.45,0.4,0.008929,0.268266
-1,2,1,-1,-1,0.9,0.9,0.45,0.4,0.008929,0.265613
-1,2,1,-1,-1,0.95,0.95,0.45,0.4,0.008929,0.264949
-1,2,1,-1,-1,1.0,1.0,0.45,0.4,0.008929,0.264286
-1,2,1,-1,-1,0.05,0.05,0.5,0.4,0.008942,0.336327
-1,2,1,-1,-1,0.1,0.1,0.5,0.4,0.008955,0.326786
-1,2,1,-1,-1,0.15,0.15,0.5,0.4,0.008955,0.314643
-1,2,1,-1,-1,0.2,0.2,0.5,0.4,0.008955,0.301633
-1,2,1,-1,-1,0.25,0.25,0.5,0.4,0.008967,0.292092
-1,2,1,-1,-1,0.3,0.3,0.5,0.4,0.00898,0.288622
-1,2,1,-1,-1,0.35,0.35,0.5,0.4,0.00898,0.282551
-1,2,1,-1,-1,0.4,0.4,0.5,0.4,0.009006,0.271275
-1,2,1,-1,-1,0.45,0.45,0.5,0.4,0.009006,0.265204
-1,2,1,-1,-1,0.5,0.5,0.5,0.4,0.009018,0.257398
-1,2,1,-1,-1,0.55,0.55,0.5,0.4,0.009057,0.252194
-1,2,1,-1,-1,0.6,0.6,0.5,0.4,0.009108,0.251326
-1,2,1,-1,-1,0.65,0.65,0.5,0.4,0.009146,0.247857
-1,2,1,-1,-1,0.7,0.7,0.5,0.4,0.009184,0.246122
-1,2,1,-1,-1,0.75,0.75,0.5,0.4,0.009248,0.24352
-1,2,1,-1,-1,0.8,0.8,0.5,0.4,0.009324,0.241785
-1,2,1,-1,-1,0.85,0.85,0.5,0.4,0.009439,0.240918
-1,2,1,-1,-1,0.9,0.9,0.5,0.4,0.009605,0.237449
-1,2,1,-1,-1,0.95,0.95,0.5,0.4,0.010026,0.236581
-1,2,1,-1,-1,1.0,1.0,0.5,0.4,0.016071,0.235714
-1,2,1,-1,-1,0.05,0.05,0.55,0.4,0.008951,0.324082
-1,2,1,-1,-1,0.1,0.1,0.55,0.4,0.008974,0.308929
-1,2,1,-1,-1,0.15,0.15,0.55,0.4,0.008974,0.289643
-1,2,1,-1,-1,0.2,0.2,0.55,0.4,0.008974,0.26898
-1,2,1,-1,-1,0.25,0.25,0.55,0.4,0.008996,0.253827
-1,2,1,-1,-1,0.3,0.3,0.55,0.4,0.009018,0.248316
-1,2,1,-1,-1,0.35,0.35,0.55,0.4,0.009018,0.238674
-1,2,1,-1,-1,0.4,0.4,0.55,0.4,0.009063,0.220766
-1,2,1,-1,-1,0.45,0.45,0.55,0.4,0.009063,0.211123
-1,2,1,-1,-1,0.5,0.5,0.55,0.4,0.009085,0.198725
-1,2,1,-1,-1,0.55,0.55,0.55,0.4,0.009152,0.190459
-1,2,1,-1,-1,0.6,0.6,0.55,0.4,0.009241,0.189082
-1,2,1,-1,-1,0.65,0.65,0.55,0.4,0.009308,0.183572
-1,2,1,-1,-1,0.7,0.7,0.55,0.4,0.009375,0.180817
-1,2,1,-1,-1,0.75,0.75,0.55,0.4,0.009487,0.176684
-1,2,1,-1,-1,0.8,0.8,0.55,0.4,0.009621,0.173929
-1,2,1,-1,-1,0.85,0.85,0.55,0.4,0.009822,0.172551
-1,2,1,-1,-1,0.9,0.9,0.55,0.4,0.010112,0.167041
-1,2,1,-1,-1,0.95,0.95,0.55,0.4,0.010849,0.165664
-1,2,1,-1,-1,1.0,1.0,0.55,0.4,0.021429,0.164286
-1,2,1,-1,-1,0.05,0.05,0.6,0.4,0.008964,0.31551
-1,2,1,-1,-1,0.1,0.1,0.6,0.4,0.008999,0.296429
-1,2,1,-1,-1,0.15,0.15,0.6,0.4,0.008999,0.272143
-1,2,1,-1,-1,0.2,0.2,0.6,0.4,0.008999,0.246123
-1,2,1,-1,-1,0.25,0.25,0.6,0.4,0.009034,0.227041
-1,2,1,-1,-1,0.3,0.3,0.6,0.4,0.009069,0.220102
-1,2,1,-1,-1,0.35,0.35,0.6,0.4,0.009069,0.207959
-1,2,1,-1,-1,0.4,0.4,0.6,0.4,0.009139,0.185408
-1,2,1,-1,-1,0.45,0.45,0.6,0.4,0.009139,0.173266
-1,2,1,-1,-1,0.5,0.5,0.6,0.4,0.009175,0.157653
-1,2,1,-1,-1,0.55,0.55,0.6,0.4,0.00928,0.147245
-1,2,1,-1,-1,0.6,0.6,0.6,0.4,0.00942,0.14551
-1,2,1,-1,-1,0.65,0.65,0.6,0.4,0.009525,0.138572
-1,2,1,-1,-1,0.7,0.7,0.6,0.4,0.00963,0.135102
-1,2,1,-1,-1,0.75,0.75,0.6,0.4,0.009806,0.129898
-1,2,1,-1,-1,0.8,0.8,0.6,0.4,0.010016,0.126429
-1,2,1,-1,-1,0.85,0.85,0.6,0.4,0.010332,0.124694
-1,2,1,-1,-1,0.9,0.9,0.6,0.4,0.010788,0.117755
-1,2,1,-1,-1,0.95,0.95,0.6,0.4,0.011945,0.116021
-1,2,1,-1,-1,1.0,1.0,0.6,0.4,0.028571,0.114286
-1,2,1,-1,-1,0.05,0.05,0.65,0.4,0.008986,0.310612
-1,2,1,-1,-1,0.1,0.1,0.65,0.4,0.009044,0.289286
-1,2,1,-1,-1,0.15,0.15,0.65,0.4,0.009044,0.262143
-1,2,1,-1,-1,0.2,0.2,0.65,0.4,0.009044,0.233061
-1,2,1,-1,-1,0.25,0.25,0.65,0.4,0.009101,0.211735
-1,2,1,-1,-1,0.3,0.3,0.65,0.4,0.009159,0.203979
-1,2,1,-1,-1,0.35,0.35,0.65,0.4,0.009159,0.190408
-1,2,1,-1,-1,0.4,0.4,0.65,0.4,0.009273,0.165204
-1,2,1,-1,-1,0.45,0.45,0.65,0.4,0.009273,0.151632
-1,2,1,-1,-1,0.5,0.5,0.65,0.4,0.009331,0.134183
-1,2,1,-1,-1,0.55,0.55,0.65,0.4,0.009503,0.122551
-1,2,1,-1,-1,0.6,0.6,0.65,0.4,0.009733,0.120612
-1,2,1,-1,-1,0.65,0.65,0.65,0.4,0.009905,0.112857
-1,2,1,-1,-1,0.7,0.7,0.65,0.4,0.010077,0.108979
-1,2,1,-1,-1,0.75,0.75,0.65,0.4,0.010364,0.103163
-1,2,1,-1,-1,0.8,0.8,0.65,0.4,0.010708,0.099285
-1,2,1,-1,-1,0.85,0.85,0.65,0.4,0.011225,0.097347
-1,2,1,-1,-1,0.9,0.9,0.65,0.4,0.011971,0.089592
-1,2,1,-1,-1,0.95,0.95,0.65,0.4,0.013865,0.087653
-1,2,1,-1,-1,1.0,1.0,0.65,0.4,0.041071,0.085714
-1,2,1,-1,-1,0.05,0.05,0.7,0.4,0.009015,0.308163
-1,2,1,-1,-1,0.1,0.1,0.7,0.4,0.009101,0.285714
-1,2,1,-1,-1,0.15,0.15,0.7,0.4,0.009101,0.257143
-1,2,1,-1,-1,0.2,0.2,0.7,0.4,0.009101,0.226531
-1,2,1,-1,-1,0.25,0.25,0.7,0.4,0.009187,0.204082
-1,2,1,-1,-1,0.3,0.3,0.7,0.4,0.009273,0.195919
-1,2,1,-1,-1,0.35,0.35,0.7,0.4,0.009273,0.181633
-1,2,1,-1,-1,0.4,0.4,0.7,0.4,0.009446,0.155102
-1,2,1,-1,-1,0.45,0.45,0.7,0.4,0.009446,0.140817
-1,2,1,-1,-1,0.5,0.5,0.7,0.4,0.009532,0.122449
-1,2,1,-1,-1,0.55,0.55,0.7,0.4,0.00979,0.110204
-1,2,1,-1,-1,0.6,0.6,0.7,0.4,0.010134,0.108164
-1,2,1,-1,-1,0.65,0.65,0.7,0.4,0.010393,0.1
-1,2,1,-1,-1,0.7,0.7,0.7,0.4,0.010651,0.095919
-1,2,1,-1,-1,0.75,0.75,0.7,0.4,0.011081,0.089796
-1,2,1,-1,-1,0.8,0.8,0.7,0.4,0.011598,0.085715
-1,2,1,-1,-1,0.85,0.85,0.7,0.4,0.012373,0.083674
-1,2,1,-1,-1,0.9,0.9,0.7,0.4,0.013492,0.075511
-1,2,1,-1,-1,0.95,0.95,0.7,0.4,0.016333,0.07347
-1,2,1,-1,-1,1.0,1.0,0.7,0.4,0.057143,0.071429
-1,2,1,-1,-1,0.05,0.05,0.75,0.4,0.00906,0.300816
-1,2,1,-1,-1,0.1,0.1,0.75,0.4,0.00919,0.275
-1,2,1,-1,-1,0.15,0.15,0.75,0.4,0.00919,0.242143
-1,2,1,-1,-1,0.2,0.2,0.75,0.4,0.00919,0.206939
-1,2,1,-1,-1,0.25,0.25,0.75,0.4,0.009321,0.181122
-1,2,1,-1,-1,0.3,0.3,0.75,0.4,0.009452,0.171734
-1,2,1,-1,-1,0.35,0.35,0.75,0.4,0.009452,0.155306
-1,2,1,-1,-1,0.4,0.4,0.75,0.4,0.009713,0.124796
-1,2,1,-1,-1,0.45,0.45,0.75,0.4,0.009713,0.108367
-1,2,1,-1,-1,0.5,0.5,0.75,0.4,0.009844,0.087244
-1,2,1,-1,-1,0.55,0.55,0.75,0.4,0.010236,0.073163
-1,2,1,-1,-1,0.6,0.6,0.75,0.4,0.010759,0.070816
-1,2,1,-1,-1,0.65,0.65,0.75,0.4,0.011152,0.061428
-1,2,1,-1,-1,0.7,0.7,0.75,0.4,0.011544,0.056734
-1,2,1,-1,-1,0.75,0.75,0.75,0.4,0.012197,0.049694
-1,2,1,-1,-1,0.8,0.8,0.75,0.4,0.012982,0.045
-1,2,1,-1,-1,0.85,0.85,0.75,0.4,0.014159,0.042653
-1,2,1,-1,-1,0.9,0.9,0.75,0.4,0.015858,0.033265
-1,2,1,-1,-1,0.95,0.95,0.75,0.4,0.020173,0.030918
-1,2,1,-1,-1,1.0,1.0,0.75,0.4,0.082143,0.028571
-1,2,1,-1,-1,0.05,0.05,0.8,0.4,0.009152,0.299592
-1,2,1,-1,-1,0.1,0.1,0.8,0.4,0.009375,0.273214
-1,2,1,-1,-1,0.15,0.15,0.8,0.4,0.009375,0.239643
-1,2,1,-1,-1,0.2,0.2,0.8,0.4,0.009375,0.203674
-1,2,1,-1,-1,0.25,0.25,0.8,0.4,0.009599,0.177296
-1,2,1,-1,-1,0.3,0.3,0.8,0.4,0.009822,0.167704
-1,2,1,-1,-1,0.35,0.35,0.8,0.4,0.009822,0.150919
-1,2,1,-1,-1,0.4,0.4,0.8,0.4,0.010268,0.119745
-1,2,1,-1,-1,0.45,0.45,0.8,0.4,0.010268,0.102959
-1,2,1,-1,-1,0.5,0.5,0.8,0.4,0.010491,0.081378
-1,2,1,-1,-1,0.55,0.55,0.8,0.4,0.011161,0.06699
-1,2,1,-1,-1,0.6,0.6,0.8,0.4,0.012054,0.064592
-1,2,1,-1,-1,0.65,0.65,0.8,0.4,0.012724,0.055
-1,2,1,-1,-1,0.7,0.7,0.8,0.4,0.013393,0.050204
-1,2,1,-1,-1,0.75,0.75,0.8,0.4,0.014509,0.043011
-1,2,1,-1,-1,0.8,0.8,0.8,0.4,0.015849,0.038215
-1,2,1,-1,-1,0.85,0.85,0.8,0.4,0.017858,0.035817
-1,2,1,-1,-1,0.9,0.9,0.8,0.4,0.020759,0.026225
-1,2,1,-1,-1,0.95,0.95,0.8,0.4,0.028125,0.023827
-1,2,1,-1,-1,1.0,1.0,0.8,0.4,0.133929,0.021429
-1,2,1,-1,-1,0.05,0.05,0.85,0.4,0.009235,0.297143
-1,2,1,-1,-1,0.1,0.1,0.85,0.4,0.009541,0.269643
-1,2,1,-1,-1,0.15,0.15,0.85,0.4,0.009541,0.234643
-1,2,1,-1,-1,0.2,0.2,0.85,0.4,0.009541,0.197143
-1,2,1,-1,-1,0.25,0.25,0.85,0.4,0.009847,0.169643
-1,2,1,-1,-1,0.3,0.3,0.85,0.4,0.010154,0.159643
-1,2,1,-1,-1,0.35,0.35,0.85,0.4,0.010154,0.142143
-1,2,1,-1,-1,0.4,0.4,0.85,0.4,0.010766,0.109643
-1,2,1,-1,-1,0.45,0.45,0.85,0.4,0.010766,0.092143
-1,2,1,-1,-1,0.5,0.5,0.85,0.4,0.011072,0.069643
-1,2,1,-1,-1,0.55,0.55,0.85,0.4,0.01199,0.054643
-1,2,1,-1,-1,0.6,0.6,0.85,0.4,0.013215,0.052143
-1,2,1,-1,-1,0.65,0.65,0.85,0.4,0.014133,0.042143
-1,2,1,-1,-1,0.7,0.7,0.85,0.4,0.015051,0.037143
-1,2,1,-1,-1,0.75,0.75,0.85,0.4,0.016582,0.029643
-1,2,1,-1,-1,0.8,0.8,0.85,0.4,0.018419,0.024643
-1,2,1,-1,-1,0.85,0.85,0.85,0.4,0.021174,0.022143
-1,2,1,-1,-1,0.9,0.9,0.85,0.4,0.025153,0.012143
-1,2,1,-1,-1,0.95,0.95,0.85,0.4,0.035255,0.009643
-1,2,1,-1,-1,1.0,1.0,0.85,0.4,0.180357,0.007143
-1,2,1,-1,-1,0.05,0.05,0.9,0.4,0.009369,0.297143
-1,2,1,-1,-1,0.1,0.1,0.9,0.4,0.009809,0.269643
-1,2,1,-1,-1,0.15,0.15,0.9,0.4,0.009809,0.234643
-1,2,1,-1,-1,0.2,0.2,0.9,0.4,0.009809,0.197143
-1,2,1,-1,-1,0.25,0.25,0.9,0.4,0.010249,0.169643
-1,2,1,-1,-1,0.3,0.3,0.9,0.4,0.010689,0.159643
-1,2,1,-1,-1,0.35,0.35,0.9,0.4,0.010689,0.142143
-1,2,1,-1,-1,0.4,0.4,0.9,0.4,0.011569,0.109643
-1,2,1,-1,-1,0.45,0.45,0.9,0.4,0.011569,0.092143
-1,2,1,-1,-1,0.5,0.5,0.9,0.4,0.012009,0.069643
-1,2,1,-1,-1,0.55,0.55,0.9,0.4,0.013329,0.054643
-1,2,1,-1,-1,0.6,0.6,0.9,0.4,0.01509,0.052143
-1,2,1,-1,-1,0.65,0.65,0.9,0.4,0.01641,0.042143
-1,2,1,-1,-1,0.7,0.7,0.9,0.4,0.01773,0.037143
-1,2,1,-1,-1,0.75,0.75,0.9,0.4,0.01993,0.029643
-1,2,1,-1,-1,0.8,0.8,0.9,0.4,0.022571,0.024643
-1,2,1,-1,-1,0.85,0.85,0.9,0.4,0.026531,0.022143
-1,2,1,-1,-1,0.9,0.9,0.9,0.4,0.032252,0.012143
-1,2,1,-1,-1,0.95,0.95,0.9,0.4,0.046773,0.009643
-1,2,1,-1,-1,1.0,1.0,0.9,0.4,0.255357,0.007143
-1,2,1,-1,-1,0.05,0.05,0.95,0.4,0.009596,0.295918
-1,2,1,-1,-1,0.1,0.1,0.95,0.4,0.010262,0.267857
-1,2,1,-1,-1,0.15,0.15,0.95,0.4,0.010262,0.232143
-1,2,1,-1,-1,0.2,0.2,0.95,0.4,0.010262,0.193878
-1,2,1,-1,-1,0.25,0.25,0.95,0.4,0.010928,0.165816
-1,2,1,-1,-1,0.3,0.3,0.95,0.4,0.011595,0.155612
-1,2,1,-1,-1,0.35,0.35,0.95,0.4,0.011595,0.137755
-1,2,1,-1,-1,0.4,0.4,0.95,0.4,0.012928,0.104592
-1,2,1,-1,-1,0.45,0.45,0.95,0.4,0.012928,0.086735
-1,2,1,-1,-1,0.5,0.5,0.95,0.4,0.013594,0.063775
-1,2,1,-1,-1,0.55,0.55,0.95,0.4,0.015593,0.048469
-1,2,1,-1,-1,0.6,0.6,0.95,0.4,0.018259,0.045918
-1,2,1,-1,-1,0.65,0.65,0.95,0.4,0.020259,0.035714
-1,2,1,-1,-1,0.7,0.7,0.95,0.4,0.022258,0.030612
-1,2,1,-1,-1,0.75,0.75,0.95,0.4,0.02559,0.022959
-1,2,1,-1,-1,0.8,0.8,0.95,0.4,0.029589,0.017857
-1,2,1,-1,-1,0.85,0.85,0.95,0.4,0.035587,0.015306
-1,2,1,-1,-1,0.9,0.9,0.95,0.4,0.044251,0.005102
-1,2,1,-1,-1,0.95,0.95,0.95,0.4,0.066244,0.002551
-1,2,1,-1,-1,1.0,1.0,0.95,0.4,0.382143,0.0
-1,2,1,-1,-1,0.05,0.05,1.0,0.4,0.010699,0.295918
-1,2,1,-1,-1,0.1,0.1,1.0,0.4,0.012468,0.267857
-1,2,1,-1,-1,0.15,0.15,1.0,0.4,0.012468,0.232143
-1,2,1,-1,-1,0.2,0.2,1.0,0.4,0.012468,0.193878
-1,2,1,-1,-1,0.25,0.25,1.0,0.4,0.014238,0.165816
-1,2,1,-1,-1,0.3,0.3,1.0,0.4,0.016008,0.155612
-1,2,1,-1,-1,0.35,0.35,1.0,0.4,0.016008,0.137755
-1,2,1,-1,-1,0.4,0.4,1.0,0.4,0.019547,0.104592
-1,2,1,-1,-1,0.45,0.45,1.0,0.4,0.019547,0.086735
-1,2,1,-1,-1,0.5,0.5,1.0,0.4,0.021317,0.063775
-1,2,1,-1,-1,0.55,0.55,1.0,0.4,0.026627,0.048469
-1,2,1,-1,-1,0.6,0.6,1.0,0.4,0.033706,0.045918
-1,2,1,-1,-1,0.65,0.65,1.0,0.4,0.039015,0.035714
-1,2,1,-1,-1,0.7,0.7,1.0,0.4,0.044324,0.030612
-1,2,1,-1,-1,0.75,0.75,1.0,0.4,0.053173,0.022959
-1,2,1,-1,-1,0.8,0.8,1.0,0.4,0.063792,0.017857
-1,2,1,-1,-1,0.85,0.85,1.0,0.4,0.07972,0.015306
-1,2,1,-1,-1,0.9,0.9,1.0,0.4,0.102727,0.005102
-1,2,1,-1,-1,0.95,0.95,1.0,0.4,0.161129,0.002551
-1,2,1,-1,-1,1.0,1.0,1.0,0.4,1.0,0.0
-1,2,1,-1,-1,0.05,0.05,0.45,0.45,0.008929,0.264286
-1,2,1,-1,-1,0.1,0.1,0.45,0.45,0.008929,0.264286
-1,2,1,-1,-1,0.15,0.15,0.45,0.45,0.008929,0.264286
-1,2,1,-1,-1,0.2,0.2,0.45,0.45,0.008929,0.264286
-1,2,1,-1,-1,0.25,0.25,0.45,0.45,0.008929,0.264286
-1,2,1,-1,-1,0.3,0.3,0.45,0.45,0.008929,0.264286
-1,2,1,-1,-1,0.35,0.35,0.45,0.45,0.008929,0.264286
-1,2,1,-1,-1,0.4,0.4,0.45,0.45,0.008929,0.264286
-1,2,1,-1,-1,0.45,0.45,0.45,0.45,0.008929,0.264286
-1,2,1,-1,-1,0.5,0.5,0.45,0.45,0.008929,0.264286
-1,2,1,-1,-1,0.55,0.55,0.45,0.45,0.008929,0.264286
-1,2,1,-1,-1,0.6,0.6,0.45,0.45,0.008929,0.264286
-1,2,1,-1,-1,0.65,0.65,0.45,0.45,0.008929,0.264286
-1,2,1,-1,-1,0.7,0.7,0.45,0.45,0.008929,0.264286
-1,2,1,-1,-1,0.75,0.75,0.45,0.45,0.008929,0.264286
-1,2,1,-1,-1,0.8,0.8,0.45,0.45,0.008929,0.264286
-1,2,1,-1,-1,0.85,0.85,0.45,0.45,0.008929,0.264286
-1,2,1,-1,-1,0.9,0.9,0.45,0.45,0.008929,0.264286
-1,2,1,-1,-1,0.95,0.95,0.45,0.45,0.008929,0.264286
-1,2,1,-1,-1,1.0,1.0,0.45,0.45,0.008929,0.264286
-1,2,1,-1,-1,0.05,0.05,0.5,0.45,0.008942,0.259388
-1,2,1,-1,-1,0.1,0.1,0.5,0.45,0.008955,0.257143
-1,2,1,-1,-1,0.15,0.15,0.5,0.45,0.008955,0.254286
-1,2,1,-1,-1,0.2,0.2,0.5,0.45,0.008955,0.251225
-1,2,1,-1,-1,0.25,0.25,0.5,0.45,0.008967,0.24898
-1,2,1,-1,-1,0.3,0.3,0.5,0.45,0.00898,0.248163
-1,2,1,-1,-1,0.35,0.35,0.5,0.45,0.00898,0.246735
-1,2,1,-1,-1,0.4,0.4,0.5,0.45,0.009006,0.244082
-1,2,1,-1,-1,0.45,0.45,0.5,0.45,0.009006,0.242653
-1,2,1,-1,-1,0.5,0.5,0.5,0.45,0.009018,0.240816
-1,2,1,-1,-1,0.55,0.55,0.5,0.45,0.009057,0.239592
-1,2,1,-1,-1,0.6,0.6,0.5,0.45,0.009108,0.239388
-1,2,1,-1,-1,0.65,0.65,0.5,0.45,0.009146,0.238571
-1,2,1,-1,-1,0.7,0.7,0.5,0.45,0.009184,0.238163
-1,2,1,-1,-1,0.75,0.75,0.5,0.45,0.009248,0.237551
-1,2,1,-1,-1,0.8,0.8,0.5,0.45,0.009324,0.237143
-1,2,1,-1,-1,0.85,0.85,0.5,0.45,0.009439,0.236939
-1,2,1,-1,-1,0.9,0.9,0.5,0.45,0.009605,0.236122
-1,2,1,-1,-1,0.95,0.95,0.5,0.45,0.010026,0.235918
-1,2,1,-1,-1,1.0,1.0,0.5,0.45,0.016071,0.235714
-1,2,1,-1,-1,0.05,0.05,0.55,0.45,0.008951,0.247143
-1,2,1,-1,-1,0.1,0.1,0.55,0.45,0.008974,0.239286
-1,2,1,-1,-1,0.15,0.15,0.55,0.45,0.008974,0.229286
-1,2,1,-1,-1,0.2,0.2,0.55,0.45,0.008974,0.218572
-1,2,1,-1,-1,0.25,0.25,0.55,0.45,0.008996,0.210715
-1,2,1,-1,-1,0.3,0.3,0.55,0.45,0.009018,0.207857
-1,2,1,-1,-1,0.35,0.35,0.55,0.45,0.009018,0.202857
-1,2,1,-1,-1,0.4,0.4,0.55,0.45,0.009063,0.193572
-1,2,1,-1,-1,0.45,0.45,0.55,0.45,0.009063,0.188572
-1,2,1,-1,-1,0.5,0.5,0.55,0.45,0.009085,0.182143
-1,2,1,-1,-1,0.55,0.55,0.55,0.45,0.009152,0.177857
-1,2,1,-1,-1,0.6,0.6,0.55,0.45,0.009241,0.177143
-1,2,1,-1,-1,0.65,0.65,0.55,0.45,0.009308,0.174286
-1,2,1,-1,-1,0.7,0.7,0.55,0.45,0.009375,0.172857
-1,2,1,-1,-1,0.75,0.75,0.55,0.45,0.009487,0.170715
-1,2,1,-1,-1,0.8,0.8,0.55,0.45,0.009621,0.169286
-1,2,1,-1,-1,0.85,0.85,0.55,0.45,0.009822,0.168572
-1,2,1,-1,-1,0.9,0.9,0.55,0.45,0.010112,0.165715
-1,2,1,-1,-1,0.95,0.95,0.55,0.45,0.010849,0.165
-1,2,1,-1,-1,1.0,1.0,0.55,0.45,0.021429,0.164286
-1,2,1,-1,-1,0.05,0.05,0.6,0.45,0.008964,0.238572
-1,2,1,-1,-1,0.1,0.1,0.6,0.45,0.008999,0.226786
-1,2,1,-1,-1,0.15,0.15,0.6,0.45,0.008999,0.211786
-1,2,1,-1,-1,0.2,0.2,0.6,0.45,0.008999,0.195715
-1,2,1,-1,-1,0.25,0.25,0.6,0.45,0.009034,0.183929
-1,2,1,-1,-1,0.3,0.3,0.6,0.45,0.009069,0.179643
-1,2,1,-1,-1,0.35,0.35,0.6,0.45,0.009069,0.172143
-1,2,1,-1,-1,0.4,0.4,0.6,0.45,0.009139,0.158215
-1,2,1,-1,-1,0.45,0.45,0.6,0.45,0.009139,0.150715
-1,2,1,-1,-1,0.5,0.5,0.6,0.45,0.009175,0.141072
-1,2,1,-1,-1,0.55,0.55,0.6,0.45,0.00928,0.134643
-1,2,1,-1,-1,0.6,0.6,0.6,0.45,0.00942,0.133572
-1,2,1,-1,-1,0.65,0.65,0.6,0.45,0.009525,0.129286
-1,2,1,-1,-1,0.7,0.7,0.6,0.45,0.00963,0.127143
-1,2,1,-1,-1,0.75,0.75,0.6,0.45,0.009806,0.123929
-1,2,1,-1,-1,0.8,0.8,0.6,0.45,0.010016,0.121786
-1,2,1,-1,-1,0.85,0.85,0.6,0.45,0.010332,0.120715
-1,2,1,-1,-1,0.9,0.9,0.6,0.45,0.010788,0.116429
-1,2,1,-1,-1,0.95,0.95,0.6,0.45,0.011945,0.115357
-1,2,1,-1,-1,1.0,1.0,0.6,0.45,0.028571,0.114286
-1,2,1,-1,-1,0.05,0.05,0.65,0.45,0.008986,0.233674
-1,2,1,-1,-1,0.1,0.1,0.65,0.45,0.009044,0.219643
-1,2,1,-1,-1,0.15,0.15,0.65,0.45,0.009044,0.201786
-1,2,1,-1,-1,0.2,0.2,0.65,0.45,0.009044,0.182653
-1,2,1,-1,-1,0.25,0.25,0.65,0.45,0.009101,0.168622
-1,2,1,-1,-1,0.3,0.3,0.65,0.45,0.009159,0.16352
-1,2,1,-1,-1,0.35,0.35,0.65,0.45,0.009159,0.154592
-1,2,1,-1,-1,0.4,0.4,0.65,0.45,0.009273,0.13801
-1,2,1,-1,-1,0.45,0.45,0.65,0.45,0.009273,0.129081
-1,2,1,-1,-1,0.5,0.5,0.65,0.45,0.009331,0.117602
-1,2,1,-1,-1,0.55,0.55,0.65,0.45,0.009503,0.109949
-1,2,1,-1,-1,0.6,0.6,0.65,0.45,0.009733,0.108673
-1,2,1,-1,-1,0.65,0.65,0.65,0.45,0.009905,0.103571
-1,2,1,-1,-1,0.7,0.7,0.65,0.45,0.010077,0.10102
-1,2,1,-1,-1,0.75,0.75,0.65,0.45,0.010364,0.097194
-1,2,1,-1,-1,0.8,0.8,0.65,0.45,0.010708,0.094643
-1,2,1,-1,-1,0.85,0.85,0.65,0.45,0.011225,0.093367
-1,2,1,-1,-1,0.9,0.9,0.65,0.45,0.011971,0.088265
-1,2,1,-1,-1,0.95,0.95,0.65,0.45,0.013865,0.08699
-1,2,1,-1,-1,1.0,1.0,0.65,0.45,0.041071,0.085714
-1,2,1,-1,-1,0.05,0.05,0.7,0.45,0.009015,0.231225
-1,2,1,-1,-1,0.1,0.1,0.7,0.45,0.009101,0.216072
-1,2,1,-1,-1,0.15,0.15,0.7,0.45,0.009101,0.196786
-1,2,1,-1,-1,0.2,0.2,0.7,0.45,0.009101,0.176123
-1,2,1,-1,-1,0.25,0.25,0.7,0.45,0.009187,0.16097
-1,2,1,-1,-1,0.3,0.3,0.7,0.45,0.009273,0.155459
-1,2,1,-1,-1,0.35,0.35,0.7,0.45,0.009273,0.145817
-1,2,1,-1,-1,0.4,0.4,0.7,0.45,0.009446,0.127909
-1,2,1,-1,-1,0.45,0.45,0.7,0.45,0.009446,0.118266
-1,2,1,-1,-1,0.5,0.5,0.7,0.45,0.009532,0.105868
-1,2,1,-1,-1,0.55,0.55,0.7,0.45,0.00979,0.097602
-1,2,1,-1,-1,0.6,0.6,0.7,0.45,0.010134,0.096225
-1,2,1,-1,-1,0.65,0.65,0.7,0.45,0.010393,0.090715
-1,2,1,-1,-1,0.7,0.7,0.7,0.45,0.010651,0.08796
-1,2,1,-1,-1,0.75,0.75,0.7,0.45,0.011081,0.083827
-1,2,1,-1,-1,0.8,0.8,0.7,0.45,0.011598,0.081072
-1,2,1,-1,-1,0.85,0.85,0.7,0.45,0.012373,0.079694
-1,2,1,-1,-1,0.9,0.9,0.7,0.45,0.013492,0.074184
-1,2,1,-1,-1,0.95,0.95,0.7,0.45,0.016333,0.072807
-1,2,1,-1,-1,1.0,1.0,0.7,0.45,0.057143,0.071429
-1,2,1,-1,-1,0.05,0.05,0.75,0.45,0.00906,0.223878
-1,2,1,-1,-1,0.1,0.1,0.75,0.45,0.00919,0.205357
-1,2,1,-1,-1,0.15,0.15,0.75,0.45,0.00919,0.181786
-1,2,1,-1,-1,0.2,0.2,0.75,0.45,0.00919,0.156531
-1,2,1,-1,-1,0.25,0.25,0.75,0.45,0.009321,0.13801
-1,2,1,-1,-1,0.3,0.3,0.75,0.45,0.009452,0.131275
-1,2,1,-1,-1,0.35,0.35,0.75,0.45,0.009452,0.11949
-1,2,1,-1,-1,0.4,0.4,0.75,0.45,0.009713,0.097602
-1,2,1,-1,-1,0.45,0.45,0.75,0.45,0.009713,0.085816
-1,2,1,-1,-1,0.5,0.5,0.75,0.45,0.009844,0.070663
-1,2,1,-1,-1,0.55,0.55,0.75,0.45,0.010236,0.060561
-1,2,1,-1,-1,0.6,0.6,0.75,0.45,0.010759,0.058877
-1,2,1,-1,-1,0.65,0.65,0.75,0.45,0.011152,0.052143
-1,2,1,-1,-1,0.7,0.7,0.75,0.45,0.011544,0.048775
-1,2,1,-1,-1,0.75,0.75,0.75,0.45,0.012197,0.043724
-1,2,1,-1,-1,0.8,0.8,0.75,0.45,0.012982,0.040357
-1,2,1,-1,-1,0.85,0.85,0.75,0.45,0.014159,0.038673
-1,2,1,-1,-1,0.9,0.9,0.75,0.45,0.015858,0.031938
-1,2,1,-1,-1,0.95,0.95,0.75,0.45,0.020173,0.030255
-1,2,1,-1,-1,1.0,1.0,0.75,0.45,0.082143,0.028571
-1,2,1,-1,-1,0.05,0.05,0.8,0.45,0.009152,0.222653
-1,2,1,-1,-1,0.1,0.1,0.8,0.45,0.009375,0.203572
-1,2,1,-1,-1,0.15,0.15,0.8,0.45,0.009375,0.179286
-1,2,1,-1,-1,0.2,0.2,0.8,0.45,0.009375,0.153266
-1,2,1,-1,-1,0.25,0.25,0.8,0.45,0.009599,0.134184
-1,2,1,-1,-1,0.3,0.3,0.8,0.45,0.009822,0.127245
-1,2,1,-1,-1,0.35,0.35,0.8,0.45,0.009822,0.115102
-1,2,1,-1,-1,0.4,0.4,0.8,0.45,0.010268,0.092551
-1,2,1,-1,-1,0.45,0.45,0.8,0.45,0.010268,0.080409
-1,2,1,-1,-1,0.5,0.5,0.8,0.45,0.010491,0.064796
-1,2,1,-1,-1,0.55,0.55,0.8,0.45,0.011161,0.054388
-1,2,1,-1,-1,0.6,0.6,0.8,0.45,0.012054,0.052653
-1,2,1,-1,-1,0.65,0.65,0.8,0.45,0.012724,0.045715
-1,2,1,-1,-1,0.7,0.7,0.8,0.45,0.013393,0.042245
-1,2,1,-1,-1,0.75,0.75,0.8,0.45,0.014509,0.037041
-1,2,1,-1,-1,0.8,0.8,0.8,0.45,0.015849,0.033572
-1,2,1,-1,-1,0.85,0.85,0.8,0.45,0.017858,0.031837
-1,2,1,-1,-1,0.9,0.9,0.8,0.45,0.020759,0.024898
-1,2,1,-1,-1,0.95,0.95,0.8,0.45,0.028125,0.023164
-1,2,1,-1,-1,1.0,1.0,0.8,0.45,0.133929,0.021429
-1,2,1,-1,-1,0.05,0.05,0.85,0.45,0.009235,0.220204
-1,2,1,-1,-1,0.1,0.1,0.85,0.45,0.009541,0.2
-1,2,1,-1,-1,0.15,0.15,0.85,0.45,0.009541,0.174286
-1,2,1,-1,-1,0.2,0.2,0.85,0.45,0.009541,0.146735
-1,2,1,-1,-1,0.25,0.25,0.85,0.45,0.009847,0.126531
-1,2,1,-1,-1,0.3,0.3,0.85,0.45,0.010154,0.119184
-1,2,1,-1,-1,0.35,0.35,0.85,0.45,0.010154,0.106327
-1,2,1,-1,-1,0.4,0.4,0.85,0.45,0.010766,0.082449
-1,2,1,-1,-1,0.45,0.45,0.85,0.45,0.010766,0.069592
-1,2,1,-1,-1,0.5,0.5,0.85,0.45,0.011072,0.053061
-1,2,1,-1,-1,0.55,0.55,0.85,0.45,0.01199,0.042041
-1,2,1,-1,-1,0.6,0.6,0.85,0.45,0.013215,0.040204
-1,2,1,-1,-1,0.65,0.65,0.85,0.45,0.014133,0.032857
-1,2,1,-1,-1,0.7,0.7,0.85,0.45,0.015051,0.029184
-1,2,1,-1,-1,0.75,0.75,0.85,0.45,0.016582,0.023674
-1,2,1,-1,-1,0.8,0.8,0.85,0.45,0.018419,0.02
-1,2,1,-1,-1,0.85,0.85,0.85,0.45,0.021174,0.018163
-1,2,1,-1,-1,0.9,0.9,0.85,0.45,0.025153,0.010817
-1,2,1,-1,-1,0.95,0.95,0.85,0.45,0.035255,0.00898
-1,2,1,-1,-1,1.0,1.0,0.85,0.45,0.180357,0.007143
-1,2,1,-1,-1,0.05,0.05,0.9,0.45,0.009369,0.220204
-1,2,1,-1,-1,0.1,0.1,0.9,0.45,0.009809,0.2
-1,2,1,-1,-1,0.15,0.15,0.9,0.45,0.009809,0.174286
-1,2,1,-1,-1,0.2,0.2,0.9,0.45,0.009809,0.146735
-1,2,1,-1,-1,0.25,0.25,0.9,0.45,0.010249,0.126531
-1,2,1,-1,-1,0.3,0.3,0.9,0.45,0.010689,0.119184
-1,2,1,-1,-1,0.35,0.35,0.9,0.45,0.010689,0.106327
-1,2,1,-1,-1,0.4,0.4,0.9,0.45,0.011569,0.082449
-1,2,1,-1,-1,0.45,0.45,0.9,0.45,0.011569,0.069592
-1,2,1,-1,-1,0.5,0.5,0.9,0.45,0.012009,0.053061
-1,2,1,-1,-1,0.55,0.55,0.9,0.45,0.013329,0.042041
-1,2,1,-1,-1,0.6,0.6,0.9,0.45,0.01509,0.040204
-1,2,1,-1,-1,0.65,0.65,0.9,0.45,0.01641,0.032857
-1,2,1,-1,-1,0.7,0.7,0.9,0.45,0.01773,0.029184
-1,2,1,-1,-1,0.75,0.75,0.9,0.45,0.01993,0.023674
-1,2,1,-1,-1,0.8,0.8,0.9,0.45,0.022571,0.02
-1,2,1,-1,-1,0.85,0.85,0.9,0.45,0.026531,0.018163
-1,2,1,-1,-1,0.9,0.9,0.9,0.45,0.032252,0.010817
-1,2,1,-1,-1,0.95,0.95,0.9,0.45,0.046773,0.00898
-1,2,1,-1,-1,1.0,1.0,0.9,0.45,0.255357,0.007143
-1,2,1,-1,-1,0.05,0.05,0.95,0.45,0.009596,0.21898
-1,2,1,-1,-1,0.1,0.1,0.95,0.45,0.010262,0.198215
-1,2,1,-1,-1,0.15,0.15,0.95,0.45,0.010262,0.171786
-1,2,1,-1,-1,0.2,0.2,0.95,0.45,0.010262,0.14347
-1,2,1,-1,-1,0.25,0.25,0.95,0.45,0.010928,0.122704
-1,2,1,-1,-1,0.3,0.3,0.95,0.45,0.011595,0.115153
-1,2,1,-1,-1,0.35,0.35,0.95,0.45,0.011595,0.101939
-1,2,1,-1,-1,0.4,0.4,0.95,0.45,0.012928,0.077398
-1,2,1,-1,-1,0.45,0.45,0.95,0.45,0.012928,0.064184
-1,2,1,-1,-1,0.5,0.5,0.95,0.45,0.013594,0.047194
-1,2,1,-1,-1,0.55,0.55,0.95,0.45,0.015593,0.035867
-1,2,1,-1,-1,0.6,0.6,0.95,0.45,0.018259,0.03398
-1,2,1,-1,-1,0.65,0.65,0.95,0.45,0.020259,0.026429
-1,2,1,-1,-1,0.7,0.7,0.95,0.45,0.022258,0.022653
-1,2,1,-1,-1,0.75,0.75,0.95,0.45,0.02559,0.01699
-1,2,1,-1,-1,0.8,0.8,0.95,0.45,0.029589,0.013214
-1,2,1,-1,-1,0.85,0.85,0.95,0.45,0.035587,0.011327
-1,2,1,-1,-1,0.9,0.9,0.95,0.45,0.044251,0.003776
-1,2,1,-1,-1,0.95,0.95,0.95,0.45,0.066244,0.001888
-1,2,1,-1,-1,1.0,1.0,0.95,0.45,0.382143,0.0
-1,2,1,-1,-1,0.05,0.05,1.0,0.45,0.010699,0.21898
-1,2,1,-1,-1,0.1,0.1,1.0,0.45,0.012468,0.198215
-1,2,1,-1,-1,0.15,0.15,1.0,0.45,0.012468,0.171786
-1,2,1,-1,-1,0.2,0.2,1.0,0.45,0.012468,0.14347
-1,2,1,-1,-1,0.25,0.25,1.0,0.45,0.014238,0.122704
-1,2,1,-1,-1,0.3,0.3,1.0,0.45,0.016008,0.115153
-1,2,1,-1,-1,0.35,0.35,1.0,0.45,0.016008,0.101939
-1,2,1,-1,-1,0.4,0.4,1.0,0.45,0.019547,0.077398
-1,2,1,-1,-1,0.45,0.45,1.0,0.45,0.019547,0.064184
-1,2,1,-1,-1,0.5,0.5,1.0,0.45,0.021317,0.047194
-1,2,1,-1,-1,0.55,0.55,1.0,0.45,0.026627,0.035867
-1,2,1,-1,-1,0.6,0.6,1.0,0.45,0.033706,0.03398
-1,2,1,-1,-1,0.65,0.65,1.0,0.45,0.039015,0.026429
-1,2,1,-1,-1,0.7,0.7,1.0,0.45,0.044324,0.022653
-1,2,1,-1,-1,0.75,0.75,1.0,0.45,0.053173,0.01699
-1,2,1,-1,-1,0.8,0.8,1.0,0.45,0.063792,0.013214
-1,2,1,-1,-1,0.85,0.85,1.0,0.45,0.07972,0.011327
-1,2,1,-1,-1,0.9,0.9,1.0,0.45,0.102727,0.003776
-1,2,1,-1,-1,0.95,0.95,1.0,0.45,0.161129,0.001888
-1,2,1,-1,-1,1.0,1.0,1.0,0.45,1.0,0.0
-1,2,1,-1,-1,0.05,0.05,0.5,0.5,0.016071,0.235714
-1,2,1,-1,-1,0.1,0.1,0.5,0.5,0.016071,0.235714
-1,2,1,-1,-1,0.15,0.15,0.5,0.5,0.016071,0.235714
-1,2,1,-1,-1,0.2,0.2,0.5,0.5,0.016071,0.235714
-1,2,1,-1,-1,0.25,0.25,0.5,0.5,0.016071,0.235714
-1,2,1,-1,-1,0.3,0.3,0.5,0.5,0.016071,0.235714
-1,2,1,-1,-1,0.35,0.35,0.5,0.5,0.016071,0.235714
-1,2,1,-1,-1,0.4,0.4,0.5,0.5,0.016071,0.235714
-1,2,1,-1,-1,0.45,0.45,0.5,0.5,0.016071,0.235714
-1,2,1,-1,-1,0.5,0.5,0.5,0.5,0.016071,0.235714
-1,2,1,-1,-1,0.55,0.55,0.5,0.5,0.016071,0.235714
-1,2,1,-1,-1,0.6,0.6,0.5,0.5,0.016071,0.235714
-1,2,1,-1,-1,0.65,0.65,0.5,0.5,0.016071,0.235714
-1,2,1,-1,-1,0.7,0.7,0.5,0.5,0.016071,0.235714
-1,2,1,-1,-1,0.75,0.75,0.5,0.5,0.016071,0.235714
-1,2,1,-1,-1,0.8,0.8,0.5,0.5,0.016071,0.235714
-1,2,1,-1,-1,0.85,0.85,0.5,0.5,0.016071,0.235714
-1,2,1,-1,-1,0.9,0.9,0.5,0.5,0.016071,0.235714
-1,2,1,-1,-1,0.95,0.95,0.5,0.5,0.016071,0.235714
-1,2,1,-1,-1,1.0,1.0,0.5,0.5,0.016071,0.235714
-1,2,1,-1,-1,0.05,0.05,0.55,0.5,0.016081,0.223469
-1,2,1,-1,-1,0.1,0.1,0.55,0.5,0.01609,0.217857
-1,2,1,-1,-1,0.15,0.15,0.55,0.5,0.01609,0.210714
-1,2,1,-1,-1,0.2,0.2,0.55,0.5,0.01609,0.203061
-1,2,1,-1,-1,0.25,0.25,0.55,0.5,0.0161,0.197449
-1,2,1,-1,-1,0.3,0.3,0.55,0.5,0.016109,0.195408
-1,2,1,-1,-1,0.35,0.35,0.55,0.5,0.016109,0.191837
-1,2,1,-1,-1,0.4,0.4,0.55,0.5,0.016128,0.185204
-1,2,1,-1,-1,0.45,0.45,0.55,0.5,0.016128,0.181633
-1,2,1,-1,-1,0.5,0.5,0.55,0.5,0.016138,0.177041
-1,2,1,-1,-1,0.55,0.55,0.55,0.5,0.016167,0.17398
-1,2,1,-1,-1,0.6,0.6,0.55,0.5,0.016205,0.17347
-1,2,1,-1,-1,0.65,0.65,0.55,0.5,0.016234,0.171429
-1,2,1,-1,-1,0.7,0.7,0.55,0.5,0.016262,0.170408
-1,2,1,-1,-1,0.75,0.75,0.55,0.5,0.01631,0.168878
-1,2,1,-1,-1,0.8,0.8,0.55,0.5,0.016368,0.167857
-1,2,1,-1,-1,0.85,0.85,0.55,0.5,0.016454,0.167347
-1,2,1,-1,-1,0.9,0.9,0.55,0.5,0.016578,0.165306
-1,2,1,-1,-1,0.95,0.95,0.55,0.5,0.016894,0.164796
-1,2,1,-1,-1,1.0,1.0,0.55,0.5,0.021429,0.164286
-1,2,1,-1,-1,0.05,0.05,0.6,0.5,0.016093,0.214898
-1,2,1,-1,-1,0.1,0.1,0.6,0.5,0.016116,0.205357
-1,2,1,-1,-1,0.15,0.15,0.6,0.5,0.016116,0.193214
-1,2,1,-1,-1,0.2,0.2,0.6,0.5,0.016116,0.180204
-1,2,1,-1,-1,0.25,0.25,0.6,0.5,0.016138,0.170663
-1,2,1,-1,-1,0.3,0.3,0.6,0.5,0.01616,0.167194
-1,2,1,-1,-1,0.35,0.35,0.6,0.5,0.01616,0.161122
-1,2,1,-1,-1,0.4,0.4,0.6,0.5,0.016205,0.149847
-1,2,1,-1,-1,0.45,0.45,0.6,0.5,0.016205,0.143776
-1,2,1,-1,-1,0.5,0.5,0.6,0.5,0.016227,0.13597
-1,2,1,-1,-1,0.55,0.55,0.6,0.5,0.016294,0.130765
-1,2,1,-1,-1,0.6,0.6,0.6,0.5,0.016383,0.129898
-1,2,1,-1,-1,0.65,0.65,0.6,0.5,0.01645,0.126429
-1,2,1,-1,-1,0.7,0.7,0.6,0.5,0.016517,0.124694
-1,2,1,-1,-1,0.75,0.75,0.6,0.5,0.016629,0.122092
-1,2,1,-1,-1,0.8,0.8,0.6,0.5,0.016763,0.120357
-1,2,1,-1,-1,0.85,0.85,0.6,0.5,0.016964,0.11949
-1,2,1,-1,-1,0.9,0.9,0.6,0.5,0.017254,0.116021
-1,2,1,-1,-1,0.95,0.95,0.6,0.5,0.017991,0.115153
-1,2,1,-1,-1,1.0,1.0,0.6,0.5,0.028571,0.114286
-1,2,1,-1,-1,0.05,0.05,0.65,0.5,0.016116,0.21
-1,2,1,-1,-1,0.1,0.1,0.65,0.5,0.01616,0.198214
-1,2,1,-1,-1,0.15,0.15,0.65,0.5,0.01616,0.183214
-1,2,1,-1,-1,0.2,0.2,0.65,0.5,0.01616,0.167143
-1,2,1,-1,-1,0.25,0.25,0.65,0.5,0.016205,0.155357
-1,2,1,-1,-1,0.3,0.3,0.65,0.5,0.01625,0.151071
-1,2,1,-1,-1,0.35,0.35,0.65,0.5,0.01625,0.143571
-1,2,1,-1,-1,0.4,0.4,0.65,0.5,0.016339,0.129643
-1,2,1,-1,-1,0.45,0.45,0.65,0.5,0.016339,0.122143
-1,2,1,-1,-1,0.5,0.5,0.65,0.5,0.016383,0.1125
-1,2,1,-1,-1,0.55,0.55,0.65,0.5,0.016517,0.106071
-1,2,1,-1,-1,0.6,0.6,0.65,0.5,0.016696,0.105
-1,2,1,-1,-1,0.65,0.65,0.65,0.5,0.01683,0.100714
-1,2,1,-1,-1,0.7,0.7,0.65,0.5,0.016964,0.098571
-1,2,1,-1,-1,0.75,0.75,0.65,0.5,0.017187,0.095357
-1,2,1,-1,-1,0.8,0.8,0.65,0.5,0.017455,0.093214
-1,2,1,-1,-1,0.85,0.85,0.65,0.5,0.017857,0.092143
-1,2,1,-1,-1,0.9,0.9,0.65,0.5,0.018437,0.087857
-1,2,1,-1,-1,0.95,0.95,0.65,0.5,0.01991,0.086785
-1,2,1,-1,-1,1.0,1.0,0.65,0.5,0.041071,0.085714
-1,2,1,-1,-1,0.05,0.05,0.7,0.5,0.016144,0.207551
-1,2,1,-1,-1,0.1,0.1,0.7,0.5,0.016218,0.194643
-1,2,1,-1,-1,0.15,0.15,0.7,0.5,0.016218,0.178214
-1,2,1,-1,-1,0.2,0.2,0.7,0.5,0.016218,0.160612
-1,2,1,-1,-1,0.25,0.25,0.7,0.5,0.016291,0.147704
-1,2,1,-1,-1,0.3,0.3,0.7,0.5,0.016364,0.14301
-1,2,1,-1,-1,0.35,0.35,0.7,0.5,0.016364,0.134796
-1,2,1,-1,-1,0.4,0.4,0.7,0.5,0.016511,0.119541
-1,2,1,-1,-1,0.45,0.45,0.7,0.5,0.016511,0.111327
-1,2,1,-1,-1,0.5,0.5,0.7,0.5,0.016584,0.100766
-1,2,1,-1,-1,0.55,0.55,0.7,0.5,0.016804,0.093725
-1,2,1,-1,-1,0.6,0.6,0.7,0.5,0.017098,0.092551
-1,2,1,-1,-1,0.65,0.65,0.7,0.5,0.017318,0.087858
-1,2,1,-1,-1,0.7,0.7,0.7,0.5,0.017538,0.085511
-1,2,1,-1,-1,0.75,0.75,0.7,0.5,0.017905,0.08199
-1,2,1,-1,-1,0.8,0.8,0.7,0.5,0.018345,0.079643
-1,2,1,-1,-1,0.85,0.85,0.7,0.5,0.019005,0.07847
-1,2,1,-1,-1,0.9,0.9,0.7,0.5,0.019958,0.073776
-1,2,1,-1,-1,0.95,0.95,0.7,0.5,0.022378,0.072602
-1,2,1,-1,-1,1.0,1.0,0.7,0.5,0.057143,0.071429
-1,2,1,-1,-1,0.05,0.05,0.75,0.5,0.016189,0.200204
-1,2,1,-1,-1,0.1,0.1,0.75,0.5,0.016307,0.183928
-1,2,1,-1,-1,0.15,0.15,0.75,0.5,0.016307,0.163214
-1,2,1,-1,-1,0.2,0.2,0.75,0.5,0.016307,0.14102
-1,2,1,-1,-1,0.25,0.25,0.75,0.5,0.016425,0.124745
-1,2,1,-1,-1,0.3,0.3,0.75,0.5,0.016543,0.118826
-1,2,1,-1,-1,0.35,0.35,0.75,0.5,0.016543,0.108469
-1,2,1,-1,-1,0.4,0.4,0.75,0.5,0.016779,0.089234
-1,2,1,-1,-1,0.45,0.45,0.75,0.5,0.016779,0.078877
-1,2,1,-1,-1,0.5,0.5,0.75,0.5,0.016897,0.065561
-1,2,1,-1,-1,0.55,0.55,0.75,0.5,0.017251,0.056683
-1,2,1,-1,-1,0.6,0.6,0.75,0.5,0.017723,0.055204
-1,2,1,-1,-1,0.65,0.65,0.75,0.5,0.018077,0.049285
-1,2,1,-1,-1,0.7,0.7,0.75,0.5,0.018431,0.046326
-1,2,1,-1,-1,0.75,0.75,0.75,0.5,0.019021,0.041887
-1,2,1,-1,-1,0.8,0.8,0.75,0.5,0.019729,0.038928
-1,2,1,-1,-1,0.85,0.85,0.75,0.5,0.02079,0.037449
-1,2,1,-1,-1,0.9,0.9,0.75,0.5,0.022324,0.03153
-1,2,1,-1,-1,0.95,0.95,0.75,0.5,0.026218,0.030051
-1,2,1,-1,-1,1.0,1.0,0.75,0.5,0.082143,0.028571
-1,2,1,-1,-1,0.05,0.05,0.8,0.5,0.016281,0.198979
-1,2,1,-1,-1,0.1,0.1,0.8,0.5,0.016492,0.182143
-1,2,1,-1,-1,0.15,0.15,0.8,0.5,0.016492,0.160714
-1,2,1,-1,-1,0.2,0.2,0.8,0.5,0.016492,0.137755
-1,2,1,-1,-1,0.25,0.25,0.8,0.5,0.016702,0.120919
-1,2,1,-1,-1,0.3,0.3,0.8,0.5,0.016913,0.114796
-1,2,1,-1,-1,0.35,0.35,0.8,0.5,0.016913,0.104082
-1,2,1,-1,-1,0.4,0.4,0.8,0.5,0.017334,0.084184
-1,2,1,-1,-1,0.45,0.45,0.8,0.5,0.017334,0.07347
-1,2,1,-1,-1,0.5,0.5,0.8,0.5,0.017544,0.059694
-1,2,1,-1,-1,0.55,0.55,0.8,0.5,0.018176,0.05051
-1,2,1,-1,-1,0.6,0.6,0.8,0.5,0.019017,0.04898
-1,2,1,-1,-1,0.65,0.65,0.8,0.5,0.019649,0.042858
-1,2,1,-1,-1,0.7,0.7,0.8,0.5,0.02028,0.039796
-1,2,1,-1,-1,0.75,0.75,0.8,0.5,0.021333,0.035205
-1,2,1,-1,-1,0.8,0.8,0.8,0.5,0.022595,0.032143
-1,2,1,-1,-1,0.85,0.85,0.8,0.5,0.024489,0.030613
-1,2,1,-1,-1,0.9,0.9,0.8,0.5,0.027225,0.02449
-1,2,1,-1,-1,0.95,0.95,0.8,0.5,0.034171,0.02296
-1,2,1,-1,-1,1.0,1.0,0.8,0.5,0.133929,0.021429
-1,2,1,-1,-1,0.05,0.05,0.85,0.5,0.016364,0.19653
-1,2,1,-1,-1,0.1,0.1,0.85,0.5,0.016658,0.178571
-1,2,1,-1,-1,0.15,0.15,0.85,0.5,0.016658,0.155714
-1,2,1,-1,-1,0.2,0.2,0.85,0.5,0.016658,0.131224
-1,2,1,-1,-1,0.25,0.25,0.85,0.5,0.016951,0.113265
-1,2,1,-1,-1,0.3,0.3,0.85,0.5,0.017244,0.106735
-1,2,1,-1,-1,0.35,0.35,0.85,0.5,0.017244,0.095306
-1,2,1,-1,-1,0.4,0.4,0.85,0.5,0.017831,0.074082
-1,2,1,-1,-1,0.45,0.45,0.85,0.5,0.017831,0.062653
-1,2,1,-1,-1,0.5,0.5,0.85,0.5,0.018125,0.047959
-1,2,1,-1,-1,0.55,0.55,0.85,0.5,0.019005,0.038163
-1,2,1,-1,-1,0.6,0.6,0.85,0.5,0.020178,0.036531
-1,2,1,-1,-1,0.65,0.65,0.85,0.5,0.021058,0.03
-1,2,1,-1,-1,0.7,0.7,0.85,0.5,0.021938,0.026735
-1,2,1,-1,-1,0.75,0.75,0.85,0.5,0.023405,0.021837
-1,2,1,-1,-1,0.8,0.8,0.85,0.5,0.025165,0.018572
-1,2,1,-1,-1,0.85,0.85,0.85,0.5,0.027806,0.016939
-1,2,1,-1,-1,0.9,0.9,0.85,0.5,0.03162,0.010408
-1,2,1,-1,-1,0.95,0.95,0.85,0.5,0.041301,0.008776
-1,2,1,-1,-1,1.0,1.0,0.85,0.5,0.180357,0.007143
-1,2,1,-1,-1,0.05,0.05,0.9,0.5,0.016498,0.19653
-1,2,1,-1,-1,0.1,0.1,0.9,0.5,0.016925,0.178571
-1,2,1,-1,-1,0.15,0.15,0.9,0.5,0.016925,0.155714
-1,2,1,-1,-1,0.2,0.2,0.9,0.5,0.016925,0.131224
-1,2,1,-1,-1,0.25,0.25,0.9,0.5,0.017353,0.113265
-1,2,1,-1,-1,0.3,0.3,0.9,0.5,0.01778,0.106735
-1,2,1,-1,-1,0.35,0.35,0.9,0.5,0.01778,0.095306
-1,2,1,-1,-1,0.4,0.4,0.9,0.5,0.018635,0.074082
-1,2,1,-1,-1,0.45,0.45,0.9,0.5,0.018635,0.062653
-1,2,1,-1,-1,0.5,0.5,0.9,0.5,0.019062,0.047959
-1,2,1,-1,-1,0.55,0.55,0.9,0.5,0.020344,0.038163
-1,2,1,-1,-1,0.6,0.6,0.9,0.5,0.022053,0.036531
-1,2,1,-1,-1,0.65,0.65,0.9,0.5,0.023335,0.03
-1,2,1,-1,-1,0.7,0.7,0.9,0.5,0.024617,0.026735
-1,2,1,-1,-1,0.75,0.75,0.9,0.5,0.026753,0.021837
-1,2,1,-1,-1,0.8,0.8,0.9,0.5,0.029317,0.018572
-1,2,1,-1,-1,0.85,0.85,0.9,0.5,0.033163,0.016939
-1,2,1,-1,-1,0.9,0.9,0.9,0.5,0.038718,0.010408
-1,2,1,-1,-1,0.95,0.95,0.9,0.5,0.052818,0.008776
-1,2,1,-1,-1,1.0,1.0,0.9,0.5,0.255357,0.007143
-1,2,1,-1,-1,0.05,0.05,0.95,0.5,0.016725,0.195306
-1,2,1,-1,-1,0.1,0.1,0.95,0.5,0.017378,0.176786
-1,2,1,-1,-1,0.15,0.15,0.95,0.5,0.017378,0.153214
-1,2,1,-1,-1,0.2,0.2,0.95,0.5,0.017378,0.127959
-1,2,1,-1,-1,0.25,0.25,0.95,0.5,0.018032,0.109439
-1,2,1,-1,-1,0.3,0.3,0.95,0.5,0.018686,0.102704
-1,2,1,-1,-1,0.35,0.35,0.95,0.5,0.018686,0.090918
-1,2,1,-1,-1,0.4,0.4,0.95,0.5,0.019993,0.06903
-1,2,1,-1,-1,0.45,0.45,0.95,0.5,0.019993,0.057245
-1,2,1,-1,-1,0.5,0.5,0.95,0.5,0.020647,0.042092
-1,2,1,-1,-1,0.55,0.55,0.95,0.5,0.022608,0.03199
-1,2,1,-1,-1,0.6,0.6,0.95,0.5,0.025223,0.030306
-1,2,1,-1,-1,0.65,0.65,0.95,0.5,0.027184,0.023571
-1,2,1,-1,-1,0.7,0.7,0.95,0.5,0.029145,0.020204
-1,2,1,-1,-1,0.75,0.75,0.95,0.5,0.032414,0.015153
-1,2,1,-1,-1,0.8,0.8,0.95,0.5,0.036336,0.011786
-1,2,1,-1,-1,0.85,0.85,0.95,0.5,0.042219,0.010102
-1,2,1,-1,-1,0.9,0.9,0.95,0.5,0.050717,0.003367
-1,2,1,-1,-1,0.95,0.95,0.95,0.5,0.072289,0.001684
-1,2,1,-1,-1,1.0,1.0,0.95,0.5,0.382143,0.0
-1,2,1,-1,-1,0.05,0.05,1.0,0.5,0.017828,0.195306
-1,2,1,-1,-1,0.1,0.1,1.0,0.5,0.019585,0.176786
-1,2,1,-1,-1,0.15,0.15,1.0,0.5,0.019585,0.153214
-1,2,1,-1,-1,0.2,0.2,1.0,0.5,0.019585,0.127959
-1,2,1,-1,-1,0.25,0.25,1.0,0.5,0.021342,0.109439
-1,2,1,-1,-1,0.3,0.3,1.0,0.5,0.023099,0.102704
-1,2,1,-1,-1,0.35,0.35,1.0,0.5,0.023099,0.090918
-1,2,1,-1,-1,0.4,0.4,1.0,0.5,0.026613,0.06903
-1,2,1,-1,-1,0.45,0.45,1.0,0.5,0.026613,0.057245
-1,2,1,-1,-1,0.5,0.5,1.0,0.5,0.02837,0.042092
-1,2,1,-1,-1,0.55,0.55,1.0,0.5,0.033641,0.03199
-1,2,1,-1,-1,0.6,0.6,1.0,0.5,0.040669,0.030306
-1,2,1,-1,-1,0.65,0.65,1.0,0.5,0.04594,0.023571
-1,2,1,-1,-1,0.7,0.7,1.0,0.5,0.051211,0.020204
-1,2,1,-1,-1,0.75,0.75,1.0,0.5,0.059997,0.015153
-1,2,1,-1,-1,0.8,0.8,1.0,0.5,0.070538,0.011786
-1,2,1,-1,-1,0.85,0.85,1.0,0.5,0.086352,0.010102
-1,2,1,-1,-1,0.9,0.9,1.0,0.5,0.109193,0.003367
-1,2,1,-1,-1,0.95,0.95,1.0,0.5,0.167174,0.001684
-1,2,1,-1,-1,1.0,1.0,1.0,0.5,1.0,0.0
-1,2,1,-1,-1,0.05,0.05,0.55,0.55,0.021429,0.164286
-1,2,1,-1,-1,0.1,0.1,0.55,0.55,0.021429,0.164286
-1,2,1,-1,-1,0.15,0.15,0.55,0.55,0.021429,0.164286
-1,2,1,-1,-1,0.2,0.2,0.55,0.55,0.021429,0.164286
-1,2,1,-1,-1,0.25,0.25,0.55,0.55,0.021429,0.164286
-1,2,1,-1,-1,0.3,0.3,0.55,0.55,0.021429,0.164286
-1,2,1,-1,-1,0.35,0.35,0.55,0.55,0.021429,0.164286
-1,2,1,-1,-1,0.4,0.4,0.55,0.55,0.021429,0.164286
-1,2,1,-1,-1,0.45,0.45,0.55,0.55,0.021429,0.164286
-1,2,1,-1,-1,0.5,0.5,0.55,0.55,0.021429,0.164286
-1,2,1,-1,-1,0.55,0.55,0.55,0.55,0.021429,0.164286
-1,2,1,-1,-1,0.6,0.6,0.55,0.55,0.021429,0.164286
-1,2,1,-1,-1,0.65,0.65,0.55,0.55,0.021429,0.164286
-1,2,1,-1,-1,0.7,0.7,0.55,0.55,0.021429,0.164286
-1,2,1,-1,-1,0.75,0.75,0.55,0.55,0.021429,0.164286
-1,2,1,-1,-1,0.8,0.8,0.55,0.55,0.021429,0.164286
-1,2,1,-1,-1,0.85,0.85,0.55,0.55,0.021429,0.164286
-1,2,1,-1,-1,0.9,0.9,0.55,0.55,0.021429,0.164286
-1,2,1,-1,-1,0.95,0.95,0.55,0.55,0.021429,0.164286
-1,2,1,-1,-1,1.0,1.0,0.55,0.55,0.021429,0.164286
-1,2,1,-1,-1,0.05,0.05,0.6,0.55,0.021442,0.155715
-1,2,1,-1,-1,0.1,0.1,0.6,0.55,0.021455,0.151786
-1,2,1,-1,-1,0.15,0.15,0.6,0.55,0.021455,0.146786
-1,2,1,-1,-1,0.2,0.2,0.6,0.55,0.021455,0.141429
-1,2,1,-1,-1,0.25,0.25,0.6,0.55,0.021467,0.1375
-1,2,1,-1,-1,0.3,0.3,0.6,0.55,0.02148,0.136072
-1,2,1,-1,-1,0.35,0.35,0.6,0.55,0.02148,0.133572
-1,2,1,-1,-1,0.4,0.4,0.6,0.55,0.021506,0.128929
-1,2,1,-1,-1,0.45,0.45,0.6,0.55,0.021506,0.126429
-1,2,1,-1,-1,0.5,0.5,0.6,0.55,0.021518,0.123215
-1,2,1,-1,-1,0.55,0.55,0.6,0.55,0.021557,0.121072
-1,2,1,-1,-1,0.6,0.6,0.6,0.55,0.021608,0.120715
-1,2,1,-1,-1,0.65,0.65,0.6,0.55,0.021646,0.119286
-1,2,1,-1,-1,0.7,0.7,0.6,0.55,0.021684,0.118572
-1,2,1,-1,-1,0.75,0.75,0.6,0.55,0.021748,0.1175
-1,2,1,-1,-1,0.8,0.8,0.6,0.55,0.021824,0.116786
-1,2,1,-1,-1,0.85,0.85,0.6,0.55,0.021939,0.116429
-1,2,1,-1,-1,0.9,0.9,0.6,0.55,0.022105,0.115
-1,2,1,-1,-1,0.95,0.95,0.6,0.55,0.022526,0.114643
-1,2,1,-1,-1,1.0,1.0,0.6,0.55,0.028571,0.114286
-1,2,1,-1,-1,0.05,0.05,0.65,0.55,0.021464,0.150816
-1,2,1,-1,-1,0.1,0.1,0.65,0.55,0.021499,0.144643
-1,2,1,-1,-1,0.15,0.15,0.65,0.55,0.021499,0.136786
-1,2,1,-1,-1,0.2,0.2,0.65,0.55,0.021499,0.128367
-1,2,1,-1,-1,0.25,0.25,0.65,0.55,0.021534,0.122194
-1,2,1,-1,-1,0.3,0.3,0.65,0.55,0.021569,0.119949
-1,2,1,-1,-1,0.35,0.35,0.65,0.55,0.021569,0.11602
-1,2,1,-1,-1,0.4,0.4,0.65,0.55,0.021639,0.108724
-1,2,1,-1,-1,0.45,0.45,0.65,0.55,0.021639,0.104796
-1,2,1,-1,-1,0.5,0.5,0.65,0.55,0.021675,0.099745
-1,2,1,-1,-1,0.55,0.55,0.65,0.55,0.02178,0.096377
-1,2,1,-1,-1,0.6,0.6,0.65,0.55,0.02192,0.095816
-1,2,1,-1,-1,0.65,0.65,0.65,0.55,0.022025,0.093571
-1,2,1,-1,-1,0.7,0.7,0.65,0.55,0.02213,0.092449
-1,2,1,-1,-1,0.75,0.75,0.65,0.55,0.022306,0.090765
-1,2,1,-1,-1,0.8,0.8,0.65,0.55,0.022516,0.089643
-1,2,1,-1,-1,0.85,0.85,0.65,0.55,0.022832,0.089081
-1,2,1,-1,-1,0.9,0.9,0.65,0.55,0.023288,0.086836
-1,2,1,-1,-1,0.95,0.95,0.65,0.55,0.024445,0.086275
-1,2,1,-1,-1,1.0,1.0,0.65,0.55,0.041071,0.085714
-1,2,1,-1,-1,0.05,0.05,0.7,0.55,0.021493,0.148368
-1,2,1,-1,-1,0.1,0.1,0.7,0.55,0.021557,0.141072
-1,2,1,-1,-1,0.15,0.15,0.7,0.55,0.021557,0.131786
-1,2,1,-1,-1,0.2,0.2,0.7,0.55,0.021557,0.121837
-1,2,1,-1,-1,0.25,0.25,0.7,0.55,0.02162,0.114541
-1,2,1,-1,-1,0.3,0.3,0.7,0.55,0.021684,0.111888
-1,2,1,-1,-1,0.35,0.35,0.7,0.55,0.021684,0.107245
-1,2,1,-1,-1,0.4,0.4,0.7,0.55,0.021812,0.098623
-1,2,1,-1,-1,0.45,0.45,0.7,0.55,0.021812,0.09398
-1,2,1,-1,-1,0.5,0.5,0.7,0.55,0.021875,0.088011
-1,2,1,-1,-1,0.55,0.55,0.7,0.55,0.022067,0.084031
-1,2,1,-1,-1,0.6,0.6,0.7,0.55,0.022322,0.083368
-1,2,1,-1,-1,0.65,0.65,0.7,0.55,0.022513,0.080715
-1,2,1,-1,-1,0.7,0.7,0.7,0.55,0.022704,0.079388
-1,2,1,-1,-1,0.75,0.75,0.7,0.55,0.023023,0.077398
-1,2,1,-1,-1,0.8,0.8,0.7,0.55,0.023406,0.076072
-1,2,1,-1,-1,0.85,0.85,0.7,0.55,0.02398,0.075409
-1,2,1,-1,-1,0.9,0.9,0.7,0.55,0.024809,0.072756
-1,2,1,-1,-1,0.95,0.95,0.7,0.55,0.026914,0.072092
-1,2,1,-1,-1,1.0,1.0,0.7,0.55,0.057143,0.071429
-1,2,1,-1,-1,0.05,0.05,0.75,0.55,0.021537,0.141021
-1,2,1,-1,-1,0.1,0.1,0.75,0.55,0.021646,0.130357
-1,2,1,-1,-1,0.15,0.15,0.75,0.55,0.021646,0.116786
-1,2,1,-1,-1,0.2,0.2,0.75,0.55,0.021646,0.102245
-1,2,1,-1,-1,0.25,0.25,0.75,0.55,0.021754,0.091582
-1,2,1,-1,-1,0.3,0.3,0.75,0.55,0.021863,0.087704
-1,2,1,-1,-1,0.35,0.35,0.75,0.55,0.021863,0.080918
-1,2,1,-1,-1,0.4,0.4,0.75,0.55,0.022079,0.068316
-1,2,1,-1,-1,0.45,0.45,0.75,0.55,0.022079,0.06153
-1,2,1,-1,-1,0.5,0.5,0.75,0.55,0.022188,0.052806
-1,2,1,-1,-1,0.55,0.55,0.75,0.55,0.022513,0.046989
-1,2,1,-1,-1,0.6,0.6,0.75,0.55,0.022947,0.04602
-1,2,1,-1,-1,0.65,0.65,0.75,0.55,0.023272,0.042142
-1,2,1,-1,-1,0.7,0.7,0.75,0.55,0.023597,0.040204
-1,2,1,-1,-1,0.75,0.75,0.75,0.55,0.024139,0.037296
-1,2,1,-1,-1,0.8,0.8,0.75,0.55,0.02479,0.035357
-1,2,1,-1,-1,0.85,0.85,0.75,0.55,0.025766,0.034387
-1,2,1,-1,-1,0.9,0.9,0.75,0.55,0.027175,0.03051
-1,2,1,-1,-1,0.95,0.95,0.75,0.55,0.030753,0.02954
-1,2,1,-1,-1,1.0,1.0,0.75,0.55,0.082143,0.028571
-1,2,1,-1,-1,0.05,0.05,0.8,0.55,0.02163,0.139796
-1,2,1,-1,-1,0.1,0.1,0.8,0.55,0.021831,0.128572
-1,2,1,-1,-1,0.15,0.15,0.8,0.55,0.021831,0.114286
-1,2,1,-1,-1,0.2,0.2,0.8,0.55,0.021831,0.09898
-1,2,1,-1,-1,0.25,0.25,0.8,0.55,0.022032,0.087756
-1,2,1,-1,-1,0.3,0.3,0.8,0.55,0.022233,0.083674
-1,2,1,-1,-1,0.35,0.35,0.8,0.55,0.022233,0.076531
-1,2,1,-1,-1,0.4,0.4,0.8,0.55,0.022634,0.063266
-1,2,1,-1,-1,0.45,0.45,0.8,0.55,0.022634,0.056123
-1,2,1,-1,-1,0.5,0.5,0.8,0.55,0.022835,0.046939
-1,2,1,-1,-1,0.55,0.55,0.8,0.55,0.023438,0.040817
-1,2,1,-1,-1,0.6,0.6,0.8,0.55,0.024241,0.039796
-1,2,1,-1,-1,0.65,0.65,0.8,0.55,0.024844,0.035715
-1,2,1,-1,-1,0.7,0.7,0.8,0.55,0.025447,0.033674
-1,2,1,-1,-1,0.75,0.75,0.8,0.55,0.026451,0.030613
-1,2,1,-1,-1,0.8,0.8,0.8,0.55,0.027657,0.028572
-1,2,1,-1,-1,0.85,0.85,0.8,0.55,0.029465,0.027551
-1,2,1,-1,-1,0.9,0.9,0.8,0.55,0.032076,0.02347
-1,2,1,-1,-1,0.95,0.95,0.8,0.55,0.038706,0.022449
-1,2,1,-1,-1,1.0,1.0,0.8,0.55,0.133929,0.021429
-1,2,1,-1,-1,0.05,0.05,0.85,0.55,0.021713,0.137347
-1,2,1,-1,-1,0.1,0.1,0.85,0.55,0.021997,0.125
-1,2,1,-1,-1,0.15,0.15,0.85,0.55,0.021997,0.109286
-1,2,1,-1,-1,0.2,0.2,0.85,0.55,0.021997,0.092449
-1,2,1,-1,-1,0.25,0.25,0.85,0.55,0.02228,0.080102
-1,2,1,-1,-1,0.3,0.3,0.85,0.55,0.022564,0.075612
-1,2,1,-1,-1,0.35,0.35,0.85,0.55,0.022564,0.067755
-1,2,1,-1,-1,0.4,0.4,0.85,0.55,0.023132,0.053163
-1,2,1,-1,-1,0.45,0.45,0.85,0.55,0.023132,0.045306
-1,2,1,-1,-1,0.5,0.5,0.85,0.55,0.023416,0.035204
-1,2,1,-1,-1,0.55,0.55,0.85,0.55,0.024267,0.02847
-1,2,1,-1,-1,0.6,0.6,0.85,0.55,0.025402,0.027347
-1,2,1,-1,-1,0.65,0.65,0.85,0.55,0.026254,0.022857
-1,2,1,-1,-1,0.7,0.7,0.85,0.55,0.027105,0.020612
-1,2,1,-1,-1,0.75,0.75,0.85,0.55,0.028524,0.017245
-1,2,1,-1,-1,0.8,0.8,0.85,0.55,0.030227,0.015
-1,2,1,-1,-1,0.85,0.85,0.85,0.55,0.032781,0.013878
-1,2,1,-1,-1,0.9,0.9,0.85,0.55,0.03647,0.009388
-1,2,1,-1,-1,0.95,0.95,0.85,0.55,0.045836,0.008265
-1,2,1,-1,-1,1.0,1.0,0.85,0.55,0.180357,0.007143
-1,2,1,-1,-1,0.05,0.05,0.9,0.55,0.021847,0.137347
-1,2,1,-1,-1,0.1,0.1,0.9,0.55,0.022264,0.125
-1,2,1,-1,-1,0.15,0.15,0.9,0.55,0.022264,0.109286
-1,2,1,-1,-1,0.2,0.2,0.9,0.55,0.022264,0.092449
-1,2,1,-1,-1,0.25,0.25,0.9,0.55,0.022682,0.080102
-1,2,1,-1,-1,0.3,0.3,0.9,0.55,0.0231,0.075612
-1,2,1,-1,-1,0.35,0.35,0.9,0.55,0.0231,0.067755
-1,2,1,-1,-1,0.4,0.4,0.9,0.55,0.023935,0.053163
-1,2,1,-1,-1,0.45,0.45,0.9,0.55,0.023935,0.045306
-1,2,1,-1,-1,0.5,0.5,0.9,0.55,0.024353,0.035204
-1,2,1,-1,-1,0.55,0.55,0.9,0.55,0.025606,0.02847
-1,2,1,-1,-1,0.6,0.6,0.9,0.55,0.027277,0.027347
-1,2,1,-1,-1,0.65,0.65,0.9,0.55,0.02853,0.022857
-1,2,1,-1,-1,0.7,0.7,0.9,0.55,0.029784,0.020612
-1,2,1,-1,-1,0.75,0.75,0.9,0.55,0.031872,0.017245
-1,2,1,-1,-1,0.8,0.8,0.9,0.55,0.034379,0.015
-1,2,1,-1,-1,0.85,0.85,0.9,0.55,0.038138,0.013878
-1,2,1,-1,-1,0.9,0.9,0.9,0.55,0.043569,0.009388
-1,2,1,-1,-1,0.95,0.95,0.9,0.55,0.057354,0.008265
-1,2,1,-1,-1,1.0,1.0,0.9,0.55,0.255357,0.007143
-1,2,1,-1,-1,0.05,0.05,0.95,0.55,0.022073,0.136123
-1,2,1,-1,-1,0.1,0.1,0.95,0.55,0.022717,0.123214
-1,2,1,-1,-1,0.15,0.15,0.95,0.55,0.022717,0.106786
-1,2,1,-1,-1,0.2,0.2,0.95,0.55,0.022717,0.089184
-1,2,1,-1,-1,0.25,0.25,0.95,0.55,0.023361,0.076276
-1,2,1,-1,-1,0.3,0.3,0.95,0.55,0.024006,0.071582
-1,2,1,-1,-1,0.35,0.35,0.95,0.55,0.024006,0.063367
-1,2,1,-1,-1,0.4,0.4,0.95,0.55,0.025294,0.048112
-1,2,1,-1,-1,0.45,0.45,0.95,0.55,0.025294,0.039898
-1,2,1,-1,-1,0.5,0.5,0.95,0.55,0.025938,0.029337
-1,2,1,-1,-1,0.55,0.55,0.95,0.55,0.02787,0.022296
-1,2,1,-1,-1,0.6,0.6,0.95,0.55,0.030447,0.021122
-1,2,1,-1,-1,0.65,0.65,0.95,0.55,0.032379,0.016429
-1,2,1,-1,-1,0.7,0.7,0.95,0.55,0.034312,0.014082
-1,2,1,-1,-1,0.75,0.75,0.95,0.55,0.037532,0.010561
-1,2,1,-1,-1,0.8,0.8,0.95,0.55,0.041397,0.008214
-1,2,1,-1,-1,0.85,0.85,0.95,0.55,0.047194,0.007041
-1,2,1,-1,-1,0.9,0.9,0.95,0.55,0.055568,0.002347
-1,2,1,-1,-1,0.95,0.95,0.95,0.55,0.076824,0.001173
-1,2,1,-1,-1,1.0,1.0,0.95,0.55,0.382143,0.0
-1,2,1,-1,-1,0.05,0.05,1.0,0.55,0.023177,0.136123
-1,2,1,-1,-1,0.1,0.1,1.0,0.55,0.024923,0.123214
-1,2,1,-1,-1,0.15,0.15,1.0,0.55,0.024923,0.106786
-1,2,1,-1,-1,0.2,0.2,1.0,0.55,0.024923,0.089184
-1,2,1,-1,-1,0.25,0.25,1.0,0.55,0.026671,0.076276
-1,2,1,-1,-1,0.3,0.3,1.0,0.55,0.028419,0.071582
-1,2,1,-1,-1,0.35,0.35,1.0,0.55,0.028419,0.063367
-1,2,1,-1,-1,0.4,0.4,1.0,0.55,0.031913,0.048112
-1,2,1,-1,-1,0.45,0.45,1.0,0.55,0.031913,0.039898
-1,2,1,-1,-1,0.5,0.5,1.0,0.55,0.033661,0.029337
-1,2,1,-1,-1,0.55,0.55,1.0,0.55,0.038903,0.022296
-1,2,1,-1,-1,0.6,0.6,1.0,0.55,0.045893,0.021122
-1,2,1,-1,-1,0.65,0.65,1.0,0.55,0.051135,0.016429
-1,2,1,-1,-1,0.7,0.7,1.0,0.55,0.056378,0.014082
-1,2,1,-1,-1,0.75,0.75,1.0,0.55,0.065115,0.010561
-1,2,1,-1,-1,0.8,0.8,1.0,0.55,0.0756,0.008214
-1,2,1,-1,-1,0.85,0.85,1.0,0.55,0.091327,0.007041
-1,2,1,-1,-1,0.9,0.9,1.0,0.55,0.114044,0.002347
-1,2,1,-1,-1,0.95,0.95,1.0,0.55,0.171709,0.001173
-1,2,1,-1,-1,1.0,1.0,1.0,0.55,1.0,0.0
-1,2,1,-1,-1,0.05,0.05,0.6,0.6,0.028571,0.114286
-1,2,1,-1,-1,0.1,0.1,0.6,0.6,0.028571,0.114286
-1,2,1,-1,-1,0.15,0.15,0.6,0.6,0.028571,0.114286
-1,2,1,-1,-1,0.2,0.2,0.6,0.6,0.028571,0.114286
-1,2,1,-1,-1,0.25,0.25,0.6,0.6,0.028571,0.114286
-1,2,1,-1,-1,0.3,0.3,0.6,0.6,0.028571,0.114286
-1,2,1,-1,-1,0.35,0.35,0.6,0.6,0.028571,0.114286
-1,2,1,-1,-1,0.4,0.4,0.6,0.6,0.028571,0.114286
-1,2,1,-1,-1,0.45,0.45,0.6,0.6,0.028571,0.114286
-1,2,1,-1,-1,0.5,0.5,0.6,0.6,0.028571,0.114286
-1,2,1,-1,-1,0.55,0.55,0.6,0.6,0.028571,0.114286
-1,2,1,-1,-1,0.6,0.6,0.6,0.6,0.028571,0.114286
-1,2,1,-1,-1,0.65,0.65,0.6,0.6,0.028571,0.114286
-1,2,1,-1,-1,0.7,0.7,0.6,0.6,0.028571,0.114286
-1,2,1,-1,-1,0.75,0.75,0.6,0.6,0.028571,0.114286
-1,2,1,-1,-1,0.8,0.8,0.6,0.6,0.028571,0.114286
-1,2,1,-1,-1,0.85,0.85,0.6,0.6,0.028571,0.114286
-1,2,1,-1,-1,0.9,0.9,0.6,0.6,0.028571,0.114286
-1,2,1,-1,-1,0.95,0.95,0.6,0.6,0.028571,0.114286
-1,2,1,-1,-1,1.0,1.0,0.6,0.6,0.028571,0.114286
-1,2,1,-1,-1,0.05,0.05,0.65,0.6,0.028593,0.109388
-1,2,1,-1,-1,0.1,0.1,0.65,0.6,0.028616,0.107143
-1,2,1,-1,-1,0.15,0.15,0.65,0.6,0.028616,0.104286
-1,2,1,-1,-1,0.2,0.2,0.65,0.6,0.028616,0.101225
-1,2,1,-1,-1,0.25,0.25,0.65,0.6,0.028638,0.09898
-1,2,1,-1,-1,0.3,0.3,0.65,0.6,0.02866,0.098163
-1,2,1,-1,-1,0.35,0.35,0.65,0.6,0.02866,0.096735
-1,2,1,-1,-1,0.4,0.4,0.65,0.6,0.028705,0.094082
-1,2,1,-1,-1,0.45,0.45,0.65,0.6,0.028705,0.092653
-1,2,1,-1,-1,0.5,0.5,0.65,0.6,0.028727,0.090816
-1,2,1,-1,-1,0.55,0.55,0.65,0.6,0.028794,0.089592
-1,2,1,-1,-1,0.6,0.6,0.65,0.6,0.028883,0.089388
-1,2,1,-1,-1,0.65,0.65,0.65,0.6,0.02895,0.088571
-1,2,1,-1,-1,0.7,0.7,0.65,0.6,0.029017,0.088163
-1,2,1,-1,-1,0.75,0.75,0.65,0.6,0.029129,0.087551
-1,2,1,-1,-1,0.8,0.8,0.65,0.6,0.029263,0.087143
-1,2,1,-1,-1,0.85,0.85,0.65,0.6,0.029464,0.086939
-1,2,1,-1,-1,0.9,0.9,0.65,0.6,0.029754,0.086122
-1,2,1,-1,-1,0.95,0.95,0.65,0.6,0.030491,0.085918
-1,2,1,-1,-1,1.0,1.0,0.65,0.6,0.041071,0.085714
-1,2,1,-1,-1,0.05,0.05,0.7,0.6,0.028622,0.106939
-1,2,1,-1,-1,0.1,0.1,0.7,0.6,0.028673,0.103572
-1,2,1,-1,-1,0.15,0.15,0.7,0.6,0.028673,0.099286
-1,2,1,-1,-1,0.2,0.2,0.7,0.6,0.028673,0.094694
-1,2,1,-1,-1,0.25,0.25,0.7,0.6,0.028724,0.091327
-1,2,1,-1,-1,0.3,0.3,0.7,0.6,0.028775,0.090102
-1,2,1,-1,-1,0.35,0.35,0.7,0.6,0.028775,0.08796
-1,2,1,-1,-1,0.4,0.4,0.7,0.6,0.028877,0.08398
-1,2,1,-1,-1,0.45,0.45,0.7,0.6,0.028877,0.081837
-1,2,1,-1,-1,0.5,0.5,0.7,0.6,0.028928,0.079082
-1,2,1,-1,-1,0.55,0.55,0.7,0.6,0.029081,0.077245
-1,2,1,-1,-1,0.6,0.6,0.7,0.6,0.029285,0.076939
-1,2,1,-1,-1,0.65,0.65,0.7,0.6,0.029438,0.075715
-1,2,1,-1,-1,0.7,0.7,0.7,0.6,0.029591,0.075102
-1,2,1,-1,-1,0.75,0.75,0.7,0.6,0.029847,0.074184
-1,2,1,-1,-1,0.8,0.8,0.7,0.6,0.030153,0.073572
-1,2,1,-1,-1,0.85,0.85,0.7,0.6,0.030612,0.073266
-1,2,1,-1,-1,0.9,0.9,0.7,0.6,0.031275,0.072041
-1,2,1,-1,-1,0.95,0.95,0.7,0.6,0.032959,0.071735
-1,2,1,-1,-1,1.0,1.0,0.7,0.6,0.057143,0.071429
-1,2,1,-1,-1,0.05,0.05,0.75,0.6,0.028667,0.099592
-1,2,1,-1,-1,0.1,0.1,0.75,0.6,0.028762,0.092857
-1,2,1,-1,-1,0.15,0.15,0.75,0.6,0.028762,0.084286
-1,2,1,-1,-1,0.2,0.2,0.75,0.6,0.028762,0.075102
-1,2,1,-1,-1,0.25,0.25,0.75,0.6,0.028858,0.068367
-1,2,1,-1,-1,0.3,0.3,0.75,0.6,0.028954,0.065918
-1,2,1,-1,-1,0.35,0.35,0.75,0.6,0.028954,0.061632
-1,2,1,-1,-1,0.4,0.4,0.75,0.6,0.029145,0.053673
-1,2,1,-1,-1,0.45,0.45,0.75,0.6,0.029145,0.049387
-1,2,1,-1,-1,0.5,0.5,0.75,0.6,0.029241,0.043877
-1,2,1,-1,-1,0.55,0.55,0.75,0.6,0.029528,0.040204
-1,2,1,-1,-1,0.6,0.6,0.75,0.6,0.02991,0.039591
-1,2,1,-1,-1,0.65,0.65,0.75,0.6,0.030197,0.037143
-1,2,1,-1,-1,0.7,0.7,0.75,0.6,0.030484,0.035918
-1,2,1,-1,-1,0.75,0.75,0.75,0.6,0.030963,0.034081
-1,2,1,-1,-1,0.8,0.8,0.75,0.6,0.031537,0.032857
-1,2,1,-1,-1,0.85,0.85,0.75,0.6,0.032398,0.032244
-1,2,1,-1,-1,0.9,0.9,0.75,0.6,0.033641,0.029796
-1,2,1,-1,-1,0.95,0.95,0.75,0.6,0.036798,0.029183
-1,2,1,-1,-1,1.0,1.0,0.75,0.6,0.082143,0.028571
-1,2,1,-1,-1,0.05,0.05,0.8,0.6,0.028759,0.098368
-1,2,1,-1,-1,0.1,0.1,0.8,0.6,0.028947,0.091072
-1,2,1,-1,-1,0.15,0.15,0.8,0.6,0.028947,0.081786
-1,2,1,-1,-1,0.2,0.2,0.8,0.6,0.028947,0.071837
-1,2,1,-1,-1,0.25,0.25,0.8,0.6,0.029135,0.064541
-1,2,1,-1,-1,0.3,0.3,0.8,0.6,0.029324,0.061888
-1,2,1,-1,-1,0.35,0.35,0.8,0.6,0.029324,0.057245
-1,2,1,-1,-1,0.4,0.4,0.8,0.6,0.0297,0.048623
-1,2,1,-1,-1,0.45,0.45,0.8,0.6,0.0297,0.04398
-1,2,1,-1,-1,0.5,0.5,0.8,0.6,0.029888,0.038011
-1,2,1,-1,-1,0.55,0.55,0.8,0.6,0.030452,0.034031
-1,2,1,-1,-1,0.6,0.6,0.8,0.6,0.031205,0.033368
-1,2,1,-1,-1,0.65,0.65,0.8,0.6,0.031769,0.030715
-1,2,1,-1,-1,0.7,0.7,0.8,0.6,0.032334,0.029388
-1,2,1,-1,-1,0.75,0.75,0.8,0.6,0.033274,0.027398
-1,2,1,-1,-1,0.8,0.8,0.8,0.6,0.034403,0.026072
-1,2,1,-1,-1,0.85,0.85,0.8,0.6,0.036097,0.025409
-1,2,1,-1,-1,0.9,0.9,0.8,0.6,0.038542,0.022756
-1,2,1,-1,-1,0.95,0.95,0.8,0.6,0.044751,0.022092
-1,2,1,-1,-1,1.0,1.0,0.8,0.6,0.133929,0.021429
-1,2,1,-1,-1,0.05,0.05,0.85,0.6,0.028842,0.095919
-1,2,1,-1,-1,0.1,0.1,0.85,0.6,0.029113,0.0875
-1,2,1,-1,-1,0.15,0.15,0.85,0.6,0.029113,0.076786
-1,2,1,-1,-1,0.2,0.2,0.85,0.6,0.029113,0.065306
-1,2,1,-1,-1,0.25,0.25,0.85,0.6,0.029384,0.056888
-1,2,1,-1,-1,0.3,0.3,0.85,0.6,0.029655,0.053827
-1,2,1,-1,-1,0.35,0.35,0.85,0.6,0.029655,0.04847
-1,2,1,-1,-1,0.4,0.4,0.85,0.6,0.030197,0.038521
-1,2,1,-1,-1,0.45,0.45,0.85,0.6,0.030197,0.033163
-1,2,1,-1,-1,0.5,0.5,0.85,0.6,0.030468,0.026276
-1,2,1,-1,-1,0.55,0.55,0.85,0.6,0.031281,0.021684
-1,2,1,-1,-1,0.6,0.6,0.85,0.6,0.032366,0.020918
-1,2,1,-1,-1,0.65,0.65,0.85,0.6,0.033179,0.017857
-1,2,1,-1,-1,0.7,0.7,0.85,0.6,0.033992,0.016327
-1,2,1,-1,-1,0.75,0.75,0.85,0.6,0.035347,0.014031
-1,2,1,-1,-1,0.8,0.8,0.85,0.6,0.036973,0.0125
-1,2,1,-1,-1,0.85,0.85,0.85,0.6,0.039413,0.011735
-1,2,1,-1,-1,0.9,0.9,0.85,0.6,0.042936,0.008674
-1,2,1,-1,-1,0.95,0.95,0.85,0.6,0.051881,0.007908
-1,2,1,-1,-1,1.0,1.0,0.85,0.6,0.180357,0.007143
-1,2,1,-1,-1,0.05,0.05,0.9,0.6,0.028976,0.095919
-1,2,1,-1,-1,0.1,0.1,0.9,0.6,0.029381,0.0875
-1,2,1,-1,-1,0.15,0.15,0.9,0.6,0.029381,0.076786
-1,2,1,-1,-1,0.2,0.2,0.9,0.6,0.029381,0.065306
-1,2,1,-1,-1,0.25,0.25,0.9,0.6,0.029786,0.056888
-1,2,1,-1,-1,0.3,0.3,0.9,0.6,0.030191,0.053827
-1,2,1,-1,-1,0.35,0.35,0.9,0.6,0.030191,0.04847
-1,2,1,-1,-1,0.4,0.4,0.9,0.6,0.031001,0.038521
-1,2,1,-1,-1,0.45,0.45,0.9,0.6,0.031001,0.033163
-1,2,1,-1,-1,0.5,0.5,0.9,0.6,0.031406,0.026276
-1,2,1,-1,-1,0.55,0.55,0.9,0.6,0.032621,0.021684
-1,2,1,-1,-1,0.6,0.6,0.9,0.6,0.034241,0.020918
-1,2,1,-1,-1,0.65,0.65,0.9,0.6,0.035456,0.017857
-1,2,1,-1,-1,0.7,0.7,0.9,0.6,0.03667,0.016327
-1,2,1,-1,-1,0.75,0.75,0.9,0.6,0.038695,0.014031
-1,2,1,-1,-1,0.8,0.8,0.9,0.6,0.041125,0.0125
-1,2,1,-1,-1,0.85,0.85,0.9,0.6,0.04477,0.011735
-1,2,1,-1,-1,0.9,0.9,0.9,0.6,0.050035,0.008674
-1,2,1,-1,-1,0.95,0.95,0.9,0.6,0.063399,0.007908
-1,2,1,-1,-1,1.0,1.0,0.9,0.6,0.255357,0.007143
-1,2,1,-1,-1,0.05,0.05,0.95,0.6,0.029202,0.094694
-1,2,1,-1,-1,0.1,0.1,0.95,0.6,0.029834,0.085714
-1,2,1,-1,-1,0.15,0.15,0.95,0.6,0.029834,0.074286
-1,2,1,-1,-1,0.2,0.2,0.95,0.6,0.029834,0.062041
-1,2,1,-1,-1,0.25,0.25,0.95,0.6,0.030465,0.053061
-1,2,1,-1,-1,0.3,0.3,0.95,0.6,0.031097,0.049796
-1,2,1,-1,-1,0.35,0.35,0.95,0.6,0.031097,0.044082
-1,2,1,-1,-1,0.4,0.4,0.95,0.6,0.032359,0.033469
-1,2,1,-1,-1,0.45,0.45,0.95,0.6,0.032359,0.027755
-1,2,1,-1,-1,0.5,0.5,0.95,0.6,0.032991,0.020408
-1,2,1,-1,-1,0.55,0.55,0.95,0.6,0.034885,0.01551
-1,2,1,-1,-1,0.6,0.6,0.95,0.6,0.03741,0.014694
-1,2,1,-1,-1,0.65,0.65,0.95,0.6,0.039304,0.011429
-1,2,1,-1,-1,0.7,0.7,0.95,0.6,0.041198,0.009796
-1,2,1,-1,-1,0.75,0.75,0.95,0.6,0.044356,0.007347
-1,2,1,-1,-1,0.8,0.8,0.95,0.6,0.048144,0.005714
-1,2,1,-1,-1,0.85,0.85,0.95,0.6,0.053826,0.004898
-1,2,1,-1,-1,0.9,0.9,0.95,0.6,0.062034,0.001633
-1,2,1,-1,-1,0.95,0.95,0.95,0.6,0.082869,0.000816
-1,2,1,-1,-1,1.0,1.0,0.95,0.6,0.382143,0.0
-1,2,1,-1,-1,0.05,0.05,1.0,0.6,0.030306,0.094694
-1,2,1,-1,-1,0.1,0.1,1.0,0.6,0.03204,0.085714
-1,2,1,-1,-1,0.15,0.15,1.0,0.6,0.03204,0.074286
-1,2,1,-1,-1,0.2,0.2,1.0,0.6,0.03204,0.062041
-1,2,1,-1,-1,0.25,0.25,1.0,0.6,0.033775,0.053061
-1,2,1,-1,-1,0.3,0.3,1.0,0.6,0.03551,0.049796
-1,2,1,-1,-1,0.35,0.35,1.0,0.6,0.03551,0.044082
-1,2,1,-1,-1,0.4,0.4,1.0,0.6,0.038979,0.033469
-1,2,1,-1,-1,0.45,0.45,1.0,0.6,0.038979,0.027755
-1,2,1,-1,-1,0.5,0.5,1.0,0.6,0.040714,0.020408
-1,2,1,-1,-1,0.55,0.55,1.0,0.6,0.045918,0.01551
-1,2,1,-1,-1,0.6,0.6,1.0,0.6,0.052857,0.014694
-1,2,1,-1,-1,0.65,0.65,1.0,0.6,0.058061,0.011429
-1,2,1,-1,-1,0.7,0.7,1.0,0.6,0.063265,0.009796
-1,2,1,-1,-1,0.75,0.75,1.0,0.6,0.071939,0.007347
-1,2,1,-1,-1,0.8,0.8,1.0,0.6,0.082346,0.005714
-1,2,1,-1,-1,0.85,0.85,1.0,0.6,0.097959,0.004898
-1,2,1,-1,-1,0.9,0.9,1.0,0.6,0.12051,0.001633
-1,2,1,-1,-1,0.95,0.95,1.0,0.6,0.177754,0.000816
-1,2,1,-1,-1,1.0,1.0,1.0,0.6,1.0,0.0
-1,2,1,-1,-1,0.05,0.05,0.65,0.65,0.041071,0.085714
-1,2,1,-1,-1,0.1,0.1,0.65,0.65,0.041071,0.085714
-1,2,1,-1,-1,0.15,0.15,0.65,0.65,0.041071,0.085714
-1,2,1,-1,-1,0.2,0.2,0.65,0.65,0.041071,0.085714
-1,2,1,-1,-1,0.25,0.25,0.65,0.65,0.041071,0.085714
-1,2,1,-1,-1,0.3,0.3,0.65,0.65,0.041071,0.085714
-1,2,1,-1,-1,0.35,0.35,0.65,0.65,0.041071,0.085714
-1,2,1,-1,-1,0.4,0.4,0.65,0.65,0.041071,0.085714
-1,2,1,-1,-1,0.45,0.45,0.65,0.65,0.041071,0.085714
-1,2,1,-1,-1,0.5,0.5,0.65,0.65,0.041071,0.085714
-1,2,1,-1,-1,0.55,0.55,0.65,0.65,0.041071,0.085714
-1,2,1,-1,-1,0.6,0.6,0.65,0.65,0.041071,0.085714
-1,2,1,-1,-1,0.65,0.65,0.65,0.65,0.041071,0.085714
-1,2,1,-1,-1,0.7,0.7,0.65,0.65,0.041071,0.085714
-1,2,1,-1,-1,0.75,0.75,0.65,0.65,0.041071,0.085714
-1,2,1,-1,-1,0.8,0.8,0.65,0.65,0.041071,0.085714
-1,2,1,-1,-1,0.85,0.85,0.65,0.65,0.041071,0.085714
-1,2,1,-1,-1,0.9,0.9,0.65,0.65,0.041071,0.085714
-1,2,1,-1,-1,0.95,0.95,0.65,0.65,0.041071,0.085714
-1,2,1,-1,-1,1.0,1.0,0.65,0.65,0.041071,0.085714
-1,2,1,-1,-1,0.05,0.05,0.7,0.65,0.0411,0.083265
-1,2,1,-1,-1,0.1,0.1,0.7,0.65,0.041128,0.082143
-1,2,1,-1,-1,0.15,0.15,0.7,0.65,0.041128,0.080714
-1,2,1,-1,-1,0.2,0.2,0.7,0.65,0.041128,0.079184
-1,2,1,-1,-1,0.25,0.25,0.7,0.65,0.041157,0.078061
-1,2,1,-1,-1,0.3,0.3,0.7,0.65,0.041186,0.077653
-1,2,1,-1,-1,0.35,0.35,0.7,0.65,0.041186,0.076939
-1,2,1,-1,-1,0.4,0.4,0.7,0.65,0.041243,0.075612
-1,2,1,-1,-1,0.45,0.45,0.7,0.65,0.041243,0.074898
-1,2,1,-1,-1,0.5,0.5,0.7,0.65,0.041272,0.07398
-1,2,1,-1,-1,0.55,0.55,0.7,0.65,0.041358,0.073368
-1,2,1,-1,-1,0.6,0.6,0.7,0.65,0.041473,0.073266
-1,2,1,-1,-1,0.65,0.65,0.7,0.65,0.041559,0.072858
-1,2,1,-1,-1,0.7,0.7,0.7,0.65,0.041645,0.072653
-1,2,1,-1,-1,0.75,0.75,0.7,0.65,0.041789,0.072347
-1,2,1,-1,-1,0.8,0.8,0.7,0.65,0.041961,0.072143
-1,2,1,-1,-1,0.85,0.85,0.7,0.65,0.042219,0.072041
-1,2,1,-1,-1,0.9,0.9,0.7,0.65,0.042592,0.071633
-1,2,1,-1,-1,0.95,0.95,0.7,0.65,0.043539,0.071531
-1,2,1,-1,-1,1.0,1.0,0.7,0.65,0.057143,0.071429
-1,2,1,-1,-1,0.05,0.05,0.75,0.65,0.041144,0.075918
-1,2,1,-1,-1,0.1,0.1,0.75,0.65,0.041218,0.071428
-1,2,1,-1,-1,0.15,0.15,0.75,0.65,0.041218,0.065714
-1,2,1,-1,-1,0.2,0.2,0.75,0.65,0.041218,0.059591
-1,2,1,-1,-1,0.25,0.25,0.75,0.65,0.041291,0.055102
-1,2,1,-1,-1,0.3,0.3,0.75,0.65,0.041364,0.053469
-1,2,1,-1,-1,0.35,0.35,0.75,0.65,0.041364,0.050612
-1,2,1,-1,-1,0.4,0.4,0.75,0.65,0.041511,0.045306
-1,2,1,-1,-1,0.45,0.45,0.75,0.65,0.041511,0.042449
-1,2,1,-1,-1,0.5,0.5,0.75,0.65,0.041584,0.038775
-1,2,1,-1,-1,0.55,0.55,0.75,0.65,0.041804,0.036326
-1,2,1,-1,-1,0.6,0.6,0.75,0.65,0.042098,0.035918
-1,2,1,-1,-1,0.65,0.65,0.75,0.65,0.042318,0.034285
-1,2,1,-1,-1,0.7,0.7,0.75,0.65,0.042538,0.033469
-1,2,1,-1,-1,0.75,0.75,0.75,0.65,0.042905,0.032244
-1,2,1,-1,-1,0.8,0.8,0.75,0.65,0.043345,0.031428
-1,2,1,-1,-1,0.85,0.85,0.75,0.65,0.044005,0.03102
-1,2,1,-1,-1,0.9,0.9,0.75,0.65,0.044958,0.029387
-1,2,1,-1,-1,0.95,0.95,0.75,0.65,0.047378,0.028979
-1,2,1,-1,-1,1.0,1.0,0.75,0.65,0.082143,0.028571
-1,2,1,-1,-1,0.05,0.05,0.8,0.65,0.041237,0.074694
-1,2,1,-1,-1,0.1,0.1,0.8,0.65,0.041403,0.069643
-1,2,1,-1,-1,0.15,0.15,0.8,0.65,0.041403,0.063214
-1,2,1,-1,-1,0.2,0.2,0.8,0.65,0.041403,0.056327
-1,2,1,-1,-1,0.25,0.25,0.8,0.65,0.041568,0.051276
-1,2,1,-1,-1,0.3,0.3,0.8,0.65,0.041734,0.049439
-1,2,1,-1,-1,0.35,0.35,0.8,0.65,0.041734,0.046225
-1,2,1,-1,-1,0.4,0.4,0.8,0.65,0.042066,0.040255
-1,2,1,-1,-1,0.45,0.45,0.8,0.65,0.042066,0.037041
-1,2,1,-1,-1,0.5,0.5,0.8,0.65,0.042232,0.032908
-1,2,1,-1,-1,0.55,0.55,0.8,0.65,0.042729,0.030153
-1,2,1,-1,-1,0.6,0.6,0.8,0.65,0.043392,0.029694
-1,2,1,-1,-1,0.65,0.65,0.8,0.65,0.04389,0.027858
-1,2,1,-1,-1,0.7,0.7,0.8,0.65,0.044387,0.026939
-1,2,1,-1,-1,0.75,0.75,0.8,0.65,0.045216,0.025562
-1,2,1,-1,-1,0.8,0.8,0.8,0.65,0.046211,0.024643
-1,2,1,-1,-1,0.85,0.85,0.8,0.65,0.047704,0.024184
-1,2,1,-1,-1,0.9,0.9,0.8,0.65,0.049859,0.022347
-1,2,1,-1,-1,0.95,0.95,0.8,0.65,0.055331,0.021888
-1,2,1,-1,-1,1.0,1.0,0.8,0.65,0.133929,0.021429
-1,2,1,-1,-1,0.05,0.05,0.85,0.65,0.04132,0.072245
-1,2,1,-1,-1,0.1,0.1,0.85,0.65,0.041568,0.066071
-1,2,1,-1,-1,0.15,0.15,0.85,0.65,0.041568,0.058214
-1,2,1,-1,-1,0.2,0.2,0.85,0.65,0.041568,0.049796
-1,2,1,-1,-1,0.25,0.25,0.85,0.65,0.041817,0.043622
-1,2,1,-1,-1,0.3,0.3,0.85,0.65,0.042066,0.041377
-1,2,1,-1,-1,0.35,0.35,0.85,0.65,0.042066,0.037449
-1,2,1,-1,-1,0.4,0.4,0.85,0.65,0.042563,0.030153
-1,2,1,-1,-1,0.45,0.45,0.85,0.65,0.042563,0.026225
-1,2,1,-1,-1,0.5,0.5,0.85,0.65,0.042812,0.021174
-1,2,1,-1,-1,0.55,0.55,0.85,0.65,0.043558,0.017806
-1,2,1,-1,-1,0.6,0.6,0.85,0.65,0.044553,0.017245
-1,2,1,-1,-1,0.65,0.65,0.85,0.65,0.045299,0.015
-1,2,1,-1,-1,0.7,0.7,0.85,0.65,0.046045,0.013878
-1,2,1,-1,-1,0.75,0.75,0.85,0.65,0.047289,0.012194
-1,2,1,-1,-1,0.8,0.8,0.85,0.65,0.048781,0.011072
-1,2,1,-1,-1,0.85,0.85,0.85,0.65,0.05102,0.01051
-1,2,1,-1,-1,0.9,0.9,0.85,0.65,0.054253,0.008265
-1,2,1,-1,-1,0.95,0.95,0.85,0.65,0.062461,0.007704
-1,2,1,-1,-1,1.0,1.0,0.85,0.65,0.180357,0.007143
-1,2,1,-1,-1,0.05,0.05,0.9,0.65,0.041454,0.072245
-1,2,1,-1,-1,0.1,0.1,0.9,0.65,0.041836,0.066071
-1,2,1,-1,-1,0.15,0.15,0.9,0.65,0.041836,0.058214
-1,2,1,-1,-1,0.2,0.2,0.9,0.65,0.041836,0.049796
-1,2,1,-1,-1,0.25,0.25,0.9,0.65,0.042219,0.043622
-1,2,1,-1,-1,0.3,0.3,0.9,0.65,0.042602,0.041377
-1,2,1,-1,-1,0.35,0.35,0.9,0.65,0.042602,0.037449
-1,2,1,-1,-1,0.4,0.4,0.9,0.65,0.043367,0.030153
-1,2,1,-1,-1,0.45,0.45,0.9,0.65,0.043367,0.026225
-1,2,1,-1,-1,0.5,0.5,0.9,0.65,0.04375,0.021174
-1,2,1,-1,-1,0.55,0.55,0.9,0.65,0.044898,0.017806
-1,2,1,-1,-1,0.6,0.6,0.9,0.65,0.046428,0.017245
-1,2,1,-1,-1,0.65,0.65,0.9,0.65,0.047576,0.015
-1,2,1,-1,-1,0.7,0.7,0.9,0.65,0.048724,0.013878
-1,2,1,-1,-1,0.75,0.75,0.9,0.65,0.050637,0.012194
-1,2,1,-1,-1,0.8,0.8,0.9,0.65,0.052933,0.011072
-1,2,1,-1,-1,0.85,0.85,0.9,0.65,0.056377,0.01051
-1,2,1,-1,-1,0.9,0.9,0.9,0.65,0.061352,0.008265
-1,2,1,-1,-1,0.95,0.95,0.9,0.65,0.073979,0.007704
-1,2,1,-1,-1,1.0,1.0,0.9,0.65,0.255357,0.007143
-1,2,1,-1,-1,0.05,0.05,0.95,0.65,0.04168,0.07102
-1,2,1,-1,-1,0.1,0.1,0.95,0.65,0.042289,0.064285
-1,2,1,-1,-1,0.15,0.15,0.95,0.65,0.042289,0.055714
-1,2,1,-1,-1,0.2,0.2,0.95,0.65,0.042289,0.04653
-1,2,1,-1,-1,0.25,0.25,0.95,0.65,0.042898,0.039796
-1,2,1,-1,-1,0.3,0.3,0.95,0.65,0.043507,0.037347
-1,2,1,-1,-1,0.35,0.35,0.95,0.65,0.043507,0.033061
-1,2,1,-1,-1,0.4,0.4,0.95,0.65,0.044725,0.025102
-1,2,1,-1,-1,0.45,0.45,0.95,0.65,0.044725,0.020816
-1,2,1,-1,-1,0.5,0.5,0.95,0.65,0.045334,0.015306
-1,2,1,-1,-1,0.55,0.55,0.95,0.65,0.047162,0.011633
-1,2,1,-1,-1,0.6,0.6,0.95,0.65,0.049598,0.01102
-1,2,1,-1,-1,0.65,0.65,0.95,0.65,0.051425,0.008571
-1,2,1,-1,-1,0.7,0.7,0.95,0.65,0.053252,0.007347
-1,2,1,-1,-1,0.75,0.75,0.95,0.65,0.056297,0.00551
-1,2,1,-1,-1,0.8,0.8,0.95,0.65,0.059952,0.004286
-1,2,1,-1,-1,0.85,0.85,0.95,0.65,0.065433,0.003673
-1,2,1,-1,-1,0.9,0.9,0.95,0.65,0.073351,0.001225
-1,2,1,-1,-1,0.95,0.95,0.95,0.65,0.09345,0.000612
-1,2,1,-1,-1,1.0,1.0,0.95,0.65,0.382143,0.0
-1,2,1,-1,-1,0.05,0.05,1.0,0.65,0.042784,0.07102
-1,2,1,-1,-1,0.1,0.1,1.0,0.65,0.044495,0.064285
-1,2,1,-1,-1,0.15,0.15,1.0,0.65,0.044495,0.055714
-1,2,1,-1,-1,0.2,0.2,1.0,0.65,0.044495,0.04653
-1,2,1,-1,-1,0.25,0.25,1.0,0.65,0.046208,0.039796
-1,2,1,-1,-1,0.3,0.3,1.0,0.65,0.047921,0.037347
-1,2,1,-1,-1,0.35,0.35,1.0,0.65,0.047921,0.033061
-1,2,1,-1,-1,0.4,0.4,1.0,0.65,0.051345,0.025102
-1,2,1,-1,-1,0.45,0.45,1.0,0.65,0.051345,0.020816
-1,2,1,-1,-1,0.5,0.5,1.0,0.65,0.053058,0.015306
-1,2,1,-1,-1,0.55,0.55,1.0,0.65,0.058195,0.011633
-1,2,1,-1,-1,0.6,0.6,1.0,0.65,0.065044,0.01102
-1,2,1,-1,-1,0.65,0.65,1.0,0.65,0.070181,0.008571
-1,2,1,-1,-1,0.7,0.7,1.0,0.65,0.075318,0.007347
-1,2,1,-1,-1,0.75,0.75,1.0,0.65,0.08388,0.00551
-1,2,1,-1,-1,0.8,0.8,1.0,0.65,0.094154,0.004286
-1,2,1,-1,-1,0.85,0.85,1.0,0.65,0.109566,0.003673
-1,2,1,-1,-1,0.9,0.9,1.0,0.65,0.131827,0.001225
-1,2,1,-1,-1,0.95,0.95,1.0,0.65,0.188335,0.000612
-1,2,1,-1,-1,1.0,1.0,1.0,0.65,1.0,0.0
-1,2,1,-1,-1,0.05,0.05,0.7,0.7,0.057143,0.071429
-1,2,1,-1,-1,0.1,0.1,0.7,0.7,0.057143,0.071429
-1,2,1,-1,-1,0.15,0.15,0.7,0.7,0.057143,0.071429
-1,2,1,-1,-1,0.2,0.2,0.7,0.7,0.057143,0.071429
-1,2,1,-1,-1,0.25,0.25,0.7,0.7,0.057143,0.071429
-1,2,1,-1,-1,0.3,0.3,0.7,0.7,0.057143,0.071429
-1,2,1,-1,-1,0.35,0.35,0.7,0.7,0.057143,0.071429
-1,2,1,-1,-1,0.4,0.4,0.7,0.7,0.057143,0.071429
-1,2,1,-1,-1,0.45,0.45,0.7,0.7,0.057143,0.071429
-1,2,1,-1,-1,0.5,0.5,0.7,0.7,0.057143,0.071429
-1,2,1,-1,-1,0.55,0.55,0.7,0.7,0.057143,0.071429
-1,2,1,-1,-1,0.6,0.6,0.7,0.7,0.057143,0.071429
-1,2,1,-1,-1,0.65,0.65,0.7,0.7,0.057143,0.071429
-1,2,1,-1,-1,0.7,0.7,0.7,0.7,0.057143,0.071429
-1,2,1,-1,-1,0.75,0.75,0.7,0.7,0.057143,0.071429
-1,2,1,-1,-1,0.8,0.8,0.7,0.7,0.057143,0.071429
-1,2,1,-1,-1,0.85,0.85,0.7,0.7,0.057143,0.071429
-1,2,1,-1,-1,0.9,0.9,0.7,0.7,0.057143,0.071429
-1,2,1,-1,-1,0.95,0.95,0.7,0.7,0.057143,0.071429
-1,2,1,-1,-1,1.0,1.0,0.7,0.7,0.057143,0.071429
-1,2,1,-1,-1,0.05,0.05,0.75,0.7,0.057188,0.064082
-1,2,1,-1,-1,0.1,0.1,0.75,0.7,0.057232,0.060715
-1,2,1,-1,-1,0.15,0.15,0.75,0.7,0.057232,0.056429
-1,2,1,-1,-1,0.2,0.2,0.75,0.7,0.057232,0.051837
-1,2,1,-1,-1,0.25,0.25,0.75,0.7,0.057277,0.048469
-1,2,1,-1,-1,0.3,0.3,0.75,0.7,0.057322,0.047245
-1,2,1,-1,-1,0.35,0.35,0.75,0.7,0.057322,0.045102
-1,2,1,-1,-1,0.4,0.4,0.75,0.7,0.057411,0.041122
-1,2,1,-1,-1,0.45,0.45,0.75,0.7,0.057411,0.038979
-1,2,1,-1,-1,0.5,0.5,0.75,0.7,0.057455,0.036224
-1,2,1,-1,-1,0.55,0.55,0.75,0.7,0.057589,0.034387
-1,2,1,-1,-1,0.6,0.6,0.75,0.7,0.057768,0.034081
-1,2,1,-1,-1,0.65,0.65,0.75,0.7,0.057902,0.032857
-1,2,1,-1,-1,0.7,0.7,0.75,0.7,0.058036,0.032245
-1,2,1,-1,-1,0.75,0.75,0.75,0.7,0.058259,0.031326
-1,2,1,-1,-1,0.8,0.8,0.75,0.7,0.058527,0.030714
-1,2,1,-1,-1,0.85,0.85,0.75,0.7,0.058929,0.030408
-1,2,1,-1,-1,0.9,0.9,0.75,0.7,0.059509,0.029183
-1,2,1,-1,-1,0.95,0.95,0.75,0.7,0.060982,0.028877
-1,2,1,-1,-1,1.0,1.0,0.75,0.7,0.082143,0.028571
-1,2,1,-1,-1,0.05,0.05,0.8,0.7,0.05728,0.062858
-1,2,1,-1,-1,0.1,0.1,0.8,0.7,0.057417,0.058929
-1,2,1,-1,-1,0.15,0.15,0.8,0.7,0.057417,0.053929
-1,2,1,-1,-1,0.2,0.2,0.8,0.7,0.057417,0.048572
-1,2,1,-1,-1,0.25,0.25,0.8,0.7,0.057554,0.044643
-1,2,1,-1,-1,0.3,0.3,0.8,0.7,0.057691,0.043215
-1,2,1,-1,-1,0.35,0.35,0.8,0.7,0.057691,0.040715
-1,2,1,-1,-1,0.4,0.4,0.8,0.7,0.057966,0.036072
-1,2,1,-1,-1,0.45,0.45,0.8,0.7,0.057966,0.033572
-1,2,1,-1,-1,0.5,0.5,0.8,0.7,0.058103,0.030358
-1,2,1,-1,-1,0.55,0.55,0.8,0.7,0.058514,0.028215
-1,2,1,-1,-1,0.6,0.6,0.8,0.7,0.059063,0.027858
-1,2,1,-1,-1,0.65,0.65,0.8,0.7,0.059474,0.026429
-1,2,1,-1,-1,0.7,0.7,0.8,0.7,0.059885,0.025715
-1,2,1,-1,-1,0.75,0.75,0.8,0.7,0.060571,0.024643
-1,2,1,-1,-1,0.8,0.8,0.8,0.7,0.061394,0.023929
-1,2,1,-1,-1,0.85,0.85,0.8,0.7,0.062628,0.023572
-1,2,1,-1,-1,0.9,0.9,0.8,0.7,0.06441,0.022143
-1,2,1,-1,-1,0.95,0.95,0.8,0.7,0.068935,0.021786
-1,2,1,-1,-1,1.0,1.0,0.8,0.7,0.133929,0.021429
-1,2,1,-1,-1,0.05,0.05,0.85,0.7,0.057363,0.060409
-1,2,1,-1,-1,0.1,0.1,0.85,0.7,0.057583,0.055358
-1,2,1,-1,-1,0.15,0.15,0.85,0.7,0.057583,0.048929
-1,2,1,-1,-1,0.2,0.2,0.85,0.7,0.057583,0.042041
-1,2,1,-1,-1,0.25,0.25,0.85,0.7,0.057803,0.03699
-1,2,1,-1,-1,0.3,0.3,0.85,0.7,0.058023,0.035153
-1,2,1,-1,-1,0.35,0.35,0.85,0.7,0.058023,0.031939
-1,2,1,-1,-1,0.4,0.4,0.85,0.7,0.058463,0.02597
-1,2,1,-1,-1,0.45,0.45,0.85,0.7,0.058463,0.022755
-1,2,1,-1,-1,0.5,0.5,0.85,0.7,0.058683,0.018623
-1,2,1,-1,-1,0.55,0.55,0.85,0.7,0.059343,0.015868
-1,2,1,-1,-1,0.6,0.6,0.85,0.7,0.060223,0.015408
-1,2,1,-1,-1,0.65,0.65,0.85,0.7,0.060883,0.013572
-1,2,1,-1,-1,0.7,0.7,0.85,0.7,0.061543,0.012653
-1,2,1,-1,-1,0.75,0.75,0.85,0.7,0.062644,0.011276
-1,2,1,-1,-1,0.8,0.8,0.85,0.7,0.063964,0.010357
-1,2,1,-1,-1,0.85,0.85,0.85,0.7,0.065944,0.009898
-1,2,1,-1,-1,0.9,0.9,0.85,0.7,0.068804,0.008061
-1,2,1,-1,-1,0.95,0.95,0.85,0.7,0.076065,0.007602
-1,2,1,-1,-1,1.0,1.0,0.85,0.7,0.180357,0.007143
-1,2,1,-1,-1,0.05,0.05,0.9,0.7,0.057497,0.060409
-1,2,1,-1,-1,0.1,0.1,0.9,0.7,0.057851,0.055358
-1,2,1,-1,-1,0.15,0.15,0.9,0.7,0.057851,0.048929
-1,2,1,-1,-1,0.2,0.2,0.9,0.7,0.057851,0.042041
-1,2,1,-1,-1,0.25,0.25,0.9,0.7,0.058205,0.03699
-1,2,1,-1,-1,0.3,0.3,0.9,0.7,0.058559,0.035153
-1,2,1,-1,-1,0.35,0.35,0.9,0.7,0.058559,0.031939
-1,2,1,-1,-1,0.4,0.4,0.9,0.7,0.059267,0.02597
-1,2,1,-1,-1,0.45,0.45,0.9,0.7,0.059267,0.022755
-1,2,1,-1,-1,0.5,0.5,0.9,0.7,0.059621,0.018623
-1,2,1,-1,-1,0.55,0.55,0.9,0.7,0.060683,0.015868
-1,2,1,-1,-1,0.6,0.6,0.9,0.7,0.062098,0.015408
-1,2,1,-1,-1,0.65,0.65,0.9,0.7,0.06316,0.013572
-1,2,1,-1,-1,0.7,0.7,0.9,0.7,0.064222,0.012653
-1,2,1,-1,-1,0.75,0.75,0.9,0.7,0.065992,0.011276
-1,2,1,-1,-1,0.8,0.8,0.9,0.7,0.068116,0.010357
-1,2,1,-1,-1,0.85,0.85,0.9,0.7,0.071301,0.009898
-1,2,1,-1,-1,0.9,0.9,0.9,0.7,0.075903,0.008061
-1,2,1,-1,-1,0.95,0.95,0.9,0.7,0.087583,0.007602
-1,2,1,-1,-1,1.0,1.0,0.9,0.7,0.255357,0.007143
-1,2,1,-1,-1,0.05,0.05,0.95,0.7,0.057723,0.059184
-1,2,1,-1,-1,0.1,0.1,0.95,0.7,0.058304,0.053572
-1,2,1,-1,-1,0.15,0.15,0.95,0.7,0.058304,0.046429
-1,2,1,-1,-1,0.2,0.2,0.95,0.7,0.058304,0.038776
-1,2,1,-1,-1,0.25,0.25,0.95,0.7,0.058884,0.033163
-1,2,1,-1,-1,0.3,0.3,0.95,0.7,0.059464,0.031123
-1,2,1,-1,-1,0.35,0.35,0.95,0.7,0.059464,0.027551
-1,2,1,-1,-1,0.4,0.4,0.95,0.7,0.060625,0.020918
-1,2,1,-1,-1,0.45,0.45,0.95,0.7,0.060625,0.017347
-1,2,1,-1,-1,0.5,0.5,0.95,0.7,0.061205,0.012755
-1,2,1,-1,-1,0.55,0.55,0.95,0.7,0.062947,0.009694
-1,2,1,-1,-1,0.6,0.6,0.95,0.7,0.065268,0.009184
-1,2,1,-1,-1,0.65,0.65,0.95,0.7,0.067009,0.007143
-1,2,1,-1,-1,0.7,0.7,0.95,0.7,0.06875,0.006122
-1,2,1,-1,-1,0.75,0.75,0.95,0.7,0.071652,0.004592
-1,2,1,-1,-1,0.8,0.8,0.95,0.7,0.075134,0.003571
-1,2,1,-1,-1,0.85,0.85,0.95,0.7,0.080357,0.003061
-1,2,1,-1,-1,0.9,0.9,0.95,0.7,0.087902,0.00102
-1,2,1,-1,-1,0.95,0.95,0.95,0.7,0.107054,0.00051
-1,2,1,-1,-1,1.0,1.0,0.95,0.7,0.382143,0.0
-1,2,1,-1,-1,0.05,0.05,1.0,0.7,0.058827,0.059184
-1,2,1,-1,-1,0.1,0.1,1.0,0.7,0.06051,0.053572
-1,2,1,-1,-1,0.15,0.15,1.0,0.7,0.06051,0.046429
-1,2,1,-1,-1,0.2,0.2,1.0,0.7,0.06051,0.038776
-1,2,1,-1,-1,0.25,0.25,1.0,0.7,0.062194,0.033163
-1,2,1,-1,-1,0.3,0.3,1.0,0.7,0.063878,0.031123
-1,2,1,-1,-1,0.35,0.35,1.0,0.7,0.063878,0.027551
-1,2,1,-1,-1,0.4,0.4,1.0,0.7,0.067245,0.020918
-1,2,1,-1,-1,0.45,0.45,1.0,0.7,0.067245,0.017347
-1,2,1,-1,-1,0.5,0.5,1.0,0.7,0.068929,0.012755
-1,2,1,-1,-1,0.55,0.55,1.0,0.7,0.07398,0.009694
-1,2,1,-1,-1,0.6,0.6,1.0,0.7,0.080714,0.009184
-1,2,1,-1,-1,0.65,0.65,1.0,0.7,0.085765,0.007143
-1,2,1,-1,-1,0.7,0.7,1.0,0.7,0.090816,0.006122
-1,2,1,-1,-1,0.75,0.75,1.0,0.7,0.099235,0.004592
-1,2,1,-1,-1,0.8,0.8,1.0,0.7,0.109337,0.003571
-1,2,1,-1,-1,0.85,0.85,1.0,0.7,0.12449,0.003061
-1,2,1,-1,-1,0.9,0.9,1.0,0.7,0.146378,0.00102
-1,2,1,-1,-1,0.95,0.95,1.0,0.7,0.201938,0.00051
-1,2,1,-1,-1,1.0,1.0,1.0,0.7,1.0,0.0
-1,2,1,-1,-1,0.05,0.05,0.75,0.75,0.082143,0.028571
-1,2,1,-1,-1,0.1,0.1,0.75,0.75,0.082143,0.028571
-1,2,1,-1,-1,0.15,0.15,0.75,0.75,0.082143,0.028571
-1,2,1,-1,-1,0.2,0.2,0.75,0.75,0.082143,0.028571
-1,2,1,-1,-1,0.25,0.25,0.75,0.75,0.082143,0.028571
-1,2,1,-1,-1,0.3,0.3,0.75,0.75,0.082143,0.028571
-1,2,1,-1,-1,0.35,0.35,0.75,0.75,0.082143,0.028571
-1,2,1,-1,-1,0.4,0.4,0.75,0.75,0.082143,0.028571
-1,2,1,-1,-1,0.45,0.45,0.75,0.75,0.082143,0.028571
-1,2,1,-1,-1,0.5,0.5,0.75,0.75,0.082143,0.028571
-1,2,1,-1,-1,0.55,0.55,0.75,0.75,0.082143,0.028571
-1,2,1,-1,-1,0.6,0.6,0.75,0.75,0.082143,0.028571
-1,2,1,-1,-1,0.65,0.65,0.75,0.75,0.082143,0.028571
-1,2,1,-1,-1,0.7,0.7,0.75,0.75,0.082143,0.028571
-1,2,1,-1,-1,0.75,0.75,0.75,0.75,0.082143,0.028571
-1,2,1,-1,-1,0.8,0.8,0.75,0.75,0.082143,0.028571
-1,2,1,-1,-1,0.85,0.85,0.75,0.75,0.082143,0.028571
-1,2,1,-1,-1,0.9,0.9,0.75,0.75,0.082143,0.028571
-1,2,1,-1,-1,0.95,0.95,0.75,0.75,0.082143,0.028571
-1,2,1,-1,-1,1.0,1.0,0.75,0.75,0.082143,0.028571
-1,2,1,-1,-1,0.05,0.05,0.8,0.75,0.082235,0.027347
-1,2,1,-1,-1,0.1,0.1,0.8,0.75,0.082328,0.026786
-1,2,1,-1,-1,0.15,0.15,0.8,0.75,0.082328,0.026071
-1,2,1,-1,-1,0.2,0.2,0.8,0.75,0.082328,0.025306
-1,2,1,-1,-1,0.25,0.25,0.8,0.75,0.08242,0.024745
-1,2,1,-1,-1,0.3,0.3,0.8,0.75,0.082513,0.024541
-1,2,1,-1,-1,0.35,0.35,0.8,0.75,0.082513,0.024184
-1,2,1,-1,-1,0.4,0.4,0.8,0.75,0.082698,0.023521
-1,2,1,-1,-1,0.45,0.45,0.8,0.75,0.082698,0.023163
-1,2,1,-1,-1,0.5,0.5,0.8,0.75,0.08279,0.022704
-1,2,1,-1,-1,0.55,0.55,0.8,0.75,0.083068,0.022398
-1,2,1,-1,-1,0.6,0.6,0.8,0.75,0.083438,0.022347
-1,2,1,-1,-1,0.65,0.65,0.8,0.75,0.083715,0.022143
-1,2,1,-1,-1,0.7,0.7,0.8,0.75,0.083992,0.022041
-1,2,1,-1,-1,0.75,0.75,0.8,0.75,0.084455,0.021888
-1,2,1,-1,-1,0.8,0.8,0.8,0.75,0.08501,0.021786
-1,2,1,-1,-1,0.85,0.85,0.8,0.75,0.085842,0.021735
-1,2,1,-1,-1,0.9,0.9,0.8,0.75,0.087044,0.021531
-1,2,1,-1,-1,0.95,0.95,0.8,0.75,0.090096,0.02148
-1,2,1,-1,-1,1.0,1.0,0.8,0.75,0.133929,0.021429
-1,2,1,-1,-1,0.05,0.05,0.85,0.75,0.082318,0.024898
-1,2,1,-1,-1,0.1,0.1,0.85,0.75,0.082494,0.023214
-1,2,1,-1,-1,0.15,0.15,0.85,0.75,0.082494,0.021071
-1,2,1,-1,-1,0.2,0.2,0.85,0.75,0.082494,0.018775
-1,2,1,-1,-1,0.25,0.25,0.85,0.75,0.082669,0.017092
-1,2,1,-1,-1,0.3,0.3,0.85,0.75,0.082845,0.016479
-1,2,1,-1,-1,0.35,0.35,0.85,0.75,0.082845,0.015408
-1,2,1,-1,-1,0.4,0.4,0.85,0.75,0.083195,0.013418
-1,2,1,-1,-1,0.45,0.45,0.85,0.75,0.083195,0.012347
-1,2,1,-1,-1,0.5,0.5,0.85,0.75,0.083371,0.010969
-1,2,1,-1,-1,0.55,0.55,0.85,0.75,0.083897,0.010051
-1,2,1,-1,-1,0.6,0.6,0.85,0.75,0.084598,0.009898
-1,2,1,-1,-1,0.65,0.65,0.85,0.75,0.085124,0.009286
-1,2,1,-1,-1,0.7,0.7,0.85,0.75,0.085651,0.00898
-1,2,1,-1,-1,0.75,0.75,0.85,0.75,0.086528,0.008521
-1,2,1,-1,-1,0.8,0.8,0.85,0.75,0.08758,0.008214
-1,2,1,-1,-1,0.85,0.85,0.85,0.75,0.089158,0.008061
-1,2,1,-1,-1,0.9,0.9,0.85,0.75,0.091438,0.007449
-1,2,1,-1,-1,0.95,0.95,0.85,0.75,0.097226,0.007296
-1,2,1,-1,-1,1.0,1.0,0.85,0.75,0.180357,0.007143
-1,2,1,-1,-1,0.05,0.05,0.9,0.75,0.082452,0.024898
-1,2,1,-1,-1,0.1,0.1,0.9,0.75,0.082762,0.023214
-1,2,1,-1,-1,0.15,0.15,0.9,0.75,0.082762,0.021071
-1,2,1,-1,-1,0.2,0.2,0.9,0.75,0.082762,0.018775
-1,2,1,-1,-1,0.25,0.25,0.9,0.75,0.083071,0.017092
-1,2,1,-1,-1,0.3,0.3,0.9,0.75,0.08338,0.016479
-1,2,1,-1,-1,0.35,0.35,0.9,0.75,0.08338,0.015408
-1,2,1,-1,-1,0.4,0.4,0.9,0.75,0.083999,0.013418
-1,2,1,-1,-1,0.45,0.45,0.9,0.75,0.083999,0.012347
-1,2,1,-1,-1,0.5,0.5,0.9,0.75,0.084308,0.010969
-1,2,1,-1,-1,0.55,0.55,0.9,0.75,0.085236,0.010051
-1,2,1,-1,-1,0.6,0.6,0.9,0.75,0.086473,0.009898
-1,2,1,-1,-1,0.65,0.65,0.9,0.75,0.087401,0.009286
-1,2,1,-1,-1,0.7,0.7,0.9,0.75,0.088329,0.00898
-1,2,1,-1,-1,0.75,0.75,0.9,0.75,0.089876,0.008521
-1,2,1,-1,-1,0.8,0.8,0.9,0.75,0.091732,0.008214
-1,2,1,-1,-1,0.85,0.85,0.9,0.75,0.094516,0.008061
-1,2,1,-1,-1,0.9,0.9,0.9,0.75,0.098536,0.007449
-1,2,1,-1,-1,0.95,0.95,0.9,0.75,0.108744,0.007296
-1,2,1,-1,-1,1.0,1.0,0.9,0.75,0.255357,0.007143
-1,2,1,-1,-1,0.05,0.05,0.95,0.75,0.082679,0.023673
-1,2,1,-1,-1,0.1,0.1,0.95,0.75,0.083214,0.021428
-1,2,1,-1,-1,0.15,0.15,0.95,0.75,0.083214,0.018571
-1,2,1,-1,-1,0.2,0.2,0.95,0.75,0.083214,0.01551
-1,2,1,-1,-1,0.25,0.25,0.95,0.75,0.08375,0.013265
-1,2,1,-1,-1,0.3,0.3,0.95,0.75,0.084286,0.012449
-1,2,1,-1,-1,0.35,0.35,0.95,0.75,0.084286,0.01102
-1,2,1,-1,-1,0.4,0.4,0.95,0.75,0.085357,0.008367
-1,2,1,-1,-1,0.45,0.45,0.95,0.75,0.085357,0.006939
-1,2,1,-1,-1,0.5,0.5,0.95,0.75,0.085893,0.005102
-1,2,1,-1,-1,0.55,0.55,0.95,0.75,0.0875,0.003877
-1,2,1,-1,-1,0.6,0.6,0.95,0.75,0.089643,0.003673
-1,2,1,-1,-1,0.65,0.65,0.95,0.75,0.09125,0.002857
-1,2,1,-1,-1,0.7,0.7,0.95,0.75,0.092857,0.002449
-1,2,1,-1,-1,0.75,0.75,0.95,0.75,0.095536,0.001837
-1,2,1,-1,-1,0.8,0.8,0.95,0.75,0.09875,0.001429
-1,2,1,-1,-1,0.85,0.85,0.95,0.75,0.103572,0.001224
-1,2,1,-1,-1,0.9,0.9,0.95,0.75,0.110536,0.000408
-1,2,1,-1,-1,0.95,0.95,0.95,0.75,0.128214,0.000204
-1,2,1,-1,-1,1.0,1.0,0.95,0.75,0.382143,0.0
-1,2,1,-1,-1,0.05,0.05,1.0,0.75,0.083782,0.023673
-1,2,1,-1,-1,0.1,0.1,1.0,0.75,0.085421,0.021428
-1,2,1,-1,-1,0.15,0.15,1.0,0.75,0.085421,0.018571
-1,2,1,-1,-1,0.2,0.2,1.0,0.75,0.085421,0.01551
-1,2,1,-1,-1,0.25,0.25,1.0,0.75,0.08706,0.013265
-1,2,1,-1,-1,0.3,0.3,1.0,0.75,0.088699,0.012449
-1,2,1,-1,-1,0.35,0.35,1.0,0.75,0.088699,0.01102
-1,2,1,-1,-1,0.4,0.4,1.0,0.75,0.091977,0.008367
-1,2,1,-1,-1,0.45,0.45,1.0,0.75,0.091977,0.006939
-1,2,1,-1,-1,0.5,0.5,1.0,0.75,0.093616,0.005102
-1,2,1,-1,-1,0.55,0.55,1.0,0.75,0.098533,0.003877
-1,2,1,-1,-1,0.6,0.6,1.0,0.75,0.105089,0.003673
-1,2,1,-1,-1,0.65,0.65,1.0,0.75,0.110006,0.002857
-1,2,1,-1,-1,0.7,0.7,1.0,0.75,0.114923,0.002449
-1,2,1,-1,-1,0.75,0.75,1.0,0.75,0.123119,0.001837
-1,2,1,-1,-1,0.8,0.8,1.0,0.75,0.132953,0.001429
-1,2,1,-1,-1,0.85,0.85,1.0,0.75,0.147705,0.001224
-1,2,1,-1,-1,0.9,0.9,1.0,0.75,0.169012,0.000408
-1,2,1,-1,-1,0.95,0.95,1.0,0.75,0.223099,0.000204
-1,2,1,-1,-1,1.0,1.0,1.0,0.75,1.0,0.0
-1,2,1,-1,-1,0.05,0.05,0.8,0.8,0.133929,0.021429
-1,2,1,-1,-1,0.1,0.1,0.8,0.8,0.133929,0.021429
-1,2,1,-1,-1,0.15,0.15,0.8,0.8,0.133929,0.021429
-1,2,1,-1,-1,0.2,0.2,0.8,0.8,0.133929,0.021429
-1,2,1,-1,-1,0.25,0.25,0.8,0.8,0.133929,0.021429
-1,2,1,-1,-1,0.3,0.3,0.8,0.8,0.133929,0.021429
-1,2,1,-1,-1,0.35,0.35,0.8,0.8,0.133929,0.021429
-1,2,1,-1,-1,0.4,0.4,0.8,0.8,0.133929,0.021429
-1,2,1,-1,-1,0.45,0.45,0.8,0.8,0.133929,0.021429
-1,2,1,-1,-1,0.5,0.5,0.8,0.8,0.133929,0.021429
-1,2,1,-1,-1,0.55,0.55,0.8,0.8,0.133929,0.021429
-1,2,1,-1,-1,0.6,0.6,0.8,0.8,0.133929,0.021429
-1,2,1,-1,-1,0.65,0.65,0.8,0.8,0.133929,0.021429
-1,2,1,-1,-1,0.7,0.7,0.8,0.8,0.133929,0.021429
-1,2,1,-1,-1,0.75,0.75,0.8,0.8,0.133929,0.021429
-1,2,1,-1,-1,0.8,0.8,0.8,0.8,0.133929,0.021429
-1,2,1,-1,-1,0.85,0.85,0.8,0.8,0.133929,0.021429
-1,2,1,-1,-1,0.9,0.9,0.8,0.8,0.133929,0.021429
-1,2,1,-1,-1,0.95,0.95,0.8,0.8,0.133929,0.021429
-1,2,1,-1,-1,1.0,1.0,0.8,0.8,0.133929,0.021429
-1,2,1,-1,-1,0.05,0.05,0.85,0.8,0.134012,0.01898
-1,2,1,-1,-1,0.1,0.1,0.85,0.8,0.134095,0.017857
-1,2,1,-1,-1,0.15,0.15,0.85,0.8,0.134095,0.016429
-1,2,1,-1,-1,0.2,0.2,0.85,0.8,0.134095,0.014898
-1,2,1,-1,-1,0.25,0.25,0.85,0.8,0.134178,0.013776
-1,2,1,-1,-1,0.3,0.3,0.85,0.8,0.134261,0.013368
-1,2,1,-1,-1,0.35,0.35,0.85,0.8,0.134261,0.012653
-1,2,1,-1,-1,0.4,0.4,0.85,0.8,0.134426,0.011327
-1,2,1,-1,-1,0.45,0.45,0.85,0.8,0.134426,0.010612
-1,2,1,-1,-1,0.5,0.5,0.85,0.8,0.134509,0.009694
-1,2,1,-1,-1,0.55,0.55,0.85,0.8,0.134758,0.009082
-1,2,1,-1,-1,0.6,0.6,0.85,0.8,0.13509,0.00898
-1,2,1,-1,-1,0.65,0.65,0.85,0.8,0.135338,0.008572
-1,2,1,-1,-1,0.7,0.7,0.85,0.8,0.135587,0.008368
-1,2,1,-1,-1,0.75,0.75,0.85,0.8,0.136002,0.008061
-1,2,1,-1,-1,0.8,0.8,0.85,0.8,0.136499,0.007857
-1,2,1,-1,-1,0.85,0.85,0.85,0.8,0.137245,0.007755
-1,2,1,-1,-1,0.9,0.9,0.85,0.8,0.138323,0.007347
-1,2,1,-1,-1,0.95,0.95,0.85,0.8,0.141059,0.007245
-1,2,1,-1,-1,1.0,1.0,0.85,0.8,0.180357,0.007143
-1,2,1,-1,-1,0.05,0.05,0.9,0.8,0.134146,0.01898
-1,2,1,-1,-1,0.1,0.1,0.9,0.8,0.134363,0.017857
-1,2,1,-1,-1,0.15,0.15,0.9,0.8,0.134363,0.016429
-1,2,1,-1,-1,0.2,0.2,0.9,0.8,0.134363,0.014898
-1,2,1,-1,-1,0.25,0.25,0.9,0.8,0.134579,0.013776
-1,2,1,-1,-1,0.3,0.3,0.9,0.8,0.134796,0.013368
-1,2,1,-1,-1,0.35,0.35,0.9,0.8,0.134796,0.012653
-1,2,1,-1,-1,0.4,0.4,0.9,0.8,0.13523,0.011327
-1,2,1,-1,-1,0.45,0.45,0.9,0.8,0.13523,0.010612
-1,2,1,-1,-1,0.5,0.5,0.9,0.8,0.135447,0.009694
-1,2,1,-1,-1,0.55,0.55,0.9,0.8,0.136097,0.009082
-1,2,1,-1,-1,0.6,0.6,0.9,0.8,0.136965,0.00898
-1,2,1,-1,-1,0.65,0.65,0.9,0.8,0.137615,0.008572
-1,2,1,-1,-1,0.7,0.7,0.9,0.8,0.138266,0.008368
-1,2,1,-1,-1,0.75,0.75,0.9,0.8,0.13935,0.008061
-1,2,1,-1,-1,0.8,0.8,0.9,0.8,0.140651,0.007857
-1,2,1,-1,-1,0.85,0.85,0.9,0.8,0.142602,0.007755
-1,2,1,-1,-1,0.9,0.9,0.9,0.8,0.145421,0.007347
-1,2,1,-1,-1,0.95,0.95,0.9,0.8,0.152577,0.007245
-1,2,1,-1,-1,1.0,1.0,0.9,0.8,0.255357,0.007143
-1,2,1,-1,-1,0.05,0.05,0.95,0.8,0.134372,0.017755
-1,2,1,-1,-1,0.1,0.1,0.95,0.8,0.134815,0.016072
-1,2,1,-1,-1,0.15,0.15,0.95,0.8,0.134815,0.013929
-1,2,1,-1,-1,0.2,0.2,0.95,0.8,0.134815,0.011633
-1,2,1,-1,-1,0.25,0.25,0.95,0.8,0.135259,0.009949
-1,2,1,-1,-1,0.3,0.3,0.95,0.8,0.135702,0.009337
-1,2,1,-1,-1,0.35,0.35,0.95,0.8,0.135702,0.008265
-1,2,1,-1,-1,0.4,0.4,0.95,0.8,0.136588,0.006276
-1,2,1,-1,-1,0.45,0.45,0.95,0.8,0.136588,0.005204
-1,2,1,-1,-1,0.5,0.5,0.95,0.8,0.137032,0.003827
-1,2,1,-1,-1,0.55,0.55,0.95,0.8,0.138361,0.002908
-1,2,1,-1,-1,0.6,0.6,0.95,0.8,0.140134,0.002755
-1,2,1,-1,-1,0.65,0.65,0.95,0.8,0.141464,0.002143
-1,2,1,-1,-1,0.7,0.7,0.95,0.8,0.142794,0.001837
-1,2,1,-1,-1,0.75,0.75,0.95,0.8,0.14501,0.001378
-1,2,1,-1,-1,0.8,0.8,0.95,0.8,0.147669,0.001071
-1,2,1,-1,-1,0.85,0.85,0.95,0.8,0.151659,0.000918
-1,2,1,-1,-1,0.9,0.9,0.95,0.8,0.157421,0.000306
-1,2,1,-1,-1,0.95,0.95,0.95,0.8,0.172047,0.000153
-1,2,1,-1,-1,1.0,1.0,0.95,0.8,0.382143,0.0
-1,2,1,-1,-1,0.05,0.05,1.0,0.8,0.135476,0.017755
-1,2,1,-1,-1,0.1,0.1,1.0,0.8,0.137022,0.016072
-1,2,1,-1,-1,0.15,0.15,1.0,0.8,0.137022,0.013929
-1,2,1,-1,-1,0.2,0.2,1.0,0.8,0.137022,0.011633
-1,2,1,-1,-1,0.25,0.25,1.0,0.8,0.138569,0.009949
-1,2,1,-1,-1,0.3,0.3,1.0,0.8,0.140115,0.009337
-1,2,1,-1,-1,0.35,0.35,1.0,0.8,0.140115,0.008265
-1,2,1,-1,-1,0.4,0.4,1.0,0.8,0.143208,0.006276
-1,2,1,-1,-1,0.45,0.45,1.0,0.8,0.143208,0.005204
-1,2,1,-1,-1,0.5,0.5,1.0,0.8,0.144755,0.003827
-1,2,1,-1,-1,0.55,0.55,1.0,0.8,0.149394,0.002908
-1,2,1,-1,-1,0.6,0.6,1.0,0.8,0.155581,0.002755
-1,2,1,-1,-1,0.65,0.65,1.0,0.8,0.16022,0.002143
-1,2,1,-1,-1,0.7,0.7,1.0,0.8,0.16486,0.001837
-1,2,1,-1,-1,0.75,0.75,1.0,0.8,0.172593,0.001378
-1,2,1,-1,-1,0.8,0.8,1.0,0.8,0.181872,0.001071
-1,2,1,-1,-1,0.85,0.85,1.0,0.8,0.195792,0.000918
-1,2,1,-1,-1,0.9,0.9,1.0,0.8,0.215897,0.000306
-1,2,1,-1,-1,0.95,0.95,1.0,0.8,0.266932,0.000153
-1,2,1,-1,-1,1.0,1.0,1.0,0.8,1.0,0.0
-1,2,1,-1,-1,0.05,0.05,0.85,0.85,0.180357,0.007143
-1,2,1,-1,-1,0.1,0.1,0.85,0.85,0.180357,0.007143
-1,2,1,-1,-1,0.15,0.15,0.85,0.85,0.180357,0.007143
-1,2,1,-1,-1,0.2,0.2,0.85,0.85,0.180357,0.007143
-1,2,1,-1,-1,0.25,0.25,0.85,0.85,0.180357,0.007143
-1,2,1,-1,-1,0.3,0.3,0.85,0.85,0.180357,0.007143
-1,2,1,-1,-1,0.35,0.35,0.85,0.85,0.180357,0.007143
-1,2,1,-1,-1,0.4,0.4,0.85,0.85,0.180357,0.007143
-1,2,1,-1,-1,0.45,0.45,0.85,0.85,0.180357,0.007143
-1,2,1,-1,-1,0.5,0.5,0.85,0.85,0.180357,0.007143
-1,2,1,-1,-1,0.55,0.55,0.85,0.85,0.180357,0.007143
-1,2,1,-1,-1,0.6,0.6,0.85,0.85,0.180357,0.007143
-1,2,1,-1,-1,0.65,0.65,0.85,0.85,0.180357,0.007143
-1,2,1,-1,-1,0.7,0.7,0.85,0.85,0.180357,0.007143
-1,2,1,-1,-1,0.75,0.75,0.85,0.85,0.180357,0.007143
-1,2,1,-1,-1,0.8,0.8,0.85,0.85,0.180357,0.007143
-1,2,1,-1,-1,0.85,0.85,0.85,0.85,0.180357,0.007143
-1,2,1,-1,-1,0.9,0.9,0.85,0.85,0.180357,0.007143
-1,2,1,-1,-1,0.95,0.95,0.85,0.85,0.180357,0.007143
-1,2,1,-1,-1,1.0,1.0,0.85,0.85,0.180357,0.007143
-1,2,1,-1,-1,0.05,0.05,0.9,0.85,0.180491,0.007143
-1,2,1,-1,-1,0.1,0.1,0.9,0.85,0.180625,0.007143
-1,2,1,-1,-1,0.15,0.15,0.9,0.85,0.180625,0.007143
-1,2,1,-1,-1,0.2,0.2,0.9,0.85,0.180625,0.007143
-1,2,1,-1,-1,0.25,0.25,0.9,0.85,0.180759,0.007143
-1,2,1,-1,-1,0.3,0.3,0.9,0.85,0.180893,0.007143
-1,2,1,-1,-1,0.35,0.35,0.9,0.85,0.180893,0.007143
-1,2,1,-1,-1,0.4,0.4,0.9,0.85,0.181161,0.007143
-1,2,1,-1,-1,0.45,0.45,0.9,0.85,0.181161,0.007143
-1,2,1,-1,-1,0.5,0.5,0.9,0.85,0.181294,0.007143
-1,2,1,-1,-1,0.55,0.55,0.9,0.85,0.181696,0.007143
-1,2,1,-1,-1,0.6,0.6,0.9,0.85,0.182232,0.007143
-1,2,1,-1,-1,0.65,0.65,0.9,0.85,0.182634,0.007143
-1,2,1,-1,-1,0.7,0.7,0.9,0.85,0.183036,0.007143
-1,2,1,-1,-1,0.75,0.75,0.9,0.85,0.183705,0.007143
-1,2,1,-1,-1,0.8,0.8,0.9,0.85,0.184509,0.007143
-1,2,1,-1,-1,0.85,0.85,0.9,0.85,0.185714,0.007143
-1,2,1,-1,-1,0.9,0.9,0.9,0.85,0.187455,0.007143
-1,2,1,-1,-1,0.95,0.95,0.9,0.85,0.191875,0.007143
-1,2,1,-1,-1,1.0,1.0,0.9,0.85,0.255357,0.007143
-1,2,1,-1,-1,0.05,0.05,0.95,0.85,0.180717,0.005918
-1,2,1,-1,-1,0.1,0.1,0.95,0.85,0.181078,0.005357
-1,2,1,-1,-1,0.15,0.15,0.95,0.85,0.181078,0.004643
-1,2,1,-1,-1,0.2,0.2,0.95,0.85,0.181078,0.003878
-1,2,1,-1,-1,0.25,0.25,0.95,0.85,0.181438,0.003316
-1,2,1,-1,-1,0.3,0.3,0.95,0.85,0.181798,0.003112
-1,2,1,-1,-1,0.35,0.35,0.95,0.85,0.181798,0.002755
-1,2,1,-1,-1,0.4,0.4,0.95,0.85,0.182519,0.002092
-1,2,1,-1,-1,0.45,0.45,0.95,0.85,0.182519,0.001735
-1,2,1,-1,-1,0.5,0.5,0.95,0.85,0.182879,0.001276
-1,2,1,-1,-1,0.55,0.55,0.95,0.85,0.18396,0.000969
-1,2,1,-1,-1,0.6,0.6,0.95,0.85,0.185402,0.000918
-1,2,1,-1,-1,0.65,0.65,0.95,0.85,0.186483,0.000714
-1,2,1,-1,-1,0.7,0.7,0.95,0.85,0.187564,0.000612
-1,2,1,-1,-1,0.75,0.75,0.95,0.85,0.189365,0.000459
-1,2,1,-1,-1,0.8,0.8,0.95,0.85,0.191527,0.000357
-1,2,1,-1,-1,0.85,0.85,0.95,0.85,0.19477,0.000306
-1,2,1,-1,-1,0.9,0.9,0.95,0.85,0.199455,0.000102
-1,2,1,-1,-1,0.95,0.95,0.95,0.85,0.211345,5.1e-05
-1,2,1,-1,-1,1.0,1.0,0.95,0.85,0.382143,0.0
-1,2,1,-1,-1,0.05,0.05,1.0,0.85,0.181821,0.005918
-1,2,1,-1,-1,0.1,0.1,1.0,0.85,0.183284,0.005357
-1,2,1,-1,-1,0.15,0.15,1.0,0.85,0.183284,0.004643
-1,2,1,-1,-1,0.2,0.2,1.0,0.85,0.183284,0.003878
-1,2,1,-1,-1,0.25,0.25,1.0,0.85,0.184748,0.003316
-1,2,1,-1,-1,0.3,0.3,1.0,0.85,0.186212,0.003112
-1,2,1,-1,-1,0.35,0.35,1.0,0.85,0.186212,0.002755
-1,2,1,-1,-1,0.4,0.4,1.0,0.85,0.189139,0.002092
-1,2,1,-1,-1,0.45,0.45,1.0,0.85,0.189139,0.001735
-1,2,1,-1,-1,0.5,0.5,1.0,0.85,0.190603,0.001276
-1,2,1,-1,-1,0.55,0.55,1.0,0.85,0.194993,0.000969
-1,2,1,-1,-1,0.6,0.6,1.0,0.85,0.200848,0.000918
-1,2,1,-1,-1,0.65,0.65,1.0,0.85,0.205239,0.000714
-1,2,1,-1,-1,0.7,0.7,1.0,0.85,0.20963,0.000612
-1,2,1,-1,-1,0.75,0.75,1.0,0.85,0.216948,0.000459
-1,2,1,-1,-1,0.8,0.8,1.0,0.85,0.22573,0.000357
-1,2,1,-1,-1,0.85,0.85,1.0,0.85,0.238903,0.000306
-1,2,1,-1,-1,0.9,0.9,1.0,0.85,0.25793,0.000102
-1,2,1,-1,-1,0.95,0.95,1.0,0.85,0.30623,5.1e-05
-1,2,1,-1,-1,1.0,1.0,1.0,0.85,1.0,0.0
-1,2,1,-1,-1,0.05,0.05,0.9,0.9,0.255357,0.007143
-1,2,1,-1,-1,0.1,0.1,0.9,0.9,0.255357,0.007143
-1,2,1,-1,-1,0.15,0.15,0.9,0.9,0.255357,0.007143
-1,2,1,-1,-1,0.2,0.2,0.9,0.9,0.255357,0.007143
-1,2,1,-1,-1,0.25,0.25,0.9,0.9,0.255357,0.007143
-1,2,1,-1,-1,0.3,0.3,0.9,0.9,0.255357,0.007143
-1,2,1,-1,-1,0.35,0.35,0.9,0.9,0.255357,0.007143
-1,2,1,-1,-1,0.4,0.4,0.9,0.9,0.255357,0.007143
-1,2,1,-1,-1,0.45,0.45,0.9,0.9,0.255357,0.007143
-1,2,1,-1,-1,0.5,0.5,0.9,0.9,0.255357,0.007143
-1,2,1,-1,-1,0.55,0.55,0.9,0.9,0.255357,0.007143
-1,2,1,-1,-1,0.6,0.6,0.9,0.9,0.255357,0.007143
-1,2,1,-1,-1,0.65,0.65,0.9,0.9,0.255357,0.007143
-1,2,1,-1,-1,0.7,0.7,0.9,0.9,0.255357,0.007143
-1,2,1,-1,-1,0.75,0.75,0.9,0.9,0.255357,0.007143
-1,2,1,-1,-1,0.8,0.8,0.9,0.9,0.255357,0.007143
-1,2,1,-1,-1,0.85,0.85,0.9,0.9,0.255357,0.007143
-1,2,1,-1,-1,0.9,0.9,0.9,0.9,0.255357,0.007143
-1,2,1,-1,-1,0.95,0.95,0.9,0.9,0.255357,0.007143
-1,2,1,-1,-1,1.0,1.0,0.9,0.9,0.255357,0.007143
-1,2,1,-1,-1,0.05,0.05,0.95,0.9,0.255583,0.005918
-1,2,1,-1,-1,0.1,0.1,0.95,0.9,0.25581,0.005357
-1,2,1,-1,-1,0.15,0.15,0.95,0.9,0.25581,0.004643
-1,2,1,-1,-1,0.2,0.2,0.95,0.9,0.25581,0.003878
-1,2,1,-1,-1,0.25,0.25,0.95,0.9,0.256036,0.003316
-1,2,1,-1,-1,0.3,0.3,0.95,0.9,0.256263,0.003112
-1,2,1,-1,-1,0.35,0.35,0.95,0.9,0.256263,0.002755
-1,2,1,-1,-1,0.4,0.4,0.95,0.9,0.256715,0.002092
-1,2,1,-1,-1,0.45,0.45,0.95,0.9,0.256715,0.001735
-1,2,1,-1,-1,0.5,0.5,0.95,0.9,0.256942,0.001276
-1,2,1,-1,-1,0.55,0.55,0.95,0.9,0.257621,0.000969
-1,2,1,-1,-1,0.6,0.6,0.95,0.9,0.258527,0.000918
-1,2,1,-1,-1,0.65,0.65,0.95,0.9,0.259206,0.000714
-1,2,1,-1,-1,0.7,0.7,0.95,0.9,0.259885,0.000612
-1,2,1,-1,-1,0.75,0.75,0.95,0.9,0.261017,0.000459
-1,2,1,-1,-1,0.8,0.8,0.95,0.9,0.262375,0.000357
-1,2,1,-1,-1,0.85,0.85,0.95,0.9,0.264413,0.000306
-1,2,1,-1,-1,0.9,0.9,0.95,0.9,0.267356,0.000102
-1,2,1,-1,-1,0.95,0.95,0.95,0.9,0.274828,5.1e-05
-1,2,1,-1,-1,1.0,1.0,0.95,0.9,0.382143,0.0
-1,2,1,-1,-1,0.05,0.05,1.0,0.9,0.256687,0.005918
-1,2,1,-1,-1,0.1,0.1,1.0,0.9,0.258016,0.005357
-1,2,1,-1,-1,0.15,0.15,1.0,0.9,0.258016,0.004643
-1,2,1,-1,-1,0.2,0.2,1.0,0.9,0.258016,0.003878
-1,2,1,-1,-1,0.25,0.25,1.0,0.9,0.259346,0.003316
-1,2,1,-1,-1,0.3,0.3,1.0,0.9,0.260676,0.003112
-1,2,1,-1,-1,0.35,0.35,1.0,0.9,0.260676,0.002755
-1,2,1,-1,-1,0.4,0.4,1.0,0.9,0.263335,0.002092
-1,2,1,-1,-1,0.45,0.45,1.0,0.9,0.263335,0.001735
-1,2,1,-1,-1,0.5,0.5,1.0,0.9,0.264665,0.001276
-1,2,1,-1,-1,0.55,0.55,1.0,0.9,0.268654,0.000969
-1,2,1,-1,-1,0.6,0.6,1.0,0.9,0.273973,0.000918
-1,2,1,-1,-1,0.65,0.65,1.0,0.9,0.277962,0.000714
-1,2,1,-1,-1,0.7,0.7,1.0,0.9,0.281951,0.000612
-1,2,1,-1,-1,0.75,0.75,1.0,0.9,0.2886,0.000459
-1,2,1,-1,-1,0.8,0.8,1.0,0.9,0.296578,0.000357
-1,2,1,-1,-1,0.85,0.85,1.0,0.9,0.308546,0.000306
-1,2,1,-1,-1,0.9,0.9,1.0,0.9,0.325832,0.000102
-1,2,1,-1,-1,0.95,0.95,1.0,0.9,0.369713,5.1e-05
-1,2,1,-1,-1,1.0,1.0,1.0,0.9,1.0,0.0
-1,2,1,-1,-1,0.05,0.05,0.95,0.95,0.382143,0.0
-1,2,1,-1,-1,0.1,0.1,0.95,0.95,0.382143,0.0
-1,2,1,-1,-1,0.15,0.15,0.95,0.95,0.382143,0.0
-1,2,1,-1,-1,0.2,0.2,0.95,0.95,0.382143,0.0
-1,2,1,-1,-1,0.25,0.25,0.95,0.95,0.382143,0.0
-1,2,1,-1,-1,0.3,0.3,0.95,0.95,0.382143,0.0
-1,2,1,-1,-1,0.35,0.35,0.95,0.95,0.382143,0.0
-1,2,1,-1,-1,0.4,0.4,0.95,0.95,0.382143,0.0
-1,2,1,-1,-1,0.45,0.45,0.95,0.95,0.382143,0.0
-1,2,1,-1,-1,0.5,0.5,0.95,0.95,0.382143,0.0
-1,2,1,-1,-1,0.55,0.55,0.95,0.95,0.382143,0.0
-1,2,1,-1,-1,0.6,0.6,0.95,0.95,0.382143,0.0
-1,2,1,-1,-1,0.65,0.65,0.95,0.95,0.382143,0.0
-1,2,1,-1,-1,0.7,0.7,0.95,0.95,0.382143,0.0
-1,2,1,-1,-1,0.75,0.75,0.95,0.95,0.382143,0.0
-1,2,1,-1,-1,0.8,0.8,0.95,0.95,0.382143,0.0
-1,2,1,-1,-1,0.85,0.85,0.95,0.95,0.382143,0.0
-1,2,1,-1,-1,0.9,0.9,0.95,0.95,0.382143,0.0
-1,2,1,-1,-1,0.95,0.95,0.95,0.95,0.382143,0.0
-1,2,1,-1,-1,1.0,1.0,0.95,0.95,0.382143,0.0
-1,2,1,-1,-1,0.05,0.05,1.0,0.95,0.383246,0.0
-1,2,1,-1,-1,0.1,0.1,1.0,0.95,0.384349,0.0
-1,2,1,-1,-1,0.15,0.15,1.0,0.95,0.384349,0.0
-1,2,1,-1,-1,0.2,0.2,1.0,0.95,0.384349,0.0
-1,2,1,-1,-1,0.25,0.25,1.0,0.95,0.385453,0.0
-1,2,1,-1,-1,0.3,0.3,1.0,0.95,0.386556,0.0
-1,2,1,-1,-1,0.35,0.35,1.0,0.95,0.386556,0.0
-1,2,1,-1,-1,0.4,0.4,1.0,0.95,0.388763,0.0
-1,2,1,-1,-1,0.45,0.45,1.0,0.95,0.388763,0.0
-1,2,1,-1,-1,0.5,0.5,1.0,0.95,0.389866,0.0
-1,2,1,-1,-1,0.55,0.55,1.0,0.95,0.393176,0.0
-1,2,1,-1,-1,0.6,0.6,1.0,0.95,0.397589,0.0
-1,2,1,-1,-1,0.65,0.65,1.0,0.95,0.400899,0.0
-1,2,1,-1,-1,0.7,0.7,1.0,0.95,0.404209,0.0
-1,2,1,-1,-1,0.75,0.75,1.0,0.95,0.409726,0.0
-1,2,1,-1,-1,0.8,0.8,1.0,0.95,0.416346,0.0
-1,2,1,-1,-1,0.85,0.85,1.0,0.95,0.426276,0.0
-1,2,1,-1,-1,0.9,0.9,1.0,0.95,0.440619,0.0
-1,2,1,-1,-1,0.95,0.95,1.0,0.95,0.477028,0.0
-1,2,1,-1,-1,1.0,1.0,1.0,0.95,1.0,0.0
-1,2,1,-1,-1,0.05,0.05,1.0,1.0,1.0,0.0
-1,2,1,-1,-1,0.1,0.1,1.0,1.0,1.0,0.0
-1,2,1,-1,-1,0.15,0.15,1.0,1.0,1.0,0.0
-1,2,1,-1,-1,0.2,0.2,1.0,1.0,1.0,0.0
-1,2,1,-1,-1,0.25,0.25,1.0,1.0,1.0,0.0
-1,2,1,-1,-1,0.3,0.3,1.0,1.0,1.0,0.0
-1,2,1,-1,-1,0.35,0.35,1.0,1.0,1.0,0.0
-1,2,1,-1,-1,0.4,0.4,1.0,1.0,1.0,0.0
-1,2,1,-1,-1,0.45,0.45,1.0,1.0,1.0,0.0
-1,2,1,-1,-1,0.5,0.5,1.0,1.0,1.0,0.0
-1,2,1,-1,-1,0.55,0.55,1.0,1.0,1.0,0.0
-1,2,1,-1,-1,0.6,0.6,1.0,1.0,1.0,0.0
-1,2,1,-1,-1,0.65,0.65,1.0,1.0,1.0,0.0
-1,2,1,-1,-1,0.7,0.7,1.0,1.0,1.0,0.0
-1,2,1,-1,-1,0.75,0.75,1.0,1.0,1.0,0.0
-1,2,1,-1,-1,0.8,0.8,1.0,1.0,1.0,0.0
-1,2,1,-1,-1,0.85,0.85,1.0,1.0,1.0,0.0
-1,2,1,-1,-1,0.9,0.9,1.0,1.0,1.0,0.0
-1,2,1,-1,-1,0.95,0.95,1.0,1.0,1.0,0.0
-1,2,1,-1,-1,1.0,1.0,1.0,1.0,1.0,0.0
