dataset,alpha_xception,alpha_ucf,alpha_sbi,beta,false_accepts,false_rejections,n_real,n_fake,far,frr,far_plus_frr
Celeb-DF-v2,0,0,1,0,178,0,178,340,1,0,1
Celeb-DF-v2,0,0,1,0.05,173,0,178,340,0.9719101123595506,0,0.9719101123595506
Celeb-DF-v2,0,0,1,0.1,159,1,178,340,0.8932584269662921,0.0029411764705882353,0.89619960343688032
Celeb-DF-v2,0,0,1,0.15,149,3,178,340,0.8370786516853933,0.0088235294117647058,0.84590218109715798
Celeb-DF-v2,0,0,1,0.2,130,4,178,340,0.7303370786516854,0.011764705882352941,0.7421017845340383
Celeb-DF-v2,0,0,1,0.25,115,11,178,340,0.6460674157303371,0.032352941176470591,0.67842035690680769
Celeb-DF-v2,0,0,1,0.3,104,15,178,340,0.5842696629213483,0.044117647058823532,0.62838730998017178
Celeb-DF-v2,0,0,1,0.35,90,27,178,340,0.5056179775280899,0.079411764705882348,0.58502974223397231
Celeb-DF-v2,0,0,1,0.4,82,40,178,340,0.4606741573033708,0.11764705882352941,0.57832121612690024
Celeb-DF-v2,0,0,1,0.45,70,53,178,340,0.39325842696629215,0.15588235294117647,0.54914077990746857
Celeb-DF-v2,0,0,1,0.5,63,62,178,340,0.3539325842696629,0.18235294117647058,0.5362855254461335
Celeb-DF-v2,0,0,1,0.55,53,81,178,340,0.29775280898876405,0.23823529411764705,0.5359881031064111
Celeb-DF-v2,0,0,1,0.6,39,95,178,340,0.21910112359550563,0.27941176470588236,0.49851288830138796
Celeb-DF-v2,0,0,1,0.65,27,116,178,340,0.15168539325842698,0.3411764705882353,0.49286186384666231
Celeb-DF-v2,0,0,1,0.7,19,131,178,340,0.10674157303370786,0.38529411764705884,0.49203569068076669
Celeb-DF-v2,0,0,1,0.75,15,158,178,340,0.084269662921348312,0.46470588235294119,0.54897554527428949
Celeb-DF-v2,0,0,1,0.8,7,186,178,340,0.039325842696629212,0.54705882352941182,0.58638466622604102
Celeb-DF-v2,0,0,1,0.85,4,209,178,340,0.02247191011235955,0.61470588235294121,0.63717779246530082
Celeb-DF-v2,0,0,1,0.9,1,249,178,340,0.0056179775280898875,0.73235294117647054,0.73797091870456044
Celeb-DF-v2,0,0,1,0.95,0,286,178,340,0,0.8411764705882353,0.8411764705882353
Celeb-DF-v2,0,0,1,1,0,340,178,340,0,1,1
Celeb-DF-v2,0,0.05,0.95,0,178,0,178,340,1,0,1
Celeb-DF-v2,0,0.05,0.95,0.05,174,0,178,340,0.97752808988764039,0,0.97752808988764039
Celeb-DF-v2,0,0.05,0.95,0.1,159,1,178,340,0.8932584269662921,0.0029411764705882353,0.89619960343688032
Celeb-DF-v2,0,0.05,0.95,0.15,145,3,178,340,0.8146067415730337,0.0088235294117647058,0.82343027098479837
Celeb-DF-v2,0,0.05,0.95,0.2,132,5,178,340,0.7415730337078652,0.014705882352941176,0.75627891606080633
Celeb-DF-v2,0,0.05,0.95,0.25,113,9,178,340,0.6348314606741573,0.026470588235294117,0.66130204890945143
Celeb-DF-v2,0,0.05,0.95,0.3,103,14,178,340,0.5786516853932584,0.041176470588235294,0.61982815598149366
Celeb-DF-v2,0,0.05,0.95,0.35,88,25,178,340,0.4943820224719101,0.073529411764705885,0.56791143423661594
Celeb-DF-v2,0,0.05,0.95,0.4,80,37,178,340,0.449438202247191,0.10882352941176471,0.55826173165895576
Celeb-DF-v2,0,0.05,0.95,0.45,69,51,178,340,0.38764044943820225,0.14999999999999999,0.53764044943820222
Celeb-DF-v2,0,0.05,0.95,0.5,61,61,178,340,0.34269662921348315,0.17941176470588235,0.52210839391936548
Celeb-DF-v2,0,0.05,0.95,0.55,45,79,178,340,0.25280898876404495,0.2323529411764706,0.48516192994051555
Celeb-DF-v2,0,0.05,0.95,0.6,33,98,178,340,0.1853932584269663,0.28823529411764703,0.47362855254461333
Celeb-DF-v2,0,0.05,0.95,0.65,25,115,178,340,0.1404494382022472,0.33823529411764708,0.47868473231989428
Celeb-DF-v2,0,0.05,0.95,0.7,16,134,178,340,0.0898876404494382,0.39411764705882352,0.48400528750826172
Celeb-DF-v2,0,0.05,0.95,0.75,12,164,178,340,0.06741573033707865,0.4823529411764706,0.54976867151354925
Celeb-DF-v2,0,0.05,0.95,0.8,4,190,178,340,0.02247191011235955,0.55882352941176472,0.58129543952412432
Celeb-DF-v2,0,0.05,0.95,0.85,3,219,178,340,0.016853932584269662,0.64411764705882357,0.66097157964309328
Celeb-DF-v2,0,0.05,0.95,0.9,0,259,178,340,0,0.7617647058823529,0.7617647058823529
Celeb-DF-v2,0,0.05,0.95,0.95,0,303,178,340,0,0.89117647058823535,0.89117647058823535
Celeb-DF-v2,0,0.05,0.95,1,0,340,178,340,0,1,1
Celeb-DF-v2,0,0.1,0.9,0,178,0,178,340,1,0,1
Celeb-DF-v2,0,0.1,0.9,0.05,173,0,178,340,0.9719101123595506,0,0.9719101123595506
Celeb-DF-v2,0,0.1,0.9,0.1,159,1,178,340,0.8932584269662921,0.0029411764705882353,0.89619960343688032
Celeb-DF-v2,0,0.1,0.9,0.15,145,3,178,340,0.8146067415730337,0.0088235294117647058,0.82343027098479837
Celeb-DF-v2,0,0.1,0.9,0.2,131,5,178,340,0.7359550561797753,0.014705882352941176,0.75066093853271643
Celeb-DF-v2,0,0.1,0.9,0.25,114,9,178,340,0.6404494382022472,0.026470588235294117,0.66692002643754134
Celeb-DF-v2,0,0.1,0.9,0.3,103,15,178,340,0.5786516853932584,0.044117647058823532,0.62276933245208188
Celeb-DF-v2,0,0.1,0.9,0.35,85,25,178,340,0.47752808988764045,0.073529411764705885,0.55105750165234635
Celeb-DF-v2,0,0.1,0.9,0.4,79,36,178,340,0.4438202247191011,0.10588235294117647,0.54970257766027752
Celeb-DF-v2,0,0.1,0.9,0.45,68,49,178,340,0.38202247191011235,0.14411764705882352,0.52614011896893587
Celeb-DF-v2,0,0.1,0.9,0.5,58,63,178,340,0.3258426966292135,0.18529411764705883,0.51113681427627233
Celeb-DF-v2,0,0.1,0.9,0.55,42,78,178,340,0.23595505617977527,0.22941176470588234,0.46536682088565762
Celeb-DF-v2,0,0.1,0.9,0.6,31,99,178,340,0.17415730337078653,0.29117647058823531,0.46533377395902187
Celeb-DF-v2,0,0.1,0.9,0.65,21,116,178,340,0.11797752808988764,0.3411764705882353,0.45915399867812295
Celeb-DF-v2,0,0.1,0.9,0.7,14,141,178,340,0.078651685393258425,0.4147058823529412,0.49335756774619965
Celeb-DF-v2,0,0.1,0.9,0.75,9,173,178,340,0.050561797752808987,0.50882352941176467,0.55938532716457368
Celeb-DF-v2,0,0.1,0.9,0.8,4,197,178,340,0.02247191011235955,0.5794117647058824,0.6018836748182419
Celeb-DF-v2,0,0.1,0.9,0.85,0,232,178,340,0,0.68235294117647061,0.68235294117647061
Celeb-DF-v2,0,0.1,0.9,0.9,0,272,178,340,0,0.80000000000000004,0.80000000000000004
Celeb-DF-v2,0,0.1,0.9,0.95,0,312,178,340,0,0.91764705882352937,0.91764705882352937
Celeb-DF-v2,0,0.1,0.9,1,0,340,178,340,0,1,1
Celeb-DF-v2,0,0.15,0.85,0,178,0,178,340,1,0,1
Celeb-DF-v2,0,0.15,0.85,0.05,174,0,178,340,0.97752808988764039,0,0.97752808988764039
Celeb-DF-v2,0,0.15,0.85,0.1,160,0,178,340,0.898876404494382,0,0.898876404494382
Celeb-DF-v2,0,0.15,0.85,0.15,141,3,178,340,0.7921348314606742,0.0088235294117647058,0.80095836087243888
Celeb-DF-v2,0,0.15,0.85,0.2,130,5,178,340,0.7303370786516854,0.014705882352941176,0.74504296100462652
Celeb-DF-v2,0,0.15,0.85,0.25,114,9,178,340,0.6404494382022472,0.026470588235294117,0.66692002643754134
Celeb-DF-v2,0,0.15,0.85,0.3,98,14,178,340,0.550561797752809,0.041176470588235294,0.59173826834104426
Celeb-DF-v2,0,0.15,0.85,0.35,83,24,178,340,0.46629213483146065,0.070588235294117646,0.53688037012557832
Celeb-DF-v2,0,0.15,0.85,0.4,80,35,178,340,0.449438202247191,0.10294117647058823,0.5523793787177792
Celeb-DF-v2,0,0.15,0.85,0.45,66,46,178,340,0.3707865168539326,0.13529411764705881,0.50608063450099139
Celeb-DF-v2,0,0.15,0.85,0.5,50,65,178,340,0.2808988764044944,0.19117647058823528,0.47207534699272968
Celeb-DF-v2,0,0.15,0.85,0.55,36,78,178,340,0.20224719101123595,0.22941176470588234,0.43165895571711832
Celeb-DF-v2,0,0.15,0.85,0.6,29,99,178,340,0.16292134831460675,0.29117647058823531,0.45409781890284207
Celeb-DF-v2,0,0.15,0.85,0.65,20,121,178,340,0.11235955056179775,0.35588235294117648,0.46824190350297423
Celeb-DF-v2,0,0.15,0.85,0.7,10,148,178,340,0.056179775280898875,0.43529411764705883,0.49147389292795773
Celeb-DF-v2,0,0.15,0.85,0.75,7,178,178,340,0.039325842696629212,0.52352941176470591,0.56285525446133511
Celeb-DF-v2,0,0.15,0.85,0.8,1,208,178,340,0.0056179775280898875,0.61176470588235299,0.61738268341044289
Celeb-DF-v2,0,0.15,0.85,0.85,0,241,178,340,0,0.70882352941176474,0.70882352941176474
Celeb-DF-v2,0,0.15,0.85,0.9,0,282,178,340,0,0.8294117647058824,0.8294117647058824
Celeb-DF-v2,0,0.15,0.85,0.95,0,315,178,340,0,0.92647058823529416,0.92647058823529416
Celeb-DF-v2,0,0.15,0.85,1,0,340,178,340,0,1,1
Celeb-DF-v2,0,0.2,0.8,0,178,0,178,340,1,0,1
Celeb-DF-v2,0,0.2,0.8,0.05,174,0,178,340,0.97752808988764039,0,0.97752808988764039
Celeb-DF-v2,0,0.2,0.8,0.1,161,0,178,340,0.9044943820224719,0,0.9044943820224719
Celeb-DF-v2,0,0.2,0.8,0.15,141,2,178,340,0.7921348314606742,0.0058823529411764705,0.79801718440185065
Celeb-DF-v2,0,0.2,0.8,0.2,129,5,178,340,0.7247191011235955,0.014705882352941176,0.73942498347653662
Celeb-DF-v2,0,0.2,0.8,0.25,115,10,178,340,0.6460674157303371,0.029411764705882353,0.67547918043621946
Celeb-DF-v2,0,0.2,0.8,0.3,99,14,178,340,0.5561797752808989,0.041176470588235294,0.59735624586913416
Celeb-DF-v2,0,0.2,0.8,0.35,85,25,178,340,0.47752808988764045,0.073529411764705885,0.55105750165234635
Celeb-DF-v2,0,0.2,0.8,0.4,77,35,178,340,0.43258426966292135,0.10294117647058823,0.53552544613350961
Celeb-DF-v2,0,0.2,0.8,0.45,64,46,178,340,0.3595505617977528,0.13529411764705881,0.49484467944481159
Celeb-DF-v2,0,0.2,0.8,0.5,46,65,178,340,0.25842696629213485,0.19117647058823528,0.44960343688037013
Celeb-DF-v2,0,0.2,0.8,0.55,34,82,178,340,0.19101123595505617,0.2411764705882353,0.43218770654329147
Celeb-DF-v2,0,0.2,0.8,0.6,25,97,178,340,0.1404494382022472,0.28529411764705881,0.42574355584930601
Celeb-DF-v2,0,0.2,0.8,0.65,14,128,178,340,0.078651685393258425,0.37647058823529411,0.45512227362855251
Celeb-DF-v2,0,0.2,0.8,0.7,8,151,178,340,0.0449438202247191,0.44411764705882351,0.48906146728354261
Celeb-DF-v2,0,0.2,0.8,0.75,4,184,178,340,0.02247191011235955,0.54117647058823526,0.56364838070059475
Celeb-DF-v2,0,0.2,0.8,0.8,0,216,178,340,0,0.63529411764705879,0.63529411764705879
Celeb-DF-v2,0,0.2,0.8,0.85,0,257,178,340,0,0.75588235294117645,0.75588235294117645
Celeb-DF-v2,0,0.2,0.8,0.9,0,288,178,340,0,0.84705882352941175,0.84705882352941175
Celeb-DF-v2,0,0.2,0.8,0.95,0,314,178,340,0,0.92352941176470593,0.92352941176470593
Celeb-DF-v2,0,0.2,0.8,1,0,340,178,340,0,1,1
Celeb-DF-v2,0,0.25,0.75,0,178,0,178,340,1,0,1
Celeb-DF-v2,0,0.25,0.75,0.05,174,0,178,340,0.97752808988764039,0,0.97752808988764039
Celeb-DF-v2,0,0.25,0.75,0.1,161,0,178,340,0.9044943820224719,0,0.9044943820224719
Celeb-DF-v2,0,0.25,0.75,0.15,141,1,178,340,0.7921348314606742,0.0029411764705882353,0.79507600793126243
Celeb-DF-v2,0,0.25,0.75,0.2,128,5,178,340,0.7191011235955056,0.014705882352941176,0.73380700594844672
Celeb-DF-v2,0,0.25,0.75,0.25,117,9,178,340,0.65730337078651691,0.026470588235294117,0.68377395902181104
Celeb-DF-v2,0,0.25,0.75,0.3,94,14,178,340,0.5280898876404494,0.041176470588235294,0.56926635822868465
Celeb-DF-v2,0,0.25,0.75,0.35,84,25,178,340,0.47191011235955055,0.073529411764705885,0.54543952412425645
Celeb-DF-v2,0,0.25,0.75,0.4,76,35,178,340,0.42696629213483145,0.10294117647058823,0.52990746860541971
Celeb-DF-v2,0,0.25,0.75,0.45,56,48,178,340,0.3146067415730337,0.14117647058823529,0.45578321216126899
Celeb-DF-v2,0,0.25,0.75,0.5,41,65,178,340,0.2303370786516854,0.19117647058823528,0.42151354923992068
Celeb-DF-v2,0,0.25,0.75,0.55,32,83,178,340,0.1797752808988764,0.24411764705882352,0.42389292795769995
Celeb-DF-v2,0,0.25,0.75,0.6,22,101,178,340,0.12359550561797752,0.29705882352941176,0.42065432914738932
Celeb-DF-v2,0,0.25,0.75,0.65,12,134,178,340,0.06741573033707865,0.39411764705882352,0.46153337739590217
Celeb-DF-v2,0,0.25,0.75,0.7,6,158,178,340,0.033707865168539325,0.46470588235294119,0.49841374752148049
Celeb-DF-v2,0,0.25,0.75,0.75,3,193,178,340,0.016853932584269662,0.56764705882352939,0.5845009914077991
Celeb-DF-v2,0,0.25,0.75,0.8,0,227,178,340,0,0.66764705882352937,0.66764705882352937
Celeb-DF-v2,0,0.25,0.75,0.85,0,263,178,340,0,0.77352941176470591,0.77352941176470591
Celeb-DF-v2,0,0.25,0.75,0.9,0,291,178,340,0,0.85588235294117643,0.85588235294117643
Celeb-DF-v2,0,0.25,0.75,0.95,0,316,178,340,0,0.92941176470588238,0.92941176470588238
Celeb-DF-v2,0,0.25,0.75,1,0,340,178,340,0,1,1
Celeb-DF-v2,0,0.3,0.7,0,178,0,178,340,1,0,1
Celeb-DF-v2,0,0.3,0.7,0.05,174,0,178,340,0.97752808988764039,0,0.97752808988764039
Celeb-DF-v2,0,0.3,0.7,0.1,160,0,178,340,0.898876404494382,0,0.898876404494382
Celeb-DF-v2,0,0.3,0.7,0.15,141,1,178,340,0.7921348314606742,0.0029411764705882353,0.79507600793126243
Celeb-DF-v2,0,0.3,0.7,0.2,128,6,178,340,0.7191011235955056,0.017647058823529412,0.73674818241903506
Celeb-DF-v2,0,0.3,0.7,0.25,112,8,178,340,0.6292134831460674,0.023529411764705882,0.65274289491077331
Celeb-DF-v2,0,0.3,0.7,0.3,90,15,178,340,0.5056179775280899,0.044117647058823532,0.54973562458691339
Celeb-DF-v2,0,0.3,0.7,0.35,83,26,178,340,0.46629213483146065,0.076470588235294124,0.54276272306675477
Celeb-DF-v2,0,0.3,0.7,0.4,73,36,178,340,0.4101123595505618,0.10588235294117647,0.51599471249173823
Celeb-DF-v2,0,0.3,0.7,0.45,52,48,178,340,0.29213483146067415,0.14117647058823529,0.43331130204890944
Celeb-DF-v2,0,0.3,0.7,0.5,39,67,178,340,0.21910112359550563,0.19705882352941176,0.41615994712491738
Celeb-DF-v2,0,0.3,0.7,0.55,29,84,178,340,0.16292134831460675,0.24705882352941178,0.40998017184401853
Celeb-DF-v2,0,0.3,0.7,0.6,16,109,178,340,0.0898876404494382,0.32058823529411767,0.41047587574355587
Celeb-DF-v2,0,0.3,0.7,0.65,8,136,178,340,0.0449438202247191,0.40000000000000002,0.44494382022471912
Celeb-DF-v2,0,0.3,0.7,0.7,5,167,178,340,0.028089887640449437,0.49117647058823527,0.51926635822868472
Celeb-DF-v2,0,0.3,0.7,0.75,2,202,178,340,0.011235955056179775,0.59411764705882353,0.60535360211500333
Celeb-DF-v2,0,0.3,0.7,0.8,0,238,178,340,0,0.69999999999999996,0.69999999999999996
Celeb-DF-v2,0,0.3,0.7,0.85,0,269,178,340,0,0.79117647058823526,0.79117647058823526
Celeb-DF-v2,0,0.3,0.7,0.9,0,294,178,340,0,0.86470588235294121,0.86470588235294121
Celeb-DF-v2,0,0.3,0.7,0.95,0,319,178,340,0,0.93823529411764706,0.93823529411764706
Celeb-DF-v2,0,0.3,0.7,1,0,340,178,340,0,1,1
Celeb-DF-v2,0,0.35,0.65,0,178,0,178,340,1,0,1
Celeb-DF-v2,0,0.35,0.65,0.05,174,0,178,340,0.97752808988764039,0,0.97752808988764039
Celeb-DF-v2,0,0.35,0.65,0.1,160,0,178,340,0.898876404494382,0,0.898876404494382
Celeb-DF-v2,0,0.35,0.65,0.15,141,1,178,340,0.7921348314606742,0.0029411764705882353,0.79507600793126243
Celeb-DF-v2,0,0.35,0.65,0.2,127,6,178,340,0.7134831460674157,0.017647058823529412,0.73113020489094516
Celeb-DF-v2,0,0.35,0.65,0.25,111,9,178,340,0.6235955056179775,0.026470588235294117,0.65006609385327163
Celeb-DF-v2,0,0.35,0.65,0.3,91,17,178,340,0.5112359550561798,0.050000000000000003,0.56123595505617985
Celeb-DF-v2,0,0.35,0.65,0.35,81,26,178,340,0.4550561797752809,0.076470588235294124,0.53152676801057508
Celeb-DF-v2,0,0.35,0.65,0.4,68,36,178,340,0.38202247191011235,0.10588235294117647,0.48790482485128883
Celeb-DF-v2,0,0.35,0.65,0.45,48,51,178,340,0.2696629213483146,0.14999999999999999,0.41966292134831462
Celeb-DF-v2,0,0.35,0.65,0.5,38,70,178,340,0.21348314606741572,0.20588235294117646,0.41936549900859221
Celeb-DF-v2,0,0.35,0.65,0.55,24,90,178,340,0.1348314606741573,0.26470588235294118,0.39953734302709848
Celeb-DF-v2,0,0.35,0.65,0.6,14,111,178,340,0.078651685393258425,0.32647058823529412,0.40512227362855258
Celeb-DF-v2,0,0.35,0.65,0.65,7,142,178,340,0.039325842696629212,0.41764705882352943,0.45697290152015863
Celeb-DF-v2,0,0.35,0.65,0.7,5,180,178,340,0.028089887640449437,0.52941176470588236,0.55750165234633176
Celeb-DF-v2,0,0.35,0.65,0.75,2,209,178,340,0.011235955056179775,0.61470588235294121,0.62594183740912102
Celeb-DF-v2,0,0.35,0.65,0.8,0,244,178,340,0,0.71764705882352942,0.71764705882352942
Celeb-DF-v2,0,0.35,0.65,0.85,0,273,178,340,0,0.80294117647058827,0.80294117647058827
Celeb-DF-v2,0,0.35,0.65,0.9,0,300,178,340,0,0.88235294117647056,0.88235294117647056
Celeb-DF-v2,0,0.35,0.65,0.95,0,319,178,340,0,0.93823529411764706,0.93823529411764706
Celeb-DF-v2,0,0.35,0.65,1,0,340,178,340,0,1,1
Celeb-DF-v2,0,0.4,0.6,0,178,0,178,340,1,0,1
Celeb-DF-v2,0,0.4,0.6,0.05,174,0,178,340,0.97752808988764039,0,0.97752808988764039
Celeb-DF-v2,0,0.4,0.6,0.1,160,0,178,340,0.898876404494382,0,0.898876404494382
Celeb-DF-v2,0,0.4,0.6,0.15,140,0,178,340,0.7865168539325843,0,0.7865168539325843
Celeb-DF-v2,0,0.4,0.6,0.2,127,7,178,340,0.7134831460674157,0.020588235294117647,0.73407138136153338
Celeb-DF-v2,0,0.4,0.6,0.25,108,10,178,340,0.6067415730337079,0.029411764705882353,0.63615333773959026
Celeb-DF-v2,0,0.4,0.6,0.3,91,16,178,340,0.5112359550561798,0.047058823529411764,0.55829477858559162
Celeb-DF-v2,0,0.4,0.6,0.35,79,25,178,340,0.4438202247191011,0.073529411764705885,0.51734963648380694
Celeb-DF-v2,0,0.4,0.6,0.4,61,38,178,340,0.34269662921348315,0.11176470588235295,0.45446133509583608
Celeb-DF-v2,0,0.4,0.6,0.45,45,51,178,340,0.25280898876404495,0.14999999999999999,0.40280898876404492
Celeb-DF-v2,0,0.4,0.6,0.5,33,71,178,340,0.1853932584269663,0.20882352941176471,0.39421678783873104
Celeb-DF-v2,0,0.4,0.6,0.55,20,98,178,340,0.11235955056179775,0.28823529411764703,0.40059484467944478
Celeb-DF-v2,0,0.4,0.6,0.6,9,119,178,340,0.050561797752808987,0.34999999999999998,0.40056179775280898
Celeb-DF-v2,0,0.4,0.6,0.65,6,149,178,340,0.033707865168539325,0.43823529411764706,0.47194315928618635
Celeb-DF-v2,0,0.4,0.6,0.7,5,187,178,340,0.028089887640449437,0.55000000000000004,0.57808988764044944
Celeb-DF-v2,0,0.4,0.6,0.75,3,216,178,340,0.016853932584269662,0.63529411764705879,0.65214805023132849
Celeb-DF-v2,0,0.4,0.6,0.8,1,245,178,340,0.0056179775280898875,0.72058823529411764,0.72620621282220754
Celeb-DF-v2,0,0.4,0.6,0.85,0,273,178,340,0,0.80294117647058827,0.80294117647058827
Celeb-DF-v2,0,0.4,0.6,0.9,0,300,178,340,0,0.88235294117647056,0.88235294117647056
Celeb-DF-v2,0,0.4,0.6,0.95,0,321,178,340,0,0.94411764705882351,0.94411764705882351
Celeb-DF-v2,0,0.4,0.6,1,0,340,178,340,0,1,1
Celeb-DF-v2,0,0.45,0.55,0,178,0,178,340,1,0,1
Celeb-DF-v2,0,0.45,0.55,0.05,174,0,178,340,0.97752808988764039,0,0.97752808988764039
Celeb-DF-v2,0,0.45,0.55,0.1,156,0,178,340,0.8764044943820225,0,0.8764044943820225
Celeb-DF-v2,0,0.45,0.55,0.15,138,1,178,340,0.7752808988764045,0.0029411764705882353,0.77822207534699273
Celeb-DF-v2,0,0.45,0.55,0.2,127,6,178,340,0.7134831460674157,0.017647058823529412,0.73113020489094516
Celeb-DF-v2,0,0.45,0.55,0.25,107,10,178,340,0.601123595505618,0.029411764705882353,0.63053536021150036
Celeb-DF-v2,0,0.45,0.55,0.3,90,18,178,340,0.5056179775280899,0.052941176470588235,0.55855915399867817
Celeb-DF-v2,0,0.45,0.55,0.35,74,27,178,340,0.4157303370786517,0.079411764705882348,0.49514210178453405
Celeb-DF-v2,0,0.45,0.55,0.4,56,39,178,340,0.3146067415730337,0.11470588235294117,0.42931262392597486
Celeb-DF-v2,0,0.45,0.55,0.45,42,57,178,340,0.23595505617977527,0.1676470588235294,0.40360211500330467
Celeb-DF-v2,0,0.45,0.55,0.5,27,75,178,340,0.15168539325842698,0.22058823529411764,0.37227362855254464
Celeb-DF-v2,0,0.45,0.55,0.55,18,104,178,340,0.10112359550561797,0.30588235294117649,0.4070059484467945
Celeb-DF-v2,0,0.45,0.55,0.6,9,124,178,340,0.050561797752808987,0.36470588235294116,0.41526768010575016
Celeb-DF-v2,0,0.45,0.55,0.65,6,159,178,340,0.033707865168539325,0.46764705882352942,0.50135492399206871
Celeb-DF-v2,0,0.45,0.55,0.7,5,189,178,340,0.028089887640449437,0.55588235294117649,0.58397224058162589
Celeb-DF-v2,0,0.45,0.55,0.75,3,222,178,340,0.016853932584269662,0.65294117647058825,0.66979510905485795
Celeb-DF-v2,0,0.45,0.55,0.8,1,248,178,340,0.0056179775280898875,0.72941176470588232,0.73502974223397222
Celeb-DF-v2,0,0.45,0.55,0.85,0,276,178,340,0,0.81176470588235294,0.81176470588235294
Celeb-DF-v2,0,0.45,0.55,0.9,0,302,178,340,0,0.88823529411764701,0.88823529411764701
Celeb-DF-v2,0,0.45,0.55,0.95,0,322,178,340,0,0.94705882352941173,0.94705882352941173
Celeb-DF-v2,0,0.45,0.55,1,0,340,178,340,0,1,1
Celeb-DF-v2,0,0.5,0.5,0,178,0,178,340,1,0,1
Celeb-DF-v2,0,0.5,0.5,0.05,174,0,178,340,0.97752808988764039,0,0.97752808988764039
Celeb-DF-v2,0,0.5,0.5,0.1,155,0,178,340,0.8707865168539326,0,0.8707865168539326
Celeb-DF-v2,0,0.5,0.5,0.15,134,1,178,340,0.7528089887640449,0.0029411764705882353,0.75575016523463312
Celeb-DF-v2,0,0.5,0.5,0.2,120,6,178,340,0.6741573033707865,0.017647058823529412,0.69180436219431596
Celeb-DF-v2,0,0.5,0.5,0.25,104,11,178,340,0.5842696629213483,0.032352941176470591,0.61662260409781888
Celeb-DF-v2,0,0.5,0.5,0.3,91,19,178,340,0.5112359550561798,0.055882352941176473,0.5671183079973563
Celeb-DF-v2,0,0.5,0.5,0.35,66,29,178,340,0.3707865168539326,0.085294117647058826,0.45608063450099146
Celeb-DF-v2,0,0.5,0.5,0.4,53,39,178,340,0.29775280898876405,0.11470588235294117,0.41245869134170521
Celeb-DF-v2,0,0.5,0.5,0.45,39,62,178,340,0.21910112359550563,0.18235294117647058,0.4014540647719762
Celeb-DF-v2,0,0.5,0.5,0.5,24,82,178,340,0.1348314606741573,0.2411764705882353,0.37600793126239263
Celeb-DF-v2,0,0.5,0.5,0.55,16,110,178,340,0.0898876404494382,0.3235294117647059,0.4134170522141441
Celeb-DF-v2,0,0.5,0.5,0.6,10,137,178,340,0.056179775280898875,0.40294117647058825,0.45912095175148715
Celeb-DF-v2,0,0.5,0.5,0.65,5,166,178,340,0.028089887640449437,0.48823529411764705,0.5163251817580965
Celeb-DF-v2,0,0.5,0.5,0.7,5,191,178,340,0.028089887640449437,0.56176470588235294,0.58985459352280234
Celeb-DF-v2,0,0.5,0.5,0.75,3,224,178,340,0.016853932584269662,0.6588235294117647,0.6756774619960344
Celeb-DF-v2,0,0.5,0.5,0.8,1,249,178,340,0.0056179775280898875,0.73235294117647054,0.73797091870456044
Celeb-DF-v2,0,0.5,0.5,0.85,0,277,178,340,0,0.81470588235294117,0.81470588235294117
Celeb-DF-v2,0,0.5,0.5,0.9,0,300,178,340,0,0.88235294117647056,0.88235294117647056
Celeb-DF-v2,0,0.5,0.5,0.95,0,323,178,340,0,0.94999999999999996,0.94999999999999996
Celeb-DF-v2,0,0.5,0.5,1,0,340,178,340,0,1,1
Celeb-DF-v2,0,0.55,0.45,0,178,0,178,340,1,0,1
Celeb-DF-v2,0,0.55,0.45,0.05,174,0,178,340,0.97752808988764039,0,0.97752808988764039
Celeb-DF-v2,0,0.55,0.45,0.1,156,0,178,340,0.8764044943820225,0,0.8764044943820225
Celeb-DF-v2,0,0.55,0.45,0.15,133,2,178,340,0.7471910112359551,0.0058823529411764705,0.75307336417713155
Celeb-DF-v2,0,0.55,0.45,0.2,117,7,178,340,0.65730337078651691,0.020588235294117647,0.67789160608063459
Celeb-DF-v2,0,0.55,0.45,0.25,104,11,178,340,0.5842696629213483,0.032352941176470591,0.61662260409781888
Celeb-DF-v2,0,0.55,0.45,0.3,86,21,178,340,0.48314606741573035,0.061764705882352944,0.54491077329808335
Celeb-DF-v2,0,0.55,0.45,0.35,60,31,178,340,0.33707865168539325,0.091176470588235289,0.42825512227362855
Celeb-DF-v2,0,0.55,0.45,0.4,50,46,178,340,0.2808988764044944,0.13529411764705881,0.41619299405155319
Celeb-DF-v2,0,0.55,0.45,0.45,33,67,178,340,0.1853932584269663,0.19705882352941176,0.38245208195637803
Celeb-DF-v2,0,0.55,0.45,0.5,23,94,178,340,0.12921348314606743,0.27647058823529413,0.40568407138136153
Celeb-DF-v2,0,0.55,0.45,0.55,14,113,178,340,0.078651685393258425,0.33235294117647057,0.41100462656972903
Celeb-DF-v2,0,0.55,0.45,0.6,9,145,178,340,0.050561797752808987,0.4264705882352941,0.4770323859881031
Celeb-DF-v2,0,0.55,0.45,0.65,5,167,178,340,0.028089887640449437,0.49117647058823527,0.51926635822868472
Celeb-DF-v2,0,0.55,0.45,0.7,5,192,178,340,0.028089887640449437,0.56470588235294117,0.59279576999339056
Celeb-DF-v2,0,0.55,0.45,0.75,4,225,178,340,0.02247191011235955,0.66176470588235292,0.68423661599471242
Celeb-DF-v2,0,0.55,0.45,0.8,2,253,178,340,0.011235955056179775,0.74411764705882355,0.75535360211500335
Celeb-DF-v2,0,0.55,0.45,0.85,0,278,178,340,0,0.81764705882352939,0.81764705882352939
Celeb-DF-v2,0,0.55,0.45,0.9,0,300,178,340,0,0.88235294117647056,0.88235294117647056
Celeb-DF-v2,0,0.55,0.45,0.95,0,324,178,340,0,0.95294117647058818,0.95294117647058818
Celeb-DF-v2,0,0.55,0.45,1,0,340,178,340,0,1,1
Celeb-DF-v2,0,0.6,0.4,0,178,0,178,340,1,0,1
Celeb-DF-v2,0,0.6,0.4,0.05,173,0,178,340,0.9719101123595506,0,0.9719101123595506
Celeb-DF-v2,0,0.6,0.4,0.1,155,0,178,340,0.8707865168539326,0,0.8707865168539326
Celeb-DF-v2,0,0.6,0.4,0.15,130,2,178,340,0.7303370786516854,0.0058823529411764705,0.73621943159286185
Celeb-DF-v2,0,0.6,0.4,0.2,114,7,178,340,0.6404494382022472,0.020588235294117647,0.66103767349636489
Celeb-DF-v2,0,0.6,0.4,0.25,100,12,178,340,0.5617977528089888,0.035294117647058823,0.59709187045604761
Celeb-DF-v2,0,0.6,0.4,0.3,78,22,178,340,0.43820224719101125,0.064705882352941183,0.50290812954395248
Celeb-DF-v2,0,0.6,0.4,0.35,57,35,178,340,0.3202247191011236,0.10294117647058823,0.4231658955717118
Celeb-DF-v2,0,0.6,0.4,0.4,42,49,178,340,0.23595505617977527,0.14411764705882352,0.38007270323859876
Celeb-DF-v2,0,0.6,0.4,0.45,31,74,178,340,0.17415730337078653,0.21764705882352942,0.39180436219431591
Celeb-DF-v2,0,0.6,0.4,0.5,21,101,178,340,0.11797752808988764,0.29705882352941176,0.41503635161929942
Celeb-DF-v2,0,0.6,0.4,0.55,15,124,178,340,0.084269662921348312,0.36470588235294116,0.44897554527428946
Celeb-DF-v2,0,0.6,0.4,0.6,11,147,178,340,0.061797752808988762,0.43235294117647061,0.49415069398545935
Celeb-DF-v2,0,0.6,0.4,0.65,7,170,178,340,0.039325842696629212,0.5,0.5393258426966292
Celeb-DF-v2,0,0.6,0.4,0.7,5,199,178,340,0.028089887640449437,0.58529411764705885,0.61338400528750825
Celeb-DF-v2,0,0.6,0.4,0.75,5,227,178,340,0.028089887640449437,0.66764705882352937,0.69573694646397877
Celeb-DF-v2,0,0.6,0.4,0.8,2,255,178,340,0.011235955056179775,0.75,0.7612359550561798
Celeb-DF-v2,0,0.6,0.4,0.85,0,281,178,340,0,0.82647058823529407,0.82647058823529407
Celeb-DF-v2,0,0.6,0.4,0.9,0,300,178,340,0,0.88235294117647056,0.88235294117647056
Celeb-DF-v2,0,0.6,0.4,0.95,0,325,178,340,0,0.95588235294117652,0.95588235294117652
Celeb-DF-v2,0,0.6,0.4,1,0,340,178,340,0,1,1
Celeb-DF-v2,0,0.65,0.35,0,178,0,178,340,1,0,1
Celeb-DF-v2,0,0.65,0.35,0.05,174,0,178,340,0.97752808988764039,0,0.97752808988764039
Celeb-DF-v2,0,0.65,0.35,0.1,152,0,178,340,0.8539325842696629,0,0.8539325842696629
Celeb-DF-v2,0,0.65,0.35,0.15,124,2,178,340,0.6966292134831461,0.0058823529411764705,0.70251156642432255
Celeb-DF-v2,0,0.65,0.35,0.2,113,7,178,340,0.6348314606741573,0.020588235294117647,0.65541969596827498
Celeb-DF-v2,0,0.65,0.35,0.25,97,14,178,340,0.5449438202247191,0.041176470588235294,0.58612029081295436
Celeb-DF-v2,0,0.65,0.35,0.3,72,24,178,340,0.4044943820224719,0.070588235294117646,0.47508261731658952
Celeb-DF-v2,0,0.65,0.35,0.35,55,39,178,340,0.3089887640449438,0.11470588235294117,0.42369464639788496
Celeb-DF-v2,0,0.65,0.35,0.4,39,61,178,340,0.21910112359550563,0.17941176470588235,0.39851288830138798
Celeb-DF-v2,0,0.65,0.35,0.45,28,82,178,340,0.15730337078651685,0.2411764705882353,0.39847984137475212
Celeb-DF-v2,0,0.65,0.35,0.5,21,106,178,340,0.11797752808988764,0.31176470588235294,0.42974223397224059
Celeb-DF-v2,0,0.65,0.35,0.55,13,132,178,340,0.073033707865168537,0.38823529411764707,0.46126900198281562
Celeb-DF-v2,0,0.65,0.35,0.6,10,154,178,340,0.056179775280898875,0.45294117647058824,0.50912095175148708
Celeb-DF-v2,0,0.65,0.35,0.65,7,172,178,340,0.039325842696629212,0.50588235294117645,0.54520819563780565
Celeb-DF-v2,0,0.65,0.35,0.7,5,203,178,340,0.028089887640449437,0.59705882352941175,0.62514871116986115
Celeb-DF-v2,0,0.65,0.35,0.75,5,226,178,340,0.028089887640449437,0.66470588235294115,0.69279576999339054
Celeb-DF-v2,0,0.65,0.35,0.8,2,253,178,340,0.011235955056179775,0.74411764705882355,0.75535360211500335
Celeb-DF-v2,0,0.65,0.35,0.85,0,283,178,340,0,0.83235294117647063,0.83235294117647063
Celeb-DF-v2,0,0.65,0.35,0.9,0,302,178,340,0,0.88823529411764701,0.88823529411764701
Celeb-DF-v2,0,0.65,0.35,0.95,0,325,178,340,0,0.95588235294117652,0.95588235294117652
Celeb-DF-v2,0,0.65,0.35,1,0,340,178,340,0,1,1
Celeb-DF-v2,0,0.7,0.3,0,178,0,178,340,1,0,1
Celeb-DF-v2,0,0.7,0.3,0.05,174,0,178,340,0.97752808988764039,0,0.97752808988764039
Celeb-DF-v2,0,0.7,0.3,0.1,147,0,178,340,0.8258426966292135,0,0.8258426966292135
Celeb-DF-v2,0,0.7,0.3,0.15,121,3,178,340,0.6797752808988764,0.0088235294117647058,0.68859881031064107
Celeb-DF-v2,0,0.7,0.3,0.2,108,7,178,340,0.6067415730337079,0.020588235294117647,0.62732980832782559
Celeb-DF-v2,0,0.7,0.3,0.25,83,16,178,340,0.46629213483146065,0.047058823529411764,0.51335095836087241
Celeb-DF-v2,0,0.7,0.3,0.3,70,29,178,340,0.39325842696629215,0.085294117647058826,0.47855254461335095
Celeb-DF-v2,0,0.7,0.3,0.35,54,51,178,340,0.30337078651685395,0.14999999999999999,0.45337078651685392
Celeb-DF-v2,0,0.7,0.3,0.4,37,71,178,340,0.20786516853932585,0.20882352941176471,0.41668869795109054
Celeb-DF-v2,0,0.7,0.3,0.45,28,89,178,340,0.15730337078651685,0.26176470588235295,0.4190680766688698
Celeb-DF-v2,0,0.7,0.3,0.5,21,116,178,340,0.11797752808988764,0.3411764705882353,0.45915399867812295
Celeb-DF-v2,0,0.7,0.3,0.55,13,135,178,340,0.073033707865168537,0.39705882352941174,0.47009253139458029
Celeb-DF-v2,0,0.7,0.3,0.6,11,156,178,340,0.061797752808988762,0.45882352941176469,0.52062128222075343
Celeb-DF-v2,0,0.7,0.3,0.65,8,175,178,340,0.0449438202247191,0.51470588235294112,0.55964970257766022
Celeb-DF-v2,0,0.7,0.3,0.7,5,207,178,340,0.028089887640449437,0.60882352941176465,0.63691341705221405
Celeb-DF-v2,0,0.7,0.3,0.75,5,227,178,340,0.028089887640449437,0.66764705882352937,0.69573694646397877
Celeb-DF-v2,0,0.7,0.3,0.8,3,250,178,340,0.016853932584269662,0.73529411764705888,0.75214805023132858
Celeb-DF-v2,0,0.7,0.3,0.85,1,283,178,340,0.0056179775280898875,0.83235294117647063,0.83797091870456053
Celeb-DF-v2,0,0.7,0.3,0.9,0,301,178,340,0,0.88529411764705879,0.88529411764705879
Celeb-DF-v2,0,0.7,0.3,0.95,0,322,178,340,0,0.94705882352941173,0.94705882352941173
Celeb-DF-v2,0,0.7,0.3,1,0,340,178,340,0,1,1
Celeb-DF-v2,0,0.75,0.25,0,178,0,178,340,1,0,1
Celeb-DF-v2,0,0.75,0.25,0.05,170,0,178,340,0.9550561797752809,0,0.9550561797752809
Celeb-DF-v2,0,0.75,0.25,0.1,144,1,178,340,0.8089887640449438,0.0029411764705882353,0.81192994051553202
Celeb-DF-v2,0,0.75,0.25,0.15,119,4,178,340,0.6685393258426966,0.011764705882352941,0.6803040317250495
Celeb-DF-v2,0,0.75,0.25,0.2,102,9,178,340,0.5730337078651685,0.026470588235294117,0.59950429610046263
Celeb-DF-v2,0,0.75,0.25,0.25,80,21,178,340,0.449438202247191,0.061764705882352944,0.51120290812954394
Celeb-DF-v2,0,0.75,0.25,0.3,65,34,178,340,0.3651685393258427,0.10000000000000001,0.46516853932584268
Celeb-DF-v2,0,0.75,0.25,0.35,54,58,178,340,0.30337078651685395,0.17058823529411765,0.4739590218109716
Celeb-DF-v2,0,0.75,0.25,0.4,38,74,178,340,0.21348314606741572,0.21764705882352942,0.43113020489094511
Celeb-DF-v2,0,0.75,0.25,0.45,25,95,178,340,0.1404494382022472,0.27941176470588236,0.41986120290812956
Celeb-DF-v2,0,0.75,0.25,0.5,17,123,178,340,0.095505617977528087,0.36176470588235293,0.45727032385988103
Celeb-DF-v2,0,0.75,0.25,0.55,12,138,178,340,0.06741573033707865,0.40588235294117647,0.47329808327825512
Celeb-DF-v2,0,0.75,0.25,0.6,12,157,178,340,0.06741573033707865,0.46176470588235297,0.52918043621943167
Celeb-DF-v2,0,0.75,0.25,0.65,9,179,178,340,0.050561797752808987,0.52647058823529413,0.57703238598810314
Celeb-DF-v2,0,0.75,0.25,0.7,6,206,178,340,0.033707865168539325,0.60588235294117643,0.63959021810971572
Celeb-DF-v2,0,0.75,0.25,0.75,5,232,178,340,0.028089887640449437,0.68235294117647061,0.71044282881692
Celeb-DF-v2,0,0.75,0.25,0.8,3,251,178,340,0.016853932584269662,0.7382352941176471,0.7550892267019168
Celeb-DF-v2,0,0.75,0.25,0.85,1,280,178,340,0.0056179775280898875,0.82352941176470584,0.82914738929279574
Celeb-DF-v2,0,0.75,0.25,0.9,0,299,178,340,0,0.87941176470588234,0.87941176470588234
Celeb-DF-v2,0,0.75,0.25,0.95,0,321,178,340,0,0.94411764705882351,0.94411764705882351
Celeb-DF-v2,0,0.75,0.25,1,0,340,178,340,0,1,1
Celeb-DF-v2,0,0.8,0.2,0,178,0,178,340,1,0,1
Celeb-DF-v2,0,0.8,0.2,0.05,167,0,178,340,0.9382022471910112,0,0.9382022471910112
Celeb-DF-v2,0,0.8,0.2,0.1,138,1,178,340,0.7752808988764045,0.0029411764705882353,0.77822207534699273
Celeb-DF-v2,0,0.8,0.2,0.15,110,5,178,340,0.6179775280898876,0.014705882352941176,0.63268341044282872
Celeb-DF-v2,0,0.8,0.2,0.2,90,11,178,340,0.5056179775280899,0.032352941176470591,0.53797091870456049
Celeb-DF-v2,0,0.8,0.2,0.25,73,25,178,340,0.4101123595505618,0.073529411764705885,0.4836417713152677
Celeb-DF-v2,0,0.8,0.2,0.3,63,46,178,340,0.3539325842696629,0.13529411764705881,0.48922670191672168
Celeb-DF-v2,0,0.8,0.2,0.35,54,62,178,340,0.30337078651685395,0.18235294117647058,0.4857237276933245
Celeb-DF-v2,0,0.8,0.2,0.4,36,84,178,340,0.20224719101123595,0.24705882352941178,0.44930601454064772
Celeb-DF-v2,0,0.8,0.2,0.45,24,103,178,340,0.1348314606741573,0.30294117647058821,0.43777263714474551
Celeb-DF-v2,0,0.8,0.2,0.5,16,124,178,340,0.0898876404494382,0.36470588235294116,0.45459352280237936
Celeb-DF-v2,0,0.8,0.2,0.55,12,143,178,340,0.06741573033707865,0.42058823529411765,0.4880039656311963
Celeb-DF-v2,0,0.8,0.2,0.6,12,161,178,340,0.06741573033707865,0.47352941176470587,0.54094514210178457
Celeb-DF-v2,0,0.8,0.2,0.65,10,181,178,340,0.056179775280898875,0.53235294117647058,0.58853271645736949
Celeb-DF-v2,0,0.8,0.2,0.7,7,204,178,340,0.039325842696629212,0.59999999999999998,0.63932584269662918
Celeb-DF-v2,0,0.8,0.2,0.75,5,231,178,340,0.028089887640449437,0.67941176470588238,0.70750165234633178
Celeb-DF-v2,0,0.8,0.2,0.8,3,247,178,340,0.016853932584269662,0.72647058823529409,0.74332452081956379
Celeb-DF-v2,0,0.8,0.2,0.85,1,276,178,340,0.0056179775280898875,0.81176470588235294,0.81738268341044285
Celeb-DF-v2,0,0.8,0.2,0.9,0,300,178,340,0,0.88235294117647056,0.88235294117647056
Celeb-DF-v2,0,0.8,0.2,0.95,0,320,178,340,0,0.94117647058823528,0.94117647058823528
Celeb-DF-v2,0,0.8,0.2,1,0,340,178,340,0,1,1
Celeb-DF-v2,0,0.85,0.15,0,178,0,178,340,1,0,1
Celeb-DF-v2,0,0.85,0.15,0.05,165,0,178,340,0.9269662921348315,0,0.9269662921348315
Celeb-DF-v2,0,0.85,0.15,0.1,132,2,178,340,0.7415730337078652,0.0058823529411764705,0.74745538664904165
Celeb-DF-v2,0,0.85,0.15,0.15,103,9,178,340,0.5786516853932584,0.026470588235294117,0.60512227362855253
Celeb-DF-v2,0,0.85,0.15,0.2,86,16,178,340,0.48314606741573035,0.047058823529411764,0.53020489094514212
Celeb-DF-v2,0,0.85,0.15,0.25,70,34,178,340,0.39325842696629215,0.10000000000000001,0.49325842696629218
Celeb-DF-v2,0,0.85,0.15,0.3,62,53,178,340,0.34831460674157305,0.15588235294117647,0.50419695968274958
Celeb-DF-v2,0,0.85,0.15,0.35,55,73,178,340,0.3089887640449438,0.21470588235294116,0.52369464639788499
Celeb-DF-v2,0,0.85,0.15,0.4,38,90,178,340,0.21348314606741572,0.26470588235294118,0.47818902842035693
Celeb-DF-v2,0,0.85,0.15,0.45,24,108,178,340,0.1348314606741573,0.31764705882352939,0.45247851949768669
Celeb-DF-v2,0,0.85,0.15,0.5,17,128,178,340,0.095505617977528087,0.37647058823529411,0.47197620621282221
Celeb-DF-v2,0,0.85,0.15,0.55,13,149,178,340,0.073033707865168537,0.43823529411764706,0.51126900198281555
Celeb-DF-v2,0,0.85,0.15,0.6,12,164,178,340,0.06741573033707865,0.4823529411764706,0.54976867151354925
Celeb-DF-v2,0,0.85,0.15,0.65,12,188,178,340,0.06741573033707865,0.55294117647058827,0.62035690680766686
Celeb-DF-v2,0,0.85,0.15,0.7,8,206,178,340,0.0449438202247191,0.60588235294117643,0.65082617316589553
Celeb-DF-v2,0,0.85,0.15,0.75,5,231,178,340,0.028089887640449437,0.67941176470588238,0.70750165234633178
Celeb-DF-v2,0,0.85,0.15,0.8,3,248,178,340,0.016853932584269662,0.72941176470588232,0.74626569729015202
Celeb-DF-v2,0,0.85,0.15,0.85,2,275,178,340,0.011235955056179775,0.80882352941176472,0.82005948446794452
Celeb-DF-v2,0,0.85,0.15,0.9,0,296,178,340,0,0.87058823529411766,0.87058823529411766
Celeb-DF-v2,0,0.85,0.15,0.95,0,321,178,340,0,0.94411764705882351,0.94411764705882351
Celeb-DF-v2,0,0.85,0.15,1,0,340,178,340,0,1,1
Celeb-DF-v2,0,0.9,0.1,0,178,0,178,340,1,0,1
Celeb-DF-v2,0,0.9,0.1,0.05,153,1,178,340,0.8595505617977528,0.0029411764705882353,0.86249173826834102
Celeb-DF-v2,0,0.9,0.1,0.1,123,3,178,340,0.6910112359550562,0.0088235294117647058,0.69983476536682088
Celeb-DF-v2,0,0.9,0.1,0.15,96,12,178,340,0.5393258426966292,0.035294117647058823,0.57461996034368801
Celeb-DF-v2,0,0.9,0.1,0.2,79,21,178,340,0.4438202247191011,0.061764705882352944,0.50558493060145404
Celeb-DF-v2,0,0.9,0.1,0.25,69,47,178,340,0.38764044943820225,0.13823529411764707,0.52587574355584932
Celeb-DF-v2,0,0.9,0.1,0.3,61,58,178,340,0.34269662921348315,0.17058823529411765,0.5132848645076008
Celeb-DF-v2,0,0.9,0.1,0.35,55,77,178,340,0.3089887640449438,0.22647058823529412,0.53545935228023789
Celeb-DF-v2,0,0.9,0.1,0.4,37,98,178,340,0.20786516853932585,0.28823529411764703,0.49610046265697288
Celeb-DF-v2,0,0.9,0.1,0.45,20,115,178,340,0.11235955056179775,0.33823529411764708,0.45059484467944483
Celeb-DF-v2,0,0.9,0.1,0.5,16,129,178,340,0.0898876404494382,0.37941176470588234,0.46929940515532054
Celeb-DF-v2,0,0.9,0.1,0.55,13,153,178,340,0.073033707865168537,0.45000000000000001,0.52303370786516856
Celeb-DF-v2,0,0.9,0.1,0.6,12,169,178,340,0.06741573033707865,0.49705882352941178,0.56447455386649037
Celeb-DF-v2,0,0.9,0.1,0.65,12,189,178,340,0.06741573033707865,0.55588235294117649,0.62329808327825509
Celeb-DF-v2,0,0.9,0.1,0.7,9,210,178,340,0.050561797752808987,0.61764705882352944,0.66820885657633844
Celeb-DF-v2,0,0.9,0.1,0.75,6,231,178,340,0.033707865168539325,0.67941176470588238,0.71311962987442168
Celeb-DF-v2,0,0.9,0.1,0.8,4,250,178,340,0.02247191011235955,0.73529411764705888,0.75776602775941848
Celeb-DF-v2,0,0.9,0.1,0.85,2,273,178,340,0.011235955056179775,0.80294117647058827,0.81417713152676807
Celeb-DF-v2,0,0.9,0.1,0.9,1,295,178,340,0.0056179775280898875,0.86764705882352944,0.87326503635161934
Celeb-DF-v2,0,0.9,0.1,0.95,0,317,178,340,0,0.93235294117647061,0.93235294117647061
Celeb-DF-v2,0,0.9,0.1,1,0,340,178,340,0,1,1
Celeb-DF-v2,0,0.95,0.05,0,178,0,178,340,1,0,1
Celeb-DF-v2,0,0.95,0.05,0.05,147,1,178,340,0.8258426966292135,0.0029411764705882353,0.82878387309980173
Celeb-DF-v2,0,0.95,0.05,0.1,116,6,178,340,0.651685393258427,0.017647058823529412,0.66933245208195646
Celeb-DF-v2,0,0.95,0.05,0.15,88,16,178,340,0.4943820224719101,0.047058823529411764,0.54144084600132181
Celeb-DF-v2,0,0.95,0.05,0.2,75,34,178,340,0.42134831460674155,0.10000000000000001,0.52134831460674158
Celeb-DF-v2,0,0.95,0.05,0.25,68,50,178,340,0.38202247191011235,0.14705882352941177,0.52908129543952409
Celeb-DF-v2,0,0.95,0.05,0.3,58,63,178,340,0.3258426966292135,0.18529411764705883,0.51113681427627233
Celeb-DF-v2,0,0.95,0.05,0.35,55,87,178,340,0.3089887640449438,0.25588235294117645,0.56487111698612025
Celeb-DF-v2,0,0.95,0.05,0.4,39,102,178,340,0.21910112359550563,0.29999999999999999,0.51910112359550564
Celeb-DF-v2,0,0.95,0.05,0.45,20,116,178,340,0.11235955056179775,0.3411764705882353,0.45353602115003305
Celeb-DF-v2,0,0.95,0.05,0.5,16,131,178,340,0.0898876404494382,0.38529411764705884,0.47518175809649704
Celeb-DF-v2,0,0.95,0.05,0.55,13,152,178,340,0.073033707865168537,0.44705882352941179,0.52009253139458034
Celeb-DF-v2,0,0.95,0.05,0.6,12,176,178,340,0.06741573033707865,0.51764705882352946,0.58506278916060817
Celeb-DF-v2,0,0.95,0.05,0.65,12,188,178,340,0.06741573033707865,0.55294117647058827,0.62035690680766686
Celeb-DF-v2,0,0.95,0.05,0.7,9,212,178,340,0.050561797752808987,0.62352941176470589,0.67409120951751489
Celeb-DF-v2,0,0.95,0.05,0.75,8,228,178,340,0.0449438202247191,0.6705882352941176,0.7155320555188367
Celeb-DF-v2,0,0.95,0.05,0.8,4,250,178,340,0.02247191011235955,0.73529411764705888,0.75776602775941848
Celeb-DF-v2,0,0.95,0.05,0.85,3,267,178,340,0.016853932584269662,0.78529411764705881,0.80214805023132851
Celeb-DF-v2,0,0.95,0.05,0.9,2,295,178,340,0.011235955056179775,0.86764705882352944,0.87888301387970924
Celeb-DF-v2,0,0.95,0.05,0.95,0,313,178,340,0,0.9205882352941176,0.9205882352941176
Celeb-DF-v2,0,0.95,0.05,1,0,340,178,340,0,1,1
Celeb-DF-v2,0,1,0,0,178,0,178,340,1,0,1
Celeb-DF-v2,0,1,0,0.05,133,2,178,340,0.7471910112359551,0.0058823529411764705,0.75307336417713155
Celeb-DF-v2,0,1,0,0.1,105,14,178,340,0.5898876404494382,0.041176470588235294,0.63106411103767346
Celeb-DF-v2,0,1,0,0.15,84,23,178,340,0.47191011235955055,0.067647058823529407,0.53955717118308
Celeb-DF-v2,0,1,0,0.2,74,42,178,340,0.4157303370786517,0.12352941176470589,0.53925974884335759
Celeb-DF-v2,0,1,0,0.25,65,54,178,340,0.3651685393258427,0.1588235294117647,0.5239920687376074
Celeb-DF-v2,0,1,0,0.3,57,71,178,340,0.3202247191011236,0.20882352941176471,0.52904824851288834
Celeb-DF-v2,0,1,0,0.35,54,94,178,340,0.30337078651685395,0.27647058823529413,0.57984137475214803
Celeb-DF-v2,0,1,0,0.4,42,106,178,340,0.23595505617977527,0.31176470588235294,0.54771976206212825
Celeb-DF-v2,0,1,0,0.45,21,119,178,340,0.11797752808988764,0.34999999999999998,0.46797752808988763
Celeb-DF-v2,0,1,0,0.5,16,141,178,340,0.0898876404494382,0.4147058823529412,0.50459352280237946
Celeb-DF-v2,0,1,0,0.55,13,153,178,340,0.073033707865168537,0.45000000000000001,0.52303370786516856
Celeb-DF-v2,0,1,0,0.6,12,178,178,340,0.06741573033707865,0.52352941176470591,0.59094514210178462
Celeb-DF-v2,0,1,0,0.65,12,192,178,340,0.06741573033707865,0.56470588235294117,0.63212161269001976
Celeb-DF-v2,0,1,0,0.7,10,213,178,340,0.056179775280898875,0.62647058823529411,0.68265036351619302
Celeb-DF-v2,0,1,0,0.75,8,225,178,340,0.0449438202247191,0.66176470588235292,0.70670852610707202
Celeb-DF-v2,0,1,0,0.8,5,249,178,340,0.028089887640449437,0.73235294117647054,0.76044282881691994
Celeb-DF-v2,0,1,0,0.85,3,267,178,340,0.016853932584269662,0.78529411764705881,0.80214805023132851
Celeb-DF-v2,0,1,0,0.9,2,294,178,340,0.011235955056179775,0.86470588235294121,0.87594183740912102
Celeb-DF-v2,0,1,0,0.95,0,310,178,340,0,0.91176470588235292,0.91176470588235292
Celeb-DF-v2,0,1,0,1,0,340,178,340,0,1,1
Celeb-DF-v2,0.05,0,0.95,0,178,0,178,340,1,0,1
Celeb-DF-v2,0.05,0,0.95,0.05,174,0,178,340,0.97752808988764039,0,0.97752808988764039
Celeb-DF-v2,0.05,0,0.95,0.1,162,1,178,340,0.9101123595505618,0.0029411764705882353,0.91305353602115003
Celeb-DF-v2,0.05,0,0.95,0.15,152,3,178,340,0.8539325842696629,0.0088235294117647058,0.86275611368142757
Celeb-DF-v2,0.05,0,0.95,0.2,133,4,178,340,0.7471910112359551,0.011764705882352941,0.758955717118308
Celeb-DF-v2,0.05,0,0.95,0.25,116,8,178,340,0.651685393258427,0.023529411764705882,0.67521480502313291
Celeb-DF-v2,0.05,0,0.95,0.3,105,13,178,340,0.5898876404494382,0.038235294117647062,0.62812293456708523
Celeb-DF-v2,0.05,0,0.95,0.35,89,22,178,340,0.5,0.064705882352941183,0.56470588235294117
Celeb-DF-v2,0.05,0,0.95,0.4,80,35,178,340,0.449438202247191,0.10294117647058823,0.5523793787177792
Celeb-DF-v2,0.05,0,0.95,0.45,69,48,178,340,0.38764044943820225,0.14117647058823529,0.52881692002643754
Celeb-DF-v2,0.05,0,0.95,0.5,62,58,178,340,0.34831460674157305,0.17058823529411765,0.5189028420356907
Celeb-DF-v2,0.05,0,0.95,0.55,48,79,178,340,0.2696629213483146,0.2323529411764706,0.50201586252478525
Celeb-DF-v2,0.05,0,0.95,0.6,38,93,178,340,0.21348314606741572,0.27352941176470591,0.48701255783212161
Celeb-DF-v2,0.05,0,0.95,0.65,26,113,178,340,0.14606741573033707,0.33235294117647057,0.47842035690680762
Celeb-DF-v2,0.05,0,0.95,0.7,17,131,178,340,0.095505617977528087,0.38529411764705884,0.48079973562458694
Celeb-DF-v2,0.05,0,0.95,0.75,14,160,178,340,0.078651685393258425,0.47058823529411764,0.54923992068737604
Celeb-DF-v2,0.05,0,0.95,0.8,6,188,178,340,0.033707865168539325,0.55294117647058827,0.58664904163912757
Celeb-DF-v2,0.05,0,0.95,0.85,4,213,178,340,0.02247191011235955,0.62647058823529411,0.64894249834765372
Celeb-DF-v2,0.05,0,0.95,0.9,0,255,178,340,0,0.75,0.75
Celeb-DF-v2,0.05,0,0.95,0.95,0,297,178,340,0,0.87352941176470589,0.87352941176470589
Celeb-DF-v2,0.05,0,0.95,1,0,340,178,340,0,1,1
Celeb-DF-v2,0.05,0.05,0.9,0,178,0,178,340,1,0,1
Celeb-DF-v2,0.05,0.05,0.9,0.05,175,0,178,340,0.9831460674157303,0,0.9831460674157303
Celeb-DF-v2,0.05,0.05,0.9,0.1,164,0,178,340,0.9213483146067416,0,0.9213483146067416
Celeb-DF-v2,0.05,0.05,0.9,0.15,151,3,178,340,0.848314606741573,0.0088235294117647058,0.85713813615333767
Celeb-DF-v2,0.05,0.05,0.9,0.2,135,4,178,340,0.7584269662921348,0.011764705882352941,0.7701916721744877
Celeb-DF-v2,0.05,0.05,0.9,0.25,118,8,178,340,0.6629213483146067,0.023529411764705882,0.68645076007931261
Celeb-DF-v2,0.05,0.05,0.9,0.3,106,14,178,340,0.5955056179775281,0.041176470588235294,0.63668208856576336
Celeb-DF-v2,0.05,0.05,0.9,0.35,88,21,178,340,0.4943820224719101,0.061764705882352944,0.55614672835426304
Celeb-DF-v2,0.05,0.05,0.9,0.4,81,34,178,340,0.4550561797752809,0.10000000000000001,0.55505617977528088
Celeb-DF-v2,0.05,0.05,0.9,0.45,68,48,178,340,0.38202247191011235,0.14117647058823529,0.52319894249834764
Celeb-DF-v2,0.05,0.05,0.9,0.5,60,60,178,340,0.33707865168539325,0.17647058823529413,0.51354923992068735
Celeb-DF-v2,0.05,0.05,0.9,0.55,46,77,178,340,0.25842696629213485,0.22647058823529412,0.484897554527429
Celeb-DF-v2,0.05,0.05,0.9,0.6,34,97,178,340,0.19101123595505617,0.28529411764705881,0.47630535360211501
Celeb-DF-v2,0.05,0.05,0.9,0.65,23,115,178,340,0.12921348314606743,0.33823529411764708,0.46744877726371448
Celeb-DF-v2,0.05,0.05,0.9,0.7,16,138,178,340,0.0898876404494382,0.40588235294117647,0.49576999339061467
Celeb-DF-v2,0.05,0.05,0.9,0.75,10,168,178,340,0.056179775280898875,0.49411764705882355,0.55029742233972245
Celeb-DF-v2,0.05,0.05,0.9,0.8,4,192,178,340,0.02247191011235955,0.56470588235294117,0.58717779246530077
Celeb-DF-v2,0.05,0.05,0.9,0.85,1,228,178,340,0.0056179775280898875,0.6705882352941176,0.6762062128222075
Celeb-DF-v2,0.05,0.05,0.9,0.9,0,267,178,340,0,0.78529411764705881,0.78529411764705881
Celeb-DF-v2,0.05,0.05,0.9,0.95,0,311,178,340,0,0.91470588235294115,0.91470588235294115
Celeb-DF-v2,0.05,0.05,0.9,1,0,340,178,340,0,1,1
Celeb-DF-v2,0.05,0.1,0.85,0,178,0,178,340,1,0,1
Celeb-DF-v2,0.05,0.1,0.85,0.05,174,0,178,340,0.97752808988764039,0,0.97752808988764039
Celeb-DF-v2,0.05,0.1,0.85,0.1,165,0,178,340,0.9269662921348315,0,0.9269662921348315
Celeb-DF-v2,0.05,0.1,0.85,0.15,146,2,178,340,0.8202247191011236,0.0058823529411764705,0.82610707204230005
Celeb-DF-v2,0.05,0.1,0.85,0.2,133,4,178,340,0.7471910112359551,0.011764705882352941,0.758955717118308
Celeb-DF-v2,0.05,0.1,0.85,0.25,119,8,178,340,0.6685393258426966,0.023529411764705882,0.69206873760740251
Celeb-DF-v2,0.05,0.1,0.85,0.3,104,11,178,340,0.5842696629213483,0.032352941176470591,0.61662260409781888
Celeb-DF-v2,0.05,0.1,0.85,0.35,87,20,178,340,0.4887640449438202,0.058823529411764705,0.54758757435558492
Celeb-DF-v2,0.05,0.1,0.85,0.4,79,34,178,340,0.4438202247191011,0.10000000000000001,0.54382022471910108
Celeb-DF-v2,0.05,0.1,0.85,0.45,67,46,178,340,0.37640449438202245,0.13529411764705881,0.51169861202908129
Celeb-DF-v2,0.05,0.1,0.85,0.5,51,61,178,340,0.28651685393258425,0.17941176470588235,0.46592861863846657
Celeb-DF-v2,0.05,0.1,0.85,0.55,42,75,178,340,0.23595505617977527,0.22058823529411764,0.45654329147389294
Celeb-DF-v2,0.05,0.1,0.85,0.6,32,96,178,340,0.1797752808988764,0.28235294117647058,0.46212822207534698
Celeb-DF-v2,0.05,0.1,0.85,0.65,20,115,178,340,0.11235955056179775,0.33823529411764708,0.45059484467944483
Celeb-DF-v2,0.05,0.1,0.85,0.7,11,144,178,340,0.061797752808988762,0.42352941176470588,0.48532716457369462
Celeb-DF-v2,0.05,0.1,0.85,0.75,7,174,178,340,0.039325842696629212,0.5117647058823529,0.5510905485789821
Celeb-DF-v2,0.05,0.1,0.85,0.8,2,203,178,340,0.011235955056179775,0.59705882352941175,0.60829477858559156
Celeb-DF-v2,0.05,0.1,0.85,0.85,0,237,178,340,0,0.69705882352941173,0.69705882352941173
Celeb-DF-v2,0.05,0.1,0.85,0.9,0,276,178,340,0,0.81176470588235294,0.81176470588235294
Celeb-DF-v2,0.05,0.1,0.85,0.95,0,316,178,340,0,0.92941176470588238,0.92941176470588238
Celeb-DF-v2,0.05,0.1,0.85,1,0,340,178,340,0,1,1
Celeb-DF-v2,0.05,0.15,0.8,0,178,0,178,340,1,0,1
Celeb-DF-v2,0.05,0.15,0.8,0.05,174,0,178,340,0.97752808988764039,0,0.97752808988764039
Celeb-DF-v2,0.05,0.15,0.8,0.1,166,0,178,340,0.93258426966292129,0,0.93258426966292129
Celeb-DF-v2,0.05,0.15,0.8,0.15,145,1,178,340,0.8146067415730337,0.0029411764705882353,0.81754791804362192
Celeb-DF-v2,0.05,0.15,0.8,0.2,133,5,178,340,0.7471910112359551,0.014705882352941176,0.76189689358889623
Celeb-DF-v2,0.05,0.15,0.8,0.25,117,6,178,340,0.65730337078651691,0.017647058823529412,0.67495042961004637
Celeb-DF-v2,0.05,0.15,0.8,0.3,101,12,178,340,0.56741573033707871,0.035294117647058823,0.60270984798413751
Celeb-DF-v2,0.05,0.15,0.8,0.35,85,22,178,340,0.47752808988764045,0.064705882352941183,0.54223397224058167
Celeb-DF-v2,0.05,0.15,0.8,0.4,78,33,178,340,0.43820224719101125,0.097058823529411767,0.53526107072042306
Celeb-DF-v2,0.05,0.15,0.8,0.45,65,45,178,340,0.3651685393258427,0.13235294117647059,0.49752148050231326
Celeb-DF-v2,0.05,0.15,0.8,0.5,48,64,178,340,0.2696629213483146,0.18823529411764706,0.45789821546596166
Celeb-DF-v2,0.05,0.15,0.8,0.55,36,76,178,340,0.20224719101123595,0.22352941176470589,0.42577660277594187
Celeb-DF-v2,0.05,0.15,0.8,0.6,26,96,178,340,0.14606741573033707,0.28235294117647058,0.42842035690680769
Celeb-DF-v2,0.05,0.15,0.8,0.65,19,121,178,340,0.10674157303370786,0.35588235294117648,0.46262392597488433
Celeb-DF-v2,0.05,0.15,0.8,0.7,9,147,178,340,0.050561797752808987,0.43235294117647061,0.48291473892927961
Celeb-DF-v2,0.05,0.15,0.8,0.75,4,179,178,340,0.02247191011235955,0.52647058823529413,0.54894249834765363
Celeb-DF-v2,0.05,0.15,0.8,0.8,1,211,178,340,0.0056179775280898875,0.62058823529411766,0.62620621282220756
Celeb-DF-v2,0.05,0.15,0.8,0.85,0,247,178,340,0,0.72647058823529409,0.72647058823529409
Celeb-DF-v2,0.05,0.15,0.8,0.9,0,289,178,340,0,0.84999999999999998,0.84999999999999998
Celeb-DF-v2,0.05,0.15,0.8,0.95,0,316,178,340,0,0.92941176470588238,0.92941176470588238
Celeb-DF-v2,0.05,0.15,0.8,1,0,340,178,340,0,1,1
Celeb-DF-v2,0.05,0.2,0.75,0,178,0,178,340,1,0,1
Celeb-DF-v2,0.05,0.2,0.75,0.05,174,0,178,340,0.97752808988764039,0,0.97752808988764039
Celeb-DF-v2,0.05,0.2,0.75,0.1,167,0,178,340,0.9382022471910112,0,0.9382022471910112
Celeb-DF-v2,0.05,0.2,0.75,0.15,143,1,178,340,0.8033707865168539,0.0029411764705882353,0.80631196298744212
Celeb-DF-v2,0.05,0.2,0.75,0.2,131,5,178,340,0.7359550561797753,0.014705882352941176,0.75066093853271643
Celeb-DF-v2,0.05,0.2,0.75,0.25,118,7,178,340,0.6629213483146067,0.020588235294117647,0.68350958360872438
Celeb-DF-v2,0.05,0.2,0.75,0.3,98,12,178,340,0.550561797752809,0.035294117647058823,0.58585591539986781
Celeb-DF-v2,0.05,0.2,0.75,0.35,86,24,178,340,0.48314606741573035,0.070588235294117646,0.55373430270984803
Celeb-DF-v2,0.05,0.2,0.75,0.4,76,33,178,340,0.42696629213483145,0.097058823529411767,0.52402511566424326
Celeb-DF-v2,0.05,0.2,0.75,0.45,60,43,178,340,0.33707865168539325,0.12647058823529411,0.46354923992068736
Celeb-DF-v2,0.05,0.2,0.75,0.5,44,63,178,340,0.24719101123595505,0.18529411764705883,0.43248512888301388
Celeb-DF-v2,0.05,0.2,0.75,0.55,34,80,178,340,0.19101123595505617,0.23529411764705882,0.42630535360211497
Celeb-DF-v2,0.05,0.2,0.75,0.6,25,99,178,340,0.1404494382022472,0.29117647058823531,0.43162590879048252
Celeb-DF-v2,0.05,0.2,0.75,0.65,14,129,178,340,0.078651685393258425,0.37941176470588234,0.45806345009914073
Celeb-DF-v2,0.05,0.2,0.75,0.7,7,150,178,340,0.039325842696629212,0.44117647058823528,0.48050231328486448
Celeb-DF-v2,0.05,0.2,0.75,0.75,3,189,178,340,0.016853932584269662,0.55588235294117649,0.5727362855254462
Celeb-DF-v2,0.05,0.2,0.75,0.8,0,225,178,340,0,0.66176470588235292,0.66176470588235292
Celeb-DF-v2,0.05,0.2,0.75,0.85,0,260,178,340,0,0.76470588235294112,0.76470588235294112
Celeb-DF-v2,0.05,0.2,0.75,0.9,0,292,178,340,0,0.85882352941176465,0.85882352941176465
Celeb-DF-v2,0.05,0.2,0.75,0.95,0,322,178,340,0,0.94705882352941173,0.94705882352941173
Celeb-DF-v2,0.05,0.2,0.75,1,0,340,178,340,0,1,1
Celeb-DF-v2,0.05,0.25,0.7,0,178,0,178,340,1,0,1
Celeb-DF-v2,0.05,0.25,0.7,0.05,174,0,178,340,0.97752808988764039,0,0.97752808988764039
Celeb-DF-v2,0.05,0.25,0.7,0.1,170,0,178,340,0.9550561797752809,0,0.9550561797752809
Celeb-DF-v2,0.05,0.25,0.7,0.15,145,1,178,340,0.8146067415730337,0.0029411764705882353,0.81754791804362192
Celeb-DF-v2,0.05,0.25,0.7,0.2,130,5,178,340,0.7303370786516854,0.014705882352941176,0.74504296100462652
Celeb-DF-v2,0.05,0.25,0.7,0.25,119,7,178,340,0.6685393258426966,0.020588235294117647,0.68912756113681428
Celeb-DF-v2,0.05,0.25,0.7,0.3,95,13,178,340,0.5337078651685393,0.038235294117647062,0.57194315928618633
Celeb-DF-v2,0.05,0.25,0.7,0.35,84,25,178,340,0.47191011235955055,0.073529411764705885,0.54543952412425645
Celeb-DF-v2,0.05,0.25,0.7,0.4,75,32,178,340,0.42134831460674155,0.094117647058823528,0.51546596166556502
Celeb-DF-v2,0.05,0.25,0.7,0.45,56,44,178,340,0.3146067415730337,0.12941176470588237,0.44401850627891604
Celeb-DF-v2,0.05,0.25,0.7,0.5,40,65,178,340,0.2247191011235955,0.19117647058823528,0.41589557171183078
Celeb-DF-v2,0.05,0.25,0.7,0.55,31,81,178,340,0.17415730337078653,0.23823529411764705,0.4123925974884336
Celeb-DF-v2,0.05,0.25,0.7,0.6,18,101,178,340,0.10112359550561797,0.29705882352941176,0.39818241903502971
Celeb-DF-v2,0.05,0.25,0.7,0.65,11,134,178,340,0.061797752808988762,0.39411764705882352,0.45591539986781227
Celeb-DF-v2,0.05,0.25,0.7,0.7,5,161,178,340,0.028089887640449437,0.47352941176470587,0.50161929940515526
Celeb-DF-v2,0.05,0.25,0.7,0.75,3,196,178,340,0.016853932584269662,0.57647058823529407,0.59332452081956377
Celeb-DF-v2,0.05,0.25,0.7,0.8,0,236,178,340,0,0.69411764705882351,0.69411764705882351
Celeb-DF-v2,0.05,0.25,0.7,0.85,0,268,178,340,0,0.78823529411764703,0.78823529411764703
Celeb-DF-v2,0.05,0.25,0.7,0.9,0,294,178,340,0,0.86470588235294121,0.86470588235294121
Celeb-DF-v2,0.05,0.25,0.7,0.95,0,322,178,340,0,0.94705882352941173,0.94705882352941173
Celeb-DF-v2,0.05,0.25,0.7,1,0,340,178,340,0,1,1
Celeb-DF-v2,0.05,0.3,0.65,0,178,0,178,340,1,0,1
Celeb-DF-v2,0.05,0.3,0.65,0.05,174,0,178,340,0.97752808988764039,0,0.97752808988764039
Celeb-DF-v2,0.05,0.3,0.65,0.1,168,0,178,340,0.9438202247191011,0,0.9438202247191011
Celeb-DF-v2,0.05,0.3,0.65,0.15,143,0,178,340,0.8033707865168539,0,0.8033707865168539
Celeb-DF-v2,0.05,0.3,0.65,0.2,131,5,178,340,0.7359550561797753,0.014705882352941176,0.75066093853271643
Celeb-DF-v2,0.05,0.3,0.65,0.25,115,7,178,340,0.6460674157303371,0.020588235294117647,0.66665565102445479
Celeb-DF-v2,0.05,0.3,0.65,0.3,96,12,178,340,0.5393258426966292,0.035294117647058823,0.57461996034368801
Celeb-DF-v2,0.05,0.3,0.65,0.35,84,23,178,340,0.47191011235955055,0.067647058823529407,0.53955717118308
Celeb-DF-v2,0.05,0.3,0.65,0.4,71,34,178,340,0.398876404494382,0.10000000000000001,0.49887640449438198
Celeb-DF-v2,0.05,0.3,0.65,0.45,50,47,178,340,0.2808988764044944,0.13823529411764707,0.41913417052214147
Celeb-DF-v2,0.05,0.3,0.65,0.5,38,62,178,340,0.21348314606741572,0.18235294117647058,0.3958360872438863
Celeb-DF-v2,0.05,0.3,0.65,0.55,27,86,178,340,0.15168539325842698,0.25294117647058822,0.40462656972901523
Celeb-DF-v2,0.05,0.3,0.65,0.6,15,107,178,340,0.084269662921348312,0.31470588235294117,0.39897554527428947
Celeb-DF-v2,0.05,0.3,0.65,0.65,8,137,178,340,0.0449438202247191,0.40294117647058825,0.44788499669530735
Celeb-DF-v2,0.05,0.3,0.65,0.7,5,173,178,340,0.028089887640449437,0.50882352941176467,0.53691341705221407
Celeb-DF-v2,0.05,0.3,0.65,0.75,2,205,178,340,0.011235955056179775,0.6029411764705882,0.61417713152676801
Celeb-DF-v2,0.05,0.3,0.65,0.8,0,240,178,340,0,0.70588235294117652,0.70588235294117652
Celeb-DF-v2,0.05,0.3,0.65,0.85,0,273,178,340,0,0.80294117647058827,0.80294117647058827
Celeb-DF-v2,0.05,0.3,0.65,0.9,0,299,178,340,0,0.87941176470588234,0.87941176470588234
Celeb-DF-v2,0.05,0.3,0.65,0.95,0,323,178,340,0,0.94999999999999996,0.94999999999999996
Celeb-DF-v2,0.05,0.3,0.65,1,0,340,178,340,0,1,1
Celeb-DF-v2,0.05,0.35,0.6,0,178,0,178,340,1,0,1
Celeb-DF-v2,0.05,0.35,0.6,0.05,175,0,178,340,0.9831460674157303,0,0.9831460674157303
Celeb-DF-v2,0.05,0.35,0.6,0.1,169,0,178,340,0.949438202247191,0,0.949438202247191
Celeb-DF-v2,0.05,0.35,0.6,0.15,142,0,178,340,0.797752808988764,0,0.797752808988764
Celeb-DF-v2,0.05,0.35,0.6,0.2,129,5,178,340,0.7247191011235955,0.014705882352941176,0.73942498347653662
Celeb-DF-v2,0.05,0.35,0.6,0.25,112,8,178,340,0.6292134831460674,0.023529411764705882,0.65274289491077331
Celeb-DF-v2,0.05,0.35,0.6,0.3,95,14,178,340,0.5337078651685393,0.041176470588235294,0.57488433575677456
Celeb-DF-v2,0.05,0.35,0.6,0.35,81,23,178,340,0.4550561797752809,0.067647058823529407,0.52270323859881029
Celeb-DF-v2,0.05,0.35,0.6,0.4,68,37,178,340,0.38202247191011235,0.10882352941176471,0.49084600132187706
Celeb-DF-v2,0.05,0.35,0.6,0.45,46,49,178,340,0.25842696629213485,0.14411764705882352,0.40254461335095837
Celeb-DF-v2,0.05,0.35,0.6,0.5,36,69,178,340,0.20224719101123595,0.20294117647058824,0.40518836748182419
Celeb-DF-v2,0.05,0.35,0.6,0.55,22,92,178,340,0.12359550561797752,0.27058823529411763,0.39418374091209518
Celeb-DF-v2,0.05,0.35,0.6,0.6,13,115,178,340,0.073033707865168537,0.33823529411764708,0.41126900198281563
Celeb-DF-v2,0.05,0.35,0.6,0.65,7,142,178,340,0.039325842696629212,0.41764705882352943,0.45697290152015863
Celeb-DF-v2,0.05,0.35,0.6,0.7,6,184,178,340,0.033707865168539325,0.54117647058823526,0.57488433575677456
Celeb-DF-v2,0.05,0.35,0.6,0.75,3,211,178,340,0.016853932584269662,0.62058823529411766,0.63744216787838737
Celeb-DF-v2,0.05,0.35,0.6,0.8,0,244,178,340,0,0.71764705882352942,0.71764705882352942
Celeb-DF-v2,0.05,0.35,0.6,0.85,0,274,178,340,0,0.80588235294117649,0.80588235294117649
Celeb-DF-v2,0.05,0.35,0.6,0.9,0,301,178,340,0,0.88529411764705879,0.88529411764705879
Celeb-DF-v2,0.05,0.35,0.6,0.95,0,324,178,340,0,0.95294117647058818,0.95294117647058818
Celeb-DF-v2,0.05,0.35,0.6,1,0,340,178,340,0,1,1
Celeb-DF-v2,0.05,0.4,0.55,0,178,0,178,340,1,0,1
Celeb-DF-v2,0.05,0.4,0.55,0.05,175,0,178,340,0.9831460674157303,0,0.9831460674157303
Celeb-DF-v2,0.05,0.4,0.55,0.1,168,0,178,340,0.9438202247191011,0,0.9438202247191011
Celeb-DF-v2,0.05,0.4,0.55,0.15,142,0,178,340,0.797752808988764,0,0.797752808988764
Celeb-DF-v2,0.05,0.4,0.55,0.2,129,6,178,340,0.7247191011235955,0.017647058823529412,0.74236615994712496
Celeb-DF-v2,0.05,0.4,0.55,0.25,109,8,178,340,0.61235955056179781,0.023529411764705882,0.63588896232650371
Celeb-DF-v2,0.05,0.4,0.55,0.3,96,16,178,340,0.5393258426966292,0.047058823529411764,0.58638466622604102
Celeb-DF-v2,0.05,0.4,0.55,0.35,77,24,178,340,0.43258426966292135,0.070588235294117646,0.50317250495703902
Celeb-DF-v2,0.05,0.4,0.55,0.4,59,34,178,340,0.33146067415730335,0.10000000000000001,0.43146067415730338
Celeb-DF-v2,0.05,0.4,0.55,0.45,44,51,178,340,0.24719101123595505,0.14999999999999999,0.39719101123595502
Celeb-DF-v2,0.05,0.4,0.55,0.5,29,69,178,340,0.16292134831460675,0.20294117647058824,0.36586252478519499
Celeb-DF-v2,0.05,0.4,0.55,0.55,18,97,178,340,0.10112359550561797,0.28529411764705881,0.38641771315267681
Celeb-DF-v2,0.05,0.4,0.55,0.6,9,124,178,340,0.050561797752808987,0.36470588235294116,0.41526768010575016
Celeb-DF-v2,0.05,0.4,0.55,0.65,7,149,178,340,0.039325842696629212,0.43823529411764706,0.47756113681427625
Celeb-DF-v2,0.05,0.4,0.55,0.7,5,187,178,340,0.028089887640449437,0.55000000000000004,0.57808988764044944
Celeb-DF-v2,0.05,0.4,0.55,0.75,3,218,178,340,0.016853932584269662,0.64117647058823535,0.65803040317250505
Celeb-DF-v2,0.05,0.4,0.55,0.8,0,249,178,340,0,0.73235294117647054,0.73235294117647054
Celeb-DF-v2,0.05,0.4,0.55,0.85,0,276,178,340,0,0.81176470588235294,0.81176470588235294
Celeb-DF-v2,0.05,0.4,0.55,0.9,0,301,178,340,0,0.88529411764705879,0.88529411764705879
Celeb-DF-v2,0.05,0.4,0.55,0.95,0,324,178,340,0,0.95294117647058818,0.95294117647058818
Celeb-DF-v2,0.05,0.4,0.55,1,0,340,178,340,0,1,1
Celeb-DF-v2,0.05,0.45,0.5,0,178,0,178,340,1,0,1
Celeb-DF-v2,0.05,0.45,0.5,0.05,175,0,178,340,0.9831460674157303,0,0.9831460674157303
Celeb-DF-v2,0.05,0.45,0.5,0.1,166,0,178,340,0.93258426966292129,0,0.93258426966292129
Celeb-DF-v2,0.05,0.45,0.5,0.15,141,0,178,340,0.7921348314606742,0,0.7921348314606742
Celeb-DF-v2,0.05,0.45,0.5,0.2,126,6,178,340,0.7078651685393258,0.017647058823529412,0.72551222736285526
Celeb-DF-v2,0.05,0.45,0.5,0.25,106,9,178,340,0.5955056179775281,0.026470588235294117,0.62197620621282224
Celeb-DF-v2,0.05,0.45,0.5,0.3,95,17,178,340,0.5337078651685393,0.050000000000000003,0.58370786516853934
Celeb-DF-v2,0.05,0.45,0.5,0.35,70,27,178,340,0.39325842696629215,0.079411764705882348,0.4726701916721745
Celeb-DF-v2,0.05,0.45,0.5,0.4,53,35,178,340,0.29775280898876405,0.10294117647058823,0.40069398545935231
Celeb-DF-v2,0.05,0.45,0.5,0.45,42,57,178,340,0.23595505617977527,0.1676470588235294,0.40360211500330467
Celeb-DF-v2,0.05,0.45,0.5,0.5,26,77,178,340,0.14606741573033707,0.22647058823529412,0.37253800396563119
Celeb-DF-v2,0.05,0.45,0.5,0.55,17,106,178,340,0.095505617977528087,0.31176470588235294,0.40727032385988104
Celeb-DF-v2,0.05,0.45,0.5,0.6,9,129,178,340,0.050561797752808987,0.37941176470588234,0.42997356245869134
Celeb-DF-v2,0.05,0.45,0.5,0.65,7,161,178,340,0.039325842696629212,0.47352941176470587,0.51285525446133506
Celeb-DF-v2,0.05,0.45,0.5,0.7,5,191,178,340,0.028089887640449437,0.56176470588235294,0.58985459352280234
Celeb-DF-v2,0.05,0.45,0.5,0.75,3,222,178,340,0.016853932584269662,0.65294117647058825,0.66979510905485795
Celeb-DF-v2,0.05,0.45,0.5,0.8,1,250,178,340,0.0056179775280898875,0.73529411764705888,0.74091209517514878
Celeb-DF-v2,0.05,0.45,0.5,0.85,0,278,178,340,0,0.81764705882352939,0.81764705882352939
Celeb-DF-v2,0.05,0.45,0.5,0.9,0,301,178,340,0,0.88529411764705879,0.88529411764705879
Celeb-DF-v2,0.05,0.45,0.5,0.95,0,324,178,340,0,0.95294117647058818,0.95294117647058818
Celeb-DF-v2,0.05,0.45,0.5,1,0,340,178,340,0,1,1
Celeb-DF-v2,0.05,0.5,0.45,0,178,0,178,340,1,0,1
Celeb-DF-v2,0.05,0.5,0.45,0.05,175,0,178,340,0.9831460674157303,0,0.9831460674157303
Celeb-DF-v2,0.05,0.5,0.45,0.1,163,0,178,340,0.9157303370786517,0,0.9157303370786517
Celeb-DF-v2,0.05,0.5,0.45,0.15,136,0,178,340,0.7640449438202247,0,0.7640449438202247
Celeb-DF-v2,0.05,0.5,0.45,0.2,122,5,178,340,0.6853932584269663,0.014705882352941176,0.70009914077990743
Celeb-DF-v2,0.05,0.5,0.45,0.25,106,10,178,340,0.5955056179775281,0.029411764705882353,0.62491738268341046
Celeb-DF-v2,0.05,0.5,0.45,0.3,92,16,178,340,0.5168539325842697,0.047058823529411764,0.56391275611368141
Celeb-DF-v2,0.05,0.5,0.45,0.35,64,30,178,340,0.3595505617977528,0.088235294117647065,0.44778585591539988
Celeb-DF-v2,0.05,0.5,0.45,0.4,51,39,178,340,0.28651685393258425,0.11470588235294117,0.40122273628552541
Celeb-DF-v2,0.05,0.5,0.45,0.45,35,61,178,340,0.19662921348314608,0.17941176470588235,0.37604097818902843
Celeb-DF-v2,0.05,0.5,0.45,0.5,25,86,178,340,0.1404494382022472,0.25294117647058822,0.39339061467283543
Celeb-DF-v2,0.05,0.5,0.45,0.55,16,108,178,340,0.0898876404494382,0.31764705882352939,0.40753469927296759
Celeb-DF-v2,0.05,0.5,0.45,0.6,9,139,178,340,0.050561797752808987,0.4088235294117647,0.4593853271645737
Celeb-DF-v2,0.05,0.5,0.45,0.65,6,163,178,340,0.033707865168539325,0.47941176470588237,0.51311962987442172
Celeb-DF-v2,0.05,0.5,0.45,0.7,5,188,178,340,0.028089887640449437,0.55294117647058827,0.58103106411103767
Celeb-DF-v2,0.05,0.5,0.45,0.75,4,225,178,340,0.02247191011235955,0.66176470588235292,0.68423661599471242
Celeb-DF-v2,0.05,0.5,0.45,0.8,1,251,178,340,0.0056179775280898875,0.7382352941176471,0.743853271645737
Celeb-DF-v2,0.05,0.5,0.45,0.85,0,278,178,340,0,0.81764705882352939,0.81764705882352939
Celeb-DF-v2,0.05,0.5,0.45,0.9,0,300,178,340,0,0.88235294117647056,0.88235294117647056
Celeb-DF-v2,0.05,0.5,0.45,0.95,0,325,178,340,0,0.95588235294117652,0.95588235294117652
Celeb-DF-v2,0.05,0.5,0.45,1,0,340,178,340,0,1,1
Celeb-DF-v2,0.05,0.55,0.4,0,178,0,178,340,1,0,1
Celeb-DF-v2,0.05,0.55,0.4,0.05,175,0,178,340,0.9831460674157303,0,0.9831460674157303
Celeb-DF-v2,0.05,0.55,0.4,0.1,160,0,178,340,0.898876404494382,0,0.898876404494382
Celeb-DF-v2,0.05,0.55,0.4,0.15,134,2,178,340,0.7528089887640449,0.0058823529411764705,0.75869134170522134
Celeb-DF-v2,0.05,0.55,0.4,0.2,120,4,178,340,0.6741573033707865,0.011764705882352941,0.6859220092531394
Celeb-DF-v2,0.05,0.55,0.4,0.25,106,9,178,340,0.5955056179775281,0.026470588235294117,0.62197620621282224
Celeb-DF-v2,0.05,0.55,0.4,0.3,86,19,178,340,0.48314606741573035,0.055882352941176473,0.53902842035690679
Celeb-DF-v2,0.05,0.55,0.4,0.35,60,33,178,340,0.33707865168539325,0.097058823529411767,0.434137475214805
Celeb-DF-v2,0.05,0.55,0.4,0.4,49,44,178,340,0.2752808988764045,0.12941176470588237,0.40469266358228684
Celeb-DF-v2,0.05,0.55,0.4,0.45,33,71,178,340,0.1853932584269663,0.20882352941176471,0.39421678783873104
Celeb-DF-v2,0.05,0.55,0.4,0.5,23,96,178,340,0.12921348314606743,0.28235294117647058,0.41156642432253798
Celeb-DF-v2,0.05,0.55,0.4,0.55,14,119,178,340,0.078651685393258425,0.34999999999999998,0.42865168539325837
Celeb-DF-v2,0.05,0.55,0.4,0.6,11,144,178,340,0.061797752808988762,0.42352941176470588,0.48532716457369462
Celeb-DF-v2,0.05,0.55,0.4,0.65,6,168,178,340,0.033707865168539325,0.49411764705882355,0.52782551222736285
Celeb-DF-v2,0.05,0.55,0.4,0.7,5,196,178,340,0.028089887640449437,0.57647058823529407,0.60456047587574346
Celeb-DF-v2,0.05,0.55,0.4,0.75,5,229,178,340,0.028089887640449437,0.67352941176470593,0.70161929940515533
Celeb-DF-v2,0.05,0.55,0.4,0.8,2,254,178,340,0.011235955056179775,0.74705882352941178,0.75829477858559158
Celeb-DF-v2,0.05,0.55,0.4,0.85,0,281,178,340,0,0.82647058823529407,0.82647058823529407
Celeb-DF-v2,0.05,0.55,0.4,0.9,0,300,178,340,0,0.88235294117647056,0.88235294117647056
Celeb-DF-v2,0.05,0.55,0.4,0.95,0,327,178,340,0,0.96176470588235297,0.96176470588235297
Celeb-DF-v2,0.05,0.55,0.4,1,0,340,178,340,0,1,1
Celeb-DF-v2,0.05,0.6,0.35,0,178,0,178,340,1,0,1
Celeb-DF-v2,0.05,0.6,0.35,0.05,174,0,178,340,0.97752808988764039,0,0.97752808988764039
Celeb-DF-v2,0.05,0.6,0.35,0.1,160,0,178,340,0.898876404494382,0,0.898876404494382
Celeb-DF-v2,0.05,0.6,0.35,0.15,130,2,178,340,0.7303370786516854,0.0058823529411764705,0.73621943159286185
Celeb-DF-v2,0.05,0.6,0.35,0.2,115,5,178,340,0.6460674157303371,0.014705882352941176,0.66077329808327823
Celeb-DF-v2,0.05,0.6,0.35,0.25,101,10,178,340,0.56741573033707871,0.029411764705882353,0.59682749504296106
Celeb-DF-v2,0.05,0.6,0.35,0.3,76,21,178,340,0.42696629213483145,0.061764705882352944,0.48873099801718439
Celeb-DF-v2,0.05,0.6,0.35,0.35,62,35,178,340,0.34831460674157305,0.10294117647058823,0.45125578321216131
Celeb-DF-v2,0.05,0.6,0.35,0.4,42,53,178,340,0.23595505617977527,0.15588235294117647,0.39183740912095177
Celeb-DF-v2,0.05,0.6,0.35,0.45,32,79,178,340,0.1797752808988764,0.2323529411764706,0.41212822207534699
Celeb-DF-v2,0.05,0.6,0.35,0.5,21,103,178,340,0.11797752808988764,0.30294117647058821,0.42091870456047586
Celeb-DF-v2,0.05,0.6,0.35,0.55,14,128,178,340,0.078651685393258425,0.37647058823529411,0.45512227362855251
Celeb-DF-v2,0.05,0.6,0.35,0.6,10,148,178,340,0.056179775280898875,0.43529411764705883,0.49147389292795773
Celeb-DF-v2,0.05,0.6,0.35,0.65,7,166,178,340,0.039325842696629212,0.48823529411764705,0.5275611368142763
Celeb-DF-v2,0.05,0.6,0.35,0.7,5,202,178,340,0.028089887640449437,0.59411764705882353,0.62220753469927292
Celeb-DF-v2,0.05,0.6,0.35,0.75,5,229,178,340,0.028089887640449437,0.67352941176470593,0.70161929940515533
Celeb-DF-v2,0.05,0.6,0.35,0.8,2,252,178,340,0.011235955056179775,0.74117647058823533,0.75241242564441513
Celeb-DF-v2,0.05,0.6,0.35,0.85,0,282,178,340,0,0.8294117647058824,0.8294117647058824
Celeb-DF-v2,0.05,0.6,0.35,0.9,0,301,178,340,0,0.88529411764705879,0.88529411764705879
Celeb-DF-v2,0.05,0.6,0.35,0.95,0,328,178,340,0,0.96470588235294119,0.96470588235294119
Celeb-DF-v2,0.05,0.6,0.35,1,0,340,178,340,0,1,1
Celeb-DF-v2,0.05,0.65,0.3,0,178,0,178,340,1,0,1
Celeb-DF-v2,0.05,0.65,0.3,0.05,174,0,178,340,0.97752808988764039,0,0.97752808988764039
Celeb-DF-v2,0.05,0.65,0.3,0.1,157,0,178,340,0.8820224719101124,0,0.8820224719101124
Celeb-DF-v2,0.05,0.65,0.3,0.15,125,2,178,340,0.702247191011236,0.0058823529411764705,0.70812954395241245
Celeb-DF-v2,0.05,0.65,0.3,0.2,110,6,178,340,0.6179775280898876,0.017647058823529412,0.63562458691341706
Celeb-DF-v2,0.05,0.65,0.3,0.25,94,13,178,340,0.5280898876404494,0.038235294117647062,0.56632518175809643
Celeb-DF-v2,0.05,0.65,0.3,0.3,72,27,178,340,0.4044943820224719,0.079411764705882348,0.48390614672835425
Celeb-DF-v2,0.05,0.65,0.3,0.35,59,40,178,340,0.33146067415730335,0.11764705882352941,0.44910773298083273
Celeb-DF-v2,0.05,0.65,0.3,0.4,40,65,178,340,0.2247191011235955,0.19117647058823528,0.41589557171183078
Celeb-DF-v2,0.05,0.65,0.3,0.45,31,82,178,340,0.17415730337078653,0.2411764705882353,0.41533377395902182
Celeb-DF-v2,0.05,0.65,0.3,0.5,21,110,178,340,0.11797752808988764,0.3235294117647059,0.44150693985459355
Celeb-DF-v2,0.05,0.65,0.3,0.55,13,131,178,340,0.073033707865168537,0.38529411764705884,0.45832782551222739
Celeb-DF-v2,0.05,0.65,0.3,0.6,11,154,178,340,0.061797752808988762,0.45294117647058824,0.51473892927957698
Celeb-DF-v2,0.05,0.65,0.3,0.65,7,172,178,340,0.039325842696629212,0.50588235294117645,0.54520819563780565
Celeb-DF-v2,0.05,0.65,0.3,0.7,5,206,178,340,0.028089887640449437,0.60588235294117643,0.63397224058162582
Celeb-DF-v2,0.05,0.65,0.3,0.75,5,228,178,340,0.028089887640449437,0.6705882352941176,0.69867812293456699
Celeb-DF-v2,0.05,0.65,0.3,0.8,3,249,178,340,0.016853932584269662,0.73235294117647054,0.74920687376074024
Celeb-DF-v2,0.05,0.65,0.3,0.85,0,281,178,340,0,0.82647058823529407,0.82647058823529407
Celeb-DF-v2,0.05,0.65,0.3,0.9,0,303,178,340,0,0.89117647058823535,0.89117647058823535
Celeb-DF-v2,0.05,0.65,0.3,0.95,0,326,178,340,0,0.95882352941176474,0.95882352941176474
Celeb-DF-v2,0.05,0.65,0.3,1,0,340,178,340,0,1,1
Celeb-DF-v2,0.05,0.7,0.25,0,178,0,178,340,1,0,1
Celeb-DF-v2,0.05,0.7,0.25,0.05,173,0,178,340,0.9719101123595506,0,0.9719101123595506
Celeb-DF-v2,0.05,0.7,0.25,0.1,153,0,178,340,0.8595505617977528,0,0.8595505617977528
Celeb-DF-v2,0.05,0.7,0.25,0.15,122,2,178,340,0.6853932584269663,0.0058823529411764705,0.69127561136814275
Celeb-DF-v2,0.05,0.7,0.25,0.2,107,7,178,340,0.601123595505618,0.020588235294117647,0.62171183079973569
Celeb-DF-v2,0.05,0.7,0.25,0.25,83,16,178,340,0.46629213483146065,0.047058823529411764,0.51335095836087241
Celeb-DF-v2,0.05,0.7,0.25,0.3,69,29,178,340,0.38764044943820225,0.085294117647058826,0.47293456708526105
Celeb-DF-v2,0.05,0.7,0.25,0.35,57,53,178,340,0.3202247191011236,0.15588235294117647,0.47610707204230007
Celeb-DF-v2,0.05,0.7,0.25,0.4,40,70,178,340,0.2247191011235955,0.20588235294117646,0.43060145406477196
Celeb-DF-v2,0.05,0.7,0.25,0.45,28,90,178,340,0.15730337078651685,0.26470588235294118,0.42200925313945803
Celeb-DF-v2,0.05,0.7,0.25,0.5,19,119,178,340,0.10674157303370786,0.34999999999999998,0.45674157303370783
Celeb-DF-v2,0.05,0.7,0.25,0.55,12,135,178,340,0.06741573033707865,0.39705882352941174,0.46447455386649039
Celeb-DF-v2,0.05,0.7,0.25,0.6,12,156,178,340,0.06741573033707865,0.45882352941176469,0.52623925974884334
Celeb-DF-v2,0.05,0.7,0.25,0.65,9,177,178,340,0.050561797752808987,0.52058823529411768,0.57115003304692669
Celeb-DF-v2,0.05,0.7,0.25,0.7,5,207,178,340,0.028089887640449437,0.60882352941176465,0.63691341705221405
Celeb-DF-v2,0.05,0.7,0.25,0.75,5,230,178,340,0.028089887640449437,0.67647058823529416,0.70456047587574355
Celeb-DF-v2,0.05,0.7,0.25,0.8,3,250,178,340,0.016853932584269662,0.73529411764705888,0.75214805023132858
Celeb-DF-v2,0.05,0.7,0.25,0.85,1,280,178,340,0.0056179775280898875,0.82352941176470584,0.82914738929279574
Celeb-DF-v2,0.05,0.7,0.25,0.9,0,300,178,340,0,0.88235294117647056,0.88235294117647056
Celeb-DF-v2,0.05,0.7,0.25,0.95,0,324,178,340,0,0.95294117647058818,0.95294117647058818
Celeb-DF-v2,0.05,0.7,0.25,1,0,340,178,340,0,1,1
Celeb-DF-v2,0.05,0.75,0.2,0,178,0,178,340,1,0,1
Celeb-DF-v2,0.05,0.75,0.2,0.05,170,0,178,340,0.9550561797752809,0,0.9550561797752809
Celeb-DF-v2,0.05,0.75,0.2,0.1,146,1,178,340,0.8202247191011236,0.0029411764705882353,0.82316589557171183
Celeb-DF-v2,0.05,0.75,0.2,0.15,117,3,178,340,0.65730337078651691,0.0088235294117647058,0.66612690019828158
Celeb-DF-v2,0.05,0.75,0.2,0.2,101,10,178,340,0.56741573033707871,0.029411764705882353,0.59682749504296106
Celeb-DF-v2,0.05,0.75,0.2,0.25,80,20,178,340,0.449438202247191,0.058823529411764705,0.50826173165895572
Celeb-DF-v2,0.05,0.75,0.2,0.3,64,37,178,340,0.3595505617977528,0.10882352941176471,0.46837409120951751
Celeb-DF-v2,0.05,0.75,0.2,0.35,56,60,178,340,0.3146067415730337,0.17647058823529413,0.49107732980832786
Celeb-DF-v2,0.05,0.75,0.2,0.4,43,78,178,340,0.24157303370786518,0.22941176470588234,0.47098479841374752
Celeb-DF-v2,0.05,0.75,0.2,0.45,26,98,178,340,0.14606741573033707,0.28823529411764703,0.43430270984798414
Celeb-DF-v2,0.05,0.75,0.2,0.5,16,122,178,340,0.0898876404494382,0.35882352941176471,0.44871116986120291
Celeb-DF-v2,0.05,0.75,0.2,0.55,13,139,178,340,0.073033707865168537,0.4088235294117647,0.48185723727693325
Celeb-DF-v2,0.05,0.75,0.2,0.6,12,158,178,340,0.06741573033707865,0.46470588235294119,0.5321216126900199
Celeb-DF-v2,0.05,0.75,0.2,0.65,11,179,178,340,0.061797752808988762,0.52647058823529413,0.58826834104428294
Celeb-DF-v2,0.05,0.75,0.2,0.7,6,204,178,340,0.033707865168539325,0.59999999999999998,0.63370786516853927
Celeb-DF-v2,0.05,0.75,0.2,0.75,5,231,178,340,0.028089887640449437,0.67941176470588238,0.70750165234633178
Celeb-DF-v2,0.05,0.75,0.2,0.8,3,250,178,340,0.016853932584269662,0.73529411764705888,0.75214805023132858
Celeb-DF-v2,0.05,0.75,0.2,0.85,1,276,178,340,0.0056179775280898875,0.81176470588235294,0.81738268341044285
Celeb-DF-v2,0.05,0.75,0.2,0.9,0,302,178,340,0,0.88823529411764701,0.88823529411764701
Celeb-DF-v2,0.05,0.75,0.2,0.95,0,322,178,340,0,0.94705882352941173,0.94705882352941173
Celeb-DF-v2,0.05,0.75,0.2,1,0,340,178,340,0,1,1
Celeb-DF-v2,0.05,0.8,0.15,0,178,0,178,340,1,0,1
Celeb-DF-v2,0.05,0.8,0.15,0.05,169,0,178,340,0.949438202247191,0,0.949438202247191
Celeb-DF-v2,0.05,0.8,0.15,0.1,138,1,178,340,0.7752808988764045,0.0029411764705882353,0.77822207534699273
Celeb-DF-v2,0.05,0.8,0.15,0.15,108,7,178,340,0.6067415730337079,0.020588235294117647,0.62732980832782559
Celeb-DF-v2,0.05,0.8,0.15,0.2,89,14,178,340,0.5,0.041176470588235294,0.54117647058823526
Celeb-DF-v2,0.05,0.8,0.15,0.25,71,26,178,340,0.398876404494382,0.076470588235294124,0.47534699272967612
Celeb-DF-v2,0.05,0.8,0.15,0.3,62,50,178,340,0.34831460674157305,0.14705882352941177,0.49537343027098479
Celeb-DF-v2,0.05,0.8,0.15,0.35,56,65,178,340,0.3146067415730337,0.19117647058823528,0.50578321216126898
Celeb-DF-v2,0.05,0.8,0.15,0.4,44,84,178,340,0.24719101123595505,0.24705882352941178,0.49424983476536682
Celeb-DF-v2,0.05,0.8,0.15,0.45,25,104,178,340,0.1404494382022472,0.30588235294117649,0.4463317911434237
Celeb-DF-v2,0.05,0.8,0.15,0.5,17,123,178,340,0.095505617977528087,0.36176470588235293,0.45727032385988103
Celeb-DF-v2,0.05,0.8,0.15,0.55,13,142,178,340,0.073033707865168537,0.41764705882352943,0.49068076668869798
Celeb-DF-v2,0.05,0.8,0.15,0.6,12,163,178,340,0.06741573033707865,0.47941176470588237,0.54682749504296102
Celeb-DF-v2,0.05,0.8,0.15,0.65,11,184,178,340,0.061797752808988762,0.54117647058823526,0.60297422339722406
Celeb-DF-v2,0.05,0.8,0.15,0.7,7,205,178,340,0.039325842696629212,0.6029411764705882,0.6422670191672174
Celeb-DF-v2,0.05,0.8,0.15,0.75,5,230,178,340,0.028089887640449437,0.67647058823529416,0.70456047587574355
Celeb-DF-v2,0.05,0.8,0.15,0.8,3,250,178,340,0.016853932584269662,0.73529411764705888,0.75214805023132858
Celeb-DF-v2,0.05,0.8,0.15,0.85,2,273,178,340,0.011235955056179775,0.80294117647058827,0.81417713152676807
Celeb-DF-v2,0.05,0.8,0.15,0.9,0,297,178,340,0,0.87352941176470589,0.87352941176470589
Celeb-DF-v2,0.05,0.8,0.15,0.95,0,322,178,340,0,0.94705882352941173,0.94705882352941173
Celeb-DF-v2,0.05,0.8,0.15,1,0,340,178,340,0,1,1
Celeb-DF-v2,0.05,0.85,0.1,0,178,0,178,340,1,0,1
Celeb-DF-v2,0.05,0.85,0.1,0.05,167,0,178,340,0.9382022471910112,0,0.9382022471910112
Celeb-DF-v2,0.05,0.85,0.1,0.1,127,2,178,340,0.7134831460674157,0.0058823529411764705,0.71936549900859215
Celeb-DF-v2,0.05,0.85,0.1,0.15,104,10,178,340,0.5842696629213483,0.029411764705882353,0.61368142762723066
Celeb-DF-v2,0.05,0.85,0.1,0.2,84,20,178,340,0.47191011235955055,0.058823529411764705,0.53073364177131521
Celeb-DF-v2,0.05,0.85,0.1,0.25,70,39,178,340,0.39325842696629215,0.11470588235294117,0.50796430931923331
Celeb-DF-v2,0.05,0.85,0.1,0.3,63,53,178,340,0.3539325842696629,0.15588235294117647,0.50981493721083937
Celeb-DF-v2,0.05,0.85,0.1,0.35,56,74,178,340,0.3146067415730337,0.21764705882352942,0.53225380039656311
Celeb-DF-v2,0.05,0.85,0.1,0.4,42,94,178,340,0.23595505617977527,0.27647058823529413,0.51242564441506944
Celeb-DF-v2,0.05,0.85,0.1,0.45,24,109,178,340,0.1348314606741573,0.32058823529411767,0.45541969596827497
Celeb-DF-v2,0.05,0.85,0.1,0.5,18,127,178,340,0.10112359550561797,0.37352941176470589,0.47465300727032389
Celeb-DF-v2,0.05,0.85,0.1,0.55,13,148,178,340,0.073033707865168537,0.43529411764705883,0.50832782551222733
Celeb-DF-v2,0.05,0.85,0.1,0.6,12,167,178,340,0.06741573033707865,0.49117647058823527,0.55859220092531392
Celeb-DF-v2,0.05,0.85,0.1,0.65,12,188,178,340,0.06741573033707865,0.55294117647058827,0.62035690680766686
Celeb-DF-v2,0.05,0.85,0.1,0.7,8,208,178,340,0.0449438202247191,0.61176470588235299,0.65670852610707209
Celeb-DF-v2,0.05,0.85,0.1,0.75,5,230,178,340,0.028089887640449437,0.67647058823529416,0.70456047587574355
Celeb-DF-v2,0.05,0.85,0.1,0.8,4,250,178,340,0.02247191011235955,0.73529411764705888,0.75776602775941848
Celeb-DF-v2,0.05,0.85,0.1,0.85,2,272,178,340,0.011235955056179775,0.80000000000000004,0.81123595505617985
Celeb-DF-v2,0.05,0.85,0.1,0.9,1,296,178,340,0.0056179775280898875,0.87058823529411766,0.87620621282220756
Celeb-DF-v2,0.05,0.85,0.1,0.95,0,320,178,340,0,0.94117647058823528,0.94117647058823528
Celeb-DF-v2,0.05,0.85,0.1,1,0,340,178,340,0,1,1
Celeb-DF-v2,0.05,0.9,0.05,0,178,0,178,340,1,0,1
Celeb-DF-v2,0.05,0.9,0.05,0.05,155,1,178,340,0.8707865168539326,0.0029411764705882353,0.87372769332452083
Celeb-DF-v2,0.05,0.9,0.05,0.1,121,4,178,340,0.6797752808988764,0.011764705882352941,0.6915399867812293
Celeb-DF-v2,0.05,0.9,0.05,0.15,97,13,178,340,0.5449438202247191,0.038235294117647062,0.58317911434236613
Celeb-DF-v2,0.05,0.9,0.05,0.2,78,24,178,340,0.43820224719101125,0.070588235294117646,0.50879048248512893
Celeb-DF-v2,0.05,0.9,0.05,0.25,69,46,178,340,0.38764044943820225,0.13529411764705881,0.52293456708526109
Celeb-DF-v2,0.05,0.9,0.05,0.3,61,60,178,340,0.34269662921348315,0.17647058823529413,0.51916721744877725
Celeb-DF-v2,0.05,0.9,0.05,0.35,55,81,178,340,0.3089887640449438,0.23823529411764705,0.5472240581625909
Celeb-DF-v2,0.05,0.9,0.05,0.4,44,102,178,340,0.24719101123595505,0.29999999999999999,0.54719101123595504
Celeb-DF-v2,0.05,0.9,0.05,0.45,24,113,178,340,0.1348314606741573,0.33235294117647057,0.46718440185062787
Celeb-DF-v2,0.05,0.9,0.05,0.5,18,130,178,340,0.10112359550561797,0.38235294117647056,0.48347653668208856
Celeb-DF-v2,0.05,0.9,0.05,0.55,13,151,178,340,0.073033707865168537,0.44411764705882351,0.517151354923992
Celeb-DF-v2,0.05,0.9,0.05,0.6,12,169,178,340,0.06741573033707865,0.49705882352941178,0.56447455386649037
Celeb-DF-v2,0.05,0.9,0.05,0.65,12,189,178,340,0.06741573033707865,0.55588235294117649,0.62329808327825509
Celeb-DF-v2,0.05,0.9,0.05,0.7,9,211,178,340,0.050561797752808987,0.62058823529411766,0.67115003304692666
Celeb-DF-v2,0.05,0.9,0.05,0.75,8,226,178,340,0.0449438202247191,0.66470588235294115,0.70964970257766025
Celeb-DF-v2,0.05,0.9,0.05,0.8,4,249,178,340,0.02247191011235955,0.73235294117647054,0.75482485128883003
Celeb-DF-v2,0.05,0.9,0.05,0.85,2,271,178,340,0.011235955056179775,0.79705882352941182,0.80829477858559162
Celeb-DF-v2,0.05,0.9,0.05,0.9,2,295,178,340,0.011235955056179775,0.86764705882352944,0.87888301387970924
Celeb-DF-v2,0.05,0.9,0.05,0.95,0,315,178,340,0,0.92647058823529416,0.92647058823529416
Celeb-DF-v2,0.05,0.9,0.05,1,0,340,178,340,0,1,1
Celeb-DF-v2,0.05,0.95,0,0,178,0,178,340,1,0,1
Celeb-DF-v2,0.05,0.95,0,0.05,145,2,178,340,0.8146067415730337,0.0058823529411764705,0.82048909451421015
Celeb-DF-v2,0.05,0.95,0,0.1,112,8,178,340,0.6292134831460674,0.023529411764705882,0.65274289491077331
Celeb-DF-v2,0.05,0.95,0,0.15,88,20,178,340,0.4943820224719101,0.058823529411764705,0.55320555188367482
Celeb-DF-v2,0.05,0.95,0,0.2,75,39,178,340,0.42134831460674155,0.11470588235294117,0.5360541969596827
Celeb-DF-v2,0.05,0.95,0,0.25,67,49,178,340,0.37640449438202245,0.14411764705882352,0.52052214144084596
Celeb-DF-v2,0.05,0.95,0,0.3,59,65,178,340,0.33146067415730335,0.19117647058823528,0.52263714474553868
Celeb-DF-v2,0.05,0.95,0,0.35,55,88,178,340,0.3089887640449438,0.25882352941176473,0.56781229345670847
Celeb-DF-v2,0.05,0.95,0,0.4,43,104,178,340,0.24157303370786518,0.30588235294117649,0.5474553866490417
Celeb-DF-v2,0.05,0.95,0,0.45,24,114,178,340,0.1348314606741573,0.3352941176470588,0.4701255783212161
Celeb-DF-v2,0.05,0.95,0,0.5,17,132,178,340,0.095505617977528087,0.38823529411764707,0.48374091209517517
Celeb-DF-v2,0.05,0.95,0,0.55,13,153,178,340,0.073033707865168537,0.45000000000000001,0.52303370786516856
Celeb-DF-v2,0.05,0.95,0,0.6,12,177,178,340,0.06741573033707865,0.52058823529411768,0.58800396563119639
Celeb-DF-v2,0.05,0.95,0,0.65,12,191,178,340,0.06741573033707865,0.56176470588235294,0.62918043621943154
Celeb-DF-v2,0.05,0.95,0,0.7,10,213,178,340,0.056179775280898875,0.62647058823529411,0.68265036351619302
Celeb-DF-v2,0.05,0.95,0,0.75,8,225,178,340,0.0449438202247191,0.66176470588235292,0.70670852610707202
Celeb-DF-v2,0.05,0.95,0,0.8,4,249,178,340,0.02247191011235955,0.73235294117647054,0.75482485128883003
Celeb-DF-v2,0.05,0.95,0,0.85,2,267,178,340,0.011235955056179775,0.78529411764705881,0.79653007270323861
Celeb-DF-v2,0.05,0.95,0,0.9,2,293,178,340,0.011235955056179775,0.86176470588235299,0.87300066093853279
Celeb-DF-v2,0.05,0.95,0,0.95,0,313,178,340,0,0.9205882352941176,0.9205882352941176
Celeb-DF-v2,0.05,0.95,0,1,0,340,178,340,0,1,1
Celeb-DF-v2,0.1,0,0.9,0,178,0,178,340,1,0,1
Celeb-DF-v2,0.1,0,0.9,0.05,176,0,178,340,0.9887640449438202,0,0.9887640449438202
Celeb-DF-v2,0.1,0,0.9,0.1,168,0,178,340,0.9438202247191011,0,0.9438202247191011
Celeb-DF-v2,0.1,0,0.9,0.15,154,2,178,340,0.8651685393258427,0.0058823529411764705,0.87105089226701915
Celeb-DF-v2,0.1,0,0.9,0.2,139,3,178,340,0.7808988764044944,0.0088235294117647058,0.78972240581625908
Celeb-DF-v2,0.1,0,0.9,0.25,123,6,178,340,0.6910112359550562,0.017647058823529412,0.70865829477858566
Celeb-DF-v2,0.1,0,0.9,0.3,107,12,178,340,0.601123595505618,0.035294117647058823,0.63641771315267681
Celeb-DF-v2,0.1,0,0.9,0.35,92,18,178,340,0.5168539325842697,0.052941176470588235,0.56979510905485797
Celeb-DF-v2,0.1,0,0.9,0.4,81,34,178,340,0.4550561797752809,0.10000000000000001,0.55505617977528088
Celeb-DF-v2,0.1,0,0.9,0.45,67,46,178,340,0.37640449438202245,0.13529411764705881,0.51169861202908129
Celeb-DF-v2,0.1,0,0.9,0.5,62,56,178,340,0.34831460674157305,0.16470588235294117,0.51302048909451425
Celeb-DF-v2,0.1,0,0.9,0.55,46,75,178,340,0.25842696629213485,0.22058823529411764,0.47901520158625249
Celeb-DF-v2,0.1,0,0.9,0.6,37,91,178,340,0.20786516853932585,0.2676470588235294,0.47551222736285526
Celeb-DF-v2,0.1,0,0.9,0.65,26,109,178,340,0.14606741573033707,0.32058823529411767,0.46665565102445472
Celeb-DF-v2,0.1,0,0.9,0.7,17,132,178,340,0.095505617977528087,0.38823529411764707,0.48374091209517517
Celeb-DF-v2,0.1,0,0.9,0.75,11,164,178,340,0.061797752808988762,0.4823529411764706,0.54415069398545934
Celeb-DF-v2,0.1,0,0.9,0.8,4,192,178,340,0.02247191011235955,0.56470588235294117,0.58717779246530077
Celeb-DF-v2,0.1,0,0.9,0.85,2,220,178,340,0.011235955056179775,0.6470588235294118,0.6582947785855916
Celeb-DF-v2,0.1,0,0.9,0.9,0,259,178,340,0,0.7617647058823529,0.7617647058823529
Celeb-DF-v2,0.1,0,0.9,0.95,0,309,178,340,0,0.9088235294117647,0.9088235294117647
Celeb-DF-v2,0.1,0,0.9,1,0,340,178,340,0,1,1
Celeb-DF-v2,0.1,0.05,0.85,0,178,0,178,340,1,0,1
Celeb-DF-v2,0.1,0.05,0.85,0.05,176,0,178,340,0.9887640449438202,0,0.9887640449438202
Celeb-DF-v2,0.1,0.05,0.85,0.1,171,0,178,340,0.9606741573033708,0,0.9606741573033708
Celeb-DF-v2,0.1,0.05,0.85,0.15,152,1,178,340,0.8539325842696629,0.0029411764705882353,0.85687376074025112
Celeb-DF-v2,0.1,0.05,0.85,0.2,136,3,178,340,0.7640449438202247,0.0088235294117647058,0.77286847323198937
Celeb-DF-v2,0.1,0.05,0.85,0.25,123,7,178,340,0.6910112359550562,0.020588235294117647,0.71159947124917389
Celeb-DF-v2,0.1,0.05,0.85,0.3,107,11,178,340,0.601123595505618,0.032352941176470591,0.63347653668208859
Celeb-DF-v2,0.1,0.05,0.85,0.35,92,17,178,340,0.5168539325842697,0.050000000000000003,0.56685393258426975
Celeb-DF-v2,0.1,0.05,0.85,0.4,81,34,178,340,0.4550561797752809,0.10000000000000001,0.55505617977528088
Celeb-DF-v2,0.1,0.05,0.85,0.45,67,45,178,340,0.37640449438202245,0.13235294117647059,0.50875743555849307
Celeb-DF-v2,0.1,0.05,0.85,0.5,57,57,178,340,0.3202247191011236,0.1676470588235294,0.48787177792465297
Celeb-DF-v2,0.1,0.05,0.85,0.55,44,75,178,340,0.24719101123595505,0.22058823529411764,0.46777924653007269
Celeb-DF-v2,0.1,0.05,0.85,0.6,34,94,178,340,0.19101123595505617,0.27647058823529413,0.46748182419035034
Celeb-DF-v2,0.1,0.05,0.85,0.65,22,112,178,340,0.12359550561797752,0.32941176470588235,0.4530072703238599
Celeb-DF-v2,0.1,0.05,0.85,0.7,13,138,178,340,0.073033707865168537,0.40588235294117647,0.47891606080634502
Celeb-DF-v2,0.1,0.05,0.85,0.75,10,169,178,340,0.056179775280898875,0.49705882352941178,0.55323859881031068
Celeb-DF-v2,0.1,0.05,0.85,0.8,3,198,178,340,0.016853932584269662,0.58235294117647063,0.59920687376074033
Celeb-DF-v2,0.1,0.05,0.85,0.85,0,234,178,340,0,0.68823529411764706,0.68823529411764706
Celeb-DF-v2,0.1,0.05,0.85,0.9,0,274,178,340,0,0.80588235294117649,0.80588235294117649
Celeb-DF-v2,0.1,0.05,0.85,0.95,0,318,178,340,0,0.93529411764705883,0.93529411764705883
Celeb-DF-v2,0.1,0.05,0.85,1,0,340,178,340,0,1,1
Celeb-DF-v2,0.1,0.1,0.8,0,178,0,178,340,1,0,1
Celeb-DF-v2,0.1,0.1,0.8,0.05,176,0,178,340,0.9887640449438202,0,0.9887640449438202
Celeb-DF-v2,0.1,0.1,0.8,0.1,172,0,178,340,0.9662921348314607,0,0.9662921348314607
Celeb-DF-v2,0.1,0.1,0.8,0.15,150,1,178,340,0.84269662921348309,0.0029411764705882353,0.84563780568407132
Celeb-DF-v2,0.1,0.1,0.8,0.2,134,3,178,340,0.7528089887640449,0.0088235294117647058,0.76163251817580957
Celeb-DF-v2,0.1,0.1,0.8,0.25,122,6,178,340,0.6853932584269663,0.017647058823529412,0.70304031725049576
Celeb-DF-v2,0.1,0.1,0.8,0.3,103,11,178,340,0.5786516853932584,0.032352941176470591,0.61100462656972898
Celeb-DF-v2,0.1,0.1,0.8,0.35,88,18,178,340,0.4943820224719101,0.052941176470588235,0.54732319894249837
Celeb-DF-v2,0.1,0.1,0.8,0.4,78,32,178,340,0.43820224719101125,0.094117647058823528,0.53231989424983484
Celeb-DF-v2,0.1,0.1,0.8,0.45,68,43,178,340,0.38202247191011235,0.12647058823529411,0.50849306014540652
Celeb-DF-v2,0.1,0.1,0.8,0.5,49,57,178,340,0.2752808988764045,0.1676470588235294,0.44292795769993387
Celeb-DF-v2,0.1,0.1,0.8,0.55,39,75,178,340,0.21910112359550563,0.22058823529411764,0.43968935888962324
Celeb-DF-v2,0.1,0.1,0.8,0.6,31,95,178,340,0.17415730337078653,0.27941176470588236,0.45356906807666886
Celeb-DF-v2,0.1,0.1,0.8,0.65,19,116,178,340,0.10674157303370786,0.3411764705882353,0.44791804362194315
Celeb-DF-v2,0.1,0.1,0.8,0.7,10,145,178,340,0.056179775280898875,0.4264705882352941,0.48265036351619295
Celeb-DF-v2,0.1,0.1,0.8,0.75,5,171,178,340,0.028089887640449437,0.50294117647058822,0.53103106411103762
Celeb-DF-v2,0.1,0.1,0.8,0.8,1,207,178,340,0.0056179775280898875,0.60882352941176465,0.61444150693985455
Celeb-DF-v2,0.1,0.1,0.8,0.85,0,247,178,340,0,0.72647058823529409,0.72647058823529409
Celeb-DF-v2,0.1,0.1,0.8,0.9,0,286,178,340,0,0.8411764705882353,0.8411764705882353
Celeb-DF-v2,0.1,0.1,0.8,0.95,0,318,178,340,0,0.93529411764705883,0.93529411764705883
Celeb-DF-v2,0.1,0.1,0.8,1,0,340,178,340,0,1,1
Celeb-DF-v2,0.1,0.15,0.75,0,178,0,178,340,1,0,1
Celeb-DF-v2,0.1,0.15,0.75,0.05,176,0,178,340,0.9887640449438202,0,0.9887640449438202
Celeb-DF-v2,0.1,0.15,0.75,0.1,172,0,178,340,0.9662921348314607,0,0.9662921348314607
Celeb-DF-v2,0.1,0.15,0.75,0.15,150,0,178,340,0.84269662921348309,0,0.84269662921348309
Celeb-DF-v2,0.1,0.15,0.75,0.2,134,3,178,340,0.7528089887640449,0.0088235294117647058,0.76163251817580957
Celeb-DF-v2,0.1,0.15,0.75,0.25,123,6,178,340,0.6910112359550562,0.017647058823529412,0.70865829477858566
Celeb-DF-v2,0.1,0.15,0.75,0.3,103,12,178,340,0.5786516853932584,0.035294117647058823,0.61394580304031721
Celeb-DF-v2,0.1,0.15,0.75,0.35,86,20,178,340,0.48314606741573035,0.058823529411764705,0.54196959682749501
Celeb-DF-v2,0.1,0.15,0.75,0.4,76,30,178,340,0.42696629213483145,0.088235294117647065,0.51520158625247847
Celeb-DF-v2,0.1,0.15,0.75,0.45,64,42,178,340,0.3595505617977528,0.12352941176470589,0.48307997356245869
Celeb-DF-v2,0.1,0.15,0.75,0.5,46,64,178,340,0.25842696629213485,0.18823529411764706,0.44666226040978191
Celeb-DF-v2,0.1,0.15,0.75,0.55,36,75,178,340,0.20224719101123595,0.22058823529411764,0.42283542630535359
Celeb-DF-v2,0.1,0.15,0.75,0.6,26,95,178,340,0.14606741573033707,0.27941176470588236,0.42547918043621946
Celeb-DF-v2,0.1,0.15,0.75,0.65,17,123,178,340,0.095505617977528087,0.36176470588235293,0.45727032385988103
Celeb-DF-v2,0.1,0.15,0.75,0.7,9,146,178,340,0.050561797752808987,0.42941176470588233,0.47997356245869133
Celeb-DF-v2,0.1,0.15,0.75,0.75,4,184,178,340,0.02247191011235955,0.54117647058823526,0.56364838070059475
Celeb-DF-v2,0.1,0.15,0.75,0.8,0,219,178,340,0,0.64411764705882357,0.64411764705882357
Celeb-DF-v2,0.1,0.15,0.75,0.85,0,255,178,340,0,0.75,0.75
Celeb-DF-v2,0.1,0.15,0.75,0.9,0,291,178,340,0,0.85588235294117643,0.85588235294117643
Celeb-DF-v2,0.1,0.15,0.75,0.95,0,323,178,340,0,0.94999999999999996,0.94999999999999996
Celeb-DF-v2,0.1,0.15,0.75,1,0,340,178,340,0,1,1
Celeb-DF-v2,0.1,0.2,0.7,0,178,0,178,340,1,0,1
Celeb-DF-v2,0.1,0.2,0.7,0.05,176,0,178,340,0.9887640449438202,0,0.9887640449438202
Celeb-DF-v2,0.1,0.2,0.7,0.1,172,0,178,340,0.9662921348314607,0,0.9662921348314607
Celeb-DF-v2,0.1,0.2,0.7,0.15,149,0,178,340,0.8370786516853933,0,0.8370786516853933
Celeb-DF-v2,0.1,0.2,0.7,0.2,132,4,178,340,0.7415730337078652,0.011764705882352941,0.7533377395902181
Celeb-DF-v2,0.1,0.2,0.7,0.25,123,6,178,340,0.6910112359550562,0.017647058823529412,0.70865829477858566
Celeb-DF-v2,0.1,0.2,0.7,0.3,103,12,178,340,0.5786516853932584,0.035294117647058823,0.61394580304031721
Celeb-DF-v2,0.1,0.2,0.7,0.35,87,21,178,340,0.4887640449438202,0.061764705882352944,0.55052875082617314
Celeb-DF-v2,0.1,0.2,0.7,0.4,76,30,178,340,0.42696629213483145,0.088235294117647065,0.51520158625247847
Celeb-DF-v2,0.1,0.2,0.7,0.45,59,42,178,340,0.33146067415730335,0.12352941176470589,0.45499008592200924
Celeb-DF-v2,0.1,0.2,0.7,0.5,42,62,178,340,0.23595505617977527,0.18235294117647058,0.41830799735624585
Celeb-DF-v2,0.1,0.2,0.7,0.55,35,79,178,340,0.19662921348314608,0.2323529411764706,0.42898215465961664
Celeb-DF-v2,0.1,0.2,0.7,0.6,22,98,178,340,0.12359550561797752,0.28823529411764703,0.41183079973562453
Celeb-DF-v2,0.1,0.2,0.7,0.65,13,129,178,340,0.073033707865168537,0.37941176470588234,0.45244547257105089
Celeb-DF-v2,0.1,0.2,0.7,0.7,6,151,178,340,0.033707865168539325,0.44411764705882351,0.4778255122273628
Celeb-DF-v2,0.1,0.2,0.7,0.75,3,193,178,340,0.016853932584269662,0.56764705882352939,0.5845009914077991
Celeb-DF-v2,0.1,0.2,0.7,0.8,0,232,178,340,0,0.68235294117647061,0.68235294117647061
Celeb-DF-v2,0.1,0.2,0.7,0.85,0,263,178,340,0,0.77352941176470591,0.77352941176470591
Celeb-DF-v2,0.1,0.2,0.7,0.9,0,295,178,340,0,0.86764705882352944,0.86764705882352944
Celeb-DF-v2,0.1,0.2,0.7,0.95,0,324,178,340,0,0.95294117647058818,0.95294117647058818
Celeb-DF-v2,0.1,0.2,0.7,1,0,340,178,340,0,1,1
Celeb-DF-v2,0.1,0.25,0.65,0,178,0,178,340,1,0,1
Celeb-DF-v2,0.1,0.25,0.65,0.05,176,0,178,340,0.9887640449438202,0,0.9887640449438202
Celeb-DF-v2,0.1,0.25,0.65,0.1,172,0,178,340,0.9662921348314607,0,0.9662921348314607
Celeb-DF-v2,0.1,0.25,0.65,0.15,149,0,178,340,0.8370786516853933,0,0.8370786516853933
Celeb-DF-v2,0.1,0.25,0.65,0.2,132,4,178,340,0.7415730337078652,0.011764705882352941,0.7533377395902181
Celeb-DF-v2,0.1,0.25,0.65,0.25,120,7,178,340,0.6741573033707865,0.020588235294117647,0.69474553866490418
Celeb-DF-v2,0.1,0.25,0.65,0.3,100,11,178,340,0.5617977528089888,0.032352941176470591,0.59415069398545939
Celeb-DF-v2,0.1,0.25,0.65,0.35,86,22,178,340,0.48314606741573035,0.064705882352941183,0.54785194976867158
Celeb-DF-v2,0.1,0.25,0.65,0.4,72,32,178,340,0.4044943820224719,0.094117647058823528,0.49861202908129543
Celeb-DF-v2,0.1,0.25,0.65,0.45,54,42,178,340,0.30337078651685395,0.12352941176470589,0.42690019828155984
Celeb-DF-v2,0.1,0.25,0.65,0.5,39,61,178,340,0.21910112359550563,0.17941176470588235,0.39851288830138798
Celeb-DF-v2,0.1,0.25,0.65,0.55,31,83,178,340,0.17415730337078653,0.24411764705882352,0.41827495042961005
Celeb-DF-v2,0.1,0.25,0.65,0.6,16,103,178,340,0.0898876404494382,0.30294117647058821,0.39282881692002641
Celeb-DF-v2,0.1,0.25,0.65,0.65,10,136,178,340,0.056179775280898875,0.40000000000000002,0.45617977528089892
Celeb-DF-v2,0.1,0.25,0.65,0.7,5,166,178,340,0.028089887640449437,0.48823529411764705,0.5163251817580965
Celeb-DF-v2,0.1,0.25,0.65,0.75,3,202,178,340,0.016853932584269662,0.59411764705882353,0.61097157964309323
Celeb-DF-v2,0.1,0.25,0.65,0.8,0,238,178,340,0,0.69999999999999996,0.69999999999999996
Celeb-DF-v2,0.1,0.25,0.65,0.85,0,273,178,340,0,0.80294117647058827,0.80294117647058827
Celeb-DF-v2,0.1,0.25,0.65,0.9,0,296,178,340,0,0.87058823529411766,0.87058823529411766
Celeb-DF-v2,0.1,0.25,0.65,0.95,0,325,178,340,0,0.95588235294117652,0.95588235294117652
Celeb-DF-v2,0.1,0.25,0.65,1,0,340,178,340,0,1,1
Celeb-DF-v2,0.1,0.3,0.6,0,178,0,178,340,1,0,1
Celeb-DF-v2,0.1,0.3,0.6,0.05,176,0,178,340,0.9887640449438202,0,0.9887640449438202
Celeb-DF-v2,0.1,0.3,0.6,0.1,173,0,178,340,0.9719101123595506,0,0.9719101123595506
Celeb-DF-v2,0.1,0.3,0.6,0.15,147,0,178,340,0.8258426966292135,0,0.8258426966292135
Celeb-DF-v2,0.1,0.3,0.6,0.2,132,4,178,340,0.7415730337078652,0.011764705882352941,0.7533377395902181
Celeb-DF-v2,0.1,0.3,0.6,0.25,115,7,178,340,0.6460674157303371,0.020588235294117647,0.66665565102445479
Celeb-DF-v2,0.1,0.3,0.6,0.3,99,11,178,340,0.5561797752808989,0.032352941176470591,0.58853271645736949
Celeb-DF-v2,0.1,0.3,0.6,0.35,82,22,178,340,0.4606741573033708,0.064705882352941183,0.52538003965631197
Celeb-DF-v2,0.1,0.3,0.6,0.4,69,32,178,340,0.38764044943820225,0.094117647058823528,0.48175809649702578
Celeb-DF-v2,0.1,0.3,0.6,0.45,50,42,178,340,0.2808988764044944,0.12352941176470589,0.40442828816920029
Celeb-DF-v2,0.1,0.3,0.6,0.5,37,63,178,340,0.20786516853932585,0.18529411764705883,0.39315928618638468
Celeb-DF-v2,0.1,0.3,0.6,0.55,26,87,178,340,0.14606741573033707,0.25588235294117645,0.40194976867151355
Celeb-DF-v2,0.1,0.3,0.6,0.6,14,110,178,340,0.078651685393258425,0.3235294117647059,0.40218109715796435
Celeb-DF-v2,0.1,0.3,0.6,0.65,8,135,178,340,0.0449438202247191,0.39705882352941174,0.44200264375413084
Celeb-DF-v2,0.1,0.3,0.6,0.7,6,178,178,340,0.033707865168539325,0.52352941176470591,0.55723727693324521
Celeb-DF-v2,0.1,0.3,0.6,0.75,2,210,178,340,0.011235955056179775,0.61764705882352944,0.62888301387970924
Celeb-DF-v2,0.1,0.3,0.6,0.8,0,241,178,340,0,0.70882352941176474,0.70882352941176474
Celeb-DF-v2,0.1,0.3,0.6,0.85,0,274,178,340,0,0.80588235294117649,0.80588235294117649
Celeb-DF-v2,0.1,0.3,0.6,0.9,0,301,178,340,0,0.88529411764705879,0.88529411764705879
Celeb-DF-v2,0.1,0.3,0.6,0.95,0,325,178,340,0,0.95588235294117652,0.95588235294117652
Celeb-DF-v2,0.1,0.3,0.6,1,0,340,178,340,0,1,1
Celeb-DF-v2,0.1,0.35,0.55,0,178,0,178,340,1,0,1
Celeb-DF-v2,0.1,0.35,0.55,0.05,176,0,178,340,0.9887640449438202,0,0.9887640449438202
Celeb-DF-v2,0.1,0.35,0.55,0.1,171,0,178,340,0.9606741573033708,0,0.9606741573033708
Celeb-DF-v2,0.1,0.35,0.55,0.15,147,0,178,340,0.8258426966292135,0,0.8258426966292135
Celeb-DF-v2,0.1,0.35,0.55,0.2,132,4,178,340,0.7415730337078652,0.011764705882352941,0.7533377395902181
Celeb-DF-v2,0.1,0.35,0.55,0.25,114,7,178,340,0.6404494382022472,0.020588235294117647,0.66103767349636489
Celeb-DF-v2,0.1,0.35,0.55,0.3,98,11,178,340,0.550561797752809,0.032352941176470591,0.58291473892927959
Celeb-DF-v2,0.1,0.35,0.55,0.35,80,22,178,340,0.449438202247191,0.064705882352941183,0.51414408460013217
Celeb-DF-v2,0.1,0.35,0.55,0.4,64,33,178,340,0.3595505617977528,0.097058823529411767,0.45660938532716455
Celeb-DF-v2,0.1,0.35,0.55,0.45,49,47,178,340,0.2752808988764045,0.13823529411764707,0.41351619299405157
Celeb-DF-v2,0.1,0.35,0.55,0.5,34,68,178,340,0.19101123595505617,0.20000000000000001,0.39101123595505616
Celeb-DF-v2,0.1,0.35,0.55,0.55,20,91,178,340,0.11235955056179775,0.2676470588235294,0.38000660938532715
Celeb-DF-v2,0.1,0.35,0.55,0.6,12,119,178,340,0.06741573033707865,0.34999999999999998,0.41741573033707863
Celeb-DF-v2,0.1,0.35,0.55,0.65,7,144,178,340,0.039325842696629212,0.42352941176470588,0.46285525446133507
Celeb-DF-v2,0.1,0.35,0.55,0.7,6,184,178,340,0.033707865168539325,0.54117647058823526,0.57488433575677456
Celeb-DF-v2,0.1,0.35,0.55,0.75,3,212,178,340,0.016853932584269662,0.62352941176470589,0.64038334434897559
Celeb-DF-v2,0.1,0.35,0.55,0.8,0,248,178,340,0,0.72941176470588232,0.72941176470588232
Celeb-DF-v2,0.1,0.35,0.55,0.85,0,276,178,340,0,0.81176470588235294,0.81176470588235294
Celeb-DF-v2,0.1,0.35,0.55,0.9,0,302,178,340,0,0.88823529411764701,0.88823529411764701
Celeb-DF-v2,0.1,0.35,0.55,0.95,0,326,178,340,0,0.95882352941176474,0.95882352941176474
Celeb-DF-v2,0.1,0.35,0.55,1,0,340,178,340,0,1,1
Celeb-DF-v2,0.1,0.4,0.5,0,178,0,178,340,1,0,1
Celeb-DF-v2,0.1,0.4,0.5,0.05,176,0,178,340,0.9887640449438202,0,0.9887640449438202
Celeb-DF-v2,0.1,0.4,0.5,0.1,170,0,178,340,0.9550561797752809,0,0.9550561797752809
Celeb-DF-v2,0.1,0.4,0.5,0.15,145,0,178,340,0.8146067415730337,0,0.8146067415730337
Celeb-DF-v2,0.1,0.4,0.5,0.2,131,3,178,340,0.7359550561797753,0.0088235294117647058,0.74477858559153998
Celeb-DF-v2,0.1,0.4,0.5,0.25,111,8,178,340,0.6235955056179775,0.023529411764705882,0.64712491738268341
Celeb-DF-v2,0.1,0.4,0.5,0.3,96,12,178,340,0.5393258426966292,0.035294117647058823,0.57461996034368801
Celeb-DF-v2,0.1,0.4,0.5,0.35,77,23,178,340,0.43258426966292135,0.067647058823529407,0.5002313284864508
Celeb-DF-v2,0.1,0.4,0.5,0.4,57,33,178,340,0.3202247191011236,0.097058823529411767,0.41728354263053535
Celeb-DF-v2,0.1,0.4,0.5,0.45,45,50,178,340,0.25280898876404495,0.14705882352941177,0.39986781229345669
Celeb-DF-v2,0.1,0.4,0.5,0.5,30,70,178,340,0.16853932584269662,0.20588235294117646,0.37442167878387311
Celeb-DF-v2,0.1,0.4,0.5,0.55,18,101,178,340,0.10112359550561797,0.29705882352941176,0.39818241903502971
Celeb-DF-v2,0.1,0.4,0.5,0.6,9,127,178,340,0.050561797752808987,0.37352941176470589,0.42409120951751489
Celeb-DF-v2,0.1,0.4,0.5,0.65,7,154,178,340,0.039325842696629212,0.45294117647058824,0.49226701916721743
Celeb-DF-v2,0.1,0.4,0.5,0.7,5,188,178,340,0.028089887640449437,0.55294117647058827,0.58103106411103767
Celeb-DF-v2,0.1,0.4,0.5,0.75,3,218,178,340,0.016853932584269662,0.64117647058823535,0.65803040317250505
Celeb-DF-v2,0.1,0.4,0.5,0.8,0,250,178,340,0,0.73529411764705888,0.73529411764705888
Celeb-DF-v2,0.1,0.4,0.5,0.85,0,277,178,340,0,0.81470588235294117,0.81470588235294117
Celeb-DF-v2,0.1,0.4,0.5,0.9,0,301,178,340,0,0.88529411764705879,0.88529411764705879
Celeb-DF-v2,0.1,0.4,0.5,0.95,0,326,178,340,0,0.95882352941176474,0.95882352941176474
Celeb-DF-v2,0.1,0.4,0.5,1,0,340,178,340,0,1,1
Celeb-DF-v2,0.1,0.45,0.45,0,178,0,178,340,1,0,1
Celeb-DF-v2,0.1,0.45,0.45,0.05,176,0,178,340,0.9887640449438202,0,0.9887640449438202
Celeb-DF-v2,0.1,0.45,0.45,0.1,168,0,178,340,0.9438202247191011,0,0.9438202247191011
Celeb-DF-v2,0.1,0.45,0.45,0.15,141,0,178,340,0.7921348314606742,0,0.7921348314606742
Celeb-DF-v2,0.1,0.45,0.45,0.2,123,4,178,340,0.6910112359550562,0.011764705882352941,0.7027759418374091
Celeb-DF-v2,0.1,0.45,0.45,0.25,106,7,178,340,0.5955056179775281,0.020588235294117647,0.61609385327164579
Celeb-DF-v2,0.1,0.45,0.45,0.3,93,14,178,340,0.52247191011235961,0.041176470588235294,0.56364838070059486
Celeb-DF-v2,0.1,0.45,0.45,0.35,72,27,178,340,0.4044943820224719,0.079411764705882348,0.48390614672835425
Celeb-DF-v2,0.1,0.45,0.45,0.4,53,35,178,340,0.29775280898876405,0.10294117647058823,0.40069398545935231
Celeb-DF-v2,0.1,0.45,0.45,0.45,41,56,178,340,0.2303370786516854,0.16470588235294117,0.39504296100462655
Celeb-DF-v2,0.1,0.45,0.45,0.5,28,78,178,340,0.15730337078651685,0.22941176470588234,0.38671513549239922
Celeb-DF-v2,0.1,0.45,0.45,0.55,17,107,178,340,0.095505617977528087,0.31470588235294117,0.41021150033046927
Celeb-DF-v2,0.1,0.45,0.45,0.6,8,131,178,340,0.0449438202247191,0.38529411764705884,0.43023793787177794
Celeb-DF-v2,0.1,0.45,0.45,0.65,7,160,178,340,0.039325842696629212,0.47058823529411764,0.50991407799074684
Celeb-DF-v2,0.1,0.45,0.45,0.7,5,188,178,340,0.028089887640449437,0.55294117647058827,0.58103106411103767
Celeb-DF-v2,0.1,0.45,0.45,0.75,5,223,178,340,0.028089887640449437,0.65588235294117647,0.68397224058162587
Celeb-DF-v2,0.1,0.45,0.45,0.8,0,251,178,340,0,0.7382352941176471,0.7382352941176471
Celeb-DF-v2,0.1,0.45,0.45,0.85,0,279,178,340,0,0.82058823529411762,0.82058823529411762
Celeb-DF-v2,0.1,0.45,0.45,0.9,0,303,178,340,0,0.89117647058823535,0.89117647058823535
Celeb-DF-v2,0.1,0.45,0.45,0.95,0,326,178,340,0,0.95882352941176474,0.95882352941176474
Celeb-DF-v2,0.1,0.45,0.45,1,0,340,178,340,0,1,1
Celeb-DF-v2,0.1,0.5,0.4,0,178,0,178,340,1,0,1
Celeb-DF-v2,0.1,0.5,0.4,0.05,176,0,178,340,0.9887640449438202,0,0.9887640449438202
Celeb-DF-v2,0.1,0.5,0.4,0.1,166,0,178,340,0.93258426966292129,0,0.93258426966292129
Celeb-DF-v2,0.1,0.5,0.4,0.15,136,0,178,340,0.7640449438202247,0,0.7640449438202247
Celeb-DF-v2,0.1,0.5,0.4,0.2,122,4,178,340,0.6853932584269663,0.011764705882352941,0.6971579643093192
Celeb-DF-v2,0.1,0.5,0.4,0.25,107,8,178,340,0.601123595505618,0.023529411764705882,0.62465300727032391
Celeb-DF-v2,0.1,0.5,0.4,0.3,90,17,178,340,0.5056179775280899,0.050000000000000003,0.55561797752808995
Celeb-DF-v2,0.1,0.5,0.4,0.35,68,30,178,340,0.38202247191011235,0.088235294117647065,0.47025776602775943
Celeb-DF-v2,0.1,0.5,0.4,0.4,50,39,178,340,0.2808988764044944,0.11470588235294117,0.39560475875743556
Celeb-DF-v2,0.1,0.5,0.4,0.45,35,62,178,340,0.19662921348314608,0.18235294117647058,0.37898215465961665
Celeb-DF-v2,0.1,0.5,0.4,0.5,25,89,178,340,0.1404494382022472,0.26176470588235295,0.40221414408460016
Celeb-DF-v2,0.1,0.5,0.4,0.55,16,112,178,340,0.0898876404494382,0.32941176470588235,0.41929940515532055
Celeb-DF-v2,0.1,0.5,0.4,0.6,10,142,178,340,0.056179775280898875,0.41764705882352943,0.47382683410442827
Celeb-DF-v2,0.1,0.5,0.4,0.65,6,165,178,340,0.033707865168539325,0.48529411764705882,0.51900198281559817
Celeb-DF-v2,0.1,0.5,0.4,0.7,5,192,178,340,0.028089887640449437,0.56470588235294117,0.59279576999339056
Celeb-DF-v2,0.1,0.5,0.4,0.75,5,229,178,340,0.028089887640449437,0.67352941176470593,0.70161929940515533
Celeb-DF-v2,0.1,0.5,0.4,0.8,2,254,178,340,0.011235955056179775,0.74705882352941178,0.75829477858559158
Celeb-DF-v2,0.1,0.5,0.4,0.85,0,279,178,340,0,0.82058823529411762,0.82058823529411762
Celeb-DF-v2,0.1,0.5,0.4,0.9,0,301,178,340,0,0.88529411764705879,0.88529411764705879
Celeb-DF-v2,0.1,0.5,0.4,0.95,0,328,178,340,0,0.96470588235294119,0.96470588235294119
Celeb-DF-v2,0.1,0.5,0.4,1,0,340,178,340,0,1,1
Celeb-DF-v2,0.1,0.55,0.35,0,178,0,178,340,1,0,1
Celeb-DF-v2,0.1,0.55,0.35,0.05,175,0,178,340,0.9831460674157303,0,0.9831460674157303
Celeb-DF-v2,0.1,0.55,0.35,0.1,165,0,178,340,0.9269662921348315,0,0.9269662921348315
Celeb-DF-v2,0.1,0.55,0.35,0.15,134,0,178,340,0.7528089887640449,0,0.7528089887640449
Celeb-DF-v2,0.1,0.55,0.35,0.2,120,4,178,340,0.6741573033707865,0.011764705882352941,0.6859220092531394
Celeb-DF-v2,0.1,0.55,0.35,0.25,105,9,178,340,0.5898876404494382,0.026470588235294117,0.61635822868473233
Celeb-DF-v2,0.1,0.55,0.35,0.3,81,19,178,340,0.4550561797752809,0.055882352941176473,0.51093853271645739
Celeb-DF-v2,0.1,0.55,0.35,0.35,64,32,178,340,0.3595505617977528,0.094117647058823528,0.45366820885657633
Celeb-DF-v2,0.1,0.55,0.35,0.4,44,47,178,340,0.24719101123595505,0.13823529411764707,0.38542630535360212
Celeb-DF-v2,0.1,0.55,0.35,0.45,34,73,178,340,0.19101123595505617,0.21470588235294116,0.40571711830799734
Celeb-DF-v2,0.1,0.55,0.35,0.5,23,98,178,340,0.12921348314606743,0.28823529411764703,0.41744877726371443
Celeb-DF-v2,0.1,0.55,0.35,0.55,15,120,178,340,0.084269662921348312,0.35294117647058826,0.43721083939193656
Celeb-DF-v2,0.1,0.55,0.35,0.6,11,146,178,340,0.061797752808988762,0.42941176470588233,0.49120951751487107
Celeb-DF-v2,0.1,0.55,0.35,0.65,6,166,178,340,0.033707865168539325,0.48823529411764705,0.5219431592861864
Celeb-DF-v2,0.1,0.55,0.35,0.7,5,197,178,340,0.028089887640449437,0.5794117647058824,0.6075016523463318
Celeb-DF-v2,0.1,0.55,0.35,0.75,5,228,178,340,0.028089887640449437,0.6705882352941176,0.69867812293456699
Celeb-DF-v2,0.1,0.55,0.35,0.8,2,251,178,340,0.011235955056179775,0.7382352941176471,0.7494712491738269
Celeb-DF-v2,0.1,0.55,0.35,0.85,0,282,178,340,0,0.8294117647058824,0.8294117647058824
Celeb-DF-v2,0.1,0.55,0.35,0.9,0,301,178,340,0,0.88529411764705879,0.88529411764705879
Celeb-DF-v2,0.1,0.55,0.35,0.95,0,328,178,340,0,0.96470588235294119,0.96470588235294119
Celeb-DF-v2,0.1,0.55,0.35,1,0,340,178,340,0,1,1
Celeb-DF-v2,0.1,0.6,0.3,0,178,0,178,340,1,0,1
Celeb-DF-v2,0.1,0.6,0.3,0.05,175,0,178,340,0.9831460674157303,0,0.9831460674157303
Celeb-DF-v2,0.1,0.6,0.3,0.1,164,0,178,340,0.9213483146067416,0,0.9213483146067416
Celeb-DF-v2,0.1,0.6,0.3,0.15,128,1,178,340,0.7191011235955056,0.0029411764705882353,0.72204230006609382
Celeb-DF-v2,0.1,0.6,0.3,0.2,115,5,178,340,0.6460674157303371,0.014705882352941176,0.66077329808327823
Celeb-DF-v2,0.1,0.6,0.3,0.25,100,12,178,340,0.5617977528089888,0.035294117647058823,0.59709187045604761
Celeb-DF-v2,0.1,0.6,0.3,0.3,77,24,178,340,0.43258426966292135,0.070588235294117646,0.50317250495703902
Celeb-DF-v2,0.1,0.6,0.3,0.35,63,35,178,340,0.3539325842696629,0.10294117647058823,0.4568737607402511
Celeb-DF-v2,0.1,0.6,0.3,0.4,42,58,178,340,0.23595505617977527,0.17058823529411765,0.4065432914738929
Celeb-DF-v2,0.1,0.6,0.3,0.45,33,80,178,340,0.1853932584269663,0.23529411764705882,0.42068737607402512
Celeb-DF-v2,0.1,0.6,0.3,0.5,21,102,178,340,0.11797752808988764,0.29999999999999999,0.41797752808988764
Celeb-DF-v2,0.1,0.6,0.3,0.55,13,130,178,340,0.073033707865168537,0.38235294117647056,0.45538664904163911
Celeb-DF-v2,0.1,0.6,0.3,0.6,11,147,178,340,0.061797752808988762,0.43235294117647061,0.49415069398545935
Celeb-DF-v2,0.1,0.6,0.3,0.65,7,168,178,340,0.039325842696629212,0.49411764705882355,0.53344348975545275
Celeb-DF-v2,0.1,0.6,0.3,0.7,5,204,178,340,0.028089887640449437,0.59999999999999998,0.62808988764044937
Celeb-DF-v2,0.1,0.6,0.3,0.75,5,227,178,340,0.028089887640449437,0.66764705882352937,0.69573694646397877
Celeb-DF-v2,0.1,0.6,0.3,0.8,3,249,178,340,0.016853932584269662,0.73235294117647054,0.74920687376074024
Celeb-DF-v2,0.1,0.6,0.3,0.85,0,284,178,340,0,0.83529411764705885,0.83529411764705885
Celeb-DF-v2,0.1,0.6,0.3,0.9,0,302,178,340,0,0.88823529411764701,0.88823529411764701
Celeb-DF-v2,0.1,0.6,0.3,0.95,0,328,178,340,0,0.96470588235294119,0.96470588235294119
Celeb-DF-v2,0.1,0.6,0.3,1,0,340,178,340,0,1,1
Celeb-DF-v2,0.1,0.65,0.25,0,178,0,178,340,1,0,1
Celeb-DF-v2,0.1,0.65,0.25,0.05,174,0,178,340,0.97752808988764039,0,0.97752808988764039
Celeb-DF-v2,0.1,0.65,0.25,0.1,160,0,178,340,0.898876404494382,0,0.898876404494382
Celeb-DF-v2,0.1,0.65,0.25,0.15,124,2,178,340,0.6966292134831461,0.0058823529411764705,0.70251156642432255
Celeb-DF-v2,0.1,0.65,0.25,0.2,112,5,178,340,0.6292134831460674,0.014705882352941176,0.64391936549900852
Celeb-DF-v2,0.1,0.65,0.25,0.25,92,13,178,340,0.5168539325842697,0.038235294117647062,0.55508922670191674
Celeb-DF-v2,0.1,0.65,0.25,0.3,72,27,178,340,0.4044943820224719,0.079411764705882348,0.48390614672835425
Celeb-DF-v2,0.1,0.65,0.25,0.35,61,42,178,340,0.34269662921348315,0.12352941176470589,0.46622604097818904
Celeb-DF-v2,0.1,0.65,0.25,0.4,43,69,178,340,0.24157303370786518,0.20294117647058824,0.44451421017845338
Celeb-DF-v2,0.1,0.65,0.25,0.45,31,85,178,340,0.17415730337078653,0.25,0.4241573033707865
Celeb-DF-v2,0.1,0.65,0.25,0.5,21,111,178,340,0.11797752808988764,0.32647058823529412,0.44444811632518177
Celeb-DF-v2,0.1,0.65,0.25,0.55,14,133,178,340,0.078651685393258425,0.39117647058823529,0.46982815598149374
Celeb-DF-v2,0.1,0.65,0.25,0.6,11,152,178,340,0.061797752808988762,0.44705882352941179,0.50885657633840053
Celeb-DF-v2,0.1,0.65,0.25,0.65,9,175,178,340,0.050561797752808987,0.51470588235294112,0.56526768010575013
Celeb-DF-v2,0.1,0.65,0.25,0.7,5,204,178,340,0.028089887640449437,0.59999999999999998,0.62808988764044937
Celeb-DF-v2,0.1,0.65,0.25,0.75,5,229,178,340,0.028089887640449437,0.67352941176470593,0.70161929940515533
Celeb-DF-v2,0.1,0.65,0.25,0.8,3,251,178,340,0.016853932584269662,0.7382352941176471,0.7550892267019168
Celeb-DF-v2,0.1,0.65,0.25,0.85,0,279,178,340,0,0.82058823529411762,0.82058823529411762
Celeb-DF-v2,0.1,0.65,0.25,0.9,0,301,178,340,0,0.88529411764705879,0.88529411764705879
Celeb-DF-v2,0.1,0.65,0.25,0.95,0,326,178,340,0,0.95882352941176474,0.95882352941176474
Celeb-DF-v2,0.1,0.65,0.25,1,0,340,178,340,0,1,1
Celeb-DF-v2,0.1,0.7,0.2,0,178,0,178,340,1,0,1
Celeb-DF-v2,0.1,0.7,0.2,0.05,172,0,178,340,0.9662921348314607,0,0.9662921348314607
Celeb-DF-v2,0.1,0.7,0.2,0.1,155,0,178,340,0.8707865168539326,0,0.8707865168539326
Celeb-DF-v2,0.1,0.7,0.2,0.15,121,2,178,340,0.6797752808988764,0.0058823529411764705,0.68565763384005285
Celeb-DF-v2,0.1,0.7,0.2,0.2,105,10,178,340,0.5898876404494382,0.029411764705882353,0.61929940515532056
Celeb-DF-v2,0.1,0.7,0.2,0.25,85,17,178,340,0.47752808988764045,0.050000000000000003,0.52752808988764044
Celeb-DF-v2,0.1,0.7,0.2,0.3,65,28,178,340,0.3651685393258427,0.082352941176470587,0.44752148050231327
Celeb-DF-v2,0.1,0.7,0.2,0.35,57,56,178,340,0.3202247191011236,0.16470588235294117,0.48493060145406475
Celeb-DF-v2,0.1,0.7,0.2,0.4,46,76,178,340,0.25842696629213485,0.22352941176470589,0.48195637805684077
Celeb-DF-v2,0.1,0.7,0.2,0.45,30,92,178,340,0.16853932584269662,0.27058823529411763,0.43912756113681428
Celeb-DF-v2,0.1,0.7,0.2,0.5,18,116,178,340,0.10112359550561797,0.3411764705882353,0.44230006609385331
Celeb-DF-v2,0.1,0.7,0.2,0.55,13,136,178,340,0.073033707865168537,0.40000000000000002,0.47303370786516857
Celeb-DF-v2,0.1,0.7,0.2,0.6,12,155,178,340,0.06741573033707865,0.45588235294117646,0.52329808327825511
Celeb-DF-v2,0.1,0.7,0.2,0.65,11,178,178,340,0.061797752808988762,0.52352941176470591,0.58532716457369471
Celeb-DF-v2,0.1,0.7,0.2,0.7,5,206,178,340,0.028089887640449437,0.60588235294117643,0.63397224058162582
Celeb-DF-v2,0.1,0.7,0.2,0.75,5,231,178,340,0.028089887640449437,0.67941176470588238,0.70750165234633178
Celeb-DF-v2,0.1,0.7,0.2,0.8,3,250,178,340,0.016853932584269662,0.73529411764705888,0.75214805023132858
Celeb-DF-v2,0.1,0.7,0.2,0.85,2,275,178,340,0.011235955056179775,0.80882352941176472,0.82005948446794452
Celeb-DF-v2,0.1,0.7,0.2,0.9,0,302,178,340,0,0.88823529411764701,0.88823529411764701
Celeb-DF-v2,0.1,0.7,0.2,0.95,0,325,178,340,0,0.95588235294117652,0.95588235294117652
Celeb-DF-v2,0.1,0.7,0.2,1,0,340,178,340,0,1,1
Celeb-DF-v2,0.1,0.75,0.15,0,178,0,178,340,1,0,1
Celeb-DF-v2,0.1,0.75,0.15,0.05,171,0,178,340,0.9606741573033708,0,0.9606741573033708
Celeb-DF-v2,0.1,0.75,0.15,0.1,150,1,178,340,0.84269662921348309,0.0029411764705882353,0.84563780568407132
Celeb-DF-v2,0.1,0.75,0.15,0.15,113,3,178,340,0.6348314606741573,0.0088235294117647058,0.64365499008592197
Celeb-DF-v2,0.1,0.75,0.15,0.2,98,11,178,340,0.550561797752809,0.032352941176470591,0.58291473892927959
Celeb-DF-v2,0.1,0.75,0.15,0.25,79,21,178,340,0.4438202247191011,0.061764705882352944,0.50558493060145404
Celeb-DF-v2,0.1,0.75,0.15,0.3,63,44,178,340,0.3539325842696629,0.12941176470588237,0.48334434897554523
Celeb-DF-v2,0.1,0.75,0.15,0.35,56,62,178,340,0.3146067415730337,0.18235294117647058,0.49695968274950431
Celeb-DF-v2,0.1,0.75,0.15,0.4,47,80,178,340,0.2640449438202247,0.23529411764705882,0.49933906146728352
Celeb-DF-v2,0.1,0.75,0.15,0.45,28,100,178,340,0.15730337078651685,0.29411764705882354,0.45142101784534039
Celeb-DF-v2,0.1,0.75,0.15,0.5,18,123,178,340,0.10112359550561797,0.36176470588235293,0.46288830138797088
Celeb-DF-v2,0.1,0.75,0.15,0.55,13,137,178,340,0.073033707865168537,0.40294117647058825,0.4759748843357568
Celeb-DF-v2,0.1,0.75,0.15,0.6,12,161,178,340,0.06741573033707865,0.47352941176470587,0.54094514210178457
Celeb-DF-v2,0.1,0.75,0.15,0.65,11,184,178,340,0.061797752808988762,0.54117647058823526,0.60297422339722406
Celeb-DF-v2,0.1,0.75,0.15,0.7,7,204,178,340,0.039325842696629212,0.59999999999999998,0.63932584269662918
Celeb-DF-v2,0.1,0.75,0.15,0.75,5,228,178,340,0.028089887640449437,0.6705882352941176,0.69867812293456699
Celeb-DF-v2,0.1,0.75,0.15,0.8,4,247,178,340,0.02247191011235955,0.72647058823529409,0.74894249834765358
Celeb-DF-v2,0.1,0.75,0.15,0.85,2,273,178,340,0.011235955056179775,0.80294117647058827,0.81417713152676807
Celeb-DF-v2,0.1,0.75,0.15,0.9,0,298,178,340,0,0.87647058823529411,0.87647058823529411
Celeb-DF-v2,0.1,0.75,0.15,0.95,0,325,178,340,0,0.95588235294117652,0.95588235294117652
Celeb-DF-v2,0.1,0.75,0.15,1,0,340,178,340,0,1,1
Celeb-DF-v2,0.1,0.8,0.1,0,178,0,178,340,1,0,1
Celeb-DF-v2,0.1,0.8,0.1,0.05,169,0,178,340,0.949438202247191,0,0.949438202247191
Celeb-DF-v2,0.1,0.8,0.1,0.1,142,1,178,340,0.797752808988764,0.0029411764705882353,0.80069398545935222
Celeb-DF-v2,0.1,0.8,0.1,0.15,109,7,178,340,0.61235955056179781,0.020588235294117647,0.63294778585591549
Celeb-DF-v2,0.1,0.8,0.1,0.2,90,16,178,340,0.5056179775280899,0.047058823529411764,0.55267680105750161
Celeb-DF-v2,0.1,0.8,0.1,0.25,73,28,178,340,0.4101123595505618,0.082352941176470587,0.49246530072703237
Celeb-DF-v2,0.1,0.8,0.1,0.3,63,50,178,340,0.3539325842696629,0.14705882352941177,0.5009914077990747
Celeb-DF-v2,0.1,0.8,0.1,0.35,56,68,178,340,0.3146067415730337,0.20000000000000001,0.51460674157303377
Celeb-DF-v2,0.1,0.8,0.1,0.4,46,89,178,340,0.25842696629213485,0.26176470588235295,0.52019167217448781
Celeb-DF-v2,0.1,0.8,0.1,0.45,28,107,178,340,0.15730337078651685,0.31470588235294117,0.47200925313945802
Celeb-DF-v2,0.1,0.8,0.1,0.5,18,124,178,340,0.10112359550561797,0.36470588235294116,0.4658294778585591
Celeb-DF-v2,0.1,0.8,0.1,0.55,13,141,178,340,0.073033707865168537,0.4147058823529412,0.48773959021810975
Celeb-DF-v2,0.1,0.8,0.1,0.6,12,162,178,340,0.06741573033707865,0.47647058823529409,0.5438863185723728
Celeb-DF-v2,0.1,0.8,0.1,0.65,12,188,178,340,0.06741573033707865,0.55294117647058827,0.62035690680766686
Celeb-DF-v2,0.1,0.8,0.1,0.7,8,208,178,340,0.0449438202247191,0.61176470588235299,0.65670852610707209
Celeb-DF-v2,0.1,0.8,0.1,0.75,5,229,178,340,0.028089887640449437,0.67352941176470593,0.70161929940515533
Celeb-DF-v2,0.1,0.8,0.1,0.8,4,248,178,340,0.02247191011235955,0.72941176470588232,0.75188367481824181
Celeb-DF-v2,0.1,0.8,0.1,0.85,2,274,178,340,0.011235955056179775,0.80588235294117649,0.8171183079973563
Celeb-DF-v2,0.1,0.8,0.1,0.9,0,295,178,340,0,0.86764705882352944,0.86764705882352944
Celeb-DF-v2,0.1,0.8,0.1,0.95,0,323,178,340,0,0.94999999999999996,0.94999999999999996
Celeb-DF-v2,0.1,0.8,0.1,1,0,340,178,340,0,1,1
Celeb-DF-v2,0.1,0.85,0.05,0,178,0,178,340,1,0,1
Celeb-DF-v2,0.1,0.85,0.05,0.05,162,0,178,340,0.9101123595505618,0,0.9101123595505618
Celeb-DF-v2,0.1,0.85,0.05,0.1,133,2,178,340,0.7471910112359551,0.0058823529411764705,0.75307336417713155
Celeb-DF-v2,0.1,0.85,0.05,0.15,102,10,178,340,0.5730337078651685,0.029411764705882353,0.60244547257105086
Celeb-DF-v2,0.1,0.85,0.05,0.2,84,20,178,340,0.47191011235955055,0.058823529411764705,0.53073364177131521
Celeb-DF-v2,0.1,0.85,0.05,0.25,73,40,178,340,0.4101123595505618,0.11764705882352941,0.52775941837409124
Celeb-DF-v2,0.1,0.85,0.05,0.3,62,56,178,340,0.34831460674157305,0.16470588235294117,0.51302048909451425
Celeb-DF-v2,0.1,0.85,0.05,0.35,55,78,178,340,0.3089887640449438,0.22941176470588234,0.53840052875082611
Celeb-DF-v2,0.1,0.85,0.05,0.4,47,93,178,340,0.2640449438202247,0.27352941176470591,0.53757435558493061
Celeb-DF-v2,0.1,0.85,0.05,0.45,27,111,178,340,0.15168539325842698,0.32647058823529412,0.47815598149372107
Celeb-DF-v2,0.1,0.85,0.05,0.5,18,128,178,340,0.10112359550561797,0.37647058823529411,0.47759418374091211
Celeb-DF-v2,0.1,0.85,0.05,0.55,13,149,178,340,0.073033707865168537,0.43823529411764706,0.51126900198281555
Celeb-DF-v2,0.1,0.85,0.05,0.6,12,167,178,340,0.06741573033707865,0.49117647058823527,0.55859220092531392
Celeb-DF-v2,0.1,0.85,0.05,0.65,12,189,178,340,0.06741573033707865,0.55588235294117649,0.62329808327825509
Celeb-DF-v2,0.1,0.85,0.05,0.7,9,212,178,340,0.050561797752808987,0.62352941176470589,0.67409120951751489
Celeb-DF-v2,0.1,0.85,0.05,0.75,7,226,178,340,0.039325842696629212,0.66470588235294115,0.70403172504957034
Celeb-DF-v2,0.1,0.85,0.05,0.8,4,250,178,340,0.02247191011235955,0.73529411764705888,0.75776602775941848
Celeb-DF-v2,0.1,0.85,0.05,0.85,2,272,178,340,0.011235955056179775,0.80000000000000004,0.81123595505617985
Celeb-DF-v2,0.1,0.85,0.05,0.9,2,296,178,340,0.011235955056179775,0.87058823529411766,0.88182419035029747
Celeb-DF-v2,0.1,0.85,0.05,0.95,0,319,178,340,0,0.93823529411764706,0.93823529411764706
Celeb-DF-v2,0.1,0.85,0.05,1,0,340,178,340,0,1,1
Celeb-DF-v2,0.1,0.9,0,0,178,0,178,340,1,0,1
Celeb-DF-v2,0.1,0.9,0,0.05,151,1,178,340,0.848314606741573,0.0029411764705882353,0.85125578321216122
Celeb-DF-v2,0.1,0.9,0,0.1,125,6,178,340,0.702247191011236,0.017647058823529412,0.71989424983476547
Celeb-DF-v2,0.1,0.9,0,0.15,96,17,178,340,0.5393258426966292,0.050000000000000003,0.58932584269662924
Celeb-DF-v2,0.1,0.9,0,0.2,79,31,178,340,0.4438202247191011,0.091176470588235289,0.5349966953073364
Celeb-DF-v2,0.1,0.9,0,0.25,70,44,178,340,0.39325842696629215,0.12941176470588237,0.52267019167217454
Celeb-DF-v2,0.1,0.9,0,0.3,61,59,178,340,0.34269662921348315,0.17352941176470588,0.51622604097818903
Celeb-DF-v2,0.1,0.9,0,0.35,55,82,178,340,0.3089887640449438,0.2411764705882353,0.55016523463317912
Celeb-DF-v2,0.1,0.9,0,0.4,47,102,178,340,0.2640449438202247,0.29999999999999999,0.56404494382022463
Celeb-DF-v2,0.1,0.9,0,0.45,29,113,178,340,0.16292134831460675,0.33235294117647057,0.49527428949107732
Celeb-DF-v2,0.1,0.9,0,0.5,17,128,178,340,0.095505617977528087,0.37647058823529411,0.47197620621282221
Celeb-DF-v2,0.1,0.9,0,0.55,13,151,178,340,0.073033707865168537,0.44411764705882351,0.517151354923992
Celeb-DF-v2,0.1,0.9,0,0.6,13,175,178,340,0.073033707865168537,0.51470588235294112,0.58773959021810962
Celeb-DF-v2,0.1,0.9,0,0.65,12,191,178,340,0.06741573033707865,0.56176470588235294,0.62918043621943154
Celeb-DF-v2,0.1,0.9,0,0.7,10,212,178,340,0.056179775280898875,0.62352941176470589,0.67970918704560479
Celeb-DF-v2,0.1,0.9,0,0.75,8,226,178,340,0.0449438202247191,0.66470588235294115,0.70964970257766025
Celeb-DF-v2,0.1,0.9,0,0.8,4,247,178,340,0.02247191011235955,0.72647058823529409,0.74894249834765358
Celeb-DF-v2,0.1,0.9,0,0.85,2,270,178,340,0.011235955056179775,0.79411764705882348,0.80535360211500329
Celeb-DF-v2,0.1,0.9,0,0.9,2,292,178,340,0.011235955056179775,0.85882352941176465,0.87005948446794446
Celeb-DF-v2,0.1,0.9,0,0.95,0,316,178,340,0,0.92941176470588238,0.92941176470588238
Celeb-DF-v2,0.1,0.9,0,1,0,340,178,340,0,1,1
Celeb-DF-v2,0.15,0,0.85,0,178,0,178,340,1,0,1
Celeb-DF-v2,0.15,0,0.85,0.05,177,0,178,340,0.9943820224719101,0,0.9943820224719101
Celeb-DF-v2,0.15,0,0.85,0.1,171,0,178,340,0.9606741573033708,0,0.9606741573033708
Celeb-DF-v2,0.15,0,0.85,0.15,158,0,178,340,0.88764044943820219,0,0.88764044943820219
Celeb-DF-v2,0.15,0,0.85,0.2,138,3,178,340,0.7752808988764045,0.0088235294117647058,0.78410442828816918
Celeb-DF-v2,0.15,0,0.85,0.25,125,5,178,340,0.702247191011236,0.014705882352941176,0.71695307336417713
Celeb-DF-v2,0.15,0,0.85,0.3,111,9,178,340,0.6235955056179775,0.026470588235294117,0.65006609385327163
Celeb-DF-v2,0.15,0,0.85,0.35,95,16,178,340,0.5337078651685393,0.047058823529411764,0.58076668869795101
Celeb-DF-v2,0.15,0,0.85,0.4,81,30,178,340,0.4550561797752809,0.088235294117647065,0.54329147389292798
Celeb-DF-v2,0.15,0,0.85,0.45,70,43,178,340,0.39325842696629215,0.12647058823529411,0.51972901520158632
Celeb-DF-v2,0.15,0,0.85,0.5,59,56,178,340,0.33146067415730335,0.16470588235294117,0.49616655651024455
Celeb-DF-v2,0.15,0,0.85,0.55,46,72,178,340,0.25842696629213485,0.21176470588235294,0.47019167217448776
Celeb-DF-v2,0.15,0,0.85,0.6,37,92,178,340,0.20786516853932585,0.27058823529411763,0.47845340383344348
Celeb-DF-v2,0.15,0,0.85,0.65,26,110,178,340,0.14606741573033707,0.3235294117647059,0.46959682749504295
Celeb-DF-v2,0.15,0,0.85,0.7,17,135,178,340,0.095505617977528087,0.39705882352941174,0.49256444150693984
Celeb-DF-v2,0.15,0,0.85,0.75,11,165,178,340,0.061797752808988762,0.48529411764705882,0.54709187045604757
Celeb-DF-v2,0.15,0,0.85,0.8,3,194,178,340,0.016853932584269662,0.57058823529411762,0.58744216787838732
Celeb-DF-v2,0.15,0,0.85,0.85,2,229,178,340,0.011235955056179775,0.67352941176470593,0.68476536682088573
Celeb-DF-v2,0.15,0,0.85,0.9,0,271,178,340,0,0.79705882352941182,0.79705882352941182
Celeb-DF-v2,0.15,0,0.85,0.95,0,317,178,340,0,0.93235294117647061,0.93235294117647061
Celeb-DF-v2,0.15,0,0.85,1,0,340,178,340,0,1,1
Celeb-DF-v2,0.15,0.05,0.8,0,178,0,178,340,1,0,1
Celeb-DF-v2,0.15,0.05,0.8,0.05,177,0,178,340,0.9943820224719101,0,0.9943820224719101
Celeb-DF-v2,0.15,0.05,0.8,0.1,171,0,178,340,0.9606741573033708,0,0.9606741573033708
Celeb-DF-v2,0.15,0.05,0.8,0.15,158,0,178,340,0.88764044943820219,0,0.88764044943820219
Celeb-DF-v2,0.15,0.05,0.8,0.2,137,3,178,340,0.7696629213483146,0.0088235294117647058,0.77848645076007927
Celeb-DF-v2,0.15,0.05,0.8,0.25,127,5,178,340,0.7134831460674157,0.014705882352941176,0.72818902842035682
Celeb-DF-v2,0.15,0.05,0.8,0.3,109,9,178,340,0.61235955056179781,0.026470588235294117,0.63883013879709194
Celeb-DF-v2,0.15,0.05,0.8,0.35,91,15,178,340,0.5112359550561798,0.044117647058823532,0.55535360211500329
Celeb-DF-v2,0.15,0.05,0.8,0.4,80,30,178,340,0.449438202247191,0.088235294117647065,0.53767349636483808
Celeb-DF-v2,0.15,0.05,0.8,0.45,69,44,178,340,0.38764044943820225,0.12941176470588237,0.51705221414408464
Celeb-DF-v2,0.15,0.05,0.8,0.5,54,56,178,340,0.30337078651685395,0.16470588235294117,0.46807666886979515
Celeb-DF-v2,0.15,0.05,0.8,0.55,41,74,178,340,0.2303370786516854,0.21764705882352942,0.44798413747521482
Celeb-DF-v2,0.15,0.05,0.8,0.6,35,93,178,340,0.19662921348314608,0.27352941176470591,0.47015862524785201
Celeb-DF-v2,0.15,0.05,0.8,0.65,22,113,178,340,0.12359550561797752,0.33235294117647057,0.45594844679444813
Celeb-DF-v2,0.15,0.05,0.8,0.7,13,141,178,340,0.073033707865168537,0.4147058823529412,0.48773959021810975
Celeb-DF-v2,0.15,0.05,0.8,0.75,6,170,178,340,0.033707865168539325,0.5,0.5337078651685393
Celeb-DF-v2,0.15,0.05,0.8,0.8,2,201,178,340,0.011235955056179775,0.5911764705882353,0.60241242564441511
Celeb-DF-v2,0.15,0.05,0.8,0.85,0,241,178,340,0,0.70882352941176474,0.70882352941176474
Celeb-DF-v2,0.15,0.05,0.8,0.9,0,283,178,340,0,0.83235294117647063,0.83235294117647063
Celeb-DF-v2,0.15,0.05,0.8,0.95,0,322,178,340,0,0.94705882352941173,0.94705882352941173
Celeb-DF-v2,0.15,0.05,0.8,1,0,340,178,340,0,1,1
Celeb-DF-v2,0.15,0.1,0.75,0,178,0,178,340,1,0,1
Celeb-DF-v2,0.15,0.1,0.75,0.05,177,0,178,340,0.9943820224719101,0,0.9943820224719101
Celeb-DF-v2,0.15,0.1,0.75,0.1,172,0,178,340,0.9662921348314607,0,0.9662921348314607
Celeb-DF-v2,0.15,0.1,0.75,0.15,155,0,178,340,0.8707865168539326,0,0.8707865168539326
Celeb-DF-v2,0.15,0.1,0.75,0.2,137,3,178,340,0.7696629213483146,0.0088235294117647058,0.77848645076007927
Celeb-DF-v2,0.15,0.1,0.75,0.25,127,6,178,340,0.7134831460674157,0.017647058823529412,0.73113020489094516
Celeb-DF-v2,0.15,0.1,0.75,0.3,110,10,178,340,0.6179775280898876,0.029411764705882353,0.64738929279576996
Celeb-DF-v2,0.15,0.1,0.75,0.35,90,16,178,340,0.5056179775280899,0.047058823529411764,0.55267680105750161
Celeb-DF-v2,0.15,0.1,0.75,0.4,78,30,178,340,0.43820224719101125,0.088235294117647065,0.52643754130865827
Celeb-DF-v2,0.15,0.1,0.75,0.45,68,40,178,340,0.38202247191011235,0.11764705882352941,0.49966953073364173
Celeb-DF-v2,0.15,0.1,0.75,0.5,47,55,178,340,0.2640449438202247,0.16176470588235295,0.42580964970257762
Celeb-DF-v2,0.15,0.1,0.75,0.55,38,75,178,340,0.21348314606741572,0.22058823529411764,0.43407138136153334
Celeb-DF-v2,0.15,0.1,0.75,0.6,29,91,178,340,0.16292134831460675,0.2676470588235294,0.43056840713813616
Celeb-DF-v2,0.15,0.1,0.75,0.65,18,120,178,340,0.10112359550561797,0.35294117647058826,0.45406477197620621
Celeb-DF-v2,0.15,0.1,0.75,0.7,10,144,178,340,0.056179775280898875,0.42352941176470588,0.47970918704560472
Celeb-DF-v2,0.15,0.1,0.75,0.75,4,181,178,340,0.02247191011235955,0.53235294117647058,0.55482485128883008
Celeb-DF-v2,0.15,0.1,0.75,0.8,1,214,178,340,0.0056179775280898875,0.62941176470588234,0.63502974223397224
Celeb-DF-v2,0.15,0.1,0.75,0.85,0,250,178,340,0,0.73529411764705888,0.73529411764705888
Celeb-DF-v2,0.15,0.1,0.75,0.9,0,291,178,340,0,0.85588235294117643,0.85588235294117643
Celeb-DF-v2,0.15,0.1,0.75,0.95,0,325,178,340,0,0.95588235294117652,0.95588235294117652
Celeb-DF-v2,0.15,0.1,0.75,1,0,340,178,340,0,1,1
Celeb-DF-v2,0.15,0.15,0.7,0,178,0,178,340,1,0,1
Celeb-DF-v2,0.15,0.15,0.7,0.05,176,0,178,340,0.9887640449438202,0,0.9887640449438202
Celeb-DF-v2,0.15,0.15,0.7,0.1,173,0,178,340,0.9719101123595506,0,0.9719101123595506
Celeb-DF-v2,0.15,0.15,0.7,0.15,155,0,178,340,0.8707865168539326,0,0.8707865168539326
Celeb-DF-v2,0.15,0.15,0.7,0.2,135,2,178,340,0.7584269662921348,0.0058823529411764705,0.76430931923331125
Celeb-DF-v2,0.15,0.15,0.7,0.25,127,6,178,340,0.7134831460674157,0.017647058823529412,0.73113020489094516
Celeb-DF-v2,0.15,0.15,0.7,0.3,107,8,178,340,0.601123595505618,0.023529411764705882,0.62465300727032391
Celeb-DF-v2,0.15,0.15,0.7,0.35,89,18,178,340,0.5,0.052941176470588235,0.55294117647058827
Celeb-DF-v2,0.15,0.15,0.7,0.4,77,30,178,340,0.43258426966292135,0.088235294117647065,0.52081956378056837
Celeb-DF-v2,0.15,0.15,0.7,0.45,66,39,178,340,0.3707865168539326,0.11470588235294117,0.48549239920687376
Celeb-DF-v2,0.15,0.15,0.7,0.5,43,56,178,340,0.24157303370786518,0.16470588235294117,0.40627891606080635
Celeb-DF-v2,0.15,0.15,0.7,0.55,36,73,178,340,0.20224719101123595,0.21470588235294116,0.41695307336417708
Celeb-DF-v2,0.15,0.15,0.7,0.6,25,94,178,340,0.1404494382022472,0.27647058823529413,0.41692002643754134
Celeb-DF-v2,0.15,0.15,0.7,0.65,18,125,178,340,0.10112359550561797,0.36764705882352944,0.46877065432914744
Celeb-DF-v2,0.15,0.15,0.7,0.7,6,149,178,340,0.033707865168539325,0.43823529411764706,0.47194315928618635
Celeb-DF-v2,0.15,0.15,0.7,0.75,3,191,178,340,0.016853932584269662,0.56176470588235294,0.57861863846662265
Celeb-DF-v2,0.15,0.15,0.7,0.8,0,227,178,340,0,0.66764705882352937,0.66764705882352937
Celeb-DF-v2,0.15,0.15,0.7,0.85,0,263,178,340,0,0.77352941176470591,0.77352941176470591
Celeb-DF-v2,0.15,0.15,0.7,0.9,0,295,178,340,0,0.86764705882352944,0.86764705882352944
Celeb-DF-v2,0.15,0.15,0.7,0.95,0,325,178,340,0,0.95588235294117652,0.95588235294117652
Celeb-DF-v2,0.15,0.15,0.7,1,0,340,178,340,0,1,1
Celeb-DF-v2,0.15,0.2,0.65,0,178,0,178,340,1,0,1
Celeb-DF-v2,0.15,0.2,0.65,0.05,176,0,178,340,0.9887640449438202,0,0.9887640449438202
Celeb-DF-v2,0.15,0.2,0.65,0.1,173,0,178,340,0.9719101123595506,0,0.9719101123595506
Celeb-DF-v2,0.15,0.2,0.65,0.15,155,0,178,340,0.8707865168539326,0,0.8707865168539326
Celeb-DF-v2,0.15,0.2,0.65,0.2,134,2,178,340,0.7528089887640449,0.0058823529411764705,0.75869134170522134
Celeb-DF-v2,0.15,0.2,0.65,0.25,124,6,178,340,0.6966292134831461,0.017647058823529412,0.71427627230667556
Celeb-DF-v2,0.15,0.2,0.65,0.3,106,9,178,340,0.5955056179775281,0.026470588235294117,0.62197620621282224
Celeb-DF-v2,0.15,0.2,0.65,0.35,87,18,178,340,0.4887640449438202,0.052941176470588235,0.54170522141440847
Celeb-DF-v2,0.15,0.2,0.65,0.4,75,27,178,340,0.42134831460674155,0.079411764705882348,0.5007600793126239
Celeb-DF-v2,0.15,0.2,0.65,0.45,58,40,178,340,0.3258426966292135,0.11764705882352941,0.44348975545274294
Celeb-DF-v2,0.15,0.2,0.65,0.5,40,58,178,340,0.2247191011235955,0.17058823529411765,0.39530733641771315
Celeb-DF-v2,0.15,0.2,0.65,0.55,32,79,178,340,0.1797752808988764,0.2323529411764706,0.41212822207534699
Celeb-DF-v2,0.15,0.2,0.65,0.6,20,98,178,340,0.11235955056179775,0.28823529411764703,0.40059484467944478
Celeb-DF-v2,0.15,0.2,0.65,0.65,12,130,178,340,0.06741573033707865,0.38235294117647056,0.44976867151354921
Celeb-DF-v2,0.15,0.2,0.65,0.7,6,157,178,340,0.033707865168539325,0.46176470588235297,0.49547257105089226
Celeb-DF-v2,0.15,0.2,0.65,0.75,3,195,178,340,0.016853932584269662,0.57352941176470584,0.59038334434897555
Celeb-DF-v2,0.15,0.2,0.65,0.8,0,239,178,340,0,0.70294117647058818,0.70294117647058818
Celeb-DF-v2,0.15,0.2,0.65,0.85,0,270,178,340,0,0.79411764705882348,0.79411764705882348
Celeb-DF-v2,0.15,0.2,0.65,0.9,0,297,178,340,0,0.87352941176470589,0.87352941176470589
Celeb-DF-v2,0.15,0.2,0.65,0.95,0,325,178,340,0,0.95588235294117652,0.95588235294117652
Celeb-DF-v2,0.15,0.2,0.65,1,0,340,178,340,0,1,1
Celeb-DF-v2,0.15,0.25,0.6,0,178,0,178,340,1,0,1
Celeb-DF-v2,0.15,0.25,0.6,0.05,176,0,178,340,0.9887640449438202,0,0.9887640449438202
Celeb-DF-v2,0.15,0.25,0.6,0.1,173,0,178,340,0.9719101123595506,0,0.9719101123595506
Celeb-DF-v2,0.15,0.25,0.6,0.15,153,0,178,340,0.8595505617977528,0,0.8595505617977528
Celeb-DF-v2,0.15,0.25,0.6,0.2,133,1,178,340,0.7471910112359551,0.0029411764705882353,0.75013218770654333
Celeb-DF-v2,0.15,0.25,0.6,0.25,122,7,178,340,0.6853932584269663,0.020588235294117647,0.70598149372108399
Celeb-DF-v2,0.15,0.25,0.6,0.3,105,8,178,340,0.5898876404494382,0.023529411764705882,0.61341705221414411
Celeb-DF-v2,0.15,0.25,0.6,0.35,87,20,178,340,0.4887640449438202,0.058823529411764705,0.54758757435558492
Celeb-DF-v2,0.15,0.25,0.6,0.4,73,30,178,340,0.4101123595505618,0.088235294117647065,0.49834765366820888
Celeb-DF-v2,0.15,0.25,0.6,0.45,55,40,178,340,0.3089887640449438,0.11764705882352941,0.42663582286847324
Celeb-DF-v2,0.15,0.25,0.6,0.5,39,58,178,340,0.21910112359550563,0.17058823529411765,0.38968935888962331
Celeb-DF-v2,0.15,0.25,0.6,0.55,29,83,178,340,0.16292134831460675,0.24411764705882352,0.40703899537343025
Celeb-DF-v2,0.15,0.25,0.6,0.6,15,107,178,340,0.084269662921348312,0.31470588235294117,0.39897554527428947
Celeb-DF-v2,0.15,0.25,0.6,0.65,9,131,178,340,0.050561797752808987,0.38529411764705884,0.43585591539986784
Celeb-DF-v2,0.15,0.25,0.6,0.7,6,169,178,340,0.033707865168539325,0.49705882352941178,0.53076668869795107
Celeb-DF-v2,0.15,0.25,0.6,0.75,2,205,178,340,0.011235955056179775,0.6029411764705882,0.61417713152676801
Celeb-DF-v2,0.15,0.25,0.6,0.8,0,239,178,340,0,0.70294117647058818,0.70294117647058818
Celeb-DF-v2,0.15,0.25,0.6,0.85,0,275,178,340,0,0.80882352941176472,0.80882352941176472
Celeb-DF-v2,0.15,0.25,0.6,0.9,0,300,178,340,0,0.88235294117647056,0.88235294117647056
Celeb-DF-v2,0.15,0.25,0.6,0.95,0,325,178,340,0,0.95588235294117652,0.95588235294117652
Celeb-DF-v2,0.15,0.25,0.6,1,0,340,178,340,0,1,1
Celeb-DF-v2,0.15,0.3,0.55,0,178,0,178,340,1,0,1
Celeb-DF-v2,0.15,0.3,0.55,0.05,176,0,178,340,0.9887640449438202,0,0.9887640449438202
Celeb-DF-v2,0.15,0.3,0.55,0.1,172,0,178,340,0.9662921348314607,0,0.9662921348314607
Celeb-DF-v2,0.15,0.3,0.55,0.15,152,0,178,340,0.8539325842696629,0,0.8539325842696629
Celeb-DF-v2,0.15,0.3,0.55,0.2,135,0,178,340,0.7584269662921348,0,0.7584269662921348
Celeb-DF-v2,0.15,0.3,0.55,0.25,118,7,178,340,0.6629213483146067,0.020588235294117647,0.68350958360872438
Celeb-DF-v2,0.15,0.3,0.55,0.3,102,8,178,340,0.5730337078651685,0.023529411764705882,0.59656311962987441
Celeb-DF-v2,0.15,0.3,0.55,0.35,83,22,178,340,0.46629213483146065,0.064705882352941183,0.53099801718440187
Celeb-DF-v2,0.15,0.3,0.55,0.4,69,32,178,340,0.38764044943820225,0.094117647058823528,0.48175809649702578
Celeb-DF-v2,0.15,0.3,0.55,0.45,51,40,178,340,0.28651685393258425,0.11764705882352941,0.40416391275611363
Celeb-DF-v2,0.15,0.3,0.55,0.5,36,63,178,340,0.20224719101123595,0.18529411764705883,0.38754130865829478
Celeb-DF-v2,0.15,0.3,0.55,0.55,27,88,178,340,0.15168539325842698,0.25882352941176473,0.41050892267019168
Celeb-DF-v2,0.15,0.3,0.55,0.6,14,114,178,340,0.078651685393258425,0.3352941176470588,0.41394580304031725
Celeb-DF-v2,0.15,0.3,0.55,0.65,7,142,178,340,0.039325842696629212,0.41764705882352943,0.45697290152015863
Celeb-DF-v2,0.15,0.3,0.55,0.7,6,177,178,340,0.033707865168539325,0.52058823529411768,0.55429610046265698
Celeb-DF-v2,0.15,0.3,0.55,0.75,3,211,178,340,0.016853932584269662,0.62058823529411766,0.63744216787838737
Celeb-DF-v2,0.15,0.3,0.55,0.8,0,247,178,340,0,0.72647058823529409,0.72647058823529409
Celeb-DF-v2,0.15,0.3,0.55,0.85,0,278,178,340,0,0.81764705882352939,0.81764705882352939
Celeb-DF-v2,0.15,0.3,0.55,0.9,0,302,178,340,0,0.88823529411764701,0.88823529411764701
Celeb-DF-v2,0.15,0.3,0.55,0.95,0,324,178,340,0,0.95294117647058818,0.95294117647058818
Celeb-DF-v2,0.15,0.3,0.55,1,0,340,178,340,0,1,1
Celeb-DF-v2,0.15,0.35,0.5,0,178,0,178,340,1,0,1
Celeb-DF-v2,0.15,0.35,0.5,0.05,176,0,178,340,0.9887640449438202,0,0.9887640449438202
Celeb-DF-v2,0.15,0.35,0.5,0.1,171,0,178,340,0.9606741573033708,0,0.9606741573033708
Celeb-DF-v2,0.15,0.35,0.5,0.15,151,0,178,340,0.848314606741573,0,0.848314606741573
Celeb-DF-v2,0.15,0.35,0.5,0.2,134,1,178,340,0.7528089887640449,0.0029411764705882353,0.75575016523463312
Celeb-DF-v2,0.15,0.35,0.5,0.25,116,7,178,340,0.651685393258427,0.020588235294117647,0.67227362855254469
Celeb-DF-v2,0.15,0.35,0.5,0.3,102,9,178,340,0.5730337078651685,0.026470588235294117,0.59950429610046263
Celeb-DF-v2,0.15,0.35,0.5,0.35,82,22,178,340,0.4606741573033708,0.064705882352941183,0.52538003965631197
Celeb-DF-v2,0.15,0.35,0.5,0.4,60,32,178,340,0.33707865168539325,0.094117647058823528,0.43119629874421678
Celeb-DF-v2,0.15,0.35,0.5,0.45,50,42,178,340,0.2808988764044944,0.12352941176470589,0.40442828816920029
Celeb-DF-v2,0.15,0.35,0.5,0.5,32,67,178,340,0.1797752808988764,0.19705882352941176,0.37683410442828813
Celeb-DF-v2,0.15,0.35,0.5,0.55,20,92,178,340,0.11235955056179775,0.27058823529411763,0.38294778585591538
Celeb-DF-v2,0.15,0.35,0.5,0.6,11,123,178,340,0.061797752808988762,0.36176470588235293,0.42356245869134168
Celeb-DF-v2,0.15,0.35,0.5,0.65,7,148,178,340,0.039325842696629212,0.43529411764705883,0.47461996034368803
Celeb-DF-v2,0.15,0.35,0.5,0.7,6,185,178,340,0.033707865168539325,0.54411764705882348,0.57782551222736278
Celeb-DF-v2,0.15,0.35,0.5,0.75,4,215,178,340,0.02247191011235955,0.63235294117647056,0.65482485128883017
Celeb-DF-v2,0.15,0.35,0.5,0.8,0,250,178,340,0,0.73529411764705888,0.73529411764705888
Celeb-DF-v2,0.15,0.35,0.5,0.85,0,279,178,340,0,0.82058823529411762,0.82058823529411762
Celeb-DF-v2,0.15,0.35,0.5,0.9,0,302,178,340,0,0.88823529411764701,0.88823529411764701
Celeb-DF-v2,0.15,0.35,0.5,0.95,0,328,178,340,0,0.96470588235294119,0.96470588235294119
Celeb-DF-v2,0.15,0.35,0.5,1,0,340,178,340,0,1,1
Celeb-DF-v2,0.15,0.4,0.45,0,178,0,178,340,1,0,1
Celeb-DF-v2,0.15,0.4,0.45,0.05,176,0,178,340,0.9887640449438202,0,0.9887640449438202
Celeb-DF-v2,0.15,0.4,0.45,0.1,169,0,178,340,0.949438202247191,0,0.949438202247191
Celeb-DF-v2,0.15,0.4,0.45,0.15,148,0,178,340,0.8314606741573034,0,0.8314606741573034
Celeb-DF-v2,0.15,0.4,0.45,0.2,130,2,178,340,0.7303370786516854,0.0058823529411764705,0.73621943159286185
Celeb-DF-v2,0.15,0.4,0.45,0.25,112,7,178,340,0.6292134831460674,0.020588235294117647,0.64980171844018508
Celeb-DF-v2,0.15,0.4,0.45,0.3,98,11,178,340,0.550561797752809,0.032352941176470591,0.58291473892927959
Celeb-DF-v2,0.15,0.4,0.45,0.35,79,25,178,340,0.4438202247191011,0.073529411764705885,0.51734963648380694
Celeb-DF-v2,0.15,0.4,0.45,0.4,58,33,178,340,0.3258426966292135,0.097058823529411767,0.42290152015862525
Celeb-DF-v2,0.15,0.4,0.45,0.45,46,48,178,340,0.25842696629213485,0.14117647058823529,0.39960343688037014
Celeb-DF-v2,0.15,0.4,0.45,0.5,29,73,178,340,0.16292134831460675,0.21470588235294116,0.37762723066754789
Celeb-DF-v2,0.15,0.4,0.45,0.55,18,100,178,340,0.10112359550561797,0.29411764705882354,0.39524124256444149
Celeb-DF-v2,0.15,0.4,0.45,0.6,8,130,178,340,0.0449438202247191,0.38235294117647056,0.42729676140118966
Celeb-DF-v2,0.15,0.4,0.45,0.65,7,158,178,340,0.039325842696629212,0.46470588235294119,0.50403172504957039
Celeb-DF-v2,0.15,0.4,0.45,0.7,5,186,178,340,0.028089887640449437,0.54705882352941182,0.57514871116986122
Celeb-DF-v2,0.15,0.4,0.45,0.75,5,220,178,340,0.028089887640449437,0.6470588235294118,0.67514871116986119
Celeb-DF-v2,0.15,0.4,0.45,0.8,0,248,178,340,0,0.72941176470588232,0.72941176470588232
Celeb-DF-v2,0.15,0.4,0.45,0.85,0,278,178,340,0,0.81764705882352939,0.81764705882352939
Celeb-DF-v2,0.15,0.4,0.45,0.9,0,303,178,340,0,0.89117647058823535,0.89117647058823535
Celeb-DF-v2,0.15,0.4,0.45,0.95,0,328,178,340,0,0.96470588235294119,0.96470588235294119
Celeb-DF-v2,0.15,0.4,0.45,1,0,340,178,340,0,1,1
Celeb-DF-v2,0.15,0.45,0.4,0,178,0,178,340,1,0,1
Celeb-DF-v2,0.15,0.45,0.4,0.05,176,0,178,340,0.9887640449438202,0,0.9887640449438202
Celeb-DF-v2,0.15,0.45,0.4,0.1,168,0,178,340,0.9438202247191011,0,0.9438202247191011
Celeb-DF-v2,0.15,0.45,0.4,0.15,146,0,178,340,0.8202247191011236,0,0.8202247191011236
Celeb-DF-v2,0.15,0.45,0.4,0.2,125,3,178,340,0.702247191011236,0.0088235294117647058,0.71107072042300068
Celeb-DF-v2,0.15,0.45,0.4,0.25,112,7,178,340,0.6292134831460674,0.020588235294117647,0.64980171844018508
Celeb-DF-v2,0.15,0.45,0.4,0.3,93,13,178,340,0.52247191011235961,0.038235294117647062,0.56070720423000664
Celeb-DF-v2,0.15,0.45,0.4,0.35,72,28,178,340,0.4044943820224719,0.082352941176470587,0.48684732319894247
Celeb-DF-v2,0.15,0.45,0.4,0.4,56,35,178,340,0.3146067415730337,0.10294117647058823,0.4175479180436219
Celeb-DF-v2,0.15,0.45,0.4,0.45,37,55,178,340,0.20786516853932585,0.16176470588235295,0.36962987442167883
Celeb-DF-v2,0.15,0.45,0.4,0.5,27,85,178,340,0.15168539325842698,0.25,0.401685393258427
Celeb-DF-v2,0.15,0.45,0.4,0.55,17,110,178,340,0.095505617977528087,0.3235294117647059,0.419035029742234
Celeb-DF-v2,0.15,0.45,0.4,0.6,9,133,178,340,0.050561797752808987,0.39117647058823529,0.44173826834104429
Celeb-DF-v2,0.15,0.45,0.4,0.65,7,163,178,340,0.039325842696629212,0.47941176470588237,0.51873760740251162
Celeb-DF-v2,0.15,0.45,0.4,0.7,5,187,178,340,0.028089887640449437,0.55000000000000004,0.57808988764044944
Celeb-DF-v2,0.15,0.45,0.4,0.75,5,228,178,340,0.028089887640449437,0.6705882352941176,0.69867812293456699
Celeb-DF-v2,0.15,0.45,0.4,0.8,0,253,178,340,0,0.74411764705882355,0.74411764705882355
Celeb-DF-v2,0.15,0.45,0.4,0.85,0,278,178,340,0,0.81764705882352939,0.81764705882352939
Celeb-DF-v2,0.15,0.45,0.4,0.9,0,302,178,340,0,0.88823529411764701,0.88823529411764701
Celeb-DF-v2,0.15,0.45,0.4,0.95,0,329,178,340,0,0.96764705882352942,0.96764705882352942
Celeb-DF-v2,0.15,0.45,0.4,1,0,340,178,340,0,1,1
Celeb-DF-v2,0.15,0.5,0.35,0,178,0,178,340,1,0,1
Celeb-DF-v2,0.15,0.5,0.35,0.05,176,0,178,340,0.9887640449438202,0,0.9887640449438202
Celeb-DF-v2,0.15,0.5,0.35,0.1,166,0,178,340,0.93258426966292129,0,0.93258426966292129
Celeb-DF-v2,0.15,0.5,0.35,0.15,142,0,178,340,0.797752808988764,0,0.797752808988764
Celeb-DF-v2,0.15,0.5,0.35,0.2,121,4,178,340,0.6797752808988764,0.011764705882352941,0.6915399867812293
Celeb-DF-v2,0.15,0.5,0.35,0.25,108,6,178,340,0.6067415730337079,0.017647058823529412,0.62438863185723736
Celeb-DF-v2,0.15,0.5,0.35,0.3,87,15,178,340,0.4887640449438202,0.044117647058823532,0.53288169200264368
Celeb-DF-v2,0.15,0.5,0.35,0.35,66,30,178,340,0.3707865168539326,0.088235294117647065,0.45902181097157968
Celeb-DF-v2,0.15,0.5,0.35,0.4,51,38,178,340,0.28651685393258425,0.11176470588235295,0.39828155981493718
Celeb-DF-v2,0.15,0.5,0.35,0.45,36,65,178,340,0.20224719101123595,0.19117647058823528,0.39342366159947123
Celeb-DF-v2,0.15,0.5,0.35,0.5,25,91,178,340,0.1404494382022472,0.2676470588235294,0.40809649702577661
Celeb-DF-v2,0.15,0.5,0.35,0.55,19,114,178,340,0.10674157303370786,0.3352941176470588,0.44203569068076665
Celeb-DF-v2,0.15,0.5,0.35,0.6,11,144,178,340,0.061797752808988762,0.42352941176470588,0.48532716457369462
Celeb-DF-v2,0.15,0.5,0.35,0.65,6,163,178,340,0.033707865168539325,0.47941176470588237,0.51311962987442172
Celeb-DF-v2,0.15,0.5,0.35,0.7,5,193,178,340,0.028089887640449437,0.56764705882352939,0.59573694646397879
Celeb-DF-v2,0.15,0.5,0.35,0.75,5,228,178,340,0.028089887640449437,0.6705882352941176,0.69867812293456699
Celeb-DF-v2,0.15,0.5,0.35,0.8,2,251,178,340,0.011235955056179775,0.7382352941176471,0.7494712491738269
Celeb-DF-v2,0.15,0.5,0.35,0.85,0,281,178,340,0,0.82647058823529407,0.82647058823529407
Celeb-DF-v2,0.15,0.5,0.35,0.9,0,303,178,340,0,0.89117647058823535,0.89117647058823535
Celeb-DF-v2,0.15,0.5,0.35,0.95,0,330,178,340,0,0.97058823529411764,0.97058823529411764
Celeb-DF-v2,0.15,0.5,0.35,1,0,340,178,340,0,1,1
Celeb-DF-v2,0.15,0.55,0.3,0,178,0,178,340,1,0,1
Celeb-DF-v2,0.15,0.55,0.3,0.05,175,0,178,340,0.9831460674157303,0,0.9831460674157303
Celeb-DF-v2,0.15,0.55,0.3,0.1,166,0,178,340,0.93258426966292129,0,0.93258426966292129
Celeb-DF-v2,0.15,0.55,0.3,0.15,134,0,178,340,0.7528089887640449,0,0.7528089887640449
Celeb-DF-v2,0.15,0.55,0.3,0.2,121,4,178,340,0.6797752808988764,0.011764705882352941,0.6915399867812293
Celeb-DF-v2,0.15,0.55,0.3,0.25,105,9,178,340,0.5898876404494382,0.026470588235294117,0.61635822868473233
Celeb-DF-v2,0.15,0.55,0.3,0.3,80,18,178,340,0.449438202247191,0.052941176470588235,0.50237937871777927
Celeb-DF-v2,0.15,0.55,0.3,0.35,68,31,178,340,0.38202247191011235,0.091176470588235289,0.47319894249834765
Celeb-DF-v2,0.15,0.55,0.3,0.4,48,48,178,340,0.2696629213483146,0.14117647058823529,0.41083939193654989
Celeb-DF-v2,0.15,0.55,0.3,0.45,34,75,178,340,0.19101123595505617,0.22058823529411764,0.41159947124917384
Celeb-DF-v2,0.15,0.55,0.3,0.5,23,98,178,340,0.12921348314606743,0.28823529411764703,0.41744877726371443
Celeb-DF-v2,0.15,0.55,0.3,0.55,15,121,178,340,0.084269662921348312,0.35588235294117648,0.44015201586252478
Celeb-DF-v2,0.15,0.55,0.3,0.6,11,146,178,340,0.061797752808988762,0.42941176470588233,0.49120951751487107
Celeb-DF-v2,0.15,0.55,0.3,0.65,6,164,178,340,0.033707865168539325,0.4823529411764706,0.51606080634500995
Celeb-DF-v2,0.15,0.55,0.3,0.7,5,200,178,340,0.028089887640449437,0.58823529411764708,0.61632518175809647
Celeb-DF-v2,0.15,0.55,0.3,0.75,5,226,178,340,0.028089887640449437,0.66470588235294115,0.69279576999339054
Celeb-DF-v2,0.15,0.55,0.3,0.8,3,251,178,340,0.016853932584269662,0.7382352941176471,0.7550892267019168
Celeb-DF-v2,0.15,0.55,0.3,0.85,0,282,178,340,0,0.8294117647058824,0.8294117647058824
Celeb-DF-v2,0.15,0.55,0.3,0.9,0,302,178,340,0,0.88823529411764701,0.88823529411764701
Celeb-DF-v2,0.15,0.55,0.3,0.95,0,330,178,340,0,0.97058823529411764,0.97058823529411764
Celeb-DF-v2,0.15,0.55,0.3,1,0,340,178,340,0,1,1
Celeb-DF-v2,0.15,0.6,0.25,0,178,0,178,340,1,0,1
Celeb-DF-v2,0.15,0.6,0.25,0.05,174,0,178,340,0.97752808988764039,0,0.97752808988764039
Celeb-DF-v2,0.15,0.6,0.25,0.1,165,0,178,340,0.9269662921348315,0,0.9269662921348315
Celeb-DF-v2,0.15,0.6,0.25,0.15,129,1,178,340,0.7247191011235955,0.0029411764705882353,0.72766027759418372
Celeb-DF-v2,0.15,0.6,0.25,0.2,115,4,178,340,0.6460674157303371,0.011764705882352941,0.65783212161269
Celeb-DF-v2,0.15,0.6,0.25,0.25,98,12,178,340,0.550561797752809,0.035294117647058823,0.58585591539986781
Celeb-DF-v2,0.15,0.6,0.25,0.3,76,20,178,340,0.42696629213483145,0.058823529411764705,0.48578982154659617
Celeb-DF-v2,0.15,0.6,0.25,0.35,61,34,178,340,0.34269662921348315,0.10000000000000001,0.44269662921348318
Celeb-DF-v2,0.15,0.6,0.25,0.4,47,64,178,340,0.2640449438202247,0.18823529411764706,0.45228023793787175
Celeb-DF-v2,0.15,0.6,0.25,0.45,34,80,178,340,0.19101123595505617,0.23529411764705882,0.42630535360211497
Celeb-DF-v2,0.15,0.6,0.25,0.5,21,105,178,340,0.11797752808988764,0.30882352941176472,0.42680105750165237
Celeb-DF-v2,0.15,0.6,0.25,0.55,14,130,178,340,0.078651685393258425,0.38235294117647056,0.46100462656972896
Celeb-DF-v2,0.15,0.6,0.25,0.6,11,148,178,340,0.061797752808988762,0.43529411764705883,0.49709187045604758
Celeb-DF-v2,0.15,0.6,0.25,0.65,8,170,178,340,0.0449438202247191,0.5,0.5449438202247191
Celeb-DF-v2,0.15,0.6,0.25,0.7,5,203,178,340,0.028089887640449437,0.59705882352941175,0.62514871116986115
Celeb-DF-v2,0.15,0.6,0.25,0.75,5,224,178,340,0.028089887640449437,0.6588235294117647,0.68691341705221409
Celeb-DF-v2,0.15,0.6,0.25,0.8,3,248,178,340,0.016853932584269662,0.72941176470588232,0.74626569729015202
Celeb-DF-v2,0.15,0.6,0.25,0.85,0,281,178,340,0,0.82647058823529407,0.82647058823529407
Celeb-DF-v2,0.15,0.6,0.25,0.9,0,301,178,340,0,0.88529411764705879,0.88529411764705879
Celeb-DF-v2,0.15,0.6,0.25,0.95,0,330,178,340,0,0.97058823529411764,0.97058823529411764
Celeb-DF-v2,0.15,0.6,0.25,1,0,340,178,340,0,1,1
Celeb-DF-v2,0.15,0.65,0.2,0,178,0,178,340,1,0,1
Celeb-DF-v2,0.15,0.65,0.2,0.05,173,0,178,340,0.9719101123595506,0,0.9719101123595506
Celeb-DF-v2,0.15,0.65,0.2,0.1,163,0,178,340,0.9157303370786517,0,0.9157303370786517
Celeb-DF-v2,0.15,0.65,0.2,0.15,126,1,178,340,0.7078651685393258,0.0029411764705882353,0.71080634500991402
Celeb-DF-v2,0.15,0.65,0.2,0.2,109,7,178,340,0.61235955056179781,0.020588235294117647,0.63294778585591549
Celeb-DF-v2,0.15,0.65,0.2,0.25,92,15,178,340,0.5168539325842697,0.044117647058823532,0.56097157964309319
Celeb-DF-v2,0.15,0.65,0.2,0.3,71,26,178,340,0.398876404494382,0.076470588235294124,0.47534699272967612
Celeb-DF-v2,0.15,0.65,0.2,0.35,59,48,178,340,0.33146067415730335,0.14117647058823529,0.47263714474553864
Celeb-DF-v2,0.15,0.65,0.2,0.4,48,73,178,340,0.2696629213483146,0.21470588235294116,0.48436880370125579
Celeb-DF-v2,0.15,0.65,0.2,0.45,33,88,178,340,0.1853932584269663,0.25882352941176473,0.44421678783873103
Celeb-DF-v2,0.15,0.65,0.2,0.5,21,111,178,340,0.11797752808988764,0.32647058823529412,0.44444811632518177
Celeb-DF-v2,0.15,0.65,0.2,0.55,14,134,178,340,0.078651685393258425,0.39411764705882352,0.47276933245208197
Celeb-DF-v2,0.15,0.65,0.2,0.6,12,152,178,340,0.06741573033707865,0.44705882352941179,0.51447455386649044
Celeb-DF-v2,0.15,0.65,0.2,0.65,11,178,178,340,0.061797752808988762,0.52352941176470591,0.58532716457369471
Celeb-DF-v2,0.15,0.65,0.2,0.7,5,204,178,340,0.028089887640449437,0.59999999999999998,0.62808988764044937
Celeb-DF-v2,0.15,0.65,0.2,0.75,5,227,178,340,0.028089887640449437,0.66764705882352937,0.69573694646397877
Celeb-DF-v2,0.15,0.65,0.2,0.8,4,250,178,340,0.02247191011235955,0.73529411764705888,0.75776602775941848
Celeb-DF-v2,0.15,0.65,0.2,0.85,2,275,178,340,0.011235955056179775,0.80882352941176472,0.82005948446794452
Celeb-DF-v2,0.15,0.65,0.2,0.9,0,302,178,340,0,0.88823529411764701,0.88823529411764701
Celeb-DF-v2,0.15,0.65,0.2,0.95,0,329,178,340,0,0.96764705882352942,0.96764705882352942
Celeb-DF-v2,0.15,0.65,0.2,1,0,340,178,340,0,1,1
Celeb-DF-v2,0.15,0.7,0.15,0,178,0,178,340,1,0,1
Celeb-DF-v2,0.15,0.7,0.15,0.05,171,0,178,340,0.9606741573033708,0,0.9606741573033708
Celeb-DF-v2,0.15,0.7,0.15,0.1,154,0,178,340,0.8651685393258427,0,0.8651685393258427
Celeb-DF-v2,0.15,0.7,0.15,0.15,120,2,178,340,0.6741573033707865,0.0058823529411764705,0.68003965631196295
Celeb-DF-v2,0.15,0.7,0.15,0.2,105,10,178,340,0.5898876404494382,0.029411764705882353,0.61929940515532056
Celeb-DF-v2,0.15,0.7,0.15,0.25,83,20,178,340,0.46629213483146065,0.058823529411764705,0.52511566424322531
Celeb-DF-v2,0.15,0.7,0.15,0.3,64,33,178,340,0.3595505617977528,0.097058823529411767,0.45660938532716455
Celeb-DF-v2,0.15,0.7,0.15,0.35,58,57,178,340,0.3258426966292135,0.1676470588235294,0.49348975545274287
Celeb-DF-v2,0.15,0.7,0.15,0.4,49,79,178,340,0.2752808988764045,0.2323529411764706,0.50763384005287504
Celeb-DF-v2,0.15,0.7,0.15,0.45,33,93,178,340,0.1853932584269663,0.27352941176470591,0.45892267019167221
Celeb-DF-v2,0.15,0.7,0.15,0.5,19,118,178,340,0.10674157303370786,0.34705882352941175,0.4538003965631196
Celeb-DF-v2,0.15,0.7,0.15,0.55,13,137,178,340,0.073033707865168537,0.40294117647058825,0.4759748843357568
Celeb-DF-v2,0.15,0.7,0.15,0.6,12,156,178,340,0.06741573033707865,0.45882352941176469,0.52623925974884334
Celeb-DF-v2,0.15,0.7,0.15,0.65,11,184,178,340,0.061797752808988762,0.54117647058823526,0.60297422339722406
Celeb-DF-v2,0.15,0.7,0.15,0.7,5,205,178,340,0.028089887640449437,0.6029411764705882,0.6310310641110376
Celeb-DF-v2,0.15,0.7,0.15,0.75,5,228,178,340,0.028089887640449437,0.6705882352941176,0.69867812293456699
Celeb-DF-v2,0.15,0.7,0.15,0.8,4,248,178,340,0.02247191011235955,0.72941176470588232,0.75188367481824181
Celeb-DF-v2,0.15,0.7,0.15,0.85,2,274,178,340,0.011235955056179775,0.80588235294117649,0.8171183079973563
Celeb-DF-v2,0.15,0.7,0.15,0.9,0,298,178,340,0,0.87647058823529411,0.87647058823529411
Celeb-DF-v2,0.15,0.7,0.15,0.95,0,328,178,340,0,0.96470588235294119,0.96470588235294119
Celeb-DF-v2,0.15,0.7,0.15,1,0,340,178,340,0,1,1
Celeb-DF-v2,0.15,0.75,0.1,0,178,0,178,340,1,0,1
Celeb-DF-v2,0.15,0.75,0.1,0.05,170,0,178,340,0.9550561797752809,0,0.9550561797752809
Celeb-DF-v2,0.15,0.75,0.1,0.1,149,1,178,340,0.8370786516853933,0.0029411764705882353,0.84001982815598153
Celeb-DF-v2,0.15,0.75,0.1,0.15,115,4,178,340,0.6460674157303371,0.011764705882352941,0.65783212161269
Celeb-DF-v2,0.15,0.75,0.1,0.2,94,12,178,340,0.5280898876404494,0.035294117647058823,0.5633840052875082
Celeb-DF-v2,0.15,0.75,0.1,0.25,77,22,178,340,0.43258426966292135,0.064705882352941183,0.49729015201586252
Celeb-DF-v2,0.15,0.75,0.1,0.3,66,44,178,340,0.3707865168539326,0.12941176470588237,0.50019828155981494
Celeb-DF-v2,0.15,0.75,0.1,0.35,56,62,178,340,0.3146067415730337,0.18235294117647058,0.49695968274950431
Celeb-DF-v2,0.15,0.75,0.1,0.4,48,84,178,340,0.2696629213483146,0.24705882352941178,0.51672174487772637
Celeb-DF-v2,0.15,0.75,0.1,0.45,34,102,178,340,0.19101123595505617,0.29999999999999999,0.49101123595505614
Celeb-DF-v2,0.15,0.75,0.1,0.5,18,120,178,340,0.10112359550561797,0.35294117647058826,0.45406477197620621
Celeb-DF-v2,0.15,0.75,0.1,0.55,13,137,178,340,0.073033707865168537,0.40294117647058825,0.4759748843357568
Celeb-DF-v2,0.15,0.75,0.1,0.6,12,160,178,340,0.06741573033707865,0.47058823529411764,0.53800396563119635
Celeb-DF-v2,0.15,0.75,0.1,0.65,12,186,178,340,0.06741573033707865,0.54705882352941182,0.61447455386649041
Celeb-DF-v2,0.15,0.75,0.1,0.7,8,208,178,340,0.0449438202247191,0.61176470588235299,0.65670852610707209
Celeb-DF-v2,0.15,0.75,0.1,0.75,5,227,178,340,0.028089887640449437,0.66764705882352937,0.69573694646397877
Celeb-DF-v2,0.15,0.75,0.1,0.8,4,247,178,340,0.02247191011235955,0.72647058823529409,0.74894249834765358
Celeb-DF-v2,0.15,0.75,0.1,0.85,2,274,178,340,0.011235955056179775,0.80588235294117649,0.8171183079973563
Celeb-DF-v2,0.15,0.75,0.1,0.9,0,295,178,340,0,0.86764705882352944,0.86764705882352944
Celeb-DF-v2,0.15,0.75,0.1,0.95,0,326,178,340,0,0.95882352941176474,0.95882352941176474
Celeb-DF-v2,0.15,0.75,0.1,1,0,340,178,340,0,1,1
Celeb-DF-v2,0.15,0.8,0.05,0,178,0,178,340,1,0,1
Celeb-DF-v2,0.15,0.8,0.05,0.05,166,0,178,340,0.93258426966292129,0,0.93258426966292129
Celeb-DF-v2,0.15,0.8,0.05,0.1,142,2,178,340,0.797752808988764,0.0058823529411764705,0.80363516192994044
Celeb-DF-v2,0.15,0.8,0.05,0.15,110,7,178,340,0.6179775280898876,0.020588235294117647,0.63856576338400528
Celeb-DF-v2,0.15,0.8,0.05,0.2,90,18,178,340,0.5056179775280899,0.052941176470588235,0.55855915399867817
Celeb-DF-v2,0.15,0.8,0.05,0.25,74,36,178,340,0.4157303370786517,0.10588235294117647,0.52161269001982813
Celeb-DF-v2,0.15,0.8,0.05,0.3,64,51,178,340,0.3595505617977528,0.14999999999999999,0.50955056179775282
Celeb-DF-v2,0.15,0.8,0.05,0.35,56,71,178,340,0.3146067415730337,0.20882352941176471,0.52343027098479844
Celeb-DF-v2,0.15,0.8,0.05,0.4,48,89,178,340,0.2696629213483146,0.26176470588235295,0.5314276272306675
Celeb-DF-v2,0.15,0.8,0.05,0.45,34,108,178,340,0.19101123595505617,0.31764705882352939,0.5086582947785856
Celeb-DF-v2,0.15,0.8,0.05,0.5,19,125,178,340,0.10674157303370786,0.36764705882352944,0.47438863185723729
Celeb-DF-v2,0.15,0.8,0.05,0.55,13,141,178,340,0.073033707865168537,0.4147058823529412,0.48773959021810975
Celeb-DF-v2,0.15,0.8,0.05,0.6,13,163,178,340,0.073033707865168537,0.47941176470588237,0.55244547257105092
Celeb-DF-v2,0.15,0.8,0.05,0.65,12,188,178,340,0.06741573033707865,0.55294117647058827,0.62035690680766686
Celeb-DF-v2,0.15,0.8,0.05,0.7,9,209,178,340,0.050561797752808987,0.61470588235294121,0.66526768010575021
Celeb-DF-v2,0.15,0.8,0.05,0.75,5,225,178,340,0.028089887640449437,0.66176470588235292,0.68985459352280232
Celeb-DF-v2,0.15,0.8,0.05,0.8,4,249,178,340,0.02247191011235955,0.73235294117647054,0.75482485128883003
Celeb-DF-v2,0.15,0.8,0.05,0.85,2,271,178,340,0.011235955056179775,0.79705882352941182,0.80829477858559162
Celeb-DF-v2,0.15,0.8,0.05,0.9,1,295,178,340,0.0056179775280898875,0.86764705882352944,0.87326503635161934
Celeb-DF-v2,0.15,0.8,0.05,0.95,0,321,178,340,0,0.94411764705882351,0.94411764705882351
Celeb-DF-v2,0.15,0.8,0.05,1,0,340,178,340,0,1,1
Celeb-DF-v2,0.15,0.85,0,0,178,0,178,340,1,0,1
Celeb-DF-v2,0.15,0.85,0,0.05,157,1,178,340,0.8820224719101124,0.0029411764705882353,0.88496364838070063
Celeb-DF-v2,0.15,0.85,0,0.1,133,4,178,340,0.7471910112359551,0.011764705882352941,0.758955717118308
Celeb-DF-v2,0.15,0.85,0,0.15,102,10,178,340,0.5730337078651685,0.029411764705882353,0.60244547257105086
Celeb-DF-v2,0.15,0.85,0,0.2,84,26,178,340,0.47191011235955055,0.076470588235294124,0.54838070059484467
Celeb-DF-v2,0.15,0.85,0,0.25,73,43,178,340,0.4101123595505618,0.12647058823529411,0.53658294778585591
Celeb-DF-v2,0.15,0.85,0,0.3,62,55,178,340,0.34831460674157305,0.16176470588235295,0.51007931262392603
Celeb-DF-v2,0.15,0.85,0,0.35,55,77,178,340,0.3089887640449438,0.22647058823529412,0.53545935228023789
Celeb-DF-v2,0.15,0.85,0,0.4,49,97,178,340,0.2752808988764045,0.28529411764705881,0.56057501652346331
Celeb-DF-v2,0.15,0.85,0,0.45,32,110,178,340,0.1797752808988764,0.3235294117647059,0.50330469266358224
Celeb-DF-v2,0.15,0.85,0,0.5,19,127,178,340,0.10674157303370786,0.37352941176470589,0.48027098479841374
Celeb-DF-v2,0.15,0.85,0,0.55,13,150,178,340,0.073033707865168537,0.44117647058823528,0.51421017845340378
Celeb-DF-v2,0.15,0.85,0,0.6,13,168,178,340,0.073033707865168537,0.49411764705882355,0.56715135492399205
Celeb-DF-v2,0.15,0.85,0,0.65,12,190,178,340,0.06741573033707865,0.55882352941176472,0.62623925974884331
Celeb-DF-v2,0.15,0.85,0,0.7,9,210,178,340,0.050561797752808987,0.61764705882352944,0.66820885657633844
Celeb-DF-v2,0.15,0.85,0,0.75,7,227,178,340,0.039325842696629212,0.66764705882352937,0.70697290152015857
Celeb-DF-v2,0.15,0.85,0,0.8,4,250,178,340,0.02247191011235955,0.73529411764705888,0.75776602775941848
Celeb-DF-v2,0.15,0.85,0,0.85,2,270,178,340,0.011235955056179775,0.79411764705882348,0.80535360211500329
Celeb-DF-v2,0.15,0.85,0,0.9,2,293,178,340,0.011235955056179775,0.86176470588235299,0.87300066093853279
Celeb-DF-v2,0.15,0.85,0,0.95,0,317,178,340,0,0.93235294117647061,0.93235294117647061
Celeb-DF-v2,0.15,0.85,0,1,0,340,178,340,0,1,1
Celeb-DF-v2,0.2,0,0.8,0,178,0,178,340,1,0,1
Celeb-DF-v2,0.2,0,0.8,0.05,177,0,178,340,0.9943820224719101,0,0.9943820224719101
Celeb-DF-v2,0.2,0,0.8,0.1,174,0,178,340,0.97752808988764039,0,0.97752808988764039
Celeb-DF-v2,0.2,0,0.8,0.15,163,0,178,340,0.9157303370786517,0,0.9157303370786517
Celeb-DF-v2,0.2,0,0.8,0.2,141,3,178,340,0.7921348314606742,0.0088235294117647058,0.80095836087243888
Celeb-DF-v2,0.2,0,0.8,0.25,128,4,178,340,0.7191011235955056,0.011764705882352941,0.7308658294778585
Celeb-DF-v2,0.2,0,0.8,0.3,117,8,178,340,0.65730337078651691,0.023529411764705882,0.68083278255122281
Celeb-DF-v2,0.2,0,0.8,0.35,96,14,178,340,0.5393258426966292,0.041176470588235294,0.58050231328486446
Celeb-DF-v2,0.2,0,0.8,0.4,81,26,178,340,0.4550561797752809,0.076470588235294124,0.53152676801057508
Celeb-DF-v2,0.2,0,0.8,0.45,71,40,178,340,0.398876404494382,0.11764705882352941,0.51652346331791144
Celeb-DF-v2,0.2,0,0.8,0.5,56,54,178,340,0.3146067415730337,0.1588235294117647,0.4734302709847984
Celeb-DF-v2,0.2,0,0.8,0.55,45,72,178,340,0.25280898876404495,0.21176470588235294,0.46457369464639786
Celeb-DF-v2,0.2,0,0.8,0.6,36,89,178,340,0.20224719101123595,0.26176470588235295,0.4640118968935889
Celeb-DF-v2,0.2,0,0.8,0.65,25,110,178,340,0.1404494382022472,0.3235294117647059,0.4639788499669531
Celeb-DF-v2,0.2,0,0.8,0.7,15,137,178,340,0.084269662921348312,0.40294117647058825,0.48721083939193655
Celeb-DF-v2,0.2,0,0.8,0.75,9,163,178,340,0.050561797752808987,0.47941176470588237,0.52997356245869132
Celeb-DF-v2,0.2,0,0.8,0.8,3,199,178,340,0.016853932584269662,0.58529411764705885,0.60214805023132856
Celeb-DF-v2,0.2,0,0.8,0.85,1,238,178,340,0.0056179775280898875,0.69999999999999996,0.70561797752808986
Celeb-DF-v2,0.2,0,0.8,0.9,0,279,178,340,0,0.82058823529411762,0.82058823529411762
Celeb-DF-v2,0.2,0,0.8,0.95,0,324,178,340,0,0.95294117647058818,0.95294117647058818
Celeb-DF-v2,0.2,0,0.8,1,0,340,178,340,0,1,1
Celeb-DF-v2,0.2,0.05,0.75,0,178,0,178,340,1,0,1
Celeb-DF-v2,0.2,0.05,0.75,0.05,177,0,178,340,0.9943820224719101,0,0.9943820224719101
Celeb-DF-v2,0.2,0.05,0.75,0.1,174,0,178,340,0.97752808988764039,0,0.97752808988764039
Celeb-DF-v2,0.2,0.05,0.75,0.15,162,0,178,340,0.9101123595505618,0,0.9101123595505618
Celeb-DF-v2,0.2,0.05,0.75,0.2,140,3,178,340,0.7865168539325843,0.0088235294117647058,0.79534038334434898
Celeb-DF-v2,0.2,0.05,0.75,0.25,129,5,178,340,0.7247191011235955,0.014705882352941176,0.73942498347653662
Celeb-DF-v2,0.2,0.05,0.75,0.3,116,8,178,340,0.651685393258427,0.023529411764705882,0.67521480502313291
Celeb-DF-v2,0.2,0.05,0.75,0.35,94,14,178,340,0.5280898876404494,0.041176470588235294,0.56926635822868465
Celeb-DF-v2,0.2,0.05,0.75,0.4,80,27,178,340,0.449438202247191,0.079411764705882348,0.52884996695307329
Celeb-DF-v2,0.2,0.05,0.75,0.45,69,37,178,340,0.38764044943820225,0.10882352941176471,0.49646397884996696
Celeb-DF-v2,0.2,0.05,0.75,0.5,50,52,178,340,0.2808988764044944,0.15294117647058825,0.43384005287508265
Celeb-DF-v2,0.2,0.05,0.75,0.55,39,74,178,340,0.21910112359550563,0.21764705882352942,0.43674818241903501
Celeb-DF-v2,0.2,0.05,0.75,0.6,33,89,178,340,0.1853932584269663,0.26176470588235295,0.44715796430931926
Celeb-DF-v2,0.2,0.05,0.75,0.65,22,113,178,340,0.12359550561797752,0.33235294117647057,0.45594844679444813
Celeb-DF-v2,0.2,0.05,0.75,0.7,12,140,178,340,0.06741573033707865,0.41176470588235292,0.47918043621943157
Celeb-DF-v2,0.2,0.05,0.75,0.75,5,175,178,340,0.028089887640449437,0.51470588235294112,0.54279576999339052
Celeb-DF-v2,0.2,0.05,0.75,0.8,2,209,178,340,0.011235955056179775,0.61470588235294121,0.62594183740912102
Celeb-DF-v2,0.2,0.05,0.75,0.85,0,246,178,340,0,0.72352941176470587,0.72352941176470587
Celeb-DF-v2,0.2,0.05,0.75,0.9,0,290,178,340,0,0.8529411764705882,0.8529411764705882
Celeb-DF-v2,0.2,0.05,0.75,0.95,0,327,178,340,0,0.96176470588235297,0.96176470588235297
Celeb-DF-v2,0.2,0.05,0.75,1,0,340,178,340,0,1,1
Celeb-DF-v2,0.2,0.1,0.7,0,178,0,178,340,1,0,1
Celeb-DF-v2,0.2,0.1,0.7,0.05,177,0,178,340,0.9943820224719101,0,0.9943820224719101
Celeb-DF-v2,0.2,0.1,0.7,0.1,174,0,178,340,0.97752808988764039,0,0.97752808988764039
Celeb-DF-v2,0.2,0.1,0.7,0.15,159,0,178,340,0.8932584269662921,0,0.8932584269662921
Celeb-DF-v2,0.2,0.1,0.7,0.2,140,2,178,340,0.7865168539325843,0.0058823529411764705,0.79239920687376075
Celeb-DF-v2,0.2,0.1,0.7,0.25,129,5,178,340,0.7247191011235955,0.014705882352941176,0.73942498347653662
Celeb-DF-v2,0.2,0.1,0.7,0.3,111,8,178,340,0.6235955056179775,0.023529411764705882,0.64712491738268341
Celeb-DF-v2,0.2,0.1,0.7,0.35,93,14,178,340,0.52247191011235961,0.041176470588235294,0.56364838070059486
Celeb-DF-v2,0.2,0.1,0.7,0.4,79,24,178,340,0.4438202247191011,0.070588235294117646,0.51440846001321872
Celeb-DF-v2,0.2,0.1,0.7,0.45,67,38,178,340,0.37640449438202245,0.11176470588235295,0.48816920026437538
Celeb-DF-v2,0.2,0.1,0.7,0.5,47,52,178,340,0.2640449438202247,0.15294117647058825,0.41698612029081294
Celeb-DF-v2,0.2,0.1,0.7,0.55,36,71,178,340,0.20224719101123595,0.20882352941176471,0.41107072042300064
Celeb-DF-v2,0.2,0.1,0.7,0.6,28,91,178,340,0.15730337078651685,0.2676470588235294,0.42495042961004625
Celeb-DF-v2,0.2,0.1,0.7,0.65,18,118,178,340,0.10112359550561797,0.34705882352941175,0.44818241903502976
Celeb-DF-v2,0.2,0.1,0.7,0.7,8,146,178,340,0.0449438202247191,0.42941176470588233,0.47435558493060143
Celeb-DF-v2,0.2,0.1,0.7,0.75,4,184,178,340,0.02247191011235955,0.54117647058823526,0.56364838070059475
Celeb-DF-v2,0.2,0.1,0.7,0.8,1,219,178,340,0.0056179775280898875,0.64411764705882357,0.64973562458691347
Celeb-DF-v2,0.2,0.1,0.7,0.85,0,256,178,340,0,0.75294117647058822,0.75294117647058822
Celeb-DF-v2,0.2,0.1,0.7,0.9,0,296,178,340,0,0.87058823529411766,0.87058823529411766
Celeb-DF-v2,0.2,0.1,0.7,0.95,0,328,178,340,0,0.96470588235294119,0.96470588235294119
Celeb-DF-v2,0.2,0.1,0.7,1,0,340,178,340,0,1,1
Celeb-DF-v2,0.2,0.15,0.65,0,178,0,178,340,1,0,1
Celeb-DF-v2,0.2,0.15,0.65,0.05,176,0,178,340,0.9887640449438202,0,0.9887640449438202
Celeb-DF-v2,0.2,0.15,0.65,0.1,174,0,178,340,0.97752808988764039,0,0.97752808988764039
Celeb-DF-v2,0.2,0.15,0.65,0.15,159,0,178,340,0.8932584269662921,0,0.8932584269662921
Celeb-DF-v2,0.2,0.15,0.65,0.2,141,1,178,340,0.7921348314606742,0.0029411764705882353,0.79507600793126243
Celeb-DF-v2,0.2,0.15,0.65,0.25,127,5,178,340,0.7134831460674157,0.014705882352941176,0.72818902842035682
Celeb-DF-v2,0.2,0.15,0.65,0.3,109,8,178,340,0.61235955056179781,0.023529411764705882,0.63588896232650371
Celeb-DF-v2,0.2,0.15,0.65,0.35,93,16,178,340,0.52247191011235961,0.047058823529411764,0.56953073364177143
Celeb-DF-v2,0.2,0.15,0.65,0.4,76,24,178,340,0.42696629213483145,0.070588235294117646,0.49755452742894912
Celeb-DF-v2,0.2,0.15,0.65,0.45,63,39,178,340,0.3539325842696629,0.11470588235294117,0.46863846662260406
Celeb-DF-v2,0.2,0.15,0.65,0.5,42,51,178,340,0.23595505617977527,0.14999999999999999,0.38595505617977527
Celeb-DF-v2,0.2,0.15,0.65,0.55,34,73,178,340,0.19101123595505617,0.21470588235294116,0.40571711830799734
Celeb-DF-v2,0.2,0.15,0.65,0.6,22,95,178,340,0.12359550561797752,0.27941176470588236,0.40300727032385986
Celeb-DF-v2,0.2,0.15,0.65,0.65,14,126,178,340,0.078651685393258425,0.37058823529411766,0.44923992068737606
Celeb-DF-v2,0.2,0.15,0.65,0.7,6,152,178,340,0.033707865168539325,0.44705882352941179,0.48076668869795114
Celeb-DF-v2,0.2,0.15,0.65,0.75,3,193,178,340,0.016853932584269662,0.56764705882352939,0.5845009914077991
Celeb-DF-v2,0.2,0.15,0.65,0.8,0,234,178,340,0,0.68823529411764706,0.68823529411764706
Celeb-DF-v2,0.2,0.15,0.65,0.85,0,266,178,340,0,0.78235294117647058,0.78235294117647058
Celeb-DF-v2,0.2,0.15,0.65,0.9,0,297,178,340,0,0.87352941176470589,0.87352941176470589
Celeb-DF-v2,0.2,0.15,0.65,0.95,0,328,178,340,0,0.96470588235294119,0.96470588235294119
Celeb-DF-v2,0.2,0.15,0.65,1,0,340,178,340,0,1,1
Celeb-DF-v2,0.2,0.2,0.6,0,178,0,178,340,1,0,1
Celeb-DF-v2,0.2,0.2,0.6,0.05,176,0,178,340,0.9887640449438202,0,0.9887640449438202
Celeb-DF-v2,0.2,0.2,0.6,0.1,174,0,178,340,0.97752808988764039,0,0.97752808988764039
Celeb-DF-v2,0.2,0.2,0.6,0.15,158,0,178,340,0.88764044943820219,0,0.88764044943820219
Celeb-DF-v2,0.2,0.2,0.6,0.2,141,0,178,340,0.7921348314606742,0,0.7921348314606742
Celeb-DF-v2,0.2,0.2,0.6,0.25,124,6,178,340,0.6966292134831461,0.017647058823529412,0.71427627230667556
Celeb-DF-v2,0.2,0.2,0.6,0.3,108,8,178,340,0.6067415730337079,0.023529411764705882,0.63027098479841381
Celeb-DF-v2,0.2,0.2,0.6,0.35,91,17,178,340,0.5112359550561798,0.050000000000000003,0.56123595505617985
Celeb-DF-v2,0.2,0.2,0.6,0.4,74,25,178,340,0.4157303370786517,0.073529411764705885,0.4892597488433576
Celeb-DF-v2,0.2,0.2,0.6,0.45,56,38,178,340,0.3146067415730337,0.11176470588235295,0.42637144745538663
Celeb-DF-v2,0.2,0.2,0.6,0.5,40,52,178,340,0.2247191011235955,0.15294117647058825,0.37766027759418375
Celeb-DF-v2,0.2,0.2,0.6,0.55,30,78,178,340,0.16853932584269662,0.22941176470588234,0.39795109054857897
Celeb-DF-v2,0.2,0.2,0.6,0.6,18,101,178,340,0.10112359550561797,0.29705882352941176,0.39818241903502971
Celeb-DF-v2,0.2,0.2,0.6,0.65,10,128,178,340,0.056179775280898875,0.37647058823529411,0.43265036351619302
Celeb-DF-v2,0.2,0.2,0.6,0.7,6,167,178,340,0.033707865168539325,0.49117647058823527,0.52488433575677462
Celeb-DF-v2,0.2,0.2,0.6,0.75,3,202,178,340,0.016853932584269662,0.59411764705882353,0.61097157964309323
Celeb-DF-v2,0.2,0.2,0.6,0.8,0,239,178,340,0,0.70294117647058818,0.70294117647058818
Celeb-DF-v2,0.2,0.2,0.6,0.85,0,271,178,340,0,0.79705882352941182,0.79705882352941182
Celeb-DF-v2,0.2,0.2,0.6,0.9,0,299,178,340,0,0.87941176470588234,0.87941176470588234
Celeb-DF-v2,0.2,0.2,0.6,0.95,0,328,178,340,0,0.96470588235294119,0.96470588235294119
Celeb-DF-v2,0.2,0.2,0.6,1,0,340,178,340,0,1,1
Celeb-DF-v2,0.2,0.25,0.55,0,178,0,178,340,1,0,1
Celeb-DF-v2,0.2,0.25,0.55,0.05,176,0,178,340,0.9887640449438202,0,0.9887640449438202
Celeb-DF-v2,0.2,0.25,0.55,0.1,173,0,178,340,0.9719101123595506,0,0.9719101123595506
Celeb-DF-v2,0.2,0.25,0.55,0.15,158,0,178,340,0.88764044943820219,0,0.88764044943820219
Celeb-DF-v2,0.2,0.25,0.55,0.2,139,0,178,340,0.7808988764044944,0,0.7808988764044944
Celeb-DF-v2,0.2,0.25,0.55,0.25,120,7,178,340,0.6741573033707865,0.020588235294117647,0.69474553866490418
Celeb-DF-v2,0.2,0.25,0.55,0.3,104,8,178,340,0.5842696629213483,0.023529411764705882,0.60779907468605421
Celeb-DF-v2,0.2,0.25,0.55,0.35,87,19,178,340,0.4887640449438202,0.055882352941176473,0.54464639788499669
Celeb-DF-v2,0.2,0.25,0.55,0.4,72,28,178,340,0.4044943820224719,0.082352941176470587,0.48684732319894247
Celeb-DF-v2,0.2,0.25,0.55,0.45,51,38,178,340,0.28651685393258425,0.11176470588235295,0.39828155981493718
Celeb-DF-v2,0.2,0.25,0.55,0.5,41,59,178,340,0.2303370786516854,0.17352941176470588,0.40386649041639128
Celeb-DF-v2,0.2,0.25,0.55,0.55,27,81,178,340,0.15168539325842698,0.23823529411764705,0.38992068737607399
Celeb-DF-v2,0.2,0.25,0.55,0.6,14,110,178,340,0.078651685393258425,0.3235294117647059,0.40218109715796435
Celeb-DF-v2,0.2,0.25,0.55,0.65,7,139,178,340,0.039325842696629212,0.4088235294117647,0.4481493721083939
Celeb-DF-v2,0.2,0.25,0.55,0.7,6,169,178,340,0.033707865168539325,0.49705882352941178,0.53076668869795107
Celeb-DF-v2,0.2,0.25,0.55,0.75,2,208,178,340,0.011235955056179775,0.61176470588235299,0.62300066093853279
Celeb-DF-v2,0.2,0.25,0.55,0.8,0,247,178,340,0,0.72647058823529409,0.72647058823529409
Celeb-DF-v2,0.2,0.25,0.55,0.85,0,278,178,340,0,0.81764705882352939,0.81764705882352939
Celeb-DF-v2,0.2,0.25,0.55,0.9,0,301,178,340,0,0.88529411764705879,0.88529411764705879
Celeb-DF-v2,0.2,0.25,0.55,0.95,0,327,178,340,0,0.96176470588235297,0.96176470588235297
Celeb-DF-v2,0.2,0.25,0.55,1,0,340,178,340,0,1,1
Celeb-DF-v2,0.2,0.3,0.5,0,178,0,178,340,1,0,1
Celeb-DF-v2,0.2,0.3,0.5,0.05,176,0,178,340,0.9887640449438202,0,0.9887640449438202
Celeb-DF-v2,0.2,0.3,0.5,0.1,173,0,178,340,0.9719101123595506,0,0.9719101123595506
Celeb-DF-v2,0.2,0.3,0.5,0.15,157,0,178,340,0.8820224719101124,0,0.8820224719101124
Celeb-DF-v2,0.2,0.3,0.5,0.2,137,0,178,340,0.7696629213483146,0,0.7696629213483146
Celeb-DF-v2,0.2,0.3,0.5,0.25,117,6,178,340,0.65730337078651691,0.017647058823529412,0.67495042961004637
Celeb-DF-v2,0.2,0.3,0.5,0.3,105,8,178,340,0.5898876404494382,0.023529411764705882,0.61341705221414411
Celeb-DF-v2,0.2,0.3,0.5,0.35,84,19,178,340,0.47191011235955055,0.055882352941176473,0.52779246530072699
Celeb-DF-v2,0.2,0.3,0.5,0.4,68,31,178,340,0.38202247191011235,0.091176470588235289,0.47319894249834765
Celeb-DF-v2,0.2,0.3,0.5,0.45,50,39,178,340,0.2808988764044944,0.11470588235294117,0.39560475875743556
Celeb-DF-v2,0.2,0.3,0.5,0.5,37,63,178,340,0.20786516853932585,0.18529411764705883,0.39315928618638468
Celeb-DF-v2,0.2,0.3,0.5,0.55,23,84,178,340,0.12921348314606743,0.24705882352941178,0.37627230667547917
Celeb-DF-v2,0.2,0.3,0.5,0.6,14,118,178,340,0.078651685393258425,0.34705882352941175,0.42571050892267015
Celeb-DF-v2,0.2,0.3,0.5,0.65,7,142,178,340,0.039325842696629212,0.41764705882352943,0.45697290152015863
Celeb-DF-v2,0.2,0.3,0.5,0.7,6,179,178,340,0.033707865168539325,0.52647058823529413,0.56017845340383343
Celeb-DF-v2,0.2,0.3,0.5,0.75,4,213,178,340,0.02247191011235955,0.62647058823529411,0.64894249834765372
Celeb-DF-v2,0.2,0.3,0.5,0.8,0,250,178,340,0,0.73529411764705888,0.73529411764705888
Celeb-DF-v2,0.2,0.3,0.5,0.85,0,281,178,340,0,0.82647058823529407,0.82647058823529407
Celeb-DF-v2,0.2,0.3,0.5,0.9,0,303,178,340,0,0.89117647058823535,0.89117647058823535
Celeb-DF-v2,0.2,0.3,0.5,0.95,0,329,178,340,0,0.96764705882352942,0.96764705882352942
Celeb-DF-v2,0.2,0.3,0.5,1,0,340,178,340,0,1,1
Celeb-DF-v2,0.2,0.35,0.45,0,178,0,178,340,1,0,1
Celeb-DF-v2,0.2,0.35,0.45,0.05,176,0,178,340,0.9887640449438202,0,0.9887640449438202
Celeb-DF-v2,0.2,0.35,0.45,0.1,171,0,178,340,0.9606741573033708,0,0.9606741573033708
Celeb-DF-v2,0.2,0.35,0.45,0.15,155,0,178,340,0.8707865168539326,0,0.8707865168539326
Celeb-DF-v2,0.2,0.35,0.45,0.2,134,0,178,340,0.7528089887640449,0,0.7528089887640449
Celeb-DF-v2,0.2,0.35,0.45,0.25,115,5,178,340,0.6460674157303371,0.014705882352941176,0.66077329808327823
Celeb-DF-v2,0.2,0.35,0.45,0.3,102,9,178,340,0.5730337078651685,0.026470588235294117,0.59950429610046263
Celeb-DF-v2,0.2,0.35,0.45,0.35,83,21,178,340,0.46629213483146065,0.061764705882352944,0.52805684071381354
Celeb-DF-v2,0.2,0.35,0.45,0.4,60,32,178,340,0.33707865168539325,0.094117647058823528,0.43119629874421678
Celeb-DF-v2,0.2,0.35,0.45,0.45,49,41,178,340,0.2752808988764045,0.12058823529411765,0.39586913417052216
Celeb-DF-v2,0.2,0.35,0.45,0.5,34,67,178,340,0.19101123595505617,0.19705882352941176,0.38807005948446793
Celeb-DF-v2,0.2,0.35,0.45,0.55,22,96,178,340,0.12359550561797752,0.28235294117647058,0.40594844679444808
Celeb-DF-v2,0.2,0.35,0.45,0.6,9,127,178,340,0.050561797752808987,0.37352941176470589,0.42409120951751489
Celeb-DF-v2,0.2,0.35,0.45,0.65,7,150,178,340,0.039325842696629212,0.44117647058823528,0.48050231328486448
Celeb-DF-v2,0.2,0.35,0.45,0.7,5,185,178,340,0.028089887640449437,0.54411764705882348,0.57220753469927288
Celeb-DF-v2,0.2,0.35,0.45,0.75,5,217,178,340,0.028089887640449437,0.63823529411764701,0.66632518175809641
Celeb-DF-v2,0.2,0.35,0.45,0.8,0,249,178,340,0,0.73235294117647054,0.73235294117647054
Celeb-DF-v2,0.2,0.35,0.45,0.85,0,279,178,340,0,0.82058823529411762,0.82058823529411762
Celeb-DF-v2,0.2,0.35,0.45,0.9,0,303,178,340,0,0.89117647058823535,0.89117647058823535
Celeb-DF-v2,0.2,0.35,0.45,0.95,0,329,178,340,0,0.96764705882352942,0.96764705882352942
Celeb-DF-v2,0.2,0.35,0.45,1,0,340,178,340,0,1,1
Celeb-DF-v2,0.2,0.4,0.4,0,178,0,178,340,1,0,1
Celeb-DF-v2,0.2,0.4,0.4,0.05,176,0,178,340,0.9887640449438202,0,0.9887640449438202
Celeb-DF-v2,0.2,0.4,0.4,0.1,169,0,178,340,0.949438202247191,0,0.949438202247191
Celeb-DF-v2,0.2,0.4,0.4,0.15,151,0,178,340,0.848314606741573,0,0.848314606741573
Celeb-DF-v2,0.2,0.4,0.4,0.2,129,0,178,340,0.7247191011235955,0,0.7247191011235955
Celeb-DF-v2,0.2,0.4,0.4,0.25,116,5,178,340,0.651685393258427,0.014705882352941176,0.66639127561136813
Celeb-DF-v2,0.2,0.4,0.4,0.3,97,12,178,340,0.5449438202247191,0.035294117647058823,0.58023793787177791
Celeb-DF-v2,0.2,0.4,0.4,0.35,77,24,178,340,0.43258426966292135,0.070588235294117646,0.50317250495703902
Celeb-DF-v2,0.2,0.4,0.4,0.4,61,33,178,340,0.34269662921348315,0.097058823529411767,0.4397554527428949
Celeb-DF-v2,0.2,0.4,0.4,0.45,43,47,178,340,0.24157303370786518,0.13823529411764707,0.37980832782551222
Celeb-DF-v2,0.2,0.4,0.4,0.5,30,76,178,340,0.16853932584269662,0.22352941176470589,0.39206873760740252
Celeb-DF-v2,0.2,0.4,0.4,0.55,18,106,178,340,0.10112359550561797,0.31176470588235294,0.41288830138797095
Celeb-DF-v2,0.2,0.4,0.4,0.6,9,126,178,340,0.050561797752808987,0.37058823529411766,0.42115003304692666
Celeb-DF-v2,0.2,0.4,0.4,0.65,7,158,178,340,0.039325842696629212,0.46470588235294119,0.50403172504957039
Celeb-DF-v2,0.2,0.4,0.4,0.7,5,186,178,340,0.028089887640449437,0.54705882352941182,0.57514871116986122
Celeb-DF-v2,0.2,0.4,0.4,0.75,5,225,178,340,0.028089887640449437,0.66176470588235292,0.68985459352280232
Celeb-DF-v2,0.2,0.4,0.4,0.8,0,251,178,340,0,0.7382352941176471,0.7382352941176471
Celeb-DF-v2,0.2,0.4,0.4,0.85,0,277,178,340,0,0.81470588235294117,0.81470588235294117
Celeb-DF-v2,0.2,0.4,0.4,0.9,0,305,178,340,0,0.8970588235294118,0.8970588235294118
Celeb-DF-v2,0.2,0.4,0.4,0.95,0,328,178,340,0,0.96470588235294119,0.96470588235294119
Celeb-DF-v2,0.2,0.4,0.4,1,0,340,178,340,0,1,1
Celeb-DF-v2,0.2,0.45,0.35,0,178,0,178,340,1,0,1
Celeb-DF-v2,0.2,0.45,0.35,0.05,176,0,178,340,0.9887640449438202,0,0.9887640449438202
Celeb-DF-v2,0.2,0.45,0.35,0.1,169,0,178,340,0.949438202247191,0,0.949438202247191
Celeb-DF-v2,0.2,0.45,0.35,0.15,150,0,178,340,0.84269662921348309,0,0.84269662921348309
Celeb-DF-v2,0.2,0.45,0.35,0.2,125,2,178,340,0.702247191011236,0.0058823529411764705,0.70812954395241245
Celeb-DF-v2,0.2,0.45,0.35,0.25,113,6,178,340,0.6348314606741573,0.017647058823529412,0.65247851949768676
Celeb-DF-v2,0.2,0.45,0.35,0.3,94,14,178,340,0.5280898876404494,0.041176470588235294,0.56926635822868465
Celeb-DF-v2,0.2,0.45,0.35,0.35,70,27,178,340,0.39325842696629215,0.079411764705882348,0.4726701916721745
Celeb-DF-v2,0.2,0.45,0.35,0.4,57,36,178,340,0.3202247191011236,0.10588235294117647,0.42610707204230008
Celeb-DF-v2,0.2,0.45,0.35,0.45,37,59,178,340,0.20786516853932585,0.17352941176470588,0.38139458030403173
Celeb-DF-v2,0.2,0.45,0.35,0.5,27,87,178,340,0.15168539325842698,0.25588235294117645,0.40756774619960345
Celeb-DF-v2,0.2,0.45,0.35,0.55,18,111,178,340,0.10112359550561797,0.32647058823529412,0.42759418374091207
Celeb-DF-v2,0.2,0.45,0.35,0.6,9,137,178,340,0.050561797752808987,0.40294117647058825,0.45350297422339725
Celeb-DF-v2,0.2,0.45,0.35,0.65,7,163,178,340,0.039325842696629212,0.47941176470588237,0.51873760740251162
Celeb-DF-v2,0.2,0.45,0.35,0.7,5,188,178,340,0.028089887640449437,0.55294117647058827,0.58103106411103767
Celeb-DF-v2,0.2,0.45,0.35,0.75,5,228,178,340,0.028089887640449437,0.6705882352941176,0.69867812293456699
Celeb-DF-v2,0.2,0.45,0.35,0.8,2,250,178,340,0.011235955056179775,0.73529411764705888,0.74653007270323868
Celeb-DF-v2,0.2,0.45,0.35,0.85,0,280,178,340,0,0.82352941176470584,0.82352941176470584
Celeb-DF-v2,0.2,0.45,0.35,0.9,0,304,178,340,0,0.89411764705882357,0.89411764705882357
Celeb-DF-v2,0.2,0.45,0.35,0.95,0,330,178,340,0,0.97058823529411764,0.97058823529411764
Celeb-DF-v2,0.2,0.45,0.35,1,0,340,178,340,0,1,1
Celeb-DF-v2,0.2,0.5,0.3,0,178,0,178,340,1,0,1
Celeb-DF-v2,0.2,0.5,0.3,0.05,175,0,178,340,0.9831460674157303,0,0.9831460674157303
Celeb-DF-v2,0.2,0.5,0.3,0.1,167,0,178,340,0.9382022471910112,0,0.9382022471910112
Celeb-DF-v2,0.2,0.5,0.3,0.15,145,0,178,340,0.8146067415730337,0,0.8146067415730337
Celeb-DF-v2,0.2,0.5,0.3,0.2,124,2,178,340,0.6966292134831461,0.0058823529411764705,0.70251156642432255
Celeb-DF-v2,0.2,0.5,0.3,0.25,110,6,178,340,0.6179775280898876,0.017647058823529412,0.63562458691341706
Celeb-DF-v2,0.2,0.5,0.3,0.3,86,16,178,340,0.48314606741573035,0.047058823529411764,0.53020489094514212
Celeb-DF-v2,0.2,0.5,0.3,0.35,68,30,178,340,0.38202247191011235,0.088235294117647065,0.47025776602775943
Celeb-DF-v2,0.2,0.5,0.3,0.4,53,40,178,340,0.29775280898876405,0.11764705882352941,0.41539986781229343
Celeb-DF-v2,0.2,0.5,0.3,0.45,36,72,178,340,0.20224719101123595,0.21176470588235294,0.41401189689358886
Celeb-DF-v2,0.2,0.5,0.3,0.5,27,93,178,340,0.15168539325842698,0.27352941176470591,0.42521480502313291
Celeb-DF-v2,0.2,0.5,0.3,0.55,17,114,178,340,0.095505617977528087,0.3352941176470588,0.4307997356245869
Celeb-DF-v2,0.2,0.5,0.3,0.6,11,145,178,340,0.061797752808988762,0.4264705882352941,0.48826834104428285
Celeb-DF-v2,0.2,0.5,0.3,0.65,6,164,178,340,0.033707865168539325,0.4823529411764706,0.51606080634500995
Celeb-DF-v2,0.2,0.5,0.3,0.7,5,199,178,340,0.028089887640449437,0.58529411764705885,0.61338400528750825
Celeb-DF-v2,0.2,0.5,0.3,0.75,5,226,178,340,0.028089887640449437,0.66470588235294115,0.69279576999339054
Celeb-DF-v2,0.2,0.5,0.3,0.8,2,252,178,340,0.011235955056179775,0.74117647058823533,0.75241242564441513
Celeb-DF-v2,0.2,0.5,0.3,0.85,0,281,178,340,0,0.82647058823529407,0.82647058823529407
Celeb-DF-v2,0.2,0.5,0.3,0.9,0,303,178,340,0,0.89117647058823535,0.89117647058823535
Celeb-DF-v2,0.2,0.5,0.3,0.95,0,331,178,340,0,0.97352941176470587,0.97352941176470587
Celeb-DF-v2,0.2,0.5,0.3,1,0,340,178,340,0,1,1
Celeb-DF-v2,0.2,0.55,0.25,0,178,0,178,340,1,0,1
Celeb-DF-v2,0.2,0.55,0.25,0.05,175,0,178,340,0.9831460674157303,0,0.9831460674157303
Celeb-DF-v2,0.2,0.55,0.25,0.1,166,0,178,340,0.93258426966292129,0,0.93258426966292129
Celeb-DF-v2,0.2,0.55,0.25,0.15,137,0,178,340,0.7696629213483146,0,0.7696629213483146
Celeb-DF-v2,0.2,0.55,0.25,0.2,119,2,178,340,0.6685393258426966,0.0058823529411764705,0.67442167878387305
Celeb-DF-v2,0.2,0.55,0.25,0.25,105,9,178,340,0.5898876404494382,0.026470588235294117,0.61635822868473233
Celeb-DF-v2,0.2,0.55,0.25,0.3,84,19,178,340,0.47191011235955055,0.055882352941176473,0.52779246530072699
Celeb-DF-v2,0.2,0.55,0.25,0.35,65,33,178,340,0.3651685393258427,0.097058823529411767,0.46222736285525445
Celeb-DF-v2,0.2,0.55,0.25,0.4,49,55,178,340,0.2752808988764045,0.16176470588235295,0.43704560475875742
Celeb-DF-v2,0.2,0.55,0.25,0.45,36,78,178,340,0.20224719101123595,0.22941176470588234,0.43165895571711832
Celeb-DF-v2,0.2,0.55,0.25,0.5,24,101,178,340,0.1348314606741573,0.29705882352941176,0.43189028420356906
Celeb-DF-v2,0.2,0.55,0.25,0.55,16,123,178,340,0.0898876404494382,0.36176470588235293,0.45165234633179113
Celeb-DF-v2,0.2,0.55,0.25,0.6,12,147,178,340,0.06741573033707865,0.43235294117647061,0.49976867151354926
Celeb-DF-v2,0.2,0.55,0.25,0.65,7,166,178,340,0.039325842696629212,0.48823529411764705,0.5275611368142763
Celeb-DF-v2,0.2,0.55,0.25,0.7,5,200,178,340,0.028089887640449437,0.58823529411764708,0.61632518175809647
Celeb-DF-v2,0.2,0.55,0.25,0.75,5,224,178,340,0.028089887640449437,0.6588235294117647,0.68691341705221409
Celeb-DF-v2,0.2,0.55,0.25,0.8,3,249,178,340,0.016853932584269662,0.73235294117647054,0.74920687376074024
Celeb-DF-v2,0.2,0.55,0.25,0.85,0,282,178,340,0,0.8294117647058824,0.8294117647058824
Celeb-DF-v2,0.2,0.55,0.25,0.9,0,300,178,340,0,0.88235294117647056,0.88235294117647056
Celeb-DF-v2,0.2,0.55,0.25,0.95,0,330,178,340,0,0.97058823529411764,0.97058823529411764
Celeb-DF-v2,0.2,0.55,0.25,1,0,340,178,340,0,1,1
Celeb-DF-v2,0.2,0.6,0.2,0,178,0,178,340,1,0,1
Celeb-DF-v2,0.2,0.6,0.2,0.05,174,0,178,340,0.97752808988764039,0,0.97752808988764039
Celeb-DF-v2,0.2,0.6,0.2,0.1,165,0,178,340,0.9269662921348315,0,0.9269662921348315
Celeb-DF-v2,0.2,0.6,0.2,0.15,134,1,178,340,0.7528089887640449,0.0029411764705882353,0.75575016523463312
Celeb-DF-v2,0.2,0.6,0.2,0.2,112,4,178,340,0.6292134831460674,0.011764705882352941,0.6409781890284203
Celeb-DF-v2,0.2,0.6,0.2,0.25,97,13,178,340,0.5449438202247191,0.038235294117647062,0.58317911434236613
Celeb-DF-v2,0.2,0.6,0.2,0.3,76,20,178,340,0.42696629213483145,0.058823529411764705,0.48578982154659617
Celeb-DF-v2,0.2,0.6,0.2,0.35,61,39,178,340,0.34269662921348315,0.11470588235294117,0.45740251156642431
Celeb-DF-v2,0.2,0.6,0.2,0.4,50,65,178,340,0.2808988764044944,0.19117647058823528,0.47207534699272968
Celeb-DF-v2,0.2,0.6,0.2,0.45,35,85,178,340,0.19662921348314608,0.25,0.4466292134831461
Celeb-DF-v2,0.2,0.6,0.2,0.5,24,106,178,340,0.1348314606741573,0.31176470588235294,0.44659616655651024
Celeb-DF-v2,0.2,0.6,0.2,0.55,15,132,178,340,0.084269662921348312,0.38823529411764707,0.47250495703899537
Celeb-DF-v2,0.2,0.6,0.2,0.6,12,146,178,340,0.06741573033707865,0.42941176470588233,0.49682749504296098
Celeb-DF-v2,0.2,0.6,0.2,0.65,10,174,178,340,0.056179775280898875,0.5117647058823529,0.5679444811632518
Celeb-DF-v2,0.2,0.6,0.2,0.7,5,202,178,340,0.028089887640449437,0.59411764705882353,0.62220753469927292
Celeb-DF-v2,0.2,0.6,0.2,0.75,5,226,178,340,0.028089887640449437,0.66470588235294115,0.69279576999339054
Celeb-DF-v2,0.2,0.6,0.2,0.8,4,249,178,340,0.02247191011235955,0.73235294117647054,0.75482485128883003
Celeb-DF-v2,0.2,0.6,0.2,0.85,1,275,178,340,0.0056179775280898875,0.80882352941176472,0.81444150693985462
Celeb-DF-v2,0.2,0.6,0.2,0.9,0,302,178,340,0,0.88823529411764701,0.88823529411764701
Celeb-DF-v2,0.2,0.6,0.2,0.95,0,329,178,340,0,0.96764705882352942,0.96764705882352942
Celeb-DF-v2,0.2,0.6,0.2,1,0,340,178,340,0,1,1
Celeb-DF-v2,0.2,0.65,0.15,0,178,0,178,340,1,0,1
Celeb-DF-v2,0.2,0.65,0.15,0.05,172,0,178,340,0.9662921348314607,0,0.9662921348314607
Celeb-DF-v2,0.2,0.65,0.15,0.1,159,0,178,340,0.8932584269662921,0,0.8932584269662921
Celeb-DF-v2,0.2,0.65,0.15,0.15,130,1,178,340,0.7303370786516854,0.0029411764705882353,0.73327825512227363
Celeb-DF-v2,0.2,0.65,0.15,0.2,108,8,178,340,0.6067415730337079,0.023529411764705882,0.63027098479841381
Celeb-DF-v2,0.2,0.65,0.15,0.25,89,17,178,340,0.5,0.050000000000000003,0.55000000000000004
Celeb-DF-v2,0.2,0.65,0.15,0.3,71,25,178,340,0.398876404494382,0.073529411764705885,0.4724058162590879
Celeb-DF-v2,0.2,0.65,0.15,0.35,57,51,178,340,0.3202247191011236,0.14999999999999999,0.47022471910112362
Celeb-DF-v2,0.2,0.65,0.15,0.4,49,73,178,340,0.2752808988764045,0.21470588235294116,0.48998678122934569
Celeb-DF-v2,0.2,0.65,0.15,0.45,37,89,178,340,0.20786516853932585,0.26176470588235295,0.46962987442167881
Celeb-DF-v2,0.2,0.65,0.15,0.5,22,113,178,340,0.12359550561797752,0.33235294117647057,0.45594844679444813
Celeb-DF-v2,0.2,0.65,0.15,0.55,15,134,178,340,0.084269662921348312,0.39411764705882352,0.47838730998017182
Celeb-DF-v2,0.2,0.65,0.15,0.6,12,153,178,340,0.06741573033707865,0.45000000000000001,0.51741573033707866
Celeb-DF-v2,0.2,0.65,0.15,0.65,11,179,178,340,0.061797752808988762,0.52647058823529413,0.58826834104428294
Celeb-DF-v2,0.2,0.65,0.15,0.7,5,203,178,340,0.028089887640449437,0.59705882352941175,0.62514871116986115
Celeb-DF-v2,0.2,0.65,0.15,0.75,5,225,178,340,0.028089887640449437,0.66176470588235292,0.68985459352280232
Celeb-DF-v2,0.2,0.65,0.15,0.8,4,249,178,340,0.02247191011235955,0.73235294117647054,0.75482485128883003
Celeb-DF-v2,0.2,0.65,0.15,0.85,2,276,178,340,0.011235955056179775,0.81176470588235294,0.82300066093853275
Celeb-DF-v2,0.2,0.65,0.15,0.9,0,298,178,340,0,0.87647058823529411,0.87647058823529411
Celeb-DF-v2,0.2,0.65,0.15,0.95,0,329,178,340,0,0.96764705882352942,0.96764705882352942
Celeb-DF-v2,0.2,0.65,0.15,1,0,340,178,340,0,1,1
Celeb-DF-v2,0.2,0.7,0.1,0,178,0,178,340,1,0,1
Celeb-DF-v2,0.2,0.7,0.1,0.05,171,0,178,340,0.9606741573033708,0,0.9606741573033708
Celeb-DF-v2,0.2,0.7,0.1,0.1,154,0,178,340,0.8651685393258427,0,0.8651685393258427
Celeb-DF-v2,0.2,0.7,0.1,0.15,126,2,178,340,0.7078651685393258,0.0058823529411764705,0.71374752148050224
Celeb-DF-v2,0.2,0.7,0.1,0.2,102,10,178,340,0.5730337078651685,0.029411764705882353,0.60244547257105086
Celeb-DF-v2,0.2,0.7,0.1,0.25,81,19,178,340,0.4550561797752809,0.055882352941176473,0.51093853271645739
Celeb-DF-v2,0.2,0.7,0.1,0.3,70,37,178,340,0.39325842696629215,0.10882352941176471,0.50208195637805686
Celeb-DF-v2,0.2,0.7,0.1,0.35,57,57,178,340,0.3202247191011236,0.1676470588235294,0.48787177792465297
Celeb-DF-v2,0.2,0.7,0.1,0.4,51,79,178,340,0.28651685393258425,0.2323529411764706,0.51886979510905484
Celeb-DF-v2,0.2,0.7,0.1,0.45,37,94,178,340,0.20786516853932585,0.27647058823529413,0.48433575677461999
Celeb-DF-v2,0.2,0.7,0.1,0.5,20,118,178,340,0.11235955056179775,0.34705882352941175,0.4594183740912095
Celeb-DF-v2,0.2,0.7,0.1,0.55,14,135,178,340,0.078651685393258425,0.39705882352941174,0.47571050892267019
Celeb-DF-v2,0.2,0.7,0.1,0.6,13,156,178,340,0.073033707865168537,0.45882352941176469,0.53185723727693324
Celeb-DF-v2,0.2,0.7,0.1,0.65,11,185,178,340,0.061797752808988762,0.54411764705882348,0.60591539986781229
Celeb-DF-v2,0.2,0.7,0.1,0.7,7,205,178,340,0.039325842696629212,0.6029411764705882,0.6422670191672174
Celeb-DF-v2,0.2,0.7,0.1,0.75,5,225,178,340,0.028089887640449437,0.66176470588235292,0.68985459352280232
Celeb-DF-v2,0.2,0.7,0.1,0.8,4,247,178,340,0.02247191011235955,0.72647058823529409,0.74894249834765358
Celeb-DF-v2,0.2,0.7,0.1,0.85,2,274,178,340,0.011235955056179775,0.80588235294117649,0.8171183079973563
Celeb-DF-v2,0.2,0.7,0.1,0.9,0,295,178,340,0,0.86764705882352944,0.86764705882352944
Celeb-DF-v2,0.2,0.7,0.1,0.95,0,328,178,340,0,0.96470588235294119,0.96470588235294119
Celeb-DF-v2,0.2,0.7,0.1,1,0,340,178,340,0,1,1
Celeb-DF-v2,0.2,0.75,0.05,0,178,0,178,340,1,0,1
Celeb-DF-v2,0.2,0.75,0.05,0.05,167,0,178,340,0.9382022471910112,0,0.9382022471910112
Celeb-DF-v2,0.2,0.75,0.05,0.1,147,1,178,340,0.8258426966292135,0.0029411764705882353,0.82878387309980173
Celeb-DF-v2,0.2,0.75,0.05,0.15,121,6,178,340,0.6797752808988764,0.017647058823529412,0.69742233972240586
Celeb-DF-v2,0.2,0.75,0.05,0.2,95,14,178,340,0.5337078651685393,0.041176470588235294,0.57488433575677456
Celeb-DF-v2,0.2,0.75,0.05,0.25,76,27,178,340,0.42696629213483145,0.079411764705882348,0.5063780568407138
Celeb-DF-v2,0.2,0.75,0.05,0.3,65,48,178,340,0.3651685393258427,0.14117647058823529,0.50634500991407805
Celeb-DF-v2,0.2,0.75,0.05,0.35,56,67,178,340,0.3146067415730337,0.19705882352941176,0.51166556510244543
Celeb-DF-v2,0.2,0.75,0.05,0.4,50,82,178,340,0.2808988764044944,0.2411764705882353,0.52207534699272973
Celeb-DF-v2,0.2,0.75,0.05,0.45,36,103,178,340,0.20224719101123595,0.30294117647058821,0.50518836748182416
Celeb-DF-v2,0.2,0.75,0.05,0.5,20,120,178,340,0.11235955056179775,0.35294117647058826,0.46530072703238601
Celeb-DF-v2,0.2,0.75,0.05,0.55,14,136,178,340,0.078651685393258425,0.40000000000000002,0.47865168539325842
Celeb-DF-v2,0.2,0.75,0.05,0.6,13,163,178,340,0.073033707865168537,0.47941176470588237,0.55244547257105092
Celeb-DF-v2,0.2,0.75,0.05,0.65,12,188,178,340,0.06741573033707865,0.55294117647058827,0.62035690680766686
Celeb-DF-v2,0.2,0.75,0.05,0.7,9,208,178,340,0.050561797752808987,0.61176470588235299,0.66232650363516199
Celeb-DF-v2,0.2,0.75,0.05,0.75,5,224,178,340,0.028089887640449437,0.6588235294117647,0.68691341705221409
Celeb-DF-v2,0.2,0.75,0.05,0.8,4,250,178,340,0.02247191011235955,0.73529411764705888,0.75776602775941848
Celeb-DF-v2,0.2,0.75,0.05,0.85,2,271,178,340,0.011235955056179775,0.79705882352941182,0.80829477858559162
Celeb-DF-v2,0.2,0.75,0.05,0.9,1,295,178,340,0.0056179775280898875,0.86764705882352944,0.87326503635161934
Celeb-DF-v2,0.2,0.75,0.05,0.95,0,321,178,340,0,0.94411764705882351,0.94411764705882351
Celeb-DF-v2,0.2,0.75,0.05,1,0,340,178,340,0,1,1
Celeb-DF-v2,0.2,0.8,0,0,178,0,178,340,1,0,1
Celeb-DF-v2,0.2,0.8,0,0.05,162,1,178,340,0.9101123595505618,0.0029411764705882353,0.91305353602115003
Celeb-DF-v2,0.2,0.8,0,0.1,141,4,178,340,0.7921348314606742,0.011764705882352941,0.8038995373430271
Celeb-DF-v2,0.2,0.8,0,0.15,113,7,178,340,0.6348314606741573,0.020588235294117647,0.65541969596827498
Celeb-DF-v2,0.2,0.8,0,0.2,89,24,178,340,0.5,0.070588235294117646,0.57058823529411762
Celeb-DF-v2,0.2,0.8,0,0.25,74,38,178,340,0.4157303370786517,0.11176470588235295,0.52749504296100469
Celeb-DF-v2,0.2,0.8,0,0.3,65,51,178,340,0.3651685393258427,0.14999999999999999,0.51516853932584272
Celeb-DF-v2,0.2,0.8,0,0.35,56,73,178,340,0.3146067415730337,0.21470588235294116,0.52931262392597489
Celeb-DF-v2,0.2,0.8,0,0.4,50,91,178,340,0.2808988764044944,0.2676470588235294,0.54854593522802375
Celeb-DF-v2,0.2,0.8,0,0.45,36,108,178,340,0.20224719101123595,0.31764705882352939,0.5198942498347654
Celeb-DF-v2,0.2,0.8,0,0.5,21,121,178,340,0.11797752808988764,0.35588235294117648,0.47385988103106413
Celeb-DF-v2,0.2,0.8,0,0.55,13,141,178,340,0.073033707865168537,0.4147058823529412,0.48773959021810975
Celeb-DF-v2,0.2,0.8,0,0.6,13,167,178,340,0.073033707865168537,0.49117647058823527,0.56421017845340382
Celeb-DF-v2,0.2,0.8,0,0.65,12,189,178,340,0.06741573033707865,0.55588235294117649,0.62329808327825509
Celeb-DF-v2,0.2,0.8,0,0.7,9,208,178,340,0.050561797752808987,0.61176470588235299,0.66232650363516199
Celeb-DF-v2,0.2,0.8,0,0.75,7,226,178,340,0.039325842696629212,0.66470588235294115,0.70403172504957034
Celeb-DF-v2,0.2,0.8,0,0.8,4,250,178,340,0.02247191011235955,0.73529411764705888,0.75776602775941848
Celeb-DF-v2,0.2,0.8,0,0.85,2,271,178,340,0.011235955056179775,0.79705882352941182,0.80829477858559162
Celeb-DF-v2,0.2,0.8,0,0.9,2,295,178,340,0.011235955056179775,0.86764705882352944,0.87888301387970924
Celeb-DF-v2,0.2,0.8,0,0.95,0,318,178,340,0,0.93529411764705883,0.93529411764705883
Celeb-DF-v2,0.2,0.8,0,1,0,340,178,340,0,1,1
Celeb-DF-v2,0.25,0,0.75,0,178,0,178,340,1,0,1
Celeb-DF-v2,0.25,0,0.75,0.05,178,0,178,340,1,0,1
Celeb-DF-v2,0.25,0,0.75,0.1,173,0,178,340,0.9719101123595506,0,0.9719101123595506
Celeb-DF-v2,0.25,0,0.75,0.15,163,0,178,340,0.9157303370786517,0,0.9157303370786517
Celeb-DF-v2,0.25,0,0.75,0.2,145,1,178,340,0.8146067415730337,0.0029411764705882353,0.81754791804362192
Celeb-DF-v2,0.25,0,0.75,0.25,132,4,178,340,0.7415730337078652,0.011764705882352941,0.7533377395902181
Celeb-DF-v2,0.25,0,0.75,0.3,119,8,178,340,0.6685393258426966,0.023529411764705882,0.69206873760740251
Celeb-DF-v2,0.25,0,0.75,0.35,99,13,178,340,0.5561797752808989,0.038235294117647062,0.59441506939854594
Celeb-DF-v2,0.25,0,0.75,0.4,81,20,178,340,0.4550561797752809,0.058823529411764705,0.51387970918704562
Celeb-DF-v2,0.25,0,0.75,0.45,70,38,178,340,0.39325842696629215,0.11176470588235295,0.50502313284864508
Celeb-DF-v2,0.25,0,0.75,0.5,56,50,178,340,0.3146067415730337,0.14705882352941177,0.4616655651024455
Celeb-DF-v2,0.25,0,0.75,0.55,41,72,178,340,0.2303370786516854,0.21176470588235294,0.44210178453403837
Celeb-DF-v2,0.25,0,0.75,0.6,33,87,178,340,0.1853932584269663,0.25588235294117645,0.44127561136814275
Celeb-DF-v2,0.25,0,0.75,0.65,24,107,178,340,0.1348314606741573,0.31470588235294117,0.44953734302709847
Celeb-DF-v2,0.25,0,0.75,0.7,14,137,178,340,0.078651685393258425,0.40294117647058825,0.48159286186384664
Celeb-DF-v2,0.25,0,0.75,0.75,5,168,178,340,0.028089887640449437,0.49411764705882355,0.52220753469927295
Celeb-DF-v2,0.25,0,0.75,0.8,2,206,178,340,0.011235955056179775,0.60588235294117643,0.61711830799735623
Celeb-DF-v2,0.25,0,0.75,0.85,1,244,178,340,0.0056179775280898875,0.71764705882352942,0.72326503635161932
Celeb-DF-v2,0.25,0,0.75,0.9,0,289,178,340,0,0.84999999999999998,0.84999999999999998
Celeb-DF-v2,0.25,0,0.75,0.95,0,327,178,340,0,0.96176470588235297,0.96176470588235297
Celeb-DF-v2,0.25,0,0.75,1,0,340,178,340,0,1,1
Celeb-DF-v2,0.25,0.05,0.7,0,178,0,178,340,1,0,1
Celeb-DF-v2,0.25,0.05,0.7,0.05,178,0,178,340,1,0,1
Celeb-DF-v2,0.25,0.05,0.7,0.1,174,0,178,340,0.97752808988764039,0,0.97752808988764039
Celeb-DF-v2,0.25,0.05,0.7,0.15,161,0,178,340,0.9044943820224719,0,0.9044943820224719
Celeb-DF-v2,0.25,0.05,0.7,0.2,143,1,178,340,0.8033707865168539,0.0029411764705882353,0.80631196298744212
Celeb-DF-v2,0.25,0.05,0.7,0.25,131,4,178,340,0.7359550561797753,0.011764705882352941,0.7477197620621282
Celeb-DF-v2,0.25,0.05,0.7,0.3,119,7,178,340,0.6685393258426966,0.020588235294117647,0.68912756113681428
Celeb-DF-v2,0.25,0.05,0.7,0.35,100,12,178,340,0.5617977528089888,0.035294117647058823,0.59709187045604761
Celeb-DF-v2,0.25,0.05,0.7,0.4,79,22,178,340,0.4438202247191011,0.064705882352941183,0.50852610707204227
Celeb-DF-v2,0.25,0.05,0.7,0.45,66,36,178,340,0.3707865168539326,0.10588235294117647,0.47666886979510908
Celeb-DF-v2,0.25,0.05,0.7,0.5,51,50,178,340,0.28651685393258425,0.14705882352941177,0.43357567746199599
Celeb-DF-v2,0.25,0.05,0.7,0.55,40,70,178,340,0.2247191011235955,0.20588235294117646,0.43060145406477196
Celeb-DF-v2,0.25,0.05,0.7,0.6,32,88,178,340,0.1797752808988764,0.25882352941176473,0.43859881031064113
Celeb-DF-v2,0.25,0.05,0.7,0.65,19,114,178,340,0.10674157303370786,0.3352941176470588,0.44203569068076665
Celeb-DF-v2,0.25,0.05,0.7,0.7,9,140,178,340,0.050561797752808987,0.41176470588235292,0.46232650363516192
Celeb-DF-v2,0.25,0.05,0.7,0.75,4,177,178,340,0.02247191011235955,0.52058823529411768,0.54306014540647718
Celeb-DF-v2,0.25,0.05,0.7,0.8,1,217,178,340,0.0056179775280898875,0.63823529411764701,0.64385327164573691
Celeb-DF-v2,0.25,0.05,0.7,0.85,0,253,178,340,0,0.74411764705882355,0.74411764705882355
Celeb-DF-v2,0.25,0.05,0.7,0.9,0,293,178,340,0,0.86176470588235299,0.86176470588235299
Celeb-DF-v2,0.25,0.05,0.7,0.95,0,328,178,340,0,0.96470588235294119,0.96470588235294119
Celeb-DF-v2,0.25,0.05,0.7,1,0,340,178,340,0,1,1
Celeb-DF-v2,0.25,0.1,0.65,0,178,0,178,340,1,0,1
Celeb-DF-v2,0.25,0.1,0.65,0.05,178,0,178,340,1,0,1
Celeb-DF-v2,0.25,0.1,0.65,0.1,174,0,178,340,0.97752808988764039,0,0.97752808988764039
Celeb-DF-v2,0.25,0.1,0.65,0.15,162,0,178,340,0.9101123595505618,0,0.9101123595505618
Celeb-DF-v2,0.25,0.1,0.65,0.2,145,0,178,340,0.8146067415730337,0,0.8146067415730337
Celeb-DF-v2,0.25,0.1,0.65,0.25,129,4,178,340,0.7247191011235955,0.011764705882352941,0.7364838070059484
Celeb-DF-v2,0.25,0.1,0.65,0.3,114,7,178,340,0.6404494382022472,0.020588235294117647,0.66103767349636489
Celeb-DF-v2,0.25,0.1,0.65,0.35,95,12,178,340,0.5337078651685393,0.035294117647058823,0.56900198281559811
Celeb-DF-v2,0.25,0.1,0.65,0.4,79,23,178,340,0.4438202247191011,0.067647058823529407,0.51146728354263049
Celeb-DF-v2,0.25,0.1,0.65,0.45,65,35,178,340,0.3651685393258427,0.10294117647058823,0.4681097157964309
Celeb-DF-v2,0.25,0.1,0.65,0.5,45,50,178,340,0.25280898876404495,0.14705882352941177,0.39986781229345669
Celeb-DF-v2,0.25,0.1,0.65,0.55,35,70,178,340,0.19662921348314608,0.20588235294117646,0.40251156642432251
Celeb-DF-v2,0.25,0.1,0.65,0.6,29,92,178,340,0.16292134831460675,0.27058823529411763,0.43350958360872438
Celeb-DF-v2,0.25,0.1,0.65,0.65,16,119,178,340,0.0898876404494382,0.34999999999999998,0.43988764044943818
Celeb-DF-v2,0.25,0.1,0.65,0.7,7,147,178,340,0.039325842696629212,0.43235294117647061,0.47167878387309981
Celeb-DF-v2,0.25,0.1,0.65,0.75,3,190,178,340,0.016853932584269662,0.55882352941176472,0.57567746199603442
Celeb-DF-v2,0.25,0.1,0.65,0.8,1,227,178,340,0.0056179775280898875,0.66764705882352937,0.67326503635161927
Celeb-DF-v2,0.25,0.1,0.65,0.85,0,264,178,340,0,0.77647058823529413,0.77647058823529413
Celeb-DF-v2,0.25,0.1,0.65,0.9,0,297,178,340,0,0.87352941176470589,0.87352941176470589
Celeb-DF-v2,0.25,0.1,0.65,0.95,0,328,178,340,0,0.96470588235294119,0.96470588235294119
Celeb-DF-v2,0.25,0.1,0.65,1,0,340,178,340,0,1,1
Celeb-DF-v2,0.25,0.15,0.6,0,178,0,178,340,1,0,1
Celeb-DF-v2,0.25,0.15,0.6,0.05,177,0,178,340,0.9943820224719101,0,0.9943820224719101
Celeb-DF-v2,0.25,0.15,0.6,0.1,174,0,178,340,0.97752808988764039,0,0.97752808988764039
Celeb-DF-v2,0.25,0.15,0.6,0.15,161,0,178,340,0.9044943820224719,0,0.9044943820224719
Celeb-DF-v2,0.25,0.15,0.6,0.2,142,0,178,340,0.797752808988764,0,0.797752808988764
Celeb-DF-v2,0.25,0.15,0.6,0.25,126,5,178,340,0.7078651685393258,0.014705882352941176,0.72257105089226692
Celeb-DF-v2,0.25,0.15,0.6,0.3,111,7,178,340,0.6235955056179775,0.020588235294117647,0.64418374091209518
Celeb-DF-v2,0.25,0.15,0.6,0.35,95,14,178,340,0.5337078651685393,0.041176470588235294,0.57488433575677456
Celeb-DF-v2,0.25,0.15,0.6,0.4,76,23,178,340,0.42696629213483145,0.067647058823529407,0.49461335095836084
Celeb-DF-v2,0.25,0.15,0.6,0.45,62,35,178,340,0.34831460674157305,0.10294117647058823,0.45125578321216131
Celeb-DF-v2,0.25,0.15,0.6,0.5,42,49,178,340,0.23595505617977527,0.14411764705882352,0.38007270323859876
Celeb-DF-v2,0.25,0.15,0.6,0.55,34,74,178,340,0.19101123595505617,0.21764705882352942,0.40865829477858562
Celeb-DF-v2,0.25,0.15,0.6,0.6,23,97,178,340,0.12921348314606743,0.28529411764705881,0.41450760079312621
Celeb-DF-v2,0.25,0.15,0.6,0.65,13,125,178,340,0.073033707865168537,0.36764705882352944,0.44068076668869799
Celeb-DF-v2,0.25,0.15,0.6,0.7,7,158,178,340,0.039325842696629212,0.46470588235294119,0.50403172504957039
Celeb-DF-v2,0.25,0.15,0.6,0.75,3,199,178,340,0.016853932584269662,0.58529411764705885,0.60214805023132856
Celeb-DF-v2,0.25,0.15,0.6,0.8,0,237,178,340,0,0.69705882352941173,0.69705882352941173
Celeb-DF-v2,0.25,0.15,0.6,0.85,0,268,178,340,0,0.78823529411764703,0.78823529411764703
Celeb-DF-v2,0.25,0.15,0.6,0.9,0,299,178,340,0,0.87941176470588234,0.87941176470588234
Celeb-DF-v2,0.25,0.15,0.6,0.95,0,328,178,340,0,0.96470588235294119,0.96470588235294119
Celeb-DF-v2,0.25,0.15,0.6,1,0,340,178,340,0,1,1
Celeb-DF-v2,0.25,0.2,0.55,0,178,0,178,340,1,0,1
Celeb-DF-v2,0.25,0.2,0.55,0.05,177,0,178,340,0.9943820224719101,0,0.9943820224719101
Celeb-DF-v2,0.25,0.2,0.55,0.1,174,0,178,340,0.97752808988764039,0,0.97752808988764039
Celeb-DF-v2,0.25,0.2,0.55,0.15,160,0,178,340,0.898876404494382,0,0.898876404494382
Celeb-DF-v2,0.25,0.2,0.55,0.2,143,0,178,340,0.8033707865168539,0,0.8033707865168539
Celeb-DF-v2,0.25,0.2,0.55,0.25,125,4,178,340,0.702247191011236,0.011764705882352941,0.7140118968935889
Celeb-DF-v2,0.25,0.2,0.55,0.3,108,7,178,340,0.6067415730337079,0.020588235294117647,0.62732980832782559
Celeb-DF-v2,0.25,0.2,0.55,0.35,95,15,178,340,0.5337078651685393,0.044117647058823532,0.57782551222736278
Celeb-DF-v2,0.25,0.2,0.55,0.4,76,24,178,340,0.42696629213483145,0.070588235294117646,0.49755452742894912
Celeb-DF-v2,0.25,0.2,0.55,0.45,55,37,178,340,0.3089887640449438,0.10882352941176471,0.41781229345670851
Celeb-DF-v2,0.25,0.2,0.55,0.5,40,54,178,340,0.2247191011235955,0.1588235294117647,0.3835426305353602
Celeb-DF-v2,0.25,0.2,0.55,0.55,30,73,178,340,0.16853932584269662,0.21470588235294116,0.38324520819563779
Celeb-DF-v2,0.25,0.2,0.55,0.6,17,102,178,340,0.095505617977528087,0.29999999999999999,0.39550561797752809
Celeb-DF-v2,0.25,0.2,0.55,0.65,10,129,178,340,0.056179775280898875,0.37941176470588234,0.43559153998678124
Celeb-DF-v2,0.25,0.2,0.55,0.7,6,167,178,340,0.033707865168539325,0.49117647058823527,0.52488433575677462
Celeb-DF-v2,0.25,0.2,0.55,0.75,4,206,178,340,0.02247191011235955,0.60588235294117643,0.62835426305353592
Celeb-DF-v2,0.25,0.2,0.55,0.8,0,244,178,340,0,0.71764705882352942,0.71764705882352942
Celeb-DF-v2,0.25,0.2,0.55,0.85,0,278,178,340,0,0.81764705882352939,0.81764705882352939
Celeb-DF-v2,0.25,0.2,0.55,0.9,0,299,178,340,0,0.87941176470588234,0.87941176470588234
Celeb-DF-v2,0.25,0.2,0.55,0.95,0,327,178,340,0,0.96176470588235297,0.96176470588235297
Celeb-DF-v2,0.25,0.2,0.55,1,0,340,178,340,0,1,1
Celeb-DF-v2,0.25,0.25,0.5,0,178,0,178,340,1,0,1
Celeb-DF-v2,0.25,0.25,0.5,0.05,177,0,178,340,0.9943820224719101,0,0.9943820224719101
Celeb-DF-v2,0.25,0.25,0.5,0.1,173,0,178,340,0.9719101123595506,0,0.9719101123595506
Celeb-DF-v2,0.25,0.25,0.5,0.15,160,0,178,340,0.898876404494382,0,0.898876404494382
Celeb-DF-v2,0.25,0.25,0.5,0.2,142,0,178,340,0.797752808988764,0,0.797752808988764
Celeb-DF-v2,0.25,0.25,0.5,0.25,120,5,178,340,0.6741573033707865,0.014705882352941176,0.68886318572372762
Celeb-DF-v2,0.25,0.25,0.5,0.3,106,8,178,340,0.5955056179775281,0.023529411764705882,0.61903502974223401
Celeb-DF-v2,0.25,0.25,0.5,0.35,90,16,178,340,0.5056179775280899,0.047058823529411764,0.55267680105750161
Celeb-DF-v2,0.25,0.25,0.5,0.4,74,25,178,340,0.4157303370786517,0.073529411764705885,0.4892597488433576
Celeb-DF-v2,0.25,0.25,0.5,0.45,51,38,178,340,0.28651685393258425,0.11176470588235295,0.39828155981493718
Celeb-DF-v2,0.25,0.25,0.5,0.5,39,55,178,340,0.21910112359550563,0.16176470588235295,0.38086582947785858
Celeb-DF-v2,0.25,0.25,0.5,0.55,26,81,178,340,0.14606741573033707,0.23823529411764705,0.38430270984798409
Celeb-DF-v2,0.25,0.25,0.5,0.6,14,111,178,340,0.078651685393258425,0.32647058823529412,0.40512227362855258
Celeb-DF-v2,0.25,0.25,0.5,0.65,7,136,178,340,0.039325842696629212,0.40000000000000002,0.43932584269662922
Celeb-DF-v2,0.25,0.25,0.5,0.7,6,172,178,340,0.033707865168539325,0.50588235294117645,0.53959021810971575
Celeb-DF-v2,0.25,0.25,0.5,0.75,3,210,178,340,0.016853932584269662,0.61764705882352944,0.63450099140779914
Celeb-DF-v2,0.25,0.25,0.5,0.8,0,249,178,340,0,0.73235294117647054,0.73235294117647054
Celeb-DF-v2,0.25,0.25,0.5,0.85,0,278,178,340,0,0.81764705882352939,0.81764705882352939
Celeb-DF-v2,0.25,0.25,0.5,0.9,0,303,178,340,0,0.89117647058823535,0.89117647058823535
Celeb-DF-v2,0.25,0.25,0.5,0.95,0,327,178,340,0,0.96176470588235297,0.96176470588235297
Celeb-DF-v2,0.25,0.25,0.5,1,0,340,178,340,0,1,1
Celeb-DF-v2,0.25,0.3,0.45,0,178,0,178,340,1,0,1
Celeb-DF-v2,0.25,0.3,0.45,0.05,177,0,178,340,0.9943820224719101,0,0.9943820224719101
Celeb-DF-v2,0.25,0.3,0.45,0.1,172,0,178,340,0.9662921348314607,0,0.9662921348314607
Celeb-DF-v2,0.25,0.3,0.45,0.15,161,0,178,340,0.9044943820224719,0,0.9044943820224719
Celeb-DF-v2,0.25,0.3,0.45,0.2,139,0,178,340,0.7808988764044944,0,0.7808988764044944
Celeb-DF-v2,0.25,0.3,0.45,0.25,118,5,178,340,0.6629213483146067,0.014705882352941176,0.67762723066754782
Celeb-DF-v2,0.25,0.3,0.45,0.3,105,8,178,340,0.5898876404494382,0.023529411764705882,0.61341705221414411
Celeb-DF-v2,0.25,0.3,0.45,0.35,87,17,178,340,0.4887640449438202,0.050000000000000003,0.53876404494382024
Celeb-DF-v2,0.25,0.3,0.45,0.4,67,30,178,340,0.37640449438202245,0.088235294117647065,0.46463978849966953
Celeb-DF-v2,0.25,0.3,0.45,0.45,49,38,178,340,0.2752808988764045,0.11176470588235295,0.38704560475875743
Celeb-DF-v2,0.25,0.3,0.45,0.5,33,63,178,340,0.1853932584269663,0.18529411764705883,0.37068737607402513
Celeb-DF-v2,0.25,0.3,0.45,0.55,22,86,178,340,0.12359550561797752,0.25294117647058822,0.37653668208856572
Celeb-DF-v2,0.25,0.3,0.45,0.6,13,123,178,340,0.073033707865168537,0.36176470588235293,0.43479841374752148
Celeb-DF-v2,0.25,0.3,0.45,0.65,7,141,178,340,0.039325842696629212,0.4147058823529412,0.4540317250495704
Celeb-DF-v2,0.25,0.3,0.45,0.7,6,179,178,340,0.033707865168539325,0.52647058823529413,0.56017845340383343
Celeb-DF-v2,0.25,0.3,0.45,0.75,5,216,178,340,0.028089887640449437,0.63529411764705879,0.66338400528750818
Celeb-DF-v2,0.25,0.3,0.45,0.8,0,249,178,340,0,0.73235294117647054,0.73235294117647054
Celeb-DF-v2,0.25,0.3,0.45,0.85,0,279,178,340,0,0.82058823529411762,0.82058823529411762
Celeb-DF-v2,0.25,0.3,0.45,0.9,0,304,178,340,0,0.89411764705882357,0.89411764705882357
Celeb-DF-v2,0.25,0.3,0.45,0.95,0,330,178,340,0,0.97058823529411764,0.97058823529411764
Celeb-DF-v2,0.25,0.3,0.45,1,0,340,178,340,0,1,1
Celeb-DF-v2,0.25,0.35,0.4,0,178,0,178,340,1,0,1
Celeb-DF-v2,0.25,0.35,0.4,0.05,177,0,178,340,0.9943820224719101,0,0.9943820224719101
Celeb-DF-v2,0.25,0.35,0.4,0.1,170,0,178,340,0.9550561797752809,0,0.9550561797752809
Celeb-DF-v2,0.25,0.35,0.4,0.15,160,0,178,340,0.898876404494382,0,0.898876404494382
Celeb-DF-v2,0.25,0.35,0.4,0.2,132,0,178,340,0.7415730337078652,0,0.7415730337078652
Celeb-DF-v2,0.25,0.35,0.4,0.25,119,5,178,340,0.6685393258426966,0.014705882352941176,0.68324520819563772
Celeb-DF-v2,0.25,0.35,0.4,0.3,99,8,178,340,0.5561797752808989,0.023529411764705882,0.57970918704560481
Celeb-DF-v2,0.25,0.35,0.4,0.35,83,19,178,340,0.46629213483146065,0.055882352941176473,0.52217448777263709
Celeb-DF-v2,0.25,0.35,0.4,0.4,65,32,178,340,0.3651685393258427,0.094117647058823528,0.45928618638466623
Celeb-DF-v2,0.25,0.35,0.4,0.45,46,41,178,340,0.25842696629213485,0.12058823529411765,0.37901520158625251
Celeb-DF-v2,0.25,0.35,0.4,0.5,31,71,178,340,0.17415730337078653,0.20882352941176471,0.38298083278255124
Celeb-DF-v2,0.25,0.35,0.4,0.55,21,99,178,340,0.11797752808988764,0.29117647058823531,0.40915399867812297
Celeb-DF-v2,0.25,0.35,0.4,0.6,9,123,178,340,0.050561797752808987,0.36176470588235293,0.41232650363516193
Celeb-DF-v2,0.25,0.35,0.4,0.65,7,150,178,340,0.039325842696629212,0.44117647058823528,0.48050231328486448
Celeb-DF-v2,0.25,0.35,0.4,0.7,5,181,178,340,0.028089887640449437,0.53235294117647058,0.56044282881691998
Celeb-DF-v2,0.25,0.35,0.4,0.75,5,223,178,340,0.028089887640449437,0.65588235294117647,0.68397224058162587
Celeb-DF-v2,0.25,0.35,0.4,0.8,0,248,178,340,0,0.72941176470588232,0.72941176470588232
Celeb-DF-v2,0.25,0.35,0.4,0.85,0,276,178,340,0,0.81176470588235294,0.81176470588235294
Celeb-DF-v2,0.25,0.35,0.4,0.9,0,304,178,340,0,0.89411764705882357,0.89411764705882357
Celeb-DF-v2,0.25,0.35,0.4,0.95,0,330,178,340,0,0.97058823529411764,0.97058823529411764
Celeb-DF-v2,0.25,0.35,0.4,1,0,340,178,340,0,1,1
Celeb-DF-v2,0.25,0.4,0.35,0,178,0,178,340,1,0,1
Celeb-DF-v2,0.25,0.4,0.35,0.05,177,0,178,340,0.9943820224719101,0,0.9943820224719101
Celeb-DF-v2,0.25,0.4,0.35,0.1,169,0,178,340,0.949438202247191,0,0.949438202247191
Celeb-DF-v2,0.25,0.4,0.35,0.15,158,0,178,340,0.88764044943820219,0,0.88764044943820219
Celeb-DF-v2,0.25,0.4,0.35,0.2,127,0,178,340,0.7134831460674157,0,0.7134831460674157
Celeb-DF-v2,0.25,0.4,0.35,0.25,116,5,178,340,0.651685393258427,0.014705882352941176,0.66639127561136813
Celeb-DF-v2,0.25,0.4,0.35,0.3,99,12,178,340,0.5561797752808989,0.035294117647058823,0.59147389292795771
Celeb-DF-v2,0.25,0.4,0.35,0.35,74,21,178,340,0.4157303370786517,0.061764705882352944,0.47749504296100465
Celeb-DF-v2,0.25,0.4,0.35,0.4,62,33,178,340,0.34831460674157305,0.097058823529411767,0.4453734302709848
Celeb-DF-v2,0.25,0.4,0.35,0.45,42,48,178,340,0.23595505617977527,0.14117647058823529,0.37713152676801054
Celeb-DF-v2,0.25,0.4,0.35,0.5,30,85,178,340,0.16853932584269662,0.25,0.4185393258426966
Celeb-DF-v2,0.25,0.4,0.35,0.55,21,106,178,340,0.11797752808988764,0.31176470588235294,0.42974223397224059
Celeb-DF-v2,0.25,0.4,0.35,0.6,9,129,178,340,0.050561797752808987,0.37941176470588234,0.42997356245869134
Celeb-DF-v2,0.25,0.4,0.35,0.65,7,157,178,340,0.039325842696629212,0.46176470588235297,0.50109054857898216
Celeb-DF-v2,0.25,0.4,0.35,0.7,5,183,178,340,0.028089887640449437,0.53823529411764703,0.56632518175809643
Celeb-DF-v2,0.25,0.4,0.35,0.75,5,226,178,340,0.028089887640449437,0.66470588235294115,0.69279576999339054
Celeb-DF-v2,0.25,0.4,0.35,0.8,1,251,178,340,0.0056179775280898875,0.7382352941176471,0.743853271645737
Celeb-DF-v2,0.25,0.4,0.35,0.85,0,280,178,340,0,0.82352941176470584,0.82352941176470584
Celeb-DF-v2,0.25,0.4,0.35,0.9,0,303,178,340,0,0.89117647058823535,0.89117647058823535
Celeb-DF-v2,0.25,0.4,0.35,0.95,0,331,178,340,0,0.97352941176470587,0.97352941176470587
Celeb-DF-v2,0.25,0.4,0.35,1,0,340,178,340,0,1,1
Celeb-DF-v2,0.25,0.45,0.3,0,178,0,178,340,1,0,1
Celeb-DF-v2,0.25,0.45,0.3,0.05,177,0,178,340,0.9943820224719101,0,0.9943820224719101
Celeb-DF-v2,0.25,0.45,0.3,0.1,169,0,178,340,0.949438202247191,0,0.949438202247191
Celeb-DF-v2,0.25,0.45,0.3,0.15,161,0,178,340,0.9044943820224719,0,0.9044943820224719
Celeb-DF-v2,0.25,0.45,0.3,0.2,125,1,178,340,0.702247191011236,0.0029411764705882353,0.70518836748182423
Celeb-DF-v2,0.25,0.45,0.3,0.25,112,6,178,340,0.6292134831460674,0.017647058823529412,0.64686054196959686
Celeb-DF-v2,0.25,0.45,0.3,0.3,90,16,178,340,0.5056179775280899,0.047058823529411764,0.55267680105750161
Celeb-DF-v2,0.25,0.45,0.3,0.35,72,26,178,340,0.4044943820224719,0.076470588235294124,0.48096497025776602
Celeb-DF-v2,0.25,0.45,0.3,0.4,57,36,178,340,0.3202247191011236,0.10588235294117647,0.42610707204230008
Celeb-DF-v2,0.25,0.45,0.3,0.45,40,62,178,340,0.2247191011235955,0.18235294117647058,0.40707204230006611
Celeb-DF-v2,0.25,0.45,0.3,0.5,28,91,178,340,0.15730337078651685,0.2676470588235294,0.42495042961004625
Celeb-DF-v2,0.25,0.45,0.3,0.55,19,111,178,340,0.10674157303370786,0.32647058823529412,0.43321216126900197
Celeb-DF-v2,0.25,0.45,0.3,0.6,10,140,178,340,0.056179775280898875,0.41176470588235292,0.46794448116325182
Celeb-DF-v2,0.25,0.45,0.3,0.65,7,162,178,340,0.039325842696629212,0.47647058823529409,0.51579643093192329
Celeb-DF-v2,0.25,0.45,0.3,0.7,5,194,178,340,0.028089887640449437,0.57058823529411762,0.59867812293456701
Celeb-DF-v2,0.25,0.45,0.3,0.75,5,225,178,340,0.028089887640449437,0.66176470588235292,0.68985459352280232
Celeb-DF-v2,0.25,0.45,0.3,0.8,2,252,178,340,0.011235955056179775,0.74117647058823533,0.75241242564441513
Celeb-DF-v2,0.25,0.45,0.3,0.85,0,281,178,340,0,0.82647058823529407,0.82647058823529407
Celeb-DF-v2,0.25,0.45,0.3,0.9,0,303,178,340,0,0.89117647058823535,0.89117647058823535
Celeb-DF-v2,0.25,0.45,0.3,0.95,0,331,178,340,0,0.97352941176470587,0.97352941176470587
Celeb-DF-v2,0.25,0.45,0.3,1,0,340,178,340,0,1,1
Celeb-DF-v2,0.25,0.5,0.25,0,178,0,178,340,1,0,1
Celeb-DF-v2,0.25,0.5,0.25,0.05,176,0,178,340,0.9887640449438202,0,0.9887640449438202
Celeb-DF-v2,0.25,0.5,0.25,0.1,170,0,178,340,0.9550561797752809,0,0.9550561797752809
Celeb-DF-v2,0.25,0.5,0.25,0.15,150,0,178,340,0.84269662921348309,0,0.84269662921348309
Celeb-DF-v2,0.25,0.5,0.25,0.2,121,1,178,340,0.6797752808988764,0.0029411764705882353,0.68271645736946462
Celeb-DF-v2,0.25,0.5,0.25,0.25,109,7,178,340,0.61235955056179781,0.020588235294117647,0.63294778585591549
Celeb-DF-v2,0.25,0.5,0.25,0.3,87,16,178,340,0.4887640449438202,0.047058823529411764,0.53582286847323202
Celeb-DF-v2,0.25,0.5,0.25,0.35,68,28,178,340,0.38202247191011235,0.082352941176470587,0.46437541308658292
Celeb-DF-v2,0.25,0.5,0.25,0.4,53,43,178,340,0.29775280898876405,0.12647058823529411,0.42422339722405816
Celeb-DF-v2,0.25,0.5,0.25,0.45,38,73,178,340,0.21348314606741572,0.21470588235294116,0.42818902842035689
Celeb-DF-v2,0.25,0.5,0.25,0.5,29,96,178,340,0.16292134831460675,0.28235294117647058,0.44527428949107734
Celeb-DF-v2,0.25,0.5,0.25,0.55,16,118,178,340,0.0898876404494382,0.34705882352941175,0.43694646397884995
Celeb-DF-v2,0.25,0.5,0.25,0.6,12,145,178,340,0.06741573033707865,0.4264705882352941,0.49388631857237275
Celeb-DF-v2,0.25,0.5,0.25,0.65,7,164,178,340,0.039325842696629212,0.4823529411764706,0.52167878387309985
Celeb-DF-v2,0.25,0.5,0.25,0.7,5,200,178,340,0.028089887640449437,0.58823529411764708,0.61632518175809647
Celeb-DF-v2,0.25,0.5,0.25,0.75,5,223,178,340,0.028089887640449437,0.65588235294117647,0.68397224058162587
Celeb-DF-v2,0.25,0.5,0.25,0.8,3,250,178,340,0.016853932584269662,0.73529411764705888,0.75214805023132858
Celeb-DF-v2,0.25,0.5,0.25,0.85,0,281,178,340,0,0.82647058823529407,0.82647058823529407
Celeb-DF-v2,0.25,0.5,0.25,0.9,0,301,178,340,0,0.88529411764705879,0.88529411764705879
Celeb-DF-v2,0.25,0.5,0.25,0.95,0,331,178,340,0,0.97352941176470587,0.97352941176470587
Celeb-DF-v2,0.25,0.5,0.25,1,0,340,178,340,0,1,1
Celeb-DF-v2,0.25,0.55,0.2,0,178,0,178,340,1,0,1
Celeb-DF-v2,0.25,0.55,0.2,0.05,175,0,178,340,0.9831460674157303,0,0.9831460674157303
Celeb-DF-v2,0.25,0.55,0.2,0.1,167,0,178,340,0.9382022471910112,0,0.9382022471910112
Celeb-DF-v2,0.25,0.55,0.2,0.15,148,0,178,340,0.8314606741573034,0,0.8314606741573034
Celeb-DF-v2,0.25,0.55,0.2,0.2,118,3,178,340,0.6629213483146067,0.0088235294117647058,0.67174487772637137
Celeb-DF-v2,0.25,0.55,0.2,0.25,104,9,178,340,0.5842696629213483,0.026470588235294117,0.61074025115664243
Celeb-DF-v2,0.25,0.55,0.2,0.3,82,19,178,340,0.4606741573033708,0.055882352941176473,0.5165565102445473
Celeb-DF-v2,0.25,0.55,0.2,0.35,64,33,178,340,0.3595505617977528,0.097058823529411767,0.45660938532716455
Celeb-DF-v2,0.25,0.55,0.2,0.4,52,58,178,340,0.29213483146067415,0.17058823529411765,0.4627230667547918
Celeb-DF-v2,0.25,0.55,0.2,0.45,39,81,178,340,0.21910112359550563,0.23823529411764705,0.4573364177131527
Celeb-DF-v2,0.25,0.55,0.2,0.5,27,102,178,340,0.15168539325842698,0.29999999999999999,0.45168539325842694
Celeb-DF-v2,0.25,0.55,0.2,0.55,16,124,178,340,0.0898876404494382,0.36470588235294116,0.45459352280237936
Celeb-DF-v2,0.25,0.55,0.2,0.6,12,146,178,340,0.06741573033707865,0.42941176470588233,0.49682749504296098
Celeb-DF-v2,0.25,0.55,0.2,0.65,9,169,178,340,0.050561797752808987,0.49705882352941178,0.54762062128222078
Celeb-DF-v2,0.25,0.55,0.2,0.7,5,199,178,340,0.028089887640449437,0.58529411764705885,0.61338400528750825
Celeb-DF-v2,0.25,0.55,0.2,0.75,5,226,178,340,0.028089887640449437,0.66470588235294115,0.69279576999339054
Celeb-DF-v2,0.25,0.55,0.2,0.8,3,250,178,340,0.016853932584269662,0.73529411764705888,0.75214805023132858
Celeb-DF-v2,0.25,0.55,0.2,0.85,1,279,178,340,0.0056179775280898875,0.82058823529411762,0.82620621282220752
Celeb-DF-v2,0.25,0.55,0.2,0.9,0,301,178,340,0,0.88529411764705879,0.88529411764705879
Celeb-DF-v2,0.25,0.55,0.2,0.95,0,329,178,340,0,0.96764705882352942,0.96764705882352942
Celeb-DF-v2,0.25,0.55,0.2,1,0,340,178,340,0,1,1
Celeb-DF-v2,0.25,0.6,0.15,0,178,0,178,340,1,0,1
Celeb-DF-v2,0.25,0.6,0.15,0.05,173,0,178,340,0.9719101123595506,0,0.9719101123595506
Celeb-DF-v2,0.25,0.6,0.15,0.1,163,0,178,340,0.9157303370786517,0,0.9157303370786517
Celeb-DF-v2,0.25,0.6,0.15,0.15,142,1,178,340,0.797752808988764,0.0029411764705882353,0.80069398545935222
Celeb-DF-v2,0.25,0.6,0.15,0.2,112,4,178,340,0.6292134831460674,0.011764705882352941,0.6409781890284203
Celeb-DF-v2,0.25,0.6,0.15,0.25,96,14,178,340,0.5393258426966292,0.041176470588235294,0.58050231328486446
Celeb-DF-v2,0.25,0.6,0.15,0.3,75,20,178,340,0.42134831460674155,0.058823529411764705,0.48017184401850627
Celeb-DF-v2,0.25,0.6,0.15,0.35,60,48,178,340,0.33707865168539325,0.14117647058823529,0.47825512227362854
Celeb-DF-v2,0.25,0.6,0.15,0.4,51,66,178,340,0.28651685393258425,0.19411764705882353,0.48063450099140781
Celeb-DF-v2,0.25,0.6,0.15,0.45,39,86,178,340,0.21910112359550563,0.25294117647058822,0.47204230006609382
Celeb-DF-v2,0.25,0.6,0.15,0.5,26,107,178,340,0.14606741573033707,0.31470588235294117,0.46077329808327827
Celeb-DF-v2,0.25,0.6,0.15,0.55,15,128,178,340,0.084269662921348312,0.37647058823529411,0.46074025115664241
Celeb-DF-v2,0.25,0.6,0.15,0.6,12,149,178,340,0.06741573033707865,0.43823529411764706,0.50565102445472565
Celeb-DF-v2,0.25,0.6,0.15,0.65,10,178,178,340,0.056179775280898875,0.52352941176470591,0.57970918704560481
Celeb-DF-v2,0.25,0.6,0.15,0.7,5,202,178,340,0.028089887640449437,0.59411764705882353,0.62220753469927292
Celeb-DF-v2,0.25,0.6,0.15,0.75,5,225,178,340,0.028089887640449437,0.66176470588235292,0.68985459352280232
Celeb-DF-v2,0.25,0.6,0.15,0.8,4,249,178,340,0.02247191011235955,0.73235294117647054,0.75482485128883003
Celeb-DF-v2,0.25,0.6,0.15,0.85,2,276,178,340,0.011235955056179775,0.81176470588235294,0.82300066093853275
Celeb-DF-v2,0.25,0.6,0.15,0.9,0,299,178,340,0,0.87941176470588234,0.87941176470588234
Celeb-DF-v2,0.25,0.6,0.15,0.95,0,330,178,340,0,0.97058823529411764,0.97058823529411764
Celeb-DF-v2,0.25,0.6,0.15,1,0,340,178,340,0,1,1
Celeb-DF-v2,0.25,0.65,0.1,0,178,0,178,340,1,0,1
Celeb-DF-v2,0.25,0.65,0.1,0.05,172,0,178,340,0.9662921348314607,0,0.9662921348314607
Celeb-DF-v2,0.25,0.65,0.1,0.1,159,0,178,340,0.8932584269662921,0,0.8932584269662921
Celeb-DF-v2,0.25,0.65,0.1,0.15,133,2,178,340,0.7471910112359551,0.0058823529411764705,0.75307336417713155
Celeb-DF-v2,0.25,0.65,0.1,0.2,107,9,178,340,0.601123595505618,0.026470588235294117,0.62759418374091214
Celeb-DF-v2,0.25,0.65,0.1,0.25,92,17,178,340,0.5168539325842697,0.050000000000000003,0.56685393258426975
Celeb-DF-v2,0.25,0.65,0.1,0.3,71,31,178,340,0.398876404494382,0.091176470588235289,0.4900528750826173
Celeb-DF-v2,0.25,0.65,0.1,0.35,59,53,178,340,0.33146067415730335,0.15588235294117647,0.48734302709847982
Celeb-DF-v2,0.25,0.65,0.1,0.4,52,72,178,340,0.29213483146067415,0.21176470588235294,0.50389953734302706
Celeb-DF-v2,0.25,0.65,0.1,0.45,39,91,178,340,0.21910112359550563,0.2676470588235294,0.48674818241903506
Celeb-DF-v2,0.25,0.65,0.1,0.5,23,113,178,340,0.12921348314606743,0.33235294117647057,0.46156642432253803
Celeb-DF-v2,0.25,0.65,0.1,0.55,15,130,178,340,0.084269662921348312,0.38235294117647056,0.46662260409781886
Celeb-DF-v2,0.25,0.65,0.1,0.6,13,154,178,340,0.073033707865168537,0.45294117647058824,0.52597488433575679
Celeb-DF-v2,0.25,0.65,0.1,0.65,11,183,178,340,0.061797752808988762,0.53823529411764703,0.60003304692663584
Celeb-DF-v2,0.25,0.65,0.1,0.7,7,204,178,340,0.039325842696629212,0.59999999999999998,0.63932584269662918
Celeb-DF-v2,0.25,0.65,0.1,0.75,5,223,178,340,0.028089887640449437,0.65588235294117647,0.68397224058162587
Celeb-DF-v2,0.25,0.65,0.1,0.8,4,247,178,340,0.02247191011235955,0.72647058823529409,0.74894249834765358
Celeb-DF-v2,0.25,0.65,0.1,0.85,2,274,178,340,0.011235955056179775,0.80588235294117649,0.8171183079973563
Celeb-DF-v2,0.25,0.65,0.1,0.9,0,297,178,340,0,0.87352941176470589,0.87352941176470589
Celeb-DF-v2,0.25,0.65,0.1,0.95,0,329,178,340,0,0.96764705882352942,0.96764705882352942
Celeb-DF-v2,0.25,0.65,0.1,1,0,340,178,340,0,1,1
Celeb-DF-v2,0.25,0.7,0.05,0,178,0,178,340,1,0,1
Celeb-DF-v2,0.25,0.7,0.05,0.05,170,0,178,340,0.9550561797752809,0,0.9550561797752809
Celeb-DF-v2,0.25,0.7,0.05,0.1,152,1,178,340,0.8539325842696629,0.0029411764705882353,0.85687376074025112
Celeb-DF-v2,0.25,0.7,0.05,0.15,127,4,178,340,0.7134831460674157,0.011764705882352941,0.7252478519497686
Celeb-DF-v2,0.25,0.7,0.05,0.2,98,10,178,340,0.550561797752809,0.029411764705882353,0.57997356245869136
Celeb-DF-v2,0.25,0.7,0.05,0.25,83,24,178,340,0.46629213483146065,0.070588235294117646,0.53688037012557832
Celeb-DF-v2,0.25,0.7,0.05,0.3,71,41,178,340,0.398876404494382,0.12058823529411765,0.51946463978849966
Celeb-DF-v2,0.25,0.7,0.05,0.35,58,59,178,340,0.3258426966292135,0.17352941176470588,0.49937210839391938
Celeb-DF-v2,0.25,0.7,0.05,0.4,53,79,178,340,0.29775280898876405,0.2323529411764706,0.53010575016523465
Celeb-DF-v2,0.25,0.7,0.05,0.45,38,99,178,340,0.21348314606741572,0.29117647058823531,0.50465961665565107
Celeb-DF-v2,0.25,0.7,0.05,0.5,24,118,178,340,0.1348314606741573,0.34705882352941175,0.48189028420356905
Celeb-DF-v2,0.25,0.7,0.05,0.55,14,134,178,340,0.078651685393258425,0.39411764705882352,0.47276933245208197
Celeb-DF-v2,0.25,0.7,0.05,0.6,13,162,178,340,0.073033707865168537,0.47647058823529409,0.54950429610046259
Celeb-DF-v2,0.25,0.7,0.05,0.65,12,186,178,340,0.06741573033707865,0.54705882352941182,0.61447455386649041
Celeb-DF-v2,0.25,0.7,0.05,0.7,8,204,178,340,0.0449438202247191,0.59999999999999998,0.64494382022471908
Celeb-DF-v2,0.25,0.7,0.05,0.75,5,223,178,340,0.028089887640449437,0.65588235294117647,0.68397224058162587
Celeb-DF-v2,0.25,0.7,0.05,0.8,4,248,178,340,0.02247191011235955,0.72941176470588232,0.75188367481824181
Celeb-DF-v2,0.25,0.7,0.05,0.85,2,272,178,340,0.011235955056179775,0.80000000000000004,0.81123595505617985
Celeb-DF-v2,0.25,0.7,0.05,0.9,1,297,178,340,0.0056179775280898875,0.87352941176470589,0.87914738929279579
Celeb-DF-v2,0.25,0.7,0.05,0.95,0,322,178,340,0,0.94705882352941173,0.94705882352941173
Celeb-DF-v2,0.25,0.7,0.05,1,0,340,178,340,0,1,1
Celeb-DF-v2,0.25,0.75,0,0,178,0,178,340,1,0,1
Celeb-DF-v2,0.25,0.75,0,0.05,164,1,178,340,0.9213483146067416,0.0029411764705882353,0.92428949107732983
Celeb-DF-v2,0.25,0.75,0,0.1,147,1,178,340,0.8258426966292135,0.0029411764705882353,0.82878387309980173
Celeb-DF-v2,0.25,0.75,0,0.15,120,7,178,340,0.6741573033707865,0.020588235294117647,0.69474553866490418
Celeb-DF-v2,0.25,0.75,0,0.2,93,17,178,340,0.52247191011235961,0.050000000000000003,0.57247191011235965
Celeb-DF-v2,0.25,0.75,0,0.25,79,34,178,340,0.4438202247191011,0.10000000000000001,0.54382022471910108
Celeb-DF-v2,0.25,0.75,0,0.3,68,45,178,340,0.38202247191011235,0.13235294117647059,0.51437541308658297
Celeb-DF-v2,0.25,0.75,0,0.35,58,68,178,340,0.3258426966292135,0.20000000000000001,0.52584269662921357
Celeb-DF-v2,0.25,0.75,0,0.4,50,83,178,340,0.2808988764044944,0.24411764705882352,0.52501652346331795
Celeb-DF-v2,0.25,0.75,0,0.45,37,106,178,340,0.20786516853932585,0.31176470588235294,0.51962987442167874
Celeb-DF-v2,0.25,0.75,0,0.5,26,120,178,340,0.14606741573033707,0.35294117647058826,0.4990085922009253
Celeb-DF-v2,0.25,0.75,0,0.55,15,139,178,340,0.084269662921348312,0.4088235294117647,0.493093192333113
Celeb-DF-v2,0.25,0.75,0,0.6,13,165,178,340,0.073033707865168537,0.48529411764705882,0.55832782551222737
Celeb-DF-v2,0.25,0.75,0,0.65,12,188,178,340,0.06741573033707865,0.55294117647058827,0.62035690680766686
Celeb-DF-v2,0.25,0.75,0,0.7,8,206,178,340,0.0449438202247191,0.60588235294117643,0.65082617316589553
Celeb-DF-v2,0.25,0.75,0,0.75,6,223,178,340,0.033707865168539325,0.65588235294117647,0.68959021810971577
Celeb-DF-v2,0.25,0.75,0,0.8,4,250,178,340,0.02247191011235955,0.73529411764705888,0.75776602775941848
Celeb-DF-v2,0.25,0.75,0,0.85,2,270,178,340,0.011235955056179775,0.79411764705882348,0.80535360211500329
Celeb-DF-v2,0.25,0.75,0,0.9,1,296,178,340,0.0056179775280898875,0.87058823529411766,0.87620621282220756
Celeb-DF-v2,0.25,0.75,0,0.95,0,318,178,340,0,0.93529411764705883,0.93529411764705883
Celeb-DF-v2,0.25,0.75,0,1,0,340,178,340,0,1,1
Celeb-DF-v2,0.3,0,0.7,0,178,0,178,340,1,0,1
Celeb-DF-v2,0.3,0,0.7,0.05,178,0,178,340,1,0,1
Celeb-DF-v2,0.3,0,0.7,0.1,174,0,178,340,0.97752808988764039,0,0.97752808988764039
Celeb-DF-v2,0.3,0,0.7,0.15,163,0,178,340,0.9157303370786517,0,0.9157303370786517
Celeb-DF-v2,0.3,0,0.7,0.2,150,0,178,340,0.84269662921348309,0,0.84269662921348309
Celeb-DF-v2,0.3,0,0.7,0.25,136,4,178,340,0.7640449438202247,0.011764705882352941,0.7758096497025776
Celeb-DF-v2,0.3,0,0.7,0.3,120,6,178,340,0.6741573033707865,0.017647058823529412,0.69180436219431596
Celeb-DF-v2,0.3,0,0.7,0.35,102,10,178,340,0.5730337078651685,0.029411764705882353,0.60244547257105086
Celeb-DF-v2,0.3,0,0.7,0.4,84,18,178,340,0.47191011235955055,0.052941176470588235,0.52485128883013876
Celeb-DF-v2,0.3,0,0.7,0.45,67,32,178,340,0.37640449438202245,0.094117647058823528,0.47052214144084598
Celeb-DF-v2,0.3,0,0.7,0.5,55,49,178,340,0.3089887640449438,0.14411764705882352,0.45310641110376731
Celeb-DF-v2,0.3,0,0.7,0.55,40,69,178,340,0.2247191011235955,0.20294117647058824,0.42766027759418374
Celeb-DF-v2,0.3,0,0.7,0.6,33,86,178,340,0.1853932584269663,0.25294117647058822,0.43833443489755453
Celeb-DF-v2,0.3,0,0.7,0.65,25,106,178,340,0.1404494382022472,0.31176470588235294,0.45221414408460014
Celeb-DF-v2,0.3,0,0.7,0.7,13,135,178,340,0.073033707865168537,0.39705882352941174,0.47009253139458029
Celeb-DF-v2,0.3,0,0.7,0.75,5,172,178,340,0.028089887640449437,0.50588235294117645,0.53397224058162585
Celeb-DF-v2,0.3,0,0.7,0.8,3,212,178,340,0.016853932584269662,0.62352941176470589,0.64038334434897559
Celeb-DF-v2,0.3,0,0.7,0.85,0,247,178,340,0,0.72647058823529409,0.72647058823529409
Celeb-DF-v2,0.3,0,0.7,0.9,0,296,178,340,0,0.87058823529411766,0.87058823529411766
Celeb-DF-v2,0.3,0,0.7,0.95,0,328,178,340,0,0.96470588235294119,0.96470588235294119
Celeb-DF-v2,0.3,0,0.7,1,0,340,178,340,0,1,1
Celeb-DF-v2,0.3,0.05,0.65,0,178,0,178,340,1,0,1
Celeb-DF-v2,0.3,0.05,0.65,0.05,178,0,178,340,1,0,1
Celeb-DF-v2,0.3,0.05,0.65,0.1,174,0,178,340,0.97752808988764039,0,0.97752808988764039
Celeb-DF-v2,0.3,0.05,0.65,0.15,163,0,178,340,0.9157303370786517,0,0.9157303370786517
Celeb-DF-v2,0.3,0.05,0.65,0.2,150,0,178,340,0.84269662921348309,0,0.84269662921348309
Celeb-DF-v2,0.3,0.05,0.65,0.25,133,4,178,340,0.7471910112359551,0.011764705882352941,0.758955717118308
Celeb-DF-v2,0.3,0.05,0.65,0.3,117,6,178,340,0.65730337078651691,0.017647058823529412,0.67495042961004637
Celeb-DF-v2,0.3,0.05,0.65,0.35,100,11,178,340,0.5617977528089888,0.032352941176470591,0.59415069398545939
Celeb-DF-v2,0.3,0.05,0.65,0.4,85,19,178,340,0.47752808988764045,0.055882352941176473,0.53341044282881689
Celeb-DF-v2,0.3,0.05,0.65,0.45,63,31,178,340,0.3539325842696629,0.091176470588235289,0.4451090548578982
Celeb-DF-v2,0.3,0.05,0.65,0.5,53,48,178,340,0.29775280898876405,0.14117647058823529,0.43892927957699934
Celeb-DF-v2,0.3,0.05,0.65,0.55,37,65,178,340,0.20786516853932585,0.19117647058823528,0.39904163912756113
Celeb-DF-v2,0.3,0.05,0.65,0.6,32,89,178,340,0.1797752808988764,0.26176470588235295,0.44153998678122935
Celeb-DF-v2,0.3,0.05,0.65,0.65,19,114,178,340,0.10674157303370786,0.3352941176470588,0.44203569068076665
Celeb-DF-v2,0.3,0.05,0.65,0.7,7,145,178,340,0.039325842696629212,0.4264705882352941,0.4657964309319233
Celeb-DF-v2,0.3,0.05,0.65,0.75,3,180,178,340,0.016853932584269662,0.52941176470588236,0.54626569729015206
Celeb-DF-v2,0.3,0.05,0.65,0.8,2,222,178,340,0.011235955056179775,0.65294117647058825,0.66417713152676805
Celeb-DF-v2,0.3,0.05,0.65,0.85,0,260,178,340,0,0.76470588235294112,0.76470588235294112
Celeb-DF-v2,0.3,0.05,0.65,0.9,0,296,178,340,0,0.87058823529411766,0.87058823529411766
Celeb-DF-v2,0.3,0.05,0.65,0.95,0,328,178,340,0,0.96470588235294119,0.96470588235294119
Celeb-DF-v2,0.3,0.05,0.65,1,0,340,178,340,0,1,1
Celeb-DF-v2,0.3,0.1,0.6,0,178,0,178,340,1,0,1
Celeb-DF-v2,0.3,0.1,0.6,0.05,178,0,178,340,1,0,1
Celeb-DF-v2,0.3,0.1,0.6,0.1,174,0,178,340,0.97752808988764039,0,0.97752808988764039
Celeb-DF-v2,0.3,0.1,0.6,0.15,164,0,178,340,0.9213483146067416,0,0.9213483146067416
Celeb-DF-v2,0.3,0.1,0.6,0.2,150,0,178,340,0.84269662921348309,0,0.84269662921348309
Celeb-DF-v2,0.3,0.1,0.6,0.25,131,2,178,340,0.7359550561797753,0.0058823529411764705,0.74183740912095175
Celeb-DF-v2,0.3,0.1,0.6,0.3,114,7,178,340,0.6404494382022472,0.020588235294117647,0.66103767349636489
Celeb-DF-v2,0.3,0.1,0.6,0.35,100,11,178,340,0.5617977528089888,0.032352941176470591,0.59415069398545939
Celeb-DF-v2,0.3,0.1,0.6,0.4,82,22,178,340,0.4606741573033708,0.064705882352941183,0.52538003965631197
Celeb-DF-v2,0.3,0.1,0.6,0.45,64,35,178,340,0.3595505617977528,0.10294117647058823,0.462491738268341
Celeb-DF-v2,0.3,0.1,0.6,0.5,46,46,178,340,0.25842696629213485,0.13529411764705881,0.39372108393919369
Celeb-DF-v2,0.3,0.1,0.6,0.55,34,68,178,340,0.19101123595505617,0.20000000000000001,0.39101123595505616
Celeb-DF-v2,0.3,0.1,0.6,0.6,25,94,178,340,0.1404494382022472,0.27647058823529413,0.41692002643754134
Celeb-DF-v2,0.3,0.1,0.6,0.65,16,114,178,340,0.0898876404494382,0.3352941176470588,0.425181758096497
Celeb-DF-v2,0.3,0.1,0.6,0.7,8,154,178,340,0.0449438202247191,0.45294117647058824,0.49788499669530734
Celeb-DF-v2,0.3,0.1,0.6,0.75,4,193,178,340,0.02247191011235955,0.56764705882352939,0.590118968935889
Celeb-DF-v2,0.3,0.1,0.6,0.8,2,233,178,340,0.011235955056179775,0.68529411764705883,0.69653007270323863
Celeb-DF-v2,0.3,0.1,0.6,0.85,0,268,178,340,0,0.78823529411764703,0.78823529411764703
Celeb-DF-v2,0.3,0.1,0.6,0.9,0,300,178,340,0,0.88235294117647056,0.88235294117647056
Celeb-DF-v2,0.3,0.1,0.6,0.95,0,328,178,340,0,0.96470588235294119,0.96470588235294119
Celeb-DF-v2,0.3,0.1,0.6,1,0,340,178,340,0,1,1
Celeb-DF-v2,0.3,0.15,0.55,0,178,0,178,340,1,0,1
Celeb-DF-v2,0.3,0.15,0.55,0.05,177,0,178,340,0.9943820224719101,0,0.9943820224719101
Celeb-DF-v2,0.3,0.15,0.55,0.1,174,0,178,340,0.97752808988764039,0,0.97752808988764039
Celeb-DF-v2,0.3,0.15,0.55,0.15,164,0,178,340,0.9213483146067416,0,0.9213483146067416
Celeb-DF-v2,0.3,0.15,0.55,0.2,148,0,178,340,0.8314606741573034,0,0.8314606741573034
Celeb-DF-v2,0.3,0.15,0.55,0.25,130,2,178,340,0.7303370786516854,0.0058823529411764705,0.73621943159286185
Celeb-DF-v2,0.3,0.15,0.55,0.3,112,7,178,340,0.6292134831460674,0.020588235294117647,0.64980171844018508
Celeb-DF-v2,0.3,0.15,0.55,0.35,101,12,178,340,0.56741573033707871,0.035294117647058823,0.60270984798413751
Celeb-DF-v2,0.3,0.15,0.55,0.4,79,23,178,340,0.4438202247191011,0.067647058823529407,0.51146728354263049
Celeb-DF-v2,0.3,0.15,0.55,0.45,62,36,178,340,0.34831460674157305,0.10588235294117647,0.45419695968274953
Celeb-DF-v2,0.3,0.15,0.55,0.5,43,46,178,340,0.24157303370786518,0.13529411764705881,0.37686715135492399
Celeb-DF-v2,0.3,0.15,0.55,0.55,34,69,178,340,0.19101123595505617,0.20294117647058824,0.39395241242564438
Celeb-DF-v2,0.3,0.15,0.55,0.6,21,102,178,340,0.11797752808988764,0.29999999999999999,0.41797752808988764
Celeb-DF-v2,0.3,0.15,0.55,0.65,11,126,178,340,0.061797752808988762,0.37058823529411766,0.43238598810310641
Celeb-DF-v2,0.3,0.15,0.55,0.7,6,161,178,340,0.033707865168539325,0.47352941176470587,0.50723727693324516
Celeb-DF-v2,0.3,0.15,0.55,0.75,4,199,178,340,0.02247191011235955,0.58529411764705885,0.60776602775941835
Celeb-DF-v2,0.3,0.15,0.55,0.8,1,237,178,340,0.0056179775280898875,0.69705882352941173,0.70267680105750163
Celeb-DF-v2,0.3,0.15,0.55,0.85,0,277,178,340,0,0.81470588235294117,0.81470588235294117
Celeb-DF-v2,0.3,0.15,0.55,0.9,0,302,178,340,0,0.88823529411764701,0.88823529411764701
Celeb-DF-v2,0.3,0.15,0.55,0.95,0,328,178,340,0,0.96470588235294119,0.96470588235294119
Celeb-DF-v2,0.3,0.15,0.55,1,0,340,178,340,0,1,1
Celeb-DF-v2,0.3,0.2,0.5,0,178,0,178,340,1,0,1
Celeb-DF-v2,0.3,0.2,0.5,0.05,177,0,178,340,0.9943820224719101,0,0.9943820224719101
Celeb-DF-v2,0.3,0.2,0.5,0.1,174,0,178,340,0.97752808988764039,0,0.97752808988764039
Celeb-DF-v2,0.3,0.2,0.5,0.15,165,0,178,340,0.9269662921348315,0,0.9269662921348315
Celeb-DF-v2,0.3,0.2,0.5,0.2,145,0,178,340,0.8146067415730337,0,0.8146067415730337
Celeb-DF-v2,0.3,0.2,0.5,0.25,128,3,178,340,0.7191011235955056,0.0088235294117647058,0.72792465300727027
Celeb-DF-v2,0.3,0.2,0.5,0.3,113,7,178,340,0.6348314606741573,0.020588235294117647,0.65541969596827498
Celeb-DF-v2,0.3,0.2,0.5,0.35,94,14,178,340,0.5280898876404494,0.041176470588235294,0.56926635822868465
Celeb-DF-v2,0.3,0.2,0.5,0.4,77,23,178,340,0.43258426966292135,0.067647058823529407,0.5002313284864508
Celeb-DF-v2,0.3,0.2,0.5,0.45,54,36,178,340,0.30337078651685395,0.10588235294117647,0.40925313945803043
Celeb-DF-v2,0.3,0.2,0.5,0.5,42,53,178,340,0.23595505617977527,0.15588235294117647,0.39183740912095177
Celeb-DF-v2,0.3,0.2,0.5,0.55,28,76,178,340,0.15730337078651685,0.22352941176470589,0.38083278255122277
Celeb-DF-v2,0.3,0.2,0.5,0.6,18,104,178,340,0.10112359550561797,0.30588235294117649,0.4070059484467945
Celeb-DF-v2,0.3,0.2,0.5,0.65,8,132,178,340,0.0449438202247191,0.38823529411764707,0.43317911434236617
Celeb-DF-v2,0.3,0.2,0.5,0.7,6,170,178,340,0.033707865168539325,0.5,0.5337078651685393
Celeb-DF-v2,0.3,0.2,0.5,0.75,5,208,178,340,0.028089887640449437,0.61176470588235299,0.63985459352280238
Celeb-DF-v2,0.3,0.2,0.5,0.8,0,247,178,340,0,0.72647058823529409,0.72647058823529409
Celeb-DF-v2,0.3,0.2,0.5,0.85,0,279,178,340,0,0.82058823529411762,0.82058823529411762
Celeb-DF-v2,0.3,0.2,0.5,0.9,0,303,178,340,0,0.89117647058823535,0.89117647058823535
Celeb-DF-v2,0.3,0.2,0.5,0.95,0,328,178,340,0,0.96470588235294119,0.96470588235294119
Celeb-DF-v2,0.3,0.2,0.5,1,0,340,178,340,0,1,1
Celeb-DF-v2,0.3,0.25,0.45,0,178,0,178,340,1,0,1
Celeb-DF-v2,0.3,0.25,0.45,0.05,177,0,178,340,0.9943820224719101,0,0.9943820224719101
Celeb-DF-v2,0.3,0.25,0.45,0.1,174,0,178,340,0.97752808988764039,0,0.97752808988764039
Celeb-DF-v2,0.3,0.25,0.45,0.15,164,0,178,340,0.9213483146067416,0,0.9213483146067416
Celeb-DF-v2,0.3,0.25,0.45,0.2,145,0,178,340,0.8146067415730337,0,0.8146067415730337
Celeb-DF-v2,0.3,0.25,0.45,0.25,122,3,178,340,0.6853932584269663,0.0088235294117647058,0.69421678783873098
Celeb-DF-v2,0.3,0.25,0.45,0.3,111,8,178,340,0.6235955056179775,0.023529411764705882,0.64712491738268341
Celeb-DF-v2,0.3,0.25,0.45,0.35,93,15,178,340,0.52247191011235961,0.044117647058823532,0.56658955717118309
Celeb-DF-v2,0.3,0.25,0.45,0.4,72,26,178,340,0.4044943820224719,0.076470588235294124,0.48096497025776602
Celeb-DF-v2,0.3,0.25,0.45,0.45,53,37,178,340,0.29775280898876405,0.10882352941176471,0.40657633840052876
Celeb-DF-v2,0.3,0.25,0.45,0.5,38,55,178,340,0.21348314606741572,0.16176470588235295,0.37524785194976867
Celeb-DF-v2,0.3,0.25,0.45,0.55,23,83,178,340,0.12921348314606743,0.24411764705882352,0.37333113020489095
Celeb-DF-v2,0.3,0.25,0.45,0.6,15,116,178,340,0.084269662921348312,0.3411764705882353,0.4254461335095836
Celeb-DF-v2,0.3,0.25,0.45,0.65,7,136,178,340,0.039325842696629212,0.40000000000000002,0.43932584269662922
Celeb-DF-v2,0.3,0.25,0.45,0.7,6,175,178,340,0.033707865168539325,0.51470588235294112,0.54841374752148042
Celeb-DF-v2,0.3,0.25,0.45,0.75,5,212,178,340,0.028089887640449437,0.62352941176470589,0.65161929940515528
Celeb-DF-v2,0.3,0.25,0.45,0.8,0,252,178,340,0,0.74117647058823533,0.74117647058823533
Celeb-DF-v2,0.3,0.25,0.45,0.85,0,279,178,340,0,0.82058823529411762,0.82058823529411762
Celeb-DF-v2,0.3,0.25,0.45,0.9,0,305,178,340,0,0.8970588235294118,0.8970588235294118
Celeb-DF-v2,0.3,0.25,0.45,0.95,0,328,178,340,0,0.96470588235294119,0.96470588235294119
Celeb-DF-v2,0.3,0.25,0.45,1,0,340,178,340,0,1,1
Celeb-DF-v2,0.3,0.3,0.4,0,178,0,178,340,1,0,1
Celeb-DF-v2,0.3,0.3,0.4,0.05,177,0,178,340,0.9943820224719101,0,0.9943820224719101
Celeb-DF-v2,0.3,0.3,0.4,0.1,173,0,178,340,0.9719101123595506,0,0.9719101123595506
Celeb-DF-v2,0.3,0.3,0.4,0.15,165,0,178,340,0.9269662921348315,0,0.9269662921348315
Celeb-DF-v2,0.3,0.3,0.4,0.2,138,0,178,340,0.7752808988764045,0,0.7752808988764045
Celeb-DF-v2,0.3,0.3,0.4,0.25,122,4,178,340,0.6853932584269663,0.011764705882352941,0.6971579643093192
Celeb-DF-v2,0.3,0.3,0.4,0.3,106,8,178,340,0.5955056179775281,0.023529411764705882,0.61903502974223401
Celeb-DF-v2,0.3,0.3,0.4,0.35,91,17,178,340,0.5112359550561798,0.050000000000000003,0.56123595505617985
Celeb-DF-v2,0.3,0.3,0.4,0.4,66,31,178,340,0.3707865168539326,0.091176470588235289,0.4619629874421679
Celeb-DF-v2,0.3,0.3,0.4,0.45,51,40,178,340,0.28651685393258425,0.11764705882352941,0.40416391275611363
Celeb-DF-v2,0.3,0.3,0.4,0.5,37,62,178,340,0.20786516853932585,0.18235294117647058,0.3902181097157964
Celeb-DF-v2,0.3,0.3,0.4,0.55,24,96,178,340,0.1348314606741573,0.28235294117647058,0.41718440185062788
Celeb-DF-v2,0.3,0.3,0.4,0.6,11,121,178,340,0.061797752808988762,0.35588235294117648,0.41768010575016523
Celeb-DF-v2,0.3,0.3,0.4,0.65,7,147,178,340,0.039325842696629212,0.43235294117647061,0.47167878387309981
Celeb-DF-v2,0.3,0.3,0.4,0.7,6,179,178,340,0.033707865168539325,0.52647058823529413,0.56017845340383343
Celeb-DF-v2,0.3,0.3,0.4,0.75,5,216,178,340,0.028089887640449437,0.63529411764705879,0.66338400528750818
Celeb-DF-v2,0.3,0.3,0.4,0.8,0,250,178,340,0,0.73529411764705888,0.73529411764705888
Celeb-DF-v2,0.3,0.3,0.4,0.85,0,278,178,340,0,0.81764705882352939,0.81764705882352939
Celeb-DF-v2,0.3,0.3,0.4,0.9,0,305,178,340,0,0.8970588235294118,0.8970588235294118
Celeb-DF-v2,0.3,0.3,0.4,0.95,0,330,178,340,0,0.97058823529411764,0.97058823529411764
Celeb-DF-v2,0.3,0.3,0.4,1,0,340,178,340,0,1,1
Celeb-DF-v2,0.3,0.35,0.35,0,178,0,178,340,1,0,1
Celeb-DF-v2,0.3,0.35,0.35,0.05,177,0,178,340,0.9943820224719101,0,0.9943820224719101
Celeb-DF-v2,0.3,0.35,0.35,0.1,171,0,178,340,0.9606741573033708,0,0.9606741573033708
Celeb-DF-v2,0.3,0.35,0.35,0.15,163,0,178,340,0.9157303370786517,0,0.9157303370786517
Celeb-DF-v2,0.3,0.35,0.35,0.2,134,0,178,340,0.7528089887640449,0,0.7528089887640449
Celeb-DF-v2,0.3,0.35,0.35,0.25,121,5,178,340,0.6797752808988764,0.014705882352941176,0.69448116325181752
Celeb-DF-v2,0.3,0.35,0.35,0.3,100,6,178,340,0.5617977528089888,0.017647058823529412,0.57944481163251826
Celeb-DF-v2,0.3,0.35,0.35,0.35,82,19,178,340,0.4606741573033708,0.055882352941176473,0.5165565102445473
Celeb-DF-v2,0.3,0.35,0.35,0.4,65,31,178,340,0.3651685393258427,0.091176470588235289,0.456345009914078
Celeb-DF-v2,0.3,0.35,0.35,0.45,47,44,178,340,0.2640449438202247,0.12941176470588237,0.39345670852610704
Celeb-DF-v2,0.3,0.35,0.35,0.5,32,74,178,340,0.1797752808988764,0.21764705882352942,0.39742233972240582
Celeb-DF-v2,0.3,0.35,0.35,0.55,23,102,178,340,0.12921348314606743,0.29999999999999999,0.42921348314606744
Celeb-DF-v2,0.3,0.35,0.35,0.6,10,122,178,340,0.056179775280898875,0.35882352941176471,0.41500330469266355
Celeb-DF-v2,0.3,0.35,0.35,0.65,7,154,178,340,0.039325842696629212,0.45294117647058824,0.49226701916721743
Celeb-DF-v2,0.3,0.35,0.35,0.7,5,181,178,340,0.028089887640449437,0.53235294117647058,0.56044282881691998
Celeb-DF-v2,0.3,0.35,0.35,0.75,5,220,178,340,0.028089887640449437,0.6470588235294118,0.67514871116986119
Celeb-DF-v2,0.3,0.35,0.35,0.8,1,251,178,340,0.0056179775280898875,0.7382352941176471,0.743853271645737
Celeb-DF-v2,0.3,0.35,0.35,0.85,0,279,178,340,0,0.82058823529411762,0.82058823529411762
Celeb-DF-v2,0.3,0.35,0.35,0.9,0,305,178,340,0,0.8970588235294118,0.8970588235294118
Celeb-DF-v2,0.3,0.35,0.35,0.95,0,331,178,340,0,0.97352941176470587,0.97352941176470587
Celeb-DF-v2,0.3,0.35,0.35,1,0,340,178,340,0,1,1
Celeb-DF-v2,0.3,0.4,0.3,0,178,0,178,340,1,0,1
Celeb-DF-v2,0.3,0.4,0.3,0.05,177,0,178,340,0.9943820224719101,0,0.9943820224719101
Celeb-DF-v2,0.3,0.4,0.3,0.1,170,0,178,340,0.9550561797752809,0,0.9550561797752809
Celeb-DF-v2,0.3,0.4,0.3,0.15,162,0,178,340,0.9101123595505618,0,0.9101123595505618
Celeb-DF-v2,0.3,0.4,0.3,0.2,131,0,178,340,0.7359550561797753,0,0.7359550561797753
Celeb-DF-v2,0.3,0.4,0.3,0.25,117,4,178,340,0.65730337078651691,0.011764705882352941,0.6690680766688698
Celeb-DF-v2,0.3,0.4,0.3,0.3,96,9,178,340,0.5393258426966292,0.026470588235294117,0.56579643093192333
Celeb-DF-v2,0.3,0.4,0.3,0.35,77,22,178,340,0.43258426966292135,0.064705882352941183,0.49729015201586252
Celeb-DF-v2,0.3,0.4,0.3,0.4,60,33,178,340,0.33707865168539325,0.097058823529411767,0.434137475214805
Celeb-DF-v2,0.3,0.4,0.3,0.45,45,53,178,340,0.25280898876404495,0.15588235294117647,0.40869134170522142
Celeb-DF-v2,0.3,0.4,0.3,0.5,30,87,178,340,0.16853932584269662,0.25588235294117645,0.42442167878387305
Celeb-DF-v2,0.3,0.4,0.3,0.55,20,104,178,340,0.11235955056179775,0.30588235294117649,0.41824190350297424
Celeb-DF-v2,0.3,0.4,0.3,0.6,10,132,178,340,0.056179775280898875,0.38823529411764707,0.44441506939854591
Celeb-DF-v2,0.3,0.4,0.3,0.65,8,159,178,340,0.0449438202247191,0.46764705882352942,0.51259087904824852
Celeb-DF-v2,0.3,0.4,0.3,0.7,5,185,178,340,0.028089887640449437,0.54411764705882348,0.57220753469927288
Celeb-DF-v2,0.3,0.4,0.3,0.75,5,224,178,340,0.028089887640449437,0.6588235294117647,0.68691341705221409
Celeb-DF-v2,0.3,0.4,0.3,0.8,2,253,178,340,0.011235955056179775,0.74411764705882355,0.75535360211500335
Celeb-DF-v2,0.3,0.4,0.3,0.85,0,281,178,340,0,0.82647058823529407,0.82647058823529407
Celeb-DF-v2,0.3,0.4,0.3,0.9,0,306,178,340,0,0.90000000000000002,0.90000000000000002
Celeb-DF-v2,0.3,0.4,0.3,0.95,0,331,178,340,0,0.97352941176470587,0.97352941176470587
Celeb-DF-v2,0.3,0.4,0.3,1,0,340,178,340,0,1,1
Celeb-DF-v2,0.3,0.45,0.25,0,178,0,178,340,1,0,1
Celeb-DF-v2,0.3,0.45,0.25,0.05,176,0,178,340,0.9887640449438202,0,0.9887640449438202
Celeb-DF-v2,0.3,0.45,0.25,0.1,170,0,178,340,0.9550561797752809,0,0.9550561797752809
Celeb-DF-v2,0.3,0.45,0.25,0.15,156,0,178,340,0.8764044943820225,0,0.8764044943820225
Celeb-DF-v2,0.3,0.45,0.25,0.2,126,1,178,340,0.7078651685393258,0.0029411764705882353,0.71080634500991402
Celeb-DF-v2,0.3,0.45,0.25,0.25,113,5,178,340,0.6348314606741573,0.014705882352941176,0.64953734302709842
Celeb-DF-v2,0.3,0.45,0.25,0.3,92,16,178,340,0.5168539325842697,0.047058823529411764,0.56391275611368141
Celeb-DF-v2,0.3,0.45,0.25,0.35,70,26,178,340,0.39325842696629215,0.076470588235294124,0.46972901520158628
Celeb-DF-v2,0.3,0.45,0.25,0.4,56,37,178,340,0.3146067415730337,0.10882352941176471,0.42343027098479841
Celeb-DF-v2,0.3,0.45,0.25,0.45,42,67,178,340,0.23595505617977527,0.19705882352941176,0.43301387970918703
Celeb-DF-v2,0.3,0.45,0.25,0.5,33,93,178,340,0.1853932584269663,0.27352941176470591,0.45892267019167221
Celeb-DF-v2,0.3,0.45,0.25,0.55,20,108,178,340,0.11235955056179775,0.31764705882352939,0.43000660938532714
Celeb-DF-v2,0.3,0.45,0.25,0.6,11,141,178,340,0.061797752808988762,0.4147058823529412,0.47650363516192995
Celeb-DF-v2,0.3,0.45,0.25,0.65,7,159,178,340,0.039325842696629212,0.46764705882352942,0.50697290152015861
Celeb-DF-v2,0.3,0.45,0.25,0.7,5,196,178,340,0.028089887640449437,0.57647058823529407,0.60456047587574346
Celeb-DF-v2,0.3,0.45,0.25,0.75,5,223,178,340,0.028089887640449437,0.65588235294117647,0.68397224058162587
Celeb-DF-v2,0.3,0.45,0.25,0.8,3,249,178,340,0.016853932584269662,0.73235294117647054,0.74920687376074024
Celeb-DF-v2,0.3,0.45,0.25,0.85,0,281,178,340,0,0.82647058823529407,0.82647058823529407
Celeb-DF-v2,0.3,0.45,0.25,0.9,0,304,178,340,0,0.89411764705882357,0.89411764705882357
Celeb-DF-v2,0.3,0.45,0.25,0.95,0,331,178,340,0,0.97352941176470587,0.97352941176470587
Celeb-DF-v2,0.3,0.45,0.25,1,0,340,178,340,0,1,1
Celeb-DF-v2,0.3,0.5,0.2,0,178,0,178,340,1,0,1
Celeb-DF-v2,0.3,0.5,0.2,0.05,175,0,178,340,0.9831460674157303,0,0.9831460674157303
Celeb-DF-v2,0.3,0.5,0.2,0.1,169,0,178,340,0.949438202247191,0,0.949438202247191
Celeb-DF-v2,0.3,0.5,0.2,0.15,151,0,178,340,0.848314606741573,0,0.848314606741573
Celeb-DF-v2,0.3,0.5,0.2,0.2,123,1,178,340,0.6910112359550562,0.0029411764705882353,0.69395241242564443
Celeb-DF-v2,0.3,0.5,0.2,0.25,108,7,178,340,0.6067415730337079,0.020588235294117647,0.62732980832782559
Celeb-DF-v2,0.3,0.5,0.2,0.3,87,19,178,340,0.4887640449438202,0.055882352941176473,0.54464639788499669
Celeb-DF-v2,0.3,0.5,0.2,0.35,67,30,178,340,0.37640449438202245,0.088235294117647065,0.46463978849966953
Celeb-DF-v2,0.3,0.5,0.2,0.4,54,52,178,340,0.30337078651685395,0.15294117647058825,0.4563119629874422
Celeb-DF-v2,0.3,0.5,0.2,0.45,40,77,178,340,0.2247191011235955,0.22647058823529412,0.45118968935888959
Celeb-DF-v2,0.3,0.5,0.2,0.5,31,99,178,340,0.17415730337078653,0.29117647058823531,0.46533377395902187
Celeb-DF-v2,0.3,0.5,0.2,0.55,17,117,178,340,0.095505617977528087,0.34411764705882353,0.43962326503635163
Celeb-DF-v2,0.3,0.5,0.2,0.6,12,145,178,340,0.06741573033707865,0.4264705882352941,0.49388631857237275
Celeb-DF-v2,0.3,0.5,0.2,0.65,8,166,178,340,0.0449438202247191,0.48823529411764705,0.53317911434236609
Celeb-DF-v2,0.3,0.5,0.2,0.7,5,197,178,340,0.028089887640449437,0.5794117647058824,0.6075016523463318
Celeb-DF-v2,0.3,0.5,0.2,0.75,5,226,178,340,0.028089887640449437,0.66470588235294115,0.69279576999339054
Celeb-DF-v2,0.3,0.5,0.2,0.8,3,250,178,340,0.016853932584269662,0.73529411764705888,0.75214805023132858
Celeb-DF-v2,0.3,0.5,0.2,0.85,1,279,178,340,0.0056179775280898875,0.82058823529411762,0.82620621282220752
Celeb-DF-v2,0.3,0.5,0.2,0.9,0,304,178,340,0,0.89411764705882357,0.89411764705882357
Celeb-DF-v2,0.3,0.5,0.2,0.95,0,329,178,340,0,0.96764705882352942,0.96764705882352942
Celeb-DF-v2,0.3,0.5,0.2,1,0,340,178,340,0,1,1
Celeb-DF-v2,0.3,0.55,0.15,0,178,0,178,340,1,0,1
Celeb-DF-v2,0.3,0.55,0.15,0.05,173,0,178,340,0.9719101123595506,0,0.9719101123595506
Celeb-DF-v2,0.3,0.55,0.15,0.1,166,0,178,340,0.93258426966292129,0,0.93258426966292129
Celeb-DF-v2,0.3,0.55,0.15,0.15,149,0,178,340,0.8370786516853933,0,0.8370786516853933
Celeb-DF-v2,0.3,0.55,0.15,0.2,117,3,178,340,0.65730337078651691,0.0088235294117647058,0.66612690019828158
Celeb-DF-v2,0.3,0.55,0.15,0.25,102,12,178,340,0.5730337078651685,0.035294117647058823,0.6083278255122273
Celeb-DF-v2,0.3,0.55,0.15,0.3,82,19,178,340,0.4606741573033708,0.055882352941176473,0.5165565102445473
Celeb-DF-v2,0.3,0.55,0.15,0.35,63,40,178,340,0.3539325842696629,0.11764705882352941,0.47157964309319234
Celeb-DF-v2,0.3,0.55,0.15,0.4,53,61,178,340,0.29775280898876405,0.17941176470588235,0.47716457369464638
Celeb-DF-v2,0.3,0.55,0.15,0.45,40,82,178,340,0.2247191011235955,0.2411764705882353,0.46589557171183082
Celeb-DF-v2,0.3,0.55,0.15,0.5,29,101,178,340,0.16292134831460675,0.29705882352941176,0.45998017184401851
Celeb-DF-v2,0.3,0.55,0.15,0.55,17,125,178,340,0.095505617977528087,0.36764705882352944,0.46315267680105754
Celeb-DF-v2,0.3,0.55,0.15,0.6,13,148,178,340,0.073033707865168537,0.43529411764705883,0.50832782551222733
Celeb-DF-v2,0.3,0.55,0.15,0.65,10,176,178,340,0.056179775280898875,0.51764705882352946,0.57382683410442836
Celeb-DF-v2,0.3,0.55,0.15,0.7,5,197,178,340,0.028089887640449437,0.5794117647058824,0.6075016523463318
Celeb-DF-v2,0.3,0.55,0.15,0.75,5,226,178,340,0.028089887640449437,0.66470588235294115,0.69279576999339054
Celeb-DF-v2,0.3,0.55,0.15,0.8,3,248,178,340,0.016853932584269662,0.72941176470588232,0.74626569729015202
Celeb-DF-v2,0.3,0.55,0.15,0.85,1,275,178,340,0.0056179775280898875,0.80882352941176472,0.81444150693985462
Celeb-DF-v2,0.3,0.55,0.15,0.9,0,299,178,340,0,0.87941176470588234,0.87941176470588234
Celeb-DF-v2,0.3,0.55,0.15,0.95,0,329,178,340,0,0.96764705882352942,0.96764705882352942
Celeb-DF-v2,0.3,0.55,0.15,1,0,340,178,340,0,1,1
Celeb-DF-v2,0.3,0.6,0.1,0,178,0,178,340,1,0,1
Celeb-DF-v2,0.3,0.6,0.1,0.05,173,0,178,340,0.9719101123595506,0,0.9719101123595506
Celeb-DF-v2,0.3,0.6,0.1,0.1,161,0,178,340,0.9044943820224719,0,0.9044943820224719
Celeb-DF-v2,0.3,0.6,0.1,0.15,142,1,178,340,0.797752808988764,0.0029411764705882353,0.80069398545935222
Celeb-DF-v2,0.3,0.6,0.1,0.2,114,5,178,340,0.6404494382022472,0.014705882352941176,0.65515532055518833
Celeb-DF-v2,0.3,0.6,0.1,0.25,95,15,178,340,0.5337078651685393,0.044117647058823532,0.57782551222736278
Celeb-DF-v2,0.3,0.6,0.1,0.3,74,24,178,340,0.4157303370786517,0.070588235294117646,0.48631857237276932
Celeb-DF-v2,0.3,0.6,0.1,0.35,64,45,178,340,0.3595505617977528,0.13235294117647059,0.49190350297422336
Celeb-DF-v2,0.3,0.6,0.1,0.4,52,68,178,340,0.29213483146067415,0.20000000000000001,0.49213483146067416
Celeb-DF-v2,0.3,0.6,0.1,0.45,40,87,178,340,0.2247191011235955,0.25588235294117645,0.48060145406477195
Celeb-DF-v2,0.3,0.6,0.1,0.5,28,110,178,340,0.15730337078651685,0.3235294117647059,0.48083278255122275
Celeb-DF-v2,0.3,0.6,0.1,0.55,16,126,178,340,0.0898876404494382,0.37058823529411766,0.46047587574355586
Celeb-DF-v2,0.3,0.6,0.1,0.6,13,148,178,340,0.073033707865168537,0.43529411764705883,0.50832782551222733
Celeb-DF-v2,0.3,0.6,0.1,0.65,10,182,178,340,0.056179775280898875,0.53529411764705881,0.59147389292795771
Celeb-DF-v2,0.3,0.6,0.1,0.7,6,202,178,340,0.033707865168539325,0.59411764705882353,0.62782551222736283
Celeb-DF-v2,0.3,0.6,0.1,0.75,5,224,178,340,0.028089887640449437,0.6588235294117647,0.68691341705221409
Celeb-DF-v2,0.3,0.6,0.1,0.8,3,246,178,340,0.016853932584269662,0.72352941176470587,0.74038334434897557
Celeb-DF-v2,0.3,0.6,0.1,0.85,2,274,178,340,0.011235955056179775,0.80588235294117649,0.8171183079973563
Celeb-DF-v2,0.3,0.6,0.1,0.9,0,296,178,340,0,0.87058823529411766,0.87058823529411766
Celeb-DF-v2,0.3,0.6,0.1,0.95,0,330,178,340,0,0.97058823529411764,0.97058823529411764
Celeb-DF-v2,0.3,0.6,0.1,1,0,340,178,340,0,1,1
Celeb-DF-v2,0.3,0.65,0.05,0,178,0,178,340,1,0,1
Celeb-DF-v2,0.3,0.65,0.05,0.05,170,0,178,340,0.9550561797752809,0,0.9550561797752809
Celeb-DF-v2,0.3,0.65,0.05,0.1,155,1,178,340,0.8707865168539326,0.0029411764705882353,0.87372769332452083
Celeb-DF-v2,0.3,0.65,0.05,0.15,137,3,178,340,0.7696629213483146,0.0088235294117647058,0.77848645076007927
Celeb-DF-v2,0.3,0.65,0.05,0.2,107,8,178,340,0.601123595505618,0.023529411764705882,0.62465300727032391
Celeb-DF-v2,0.3,0.65,0.05,0.25,90,19,178,340,0.5056179775280899,0.055882352941176473,0.5615003304692664
Celeb-DF-v2,0.3,0.65,0.05,0.3,73,40,178,340,0.4101123595505618,0.11764705882352941,0.52775941837409124
Celeb-DF-v2,0.3,0.65,0.05,0.35,61,54,178,340,0.34269662921348315,0.1588235294117647,0.50152015862524779
Celeb-DF-v2,0.3,0.65,0.05,0.4,53,73,178,340,0.29775280898876405,0.21470588235294116,0.51245869134170519
Celeb-DF-v2,0.3,0.65,0.05,0.45,40,94,178,340,0.2247191011235955,0.27647058823529413,0.50118968935888963
Celeb-DF-v2,0.3,0.65,0.05,0.5,28,115,178,340,0.15730337078651685,0.33823529411764708,0.49553866490416393
Celeb-DF-v2,0.3,0.65,0.05,0.55,16,128,178,340,0.0898876404494382,0.37647058823529411,0.46635822868473231
Celeb-DF-v2,0.3,0.65,0.05,0.6,13,157,178,340,0.073033707865168537,0.46176470588235297,0.53479841374752146
Celeb-DF-v2,0.3,0.65,0.05,0.65,12,182,178,340,0.06741573033707865,0.53529411764705881,0.60270984798413751
Celeb-DF-v2,0.3,0.65,0.05,0.7,8,203,178,340,0.0449438202247191,0.59705882352941175,0.64200264375413085
Celeb-DF-v2,0.3,0.65,0.05,0.75,5,224,178,340,0.028089887640449437,0.6588235294117647,0.68691341705221409
Celeb-DF-v2,0.3,0.65,0.05,0.8,4,247,178,340,0.02247191011235955,0.72647058823529409,0.74894249834765358
Celeb-DF-v2,0.3,0.65,0.05,0.85,2,273,178,340,0.011235955056179775,0.80294117647058827,0.81417713152676807
Celeb-DF-v2,0.3,0.65,0.05,0.9,1,296,178,340,0.0056179775280898875,0.87058823529411766,0.87620621282220756
Celeb-DF-v2,0.3,0.65,0.05,0.95,0,326,178,340,0,0.95882352941176474,0.95882352941176474
Celeb-DF-v2,0.3,0.65,0.05,1,0,340,178,340,0,1,1
Celeb-DF-v2,0.3,0.7,0,0,178,0,178,340,1,0,1
Celeb-DF-v2,0.3,0.7,0,0.05,166,1,178,340,0.93258426966292129,0.0029411764705882353,0.93552544613350952
Celeb-DF-v2,0.3,0.7,0,0.1,149,1,178,340,0.8370786516853933,0.0029411764705882353,0.84001982815598153
Celeb-DF-v2,0.3,0.7,0,0.15,129,6,178,340,0.7247191011235955,0.017647058823529412,0.74236615994712496
Celeb-DF-v2,0.3,0.7,0,0.2,99,11,178,340,0.5561797752808989,0.032352941176470591,0.58853271645736949
Celeb-DF-v2,0.3,0.7,0,0.25,83,29,178,340,0.46629213483146065,0.085294117647058826,0.55158625247851945
Celeb-DF-v2,0.3,0.7,0,0.3,71,42,178,340,0.398876404494382,0.12352941176470589,0.52240581625908789
Celeb-DF-v2,0.3,0.7,0,0.35,61,62,178,340,0.34269662921348315,0.18235294117647058,0.5250495703899537
Celeb-DF-v2,0.3,0.7,0,0.4,50,78,178,340,0.2808988764044944,0.22941176470588234,0.51031064111037672
Celeb-DF-v2,0.3,0.7,0,0.45,41,100,178,340,0.2303370786516854,0.29411764705882354,0.524454725710509
Celeb-DF-v2,0.3,0.7,0,0.5,28,117,178,340,0.15730337078651685,0.34411764705882353,0.50142101784534043
Celeb-DF-v2,0.3,0.7,0,0.55,17,133,178,340,0.095505617977528087,0.39117647058823529,0.48668208856576339
Celeb-DF-v2,0.3,0.7,0,0.6,13,163,178,340,0.073033707865168537,0.47941176470588237,0.55244547257105092
Celeb-DF-v2,0.3,0.7,0,0.65,12,182,178,340,0.06741573033707865,0.53529411764705881,0.60270984798413751
Celeb-DF-v2,0.3,0.7,0,0.7,9,206,178,340,0.050561797752808987,0.60588235294117643,0.65644415069398543
Celeb-DF-v2,0.3,0.7,0,0.75,6,225,178,340,0.033707865168539325,0.66176470588235292,0.69547257105089222
Celeb-DF-v2,0.3,0.7,0,0.8,4,248,178,340,0.02247191011235955,0.72941176470588232,0.75188367481824181
Celeb-DF-v2,0.3,0.7,0,0.85,3,271,178,340,0.016853932584269662,0.79705882352941182,0.81391275611368152
Celeb-DF-v2,0.3,0.7,0,0.9,1,295,178,340,0.0056179775280898875,0.86764705882352944,0.87326503635161934
Celeb-DF-v2,0.3,0.7,0,0.95,0,319,178,340,0,0.93823529411764706,0.93823529411764706
Celeb-DF-v2,0.3,0.7,0,1,0,340,178,340,0,1,1
Celeb-DF-v2,0.35,0,0.65,0,178,0,178,340,1,0,1
Celeb-DF-v2,0.35,0,0.65,0.05,178,0,178,340,1,0,1
Celeb-DF-v2,0.35,0,0.65,0.1,175,0,178,340,0.9831460674157303,0,0.9831460674157303
Celeb-DF-v2,0.35,0,0.65,0.15,168,0,178,340,0.9438202247191011,0,0.9438202247191011
Celeb-DF-v2,0.35,0,0.65,0.2,153,0,178,340,0.8595505617977528,0,0.8595505617977528
Celeb-DF-v2,0.35,0,0.65,0.25,138,3,178,340,0.7752808988764045,0.0088235294117647058,0.78410442828816918
Celeb-DF-v2,0.35,0,0.65,0.3,121,6,178,340,0.6797752808988764,0.017647058823529412,0.69742233972240586
Celeb-DF-v2,0.35,0,0.65,0.35,104,10,178,340,0.5842696629213483,0.029411764705882353,0.61368142762723066
Celeb-DF-v2,0.35,0,0.65,0.4,88,16,178,340,0.4943820224719101,0.047058823529411764,0.54144084600132181
Celeb-DF-v2,0.35,0,0.65,0.45,64,29,178,340,0.3595505617977528,0.085294117647058826,0.44484467944481165
Celeb-DF-v2,0.35,0,0.65,0.5,56,45,178,340,0.3146067415730337,0.13235294117647059,0.44695968274950426
Celeb-DF-v2,0.35,0,0.65,0.55,41,61,178,340,0.2303370786516854,0.17941176470588235,0.40974884335756778
Celeb-DF-v2,0.35,0,0.65,0.6,34,82,178,340,0.19101123595505617,0.2411764705882353,0.43218770654329147
Celeb-DF-v2,0.35,0,0.65,0.65,23,109,178,340,0.12921348314606743,0.32058823529411767,0.44980171844018513
Celeb-DF-v2,0.35,0,0.65,0.7,10,135,178,340,0.056179775280898875,0.39705882352941174,0.45323859881031059
Celeb-DF-v2,0.35,0,0.65,0.75,3,177,178,340,0.016853932584269662,0.52058823529411768,0.53744216787838739
Celeb-DF-v2,0.35,0,0.65,0.8,2,218,178,340,0.011235955056179775,0.64117647058823535,0.65241242564441515
Celeb-DF-v2,0.35,0,0.65,0.85,0,255,178,340,0,0.75,0.75
Celeb-DF-v2,0.35,0,0.65,0.9,0,295,178,340,0,0.86764705882352944,0.86764705882352944
Celeb-DF-v2,0.35,0,0.65,0.95,0,329,178,340,0,0.96764705882352942,0.96764705882352942
Celeb-DF-v2,0.35,0,0.65,1,0,340,178,340,0,1,1
Celeb-DF-v2,0.35,0.05,0.6,0,178,0,178,340,1,0,1
Celeb-DF-v2,0.35,0.05,0.6,0.05,178,0,178,340,1,0,1
Celeb-DF-v2,0.35,0.05,0.6,0.1,175,0,178,340,0.9831460674157303,0,0.9831460674157303
Celeb-DF-v2,0.35,0.05,0.6,0.15,166,0,178,340,0.93258426966292129,0,0.93258426966292129
Celeb-DF-v2,0.35,0.05,0.6,0.2,154,0,178,340,0.8651685393258427,0,0.8651685393258427
Celeb-DF-v2,0.35,0.05,0.6,0.25,136,2,178,340,0.7640449438202247,0.0058823529411764705,0.76992729676140115
Celeb-DF-v2,0.35,0.05,0.6,0.3,119,6,178,340,0.6685393258426966,0.017647058823529412,0.68618638466622606
Celeb-DF-v2,0.35,0.05,0.6,0.35,105,11,178,340,0.5898876404494382,0.032352941176470591,0.62224058162590878
Celeb-DF-v2,0.35,0.05,0.6,0.4,86,16,178,340,0.48314606741573035,0.047058823529411764,0.53020489094514212
Celeb-DF-v2,0.35,0.05,0.6,0.45,65,31,178,340,0.3651685393258427,0.091176470588235289,0.456345009914078
Celeb-DF-v2,0.35,0.05,0.6,0.5,51,47,178,340,0.28651685393258425,0.13823529411764707,0.42475214805023132
Celeb-DF-v2,0.35,0.05,0.6,0.55,37,65,178,340,0.20786516853932585,0.19117647058823528,0.39904163912756113
Celeb-DF-v2,0.35,0.05,0.6,0.6,29,87,178,340,0.16292134831460675,0.25588235294117645,0.4188037012557832
Celeb-DF-v2,0.35,0.05,0.6,0.65,19,110,178,340,0.10674157303370786,0.3235294117647059,0.43027098479841375
Celeb-DF-v2,0.35,0.05,0.6,0.7,8,149,178,340,0.0449438202247191,0.43823529411764706,0.48317911434236616
Celeb-DF-v2,0.35,0.05,0.6,0.75,4,184,178,340,0.02247191011235955,0.54117647058823526,0.56364838070059475
Celeb-DF-v2,0.35,0.05,0.6,0.8,2,227,178,340,0.011235955056179775,0.66764705882352937,0.67888301387970917
Celeb-DF-v2,0.35,0.05,0.6,0.85,0,266,178,340,0,0.78235294117647058,0.78235294117647058
Celeb-DF-v2,0.35,0.05,0.6,0.9,0,302,178,340,0,0.88823529411764701,0.88823529411764701
Celeb-DF-v2,0.35,0.05,0.6,0.95,0,329,178,340,0,0.96764705882352942,0.96764705882352942
Celeb-DF-v2,0.35,0.05,0.6,1,0,340,178,340,0,1,1
Celeb-DF-v2,0.35,0.1,0.55,0,178,0,178,340,1,0,1
Celeb-DF-v2,0.35,0.1,0.55,0.05,178,0,178,340,1,0,1
Celeb-DF-v2,0.35,0.1,0.55,0.1,175,0,178,340,0.9831460674157303,0,0.9831460674157303
Celeb-DF-v2,0.35,0.1,0.55,0.15,168,0,178,340,0.9438202247191011,0,0.9438202247191011
Celeb-DF-v2,0.35,0.1,0.55,0.2,153,0,178,340,0.8595505617977528,0,0.8595505617977528
Celeb-DF-v2,0.35,0.1,0.55,0.25,132,2,178,340,0.7415730337078652,0.0058823529411764705,0.74745538664904165
Celeb-DF-v2,0.35,0.1,0.55,0.3,115,6,178,340,0.6460674157303371,0.017647058823529412,0.66371447455386656
Celeb-DF-v2,0.35,0.1,0.55,0.35,102,11,178,340,0.5730337078651685,0.032352941176470591,0.60538664904163908
Celeb-DF-v2,0.35,0.1,0.55,0.4,83,20,178,340,0.46629213483146065,0.058823529411764705,0.52511566424322531
Celeb-DF-v2,0.35,0.1,0.55,0.45,64,32,178,340,0.3595505617977528,0.094117647058823528,0.45366820885657633
Celeb-DF-v2,0.35,0.1,0.55,0.5,44,45,178,340,0.24719101123595505,0.13235294117647059,0.37954395241242567
Celeb-DF-v2,0.35,0.1,0.55,0.55,35,65,178,340,0.19662921348314608,0.19117647058823528,0.38780568407138138
Celeb-DF-v2,0.35,0.1,0.55,0.6,25,96,178,340,0.1404494382022472,0.28235294117647058,0.42280237937871779
Celeb-DF-v2,0.35,0.1,0.55,0.65,12,118,178,340,0.06741573033707865,0.34705882352941175,0.4144745538664904
Celeb-DF-v2,0.35,0.1,0.55,0.7,7,160,178,340,0.039325842696629212,0.47058823529411764,0.50991407799074684
Celeb-DF-v2,0.35,0.1,0.55,0.75,3,196,178,340,0.016853932584269662,0.57647058823529407,0.59332452081956377
Celeb-DF-v2,0.35,0.1,0.55,0.8,1,236,178,340,0.0056179775280898875,0.69411764705882351,0.69973562458691341
Celeb-DF-v2,0.35,0.1,0.55,0.85,0,274,178,340,0,0.80588235294117649,0.80588235294117649
Celeb-DF-v2,0.35,0.1,0.55,0.9,0,305,178,340,0,0.8970588235294118,0.8970588235294118
Celeb-DF-v2,0.35,0.1,0.55,0.95,0,328,178,340,0,0.96470588235294119,0.96470588235294119
Celeb-DF-v2,0.35,0.1,0.55,1,0,340,178,340,0,1,1
Celeb-DF-v2,0.35,0.15,0.5,0,178,0,178,340,1,0,1
Celeb-DF-v2,0.35,0.15,0.5,0.05,177,0,178,340,0.9943820224719101,0,0.9943820224719101
Celeb-DF-v2,0.35,0.15,0.5,0.1,174,0,178,340,0.97752808988764039,0,0.97752808988764039
Celeb-DF-v2,0.35,0.15,0.5,0.15,168,0,178,340,0.9438202247191011,0,0.9438202247191011
Celeb-DF-v2,0.35,0.15,0.5,0.2,153,0,178,340,0.8595505617977528,0,0.8595505617977528
Celeb-DF-v2,0.35,0.15,0.5,0.25,130,2,178,340,0.7303370786516854,0.0058823529411764705,0.73621943159286185
Celeb-DF-v2,0.35,0.15,0.5,0.3,115,7,178,340,0.6460674157303371,0.020588235294117647,0.66665565102445479
Celeb-DF-v2,0.35,0.15,0.5,0.35,96,12,178,340,0.5393258426966292,0.035294117647058823,0.57461996034368801
Celeb-DF-v2,0.35,0.15,0.5,0.4,81,21,178,340,0.4550561797752809,0.061764705882352944,0.51682088565763384
Celeb-DF-v2,0.35,0.15,0.5,0.45,59,34,178,340,0.33146067415730335,0.10000000000000001,0.43146067415730338
Celeb-DF-v2,0.35,0.15,0.5,0.5,43,47,178,340,0.24157303370786518,0.13823529411764707,0.37980832782551222
Celeb-DF-v2,0.35,0.15,0.5,0.55,31,71,178,340,0.17415730337078653,0.20882352941176471,0.38298083278255124
Celeb-DF-v2,0.35,0.15,0.5,0.6,20,101,178,340,0.11235955056179775,0.29705882352941176,0.40941837409120951
Celeb-DF-v2,0.35,0.15,0.5,0.65,10,127,178,340,0.056179775280898875,0.37352941176470589,0.42970918704560479
Celeb-DF-v2,0.35,0.15,0.5,0.7,6,162,178,340,0.033707865168539325,0.47647058823529409,0.51017845340383339
Celeb-DF-v2,0.35,0.15,0.5,0.75,5,202,178,340,0.028089887640449437,0.59411764705882353,0.62220753469927292
Celeb-DF-v2,0.35,0.15,0.5,0.8,1,242,178,340,0.0056179775280898875,0.71176470588235297,0.71738268341044287
Celeb-DF-v2,0.35,0.15,0.5,0.85,0,280,178,340,0,0.82352941176470584,0.82352941176470584
Celeb-DF-v2,0.35,0.15,0.5,0.9,0,304,178,340,0,0.89411764705882357,0.89411764705882357
Celeb-DF-v2,0.35,0.15,0.5,0.95,0,328,178,340,0,0.96470588235294119,0.96470588235294119
Celeb-DF-v2,0.35,0.15,0.5,1,0,340,178,340,0,1,1
Celeb-DF-v2,0.35,0.2,0.45,0,178,0,178,340,1,0,1
Celeb-DF-v2,0.35,0.2,0.45,0.05,177,0,178,340,0.9943820224719101,0,0.9943820224719101
Celeb-DF-v2,0.35,0.2,0.45,0.1,174,0,178,340,0.97752808988764039,0,0.97752808988764039
Celeb-DF-v2,0.35,0.2,0.45,0.15,167,0,178,340,0.9382022471910112,0,0.9382022471910112
Celeb-DF-v2,0.35,0.2,0.45,0.2,153,0,178,340,0.8595505617977528,0,0.8595505617977528
Celeb-DF-v2,0.35,0.2,0.45,0.25,125,2,178,340,0.702247191011236,0.0058823529411764705,0.70812954395241245
Celeb-DF-v2,0.35,0.2,0.45,0.3,116,6,178,340,0.651685393258427,0.017647058823529412,0.66933245208195646
Celeb-DF-v2,0.35,0.2,0.45,0.35,94,13,178,340,0.5280898876404494,0.038235294117647062,0.56632518175809643
Celeb-DF-v2,0.35,0.2,0.45,0.4,76,20,178,340,0.42696629213483145,0.058823529411764705,0.48578982154659617
Celeb-DF-v2,0.35,0.2,0.45,0.45,55,36,178,340,0.3089887640449438,0.10588235294117647,0.41487111698612028
Celeb-DF-v2,0.35,0.2,0.45,0.5,40,52,178,340,0.2247191011235955,0.15294117647058825,0.37766027759418375
Celeb-DF-v2,0.35,0.2,0.45,0.55,29,80,178,340,0.16292134831460675,0.23529411764705882,0.39821546596166557
Celeb-DF-v2,0.35,0.2,0.45,0.6,18,109,178,340,0.10112359550561797,0.32058823529411767,0.42171183079973562
Celeb-DF-v2,0.35,0.2,0.45,0.65,8,135,178,340,0.0449438202247191,0.39705882352941174,0.44200264375413084
Celeb-DF-v2,0.35,0.2,0.45,0.7,6,170,178,340,0.033707865168539325,0.5,0.5337078651685393
Celeb-DF-v2,0.35,0.2,0.45,0.75,5,205,178,340,0.028089887640449437,0.6029411764705882,0.6310310641110376
Celeb-DF-v2,0.35,0.2,0.45,0.8,1,246,178,340,0.0056179775280898875,0.72352941176470587,0.72914738929279577
Celeb-DF-v2,0.35,0.2,0.45,0.85,0,279,178,340,0,0.82058823529411762,0.82058823529411762
Celeb-DF-v2,0.35,0.2,0.45,0.9,0,307,178,340,0,0.90294117647058825,0.90294117647058825
Celeb-DF-v2,0.35,0.2,0.45,0.95,0,328,178,340,0,0.96470588235294119,0.96470588235294119
Celeb-DF-v2,0.35,0.2,0.45,1,0,340,178,340,0,1,1
Celeb-DF-v2,0.35,0.25,0.4,0,178,0,178,340,1,0,1
Celeb-DF-v2,0.35,0.25,0.4,0.05,177,0,178,340,0.9943820224719101,0,0.9943820224719101
Celeb-DF-v2,0.35,0.25,0.4,0.1,173,0,178,340,0.9719101123595506,0,0.9719101123595506
Celeb-DF-v2,0.35,0.25,0.4,0.15,166,0,178,340,0.93258426966292129,0,0.93258426966292129
Celeb-DF-v2,0.35,0.25,0.4,0.2,150,0,178,340,0.84269662921348309,0,0.84269662921348309
Celeb-DF-v2,0.35,0.25,0.4,0.25,123,2,178,340,0.6910112359550562,0.0058823529411764705,0.69689358889623265
Celeb-DF-v2,0.35,0.25,0.4,0.3,110,5,178,340,0.6179775280898876,0.014705882352941176,0.63268341044282872
Celeb-DF-v2,0.35,0.25,0.4,0.35,92,15,178,340,0.5168539325842697,0.044117647058823532,0.56097157964309319
Celeb-DF-v2,0.35,0.25,0.4,0.4,74,24,178,340,0.4157303370786517,0.070588235294117646,0.48631857237276932
Celeb-DF-v2,0.35,0.25,0.4,0.45,53,40,178,340,0.29775280898876405,0.11764705882352941,0.41539986781229343
Celeb-DF-v2,0.35,0.25,0.4,0.5,37,58,178,340,0.20786516853932585,0.17058823529411765,0.3784534038334435
Celeb-DF-v2,0.35,0.25,0.4,0.55,24,88,178,340,0.1348314606741573,0.25882352941176473,0.39365499008592203
Celeb-DF-v2,0.35,0.25,0.4,0.6,14,116,178,340,0.078651685393258425,0.3411764705882353,0.4198281559814937
Celeb-DF-v2,0.35,0.25,0.4,0.65,7,140,178,340,0.039325842696629212,0.41176470588235292,0.45109054857898212
Celeb-DF-v2,0.35,0.25,0.4,0.7,6,176,178,340,0.033707865168539325,0.51764705882352946,0.55135492399206876
Celeb-DF-v2,0.35,0.25,0.4,0.75,5,212,178,340,0.028089887640449437,0.62352941176470589,0.65161929940515528
Celeb-DF-v2,0.35,0.25,0.4,0.8,1,252,178,340,0.0056179775280898875,0.74117647058823533,0.74679444811632523
Celeb-DF-v2,0.35,0.25,0.4,0.85,0,279,178,340,0,0.82058823529411762,0.82058823529411762
Celeb-DF-v2,0.35,0.25,0.4,0.9,0,307,178,340,0,0.90294117647058825,0.90294117647058825
Celeb-DF-v2,0.35,0.25,0.4,0.95,0,330,178,340,0,0.97058823529411764,0.97058823529411764
Celeb-DF-v2,0.35,0.25,0.4,1,0,340,178,340,0,1,1
Celeb-DF-v2,0.35,0.3,0.35,0,178,0,178,340,1,0,1
Celeb-DF-v2,0.35,0.3,0.35,0.05,177,0,178,340,0.9943820224719101,0,0.9943820224719101
Celeb-DF-v2,0.35,0.3,0.35,0.1,172,0,178,340,0.9662921348314607,0,0.9662921348314607
Celeb-DF-v2,0.35,0.3,0.35,0.15,164,0,178,340,0.9213483146067416,0,0.9213483146067416
Celeb-DF-v2,0.35,0.3,0.35,0.2,145,0,178,340,0.8146067415730337,0,0.8146067415730337
Celeb-DF-v2,0.35,0.3,0.35,0.25,124,3,178,340,0.6966292134831461,0.0088235294117647058,0.70545274289491078
Celeb-DF-v2,0.35,0.3,0.35,0.3,106,6,178,340,0.5955056179775281,0.017647058823529412,0.61315267680105756
Celeb-DF-v2,0.35,0.3,0.35,0.35,87,18,178,340,0.4887640449438202,0.052941176470588235,0.54170522141440847
Celeb-DF-v2,0.35,0.3,0.35,0.4,70,29,178,340,0.39325842696629215,0.085294117647058826,0.47855254461335095
Celeb-DF-v2,0.35,0.3,0.35,0.45,50,40,178,340,0.2808988764044944,0.11764705882352941,0.39854593522802384
Celeb-DF-v2,0.35,0.3,0.35,0.5,36,65,178,340,0.20224719101123595,0.19117647058823528,0.39342366159947123
Celeb-DF-v2,0.35,0.3,0.35,0.55,24,97,178,340,0.1348314606741573,0.28529411764705881,0.42012557832121611
Celeb-DF-v2,0.35,0.3,0.35,0.6,12,115,178,340,0.06741573033707865,0.33823529411764708,0.40565102445472573
Celeb-DF-v2,0.35,0.3,0.35,0.65,7,149,178,340,0.039325842696629212,0.43823529411764706,0.47756113681427625
Celeb-DF-v2,0.35,0.3,0.35,0.7,6,181,178,340,0.033707865168539325,0.53235294117647058,0.56606080634500988
Celeb-DF-v2,0.35,0.3,0.35,0.75,5,216,178,340,0.028089887640449437,0.63529411764705879,0.66338400528750818
Celeb-DF-v2,0.35,0.3,0.35,0.8,2,255,178,340,0.011235955056179775,0.75,0.7612359550561798
Celeb-DF-v2,0.35,0.3,0.35,0.85,0,278,178,340,0,0.81764705882352939,0.81764705882352939
Celeb-DF-v2,0.35,0.3,0.35,0.9,0,306,178,340,0,0.90000000000000002,0.90000000000000002
Celeb-DF-v2,0.35,0.3,0.35,0.95,0,331,178,340,0,0.97352941176470587,0.97352941176470587
Celeb-DF-v2,0.35,0.3,0.35,1,0,340,178,340,0,1,1
Celeb-DF-v2,0.35,0.35,0.3,0,178,0,178,340,1,0,1
Celeb-DF-v2,0.35,0.35,0.3,0.05,177,0,178,340,0.9943820224719101,0,0.9943820224719101
Celeb-DF-v2,0.35,0.35,0.3,0.1,171,0,178,340,0.9606741573033708,0,0.9606741573033708
Celeb-DF-v2,0.35,0.35,0.3,0.15,164,0,178,340,0.9213483146067416,0,0.9213483146067416
Celeb-DF-v2,0.35,0.35,0.3,0.2,139,0,178,340,0.7808988764044944,0,0.7808988764044944
Celeb-DF-v2,0.35,0.35,0.3,0.25,122,3,178,340,0.6853932584269663,0.0088235294117647058,0.69421678783873098
Celeb-DF-v2,0.35,0.35,0.3,0.3,103,8,178,340,0.5786516853932584,0.023529411764705882,0.60218109715796431
Celeb-DF-v2,0.35,0.35,0.3,0.35,85,21,178,340,0.47752808988764045,0.061764705882352944,0.53929279576999334
Celeb-DF-v2,0.35,0.35,0.3,0.4,64,32,178,340,0.3595505617977528,0.094117647058823528,0.45366820885657633
Celeb-DF-v2,0.35,0.35,0.3,0.45,49,46,178,340,0.2752808988764045,0.13529411764705881,0.41057501652346329
Celeb-DF-v2,0.35,0.35,0.3,0.5,34,77,178,340,0.19101123595505617,0.22647058823529412,0.41748182419035029
Celeb-DF-v2,0.35,0.35,0.3,0.55,23,102,178,340,0.12921348314606743,0.29999999999999999,0.42921348314606744
Celeb-DF-v2,0.35,0.35,0.3,0.6,11,124,178,340,0.061797752808988762,0.36470588235294116,0.42650363516192991
Celeb-DF-v2,0.35,0.35,0.3,0.65,8,158,178,340,0.0449438202247191,0.46470588235294119,0.50964970257766029
Celeb-DF-v2,0.35,0.35,0.3,0.7,5,182,178,340,0.028089887640449437,0.53529411764705881,0.5633840052875082
Celeb-DF-v2,0.35,0.35,0.3,0.75,5,222,178,340,0.028089887640449437,0.65294117647058825,0.68103106411103764
Celeb-DF-v2,0.35,0.35,0.3,0.8,3,252,178,340,0.016853932584269662,0.74117647058823533,0.75803040317250503
Celeb-DF-v2,0.35,0.35,0.3,0.85,0,281,178,340,0,0.82647058823529407,0.82647058823529407
Celeb-DF-v2,0.35,0.35,0.3,0.9,0,306,178,340,0,0.90000000000000002,0.90000000000000002
Celeb-DF-v2,0.35,0.35,0.3,0.95,0,331,178,340,0,0.97352941176470587,0.97352941176470587
Celeb-DF-v2,0.35,0.35,0.3,1,0,340,178,340,0,1,1
Celeb-DF-v2,0.35,0.4,0.25,0,178,0,178,340,1,0,1
Celeb-DF-v2,0.35,0.4,0.25,0.05,176,0,178,340,0.9887640449438202,0,0.9887640449438202
Celeb-DF-v2,0.35,0.4,0.25,0.1,170,0,178,340,0.9550561797752809,0,0.9550561797752809
Celeb-DF-v2,0.35,0.4,0.25,0.15,160,0,178,340,0.898876404494382,0,0.898876404494382
Celeb-DF-v2,0.35,0.4,0.25,0.2,134,0,178,340,0.7528089887640449,0,0.7528089887640449
Celeb-DF-v2,0.35,0.4,0.25,0.25,114,5,178,340,0.6404494382022472,0.014705882352941176,0.65515532055518833
Celeb-DF-v2,0.35,0.4,0.25,0.3,98,10,178,340,0.550561797752809,0.029411764705882353,0.57997356245869136
Celeb-DF-v2,0.35,0.4,0.25,0.35,80,22,178,340,0.449438202247191,0.064705882352941183,0.51414408460013217
Celeb-DF-v2,0.35,0.4,0.25,0.4,58,34,178,340,0.3258426966292135,0.10000000000000001,0.42584269662921348
Celeb-DF-v2,0.35,0.4,0.25,0.45,46,63,178,340,0.25842696629213485,0.18529411764705883,0.44372108393919368
Celeb-DF-v2,0.35,0.4,0.25,0.5,33,86,178,340,0.1853932584269663,0.25294117647058822,0.43833443489755453
Celeb-DF-v2,0.35,0.4,0.25,0.55,21,104,178,340,0.11797752808988764,0.30588235294117649,0.42385988103106415
Celeb-DF-v2,0.35,0.4,0.25,0.6,13,133,178,340,0.073033707865168537,0.39117647058823529,0.46421017845340384
Celeb-DF-v2,0.35,0.4,0.25,0.65,8,158,178,340,0.0449438202247191,0.46470588235294119,0.50964970257766029
Celeb-DF-v2,0.35,0.4,0.25,0.7,5,190,178,340,0.028089887640449437,0.55882352941176472,0.58691341705221411
Celeb-DF-v2,0.35,0.4,0.25,0.75,5,224,178,340,0.028089887640449437,0.6588235294117647,0.68691341705221409
Celeb-DF-v2,0.35,0.4,0.25,0.8,3,249,178,340,0.016853932584269662,0.73235294117647054,0.74920687376074024
Celeb-DF-v2,0.35,0.4,0.25,0.85,0,281,178,340,0,0.82647058823529407,0.82647058823529407
Celeb-DF-v2,0.35,0.4,0.25,0.9,0,305,178,340,0,0.8970588235294118,0.8970588235294118
Celeb-DF-v2,0.35,0.4,0.25,0.95,0,329,178,340,0,0.96764705882352942,0.96764705882352942
Celeb-DF-v2,0.35,0.4,0.25,1,0,340,178,340,0,1,1
Celeb-DF-v2,0.35,0.45,0.2,0,178,0,178,340,1,0,1
Celeb-DF-v2,0.35,0.45,0.2,0.05,175,0,178,340,0.9831460674157303,0,0.9831460674157303
Celeb-DF-v2,0.35,0.45,0.2,0.1,169,0,178,340,0.949438202247191,0,0.949438202247191
Celeb-DF-v2,0.35,0.45,0.2,0.15,156,0,178,340,0.8764044943820225,0,0.8764044943820225
Celeb-DF-v2,0.35,0.45,0.2,0.2,129,1,178,340,0.7247191011235955,0.0029411764705882353,0.72766027759418372
Celeb-DF-v2,0.35,0.45,0.2,0.25,112,6,178,340,0.6292134831460674,0.017647058823529412,0.64686054196959686
Celeb-DF-v2,0.35,0.45,0.2,0.3,93,17,178,340,0.52247191011235961,0.050000000000000003,0.57247191011235965
Celeb-DF-v2,0.35,0.45,0.2,0.35,71,21,178,340,0.398876404494382,0.061764705882352944,0.46064111037673494
Celeb-DF-v2,0.35,0.45,0.2,0.4,57,41,178,340,0.3202247191011236,0.12058823529411765,0.44081295439524126
Celeb-DF-v2,0.35,0.45,0.2,0.45,44,72,178,340,0.24719101123595505,0.21176470588235294,0.45895571711830796
Celeb-DF-v2,0.35,0.45,0.2,0.5,35,93,178,340,0.19662921348314608,0.27352941176470591,0.47015862524785201
Celeb-DF-v2,0.35,0.45,0.2,0.55,19,110,178,340,0.10674157303370786,0.3235294117647059,0.43027098479841375
Celeb-DF-v2,0.35,0.45,0.2,0.6,12,140,178,340,0.06741573033707865,0.41176470588235292,0.47918043621943157
Celeb-DF-v2,0.35,0.45,0.2,0.65,8,162,178,340,0.0449438202247191,0.47647058823529409,0.52141440846001319
Celeb-DF-v2,0.35,0.45,0.2,0.7,5,194,178,340,0.028089887640449437,0.57058823529411762,0.59867812293456701
Celeb-DF-v2,0.35,0.45,0.2,0.75,5,225,178,340,0.028089887640449437,0.66176470588235292,0.68985459352280232
Celeb-DF-v2,0.35,0.45,0.2,0.8,3,249,178,340,0.016853932584269662,0.73235294117647054,0.74920687376074024
Celeb-DF-v2,0.35,0.45,0.2,0.85,1,277,178,340,0.0056179775280898875,0.81470588235294117,0.82032385988103107
Celeb-DF-v2,0.35,0.45,0.2,0.9,0,306,178,340,0,0.90000000000000002,0.90000000000000002
Celeb-DF-v2,0.35,0.45,0.2,0.95,0,330,178,340,0,0.97058823529411764,0.97058823529411764
Celeb-DF-v2,0.35,0.45,0.2,1,0,340,178,340,0,1,1
Celeb-DF-v2,0.35,0.5,0.15,0,178,0,178,340,1,0,1
Celeb-DF-v2,0.35,0.5,0.15,0.05,174,0,178,340,0.97752808988764039,0,0.97752808988764039
Celeb-DF-v2,0.35,0.5,0.15,0.1,168,0,178,340,0.9438202247191011,0,0.9438202247191011
Celeb-DF-v2,0.35,0.5,0.15,0.15,152,0,178,340,0.8539325842696629,0,0.8539325842696629
Celeb-DF-v2,0.35,0.5,0.15,0.2,126,2,178,340,0.7078651685393258,0.0058823529411764705,0.71374752148050224
Celeb-DF-v2,0.35,0.5,0.15,0.25,106,8,178,340,0.5955056179775281,0.023529411764705882,0.61903502974223401
Celeb-DF-v2,0.35,0.5,0.15,0.3,87,19,178,340,0.4887640449438202,0.055882352941176473,0.54464639788499669
Celeb-DF-v2,0.35,0.5,0.15,0.35,67,30,178,340,0.37640449438202245,0.088235294117647065,0.46463978849966953
Celeb-DF-v2,0.35,0.5,0.15,0.4,55,52,178,340,0.3089887640449438,0.15294117647058825,0.46192994051553204
Celeb-DF-v2,0.35,0.5,0.15,0.45,41,79,178,340,0.2303370786516854,0.2323529411764706,0.462690019828156
Celeb-DF-v2,0.35,0.5,0.15,0.5,33,97,178,340,0.1853932584269663,0.28529411764705881,0.47068737607402511
Celeb-DF-v2,0.35,0.5,0.15,0.55,19,117,178,340,0.10674157303370786,0.34411764705882353,0.45085922009253138
Celeb-DF-v2,0.35,0.5,0.15,0.6,14,144,178,340,0.078651685393258425,0.42352941176470588,0.50218109715796433
Celeb-DF-v2,0.35,0.5,0.15,0.65,10,170,178,340,0.056179775280898875,0.5,0.5561797752808989
Celeb-DF-v2,0.35,0.5,0.15,0.7,6,195,178,340,0.033707865168539325,0.57352941176470584,0.60723727693324514
Celeb-DF-v2,0.35,0.5,0.15,0.75,5,226,178,340,0.028089887640449437,0.66470588235294115,0.69279576999339054
Celeb-DF-v2,0.35,0.5,0.15,0.8,3,248,178,340,0.016853932584269662,0.72941176470588232,0.74626569729015202
Celeb-DF-v2,0.35,0.5,0.15,0.85,1,276,178,340,0.0056179775280898875,0.81176470588235294,0.81738268341044285
Celeb-DF-v2,0.35,0.5,0.15,0.9,0,302,178,340,0,0.88823529411764701,0.88823529411764701
Celeb-DF-v2,0.35,0.5,0.15,0.95,0,329,178,340,0,0.96764705882352942,0.96764705882352942
Celeb-DF-v2,0.35,0.5,0.15,1,0,340,178,340,0,1,1
Celeb-DF-v2,0.35,0.55,0.1,0,178,0,178,340,1,0,1
Celeb-DF-v2,0.35,0.55,0.1,0.05,173,0,178,340,0.9719101123595506,0,0.9719101123595506
Celeb-DF-v2,0.35,0.55,0.1,0.1,164,0,178,340,0.9213483146067416,0,0.9213483146067416
Celeb-DF-v2,0.35,0.55,0.1,0.15,146,1,178,340,0.8202247191011236,0.0029411764705882353,0.82316589557171183
Celeb-DF-v2,0.35,0.55,0.1,0.2,122,4,178,340,0.6853932584269663,0.011764705882352941,0.6971579643093192
Celeb-DF-v2,0.35,0.55,0.1,0.25,99,14,178,340,0.5561797752808989,0.041176470588235294,0.59735624586913416
Celeb-DF-v2,0.35,0.55,0.1,0.3,81,22,178,340,0.4550561797752809,0.064705882352941183,0.51976206212822207
Celeb-DF-v2,0.35,0.55,0.1,0.35,65,41,178,340,0.3651685393258427,0.12058823529411765,0.48575677461996036
Celeb-DF-v2,0.35,0.55,0.1,0.4,54,64,178,340,0.30337078651685395,0.18823529411764706,0.49160608063450101
Celeb-DF-v2,0.35,0.55,0.1,0.45,43,83,178,340,0.24157303370786518,0.24411764705882352,0.4856906807666887
Celeb-DF-v2,0.35,0.55,0.1,0.5,33,99,178,340,0.1853932584269663,0.29117647058823531,0.47656972901520162
Celeb-DF-v2,0.35,0.55,0.1,0.55,18,123,178,340,0.10112359550561797,0.36176470588235293,0.46288830138797088
Celeb-DF-v2,0.35,0.55,0.1,0.6,13,147,178,340,0.073033707865168537,0.43235294117647061,0.5053866490416391
Celeb-DF-v2,0.35,0.55,0.1,0.65,10,176,178,340,0.056179775280898875,0.51764705882352946,0.57382683410442836
Celeb-DF-v2,0.35,0.55,0.1,0.7,6,199,178,340,0.033707865168539325,0.58529411764705885,0.61900198281559815
Celeb-DF-v2,0.35,0.55,0.1,0.75,5,224,178,340,0.028089887640449437,0.6588235294117647,0.68691341705221409
Celeb-DF-v2,0.35,0.55,0.1,0.8,3,246,178,340,0.016853932584269662,0.72352941176470587,0.74038334434897557
Celeb-DF-v2,0.35,0.55,0.1,0.85,2,275,178,340,0.011235955056179775,0.80882352941176472,0.82005948446794452
Celeb-DF-v2,0.35,0.55,0.1,0.9,0,300,178,340,0,0.88235294117647056,0.88235294117647056
Celeb-DF-v2,0.35,0.55,0.1,0.95,0,329,178,340,0,0.96764705882352942,0.96764705882352942
Celeb-DF-v2,0.35,0.55,0.1,1,0,340,178,340,0,1,1
Celeb-DF-v2,0.35,0.6,0.05,0,178,0,178,340,1,0,1
Celeb-DF-v2,0.35,0.6,0.05,0.05,171,0,178,340,0.9606741573033708,0,0.9606741573033708
Celeb-DF-v2,0.35,0.6,0.05,0.1,159,1,178,340,0.8932584269662921,0.0029411764705882353,0.89619960343688032
Celeb-DF-v2,0.35,0.6,0.05,0.15,142,1,178,340,0.797752808988764,0.0029411764705882353,0.80069398545935222
Celeb-DF-v2,0.35,0.6,0.05,0.2,113,7,178,340,0.6348314606741573,0.020588235294117647,0.65541969596827498
Celeb-DF-v2,0.35,0.6,0.05,0.25,95,15,178,340,0.5337078651685393,0.044117647058823532,0.57782551222736278
Celeb-DF-v2,0.35,0.6,0.05,0.3,78,33,178,340,0.43820224719101125,0.097058823529411767,0.53526107072042306
Celeb-DF-v2,0.35,0.6,0.05,0.35,65,48,178,340,0.3651685393258427,0.14117647058823529,0.50634500991407805
Celeb-DF-v2,0.35,0.6,0.05,0.4,55,68,178,340,0.3089887640449438,0.20000000000000001,0.50898876404494375
Celeb-DF-v2,0.35,0.6,0.05,0.45,42,88,178,340,0.23595505617977527,0.25882352941176473,0.49477858559153998
Celeb-DF-v2,0.35,0.6,0.05,0.5,31,110,178,340,0.17415730337078653,0.3235294117647059,0.49768671513549245
Celeb-DF-v2,0.35,0.6,0.05,0.55,18,125,178,340,0.10112359550561797,0.36764705882352944,0.46877065432914744
Celeb-DF-v2,0.35,0.6,0.05,0.6,13,153,178,340,0.073033707865168537,0.45000000000000001,0.52303370786516856
Celeb-DF-v2,0.35,0.6,0.05,0.65,11,178,178,340,0.061797752808988762,0.52352941176470591,0.58532716457369471
Celeb-DF-v2,0.35,0.6,0.05,0.7,9,203,178,340,0.050561797752808987,0.59705882352941175,0.64762062128222075
Celeb-DF-v2,0.35,0.6,0.05,0.75,5,223,178,340,0.028089887640449437,0.65588235294117647,0.68397224058162587
Celeb-DF-v2,0.35,0.6,0.05,0.8,3,246,178,340,0.016853932584269662,0.72352941176470587,0.74038334434897557
Celeb-DF-v2,0.35,0.6,0.05,0.85,2,272,178,340,0.011235955056179775,0.80000000000000004,0.81123595505617985
Celeb-DF-v2,0.35,0.6,0.05,0.9,1,297,178,340,0.0056179775280898875,0.87352941176470589,0.87914738929279579
Celeb-DF-v2,0.35,0.6,0.05,0.95,0,326,178,340,0,0.95882352941176474,0.95882352941176474
Celeb-DF-v2,0.35,0.6,0.05,1,0,340,178,340,0,1,1
Celeb-DF-v2,0.35,0.65,0,0,178,0,178,340,1,0,1
Celeb-DF-v2,0.35,0.65,0,0.05,168,0,178,340,0.9438202247191011,0,0.9438202247191011
Celeb-DF-v2,0.35,0.65,0,0.1,151,1,178,340,0.848314606741573,0.0029411764705882353,0.85125578321216122
Celeb-DF-v2,0.35,0.65,0,0.15,138,5,178,340,0.7752808988764045,0.014705882352941176,0.78998678122934562
Celeb-DF-v2,0.35,0.65,0,0.2,110,8,178,340,0.6179775280898876,0.023529411764705882,0.64150693985459351
Celeb-DF-v2,0.35,0.65,0,0.25,87,23,178,340,0.4887640449438202,0.067647058823529407,0.55641110376734959
Celeb-DF-v2,0.35,0.65,0,0.3,72,39,178,340,0.4044943820224719,0.11470588235294117,0.51920026437541311
Celeb-DF-v2,0.35,0.65,0,0.35,62,56,178,340,0.34831460674157305,0.16470588235294117,0.51302048909451425
Celeb-DF-v2,0.35,0.65,0,0.4,54,73,178,340,0.30337078651685395,0.21470588235294116,0.51807666886979509
Celeb-DF-v2,0.35,0.65,0,0.45,42,94,178,340,0.23595505617977527,0.27647058823529413,0.51242564441506944
Celeb-DF-v2,0.35,0.65,0,0.5,30,115,178,340,0.16853932584269662,0.33823529411764708,0.50677461996034368
Celeb-DF-v2,0.35,0.65,0,0.55,18,131,178,340,0.10112359550561797,0.38529411764705884,0.48641771315267679
Celeb-DF-v2,0.35,0.65,0,0.6,13,159,178,340,0.073033707865168537,0.46764705882352942,0.54068076668869791
Celeb-DF-v2,0.35,0.65,0,0.65,12,180,178,340,0.06741573033707865,0.52941176470588236,0.59682749504296106
Celeb-DF-v2,0.35,0.65,0,0.7,9,204,178,340,0.050561797752808987,0.59999999999999998,0.65056179775280898
Celeb-DF-v2,0.35,0.65,0,0.75,6,225,178,340,0.033707865168539325,0.66176470588235292,0.69547257105089222
Celeb-DF-v2,0.35,0.65,0,0.8,3,246,178,340,0.016853932584269662,0.72352941176470587,0.74038334434897557
Celeb-DF-v2,0.35,0.65,0,0.85,3,271,178,340,0.016853932584269662,0.79705882352941182,0.81391275611368152
Celeb-DF-v2,0.35,0.65,0,0.9,1,297,178,340,0.0056179775280898875,0.87352941176470589,0.87914738929279579
Celeb-DF-v2,0.35,0.65,0,0.95,0,321,178,340,0,0.94411764705882351,0.94411764705882351
Celeb-DF-v2,0.35,0.65,0,1,0,340,178,340,0,1,1
Celeb-DF-v2,0.4,0,0.6,0,178,0,178,340,1,0,1
Celeb-DF-v2,0.4,0,0.6,0.05,178,0,178,340,1,0,1
Celeb-DF-v2,0.4,0,0.6,0.1,175,0,178,340,0.9831460674157303,0,0.9831460674157303
Celeb-DF-v2,0.4,0,0.6,0.15,167,0,178,340,0.9382022471910112,0,0.9382022471910112
Celeb-DF-v2,0.4,0,0.6,0.2,154,0,178,340,0.8651685393258427,0,0.8651685393258427
Celeb-DF-v2,0.4,0,0.6,0.25,139,1,178,340,0.7808988764044944,0.0029411764705882353,0.78384005287508263
Celeb-DF-v2,0.4,0,0.6,0.3,125,5,178,340,0.702247191011236,0.014705882352941176,0.71695307336417713
Celeb-DF-v2,0.4,0,0.6,0.35,109,10,178,340,0.61235955056179781,0.029411764705882353,0.64177131526768016
Celeb-DF-v2,0.4,0,0.6,0.4,89,16,178,340,0.5,0.047058823529411764,0.54705882352941182
Celeb-DF-v2,0.4,0,0.6,0.45,65,26,178,340,0.3651685393258427,0.076470588235294124,0.44163912756113682
Celeb-DF-v2,0.4,0,0.6,0.5,54,44,178,340,0.30337078651685395,0.12941176470588237,0.43278255122273634
Celeb-DF-v2,0.4,0,0.6,0.55,39,61,178,340,0.21910112359550563,0.17941176470588235,0.39851288830138798
Celeb-DF-v2,0.4,0,0.6,0.6,33,84,178,340,0.1853932584269663,0.24705882352941178,0.43245208195637808
Celeb-DF-v2,0.4,0,0.6,0.65,21,107,178,340,0.11797752808988764,0.31470588235294117,0.43268341044282882
Celeb-DF-v2,0.4,0,0.6,0.7,10,141,178,340,0.056179775280898875,0.4147058823529412,0.47088565763384005
Celeb-DF-v2,0.4,0,0.6,0.75,4,179,178,340,0.02247191011235955,0.52647058823529413,0.54894249834765363
Celeb-DF-v2,0.4,0,0.6,0.8,2,222,178,340,0.011235955056179775,0.65294117647058825,0.66417713152676805
Celeb-DF-v2,0.4,0,0.6,0.85,0,264,178,340,0,0.77647058823529413,0.77647058823529413
Celeb-DF-v2,0.4,0,0.6,0.9,0,300,178,340,0,0.88235294117647056,0.88235294117647056
Celeb-DF-v2,0.4,0,0.6,0.95,0,329,178,340,0,0.96764705882352942,0.96764705882352942
Celeb-DF-v2,0.4,0,0.6,1,0,340,178,340,0,1,1
Celeb-DF-v2,0.4,0.05,0.55,0,178,0,178,340,1,0,1
Celeb-DF-v2,0.4,0.05,0.55,0.05,178,0,178,340,1,0,1
Celeb-DF-v2,0.4,0.05,0.55,0.1,175,0,178,340,0.9831460674157303,0,0.9831460674157303
Celeb-DF-v2,0.4,0.05,0.55,0.15,169,0,178,340,0.949438202247191,0,0.949438202247191
Celeb-DF-v2,0.4,0.05,0.55,0.2,154,0,178,340,0.8651685393258427,0,0.8651685393258427
Celeb-DF-v2,0.4,0.05,0.55,0.25,140,2,178,340,0.7865168539325843,0.0058823529411764705,0.79239920687376075
Celeb-DF-v2,0.4,0.05,0.55,0.3,120,5,178,340,0.6741573033707865,0.014705882352941176,0.68886318572372762
Celeb-DF-v2,0.4,0.05,0.55,0.35,107,10,178,340,0.601123595505618,0.029411764705882353,0.63053536021150036
Celeb-DF-v2,0.4,0.05,0.55,0.4,87,16,178,340,0.4887640449438202,0.047058823529411764,0.53582286847323202
Celeb-DF-v2,0.4,0.05,0.55,0.45,68,27,178,340,0.38202247191011235,0.079411764705882348,0.4614342366159947
Celeb-DF-v2,0.4,0.05,0.55,0.5,46,44,178,340,0.25842696629213485,0.12941176470588237,0.38783873099801724
Celeb-DF-v2,0.4,0.05,0.55,0.55,38,62,178,340,0.21348314606741572,0.18235294117647058,0.3958360872438863
Celeb-DF-v2,0.4,0.05,0.55,0.6,27,87,178,340,0.15168539325842698,0.25588235294117645,0.40756774619960345
Celeb-DF-v2,0.4,0.05,0.55,0.65,19,112,178,340,0.10674157303370786,0.32941176470588235,0.4361533377395902
Celeb-DF-v2,0.4,0.05,0.55,0.7,8,154,178,340,0.0449438202247191,0.45294117647058824,0.49788499669530734
Celeb-DF-v2,0.4,0.05,0.55,0.75,3,189,178,340,0.016853932584269662,0.55588235294117649,0.5727362855254462
Celeb-DF-v2,0.4,0.05,0.55,0.8,2,230,178,340,0.011235955056179775,0.67647058823529416,0.68770654329147396
Celeb-DF-v2,0.4,0.05,0.55,0.85,0,272,178,340,0,0.80000000000000004,0.80000000000000004
Celeb-DF-v2,0.4,0.05,0.55,0.9,0,304,178,340,0,0.89411764705882357,0.89411764705882357
Celeb-DF-v2,0.4,0.05,0.55,0.95,0,328,178,340,0,0.96470588235294119,0.96470588235294119
Celeb-DF-v2,0.4,0.05,0.55,1,0,340,178,340,0,1,1
Celeb-DF-v2,0.4,0.1,0.5,0,178,0,178,340,1,0,1
Celeb-DF-v2,0.4,0.1,0.5,0.05,178,0,178,340,1,0,1
Celeb-DF-v2,0.4,0.1,0.5,0.1,174,0,178,340,0.97752808988764039,0,0.97752808988764039
Celeb-DF-v2,0.4,0.1,0.5,0.15,169,0,178,340,0.949438202247191,0,0.949438202247191
Celeb-DF-v2,0.4,0.1,0.5,0.2,155,0,178,340,0.8707865168539326,0,0.8707865168539326
Celeb-DF-v2,0.4,0.1,0.5,0.25,136,2,178,340,0.7640449438202247,0.0058823529411764705,0.76992729676140115
Celeb-DF-v2,0.4,0.1,0.5,0.3,119,5,178,340,0.6685393258426966,0.014705882352941176,0.68324520819563772
Celeb-DF-v2,0.4,0.1,0.5,0.35,103,10,178,340,0.5786516853932584,0.029411764705882353,0.60806345009914076
Celeb-DF-v2,0.4,0.1,0.5,0.4,85,15,178,340,0.47752808988764045,0.044117647058823532,0.52164573694646399
Celeb-DF-v2,0.4,0.1,0.5,0.45,65,32,178,340,0.3651685393258427,0.094117647058823528,0.45928618638466623
Celeb-DF-v2,0.4,0.1,0.5,0.5,43,45,178,340,0.24157303370786518,0.13235294117647059,0.37392597488433577
Celeb-DF-v2,0.4,0.1,0.5,0.55,36,66,178,340,0.20224719101123595,0.19411764705882353,0.39636483807005951
Celeb-DF-v2,0.4,0.1,0.5,0.6,22,96,178,340,0.12359550561797752,0.28235294117647058,0.40594844679444808
Celeb-DF-v2,0.4,0.1,0.5,0.65,13,122,178,340,0.073033707865168537,0.35882352941176471,0.43185723727693326
Celeb-DF-v2,0.4,0.1,0.5,0.7,6,160,178,340,0.033707865168539325,0.47058823529411764,0.50429610046265694
Celeb-DF-v2,0.4,0.1,0.5,0.75,4,195,178,340,0.02247191011235955,0.57352941176470584,0.59600132187706545
Celeb-DF-v2,0.4,0.1,0.5,0.8,1,240,178,340,0.0056179775280898875,0.70588235294117652,0.71150033046926642
Celeb-DF-v2,0.4,0.1,0.5,0.85,0,277,178,340,0,0.81470588235294117,0.81470588235294117
Celeb-DF-v2,0.4,0.1,0.5,0.9,0,303,178,340,0,0.89117647058823535,0.89117647058823535
Celeb-DF-v2,0.4,0.1,0.5,0.95,0,328,178,340,0,0.96470588235294119,0.96470588235294119
Celeb-DF-v2,0.4,0.1,0.5,1,0,340,178,340,0,1,1
Celeb-DF-v2,0.4,0.15,0.45,0,178,0,178,340,1,0,1
Celeb-DF-v2,0.4,0.15,0.45,0.05,178,0,178,340,1,0,1
Celeb-DF-v2,0.4,0.15,0.45,0.1,174,0,178,340,0.97752808988764039,0,0.97752808988764039
Celeb-DF-v2,0.4,0.15,0.45,0.15,167,0,178,340,0.9382022471910112,0,0.9382022471910112
Celeb-DF-v2,0.4,0.15,0.45,0.2,152,0,178,340,0.8539325842696629,0,0.8539325842696629
Celeb-DF-v2,0.4,0.15,0.45,0.25,132,2,178,340,0.7415730337078652,0.0058823529411764705,0.74745538664904165
Celeb-DF-v2,0.4,0.15,0.45,0.3,118,5,178,340,0.6629213483146067,0.014705882352941176,0.67762723066754782
Celeb-DF-v2,0.4,0.15,0.45,0.35,97,11,178,340,0.5449438202247191,0.032352941176470591,0.57729676140118968
Celeb-DF-v2,0.4,0.15,0.45,0.4,83,18,178,340,0.46629213483146065,0.052941176470588235,0.51923331130204886
Celeb-DF-v2,0.4,0.15,0.45,0.45,59,35,178,340,0.33146067415730335,0.10294117647058823,0.43440185062789161
Celeb-DF-v2,0.4,0.15,0.45,0.5,43,48,178,340,0.24157303370786518,0.14117647058823529,0.38274950429610044
Celeb-DF-v2,0.4,0.15,0.45,0.55,31,71,178,340,0.17415730337078653,0.20882352941176471,0.38298083278255124
Celeb-DF-v2,0.4,0.15,0.45,0.6,19,100,178,340,0.10674157303370786,0.29411764705882354,0.40085922009253139
Celeb-DF-v2,0.4,0.15,0.45,0.65,10,128,178,340,0.056179775280898875,0.37647058823529411,0.43265036351619302
Celeb-DF-v2,0.4,0.15,0.45,0.7,6,168,178,340,0.033707865168539325,0.49411764705882355,0.52782551222736285
Celeb-DF-v2,0.4,0.15,0.45,0.75,4,205,178,340,0.02247191011235955,0.6029411764705882,0.6254130865829477
Celeb-DF-v2,0.4,0.15,0.45,0.8,1,244,178,340,0.0056179775280898875,0.71764705882352942,0.72326503635161932
Celeb-DF-v2,0.4,0.15,0.45,0.85,0,279,178,340,0,0.82058823529411762,0.82058823529411762
Celeb-DF-v2,0.4,0.15,0.45,0.9,0,305,178,340,0,0.8970588235294118,0.8970588235294118
Celeb-DF-v2,0.4,0.15,0.45,0.95,0,328,178,340,0,0.96470588235294119,0.96470588235294119
Celeb-DF-v2,0.4,0.15,0.45,1,0,340,178,340,0,1,1
Celeb-DF-v2,0.4,0.2,0.4,0,178,0,178,340,1,0,1
Celeb-DF-v2,0.4,0.2,0.4,0.05,177,0,178,340,0.9943820224719101,0,0.9943820224719101
Celeb-DF-v2,0.4,0.2,0.4,0.1,173,0,178,340,0.9719101123595506,0,0.9719101123595506
Celeb-DF-v2,0.4,0.2,0.4,0.15,167,0,178,340,0.9382022471910112,0,0.9382022471910112
Celeb-DF-v2,0.4,0.2,0.4,0.2,153,0,178,340,0.8595505617977528,0,0.8595505617977528
Celeb-DF-v2,0.4,0.2,0.4,0.25,127,1,178,340,0.7134831460674157,0.0029411764705882353,0.71642432253800392
Celeb-DF-v2,0.4,0.2,0.4,0.3,114,5,178,340,0.6404494382022472,0.014705882352941176,0.65515532055518833
Celeb-DF-v2,0.4,0.2,0.4,0.35,96,13,178,340,0.5393258426966292,0.038235294117647062,0.57756113681427623
Celeb-DF-v2,0.4,0.2,0.4,0.4,77,22,178,340,0.43258426966292135,0.064705882352941183,0.49729015201586252
Celeb-DF-v2,0.4,0.2,0.4,0.45,56,36,178,340,0.3146067415730337,0.10588235294117647,0.42048909451421018
Celeb-DF-v2,0.4,0.2,0.4,0.5,39,50,178,340,0.21910112359550563,0.14705882352941177,0.3661599471249174
Celeb-DF-v2,0.4,0.2,0.4,0.55,28,80,178,340,0.15730337078651685,0.23529411764705882,0.39259748843357567
Celeb-DF-v2,0.4,0.2,0.4,0.6,17,109,178,340,0.095505617977528087,0.32058823529411767,0.41609385327164577
Celeb-DF-v2,0.4,0.2,0.4,0.65,8,137,178,340,0.0449438202247191,0.40294117647058825,0.44788499669530735
Celeb-DF-v2,0.4,0.2,0.4,0.7,6,172,178,340,0.033707865168539325,0.50588235294117645,0.53959021810971575
Celeb-DF-v2,0.4,0.2,0.4,0.75,5,208,178,340,0.028089887640449437,0.61176470588235299,0.63985459352280238
Celeb-DF-v2,0.4,0.2,0.4,0.8,1,249,178,340,0.0056179775280898875,0.73235294117647054,0.73797091870456044
Celeb-DF-v2,0.4,0.2,0.4,0.85,0,279,178,340,0,0.82058823529411762,0.82058823529411762
Celeb-DF-v2,0.4,0.2,0.4,0.9,0,307,178,340,0,0.90294117647058825,0.90294117647058825
Celeb-DF-v2,0.4,0.2,0.4,0.95,0,328,178,340,0,0.96470588235294119,0.96470588235294119
Celeb-DF-v2,0.4,0.2,0.4,1,0,340,178,340,0,1,1
Celeb-DF-v2,0.4,0.25,0.35,0,178,0,178,340,1,0,1
Celeb-DF-v2,0.4,0.25,0.35,0.05,177,0,178,340,0.9943820224719101,0,0.9943820224719101
Celeb-DF-v2,0.4,0.25,0.35,0.1,172,0,178,340,0.9662921348314607,0,0.9662921348314607
Celeb-DF-v2,0.4,0.25,0.35,0.15,167,0,178,340,0.9382022471910112,0,0.9382022471910112
Celeb-DF-v2,0.4,0.25,0.35,0.2,147,0,178,340,0.8258426966292135,0,0.8258426966292135
Celeb-DF-v2,0.4,0.25,0.35,0.25,127,1,178,340,0.7134831460674157,0.0029411764705882353,0.71642432253800392
Celeb-DF-v2,0.4,0.25,0.35,0.3,111,5,178,340,0.6235955056179775,0.014705882352941176,0.63830138797091862
Celeb-DF-v2,0.4,0.25,0.35,0.35,93,15,178,340,0.52247191011235961,0.044117647058823532,0.56658955717118309
Celeb-DF-v2,0.4,0.25,0.35,0.4,73,24,178,340,0.4101123595505618,0.070588235294117646,0.48070059484467942
Celeb-DF-v2,0.4,0.25,0.35,0.45,53,38,178,340,0.29775280898876405,0.11176470588235295,0.40951751487111698
Celeb-DF-v2,0.4,0.25,0.35,0.5,38,62,178,340,0.21348314606741572,0.18235294117647058,0.3958360872438863
Celeb-DF-v2,0.4,0.25,0.35,0.55,26,92,178,340,0.14606741573033707,0.27058823529411763,0.41665565102445468
Celeb-DF-v2,0.4,0.25,0.35,0.6,15,111,178,340,0.084269662921348312,0.32647058823529412,0.41074025115664242
Celeb-DF-v2,0.4,0.25,0.35,0.65,8,143,178,340,0.0449438202247191,0.42058823529411765,0.46553205551883675
Celeb-DF-v2,0.4,0.25,0.35,0.7,6,177,178,340,0.033707865168539325,0.52058823529411768,0.55429610046265698
Celeb-DF-v2,0.4,0.25,0.35,0.75,5,212,178,340,0.028089887640449437,0.62352941176470589,0.65161929940515528
Celeb-DF-v2,0.4,0.25,0.35,0.8,3,253,178,340,0.016853932584269662,0.74411764705882355,0.76097157964309325
Celeb-DF-v2,0.4,0.25,0.35,0.85,0,277,178,340,0,0.81470588235294117,0.81470588235294117
Celeb-DF-v2,0.4,0.25,0.35,0.9,0,307,178,340,0,0.90294117647058825,0.90294117647058825
Celeb-DF-v2,0.4,0.25,0.35,0.95,0,330,178,340,0,0.97058823529411764,0.97058823529411764
Celeb-DF-v2,0.4,0.25,0.35,1,0,340,178,340,0,1,1
Celeb-DF-v2,0.4,0.3,0.3,0,178,0,178,340,1,0,1
Celeb-DF-v2,0.4,0.3,0.3,0.05,177,0,178,340,0.9943820224719101,0,0.9943820224719101
Celeb-DF-v2,0.4,0.3,0.3,0.1,171,0,178,340,0.9606741573033708,0,0.9606741573033708
Celeb-DF-v2,0.4,0.3,0.3,0.15,164,0,178,340,0.9213483146067416,0,0.9213483146067416
Celeb-DF-v2,0.4,0.3,0.3,0.2,146,0,178,340,0.8202247191011236,0,0.8202247191011236
Celeb-DF-v2,0.4,0.3,0.3,0.25,122,2,178,340,0.6853932584269663,0.0058823529411764705,0.69127561136814275
Celeb-DF-v2,0.4,0.3,0.3,0.3,106,8,178,340,0.5955056179775281,0.023529411764705882,0.61903502974223401
Celeb-DF-v2,0.4,0.3,0.3,0.35,88,18,178,340,0.4943820224719101,0.052941176470588235,0.54732319894249837
Celeb-DF-v2,0.4,0.3,0.3,0.4,68,29,178,340,0.38202247191011235,0.085294117647058826,0.46731658955717115
Celeb-DF-v2,0.4,0.3,0.3,0.45,50,40,178,340,0.2808988764044944,0.11764705882352941,0.39854593522802384
Celeb-DF-v2,0.4,0.3,0.3,0.5,40,73,178,340,0.2247191011235955,0.21470588235294116,0.43942498347653669
Celeb-DF-v2,0.4,0.3,0.3,0.55,25,98,178,340,0.1404494382022472,0.28823529411764703,0.42868473231989423
Celeb-DF-v2,0.4,0.3,0.3,0.6,12,117,178,340,0.06741573033707865,0.34411764705882353,0.41153337739590218
Celeb-DF-v2,0.4,0.3,0.3,0.65,8,151,178,340,0.0449438202247191,0.44411764705882351,0.48906146728354261
Celeb-DF-v2,0.4,0.3,0.3,0.7,6,181,178,340,0.033707865168539325,0.53235294117647058,0.56606080634500988
Celeb-DF-v2,0.4,0.3,0.3,0.75,5,219,178,340,0.028089887640449437,0.64411764705882357,0.67220753469927297
Celeb-DF-v2,0.4,0.3,0.3,0.8,3,254,178,340,0.016853932584269662,0.74705882352941178,0.76391275611368148
Celeb-DF-v2,0.4,0.3,0.3,0.85,0,278,178,340,0,0.81764705882352939,0.81764705882352939
Celeb-DF-v2,0.4,0.3,0.3,0.9,0,307,178,340,0,0.90294117647058825,0.90294117647058825
Celeb-DF-v2,0.4,0.3,0.3,0.95,0,331,178,340,0,0.97352941176470587,0.97352941176470587
Celeb-DF-v2,0.4,0.3,0.3,1,0,340,178,340,0,1,1
Celeb-DF-v2,0.4,0.35,0.25,0,178,0,178,340,1,0,1
Celeb-DF-v2,0.4,0.35,0.25,0.05,177,0,178,340,0.9943820224719101,0,0.9943820224719101
Celeb-DF-v2,0.4,0.35,0.25,0.1,171,0,178,340,0.9606741573033708,0,0.9606741573033708
Celeb-DF-v2,0.4,0.35,0.25,0.15,162,0,178,340,0.9101123595505618,0,0.9101123595505618
Celeb-DF-v2,0.4,0.35,0.25,0.2,144,0,178,340,0.8089887640449438,0,0.8089887640449438
Celeb-DF-v2,0.4,0.35,0.25,0.25,120,2,178,340,0.6741573033707865,0.0058823529411764705,0.68003965631196295
Celeb-DF-v2,0.4,0.35,0.25,0.3,102,10,178,340,0.5730337078651685,0.029411764705882353,0.60244547257105086
Celeb-DF-v2,0.4,0.35,0.25,0.35,82,20,178,340,0.4606741573033708,0.058823529411764705,0.51949768671513552
Celeb-DF-v2,0.4,0.35,0.25,0.4,62,31,178,340,0.34831460674157305,0.091176470588235289,0.43949107732980836
Celeb-DF-v2,0.4,0.35,0.25,0.45,48,50,178,340,0.2696629213483146,0.14705882352941177,0.4167217448777264
Celeb-DF-v2,0.4,0.35,0.25,0.5,35,79,178,340,0.19662921348314608,0.2323529411764706,0.42898215465961664
Celeb-DF-v2,0.4,0.35,0.25,0.55,25,101,178,340,0.1404494382022472,0.29705882352941176,0.43750826173165897
Celeb-DF-v2,0.4,0.35,0.25,0.6,15,126,178,340,0.084269662921348312,0.37058823529411766,0.45485789821546596
Celeb-DF-v2,0.4,0.35,0.25,0.65,8,158,178,340,0.0449438202247191,0.46470588235294119,0.50964970257766029
Celeb-DF-v2,0.4,0.35,0.25,0.7,6,185,178,340,0.033707865168539325,0.54411764705882348,0.57782551222736278
Celeb-DF-v2,0.4,0.35,0.25,0.75,5,221,178,340,0.028089887640449437,0.65000000000000002,0.67808988764044942
Celeb-DF-v2,0.4,0.35,0.25,0.8,3,248,178,340,0.016853932584269662,0.72941176470588232,0.74626569729015202
Celeb-DF-v2,0.4,0.35,0.25,0.85,0,280,178,340,0,0.82352941176470584,0.82352941176470584
Celeb-DF-v2,0.4,0.35,0.25,0.9,0,305,178,340,0,0.8970588235294118,0.8970588235294118
Celeb-DF-v2,0.4,0.35,0.25,0.95,0,329,178,340,0,0.96764705882352942,0.96764705882352942
Celeb-DF-v2,0.4,0.35,0.25,1,0,340,178,340,0,1,1
Celeb-DF-v2,0.4,0.4,0.2,0,178,0,178,340,1,0,1
Celeb-DF-v2,0.4,0.4,0.2,0.05,175,0,178,340,0.9831460674157303,0,0.9831460674157303
Celeb-DF-v2,0.4,0.4,0.2,0.1,169,0,178,340,0.949438202247191,0,0.949438202247191
Celeb-DF-v2,0.4,0.4,0.2,0.15,158,0,178,340,0.88764044943820219,0,0.88764044943820219
Celeb-DF-v2,0.4,0.4,0.2,0.2,137,0,178,340,0.7696629213483146,0,0.7696629213483146
Celeb-DF-v2,0.4,0.4,0.2,0.25,116,5,178,340,0.651685393258427,0.014705882352941176,0.66639127561136813
Celeb-DF-v2,0.4,0.4,0.2,0.3,99,13,178,340,0.5561797752808989,0.038235294117647062,0.59441506939854594
Celeb-DF-v2,0.4,0.4,0.2,0.35,79,20,178,340,0.4438202247191011,0.058823529411764705,0.50264375413086582
Celeb-DF-v2,0.4,0.4,0.2,0.4,60,35,178,340,0.33707865168539325,0.10294117647058823,0.44001982815598151
Celeb-DF-v2,0.4,0.4,0.2,0.45,47,63,178,340,0.2640449438202247,0.18529411764705883,0.44933906146728353
Celeb-DF-v2,0.4,0.4,0.2,0.5,36,85,178,340,0.20224719101123595,0.25,0.45224719101123595
Celeb-DF-v2,0.4,0.4,0.2,0.55,23,105,178,340,0.12921348314606743,0.30882352941176472,0.43803701255783212
Celeb-DF-v2,0.4,0.4,0.2,0.6,14,135,178,340,0.078651685393258425,0.39705882352941174,0.47571050892267019
Celeb-DF-v2,0.4,0.4,0.2,0.65,9,158,178,340,0.050561797752808987,0.46470588235294119,0.51526768010575019
Celeb-DF-v2,0.4,0.4,0.2,0.7,6,191,178,340,0.033707865168539325,0.56176470588235294,0.59547257105089224
Celeb-DF-v2,0.4,0.4,0.2,0.75,5,224,178,340,0.028089887640449437,0.6588235294117647,0.68691341705221409
Celeb-DF-v2,0.4,0.4,0.2,0.8,4,248,178,340,0.02247191011235955,0.72941176470588232,0.75188367481824181
Celeb-DF-v2,0.4,0.4,0.2,0.85,1,279,178,340,0.0056179775280898875,0.82058823529411762,0.82620621282220752
Celeb-DF-v2,0.4,0.4,0.2,0.9,0,307,178,340,0,0.90294117647058825,0.90294117647058825
Celeb-DF-v2,0.4,0.4,0.2,0.95,0,329,178,340,0,0.96764705882352942,0.96764705882352942
Celeb-DF-v2,0.4,0.4,0.2,1,0,340,178,340,0,1,1
Celeb-DF-v2,0.4,0.45,0.15,0,178,0,178,340,1,0,1
Celeb-DF-v2,0.4,0.45,0.15,0.05,175,0,178,340,0.9831460674157303,0,0.9831460674157303
Celeb-DF-v2,0.4,0.45,0.15,0.1,168,0,178,340,0.9438202247191011,0,0.9438202247191011
Celeb-DF-v2,0.4,0.45,0.15,0.15,154,0,178,340,0.8651685393258427,0,0.8651685393258427
Celeb-DF-v2,0.4,0.45,0.15,0.2,131,1,178,340,0.7359550561797753,0.0029411764705882353,0.73889623265036353
Celeb-DF-v2,0.4,0.45,0.15,0.25,112,6,178,340,0.6292134831460674,0.017647058823529412,0.64686054196959686
Celeb-DF-v2,0.4,0.45,0.15,0.3,90,18,178,340,0.5056179775280899,0.052941176470588235,0.55855915399867817
Celeb-DF-v2,0.4,0.45,0.15,0.35,71,26,178,340,0.398876404494382,0.076470588235294124,0.47534699272967612
Celeb-DF-v2,0.4,0.45,0.15,0.4,59,46,178,340,0.33146067415730335,0.13529411764705881,0.46675479180436219
Celeb-DF-v2,0.4,0.45,0.15,0.45,46,72,178,340,0.25842696629213485,0.21176470588235294,0.47019167217448776
Celeb-DF-v2,0.4,0.45,0.15,0.5,36,91,178,340,0.20224719101123595,0.2676470588235294,0.46989424983476535
Celeb-DF-v2,0.4,0.45,0.15,0.55,21,112,178,340,0.11797752808988764,0.32941176470588235,0.44738929279577
Celeb-DF-v2,0.4,0.45,0.15,0.6,14,142,178,340,0.078651685393258425,0.41764705882352943,0.49629874421678788
Celeb-DF-v2,0.4,0.45,0.15,0.65,10,166,178,340,0.056179775280898875,0.48823529411764705,0.54441506939854589
Celeb-DF-v2,0.4,0.45,0.15,0.7,6,194,178,340,0.033707865168539325,0.57058823529411762,0.60429610046265692
Celeb-DF-v2,0.4,0.45,0.15,0.75,5,225,178,340,0.028089887640449437,0.66176470588235292,0.68985459352280232
Celeb-DF-v2,0.4,0.45,0.15,0.8,4,247,178,340,0.02247191011235955,0.72647058823529409,0.74894249834765358
Celeb-DF-v2,0.4,0.45,0.15,0.85,1,275,178,340,0.0056179775280898875,0.80882352941176472,0.81444150693985462
Celeb-DF-v2,0.4,0.45,0.15,0.9,0,303,178,340,0,0.89117647058823535,0.89117647058823535
Celeb-DF-v2,0.4,0.45,0.15,0.95,0,329,178,340,0,0.96764705882352942,0.96764705882352942
Celeb-DF-v2,0.4,0.45,0.15,1,0,340,178,340,0,1,1
Celeb-DF-v2,0.4,0.5,0.1,0,178,0,178,340,1,0,1
Celeb-DF-v2,0.4,0.5,0.1,0.05,173,0,178,340,0.9719101123595506,0,0.9719101123595506
Celeb-DF-v2,0.4,0.5,0.1,0.1,166,0,178,340,0.93258426966292129,0,0.93258426966292129
Celeb-DF-v2,0.4,0.5,0.1,0.15,148,1,178,340,0.8314606741573034,0.0029411764705882353,0.83440185062789163
Celeb-DF-v2,0.4,0.5,0.1,0.2,127,3,178,340,0.7134831460674157,0.0088235294117647058,0.72230667547918037
Celeb-DF-v2,0.4,0.5,0.1,0.25,103,11,178,340,0.5786516853932584,0.032352941176470591,0.61100462656972898
Celeb-DF-v2,0.4,0.5,0.1,0.3,87,19,178,340,0.4887640449438202,0.055882352941176473,0.54464639788499669
Celeb-DF-v2,0.4,0.5,0.1,0.35,69,35,178,340,0.38764044943820225,0.10294117647058823,0.49058162590879051
Celeb-DF-v2,0.4,0.5,0.1,0.4,57,59,178,340,0.3202247191011236,0.17352941176470588,0.49375413086582948
Celeb-DF-v2,0.4,0.5,0.1,0.45,44,77,178,340,0.24719101123595505,0.22647058823529412,0.4736615994712492
Celeb-DF-v2,0.4,0.5,0.1,0.5,36,96,178,340,0.20224719101123595,0.28235294117647058,0.48460013218770653
Celeb-DF-v2,0.4,0.5,0.1,0.55,20,120,178,340,0.11235955056179775,0.35294117647058826,0.46530072703238601
Celeb-DF-v2,0.4,0.5,0.1,0.6,15,143,178,340,0.084269662921348312,0.42058823529411765,0.50485789821546601
Celeb-DF-v2,0.4,0.5,0.1,0.65,10,173,178,340,0.056179775280898875,0.50882352941176467,0.56500330469266358
Celeb-DF-v2,0.4,0.5,0.1,0.7,6,197,178,340,0.033707865168539325,0.5794117647058824,0.6131196298744217
Celeb-DF-v2,0.4,0.5,0.1,0.75,5,222,178,340,0.028089887640449437,0.65294117647058825,0.68103106411103764
Celeb-DF-v2,0.4,0.5,0.1,0.8,4,247,178,340,0.02247191011235955,0.72647058823529409,0.74894249834765358
Celeb-DF-v2,0.4,0.5,0.1,0.85,1,276,178,340,0.0056179775280898875,0.81176470588235294,0.81738268341044285
Celeb-DF-v2,0.4,0.5,0.1,0.9,0,304,178,340,0,0.89411764705882357,0.89411764705882357
Celeb-DF-v2,0.4,0.5,0.1,0.95,0,329,178,340,0,0.96764705882352942,0.96764705882352942
Celeb-DF-v2,0.4,0.5,0.1,1,0,340,178,340,0,1,1
Celeb-DF-v2,0.4,0.55,0.05,0,178,0,178,340,1,0,1
Celeb-DF-v2,0.4,0.55,0.05,0.05,171,0,178,340,0.9606741573033708,0,0.9606741573033708
Celeb-DF-v2,0.4,0.55,0.05,0.1,161,1,178,340,0.9044943820224719,0.0029411764705882353,0.90743555849306012
Celeb-DF-v2,0.4,0.55,0.05,0.15,145,1,178,340,0.8146067415730337,0.0029411764705882353,0.81754791804362192
Celeb-DF-v2,0.4,0.55,0.05,0.2,119,6,178,340,0.6685393258426966,0.017647058823529412,0.68618638466622606
Celeb-DF-v2,0.4,0.55,0.05,0.25,97,14,178,340,0.5449438202247191,0.041176470588235294,0.58612029081295436
Celeb-DF-v2,0.4,0.55,0.05,0.3,83,28,178,340,0.46629213483146065,0.082352941176470587,0.54864507600793122
Celeb-DF-v2,0.4,0.55,0.05,0.35,66,44,178,340,0.3707865168539326,0.12941176470588237,0.50019828155981494
Celeb-DF-v2,0.4,0.55,0.05,0.4,57,65,178,340,0.3202247191011236,0.19117647058823528,0.51140118968935888
Celeb-DF-v2,0.4,0.55,0.05,0.45,43,83,178,340,0.24157303370786518,0.24411764705882352,0.4856906807666887
Celeb-DF-v2,0.4,0.55,0.05,0.5,34,102,178,340,0.19101123595505617,0.29999999999999999,0.49101123595505614
Celeb-DF-v2,0.4,0.55,0.05,0.55,22,122,178,340,0.12359550561797752,0.35882352941176471,0.48241903502974226
Celeb-DF-v2,0.4,0.55,0.05,0.6,14,147,178,340,0.078651685393258425,0.43235294117647061,0.511004626569729
Celeb-DF-v2,0.4,0.55,0.05,0.65,10,178,178,340,0.056179775280898875,0.52352941176470591,0.57970918704560481
Celeb-DF-v2,0.4,0.55,0.05,0.7,8,202,178,340,0.0449438202247191,0.59411764705882353,0.63906146728354263
Celeb-DF-v2,0.4,0.55,0.05,0.75,5,221,178,340,0.028089887640449437,0.65000000000000002,0.67808988764044942
Celeb-DF-v2,0.4,0.55,0.05,0.8,4,247,178,340,0.02247191011235955,0.72647058823529409,0.74894249834765358
Celeb-DF-v2,0.4,0.55,0.05,0.85,3,272,178,340,0.016853932584269662,0.80000000000000004,0.81685393258426975
Celeb-DF-v2,0.4,0.55,0.05,0.9,1,298,178,340,0.0056179775280898875,0.87647058823529411,0.88208856576338401
Celeb-DF-v2,0.4,0.55,0.05,0.95,0,325,178,340,0,0.95588235294117652,0.95588235294117652
Celeb-DF-v2,0.4,0.55,0.05,1,0,340,178,340,0,1,1
Celeb-DF-v2,0.4,0.6,0,0,178,0,178,340,1,0,1
Celeb-DF-v2,0.4,0.6,0,0.05,168,0,178,340,0.9438202247191011,0,0.9438202247191011
Celeb-DF-v2,0.4,0.6,0,0.1,153,1,178,340,0.8595505617977528,0.0029411764705882353,0.86249173826834102
Celeb-DF-v2,0.4,0.6,0,0.15,140,3,178,340,0.7865168539325843,0.0088235294117647058,0.79534038334434898
Celeb-DF-v2,0.4,0.6,0,0.2,115,7,178,340,0.6460674157303371,0.020588235294117647,0.66665565102445479
Celeb-DF-v2,0.4,0.6,0,0.25,92,19,178,340,0.5168539325842697,0.055882352941176473,0.5727362855254462
Celeb-DF-v2,0.4,0.6,0,0.3,77,36,178,340,0.43258426966292135,0.10588235294117647,0.53846662260409783
Celeb-DF-v2,0.4,0.6,0,0.35,65,51,178,340,0.3651685393258427,0.14999999999999999,0.51516853932584272
Celeb-DF-v2,0.4,0.6,0,0.4,56,69,178,340,0.3146067415730337,0.20294117647058824,0.51754791804362199
Celeb-DF-v2,0.4,0.6,0,0.45,42,88,178,340,0.23595505617977527,0.25882352941176473,0.49477858559153998
Celeb-DF-v2,0.4,0.6,0,0.5,31,110,178,340,0.17415730337078653,0.3235294117647059,0.49768671513549245
Celeb-DF-v2,0.4,0.6,0,0.55,23,128,178,340,0.12921348314606743,0.37647058823529411,0.50568407138136151
Celeb-DF-v2,0.4,0.6,0,0.6,15,154,178,340,0.084269662921348312,0.45294117647058824,0.53721083939193659
Celeb-DF-v2,0.4,0.6,0,0.65,12,181,178,340,0.06741573033707865,0.53235294117647058,0.59976867151354929
Celeb-DF-v2,0.4,0.6,0,0.7,9,202,178,340,0.050561797752808987,0.59411764705882353,0.64467944481163253
Celeb-DF-v2,0.4,0.6,0,0.75,6,223,178,340,0.033707865168539325,0.65588235294117647,0.68959021810971577
Celeb-DF-v2,0.4,0.6,0,0.8,3,245,178,340,0.016853932584269662,0.72058823529411764,0.73744216787838734
Celeb-DF-v2,0.4,0.6,0,0.85,3,271,178,340,0.016853932584269662,0.79705882352941182,0.81391275611368152
Celeb-DF-v2,0.4,0.6,0,0.9,1,298,178,340,0.0056179775280898875,0.87647058823529411,0.88208856576338401
Celeb-DF-v2,0.4,0.6,0,0.95,0,322,178,340,0,0.94705882352941173,0.94705882352941173
Celeb-DF-v2,0.4,0.6,0,1,0,340,178,340,0,1,1
Celeb-DF-v2,0.45,0,0.55,0,178,0,178,340,1,0,1
Celeb-DF-v2,0.45,0,0.55,0.05,178,0,178,340,1,0,1
Celeb-DF-v2,0.45,0,0.55,0.1,175,0,178,340,0.9831460674157303,0,0.9831460674157303
Celeb-DF-v2,0.45,0,0.55,0.15,168,0,178,340,0.9438202247191011,0,0.9438202247191011
Celeb-DF-v2,0.45,0,0.55,0.2,157,0,178,340,0.8820224719101124,0,0.8820224719101124
Celeb-DF-v2,0.45,0,0.55,0.25,146,1,178,340,0.8202247191011236,0.0029411764705882353,0.82316589557171183
Celeb-DF-v2,0.45,0,0.55,0.3,124,3,178,340,0.6966292134831461,0.0088235294117647058,0.70545274289491078
Celeb-DF-v2,0.45,0,0.55,0.35,111,8,178,340,0.6235955056179775,0.023529411764705882,0.64712491738268341
Celeb-DF-v2,0.45,0,0.55,0.4,93,15,178,340,0.52247191011235961,0.044117647058823532,0.56658955717118309
Celeb-DF-v2,0.45,0,0.55,0.45,72,25,178,340,0.4044943820224719,0.073529411764705885,0.4780237937871778
Celeb-DF-v2,0.45,0,0.55,0.5,52,44,178,340,0.29213483146067415,0.12941176470588237,0.42154659616655654
Celeb-DF-v2,0.45,0,0.55,0.55,38,58,178,340,0.21348314606741572,0.17058823529411765,0.3840713813615334
Celeb-DF-v2,0.45,0,0.55,0.6,29,85,178,340,0.16292134831460675,0.25,0.41292134831460675
Celeb-DF-v2,0.45,0,0.55,0.65,20,112,178,340,0.11235955056179775,0.32941176470588235,0.4417713152676801
Celeb-DF-v2,0.45,0,0.55,0.7,8,145,178,340,0.0449438202247191,0.4264705882352941,0.4714144084600132
Celeb-DF-v2,0.45,0,0.55,0.75,4,183,178,340,0.02247191011235955,0.53823529411764703,0.56070720423000653
Celeb-DF-v2,0.45,0,0.55,0.8,2,223,178,340,0.011235955056179775,0.65588235294117647,0.66711830799735627
Celeb-DF-v2,0.45,0,0.55,0.85,0,266,178,340,0,0.78235294117647058,0.78235294117647058
Celeb-DF-v2,0.45,0,0.55,0.9,0,305,178,340,0,0.8970588235294118,0.8970588235294118
Celeb-DF-v2,0.45,0,0.55,0.95,0,328,178,340,0,0.96470588235294119,0.96470588235294119
Celeb-DF-v2,0.45,0,0.55,1,0,340,178,340,0,1,1
Celeb-DF-v2,0.45,0.05,0.5,0,178,0,178,340,1,0,1
Celeb-DF-v2,0.45,0.05,0.5,0.05,178,0,178,340,1,0,1
Celeb-DF-v2,0.45,0.05,0.5,0.1,174,0,178,340,0.97752808988764039,0,0.97752808988764039
Celeb-DF-v2,0.45,0.05,0.5,0.15,169,0,178,340,0.949438202247191,0,0.949438202247191
Celeb-DF-v2,0.45,0.05,0.5,0.2,158,0,178,340,0.88764044943820219,0,0.88764044943820219
Celeb-DF-v2,0.45,0.05,0.5,0.25,140,1,178,340,0.7865168539325843,0.0029411764705882353,0.78945803040317253
Celeb-DF-v2,0.45,0.05,0.5,0.3,120,2,178,340,0.6741573033707865,0.0058823529411764705,0.68003965631196295
Celeb-DF-v2,0.45,0.05,0.5,0.35,109,8,178,340,0.61235955056179781,0.023529411764705882,0.63588896232650371
Celeb-DF-v2,0.45,0.05,0.5,0.4,88,15,178,340,0.4943820224719101,0.044117647058823532,0.53849966953073358
Celeb-DF-v2,0.45,0.05,0.5,0.45,68,26,178,340,0.38202247191011235,0.076470588235294124,0.45849306014540647
Celeb-DF-v2,0.45,0.05,0.5,0.5,47,44,178,340,0.2640449438202247,0.12941176470588237,0.39345670852610704
Celeb-DF-v2,0.45,0.05,0.5,0.55,40,62,178,340,0.2247191011235955,0.18235294117647058,0.40707204230006611
Celeb-DF-v2,0.45,0.05,0.5,0.6,26,87,178,340,0.14606741573033707,0.25588235294117645,0.40194976867151355
Celeb-DF-v2,0.45,0.05,0.5,0.65,16,113,178,340,0.0898876404494382,0.33235294117647057,0.42224058162590877
Celeb-DF-v2,0.45,0.05,0.5,0.7,9,153,178,340,0.050561797752808987,0.45000000000000001,0.50056179775280896
Celeb-DF-v2,0.45,0.05,0.5,0.75,4,189,178,340,0.02247191011235955,0.55588235294117649,0.5783542630535361
Celeb-DF-v2,0.45,0.05,0.5,0.8,2,235,178,340,0.011235955056179775,0.69117647058823528,0.70241242564441508
Celeb-DF-v2,0.45,0.05,0.5,0.85,0,273,178,340,0,0.80294117647058827,0.80294117647058827
Celeb-DF-v2,0.45,0.05,0.5,0.9,0,305,178,340,0,0.8970588235294118,0.8970588235294118
Celeb-DF-v2,0.45,0.05,0.5,0.95,0,328,178,340,0,0.96470588235294119,0.96470588235294119
Celeb-DF-v2,0.45,0.05,0.5,1,0,340,178,340,0,1,1
Celeb-DF-v2,0.45,0.1,0.45,0,178,0,178,340,1,0,1
Celeb-DF-v2,0.45,0.1,0.45,0.05,178,0,178,340,1,0,1
Celeb-DF-v2,0.45,0.1,0.45,0.1,174,0,178,340,0.97752808988764039,0,0.97752808988764039
Celeb-DF-v2,0.45,0.1,0.45,0.15,168,0,178,340,0.9438202247191011,0,0.9438202247191011
Celeb-DF-v2,0.45,0.1,0.45,0.2,156,0,178,340,0.8764044943820225,0,0.8764044943820225
Celeb-DF-v2,0.45,0.1,0.45,0.25,138,0,178,340,0.7752808988764045,0,0.7752808988764045
Celeb-DF-v2,0.45,0.1,0.45,0.3,121,3,178,340,0.6797752808988764,0.0088235294117647058,0.68859881031064107
Celeb-DF-v2,0.45,0.1,0.45,0.35,101,9,178,340,0.56741573033707871,0.026470588235294117,0.59388631857237284
Celeb-DF-v2,0.45,0.1,0.45,0.4,88,16,178,340,0.4943820224719101,0.047058823529411764,0.54144084600132181
Celeb-DF-v2,0.45,0.1,0.45,0.45,64,30,178,340,0.3595505617977528,0.088235294117647065,0.44778585591539988
Celeb-DF-v2,0.45,0.1,0.45,0.5,44,46,178,340,0.24719101123595505,0.13529411764705881,0.38248512888301389
Celeb-DF-v2,0.45,0.1,0.45,0.55,36,67,178,340,0.20224719101123595,0.19705882352941176,0.39930601454064774
Celeb-DF-v2,0.45,0.1,0.45,0.6,21,97,178,340,0.11797752808988764,0.28529411764705881,0.40327164573694646
Celeb-DF-v2,0.45,0.1,0.45,0.65,13,125,178,340,0.073033707865168537,0.36764705882352944,0.44068076668869799
Celeb-DF-v2,0.45,0.1,0.45,0.7,7,163,178,340,0.039325842696629212,0.47941176470588237,0.51873760740251162
Celeb-DF-v2,0.45,0.1,0.45,0.75,4,197,178,340,0.02247191011235955,0.5794117647058824,0.6018836748182419
Celeb-DF-v2,0.45,0.1,0.45,0.8,1,240,178,340,0.0056179775280898875,0.70588235294117652,0.71150033046926642
Celeb-DF-v2,0.45,0.1,0.45,0.85,0,277,178,340,0,0.81470588235294117,0.81470588235294117
Celeb-DF-v2,0.45,0.1,0.45,0.9,0,305,178,340,0,0.8970588235294118,0.8970588235294118
Celeb-DF-v2,0.45,0.1,0.45,0.95,0,328,178,340,0,0.96470588235294119,0.96470588235294119
Celeb-DF-v2,0.45,0.1,0.45,1,0,340,178,340,0,1,1
Celeb-DF-v2,0.45,0.15,0.4,0,178,0,178,340,1,0,1
Celeb-DF-v2,0.45,0.15,0.4,0.05,178,0,178,340,1,0,1
Celeb-DF-v2,0.45,0.15,0.4,0.1,173,0,178,340,0.9719101123595506,0,0.9719101123595506
Celeb-DF-v2,0.45,0.15,0.4,0.15,168,0,178,340,0.9438202247191011,0,0.9438202247191011
Celeb-DF-v2,0.45,0.15,0.4,0.2,157,0,178,340,0.8820224719101124,0,0.8820224719101124
Celeb-DF-v2,0.45,0.15,0.4,0.25,135,0,178,340,0.7584269662921348,0,0.7584269662921348
Celeb-DF-v2,0.45,0.15,0.4,0.3,118,5,178,340,0.6629213483146067,0.014705882352941176,0.67762723066754782
Celeb-DF-v2,0.45,0.15,0.4,0.35,99,12,178,340,0.5561797752808989,0.035294117647058823,0.59147389292795771
Celeb-DF-v2,0.45,0.15,0.4,0.4,86,18,178,340,0.48314606741573035,0.052941176470588235,0.53608724388631857
Celeb-DF-v2,0.45,0.15,0.4,0.45,61,32,178,340,0.34269662921348315,0.094117647058823528,0.43681427627230668
Celeb-DF-v2,0.45,0.15,0.4,0.5,41,48,178,340,0.2303370786516854,0.14117647058823529,0.37151354923992069
Celeb-DF-v2,0.45,0.15,0.4,0.55,31,74,178,340,0.17415730337078653,0.21764705882352942,0.39180436219431591
Celeb-DF-v2,0.45,0.15,0.4,0.6,17,102,178,340,0.095505617977528087,0.29999999999999999,0.39550561797752809
Celeb-DF-v2,0.45,0.15,0.4,0.65,10,129,178,340,0.056179775280898875,0.37941176470588234,0.43559153998678124
Celeb-DF-v2,0.45,0.15,0.4,0.7,7,169,178,340,0.039325842696629212,0.49705882352941178,0.53638466622604097
Celeb-DF-v2,0.45,0.15,0.4,0.75,4,204,178,340,0.02247191011235955,0.59999999999999998,0.62247191011235947
Celeb-DF-v2,0.45,0.15,0.4,0.8,2,244,178,340,0.011235955056179775,0.71764705882352942,0.72888301387970922
Celeb-DF-v2,0.45,0.15,0.4,0.85,0,279,178,340,0,0.82058823529411762,0.82058823529411762
Celeb-DF-v2,0.45,0.15,0.4,0.9,0,307,178,340,0,0.90294117647058825,0.90294117647058825
Celeb-DF-v2,0.45,0.15,0.4,0.95,0,328,178,340,0,0.96470588235294119,0.96470588235294119
Celeb-DF-v2,0.45,0.15,0.4,1,0,340,178,340,0,1,1
Celeb-DF-v2,0.45,0.2,0.35,0,178,0,178,340,1,0,1
Celeb-DF-v2,0.45,0.2,0.35,0.05,177,0,178,340,0.9943820224719101,0,0.9943820224719101
Celeb-DF-v2,0.45,0.2,0.35,0.1,172,0,178,340,0.9662921348314607,0,0.9662921348314607
Celeb-DF-v2,0.45,0.2,0.35,0.15,167,0,178,340,0.9382022471910112,0,0.9382022471910112
Celeb-DF-v2,0.45,0.2,0.35,0.2,153,0,178,340,0.8595505617977528,0,0.8595505617977528
Celeb-DF-v2,0.45,0.2,0.35,0.25,132,0,178,340,0.7415730337078652,0,0.7415730337078652
Celeb-DF-v2,0.45,0.2,0.35,0.3,114,5,178,340,0.6404494382022472,0.014705882352941176,0.65515532055518833
Celeb-DF-v2,0.45,0.2,0.35,0.35,97,14,178,340,0.5449438202247191,0.041176470588235294,0.58612029081295436
Celeb-DF-v2,0.45,0.2,0.35,0.4,78,22,178,340,0.43820224719101125,0.064705882352941183,0.50290812954395248
Celeb-DF-v2,0.45,0.2,0.35,0.45,56,36,178,340,0.3146067415730337,0.10588235294117647,0.42048909451421018
Celeb-DF-v2,0.45,0.2,0.35,0.5,42,51,178,340,0.23595505617977527,0.14999999999999999,0.38595505617977527
Celeb-DF-v2,0.45,0.2,0.35,0.55,31,82,178,340,0.17415730337078653,0.2411764705882353,0.41533377395902182
Celeb-DF-v2,0.45,0.2,0.35,0.6,17,108,178,340,0.095505617977528087,0.31764705882352939,0.41315267680105749
Celeb-DF-v2,0.45,0.2,0.35,0.65,9,135,178,340,0.050561797752808987,0.39705882352941174,0.44762062128222074
Celeb-DF-v2,0.45,0.2,0.35,0.7,7,170,178,340,0.039325842696629212,0.5,0.5393258426966292
Celeb-DF-v2,0.45,0.2,0.35,0.75,4,210,178,340,0.02247191011235955,0.61764705882352944,0.64011896893588904
Celeb-DF-v2,0.45,0.2,0.35,0.8,3,251,178,340,0.016853932584269662,0.7382352941176471,0.7550892267019168
Celeb-DF-v2,0.45,0.2,0.35,0.85,0,278,178,340,0,0.81764705882352939,0.81764705882352939
Celeb-DF-v2,0.45,0.2,0.35,0.9,0,308,178,340,0,0.90588235294117647,0.90588235294117647
Celeb-DF-v2,0.45,0.2,0.35,0.95,0,328,178,340,0,0.96470588235294119,0.96470588235294119
Celeb-DF-v2,0.45,0.2,0.35,1,0,340,178,340,0,1,1
Celeb-DF-v2,0.45,0.25,0.3,0,178,0,178,340,1,0,1
Celeb-DF-v2,0.45,0.25,0.3,0.05,177,0,178,340,0.9943820224719101,0,0.9943820224719101
Celeb-DF-v2,0.45,0.25,0.3,0.1,172,0,178,340,0.9662921348314607,0,0.9662921348314607
Celeb-DF-v2,0.45,0.25,0.3,0.15,165,0,178,340,0.9269662921348315,0,0.9269662921348315
Celeb-DF-v2,0.45,0.25,0.3,0.2,148,0,178,340,0.8314606741573034,0,0.8314606741573034
Celeb-DF-v2,0.45,0.25,0.3,0.25,129,0,178,340,0.7247191011235955,0,0.7247191011235955
Celeb-DF-v2,0.45,0.25,0.3,0.3,110,6,178,340,0.6179775280898876,0.017647058823529412,0.63562458691341706
Celeb-DF-v2,0.45,0.25,0.3,0.35,94,13,178,340,0.5280898876404494,0.038235294117647062,0.56632518175809643
Celeb-DF-v2,0.45,0.25,0.3,0.4,73,24,178,340,0.4101123595505618,0.070588235294117646,0.48070059484467942
Celeb-DF-v2,0.45,0.25,0.3,0.45,54,37,178,340,0.30337078651685395,0.10882352941176471,0.41219431592861866
Celeb-DF-v2,0.45,0.25,0.3,0.5,41,66,178,340,0.2303370786516854,0.19411764705882353,0.42445472571050891
Celeb-DF-v2,0.45,0.25,0.3,0.55,28,89,178,340,0.15730337078651685,0.26176470588235295,0.4190680766688698
Celeb-DF-v2,0.45,0.25,0.3,0.6,16,114,178,340,0.0898876404494382,0.3352941176470588,0.425181758096497
Celeb-DF-v2,0.45,0.25,0.3,0.65,8,147,178,340,0.0449438202247191,0.43235294117647061,0.47729676140118971
Celeb-DF-v2,0.45,0.25,0.3,0.7,7,180,178,340,0.039325842696629212,0.52941176470588236,0.56873760740251156
Celeb-DF-v2,0.45,0.25,0.3,0.75,5,214,178,340,0.028089887640449437,0.62941176470588234,0.65750165234633173
Celeb-DF-v2,0.45,0.25,0.3,0.8,3,251,178,340,0.016853932584269662,0.7382352941176471,0.7550892267019168
Celeb-DF-v2,0.45,0.25,0.3,0.85,0,279,178,340,0,0.82058823529411762,0.82058823529411762
Celeb-DF-v2,0.45,0.25,0.3,0.9,0,308,178,340,0,0.90588235294117647,0.90588235294117647
Celeb-DF-v2,0.45,0.25,0.3,0.95,0,331,178,340,0,0.97352941176470587,0.97352941176470587
Celeb-DF-v2,0.45,0.25,0.3,1,0,340,178,340,0,1,1
Celeb-DF-v2,0.45,0.3,0.25,0,178,0,178,340,1,0,1
Celeb-DF-v2,0.45,0.3,0.25,0.05,177,0,178,340,0.9943820224719101,0,0.9943820224719101
Celeb-DF-v2,0.45,0.3,0.25,0.1,171,0,178,340,0.9606741573033708,0,0.9606741573033708
Celeb-DF-v2,0.45,0.3,0.25,0.15,164,0,178,340,0.9213483146067416,0,0.9213483146067416
Celeb-DF-v2,0.45,0.3,0.25,0.2,146,0,178,340,0.8202247191011236,0,0.8202247191011236
Celeb-DF-v2,0.45,0.3,0.25,0.25,126,2,178,340,0.7078651685393258,0.0058823529411764705,0.71374752148050224
Celeb-DF-v2,0.45,0.3,0.25,0.3,106,8,178,340,0.5955056179775281,0.023529411764705882,0.61903502974223401
Celeb-DF-v2,0.45,0.3,0.25,0.35,86,18,178,340,0.48314606741573035,0.052941176470588235,0.53608724388631857
Celeb-DF-v2,0.45,0.3,0.25,0.4,70,28,178,340,0.39325842696629215,0.082352941176470587,0.47561136814276272
Celeb-DF-v2,0.45,0.3,0.25,0.45,53,43,178,340,0.29775280898876405,0.12647058823529411,0.42422339722405816
Celeb-DF-v2,0.45,0.3,0.25,0.5,39,73,178,340,0.21910112359550563,0.21470588235294116,0.43380700594844679
Celeb-DF-v2,0.45,0.3,0.25,0.55,27,98,178,340,0.15168539325842698,0.28823529411764703,0.43992068737607404
Celeb-DF-v2,0.45,0.3,0.25,0.6,15,118,178,340,0.084269662921348312,0.34705882352941175,0.43132848645076005
Celeb-DF-v2,0.45,0.3,0.25,0.65,8,153,178,340,0.0449438202247191,0.45000000000000001,0.49494382022471911
Celeb-DF-v2,0.45,0.3,0.25,0.7,6,187,178,340,0.033707865168539325,0.55000000000000004,0.58370786516853934
Celeb-DF-v2,0.45,0.3,0.25,0.75,5,218,178,340,0.028089887640449437,0.64117647058823535,0.66926635822868474
Celeb-DF-v2,0.45,0.3,0.25,0.8,3,250,178,340,0.016853932584269662,0.73529411764705888,0.75214805023132858
Celeb-DF-v2,0.45,0.3,0.25,0.85,0,279,178,340,0,0.82058823529411762,0.82058823529411762
Celeb-DF-v2,0.45,0.3,0.25,0.9,0,306,178,340,0,0.90000000000000002,0.90000000000000002
Celeb-DF-v2,0.45,0.3,0.25,0.95,0,329,178,340,0,0.96764705882352942,0.96764705882352942
Celeb-DF-v2,0.45,0.3,0.25,1,0,340,178,340,0,1,1
Celeb-DF-v2,0.45,0.35,0.2,0,178,0,178,340,1,0,1
Celeb-DF-v2,0.45,0.35,0.2,0.05,175,0,178,340,0.9831460674157303,0,0.9831460674157303
Celeb-DF-v2,0.45,0.35,0.2,0.1,171,0,178,340,0.9606741573033708,0,0.9606741573033708
Celeb-DF-v2,0.45,0.35,0.2,0.15,158,0,178,340,0.88764044943820219,0,0.88764044943820219
Celeb-DF-v2,0.45,0.35,0.2,0.2,142,0,178,340,0.797752808988764,0,0.797752808988764
Celeb-DF-v2,0.45,0.35,0.2,0.25,122,3,178,340,0.6853932584269663,0.0088235294117647058,0.69421678783873098
Celeb-DF-v2,0.45,0.35,0.2,0.3,102,11,178,340,0.5730337078651685,0.032352941176470591,0.60538664904163908
Celeb-DF-v2,0.45,0.35,0.2,0.35,81,19,178,340,0.4550561797752809,0.055882352941176473,0.51093853271645739
Celeb-DF-v2,0.45,0.35,0.2,0.4,65,33,178,340,0.3651685393258427,0.097058823529411767,0.46222736285525445
Celeb-DF-v2,0.45,0.35,0.2,0.45,51,55,178,340,0.28651685393258425,0.16176470588235295,0.44828155981493722
Celeb-DF-v2,0.45,0.35,0.2,0.5,38,81,178,340,0.21348314606741572,0.23823529411764705,0.4517184401850628
Celeb-DF-v2,0.45,0.35,0.2,0.55,26,104,178,340,0.14606741573033707,0.30588235294117649,0.4519497686715136
Celeb-DF-v2,0.45,0.35,0.2,0.6,16,126,178,340,0.0898876404494382,0.37058823529411766,0.46047587574355586
Celeb-DF-v2,0.45,0.35,0.2,0.65,9,157,178,340,0.050561797752808987,0.46176470588235297,0.51232650363516197
Celeb-DF-v2,0.45,0.35,0.2,0.7,6,189,178,340,0.033707865168539325,0.55588235294117649,0.58959021810971579
Celeb-DF-v2,0.45,0.35,0.2,0.75,5,221,178,340,0.028089887640449437,0.65000000000000002,0.67808988764044942
Celeb-DF-v2,0.45,0.35,0.2,0.8,4,247,178,340,0.02247191011235955,0.72647058823529409,0.74894249834765358
Celeb-DF-v2,0.45,0.35,0.2,0.85,1,277,178,340,0.0056179775280898875,0.81470588235294117,0.82032385988103107
Celeb-DF-v2,0.45,0.35,0.2,0.9,0,304,178,340,0,0.89411764705882357,0.89411764705882357
Celeb-DF-v2,0.45,0.35,0.2,0.95,0,329,178,340,0,0.96764705882352942,0.96764705882352942
Celeb-DF-v2,0.45,0.35,0.2,1,0,340,178,340,0,1,1
Celeb-DF-v2,0.45,0.4,0.15,0,178,0,178,340,1,0,1
Celeb-DF-v2,0.45,0.4,0.15,0.05,175,0,178,340,0.9831460674157303,0,0.9831460674157303
Celeb-DF-v2,0.45,0.4,0.15,0.1,168,0,178,340,0.9438202247191011,0,0.9438202247191011
Celeb-DF-v2,0.45,0.4,0.15,0.15,156,0,178,340,0.8764044943820225,0,0.8764044943820225
Celeb-DF-v2,0.45,0.4,0.15,0.2,137,1,178,340,0.7696629213483146,0.0029411764705882353,0.77260409781890282
Celeb-DF-v2,0.45,0.4,0.15,0.25,117,4,178,340,0.65730337078651691,0.011764705882352941,0.6690680766688698
Celeb-DF-v2,0.45,0.4,0.15,0.3,97,15,178,340,0.5449438202247191,0.044117647058823532,0.58906146728354258
Celeb-DF-v2,0.45,0.4,0.15,0.35,79,24,178,340,0.4438202247191011,0.070588235294117646,0.51440846001321872
Celeb-DF-v2,0.45,0.4,0.15,0.4,61,42,178,340,0.34269662921348315,0.12352941176470589,0.46622604097818904
Celeb-DF-v2,0.45,0.4,0.15,0.45,49,67,178,340,0.2752808988764045,0.19705882352941176,0.47233972240581623
Celeb-DF-v2,0.45,0.4,0.15,0.5,37,86,178,340,0.20786516853932585,0.25294117647058822,0.46080634500991408
Celeb-DF-v2,0.45,0.4,0.15,0.55,25,108,178,340,0.1404494382022472,0.31764705882352939,0.45809649702577659
Celeb-DF-v2,0.45,0.4,0.15,0.6,16,133,178,340,0.0898876404494382,0.39117647058823529,0.48106411103767349
Celeb-DF-v2,0.45,0.4,0.15,0.65,9,163,178,340,0.050561797752808987,0.47941176470588237,0.52997356245869132
Celeb-DF-v2,0.45,0.4,0.15,0.7,6,192,178,340,0.033707865168539325,0.56470588235294117,0.59841374752148047
Celeb-DF-v2,0.45,0.4,0.15,0.75,5,222,178,340,0.028089887640449437,0.65294117647058825,0.68103106411103764
Celeb-DF-v2,0.45,0.4,0.15,0.8,4,245,178,340,0.02247191011235955,0.72058823529411764,0.74306014540647713
Celeb-DF-v2,0.45,0.4,0.15,0.85,1,275,178,340,0.0056179775280898875,0.80882352941176472,0.81444150693985462
Celeb-DF-v2,0.45,0.4,0.15,0.9,0,302,178,340,0,0.88823529411764701,0.88823529411764701
Celeb-DF-v2,0.45,0.4,0.15,0.95,0,328,178,340,0,0.96470588235294119,0.96470588235294119
Celeb-DF-v2,0.45,0.4,0.15,1,0,340,178,340,0,1,1
Celeb-DF-v2,0.45,0.45,0.1,0,178,0,178,340,1,0,1
Celeb-DF-v2,0.45,0.45,0.1,0.05,173,0,178,340,0.9719101123595506,0,0.9719101123595506
Celeb-DF-v2,0.45,0.45,0.1,0.1,166,0,178,340,0.93258426966292129,0,0.93258426966292129
Celeb-DF-v2,0.45,0.45,0.1,0.15,151,1,178,340,0.848314606741573,0.0029411764705882353,0.85125578321216122
Celeb-DF-v2,0.45,0.45,0.1,0.2,134,1,178,340,0.7528089887640449,0.0029411764705882353,0.75575016523463312
Celeb-DF-v2,0.45,0.45,0.1,0.25,112,8,178,340,0.6292134831460674,0.023529411764705882,0.65274289491077331
Celeb-DF-v2,0.45,0.45,0.1,0.3,91,18,178,340,0.5112359550561798,0.052941176470588235,0.56417713152676807
Celeb-DF-v2,0.45,0.45,0.1,0.35,70,32,178,340,0.39325842696629215,0.094117647058823528,0.48737607402511568
Celeb-DF-v2,0.45,0.45,0.1,0.4,57,48,178,340,0.3202247191011236,0.14117647058823529,0.46140118968935889
Celeb-DF-v2,0.45,0.45,0.1,0.45,48,74,178,340,0.2696629213483146,0.21764705882352942,0.48730998017184401
Celeb-DF-v2,0.45,0.45,0.1,0.5,37,90,178,340,0.20786516853932585,0.26470588235294118,0.47257105089226703
Celeb-DF-v2,0.45,0.45,0.1,0.55,24,116,178,340,0.1348314606741573,0.3411764705882353,0.4760079312623926
Celeb-DF-v2,0.45,0.45,0.1,0.6,16,137,178,340,0.0898876404494382,0.40294117647058825,0.49282881692002645
Celeb-DF-v2,0.45,0.45,0.1,0.65,10,166,178,340,0.056179775280898875,0.48823529411764705,0.54441506939854589
Celeb-DF-v2,0.45,0.45,0.1,0.7,6,195,178,340,0.033707865168539325,0.57352941176470584,0.60723727693324514
Celeb-DF-v2,0.45,0.45,0.1,0.75,5,219,178,340,0.028089887640449437,0.64411764705882357,0.67220753469927297
Celeb-DF-v2,0.45,0.45,0.1,0.8,4,246,178,340,0.02247191011235955,0.72352941176470587,0.74600132187706536
Celeb-DF-v2,0.45,0.45,0.1,0.85,2,275,178,340,0.011235955056179775,0.80882352941176472,0.82005948446794452
Celeb-DF-v2,0.45,0.45,0.1,0.9,0,302,178,340,0,0.88823529411764701,0.88823529411764701
Celeb-DF-v2,0.45,0.45,0.1,0.95,0,329,178,340,0,0.96764705882352942,0.96764705882352942
Celeb-DF-v2,0.45,0.45,0.1,1,0,340,178,340,0,1,1
Celeb-DF-v2,0.45,0.5,0.05,0,178,0,178,340,1,0,1
Celeb-DF-v2,0.45,0.5,0.05,0.05,173,0,178,340,0.9719101123595506,0,0.9719101123595506
Celeb-DF-v2,0.45,0.5,0.05,0.1,163,0,178,340,0.9157303370786517,0,0.9157303370786517
Celeb-DF-v2,0.45,0.5,0.05,0.15,148,1,178,340,0.8314606741573034,0.0029411764705882353,0.83440185062789163
Celeb-DF-v2,0.45,0.5,0.05,0.2,131,5,178,340,0.7359550561797753,0.014705882352941176,0.75066093853271643
Celeb-DF-v2,0.45,0.5,0.05,0.25,105,11,178,340,0.5898876404494382,0.032352941176470591,0.62224058162590878
Celeb-DF-v2,0.45,0.5,0.05,0.3,89,24,178,340,0.5,0.070588235294117646,0.57058823529411762
Celeb-DF-v2,0.45,0.5,0.05,0.35,70,37,178,340,0.39325842696629215,0.10882352941176471,0.50208195637805686
Celeb-DF-v2,0.45,0.5,0.05,0.4,58,57,178,340,0.3258426966292135,0.1676470588235294,0.49348975545274287
Celeb-DF-v2,0.45,0.5,0.05,0.45,46,78,178,340,0.25842696629213485,0.22941176470588234,0.48783873099801722
Celeb-DF-v2,0.45,0.5,0.05,0.5,37,99,178,340,0.20786516853932585,0.29117647058823531,0.49904163912756117
Celeb-DF-v2,0.45,0.5,0.05,0.55,26,119,178,340,0.14606741573033707,0.34999999999999998,0.49606741573033708
Celeb-DF-v2,0.45,0.5,0.05,0.6,17,143,178,340,0.095505617977528087,0.42058823529411765,0.5160938532716457
Celeb-DF-v2,0.45,0.5,0.05,0.65,11,174,178,340,0.061797752808988762,0.5117647058823529,0.5735624586913417
Celeb-DF-v2,0.45,0.5,0.05,0.7,7,199,178,340,0.039325842696629212,0.58529411764705885,0.62461996034368805
Celeb-DF-v2,0.45,0.5,0.05,0.75,5,221,178,340,0.028089887640449437,0.65000000000000002,0.67808988764044942
Celeb-DF-v2,0.45,0.5,0.05,0.8,4,247,178,340,0.02247191011235955,0.72647058823529409,0.74894249834765358
Celeb-DF-v2,0.45,0.5,0.05,0.85,2,273,178,340,0.011235955056179775,0.80294117647058827,0.81417713152676807
Celeb-DF-v2,0.45,0.5,0.05,0.9,1,298,178,340,0.0056179775280898875,0.87647058823529411,0.88208856576338401
Celeb-DF-v2,0.45,0.5,0.05,0.95,0,325,178,340,0,0.95588235294117652,0.95588235294117652
Celeb-DF-v2,0.45,0.5,0.05,1,0,340,178,340,0,1,1
Celeb-DF-v2,0.45,0.55,0,0,178,0,178,340,1,0,1
Celeb-DF-v2,0.45,0.55,0,0.05,170,0,178,340,0.9550561797752809,0,0.9550561797752809
Celeb-DF-v2,0.45,0.55,0,0.1,157,1,178,340,0.8820224719101124,0.0029411764705882353,0.88496364838070063
Celeb-DF-v2,0.45,0.55,0,0.15,144,3,178,340,0.8089887640449438,0.0088235294117647058,0.81781229345670847
Celeb-DF-v2,0.45,0.55,0,0.2,120,6,178,340,0.6741573033707865,0.017647058823529412,0.69180436219431596
Celeb-DF-v2,0.45,0.55,0,0.25,100,18,178,340,0.5617977528089888,0.052941176470588235,0.61473892927957707
Celeb-DF-v2,0.45,0.55,0,0.3,82,30,178,340,0.4606741573033708,0.088235294117647065,0.54890945142101788
Celeb-DF-v2,0.45,0.55,0,0.35,67,48,178,340,0.37640449438202245,0.14117647058823529,0.51758096497025774
Celeb-DF-v2,0.45,0.55,0,0.4,58,65,178,340,0.3258426966292135,0.19117647058823528,0.51701916721744878
Celeb-DF-v2,0.45,0.55,0,0.45,47,82,178,340,0.2640449438202247,0.2411764705882353,0.50522141440846002
Celeb-DF-v2,0.45,0.55,0,0.5,34,107,178,340,0.19101123595505617,0.31470588235294117,0.50571711830799737
Celeb-DF-v2,0.45,0.55,0,0.55,26,123,178,340,0.14606741573033707,0.36176470588235293,0.50783212161268998
Celeb-DF-v2,0.45,0.55,0,0.6,16,151,178,340,0.0898876404494382,0.44411764705882351,0.53400528750826171
Celeb-DF-v2,0.45,0.55,0,0.65,12,179,178,340,0.06741573033707865,0.52647058823529413,0.59388631857237284
Celeb-DF-v2,0.45,0.55,0,0.7,10,202,178,340,0.056179775280898875,0.59411764705882353,0.65029742233972243
Celeb-DF-v2,0.45,0.55,0,0.75,5,220,178,340,0.028089887640449437,0.6470588235294118,0.67514871116986119
Celeb-DF-v2,0.45,0.55,0,0.8,4,244,178,340,0.02247191011235955,0.71764705882352942,0.74011896893588891
Celeb-DF-v2,0.45,0.55,0,0.85,3,271,178,340,0.016853932584269662,0.79705882352941182,0.81391275611368152
Celeb-DF-v2,0.45,0.55,0,0.9,1,298,178,340,0.0056179775280898875,0.87647058823529411,0.88208856576338401
Celeb-DF-v2,0.45,0.55,0,0.95,0,323,178,340,0,0.94999999999999996,0.94999999999999996
Celeb-DF-v2,0.45,0.55,0,1,0,340,178,340,0,1,1
Celeb-DF-v2,0.5,0,0.5,0,178,0,178,340,1,0,1
Celeb-DF-v2,0.5,0,0.5,0.05,178,0,178,340,1,0,1
Celeb-DF-v2,0.5,0,0.5,0.1,174,0,178,340,0.97752808988764039,0,0.97752808988764039
Celeb-DF-v2,0.5,0,0.5,0.15,169,0,178,340,0.949438202247191,0,0.949438202247191
Celeb-DF-v2,0.5,0,0.5,0.2,160,0,178,340,0.898876404494382,0,0.898876404494382
Celeb-DF-v2,0.5,0,0.5,0.25,147,0,178,340,0.8258426966292135,0,0.8258426966292135
Celeb-DF-v2,0.5,0,0.5,0.3,122,2,178,340,0.6853932584269663,0.0058823529411764705,0.69127561136814275
Celeb-DF-v2,0.5,0,0.5,0.35,114,8,178,340,0.6404494382022472,0.023529411764705882,0.66397884996695311
Celeb-DF-v2,0.5,0,0.5,0.4,94,15,178,340,0.5280898876404494,0.044117647058823532,0.57220753469927288
Celeb-DF-v2,0.5,0,0.5,0.45,72,24,178,340,0.4044943820224719,0.070588235294117646,0.47508261731658952
Celeb-DF-v2,0.5,0,0.5,0.5,51,41,178,340,0.28651685393258425,0.12058823529411765,0.40710508922670191
Celeb-DF-v2,0.5,0,0.5,0.55,41,57,178,340,0.2303370786516854,0.1676470588235294,0.39798413747521477
Celeb-DF-v2,0.5,0,0.5,0.6,28,83,178,340,0.15730337078651685,0.24411764705882352,0.40142101784534034
Celeb-DF-v2,0.5,0,0.5,0.65,20,114,178,340,0.11235955056179775,0.3352941176470588,0.44765366820885655
Celeb-DF-v2,0.5,0,0.5,0.7,11,147,178,340,0.061797752808988762,0.43235294117647061,0.49415069398545935
Celeb-DF-v2,0.5,0,0.5,0.75,4,185,178,340,0.02247191011235955,0.54411764705882348,0.56658955717118298
Celeb-DF-v2,0.5,0,0.5,0.8,2,231,178,340,0.011235955056179775,0.67941176470588238,0.69064771976206218
Celeb-DF-v2,0.5,0,0.5,0.85,0,270,178,340,0,0.79411764705882348,0.79411764705882348
Celeb-DF-v2,0.5,0,0.5,0.9,0,305,178,340,0,0.8970588235294118,0.8970588235294118
Celeb-DF-v2,0.5,0,0.5,0.95,0,328,178,340,0,0.96470588235294119,0.96470588235294119
Celeb-DF-v2,0.5,0,0.5,1,0,340,178,340,0,1,1
Celeb-DF-v2,0.5,0.05,0.45,0,178,0,178,340,1,0,1
Celeb-DF-v2,0.5,0.05,0.45,0.05,178,0,178,340,1,0,1
Celeb-DF-v2,0.5,0.05,0.45,0.1,174,0,178,340,0.97752808988764039,0,0.97752808988764039
Celeb-DF-v2,0.5,0.05,0.45,0.15,168,0,178,340,0.9438202247191011,0,0.9438202247191011
Celeb-DF-v2,0.5,0.05,0.45,0.2,159,0,178,340,0.8932584269662921,0,0.8932584269662921
Celeb-DF-v2,0.5,0.05,0.45,0.25,142,0,178,340,0.797752808988764,0,0.797752808988764
Celeb-DF-v2,0.5,0.05,0.45,0.3,123,2,178,340,0.6910112359550562,0.0058823529411764705,0.69689358889623265
Celeb-DF-v2,0.5,0.05,0.45,0.35,106,7,178,340,0.5955056179775281,0.020588235294117647,0.61609385327164579
Celeb-DF-v2,0.5,0.05,0.45,0.4,92,16,178,340,0.5168539325842697,0.047058823529411764,0.56391275611368141
Celeb-DF-v2,0.5,0.05,0.45,0.45,72,25,178,340,0.4044943820224719,0.073529411764705885,0.4780237937871778
Celeb-DF-v2,0.5,0.05,0.45,0.5,46,44,178,340,0.25842696629213485,0.12941176470588237,0.38783873099801724
Celeb-DF-v2,0.5,0.05,0.45,0.55,38,64,178,340,0.21348314606741572,0.18823529411764706,0.40171844018506275
Celeb-DF-v2,0.5,0.05,0.45,0.6,25,91,178,340,0.1404494382022472,0.2676470588235294,0.40809649702577661
Celeb-DF-v2,0.5,0.05,0.45,0.65,17,119,178,340,0.095505617977528087,0.34999999999999998,0.44550561797752808
Celeb-DF-v2,0.5,0.05,0.45,0.7,8,156,178,340,0.0449438202247191,0.45882352941176469,0.50376734963648384
Celeb-DF-v2,0.5,0.05,0.45,0.75,4,194,178,340,0.02247191011235955,0.57058823529411762,0.59306014540647722
Celeb-DF-v2,0.5,0.05,0.45,0.8,2,237,178,340,0.011235955056179775,0.69705882352941173,0.70829477858559153
Celeb-DF-v2,0.5,0.05,0.45,0.85,0,274,178,340,0,0.80588235294117649,0.80588235294117649
Celeb-DF-v2,0.5,0.05,0.45,0.9,0,306,178,340,0,0.90000000000000002,0.90000000000000002
Celeb-DF-v2,0.5,0.05,0.45,0.95,0,328,178,340,0,0.96470588235294119,0.96470588235294119
Celeb-DF-v2,0.5,0.05,0.45,1,0,340,178,340,0,1,1
Celeb-DF-v2,0.5,0.1,0.4,0,178,0,178,340,1,0,1
Celeb-DF-v2,0.5,0.1,0.4,0.05,178,0,178,340,1,0,1
Celeb-DF-v2,0.5,0.1,0.4,0.1,174,0,178,340,0.97752808988764039,0,0.97752808988764039
Celeb-DF-v2,0.5,0.1,0.4,0.15,168,0,178,340,0.9438202247191011,0,0.9438202247191011
Celeb-DF-v2,0.5,0.1,0.4,0.2,159,0,178,340,0.8932584269662921,0,0.8932584269662921
Celeb-DF-v2,0.5,0.1,0.4,0.25,140,0,178,340,0.7865168539325843,0,0.7865168539325843
Celeb-DF-v2,0.5,0.1,0.4,0.3,120,2,178,340,0.6741573033707865,0.0058823529411764705,0.68003965631196295
Celeb-DF-v2,0.5,0.1,0.4,0.35,105,8,178,340,0.5898876404494382,0.023529411764705882,0.61341705221414411
Celeb-DF-v2,0.5,0.1,0.4,0.4,90,17,178,340,0.5056179775280899,0.050000000000000003,0.55561797752808995
Celeb-DF-v2,0.5,0.1,0.4,0.45,67,30,178,340,0.37640449438202245,0.088235294117647065,0.46463978849966953
Celeb-DF-v2,0.5,0.1,0.4,0.5,45,45,178,340,0.25280898876404495,0.13235294117647059,0.38516192994051557
Celeb-DF-v2,0.5,0.1,0.4,0.55,34,68,178,340,0.19101123595505617,0.20000000000000001,0.39101123595505616
Celeb-DF-v2,0.5,0.1,0.4,0.6,20,93,178,340,0.11235955056179775,0.27352941176470591,0.38588896232650366
Celeb-DF-v2,0.5,0.1,0.4,0.65,12,125,178,340,0.06741573033707865,0.36764705882352944,0.43506278916060809
Celeb-DF-v2,0.5,0.1,0.4,0.7,7,160,178,340,0.039325842696629212,0.47058823529411764,0.50991407799074684
Celeb-DF-v2,0.5,0.1,0.4,0.75,4,198,178,340,0.02247191011235955,0.58235294117647063,0.60482485128883012
Celeb-DF-v2,0.5,0.1,0.4,0.8,2,242,178,340,0.011235955056179775,0.71176470588235297,0.72300066093853277
Celeb-DF-v2,0.5,0.1,0.4,0.85,0,279,178,340,0,0.82058823529411762,0.82058823529411762
Celeb-DF-v2,0.5,0.1,0.4,0.9,0,307,178,340,0,0.90294117647058825,0.90294117647058825
Celeb-DF-v2,0.5,0.1,0.4,0.95,0,328,178,340,0,0.96470588235294119,0.96470588235294119
Celeb-DF-v2,0.5,0.1,0.4,1,0,340,178,340,0,1,1
Celeb-DF-v2,0.5,0.15,0.35,0,178,0,178,340,1,0,1
Celeb-DF-v2,0.5,0.15,0.35,0.05,178,0,178,340,1,0,1
Celeb-DF-v2,0.5,0.15,0.35,0.1,172,0,178,340,0.9662921348314607,0,0.9662921348314607
Celeb-DF-v2,0.5,0.15,0.35,0.15,168,0,178,340,0.9438202247191011,0,0.9438202247191011
Celeb-DF-v2,0.5,0.15,0.35,0.2,157,0,178,340,0.8820224719101124,0,0.8820224719101124
Celeb-DF-v2,0.5,0.15,0.35,0.25,136,0,178,340,0.7640449438202247,0,0.7640449438202247
Celeb-DF-v2,0.5,0.15,0.35,0.3,116,3,178,340,0.651685393258427,0.0088235294117647058,0.66050892267019168
Celeb-DF-v2,0.5,0.15,0.35,0.35,102,13,178,340,0.5730337078651685,0.038235294117647062,0.61126900198281553
Celeb-DF-v2,0.5,0.15,0.35,0.4,83,18,178,340,0.46629213483146065,0.052941176470588235,0.51923331130204886
Celeb-DF-v2,0.5,0.15,0.35,0.45,64,32,178,340,0.3595505617977528,0.094117647058823528,0.45366820885657633
Celeb-DF-v2,0.5,0.15,0.35,0.5,44,47,178,340,0.24719101123595505,0.13823529411764707,0.38542630535360212
Celeb-DF-v2,0.5,0.15,0.35,0.55,30,79,178,340,0.16853932584269662,0.2323529411764706,0.40089226701916725
Celeb-DF-v2,0.5,0.15,0.35,0.6,20,102,178,340,0.11235955056179775,0.29999999999999999,0.41235955056179774
Celeb-DF-v2,0.5,0.15,0.35,0.65,10,131,178,340,0.056179775280898875,0.38529411764705884,0.44147389292795769
Celeb-DF-v2,0.5,0.15,0.35,0.7,7,169,178,340,0.039325842696629212,0.49705882352941178,0.53638466622604097
Celeb-DF-v2,0.5,0.15,0.35,0.75,5,208,178,340,0.028089887640449437,0.61176470588235299,0.63985459352280238
Celeb-DF-v2,0.5,0.15,0.35,0.8,3,246,178,340,0.016853932584269662,0.72352941176470587,0.74038334434897557
Celeb-DF-v2,0.5,0.15,0.35,0.85,0,280,178,340,0,0.82352941176470584,0.82352941176470584
Celeb-DF-v2,0.5,0.15,0.35,0.9,0,307,178,340,0,0.90294117647058825,0.90294117647058825
Celeb-DF-v2,0.5,0.15,0.35,0.95,0,328,178,340,0,0.96470588235294119,0.96470588235294119
Celeb-DF-v2,0.5,0.15,0.35,1,0,340,178,340,0,1,1
Celeb-DF-v2,0.5,0.2,0.3,0,178,0,178,340,1,0,1
Celeb-DF-v2,0.5,0.2,0.3,0.05,177,0,178,340,0.9943820224719101,0,0.9943820224719101
Celeb-DF-v2,0.5,0.2,0.3,0.1,172,0,178,340,0.9662921348314607,0,0.9662921348314607
Celeb-DF-v2,0.5,0.2,0.3,0.15,166,0,178,340,0.93258426966292129,0,0.93258426966292129
Celeb-DF-v2,0.5,0.2,0.3,0.2,153,0,178,340,0.8595505617977528,0,0.8595505617977528
Celeb-DF-v2,0.5,0.2,0.3,0.25,134,0,178,340,0.7528089887640449,0,0.7528089887640449
Celeb-DF-v2,0.5,0.2,0.3,0.3,112,4,178,340,0.6292134831460674,0.011764705882352941,0.6409781890284203
Celeb-DF-v2,0.5,0.2,0.3,0.35,98,12,178,340,0.550561797752809,0.035294117647058823,0.58585591539986781
Celeb-DF-v2,0.5,0.2,0.3,0.4,78,23,178,340,0.43820224719101125,0.067647058823529407,0.5058493060145407
Celeb-DF-v2,0.5,0.2,0.3,0.45,58,35,178,340,0.3258426966292135,0.10294117647058823,0.4287838730998017
Celeb-DF-v2,0.5,0.2,0.3,0.5,41,57,178,340,0.2303370786516854,0.1676470588235294,0.39798413747521477
Celeb-DF-v2,0.5,0.2,0.3,0.55,31,82,178,340,0.17415730337078653,0.2411764705882353,0.41533377395902182
Celeb-DF-v2,0.5,0.2,0.3,0.6,19,109,178,340,0.10674157303370786,0.32058823529411767,0.42732980832782552
Celeb-DF-v2,0.5,0.2,0.3,0.65,10,141,178,340,0.056179775280898875,0.4147058823529412,0.47088565763384005
Celeb-DF-v2,0.5,0.2,0.3,0.7,7,174,178,340,0.039325842696629212,0.5117647058823529,0.5510905485789821
Celeb-DF-v2,0.5,0.2,0.3,0.75,4,211,178,340,0.02247191011235955,0.62058823529411766,0.64306014540647727
Celeb-DF-v2,0.5,0.2,0.3,0.8,3,250,178,340,0.016853932584269662,0.73529411764705888,0.75214805023132858
Celeb-DF-v2,0.5,0.2,0.3,0.85,0,282,178,340,0,0.8294117647058824,0.8294117647058824
Celeb-DF-v2,0.5,0.2,0.3,0.9,0,308,178,340,0,0.90588235294117647,0.90588235294117647
Celeb-DF-v2,0.5,0.2,0.3,0.95,0,331,178,340,0,0.97352941176470587,0.97352941176470587
Celeb-DF-v2,0.5,0.2,0.3,1,0,340,178,340,0,1,1
Celeb-DF-v2,0.5,0.25,0.25,0,178,0,178,340,1,0,1
Celeb-DF-v2,0.5,0.25,0.25,0.05,177,0,178,340,0.9943820224719101,0,0.9943820224719101
Celeb-DF-v2,0.5,0.25,0.25,0.1,172,0,178,340,0.9662921348314607,0,0.9662921348314607
Celeb-DF-v2,0.5,0.25,0.25,0.15,165,0,178,340,0.9269662921348315,0,0.9269662921348315
Celeb-DF-v2,0.5,0.25,0.25,0.2,151,0,178,340,0.848314606741573,0,0.848314606741573
Celeb-DF-v2,0.5,0.25,0.25,0.25,129,0,178,340,0.7247191011235955,0,0.7247191011235955
Celeb-DF-v2,0.5,0.25,0.25,0.3,109,8,178,340,0.61235955056179781,0.023529411764705882,0.63588896232650371
Celeb-DF-v2,0.5,0.25,0.25,0.35,95,14,178,340,0.5337078651685393,0.041176470588235294,0.57488433575677456
Celeb-DF-v2,0.5,0.25,0.25,0.4,74,24,178,340,0.4157303370786517,0.070588235294117646,0.48631857237276932
Celeb-DF-v2,0.5,0.25,0.25,0.45,56,39,178,340,0.3146067415730337,0.11470588235294117,0.42931262392597486
Celeb-DF-v2,0.5,0.25,0.25,0.5,42,67,178,340,0.23595505617977527,0.19705882352941176,0.43301387970918703
Celeb-DF-v2,0.5,0.25,0.25,0.55,29,90,178,340,0.16292134831460675,0.26470588235294118,0.42762723066754793
Celeb-DF-v2,0.5,0.25,0.25,0.6,16,113,178,340,0.0898876404494382,0.33235294117647057,0.42224058162590877
Celeb-DF-v2,0.5,0.25,0.25,0.65,8,146,178,340,0.0449438202247191,0.42941176470588233,0.47435558493060143
Celeb-DF-v2,0.5,0.25,0.25,0.7,7,183,178,340,0.039325842696629212,0.53823529411764703,0.57756113681427623
Celeb-DF-v2,0.5,0.25,0.25,0.75,4,215,178,340,0.02247191011235955,0.63235294117647056,0.65482485128883017
Celeb-DF-v2,0.5,0.25,0.25,0.8,3,249,178,340,0.016853932584269662,0.73235294117647054,0.74920687376074024
Celeb-DF-v2,0.5,0.25,0.25,0.85,0,280,178,340,0,0.82352941176470584,0.82352941176470584
Celeb-DF-v2,0.5,0.25,0.25,0.9,0,307,178,340,0,0.90294117647058825,0.90294117647058825
Celeb-DF-v2,0.5,0.25,0.25,0.95,0,331,178,340,0,0.97352941176470587,0.97352941176470587
Celeb-DF-v2,0.5,0.25,0.25,1,0,340,178,340,0,1,1
Celeb-DF-v2,0.5,0.3,0.2,0,178,0,178,340,1,0,1
Celeb-DF-v2,0.5,0.3,0.2,0.05,176,0,178,340,0.9887640449438202,0,0.9887640449438202
Celeb-DF-v2,0.5,0.3,0.2,0.1,171,0,178,340,0.9606741573033708,0,0.9606741573033708
Celeb-DF-v2,0.5,0.3,0.2,0.15,163,0,178,340,0.9157303370786517,0,0.9157303370786517
Celeb-DF-v2,0.5,0.3,0.2,0.2,147,0,178,340,0.8258426966292135,0,0.8258426966292135
Celeb-DF-v2,0.5,0.3,0.2,0.25,128,1,178,340,0.7191011235955056,0.0029411764705882353,0.72204230006609382
Celeb-DF-v2,0.5,0.3,0.2,0.3,106,9,178,340,0.5955056179775281,0.026470588235294117,0.62197620621282224
Celeb-DF-v2,0.5,0.3,0.2,0.35,88,18,178,340,0.4943820224719101,0.052941176470588235,0.54732319894249837
Celeb-DF-v2,0.5,0.3,0.2,0.4,72,27,178,340,0.4044943820224719,0.079411764705882348,0.48390614672835425
Celeb-DF-v2,0.5,0.3,0.2,0.45,53,51,178,340,0.29775280898876405,0.14999999999999999,0.44775280898876402
Celeb-DF-v2,0.5,0.3,0.2,0.5,40,77,178,340,0.2247191011235955,0.22647058823529412,0.45118968935888959
Celeb-DF-v2,0.5,0.3,0.2,0.55,28,97,178,340,0.15730337078651685,0.28529411764705881,0.44259748843357566
Celeb-DF-v2,0.5,0.3,0.2,0.6,17,121,178,340,0.095505617977528087,0.35588235294117648,0.45138797091870458
Celeb-DF-v2,0.5,0.3,0.2,0.65,9,151,178,340,0.050561797752808987,0.44411764705882351,0.49467944481163251
Celeb-DF-v2,0.5,0.3,0.2,0.7,6,184,178,340,0.033707865168539325,0.54117647058823526,0.57488433575677456
Celeb-DF-v2,0.5,0.3,0.2,0.75,5,217,178,340,0.028089887640449437,0.63823529411764701,0.66632518175809641
Celeb-DF-v2,0.5,0.3,0.2,0.8,3,246,178,340,0.016853932584269662,0.72352941176470587,0.74038334434897557
Celeb-DF-v2,0.5,0.3,0.2,0.85,1,275,178,340,0.0056179775280898875,0.80882352941176472,0.81444150693985462
Celeb-DF-v2,0.5,0.3,0.2,0.9,0,304,178,340,0,0.89411764705882357,0.89411764705882357
Celeb-DF-v2,0.5,0.3,0.2,0.95,0,330,178,340,0,0.97058823529411764,0.97058823529411764
Celeb-DF-v2,0.5,0.3,0.2,1,0,340,178,340,0,1,1
Celeb-DF-v2,0.5,0.35,0.15,0,178,0,178,340,1,0,1
Celeb-DF-v2,0.5,0.35,0.15,0.05,175,0,178,340,0.9831460674157303,0,0.9831460674157303
Celeb-DF-v2,0.5,0.35,0.15,0.1,170,0,178,340,0.9550561797752809,0,0.9550561797752809
Celeb-DF-v2,0.5,0.35,0.15,0.15,158,0,178,340,0.88764044943820219,0,0.88764044943820219
Celeb-DF-v2,0.5,0.35,0.15,0.2,142,1,178,340,0.797752808988764,0.0029411764705882353,0.80069398545935222
Celeb-DF-v2,0.5,0.35,0.15,0.25,124,3,178,340,0.6966292134831461,0.0088235294117647058,0.70545274289491078
Celeb-DF-v2,0.5,0.35,0.15,0.3,102,13,178,340,0.5730337078651685,0.038235294117647062,0.61126900198281553
Celeb-DF-v2,0.5,0.35,0.15,0.35,87,22,178,340,0.4887640449438202,0.064705882352941183,0.55346992729676137
Celeb-DF-v2,0.5,0.35,0.15,0.4,65,38,178,340,0.3651685393258427,0.11176470588235295,0.47693324520819563
Celeb-DF-v2,0.5,0.35,0.15,0.45,51,62,178,340,0.28651685393258425,0.18235294117647058,0.4688697951090548
Celeb-DF-v2,0.5,0.35,0.15,0.5,38,84,178,340,0.21348314606741572,0.24705882352941178,0.46054196959682747
Celeb-DF-v2,0.5,0.35,0.15,0.55,28,105,178,340,0.15730337078651685,0.30882352941176472,0.46612690019828157
Celeb-DF-v2,0.5,0.35,0.15,0.6,17,127,178,340,0.095505617977528087,0.37352941176470589,0.46903502974223399
Celeb-DF-v2,0.5,0.35,0.15,0.65,10,161,178,340,0.056179775280898875,0.47352941176470587,0.52970918704560477
Celeb-DF-v2,0.5,0.35,0.15,0.7,6,188,178,340,0.033707865168539325,0.55294117647058827,0.58664904163912757
Celeb-DF-v2,0.5,0.35,0.15,0.75,5,221,178,340,0.028089887640449437,0.65000000000000002,0.67808988764044942
Celeb-DF-v2,0.5,0.35,0.15,0.8,4,245,178,340,0.02247191011235955,0.72058823529411764,0.74306014540647713
Celeb-DF-v2,0.5,0.35,0.15,0.85,1,275,178,340,0.0056179775280898875,0.80882352941176472,0.81444150693985462
Celeb-DF-v2,0.5,0.35,0.15,0.9,0,301,178,340,0,0.88529411764705879,0.88529411764705879
Celeb-DF-v2,0.5,0.35,0.15,0.95,0,330,178,340,0,0.97058823529411764,0.97058823529411764
Celeb-DF-v2,0.5,0.35,0.15,1,0,340,178,340,0,1,1
Celeb-DF-v2,0.5,0.4,0.1,0,178,0,178,340,1,0,1
Celeb-DF-v2,0.5,0.4,0.1,0.05,173,0,178,340,0.9719101123595506,0,0.9719101123595506
Celeb-DF-v2,0.5,0.4,0.1,0.1,167,0,178,340,0.9382022471910112,0,0.9382022471910112
Celeb-DF-v2,0.5,0.4,0.1,0.15,154,1,178,340,0.8651685393258427,0.0029411764705882353,0.86810971579643093
Celeb-DF-v2,0.5,0.4,0.1,0.2,140,1,178,340,0.7865168539325843,0.0029411764705882353,0.78945803040317253
Celeb-DF-v2,0.5,0.4,0.1,0.25,119,7,178,340,0.6685393258426966,0.020588235294117647,0.68912756113681428
Celeb-DF-v2,0.5,0.4,0.1,0.3,95,15,178,340,0.5337078651685393,0.044117647058823532,0.57782551222736278
Celeb-DF-v2,0.5,0.4,0.1,0.35,81,26,178,340,0.4550561797752809,0.076470588235294124,0.53152676801057508
Celeb-DF-v2,0.5,0.4,0.1,0.4,63,45,178,340,0.3539325842696629,0.13235294117647059,0.48628552544613346
Celeb-DF-v2,0.5,0.4,0.1,0.45,51,69,178,340,0.28651685393258425,0.20294117647058824,0.48945803040317248
Celeb-DF-v2,0.5,0.4,0.1,0.5,38,87,178,340,0.21348314606741572,0.25588235294117645,0.46936549900859215
Celeb-DF-v2,0.5,0.4,0.1,0.55,30,109,178,340,0.16853932584269662,0.32058823529411767,0.48912756113681433
Celeb-DF-v2,0.5,0.4,0.1,0.6,18,131,178,340,0.10112359550561797,0.38529411764705884,0.48641771315267679
Celeb-DF-v2,0.5,0.4,0.1,0.65,10,163,178,340,0.056179775280898875,0.47941176470588237,0.53559153998678122
Celeb-DF-v2,0.5,0.4,0.1,0.7,6,192,178,340,0.033707865168539325,0.56470588235294117,0.59841374752148047
Celeb-DF-v2,0.5,0.4,0.1,0.75,5,221,178,340,0.028089887640449437,0.65000000000000002,0.67808988764044942
Celeb-DF-v2,0.5,0.4,0.1,0.8,4,246,178,340,0.02247191011235955,0.72352941176470587,0.74600132187706536
Celeb-DF-v2,0.5,0.4,0.1,0.85,2,275,178,340,0.011235955056179775,0.80882352941176472,0.82005948446794452
Celeb-DF-v2,0.5,0.4,0.1,0.9,0,302,178,340,0,0.88823529411764701,0.88823529411764701
Celeb-DF-v2,0.5,0.4,0.1,0.95,0,329,178,340,0,0.96764705882352942,0.96764705882352942
Celeb-DF-v2,0.5,0.4,0.1,1,0,340,178,340,0,1,1
Celeb-DF-v2,0.5,0.45,0.05,0,178,0,178,340,1,0,1
Celeb-DF-v2,0.5,0.45,0.05,0.05,173,0,178,340,0.9719101123595506,0,0.9719101123595506
Celeb-DF-v2,0.5,0.45,0.05,0.1,164,0,178,340,0.9213483146067416,0,0.9213483146067416
Celeb-DF-v2,0.5,0.45,0.05,0.15,151,1,178,340,0.848314606741573,0.0029411764705882353,0.85125578321216122
Celeb-DF-v2,0.5,0.45,0.05,0.2,137,3,178,340,0.7696629213483146,0.0088235294117647058,0.77848645076007927
Celeb-DF-v2,0.5,0.45,0.05,0.25,113,8,178,340,0.6348314606741573,0.023529411764705882,0.65836087243886321
Celeb-DF-v2,0.5,0.45,0.05,0.3,91,20,178,340,0.5112359550561798,0.058823529411764705,0.57005948446794452
Celeb-DF-v2,0.5,0.45,0.05,0.35,74,35,178,340,0.4157303370786517,0.10294117647058823,0.5186715135492399
Celeb-DF-v2,0.5,0.45,0.05,0.4,61,54,178,340,0.34269662921348315,0.1588235294117647,0.50152015862524779
Celeb-DF-v2,0.5,0.45,0.05,0.45,50,73,178,340,0.2808988764044944,0.21470588235294116,0.49560475875743559
Celeb-DF-v2,0.5,0.45,0.05,0.5,37,92,178,340,0.20786516853932585,0.27058823529411763,0.47845340383344348
Celeb-DF-v2,0.5,0.45,0.05,0.55,26,116,178,340,0.14606741573033707,0.3411764705882353,0.48724388631857241
Celeb-DF-v2,0.5,0.45,0.05,0.6,17,138,178,340,0.095505617977528087,0.40588235294117647,0.50138797091870457
Celeb-DF-v2,0.5,0.45,0.05,0.65,11,167,178,340,0.061797752808988762,0.49117647058823527,0.55297422339722402
Celeb-DF-v2,0.5,0.45,0.05,0.7,7,197,178,340,0.039325842696629212,0.5794117647058824,0.6187376074025116
Celeb-DF-v2,0.5,0.45,0.05,0.75,5,222,178,340,0.028089887640449437,0.65294117647058825,0.68103106411103764
Celeb-DF-v2,0.5,0.45,0.05,0.8,4,247,178,340,0.02247191011235955,0.72647058823529409,0.74894249834765358
Celeb-DF-v2,0.5,0.45,0.05,0.85,2,273,178,340,0.011235955056179775,0.80294117647058827,0.81417713152676807
Celeb-DF-v2,0.5,0.45,0.05,0.9,1,298,178,340,0.0056179775280898875,0.87647058823529411,0.88208856576338401
Celeb-DF-v2,0.5,0.45,0.05,0.95,0,326,178,340,0,0.95882352941176474,0.95882352941176474
Celeb-DF-v2,0.5,0.45,0.05,1,0,340,178,340,0,1,1
Celeb-DF-v2,0.5,0.5,0,0,178,0,178,340,1,0,1
Celeb-DF-v2,0.5,0.5,0,0.05,170,0,178,340,0.9550561797752809,0,0.9550561797752809
Celeb-DF-v2,0.5,0.5,0,0.1,159,1,178,340,0.8932584269662921,0.0029411764705882353,0.89619960343688032
Celeb-DF-v2,0.5,0.5,0,0.15,146,1,178,340,0.8202247191011236,0.0029411764705882353,0.82316589557171183
Celeb-DF-v2,0.5,0.5,0,0.2,134,6,178,340,0.7528089887640449,0.017647058823529412,0.77045604758757436
Celeb-DF-v2,0.5,0.5,0,0.25,106,12,178,340,0.5955056179775281,0.035294117647058823,0.63079973562458691
Celeb-DF-v2,0.5,0.5,0,0.3,88,27,178,340,0.4943820224719101,0.079411764705882348,0.5737937871777925
Celeb-DF-v2,0.5,0.5,0,0.35,73,41,178,340,0.4101123595505618,0.12058823529411765,0.53070059484467946
Celeb-DF-v2,0.5,0.5,0,0.4,61,63,178,340,0.34269662921348315,0.18529411764705883,0.52799074686054204
Celeb-DF-v2,0.5,0.5,0,0.45,48,81,178,340,0.2696629213483146,0.23823529411764705,0.5078982154659617
Celeb-DF-v2,0.5,0.5,0,0.5,36,98,178,340,0.20224719101123595,0.28823529411764703,0.49048248512888298
Celeb-DF-v2,0.5,0.5,0,0.55,27,121,178,340,0.15168539325842698,0.35588235294117648,0.50756774619960343
Celeb-DF-v2,0.5,0.5,0,0.6,16,147,178,340,0.0898876404494382,0.43235294117647061,0.52224058162590881
Celeb-DF-v2,0.5,0.5,0,0.65,13,175,178,340,0.073033707865168537,0.51470588235294112,0.58773959021810962
Celeb-DF-v2,0.5,0.5,0,0.7,10,202,178,340,0.056179775280898875,0.59411764705882353,0.65029742233972243
Celeb-DF-v2,0.5,0.5,0,0.75,5,220,178,340,0.028089887640449437,0.6470588235294118,0.67514871116986119
Celeb-DF-v2,0.5,0.5,0,0.8,4,243,178,340,0.02247191011235955,0.71470588235294119,0.73717779246530069
Celeb-DF-v2,0.5,0.5,0,0.85,3,273,178,340,0.016853932584269662,0.80294117647058827,0.81979510905485797
Celeb-DF-v2,0.5,0.5,0,0.9,1,298,178,340,0.0056179775280898875,0.87647058823529411,0.88208856576338401
Celeb-DF-v2,0.5,0.5,0,0.95,0,324,178,340,0,0.95294117647058818,0.95294117647058818
Celeb-DF-v2,0.5,0.5,0,1,0,340,178,340,0,1,1
Celeb-DF-v2,0.55,0,0.45,0,178,0,178,340,1,0,1
Celeb-DF-v2,0.55,0,0.45,0.05,178,0,178,340,1,0,1
Celeb-DF-v2,0.55,0,0.45,0.1,174,0,178,340,0.97752808988764039,0,0.97752808988764039
Celeb-DF-v2,0.55,0,0.45,0.15,168,0,178,340,0.9438202247191011,0,0.9438202247191011
Celeb-DF-v2,0.55,0,0.45,0.2,161,0,178,340,0.9044943820224719,0,0.9044943820224719
Celeb-DF-v2,0.55,0,0.45,0.25,146,0,178,340,0.8202247191011236,0,0.8202247191011236
Celeb-DF-v2,0.55,0,0.45,0.3,129,2,178,340,0.7247191011235955,0.0058823529411764705,0.73060145406477195
Celeb-DF-v2,0.55,0,0.45,0.35,111,7,178,340,0.6235955056179775,0.020588235294117647,0.64418374091209518
Celeb-DF-v2,0.55,0,0.45,0.4,94,15,178,340,0.5280898876404494,0.044117647058823532,0.57220753469927288
Celeb-DF-v2,0.55,0,0.45,0.45,77,22,178,340,0.43258426966292135,0.064705882352941183,0.49729015201586252
Celeb-DF-v2,0.55,0,0.45,0.5,52,38,178,340,0.29213483146067415,0.11176470588235295,0.40389953734302708
Celeb-DF-v2,0.55,0,0.45,0.55,39,57,178,340,0.21910112359550563,0.1676470588235294,0.38674818241903502
Celeb-DF-v2,0.55,0,0.45,0.6,28,83,178,340,0.15730337078651685,0.24411764705882352,0.40142101784534034
Celeb-DF-v2,0.55,0,0.45,0.65,18,115,178,340,0.10112359550561797,0.33823529411764708,0.43935888962326508
Celeb-DF-v2,0.55,0,0.45,0.7,11,150,178,340,0.061797752808988762,0.44117647058823528,0.50297422339722409
Celeb-DF-v2,0.55,0,0.45,0.75,4,188,178,340,0.02247191011235955,0.55294117647058827,0.57541308658294787
Celeb-DF-v2,0.55,0,0.45,0.8,3,232,178,340,0.016853932584269662,0.68235294117647061,0.69920687376074031
Celeb-DF-v2,0.55,0,0.45,0.85,0,273,178,340,0,0.80294117647058827,0.80294117647058827
Celeb-DF-v2,0.55,0,0.45,0.9,0,305,178,340,0,0.8970588235294118,0.8970588235294118
Celeb-DF-v2,0.55,0,0.45,0.95,0,329,178,340,0,0.96764705882352942,0.96764705882352942
Celeb-DF-v2,0.55,0,0.45,1,0,340,178,340,0,1,1
Celeb-DF-v2,0.55,0.05,0.4,0,178,0,178,340,1,0,1
Celeb-DF-v2,0.55,0.05,0.4,0.05,178,0,178,340,1,0,1
Celeb-DF-v2,0.55,0.05,0.4,0.1,174,0,178,340,0.97752808988764039,0,0.97752808988764039
Celeb-DF-v2,0.55,0.05,0.4,0.15,169,0,178,340,0.949438202247191,0,0.949438202247191
Celeb-DF-v2,0.55,0.05,0.4,0.2,160,0,178,340,0.898876404494382,0,0.898876404494382
Celeb-DF-v2,0.55,0.05,0.4,0.25,142,0,178,340,0.797752808988764,0,0.797752808988764
Celeb-DF-v2,0.55,0.05,0.4,0.3,126,2,178,340,0.7078651685393258,0.0058823529411764705,0.71374752148050224
Celeb-DF-v2,0.55,0.05,0.4,0.35,107,8,178,340,0.601123595505618,0.023529411764705882,0.62465300727032391
Celeb-DF-v2,0.55,0.05,0.4,0.4,93,17,178,340,0.52247191011235961,0.050000000000000003,0.57247191011235965
Celeb-DF-v2,0.55,0.05,0.4,0.45,73,25,178,340,0.4101123595505618,0.073529411764705885,0.4836417713152677
Celeb-DF-v2,0.55,0.05,0.4,0.5,54,41,178,340,0.30337078651685395,0.12058823529411765,0.42395902181097161
Celeb-DF-v2,0.55,0.05,0.4,0.55,37,67,178,340,0.20786516853932585,0.19705882352941176,0.40492399206873764
Celeb-DF-v2,0.55,0.05,0.4,0.6,24,91,178,340,0.1348314606741573,0.2676470588235294,0.4024785194976867
Celeb-DF-v2,0.55,0.05,0.4,0.65,18,119,178,340,0.10112359550561797,0.34999999999999998,0.45112359550561798
Celeb-DF-v2,0.55,0.05,0.4,0.7,9,150,178,340,0.050561797752808987,0.44117647058823528,0.49173826834104428
Celeb-DF-v2,0.55,0.05,0.4,0.75,4,194,178,340,0.02247191011235955,0.57058823529411762,0.59306014540647722
Celeb-DF-v2,0.55,0.05,0.4,0.8,2,238,178,340,0.011235955056179775,0.69999999999999996,0.71123595505617976
Celeb-DF-v2,0.55,0.05,0.4,0.85,0,276,178,340,0,0.81176470588235294,0.81176470588235294
Celeb-DF-v2,0.55,0.05,0.4,0.9,0,306,178,340,0,0.90000000000000002,0.90000000000000002
Celeb-DF-v2,0.55,0.05,0.4,0.95,0,329,178,340,0,0.96764705882352942,0.96764705882352942
Celeb-DF-v2,0.55,0.05,0.4,1,0,340,178,340,0,1,1
Celeb-DF-v2,0.55,0.1,0.35,0,178,0,178,340,1,0,1
Celeb-DF-v2,0.55,0.1,0.35,0.05,178,0,178,340,1,0,1
Celeb-DF-v2,0.55,0.1,0.35,0.1,173,0,178,340,0.9719101123595506,0,0.9719101123595506
Celeb-DF-v2,0.55,0.1,0.35,0.15,169,0,178,340,0.949438202247191,0,0.949438202247191
Celeb-DF-v2,0.55,0.1,0.35,0.2,159,0,178,340,0.8932584269662921,0,0.8932584269662921
Celeb-DF-v2,0.55,0.1,0.35,0.25,141,0,178,340,0.7921348314606742,0,0.7921348314606742
Celeb-DF-v2,0.55,0.1,0.35,0.3,120,2,178,340,0.6741573033707865,0.0058823529411764705,0.68003965631196295
Celeb-DF-v2,0.55,0.1,0.35,0.35,105,8,178,340,0.5898876404494382,0.023529411764705882,0.61341705221414411
Celeb-DF-v2,0.55,0.1,0.35,0.4,88,16,178,340,0.4943820224719101,0.047058823529411764,0.54144084600132181
Celeb-DF-v2,0.55,0.1,0.35,0.45,68,30,178,340,0.38202247191011235,0.088235294117647065,0.47025776602775943
Celeb-DF-v2,0.55,0.1,0.35,0.5,49,46,178,340,0.2752808988764045,0.13529411764705881,0.41057501652346329
Celeb-DF-v2,0.55,0.1,0.35,0.55,35,73,178,340,0.19662921348314608,0.21470588235294116,0.41133509583608724
Celeb-DF-v2,0.55,0.1,0.35,0.6,23,95,178,340,0.12921348314606743,0.27941176470588236,0.40862524785194976
Celeb-DF-v2,0.55,0.1,0.35,0.65,13,125,178,340,0.073033707865168537,0.36764705882352944,0.44068076668869799
Celeb-DF-v2,0.55,0.1,0.35,0.7,7,161,178,340,0.039325842696629212,0.47352941176470587,0.51285525446133506
Celeb-DF-v2,0.55,0.1,0.35,0.75,4,201,178,340,0.02247191011235955,0.5911764705882353,0.6136483807005948
Celeb-DF-v2,0.55,0.1,0.35,0.8,3,244,178,340,0.016853932584269662,0.71764705882352942,0.73450099140779912
Celeb-DF-v2,0.55,0.1,0.35,0.85,0,283,178,340,0,0.83235294117647063,0.83235294117647063
Celeb-DF-v2,0.55,0.1,0.35,0.9,0,307,178,340,0,0.90294117647058825,0.90294117647058825
Celeb-DF-v2,0.55,0.1,0.35,0.95,0,329,178,340,0,0.96764705882352942,0.96764705882352942
Celeb-DF-v2,0.55,0.1,0.35,1,0,340,178,340,0,1,1
Celeb-DF-v2,0.55,0.15,0.3,0,178,0,178,340,1,0,1
Celeb-DF-v2,0.55,0.15,0.3,0.05,178,0,178,340,1,0,1
Celeb-DF-v2,0.55,0.15,0.3,0.1,172,0,178,340,0.9662921348314607,0,0.9662921348314607
Celeb-DF-v2,0.55,0.15,0.3,0.15,168,0,178,340,0.9438202247191011,0,0.9438202247191011
Celeb-DF-v2,0.55,0.15,0.3,0.2,154,0,178,340,0.8651685393258427,0,0.8651685393258427
Celeb-DF-v2,0.55,0.15,0.3,0.25,138,0,178,340,0.7752808988764045,0,0.7752808988764045
Celeb-DF-v2,0.55,0.15,0.3,0.3,120,2,178,340,0.6741573033707865,0.0058823529411764705,0.68003965631196295
Celeb-DF-v2,0.55,0.15,0.3,0.35,105,12,178,340,0.5898876404494382,0.035294117647058823,0.62518175809649701
Celeb-DF-v2,0.55,0.15,0.3,0.4,84,19,178,340,0.47191011235955055,0.055882352941176473,0.52779246530072699
Celeb-DF-v2,0.55,0.15,0.3,0.45,65,33,178,340,0.3651685393258427,0.097058823529411767,0.46222736285525445
Celeb-DF-v2,0.55,0.15,0.3,0.5,47,53,178,340,0.2640449438202247,0.15588235294117647,0.41992729676140117
Celeb-DF-v2,0.55,0.15,0.3,0.55,34,81,178,340,0.19101123595505617,0.23823529411764705,0.42924653007270319
Celeb-DF-v2,0.55,0.15,0.3,0.6,22,103,178,340,0.12359550561797752,0.30294117647058821,0.42653668208856577
Celeb-DF-v2,0.55,0.15,0.3,0.65,11,133,178,340,0.061797752808988762,0.39117647058823529,0.45297422339722404
Celeb-DF-v2,0.55,0.15,0.3,0.7,7,169,178,340,0.039325842696629212,0.49705882352941178,0.53638466622604097
Celeb-DF-v2,0.55,0.15,0.3,0.75,5,210,178,340,0.028089887640449437,0.61764705882352944,0.64573694646397883
Celeb-DF-v2,0.55,0.15,0.3,0.8,3,242,178,340,0.016853932584269662,0.71176470588235297,0.72861863846662267
Celeb-DF-v2,0.55,0.15,0.3,0.85,0,283,178,340,0,0.83235294117647063,0.83235294117647063
Celeb-DF-v2,0.55,0.15,0.3,0.9,0,309,178,340,0,0.9088235294117647,0.9088235294117647
Celeb-DF-v2,0.55,0.15,0.3,0.95,0,329,178,340,0,0.96764705882352942,0.96764705882352942
Celeb-DF-v2,0.55,0.15,0.3,1,0,340,178,340,0,1,1
Celeb-DF-v2,0.55,0.2,0.25,0,178,0,178,340,1,0,1
Celeb-DF-v2,0.55,0.2,0.25,0.05,177,0,178,340,0.9943820224719101,0,0.9943820224719101
Celeb-DF-v2,0.55,0.2,0.25,0.1,172,0,178,340,0.9662921348314607,0,0.9662921348314607
Celeb-DF-v2,0.55,0.2,0.25,0.15,166,0,178,340,0.93258426966292129,0,0.93258426966292129
Celeb-DF-v2,0.55,0.2,0.25,0.2,154,0,178,340,0.8651685393258427,0,0.8651685393258427
Celeb-DF-v2,0.55,0.2,0.25,0.25,133,0,178,340,0.7471910112359551,0,0.7471910112359551
Celeb-DF-v2,0.55,0.2,0.25,0.3,112,5,178,340,0.6292134831460674,0.014705882352941176,0.64391936549900852
Celeb-DF-v2,0.55,0.2,0.25,0.35,102,13,178,340,0.5730337078651685,0.038235294117647062,0.61126900198281553
Celeb-DF-v2,0.55,0.2,0.25,0.4,78,22,178,340,0.43820224719101125,0.064705882352941183,0.50290812954395248
Celeb-DF-v2,0.55,0.2,0.25,0.45,59,35,178,340,0.33146067415730335,0.10294117647058823,0.43440185062789161
Celeb-DF-v2,0.55,0.2,0.25,0.5,43,60,178,340,0.24157303370786518,0.17647058823529413,0.4180436219431593
Celeb-DF-v2,0.55,0.2,0.25,0.55,29,85,178,340,0.16292134831460675,0.25,0.41292134831460675
Celeb-DF-v2,0.55,0.2,0.25,0.6,21,111,178,340,0.11797752808988764,0.32647058823529412,0.44444811632518177
Celeb-DF-v2,0.55,0.2,0.25,0.65,11,141,178,340,0.061797752808988762,0.4147058823529412,0.47650363516192995
Celeb-DF-v2,0.55,0.2,0.25,0.7,7,177,178,340,0.039325842696629212,0.52058823529411768,0.55991407799074688
Celeb-DF-v2,0.55,0.2,0.25,0.75,4,211,178,340,0.02247191011235955,0.62058823529411766,0.64306014540647727
Celeb-DF-v2,0.55,0.2,0.25,0.8,3,246,178,340,0.016853932584269662,0.72352941176470587,0.74038334434897557
Celeb-DF-v2,0.55,0.2,0.25,0.85,0,279,178,340,0,0.82058823529411762,0.82058823529411762
Celeb-DF-v2,0.55,0.2,0.25,0.9,0,308,178,340,0,0.90588235294117647,0.90588235294117647
Celeb-DF-v2,0.55,0.2,0.25,0.95,0,331,178,340,0,0.97352941176470587,0.97352941176470587
Celeb-DF-v2,0.55,0.2,0.25,1,0,340,178,340,0,1,1
Celeb-DF-v2,0.55,0.25,0.2,0,178,0,178,340,1,0,1
Celeb-DF-v2,0.55,0.25,0.2,0.05,177,0,178,340,0.9943820224719101,0,0.9943820224719101
Celeb-DF-v2,0.55,0.25,0.2,0.1,171,0,178,340,0.9606741573033708,0,0.9606741573033708
Celeb-DF-v2,0.55,0.25,0.2,0.15,163,0,178,340,0.9157303370786517,0,0.9157303370786517
Celeb-DF-v2,0.55,0.25,0.2,0.2,153,0,178,340,0.8595505617977528,0,0.8595505617977528
Celeb-DF-v2,0.55,0.25,0.2,0.25,130,1,178,340,0.7303370786516854,0.0029411764705882353,0.73327825512227363
Celeb-DF-v2,0.55,0.25,0.2,0.3,110,6,178,340,0.6179775280898876,0.017647058823529412,0.63562458691341706
Celeb-DF-v2,0.55,0.25,0.2,0.35,95,18,178,340,0.5337078651685393,0.052941176470588235,0.58664904163912757
Celeb-DF-v2,0.55,0.25,0.2,0.4,73,26,178,340,0.4101123595505618,0.076470588235294124,0.48658294778585592
Celeb-DF-v2,0.55,0.25,0.2,0.45,59,47,178,340,0.33146067415730335,0.13823529411764707,0.46969596827495042
Celeb-DF-v2,0.55,0.25,0.2,0.5,43,67,178,340,0.24157303370786518,0.19705882352941176,0.43863185723727693
Celeb-DF-v2,0.55,0.25,0.2,0.55,31,91,178,340,0.17415730337078653,0.2676470588235294,0.44180436219431596
Celeb-DF-v2,0.55,0.25,0.2,0.6,20,115,178,340,0.11235955056179775,0.33823529411764708,0.45059484467944483
Celeb-DF-v2,0.55,0.25,0.2,0.65,10,145,178,340,0.056179775280898875,0.4264705882352941,0.48265036351619295
Celeb-DF-v2,0.55,0.25,0.2,0.7,7,181,178,340,0.039325842696629212,0.53235294117647058,0.57167878387309978
Celeb-DF-v2,0.55,0.25,0.2,0.75,4,215,178,340,0.02247191011235955,0.63235294117647056,0.65482485128883017
Celeb-DF-v2,0.55,0.25,0.2,0.8,3,248,178,340,0.016853932584269662,0.72941176470588232,0.74626569729015202
Celeb-DF-v2,0.55,0.25,0.2,0.85,1,277,178,340,0.0056179775280898875,0.81470588235294117,0.82032385988103107
Celeb-DF-v2,0.55,0.25,0.2,0.9,0,303,178,340,0,0.89117647058823535,0.89117647058823535
Celeb-DF-v2,0.55,0.25,0.2,0.95,0,330,178,340,0,0.97058823529411764,0.97058823529411764
Celeb-DF-v2,0.55,0.25,0.2,1,0,340,178,340,0,1,1
Celeb-DF-v2,0.55,0.3,0.15,0,178,0,178,340,1,0,1
Celeb-DF-v2,0.55,0.3,0.15,0.05,175,0,178,340,0.9831460674157303,0,0.9831460674157303
Celeb-DF-v2,0.55,0.3,0.15,0.1,170,0,178,340,0.9550561797752809,0,0.9550561797752809
Celeb-DF-v2,0.55,0.3,0.15,0.15,161,0,178,340,0.9044943820224719,0,0.9044943820224719
Celeb-DF-v2,0.55,0.3,0.15,0.2,147,1,178,340,0.8258426966292135,0.0029411764705882353,0.82878387309980173
Celeb-DF-v2,0.55,0.3,0.15,0.25,129,2,178,340,0.7247191011235955,0.0058823529411764705,0.73060145406477195
Celeb-DF-v2,0.55,0.3,0.15,0.3,108,10,178,340,0.6067415730337079,0.029411764705882353,0.63615333773959026
Celeb-DF-v2,0.55,0.3,0.15,0.35,89,21,178,340,0.5,0.061764705882352944,0.56176470588235294
Celeb-DF-v2,0.55,0.3,0.15,0.4,70,31,178,340,0.39325842696629215,0.091176470588235289,0.48443489755452745
Celeb-DF-v2,0.55,0.3,0.15,0.45,56,55,178,340,0.3146067415730337,0.16176470588235295,0.47637144745538662
Celeb-DF-v2,0.55,0.3,0.15,0.5,41,74,178,340,0.2303370786516854,0.21764705882352942,0.44798413747521482
Celeb-DF-v2,0.55,0.3,0.15,0.55,32,98,178,340,0.1797752808988764,0.28823529411764703,0.46801057501652343
Celeb-DF-v2,0.55,0.3,0.15,0.6,18,121,178,340,0.10112359550561797,0.35588235294117648,0.45700594844679443
Celeb-DF-v2,0.55,0.3,0.15,0.65,11,160,178,340,0.061797752808988762,0.47058823529411764,0.53238598810310644
Celeb-DF-v2,0.55,0.3,0.15,0.7,6,184,178,340,0.033707865168539325,0.54117647058823526,0.57488433575677456
Celeb-DF-v2,0.55,0.3,0.15,0.75,4,217,178,340,0.02247191011235955,0.63823529411764701,0.66070720423000662
Celeb-DF-v2,0.55,0.3,0.15,0.8,4,246,178,340,0.02247191011235955,0.72352941176470587,0.74600132187706536
Celeb-DF-v2,0.55,0.3,0.15,0.85,2,275,178,340,0.011235955056179775,0.80882352941176472,0.82005948446794452
Celeb-DF-v2,0.55,0.3,0.15,0.9,0,301,178,340,0,0.88529411764705879,0.88529411764705879
Celeb-DF-v2,0.55,0.3,0.15,0.95,0,330,178,340,0,0.97058823529411764,0.97058823529411764
Celeb-DF-v2,0.55,0.3,0.15,1,0,340,178,340,0,1,1
Celeb-DF-v2,0.55,0.35,0.1,0,178,0,178,340,1,0,1
Celeb-DF-v2,0.55,0.35,0.1,0.05,173,0,178,340,0.9719101123595506,0,0.9719101123595506
Celeb-DF-v2,0.55,0.35,0.1,0.1,168,0,178,340,0.9438202247191011,0,0.9438202247191011
Celeb-DF-v2,0.55,0.35,0.1,0.15,156,0,178,340,0.8764044943820225,0,0.8764044943820225
Celeb-DF-v2,0.55,0.35,0.1,0.2,145,1,178,340,0.8146067415730337,0.0029411764705882353,0.81754791804362192
Celeb-DF-v2,0.55,0.35,0.1,0.25,122,5,178,340,0.6853932584269663,0.014705882352941176,0.70009914077990743
Celeb-DF-v2,0.55,0.35,0.1,0.3,102,13,178,340,0.5730337078651685,0.038235294117647062,0.61126900198281553
Celeb-DF-v2,0.55,0.35,0.1,0.35,84,25,178,340,0.47191011235955055,0.073529411764705885,0.54543952412425645
Celeb-DF-v2,0.55,0.35,0.1,0.4,64,41,178,340,0.3595505617977528,0.12058823529411765,0.48013879709187046
Celeb-DF-v2,0.55,0.35,0.1,0.45,53,63,178,340,0.29775280898876405,0.18529411764705883,0.48304692663582288
Celeb-DF-v2,0.55,0.35,0.1,0.5,41,82,178,340,0.2303370786516854,0.2411764705882353,0.47151354923992073
Celeb-DF-v2,0.55,0.35,0.1,0.55,30,102,178,340,0.16853932584269662,0.29999999999999999,0.46853932584269664
Celeb-DF-v2,0.55,0.35,0.1,0.6,20,131,178,340,0.11235955056179775,0.38529411764705884,0.49765366820885659
Celeb-DF-v2,0.55,0.35,0.1,0.65,13,163,178,340,0.073033707865168537,0.47941176470588237,0.55244547257105092
Celeb-DF-v2,0.55,0.35,0.1,0.7,6,189,178,340,0.033707865168539325,0.55588235294117649,0.58959021810971579
Celeb-DF-v2,0.55,0.35,0.1,0.75,5,221,178,340,0.028089887640449437,0.65000000000000002,0.67808988764044942
Celeb-DF-v2,0.55,0.35,0.1,0.8,4,247,178,340,0.02247191011235955,0.72647058823529409,0.74894249834765358
Celeb-DF-v2,0.55,0.35,0.1,0.85,2,273,178,340,0.011235955056179775,0.80294117647058827,0.81417713152676807
Celeb-DF-v2,0.55,0.35,0.1,0.9,0,301,178,340,0,0.88529411764705879,0.88529411764705879
Celeb-DF-v2,0.55,0.35,0.1,0.95,0,329,178,340,0,0.96764705882352942,0.96764705882352942
Celeb-DF-v2,0.55,0.35,0.1,1,0,340,178,340,0,1,1
Celeb-DF-v2,0.55,0.4,0.05,0,178,0,178,340,1,0,1
Celeb-DF-v2,0.55,0.4,0.05,0.05,173,0,178,340,0.9719101123595506,0,0.9719101123595506
Celeb-DF-v2,0.55,0.4,0.05,0.1,167,0,178,340,0.9382022471910112,0,0.9382022471910112
Celeb-DF-v2,0.55,0.4,0.05,0.15,151,1,178,340,0.848314606741573,0.0029411764705882353,0.85125578321216122
Celeb-DF-v2,0.55,0.4,0.05,0.2,141,2,178,340,0.7921348314606742,0.0058823529411764705,0.79801718440185065
Celeb-DF-v2,0.55,0.4,0.05,0.25,117,7,178,340,0.65730337078651691,0.020588235294117647,0.67789160608063459
Celeb-DF-v2,0.55,0.4,0.05,0.3,95,17,178,340,0.5337078651685393,0.050000000000000003,0.58370786516853934
Celeb-DF-v2,0.55,0.4,0.05,0.35,82,30,178,340,0.4606741573033708,0.088235294117647065,0.54890945142101788
Celeb-DF-v2,0.55,0.4,0.05,0.4,64,48,178,340,0.3595505617977528,0.14117647058823529,0.50072703238598804
Celeb-DF-v2,0.55,0.4,0.05,0.45,52,66,178,340,0.29213483146067415,0.19411764705882353,0.48625247851949771
Celeb-DF-v2,0.55,0.4,0.05,0.5,40,88,178,340,0.2247191011235955,0.25882352941176473,0.48354263053536023
Celeb-DF-v2,0.55,0.4,0.05,0.55,30,110,178,340,0.16853932584269662,0.3235294117647059,0.49206873760740255
Celeb-DF-v2,0.55,0.4,0.05,0.6,20,136,178,340,0.11235955056179775,0.40000000000000002,0.51235955056179772
Celeb-DF-v2,0.55,0.4,0.05,0.65,12,164,178,340,0.06741573033707865,0.4823529411764706,0.54976867151354925
Celeb-DF-v2,0.55,0.4,0.05,0.7,8,196,178,340,0.0449438202247191,0.57647058823529407,0.62141440846001317
Celeb-DF-v2,0.55,0.4,0.05,0.75,5,218,178,340,0.028089887640449437,0.64117647058823535,0.66926635822868474
Celeb-DF-v2,0.55,0.4,0.05,0.8,4,247,178,340,0.02247191011235955,0.72647058823529409,0.74894249834765358
Celeb-DF-v2,0.55,0.4,0.05,0.85,2,274,178,340,0.011235955056179775,0.80588235294117649,0.8171183079973563
Celeb-DF-v2,0.55,0.4,0.05,0.9,1,299,178,340,0.0056179775280898875,0.87941176470588234,0.88502974223397224
Celeb-DF-v2,0.55,0.4,0.05,0.95,0,327,178,340,0,0.96176470588235297,0.96176470588235297
Celeb-DF-v2,0.55,0.4,0.05,1,0,340,178,340,0,1,1
Celeb-DF-v2,0.55,0.45,0,0,178,0,178,340,1,0,1
Celeb-DF-v2,0.55,0.45,0,0.05,170,0,178,340,0.9550561797752809,0,0.9550561797752809
Celeb-DF-v2,0.55,0.45,0,0.1,161,1,178,340,0.9044943820224719,0.0029411764705882353,0.90743555849306012
Celeb-DF-v2,0.55,0.45,0,0.15,150,1,178,340,0.84269662921348309,0.0029411764705882353,0.84563780568407132
Celeb-DF-v2,0.55,0.45,0,0.2,136,5,178,340,0.7640449438202247,0.014705882352941176,0.77875082617316582
Celeb-DF-v2,0.55,0.45,0,0.25,112,11,178,340,0.6292134831460674,0.032352941176470591,0.66156642432253798
Celeb-DF-v2,0.55,0.45,0,0.3,94,24,178,340,0.5280898876404494,0.070588235294117646,0.59867812293456701
Celeb-DF-v2,0.55,0.45,0,0.35,76,39,178,340,0.42696629213483145,0.11470588235294117,0.54167217448777261
Celeb-DF-v2,0.55,0.45,0,0.4,62,58,178,340,0.34831460674157305,0.17058823529411765,0.5189028420356907
Celeb-DF-v2,0.55,0.45,0,0.45,50,76,178,340,0.2808988764044944,0.22352941176470589,0.50442828816920027
Celeb-DF-v2,0.55,0.45,0,0.5,39,91,178,340,0.21910112359550563,0.2676470588235294,0.48674818241903506
Celeb-DF-v2,0.55,0.45,0,0.55,27,118,178,340,0.15168539325842698,0.34705882352941175,0.49874421678783876
Celeb-DF-v2,0.55,0.45,0,0.6,19,143,178,340,0.10674157303370786,0.42058823529411765,0.5273298083278255
Celeb-DF-v2,0.55,0.45,0,0.65,13,169,178,340,0.073033707865168537,0.49705882352941178,0.57009253139458027
Celeb-DF-v2,0.55,0.45,0,0.7,9,198,178,340,0.050561797752808987,0.58235294117647063,0.63291473892927963
Celeb-DF-v2,0.55,0.45,0,0.75,5,220,178,340,0.028089887640449437,0.6470588235294118,0.67514871116986119
Celeb-DF-v2,0.55,0.45,0,0.8,4,242,178,340,0.02247191011235955,0.71176470588235297,0.73423661599471246
Celeb-DF-v2,0.55,0.45,0,0.85,2,273,178,340,0.011235955056179775,0.80294117647058827,0.81417713152676807
Celeb-DF-v2,0.55,0.45,0,0.9,1,298,178,340,0.0056179775280898875,0.87647058823529411,0.88208856576338401
Celeb-DF-v2,0.55,0.45,0,0.95,0,324,178,340,0,0.95294117647058818,0.95294117647058818
Celeb-DF-v2,0.55,0.45,0,1,0,340,178,340,0,1,1
Celeb-DF-v2,0.6,0,0.4,0,178,0,178,340,1,0,1
Celeb-DF-v2,0.6,0,0.4,0.05,178,0,178,340,1,0,1
Celeb-DF-v2,0.6,0,0.4,0.1,175,0,178,340,0.9831460674157303,0,0.9831460674157303
Celeb-DF-v2,0.6,0,0.4,0.15,169,0,178,340,0.949438202247191,0,0.949438202247191
Celeb-DF-v2,0.6,0,0.4,0.2,162,0,178,340,0.9101123595505618,0,0.9101123595505618
Celeb-DF-v2,0.6,0,0.4,0.25,146,0,178,340,0.8202247191011236,0,0.8202247191011236
Celeb-DF-v2,0.6,0,0.4,0.3,131,2,178,340,0.7359550561797753,0.0058823529411764705,0.74183740912095175
Celeb-DF-v2,0.6,0,0.4,0.35,108,7,178,340,0.6067415730337079,0.020588235294117647,0.62732980832782559
Celeb-DF-v2,0.6,0,0.4,0.4,97,17,178,340,0.5449438202247191,0.050000000000000003,0.59494382022471914
Celeb-DF-v2,0.6,0,0.4,0.45,77,21,178,340,0.43258426966292135,0.061764705882352944,0.49434897554527429
Celeb-DF-v2,0.6,0,0.4,0.5,55,39,178,340,0.3089887640449438,0.11470588235294117,0.42369464639788496
Celeb-DF-v2,0.6,0,0.4,0.55,40,62,178,340,0.2247191011235955,0.18235294117647058,0.40707204230006611
Celeb-DF-v2,0.6,0,0.4,0.6,29,85,178,340,0.16292134831460675,0.25,0.41292134831460675
Celeb-DF-v2,0.6,0,0.4,0.65,20,115,178,340,0.11235955056179775,0.33823529411764708,0.45059484467944483
Celeb-DF-v2,0.6,0,0.4,0.7,11,148,178,340,0.061797752808988762,0.43529411764705883,0.49709187045604758
Celeb-DF-v2,0.6,0,0.4,0.75,4,188,178,340,0.02247191011235955,0.55294117647058827,0.57541308658294787
Celeb-DF-v2,0.6,0,0.4,0.8,3,236,178,340,0.016853932584269662,0.69411764705882351,0.71097157964309321
Celeb-DF-v2,0.6,0,0.4,0.85,0,277,178,340,0,0.81470588235294117,0.81470588235294117
Celeb-DF-v2,0.6,0,0.4,0.9,0,305,178,340,0,0.8970588235294118,0.8970588235294118
Celeb-DF-v2,0.6,0,0.4,0.95,0,329,178,340,0,0.96764705882352942,0.96764705882352942
Celeb-DF-v2,0.6,0,0.4,1,0,340,178,340,0,1,1
Celeb-DF-v2,0.6,0.05,0.35,0,178,0,178,340,1,0,1
Celeb-DF-v2,0.6,0.05,0.35,0.05,178,0,178,340,1,0,1
Celeb-DF-v2,0.6,0.05,0.35,0.1,174,0,178,340,0.97752808988764039,0,0.97752808988764039
Celeb-DF-v2,0.6,0.05,0.35,0.15,169,0,178,340,0.949438202247191,0,0.949438202247191
Celeb-DF-v2,0.6,0.05,0.35,0.2,163,0,178,340,0.9157303370786517,0,0.9157303370786517
Celeb-DF-v2,0.6,0.05,0.35,0.25,144,0,178,340,0.8089887640449438,0,0.8089887640449438
Celeb-DF-v2,0.6,0.05,0.35,0.3,127,2,178,340,0.7134831460674157,0.0058823529411764705,0.71936549900859215
Celeb-DF-v2,0.6,0.05,0.35,0.35,106,7,178,340,0.5955056179775281,0.020588235294117647,0.61609385327164579
Celeb-DF-v2,0.6,0.05,0.35,0.4,95,15,178,340,0.5337078651685393,0.044117647058823532,0.57782551222736278
Celeb-DF-v2,0.6,0.05,0.35,0.45,74,26,178,340,0.4157303370786517,0.076470588235294124,0.49220092531394583
Celeb-DF-v2,0.6,0.05,0.35,0.5,54,44,178,340,0.30337078651685395,0.12941176470588237,0.43278255122273634
Celeb-DF-v2,0.6,0.05,0.35,0.55,36,68,178,340,0.20224719101123595,0.20000000000000001,0.40224719101123596
Celeb-DF-v2,0.6,0.05,0.35,0.6,26,92,178,340,0.14606741573033707,0.27058823529411763,0.41665565102445468
Celeb-DF-v2,0.6,0.05,0.35,0.65,19,124,178,340,0.10674157303370786,0.36470588235294116,0.47144745538664901
Celeb-DF-v2,0.6,0.05,0.35,0.7,9,155,178,340,0.050561797752808987,0.45588235294117646,0.50644415069398541
Celeb-DF-v2,0.6,0.05,0.35,0.75,4,200,178,340,0.02247191011235955,0.58823529411764708,0.61070720423000657
Celeb-DF-v2,0.6,0.05,0.35,0.8,3,239,178,340,0.016853932584269662,0.70294117647058818,0.71979510905485788
Celeb-DF-v2,0.6,0.05,0.35,0.85,0,280,178,340,0,0.82352941176470584,0.82352941176470584
Celeb-DF-v2,0.6,0.05,0.35,0.9,0,307,178,340,0,0.90294117647058825,0.90294117647058825
Celeb-DF-v2,0.6,0.05,0.35,0.95,0,329,178,340,0,0.96764705882352942,0.96764705882352942
Celeb-DF-v2,0.6,0.05,0.35,1,0,340,178,340,0,1,1
Celeb-DF-v2,0.6,0.1,0.3,0,178,0,178,340,1,0,1
Celeb-DF-v2,0.6,0.1,0.3,0.05,178,0,178,340,1,0,1
Celeb-DF-v2,0.6,0.1,0.3,0.1,173,0,178,340,0.9719101123595506,0,0.9719101123595506
Celeb-DF-v2,0.6,0.1,0.3,0.15,168,0,178,340,0.9438202247191011,0,0.9438202247191011
Celeb-DF-v2,0.6,0.1,0.3,0.2,157,0,178,340,0.8820224719101124,0,0.8820224719101124
Celeb-DF-v2,0.6,0.1,0.3,0.25,144,0,178,340,0.8089887640449438,0,0.8089887640449438
Celeb-DF-v2,0.6,0.1,0.3,0.3,125,2,178,340,0.702247191011236,0.0058823529411764705,0.70812954395241245
Celeb-DF-v2,0.6,0.1,0.3,0.35,106,9,178,340,0.5955056179775281,0.026470588235294117,0.62197620621282224
Celeb-DF-v2,0.6,0.1,0.3,0.4,92,17,178,340,0.5168539325842697,0.050000000000000003,0.56685393258426975
Celeb-DF-v2,0.6,0.1,0.3,0.45,68,32,178,340,0.38202247191011235,0.094117647058823528,0.47614011896893588
Celeb-DF-v2,0.6,0.1,0.3,0.5,51,48,178,340,0.28651685393258425,0.14117647058823529,0.42769332452081954
Celeb-DF-v2,0.6,0.1,0.3,0.55,35,78,178,340,0.19662921348314608,0.22941176470588234,0.42604097818902842
Celeb-DF-v2,0.6,0.1,0.3,0.6,23,95,178,340,0.12921348314606743,0.27941176470588236,0.40862524785194976
Celeb-DF-v2,0.6,0.1,0.3,0.65,14,127,178,340,0.078651685393258425,0.37352941176470589,0.45218109715796428
Celeb-DF-v2,0.6,0.1,0.3,0.7,8,165,178,340,0.0449438202247191,0.48529411764705882,0.53023793787177786
Celeb-DF-v2,0.6,0.1,0.3,0.75,4,205,178,340,0.02247191011235955,0.6029411764705882,0.6254130865829477
Celeb-DF-v2,0.6,0.1,0.3,0.8,3,238,178,340,0.016853932584269662,0.69999999999999996,0.71685393258426966
Celeb-DF-v2,0.6,0.1,0.3,0.85,0,282,178,340,0,0.8294117647058824,0.8294117647058824
Celeb-DF-v2,0.6,0.1,0.3,0.9,0,309,178,340,0,0.9088235294117647,0.9088235294117647
Celeb-DF-v2,0.6,0.1,0.3,0.95,0,329,178,340,0,0.96764705882352942,0.96764705882352942
Celeb-DF-v2,0.6,0.1,0.3,1,0,340,178,340,0,1,1
Celeb-DF-v2,0.6,0.15,0.25,0,178,0,178,340,1,0,1
Celeb-DF-v2,0.6,0.15,0.25,0.05,178,0,178,340,1,0,1
Celeb-DF-v2,0.6,0.15,0.25,0.1,173,0,178,340,0.9719101123595506,0,0.9719101123595506
Celeb-DF-v2,0.6,0.15,0.25,0.15,168,0,178,340,0.9438202247191011,0,0.9438202247191011
Celeb-DF-v2,0.6,0.15,0.25,0.2,156,0,178,340,0.8764044943820225,0,0.8764044943820225
Celeb-DF-v2,0.6,0.15,0.25,0.25,139,0,178,340,0.7808988764044944,0,0.7808988764044944
Celeb-DF-v2,0.6,0.15,0.25,0.3,121,4,178,340,0.6797752808988764,0.011764705882352941,0.6915399867812293
Celeb-DF-v2,0.6,0.15,0.25,0.35,104,11,178,340,0.5842696629213483,0.032352941176470591,0.61662260409781888
Celeb-DF-v2,0.6,0.15,0.25,0.4,85,21,178,340,0.47752808988764045,0.061764705882352944,0.53929279576999334
Celeb-DF-v2,0.6,0.15,0.25,0.45,65,33,178,340,0.3651685393258427,0.097058823529411767,0.46222736285525445
Celeb-DF-v2,0.6,0.15,0.25,0.5,48,54,178,340,0.2696629213483146,0.1588235294117647,0.4284864507600793
Celeb-DF-v2,0.6,0.15,0.25,0.55,35,83,178,340,0.19662921348314608,0.24411764705882352,0.4407468605419696
Celeb-DF-v2,0.6,0.15,0.25,0.6,23,103,178,340,0.12921348314606743,0.30294117647058821,0.43215465961665567
Celeb-DF-v2,0.6,0.15,0.25,0.65,12,133,178,340,0.06741573033707865,0.39117647058823529,0.45859220092531394
Celeb-DF-v2,0.6,0.15,0.25,0.7,7,168,178,340,0.039325842696629212,0.49411764705882355,0.53344348975545275
Celeb-DF-v2,0.6,0.15,0.25,0.75,4,209,178,340,0.02247191011235955,0.61470588235294121,0.63717779246530082
Celeb-DF-v2,0.6,0.15,0.25,0.8,3,243,178,340,0.016853932584269662,0.71470588235294119,0.73155981493721089
Celeb-DF-v2,0.6,0.15,0.25,0.85,0,280,178,340,0,0.82352941176470584,0.82352941176470584
Celeb-DF-v2,0.6,0.15,0.25,0.9,0,308,178,340,0,0.90588235294117647,0.90588235294117647
Celeb-DF-v2,0.6,0.15,0.25,0.95,0,330,178,340,0,0.97058823529411764,0.97058823529411764
Celeb-DF-v2,0.6,0.15,0.25,1,0,340,178,340,0,1,1
Celeb-DF-v2,0.6,0.2,0.2,0,178,0,178,340,1,0,1
Celeb-DF-v2,0.6,0.2,0.2,0.05,177,0,178,340,0.9943820224719101,0,0.9943820224719101
Celeb-DF-v2,0.6,0.2,0.2,0.1,173,0,178,340,0.9719101123595506,0,0.9719101123595506
Celeb-DF-v2,0.6,0.2,0.2,0.15,164,0,178,340,0.9213483146067416,0,0.9213483146067416
Celeb-DF-v2,0.6,0.2,0.2,0.2,154,0,178,340,0.8651685393258427,0,0.8651685393258427
Celeb-DF-v2,0.6,0.2,0.2,0.25,136,1,178,340,0.7640449438202247,0.0029411764705882353,0.76698612029081292
Celeb-DF-v2,0.6,0.2,0.2,0.3,116,5,178,340,0.651685393258427,0.014705882352941176,0.66639127561136813
Celeb-DF-v2,0.6,0.2,0.2,0.35,101,16,178,340,0.56741573033707871,0.047058823529411764,0.61447455386649041
Celeb-DF-v2,0.6,0.2,0.2,0.4,79,24,178,340,0.4438202247191011,0.070588235294117646,0.51440846001321872
Celeb-DF-v2,0.6,0.2,0.2,0.45,62,43,178,340,0.34831460674157305,0.12647058823529411,0.47478519497686716
Celeb-DF-v2,0.6,0.2,0.2,0.5,44,63,178,340,0.24719101123595505,0.18529411764705883,0.43248512888301388
Celeb-DF-v2,0.6,0.2,0.2,0.55,33,89,178,340,0.1853932584269663,0.26176470588235295,0.44715796430931926
Celeb-DF-v2,0.6,0.2,0.2,0.6,24,111,178,340,0.1348314606741573,0.32647058823529412,0.46130204890945142
Celeb-DF-v2,0.6,0.2,0.2,0.65,13,143,178,340,0.073033707865168537,0.42058823529411765,0.4936219431592862
Celeb-DF-v2,0.6,0.2,0.2,0.7,7,177,178,340,0.039325842696629212,0.52058823529411768,0.55991407799074688
Celeb-DF-v2,0.6,0.2,0.2,0.75,4,213,178,340,0.02247191011235955,0.62647058823529411,0.64894249834765372
Celeb-DF-v2,0.6,0.2,0.2,0.8,3,245,178,340,0.016853932584269662,0.72058823529411764,0.73744216787838734
Celeb-DF-v2,0.6,0.2,0.2,0.85,2,276,178,340,0.011235955056179775,0.81176470588235294,0.82300066093853275
Celeb-DF-v2,0.6,0.2,0.2,0.9,0,306,178,340,0,0.90000000000000002,0.90000000000000002
Celeb-DF-v2,0.6,0.2,0.2,0.95,0,330,178,340,0,0.97058823529411764,0.97058823529411764
Celeb-DF-v2,0.6,0.2,0.2,1,0,340,178,340,0,1,1
Celeb-DF-v2,0.6,0.25,0.15,0,178,0,178,340,1,0,1
Celeb-DF-v2,0.6,0.25,0.15,0.05,176,0,178,340,0.9887640449438202,0,0.9887640449438202
Celeb-DF-v2,0.6,0.25,0.15,0.1,171,0,178,340,0.9606741573033708,0,0.9606741573033708
Celeb-DF-v2,0.6,0.25,0.15,0.15,163,0,178,340,0.9157303370786517,0,0.9157303370786517
Celeb-DF-v2,0.6,0.25,0.15,0.2,150,1,178,340,0.84269662921348309,0.0029411764705882353,0.84563780568407132
Celeb-DF-v2,0.6,0.25,0.15,0.25,135,1,178,340,0.7584269662921348,0.0029411764705882353,0.76136814276272302
Celeb-DF-v2,0.6,0.25,0.15,0.3,114,7,178,340,0.6404494382022472,0.020588235294117647,0.66103767349636489
Celeb-DF-v2,0.6,0.25,0.15,0.35,94,21,178,340,0.5280898876404494,0.061764705882352944,0.58985459352280234
Celeb-DF-v2,0.6,0.25,0.15,0.4,75,28,178,340,0.42134831460674155,0.082352941176470587,0.50370125578321212
Celeb-DF-v2,0.6,0.25,0.15,0.45,60,51,178,340,0.33707865168539325,0.14999999999999999,0.48707865168539322
Celeb-DF-v2,0.6,0.25,0.15,0.5,44,69,178,340,0.24719101123595505,0.20294117647058824,0.45013218770654329
Celeb-DF-v2,0.6,0.25,0.15,0.55,34,95,178,340,0.19101123595505617,0.27941176470588236,0.47042300066093856
Celeb-DF-v2,0.6,0.25,0.15,0.6,21,119,178,340,0.11797752808988764,0.34999999999999998,0.46797752808988763
Celeb-DF-v2,0.6,0.25,0.15,0.65,15,151,178,340,0.084269662921348312,0.44411764705882351,0.5283873099801718
Celeb-DF-v2,0.6,0.25,0.15,0.7,7,180,178,340,0.039325842696629212,0.52941176470588236,0.56873760740251156
Celeb-DF-v2,0.6,0.25,0.15,0.75,4,215,178,340,0.02247191011235955,0.63235294117647056,0.65482485128883017
Celeb-DF-v2,0.6,0.25,0.15,0.8,3,245,178,340,0.016853932584269662,0.72058823529411764,0.73744216787838734
Celeb-DF-v2,0.6,0.25,0.15,0.85,2,274,178,340,0.011235955056179775,0.80588235294117649,0.8171183079973563
Celeb-DF-v2,0.6,0.25,0.15,0.9,0,303,178,340,0,0.89117647058823535,0.89117647058823535
Celeb-DF-v2,0.6,0.25,0.15,0.95,0,330,178,340,0,0.97058823529411764,0.97058823529411764
Celeb-DF-v2,0.6,0.25,0.15,1,0,340,178,340,0,1,1
Celeb-DF-v2,0.6,0.3,0.1,0,178,0,178,340,1,0,1
Celeb-DF-v2,0.6,0.3,0.1,0.05,174,0,178,340,0.97752808988764039,0,0.97752808988764039
Celeb-DF-v2,0.6,0.3,0.1,0.1,169,0,178,340,0.949438202247191,0,0.949438202247191
Celeb-DF-v2,0.6,0.3,0.1,0.15,158,0,178,340,0.88764044943820219,0,0.88764044943820219
Celeb-DF-v2,0.6,0.3,0.1,0.2,147,1,178,340,0.8258426966292135,0.0029411764705882353,0.82878387309980173
Celeb-DF-v2,0.6,0.3,0.1,0.25,129,3,178,340,0.7247191011235955,0.0088235294117647058,0.73354263053536017
Celeb-DF-v2,0.6,0.3,0.1,0.3,111,10,178,340,0.6235955056179775,0.029411764705882353,0.65300727032385986
Celeb-DF-v2,0.6,0.3,0.1,0.35,88,21,178,340,0.4943820224719101,0.061764705882352944,0.55614672835426304
Celeb-DF-v2,0.6,0.3,0.1,0.4,73,37,178,340,0.4101123595505618,0.10882352941176471,0.51893588896232656
Celeb-DF-v2,0.6,0.3,0.1,0.45,58,55,178,340,0.3258426966292135,0.16176470588235295,0.48760740251156642
Celeb-DF-v2,0.6,0.3,0.1,0.5,42,75,178,340,0.23595505617977527,0.22058823529411764,0.45654329147389294
Celeb-DF-v2,0.6,0.3,0.1,0.55,33,100,178,340,0.1853932584269663,0.29411764705882354,0.47951090548578984
Celeb-DF-v2,0.6,0.3,0.1,0.6,21,123,178,340,0.11797752808988764,0.36176470588235293,0.47974223397224058
Celeb-DF-v2,0.6,0.3,0.1,0.65,15,159,178,340,0.084269662921348312,0.46764705882352942,0.55191672174487771
Celeb-DF-v2,0.6,0.3,0.1,0.7,6,184,178,340,0.033707865168539325,0.54117647058823526,0.57488433575677456
Celeb-DF-v2,0.6,0.3,0.1,0.75,4,219,178,340,0.02247191011235955,0.64411764705882357,0.66658955717118307
Celeb-DF-v2,0.6,0.3,0.1,0.8,4,244,178,340,0.02247191011235955,0.71764705882352942,0.74011896893588891
Celeb-DF-v2,0.6,0.3,0.1,0.85,2,273,178,340,0.011235955056179775,0.80294117647058827,0.81417713152676807
Celeb-DF-v2,0.6,0.3,0.1,0.9,1,303,178,340,0.0056179775280898875,0.89117647058823535,0.89679444811632525
Celeb-DF-v2,0.6,0.3,0.1,0.95,0,329,178,340,0,0.96764705882352942,0.96764705882352942
Celeb-DF-v2,0.6,0.3,0.1,1,0,340,178,340,0,1,1
Celeb-DF-v2,0.6,0.35,0.05,0,178,0,178,340,1,0,1
Celeb-DF-v2,0.6,0.35,0.05,0.05,173,0,178,340,0.9719101123595506,0,0.9719101123595506
Celeb-DF-v2,0.6,0.35,0.05,0.1,168,0,178,340,0.9438202247191011,0,0.9438202247191011
Celeb-DF-v2,0.6,0.35,0.05,0.15,153,1,178,340,0.8595505617977528,0.0029411764705882353,0.86249173826834102
Celeb-DF-v2,0.6,0.35,0.05,0.2,144,1,178,340,0.8089887640449438,0.0029411764705882353,0.81192994051553202
Celeb-DF-v2,0.6,0.35,0.05,0.25,123,7,178,340,0.6910112359550562,0.020588235294117647,0.71159947124917389
Celeb-DF-v2,0.6,0.35,0.05,0.3,103,14,178,340,0.5786516853932584,0.041176470588235294,0.61982815598149366
Celeb-DF-v2,0.6,0.35,0.05,0.35,83,28,178,340,0.46629213483146065,0.082352941176470587,0.54864507600793122
Celeb-DF-v2,0.6,0.35,0.05,0.4,67,43,178,340,0.37640449438202245,0.12647058823529411,0.5028750826173165
Celeb-DF-v2,0.6,0.35,0.05,0.45,55,64,178,340,0.3089887640449438,0.18823529411764706,0.49722405816259085
Celeb-DF-v2,0.6,0.35,0.05,0.5,41,83,178,340,0.2303370786516854,0.24411764705882352,0.47445472571050895
Celeb-DF-v2,0.6,0.35,0.05,0.55,30,105,178,340,0.16853932584269662,0.30882352941176472,0.47736285525446132
Celeb-DF-v2,0.6,0.35,0.05,0.6,21,132,178,340,0.11797752808988764,0.38823529411764707,0.50621282220753472
Celeb-DF-v2,0.6,0.35,0.05,0.65,15,162,178,340,0.084269662921348312,0.47647058823529409,0.56074025115664239
Celeb-DF-v2,0.6,0.35,0.05,0.7,8,194,178,340,0.0449438202247191,0.57058823529411762,0.61553205551883672
Celeb-DF-v2,0.6,0.35,0.05,0.75,4,218,178,340,0.02247191011235955,0.64117647058823535,0.66364838070059484
Celeb-DF-v2,0.6,0.35,0.05,0.8,4,244,178,340,0.02247191011235955,0.71764705882352942,0.74011896893588891
Celeb-DF-v2,0.6,0.35,0.05,0.85,2,273,178,340,0.011235955056179775,0.80294117647058827,0.81417713152676807
Celeb-DF-v2,0.6,0.35,0.05,0.9,1,300,178,340,0.0056179775280898875,0.88235294117647056,0.88797091870456046
Celeb-DF-v2,0.6,0.35,0.05,0.95,0,326,178,340,0,0.95882352941176474,0.95882352941176474
Celeb-DF-v2,0.6,0.35,0.05,1,0,340,178,340,0,1,1
Celeb-DF-v2,0.6,0.4,0,0,178,0,178,340,1,0,1
Celeb-DF-v2,0.6,0.4,0,0.05,171,0,178,340,0.9606741573033708,0,0.9606741573033708
Celeb-DF-v2,0.6,0.4,0,0.1,164,1,178,340,0.9213483146067416,0.0029411764705882353,0.92428949107732983
Celeb-DF-v2,0.6,0.4,0,0.15,150,1,178,340,0.84269662921348309,0.0029411764705882353,0.84563780568407132
Celeb-DF-v2,0.6,0.4,0,0.2,141,5,178,340,0.7921348314606742,0.014705882352941176,0.80684071381361533
Celeb-DF-v2,0.6,0.4,0,0.25,119,10,178,340,0.6685393258426966,0.029411764705882353,0.69795109054857896
Celeb-DF-v2,0.6,0.4,0,0.3,100,21,178,340,0.5617977528089888,0.061764705882352944,0.62356245869134175
Celeb-DF-v2,0.6,0.4,0,0.35,82,35,178,340,0.4606741573033708,0.10294117647058823,0.563615333773959
Celeb-DF-v2,0.6,0.4,0,0.4,63,49,178,340,0.3539325842696629,0.14411764705882352,0.49805023132848641
Celeb-DF-v2,0.6,0.4,0,0.45,54,68,178,340,0.30337078651685395,0.20000000000000001,0.50337078651685396
Celeb-DF-v2,0.6,0.4,0,0.5,42,89,178,340,0.23595505617977527,0.26176470588235295,0.4977197620621282
Celeb-DF-v2,0.6,0.4,0,0.55,31,111,178,340,0.17415730337078653,0.32647058823529412,0.50062789160608068
Celeb-DF-v2,0.6,0.4,0,0.6,24,142,178,340,0.1348314606741573,0.41764705882352943,0.55247851949768667
Celeb-DF-v2,0.6,0.4,0,0.65,14,163,178,340,0.078651685393258425,0.47941176470588237,0.55806345009914082
Celeb-DF-v2,0.6,0.4,0,0.7,9,195,178,340,0.050561797752808987,0.57352941176470584,0.62409120951751484
Celeb-DF-v2,0.6,0.4,0,0.75,5,217,178,340,0.028089887640449437,0.63823529411764701,0.66632518175809641
Celeb-DF-v2,0.6,0.4,0,0.8,4,242,178,340,0.02247191011235955,0.71176470588235297,0.73423661599471246
Celeb-DF-v2,0.6,0.4,0,0.85,2,272,178,340,0.011235955056179775,0.80000000000000004,0.81123595505617985
Celeb-DF-v2,0.6,0.4,0,0.9,1,297,178,340,0.0056179775280898875,0.87352941176470589,0.87914738929279579
Celeb-DF-v2,0.6,0.4,0,0.95,0,325,178,340,0,0.95588235294117652,0.95588235294117652
Celeb-DF-v2,0.6,0.4,0,1,0,340,178,340,0,1,1
Celeb-DF-v2,0.65,0,0.35,0,178,0,178,340,1,0,1
Celeb-DF-v2,0.65,0,0.35,0.05,178,0,178,340,1,0,1
Celeb-DF-v2,0.65,0,0.35,0.1,174,0,178,340,0.97752808988764039,0,0.97752808988764039
Celeb-DF-v2,0.65,0,0.35,0.15,169,0,178,340,0.949438202247191,0,0.949438202247191
Celeb-DF-v2,0.65,0,0.35,0.2,163,0,178,340,0.9157303370786517,0,0.9157303370786517
Celeb-DF-v2,0.65,0,0.35,0.25,148,0,178,340,0.8314606741573034,0,0.8314606741573034
Celeb-DF-v2,0.65,0,0.35,0.3,132,2,178,340,0.7415730337078652,0.0058823529411764705,0.74745538664904165
Celeb-DF-v2,0.65,0,0.35,0.35,111,4,178,340,0.6235955056179775,0.011764705882352941,0.6353602115003304
Celeb-DF-v2,0.65,0,0.35,0.4,99,15,178,340,0.5561797752808989,0.044117647058823532,0.60029742233972239
Celeb-DF-v2,0.65,0,0.35,0.45,77,21,178,340,0.43258426966292135,0.061764705882352944,0.49434897554527429
Celeb-DF-v2,0.65,0,0.35,0.5,58,40,178,340,0.3258426966292135,0.11764705882352941,0.44348975545274294
Celeb-DF-v2,0.65,0,0.35,0.55,41,62,178,340,0.2303370786516854,0.18235294117647058,0.41269001982815601
Celeb-DF-v2,0.65,0,0.35,0.6,28,87,178,340,0.15730337078651685,0.25588235294117645,0.4131857237276933
Celeb-DF-v2,0.65,0,0.35,0.65,20,114,178,340,0.11235955056179775,0.3352941176470588,0.44765366820885655
Celeb-DF-v2,0.65,0,0.35,0.7,10,150,178,340,0.056179775280898875,0.44117647058823528,0.49735624586913418
Celeb-DF-v2,0.65,0,0.35,0.75,4,197,178,340,0.02247191011235955,0.5794117647058824,0.6018836748182419
Celeb-DF-v2,0.65,0,0.35,0.8,4,235,178,340,0.02247191011235955,0.69117647058823528,0.71364838070059489
Celeb-DF-v2,0.65,0,0.35,0.85,0,277,178,340,0,0.81470588235294117,0.81470588235294117
Celeb-DF-v2,0.65,0,0.35,0.9,0,306,178,340,0,0.90000000000000002,0.90000000000000002
Celeb-DF-v2,0.65,0,0.35,0.95,0,329,178,340,0,0.96764705882352942,0.96764705882352942
Celeb-DF-v2,0.65,0,0.35,1,0,340,178,340,0,1,1
Celeb-DF-v2,0.65,0.05,0.3,0,178,0,178,340,1,0,1
Celeb-DF-v2,0.65,0.05,0.3,0.05,178,0,178,340,1,0,1
Celeb-DF-v2,0.65,0.05,0.3,0.1,173,0,178,340,0.9719101123595506,0,0.9719101123595506
Celeb-DF-v2,0.65,0.05,0.3,0.15,169,0,178,340,0.949438202247191,0,0.949438202247191
Celeb-DF-v2,0.65,0.05,0.3,0.2,161,0,178,340,0.9044943820224719,0,0.9044943820224719
Celeb-DF-v2,0.65,0.05,0.3,0.25,147,0,178,340,0.8258426966292135,0,0.8258426966292135
Celeb-DF-v2,0.65,0.05,0.3,0.3,126,2,178,340,0.7078651685393258,0.0058823529411764705,0.71374752148050224
Celeb-DF-v2,0.65,0.05,0.3,0.35,107,8,178,340,0.601123595505618,0.023529411764705882,0.62465300727032391
Celeb-DF-v2,0.65,0.05,0.3,0.4,96,15,178,340,0.5393258426966292,0.044117647058823532,0.58344348975545268
Celeb-DF-v2,0.65,0.05,0.3,0.45,72,25,178,340,0.4044943820224719,0.073529411764705885,0.4780237937871778
Celeb-DF-v2,0.65,0.05,0.3,0.5,55,47,178,340,0.3089887640449438,0.13823529411764707,0.44722405816259087
Celeb-DF-v2,0.65,0.05,0.3,0.55,39,69,178,340,0.21910112359550563,0.20294117647058824,0.42204230006609389
Celeb-DF-v2,0.65,0.05,0.3,0.6,28,89,178,340,0.15730337078651685,0.26176470588235295,0.4190680766688698
Celeb-DF-v2,0.65,0.05,0.3,0.65,18,124,178,340,0.10112359550561797,0.36470588235294116,0.4658294778585591
Celeb-DF-v2,0.65,0.05,0.3,0.7,9,156,178,340,0.050561797752808987,0.45882352941176469,0.50938532716457363
Celeb-DF-v2,0.65,0.05,0.3,0.75,4,200,178,340,0.02247191011235955,0.58823529411764708,0.61070720423000657
Celeb-DF-v2,0.65,0.05,0.3,0.8,3,234,178,340,0.016853932584269662,0.68823529411764706,0.70508922670191676
Celeb-DF-v2,0.65,0.05,0.3,0.85,0,280,178,340,0,0.82352941176470584,0.82352941176470584
Celeb-DF-v2,0.65,0.05,0.3,0.9,0,308,178,340,0,0.90588235294117647,0.90588235294117647
Celeb-DF-v2,0.65,0.05,0.3,0.95,0,329,178,340,0,0.96764705882352942,0.96764705882352942
Celeb-DF-v2,0.65,0.05,0.3,1,0,340,178,340,0,1,1
Celeb-DF-v2,0.65,0.1,0.25,0,178,0,178,340,1,0,1
Celeb-DF-v2,0.65,0.1,0.25,0.05,178,0,178,340,1,0,1
Celeb-DF-v2,0.65,0.1,0.25,0.1,173,0,178,340,0.9719101123595506,0,0.9719101123595506
Celeb-DF-v2,0.65,0.1,0.25,0.15,168,0,178,340,0.9438202247191011,0,0.9438202247191011
Celeb-DF-v2,0.65,0.1,0.25,0.2,157,0,178,340,0.8820224719101124,0,0.8820224719101124
Celeb-DF-v2,0.65,0.1,0.25,0.25,144,0,178,340,0.8089887640449438,0,0.8089887640449438
Celeb-DF-v2,0.65,0.1,0.25,0.3,125,3,178,340,0.702247191011236,0.0088235294117647058,0.71107072042300068
Celeb-DF-v2,0.65,0.1,0.25,0.35,105,10,178,340,0.5898876404494382,0.029411764705882353,0.61929940515532056
Celeb-DF-v2,0.65,0.1,0.25,0.4,91,20,178,340,0.5112359550561798,0.058823529411764705,0.57005948446794452
Celeb-DF-v2,0.65,0.1,0.25,0.45,69,30,178,340,0.38764044943820225,0.088235294117647065,0.47587574355584933
Celeb-DF-v2,0.65,0.1,0.25,0.5,52,51,178,340,0.29213483146067415,0.14999999999999999,0.44213483146067412
Celeb-DF-v2,0.65,0.1,0.25,0.55,37,78,178,340,0.20786516853932585,0.22941176470588234,0.43727693324520822
Celeb-DF-v2,0.65,0.1,0.25,0.6,25,98,178,340,0.1404494382022472,0.28823529411764703,0.42868473231989423
Celeb-DF-v2,0.65,0.1,0.25,0.65,14,128,178,340,0.078651685393258425,0.37647058823529411,0.45512227362855251
Celeb-DF-v2,0.65,0.1,0.25,0.7,8,164,178,340,0.0449438202247191,0.4823529411764706,0.52729676140118964
Celeb-DF-v2,0.65,0.1,0.25,0.75,5,204,178,340,0.028089887640449437,0.59999999999999998,0.62808988764044937
Celeb-DF-v2,0.65,0.1,0.25,0.8,3,238,178,340,0.016853932584269662,0.69999999999999996,0.71685393258426966
Celeb-DF-v2,0.65,0.1,0.25,0.85,0,279,178,340,0,0.82058823529411762,0.82058823529411762
Celeb-DF-v2,0.65,0.1,0.25,0.9,0,307,178,340,0,0.90294117647058825,0.90294117647058825
Celeb-DF-v2,0.65,0.1,0.25,0.95,0,329,178,340,0,0.96764705882352942,0.96764705882352942
Celeb-DF-v2,0.65,0.1,0.25,1,0,340,178,340,0,1,1
Celeb-DF-v2,0.65,0.15,0.2,0,178,0,178,340,1,0,1
Celeb-DF-v2,0.65,0.15,0.2,0.05,178,0,178,340,1,0,1
Celeb-DF-v2,0.65,0.15,0.2,0.1,173,0,178,340,0.9719101123595506,0,0.9719101123595506
Celeb-DF-v2,0.65,0.15,0.2,0.15,166,0,178,340,0.93258426966292129,0,0.93258426966292129
Celeb-DF-v2,0.65,0.15,0.2,0.2,156,0,178,340,0.8764044943820225,0,0.8764044943820225
Celeb-DF-v2,0.65,0.15,0.2,0.25,139,1,178,340,0.7808988764044944,0.0029411764705882353,0.78384005287508263
Celeb-DF-v2,0.65,0.15,0.2,0.3,122,4,178,340,0.6853932584269663,0.011764705882352941,0.6971579643093192
Celeb-DF-v2,0.65,0.15,0.2,0.35,104,14,178,340,0.5842696629213483,0.041176470588235294,0.62544613350958356
Celeb-DF-v2,0.65,0.15,0.2,0.4,83,23,178,340,0.46629213483146065,0.067647058823529407,0.5339391936549901
Celeb-DF-v2,0.65,0.15,0.2,0.45,64,37,178,340,0.3595505617977528,0.10882352941176471,0.46837409120951751
Celeb-DF-v2,0.65,0.15,0.2,0.5,47,58,178,340,0.2640449438202247,0.17058823529411765,0.43463317911434235
Celeb-DF-v2,0.65,0.15,0.2,0.55,39,83,178,340,0.21910112359550563,0.24411764705882352,0.46321877065432915
Celeb-DF-v2,0.65,0.15,0.2,0.6,25,107,178,340,0.1404494382022472,0.31470588235294117,0.45515532055518837
Celeb-DF-v2,0.65,0.15,0.2,0.65,14,135,178,340,0.078651685393258425,0.39705882352941174,0.47571050892267019
Celeb-DF-v2,0.65,0.15,0.2,0.7,8,173,178,340,0.0449438202247191,0.50882352941176467,0.55376734963648377
Celeb-DF-v2,0.65,0.15,0.2,0.75,4,208,178,340,0.02247191011235955,0.61176470588235299,0.63423661599471259
Celeb-DF-v2,0.65,0.15,0.2,0.8,3,240,178,340,0.016853932584269662,0.70588235294117652,0.72273628552544622
Celeb-DF-v2,0.65,0.15,0.2,0.85,2,276,178,340,0.011235955056179775,0.81176470588235294,0.82300066093853275
Celeb-DF-v2,0.65,0.15,0.2,0.9,0,308,178,340,0,0.90588235294117647,0.90588235294117647
Celeb-DF-v2,0.65,0.15,0.2,0.95,0,330,178,340,0,0.97058823529411764,0.97058823529411764
Celeb-DF-v2,0.65,0.15,0.2,1,0,340,178,340,0,1,1
Celeb-DF-v2,0.65,0.2,0.15,0,178,0,178,340,1,0,1
Celeb-DF-v2,0.65,0.2,0.15,0.05,177,0,178,340,0.9943820224719101,0,0.9943820224719101
Celeb-DF-v2,0.65,0.2,0.15,0.1,171,0,178,340,0.9606741573033708,0,0.9606741573033708
Celeb-DF-v2,0.65,0.2,0.15,0.15,164,0,178,340,0.9213483146067416,0,0.9213483146067416
Celeb-DF-v2,0.65,0.2,0.15,0.2,153,0,178,340,0.8595505617977528,0,0.8595505617977528
Celeb-DF-v2,0.65,0.2,0.15,0.25,136,1,178,340,0.7640449438202247,0.0029411764705882353,0.76698612029081292
Celeb-DF-v2,0.65,0.2,0.15,0.3,116,6,178,340,0.651685393258427,0.017647058823529412,0.66933245208195646
Celeb-DF-v2,0.65,0.2,0.15,0.35,97,19,178,340,0.5449438202247191,0.055882352941176473,0.60082617316589559
Celeb-DF-v2,0.65,0.2,0.15,0.4,79,25,178,340,0.4438202247191011,0.073529411764705885,0.51734963648380694
Celeb-DF-v2,0.65,0.2,0.15,0.45,61,45,178,340,0.34269662921348315,0.13235294117647059,0.47504957038995377
Celeb-DF-v2,0.65,0.2,0.15,0.5,45,65,178,340,0.25280898876404495,0.19117647058823528,0.44398545935228023
Celeb-DF-v2,0.65,0.2,0.15,0.55,36,89,178,340,0.20224719101123595,0.26176470588235295,0.4640118968935889
Celeb-DF-v2,0.65,0.2,0.15,0.6,25,114,178,340,0.1404494382022472,0.3352941176470588,0.475743555849306
Celeb-DF-v2,0.65,0.2,0.15,0.65,15,147,178,340,0.084269662921348312,0.43235294117647061,0.5166226040978189
Celeb-DF-v2,0.65,0.2,0.15,0.7,7,178,178,340,0.039325842696629212,0.52352941176470591,0.56285525446133511
Celeb-DF-v2,0.65,0.2,0.15,0.75,4,213,178,340,0.02247191011235955,0.62647058823529411,0.64894249834765372
Celeb-DF-v2,0.65,0.2,0.15,0.8,3,242,178,340,0.016853932584269662,0.71176470588235297,0.72861863846662267
Celeb-DF-v2,0.65,0.2,0.15,0.85,2,272,178,340,0.011235955056179775,0.80000000000000004,0.81123595505617985
Celeb-DF-v2,0.65,0.2,0.15,0.9,0,304,178,340,0,0.89411764705882357,0.89411764705882357
Celeb-DF-v2,0.65,0.2,0.15,0.95,0,330,178,340,0,0.97058823529411764,0.97058823529411764
Celeb-DF-v2,0.65,0.2,0.15,1,0,340,178,340,0,1,1
Celeb-DF-v2,0.65,0.25,0.1,0,178,0,178,340,1,0,1
Celeb-DF-v2,0.65,0.25,0.1,0.05,175,0,178,340,0.9831460674157303,0,0.9831460674157303
Celeb-DF-v2,0.65,0.25,0.1,0.1,170,0,178,340,0.9550561797752809,0,0.9550561797752809
Celeb-DF-v2,0.65,0.25,0.1,0.15,160,0,178,340,0.898876404494382,0,0.898876404494382
Celeb-DF-v2,0.65,0.25,0.1,0.2,149,1,178,340,0.8370786516853933,0.0029411764705882353,0.84001982815598153
Celeb-DF-v2,0.65,0.25,0.1,0.25,135,3,178,340,0.7584269662921348,0.0088235294117647058,0.76725049570389947
Celeb-DF-v2,0.65,0.25,0.1,0.3,116,8,178,340,0.651685393258427,0.023529411764705882,0.67521480502313291
Celeb-DF-v2,0.65,0.25,0.1,0.35,92,21,178,340,0.5168539325842697,0.061764705882352944,0.57861863846662265
Celeb-DF-v2,0.65,0.25,0.1,0.4,77,32,178,340,0.43258426966292135,0.094117647058823528,0.52670191672174482
Celeb-DF-v2,0.65,0.25,0.1,0.45,61,53,178,340,0.34269662921348315,0.15588235294117647,0.49857898215465962
Celeb-DF-v2,0.65,0.25,0.1,0.5,44,70,178,340,0.24719101123595505,0.20588235294117646,0.45307336417713151
Celeb-DF-v2,0.65,0.25,0.1,0.55,36,93,178,340,0.20224719101123595,0.27352941176470591,0.47577660277594186
Celeb-DF-v2,0.65,0.25,0.1,0.6,23,119,178,340,0.12921348314606743,0.34999999999999998,0.47921348314606738
Celeb-DF-v2,0.65,0.25,0.1,0.65,16,150,178,340,0.0898876404494382,0.44117647058823528,0.53106411103767348
Celeb-DF-v2,0.65,0.25,0.1,0.7,7,182,178,340,0.039325842696629212,0.53529411764705881,0.57461996034368801
Celeb-DF-v2,0.65,0.25,0.1,0.75,4,215,178,340,0.02247191011235955,0.63235294117647056,0.65482485128883017
Celeb-DF-v2,0.65,0.25,0.1,0.8,3,243,178,340,0.016853932584269662,0.71470588235294119,0.73155981493721089
Celeb-DF-v2,0.65,0.25,0.1,0.85,2,272,178,340,0.011235955056179775,0.80000000000000004,0.81123595505617985
Celeb-DF-v2,0.65,0.25,0.1,0.9,1,303,178,340,0.0056179775280898875,0.89117647058823535,0.89679444811632525
Celeb-DF-v2,0.65,0.25,0.1,0.95,0,329,178,340,0,0.96764705882352942,0.96764705882352942
Celeb-DF-v2,0.65,0.25,0.1,1,0,340,178,340,0,1,1
Celeb-DF-v2,0.65,0.3,0.05,0,178,0,178,340,1,0,1
Celeb-DF-v2,0.65,0.3,0.05,0.05,173,0,178,340,0.9719101123595506,0,0.9719101123595506
Celeb-DF-v2,0.65,0.3,0.05,0.1,168,0,178,340,0.9438202247191011,0,0.9438202247191011
Celeb-DF-v2,0.65,0.3,0.05,0.15,154,1,178,340,0.8651685393258427,0.0029411764705882353,0.86810971579643093
Celeb-DF-v2,0.65,0.3,0.05,0.2,146,1,178,340,0.8202247191011236,0.0029411764705882353,0.82316589557171183
Celeb-DF-v2,0.65,0.3,0.05,0.25,131,6,178,340,0.7359550561797753,0.017647058823529412,0.75360211500330476
Celeb-DF-v2,0.65,0.3,0.05,0.3,110,14,178,340,0.6179775280898876,0.041176470588235294,0.65915399867812285
Celeb-DF-v2,0.65,0.3,0.05,0.35,89,26,178,340,0.5,0.076470588235294124,0.57647058823529407
Celeb-DF-v2,0.65,0.3,0.05,0.4,77,38,178,340,0.43258426966292135,0.11176470588235295,0.54434897554527428
Celeb-DF-v2,0.65,0.3,0.05,0.45,58,57,178,340,0.3258426966292135,0.1676470588235294,0.49348975545274287
Celeb-DF-v2,0.65,0.3,0.05,0.5,43,78,178,340,0.24157303370786518,0.22941176470588234,0.47098479841374752
Celeb-DF-v2,0.65,0.3,0.05,0.55,36,101,178,340,0.20224719101123595,0.29705882352941176,0.49930601454064771
Celeb-DF-v2,0.65,0.3,0.05,0.6,24,127,178,340,0.1348314606741573,0.37352941176470589,0.50836087243886319
Celeb-DF-v2,0.65,0.3,0.05,0.65,17,157,178,340,0.095505617977528087,0.46176470588235297,0.55727032385988107
Celeb-DF-v2,0.65,0.3,0.05,0.7,9,187,178,340,0.050561797752808987,0.55000000000000004,0.60056179775280905
Celeb-DF-v2,0.65,0.3,0.05,0.75,4,217,178,340,0.02247191011235955,0.63823529411764701,0.66070720423000662
Celeb-DF-v2,0.65,0.3,0.05,0.8,4,245,178,340,0.02247191011235955,0.72058823529411764,0.74306014540647713
Celeb-DF-v2,0.65,0.3,0.05,0.85,2,270,178,340,0.011235955056179775,0.79411764705882348,0.80535360211500329
Celeb-DF-v2,0.65,0.3,0.05,0.9,1,301,178,340,0.0056179775280898875,0.88529411764705879,0.89091209517514869
Celeb-DF-v2,0.65,0.3,0.05,0.95,0,326,178,340,0,0.95882352941176474,0.95882352941176474
Celeb-DF-v2,0.65,0.3,0.05,1,0,340,178,340,0,1,1
Celeb-DF-v2,0.65,0.35,0,0,178,0,178,340,1,0,1
Celeb-DF-v2,0.65,0.35,0,0.05,171,0,178,340,0.9606741573033708,0,0.9606741573033708
Celeb-DF-v2,0.65,0.35,0,0.1,165,1,178,340,0.9269662921348315,0.0029411764705882353,0.92990746860541973
Celeb-DF-v2,0.65,0.35,0,0.15,152,1,178,340,0.8539325842696629,0.0029411764705882353,0.85687376074025112
Celeb-DF-v2,0.65,0.35,0,0.2,143,4,178,340,0.8033707865168539,0.011764705882352941,0.8151354923992068
Celeb-DF-v2,0.65,0.35,0,0.25,124,9,178,340,0.6966292134831461,0.026470588235294117,0.72309980171844024
Celeb-DF-v2,0.65,0.35,0,0.3,104,18,178,340,0.5842696629213483,0.052941176470588235,0.63721083939193657
Celeb-DF-v2,0.65,0.35,0,0.35,84,31,178,340,0.47191011235955055,0.091176470588235289,0.5630865829477858
Celeb-DF-v2,0.65,0.35,0,0.4,70,47,178,340,0.39325842696629215,0.13823529411764707,0.53149372108393922
Celeb-DF-v2,0.65,0.35,0,0.45,55,64,178,340,0.3089887640449438,0.18823529411764706,0.49722405816259085
Celeb-DF-v2,0.65,0.35,0,0.5,45,88,178,340,0.25280898876404495,0.25882352941176473,0.51163251817580968
Celeb-DF-v2,0.65,0.35,0,0.55,33,106,178,340,0.1853932584269663,0.31176470588235294,0.49715796430931924
Celeb-DF-v2,0.65,0.35,0,0.6,24,140,178,340,0.1348314606741573,0.41176470588235292,0.54659616655651022
Celeb-DF-v2,0.65,0.35,0,0.65,17,159,178,340,0.095505617977528087,0.46764705882352942,0.56315267680105752
Celeb-DF-v2,0.65,0.35,0,0.7,10,193,178,340,0.056179775280898875,0.56764705882352939,0.6238268341044283
Celeb-DF-v2,0.65,0.35,0,0.75,4,216,178,340,0.02247191011235955,0.63529411764705879,0.65776602775941839
Celeb-DF-v2,0.65,0.35,0,0.8,4,241,178,340,0.02247191011235955,0.70882352941176474,0.73129543952412424
Celeb-DF-v2,0.65,0.35,0,0.85,2,270,178,340,0.011235955056179775,0.79411764705882348,0.80535360211500329
Celeb-DF-v2,0.65,0.35,0,0.9,1,297,178,340,0.0056179775280898875,0.87352941176470589,0.87914738929279579
Celeb-DF-v2,0.65,0.35,0,0.95,0,324,178,340,0,0.95294117647058818,0.95294117647058818
Celeb-DF-v2,0.65,0.35,0,1,0,340,178,340,0,1,1
Celeb-DF-v2,0.7,0,0.3,0,178,0,178,340,1,0,1
Celeb-DF-v2,0.7,0,0.3,0.05,178,0,178,340,1,0,1
Celeb-DF-v2,0.7,0,0.3,0.1,173,0,178,340,0.9719101123595506,0,0.9719101123595506
Celeb-DF-v2,0.7,0,0.3,0.15,169,0,178,340,0.949438202247191,0,0.949438202247191
Celeb-DF-v2,0.7,0,0.3,0.2,163,0,178,340,0.9157303370786517,0,0.9157303370786517
Celeb-DF-v2,0.7,0,0.3,0.25,149,0,178,340,0.8370786516853933,0,0.8370786516853933
Celeb-DF-v2,0.7,0,0.3,0.3,130,1,178,340,0.7303370786516854,0.0029411764705882353,0.73327825512227363
Celeb-DF-v2,0.7,0,0.3,0.35,116,5,178,340,0.651685393258427,0.014705882352941176,0.66639127561136813
Celeb-DF-v2,0.7,0,0.3,0.4,99,14,178,340,0.5561797752808989,0.041176470588235294,0.59735624586913416
Celeb-DF-v2,0.7,0,0.3,0.45,77,23,178,340,0.43258426966292135,0.067647058823529407,0.5002313284864508
Celeb-DF-v2,0.7,0,0.3,0.5,58,46,178,340,0.3258426966292135,0.13529411764705881,0.46113681427627229
Celeb-DF-v2,0.7,0,0.3,0.55,43,64,178,340,0.24157303370786518,0.18823529411764706,0.42980832782551226
Celeb-DF-v2,0.7,0,0.3,0.6,29,88,178,340,0.16292134831460675,0.25882352941176473,0.42174487772637148
Celeb-DF-v2,0.7,0,0.3,0.65,21,120,178,340,0.11797752808988764,0.35294117647058826,0.47091870456047591
Celeb-DF-v2,0.7,0,0.3,0.7,10,148,178,340,0.056179775280898875,0.43529411764705883,0.49147389292795773
Celeb-DF-v2,0.7,0,0.3,0.75,4,195,178,340,0.02247191011235955,0.57352941176470584,0.59600132187706545
Celeb-DF-v2,0.7,0,0.3,0.8,4,234,178,340,0.02247191011235955,0.68823529411764706,0.71070720423000666
Celeb-DF-v2,0.7,0,0.3,0.85,0,279,178,340,0,0.82058823529411762,0.82058823529411762
Celeb-DF-v2,0.7,0,0.3,0.9,0,309,178,340,0,0.9088235294117647,0.9088235294117647
Celeb-DF-v2,0.7,0,0.3,0.95,0,328,178,340,0,0.96470588235294119,0.96470588235294119
Celeb-DF-v2,0.7,0,0.3,1,0,340,178,340,0,1,1
Celeb-DF-v2,0.7,0.05,0.25,0,178,0,178,340,1,0,1
Celeb-DF-v2,0.7,0.05,0.25,0.05,178,0,178,340,1,0,1
Celeb-DF-v2,0.7,0.05,0.25,0.1,173,0,178,340,0.9719101123595506,0,0.9719101123595506
Celeb-DF-v2,0.7,0.05,0.25,0.15,168,0,178,340,0.9438202247191011,0,0.9438202247191011
Celeb-DF-v2,0.7,0.05,0.25,0.2,160,0,178,340,0.898876404494382,0,0.898876404494382
Celeb-DF-v2,0.7,0.05,0.25,0.25,148,0,178,340,0.8314606741573034,0,0.8314606741573034
Celeb-DF-v2,0.7,0.05,0.25,0.3,128,3,178,340,0.7191011235955056,0.0088235294117647058,0.72792465300727027
Celeb-DF-v2,0.7,0.05,0.25,0.35,113,7,178,340,0.6348314606741573,0.020588235294117647,0.65541969596827498
Celeb-DF-v2,0.7,0.05,0.25,0.4,98,20,178,340,0.550561797752809,0.058823529411764705,0.60938532716457372
Celeb-DF-v2,0.7,0.05,0.25,0.45,72,27,178,340,0.4044943820224719,0.079411764705882348,0.48390614672835425
Celeb-DF-v2,0.7,0.05,0.25,0.5,56,50,178,340,0.3146067415730337,0.14705882352941177,0.4616655651024455
Celeb-DF-v2,0.7,0.05,0.25,0.55,42,71,178,340,0.23595505617977527,0.20882352941176471,0.44477858559153999
Celeb-DF-v2,0.7,0.05,0.25,0.6,28,93,178,340,0.15730337078651685,0.27352941176470591,0.43083278255122276
Celeb-DF-v2,0.7,0.05,0.25,0.65,20,123,178,340,0.11235955056179775,0.36176470588235293,0.47412425644415068
Celeb-DF-v2,0.7,0.05,0.25,0.7,9,157,178,340,0.050561797752808987,0.46176470588235297,0.51232650363516197
Celeb-DF-v2,0.7,0.05,0.25,0.75,4,200,178,340,0.02247191011235955,0.58823529411764708,0.61070720423000657
Celeb-DF-v2,0.7,0.05,0.25,0.8,3,239,178,340,0.016853932584269662,0.70294117647058818,0.71979510905485788
Celeb-DF-v2,0.7,0.05,0.25,0.85,2,278,178,340,0.011235955056179775,0.81764705882352939,0.8288830138797092
Celeb-DF-v2,0.7,0.05,0.25,0.9,0,309,178,340,0,0.9088235294117647,0.9088235294117647
Celeb-DF-v2,0.7,0.05,0.25,0.95,0,328,178,340,0,0.96470588235294119,0.96470588235294119
Celeb-DF-v2,0.7,0.05,0.25,1,0,340,178,340,0,1,1
Celeb-DF-v2,0.7,0.1,0.2,0,178,0,178,340,1,0,1
Celeb-DF-v2,0.7,0.1,0.2,0.05,178,0,178,340,1,0,1
Celeb-DF-v2,0.7,0.1,0.2,0.1,173,0,178,340,0.9719101123595506,0,0.9719101123595506
Celeb-DF-v2,0.7,0.1,0.2,0.15,167,0,178,340,0.9382022471910112,0,0.9382022471910112
Celeb-DF-v2,0.7,0.1,0.2,0.2,158,0,178,340,0.88764044943820219,0,0.88764044943820219
Celeb-DF-v2,0.7,0.1,0.2,0.25,143,1,178,340,0.8033707865168539,0.0029411764705882353,0.80631196298744212
Celeb-DF-v2,0.7,0.1,0.2,0.3,123,3,178,340,0.6910112359550562,0.0088235294117647058,0.69983476536682088
Celeb-DF-v2,0.7,0.1,0.2,0.35,109,10,178,340,0.61235955056179781,0.029411764705882353,0.64177131526768016
Celeb-DF-v2,0.7,0.1,0.2,0.4,90,23,178,340,0.5056179775280899,0.067647058823529407,0.57326503635161929
Celeb-DF-v2,0.7,0.1,0.2,0.45,69,32,178,340,0.38764044943820225,0.094117647058823528,0.48175809649702578
Celeb-DF-v2,0.7,0.1,0.2,0.5,52,52,178,340,0.29213483146067415,0.15294117647058825,0.4450760079312624
Celeb-DF-v2,0.7,0.1,0.2,0.55,41,78,178,340,0.2303370786516854,0.22941176470588234,0.45974884335756772
Celeb-DF-v2,0.7,0.1,0.2,0.6,25,102,178,340,0.1404494382022472,0.29999999999999999,0.44044943820224719
Celeb-DF-v2,0.7,0.1,0.2,0.65,17,129,178,340,0.095505617977528087,0.37941176470588234,0.47491738268341044
Celeb-DF-v2,0.7,0.1,0.2,0.7,8,166,178,340,0.0449438202247191,0.48823529411764705,0.53317911434236609
Celeb-DF-v2,0.7,0.1,0.2,0.75,5,205,178,340,0.028089887640449437,0.6029411764705882,0.6310310641110376
Celeb-DF-v2,0.7,0.1,0.2,0.8,3,238,178,340,0.016853932584269662,0.69999999999999996,0.71685393258426966
Celeb-DF-v2,0.7,0.1,0.2,0.85,2,275,178,340,0.011235955056179775,0.80882352941176472,0.82005948446794452
Celeb-DF-v2,0.7,0.1,0.2,0.9,0,309,178,340,0,0.9088235294117647,0.9088235294117647
Celeb-DF-v2,0.7,0.1,0.2,0.95,0,328,178,340,0,0.96470588235294119,0.96470588235294119
Celeb-DF-v2,0.7,0.1,0.2,1,0,340,178,340,0,1,1
Celeb-DF-v2,0.7,0.15,0.15,0,178,0,178,340,1,0,1
Celeb-DF-v2,0.7,0.15,0.15,0.05,177,0,178,340,0.9943820224719101,0,0.9943820224719101
Celeb-DF-v2,0.7,0.15,0.15,0.1,173,0,178,340,0.9719101123595506,0,0.9719101123595506
Celeb-DF-v2,0.7,0.15,0.15,0.15,164,0,178,340,0.9213483146067416,0,0.9213483146067416
Celeb-DF-v2,0.7,0.15,0.15,0.2,155,0,178,340,0.8707865168539326,0,0.8707865168539326
Celeb-DF-v2,0.7,0.15,0.15,0.25,139,1,178,340,0.7808988764044944,0.0029411764705882353,0.78384005287508263
Celeb-DF-v2,0.7,0.15,0.15,0.3,120,4,178,340,0.6741573033707865,0.011764705882352941,0.6859220092531394
Celeb-DF-v2,0.7,0.15,0.15,0.35,104,16,178,340,0.5842696629213483,0.047058823529411764,0.63132848645076001
Celeb-DF-v2,0.7,0.15,0.15,0.4,85,25,178,340,0.47752808988764045,0.073529411764705885,0.55105750165234635
Celeb-DF-v2,0.7,0.15,0.15,0.45,67,39,178,340,0.37640449438202245,0.11470588235294117,0.49111037673496361
Celeb-DF-v2,0.7,0.15,0.15,0.5,47,58,178,340,0.2640449438202247,0.17058823529411765,0.43463317911434235
Celeb-DF-v2,0.7,0.15,0.15,0.55,38,87,178,340,0.21348314606741572,0.25588235294117645,0.46936549900859215
Celeb-DF-v2,0.7,0.15,0.15,0.6,28,111,178,340,0.15730337078651685,0.32647058823529412,0.48377395902181097
Celeb-DF-v2,0.7,0.15,0.15,0.65,17,139,178,340,0.095505617977528087,0.4088235294117647,0.5043291473892928
Celeb-DF-v2,0.7,0.15,0.15,0.7,9,172,178,340,0.050561797752808987,0.50588235294117645,0.55644415069398545
Celeb-DF-v2,0.7,0.15,0.15,0.75,4,211,178,340,0.02247191011235955,0.62058823529411766,0.64306014540647727
Celeb-DF-v2,0.7,0.15,0.15,0.8,3,243,178,340,0.016853932584269662,0.71470588235294119,0.73155981493721089
Celeb-DF-v2,0.7,0.15,0.15,0.85,2,273,178,340,0.011235955056179775,0.80294117647058827,0.81417713152676807
Celeb-DF-v2,0.7,0.15,0.15,0.9,0,306,178,340,0,0.90000000000000002,0.90000000000000002
Celeb-DF-v2,0.7,0.15,0.15,0.95,0,330,178,340,0,0.97058823529411764,0.97058823529411764
Celeb-DF-v2,0.7,0.15,0.15,1,0,340,178,340,0,1,1
Celeb-DF-v2,0.7,0.2,0.1,0,178,0,178,340,1,0,1
Celeb-DF-v2,0.7,0.2,0.1,0.05,177,0,178,340,0.9943820224719101,0,0.9943820224719101
Celeb-DF-v2,0.7,0.2,0.1,0.1,170,0,178,340,0.9550561797752809,0,0.9550561797752809
Celeb-DF-v2,0.7,0.2,0.1,0.15,161,0,178,340,0.9044943820224719,0,0.9044943820224719
Celeb-DF-v2,0.7,0.2,0.1,0.2,149,1,178,340,0.8370786516853933,0.0029411764705882353,0.84001982815598153
Celeb-DF-v2,0.7,0.2,0.1,0.25,137,2,178,340,0.7696629213483146,0.0058823529411764705,0.77554527428949105
Celeb-DF-v2,0.7,0.2,0.1,0.3,116,8,178,340,0.651685393258427,0.023529411764705882,0.67521480502313291
Celeb-DF-v2,0.7,0.2,0.1,0.35,97,19,178,340,0.5449438202247191,0.055882352941176473,0.60082617316589559
Celeb-DF-v2,0.7,0.2,0.1,0.4,82,29,178,340,0.4606741573033708,0.085294117647058826,0.54596827495042966
Celeb-DF-v2,0.7,0.2,0.1,0.45,66,47,178,340,0.3707865168539326,0.13823529411764707,0.50902181097157961
Celeb-DF-v2,0.7,0.2,0.1,0.5,46,64,178,340,0.25842696629213485,0.18823529411764706,0.44666226040978191
Celeb-DF-v2,0.7,0.2,0.1,0.55,38,91,178,340,0.21348314606741572,0.2676470588235294,0.48113020489094516
Celeb-DF-v2,0.7,0.2,0.1,0.6,27,117,178,340,0.15168539325842698,0.34411764705882353,0.49580304031725053
Celeb-DF-v2,0.7,0.2,0.1,0.65,18,143,178,340,0.10112359550561797,0.42058823529411765,0.5217118307997356
Celeb-DF-v2,0.7,0.2,0.1,0.7,11,178,178,340,0.061797752808988762,0.52352941176470591,0.58532716457369471
Celeb-DF-v2,0.7,0.2,0.1,0.75,4,212,178,340,0.02247191011235955,0.62352941176470589,0.64600132187706549
Celeb-DF-v2,0.7,0.2,0.1,0.8,3,245,178,340,0.016853932584269662,0.72058823529411764,0.73744216787838734
Celeb-DF-v2,0.7,0.2,0.1,0.85,2,272,178,340,0.011235955056179775,0.80000000000000004,0.81123595505617985
Celeb-DF-v2,0.7,0.2,0.1,0.9,1,302,178,340,0.0056179775280898875,0.88823529411764701,0.89385327164573691
Celeb-DF-v2,0.7,0.2,0.1,0.95,0,330,178,340,0,0.97058823529411764,0.97058823529411764
Celeb-DF-v2,0.7,0.2,0.1,1,0,340,178,340,0,1,1
Celeb-DF-v2,0.7,0.25,0.05,0,178,0,178,340,1,0,1
Celeb-DF-v2,0.7,0.25,0.05,0.05,173,0,178,340,0.9719101123595506,0,0.9719101123595506
Celeb-DF-v2,0.7,0.25,0.05,0.1,168,0,178,340,0.9438202247191011,0,0.9438202247191011
Celeb-DF-v2,0.7,0.25,0.05,0.15,157,1,178,340,0.8820224719101124,0.0029411764705882353,0.88496364838070063
Celeb-DF-v2,0.7,0.25,0.05,0.2,149,1,178,340,0.8370786516853933,0.0029411764705882353,0.84001982815598153
Celeb-DF-v2,0.7,0.25,0.05,0.25,133,6,178,340,0.7471910112359551,0.017647058823529412,0.76483807005948456
Celeb-DF-v2,0.7,0.25,0.05,0.3,114,12,178,340,0.6404494382022472,0.035294117647058823,0.67574355584930601
Celeb-DF-v2,0.7,0.25,0.05,0.35,94,25,178,340,0.5280898876404494,0.073529411764705885,0.60161929940515524
Celeb-DF-v2,0.7,0.25,0.05,0.4,79,35,178,340,0.4438202247191011,0.10294117647058823,0.5467614011896893
Celeb-DF-v2,0.7,0.25,0.05,0.45,61,54,178,340,0.34269662921348315,0.1588235294117647,0.50152015862524779
Celeb-DF-v2,0.7,0.25,0.05,0.5,46,70,178,340,0.25842696629213485,0.20588235294117646,0.46430931923331131
Celeb-DF-v2,0.7,0.25,0.05,0.55,37,99,178,340,0.20786516853932585,0.29117647058823531,0.49904163912756117
Celeb-DF-v2,0.7,0.25,0.05,0.6,25,119,178,340,0.1404494382022472,0.34999999999999998,0.49044943820224718
Celeb-DF-v2,0.7,0.25,0.05,0.65,18,152,178,340,0.10112359550561797,0.44705882352941179,0.54818241903502973
Celeb-DF-v2,0.7,0.25,0.05,0.7,9,184,178,340,0.050561797752808987,0.54117647058823526,0.59173826834104426
Celeb-DF-v2,0.7,0.25,0.05,0.75,4,216,178,340,0.02247191011235955,0.63529411764705879,0.65776602775941839
Celeb-DF-v2,0.7,0.25,0.05,0.8,4,242,178,340,0.02247191011235955,0.71176470588235297,0.73423661599471246
Celeb-DF-v2,0.7,0.25,0.05,0.85,2,272,178,340,0.011235955056179775,0.80000000000000004,0.81123595505617985
Celeb-DF-v2,0.7,0.25,0.05,0.9,1,300,178,340,0.0056179775280898875,0.88235294117647056,0.88797091870456046
Celeb-DF-v2,0.7,0.25,0.05,0.95,0,327,178,340,0,0.96176470588235297,0.96176470588235297
Celeb-DF-v2,0.7,0.25,0.05,1,0,340,178,340,0,1,1
Celeb-DF-v2,0.7,0.3,0,0,178,0,178,340,1,0,1
Celeb-DF-v2,0.7,0.3,0,0.05,171,0,178,340,0.9606741573033708,0,0.9606741573033708
Celeb-DF-v2,0.7,0.3,0,0.1,165,1,178,340,0.9269662921348315,0.0029411764705882353,0.92990746860541973
Celeb-DF-v2,0.7,0.3,0,0.15,153,1,178,340,0.8595505617977528,0.0029411764705882353,0.86249173826834102
Celeb-DF-v2,0.7,0.3,0,0.2,145,3,178,340,0.8146067415730337,0.0088235294117647058,0.82343027098479837
Celeb-DF-v2,0.7,0.3,0,0.25,128,8,178,340,0.7191011235955056,0.023529411764705882,0.74263053536021151
Celeb-DF-v2,0.7,0.3,0,0.3,108,16,178,340,0.6067415730337079,0.047058823529411764,0.65380039656311961
Celeb-DF-v2,0.7,0.3,0,0.35,90,29,178,340,0.5056179775280899,0.085294117647058826,0.59091209517514875
Celeb-DF-v2,0.7,0.3,0,0.4,76,44,178,340,0.42696629213483145,0.12941176470588237,0.55637805684071384
Celeb-DF-v2,0.7,0.3,0,0.45,57,57,178,340,0.3202247191011236,0.1676470588235294,0.48787177792465297
Celeb-DF-v2,0.7,0.3,0,0.5,46,81,178,340,0.25842696629213485,0.23823529411764705,0.4966622604097819
Celeb-DF-v2,0.7,0.3,0,0.55,35,102,178,340,0.19662921348314608,0.29999999999999999,0.49662921348314604
Celeb-DF-v2,0.7,0.3,0,0.6,28,128,178,340,0.15730337078651685,0.37647058823529411,0.53377395902181091
Celeb-DF-v2,0.7,0.3,0,0.65,18,157,178,340,0.10112359550561797,0.46176470588235297,0.56288830138797097
Celeb-DF-v2,0.7,0.3,0,0.7,12,188,178,340,0.06741573033707865,0.55294117647058827,0.62035690680766686
Celeb-DF-v2,0.7,0.3,0,0.75,4,218,178,340,0.02247191011235955,0.64117647058823535,0.66364838070059484
Celeb-DF-v2,0.7,0.3,0,0.8,4,240,178,340,0.02247191011235955,0.70588235294117652,0.72835426305353601
Celeb-DF-v2,0.7,0.3,0,0.85,2,271,178,340,0.011235955056179775,0.79705882352941182,0.80829477858559162
Celeb-DF-v2,0.7,0.3,0,0.9,1,293,178,340,0.0056179775280898875,0.86176470588235299,0.86738268341044289
Celeb-DF-v2,0.7,0.3,0,0.95,0,324,178,340,0,0.95294117647058818,0.95294117647058818
Celeb-DF-v2,0.7,0.3,0,1,0,340,178,340,0,1,1
Celeb-DF-v2,0.75,0,0.25,0,178,0,178,340,1,0,1
Celeb-DF-v2,0.75,0,0.25,0.05,178,0,178,340,1,0,1
Celeb-DF-v2,0.75,0,0.25,0.1,173,0,178,340,0.9719101123595506,0,0.9719101123595506
Celeb-DF-v2,0.75,0,0.25,0.15,168,0,178,340,0.9438202247191011,0,0.9438202247191011
Celeb-DF-v2,0.75,0,0.25,0.2,162,0,178,340,0.9101123595505618,0,0.9101123595505618
Celeb-DF-v2,0.75,0,0.25,0.25,149,0,178,340,0.8370786516853933,0,0.8370786516853933
Celeb-DF-v2,0.75,0,0.25,0.3,131,2,178,340,0.7359550561797753,0.0058823529411764705,0.74183740912095175
Celeb-DF-v2,0.75,0,0.25,0.35,116,6,178,340,0.651685393258427,0.017647058823529412,0.66933245208195646
Celeb-DF-v2,0.75,0,0.25,0.4,100,16,178,340,0.5617977528089888,0.047058823529411764,0.60885657633840062
Celeb-DF-v2,0.75,0,0.25,0.45,77,26,178,340,0.43258426966292135,0.076470588235294124,0.50905485789821547
Celeb-DF-v2,0.75,0,0.25,0.5,60,44,178,340,0.33707865168539325,0.12941176470588237,0.46649041639127564
Celeb-DF-v2,0.75,0,0.25,0.55,44,66,178,340,0.24719101123595505,0.19411764705882353,0.44130865829477861
Celeb-DF-v2,0.75,0,0.25,0.6,32,90,178,340,0.1797752808988764,0.26470588235294118,0.44448116325181758
Celeb-DF-v2,0.75,0,0.25,0.65,23,118,178,340,0.12921348314606743,0.34705882352941175,0.47627230667547915
Celeb-DF-v2,0.75,0,0.25,0.7,13,149,178,340,0.073033707865168537,0.43823529411764706,0.51126900198281555
Celeb-DF-v2,0.75,0,0.25,0.75,5,192,178,340,0.028089887640449437,0.56470588235294117,0.59279576999339056
Celeb-DF-v2,0.75,0,0.25,0.8,4,234,178,340,0.02247191011235955,0.68823529411764706,0.71070720423000666
Celeb-DF-v2,0.75,0,0.25,0.85,2,275,178,340,0.011235955056179775,0.80882352941176472,0.82005948446794452
Celeb-DF-v2,0.75,0,0.25,0.9,0,307,178,340,0,0.90294117647058825,0.90294117647058825
Celeb-DF-v2,0.75,0,0.25,0.95,0,328,178,340,0,0.96470588235294119,0.96470588235294119
Celeb-DF-v2,0.75,0,0.25,1,0,340,178,340,0,1,1
Celeb-DF-v2,0.75,0.05,0.2,0,178,0,178,340,1,0,1
Celeb-DF-v2,0.75,0.05,0.2,0.05,178,0,178,340,1,0,1
Celeb-DF-v2,0.75,0.05,0.2,0.1,173,0,178,340,0.9719101123595506,0,0.9719101123595506
Celeb-DF-v2,0.75,0.05,0.2,0.15,167,0,178,340,0.9382022471910112,0,0.9382022471910112
Celeb-DF-v2,0.75,0.05,0.2,0.2,159,0,178,340,0.8932584269662921,0,0.8932584269662921
Celeb-DF-v2,0.75,0.05,0.2,0.25,142,0,178,340,0.797752808988764,0,0.797752808988764
Celeb-DF-v2,0.75,0.05,0.2,0.3,126,2,178,340,0.7078651685393258,0.0058823529411764705,0.71374752148050224
Celeb-DF-v2,0.75,0.05,0.2,0.35,112,7,178,340,0.6292134831460674,0.020588235294117647,0.64980171844018508
Celeb-DF-v2,0.75,0.05,0.2,0.4,95,22,178,340,0.5337078651685393,0.064705882352941183,0.59841374752148047
Celeb-DF-v2,0.75,0.05,0.2,0.45,73,29,178,340,0.4101123595505618,0.085294117647058826,0.49540647719762065
Celeb-DF-v2,0.75,0.05,0.2,0.5,58,48,178,340,0.3258426966292135,0.14117647058823529,0.46701916721744879
Celeb-DF-v2,0.75,0.05,0.2,0.55,42,73,178,340,0.23595505617977527,0.21470588235294116,0.45066093853271644
Celeb-DF-v2,0.75,0.05,0.2,0.6,33,97,178,340,0.1853932584269663,0.28529411764705881,0.47068737607402511
Celeb-DF-v2,0.75,0.05,0.2,0.65,20,123,178,340,0.11235955056179775,0.36176470588235293,0.47412425644415068
Celeb-DF-v2,0.75,0.05,0.2,0.7,12,158,178,340,0.06741573033707865,0.46470588235294119,0.5321216126900199
Celeb-DF-v2,0.75,0.05,0.2,0.75,5,199,178,340,0.028089887640449437,0.58529411764705885,0.61338400528750825
Celeb-DF-v2,0.75,0.05,0.2,0.8,3,238,178,340,0.016853932584269662,0.69999999999999996,0.71685393258426966
Celeb-DF-v2,0.75,0.05,0.2,0.85,2,273,178,340,0.011235955056179775,0.80294117647058827,0.81417713152676807
Celeb-DF-v2,0.75,0.05,0.2,0.9,0,306,178,340,0,0.90000000000000002,0.90000000000000002
Celeb-DF-v2,0.75,0.05,0.2,0.95,0,328,178,340,0,0.96470588235294119,0.96470588235294119
Celeb-DF-v2,0.75,0.05,0.2,1,0,340,178,340,0,1,1
Celeb-DF-v2,0.75,0.1,0.15,0,178,0,178,340,1,0,1
Celeb-DF-v2,0.75,0.1,0.15,0.05,177,0,178,340,0.9943820224719101,0,0.9943820224719101
Celeb-DF-v2,0.75,0.1,0.15,0.1,173,0,178,340,0.9719101123595506,0,0.9719101123595506
Celeb-DF-v2,0.75,0.1,0.15,0.15,164,0,178,340,0.9213483146067416,0,0.9213483146067416
Celeb-DF-v2,0.75,0.1,0.15,0.2,156,0,178,340,0.8764044943820225,0,0.8764044943820225
Celeb-DF-v2,0.75,0.1,0.15,0.25,142,1,178,340,0.797752808988764,0.0029411764705882353,0.80069398545935222
Celeb-DF-v2,0.75,0.1,0.15,0.3,126,3,178,340,0.7078651685393258,0.0088235294117647058,0.71668869795109047
Celeb-DF-v2,0.75,0.1,0.15,0.35,111,13,178,340,0.6235955056179775,0.038235294117647062,0.66183079973562453
Celeb-DF-v2,0.75,0.1,0.15,0.4,89,24,178,340,0.5,0.070588235294117646,0.57058823529411762
Celeb-DF-v2,0.75,0.1,0.15,0.45,69,36,178,340,0.38764044943820225,0.10588235294117647,0.49352280237937873
Celeb-DF-v2,0.75,0.1,0.15,0.5,52,52,178,340,0.29213483146067415,0.15294117647058825,0.4450760079312624
Celeb-DF-v2,0.75,0.1,0.15,0.55,42,82,178,340,0.23595505617977527,0.2411764705882353,0.47713152676801057
Celeb-DF-v2,0.75,0.1,0.15,0.6,31,102,178,340,0.17415730337078653,0.29999999999999999,0.47415730337078654
Celeb-DF-v2,0.75,0.1,0.15,0.65,19,132,178,340,0.10674157303370786,0.38823529411764707,0.49497686715135492
Celeb-DF-v2,0.75,0.1,0.15,0.7,11,166,178,340,0.061797752808988762,0.48823529411764705,0.55003304692663579
Celeb-DF-v2,0.75,0.1,0.15,0.75,5,206,178,340,0.028089887640449437,0.60588235294117643,0.63397224058162582
Celeb-DF-v2,0.75,0.1,0.15,0.8,3,245,178,340,0.016853932584269662,0.72058823529411764,0.73744216787838734
Celeb-DF-v2,0.75,0.1,0.15,0.85,2,272,178,340,0.011235955056179775,0.80000000000000004,0.81123595505617985
Celeb-DF-v2,0.75,0.1,0.15,0.9,0,304,178,340,0,0.89411764705882357,0.89411764705882357
Celeb-DF-v2,0.75,0.1,0.15,0.95,0,329,178,340,0,0.96764705882352942,0.96764705882352942
Celeb-DF-v2,0.75,0.1,0.15,1,0,340,178,340,0,1,1
Celeb-DF-v2,0.75,0.15,0.1,0,178,0,178,340,1,0,1
Celeb-DF-v2,0.75,0.15,0.1,0.05,177,0,178,340,0.9943820224719101,0,0.9943820224719101
Celeb-DF-v2,0.75,0.15,0.1,0.1,171,0,178,340,0.9606741573033708,0,0.9606741573033708
Celeb-DF-v2,0.75,0.15,0.1,0.15,164,0,178,340,0.9213483146067416,0,0.9213483146067416
Celeb-DF-v2,0.75,0.15,0.1,0.2,151,1,178,340,0.848314606741573,0.0029411764705882353,0.85125578321216122
Celeb-DF-v2,0.75,0.15,0.1,0.25,140,2,178,340,0.7865168539325843,0.0058823529411764705,0.79239920687376075
Celeb-DF-v2,0.75,0.15,0.1,0.3,120,7,178,340,0.6741573033707865,0.020588235294117647,0.69474553866490418
Celeb-DF-v2,0.75,0.15,0.1,0.35,103,16,178,340,0.5786516853932584,0.047058823529411764,0.62571050892267022
Celeb-DF-v2,0.75,0.15,0.1,0.4,86,29,178,340,0.48314606741573035,0.085294117647058826,0.56844018506278915
Celeb-DF-v2,0.75,0.15,0.1,0.45,69,42,178,340,0.38764044943820225,0.12352941176470589,0.51116986120290808
Celeb-DF-v2,0.75,0.15,0.1,0.5,48,60,178,340,0.2696629213483146,0.17647058823529413,0.44613350958360876
Celeb-DF-v2,0.75,0.15,0.1,0.55,40,86,178,340,0.2247191011235955,0.25294117647058822,0.47766027759418372
Celeb-DF-v2,0.75,0.15,0.1,0.6,32,110,178,340,0.1797752808988764,0.3235294117647059,0.50330469266358224
Celeb-DF-v2,0.75,0.15,0.1,0.65,19,139,178,340,0.10674157303370786,0.4088235294117647,0.5155651024454726
Celeb-DF-v2,0.75,0.15,0.1,0.7,12,173,178,340,0.06741573033707865,0.50882352941176467,0.57623925974884327
Celeb-DF-v2,0.75,0.15,0.1,0.75,4,207,178,340,0.02247191011235955,0.60882352941176465,0.63129543952412415
Celeb-DF-v2,0.75,0.15,0.1,0.8,3,244,178,340,0.016853932584269662,0.71764705882352942,0.73450099140779912
Celeb-DF-v2,0.75,0.15,0.1,0.85,2,271,178,340,0.011235955056179775,0.79705882352941182,0.80829477858559162
Celeb-DF-v2,0.75,0.15,0.1,0.9,1,301,178,340,0.0056179775280898875,0.88529411764705879,0.89091209517514869
Celeb-DF-v2,0.75,0.15,0.1,0.95,0,330,178,340,0,0.97058823529411764,0.97058823529411764
Celeb-DF-v2,0.75,0.15,0.1,1,0,340,178,340,0,1,1
Celeb-DF-v2,0.75,0.2,0.05,0,178,0,178,340,1,0,1
Celeb-DF-v2,0.75,0.2,0.05,0.05,174,0,178,340,0.97752808988764039,0,0.97752808988764039
Celeb-DF-v2,0.75,0.2,0.05,0.1,169,0,178,340,0.949438202247191,0,0.949438202247191
Celeb-DF-v2,0.75,0.2,0.05,0.15,159,1,178,340,0.8932584269662921,0.0029411764705882353,0.89619960343688032
Celeb-DF-v2,0.75,0.2,0.05,0.2,150,1,178,340,0.84269662921348309,0.0029411764705882353,0.84563780568407132
Celeb-DF-v2,0.75,0.2,0.05,0.25,137,5,178,340,0.7696629213483146,0.014705882352941176,0.78436880370125572
Celeb-DF-v2,0.75,0.2,0.05,0.3,121,10,178,340,0.6797752808988764,0.029411764705882353,0.70918704560475876
Celeb-DF-v2,0.75,0.2,0.05,0.35,97,21,178,340,0.5449438202247191,0.061764705882352944,0.60670852610707204
Celeb-DF-v2,0.75,0.2,0.05,0.4,83,34,178,340,0.46629213483146065,0.10000000000000001,0.56629213483146068
Celeb-DF-v2,0.75,0.2,0.05,0.45,68,48,178,340,0.38202247191011235,0.14117647058823529,0.52319894249834764
Celeb-DF-v2,0.75,0.2,0.05,0.5,47,67,178,340,0.2640449438202247,0.19705882352941176,0.46110376734963643
Celeb-DF-v2,0.75,0.2,0.05,0.55,39,92,178,340,0.21910112359550563,0.27058823529411763,0.48968935888962328
Celeb-DF-v2,0.75,0.2,0.05,0.6,32,117,178,340,0.1797752808988764,0.34411764705882353,0.52389292795769993
Celeb-DF-v2,0.75,0.2,0.05,0.65,19,147,178,340,0.10674157303370786,0.43235294117647061,0.53909451421017851
Celeb-DF-v2,0.75,0.2,0.05,0.7,13,180,178,340,0.073033707865168537,0.52941176470588236,0.60244547257105086
Celeb-DF-v2,0.75,0.2,0.05,0.75,6,211,178,340,0.033707865168539325,0.62058823529411766,0.65429610046265696
Celeb-DF-v2,0.75,0.2,0.05,0.8,3,242,178,340,0.016853932584269662,0.71176470588235297,0.72861863846662267
Celeb-DF-v2,0.75,0.2,0.05,0.85,2,269,178,340,0.011235955056179775,0.79117647058823526,0.80241242564441506
Celeb-DF-v2,0.75,0.2,0.05,0.9,1,300,178,340,0.0056179775280898875,0.88235294117647056,0.88797091870456046
Celeb-DF-v2,0.75,0.2,0.05,0.95,0,327,178,340,0,0.96176470588235297,0.96176470588235297
Celeb-DF-v2,0.75,0.2,0.05,1,0,340,178,340,0,1,1
Celeb-DF-v2,0.75,0.25,0,0,178,0,178,340,1,0,1
Celeb-DF-v2,0.75,0.25,0,0.05,172,0,178,340,0.9662921348314607,0,0.9662921348314607
Celeb-DF-v2,0.75,0.25,0,0.1,165,1,178,340,0.9269662921348315,0.0029411764705882353,0.92990746860541973
Celeb-DF-v2,0.75,0.25,0,0.15,154,1,178,340,0.8651685393258427,0.0029411764705882353,0.86810971579643093
Celeb-DF-v2,0.75,0.25,0,0.2,150,1,178,340,0.84269662921348309,0.0029411764705882353,0.84563780568407132
Celeb-DF-v2,0.75,0.25,0,0.25,130,7,178,340,0.7303370786516854,0.020588235294117647,0.75092531394580309
Celeb-DF-v2,0.75,0.25,0,0.3,114,13,178,340,0.6404494382022472,0.038235294117647062,0.67868473231989423
Celeb-DF-v2,0.75,0.25,0,0.35,94,27,178,340,0.5280898876404494,0.079411764705882348,0.60750165234633169
Celeb-DF-v2,0.75,0.25,0,0.4,80,39,178,340,0.449438202247191,0.11470588235294117,0.56414408460013221
Celeb-DF-v2,0.75,0.25,0,0.45,61,55,178,340,0.34269662921348315,0.16176470588235295,0.50446133509583613
Celeb-DF-v2,0.75,0.25,0,0.5,48,74,178,340,0.2696629213483146,0.21764705882352942,0.48730998017184401
Celeb-DF-v2,0.75,0.25,0,0.55,37,99,178,340,0.20786516853932585,0.29117647058823531,0.49904163912756117
Celeb-DF-v2,0.75,0.25,0,0.6,29,122,178,340,0.16292134831460675,0.35882352941176471,0.52174487772637146
Celeb-DF-v2,0.75,0.25,0,0.65,22,153,178,340,0.12359550561797752,0.45000000000000001,0.57359550561797756
Celeb-DF-v2,0.75,0.25,0,0.7,14,184,178,340,0.078651685393258425,0.54117647058823526,0.61982815598149366
Celeb-DF-v2,0.75,0.25,0,0.75,6,214,178,340,0.033707865168539325,0.62941176470588234,0.66311962987442163
Celeb-DF-v2,0.75,0.25,0,0.8,4,240,178,340,0.02247191011235955,0.70588235294117652,0.72835426305353601
Celeb-DF-v2,0.75,0.25,0,0.85,2,270,178,340,0.011235955056179775,0.79411764705882348,0.80535360211500329
Celeb-DF-v2,0.75,0.25,0,0.9,2,294,178,340,0.011235955056179775,0.86470588235294121,0.87594183740912102
Celeb-DF-v2,0.75,0.25,0,0.95,0,324,178,340,0,0.95294117647058818,0.95294117647058818
Celeb-DF-v2,0.75,0.25,0,1,0,340,178,340,0,1,1
Celeb-DF-v2,0.8,0,0.2,0,178,0,178,340,1,0,1
Celeb-DF-v2,0.8,0,0.2,0.05,178,0,178,340,1,0,1
Celeb-DF-v2,0.8,0,0.2,0.1,173,0,178,340,0.9719101123595506,0,0.9719101123595506
Celeb-DF-v2,0.8,0,0.2,0.15,167,0,178,340,0.9382022471910112,0,0.9382022471910112
Celeb-DF-v2,0.8,0,0.2,0.2,160,0,178,340,0.898876404494382,0,0.898876404494382
Celeb-DF-v2,0.8,0,0.2,0.25,147,0,178,340,0.8258426966292135,0,0.8258426966292135
Celeb-DF-v2,0.8,0,0.2,0.3,131,2,178,340,0.7359550561797753,0.0058823529411764705,0.74183740912095175
Celeb-DF-v2,0.8,0,0.2,0.35,115,6,178,340,0.6460674157303371,0.017647058823529412,0.66371447455386656
Celeb-DF-v2,0.8,0,0.2,0.4,99,20,178,340,0.5561797752808989,0.058823529411764705,0.61500330469266362
Celeb-DF-v2,0.8,0,0.2,0.45,77,28,178,340,0.43258426966292135,0.082352941176470587,0.51493721083939192
Celeb-DF-v2,0.8,0,0.2,0.5,61,46,178,340,0.34269662921348315,0.13529411764705881,0.47799074686054199
Celeb-DF-v2,0.8,0,0.2,0.55,44,70,178,340,0.24719101123595505,0.20588235294117646,0.45307336417713151
Celeb-DF-v2,0.8,0,0.2,0.6,34,92,178,340,0.19101123595505617,0.27058823529411763,0.46159947124917378
Celeb-DF-v2,0.8,0,0.2,0.65,22,116,178,340,0.12359550561797752,0.3411764705882353,0.4647719762062128
Celeb-DF-v2,0.8,0,0.2,0.7,14,155,178,340,0.078651685393258425,0.45588235294117646,0.53453403833443491
Celeb-DF-v2,0.8,0,0.2,0.75,6,194,178,340,0.033707865168539325,0.57058823529411762,0.60429610046265692
Celeb-DF-v2,0.8,0,0.2,0.8,3,237,178,340,0.016853932584269662,0.69705882352941173,0.71391275611368143
Celeb-DF-v2,0.8,0,0.2,0.85,2,269,178,340,0.011235955056179775,0.79117647058823526,0.80241242564441506
Celeb-DF-v2,0.8,0,0.2,0.9,0,305,178,340,0,0.8970588235294118,0.8970588235294118
Celeb-DF-v2,0.8,0,0.2,0.95,0,329,178,340,0,0.96764705882352942,0.96764705882352942
Celeb-DF-v2,0.8,0,0.2,1,0,340,178,340,0,1,1
Celeb-DF-v2,0.8,0.05,0.15,0,178,0,178,340,1,0,1
Celeb-DF-v2,0.8,0.05,0.15,0.05,177,0,178,340,0.9943820224719101,0,0.9943820224719101
Celeb-DF-v2,0.8,0.05,0.15,0.1,173,0,178,340,0.9719101123595506,0,0.9719101123595506
Celeb-DF-v2,0.8,0.05,0.15,0.15,165,0,178,340,0.9269662921348315,0,0.9269662921348315
Celeb-DF-v2,0.8,0.05,0.15,0.2,159,0,178,340,0.8932584269662921,0,0.8932584269662921
Celeb-DF-v2,0.8,0.05,0.15,0.25,145,1,178,340,0.8146067415730337,0.0029411764705882353,0.81754791804362192
Celeb-DF-v2,0.8,0.05,0.15,0.3,129,3,178,340,0.7247191011235955,0.0088235294117647058,0.73354263053536017
Celeb-DF-v2,0.8,0.05,0.15,0.35,113,12,178,340,0.6348314606741573,0.035294117647058823,0.67012557832121611
Celeb-DF-v2,0.8,0.05,0.15,0.4,93,23,178,340,0.52247191011235961,0.067647058823529407,0.590118968935889
Celeb-DF-v2,0.8,0.05,0.15,0.45,75,34,178,340,0.42134831460674155,0.10000000000000001,0.52134831460674158
Celeb-DF-v2,0.8,0.05,0.15,0.5,61,50,178,340,0.34269662921348315,0.14705882352941177,0.48975545274289489
Celeb-DF-v2,0.8,0.05,0.15,0.55,44,75,178,340,0.24719101123595505,0.22058823529411764,0.46777924653007269
Celeb-DF-v2,0.8,0.05,0.15,0.6,33,96,178,340,0.1853932584269663,0.28235294117647058,0.46774619960343689
Celeb-DF-v2,0.8,0.05,0.15,0.65,22,125,178,340,0.12359550561797752,0.36764705882352944,0.49124256444150693
Celeb-DF-v2,0.8,0.05,0.15,0.7,13,157,178,340,0.073033707865168537,0.46176470588235297,0.53479841374752146
Celeb-DF-v2,0.8,0.05,0.15,0.75,8,204,178,340,0.0449438202247191,0.59999999999999998,0.64494382022471908
Celeb-DF-v2,0.8,0.05,0.15,0.8,3,240,178,340,0.016853932584269662,0.70588235294117652,0.72273628552544622
Celeb-DF-v2,0.8,0.05,0.15,0.85,2,269,178,340,0.011235955056179775,0.79117647058823526,0.80241242564441506
Celeb-DF-v2,0.8,0.05,0.15,0.9,0,303,178,340,0,0.89117647058823535,0.89117647058823535
Celeb-DF-v2,0.8,0.05,0.15,0.95,0,328,178,340,0,0.96470588235294119,0.96470588235294119
Celeb-DF-v2,0.8,0.05,0.15,1,0,340,178,340,0,1,1
Celeb-DF-v2,0.8,0.1,0.1,0,178,0,178,340,1,0,1
Celeb-DF-v2,0.8,0.1,0.1,0.05,177,0,178,340,0.9943820224719101,0,0.9943820224719101
Celeb-DF-v2,0.8,0.1,0.1,0.1,171,0,178,340,0.9606741573033708,0,0.9606741573033708
Celeb-DF-v2,0.8,0.1,0.1,0.15,164,0,178,340,0.9213483146067416,0,0.9213483146067416
Celeb-DF-v2,0.8,0.1,0.1,0.2,152,1,178,340,0.8539325842696629,0.0029411764705882353,0.85687376074025112
Celeb-DF-v2,0.8,0.1,0.1,0.25,144,2,178,340,0.8089887640449438,0.0058823529411764705,0.81487111698612025
Celeb-DF-v2,0.8,0.1,0.1,0.3,126,5,178,340,0.7078651685393258,0.014705882352941176,0.72257105089226692
Celeb-DF-v2,0.8,0.1,0.1,0.35,110,15,178,340,0.6179775280898876,0.044117647058823532,0.66209517514871108
Celeb-DF-v2,0.8,0.1,0.1,0.4,90,28,178,340,0.5056179775280899,0.082352941176470587,0.58797091870456053
Celeb-DF-v2,0.8,0.1,0.1,0.45,72,39,178,340,0.4044943820224719,0.11470588235294117,0.51920026437541311
Celeb-DF-v2,0.8,0.1,0.1,0.5,53,55,178,340,0.29775280898876405,0.16176470588235295,0.45951751487111703
Celeb-DF-v2,0.8,0.1,0.1,0.55,42,81,178,340,0.23595505617977527,0.23823529411764705,0.47419035029742229
Celeb-DF-v2,0.8,0.1,0.1,0.6,33,104,178,340,0.1853932584269663,0.30588235294117649,0.49127561136814279
Celeb-DF-v2,0.8,0.1,0.1,0.65,22,134,178,340,0.12359550561797752,0.39411764705882352,0.51771315267680107
Celeb-DF-v2,0.8,0.1,0.1,0.7,14,170,178,340,0.078651685393258425,0.5,0.5786516853932584
Celeb-DF-v2,0.8,0.1,0.1,0.75,7,201,178,340,0.039325842696629212,0.5911764705882353,0.6305023132848645
Celeb-DF-v2,0.8,0.1,0.1,0.8,3,243,178,340,0.016853932584269662,0.71470588235294119,0.73155981493721089
Celeb-DF-v2,0.8,0.1,0.1,0.85,2,267,178,340,0.011235955056179775,0.78529411764705881,0.79653007270323861
Celeb-DF-v2,0.8,0.1,0.1,0.9,1,302,178,340,0.0056179775280898875,0.88823529411764701,0.89385327164573691
Celeb-DF-v2,0.8,0.1,0.1,0.95,0,330,178,340,0,0.97058823529411764,0.97058823529411764
Celeb-DF-v2,0.8,0.1,0.1,1,0,340,178,340,0,1,1
Celeb-DF-v2,0.8,0.15,0.05,0,178,0,178,340,1,0,1
Celeb-DF-v2,0.8,0.15,0.05,0.05,176,0,178,340,0.9887640449438202,0,0.9887640449438202
Celeb-DF-v2,0.8,0.15,0.05,0.1,169,0,178,340,0.949438202247191,0,0.949438202247191
Celeb-DF-v2,0.8,0.15,0.05,0.15,160,1,178,340,0.898876404494382,0.0029411764705882353,0.90181758096497022
Celeb-DF-v2,0.8,0.15,0.05,0.2,152,1,178,340,0.8539325842696629,0.0029411764705882353,0.85687376074025112
Celeb-DF-v2,0.8,0.15,0.05,0.25,141,4,178,340,0.7921348314606742,0.011764705882352941,0.8038995373430271
Celeb-DF-v2,0.8,0.15,0.05,0.3,122,9,178,340,0.6853932584269663,0.026470588235294117,0.71186384666226044
Celeb-DF-v2,0.8,0.15,0.05,0.35,105,19,178,340,0.5898876404494382,0.055882352941176473,0.64576999339061469
Celeb-DF-v2,0.8,0.15,0.05,0.4,87,32,178,340,0.4887640449438202,0.094117647058823528,0.58288169200264373
Celeb-DF-v2,0.8,0.15,0.05,0.45,72,44,178,340,0.4044943820224719,0.12941176470588237,0.53390614672835424
Celeb-DF-v2,0.8,0.15,0.05,0.5,51,61,178,340,0.28651685393258425,0.17941176470588235,0.46592861863846657
Celeb-DF-v2,0.8,0.15,0.05,0.55,40,86,178,340,0.2247191011235955,0.25294117647058822,0.47766027759418372
Celeb-DF-v2,0.8,0.15,0.05,0.6,33,112,178,340,0.1853932584269663,0.32941176470588235,0.5148050231328487
Celeb-DF-v2,0.8,0.15,0.05,0.65,23,139,178,340,0.12921348314606743,0.4088235294117647,0.5380370125578321
Celeb-DF-v2,0.8,0.15,0.05,0.7,14,177,178,340,0.078651685393258425,0.52058823529411768,0.59923992068737608
Celeb-DF-v2,0.8,0.15,0.05,0.75,6,208,178,340,0.033707865168539325,0.61176470588235299,0.64547257105089229
Celeb-DF-v2,0.8,0.15,0.05,0.8,3,241,178,340,0.016853932584269662,0.70882352941176474,0.72567746199603445
Celeb-DF-v2,0.8,0.15,0.05,0.85,2,266,178,340,0.011235955056179775,0.78235294117647058,0.79358889623265039
Celeb-DF-v2,0.8,0.15,0.05,0.9,1,299,178,340,0.0056179775280898875,0.87941176470588234,0.88502974223397224
Celeb-DF-v2,0.8,0.15,0.05,0.95,0,327,178,340,0,0.96176470588235297,0.96176470588235297
Celeb-DF-v2,0.8,0.15,0.05,1,0,340,178,340,0,1,1
Celeb-DF-v2,0.8,0.2,0,0,178,0,178,340,1,0,1
Celeb-DF-v2,0.8,0.2,0,0.05,173,0,178,340,0.9719101123595506,0,0.9719101123595506
Celeb-DF-v2,0.8,0.2,0,0.1,166,0,178,340,0.93258426966292129,0,0.93258426966292129
Celeb-DF-v2,0.8,0.2,0,0.15,155,1,178,340,0.8707865168539326,0.0029411764705882353,0.87372769332452083
Celeb-DF-v2,0.8,0.2,0,0.2,150,1,178,340,0.84269662921348309,0.0029411764705882353,0.84563780568407132
Celeb-DF-v2,0.8,0.2,0,0.25,133,7,178,340,0.7471910112359551,0.020588235294117647,0.76777924653007279
Celeb-DF-v2,0.8,0.2,0,0.3,119,11,178,340,0.6685393258426966,0.032352941176470591,0.70089226701916718
Celeb-DF-v2,0.8,0.2,0,0.35,101,23,178,340,0.56741573033707871,0.067647058823529407,0.6350627891606081
Celeb-DF-v2,0.8,0.2,0,0.4,85,37,178,340,0.47752808988764045,0.10882352941176471,0.58635161929940516
Celeb-DF-v2,0.8,0.2,0,0.45,70,51,178,340,0.39325842696629215,0.14999999999999999,0.54325842696629212
Celeb-DF-v2,0.8,0.2,0,0.5,49,69,178,340,0.2752808988764045,0.20294117647058824,0.47822207534699274
Celeb-DF-v2,0.8,0.2,0,0.55,39,97,178,340,0.21910112359550563,0.28529411764705881,0.50439524124256441
Celeb-DF-v2,0.8,0.2,0,0.6,32,117,178,340,0.1797752808988764,0.34411764705882353,0.52389292795769993
Celeb-DF-v2,0.8,0.2,0,0.65,24,144,178,340,0.1348314606741573,0.42352941176470588,0.55836087243886312
Celeb-DF-v2,0.8,0.2,0,0.7,15,179,178,340,0.084269662921348312,0.52647058823529413,0.61074025115664243
Celeb-DF-v2,0.8,0.2,0,0.75,6,210,178,340,0.033707865168539325,0.61764705882352944,0.65135492399206874
Celeb-DF-v2,0.8,0.2,0,0.8,4,237,178,340,0.02247191011235955,0.69705882352941173,0.71953073364177134
Celeb-DF-v2,0.8,0.2,0,0.85,2,265,178,340,0.011235955056179775,0.77941176470588236,0.79064771976206216
Celeb-DF-v2,0.8,0.2,0,0.9,2,295,178,340,0.011235955056179775,0.86764705882352944,0.87888301387970924
Celeb-DF-v2,0.8,0.2,0,0.95,0,324,178,340,0,0.95294117647058818,0.95294117647058818
Celeb-DF-v2,0.8,0.2,0,1,0,340,178,340,0,1,1
Celeb-DF-v2,0.85,0,0.15,0,178,0,178,340,1,0,1
Celeb-DF-v2,0.85,0,0.15,0.05,177,0,178,340,0.9943820224719101,0,0.9943820224719101
Celeb-DF-v2,0.85,0,0.15,0.1,173,0,178,340,0.9719101123595506,0,0.9719101123595506
Celeb-DF-v2,0.85,0,0.15,0.15,166,0,178,340,0.93258426966292129,0,0.93258426966292129
Celeb-DF-v2,0.85,0,0.15,0.2,159,0,178,340,0.8932584269662921,0,0.8932584269662921
Celeb-DF-v2,0.85,0,0.15,0.25,146,1,178,340,0.8202247191011236,0.0029411764705882353,0.82316589557171183
Celeb-DF-v2,0.85,0,0.15,0.3,131,2,178,340,0.7359550561797753,0.0058823529411764705,0.74183740912095175
Celeb-DF-v2,0.85,0,0.15,0.35,116,9,178,340,0.651685393258427,0.026470588235294117,0.67815598149372114
Celeb-DF-v2,0.85,0,0.15,0.4,100,21,178,340,0.5617977528089888,0.061764705882352944,0.62356245869134175
Celeb-DF-v2,0.85,0,0.15,0.45,79,30,178,340,0.4438202247191011,0.088235294117647065,0.53205551883674818
Celeb-DF-v2,0.85,0,0.15,0.5,63,48,178,340,0.3539325842696629,0.14117647058823529,0.49510905485789819
Celeb-DF-v2,0.85,0,0.15,0.55,45,72,178,340,0.25280898876404495,0.21176470588235294,0.46457369464639786
Celeb-DF-v2,0.85,0,0.15,0.6,36,93,178,340,0.20224719101123595,0.27352941176470591,0.47577660277594186
Celeb-DF-v2,0.85,0,0.15,0.65,26,117,178,340,0.14606741573033707,0.34411764705882353,0.49018506278916063
Celeb-DF-v2,0.85,0,0.15,0.7,16,155,178,340,0.0898876404494382,0.45588235294117646,0.54576999339061461
Celeb-DF-v2,0.85,0,0.15,0.75,9,194,178,340,0.050561797752808987,0.57058823529411762,0.62115003304692662
Celeb-DF-v2,0.85,0,0.15,0.8,3,241,178,340,0.016853932584269662,0.70882352941176474,0.72567746199603445
Celeb-DF-v2,0.85,0,0.15,0.85,2,266,178,340,0.011235955056179775,0.78235294117647058,0.79358889623265039
Celeb-DF-v2,0.85,0,0.15,0.9,0,303,178,340,0,0.89117647058823535,0.89117647058823535
Celeb-DF-v2,0.85,0,0.15,0.95,0,328,178,340,0,0.96470588235294119,0.96470588235294119
Celeb-DF-v2,0.85,0,0.15,1,0,340,178,340,0,1,1
Celeb-DF-v2,0.85,0.05,0.1,0,178,0,178,340,1,0,1
Celeb-DF-v2,0.85,0.05,0.1,0.05,177,0,178,340,0.9943820224719101,0,0.9943820224719101
Celeb-DF-v2,0.85,0.05,0.1,0.1,171,0,178,340,0.9606741573033708,0,0.9606741573033708
Celeb-DF-v2,0.85,0.05,0.1,0.15,164,0,178,340,0.9213483146067416,0,0.9213483146067416
Celeb-DF-v2,0.85,0.05,0.1,0.2,154,1,178,340,0.8651685393258427,0.0029411764705882353,0.86810971579643093
Celeb-DF-v2,0.85,0.05,0.1,0.25,146,1,178,340,0.8202247191011236,0.0029411764705882353,0.82316589557171183
Celeb-DF-v2,0.85,0.05,0.1,0.3,129,4,178,340,0.7247191011235955,0.011764705882352941,0.7364838070059484
Celeb-DF-v2,0.85,0.05,0.1,0.35,115,14,178,340,0.6460674157303371,0.041176470588235294,0.68724388631857236
Celeb-DF-v2,0.85,0.05,0.1,0.4,95,26,178,340,0.5337078651685393,0.076470588235294124,0.61017845340383348
Celeb-DF-v2,0.85,0.05,0.1,0.45,77,35,178,340,0.43258426966292135,0.10294117647058823,0.53552544613350961
Celeb-DF-v2,0.85,0.05,0.1,0.5,59,53,178,340,0.33146067415730335,0.15588235294117647,0.48734302709847982
Celeb-DF-v2,0.85,0.05,0.1,0.55,43,79,178,340,0.24157303370786518,0.2323529411764706,0.47392597488433574
Celeb-DF-v2,0.85,0.05,0.1,0.6,34,99,178,340,0.19101123595505617,0.29117647058823531,0.48218770654329146
Celeb-DF-v2,0.85,0.05,0.1,0.65,27,131,178,340,0.15168539325842698,0.38529411764705884,0.53697951090548579
Celeb-DF-v2,0.85,0.05,0.1,0.7,16,159,178,340,0.0898876404494382,0.46764705882352942,0.55753469927296762
Celeb-DF-v2,0.85,0.05,0.1,0.75,9,200,178,340,0.050561797752808987,0.58823529411764708,0.63879709187045608
Celeb-DF-v2,0.85,0.05,0.1,0.8,3,237,178,340,0.016853932584269662,0.69705882352941173,0.71391275611368143
Celeb-DF-v2,0.85,0.05,0.1,0.85,2,266,178,340,0.011235955056179775,0.78235294117647058,0.79358889623265039
Celeb-DF-v2,0.85,0.05,0.1,0.9,1,301,178,340,0.0056179775280898875,0.88529411764705879,0.89091209517514869
Celeb-DF-v2,0.85,0.05,0.1,0.95,0,328,178,340,0,0.96470588235294119,0.96470588235294119
Celeb-DF-v2,0.85,0.05,0.1,1,0,340,178,340,0,1,1
Celeb-DF-v2,0.85,0.1,0.05,0,178,0,178,340,1,0,1
Celeb-DF-v2,0.85,0.1,0.05,0.05,176,0,178,340,0.9887640449438202,0,0.9887640449438202
Celeb-DF-v2,0.85,0.1,0.05,0.1,170,0,178,340,0.9550561797752809,0,0.9550561797752809
Celeb-DF-v2,0.85,0.1,0.05,0.15,161,0,178,340,0.9044943820224719,0,0.9044943820224719
Celeb-DF-v2,0.85,0.1,0.05,0.2,152,1,178,340,0.8539325842696629,0.0029411764705882353,0.85687376074025112
Celeb-DF-v2,0.85,0.1,0.05,0.25,144,2,178,340,0.8089887640449438,0.0058823529411764705,0.81487111698612025
Celeb-DF-v2,0.85,0.1,0.05,0.3,126,9,178,340,0.7078651685393258,0.026470588235294117,0.73433575677461993
Celeb-DF-v2,0.85,0.1,0.05,0.35,109,15,178,340,0.61235955056179781,0.044117647058823532,0.65647719762062129
Celeb-DF-v2,0.85,0.1,0.05,0.4,93,32,178,340,0.52247191011235961,0.094117647058823528,0.61658955717118313
Celeb-DF-v2,0.85,0.1,0.05,0.45,74,41,178,340,0.4157303370786517,0.12058823529411765,0.53631857237276936
Celeb-DF-v2,0.85,0.1,0.05,0.5,53,61,178,340,0.29775280898876405,0.17941176470588235,0.47716457369464638
Celeb-DF-v2,0.85,0.1,0.05,0.55,40,83,178,340,0.2247191011235955,0.24411764705882352,0.46883674818241905
Celeb-DF-v2,0.85,0.1,0.05,0.6,35,108,178,340,0.19662921348314608,0.31764705882352939,0.5142762723066755
Celeb-DF-v2,0.85,0.1,0.05,0.65,26,138,178,340,0.14606741573033707,0.40588235294117647,0.55194976867151357
Celeb-DF-v2,0.85,0.1,0.05,0.7,16,170,178,340,0.0898876404494382,0.5,0.5898876404494382
Celeb-DF-v2,0.85,0.1,0.05,0.75,8,201,178,340,0.0449438202247191,0.5911764705882353,0.6361202908129544
Celeb-DF-v2,0.85,0.1,0.05,0.8,3,239,178,340,0.016853932584269662,0.70294117647058818,0.71979510905485788
Celeb-DF-v2,0.85,0.1,0.05,0.85,2,262,178,340,0.011235955056179775,0.77058823529411768,0.78182419035029749
Celeb-DF-v2,0.85,0.1,0.05,0.9,2,299,178,340,0.011235955056179775,0.87941176470588234,0.89064771976206214
Celeb-DF-v2,0.85,0.1,0.05,0.95,0,328,178,340,0,0.96470588235294119,0.96470588235294119
Celeb-DF-v2,0.85,0.1,0.05,1,0,340,178,340,0,1,1
Celeb-DF-v2,0.85,0.15,0,0,178,0,178,340,1,0,1
Celeb-DF-v2,0.85,0.15,0,0.05,173,0,178,340,0.9719101123595506,0,0.9719101123595506
Celeb-DF-v2,0.85,0.15,0,0.1,167,0,178,340,0.9382022471910112,0,0.9382022471910112
Celeb-DF-v2,0.85,0.15,0,0.15,156,1,178,340,0.8764044943820225,0.0029411764705882353,0.87934567085261073
Celeb-DF-v2,0.85,0.15,0,0.2,151,1,178,340,0.848314606741573,0.0029411764705882353,0.85125578321216122
Celeb-DF-v2,0.85,0.15,0,0.25,138,8,178,340,0.7752808988764045,0.023529411764705882,0.79881031064111041
Celeb-DF-v2,0.85,0.15,0,0.3,124,11,178,340,0.6966292134831461,0.032352941176470591,0.72898215465961669
Celeb-DF-v2,0.85,0.15,0,0.35,104,22,178,340,0.5842696629213483,0.064705882352941183,0.64897554527428947
Celeb-DF-v2,0.85,0.15,0,0.4,89,36,178,340,0.5,0.10588235294117647,0.60588235294117643
Celeb-DF-v2,0.85,0.15,0,0.45,74,48,178,340,0.4157303370786517,0.14117647058823529,0.55690680766688705
Celeb-DF-v2,0.85,0.15,0,0.5,51,64,178,340,0.28651685393258425,0.18823529411764706,0.4747521480502313
Celeb-DF-v2,0.85,0.15,0,0.55,40,89,178,340,0.2247191011235955,0.26176470588235295,0.48648380700594845
Celeb-DF-v2,0.85,0.15,0,0.6,34,114,178,340,0.19101123595505617,0.3352941176470588,0.52630535360211494
Celeb-DF-v2,0.85,0.15,0,0.65,26,140,178,340,0.14606741573033707,0.41176470588235292,0.55783212161269002
Celeb-DF-v2,0.85,0.15,0,0.7,16,176,178,340,0.0898876404494382,0.51764705882352946,0.60753469927296766
Celeb-DF-v2,0.85,0.15,0,0.75,7,205,178,340,0.039325842696629212,0.6029411764705882,0.6422670191672174
Celeb-DF-v2,0.85,0.15,0,0.8,4,237,178,340,0.02247191011235955,0.69705882352941173,0.71953073364177134
Celeb-DF-v2,0.85,0.15,0,0.85,2,263,178,340,0.011235955056179775,0.77352941176470591,0.78476536682088571
Celeb-DF-v2,0.85,0.15,0,0.9,2,295,178,340,0.011235955056179775,0.86764705882352944,0.87888301387970924
Celeb-DF-v2,0.85,0.15,0,0.95,0,324,178,340,0,0.95294117647058818,0.95294117647058818
Celeb-DF-v2,0.85,0.15,0,1,0,340,178,340,0,1,1
Celeb-DF-v2,0.9,0,0.1,0,178,0,178,340,1,0,1
Celeb-DF-v2,0.9,0,0.1,0.05,177,0,178,340,0.9943820224719101,0,0.9943820224719101
Celeb-DF-v2,0.9,0,0.1,0.1,171,0,178,340,0.9606741573033708,0,0.9606741573033708
Celeb-DF-v2,0.9,0,0.1,0.15,165,0,178,340,0.9269662921348315,0,0.9269662921348315
Celeb-DF-v2,0.9,0,0.1,0.2,158,1,178,340,0.88764044943820219,0.0029411764705882353,0.89058162590879042
Celeb-DF-v2,0.9,0,0.1,0.25,148,1,178,340,0.8314606741573034,0.0029411764705882353,0.83440185062789163
Celeb-DF-v2,0.9,0,0.1,0.3,131,4,178,340,0.7359550561797753,0.011764705882352941,0.7477197620621282
Celeb-DF-v2,0.9,0,0.1,0.35,117,11,178,340,0.65730337078651691,0.032352941176470591,0.68965631196298749
Celeb-DF-v2,0.9,0,0.1,0.4,102,22,178,340,0.5730337078651685,0.064705882352941183,0.63773959021810966
Celeb-DF-v2,0.9,0,0.1,0.45,80,35,178,340,0.449438202247191,0.10294117647058823,0.5523793787177792
Celeb-DF-v2,0.9,0,0.1,0.5,64,50,178,340,0.3595505617977528,0.14705882352941177,0.5066093853271646
Celeb-DF-v2,0.9,0,0.1,0.55,46,72,178,340,0.25842696629213485,0.21176470588235294,0.47019167217448776
Celeb-DF-v2,0.9,0,0.1,0.6,36,95,178,340,0.20224719101123595,0.27941176470588236,0.48165895571711831
Celeb-DF-v2,0.9,0,0.1,0.65,29,121,178,340,0.16292134831460675,0.35588235294117648,0.51880370125578323
Celeb-DF-v2,0.9,0,0.1,0.7,19,152,178,340,0.10674157303370786,0.44705882352941179,0.55380039656311963
Celeb-DF-v2,0.9,0,0.1,0.75,9,196,178,340,0.050561797752808987,0.57647058823529407,0.62703238598810307
Celeb-DF-v2,0.9,0,0.1,0.8,4,234,178,340,0.02247191011235955,0.68823529411764706,0.71070720423000666
Celeb-DF-v2,0.9,0,0.1,0.85,2,263,178,340,0.011235955056179775,0.77352941176470591,0.78476536682088571
Celeb-DF-v2,0.9,0,0.1,0.9,1,299,178,340,0.0056179775280898875,0.87941176470588234,0.88502974223397224
Celeb-DF-v2,0.9,0,0.1,0.95,0,327,178,340,0,0.96176470588235297,0.96176470588235297
Celeb-DF-v2,0.9,0,0.1,1,0,340,178,340,0,1,1
Celeb-DF-v2,0.9,0.05,0.05,0,178,0,178,340,1,0,1
Celeb-DF-v2,0.9,0.05,0.05,0.05,177,0,178,340,0.9943820224719101,0,0.9943820224719101
Celeb-DF-v2,0.9,0.05,0.05,0.1,170,0,178,340,0.9550561797752809,0,0.9550561797752809
Celeb-DF-v2,0.9,0.05,0.05,0.15,163,0,178,340,0.9157303370786517,0,0.9157303370786517
Celeb-DF-v2,0.9,0.05,0.05,0.2,152,1,178,340,0.8539325842696629,0.0029411764705882353,0.85687376074025112
Celeb-DF-v2,0.9,0.05,0.05,0.25,145,2,178,340,0.8146067415730337,0.0058823529411764705,0.82048909451421015
Celeb-DF-v2,0.9,0.05,0.05,0.3,127,8,178,340,0.7134831460674157,0.023529411764705882,0.73701255783212161
Celeb-DF-v2,0.9,0.05,0.05,0.35,113,16,178,340,0.6348314606741573,0.047058823529411764,0.68189028420356901
Celeb-DF-v2,0.9,0.05,0.05,0.4,97,29,178,340,0.5449438202247191,0.085294117647058826,0.63023793787177795
Celeb-DF-v2,0.9,0.05,0.05,0.45,77,37,178,340,0.43258426966292135,0.10882352941176471,0.54140779907468606
Celeb-DF-v2,0.9,0.05,0.05,0.5,61,55,178,340,0.34269662921348315,0.16176470588235295,0.50446133509583613
Celeb-DF-v2,0.9,0.05,0.05,0.55,44,77,178,340,0.24719101123595505,0.22647058823529412,0.4736615994712492
Celeb-DF-v2,0.9,0.05,0.05,0.6,36,99,178,340,0.20224719101123595,0.29117647058823531,0.49342366159947126
Celeb-DF-v2,0.9,0.05,0.05,0.65,28,133,178,340,0.15730337078651685,0.39117647058823529,0.54847984137475214
Celeb-DF-v2,0.9,0.05,0.05,0.7,18,161,178,340,0.10112359550561797,0.47352941176470587,0.57465300727032387
Celeb-DF-v2,0.9,0.05,0.05,0.75,10,196,178,340,0.056179775280898875,0.57647058823529407,0.63265036351619297
Celeb-DF-v2,0.9,0.05,0.05,0.8,4,238,178,340,0.02247191011235955,0.69999999999999996,0.72247191011235956
Celeb-DF-v2,0.9,0.05,0.05,0.85,2,263,178,340,0.011235955056179775,0.77352941176470591,0.78476536682088571
Celeb-DF-v2,0.9,0.05,0.05,0.9,2,299,178,340,0.011235955056179775,0.87941176470588234,0.89064771976206214
Celeb-DF-v2,0.9,0.05,0.05,0.95,0,328,178,340,0,0.96470588235294119,0.96470588235294119
Celeb-DF-v2,0.9,0.05,0.05,1,0,340,178,340,0,1,1
Celeb-DF-v2,0.9,0.1,0,0,178,0,178,340,1,0,1
Celeb-DF-v2,0.9,0.1,0,0.05,174,0,178,340,0.97752808988764039,0,0.97752808988764039
Celeb-DF-v2,0.9,0.1,0,0.1,168,0,178,340,0.9438202247191011,0,0.9438202247191011
Celeb-DF-v2,0.9,0.1,0,0.15,160,1,178,340,0.898876404494382,0.0029411764705882353,0.90181758096497022
Celeb-DF-v2,0.9,0.1,0,0.2,152,1,178,340,0.8539325842696629,0.0029411764705882353,0.85687376074025112
Celeb-DF-v2,0.9,0.1,0,0.25,141,7,178,340,0.7921348314606742,0.020588235294117647,0.81272306675479189
Celeb-DF-v2,0.9,0.1,0,0.3,128,10,178,340,0.7191011235955056,0.029411764705882353,0.74851288830138796
Celeb-DF-v2,0.9,0.1,0,0.35,108,19,178,340,0.6067415730337079,0.055882352941176473,0.6626239259748844
Celeb-DF-v2,0.9,0.1,0,0.4,94,33,178,340,0.5280898876404494,0.097058823529411767,0.62514871116986115
Celeb-DF-v2,0.9,0.1,0,0.45,75,44,178,340,0.42134831460674155,0.12941176470588237,0.55076007931262394
Celeb-DF-v2,0.9,0.1,0,0.5,58,62,178,340,0.3258426966292135,0.18235294117647058,0.50819563780568411
Celeb-DF-v2,0.9,0.1,0,0.55,44,83,178,340,0.24719101123595505,0.24411764705882352,0.49130865829477854
Celeb-DF-v2,0.9,0.1,0,0.6,37,113,178,340,0.20786516853932585,0.33235294117647057,0.54021810971579642
Celeb-DF-v2,0.9,0.1,0,0.65,27,135,178,340,0.15168539325842698,0.39705882352941174,0.54874421678783869
Celeb-DF-v2,0.9,0.1,0,0.7,19,172,178,340,0.10674157303370786,0.50588235294117645,0.61262392597488435
Celeb-DF-v2,0.9,0.1,0,0.75,9,203,178,340,0.050561797752808987,0.59705882352941175,0.64762062128222075
Celeb-DF-v2,0.9,0.1,0,0.8,4,237,178,340,0.02247191011235955,0.69705882352941173,0.71953073364177134
Celeb-DF-v2,0.9,0.1,0,0.85,2,259,178,340,0.011235955056179775,0.7617647058823529,0.7730006609385327
Celeb-DF-v2,0.9,0.1,0,0.9,2,295,178,340,0.011235955056179775,0.86764705882352944,0.87888301387970924
Celeb-DF-v2,0.9,0.1,0,0.95,0,324,178,340,0,0.95294117647058818,0.95294117647058818
Celeb-DF-v2,0.9,0.1,0,1,0,340,178,340,0,1,1
Celeb-DF-v2,0.95,0,0.05,0,178,0,178,340,1,0,1
Celeb-DF-v2,0.95,0,0.05,0.05,177,0,178,340,0.9943820224719101,0,0.9943820224719101
Celeb-DF-v2,0.95,0,0.05,0.1,171,0,178,340,0.9606741573033708,0,0.9606741573033708
Celeb-DF-v2,0.95,0,0.05,0.15,164,0,178,340,0.9213483146067416,0,0.9213483146067416
Celeb-DF-v2,0.95,0,0.05,0.2,153,1,178,340,0.8595505617977528,0.0029411764705882353,0.86249173826834102
Celeb-DF-v2,0.95,0,0.05,0.25,148,2,178,340,0.8314606741573034,0.0058823529411764705,0.83734302709847985
Celeb-DF-v2,0.95,0,0.05,0.3,130,8,178,340,0.7303370786516854,0.023529411764705882,0.75386649041639131
Celeb-DF-v2,0.95,0,0.05,0.35,119,15,178,340,0.6685393258426966,0.044117647058823532,0.71265697290152008
Celeb-DF-v2,0.95,0,0.05,0.4,102,25,178,340,0.5730337078651685,0.073529411764705885,0.64656311962987434
Celeb-DF-v2,0.95,0,0.05,0.45,84,37,178,340,0.47191011235955055,0.10882352941176471,0.58073364177131526
Celeb-DF-v2,0.95,0,0.05,0.5,63,51,178,340,0.3539325842696629,0.14999999999999999,0.50393258426966292
Celeb-DF-v2,0.95,0,0.05,0.55,47,72,178,340,0.2640449438202247,0.21176470588235294,0.47580964970257766
Celeb-DF-v2,0.95,0,0.05,0.6,37,97,178,340,0.20786516853932585,0.28529411764705881,0.49315928618638466
Celeb-DF-v2,0.95,0,0.05,0.65,30,125,178,340,0.16853932584269662,0.36764705882352944,0.53618638466622603
Celeb-DF-v2,0.95,0,0.05,0.7,21,152,178,340,0.11797752808988764,0.44705882352941179,0.56503635161929944
Celeb-DF-v2,0.95,0,0.05,0.75,12,192,178,340,0.06741573033707865,0.56470588235294117,0.63212161269001976
Celeb-DF-v2,0.95,0,0.05,0.8,5,231,178,340,0.028089887640449437,0.67941176470588238,0.70750165234633178
Celeb-DF-v2,0.95,0,0.05,0.85,2,259,178,340,0.011235955056179775,0.7617647058823529,0.7730006609385327
Celeb-DF-v2,0.95,0,0.05,0.9,2,298,178,340,0.011235955056179775,0.87647058823529411,0.88770654329147392
Celeb-DF-v2,0.95,0,0.05,0.95,0,325,178,340,0,0.95588235294117652,0.95588235294117652
Celeb-DF-v2,0.95,0,0.05,1,0,340,178,340,0,1,1
Celeb-DF-v2,0.95,0.05,0,0,178,0,178,340,1,0,1
Celeb-DF-v2,0.95,0.05,0,0.05,175,0,178,340,0.9831460674157303,0,0.9831460674157303
Celeb-DF-v2,0.95,0.05,0,0.1,169,0,178,340,0.949438202247191,0,0.949438202247191
Celeb-DF-v2,0.95,0.05,0,0.15,162,1,178,340,0.9101123595505618,0.0029411764705882353,0.91305353602115003
Celeb-DF-v2,0.95,0.05,0,0.2,152,1,178,340,0.8539325842696629,0.0029411764705882353,0.85687376074025112
Celeb-DF-v2,0.95,0.05,0,0.25,147,5,178,340,0.8258426966292135,0.014705882352941176,0.84054857898215463
Celeb-DF-v2,0.95,0.05,0,0.3,128,10,178,340,0.7191011235955056,0.029411764705882353,0.74851288830138796
Celeb-DF-v2,0.95,0.05,0,0.35,113,17,178,340,0.6348314606741573,0.050000000000000003,0.68483146067415734
Celeb-DF-v2,0.95,0.05,0,0.4,99,29,178,340,0.5561797752808989,0.085294117647058826,0.64147389292795776
Celeb-DF-v2,0.95,0.05,0,0.45,80,42,178,340,0.449438202247191,0.12352941176470589,0.57296761401189689
Celeb-DF-v2,0.95,0.05,0,0.5,64,58,178,340,0.3595505617977528,0.17058823529411765,0.53013879709187051
Celeb-DF-v2,0.95,0.05,0,0.55,46,76,178,340,0.25842696629213485,0.22352941176470589,0.48195637805684077
Celeb-DF-v2,0.95,0.05,0,0.6,36,106,178,340,0.20224719101123595,0.31176470588235294,0.51401189689358895
Celeb-DF-v2,0.95,0.05,0,0.65,29,131,178,340,0.16292134831460675,0.38529411764705884,0.54821546596166559
Celeb-DF-v2,0.95,0.05,0,0.7,22,163,178,340,0.12359550561797752,0.47941176470588237,0.60300727032385992
Celeb-DF-v2,0.95,0.05,0,0.75,13,197,178,340,0.073033707865168537,0.5794117647058824,0.6524454725710509
Celeb-DF-v2,0.95,0.05,0,0.8,4,237,178,340,0.02247191011235955,0.69705882352941173,0.71953073364177134
Celeb-DF-v2,0.95,0.05,0,0.85,3,259,178,340,0.016853932584269662,0.7617647058823529,0.7786186384666226
Celeb-DF-v2,0.95,0.05,0,0.9,2,292,178,340,0.011235955056179775,0.85882352941176465,0.87005948446794446
Celeb-DF-v2,0.95,0.05,0,0.95,0,323,178,340,0,0.94999999999999996,0.94999999999999996
Celeb-DF-v2,0.95,0.05,0,1,0,340,178,340,0,1,1
Celeb-DF-v2,1,0,0,0,178,0,178,340,1,0,1
Celeb-DF-v2,1,0,0,0.05,176,0,178,340,0.9887640449438202,0,0.9887640449438202
Celeb-DF-v2,1,0,0,0.1,169,0,178,340,0.949438202247191,0,0.949438202247191
Celeb-DF-v2,1,0,0,0.15,163,1,178,340,0.9157303370786517,0.0029411764705882353,0.91867151354923993
Celeb-DF-v2,1,0,0,0.2,153,1,178,340,0.8595505617977528,0.0029411764705882353,0.86249173826834102
Celeb-DF-v2,1,0,0,0.25,149,5,178,340,0.8370786516853933,0.014705882352941176,0.85178453403833443
Celeb-DF-v2,1,0,0,0.3,130,11,178,340,0.7303370786516854,0.032352941176470591,0.76269001982815599
Celeb-DF-v2,1,0,0,0.35,119,16,178,340,0.6685393258426966,0.047058823529411764,0.71559814937210842
Celeb-DF-v2,1,0,0,0.4,100,30,178,340,0.5617977528089888,0.088235294117647065,0.65003304692663588
Celeb-DF-v2,1,0,0,0.45,84,41,178,340,0.47191011235955055,0.12058823529411765,0.59249834765366816
Celeb-DF-v2,1,0,0,0.5,67,56,178,340,0.37640449438202245,0.16470588235294117,0.54111037673496365
Celeb-DF-v2,1,0,0,0.55,48,72,178,340,0.2696629213483146,0.21176470588235294,0.48142762723066757
Celeb-DF-v2,1,0,0,0.6,39,99,178,340,0.21910112359550563,0.29117647058823531,0.51027759418374097
Celeb-DF-v2,1,0,0,0.65,30,128,178,340,0.16853932584269662,0.37647058823529411,0.54500991407799071
Celeb-DF-v2,1,0,0,0.7,23,156,178,340,0.12921348314606743,0.45882352941176469,0.58803701255783214
Celeb-DF-v2,1,0,0,0.75,15,192,178,340,0.084269662921348312,0.56470588235294117,0.64897554527428947
Celeb-DF-v2,1,0,0,0.8,7,234,178,340,0.039325842696629212,0.68823529411764706,0.72756113681427625
Celeb-DF-v2,1,0,0,0.85,3,256,178,340,0.016853932584269662,0.75294117647058822,0.76979510905485793
Celeb-DF-v2,1,0,0,0.9,2,288,178,340,0.011235955056179775,0.84705882352941175,0.85829477858559156
Celeb-DF-v2,1,0,0,0.95,0,323,178,340,0,0.94999999999999996,0.94999999999999996
Celeb-DF-v2,1,0,0,1,0,340,178,340,0,1,1
