sbi_stage,ucf_stage,xception_stage,sbi_upper_threshold,sbi_lower_threshold,ucf_upper_threshold,ucf_lower_threshold,xception_upper_threshold,xception_lower_threshold,FAR,FRR
2,1,-1,0.05,0.05,0.05,0.05,-1,-1,0.010946,0.887581
2,1,-1,0.1,0.1,0.05,0.05,-1,-1,0.010946,0.887581
2,1,-1,0.15,0.15,0.05,0.05,-1,-1,0.010946,0.887581
2,1,-1,0.2,0.2,0.05,0.05,-1,-1,0.010946,0.887581
2,1,-1,0.25,0.25,0.05,0.05,-1,-1,0.010946,0.887581
2,1,-1,0.3,0.3,0.05,0.05,-1,-1,0.010946,0.887581
2,1,-1,0.35,0.35,0.05,0.05,-1,-1,0.010946,0.887581
2,1,-1,0.4,0.4,0.05,0.05,-1,-1,0.010946,0.887581
2,1,-1,0.45,0.45,0.05,0.05,-1,-1,0.010946,0.887581
2,1,-1,0.5,0.5,0.05,0.05,-1,-1,0.010946,0.887581
2,1,-1,0.55,0.55,0.05,0.05,-1,-1,0.010946,0.887581
2,1,-1,0.6,0.6,0.05,0.05,-1,-1,0.010946,0.887581
2,1,-1,0.65,0.65,0.05,0.05,-1,-1,0.010946,0.887581
2,1,-1,0.7,0.7,0.05,0.05,-1,-1,0.010946,0.887581
2,1,-1,0.75,0.75,0.05,0.05,-1,-1,0.010946,0.887581
2,1,-1,0.8,0.8,0.05,0.05,-1,-1,0.010946,0.887581
2,1,-1,0.85,0.85,0.05,0.05,-1,-1,0.010946,0.887581
2,1,-1,0.9,0.9,0.05,0.05,-1,-1,0.010946,0.887581
2,1,-1,0.95,0.95,0.05,0.05,-1,-1,0.010946,0.887581
2,1,-1,1.0,1.0,0.05,0.05,-1,-1,0.010946,0.887581
2,1,-1,0.05,0.05,0.1,0.05,-1,-1,0.013128,0.859998
2,1,-1,0.1,0.1,0.1,0.05,-1,-1,0.014886,0.845298
2,1,-1,0.15,0.15,0.1,0.05,-1,-1,0.016281,0.836923
2,1,-1,0.2,0.2,0.1,0.05,-1,-1,0.017289,0.830804
2,1,-1,0.25,0.25,0.1,0.05,-1,-1,0.018377,0.826118
2,1,-1,0.3,0.3,0.1,0.05,-1,-1,0.019237,0.823425
2,1,-1,0.35,0.35,0.1,0.05,-1,-1,0.019907,0.820643
2,1,-1,0.4,0.4,0.1,0.05,-1,-1,0.02067,0.818681
2,1,-1,0.45,0.45,0.1,0.05,-1,-1,0.021266,0.816836
2,1,-1,0.5,0.5,0.1,0.05,-1,-1,0.021923,0.815694
2,1,-1,0.55,0.55,0.1,0.05,-1,-1,0.022489,0.814523
2,1,-1,0.6,0.6,0.1,0.05,-1,-1,0.023061,0.813644
2,1,-1,0.65,0.65,0.1,0.05,-1,-1,0.023632,0.81303
2,1,-1,0.7,0.7,0.1,0.05,-1,-1,0.02405,0.812327
2,1,-1,0.75,0.75,0.1,0.05,-1,-1,0.024591,0.811888
2,1,-1,0.8,0.8,0.1,0.05,-1,-1,0.025027,0.811185
2,1,-1,0.85,0.85,0.1,0.05,-1,-1,0.025507,0.810863
2,1,-1,0.9,0.9,0.1,0.05,-1,-1,0.026091,0.810658
2,1,-1,0.95,0.95,0.1,0.05,-1,-1,0.02681,0.810511
2,1,-1,1.0,1.0,0.1,0.05,-1,-1,0.02858,0.810482
2,1,-1,0.05,0.05,0.15,0.05,-1,-1,0.015235,0.836898
2,1,-1,0.1,0.1,0.15,0.05,-1,-1,0.01869,0.809889
2,1,-1,0.15,0.15,0.15,0.05,-1,-1,0.021432,0.794501
2,1,-1,0.2,0.2,0.15,0.05,-1,-1,0.023414,0.783257
2,1,-1,0.25,0.25,0.15,0.05,-1,-1,0.025552,0.774648
2,1,-1,0.3,0.3,0.15,0.05,-1,-1,0.027244,0.769698
2,1,-1,0.35,0.35,0.15,0.05,-1,-1,0.02856,0.764587
2,1,-1,0.4,0.4,0.15,0.05,-1,-1,0.030058,0.760982
2,1,-1,0.45,0.45,0.15,0.05,-1,-1,0.03123,0.757592
2,1,-1,0.5,0.5,0.15,0.05,-1,-1,0.032523,0.755494
2,1,-1,0.55,0.55,0.15,0.05,-1,-1,0.033635,0.753342
2,1,-1,0.6,0.6,0.15,0.05,-1,-1,0.034758,0.751728
2,1,-1,0.65,0.65,0.15,0.05,-1,-1,0.035882,0.750598
2,1,-1,0.7,0.7,0.15,0.05,-1,-1,0.036703,0.749307
2,1,-1,0.75,0.75,0.15,0.05,-1,-1,0.037766,0.7485
2,1,-1,0.8,0.8,0.15,0.05,-1,-1,0.038624,0.747208
2,1,-1,0.85,0.85,0.15,0.05,-1,-1,0.039566,0.746616
2,1,-1,0.9,0.9,0.15,0.05,-1,-1,0.040714,0.74624
2,1,-1,0.95,0.95,0.15,0.05,-1,-1,0.042128,0.745971
2,1,-1,1.0,1.0,0.15,0.05,-1,-1,0.045607,0.745917
2,1,-1,0.05,0.05,0.2,0.05,-1,-1,0.017944,0.81312
2,1,-1,0.1,0.1,0.2,0.05,-1,-1,0.023581,0.773439
2,1,-1,0.15,0.15,0.2,0.05,-1,-1,0.028055,0.750832
2,1,-1,0.2,0.2,0.2,0.05,-1,-1,0.031288,0.734311
2,1,-1,0.25,0.25,0.2,0.05,-1,-1,0.034777,0.721663
2,1,-1,0.3,0.3,0.2,0.05,-1,-1,0.037537,0.714391
2,1,-1,0.35,0.35,0.2,0.05,-1,-1,0.039685,0.706882
2,1,-1,0.4,0.4,0.2,0.05,-1,-1,0.042129,0.701586
2,1,-1,0.45,0.45,0.2,0.05,-1,-1,0.044041,0.696606
2,1,-1,0.5,0.5,0.2,0.05,-1,-1,0.046151,0.693523
2,1,-1,0.55,0.55,0.2,0.05,-1,-1,0.047964,0.690361
2,1,-1,0.6,0.6,0.2,0.05,-1,-1,0.049797,0.68799
2,1,-1,0.65,0.65,0.2,0.05,-1,-1,0.05163,0.68633
2,1,-1,0.7,0.7,0.2,0.05,-1,-1,0.052971,0.684433
2,1,-1,0.75,0.75,0.2,0.05,-1,-1,0.054705,0.683247
2,1,-1,0.8,0.8,0.2,0.05,-1,-1,0.056105,0.68135
2,1,-1,0.85,0.85,0.2,0.05,-1,-1,0.057642,0.680481
2,1,-1,0.9,0.9,0.2,0.05,-1,-1,0.059515,0.679927
2,1,-1,0.95,0.95,0.2,0.05,-1,-1,0.061821,0.679532
2,1,-1,1.0,1.0,0.2,0.05,-1,-1,0.067498,0.679453
2,1,-1,0.05,0.05,0.25,0.05,-1,-1,0.020953,0.791107
2,1,-1,0.1,0.1,0.25,0.05,-1,-1,0.029015,0.739696
2,1,-1,0.15,0.15,0.25,0.05,-1,-1,0.035414,0.710406
2,1,-1,0.2,0.2,0.25,0.05,-1,-1,0.040037,0.689001
2,1,-1,0.25,0.25,0.25,0.05,-1,-1,0.045027,0.672615
2,1,-1,0.3,0.3,0.25,0.05,-1,-1,0.048973,0.663193
2,1,-1,0.35,0.35,0.25,0.05,-1,-1,0.052046,0.653464
2,1,-1,0.4,0.4,0.25,0.05,-1,-1,0.055541,0.646602
2,1,-1,0.45,0.45,0.25,0.05,-1,-1,0.058276,0.64015
2,1,-1,0.5,0.5,0.25,0.05,-1,-1,0.061292,0.636155
2,1,-1,0.55,0.55,0.25,0.05,-1,-1,0.063885,0.632059
2,1,-1,0.6,0.6,0.25,0.05,-1,-1,0.066507,0.628987
2,1,-1,0.65,0.65,0.25,0.05,-1,-1,0.069129,0.626836
2,1,-1,0.7,0.7,0.25,0.05,-1,-1,0.071046,0.624378
2,1,-1,0.75,0.75,0.25,0.05,-1,-1,0.073526,0.622842
2,1,-1,0.8,0.8,0.25,0.05,-1,-1,0.075528,0.620384
2,1,-1,0.85,0.85,0.25,0.05,-1,-1,0.077726,0.619257
2,1,-1,0.9,0.9,0.25,0.05,-1,-1,0.080404,0.618541
2,1,-1,0.95,0.95,0.25,0.05,-1,-1,0.083703,0.618028
2,1,-1,1.0,1.0,0.25,0.05,-1,-1,0.091821,0.617926
2,1,-1,0.05,0.05,0.3,0.05,-1,-1,0.023812,0.770454
2,1,-1,0.1,0.1,0.3,0.05,-1,-1,0.034178,0.708036
2,1,-1,0.15,0.15,0.3,0.05,-1,-1,0.042405,0.672475
2,1,-1,0.2,0.2,0.3,0.05,-1,-1,0.048349,0.646488
2,1,-1,0.25,0.25,0.3,0.05,-1,-1,0.054765,0.626594
2,1,-1,0.3,0.3,0.3,0.05,-1,-1,0.059839,0.615155
2,1,-1,0.35,0.35,0.3,0.05,-1,-1,0.063789,0.603343
2,1,-1,0.4,0.4,0.3,0.05,-1,-1,0.068283,0.595012
2,1,-1,0.45,0.45,0.3,0.05,-1,-1,0.071799,0.587178
2,1,-1,0.5,0.5,0.3,0.05,-1,-1,0.075677,0.582329
2,1,-1,0.55,0.55,0.3,0.05,-1,-1,0.079012,0.577356
2,1,-1,0.6,0.6,0.3,0.05,-1,-1,0.082382,0.573626
2,1,-1,0.65,0.65,0.3,0.05,-1,-1,0.085753,0.571014
2,1,-1,0.7,0.7,0.3,0.05,-1,-1,0.088217,0.56803
2,1,-1,0.75,0.75,0.3,0.05,-1,-1,0.091407,0.566165
2,1,-1,0.8,0.8,0.3,0.05,-1,-1,0.09398,0.563181
2,1,-1,0.85,0.85,0.3,0.05,-1,-1,0.096807,0.561813
2,1,-1,0.9,0.9,0.3,0.05,-1,-1,0.10025,0.560943
2,1,-1,0.95,0.95,0.3,0.05,-1,-1,0.104491,0.560321
2,1,-1,1.0,1.0,0.3,0.05,-1,-1,0.114929,0.560197
2,1,-1,0.05,0.05,0.35,0.05,-1,-1,0.027236,0.750752
2,1,-1,0.1,0.1,0.35,0.05,-1,-1,0.04036,0.677834
2,1,-1,0.15,0.15,0.35,0.05,-1,-1,0.050776,0.636292
2,1,-1,0.2,0.2,0.35,0.05,-1,-1,0.058302,0.605933
2,1,-1,0.25,0.25,0.35,0.05,-1,-1,0.066424,0.582692
2,1,-1,0.3,0.3,0.35,0.05,-1,-1,0.072848,0.569329
2,1,-1,0.35,0.35,0.35,0.05,-1,-1,0.07785,0.55553
2,1,-1,0.4,0.4,0.35,0.05,-1,-1,0.08354,0.545798
2,1,-1,0.45,0.45,0.35,0.05,-1,-1,0.087991,0.536647
2,1,-1,0.5,0.5,0.35,0.05,-1,-1,0.092901,0.530982
2,1,-1,0.55,0.55,0.35,0.05,-1,-1,0.097123,0.525172
2,1,-1,0.6,0.6,0.35,0.05,-1,-1,0.10139,0.520814
2,1,-1,0.65,0.65,0.35,0.05,-1,-1,0.105658,0.517764
2,1,-1,0.7,0.7,0.35,0.05,-1,-1,0.108778,0.514278
2,1,-1,0.75,0.75,0.35,0.05,-1,-1,0.112816,0.512099
2,1,-1,0.8,0.8,0.35,0.05,-1,-1,0.116074,0.508613
2,1,-1,0.85,0.85,0.35,0.05,-1,-1,0.119653,0.507015
2,1,-1,0.9,0.9,0.35,0.05,-1,-1,0.124013,0.505999
2,1,-1,0.95,0.95,0.35,0.05,-1,-1,0.129381,0.505272
2,1,-1,1.0,1.0,0.35,0.05,-1,-1,0.142597,0.505127
2,1,-1,0.05,0.05,0.4,0.05,-1,-1,0.031449,0.72806
2,1,-1,0.1,0.1,0.4,0.05,-1,-1,0.047968,0.64305
2,1,-1,0.15,0.15,0.4,0.05,-1,-1,0.061078,0.594618
2,1,-1,0.2,0.2,0.4,0.05,-1,-1,0.070551,0.559225
2,1,-1,0.25,0.25,0.4,0.05,-1,-1,0.080773,0.53213
2,1,-1,0.3,0.3,0.4,0.05,-1,-1,0.088859,0.51655
2,1,-1,0.35,0.35,0.4,0.05,-1,-1,0.095155,0.500463
2,1,-1,0.4,0.4,0.4,0.05,-1,-1,0.102317,0.489117
2,1,-1,0.45,0.45,0.4,0.05,-1,-1,0.107919,0.478448
2,1,-1,0.5,0.5,0.4,0.05,-1,-1,0.114099,0.471844
2,1,-1,0.55,0.55,0.4,0.05,-1,-1,0.119412,0.46507
2,1,-1,0.6,0.6,0.4,0.05,-1,-1,0.124784,0.45999
2,1,-1,0.65,0.65,0.4,0.05,-1,-1,0.130155,0.456434
2,1,-1,0.7,0.7,0.4,0.05,-1,-1,0.134083,0.45237
2,1,-1,0.75,0.75,0.4,0.05,-1,-1,0.139165,0.449829
2,1,-1,0.8,0.8,0.4,0.05,-1,-1,0.143266,0.445765
2,1,-1,0.85,0.85,0.4,0.05,-1,-1,0.147771,0.443902
2,1,-1,0.9,0.9,0.4,0.05,-1,-1,0.153258,0.442717
2,1,-1,0.95,0.95,0.4,0.05,-1,-1,0.160015,0.44187
2,1,-1,1.0,1.0,0.4,0.05,-1,-1,0.176649,0.441701
2,1,-1,0.05,0.05,0.45,0.05,-1,-1,0.036829,0.706048
2,1,-1,0.1,0.1,0.45,0.05,-1,-1,0.057682,0.609307
2,1,-1,0.15,0.15,0.45,0.05,-1,-1,0.074233,0.554192
2,1,-1,0.2,0.2,0.45,0.05,-1,-1,0.08619,0.513916
2,1,-1,0.25,0.25,0.45,0.05,-1,-1,0.099096,0.483082
2,1,-1,0.3,0.3,0.45,0.05,-1,-1,0.109303,0.465353
2,1,-1,0.35,0.35,0.45,0.05,-1,-1,0.11725,0.447046
2,1,-1,0.4,0.4,0.45,0.05,-1,-1,0.126291,0.434134
2,1,-1,0.45,0.45,0.45,0.05,-1,-1,0.133364,0.421993
2,1,-1,0.5,0.5,0.45,0.05,-1,-1,0.141165,0.414477
2,1,-1,0.55,0.55,0.45,0.05,-1,-1,0.147873,0.406769
2,1,-1,0.6,0.6,0.45,0.05,-1,-1,0.154654,0.400988
2,1,-1,0.65,0.65,0.45,0.05,-1,-1,0.161434,0.396941
2,1,-1,0.7,0.7,0.45,0.05,-1,-1,0.166392,0.392316
2,1,-1,0.75,0.75,0.45,0.05,-1,-1,0.172809,0.389425
2,1,-1,0.8,0.8,0.45,0.05,-1,-1,0.177985,0.3848
2,1,-1,0.85,0.85,0.45,0.05,-1,-1,0.183672,0.38268
2,1,-1,0.9,0.9,0.45,0.05,-1,-1,0.190599,0.381331
2,1,-1,0.95,0.95,0.45,0.05,-1,-1,0.19913,0.380368
2,1,-1,1.0,1.0,0.45,0.05,-1,-1,0.220128,0.380175
2,1,-1,0.05,0.05,0.5,0.05,-1,-1,0.043037,0.685802
2,1,-1,0.1,0.1,0.5,0.05,-1,-1,0.068891,0.578272
2,1,-1,0.15,0.15,0.5,0.05,-1,-1,0.08941,0.51701
2,1,-1,0.2,0.2,0.5,0.05,-1,-1,0.104236,0.472242
2,1,-1,0.25,0.25,0.5,0.05,-1,-1,0.120236,0.437969
2,1,-1,0.3,0.3,0.5,0.05,-1,-1,0.132892,0.418262
2,1,-1,0.35,0.35,0.5,0.05,-1,-1,0.142745,0.397913
2,1,-1,0.4,0.4,0.5,0.05,-1,-1,0.153954,0.383562
2,1,-1,0.45,0.45,0.5,0.05,-1,-1,0.162722,0.370067
2,1,-1,0.5,0.5,0.5,0.05,-1,-1,0.172395,0.361713
2,1,-1,0.55,0.55,0.5,0.05,-1,-1,0.180711,0.353145
2,1,-1,0.6,0.6,0.5,0.05,-1,-1,0.189119,0.346719
2,1,-1,0.65,0.65,0.5,0.05,-1,-1,0.197525,0.342221
2,1,-1,0.7,0.7,0.5,0.05,-1,-1,0.203672,0.33708
2,1,-1,0.75,0.75,0.5,0.05,-1,-1,0.211627,0.333867
2,1,-1,0.8,0.8,0.5,0.05,-1,-1,0.218046,0.328726
2,1,-1,0.85,0.85,0.5,0.05,-1,-1,0.225096,0.326369
2,1,-1,0.9,0.9,0.5,0.05,-1,-1,0.233684,0.32487
2,1,-1,0.95,0.95,0.5,0.05,-1,-1,0.244261,0.323799
2,1,-1,1.0,1.0,0.5,0.05,-1,-1,0.270295,0.323585
2,1,-1,0.05,0.05,0.55,0.05,-1,-1,0.048567,0.671263
2,1,-1,0.1,0.1,0.55,0.05,-1,-1,0.078876,0.555985
2,1,-1,0.15,0.15,0.55,0.05,-1,-1,0.102932,0.490309
2,1,-1,0.2,0.2,0.55,0.05,-1,-1,0.120312,0.442315
2,1,-1,0.25,0.25,0.55,0.05,-1,-1,0.13907,0.405573
2,1,-1,0.3,0.3,0.55,0.05,-1,-1,0.153907,0.384446
2,1,-1,0.35,0.35,0.55,0.05,-1,-1,0.165458,0.362631
2,1,-1,0.4,0.4,0.55,0.05,-1,-1,0.178599,0.347246
2,1,-1,0.45,0.45,0.55,0.05,-1,-1,0.188878,0.332778
2,1,-1,0.5,0.5,0.55,0.05,-1,-1,0.200218,0.323822
2,1,-1,0.55,0.55,0.55,0.05,-1,-1,0.209967,0.314637
2,1,-1,0.6,0.6,0.55,0.05,-1,-1,0.219823,0.307748
2,1,-1,0.65,0.65,0.55,0.05,-1,-1,0.229679,0.302925
2,1,-1,0.7,0.7,0.55,0.05,-1,-1,0.236885,0.297414
2,1,-1,0.75,0.75,0.55,0.05,-1,-1,0.246211,0.293969
2,1,-1,0.8,0.8,0.55,0.05,-1,-1,0.253735,0.288458
2,1,-1,0.85,0.85,0.55,0.05,-1,-1,0.262001,0.285932
2,1,-1,0.9,0.9,0.55,0.05,-1,-1,0.272069,0.284325
2,1,-1,0.95,0.95,0.55,0.05,-1,-1,0.284468,0.283177
2,1,-1,1.0,1.0,0.55,0.05,-1,-1,0.314989,0.282947
2,1,-1,0.05,0.05,0.6,0.05,-1,-1,0.053947,0.657267
2,1,-1,0.1,0.1,0.6,0.05,-1,-1,0.08859,0.534531
2,1,-1,0.15,0.15,0.6,0.05,-1,-1,0.116087,0.464606
2,1,-1,0.2,0.2,0.6,0.05,-1,-1,0.135952,0.413507
2,1,-1,0.25,0.25,0.6,0.05,-1,-1,0.157392,0.374388
2,1,-1,0.3,0.3,0.6,0.05,-1,-1,0.17435,0.351894
2,1,-1,0.35,0.35,0.6,0.05,-1,-1,0.187554,0.328668
2,1,-1,0.4,0.4,0.6,0.05,-1,-1,0.202574,0.312287
2,1,-1,0.45,0.45,0.6,0.05,-1,-1,0.214323,0.296883
2,1,-1,0.5,0.5,0.6,0.05,-1,-1,0.227284,0.287348
2,1,-1,0.55,0.55,0.6,0.05,-1,-1,0.238428,0.277568
2,1,-1,0.6,0.6,0.6,0.05,-1,-1,0.249693,0.270233
2,1,-1,0.65,0.65,0.6,0.05,-1,-1,0.260958,0.265099
2,1,-1,0.7,0.7,0.6,0.05,-1,-1,0.269195,0.259231
2,1,-1,0.75,0.75,0.6,0.05,-1,-1,0.279855,0.255564
2,1,-1,0.8,0.8,0.6,0.05,-1,-1,0.288455,0.249696
2,1,-1,0.85,0.85,0.6,0.05,-1,-1,0.297903,0.247006
2,1,-1,0.9,0.9,0.6,0.05,-1,-1,0.30941,0.245295
2,1,-1,0.95,0.95,0.6,0.05,-1,-1,0.323583,0.244073
2,1,-1,1.0,1.0,0.6,0.05,-1,-1,0.358468,0.243828
2,1,-1,0.05,0.05,0.65,0.05,-1,-1,0.059026,0.643951
2,1,-1,0.1,0.1,0.65,0.05,-1,-1,0.097761,0.514119
2,1,-1,0.15,0.15,0.65,0.05,-1,-1,0.128505,0.440151
2,1,-1,0.2,0.2,0.65,0.05,-1,-1,0.150717,0.386098
2,1,-1,0.25,0.25,0.65,0.05,-1,-1,0.174689,0.344716
2,1,-1,0.3,0.3,0.65,0.05,-1,-1,0.19365,0.320922
2,1,-1,0.35,0.35,0.65,0.05,-1,-1,0.208413,0.296353
2,1,-1,0.4,0.4,0.65,0.05,-1,-1,0.225207,0.279025
2,1,-1,0.45,0.45,0.65,0.05,-1,-1,0.238344,0.26273
2,1,-1,0.5,0.5,0.65,0.05,-1,-1,0.252836,0.252644
2,1,-1,0.55,0.55,0.65,0.05,-1,-1,0.265296,0.242299
2,1,-1,0.6,0.6,0.65,0.05,-1,-1,0.277892,0.23454
2,1,-1,0.65,0.65,0.65,0.05,-1,-1,0.290487,0.229109
2,1,-1,0.7,0.7,0.65,0.05,-1,-1,0.299697,0.222902
2,1,-1,0.75,0.75,0.65,0.05,-1,-1,0.311616,0.219022
2,1,-1,0.8,0.8,0.65,0.05,-1,-1,0.321232,0.212815
2,1,-1,0.85,0.85,0.65,0.05,-1,-1,0.331796,0.20997
2,1,-1,0.9,0.9,0.65,0.05,-1,-1,0.344662,0.20816
2,1,-1,0.95,0.95,0.65,0.05,-1,-1,0.360508,0.206867
2,1,-1,1.0,1.0,0.65,0.05,-1,-1,0.399514,0.206608
2,1,-1,0.05,0.05,0.7,0.05,-1,-1,0.065271,0.631315
2,1,-1,0.1,0.1,0.7,0.05,-1,-1,0.109037,0.494749
2,1,-1,0.15,0.15,0.7,0.05,-1,-1,0.143775,0.416944
2,1,-1,0.2,0.2,0.7,0.05,-1,-1,0.168871,0.360087
2,1,-1,0.25,0.25,0.7,0.05,-1,-1,0.195957,0.316559
2,1,-1,0.3,0.3,0.7,0.05,-1,-1,0.217382,0.291531
2,1,-1,0.35,0.35,0.7,0.05,-1,-1,0.234062,0.265688
2,1,-1,0.4,0.4,0.7,0.05,-1,-1,0.253037,0.247461
2,1,-1,0.45,0.45,0.7,0.05,-1,-1,0.267881,0.230321
2,1,-1,0.5,0.5,0.7,0.05,-1,-1,0.284255,0.219712
2,1,-1,0.55,0.55,0.7,0.05,-1,-1,0.298333,0.20883
2,1,-1,0.6,0.6,0.7,0.05,-1,-1,0.312565,0.200669
2,1,-1,0.65,0.65,0.7,0.05,-1,-1,0.326797,0.194956
2,1,-1,0.7,0.7,0.7,0.05,-1,-1,0.337203,0.188427
2,1,-1,0.75,0.75,0.7,0.05,-1,-1,0.35067,0.184346
2,1,-1,0.8,0.8,0.7,0.05,-1,-1,0.361534,0.177817
2,1,-1,0.85,0.85,0.7,0.05,-1,-1,0.373471,0.174824
2,1,-1,0.9,0.9,0.7,0.05,-1,-1,0.388008,0.17292
2,1,-1,0.95,0.95,0.7,0.05,-1,-1,0.405913,0.17156
2,1,-1,1.0,1.0,0.7,0.05,-1,-1,0.449985,0.171288
2,1,-1,0.05,0.05,0.75,0.05,-1,-1,0.071027,0.620445
2,1,-1,0.1,0.1,0.75,0.05,-1,-1,0.119431,0.478085
2,1,-1,0.15,0.15,0.75,0.05,-1,-1,0.157848,0.396981
2,1,-1,0.2,0.2,0.75,0.05,-1,-1,0.185604,0.337712
2,1,-1,0.25,0.25,0.75,0.05,-1,-1,0.21556,0.292338
2,1,-1,0.3,0.3,0.75,0.05,-1,-1,0.239254,0.266248
2,1,-1,0.35,0.35,0.75,0.05,-1,-1,0.257702,0.239308
2,1,-1,0.4,0.4,0.75,0.05,-1,-1,0.278688,0.220308
2,1,-1,0.45,0.45,0.75,0.05,-1,-1,0.295104,0.202441
2,1,-1,0.5,0.5,0.75,0.05,-1,-1,0.313213,0.191382
2,1,-1,0.55,0.55,0.75,0.05,-1,-1,0.328783,0.180039
2,1,-1,0.6,0.6,0.75,0.05,-1,-1,0.344523,0.171531
2,1,-1,0.65,0.65,0.75,0.05,-1,-1,0.360263,0.165576
2,1,-1,0.7,0.7,0.75,0.05,-1,-1,0.371771,0.15877
2,1,-1,0.75,0.75,0.75,0.05,-1,-1,0.386665,0.154516
2,1,-1,0.8,0.8,0.75,0.05,-1,-1,0.398681,0.14771
2,1,-1,0.85,0.85,0.75,0.05,-1,-1,0.411882,0.14459
2,1,-1,0.9,0.9,0.75,0.05,-1,-1,0.42796,0.142606
2,1,-1,0.95,0.95,0.75,0.05,-1,-1,0.447761,0.141188
2,1,-1,1.0,1.0,0.75,0.05,-1,-1,0.496503,0.140904
2,1,-1,0.05,0.05,0.8,0.05,-1,-1,0.077234,0.60971
2,1,-1,0.1,0.1,0.8,0.05,-1,-1,0.130639,0.46163
2,1,-1,0.15,0.15,0.8,0.05,-1,-1,0.173026,0.377267
2,1,-1,0.2,0.2,0.8,0.05,-1,-1,0.20365,0.315616
2,1,-1,0.25,0.25,0.8,0.05,-1,-1,0.236701,0.268419
2,1,-1,0.3,0.3,0.8,0.05,-1,-1,0.262843,0.241281
2,1,-1,0.35,0.35,0.8,0.05,-1,-1,0.283197,0.213258
2,1,-1,0.4,0.4,0.8,0.05,-1,-1,0.306351,0.193495
2,1,-1,0.45,0.45,0.8,0.05,-1,-1,0.324464,0.17491
2,1,-1,0.5,0.5,0.8,0.05,-1,-1,0.344444,0.163406
2,1,-1,0.55,0.55,0.8,0.05,-1,-1,0.361622,0.151607
2,1,-1,0.6,0.6,0.8,0.05,-1,-1,0.378989,0.142758
2,1,-1,0.65,0.65,0.8,0.05,-1,-1,0.396354,0.136563
2,1,-1,0.7,0.7,0.8,0.05,-1,-1,0.409052,0.129484
2,1,-1,0.75,0.75,0.8,0.05,-1,-1,0.425484,0.125059
2,1,-1,0.8,0.8,0.8,0.05,-1,-1,0.438742,0.117979
2,1,-1,0.85,0.85,0.8,0.05,-1,-1,0.453306,0.114734
2,1,-1,0.9,0.9,0.8,0.05,-1,-1,0.471046,0.11267
2,1,-1,0.95,0.95,0.8,0.05,-1,-1,0.492893,0.111195
2,1,-1,1.0,1.0,0.8,0.05,-1,-1,0.546671,0.1109
2,1,-1,0.05,0.05,0.85,0.05,-1,-1,0.083404,0.600199
2,1,-1,0.1,0.1,0.85,0.05,-1,-1,0.14178,0.44705
2,1,-1,0.15,0.15,0.85,0.05,-1,-1,0.188112,0.359798
2,1,-1,0.2,0.2,0.85,0.05,-1,-1,0.221586,0.296038
2,1,-1,0.25,0.25,0.85,0.05,-1,-1,0.257713,0.247225
2,1,-1,0.3,0.3,0.85,0.05,-1,-1,0.286289,0.219158
2,1,-1,0.35,0.35,0.85,0.05,-1,-1,0.308537,0.190176
2,1,-1,0.4,0.4,0.85,0.05,-1,-1,0.333846,0.169736
2,1,-1,0.45,0.45,0.85,0.05,-1,-1,0.353644,0.150515
2,1,-1,0.5,0.5,0.85,0.05,-1,-1,0.375484,0.138617
2,1,-1,0.55,0.55,0.85,0.05,-1,-1,0.394262,0.126415
2,1,-1,0.6,0.6,0.85,0.05,-1,-1,0.413244,0.117262
2,1,-1,0.65,0.65,0.85,0.05,-1,-1,0.432226,0.110856
2,1,-1,0.7,0.7,0.85,0.05,-1,-1,0.446106,0.103534
2,1,-1,0.75,0.75,0.85,0.05,-1,-1,0.464068,0.098958
2,1,-1,0.8,0.8,0.85,0.05,-1,-1,0.478559,0.091636
2,1,-1,0.85,0.85,0.85,0.05,-1,-1,0.494479,0.08828
2,1,-1,0.9,0.9,0.85,0.05,-1,-1,0.51387,0.086145
2,1,-1,0.95,0.95,0.85,0.05,-1,-1,0.537751,0.084619
2,1,-1,1.0,1.0,0.85,0.05,-1,-1,0.596534,0.084314
2,1,-1,0.05,0.05,0.9,0.05,-1,-1,0.089348,0.592182
2,1,-1,0.1,0.1,0.9,0.05,-1,-1,0.152513,0.434762
2,1,-1,0.15,0.15,0.9,0.05,-1,-1,0.202646,0.345076
2,1,-1,0.2,0.2,0.9,0.05,-1,-1,0.238866,0.279537
2,1,-1,0.25,0.25,0.9,0.05,-1,-1,0.277957,0.229362
2,1,-1,0.3,0.3,0.9,0.05,-1,-1,0.308877,0.200512
2,1,-1,0.35,0.35,0.9,0.05,-1,-1,0.33295,0.170722
2,1,-1,0.4,0.4,0.9,0.05,-1,-1,0.360336,0.149712
2,1,-1,0.45,0.45,0.9,0.05,-1,-1,0.381758,0.129955
2,1,-1,0.5,0.5,0.9,0.05,-1,-1,0.40539,0.117725
2,1,-1,0.55,0.55,0.9,0.05,-1,-1,0.425707,0.105182
2,1,-1,0.6,0.6,0.9,0.05,-1,-1,0.446247,0.095774
2,1,-1,0.65,0.65,0.9,0.05,-1,-1,0.466786,0.089189
2,1,-1,0.7,0.7,0.9,0.05,-1,-1,0.481804,0.081663
2,1,-1,0.75,0.75,0.9,0.05,-1,-1,0.50124,0.076959
2,1,-1,0.8,0.8,0.9,0.05,-1,-1,0.51692,0.069433
2,1,-1,0.85,0.85,0.9,0.05,-1,-1,0.534146,0.065983
2,1,-1,0.9,0.9,0.9,0.05,-1,-1,0.555128,0.063789
2,1,-1,0.95,0.95,0.9,0.05,-1,-1,0.580968,0.062221
2,1,-1,1.0,1.0,0.9,0.05,-1,-1,0.644573,0.061907
2,1,-1,0.05,0.05,0.95,0.05,-1,-1,0.097362,0.584301
2,1,-1,0.1,0.1,0.95,0.05,-1,-1,0.166982,0.42268
2,1,-1,0.15,0.15,0.95,0.05,-1,-1,0.222239,0.330602
2,1,-1,0.2,0.2,0.95,0.05,-1,-1,0.262161,0.263314
2,1,-1,0.25,0.25,0.95,0.05,-1,-1,0.305247,0.211801
2,1,-1,0.3,0.3,0.95,0.05,-1,-1,0.339327,0.182181
2,1,-1,0.35,0.35,0.95,0.05,-1,-1,0.36586,0.151596
2,1,-1,0.4,0.4,0.95,0.05,-1,-1,0.396046,0.130025
2,1,-1,0.45,0.45,0.95,0.05,-1,-1,0.419657,0.109741
2,1,-1,0.5,0.5,0.95,0.05,-1,-1,0.445704,0.097185
2,1,-1,0.55,0.55,0.95,0.05,-1,-1,0.468099,0.084308
2,1,-1,0.6,0.6,0.95,0.05,-1,-1,0.490738,0.074649
2,1,-1,0.65,0.65,0.95,0.05,-1,-1,0.513376,0.067888
2,1,-1,0.7,0.7,0.95,0.05,-1,-1,0.529929,0.060161
2,1,-1,0.75,0.75,0.95,0.05,-1,-1,0.551351,0.055332
2,1,-1,0.8,0.8,0.95,0.05,-1,-1,0.568634,0.047605
2,1,-1,0.85,0.85,0.95,0.05,-1,-1,0.587621,0.044063
2,1,-1,0.9,0.9,0.95,0.05,-1,-1,0.610747,0.04181
2,1,-1,0.95,0.95,0.95,0.05,-1,-1,0.639228,0.0402
2,1,-1,1.0,1.0,0.95,0.05,-1,-1,0.709334,0.039878
2,1,-1,0.05,0.05,1.0,0.05,-1,-1,0.133328,0.570034
2,1,-1,0.1,0.1,1.0,0.05,-1,-1,0.231923,0.40081
2,1,-1,0.15,0.15,1.0,0.05,-1,-1,0.310178,0.3044
2,1,-1,0.2,0.2,1.0,0.05,-1,-1,0.366716,0.233947
2,1,-1,0.25,0.25,1.0,0.05,-1,-1,0.427734,0.18001
2,1,-1,0.3,0.3,1.0,0.05,-1,-1,0.475998,0.148997
2,1,-1,0.35,0.35,1.0,0.05,-1,-1,0.513574,0.116973
2,1,-1,0.4,0.4,1.0,0.05,-1,-1,0.556322,0.094388
2,1,-1,0.45,0.45,1.0,0.05,-1,-1,0.589761,0.07315
2,1,-1,0.5,0.5,1.0,0.05,-1,-1,0.626649,0.060003
2,1,-1,0.55,0.55,1.0,0.05,-1,-1,0.658364,0.04652
2,1,-1,0.6,0.6,1.0,0.05,-1,-1,0.690425,0.036407
2,1,-1,0.65,0.65,1.0,0.05,-1,-1,0.722485,0.029327
2,1,-1,0.7,0.7,1.0,0.05,-1,-1,0.745928,0.021237
2,1,-1,0.75,0.75,1.0,0.05,-1,-1,0.776265,0.016181
2,1,-1,0.8,0.8,1.0,0.05,-1,-1,0.800741,0.00809
2,1,-1,0.85,0.85,1.0,0.05,-1,-1,0.827631,0.004382
2,1,-1,0.9,0.9,1.0,0.05,-1,-1,0.860381,0.002023
2,1,-1,0.95,0.95,1.0,0.05,-1,-1,0.900716,0.000337
2,1,-1,1.0,1.0,1.0,0.05,-1,-1,1.0,0.0
2,1,-1,0.05,0.05,0.1,0.1,-1,-1,0.02858,0.810482
2,1,-1,0.1,0.1,0.1,0.1,-1,-1,0.02858,0.810482
2,1,-1,0.15,0.15,0.1,0.1,-1,-1,0.02858,0.810482
2,1,-1,0.2,0.2,0.1,0.1,-1,-1,0.02858,0.810482
2,1,-1,0.25,0.25,0.1,0.1,-1,-1,0.02858,0.810482
2,1,-1,0.3,0.3,0.1,0.1,-1,-1,0.02858,0.810482
2,1,-1,0.35,0.35,0.1,0.1,-1,-1,0.02858,0.810482
2,1,-1,0.4,0.4,0.1,0.1,-1,-1,0.02858,0.810482
2,1,-1,0.45,0.45,0.1,0.1,-1,-1,0.02858,0.810482
2,1,-1,0.5,0.5,0.1,0.1,-1,-1,0.02858,0.810482
2,1,-1,0.55,0.55,0.1,0.1,-1,-1,0.02858,0.810482
2,1,-1,0.6,0.6,0.1,0.1,-1,-1,0.02858,0.810482
2,1,-1,0.65,0.65,0.1,0.1,-1,-1,0.02858,0.810482
2,1,-1,0.7,0.7,0.1,0.1,-1,-1,0.02858,0.810482
2,1,-1,0.75,0.75,0.1,0.1,-1,-1,0.02858,0.810482
2,1,-1,0.8,0.8,0.1,0.1,-1,-1,0.02858,0.810482
2,1,-1,0.85,0.85,0.1,0.1,-1,-1,0.02858,0.810482
2,1,-1,0.9,0.9,0.1,0.1,-1,-1,0.02858,0.810482
2,1,-1,0.95,0.95,0.1,0.1,-1,-1,0.02858,0.810482
2,1,-1,1.0,1.0,0.1,0.1,-1,-1,0.02858,0.810482
2,1,-1,0.05,0.05,0.15,0.1,-1,-1,0.030687,0.787383
2,1,-1,0.1,0.1,0.15,0.1,-1,-1,0.032384,0.775073
2,1,-1,0.15,0.15,0.15,0.1,-1,-1,0.033731,0.76806
2,1,-1,0.2,0.2,0.15,0.1,-1,-1,0.034705,0.762935
2,1,-1,0.25,0.25,0.15,0.1,-1,-1,0.035755,0.759011
2,1,-1,0.3,0.3,0.15,0.1,-1,-1,0.036586,0.756755
2,1,-1,0.35,0.35,0.15,0.1,-1,-1,0.037233,0.754426
2,1,-1,0.4,0.4,0.15,0.1,-1,-1,0.037969,0.752783
2,1,-1,0.45,0.45,0.15,0.1,-1,-1,0.038545,0.751238
2,1,-1,0.5,0.5,0.15,0.1,-1,-1,0.03918,0.750282
2,1,-1,0.55,0.55,0.15,0.1,-1,-1,0.039726,0.749301
2,1,-1,0.6,0.6,0.15,0.1,-1,-1,0.040278,0.748565
2,1,-1,0.65,0.65,0.15,0.1,-1,-1,0.040829,0.74805
2,1,-1,0.7,0.7,0.15,0.1,-1,-1,0.041233,0.747462
2,1,-1,0.75,0.75,0.15,0.1,-1,-1,0.041755,0.747094
2,1,-1,0.8,0.8,0.15,0.1,-1,-1,0.042177,0.746506
2,1,-1,0.85,0.85,0.15,0.1,-1,-1,0.04264,0.746236
2,1,-1,0.9,0.9,0.15,0.1,-1,-1,0.043203,0.746064
2,1,-1,0.95,0.95,0.15,0.1,-1,-1,0.043898,0.745942
2,1,-1,1.0,1.0,0.15,0.1,-1,-1,0.045607,0.745917
2,1,-1,0.05,0.05,0.2,0.1,-1,-1,0.033396,0.763604
2,1,-1,0.1,0.1,0.2,0.1,-1,-1,0.037275,0.738623
2,1,-1,0.15,0.15,0.2,0.1,-1,-1,0.040354,0.72439
2,1,-1,0.2,0.2,0.2,0.1,-1,-1,0.042579,0.713989
2,1,-1,0.25,0.25,0.2,0.1,-1,-1,0.04498,0.706027
2,1,-1,0.3,0.3,0.2,0.1,-1,-1,0.046879,0.701449
2,1,-1,0.35,0.35,0.2,0.1,-1,-1,0.048358,0.696721
2,1,-1,0.4,0.4,0.2,0.1,-1,-1,0.05004,0.693387
2,1,-1,0.45,0.45,0.2,0.1,-1,-1,0.051356,0.690252
2,1,-1,0.5,0.5,0.2,0.1,-1,-1,0.052807,0.688311
2,1,-1,0.55,0.55,0.2,0.1,-1,-1,0.054055,0.68632
2,1,-1,0.6,0.6,0.2,0.1,-1,-1,0.055317,0.684828
2,1,-1,0.65,0.65,0.2,0.1,-1,-1,0.056578,0.683782
2,1,-1,0.7,0.7,0.2,0.1,-1,-1,0.057501,0.682588
2,1,-1,0.75,0.75,0.2,0.1,-1,-1,0.058694,0.681842
2,1,-1,0.8,0.8,0.2,0.1,-1,-1,0.059657,0.680647
2,1,-1,0.85,0.85,0.2,0.1,-1,-1,0.060715,0.6801
2,1,-1,0.9,0.9,0.2,0.1,-1,-1,0.062004,0.679752
2,1,-1,0.95,0.95,0.2,0.1,-1,-1,0.063591,0.679503
2,1,-1,1.0,1.0,0.2,0.1,-1,-1,0.067498,0.679453
2,1,-1,0.05,0.05,0.25,0.1,-1,-1,0.036405,0.741592
2,1,-1,0.1,0.1,0.25,0.1,-1,-1,0.042709,0.70488
2,1,-1,0.15,0.15,0.25,0.1,-1,-1,0.047713,0.683964
2,1,-1,0.2,0.2,0.25,0.1,-1,-1,0.051328,0.66868
2,1,-1,0.25,0.25,0.25,0.1,-1,-1,0.05523,0.656978
2,1,-1,0.3,0.3,0.25,0.1,-1,-1,0.058316,0.65025
2,1,-1,0.35,0.35,0.25,0.1,-1,-1,0.060719,0.643303
2,1,-1,0.4,0.4,0.25,0.1,-1,-1,0.063452,0.638403
2,1,-1,0.45,0.45,0.25,0.1,-1,-1,0.06559,0.633796
2,1,-1,0.5,0.5,0.25,0.1,-1,-1,0.067949,0.630943
2,1,-1,0.55,0.55,0.25,0.1,-1,-1,0.069976,0.628018
2,1,-1,0.6,0.6,0.25,0.1,-1,-1,0.072027,0.625824
2,1,-1,0.65,0.65,0.25,0.1,-1,-1,0.074076,0.624288
2,1,-1,0.7,0.7,0.25,0.1,-1,-1,0.075575,0.622533
2,1,-1,0.75,0.75,0.25,0.1,-1,-1,0.077515,0.621436
2,1,-1,0.8,0.8,0.25,0.1,-1,-1,0.07908,0.619681
2,1,-1,0.85,0.85,0.25,0.1,-1,-1,0.0808,0.618877
2,1,-1,0.9,0.9,0.25,0.1,-1,-1,0.082894,0.618365
2,1,-1,0.95,0.95,0.25,0.1,-1,-1,0.085473,0.617999
2,1,-1,1.0,1.0,0.25,0.1,-1,-1,0.091821,0.617926
2,1,-1,0.05,0.05,0.3,0.1,-1,-1,0.039264,0.720938
2,1,-1,0.1,0.1,0.3,0.1,-1,-1,0.047872,0.67322
2,1,-1,0.15,0.15,0.3,0.1,-1,-1,0.054704,0.646033
2,1,-1,0.2,0.2,0.3,0.1,-1,-1,0.05964,0.626167
2,1,-1,0.25,0.25,0.3,0.1,-1,-1,0.064968,0.610957
2,1,-1,0.3,0.3,0.3,0.1,-1,-1,0.069181,0.602212
2,1,-1,0.35,0.35,0.3,0.1,-1,-1,0.072462,0.593182
2,1,-1,0.4,0.4,0.3,0.1,-1,-1,0.076194,0.586813
2,1,-1,0.45,0.45,0.3,0.1,-1,-1,0.079113,0.580824
2,1,-1,0.5,0.5,0.3,0.1,-1,-1,0.082334,0.577117
2,1,-1,0.55,0.55,0.3,0.1,-1,-1,0.085103,0.573315
2,1,-1,0.6,0.6,0.3,0.1,-1,-1,0.087902,0.570463
2,1,-1,0.65,0.65,0.3,0.1,-1,-1,0.090701,0.568467
2,1,-1,0.7,0.7,0.3,0.1,-1,-1,0.092747,0.566186
2,1,-1,0.75,0.75,0.3,0.1,-1,-1,0.095396,0.56476
2,1,-1,0.8,0.8,0.3,0.1,-1,-1,0.097533,0.562478
2,1,-1,0.85,0.85,0.3,0.1,-1,-1,0.09988,0.561433
2,1,-1,0.9,0.9,0.3,0.1,-1,-1,0.10274,0.560767
2,1,-1,0.95,0.95,0.3,0.1,-1,-1,0.106261,0.560292
2,1,-1,1.0,1.0,0.3,0.1,-1,-1,0.114929,0.560197
2,1,-1,0.05,0.05,0.35,0.1,-1,-1,0.042688,0.701236
2,1,-1,0.1,0.1,0.35,0.1,-1,-1,0.054054,0.643018
2,1,-1,0.15,0.15,0.35,0.1,-1,-1,0.063075,0.60985
2,1,-1,0.2,0.2,0.35,0.1,-1,-1,0.069593,0.585612
2,1,-1,0.25,0.25,0.35,0.1,-1,-1,0.076627,0.567056
2,1,-1,0.3,0.3,0.35,0.1,-1,-1,0.082191,0.556387
2,1,-1,0.35,0.35,0.35,0.1,-1,-1,0.086522,0.545369
2,1,-1,0.4,0.4,0.35,0.1,-1,-1,0.09145,0.537599
2,1,-1,0.45,0.45,0.35,0.1,-1,-1,0.095305,0.530293
2,1,-1,0.5,0.5,0.35,0.1,-1,-1,0.099558,0.52577
2,1,-1,0.55,0.55,0.35,0.1,-1,-1,0.103214,0.521131
2,1,-1,0.6,0.6,0.35,0.1,-1,-1,0.10691,0.517652
2,1,-1,0.65,0.65,0.35,0.1,-1,-1,0.110605,0.515217
2,1,-1,0.7,0.7,0.35,0.1,-1,-1,0.113308,0.512433
2,1,-1,0.75,0.75,0.35,0.1,-1,-1,0.116805,0.510694
2,1,-1,0.8,0.8,0.35,0.1,-1,-1,0.119627,0.50791
2,1,-1,0.85,0.85,0.35,0.1,-1,-1,0.122726,0.506635
2,1,-1,0.9,0.9,0.35,0.1,-1,-1,0.126502,0.505823
2,1,-1,0.95,0.95,0.35,0.1,-1,-1,0.131152,0.505243
2,1,-1,1.0,1.0,0.35,0.1,-1,-1,0.142597,0.505127
2,1,-1,0.05,0.05,0.4,0.1,-1,-1,0.046901,0.678544
2,1,-1,0.1,0.1,0.4,0.1,-1,-1,0.061662,0.608234
2,1,-1,0.15,0.15,0.4,0.1,-1,-1,0.073377,0.568176
2,1,-1,0.2,0.2,0.4,0.1,-1,-1,0.081841,0.538904
2,1,-1,0.25,0.25,0.4,0.1,-1,-1,0.090976,0.516493
2,1,-1,0.3,0.3,0.4,0.1,-1,-1,0.098202,0.503608
2,1,-1,0.35,0.35,0.4,0.1,-1,-1,0.103827,0.490302
2,1,-1,0.4,0.4,0.4,0.1,-1,-1,0.110227,0.480918
2,1,-1,0.45,0.45,0.4,0.1,-1,-1,0.115233,0.472094
2,1,-1,0.5,0.5,0.4,0.1,-1,-1,0.120755,0.466632
2,1,-1,0.55,0.55,0.4,0.1,-1,-1,0.125503,0.46103
2,1,-1,0.6,0.6,0.4,0.1,-1,-1,0.130303,0.456828
2,1,-1,0.65,0.65,0.4,0.1,-1,-1,0.135103,0.453886
2,1,-1,0.7,0.7,0.4,0.1,-1,-1,0.138612,0.450525
2,1,-1,0.75,0.75,0.4,0.1,-1,-1,0.143154,0.448424
2,1,-1,0.8,0.8,0.4,0.1,-1,-1,0.146818,0.445062
2,1,-1,0.85,0.85,0.4,0.1,-1,-1,0.150844,0.443522
2,1,-1,0.9,0.9,0.4,0.1,-1,-1,0.155747,0.442541
2,1,-1,0.95,0.95,0.4,0.1,-1,-1,0.161785,0.441841
2,1,-1,1.0,1.0,0.4,0.1,-1,-1,0.176649,0.441701
2,1,-1,0.05,0.05,0.45,0.1,-1,-1,0.052281,0.656532
2,1,-1,0.1,0.1,0.45,0.1,-1,-1,0.071376,0.574491
2,1,-1,0.15,0.15,0.45,0.1,-1,-1,0.086532,0.527751
2,1,-1,0.2,0.2,0.45,0.1,-1,-1,0.097481,0.493594
2,1,-1,0.25,0.25,0.45,0.1,-1,-1,0.109299,0.467446
2,1,-1,0.3,0.3,0.45,0.1,-1,-1,0.118646,0.45241
2,1,-1,0.35,0.35,0.45,0.1,-1,-1,0.125923,0.436885
2,1,-1,0.4,0.4,0.45,0.1,-1,-1,0.134202,0.425935
2,1,-1,0.45,0.45,0.45,0.1,-1,-1,0.140678,0.415639
2,1,-1,0.5,0.5,0.45,0.1,-1,-1,0.147822,0.409265
2,1,-1,0.55,0.55,0.45,0.1,-1,-1,0.153964,0.402728
2,1,-1,0.6,0.6,0.45,0.1,-1,-1,0.160173,0.397825
2,1,-1,0.65,0.65,0.45,0.1,-1,-1,0.166382,0.394393
2,1,-1,0.7,0.7,0.45,0.1,-1,-1,0.170922,0.390471
2,1,-1,0.75,0.75,0.45,0.1,-1,-1,0.176798,0.388019
2,1,-1,0.8,0.8,0.45,0.1,-1,-1,0.181538,0.384097
2,1,-1,0.85,0.85,0.45,0.1,-1,-1,0.186746,0.382299
2,1,-1,0.9,0.9,0.45,0.1,-1,-1,0.193088,0.381156
2,1,-1,0.95,0.95,0.45,0.1,-1,-1,0.2009,0.380339
2,1,-1,1.0,1.0,0.45,0.1,-1,-1,0.220128,0.380175
2,1,-1,0.05,0.05,0.5,0.1,-1,-1,0.058489,0.636286
2,1,-1,0.1,0.1,0.5,0.1,-1,-1,0.082585,0.543456
2,1,-1,0.15,0.15,0.5,0.1,-1,-1,0.101709,0.490569
2,1,-1,0.2,0.2,0.5,0.1,-1,-1,0.115527,0.45192
2,1,-1,0.25,0.25,0.5,0.1,-1,-1,0.130439,0.422333
2,1,-1,0.3,0.3,0.5,0.1,-1,-1,0.142234,0.40532
2,1,-1,0.35,0.35,0.5,0.1,-1,-1,0.151417,0.387753
2,1,-1,0.4,0.4,0.5,0.1,-1,-1,0.161865,0.375363
2,1,-1,0.45,0.45,0.5,0.1,-1,-1,0.170037,0.363713
2,1,-1,0.5,0.5,0.5,0.1,-1,-1,0.179052,0.356501
2,1,-1,0.55,0.55,0.5,0.1,-1,-1,0.186803,0.349104
2,1,-1,0.6,0.6,0.5,0.1,-1,-1,0.194638,0.343557
2,1,-1,0.65,0.65,0.5,0.1,-1,-1,0.202473,0.339673
2,1,-1,0.7,0.7,0.5,0.1,-1,-1,0.208202,0.335235
2,1,-1,0.75,0.75,0.5,0.1,-1,-1,0.215616,0.332461
2,1,-1,0.8,0.8,0.5,0.1,-1,-1,0.221598,0.328023
2,1,-1,0.85,0.85,0.5,0.1,-1,-1,0.22817,0.325989
2,1,-1,0.9,0.9,0.5,0.1,-1,-1,0.236174,0.324695
2,1,-1,0.95,0.95,0.5,0.1,-1,-1,0.246031,0.32377
2,1,-1,1.0,1.0,0.5,0.1,-1,-1,0.270295,0.323585
2,1,-1,0.05,0.05,0.55,0.1,-1,-1,0.064019,0.621747
2,1,-1,0.1,0.1,0.55,0.1,-1,-1,0.09257,0.521169
2,1,-1,0.15,0.15,0.55,0.1,-1,-1,0.115231,0.463868
2,1,-1,0.2,0.2,0.55,0.1,-1,-1,0.131603,0.421994
2,1,-1,0.25,0.25,0.55,0.1,-1,-1,0.149273,0.389936
2,1,-1,0.3,0.3,0.55,0.1,-1,-1,0.163249,0.371504
2,1,-1,0.35,0.35,0.55,0.1,-1,-1,0.17413,0.35247
2,1,-1,0.4,0.4,0.55,0.1,-1,-1,0.186509,0.339047
2,1,-1,0.45,0.45,0.55,0.1,-1,-1,0.196193,0.326424
2,1,-1,0.5,0.5,0.55,0.1,-1,-1,0.206874,0.31861
2,1,-1,0.55,0.55,0.55,0.1,-1,-1,0.216058,0.310596
2,1,-1,0.6,0.6,0.55,0.1,-1,-1,0.225343,0.304585
2,1,-1,0.65,0.65,0.55,0.1,-1,-1,0.234627,0.300378
2,1,-1,0.7,0.7,0.55,0.1,-1,-1,0.241415,0.295569
2,1,-1,0.75,0.75,0.55,0.1,-1,-1,0.2502,0.292564
2,1,-1,0.8,0.8,0.55,0.1,-1,-1,0.257288,0.287755
2,1,-1,0.85,0.85,0.55,0.1,-1,-1,0.265074,0.285551
2,1,-1,0.9,0.9,0.55,0.1,-1,-1,0.274558,0.284149
2,1,-1,0.95,0.95,0.55,0.1,-1,-1,0.286238,0.283147
2,1,-1,1.0,1.0,0.55,0.1,-1,-1,0.314989,0.282947
2,1,-1,0.05,0.05,0.6,0.1,-1,-1,0.069399,0.607752
2,1,-1,0.1,0.1,0.6,0.1,-1,-1,0.102285,0.499715
2,1,-1,0.15,0.15,0.6,0.1,-1,-1,0.128386,0.438165
2,1,-1,0.2,0.2,0.6,0.1,-1,-1,0.147243,0.393186
2,1,-1,0.25,0.25,0.6,0.1,-1,-1,0.167595,0.358751
2,1,-1,0.3,0.3,0.6,0.1,-1,-1,0.183693,0.338952
2,1,-1,0.35,0.35,0.6,0.1,-1,-1,0.196226,0.318507
2,1,-1,0.4,0.4,0.6,0.1,-1,-1,0.210484,0.304088
2,1,-1,0.45,0.45,0.6,0.1,-1,-1,0.221637,0.290529
2,1,-1,0.5,0.5,0.6,0.1,-1,-1,0.233941,0.282136
2,1,-1,0.55,0.55,0.6,0.1,-1,-1,0.244519,0.273527
2,1,-1,0.6,0.6,0.6,0.1,-1,-1,0.255213,0.267071
2,1,-1,0.65,0.65,0.6,0.1,-1,-1,0.265906,0.262551
2,1,-1,0.7,0.7,0.6,0.1,-1,-1,0.273725,0.257386
2,1,-1,0.75,0.75,0.6,0.1,-1,-1,0.283844,0.254158
2,1,-1,0.8,0.8,0.6,0.1,-1,-1,0.292007,0.248993
2,1,-1,0.85,0.85,0.6,0.1,-1,-1,0.300976,0.246626
2,1,-1,0.9,0.9,0.6,0.1,-1,-1,0.3119,0.245119
2,1,-1,0.95,0.95,0.6,0.1,-1,-1,0.325353,0.244043
2,1,-1,1.0,1.0,0.6,0.1,-1,-1,0.358468,0.243828
2,1,-1,0.05,0.05,0.65,0.1,-1,-1,0.074478,0.594436
2,1,-1,0.1,0.1,0.65,0.1,-1,-1,0.111455,0.479303
2,1,-1,0.15,0.15,0.65,0.1,-1,-1,0.140804,0.41371
2,1,-1,0.2,0.2,0.65,0.1,-1,-1,0.162008,0.365776
2,1,-1,0.25,0.25,0.65,0.1,-1,-1,0.184892,0.32908
2,1,-1,0.3,0.3,0.65,0.1,-1,-1,0.202993,0.30798
2,1,-1,0.35,0.35,0.65,0.1,-1,-1,0.217085,0.286192
2,1,-1,0.4,0.4,0.65,0.1,-1,-1,0.233117,0.270826
2,1,-1,0.45,0.45,0.65,0.1,-1,-1,0.245658,0.256376
2,1,-1,0.5,0.5,0.65,0.1,-1,-1,0.259493,0.247432
2,1,-1,0.55,0.55,0.65,0.1,-1,-1,0.271387,0.238258
2,1,-1,0.6,0.6,0.65,0.1,-1,-1,0.283411,0.231378
2,1,-1,0.65,0.65,0.65,0.1,-1,-1,0.295435,0.226561
2,1,-1,0.7,0.7,0.65,0.1,-1,-1,0.304227,0.221057
2,1,-1,0.75,0.75,0.65,0.1,-1,-1,0.315605,0.217617
2,1,-1,0.8,0.8,0.65,0.1,-1,-1,0.324784,0.212112
2,1,-1,0.85,0.85,0.65,0.1,-1,-1,0.334869,0.209589
2,1,-1,0.9,0.9,0.65,0.1,-1,-1,0.347151,0.207984
2,1,-1,0.95,0.95,0.65,0.1,-1,-1,0.362279,0.206837
2,1,-1,1.0,1.0,0.65,0.1,-1,-1,0.399514,0.206608
2,1,-1,0.05,0.05,0.7,0.1,-1,-1,0.080723,0.581799
2,1,-1,0.1,0.1,0.7,0.1,-1,-1,0.122732,0.459933
2,1,-1,0.15,0.15,0.7,0.1,-1,-1,0.156074,0.390503
2,1,-1,0.2,0.2,0.7,0.1,-1,-1,0.180162,0.339765
2,1,-1,0.25,0.25,0.7,0.1,-1,-1,0.20616,0.300923
2,1,-1,0.3,0.3,0.7,0.1,-1,-1,0.226724,0.278589
2,1,-1,0.35,0.35,0.7,0.1,-1,-1,0.242734,0.255527
2,1,-1,0.4,0.4,0.7,0.1,-1,-1,0.260948,0.239262
2,1,-1,0.45,0.45,0.7,0.1,-1,-1,0.275195,0.223967
2,1,-1,0.5,0.5,0.7,0.1,-1,-1,0.290912,0.214499
2,1,-1,0.55,0.55,0.7,0.1,-1,-1,0.304425,0.204789
2,1,-1,0.6,0.6,0.7,0.1,-1,-1,0.318085,0.197506
2,1,-1,0.65,0.65,0.7,0.1,-1,-1,0.331745,0.192408
2,1,-1,0.7,0.7,0.7,0.1,-1,-1,0.341733,0.186582
2,1,-1,0.75,0.75,0.7,0.1,-1,-1,0.354659,0.182941
2,1,-1,0.8,0.8,0.7,0.1,-1,-1,0.365087,0.177114
2,1,-1,0.85,0.85,0.7,0.1,-1,-1,0.376544,0.174444
2,1,-1,0.9,0.9,0.7,0.1,-1,-1,0.390498,0.172745
2,1,-1,0.95,0.95,0.7,0.1,-1,-1,0.407683,0.171531
2,1,-1,1.0,1.0,0.7,0.1,-1,-1,0.449985,0.171288
2,1,-1,0.05,0.05,0.75,0.1,-1,-1,0.086479,0.570929
2,1,-1,0.1,0.1,0.75,0.1,-1,-1,0.133125,0.443269
2,1,-1,0.15,0.15,0.75,0.1,-1,-1,0.170147,0.370539
2,1,-1,0.2,0.2,0.75,0.1,-1,-1,0.196895,0.31739
2,1,-1,0.25,0.25,0.75,0.1,-1,-1,0.225763,0.276701
2,1,-1,0.3,0.3,0.75,0.1,-1,-1,0.248597,0.253305
2,1,-1,0.35,0.35,0.75,0.1,-1,-1,0.266374,0.229147
2,1,-1,0.4,0.4,0.75,0.1,-1,-1,0.286598,0.212109
2,1,-1,0.45,0.45,0.75,0.1,-1,-1,0.302418,0.196087
2,1,-1,0.5,0.5,0.75,0.1,-1,-1,0.31987,0.186169
2,1,-1,0.55,0.55,0.75,0.1,-1,-1,0.334874,0.175998
2,1,-1,0.6,0.6,0.75,0.1,-1,-1,0.350043,0.168369
2,1,-1,0.65,0.65,0.75,0.1,-1,-1,0.36521,0.163028
2,1,-1,0.7,0.7,0.75,0.1,-1,-1,0.376301,0.156925
2,1,-1,0.75,0.75,0.75,0.1,-1,-1,0.390654,0.15311
2,1,-1,0.8,0.8,0.75,0.1,-1,-1,0.402233,0.147007
2,1,-1,0.85,0.85,0.75,0.1,-1,-1,0.414955,0.14421
2,1,-1,0.9,0.9,0.75,0.1,-1,-1,0.430449,0.14243
2,1,-1,0.95,0.95,0.75,0.1,-1,-1,0.449531,0.141158
2,1,-1,1.0,1.0,0.75,0.1,-1,-1,0.496503,0.140904
2,1,-1,0.05,0.05,0.8,0.1,-1,-1,0.092687,0.560195
2,1,-1,0.1,0.1,0.8,0.1,-1,-1,0.144333,0.426814
2,1,-1,0.15,0.15,0.8,0.1,-1,-1,0.185325,0.350825
2,1,-1,0.2,0.2,0.8,0.1,-1,-1,0.214941,0.295294
2,1,-1,0.25,0.25,0.8,0.1,-1,-1,0.246904,0.252782
2,1,-1,0.3,0.3,0.8,0.1,-1,-1,0.272186,0.228338
2,1,-1,0.35,0.35,0.8,0.1,-1,-1,0.291869,0.203097
2,1,-1,0.4,0.4,0.8,0.1,-1,-1,0.314262,0.185296
2,1,-1,0.45,0.45,0.8,0.1,-1,-1,0.331778,0.168556
2,1,-1,0.5,0.5,0.8,0.1,-1,-1,0.3511,0.158194
2,1,-1,0.55,0.55,0.8,0.1,-1,-1,0.367714,0.147566
2,1,-1,0.6,0.6,0.8,0.1,-1,-1,0.384508,0.139595
2,1,-1,0.65,0.65,0.8,0.1,-1,-1,0.401302,0.134016
2,1,-1,0.7,0.7,0.8,0.1,-1,-1,0.413582,0.127639
2,1,-1,0.75,0.75,0.8,0.1,-1,-1,0.429473,0.123653
2,1,-1,0.8,0.8,0.8,0.1,-1,-1,0.442294,0.117277
2,1,-1,0.85,0.85,0.8,0.1,-1,-1,0.45638,0.114354
2,1,-1,0.9,0.9,0.8,0.1,-1,-1,0.473535,0.112494
2,1,-1,0.95,0.95,0.8,0.1,-1,-1,0.494663,0.111166
2,1,-1,1.0,1.0,0.8,0.1,-1,-1,0.546671,0.1109
2,1,-1,0.05,0.05,0.85,0.1,-1,-1,0.098856,0.550683
2,1,-1,0.1,0.1,0.85,0.1,-1,-1,0.155474,0.412234
2,1,-1,0.15,0.15,0.85,0.1,-1,-1,0.200411,0.333357
2,1,-1,0.2,0.2,0.85,0.1,-1,-1,0.232877,0.275716
2,1,-1,0.25,0.25,0.85,0.1,-1,-1,0.267916,0.231588
2,1,-1,0.3,0.3,0.85,0.1,-1,-1,0.295631,0.206215
2,1,-1,0.35,0.35,0.85,0.1,-1,-1,0.317209,0.180015
2,1,-1,0.4,0.4,0.85,0.1,-1,-1,0.341757,0.161537
2,1,-1,0.45,0.45,0.85,0.1,-1,-1,0.360959,0.144161
2,1,-1,0.5,0.5,0.85,0.1,-1,-1,0.382141,0.133405
2,1,-1,0.55,0.55,0.85,0.1,-1,-1,0.400353,0.122374
2,1,-1,0.6,0.6,0.85,0.1,-1,-1,0.418764,0.1141
2,1,-1,0.65,0.65,0.85,0.1,-1,-1,0.437174,0.108308
2,1,-1,0.7,0.7,0.85,0.1,-1,-1,0.450636,0.101689
2,1,-1,0.75,0.75,0.85,0.1,-1,-1,0.468057,0.097552
2,1,-1,0.8,0.8,0.85,0.1,-1,-1,0.482112,0.090933
2,1,-1,0.85,0.85,0.85,0.1,-1,-1,0.497553,0.087899
2,1,-1,0.9,0.9,0.85,0.1,-1,-1,0.516359,0.085969
2,1,-1,0.95,0.95,0.85,0.1,-1,-1,0.539521,0.08459
2,1,-1,1.0,1.0,0.85,0.1,-1,-1,0.596534,0.084314
2,1,-1,0.05,0.05,0.9,0.1,-1,-1,0.104801,0.542667
2,1,-1,0.1,0.1,0.9,0.1,-1,-1,0.166207,0.399946
2,1,-1,0.15,0.15,0.9,0.1,-1,-1,0.214945,0.318635
2,1,-1,0.2,0.2,0.9,0.1,-1,-1,0.250157,0.259215
2,1,-1,0.25,0.25,0.9,0.1,-1,-1,0.28816,0.213725
2,1,-1,0.3,0.3,0.9,0.1,-1,-1,0.318219,0.18757
2,1,-1,0.35,0.35,0.9,0.1,-1,-1,0.341622,0.160561
2,1,-1,0.4,0.4,0.9,0.1,-1,-1,0.368246,0.141513
2,1,-1,0.45,0.45,0.9,0.1,-1,-1,0.389072,0.123601
2,1,-1,0.5,0.5,0.9,0.1,-1,-1,0.412046,0.112513
2,1,-1,0.55,0.55,0.9,0.1,-1,-1,0.431799,0.101141
2,1,-1,0.6,0.6,0.9,0.1,-1,-1,0.451767,0.092612
2,1,-1,0.65,0.65,0.9,0.1,-1,-1,0.471734,0.086641
2,1,-1,0.7,0.7,0.9,0.1,-1,-1,0.486334,0.079818
2,1,-1,0.75,0.75,0.9,0.1,-1,-1,0.505229,0.075554
2,1,-1,0.8,0.8,0.9,0.1,-1,-1,0.520473,0.06873
2,1,-1,0.85,0.85,0.9,0.1,-1,-1,0.53722,0.065603
2,1,-1,0.9,0.9,0.9,0.1,-1,-1,0.557617,0.063613
2,1,-1,0.95,0.95,0.9,0.1,-1,-1,0.582738,0.062191
2,1,-1,1.0,1.0,0.9,0.1,-1,-1,0.644573,0.061907
2,1,-1,0.05,0.05,0.95,0.1,-1,-1,0.112814,0.534785
2,1,-1,0.1,0.1,0.95,0.1,-1,-1,0.180676,0.387864
2,1,-1,0.15,0.15,0.95,0.1,-1,-1,0.234538,0.30416
2,1,-1,0.2,0.2,0.95,0.1,-1,-1,0.273452,0.242992
2,1,-1,0.25,0.25,0.95,0.1,-1,-1,0.31545,0.196164
2,1,-1,0.3,0.3,0.95,0.1,-1,-1,0.34867,0.169239
2,1,-1,0.35,0.35,0.95,0.1,-1,-1,0.374533,0.141435
2,1,-1,0.4,0.4,0.95,0.1,-1,-1,0.403956,0.121826
2,1,-1,0.45,0.45,0.95,0.1,-1,-1,0.426972,0.103387
2,1,-1,0.5,0.5,0.95,0.1,-1,-1,0.452361,0.091973
2,1,-1,0.55,0.55,0.95,0.1,-1,-1,0.47419,0.080267
2,1,-1,0.6,0.6,0.95,0.1,-1,-1,0.496257,0.071487
2,1,-1,0.65,0.65,0.95,0.1,-1,-1,0.518324,0.06534
2,1,-1,0.7,0.7,0.95,0.1,-1,-1,0.534459,0.058316
2,1,-1,0.75,0.75,0.95,0.1,-1,-1,0.55534,0.053926
2,1,-1,0.8,0.8,0.95,0.1,-1,-1,0.572187,0.046902
2,1,-1,0.85,0.85,0.95,0.1,-1,-1,0.590694,0.043682
2,1,-1,0.9,0.9,0.95,0.1,-1,-1,0.613236,0.041634
2,1,-1,0.95,0.95,0.95,0.1,-1,-1,0.640998,0.040171
2,1,-1,1.0,1.0,0.95,0.1,-1,-1,0.709334,0.039878
2,1,-1,0.05,0.05,1.0,0.1,-1,-1,0.14878,0.520518
2,1,-1,0.1,0.1,1.0,0.1,-1,-1,0.245618,0.365994
2,1,-1,0.15,0.15,1.0,0.1,-1,-1,0.322477,0.277959
2,1,-1,0.2,0.2,1.0,0.1,-1,-1,0.378007,0.213625
2,1,-1,0.25,0.25,1.0,0.1,-1,-1,0.437937,0.164374
2,1,-1,0.3,0.3,1.0,0.1,-1,-1,0.485341,0.136055
2,1,-1,0.35,0.35,1.0,0.1,-1,-1,0.522247,0.106813
2,1,-1,0.4,0.4,1.0,0.1,-1,-1,0.564233,0.086189
2,1,-1,0.45,0.45,1.0,0.1,-1,-1,0.597075,0.066796
2,1,-1,0.5,0.5,1.0,0.1,-1,-1,0.633305,0.054791
2,1,-1,0.55,0.55,1.0,0.1,-1,-1,0.664455,0.042479
2,1,-1,0.6,0.6,1.0,0.1,-1,-1,0.695945,0.033244
2,1,-1,0.65,0.65,1.0,0.1,-1,-1,0.727433,0.02678
2,1,-1,0.7,0.7,1.0,0.1,-1,-1,0.750458,0.019392
2,1,-1,0.75,0.75,1.0,0.1,-1,-1,0.780254,0.014775
2,1,-1,0.8,0.8,1.0,0.1,-1,-1,0.804294,0.007388
2,1,-1,0.85,0.85,1.0,0.1,-1,-1,0.830704,0.004001
2,1,-1,0.9,0.9,1.0,0.1,-1,-1,0.86287,0.001847
2,1,-1,0.95,0.95,1.0,0.1,-1,-1,0.902486,0.000308
2,1,-1,1.0,1.0,1.0,0.1,-1,-1,1.0,0.0
2,1,-1,0.05,0.05,0.15,0.15,-1,-1,0.045607,0.745917
2,1,-1,0.1,0.1,0.15,0.15,-1,-1,0.045607,0.745917
2,1,-1,0.15,0.15,0.15,0.15,-1,-1,0.045607,0.745917
2,1,-1,0.2,0.2,0.15,0.15,-1,-1,0.045607,0.745917
2,1,-1,0.25,0.25,0.15,0.15,-1,-1,0.045607,0.745917
2,1,-1,0.3,0.3,0.15,0.15,-1,-1,0.045607,0.745917
2,1,-1,0.35,0.35,0.15,0.15,-1,-1,0.045607,0.745917
2,1,-1,0.4,0.4,0.15,0.15,-1,-1,0.045607,0.745917
2,1,-1,0.45,0.45,0.15,0.15,-1,-1,0.045607,0.745917
2,1,-1,0.5,0.5,0.15,0.15,-1,-1,0.045607,0.745917
2,1,-1,0.55,0.55,0.15,0.15,-1,-1,0.045607,0.745917
2,1,-1,0.6,0.6,0.15,0.15,-1,-1,0.045607,0.745917
2,1,-1,0.65,0.65,0.15,0.15,-1,-1,0.045607,0.745917
2,1,-1,0.7,0.7,0.15,0.15,-1,-1,0.045607,0.745917
2,1,-1,0.75,0.75,0.15,0.15,-1,-1,0.045607,0.745917
2,1,-1,0.8,0.8,0.15,0.15,-1,-1,0.045607,0.745917
2,1,-1,0.85,0.85,0.15,0.15,-1,-1,0.045607,0.745917
2,1,-1,0.9,0.9,0.15,0.15,-1,-1,0.045607,0.745917
2,1,-1,0.95,0.95,0.15,0.15,-1,-1,0.045607,0.745917
2,1,-1,1.0,1.0,0.15,0.15,-1,-1,0.045607,0.745917
2,1,-1,0.05,0.05,0.2,0.15,-1,-1,0.048316,0.722138
2,1,-1,0.1,0.1,0.2,0.15,-1,-1,0.050498,0.709467
2,1,-1,0.15,0.15,0.2,0.15,-1,-1,0.05223,0.702247
2,1,-1,0.2,0.2,0.2,0.15,-1,-1,0.053481,0.696971
2,1,-1,0.25,0.25,0.2,0.15,-1,-1,0.054832,0.692933
2,1,-1,0.3,0.3,0.2,0.15,-1,-1,0.0559,0.69061
2,1,-1,0.35,0.35,0.2,0.15,-1,-1,0.056732,0.688212
2,1,-1,0.4,0.4,0.2,0.15,-1,-1,0.057678,0.686521
2,1,-1,0.45,0.45,0.2,0.15,-1,-1,0.058418,0.684931
2,1,-1,0.5,0.5,0.2,0.15,-1,-1,0.059235,0.683946
2,1,-1,0.55,0.55,0.2,0.15,-1,-1,0.059936,0.682937
2,1,-1,0.6,0.6,0.2,0.15,-1,-1,0.060646,0.682179
2,1,-1,0.65,0.65,0.2,0.15,-1,-1,0.061356,0.681649
2,1,-1,0.7,0.7,0.2,0.15,-1,-1,0.061875,0.681043
2,1,-1,0.75,0.75,0.2,0.15,-1,-1,0.062546,0.680665
2,1,-1,0.8,0.8,0.2,0.15,-1,-1,0.063088,0.680059
2,1,-1,0.85,0.85,0.2,0.15,-1,-1,0.063683,0.679781
2,1,-1,0.9,0.9,0.2,0.15,-1,-1,0.064408,0.679604
2,1,-1,0.95,0.95,0.2,0.15,-1,-1,0.065301,0.679478
2,1,-1,1.0,1.0,0.2,0.15,-1,-1,0.067498,0.679453
2,1,-1,0.05,0.05,0.25,0.15,-1,-1,0.051325,0.700126
2,1,-1,0.1,0.1,0.25,0.15,-1,-1,0.055932,0.675724
2,1,-1,0.15,0.15,0.25,0.15,-1,-1,0.059589,0.661821
2,1,-1,0.2,0.2,0.25,0.15,-1,-1,0.06223,0.651662
2,1,-1,0.25,0.25,0.25,0.15,-1,-1,0.065082,0.643884
2,1,-1,0.3,0.3,0.25,0.15,-1,-1,0.067337,0.639412
2,1,-1,0.35,0.35,0.25,0.15,-1,-1,0.069093,0.634794
2,1,-1,0.4,0.4,0.25,0.15,-1,-1,0.07109,0.631537
2,1,-1,0.45,0.45,0.25,0.15,-1,-1,0.072652,0.628474
2,1,-1,0.5,0.5,0.25,0.15,-1,-1,0.074376,0.626579
2,1,-1,0.55,0.55,0.25,0.15,-1,-1,0.075858,0.624634
2,1,-1,0.6,0.6,0.25,0.15,-1,-1,0.077356,0.623176
2,1,-1,0.65,0.65,0.25,0.15,-1,-1,0.078854,0.622155
2,1,-1,0.7,0.7,0.25,0.15,-1,-1,0.079949,0.620988
2,1,-1,0.75,0.75,0.25,0.15,-1,-1,0.081367,0.620259
2,1,-1,0.8,0.8,0.25,0.15,-1,-1,0.082511,0.619093
2,1,-1,0.85,0.85,0.25,0.15,-1,-1,0.083767,0.618558
2,1,-1,0.9,0.9,0.25,0.15,-1,-1,0.085297,0.618218
2,1,-1,0.95,0.95,0.25,0.15,-1,-1,0.087182,0.617975
2,1,-1,1.0,1.0,0.25,0.15,-1,-1,0.091821,0.617926
2,1,-1,0.05,0.05,0.3,0.15,-1,-1,0.054185,0.679473
2,1,-1,0.1,0.1,0.3,0.15,-1,-1,0.061095,0.644064
2,1,-1,0.15,0.15,0.3,0.15,-1,-1,0.06658,0.623891
2,1,-1,0.2,0.2,0.3,0.15,-1,-1,0.070543,0.609149
2,1,-1,0.25,0.25,0.3,0.15,-1,-1,0.074819,0.597863
2,1,-1,0.3,0.3,0.3,0.15,-1,-1,0.078202,0.591374
2,1,-1,0.35,0.35,0.3,0.15,-1,-1,0.080836,0.584673
2,1,-1,0.4,0.4,0.3,0.15,-1,-1,0.083832,0.579947
2,1,-1,0.45,0.45,0.3,0.15,-1,-1,0.086176,0.575503
2,1,-1,0.5,0.5,0.3,0.15,-1,-1,0.088761,0.572752
2,1,-1,0.55,0.55,0.3,0.15,-1,-1,0.090984,0.569931
2,1,-1,0.6,0.6,0.3,0.15,-1,-1,0.093231,0.567815
2,1,-1,0.65,0.65,0.3,0.15,-1,-1,0.095478,0.566334
2,1,-1,0.7,0.7,0.3,0.15,-1,-1,0.097121,0.564641
2,1,-1,0.75,0.75,0.3,0.15,-1,-1,0.099248,0.563583
2,1,-1,0.8,0.8,0.3,0.15,-1,-1,0.100963,0.56189
2,1,-1,0.85,0.85,0.3,0.15,-1,-1,0.102848,0.561114
2,1,-1,0.9,0.9,0.3,0.15,-1,-1,0.105143,0.56062
2,1,-1,0.95,0.95,0.3,0.15,-1,-1,0.10797,0.560268
2,1,-1,1.0,1.0,0.3,0.15,-1,-1,0.114929,0.560197
2,1,-1,0.05,0.05,0.35,0.15,-1,-1,0.057608,0.65977
2,1,-1,0.1,0.1,0.35,0.15,-1,-1,0.067277,0.613862
2,1,-1,0.15,0.15,0.35,0.15,-1,-1,0.074951,0.587707
2,1,-1,0.2,0.2,0.35,0.15,-1,-1,0.080495,0.568594
2,1,-1,0.25,0.25,0.35,0.15,-1,-1,0.086479,0.553962
2,1,-1,0.3,0.3,0.35,0.15,-1,-1,0.091212,0.545548
2,1,-1,0.35,0.35,0.35,0.15,-1,-1,0.094896,0.53686
2,1,-1,0.4,0.4,0.35,0.15,-1,-1,0.099088,0.530733
2,1,-1,0.45,0.45,0.35,0.15,-1,-1,0.102368,0.524972
2,1,-1,0.5,0.5,0.35,0.15,-1,-1,0.105985,0.521405
2,1,-1,0.55,0.55,0.35,0.15,-1,-1,0.109095,0.517747
2,1,-1,0.6,0.6,0.35,0.15,-1,-1,0.112239,0.515004
2,1,-1,0.65,0.65,0.35,0.15,-1,-1,0.115383,0.513083
2,1,-1,0.7,0.7,0.35,0.15,-1,-1,0.117682,0.510888
2,1,-1,0.75,0.75,0.35,0.15,-1,-1,0.120657,0.509517
2,1,-1,0.8,0.8,0.35,0.15,-1,-1,0.123057,0.507322
2,1,-1,0.85,0.85,0.35,0.15,-1,-1,0.125694,0.506316
2,1,-1,0.9,0.9,0.35,0.15,-1,-1,0.128906,0.505676
2,1,-1,0.95,0.95,0.35,0.15,-1,-1,0.132861,0.505219
2,1,-1,1.0,1.0,0.35,0.15,-1,-1,0.142597,0.505127
2,1,-1,0.05,0.05,0.4,0.15,-1,-1,0.061822,0.637079
2,1,-1,0.1,0.1,0.4,0.15,-1,-1,0.074885,0.579078
2,1,-1,0.15,0.15,0.4,0.15,-1,-1,0.085253,0.546033
2,1,-1,0.2,0.2,0.4,0.15,-1,-1,0.092744,0.521886
2,1,-1,0.25,0.25,0.4,0.15,-1,-1,0.100828,0.503399
2,1,-1,0.3,0.3,0.4,0.15,-1,-1,0.107223,0.492769
2,1,-1,0.35,0.35,0.4,0.15,-1,-1,0.112201,0.481793
2,1,-1,0.4,0.4,0.4,0.15,-1,-1,0.117865,0.474052
2,1,-1,0.45,0.45,0.4,0.15,-1,-1,0.122296,0.466773
2,1,-1,0.5,0.5,0.4,0.15,-1,-1,0.127183,0.462267
2,1,-1,0.55,0.55,0.4,0.15,-1,-1,0.131385,0.457646
2,1,-1,0.6,0.6,0.4,0.15,-1,-1,0.135633,0.454179
2,1,-1,0.65,0.65,0.4,0.15,-1,-1,0.13988,0.451753
2,1,-1,0.7,0.7,0.4,0.15,-1,-1,0.142986,0.44898
2,1,-1,0.75,0.75,0.4,0.15,-1,-1,0.147006,0.447247
2,1,-1,0.8,0.8,0.4,0.15,-1,-1,0.150249,0.444474
2,1,-1,0.85,0.85,0.4,0.15,-1,-1,0.153811,0.443203
2,1,-1,0.9,0.9,0.4,0.15,-1,-1,0.158151,0.442394
2,1,-1,0.95,0.95,0.4,0.15,-1,-1,0.163495,0.441817
2,1,-1,1.0,1.0,0.4,0.15,-1,-1,0.176649,0.441701
2,1,-1,0.05,0.05,0.45,0.15,-1,-1,0.067202,0.615067
2,1,-1,0.1,0.1,0.45,0.15,-1,-1,0.084599,0.545335
2,1,-1,0.15,0.15,0.45,0.15,-1,-1,0.098407,0.505608
2,1,-1,0.2,0.2,0.45,0.15,-1,-1,0.108383,0.476577
2,1,-1,0.25,0.25,0.45,0.15,-1,-1,0.11915,0.454351
2,1,-1,0.3,0.3,0.45,0.15,-1,-1,0.127667,0.441572
2,1,-1,0.35,0.35,0.45,0.15,-1,-1,0.134297,0.428376
2,1,-1,0.4,0.4,0.45,0.15,-1,-1,0.14184,0.419069
2,1,-1,0.45,0.45,0.45,0.15,-1,-1,0.14774,0.410318
2,1,-1,0.5,0.5,0.45,0.15,-1,-1,0.154249,0.4049
2,1,-1,0.55,0.55,0.45,0.15,-1,-1,0.159845,0.399344
2,1,-1,0.6,0.6,0.45,0.15,-1,-1,0.165503,0.395177
2,1,-1,0.65,0.65,0.45,0.15,-1,-1,0.17116,0.39226
2,1,-1,0.7,0.7,0.45,0.15,-1,-1,0.175296,0.388926
2,1,-1,0.75,0.75,0.45,0.15,-1,-1,0.180649,0.386842
2,1,-1,0.8,0.8,0.45,0.15,-1,-1,0.184968,0.383509
2,1,-1,0.85,0.85,0.45,0.15,-1,-1,0.189713,0.381981
2,1,-1,0.9,0.9,0.45,0.15,-1,-1,0.195492,0.381009
2,1,-1,0.95,0.95,0.45,0.15,-1,-1,0.202609,0.380314
2,1,-1,1.0,1.0,0.45,0.15,-1,-1,0.220128,0.380175
2,1,-1,0.05,0.05,0.5,0.15,-1,-1,0.073409,0.594821
2,1,-1,0.1,0.1,0.5,0.15,-1,-1,0.095807,0.5143
2,1,-1,0.15,0.15,0.5,0.15,-1,-1,0.113585,0.468426
2,1,-1,0.2,0.2,0.5,0.15,-1,-1,0.126429,0.434902
2,1,-1,0.25,0.25,0.5,0.15,-1,-1,0.140291,0.409238
2,1,-1,0.3,0.3,0.5,0.15,-1,-1,0.151255,0.394481
2,1,-1,0.35,0.35,0.5,0.15,-1,-1,0.159791,0.379244
2,1,-1,0.4,0.4,0.5,0.15,-1,-1,0.169503,0.368497
2,1,-1,0.45,0.45,0.5,0.15,-1,-1,0.177099,0.358391
2,1,-1,0.5,0.5,0.5,0.15,-1,-1,0.185479,0.352136
2,1,-1,0.55,0.55,0.5,0.15,-1,-1,0.192684,0.34572
2,1,-1,0.6,0.6,0.5,0.15,-1,-1,0.199967,0.340908
2,1,-1,0.65,0.65,0.5,0.15,-1,-1,0.207251,0.33754
2,1,-1,0.7,0.7,0.5,0.15,-1,-1,0.212576,0.33369
2,1,-1,0.75,0.75,0.5,0.15,-1,-1,0.219468,0.331284
2,1,-1,0.8,0.8,0.5,0.15,-1,-1,0.225028,0.327435
2,1,-1,0.85,0.85,0.5,0.15,-1,-1,0.231137,0.32567
2,1,-1,0.9,0.9,0.5,0.15,-1,-1,0.238577,0.324547
2,1,-1,0.95,0.95,0.5,0.15,-1,-1,0.24774,0.323745
2,1,-1,1.0,1.0,0.5,0.15,-1,-1,0.270295,0.323585
2,1,-1,0.05,0.05,0.55,0.15,-1,-1,0.078939,0.580282
2,1,-1,0.1,0.1,0.55,0.15,-1,-1,0.105793,0.492013
2,1,-1,0.15,0.15,0.55,0.15,-1,-1,0.127107,0.441725
2,1,-1,0.2,0.2,0.55,0.15,-1,-1,0.142506,0.404976
2,1,-1,0.25,0.25,0.55,0.15,-1,-1,0.159125,0.376842
2,1,-1,0.3,0.3,0.55,0.15,-1,-1,0.17227,0.360665
2,1,-1,0.35,0.35,0.55,0.15,-1,-1,0.182505,0.343961
2,1,-1,0.4,0.4,0.55,0.15,-1,-1,0.194147,0.332181
2,1,-1,0.45,0.45,0.55,0.15,-1,-1,0.203255,0.321103
2,1,-1,0.5,0.5,0.55,0.15,-1,-1,0.213302,0.314245
2,1,-1,0.55,0.55,0.55,0.15,-1,-1,0.22194,0.307212
2,1,-1,0.6,0.6,0.55,0.15,-1,-1,0.230672,0.301937
2,1,-1,0.65,0.65,0.55,0.15,-1,-1,0.239404,0.298244
2,1,-1,0.7,0.7,0.55,0.15,-1,-1,0.245789,0.294024
2,1,-1,0.75,0.75,0.55,0.15,-1,-1,0.254052,0.291387
2,1,-1,0.8,0.8,0.55,0.15,-1,-1,0.260718,0.287167
2,1,-1,0.85,0.85,0.55,0.15,-1,-1,0.268042,0.285233
2,1,-1,0.9,0.9,0.55,0.15,-1,-1,0.276962,0.284002
2,1,-1,0.95,0.95,0.55,0.15,-1,-1,0.287948,0.283123
2,1,-1,1.0,1.0,0.55,0.15,-1,-1,0.314989,0.282947
2,1,-1,0.05,0.05,0.6,0.15,-1,-1,0.084319,0.566286
2,1,-1,0.1,0.1,0.6,0.15,-1,-1,0.115507,0.470559
2,1,-1,0.15,0.15,0.6,0.15,-1,-1,0.140261,0.416022
2,1,-1,0.2,0.2,0.6,0.15,-1,-1,0.158145,0.376168
2,1,-1,0.25,0.25,0.6,0.15,-1,-1,0.177447,0.345657
2,1,-1,0.3,0.3,0.6,0.15,-1,-1,0.192714,0.328113
2,1,-1,0.35,0.35,0.6,0.15,-1,-1,0.2046,0.309998
2,1,-1,0.4,0.4,0.6,0.15,-1,-1,0.218122,0.297222
2,1,-1,0.45,0.45,0.6,0.15,-1,-1,0.2287,0.285208
2,1,-1,0.5,0.5,0.6,0.15,-1,-1,0.240368,0.277771
2,1,-1,0.55,0.55,0.6,0.15,-1,-1,0.2504,0.270143
2,1,-1,0.6,0.6,0.6,0.15,-1,-1,0.260542,0.264423
2,1,-1,0.65,0.65,0.6,0.15,-1,-1,0.270684,0.260418
2,1,-1,0.7,0.7,0.6,0.15,-1,-1,0.278099,0.255841
2,1,-1,0.75,0.75,0.6,0.15,-1,-1,0.287695,0.252981
2,1,-1,0.8,0.8,0.6,0.15,-1,-1,0.295438,0.248405
2,1,-1,0.85,0.85,0.6,0.15,-1,-1,0.303944,0.246307
2,1,-1,0.9,0.9,0.6,0.15,-1,-1,0.314303,0.244972
2,1,-1,0.95,0.95,0.6,0.15,-1,-1,0.327062,0.244019
2,1,-1,1.0,1.0,0.6,0.15,-1,-1,0.358468,0.243828
2,1,-1,0.05,0.05,0.65,0.15,-1,-1,0.089398,0.55297
2,1,-1,0.1,0.1,0.65,0.15,-1,-1,0.124678,0.450147
2,1,-1,0.15,0.15,0.65,0.15,-1,-1,0.152679,0.391567
2,1,-1,0.2,0.2,0.65,0.15,-1,-1,0.17291,0.348758
2,1,-1,0.25,0.25,0.65,0.15,-1,-1,0.194744,0.315985
2,1,-1,0.3,0.3,0.65,0.15,-1,-1,0.212014,0.297141
2,1,-1,0.35,0.35,0.65,0.15,-1,-1,0.225459,0.277683
2,1,-1,0.4,0.4,0.65,0.15,-1,-1,0.240756,0.26396
2,1,-1,0.45,0.45,0.65,0.15,-1,-1,0.252721,0.251055
2,1,-1,0.5,0.5,0.65,0.15,-1,-1,0.26592,0.243067
2,1,-1,0.55,0.55,0.65,0.15,-1,-1,0.277269,0.234874
2,1,-1,0.6,0.6,0.65,0.15,-1,-1,0.288741,0.228729
2,1,-1,0.65,0.65,0.65,0.15,-1,-1,0.300213,0.224428
2,1,-1,0.7,0.7,0.65,0.15,-1,-1,0.308601,0.219512
2,1,-1,0.75,0.75,0.65,0.15,-1,-1,0.319456,0.21644
2,1,-1,0.8,0.8,0.65,0.15,-1,-1,0.328214,0.211524
2,1,-1,0.85,0.85,0.65,0.15,-1,-1,0.337836,0.209271
2,1,-1,0.9,0.9,0.65,0.15,-1,-1,0.349555,0.207837
2,1,-1,0.95,0.95,0.65,0.15,-1,-1,0.363988,0.206813
2,1,-1,1.0,1.0,0.65,0.15,-1,-1,0.399514,0.206608
2,1,-1,0.05,0.05,0.7,0.15,-1,-1,0.095643,0.540334
2,1,-1,0.1,0.1,0.7,0.15,-1,-1,0.135954,0.430777
2,1,-1,0.15,0.15,0.7,0.15,-1,-1,0.167949,0.36836
2,1,-1,0.2,0.2,0.7,0.15,-1,-1,0.191065,0.322748
2,1,-1,0.25,0.25,0.7,0.15,-1,-1,0.216012,0.287829
2,1,-1,0.3,0.3,0.7,0.15,-1,-1,0.235745,0.26775
2,1,-1,0.35,0.35,0.7,0.15,-1,-1,0.251108,0.247018
2,1,-1,0.4,0.4,0.7,0.15,-1,-1,0.268586,0.232396
2,1,-1,0.45,0.45,0.7,0.15,-1,-1,0.282257,0.218646
2,1,-1,0.5,0.5,0.7,0.15,-1,-1,0.297339,0.210135
2,1,-1,0.55,0.55,0.7,0.15,-1,-1,0.310306,0.201405
2,1,-1,0.6,0.6,0.7,0.15,-1,-1,0.323414,0.194858
2,1,-1,0.65,0.65,0.7,0.15,-1,-1,0.336522,0.190275
2,1,-1,0.7,0.7,0.7,0.15,-1,-1,0.346107,0.185037
2,1,-1,0.75,0.75,0.7,0.15,-1,-1,0.35851,0.181763
2,1,-1,0.8,0.8,0.7,0.15,-1,-1,0.368517,0.176526
2,1,-1,0.85,0.85,0.7,0.15,-1,-1,0.379511,0.174125
2,1,-1,0.9,0.9,0.7,0.15,-1,-1,0.392901,0.172598
2,1,-1,0.95,0.95,0.7,0.15,-1,-1,0.409392,0.171506
2,1,-1,1.0,1.0,0.7,0.15,-1,-1,0.449985,0.171288
2,1,-1,0.05,0.05,0.75,0.15,-1,-1,0.101399,0.529463
2,1,-1,0.1,0.1,0.75,0.15,-1,-1,0.146348,0.414113
2,1,-1,0.15,0.15,0.75,0.15,-1,-1,0.182023,0.348396
2,1,-1,0.2,0.2,0.75,0.15,-1,-1,0.207797,0.300372
2,1,-1,0.25,0.25,0.75,0.15,-1,-1,0.235615,0.263607
2,1,-1,0.3,0.3,0.75,0.15,-1,-1,0.257618,0.242467
2,1,-1,0.35,0.35,0.75,0.15,-1,-1,0.274748,0.220638
2,1,-1,0.4,0.4,0.75,0.15,-1,-1,0.294236,0.205243
2,1,-1,0.45,0.45,0.75,0.15,-1,-1,0.309481,0.190766
2,1,-1,0.5,0.5,0.75,0.15,-1,-1,0.326297,0.181805
2,1,-1,0.55,0.55,0.75,0.15,-1,-1,0.340756,0.172614
2,1,-1,0.6,0.6,0.75,0.15,-1,-1,0.355372,0.16572
2,1,-1,0.65,0.65,0.75,0.15,-1,-1,0.369988,0.160895
2,1,-1,0.7,0.7,0.75,0.15,-1,-1,0.380675,0.15538
2,1,-1,0.75,0.75,0.75,0.15,-1,-1,0.394505,0.151933
2,1,-1,0.8,0.8,0.75,0.15,-1,-1,0.405664,0.146419
2,1,-1,0.85,0.85,0.75,0.15,-1,-1,0.417922,0.143891
2,1,-1,0.9,0.9,0.75,0.15,-1,-1,0.432853,0.142283
2,1,-1,0.95,0.95,0.75,0.15,-1,-1,0.451241,0.141134
2,1,-1,1.0,1.0,0.75,0.15,-1,-1,0.496503,0.140904
2,1,-1,0.05,0.05,0.8,0.15,-1,-1,0.107607,0.518729
2,1,-1,0.1,0.1,0.8,0.15,-1,-1,0.157556,0.397658
2,1,-1,0.15,0.15,0.8,0.15,-1,-1,0.197201,0.328682
2,1,-1,0.2,0.2,0.8,0.15,-1,-1,0.225843,0.278277
2,1,-1,0.25,0.25,0.8,0.15,-1,-1,0.256756,0.239688
2,1,-1,0.3,0.3,0.8,0.15,-1,-1,0.281207,0.2175
2,1,-1,0.35,0.35,0.8,0.15,-1,-1,0.300243,0.194588
2,1,-1,0.4,0.4,0.8,0.15,-1,-1,0.3219,0.17843
2,1,-1,0.45,0.45,0.8,0.15,-1,-1,0.33884,0.163235
2,1,-1,0.5,0.5,0.8,0.15,-1,-1,0.357528,0.153829
2,1,-1,0.55,0.55,0.8,0.15,-1,-1,0.373595,0.144183
2,1,-1,0.6,0.6,0.8,0.15,-1,-1,0.389837,0.136947
2,1,-1,0.65,0.65,0.8,0.15,-1,-1,0.406079,0.131882
2,1,-1,0.7,0.7,0.8,0.15,-1,-1,0.417956,0.126094
2,1,-1,0.75,0.75,0.8,0.15,-1,-1,0.433325,0.122476
2,1,-1,0.8,0.8,0.8,0.15,-1,-1,0.445725,0.116688
2,1,-1,0.85,0.85,0.8,0.15,-1,-1,0.459347,0.114035
2,1,-1,0.9,0.9,0.8,0.15,-1,-1,0.475939,0.112347
2,1,-1,0.95,0.95,0.8,0.15,-1,-1,0.496373,0.111141
2,1,-1,1.0,1.0,0.8,0.15,-1,-1,0.546671,0.1109
2,1,-1,0.05,0.05,0.85,0.15,-1,-1,0.113777,0.509217
2,1,-1,0.1,0.1,0.85,0.15,-1,-1,0.168697,0.383078
2,1,-1,0.15,0.15,0.85,0.15,-1,-1,0.212287,0.311214
2,1,-1,0.2,0.2,0.85,0.15,-1,-1,0.243779,0.258698
2,1,-1,0.25,0.25,0.85,0.15,-1,-1,0.277768,0.218494
2,1,-1,0.3,0.3,0.85,0.15,-1,-1,0.304652,0.195377
2,1,-1,0.35,0.35,0.85,0.15,-1,-1,0.325583,0.171506
2,1,-1,0.4,0.4,0.85,0.15,-1,-1,0.349395,0.154671
2,1,-1,0.45,0.45,0.85,0.15,-1,-1,0.368021,0.13884
2,1,-1,0.5,0.5,0.85,0.15,-1,-1,0.388568,0.12904
2,1,-1,0.55,0.55,0.85,0.15,-1,-1,0.406234,0.11899
2,1,-1,0.6,0.6,0.85,0.15,-1,-1,0.424093,0.111452
2,1,-1,0.65,0.65,0.85,0.15,-1,-1,0.441952,0.106175
2,1,-1,0.7,0.7,0.85,0.15,-1,-1,0.45501,0.100144
2,1,-1,0.75,0.75,0.85,0.15,-1,-1,0.471908,0.096375
2,1,-1,0.8,0.8,0.85,0.15,-1,-1,0.485542,0.090345
2,1,-1,0.85,0.85,0.85,0.15,-1,-1,0.50052,0.08758
2,1,-1,0.9,0.9,0.85,0.15,-1,-1,0.518763,0.085822
2,1,-1,0.95,0.95,0.85,0.15,-1,-1,0.54123,0.084565
2,1,-1,1.0,1.0,0.85,0.15,-1,-1,0.596534,0.084314
2,1,-1,0.05,0.05,0.9,0.15,-1,-1,0.119721,0.501201
2,1,-1,0.1,0.1,0.9,0.15,-1,-1,0.17943,0.370789
2,1,-1,0.15,0.15,0.9,0.15,-1,-1,0.226821,0.296492
2,1,-1,0.2,0.2,0.9,0.15,-1,-1,0.261059,0.242197
2,1,-1,0.25,0.25,0.9,0.15,-1,-1,0.298012,0.200631
2,1,-1,0.3,0.3,0.9,0.15,-1,-1,0.32724,0.176731
2,1,-1,0.35,0.35,0.9,0.15,-1,-1,0.349996,0.152052
2,1,-1,0.4,0.4,0.9,0.15,-1,-1,0.375884,0.134647
2,1,-1,0.45,0.45,0.9,0.15,-1,-1,0.396134,0.11828
2,1,-1,0.5,0.5,0.9,0.15,-1,-1,0.418474,0.108148
2,1,-1,0.55,0.55,0.9,0.15,-1,-1,0.43768,0.097757
2,1,-1,0.6,0.6,0.9,0.15,-1,-1,0.457096,0.089964
2,1,-1,0.65,0.65,0.9,0.15,-1,-1,0.476512,0.084508
2,1,-1,0.7,0.7,0.9,0.15,-1,-1,0.490708,0.078273
2,1,-1,0.75,0.75,0.9,0.15,-1,-1,0.50908,0.074377
2,1,-1,0.8,0.8,0.9,0.15,-1,-1,0.523903,0.068142
2,1,-1,0.85,0.85,0.9,0.15,-1,-1,0.540187,0.065284
2,1,-1,0.9,0.9,0.9,0.15,-1,-1,0.560021,0.063466
2,1,-1,0.95,0.95,0.9,0.15,-1,-1,0.584447,0.062167
2,1,-1,1.0,1.0,0.9,0.15,-1,-1,0.644573,0.061907
2,1,-1,0.05,0.05,0.95,0.15,-1,-1,0.127734,0.49332
2,1,-1,0.1,0.1,0.95,0.15,-1,-1,0.193899,0.358708
2,1,-1,0.15,0.15,0.95,0.15,-1,-1,0.246414,0.282018
2,1,-1,0.2,0.2,0.95,0.15,-1,-1,0.284354,0.225974
2,1,-1,0.25,0.25,0.95,0.15,-1,-1,0.325302,0.18307
2,1,-1,0.3,0.3,0.95,0.15,-1,-1,0.357691,0.1584
2,1,-1,0.35,0.35,0.95,0.15,-1,-1,0.382907,0.132926
2,1,-1,0.4,0.4,0.95,0.15,-1,-1,0.411594,0.11496
2,1,-1,0.45,0.45,0.95,0.15,-1,-1,0.434034,0.098066
2,1,-1,0.5,0.5,0.95,0.15,-1,-1,0.458788,0.087608
2,1,-1,0.55,0.55,0.95,0.15,-1,-1,0.480071,0.076883
2,1,-1,0.6,0.6,0.95,0.15,-1,-1,0.501587,0.068838
2,1,-1,0.65,0.65,0.95,0.15,-1,-1,0.523101,0.063207
2,1,-1,0.7,0.7,0.95,0.15,-1,-1,0.538833,0.056771
2,1,-1,0.75,0.75,0.95,0.15,-1,-1,0.559192,0.052749
2,1,-1,0.8,0.8,0.95,0.15,-1,-1,0.575617,0.046314
2,1,-1,0.85,0.85,0.95,0.15,-1,-1,0.593662,0.043364
2,1,-1,0.9,0.9,0.95,0.15,-1,-1,0.61564,0.041487
2,1,-1,0.95,0.95,0.95,0.15,-1,-1,0.642707,0.040146
2,1,-1,1.0,1.0,0.95,0.15,-1,-1,0.709334,0.039878
2,1,-1,0.05,0.05,1.0,0.15,-1,-1,0.1637,0.479053
2,1,-1,0.1,0.1,1.0,0.15,-1,-1,0.25884,0.336838
2,1,-1,0.15,0.15,1.0,0.15,-1,-1,0.334353,0.255816
2,1,-1,0.2,0.2,1.0,0.15,-1,-1,0.388909,0.196607
2,1,-1,0.25,0.25,1.0,0.15,-1,-1,0.447789,0.151279
2,1,-1,0.3,0.3,1.0,0.15,-1,-1,0.494362,0.125216
2,1,-1,0.35,0.35,1.0,0.15,-1,-1,0.530621,0.098304
2,1,-1,0.4,0.4,1.0,0.15,-1,-1,0.571871,0.079323
2,1,-1,0.45,0.45,1.0,0.15,-1,-1,0.604138,0.061475
2,1,-1,0.5,0.5,1.0,0.15,-1,-1,0.639733,0.050426
2,1,-1,0.55,0.55,1.0,0.15,-1,-1,0.670336,0.039095
2,1,-1,0.6,0.6,1.0,0.15,-1,-1,0.701274,0.030596
2,1,-1,0.65,0.65,1.0,0.15,-1,-1,0.732211,0.024647
2,1,-1,0.7,0.7,1.0,0.15,-1,-1,0.754832,0.017848
2,1,-1,0.75,0.75,1.0,0.15,-1,-1,0.784106,0.013598
2,1,-1,0.8,0.8,1.0,0.15,-1,-1,0.807724,0.006799
2,1,-1,0.85,0.85,1.0,0.15,-1,-1,0.833671,0.003683
2,1,-1,0.9,0.9,1.0,0.15,-1,-1,0.865274,0.0017
2,1,-1,0.95,0.95,1.0,0.15,-1,-1,0.904195,0.000283
2,1,-1,1.0,1.0,1.0,0.15,-1,-1,1.0,0.0
2,1,-1,0.05,0.05,0.2,0.2,-1,-1,0.067498,0.679453
2,1,-1,0.1,0.1,0.2,0.2,-1,-1,0.067498,0.679453
2,1,-1,0.15,0.15,0.2,0.2,-1,-1,0.067498,0.679453
2,1,-1,0.2,0.2,0.2,0.2,-1,-1,0.067498,0.679453
2,1,-1,0.25,0.25,0.2,0.2,-1,-1,0.067498,0.679453
2,1,-1,0.3,0.3,0.2,0.2,-1,-1,0.067498,0.679453
2,1,-1,0.35,0.35,0.2,0.2,-1,-1,0.067498,0.679453
2,1,-1,0.4,0.4,0.2,0.2,-1,-1,0.067498,0.679453
2,1,-1,0.45,0.45,0.2,0.2,-1,-1,0.067498,0.679453
2,1,-1,0.5,0.5,0.2,0.2,-1,-1,0.067498,0.679453
2,1,-1,0.55,0.55,0.2,0.2,-1,-1,0.067498,0.679453
2,1,-1,0.6,0.6,0.2,0.2,-1,-1,0.067498,0.679453
2,1,-1,0.65,0.65,0.2,0.2,-1,-1,0.067498,0.679453
2,1,-1,0.7,0.7,0.2,0.2,-1,-1,0.067498,0.679453
2,1,-1,0.75,0.75,0.2,0.2,-1,-1,0.067498,0.679453
2,1,-1,0.8,0.8,0.2,0.2,-1,-1,0.067498,0.679453
2,1,-1,0.85,0.85,0.2,0.2,-1,-1,0.067498,0.679453
2,1,-1,0.9,0.9,0.2,0.2,-1,-1,0.067498,0.679453
2,1,-1,0.95,0.95,0.2,0.2,-1,-1,0.067498,0.679453
2,1,-1,1.0,1.0,0.2,0.2,-1,-1,0.067498,0.679453
2,1,-1,0.05,0.05,0.25,0.2,-1,-1,0.070508,0.657441
2,1,-1,0.1,0.1,0.25,0.2,-1,-1,0.072932,0.64571
2,1,-1,0.15,0.15,0.25,0.2,-1,-1,0.074857,0.639027
2,1,-1,0.2,0.2,0.25,0.2,-1,-1,0.076247,0.634143
2,1,-1,0.25,0.25,0.25,0.2,-1,-1,0.077748,0.630404
2,1,-1,0.3,0.3,0.25,0.2,-1,-1,0.078935,0.628254
2,1,-1,0.35,0.35,0.25,0.2,-1,-1,0.079859,0.626035
2,1,-1,0.4,0.4,0.25,0.2,-1,-1,0.08091,0.624469
2,1,-1,0.45,0.45,0.25,0.2,-1,-1,0.081732,0.622997
2,1,-1,0.5,0.5,0.25,0.2,-1,-1,0.082639,0.622085
2,1,-1,0.55,0.55,0.25,0.2,-1,-1,0.083419,0.621151
2,1,-1,0.6,0.6,0.25,0.2,-1,-1,0.084208,0.62045
2,1,-1,0.65,0.65,0.25,0.2,-1,-1,0.084996,0.619959
2,1,-1,0.7,0.7,0.25,0.2,-1,-1,0.085573,0.619398
2,1,-1,0.75,0.75,0.25,0.2,-1,-1,0.086319,0.619048
2,1,-1,0.8,0.8,0.25,0.2,-1,-1,0.086921,0.618487
2,1,-1,0.85,0.85,0.25,0.2,-1,-1,0.087582,0.61823
2,1,-1,0.9,0.9,0.25,0.2,-1,-1,0.088387,0.618066
2,1,-1,0.95,0.95,0.25,0.2,-1,-1,0.089379,0.617949
2,1,-1,1.0,1.0,0.25,0.2,-1,-1,0.091821,0.617926
2,1,-1,0.05,0.05,0.3,0.2,-1,-1,0.073367,0.636787
2,1,-1,0.1,0.1,0.3,0.2,-1,-1,0.078095,0.61405
2,1,-1,0.15,0.15,0.3,0.2,-1,-1,0.081848,0.601096
2,1,-1,0.2,0.2,0.3,0.2,-1,-1,0.084559,0.59163
2,1,-1,0.25,0.25,0.3,0.2,-1,-1,0.087485,0.584383
2,1,-1,0.3,0.3,0.3,0.2,-1,-1,0.0898,0.580216
2,1,-1,0.35,0.35,0.3,0.2,-1,-1,0.091602,0.575914
2,1,-1,0.4,0.4,0.3,0.2,-1,-1,0.093652,0.572879
2,1,-1,0.45,0.45,0.3,0.2,-1,-1,0.095256,0.570025
2,1,-1,0.5,0.5,0.3,0.2,-1,-1,0.097025,0.568259
2,1,-1,0.55,0.55,0.3,0.2,-1,-1,0.098546,0.566447
2,1,-1,0.6,0.6,0.3,0.2,-1,-1,0.100083,0.565089
2,1,-1,0.65,0.65,0.3,0.2,-1,-1,0.101621,0.564137
2,1,-1,0.7,0.7,0.3,0.2,-1,-1,0.102745,0.56305
2,1,-1,0.75,0.75,0.3,0.2,-1,-1,0.1042,0.562371
2,1,-1,0.8,0.8,0.3,0.2,-1,-1,0.105373,0.561284
2,1,-1,0.85,0.85,0.3,0.2,-1,-1,0.106663,0.560786
2,1,-1,0.9,0.9,0.3,0.2,-1,-1,0.108233,0.560469
2,1,-1,0.95,0.95,0.3,0.2,-1,-1,0.110168,0.560242
2,1,-1,1.0,1.0,0.3,0.2,-1,-1,0.114929,0.560197
2,1,-1,0.05,0.05,0.35,0.2,-1,-1,0.07679,0.617085
2,1,-1,0.1,0.1,0.35,0.2,-1,-1,0.084277,0.583848
2,1,-1,0.15,0.15,0.35,0.2,-1,-1,0.090219,0.564913
2,1,-1,0.2,0.2,0.35,0.2,-1,-1,0.094512,0.551075
2,1,-1,0.25,0.25,0.35,0.2,-1,-1,0.099145,0.540482
2,1,-1,0.3,0.3,0.35,0.2,-1,-1,0.102809,0.534391
2,1,-1,0.35,0.35,0.35,0.2,-1,-1,0.105663,0.528101
2,1,-1,0.4,0.4,0.35,0.2,-1,-1,0.108908,0.523665
2,1,-1,0.45,0.45,0.35,0.2,-1,-1,0.111448,0.519494
2,1,-1,0.5,0.5,0.35,0.2,-1,-1,0.114248,0.516912
2,1,-1,0.55,0.55,0.35,0.2,-1,-1,0.116657,0.514264
2,1,-1,0.6,0.6,0.35,0.2,-1,-1,0.119091,0.512278
2,1,-1,0.65,0.65,0.35,0.2,-1,-1,0.121525,0.510887
2,1,-1,0.7,0.7,0.35,0.2,-1,-1,0.123305,0.509298
2,1,-1,0.75,0.75,0.35,0.2,-1,-1,0.125609,0.508305
2,1,-1,0.8,0.8,0.35,0.2,-1,-1,0.127467,0.506716
2,1,-1,0.85,0.85,0.35,0.2,-1,-1,0.129509,0.505988
2,1,-1,0.9,0.9,0.35,0.2,-1,-1,0.131996,0.505524
2,1,-1,0.95,0.95,0.35,0.2,-1,-1,0.135058,0.505193
2,1,-1,1.0,1.0,0.35,0.2,-1,-1,0.142597,0.505127
2,1,-1,0.05,0.05,0.4,0.2,-1,-1,0.081004,0.594393
2,1,-1,0.1,0.1,0.4,0.2,-1,-1,0.091885,0.549064
2,1,-1,0.15,0.15,0.4,0.2,-1,-1,0.100521,0.523239
2,1,-1,0.2,0.2,0.4,0.2,-1,-1,0.10676,0.504367
2,1,-1,0.25,0.25,0.4,0.2,-1,-1,0.113494,0.489919
2,1,-1,0.3,0.3,0.4,0.2,-1,-1,0.118821,0.481612
2,1,-1,0.35,0.35,0.4,0.2,-1,-1,0.122968,0.473034
2,1,-1,0.4,0.4,0.4,0.2,-1,-1,0.127685,0.466984
2,1,-1,0.45,0.45,0.4,0.2,-1,-1,0.131375,0.461295
2,1,-1,0.5,0.5,0.4,0.2,-1,-1,0.135446,0.457774
2,1,-1,0.55,0.55,0.4,0.2,-1,-1,0.138946,0.454162
2,1,-1,0.6,0.6,0.4,0.2,-1,-1,0.142485,0.451453
2,1,-1,0.65,0.65,0.4,0.2,-1,-1,0.146023,0.449557
2,1,-1,0.7,0.7,0.4,0.2,-1,-1,0.14861,0.44739
2,1,-1,0.75,0.75,0.4,0.2,-1,-1,0.151958,0.446035
2,1,-1,0.8,0.8,0.4,0.2,-1,-1,0.154659,0.443868
2,1,-1,0.85,0.85,0.4,0.2,-1,-1,0.157626,0.442875
2,1,-1,0.9,0.9,0.4,0.2,-1,-1,0.161241,0.442243
2,1,-1,0.95,0.95,0.4,0.2,-1,-1,0.165692,0.441791
2,1,-1,1.0,1.0,0.4,0.2,-1,-1,0.176649,0.441701
2,1,-1,0.05,0.05,0.45,0.2,-1,-1,0.086384,0.572381
2,1,-1,0.1,0.1,0.45,0.2,-1,-1,0.101599,0.515322
2,1,-1,0.15,0.15,0.45,0.2,-1,-1,0.113675,0.482814
2,1,-1,0.2,0.2,0.45,0.2,-1,-1,0.1224,0.459058
2,1,-1,0.25,0.25,0.45,0.2,-1,-1,0.131816,0.440872
2,1,-1,0.3,0.3,0.45,0.2,-1,-1,0.139264,0.430414
2,1,-1,0.35,0.35,0.45,0.2,-1,-1,0.145063,0.419617
2,1,-1,0.4,0.4,0.45,0.2,-1,-1,0.15166,0.412001
2,1,-1,0.45,0.45,0.45,0.2,-1,-1,0.15682,0.40484
2,1,-1,0.5,0.5,0.45,0.2,-1,-1,0.162513,0.400407
2,1,-1,0.55,0.55,0.45,0.2,-1,-1,0.167407,0.395861
2,1,-1,0.6,0.6,0.45,0.2,-1,-1,0.172355,0.392451
2,1,-1,0.65,0.65,0.45,0.2,-1,-1,0.177302,0.390064
2,1,-1,0.7,0.7,0.45,0.2,-1,-1,0.18092,0.387336
2,1,-1,0.75,0.75,0.45,0.2,-1,-1,0.185601,0.385631
2,1,-1,0.8,0.8,0.45,0.2,-1,-1,0.189379,0.382903
2,1,-1,0.85,0.85,0.45,0.2,-1,-1,0.193528,0.381653
2,1,-1,0.9,0.9,0.45,0.2,-1,-1,0.198582,0.380857
2,1,-1,0.95,0.95,0.45,0.2,-1,-1,0.204807,0.380289
2,1,-1,1.0,1.0,0.45,0.2,-1,-1,0.220128,0.380175
2,1,-1,0.05,0.05,0.5,0.2,-1,-1,0.092591,0.552135
2,1,-1,0.1,0.1,0.5,0.2,-1,-1,0.112808,0.484286
2,1,-1,0.15,0.15,0.5,0.2,-1,-1,0.128853,0.445632
2,1,-1,0.2,0.2,0.5,0.2,-1,-1,0.140446,0.417384
2,1,-1,0.25,0.25,0.5,0.2,-1,-1,0.152957,0.395759
2,1,-1,0.3,0.3,0.5,0.2,-1,-1,0.162853,0.383324
2,1,-1,0.35,0.35,0.5,0.2,-1,-1,0.170558,0.370484
2,1,-1,0.4,0.4,0.5,0.2,-1,-1,0.179323,0.361429
2,1,-1,0.45,0.45,0.5,0.2,-1,-1,0.186179,0.352914
2,1,-1,0.5,0.5,0.5,0.2,-1,-1,0.193743,0.347643
2,1,-1,0.55,0.55,0.5,0.2,-1,-1,0.200245,0.342237
2,1,-1,0.6,0.6,0.5,0.2,-1,-1,0.206819,0.338182
2,1,-1,0.65,0.65,0.5,0.2,-1,-1,0.213393,0.335344
2,1,-1,0.7,0.7,0.5,0.2,-1,-1,0.2182,0.3321
2,1,-1,0.75,0.75,0.5,0.2,-1,-1,0.22442,0.330072
2,1,-1,0.8,0.8,0.5,0.2,-1,-1,0.229439,0.326829
2,1,-1,0.85,0.85,0.5,0.2,-1,-1,0.234952,0.325342
2,1,-1,0.9,0.9,0.5,0.2,-1,-1,0.241667,0.324396
2,1,-1,0.95,0.95,0.5,0.2,-1,-1,0.249938,0.32372
2,1,-1,1.0,1.0,0.5,0.2,-1,-1,0.270295,0.323585
2,1,-1,0.05,0.05,0.55,0.2,-1,-1,0.098122,0.537596
2,1,-1,0.1,0.1,0.55,0.2,-1,-1,0.122793,0.462
2,1,-1,0.15,0.15,0.55,0.2,-1,-1,0.142375,0.418931
2,1,-1,0.2,0.2,0.55,0.2,-1,-1,0.156522,0.387457
2,1,-1,0.25,0.25,0.55,0.2,-1,-1,0.171791,0.363362
2,1,-1,0.3,0.3,0.55,0.2,-1,-1,0.183868,0.349508
2,1,-1,0.35,0.35,0.55,0.2,-1,-1,0.193271,0.335202
2,1,-1,0.4,0.4,0.55,0.2,-1,-1,0.203968,0.325113
2,1,-1,0.45,0.45,0.55,0.2,-1,-1,0.212335,0.315625
2,1,-1,0.5,0.5,0.55,0.2,-1,-1,0.221565,0.309752
2,1,-1,0.55,0.55,0.55,0.2,-1,-1,0.229501,0.303729
2,1,-1,0.6,0.6,0.55,0.2,-1,-1,0.237524,0.299211
2,1,-1,0.65,0.65,0.55,0.2,-1,-1,0.245546,0.296048
2,1,-1,0.7,0.7,0.55,0.2,-1,-1,0.251413,0.292434
2,1,-1,0.75,0.75,0.55,0.2,-1,-1,0.259004,0.290175
2,1,-1,0.8,0.8,0.55,0.2,-1,-1,0.265128,0.286561
2,1,-1,0.85,0.85,0.55,0.2,-1,-1,0.271857,0.284905
2,1,-1,0.9,0.9,0.55,0.2,-1,-1,0.280052,0.283851
2,1,-1,0.95,0.95,0.55,0.2,-1,-1,0.290145,0.283098
2,1,-1,1.0,1.0,0.55,0.2,-1,-1,0.314989,0.282947
2,1,-1,0.05,0.05,0.6,0.2,-1,-1,0.103501,0.523601
2,1,-1,0.1,0.1,0.6,0.2,-1,-1,0.132507,0.440546
2,1,-1,0.15,0.15,0.6,0.2,-1,-1,0.155529,0.393228
2,1,-1,0.2,0.2,0.6,0.2,-1,-1,0.172162,0.358649
2,1,-1,0.25,0.25,0.6,0.2,-1,-1,0.190113,0.332177
2,1,-1,0.3,0.3,0.6,0.2,-1,-1,0.204312,0.316956
2,1,-1,0.35,0.35,0.6,0.2,-1,-1,0.215366,0.301239
2,1,-1,0.4,0.4,0.6,0.2,-1,-1,0.227942,0.290154
2,1,-1,0.45,0.45,0.6,0.2,-1,-1,0.23778,0.27973
2,1,-1,0.5,0.5,0.6,0.2,-1,-1,0.248632,0.273278
2,1,-1,0.55,0.55,0.6,0.2,-1,-1,0.257962,0.26666
2,1,-1,0.6,0.6,0.6,0.2,-1,-1,0.267394,0.261696
2,1,-1,0.65,0.65,0.6,0.2,-1,-1,0.276826,0.258222
2,1,-1,0.7,0.7,0.6,0.2,-1,-1,0.283722,0.254251
2,1,-1,0.75,0.75,0.6,0.2,-1,-1,0.292647,0.251769
2,1,-1,0.8,0.8,0.6,0.2,-1,-1,0.299848,0.247799
2,1,-1,0.85,0.85,0.6,0.2,-1,-1,0.307759,0.245979
2,1,-1,0.9,0.9,0.6,0.2,-1,-1,0.317394,0.244821
2,1,-1,0.95,0.95,0.6,0.2,-1,-1,0.32926,0.243994
2,1,-1,1.0,1.0,0.6,0.2,-1,-1,0.358468,0.243828
2,1,-1,0.05,0.05,0.65,0.2,-1,-1,0.10858,0.510285
2,1,-1,0.1,0.1,0.65,0.2,-1,-1,0.141678,0.420133
2,1,-1,0.15,0.15,0.65,0.2,-1,-1,0.167947,0.368773
2,1,-1,0.2,0.2,0.65,0.2,-1,-1,0.186926,0.33124
2,1,-1,0.25,0.25,0.65,0.2,-1,-1,0.20741,0.302506
2,1,-1,0.3,0.3,0.65,0.2,-1,-1,0.223612,0.285984
2,1,-1,0.35,0.35,0.65,0.2,-1,-1,0.236226,0.268924
2,1,-1,0.4,0.4,0.65,0.2,-1,-1,0.250576,0.256892
2,1,-1,0.45,0.45,0.65,0.2,-1,-1,0.261801,0.245578
2,1,-1,0.5,0.5,0.65,0.2,-1,-1,0.274184,0.238574
2,1,-1,0.55,0.55,0.65,0.2,-1,-1,0.28483,0.231391
2,1,-1,0.6,0.6,0.65,0.2,-1,-1,0.295593,0.226003
2,1,-1,0.65,0.65,0.65,0.2,-1,-1,0.306355,0.222232
2,1,-1,0.7,0.7,0.65,0.2,-1,-1,0.314224,0.217922
2,1,-1,0.75,0.75,0.65,0.2,-1,-1,0.324408,0.215228
2,1,-1,0.8,0.8,0.65,0.2,-1,-1,0.332625,0.210918
2,1,-1,0.85,0.85,0.65,0.2,-1,-1,0.341651,0.208942
2,1,-1,0.9,0.9,0.65,0.2,-1,-1,0.352645,0.207686
2,1,-1,0.95,0.95,0.65,0.2,-1,-1,0.366185,0.206788
2,1,-1,1.0,1.0,0.65,0.2,-1,-1,0.399514,0.206608
2,1,-1,0.05,0.05,0.7,0.2,-1,-1,0.114825,0.497648
2,1,-1,0.1,0.1,0.7,0.2,-1,-1,0.152954,0.400763
2,1,-1,0.15,0.15,0.7,0.2,-1,-1,0.183217,0.345566
2,1,-1,0.2,0.2,0.7,0.2,-1,-1,0.205081,0.305229
2,1,-1,0.25,0.25,0.7,0.2,-1,-1,0.228678,0.274349
2,1,-1,0.3,0.3,0.7,0.2,-1,-1,0.247343,0.256593
2,1,-1,0.35,0.35,0.7,0.2,-1,-1,0.261874,0.238259
2,1,-1,0.4,0.4,0.7,0.2,-1,-1,0.278406,0.225328
2,1,-1,0.45,0.45,0.7,0.2,-1,-1,0.291337,0.213168
2,1,-1,0.5,0.5,0.7,0.2,-1,-1,0.305603,0.205641
2,1,-1,0.55,0.55,0.7,0.2,-1,-1,0.317867,0.197922
2,1,-1,0.6,0.6,0.7,0.2,-1,-1,0.330266,0.192132
2,1,-1,0.65,0.65,0.7,0.2,-1,-1,0.342665,0.188079
2,1,-1,0.7,0.7,0.7,0.2,-1,-1,0.35173,0.183447
2,1,-1,0.75,0.75,0.7,0.2,-1,-1,0.363462,0.180552
2,1,-1,0.8,0.8,0.7,0.2,-1,-1,0.372928,0.17592
2,1,-1,0.85,0.85,0.7,0.2,-1,-1,0.383326,0.173797
2,1,-1,0.9,0.9,0.7,0.2,-1,-1,0.395992,0.172446
2,1,-1,0.95,0.95,0.7,0.2,-1,-1,0.41159,0.171481
2,1,-1,1.0,1.0,0.7,0.2,-1,-1,0.449985,0.171288
2,1,-1,0.05,0.05,0.75,0.2,-1,-1,0.120581,0.486778
2,1,-1,0.1,0.1,0.75,0.2,-1,-1,0.163348,0.3841
2,1,-1,0.15,0.15,0.75,0.2,-1,-1,0.197291,0.325602
2,1,-1,0.2,0.2,0.75,0.2,-1,-1,0.221814,0.282854
2,1,-1,0.25,0.25,0.75,0.2,-1,-1,0.248281,0.250127
2,1,-1,0.3,0.3,0.75,0.2,-1,-1,0.269216,0.23131
2,1,-1,0.35,0.35,0.75,0.2,-1,-1,0.285514,0.211879
2,1,-1,0.4,0.4,0.75,0.2,-1,-1,0.304057,0.198175
2,1,-1,0.45,0.45,0.75,0.2,-1,-1,0.318561,0.185289
2,1,-1,0.5,0.5,0.75,0.2,-1,-1,0.334561,0.177312
2,1,-1,0.55,0.55,0.75,0.2,-1,-1,0.348317,0.16913
2,1,-1,0.6,0.6,0.75,0.2,-1,-1,0.362224,0.162994
2,1,-1,0.65,0.65,0.75,0.2,-1,-1,0.37613,0.158699
2,1,-1,0.7,0.7,0.75,0.2,-1,-1,0.386298,0.15379
2,1,-1,0.75,0.75,0.75,0.2,-1,-1,0.399457,0.150722
2,1,-1,0.8,0.8,0.75,0.2,-1,-1,0.410074,0.145813
2,1,-1,0.85,0.85,0.75,0.2,-1,-1,0.421737,0.143563
2,1,-1,0.9,0.9,0.75,0.2,-1,-1,0.435943,0.142131
2,1,-1,0.95,0.95,0.75,0.2,-1,-1,0.453438,0.141109
2,1,-1,1.0,1.0,0.75,0.2,-1,-1,0.496503,0.140904
2,1,-1,0.05,0.05,0.8,0.2,-1,-1,0.126789,0.476043
2,1,-1,0.1,0.1,0.8,0.2,-1,-1,0.174556,0.367645
2,1,-1,0.15,0.15,0.8,0.2,-1,-1,0.212469,0.305888
2,1,-1,0.2,0.2,0.8,0.2,-1,-1,0.23986,0.260758
2,1,-1,0.25,0.25,0.8,0.2,-1,-1,0.269422,0.226208
2,1,-1,0.3,0.3,0.8,0.2,-1,-1,0.292805,0.206342
2,1,-1,0.35,0.35,0.8,0.2,-1,-1,0.311009,0.185829
2,1,-1,0.4,0.4,0.8,0.2,-1,-1,0.33172,0.171362
2,1,-1,0.45,0.45,0.8,0.2,-1,-1,0.34792,0.157757
2,1,-1,0.5,0.5,0.8,0.2,-1,-1,0.365791,0.149336
2,1,-1,0.55,0.55,0.8,0.2,-1,-1,0.381156,0.140699
2,1,-1,0.6,0.6,0.8,0.2,-1,-1,0.396689,0.134221
2,1,-1,0.65,0.65,0.8,0.2,-1,-1,0.412222,0.129686
2,1,-1,0.7,0.7,0.8,0.2,-1,-1,0.423579,0.124504
2,1,-1,0.75,0.75,0.8,0.2,-1,-1,0.438277,0.121265
2,1,-1,0.8,0.8,0.8,0.2,-1,-1,0.450135,0.116082
2,1,-1,0.85,0.85,0.8,0.2,-1,-1,0.463162,0.113707
2,1,-1,0.9,0.9,0.8,0.2,-1,-1,0.479029,0.112196
2,1,-1,0.95,0.95,0.8,0.2,-1,-1,0.49857,0.111116
2,1,-1,1.0,1.0,0.8,0.2,-1,-1,0.546671,0.1109
2,1,-1,0.05,0.05,0.85,0.2,-1,-1,0.132959,0.466532
2,1,-1,0.1,0.1,0.85,0.2,-1,-1,0.185697,0.353064
2,1,-1,0.15,0.15,0.85,0.2,-1,-1,0.227555,0.28842
2,1,-1,0.2,0.2,0.85,0.2,-1,-1,0.257796,0.24118
2,1,-1,0.25,0.25,0.85,0.2,-1,-1,0.290434,0.205014
2,1,-1,0.3,0.3,0.85,0.2,-1,-1,0.31625,0.184219
2,1,-1,0.35,0.35,0.85,0.2,-1,-1,0.336349,0.162747
2,1,-1,0.4,0.4,0.85,0.2,-1,-1,0.359215,0.147603
2,1,-1,0.45,0.45,0.85,0.2,-1,-1,0.377101,0.133362
2,1,-1,0.5,0.5,0.85,0.2,-1,-1,0.396832,0.124547
2,1,-1,0.55,0.55,0.85,0.2,-1,-1,0.413796,0.115506
2,1,-1,0.6,0.6,0.85,0.2,-1,-1,0.430945,0.108725
2,1,-1,0.65,0.65,0.85,0.2,-1,-1,0.448094,0.103979
2,1,-1,0.7,0.7,0.85,0.2,-1,-1,0.460633,0.098554
2,1,-1,0.75,0.75,0.85,0.2,-1,-1,0.47686,0.095163
2,1,-1,0.8,0.8,0.85,0.2,-1,-1,0.489952,0.089739
2,1,-1,0.85,0.85,0.85,0.2,-1,-1,0.504335,0.087252
2,1,-1,0.9,0.9,0.85,0.2,-1,-1,0.521853,0.08567
2,1,-1,0.95,0.95,0.85,0.2,-1,-1,0.543428,0.08454
2,1,-1,1.0,1.0,0.85,0.2,-1,-1,0.596534,0.084314
2,1,-1,0.05,0.05,0.9,0.2,-1,-1,0.138903,0.458515
2,1,-1,0.1,0.1,0.9,0.2,-1,-1,0.19643,0.340776
2,1,-1,0.15,0.15,0.9,0.2,-1,-1,0.242089,0.273697
2,1,-1,0.2,0.2,0.9,0.2,-1,-1,0.275076,0.224679
2,1,-1,0.25,0.25,0.9,0.2,-1,-1,0.310678,0.187152
2,1,-1,0.3,0.3,0.9,0.2,-1,-1,0.338838,0.165574
2,1,-1,0.35,0.35,0.9,0.2,-1,-1,0.360762,0.143293
2,1,-1,0.4,0.4,0.9,0.2,-1,-1,0.385704,0.127579
2,1,-1,0.45,0.45,0.9,0.2,-1,-1,0.405214,0.112802
2,1,-1,0.5,0.5,0.9,0.2,-1,-1,0.426737,0.103655
2,1,-1,0.55,0.55,0.9,0.2,-1,-1,0.445241,0.094274
2,1,-1,0.6,0.6,0.9,0.2,-1,-1,0.463948,0.087238
2,1,-1,0.65,0.65,0.9,0.2,-1,-1,0.482654,0.082312
2,1,-1,0.7,0.7,0.9,0.2,-1,-1,0.496332,0.076683
2,1,-1,0.75,0.75,0.9,0.2,-1,-1,0.514032,0.073165
2,1,-1,0.8,0.8,0.9,0.2,-1,-1,0.528313,0.067536
2,1,-1,0.85,0.85,0.9,0.2,-1,-1,0.544002,0.064956
2,1,-1,0.9,0.9,0.9,0.2,-1,-1,0.563111,0.063314
2,1,-1,0.95,0.95,0.9,0.2,-1,-1,0.586644,0.062142
2,1,-1,1.0,1.0,0.9,0.2,-1,-1,0.644573,0.061907
2,1,-1,0.05,0.05,0.95,0.2,-1,-1,0.146916,0.450634
2,1,-1,0.1,0.1,0.95,0.2,-1,-1,0.210899,0.328695
2,1,-1,0.15,0.15,0.95,0.2,-1,-1,0.261682,0.259223
2,1,-1,0.2,0.2,0.95,0.2,-1,-1,0.298371,0.208456
2,1,-1,0.25,0.25,0.95,0.2,-1,-1,0.337968,0.16959
2,1,-1,0.3,0.3,0.95,0.2,-1,-1,0.369289,0.147243
2,1,-1,0.35,0.35,0.95,0.2,-1,-1,0.393673,0.124167
2,1,-1,0.4,0.4,0.95,0.2,-1,-1,0.421414,0.107892
2,1,-1,0.45,0.45,0.95,0.2,-1,-1,0.443114,0.092589
2,1,-1,0.5,0.5,0.95,0.2,-1,-1,0.467052,0.083115
2,1,-1,0.55,0.55,0.95,0.2,-1,-1,0.487633,0.073399
2,1,-1,0.6,0.6,0.95,0.2,-1,-1,0.508439,0.066112
2,1,-1,0.65,0.65,0.95,0.2,-1,-1,0.529244,0.061011
2,1,-1,0.7,0.7,0.95,0.2,-1,-1,0.544457,0.055181
2,1,-1,0.75,0.75,0.95,0.2,-1,-1,0.564144,0.051537
2,1,-1,0.8,0.8,0.95,0.2,-1,-1,0.580027,0.045708
2,1,-1,0.85,0.85,0.95,0.2,-1,-1,0.597477,0.043036
2,1,-1,0.9,0.9,0.95,0.2,-1,-1,0.61873,0.041336
2,1,-1,0.95,0.95,0.95,0.2,-1,-1,0.644905,0.040121
2,1,-1,1.0,1.0,0.95,0.2,-1,-1,0.709334,0.039878
2,1,-1,0.05,0.05,1.0,0.2,-1,-1,0.182882,0.436367
2,1,-1,0.1,0.1,1.0,0.2,-1,-1,0.27584,0.306825
2,1,-1,0.15,0.15,1.0,0.2,-1,-1,0.349621,0.233022
2,1,-1,0.2,0.2,1.0,0.2,-1,-1,0.402925,0.179089
2,1,-1,0.25,0.25,1.0,0.2,-1,-1,0.460455,0.1378
2,1,-1,0.3,0.3,1.0,0.2,-1,-1,0.50596,0.114059
2,1,-1,0.35,0.35,1.0,0.2,-1,-1,0.541387,0.089544
2,1,-1,0.4,0.4,1.0,0.2,-1,-1,0.581691,0.072255
2,1,-1,0.45,0.45,1.0,0.2,-1,-1,0.613218,0.055997
2,1,-1,0.5,0.5,1.0,0.2,-1,-1,0.647996,0.045933
2,1,-1,0.55,0.55,1.0,0.2,-1,-1,0.677898,0.035611
2,1,-1,0.6,0.6,1.0,0.2,-1,-1,0.708126,0.02787
2,1,-1,0.65,0.65,1.0,0.2,-1,-1,0.738353,0.02245
2,1,-1,0.7,0.7,1.0,0.2,-1,-1,0.760455,0.016257
2,1,-1,0.75,0.75,1.0,0.2,-1,-1,0.789058,0.012386
2,1,-1,0.8,0.8,1.0,0.2,-1,-1,0.812134,0.006193
2,1,-1,0.85,0.85,1.0,0.2,-1,-1,0.837486,0.003354
2,1,-1,0.9,0.9,1.0,0.2,-1,-1,0.868364,0.001548
2,1,-1,0.95,0.95,1.0,0.2,-1,-1,0.906393,0.000258
2,1,-1,1.0,1.0,1.0,0.2,-1,-1,1.0,0.0
2,1,-1,0.05,0.05,0.25,0.25,-1,-1,0.091821,0.617926
2,1,-1,0.1,0.1,0.25,0.25,-1,-1,0.091821,0.617926
2,1,-1,0.15,0.15,0.25,0.25,-1,-1,0.091821,0.617926
2,1,-1,0.2,0.2,0.25,0.25,-1,-1,0.091821,0.617926
2,1,-1,0.25,0.25,0.25,0.25,-1,-1,0.091821,0.617926
2,1,-1,0.3,0.3,0.25,0.25,-1,-1,0.091821,0.617926
2,1,-1,0.35,0.35,0.25,0.25,-1,-1,0.091821,0.617926
2,1,-1,0.4,0.4,0.25,0.25,-1,-1,0.091821,0.617926
2,1,-1,0.45,0.45,0.25,0.25,-1,-1,0.091821,0.617926
2,1,-1,0.5,0.5,0.25,0.25,-1,-1,0.091821,0.617926
2,1,-1,0.55,0.55,0.25,0.25,-1,-1,0.091821,0.617926
2,1,-1,0.6,0.6,0.25,0.25,-1,-1,0.091821,0.617926
2,1,-1,0.65,0.65,0.25,0.25,-1,-1,0.091821,0.617926
2,1,-1,0.7,0.7,0.25,0.25,-1,-1,0.091821,0.617926
2,1,-1,0.75,0.75,0.25,0.25,-1,-1,0.091821,0.617926
2,1,-1,0.8,0.8,0.25,0.25,-1,-1,0.091821,0.617926
2,1,-1,0.85,0.85,0.25,0.25,-1,-1,0.091821,0.617926
2,1,-1,0.9,0.9,0.25,0.25,-1,-1,0.091821,0.617926
2,1,-1,0.95,0.95,0.25,0.25,-1,-1,0.091821,0.617926
2,1,-1,1.0,1.0,0.25,0.25,-1,-1,0.091821,0.617926
2,1,-1,0.05,0.05,0.3,0.25,-1,-1,0.09468,0.597272
2,1,-1,0.1,0.1,0.3,0.25,-1,-1,0.096984,0.586266
2,1,-1,0.15,0.15,0.3,0.25,-1,-1,0.098812,0.579995
2,1,-1,0.2,0.2,0.3,0.25,-1,-1,0.100133,0.575413
2,1,-1,0.25,0.25,0.3,0.25,-1,-1,0.101559,0.571905
2,1,-1,0.3,0.3,0.3,0.25,-1,-1,0.102686,0.569888
2,1,-1,0.35,0.35,0.3,0.25,-1,-1,0.103564,0.567805
2,1,-1,0.4,0.4,0.3,0.25,-1,-1,0.104563,0.566336
2,1,-1,0.45,0.45,0.3,0.25,-1,-1,0.105344,0.564955
2,1,-1,0.5,0.5,0.3,0.25,-1,-1,0.106206,0.5641
2,1,-1,0.55,0.55,0.3,0.25,-1,-1,0.106947,0.563223
2,1,-1,0.6,0.6,0.3,0.25,-1,-1,0.107696,0.562565
2,1,-1,0.65,0.65,0.3,0.25,-1,-1,0.108445,0.562104
2,1,-1,0.7,0.7,0.3,0.25,-1,-1,0.108993,0.561578
2,1,-1,0.75,0.75,0.3,0.25,-1,-1,0.109702,0.561249
2,1,-1,0.8,0.8,0.3,0.25,-1,-1,0.110274,0.560723
2,1,-1,0.85,0.85,0.3,0.25,-1,-1,0.110902,0.560482
2,1,-1,0.9,0.9,0.3,0.25,-1,-1,0.111667,0.560329
2,1,-1,0.95,0.95,0.3,0.25,-1,-1,0.112609,0.560219
2,1,-1,1.0,1.0,0.3,0.25,-1,-1,0.114929,0.560197
2,1,-1,0.05,0.05,0.35,0.25,-1,-1,0.098104,0.57757
2,1,-1,0.1,0.1,0.35,0.25,-1,-1,0.103166,0.556064
2,1,-1,0.15,0.15,0.35,0.25,-1,-1,0.107183,0.543812
2,1,-1,0.2,0.2,0.35,0.25,-1,-1,0.110085,0.534858
2,1,-1,0.25,0.25,0.35,0.25,-1,-1,0.113218,0.528004
2,1,-1,0.3,0.3,0.35,0.25,-1,-1,0.115696,0.524062
2,1,-1,0.35,0.35,0.35,0.25,-1,-1,0.117625,0.519993
2,1,-1,0.4,0.4,0.35,0.25,-1,-1,0.119819,0.517122
2,1,-1,0.45,0.45,0.35,0.25,-1,-1,0.121536,0.514423
2,1,-1,0.5,0.5,0.35,0.25,-1,-1,0.12343,0.512753
2,1,-1,0.55,0.55,0.35,0.25,-1,-1,0.125058,0.511039
2,1,-1,0.6,0.6,0.35,0.25,-1,-1,0.126704,0.509754
2,1,-1,0.65,0.65,0.35,0.25,-1,-1,0.12835,0.508854
2,1,-1,0.7,0.7,0.35,0.25,-1,-1,0.129553,0.507826
2,1,-1,0.75,0.75,0.35,0.25,-1,-1,0.131111,0.507183
2,1,-1,0.8,0.8,0.35,0.25,-1,-1,0.132367,0.506155
2,1,-1,0.85,0.85,0.35,0.25,-1,-1,0.133748,0.505684
2,1,-1,0.9,0.9,0.35,0.25,-1,-1,0.135429,0.505384
2,1,-1,0.95,0.95,0.35,0.25,-1,-1,0.1375,0.50517
2,1,-1,1.0,1.0,0.35,0.25,-1,-1,0.142597,0.505127
2,1,-1,0.05,0.05,0.4,0.25,-1,-1,0.102317,0.554879
2,1,-1,0.1,0.1,0.4,0.25,-1,-1,0.110774,0.52128
2,1,-1,0.15,0.15,0.4,0.25,-1,-1,0.117485,0.502138
2,1,-1,0.2,0.2,0.4,0.25,-1,-1,0.122334,0.48815
2,1,-1,0.25,0.25,0.4,0.25,-1,-1,0.127568,0.477441
2,1,-1,0.3,0.3,0.4,0.25,-1,-1,0.131707,0.471284
2,1,-1,0.35,0.35,0.4,0.25,-1,-1,0.13493,0.464926
2,1,-1,0.4,0.4,0.4,0.25,-1,-1,0.138596,0.460441
2,1,-1,0.45,0.45,0.4,0.25,-1,-1,0.141464,0.456225
2,1,-1,0.5,0.5,0.4,0.25,-1,-1,0.144628,0.453614
2,1,-1,0.55,0.55,0.4,0.25,-1,-1,0.147348,0.450937
2,1,-1,0.6,0.6,0.4,0.25,-1,-1,0.150098,0.448929
2,1,-1,0.65,0.65,0.4,0.25,-1,-1,0.152847,0.447524
2,1,-1,0.7,0.7,0.4,0.25,-1,-1,0.154858,0.445918
2,1,-1,0.75,0.75,0.4,0.25,-1,-1,0.15746,0.444914
2,1,-1,0.8,0.8,0.4,0.25,-1,-1,0.159559,0.443307
2,1,-1,0.85,0.85,0.4,0.25,-1,-1,0.161865,0.442571
2,1,-1,0.9,0.9,0.4,0.25,-1,-1,0.164674,0.442103
2,1,-1,0.95,0.95,0.4,0.25,-1,-1,0.168134,0.441768
2,1,-1,1.0,1.0,0.4,0.25,-1,-1,0.176649,0.441701
2,1,-1,0.05,0.05,0.45,0.25,-1,-1,0.107697,0.532867
2,1,-1,0.1,0.1,0.45,0.25,-1,-1,0.120488,0.487538
2,1,-1,0.15,0.15,0.45,0.25,-1,-1,0.13064,0.461713
2,1,-1,0.2,0.2,0.45,0.25,-1,-1,0.137974,0.442841
2,1,-1,0.25,0.25,0.45,0.25,-1,-1,0.14589,0.428393
2,1,-1,0.3,0.3,0.45,0.25,-1,-1,0.152151,0.420086
2,1,-1,0.35,0.35,0.45,0.25,-1,-1,0.157025,0.411508
2,1,-1,0.4,0.4,0.45,0.25,-1,-1,0.162571,0.405458
2,1,-1,0.45,0.45,0.45,0.25,-1,-1,0.166909,0.399769
2,1,-1,0.5,0.5,0.45,0.25,-1,-1,0.171694,0.396248
2,1,-1,0.55,0.55,0.45,0.25,-1,-1,0.175809,0.392636
2,1,-1,0.6,0.6,0.45,0.25,-1,-1,0.179968,0.389927
2,1,-1,0.65,0.65,0.45,0.25,-1,-1,0.184127,0.388031
2,1,-1,0.7,0.7,0.45,0.25,-1,-1,0.187168,0.385864
2,1,-1,0.75,0.75,0.45,0.25,-1,-1,0.191104,0.384509
2,1,-1,0.8,0.8,0.45,0.25,-1,-1,0.194279,0.382342
2,1,-1,0.85,0.85,0.45,0.25,-1,-1,0.197767,0.381349
2,1,-1,0.9,0.9,0.45,0.25,-1,-1,0.202016,0.380717
2,1,-1,0.95,0.95,0.45,0.25,-1,-1,0.207248,0.380265
2,1,-1,1.0,1.0,0.45,0.25,-1,-1,0.220128,0.380175
2,1,-1,0.05,0.05,0.5,0.25,-1,-1,0.113905,0.512621
2,1,-1,0.1,0.1,0.5,0.25,-1,-1,0.131696,0.456502
2,1,-1,0.15,0.15,0.5,0.25,-1,-1,0.145817,0.424531
2,1,-1,0.2,0.2,0.5,0.25,-1,-1,0.156019,0.401167
2,1,-1,0.25,0.25,0.5,0.25,-1,-1,0.16703,0.38328
2,1,-1,0.3,0.3,0.5,0.25,-1,-1,0.175739,0.372996
2,1,-1,0.35,0.35,0.5,0.25,-1,-1,0.18252,0.362376
2,1,-1,0.4,0.4,0.5,0.25,-1,-1,0.190234,0.354886
2,1,-1,0.45,0.45,0.5,0.25,-1,-1,0.196268,0.347843
2,1,-1,0.5,0.5,0.5,0.25,-1,-1,0.202924,0.343483
2,1,-1,0.55,0.55,0.5,0.25,-1,-1,0.208647,0.339012
2,1,-1,0.6,0.6,0.5,0.25,-1,-1,0.214432,0.335658
2,1,-1,0.65,0.65,0.5,0.25,-1,-1,0.220218,0.333311
2,1,-1,0.7,0.7,0.5,0.25,-1,-1,0.224448,0.330628
2,1,-1,0.75,0.75,0.5,0.25,-1,-1,0.229922,0.328951
2,1,-1,0.8,0.8,0.5,0.25,-1,-1,0.234339,0.326268
2,1,-1,0.85,0.85,0.5,0.25,-1,-1,0.239191,0.325038
2,1,-1,0.9,0.9,0.5,0.25,-1,-1,0.245101,0.324256
2,1,-1,0.95,0.95,0.5,0.25,-1,-1,0.252379,0.323697
2,1,-1,1.0,1.0,0.5,0.25,-1,-1,0.270295,0.323585
2,1,-1,0.05,0.05,0.55,0.25,-1,-1,0.119435,0.498082
2,1,-1,0.1,0.1,0.55,0.25,-1,-1,0.141682,0.434215
2,1,-1,0.15,0.15,0.55,0.25,-1,-1,0.159339,0.39783
2,1,-1,0.2,0.2,0.55,0.25,-1,-1,0.172096,0.37124
2,1,-1,0.25,0.25,0.55,0.25,-1,-1,0.185864,0.350884
2,1,-1,0.3,0.3,0.55,0.25,-1,-1,0.196754,0.33918
2,1,-1,0.35,0.35,0.55,0.25,-1,-1,0.205233,0.327094
2,1,-1,0.4,0.4,0.55,0.25,-1,-1,0.214879,0.31857
2,1,-1,0.45,0.45,0.55,0.25,-1,-1,0.222424,0.310554
2,1,-1,0.5,0.5,0.55,0.25,-1,-1,0.230747,0.305593
2,1,-1,0.55,0.55,0.55,0.25,-1,-1,0.237903,0.300504
2,1,-1,0.6,0.6,0.55,0.25,-1,-1,0.245137,0.296687
2,1,-1,0.65,0.65,0.55,0.25,-1,-1,0.252371,0.294015
2,1,-1,0.7,0.7,0.55,0.25,-1,-1,0.257661,0.290962
2,1,-1,0.75,0.75,0.55,0.25,-1,-1,0.264506,0.289054
2,1,-1,0.8,0.8,0.55,0.25,-1,-1,0.270029,0.286
2,1,-1,0.85,0.85,0.55,0.25,-1,-1,0.276096,0.284601
2,1,-1,0.9,0.9,0.55,0.25,-1,-1,0.283486,0.28371
2,1,-1,0.95,0.95,0.55,0.25,-1,-1,0.292587,0.283074
2,1,-1,1.0,1.0,0.55,0.25,-1,-1,0.314989,0.282947
2,1,-1,0.05,0.05,0.6,0.25,-1,-1,0.124815,0.484086
2,1,-1,0.1,0.1,0.6,0.25,-1,-1,0.151396,0.412762
2,1,-1,0.15,0.15,0.6,0.25,-1,-1,0.172493,0.372127
2,1,-1,0.2,0.2,0.6,0.25,-1,-1,0.187736,0.342432
2,1,-1,0.25,0.25,0.6,0.25,-1,-1,0.204186,0.319699
2,1,-1,0.3,0.3,0.6,0.25,-1,-1,0.217198,0.306627
2,1,-1,0.35,0.35,0.6,0.25,-1,-1,0.227329,0.29313
2,1,-1,0.4,0.4,0.6,0.25,-1,-1,0.238853,0.283611
2,1,-1,0.45,0.45,0.6,0.25,-1,-1,0.247868,0.274659
2,1,-1,0.5,0.5,0.6,0.25,-1,-1,0.257813,0.269118
2,1,-1,0.55,0.55,0.6,0.25,-1,-1,0.266364,0.263435
2,1,-1,0.6,0.6,0.6,0.25,-1,-1,0.275007,0.259173
2,1,-1,0.65,0.65,0.6,0.25,-1,-1,0.283651,0.256189
2,1,-1,0.7,0.7,0.6,0.25,-1,-1,0.289971,0.252779
2,1,-1,0.75,0.75,0.6,0.25,-1,-1,0.29815,0.250648
2,1,-1,0.8,0.8,0.6,0.25,-1,-1,0.304748,0.247238
2,1,-1,0.85,0.85,0.6,0.25,-1,-1,0.311998,0.245675
2,1,-1,0.9,0.9,0.6,0.25,-1,-1,0.320827,0.244681
2,1,-1,0.95,0.95,0.6,0.25,-1,-1,0.331701,0.24397
2,1,-1,1.0,1.0,0.6,0.25,-1,-1,0.358468,0.243828
2,1,-1,0.05,0.05,0.65,0.25,-1,-1,0.129894,0.47077
2,1,-1,0.1,0.1,0.65,0.25,-1,-1,0.160567,0.392349
2,1,-1,0.15,0.15,0.65,0.25,-1,-1,0.184912,0.347672
2,1,-1,0.2,0.2,0.65,0.25,-1,-1,0.2025,0.315022
2,1,-1,0.25,0.25,0.65,0.25,-1,-1,0.221483,0.290027
2,1,-1,0.3,0.3,0.65,0.25,-1,-1,0.236498,0.275656
2,1,-1,0.35,0.35,0.65,0.25,-1,-1,0.248188,0.260815
2,1,-1,0.4,0.4,0.65,0.25,-1,-1,0.261487,0.250349
2,1,-1,0.45,0.45,0.65,0.25,-1,-1,0.271889,0.240507
2,1,-1,0.5,0.5,0.65,0.25,-1,-1,0.283365,0.234414
2,1,-1,0.55,0.55,0.65,0.25,-1,-1,0.293232,0.228166
2,1,-1,0.6,0.6,0.65,0.25,-1,-1,0.303206,0.223479
2,1,-1,0.65,0.65,0.65,0.25,-1,-1,0.31318,0.220199
2,1,-1,0.7,0.7,0.65,0.25,-1,-1,0.320473,0.21645
2,1,-1,0.75,0.75,0.65,0.25,-1,-1,0.32991,0.214106
2,1,-1,0.8,0.8,0.65,0.25,-1,-1,0.337525,0.210357
2,1,-1,0.85,0.85,0.65,0.25,-1,-1,0.34589,0.208639
2,1,-1,0.9,0.9,0.65,0.25,-1,-1,0.356079,0.207545
2,1,-1,0.95,0.95,0.65,0.25,-1,-1,0.368627,0.206764
2,1,-1,1.0,1.0,0.65,0.25,-1,-1,0.399514,0.206608
2,1,-1,0.05,0.05,0.7,0.25,-1,-1,0.136139,0.458134
2,1,-1,0.1,0.1,0.7,0.25,-1,-1,0.171843,0.372979
2,1,-1,0.15,0.15,0.7,0.25,-1,-1,0.200181,0.324465
2,1,-1,0.2,0.2,0.7,0.25,-1,-1,0.220655,0.289012
2,1,-1,0.25,0.25,0.7,0.25,-1,-1,0.242752,0.261871
2,1,-1,0.3,0.3,0.7,0.25,-1,-1,0.260229,0.246265
2,1,-1,0.35,0.35,0.7,0.25,-1,-1,0.273837,0.23015
2,1,-1,0.4,0.4,0.7,0.25,-1,-1,0.289317,0.218785
2,1,-1,0.45,0.45,0.7,0.25,-1,-1,0.301426,0.208098
2,1,-1,0.5,0.5,0.7,0.25,-1,-1,0.314784,0.201482
2,1,-1,0.55,0.55,0.7,0.25,-1,-1,0.326269,0.194697
2,1,-1,0.6,0.6,0.7,0.25,-1,-1,0.337879,0.189608
2,1,-1,0.65,0.65,0.7,0.25,-1,-1,0.349489,0.186046
2,1,-1,0.7,0.7,0.7,0.25,-1,-1,0.357978,0.181975
2,1,-1,0.75,0.75,0.7,0.25,-1,-1,0.368964,0.17943
2,1,-1,0.8,0.8,0.7,0.25,-1,-1,0.377828,0.175359
2,1,-1,0.85,0.85,0.7,0.25,-1,-1,0.387565,0.173493
2,1,-1,0.9,0.9,0.7,0.25,-1,-1,0.399425,0.172306
2,1,-1,0.95,0.95,0.7,0.25,-1,-1,0.414031,0.171458
2,1,-1,1.0,1.0,0.7,0.25,-1,-1,0.449985,0.171288
2,1,-1,0.05,0.05,0.75,0.25,-1,-1,0.141895,0.447263
2,1,-1,0.1,0.1,0.75,0.25,-1,-1,0.182236,0.356316
2,1,-1,0.15,0.15,0.75,0.25,-1,-1,0.214255,0.304501
2,1,-1,0.2,0.2,0.75,0.25,-1,-1,0.237388,0.266637
2,1,-1,0.25,0.25,0.75,0.25,-1,-1,0.262354,0.237649
2,1,-1,0.3,0.3,0.75,0.25,-1,-1,0.282102,0.220981
2,1,-1,0.35,0.35,0.75,0.25,-1,-1,0.297477,0.20377
2,1,-1,0.4,0.4,0.75,0.25,-1,-1,0.314968,0.191632
2,1,-1,0.45,0.45,0.75,0.25,-1,-1,0.328649,0.180218
2,1,-1,0.5,0.5,0.75,0.25,-1,-1,0.343742,0.173152
2,1,-1,0.55,0.55,0.75,0.25,-1,-1,0.356719,0.165906
2,1,-1,0.6,0.6,0.75,0.25,-1,-1,0.369837,0.16047
2,1,-1,0.65,0.65,0.75,0.25,-1,-1,0.382955,0.156666
2,1,-1,0.7,0.7,0.75,0.25,-1,-1,0.392547,0.152318
2,1,-1,0.75,0.75,0.75,0.25,-1,-1,0.404959,0.1496
2,1,-1,0.8,0.8,0.75,0.25,-1,-1,0.414974,0.145252
2,1,-1,0.85,0.85,0.75,0.25,-1,-1,0.425976,0.143259
2,1,-1,0.9,0.9,0.75,0.25,-1,-1,0.439376,0.141991
2,1,-1,0.95,0.95,0.75,0.25,-1,-1,0.45588,0.141085
2,1,-1,1.0,1.0,0.75,0.25,-1,-1,0.496503,0.140904
2,1,-1,0.05,0.05,0.8,0.25,-1,-1,0.148102,0.436529
2,1,-1,0.1,0.1,0.8,0.25,-1,-1,0.193445,0.339861
2,1,-1,0.15,0.15,0.8,0.25,-1,-1,0.229433,0.284787
2,1,-1,0.2,0.2,0.8,0.25,-1,-1,0.255434,0.244541
2,1,-1,0.25,0.25,0.8,0.25,-1,-1,0.283495,0.21373
2,1,-1,0.3,0.3,0.8,0.25,-1,-1,0.305691,0.196014
2,1,-1,0.35,0.35,0.8,0.25,-1,-1,0.322972,0.17772
2,1,-1,0.4,0.4,0.8,0.25,-1,-1,0.342631,0.164819
2,1,-1,0.45,0.45,0.8,0.25,-1,-1,0.358009,0.152687
2,1,-1,0.5,0.5,0.8,0.25,-1,-1,0.374973,0.145176
2,1,-1,0.55,0.55,0.8,0.25,-1,-1,0.389558,0.137474
2,1,-1,0.6,0.6,0.8,0.25,-1,-1,0.404302,0.131697
2,1,-1,0.65,0.65,0.8,0.25,-1,-1,0.419046,0.127653
2,1,-1,0.7,0.7,0.8,0.25,-1,-1,0.429827,0.123032
2,1,-1,0.75,0.75,0.8,0.25,-1,-1,0.443779,0.120143
2,1,-1,0.8,0.8,0.8,0.25,-1,-1,0.455035,0.115522
2,1,-1,0.85,0.85,0.8,0.25,-1,-1,0.467401,0.113403
2,1,-1,0.9,0.9,0.8,0.25,-1,-1,0.482463,0.112056
2,1,-1,0.95,0.95,0.8,0.25,-1,-1,0.501012,0.111093
2,1,-1,1.0,1.0,0.8,0.25,-1,-1,0.546671,0.1109
2,1,-1,0.05,0.05,0.85,0.25,-1,-1,0.154272,0.427017
2,1,-1,0.1,0.1,0.85,0.25,-1,-1,0.204585,0.32528
2,1,-1,0.15,0.15,0.85,0.25,-1,-1,0.244519,0.267319
2,1,-1,0.2,0.2,0.85,0.25,-1,-1,0.27337,0.224962
2,1,-1,0.25,0.25,0.85,0.25,-1,-1,0.304508,0.192536
2,1,-1,0.3,0.3,0.85,0.25,-1,-1,0.329137,0.173891
2,1,-1,0.35,0.35,0.85,0.25,-1,-1,0.348312,0.154638
2,1,-1,0.4,0.4,0.85,0.25,-1,-1,0.370126,0.14106
2,1,-1,0.45,0.45,0.85,0.25,-1,-1,0.38719,0.128292
2,1,-1,0.5,0.5,0.85,0.25,-1,-1,0.406013,0.120388
2,1,-1,0.55,0.55,0.85,0.25,-1,-1,0.422198,0.112282
2,1,-1,0.6,0.6,0.85,0.25,-1,-1,0.438558,0.106202
2,1,-1,0.65,0.65,0.85,0.25,-1,-1,0.454919,0.101946
2,1,-1,0.7,0.7,0.85,0.25,-1,-1,0.466881,0.097082
2,1,-1,0.75,0.75,0.85,0.25,-1,-1,0.482362,0.094042
2,1,-1,0.8,0.8,0.85,0.25,-1,-1,0.494853,0.089178
2,1,-1,0.85,0.85,0.85,0.25,-1,-1,0.508574,0.086948
2,1,-1,0.9,0.9,0.85,0.25,-1,-1,0.525287,0.08553
2,1,-1,0.95,0.95,0.85,0.25,-1,-1,0.545869,0.084517
2,1,-1,1.0,1.0,0.85,0.25,-1,-1,0.596534,0.084314
2,1,-1,0.05,0.05,0.9,0.25,-1,-1,0.160216,0.419001
2,1,-1,0.1,0.1,0.9,0.25,-1,-1,0.215319,0.312992
2,1,-1,0.15,0.15,0.9,0.25,-1,-1,0.259053,0.252596
2,1,-1,0.2,0.2,0.9,0.25,-1,-1,0.29065,0.208461
2,1,-1,0.25,0.25,0.9,0.25,-1,-1,0.324751,0.174673
2,1,-1,0.3,0.3,0.9,0.25,-1,-1,0.351724,0.155245
2,1,-1,0.35,0.35,0.9,0.25,-1,-1,0.372725,0.135184
2,1,-1,0.4,0.4,0.9,0.25,-1,-1,0.396615,0.121036
2,1,-1,0.45,0.45,0.9,0.25,-1,-1,0.415303,0.107731
2,1,-1,0.5,0.5,0.9,0.25,-1,-1,0.435919,0.099496
2,1,-1,0.55,0.55,0.9,0.25,-1,-1,0.453643,0.091049
2,1,-1,0.6,0.6,0.9,0.25,-1,-1,0.471561,0.084714
2,1,-1,0.65,0.65,0.9,0.25,-1,-1,0.489479,0.080279
2,1,-1,0.7,0.7,0.9,0.25,-1,-1,0.50258,0.075211
2,1,-1,0.75,0.75,0.9,0.25,-1,-1,0.519534,0.072043
2,1,-1,0.8,0.8,0.9,0.25,-1,-1,0.533213,0.066975
2,1,-1,0.85,0.85,0.9,0.25,-1,-1,0.548241,0.064652
2,1,-1,0.9,0.9,0.9,0.25,-1,-1,0.566544,0.063174
2,1,-1,0.95,0.95,0.9,0.25,-1,-1,0.589086,0.062118
2,1,-1,1.0,1.0,0.9,0.25,-1,-1,0.644573,0.061907
2,1,-1,0.05,0.05,0.95,0.25,-1,-1,0.16823,0.41112
2,1,-1,0.1,0.1,0.95,0.25,-1,-1,0.229788,0.300911
2,1,-1,0.15,0.15,0.95,0.25,-1,-1,0.278646,0.238122
2,1,-1,0.2,0.2,0.95,0.25,-1,-1,0.313945,0.192239
2,1,-1,0.25,0.25,0.95,0.25,-1,-1,0.352042,0.157112
2,1,-1,0.3,0.3,0.95,0.25,-1,-1,0.382175,0.136914
2,1,-1,0.35,0.35,0.95,0.25,-1,-1,0.405636,0.116058
2,1,-1,0.4,0.4,0.95,0.25,-1,-1,0.432325,0.101349
2,1,-1,0.45,0.45,0.95,0.25,-1,-1,0.453203,0.087518
2,1,-1,0.5,0.5,0.95,0.25,-1,-1,0.476233,0.078956
2,1,-1,0.55,0.55,0.95,0.25,-1,-1,0.496035,0.070175
2,1,-1,0.6,0.6,0.95,0.25,-1,-1,0.516052,0.063588
2,1,-1,0.65,0.65,0.95,0.25,-1,-1,0.536068,0.058978
2,1,-1,0.7,0.7,0.95,0.25,-1,-1,0.550705,0.053709
2,1,-1,0.75,0.75,0.95,0.25,-1,-1,0.569646,0.050416
2,1,-1,0.8,0.8,0.95,0.25,-1,-1,0.584927,0.045147
2,1,-1,0.85,0.85,0.95,0.25,-1,-1,0.601716,0.042732
2,1,-1,0.9,0.9,0.95,0.25,-1,-1,0.622163,0.041195
2,1,-1,0.95,0.95,0.95,0.25,-1,-1,0.647346,0.040098
2,1,-1,1.0,1.0,0.95,0.25,-1,-1,0.709334,0.039878
2,1,-1,0.05,0.05,1.0,0.25,-1,-1,0.204195,0.396852
2,1,-1,0.1,0.1,1.0,0.25,-1,-1,0.294729,0.279041
2,1,-1,0.15,0.15,1.0,0.25,-1,-1,0.366585,0.211921
2,1,-1,0.2,0.2,1.0,0.25,-1,-1,0.418499,0.162872
2,1,-1,0.25,0.25,1.0,0.25,-1,-1,0.474529,0.125322
2,1,-1,0.3,0.3,1.0,0.25,-1,-1,0.518846,0.103731
2,1,-1,0.35,0.35,1.0,0.25,-1,-1,0.553349,0.081436
2,1,-1,0.4,0.4,1.0,0.25,-1,-1,0.592602,0.065712
2,1,-1,0.45,0.45,1.0,0.25,-1,-1,0.623306,0.050926
2,1,-1,0.5,0.5,1.0,0.25,-1,-1,0.657178,0.041774
2,1,-1,0.55,0.55,1.0,0.25,-1,-1,0.6863,0.032387
2,1,-1,0.6,0.6,1.0,0.25,-1,-1,0.715739,0.025346
2,1,-1,0.65,0.65,1.0,0.25,-1,-1,0.745178,0.020418
2,1,-1,0.7,0.7,1.0,0.25,-1,-1,0.766703,0.014785
2,1,-1,0.75,0.75,1.0,0.25,-1,-1,0.79456,0.011265
2,1,-1,0.8,0.8,1.0,0.25,-1,-1,0.817035,0.005632
2,1,-1,0.85,0.85,1.0,0.25,-1,-1,0.841725,0.003051
2,1,-1,0.9,0.9,1.0,0.25,-1,-1,0.871798,0.001408
2,1,-1,0.95,0.95,1.0,0.25,-1,-1,0.908834,0.000235
2,1,-1,1.0,1.0,1.0,0.25,-1,-1,1.0,0.0
2,1,-1,0.05,0.05,0.3,0.3,-1,-1,0.114929,0.560197
2,1,-1,0.1,0.1,0.3,0.3,-1,-1,0.114929,0.560197
2,1,-1,0.15,0.15,0.3,0.3,-1,-1,0.114929,0.560197
2,1,-1,0.2,0.2,0.3,0.3,-1,-1,0.114929,0.560197
2,1,-1,0.25,0.25,0.3,0.3,-1,-1,0.114929,0.560197
2,1,-1,0.3,0.3,0.3,0.3,-1,-1,0.114929,0.560197
2,1,-1,0.35,0.35,0.3,0.3,-1,-1,0.114929,0.560197
2,1,-1,0.4,0.4,0.3,0.3,-1,-1,0.114929,0.560197
2,1,-1,0.45,0.45,0.3,0.3,-1,-1,0.114929,0.560197
2,1,-1,0.5,0.5,0.3,0.3,-1,-1,0.114929,0.560197
2,1,-1,0.55,0.55,0.3,0.3,-1,-1,0.114929,0.560197
2,1,-1,0.6,0.6,0.3,0.3,-1,-1,0.114929,0.560197
2,1,-1,0.65,0.65,0.3,0.3,-1,-1,0.114929,0.560197
2,1,-1,0.7,0.7,0.3,0.3,-1,-1,0.114929,0.560197
2,1,-1,0.75,0.75,0.3,0.3,-1,-1,0.114929,0.560197
2,1,-1,0.8,0.8,0.3,0.3,-1,-1,0.114929,0.560197
2,1,-1,0.85,0.85,0.3,0.3,-1,-1,0.114929,0.560197
2,1,-1,0.9,0.9,0.3,0.3,-1,-1,0.114929,0.560197
2,1,-1,0.95,0.95,0.3,0.3,-1,-1,0.114929,0.560197
2,1,-1,1.0,1.0,0.3,0.3,-1,-1,0.114929,0.560197
2,1,-1,0.05,0.05,0.35,0.3,-1,-1,0.118353,0.540495
2,1,-1,0.1,0.1,0.35,0.3,-1,-1,0.121111,0.529995
2,1,-1,0.15,0.15,0.35,0.3,-1,-1,0.1233,0.524014
2,1,-1,0.2,0.2,0.35,0.3,-1,-1,0.124881,0.519642
2,1,-1,0.25,0.25,0.35,0.3,-1,-1,0.126588,0.516296
2,1,-1,0.3,0.3,0.35,0.3,-1,-1,0.127938,0.514372
2,1,-1,0.35,0.35,0.35,0.3,-1,-1,0.12899,0.512385
2,1,-1,0.4,0.4,0.35,0.3,-1,-1,0.130185,0.510983
2,1,-1,0.45,0.45,0.35,0.3,-1,-1,0.131121,0.509666
2,1,-1,0.5,0.5,0.35,0.3,-1,-1,0.132153,0.50885
2,1,-1,0.55,0.55,0.35,0.3,-1,-1,0.13304,0.508013
2,1,-1,0.6,0.6,0.35,0.3,-1,-1,0.133937,0.507386
2,1,-1,0.65,0.65,0.35,0.3,-1,-1,0.134834,0.506947
2,1,-1,0.7,0.7,0.35,0.3,-1,-1,0.13549,0.506445
2,1,-1,0.75,0.75,0.35,0.3,-1,-1,0.136338,0.506131
2,1,-1,0.8,0.8,0.35,0.3,-1,-1,0.137023,0.505629
2,1,-1,0.85,0.85,0.35,0.3,-1,-1,0.137775,0.505399
2,1,-1,0.9,0.9,0.35,0.3,-1,-1,0.138691,0.505253
2,1,-1,0.95,0.95,0.35,0.3,-1,-1,0.13982,0.505148
2,1,-1,1.0,1.0,0.35,0.3,-1,-1,0.142597,0.505127
2,1,-1,0.05,0.05,0.4,0.3,-1,-1,0.122566,0.517803
2,1,-1,0.1,0.1,0.4,0.3,-1,-1,0.128719,0.495211
2,1,-1,0.15,0.15,0.4,0.3,-1,-1,0.133602,0.48234
2,1,-1,0.2,0.2,0.4,0.3,-1,-1,0.13713,0.472934
2,1,-1,0.25,0.25,0.4,0.3,-1,-1,0.140938,0.465733
2,1,-1,0.3,0.3,0.4,0.3,-1,-1,0.14395,0.461593
2,1,-1,0.35,0.35,0.4,0.3,-1,-1,0.146295,0.457317
2,1,-1,0.4,0.4,0.4,0.3,-1,-1,0.148962,0.454302
2,1,-1,0.45,0.45,0.4,0.3,-1,-1,0.151049,0.451467
2,1,-1,0.5,0.5,0.4,0.3,-1,-1,0.153351,0.449712
2,1,-1,0.55,0.55,0.4,0.3,-1,-1,0.15533,0.447912
2,1,-1,0.6,0.6,0.4,0.3,-1,-1,0.157331,0.446561
2,1,-1,0.65,0.65,0.4,0.3,-1,-1,0.159331,0.445616
2,1,-1,0.7,0.7,0.4,0.3,-1,-1,0.160794,0.444536
2,1,-1,0.75,0.75,0.4,0.3,-1,-1,0.162687,0.443861
2,1,-1,0.8,0.8,0.4,0.3,-1,-1,0.164215,0.442781
2,1,-1,0.85,0.85,0.4,0.3,-1,-1,0.165893,0.442286
2,1,-1,0.9,0.9,0.4,0.3,-1,-1,0.167936,0.441971
2,1,-1,0.95,0.95,0.4,0.3,-1,-1,0.170453,0.441746
2,1,-1,1.0,1.0,0.4,0.3,-1,-1,0.176649,0.441701
2,1,-1,0.05,0.05,0.45,0.3,-1,-1,0.127946,0.495791
2,1,-1,0.1,0.1,0.45,0.3,-1,-1,0.138433,0.461469
2,1,-1,0.15,0.15,0.45,0.3,-1,-1,0.146756,0.441914
2,1,-1,0.2,0.2,0.45,0.3,-1,-1,0.15277,0.427625
2,1,-1,0.25,0.25,0.45,0.3,-1,-1,0.15926,0.416685
2,1,-1,0.3,0.3,0.45,0.3,-1,-1,0.164393,0.410395
2,1,-1,0.35,0.35,0.45,0.3,-1,-1,0.16839,0.4039
2,1,-1,0.4,0.4,0.45,0.3,-1,-1,0.172937,0.399319
2,1,-1,0.45,0.45,0.45,0.3,-1,-1,0.176494,0.395012
2,1,-1,0.5,0.5,0.45,0.3,-1,-1,0.180417,0.392345
2,1,-1,0.55,0.55,0.45,0.3,-1,-1,0.18379,0.38961
2,1,-1,0.6,0.6,0.45,0.3,-1,-1,0.187201,0.387559
2,1,-1,0.65,0.65,0.45,0.3,-1,-1,0.190611,0.386123
2,1,-1,0.7,0.7,0.45,0.3,-1,-1,0.193104,0.384482
2,1,-1,0.75,0.75,0.45,0.3,-1,-1,0.196331,0.383457
2,1,-1,0.8,0.8,0.45,0.3,-1,-1,0.198934,0.381816
2,1,-1,0.85,0.85,0.45,0.3,-1,-1,0.201794,0.381064
2,1,-1,0.9,0.9,0.45,0.3,-1,-1,0.205278,0.380585
2,1,-1,0.95,0.95,0.45,0.3,-1,-1,0.209568,0.380243
2,1,-1,1.0,1.0,0.45,0.3,-1,-1,0.220128,0.380175
2,1,-1,0.05,0.05,0.5,0.3,-1,-1,0.134153,0.475545
2,1,-1,0.1,0.1,0.5,0.3,-1,-1,0.149641,0.430433
2,1,-1,0.15,0.15,0.5,0.3,-1,-1,0.161934,0.404732
2,1,-1,0.2,0.2,0.5,0.3,-1,-1,0.170815,0.385951
2,1,-1,0.25,0.25,0.5,0.3,-1,-1,0.1804,0.371572
2,1,-1,0.3,0.3,0.5,0.3,-1,-1,0.187982,0.363305
2,1,-1,0.35,0.35,0.5,0.3,-1,-1,0.193885,0.354768
2,1,-1,0.4,0.4,0.5,0.3,-1,-1,0.2006,0.348747
2,1,-1,0.45,0.45,0.5,0.3,-1,-1,0.205852,0.343085
2,1,-1,0.5,0.5,0.5,0.3,-1,-1,0.211647,0.339581
2,1,-1,0.55,0.55,0.5,0.3,-1,-1,0.216629,0.335986
2,1,-1,0.6,0.6,0.5,0.3,-1,-1,0.221665,0.33329
2,1,-1,0.65,0.65,0.5,0.3,-1,-1,0.226701,0.331403
2,1,-1,0.7,0.7,0.5,0.3,-1,-1,0.230384,0.329246
2,1,-1,0.75,0.75,0.5,0.3,-1,-1,0.23515,0.327898
2,1,-1,0.8,0.8,0.5,0.3,-1,-1,0.238994,0.325742
2,1,-1,0.85,0.85,0.5,0.3,-1,-1,0.243218,0.324753
2,1,-1,0.9,0.9,0.5,0.3,-1,-1,0.248363,0.324124
2,1,-1,0.95,0.95,0.5,0.3,-1,-1,0.254699,0.323675
2,1,-1,1.0,1.0,0.5,0.3,-1,-1,0.270295,0.323585
2,1,-1,0.05,0.05,0.55,0.3,-1,-1,0.139684,0.461006
2,1,-1,0.1,0.1,0.55,0.3,-1,-1,0.159627,0.408146
2,1,-1,0.15,0.15,0.55,0.3,-1,-1,0.175456,0.378031
2,1,-1,0.2,0.2,0.55,0.3,-1,-1,0.186892,0.356024
2,1,-1,0.25,0.25,0.55,0.3,-1,-1,0.199234,0.339176
2,1,-1,0.3,0.3,0.55,0.3,-1,-1,0.208997,0.329489
2,1,-1,0.35,0.35,0.55,0.3,-1,-1,0.216598,0.319486
2,1,-1,0.4,0.4,0.55,0.3,-1,-1,0.225244,0.312431
2,1,-1,0.45,0.45,0.55,0.3,-1,-1,0.232008,0.305797
2,1,-1,0.5,0.5,0.55,0.3,-1,-1,0.23947,0.30169
2,1,-1,0.55,0.55,0.55,0.3,-1,-1,0.245885,0.297478
2,1,-1,0.6,0.6,0.55,0.3,-1,-1,0.25237,0.294319
2,1,-1,0.65,0.65,0.55,0.3,-1,-1,0.258855,0.292108
2,1,-1,0.7,0.7,0.55,0.3,-1,-1,0.263597,0.289581
2,1,-1,0.75,0.75,0.55,0.3,-1,-1,0.269733,0.288001
2,1,-1,0.8,0.8,0.55,0.3,-1,-1,0.274684,0.285474
2,1,-1,0.85,0.85,0.55,0.3,-1,-1,0.280123,0.284316
2,1,-1,0.9,0.9,0.55,0.3,-1,-1,0.286748,0.283579
2,1,-1,0.95,0.95,0.55,0.3,-1,-1,0.294906,0.283052
2,1,-1,1.0,1.0,0.55,0.3,-1,-1,0.314989,0.282947
2,1,-1,0.05,0.05,0.6,0.3,-1,-1,0.145064,0.447011
2,1,-1,0.1,0.1,0.6,0.3,-1,-1,0.169341,0.386693
2,1,-1,0.15,0.15,0.6,0.3,-1,-1,0.18861,0.352328
2,1,-1,0.2,0.2,0.6,0.3,-1,-1,0.202532,0.327216
2,1,-1,0.25,0.25,0.6,0.3,-1,-1,0.217557,0.307991
2,1,-1,0.3,0.3,0.6,0.3,-1,-1,0.229441,0.296937
2,1,-1,0.35,0.35,0.6,0.3,-1,-1,0.238693,0.285522
2,1,-1,0.4,0.4,0.6,0.3,-1,-1,0.249219,0.277472
2,1,-1,0.45,0.45,0.6,0.3,-1,-1,0.257453,0.269902
2,1,-1,0.5,0.5,0.6,0.3,-1,-1,0.266536,0.265215
2,1,-1,0.55,0.55,0.6,0.3,-1,-1,0.274345,0.26041
2,1,-1,0.6,0.6,0.6,0.3,-1,-1,0.28224,0.256805
2,1,-1,0.65,0.65,0.6,0.3,-1,-1,0.290134,0.254281
2,1,-1,0.7,0.7,0.6,0.3,-1,-1,0.295907,0.251398
2,1,-1,0.75,0.75,0.6,0.3,-1,-1,0.303377,0.249595
2,1,-1,0.8,0.8,0.6,0.3,-1,-1,0.309404,0.246712
2,1,-1,0.85,0.85,0.6,0.3,-1,-1,0.316025,0.24539
2,1,-1,0.9,0.9,0.6,0.3,-1,-1,0.324089,0.244549
2,1,-1,0.95,0.95,0.6,0.3,-1,-1,0.334021,0.243948
2,1,-1,1.0,1.0,0.6,0.3,-1,-1,0.358468,0.243828
2,1,-1,0.05,0.05,0.65,0.3,-1,-1,0.150142,0.433695
2,1,-1,0.1,0.1,0.65,0.3,-1,-1,0.178512,0.36628
2,1,-1,0.15,0.15,0.65,0.3,-1,-1,0.201028,0.327873
2,1,-1,0.2,0.2,0.65,0.3,-1,-1,0.217296,0.299806
2,1,-1,0.25,0.25,0.65,0.3,-1,-1,0.234853,0.278319
2,1,-1,0.3,0.3,0.65,0.3,-1,-1,0.248741,0.265965
2,1,-1,0.35,0.35,0.65,0.3,-1,-1,0.259553,0.253207
2,1,-1,0.4,0.4,0.65,0.3,-1,-1,0.271853,0.24421
2,1,-1,0.45,0.45,0.65,0.3,-1,-1,0.281474,0.235749
2,1,-1,0.5,0.5,0.65,0.3,-1,-1,0.292088,0.230512
2,1,-1,0.55,0.55,0.65,0.3,-1,-1,0.301214,0.22514
2,1,-1,0.6,0.6,0.65,0.3,-1,-1,0.310439,0.221112
2,1,-1,0.65,0.65,0.65,0.3,-1,-1,0.319663,0.218291
2,1,-1,0.7,0.7,0.65,0.3,-1,-1,0.326409,0.215068
2,1,-1,0.75,0.75,0.65,0.3,-1,-1,0.335138,0.213054
2,1,-1,0.8,0.8,0.65,0.3,-1,-1,0.34218,0.209831
2,1,-1,0.85,0.85,0.65,0.3,-1,-1,0.349917,0.208354
2,1,-1,0.9,0.9,0.65,0.3,-1,-1,0.359341,0.207414
2,1,-1,0.95,0.95,0.65,0.3,-1,-1,0.370947,0.206742
2,1,-1,1.0,1.0,0.65,0.3,-1,-1,0.399514,0.206608
2,1,-1,0.05,0.05,0.7,0.3,-1,-1,0.156387,0.421058
2,1,-1,0.1,0.1,0.7,0.3,-1,-1,0.189788,0.34691
2,1,-1,0.15,0.15,0.7,0.3,-1,-1,0.216298,0.304666
2,1,-1,0.2,0.2,0.7,0.3,-1,-1,0.235451,0.273796
2,1,-1,0.25,0.25,0.7,0.3,-1,-1,0.256122,0.250163
2,1,-1,0.3,0.3,0.7,0.3,-1,-1,0.272472,0.236574
2,1,-1,0.35,0.35,0.7,0.3,-1,-1,0.285201,0.222542
2,1,-1,0.4,0.4,0.7,0.3,-1,-1,0.299683,0.212646
2,1,-1,0.45,0.45,0.7,0.3,-1,-1,0.311011,0.20334
2,1,-1,0.5,0.5,0.7,0.3,-1,-1,0.323507,0.197579
2,1,-1,0.55,0.55,0.7,0.3,-1,-1,0.334251,0.191671
2,1,-1,0.6,0.6,0.7,0.3,-1,-1,0.345112,0.18724
2,1,-1,0.65,0.65,0.7,0.3,-1,-1,0.355973,0.184138
2,1,-1,0.7,0.7,0.7,0.3,-1,-1,0.363914,0.180593
2,1,-1,0.75,0.75,0.7,0.3,-1,-1,0.374192,0.178378
2,1,-1,0.8,0.8,0.7,0.3,-1,-1,0.382483,0.174833
2,1,-1,0.85,0.85,0.7,0.3,-1,-1,0.391592,0.173208
2,1,-1,0.9,0.9,0.7,0.3,-1,-1,0.402687,0.172174
2,1,-1,0.95,0.95,0.7,0.3,-1,-1,0.416351,0.171436
2,1,-1,1.0,1.0,0.7,0.3,-1,-1,0.449985,0.171288
2,1,-1,0.05,0.05,0.75,0.3,-1,-1,0.162143,0.410188
2,1,-1,0.1,0.1,0.75,0.3,-1,-1,0.200181,0.330247
2,1,-1,0.15,0.15,0.75,0.3,-1,-1,0.230372,0.284703
2,1,-1,0.2,0.2,0.75,0.3,-1,-1,0.252184,0.25142
2,1,-1,0.25,0.25,0.75,0.3,-1,-1,0.275725,0.225941
2,1,-1,0.3,0.3,0.75,0.3,-1,-1,0.294345,0.21129
2,1,-1,0.35,0.35,0.75,0.3,-1,-1,0.308841,0.196162
2,1,-1,0.4,0.4,0.75,0.3,-1,-1,0.325333,0.185493
2,1,-1,0.45,0.45,0.75,0.3,-1,-1,0.338234,0.17546
2,1,-1,0.5,0.5,0.75,0.3,-1,-1,0.352465,0.169249
2,1,-1,0.55,0.55,0.75,0.3,-1,-1,0.364701,0.16288
2,1,-1,0.6,0.6,0.75,0.3,-1,-1,0.37707,0.158103
2,1,-1,0.65,0.65,0.75,0.3,-1,-1,0.389439,0.154758
2,1,-1,0.7,0.7,0.75,0.3,-1,-1,0.398483,0.150936
2,1,-1,0.75,0.75,0.75,0.3,-1,-1,0.410187,0.148548
2,1,-1,0.8,0.8,0.75,0.3,-1,-1,0.41963,0.144726
2,1,-1,0.85,0.85,0.75,0.3,-1,-1,0.430003,0.142974
2,1,-1,0.9,0.9,0.75,0.3,-1,-1,0.442638,0.14186
2,1,-1,0.95,0.95,0.75,0.3,-1,-1,0.458199,0.141063
2,1,-1,1.0,1.0,0.75,0.3,-1,-1,0.496503,0.140904
2,1,-1,0.05,0.05,0.8,0.3,-1,-1,0.168351,0.399453
2,1,-1,0.1,0.1,0.8,0.3,-1,-1,0.21139,0.313792
2,1,-1,0.15,0.15,0.8,0.3,-1,-1,0.24555,0.264989
2,1,-1,0.2,0.2,0.8,0.3,-1,-1,0.27023,0.229325
2,1,-1,0.25,0.25,0.8,0.3,-1,-1,0.296866,0.202022
2,1,-1,0.3,0.3,0.8,0.3,-1,-1,0.317934,0.186323
2,1,-1,0.35,0.35,0.8,0.3,-1,-1,0.334336,0.170112
2,1,-1,0.4,0.4,0.8,0.3,-1,-1,0.352997,0.15868
2,1,-1,0.45,0.45,0.8,0.3,-1,-1,0.367593,0.147929
2,1,-1,0.5,0.5,0.8,0.3,-1,-1,0.383696,0.141274
2,1,-1,0.55,0.55,0.8,0.3,-1,-1,0.39754,0.134449
2,1,-1,0.6,0.6,0.8,0.3,-1,-1,0.411535,0.129329
2,1,-1,0.65,0.65,0.8,0.3,-1,-1,0.42553,0.125746
2,1,-1,0.7,0.7,0.8,0.3,-1,-1,0.435763,0.12165
2,1,-1,0.75,0.75,0.8,0.3,-1,-1,0.449006,0.119091
2,1,-1,0.8,0.8,0.8,0.3,-1,-1,0.459691,0.114995
2,1,-1,0.85,0.85,0.8,0.3,-1,-1,0.471428,0.113118
2,1,-1,0.9,0.9,0.8,0.3,-1,-1,0.485725,0.111924
2,1,-1,0.95,0.95,0.8,0.3,-1,-1,0.503331,0.111071
2,1,-1,1.0,1.0,0.8,0.3,-1,-1,0.546671,0.1109
2,1,-1,0.05,0.05,0.85,0.3,-1,-1,0.174521,0.389942
2,1,-1,0.1,0.1,0.85,0.3,-1,-1,0.222531,0.299211
2,1,-1,0.15,0.15,0.85,0.3,-1,-1,0.260636,0.24752
2,1,-1,0.2,0.2,0.85,0.3,-1,-1,0.288166,0.209746
2,1,-1,0.25,0.25,0.85,0.3,-1,-1,0.317878,0.180828
2,1,-1,0.3,0.3,0.85,0.3,-1,-1,0.341379,0.1642
2,1,-1,0.35,0.35,0.85,0.3,-1,-1,0.359676,0.14703
2,1,-1,0.4,0.4,0.85,0.3,-1,-1,0.380492,0.134921
2,1,-1,0.45,0.45,0.85,0.3,-1,-1,0.396774,0.123534
2,1,-1,0.5,0.5,0.85,0.3,-1,-1,0.414736,0.116485
2,1,-1,0.55,0.55,0.85,0.3,-1,-1,0.430179,0.109256
2,1,-1,0.6,0.6,0.85,0.3,-1,-1,0.445791,0.103834
2,1,-1,0.65,0.65,0.85,0.3,-1,-1,0.461402,0.100038
2,1,-1,0.7,0.7,0.85,0.3,-1,-1,0.472817,0.0957
2,1,-1,0.75,0.75,0.85,0.3,-1,-1,0.48759,0.092989
2,1,-1,0.8,0.8,0.85,0.3,-1,-1,0.499508,0.088652
2,1,-1,0.85,0.85,0.85,0.3,-1,-1,0.512601,0.086663
2,1,-1,0.9,0.9,0.85,0.3,-1,-1,0.528549,0.085399
2,1,-1,0.95,0.95,0.85,0.3,-1,-1,0.548189,0.084495
2,1,-1,1.0,1.0,0.85,0.3,-1,-1,0.596534,0.084314
2,1,-1,0.05,0.05,0.9,0.3,-1,-1,0.180465,0.381925
2,1,-1,0.1,0.1,0.9,0.3,-1,-1,0.233264,0.286923
2,1,-1,0.15,0.15,0.9,0.3,-1,-1,0.27517,0.232798
2,1,-1,0.2,0.2,0.9,0.3,-1,-1,0.305446,0.193245
2,1,-1,0.25,0.25,0.9,0.3,-1,-1,0.338122,0.162965
2,1,-1,0.3,0.3,0.9,0.3,-1,-1,0.363967,0.145554
2,1,-1,0.35,0.35,0.9,0.3,-1,-1,0.384089,0.127576
2,1,-1,0.4,0.4,0.9,0.3,-1,-1,0.406981,0.114897
2,1,-1,0.45,0.45,0.9,0.3,-1,-1,0.424888,0.102974
2,1,-1,0.5,0.5,0.9,0.3,-1,-1,0.444641,0.095593
2,1,-1,0.55,0.55,0.9,0.3,-1,-1,0.461625,0.088023
2,1,-1,0.6,0.6,0.9,0.3,-1,-1,0.478794,0.082346
2,1,-1,0.65,0.65,0.9,0.3,-1,-1,0.495962,0.078371
2,1,-1,0.7,0.7,0.9,0.3,-1,-1,0.508516,0.07383
2,1,-1,0.75,0.75,0.9,0.3,-1,-1,0.524762,0.070991
2,1,-1,0.8,0.8,0.9,0.3,-1,-1,0.537869,0.066449
2,1,-1,0.85,0.85,0.9,0.3,-1,-1,0.552268,0.064367
2,1,-1,0.9,0.9,0.9,0.3,-1,-1,0.569806,0.063043
2,1,-1,0.95,0.95,0.9,0.3,-1,-1,0.591406,0.062096
2,1,-1,1.0,1.0,0.9,0.3,-1,-1,0.644573,0.061907
2,1,-1,0.05,0.05,0.95,0.3,-1,-1,0.188478,0.374044
2,1,-1,0.1,0.1,0.95,0.3,-1,-1,0.247733,0.274842
2,1,-1,0.15,0.15,0.95,0.3,-1,-1,0.294763,0.218324
2,1,-1,0.2,0.2,0.95,0.3,-1,-1,0.328741,0.177023
2,1,-1,0.25,0.25,0.95,0.3,-1,-1,0.365412,0.145404
2,1,-1,0.3,0.3,0.95,0.3,-1,-1,0.394418,0.127223
2,1,-1,0.35,0.35,0.95,0.3,-1,-1,0.417,0.10845
2,1,-1,0.4,0.4,0.95,0.3,-1,-1,0.442691,0.09521
2,1,-1,0.45,0.45,0.95,0.3,-1,-1,0.462787,0.08276
2,1,-1,0.5,0.5,0.95,0.3,-1,-1,0.484956,0.075053
2,1,-1,0.55,0.55,0.95,0.3,-1,-1,0.504016,0.067149
2,1,-1,0.6,0.6,0.95,0.3,-1,-1,0.523285,0.06122
2,1,-1,0.65,0.65,0.95,0.3,-1,-1,0.542552,0.05707
2,1,-1,0.7,0.7,0.95,0.3,-1,-1,0.556641,0.052328
2,1,-1,0.75,0.75,0.95,0.3,-1,-1,0.574873,0.049363
2,1,-1,0.8,0.8,0.95,0.3,-1,-1,0.589583,0.044621
2,1,-1,0.85,0.85,0.95,0.3,-1,-1,0.605743,0.042447
2,1,-1,0.9,0.9,0.95,0.3,-1,-1,0.625425,0.041064
2,1,-1,0.95,0.95,0.95,0.3,-1,-1,0.649666,0.040076
2,1,-1,1.0,1.0,0.95,0.3,-1,-1,0.709334,0.039878
2,1,-1,0.05,0.05,1.0,0.3,-1,-1,0.224444,0.359777
2,1,-1,0.1,0.1,1.0,0.3,-1,-1,0.312674,0.252972
2,1,-1,0.15,0.15,1.0,0.3,-1,-1,0.382702,0.192122
2,1,-1,0.2,0.2,1.0,0.3,-1,-1,0.433295,0.147656
2,1,-1,0.25,0.25,1.0,0.3,-1,-1,0.487899,0.113614
2,1,-1,0.3,0.3,1.0,0.3,-1,-1,0.531088,0.09404
2,1,-1,0.35,0.35,1.0,0.3,-1,-1,0.564714,0.073828
2,1,-1,0.4,0.4,1.0,0.3,-1,-1,0.602968,0.059573
2,1,-1,0.45,0.45,1.0,0.3,-1,-1,0.632891,0.046169
2,1,-1,0.5,0.5,1.0,0.3,-1,-1,0.665901,0.037871
2,1,-1,0.55,0.55,1.0,0.3,-1,-1,0.694281,0.029361
2,1,-1,0.6,0.6,1.0,0.3,-1,-1,0.722972,0.022978
2,1,-1,0.65,0.65,1.0,0.3,-1,-1,0.751661,0.01851
2,1,-1,0.7,0.7,1.0,0.3,-1,-1,0.772639,0.013404
2,1,-1,0.75,0.75,1.0,0.3,-1,-1,0.799787,0.010212
2,1,-1,0.8,0.8,1.0,0.3,-1,-1,0.82169,0.005106
2,1,-1,0.85,0.85,1.0,0.3,-1,-1,0.845752,0.002766
2,1,-1,0.9,0.9,1.0,0.3,-1,-1,0.87506,0.001277
2,1,-1,0.95,0.95,1.0,0.3,-1,-1,0.911154,0.000213
2,1,-1,1.0,1.0,1.0,0.3,-1,-1,1.0,0.0
2,1,-1,0.05,0.05,0.35,0.35,-1,-1,0.142597,0.505127
2,1,-1,0.1,0.1,0.35,0.35,-1,-1,0.142597,0.505127
2,1,-1,0.15,0.15,0.35,0.35,-1,-1,0.142597,0.505127
2,1,-1,0.2,0.2,0.35,0.35,-1,-1,0.142597,0.505127
2,1,-1,0.25,0.25,0.35,0.35,-1,-1,0.142597,0.505127
2,1,-1,0.3,0.3,0.35,0.35,-1,-1,0.142597,0.505127
2,1,-1,0.35,0.35,0.35,0.35,-1,-1,0.142597,0.505127
2,1,-1,0.4,0.4,0.35,0.35,-1,-1,0.142597,0.505127
2,1,-1,0.45,0.45,0.35,0.35,-1,-1,0.142597,0.505127
2,1,-1,0.5,0.5,0.35,0.35,-1,-1,0.142597,0.505127
2,1,-1,0.55,0.55,0.35,0.35,-1,-1,0.142597,0.505127
2,1,-1,0.6,0.6,0.35,0.35,-1,-1,0.142597,0.505127
2,1,-1,0.65,0.65,0.35,0.35,-1,-1,0.142597,0.505127
2,1,-1,0.7,0.7,0.35,0.35,-1,-1,0.142597,0.505127
2,1,-1,0.75,0.75,0.35,0.35,-1,-1,0.142597,0.505127
2,1,-1,0.8,0.8,0.35,0.35,-1,-1,0.142597,0.505127
2,1,-1,0.85,0.85,0.35,0.35,-1,-1,0.142597,0.505127
2,1,-1,0.9,0.9,0.35,0.35,-1,-1,0.142597,0.505127
2,1,-1,0.95,0.95,0.35,0.35,-1,-1,0.142597,0.505127
2,1,-1,1.0,1.0,0.35,0.35,-1,-1,0.142597,0.505127
2,1,-1,0.05,0.05,0.4,0.35,-1,-1,0.14681,0.482435
2,1,-1,0.1,0.1,0.4,0.35,-1,-1,0.150205,0.470343
2,1,-1,0.15,0.15,0.4,0.35,-1,-1,0.152899,0.463453
2,1,-1,0.2,0.2,0.4,0.35,-1,-1,0.154846,0.458419
2,1,-1,0.25,0.25,0.4,0.35,-1,-1,0.156947,0.454564
2,1,-1,0.3,0.3,0.4,0.35,-1,-1,0.158608,0.452348
2,1,-1,0.35,0.35,0.4,0.35,-1,-1,0.159902,0.45006
2,1,-1,0.4,0.4,0.4,0.35,-1,-1,0.161374,0.448446
2,1,-1,0.45,0.45,0.4,0.35,-1,-1,0.162525,0.446928
2,1,-1,0.5,0.5,0.4,0.35,-1,-1,0.163795,0.445989
2,1,-1,0.55,0.55,0.4,0.35,-1,-1,0.164887,0.445025
2,1,-1,0.6,0.6,0.4,0.35,-1,-1,0.165991,0.444303
2,1,-1,0.65,0.65,0.4,0.35,-1,-1,0.167094,0.443797
2,1,-1,0.7,0.7,0.4,0.35,-1,-1,0.167902,0.443219
2,1,-1,0.75,0.75,0.4,0.35,-1,-1,0.168946,0.442857
2,1,-1,0.8,0.8,0.4,0.35,-1,-1,0.169789,0.442279
2,1,-1,0.85,0.85,0.4,0.35,-1,-1,0.170715,0.442014
2,1,-1,0.9,0.9,0.4,0.35,-1,-1,0.171842,0.441846
2,1,-1,0.95,0.95,0.4,0.35,-1,-1,0.173231,0.441725
2,1,-1,1.0,1.0,0.4,0.35,-1,-1,0.176649,0.441701
2,1,-1,0.05,0.05,0.45,0.35,-1,-1,0.15219,0.460423
2,1,-1,0.1,0.1,0.45,0.35,-1,-1,0.159919,0.4366
2,1,-1,0.15,0.15,0.45,0.35,-1,-1,0.166054,0.423028
2,1,-1,0.2,0.2,0.45,0.35,-1,-1,0.170485,0.41311
2,1,-1,0.25,0.25,0.45,0.35,-1,-1,0.175269,0.405517
2,1,-1,0.3,0.3,0.45,0.35,-1,-1,0.179052,0.401151
2,1,-1,0.35,0.35,0.45,0.35,-1,-1,0.181998,0.396642
2,1,-1,0.4,0.4,0.45,0.35,-1,-1,0.185349,0.393463
2,1,-1,0.45,0.45,0.45,0.35,-1,-1,0.18797,0.390473
2,1,-1,0.5,0.5,0.45,0.35,-1,-1,0.190861,0.388622
2,1,-1,0.55,0.55,0.45,0.35,-1,-1,0.193347,0.386724
2,1,-1,0.6,0.6,0.45,0.35,-1,-1,0.195861,0.3853
2,1,-1,0.65,0.65,0.45,0.35,-1,-1,0.198374,0.384304
2,1,-1,0.7,0.7,0.45,0.35,-1,-1,0.200212,0.383165
2,1,-1,0.75,0.75,0.45,0.35,-1,-1,0.20259,0.382453
2,1,-1,0.8,0.8,0.45,0.35,-1,-1,0.204508,0.381314
2,1,-1,0.85,0.85,0.45,0.35,-1,-1,0.206616,0.380792
2,1,-1,0.9,0.9,0.45,0.35,-1,-1,0.209183,0.38046
2,1,-1,0.95,0.95,0.45,0.35,-1,-1,0.212345,0.380222
2,1,-1,1.0,1.0,0.45,0.35,-1,-1,0.220128,0.380175
2,1,-1,0.05,0.05,0.5,0.35,-1,-1,0.158398,0.440177
2,1,-1,0.1,0.1,0.5,0.35,-1,-1,0.171128,0.405565
2,1,-1,0.15,0.15,0.5,0.35,-1,-1,0.181231,0.385846
2,1,-1,0.2,0.2,0.5,0.35,-1,-1,0.188531,0.371435
2,1,-1,0.25,0.25,0.5,0.35,-1,-1,0.196409,0.360404
2,1,-1,0.3,0.3,0.5,0.35,-1,-1,0.20264,0.35406
2,1,-1,0.35,0.35,0.5,0.35,-1,-1,0.207492,0.34751
2,1,-1,0.4,0.4,0.5,0.35,-1,-1,0.213011,0.342891
2,1,-1,0.45,0.45,0.5,0.35,-1,-1,0.217329,0.338547
2,1,-1,0.5,0.5,0.5,0.35,-1,-1,0.222091,0.335858
2,1,-1,0.55,0.55,0.5,0.35,-1,-1,0.226186,0.3331
2,1,-1,0.6,0.6,0.5,0.35,-1,-1,0.230325,0.331031
2,1,-1,0.65,0.65,0.5,0.35,-1,-1,0.234465,0.329584
2,1,-1,0.7,0.7,0.5,0.35,-1,-1,0.237491,0.327929
2,1,-1,0.75,0.75,0.5,0.35,-1,-1,0.241408,0.326895
2,1,-1,0.8,0.8,0.5,0.35,-1,-1,0.244568,0.32524
2,1,-1,0.85,0.85,0.5,0.35,-1,-1,0.24804,0.324481
2,1,-1,0.9,0.9,0.5,0.35,-1,-1,0.252269,0.323999
2,1,-1,0.95,0.95,0.5,0.35,-1,-1,0.257476,0.323654
2,1,-1,1.0,1.0,0.5,0.35,-1,-1,0.270295,0.323585
2,1,-1,0.05,0.05,0.55,0.35,-1,-1,0.163928,0.425638
2,1,-1,0.1,0.1,0.55,0.35,-1,-1,0.181113,0.383278
2,1,-1,0.15,0.15,0.55,0.35,-1,-1,0.194753,0.359145
2,1,-1,0.2,0.2,0.55,0.35,-1,-1,0.204608,0.341509
2,1,-1,0.25,0.25,0.55,0.35,-1,-1,0.215243,0.328007
2,1,-1,0.3,0.3,0.55,0.35,-1,-1,0.223656,0.320244
2,1,-1,0.35,0.35,0.55,0.35,-1,-1,0.230205,0.312228
2,1,-1,0.4,0.4,0.55,0.35,-1,-1,0.237656,0.306574
2,1,-1,0.45,0.45,0.55,0.35,-1,-1,0.243484,0.301258
2,1,-1,0.5,0.5,0.55,0.35,-1,-1,0.249914,0.297967
2,1,-1,0.55,0.55,0.55,0.35,-1,-1,0.255442,0.294592
2,1,-1,0.6,0.6,0.55,0.35,-1,-1,0.26103,0.29206
2,1,-1,0.65,0.65,0.55,0.35,-1,-1,0.266618,0.290288
2,1,-1,0.7,0.7,0.55,0.35,-1,-1,0.270704,0.288263
2,1,-1,0.75,0.75,0.55,0.35,-1,-1,0.275992,0.286997
2,1,-1,0.8,0.8,0.55,0.35,-1,-1,0.280258,0.284972
2,1,-1,0.85,0.85,0.55,0.35,-1,-1,0.284945,0.284044
2,1,-1,0.9,0.9,0.55,0.35,-1,-1,0.290653,0.283453
2,1,-1,0.95,0.95,0.55,0.35,-1,-1,0.297684,0.283031
2,1,-1,1.0,1.0,0.55,0.35,-1,-1,0.314989,0.282947
2,1,-1,0.05,0.05,0.6,0.35,-1,-1,0.169308,0.411643
2,1,-1,0.1,0.1,0.6,0.35,-1,-1,0.190828,0.361824
2,1,-1,0.15,0.15,0.6,0.35,-1,-1,0.207907,0.333442
2,1,-1,0.2,0.2,0.6,0.35,-1,-1,0.220247,0.312701
2,1,-1,0.25,0.25,0.6,0.35,-1,-1,0.233565,0.296822
2,1,-1,0.3,0.3,0.6,0.35,-1,-1,0.244099,0.287692
2,1,-1,0.35,0.35,0.6,0.35,-1,-1,0.252301,0.278264
2,1,-1,0.4,0.4,0.6,0.35,-1,-1,0.261631,0.271615
2,1,-1,0.45,0.45,0.6,0.35,-1,-1,0.268929,0.265363
2,1,-1,0.5,0.5,0.6,0.35,-1,-1,0.27698,0.261493
2,1,-1,0.55,0.55,0.6,0.35,-1,-1,0.283902,0.257523
2,1,-1,0.6,0.6,0.6,0.35,-1,-1,0.2909,0.254546
2,1,-1,0.65,0.65,0.6,0.35,-1,-1,0.297898,0.252462
2,1,-1,0.7,0.7,0.6,0.35,-1,-1,0.303014,0.25008
2,1,-1,0.75,0.75,0.6,0.35,-1,-1,0.309636,0.248591
2,1,-1,0.8,0.8,0.6,0.35,-1,-1,0.314978,0.24621
2,1,-1,0.85,0.85,0.6,0.35,-1,-1,0.320847,0.245118
2,1,-1,0.9,0.9,0.6,0.35,-1,-1,0.327995,0.244424
2,1,-1,0.95,0.95,0.6,0.35,-1,-1,0.336798,0.243927
2,1,-1,1.0,1.0,0.6,0.35,-1,-1,0.358468,0.243828
2,1,-1,0.05,0.05,0.65,0.35,-1,-1,0.174387,0.398327
2,1,-1,0.1,0.1,0.65,0.35,-1,-1,0.199998,0.341412
2,1,-1,0.15,0.15,0.65,0.35,-1,-1,0.220326,0.308987
2,1,-1,0.2,0.2,0.65,0.35,-1,-1,0.235012,0.285291
2,1,-1,0.25,0.25,0.65,0.35,-1,-1,0.250862,0.267151
2,1,-1,0.3,0.3,0.65,0.35,-1,-1,0.263399,0.25672
2,1,-1,0.35,0.35,0.65,0.35,-1,-1,0.27316,0.24595
2,1,-1,0.4,0.4,0.65,0.35,-1,-1,0.284264,0.238353
2,1,-1,0.45,0.45,0.65,0.35,-1,-1,0.29295,0.23121
2,1,-1,0.5,0.5,0.65,0.35,-1,-1,0.302532,0.226789
2,1,-1,0.55,0.55,0.65,0.35,-1,-1,0.310771,0.222254
2,1,-1,0.6,0.6,0.65,0.35,-1,-1,0.319099,0.218853
2,1,-1,0.65,0.65,0.65,0.35,-1,-1,0.327427,0.216472
2,1,-1,0.7,0.7,0.65,0.35,-1,-1,0.333516,0.213751
2,1,-1,0.75,0.75,0.65,0.35,-1,-1,0.341397,0.21205
2,1,-1,0.8,0.8,0.65,0.35,-1,-1,0.347754,0.209329
2,1,-1,0.85,0.85,0.65,0.35,-1,-1,0.354739,0.208082
2,1,-1,0.9,0.9,0.65,0.35,-1,-1,0.363247,0.207288
2,1,-1,0.95,0.95,0.65,0.35,-1,-1,0.373724,0.206721
2,1,-1,1.0,1.0,0.65,0.35,-1,-1,0.399514,0.206608
2,1,-1,0.05,0.05,0.7,0.35,-1,-1,0.180632,0.38569
2,1,-1,0.1,0.1,0.7,0.35,-1,-1,0.211275,0.322042
2,1,-1,0.15,0.15,0.7,0.35,-1,-1,0.235595,0.28578
2,1,-1,0.2,0.2,0.7,0.35,-1,-1,0.253167,0.259281
2,1,-1,0.25,0.25,0.7,0.35,-1,-1,0.272131,0.238994
2,1,-1,0.3,0.3,0.7,0.35,-1,-1,0.287131,0.227329
2,1,-1,0.35,0.35,0.7,0.35,-1,-1,0.298809,0.215284
2,1,-1,0.4,0.4,0.7,0.35,-1,-1,0.312094,0.206789
2,1,-1,0.45,0.45,0.7,0.35,-1,-1,0.322487,0.198801
2,1,-1,0.5,0.5,0.7,0.35,-1,-1,0.333951,0.193857
2,1,-1,0.55,0.55,0.7,0.35,-1,-1,0.343808,0.188785
2,1,-1,0.6,0.6,0.7,0.35,-1,-1,0.353772,0.184981
2,1,-1,0.65,0.65,0.7,0.35,-1,-1,0.363736,0.182319
2,1,-1,0.7,0.7,0.7,0.35,-1,-1,0.371022,0.179276
2,1,-1,0.75,0.75,0.7,0.35,-1,-1,0.38045,0.177374
2,1,-1,0.8,0.8,0.7,0.35,-1,-1,0.388057,0.174331
2,1,-1,0.85,0.85,0.7,0.35,-1,-1,0.396414,0.172936
2,1,-1,0.9,0.9,0.7,0.35,-1,-1,0.406593,0.172049
2,1,-1,0.95,0.95,0.7,0.35,-1,-1,0.419128,0.171415
2,1,-1,1.0,1.0,0.7,0.35,-1,-1,0.449985,0.171288
2,1,-1,0.05,0.05,0.75,0.35,-1,-1,0.186388,0.37482
2,1,-1,0.1,0.1,0.75,0.35,-1,-1,0.221668,0.305378
2,1,-1,0.15,0.15,0.75,0.35,-1,-1,0.249669,0.265816
2,1,-1,0.2,0.2,0.75,0.35,-1,-1,0.269899,0.236905
2,1,-1,0.25,0.25,0.75,0.35,-1,-1,0.291733,0.214772
2,1,-1,0.3,0.3,0.75,0.35,-1,-1,0.309003,0.202046
2,1,-1,0.35,0.35,0.75,0.35,-1,-1,0.322449,0.188905
2,1,-1,0.4,0.4,0.75,0.35,-1,-1,0.337745,0.179637
2,1,-1,0.45,0.45,0.75,0.35,-1,-1,0.34971,0.170921
2,1,-1,0.5,0.5,0.75,0.35,-1,-1,0.36291,0.165527
2,1,-1,0.55,0.55,0.75,0.35,-1,-1,0.374258,0.159994
2,1,-1,0.6,0.6,0.75,0.35,-1,-1,0.38573,0.155844
2,1,-1,0.65,0.65,0.75,0.35,-1,-1,0.397202,0.152939
2,1,-1,0.7,0.7,0.75,0.35,-1,-1,0.40559,0.149619
2,1,-1,0.75,0.75,0.75,0.35,-1,-1,0.416446,0.147544
2,1,-1,0.8,0.8,0.75,0.35,-1,-1,0.425204,0.144224
2,1,-1,0.85,0.85,0.75,0.35,-1,-1,0.434825,0.142702
2,1,-1,0.9,0.9,0.75,0.35,-1,-1,0.446544,0.141734
2,1,-1,0.95,0.95,0.75,0.35,-1,-1,0.460977,0.141042
2,1,-1,1.0,1.0,0.75,0.35,-1,-1,0.496503,0.140904
2,1,-1,0.05,0.05,0.8,0.35,-1,-1,0.192596,0.364086
2,1,-1,0.1,0.1,0.8,0.35,-1,-1,0.232876,0.288923
2,1,-1,0.15,0.15,0.8,0.35,-1,-1,0.264847,0.246102
2,1,-1,0.2,0.2,0.8,0.35,-1,-1,0.287945,0.21481
2,1,-1,0.25,0.25,0.8,0.35,-1,-1,0.312874,0.190853
2,1,-1,0.3,0.3,0.8,0.35,-1,-1,0.332592,0.177078
2,1,-1,0.35,0.35,0.8,0.35,-1,-1,0.347944,0.162855
2,1,-1,0.4,0.4,0.8,0.35,-1,-1,0.365408,0.152823
2,1,-1,0.45,0.45,0.8,0.35,-1,-1,0.37907,0.14339
2,1,-1,0.5,0.5,0.8,0.35,-1,-1,0.39414,0.137551
2,1,-1,0.55,0.55,0.8,0.35,-1,-1,0.407097,0.131562
2,1,-1,0.6,0.6,0.8,0.35,-1,-1,0.420195,0.12707
2,1,-1,0.65,0.65,0.8,0.35,-1,-1,0.433293,0.123926
2,1,-1,0.7,0.7,0.8,0.35,-1,-1,0.442871,0.120333
2,1,-1,0.75,0.75,0.8,0.35,-1,-1,0.455265,0.118087
2,1,-1,0.8,0.8,0.8,0.35,-1,-1,0.465265,0.114493
2,1,-1,0.85,0.85,0.8,0.35,-1,-1,0.47625,0.112846
2,1,-1,0.9,0.9,0.8,0.35,-1,-1,0.48963,0.111798
2,1,-1,0.95,0.95,0.8,0.35,-1,-1,0.506109,0.11105
2,1,-1,1.0,1.0,0.8,0.35,-1,-1,0.546671,0.1109
2,1,-1,0.05,0.05,0.85,0.35,-1,-1,0.198765,0.354574
2,1,-1,0.1,0.1,0.85,0.35,-1,-1,0.244017,0.274343
2,1,-1,0.15,0.15,0.85,0.35,-1,-1,0.279933,0.228634
2,1,-1,0.2,0.2,0.85,0.35,-1,-1,0.305881,0.195231
2,1,-1,0.25,0.25,0.85,0.35,-1,-1,0.333887,0.169659
2,1,-1,0.3,0.3,0.85,0.35,-1,-1,0.356038,0.154955
2,1,-1,0.35,0.35,0.85,0.35,-1,-1,0.373284,0.139773
2,1,-1,0.4,0.4,0.85,0.35,-1,-1,0.392903,0.129065
2,1,-1,0.45,0.45,0.85,0.35,-1,-1,0.40825,0.118995
2,1,-1,0.5,0.5,0.85,0.35,-1,-1,0.42518,0.112762
2,1,-1,0.55,0.55,0.85,0.35,-1,-1,0.439736,0.10637
2,1,-1,0.6,0.6,0.85,0.35,-1,-1,0.454451,0.101575
2,1,-1,0.65,0.65,0.85,0.35,-1,-1,0.469166,0.098219
2,1,-1,0.7,0.7,0.85,0.35,-1,-1,0.479925,0.094383
2,1,-1,0.75,0.75,0.85,0.35,-1,-1,0.493848,0.091985
2,1,-1,0.8,0.8,0.85,0.35,-1,-1,0.505082,0.08815
2,1,-1,0.85,0.85,0.85,0.35,-1,-1,0.517423,0.086392
2,1,-1,0.9,0.9,0.85,0.35,-1,-1,0.532454,0.085273
2,1,-1,0.95,0.95,0.85,0.35,-1,-1,0.550966,0.084474
2,1,-1,1.0,1.0,0.85,0.35,-1,-1,0.596534,0.084314
2,1,-1,0.05,0.05,0.9,0.35,-1,-1,0.20471,0.346558
2,1,-1,0.1,0.1,0.9,0.35,-1,-1,0.25475,0.262055
2,1,-1,0.15,0.15,0.9,0.35,-1,-1,0.294467,0.213912
2,1,-1,0.2,0.2,0.9,0.35,-1,-1,0.323161,0.17873
2,1,-1,0.25,0.25,0.9,0.35,-1,-1,0.35413,0.151796
2,1,-1,0.3,0.3,0.9,0.35,-1,-1,0.378626,0.13631
2,1,-1,0.35,0.35,0.9,0.35,-1,-1,0.397697,0.120319
2,1,-1,0.4,0.4,0.9,0.35,-1,-1,0.419393,0.10904
2,1,-1,0.45,0.45,0.9,0.35,-1,-1,0.436364,0.098435
2,1,-1,0.5,0.5,0.9,0.35,-1,-1,0.455086,0.09187
2,1,-1,0.55,0.55,0.9,0.35,-1,-1,0.471182,0.085137
2,1,-1,0.6,0.6,0.9,0.35,-1,-1,0.487454,0.080087
2,1,-1,0.65,0.65,0.9,0.35,-1,-1,0.503726,0.076552
2,1,-1,0.7,0.7,0.9,0.35,-1,-1,0.515623,0.072512
2,1,-1,0.75,0.75,0.9,0.35,-1,-1,0.531021,0.069987
2,1,-1,0.8,0.8,0.9,0.35,-1,-1,0.543443,0.065947
2,1,-1,0.85,0.85,0.9,0.35,-1,-1,0.55709,0.064095
2,1,-1,0.9,0.9,0.9,0.35,-1,-1,0.573712,0.062917
2,1,-1,0.95,0.95,0.9,0.35,-1,-1,0.594183,0.062075
2,1,-1,1.0,1.0,0.9,0.35,-1,-1,0.644573,0.061907
2,1,-1,0.05,0.05,0.95,0.35,-1,-1,0.212723,0.338676
2,1,-1,0.1,0.1,0.95,0.35,-1,-1,0.269219,0.249973
2,1,-1,0.15,0.15,0.95,0.35,-1,-1,0.31406,0.199437
2,1,-1,0.2,0.2,0.95,0.35,-1,-1,0.346456,0.162507
2,1,-1,0.25,0.25,0.95,0.35,-1,-1,0.381421,0.134235
2,1,-1,0.3,0.3,0.95,0.35,-1,-1,0.409076,0.117979
2,1,-1,0.35,0.35,0.95,0.35,-1,-1,0.430608,0.101193
2,1,-1,0.4,0.4,0.95,0.35,-1,-1,0.455103,0.089354
2,1,-1,0.45,0.45,0.95,0.35,-1,-1,0.474263,0.078221
2,1,-1,0.5,0.5,0.95,0.35,-1,-1,0.4954,0.07133
2,1,-1,0.55,0.55,0.95,0.35,-1,-1,0.513573,0.064263
2,1,-1,0.6,0.6,0.95,0.35,-1,-1,0.531945,0.058962
2,1,-1,0.65,0.65,0.95,0.35,-1,-1,0.550316,0.055251
2,1,-1,0.7,0.7,0.95,0.35,-1,-1,0.563748,0.05101
2,1,-1,0.75,0.75,0.95,0.35,-1,-1,0.581132,0.048359
2,1,-1,0.8,0.8,0.95,0.35,-1,-1,0.595157,0.044119
2,1,-1,0.85,0.85,0.95,0.35,-1,-1,0.610565,0.042175
2,1,-1,0.9,0.9,0.95,0.35,-1,-1,0.629331,0.040938
2,1,-1,0.95,0.95,0.95,0.35,-1,-1,0.652443,0.040055
2,1,-1,1.0,1.0,0.95,0.35,-1,-1,0.709334,0.039878
2,1,-1,0.05,0.05,1.0,0.35,-1,-1,0.248689,0.324409
2,1,-1,0.1,0.1,1.0,0.35,-1,-1,0.334161,0.228103
2,1,-1,0.15,0.15,1.0,0.35,-1,-1,0.401999,0.173236
2,1,-1,0.2,0.2,1.0,0.35,-1,-1,0.451011,0.13314
2,1,-1,0.25,0.25,1.0,0.35,-1,-1,0.503907,0.102445
2,1,-1,0.3,0.3,1.0,0.35,-1,-1,0.545747,0.084795
2,1,-1,0.35,0.35,1.0,0.35,-1,-1,0.578321,0.06657
2,1,-1,0.4,0.4,1.0,0.35,-1,-1,0.615379,0.053717
2,1,-1,0.45,0.45,1.0,0.35,-1,-1,0.644367,0.04163
2,1,-1,0.5,0.5,1.0,0.35,-1,-1,0.676345,0.034148
2,1,-1,0.55,0.55,1.0,0.35,-1,-1,0.703838,0.026475
2,1,-1,0.6,0.6,1.0,0.35,-1,-1,0.731632,0.020719
2,1,-1,0.65,0.65,1.0,0.35,-1,-1,0.759425,0.01669
2,1,-1,0.7,0.7,1.0,0.35,-1,-1,0.779747,0.012086
2,1,-1,0.75,0.75,1.0,0.35,-1,-1,0.806046,0.009208
2,1,-1,0.8,0.8,1.0,0.35,-1,-1,0.827264,0.004604
2,1,-1,0.85,0.85,1.0,0.35,-1,-1,0.850574,0.002494
2,1,-1,0.9,0.9,1.0,0.35,-1,-1,0.878966,0.001151
2,1,-1,0.95,0.95,1.0,0.35,-1,-1,0.913931,0.000192
2,1,-1,1.0,1.0,1.0,0.35,-1,-1,1.0,0.0
2,1,-1,0.05,0.05,0.4,0.4,-1,-1,0.176649,0.441701
2,1,-1,0.1,0.1,0.4,0.4,-1,-1,0.176649,0.441701
2,1,-1,0.15,0.15,0.4,0.4,-1,-1,0.176649,0.441701
2,1,-1,0.2,0.2,0.4,0.4,-1,-1,0.176649,0.441701
2,1,-1,0.25,0.25,0.4,0.4,-1,-1,0.176649,0.441701
2,1,-1,0.3,0.3,0.4,0.4,-1,-1,0.176649,0.441701
2,1,-1,0.35,0.35,0.4,0.4,-1,-1,0.176649,0.441701
2,1,-1,0.4,0.4,0.4,0.4,-1,-1,0.176649,0.441701
2,1,-1,0.45,0.45,0.4,0.4,-1,-1,0.176649,0.441701
2,1,-1,0.5,0.5,0.4,0.4,-1,-1,0.176649,0.441701
2,1,-1,0.55,0.55,0.4,0.4,-1,-1,0.176649,0.441701
2,1,-1,0.6,0.6,0.4,0.4,-1,-1,0.176649,0.441701
2,1,-1,0.65,0.65,0.4,0.4,-1,-1,0.176649,0.441701
2,1,-1,0.7,0.7,0.4,0.4,-1,-1,0.176649,0.441701
2,1,-1,0.75,0.75,0.4,0.4,-1,-1,0.176649,0.441701
2,1,-1,0.8,0.8,0.4,0.4,-1,-1,0.176649,0.441701
2,1,-1,0.85,0.85,0.4,0.4,-1,-1,0.176649,0.441701
2,1,-1,0.9,0.9,0.4,0.4,-1,-1,0.176649,0.441701
2,1,-1,0.95,0.95,0.4,0.4,-1,-1,0.176649,0.441701
2,1,-1,1.0,1.0,0.4,0.4,-1,-1,0.176649,0.441701
2,1,-1,0.05,0.05,0.45,0.4,-1,-1,0.182029,0.419689
2,1,-1,0.1,0.1,0.45,0.4,-1,-1,0.186363,0.407959
2,1,-1,0.15,0.15,0.45,0.4,-1,-1,0.189803,0.401276
2,1,-1,0.2,0.2,0.45,0.4,-1,-1,0.192289,0.396392
2,1,-1,0.25,0.25,0.45,0.4,-1,-1,0.194971,0.392653
2,1,-1,0.3,0.3,0.45,0.4,-1,-1,0.197093,0.390503
2,1,-1,0.35,0.35,0.45,0.4,-1,-1,0.198745,0.388283
2,1,-1,0.4,0.4,0.45,0.4,-1,-1,0.200624,0.386718
2,1,-1,0.45,0.45,0.45,0.4,-1,-1,0.202094,0.385246
2,1,-1,0.5,0.5,0.45,0.4,-1,-1,0.203715,0.384334
2,1,-1,0.55,0.55,0.45,0.4,-1,-1,0.20511,0.3834
2,1,-1,0.6,0.6,0.45,0.4,-1,-1,0.206519,0.382699
2,1,-1,0.65,0.65,0.45,0.4,-1,-1,0.207928,0.382208
2,1,-1,0.7,0.7,0.45,0.4,-1,-1,0.208959,0.381647
2,1,-1,0.75,0.75,0.45,0.4,-1,-1,0.210293,0.381297
2,1,-1,0.8,0.8,0.45,0.4,-1,-1,0.211369,0.380736
2,1,-1,0.85,0.85,0.45,0.4,-1,-1,0.212551,0.380479
2,1,-1,0.9,0.9,0.45,0.4,-1,-1,0.21399,0.380315
2,1,-1,0.95,0.95,0.45,0.4,-1,-1,0.215763,0.380198
2,1,-1,1.0,1.0,0.45,0.4,-1,-1,0.220128,0.380175
2,1,-1,0.05,0.05,0.5,0.4,-1,-1,0.188236,0.399443
2,1,-1,0.1,0.1,0.5,0.4,-1,-1,0.197572,0.376923
2,1,-1,0.15,0.15,0.5,0.4,-1,-1,0.204981,0.364093
2,1,-1,0.2,0.2,0.5,0.4,-1,-1,0.210334,0.354718
2,1,-1,0.25,0.25,0.5,0.4,-1,-1,0.216112,0.34754
2,1,-1,0.3,0.3,0.5,0.4,-1,-1,0.220681,0.343413
2,1,-1,0.35,0.35,0.5,0.4,-1,-1,0.224239,0.339151
2,1,-1,0.4,0.4,0.5,0.4,-1,-1,0.228287,0.336146
2,1,-1,0.45,0.45,0.5,0.4,-1,-1,0.231453,0.33332
2,1,-1,0.5,0.5,0.5,0.4,-1,-1,0.234945,0.33157
2,1,-1,0.55,0.55,0.5,0.4,-1,-1,0.237948,0.329776
2,1,-1,0.6,0.6,0.5,0.4,-1,-1,0.240984,0.32843
2,1,-1,0.65,0.65,0.5,0.4,-1,-1,0.244019,0.327488
2,1,-1,0.7,0.7,0.5,0.4,-1,-1,0.246239,0.326411
2,1,-1,0.75,0.75,0.5,0.4,-1,-1,0.249111,0.325738
2,1,-1,0.8,0.8,0.5,0.4,-1,-1,0.251429,0.324662
2,1,-1,0.85,0.85,0.5,0.4,-1,-1,0.253975,0.324168
2,1,-1,0.9,0.9,0.5,0.4,-1,-1,0.257076,0.323854
2,1,-1,0.95,0.95,0.5,0.4,-1,-1,0.260895,0.32363
2,1,-1,1.0,1.0,0.5,0.4,-1,-1,0.270295,0.323585
2,1,-1,0.05,0.05,0.55,0.4,-1,-1,0.193767,0.384904
2,1,-1,0.1,0.1,0.55,0.4,-1,-1,0.207557,0.354636
2,1,-1,0.15,0.15,0.55,0.4,-1,-1,0.218503,0.337392
2,1,-1,0.2,0.2,0.55,0.4,-1,-1,0.226411,0.324791
2,1,-1,0.25,0.25,0.55,0.4,-1,-1,0.234946,0.315144
2,1,-1,0.3,0.3,0.55,0.4,-1,-1,0.241696,0.309597
2,1,-1,0.35,0.35,0.55,0.4,-1,-1,0.246952,0.303869
2,1,-1,0.4,0.4,0.55,0.4,-1,-1,0.252931,0.299829
2,1,-1,0.45,0.45,0.55,0.4,-1,-1,0.257608,0.296031
2,1,-1,0.5,0.5,0.55,0.4,-1,-1,0.262768,0.293679
2,1,-1,0.55,0.55,0.55,0.4,-1,-1,0.267204,0.291268
2,1,-1,0.6,0.6,0.55,0.4,-1,-1,0.271688,0.289459
2,1,-1,0.65,0.65,0.55,0.4,-1,-1,0.276173,0.288193
2,1,-1,0.7,0.7,0.55,0.4,-1,-1,0.279452,0.286746
2,1,-1,0.75,0.75,0.55,0.4,-1,-1,0.283695,0.285841
2,1,-1,0.8,0.8,0.55,0.4,-1,-1,0.287118,0.284394
2,1,-1,0.85,0.85,0.55,0.4,-1,-1,0.29088,0.283731
2,1,-1,0.9,0.9,0.55,0.4,-1,-1,0.29546,0.283309
2,1,-1,0.95,0.95,0.55,0.4,-1,-1,0.301102,0.283007
2,1,-1,1.0,1.0,0.55,0.4,-1,-1,0.314989,0.282947
2,1,-1,0.05,0.05,0.6,0.4,-1,-1,0.199147,0.370909
2,1,-1,0.1,0.1,0.6,0.4,-1,-1,0.217272,0.333183
2,1,-1,0.15,0.15,0.6,0.4,-1,-1,0.231657,0.31169
2,1,-1,0.2,0.2,0.6,0.4,-1,-1,0.242051,0.295983
2,1,-1,0.25,0.25,0.6,0.4,-1,-1,0.253268,0.283959
2,1,-1,0.3,0.3,0.6,0.4,-1,-1,0.26214,0.277045
2,1,-1,0.35,0.35,0.6,0.4,-1,-1,0.269048,0.269905
2,1,-1,0.4,0.4,0.6,0.4,-1,-1,0.276906,0.26487
2,1,-1,0.45,0.45,0.6,0.4,-1,-1,0.283053,0.260136
2,1,-1,0.5,0.5,0.6,0.4,-1,-1,0.289834,0.257205
2,1,-1,0.55,0.55,0.6,0.4,-1,-1,0.295665,0.254199
2,1,-1,0.6,0.6,0.6,0.4,-1,-1,0.301558,0.251944
2,1,-1,0.65,0.65,0.6,0.4,-1,-1,0.307452,0.250366
2,1,-1,0.7,0.7,0.6,0.4,-1,-1,0.311762,0.248563
2,1,-1,0.75,0.75,0.6,0.4,-1,-1,0.317339,0.247435
2,1,-1,0.8,0.8,0.6,0.4,-1,-1,0.321838,0.245632
2,1,-1,0.85,0.85,0.6,0.4,-1,-1,0.326781,0.244805
2,1,-1,0.9,0.9,0.6,0.4,-1,-1,0.332802,0.244279
2,1,-1,0.95,0.95,0.6,0.4,-1,-1,0.340216,0.243903
2,1,-1,1.0,1.0,0.6,0.4,-1,-1,0.358468,0.243828
2,1,-1,0.05,0.05,0.65,0.4,-1,-1,0.204225,0.357592
2,1,-1,0.1,0.1,0.65,0.4,-1,-1,0.226442,0.31277
2,1,-1,0.15,0.15,0.65,0.4,-1,-1,0.244075,0.287234
2,1,-1,0.2,0.2,0.65,0.4,-1,-1,0.256815,0.268573
2,1,-1,0.25,0.25,0.65,0.4,-1,-1,0.270565,0.254287
2,1,-1,0.3,0.3,0.65,0.4,-1,-1,0.28144,0.246073
2,1,-1,0.35,0.35,0.65,0.4,-1,-1,0.289907,0.237591
2,1,-1,0.4,0.4,0.65,0.4,-1,-1,0.299539,0.231608
2,1,-1,0.45,0.45,0.65,0.4,-1,-1,0.307074,0.225983
2,1,-1,0.5,0.5,0.65,0.4,-1,-1,0.315386,0.222501
2,1,-1,0.55,0.55,0.65,0.4,-1,-1,0.322533,0.21893
2,1,-1,0.6,0.6,0.65,0.4,-1,-1,0.329757,0.216251
2,1,-1,0.65,0.65,0.65,0.4,-1,-1,0.336981,0.214376
2,1,-1,0.7,0.7,0.65,0.4,-1,-1,0.342264,0.212233
2,1,-1,0.75,0.75,0.65,0.4,-1,-1,0.349099,0.210894
2,1,-1,0.8,0.8,0.65,0.4,-1,-1,0.354615,0.208751
2,1,-1,0.85,0.85,0.65,0.4,-1,-1,0.360674,0.207769
2,1,-1,0.9,0.9,0.65,0.4,-1,-1,0.368053,0.207144
2,1,-1,0.95,0.95,0.65,0.4,-1,-1,0.377142,0.206697
2,1,-1,1.0,1.0,0.65,0.4,-1,-1,0.399514,0.206608
2,1,-1,0.05,0.05,0.7,0.4,-1,-1,0.210471,0.344956
2,1,-1,0.1,0.1,0.7,0.4,-1,-1,0.237719,0.2934
2,1,-1,0.15,0.15,0.7,0.4,-1,-1,0.259345,0.264027
2,1,-1,0.2,0.2,0.7,0.4,-1,-1,0.27497,0.242563
2,1,-1,0.25,0.25,0.7,0.4,-1,-1,0.291833,0.22613
2,1,-1,0.3,0.3,0.7,0.4,-1,-1,0.305171,0.216682
2,1,-1,0.35,0.35,0.7,0.4,-1,-1,0.315556,0.206925
2,1,-1,0.4,0.4,0.7,0.4,-1,-1,0.32737,0.200045
2,1,-1,0.45,0.45,0.7,0.4,-1,-1,0.336611,0.193574
2,1,-1,0.5,0.5,0.7,0.4,-1,-1,0.346805,0.189569
2,1,-1,0.55,0.55,0.7,0.4,-1,-1,0.35557,0.185461
2,1,-1,0.6,0.6,0.7,0.4,-1,-1,0.364431,0.18238
2,1,-1,0.65,0.65,0.7,0.4,-1,-1,0.373291,0.180223
2,1,-1,0.7,0.7,0.7,0.4,-1,-1,0.379769,0.177758
2,1,-1,0.75,0.75,0.7,0.4,-1,-1,0.388153,0.176218
2,1,-1,0.8,0.8,0.7,0.4,-1,-1,0.394918,0.173753
2,1,-1,0.85,0.85,0.7,0.4,-1,-1,0.402349,0.172623
2,1,-1,0.9,0.9,0.7,0.4,-1,-1,0.4114,0.171904
2,1,-1,0.95,0.95,0.7,0.4,-1,-1,0.422547,0.171391
2,1,-1,1.0,1.0,0.7,0.4,-1,-1,0.449985,0.171288
2,1,-1,0.05,0.05,0.75,0.4,-1,-1,0.216226,0.334086
2,1,-1,0.1,0.1,0.75,0.4,-1,-1,0.248112,0.276737
2,1,-1,0.15,0.15,0.75,0.4,-1,-1,0.273419,0.244064
2,1,-1,0.2,0.2,0.75,0.4,-1,-1,0.291703,0.220187
2,1,-1,0.25,0.25,0.75,0.4,-1,-1,0.311436,0.201909
2,1,-1,0.3,0.3,0.75,0.4,-1,-1,0.327044,0.191398
2,1,-1,0.35,0.35,0.75,0.4,-1,-1,0.339196,0.180546
2,1,-1,0.4,0.4,0.75,0.4,-1,-1,0.35302,0.172892
2,1,-1,0.45,0.45,0.75,0.4,-1,-1,0.363834,0.165694
2,1,-1,0.5,0.5,0.75,0.4,-1,-1,0.375764,0.161239
2,1,-1,0.55,0.55,0.75,0.4,-1,-1,0.38602,0.156669
2,1,-1,0.6,0.6,0.75,0.4,-1,-1,0.396388,0.153242
2,1,-1,0.65,0.65,0.75,0.4,-1,-1,0.406756,0.150843
2,1,-1,0.7,0.7,0.75,0.4,-1,-1,0.414338,0.148101
2,1,-1,0.75,0.75,0.75,0.4,-1,-1,0.424149,0.146388
2,1,-1,0.8,0.8,0.75,0.4,-1,-1,0.432064,0.143646
2,1,-1,0.85,0.85,0.75,0.4,-1,-1,0.44076,0.142389
2,1,-1,0.9,0.9,0.75,0.4,-1,-1,0.451351,0.14159
2,1,-1,0.95,0.95,0.75,0.4,-1,-1,0.464395,0.141018
2,1,-1,1.0,1.0,0.75,0.4,-1,-1,0.496503,0.140904
2,1,-1,0.05,0.05,0.8,0.4,-1,-1,0.222434,0.323351
2,1,-1,0.1,0.1,0.8,0.4,-1,-1,0.25932,0.260282
2,1,-1,0.15,0.15,0.8,0.4,-1,-1,0.288597,0.22435
2,1,-1,0.2,0.2,0.8,0.4,-1,-1,0.309749,0.198092
2,1,-1,0.25,0.25,0.8,0.4,-1,-1,0.332577,0.17799
2,1,-1,0.3,0.3,0.8,0.4,-1,-1,0.350633,0.166431
2,1,-1,0.35,0.35,0.8,0.4,-1,-1,0.364691,0.154496
2,1,-1,0.4,0.4,0.8,0.4,-1,-1,0.380684,0.146078
2,1,-1,0.45,0.45,0.8,0.4,-1,-1,0.393194,0.138163
2,1,-1,0.5,0.5,0.8,0.4,-1,-1,0.406994,0.133263
2,1,-1,0.55,0.55,0.8,0.4,-1,-1,0.418859,0.128238
2,1,-1,0.6,0.6,0.8,0.4,-1,-1,0.430854,0.124469
2,1,-1,0.65,0.65,0.8,0.4,-1,-1,0.442848,0.12183
2,1,-1,0.7,0.7,0.8,0.4,-1,-1,0.451618,0.118815
2,1,-1,0.75,0.75,0.8,0.4,-1,-1,0.462968,0.116931
2,1,-1,0.8,0.8,0.8,0.4,-1,-1,0.472125,0.113915
2,1,-1,0.85,0.85,0.8,0.4,-1,-1,0.482185,0.112533
2,1,-1,0.9,0.9,0.8,0.4,-1,-1,0.494437,0.111654
2,1,-1,0.95,0.95,0.8,0.4,-1,-1,0.509527,0.111026
2,1,-1,1.0,1.0,0.8,0.4,-1,-1,0.546671,0.1109
2,1,-1,0.05,0.05,0.85,0.4,-1,-1,0.228604,0.31384
2,1,-1,0.1,0.1,0.85,0.4,-1,-1,0.270461,0.245701
2,1,-1,0.15,0.15,0.85,0.4,-1,-1,0.303683,0.206882
2,1,-1,0.2,0.2,0.85,0.4,-1,-1,0.327685,0.178513
2,1,-1,0.25,0.25,0.85,0.4,-1,-1,0.353589,0.156796
2,1,-1,0.3,0.3,0.85,0.4,-1,-1,0.374079,0.144308
2,1,-1,0.35,0.35,0.85,0.4,-1,-1,0.390031,0.131414
2,1,-1,0.4,0.4,0.85,0.4,-1,-1,0.408179,0.12232
2,1,-1,0.45,0.45,0.85,0.4,-1,-1,0.422375,0.113768
2,1,-1,0.5,0.5,0.85,0.4,-1,-1,0.438035,0.108474
2,1,-1,0.55,0.55,0.85,0.4,-1,-1,0.451499,0.103045
2,1,-1,0.6,0.6,0.85,0.4,-1,-1,0.46511,0.098973
2,1,-1,0.65,0.65,0.85,0.4,-1,-1,0.47872,0.096123
2,1,-1,0.7,0.7,0.85,0.4,-1,-1,0.488672,0.092865
2,1,-1,0.75,0.75,0.85,0.4,-1,-1,0.501551,0.090829
2,1,-1,0.8,0.8,0.85,0.4,-1,-1,0.511942,0.087572
2,1,-1,0.85,0.85,0.85,0.4,-1,-1,0.523358,0.086078
2,1,-1,0.9,0.9,0.85,0.4,-1,-1,0.537261,0.085128
2,1,-1,0.95,0.95,0.85,0.4,-1,-1,0.554385,0.08445
2,1,-1,1.0,1.0,0.85,0.4,-1,-1,0.596534,0.084314
2,1,-1,0.05,0.05,0.9,0.4,-1,-1,0.234548,0.305823
2,1,-1,0.1,0.1,0.9,0.4,-1,-1,0.281194,0.233413
2,1,-1,0.15,0.15,0.9,0.4,-1,-1,0.318217,0.192159
2,1,-1,0.2,0.2,0.9,0.4,-1,-1,0.344965,0.162012
2,1,-1,0.25,0.25,0.9,0.4,-1,-1,0.373833,0.138933
2,1,-1,0.3,0.3,0.9,0.4,-1,-1,0.396666,0.125663
2,1,-1,0.35,0.35,0.9,0.4,-1,-1,0.414444,0.11196
2,1,-1,0.4,0.4,0.9,0.4,-1,-1,0.434668,0.102295
2,1,-1,0.45,0.45,0.9,0.4,-1,-1,0.450488,0.093208
2,1,-1,0.5,0.5,0.9,0.4,-1,-1,0.46794,0.087582
2,1,-1,0.55,0.55,0.9,0.4,-1,-1,0.482944,0.081813
2,1,-1,0.6,0.6,0.9,0.4,-1,-1,0.498112,0.077485
2,1,-1,0.65,0.65,0.9,0.4,-1,-1,0.51328,0.074456
2,1,-1,0.7,0.7,0.9,0.4,-1,-1,0.524371,0.070994
2,1,-1,0.75,0.75,0.9,0.4,-1,-1,0.538723,0.068831
2,1,-1,0.8,0.8,0.9,0.4,-1,-1,0.550303,0.065369
2,1,-1,0.85,0.85,0.9,0.4,-1,-1,0.563025,0.063782
2,1,-1,0.9,0.9,0.9,0.4,-1,-1,0.578519,0.062773
2,1,-1,0.95,0.95,0.9,0.4,-1,-1,0.597601,0.062051
2,1,-1,1.0,1.0,0.9,0.4,-1,-1,0.644573,0.061907
2,1,-1,0.05,0.05,0.95,0.4,-1,-1,0.242561,0.297942
2,1,-1,0.1,0.1,0.95,0.4,-1,-1,0.295663,0.221332
2,1,-1,0.15,0.15,0.95,0.4,-1,-1,0.33781,0.177685
2,1,-1,0.2,0.2,0.95,0.4,-1,-1,0.36826,0.14579
2,1,-1,0.25,0.25,0.95,0.4,-1,-1,0.401123,0.121372
2,1,-1,0.3,0.3,0.95,0.4,-1,-1,0.427117,0.107332
2,1,-1,0.35,0.35,0.95,0.4,-1,-1,0.447355,0.092834
2,1,-1,0.4,0.4,0.95,0.4,-1,-1,0.470378,0.082609
2,1,-1,0.45,0.45,0.95,0.4,-1,-1,0.488387,0.072994
2,1,-1,0.5,0.5,0.95,0.4,-1,-1,0.508254,0.067042
2,1,-1,0.55,0.55,0.95,0.4,-1,-1,0.525336,0.060938
2,1,-1,0.6,0.6,0.95,0.4,-1,-1,0.542603,0.05636
2,1,-1,0.65,0.65,0.95,0.4,-1,-1,0.55987,0.053155
2,1,-1,0.7,0.7,0.95,0.4,-1,-1,0.572496,0.049492
2,1,-1,0.75,0.75,0.95,0.4,-1,-1,0.588835,0.047203
2,1,-1,0.8,0.8,0.95,0.4,-1,-1,0.602017,0.043541
2,1,-1,0.85,0.85,0.95,0.4,-1,-1,0.616499,0.041862
2,1,-1,0.9,0.9,0.95,0.4,-1,-1,0.634138,0.040794
2,1,-1,0.95,0.95,0.95,0.4,-1,-1,0.655861,0.040031
2,1,-1,1.0,1.0,0.95,0.4,-1,-1,0.709334,0.039878
2,1,-1,0.05,0.05,1.0,0.4,-1,-1,0.278527,0.283675
2,1,-1,0.1,0.1,1.0,0.4,-1,-1,0.360605,0.199462
2,1,-1,0.15,0.15,1.0,0.4,-1,-1,0.425749,0.151484
2,1,-1,0.2,0.2,1.0,0.4,-1,-1,0.472814,0.116423
2,1,-1,0.25,0.25,1.0,0.4,-1,-1,0.52361,0.089581
2,1,-1,0.3,0.3,1.0,0.4,-1,-1,0.563788,0.074148
2,1,-1,0.35,0.35,1.0,0.4,-1,-1,0.595069,0.058211
2,1,-1,0.4,0.4,1.0,0.4,-1,-1,0.630655,0.046972
2,1,-1,0.45,0.45,1.0,0.4,-1,-1,0.658491,0.036403
2,1,-1,0.5,0.5,1.0,0.4,-1,-1,0.689199,0.02986
2,1,-1,0.55,0.55,1.0,0.4,-1,-1,0.715601,0.02315
2,1,-1,0.6,0.6,1.0,0.4,-1,-1,0.74229,0.018118
2,1,-1,0.65,0.65,1.0,0.4,-1,-1,0.768979,0.014595
2,1,-1,0.7,0.7,1.0,0.4,-1,-1,0.788494,0.010569
2,1,-1,0.75,0.75,1.0,0.4,-1,-1,0.813749,0.008052
2,1,-1,0.8,0.8,1.0,0.4,-1,-1,0.834124,0.004026
2,1,-1,0.85,0.85,1.0,0.4,-1,-1,0.856509,0.002181
2,1,-1,0.9,0.9,1.0,0.4,-1,-1,0.883772,0.001007
2,1,-1,0.95,0.95,1.0,0.4,-1,-1,0.91735,0.000168
2,1,-1,1.0,1.0,1.0,0.4,-1,-1,1.0,0.0
2,1,-1,0.05,0.05,0.45,0.45,-1,-1,0.220128,0.380175
2,1,-1,0.1,0.1,0.45,0.45,-1,-1,0.220128,0.380175
2,1,-1,0.15,0.15,0.45,0.45,-1,-1,0.220128,0.380175
2,1,-1,0.2,0.2,0.45,0.45,-1,-1,0.220128,0.380175
2,1,-1,0.25,0.25,0.45,0.45,-1,-1,0.220128,0.380175
2,1,-1,0.3,0.3,0.45,0.45,-1,-1,0.220128,0.380175
2,1,-1,0.35,0.35,0.45,0.45,-1,-1,0.220128,0.380175
2,1,-1,0.4,0.4,0.45,0.45,-1,-1,0.220128,0.380175
2,1,-1,0.45,0.45,0.45,0.45,-1,-1,0.220128,0.380175
2,1,-1,0.5,0.5,0.45,0.45,-1,-1,0.220128,0.380175
2,1,-1,0.55,0.55,0.45,0.45,-1,-1,0.220128,0.380175
2,1,-1,0.6,0.6,0.45,0.45,-1,-1,0.220128,0.380175
2,1,-1,0.65,0.65,0.45,0.45,-1,-1,0.220128,0.380175
2,1,-1,0.7,0.7,0.45,0.45,-1,-1,0.220128,0.380175
2,1,-1,0.75,0.75,0.45,0.45,-1,-1,0.220128,0.380175
2,1,-1,0.8,0.8,0.45,0.45,-1,-1,0.220128,0.380175
2,1,-1,0.85,0.85,0.45,0.45,-1,-1,0.220128,0.380175
2,1,-1,0.9,0.9,0.45,0.45,-1,-1,0.220128,0.380175
2,1,-1,0.95,0.95,0.45,0.45,-1,-1,0.220128,0.380175
2,1,-1,1.0,1.0,0.45,0.45,-1,-1,0.220128,0.380175
2,1,-1,0.05,0.05,0.5,0.45,-1,-1,0.226335,0.359929
2,1,-1,0.1,0.1,0.5,0.45,-1,-1,0.231336,0.34914
2,1,-1,0.15,0.15,0.5,0.45,-1,-1,0.235306,0.342993
2,1,-1,0.2,0.2,0.5,0.45,-1,-1,0.238173,0.338501
2,1,-1,0.25,0.25,0.5,0.45,-1,-1,0.241268,0.335062
2,1,-1,0.3,0.3,0.5,0.45,-1,-1,0.243716,0.333085
2,1,-1,0.35,0.35,0.5,0.45,-1,-1,0.245622,0.331043
2,1,-1,0.4,0.4,0.5,0.45,-1,-1,0.247791,0.329603
2,1,-1,0.45,0.45,0.5,0.45,-1,-1,0.249487,0.328249
2,1,-1,0.5,0.5,0.5,0.45,-1,-1,0.251358,0.327411
2,1,-1,0.55,0.55,0.5,0.45,-1,-1,0.252966,0.326551
2,1,-1,0.6,0.6,0.5,0.45,-1,-1,0.254593,0.325906
2,1,-1,0.65,0.65,0.5,0.45,-1,-1,0.256219,0.325455
2,1,-1,0.7,0.7,0.5,0.45,-1,-1,0.257408,0.324939
2,1,-1,0.75,0.75,0.5,0.45,-1,-1,0.258947,0.324617
2,1,-1,0.8,0.8,0.5,0.45,-1,-1,0.260188,0.324101
2,1,-1,0.85,0.85,0.5,0.45,-1,-1,0.261552,0.323864
2,1,-1,0.9,0.9,0.5,0.45,-1,-1,0.263213,0.323714
2,1,-1,0.95,0.95,0.5,0.45,-1,-1,0.265259,0.323607
2,1,-1,1.0,1.0,0.5,0.45,-1,-1,0.270295,0.323585
2,1,-1,0.05,0.05,0.55,0.45,-1,-1,0.231866,0.34539
2,1,-1,0.1,0.1,0.55,0.45,-1,-1,0.241322,0.326853
2,1,-1,0.15,0.15,0.55,0.45,-1,-1,0.248828,0.316292
2,1,-1,0.2,0.2,0.55,0.45,-1,-1,0.25425,0.308574
2,1,-1,0.25,0.25,0.55,0.45,-1,-1,0.260103,0.302666
2,1,-1,0.3,0.3,0.55,0.45,-1,-1,0.264732,0.299269
2,1,-1,0.35,0.35,0.55,0.45,-1,-1,0.268336,0.295761
2,1,-1,0.4,0.4,0.55,0.45,-1,-1,0.272435,0.293287
2,1,-1,0.45,0.45,0.55,0.45,-1,-1,0.275643,0.29096
2,1,-1,0.5,0.5,0.55,0.45,-1,-1,0.279181,0.28952
2,1,-1,0.55,0.55,0.55,0.45,-1,-1,0.282222,0.288043
2,1,-1,0.6,0.6,0.55,0.45,-1,-1,0.285297,0.286935
2,1,-1,0.65,0.65,0.55,0.45,-1,-1,0.288372,0.28616
2,1,-1,0.7,0.7,0.55,0.45,-1,-1,0.290621,0.285273
2,1,-1,0.75,0.75,0.55,0.45,-1,-1,0.29353,0.284719
2,1,-1,0.8,0.8,0.55,0.45,-1,-1,0.295878,0.283833
2,1,-1,0.85,0.85,0.55,0.45,-1,-1,0.298457,0.283427
2,1,-1,0.9,0.9,0.55,0.45,-1,-1,0.301598,0.283169
2,1,-1,0.95,0.95,0.55,0.45,-1,-1,0.305467,0.282984
2,1,-1,1.0,1.0,0.55,0.45,-1,-1,0.314989,0.282947
2,1,-1,0.05,0.05,0.6,0.45,-1,-1,0.237246,0.331395
2,1,-1,0.1,0.1,0.6,0.45,-1,-1,0.251036,0.305399
2,1,-1,0.15,0.15,0.6,0.45,-1,-1,0.261982,0.290589
2,1,-1,0.2,0.2,0.6,0.45,-1,-1,0.26989,0.279766
2,1,-1,0.25,0.25,0.6,0.45,-1,-1,0.278425,0.271481
2,1,-1,0.3,0.3,0.6,0.45,-1,-1,0.285175,0.266716
2,1,-1,0.35,0.35,0.6,0.45,-1,-1,0.290431,0.261797
2,1,-1,0.4,0.4,0.6,0.45,-1,-1,0.29641,0.258328
2,1,-1,0.45,0.45,0.6,0.45,-1,-1,0.301087,0.255065
2,1,-1,0.5,0.5,0.6,0.45,-1,-1,0.306247,0.253045
2,1,-1,0.55,0.55,0.6,0.45,-1,-1,0.310683,0.250974
2,1,-1,0.6,0.6,0.6,0.45,-1,-1,0.315167,0.249421
2,1,-1,0.65,0.65,0.6,0.45,-1,-1,0.319652,0.248333
2,1,-1,0.7,0.7,0.6,0.45,-1,-1,0.322931,0.24709
2,1,-1,0.75,0.75,0.6,0.45,-1,-1,0.327174,0.246314
2,1,-1,0.8,0.8,0.6,0.45,-1,-1,0.330597,0.245071
2,1,-1,0.85,0.85,0.6,0.45,-1,-1,0.334359,0.244501
2,1,-1,0.9,0.9,0.6,0.45,-1,-1,0.338939,0.244139
2,1,-1,0.95,0.95,0.6,0.45,-1,-1,0.344581,0.24388
2,1,-1,1.0,1.0,0.6,0.45,-1,-1,0.358468,0.243828
2,1,-1,0.05,0.05,0.65,0.45,-1,-1,0.242325,0.318078
2,1,-1,0.1,0.1,0.65,0.45,-1,-1,0.260207,0.284987
2,1,-1,0.15,0.15,0.65,0.45,-1,-1,0.2744,0.266134
2,1,-1,0.2,0.2,0.65,0.45,-1,-1,0.284654,0.252356
2,1,-1,0.25,0.25,0.65,0.45,-1,-1,0.295721,0.241809
2,1,-1,0.3,0.3,0.65,0.45,-1,-1,0.304475,0.235745
2,1,-1,0.35,0.35,0.65,0.45,-1,-1,0.31129,0.229482
2,1,-1,0.4,0.4,0.65,0.45,-1,-1,0.319044,0.225066
2,1,-1,0.45,0.45,0.65,0.45,-1,-1,0.325108,0.220913
2,1,-1,0.5,0.5,0.65,0.45,-1,-1,0.331799,0.218342
2,1,-1,0.55,0.55,0.65,0.45,-1,-1,0.337551,0.215705
2,1,-1,0.6,0.6,0.65,0.45,-1,-1,0.343366,0.213727
2,1,-1,0.65,0.65,0.65,0.45,-1,-1,0.349181,0.212343
2,1,-1,0.7,0.7,0.65,0.45,-1,-1,0.353433,0.210761
2,1,-1,0.75,0.75,0.65,0.45,-1,-1,0.358935,0.209772
2,1,-1,0.8,0.8,0.65,0.45,-1,-1,0.363374,0.20819
2,1,-1,0.85,0.85,0.65,0.45,-1,-1,0.368251,0.207465
2,1,-1,0.9,0.9,0.65,0.45,-1,-1,0.374191,0.207004
2,1,-1,0.95,0.95,0.65,0.45,-1,-1,0.381507,0.206674
2,1,-1,1.0,1.0,0.65,0.45,-1,-1,0.399514,0.206608
2,1,-1,0.05,0.05,0.7,0.45,-1,-1,0.24857,0.305442
2,1,-1,0.1,0.1,0.7,0.45,-1,-1,0.271483,0.265616
2,1,-1,0.15,0.15,0.7,0.45,-1,-1,0.28967,0.242927
2,1,-1,0.2,0.2,0.7,0.45,-1,-1,0.302809,0.226346
2,1,-1,0.25,0.25,0.7,0.45,-1,-1,0.31699,0.213652
2,1,-1,0.3,0.3,0.7,0.45,-1,-1,0.328207,0.206354
2,1,-1,0.35,0.35,0.7,0.45,-1,-1,0.336939,0.198817
2,1,-1,0.4,0.4,0.7,0.45,-1,-1,0.346874,0.193502
2,1,-1,0.45,0.45,0.7,0.45,-1,-1,0.354645,0.188503
2,1,-1,0.5,0.5,0.7,0.45,-1,-1,0.363218,0.185409
2,1,-1,0.55,0.55,0.7,0.45,-1,-1,0.370588,0.182236
2,1,-1,0.6,0.6,0.7,0.45,-1,-1,0.37804,0.179856
2,1,-1,0.65,0.65,0.7,0.45,-1,-1,0.38549,0.17819
2,1,-1,0.7,0.7,0.7,0.45,-1,-1,0.390938,0.176286
2,1,-1,0.75,0.75,0.7,0.45,-1,-1,0.397989,0.175096
2,1,-1,0.8,0.8,0.7,0.45,-1,-1,0.403677,0.173192
2,1,-1,0.85,0.85,0.7,0.45,-1,-1,0.409926,0.172319
2,1,-1,0.9,0.9,0.7,0.45,-1,-1,0.417537,0.171764
2,1,-1,0.95,0.95,0.7,0.45,-1,-1,0.426911,0.171367
2,1,-1,1.0,1.0,0.7,0.45,-1,-1,0.449985,0.171288
2,1,-1,0.05,0.05,0.75,0.45,-1,-1,0.254326,0.294572
2,1,-1,0.1,0.1,0.75,0.45,-1,-1,0.281877,0.248953
2,1,-1,0.15,0.15,0.75,0.45,-1,-1,0.303744,0.222963
2,1,-1,0.2,0.2,0.75,0.45,-1,-1,0.319542,0.203971
2,1,-1,0.25,0.25,0.75,0.45,-1,-1,0.336593,0.189431
2,1,-1,0.3,0.3,0.75,0.45,-1,-1,0.350079,0.18107
2,1,-1,0.35,0.35,0.75,0.45,-1,-1,0.360579,0.172437
2,1,-1,0.4,0.4,0.75,0.45,-1,-1,0.372524,0.166349
2,1,-1,0.45,0.45,0.75,0.45,-1,-1,0.381868,0.160624
2,1,-1,0.5,0.5,0.75,0.45,-1,-1,0.392176,0.157079
2,1,-1,0.55,0.55,0.75,0.45,-1,-1,0.401038,0.153445
2,1,-1,0.6,0.6,0.75,0.45,-1,-1,0.409997,0.150718
2,1,-1,0.65,0.65,0.75,0.45,-1,-1,0.418956,0.14881
2,1,-1,0.7,0.7,0.75,0.45,-1,-1,0.425507,0.146629
2,1,-1,0.75,0.75,0.75,0.45,-1,-1,0.433984,0.145266
2,1,-1,0.8,0.8,0.75,0.45,-1,-1,0.440823,0.143085
2,1,-1,0.85,0.85,0.75,0.45,-1,-1,0.448337,0.142085
2,1,-1,0.9,0.9,0.75,0.45,-1,-1,0.457489,0.141449
2,1,-1,0.95,0.95,0.75,0.45,-1,-1,0.46876,0.140995
2,1,-1,1.0,1.0,0.75,0.45,-1,-1,0.496503,0.140904
2,1,-1,0.05,0.05,0.8,0.45,-1,-1,0.260533,0.283837
2,1,-1,0.1,0.1,0.8,0.45,-1,-1,0.293085,0.232498
2,1,-1,0.15,0.15,0.8,0.45,-1,-1,0.318922,0.203249
2,1,-1,0.2,0.2,0.8,0.45,-1,-1,0.337588,0.181875
2,1,-1,0.25,0.25,0.8,0.45,-1,-1,0.357734,0.165512
2,1,-1,0.3,0.3,0.8,0.45,-1,-1,0.373668,0.156103
2,1,-1,0.35,0.35,0.8,0.45,-1,-1,0.386074,0.146387
2,1,-1,0.4,0.4,0.8,0.45,-1,-1,0.400188,0.139536
2,1,-1,0.45,0.45,0.8,0.45,-1,-1,0.411228,0.133092
2,1,-1,0.5,0.5,0.8,0.45,-1,-1,0.423407,0.129104
2,1,-1,0.55,0.55,0.8,0.45,-1,-1,0.433877,0.125013
2,1,-1,0.6,0.6,0.8,0.45,-1,-1,0.444463,0.121945
2,1,-1,0.65,0.65,0.8,0.45,-1,-1,0.455048,0.119797
2,1,-1,0.7,0.7,0.8,0.45,-1,-1,0.462787,0.117343
2,1,-1,0.75,0.75,0.8,0.45,-1,-1,0.472803,0.115809
2,1,-1,0.8,0.8,0.8,0.45,-1,-1,0.480884,0.113354
2,1,-1,0.85,0.85,0.8,0.45,-1,-1,0.489762,0.112229
2,1,-1,0.9,0.9,0.8,0.45,-1,-1,0.500575,0.111514
2,1,-1,0.95,0.95,0.8,0.45,-1,-1,0.513892,0.111002
2,1,-1,1.0,1.0,0.8,0.45,-1,-1,0.546671,0.1109
2,1,-1,0.05,0.05,0.85,0.45,-1,-1,0.266703,0.274326
2,1,-1,0.1,0.1,0.85,0.45,-1,-1,0.304226,0.217918
2,1,-1,0.15,0.15,0.85,0.45,-1,-1,0.334007,0.185781
2,1,-1,0.2,0.2,0.85,0.45,-1,-1,0.355524,0.162296
2,1,-1,0.25,0.25,0.85,0.45,-1,-1,0.378746,0.144318
2,1,-1,0.3,0.3,0.85,0.45,-1,-1,0.397114,0.13398
2,1,-1,0.35,0.35,0.85,0.45,-1,-1,0.411414,0.123305
2,1,-1,0.4,0.4,0.85,0.45,-1,-1,0.427683,0.115777
2,1,-1,0.45,0.45,0.85,0.45,-1,-1,0.440409,0.108697
2,1,-1,0.5,0.5,0.85,0.45,-1,-1,0.454447,0.104315
2,1,-1,0.55,0.55,0.85,0.45,-1,-1,0.466517,0.099821
2,1,-1,0.6,0.6,0.85,0.45,-1,-1,0.478719,0.09645
2,1,-1,0.65,0.65,0.85,0.45,-1,-1,0.49092,0.09409
2,1,-1,0.7,0.7,0.85,0.45,-1,-1,0.499841,0.091393
2,1,-1,0.75,0.75,0.85,0.45,-1,-1,0.511387,0.089708
2,1,-1,0.8,0.8,0.85,0.45,-1,-1,0.520702,0.087011
2,1,-1,0.85,0.85,0.85,0.45,-1,-1,0.530935,0.085775
2,1,-1,0.9,0.9,0.85,0.45,-1,-1,0.543399,0.084988
2,1,-1,0.95,0.95,0.85,0.45,-1,-1,0.558749,0.084426
2,1,-1,1.0,1.0,0.85,0.45,-1,-1,0.596534,0.084314
2,1,-1,0.05,0.05,0.9,0.45,-1,-1,0.272647,0.266309
2,1,-1,0.1,0.1,0.9,0.45,-1,-1,0.314959,0.205629
2,1,-1,0.15,0.15,0.9,0.45,-1,-1,0.348541,0.171059
2,1,-1,0.2,0.2,0.9,0.45,-1,-1,0.372804,0.145795
2,1,-1,0.25,0.25,0.9,0.45,-1,-1,0.39899,0.126455
2,1,-1,0.3,0.3,0.9,0.45,-1,-1,0.419702,0.115334
2,1,-1,0.35,0.35,0.9,0.45,-1,-1,0.435827,0.103851
2,1,-1,0.4,0.4,0.9,0.45,-1,-1,0.454172,0.095753
2,1,-1,0.45,0.45,0.9,0.45,-1,-1,0.468522,0.088137
2,1,-1,0.5,0.5,0.9,0.45,-1,-1,0.484352,0.083423
2,1,-1,0.55,0.55,0.9,0.45,-1,-1,0.497962,0.078588
2,1,-1,0.6,0.6,0.9,0.45,-1,-1,0.511721,0.074962
2,1,-1,0.65,0.65,0.9,0.45,-1,-1,0.52548,0.072423
2,1,-1,0.7,0.7,0.9,0.45,-1,-1,0.53554,0.069522
2,1,-1,0.75,0.75,0.9,0.45,-1,-1,0.548559,0.067709
2,1,-1,0.8,0.8,0.9,0.45,-1,-1,0.559063,0.064808
2,1,-1,0.85,0.85,0.9,0.45,-1,-1,0.570602,0.063478
2,1,-1,0.9,0.9,0.9,0.45,-1,-1,0.584657,0.062632
2,1,-1,0.95,0.95,0.9,0.45,-1,-1,0.601966,0.062028
2,1,-1,1.0,1.0,0.9,0.45,-1,-1,0.644573,0.061907
2,1,-1,0.05,0.05,0.95,0.45,-1,-1,0.28066,0.258428
2,1,-1,0.1,0.1,0.95,0.45,-1,-1,0.329428,0.193548
2,1,-1,0.15,0.15,0.95,0.45,-1,-1,0.368134,0.156585
2,1,-1,0.2,0.2,0.95,0.45,-1,-1,0.396099,0.129573
2,1,-1,0.25,0.25,0.95,0.45,-1,-1,0.42628,0.108894
2,1,-1,0.3,0.3,0.95,0.45,-1,-1,0.450152,0.097003
2,1,-1,0.35,0.35,0.95,0.45,-1,-1,0.468738,0.084725
2,1,-1,0.4,0.4,0.95,0.45,-1,-1,0.489882,0.076066
2,1,-1,0.45,0.45,0.95,0.45,-1,-1,0.506422,0.067924
2,1,-1,0.5,0.5,0.95,0.45,-1,-1,0.524667,0.062883
2,1,-1,0.55,0.55,0.95,0.45,-1,-1,0.540354,0.057714
2,1,-1,0.6,0.6,0.95,0.45,-1,-1,0.556212,0.053836
2,1,-1,0.65,0.65,0.95,0.45,-1,-1,0.57207,0.051122
2,1,-1,0.7,0.7,0.95,0.45,-1,-1,0.583665,0.04802
2,1,-1,0.75,0.75,0.95,0.45,-1,-1,0.59867,0.046082
2,1,-1,0.8,0.8,0.95,0.45,-1,-1,0.610777,0.04298
2,1,-1,0.85,0.85,0.95,0.45,-1,-1,0.624077,0.041558
2,1,-1,0.9,0.9,0.95,0.45,-1,-1,0.640276,0.040654
2,1,-1,0.95,0.95,0.95,0.45,-1,-1,0.660226,0.040007
2,1,-1,1.0,1.0,0.95,0.45,-1,-1,0.709334,0.039878
2,1,-1,0.05,0.05,1.0,0.45,-1,-1,0.316626,0.244161
2,1,-1,0.1,0.1,1.0,0.45,-1,-1,0.394369,0.171678
2,1,-1,0.15,0.15,1.0,0.45,-1,-1,0.456074,0.130383
2,1,-1,0.2,0.2,1.0,0.45,-1,-1,0.500653,0.100206
2,1,-1,0.25,0.25,1.0,0.45,-1,-1,0.548767,0.077103
2,1,-1,0.3,0.3,1.0,0.45,-1,-1,0.586823,0.06382
2,1,-1,0.35,0.35,1.0,0.45,-1,-1,0.616452,0.050103
2,1,-1,0.4,0.4,1.0,0.45,-1,-1,0.650159,0.040429
2,1,-1,0.45,0.45,1.0,0.45,-1,-1,0.676525,0.031332
2,1,-1,0.5,0.5,1.0,0.45,-1,-1,0.705612,0.025701
2,1,-1,0.55,0.55,1.0,0.45,-1,-1,0.730619,0.019926
2,1,-1,0.6,0.6,1.0,0.45,-1,-1,0.755899,0.015594
2,1,-1,0.65,0.65,1.0,0.45,-1,-1,0.781179,0.012562
2,1,-1,0.7,0.7,1.0,0.45,-1,-1,0.799663,0.009096
2,1,-1,0.75,0.75,1.0,0.45,-1,-1,0.823584,0.006931
2,1,-1,0.8,0.8,1.0,0.45,-1,-1,0.842884,0.003465
2,1,-1,0.85,0.85,1.0,0.45,-1,-1,0.864086,0.001877
2,1,-1,0.9,0.9,1.0,0.45,-1,-1,0.88991,0.000866
2,1,-1,0.95,0.95,1.0,0.45,-1,-1,0.921714,0.000144
2,1,-1,1.0,1.0,1.0,0.45,-1,-1,1.0,0.0
2,1,-1,0.05,0.05,0.5,0.5,-1,-1,0.270295,0.323585
2,1,-1,0.1,0.1,0.5,0.5,-1,-1,0.270295,0.323585
2,1,-1,0.15,0.15,0.5,0.5,-1,-1,0.270295,0.323585
2,1,-1,0.2,0.2,0.5,0.5,-1,-1,0.270295,0.323585
2,1,-1,0.25,0.25,0.5,0.5,-1,-1,0.270295,0.323585
2,1,-1,0.3,0.3,0.5,0.5,-1,-1,0.270295,0.323585
2,1,-1,0.35,0.35,0.5,0.5,-1,-1,0.270295,0.323585
2,1,-1,0.4,0.4,0.5,0.5,-1,-1,0.270295,0.323585
2,1,-1,0.45,0.45,0.5,0.5,-1,-1,0.270295,0.323585
2,1,-1,0.5,0.5,0.5,0.5,-1,-1,0.270295,0.323585
2,1,-1,0.55,0.55,0.5,0.5,-1,-1,0.270295,0.323585
2,1,-1,0.6,0.6,0.5,0.5,-1,-1,0.270295,0.323585
2,1,-1,0.65,0.65,0.5,0.5,-1,-1,0.270295,0.323585
2,1,-1,0.7,0.7,0.5,0.5,-1,-1,0.270295,0.323585
2,1,-1,0.75,0.75,0.5,0.5,-1,-1,0.270295,0.323585
2,1,-1,0.8,0.8,0.5,0.5,-1,-1,0.270295,0.323585
2,1,-1,0.85,0.85,0.5,0.5,-1,-1,0.270295,0.323585
2,1,-1,0.9,0.9,0.5,0.5,-1,-1,0.270295,0.323585
2,1,-1,0.95,0.95,0.5,0.5,-1,-1,0.270295,0.323585
2,1,-1,1.0,1.0,0.5,0.5,-1,-1,0.270295,0.323585
2,1,-1,0.05,0.05,0.55,0.5,-1,-1,0.275825,0.309046
2,1,-1,0.1,0.1,0.55,0.5,-1,-1,0.280281,0.301298
2,1,-1,0.15,0.15,0.55,0.5,-1,-1,0.283817,0.296884
2,1,-1,0.2,0.2,0.55,0.5,-1,-1,0.286372,0.293658
2,1,-1,0.25,0.25,0.55,0.5,-1,-1,0.289129,0.291189
2,1,-1,0.3,0.3,0.55,0.5,-1,-1,0.29131,0.289769
2,1,-1,0.35,0.35,0.55,0.5,-1,-1,0.293008,0.288303
2,1,-1,0.4,0.4,0.55,0.5,-1,-1,0.29494,0.287269
2,1,-1,0.45,0.45,0.55,0.5,-1,-1,0.296451,0.286296
2,1,-1,0.5,0.5,0.55,0.5,-1,-1,0.298118,0.285694
2,1,-1,0.55,0.55,0.55,0.5,-1,-1,0.299551,0.285077
2,1,-1,0.6,0.6,0.55,0.5,-1,-1,0.301,0.284614
2,1,-1,0.65,0.65,0.55,0.5,-1,-1,0.302448,0.28429
2,1,-1,0.7,0.7,0.55,0.5,-1,-1,0.303508,0.283919
2,1,-1,0.75,0.75,0.55,0.5,-1,-1,0.304879,0.283688
2,1,-1,0.8,0.8,0.55,0.5,-1,-1,0.305985,0.283317
2,1,-1,0.85,0.85,0.55,0.5,-1,-1,0.3072,0.283148
2,1,-1,0.9,0.9,0.55,0.5,-1,-1,0.30868,0.28304
2,1,-1,0.95,0.95,0.55,0.5,-1,-1,0.310502,0.282962
2,1,-1,1.0,1.0,0.55,0.5,-1,-1,0.314989,0.282947
2,1,-1,0.05,0.05,0.6,0.5,-1,-1,0.281205,0.295051
2,1,-1,0.1,0.1,0.6,0.5,-1,-1,0.289995,0.279844
2,1,-1,0.15,0.15,0.6,0.5,-1,-1,0.296971,0.271181
2,1,-1,0.2,0.2,0.6,0.5,-1,-1,0.302011,0.26485
2,1,-1,0.25,0.25,0.6,0.5,-1,-1,0.307451,0.260004
2,1,-1,0.3,0.3,0.6,0.5,-1,-1,0.311754,0.257217
2,1,-1,0.35,0.35,0.6,0.5,-1,-1,0.315104,0.254339
2,1,-1,0.4,0.4,0.6,0.5,-1,-1,0.318915,0.25231
2,1,-1,0.45,0.45,0.6,0.5,-1,-1,0.321896,0.250401
2,1,-1,0.5,0.5,0.6,0.5,-1,-1,0.325184,0.24922
2,1,-1,0.55,0.55,0.6,0.5,-1,-1,0.328012,0.248008
2,1,-1,0.6,0.6,0.6,0.5,-1,-1,0.33087,0.247099
2,1,-1,0.65,0.65,0.6,0.5,-1,-1,0.333728,0.246463
2,1,-1,0.7,0.7,0.6,0.5,-1,-1,0.335818,0.245736
2,1,-1,0.75,0.75,0.6,0.5,-1,-1,0.338522,0.245282
2,1,-1,0.8,0.8,0.6,0.5,-1,-1,0.340704,0.244555
2,1,-1,0.85,0.85,0.6,0.5,-1,-1,0.343101,0.244222
2,1,-1,0.9,0.9,0.6,0.5,-1,-1,0.346021,0.24401
2,1,-1,0.95,0.95,0.6,0.5,-1,-1,0.349617,0.243858
2,1,-1,1.0,1.0,0.6,0.5,-1,-1,0.358468,0.243828
2,1,-1,0.05,0.05,0.65,0.5,-1,-1,0.286284,0.281734
2,1,-1,0.1,0.1,0.65,0.5,-1,-1,0.299165,0.259432
2,1,-1,0.15,0.15,0.65,0.5,-1,-1,0.309389,0.246726
2,1,-1,0.2,0.2,0.65,0.5,-1,-1,0.316776,0.237441
2,1,-1,0.25,0.25,0.65,0.5,-1,-1,0.324748,0.230332
2,1,-1,0.3,0.3,0.65,0.5,-1,-1,0.331054,0.226245
2,1,-1,0.35,0.35,0.65,0.5,-1,-1,0.335963,0.222024
2,1,-1,0.4,0.4,0.65,0.5,-1,-1,0.341548,0.219048
2,1,-1,0.45,0.45,0.65,0.5,-1,-1,0.345917,0.216249
2,1,-1,0.5,0.5,0.65,0.5,-1,-1,0.350736,0.214516
2,1,-1,0.55,0.55,0.65,0.5,-1,-1,0.35488,0.212739
2,1,-1,0.6,0.6,0.65,0.5,-1,-1,0.359068,0.211406
2,1,-1,0.65,0.65,0.65,0.5,-1,-1,0.363257,0.210473
2,1,-1,0.7,0.7,0.65,0.5,-1,-1,0.36632,0.209407
2,1,-1,0.75,0.75,0.65,0.5,-1,-1,0.370283,0.20874
2,1,-1,0.8,0.8,0.65,0.5,-1,-1,0.373481,0.207674
2,1,-1,0.85,0.85,0.65,0.5,-1,-1,0.376994,0.207186
2,1,-1,0.9,0.9,0.65,0.5,-1,-1,0.381273,0.206875
2,1,-1,0.95,0.95,0.65,0.5,-1,-1,0.386543,0.206652
2,1,-1,1.0,1.0,0.65,0.5,-1,-1,0.399514,0.206608
2,1,-1,0.05,0.05,0.7,0.5,-1,-1,0.292529,0.269098
2,1,-1,0.1,0.1,0.7,0.5,-1,-1,0.310442,0.240062
2,1,-1,0.15,0.15,0.7,0.5,-1,-1,0.324659,0.223519
2,1,-1,0.2,0.2,0.7,0.5,-1,-1,0.334931,0.21143
2,1,-1,0.25,0.25,0.7,0.5,-1,-1,0.346017,0.202175
2,1,-1,0.3,0.3,0.7,0.5,-1,-1,0.354785,0.196854
2,1,-1,0.35,0.35,0.7,0.5,-1,-1,0.361612,0.191359
2,1,-1,0.4,0.4,0.7,0.5,-1,-1,0.369378,0.187484
2,1,-1,0.45,0.45,0.7,0.5,-1,-1,0.375453,0.18384
2,1,-1,0.5,0.5,0.7,0.5,-1,-1,0.382155,0.181584
2,1,-1,0.55,0.55,0.7,0.5,-1,-1,0.387917,0.17927
2,1,-1,0.6,0.6,0.7,0.5,-1,-1,0.393742,0.177535
2,1,-1,0.65,0.65,0.7,0.5,-1,-1,0.399567,0.17632
2,1,-1,0.7,0.7,0.7,0.5,-1,-1,0.403826,0.174932
2,1,-1,0.75,0.75,0.7,0.5,-1,-1,0.409337,0.174064
2,1,-1,0.8,0.8,0.7,0.5,-1,-1,0.413784,0.172676
2,1,-1,0.85,0.85,0.7,0.5,-1,-1,0.418669,0.17204
2,1,-1,0.9,0.9,0.7,0.5,-1,-1,0.424619,0.171635
2,1,-1,0.95,0.95,0.7,0.5,-1,-1,0.431947,0.171346
2,1,-1,1.0,1.0,0.7,0.5,-1,-1,0.449985,0.171288
2,1,-1,0.05,0.05,0.75,0.5,-1,-1,0.298285,0.258228
2,1,-1,0.1,0.1,0.75,0.5,-1,-1,0.320835,0.223398
2,1,-1,0.15,0.15,0.75,0.5,-1,-1,0.338733,0.203555
2,1,-1,0.2,0.2,0.75,0.5,-1,-1,0.351664,0.189055
2,1,-1,0.25,0.25,0.75,0.5,-1,-1,0.365619,0.177954
2,1,-1,0.3,0.3,0.75,0.5,-1,-1,0.376658,0.17157
2,1,-1,0.35,0.35,0.75,0.5,-1,-1,0.385252,0.164979
2,1,-1,0.4,0.4,0.75,0.5,-1,-1,0.395029,0.160331
2,1,-1,0.45,0.45,0.75,0.5,-1,-1,0.402677,0.15596
2,1,-1,0.5,0.5,0.75,0.5,-1,-1,0.411113,0.153254
2,1,-1,0.55,0.55,0.75,0.5,-1,-1,0.418367,0.150479
2,1,-1,0.6,0.6,0.75,0.5,-1,-1,0.4257,0.148397
2,1,-1,0.65,0.65,0.75,0.5,-1,-1,0.433032,0.14694
2,1,-1,0.7,0.7,0.75,0.5,-1,-1,0.438394,0.145275
2,1,-1,0.75,0.75,0.75,0.5,-1,-1,0.445332,0.144234
2,1,-1,0.8,0.8,0.75,0.5,-1,-1,0.45093,0.142569
2,1,-1,0.85,0.85,0.75,0.5,-1,-1,0.45708,0.141806
2,1,-1,0.9,0.9,0.75,0.5,-1,-1,0.464571,0.14132
2,1,-1,0.95,0.95,0.75,0.5,-1,-1,0.473796,0.140973
2,1,-1,1.0,1.0,0.75,0.5,-1,-1,0.496503,0.140904
2,1,-1,0.05,0.05,0.8,0.5,-1,-1,0.304493,0.247493
2,1,-1,0.1,0.1,0.8,0.5,-1,-1,0.332044,0.206943
2,1,-1,0.15,0.15,0.8,0.5,-1,-1,0.353911,0.183841
2,1,-1,0.2,0.2,0.8,0.5,-1,-1,0.369709,0.166959
2,1,-1,0.25,0.25,0.8,0.5,-1,-1,0.38676,0.154035
2,1,-1,0.3,0.3,0.8,0.5,-1,-1,0.400247,0.146603
2,1,-1,0.35,0.35,0.8,0.5,-1,-1,0.410747,0.13893
2,1,-1,0.4,0.4,0.8,0.5,-1,-1,0.422692,0.133518
2,1,-1,0.45,0.45,0.8,0.5,-1,-1,0.432036,0.128428
2,1,-1,0.5,0.5,0.8,0.5,-1,-1,0.442344,0.125278
2,1,-1,0.55,0.55,0.8,0.5,-1,-1,0.451206,0.122047
2,1,-1,0.6,0.6,0.8,0.5,-1,-1,0.460165,0.119624
2,1,-1,0.65,0.65,0.8,0.5,-1,-1,0.469124,0.117928
2,1,-1,0.7,0.7,0.8,0.5,-1,-1,0.475674,0.115989
2,1,-1,0.75,0.75,0.8,0.5,-1,-1,0.484152,0.114777
2,1,-1,0.8,0.8,0.8,0.5,-1,-1,0.490991,0.112839
2,1,-1,0.85,0.85,0.8,0.5,-1,-1,0.498505,0.11195
2,1,-1,0.9,0.9,0.8,0.5,-1,-1,0.507657,0.111385
2,1,-1,0.95,0.95,0.8,0.5,-1,-1,0.518928,0.110981
2,1,-1,1.0,1.0,0.8,0.5,-1,-1,0.546671,0.1109
2,1,-1,0.05,0.05,0.85,0.5,-1,-1,0.310663,0.237982
2,1,-1,0.1,0.1,0.85,0.5,-1,-1,0.343184,0.192363
2,1,-1,0.15,0.15,0.85,0.5,-1,-1,0.368997,0.166373
2,1,-1,0.2,0.2,0.85,0.5,-1,-1,0.387645,0.147381
2,1,-1,0.25,0.25,0.85,0.5,-1,-1,0.407772,0.132841
2,1,-1,0.3,0.3,0.85,0.5,-1,-1,0.423692,0.12448
2,1,-1,0.35,0.35,0.85,0.5,-1,-1,0.436087,0.115847
2,1,-1,0.4,0.4,0.85,0.5,-1,-1,0.450187,0.109759
2,1,-1,0.45,0.45,0.85,0.5,-1,-1,0.461217,0.104034
2,1,-1,0.5,0.5,0.85,0.5,-1,-1,0.473384,0.100489
2,1,-1,0.55,0.55,0.85,0.5,-1,-1,0.483846,0.096855
2,1,-1,0.6,0.6,0.85,0.5,-1,-1,0.494421,0.094128
2,1,-1,0.65,0.65,0.85,0.5,-1,-1,0.504996,0.09222
2,1,-1,0.7,0.7,0.85,0.5,-1,-1,0.512728,0.090039
2,1,-1,0.75,0.75,0.85,0.5,-1,-1,0.522735,0.088676
2,1,-1,0.8,0.8,0.85,0.5,-1,-1,0.530809,0.086495
2,1,-1,0.85,0.85,0.85,0.5,-1,-1,0.539678,0.085495
2,1,-1,0.9,0.9,0.85,0.5,-1,-1,0.550481,0.084859
2,1,-1,0.95,0.95,0.85,0.5,-1,-1,0.563785,0.084405
2,1,-1,1.0,1.0,0.85,0.5,-1,-1,0.596534,0.084314
2,1,-1,0.05,0.05,0.9,0.5,-1,-1,0.316607,0.229965
2,1,-1,0.1,0.1,0.9,0.5,-1,-1,0.353917,0.180075
2,1,-1,0.15,0.15,0.9,0.5,-1,-1,0.383531,0.151651
2,1,-1,0.2,0.2,0.9,0.5,-1,-1,0.404925,0.13088
2,1,-1,0.25,0.25,0.9,0.5,-1,-1,0.428016,0.114978
2,1,-1,0.3,0.3,0.9,0.5,-1,-1,0.44628,0.105835
2,1,-1,0.35,0.35,0.9,0.5,-1,-1,0.4605,0.096393
2,1,-1,0.4,0.4,0.9,0.5,-1,-1,0.476676,0.089735
2,1,-1,0.45,0.45,0.9,0.5,-1,-1,0.48933,0.083473
2,1,-1,0.5,0.5,0.9,0.5,-1,-1,0.503289,0.079597
2,1,-1,0.55,0.55,0.9,0.5,-1,-1,0.515291,0.075622
2,1,-1,0.6,0.6,0.9,0.5,-1,-1,0.527424,0.072641
2,1,-1,0.65,0.65,0.9,0.5,-1,-1,0.539556,0.070553
2,1,-1,0.7,0.7,0.9,0.5,-1,-1,0.548427,0.068168
2,1,-1,0.75,0.75,0.9,0.5,-1,-1,0.559907,0.066677
2,1,-1,0.8,0.8,0.9,0.5,-1,-1,0.569169,0.064292
2,1,-1,0.85,0.85,0.9,0.5,-1,-1,0.579345,0.063199
2,1,-1,0.9,0.9,0.9,0.5,-1,-1,0.591738,0.062503
2,1,-1,0.95,0.95,0.9,0.5,-1,-1,0.607002,0.062006
2,1,-1,1.0,1.0,0.9,0.5,-1,-1,0.644573,0.061907
2,1,-1,0.05,0.05,0.95,0.5,-1,-1,0.32462,0.222084
2,1,-1,0.1,0.1,0.95,0.5,-1,-1,0.368386,0.167993
2,1,-1,0.15,0.15,0.95,0.5,-1,-1,0.403124,0.137177
2,1,-1,0.2,0.2,0.95,0.5,-1,-1,0.42822,0.114657
2,1,-1,0.25,0.25,0.95,0.5,-1,-1,0.455306,0.097417
2,1,-1,0.3,0.3,0.95,0.5,-1,-1,0.476731,0.087504
2,1,-1,0.35,0.35,0.95,0.5,-1,-1,0.493411,0.077267
2,1,-1,0.4,0.4,0.95,0.5,-1,-1,0.512386,0.070048
2,1,-1,0.45,0.45,0.95,0.5,-1,-1,0.52723,0.06326
2,1,-1,0.5,0.5,0.95,0.5,-1,-1,0.543604,0.059057
2,1,-1,0.55,0.55,0.95,0.5,-1,-1,0.557682,0.054748
2,1,-1,0.6,0.6,0.95,0.5,-1,-1,0.571914,0.051515
2,1,-1,0.65,0.65,0.95,0.5,-1,-1,0.586146,0.049252
2,1,-1,0.7,0.7,0.95,0.5,-1,-1,0.596552,0.046666
2,1,-1,0.75,0.75,0.95,0.5,-1,-1,0.610019,0.04505
2,1,-1,0.8,0.8,0.95,0.5,-1,-1,0.620883,0.042464
2,1,-1,0.85,0.85,0.95,0.5,-1,-1,0.63282,0.041279
2,1,-1,0.9,0.9,0.95,0.5,-1,-1,0.647357,0.040525
2,1,-1,0.95,0.95,0.95,0.5,-1,-1,0.665262,0.039986
2,1,-1,1.0,1.0,0.95,0.5,-1,-1,0.709334,0.039878
2,1,-1,0.05,0.05,1.0,0.5,-1,-1,0.360586,0.207817
2,1,-1,0.1,0.1,1.0,0.5,-1,-1,0.433328,0.146123
2,1,-1,0.15,0.15,1.0,0.5,-1,-1,0.491063,0.110975
2,1,-1,0.2,0.2,1.0,0.5,-1,-1,0.532775,0.08529
2,1,-1,0.25,0.25,1.0,0.5,-1,-1,0.577793,0.065626
2,1,-1,0.3,0.3,1.0,0.5,-1,-1,0.613402,0.05432
2,1,-1,0.35,0.35,1.0,0.5,-1,-1,0.641125,0.042645
2,1,-1,0.4,0.4,1.0,0.5,-1,-1,0.672663,0.034411
2,1,-1,0.45,0.45,1.0,0.5,-1,-1,0.697334,0.026668
2,1,-1,0.5,0.5,1.0,0.5,-1,-1,0.724549,0.021875
2,1,-1,0.55,0.55,1.0,0.5,-1,-1,0.747947,0.01696
2,1,-1,0.6,0.6,1.0,0.5,-1,-1,0.771602,0.013273
2,1,-1,0.65,0.65,1.0,0.5,-1,-1,0.795255,0.010692
2,1,-1,0.7,0.7,1.0,0.5,-1,-1,0.81255,0.007742
2,1,-1,0.75,0.75,1.0,0.5,-1,-1,0.834933,0.005899
2,1,-1,0.8,0.8,1.0,0.5,-1,-1,0.852991,0.002949
2,1,-1,0.85,0.85,1.0,0.5,-1,-1,0.872829,0.001598
2,1,-1,0.9,0.9,1.0,0.5,-1,-1,0.896992,0.000737
2,1,-1,0.95,0.95,1.0,0.5,-1,-1,0.92675,0.000123
2,1,-1,1.0,1.0,1.0,0.5,-1,-1,1.0,0.0
2,1,-1,0.05,0.05,0.55,0.55,-1,-1,0.314989,0.282947
2,1,-1,0.1,0.1,0.55,0.55,-1,-1,0.314989,0.282947
2,1,-1,0.15,0.15,0.55,0.55,-1,-1,0.314989,0.282947
2,1,-1,0.2,0.2,0.55,0.55,-1,-1,0.314989,0.282947
2,1,-1,0.25,0.25,0.55,0.55,-1,-1,0.314989,0.282947
2,1,-1,0.3,0.3,0.55,0.55,-1,-1,0.314989,0.282947
2,1,-1,0.35,0.35,0.55,0.55,-1,-1,0.314989,0.282947
2,1,-1,0.4,0.4,0.55,0.55,-1,-1,0.314989,0.282947
2,1,-1,0.45,0.45,0.55,0.55,-1,-1,0.314989,0.282947
2,1,-1,0.5,0.5,0.55,0.55,-1,-1,0.314989,0.282947
2,1,-1,0.55,0.55,0.55,0.55,-1,-1,0.314989,0.282947
2,1,-1,0.6,0.6,0.55,0.55,-1,-1,0.314989,0.282947
2,1,-1,0.65,0.65,0.55,0.55,-1,-1,0.314989,0.282947
2,1,-1,0.7,0.7,0.55,0.55,-1,-1,0.314989,0.282947
2,1,-1,0.75,0.75,0.55,0.55,-1,-1,0.314989,0.282947
2,1,-1,0.8,0.8,0.55,0.55,-1,-1,0.314989,0.282947
2,1,-1,0.85,0.85,0.55,0.55,-1,-1,0.314989,0.282947
2,1,-1,0.9,0.9,0.55,0.55,-1,-1,0.314989,0.282947
2,1,-1,0.95,0.95,0.55,0.55,-1,-1,0.314989,0.282947
2,1,-1,1.0,1.0,0.55,0.55,-1,-1,0.314989,0.282947
2,1,-1,0.05,0.05,0.6,0.55,-1,-1,0.320369,0.268952
2,1,-1,0.1,0.1,0.6,0.55,-1,-1,0.324703,0.261493
2,1,-1,0.15,0.15,0.6,0.55,-1,-1,0.328143,0.257244
2,1,-1,0.2,0.2,0.6,0.55,-1,-1,0.330629,0.254139
2,1,-1,0.25,0.25,0.6,0.55,-1,-1,0.333311,0.251762
2,1,-1,0.3,0.3,0.6,0.55,-1,-1,0.335433,0.250395
2,1,-1,0.35,0.35,0.6,0.55,-1,-1,0.337085,0.248983
2,1,-1,0.4,0.4,0.6,0.55,-1,-1,0.338964,0.247988
2,1,-1,0.45,0.45,0.6,0.55,-1,-1,0.340434,0.247052
2,1,-1,0.5,0.5,0.6,0.55,-1,-1,0.342055,0.246473
2,1,-1,0.55,0.55,0.6,0.55,-1,-1,0.34345,0.245878
2,1,-1,0.6,0.6,0.6,0.55,-1,-1,0.344859,0.245433
2,1,-1,0.65,0.65,0.6,0.55,-1,-1,0.346268,0.245121
2,1,-1,0.7,0.7,0.6,0.55,-1,-1,0.347299,0.244764
2,1,-1,0.75,0.75,0.6,0.55,-1,-1,0.348633,0.244541
2,1,-1,0.8,0.8,0.6,0.55,-1,-1,0.349709,0.244185
2,1,-1,0.85,0.85,0.6,0.55,-1,-1,0.350891,0.244021
2,1,-1,0.9,0.9,0.6,0.55,-1,-1,0.35233,0.243917
2,1,-1,0.95,0.95,0.6,0.55,-1,-1,0.354103,0.243843
2,1,-1,1.0,1.0,0.6,0.55,-1,-1,0.358468,0.243828
2,1,-1,0.05,0.05,0.65,0.55,-1,-1,0.325448,0.255635
2,1,-1,0.1,0.1,0.65,0.55,-1,-1,0.333874,0.241081
2,1,-1,0.15,0.15,0.65,0.55,-1,-1,0.340562,0.232789
2,1,-1,0.2,0.2,0.65,0.55,-1,-1,0.345393,0.226729
2,1,-1,0.25,0.25,0.65,0.55,-1,-1,0.350608,0.22209
2,1,-1,0.3,0.3,0.65,0.55,-1,-1,0.354733,0.219423
2,1,-1,0.35,0.35,0.65,0.55,-1,-1,0.357944,0.216669
2,1,-1,0.4,0.4,0.65,0.55,-1,-1,0.361597,0.214726
2,1,-1,0.45,0.45,0.65,0.55,-1,-1,0.364455,0.212899
2,1,-1,0.5,0.5,0.65,0.55,-1,-1,0.367607,0.211769
2,1,-1,0.55,0.55,0.65,0.55,-1,-1,0.370318,0.210609
2,1,-1,0.6,0.6,0.65,0.55,-1,-1,0.373058,0.209739
2,1,-1,0.65,0.65,0.65,0.55,-1,-1,0.375797,0.20913
2,1,-1,0.7,0.7,0.65,0.55,-1,-1,0.377801,0.208435
2,1,-1,0.75,0.75,0.65,0.55,-1,-1,0.380394,0.208
2,1,-1,0.8,0.8,0.65,0.55,-1,-1,0.382485,0.207304
2,1,-1,0.85,0.85,0.65,0.55,-1,-1,0.384783,0.206985
2,1,-1,0.9,0.9,0.65,0.55,-1,-1,0.387582,0.206782
2,1,-1,0.95,0.95,0.65,0.55,-1,-1,0.391029,0.206637
2,1,-1,1.0,1.0,0.65,0.55,-1,-1,0.399514,0.206608
2,1,-1,0.05,0.05,0.7,0.55,-1,-1,0.331693,0.242999
2,1,-1,0.1,0.1,0.7,0.55,-1,-1,0.34515,0.221711
2,1,-1,0.15,0.15,0.7,0.55,-1,-1,0.355831,0.209582
2,1,-1,0.2,0.2,0.7,0.55,-1,-1,0.363548,0.200719
2,1,-1,0.25,0.25,0.7,0.55,-1,-1,0.371876,0.193934
2,1,-1,0.3,0.3,0.7,0.55,-1,-1,0.378464,0.190032
2,1,-1,0.35,0.35,0.7,0.55,-1,-1,0.383593,0.186003
2,1,-1,0.4,0.4,0.7,0.55,-1,-1,0.389427,0.183162
2,1,-1,0.45,0.45,0.7,0.55,-1,-1,0.393991,0.18049
2,1,-1,0.5,0.5,0.7,0.55,-1,-1,0.399026,0.178836
2,1,-1,0.55,0.55,0.7,0.55,-1,-1,0.403355,0.17714
2,1,-1,0.6,0.6,0.7,0.55,-1,-1,0.407731,0.175868
2,1,-1,0.65,0.65,0.7,0.55,-1,-1,0.412107,0.174977
2,1,-1,0.7,0.7,0.7,0.55,-1,-1,0.415307,0.17396
2,1,-1,0.75,0.75,0.7,0.55,-1,-1,0.419447,0.173324
2,1,-1,0.8,0.8,0.7,0.55,-1,-1,0.422788,0.172306
2,1,-1,0.85,0.85,0.7,0.55,-1,-1,0.426458,0.171839
2,1,-1,0.9,0.9,0.7,0.55,-1,-1,0.430928,0.171542
2,1,-1,0.95,0.95,0.7,0.55,-1,-1,0.436434,0.17133
2,1,-1,1.0,1.0,0.7,0.55,-1,-1,0.449985,0.171288
2,1,-1,0.05,0.05,0.75,0.55,-1,-1,0.337449,0.232129
2,1,-1,0.1,0.1,0.75,0.55,-1,-1,0.355543,0.205047
2,1,-1,0.15,0.15,0.75,0.55,-1,-1,0.369905,0.189618
2,1,-1,0.2,0.2,0.75,0.55,-1,-1,0.380281,0.178343
2,1,-1,0.25,0.25,0.75,0.55,-1,-1,0.391479,0.169712
2,1,-1,0.3,0.3,0.75,0.55,-1,-1,0.400337,0.164749
2,1,-1,0.35,0.35,0.75,0.55,-1,-1,0.407233,0.159624
2,1,-1,0.4,0.4,0.75,0.55,-1,-1,0.415078,0.156009
2,1,-1,0.45,0.45,0.75,0.55,-1,-1,0.421215,0.15261
2,1,-1,0.5,0.5,0.75,0.55,-1,-1,0.427985,0.150507
2,1,-1,0.55,0.55,0.75,0.55,-1,-1,0.433805,0.148349
2,1,-1,0.6,0.6,0.75,0.55,-1,-1,0.439689,0.14673
2,1,-1,0.65,0.65,0.75,0.55,-1,-1,0.445573,0.145597
2,1,-1,0.7,0.7,0.75,0.55,-1,-1,0.449875,0.144303
2,1,-1,0.75,0.75,0.75,0.55,-1,-1,0.455443,0.143493
2,1,-1,0.8,0.8,0.75,0.55,-1,-1,0.459934,0.142199
2,1,-1,0.85,0.85,0.75,0.55,-1,-1,0.464869,0.141605
2,1,-1,0.9,0.9,0.75,0.55,-1,-1,0.47088,0.141228
2,1,-1,0.95,0.95,0.75,0.55,-1,-1,0.478282,0.140958
2,1,-1,1.0,1.0,0.75,0.55,-1,-1,0.496503,0.140904
2,1,-1,0.05,0.05,0.8,0.55,-1,-1,0.343656,0.221394
2,1,-1,0.1,0.1,0.8,0.55,-1,-1,0.366752,0.188592
2,1,-1,0.15,0.15,0.8,0.55,-1,-1,0.385083,0.169904
2,1,-1,0.2,0.2,0.8,0.55,-1,-1,0.398327,0.156248
2,1,-1,0.25,0.25,0.8,0.55,-1,-1,0.41262,0.145793
2,1,-1,0.3,0.3,0.8,0.55,-1,-1,0.423926,0.139781
2,1,-1,0.35,0.35,0.8,0.55,-1,-1,0.432728,0.133574
2,1,-1,0.4,0.4,0.8,0.55,-1,-1,0.442741,0.129196
2,1,-1,0.45,0.45,0.8,0.55,-1,-1,0.450574,0.125079
2,1,-1,0.5,0.5,0.8,0.55,-1,-1,0.459215,0.122531
2,1,-1,0.55,0.55,0.8,0.55,-1,-1,0.466644,0.119917
2,1,-1,0.6,0.6,0.8,0.55,-1,-1,0.474154,0.117957
2,1,-1,0.65,0.65,0.8,0.55,-1,-1,0.481664,0.116585
2,1,-1,0.7,0.7,0.8,0.55,-1,-1,0.487156,0.115017
2,1,-1,0.75,0.75,0.8,0.55,-1,-1,0.494262,0.114036
2,1,-1,0.8,0.8,0.8,0.55,-1,-1,0.499995,0.112468
2,1,-1,0.85,0.85,0.8,0.55,-1,-1,0.506294,0.111749
2,1,-1,0.9,0.9,0.8,0.55,-1,-1,0.513966,0.111292
2,1,-1,0.95,0.95,0.8,0.55,-1,-1,0.523414,0.110965
2,1,-1,1.0,1.0,0.8,0.55,-1,-1,0.546671,0.1109
2,1,-1,0.05,0.05,0.85,0.55,-1,-1,0.349826,0.211883
2,1,-1,0.1,0.1,0.85,0.55,-1,-1,0.377893,0.174012
2,1,-1,0.15,0.15,0.85,0.55,-1,-1,0.400169,0.152436
2,1,-1,0.2,0.2,0.85,0.55,-1,-1,0.416263,0.136669
2,1,-1,0.25,0.25,0.85,0.55,-1,-1,0.433632,0.124599
2,1,-1,0.3,0.3,0.85,0.55,-1,-1,0.447371,0.117658
2,1,-1,0.35,0.35,0.85,0.55,-1,-1,0.458068,0.110492
2,1,-1,0.4,0.4,0.85,0.55,-1,-1,0.470236,0.105437
2,1,-1,0.45,0.45,0.85,0.55,-1,-1,0.479755,0.100684
2,1,-1,0.5,0.5,0.85,0.55,-1,-1,0.490256,0.097742
2,1,-1,0.55,0.55,0.85,0.55,-1,-1,0.499284,0.094725
2,1,-1,0.6,0.6,0.85,0.55,-1,-1,0.50841,0.092462
2,1,-1,0.65,0.65,0.85,0.55,-1,-1,0.517536,0.090877
2,1,-1,0.7,0.7,0.85,0.55,-1,-1,0.52421,0.089067
2,1,-1,0.75,0.75,0.85,0.55,-1,-1,0.532845,0.087935
2,1,-1,0.8,0.8,0.85,0.55,-1,-1,0.539813,0.086125
2,1,-1,0.85,0.85,0.85,0.55,-1,-1,0.547467,0.085295
2,1,-1,0.9,0.9,0.85,0.55,-1,-1,0.55679,0.084767
2,1,-1,0.95,0.95,0.85,0.55,-1,-1,0.568272,0.084389
2,1,-1,1.0,1.0,0.85,0.55,-1,-1,0.596534,0.084314
2,1,-1,0.05,0.05,0.9,0.55,-1,-1,0.35577,0.203866
2,1,-1,0.1,0.1,0.9,0.55,-1,-1,0.388626,0.161723
2,1,-1,0.15,0.15,0.9,0.55,-1,-1,0.414703,0.137714
2,1,-1,0.2,0.2,0.9,0.55,-1,-1,0.433543,0.120168
2,1,-1,0.25,0.25,0.9,0.55,-1,-1,0.453876,0.106736
2,1,-1,0.3,0.3,0.9,0.55,-1,-1,0.469959,0.099013
2,1,-1,0.35,0.35,0.9,0.55,-1,-1,0.482481,0.091038
2,1,-1,0.4,0.4,0.9,0.55,-1,-1,0.496726,0.085413
2,1,-1,0.45,0.45,0.9,0.55,-1,-1,0.507868,0.080124
2,1,-1,0.5,0.5,0.9,0.55,-1,-1,0.520161,0.07685
2,1,-1,0.55,0.55,0.9,0.55,-1,-1,0.530729,0.073492
2,1,-1,0.6,0.6,0.9,0.55,-1,-1,0.541413,0.070974
2,1,-1,0.65,0.65,0.9,0.55,-1,-1,0.552096,0.069211
2,1,-1,0.7,0.7,0.9,0.55,-1,-1,0.559908,0.067196
2,1,-1,0.75,0.75,0.9,0.55,-1,-1,0.570017,0.065937
2,1,-1,0.8,0.8,0.9,0.55,-1,-1,0.578174,0.063922
2,1,-1,0.85,0.85,0.9,0.55,-1,-1,0.587134,0.062998
2,1,-1,0.9,0.9,0.9,0.55,-1,-1,0.598048,0.062411
2,1,-1,0.95,0.95,0.9,0.55,-1,-1,0.611488,0.061991
2,1,-1,1.0,1.0,0.9,0.55,-1,-1,0.644573,0.061907
2,1,-1,0.05,0.05,0.95,0.55,-1,-1,0.363784,0.195985
2,1,-1,0.1,0.1,0.95,0.55,-1,-1,0.403095,0.149642
2,1,-1,0.15,0.15,0.95,0.55,-1,-1,0.434296,0.12324
2,1,-1,0.2,0.2,0.95,0.55,-1,-1,0.456838,0.103946
2,1,-1,0.25,0.25,0.95,0.55,-1,-1,0.481166,0.089175
2,1,-1,0.3,0.3,0.95,0.55,-1,-1,0.50041,0.080682
2,1,-1,0.35,0.35,0.95,0.55,-1,-1,0.515392,0.071912
2,1,-1,0.4,0.4,0.95,0.55,-1,-1,0.532436,0.065727
2,1,-1,0.45,0.45,0.95,0.55,-1,-1,0.545768,0.059911
2,1,-1,0.5,0.5,0.95,0.55,-1,-1,0.560475,0.05631
2,1,-1,0.55,0.55,0.95,0.55,-1,-1,0.573121,0.052618
2,1,-1,0.6,0.6,0.95,0.55,-1,-1,0.585904,0.049848
2,1,-1,0.65,0.65,0.95,0.55,-1,-1,0.598686,0.047909
2,1,-1,0.7,0.7,0.95,0.55,-1,-1,0.608033,0.045694
2,1,-1,0.75,0.75,0.95,0.55,-1,-1,0.620129,0.044309
2,1,-1,0.8,0.8,0.95,0.55,-1,-1,0.629888,0.042094
2,1,-1,0.85,0.85,0.95,0.55,-1,-1,0.640609,0.041078
2,1,-1,0.9,0.9,0.95,0.55,-1,-1,0.653667,0.040432
2,1,-1,0.95,0.95,0.95,0.55,-1,-1,0.669748,0.03997
2,1,-1,1.0,1.0,0.95,0.55,-1,-1,0.709334,0.039878
2,1,-1,0.05,0.05,1.0,0.55,-1,-1,0.39975,0.181718
2,1,-1,0.1,0.1,1.0,0.55,-1,-1,0.468036,0.127772
2,1,-1,0.15,0.15,1.0,0.55,-1,-1,0.522235,0.097038
2,1,-1,0.2,0.2,1.0,0.55,-1,-1,0.561392,0.074579
2,1,-1,0.25,0.25,1.0,0.55,-1,-1,0.603653,0.057384
2,1,-1,0.3,0.3,1.0,0.55,-1,-1,0.63708,0.047498
2,1,-1,0.35,0.35,1.0,0.55,-1,-1,0.663105,0.037289
2,1,-1,0.4,0.4,1.0,0.55,-1,-1,0.692712,0.030089
2,1,-1,0.45,0.45,1.0,0.55,-1,-1,0.715872,0.023319
2,1,-1,0.5,0.5,1.0,0.55,-1,-1,0.74142,0.019128
2,1,-1,0.55,0.55,1.0,0.55,-1,-1,0.763386,0.01483
2,1,-1,0.6,0.6,1.0,0.55,-1,-1,0.785591,0.011606
2,1,-1,0.65,0.65,1.0,0.55,-1,-1,0.807796,0.009349
2,1,-1,0.7,0.7,1.0,0.55,-1,-1,0.824032,0.00677
2,1,-1,0.75,0.75,1.0,0.55,-1,-1,0.845043,0.005158
2,1,-1,0.8,0.8,1.0,0.55,-1,-1,0.861995,0.002579
2,1,-1,0.85,0.85,1.0,0.55,-1,-1,0.880618,0.001397
2,1,-1,0.9,0.9,1.0,0.55,-1,-1,0.903301,0.000645
2,1,-1,0.95,0.95,1.0,0.55,-1,-1,0.931237,0.000108
2,1,-1,1.0,1.0,1.0,0.55,-1,-1,1.0,0.0
2,1,-1,0.05,0.05,0.6,0.6,-1,-1,0.358468,0.243828
2,1,-1,0.1,0.1,0.6,0.6,-1,-1,0.358468,0.243828
2,1,-1,0.15,0.15,0.6,0.6,-1,-1,0.358468,0.243828
2,1,-1,0.2,0.2,0.6,0.6,-1,-1,0.358468,0.243828
2,1,-1,0.25,0.25,0.6,0.6,-1,-1,0.358468,0.243828
2,1,-1,0.3,0.3,0.6,0.6,-1,-1,0.358468,0.243828
2,1,-1,0.35,0.35,0.6,0.6,-1,-1,0.358468,0.243828
2,1,-1,0.4,0.4,0.6,0.6,-1,-1,0.358468,0.243828
2,1,-1,0.45,0.45,0.6,0.6,-1,-1,0.358468,0.243828
2,1,-1,0.5,0.5,0.6,0.6,-1,-1,0.358468,0.243828
2,1,-1,0.55,0.55,0.6,0.6,-1,-1,0.358468,0.243828
2,1,-1,0.6,0.6,0.6,0.6,-1,-1,0.358468,0.243828
2,1,-1,0.65,0.65,0.6,0.6,-1,-1,0.358468,0.243828
2,1,-1,0.7,0.7,0.6,0.6,-1,-1,0.358468,0.243828
2,1,-1,0.75,0.75,0.6,0.6,-1,-1,0.358468,0.243828
2,1,-1,0.8,0.8,0.6,0.6,-1,-1,0.358468,0.243828
2,1,-1,0.85,0.85,0.6,0.6,-1,-1,0.358468,0.243828
2,1,-1,0.9,0.9,0.6,0.6,-1,-1,0.358468,0.243828
2,1,-1,0.95,0.95,0.6,0.6,-1,-1,0.358468,0.243828
2,1,-1,1.0,1.0,0.6,0.6,-1,-1,0.358468,0.243828
2,1,-1,0.05,0.05,0.65,0.6,-1,-1,0.363547,0.230512
2,1,-1,0.1,0.1,0.65,0.6,-1,-1,0.367639,0.223416
2,1,-1,0.15,0.15,0.65,0.6,-1,-1,0.370886,0.219373
2,1,-1,0.2,0.2,0.65,0.6,-1,-1,0.373233,0.216418
2,1,-1,0.25,0.25,0.65,0.6,-1,-1,0.375765,0.214157
2,1,-1,0.3,0.3,0.65,0.6,-1,-1,0.377768,0.212856
2,1,-1,0.35,0.35,0.65,0.6,-1,-1,0.379327,0.211513
2,1,-1,0.4,0.4,0.65,0.6,-1,-1,0.381101,0.210566
2,1,-1,0.45,0.45,0.65,0.6,-1,-1,0.382489,0.209675
2,1,-1,0.5,0.5,0.65,0.6,-1,-1,0.38402,0.209124
2,1,-1,0.55,0.55,0.65,0.6,-1,-1,0.385336,0.208559
2,1,-1,0.6,0.6,0.65,0.6,-1,-1,0.386667,0.208135
2,1,-1,0.65,0.65,0.65,0.6,-1,-1,0.387997,0.207838
2,1,-1,0.7,0.7,0.65,0.6,-1,-1,0.38897,0.207499
2,1,-1,0.75,0.75,0.65,0.6,-1,-1,0.390229,0.207287
2,1,-1,0.8,0.8,0.65,0.6,-1,-1,0.391245,0.206947
2,1,-1,0.85,0.85,0.65,0.6,-1,-1,0.392361,0.206792
2,1,-1,0.9,0.9,0.65,0.6,-1,-1,0.39372,0.206693
2,1,-1,0.95,0.95,0.65,0.6,-1,-1,0.395394,0.206622
2,1,-1,1.0,1.0,0.65,0.6,-1,-1,0.399514,0.206608
2,1,-1,0.05,0.05,0.7,0.6,-1,-1,0.369792,0.217876
2,1,-1,0.1,0.1,0.7,0.6,-1,-1,0.378915,0.204045
2,1,-1,0.15,0.15,0.7,0.6,-1,-1,0.386156,0.196166
2,1,-1,0.2,0.2,0.7,0.6,-1,-1,0.391387,0.190408
2,1,-1,0.25,0.25,0.7,0.6,-1,-1,0.397033,0.186
2,1,-1,0.3,0.3,0.7,0.6,-1,-1,0.401499,0.183465
2,1,-1,0.35,0.35,0.7,0.6,-1,-1,0.404976,0.180848
2,1,-1,0.4,0.4,0.7,0.6,-1,-1,0.408932,0.179002
2,1,-1,0.45,0.45,0.7,0.6,-1,-1,0.412026,0.177266
2,1,-1,0.5,0.5,0.7,0.6,-1,-1,0.415439,0.176192
2,1,-1,0.55,0.55,0.7,0.6,-1,-1,0.418373,0.17509
2,1,-1,0.6,0.6,0.7,0.6,-1,-1,0.42134,0.174263
2,1,-1,0.65,0.65,0.7,0.6,-1,-1,0.424307,0.173685
2,1,-1,0.7,0.7,0.7,0.6,-1,-1,0.426476,0.173024
2,1,-1,0.75,0.75,0.7,0.6,-1,-1,0.429283,0.17261
2,1,-1,0.8,0.8,0.7,0.6,-1,-1,0.431548,0.171949
2,1,-1,0.85,0.85,0.7,0.6,-1,-1,0.434036,0.171646
2,1,-1,0.9,0.9,0.7,0.6,-1,-1,0.437066,0.171453
2,1,-1,0.95,0.95,0.7,0.6,-1,-1,0.440798,0.171316
2,1,-1,1.0,1.0,0.7,0.6,-1,-1,0.449985,0.171288
2,1,-1,0.05,0.05,0.75,0.6,-1,-1,0.375548,0.207005
2,1,-1,0.1,0.1,0.75,0.6,-1,-1,0.389308,0.187382
2,1,-1,0.15,0.15,0.75,0.6,-1,-1,0.40023,0.176202
2,1,-1,0.2,0.2,0.75,0.6,-1,-1,0.40812,0.168033
2,1,-1,0.25,0.25,0.75,0.6,-1,-1,0.416636,0.161778
2,1,-1,0.3,0.3,0.75,0.6,-1,-1,0.423372,0.158182
2,1,-1,0.35,0.35,0.75,0.6,-1,-1,0.428616,0.154468
2,1,-1,0.4,0.4,0.75,0.6,-1,-1,0.434582,0.151849
2,1,-1,0.45,0.45,0.75,0.6,-1,-1,0.439249,0.149386
2,1,-1,0.5,0.5,0.75,0.6,-1,-1,0.444397,0.147862
2,1,-1,0.55,0.55,0.75,0.6,-1,-1,0.448823,0.146298
2,1,-1,0.6,0.6,0.75,0.6,-1,-1,0.453298,0.145126
2,1,-1,0.65,0.65,0.75,0.6,-1,-1,0.457772,0.144305
2,1,-1,0.7,0.7,0.75,0.6,-1,-1,0.461044,0.143367
2,1,-1,0.75,0.75,0.75,0.6,-1,-1,0.465278,0.14278
2,1,-1,0.8,0.8,0.75,0.6,-1,-1,0.468694,0.141842
2,1,-1,0.85,0.85,0.75,0.6,-1,-1,0.472447,0.141412
2,1,-1,0.9,0.9,0.75,0.6,-1,-1,0.477017,0.141139
2,1,-1,0.95,0.95,0.75,0.6,-1,-1,0.482647,0.140943
2,1,-1,1.0,1.0,0.75,0.6,-1,-1,0.496503,0.140904
2,1,-1,0.05,0.05,0.8,0.6,-1,-1,0.381755,0.196271
2,1,-1,0.1,0.1,0.8,0.6,-1,-1,0.400517,0.170927
2,1,-1,0.15,0.15,0.8,0.6,-1,-1,0.415408,0.156488
2,1,-1,0.2,0.2,0.8,0.6,-1,-1,0.426166,0.145937
2,1,-1,0.25,0.25,0.8,0.6,-1,-1,0.437777,0.137859
2,1,-1,0.3,0.3,0.8,0.6,-1,-1,0.446961,0.133214
2,1,-1,0.35,0.35,0.8,0.6,-1,-1,0.454111,0.128418
2,1,-1,0.4,0.4,0.8,0.6,-1,-1,0.462245,0.125036
2,1,-1,0.45,0.45,0.8,0.6,-1,-1,0.468608,0.121855
2,1,-1,0.5,0.5,0.8,0.6,-1,-1,0.475628,0.119886
2,1,-1,0.55,0.55,0.8,0.6,-1,-1,0.481662,0.117867
2,1,-1,0.6,0.6,0.8,0.6,-1,-1,0.487763,0.116352
2,1,-1,0.65,0.65,0.8,0.6,-1,-1,0.493864,0.115292
2,1,-1,0.7,0.7,0.8,0.6,-1,-1,0.498325,0.114081
2,1,-1,0.75,0.75,0.8,0.6,-1,-1,0.504097,0.113323
2,1,-1,0.8,0.8,0.8,0.6,-1,-1,0.508755,0.112112
2,1,-1,0.85,0.85,0.8,0.6,-1,-1,0.513872,0.111556
2,1,-1,0.9,0.9,0.8,0.6,-1,-1,0.520104,0.111203
2,1,-1,0.95,0.95,0.8,0.6,-1,-1,0.527779,0.110951
2,1,-1,1.0,1.0,0.8,0.6,-1,-1,0.546671,0.1109
2,1,-1,0.05,0.05,0.85,0.6,-1,-1,0.387925,0.186759
2,1,-1,0.1,0.1,0.85,0.6,-1,-1,0.411657,0.156347
2,1,-1,0.15,0.15,0.85,0.6,-1,-1,0.430493,0.13902
2,1,-1,0.2,0.2,0.85,0.6,-1,-1,0.444102,0.126358
2,1,-1,0.25,0.25,0.85,0.6,-1,-1,0.458789,0.116665
2,1,-1,0.3,0.3,0.85,0.6,-1,-1,0.470406,0.111091
2,1,-1,0.35,0.35,0.85,0.6,-1,-1,0.479451,0.105336
2,1,-1,0.4,0.4,0.85,0.6,-1,-1,0.48974,0.101277
2,1,-1,0.45,0.45,0.85,0.6,-1,-1,0.497789,0.09746
2,1,-1,0.5,0.5,0.85,0.6,-1,-1,0.506668,0.095098
2,1,-1,0.55,0.55,0.85,0.6,-1,-1,0.514302,0.092674
2,1,-1,0.6,0.6,0.85,0.6,-1,-1,0.522019,0.090857
2,1,-1,0.65,0.65,0.85,0.6,-1,-1,0.529736,0.089585
2,1,-1,0.7,0.7,0.85,0.6,-1,-1,0.535379,0.088131
2,1,-1,0.75,0.75,0.85,0.6,-1,-1,0.542681,0.087222
2,1,-1,0.8,0.8,0.85,0.6,-1,-1,0.548572,0.085768
2,1,-1,0.85,0.85,0.85,0.6,-1,-1,0.555045,0.085102
2,1,-1,0.9,0.9,0.85,0.6,-1,-1,0.562928,0.084678
2,1,-1,0.95,0.95,0.85,0.6,-1,-1,0.572636,0.084375
2,1,-1,1.0,1.0,0.85,0.6,-1,-1,0.596534,0.084314
2,1,-1,0.05,0.05,0.9,0.6,-1,-1,0.393869,0.178743
2,1,-1,0.1,0.1,0.9,0.6,-1,-1,0.42239,0.144058
2,1,-1,0.15,0.15,0.9,0.6,-1,-1,0.445027,0.124298
2,1,-1,0.2,0.2,0.9,0.6,-1,-1,0.461382,0.109857
2,1,-1,0.25,0.25,0.9,0.6,-1,-1,0.479033,0.098802
2,1,-1,0.3,0.3,0.9,0.6,-1,-1,0.492994,0.092446
2,1,-1,0.35,0.35,0.9,0.6,-1,-1,0.503864,0.085882
2,1,-1,0.4,0.4,0.9,0.6,-1,-1,0.51623,0.081253
2,1,-1,0.45,0.45,0.9,0.6,-1,-1,0.525903,0.0769
2,1,-1,0.5,0.5,0.9,0.6,-1,-1,0.536573,0.074205
2,1,-1,0.55,0.55,0.9,0.6,-1,-1,0.545747,0.071442
2,1,-1,0.6,0.6,0.9,0.6,-1,-1,0.555022,0.069369
2,1,-1,0.65,0.65,0.9,0.6,-1,-1,0.564296,0.067918
2,1,-1,0.7,0.7,0.9,0.6,-1,-1,0.571077,0.06626
2,1,-1,0.75,0.75,0.9,0.6,-1,-1,0.579853,0.065223
2,1,-1,0.8,0.8,0.9,0.6,-1,-1,0.586933,0.063565
2,1,-1,0.85,0.85,0.9,0.6,-1,-1,0.594711,0.062805
2,1,-1,0.9,0.9,0.9,0.6,-1,-1,0.604185,0.062322
2,1,-1,0.95,0.95,0.9,0.6,-1,-1,0.615853,0.061976
2,1,-1,1.0,1.0,0.9,0.6,-1,-1,0.644573,0.061907
2,1,-1,0.05,0.05,0.95,0.6,-1,-1,0.401883,0.170861
2,1,-1,0.1,0.1,0.95,0.6,-1,-1,0.43686,0.131977
2,1,-1,0.15,0.15,0.95,0.6,-1,-1,0.46462,0.109824
2,1,-1,0.2,0.2,0.95,0.6,-1,-1,0.484677,0.093635
2,1,-1,0.25,0.25,0.95,0.6,-1,-1,0.506323,0.081241
2,1,-1,0.3,0.3,0.95,0.6,-1,-1,0.523445,0.074115
2,1,-1,0.35,0.35,0.95,0.6,-1,-1,0.536775,0.066756
2,1,-1,0.4,0.4,0.95,0.6,-1,-1,0.55194,0.061567
2,1,-1,0.45,0.45,0.95,0.6,-1,-1,0.563802,0.056687
2,1,-1,0.5,0.5,0.95,0.6,-1,-1,0.576888,0.053666
2,1,-1,0.55,0.55,0.95,0.6,-1,-1,0.588139,0.050567
2,1,-1,0.6,0.6,0.95,0.6,-1,-1,0.599513,0.048244
2,1,-1,0.65,0.65,0.95,0.6,-1,-1,0.610886,0.046617
2,1,-1,0.7,0.7,0.95,0.6,-1,-1,0.619202,0.044758
2,1,-1,0.75,0.75,0.95,0.6,-1,-1,0.629964,0.043596
2,1,-1,0.8,0.8,0.95,0.6,-1,-1,0.638647,0.041737
2,1,-1,0.85,0.85,0.95,0.6,-1,-1,0.648186,0.040885
2,1,-1,0.9,0.9,0.95,0.6,-1,-1,0.659804,0.040343
2,1,-1,0.95,0.95,0.95,0.6,-1,-1,0.674113,0.039956
2,1,-1,1.0,1.0,0.95,0.6,-1,-1,0.709334,0.039878
2,1,-1,0.05,0.05,1.0,0.6,-1,-1,0.437849,0.156594
2,1,-1,0.1,0.1,1.0,0.6,-1,-1,0.501801,0.110107
2,1,-1,0.15,0.15,1.0,0.6,-1,-1,0.55256,0.083622
2,1,-1,0.2,0.2,1.0,0.6,-1,-1,0.589232,0.064268
2,1,-1,0.25,0.25,1.0,0.6,-1,-1,0.62881,0.049451
2,1,-1,0.3,0.3,1.0,0.6,-1,-1,0.660116,0.040931
2,1,-1,0.35,0.35,1.0,0.6,-1,-1,0.684489,0.032134
2,1,-1,0.4,0.4,1.0,0.6,-1,-1,0.712216,0.025929
2,1,-1,0.45,0.45,1.0,0.6,-1,-1,0.733906,0.020095
2,1,-1,0.5,0.5,1.0,0.6,-1,-1,0.757833,0.016484
2,1,-1,0.55,0.55,1.0,0.6,-1,-1,0.778404,0.01278
2,1,-1,0.6,0.6,1.0,0.6,-1,-1,0.7992,0.010001
2,1,-1,0.65,0.65,1.0,0.6,-1,-1,0.819995,0.008057
2,1,-1,0.7,0.7,1.0,0.6,-1,-1,0.835201,0.005834
2,1,-1,0.75,0.75,1.0,0.6,-1,-1,0.854878,0.004445
2,1,-1,0.8,0.8,1.0,0.6,-1,-1,0.870754,0.002222
2,1,-1,0.85,0.85,1.0,0.6,-1,-1,0.888196,0.001204
2,1,-1,0.9,0.9,1.0,0.6,-1,-1,0.909439,0.000556
2,1,-1,0.95,0.95,1.0,0.6,-1,-1,0.935601,9.3e-05
2,1,-1,1.0,1.0,1.0,0.6,-1,-1,1.0,0.0
2,1,-1,0.05,0.05,0.65,0.65,-1,-1,0.399514,0.206608
2,1,-1,0.1,0.1,0.65,0.65,-1,-1,0.399514,0.206608
2,1,-1,0.15,0.15,0.65,0.65,-1,-1,0.399514,0.206608
2,1,-1,0.2,0.2,0.65,0.65,-1,-1,0.399514,0.206608
2,1,-1,0.25,0.25,0.65,0.65,-1,-1,0.399514,0.206608
2,1,-1,0.3,0.3,0.65,0.65,-1,-1,0.399514,0.206608
2,1,-1,0.35,0.35,0.65,0.65,-1,-1,0.399514,0.206608
2,1,-1,0.4,0.4,0.65,0.65,-1,-1,0.399514,0.206608
2,1,-1,0.45,0.45,0.65,0.65,-1,-1,0.399514,0.206608
2,1,-1,0.5,0.5,0.65,0.65,-1,-1,0.399514,0.206608
2,1,-1,0.55,0.55,0.65,0.65,-1,-1,0.399514,0.206608
2,1,-1,0.6,0.6,0.65,0.65,-1,-1,0.399514,0.206608
2,1,-1,0.65,0.65,0.65,0.65,-1,-1,0.399514,0.206608
2,1,-1,0.7,0.7,0.65,0.65,-1,-1,0.399514,0.206608
2,1,-1,0.75,0.75,0.65,0.65,-1,-1,0.399514,0.206608
2,1,-1,0.8,0.8,0.65,0.65,-1,-1,0.399514,0.206608
2,1,-1,0.85,0.85,0.65,0.65,-1,-1,0.399514,0.206608
2,1,-1,0.9,0.9,0.65,0.65,-1,-1,0.399514,0.206608
2,1,-1,0.95,0.95,0.65,0.65,-1,-1,0.399514,0.206608
2,1,-1,1.0,1.0,0.65,0.65,-1,-1,0.399514,0.206608
2,1,-1,0.05,0.05,0.7,0.65,-1,-1,0.405759,0.193972
2,1,-1,0.1,0.1,0.7,0.65,-1,-1,0.41079,0.187238
2,1,-1,0.15,0.15,0.7,0.65,-1,-1,0.414784,0.183401
2,1,-1,0.2,0.2,0.7,0.65,-1,-1,0.417669,0.180598
2,1,-1,0.25,0.25,0.7,0.65,-1,-1,0.420783,0.178451
2,1,-1,0.3,0.3,0.7,0.65,-1,-1,0.423245,0.177217
2,1,-1,0.35,0.35,0.7,0.65,-1,-1,0.425163,0.175943
2,1,-1,0.4,0.4,0.7,0.65,-1,-1,0.427344,0.175044
2,1,-1,0.45,0.45,0.7,0.65,-1,-1,0.429051,0.174199
2,1,-1,0.5,0.5,0.7,0.65,-1,-1,0.430933,0.173676
2,1,-1,0.55,0.55,0.7,0.65,-1,-1,0.432551,0.173139
2,1,-1,0.6,0.6,0.7,0.65,-1,-1,0.434188,0.172737
2,1,-1,0.65,0.65,0.7,0.65,-1,-1,0.435824,0.172455
2,1,-1,0.7,0.7,0.7,0.65,-1,-1,0.43702,0.172133
2,1,-1,0.75,0.75,0.7,0.65,-1,-1,0.438568,0.171932
2,1,-1,0.8,0.8,0.7,0.65,-1,-1,0.439817,0.17161
2,1,-1,0.85,0.85,0.7,0.65,-1,-1,0.441189,0.171462
2,1,-1,0.9,0.9,0.7,0.65,-1,-1,0.44286,0.171368
2,1,-1,0.95,0.95,0.7,0.65,-1,-1,0.444919,0.171301
2,1,-1,1.0,1.0,0.7,0.65,-1,-1,0.449985,0.171288
2,1,-1,0.05,0.05,0.75,0.65,-1,-1,0.411515,0.183101
2,1,-1,0.1,0.1,0.75,0.65,-1,-1,0.421184,0.170574
2,1,-1,0.15,0.15,0.75,0.65,-1,-1,0.428857,0.163438
2,1,-1,0.2,0.2,0.75,0.65,-1,-1,0.434402,0.158222
2,1,-1,0.25,0.25,0.75,0.65,-1,-1,0.440385,0.154229
2,1,-1,0.3,0.3,0.75,0.65,-1,-1,0.445118,0.151934
2,1,-1,0.35,0.35,0.75,0.65,-1,-1,0.448803,0.149563
2,1,-1,0.4,0.4,0.75,0.65,-1,-1,0.452995,0.147891
2,1,-1,0.45,0.45,0.75,0.65,-1,-1,0.456274,0.146319
2,1,-1,0.5,0.5,0.75,0.65,-1,-1,0.459891,0.145346
2,1,-1,0.55,0.55,0.75,0.65,-1,-1,0.463001,0.144348
2,1,-1,0.6,0.6,0.75,0.65,-1,-1,0.466145,0.143599
2,1,-1,0.65,0.65,0.75,0.65,-1,-1,0.469289,0.143075
2,1,-1,0.7,0.7,0.75,0.65,-1,-1,0.471588,0.142476
2,1,-1,0.75,0.75,0.75,0.65,-1,-1,0.474563,0.142102
2,1,-1,0.8,0.8,0.75,0.65,-1,-1,0.476963,0.141503
2,1,-1,0.85,0.85,0.75,0.65,-1,-1,0.4796,0.141228
2,1,-1,0.9,0.9,0.75,0.65,-1,-1,0.482812,0.141054
2,1,-1,0.95,0.95,0.75,0.65,-1,-1,0.486767,0.140929
2,1,-1,1.0,1.0,0.75,0.65,-1,-1,0.496503,0.140904
2,1,-1,0.05,0.05,0.8,0.65,-1,-1,0.417723,0.172367
2,1,-1,0.1,0.1,0.8,0.65,-1,-1,0.432392,0.154119
2,1,-1,0.15,0.15,0.8,0.65,-1,-1,0.444035,0.143724
2,1,-1,0.2,0.2,0.8,0.65,-1,-1,0.452447,0.136127
2,1,-1,0.25,0.25,0.8,0.65,-1,-1,0.461526,0.130311
2,1,-1,0.3,0.3,0.8,0.65,-1,-1,0.468707,0.126966
2,1,-1,0.35,0.35,0.8,0.65,-1,-1,0.474298,0.123513
2,1,-1,0.4,0.4,0.8,0.65,-1,-1,0.480658,0.121078
2,1,-1,0.45,0.45,0.8,0.65,-1,-1,0.485633,0.118788
2,1,-1,0.5,0.5,0.8,0.65,-1,-1,0.491122,0.11737
2,1,-1,0.55,0.55,0.8,0.65,-1,-1,0.49584,0.115916
2,1,-1,0.6,0.6,0.8,0.65,-1,-1,0.500611,0.114826
2,1,-1,0.65,0.65,0.8,0.65,-1,-1,0.505381,0.114062
2,1,-1,0.7,0.7,0.8,0.65,-1,-1,0.508869,0.11319
2,1,-1,0.75,0.75,0.8,0.65,-1,-1,0.513382,0.112645
2,1,-1,0.8,0.8,0.8,0.65,-1,-1,0.517024,0.111772
2,1,-1,0.85,0.85,0.8,0.65,-1,-1,0.521025,0.111373
2,1,-1,0.9,0.9,0.8,0.65,-1,-1,0.525898,0.111118
2,1,-1,0.95,0.95,0.8,0.65,-1,-1,0.531899,0.110936
2,1,-1,1.0,1.0,0.8,0.65,-1,-1,0.546671,0.1109
2,1,-1,0.05,0.05,0.85,0.65,-1,-1,0.423892,0.162855
2,1,-1,0.1,0.1,0.85,0.65,-1,-1,0.443533,0.139539
2,1,-1,0.15,0.15,0.85,0.65,-1,-1,0.459121,0.126255
2,1,-1,0.2,0.2,0.85,0.65,-1,-1,0.470383,0.116548
2,1,-1,0.25,0.25,0.85,0.65,-1,-1,0.482538,0.109116
2,1,-1,0.3,0.3,0.85,0.65,-1,-1,0.492153,0.104843
2,1,-1,0.35,0.35,0.85,0.65,-1,-1,0.499638,0.100431
2,1,-1,0.4,0.4,0.85,0.65,-1,-1,0.508153,0.097319
2,1,-1,0.45,0.45,0.85,0.65,-1,-1,0.514814,0.094393
2,1,-1,0.5,0.5,0.85,0.65,-1,-1,0.522162,0.092581
2,1,-1,0.55,0.55,0.85,0.65,-1,-1,0.52848,0.090724
2,1,-1,0.6,0.6,0.85,0.65,-1,-1,0.534867,0.08933
2,1,-1,0.65,0.65,0.85,0.65,-1,-1,0.541253,0.088355
2,1,-1,0.7,0.7,0.85,0.65,-1,-1,0.545923,0.08724
2,1,-1,0.75,0.75,0.85,0.65,-1,-1,0.551966,0.086543
2,1,-1,0.8,0.8,0.85,0.65,-1,-1,0.556842,0.085429
2,1,-1,0.85,0.85,0.85,0.65,-1,-1,0.562198,0.084918
2,1,-1,0.9,0.9,0.85,0.65,-1,-1,0.568722,0.084593
2,1,-1,0.95,0.95,0.85,0.65,-1,-1,0.576757,0.08436
2,1,-1,1.0,1.0,0.85,0.65,-1,-1,0.596534,0.084314
2,1,-1,0.05,0.05,0.9,0.65,-1,-1,0.429837,0.154839
2,1,-1,0.1,0.1,0.9,0.65,-1,-1,0.454266,0.12725
2,1,-1,0.15,0.15,0.9,0.65,-1,-1,0.473655,0.111533
2,1,-1,0.2,0.2,0.9,0.65,-1,-1,0.487663,0.100047
2,1,-1,0.25,0.25,0.9,0.65,-1,-1,0.502782,0.091254
2,1,-1,0.3,0.3,0.9,0.65,-1,-1,0.51474,0.086198
2,1,-1,0.35,0.35,0.9,0.65,-1,-1,0.524051,0.080977
2,1,-1,0.4,0.4,0.9,0.65,-1,-1,0.534642,0.077295
2,1,-1,0.45,0.45,0.9,0.65,-1,-1,0.542928,0.073833
2,1,-1,0.5,0.5,0.9,0.65,-1,-1,0.552067,0.071689
2,1,-1,0.55,0.55,0.9,0.65,-1,-1,0.559925,0.069491
2,1,-1,0.6,0.6,0.9,0.65,-1,-1,0.567869,0.067842
2,1,-1,0.65,0.65,0.9,0.65,-1,-1,0.575813,0.066688
2,1,-1,0.7,0.7,0.9,0.65,-1,-1,0.581621,0.065369
2,1,-1,0.75,0.75,0.9,0.65,-1,-1,0.589138,0.064545
2,1,-1,0.8,0.8,0.9,0.65,-1,-1,0.595202,0.063226
2,1,-1,0.85,0.85,0.9,0.65,-1,-1,0.601865,0.062621
2,1,-1,0.9,0.9,0.9,0.65,-1,-1,0.609979,0.062237
2,1,-1,0.95,0.95,0.9,0.65,-1,-1,0.619973,0.061962
2,1,-1,1.0,1.0,0.9,0.65,-1,-1,0.644573,0.061907
2,1,-1,0.05,0.05,0.95,0.65,-1,-1,0.43785,0.146958
2,1,-1,0.1,0.1,0.95,0.65,-1,-1,0.468735,0.115169
2,1,-1,0.15,0.15,0.95,0.65,-1,-1,0.493248,0.097059
2,1,-1,0.2,0.2,0.95,0.65,-1,-1,0.510958,0.083824
2,1,-1,0.25,0.25,0.95,0.65,-1,-1,0.530072,0.073693
2,1,-1,0.3,0.3,0.95,0.65,-1,-1,0.545191,0.067867
2,1,-1,0.35,0.35,0.95,0.65,-1,-1,0.556962,0.061851
2,1,-1,0.4,0.4,0.95,0.65,-1,-1,0.570352,0.057609
2,1,-1,0.45,0.45,0.95,0.65,-1,-1,0.580827,0.053619
2,1,-1,0.5,0.5,0.95,0.65,-1,-1,0.592382,0.051149
2,1,-1,0.55,0.55,0.95,0.65,-1,-1,0.602317,0.048617
2,1,-1,0.6,0.6,0.95,0.65,-1,-1,0.61236,0.046717
2,1,-1,0.65,0.65,0.95,0.65,-1,-1,0.622403,0.045387
2,1,-1,0.7,0.7,0.95,0.65,-1,-1,0.629746,0.043867
2,1,-1,0.75,0.75,0.95,0.65,-1,-1,0.639249,0.042917
2,1,-1,0.8,0.8,0.95,0.65,-1,-1,0.646916,0.041398
2,1,-1,0.85,0.85,0.95,0.65,-1,-1,0.655339,0.040701
2,1,-1,0.9,0.9,0.95,0.65,-1,-1,0.665599,0.040258
2,1,-1,0.95,0.95,0.95,0.65,-1,-1,0.678233,0.039941
2,1,-1,1.0,1.0,0.95,0.65,-1,-1,0.709334,0.039878
2,1,-1,0.05,0.05,1.0,0.65,-1,-1,0.473816,0.13269
2,1,-1,0.1,0.1,1.0,0.65,-1,-1,0.533676,0.093299
2,1,-1,0.15,0.15,1.0,0.65,-1,-1,0.581187,0.070857
2,1,-1,0.2,0.2,1.0,0.65,-1,-1,0.615513,0.054457
2,1,-1,0.25,0.25,1.0,0.65,-1,-1,0.652559,0.041902
2,1,-1,0.3,0.3,1.0,0.65,-1,-1,0.681862,0.034683
2,1,-1,0.35,0.35,1.0,0.65,-1,-1,0.704676,0.027229
2,1,-1,0.4,0.4,1.0,0.65,-1,-1,0.730629,0.021971
2,1,-1,0.45,0.45,1.0,0.65,-1,-1,0.750931,0.017028
2,1,-1,0.5,0.5,1.0,0.65,-1,-1,0.773327,0.013967
2,1,-1,0.55,0.55,1.0,0.65,-1,-1,0.792582,0.010829
2,1,-1,0.6,0.6,1.0,0.65,-1,-1,0.812047,0.008475
2,1,-1,0.65,0.65,1.0,0.65,-1,-1,0.831512,0.006827
2,1,-1,0.7,0.7,1.0,0.65,-1,-1,0.845745,0.004944
2,1,-1,0.75,0.75,1.0,0.65,-1,-1,0.864163,0.003766
2,1,-1,0.8,0.8,1.0,0.65,-1,-1,0.879024,0.001883
2,1,-1,0.85,0.85,1.0,0.65,-1,-1,0.895349,0.00102
2,1,-1,0.9,0.9,1.0,0.65,-1,-1,0.915233,0.000471
2,1,-1,0.95,0.95,1.0,0.65,-1,-1,0.939721,7.9e-05
2,1,-1,1.0,1.0,1.0,0.65,-1,-1,1.0,0.0
2,1,-1,0.05,0.05,0.7,0.7,-1,-1,0.449985,0.171288
2,1,-1,0.1,0.1,0.7,0.7,-1,-1,0.449985,0.171288
2,1,-1,0.15,0.15,0.7,0.7,-1,-1,0.449985,0.171288
2,1,-1,0.2,0.2,0.7,0.7,-1,-1,0.449985,0.171288
2,1,-1,0.25,0.25,0.7,0.7,-1,-1,0.449985,0.171288
2,1,-1,0.3,0.3,0.7,0.7,-1,-1,0.449985,0.171288
2,1,-1,0.35,0.35,0.7,0.7,-1,-1,0.449985,0.171288
2,1,-1,0.4,0.4,0.7,0.7,-1,-1,0.449985,0.171288
2,1,-1,0.45,0.45,0.7,0.7,-1,-1,0.449985,0.171288
2,1,-1,0.5,0.5,0.7,0.7,-1,-1,0.449985,0.171288
2,1,-1,0.55,0.55,0.7,0.7,-1,-1,0.449985,0.171288
2,1,-1,0.6,0.6,0.7,0.7,-1,-1,0.449985,0.171288
2,1,-1,0.65,0.65,0.7,0.7,-1,-1,0.449985,0.171288
2,1,-1,0.7,0.7,0.7,0.7,-1,-1,0.449985,0.171288
2,1,-1,0.75,0.75,0.7,0.7,-1,-1,0.449985,0.171288
2,1,-1,0.8,0.8,0.7,0.7,-1,-1,0.449985,0.171288
2,1,-1,0.85,0.85,0.7,0.7,-1,-1,0.449985,0.171288
2,1,-1,0.9,0.9,0.7,0.7,-1,-1,0.449985,0.171288
2,1,-1,0.95,0.95,0.7,0.7,-1,-1,0.449985,0.171288
2,1,-1,1.0,1.0,0.7,0.7,-1,-1,0.449985,0.171288
2,1,-1,0.05,0.05,0.75,0.7,-1,-1,0.455741,0.160418
2,1,-1,0.1,0.1,0.75,0.7,-1,-1,0.460378,0.154625
2,1,-1,0.15,0.15,0.75,0.7,-1,-1,0.464059,0.151324
2,1,-1,0.2,0.2,0.75,0.7,-1,-1,0.466718,0.148913
2,1,-1,0.25,0.25,0.75,0.7,-1,-1,0.469588,0.147066
2,1,-1,0.3,0.3,0.75,0.7,-1,-1,0.471858,0.146005
2,1,-1,0.35,0.35,0.75,0.7,-1,-1,0.473625,0.144908
2,1,-1,0.4,0.4,0.75,0.7,-1,-1,0.475636,0.144135
2,1,-1,0.45,0.45,0.75,0.7,-1,-1,0.477208,0.143408
2,1,-1,0.5,0.5,0.75,0.7,-1,-1,0.478943,0.142958
2,1,-1,0.55,0.55,0.75,0.7,-1,-1,0.480435,0.142496
2,1,-1,0.6,0.6,0.75,0.7,-1,-1,0.481943,0.14215
2,1,-1,0.65,0.65,0.75,0.7,-1,-1,0.483451,0.141908
2,1,-1,0.7,0.7,0.75,0.7,-1,-1,0.484553,0.141631
2,1,-1,0.75,0.75,0.75,0.7,-1,-1,0.48598,0.141458
2,1,-1,0.8,0.8,0.75,0.7,-1,-1,0.487131,0.141181
2,1,-1,0.85,0.85,0.75,0.7,-1,-1,0.488396,0.141054
2,1,-1,0.9,0.9,0.75,0.7,-1,-1,0.489936,0.140973
2,1,-1,0.95,0.95,0.75,0.7,-1,-1,0.491833,0.140916
2,1,-1,1.0,1.0,0.75,0.7,-1,-1,0.496503,0.140904
2,1,-1,0.05,0.05,0.8,0.7,-1,-1,0.461949,0.149683
2,1,-1,0.1,0.1,0.8,0.7,-1,-1,0.471587,0.13817
2,1,-1,0.15,0.15,0.8,0.7,-1,-1,0.479237,0.13161
2,1,-1,0.2,0.2,0.8,0.7,-1,-1,0.484764,0.126817
2,1,-1,0.25,0.25,0.8,0.7,-1,-1,0.490729,0.123147
2,1,-1,0.3,0.3,0.8,0.7,-1,-1,0.495447,0.121037
2,1,-1,0.35,0.35,0.8,0.7,-1,-1,0.49912,0.118858
2,1,-1,0.4,0.4,0.8,0.7,-1,-1,0.503299,0.117322
2,1,-1,0.45,0.45,0.8,0.7,-1,-1,0.506568,0.115877
2,1,-1,0.5,0.5,0.8,0.7,-1,-1,0.510174,0.114982
2,1,-1,0.55,0.55,0.8,0.7,-1,-1,0.513274,0.114065
2,1,-1,0.6,0.6,0.8,0.7,-1,-1,0.516408,0.113377
2,1,-1,0.65,0.65,0.8,0.7,-1,-1,0.519542,0.112895
2,1,-1,0.7,0.7,0.8,0.7,-1,-1,0.521834,0.112345
2,1,-1,0.75,0.75,0.8,0.7,-1,-1,0.5248,0.112001
2,1,-1,0.8,0.8,0.8,0.7,-1,-1,0.527192,0.11145
2,1,-1,0.85,0.85,0.8,0.7,-1,-1,0.529821,0.111198
2,1,-1,0.9,0.9,0.8,0.7,-1,-1,0.533022,0.111038
2,1,-1,0.95,0.95,0.8,0.7,-1,-1,0.536965,0.110923
2,1,-1,1.0,1.0,0.8,0.7,-1,-1,0.546671,0.1109
2,1,-1,0.05,0.05,0.85,0.7,-1,-1,0.468118,0.140172
2,1,-1,0.1,0.1,0.85,0.7,-1,-1,0.482727,0.123589
2,1,-1,0.15,0.15,0.85,0.7,-1,-1,0.494323,0.114142
2,1,-1,0.2,0.2,0.85,0.7,-1,-1,0.5027,0.107238
2,1,-1,0.25,0.25,0.85,0.7,-1,-1,0.511741,0.101953
2,1,-1,0.3,0.3,0.85,0.7,-1,-1,0.518892,0.098914
2,1,-1,0.35,0.35,0.85,0.7,-1,-1,0.52446,0.095776
2,1,-1,0.4,0.4,0.85,0.7,-1,-1,0.530794,0.093563
2,1,-1,0.45,0.45,0.85,0.7,-1,-1,0.535749,0.091482
2,1,-1,0.5,0.5,0.85,0.7,-1,-1,0.541214,0.090194
2,1,-1,0.55,0.55,0.85,0.7,-1,-1,0.545913,0.088872
2,1,-1,0.6,0.6,0.85,0.7,-1,-1,0.550664,0.087881
2,1,-1,0.65,0.65,0.85,0.7,-1,-1,0.555414,0.087188
2,1,-1,0.7,0.7,0.85,0.7,-1,-1,0.558888,0.086395
2,1,-1,0.75,0.75,0.85,0.7,-1,-1,0.563383,0.0859
2,1,-1,0.8,0.8,0.85,0.7,-1,-1,0.56701,0.085107
2,1,-1,0.85,0.85,0.85,0.7,-1,-1,0.570994,0.084743
2,1,-1,0.9,0.9,0.85,0.7,-1,-1,0.575847,0.084512
2,1,-1,0.95,0.95,0.85,0.7,-1,-1,0.581823,0.084347
2,1,-1,1.0,1.0,0.85,0.7,-1,-1,0.596534,0.084314
2,1,-1,0.05,0.05,0.9,0.7,-1,-1,0.474063,0.132155
2,1,-1,0.1,0.1,0.9,0.7,-1,-1,0.49346,0.111301
2,1,-1,0.15,0.15,0.9,0.7,-1,-1,0.508856,0.09942
2,1,-1,0.2,0.2,0.9,0.7,-1,-1,0.51998,0.090737
2,1,-1,0.25,0.25,0.9,0.7,-1,-1,0.531985,0.084091
2,1,-1,0.3,0.3,0.9,0.7,-1,-1,0.54148,0.080269
2,1,-1,0.35,0.35,0.9,0.7,-1,-1,0.548873,0.076322
2,1,-1,0.4,0.4,0.9,0.7,-1,-1,0.557283,0.073539
2,1,-1,0.45,0.45,0.9,0.7,-1,-1,0.563862,0.070922
2,1,-1,0.5,0.5,0.9,0.7,-1,-1,0.571119,0.069301
2,1,-1,0.55,0.55,0.9,0.7,-1,-1,0.577359,0.06764
2,1,-1,0.6,0.6,0.9,0.7,-1,-1,0.583667,0.066394
2,1,-1,0.65,0.65,0.9,0.7,-1,-1,0.589974,0.065521
2,1,-1,0.7,0.7,0.9,0.7,-1,-1,0.594586,0.064524
2,1,-1,0.75,0.75,0.9,0.7,-1,-1,0.600555,0.063901
2,1,-1,0.8,0.8,0.9,0.7,-1,-1,0.605371,0.062904
2,1,-1,0.85,0.85,0.9,0.7,-1,-1,0.610661,0.062447
2,1,-1,0.9,0.9,0.9,0.7,-1,-1,0.617104,0.062156
2,1,-1,0.95,0.95,0.9,0.7,-1,-1,0.62504,0.061949
2,1,-1,1.0,1.0,0.9,0.7,-1,-1,0.644573,0.061907
2,1,-1,0.05,0.05,0.95,0.7,-1,-1,0.482076,0.124274
2,1,-1,0.1,0.1,0.95,0.7,-1,-1,0.50793,0.09922
2,1,-1,0.15,0.15,0.95,0.7,-1,-1,0.528449,0.084946
2,1,-1,0.2,0.2,0.95,0.7,-1,-1,0.543275,0.074515
2,1,-1,0.25,0.25,0.95,0.7,-1,-1,0.559275,0.066529
2,1,-1,0.3,0.3,0.95,0.7,-1,-1,0.571931,0.061938
2,1,-1,0.35,0.35,0.95,0.7,-1,-1,0.581784,0.057196
2,1,-1,0.4,0.4,0.95,0.7,-1,-1,0.592993,0.053853
2,1,-1,0.45,0.45,0.95,0.7,-1,-1,0.601761,0.050708
2,1,-1,0.5,0.5,0.95,0.7,-1,-1,0.611434,0.048762
2,1,-1,0.55,0.55,0.95,0.7,-1,-1,0.61975,0.046765
2,1,-1,0.6,0.6,0.95,0.7,-1,-1,0.628158,0.045268
2,1,-1,0.65,0.65,0.95,0.7,-1,-1,0.636564,0.04422
2,1,-1,0.7,0.7,0.95,0.7,-1,-1,0.642711,0.043022
2,1,-1,0.75,0.75,0.95,0.7,-1,-1,0.650666,0.042274
2,1,-1,0.8,0.8,0.95,0.7,-1,-1,0.657085,0.041076
2,1,-1,0.85,0.85,0.95,0.7,-1,-1,0.664135,0.040527
2,1,-1,0.9,0.9,0.95,0.7,-1,-1,0.672723,0.040177
2,1,-1,0.95,0.95,0.95,0.7,-1,-1,0.6833,0.039928
2,1,-1,1.0,1.0,0.95,0.7,-1,-1,0.709334,0.039878
2,1,-1,0.05,0.05,1.0,0.7,-1,-1,0.518042,0.110007
2,1,-1,0.1,0.1,1.0,0.7,-1,-1,0.572871,0.07735
2,1,-1,0.15,0.15,1.0,0.7,-1,-1,0.616389,0.058744
2,1,-1,0.2,0.2,1.0,0.7,-1,-1,0.647829,0.045148
2,1,-1,0.25,0.25,1.0,0.7,-1,-1,0.681762,0.034739
2,1,-1,0.3,0.3,1.0,0.7,-1,-1,0.708602,0.028754
2,1,-1,0.35,0.35,1.0,0.7,-1,-1,0.729498,0.022574
2,1,-1,0.4,0.4,1.0,0.7,-1,-1,0.75327,0.018215
2,1,-1,0.45,0.45,1.0,0.7,-1,-1,0.771865,0.014117
2,1,-1,0.5,0.5,1.0,0.7,-1,-1,0.792379,0.01158
2,1,-1,0.55,0.55,1.0,0.7,-1,-1,0.810015,0.008978
2,1,-1,0.6,0.6,1.0,0.7,-1,-1,0.827845,0.007026
2,1,-1,0.65,0.65,1.0,0.7,-1,-1,0.845673,0.00566
2,1,-1,0.7,0.7,1.0,0.7,-1,-1,0.85871,0.004098
2,1,-1,0.75,0.75,1.0,0.7,-1,-1,0.875581,0.003123
2,1,-1,0.8,0.8,1.0,0.7,-1,-1,0.889192,0.001561
2,1,-1,0.85,0.85,1.0,0.7,-1,-1,0.904145,0.000846
2,1,-1,0.9,0.9,1.0,0.7,-1,-1,0.922358,0.00039
2,1,-1,0.95,0.95,1.0,0.7,-1,-1,0.944788,6.5e-05
2,1,-1,1.0,1.0,1.0,0.7,-1,-1,1.0,0.0
2,1,-1,0.05,0.05,0.75,0.75,-1,-1,0.496503,0.140904
2,1,-1,0.1,0.1,0.75,0.75,-1,-1,0.496503,0.140904
2,1,-1,0.15,0.15,0.75,0.75,-1,-1,0.496503,0.140904
2,1,-1,0.2,0.2,0.75,0.75,-1,-1,0.496503,0.140904
2,1,-1,0.25,0.25,0.75,0.75,-1,-1,0.496503,0.140904
2,1,-1,0.3,0.3,0.75,0.75,-1,-1,0.496503,0.140904
2,1,-1,0.35,0.35,0.75,0.75,-1,-1,0.496503,0.140904
2,1,-1,0.4,0.4,0.75,0.75,-1,-1,0.496503,0.140904
2,1,-1,0.45,0.45,0.75,0.75,-1,-1,0.496503,0.140904
2,1,-1,0.5,0.5,0.75,0.75,-1,-1,0.496503,0.140904
2,1,-1,0.55,0.55,0.75,0.75,-1,-1,0.496503,0.140904
2,1,-1,0.6,0.6,0.75,0.75,-1,-1,0.496503,0.140904
2,1,-1,0.65,0.65,0.75,0.75,-1,-1,0.496503,0.140904
2,1,-1,0.7,0.7,0.75,0.75,-1,-1,0.496503,0.140904
2,1,-1,0.75,0.75,0.75,0.75,-1,-1,0.496503,0.140904
2,1,-1,0.8,0.8,0.75,0.75,-1,-1,0.496503,0.140904
2,1,-1,0.85,0.85,0.75,0.75,-1,-1,0.496503,0.140904
2,1,-1,0.9,0.9,0.75,0.75,-1,-1,0.496503,0.140904
2,1,-1,0.95,0.95,0.75,0.75,-1,-1,0.496503,0.140904
2,1,-1,1.0,1.0,0.75,0.75,-1,-1,0.496503,0.140904
2,1,-1,0.05,0.05,0.8,0.75,-1,-1,0.502711,0.13017
2,1,-1,0.1,0.1,0.8,0.75,-1,-1,0.507712,0.124449
2,1,-1,0.15,0.15,0.8,0.75,-1,-1,0.511681,0.12119
2,1,-1,0.2,0.2,0.8,0.75,-1,-1,0.514549,0.118808
2,1,-1,0.25,0.25,0.8,0.75,-1,-1,0.517644,0.116985
2,1,-1,0.3,0.3,0.8,0.75,-1,-1,0.520092,0.115937
2,1,-1,0.35,0.35,0.8,0.75,-1,-1,0.521998,0.114854
2,1,-1,0.4,0.4,0.8,0.75,-1,-1,0.524166,0.114091
2,1,-1,0.45,0.45,0.8,0.75,-1,-1,0.525862,0.113373
2,1,-1,0.5,0.5,0.8,0.75,-1,-1,0.527733,0.112928
2,1,-1,0.55,0.55,0.8,0.75,-1,-1,0.529342,0.112473
2,1,-1,0.6,0.6,0.8,0.75,-1,-1,0.530968,0.112131
2,1,-1,0.65,0.65,0.8,0.75,-1,-1,0.532595,0.111891
2,1,-1,0.7,0.7,0.8,0.75,-1,-1,0.533784,0.111618
2,1,-1,0.75,0.75,0.8,0.75,-1,-1,0.535322,0.111447
2,1,-1,0.8,0.8,0.8,0.75,-1,-1,0.536564,0.111173
2,1,-1,0.85,0.85,0.8,0.75,-1,-1,0.537928,0.111048
2,1,-1,0.9,0.9,0.8,0.75,-1,-1,0.539589,0.110968
2,1,-1,0.95,0.95,0.8,0.75,-1,-1,0.541635,0.110911
2,1,-1,1.0,1.0,0.8,0.75,-1,-1,0.546671,0.1109
2,1,-1,0.05,0.05,0.85,0.75,-1,-1,0.50888,0.120658
2,1,-1,0.1,0.1,0.85,0.75,-1,-1,0.518852,0.109869
2,1,-1,0.15,0.15,0.85,0.75,-1,-1,0.526767,0.103722
2,1,-1,0.2,0.2,0.85,0.75,-1,-1,0.532485,0.09923
2,1,-1,0.25,0.25,0.85,0.75,-1,-1,0.538656,0.095791
2,1,-1,0.3,0.3,0.85,0.75,-1,-1,0.543537,0.093814
2,1,-1,0.35,0.35,0.85,0.75,-1,-1,0.547338,0.091772
2,1,-1,0.4,0.4,0.85,0.75,-1,-1,0.551661,0.090332
2,1,-1,0.45,0.45,0.85,0.75,-1,-1,0.555043,0.088978
2,1,-1,0.5,0.5,0.85,0.75,-1,-1,0.558774,0.08814
2,1,-1,0.55,0.55,0.85,0.75,-1,-1,0.561982,0.08728
2,1,-1,0.6,0.6,0.85,0.75,-1,-1,0.565224,0.086635
2,1,-1,0.65,0.65,0.85,0.75,-1,-1,0.568467,0.086184
2,1,-1,0.7,0.7,0.85,0.75,-1,-1,0.570838,0.085668
2,1,-1,0.75,0.75,0.85,0.75,-1,-1,0.573906,0.085346
2,1,-1,0.8,0.8,0.85,0.75,-1,-1,0.576381,0.08483
2,1,-1,0.85,0.85,0.85,0.75,-1,-1,0.579101,0.084593
2,1,-1,0.9,0.9,0.85,0.75,-1,-1,0.582413,0.084443
2,1,-1,0.95,0.95,0.85,0.75,-1,-1,0.586493,0.084336
2,1,-1,1.0,1.0,0.85,0.75,-1,-1,0.596534,0.084314
2,1,-1,0.05,0.05,0.9,0.75,-1,-1,0.514825,0.112641
2,1,-1,0.1,0.1,0.9,0.75,-1,-1,0.529585,0.09758
2,1,-1,0.15,0.15,0.9,0.75,-1,-1,0.541301,0.088999
2,1,-1,0.2,0.2,0.9,0.75,-1,-1,0.549765,0.082729
2,1,-1,0.25,0.25,0.9,0.75,-1,-1,0.5589,0.077928
2,1,-1,0.3,0.3,0.9,0.75,-1,-1,0.566125,0.075168
2,1,-1,0.35,0.35,0.9,0.75,-1,-1,0.571751,0.072318
2,1,-1,0.4,0.4,0.9,0.75,-1,-1,0.578151,0.070308
2,1,-1,0.45,0.45,0.9,0.75,-1,-1,0.583157,0.068418
2,1,-1,0.5,0.5,0.9,0.75,-1,-1,0.588679,0.067247
2,1,-1,0.55,0.55,0.9,0.75,-1,-1,0.593427,0.066047
2,1,-1,0.6,0.6,0.9,0.75,-1,-1,0.598227,0.065147
2,1,-1,0.65,0.65,0.9,0.75,-1,-1,0.603027,0.064517
2,1,-1,0.7,0.7,0.9,0.75,-1,-1,0.606536,0.063797
2,1,-1,0.75,0.75,0.9,0.75,-1,-1,0.611078,0.063347
2,1,-1,0.8,0.8,0.9,0.75,-1,-1,0.614742,0.062627
2,1,-1,0.85,0.85,0.9,0.75,-1,-1,0.618768,0.062297
2,1,-1,0.9,0.9,0.9,0.75,-1,-1,0.623671,0.062087
2,1,-1,0.95,0.95,0.9,0.75,-1,-1,0.629709,0.061937
2,1,-1,1.0,1.0,0.9,0.75,-1,-1,0.644573,0.061907
2,1,-1,0.05,0.05,0.95,0.75,-1,-1,0.522838,0.10476
2,1,-1,0.1,0.1,0.95,0.75,-1,-1,0.544054,0.085499
2,1,-1,0.15,0.15,0.95,0.75,-1,-1,0.560894,0.074525
2,1,-1,0.2,0.2,0.95,0.75,-1,-1,0.57306,0.066506
2,1,-1,0.25,0.25,0.95,0.75,-1,-1,0.58619,0.060367
2,1,-1,0.3,0.3,0.95,0.75,-1,-1,0.596576,0.056837
2,1,-1,0.35,0.35,0.95,0.75,-1,-1,0.604662,0.053192
2,1,-1,0.4,0.4,0.95,0.75,-1,-1,0.613861,0.050621
2,1,-1,0.45,0.45,0.95,0.75,-1,-1,0.621056,0.048204
2,1,-1,0.5,0.5,0.95,0.75,-1,-1,0.628994,0.046708
2,1,-1,0.55,0.55,0.95,0.75,-1,-1,0.635819,0.045173
2,1,-1,0.6,0.6,0.95,0.75,-1,-1,0.642718,0.044022
2,1,-1,0.65,0.65,0.95,0.75,-1,-1,0.649617,0.043216
2,1,-1,0.7,0.7,0.95,0.75,-1,-1,0.654661,0.042295
2,1,-1,0.75,0.75,0.95,0.75,-1,-1,0.661189,0.04172
2,1,-1,0.8,0.8,0.95,0.75,-1,-1,0.666456,0.040799
2,1,-1,0.85,0.85,0.95,0.75,-1,-1,0.672242,0.040377
2,1,-1,0.9,0.9,0.95,0.75,-1,-1,0.67929,0.040108
2,1,-1,0.95,0.95,0.95,0.75,-1,-1,0.687969,0.039916
2,1,-1,1.0,1.0,0.95,0.75,-1,-1,0.709334,0.039878
2,1,-1,0.05,0.05,1.0,0.75,-1,-1,0.558804,0.090493
2,1,-1,0.1,0.1,1.0,0.75,-1,-1,0.608996,0.063629
2,1,-1,0.15,0.15,1.0,0.75,-1,-1,0.648833,0.048324
2,1,-1,0.2,0.2,1.0,0.75,-1,-1,0.677614,0.037139
2,1,-1,0.25,0.25,1.0,0.75,-1,-1,0.708677,0.028577
2,1,-1,0.3,0.3,1.0,0.75,-1,-1,0.733247,0.023653
2,1,-1,0.35,0.35,1.0,0.75,-1,-1,0.752376,0.01857
2,1,-1,0.4,0.4,1.0,0.75,-1,-1,0.774137,0.014984
2,1,-1,0.45,0.45,1.0,0.75,-1,-1,0.79116,0.011613
2,1,-1,0.5,0.5,1.0,0.75,-1,-1,0.809938,0.009526
2,1,-1,0.55,0.55,1.0,0.75,-1,-1,0.826084,0.007385
2,1,-1,0.6,0.6,1.0,0.75,-1,-1,0.842405,0.00578
2,1,-1,0.65,0.65,1.0,0.75,-1,-1,0.858726,0.004656
2,1,-1,0.7,0.7,1.0,0.75,-1,-1,0.87066,0.003371
2,1,-1,0.75,0.75,1.0,0.75,-1,-1,0.886103,0.002569
2,1,-1,0.8,0.8,1.0,0.75,-1,-1,0.898563,0.001284
2,1,-1,0.85,0.85,1.0,0.75,-1,-1,0.912252,0.000696
2,1,-1,0.9,0.9,1.0,0.75,-1,-1,0.928924,0.000321
2,1,-1,0.95,0.95,1.0,0.75,-1,-1,0.949457,5.4e-05
2,1,-1,1.0,1.0,1.0,0.75,-1,-1,1.0,0.0
2,1,-1,0.05,0.05,0.8,0.8,-1,-1,0.546671,0.1109
2,1,-1,0.1,0.1,0.8,0.8,-1,-1,0.546671,0.1109
2,1,-1,0.15,0.15,0.8,0.8,-1,-1,0.546671,0.1109
2,1,-1,0.2,0.2,0.8,0.8,-1,-1,0.546671,0.1109
2,1,-1,0.25,0.25,0.8,0.8,-1,-1,0.546671,0.1109
2,1,-1,0.3,0.3,0.8,0.8,-1,-1,0.546671,0.1109
2,1,-1,0.35,0.35,0.8,0.8,-1,-1,0.546671,0.1109
2,1,-1,0.4,0.4,0.8,0.8,-1,-1,0.546671,0.1109
2,1,-1,0.45,0.45,0.8,0.8,-1,-1,0.546671,0.1109
2,1,-1,0.5,0.5,0.8,0.8,-1,-1,0.546671,0.1109
2,1,-1,0.55,0.55,0.8,0.8,-1,-1,0.546671,0.1109
2,1,-1,0.6,0.6,0.8,0.8,-1,-1,0.546671,0.1109
2,1,-1,0.65,0.65,0.8,0.8,-1,-1,0.546671,0.1109
2,1,-1,0.7,0.7,0.8,0.8,-1,-1,0.546671,0.1109
2,1,-1,0.75,0.75,0.8,0.8,-1,-1,0.546671,0.1109
2,1,-1,0.8,0.8,0.8,0.8,-1,-1,0.546671,0.1109
2,1,-1,0.85,0.85,0.8,0.8,-1,-1,0.546671,0.1109
2,1,-1,0.9,0.9,0.8,0.8,-1,-1,0.546671,0.1109
2,1,-1,0.95,0.95,0.8,0.8,-1,-1,0.546671,0.1109
2,1,-1,1.0,1.0,0.8,0.8,-1,-1,0.546671,0.1109
2,1,-1,0.05,0.05,0.85,0.8,-1,-1,0.552841,0.101388
2,1,-1,0.1,0.1,0.85,0.8,-1,-1,0.557812,0.09632
2,1,-1,0.15,0.15,0.85,0.8,-1,-1,0.561757,0.093432
2,1,-1,0.2,0.2,0.85,0.8,-1,-1,0.564607,0.091321
2,1,-1,0.25,0.25,0.85,0.8,-1,-1,0.567683,0.089706
2,1,-1,0.3,0.3,0.85,0.8,-1,-1,0.570117,0.088777
2,1,-1,0.35,0.35,0.85,0.8,-1,-1,0.572011,0.087818
2,1,-1,0.4,0.4,0.85,0.8,-1,-1,0.574166,0.087141
2,1,-1,0.45,0.45,0.85,0.8,-1,-1,0.575852,0.086505
2,1,-1,0.5,0.5,0.85,0.8,-1,-1,0.577712,0.086111
2,1,-1,0.55,0.55,0.85,0.8,-1,-1,0.57931,0.085707
2,1,-1,0.6,0.6,0.85,0.8,-1,-1,0.580927,0.085405
2,1,-1,0.65,0.65,0.85,0.8,-1,-1,0.582543,0.085192
2,1,-1,0.7,0.7,0.85,0.8,-1,-1,0.583725,0.08495
2,1,-1,0.75,0.75,0.85,0.8,-1,-1,0.585254,0.084799
2,1,-1,0.8,0.8,0.85,0.8,-1,-1,0.586488,0.084556
2,1,-1,0.85,0.85,0.85,0.8,-1,-1,0.587844,0.084445
2,1,-1,0.9,0.9,0.85,0.8,-1,-1,0.589495,0.084375
2,1,-1,0.95,0.95,0.85,0.8,-1,-1,0.591529,0.084324
2,1,-1,1.0,1.0,0.85,0.8,-1,-1,0.596534,0.084314
2,1,-1,0.05,0.05,0.9,0.8,-1,-1,0.558785,0.093372
2,1,-1,0.1,0.1,0.9,0.8,-1,-1,0.568545,0.084031
2,1,-1,0.15,0.15,0.9,0.8,-1,-1,0.576291,0.078709
2,1,-1,0.2,0.2,0.9,0.8,-1,-1,0.581887,0.07482
2,1,-1,0.25,0.25,0.9,0.8,-1,-1,0.587927,0.071843
2,1,-1,0.3,0.3,0.9,0.8,-1,-1,0.592704,0.070131
2,1,-1,0.35,0.35,0.9,0.8,-1,-1,0.596424,0.068364
2,1,-1,0.4,0.4,0.9,0.8,-1,-1,0.600655,0.067117
2,1,-1,0.45,0.45,0.9,0.8,-1,-1,0.603965,0.065945
2,1,-1,0.5,0.5,0.9,0.8,-1,-1,0.607617,0.065219
2,1,-1,0.55,0.55,0.9,0.8,-1,-1,0.610756,0.064475
2,1,-1,0.6,0.6,0.9,0.8,-1,-1,0.61393,0.063917
2,1,-1,0.65,0.65,0.9,0.8,-1,-1,0.617103,0.063526
2,1,-1,0.7,0.7,0.9,0.8,-1,-1,0.619424,0.063079
2,1,-1,0.75,0.75,0.9,0.8,-1,-1,0.622426,0.0628
2,1,-1,0.8,0.8,0.9,0.8,-1,-1,0.624849,0.062354
2,1,-1,0.85,0.85,0.9,0.8,-1,-1,0.627511,0.062149
2,1,-1,0.9,0.9,0.9,0.8,-1,-1,0.630753,0.062019
2,1,-1,0.95,0.95,0.9,0.8,-1,-1,0.634745,0.061926
2,1,-1,1.0,1.0,0.9,0.8,-1,-1,0.644573,0.061907
2,1,-1,0.05,0.05,0.95,0.8,-1,-1,0.566798,0.085491
2,1,-1,0.1,0.1,0.95,0.8,-1,-1,0.583014,0.07195
2,1,-1,0.15,0.15,0.95,0.8,-1,-1,0.595884,0.064235
2,1,-1,0.2,0.2,0.95,0.8,-1,-1,0.605182,0.058598
2,1,-1,0.25,0.25,0.95,0.8,-1,-1,0.615217,0.054282
2,1,-1,0.3,0.3,0.95,0.8,-1,-1,0.623155,0.0518
2,1,-1,0.35,0.35,0.95,0.8,-1,-1,0.629335,0.049238
2,1,-1,0.4,0.4,0.95,0.8,-1,-1,0.636365,0.047431
2,1,-1,0.45,0.45,0.95,0.8,-1,-1,0.641865,0.045731
2,1,-1,0.5,0.5,0.95,0.8,-1,-1,0.647931,0.044679
2,1,-1,0.55,0.55,0.95,0.8,-1,-1,0.653147,0.0436
2,1,-1,0.6,0.6,0.95,0.8,-1,-1,0.65842,0.042791
2,1,-1,0.65,0.65,0.95,0.8,-1,-1,0.663693,0.042225
2,1,-1,0.7,0.7,0.95,0.8,-1,-1,0.667548,0.041577
2,1,-1,0.75,0.75,0.95,0.8,-1,-1,0.672538,0.041173
2,1,-1,0.8,0.8,0.95,0.8,-1,-1,0.676563,0.040525
2,1,-1,0.85,0.85,0.95,0.8,-1,-1,0.680986,0.040229
2,1,-1,0.9,0.9,0.95,0.8,-1,-1,0.686372,0.04004
2,1,-1,0.95,0.95,0.95,0.8,-1,-1,0.693005,0.039905
2,1,-1,1.0,1.0,0.95,0.8,-1,-1,0.709334,0.039878
2,1,-1,0.05,0.05,1.0,0.8,-1,-1,0.602764,0.071224
2,1,-1,0.1,0.1,1.0,0.8,-1,-1,0.647955,0.05008
2,1,-1,0.15,0.15,1.0,0.8,-1,-1,0.683823,0.038034
2,1,-1,0.2,0.2,1.0,0.8,-1,-1,0.709737,0.029231
2,1,-1,0.25,0.25,1.0,0.8,-1,-1,0.737704,0.022492
2,1,-1,0.3,0.3,1.0,0.8,-1,-1,0.759826,0.018617
2,1,-1,0.35,0.35,1.0,0.8,-1,-1,0.777049,0.014615
2,1,-1,0.4,0.4,1.0,0.8,-1,-1,0.796642,0.011793
2,1,-1,0.45,0.45,1.0,0.8,-1,-1,0.811969,0.00914
2,1,-1,0.5,0.5,1.0,0.8,-1,-1,0.828876,0.007497
2,1,-1,0.55,0.55,1.0,0.8,-1,-1,0.843412,0.005812
2,1,-1,0.6,0.6,1.0,0.8,-1,-1,0.858108,0.004549
2,1,-1,0.65,0.65,1.0,0.8,-1,-1,0.872802,0.003664
2,1,-1,0.7,0.7,1.0,0.8,-1,-1,0.883547,0.002654
2,1,-1,0.75,0.75,1.0,0.8,-1,-1,0.897452,0.002022
2,1,-1,0.8,0.8,1.0,0.8,-1,-1,0.908671,0.001011
2,1,-1,0.85,0.85,1.0,0.8,-1,-1,0.920995,0.000548
2,1,-1,0.9,0.9,1.0,0.8,-1,-1,0.936006,0.000253
2,1,-1,0.95,0.95,1.0,0.8,-1,-1,0.954493,4.2e-05
2,1,-1,1.0,1.0,1.0,0.8,-1,-1,1.0,0.0
2,1,-1,0.05,0.05,0.85,0.85,-1,-1,0.596534,0.084314
2,1,-1,0.1,0.1,0.85,0.85,-1,-1,0.596534,0.084314
2,1,-1,0.15,0.15,0.85,0.85,-1,-1,0.596534,0.084314
2,1,-1,0.2,0.2,0.85,0.85,-1,-1,0.596534,0.084314
2,1,-1,0.25,0.25,0.85,0.85,-1,-1,0.596534,0.084314
2,1,-1,0.3,0.3,0.85,0.85,-1,-1,0.596534,0.084314
2,1,-1,0.35,0.35,0.85,0.85,-1,-1,0.596534,0.084314
2,1,-1,0.4,0.4,0.85,0.85,-1,-1,0.596534,0.084314
2,1,-1,0.45,0.45,0.85,0.85,-1,-1,0.596534,0.084314
2,1,-1,0.5,0.5,0.85,0.85,-1,-1,0.596534,0.084314
2,1,-1,0.55,0.55,0.85,0.85,-1,-1,0.596534,0.084314
2,1,-1,0.6,0.6,0.85,0.85,-1,-1,0.596534,0.084314
2,1,-1,0.65,0.65,0.85,0.85,-1,-1,0.596534,0.084314
2,1,-1,0.7,0.7,0.85,0.85,-1,-1,0.596534,0.084314
2,1,-1,0.75,0.75,0.85,0.85,-1,-1,0.596534,0.084314
2,1,-1,0.8,0.8,0.85,0.85,-1,-1,0.596534,0.084314
2,1,-1,0.85,0.85,0.85,0.85,-1,-1,0.596534,0.084314
2,1,-1,0.9,0.9,0.85,0.85,-1,-1,0.596534,0.084314
2,1,-1,0.95,0.95,0.85,0.85,-1,-1,0.596534,0.084314
2,1,-1,1.0,1.0,0.85,0.85,-1,-1,0.596534,0.084314
2,1,-1,0.05,0.05,0.9,0.85,-1,-1,0.602478,0.076298
2,1,-1,0.1,0.1,0.9,0.85,-1,-1,0.607267,0.072025
2,1,-1,0.15,0.15,0.9,0.85,-1,-1,0.611068,0.069592
2,1,-1,0.2,0.2,0.9,0.85,-1,-1,0.613814,0.067813
2,1,-1,0.25,0.25,0.9,0.85,-1,-1,0.616778,0.066451
2,1,-1,0.3,0.3,0.9,0.85,-1,-1,0.619122,0.065668
2,1,-1,0.35,0.35,0.9,0.85,-1,-1,0.620947,0.06486
2,1,-1,0.4,0.4,0.9,0.85,-1,-1,0.623023,0.06429
2,1,-1,0.45,0.45,0.9,0.85,-1,-1,0.624647,0.063754
2,1,-1,0.5,0.5,0.9,0.85,-1,-1,0.626439,0.063422
2,1,-1,0.55,0.55,0.9,0.85,-1,-1,0.62798,0.063081
2,1,-1,0.6,0.6,0.9,0.85,-1,-1,0.629537,0.062826
2,1,-1,0.65,0.65,0.9,0.85,-1,-1,0.631094,0.062647
2,1,-1,0.7,0.7,0.9,0.85,-1,-1,0.632233,0.062443
2,1,-1,0.75,0.75,0.9,0.85,-1,-1,0.633706,0.062315
2,1,-1,0.8,0.8,0.9,0.85,-1,-1,0.634895,0.062111
2,1,-1,0.85,0.85,0.9,0.85,-1,-1,0.636201,0.062018
2,1,-1,0.9,0.9,0.9,0.85,-1,-1,0.637792,0.061958
2,1,-1,0.95,0.95,0.9,0.85,-1,-1,0.639751,0.061916
2,1,-1,1.0,1.0,0.9,0.85,-1,-1,0.644573,0.061907
2,1,-1,0.05,0.05,0.95,0.85,-1,-1,0.610491,0.068416
2,1,-1,0.1,0.1,0.95,0.85,-1,-1,0.621736,0.059944
2,1,-1,0.15,0.15,0.95,0.85,-1,-1,0.630661,0.055118
2,1,-1,0.2,0.2,0.95,0.85,-1,-1,0.637109,0.05159
2,1,-1,0.25,0.25,0.95,0.85,-1,-1,0.644068,0.04889
2,1,-1,0.3,0.3,0.95,0.85,-1,-1,0.649572,0.047337
2,1,-1,0.35,0.35,0.95,0.85,-1,-1,0.653858,0.045734
2,1,-1,0.4,0.4,0.95,0.85,-1,-1,0.658733,0.044603
2,1,-1,0.45,0.45,0.95,0.85,-1,-1,0.662547,0.04354
2,1,-1,0.5,0.5,0.95,0.85,-1,-1,0.666754,0.042882
2,1,-1,0.55,0.55,0.95,0.85,-1,-1,0.670371,0.042207
2,1,-1,0.6,0.6,0.95,0.85,-1,-1,0.674027,0.041701
2,1,-1,0.65,0.65,0.95,0.85,-1,-1,0.677684,0.041346
2,1,-1,0.7,0.7,0.95,0.85,-1,-1,0.680357,0.040941
2,1,-1,0.75,0.75,0.95,0.85,-1,-1,0.683817,0.040688
2,1,-1,0.8,0.8,0.95,0.85,-1,-1,0.686609,0.040283
2,1,-1,0.85,0.85,0.95,0.85,-1,-1,0.689676,0.040097
2,1,-1,0.9,0.9,0.95,0.85,-1,-1,0.693411,0.039979
2,1,-1,0.95,0.95,0.95,0.85,-1,-1,0.698011,0.039895
2,1,-1,1.0,1.0,0.95,0.85,-1,-1,0.709334,0.039878
2,1,-1,0.05,0.05,1.0,0.85,-1,-1,0.646457,0.054149
2,1,-1,0.1,0.1,1.0,0.85,-1,-1,0.686678,0.038074
2,1,-1,0.15,0.15,1.0,0.85,-1,-1,0.7186,0.028916
2,1,-1,0.2,0.2,1.0,0.85,-1,-1,0.741664,0.022223
2,1,-1,0.25,0.25,1.0,0.85,-1,-1,0.766555,0.0171
2,1,-1,0.3,0.3,1.0,0.85,-1,-1,0.786243,0.014154
2,1,-1,0.35,0.35,1.0,0.85,-1,-1,0.801572,0.011112
2,1,-1,0.4,0.4,1.0,0.85,-1,-1,0.81901,0.008966
2,1,-1,0.45,0.45,1.0,0.85,-1,-1,0.832651,0.006949
2,1,-1,0.5,0.5,1.0,0.85,-1,-1,0.847698,0.0057
2,1,-1,0.55,0.55,1.0,0.85,-1,-1,0.860636,0.004419
2,1,-1,0.6,0.6,1.0,0.85,-1,-1,0.873715,0.003458
2,1,-1,0.65,0.65,1.0,0.85,-1,-1,0.886793,0.002786
2,1,-1,0.7,0.7,1.0,0.85,-1,-1,0.896356,0.002017
2,1,-1,0.75,0.75,1.0,0.85,-1,-1,0.908732,0.001537
2,1,-1,0.8,0.8,1.0,0.85,-1,-1,0.918716,0.000769
2,1,-1,0.85,0.85,1.0,0.85,-1,-1,0.929685,0.000416
2,1,-1,0.9,0.9,1.0,0.85,-1,-1,0.943045,0.000192
2,1,-1,0.95,0.95,1.0,0.85,-1,-1,0.959499,3.2e-05
2,1,-1,1.0,1.0,1.0,0.85,-1,-1,1.0,0.0
2,1,-1,0.05,0.05,0.9,0.9,-1,-1,0.644573,0.061907
2,1,-1,0.1,0.1,0.9,0.9,-1,-1,0.644573,0.061907
2,1,-1,0.15,0.15,0.9,0.9,-1,-1,0.644573,0.061907
2,1,-1,0.2,0.2,0.9,0.9,-1,-1,0.644573,0.061907
2,1,-1,0.25,0.25,0.9,0.9,-1,-1,0.644573,0.061907
2,1,-1,0.3,0.3,0.9,0.9,-1,-1,0.644573,0.061907
2,1,-1,0.35,0.35,0.9,0.9,-1,-1,0.644573,0.061907
2,1,-1,0.4,0.4,0.9,0.9,-1,-1,0.644573,0.061907
2,1,-1,0.45,0.45,0.9,0.9,-1,-1,0.644573,0.061907
2,1,-1,0.5,0.5,0.9,0.9,-1,-1,0.644573,0.061907
2,1,-1,0.55,0.55,0.9,0.9,-1,-1,0.644573,0.061907
2,1,-1,0.6,0.6,0.9,0.9,-1,-1,0.644573,0.061907
2,1,-1,0.65,0.65,0.9,0.9,-1,-1,0.644573,0.061907
2,1,-1,0.7,0.7,0.9,0.9,-1,-1,0.644573,0.061907
2,1,-1,0.75,0.75,0.9,0.9,-1,-1,0.644573,0.061907
2,1,-1,0.8,0.8,0.9,0.9,-1,-1,0.644573,0.061907
2,1,-1,0.85,0.85,0.9,0.9,-1,-1,0.644573,0.061907
2,1,-1,0.9,0.9,0.9,0.9,-1,-1,0.644573,0.061907
2,1,-1,0.95,0.95,0.9,0.9,-1,-1,0.644573,0.061907
2,1,-1,1.0,1.0,0.9,0.9,-1,-1,0.644573,0.061907
2,1,-1,0.05,0.05,0.95,0.9,-1,-1,0.652586,0.054026
2,1,-1,0.1,0.1,0.95,0.9,-1,-1,0.659042,0.049826
2,1,-1,0.15,0.15,0.95,0.9,-1,-1,0.664166,0.047433
2,1,-1,0.2,0.2,0.95,0.9,-1,-1,0.667868,0.045684
2,1,-1,0.25,0.25,0.95,0.9,-1,-1,0.671863,0.044346
2,1,-1,0.3,0.3,0.95,0.9,-1,-1,0.675024,0.043576
2,1,-1,0.35,0.35,0.95,0.9,-1,-1,0.677484,0.042781
2,1,-1,0.4,0.4,0.95,0.9,-1,-1,0.680283,0.042221
2,1,-1,0.45,0.45,0.95,0.9,-1,-1,0.682472,0.041694
2,1,-1,0.5,0.5,0.95,0.9,-1,-1,0.684888,0.041367
2,1,-1,0.55,0.55,0.95,0.9,-1,-1,0.686964,0.041033
2,1,-1,0.6,0.6,0.95,0.9,-1,-1,0.689064,0.040782
2,1,-1,0.65,0.65,0.95,0.9,-1,-1,0.691163,0.040606
2,1,-1,0.7,0.7,0.95,0.9,-1,-1,0.692698,0.040405
2,1,-1,0.75,0.75,0.95,0.9,-1,-1,0.694684,0.04028
2,1,-1,0.8,0.8,0.95,0.9,-1,-1,0.696287,0.040079
2,1,-1,0.85,0.85,0.95,0.9,-1,-1,0.698048,0.039987
2,1,-1,0.9,0.9,0.95,0.9,-1,-1,0.700192,0.039928
2,1,-1,0.95,0.95,0.95,0.9,-1,-1,0.702833,0.039886
2,1,-1,1.0,1.0,0.95,0.9,-1,-1,0.709334,0.039878
2,1,-1,0.05,0.05,1.0,0.9,-1,-1,0.688552,0.039759
2,1,-1,0.1,0.1,1.0,0.9,-1,-1,0.723984,0.027956
2,1,-1,0.15,0.15,1.0,0.9,-1,-1,0.752105,0.021231
2,1,-1,0.2,0.2,1.0,0.9,-1,-1,0.772423,0.016317
2,1,-1,0.25,0.25,1.0,0.9,-1,-1,0.79435,0.012555
2,1,-1,0.3,0.3,1.0,0.9,-1,-1,0.811694,0.010392
2,1,-1,0.35,0.35,1.0,0.9,-1,-1,0.825198,0.008159
2,1,-1,0.4,0.4,1.0,0.9,-1,-1,0.84056,0.006583
2,1,-1,0.45,0.45,1.0,0.9,-1,-1,0.852576,0.005102
2,1,-1,0.5,0.5,1.0,0.9,-1,-1,0.865832,0.004185
2,1,-1,0.55,0.55,1.0,0.9,-1,-1,0.877229,0.003245
2,1,-1,0.6,0.6,1.0,0.9,-1,-1,0.888751,0.002539
2,1,-1,0.65,0.65,1.0,0.9,-1,-1,0.900272,0.002046
2,1,-1,0.7,0.7,1.0,0.9,-1,-1,0.908696,0.001481
2,1,-1,0.75,0.75,1.0,0.9,-1,-1,0.919599,0.001129
2,1,-1,0.8,0.8,1.0,0.9,-1,-1,0.928394,0.000564
2,1,-1,0.85,0.85,1.0,0.9,-1,-1,0.938057,0.000306
2,1,-1,0.9,0.9,1.0,0.9,-1,-1,0.949827,0.000141
2,1,-1,0.95,0.95,1.0,0.9,-1,-1,0.964321,2.4e-05
2,1,-1,1.0,1.0,1.0,0.9,-1,-1,1.0,0.0
2,1,-1,0.05,0.05,0.95,0.95,-1,-1,0.709334,0.039878
2,1,-1,0.1,0.1,0.95,0.95,-1,-1,0.709334,0.039878
2,1,-1,0.15,0.15,0.95,0.95,-1,-1,0.709334,0.039878
2,1,-1,0.2,0.2,0.95,0.95,-1,-1,0.709334,0.039878
2,1,-1,0.25,0.25,0.95,0.95,-1,-1,0.709334,0.039878
2,1,-1,0.3,0.3,0.95,0.95,-1,-1,0.709334,0.039878
2,1,-1,0.35,0.35,0.95,0.95,-1,-1,0.709334,0.039878
2,1,-1,0.4,0.4,0.95,0.95,-1,-1,0.709334,0.039878
2,1,-1,0.45,0.45,0.95,0.95,-1,-1,0.709334,0.039878
2,1,-1,0.5,0.5,0.95,0.95,-1,-1,0.709334,0.039878
2,1,-1,0.55,0.55,0.95,0.95,-1,-1,0.709334,0.039878
2,1,-1,0.6,0.6,0.95,0.95,-1,-1,0.709334,0.039878
2,1,-1,0.65,0.65,0.95,0.95,-1,-1,0.709334,0.039878
2,1,-1,0.7,0.7,0.95,0.95,-1,-1,0.709334,0.039878
2,1,-1,0.75,0.75,0.95,0.95,-1,-1,0.709334,0.039878
2,1,-1,0.8,0.8,0.95,0.95,-1,-1,0.709334,0.039878
2,1,-1,0.85,0.85,0.95,0.95,-1,-1,0.709334,0.039878
2,1,-1,0.9,0.9,0.95,0.95,-1,-1,0.709334,0.039878
2,1,-1,0.95,0.95,0.95,0.95,-1,-1,0.709334,0.039878
2,1,-1,1.0,1.0,0.95,0.95,-1,-1,0.709334,0.039878
2,1,-1,0.05,0.05,1.0,0.95,-1,-1,0.7453,0.025611
2,1,-1,0.1,0.1,1.0,0.95,-1,-1,0.774275,0.018008
2,1,-1,0.15,0.15,1.0,0.95,-1,-1,0.797273,0.013676
2,1,-1,0.2,0.2,1.0,0.95,-1,-1,0.813889,0.010511
2,1,-1,0.25,0.25,1.0,0.95,-1,-1,0.831821,0.008088
2,1,-1,0.3,0.3,1.0,0.95,-1,-1,0.846005,0.006694
2,1,-1,0.35,0.35,1.0,0.95,-1,-1,0.857048,0.005255
2,1,-1,0.4,0.4,1.0,0.95,-1,-1,0.869611,0.004241
2,1,-1,0.45,0.45,1.0,0.95,-1,-1,0.879438,0.003287
2,1,-1,0.5,0.5,1.0,0.95,-1,-1,0.890279,0.002696
2,1,-1,0.55,0.55,1.0,0.95,-1,-1,0.899599,0.00209
2,1,-1,0.6,0.6,1.0,0.95,-1,-1,0.909021,0.001636
2,1,-1,0.65,0.65,1.0,0.95,-1,-1,0.918443,0.001318
2,1,-1,0.7,0.7,1.0,0.95,-1,-1,0.925333,0.000954
2,1,-1,0.75,0.75,1.0,0.95,-1,-1,0.934248,0.000727
2,1,-1,0.8,0.8,1.0,0.95,-1,-1,0.941441,0.000363
2,1,-1,0.85,0.85,1.0,0.95,-1,-1,0.949344,0.000197
2,1,-1,0.9,0.9,1.0,0.95,-1,-1,0.958968,9.1e-05
2,1,-1,0.95,0.95,1.0,0.95,-1,-1,0.970822,1.5e-05
2,1,-1,1.0,1.0,1.0,0.95,-1,-1,1.0,0.0
2,1,-1,0.05,0.05,1.0,1.0,-1,-1,1.0,0.0
2,1,-1,0.1,0.1,1.0,1.0,-1,-1,1.0,0.0
2,1,-1,0.15,0.15,1.0,1.0,-1,-1,1.0,0.0
2,1,-1,0.2,0.2,1.0,1.0,-1,-1,1.0,0.0
2,1,-1,0.25,0.25,1.0,1.0,-1,-1,1.0,0.0
2,1,-1,0.3,0.3,1.0,1.0,-1,-1,1.0,0.0
2,1,-1,0.35,0.35,1.0,1.0,-1,-1,1.0,0.0
2,1,-1,0.4,0.4,1.0,1.0,-1,-1,1.0,0.0
2,1,-1,0.45,0.45,1.0,1.0,-1,-1,1.0,0.0
2,1,-1,0.5,0.5,1.0,1.0,-1,-1,1.0,0.0
2,1,-1,0.55,0.55,1.0,1.0,-1,-1,1.0,0.0
2,1,-1,0.6,0.6,1.0,1.0,-1,-1,1.0,0.0
2,1,-1,0.65,0.65,1.0,1.0,-1,-1,1.0,0.0
2,1,-1,0.7,0.7,1.0,1.0,-1,-1,1.0,0.0
2,1,-1,0.75,0.75,1.0,1.0,-1,-1,1.0,0.0
2,1,-1,0.8,0.8,1.0,1.0,-1,-1,1.0,0.0
2,1,-1,0.85,0.85,1.0,1.0,-1,-1,1.0,0.0
2,1,-1,0.9,0.9,1.0,1.0,-1,-1,1.0,0.0
2,1,-1,0.95,0.95,1.0,1.0,-1,-1,1.0,0.0
2,1,-1,1.0,1.0,1.0,1.0,-1,-1,1.0,0.0
