sbi_stage,ucf_stage,xception_stage,sbi_upper_threshold,sbi_lower_threshold,ucf_upper_threshold,ucf_lower_threshold,xception_upper_threshold,xception_lower_threshold,FAR,FRR
2,1,-1,0.05,0.05,0.05,0.05,-1,-1,0.001786,0.828571
2,1,-1,0.1,0.1,0.05,0.05,-1,-1,0.001786,0.828571
2,1,-1,0.15,0.15,0.05,0.05,-1,-1,0.001786,0.828571
2,1,-1,0.2,0.2,0.05,0.05,-1,-1,0.001786,0.828571
2,1,-1,0.25,0.25,0.05,0.05,-1,-1,0.001786,0.828571
2,1,-1,0.3,0.3,0.05,0.05,-1,-1,0.001786,0.828571
2,1,-1,0.35,0.35,0.05,0.05,-1,-1,0.001786,0.828571
2,1,-1,0.4,0.4,0.05,0.05,-1,-1,0.001786,0.828571
2,1,-1,0.45,0.45,0.05,0.05,-1,-1,0.001786,0.828571
2,1,-1,0.5,0.5,0.05,0.05,-1,-1,0.001786,0.828571
2,1,-1,0.55,0.55,0.05,0.05,-1,-1,0.001786,0.828571
2,1,-1,0.6,0.6,0.05,0.05,-1,-1,0.001786,0.828571
2,1,-1,0.65,0.65,0.05,0.05,-1,-1,0.001786,0.828571
2,1,-1,0.7,0.7,0.05,0.05,-1,-1,0.001786,0.828571
2,1,-1,0.75,0.75,0.05,0.05,-1,-1,0.001786,0.828571
2,1,-1,0.8,0.8,0.05,0.05,-1,-1,0.001786,0.828571
2,1,-1,0.85,0.85,0.05,0.05,-1,-1,0.001786,0.828571
2,1,-1,0.9,0.9,0.05,0.05,-1,-1,0.001786,0.828571
2,1,-1,0.95,0.95,0.05,0.05,-1,-1,0.001786,0.828571
2,1,-1,1.0,1.0,0.05,0.05,-1,-1,0.001786,0.828571
2,1,-1,0.05,0.05,0.1,0.05,-1,-1,0.001786,0.79153
2,1,-1,0.1,0.1,0.1,0.05,-1,-1,0.001824,0.780306
2,1,-1,0.15,0.15,0.1,0.05,-1,-1,0.00185,0.772449
2,1,-1,0.2,0.2,0.1,0.05,-1,-1,0.001875,0.766275
2,1,-1,0.25,0.25,0.1,0.05,-1,-1,0.001901,0.762908
2,1,-1,0.3,0.3,0.1,0.05,-1,-1,0.001914,0.760663
2,1,-1,0.35,0.35,0.1,0.05,-1,-1,0.001926,0.757857
2,1,-1,0.4,0.4,0.1,0.05,-1,-1,0.001939,0.755612
2,1,-1,0.45,0.45,0.1,0.05,-1,-1,0.001977,0.753929
2,1,-1,0.5,0.5,0.1,0.05,-1,-1,0.002028,0.753367
2,1,-1,0.55,0.55,0.1,0.05,-1,-1,0.002067,0.752245
2,1,-1,0.6,0.6,0.1,0.05,-1,-1,0.002143,0.752245
2,1,-1,0.65,0.65,0.1,0.05,-1,-1,0.002169,0.752245
2,1,-1,0.7,0.7,0.1,0.05,-1,-1,0.002207,0.751684
2,1,-1,0.75,0.75,0.1,0.05,-1,-1,0.002232,0.750561
2,1,-1,0.8,0.8,0.1,0.05,-1,-1,0.002271,0.750561
2,1,-1,0.85,0.85,0.1,0.05,-1,-1,0.002309,0.75
2,1,-1,0.9,0.9,0.1,0.05,-1,-1,0.002411,0.75
2,1,-1,0.95,0.95,0.1,0.05,-1,-1,0.002551,0.75
2,1,-1,1.0,1.0,0.1,0.05,-1,-1,0.003571,0.75
2,1,-1,0.05,0.05,0.15,0.05,-1,-1,0.001786,0.744387
2,1,-1,0.1,0.1,0.15,0.05,-1,-1,0.001824,0.718877
2,1,-1,0.15,0.15,0.15,0.05,-1,-1,0.00185,0.70102
2,1,-1,0.2,0.2,0.15,0.05,-1,-1,0.001875,0.68699
2,1,-1,0.25,0.25,0.15,0.05,-1,-1,0.001901,0.679337
2,1,-1,0.3,0.3,0.15,0.05,-1,-1,0.001914,0.674235
2,1,-1,0.35,0.35,0.15,0.05,-1,-1,0.001926,0.667857
2,1,-1,0.4,0.4,0.15,0.05,-1,-1,0.001939,0.662755
2,1,-1,0.45,0.45,0.15,0.05,-1,-1,0.001977,0.658929
2,1,-1,0.5,0.5,0.15,0.05,-1,-1,0.002028,0.657653
2,1,-1,0.55,0.55,0.15,0.05,-1,-1,0.002067,0.655102
2,1,-1,0.6,0.6,0.15,0.05,-1,-1,0.002143,0.655102
2,1,-1,0.65,0.65,0.15,0.05,-1,-1,0.002169,0.655102
2,1,-1,0.7,0.7,0.15,0.05,-1,-1,0.002207,0.653827
2,1,-1,0.75,0.75,0.15,0.05,-1,-1,0.002232,0.651276
2,1,-1,0.8,0.8,0.15,0.05,-1,-1,0.002271,0.651276
2,1,-1,0.85,0.85,0.15,0.05,-1,-1,0.002309,0.65
2,1,-1,0.9,0.9,0.15,0.05,-1,-1,0.002411,0.65
2,1,-1,0.95,0.95,0.15,0.05,-1,-1,0.002551,0.65
2,1,-1,1.0,1.0,0.15,0.05,-1,-1,0.003571,0.65
2,1,-1,0.05,0.05,0.2,0.05,-1,-1,0.001786,0.693877
2,1,-1,0.1,0.1,0.2,0.05,-1,-1,0.001824,0.653061
2,1,-1,0.15,0.15,0.2,0.05,-1,-1,0.00185,0.624489
2,1,-1,0.2,0.2,0.2,0.05,-1,-1,0.001875,0.602041
2,1,-1,0.25,0.25,0.2,0.05,-1,-1,0.001901,0.589796
2,1,-1,0.3,0.3,0.2,0.05,-1,-1,0.001914,0.581632
2,1,-1,0.35,0.35,0.2,0.05,-1,-1,0.001926,0.571428
2,1,-1,0.4,0.4,0.2,0.05,-1,-1,0.001939,0.563265
2,1,-1,0.45,0.45,0.2,0.05,-1,-1,0.001977,0.557143
2,1,-1,0.5,0.5,0.2,0.05,-1,-1,0.002028,0.555102
2,1,-1,0.55,0.55,0.2,0.05,-1,-1,0.002067,0.55102
2,1,-1,0.6,0.6,0.2,0.05,-1,-1,0.002143,0.55102
2,1,-1,0.65,0.65,0.2,0.05,-1,-1,0.002169,0.55102
2,1,-1,0.7,0.7,0.2,0.05,-1,-1,0.002207,0.54898
2,1,-1,0.75,0.75,0.2,0.05,-1,-1,0.002232,0.544898
2,1,-1,0.8,0.8,0.2,0.05,-1,-1,0.002271,0.544898
2,1,-1,0.85,0.85,0.2,0.05,-1,-1,0.002309,0.542857
2,1,-1,0.9,0.9,0.2,0.05,-1,-1,0.002411,0.542857
2,1,-1,0.95,0.95,0.2,0.05,-1,-1,0.002551,0.542857
2,1,-1,1.0,1.0,0.2,0.05,-1,-1,0.003571,0.542857
2,1,-1,0.05,0.05,0.25,0.05,-1,-1,0.001786,0.656836
2,1,-1,0.1,0.1,0.25,0.05,-1,-1,0.001863,0.604796
2,1,-1,0.15,0.15,0.25,0.05,-1,-1,0.001914,0.568367
2,1,-1,0.2,0.2,0.25,0.05,-1,-1,0.001965,0.539745
2,1,-1,0.25,0.25,0.25,0.05,-1,-1,0.002016,0.524133
2,1,-1,0.3,0.3,0.25,0.05,-1,-1,0.002041,0.513725
2,1,-1,0.35,0.35,0.25,0.05,-1,-1,0.002067,0.500714
2,1,-1,0.4,0.4,0.25,0.05,-1,-1,0.002092,0.490307
2,1,-1,0.45,0.45,0.25,0.05,-1,-1,0.002169,0.4825
2,1,-1,0.5,0.5,0.25,0.05,-1,-1,0.002271,0.479898
2,1,-1,0.55,0.55,0.25,0.05,-1,-1,0.002347,0.474694
2,1,-1,0.6,0.6,0.25,0.05,-1,-1,0.0025,0.474694
2,1,-1,0.65,0.65,0.25,0.05,-1,-1,0.002551,0.474694
2,1,-1,0.7,0.7,0.25,0.05,-1,-1,0.002628,0.472092
2,1,-1,0.75,0.75,0.25,0.05,-1,-1,0.002679,0.466888
2,1,-1,0.8,0.8,0.25,0.05,-1,-1,0.002755,0.466888
2,1,-1,0.85,0.85,0.25,0.05,-1,-1,0.002832,0.464286
2,1,-1,0.9,0.9,0.25,0.05,-1,-1,0.003036,0.464286
2,1,-1,0.95,0.95,0.25,0.05,-1,-1,0.003316,0.464286
2,1,-1,1.0,1.0,0.25,0.05,-1,-1,0.005357,0.464286
2,1,-1,0.05,0.05,0.3,0.05,-1,-1,0.001786,0.643367
2,1,-1,0.1,0.1,0.3,0.05,-1,-1,0.001901,0.587244
2,1,-1,0.15,0.15,0.3,0.05,-1,-1,0.001977,0.547959
2,1,-1,0.2,0.2,0.3,0.05,-1,-1,0.002054,0.517092
2,1,-1,0.25,0.25,0.3,0.05,-1,-1,0.00213,0.500255
2,1,-1,0.3,0.3,0.3,0.05,-1,-1,0.002169,0.48903
2,1,-1,0.35,0.35,0.3,0.05,-1,-1,0.002207,0.475
2,1,-1,0.4,0.4,0.3,0.05,-1,-1,0.002245,0.463775
2,1,-1,0.45,0.45,0.3,0.05,-1,-1,0.00236,0.455357
2,1,-1,0.5,0.5,0.3,0.05,-1,-1,0.002513,0.452551
2,1,-1,0.55,0.55,0.3,0.05,-1,-1,0.002628,0.446938
2,1,-1,0.6,0.6,0.3,0.05,-1,-1,0.002857,0.446938
2,1,-1,0.65,0.65,0.3,0.05,-1,-1,0.002934,0.446938
2,1,-1,0.7,0.7,0.3,0.05,-1,-1,0.003049,0.444133
2,1,-1,0.75,0.75,0.3,0.05,-1,-1,0.003125,0.43852
2,1,-1,0.8,0.8,0.3,0.05,-1,-1,0.00324,0.43852
2,1,-1,0.85,0.85,0.3,0.05,-1,-1,0.003355,0.435714
2,1,-1,0.9,0.9,0.3,0.05,-1,-1,0.003661,0.435714
2,1,-1,0.95,0.95,0.3,0.05,-1,-1,0.004082,0.435714
2,1,-1,1.0,1.0,0.3,0.05,-1,-1,0.007143,0.435714
2,1,-1,0.05,0.05,0.35,0.05,-1,-1,0.001786,0.619795
2,1,-1,0.1,0.1,0.35,0.05,-1,-1,0.001901,0.55653
2,1,-1,0.15,0.15,0.35,0.05,-1,-1,0.001977,0.512244
2,1,-1,0.2,0.2,0.35,0.05,-1,-1,0.002054,0.477449
2,1,-1,0.25,0.25,0.35,0.05,-1,-1,0.00213,0.458469
2,1,-1,0.3,0.3,0.35,0.05,-1,-1,0.002169,0.445816
2,1,-1,0.35,0.35,0.35,0.05,-1,-1,0.002207,0.43
2,1,-1,0.4,0.4,0.35,0.05,-1,-1,0.002245,0.417347
2,1,-1,0.45,0.45,0.35,0.05,-1,-1,0.00236,0.407857
2,1,-1,0.5,0.5,0.35,0.05,-1,-1,0.002513,0.404694
2,1,-1,0.55,0.55,0.35,0.05,-1,-1,0.002628,0.398367
2,1,-1,0.6,0.6,0.35,0.05,-1,-1,0.002857,0.398367
2,1,-1,0.65,0.65,0.35,0.05,-1,-1,0.002934,0.398367
2,1,-1,0.7,0.7,0.35,0.05,-1,-1,0.003049,0.395204
2,1,-1,0.75,0.75,0.35,0.05,-1,-1,0.003125,0.388877
2,1,-1,0.8,0.8,0.35,0.05,-1,-1,0.00324,0.388877
2,1,-1,0.85,0.85,0.35,0.05,-1,-1,0.003355,0.385714
2,1,-1,0.9,0.9,0.35,0.05,-1,-1,0.003661,0.385714
2,1,-1,0.95,0.95,0.35,0.05,-1,-1,0.004082,0.385714
2,1,-1,1.0,1.0,0.35,0.05,-1,-1,0.007143,0.385714
2,1,-1,0.05,0.05,0.4,0.05,-1,-1,0.001786,0.57602
2,1,-1,0.1,0.1,0.4,0.05,-1,-1,0.001977,0.499489
2,1,-1,0.15,0.15,0.4,0.05,-1,-1,0.002105,0.445918
2,1,-1,0.2,0.2,0.4,0.05,-1,-1,0.002232,0.403826
2,1,-1,0.25,0.25,0.4,0.05,-1,-1,0.00236,0.380867
2,1,-1,0.3,0.3,0.4,0.05,-1,-1,0.002424,0.365561
2,1,-1,0.35,0.35,0.4,0.05,-1,-1,0.002487,0.346428
2,1,-1,0.4,0.4,0.4,0.05,-1,-1,0.002551,0.331123
2,1,-1,0.45,0.45,0.4,0.05,-1,-1,0.002743,0.319643
2,1,-1,0.5,0.5,0.4,0.05,-1,-1,0.002998,0.315816
2,1,-1,0.55,0.55,0.4,0.05,-1,-1,0.003189,0.308163
2,1,-1,0.6,0.6,0.4,0.05,-1,-1,0.003572,0.308163
2,1,-1,0.65,0.65,0.4,0.05,-1,-1,0.003699,0.308163
2,1,-1,0.7,0.7,0.4,0.05,-1,-1,0.00389,0.304337
2,1,-1,0.75,0.75,0.4,0.05,-1,-1,0.004018,0.296684
2,1,-1,0.8,0.8,0.4,0.05,-1,-1,0.004209,0.296684
2,1,-1,0.85,0.85,0.4,0.05,-1,-1,0.004401,0.292857
2,1,-1,0.9,0.9,0.4,0.05,-1,-1,0.004911,0.292857
2,1,-1,0.95,0.95,0.4,0.05,-1,-1,0.005612,0.292857
2,1,-1,1.0,1.0,0.4,0.05,-1,-1,0.010714,0.292857
2,1,-1,0.05,0.05,0.45,0.05,-1,-1,0.001786,0.552448
2,1,-1,0.1,0.1,0.45,0.05,-1,-1,0.001977,0.468775
2,1,-1,0.15,0.15,0.45,0.05,-1,-1,0.002105,0.410204
2,1,-1,0.2,0.2,0.45,0.05,-1,-1,0.002232,0.364184
2,1,-1,0.25,0.25,0.45,0.05,-1,-1,0.00236,0.339082
2,1,-1,0.3,0.3,0.45,0.05,-1,-1,0.002424,0.322347
2,1,-1,0.35,0.35,0.45,0.05,-1,-1,0.002487,0.301428
2,1,-1,0.4,0.4,0.45,0.05,-1,-1,0.002551,0.284694
2,1,-1,0.45,0.45,0.45,0.05,-1,-1,0.002743,0.272143
2,1,-1,0.5,0.5,0.45,0.05,-1,-1,0.002998,0.267959
2,1,-1,0.55,0.55,0.45,0.05,-1,-1,0.003189,0.259591
2,1,-1,0.6,0.6,0.45,0.05,-1,-1,0.003572,0.259591
2,1,-1,0.65,0.65,0.45,0.05,-1,-1,0.003699,0.259591
2,1,-1,0.7,0.7,0.45,0.05,-1,-1,0.00389,0.255408
2,1,-1,0.75,0.75,0.45,0.05,-1,-1,0.004018,0.247041
2,1,-1,0.8,0.8,0.45,0.05,-1,-1,0.004209,0.247041
2,1,-1,0.85,0.85,0.45,0.05,-1,-1,0.004401,0.242857
2,1,-1,0.9,0.9,0.45,0.05,-1,-1,0.004911,0.242857
2,1,-1,0.95,0.95,0.45,0.05,-1,-1,0.005612,0.242857
2,1,-1,1.0,1.0,0.45,0.05,-1,-1,0.010714,0.242857
2,1,-1,0.05,0.05,0.5,0.05,-1,-1,0.001786,0.522142
2,1,-1,0.1,0.1,0.5,0.05,-1,-1,0.002016,0.429285
2,1,-1,0.15,0.15,0.5,0.05,-1,-1,0.002169,0.364285
2,1,-1,0.2,0.2,0.5,0.05,-1,-1,0.002322,0.313214
2,1,-1,0.25,0.25,0.5,0.05,-1,-1,0.002475,0.285357
2,1,-1,0.3,0.3,0.5,0.05,-1,-1,0.002551,0.266785
2,1,-1,0.35,0.35,0.5,0.05,-1,-1,0.002628,0.243571
2,1,-1,0.4,0.4,0.5,0.05,-1,-1,0.002704,0.225
2,1,-1,0.45,0.45,0.5,0.05,-1,-1,0.002934,0.211071
2,1,-1,0.5,0.5,0.5,0.05,-1,-1,0.00324,0.206428
2,1,-1,0.55,0.55,0.5,0.05,-1,-1,0.00347,0.197142
2,1,-1,0.6,0.6,0.5,0.05,-1,-1,0.003929,0.197142
2,1,-1,0.65,0.65,0.5,0.05,-1,-1,0.004082,0.197142
2,1,-1,0.7,0.7,0.5,0.05,-1,-1,0.004311,0.1925
2,1,-1,0.75,0.75,0.5,0.05,-1,-1,0.004465,0.183214
2,1,-1,0.8,0.8,0.5,0.05,-1,-1,0.004694,0.183214
2,1,-1,0.85,0.85,0.5,0.05,-1,-1,0.004924,0.178571
2,1,-1,0.9,0.9,0.5,0.05,-1,-1,0.005536,0.178571
2,1,-1,0.95,0.95,0.5,0.05,-1,-1,0.006378,0.178571
2,1,-1,1.0,1.0,0.5,0.05,-1,-1,0.0125,0.178571
2,1,-1,0.05,0.05,0.55,0.05,-1,-1,0.001786,0.501938
2,1,-1,0.1,0.1,0.55,0.05,-1,-1,0.00213,0.402959
2,1,-1,0.15,0.15,0.55,0.05,-1,-1,0.00236,0.333673
2,1,-1,0.2,0.2,0.55,0.05,-1,-1,0.00259,0.279234
2,1,-1,0.25,0.25,0.55,0.05,-1,-1,0.002819,0.249541
2,1,-1,0.3,0.3,0.55,0.05,-1,-1,0.002934,0.229744
2,1,-1,0.35,0.35,0.55,0.05,-1,-1,0.003049,0.205
2,1,-1,0.4,0.4,0.55,0.05,-1,-1,0.003164,0.185204
2,1,-1,0.45,0.45,0.55,0.05,-1,-1,0.003508,0.170357
2,1,-1,0.5,0.5,0.55,0.05,-1,-1,0.003967,0.165408
2,1,-1,0.55,0.55,0.55,0.05,-1,-1,0.004311,0.15551
2,1,-1,0.6,0.6,0.55,0.05,-1,-1,0.005,0.15551
2,1,-1,0.65,0.65,0.55,0.05,-1,-1,0.00523,0.15551
2,1,-1,0.7,0.7,0.55,0.05,-1,-1,0.005574,0.150561
2,1,-1,0.75,0.75,0.55,0.05,-1,-1,0.005804,0.140663
2,1,-1,0.8,0.8,0.55,0.05,-1,-1,0.006148,0.140663
2,1,-1,0.85,0.85,0.55,0.05,-1,-1,0.006493,0.135714
2,1,-1,0.9,0.9,0.55,0.05,-1,-1,0.007411,0.135714
2,1,-1,0.95,0.95,0.55,0.05,-1,-1,0.008674,0.135714
2,1,-1,1.0,1.0,0.55,0.05,-1,-1,0.017857,0.135714
2,1,-1,0.05,0.05,0.6,0.05,-1,-1,0.001786,0.498571
2,1,-1,0.1,0.1,0.6,0.05,-1,-1,0.002283,0.398571
2,1,-1,0.15,0.15,0.6,0.05,-1,-1,0.002615,0.328571
2,1,-1,0.2,0.2,0.6,0.05,-1,-1,0.002947,0.273571
2,1,-1,0.25,0.25,0.6,0.05,-1,-1,0.003278,0.243571
2,1,-1,0.3,0.3,0.6,0.05,-1,-1,0.003444,0.223571
2,1,-1,0.35,0.35,0.6,0.05,-1,-1,0.00361,0.198571
2,1,-1,0.4,0.4,0.6,0.05,-1,-1,0.003776,0.178571
2,1,-1,0.45,0.45,0.6,0.05,-1,-1,0.004273,0.163571
2,1,-1,0.5,0.5,0.6,0.05,-1,-1,0.004936,0.158571
2,1,-1,0.55,0.55,0.6,0.05,-1,-1,0.005434,0.148571
2,1,-1,0.6,0.6,0.6,0.05,-1,-1,0.006429,0.148571
2,1,-1,0.65,0.65,0.6,0.05,-1,-1,0.00676,0.148571
2,1,-1,0.7,0.7,0.6,0.05,-1,-1,0.007258,0.143571
2,1,-1,0.75,0.75,0.6,0.05,-1,-1,0.00759,0.133571
2,1,-1,0.8,0.8,0.6,0.05,-1,-1,0.008087,0.133571
2,1,-1,0.85,0.85,0.6,0.05,-1,-1,0.008584,0.128571
2,1,-1,0.9,0.9,0.6,0.05,-1,-1,0.009911,0.128571
2,1,-1,0.95,0.95,0.6,0.05,-1,-1,0.011735,0.128571
2,1,-1,1.0,1.0,0.6,0.05,-1,-1,0.025,0.128571
2,1,-1,0.05,0.05,0.65,0.05,-1,-1,0.001786,0.485102
2,1,-1,0.1,0.1,0.65,0.05,-1,-1,0.002398,0.38102
2,1,-1,0.15,0.15,0.65,0.05,-1,-1,0.002806,0.308163
2,1,-1,0.2,0.2,0.65,0.05,-1,-1,0.003215,0.250918
2,1,-1,0.25,0.25,0.65,0.05,-1,-1,0.003623,0.219694
2,1,-1,0.3,0.3,0.65,0.05,-1,-1,0.003827,0.198877
2,1,-1,0.35,0.35,0.65,0.05,-1,-1,0.004031,0.172857
2,1,-1,0.4,0.4,0.65,0.05,-1,-1,0.004235,0.152041
2,1,-1,0.45,0.45,0.65,0.05,-1,-1,0.004847,0.136429
2,1,-1,0.5,0.5,0.65,0.05,-1,-1,0.005663,0.131224
2,1,-1,0.55,0.55,0.65,0.05,-1,-1,0.006276,0.120816
2,1,-1,0.6,0.6,0.65,0.05,-1,-1,0.0075,0.120816
2,1,-1,0.65,0.65,0.65,0.05,-1,-1,0.007908,0.120816
2,1,-1,0.7,0.7,0.65,0.05,-1,-1,0.008521,0.115613
2,1,-1,0.75,0.75,0.65,0.05,-1,-1,0.008929,0.105204
2,1,-1,0.8,0.8,0.65,0.05,-1,-1,0.009541,0.105204
2,1,-1,0.85,0.85,0.65,0.05,-1,-1,0.010153,0.1
2,1,-1,0.9,0.9,0.65,0.05,-1,-1,0.011786,0.1
2,1,-1,0.95,0.95,0.65,0.05,-1,-1,0.014031,0.1
2,1,-1,1.0,1.0,0.65,0.05,-1,-1,0.030357,0.1
2,1,-1,0.05,0.05,0.7,0.05,-1,-1,0.001786,0.478367
2,1,-1,0.1,0.1,0.7,0.05,-1,-1,0.002513,0.372244
2,1,-1,0.15,0.15,0.7,0.05,-1,-1,0.002998,0.297959
2,1,-1,0.2,0.2,0.7,0.05,-1,-1,0.003482,0.239592
2,1,-1,0.25,0.25,0.7,0.05,-1,-1,0.003967,0.207755
2,1,-1,0.3,0.3,0.7,0.05,-1,-1,0.004209,0.18653
2,1,-1,0.35,0.35,0.7,0.05,-1,-1,0.004452,0.16
2,1,-1,0.4,0.4,0.7,0.05,-1,-1,0.004694,0.138776
2,1,-1,0.45,0.45,0.7,0.05,-1,-1,0.005421,0.122857
2,1,-1,0.5,0.5,0.7,0.05,-1,-1,0.006391,0.117551
2,1,-1,0.55,0.55,0.7,0.05,-1,-1,0.007118,0.106938
2,1,-1,0.6,0.6,0.7,0.05,-1,-1,0.008572,0.106938
2,1,-1,0.65,0.65,0.7,0.05,-1,-1,0.009056,0.106938
2,1,-1,0.7,0.7,0.7,0.05,-1,-1,0.009783,0.101633
2,1,-1,0.75,0.75,0.7,0.05,-1,-1,0.010268,0.09102
2,1,-1,0.8,0.8,0.7,0.05,-1,-1,0.010995,0.09102
2,1,-1,0.85,0.85,0.7,0.05,-1,-1,0.011722,0.085714
2,1,-1,0.9,0.9,0.7,0.05,-1,-1,0.013661,0.085714
2,1,-1,0.95,0.95,0.7,0.05,-1,-1,0.016327,0.085714
2,1,-1,1.0,1.0,0.7,0.05,-1,-1,0.035714,0.085714
2,1,-1,0.05,0.05,0.75,0.05,-1,-1,0.001786,0.468265
2,1,-1,0.1,0.1,0.75,0.05,-1,-1,0.002704,0.359081
2,1,-1,0.15,0.15,0.75,0.05,-1,-1,0.003317,0.282653
2,1,-1,0.2,0.2,0.75,0.05,-1,-1,0.003929,0.222602
2,1,-1,0.25,0.25,0.75,0.05,-1,-1,0.004541,0.189847
2,1,-1,0.3,0.3,0.75,0.05,-1,-1,0.004847,0.16801
2,1,-1,0.35,0.35,0.75,0.05,-1,-1,0.005153,0.140715
2,1,-1,0.4,0.4,0.75,0.05,-1,-1,0.005459,0.118878
2,1,-1,0.45,0.45,0.75,0.05,-1,-1,0.006378,0.1025
2,1,-1,0.5,0.5,0.75,0.05,-1,-1,0.007602,0.097041
2,1,-1,0.55,0.55,0.75,0.05,-1,-1,0.008521,0.086122
2,1,-1,0.6,0.6,0.75,0.05,-1,-1,0.010357,0.086122
2,1,-1,0.65,0.65,0.75,0.05,-1,-1,0.01097,0.086122
2,1,-1,0.7,0.7,0.75,0.05,-1,-1,0.011888,0.080664
2,1,-1,0.75,0.75,0.75,0.05,-1,-1,0.0125,0.069745
2,1,-1,0.8,0.8,0.75,0.05,-1,-1,0.013419,0.069745
2,1,-1,0.85,0.85,0.75,0.05,-1,-1,0.014337,0.064286
2,1,-1,0.9,0.9,0.75,0.05,-1,-1,0.016786,0.064286
2,1,-1,0.95,0.95,0.75,0.05,-1,-1,0.020153,0.064286
2,1,-1,1.0,1.0,0.75,0.05,-1,-1,0.044643,0.064286
2,1,-1,0.05,0.05,0.8,0.05,-1,-1,0.001786,0.46153
2,1,-1,0.1,0.1,0.8,0.05,-1,-1,0.002934,0.350306
2,1,-1,0.15,0.15,0.8,0.05,-1,-1,0.003699,0.272449
2,1,-1,0.2,0.2,0.8,0.05,-1,-1,0.004465,0.211276
2,1,-1,0.25,0.25,0.8,0.05,-1,-1,0.00523,0.177908
2,1,-1,0.3,0.3,0.8,0.05,-1,-1,0.005613,0.155663
2,1,-1,0.35,0.35,0.8,0.05,-1,-1,0.005995,0.127857
2,1,-1,0.4,0.4,0.8,0.05,-1,-1,0.006378,0.105613
2,1,-1,0.45,0.45,0.8,0.05,-1,-1,0.007526,0.088929
2,1,-1,0.5,0.5,0.8,0.05,-1,-1,0.009056,0.083367
2,1,-1,0.55,0.55,0.8,0.05,-1,-1,0.010204,0.072245
2,1,-1,0.6,0.6,0.8,0.05,-1,-1,0.0125,0.072245
2,1,-1,0.65,0.65,0.8,0.05,-1,-1,0.013266,0.072245
2,1,-1,0.7,0.7,0.8,0.05,-1,-1,0.014413,0.066684
2,1,-1,0.75,0.75,0.8,0.05,-1,-1,0.015179,0.055561
2,1,-1,0.8,0.8,0.8,0.05,-1,-1,0.016327,0.055561
2,1,-1,0.85,0.85,0.8,0.05,-1,-1,0.017475,0.05
2,1,-1,0.9,0.9,0.8,0.05,-1,-1,0.020536,0.05
2,1,-1,0.95,0.95,0.8,0.05,-1,-1,0.024745,0.05
2,1,-1,1.0,1.0,0.8,0.05,-1,-1,0.055357,0.05
2,1,-1,0.05,0.05,0.85,0.05,-1,-1,0.001786,0.458163
2,1,-1,0.1,0.1,0.85,0.05,-1,-1,0.003278,0.345918
2,1,-1,0.15,0.15,0.85,0.05,-1,-1,0.004273,0.267346
2,1,-1,0.2,0.2,0.85,0.05,-1,-1,0.005268,0.205612
2,1,-1,0.25,0.25,0.85,0.05,-1,-1,0.006263,0.171939
2,1,-1,0.3,0.3,0.85,0.05,-1,-1,0.006761,0.149489
2,1,-1,0.35,0.35,0.85,0.05,-1,-1,0.007258,0.121428
2,1,-1,0.4,0.4,0.85,0.05,-1,-1,0.007755,0.09898
2,1,-1,0.45,0.45,0.85,0.05,-1,-1,0.009248,0.082143
2,1,-1,0.5,0.5,0.85,0.05,-1,-1,0.011238,0.07653
2,1,-1,0.55,0.55,0.85,0.05,-1,-1,0.01273,0.065306
2,1,-1,0.6,0.6,0.85,0.05,-1,-1,0.015715,0.065306
2,1,-1,0.65,0.65,0.85,0.05,-1,-1,0.01671,0.065306
2,1,-1,0.7,0.7,0.85,0.05,-1,-1,0.018202,0.059694
2,1,-1,0.75,0.75,0.85,0.05,-1,-1,0.019197,0.048469
2,1,-1,0.8,0.8,0.85,0.05,-1,-1,0.020689,0.048469
2,1,-1,0.85,0.85,0.85,0.05,-1,-1,0.022181,0.042857
2,1,-1,0.9,0.9,0.85,0.05,-1,-1,0.026161,0.042857
2,1,-1,0.95,0.95,0.85,0.05,-1,-1,0.031633,0.042857
2,1,-1,1.0,1.0,0.85,0.05,-1,-1,0.071429,0.042857
2,1,-1,0.05,0.05,0.9,0.05,-1,-1,0.001786,0.444693
2,1,-1,0.1,0.1,0.9,0.05,-1,-1,0.003776,0.328367
2,1,-1,0.15,0.15,0.9,0.05,-1,-1,0.005102,0.246939
2,1,-1,0.2,0.2,0.9,0.05,-1,-1,0.006429,0.182959
2,1,-1,0.25,0.25,0.9,0.05,-1,-1,0.007755,0.148062
2,1,-1,0.3,0.3,0.9,0.05,-1,-1,0.008419,0.124796
2,1,-1,0.35,0.35,0.9,0.05,-1,-1,0.009082,0.095715
2,1,-1,0.4,0.4,0.9,0.05,-1,-1,0.009745,0.07245
2,1,-1,0.45,0.45,0.9,0.05,-1,-1,0.011735,0.055
2,1,-1,0.5,0.5,0.9,0.05,-1,-1,0.014388,0.049184
2,1,-1,0.55,0.55,0.9,0.05,-1,-1,0.016378,0.037551
2,1,-1,0.6,0.6,0.9,0.05,-1,-1,0.020357,0.037551
2,1,-1,0.65,0.65,0.9,0.05,-1,-1,0.021684,0.037551
2,1,-1,0.7,0.7,0.9,0.05,-1,-1,0.023674,0.031735
2,1,-1,0.75,0.75,0.9,0.05,-1,-1,0.025,0.020102
2,1,-1,0.8,0.8,0.9,0.05,-1,-1,0.02699,0.020102
2,1,-1,0.85,0.85,0.9,0.05,-1,-1,0.02898,0.014286
2,1,-1,0.9,0.9,0.9,0.05,-1,-1,0.034286,0.014286
2,1,-1,0.95,0.95,0.9,0.05,-1,-1,0.041582,0.014286
2,1,-1,1.0,1.0,0.9,0.05,-1,-1,0.094643,0.014286
2,1,-1,0.05,0.05,0.95,0.05,-1,-1,0.001786,0.441326
2,1,-1,0.1,0.1,0.95,0.05,-1,-1,0.005039,0.323979
2,1,-1,0.15,0.15,0.95,0.05,-1,-1,0.007207,0.241836
2,1,-1,0.2,0.2,0.95,0.05,-1,-1,0.009375,0.177296
2,1,-1,0.25,0.25,0.95,0.05,-1,-1,0.011544,0.142092
2,1,-1,0.3,0.3,0.95,0.05,-1,-1,0.012628,0.118622
2,1,-1,0.35,0.35,0.95,0.05,-1,-1,0.013712,0.089286
2,1,-1,0.4,0.4,0.95,0.05,-1,-1,0.014796,0.065817
2,1,-1,0.45,0.45,0.95,0.05,-1,-1,0.018049,0.048214
2,1,-1,0.5,0.5,0.95,0.05,-1,-1,0.022385,0.042347
2,1,-1,0.55,0.55,0.95,0.05,-1,-1,0.025638,0.030612
2,1,-1,0.6,0.6,0.95,0.05,-1,-1,0.032143,0.030612
2,1,-1,0.65,0.65,0.95,0.05,-1,-1,0.034311,0.030612
2,1,-1,0.7,0.7,0.95,0.05,-1,-1,0.037564,0.024745
2,1,-1,0.75,0.75,0.95,0.05,-1,-1,0.039732,0.01301
2,1,-1,0.8,0.8,0.95,0.05,-1,-1,0.042985,0.01301
2,1,-1,0.85,0.85,0.95,0.05,-1,-1,0.046237,0.007143
2,1,-1,0.9,0.9,0.95,0.05,-1,-1,0.054911,0.007143
2,1,-1,0.95,0.95,0.95,0.05,-1,-1,0.066837,0.007143
2,1,-1,1.0,1.0,0.95,0.05,-1,-1,0.153571,0.007143
2,1,-1,0.05,0.05,1.0,0.05,-1,-1,0.001786,0.437959
2,1,-1,0.1,0.1,1.0,0.05,-1,-1,0.023177,0.319591
2,1,-1,0.15,0.15,1.0,0.05,-1,-1,0.037436,0.236734
2,1,-1,0.2,0.2,1.0,0.05,-1,-1,0.051697,0.171633
2,1,-1,0.25,0.25,1.0,0.05,-1,-1,0.065957,0.136123
2,1,-1,0.3,0.3,1.0,0.05,-1,-1,0.073087,0.112449
2,1,-1,0.35,0.35,1.0,0.05,-1,-1,0.080217,0.082857
2,1,-1,0.4,0.4,1.0,0.05,-1,-1,0.087347,0.059184
2,1,-1,0.45,0.45,1.0,0.05,-1,-1,0.108738,0.041429
2,1,-1,0.5,0.5,1.0,0.05,-1,-1,0.137258,0.03551
2,1,-1,0.55,0.55,1.0,0.05,-1,-1,0.158648,0.023673
2,1,-1,0.6,0.6,1.0,0.05,-1,-1,0.201429,0.023673
2,1,-1,0.65,0.65,1.0,0.05,-1,-1,0.215689,0.023673
2,1,-1,0.7,0.7,1.0,0.05,-1,-1,0.237079,0.017755
2,1,-1,0.75,0.75,1.0,0.05,-1,-1,0.251339,0.005918
2,1,-1,0.8,0.8,1.0,0.05,-1,-1,0.27273,0.005918
2,1,-1,0.85,0.85,1.0,0.05,-1,-1,0.29412,0.0
2,1,-1,0.9,0.9,1.0,0.05,-1,-1,0.351161,0.0
2,1,-1,0.95,0.95,1.0,0.05,-1,-1,0.429592,0.0
2,1,-1,1.0,1.0,1.0,0.05,-1,-1,1.0,0.0
2,1,-1,0.05,0.05,0.1,0.1,-1,-1,0.003571,0.75
2,1,-1,0.1,0.1,0.1,0.1,-1,-1,0.003571,0.75
2,1,-1,0.15,0.15,0.1,0.1,-1,-1,0.003571,0.75
2,1,-1,0.2,0.2,0.1,0.1,-1,-1,0.003571,0.75
2,1,-1,0.25,0.25,0.1,0.1,-1,-1,0.003571,0.75
2,1,-1,0.3,0.3,0.1,0.1,-1,-1,0.003571,0.75
2,1,-1,0.35,0.35,0.1,0.1,-1,-1,0.003571,0.75
2,1,-1,0.4,0.4,0.1,0.1,-1,-1,0.003571,0.75
2,1,-1,0.45,0.45,0.1,0.1,-1,-1,0.003571,0.75
2,1,-1,0.5,0.5,0.1,0.1,-1,-1,0.003571,0.75
2,1,-1,0.55,0.55,0.1,0.1,-1,-1,0.003571,0.75
2,1,-1,0.6,0.6,0.1,0.1,-1,-1,0.003571,0.75
2,1,-1,0.65,0.65,0.1,0.1,-1,-1,0.003571,0.75
2,1,-1,0.7,0.7,0.1,0.1,-1,-1,0.003571,0.75
2,1,-1,0.75,0.75,0.1,0.1,-1,-1,0.003571,0.75
2,1,-1,0.8,0.8,0.1,0.1,-1,-1,0.003571,0.75
2,1,-1,0.85,0.85,0.1,0.1,-1,-1,0.003571,0.75
2,1,-1,0.9,0.9,0.1,0.1,-1,-1,0.003571,0.75
2,1,-1,0.95,0.95,0.1,0.1,-1,-1,0.003571,0.75
2,1,-1,1.0,1.0,0.1,0.1,-1,-1,0.003571,0.75
2,1,-1,0.05,0.05,0.15,0.1,-1,-1,0.003571,0.702857
2,1,-1,0.1,0.1,0.15,0.1,-1,-1,0.003571,0.688571
2,1,-1,0.15,0.15,0.15,0.1,-1,-1,0.003571,0.678571
2,1,-1,0.2,0.2,0.15,0.1,-1,-1,0.003571,0.670714
2,1,-1,0.25,0.25,0.15,0.1,-1,-1,0.003571,0.666429
2,1,-1,0.3,0.3,0.15,0.1,-1,-1,0.003571,0.663571
2,1,-1,0.35,0.35,0.15,0.1,-1,-1,0.003571,0.66
2,1,-1,0.4,0.4,0.15,0.1,-1,-1,0.003571,0.657143
2,1,-1,0.45,0.45,0.15,0.1,-1,-1,0.003571,0.655
2,1,-1,0.5,0.5,0.15,0.1,-1,-1,0.003571,0.654286
2,1,-1,0.55,0.55,0.15,0.1,-1,-1,0.003571,0.652857
2,1,-1,0.6,0.6,0.15,0.1,-1,-1,0.003571,0.652857
2,1,-1,0.65,0.65,0.15,0.1,-1,-1,0.003571,0.652857
2,1,-1,0.7,0.7,0.15,0.1,-1,-1,0.003571,0.652143
2,1,-1,0.75,0.75,0.15,0.1,-1,-1,0.003571,0.650714
2,1,-1,0.8,0.8,0.15,0.1,-1,-1,0.003571,0.650714
2,1,-1,0.85,0.85,0.15,0.1,-1,-1,0.003571,0.65
2,1,-1,0.9,0.9,0.15,0.1,-1,-1,0.003571,0.65
2,1,-1,0.95,0.95,0.15,0.1,-1,-1,0.003571,0.65
2,1,-1,1.0,1.0,0.15,0.1,-1,-1,0.003571,0.65
2,1,-1,0.05,0.05,0.2,0.1,-1,-1,0.003571,0.652347
2,1,-1,0.1,0.1,0.2,0.1,-1,-1,0.003571,0.622755
2,1,-1,0.15,0.15,0.2,0.1,-1,-1,0.003571,0.602041
2,1,-1,0.2,0.2,0.2,0.1,-1,-1,0.003571,0.585765
2,1,-1,0.25,0.25,0.2,0.1,-1,-1,0.003571,0.576888
2,1,-1,0.3,0.3,0.2,0.1,-1,-1,0.003571,0.570969
2,1,-1,0.35,0.35,0.2,0.1,-1,-1,0.003571,0.563571
2,1,-1,0.4,0.4,0.2,0.1,-1,-1,0.003571,0.557653
2,1,-1,0.45,0.45,0.2,0.1,-1,-1,0.003571,0.553214
2,1,-1,0.5,0.5,0.2,0.1,-1,-1,0.003571,0.551735
2,1,-1,0.55,0.55,0.2,0.1,-1,-1,0.003571,0.548775
2,1,-1,0.6,0.6,0.2,0.1,-1,-1,0.003571,0.548775
2,1,-1,0.65,0.65,0.2,0.1,-1,-1,0.003571,0.548775
2,1,-1,0.7,0.7,0.2,0.1,-1,-1,0.003571,0.547296
2,1,-1,0.75,0.75,0.2,0.1,-1,-1,0.003571,0.544337
2,1,-1,0.8,0.8,0.2,0.1,-1,-1,0.003571,0.544337
2,1,-1,0.85,0.85,0.2,0.1,-1,-1,0.003571,0.542857
2,1,-1,0.9,0.9,0.2,0.1,-1,-1,0.003571,0.542857
2,1,-1,0.95,0.95,0.2,0.1,-1,-1,0.003571,0.542857
2,1,-1,1.0,1.0,0.2,0.1,-1,-1,0.003571,0.542857
2,1,-1,0.05,0.05,0.25,0.1,-1,-1,0.003571,0.615306
2,1,-1,0.1,0.1,0.25,0.1,-1,-1,0.003609,0.57449
2,1,-1,0.15,0.15,0.25,0.1,-1,-1,0.003635,0.545918
2,1,-1,0.2,0.2,0.25,0.1,-1,-1,0.00366,0.52347
2,1,-1,0.25,0.25,0.25,0.1,-1,-1,0.003686,0.511225
2,1,-1,0.3,0.3,0.25,0.1,-1,-1,0.003699,0.503061
2,1,-1,0.35,0.35,0.25,0.1,-1,-1,0.003711,0.492857
2,1,-1,0.4,0.4,0.25,0.1,-1,-1,0.003724,0.484694
2,1,-1,0.45,0.45,0.25,0.1,-1,-1,0.003762,0.478572
2,1,-1,0.5,0.5,0.25,0.1,-1,-1,0.003813,0.476531
2,1,-1,0.55,0.55,0.25,0.1,-1,-1,0.003852,0.472449
2,1,-1,0.6,0.6,0.25,0.1,-1,-1,0.003928,0.472449
2,1,-1,0.65,0.65,0.25,0.1,-1,-1,0.003954,0.472449
2,1,-1,0.7,0.7,0.25,0.1,-1,-1,0.003992,0.470409
2,1,-1,0.75,0.75,0.25,0.1,-1,-1,0.004018,0.466327
2,1,-1,0.8,0.8,0.25,0.1,-1,-1,0.004056,0.466327
2,1,-1,0.85,0.85,0.25,0.1,-1,-1,0.004094,0.464286
2,1,-1,0.9,0.9,0.25,0.1,-1,-1,0.004196,0.464286
2,1,-1,0.95,0.95,0.25,0.1,-1,-1,0.004336,0.464286
2,1,-1,1.0,1.0,0.25,0.1,-1,-1,0.005357,0.464286
2,1,-1,0.05,0.05,0.3,0.1,-1,-1,0.003571,0.601836
2,1,-1,0.1,0.1,0.3,0.1,-1,-1,0.003648,0.556939
2,1,-1,0.15,0.15,0.3,0.1,-1,-1,0.003699,0.52551
2,1,-1,0.2,0.2,0.3,0.1,-1,-1,0.00375,0.500816
2,1,-1,0.25,0.25,0.3,0.1,-1,-1,0.003801,0.487347
2,1,-1,0.3,0.3,0.3,0.1,-1,-1,0.003826,0.478367
2,1,-1,0.35,0.35,0.3,0.1,-1,-1,0.003852,0.467143
2,1,-1,0.4,0.4,0.3,0.1,-1,-1,0.003877,0.458163
2,1,-1,0.45,0.45,0.3,0.1,-1,-1,0.003954,0.451428
2,1,-1,0.5,0.5,0.3,0.1,-1,-1,0.004056,0.449183
2,1,-1,0.55,0.55,0.3,0.1,-1,-1,0.004132,0.444693
2,1,-1,0.6,0.6,0.3,0.1,-1,-1,0.004285,0.444693
2,1,-1,0.65,0.65,0.3,0.1,-1,-1,0.004336,0.444693
2,1,-1,0.7,0.7,0.3,0.1,-1,-1,0.004413,0.442449
2,1,-1,0.75,0.75,0.3,0.1,-1,-1,0.004464,0.437959
2,1,-1,0.8,0.8,0.3,0.1,-1,-1,0.004541,0.437959
2,1,-1,0.85,0.85,0.3,0.1,-1,-1,0.004617,0.435714
2,1,-1,0.9,0.9,0.3,0.1,-1,-1,0.004821,0.435714
2,1,-1,0.95,0.95,0.3,0.1,-1,-1,0.005102,0.435714
2,1,-1,1.0,1.0,0.3,0.1,-1,-1,0.007143,0.435714
2,1,-1,0.05,0.05,0.35,0.1,-1,-1,0.003571,0.578265
2,1,-1,0.1,0.1,0.35,0.1,-1,-1,0.003648,0.526224
2,1,-1,0.15,0.15,0.35,0.1,-1,-1,0.003699,0.489796
2,1,-1,0.2,0.2,0.35,0.1,-1,-1,0.00375,0.461173
2,1,-1,0.25,0.25,0.35,0.1,-1,-1,0.003801,0.445561
2,1,-1,0.3,0.3,0.35,0.1,-1,-1,0.003826,0.435153
2,1,-1,0.35,0.35,0.35,0.1,-1,-1,0.003852,0.422143
2,1,-1,0.4,0.4,0.35,0.1,-1,-1,0.003877,0.411735
2,1,-1,0.45,0.45,0.35,0.1,-1,-1,0.003954,0.403928
2,1,-1,0.5,0.5,0.35,0.1,-1,-1,0.004056,0.401326
2,1,-1,0.55,0.55,0.35,0.1,-1,-1,0.004132,0.396122
2,1,-1,0.6,0.6,0.35,0.1,-1,-1,0.004285,0.396122
2,1,-1,0.65,0.65,0.35,0.1,-1,-1,0.004336,0.396122
2,1,-1,0.7,0.7,0.35,0.1,-1,-1,0.004413,0.39352
2,1,-1,0.75,0.75,0.35,0.1,-1,-1,0.004464,0.388316
2,1,-1,0.8,0.8,0.35,0.1,-1,-1,0.004541,0.388316
2,1,-1,0.85,0.85,0.35,0.1,-1,-1,0.004617,0.385714
2,1,-1,0.9,0.9,0.35,0.1,-1,-1,0.004821,0.385714
2,1,-1,0.95,0.95,0.35,0.1,-1,-1,0.005102,0.385714
2,1,-1,1.0,1.0,0.35,0.1,-1,-1,0.007143,0.385714
2,1,-1,0.05,0.05,0.4,0.1,-1,-1,0.003571,0.53449
2,1,-1,0.1,0.1,0.4,0.1,-1,-1,0.003724,0.469183
2,1,-1,0.15,0.15,0.4,0.1,-1,-1,0.003826,0.423469
2,1,-1,0.2,0.2,0.4,0.1,-1,-1,0.003928,0.387551
2,1,-1,0.25,0.25,0.4,0.1,-1,-1,0.00403,0.367959
2,1,-1,0.3,0.3,0.4,0.1,-1,-1,0.004081,0.354898
2,1,-1,0.35,0.35,0.4,0.1,-1,-1,0.004132,0.338571
2,1,-1,0.4,0.4,0.4,0.1,-1,-1,0.004183,0.32551
2,1,-1,0.45,0.45,0.4,0.1,-1,-1,0.004336,0.315714
2,1,-1,0.5,0.5,0.4,0.1,-1,-1,0.00454,0.312449
2,1,-1,0.55,0.55,0.4,0.1,-1,-1,0.004693,0.305918
2,1,-1,0.6,0.6,0.4,0.1,-1,-1,0.005,0.305918
2,1,-1,0.65,0.65,0.4,0.1,-1,-1,0.005102,0.305918
2,1,-1,0.7,0.7,0.4,0.1,-1,-1,0.005255,0.302653
2,1,-1,0.75,0.75,0.4,0.1,-1,-1,0.005357,0.296122
2,1,-1,0.8,0.8,0.4,0.1,-1,-1,0.00551,0.296122
2,1,-1,0.85,0.85,0.4,0.1,-1,-1,0.005663,0.292857
2,1,-1,0.9,0.9,0.4,0.1,-1,-1,0.006071,0.292857
2,1,-1,0.95,0.95,0.4,0.1,-1,-1,0.006632,0.292857
2,1,-1,1.0,1.0,0.4,0.1,-1,-1,0.010714,0.292857
2,1,-1,0.05,0.05,0.45,0.1,-1,-1,0.003571,0.510918
2,1,-1,0.1,0.1,0.45,0.1,-1,-1,0.003724,0.438469
2,1,-1,0.15,0.15,0.45,0.1,-1,-1,0.003826,0.387755
2,1,-1,0.2,0.2,0.45,0.1,-1,-1,0.003928,0.347908
2,1,-1,0.25,0.25,0.45,0.1,-1,-1,0.00403,0.326173
2,1,-1,0.3,0.3,0.45,0.1,-1,-1,0.004081,0.311683
2,1,-1,0.35,0.35,0.45,0.1,-1,-1,0.004132,0.293571
2,1,-1,0.4,0.4,0.45,0.1,-1,-1,0.004183,0.279082
2,1,-1,0.45,0.45,0.45,0.1,-1,-1,0.004336,0.268214
2,1,-1,0.5,0.5,0.45,0.1,-1,-1,0.00454,0.264592
2,1,-1,0.55,0.55,0.45,0.1,-1,-1,0.004693,0.257347
2,1,-1,0.6,0.6,0.45,0.1,-1,-1,0.005,0.257347
2,1,-1,0.65,0.65,0.45,0.1,-1,-1,0.005102,0.257347
2,1,-1,0.7,0.7,0.45,0.1,-1,-1,0.005255,0.253725
2,1,-1,0.75,0.75,0.45,0.1,-1,-1,0.005357,0.24648
2,1,-1,0.8,0.8,0.45,0.1,-1,-1,0.00551,0.24648
2,1,-1,0.85,0.85,0.45,0.1,-1,-1,0.005663,0.242857
2,1,-1,0.9,0.9,0.45,0.1,-1,-1,0.006071,0.242857
2,1,-1,0.95,0.95,0.45,0.1,-1,-1,0.006632,0.242857
2,1,-1,1.0,1.0,0.45,0.1,-1,-1,0.010714,0.242857
2,1,-1,0.05,0.05,0.5,0.1,-1,-1,0.003571,0.480612
2,1,-1,0.1,0.1,0.5,0.1,-1,-1,0.003762,0.398979
2,1,-1,0.15,0.15,0.5,0.1,-1,-1,0.00389,0.341836
2,1,-1,0.2,0.2,0.5,0.1,-1,-1,0.004017,0.296939
2,1,-1,0.25,0.25,0.5,0.1,-1,-1,0.004145,0.272449
2,1,-1,0.3,0.3,0.5,0.1,-1,-1,0.004209,0.256122
2,1,-1,0.35,0.35,0.5,0.1,-1,-1,0.004273,0.235714
2,1,-1,0.4,0.4,0.5,0.1,-1,-1,0.004336,0.219388
2,1,-1,0.45,0.45,0.5,0.1,-1,-1,0.004528,0.207142
2,1,-1,0.5,0.5,0.5,0.1,-1,-1,0.004783,0.203061
2,1,-1,0.55,0.55,0.5,0.1,-1,-1,0.004974,0.194897
2,1,-1,0.6,0.6,0.5,0.1,-1,-1,0.005357,0.194897
2,1,-1,0.65,0.65,0.5,0.1,-1,-1,0.005484,0.194897
2,1,-1,0.7,0.7,0.5,0.1,-1,-1,0.005676,0.190816
2,1,-1,0.75,0.75,0.5,0.1,-1,-1,0.005803,0.182653
2,1,-1,0.8,0.8,0.5,0.1,-1,-1,0.005995,0.182653
2,1,-1,0.85,0.85,0.5,0.1,-1,-1,0.006186,0.178571
2,1,-1,0.9,0.9,0.5,0.1,-1,-1,0.006696,0.178571
2,1,-1,0.95,0.95,0.5,0.1,-1,-1,0.007398,0.178571
2,1,-1,1.0,1.0,0.5,0.1,-1,-1,0.0125,0.178571
2,1,-1,0.05,0.05,0.55,0.1,-1,-1,0.003571,0.460408
2,1,-1,0.1,0.1,0.55,0.1,-1,-1,0.003877,0.372653
2,1,-1,0.15,0.15,0.55,0.1,-1,-1,0.004081,0.311224
2,1,-1,0.2,0.2,0.55,0.1,-1,-1,0.004285,0.262959
2,1,-1,0.25,0.25,0.55,0.1,-1,-1,0.004489,0.236633
2,1,-1,0.3,0.3,0.55,0.1,-1,-1,0.004591,0.219081
2,1,-1,0.35,0.35,0.55,0.1,-1,-1,0.004693,0.197143
2,1,-1,0.4,0.4,0.55,0.1,-1,-1,0.004796,0.179592
2,1,-1,0.45,0.45,0.55,0.1,-1,-1,0.005102,0.166428
2,1,-1,0.5,0.5,0.55,0.1,-1,-1,0.00551,0.16204
2,1,-1,0.55,0.55,0.55,0.1,-1,-1,0.005816,0.153265
2,1,-1,0.6,0.6,0.55,0.1,-1,-1,0.006428,0.153265
2,1,-1,0.65,0.65,0.55,0.1,-1,-1,0.006632,0.153265
2,1,-1,0.7,0.7,0.55,0.1,-1,-1,0.006938,0.148878
2,1,-1,0.75,0.75,0.55,0.1,-1,-1,0.007143,0.140102
2,1,-1,0.8,0.8,0.55,0.1,-1,-1,0.007449,0.140102
2,1,-1,0.85,0.85,0.55,0.1,-1,-1,0.007755,0.135714
2,1,-1,0.9,0.9,0.55,0.1,-1,-1,0.008571,0.135714
2,1,-1,0.95,0.95,0.55,0.1,-1,-1,0.009694,0.135714
2,1,-1,1.0,1.0,0.55,0.1,-1,-1,0.017857,0.135714
2,1,-1,0.05,0.05,0.6,0.1,-1,-1,0.003571,0.45704
2,1,-1,0.1,0.1,0.6,0.1,-1,-1,0.00403,0.368265
2,1,-1,0.15,0.15,0.6,0.1,-1,-1,0.004336,0.306122
2,1,-1,0.2,0.2,0.6,0.1,-1,-1,0.004642,0.257296
2,1,-1,0.25,0.25,0.6,0.1,-1,-1,0.004949,0.230663
2,1,-1,0.3,0.3,0.6,0.1,-1,-1,0.005102,0.212908
2,1,-1,0.35,0.35,0.6,0.1,-1,-1,0.005255,0.190714
2,1,-1,0.4,0.4,0.6,0.1,-1,-1,0.005408,0.172959
2,1,-1,0.45,0.45,0.6,0.1,-1,-1,0.005867,0.159642
2,1,-1,0.5,0.5,0.6,0.1,-1,-1,0.006479,0.155204
2,1,-1,0.55,0.55,0.6,0.1,-1,-1,0.006938,0.146326
2,1,-1,0.6,0.6,0.6,0.1,-1,-1,0.007857,0.146326
2,1,-1,0.65,0.65,0.6,0.1,-1,-1,0.008163,0.146326
2,1,-1,0.7,0.7,0.6,0.1,-1,-1,0.008622,0.141888
2,1,-1,0.75,0.75,0.6,0.1,-1,-1,0.008928,0.13301
2,1,-1,0.8,0.8,0.6,0.1,-1,-1,0.009387,0.13301
2,1,-1,0.85,0.85,0.6,0.1,-1,-1,0.009847,0.128571
2,1,-1,0.9,0.9,0.6,0.1,-1,-1,0.011071,0.128571
2,1,-1,0.95,0.95,0.6,0.1,-1,-1,0.012755,0.128571
2,1,-1,1.0,1.0,0.6,0.1,-1,-1,0.025,0.128571
2,1,-1,0.05,0.05,0.65,0.1,-1,-1,0.003571,0.443571
2,1,-1,0.1,0.1,0.65,0.1,-1,-1,0.004145,0.350714
2,1,-1,0.15,0.15,0.65,0.1,-1,-1,0.004528,0.285714
2,1,-1,0.2,0.2,0.65,0.1,-1,-1,0.00491,0.234643
2,1,-1,0.25,0.25,0.65,0.1,-1,-1,0.005293,0.206786
2,1,-1,0.3,0.3,0.65,0.1,-1,-1,0.005484,0.188214
2,1,-1,0.35,0.35,0.65,0.1,-1,-1,0.005676,0.165
2,1,-1,0.4,0.4,0.65,0.1,-1,-1,0.005867,0.146429
2,1,-1,0.45,0.45,0.65,0.1,-1,-1,0.006441,0.1325
2,1,-1,0.5,0.5,0.65,0.1,-1,-1,0.007206,0.127857
2,1,-1,0.55,0.55,0.65,0.1,-1,-1,0.00778,0.118571
2,1,-1,0.6,0.6,0.65,0.1,-1,-1,0.008928,0.118571
2,1,-1,0.65,0.65,0.65,0.1,-1,-1,0.009311,0.118571
2,1,-1,0.7,0.7,0.65,0.1,-1,-1,0.009885,0.113929
2,1,-1,0.75,0.75,0.65,0.1,-1,-1,0.010267,0.104643
2,1,-1,0.8,0.8,0.65,0.1,-1,-1,0.010841,0.104643
2,1,-1,0.85,0.85,0.65,0.1,-1,-1,0.011415,0.1
2,1,-1,0.9,0.9,0.65,0.1,-1,-1,0.012946,0.1
2,1,-1,0.95,0.95,0.65,0.1,-1,-1,0.015051,0.1
2,1,-1,1.0,1.0,0.65,0.1,-1,-1,0.030357,0.1
2,1,-1,0.05,0.05,0.7,0.1,-1,-1,0.003571,0.436836
2,1,-1,0.1,0.1,0.7,0.1,-1,-1,0.00426,0.341938
2,1,-1,0.15,0.15,0.7,0.1,-1,-1,0.004719,0.27551
2,1,-1,0.2,0.2,0.7,0.1,-1,-1,0.005178,0.223316
2,1,-1,0.25,0.25,0.7,0.1,-1,-1,0.005637,0.194847
2,1,-1,0.3,0.3,0.7,0.1,-1,-1,0.005867,0.175867
2,1,-1,0.35,0.35,0.7,0.1,-1,-1,0.006097,0.152143
2,1,-1,0.4,0.4,0.7,0.1,-1,-1,0.006326,0.133163
2,1,-1,0.45,0.45,0.7,0.1,-1,-1,0.007015,0.118928
2,1,-1,0.5,0.5,0.7,0.1,-1,-1,0.007933,0.114183
2,1,-1,0.55,0.55,0.7,0.1,-1,-1,0.008622,0.104693
2,1,-1,0.6,0.6,0.7,0.1,-1,-1,0.01,0.104693
2,1,-1,0.65,0.65,0.7,0.1,-1,-1,0.010459,0.104693
2,1,-1,0.7,0.7,0.7,0.1,-1,-1,0.011148,0.099949
2,1,-1,0.75,0.75,0.7,0.1,-1,-1,0.011607,0.090459
2,1,-1,0.8,0.8,0.7,0.1,-1,-1,0.012296,0.090459
2,1,-1,0.85,0.85,0.7,0.1,-1,-1,0.012984,0.085714
2,1,-1,0.9,0.9,0.7,0.1,-1,-1,0.014821,0.085714
2,1,-1,0.95,0.95,0.7,0.1,-1,-1,0.017347,0.085714
2,1,-1,1.0,1.0,0.7,0.1,-1,-1,0.035714,0.085714
2,1,-1,0.05,0.05,0.75,0.1,-1,-1,0.003571,0.426735
2,1,-1,0.1,0.1,0.75,0.1,-1,-1,0.004451,0.328775
2,1,-1,0.15,0.15,0.75,0.1,-1,-1,0.005038,0.260204
2,1,-1,0.2,0.2,0.75,0.1,-1,-1,0.005625,0.206327
2,1,-1,0.25,0.25,0.75,0.1,-1,-1,0.006211,0.176939
2,1,-1,0.3,0.3,0.75,0.1,-1,-1,0.006505,0.157347
2,1,-1,0.35,0.35,0.75,0.1,-1,-1,0.006798,0.132857
2,1,-1,0.4,0.4,0.75,0.1,-1,-1,0.007091,0.113266
2,1,-1,0.45,0.45,0.75,0.1,-1,-1,0.007972,0.098572
2,1,-1,0.5,0.5,0.75,0.1,-1,-1,0.009145,0.093674
2,1,-1,0.55,0.55,0.75,0.1,-1,-1,0.010025,0.083878
2,1,-1,0.6,0.6,0.75,0.1,-1,-1,0.011785,0.083878
2,1,-1,0.65,0.65,0.75,0.1,-1,-1,0.012372,0.083878
2,1,-1,0.7,0.7,0.75,0.1,-1,-1,0.013252,0.07898
2,1,-1,0.75,0.75,0.75,0.1,-1,-1,0.013839,0.069184
2,1,-1,0.8,0.8,0.75,0.1,-1,-1,0.014719,0.069184
2,1,-1,0.85,0.85,0.75,0.1,-1,-1,0.015599,0.064286
2,1,-1,0.9,0.9,0.75,0.1,-1,-1,0.017946,0.064286
2,1,-1,0.95,0.95,0.75,0.1,-1,-1,0.021173,0.064286
2,1,-1,1.0,1.0,0.75,0.1,-1,-1,0.044643,0.064286
2,1,-1,0.05,0.05,0.8,0.1,-1,-1,0.003571,0.42
2,1,-1,0.1,0.1,0.8,0.1,-1,-1,0.004681,0.32
2,1,-1,0.15,0.15,0.8,0.1,-1,-1,0.00542,0.25
2,1,-1,0.2,0.2,0.8,0.1,-1,-1,0.00616,0.195
2,1,-1,0.25,0.25,0.8,0.1,-1,-1,0.0069,0.165
2,1,-1,0.3,0.3,0.8,0.1,-1,-1,0.00727,0.145
2,1,-1,0.35,0.35,0.8,0.1,-1,-1,0.00764,0.12
2,1,-1,0.4,0.4,0.8,0.1,-1,-1,0.00801,0.1
2,1,-1,0.45,0.45,0.8,0.1,-1,-1,0.00912,0.085
2,1,-1,0.5,0.5,0.8,0.1,-1,-1,0.010599,0.08
2,1,-1,0.55,0.55,0.8,0.1,-1,-1,0.011709,0.07
2,1,-1,0.6,0.6,0.8,0.1,-1,-1,0.013928,0.07
2,1,-1,0.65,0.65,0.8,0.1,-1,-1,0.014668,0.07
2,1,-1,0.7,0.7,0.8,0.1,-1,-1,0.015778,0.065
2,1,-1,0.75,0.75,0.8,0.1,-1,-1,0.016518,0.055
2,1,-1,0.8,0.8,0.8,0.1,-1,-1,0.017627,0.055
2,1,-1,0.85,0.85,0.8,0.1,-1,-1,0.018737,0.05
2,1,-1,0.9,0.9,0.8,0.1,-1,-1,0.021696,0.05
2,1,-1,0.95,0.95,0.8,0.1,-1,-1,0.025765,0.05
2,1,-1,1.0,1.0,0.8,0.1,-1,-1,0.055357,0.05
2,1,-1,0.05,0.05,0.85,0.1,-1,-1,0.003571,0.416632
2,1,-1,0.1,0.1,0.85,0.1,-1,-1,0.005025,0.315612
2,1,-1,0.15,0.15,0.85,0.1,-1,-1,0.005994,0.244898
2,1,-1,0.2,0.2,0.85,0.1,-1,-1,0.006964,0.189337
2,1,-1,0.25,0.25,0.85,0.1,-1,-1,0.007933,0.159031
2,1,-1,0.3,0.3,0.85,0.1,-1,-1,0.008418,0.138826
2,1,-1,0.35,0.35,0.85,0.1,-1,-1,0.008903,0.113571
2,1,-1,0.4,0.4,0.85,0.1,-1,-1,0.009387,0.093368
2,1,-1,0.45,0.45,0.85,0.1,-1,-1,0.010842,0.078214
2,1,-1,0.5,0.5,0.85,0.1,-1,-1,0.01278,0.073163
2,1,-1,0.55,0.55,0.85,0.1,-1,-1,0.014234,0.063061
2,1,-1,0.6,0.6,0.85,0.1,-1,-1,0.017143,0.063061
2,1,-1,0.65,0.65,0.85,0.1,-1,-1,0.018112,0.063061
2,1,-1,0.7,0.7,0.85,0.1,-1,-1,0.019566,0.05801
2,1,-1,0.75,0.75,0.85,0.1,-1,-1,0.020536,0.047908
2,1,-1,0.8,0.8,0.85,0.1,-1,-1,0.02199,0.047908
2,1,-1,0.85,0.85,0.85,0.1,-1,-1,0.023444,0.042857
2,1,-1,0.9,0.9,0.85,0.1,-1,-1,0.027321,0.042857
2,1,-1,0.95,0.95,0.85,0.1,-1,-1,0.032653,0.042857
2,1,-1,1.0,1.0,0.85,0.1,-1,-1,0.071429,0.042857
2,1,-1,0.05,0.05,0.9,0.1,-1,-1,0.003571,0.403163
2,1,-1,0.1,0.1,0.9,0.1,-1,-1,0.005523,0.298061
2,1,-1,0.15,0.15,0.9,0.1,-1,-1,0.006824,0.22449
2,1,-1,0.2,0.2,0.9,0.1,-1,-1,0.008125,0.166684
2,1,-1,0.25,0.25,0.9,0.1,-1,-1,0.009426,0.135154
2,1,-1,0.3,0.3,0.9,0.1,-1,-1,0.010076,0.114133
2,1,-1,0.35,0.35,0.9,0.1,-1,-1,0.010727,0.087857
2,1,-1,0.4,0.4,0.9,0.1,-1,-1,0.011377,0.066837
2,1,-1,0.45,0.45,0.9,0.1,-1,-1,0.013329,0.051072
2,1,-1,0.5,0.5,0.9,0.1,-1,-1,0.015931,0.045816
2,1,-1,0.55,0.55,0.9,0.1,-1,-1,0.017882,0.035306
2,1,-1,0.6,0.6,0.9,0.1,-1,-1,0.021785,0.035306
2,1,-1,0.65,0.65,0.9,0.1,-1,-1,0.023086,0.035306
2,1,-1,0.7,0.7,0.9,0.1,-1,-1,0.025038,0.030052
2,1,-1,0.75,0.75,0.9,0.1,-1,-1,0.026339,0.019541
2,1,-1,0.8,0.8,0.9,0.1,-1,-1,0.028291,0.019541
2,1,-1,0.85,0.85,0.9,0.1,-1,-1,0.030242,0.014286
2,1,-1,0.9,0.9,0.9,0.1,-1,-1,0.035446,0.014286
2,1,-1,0.95,0.95,0.9,0.1,-1,-1,0.042602,0.014286
2,1,-1,1.0,1.0,0.9,0.1,-1,-1,0.094643,0.014286
2,1,-1,0.05,0.05,0.95,0.1,-1,-1,0.003571,0.399796
2,1,-1,0.1,0.1,0.95,0.1,-1,-1,0.006785,0.293673
2,1,-1,0.15,0.15,0.95,0.1,-1,-1,0.008928,0.219388
2,1,-1,0.2,0.2,0.95,0.1,-1,-1,0.011071,0.161021
2,1,-1,0.25,0.25,0.95,0.1,-1,-1,0.013214,0.129184
2,1,-1,0.3,0.3,0.95,0.1,-1,-1,0.014285,0.107959
2,1,-1,0.35,0.35,0.95,0.1,-1,-1,0.015357,0.081429
2,1,-1,0.4,0.4,0.95,0.1,-1,-1,0.016428,0.060205
2,1,-1,0.45,0.45,0.95,0.1,-1,-1,0.019642,0.044286
2,1,-1,0.5,0.5,0.95,0.1,-1,-1,0.023928,0.03898
2,1,-1,0.55,0.55,0.95,0.1,-1,-1,0.027142,0.028367
2,1,-1,0.6,0.6,0.95,0.1,-1,-1,0.033571,0.028367
2,1,-1,0.65,0.65,0.95,0.1,-1,-1,0.035714,0.028367
2,1,-1,0.7,0.7,0.95,0.1,-1,-1,0.038928,0.023062
2,1,-1,0.75,0.75,0.95,0.1,-1,-1,0.041071,0.012449
2,1,-1,0.8,0.8,0.95,0.1,-1,-1,0.044285,0.012449
2,1,-1,0.85,0.85,0.95,0.1,-1,-1,0.0475,0.007143
2,1,-1,0.9,0.9,0.95,0.1,-1,-1,0.056071,0.007143
2,1,-1,0.95,0.95,0.95,0.1,-1,-1,0.067857,0.007143
2,1,-1,1.0,1.0,0.95,0.1,-1,-1,0.153571,0.007143
2,1,-1,0.05,0.05,1.0,0.1,-1,-1,0.003571,0.396428
2,1,-1,0.1,0.1,1.0,0.1,-1,-1,0.024923,0.289285
2,1,-1,0.15,0.15,1.0,0.1,-1,-1,0.039157,0.214286
2,1,-1,0.2,0.2,1.0,0.1,-1,-1,0.053392,0.155357
2,1,-1,0.25,0.25,1.0,0.1,-1,-1,0.067627,0.123214
2,1,-1,0.3,0.3,1.0,0.1,-1,-1,0.074745,0.101786
2,1,-1,0.35,0.35,1.0,0.1,-1,-1,0.081861,0.075
2,1,-1,0.4,0.4,1.0,0.1,-1,-1,0.088979,0.053572
2,1,-1,0.45,0.45,1.0,0.1,-1,-1,0.110331,0.0375
2,1,-1,0.5,0.5,1.0,0.1,-1,-1,0.1388,0.032143
2,1,-1,0.55,0.55,1.0,0.1,-1,-1,0.160153,0.021428
2,1,-1,0.6,0.6,1.0,0.1,-1,-1,0.202857,0.021428
2,1,-1,0.65,0.65,1.0,0.1,-1,-1,0.217092,0.021428
2,1,-1,0.7,0.7,1.0,0.1,-1,-1,0.238443,0.016072
2,1,-1,0.75,0.75,1.0,0.1,-1,-1,0.252678,0.005357
2,1,-1,0.8,0.8,1.0,0.1,-1,-1,0.274031,0.005357
2,1,-1,0.85,0.85,1.0,0.1,-1,-1,0.295382,0.0
2,1,-1,0.9,0.9,1.0,0.1,-1,-1,0.352321,0.0
2,1,-1,0.95,0.95,1.0,0.1,-1,-1,0.430612,0.0
2,1,-1,1.0,1.0,1.0,0.1,-1,-1,1.0,0.0
2,1,-1,0.05,0.05,0.15,0.15,-1,-1,0.003571,0.65
2,1,-1,0.1,0.1,0.15,0.15,-1,-1,0.003571,0.65
2,1,-1,0.15,0.15,0.15,0.15,-1,-1,0.003571,0.65
2,1,-1,0.2,0.2,0.15,0.15,-1,-1,0.003571,0.65
2,1,-1,0.25,0.25,0.15,0.15,-1,-1,0.003571,0.65
2,1,-1,0.3,0.3,0.15,0.15,-1,-1,0.003571,0.65
2,1,-1,0.35,0.35,0.15,0.15,-1,-1,0.003571,0.65
2,1,-1,0.4,0.4,0.15,0.15,-1,-1,0.003571,0.65
2,1,-1,0.45,0.45,0.15,0.15,-1,-1,0.003571,0.65
2,1,-1,0.5,0.5,0.15,0.15,-1,-1,0.003571,0.65
2,1,-1,0.55,0.55,0.15,0.15,-1,-1,0.003571,0.65
2,1,-1,0.6,0.6,0.15,0.15,-1,-1,0.003571,0.65
2,1,-1,0.65,0.65,0.15,0.15,-1,-1,0.003571,0.65
2,1,-1,0.7,0.7,0.15,0.15,-1,-1,0.003571,0.65
2,1,-1,0.75,0.75,0.15,0.15,-1,-1,0.003571,0.65
2,1,-1,0.8,0.8,0.15,0.15,-1,-1,0.003571,0.65
2,1,-1,0.85,0.85,0.15,0.15,-1,-1,0.003571,0.65
2,1,-1,0.9,0.9,0.15,0.15,-1,-1,0.003571,0.65
2,1,-1,0.95,0.95,0.15,0.15,-1,-1,0.003571,0.65
2,1,-1,1.0,1.0,0.15,0.15,-1,-1,0.003571,0.65
2,1,-1,0.05,0.05,0.2,0.15,-1,-1,0.003571,0.59949
2,1,-1,0.1,0.1,0.2,0.15,-1,-1,0.003571,0.584184
2,1,-1,0.15,0.15,0.2,0.15,-1,-1,0.003571,0.573469
2,1,-1,0.2,0.2,0.2,0.15,-1,-1,0.003571,0.565051
2,1,-1,0.25,0.25,0.2,0.15,-1,-1,0.003571,0.560459
2,1,-1,0.3,0.3,0.2,0.15,-1,-1,0.003571,0.557398
2,1,-1,0.35,0.35,0.2,0.15,-1,-1,0.003571,0.553571
2,1,-1,0.4,0.4,0.2,0.15,-1,-1,0.003571,0.55051
2,1,-1,0.45,0.45,0.2,0.15,-1,-1,0.003571,0.548214
2,1,-1,0.5,0.5,0.2,0.15,-1,-1,0.003571,0.547449
2,1,-1,0.55,0.55,0.2,0.15,-1,-1,0.003571,0.545918
2,1,-1,0.6,0.6,0.2,0.15,-1,-1,0.003571,0.545918
2,1,-1,0.65,0.65,0.2,0.15,-1,-1,0.003571,0.545918
2,1,-1,0.7,0.7,0.2,0.15,-1,-1,0.003571,0.545153
2,1,-1,0.75,0.75,0.2,0.15,-1,-1,0.003571,0.543622
2,1,-1,0.8,0.8,0.2,0.15,-1,-1,0.003571,0.543622
2,1,-1,0.85,0.85,0.2,0.15,-1,-1,0.003571,0.542857
2,1,-1,0.9,0.9,0.2,0.15,-1,-1,0.003571,0.542857
2,1,-1,0.95,0.95,0.2,0.15,-1,-1,0.003571,0.542857
2,1,-1,1.0,1.0,0.2,0.15,-1,-1,0.003571,0.542857
2,1,-1,0.05,0.05,0.25,0.15,-1,-1,0.003571,0.562449
2,1,-1,0.1,0.1,0.25,0.15,-1,-1,0.003609,0.535918
2,1,-1,0.15,0.15,0.25,0.15,-1,-1,0.003635,0.517347
2,1,-1,0.2,0.2,0.25,0.15,-1,-1,0.00366,0.502755
2,1,-1,0.25,0.25,0.25,0.15,-1,-1,0.003686,0.494796
2,1,-1,0.3,0.3,0.25,0.15,-1,-1,0.003699,0.48949
2,1,-1,0.35,0.35,0.25,0.15,-1,-1,0.003711,0.482857
2,1,-1,0.4,0.4,0.25,0.15,-1,-1,0.003724,0.477551
2,1,-1,0.45,0.45,0.25,0.15,-1,-1,0.003762,0.473572
2,1,-1,0.5,0.5,0.25,0.15,-1,-1,0.003813,0.472245
2,1,-1,0.55,0.55,0.25,0.15,-1,-1,0.003852,0.469592
2,1,-1,0.6,0.6,0.25,0.15,-1,-1,0.003928,0.469592
2,1,-1,0.65,0.65,0.25,0.15,-1,-1,0.003954,0.469592
2,1,-1,0.7,0.7,0.25,0.15,-1,-1,0.003992,0.468266
2,1,-1,0.75,0.75,0.25,0.15,-1,-1,0.004018,0.465613
2,1,-1,0.8,0.8,0.25,0.15,-1,-1,0.004056,0.465613
2,1,-1,0.85,0.85,0.25,0.15,-1,-1,0.004094,0.464286
2,1,-1,0.9,0.9,0.25,0.15,-1,-1,0.004196,0.464286
2,1,-1,0.95,0.95,0.25,0.15,-1,-1,0.004336,0.464286
2,1,-1,1.0,1.0,0.25,0.15,-1,-1,0.005357,0.464286
2,1,-1,0.05,0.05,0.3,0.15,-1,-1,0.003571,0.548979
2,1,-1,0.1,0.1,0.3,0.15,-1,-1,0.003648,0.518367
2,1,-1,0.15,0.15,0.3,0.15,-1,-1,0.003699,0.496939
2,1,-1,0.2,0.2,0.3,0.15,-1,-1,0.00375,0.480102
2,1,-1,0.25,0.25,0.3,0.15,-1,-1,0.003801,0.470918
2,1,-1,0.3,0.3,0.3,0.15,-1,-1,0.003826,0.464796
2,1,-1,0.35,0.35,0.3,0.15,-1,-1,0.003852,0.457143
2,1,-1,0.4,0.4,0.3,0.15,-1,-1,0.003877,0.45102
2,1,-1,0.45,0.45,0.3,0.15,-1,-1,0.003954,0.446428
2,1,-1,0.5,0.5,0.3,0.15,-1,-1,0.004056,0.444898
2,1,-1,0.55,0.55,0.3,0.15,-1,-1,0.004132,0.441836
2,1,-1,0.6,0.6,0.3,0.15,-1,-1,0.004285,0.441836
2,1,-1,0.65,0.65,0.3,0.15,-1,-1,0.004336,0.441836
2,1,-1,0.7,0.7,0.3,0.15,-1,-1,0.004413,0.440306
2,1,-1,0.75,0.75,0.3,0.15,-1,-1,0.004464,0.437245
2,1,-1,0.8,0.8,0.3,0.15,-1,-1,0.004541,0.437245
2,1,-1,0.85,0.85,0.3,0.15,-1,-1,0.004617,0.435714
2,1,-1,0.9,0.9,0.3,0.15,-1,-1,0.004821,0.435714
2,1,-1,0.95,0.95,0.3,0.15,-1,-1,0.005102,0.435714
2,1,-1,1.0,1.0,0.3,0.15,-1,-1,0.007143,0.435714
2,1,-1,0.05,0.05,0.35,0.15,-1,-1,0.003571,0.525408
2,1,-1,0.1,0.1,0.35,0.15,-1,-1,0.003648,0.487653
2,1,-1,0.15,0.15,0.35,0.15,-1,-1,0.003699,0.461224
2,1,-1,0.2,0.2,0.35,0.15,-1,-1,0.00375,0.440459
2,1,-1,0.25,0.25,0.35,0.15,-1,-1,0.003801,0.429132
2,1,-1,0.3,0.3,0.35,0.15,-1,-1,0.003826,0.421581
2,1,-1,0.35,0.35,0.35,0.15,-1,-1,0.003852,0.412143
2,1,-1,0.4,0.4,0.35,0.15,-1,-1,0.003877,0.404592
2,1,-1,0.45,0.45,0.35,0.15,-1,-1,0.003954,0.398928
2,1,-1,0.5,0.5,0.35,0.15,-1,-1,0.004056,0.397041
2,1,-1,0.55,0.55,0.35,0.15,-1,-1,0.004132,0.393265
2,1,-1,0.6,0.6,0.35,0.15,-1,-1,0.004285,0.393265
2,1,-1,0.65,0.65,0.35,0.15,-1,-1,0.004336,0.393265
2,1,-1,0.7,0.7,0.35,0.15,-1,-1,0.004413,0.391377
2,1,-1,0.75,0.75,0.35,0.15,-1,-1,0.004464,0.387602
2,1,-1,0.8,0.8,0.35,0.15,-1,-1,0.004541,0.387602
2,1,-1,0.85,0.85,0.35,0.15,-1,-1,0.004617,0.385714
2,1,-1,0.9,0.9,0.35,0.15,-1,-1,0.004821,0.385714
2,1,-1,0.95,0.95,0.35,0.15,-1,-1,0.005102,0.385714
2,1,-1,1.0,1.0,0.35,0.15,-1,-1,0.007143,0.385714
2,1,-1,0.05,0.05,0.4,0.15,-1,-1,0.003571,0.481632
2,1,-1,0.1,0.1,0.4,0.15,-1,-1,0.003724,0.430612
2,1,-1,0.15,0.15,0.4,0.15,-1,-1,0.003826,0.394898
2,1,-1,0.2,0.2,0.4,0.15,-1,-1,0.003928,0.366837
2,1,-1,0.25,0.25,0.4,0.15,-1,-1,0.00403,0.351531
2,1,-1,0.3,0.3,0.4,0.15,-1,-1,0.004081,0.341326
2,1,-1,0.35,0.35,0.4,0.15,-1,-1,0.004132,0.328571
2,1,-1,0.4,0.4,0.4,0.15,-1,-1,0.004183,0.318367
2,1,-1,0.45,0.45,0.4,0.15,-1,-1,0.004336,0.310714
2,1,-1,0.5,0.5,0.4,0.15,-1,-1,0.00454,0.308163
2,1,-1,0.55,0.55,0.4,0.15,-1,-1,0.004693,0.303061
2,1,-1,0.6,0.6,0.4,0.15,-1,-1,0.005,0.303061
2,1,-1,0.65,0.65,0.4,0.15,-1,-1,0.005102,0.303061
2,1,-1,0.7,0.7,0.4,0.15,-1,-1,0.005255,0.30051
2,1,-1,0.75,0.75,0.4,0.15,-1,-1,0.005357,0.295408
2,1,-1,0.8,0.8,0.4,0.15,-1,-1,0.00551,0.295408
2,1,-1,0.85,0.85,0.4,0.15,-1,-1,0.005663,0.292857
2,1,-1,0.9,0.9,0.4,0.15,-1,-1,0.006071,0.292857
2,1,-1,0.95,0.95,0.4,0.15,-1,-1,0.006632,0.292857
2,1,-1,1.0,1.0,0.4,0.15,-1,-1,0.010714,0.292857
2,1,-1,0.05,0.05,0.45,0.15,-1,-1,0.003571,0.458061
2,1,-1,0.1,0.1,0.45,0.15,-1,-1,0.003724,0.399898
2,1,-1,0.15,0.15,0.45,0.15,-1,-1,0.003826,0.359183
2,1,-1,0.2,0.2,0.45,0.15,-1,-1,0.003928,0.327194
2,1,-1,0.25,0.25,0.45,0.15,-1,-1,0.00403,0.309745
2,1,-1,0.3,0.3,0.45,0.15,-1,-1,0.004081,0.298112
2,1,-1,0.35,0.35,0.45,0.15,-1,-1,0.004132,0.283571
2,1,-1,0.4,0.4,0.45,0.15,-1,-1,0.004183,0.271939
2,1,-1,0.45,0.45,0.45,0.15,-1,-1,0.004336,0.263214
2,1,-1,0.5,0.5,0.45,0.15,-1,-1,0.00454,0.260306
2,1,-1,0.55,0.55,0.45,0.15,-1,-1,0.004693,0.254489
2,1,-1,0.6,0.6,0.45,0.15,-1,-1,0.005,0.254489
2,1,-1,0.65,0.65,0.45,0.15,-1,-1,0.005102,0.254489
2,1,-1,0.7,0.7,0.45,0.15,-1,-1,0.005255,0.251582
2,1,-1,0.75,0.75,0.45,0.15,-1,-1,0.005357,0.245765
2,1,-1,0.8,0.8,0.45,0.15,-1,-1,0.00551,0.245765
2,1,-1,0.85,0.85,0.45,0.15,-1,-1,0.005663,0.242857
2,1,-1,0.9,0.9,0.45,0.15,-1,-1,0.006071,0.242857
2,1,-1,0.95,0.95,0.45,0.15,-1,-1,0.006632,0.242857
2,1,-1,1.0,1.0,0.45,0.15,-1,-1,0.010714,0.242857
2,1,-1,0.05,0.05,0.5,0.15,-1,-1,0.003571,0.427755
2,1,-1,0.1,0.1,0.5,0.15,-1,-1,0.003762,0.360408
2,1,-1,0.15,0.15,0.5,0.15,-1,-1,0.00389,0.313265
2,1,-1,0.2,0.2,0.5,0.15,-1,-1,0.004017,0.276224
2,1,-1,0.25,0.25,0.5,0.15,-1,-1,0.004145,0.25602
2,1,-1,0.3,0.3,0.5,0.15,-1,-1,0.004209,0.242551
2,1,-1,0.35,0.35,0.5,0.15,-1,-1,0.004273,0.225714
2,1,-1,0.4,0.4,0.5,0.15,-1,-1,0.004336,0.212245
2,1,-1,0.45,0.45,0.5,0.15,-1,-1,0.004528,0.202142
2,1,-1,0.5,0.5,0.5,0.15,-1,-1,0.004783,0.198775
2,1,-1,0.55,0.55,0.5,0.15,-1,-1,0.004974,0.19204
2,1,-1,0.6,0.6,0.5,0.15,-1,-1,0.005357,0.19204
2,1,-1,0.65,0.65,0.5,0.15,-1,-1,0.005484,0.19204
2,1,-1,0.7,0.7,0.5,0.15,-1,-1,0.005676,0.188673
2,1,-1,0.75,0.75,0.5,0.15,-1,-1,0.005803,0.181938
2,1,-1,0.8,0.8,0.5,0.15,-1,-1,0.005995,0.181938
2,1,-1,0.85,0.85,0.5,0.15,-1,-1,0.006186,0.178571
2,1,-1,0.9,0.9,0.5,0.15,-1,-1,0.006696,0.178571
2,1,-1,0.95,0.95,0.5,0.15,-1,-1,0.007398,0.178571
2,1,-1,1.0,1.0,0.5,0.15,-1,-1,0.0125,0.178571
2,1,-1,0.05,0.05,0.55,0.15,-1,-1,0.003571,0.407551
2,1,-1,0.1,0.1,0.55,0.15,-1,-1,0.003877,0.334081
2,1,-1,0.15,0.15,0.55,0.15,-1,-1,0.004081,0.282653
2,1,-1,0.2,0.2,0.55,0.15,-1,-1,0.004285,0.242245
2,1,-1,0.25,0.25,0.55,0.15,-1,-1,0.004489,0.220204
2,1,-1,0.3,0.3,0.55,0.15,-1,-1,0.004591,0.20551
2,1,-1,0.35,0.35,0.55,0.15,-1,-1,0.004693,0.187143
2,1,-1,0.4,0.4,0.55,0.15,-1,-1,0.004796,0.172449
2,1,-1,0.45,0.45,0.55,0.15,-1,-1,0.005102,0.161428
2,1,-1,0.5,0.5,0.55,0.15,-1,-1,0.00551,0.157755
2,1,-1,0.55,0.55,0.55,0.15,-1,-1,0.005816,0.150408
2,1,-1,0.6,0.6,0.55,0.15,-1,-1,0.006428,0.150408
2,1,-1,0.65,0.65,0.55,0.15,-1,-1,0.006632,0.150408
2,1,-1,0.7,0.7,0.55,0.15,-1,-1,0.006938,0.146735
2,1,-1,0.75,0.75,0.55,0.15,-1,-1,0.007143,0.139388
2,1,-1,0.8,0.8,0.55,0.15,-1,-1,0.007449,0.139388
2,1,-1,0.85,0.85,0.55,0.15,-1,-1,0.007755,0.135714
2,1,-1,0.9,0.9,0.55,0.15,-1,-1,0.008571,0.135714
2,1,-1,0.95,0.95,0.55,0.15,-1,-1,0.009694,0.135714
2,1,-1,1.0,1.0,0.55,0.15,-1,-1,0.017857,0.135714
2,1,-1,0.05,0.05,0.6,0.15,-1,-1,0.003571,0.404183
2,1,-1,0.1,0.1,0.6,0.15,-1,-1,0.00403,0.329693
2,1,-1,0.15,0.15,0.6,0.15,-1,-1,0.004336,0.277551
2,1,-1,0.2,0.2,0.6,0.15,-1,-1,0.004642,0.236581
2,1,-1,0.25,0.25,0.6,0.15,-1,-1,0.004949,0.214234
2,1,-1,0.3,0.3,0.6,0.15,-1,-1,0.005102,0.199336
2,1,-1,0.35,0.35,0.6,0.15,-1,-1,0.005255,0.180714
2,1,-1,0.4,0.4,0.6,0.15,-1,-1,0.005408,0.165816
2,1,-1,0.45,0.45,0.6,0.15,-1,-1,0.005867,0.154642
2,1,-1,0.5,0.5,0.6,0.15,-1,-1,0.006479,0.150918
2,1,-1,0.55,0.55,0.6,0.15,-1,-1,0.006938,0.143469
2,1,-1,0.6,0.6,0.6,0.15,-1,-1,0.007857,0.143469
2,1,-1,0.65,0.65,0.6,0.15,-1,-1,0.008163,0.143469
2,1,-1,0.7,0.7,0.6,0.15,-1,-1,0.008622,0.139745
2,1,-1,0.75,0.75,0.6,0.15,-1,-1,0.008928,0.132296
2,1,-1,0.8,0.8,0.6,0.15,-1,-1,0.009387,0.132296
2,1,-1,0.85,0.85,0.6,0.15,-1,-1,0.009847,0.128571
2,1,-1,0.9,0.9,0.6,0.15,-1,-1,0.011071,0.128571
2,1,-1,0.95,0.95,0.6,0.15,-1,-1,0.012755,0.128571
2,1,-1,1.0,1.0,0.6,0.15,-1,-1,0.025,0.128571
2,1,-1,0.05,0.05,0.65,0.15,-1,-1,0.003571,0.390714
2,1,-1,0.1,0.1,0.65,0.15,-1,-1,0.004145,0.312143
2,1,-1,0.15,0.15,0.65,0.15,-1,-1,0.004528,0.257143
2,1,-1,0.2,0.2,0.65,0.15,-1,-1,0.00491,0.213929
2,1,-1,0.25,0.25,0.65,0.15,-1,-1,0.005293,0.190357
2,1,-1,0.3,0.3,0.65,0.15,-1,-1,0.005484,0.174643
2,1,-1,0.35,0.35,0.65,0.15,-1,-1,0.005676,0.155
2,1,-1,0.4,0.4,0.65,0.15,-1,-1,0.005867,0.139286
2,1,-1,0.45,0.45,0.65,0.15,-1,-1,0.006441,0.1275
2,1,-1,0.5,0.5,0.65,0.15,-1,-1,0.007206,0.123571
2,1,-1,0.55,0.55,0.65,0.15,-1,-1,0.00778,0.115714
2,1,-1,0.6,0.6,0.65,0.15,-1,-1,0.008928,0.115714
2,1,-1,0.65,0.65,0.65,0.15,-1,-1,0.009311,0.115714
2,1,-1,0.7,0.7,0.65,0.15,-1,-1,0.009885,0.111786
2,1,-1,0.75,0.75,0.65,0.15,-1,-1,0.010267,0.103929
2,1,-1,0.8,0.8,0.65,0.15,-1,-1,0.010841,0.103929
2,1,-1,0.85,0.85,0.65,0.15,-1,-1,0.011415,0.1
2,1,-1,0.9,0.9,0.65,0.15,-1,-1,0.012946,0.1
2,1,-1,0.95,0.95,0.65,0.15,-1,-1,0.015051,0.1
2,1,-1,1.0,1.0,0.65,0.15,-1,-1,0.030357,0.1
2,1,-1,0.05,0.05,0.7,0.15,-1,-1,0.003571,0.383979
2,1,-1,0.1,0.1,0.7,0.15,-1,-1,0.00426,0.303367
2,1,-1,0.15,0.15,0.7,0.15,-1,-1,0.004719,0.246938
2,1,-1,0.2,0.2,0.7,0.15,-1,-1,0.005178,0.202602
2,1,-1,0.25,0.25,0.7,0.15,-1,-1,0.005637,0.178418
2,1,-1,0.3,0.3,0.7,0.15,-1,-1,0.005867,0.162296
2,1,-1,0.35,0.35,0.7,0.15,-1,-1,0.006097,0.142143
2,1,-1,0.4,0.4,0.7,0.15,-1,-1,0.006326,0.12602
2,1,-1,0.45,0.45,0.7,0.15,-1,-1,0.007015,0.113928
2,1,-1,0.5,0.5,0.7,0.15,-1,-1,0.007933,0.109898
2,1,-1,0.55,0.55,0.7,0.15,-1,-1,0.008622,0.101836
2,1,-1,0.6,0.6,0.7,0.15,-1,-1,0.01,0.101836
2,1,-1,0.65,0.65,0.7,0.15,-1,-1,0.010459,0.101836
2,1,-1,0.7,0.7,0.7,0.15,-1,-1,0.011148,0.097806
2,1,-1,0.75,0.75,0.7,0.15,-1,-1,0.011607,0.089745
2,1,-1,0.8,0.8,0.7,0.15,-1,-1,0.012296,0.089745
2,1,-1,0.85,0.85,0.7,0.15,-1,-1,0.012984,0.085714
2,1,-1,0.9,0.9,0.7,0.15,-1,-1,0.014821,0.085714
2,1,-1,0.95,0.95,0.7,0.15,-1,-1,0.017347,0.085714
2,1,-1,1.0,1.0,0.7,0.15,-1,-1,0.035714,0.085714
2,1,-1,0.05,0.05,0.75,0.15,-1,-1,0.003571,0.373877
2,1,-1,0.1,0.1,0.75,0.15,-1,-1,0.004451,0.290204
2,1,-1,0.15,0.15,0.75,0.15,-1,-1,0.005038,0.231633
2,1,-1,0.2,0.2,0.75,0.15,-1,-1,0.005625,0.185613
2,1,-1,0.25,0.25,0.75,0.15,-1,-1,0.006211,0.160511
2,1,-1,0.3,0.3,0.75,0.15,-1,-1,0.006505,0.143776
2,1,-1,0.35,0.35,0.75,0.15,-1,-1,0.006798,0.122857
2,1,-1,0.4,0.4,0.75,0.15,-1,-1,0.007091,0.106123
2,1,-1,0.45,0.45,0.75,0.15,-1,-1,0.007972,0.093572
2,1,-1,0.5,0.5,0.75,0.15,-1,-1,0.009145,0.089388
2,1,-1,0.55,0.55,0.75,0.15,-1,-1,0.010025,0.08102
2,1,-1,0.6,0.6,0.75,0.15,-1,-1,0.011785,0.08102
2,1,-1,0.65,0.65,0.75,0.15,-1,-1,0.012372,0.08102
2,1,-1,0.7,0.7,0.75,0.15,-1,-1,0.013252,0.076837
2,1,-1,0.75,0.75,0.75,0.15,-1,-1,0.013839,0.06847
2,1,-1,0.8,0.8,0.75,0.15,-1,-1,0.014719,0.06847
2,1,-1,0.85,0.85,0.75,0.15,-1,-1,0.015599,0.064286
2,1,-1,0.9,0.9,0.75,0.15,-1,-1,0.017946,0.064286
2,1,-1,0.95,0.95,0.75,0.15,-1,-1,0.021173,0.064286
2,1,-1,1.0,1.0,0.75,0.15,-1,-1,0.044643,0.064286
2,1,-1,0.05,0.05,0.8,0.15,-1,-1,0.003571,0.367143
2,1,-1,0.1,0.1,0.8,0.15,-1,-1,0.004681,0.281428
2,1,-1,0.15,0.15,0.8,0.15,-1,-1,0.00542,0.221428
2,1,-1,0.2,0.2,0.8,0.15,-1,-1,0.00616,0.174286
2,1,-1,0.25,0.25,0.8,0.15,-1,-1,0.0069,0.148572
2,1,-1,0.3,0.3,0.8,0.15,-1,-1,0.00727,0.131428
2,1,-1,0.35,0.35,0.8,0.15,-1,-1,0.00764,0.11
2,1,-1,0.4,0.4,0.8,0.15,-1,-1,0.00801,0.092857
2,1,-1,0.45,0.45,0.8,0.15,-1,-1,0.00912,0.08
2,1,-1,0.5,0.5,0.8,0.15,-1,-1,0.010599,0.075714
2,1,-1,0.55,0.55,0.8,0.15,-1,-1,0.011709,0.067143
2,1,-1,0.6,0.6,0.8,0.15,-1,-1,0.013928,0.067143
2,1,-1,0.65,0.65,0.8,0.15,-1,-1,0.014668,0.067143
2,1,-1,0.7,0.7,0.8,0.15,-1,-1,0.015778,0.062857
2,1,-1,0.75,0.75,0.8,0.15,-1,-1,0.016518,0.054286
2,1,-1,0.8,0.8,0.8,0.15,-1,-1,0.017627,0.054286
2,1,-1,0.85,0.85,0.8,0.15,-1,-1,0.018737,0.05
2,1,-1,0.9,0.9,0.8,0.15,-1,-1,0.021696,0.05
2,1,-1,0.95,0.95,0.8,0.15,-1,-1,0.025765,0.05
2,1,-1,1.0,1.0,0.8,0.15,-1,-1,0.055357,0.05
2,1,-1,0.05,0.05,0.85,0.15,-1,-1,0.003571,0.363775
2,1,-1,0.1,0.1,0.85,0.15,-1,-1,0.005025,0.277041
2,1,-1,0.15,0.15,0.85,0.15,-1,-1,0.005994,0.216326
2,1,-1,0.2,0.2,0.85,0.15,-1,-1,0.006964,0.168622
2,1,-1,0.25,0.25,0.85,0.15,-1,-1,0.007933,0.142602
2,1,-1,0.3,0.3,0.85,0.15,-1,-1,0.008418,0.125255
2,1,-1,0.35,0.35,0.85,0.15,-1,-1,0.008903,0.103571
2,1,-1,0.4,0.4,0.85,0.15,-1,-1,0.009387,0.086225
2,1,-1,0.45,0.45,0.85,0.15,-1,-1,0.010842,0.073214
2,1,-1,0.5,0.5,0.85,0.15,-1,-1,0.01278,0.068877
2,1,-1,0.55,0.55,0.85,0.15,-1,-1,0.014234,0.060204
2,1,-1,0.6,0.6,0.85,0.15,-1,-1,0.017143,0.060204
2,1,-1,0.65,0.65,0.85,0.15,-1,-1,0.018112,0.060204
2,1,-1,0.7,0.7,0.85,0.15,-1,-1,0.019566,0.055867
2,1,-1,0.75,0.75,0.85,0.15,-1,-1,0.020536,0.047194
2,1,-1,0.8,0.8,0.85,0.15,-1,-1,0.02199,0.047194
2,1,-1,0.85,0.85,0.85,0.15,-1,-1,0.023444,0.042857
2,1,-1,0.9,0.9,0.85,0.15,-1,-1,0.027321,0.042857
2,1,-1,0.95,0.95,0.85,0.15,-1,-1,0.032653,0.042857
2,1,-1,1.0,1.0,0.85,0.15,-1,-1,0.071429,0.042857
2,1,-1,0.05,0.05,0.9,0.15,-1,-1,0.003571,0.350306
2,1,-1,0.1,0.1,0.9,0.15,-1,-1,0.005523,0.25949
2,1,-1,0.15,0.15,0.9,0.15,-1,-1,0.006824,0.195918
2,1,-1,0.2,0.2,0.9,0.15,-1,-1,0.008125,0.14597
2,1,-1,0.25,0.25,0.9,0.15,-1,-1,0.009426,0.118725
2,1,-1,0.3,0.3,0.9,0.15,-1,-1,0.010076,0.100561
2,1,-1,0.35,0.35,0.9,0.15,-1,-1,0.010727,0.077857
2,1,-1,0.4,0.4,0.9,0.15,-1,-1,0.011377,0.059694
2,1,-1,0.45,0.45,0.9,0.15,-1,-1,0.013329,0.046072
2,1,-1,0.5,0.5,0.9,0.15,-1,-1,0.015931,0.041531
2,1,-1,0.55,0.55,0.9,0.15,-1,-1,0.017882,0.032449
2,1,-1,0.6,0.6,0.9,0.15,-1,-1,0.021785,0.032449
2,1,-1,0.65,0.65,0.9,0.15,-1,-1,0.023086,0.032449
2,1,-1,0.7,0.7,0.9,0.15,-1,-1,0.025038,0.027909
2,1,-1,0.75,0.75,0.9,0.15,-1,-1,0.026339,0.018827
2,1,-1,0.8,0.8,0.9,0.15,-1,-1,0.028291,0.018827
2,1,-1,0.85,0.85,0.9,0.15,-1,-1,0.030242,0.014286
2,1,-1,0.9,0.9,0.9,0.15,-1,-1,0.035446,0.014286
2,1,-1,0.95,0.95,0.9,0.15,-1,-1,0.042602,0.014286
2,1,-1,1.0,1.0,0.9,0.15,-1,-1,0.094643,0.014286
2,1,-1,0.05,0.05,0.95,0.15,-1,-1,0.003571,0.346939
2,1,-1,0.1,0.1,0.95,0.15,-1,-1,0.006785,0.255102
2,1,-1,0.15,0.15,0.95,0.15,-1,-1,0.008928,0.190816
2,1,-1,0.2,0.2,0.95,0.15,-1,-1,0.011071,0.140306
2,1,-1,0.25,0.25,0.95,0.15,-1,-1,0.013214,0.112755
2,1,-1,0.3,0.3,0.95,0.15,-1,-1,0.014285,0.094388
2,1,-1,0.35,0.35,0.95,0.15,-1,-1,0.015357,0.071429
2,1,-1,0.4,0.4,0.95,0.15,-1,-1,0.016428,0.053062
2,1,-1,0.45,0.45,0.95,0.15,-1,-1,0.019642,0.039286
2,1,-1,0.5,0.5,0.95,0.15,-1,-1,0.023928,0.034694
2,1,-1,0.55,0.55,0.95,0.15,-1,-1,0.027142,0.02551
2,1,-1,0.6,0.6,0.95,0.15,-1,-1,0.033571,0.02551
2,1,-1,0.65,0.65,0.95,0.15,-1,-1,0.035714,0.02551
2,1,-1,0.7,0.7,0.95,0.15,-1,-1,0.038928,0.020919
2,1,-1,0.75,0.75,0.95,0.15,-1,-1,0.041071,0.011735
2,1,-1,0.8,0.8,0.95,0.15,-1,-1,0.044285,0.011735
2,1,-1,0.85,0.85,0.95,0.15,-1,-1,0.0475,0.007143
2,1,-1,0.9,0.9,0.95,0.15,-1,-1,0.056071,0.007143
2,1,-1,0.95,0.95,0.95,0.15,-1,-1,0.067857,0.007143
2,1,-1,1.0,1.0,0.95,0.15,-1,-1,0.153571,0.007143
2,1,-1,0.05,0.05,1.0,0.15,-1,-1,0.003571,0.343571
2,1,-1,0.1,0.1,1.0,0.15,-1,-1,0.024923,0.250714
2,1,-1,0.15,0.15,1.0,0.15,-1,-1,0.039157,0.185714
2,1,-1,0.2,0.2,1.0,0.15,-1,-1,0.053392,0.134643
2,1,-1,0.25,0.25,1.0,0.15,-1,-1,0.067627,0.106786
2,1,-1,0.3,0.3,1.0,0.15,-1,-1,0.074745,0.088214
2,1,-1,0.35,0.35,1.0,0.15,-1,-1,0.081861,0.065
2,1,-1,0.4,0.4,1.0,0.15,-1,-1,0.088979,0.046429
2,1,-1,0.45,0.45,1.0,0.15,-1,-1,0.110331,0.0325
2,1,-1,0.5,0.5,1.0,0.15,-1,-1,0.1388,0.027857
2,1,-1,0.55,0.55,1.0,0.15,-1,-1,0.160153,0.018571
2,1,-1,0.6,0.6,1.0,0.15,-1,-1,0.202857,0.018571
2,1,-1,0.65,0.65,1.0,0.15,-1,-1,0.217092,0.018571
2,1,-1,0.7,0.7,1.0,0.15,-1,-1,0.238443,0.013929
2,1,-1,0.75,0.75,1.0,0.15,-1,-1,0.252678,0.004643
2,1,-1,0.8,0.8,1.0,0.15,-1,-1,0.274031,0.004643
2,1,-1,0.85,0.85,1.0,0.15,-1,-1,0.295382,0.0
2,1,-1,0.9,0.9,1.0,0.15,-1,-1,0.352321,0.0
2,1,-1,0.95,0.95,1.0,0.15,-1,-1,0.430612,0.0
2,1,-1,1.0,1.0,1.0,0.15,-1,-1,1.0,0.0
2,1,-1,0.05,0.05,0.2,0.2,-1,-1,0.003571,0.542857
2,1,-1,0.1,0.1,0.2,0.2,-1,-1,0.003571,0.542857
2,1,-1,0.15,0.15,0.2,0.2,-1,-1,0.003571,0.542857
2,1,-1,0.2,0.2,0.2,0.2,-1,-1,0.003571,0.542857
2,1,-1,0.25,0.25,0.2,0.2,-1,-1,0.003571,0.542857
2,1,-1,0.3,0.3,0.2,0.2,-1,-1,0.003571,0.542857
2,1,-1,0.35,0.35,0.2,0.2,-1,-1,0.003571,0.542857
2,1,-1,0.4,0.4,0.2,0.2,-1,-1,0.003571,0.542857
2,1,-1,0.45,0.45,0.2,0.2,-1,-1,0.003571,0.542857
2,1,-1,0.5,0.5,0.2,0.2,-1,-1,0.003571,0.542857
2,1,-1,0.55,0.55,0.2,0.2,-1,-1,0.003571,0.542857
2,1,-1,0.6,0.6,0.2,0.2,-1,-1,0.003571,0.542857
2,1,-1,0.65,0.65,0.2,0.2,-1,-1,0.003571,0.542857
2,1,-1,0.7,0.7,0.2,0.2,-1,-1,0.003571,0.542857
2,1,-1,0.75,0.75,0.2,0.2,-1,-1,0.003571,0.542857
2,1,-1,0.8,0.8,0.2,0.2,-1,-1,0.003571,0.542857
2,1,-1,0.85,0.85,0.2,0.2,-1,-1,0.003571,0.542857
2,1,-1,0.9,0.9,0.2,0.2,-1,-1,0.003571,0.542857
2,1,-1,0.95,0.95,0.2,0.2,-1,-1,0.003571,0.542857
2,1,-1,1.0,1.0,0.2,0.2,-1,-1,0.003571,0.542857
2,1,-1,0.05,0.05,0.25,0.2,-1,-1,0.003571,0.505816
2,1,-1,0.1,0.1,0.25,0.2,-1,-1,0.003609,0.494592
2,1,-1,0.15,0.15,0.25,0.2,-1,-1,0.003635,0.486735
2,1,-1,0.2,0.2,0.25,0.2,-1,-1,0.00366,0.480561
2,1,-1,0.25,0.25,0.25,0.2,-1,-1,0.003686,0.477194
2,1,-1,0.3,0.3,0.25,0.2,-1,-1,0.003699,0.474949
2,1,-1,0.35,0.35,0.25,0.2,-1,-1,0.003711,0.472143
2,1,-1,0.4,0.4,0.25,0.2,-1,-1,0.003724,0.469898
2,1,-1,0.45,0.45,0.25,0.2,-1,-1,0.003762,0.468215
2,1,-1,0.5,0.5,0.25,0.2,-1,-1,0.003813,0.467653
2,1,-1,0.55,0.55,0.25,0.2,-1,-1,0.003852,0.466531
2,1,-1,0.6,0.6,0.25,0.2,-1,-1,0.003928,0.466531
2,1,-1,0.65,0.65,0.25,0.2,-1,-1,0.003954,0.466531
2,1,-1,0.7,0.7,0.25,0.2,-1,-1,0.003992,0.46597
2,1,-1,0.75,0.75,0.25,0.2,-1,-1,0.004018,0.464847
2,1,-1,0.8,0.8,0.25,0.2,-1,-1,0.004056,0.464847
2,1,-1,0.85,0.85,0.25,0.2,-1,-1,0.004094,0.464286
2,1,-1,0.9,0.9,0.25,0.2,-1,-1,0.004196,0.464286
2,1,-1,0.95,0.95,0.25,0.2,-1,-1,0.004336,0.464286
2,1,-1,1.0,1.0,0.25,0.2,-1,-1,0.005357,0.464286
2,1,-1,0.05,0.05,0.3,0.2,-1,-1,0.003571,0.492347
2,1,-1,0.1,0.1,0.3,0.2,-1,-1,0.003648,0.477041
2,1,-1,0.15,0.15,0.3,0.2,-1,-1,0.003699,0.466326
2,1,-1,0.2,0.2,0.3,0.2,-1,-1,0.00375,0.457908
2,1,-1,0.25,0.25,0.3,0.2,-1,-1,0.003801,0.453316
2,1,-1,0.3,0.3,0.3,0.2,-1,-1,0.003826,0.450255
2,1,-1,0.35,0.35,0.3,0.2,-1,-1,0.003852,0.446428
2,1,-1,0.4,0.4,0.3,0.2,-1,-1,0.003877,0.443367
2,1,-1,0.45,0.45,0.3,0.2,-1,-1,0.003954,0.441071
2,1,-1,0.5,0.5,0.3,0.2,-1,-1,0.004056,0.440306
2,1,-1,0.55,0.55,0.3,0.2,-1,-1,0.004132,0.438775
2,1,-1,0.6,0.6,0.3,0.2,-1,-1,0.004285,0.438775
2,1,-1,0.65,0.65,0.3,0.2,-1,-1,0.004336,0.438775
2,1,-1,0.7,0.7,0.3,0.2,-1,-1,0.004413,0.43801
2,1,-1,0.75,0.75,0.3,0.2,-1,-1,0.004464,0.436479
2,1,-1,0.8,0.8,0.3,0.2,-1,-1,0.004541,0.436479
2,1,-1,0.85,0.85,0.3,0.2,-1,-1,0.004617,0.435714
2,1,-1,0.9,0.9,0.3,0.2,-1,-1,0.004821,0.435714
2,1,-1,0.95,0.95,0.3,0.2,-1,-1,0.005102,0.435714
2,1,-1,1.0,1.0,0.3,0.2,-1,-1,0.007143,0.435714
2,1,-1,0.05,0.05,0.35,0.2,-1,-1,0.003571,0.468775
2,1,-1,0.1,0.1,0.35,0.2,-1,-1,0.003648,0.446326
2,1,-1,0.15,0.15,0.35,0.2,-1,-1,0.003699,0.430612
2,1,-1,0.2,0.2,0.35,0.2,-1,-1,0.00375,0.418265
2,1,-1,0.25,0.25,0.35,0.2,-1,-1,0.003801,0.41153
2,1,-1,0.3,0.3,0.35,0.2,-1,-1,0.003826,0.407041
2,1,-1,0.35,0.35,0.35,0.2,-1,-1,0.003852,0.401428
2,1,-1,0.4,0.4,0.35,0.2,-1,-1,0.003877,0.396939
2,1,-1,0.45,0.45,0.35,0.2,-1,-1,0.003954,0.393571
2,1,-1,0.5,0.5,0.35,0.2,-1,-1,0.004056,0.392449
2,1,-1,0.55,0.55,0.35,0.2,-1,-1,0.004132,0.390204
2,1,-1,0.6,0.6,0.35,0.2,-1,-1,0.004285,0.390204
2,1,-1,0.65,0.65,0.35,0.2,-1,-1,0.004336,0.390204
2,1,-1,0.7,0.7,0.35,0.2,-1,-1,0.004413,0.389081
2,1,-1,0.75,0.75,0.35,0.2,-1,-1,0.004464,0.386836
2,1,-1,0.8,0.8,0.35,0.2,-1,-1,0.004541,0.386836
2,1,-1,0.85,0.85,0.35,0.2,-1,-1,0.004617,0.385714
2,1,-1,0.9,0.9,0.35,0.2,-1,-1,0.004821,0.385714
2,1,-1,0.95,0.95,0.35,0.2,-1,-1,0.005102,0.385714
2,1,-1,1.0,1.0,0.35,0.2,-1,-1,0.007143,0.385714
2,1,-1,0.05,0.05,0.4,0.2,-1,-1,0.003571,0.425
2,1,-1,0.1,0.1,0.4,0.2,-1,-1,0.003724,0.389286
2,1,-1,0.15,0.15,0.4,0.2,-1,-1,0.003826,0.364285
2,1,-1,0.2,0.2,0.4,0.2,-1,-1,0.003928,0.344643
2,1,-1,0.25,0.25,0.4,0.2,-1,-1,0.00403,0.333928
2,1,-1,0.3,0.3,0.4,0.2,-1,-1,0.004081,0.326786
2,1,-1,0.35,0.35,0.4,0.2,-1,-1,0.004132,0.317857
2,1,-1,0.4,0.4,0.4,0.2,-1,-1,0.004183,0.310714
2,1,-1,0.45,0.45,0.4,0.2,-1,-1,0.004336,0.305357
2,1,-1,0.5,0.5,0.4,0.2,-1,-1,0.00454,0.303571
2,1,-1,0.55,0.55,0.4,0.2,-1,-1,0.004693,0.3
2,1,-1,0.6,0.6,0.4,0.2,-1,-1,0.005,0.3
2,1,-1,0.65,0.65,0.4,0.2,-1,-1,0.005102,0.3
2,1,-1,0.7,0.7,0.4,0.2,-1,-1,0.005255,0.298214
2,1,-1,0.75,0.75,0.4,0.2,-1,-1,0.005357,0.294643
2,1,-1,0.8,0.8,0.4,0.2,-1,-1,0.00551,0.294643
2,1,-1,0.85,0.85,0.4,0.2,-1,-1,0.005663,0.292857
2,1,-1,0.9,0.9,0.4,0.2,-1,-1,0.006071,0.292857
2,1,-1,0.95,0.95,0.4,0.2,-1,-1,0.006632,0.292857
2,1,-1,1.0,1.0,0.4,0.2,-1,-1,0.010714,0.292857
2,1,-1,0.05,0.05,0.45,0.2,-1,-1,0.003571,0.401428
2,1,-1,0.1,0.1,0.45,0.2,-1,-1,0.003724,0.358571
2,1,-1,0.15,0.15,0.45,0.2,-1,-1,0.003826,0.328571
2,1,-1,0.2,0.2,0.45,0.2,-1,-1,0.003928,0.305
2,1,-1,0.25,0.25,0.45,0.2,-1,-1,0.00403,0.292143
2,1,-1,0.3,0.3,0.45,0.2,-1,-1,0.004081,0.283571
2,1,-1,0.35,0.35,0.45,0.2,-1,-1,0.004132,0.272857
2,1,-1,0.4,0.4,0.45,0.2,-1,-1,0.004183,0.264286
2,1,-1,0.45,0.45,0.45,0.2,-1,-1,0.004336,0.257857
2,1,-1,0.5,0.5,0.45,0.2,-1,-1,0.00454,0.255714
2,1,-1,0.55,0.55,0.45,0.2,-1,-1,0.004693,0.251428
2,1,-1,0.6,0.6,0.45,0.2,-1,-1,0.005,0.251428
2,1,-1,0.65,0.65,0.45,0.2,-1,-1,0.005102,0.251428
2,1,-1,0.7,0.7,0.45,0.2,-1,-1,0.005255,0.249286
2,1,-1,0.75,0.75,0.45,0.2,-1,-1,0.005357,0.245
2,1,-1,0.8,0.8,0.45,0.2,-1,-1,0.00551,0.245
2,1,-1,0.85,0.85,0.45,0.2,-1,-1,0.005663,0.242857
2,1,-1,0.9,0.9,0.45,0.2,-1,-1,0.006071,0.242857
2,1,-1,0.95,0.95,0.45,0.2,-1,-1,0.006632,0.242857
2,1,-1,1.0,1.0,0.45,0.2,-1,-1,0.010714,0.242857
2,1,-1,0.05,0.05,0.5,0.2,-1,-1,0.003571,0.371122
2,1,-1,0.1,0.1,0.5,0.2,-1,-1,0.003762,0.319081
2,1,-1,0.15,0.15,0.5,0.2,-1,-1,0.00389,0.282653
2,1,-1,0.2,0.2,0.5,0.2,-1,-1,0.004017,0.25403
2,1,-1,0.25,0.25,0.5,0.2,-1,-1,0.004145,0.238418
2,1,-1,0.3,0.3,0.5,0.2,-1,-1,0.004209,0.22801
2,1,-1,0.35,0.35,0.5,0.2,-1,-1,0.004273,0.215
2,1,-1,0.4,0.4,0.5,0.2,-1,-1,0.004336,0.204592
2,1,-1,0.45,0.45,0.5,0.2,-1,-1,0.004528,0.196785
2,1,-1,0.5,0.5,0.5,0.2,-1,-1,0.004783,0.194183
2,1,-1,0.55,0.55,0.5,0.2,-1,-1,0.004974,0.188979
2,1,-1,0.6,0.6,0.5,0.2,-1,-1,0.005357,0.188979
2,1,-1,0.65,0.65,0.5,0.2,-1,-1,0.005484,0.188979
2,1,-1,0.7,0.7,0.5,0.2,-1,-1,0.005676,0.186377
2,1,-1,0.75,0.75,0.5,0.2,-1,-1,0.005803,0.181173
2,1,-1,0.8,0.8,0.5,0.2,-1,-1,0.005995,0.181173
2,1,-1,0.85,0.85,0.5,0.2,-1,-1,0.006186,0.178571
2,1,-1,0.9,0.9,0.5,0.2,-1,-1,0.006696,0.178571
2,1,-1,0.95,0.95,0.5,0.2,-1,-1,0.007398,0.178571
2,1,-1,1.0,1.0,0.5,0.2,-1,-1,0.0125,0.178571
2,1,-1,0.05,0.05,0.55,0.2,-1,-1,0.003571,0.350918
2,1,-1,0.1,0.1,0.55,0.2,-1,-1,0.003877,0.292755
2,1,-1,0.15,0.15,0.55,0.2,-1,-1,0.004081,0.25204
2,1,-1,0.2,0.2,0.55,0.2,-1,-1,0.004285,0.220051
2,1,-1,0.25,0.25,0.55,0.2,-1,-1,0.004489,0.202602
2,1,-1,0.3,0.3,0.55,0.2,-1,-1,0.004591,0.190969
2,1,-1,0.35,0.35,0.55,0.2,-1,-1,0.004693,0.176428
2,1,-1,0.4,0.4,0.55,0.2,-1,-1,0.004796,0.164796
2,1,-1,0.45,0.45,0.55,0.2,-1,-1,0.005102,0.156071
2,1,-1,0.5,0.5,0.55,0.2,-1,-1,0.00551,0.153163
2,1,-1,0.55,0.55,0.55,0.2,-1,-1,0.005816,0.147346
2,1,-1,0.6,0.6,0.55,0.2,-1,-1,0.006428,0.147346
2,1,-1,0.65,0.65,0.55,0.2,-1,-1,0.006632,0.147346
2,1,-1,0.7,0.7,0.55,0.2,-1,-1,0.006938,0.144439
2,1,-1,0.75,0.75,0.55,0.2,-1,-1,0.007143,0.138622
2,1,-1,0.8,0.8,0.55,0.2,-1,-1,0.007449,0.138622
2,1,-1,0.85,0.85,0.55,0.2,-1,-1,0.007755,0.135714
2,1,-1,0.9,0.9,0.55,0.2,-1,-1,0.008571,0.135714
2,1,-1,0.95,0.95,0.55,0.2,-1,-1,0.009694,0.135714
2,1,-1,1.0,1.0,0.55,0.2,-1,-1,0.017857,0.135714
2,1,-1,0.05,0.05,0.6,0.2,-1,-1,0.003571,0.347551
2,1,-1,0.1,0.1,0.6,0.2,-1,-1,0.00403,0.288367
2,1,-1,0.15,0.15,0.6,0.2,-1,-1,0.004336,0.246938
2,1,-1,0.2,0.2,0.6,0.2,-1,-1,0.004642,0.214387
2,1,-1,0.25,0.25,0.6,0.2,-1,-1,0.004949,0.196632
2,1,-1,0.3,0.3,0.6,0.2,-1,-1,0.005102,0.184795
2,1,-1,0.35,0.35,0.6,0.2,-1,-1,0.005255,0.17
2,1,-1,0.4,0.4,0.6,0.2,-1,-1,0.005408,0.158163
2,1,-1,0.45,0.45,0.6,0.2,-1,-1,0.005867,0.149285
2,1,-1,0.5,0.5,0.6,0.2,-1,-1,0.006479,0.146326
2,1,-1,0.55,0.55,0.6,0.2,-1,-1,0.006938,0.140408
2,1,-1,0.6,0.6,0.6,0.2,-1,-1,0.007857,0.140408
2,1,-1,0.65,0.65,0.6,0.2,-1,-1,0.008163,0.140408
2,1,-1,0.7,0.7,0.6,0.2,-1,-1,0.008622,0.137449
2,1,-1,0.75,0.75,0.6,0.2,-1,-1,0.008928,0.13153
2,1,-1,0.8,0.8,0.6,0.2,-1,-1,0.009387,0.13153
2,1,-1,0.85,0.85,0.6,0.2,-1,-1,0.009847,0.128571
2,1,-1,0.9,0.9,0.6,0.2,-1,-1,0.011071,0.128571
2,1,-1,0.95,0.95,0.6,0.2,-1,-1,0.012755,0.128571
2,1,-1,1.0,1.0,0.6,0.2,-1,-1,0.025,0.128571
2,1,-1,0.05,0.05,0.65,0.2,-1,-1,0.003571,0.334081
2,1,-1,0.1,0.1,0.65,0.2,-1,-1,0.004145,0.270816
2,1,-1,0.15,0.15,0.65,0.2,-1,-1,0.004528,0.22653
2,1,-1,0.2,0.2,0.65,0.2,-1,-1,0.00491,0.191735
2,1,-1,0.25,0.25,0.65,0.2,-1,-1,0.005293,0.172755
2,1,-1,0.3,0.3,0.65,0.2,-1,-1,0.005484,0.160102
2,1,-1,0.35,0.35,0.65,0.2,-1,-1,0.005676,0.144286
2,1,-1,0.4,0.4,0.65,0.2,-1,-1,0.005867,0.131633
2,1,-1,0.45,0.45,0.65,0.2,-1,-1,0.006441,0.122143
2,1,-1,0.5,0.5,0.65,0.2,-1,-1,0.007206,0.11898
2,1,-1,0.55,0.55,0.65,0.2,-1,-1,0.00778,0.112653
2,1,-1,0.6,0.6,0.65,0.2,-1,-1,0.008928,0.112653
2,1,-1,0.65,0.65,0.65,0.2,-1,-1,0.009311,0.112653
2,1,-1,0.7,0.7,0.65,0.2,-1,-1,0.009885,0.10949
2,1,-1,0.75,0.75,0.65,0.2,-1,-1,0.010267,0.103163
2,1,-1,0.8,0.8,0.65,0.2,-1,-1,0.010841,0.103163
2,1,-1,0.85,0.85,0.65,0.2,-1,-1,0.011415,0.1
2,1,-1,0.9,0.9,0.65,0.2,-1,-1,0.012946,0.1
2,1,-1,0.95,0.95,0.65,0.2,-1,-1,0.015051,0.1
2,1,-1,1.0,1.0,0.65,0.2,-1,-1,0.030357,0.1
2,1,-1,0.05,0.05,0.7,0.2,-1,-1,0.003571,0.327347
2,1,-1,0.1,0.1,0.7,0.2,-1,-1,0.00426,0.26204
2,1,-1,0.15,0.15,0.7,0.2,-1,-1,0.004719,0.216326
2,1,-1,0.2,0.2,0.7,0.2,-1,-1,0.005178,0.180408
2,1,-1,0.25,0.25,0.7,0.2,-1,-1,0.005637,0.160816
2,1,-1,0.3,0.3,0.7,0.2,-1,-1,0.005867,0.147755
2,1,-1,0.35,0.35,0.7,0.2,-1,-1,0.006097,0.131428
2,1,-1,0.4,0.4,0.7,0.2,-1,-1,0.006326,0.118367
2,1,-1,0.45,0.45,0.7,0.2,-1,-1,0.007015,0.108571
2,1,-1,0.5,0.5,0.7,0.2,-1,-1,0.007933,0.105306
2,1,-1,0.55,0.55,0.7,0.2,-1,-1,0.008622,0.098775
2,1,-1,0.6,0.6,0.7,0.2,-1,-1,0.01,0.098775
2,1,-1,0.65,0.65,0.7,0.2,-1,-1,0.010459,0.098775
2,1,-1,0.7,0.7,0.7,0.2,-1,-1,0.011148,0.09551
2,1,-1,0.75,0.75,0.7,0.2,-1,-1,0.011607,0.088979
2,1,-1,0.8,0.8,0.7,0.2,-1,-1,0.012296,0.088979
2,1,-1,0.85,0.85,0.7,0.2,-1,-1,0.012984,0.085714
2,1,-1,0.9,0.9,0.7,0.2,-1,-1,0.014821,0.085714
2,1,-1,0.95,0.95,0.7,0.2,-1,-1,0.017347,0.085714
2,1,-1,1.0,1.0,0.7,0.2,-1,-1,0.035714,0.085714
2,1,-1,0.05,0.05,0.75,0.2,-1,-1,0.003571,0.317245
2,1,-1,0.1,0.1,0.75,0.2,-1,-1,0.004451,0.248878
2,1,-1,0.15,0.15,0.75,0.2,-1,-1,0.005038,0.20102
2,1,-1,0.2,0.2,0.75,0.2,-1,-1,0.005625,0.163419
2,1,-1,0.25,0.25,0.75,0.2,-1,-1,0.006211,0.142909
2,1,-1,0.3,0.3,0.75,0.2,-1,-1,0.006505,0.129235
2,1,-1,0.35,0.35,0.75,0.2,-1,-1,0.006798,0.112143
2,1,-1,0.4,0.4,0.75,0.2,-1,-1,0.007091,0.09847
2,1,-1,0.45,0.45,0.75,0.2,-1,-1,0.007972,0.088215
2,1,-1,0.5,0.5,0.75,0.2,-1,-1,0.009145,0.084796
2,1,-1,0.55,0.55,0.75,0.2,-1,-1,0.010025,0.077959
2,1,-1,0.6,0.6,0.75,0.2,-1,-1,0.011785,0.077959
2,1,-1,0.65,0.65,0.75,0.2,-1,-1,0.012372,0.077959
2,1,-1,0.7,0.7,0.75,0.2,-1,-1,0.013252,0.074541
2,1,-1,0.75,0.75,0.75,0.2,-1,-1,0.013839,0.067704
2,1,-1,0.8,0.8,0.75,0.2,-1,-1,0.014719,0.067704
2,1,-1,0.85,0.85,0.75,0.2,-1,-1,0.015599,0.064286
2,1,-1,0.9,0.9,0.75,0.2,-1,-1,0.017946,0.064286
2,1,-1,0.95,0.95,0.75,0.2,-1,-1,0.021173,0.064286
2,1,-1,1.0,1.0,0.75,0.2,-1,-1,0.044643,0.064286
2,1,-1,0.05,0.05,0.8,0.2,-1,-1,0.003571,0.31051
2,1,-1,0.1,0.1,0.8,0.2,-1,-1,0.004681,0.240102
2,1,-1,0.15,0.15,0.8,0.2,-1,-1,0.00542,0.190816
2,1,-1,0.2,0.2,0.8,0.2,-1,-1,0.00616,0.152092
2,1,-1,0.25,0.25,0.8,0.2,-1,-1,0.0069,0.13097
2,1,-1,0.3,0.3,0.8,0.2,-1,-1,0.00727,0.116888
2,1,-1,0.35,0.35,0.8,0.2,-1,-1,0.00764,0.099286
2,1,-1,0.4,0.4,0.8,0.2,-1,-1,0.00801,0.085204
2,1,-1,0.45,0.45,0.8,0.2,-1,-1,0.00912,0.074643
2,1,-1,0.5,0.5,0.8,0.2,-1,-1,0.010599,0.071122
2,1,-1,0.55,0.55,0.8,0.2,-1,-1,0.011709,0.064081
2,1,-1,0.6,0.6,0.8,0.2,-1,-1,0.013928,0.064081
2,1,-1,0.65,0.65,0.8,0.2,-1,-1,0.014668,0.064081
2,1,-1,0.7,0.7,0.8,0.2,-1,-1,0.015778,0.060561
2,1,-1,0.75,0.75,0.8,0.2,-1,-1,0.016518,0.05352
2,1,-1,0.8,0.8,0.8,0.2,-1,-1,0.017627,0.05352
2,1,-1,0.85,0.85,0.8,0.2,-1,-1,0.018737,0.05
2,1,-1,0.9,0.9,0.8,0.2,-1,-1,0.021696,0.05
2,1,-1,0.95,0.95,0.8,0.2,-1,-1,0.025765,0.05
2,1,-1,1.0,1.0,0.8,0.2,-1,-1,0.055357,0.05
2,1,-1,0.05,0.05,0.85,0.2,-1,-1,0.003571,0.307142
2,1,-1,0.1,0.1,0.85,0.2,-1,-1,0.005025,0.235714
2,1,-1,0.15,0.15,0.85,0.2,-1,-1,0.005994,0.185714
2,1,-1,0.2,0.2,0.85,0.2,-1,-1,0.006964,0.146428
2,1,-1,0.25,0.25,0.85,0.2,-1,-1,0.007933,0.125
2,1,-1,0.3,0.3,0.85,0.2,-1,-1,0.008418,0.110714
2,1,-1,0.35,0.35,0.85,0.2,-1,-1,0.008903,0.092857
2,1,-1,0.4,0.4,0.85,0.2,-1,-1,0.009387,0.078572
2,1,-1,0.45,0.45,0.85,0.2,-1,-1,0.010842,0.067857
2,1,-1,0.5,0.5,0.85,0.2,-1,-1,0.01278,0.064285
2,1,-1,0.55,0.55,0.85,0.2,-1,-1,0.014234,0.057142
2,1,-1,0.6,0.6,0.85,0.2,-1,-1,0.017143,0.057142
2,1,-1,0.65,0.65,0.85,0.2,-1,-1,0.018112,0.057142
2,1,-1,0.7,0.7,0.85,0.2,-1,-1,0.019566,0.053572
2,1,-1,0.75,0.75,0.85,0.2,-1,-1,0.020536,0.046428
2,1,-1,0.8,0.8,0.85,0.2,-1,-1,0.02199,0.046428
2,1,-1,0.85,0.85,0.85,0.2,-1,-1,0.023444,0.042857
2,1,-1,0.9,0.9,0.85,0.2,-1,-1,0.027321,0.042857
2,1,-1,0.95,0.95,0.85,0.2,-1,-1,0.032653,0.042857
2,1,-1,1.0,1.0,0.85,0.2,-1,-1,0.071429,0.042857
2,1,-1,0.05,0.05,0.9,0.2,-1,-1,0.003571,0.293673
2,1,-1,0.1,0.1,0.9,0.2,-1,-1,0.005523,0.218163
2,1,-1,0.15,0.15,0.9,0.2,-1,-1,0.006824,0.165306
2,1,-1,0.2,0.2,0.9,0.2,-1,-1,0.008125,0.123776
2,1,-1,0.25,0.25,0.9,0.2,-1,-1,0.009426,0.101123
2,1,-1,0.3,0.3,0.9,0.2,-1,-1,0.010076,0.08602
2,1,-1,0.35,0.35,0.9,0.2,-1,-1,0.010727,0.067143
2,1,-1,0.4,0.4,0.9,0.2,-1,-1,0.011377,0.052041
2,1,-1,0.45,0.45,0.9,0.2,-1,-1,0.013329,0.040715
2,1,-1,0.5,0.5,0.9,0.2,-1,-1,0.015931,0.036939
2,1,-1,0.55,0.55,0.9,0.2,-1,-1,0.017882,0.029388
2,1,-1,0.6,0.6,0.9,0.2,-1,-1,0.021785,0.029388
2,1,-1,0.65,0.65,0.9,0.2,-1,-1,0.023086,0.029388
2,1,-1,0.7,0.7,0.9,0.2,-1,-1,0.025038,0.025613
2,1,-1,0.75,0.75,0.9,0.2,-1,-1,0.026339,0.018062
2,1,-1,0.8,0.8,0.9,0.2,-1,-1,0.028291,0.018062
2,1,-1,0.85,0.85,0.9,0.2,-1,-1,0.030242,0.014286
2,1,-1,0.9,0.9,0.9,0.2,-1,-1,0.035446,0.014286
2,1,-1,0.95,0.95,0.9,0.2,-1,-1,0.042602,0.014286
2,1,-1,1.0,1.0,0.9,0.2,-1,-1,0.094643,0.014286
2,1,-1,0.05,0.05,0.95,0.2,-1,-1,0.003571,0.290306
2,1,-1,0.1,0.1,0.95,0.2,-1,-1,0.006785,0.213775
2,1,-1,0.15,0.15,0.95,0.2,-1,-1,0.008928,0.160204
2,1,-1,0.2,0.2,0.95,0.2,-1,-1,0.011071,0.118112
2,1,-1,0.25,0.25,0.95,0.2,-1,-1,0.013214,0.095153
2,1,-1,0.3,0.3,0.95,0.2,-1,-1,0.014285,0.079847
2,1,-1,0.35,0.35,0.95,0.2,-1,-1,0.015357,0.060714
2,1,-1,0.4,0.4,0.95,0.2,-1,-1,0.016428,0.045409
2,1,-1,0.45,0.45,0.95,0.2,-1,-1,0.019642,0.033929
2,1,-1,0.5,0.5,0.95,0.2,-1,-1,0.023928,0.030102
2,1,-1,0.55,0.55,0.95,0.2,-1,-1,0.027142,0.022449
2,1,-1,0.6,0.6,0.95,0.2,-1,-1,0.033571,0.022449
2,1,-1,0.65,0.65,0.95,0.2,-1,-1,0.035714,0.022449
2,1,-1,0.7,0.7,0.95,0.2,-1,-1,0.038928,0.018623
2,1,-1,0.75,0.75,0.95,0.2,-1,-1,0.041071,0.01097
2,1,-1,0.8,0.8,0.95,0.2,-1,-1,0.044285,0.01097
2,1,-1,0.85,0.85,0.95,0.2,-1,-1,0.0475,0.007143
2,1,-1,0.9,0.9,0.95,0.2,-1,-1,0.056071,0.007143
2,1,-1,0.95,0.95,0.95,0.2,-1,-1,0.067857,0.007143
2,1,-1,1.0,1.0,0.95,0.2,-1,-1,0.153571,0.007143
2,1,-1,0.05,0.05,1.0,0.2,-1,-1,0.003571,0.286938
2,1,-1,0.1,0.1,1.0,0.2,-1,-1,0.024923,0.209388
2,1,-1,0.15,0.15,1.0,0.2,-1,-1,0.039157,0.155102
2,1,-1,0.2,0.2,1.0,0.2,-1,-1,0.053392,0.112449
2,1,-1,0.25,0.25,1.0,0.2,-1,-1,0.067627,0.089184
2,1,-1,0.3,0.3,1.0,0.2,-1,-1,0.074745,0.073673
2,1,-1,0.35,0.35,1.0,0.2,-1,-1,0.081861,0.054286
2,1,-1,0.4,0.4,1.0,0.2,-1,-1,0.088979,0.038776
2,1,-1,0.45,0.45,1.0,0.2,-1,-1,0.110331,0.027143
2,1,-1,0.5,0.5,1.0,0.2,-1,-1,0.1388,0.023265
2,1,-1,0.55,0.55,1.0,0.2,-1,-1,0.160153,0.01551
2,1,-1,0.6,0.6,1.0,0.2,-1,-1,0.202857,0.01551
2,1,-1,0.65,0.65,1.0,0.2,-1,-1,0.217092,0.01551
2,1,-1,0.7,0.7,1.0,0.2,-1,-1,0.238443,0.011633
2,1,-1,0.75,0.75,1.0,0.2,-1,-1,0.252678,0.003878
2,1,-1,0.8,0.8,1.0,0.2,-1,-1,0.274031,0.003878
2,1,-1,0.85,0.85,1.0,0.2,-1,-1,0.295382,0.0
2,1,-1,0.9,0.9,1.0,0.2,-1,-1,0.352321,0.0
2,1,-1,0.95,0.95,1.0,0.2,-1,-1,0.430612,0.0
2,1,-1,1.0,1.0,1.0,0.2,-1,-1,1.0,0.0
2,1,-1,0.05,0.05,0.25,0.25,-1,-1,0.005357,0.464286
2,1,-1,0.1,0.1,0.25,0.25,-1,-1,0.005357,0.464286
2,1,-1,0.15,0.15,0.25,0.25,-1,-1,0.005357,0.464286
2,1,-1,0.2,0.2,0.25,0.25,-1,-1,0.005357,0.464286
2,1,-1,0.25,0.25,0.25,0.25,-1,-1,0.005357,0.464286
2,1,-1,0.3,0.3,0.25,0.25,-1,-1,0.005357,0.464286
2,1,-1,0.35,0.35,0.25,0.25,-1,-1,0.005357,0.464286
2,1,-1,0.4,0.4,0.25,0.25,-1,-1,0.005357,0.464286
2,1,-1,0.45,0.45,0.25,0.25,-1,-1,0.005357,0.464286
2,1,-1,0.5,0.5,0.25,0.25,-1,-1,0.005357,0.464286
2,1,-1,0.55,0.55,0.25,0.25,-1,-1,0.005357,0.464286
2,1,-1,0.6,0.6,0.25,0.25,-1,-1,0.005357,0.464286
2,1,-1,0.65,0.65,0.25,0.25,-1,-1,0.005357,0.464286
2,1,-1,0.7,0.7,0.25,0.25,-1,-1,0.005357,0.464286
2,1,-1,0.75,0.75,0.25,0.25,-1,-1,0.005357,0.464286
2,1,-1,0.8,0.8,0.25,0.25,-1,-1,0.005357,0.464286
2,1,-1,0.85,0.85,0.25,0.25,-1,-1,0.005357,0.464286
2,1,-1,0.9,0.9,0.25,0.25,-1,-1,0.005357,0.464286
2,1,-1,0.95,0.95,0.25,0.25,-1,-1,0.005357,0.464286
2,1,-1,1.0,1.0,0.25,0.25,-1,-1,0.005357,0.464286
2,1,-1,0.05,0.05,0.3,0.25,-1,-1,0.005357,0.450816
2,1,-1,0.1,0.1,0.3,0.25,-1,-1,0.005395,0.446735
2,1,-1,0.15,0.15,0.3,0.25,-1,-1,0.005421,0.443877
2,1,-1,0.2,0.2,0.3,0.25,-1,-1,0.005446,0.441632
2,1,-1,0.25,0.25,0.3,0.25,-1,-1,0.005472,0.440408
2,1,-1,0.3,0.3,0.3,0.25,-1,-1,0.005485,0.439592
2,1,-1,0.35,0.35,0.3,0.25,-1,-1,0.005497,0.438571
2,1,-1,0.4,0.4,0.3,0.25,-1,-1,0.00551,0.437755
2,1,-1,0.45,0.45,0.3,0.25,-1,-1,0.005548,0.437143
2,1,-1,0.5,0.5,0.3,0.25,-1,-1,0.005599,0.436939
2,1,-1,0.55,0.55,0.3,0.25,-1,-1,0.005638,0.43653
2,1,-1,0.6,0.6,0.3,0.25,-1,-1,0.005714,0.43653
2,1,-1,0.65,0.65,0.3,0.25,-1,-1,0.00574,0.43653
2,1,-1,0.7,0.7,0.3,0.25,-1,-1,0.005778,0.436326
2,1,-1,0.75,0.75,0.3,0.25,-1,-1,0.005803,0.435918
2,1,-1,0.8,0.8,0.3,0.25,-1,-1,0.005842,0.435918
2,1,-1,0.85,0.85,0.3,0.25,-1,-1,0.00588,0.435714
2,1,-1,0.9,0.9,0.3,0.25,-1,-1,0.005982,0.435714
2,1,-1,0.95,0.95,0.3,0.25,-1,-1,0.006122,0.435714
2,1,-1,1.0,1.0,0.3,0.25,-1,-1,0.007143,0.435714
2,1,-1,0.05,0.05,0.35,0.25,-1,-1,0.005357,0.427245
2,1,-1,0.1,0.1,0.35,0.25,-1,-1,0.005395,0.41602
2,1,-1,0.15,0.15,0.35,0.25,-1,-1,0.005421,0.408163
2,1,-1,0.2,0.2,0.35,0.25,-1,-1,0.005446,0.40199
2,1,-1,0.25,0.25,0.35,0.25,-1,-1,0.005472,0.398622
2,1,-1,0.3,0.3,0.35,0.25,-1,-1,0.005485,0.396377
2,1,-1,0.35,0.35,0.35,0.25,-1,-1,0.005497,0.393571
2,1,-1,0.4,0.4,0.35,0.25,-1,-1,0.00551,0.391326
2,1,-1,0.45,0.45,0.35,0.25,-1,-1,0.005548,0.389643
2,1,-1,0.5,0.5,0.35,0.25,-1,-1,0.005599,0.389081
2,1,-1,0.55,0.55,0.35,0.25,-1,-1,0.005638,0.387959
2,1,-1,0.6,0.6,0.35,0.25,-1,-1,0.005714,0.387959
2,1,-1,0.65,0.65,0.35,0.25,-1,-1,0.00574,0.387959
2,1,-1,0.7,0.7,0.35,0.25,-1,-1,0.005778,0.387398
2,1,-1,0.75,0.75,0.35,0.25,-1,-1,0.005803,0.386275
2,1,-1,0.8,0.8,0.35,0.25,-1,-1,0.005842,0.386275
2,1,-1,0.85,0.85,0.35,0.25,-1,-1,0.00588,0.385714
2,1,-1,0.9,0.9,0.35,0.25,-1,-1,0.005982,0.385714
2,1,-1,0.95,0.95,0.35,0.25,-1,-1,0.006122,0.385714
2,1,-1,1.0,1.0,0.35,0.25,-1,-1,0.007143,0.385714
2,1,-1,0.05,0.05,0.4,0.25,-1,-1,0.005357,0.383469
2,1,-1,0.1,0.1,0.4,0.25,-1,-1,0.005472,0.35898
2,1,-1,0.15,0.15,0.4,0.25,-1,-1,0.005548,0.341837
2,1,-1,0.2,0.2,0.4,0.25,-1,-1,0.005625,0.328367
2,1,-1,0.25,0.25,0.4,0.25,-1,-1,0.005701,0.32102
2,1,-1,0.3,0.3,0.4,0.25,-1,-1,0.00574,0.316122
2,1,-1,0.35,0.35,0.4,0.25,-1,-1,0.005778,0.31
2,1,-1,0.4,0.4,0.4,0.25,-1,-1,0.005816,0.305102
2,1,-1,0.45,0.45,0.4,0.25,-1,-1,0.005931,0.301428
2,1,-1,0.5,0.5,0.4,0.25,-1,-1,0.006084,0.300204
2,1,-1,0.55,0.55,0.4,0.25,-1,-1,0.006199,0.297755
2,1,-1,0.6,0.6,0.4,0.25,-1,-1,0.006428,0.297755
2,1,-1,0.65,0.65,0.4,0.25,-1,-1,0.006505,0.297755
2,1,-1,0.7,0.7,0.4,0.25,-1,-1,0.00662,0.296531
2,1,-1,0.75,0.75,0.4,0.25,-1,-1,0.006696,0.294082
2,1,-1,0.8,0.8,0.4,0.25,-1,-1,0.006811,0.294082
2,1,-1,0.85,0.85,0.4,0.25,-1,-1,0.006926,0.292857
2,1,-1,0.9,0.9,0.4,0.25,-1,-1,0.007232,0.292857
2,1,-1,0.95,0.95,0.4,0.25,-1,-1,0.007653,0.292857
2,1,-1,1.0,1.0,0.4,0.25,-1,-1,0.010714,0.292857
2,1,-1,0.05,0.05,0.45,0.25,-1,-1,0.005357,0.359898
2,1,-1,0.1,0.1,0.45,0.25,-1,-1,0.005472,0.328265
2,1,-1,0.15,0.15,0.45,0.25,-1,-1,0.005548,0.306122
2,1,-1,0.2,0.2,0.45,0.25,-1,-1,0.005625,0.288724
2,1,-1,0.25,0.25,0.45,0.25,-1,-1,0.005701,0.279235
2,1,-1,0.3,0.3,0.45,0.25,-1,-1,0.00574,0.272908
2,1,-1,0.35,0.35,0.45,0.25,-1,-1,0.005778,0.265
2,1,-1,0.4,0.4,0.45,0.25,-1,-1,0.005816,0.258673
2,1,-1,0.45,0.45,0.45,0.25,-1,-1,0.005931,0.253928
2,1,-1,0.5,0.5,0.45,0.25,-1,-1,0.006084,0.252347
2,1,-1,0.55,0.55,0.45,0.25,-1,-1,0.006199,0.249183
2,1,-1,0.6,0.6,0.45,0.25,-1,-1,0.006428,0.249183
2,1,-1,0.65,0.65,0.45,0.25,-1,-1,0.006505,0.249183
2,1,-1,0.7,0.7,0.45,0.25,-1,-1,0.00662,0.247602
2,1,-1,0.75,0.75,0.45,0.25,-1,-1,0.006696,0.244439
2,1,-1,0.8,0.8,0.45,0.25,-1,-1,0.006811,0.244439
2,1,-1,0.85,0.85,0.45,0.25,-1,-1,0.006926,0.242857
2,1,-1,0.9,0.9,0.45,0.25,-1,-1,0.007232,0.242857
2,1,-1,0.95,0.95,0.45,0.25,-1,-1,0.007653,0.242857
2,1,-1,1.0,1.0,0.45,0.25,-1,-1,0.010714,0.242857
2,1,-1,0.05,0.05,0.5,0.25,-1,-1,0.005357,0.329592
2,1,-1,0.1,0.1,0.5,0.25,-1,-1,0.00551,0.288775
2,1,-1,0.15,0.15,0.5,0.25,-1,-1,0.005612,0.260204
2,1,-1,0.2,0.2,0.5,0.25,-1,-1,0.005714,0.237755
2,1,-1,0.25,0.25,0.5,0.25,-1,-1,0.005816,0.22551
2,1,-1,0.3,0.3,0.5,0.25,-1,-1,0.005867,0.217347
2,1,-1,0.35,0.35,0.5,0.25,-1,-1,0.005918,0.207143
2,1,-1,0.4,0.4,0.5,0.25,-1,-1,0.005969,0.198979
2,1,-1,0.45,0.45,0.5,0.25,-1,-1,0.006122,0.192857
2,1,-1,0.5,0.5,0.5,0.25,-1,-1,0.006326,0.190816
2,1,-1,0.55,0.55,0.5,0.25,-1,-1,0.006479,0.186734
2,1,-1,0.6,0.6,0.5,0.25,-1,-1,0.006786,0.186734
2,1,-1,0.65,0.65,0.5,0.25,-1,-1,0.006888,0.186734
2,1,-1,0.7,0.7,0.5,0.25,-1,-1,0.007041,0.184694
2,1,-1,0.75,0.75,0.5,0.25,-1,-1,0.007143,0.180612
2,1,-1,0.8,0.8,0.5,0.25,-1,-1,0.007296,0.180612
2,1,-1,0.85,0.85,0.5,0.25,-1,-1,0.007449,0.178571
2,1,-1,0.9,0.9,0.5,0.25,-1,-1,0.007857,0.178571
2,1,-1,0.95,0.95,0.5,0.25,-1,-1,0.008418,0.178571
2,1,-1,1.0,1.0,0.5,0.25,-1,-1,0.0125,0.178571
2,1,-1,0.05,0.05,0.55,0.25,-1,-1,0.005357,0.309388
2,1,-1,0.1,0.1,0.55,0.25,-1,-1,0.005625,0.262449
2,1,-1,0.15,0.15,0.55,0.25,-1,-1,0.005803,0.229592
2,1,-1,0.2,0.2,0.55,0.25,-1,-1,0.005982,0.203775
2,1,-1,0.25,0.25,0.55,0.25,-1,-1,0.006161,0.189694
2,1,-1,0.3,0.3,0.55,0.25,-1,-1,0.00625,0.180306
2,1,-1,0.35,0.35,0.55,0.25,-1,-1,0.006339,0.168571
2,1,-1,0.4,0.4,0.55,0.25,-1,-1,0.006428,0.159184
2,1,-1,0.45,0.45,0.55,0.25,-1,-1,0.006696,0.152143
2,1,-1,0.5,0.5,0.55,0.25,-1,-1,0.007053,0.149796
2,1,-1,0.55,0.55,0.55,0.25,-1,-1,0.007321,0.145102
2,1,-1,0.6,0.6,0.55,0.25,-1,-1,0.007857,0.145102
2,1,-1,0.65,0.65,0.55,0.25,-1,-1,0.008036,0.145102
2,1,-1,0.7,0.7,0.55,0.25,-1,-1,0.008303,0.142755
2,1,-1,0.75,0.75,0.55,0.25,-1,-1,0.008482,0.138061
2,1,-1,0.8,0.8,0.55,0.25,-1,-1,0.00875,0.138061
2,1,-1,0.85,0.85,0.55,0.25,-1,-1,0.009018,0.135714
2,1,-1,0.9,0.9,0.55,0.25,-1,-1,0.009732,0.135714
2,1,-1,0.95,0.95,0.55,0.25,-1,-1,0.010714,0.135714
2,1,-1,1.0,1.0,0.55,0.25,-1,-1,0.017857,0.135714
2,1,-1,0.05,0.05,0.6,0.25,-1,-1,0.005357,0.30602
2,1,-1,0.1,0.1,0.6,0.25,-1,-1,0.005778,0.258061
2,1,-1,0.15,0.15,0.6,0.25,-1,-1,0.006059,0.224489
2,1,-1,0.2,0.2,0.6,0.25,-1,-1,0.006339,0.198112
2,1,-1,0.25,0.25,0.6,0.25,-1,-1,0.00662,0.183724
2,1,-1,0.3,0.3,0.6,0.25,-1,-1,0.00676,0.174132
2,1,-1,0.35,0.35,0.6,0.25,-1,-1,0.0069,0.162142
2,1,-1,0.4,0.4,0.6,0.25,-1,-1,0.007041,0.152551
2,1,-1,0.45,0.45,0.6,0.25,-1,-1,0.007462,0.145357
2,1,-1,0.5,0.5,0.6,0.25,-1,-1,0.008023,0.142959
2,1,-1,0.55,0.55,0.6,0.25,-1,-1,0.008444,0.138163
2,1,-1,0.6,0.6,0.6,0.25,-1,-1,0.009286,0.138163
2,1,-1,0.65,0.65,0.6,0.25,-1,-1,0.009566,0.138163
2,1,-1,0.7,0.7,0.6,0.25,-1,-1,0.009987,0.135765
2,1,-1,0.75,0.75,0.6,0.25,-1,-1,0.010268,0.130969
2,1,-1,0.8,0.8,0.6,0.25,-1,-1,0.010689,0.130969
2,1,-1,0.85,0.85,0.6,0.25,-1,-1,0.01111,0.128571
2,1,-1,0.9,0.9,0.6,0.25,-1,-1,0.012232,0.128571
2,1,-1,0.95,0.95,0.6,0.25,-1,-1,0.013775,0.128571
2,1,-1,1.0,1.0,0.6,0.25,-1,-1,0.025,0.128571
2,1,-1,0.05,0.05,0.65,0.25,-1,-1,0.005357,0.292551
2,1,-1,0.1,0.1,0.65,0.25,-1,-1,0.005893,0.24051
2,1,-1,0.15,0.15,0.65,0.25,-1,-1,0.00625,0.204082
2,1,-1,0.2,0.2,0.65,0.25,-1,-1,0.006607,0.175459
2,1,-1,0.25,0.25,0.65,0.25,-1,-1,0.006964,0.159847
2,1,-1,0.3,0.3,0.65,0.25,-1,-1,0.007143,0.149439
2,1,-1,0.35,0.35,0.65,0.25,-1,-1,0.007321,0.136429
2,1,-1,0.4,0.4,0.65,0.25,-1,-1,0.0075,0.126021
2,1,-1,0.45,0.45,0.65,0.25,-1,-1,0.008036,0.118214
2,1,-1,0.5,0.5,0.65,0.25,-1,-1,0.00875,0.115612
2,1,-1,0.55,0.55,0.65,0.25,-1,-1,0.009286,0.110408
2,1,-1,0.6,0.6,0.65,0.25,-1,-1,0.010357,0.110408
2,1,-1,0.65,0.65,0.65,0.25,-1,-1,0.010714,0.110408
2,1,-1,0.7,0.7,0.65,0.25,-1,-1,0.01125,0.107806
2,1,-1,0.75,0.75,0.65,0.25,-1,-1,0.011607,0.102602
2,1,-1,0.8,0.8,0.65,0.25,-1,-1,0.012143,0.102602
2,1,-1,0.85,0.85,0.65,0.25,-1,-1,0.012678,0.1
2,1,-1,0.9,0.9,0.65,0.25,-1,-1,0.014107,0.1
2,1,-1,0.95,0.95,0.65,0.25,-1,-1,0.016071,0.1
2,1,-1,1.0,1.0,0.65,0.25,-1,-1,0.030357,0.1
2,1,-1,0.05,0.05,0.7,0.25,-1,-1,0.005357,0.285816
2,1,-1,0.1,0.1,0.7,0.25,-1,-1,0.006008,0.231735
2,1,-1,0.15,0.15,0.7,0.25,-1,-1,0.006441,0.193877
2,1,-1,0.2,0.2,0.7,0.25,-1,-1,0.006875,0.164133
2,1,-1,0.25,0.25,0.7,0.25,-1,-1,0.007309,0.147908
2,1,-1,0.3,0.3,0.7,0.25,-1,-1,0.007525,0.137092
2,1,-1,0.35,0.35,0.7,0.25,-1,-1,0.007742,0.123571
2,1,-1,0.4,0.4,0.7,0.25,-1,-1,0.007959,0.112755
2,1,-1,0.45,0.45,0.7,0.25,-1,-1,0.00861,0.104643
2,1,-1,0.5,0.5,0.7,0.25,-1,-1,0.009477,0.101938
2,1,-1,0.55,0.55,0.7,0.25,-1,-1,0.010127,0.09653
2,1,-1,0.6,0.6,0.7,0.25,-1,-1,0.011428,0.09653
2,1,-1,0.65,0.65,0.7,0.25,-1,-1,0.011862,0.09653
2,1,-1,0.7,0.7,0.7,0.25,-1,-1,0.012513,0.093826
2,1,-1,0.75,0.75,0.7,0.25,-1,-1,0.012946,0.088418
2,1,-1,0.8,0.8,0.7,0.25,-1,-1,0.013597,0.088418
2,1,-1,0.85,0.85,0.7,0.25,-1,-1,0.014247,0.085714
2,1,-1,0.9,0.9,0.7,0.25,-1,-1,0.015982,0.085714
2,1,-1,0.95,0.95,0.7,0.25,-1,-1,0.018367,0.085714
2,1,-1,1.0,1.0,0.7,0.25,-1,-1,0.035714,0.085714
2,1,-1,0.05,0.05,0.75,0.25,-1,-1,0.005357,0.275714
2,1,-1,0.1,0.1,0.75,0.25,-1,-1,0.006199,0.218572
2,1,-1,0.15,0.15,0.75,0.25,-1,-1,0.00676,0.178572
2,1,-1,0.2,0.2,0.75,0.25,-1,-1,0.007321,0.147143
2,1,-1,0.25,0.25,0.75,0.25,-1,-1,0.007883,0.13
2,1,-1,0.3,0.3,0.75,0.25,-1,-1,0.008163,0.118572
2,1,-1,0.35,0.35,0.75,0.25,-1,-1,0.008444,0.104286
2,1,-1,0.4,0.4,0.75,0.25,-1,-1,0.008724,0.092858
2,1,-1,0.45,0.45,0.75,0.25,-1,-1,0.009566,0.084286
2,1,-1,0.5,0.5,0.75,0.25,-1,-1,0.010689,0.081429
2,1,-1,0.55,0.55,0.75,0.25,-1,-1,0.011531,0.075714
2,1,-1,0.6,0.6,0.75,0.25,-1,-1,0.013214,0.075714
2,1,-1,0.65,0.65,0.75,0.25,-1,-1,0.013775,0.075714
2,1,-1,0.7,0.7,0.75,0.25,-1,-1,0.014617,0.072858
2,1,-1,0.75,0.75,0.75,0.25,-1,-1,0.015179,0.067143
2,1,-1,0.8,0.8,0.75,0.25,-1,-1,0.01602,0.067143
2,1,-1,0.85,0.85,0.75,0.25,-1,-1,0.016862,0.064286
2,1,-1,0.9,0.9,0.75,0.25,-1,-1,0.019107,0.064286
2,1,-1,0.95,0.95,0.75,0.25,-1,-1,0.022194,0.064286
2,1,-1,1.0,1.0,0.75,0.25,-1,-1,0.044643,0.064286
2,1,-1,0.05,0.05,0.8,0.25,-1,-1,0.005357,0.26898
2,1,-1,0.1,0.1,0.8,0.25,-1,-1,0.006428,0.209796
2,1,-1,0.15,0.15,0.8,0.25,-1,-1,0.007143,0.168367
2,1,-1,0.2,0.2,0.8,0.25,-1,-1,0.007857,0.135816
2,1,-1,0.25,0.25,0.8,0.25,-1,-1,0.008571,0.118061
2,1,-1,0.3,0.3,0.8,0.25,-1,-1,0.008928,0.106224
2,1,-1,0.35,0.35,0.8,0.25,-1,-1,0.009286,0.091429
2,1,-1,0.4,0.4,0.8,0.25,-1,-1,0.009643,0.079592
2,1,-1,0.45,0.45,0.8,0.25,-1,-1,0.010714,0.070714
2,1,-1,0.5,0.5,0.8,0.25,-1,-1,0.012143,0.067755
2,1,-1,0.55,0.55,0.8,0.25,-1,-1,0.013214,0.061837
2,1,-1,0.6,0.6,0.8,0.25,-1,-1,0.015357,0.061837
2,1,-1,0.65,0.65,0.8,0.25,-1,-1,0.016071,0.061837
2,1,-1,0.7,0.7,0.8,0.25,-1,-1,0.017143,0.058878
2,1,-1,0.75,0.75,0.8,0.25,-1,-1,0.017857,0.052959
2,1,-1,0.8,0.8,0.8,0.25,-1,-1,0.018928,0.052959
2,1,-1,0.85,0.85,0.8,0.25,-1,-1,0.02,0.05
2,1,-1,0.9,0.9,0.8,0.25,-1,-1,0.022857,0.05
2,1,-1,0.95,0.95,0.8,0.25,-1,-1,0.026786,0.05
2,1,-1,1.0,1.0,0.8,0.25,-1,-1,0.055357,0.05
2,1,-1,0.05,0.05,0.85,0.25,-1,-1,0.005357,0.265612
2,1,-1,0.1,0.1,0.85,0.25,-1,-1,0.006773,0.205408
2,1,-1,0.15,0.15,0.85,0.25,-1,-1,0.007717,0.163265
2,1,-1,0.2,0.2,0.85,0.25,-1,-1,0.008661,0.130153
2,1,-1,0.25,0.25,0.85,0.25,-1,-1,0.009605,0.112092
2,1,-1,0.3,0.3,0.85,0.25,-1,-1,0.010076,0.100051
2,1,-1,0.35,0.35,0.85,0.25,-1,-1,0.010548,0.085
2,1,-1,0.4,0.4,0.85,0.25,-1,-1,0.01102,0.072959
2,1,-1,0.45,0.45,0.85,0.25,-1,-1,0.012436,0.063928
2,1,-1,0.5,0.5,0.85,0.25,-1,-1,0.014324,0.060918
2,1,-1,0.55,0.55,0.85,0.25,-1,-1,0.01574,0.054898
2,1,-1,0.6,0.6,0.85,0.25,-1,-1,0.018571,0.054898
2,1,-1,0.65,0.65,0.85,0.25,-1,-1,0.019515,0.054898
2,1,-1,0.7,0.7,0.85,0.25,-1,-1,0.020931,0.051888
2,1,-1,0.75,0.75,0.85,0.25,-1,-1,0.021875,0.045867
2,1,-1,0.8,0.8,0.85,0.25,-1,-1,0.023291,0.045867
2,1,-1,0.85,0.85,0.85,0.25,-1,-1,0.024707,0.042857
2,1,-1,0.9,0.9,0.85,0.25,-1,-1,0.028482,0.042857
2,1,-1,0.95,0.95,0.85,0.25,-1,-1,0.033674,0.042857
2,1,-1,1.0,1.0,0.85,0.25,-1,-1,0.071429,0.042857
2,1,-1,0.05,0.05,0.9,0.25,-1,-1,0.005357,0.252143
2,1,-1,0.1,0.1,0.9,0.25,-1,-1,0.00727,0.187857
2,1,-1,0.15,0.15,0.9,0.25,-1,-1,0.008546,0.142857
2,1,-1,0.2,0.2,0.9,0.25,-1,-1,0.009821,0.1075
2,1,-1,0.25,0.25,0.9,0.25,-1,-1,0.011097,0.088215
2,1,-1,0.3,0.3,0.9,0.25,-1,-1,0.011735,0.075357
2,1,-1,0.35,0.35,0.9,0.25,-1,-1,0.012372,0.059286
2,1,-1,0.4,0.4,0.9,0.25,-1,-1,0.01301,0.046429
2,1,-1,0.45,0.45,0.9,0.25,-1,-1,0.014923,0.036786
2,1,-1,0.5,0.5,0.9,0.25,-1,-1,0.017474,0.033572
2,1,-1,0.55,0.55,0.9,0.25,-1,-1,0.019388,0.027143
2,1,-1,0.6,0.6,0.9,0.25,-1,-1,0.023214,0.027143
2,1,-1,0.65,0.65,0.9,0.25,-1,-1,0.02449,0.027143
2,1,-1,0.7,0.7,0.9,0.25,-1,-1,0.026403,0.023929
2,1,-1,0.75,0.75,0.9,0.25,-1,-1,0.027679,0.0175
2,1,-1,0.8,0.8,0.9,0.25,-1,-1,0.029592,0.0175
2,1,-1,0.85,0.85,0.9,0.25,-1,-1,0.031505,0.014286
2,1,-1,0.9,0.9,0.9,0.25,-1,-1,0.036607,0.014286
2,1,-1,0.95,0.95,0.9,0.25,-1,-1,0.043622,0.014286
2,1,-1,1.0,1.0,0.9,0.25,-1,-1,0.094643,0.014286
2,1,-1,0.05,0.05,0.95,0.25,-1,-1,0.005357,0.248776
2,1,-1,0.1,0.1,0.95,0.25,-1,-1,0.008533,0.183469
2,1,-1,0.15,0.15,0.95,0.25,-1,-1,0.01065,0.137755
2,1,-1,0.2,0.2,0.95,0.25,-1,-1,0.012768,0.101837
2,1,-1,0.25,0.25,0.95,0.25,-1,-1,0.014885,0.082245
2,1,-1,0.3,0.3,0.95,0.25,-1,-1,0.015944,0.069184
2,1,-1,0.35,0.35,0.95,0.25,-1,-1,0.017002,0.052857
2,1,-1,0.4,0.4,0.95,0.25,-1,-1,0.018061,0.039796
2,1,-1,0.45,0.45,0.95,0.25,-1,-1,0.021237,0.03
2,1,-1,0.5,0.5,0.95,0.25,-1,-1,0.025472,0.026735
2,1,-1,0.55,0.55,0.95,0.25,-1,-1,0.028648,0.020204
2,1,-1,0.6,0.6,0.95,0.25,-1,-1,0.035,0.020204
2,1,-1,0.65,0.65,0.95,0.25,-1,-1,0.037117,0.020204
2,1,-1,0.7,0.7,0.95,0.25,-1,-1,0.040293,0.016939
2,1,-1,0.75,0.75,0.95,0.25,-1,-1,0.042411,0.010408
2,1,-1,0.8,0.8,0.95,0.25,-1,-1,0.045587,0.010408
2,1,-1,0.85,0.85,0.95,0.25,-1,-1,0.048763,0.007143
2,1,-1,0.9,0.9,0.95,0.25,-1,-1,0.057232,0.007143
2,1,-1,0.95,0.95,0.95,0.25,-1,-1,0.068877,0.007143
2,1,-1,1.0,1.0,0.95,0.25,-1,-1,0.153571,0.007143
2,1,-1,0.05,0.05,1.0,0.25,-1,-1,0.005357,0.245408
2,1,-1,0.1,0.1,1.0,0.25,-1,-1,0.026671,0.179082
2,1,-1,0.15,0.15,1.0,0.25,-1,-1,0.04088,0.132653
2,1,-1,0.2,0.2,1.0,0.25,-1,-1,0.055089,0.096174
2,1,-1,0.25,0.25,1.0,0.25,-1,-1,0.069299,0.076276
2,1,-1,0.3,0.3,1.0,0.25,-1,-1,0.076403,0.06301
2,1,-1,0.35,0.35,1.0,0.25,-1,-1,0.083507,0.046429
2,1,-1,0.4,0.4,1.0,0.25,-1,-1,0.090612,0.033163
2,1,-1,0.45,0.45,1.0,0.25,-1,-1,0.111926,0.023214
2,1,-1,0.5,0.5,1.0,0.25,-1,-1,0.140344,0.019898
2,1,-1,0.55,0.55,1.0,0.25,-1,-1,0.161658,0.013265
2,1,-1,0.6,0.6,1.0,0.25,-1,-1,0.204286,0.013265
2,1,-1,0.65,0.65,1.0,0.25,-1,-1,0.218495,0.013265
2,1,-1,0.7,0.7,1.0,0.25,-1,-1,0.239808,0.009949
2,1,-1,0.75,0.75,1.0,0.25,-1,-1,0.254018,0.003316
2,1,-1,0.8,0.8,1.0,0.25,-1,-1,0.275332,0.003316
2,1,-1,0.85,0.85,1.0,0.25,-1,-1,0.296645,0.0
2,1,-1,0.9,0.9,1.0,0.25,-1,-1,0.353482,0.0
2,1,-1,0.95,0.95,1.0,0.25,-1,-1,0.431632,0.0
2,1,-1,1.0,1.0,1.0,0.25,-1,-1,1.0,0.0
2,1,-1,0.05,0.05,0.3,0.3,-1,-1,0.007143,0.435714
2,1,-1,0.1,0.1,0.3,0.3,-1,-1,0.007143,0.435714
2,1,-1,0.15,0.15,0.3,0.3,-1,-1,0.007143,0.435714
2,1,-1,0.2,0.2,0.3,0.3,-1,-1,0.007143,0.435714
2,1,-1,0.25,0.25,0.3,0.3,-1,-1,0.007143,0.435714
2,1,-1,0.3,0.3,0.3,0.3,-1,-1,0.007143,0.435714
2,1,-1,0.35,0.35,0.3,0.3,-1,-1,0.007143,0.435714
2,1,-1,0.4,0.4,0.3,0.3,-1,-1,0.007143,0.435714
2,1,-1,0.45,0.45,0.3,0.3,-1,-1,0.007143,0.435714
2,1,-1,0.5,0.5,0.3,0.3,-1,-1,0.007143,0.435714
2,1,-1,0.55,0.55,0.3,0.3,-1,-1,0.007143,0.435714
2,1,-1,0.6,0.6,0.3,0.3,-1,-1,0.007143,0.435714
2,1,-1,0.65,0.65,0.3,0.3,-1,-1,0.007143,0.435714
2,1,-1,0.7,0.7,0.3,0.3,-1,-1,0.007143,0.435714
2,1,-1,0.75,0.75,0.3,0.3,-1,-1,0.007143,0.435714
2,1,-1,0.8,0.8,0.3,0.3,-1,-1,0.007143,0.435714
2,1,-1,0.85,0.85,0.3,0.3,-1,-1,0.007143,0.435714
2,1,-1,0.9,0.9,0.3,0.3,-1,-1,0.007143,0.435714
2,1,-1,0.95,0.95,0.3,0.3,-1,-1,0.007143,0.435714
2,1,-1,1.0,1.0,0.3,0.3,-1,-1,0.007143,0.435714
2,1,-1,0.05,0.05,0.35,0.3,-1,-1,0.007143,0.412143
2,1,-1,0.1,0.1,0.35,0.3,-1,-1,0.007143,0.405
2,1,-1,0.15,0.15,0.35,0.3,-1,-1,0.007143,0.4
2,1,-1,0.2,0.2,0.35,0.3,-1,-1,0.007143,0.396071
2,1,-1,0.25,0.25,0.35,0.3,-1,-1,0.007143,0.393928
2,1,-1,0.3,0.3,0.35,0.3,-1,-1,0.007143,0.3925
2,1,-1,0.35,0.35,0.35,0.3,-1,-1,0.007143,0.390714
2,1,-1,0.4,0.4,0.35,0.3,-1,-1,0.007143,0.389285
2,1,-1,0.45,0.45,0.35,0.3,-1,-1,0.007143,0.388214
2,1,-1,0.5,0.5,0.35,0.3,-1,-1,0.007143,0.387857
2,1,-1,0.55,0.55,0.35,0.3,-1,-1,0.007143,0.387143
2,1,-1,0.6,0.6,0.35,0.3,-1,-1,0.007143,0.387143
2,1,-1,0.65,0.65,0.35,0.3,-1,-1,0.007143,0.387143
2,1,-1,0.7,0.7,0.35,0.3,-1,-1,0.007143,0.386785
2,1,-1,0.75,0.75,0.35,0.3,-1,-1,0.007143,0.386071
2,1,-1,0.8,0.8,0.35,0.3,-1,-1,0.007143,0.386071
2,1,-1,0.85,0.85,0.35,0.3,-1,-1,0.007143,0.385714
2,1,-1,0.9,0.9,0.35,0.3,-1,-1,0.007143,0.385714
2,1,-1,0.95,0.95,0.35,0.3,-1,-1,0.007143,0.385714
2,1,-1,1.0,1.0,0.35,0.3,-1,-1,0.007143,0.385714
2,1,-1,0.05,0.05,0.4,0.3,-1,-1,0.007143,0.368367
2,1,-1,0.1,0.1,0.4,0.3,-1,-1,0.00722,0.347959
2,1,-1,0.15,0.15,0.4,0.3,-1,-1,0.007271,0.333673
2,1,-1,0.2,0.2,0.4,0.3,-1,-1,0.007322,0.322449
2,1,-1,0.25,0.25,0.4,0.3,-1,-1,0.007373,0.316326
2,1,-1,0.3,0.3,0.4,0.3,-1,-1,0.007398,0.312245
2,1,-1,0.35,0.35,0.4,0.3,-1,-1,0.007424,0.307143
2,1,-1,0.4,0.4,0.4,0.3,-1,-1,0.007449,0.303061
2,1,-1,0.45,0.45,0.4,0.3,-1,-1,0.007526,0.3
2,1,-1,0.5,0.5,0.4,0.3,-1,-1,0.007628,0.298979
2,1,-1,0.55,0.55,0.4,0.3,-1,-1,0.007704,0.296939
2,1,-1,0.6,0.6,0.4,0.3,-1,-1,0.007857,0.296939
2,1,-1,0.65,0.65,0.4,0.3,-1,-1,0.007908,0.296939
2,1,-1,0.7,0.7,0.4,0.3,-1,-1,0.007985,0.295918
2,1,-1,0.75,0.75,0.4,0.3,-1,-1,0.008036,0.293877
2,1,-1,0.8,0.8,0.4,0.3,-1,-1,0.008112,0.293877
2,1,-1,0.85,0.85,0.4,0.3,-1,-1,0.008189,0.292857
2,1,-1,0.9,0.9,0.4,0.3,-1,-1,0.008393,0.292857
2,1,-1,0.95,0.95,0.4,0.3,-1,-1,0.008673,0.292857
2,1,-1,1.0,1.0,0.4,0.3,-1,-1,0.010714,0.292857
2,1,-1,0.05,0.05,0.45,0.3,-1,-1,0.007143,0.344796
2,1,-1,0.1,0.1,0.45,0.3,-1,-1,0.00722,0.317245
2,1,-1,0.15,0.15,0.45,0.3,-1,-1,0.007271,0.297959
2,1,-1,0.2,0.2,0.45,0.3,-1,-1,0.007322,0.282806
2,1,-1,0.25,0.25,0.45,0.3,-1,-1,0.007373,0.274541
2,1,-1,0.3,0.3,0.45,0.3,-1,-1,0.007398,0.26903
2,1,-1,0.35,0.35,0.45,0.3,-1,-1,0.007424,0.262143
2,1,-1,0.4,0.4,0.45,0.3,-1,-1,0.007449,0.256633
2,1,-1,0.45,0.45,0.45,0.3,-1,-1,0.007526,0.2525
2,1,-1,0.5,0.5,0.45,0.3,-1,-1,0.007628,0.251122
2,1,-1,0.55,0.55,0.45,0.3,-1,-1,0.007704,0.248367
2,1,-1,0.6,0.6,0.45,0.3,-1,-1,0.007857,0.248367
2,1,-1,0.65,0.65,0.45,0.3,-1,-1,0.007908,0.248367
2,1,-1,0.7,0.7,0.45,0.3,-1,-1,0.007985,0.24699
2,1,-1,0.75,0.75,0.45,0.3,-1,-1,0.008036,0.244235
2,1,-1,0.8,0.8,0.45,0.3,-1,-1,0.008112,0.244235
2,1,-1,0.85,0.85,0.45,0.3,-1,-1,0.008189,0.242857
2,1,-1,0.9,0.9,0.45,0.3,-1,-1,0.008393,0.242857
2,1,-1,0.95,0.95,0.45,0.3,-1,-1,0.008673,0.242857
2,1,-1,1.0,1.0,0.45,0.3,-1,-1,0.010714,0.242857
2,1,-1,0.05,0.05,0.5,0.3,-1,-1,0.007143,0.314489
2,1,-1,0.1,0.1,0.5,0.3,-1,-1,0.007258,0.277755
2,1,-1,0.15,0.15,0.5,0.3,-1,-1,0.007334,0.25204
2,1,-1,0.2,0.2,0.5,0.3,-1,-1,0.007411,0.231836
2,1,-1,0.25,0.25,0.5,0.3,-1,-1,0.007487,0.220816
2,1,-1,0.3,0.3,0.5,0.3,-1,-1,0.007526,0.213469
2,1,-1,0.35,0.35,0.5,0.3,-1,-1,0.007564,0.204285
2,1,-1,0.4,0.4,0.5,0.3,-1,-1,0.007602,0.196938
2,1,-1,0.45,0.45,0.5,0.3,-1,-1,0.007717,0.191428
2,1,-1,0.5,0.5,0.5,0.3,-1,-1,0.00787,0.189591
2,1,-1,0.55,0.55,0.5,0.3,-1,-1,0.007985,0.185918
2,1,-1,0.6,0.6,0.5,0.3,-1,-1,0.008214,0.185918
2,1,-1,0.65,0.65,0.5,0.3,-1,-1,0.008291,0.185918
2,1,-1,0.7,0.7,0.5,0.3,-1,-1,0.008406,0.184081
2,1,-1,0.75,0.75,0.5,0.3,-1,-1,0.008482,0.180408
2,1,-1,0.8,0.8,0.5,0.3,-1,-1,0.008597,0.180408
2,1,-1,0.85,0.85,0.5,0.3,-1,-1,0.008712,0.178571
2,1,-1,0.9,0.9,0.5,0.3,-1,-1,0.009018,0.178571
2,1,-1,0.95,0.95,0.5,0.3,-1,-1,0.009439,0.178571
2,1,-1,1.0,1.0,0.5,0.3,-1,-1,0.0125,0.178571
2,1,-1,0.05,0.05,0.55,0.3,-1,-1,0.007143,0.294285
2,1,-1,0.1,0.1,0.55,0.3,-1,-1,0.007373,0.251428
2,1,-1,0.15,0.15,0.55,0.3,-1,-1,0.007526,0.221428
2,1,-1,0.2,0.2,0.55,0.3,-1,-1,0.007679,0.197857
2,1,-1,0.25,0.25,0.55,0.3,-1,-1,0.007832,0.185
2,1,-1,0.3,0.3,0.55,0.3,-1,-1,0.007908,0.176428
2,1,-1,0.35,0.35,0.55,0.3,-1,-1,0.007985,0.165714
2,1,-1,0.4,0.4,0.55,0.3,-1,-1,0.008061,0.157143
2,1,-1,0.45,0.45,0.55,0.3,-1,-1,0.008291,0.150714
2,1,-1,0.5,0.5,0.55,0.3,-1,-1,0.008597,0.148571
2,1,-1,0.55,0.55,0.55,0.3,-1,-1,0.008827,0.144285
2,1,-1,0.6,0.6,0.55,0.3,-1,-1,0.009286,0.144285
2,1,-1,0.65,0.65,0.55,0.3,-1,-1,0.009439,0.144285
2,1,-1,0.7,0.7,0.55,0.3,-1,-1,0.009668,0.142143
2,1,-1,0.75,0.75,0.55,0.3,-1,-1,0.009822,0.137857
2,1,-1,0.8,0.8,0.55,0.3,-1,-1,0.010051,0.137857
2,1,-1,0.85,0.85,0.55,0.3,-1,-1,0.010281,0.135714
2,1,-1,0.9,0.9,0.55,0.3,-1,-1,0.010893,0.135714
2,1,-1,0.95,0.95,0.55,0.3,-1,-1,0.011735,0.135714
2,1,-1,1.0,1.0,0.55,0.3,-1,-1,0.017857,0.135714
2,1,-1,0.05,0.05,0.6,0.3,-1,-1,0.007143,0.290918
2,1,-1,0.1,0.1,0.6,0.3,-1,-1,0.007526,0.24704
2,1,-1,0.15,0.15,0.6,0.3,-1,-1,0.007781,0.216326
2,1,-1,0.2,0.2,0.6,0.3,-1,-1,0.008036,0.192194
2,1,-1,0.25,0.25,0.6,0.3,-1,-1,0.008291,0.17903
2,1,-1,0.3,0.3,0.6,0.3,-1,-1,0.008419,0.170255
2,1,-1,0.35,0.35,0.6,0.3,-1,-1,0.008546,0.159285
2,1,-1,0.4,0.4,0.6,0.3,-1,-1,0.008674,0.15051
2,1,-1,0.45,0.45,0.6,0.3,-1,-1,0.009056,0.143928
2,1,-1,0.5,0.5,0.6,0.3,-1,-1,0.009566,0.141734
2,1,-1,0.55,0.55,0.6,0.3,-1,-1,0.009949,0.137346
2,1,-1,0.6,0.6,0.6,0.3,-1,-1,0.010714,0.137346
2,1,-1,0.65,0.65,0.6,0.3,-1,-1,0.01097,0.137346
2,1,-1,0.7,0.7,0.6,0.3,-1,-1,0.011352,0.135153
2,1,-1,0.75,0.75,0.6,0.3,-1,-1,0.011607,0.130765
2,1,-1,0.8,0.8,0.6,0.3,-1,-1,0.01199,0.130765
2,1,-1,0.85,0.85,0.6,0.3,-1,-1,0.012373,0.128571
2,1,-1,0.9,0.9,0.6,0.3,-1,-1,0.013393,0.128571
2,1,-1,0.95,0.95,0.6,0.3,-1,-1,0.014796,0.128571
2,1,-1,1.0,1.0,0.6,0.3,-1,-1,0.025,0.128571
2,1,-1,0.05,0.05,0.65,0.3,-1,-1,0.007143,0.277449
2,1,-1,0.1,0.1,0.65,0.3,-1,-1,0.00764,0.22949
2,1,-1,0.15,0.15,0.65,0.3,-1,-1,0.007972,0.195918
2,1,-1,0.2,0.2,0.65,0.3,-1,-1,0.008304,0.169541
2,1,-1,0.25,0.25,0.65,0.3,-1,-1,0.008635,0.155153
2,1,-1,0.3,0.3,0.65,0.3,-1,-1,0.008801,0.145561
2,1,-1,0.35,0.35,0.65,0.3,-1,-1,0.008967,0.133571
2,1,-1,0.4,0.4,0.65,0.3,-1,-1,0.009133,0.12398
2,1,-1,0.45,0.45,0.65,0.3,-1,-1,0.00963,0.116786
2,1,-1,0.5,0.5,0.65,0.3,-1,-1,0.010293,0.114388
2,1,-1,0.55,0.55,0.65,0.3,-1,-1,0.010791,0.109592
2,1,-1,0.6,0.6,0.65,0.3,-1,-1,0.011786,0.109592
2,1,-1,0.65,0.65,0.65,0.3,-1,-1,0.012117,0.109592
2,1,-1,0.7,0.7,0.65,0.3,-1,-1,0.012615,0.107194
2,1,-1,0.75,0.75,0.65,0.3,-1,-1,0.012946,0.102398
2,1,-1,0.8,0.8,0.65,0.3,-1,-1,0.013444,0.102398
2,1,-1,0.85,0.85,0.65,0.3,-1,-1,0.013941,0.1
2,1,-1,0.9,0.9,0.65,0.3,-1,-1,0.015268,0.1
2,1,-1,0.95,0.95,0.65,0.3,-1,-1,0.017092,0.1
2,1,-1,1.0,1.0,0.65,0.3,-1,-1,0.030357,0.1
2,1,-1,0.05,0.05,0.7,0.3,-1,-1,0.007143,0.270714
2,1,-1,0.1,0.1,0.7,0.3,-1,-1,0.007755,0.220714
2,1,-1,0.15,0.15,0.7,0.3,-1,-1,0.008163,0.185714
2,1,-1,0.2,0.2,0.7,0.3,-1,-1,0.008572,0.158214
2,1,-1,0.25,0.25,0.7,0.3,-1,-1,0.00898,0.143214
2,1,-1,0.3,0.3,0.7,0.3,-1,-1,0.009184,0.133214
2,1,-1,0.35,0.35,0.7,0.3,-1,-1,0.009388,0.120714
2,1,-1,0.4,0.4,0.7,0.3,-1,-1,0.009592,0.110714
2,1,-1,0.45,0.45,0.7,0.3,-1,-1,0.010204,0.103214
2,1,-1,0.5,0.5,0.7,0.3,-1,-1,0.01102,0.100714
2,1,-1,0.55,0.55,0.7,0.3,-1,-1,0.011633,0.095714
2,1,-1,0.6,0.6,0.7,0.3,-1,-1,0.012857,0.095714
2,1,-1,0.65,0.65,0.7,0.3,-1,-1,0.013265,0.095714
2,1,-1,0.7,0.7,0.7,0.3,-1,-1,0.013878,0.093214
2,1,-1,0.75,0.75,0.7,0.3,-1,-1,0.014286,0.088214
2,1,-1,0.8,0.8,0.7,0.3,-1,-1,0.014898,0.088214
2,1,-1,0.85,0.85,0.7,0.3,-1,-1,0.01551,0.085714
2,1,-1,0.9,0.9,0.7,0.3,-1,-1,0.017143,0.085714
2,1,-1,0.95,0.95,0.7,0.3,-1,-1,0.019388,0.085714
2,1,-1,1.0,1.0,0.7,0.3,-1,-1,0.035714,0.085714
2,1,-1,0.05,0.05,0.75,0.3,-1,-1,0.007143,0.260612
2,1,-1,0.1,0.1,0.75,0.3,-1,-1,0.007947,0.207551
2,1,-1,0.15,0.15,0.75,0.3,-1,-1,0.008482,0.170408
2,1,-1,0.2,0.2,0.75,0.3,-1,-1,0.009018,0.141225
2,1,-1,0.25,0.25,0.75,0.3,-1,-1,0.009554,0.125306
2,1,-1,0.3,0.3,0.75,0.3,-1,-1,0.009822,0.114694
2,1,-1,0.35,0.35,0.75,0.3,-1,-1,0.010089,0.101429
2,1,-1,0.4,0.4,0.75,0.3,-1,-1,0.010357,0.090817
2,1,-1,0.45,0.45,0.75,0.3,-1,-1,0.011161,0.082857
2,1,-1,0.5,0.5,0.75,0.3,-1,-1,0.012232,0.080204
2,1,-1,0.55,0.55,0.75,0.3,-1,-1,0.013036,0.074898
2,1,-1,0.6,0.6,0.75,0.3,-1,-1,0.014643,0.074898
2,1,-1,0.65,0.65,0.75,0.3,-1,-1,0.015179,0.074898
2,1,-1,0.7,0.7,0.75,0.3,-1,-1,0.015982,0.072245
2,1,-1,0.75,0.75,0.75,0.3,-1,-1,0.016518,0.066939
2,1,-1,0.8,0.8,0.75,0.3,-1,-1,0.017322,0.066939
2,1,-1,0.85,0.85,0.75,0.3,-1,-1,0.018125,0.064286
2,1,-1,0.9,0.9,0.75,0.3,-1,-1,0.020268,0.064286
2,1,-1,0.95,0.95,0.75,0.3,-1,-1,0.023214,0.064286
2,1,-1,1.0,1.0,0.75,0.3,-1,-1,0.044643,0.064286
2,1,-1,0.05,0.05,0.8,0.3,-1,-1,0.007143,0.253877
2,1,-1,0.1,0.1,0.8,0.3,-1,-1,0.008176,0.198775
2,1,-1,0.15,0.15,0.8,0.3,-1,-1,0.008865,0.160204
2,1,-1,0.2,0.2,0.8,0.3,-1,-1,0.009554,0.129898
2,1,-1,0.25,0.25,0.8,0.3,-1,-1,0.010242,0.113367
2,1,-1,0.3,0.3,0.8,0.3,-1,-1,0.010587,0.102347
2,1,-1,0.35,0.35,0.8,0.3,-1,-1,0.010931,0.088571
2,1,-1,0.4,0.4,0.8,0.3,-1,-1,0.011276,0.077551
2,1,-1,0.45,0.45,0.8,0.3,-1,-1,0.012309,0.069286
2,1,-1,0.5,0.5,0.8,0.3,-1,-1,0.013686,0.066531
2,1,-1,0.55,0.55,0.8,0.3,-1,-1,0.014719,0.06102
2,1,-1,0.6,0.6,0.8,0.3,-1,-1,0.016786,0.06102
2,1,-1,0.65,0.65,0.8,0.3,-1,-1,0.017475,0.06102
2,1,-1,0.7,0.7,0.8,0.3,-1,-1,0.018508,0.058265
2,1,-1,0.75,0.75,0.8,0.3,-1,-1,0.019197,0.052755
2,1,-1,0.8,0.8,0.8,0.3,-1,-1,0.02023,0.052755
2,1,-1,0.85,0.85,0.8,0.3,-1,-1,0.021263,0.05
2,1,-1,0.9,0.9,0.8,0.3,-1,-1,0.024018,0.05
2,1,-1,0.95,0.95,0.8,0.3,-1,-1,0.027806,0.05
2,1,-1,1.0,1.0,0.8,0.3,-1,-1,0.055357,0.05
2,1,-1,0.05,0.05,0.85,0.3,-1,-1,0.007143,0.25051
2,1,-1,0.1,0.1,0.85,0.3,-1,-1,0.008521,0.194387
2,1,-1,0.15,0.15,0.85,0.3,-1,-1,0.009439,0.155102
2,1,-1,0.2,0.2,0.85,0.3,-1,-1,0.010357,0.124235
2,1,-1,0.25,0.25,0.85,0.3,-1,-1,0.011276,0.107398
2,1,-1,0.3,0.3,0.85,0.3,-1,-1,0.011735,0.096173
2,1,-1,0.35,0.35,0.85,0.3,-1,-1,0.012194,0.082143
2,1,-1,0.4,0.4,0.85,0.3,-1,-1,0.012653,0.070918
2,1,-1,0.45,0.45,0.85,0.3,-1,-1,0.014031,0.0625
2,1,-1,0.5,0.5,0.85,0.3,-1,-1,0.015868,0.059694
2,1,-1,0.55,0.55,0.85,0.3,-1,-1,0.017245,0.054081
2,1,-1,0.6,0.6,0.85,0.3,-1,-1,0.02,0.054081
2,1,-1,0.65,0.65,0.85,0.3,-1,-1,0.020919,0.054081
2,1,-1,0.7,0.7,0.85,0.3,-1,-1,0.022296,0.051276
2,1,-1,0.75,0.75,0.85,0.3,-1,-1,0.023215,0.045663
2,1,-1,0.8,0.8,0.85,0.3,-1,-1,0.024592,0.045663
2,1,-1,0.85,0.85,0.85,0.3,-1,-1,0.02597,0.042857
2,1,-1,0.9,0.9,0.85,0.3,-1,-1,0.029643,0.042857
2,1,-1,0.95,0.95,0.85,0.3,-1,-1,0.034694,0.042857
2,1,-1,1.0,1.0,0.85,0.3,-1,-1,0.071429,0.042857
2,1,-1,0.05,0.05,0.9,0.3,-1,-1,0.007143,0.237041
2,1,-1,0.1,0.1,0.9,0.3,-1,-1,0.009018,0.176837
2,1,-1,0.15,0.15,0.9,0.3,-1,-1,0.010268,0.134694
2,1,-1,0.2,0.2,0.9,0.3,-1,-1,0.011518,0.101582
2,1,-1,0.25,0.25,0.9,0.3,-1,-1,0.012768,0.083521
2,1,-1,0.3,0.3,0.9,0.3,-1,-1,0.013393,0.07148
2,1,-1,0.35,0.35,0.9,0.3,-1,-1,0.014018,0.056429
2,1,-1,0.4,0.4,0.9,0.3,-1,-1,0.014643,0.044388
2,1,-1,0.45,0.45,0.9,0.3,-1,-1,0.016518,0.035357
2,1,-1,0.5,0.5,0.9,0.3,-1,-1,0.019018,0.032347
2,1,-1,0.55,0.55,0.9,0.3,-1,-1,0.020893,0.026327
2,1,-1,0.6,0.6,0.9,0.3,-1,-1,0.024643,0.026327
2,1,-1,0.65,0.65,0.9,0.3,-1,-1,0.025893,0.026327
2,1,-1,0.7,0.7,0.9,0.3,-1,-1,0.027768,0.023317
2,1,-1,0.75,0.75,0.9,0.3,-1,-1,0.029018,0.017296
2,1,-1,0.8,0.8,0.9,0.3,-1,-1,0.030893,0.017296
2,1,-1,0.85,0.85,0.9,0.3,-1,-1,0.032768,0.014286
2,1,-1,0.9,0.9,0.9,0.3,-1,-1,0.037768,0.014286
2,1,-1,0.95,0.95,0.9,0.3,-1,-1,0.044643,0.014286
2,1,-1,1.0,1.0,0.9,0.3,-1,-1,0.094643,0.014286
2,1,-1,0.05,0.05,0.95,0.3,-1,-1,0.007143,0.233673
2,1,-1,0.1,0.1,0.95,0.3,-1,-1,0.010281,0.172449
2,1,-1,0.15,0.15,0.95,0.3,-1,-1,0.012373,0.129592
2,1,-1,0.2,0.2,0.95,0.3,-1,-1,0.014464,0.095918
2,1,-1,0.25,0.25,0.95,0.3,-1,-1,0.016556,0.077551
2,1,-1,0.3,0.3,0.95,0.3,-1,-1,0.017602,0.065306
2,1,-1,0.35,0.35,0.95,0.3,-1,-1,0.018648,0.05
2,1,-1,0.4,0.4,0.95,0.3,-1,-1,0.019694,0.037755
2,1,-1,0.45,0.45,0.95,0.3,-1,-1,0.022832,0.028572
2,1,-1,0.5,0.5,0.95,0.3,-1,-1,0.027015,0.02551
2,1,-1,0.55,0.55,0.95,0.3,-1,-1,0.030153,0.019388
2,1,-1,0.6,0.6,0.95,0.3,-1,-1,0.036429,0.019388
2,1,-1,0.65,0.65,0.95,0.3,-1,-1,0.03852,0.019388
2,1,-1,0.7,0.7,0.95,0.3,-1,-1,0.041658,0.016327
2,1,-1,0.75,0.75,0.95,0.3,-1,-1,0.04375,0.010204
2,1,-1,0.8,0.8,0.95,0.3,-1,-1,0.046888,0.010204
2,1,-1,0.85,0.85,0.95,0.3,-1,-1,0.050025,0.007143
2,1,-1,0.9,0.9,0.95,0.3,-1,-1,0.058393,0.007143
2,1,-1,0.95,0.95,0.95,0.3,-1,-1,0.069898,0.007143
2,1,-1,1.0,1.0,0.95,0.3,-1,-1,0.153571,0.007143
2,1,-1,0.05,0.05,1.0,0.3,-1,-1,0.007143,0.230306
2,1,-1,0.1,0.1,1.0,0.3,-1,-1,0.028419,0.168061
2,1,-1,0.15,0.15,1.0,0.3,-1,-1,0.042602,0.12449
2,1,-1,0.2,0.2,1.0,0.3,-1,-1,0.056786,0.090255
2,1,-1,0.25,0.25,1.0,0.3,-1,-1,0.07097,0.071582
2,1,-1,0.3,0.3,1.0,0.3,-1,-1,0.078062,0.059132
2,1,-1,0.35,0.35,1.0,0.3,-1,-1,0.085153,0.043571
2,1,-1,0.4,0.4,1.0,0.3,-1,-1,0.092245,0.031123
2,1,-1,0.45,0.45,1.0,0.3,-1,-1,0.113521,0.021786
2,1,-1,0.5,0.5,1.0,0.3,-1,-1,0.141888,0.018673
2,1,-1,0.55,0.55,1.0,0.3,-1,-1,0.163164,0.012449
2,1,-1,0.6,0.6,1.0,0.3,-1,-1,0.205714,0.012449
2,1,-1,0.65,0.65,1.0,0.3,-1,-1,0.219898,0.012449
2,1,-1,0.7,0.7,1.0,0.3,-1,-1,0.241173,0.009337
2,1,-1,0.75,0.75,1.0,0.3,-1,-1,0.255357,0.003112
2,1,-1,0.8,0.8,1.0,0.3,-1,-1,0.276633,0.003112
2,1,-1,0.85,0.85,1.0,0.3,-1,-1,0.297908,0.0
2,1,-1,0.9,0.9,1.0,0.3,-1,-1,0.354643,0.0
2,1,-1,0.95,0.95,1.0,0.3,-1,-1,0.432653,0.0
2,1,-1,1.0,1.0,1.0,0.3,-1,-1,1.0,0.0
2,1,-1,0.05,0.05,0.35,0.35,-1,-1,0.007143,0.385714
2,1,-1,0.1,0.1,0.35,0.35,-1,-1,0.007143,0.385714
2,1,-1,0.15,0.15,0.35,0.35,-1,-1,0.007143,0.385714
2,1,-1,0.2,0.2,0.35,0.35,-1,-1,0.007143,0.385714
2,1,-1,0.25,0.25,0.35,0.35,-1,-1,0.007143,0.385714
2,1,-1,0.3,0.3,0.35,0.35,-1,-1,0.007143,0.385714
2,1,-1,0.35,0.35,0.35,0.35,-1,-1,0.007143,0.385714
2,1,-1,0.4,0.4,0.35,0.35,-1,-1,0.007143,0.385714
2,1,-1,0.45,0.45,0.35,0.35,-1,-1,0.007143,0.385714
2,1,-1,0.5,0.5,0.35,0.35,-1,-1,0.007143,0.385714
2,1,-1,0.55,0.55,0.35,0.35,-1,-1,0.007143,0.385714
2,1,-1,0.6,0.6,0.35,0.35,-1,-1,0.007143,0.385714
2,1,-1,0.65,0.65,0.35,0.35,-1,-1,0.007143,0.385714
2,1,-1,0.7,0.7,0.35,0.35,-1,-1,0.007143,0.385714
2,1,-1,0.75,0.75,0.35,0.35,-1,-1,0.007143,0.385714
2,1,-1,0.8,0.8,0.35,0.35,-1,-1,0.007143,0.385714
2,1,-1,0.85,0.85,0.35,0.35,-1,-1,0.007143,0.385714
2,1,-1,0.9,0.9,0.35,0.35,-1,-1,0.007143,0.385714
2,1,-1,0.95,0.95,0.35,0.35,-1,-1,0.007143,0.385714
2,1,-1,1.0,1.0,0.35,0.35,-1,-1,0.007143,0.385714
2,1,-1,0.05,0.05,0.4,0.35,-1,-1,0.007143,0.341939
2,1,-1,0.1,0.1,0.4,0.35,-1,-1,0.00722,0.328673
2,1,-1,0.15,0.15,0.4,0.35,-1,-1,0.007271,0.319388
2,1,-1,0.2,0.2,0.4,0.35,-1,-1,0.007322,0.312092
2,1,-1,0.25,0.25,0.4,0.35,-1,-1,0.007373,0.308112
2,1,-1,0.3,0.3,0.4,0.35,-1,-1,0.007398,0.305459
2,1,-1,0.35,0.35,0.4,0.35,-1,-1,0.007424,0.302143
2,1,-1,0.4,0.4,0.4,0.35,-1,-1,0.007449,0.29949
2,1,-1,0.45,0.45,0.4,0.35,-1,-1,0.007526,0.2975
2,1,-1,0.5,0.5,0.4,0.35,-1,-1,0.007628,0.296837
2,1,-1,0.55,0.55,0.4,0.35,-1,-1,0.007704,0.29551
2,1,-1,0.6,0.6,0.4,0.35,-1,-1,0.007857,0.29551
2,1,-1,0.65,0.65,0.4,0.35,-1,-1,0.007908,0.29551
2,1,-1,0.7,0.7,0.4,0.35,-1,-1,0.007985,0.294847
2,1,-1,0.75,0.75,0.4,0.35,-1,-1,0.008036,0.29352
2,1,-1,0.8,0.8,0.4,0.35,-1,-1,0.008112,0.29352
2,1,-1,0.85,0.85,0.4,0.35,-1,-1,0.008189,0.292857
2,1,-1,0.9,0.9,0.4,0.35,-1,-1,0.008393,0.292857
2,1,-1,0.95,0.95,0.4,0.35,-1,-1,0.008673,0.292857
2,1,-1,1.0,1.0,0.4,0.35,-1,-1,0.010714,0.292857
2,1,-1,0.05,0.05,0.45,0.35,-1,-1,0.007143,0.318367
2,1,-1,0.1,0.1,0.45,0.35,-1,-1,0.00722,0.297959
2,1,-1,0.15,0.15,0.45,0.35,-1,-1,0.007271,0.283673
2,1,-1,0.2,0.2,0.45,0.35,-1,-1,0.007322,0.272449
2,1,-1,0.25,0.25,0.45,0.35,-1,-1,0.007373,0.266326
2,1,-1,0.3,0.3,0.45,0.35,-1,-1,0.007398,0.262245
2,1,-1,0.35,0.35,0.45,0.35,-1,-1,0.007424,0.257143
2,1,-1,0.4,0.4,0.45,0.35,-1,-1,0.007449,0.253061
2,1,-1,0.45,0.45,0.45,0.35,-1,-1,0.007526,0.25
2,1,-1,0.5,0.5,0.45,0.35,-1,-1,0.007628,0.248979
2,1,-1,0.55,0.55,0.45,0.35,-1,-1,0.007704,0.246939
2,1,-1,0.6,0.6,0.45,0.35,-1,-1,0.007857,0.246939
2,1,-1,0.65,0.65,0.45,0.35,-1,-1,0.007908,0.246939
2,1,-1,0.7,0.7,0.45,0.35,-1,-1,0.007985,0.245918
2,1,-1,0.75,0.75,0.45,0.35,-1,-1,0.008036,0.243877
2,1,-1,0.8,0.8,0.45,0.35,-1,-1,0.008112,0.243877
2,1,-1,0.85,0.85,0.45,0.35,-1,-1,0.008189,0.242857
2,1,-1,0.9,0.9,0.45,0.35,-1,-1,0.008393,0.242857
2,1,-1,0.95,0.95,0.45,0.35,-1,-1,0.008673,0.242857
2,1,-1,1.0,1.0,0.45,0.35,-1,-1,0.010714,0.242857
2,1,-1,0.05,0.05,0.5,0.35,-1,-1,0.007143,0.288061
2,1,-1,0.1,0.1,0.5,0.35,-1,-1,0.007258,0.258469
2,1,-1,0.15,0.15,0.5,0.35,-1,-1,0.007334,0.237755
2,1,-1,0.2,0.2,0.5,0.35,-1,-1,0.007411,0.221479
2,1,-1,0.25,0.25,0.5,0.35,-1,-1,0.007487,0.212602
2,1,-1,0.3,0.3,0.5,0.35,-1,-1,0.007526,0.206683
2,1,-1,0.35,0.35,0.5,0.35,-1,-1,0.007564,0.199285
2,1,-1,0.4,0.4,0.5,0.35,-1,-1,0.007602,0.193367
2,1,-1,0.45,0.45,0.5,0.35,-1,-1,0.007717,0.188928
2,1,-1,0.5,0.5,0.5,0.35,-1,-1,0.00787,0.187449
2,1,-1,0.55,0.55,0.5,0.35,-1,-1,0.007985,0.184489
2,1,-1,0.6,0.6,0.5,0.35,-1,-1,0.008214,0.184489
2,1,-1,0.65,0.65,0.5,0.35,-1,-1,0.008291,0.184489
2,1,-1,0.7,0.7,0.5,0.35,-1,-1,0.008406,0.18301
2,1,-1,0.75,0.75,0.5,0.35,-1,-1,0.008482,0.180051
2,1,-1,0.8,0.8,0.5,0.35,-1,-1,0.008597,0.180051
2,1,-1,0.85,0.85,0.5,0.35,-1,-1,0.008712,0.178571
2,1,-1,0.9,0.9,0.5,0.35,-1,-1,0.009018,0.178571
2,1,-1,0.95,0.95,0.5,0.35,-1,-1,0.009439,0.178571
2,1,-1,1.0,1.0,0.5,0.35,-1,-1,0.0125,0.178571
2,1,-1,0.05,0.05,0.55,0.35,-1,-1,0.007143,0.267857
2,1,-1,0.1,0.1,0.55,0.35,-1,-1,0.007373,0.232143
2,1,-1,0.15,0.15,0.55,0.35,-1,-1,0.007526,0.207143
2,1,-1,0.2,0.2,0.55,0.35,-1,-1,0.007679,0.1875
2,1,-1,0.25,0.25,0.55,0.35,-1,-1,0.007832,0.176785
2,1,-1,0.3,0.3,0.55,0.35,-1,-1,0.007908,0.169643
2,1,-1,0.35,0.35,0.55,0.35,-1,-1,0.007985,0.160714
2,1,-1,0.4,0.4,0.55,0.35,-1,-1,0.008061,0.153571
2,1,-1,0.45,0.45,0.55,0.35,-1,-1,0.008291,0.148214
2,1,-1,0.5,0.5,0.55,0.35,-1,-1,0.008597,0.146428
2,1,-1,0.55,0.55,0.55,0.35,-1,-1,0.008827,0.142857
2,1,-1,0.6,0.6,0.55,0.35,-1,-1,0.009286,0.142857
2,1,-1,0.65,0.65,0.55,0.35,-1,-1,0.009439,0.142857
2,1,-1,0.7,0.7,0.55,0.35,-1,-1,0.009668,0.141071
2,1,-1,0.75,0.75,0.55,0.35,-1,-1,0.009822,0.1375
2,1,-1,0.8,0.8,0.55,0.35,-1,-1,0.010051,0.1375
2,1,-1,0.85,0.85,0.55,0.35,-1,-1,0.010281,0.135714
2,1,-1,0.9,0.9,0.55,0.35,-1,-1,0.010893,0.135714
2,1,-1,0.95,0.95,0.55,0.35,-1,-1,0.011735,0.135714
2,1,-1,1.0,1.0,0.55,0.35,-1,-1,0.017857,0.135714
2,1,-1,0.05,0.05,0.6,0.35,-1,-1,0.007143,0.264489
2,1,-1,0.1,0.1,0.6,0.35,-1,-1,0.007526,0.227755
2,1,-1,0.15,0.15,0.6,0.35,-1,-1,0.007781,0.20204
2,1,-1,0.2,0.2,0.6,0.35,-1,-1,0.008036,0.181836
2,1,-1,0.25,0.25,0.6,0.35,-1,-1,0.008291,0.170816
2,1,-1,0.3,0.3,0.6,0.35,-1,-1,0.008419,0.163469
2,1,-1,0.35,0.35,0.6,0.35,-1,-1,0.008546,0.154285
2,1,-1,0.4,0.4,0.6,0.35,-1,-1,0.008674,0.146938
2,1,-1,0.45,0.45,0.6,0.35,-1,-1,0.009056,0.141428
2,1,-1,0.5,0.5,0.6,0.35,-1,-1,0.009566,0.139591
2,1,-1,0.55,0.55,0.6,0.35,-1,-1,0.009949,0.135918
2,1,-1,0.6,0.6,0.6,0.35,-1,-1,0.010714,0.135918
2,1,-1,0.65,0.65,0.6,0.35,-1,-1,0.01097,0.135918
2,1,-1,0.7,0.7,0.6,0.35,-1,-1,0.011352,0.134081
2,1,-1,0.75,0.75,0.6,0.35,-1,-1,0.011607,0.130408
2,1,-1,0.8,0.8,0.6,0.35,-1,-1,0.01199,0.130408
2,1,-1,0.85,0.85,0.6,0.35,-1,-1,0.012373,0.128571
2,1,-1,0.9,0.9,0.6,0.35,-1,-1,0.013393,0.128571
2,1,-1,0.95,0.95,0.6,0.35,-1,-1,0.014796,0.128571
2,1,-1,1.0,1.0,0.6,0.35,-1,-1,0.025,0.128571
2,1,-1,0.05,0.05,0.65,0.35,-1,-1,0.007143,0.25102
2,1,-1,0.1,0.1,0.65,0.35,-1,-1,0.00764,0.210204
2,1,-1,0.15,0.15,0.65,0.35,-1,-1,0.007972,0.181632
2,1,-1,0.2,0.2,0.65,0.35,-1,-1,0.008304,0.159184
2,1,-1,0.25,0.25,0.65,0.35,-1,-1,0.008635,0.146939
2,1,-1,0.3,0.3,0.65,0.35,-1,-1,0.008801,0.138775
2,1,-1,0.35,0.35,0.65,0.35,-1,-1,0.008967,0.128571
2,1,-1,0.4,0.4,0.65,0.35,-1,-1,0.009133,0.120408
2,1,-1,0.45,0.45,0.65,0.35,-1,-1,0.00963,0.114286
2,1,-1,0.5,0.5,0.65,0.35,-1,-1,0.010293,0.112245
2,1,-1,0.55,0.55,0.65,0.35,-1,-1,0.010791,0.108163
2,1,-1,0.6,0.6,0.65,0.35,-1,-1,0.011786,0.108163
2,1,-1,0.65,0.65,0.65,0.35,-1,-1,0.012117,0.108163
2,1,-1,0.7,0.7,0.65,0.35,-1,-1,0.012615,0.106123
2,1,-1,0.75,0.75,0.65,0.35,-1,-1,0.012946,0.102041
2,1,-1,0.8,0.8,0.65,0.35,-1,-1,0.013444,0.102041
2,1,-1,0.85,0.85,0.65,0.35,-1,-1,0.013941,0.1
2,1,-1,0.9,0.9,0.65,0.35,-1,-1,0.015268,0.1
2,1,-1,0.95,0.95,0.65,0.35,-1,-1,0.017092,0.1
2,1,-1,1.0,1.0,0.65,0.35,-1,-1,0.030357,0.1
2,1,-1,0.05,0.05,0.7,0.35,-1,-1,0.007143,0.244285
2,1,-1,0.1,0.1,0.7,0.35,-1,-1,0.007755,0.201428
2,1,-1,0.15,0.15,0.7,0.35,-1,-1,0.008163,0.171428
2,1,-1,0.2,0.2,0.7,0.35,-1,-1,0.008572,0.147857
2,1,-1,0.25,0.25,0.7,0.35,-1,-1,0.00898,0.135
2,1,-1,0.3,0.3,0.7,0.35,-1,-1,0.009184,0.126428
2,1,-1,0.35,0.35,0.7,0.35,-1,-1,0.009388,0.115714
2,1,-1,0.4,0.4,0.7,0.35,-1,-1,0.009592,0.107143
2,1,-1,0.45,0.45,0.7,0.35,-1,-1,0.010204,0.100714
2,1,-1,0.5,0.5,0.7,0.35,-1,-1,0.01102,0.098571
2,1,-1,0.55,0.55,0.7,0.35,-1,-1,0.011633,0.094285
2,1,-1,0.6,0.6,0.7,0.35,-1,-1,0.012857,0.094285
2,1,-1,0.65,0.65,0.7,0.35,-1,-1,0.013265,0.094285
2,1,-1,0.7,0.7,0.7,0.35,-1,-1,0.013878,0.092143
2,1,-1,0.75,0.75,0.7,0.35,-1,-1,0.014286,0.087857
2,1,-1,0.8,0.8,0.7,0.35,-1,-1,0.014898,0.087857
2,1,-1,0.85,0.85,0.7,0.35,-1,-1,0.01551,0.085714
2,1,-1,0.9,0.9,0.7,0.35,-1,-1,0.017143,0.085714
2,1,-1,0.95,0.95,0.7,0.35,-1,-1,0.019388,0.085714
2,1,-1,1.0,1.0,0.7,0.35,-1,-1,0.035714,0.085714
2,1,-1,0.05,0.05,0.75,0.35,-1,-1,0.007143,0.234184
2,1,-1,0.1,0.1,0.75,0.35,-1,-1,0.007947,0.188265
2,1,-1,0.15,0.15,0.75,0.35,-1,-1,0.008482,0.156122
2,1,-1,0.2,0.2,0.75,0.35,-1,-1,0.009018,0.130868
2,1,-1,0.25,0.25,0.75,0.35,-1,-1,0.009554,0.117092
2,1,-1,0.3,0.3,0.75,0.35,-1,-1,0.009822,0.107908
2,1,-1,0.35,0.35,0.75,0.35,-1,-1,0.010089,0.096429
2,1,-1,0.4,0.4,0.75,0.35,-1,-1,0.010357,0.087245
2,1,-1,0.45,0.45,0.75,0.35,-1,-1,0.011161,0.080357
2,1,-1,0.5,0.5,0.75,0.35,-1,-1,0.012232,0.078061
2,1,-1,0.55,0.55,0.75,0.35,-1,-1,0.013036,0.07347
2,1,-1,0.6,0.6,0.75,0.35,-1,-1,0.014643,0.07347
2,1,-1,0.65,0.65,0.75,0.35,-1,-1,0.015179,0.07347
2,1,-1,0.7,0.7,0.75,0.35,-1,-1,0.015982,0.071174
2,1,-1,0.75,0.75,0.75,0.35,-1,-1,0.016518,0.066582
2,1,-1,0.8,0.8,0.75,0.35,-1,-1,0.017322,0.066582
2,1,-1,0.85,0.85,0.75,0.35,-1,-1,0.018125,0.064286
2,1,-1,0.9,0.9,0.75,0.35,-1,-1,0.020268,0.064286
2,1,-1,0.95,0.95,0.75,0.35,-1,-1,0.023214,0.064286
2,1,-1,1.0,1.0,0.75,0.35,-1,-1,0.044643,0.064286
2,1,-1,0.05,0.05,0.8,0.35,-1,-1,0.007143,0.227449
2,1,-1,0.1,0.1,0.8,0.35,-1,-1,0.008176,0.17949
2,1,-1,0.15,0.15,0.8,0.35,-1,-1,0.008865,0.145918
2,1,-1,0.2,0.2,0.8,0.35,-1,-1,0.009554,0.119541
2,1,-1,0.25,0.25,0.8,0.35,-1,-1,0.010242,0.105153
2,1,-1,0.3,0.3,0.8,0.35,-1,-1,0.010587,0.095561
2,1,-1,0.35,0.35,0.8,0.35,-1,-1,0.010931,0.083571
2,1,-1,0.4,0.4,0.8,0.35,-1,-1,0.011276,0.07398
2,1,-1,0.45,0.45,0.8,0.35,-1,-1,0.012309,0.066786
2,1,-1,0.5,0.5,0.8,0.35,-1,-1,0.013686,0.064388
2,1,-1,0.55,0.55,0.8,0.35,-1,-1,0.014719,0.059592
2,1,-1,0.6,0.6,0.8,0.35,-1,-1,0.016786,0.059592
2,1,-1,0.65,0.65,0.8,0.35,-1,-1,0.017475,0.059592
2,1,-1,0.7,0.7,0.8,0.35,-1,-1,0.018508,0.057194
2,1,-1,0.75,0.75,0.8,0.35,-1,-1,0.019197,0.052398
2,1,-1,0.8,0.8,0.8,0.35,-1,-1,0.02023,0.052398
2,1,-1,0.85,0.85,0.8,0.35,-1,-1,0.021263,0.05
2,1,-1,0.9,0.9,0.8,0.35,-1,-1,0.024018,0.05
2,1,-1,0.95,0.95,0.8,0.35,-1,-1,0.027806,0.05
2,1,-1,1.0,1.0,0.8,0.35,-1,-1,0.055357,0.05
2,1,-1,0.05,0.05,0.85,0.35,-1,-1,0.007143,0.224081
2,1,-1,0.1,0.1,0.85,0.35,-1,-1,0.008521,0.175102
2,1,-1,0.15,0.15,0.85,0.35,-1,-1,0.009439,0.140816
2,1,-1,0.2,0.2,0.85,0.35,-1,-1,0.010357,0.113877
2,1,-1,0.25,0.25,0.85,0.35,-1,-1,0.011276,0.099184
2,1,-1,0.3,0.3,0.85,0.35,-1,-1,0.011735,0.089387
2,1,-1,0.35,0.35,0.85,0.35,-1,-1,0.012194,0.077143
2,1,-1,0.4,0.4,0.85,0.35,-1,-1,0.012653,0.067347
2,1,-1,0.45,0.45,0.85,0.35,-1,-1,0.014031,0.06
2,1,-1,0.5,0.5,0.85,0.35,-1,-1,0.015868,0.057551
2,1,-1,0.55,0.55,0.85,0.35,-1,-1,0.017245,0.052653
2,1,-1,0.6,0.6,0.85,0.35,-1,-1,0.02,0.052653
2,1,-1,0.65,0.65,0.85,0.35,-1,-1,0.020919,0.052653
2,1,-1,0.7,0.7,0.85,0.35,-1,-1,0.022296,0.050204
2,1,-1,0.75,0.75,0.85,0.35,-1,-1,0.023215,0.045306
2,1,-1,0.8,0.8,0.85,0.35,-1,-1,0.024592,0.045306
2,1,-1,0.85,0.85,0.85,0.35,-1,-1,0.02597,0.042857
2,1,-1,0.9,0.9,0.85,0.35,-1,-1,0.029643,0.042857
2,1,-1,0.95,0.95,0.85,0.35,-1,-1,0.034694,0.042857
2,1,-1,1.0,1.0,0.85,0.35,-1,-1,0.071429,0.042857
2,1,-1,0.05,0.05,0.9,0.35,-1,-1,0.007143,0.210612
2,1,-1,0.1,0.1,0.9,0.35,-1,-1,0.009018,0.157551
2,1,-1,0.15,0.15,0.9,0.35,-1,-1,0.010268,0.120408
2,1,-1,0.2,0.2,0.9,0.35,-1,-1,0.011518,0.091225
2,1,-1,0.25,0.25,0.9,0.35,-1,-1,0.012768,0.075306
2,1,-1,0.3,0.3,0.9,0.35,-1,-1,0.013393,0.064694
2,1,-1,0.35,0.35,0.9,0.35,-1,-1,0.014018,0.051429
2,1,-1,0.4,0.4,0.9,0.35,-1,-1,0.014643,0.040817
2,1,-1,0.45,0.45,0.9,0.35,-1,-1,0.016518,0.032857
2,1,-1,0.5,0.5,0.9,0.35,-1,-1,0.019018,0.030204
2,1,-1,0.55,0.55,0.9,0.35,-1,-1,0.020893,0.024898
2,1,-1,0.6,0.6,0.9,0.35,-1,-1,0.024643,0.024898
2,1,-1,0.65,0.65,0.9,0.35,-1,-1,0.025893,0.024898
2,1,-1,0.7,0.7,0.9,0.35,-1,-1,0.027768,0.022245
2,1,-1,0.75,0.75,0.9,0.35,-1,-1,0.029018,0.016939
2,1,-1,0.8,0.8,0.9,0.35,-1,-1,0.030893,0.016939
2,1,-1,0.85,0.85,0.9,0.35,-1,-1,0.032768,0.014286
2,1,-1,0.9,0.9,0.9,0.35,-1,-1,0.037768,0.014286
2,1,-1,0.95,0.95,0.9,0.35,-1,-1,0.044643,0.014286
2,1,-1,1.0,1.0,0.9,0.35,-1,-1,0.094643,0.014286
2,1,-1,0.05,0.05,0.95,0.35,-1,-1,0.007143,0.207245
2,1,-1,0.1,0.1,0.95,0.35,-1,-1,0.010281,0.153163
2,1,-1,0.15,0.15,0.95,0.35,-1,-1,0.012373,0.115306
2,1,-1,0.2,0.2,0.95,0.35,-1,-1,0.014464,0.085561
2,1,-1,0.25,0.25,0.95,0.35,-1,-1,0.016556,0.069337
2,1,-1,0.3,0.3,0.95,0.35,-1,-1,0.017602,0.05852
2,1,-1,0.35,0.35,0.95,0.35,-1,-1,0.018648,0.045
2,1,-1,0.4,0.4,0.95,0.35,-1,-1,0.019694,0.034184
2,1,-1,0.45,0.45,0.95,0.35,-1,-1,0.022832,0.026072
2,1,-1,0.5,0.5,0.95,0.35,-1,-1,0.027015,0.023367
2,1,-1,0.55,0.55,0.95,0.35,-1,-1,0.030153,0.017959
2,1,-1,0.6,0.6,0.95,0.35,-1,-1,0.036429,0.017959
2,1,-1,0.65,0.65,0.95,0.35,-1,-1,0.03852,0.017959
2,1,-1,0.7,0.7,0.95,0.35,-1,-1,0.041658,0.015255
2,1,-1,0.75,0.75,0.95,0.35,-1,-1,0.04375,0.009847
2,1,-1,0.8,0.8,0.95,0.35,-1,-1,0.046888,0.009847
2,1,-1,0.85,0.85,0.95,0.35,-1,-1,0.050025,0.007143
2,1,-1,0.9,0.9,0.95,0.35,-1,-1,0.058393,0.007143
2,1,-1,0.95,0.95,0.95,0.35,-1,-1,0.069898,0.007143
2,1,-1,1.0,1.0,0.95,0.35,-1,-1,0.153571,0.007143
2,1,-1,0.05,0.05,1.0,0.35,-1,-1,0.007143,0.203877
2,1,-1,0.1,0.1,1.0,0.35,-1,-1,0.028419,0.148775
2,1,-1,0.15,0.15,1.0,0.35,-1,-1,0.042602,0.110204
2,1,-1,0.2,0.2,1.0,0.35,-1,-1,0.056786,0.079898
2,1,-1,0.25,0.25,1.0,0.35,-1,-1,0.07097,0.063367
2,1,-1,0.3,0.3,1.0,0.35,-1,-1,0.078062,0.052347
2,1,-1,0.35,0.35,1.0,0.35,-1,-1,0.085153,0.038571
2,1,-1,0.4,0.4,1.0,0.35,-1,-1,0.092245,0.027551
2,1,-1,0.45,0.45,1.0,0.35,-1,-1,0.113521,0.019286
2,1,-1,0.5,0.5,1.0,0.35,-1,-1,0.141888,0.016531
2,1,-1,0.55,0.55,1.0,0.35,-1,-1,0.163164,0.01102
2,1,-1,0.6,0.6,1.0,0.35,-1,-1,0.205714,0.01102
2,1,-1,0.65,0.65,1.0,0.35,-1,-1,0.219898,0.01102
2,1,-1,0.7,0.7,1.0,0.35,-1,-1,0.241173,0.008265
2,1,-1,0.75,0.75,1.0,0.35,-1,-1,0.255357,0.002755
2,1,-1,0.8,0.8,1.0,0.35,-1,-1,0.276633,0.002755
2,1,-1,0.85,0.85,1.0,0.35,-1,-1,0.297908,0.0
2,1,-1,0.9,0.9,1.0,0.35,-1,-1,0.354643,0.0
2,1,-1,0.95,0.95,1.0,0.35,-1,-1,0.432653,0.0
2,1,-1,1.0,1.0,1.0,0.35,-1,-1,1.0,0.0
2,1,-1,0.05,0.05,0.4,0.4,-1,-1,0.010714,0.292857
2,1,-1,0.1,0.1,0.4,0.4,-1,-1,0.010714,0.292857
2,1,-1,0.15,0.15,0.4,0.4,-1,-1,0.010714,0.292857
2,1,-1,0.2,0.2,0.4,0.4,-1,-1,0.010714,0.292857
2,1,-1,0.25,0.25,0.4,0.4,-1,-1,0.010714,0.292857
2,1,-1,0.3,0.3,0.4,0.4,-1,-1,0.010714,0.292857
2,1,-1,0.35,0.35,0.4,0.4,-1,-1,0.010714,0.292857
2,1,-1,0.4,0.4,0.4,0.4,-1,-1,0.010714,0.292857
2,1,-1,0.45,0.45,0.4,0.4,-1,-1,0.010714,0.292857
2,1,-1,0.5,0.5,0.4,0.4,-1,-1,0.010714,0.292857
2,1,-1,0.55,0.55,0.4,0.4,-1,-1,0.010714,0.292857
2,1,-1,0.6,0.6,0.4,0.4,-1,-1,0.010714,0.292857
2,1,-1,0.65,0.65,0.4,0.4,-1,-1,0.010714,0.292857
2,1,-1,0.7,0.7,0.4,0.4,-1,-1,0.010714,0.292857
2,1,-1,0.75,0.75,0.4,0.4,-1,-1,0.010714,0.292857
2,1,-1,0.8,0.8,0.4,0.4,-1,-1,0.010714,0.292857
2,1,-1,0.85,0.85,0.4,0.4,-1,-1,0.010714,0.292857
2,1,-1,0.9,0.9,0.4,0.4,-1,-1,0.010714,0.292857
2,1,-1,0.95,0.95,0.4,0.4,-1,-1,0.010714,0.292857
2,1,-1,1.0,1.0,0.4,0.4,-1,-1,0.010714,0.292857
2,1,-1,0.05,0.05,0.45,0.4,-1,-1,0.010714,0.269286
2,1,-1,0.1,0.1,0.45,0.4,-1,-1,0.010714,0.262143
2,1,-1,0.15,0.15,0.45,0.4,-1,-1,0.010714,0.257143
2,1,-1,0.2,0.2,0.45,0.4,-1,-1,0.010714,0.253214
2,1,-1,0.25,0.25,0.45,0.4,-1,-1,0.010714,0.251071
2,1,-1,0.3,0.3,0.45,0.4,-1,-1,0.010714,0.249643
2,1,-1,0.35,0.35,0.45,0.4,-1,-1,0.010714,0.247857
2,1,-1,0.4,0.4,0.45,0.4,-1,-1,0.010714,0.246428
2,1,-1,0.45,0.45,0.45,0.4,-1,-1,0.010714,0.245357
2,1,-1,0.5,0.5,0.45,0.4,-1,-1,0.010714,0.245
2,1,-1,0.55,0.55,0.45,0.4,-1,-1,0.010714,0.244286
2,1,-1,0.6,0.6,0.45,0.4,-1,-1,0.010714,0.244286
2,1,-1,0.65,0.65,0.45,0.4,-1,-1,0.010714,0.244286
2,1,-1,0.7,0.7,0.45,0.4,-1,-1,0.010714,0.243928
2,1,-1,0.75,0.75,0.45,0.4,-1,-1,0.010714,0.243214
2,1,-1,0.8,0.8,0.45,0.4,-1,-1,0.010714,0.243214
2,1,-1,0.85,0.85,0.45,0.4,-1,-1,0.010714,0.242857
2,1,-1,0.9,0.9,0.45,0.4,-1,-1,0.010714,0.242857
2,1,-1,0.95,0.95,0.45,0.4,-1,-1,0.010714,0.242857
2,1,-1,1.0,1.0,0.45,0.4,-1,-1,0.010714,0.242857
2,1,-1,0.05,0.05,0.5,0.4,-1,-1,0.010714,0.238979
2,1,-1,0.1,0.1,0.5,0.4,-1,-1,0.010752,0.222653
2,1,-1,0.15,0.15,0.5,0.4,-1,-1,0.010778,0.211224
2,1,-1,0.2,0.2,0.5,0.4,-1,-1,0.010803,0.202245
2,1,-1,0.25,0.25,0.5,0.4,-1,-1,0.010829,0.197347
2,1,-1,0.3,0.3,0.5,0.4,-1,-1,0.010842,0.194081
2,1,-1,0.35,0.35,0.5,0.4,-1,-1,0.010854,0.19
2,1,-1,0.4,0.4,0.5,0.4,-1,-1,0.010867,0.186734
2,1,-1,0.45,0.45,0.5,0.4,-1,-1,0.010905,0.184285
2,1,-1,0.5,0.5,0.5,0.4,-1,-1,0.010956,0.183469
2,1,-1,0.55,0.55,0.5,0.4,-1,-1,0.010995,0.181836
2,1,-1,0.6,0.6,0.5,0.4,-1,-1,0.011071,0.181836
2,1,-1,0.65,0.65,0.5,0.4,-1,-1,0.011097,0.181836
2,1,-1,0.7,0.7,0.5,0.4,-1,-1,0.011135,0.18102
2,1,-1,0.75,0.75,0.5,0.4,-1,-1,0.011161,0.179387
2,1,-1,0.8,0.8,0.5,0.4,-1,-1,0.011199,0.179387
2,1,-1,0.85,0.85,0.5,0.4,-1,-1,0.011237,0.178571
2,1,-1,0.9,0.9,0.5,0.4,-1,-1,0.011339,0.178571
2,1,-1,0.95,0.95,0.5,0.4,-1,-1,0.011479,0.178571
2,1,-1,1.0,1.0,0.5,0.4,-1,-1,0.0125,0.178571
2,1,-1,0.05,0.05,0.55,0.4,-1,-1,0.010714,0.218775
2,1,-1,0.1,0.1,0.55,0.4,-1,-1,0.010867,0.196326
2,1,-1,0.15,0.15,0.55,0.4,-1,-1,0.010969,0.180612
2,1,-1,0.2,0.2,0.55,0.4,-1,-1,0.011071,0.168265
2,1,-1,0.25,0.25,0.55,0.4,-1,-1,0.011173,0.16153
2,1,-1,0.3,0.3,0.55,0.4,-1,-1,0.011224,0.157041
2,1,-1,0.35,0.35,0.55,0.4,-1,-1,0.011275,0.151428
2,1,-1,0.4,0.4,0.55,0.4,-1,-1,0.011326,0.146939
2,1,-1,0.45,0.45,0.55,0.4,-1,-1,0.011479,0.143571
2,1,-1,0.5,0.5,0.55,0.4,-1,-1,0.011683,0.142449
2,1,-1,0.55,0.55,0.55,0.4,-1,-1,0.011836,0.140204
2,1,-1,0.6,0.6,0.55,0.4,-1,-1,0.012143,0.140204
2,1,-1,0.65,0.65,0.55,0.4,-1,-1,0.012245,0.140204
2,1,-1,0.7,0.7,0.55,0.4,-1,-1,0.012398,0.139081
2,1,-1,0.75,0.75,0.55,0.4,-1,-1,0.0125,0.136836
2,1,-1,0.8,0.8,0.55,0.4,-1,-1,0.012653,0.136836
2,1,-1,0.85,0.85,0.55,0.4,-1,-1,0.012806,0.135714
2,1,-1,0.9,0.9,0.55,0.4,-1,-1,0.013214,0.135714
2,1,-1,0.95,0.95,0.55,0.4,-1,-1,0.013775,0.135714
2,1,-1,1.0,1.0,0.55,0.4,-1,-1,0.017857,0.135714
2,1,-1,0.05,0.05,0.6,0.4,-1,-1,0.010714,0.215408
2,1,-1,0.1,0.1,0.6,0.4,-1,-1,0.01102,0.191938
2,1,-1,0.15,0.15,0.6,0.4,-1,-1,0.011224,0.17551
2,1,-1,0.2,0.2,0.6,0.4,-1,-1,0.011428,0.162602
2,1,-1,0.25,0.25,0.6,0.4,-1,-1,0.011632,0.155561
2,1,-1,0.3,0.3,0.6,0.4,-1,-1,0.011734,0.150867
2,1,-1,0.35,0.35,0.6,0.4,-1,-1,0.011836,0.145
2,1,-1,0.4,0.4,0.6,0.4,-1,-1,0.011939,0.140306
2,1,-1,0.45,0.45,0.6,0.4,-1,-1,0.012245,0.136785
2,1,-1,0.5,0.5,0.6,0.4,-1,-1,0.012653,0.135612
2,1,-1,0.55,0.55,0.6,0.4,-1,-1,0.012959,0.133265
2,1,-1,0.6,0.6,0.6,0.4,-1,-1,0.013571,0.133265
2,1,-1,0.65,0.65,0.6,0.4,-1,-1,0.013775,0.133265
2,1,-1,0.7,0.7,0.6,0.4,-1,-1,0.014081,0.132091
2,1,-1,0.75,0.75,0.6,0.4,-1,-1,0.014285,0.129744
2,1,-1,0.8,0.8,0.6,0.4,-1,-1,0.014592,0.129744
2,1,-1,0.85,0.85,0.6,0.4,-1,-1,0.014898,0.128571
2,1,-1,0.9,0.9,0.6,0.4,-1,-1,0.015714,0.128571
2,1,-1,0.95,0.95,0.6,0.4,-1,-1,0.016837,0.128571
2,1,-1,1.0,1.0,0.6,0.4,-1,-1,0.025,0.128571
2,1,-1,0.05,0.05,0.65,0.4,-1,-1,0.010714,0.201939
2,1,-1,0.1,0.1,0.65,0.4,-1,-1,0.011135,0.174388
2,1,-1,0.15,0.15,0.65,0.4,-1,-1,0.011416,0.155102
2,1,-1,0.2,0.2,0.65,0.4,-1,-1,0.011696,0.139949
2,1,-1,0.25,0.25,0.65,0.4,-1,-1,0.011977,0.131684
2,1,-1,0.3,0.3,0.65,0.4,-1,-1,0.012117,0.126173
2,1,-1,0.35,0.35,0.65,0.4,-1,-1,0.012257,0.119286
2,1,-1,0.4,0.4,0.65,0.4,-1,-1,0.012398,0.113776
2,1,-1,0.45,0.45,0.65,0.4,-1,-1,0.012819,0.109643
2,1,-1,0.5,0.5,0.65,0.4,-1,-1,0.01338,0.108265
2,1,-1,0.55,0.55,0.65,0.4,-1,-1,0.013801,0.10551
2,1,-1,0.6,0.6,0.65,0.4,-1,-1,0.014643,0.10551
2,1,-1,0.65,0.65,0.65,0.4,-1,-1,0.014923,0.10551
2,1,-1,0.7,0.7,0.65,0.4,-1,-1,0.015344,0.104133
2,1,-1,0.75,0.75,0.65,0.4,-1,-1,0.015625,0.101378
2,1,-1,0.8,0.8,0.65,0.4,-1,-1,0.016046,0.101378
2,1,-1,0.85,0.85,0.65,0.4,-1,-1,0.016467,0.1
2,1,-1,0.9,0.9,0.65,0.4,-1,-1,0.017589,0.1
2,1,-1,0.95,0.95,0.65,0.4,-1,-1,0.019132,0.1
2,1,-1,1.0,1.0,0.65,0.4,-1,-1,0.030357,0.1
2,1,-1,0.05,0.05,0.7,0.4,-1,-1,0.010714,0.195204
2,1,-1,0.1,0.1,0.7,0.4,-1,-1,0.01125,0.165612
2,1,-1,0.15,0.15,0.7,0.4,-1,-1,0.011607,0.144898
2,1,-1,0.2,0.2,0.7,0.4,-1,-1,0.011964,0.128622
2,1,-1,0.25,0.25,0.7,0.4,-1,-1,0.012321,0.119745
2,1,-1,0.3,0.3,0.7,0.4,-1,-1,0.0125,0.113826
2,1,-1,0.35,0.35,0.7,0.4,-1,-1,0.012678,0.106428
2,1,-1,0.4,0.4,0.7,0.4,-1,-1,0.012857,0.10051
2,1,-1,0.45,0.45,0.7,0.4,-1,-1,0.013393,0.096071
2,1,-1,0.5,0.5,0.7,0.4,-1,-1,0.014107,0.094592
2,1,-1,0.55,0.55,0.7,0.4,-1,-1,0.014643,0.091632
2,1,-1,0.6,0.6,0.7,0.4,-1,-1,0.015714,0.091632
2,1,-1,0.65,0.65,0.7,0.4,-1,-1,0.016071,0.091632
2,1,-1,0.7,0.7,0.7,0.4,-1,-1,0.016607,0.090153
2,1,-1,0.75,0.75,0.7,0.4,-1,-1,0.016964,0.087194
2,1,-1,0.8,0.8,0.7,0.4,-1,-1,0.0175,0.087194
2,1,-1,0.85,0.85,0.7,0.4,-1,-1,0.018035,0.085714
2,1,-1,0.9,0.9,0.7,0.4,-1,-1,0.019464,0.085714
2,1,-1,0.95,0.95,0.7,0.4,-1,-1,0.021428,0.085714
2,1,-1,1.0,1.0,0.7,0.4,-1,-1,0.035714,0.085714
2,1,-1,0.05,0.05,0.75,0.4,-1,-1,0.010714,0.185102
2,1,-1,0.1,0.1,0.75,0.4,-1,-1,0.011441,0.152449
2,1,-1,0.15,0.15,0.75,0.4,-1,-1,0.011926,0.129592
2,1,-1,0.2,0.2,0.75,0.4,-1,-1,0.01241,0.111633
2,1,-1,0.25,0.25,0.75,0.4,-1,-1,0.012895,0.101837
2,1,-1,0.3,0.3,0.75,0.4,-1,-1,0.013138,0.095306
2,1,-1,0.35,0.35,0.75,0.4,-1,-1,0.01338,0.087143
2,1,-1,0.4,0.4,0.75,0.4,-1,-1,0.013622,0.080613
2,1,-1,0.45,0.45,0.75,0.4,-1,-1,0.014349,0.075715
2,1,-1,0.5,0.5,0.75,0.4,-1,-1,0.015319,0.074082
2,1,-1,0.55,0.55,0.75,0.4,-1,-1,0.016046,0.070817
2,1,-1,0.6,0.6,0.75,0.4,-1,-1,0.0175,0.070817
2,1,-1,0.65,0.65,0.75,0.4,-1,-1,0.017985,0.070817
2,1,-1,0.7,0.7,0.75,0.4,-1,-1,0.018712,0.069184
2,1,-1,0.75,0.75,0.75,0.4,-1,-1,0.019196,0.065919
2,1,-1,0.8,0.8,0.75,0.4,-1,-1,0.019923,0.065919
2,1,-1,0.85,0.85,0.75,0.4,-1,-1,0.02065,0.064286
2,1,-1,0.9,0.9,0.75,0.4,-1,-1,0.022589,0.064286
2,1,-1,0.95,0.95,0.75,0.4,-1,-1,0.025255,0.064286
2,1,-1,1.0,1.0,0.75,0.4,-1,-1,0.044643,0.064286
2,1,-1,0.05,0.05,0.8,0.4,-1,-1,0.010714,0.178367
2,1,-1,0.1,0.1,0.8,0.4,-1,-1,0.011671,0.143673
2,1,-1,0.15,0.15,0.8,0.4,-1,-1,0.012308,0.119388
2,1,-1,0.2,0.2,0.8,0.4,-1,-1,0.012946,0.100306
2,1,-1,0.25,0.25,0.8,0.4,-1,-1,0.013584,0.089898
2,1,-1,0.3,0.3,0.8,0.4,-1,-1,0.013903,0.082959
2,1,-1,0.35,0.35,0.8,0.4,-1,-1,0.014222,0.074286
2,1,-1,0.4,0.4,0.8,0.4,-1,-1,0.014541,0.067347
2,1,-1,0.45,0.45,0.8,0.4,-1,-1,0.015497,0.062143
2,1,-1,0.5,0.5,0.8,0.4,-1,-1,0.016773,0.060408
2,1,-1,0.55,0.55,0.8,0.4,-1,-1,0.017729,0.056939
2,1,-1,0.6,0.6,0.8,0.4,-1,-1,0.019643,0.056939
2,1,-1,0.65,0.65,0.8,0.4,-1,-1,0.02028,0.056939
2,1,-1,0.7,0.7,0.8,0.4,-1,-1,0.021237,0.055204
2,1,-1,0.75,0.75,0.8,0.4,-1,-1,0.021875,0.051735
2,1,-1,0.8,0.8,0.8,0.4,-1,-1,0.022831,0.051735
2,1,-1,0.85,0.85,0.8,0.4,-1,-1,0.023788,0.05
2,1,-1,0.9,0.9,0.8,0.4,-1,-1,0.026339,0.05
2,1,-1,0.95,0.95,0.8,0.4,-1,-1,0.029847,0.05
2,1,-1,1.0,1.0,0.8,0.4,-1,-1,0.055357,0.05
2,1,-1,0.05,0.05,0.85,0.4,-1,-1,0.010714,0.175
2,1,-1,0.1,0.1,0.85,0.4,-1,-1,0.012015,0.139285
2,1,-1,0.15,0.15,0.85,0.4,-1,-1,0.012882,0.114285
2,1,-1,0.2,0.2,0.85,0.4,-1,-1,0.01375,0.094643
2,1,-1,0.25,0.25,0.85,0.4,-1,-1,0.014617,0.083928
2,1,-1,0.3,0.3,0.85,0.4,-1,-1,0.015051,0.076785
2,1,-1,0.35,0.35,0.85,0.4,-1,-1,0.015484,0.067857
2,1,-1,0.4,0.4,0.85,0.4,-1,-1,0.015918,0.060714
2,1,-1,0.45,0.45,0.85,0.4,-1,-1,0.017219,0.055357
2,1,-1,0.5,0.5,0.85,0.4,-1,-1,0.018954,0.053571
2,1,-1,0.55,0.55,0.85,0.4,-1,-1,0.020255,0.05
2,1,-1,0.6,0.6,0.85,0.4,-1,-1,0.022857,0.05
2,1,-1,0.65,0.65,0.85,0.4,-1,-1,0.023724,0.05
2,1,-1,0.7,0.7,0.85,0.4,-1,-1,0.025025,0.048214
2,1,-1,0.75,0.75,0.85,0.4,-1,-1,0.025893,0.044643
2,1,-1,0.8,0.8,0.85,0.4,-1,-1,0.027194,0.044643
2,1,-1,0.85,0.85,0.85,0.4,-1,-1,0.028495,0.042857
2,1,-1,0.9,0.9,0.85,0.4,-1,-1,0.031964,0.042857
2,1,-1,0.95,0.95,0.85,0.4,-1,-1,0.036735,0.042857
2,1,-1,1.0,1.0,0.85,0.4,-1,-1,0.071429,0.042857
2,1,-1,0.05,0.05,0.9,0.4,-1,-1,0.010714,0.161531
2,1,-1,0.1,0.1,0.9,0.4,-1,-1,0.012513,0.121735
2,1,-1,0.15,0.15,0.9,0.4,-1,-1,0.013711,0.093878
2,1,-1,0.2,0.2,0.9,0.4,-1,-1,0.01491,0.07199
2,1,-1,0.25,0.25,0.9,0.4,-1,-1,0.016109,0.060051
2,1,-1,0.3,0.3,0.9,0.4,-1,-1,0.016709,0.052092
2,1,-1,0.35,0.35,0.9,0.4,-1,-1,0.017308,0.042143
2,1,-1,0.4,0.4,0.9,0.4,-1,-1,0.017908,0.034184
2,1,-1,0.45,0.45,0.9,0.4,-1,-1,0.019706,0.028215
2,1,-1,0.5,0.5,0.9,0.4,-1,-1,0.022104,0.026225
2,1,-1,0.55,0.55,0.9,0.4,-1,-1,0.023903,0.022245
2,1,-1,0.6,0.6,0.9,0.4,-1,-1,0.0275,0.022245
2,1,-1,0.65,0.65,0.9,0.4,-1,-1,0.028699,0.022245
2,1,-1,0.7,0.7,0.9,0.4,-1,-1,0.030497,0.020255
2,1,-1,0.75,0.75,0.9,0.4,-1,-1,0.031696,0.016276
2,1,-1,0.8,0.8,0.9,0.4,-1,-1,0.033495,0.016276
2,1,-1,0.85,0.85,0.9,0.4,-1,-1,0.035293,0.014286
2,1,-1,0.9,0.9,0.9,0.4,-1,-1,0.040089,0.014286
2,1,-1,0.95,0.95,0.9,0.4,-1,-1,0.046684,0.014286
2,1,-1,1.0,1.0,0.9,0.4,-1,-1,0.094643,0.014286
2,1,-1,0.05,0.05,0.95,0.4,-1,-1,0.010714,0.158163
2,1,-1,0.1,0.1,0.95,0.4,-1,-1,0.013775,0.117347
2,1,-1,0.15,0.15,0.95,0.4,-1,-1,0.015816,0.088775
2,1,-1,0.2,0.2,0.95,0.4,-1,-1,0.017857,0.066327
2,1,-1,0.25,0.25,0.95,0.4,-1,-1,0.019898,0.054082
2,1,-1,0.3,0.3,0.95,0.4,-1,-1,0.020918,0.045918
2,1,-1,0.35,0.35,0.95,0.4,-1,-1,0.021938,0.035714
2,1,-1,0.4,0.4,0.95,0.4,-1,-1,0.022959,0.027551
2,1,-1,0.45,0.45,0.95,0.4,-1,-1,0.02602,0.021429
2,1,-1,0.5,0.5,0.95,0.4,-1,-1,0.030102,0.019388
2,1,-1,0.55,0.55,0.95,0.4,-1,-1,0.033163,0.015306
2,1,-1,0.6,0.6,0.95,0.4,-1,-1,0.039285,0.015306
2,1,-1,0.65,0.65,0.95,0.4,-1,-1,0.041326,0.015306
2,1,-1,0.7,0.7,0.95,0.4,-1,-1,0.044387,0.013266
2,1,-1,0.75,0.75,0.95,0.4,-1,-1,0.046428,0.009184
2,1,-1,0.8,0.8,0.95,0.4,-1,-1,0.04949,0.009184
2,1,-1,0.85,0.85,0.95,0.4,-1,-1,0.052551,0.007143
2,1,-1,0.9,0.9,0.95,0.4,-1,-1,0.060714,0.007143
2,1,-1,0.95,0.95,0.95,0.4,-1,-1,0.071938,0.007143
2,1,-1,1.0,1.0,0.95,0.4,-1,-1,0.153571,0.007143
2,1,-1,0.05,0.05,1.0,0.4,-1,-1,0.010714,0.154796
2,1,-1,0.1,0.1,1.0,0.4,-1,-1,0.031913,0.112959
2,1,-1,0.15,0.15,1.0,0.4,-1,-1,0.046045,0.083673
2,1,-1,0.2,0.2,1.0,0.4,-1,-1,0.060178,0.060663
2,1,-1,0.25,0.25,1.0,0.4,-1,-1,0.074311,0.048112
2,1,-1,0.3,0.3,1.0,0.4,-1,-1,0.081378,0.039745
2,1,-1,0.35,0.35,1.0,0.4,-1,-1,0.088443,0.029286
2,1,-1,0.4,0.4,1.0,0.4,-1,-1,0.09551,0.020918
2,1,-1,0.45,0.45,1.0,0.4,-1,-1,0.116709,0.014643
2,1,-1,0.5,0.5,1.0,0.4,-1,-1,0.144974,0.012551
2,1,-1,0.55,0.55,1.0,0.4,-1,-1,0.166173,0.008367
2,1,-1,0.6,0.6,1.0,0.4,-1,-1,0.208571,0.008367
2,1,-1,0.65,0.65,1.0,0.4,-1,-1,0.222704,0.008367
2,1,-1,0.7,0.7,1.0,0.4,-1,-1,0.243903,0.006276
2,1,-1,0.75,0.75,1.0,0.4,-1,-1,0.258035,0.002092
2,1,-1,0.8,0.8,1.0,0.4,-1,-1,0.279235,0.002092
2,1,-1,0.85,0.85,1.0,0.4,-1,-1,0.300433,0.0
2,1,-1,0.9,0.9,1.0,0.4,-1,-1,0.356964,0.0
2,1,-1,0.95,0.95,1.0,0.4,-1,-1,0.434693,0.0
2,1,-1,1.0,1.0,1.0,0.4,-1,-1,1.0,0.0
2,1,-1,0.05,0.05,0.45,0.45,-1,-1,0.010714,0.242857
2,1,-1,0.1,0.1,0.45,0.45,-1,-1,0.010714,0.242857
2,1,-1,0.15,0.15,0.45,0.45,-1,-1,0.010714,0.242857
2,1,-1,0.2,0.2,0.45,0.45,-1,-1,0.010714,0.242857
2,1,-1,0.25,0.25,0.45,0.45,-1,-1,0.010714,0.242857
2,1,-1,0.3,0.3,0.45,0.45,-1,-1,0.010714,0.242857
2,1,-1,0.35,0.35,0.45,0.45,-1,-1,0.010714,0.242857
2,1,-1,0.4,0.4,0.45,0.45,-1,-1,0.010714,0.242857
2,1,-1,0.45,0.45,0.45,0.45,-1,-1,0.010714,0.242857
2,1,-1,0.5,0.5,0.45,0.45,-1,-1,0.010714,0.242857
2,1,-1,0.55,0.55,0.45,0.45,-1,-1,0.010714,0.242857
2,1,-1,0.6,0.6,0.45,0.45,-1,-1,0.010714,0.242857
2,1,-1,0.65,0.65,0.45,0.45,-1,-1,0.010714,0.242857
2,1,-1,0.7,0.7,0.45,0.45,-1,-1,0.010714,0.242857
2,1,-1,0.75,0.75,0.45,0.45,-1,-1,0.010714,0.242857
2,1,-1,0.8,0.8,0.45,0.45,-1,-1,0.010714,0.242857
2,1,-1,0.85,0.85,0.45,0.45,-1,-1,0.010714,0.242857
2,1,-1,0.9,0.9,0.45,0.45,-1,-1,0.010714,0.242857
2,1,-1,0.95,0.95,0.45,0.45,-1,-1,0.010714,0.242857
2,1,-1,1.0,1.0,0.45,0.45,-1,-1,0.010714,0.242857
2,1,-1,0.05,0.05,0.5,0.45,-1,-1,0.010714,0.212551
2,1,-1,0.1,0.1,0.5,0.45,-1,-1,0.010752,0.203367
2,1,-1,0.15,0.15,0.5,0.45,-1,-1,0.010778,0.196938
2,1,-1,0.2,0.2,0.5,0.45,-1,-1,0.010803,0.191887
2,1,-1,0.25,0.25,0.5,0.45,-1,-1,0.010829,0.189132
2,1,-1,0.3,0.3,0.5,0.45,-1,-1,0.010842,0.187296
2,1,-1,0.35,0.35,0.5,0.45,-1,-1,0.010854,0.185
2,1,-1,0.4,0.4,0.5,0.45,-1,-1,0.010867,0.183163
2,1,-1,0.45,0.45,0.5,0.45,-1,-1,0.010905,0.181785
2,1,-1,0.5,0.5,0.5,0.45,-1,-1,0.010956,0.181326
2,1,-1,0.55,0.55,0.5,0.45,-1,-1,0.010995,0.180408
2,1,-1,0.6,0.6,0.5,0.45,-1,-1,0.011071,0.180408
2,1,-1,0.65,0.65,0.5,0.45,-1,-1,0.011097,0.180408
2,1,-1,0.7,0.7,0.5,0.45,-1,-1,0.011135,0.179949
2,1,-1,0.75,0.75,0.5,0.45,-1,-1,0.011161,0.17903
2,1,-1,0.8,0.8,0.5,0.45,-1,-1,0.011199,0.17903
2,1,-1,0.85,0.85,0.5,0.45,-1,-1,0.011237,0.178571
2,1,-1,0.9,0.9,0.5,0.45,-1,-1,0.011339,0.178571
2,1,-1,0.95,0.95,0.5,0.45,-1,-1,0.011479,0.178571
2,1,-1,1.0,1.0,0.5,0.45,-1,-1,0.0125,0.178571
2,1,-1,0.05,0.05,0.55,0.45,-1,-1,0.010714,0.192347
2,1,-1,0.1,0.1,0.55,0.45,-1,-1,0.010867,0.177041
2,1,-1,0.15,0.15,0.55,0.45,-1,-1,0.010969,0.166326
2,1,-1,0.2,0.2,0.55,0.45,-1,-1,0.011071,0.157908
2,1,-1,0.25,0.25,0.55,0.45,-1,-1,0.011173,0.153316
2,1,-1,0.3,0.3,0.55,0.45,-1,-1,0.011224,0.150255
2,1,-1,0.35,0.35,0.55,0.45,-1,-1,0.011275,0.146428
2,1,-1,0.4,0.4,0.55,0.45,-1,-1,0.011326,0.143367
2,1,-1,0.45,0.45,0.55,0.45,-1,-1,0.011479,0.141071
2,1,-1,0.5,0.5,0.55,0.45,-1,-1,0.011683,0.140306
2,1,-1,0.55,0.55,0.55,0.45,-1,-1,0.011836,0.138775
2,1,-1,0.6,0.6,0.55,0.45,-1,-1,0.012143,0.138775
2,1,-1,0.65,0.65,0.55,0.45,-1,-1,0.012245,0.138775
2,1,-1,0.7,0.7,0.55,0.45,-1,-1,0.012398,0.13801
2,1,-1,0.75,0.75,0.55,0.45,-1,-1,0.0125,0.136479
2,1,-1,0.8,0.8,0.55,0.45,-1,-1,0.012653,0.136479
2,1,-1,0.85,0.85,0.55,0.45,-1,-1,0.012806,0.135714
2,1,-1,0.9,0.9,0.55,0.45,-1,-1,0.013214,0.135714
2,1,-1,0.95,0.95,0.55,0.45,-1,-1,0.013775,0.135714
2,1,-1,1.0,1.0,0.55,0.45,-1,-1,0.017857,0.135714
2,1,-1,0.05,0.05,0.6,0.45,-1,-1,0.010714,0.188979
2,1,-1,0.1,0.1,0.6,0.45,-1,-1,0.01102,0.172653
2,1,-1,0.15,0.15,0.6,0.45,-1,-1,0.011224,0.161224
2,1,-1,0.2,0.2,0.6,0.45,-1,-1,0.011428,0.152245
2,1,-1,0.25,0.25,0.6,0.45,-1,-1,0.011632,0.147347
2,1,-1,0.3,0.3,0.6,0.45,-1,-1,0.011734,0.144081
2,1,-1,0.35,0.35,0.6,0.45,-1,-1,0.011836,0.14
2,1,-1,0.4,0.4,0.6,0.45,-1,-1,0.011939,0.136734
2,1,-1,0.45,0.45,0.6,0.45,-1,-1,0.012245,0.134285
2,1,-1,0.5,0.5,0.6,0.45,-1,-1,0.012653,0.133469
2,1,-1,0.55,0.55,0.6,0.45,-1,-1,0.012959,0.131836
2,1,-1,0.6,0.6,0.6,0.45,-1,-1,0.013571,0.131836
2,1,-1,0.65,0.65,0.6,0.45,-1,-1,0.013775,0.131836
2,1,-1,0.7,0.7,0.6,0.45,-1,-1,0.014081,0.13102
2,1,-1,0.75,0.75,0.6,0.45,-1,-1,0.014285,0.129387
2,1,-1,0.8,0.8,0.6,0.45,-1,-1,0.014592,0.129387
2,1,-1,0.85,0.85,0.6,0.45,-1,-1,0.014898,0.128571
2,1,-1,0.9,0.9,0.6,0.45,-1,-1,0.015714,0.128571
2,1,-1,0.95,0.95,0.6,0.45,-1,-1,0.016837,0.128571
2,1,-1,1.0,1.0,0.6,0.45,-1,-1,0.025,0.128571
2,1,-1,0.05,0.05,0.65,0.45,-1,-1,0.010714,0.17551
2,1,-1,0.1,0.1,0.65,0.45,-1,-1,0.011135,0.155102
2,1,-1,0.15,0.15,0.65,0.45,-1,-1,0.011416,0.140816
2,1,-1,0.2,0.2,0.65,0.45,-1,-1,0.011696,0.129592
2,1,-1,0.25,0.25,0.65,0.45,-1,-1,0.011977,0.123469
2,1,-1,0.3,0.3,0.65,0.45,-1,-1,0.012117,0.119388
2,1,-1,0.35,0.35,0.65,0.45,-1,-1,0.012257,0.114286
2,1,-1,0.4,0.4,0.65,0.45,-1,-1,0.012398,0.110204
2,1,-1,0.45,0.45,0.65,0.45,-1,-1,0.012819,0.107143
2,1,-1,0.5,0.5,0.65,0.45,-1,-1,0.01338,0.106122
2,1,-1,0.55,0.55,0.65,0.45,-1,-1,0.013801,0.104082
2,1,-1,0.6,0.6,0.65,0.45,-1,-1,0.014643,0.104082
2,1,-1,0.65,0.65,0.65,0.45,-1,-1,0.014923,0.104082
2,1,-1,0.7,0.7,0.65,0.45,-1,-1,0.015344,0.103061
2,1,-1,0.75,0.75,0.65,0.45,-1,-1,0.015625,0.10102
2,1,-1,0.8,0.8,0.65,0.45,-1,-1,0.016046,0.10102
2,1,-1,0.85,0.85,0.65,0.45,-1,-1,0.016467,0.1
2,1,-1,0.9,0.9,0.65,0.45,-1,-1,0.017589,0.1
2,1,-1,0.95,0.95,0.65,0.45,-1,-1,0.019132,0.1
2,1,-1,1.0,1.0,0.65,0.45,-1,-1,0.030357,0.1
2,1,-1,0.05,0.05,0.7,0.45,-1,-1,0.010714,0.168775
2,1,-1,0.1,0.1,0.7,0.45,-1,-1,0.01125,0.146326
2,1,-1,0.15,0.15,0.7,0.45,-1,-1,0.011607,0.130612
2,1,-1,0.2,0.2,0.7,0.45,-1,-1,0.011964,0.118265
2,1,-1,0.25,0.25,0.7,0.45,-1,-1,0.012321,0.11153
2,1,-1,0.3,0.3,0.7,0.45,-1,-1,0.0125,0.107041
2,1,-1,0.35,0.35,0.7,0.45,-1,-1,0.012678,0.101428
2,1,-1,0.4,0.4,0.7,0.45,-1,-1,0.012857,0.096939
2,1,-1,0.45,0.45,0.7,0.45,-1,-1,0.013393,0.093571
2,1,-1,0.5,0.5,0.7,0.45,-1,-1,0.014107,0.092449
2,1,-1,0.55,0.55,0.7,0.45,-1,-1,0.014643,0.090204
2,1,-1,0.6,0.6,0.7,0.45,-1,-1,0.015714,0.090204
2,1,-1,0.65,0.65,0.7,0.45,-1,-1,0.016071,0.090204
2,1,-1,0.7,0.7,0.7,0.45,-1,-1,0.016607,0.089081
2,1,-1,0.75,0.75,0.7,0.45,-1,-1,0.016964,0.086836
2,1,-1,0.8,0.8,0.7,0.45,-1,-1,0.0175,0.086836
2,1,-1,0.85,0.85,0.7,0.45,-1,-1,0.018035,0.085714
2,1,-1,0.9,0.9,0.7,0.45,-1,-1,0.019464,0.085714
2,1,-1,0.95,0.95,0.7,0.45,-1,-1,0.021428,0.085714
2,1,-1,1.0,1.0,0.7,0.45,-1,-1,0.035714,0.085714
2,1,-1,0.05,0.05,0.75,0.45,-1,-1,0.010714,0.158673
2,1,-1,0.1,0.1,0.75,0.45,-1,-1,0.011441,0.133163
2,1,-1,0.15,0.15,0.75,0.45,-1,-1,0.011926,0.115306
2,1,-1,0.2,0.2,0.75,0.45,-1,-1,0.01241,0.101276
2,1,-1,0.25,0.25,0.75,0.45,-1,-1,0.012895,0.093623
2,1,-1,0.3,0.3,0.75,0.45,-1,-1,0.013138,0.088521
2,1,-1,0.35,0.35,0.75,0.45,-1,-1,0.01338,0.082143
2,1,-1,0.4,0.4,0.75,0.45,-1,-1,0.013622,0.077041
2,1,-1,0.45,0.45,0.75,0.45,-1,-1,0.014349,0.073215
2,1,-1,0.5,0.5,0.75,0.45,-1,-1,0.015319,0.071939
2,1,-1,0.55,0.55,0.75,0.45,-1,-1,0.016046,0.069388
2,1,-1,0.6,0.6,0.75,0.45,-1,-1,0.0175,0.069388
2,1,-1,0.65,0.65,0.75,0.45,-1,-1,0.017985,0.069388
2,1,-1,0.7,0.7,0.75,0.45,-1,-1,0.018712,0.068113
2,1,-1,0.75,0.75,0.75,0.45,-1,-1,0.019196,0.065562
2,1,-1,0.8,0.8,0.75,0.45,-1,-1,0.019923,0.065562
2,1,-1,0.85,0.85,0.75,0.45,-1,-1,0.02065,0.064286
2,1,-1,0.9,0.9,0.75,0.45,-1,-1,0.022589,0.064286
2,1,-1,0.95,0.95,0.75,0.45,-1,-1,0.025255,0.064286
2,1,-1,1.0,1.0,0.75,0.45,-1,-1,0.044643,0.064286
2,1,-1,0.05,0.05,0.8,0.45,-1,-1,0.010714,0.151939
2,1,-1,0.1,0.1,0.8,0.45,-1,-1,0.011671,0.124388
2,1,-1,0.15,0.15,0.8,0.45,-1,-1,0.012308,0.105102
2,1,-1,0.2,0.2,0.8,0.45,-1,-1,0.012946,0.089949
2,1,-1,0.25,0.25,0.8,0.45,-1,-1,0.013584,0.081684
2,1,-1,0.3,0.3,0.8,0.45,-1,-1,0.013903,0.076173
2,1,-1,0.35,0.35,0.8,0.45,-1,-1,0.014222,0.069286
2,1,-1,0.4,0.4,0.8,0.45,-1,-1,0.014541,0.063776
2,1,-1,0.45,0.45,0.8,0.45,-1,-1,0.015497,0.059643
2,1,-1,0.5,0.5,0.8,0.45,-1,-1,0.016773,0.058265
2,1,-1,0.55,0.55,0.8,0.45,-1,-1,0.017729,0.05551
2,1,-1,0.6,0.6,0.8,0.45,-1,-1,0.019643,0.05551
2,1,-1,0.65,0.65,0.8,0.45,-1,-1,0.02028,0.05551
2,1,-1,0.7,0.7,0.8,0.45,-1,-1,0.021237,0.054133
2,1,-1,0.75,0.75,0.8,0.45,-1,-1,0.021875,0.051378
2,1,-1,0.8,0.8,0.8,0.45,-1,-1,0.022831,0.051378
2,1,-1,0.85,0.85,0.8,0.45,-1,-1,0.023788,0.05
2,1,-1,0.9,0.9,0.8,0.45,-1,-1,0.026339,0.05
2,1,-1,0.95,0.95,0.8,0.45,-1,-1,0.029847,0.05
2,1,-1,1.0,1.0,0.8,0.45,-1,-1,0.055357,0.05
2,1,-1,0.05,0.05,0.85,0.45,-1,-1,0.010714,0.148571
2,1,-1,0.1,0.1,0.85,0.45,-1,-1,0.012015,0.12
2,1,-1,0.15,0.15,0.85,0.45,-1,-1,0.012882,0.1
2,1,-1,0.2,0.2,0.85,0.45,-1,-1,0.01375,0.084286
2,1,-1,0.25,0.25,0.85,0.45,-1,-1,0.014617,0.075714
2,1,-1,0.3,0.3,0.85,0.45,-1,-1,0.015051,0.07
2,1,-1,0.35,0.35,0.85,0.45,-1,-1,0.015484,0.062857
2,1,-1,0.4,0.4,0.85,0.45,-1,-1,0.015918,0.057143
2,1,-1,0.45,0.45,0.85,0.45,-1,-1,0.017219,0.052857
2,1,-1,0.5,0.5,0.85,0.45,-1,-1,0.018954,0.051428
2,1,-1,0.55,0.55,0.85,0.45,-1,-1,0.020255,0.048571
2,1,-1,0.6,0.6,0.85,0.45,-1,-1,0.022857,0.048571
2,1,-1,0.65,0.65,0.85,0.45,-1,-1,0.023724,0.048571
2,1,-1,0.7,0.7,0.85,0.45,-1,-1,0.025025,0.047143
2,1,-1,0.75,0.75,0.85,0.45,-1,-1,0.025893,0.044286
2,1,-1,0.8,0.8,0.85,0.45,-1,-1,0.027194,0.044286
2,1,-1,0.85,0.85,0.85,0.45,-1,-1,0.028495,0.042857
2,1,-1,0.9,0.9,0.85,0.45,-1,-1,0.031964,0.042857
2,1,-1,0.95,0.95,0.85,0.45,-1,-1,0.036735,0.042857
2,1,-1,1.0,1.0,0.85,0.45,-1,-1,0.071429,0.042857
2,1,-1,0.05,0.05,0.9,0.45,-1,-1,0.010714,0.135102
2,1,-1,0.1,0.1,0.9,0.45,-1,-1,0.012513,0.102449
2,1,-1,0.15,0.15,0.9,0.45,-1,-1,0.013711,0.079592
2,1,-1,0.2,0.2,0.9,0.45,-1,-1,0.01491,0.061633
2,1,-1,0.25,0.25,0.9,0.45,-1,-1,0.016109,0.051837
2,1,-1,0.3,0.3,0.9,0.45,-1,-1,0.016709,0.045306
2,1,-1,0.35,0.35,0.9,0.45,-1,-1,0.017308,0.037143
2,1,-1,0.4,0.4,0.9,0.45,-1,-1,0.017908,0.030613
2,1,-1,0.45,0.45,0.9,0.45,-1,-1,0.019706,0.025715
2,1,-1,0.5,0.5,0.9,0.45,-1,-1,0.022104,0.024082
2,1,-1,0.55,0.55,0.9,0.45,-1,-1,0.023903,0.020817
2,1,-1,0.6,0.6,0.9,0.45,-1,-1,0.0275,0.020817
2,1,-1,0.65,0.65,0.9,0.45,-1,-1,0.028699,0.020817
2,1,-1,0.7,0.7,0.9,0.45,-1,-1,0.030497,0.019184
2,1,-1,0.75,0.75,0.9,0.45,-1,-1,0.031696,0.015919
2,1,-1,0.8,0.8,0.9,0.45,-1,-1,0.033495,0.015919
2,1,-1,0.85,0.85,0.9,0.45,-1,-1,0.035293,0.014286
2,1,-1,0.9,0.9,0.9,0.45,-1,-1,0.040089,0.014286
2,1,-1,0.95,0.95,0.9,0.45,-1,-1,0.046684,0.014286
2,1,-1,1.0,1.0,0.9,0.45,-1,-1,0.094643,0.014286
2,1,-1,0.05,0.05,0.95,0.45,-1,-1,0.010714,0.131735
2,1,-1,0.1,0.1,0.95,0.45,-1,-1,0.013775,0.098061
2,1,-1,0.15,0.15,0.95,0.45,-1,-1,0.015816,0.07449
2,1,-1,0.2,0.2,0.95,0.45,-1,-1,0.017857,0.05597
2,1,-1,0.25,0.25,0.95,0.45,-1,-1,0.019898,0.045868
2,1,-1,0.3,0.3,0.95,0.45,-1,-1,0.020918,0.039133
2,1,-1,0.35,0.35,0.95,0.45,-1,-1,0.021938,0.030714
2,1,-1,0.4,0.4,0.95,0.45,-1,-1,0.022959,0.02398
2,1,-1,0.45,0.45,0.95,0.45,-1,-1,0.02602,0.018929
2,1,-1,0.5,0.5,0.95,0.45,-1,-1,0.030102,0.017245
2,1,-1,0.55,0.55,0.95,0.45,-1,-1,0.033163,0.013878
2,1,-1,0.6,0.6,0.95,0.45,-1,-1,0.039285,0.013878
2,1,-1,0.65,0.65,0.95,0.45,-1,-1,0.041326,0.013878
2,1,-1,0.7,0.7,0.95,0.45,-1,-1,0.044387,0.012194
2,1,-1,0.75,0.75,0.95,0.45,-1,-1,0.046428,0.008827
2,1,-1,0.8,0.8,0.95,0.45,-1,-1,0.04949,0.008827
2,1,-1,0.85,0.85,0.95,0.45,-1,-1,0.052551,0.007143
2,1,-1,0.9,0.9,0.95,0.45,-1,-1,0.060714,0.007143
2,1,-1,0.95,0.95,0.95,0.45,-1,-1,0.071938,0.007143
2,1,-1,1.0,1.0,0.95,0.45,-1,-1,0.153571,0.007143
2,1,-1,0.05,0.05,1.0,0.45,-1,-1,0.010714,0.128367
2,1,-1,0.1,0.1,1.0,0.45,-1,-1,0.031913,0.093673
2,1,-1,0.15,0.15,1.0,0.45,-1,-1,0.046045,0.069388
2,1,-1,0.2,0.2,1.0,0.45,-1,-1,0.060178,0.050306
2,1,-1,0.25,0.25,1.0,0.45,-1,-1,0.074311,0.039898
2,1,-1,0.3,0.3,1.0,0.45,-1,-1,0.081378,0.032959
2,1,-1,0.35,0.35,1.0,0.45,-1,-1,0.088443,0.024286
2,1,-1,0.4,0.4,1.0,0.45,-1,-1,0.09551,0.017347
2,1,-1,0.45,0.45,1.0,0.45,-1,-1,0.116709,0.012143
2,1,-1,0.5,0.5,1.0,0.45,-1,-1,0.144974,0.010408
2,1,-1,0.55,0.55,1.0,0.45,-1,-1,0.166173,0.006939
2,1,-1,0.6,0.6,1.0,0.45,-1,-1,0.208571,0.006939
2,1,-1,0.65,0.65,1.0,0.45,-1,-1,0.222704,0.006939
2,1,-1,0.7,0.7,1.0,0.45,-1,-1,0.243903,0.005204
2,1,-1,0.75,0.75,1.0,0.45,-1,-1,0.258035,0.001735
2,1,-1,0.8,0.8,1.0,0.45,-1,-1,0.279235,0.001735
2,1,-1,0.85,0.85,1.0,0.45,-1,-1,0.300433,0.0
2,1,-1,0.9,0.9,1.0,0.45,-1,-1,0.356964,0.0
2,1,-1,0.95,0.95,1.0,0.45,-1,-1,0.434693,0.0
2,1,-1,1.0,1.0,1.0,0.45,-1,-1,1.0,0.0
2,1,-1,0.05,0.05,0.5,0.5,-1,-1,0.0125,0.178571
2,1,-1,0.1,0.1,0.5,0.5,-1,-1,0.0125,0.178571
2,1,-1,0.15,0.15,0.5,0.5,-1,-1,0.0125,0.178571
2,1,-1,0.2,0.2,0.5,0.5,-1,-1,0.0125,0.178571
2,1,-1,0.25,0.25,0.5,0.5,-1,-1,0.0125,0.178571
2,1,-1,0.3,0.3,0.5,0.5,-1,-1,0.0125,0.178571
2,1,-1,0.35,0.35,0.5,0.5,-1,-1,0.0125,0.178571
2,1,-1,0.4,0.4,0.5,0.5,-1,-1,0.0125,0.178571
2,1,-1,0.45,0.45,0.5,0.5,-1,-1,0.0125,0.178571
2,1,-1,0.5,0.5,0.5,0.5,-1,-1,0.0125,0.178571
2,1,-1,0.55,0.55,0.5,0.5,-1,-1,0.0125,0.178571
2,1,-1,0.6,0.6,0.5,0.5,-1,-1,0.0125,0.178571
2,1,-1,0.65,0.65,0.5,0.5,-1,-1,0.0125,0.178571
2,1,-1,0.7,0.7,0.5,0.5,-1,-1,0.0125,0.178571
2,1,-1,0.75,0.75,0.5,0.5,-1,-1,0.0125,0.178571
2,1,-1,0.8,0.8,0.5,0.5,-1,-1,0.0125,0.178571
2,1,-1,0.85,0.85,0.5,0.5,-1,-1,0.0125,0.178571
2,1,-1,0.9,0.9,0.5,0.5,-1,-1,0.0125,0.178571
2,1,-1,0.95,0.95,0.5,0.5,-1,-1,0.0125,0.178571
2,1,-1,1.0,1.0,0.5,0.5,-1,-1,0.0125,0.178571
2,1,-1,0.05,0.05,0.55,0.5,-1,-1,0.0125,0.158367
2,1,-1,0.1,0.1,0.55,0.5,-1,-1,0.012615,0.152245
2,1,-1,0.15,0.15,0.55,0.5,-1,-1,0.012691,0.147959
2,1,-1,0.2,0.2,0.55,0.5,-1,-1,0.012768,0.144592
2,1,-1,0.25,0.25,0.55,0.5,-1,-1,0.012844,0.142755
2,1,-1,0.3,0.3,0.55,0.5,-1,-1,0.012883,0.14153
2,1,-1,0.35,0.35,0.55,0.5,-1,-1,0.012921,0.14
2,1,-1,0.4,0.4,0.55,0.5,-1,-1,0.012959,0.138775
2,1,-1,0.45,0.45,0.55,0.5,-1,-1,0.013074,0.137857
2,1,-1,0.5,0.5,0.55,0.5,-1,-1,0.013227,0.137551
2,1,-1,0.55,0.55,0.55,0.5,-1,-1,0.013342,0.136938
2,1,-1,0.6,0.6,0.55,0.5,-1,-1,0.013571,0.136938
2,1,-1,0.65,0.65,0.55,0.5,-1,-1,0.013648,0.136938
2,1,-1,0.7,0.7,0.55,0.5,-1,-1,0.013763,0.136632
2,1,-1,0.75,0.75,0.55,0.5,-1,-1,0.013839,0.13602
2,1,-1,0.8,0.8,0.55,0.5,-1,-1,0.013954,0.13602
2,1,-1,0.85,0.85,0.55,0.5,-1,-1,0.014069,0.135714
2,1,-1,0.9,0.9,0.55,0.5,-1,-1,0.014375,0.135714
2,1,-1,0.95,0.95,0.55,0.5,-1,-1,0.014796,0.135714
2,1,-1,1.0,1.0,0.55,0.5,-1,-1,0.017857,0.135714
2,1,-1,0.05,0.05,0.6,0.5,-1,-1,0.0125,0.155
2,1,-1,0.1,0.1,0.6,0.5,-1,-1,0.012768,0.147857
2,1,-1,0.15,0.15,0.6,0.5,-1,-1,0.012946,0.142857
2,1,-1,0.2,0.2,0.6,0.5,-1,-1,0.013125,0.138928
2,1,-1,0.25,0.25,0.6,0.5,-1,-1,0.013304,0.136785
2,1,-1,0.3,0.3,0.6,0.5,-1,-1,0.013393,0.135357
2,1,-1,0.35,0.35,0.6,0.5,-1,-1,0.013482,0.133571
2,1,-1,0.4,0.4,0.6,0.5,-1,-1,0.013571,0.132142
2,1,-1,0.45,0.45,0.6,0.5,-1,-1,0.013839,0.131071
2,1,-1,0.5,0.5,0.6,0.5,-1,-1,0.014196,0.130714
2,1,-1,0.55,0.55,0.6,0.5,-1,-1,0.014464,0.13
2,1,-1,0.6,0.6,0.6,0.5,-1,-1,0.015,0.13
2,1,-1,0.65,0.65,0.6,0.5,-1,-1,0.015179,0.13
2,1,-1,0.7,0.7,0.6,0.5,-1,-1,0.015446,0.129642
2,1,-1,0.75,0.75,0.6,0.5,-1,-1,0.015625,0.128928
2,1,-1,0.8,0.8,0.6,0.5,-1,-1,0.015893,0.128928
2,1,-1,0.85,0.85,0.6,0.5,-1,-1,0.016161,0.128571
2,1,-1,0.9,0.9,0.6,0.5,-1,-1,0.016875,0.128571
2,1,-1,0.95,0.95,0.6,0.5,-1,-1,0.017857,0.128571
2,1,-1,1.0,1.0,0.6,0.5,-1,-1,0.025,0.128571
2,1,-1,0.05,0.05,0.65,0.5,-1,-1,0.0125,0.14153
2,1,-1,0.1,0.1,0.65,0.5,-1,-1,0.012883,0.130306
2,1,-1,0.15,0.15,0.65,0.5,-1,-1,0.013138,0.122449
2,1,-1,0.2,0.2,0.65,0.5,-1,-1,0.013393,0.116275
2,1,-1,0.25,0.25,0.65,0.5,-1,-1,0.013648,0.112908
2,1,-1,0.3,0.3,0.65,0.5,-1,-1,0.013776,0.110663
2,1,-1,0.35,0.35,0.65,0.5,-1,-1,0.013903,0.107857
2,1,-1,0.4,0.4,0.65,0.5,-1,-1,0.014031,0.105612
2,1,-1,0.45,0.45,0.65,0.5,-1,-1,0.014413,0.103929
2,1,-1,0.5,0.5,0.65,0.5,-1,-1,0.014923,0.103367
2,1,-1,0.55,0.55,0.65,0.5,-1,-1,0.015306,0.102245
2,1,-1,0.6,0.6,0.65,0.5,-1,-1,0.016071,0.102245
2,1,-1,0.65,0.65,0.65,0.5,-1,-1,0.016327,0.102245
2,1,-1,0.7,0.7,0.65,0.5,-1,-1,0.016709,0.101684
2,1,-1,0.75,0.75,0.65,0.5,-1,-1,0.016964,0.100561
2,1,-1,0.8,0.8,0.65,0.5,-1,-1,0.017347,0.100561
2,1,-1,0.85,0.85,0.65,0.5,-1,-1,0.01773,0.1
2,1,-1,0.9,0.9,0.65,0.5,-1,-1,0.01875,0.1
2,1,-1,0.95,0.95,0.65,0.5,-1,-1,0.020153,0.1
2,1,-1,1.0,1.0,0.65,0.5,-1,-1,0.030357,0.1
2,1,-1,0.05,0.05,0.7,0.5,-1,-1,0.0125,0.134796
2,1,-1,0.1,0.1,0.7,0.5,-1,-1,0.012997,0.12153
2,1,-1,0.15,0.15,0.7,0.5,-1,-1,0.013329,0.112245
2,1,-1,0.2,0.2,0.7,0.5,-1,-1,0.013661,0.104949
2,1,-1,0.25,0.25,0.7,0.5,-1,-1,0.013992,0.100969
2,1,-1,0.3,0.3,0.7,0.5,-1,-1,0.014158,0.098316
2,1,-1,0.35,0.35,0.7,0.5,-1,-1,0.014324,0.095
2,1,-1,0.4,0.4,0.7,0.5,-1,-1,0.01449,0.092347
2,1,-1,0.45,0.45,0.7,0.5,-1,-1,0.014987,0.090357
2,1,-1,0.5,0.5,0.7,0.5,-1,-1,0.01565,0.089694
2,1,-1,0.55,0.55,0.7,0.5,-1,-1,0.016148,0.088367
2,1,-1,0.6,0.6,0.7,0.5,-1,-1,0.017143,0.088367
2,1,-1,0.65,0.65,0.7,0.5,-1,-1,0.017474,0.088367
2,1,-1,0.7,0.7,0.7,0.5,-1,-1,0.017972,0.087704
2,1,-1,0.75,0.75,0.7,0.5,-1,-1,0.018304,0.086377
2,1,-1,0.8,0.8,0.7,0.5,-1,-1,0.018801,0.086377
2,1,-1,0.85,0.85,0.7,0.5,-1,-1,0.019298,0.085714
2,1,-1,0.9,0.9,0.7,0.5,-1,-1,0.020625,0.085714
2,1,-1,0.95,0.95,0.7,0.5,-1,-1,0.022449,0.085714
2,1,-1,1.0,1.0,0.7,0.5,-1,-1,0.035714,0.085714
2,1,-1,0.05,0.05,0.75,0.5,-1,-1,0.0125,0.124694
2,1,-1,0.1,0.1,0.75,0.5,-1,-1,0.013189,0.108367
2,1,-1,0.15,0.15,0.75,0.5,-1,-1,0.013648,0.096939
2,1,-1,0.2,0.2,0.75,0.5,-1,-1,0.014107,0.087959
2,1,-1,0.25,0.25,0.75,0.5,-1,-1,0.014566,0.083061
2,1,-1,0.3,0.3,0.75,0.5,-1,-1,0.014796,0.079796
2,1,-1,0.35,0.35,0.75,0.5,-1,-1,0.015026,0.075714
2,1,-1,0.4,0.4,0.75,0.5,-1,-1,0.015255,0.072449
2,1,-1,0.45,0.45,0.75,0.5,-1,-1,0.015944,0.07
2,1,-1,0.5,0.5,0.75,0.5,-1,-1,0.016862,0.069184
2,1,-1,0.55,0.55,0.75,0.5,-1,-1,0.017551,0.067551
2,1,-1,0.6,0.6,0.75,0.5,-1,-1,0.018929,0.067551
2,1,-1,0.65,0.65,0.75,0.5,-1,-1,0.019388,0.067551
2,1,-1,0.7,0.7,0.75,0.5,-1,-1,0.020077,0.066735
2,1,-1,0.75,0.75,0.75,0.5,-1,-1,0.020536,0.065102
2,1,-1,0.8,0.8,0.75,0.5,-1,-1,0.021225,0.065102
2,1,-1,0.85,0.85,0.75,0.5,-1,-1,0.021913,0.064286
2,1,-1,0.9,0.9,0.75,0.5,-1,-1,0.02375,0.064286
2,1,-1,0.95,0.95,0.75,0.5,-1,-1,0.026276,0.064286
2,1,-1,1.0,1.0,0.75,0.5,-1,-1,0.044643,0.064286
2,1,-1,0.05,0.05,0.8,0.5,-1,-1,0.0125,0.117959
2,1,-1,0.1,0.1,0.8,0.5,-1,-1,0.013418,0.099592
2,1,-1,0.15,0.15,0.8,0.5,-1,-1,0.014031,0.086735
2,1,-1,0.2,0.2,0.8,0.5,-1,-1,0.014643,0.076633
2,1,-1,0.25,0.25,0.8,0.5,-1,-1,0.015255,0.071122
2,1,-1,0.3,0.3,0.8,0.5,-1,-1,0.015561,0.067449
2,1,-1,0.35,0.35,0.8,0.5,-1,-1,0.015867,0.062857
2,1,-1,0.4,0.4,0.8,0.5,-1,-1,0.016173,0.059184
2,1,-1,0.45,0.45,0.8,0.5,-1,-1,0.017092,0.056429
2,1,-1,0.5,0.5,0.8,0.5,-1,-1,0.018316,0.05551
2,1,-1,0.55,0.55,0.8,0.5,-1,-1,0.019235,0.053673
2,1,-1,0.6,0.6,0.8,0.5,-1,-1,0.021071,0.053673
2,1,-1,0.65,0.65,0.8,0.5,-1,-1,0.021684,0.053673
2,1,-1,0.7,0.7,0.8,0.5,-1,-1,0.022602,0.052755
2,1,-1,0.75,0.75,0.8,0.5,-1,-1,0.023214,0.050918
2,1,-1,0.8,0.8,0.8,0.5,-1,-1,0.024133,0.050918
2,1,-1,0.85,0.85,0.8,0.5,-1,-1,0.025051,0.05
2,1,-1,0.9,0.9,0.8,0.5,-1,-1,0.0275,0.05
2,1,-1,0.95,0.95,0.8,0.5,-1,-1,0.030867,0.05
2,1,-1,1.0,1.0,0.8,0.5,-1,-1,0.055357,0.05
2,1,-1,0.05,0.05,0.85,0.5,-1,-1,0.0125,0.114591
2,1,-1,0.1,0.1,0.85,0.5,-1,-1,0.013763,0.095204
2,1,-1,0.15,0.15,0.85,0.5,-1,-1,0.014605,0.081632
2,1,-1,0.2,0.2,0.85,0.5,-1,-1,0.015446,0.070969
2,1,-1,0.25,0.25,0.85,0.5,-1,-1,0.016288,0.065153
2,1,-1,0.3,0.3,0.85,0.5,-1,-1,0.016709,0.061275
2,1,-1,0.35,0.35,0.85,0.5,-1,-1,0.01713,0.056428
2,1,-1,0.4,0.4,0.85,0.5,-1,-1,0.017551,0.052551
2,1,-1,0.45,0.45,0.85,0.5,-1,-1,0.018814,0.049643
2,1,-1,0.5,0.5,0.85,0.5,-1,-1,0.020497,0.048673
2,1,-1,0.55,0.55,0.85,0.5,-1,-1,0.02176,0.046734
2,1,-1,0.6,0.6,0.85,0.5,-1,-1,0.024286,0.046734
2,1,-1,0.65,0.65,0.85,0.5,-1,-1,0.025128,0.046734
2,1,-1,0.7,0.7,0.85,0.5,-1,-1,0.02639,0.045765
2,1,-1,0.75,0.75,0.85,0.5,-1,-1,0.027232,0.043826
2,1,-1,0.8,0.8,0.85,0.5,-1,-1,0.028495,0.043826
2,1,-1,0.85,0.85,0.85,0.5,-1,-1,0.029758,0.042857
2,1,-1,0.9,0.9,0.85,0.5,-1,-1,0.033125,0.042857
2,1,-1,0.95,0.95,0.85,0.5,-1,-1,0.037755,0.042857
2,1,-1,1.0,1.0,0.85,0.5,-1,-1,0.071429,0.042857
2,1,-1,0.05,0.05,0.9,0.5,-1,-1,0.0125,0.101122
2,1,-1,0.1,0.1,0.9,0.5,-1,-1,0.01426,0.077653
2,1,-1,0.15,0.15,0.9,0.5,-1,-1,0.015434,0.061225
2,1,-1,0.2,0.2,0.9,0.5,-1,-1,0.016607,0.048316
2,1,-1,0.25,0.25,0.9,0.5,-1,-1,0.017781,0.041276
2,1,-1,0.3,0.3,0.9,0.5,-1,-1,0.018367,0.036582
2,1,-1,0.35,0.35,0.9,0.5,-1,-1,0.018954,0.030715
2,1,-1,0.4,0.4,0.9,0.5,-1,-1,0.019541,0.026021
2,1,-1,0.45,0.45,0.9,0.5,-1,-1,0.021301,0.0225
2,1,-1,0.5,0.5,0.9,0.5,-1,-1,0.023648,0.021327
2,1,-1,0.55,0.55,0.9,0.5,-1,-1,0.025408,0.01898
2,1,-1,0.6,0.6,0.9,0.5,-1,-1,0.028929,0.01898
2,1,-1,0.65,0.65,0.9,0.5,-1,-1,0.030102,0.01898
2,1,-1,0.7,0.7,0.9,0.5,-1,-1,0.031862,0.017806
2,1,-1,0.75,0.75,0.9,0.5,-1,-1,0.033036,0.015459
2,1,-1,0.8,0.8,0.9,0.5,-1,-1,0.034796,0.015459
2,1,-1,0.85,0.85,0.9,0.5,-1,-1,0.036556,0.014286
2,1,-1,0.9,0.9,0.9,0.5,-1,-1,0.04125,0.014286
2,1,-1,0.95,0.95,0.9,0.5,-1,-1,0.047704,0.014286
2,1,-1,1.0,1.0,0.9,0.5,-1,-1,0.094643,0.014286
2,1,-1,0.05,0.05,0.95,0.5,-1,-1,0.0125,0.097755
2,1,-1,0.1,0.1,0.95,0.5,-1,-1,0.015523,0.073265
2,1,-1,0.15,0.15,0.95,0.5,-1,-1,0.017538,0.056122
2,1,-1,0.2,0.2,0.95,0.5,-1,-1,0.019554,0.042653
2,1,-1,0.25,0.25,0.95,0.5,-1,-1,0.021569,0.035306
2,1,-1,0.3,0.3,0.95,0.5,-1,-1,0.022577,0.030408
2,1,-1,0.35,0.35,0.95,0.5,-1,-1,0.023584,0.024286
2,1,-1,0.4,0.4,0.95,0.5,-1,-1,0.024592,0.019388
2,1,-1,0.45,0.45,0.95,0.5,-1,-1,0.027615,0.015714
2,1,-1,0.5,0.5,0.95,0.5,-1,-1,0.031645,0.01449
2,1,-1,0.55,0.55,0.95,0.5,-1,-1,0.034668,0.012041
2,1,-1,0.6,0.6,0.95,0.5,-1,-1,0.040714,0.012041
2,1,-1,0.65,0.65,0.95,0.5,-1,-1,0.04273,0.012041
2,1,-1,0.7,0.7,0.95,0.5,-1,-1,0.045752,0.010817
2,1,-1,0.75,0.75,0.95,0.5,-1,-1,0.047768,0.008368
2,1,-1,0.8,0.8,0.95,0.5,-1,-1,0.050791,0.008368
2,1,-1,0.85,0.85,0.95,0.5,-1,-1,0.053814,0.007143
2,1,-1,0.9,0.9,0.95,0.5,-1,-1,0.061875,0.007143
2,1,-1,0.95,0.95,0.95,0.5,-1,-1,0.072959,0.007143
2,1,-1,1.0,1.0,0.95,0.5,-1,-1,0.153571,0.007143
2,1,-1,0.05,0.05,1.0,0.5,-1,-1,0.0125,0.094387
2,1,-1,0.1,0.1,1.0,0.5,-1,-1,0.033661,0.068877
2,1,-1,0.15,0.15,1.0,0.5,-1,-1,0.047768,0.05102
2,1,-1,0.2,0.2,1.0,0.5,-1,-1,0.061875,0.03699
2,1,-1,0.25,0.25,1.0,0.5,-1,-1,0.075982,0.029337
2,1,-1,0.3,0.3,1.0,0.5,-1,-1,0.083036,0.024235
2,1,-1,0.35,0.35,1.0,0.5,-1,-1,0.090089,0.017857
2,1,-1,0.4,0.4,1.0,0.5,-1,-1,0.097143,0.012755
2,1,-1,0.45,0.45,1.0,0.5,-1,-1,0.118304,0.008929
2,1,-1,0.5,0.5,1.0,0.5,-1,-1,0.146518,0.007653
2,1,-1,0.55,0.55,1.0,0.5,-1,-1,0.167679,0.005102
2,1,-1,0.6,0.6,1.0,0.5,-1,-1,0.21,0.005102
2,1,-1,0.65,0.65,1.0,0.5,-1,-1,0.224107,0.005102
2,1,-1,0.7,0.7,1.0,0.5,-1,-1,0.245268,0.003827
2,1,-1,0.75,0.75,1.0,0.5,-1,-1,0.259375,0.001276
2,1,-1,0.8,0.8,1.0,0.5,-1,-1,0.280536,0.001276
2,1,-1,0.85,0.85,1.0,0.5,-1,-1,0.301696,0.0
2,1,-1,0.9,0.9,1.0,0.5,-1,-1,0.358125,0.0
2,1,-1,0.95,0.95,1.0,0.5,-1,-1,0.435714,0.0
2,1,-1,1.0,1.0,1.0,0.5,-1,-1,1.0,0.0
2,1,-1,0.05,0.05,0.55,0.55,-1,-1,0.017857,0.135714
2,1,-1,0.1,0.1,0.55,0.55,-1,-1,0.017857,0.135714
2,1,-1,0.15,0.15,0.55,0.55,-1,-1,0.017857,0.135714
2,1,-1,0.2,0.2,0.55,0.55,-1,-1,0.017857,0.135714
2,1,-1,0.25,0.25,0.55,0.55,-1,-1,0.017857,0.135714
2,1,-1,0.3,0.3,0.55,0.55,-1,-1,0.017857,0.135714
2,1,-1,0.35,0.35,0.55,0.55,-1,-1,0.017857,0.135714
2,1,-1,0.4,0.4,0.55,0.55,-1,-1,0.017857,0.135714
2,1,-1,0.45,0.45,0.55,0.55,-1,-1,0.017857,0.135714
2,1,-1,0.5,0.5,0.55,0.55,-1,-1,0.017857,0.135714
2,1,-1,0.55,0.55,0.55,0.55,-1,-1,0.017857,0.135714
2,1,-1,0.6,0.6,0.55,0.55,-1,-1,0.017857,0.135714
2,1,-1,0.65,0.65,0.55,0.55,-1,-1,0.017857,0.135714
2,1,-1,0.7,0.7,0.55,0.55,-1,-1,0.017857,0.135714
2,1,-1,0.75,0.75,0.55,0.55,-1,-1,0.017857,0.135714
2,1,-1,0.8,0.8,0.55,0.55,-1,-1,0.017857,0.135714
2,1,-1,0.85,0.85,0.55,0.55,-1,-1,0.017857,0.135714
2,1,-1,0.9,0.9,0.55,0.55,-1,-1,0.017857,0.135714
2,1,-1,0.95,0.95,0.55,0.55,-1,-1,0.017857,0.135714
2,1,-1,1.0,1.0,0.55,0.55,-1,-1,0.017857,0.135714
2,1,-1,0.05,0.05,0.6,0.55,-1,-1,0.017857,0.132347
2,1,-1,0.1,0.1,0.6,0.55,-1,-1,0.01801,0.131326
2,1,-1,0.15,0.15,0.6,0.55,-1,-1,0.018112,0.130612
2,1,-1,0.2,0.2,0.6,0.55,-1,-1,0.018214,0.130051
2,1,-1,0.25,0.25,0.6,0.55,-1,-1,0.018316,0.129744
2,1,-1,0.3,0.3,0.6,0.55,-1,-1,0.018367,0.12954
2,1,-1,0.35,0.35,0.6,0.55,-1,-1,0.018418,0.129285
2,1,-1,0.4,0.4,0.6,0.55,-1,-1,0.018469,0.129081
2,1,-1,0.45,0.45,0.6,0.55,-1,-1,0.018622,0.128928
2,1,-1,0.5,0.5,0.6,0.55,-1,-1,0.018826,0.128877
2,1,-1,0.55,0.55,0.6,0.55,-1,-1,0.018979,0.128775
2,1,-1,0.6,0.6,0.6,0.55,-1,-1,0.019286,0.128775
2,1,-1,0.65,0.65,0.6,0.55,-1,-1,0.019388,0.128775
2,1,-1,0.7,0.7,0.6,0.55,-1,-1,0.019541,0.128724
2,1,-1,0.75,0.75,0.6,0.55,-1,-1,0.019643,0.128622
2,1,-1,0.8,0.8,0.6,0.55,-1,-1,0.019796,0.128622
2,1,-1,0.85,0.85,0.6,0.55,-1,-1,0.019949,0.128571
2,1,-1,0.9,0.9,0.6,0.55,-1,-1,0.020357,0.128571
2,1,-1,0.95,0.95,0.6,0.55,-1,-1,0.020918,0.128571
2,1,-1,1.0,1.0,0.6,0.55,-1,-1,0.025,0.128571
2,1,-1,0.05,0.05,0.65,0.55,-1,-1,0.017857,0.118877
2,1,-1,0.1,0.1,0.65,0.55,-1,-1,0.018125,0.113775
2,1,-1,0.15,0.15,0.65,0.55,-1,-1,0.018303,0.110204
2,1,-1,0.2,0.2,0.65,0.55,-1,-1,0.018482,0.107398
2,1,-1,0.25,0.25,0.65,0.55,-1,-1,0.018661,0.105867
2,1,-1,0.3,0.3,0.65,0.55,-1,-1,0.01875,0.104847
2,1,-1,0.35,0.35,0.65,0.55,-1,-1,0.018839,0.103571
2,1,-1,0.4,0.4,0.65,0.55,-1,-1,0.018928,0.102551
2,1,-1,0.45,0.45,0.65,0.55,-1,-1,0.019196,0.101786
2,1,-1,0.5,0.5,0.65,0.55,-1,-1,0.019553,0.101531
2,1,-1,0.55,0.55,0.65,0.55,-1,-1,0.019821,0.10102
2,1,-1,0.6,0.6,0.65,0.55,-1,-1,0.020357,0.10102
2,1,-1,0.65,0.65,0.65,0.55,-1,-1,0.020536,0.10102
2,1,-1,0.7,0.7,0.65,0.55,-1,-1,0.020803,0.100765
2,1,-1,0.75,0.75,0.65,0.55,-1,-1,0.020982,0.100255
2,1,-1,0.8,0.8,0.65,0.55,-1,-1,0.02125,0.100255
2,1,-1,0.85,0.85,0.65,0.55,-1,-1,0.021518,0.1
2,1,-1,0.9,0.9,0.65,0.55,-1,-1,0.022232,0.1
2,1,-1,0.95,0.95,0.65,0.55,-1,-1,0.023214,0.1
2,1,-1,1.0,1.0,0.65,0.55,-1,-1,0.030357,0.1
2,1,-1,0.05,0.05,0.7,0.55,-1,-1,0.017857,0.112143
2,1,-1,0.1,0.1,0.7,0.55,-1,-1,0.01824,0.105
2,1,-1,0.15,0.15,0.7,0.55,-1,-1,0.018495,0.1
2,1,-1,0.2,0.2,0.7,0.55,-1,-1,0.01875,0.096071
2,1,-1,0.25,0.25,0.7,0.55,-1,-1,0.019005,0.093928
2,1,-1,0.3,0.3,0.7,0.55,-1,-1,0.019133,0.0925
2,1,-1,0.35,0.35,0.7,0.55,-1,-1,0.01926,0.090714
2,1,-1,0.4,0.4,0.7,0.55,-1,-1,0.019388,0.089285
2,1,-1,0.45,0.45,0.7,0.55,-1,-1,0.01977,0.088214
2,1,-1,0.5,0.5,0.7,0.55,-1,-1,0.02028,0.087857
2,1,-1,0.55,0.55,0.7,0.55,-1,-1,0.020663,0.087143
2,1,-1,0.6,0.6,0.7,0.55,-1,-1,0.021428,0.087143
2,1,-1,0.65,0.65,0.7,0.55,-1,-1,0.021684,0.087143
2,1,-1,0.7,0.7,0.7,0.55,-1,-1,0.022066,0.086785
2,1,-1,0.75,0.75,0.7,0.55,-1,-1,0.022321,0.086071
2,1,-1,0.8,0.8,0.7,0.55,-1,-1,0.022704,0.086071
2,1,-1,0.85,0.85,0.7,0.55,-1,-1,0.023087,0.085714
2,1,-1,0.9,0.9,0.7,0.55,-1,-1,0.024107,0.085714
2,1,-1,0.95,0.95,0.7,0.55,-1,-1,0.02551,0.085714
2,1,-1,1.0,1.0,0.7,0.55,-1,-1,0.035714,0.085714
2,1,-1,0.05,0.05,0.75,0.55,-1,-1,0.017857,0.102041
2,1,-1,0.1,0.1,0.75,0.55,-1,-1,0.018431,0.091837
2,1,-1,0.15,0.15,0.75,0.55,-1,-1,0.018814,0.084694
2,1,-1,0.2,0.2,0.75,0.55,-1,-1,0.019196,0.079082
2,1,-1,0.25,0.25,0.75,0.55,-1,-1,0.019579,0.076021
2,1,-1,0.3,0.3,0.75,0.55,-1,-1,0.01977,0.07398
2,1,-1,0.35,0.35,0.75,0.55,-1,-1,0.019962,0.071429
2,1,-1,0.4,0.4,0.75,0.55,-1,-1,0.020153,0.069388
2,1,-1,0.45,0.45,0.75,0.55,-1,-1,0.020727,0.067857
2,1,-1,0.5,0.5,0.75,0.55,-1,-1,0.021492,0.067347
2,1,-1,0.55,0.55,0.75,0.55,-1,-1,0.022066,0.066327
2,1,-1,0.6,0.6,0.75,0.55,-1,-1,0.023214,0.066327
2,1,-1,0.65,0.65,0.75,0.55,-1,-1,0.023597,0.066327
2,1,-1,0.7,0.7,0.75,0.55,-1,-1,0.024171,0.065817
2,1,-1,0.75,0.75,0.75,0.55,-1,-1,0.024554,0.064796
2,1,-1,0.8,0.8,0.75,0.55,-1,-1,0.025127,0.064796
2,1,-1,0.85,0.85,0.75,0.55,-1,-1,0.025701,0.064286
2,1,-1,0.9,0.9,0.75,0.55,-1,-1,0.027232,0.064286
2,1,-1,0.95,0.95,0.75,0.55,-1,-1,0.029337,0.064286
2,1,-1,1.0,1.0,0.75,0.55,-1,-1,0.044643,0.064286
2,1,-1,0.05,0.05,0.8,0.55,-1,-1,0.017857,0.095306
2,1,-1,0.1,0.1,0.8,0.55,-1,-1,0.018661,0.083061
2,1,-1,0.15,0.15,0.8,0.55,-1,-1,0.019196,0.07449
2,1,-1,0.2,0.2,0.8,0.55,-1,-1,0.019732,0.067755
2,1,-1,0.25,0.25,0.8,0.55,-1,-1,0.020268,0.064082
2,1,-1,0.3,0.3,0.8,0.55,-1,-1,0.020536,0.061633
2,1,-1,0.35,0.35,0.8,0.55,-1,-1,0.020803,0.058571
2,1,-1,0.4,0.4,0.8,0.55,-1,-1,0.021071,0.056122
2,1,-1,0.45,0.45,0.8,0.55,-1,-1,0.021875,0.054286
2,1,-1,0.5,0.5,0.8,0.55,-1,-1,0.022946,0.053673
2,1,-1,0.55,0.55,0.8,0.55,-1,-1,0.02375,0.052449
2,1,-1,0.6,0.6,0.8,0.55,-1,-1,0.025357,0.052449
2,1,-1,0.65,0.65,0.8,0.55,-1,-1,0.025893,0.052449
2,1,-1,0.7,0.7,0.8,0.55,-1,-1,0.026696,0.051837
2,1,-1,0.75,0.75,0.8,0.55,-1,-1,0.027232,0.050612
2,1,-1,0.8,0.8,0.8,0.55,-1,-1,0.028036,0.050612
2,1,-1,0.85,0.85,0.8,0.55,-1,-1,0.028839,0.05
2,1,-1,0.9,0.9,0.8,0.55,-1,-1,0.030982,0.05
2,1,-1,0.95,0.95,0.8,0.55,-1,-1,0.033928,0.05
2,1,-1,1.0,1.0,0.8,0.55,-1,-1,0.055357,0.05
2,1,-1,0.05,0.05,0.85,0.55,-1,-1,0.017857,0.091939
2,1,-1,0.1,0.1,0.85,0.55,-1,-1,0.019005,0.078673
2,1,-1,0.15,0.15,0.85,0.55,-1,-1,0.01977,0.069388
2,1,-1,0.2,0.2,0.85,0.55,-1,-1,0.020536,0.062092
2,1,-1,0.25,0.25,0.85,0.55,-1,-1,0.021301,0.058112
2,1,-1,0.3,0.3,0.85,0.55,-1,-1,0.021684,0.055459
2,1,-1,0.35,0.35,0.85,0.55,-1,-1,0.022066,0.052143
2,1,-1,0.4,0.4,0.85,0.55,-1,-1,0.022449,0.04949
2,1,-1,0.45,0.45,0.85,0.55,-1,-1,0.023597,0.0475
2,1,-1,0.5,0.5,0.85,0.55,-1,-1,0.025127,0.046837
2,1,-1,0.55,0.55,0.85,0.55,-1,-1,0.026275,0.04551
2,1,-1,0.6,0.6,0.85,0.55,-1,-1,0.028571,0.04551
2,1,-1,0.65,0.65,0.85,0.55,-1,-1,0.029337,0.04551
2,1,-1,0.7,0.7,0.85,0.55,-1,-1,0.030485,0.044847
2,1,-1,0.75,0.75,0.85,0.55,-1,-1,0.03125,0.04352
2,1,-1,0.8,0.8,0.85,0.55,-1,-1,0.032398,0.04352
2,1,-1,0.85,0.85,0.85,0.55,-1,-1,0.033546,0.042857
2,1,-1,0.9,0.9,0.85,0.55,-1,-1,0.036607,0.042857
2,1,-1,0.95,0.95,0.85,0.55,-1,-1,0.040816,0.042857
2,1,-1,1.0,1.0,0.85,0.55,-1,-1,0.071429,0.042857
2,1,-1,0.05,0.05,0.9,0.55,-1,-1,0.017857,0.078469
2,1,-1,0.1,0.1,0.9,0.55,-1,-1,0.019502,0.061122
2,1,-1,0.15,0.15,0.9,0.55,-1,-1,0.020599,0.04898
2,1,-1,0.2,0.2,0.9,0.55,-1,-1,0.021696,0.039439
2,1,-1,0.25,0.25,0.9,0.55,-1,-1,0.022793,0.034235
2,1,-1,0.3,0.3,0.9,0.55,-1,-1,0.023342,0.030765
2,1,-1,0.35,0.35,0.9,0.55,-1,-1,0.02389,0.026429
2,1,-1,0.4,0.4,0.9,0.55,-1,-1,0.024439,0.022959
2,1,-1,0.45,0.45,0.9,0.55,-1,-1,0.026084,0.020357
2,1,-1,0.5,0.5,0.9,0.55,-1,-1,0.028278,0.01949
2,1,-1,0.55,0.55,0.9,0.55,-1,-1,0.029923,0.017755
2,1,-1,0.6,0.6,0.9,0.55,-1,-1,0.033214,0.017755
2,1,-1,0.65,0.65,0.9,0.55,-1,-1,0.034311,0.017755
2,1,-1,0.7,0.7,0.9,0.55,-1,-1,0.035957,0.016888
2,1,-1,0.75,0.75,0.9,0.55,-1,-1,0.037054,0.015153
2,1,-1,0.8,0.8,0.9,0.55,-1,-1,0.038699,0.015153
2,1,-1,0.85,0.85,0.9,0.55,-1,-1,0.040344,0.014286
2,1,-1,0.9,0.9,0.9,0.55,-1,-1,0.044732,0.014286
2,1,-1,0.95,0.95,0.9,0.55,-1,-1,0.050765,0.014286
2,1,-1,1.0,1.0,0.9,0.55,-1,-1,0.094643,0.014286
2,1,-1,0.05,0.05,0.95,0.55,-1,-1,0.017857,0.075102
2,1,-1,0.1,0.1,0.95,0.55,-1,-1,0.020765,0.056735
2,1,-1,0.15,0.15,0.95,0.55,-1,-1,0.022704,0.043878
2,1,-1,0.2,0.2,0.95,0.55,-1,-1,0.024643,0.033776
2,1,-1,0.25,0.25,0.95,0.55,-1,-1,0.026582,0.028265
2,1,-1,0.3,0.3,0.95,0.55,-1,-1,0.027551,0.024592
2,1,-1,0.35,0.35,0.95,0.55,-1,-1,0.02852,0.02
2,1,-1,0.4,0.4,0.95,0.55,-1,-1,0.02949,0.016327
2,1,-1,0.45,0.45,0.95,0.55,-1,-1,0.032398,0.013572
2,1,-1,0.5,0.5,0.95,0.55,-1,-1,0.036275,0.012653
2,1,-1,0.55,0.55,0.95,0.55,-1,-1,0.039184,0.010816
2,1,-1,0.6,0.6,0.95,0.55,-1,-1,0.045,0.010816
2,1,-1,0.65,0.65,0.95,0.55,-1,-1,0.046939,0.010816
2,1,-1,0.7,0.7,0.95,0.55,-1,-1,0.049847,0.009898
2,1,-1,0.75,0.75,0.95,0.55,-1,-1,0.051785,0.008061
2,1,-1,0.8,0.8,0.95,0.55,-1,-1,0.054694,0.008061
2,1,-1,0.85,0.85,0.95,0.55,-1,-1,0.057602,0.007143
2,1,-1,0.9,0.9,0.95,0.55,-1,-1,0.065357,0.007143
2,1,-1,0.95,0.95,0.95,0.55,-1,-1,0.07602,0.007143
2,1,-1,1.0,1.0,0.95,0.55,-1,-1,0.153571,0.007143
2,1,-1,0.05,0.05,1.0,0.55,-1,-1,0.017857,0.071734
2,1,-1,0.1,0.1,1.0,0.55,-1,-1,0.038903,0.052347
2,1,-1,0.15,0.15,1.0,0.55,-1,-1,0.052933,0.038775
2,1,-1,0.2,0.2,1.0,0.55,-1,-1,0.066964,0.028112
2,1,-1,0.25,0.25,1.0,0.55,-1,-1,0.080995,0.022296
2,1,-1,0.3,0.3,1.0,0.55,-1,-1,0.08801,0.018418
2,1,-1,0.35,0.35,1.0,0.55,-1,-1,0.095025,0.013571
2,1,-1,0.4,0.4,1.0,0.55,-1,-1,0.10204,0.009694
2,1,-1,0.45,0.45,1.0,0.55,-1,-1,0.123087,0.006786
2,1,-1,0.5,0.5,1.0,0.55,-1,-1,0.151148,0.005816
2,1,-1,0.55,0.55,1.0,0.55,-1,-1,0.172194,0.003877
2,1,-1,0.6,0.6,1.0,0.55,-1,-1,0.214286,0.003877
2,1,-1,0.65,0.65,1.0,0.55,-1,-1,0.228316,0.003877
2,1,-1,0.7,0.7,1.0,0.55,-1,-1,0.249362,0.002908
2,1,-1,0.75,0.75,1.0,0.55,-1,-1,0.263393,0.000969
2,1,-1,0.8,0.8,1.0,0.55,-1,-1,0.284439,0.000969
2,1,-1,0.85,0.85,1.0,0.55,-1,-1,0.305484,0.0
2,1,-1,0.9,0.9,1.0,0.55,-1,-1,0.361607,0.0
2,1,-1,0.95,0.95,1.0,0.55,-1,-1,0.438775,0.0
2,1,-1,1.0,1.0,1.0,0.55,-1,-1,1.0,0.0
2,1,-1,0.05,0.05,0.6,0.6,-1,-1,0.025,0.128571
2,1,-1,0.1,0.1,0.6,0.6,-1,-1,0.025,0.128571
2,1,-1,0.15,0.15,0.6,0.6,-1,-1,0.025,0.128571
2,1,-1,0.2,0.2,0.6,0.6,-1,-1,0.025,0.128571
2,1,-1,0.25,0.25,0.6,0.6,-1,-1,0.025,0.128571
2,1,-1,0.3,0.3,0.6,0.6,-1,-1,0.025,0.128571
2,1,-1,0.35,0.35,0.6,0.6,-1,-1,0.025,0.128571
2,1,-1,0.4,0.4,0.6,0.6,-1,-1,0.025,0.128571
2,1,-1,0.45,0.45,0.6,0.6,-1,-1,0.025,0.128571
2,1,-1,0.5,0.5,0.6,0.6,-1,-1,0.025,0.128571
2,1,-1,0.55,0.55,0.6,0.6,-1,-1,0.025,0.128571
2,1,-1,0.6,0.6,0.6,0.6,-1,-1,0.025,0.128571
2,1,-1,0.65,0.65,0.6,0.6,-1,-1,0.025,0.128571
2,1,-1,0.7,0.7,0.6,0.6,-1,-1,0.025,0.128571
2,1,-1,0.75,0.75,0.6,0.6,-1,-1,0.025,0.128571
2,1,-1,0.8,0.8,0.6,0.6,-1,-1,0.025,0.128571
2,1,-1,0.85,0.85,0.6,0.6,-1,-1,0.025,0.128571
2,1,-1,0.9,0.9,0.6,0.6,-1,-1,0.025,0.128571
2,1,-1,0.95,0.95,0.6,0.6,-1,-1,0.025,0.128571
2,1,-1,1.0,1.0,0.6,0.6,-1,-1,0.025,0.128571
2,1,-1,0.05,0.05,0.65,0.6,-1,-1,0.025,0.115102
2,1,-1,0.1,0.1,0.65,0.6,-1,-1,0.025115,0.11102
2,1,-1,0.15,0.15,0.65,0.6,-1,-1,0.025191,0.108163
2,1,-1,0.2,0.2,0.65,0.6,-1,-1,0.025268,0.105918
2,1,-1,0.25,0.25,0.65,0.6,-1,-1,0.025344,0.104694
2,1,-1,0.3,0.3,0.65,0.6,-1,-1,0.025383,0.103877
2,1,-1,0.35,0.35,0.65,0.6,-1,-1,0.025421,0.102857
2,1,-1,0.4,0.4,0.65,0.6,-1,-1,0.025459,0.102041
2,1,-1,0.45,0.45,0.65,0.6,-1,-1,0.025574,0.101429
2,1,-1,0.5,0.5,0.65,0.6,-1,-1,0.025727,0.101224
2,1,-1,0.55,0.55,0.65,0.6,-1,-1,0.025842,0.100816
2,1,-1,0.6,0.6,0.65,0.6,-1,-1,0.026071,0.100816
2,1,-1,0.65,0.65,0.65,0.6,-1,-1,0.026148,0.100816
2,1,-1,0.7,0.7,0.65,0.6,-1,-1,0.026263,0.100612
2,1,-1,0.75,0.75,0.65,0.6,-1,-1,0.026339,0.100204
2,1,-1,0.8,0.8,0.65,0.6,-1,-1,0.026454,0.100204
2,1,-1,0.85,0.85,0.65,0.6,-1,-1,0.026569,0.1
2,1,-1,0.9,0.9,0.65,0.6,-1,-1,0.026875,0.1
2,1,-1,0.95,0.95,0.65,0.6,-1,-1,0.027296,0.1
2,1,-1,1.0,1.0,0.65,0.6,-1,-1,0.030357,0.1
2,1,-1,0.05,0.05,0.7,0.6,-1,-1,0.025,0.108367
2,1,-1,0.1,0.1,0.7,0.6,-1,-1,0.02523,0.102245
2,1,-1,0.15,0.15,0.7,0.6,-1,-1,0.025383,0.097959
2,1,-1,0.2,0.2,0.7,0.6,-1,-1,0.025536,0.094592
2,1,-1,0.25,0.25,0.7,0.6,-1,-1,0.025689,0.092755
2,1,-1,0.3,0.3,0.7,0.6,-1,-1,0.025765,0.09153
2,1,-1,0.35,0.35,0.7,0.6,-1,-1,0.025842,0.09
2,1,-1,0.4,0.4,0.7,0.6,-1,-1,0.025918,0.088775
2,1,-1,0.45,0.45,0.7,0.6,-1,-1,0.026148,0.087857
2,1,-1,0.5,0.5,0.7,0.6,-1,-1,0.026454,0.087551
2,1,-1,0.55,0.55,0.7,0.6,-1,-1,0.026684,0.086938
2,1,-1,0.6,0.6,0.7,0.6,-1,-1,0.027143,0.086938
2,1,-1,0.65,0.65,0.7,0.6,-1,-1,0.027296,0.086938
2,1,-1,0.7,0.7,0.7,0.6,-1,-1,0.027525,0.086632
2,1,-1,0.75,0.75,0.7,0.6,-1,-1,0.027679,0.08602
2,1,-1,0.8,0.8,0.7,0.6,-1,-1,0.027908,0.08602
2,1,-1,0.85,0.85,0.7,0.6,-1,-1,0.028138,0.085714
2,1,-1,0.9,0.9,0.7,0.6,-1,-1,0.02875,0.085714
2,1,-1,0.95,0.95,0.7,0.6,-1,-1,0.029592,0.085714
2,1,-1,1.0,1.0,0.7,0.6,-1,-1,0.035714,0.085714
2,1,-1,0.05,0.05,0.75,0.6,-1,-1,0.025,0.098265
2,1,-1,0.1,0.1,0.75,0.6,-1,-1,0.025421,0.089082
2,1,-1,0.15,0.15,0.75,0.6,-1,-1,0.025702,0.082653
2,1,-1,0.2,0.2,0.75,0.6,-1,-1,0.025982,0.077602
2,1,-1,0.25,0.25,0.75,0.6,-1,-1,0.026263,0.074847
2,1,-1,0.3,0.3,0.75,0.6,-1,-1,0.026403,0.07301
2,1,-1,0.35,0.35,0.75,0.6,-1,-1,0.026543,0.070714
2,1,-1,0.4,0.4,0.75,0.6,-1,-1,0.026684,0.068878
2,1,-1,0.45,0.45,0.75,0.6,-1,-1,0.027105,0.0675
2,1,-1,0.5,0.5,0.75,0.6,-1,-1,0.027666,0.067041
2,1,-1,0.55,0.55,0.75,0.6,-1,-1,0.028087,0.066123
2,1,-1,0.6,0.6,0.75,0.6,-1,-1,0.028929,0.066123
2,1,-1,0.65,0.65,0.75,0.6,-1,-1,0.029209,0.066123
2,1,-1,0.7,0.7,0.75,0.6,-1,-1,0.02963,0.065664
2,1,-1,0.75,0.75,0.75,0.6,-1,-1,0.029911,0.064745
2,1,-1,0.8,0.8,0.75,0.6,-1,-1,0.030332,0.064745
2,1,-1,0.85,0.85,0.75,0.6,-1,-1,0.030753,0.064286
2,1,-1,0.9,0.9,0.75,0.6,-1,-1,0.031875,0.064286
2,1,-1,0.95,0.95,0.75,0.6,-1,-1,0.033418,0.064286
2,1,-1,1.0,1.0,0.75,0.6,-1,-1,0.044643,0.064286
2,1,-1,0.05,0.05,0.8,0.6,-1,-1,0.025,0.09153
2,1,-1,0.1,0.1,0.8,0.6,-1,-1,0.025651,0.080306
2,1,-1,0.15,0.15,0.8,0.6,-1,-1,0.026084,0.072449
2,1,-1,0.2,0.2,0.8,0.6,-1,-1,0.026518,0.066275
2,1,-1,0.25,0.25,0.8,0.6,-1,-1,0.026952,0.062908
2,1,-1,0.3,0.3,0.8,0.6,-1,-1,0.027168,0.060663
2,1,-1,0.35,0.35,0.8,0.6,-1,-1,0.027385,0.057857
2,1,-1,0.4,0.4,0.8,0.6,-1,-1,0.027602,0.055612
2,1,-1,0.45,0.45,0.8,0.6,-1,-1,0.028253,0.053929
2,1,-1,0.5,0.5,0.8,0.6,-1,-1,0.02912,0.053367
2,1,-1,0.55,0.55,0.8,0.6,-1,-1,0.02977,0.052245
2,1,-1,0.6,0.6,0.8,0.6,-1,-1,0.031071,0.052245
2,1,-1,0.65,0.65,0.8,0.6,-1,-1,0.031505,0.052245
2,1,-1,0.7,0.7,0.8,0.6,-1,-1,0.032156,0.051684
2,1,-1,0.75,0.75,0.8,0.6,-1,-1,0.032589,0.050561
2,1,-1,0.8,0.8,0.8,0.6,-1,-1,0.03324,0.050561
2,1,-1,0.85,0.85,0.8,0.6,-1,-1,0.03389,0.05
2,1,-1,0.9,0.9,0.8,0.6,-1,-1,0.035625,0.05
2,1,-1,0.95,0.95,0.8,0.6,-1,-1,0.03801,0.05
2,1,-1,1.0,1.0,0.8,0.6,-1,-1,0.055357,0.05
2,1,-1,0.05,0.05,0.85,0.6,-1,-1,0.025,0.088163
2,1,-1,0.1,0.1,0.85,0.6,-1,-1,0.025995,0.075918
2,1,-1,0.15,0.15,0.85,0.6,-1,-1,0.026658,0.067347
2,1,-1,0.2,0.2,0.85,0.6,-1,-1,0.027321,0.060612
2,1,-1,0.25,0.25,0.85,0.6,-1,-1,0.027985,0.056939
2,1,-1,0.3,0.3,0.85,0.6,-1,-1,0.028316,0.05449
2,1,-1,0.35,0.35,0.85,0.6,-1,-1,0.028648,0.051428
2,1,-1,0.4,0.4,0.85,0.6,-1,-1,0.02898,0.048979
2,1,-1,0.45,0.45,0.85,0.6,-1,-1,0.029975,0.047143
2,1,-1,0.5,0.5,0.85,0.6,-1,-1,0.031301,0.04653
2,1,-1,0.55,0.55,0.85,0.6,-1,-1,0.032296,0.045306
2,1,-1,0.6,0.6,0.85,0.6,-1,-1,0.034286,0.045306
2,1,-1,0.65,0.65,0.85,0.6,-1,-1,0.034949,0.045306
2,1,-1,0.7,0.7,0.85,0.6,-1,-1,0.035944,0.044694
2,1,-1,0.75,0.75,0.85,0.6,-1,-1,0.036607,0.043469
2,1,-1,0.8,0.8,0.85,0.6,-1,-1,0.037602,0.043469
2,1,-1,0.85,0.85,0.85,0.6,-1,-1,0.038597,0.042857
2,1,-1,0.9,0.9,0.85,0.6,-1,-1,0.04125,0.042857
2,1,-1,0.95,0.95,0.85,0.6,-1,-1,0.044898,0.042857
2,1,-1,1.0,1.0,0.85,0.6,-1,-1,0.071429,0.042857
2,1,-1,0.05,0.05,0.9,0.6,-1,-1,0.025,0.074694
2,1,-1,0.1,0.1,0.9,0.6,-1,-1,0.026492,0.058367
2,1,-1,0.15,0.15,0.9,0.6,-1,-1,0.027487,0.046939
2,1,-1,0.2,0.2,0.9,0.6,-1,-1,0.028482,0.037959
2,1,-1,0.25,0.25,0.9,0.6,-1,-1,0.029477,0.033061
2,1,-1,0.3,0.3,0.9,0.6,-1,-1,0.029975,0.029796
2,1,-1,0.35,0.35,0.9,0.6,-1,-1,0.030472,0.025715
2,1,-1,0.4,0.4,0.9,0.6,-1,-1,0.030969,0.022449
2,1,-1,0.45,0.45,0.9,0.6,-1,-1,0.032462,0.02
2,1,-1,0.5,0.5,0.9,0.6,-1,-1,0.034452,0.019184
2,1,-1,0.55,0.55,0.9,0.6,-1,-1,0.035944,0.017551
2,1,-1,0.6,0.6,0.9,0.6,-1,-1,0.038929,0.017551
2,1,-1,0.65,0.65,0.9,0.6,-1,-1,0.039924,0.017551
2,1,-1,0.7,0.7,0.9,0.6,-1,-1,0.041416,0.016735
2,1,-1,0.75,0.75,0.9,0.6,-1,-1,0.042411,0.015102
2,1,-1,0.8,0.8,0.9,0.6,-1,-1,0.043903,0.015102
2,1,-1,0.85,0.85,0.9,0.6,-1,-1,0.045395,0.014286
2,1,-1,0.9,0.9,0.9,0.6,-1,-1,0.049375,0.014286
2,1,-1,0.95,0.95,0.9,0.6,-1,-1,0.054847,0.014286
2,1,-1,1.0,1.0,0.9,0.6,-1,-1,0.094643,0.014286
2,1,-1,0.05,0.05,0.95,0.6,-1,-1,0.025,0.071326
2,1,-1,0.1,0.1,0.95,0.6,-1,-1,0.027755,0.053979
2,1,-1,0.15,0.15,0.95,0.6,-1,-1,0.029592,0.041837
2,1,-1,0.2,0.2,0.95,0.6,-1,-1,0.031429,0.032296
2,1,-1,0.25,0.25,0.95,0.6,-1,-1,0.033265,0.027092
2,1,-1,0.3,0.3,0.95,0.6,-1,-1,0.034184,0.023622
2,1,-1,0.35,0.35,0.95,0.6,-1,-1,0.035102,0.019286
2,1,-1,0.4,0.4,0.95,0.6,-1,-1,0.03602,0.015816
2,1,-1,0.45,0.45,0.95,0.6,-1,-1,0.038775,0.013214
2,1,-1,0.5,0.5,0.95,0.6,-1,-1,0.042449,0.012347
2,1,-1,0.55,0.55,0.95,0.6,-1,-1,0.045204,0.010612
2,1,-1,0.6,0.6,0.95,0.6,-1,-1,0.050714,0.010612
2,1,-1,0.65,0.65,0.95,0.6,-1,-1,0.052551,0.010612
2,1,-1,0.7,0.7,0.95,0.6,-1,-1,0.055306,0.009745
2,1,-1,0.75,0.75,0.95,0.6,-1,-1,0.057143,0.00801
2,1,-1,0.8,0.8,0.95,0.6,-1,-1,0.059898,0.00801
2,1,-1,0.85,0.85,0.95,0.6,-1,-1,0.062653,0.007143
2,1,-1,0.9,0.9,0.95,0.6,-1,-1,0.07,0.007143
2,1,-1,0.95,0.95,0.95,0.6,-1,-1,0.080102,0.007143
2,1,-1,1.0,1.0,0.95,0.6,-1,-1,0.153571,0.007143
2,1,-1,0.05,0.05,1.0,0.6,-1,-1,0.025,0.067959
2,1,-1,0.1,0.1,1.0,0.6,-1,-1,0.045893,0.049592
2,1,-1,0.15,0.15,1.0,0.6,-1,-1,0.059821,0.036735
2,1,-1,0.2,0.2,1.0,0.6,-1,-1,0.07375,0.026633
2,1,-1,0.25,0.25,1.0,0.6,-1,-1,0.087679,0.021122
2,1,-1,0.3,0.3,1.0,0.6,-1,-1,0.094643,0.017449
2,1,-1,0.35,0.35,1.0,0.6,-1,-1,0.101607,0.012857
2,1,-1,0.4,0.4,1.0,0.6,-1,-1,0.108571,0.009184
2,1,-1,0.45,0.45,1.0,0.6,-1,-1,0.129464,0.006429
2,1,-1,0.5,0.5,1.0,0.6,-1,-1,0.157321,0.00551
2,1,-1,0.55,0.55,1.0,0.6,-1,-1,0.178214,0.003673
2,1,-1,0.6,0.6,1.0,0.6,-1,-1,0.22,0.003673
2,1,-1,0.65,0.65,1.0,0.6,-1,-1,0.233929,0.003673
2,1,-1,0.7,0.7,1.0,0.6,-1,-1,0.254821,0.002755
2,1,-1,0.75,0.75,1.0,0.6,-1,-1,0.26875,0.000918
2,1,-1,0.8,0.8,1.0,0.6,-1,-1,0.289643,0.000918
2,1,-1,0.85,0.85,1.0,0.6,-1,-1,0.310536,0.0
2,1,-1,0.9,0.9,1.0,0.6,-1,-1,0.36625,0.0
2,1,-1,0.95,0.95,1.0,0.6,-1,-1,0.442857,0.0
2,1,-1,1.0,1.0,1.0,0.6,-1,-1,1.0,0.0
2,1,-1,0.05,0.05,0.65,0.65,-1,-1,0.030357,0.1
2,1,-1,0.1,0.1,0.65,0.65,-1,-1,0.030357,0.1
2,1,-1,0.15,0.15,0.65,0.65,-1,-1,0.030357,0.1
2,1,-1,0.2,0.2,0.65,0.65,-1,-1,0.030357,0.1
2,1,-1,0.25,0.25,0.65,0.65,-1,-1,0.030357,0.1
2,1,-1,0.3,0.3,0.65,0.65,-1,-1,0.030357,0.1
2,1,-1,0.35,0.35,0.65,0.65,-1,-1,0.030357,0.1
2,1,-1,0.4,0.4,0.65,0.65,-1,-1,0.030357,0.1
2,1,-1,0.45,0.45,0.65,0.65,-1,-1,0.030357,0.1
2,1,-1,0.5,0.5,0.65,0.65,-1,-1,0.030357,0.1
2,1,-1,0.55,0.55,0.65,0.65,-1,-1,0.030357,0.1
2,1,-1,0.6,0.6,0.65,0.65,-1,-1,0.030357,0.1
2,1,-1,0.65,0.65,0.65,0.65,-1,-1,0.030357,0.1
2,1,-1,0.7,0.7,0.65,0.65,-1,-1,0.030357,0.1
2,1,-1,0.75,0.75,0.65,0.65,-1,-1,0.030357,0.1
2,1,-1,0.8,0.8,0.65,0.65,-1,-1,0.030357,0.1
2,1,-1,0.85,0.85,0.65,0.65,-1,-1,0.030357,0.1
2,1,-1,0.9,0.9,0.65,0.65,-1,-1,0.030357,0.1
2,1,-1,0.95,0.95,0.65,0.65,-1,-1,0.030357,0.1
2,1,-1,1.0,1.0,0.65,0.65,-1,-1,0.030357,0.1
2,1,-1,0.05,0.05,0.7,0.65,-1,-1,0.030357,0.093265
2,1,-1,0.1,0.1,0.7,0.65,-1,-1,0.030472,0.091224
2,1,-1,0.15,0.15,0.7,0.65,-1,-1,0.030548,0.089796
2,1,-1,0.2,0.2,0.7,0.65,-1,-1,0.030625,0.088673
2,1,-1,0.25,0.25,0.7,0.65,-1,-1,0.030701,0.088061
2,1,-1,0.3,0.3,0.7,0.65,-1,-1,0.03074,0.087653
2,1,-1,0.35,0.35,0.7,0.65,-1,-1,0.030778,0.087143
2,1,-1,0.4,0.4,0.7,0.65,-1,-1,0.030816,0.086734
2,1,-1,0.45,0.45,0.7,0.65,-1,-1,0.030931,0.086428
2,1,-1,0.5,0.5,0.7,0.65,-1,-1,0.031084,0.086326
2,1,-1,0.55,0.55,0.7,0.65,-1,-1,0.031199,0.086122
2,1,-1,0.6,0.6,0.7,0.65,-1,-1,0.031428,0.086122
2,1,-1,0.65,0.65,0.7,0.65,-1,-1,0.031505,0.086122
2,1,-1,0.7,0.7,0.7,0.65,-1,-1,0.03162,0.08602
2,1,-1,0.75,0.75,0.7,0.65,-1,-1,0.031696,0.085816
2,1,-1,0.8,0.8,0.7,0.65,-1,-1,0.031811,0.085816
2,1,-1,0.85,0.85,0.7,0.65,-1,-1,0.031926,0.085714
2,1,-1,0.9,0.9,0.7,0.65,-1,-1,0.032232,0.085714
2,1,-1,0.95,0.95,0.7,0.65,-1,-1,0.032653,0.085714
2,1,-1,1.0,1.0,0.7,0.65,-1,-1,0.035714,0.085714
2,1,-1,0.05,0.05,0.75,0.65,-1,-1,0.030357,0.083163
2,1,-1,0.1,0.1,0.75,0.65,-1,-1,0.030663,0.078061
2,1,-1,0.15,0.15,0.75,0.65,-1,-1,0.030867,0.07449
2,1,-1,0.2,0.2,0.75,0.65,-1,-1,0.031071,0.071684
2,1,-1,0.25,0.25,0.75,0.65,-1,-1,0.031275,0.070153
2,1,-1,0.3,0.3,0.75,0.65,-1,-1,0.031377,0.069133
2,1,-1,0.35,0.35,0.75,0.65,-1,-1,0.031479,0.067857
2,1,-1,0.4,0.4,0.75,0.65,-1,-1,0.031582,0.066837
2,1,-1,0.45,0.45,0.75,0.65,-1,-1,0.031888,0.066072
2,1,-1,0.5,0.5,0.75,0.65,-1,-1,0.032296,0.065817
2,1,-1,0.55,0.55,0.75,0.65,-1,-1,0.032602,0.065306
2,1,-1,0.6,0.6,0.75,0.65,-1,-1,0.033214,0.065306
2,1,-1,0.65,0.65,0.75,0.65,-1,-1,0.033418,0.065306
2,1,-1,0.7,0.7,0.75,0.65,-1,-1,0.033724,0.065051
2,1,-1,0.75,0.75,0.75,0.65,-1,-1,0.033929,0.064541
2,1,-1,0.8,0.8,0.75,0.65,-1,-1,0.034235,0.064541
2,1,-1,0.85,0.85,0.75,0.65,-1,-1,0.034541,0.064286
2,1,-1,0.9,0.9,0.75,0.65,-1,-1,0.035357,0.064286
2,1,-1,0.95,0.95,0.75,0.65,-1,-1,0.03648,0.064286
2,1,-1,1.0,1.0,0.75,0.65,-1,-1,0.044643,0.064286
2,1,-1,0.05,0.05,0.8,0.65,-1,-1,0.030357,0.076429
2,1,-1,0.1,0.1,0.8,0.65,-1,-1,0.030893,0.069286
2,1,-1,0.15,0.15,0.8,0.65,-1,-1,0.03125,0.064286
2,1,-1,0.2,0.2,0.8,0.65,-1,-1,0.031607,0.060357
2,1,-1,0.25,0.25,0.8,0.65,-1,-1,0.031964,0.058214
2,1,-1,0.3,0.3,0.8,0.65,-1,-1,0.032143,0.056786
2,1,-1,0.35,0.35,0.8,0.65,-1,-1,0.032321,0.055
2,1,-1,0.4,0.4,0.8,0.65,-1,-1,0.0325,0.053571
2,1,-1,0.45,0.45,0.8,0.65,-1,-1,0.033036,0.0525
2,1,-1,0.5,0.5,0.8,0.65,-1,-1,0.03375,0.052143
2,1,-1,0.55,0.55,0.8,0.65,-1,-1,0.034286,0.051429
2,1,-1,0.6,0.6,0.8,0.65,-1,-1,0.035357,0.051429
2,1,-1,0.65,0.65,0.8,0.65,-1,-1,0.035714,0.051429
2,1,-1,0.7,0.7,0.8,0.65,-1,-1,0.03625,0.051071
2,1,-1,0.75,0.75,0.8,0.65,-1,-1,0.036607,0.050357
2,1,-1,0.8,0.8,0.8,0.65,-1,-1,0.037143,0.050357
2,1,-1,0.85,0.85,0.8,0.65,-1,-1,0.037678,0.05
2,1,-1,0.9,0.9,0.8,0.65,-1,-1,0.039107,0.05
2,1,-1,0.95,0.95,0.8,0.65,-1,-1,0.041071,0.05
2,1,-1,1.0,1.0,0.8,0.65,-1,-1,0.055357,0.05
2,1,-1,0.05,0.05,0.85,0.65,-1,-1,0.030357,0.073061
2,1,-1,0.1,0.1,0.85,0.65,-1,-1,0.031237,0.064898
2,1,-1,0.15,0.15,0.85,0.65,-1,-1,0.031824,0.059184
2,1,-1,0.2,0.2,0.85,0.65,-1,-1,0.032411,0.054694
2,1,-1,0.25,0.25,0.85,0.65,-1,-1,0.032997,0.052245
2,1,-1,0.3,0.3,0.85,0.65,-1,-1,0.033291,0.050612
2,1,-1,0.35,0.35,0.85,0.65,-1,-1,0.033584,0.048571
2,1,-1,0.4,0.4,0.85,0.65,-1,-1,0.033877,0.046939
2,1,-1,0.45,0.45,0.85,0.65,-1,-1,0.034758,0.045714
2,1,-1,0.5,0.5,0.85,0.65,-1,-1,0.035931,0.045306
2,1,-1,0.55,0.55,0.85,0.65,-1,-1,0.036811,0.04449
2,1,-1,0.6,0.6,0.85,0.65,-1,-1,0.038571,0.04449
2,1,-1,0.65,0.65,0.85,0.65,-1,-1,0.039158,0.04449
2,1,-1,0.7,0.7,0.85,0.65,-1,-1,0.040038,0.044082
2,1,-1,0.75,0.75,0.85,0.65,-1,-1,0.040625,0.043265
2,1,-1,0.8,0.8,0.85,0.65,-1,-1,0.041505,0.043265
2,1,-1,0.85,0.85,0.85,0.65,-1,-1,0.042385,0.042857
2,1,-1,0.9,0.9,0.85,0.65,-1,-1,0.044732,0.042857
2,1,-1,0.95,0.95,0.85,0.65,-1,-1,0.047959,0.042857
2,1,-1,1.0,1.0,0.85,0.65,-1,-1,0.071429,0.042857
2,1,-1,0.05,0.05,0.9,0.65,-1,-1,0.030357,0.059592
2,1,-1,0.1,0.1,0.9,0.65,-1,-1,0.031735,0.047347
2,1,-1,0.15,0.15,0.9,0.65,-1,-1,0.032653,0.038776
2,1,-1,0.2,0.2,0.9,0.65,-1,-1,0.033571,0.032041
2,1,-1,0.25,0.25,0.9,0.65,-1,-1,0.03449,0.028368
2,1,-1,0.3,0.3,0.9,0.65,-1,-1,0.034949,0.025919
2,1,-1,0.35,0.35,0.9,0.65,-1,-1,0.035408,0.022857
2,1,-1,0.4,0.4,0.9,0.65,-1,-1,0.035867,0.020408
2,1,-1,0.45,0.45,0.9,0.65,-1,-1,0.037245,0.018572
2,1,-1,0.5,0.5,0.9,0.65,-1,-1,0.039082,0.017959
2,1,-1,0.55,0.55,0.9,0.65,-1,-1,0.040459,0.016735
2,1,-1,0.6,0.6,0.9,0.65,-1,-1,0.043214,0.016735
2,1,-1,0.65,0.65,0.9,0.65,-1,-1,0.044133,0.016735
2,1,-1,0.7,0.7,0.9,0.65,-1,-1,0.04551,0.016123
2,1,-1,0.75,0.75,0.9,0.65,-1,-1,0.046428,0.014898
2,1,-1,0.8,0.8,0.9,0.65,-1,-1,0.047806,0.014898
2,1,-1,0.85,0.85,0.9,0.65,-1,-1,0.049184,0.014286
2,1,-1,0.9,0.9,0.9,0.65,-1,-1,0.052857,0.014286
2,1,-1,0.95,0.95,0.9,0.65,-1,-1,0.057908,0.014286
2,1,-1,1.0,1.0,0.9,0.65,-1,-1,0.094643,0.014286
2,1,-1,0.05,0.05,0.95,0.65,-1,-1,0.030357,0.056225
2,1,-1,0.1,0.1,0.95,0.65,-1,-1,0.032997,0.042959
2,1,-1,0.15,0.15,0.95,0.65,-1,-1,0.034757,0.033674
2,1,-1,0.2,0.2,0.95,0.65,-1,-1,0.036518,0.026378
2,1,-1,0.25,0.25,0.95,0.65,-1,-1,0.038278,0.022398
2,1,-1,0.3,0.3,0.95,0.65,-1,-1,0.039158,0.019745
2,1,-1,0.35,0.35,0.95,0.65,-1,-1,0.040038,0.016429
2,1,-1,0.4,0.4,0.95,0.65,-1,-1,0.040918,0.013776
2,1,-1,0.45,0.45,0.95,0.65,-1,-1,0.043559,0.011786
2,1,-1,0.5,0.5,0.95,0.65,-1,-1,0.047079,0.011123
2,1,-1,0.55,0.55,0.95,0.65,-1,-1,0.049719,0.009796
2,1,-1,0.6,0.6,0.95,0.65,-1,-1,0.055,0.009796
2,1,-1,0.65,0.65,0.95,0.65,-1,-1,0.05676,0.009796
2,1,-1,0.7,0.7,0.95,0.65,-1,-1,0.0594,0.009133
2,1,-1,0.75,0.75,0.95,0.65,-1,-1,0.061161,0.007806
2,1,-1,0.8,0.8,0.95,0.65,-1,-1,0.063801,0.007806
2,1,-1,0.85,0.85,0.95,0.65,-1,-1,0.066441,0.007143
2,1,-1,0.9,0.9,0.95,0.65,-1,-1,0.073482,0.007143
2,1,-1,0.95,0.95,0.95,0.65,-1,-1,0.083163,0.007143
2,1,-1,1.0,1.0,0.95,0.65,-1,-1,0.153571,0.007143
2,1,-1,0.05,0.05,1.0,0.65,-1,-1,0.030357,0.052857
2,1,-1,0.1,0.1,1.0,0.65,-1,-1,0.051135,0.038571
2,1,-1,0.15,0.15,1.0,0.65,-1,-1,0.064987,0.028571
2,1,-1,0.2,0.2,1.0,0.65,-1,-1,0.078839,0.020714
2,1,-1,0.25,0.25,1.0,0.65,-1,-1,0.092691,0.016429
2,1,-1,0.3,0.3,1.0,0.65,-1,-1,0.099618,0.013571
2,1,-1,0.35,0.35,1.0,0.65,-1,-1,0.106543,0.01
2,1,-1,0.4,0.4,1.0,0.65,-1,-1,0.113469,0.007143
2,1,-1,0.45,0.45,1.0,0.65,-1,-1,0.134247,0.005
2,1,-1,0.5,0.5,1.0,0.65,-1,-1,0.161951,0.004286
2,1,-1,0.55,0.55,1.0,0.65,-1,-1,0.18273,0.002857
2,1,-1,0.6,0.6,1.0,0.65,-1,-1,0.224286,0.002857
2,1,-1,0.65,0.65,1.0,0.65,-1,-1,0.238138,0.002857
2,1,-1,0.7,0.7,1.0,0.65,-1,-1,0.258915,0.002143
2,1,-1,0.75,0.75,1.0,0.65,-1,-1,0.272768,0.000714
2,1,-1,0.8,0.8,1.0,0.65,-1,-1,0.293546,0.000714
2,1,-1,0.85,0.85,1.0,0.65,-1,-1,0.314324,0.0
2,1,-1,0.9,0.9,1.0,0.65,-1,-1,0.369732,0.0
2,1,-1,0.95,0.95,1.0,0.65,-1,-1,0.445918,0.0
2,1,-1,1.0,1.0,1.0,0.65,-1,-1,1.0,0.0
2,1,-1,0.05,0.05,0.7,0.7,-1,-1,0.035714,0.085714
2,1,-1,0.1,0.1,0.7,0.7,-1,-1,0.035714,0.085714
2,1,-1,0.15,0.15,0.7,0.7,-1,-1,0.035714,0.085714
2,1,-1,0.2,0.2,0.7,0.7,-1,-1,0.035714,0.085714
2,1,-1,0.25,0.25,0.7,0.7,-1,-1,0.035714,0.085714
2,1,-1,0.3,0.3,0.7,0.7,-1,-1,0.035714,0.085714
2,1,-1,0.35,0.35,0.7,0.7,-1,-1,0.035714,0.085714
2,1,-1,0.4,0.4,0.7,0.7,-1,-1,0.035714,0.085714
2,1,-1,0.45,0.45,0.7,0.7,-1,-1,0.035714,0.085714
2,1,-1,0.5,0.5,0.7,0.7,-1,-1,0.035714,0.085714
2,1,-1,0.55,0.55,0.7,0.7,-1,-1,0.035714,0.085714
2,1,-1,0.6,0.6,0.7,0.7,-1,-1,0.035714,0.085714
2,1,-1,0.65,0.65,0.7,0.7,-1,-1,0.035714,0.085714
2,1,-1,0.7,0.7,0.7,0.7,-1,-1,0.035714,0.085714
2,1,-1,0.75,0.75,0.7,0.7,-1,-1,0.035714,0.085714
2,1,-1,0.8,0.8,0.7,0.7,-1,-1,0.035714,0.085714
2,1,-1,0.85,0.85,0.7,0.7,-1,-1,0.035714,0.085714
2,1,-1,0.9,0.9,0.7,0.7,-1,-1,0.035714,0.085714
2,1,-1,0.95,0.95,0.7,0.7,-1,-1,0.035714,0.085714
2,1,-1,1.0,1.0,0.7,0.7,-1,-1,0.035714,0.085714
2,1,-1,0.05,0.05,0.75,0.7,-1,-1,0.035714,0.075612
2,1,-1,0.1,0.1,0.75,0.7,-1,-1,0.035905,0.072551
2,1,-1,0.15,0.15,0.75,0.7,-1,-1,0.036033,0.070408
2,1,-1,0.2,0.2,0.75,0.7,-1,-1,0.03616,0.068725
2,1,-1,0.25,0.25,0.75,0.7,-1,-1,0.036288,0.067806
2,1,-1,0.3,0.3,0.75,0.7,-1,-1,0.036352,0.067194
2,1,-1,0.35,0.35,0.75,0.7,-1,-1,0.036416,0.066429
2,1,-1,0.4,0.4,0.75,0.7,-1,-1,0.036479,0.065817
2,1,-1,0.45,0.45,0.75,0.7,-1,-1,0.036671,0.065357
2,1,-1,0.5,0.5,0.75,0.7,-1,-1,0.036926,0.065204
2,1,-1,0.55,0.55,0.75,0.7,-1,-1,0.037117,0.064898
2,1,-1,0.6,0.6,0.75,0.7,-1,-1,0.0375,0.064898
2,1,-1,0.65,0.65,0.75,0.7,-1,-1,0.037627,0.064898
2,1,-1,0.7,0.7,0.75,0.7,-1,-1,0.037819,0.064745
2,1,-1,0.75,0.75,0.75,0.7,-1,-1,0.037946,0.064439
2,1,-1,0.8,0.8,0.75,0.7,-1,-1,0.038138,0.064439
2,1,-1,0.85,0.85,0.75,0.7,-1,-1,0.038329,0.064286
2,1,-1,0.9,0.9,0.75,0.7,-1,-1,0.038839,0.064286
2,1,-1,0.95,0.95,0.75,0.7,-1,-1,0.039541,0.064286
2,1,-1,1.0,1.0,0.75,0.7,-1,-1,0.044643,0.064286
2,1,-1,0.05,0.05,0.8,0.7,-1,-1,0.035714,0.068877
2,1,-1,0.1,0.1,0.8,0.7,-1,-1,0.036135,0.063775
2,1,-1,0.15,0.15,0.8,0.7,-1,-1,0.036416,0.060204
2,1,-1,0.2,0.2,0.8,0.7,-1,-1,0.036696,0.057398
2,1,-1,0.25,0.25,0.8,0.7,-1,-1,0.036977,0.055867
2,1,-1,0.3,0.3,0.8,0.7,-1,-1,0.037117,0.054847
2,1,-1,0.35,0.35,0.8,0.7,-1,-1,0.037257,0.053571
2,1,-1,0.4,0.4,0.8,0.7,-1,-1,0.037398,0.052551
2,1,-1,0.45,0.45,0.8,0.7,-1,-1,0.037819,0.051786
2,1,-1,0.5,0.5,0.8,0.7,-1,-1,0.03838,0.051531
2,1,-1,0.55,0.55,0.8,0.7,-1,-1,0.038801,0.05102
2,1,-1,0.6,0.6,0.8,0.7,-1,-1,0.039643,0.05102
2,1,-1,0.65,0.65,0.8,0.7,-1,-1,0.039923,0.05102
2,1,-1,0.7,0.7,0.8,0.7,-1,-1,0.040344,0.050765
2,1,-1,0.75,0.75,0.8,0.7,-1,-1,0.040625,0.050255
2,1,-1,0.8,0.8,0.8,0.7,-1,-1,0.041046,0.050255
2,1,-1,0.85,0.85,0.8,0.7,-1,-1,0.041467,0.05
2,1,-1,0.9,0.9,0.8,0.7,-1,-1,0.042589,0.05
2,1,-1,0.95,0.95,0.8,0.7,-1,-1,0.044132,0.05
2,1,-1,1.0,1.0,0.8,0.7,-1,-1,0.055357,0.05
2,1,-1,0.05,0.05,0.85,0.7,-1,-1,0.035714,0.06551
2,1,-1,0.1,0.1,0.85,0.7,-1,-1,0.036479,0.059388
2,1,-1,0.15,0.15,0.85,0.7,-1,-1,0.03699,0.055102
2,1,-1,0.2,0.2,0.85,0.7,-1,-1,0.0375,0.051735
2,1,-1,0.25,0.25,0.85,0.7,-1,-1,0.03801,0.049898
2,1,-1,0.3,0.3,0.85,0.7,-1,-1,0.038265,0.048673
2,1,-1,0.35,0.35,0.85,0.7,-1,-1,0.03852,0.047143
2,1,-1,0.4,0.4,0.85,0.7,-1,-1,0.038775,0.045918
2,1,-1,0.45,0.45,0.85,0.7,-1,-1,0.039541,0.045
2,1,-1,0.5,0.5,0.85,0.7,-1,-1,0.040561,0.044694
2,1,-1,0.55,0.55,0.85,0.7,-1,-1,0.041326,0.044081
2,1,-1,0.6,0.6,0.85,0.7,-1,-1,0.042857,0.044081
2,1,-1,0.65,0.65,0.85,0.7,-1,-1,0.043367,0.044081
2,1,-1,0.7,0.7,0.85,0.7,-1,-1,0.044133,0.043775
2,1,-1,0.75,0.75,0.85,0.7,-1,-1,0.044643,0.043163
2,1,-1,0.8,0.8,0.85,0.7,-1,-1,0.045408,0.043163
2,1,-1,0.85,0.85,0.85,0.7,-1,-1,0.046173,0.042857
2,1,-1,0.9,0.9,0.85,0.7,-1,-1,0.048214,0.042857
2,1,-1,0.95,0.95,0.85,0.7,-1,-1,0.05102,0.042857
2,1,-1,1.0,1.0,0.85,0.7,-1,-1,0.071429,0.042857
2,1,-1,0.05,0.05,0.9,0.7,-1,-1,0.035714,0.052041
2,1,-1,0.1,0.1,0.9,0.7,-1,-1,0.036977,0.041837
2,1,-1,0.15,0.15,0.9,0.7,-1,-1,0.037819,0.034694
2,1,-1,0.2,0.2,0.9,0.7,-1,-1,0.03866,0.029082
2,1,-1,0.25,0.25,0.9,0.7,-1,-1,0.039502,0.026021
2,1,-1,0.3,0.3,0.9,0.7,-1,-1,0.039923,0.02398
2,1,-1,0.35,0.35,0.9,0.7,-1,-1,0.040344,0.021429
2,1,-1,0.4,0.4,0.9,0.7,-1,-1,0.040765,0.019388
2,1,-1,0.45,0.45,0.9,0.7,-1,-1,0.042028,0.017857
2,1,-1,0.5,0.5,0.9,0.7,-1,-1,0.043711,0.017347
2,1,-1,0.55,0.55,0.9,0.7,-1,-1,0.044974,0.016327
2,1,-1,0.6,0.6,0.9,0.7,-1,-1,0.0475,0.016327
2,1,-1,0.65,0.65,0.9,0.7,-1,-1,0.048342,0.016327
2,1,-1,0.7,0.7,0.9,0.7,-1,-1,0.049604,0.015817
2,1,-1,0.75,0.75,0.9,0.7,-1,-1,0.050446,0.014796
2,1,-1,0.8,0.8,0.9,0.7,-1,-1,0.051709,0.014796
2,1,-1,0.85,0.85,0.9,0.7,-1,-1,0.052972,0.014286
2,1,-1,0.9,0.9,0.9,0.7,-1,-1,0.056339,0.014286
2,1,-1,0.95,0.95,0.9,0.7,-1,-1,0.060969,0.014286
2,1,-1,1.0,1.0,0.9,0.7,-1,-1,0.094643,0.014286
2,1,-1,0.05,0.05,0.95,0.7,-1,-1,0.035714,0.048673
2,1,-1,0.1,0.1,0.95,0.7,-1,-1,0.03824,0.037449
2,1,-1,0.15,0.15,0.95,0.7,-1,-1,0.039923,0.029592
2,1,-1,0.2,0.2,0.95,0.7,-1,-1,0.041607,0.023418
2,1,-1,0.25,0.25,0.95,0.7,-1,-1,0.043291,0.020051
2,1,-1,0.3,0.3,0.95,0.7,-1,-1,0.044132,0.017806
2,1,-1,0.35,0.35,0.95,0.7,-1,-1,0.044974,0.015
2,1,-1,0.4,0.4,0.95,0.7,-1,-1,0.045816,0.012755
2,1,-1,0.45,0.45,0.95,0.7,-1,-1,0.048342,0.011072
2,1,-1,0.5,0.5,0.95,0.7,-1,-1,0.051709,0.01051
2,1,-1,0.55,0.55,0.95,0.7,-1,-1,0.054234,0.009388
2,1,-1,0.6,0.6,0.95,0.7,-1,-1,0.059285,0.009388
2,1,-1,0.65,0.65,0.95,0.7,-1,-1,0.060969,0.009388
2,1,-1,0.7,0.7,0.95,0.7,-1,-1,0.063495,0.008827
2,1,-1,0.75,0.75,0.95,0.7,-1,-1,0.065178,0.007704
2,1,-1,0.8,0.8,0.95,0.7,-1,-1,0.067704,0.007704
2,1,-1,0.85,0.85,0.95,0.7,-1,-1,0.070229,0.007143
2,1,-1,0.9,0.9,0.95,0.7,-1,-1,0.076964,0.007143
2,1,-1,0.95,0.95,0.95,0.7,-1,-1,0.086224,0.007143
2,1,-1,1.0,1.0,0.95,0.7,-1,-1,0.153571,0.007143
2,1,-1,0.05,0.05,1.0,0.7,-1,-1,0.035714,0.045306
2,1,-1,0.1,0.1,1.0,0.7,-1,-1,0.056378,0.033061
2,1,-1,0.15,0.15,1.0,0.7,-1,-1,0.070153,0.02449
2,1,-1,0.2,0.2,1.0,0.7,-1,-1,0.083928,0.017755
2,1,-1,0.25,0.25,1.0,0.7,-1,-1,0.097704,0.014082
2,1,-1,0.3,0.3,1.0,0.7,-1,-1,0.104592,0.011633
2,1,-1,0.35,0.35,1.0,0.7,-1,-1,0.111479,0.008571
2,1,-1,0.4,0.4,1.0,0.7,-1,-1,0.118367,0.006122
2,1,-1,0.45,0.45,1.0,0.7,-1,-1,0.13903,0.004286
2,1,-1,0.5,0.5,1.0,0.7,-1,-1,0.166581,0.003673
2,1,-1,0.55,0.55,1.0,0.7,-1,-1,0.187245,0.002449
2,1,-1,0.6,0.6,1.0,0.7,-1,-1,0.228571,0.002449
2,1,-1,0.65,0.65,1.0,0.7,-1,-1,0.242347,0.002449
2,1,-1,0.7,0.7,1.0,0.7,-1,-1,0.26301,0.001837
2,1,-1,0.75,0.75,1.0,0.7,-1,-1,0.276786,0.000612
2,1,-1,0.8,0.8,1.0,0.7,-1,-1,0.297449,0.000612
2,1,-1,0.85,0.85,1.0,0.7,-1,-1,0.318112,0.0
2,1,-1,0.9,0.9,1.0,0.7,-1,-1,0.373214,0.0
2,1,-1,0.95,0.95,1.0,0.7,-1,-1,0.448979,0.0
2,1,-1,1.0,1.0,1.0,0.7,-1,-1,1.0,0.0
2,1,-1,0.05,0.05,0.75,0.75,-1,-1,0.044643,0.064286
2,1,-1,0.1,0.1,0.75,0.75,-1,-1,0.044643,0.064286
2,1,-1,0.15,0.15,0.75,0.75,-1,-1,0.044643,0.064286
2,1,-1,0.2,0.2,0.75,0.75,-1,-1,0.044643,0.064286
2,1,-1,0.25,0.25,0.75,0.75,-1,-1,0.044643,0.064286
2,1,-1,0.3,0.3,0.75,0.75,-1,-1,0.044643,0.064286
2,1,-1,0.35,0.35,0.75,0.75,-1,-1,0.044643,0.064286
2,1,-1,0.4,0.4,0.75,0.75,-1,-1,0.044643,0.064286
2,1,-1,0.45,0.45,0.75,0.75,-1,-1,0.044643,0.064286
2,1,-1,0.5,0.5,0.75,0.75,-1,-1,0.044643,0.064286
2,1,-1,0.55,0.55,0.75,0.75,-1,-1,0.044643,0.064286
2,1,-1,0.6,0.6,0.75,0.75,-1,-1,0.044643,0.064286
2,1,-1,0.65,0.65,0.75,0.75,-1,-1,0.044643,0.064286
2,1,-1,0.7,0.7,0.75,0.75,-1,-1,0.044643,0.064286
2,1,-1,0.75,0.75,0.75,0.75,-1,-1,0.044643,0.064286
2,1,-1,0.8,0.8,0.75,0.75,-1,-1,0.044643,0.064286
2,1,-1,0.85,0.85,0.75,0.75,-1,-1,0.044643,0.064286
2,1,-1,0.9,0.9,0.75,0.75,-1,-1,0.044643,0.064286
2,1,-1,0.95,0.95,0.75,0.75,-1,-1,0.044643,0.064286
2,1,-1,1.0,1.0,0.75,0.75,-1,-1,0.044643,0.064286
2,1,-1,0.05,0.05,0.8,0.75,-1,-1,0.044643,0.057551
2,1,-1,0.1,0.1,0.8,0.75,-1,-1,0.044873,0.05551
2,1,-1,0.15,0.15,0.8,0.75,-1,-1,0.045026,0.054082
2,1,-1,0.2,0.2,0.8,0.75,-1,-1,0.045179,0.052959
2,1,-1,0.25,0.25,0.8,0.75,-1,-1,0.045332,0.052347
2,1,-1,0.3,0.3,0.8,0.75,-1,-1,0.045408,0.051939
2,1,-1,0.35,0.35,0.8,0.75,-1,-1,0.045485,0.051429
2,1,-1,0.4,0.4,0.8,0.75,-1,-1,0.045561,0.05102
2,1,-1,0.45,0.45,0.8,0.75,-1,-1,0.045791,0.050714
2,1,-1,0.5,0.5,0.8,0.75,-1,-1,0.046097,0.050612
2,1,-1,0.55,0.55,0.8,0.75,-1,-1,0.046327,0.050408
2,1,-1,0.6,0.6,0.8,0.75,-1,-1,0.046786,0.050408
2,1,-1,0.65,0.65,0.8,0.75,-1,-1,0.046939,0.050408
2,1,-1,0.7,0.7,0.8,0.75,-1,-1,0.047168,0.050306
2,1,-1,0.75,0.75,0.8,0.75,-1,-1,0.047322,0.050102
2,1,-1,0.8,0.8,0.8,0.75,-1,-1,0.047551,0.050102
2,1,-1,0.85,0.85,0.8,0.75,-1,-1,0.047781,0.05
2,1,-1,0.9,0.9,0.8,0.75,-1,-1,0.048393,0.05
2,1,-1,0.95,0.95,0.8,0.75,-1,-1,0.049235,0.05
2,1,-1,1.0,1.0,0.8,0.75,-1,-1,0.055357,0.05
2,1,-1,0.05,0.05,0.85,0.75,-1,-1,0.044643,0.054184
2,1,-1,0.1,0.1,0.85,0.75,-1,-1,0.045217,0.051122
2,1,-1,0.15,0.15,0.85,0.75,-1,-1,0.0456,0.04898
2,1,-1,0.2,0.2,0.85,0.75,-1,-1,0.045982,0.047296
2,1,-1,0.25,0.25,0.85,0.75,-1,-1,0.046365,0.046377
2,1,-1,0.3,0.3,0.85,0.75,-1,-1,0.046556,0.045765
2,1,-1,0.35,0.35,0.85,0.75,-1,-1,0.046748,0.045
2,1,-1,0.4,0.4,0.85,0.75,-1,-1,0.046939,0.044388
2,1,-1,0.45,0.45,0.85,0.75,-1,-1,0.047513,0.043928
2,1,-1,0.5,0.5,0.85,0.75,-1,-1,0.048278,0.043775
2,1,-1,0.55,0.55,0.85,0.75,-1,-1,0.048852,0.043469
2,1,-1,0.6,0.6,0.85,0.75,-1,-1,0.05,0.043469
2,1,-1,0.65,0.65,0.85,0.75,-1,-1,0.050383,0.043469
2,1,-1,0.7,0.7,0.85,0.75,-1,-1,0.050957,0.043316
2,1,-1,0.75,0.75,0.85,0.75,-1,-1,0.05134,0.04301
2,1,-1,0.8,0.8,0.85,0.75,-1,-1,0.051913,0.04301
2,1,-1,0.85,0.85,0.85,0.75,-1,-1,0.052487,0.042857
2,1,-1,0.9,0.9,0.85,0.75,-1,-1,0.054018,0.042857
2,1,-1,0.95,0.95,0.85,0.75,-1,-1,0.056123,0.042857
2,1,-1,1.0,1.0,0.85,0.75,-1,-1,0.071429,0.042857
2,1,-1,0.05,0.05,0.9,0.75,-1,-1,0.044643,0.040715
2,1,-1,0.1,0.1,0.9,0.75,-1,-1,0.045714,0.033572
2,1,-1,0.15,0.15,0.9,0.75,-1,-1,0.046429,0.028572
2,1,-1,0.2,0.2,0.9,0.75,-1,-1,0.047143,0.024643
2,1,-1,0.25,0.25,0.9,0.75,-1,-1,0.047857,0.0225
2,1,-1,0.3,0.3,0.9,0.75,-1,-1,0.048214,0.021072
2,1,-1,0.35,0.35,0.9,0.75,-1,-1,0.048572,0.019286
2,1,-1,0.4,0.4,0.9,0.75,-1,-1,0.048929,0.017857
2,1,-1,0.45,0.45,0.9,0.75,-1,-1,0.05,0.016786
2,1,-1,0.5,0.5,0.9,0.75,-1,-1,0.051429,0.016429
2,1,-1,0.55,0.55,0.9,0.75,-1,-1,0.0525,0.015715
2,1,-1,0.6,0.6,0.9,0.75,-1,-1,0.054643,0.015715
2,1,-1,0.65,0.65,0.9,0.75,-1,-1,0.055357,0.015715
2,1,-1,0.7,0.7,0.9,0.75,-1,-1,0.056429,0.015357
2,1,-1,0.75,0.75,0.9,0.75,-1,-1,0.057143,0.014643
2,1,-1,0.8,0.8,0.9,0.75,-1,-1,0.058214,0.014643
2,1,-1,0.85,0.85,0.9,0.75,-1,-1,0.059286,0.014286
2,1,-1,0.9,0.9,0.9,0.75,-1,-1,0.062143,0.014286
2,1,-1,0.95,0.95,0.9,0.75,-1,-1,0.066072,0.014286
2,1,-1,1.0,1.0,0.9,0.75,-1,-1,0.094643,0.014286
2,1,-1,0.05,0.05,0.95,0.75,-1,-1,0.044643,0.037347
2,1,-1,0.1,0.1,0.95,0.75,-1,-1,0.046977,0.029184
2,1,-1,0.15,0.15,0.95,0.75,-1,-1,0.048533,0.02347
2,1,-1,0.2,0.2,0.95,0.75,-1,-1,0.050089,0.01898
2,1,-1,0.25,0.25,0.95,0.75,-1,-1,0.051646,0.016531
2,1,-1,0.3,0.3,0.95,0.75,-1,-1,0.052424,0.014898
2,1,-1,0.35,0.35,0.95,0.75,-1,-1,0.053202,0.012857
2,1,-1,0.4,0.4,0.95,0.75,-1,-1,0.05398,0.011225
2,1,-1,0.45,0.45,0.95,0.75,-1,-1,0.056314,0.01
2,1,-1,0.5,0.5,0.95,0.75,-1,-1,0.059426,0.009592
2,1,-1,0.55,0.55,0.95,0.75,-1,-1,0.06176,0.008776
2,1,-1,0.6,0.6,0.95,0.75,-1,-1,0.066429,0.008776
2,1,-1,0.65,0.65,0.95,0.75,-1,-1,0.067985,0.008776
2,1,-1,0.7,0.7,0.95,0.75,-1,-1,0.070319,0.008368
2,1,-1,0.75,0.75,0.95,0.75,-1,-1,0.071875,0.007551
2,1,-1,0.8,0.8,0.95,0.75,-1,-1,0.074209,0.007551
2,1,-1,0.85,0.85,0.95,0.75,-1,-1,0.076543,0.007143
2,1,-1,0.9,0.9,0.95,0.75,-1,-1,0.082768,0.007143
2,1,-1,0.95,0.95,0.95,0.75,-1,-1,0.091326,0.007143
2,1,-1,1.0,1.0,0.95,0.75,-1,-1,0.153571,0.007143
2,1,-1,0.05,0.05,1.0,0.75,-1,-1,0.044643,0.03398
2,1,-1,0.1,0.1,1.0,0.75,-1,-1,0.065115,0.024796
2,1,-1,0.15,0.15,1.0,0.75,-1,-1,0.078763,0.018367
2,1,-1,0.2,0.2,1.0,0.75,-1,-1,0.092411,0.013316
2,1,-1,0.25,0.25,1.0,0.75,-1,-1,0.106059,0.010561
2,1,-1,0.3,0.3,1.0,0.75,-1,-1,0.112883,0.008725
2,1,-1,0.35,0.35,1.0,0.75,-1,-1,0.119706,0.006429
2,1,-1,0.4,0.4,1.0,0.75,-1,-1,0.12653,0.004592
2,1,-1,0.45,0.45,1.0,0.75,-1,-1,0.147003,0.003214
2,1,-1,0.5,0.5,1.0,0.75,-1,-1,0.174298,0.002755
2,1,-1,0.55,0.55,1.0,0.75,-1,-1,0.194771,0.001837
2,1,-1,0.6,0.6,1.0,0.75,-1,-1,0.235714,0.001837
2,1,-1,0.65,0.65,1.0,0.75,-1,-1,0.249363,0.001837
2,1,-1,0.7,0.7,1.0,0.75,-1,-1,0.269834,0.001378
2,1,-1,0.75,0.75,1.0,0.75,-1,-1,0.283482,0.000459
2,1,-1,0.8,0.8,1.0,0.75,-1,-1,0.303955,0.000459
2,1,-1,0.85,0.85,1.0,0.75,-1,-1,0.324426,0.0
2,1,-1,0.9,0.9,1.0,0.75,-1,-1,0.379018,0.0
2,1,-1,0.95,0.95,1.0,0.75,-1,-1,0.454081,0.0
2,1,-1,1.0,1.0,1.0,0.75,-1,-1,1.0,0.0
2,1,-1,0.05,0.05,0.8,0.8,-1,-1,0.055357,0.05
2,1,-1,0.1,0.1,0.8,0.8,-1,-1,0.055357,0.05
2,1,-1,0.15,0.15,0.8,0.8,-1,-1,0.055357,0.05
2,1,-1,0.2,0.2,0.8,0.8,-1,-1,0.055357,0.05
2,1,-1,0.25,0.25,0.8,0.8,-1,-1,0.055357,0.05
2,1,-1,0.3,0.3,0.8,0.8,-1,-1,0.055357,0.05
2,1,-1,0.35,0.35,0.8,0.8,-1,-1,0.055357,0.05
2,1,-1,0.4,0.4,0.8,0.8,-1,-1,0.055357,0.05
2,1,-1,0.45,0.45,0.8,0.8,-1,-1,0.055357,0.05
2,1,-1,0.5,0.5,0.8,0.8,-1,-1,0.055357,0.05
2,1,-1,0.55,0.55,0.8,0.8,-1,-1,0.055357,0.05
2,1,-1,0.6,0.6,0.8,0.8,-1,-1,0.055357,0.05
2,1,-1,0.65,0.65,0.8,0.8,-1,-1,0.055357,0.05
2,1,-1,0.7,0.7,0.8,0.8,-1,-1,0.055357,0.05
2,1,-1,0.75,0.75,0.8,0.8,-1,-1,0.055357,0.05
2,1,-1,0.8,0.8,0.8,0.8,-1,-1,0.055357,0.05
2,1,-1,0.85,0.85,0.8,0.8,-1,-1,0.055357,0.05
2,1,-1,0.9,0.9,0.8,0.8,-1,-1,0.055357,0.05
2,1,-1,0.95,0.95,0.8,0.8,-1,-1,0.055357,0.05
2,1,-1,1.0,1.0,0.8,0.8,-1,-1,0.055357,0.05
2,1,-1,0.05,0.05,0.85,0.8,-1,-1,0.055357,0.046633
2,1,-1,0.1,0.1,0.85,0.8,-1,-1,0.055701,0.045612
2,1,-1,0.15,0.15,0.85,0.8,-1,-1,0.055931,0.044898
2,1,-1,0.2,0.2,0.85,0.8,-1,-1,0.056161,0.044337
2,1,-1,0.25,0.25,0.85,0.8,-1,-1,0.05639,0.04403
2,1,-1,0.3,0.3,0.85,0.8,-1,-1,0.056505,0.043826
2,1,-1,0.35,0.35,0.85,0.8,-1,-1,0.05662,0.043571
2,1,-1,0.4,0.4,0.85,0.8,-1,-1,0.056735,0.043367
2,1,-1,0.45,0.45,0.85,0.8,-1,-1,0.057079,0.043214
2,1,-1,0.5,0.5,0.85,0.8,-1,-1,0.057538,0.043163
2,1,-1,0.55,0.55,0.85,0.8,-1,-1,0.057883,0.043061
2,1,-1,0.6,0.6,0.85,0.8,-1,-1,0.058571,0.043061
2,1,-1,0.65,0.65,0.85,0.8,-1,-1,0.058801,0.043061
2,1,-1,0.7,0.7,0.85,0.8,-1,-1,0.059145,0.04301
2,1,-1,0.75,0.75,0.85,0.8,-1,-1,0.059375,0.042908
2,1,-1,0.8,0.8,0.85,0.8,-1,-1,0.059719,0.042908
2,1,-1,0.85,0.85,0.85,0.8,-1,-1,0.060064,0.042857
2,1,-1,0.9,0.9,0.85,0.8,-1,-1,0.060982,0.042857
2,1,-1,0.95,0.95,0.85,0.8,-1,-1,0.062245,0.042857
2,1,-1,1.0,1.0,0.85,0.8,-1,-1,0.071429,0.042857
2,1,-1,0.05,0.05,0.9,0.8,-1,-1,0.055357,0.033163
2,1,-1,0.1,0.1,0.9,0.8,-1,-1,0.056199,0.028061
2,1,-1,0.15,0.15,0.9,0.8,-1,-1,0.05676,0.02449
2,1,-1,0.2,0.2,0.9,0.8,-1,-1,0.057321,0.021684
2,1,-1,0.25,0.25,0.9,0.8,-1,-1,0.057883,0.020153
2,1,-1,0.3,0.3,0.9,0.8,-1,-1,0.058163,0.019133
2,1,-1,0.35,0.35,0.9,0.8,-1,-1,0.058444,0.017857
2,1,-1,0.4,0.4,0.9,0.8,-1,-1,0.058724,0.016837
2,1,-1,0.45,0.45,0.9,0.8,-1,-1,0.059566,0.016072
2,1,-1,0.5,0.5,0.9,0.8,-1,-1,0.060689,0.015817
2,1,-1,0.55,0.55,0.9,0.8,-1,-1,0.061531,0.015306
2,1,-1,0.6,0.6,0.9,0.8,-1,-1,0.063214,0.015306
2,1,-1,0.65,0.65,0.9,0.8,-1,-1,0.063775,0.015306
2,1,-1,0.7,0.7,0.9,0.8,-1,-1,0.064617,0.015051
2,1,-1,0.75,0.75,0.9,0.8,-1,-1,0.065179,0.014541
2,1,-1,0.8,0.8,0.9,0.8,-1,-1,0.06602,0.014541
2,1,-1,0.85,0.85,0.9,0.8,-1,-1,0.066862,0.014286
2,1,-1,0.9,0.9,0.9,0.8,-1,-1,0.069107,0.014286
2,1,-1,0.95,0.95,0.9,0.8,-1,-1,0.072194,0.014286
2,1,-1,1.0,1.0,0.9,0.8,-1,-1,0.094643,0.014286
2,1,-1,0.05,0.05,0.95,0.8,-1,-1,0.055357,0.029796
2,1,-1,0.1,0.1,0.95,0.8,-1,-1,0.057462,0.023674
2,1,-1,0.15,0.15,0.95,0.8,-1,-1,0.058865,0.019388
2,1,-1,0.2,0.2,0.95,0.8,-1,-1,0.060268,0.016021
2,1,-1,0.25,0.25,0.95,0.8,-1,-1,0.061671,0.014184
2,1,-1,0.3,0.3,0.95,0.8,-1,-1,0.062372,0.012959
2,1,-1,0.35,0.35,0.95,0.8,-1,-1,0.063074,0.011429
2,1,-1,0.4,0.4,0.95,0.8,-1,-1,0.063775,0.010204
2,1,-1,0.45,0.45,0.95,0.8,-1,-1,0.06588,0.009286
2,1,-1,0.5,0.5,0.95,0.8,-1,-1,0.068686,0.00898
2,1,-1,0.55,0.55,0.95,0.8,-1,-1,0.070791,0.008367
2,1,-1,0.6,0.6,0.95,0.8,-1,-1,0.075,0.008367
2,1,-1,0.65,0.65,0.95,0.8,-1,-1,0.076403,0.008367
2,1,-1,0.7,0.7,0.95,0.8,-1,-1,0.078507,0.008061
2,1,-1,0.75,0.75,0.95,0.8,-1,-1,0.079911,0.007449
2,1,-1,0.8,0.8,0.95,0.8,-1,-1,0.082015,0.007449
2,1,-1,0.85,0.85,0.95,0.8,-1,-1,0.08412,0.007143
2,1,-1,0.9,0.9,0.95,0.8,-1,-1,0.089732,0.007143
2,1,-1,0.95,0.95,0.95,0.8,-1,-1,0.097449,0.007143
2,1,-1,1.0,1.0,0.95,0.8,-1,-1,0.153571,0.007143
2,1,-1,0.05,0.05,1.0,0.8,-1,-1,0.055357,0.026429
2,1,-1,0.1,0.1,1.0,0.8,-1,-1,0.0756,0.019286
2,1,-1,0.15,0.15,1.0,0.8,-1,-1,0.089094,0.014286
2,1,-1,0.2,0.2,1.0,0.8,-1,-1,0.102589,0.010357
2,1,-1,0.25,0.25,1.0,0.8,-1,-1,0.116084,0.008214
2,1,-1,0.3,0.3,1.0,0.8,-1,-1,0.122832,0.006786
2,1,-1,0.35,0.35,1.0,0.8,-1,-1,0.129579,0.005
2,1,-1,0.4,0.4,1.0,0.8,-1,-1,0.136326,0.003571
2,1,-1,0.45,0.45,1.0,0.8,-1,-1,0.156569,0.0025
2,1,-1,0.5,0.5,1.0,0.8,-1,-1,0.183558,0.002143
2,1,-1,0.55,0.55,1.0,0.8,-1,-1,0.203801,0.001429
2,1,-1,0.6,0.6,1.0,0.8,-1,-1,0.244286,0.001429
2,1,-1,0.65,0.65,1.0,0.8,-1,-1,0.257781,0.001429
2,1,-1,0.7,0.7,1.0,0.8,-1,-1,0.278023,0.001071
2,1,-1,0.75,0.75,1.0,0.8,-1,-1,0.291518,0.000357
2,1,-1,0.8,0.8,1.0,0.8,-1,-1,0.311761,0.000357
2,1,-1,0.85,0.85,1.0,0.8,-1,-1,0.332002,0.0
2,1,-1,0.9,0.9,1.0,0.8,-1,-1,0.385982,0.0
2,1,-1,0.95,0.95,1.0,0.8,-1,-1,0.460204,0.0
2,1,-1,1.0,1.0,1.0,0.8,-1,-1,1.0,0.0
2,1,-1,0.05,0.05,0.85,0.85,-1,-1,0.071429,0.042857
2,1,-1,0.1,0.1,0.85,0.85,-1,-1,0.071429,0.042857
2,1,-1,0.15,0.15,0.85,0.85,-1,-1,0.071429,0.042857
2,1,-1,0.2,0.2,0.85,0.85,-1,-1,0.071429,0.042857
2,1,-1,0.25,0.25,0.85,0.85,-1,-1,0.071429,0.042857
2,1,-1,0.3,0.3,0.85,0.85,-1,-1,0.071429,0.042857
2,1,-1,0.35,0.35,0.85,0.85,-1,-1,0.071429,0.042857
2,1,-1,0.4,0.4,0.85,0.85,-1,-1,0.071429,0.042857
2,1,-1,0.45,0.45,0.85,0.85,-1,-1,0.071429,0.042857
2,1,-1,0.5,0.5,0.85,0.85,-1,-1,0.071429,0.042857
2,1,-1,0.55,0.55,0.85,0.85,-1,-1,0.071429,0.042857
2,1,-1,0.6,0.6,0.85,0.85,-1,-1,0.071429,0.042857
2,1,-1,0.65,0.65,0.85,0.85,-1,-1,0.071429,0.042857
2,1,-1,0.7,0.7,0.85,0.85,-1,-1,0.071429,0.042857
2,1,-1,0.75,0.75,0.85,0.85,-1,-1,0.071429,0.042857
2,1,-1,0.8,0.8,0.85,0.85,-1,-1,0.071429,0.042857
2,1,-1,0.85,0.85,0.85,0.85,-1,-1,0.071429,0.042857
2,1,-1,0.9,0.9,0.85,0.85,-1,-1,0.071429,0.042857
2,1,-1,0.95,0.95,0.85,0.85,-1,-1,0.071429,0.042857
2,1,-1,1.0,1.0,0.85,0.85,-1,-1,0.071429,0.042857
2,1,-1,0.05,0.05,0.9,0.85,-1,-1,0.071429,0.029388
2,1,-1,0.1,0.1,0.9,0.85,-1,-1,0.071926,0.025306
2,1,-1,0.15,0.15,0.9,0.85,-1,-1,0.072258,0.022449
2,1,-1,0.2,0.2,0.9,0.85,-1,-1,0.07259,0.020204
2,1,-1,0.25,0.25,0.9,0.85,-1,-1,0.072921,0.01898
2,1,-1,0.3,0.3,0.9,0.85,-1,-1,0.073087,0.018163
2,1,-1,0.35,0.35,0.9,0.85,-1,-1,0.073253,0.017143
2,1,-1,0.4,0.4,0.9,0.85,-1,-1,0.073419,0.016327
2,1,-1,0.45,0.45,0.9,0.85,-1,-1,0.073916,0.015715
2,1,-1,0.5,0.5,0.9,0.85,-1,-1,0.074579,0.01551
2,1,-1,0.55,0.55,0.9,0.85,-1,-1,0.075077,0.015102
2,1,-1,0.6,0.6,0.9,0.85,-1,-1,0.076072,0.015102
2,1,-1,0.65,0.65,0.9,0.85,-1,-1,0.076403,0.015102
2,1,-1,0.7,0.7,0.9,0.85,-1,-1,0.076901,0.014898
2,1,-1,0.75,0.75,0.9,0.85,-1,-1,0.077233,0.01449
2,1,-1,0.8,0.8,0.9,0.85,-1,-1,0.07773,0.01449
2,1,-1,0.85,0.85,0.9,0.85,-1,-1,0.078227,0.014286
2,1,-1,0.9,0.9,0.9,0.85,-1,-1,0.079554,0.014286
2,1,-1,0.95,0.95,0.9,0.85,-1,-1,0.081378,0.014286
2,1,-1,1.0,1.0,0.9,0.85,-1,-1,0.094643,0.014286
2,1,-1,0.05,0.05,0.95,0.85,-1,-1,0.071429,0.02602
2,1,-1,0.1,0.1,0.95,0.85,-1,-1,0.073189,0.020918
2,1,-1,0.15,0.15,0.95,0.85,-1,-1,0.074363,0.017347
2,1,-1,0.2,0.2,0.95,0.85,-1,-1,0.075536,0.014541
2,1,-1,0.25,0.25,0.95,0.85,-1,-1,0.07671,0.01301
2,1,-1,0.3,0.3,0.95,0.85,-1,-1,0.077296,0.01199
2,1,-1,0.35,0.35,0.95,0.85,-1,-1,0.077883,0.010714
2,1,-1,0.4,0.4,0.95,0.85,-1,-1,0.07847,0.009694
2,1,-1,0.45,0.45,0.95,0.85,-1,-1,0.08023,0.008929
2,1,-1,0.5,0.5,0.95,0.85,-1,-1,0.082577,0.008674
2,1,-1,0.55,0.55,0.95,0.85,-1,-1,0.084337,0.008163
2,1,-1,0.6,0.6,0.95,0.85,-1,-1,0.087857,0.008163
2,1,-1,0.65,0.65,0.95,0.85,-1,-1,0.089031,0.008163
2,1,-1,0.7,0.7,0.95,0.85,-1,-1,0.090791,0.007908
2,1,-1,0.75,0.75,0.95,0.85,-1,-1,0.091965,0.007398
2,1,-1,0.8,0.8,0.95,0.85,-1,-1,0.093725,0.007398
2,1,-1,0.85,0.85,0.95,0.85,-1,-1,0.095485,0.007143
2,1,-1,0.9,0.9,0.95,0.85,-1,-1,0.100179,0.007143
2,1,-1,0.95,0.95,0.95,0.85,-1,-1,0.106633,0.007143
2,1,-1,1.0,1.0,0.95,0.85,-1,-1,0.153571,0.007143
2,1,-1,0.05,0.05,1.0,0.85,-1,-1,0.071429,0.022653
2,1,-1,0.1,0.1,1.0,0.85,-1,-1,0.091327,0.016531
2,1,-1,0.15,0.15,1.0,0.85,-1,-1,0.104592,0.012245
2,1,-1,0.2,0.2,1.0,0.85,-1,-1,0.117858,0.008878
2,1,-1,0.25,0.25,1.0,0.85,-1,-1,0.131123,0.007041
2,1,-1,0.3,0.3,1.0,0.85,-1,-1,0.137756,0.005816
2,1,-1,0.35,0.35,1.0,0.85,-1,-1,0.144388,0.004286
2,1,-1,0.4,0.4,1.0,0.85,-1,-1,0.151021,0.003061
2,1,-1,0.45,0.45,1.0,0.85,-1,-1,0.170919,0.002143
2,1,-1,0.5,0.5,1.0,0.85,-1,-1,0.197449,0.001837
2,1,-1,0.55,0.55,1.0,0.85,-1,-1,0.217347,0.001224
2,1,-1,0.6,0.6,1.0,0.85,-1,-1,0.257143,0.001224
2,1,-1,0.65,0.65,1.0,0.85,-1,-1,0.270409,0.001224
2,1,-1,0.7,0.7,1.0,0.85,-1,-1,0.290306,0.000918
2,1,-1,0.75,0.75,1.0,0.85,-1,-1,0.303572,0.000306
2,1,-1,0.8,0.8,1.0,0.85,-1,-1,0.32347,0.000306
2,1,-1,0.85,0.85,1.0,0.85,-1,-1,0.343368,0.0
2,1,-1,0.9,0.9,1.0,0.85,-1,-1,0.396429,0.0
2,1,-1,0.95,0.95,1.0,0.85,-1,-1,0.469388,0.0
2,1,-1,1.0,1.0,1.0,0.85,-1,-1,1.0,0.0
2,1,-1,0.05,0.05,0.9,0.9,-1,-1,0.094643,0.014286
2,1,-1,0.1,0.1,0.9,0.9,-1,-1,0.094643,0.014286
2,1,-1,0.15,0.15,0.9,0.9,-1,-1,0.094643,0.014286
2,1,-1,0.2,0.2,0.9,0.9,-1,-1,0.094643,0.014286
2,1,-1,0.25,0.25,0.9,0.9,-1,-1,0.094643,0.014286
2,1,-1,0.3,0.3,0.9,0.9,-1,-1,0.094643,0.014286
2,1,-1,0.35,0.35,0.9,0.9,-1,-1,0.094643,0.014286
2,1,-1,0.4,0.4,0.9,0.9,-1,-1,0.094643,0.014286
2,1,-1,0.45,0.45,0.9,0.9,-1,-1,0.094643,0.014286
2,1,-1,0.5,0.5,0.9,0.9,-1,-1,0.094643,0.014286
2,1,-1,0.55,0.55,0.9,0.9,-1,-1,0.094643,0.014286
2,1,-1,0.6,0.6,0.9,0.9,-1,-1,0.094643,0.014286
2,1,-1,0.65,0.65,0.9,0.9,-1,-1,0.094643,0.014286
2,1,-1,0.7,0.7,0.9,0.9,-1,-1,0.094643,0.014286
2,1,-1,0.75,0.75,0.9,0.9,-1,-1,0.094643,0.014286
2,1,-1,0.8,0.8,0.9,0.9,-1,-1,0.094643,0.014286
2,1,-1,0.85,0.85,0.9,0.9,-1,-1,0.094643,0.014286
2,1,-1,0.9,0.9,0.9,0.9,-1,-1,0.094643,0.014286
2,1,-1,0.95,0.95,0.9,0.9,-1,-1,0.094643,0.014286
2,1,-1,1.0,1.0,0.9,0.9,-1,-1,0.094643,0.014286
2,1,-1,0.05,0.05,0.95,0.9,-1,-1,0.094643,0.010919
2,1,-1,0.1,0.1,0.95,0.9,-1,-1,0.095906,0.009898
2,1,-1,0.15,0.15,0.95,0.9,-1,-1,0.096748,0.009184
2,1,-1,0.2,0.2,0.95,0.9,-1,-1,0.097589,0.008623
2,1,-1,0.25,0.25,0.95,0.9,-1,-1,0.098431,0.008316
2,1,-1,0.3,0.3,0.95,0.9,-1,-1,0.098852,0.008112
2,1,-1,0.35,0.35,0.95,0.9,-1,-1,0.099273,0.007857
2,1,-1,0.4,0.4,0.95,0.9,-1,-1,0.099694,0.007653
2,1,-1,0.45,0.45,0.95,0.9,-1,-1,0.100957,0.0075
2,1,-1,0.5,0.5,0.95,0.9,-1,-1,0.10264,0.007449
2,1,-1,0.55,0.55,0.95,0.9,-1,-1,0.103903,0.007347
2,1,-1,0.6,0.6,0.95,0.9,-1,-1,0.106429,0.007347
2,1,-1,0.65,0.65,0.95,0.9,-1,-1,0.10727,0.007347
2,1,-1,0.7,0.7,0.95,0.9,-1,-1,0.108533,0.007296
2,1,-1,0.75,0.75,0.95,0.9,-1,-1,0.109375,0.007194
2,1,-1,0.8,0.8,0.95,0.9,-1,-1,0.110638,0.007194
2,1,-1,0.85,0.85,0.95,0.9,-1,-1,0.1119,0.007143
2,1,-1,0.9,0.9,0.95,0.9,-1,-1,0.115268,0.007143
2,1,-1,0.95,0.95,0.95,0.9,-1,-1,0.119898,0.007143
2,1,-1,1.0,1.0,0.95,0.9,-1,-1,0.153571,0.007143
2,1,-1,0.05,0.05,1.0,0.9,-1,-1,0.094643,0.007551
2,1,-1,0.1,0.1,1.0,0.9,-1,-1,0.114044,0.00551
2,1,-1,0.15,0.15,1.0,0.9,-1,-1,0.126977,0.004082
2,1,-1,0.2,0.2,1.0,0.9,-1,-1,0.139911,0.002959
2,1,-1,0.25,0.25,1.0,0.9,-1,-1,0.152845,0.002347
2,1,-1,0.3,0.3,1.0,0.9,-1,-1,0.159312,0.001939
2,1,-1,0.35,0.35,1.0,0.9,-1,-1,0.165778,0.001429
2,1,-1,0.4,0.4,1.0,0.9,-1,-1,0.172245,0.00102
2,1,-1,0.45,0.45,1.0,0.9,-1,-1,0.191646,0.000714
2,1,-1,0.5,0.5,1.0,0.9,-1,-1,0.217513,0.000612
2,1,-1,0.55,0.55,1.0,0.9,-1,-1,0.236914,0.000408
2,1,-1,0.6,0.6,1.0,0.9,-1,-1,0.275714,0.000408
2,1,-1,0.65,0.65,1.0,0.9,-1,-1,0.288648,0.000408
2,1,-1,0.7,0.7,1.0,0.9,-1,-1,0.308048,0.000306
2,1,-1,0.75,0.75,1.0,0.9,-1,-1,0.320982,0.000102
2,1,-1,0.8,0.8,1.0,0.9,-1,-1,0.340383,0.000102
2,1,-1,0.85,0.85,1.0,0.9,-1,-1,0.359783,0.0
2,1,-1,0.9,0.9,1.0,0.9,-1,-1,0.411518,0.0
2,1,-1,0.95,0.95,1.0,0.9,-1,-1,0.482653,0.0
2,1,-1,1.0,1.0,1.0,0.9,-1,-1,1.0,0.0
2,1,-1,0.05,0.05,0.95,0.95,-1,-1,0.153571,0.007143
2,1,-1,0.1,0.1,0.95,0.95,-1,-1,0.153571,0.007143
2,1,-1,0.15,0.15,0.95,0.95,-1,-1,0.153571,0.007143
2,1,-1,0.2,0.2,0.95,0.95,-1,-1,0.153571,0.007143
2,1,-1,0.25,0.25,0.95,0.95,-1,-1,0.153571,0.007143
2,1,-1,0.3,0.3,0.95,0.95,-1,-1,0.153571,0.007143
2,1,-1,0.35,0.35,0.95,0.95,-1,-1,0.153571,0.007143
2,1,-1,0.4,0.4,0.95,0.95,-1,-1,0.153571,0.007143
2,1,-1,0.45,0.45,0.95,0.95,-1,-1,0.153571,0.007143
2,1,-1,0.5,0.5,0.95,0.95,-1,-1,0.153571,0.007143
2,1,-1,0.55,0.55,0.95,0.95,-1,-1,0.153571,0.007143
2,1,-1,0.6,0.6,0.95,0.95,-1,-1,0.153571,0.007143
2,1,-1,0.65,0.65,0.95,0.95,-1,-1,0.153571,0.007143
2,1,-1,0.7,0.7,0.95,0.95,-1,-1,0.153571,0.007143
2,1,-1,0.75,0.75,0.95,0.95,-1,-1,0.153571,0.007143
2,1,-1,0.8,0.8,0.95,0.95,-1,-1,0.153571,0.007143
2,1,-1,0.85,0.85,0.95,0.95,-1,-1,0.153571,0.007143
2,1,-1,0.9,0.9,0.95,0.95,-1,-1,0.153571,0.007143
2,1,-1,0.95,0.95,0.95,0.95,-1,-1,0.153571,0.007143
2,1,-1,1.0,1.0,0.95,0.95,-1,-1,0.153571,0.007143
2,1,-1,0.05,0.05,1.0,0.95,-1,-1,0.153571,0.003776
2,1,-1,0.1,0.1,1.0,0.95,-1,-1,0.171709,0.002755
2,1,-1,0.15,0.15,1.0,0.95,-1,-1,0.1838,0.002041
2,1,-1,0.2,0.2,1.0,0.95,-1,-1,0.195892,0.00148
2,1,-1,0.25,0.25,1.0,0.95,-1,-1,0.207985,0.001173
2,1,-1,0.3,0.3,1.0,0.95,-1,-1,0.214031,0.000969
2,1,-1,0.35,0.35,1.0,0.95,-1,-1,0.220076,0.000714
2,1,-1,0.4,0.4,1.0,0.95,-1,-1,0.226122,0.00051
2,1,-1,0.45,0.45,1.0,0.95,-1,-1,0.24426,0.000357
2,1,-1,0.5,0.5,1.0,0.95,-1,-1,0.268443,0.000306
2,1,-1,0.55,0.55,1.0,0.95,-1,-1,0.286581,0.000204
2,1,-1,0.6,0.6,1.0,0.95,-1,-1,0.322857,0.000204
2,1,-1,0.65,0.65,1.0,0.95,-1,-1,0.334949,0.000204
2,1,-1,0.7,0.7,1.0,0.95,-1,-1,0.353086,0.000153
2,1,-1,0.75,0.75,1.0,0.95,-1,-1,0.365178,5.1e-05
2,1,-1,0.8,0.8,1.0,0.95,-1,-1,0.383316,5.1e-05
2,1,-1,0.85,0.85,1.0,0.95,-1,-1,0.401454,0.0
2,1,-1,0.9,0.9,1.0,0.95,-1,-1,0.449821,0.0
2,1,-1,0.95,0.95,1.0,0.95,-1,-1,0.516326,0.0
2,1,-1,1.0,1.0,1.0,0.95,-1,-1,1.0,0.0
2,1,-1,0.05,0.05,1.0,1.0,-1,-1,1.0,0.0
2,1,-1,0.1,0.1,1.0,1.0,-1,-1,1.0,0.0
2,1,-1,0.15,0.15,1.0,1.0,-1,-1,1.0,0.0
2,1,-1,0.2,0.2,1.0,1.0,-1,-1,1.0,0.0
2,1,-1,0.25,0.25,1.0,1.0,-1,-1,1.0,0.0
2,1,-1,0.3,0.3,1.0,1.0,-1,-1,1.0,0.0
2,1,-1,0.35,0.35,1.0,1.0,-1,-1,1.0,0.0
2,1,-1,0.4,0.4,1.0,1.0,-1,-1,1.0,0.0
2,1,-1,0.45,0.45,1.0,1.0,-1,-1,1.0,0.0
2,1,-1,0.5,0.5,1.0,1.0,-1,-1,1.0,0.0
2,1,-1,0.55,0.55,1.0,1.0,-1,-1,1.0,0.0
2,1,-1,0.6,0.6,1.0,1.0,-1,-1,1.0,0.0
2,1,-1,0.65,0.65,1.0,1.0,-1,-1,1.0,0.0
2,1,-1,0.7,0.7,1.0,1.0,-1,-1,1.0,0.0
2,1,-1,0.75,0.75,1.0,1.0,-1,-1,1.0,0.0
2,1,-1,0.8,0.8,1.0,1.0,-1,-1,1.0,0.0
2,1,-1,0.85,0.85,1.0,1.0,-1,-1,1.0,0.0
2,1,-1,0.9,0.9,1.0,1.0,-1,-1,1.0,0.0
2,1,-1,0.95,0.95,1.0,1.0,-1,-1,1.0,0.0
2,1,-1,1.0,1.0,1.0,1.0,-1,-1,1.0,0.0
