dataset,sample_index,sample_id,label(ground_truth),xception_fake_score,ucf_fake_score,sbi_fake_score,fusion_score,prediction,error_type
DFDC,1,aalscayrfi,0,0.46930946906407672,0.46046087145805359,0.062334000000000001,0.20212083489061991,0,correct
DFDC,2,aalyqplqns,0,0.43082945980131626,0.37445679711527191,0.26055899999999999,0.30324186212464738,1,false_accept
DFDC,3,aarpyivfys,0,0.75773637462407351,0.49133194610476494,0.12551000000000001,0.26686790256263315,0,correct
DFDC,4,abajdarwnl,0,0.089730338033405133,0.096757175706443377,0.41106700000000002,0.3007072196136033,1,false_accept
DFDC,5,abwvsloero,0,0.30747993942350149,0.084725349064683542,0.015525000000000001,0.050882851690580141,0,correct
DFDC,6,abyulwmxen,0,0.48145451276533063,0.47698892989466268,0.072591000000000003,0.21435355460666536,0,correct
DFDC,7,acejoopbey,0,0.68258987925946712,0.22712583048269153,0.062196000000000001,0.14269464310778082,0,correct
DFDC,8,achpfflhju,0,0.16120187961496413,0.0098146055242978036,0.30507200000000001,0.20930127563803755,0,correct
DFDC,9,acmwqyjvoz,0,0.41064555302727968,0.097455506860569585,0.029753999999999999,0.069109029709534864,0,correct
DFDC,10,adsjhmclqx,0,0.2591183795593679,0.19706582808430539,0.051409000000000003,0.10549151740326,0,correct
DFDC,11,adykfzegpc,0,0.0078639611820108257,0.0035199998892494477,0.010132,0.0080349980258753763,0,correct
DFDC,12,aeibsrjfdo,0,0.1032020251150243,0.0073386211442993954,0.476271,0.31693783759904104,1,false_accept
DFDC,13,aejcxligwn,0,0.02097785244404804,0.029905600968049839,0.042415000000000001,0.037590322912617352,0,correct
DFDC,14,aekpwrkywd,0,0.92492721602320671,0.45017574683879502,0.68393800000000005,0.62585878485279889,1,false_accept
DFDC,15,aerypjwzad,0,0.72559898998588324,0.69898641394684091,0.26968199999999998,0.42126917368334643,1,false_accept
DFDC,16,aeskwxnrpa,0,0.34058483032619252,0.16679009543183973,0.57283600000000001,0.43940967014586158,1,false_accept
DFDC,17,afjjwsmzxv,0,0.19155041008655513,0.15355818585625716,0.045110999999999998,0.084967126261204909,0,correct
DFDC,18,agarzvbaqz,0,0.4395741131156683,0.13289679314766545,0.52014899999999997,0.39994459360008305,1,false_accept
DFDC,19,agdkvthrpq,0,0.32457933091791347,0.60547764753573574,0.20130200000000001,0.32871856080661638,1,false_accept
DFDC,20,agkvhqusqq,0,0.90342488326132298,0.99603387340903282,0.042396999999999997,0.371539456185776,1,false_accept
DFDC,21,agryncucgi,0,0.26335892570205033,0.0028534002631204203,0.011324000000000001,0.021384566364038644,0,correct
DFDC,22,ahalakrkhf,0,0.10354602950974368,0.027588071156060323,0.045844999999999997,0.04325297282230528,0,correct
DFDC,23,aheytcuhqb,0,0.58083157914300121,0.68307232940869944,0.116679,0.30980462777975992,1,false_accept
DFDC,24,ahmqtdzriq,0,0.12188168379361741,0.17463924574258272,0.50088500000000002,0.38406110791245573,1,false_accept
DFDC,25,ahslbdxbjz,0,0.25258734571980312,0.14745923767623026,0.016767000000000001,0.067765688588859244,0,correct
DFDC,26,ahunojlhec,0,0.040093380914186127,0.023296355917409528,0.014203,0.018225525820932165,0,correct
DFDC,27,ailljwjwvl,0,0.37076343595981598,0.38237011432647705,0.89673700000000001,0.71612825609593389,1,false_accept
DFDC,28,aimfweaqeq,0,0.070334604320426777,0.0086803552306567635,0.0083149999999999995,0.011525586785218369,0,correct
DFDC,29,airwxzbtgc,0,0.046171850641258061,0.14542980110854842,0.010612999999999999,0.052835982864627429,0,correct
DFDC,30,ajabvafiow,0,0.36343471897998825,0.43654947186587378,0.27284599999999998,0.32648647750876153,1,false_accept
DFDC,31,ajcostgfft,0,0.71363711636513472,0.79615412233397365,0.089396000000000003,0.33263549251844887,1,false_accept
DFDC,32,ajcyrjhppv,0,0.49238297156989574,0.21050089993514121,0.0020960000000000002,0.089131818559037151,0,correct
DFDC,33,ajdxzmgtrg,0,0.3754682932049036,0.091582883149385452,0.277918,0.22689497960506083,0,correct
DFDC,34,akojtrykwg,0,0.24351615661924536,0.1174158106812022,0.45520899999999997,0.34328640103532293,1,false_accept
DFDC,35,aksxapgqri,0,0.41053670924156904,0.62774718832224607,0.071364999999999998,0.25523824195875228,0,correct
DFDC,36,alceitvqms,0,0.44016454130178317,0.61916678221314214,0.39436900000000003,0.46409811172903181,1,false_accept
DFDC,37,algsradbrc,0,0.15318469973863102,0.21478085668786662,0.027437,0.089927541993291532,0,correct
DFDC,38,aluddintgf,0,0.42816029954701662,0.22751772528863512,0.044187999999999998,0.11838553256394137,0,correct
DFDC,39,alxkmxynew,0,0.27756954729557037,0.20716840789342919,0.17394299999999999,0.18909194973280727,0,correct
DFDC,40,alzkwzxevr,0,0.070374540075135883,0.0071283072247751988,0.082138000000000003,0.059046919171189358,0,correct
DFDC,41,alzpunwsla,0,0.60245054541155696,0.4525800698902458,0.073736999999999997,0.21382559823765157,0,correct
DFDC,42,ambzbzclrq,0,0.060064752542530186,0.026472628665942466,0.0407,0.037400026226909251,0,correct
DFDC,43,amcqszhjsq,0,0.081360531912650913,0.0079217296079150401,0.25781900000000002,0.17402689547800707,0,correct
DFDC,44,amdxcpeuvi,0,0.38935283377766611,0.16493329075165092,0.219857,0.21185467891437859,0,correct
DFDC,45,amqnzhseqg,0,0.48651996860280633,0.37104498108965345,0.017860000000000001,0.14724849275703636,0,correct
DFDC,46,angbdylxus,0,0.58999308447043097,0.72109375894069672,0.021493000000000002,0.25979823190573059,0,correct
DFDC,47,anhpzbkbky,0,0.53139400959480554,0.88051317050121725,0.42349599999999998,0.56599605163010547,1,false_accept
DFDC,48,anjqzvkkzc,0,0.18833919614553452,0.25442571317156154,0.020334000000000001,0.098961773758745181,0,correct
DFDC,49,ankdyoquiu,0,0.56884473562240601,0.0066202827729284763,0.098177,0.094243371612998852,0,correct
DFDC,50,annbfwzdkn,0,0.25207560839771759,0.075845414285140578,0.061623999999999998,0.075413004705428055,0,correct
DFDC,51,ansmokqvyf,0,0.49582501675467938,0.36907834993326105,0.14471600000000001,0.22958015581771229,0,correct
DFDC,52,aoooytoctg,0,0.22753668297082186,0.32475836648206624,0.048564000000000003,0.14037094409316098,0,correct
DFDC,53,apglzrxxto,0,0.44273109221830964,0.56941835233010352,0.93222300000000002,0.7989070103099466,1,false_accept
DFDC,54,apmxeenhpt,0,0.48419955869515735,0.49915687243143719,0.070923,0.22005698966418902,0,correct
DFDC,55,apniylcvur,0,0.25845548295183107,0.087353798880940303,0.044770999999999998,0.068230063811873645,0,correct
DFDC,56,apzaiuqphz,0,0.0081705681513994932,0.0058085117489099503,0.0012030000000000001,0.0029330319322429595,0,correct
DFDC,57,aqtauyhhoh,0,0.37546434713637128,0.46155776875093579,0.162776,0.26304494798209932,0,correct
DFDC,58,aqtrruhcat,0,0.15265036408479016,0.38309261593967675,0.041396000000000002,0.14946770298614254,0,correct
DFDC,59,arlolgssas,0,0.48432276817038655,0.16014303198608104,0.065685999999999994,0.11495494800434364,0,correct
DFDC,60,arvapvgzii,0,0.61093435871104396,0.42731624170361709,0.40010499999999999,0.41880984044663733,1,false_accept
DFDC,61,ascobsrydl,0,0.84174658264964819,0.97449159435927868,0.22680500000000001,0.481858057440266,1,false_accept
DFDC,62,asoxlgqueu,0,0.25517961877631024,0.18709773301088717,0.011827000000000001,0.076575850842081655,0,correct
DFDC,63,aswrmkooxl,0,0.075403711583930999,0.011908196516742464,0.071711999999999998,0.053955444534219292,0,correct
DFDC,64,asygmewpwe,0,0.10396833304548636,0.0772737904189853,0.207097,0.16299360377796993,0,correct
DFDC,65,atavtujddj,0,0.056166116948588751,0.01183963045332348,0.0018910000000000001,0.0075893449834264813,0,correct
DFDC,66,aubfotksjv,0,0.37450940276567751,0.38861305058862156,0.079336000000000004,0.18687778531487034,0,correct
DFDC,67,aucftdmmze,0,0.20698484685271978,0.066313203934651732,0.084141999999999995,0.084935503523031503,0,correct
DFDC,68,aunuinfsap,0,0.84261002143224084,0.99327747027079261,0.51516300000000004,0.67496969215284985,1,false_accept
DFDC,69,auttliqxls,0,0.48441560128155875,0.48802715539932251,0.12612200000000001,0.25260822668387473,0,correct
DFDC,70,avfglbzzpu,0,0.03034124491286689,0.0236832853085522,0.0027889999999999998,0.010434897838209002,0,correct
DFDC,71,avgbrvqybz,0,0.16261663730256259,0.294023106325767,0.091018000000000002,0.15549946376285823,0,correct
DFDC,72,avlnzlacbm,0,0.24173607985721901,0.3473732442362234,0.084997000000000003,0.17154682726372797,0,correct
DFDC,73,avlsohbebl,0,0.48011480135028251,0.11130554899136769,0.29341299999999998,0.24811585476492443,0,correct
DFDC,74,avpceuqpuq,0,0.19803282211069018,0.015560665182420053,0.78231200000000001,0.5230726406602606,1,false_accept
DFDC,75,avqvjbickl,0,0.33538616555077688,0.3486362003854343,0.43225400000000003,0.40232526839316918,1,false_accept
DFDC,76,avtdrvnfyh,0,0.37411082589200567,0.30397631820025189,0.18570200000000001,0.23060473675467585,0,correct
DFDC,77,avtpmzitxr,0,0.59469956159591675,0.93490785757700601,0.043656,0.33858373535289765,1,false_accept
DFDC,78,awqbyzfohj,0,0.068868626884068362,0.086203385319095105,0.0064669999999999997,0.03350799693993195,0,correct
DFDC,79,axhxbelqwr,0,0.670370475603984,0.99160804656835699,0.267874,0.50511903775070632,1,false_accept
DFDC,80,axmdvjhcin,0,0.056824373488780111,0.13933853592607193,0.021205999999999999,0.058426679452260585,0,correct
DFDC,81,ayhhwrghfe,0,0.49306002538651228,0.53458048216998577,0.018214000000000001,0.19686624592032134,0,correct
DFDC,82,aylwesnztz,0,0.46618210896849632,0.4199807858094573,0.071035000000000001,0.19547609119126202,0,correct
DFDC,83,azdmkyyfgv,0,0.063077942904783413,0.050931098550790921,0.14630499999999999,0.11353147671047645,0,correct
DFDC,84,aziormhfvb,0,0.48613068461418152,0.31927642319351435,0.39591300000000001,0.37743291118876343,1,false_accept
DFDC,85,azkdermivp,0,0.56470020860433578,0.42227580998506808,0.33707700000000002,0.37401780342573721,1,false_accept
DFDC,86,baefqrgttz,0,0.049210586585104465,0.021867219831619877,0.058799999999999998,0.047240695278741189,0,correct
DFDC,87,bakrkkibfx,0,0.91032219529151914,0.99303141037623088,0.25934400000000002,0.51199913287744525,1,false_accept
DFDC,88,bauxtweokm,0,0.018306785277673043,0.0077338003029581159,0.011948,0.011001679354771088,0,correct
DFDC,89,bbkwdpnfxx,0,0.39040464640129358,0.1630745179427322,0.026110999999999999,0.085414737702884339,0,correct
DFDC,90,bbnuxuehbc,0,0.062342046716366895,0.005523608713701833,0.046530000000000002,0.035018684949928894,0,correct
DFDC,91,bbqvdmkxoc,0,0.27657596895005554,0.078756371491181199,0.014848999999999999,0.047107559894857133,0,correct
DFDC,92,bclygfslat,0,0.12648720337698857,0.024598842952400446,0.0085170000000000003,0.019240063054569562,0,correct
DFDC,93,bcppeksvoh,0,0.89698641374707222,0.33222449076129124,0.055960999999999997,0.18089131791574098,0,correct
DFDC,94,bcqfxynbkq,0,0.109897127491422,0.13851977812009864,0.29002499999999998,0.23556703981060068,0,correct
DFDC,95,bcrbbfpdqu,0,0.51967626810073853,0.6180955171585083,0.22046499999999999,0.3547147185525894,1,false_accept
DFDC,96,bdlcufupou,0,0.46350413141772151,0.27686484926380217,0.091175999999999993,0.16549906135002673,0,correct
DFDC,97,bdnlpsvzlh,0,0.4938634536229074,0.46408588038320886,0.22956099999999999,0.31313358679610803,1,false_accept
DFDC,98,bdrusuytvj,0,0.015449454917782737,0.0037866008370333621,0.023966999999999999,0.017487002996999144,0,correct
DFDC,99,bdxgegsjpi,0,0.51268910069484264,0.14007157571904827,0.011001,0.074806577750456613,0,correct
DFDC,100,bdywikyrnc,0,0.73101334553211927,0.47738224809290841,0.122932,0.25967114170447853,0,correct
DFDC,101,behmjnahbe,0,0.88349516902651104,0.3021753223701602,0.0054019999999999997,0.13833865516237359,0,correct
DFDC,102,belyafpqap,0,0.53758472605841234,0.83701079955790192,0.34414400000000001,0.5016760761702912,1,false_accept
DFDC,103,beozwqdkms,0,0.1837605251930654,0.15033146484347526,0.081429000000000001,0.10721631571269585,0,correct
DFDC,104,bepzmgxsef,0,0.050717093166895211,0.17066944039834198,0.053254999999999997,0.088352436777847349,0,correct
DFDC,105,bezgpdxiqo,0,0.32071867503691465,0.028005856525851414,0.133081,0.11094034070960117,0,correct
DFDC,106,bftfkocdhh,0,0.11298894180799834,0.084871016937540844,0.16886999999999999,0.14087625217166216,0,correct
DFDC,107,bfvwpdcweq,0,0.19414979927241802,0.33760473337024449,0.032210999999999997,0.13192605997469425,0,correct
DFDC,108,bglhicdktn,0,0.20154543995158747,0.042160165787208825,0.17264399999999999,0.13494392173374203,0,correct
DFDC,109,bglinmcjcs,0,0.22047680051764473,0.041642489202786237,0.28044799999999998,0.2058077867867181,0,correct
DFDC,110,bgmpmgtxkt,0,0.13702585111605003,0.05217283072124701,0.032538999999999998,0.043653491772176603,0,correct
DFDC,111,bgsjwznbge,0,0.22130938316695392,0.28379755395872053,0.022152000000000002,0.11060353534596384,0,correct
DFDC,112,bgwytqcaox,0,0.49408736545592546,0.46127256471663713,0.039883000000000002,0.1890100876877874,0,correct
DFDC,113,bhdplxfbwn,0,0.81528915744274855,0.75370527157792822,0.307869,0.46699088934551591,1,false_accept
DFDC,114,bhhcmvjuks,0,0.79212616290897131,0.74407711392268538,0.086582000000000006,0.3191077423222542,1,false_accept
DFDC,115,bhtytlxyau,0,0.40117838769219816,0.080484158053877763,0.005535,0.047801916800773232,0,correct
DFDC,116,bhwfiogzmn,0,0.47567787393927574,0.48781964182853699,0.052234000000000003,0.2040818862455249,0,correct
DFDC,117,bifozouymd,0,0.43325841426849365,0.43473175168037415,0.55364500000000005,0.511951696217537,1,false_accept
DFDC,118,biklirozwk,0,0.059623046850902028,0.018050100552500226,0.022752000000000001,0.02318498250829517,0,correct
DFDC,119,binpavhvht,0,0.91492521017789841,0.98255356214940548,0.39549000000000001,0.59758082915371658,1,false_accept
DFDC,120,bisuhlnkye,0,0.57744651567190886,0.44092797834309749,0.013306,0.16979961928652468,0,correct
DFDC,121,bkbcsaatyp,0,0.044739677632848425,0.015908264725779494,0.015945999999999998,0.017374363299376267,0,correct
DFDC,122,bksdiqafep,0,0.11552269675303251,0.011260017468885053,0.024285000000000001,0.024939390078317143,0,correct
DFDC,123,blcfheybjc,0,0.39093029475770891,0.0035022487136302516,0.029985999999999999,0.040088089351974519,0,correct
DFDC,124,bljwnczerg,0,0.020124887814745307,0.0024684744857950136,0.022238999999999998,0.016202136736475768,0,correct
DFDC,125,blwzpqnnzs,0,0.0086255383212119341,0.0055221057991730049,0.0057479999999999996,0.0058241086558124986,0,correct
DFDC,126,bmcqsokyye,0,0.079266732966061682,0.018470045441063121,0.052139999999999999,0.043395350280622018,0,correct
DFDC,127,bmtjzuzwdo,0,0.46135654184035957,0.61428039835300297,0.116568,0.28312114659791887,0,correct
DFDC,128,bmtxirquhg,0,0.24947348842397332,0.16894013011187781,0.066049999999999998,0.10608821345476201,0,correct
DFDC,129,bngetvfytn,0,0.074821919342502957,0.0086599980888422586,0.0050020000000000004,0.0095903953937778261,0,correct
DFDC,130,bnlropggas,0,0.51217463111970574,0.36983238872198854,0.21920200000000001,0.27903974817258187,0,correct
DFDC,131,bnqqeykvbi,0,0.49230800072352093,0.50202167530854547,0.025371000000000001,0.19171305262873969,0,correct
DFDC,132,bnxbkzhxzk,0,0.47571099400520322,0.49144324660301208,0.038713999999999998,0.1963826236811638,0,correct
DFDC,133,boemzeavif,0,0.30508046050866444,0.031412038424362736,0.12994,0.10913863455274204,0,correct
DFDC,134,bofxltpmxn,0,0.33804205781780183,0.31210877312696539,0.0062630000000000003,0.1146056848289797,0,correct
DFDC,135,bonizsgxpx,0,0.25637628417462111,0.32806493658426916,0.18045700000000001,0.22853534518401181,0,correct
DFDC,136,bpjbidjbag,0,0.8982186196371913,0.85393733298406005,0.016912,0.31208493087707756,1,false_accept
DFDC,137,bpmagazrlb,0,0.57863157092092132,0.3155113285353694,0.19726099999999999,0.25180462710665691,0,correct
DFDC,138,bpqawurfiz,0,0.20666503993561491,0.13690927610878134,0.48277599999999998,0.36521043482941512,1,false_accept
DFDC,139,bptiaycugg,0,0.92356233857572079,0.8945734016597271,0.018522,0.32658943742670415,1,false_accept
DFDC,140,bqygiiureu,0,0.094035411515505984,0.041935991484933766,0.124108,0.097952768021255424,0,correct
DFDC,141,bqyixvjrsq,0,0.48703996255062521,0.26400874758837745,0.030494,0.12337572240404449,0,correct
DFDC,142,brbfjluwvo,0,0.33695316477678716,0.23313929492724128,0.147503,0.18266639671701174,0,correct
DFDC,143,brhxmyecox,0,0.49153140187263489,0.53396427631378174,0.067683999999999994,0.22876045298776623,0,correct
DFDC,144,brwshvpbgz,0,0.49223408661782742,0.078718422155361623,0.0035270000000000002,0.050519780977499859,0,correct
DFDC,145,brxvolpgxl,0,0.56987267569638789,0.47169434363604523,0.32399,0.38059543687563296,1,false_accept
DFDC,146,bsduhevcwg,0,0.4179952676807131,0.2679256263322064,0.055863999999999997,0.13758905128369756,0,correct
DFDC,147,bstcitubhv,0,0.50496014731470495,0.16827133891638368,0.010925000000000001,0.082830659040650359,0,correct
DFDC,148,bswwsjiexr,0,0.10236199398059398,0.020484115419094451,0.54737999999999998,0.36706033432475804,1,false_accept
DFDC,149,btdrbmbfjh,0,0.58601069124415517,0.58399360609473661,0.070819999999999994,0.25053161639062876,0,correct
DFDC,150,btfcvrvuze,0,0.35742466570809484,0.11766694675316103,0.14013300000000001,0.14425776731135306,0,correct
DFDC,151,btgcnyaqez,0,0.55456514894962305,0.85626443147659304,0.068737999999999994,0.32928728689045905,1,false_accept
DFDC,152,btrzintddm,0,0.077157884312327951,0.0065229840693064034,0.254436,0.17119818943640833,0,correct
DFDC,153,bttohqfafv,0,0.34020742063876241,0.2350708192170714,0.188806,0.21025551679705953,0,correct
DFDC,154,btvikanfdf,0,0.68608738743932918,0.77891194581752643,0.028461,0.28647760311722437,0,correct
DFDC,155,bucrskscgj,0,0.31165675725787878,0.17321188220375916,0.047467000000000002,0.0983999525240217,0,correct
DFDC,156,bucuqcqztq,0,0.11620171486654064,0.044737034773623403,0.277005,0.19928444617541405,0,correct
DFDC,157,butpxyrveu,0,0.49138932675123215,0.4645317429676652,0.01401,0.17303548922786113,0,correct
DFDC,158,buwwmndbtu,0,0.57848493987694383,0.5569334585161414,0.0071770000000000002,0.2006693345486896,0,correct
DFDC,159,bvcklbzpnh,0,0.97570342384278774,0.94873764738440514,0.85063599999999995,0.88631986540746088,1,false_accept
DFDC,160,bvewnkolss,0,0.46123681263998151,0.042834220468648709,0.153888,0.13593930677259369,0,correct
DFDC,161,bvoecyskgu,0,0.29487785058362143,0.073824214349899969,0.39241900000000002,0.29196350683415107,0,correct
DFDC,162,bvtykwecyj,0,0.36384240724146366,0.047990583043429069,0.034748000000000001,0.055175495275101905,0,correct
DFDC,163,bvzwxwexll,0,0.23945905198343098,0.14518761461658869,0.053031000000000002,0.089999386984148153,0,correct
DFDC,164,bweefahzei,0,0.049106001242762432,0.10022725697490387,0.044614000000000001,0.061522577154609279,0,correct
DFDC,165,bwoccqzwxf,0,0.2869115867651999,0.034609556576469913,0.40444400000000003,0.287617046311201,0,correct
DFDC,166,bwqdkjggkw,0,0.53688369691371918,0.22175292670726776,0.067739999999999995,0.13740106285786627,0,correct
DFDC,167,bwudpcdqie,0,0.3586113659871949,0.77271390789084959,0.108844,0.32049334066661461,1,false_accept
DFDC,168,bwuxebkkio,0,0.46020579675678164,0.092471026029670611,0.083035999999999999,0.10472499764674027,0,correct
DFDC,169,bxcbtwfziq,0,0.67381770660479867,0.62428274750709534,0.31083100000000002,0.42301585958236854,1,false_accept
DFDC,170,bxnblualhv,0,0.14772065111901611,0.13326240559399594,0.051395999999999997,0.080772154234149587,0,correct
DFDC,171,bxpzinvwhy,0,0.72416866322358453,0.89175085226694739,0.040007000000000001,0.32973823884126346,1,false_accept
DFDC,172,bybmesjwnw,0,0.89001468755304813,0.80594667978584766,0.076023999999999994,0.33570033831340668,1,false_accept
DFDC,173,bycdautmmp,0,0.43098323652520776,0.26557943012448959,0.148672,0.19785979086360728,0,correct
DFDC,174,byjdwqmfhp,0,0.1590465520566795,0.12873127511556959,0.093040999999999999,0.10704836013750485,0,correct
DFDC,175,byjrlwftlu,0,0.028650083258980885,0.033921683556400239,0.033841000000000003,0.03360565922986912,0,correct
DFDC,176,byqtjaxjvy,0,0.71313379053026438,0.80048814602196217,0.48916700000000002,0.59376168333310186,1,false_accept
DFDC,177,byyzdjwwuh,0,0.4867847164471944,0.64632856514718795,0.224185,0.3639580553665161,1,false_accept
DFDC,178,bzadpodauu,0,0.16145408153533936,0.040117494761943817,0.245611,0.17975510250535012,0,correct
DFDC,179,bzfrflwqqg,0,0.44835603429425147,0.40795884017021428,0.025824,0.16159105376577687,0,correct
DFDC,180,bzfslmqpih,0,0.1045546033710707,0.27748654560127761,0.0097909999999999994,0.094837843848936815,0,correct
DFDC,181,bzqohcbrip,0,0.48615208268165588,0.48973178863525391,0.12249599999999999,0.25084954072465893,0,correct
DFDC,182,bzurvbxfch,0,0.60646285372786224,0.6865379685186781,0.074595999999999996,0.28477193324199651,0,correct
DFDC,183,bzymsawzpb,0,0.40970680528673631,0.12204759254858925,0.31016899999999997,0.25870946802891359,0,correct
DFDC,184,caejfdqynu,0,0.11158399507403374,0.007620451843831688,0.020388,0.021117535306851194,0,correct
DFDC,185,caykdozstc,0,0.59563756361603737,0.64780869233337313,0.23280699999999999,0.3754490358808138,1,false_accept
DFDC,186,cbktzncwmz,0,0.43794164093560539,0.47883604238450062,0.046424,0.19572349476213044,0,correct
DFDC,187,cbwlyvvbjw,0,0.065429224590347571,0.018719090349887581,0.00191,0.010128688334483653,0,correct
DFDC,188,cbydzwapcw,0,0.38118696212768555,0.3846140246023424,0.030002000000000001,0.15394485548708697,0,correct
DFDC,189,ccbofgqpzd,0,0.566746671567671,0.53316082691890188,0.13763600000000001,0.27774898165405415,0,correct
DFDC,190,ccwmnfsmyf,0,0.41664940274010104,0.5266742563496033,0.446629,0.46914359704188607,1,false_accept
DFDC,191,cdehnmodht,0,0.24643222196027637,0.24625926167936996,0.064880999999999994,0.12837203960182481,0,correct
DFDC,192,cdirrqhuch,0,0.87822937965393066,0.99851053953170776,0.024881,0.35963728084220886,1,false_accept
DFDC,193,ceampfzwni,0,0.13958409425686114,0.14435610068176175,0.017777000000000001,0.061841084917371586,0,correct
DFDC,194,cegnnsyqei,0,0.2902270700301855,0.32708543115445682,0.057785000000000003,0.15019723284784631,0,correct
DFDC,195,celigvliux,0,0.11158854409586638,0.0052982230627094395,0.011093,0.014379344123606152,0,correct
DFDC,196,cembuhxegh,0,0.87234208825975657,0.99821589514613152,0.36758800000000003,0.58201407295682728,1,false_accept
DFDC,197,cemvsipmew,0,0.088323727250099182,0.011846762150526047,0.010104999999999999,0.014538465007662772,0,correct
DFDC,198,cengqgjpqv,0,0.65021658624755219,0.42822240087843966,0.026127000000000001,0.17796009957590952,0,correct
DFDC,199,cfvjyxrecx,0,0.3432645071297884,0.3117504576711278,0.174792,0.22430316265782776,0,correct
DFDC,200,cfzegxcfdx,0,0.054476511053508148,0.21336951479315758,0.027206999999999999,0.084419229990622666,0,correct
DFDC,201,cgbplcqvok,0,0.17397182832161587,0.05122102346892158,0.097137000000000001,0.087203948456757274,0,correct
DFDC,202,cgmmvjdrgu,0,0.057758450740948319,0.0088122172383009456,0.052338000000000003,0.039551287708537705,0,correct
DFDC,203,cgravvfulo,0,0.26296940923202783,0.19844026976352325,0.10600999999999999,0.14158705139065836,0,correct
DFDC,204,cgrkvwvjes,0,0.69907681830227375,0.70634624364902265,0.28616599999999998,0.43286561400982049,1,false_accept
DFDC,205,cgxpxvypkq,0,0.28430284559726715,0.027332513593137264,0.021818000000000001,0.036596596357804538,0,correct
DFDC,206,chafgebiwy,0,0.61252062092535198,0.5293685571232345,0.039864999999999998,0.21534884818323793,0,correct
DFDC,207,chkunxdril,0,0.47616136772558093,0.39525997724558692,0.057089000000000001,0.17949391155995512,0,correct
DFDC,208,chscllvfgu,0,0.20644217042718083,0.039341272669844329,0.068626000000000006,0.066731390322312345,0,correct
DFDC,209,chyfcacfjr,0,0.57982866913080211,0.25417575635947287,0.024060999999999999,0.12088381036438198,0,correct
DFDC,210,ciashqmpnl,0,0.91352512873709202,0.96727687586098909,0.11762499999999999,0.41231556919515128,1,false_accept
DFDC,211,ciavfmlgcv,0,0.63574739941395819,0.44574907243077178,0.76087300000000002,0.66007954169992944,1,false_accept
DFDC,212,cibguhaayy,0,0.45944470141468374,0.22772429600871844,0.186865,0.21275177387334973,0,correct
DFDC,213,cimhcytxvb,0,0.44780219602398574,0.33808931039675372,0.046414999999999998,0.1539866529202254,0,correct
DFDC,214,ciospnqjel,0,0.36495589890650343,0.074448614090215415,0.086249999999999993,0.0966448791723898,0,correct
DFDC,215,ciqhumpurn,0,0.49101283028721809,0.48627910960931331,0.023451,0.1856775243971549,0,correct
DFDC,216,cisiccqvbr,0,0.68036200106143951,0.53159358282573521,0.139821,0.28437982490079255,0,correct
DFDC,217,cjjtirbrca,0,0.45317453192546964,0.100001966333366,0.11491899999999999,0.12735666649628327,0,correct
DFDC,218,cjufxeljeu,0,0.092898995925982789,0.057468899001833051,0.13162299999999999,0.10744056949684905,0,correct
DFDC,219,ckdkqzeyjb,0,0.39446679642423987,0.28160044761898462,0.064380000000000007,0.14605047410690739,0,correct
DFDC,220,ckmdlcepzt,0,0.25682958774268627,0.011277536163106561,0.53497499999999998,0.3639584902360663,1,false_accept
DFDC,221,ckqafaicuy,0,0.15182802564231679,0.0046388353584916331,0.051040000000000002,0.042159051889663332,0,correct
DFDC,222,ckrkiahcjx,0,0.84461287222802639,0.9137974688783288,0.30430699999999999,0.51416943427490003,1,false_accept
DFDC,223,ckxifxdelg,0,0.31020862236618996,0.084187679385649972,0.025936000000000001,0.057625134934004493,0,correct
DFDC,224,clkxynuwdf,0,0.32829189027792643,0.21208495832979679,0.104507,0.14796963201283536,0,correct
DFDC,225,clltctfxgj,0,0.39950532978400588,0.57938134355936199,0.69207200000000002,0.64363646955700893,1,false_accept
DFDC,226,cmcfahfsvm,0,0.12281376522150822,0.10861525535437977,0.061345999999999998,0.078600164867389341,0,correct
DFDC,227,cmcqzgyjsk,0,0.011690280567563605,0.0049772840793593787,0.055932999999999997,0.038434149252185995,0,correct
DFDC,228,cmdechrtqu,0,0.54120456194505095,0.3396324306668248,0.047916,0.16009535729729998,0,correct
DFDC,229,cmhdcbamci,0,0.73550973379093665,0.98048057504322217,0.18480099999999999,0.45104030920251348,1,false_accept
DFDC,230,cnjcxxiogi,0,0.84353442117571831,0.94230943825095892,0.18884899999999999,0.44762140253407356,1,false_accept
DFDC,231,cnkhmyhxrz,0,0.03706816399062518,0.033587645448278636,0.013861999999999999,0.02094000183401485,0,correct
DFDC,232,cnvxovuelp,0,0.096122583440904102,0.0042025560147262043,0.012763999999999999,0.014363495976463067,0,correct
DFDC,233,cotpxcfokb,0,0.48755621910095215,0.3196026086807251,0.0076600000000000001,0.12523759355926514,0,correct
DFDC,234,coxqzdbleu,0,0.069655030674766749,0.0075041785821667872,0.153248,0.10534520510838838,0,correct
DFDC,235,cpahwafqru,0,0.64534231731968539,0.18141903439837118,0.064781000000000005,0.12880047618549562,0,correct
DFDC,236,cpgzdpppre,0,0.66862988681532443,0.48174848227063194,0.45049299999999998,0.47077648902195579,1,false_accept
DFDC,237,cpwyafaemg,0,0.12606358921362293,0.23996603173307246,0.16953499999999999,0.1884907389806029,0,correct
DFDC,238,cqhpagvjvz,0,0.11092128728341777,0.17097166980965994,0.084512000000000004,0.11177036530706888,0,correct
DFDC,239,cqphgeghnf,0,0.32850246061570942,0.19647091068327427,0.94705600000000001,0.69095279623576777,1,false_accept
DFDC,240,cqpkoodbzt,0,0.76222032820805907,0.37172692053718492,0.50304499999999996,0.47660834257155843,1,false_accept
DFDC,241,cqwsirqioe,0,0.24645769619382918,0.06813363591209054,0.199625,0.16251922558331863,0,correct
DFDC,242,cqxtmhhhvz,0,0.34116786881349981,0.20135402633604826,0.14524999999999999,0.17187710134148948,0,correct
DFDC,243,crcwehakoj,0,0.34918874374125153,0.035555246431613341,0.055239000000000003,0.064031361116546587,0,correct
DFDC,244,crkbacgefp,0,0.092941127979429439,0.024969785576104186,0.031327000000000001,0.032500542071802731,0,correct
DFDC,245,crybjsrcff,0,0.37535145157016814,0.18220143527651089,0.21002100000000001,0.20994165316146168,0,correct
DFDC,246,crzwstcvgr,0,0.095707535132532939,0.0062971497245598584,0.0081709999999999994,0.011985671673994605,0,correct
DFDC,247,csiuvutygt,0,0.097982591803884134,0.028930266118550207,0.081933000000000006,0.06683465942575928,0,correct
DFDC,248,cstquwjtxk,0,0.13738167599182238,0.053923621064644649,0.061293,0.062886620118984521,0,correct
DFDC,249,csvvyknqhn,0,0.3771950266091153,0.16255427474970929,0.017229999999999999,0.078825533755368549,0,correct
DFDC,250,csxzbgkplj,0,0.087016164616215974,0.0090712971359607764,0.17633499999999999,0.12168994737159904,0,correct
DFDC,251,ctctxnoffc,0,0.046787111583398655,0.062625004997244105,0.015768000000000001,0.031376057078343164,0,correct
DFDC,252,ctejegpbsi,0,0.55621367692947388,0.60176299015680945,0.22206100000000001,0.35267923089351655,1,false_accept
DFDC,253,ctfixghkfz,0,0.48827086065126502,0.97104469071263855,0.079714999999999994,0.36754170024635485,1,false_accept
DFDC,254,ctjebboebx,0,0.4843604089692235,0.4777523148804903,0.039497999999999998,0.19321741491260824,0,correct
DFDC,255,ctjybjdkrn,0,0.23726499325130135,0.018193223288108129,0.067450999999999997,0.061164366648997506,0,correct
DFDC,256,ctkbrareyz,0,0.69833584236247204,0.84113273450306481,0.043714999999999997,0.31567136246904304,1,false_accept
DFDC,257,ctxuoaaszw,0,0.16208180785179138,0.033574983477592468,0.014522999999999999,0.027616535435867309,0,correct
DFDC,258,cueipufgai,0,0.0186072604265064,0.025221553718438372,0.0071269999999999997,0.013129379136856831,0,correct
DFDC,259,cufkrbgczi,0,0.23860888602212071,0.15657013328745961,0.088167999999999996,0.11621068428734392,0,correct
DFDC,260,cuiyrhtzer,0,0.54551049321889877,0.37748331867624074,0.240644,0.29693912026381714,0,correct
DFDC,261,cumagtekkr,0,0.42902086768299341,0.53171065641799942,0.071457999999999994,0.22741194030954948,0,correct
DFDC,262,cutqagfgxm,0,0.19073024758648488,0.16439300980569133,0.035511000000000001,0.081936565321031635,0,correct
DFDC,263,cuvxbbmeaf,0,0.90908109564935002,0.88881992656857733,0.80530299999999999,0.83554698275304073,1,false_accept
DFDC,264,cvfftjwjhf,0,0.85894628427922726,0.61116622781264596,0.079325000000000007,0.27785843255775516,0,correct
DFDC,265,cwvnlolklu,0,0.54355202987790108,0.19152642088010907,0.162135,0.19002327775792779,0,correct
DFDC,266,cxezdsxhfu,0,0.70763584971427917,0.56541058058064664,0.013076000000000001,0.21350436665990793,0,correct
DFDC,267,cxgpfoespk,0,0.24169805977726355,0.12522105585958343,0.029245,0.068660469746738215,0,correct
DFDC,268,cxmvwocgwj,0,0.096728609525598586,0.15077558257326018,0.086851999999999999,0.10652290524825798,0,correct
DFDC,269,cxqpvvblqm,0,0.57798006944358349,0.44105270320142154,0.33141700000000002,0.37663586443260566,1,false_accept
DFDC,270,cxqqmtxbhk,0,0.39440476438351746,0.33738629219668181,0.14832799999999999,0.2173493258781804,0,correct
DFDC,271,cyarbaoqfj,0,0.58200218264133696,0.52788660669278709,0.36292999999999997,0.42337059113990294,1,false_accept
DFDC,272,cycrvukvrw,0,0.92594610154628754,0.99717133305966854,0.106528,0.41469190499521497,1,false_accept
DFDC,273,cyimzzksow,0,0.54758719752232232,0.53101734356023367,0.48102499999999998,0.49935081294418621,1,false_accept
DFDC,274,cyjxeyvtii,0,0.052218087177607231,0.047752819242305122,0.0048840000000000003,0.020111350131571896,0,correct
DFDC,275,cylocokdvm,0,0.41171148439752869,0.22235716700379271,0.078841999999999995,0.13854002432101425,0,correct
DFDC,276,cymauttisg,0,0.25146422785473987,0.49879789282567799,0.081713999999999995,0.21532667924044038,0,correct
DFDC,277,czfgndjqbn,0,0.3576167244464159,0.049643215723335743,0.032815999999999998,0.054104200939321515,0,correct
DFDC,278,czkiwohnqa,0,0.57850888930261135,0.92267321888357401,0.30263400000000001,0.50243951013020283,1,false_accept
DFDC,279,czyccupxkl,0,0.23121190012898296,0.14032316781958798,0.063409999999999994,0.094874045352325534,0,correct
DFDC,280,dabrmlixvl,0,0.10209244897123426,0.064192370264208876,0.16372,0.13078033352782439,0,correct
DFDC,281,dapjcojkor,0,0.13567495421739295,0.25352987082442269,0.083706000000000003,0.13725160895819646,0,correct
DFDC,282,dapkptdvvh,0,0.035873628997554384,0.0056173494473720593,0.0070270000000000003,0.0080464362840893377,0,correct
DFDC,283,datqlsqgrk,0,0.069458110723644495,0.063734651557751931,0.0030500000000000002,0.024575801003507806,0,correct
DFDC,284,dbzukyenis,0,0.78122682753019035,0.59952088589488994,0.024844000000000001,0.2350662071449765,0,correct
DFDC,285,dcjemlopof,0,0.66060311859473586,0.58743922068970278,0.12246799999999999,0.28886612213664764,0,correct
DFDC,286,dcjrumugjq,0,0.73528697365714657,0.87430280062460131,0.077468999999999996,0.34941003887023769,1,false_accept
DFDC,287,dditcjfebd,0,0.35855858685681596,0.3535115381819196,0.021062000000000001,0.13767169079741667,0,correct
DFDC,288,ddolvvnwqh,0,0.27658956305822358,0.31874359634821303,0.021100000000000001,0.12316755705737509,0,correct
DFDC,289,ddynolewht,0,0.072503831965150312,0.11266279564006254,0.40394600000000003,0.29998893029027629,0,correct
DFDC,290,deabbmxags,0,0.33259257022291422,0.27327387494733557,0.27680100000000002,0.27853244099534641,0,correct
DFDC,291,dekgxeowxj,0,0.49269404634833336,0.52740410435944796,0.0025339999999999998,0.18450303362525106,0,correct
DFDC,292,dfbprpqabv,0,0.38409270480042323,0.43230185675201938,0.15465400000000001,0.24942029226562698,0,correct
DFDC,293,dfhllucjbz,0,0.62902335310354829,0.65742906153900549,0.118826,0.30591678611687906,1,false_accept
DFDC,294,dfuaqoyohm,0,0.015137034031795338,0.0035199494304833934,0.0091549999999999999,0.0077635865307347854,0,correct
DFDC,295,dgdvioxbnj,0,0.68461005296558142,0.64716051271534525,0.389154,0.48132875646288265,1,false_accept
DFDC,296,dgkyatsmmt,0,0.89482485130429268,0.94367479160428047,0.056301999999999998,0.36443998004649875,1,false_accept
DFDC,297,dglpjzzetr,0,0.42423330515157431,0.30555335580720566,0.019255999999999999,0.12539407199974043,0,correct
DFDC,298,dhafaeocni,0,0.021130752727913205,0.078850311947462615,0.086635000000000004,0.081024381220634448,0,correct
DFDC,299,dhtrnzvhcc,0,0.59542529890313745,0.41760949254967272,0.34308899999999998,0.37806196271005865,1,false_accept
DFDC,300,diblrpwhjb,0,0.43619947414845228,0.025798343223868869,0.189334,0.15261657667458328,0,correct
DFDC,301,dietapvpsp,0,0.18237912755284924,0.14226696121477289,0.128495,0.13532079474207434,0,correct
DFDC,302,digyingqxy,0,0.071180526749230921,0.26664347698533675,0.074912000000000006,0.13224486943306257,0,correct
DFDC,303,dilopgwiln,0,0.3413999032927677,0.15904941542248707,0.059693999999999997,0.10358591979138451,0,correct
DFDC,304,diqedbeyex,0,0.40222497116173467,0.75733945578817397,0.034057999999999998,0.26945078529453892,0,correct
DFDC,305,dixsldzmxr,0,0.45824394997907802,0.25331992816791171,0.18637300000000001,0.22005062594932742,0,correct
DFDC,306,djvvaitqri,0,0.009601990990631748,0.0037338898255256936,0.014335000000000001,0.010918016497189296,0,correct
DFDC,307,dkokrdwuoz,0,0.043800048893899657,0.018975138278619852,0.074990000000000001,0.056626043928280939,0,correct
DFDC,308,dkqxcfjhgw,0,0.49494937204872258,0.40170110081817256,0.30894700000000003,0.34607334884788793,1,false_accept
DFDC,309,dkuevnpjzg,0,0.26259012031368911,0.14255249840061879,0.133857,0.14290230553587011,0,correct
DFDC,310,dkutejpyyd,0,0.088495208328822628,0.012174182251328602,0.015906,0.018415915091839714,0,correct
DFDC,311,dlilqriegb,0,0.17359850706998259,0.41099953389493749,0.03107,0.15217528552198037,0,correct
DFDC,312,dmeusfirqq,0,0.42753273745377857,0.52676963557799661,0.11429499999999999,0.2536992775460879,0,correct
DFDC,313,dmflufyfsr,0,0.82593306802934219,0.96986749095301472,0.185974,0.45314000068737154,1,false_accept
DFDC,314,dmiuszslpe,0,0.59003125433810055,0.33633265932439826,0.036556999999999999,0.1541634105142245,0,correct
DFDC,315,dmvrcmfnmp,0,0.29252844478469342,0.055646873661316931,0.018311000000000001,0.043222634337629753,0,correct
DFDC,316,dnchnqszbg,0,0.53820206306409091,0.44204313193040434,0.14615900000000001,0.25452639273232586,0,correct
DFDC,317,dndvvnjumg,0,0.85126227140426636,0.95411508613162566,0.340059,0.54983598940970102,1,false_accept
DFDC,318,dngymdwsnj,0,0.24560420736670494,0.18677455915603786,0.021645999999999999,0.082382478115146596,0,correct
DFDC,319,dnnwybgxrx,0,0.87616274692118168,0.99334792420268059,0.018197000000000001,0.35364056460686322,1,false_accept
DFDC,320,dnpnznjsoq,0,0.50085468325414695,0.28407895784766879,0.033730999999999997,0.13219157151700797,0,correct
DFDC,321,dnvziblwjj,0,0.44748553037643435,0.16031862935051322,0.046246000000000002,0.10052976532397569,0,correct
DFDC,322,dohmoomkjp,0,0.51842856407165527,0.69724036256472266,0.035257999999999998,0.25801123697299955,0,correct
DFDC,323,donjjxssaa,0,0.24071800184901804,0.20842103598988615,0.044995,0.10380896088941674,0,correct
DFDC,324,douvolwuxl,0,0.62252444750629365,0.27914635281194933,0.218086,0.25662602821889952,0,correct
DFDC,325,dpfwvjqflw,0,0.54886168881785125,0.074546096002450213,0.031593999999999997,0.07034301324162763,0,correct
DFDC,326,dpjblybnum,0,0.35884958581300452,0.1678696297640272,0.085886000000000004,0.12412926821985838,0,correct
DFDC,327,dpkgpmxfdd,0,0.49528663581417454,0.96465239024931382,0.102614,0.38085914886550287,1,false_accept
DFDC,328,dpnadvfpvo,0,0.1024192885379307,0.083117721049347892,0.025479000000000002,0.046617630741700902,0,correct
DFDC,329,dpnycpzzkq,0,0.1043943707481958,0.19554631570645142,0.074687000000000003,0.11243016324934522,0,correct
DFDC,330,dqcdgxdkfz,0,0.33519035112112761,0.31860406915075146,0.29846899999999998,0.30634558830128183,1,false_accept
DFDC,331,dqgwpahsao,0,0.66080460650846362,0.60933254403062165,0.00265,0.21756249353460966,0,correct
DFDC,332,dqocjywofb,0,0.07461920878267847,0.026336848408391234,0.054125,0.046813264961651294,0,correct
DFDC,333,dqpsxvxnca,0,0.24969619826879352,0.58836340671405196,0.090944999999999998,0.24810808192765527,0,correct
DFDC,334,dqqcoribwo,0,0.068483200360788032,0.0062177550935302861,0.020563999999999999,0.018656086546098488,0,correct
DFDC,335,dqvyszpvqp,0,0.60567918000742793,0.73411298461724073,0.42164299999999999,0.52458580438554359,1,false_accept
DFDC,336,drbwbwogvi,0,0.85603994611770873,0.97289584721288369,0.106179,0.40368710146975056,1,false_accept
DFDC,337,drmwgmsyui,0,0.029631758618052118,0.0074621657040552236,0.15468999999999999,0.10426873764211918,0,correct
DFDC,338,drqauxsbbm,0,0.61660778871737421,0.72500756103545427,0.028302000000000001,0.26672895774650496,0,correct
DFDC,339,drqqfwbmeq,0,0.25822533678729087,0.12205078168335604,0.068099000000000007,0.093790851344371359,0,correct
DFDC,340,drxsrwearu,0,0.47943491850876147,0.47650166652682757,0.22303000000000001,0.31189174588348634,1,false_accept
DFDC,341,dryuntlnbk,0,0.054170719580724835,0.35795888653956354,0.32974999999999999,0.32443370194090532,1,false_accept
DFDC,342,dtqmjylqzm,0,0.11694919371802825,0.020611685031326488,0.018023000000000001,0.023745915195299359,0,correct
DFDC,343,dudwgcsgir,0,0.038191049825400114,0.045213109515316319,0.119826,0.09336038534586491,0,correct
DFDC,344,duhbjxgvxa,0,0.16267947852611542,0.082645237445831299,0.063188999999999995,0.07400039516005516,0,correct
DFDC,345,duilizamdj,0,0.36666864377912134,0.047135181601333898,0.062805,0.073297236669356239,0,correct
DFDC,346,dvwgasvech,0,0.20565032033482566,0.060393972788006067,0.059086,0.066806607853143102,0,correct
DFDC,347,dvwtbzhihk,0,0.70989553816616535,0.98984848894178867,0.079891000000000004,0.38437847359084482,1,false_accept
DFDC,348,dwarmqettl,0,0.28191089097942623,0.83641655104500912,0.010824,0.27205610986247403,0,correct
DFDC,349,dwggnifywb,0,0.014143191277980804,0.019860793508996721,0.048547,0.038220947616598056,0,correct
DFDC,350,dwiipumroy,0,0.71873993100598454,0.16285280014562886,0.16578100000000001,0.19255048659398791,0,correct
DFDC,351,dwnkjvanth,0,0.62408888339996338,0.18343961238861084,0.45391500000000001,0.38128107788658144,1,false_accept
DFDC,352,dwtmqvyjts,0,0.035204389423597604,0.003969038967625238,0.012324,0.010961531161467452,0,correct
DFDC,353,dxdsiqaxkt,0,0.58410157050405231,0.1804313237246658,0.124974,0.16456757564260235,0,correct
DFDC,354,dxetqusiye,0,0.53797086514532566,0.44073463202221319,0.12964100000000001,0.24338558286393025,0,correct
DFDC,355,dxiwltsubd,0,0.41583162127062678,0.080410067101183813,0.160917,0.14951065119388648,0,correct
DFDC,356,dxkpuojidl,0,0.7587490810547024,0.70670835555938538,0.22925200000000001,0.39896376072055073,1,false_accept
DFDC,357,dxlsrevxxx,0,0.095031193137401715,0.011874673855345463,0.17921799999999999,0.12480566181347372,0,correct
DFDC,358,dxuxornpue,0,0.48596997559070587,0.49343432486057281,0.082415000000000002,0.22589854623770714,0,correct
DFDC,359,dxvibsbhad,0,0.1859137857099995,0.098504134788527153,0.091532000000000002,0.098342729722058125,0,correct
DFDC,360,dyexxvijyv,0,0.64643785869702697,0.75020379200577736,0.061310999999999997,0.29723518053658449,0,correct
DFDC,361,dygsuznjzl,0,0.70084122940897942,0.97372995875775814,0.44044,0.61344704909777636,1,false_accept
DFDC,362,dzojhdcspj,0,0.67746025547385214,0.69074002094566822,0.068243999999999999,0.28545361905739308,0,correct
DFDC,363,dzqkxpaaqh,0,0.49591967882588506,0.97490389086306095,0.059297999999999997,0.3558108512002125,1,false_accept
DFDC,364,dzvmbgqhqn,0,0.60584656681333271,0.50996481520789005,0.023628,0.19863997290303365,0,correct
DFDC,365,eahockvylx,0,0.505571801554073,0.24406292831355875,0.033208000000000001,0.12008266857177127,0,correct
DFDC,366,eahytdroum,0,0.29350232971566065,0.095075204436268129,0.401335,0.30406542781666346,1,false_accept
DFDC,367,eajfiaeobq,0,0.14522566937375814,0.010898973458097316,0.042101,0.037896625506117103,0,correct
DFDC,368,eaxpfkndlm,0,0.43211793899536133,0.26359464228153229,0.014057,0.10982133963422774,0,correct
DFDC,369,ebinzkctgl,0,0.052417081671592314,0.028341285404167138,0.057057999999999998,0.048210939704829758,0,correct
DFDC,370,eblkbislyd,0,0.84375719632953405,0.78704736850340851,0.054956999999999999,0.31402412036749927,1,false_accept
DFDC,371,ebntfhildy,0,0.39994525909423828,0.25386465154588223,0.106878,0.16562735841847659,0,correct
DFDC,372,ebnyqglcen,0,0.17521697701886296,0.13431646961544175,0.0059930000000000001,0.052951239735575674,0,correct
DFDC,373,ebsyevapvd,0,0.61130410275961222,0.53459538911518301,0.328872,0.40471062187253548,1,false_accept
DFDC,374,ecrjsszwnt,0,0.15122823254205287,0.4286458381684497,0.022159999999999999,0.15055916307763753,0,correct
DFDC,375,edkdzilzlx,0,0.81028827141832427,0.3575412846273846,0.39247100000000001,0.40288294895913163,1,false_accept
DFDC,376,edpeakhxky,0,0.82167916186153889,0.99416414648294449,0.087242,0.39604050203796032,1,false_accept
DFDC,377,eduzchrjyv,0,0.041536614502547309,0.044888110642204992,0.0059769999999999997,0.019428313917788865,0,correct
DFDC,378,eejeswniyb,0,0.092088317105663009,0.029961995394842234,0.0402,0.039723014473735822,0,correct
DFDC,379,eeyllggprp,0,0.037975697327055968,0.12299387728853617,0.060879000000000003,0.078368298052913649,0,correct
DFDC,380,egdoesqauk,0,0.13496194657636806,0.0073418277752352878,0.0085920000000000007,0.014535445661388991,0,correct
DFDC,381,eggamkgpyj,0,0.040066799119813368,0.033573732696822844,0.031142,0.032317759765037521,0,correct
DFDC,382,eglviwuxej,0,0.84417054615914822,0.99628615006804466,0.23097599999999999,0.49122877232837081,1,false_accept
DFDC,383,egmptkcwsw,0,0.015003406908363104,0.015699293158832006,0.039648999999999997,0.031231808293067757,0,correct
DFDC,384,egrqwkzzyw,0,0.061929202092618776,0.065767719715448286,0.048847000000000002,0.054577326019265425,0,correct
DFDC,385,egtjoeibrn,0,0.47663102547327679,0.46262684464454651,0.052580000000000002,0.19679660466702781,0,correct
DFDC,386,egxsckqubp,0,0.48969979286193849,0.53103722333908077,0.18160699999999999,0.30184070664482116,1,false_accept
DFDC,387,ehodbowihh,0,0.10034680741955526,0.091567638635751791,0.16281599999999999,0.13831803196170328,0,correct
DFDC,388,ehyaufmtvg,0,0.053602573636453599,0.034943876620673109,0.038330999999999997,0.038078441668024612,0,correct
DFDC,389,eijurmdjwa,0,0.67878604785073549,0.61536754277767614,0.052206000000000002,0.25248346522583964,0,correct
DFDC,390,eijzzgfroj,0,0.072515311912866309,0.27198051556479186,0.024854000000000001,0.10137502026508087,0,correct
DFDC,391,eiupyrzqct,0,0.36105487423558391,0.038081079511152159,0.24490000000000001,0.18866206756512485,0,correct
DFDC,392,ejamhpktsv,0,0.72333846520632505,0.99506417475640774,0.176981,0.44972382568723851,1,false_accept
DFDC,393,ejcqjyykde,0,0.25917149026645347,0.11195723259152146,0.18900400000000001,0.16939834429077913,0,correct
DFDC,394,ejoyqcqbwz,0,0.036142662953352556,0.019523242219293024,0.030861,0.027723755813455535,0,correct
DFDC,395,ejunkkahbw,0,0.52299696207046509,0.97820276021957397,0.21437999999999999,0.45895767616939548,1,false_accept
DFDC,396,ejxpvcnhgp,0,0.048690523311961442,0.013661138909810688,0.23574000000000001,0.1597638678385413,0,correct
DFDC,397,ejzkqkyyjn,0,0.03906097406987101,0.052017667954787614,0.073900999999999994,0.065593999089929828,0,correct
DFDC,398,ekadcashsk,0,0.53381562067402732,0.32759623726209003,0.085557999999999995,0.18058235221232838,0,correct
DFDC,399,ekchwxfidi,0,0.47972895253089165,0.42763031009704838,0.029836000000000001,0.1716689406556591,0,correct
DFDC,400,ekkugairyt,0,0.68326122732833028,0.48330558270390611,0.152002,0.27795603617758835,0,correct
DFDC,401,eknsovspcq,0,0.23244963586330414,0.2353111207485199,0.062364000000000003,0.12275241801772117,0,correct
DFDC,402,ekyizqofll,0,0.23365197330713272,0.015393968089483678,0.115869,0.091615639092201745,0,correct
DFDC,403,elcgtgbnyp,0,0.10369280830491334,0.23888907548098359,0.0094420000000000007,0.082988663059540738,0,correct
DFDC,404,eleorlxdfn,0,0.52211497165262699,0.3595869600540027,0.031870999999999997,0.15469798659883216,0,correct
DFDC,405,elfvsplvsm,0,0.045973532483913004,0.014691338132251985,0.005411,0.010223228063871246,0,correct
DFDC,406,elgacurben,0,0.20135453532867389,0.10414162343207362,0.038052000000000002,0.066044013796055775,0,correct
DFDC,407,elnfssjwac,0,0.48384698679049809,0.2775579941769441,0.202265,0.23893199759260814,0,correct
DFDC,408,emktbernwu,0,0.69478885608259588,0.52198590805346612,0.148979,0.28817156522016962,0,correct
DFDC,409,emxmzlyptu,0,0.4911017157137394,0.45700833853334188,0.050535999999999998,0.19450598734568952,0,correct
DFDC,410,enfuaxtrzw,0,0.15904505853541195,0.041462791414232925,0.16128600000000001,0.12522699035104048,0,correct
DFDC,411,ensomzcksk,0,0.37168576887675692,0.29271265970809118,0.037827,0.1309856363562652,0,correct
DFDC,412,eoacfrppkd,0,0.91667484678328037,0.74358275742270052,0.041288999999999999,0.29574641956597419,0,correct
DFDC,413,eofackxdyv,0,0.16220703792686647,0.055959920004869886,0.075108999999999995,0.073719177897804286,0,correct
DFDC,414,eoqklpsdkk,0,0.72731737699359655,0.86738209333270788,0.0051500000000000001,0.29992799684949223,0,correct
DFDC,415,eppwzalgil,0,0.87520754337310791,0.70063251256942749,0.036164000000000002,0.27745673093948364,0,correct
DFDC,416,epsagamsaz,0,0.20060891658067703,0.60539848605791724,0.22331200000000001,0.33680279164640903,1,false_accept
DFDC,417,eqbmwufitj,0,0.42468684318009764,0.35116897437546868,0.12729399999999999,0.20932613447164547,0,correct
DFDC,418,eqebmvfsoo,0,0.70013174210907891,0.81253039091825485,0.126252,0.36082950438093042,1,false_accept
DFDC,419,eqftvetmri,0,0.41226310355048024,0.12061810385315649,0.085466,0.11235148633347096,0,correct
DFDC,420,eqxzdpxsni,0,0.2639280246803537,0.26335009104514029,0.091908000000000004,0.15194162854755977,0,correct
DFDC,421,erecdkwexc,0,0.13427355022480089,0.10344702171472211,0.097587999999999994,0.10117998402565667,0,correct
DFDC,422,ernfnnoyoh,0,0.32465914473868906,0.062949466024292633,0.042643,0.062835747044222248,0,correct
DFDC,423,ersbqxgktr,0,0.37947194022126496,0.10319967685791198,0.0063359999999999996,0.054051900068436839,0,correct
DFDC,424,erwuheqezz,0,0.17622646101965353,0.24122081220579836,0.213897,0.22021061671272218,0,correct
DFDC,425,etlorhhybb,0,0.47575122769922018,0.41670860256999731,0.083535999999999999,0.20309854215596021,0,correct
DFDC,426,etpukpfwdd,0,0.26600732584483922,0.040625843656016514,0.120146,0.10358301938904692,0,correct
DFDC,427,etvkaiehuf,0,0.56875075317091417,0.56646644856987727,0.23204900000000001,0.3492093222295089,1,false_accept
DFDC,428,etvrvsqjdg,0,0.052250522159738466,0.049823534849565476,0.038997999999999998,0.042908286562856564,0,correct
DFDC,429,etxpsgmszb,0,0.73000749945640564,0.62806358778228366,0.33949299999999999,0.44558990130750536,1,false_accept
DFDC,430,eunvnqqtzq,0,0.36919376431476503,0.047577497094780916,0.31253700000000001,0.23588198734417254,0,correct
DFDC,431,eupqsbgytd,0,0.13558956439374015,0.14866435237490805,0.086558999999999997,0.10764213393215942,0,correct
DFDC,432,euqpaipvqe,0,0.068169926584232599,0.026419074805744458,0.021565999999999998,0.025352118770934965,0,correct
DFDC,433,euugqjlsoq,0,0.52326712443027645,0.57305661120335571,0.15844,0.30106633958252055,1,false_accept
DFDC,434,euzavbbmzm,0,0.81259222541536602,0.71231599737490925,0.51200400000000001,0.58712701048324112,1,false_accept
DFDC,435,euzkpofgus,0,0.19340211324966872,0.46671315282583237,0.062556,0.19034545151023316,0,correct
DFDC,436,evcfwczoxo,0,0.74761555592219031,0.91441794236501062,0.529528,0.65589936050561271,1,false_accept
DFDC,437,evcnzubsib,0,0.10963348083896562,0.11784902386716567,0.011731,0.048461531202097979,0,correct
DFDC,438,ewfeuljajp,0,0.43435163609683514,0.21525609977834392,0.15553600000000001,0.18739281173834496,0,correct
DFDC,439,ewnafyyoso,0,0.7395602073520422,0.80991205666214228,0.012507000000000001,0.28808117736624478,0,correct
DFDC,440,ewnwcrsdcg,0,0.85701200314636883,0.16573527464161403,0.17521200000000001,0.20645898254980266,0,correct
DFDC,441,ewpviahcru,0,0.65637516509741545,0.60533941679750569,0.17688400000000001,0.32939518329412248,1,false_accept
DFDC,442,extyitlbzu,0,0.075618246890371665,0.043760659711551853,0.133136,0.10344751025798414,0,correct
DFDC,443,eyfocbwehu,0,0.23482413217425346,0.87640872597694397,0.28309299999999998,0.45867427440179587,1,false_accept
DFDC,444,eyjupcqlae,0,0.39372090046526864,0.18973443596041761,0.010952999999999999,0.08372582581138871,0,correct
DFDC,445,eykkgxsaef,0,0.8731539456380738,0.9559428228272332,0.035707999999999997,0.35365074413007369,1,false_accept
DFDC,446,eyrzmbdhiq,0,0.56945818406529725,0.51836235699011013,0.045695,0.21368336630029791,0,correct
DFDC,447,eytswfrvaa,0,0.55942545738071203,0.91206015256466344,0.26960699999999999,0.47683386863843463,1,false_accept
DFDC,448,ezpzilzmti,0,0.1322094053030014,0.22854351997375488,0.77737500000000004,0.58046727625727657,1,false_accept
DFDC,449,ezuwhrpzds,0,0.26980320212896913,0.215734587458428,0.040527000000000001,0.10455308634397686,0,correct
DFDC,450,ezyxpzdigj,0,0.42870649781364661,0.49820543854282451,0.16444800000000001,0.27778815645352967,0,correct
DFDC,451,fagregozex,0,0.32268246561288833,0.23415907025337218,0.103477,0.15364189435665607,0,correct
DFDC,452,faofhovwxb,0,0.60703034194246419,0.88477608080833192,0.056727,0.33265689133962278,1,false_accept
DFDC,453,faugjugqed,0,0.27703271439531818,0.13742278569407063,0.30670700000000001,0.2544380214279871,0,correct
DFDC,454,fbblkqdwsh,0,0.49869067173811699,0.2436827855304845,0.32108199999999998,0.3067426692460512,1,false_accept
DFDC,455,fbcdsriasc,0,0.087087577354395762,0.014226495259208605,0.102711,0.075384477445482365,0,correct
DFDC,456,fbeytayyvl,0,0.40307586890412495,0.25689245106332237,0.042529999999999998,0.12486602876420295,0,correct
DFDC,457,fbgehdbgim,0,0.69686941616237164,0.36653674277476966,0.117717,0.22132054364054948,0,correct
DFDC,458,fbqedhqajw,0,0.244491126970388,0.05444299808004871,0.071190000000000003,0.074830955772534014,0,correct
DFDC,459,fbtiqatdmr,0,0.41056077973917127,0.26249911380000412,0.010315,0.1059825231269598,0,correct
DFDC,460,fcbwcbmtgf,0,0.13536416267743334,0.030705927340022754,0.14289099999999999,0.10885913633587849,0,correct
DFDC,461,fcckmsgxus,0,0.29417770012514666,0.34312698109715711,0.57328000000000001,0.49027897933540449,1,false_accept
DFDC,462,fclicrptzy,0,0.25174061406869441,0.090395074141270015,0.070535,0.085553302945815729,0,correct
DFDC,463,fcndzebluf,0,0.60072275716811419,0.81912623718380928,0.21285699999999999,0.41413105901354846,1,false_accept
DFDC,464,fcnfoiywiq,0,0.70077517785524068,0.047432216889175927,0.026838999999999998,0.066713773959514819,0,correct
DFDC,465,fcpcqehztd,0,0.20022331636685592,0.059692639463509507,0.16172900000000001,0.13304280765739565,0,correct
DFDC,466,fcymecwwoz,0,0.22371720387309324,0.13173957594335661,0.10821,0.12104423297666164,0,correct
DFDC,467,fdtjayrber,0,0.016329842692357488,0.0047892310103634372,0.015944,0.012616861437726907,0,correct
DFDC,468,fedsbokaxo,0,0.22891442035324872,0.60883066046517342,0.0087559999999999999,0.19978631915721448,0,correct
DFDC,469,feppjmjdlp,0,0.28962345130275935,0.069810296379728243,0.158193,0.13824971147905643,0,correct
DFDC,470,fepurhrkqi,0,0.47192835688591006,0.50635651469230647,0.055194,0.21137947225198744,0,correct
DFDC,471,fgizxesznq,0,0.74424104951322079,0.86818548571318388,0.616317,0.69827374818961618,1,false_accept
DFDC,472,fgxevqqpuo,0,0.31632864527637139,0.35034959737095051,0.071222999999999995,0.16721626147510371,0,correct
DFDC,473,fgxnfexcmd,0,0.18557341489940882,0.39321844140067697,0.035714000000000003,0.15045830316517353,0,correct
DFDC,474,fhbzrownlj,0,0.69204271119087934,0.72018797229975462,0.35653800000000002,0.48240822724947036,1,false_accept
DFDC,475,fhklfzlzww,0,0.86818785592913628,0.97843140922486782,0.16384899999999999,0.4434406655639172,1,false_accept
DFDC,476,fhtrzycstq,0,0.63761102095726996,0.51979909870292873,0.060013999999999998,0.22682938065874211,0,correct
DFDC,477,fhxdezdkhv,0,0.11502071423456073,0.10894991150416899,0.157804,0.14100860916297875,0,correct
DFDC,478,fhzfjsdwnw,0,0.036707845021737739,0.024864274731953628,0.031623999999999999,0.029850274670672975,0,correct
DFDC,479,fibudclsfs,0,0.49344172559935473,0.51264350373169476,0.022905999999999999,0.19335403739947615,0,correct
DFDC,480,fivvezdmdl,0,0.72407619841396809,0.4741468880456523,0.020693,0.1918983263343941,0,correct
DFDC,481,fjeuyaezfh,0,0.95253432169556618,0.99409220553934574,0.14522599999999999,0.44025127774658201,1,false_accept
DFDC,482,fjgxgkmyei,0,0.88135804794728756,0.39443075933377258,0.0059280000000000001,0.16625033019749616,0,correct
DFDC,483,fjkpdhxlrt,0,0.26084276736946777,0.26984431120217778,0.0068840000000000004,0.098470031729126717,0,correct
DFDC,484,fkgmjcjdec,0,0.28688628692179918,0.046473712172883097,0.042901000000000002,0.056172077997954893,0,correct
DFDC,485,fkwgvwaipt,0,0.51230219847639091,0.27299987074366072,0.077481999999999995,0.15787837114691775,0,correct
DFDC,486,fkxczboruw,0,0.095616487553343177,0.0085012140189064667,0.049418999999999998,0.039453538583339096,0,correct
DFDC,487,flbjhhjjfa,0,0.83291825372725725,0.049604697916947771,0.011068,0.063721522061447197,0,correct
DFDC,488,flccigbmqe,0,0.55016106902621686,0.30158300368930213,0.286773,0.30438540455810148,1,false_accept
DFDC,489,fleahnpqtq,0,0.12803111120592803,0.011017300268576946,0.059027999999999997,0.048074945640869483,0,correct
DFDC,490,flierzeiub,0,0.078447795907656354,0.0084093839783842359,0.01068,0.01338720498889809,0,correct
DFDC,491,flkumgevzc,0,0.15726300059921211,0.32182964216917753,0.062650999999999998,0.14513519268071387,0,correct
DFDC,492,flndnjvmfo,0,0.4972346993163228,0.42713312644627877,0.12433900000000001,0.23382202289969978,0,correct
DFDC,493,fmbzkvyfrz,0,0.38339465094031766,0.17811938613886014,0.10625,0.14166804838867392,0,correct
DFDC,494,fmcwiwhrhp,0,0.015447175857843831,0.005988046781567391,0.0049049999999999996,0.0057570228273624083,0,correct
DFDC,495,fmdtzfucit,0,0.49146866449154913,0.62942636603838764,0.060968000000000001,0.25303054303609374,0,correct
DFDC,496,fmfohogigc,0,0.77129028166333835,0.74576934874057765,0.61212599999999995,0.66017721870534019,1,false_accept
DFDC,497,fmifhryxjf,0,0.81530523207038641,0.96197322010993958,0.084332000000000004,0.38417302763650124,1,false_accept
DFDC,498,fnfllbjkbl,0,0.79756923019886017,0.80946317315101624,0.30382799999999999,0.48020561345524787,1,false_accept
DFDC,499,fniyjebwat,0,0.013690354215214029,0.0029765584222332109,0.0088509999999999995,0.0073306352374306648,0,correct
DFDC,500,fnxiejlhsa,0,0.35971439143759198,0.37337504229799379,0.103183,0.19706718226127773,0,correct
DFDC,501,fojcfmyrvh,0,0.14737066855013836,0.21872733161580982,0.061761999999999997,0.11313203291224985,0,correct
DFDC,502,fonrkfamkc,0,0.24562287586741149,0.032299402097123675,0.092228000000000004,0.081919164422507684,0,correct
DFDC,503,fotqcvjygo,0,0.20841167746111749,0.24171596176456661,0.11790399999999999,0.15957297240242585,0,correct
DFDC,504,fphmxaudbt,0,0.94266672059893608,0.91974025964736938,0.093603000000000006,0.38389736392415758,1,false_accept
DFDC,505,fpiosmdsqn,0,0.40562768111703917,0.11431138972693589,0.069425000000000001,0.099701050973932726,0,correct
DFDC,506,fpjckvphaa,0,0.33992378634866327,0.1754362085921457,0.100365,0.13486430189507687,0,correct
DFDC,507,fppbtognih,0,0.32231032210984267,0.2363135877494642,0.078699000000000005,0.13816394243033139,0,correct
DFDC,508,fppfcdkkqi,0,0.41550262769063312,0.026145178281391662,0.042201000000000002,0.056049334868949162,0,correct
DFDC,509,fptvavkzfv,0,0.59057230222970247,0.040641976695042104,0.14221800000000001,0.13416290811999776,0,correct
DFDC,510,fpznjnbkla,0,0.080382080981507897,0.0062485348971677013,0.387235,0.25759641451822574,0,correct
DFDC,511,fqherwmfqn,0,0.51980595125092399,0.62815941373507178,0.172906,0.32682702168306771,1,false_accept
DFDC,512,fqjgevcujf,0,0.57211133930832148,0.7859574316535145,0.19340599999999999,0.39010669646147039,1,false_accept
DFDC,513,fqlmositql,0,0.46622315854314833,0.34665014537712258,0.044112999999999999,0.15597965154029417,0,correct
DFDC,514,fqlyhbtsnz,0,0.53838703930377962,0.46727407081052663,0.74169200000000002,0.64920137320834703,1,false_accept
DFDC,515,fsepzcdipk,0,0.121478047571145,0.01327477421000367,0.018128999999999999,0.02184018464155835,0,correct
DFDC,516,fsvqzkbygi,0,0.58410891747917049,0.37863651837687939,0.27221699999999999,0.31973745138702231,1,false_accept
DFDC,517,ftcxjnfotd,0,0.51494652982200351,0.38448846216253457,0.16317200000000001,0.24715566513986056,0,correct
DFDC,518,ftqhtsnspk,0,0.10132109781261533,0.14789499522885308,0.13598199999999999,0.13782285345928669,0,correct
DFDC,519,ftvxeobwml,0,0.77686586550303871,0.9953867750508445,0.25748500000000002,0.50482457579040529,1,false_accept
DFDC,520,ftwqdnsagj,0,0.68118086863647809,0.58688984574242076,0.015765000000000001,0.22037324715455012,0,correct
DFDC,521,ftyqwfnahu,0,0.033836520873592235,0.004628853675967548,0.088705999999999993,0.060739382146469872,0,correct
DFDC,522,fuozqyayay,0,0.067072572535835207,0.061172182737209368,0.060312999999999999,0.060908733447954569,0,correct
DFDC,523,futqedsrlz,0,0.23718997882679105,0.058700668145320378,0.099655999999999995,0.094246099384935667,0,correct
DFDC,524,fvbjxmirvi,0,0.46938983268207973,0.41526182823710972,0.040413999999999999,0.17431714010523688,0,correct
DFDC,525,fvbpywbipk,0,0.31438196287490427,0.2064479137188755,0.029142999999999999,0.096596422259407858,0,correct
DFDC,526,fvitjsicwr,0,0.17887284855047861,0.099910642951726913,0.040776,0.065421235313042003,0,correct
DFDC,527,fvktmglbif,0,0.0042526483157416806,0.0081951482134172693,0.044840999999999999,0.031817826879812265,0,correct
DFDC,528,fvpdkzcfiz,0,0.30281557352282107,0.44576462136319606,0.119023,0.22623511508509989,0,correct
DFDC,529,fvxcstnbwe,0,0.84100517258048058,0.98235487006604671,0.20466699999999999,0.46979026964883802,1,false_accept
DFDC,530,fwnfmxized,0,0.30735008290503174,0.17729622497427044,0.095764000000000002,0.13080297163753274,0,correct
DFDC,531,fxentjzduw,0,0.49852644046768546,0.40548511629458517,0.31816499999999998,0.35337910691175978,1,false_accept
DFDC,532,fxgfkuwhrq,0,0.44667493025290556,0.54563066613828315,0.098024,0.24973854635413023,0,correct
DFDC,533,fxhidqptjm,0,0.45281896032392976,0.45274016447365284,0.047051999999999997,0.18904679735829233,0,correct
DFDC,534,fxjgatovwf,0,0.46778637170791626,0.21008981682825834,0.060539000000000003,0.12576661363387331,0,correct
DFDC,535,fxmmgjcasv,0,0.49003009684383869,0.49919972009956837,0.032181000000000001,0.19517907087206246,0,correct
DFDC,536,fxrvoawape,0,0.53042799048125744,0.39584623859263957,0.224217,0.29101632110185471,0,correct
DFDC,537,fxwczkyooa,0,0.36579200407140888,0.35720573092112318,0.014027,0.1345688694799074,0,correct
DFDC,538,fxyqdjkqus,0,0.11711924607516266,0.052049227298994083,0.19614899999999999,0.14896758049345635,0,correct
DFDC,539,fydclqaqof,0,0.42226198315620422,0.64268791675567627,0.80698499999999995,0.73845972418451311,1,false_accept
DFDC,540,fzcnqugxiw,0,0.43338654702529311,0.20384120619564783,0.057962,0.12049698920995899,0,correct
DFDC,541,fzjqembrqm,0,0.24914301477838308,0.043841415696078911,0.043851000000000001,0.054112725447742829,0,correct
DFDC,542,fzssokwsow,0,0.33334348286534177,0.26380616073207608,0.074395000000000003,0.14416577236288991,0,correct
DFDC,543,gaiwuodtrf,0,0.61761385668069124,0.51592859986703843,0.82863200000000004,0.72427007279414612,1,false_accept
DFDC,544,gajpdknozz,0,0.10669598545064218,0.079711053462233394,0.01176,0.03689211531120213,0,correct
DFDC,545,galdtxmleu,0,0.070185199961997569,0.088920046844577882,0.0096880000000000004,0.036482474051473243,0,correct
DFDC,546,gaugsiqjdj,0,0.19422364234924316,0.02112945169210434,0.073410000000000003,0.063766517625093458,0,correct
DFDC,547,gbneqeeeid,0,0.13320235180435702,0.18434336913924199,0.244507,0.22089267833199044,0,correct
DFDC,548,gbnmxmglxs,0,0.32290168560575694,0.40561656703357585,0.053898000000000001,0.17286375439036059,0,correct
DFDC,549,gcgipvobxq,0,0.86244314350187778,0.80325864918995649,0.180228,0.40124795193208079,1,false_accept
DFDC,550,gcirixsvvh,0,0.64141811334317733,0.84916571215275793,0.449044,0.57869921931298629,1,false_accept
DFDC,551,gcixgvhiyz,0,0.065971352421911433,0.0048946842944133095,0.067899000000000001,0.048901322909419564,0,correct
DFDC,552,gckebpohji,0,0.54514874174044681,0.27870560935340249,0.0079539999999999993,0.11603921989304308,0,correct
DFDC,553,gckjrngmcc,0,0.52205824968405068,0.31728484439372551,0.033571999999999998,0.14311016580232017,0,correct
DFDC,554,gdnacoubws,0,0.97133016586303711,0.9930780827999115,0.66459900000000005,0.77847928313312531,1,false_accept
DFDC,555,gdoyxukhwl,0,0.51824100036174059,0.34799003982334398,0.30765799999999999,0.33028676196509021,1,false_accept
DFDC,556,gdrergmdss,0,0.48802104473114016,0.40537787854671481,0.049945000000000003,0.17847866580057145,0,correct
DFDC,557,gecaveezvp,0,0.15561135526513681,0.11116851024416974,0.070826,0.087168020836507765,0,correct
DFDC,558,geefmvbvlb,0,0.95757407695055008,0.99874820560216904,0.041942,0.37476546552817824,1,false_accept
DFDC,559,gegchpmydl,0,0.03238456834515091,0.0056660865157027729,0.010413,0.010087504371968377,0,correct
DFDC,560,geiwkschht,0,0.055629088077694178,0.022441127861384302,0.50955399999999995,0.34072389276229997,1,false_accept
DFDC,561,gesxtfxqft,0,0.18767642034799792,0.17138963070465252,0.081531000000000006,0.11379586022879566,0,correct
DFDC,562,geufrdrmms,0,0.74328736925963312,0.91858095582574606,0.051966999999999999,0.3465172052107055,1,false_accept
DFDC,563,gewcktuznr,0,0.41637113748583943,0.29337677911826177,0.43847900000000001,0.39384294060977054,1,false_accept
DFDC,564,gewoknrnmn,0,0.29446447174996138,0.16209877326764399,0.199132,0.19278865556779126,0,correct
DFDC,565,gfasecjgtj,0,0.51661185640841722,0.21637240747804753,0.030575000000000001,0.11061606506383512,0,correct
DFDC,566,gfiivbchzo,0,0.57955462619429454,0.60143488948233426,0.16850599999999999,0.31893709815441501,1,false_accept
DFDC,567,gfshkxpskg,0,0.22344909012317657,0.58696910142898562,0.061677000000000003,0.22735323493485454,0,correct
DFDC,568,gfwwgynvkt,0,0.18100119675867832,0.047766214344077386,0.0062690000000000003,0.027454774141157132,0,correct
DFDC,569,gfynppxmqe,0,0.79213112965226173,0.29898843241971917,0.081267000000000006,0.18212663620852884,0,correct
DFDC,570,ggglpcjgjn,0,0.082017525616619319,0.087270139009450326,0.034771999999999997,0.052883717983666062,0,correct
DFDC,571,ggkwwepwiq,0,0.079246857363614254,0.0038820736117486376,0.014395,0.014483714951705305,0,correct
DFDC,572,ggoeyorwry,0,0.49396996386349201,0.50194685813039541,0.023963000000000002,0.19085850563229323,0,correct
DFDC,573,ggugeipjhi,0,0.44893362729445746,0.3129231548949104,0.22128,0.26015562783319601,0,correct
DFDC,574,ggvxezamwg,0,0.52599175646901131,0.72314496710896492,0.25783400000000001,0.41083517795614005,1,false_accept
DFDC,575,ggxgnivbir,0,0.48629690078087151,0.46269493037834764,0.241368,0.32001252415254783,1,false_accept
DFDC,576,gigcfsnabk,0,0.31355974078178406,0.17550832718344672,0.42468499999999998,0.34437573519412323,1,false_accept
DFDC,577,gikdmpwknc,0,0.10629595641512424,0.050330866244621575,0.039197999999999997,0.04589275769414268,0,correct
DFDC,578,ginoteclmc,0,0.18700729194900084,0.84890040601121963,0.41606700000000002,0.53446403640081597,1,false_accept
DFDC,579,gizslvhjgg,0,0.071846855484182015,0.074055123695870861,0.012392,0.033863679882970357,0,correct
DFDC,580,gjumraslfd,0,0.075229076566756703,0.0032435629618703388,0.031238999999999999,0.025039872716898937,0,correct
DFDC,581,gklbfoehde,0,0.4635392120690085,0.21105844947305741,0.118447,0.16348504544536765,0,correct
DFDC,582,gksvydtijf,0,0.49015661794692278,0.51301260571926832,0.101688,0.24450881261312662,0,correct
DFDC,583,gldaexzzqg,0,0.17484348104335368,0.013655098609888228,0.144818,0.10697040363513416,0,correct
DFDC,584,glgcnvkktt,0,0.50318357431939964,0.71192010117951654,0.044136000000000002,0.26742360906982493,0,correct
DFDC,585,glghpqwtup,0,0.020109931276238058,0.028809733372327173,0.026010999999999999,0.026555566575510055,0,correct
DFDC,586,glqkxjzmwt,0,0.69276134570439651,0.627042687839518,0.43638100000000002,0.50639852363707527,1,false_accept
DFDC,587,gmbekidkrm,0,0.049383276433218271,0.005672018371114973,0.034111000000000002,0.026342919332995408,0,correct
DFDC,588,gmgttwprlv,0,0.52922488997379935,0.62190893950561688,0.39912700000000001,0.47246647635037503,1,false_accept
DFDC,589,gmkwaopwmy,0,0.19359065848402679,0.31879936408950016,0.027945000000000001,0.1234835921510514,0,correct
DFDC,590,gmpopozjxq,0,0.275154195522191,0.18268967304175021,0.15761500000000001,0.17101436168863463,0,correct
DFDC,591,gncpzukgmp,0,0.67127733952120727,0.87045653242813914,0.34025699999999998,0.51586787670450207,1,false_accept
DFDC,592,gneywehaxx,0,0.16957705817185342,0.031713663025584538,0.061599000000000001,0.058032301816268034,0,correct
DFDC,593,gnkhqsfowa,0,0.77222780510783195,0.69810484256595373,0.047931000000000001,0.27919799302517773,0,correct
DFDC,594,gnrbewlotf,0,0.30062222480773926,0.29390504688490182,0.043964999999999997,0.1317798753058575,0,correct
DFDC,595,gnvhvmzklj,0,0.01456796230195323,0.0076357053767424077,0.013334,0.011686209728120385,0,correct
DFDC,596,gnvzwpalsh,0,0.48816237784922123,0.47191930562257767,0.034722000000000003,0.18855321057923435,0,correct
DFDC,597,gnxmbepwpg,0,0.25309055161972843,0.38051765859127046,0.11206099999999999,0.19964947515836756,0,correct
DFDC,598,gocjpmgymw,0,0.64127033203840256,0.57812900468707085,0.73490900000000003,0.68319306800804147,1,false_accept
DFDC,599,goodbhstjd,0,0.63247938454151154,0.30314533339696936,0.016733000000000001,0.13344401924616639,0,correct
DFDC,600,gouzsyheaq,0,0.8430482130497694,0.62487780436640605,0.114956,0.30433715196241029,1,false_accept
DFDC,601,gpaoydxrsi,0,0.51548898634651019,0.093490084347825853,0.085680999999999993,0.10951412462167327,0,correct
DFDC,602,gpbyusiuzl,0,0.094605826408951543,0.082076895181671716,0.028455000000000001,0.047849109874949093,0,correct
DFDC,603,gplppncosq,0,0.44364187377505004,0.29899139539338648,0.017246000000000001,0.12308941230676844,0,correct
DFDC,604,gqdptzfpbs,0,0.72325595002621412,0.99275899864733219,0.37794299999999997,0.57965344709551037,1,false_accept
DFDC,605,gqqhtdjoha,0,0.30454958677291871,0.27880968675017359,0.58178799999999997,0.47703258536369803,1,false_accept
DFDC,606,gqsltckrcy,0,0.20074910984840244,0.46998687239829451,0.013551000000000001,0.15984166721190846,0,correct
DFDC,607,gqspoaseuh,0,0.21454795822501183,0.20124271765598678,0.083242999999999998,0.12520816320804662,0,correct
DFDC,608,gqvbzznvmy,0,0.24417820596136153,0.39400227548321709,0.153005,0.22986284294303319,0,correct
DFDC,609,gqxouphsrb,0,0.15209626889554784,0.36214150761952624,0.208401,0.25170791573063528,0,correct
DFDC,610,grafhswwhk,0,0.58102410030551255,0.71246616638381965,0.032141999999999997,0.2636833549304215,0,correct
DFDC,611,grhpuddkab,0,0.60892464717229211,0.86324606339136756,0.55212600000000001,0.64830195137602487,1,false_accept
DFDC,612,grskojjbht,0,0.65779362851753831,0.4350248557748273,0.16642799999999999,0.27157533815832507,0,correct
DFDC,613,gskupoaqhj,0,0.092865987841425274,0.065439823838271974,0.168929,0.13407909654355285,0,correct
DFDC,614,gsxrnvowhr,0,0.40558325062738732,0.13697147560014855,0.33563199999999999,0.27953140521141395,0,correct
DFDC,615,gtawafsria,0,0.46208082823432051,0.25269802174443612,0.19425400000000001,0.22517854793504688,0,correct
DFDC,616,gtnioxzylm,0,0.73944807704538107,0.48891683055262547,0.24929899999999999,0.34569180301805669,1,false_accept
DFDC,617,gtwikzrljf,0,0.045723675563931462,0.0075256654899567366,0.108097,0.074806933425183603,0,correct
DFDC,618,gtynytoail,0,0.67361707488695777,0.10869172386204203,0.106269,0.13536322090296049,0,correct
DFDC,619,gtzpgjtjfq,0,0.046412006051590043,0.005452174150074522,0.0062560000000000003,0.0080226525476018596,0,correct
DFDC,620,gudxviyvcg,0,0.16196863385266624,0.18324788617610466,0.0052950000000000002,0.066514547545464695,0,correct
DFDC,621,gugvlthskw,0,0.26490011322312057,0.14042742265155539,0.68050200000000005,0.49769953245662268,1,false_accept
DFDC,622,gultnyvmdb,0,0.14313984187901951,0.040302573826920707,0.012853,0.027602214242027186,0,correct
DFDC,623,guvzgzehqb,0,0.46419734238380833,0.3653337632671797,0.024733999999999999,0.14888709609934433,0,correct
DFDC,624,gvcdsdwclx,0,0.6040271962992847,0.41824994268245064,0.0046410000000000002,0.15869299261969944,0,correct
DFDC,625,gvrxjesctd,0,0.56563213840126991,0.26181229426583741,0.34311999999999998,0.32985329519981471,1,false_accept
DFDC,626,gvstykbufc,0,0.15760300972033292,0.046491052125929855,0.042006000000000002,0.049131366123795601,0,correct
DFDC,627,gvuzabcign,0,0.09417354766628705,0.062975850210932549,0.0091430000000000001,0.029544382446594117,0,correct
DFDC,628,gvwghcaaqi,0,0.29474795311689378,0.38336781561374667,0.040126000000000002,0.15582964233996868,0,correct
DFDC,629,gwmyntlwxd,0,0.23715440707746893,0.078160473480238579,0.034735000000000002,0.057883612397945025,0,correct
DFDC,630,gwumtdvrah,0,0.25773028214462101,0.59033701289445162,0.062826999999999994,0.23082516797556651,0,correct
DFDC,631,gxjqnomcyg,0,0.36061163537669927,0.76056661922484636,0.011428000000000001,0.25362876753628888,0,correct
DFDC,632,gxolhtjaay,0,0.55133222520817071,0.25366150306217605,0.038779000000000001,0.12887141217906134,0,correct
DFDC,633,gxqgajnigt,0,0.29426374787400511,0.11275697972400692,0.088449,0.10603213131090233,0,correct
DFDC,634,gxuespltvr,0,0.037748634349554777,0.098245581233641133,0.035229999999999997,0.054260606087570072,0,correct
DFDC,635,gxxssnesxd,0,0.33002574963029474,0.3325160569511354,0.081450999999999996,0.16919925456685536,0,correct
DFDC,636,gxymcylvtc,0,0.41377810375706758,0.21550874840613687,0.176982,0.20037982970969445,0,correct
DFDC,637,gyewljzvpk,0,0.10686837401437133,0.17860766791885621,0.21629599999999999,0.19951811907637543,0,correct
DFDC,638,gylvlcgsda,0,0.50109807327389722,0.56478076114319264,0.10167900000000001,0.26058048200665268,0,correct
DFDC,639,gymtkntsdn,0,0.11497544180019759,0.1717623896402074,0.075677999999999995,0.1064681889820721,0,correct
DFDC,640,gysgalxvdb,0,0.12732019013492391,0.036987766332458705,0.15076899999999999,0.1154621894064838,0,correct
DFDC,641,gytujwgcfs,0,0.060045038291718811,0.063615268038120121,0.015082999999999999,0.031890782326021973,0,correct
DFDC,642,gytxrbatwr,0,0.3982904776930809,0.47097797691822052,0.37843500000000002,0.40719066696012018,1,false_accept
DFDC,643,gyuzaicmfj,0,0.96203845739364624,0.9991602897644043,0.049291000000000001,0.37988915979900356,1,false_accept
DFDC,644,gyweftlpef,0,0.31491788139101118,0.23235483115422539,0.076131000000000004,0.13493749341581818,0,correct
DFDC,645,gyymeisnag,0,0.56814670562744141,0.88099336624145508,0.010206,0.29933924515380861,0,correct
DFDC,646,gzdbemyzgj,0,0.77437821868807077,0.84963737498037517,0.037379000000000003,0.31790647342851613,1,false_accept
DFDC,647,gzedbmvlab,0,0.74493206558482983,0.5338019619562796,0.79107700000000003,0.71158724186612543,1,false_accept
DFDC,648,gzggqmsnfa,0,0.22523661656305194,0.11544380227860529,0.119571,0.12361612151173418,0,correct
DFDC,649,gzkzyteytv,0,0.043722336587961763,0.0083086754311807454,0.59422299999999995,0.39092366945875229,1,false_accept
DFDC,650,gzneqgwhkp,0,0.34141312458086759,0.44917035545222461,0.023009000000000002,0.16677761286471077,0,correct
DFDC,651,gzvfvrohsu,0,0.20078054702025838,0.021143783727893606,0.109753,0.087721612469381011,0,correct
DFDC,652,gzyvtzlxvc,0,0.53387395082972944,0.37432230706326663,0.011285999999999999,0.14632628966046646,0,correct
DFDC,653,hagowzspwf,0,0.24492512352298945,0.15927461587125435,0.010503,0.066855590937525786,0,correct
DFDC,654,haidmxyqqa,0,0.49631360173225403,0.48164352073217742,0.078256000000000006,0.22017513630626592,0,correct
DFDC,655,hbbpkyyeps,0,0.59689432242885232,0.73483418169780634,0.47864499999999999,0.5614142206307845,1,false_accept
DFDC,656,hbdkgtrxft,0,0.63647975315970762,0.082149464591977098,0.039441999999999998,0.082106127035578513,0,correct
DFDC,657,hbkeeokfcp,0,0.42029040609486401,0.25390139719820581,0.15790100000000001,0.19982058946420495,0,correct
DFDC,658,hbydqewfad,0,0.041516974599411088,0.0056307263284300765,0.033980000000000003,0.025852066628499579,0,correct
DFDC,659,hcjcbqaxqa,0,0.13915547042119283,0.026494687940511439,0.393762,0.27085147990321307,0,correct
DFDC,660,hckjndrawh,0,0.024346599951968528,0.0044533091058838181,0.006293,0.0066437727293635722,0,correct
DFDC,661,hcmgwxyrjx,0,0.79041230026632547,0.55115995870437473,0.069491999999999998,0.25003840262462868,0,correct
DFDC,662,hdbjdpzymh,0,0.91498994920402765,0.93098756950348616,0.105154,0.39339586831124729,1,false_accept
DFDC,663,hddnknfrfp,0,0.37125934450887144,0.46773905568988994,0.043751999999999999,0.18732348393241055,0,correct
DFDC,664,hdhgpncvey,0,0.77173141436651349,0.5726297600849648,0.022477,0.2249855487438151,0,correct
DFDC,665,hdifdnaogk,0,0.14375372976064682,0.29230520129203796,0.052447000000000001,0.12896979687564372,0,correct
DFDC,666,heeadokghc,0,0.33423105404982645,0.1339209443559089,0.058696999999999999,0.095040886009263997,0,correct
DFDC,667,hfbhemfsge,0,0.39323187885539873,0.16143358385722553,0.45258999999999999,0.36227516909993762,1,false_accept
DFDC,668,hflzulwkqp,0,0.73019742360338569,0.77045171847566962,0.014250000000000001,0.27690788672287014,0,correct
DFDC,669,hfnvhitnnb,0,0.26566212438046932,0.10991002005878193,0.37517600000000001,0.29012051223665808,0,correct
DFDC,670,hfpnlezvbo,0,0.058538684621453285,0.0050250119311385788,0.028972999999999999,0.023266887810414239,0,correct
DFDC,671,hfyfesbequ,0,0.79264304507523775,0.71759110083803535,0.037933000000000001,0.27956593250517248,0,correct
DFDC,672,hfympfkedl,0,0.15869961316087122,0.15354544161979494,0.043076000000000003,0.081998013143982043,0,correct
DFDC,673,hfysflkmpk,0,0.40531106044848758,0.54779245009024935,0.34109699999999998,0.40631633804949918,1,false_accept
DFDC,674,hgijutaxea,0,0.050273448994923982,0.03166746083016117,0.027630999999999999,0.02997406069879455,0,correct
DFDC,675,hgsxilcvux,0,0.10817998187849298,0.090883312426740304,0.59284099999999995,0.41802064282194673,1,false_accept
DFDC,676,hhclpwhvwl,0,0.042227657919283956,0.042559966335829813,0.0031050000000000001,0.016897622796713141,0,correct
DFDC,677,hhmyohkxod,0,0.3239247523015365,0.28398182781529613,0.016805,0.11231403595966566,0,correct
DFDC,678,hhwgoorqhf,0,0.06695517900516279,0.0032004539207264315,0.248283,0.16569184512647608,0,correct
DFDC,679,hjbljvfkhd,0,0.53654775233007967,0.44278697302797809,0.15363599999999999,0.25952687952489745,0,correct
DFDC,680,hjgwhudqln,0,0.98539714328944683,0.99911396019160748,0.35244199999999998,0.5780913452219546,1,false_accept
DFDC,681,hjjbopgnmm,0,0.035005818586796522,0.0043528309615794569,0.189299,0.12610049021781367,0,correct
DFDC,682,hjvgyelzmj,0,0.33224510704167187,0.15775893210957292,0.032833000000000001,0.085281384984955466,0,correct
DFDC,683,hkgtgrucgy,0,0.48300803359597921,0.50762909158947878,0.050349999999999999,0.20916662915664258,0,correct
DFDC,684,hkkiotnxqz,0,0.74609608451525367,0.66700928360223766,0.52699200000000002,0.579952389306434,1,false_accept
DFDC,685,hkkqtregvm,0,0.30537307937629521,0.39145668648416176,0.162443,0.23829360991406331,0,correct
DFDC,686,hkwysjmqbc,0,0.64919929578900337,0.59888516925275326,0.227358,0.35990821556527614,1,false_accept
DFDC,687,hlagszdrar,0,0.56163276372284721,0.084516948683123136,0.30763200000000002,0.2533975227910793,0,correct
DFDC,688,hlnaewggxq,0,0.73225109186023474,0.50369411159772426,0.14351800000000001,0.281007488072329,0,correct
DFDC,689,hlorwkxuum,0,0.14697220266680233,0.048163329149247147,0.044637000000000003,0.050811658878114264,0,correct
DFDC,690,hlquizgomm,0,0.68487483263015747,0.96853159368038177,0.157779,0.42735956973562245,1,false_accept
DFDC,691,hmmnljhtom,0,0.42688287496566774,0.20883888080716134,0.039137999999999999,0.10943550799043178,0,correct
DFDC,692,hmvjiodnxy,0,0.4766395166516304,0.23144854558631778,0.57447899999999996,0.46667788950847683,1,false_accept
DFDC,693,hmzevnhivl,0,0.47707235677675769,0.44706656445156445,0.11540499999999999,0.23298683717430721,0,correct
DFDC,694,hoburozehx,0,0.33810423209797591,0.52732617495348677,0.085764000000000007,0.23084966409094484,0,correct
DFDC,695,hofaxxvuac,0,0.51448487466381443,0.44566323151511533,0.414719,0.42899056318772533,1,false_accept
DFDC,696,holkdnsibh,0,0.67739015817642212,0.95263373851776123,0.198106,0.44842852946414946,1,false_accept
DFDC,697,hophqgnqqf,0,0.32909623207524419,0.21599848996265791,0.034756000000000002,0.10384575859255958,0,correct
DFDC,698,hqfpcnnxuj,0,0.63330282270908356,0.51254209131002426,0.042513000000000002,0.21306121852846147,0,correct
DFDC,699,hqjafpxhio,0,0.18742137693334371,0.12658484515850432,0.177703,0.16285347239421849,0,correct
DFDC,700,hqpszaucuo,0,0.039227774293976836,0.016033083629736211,0.018591,0.018855463803619705,0,correct
DFDC,701,hrdngtfcid,0,0.023561928581329994,0.036489787940809038,0.060123999999999997,0.051205632811309208,0,correct
DFDC,702,hroyfnkoii,0,0.49174175143241883,0.39799554705619811,0.018582999999999999,0.15606470168848038,0,correct
DFDC,703,hrpkmbrlmf,0,0.34499026662004845,0.074528308552024622,0.072500999999999996,0.086733655896609807,0,correct
DFDC,704,hrtkwnhzox,0,0.32880274263712078,0.35799045545550495,0.071831999999999993,0.17052807376850751,0,correct
DFDC,705,hrttihqgrl,0,0.65582025377079844,0.40856448268459644,0.340526,0.37670225749391884,1,false_accept
DFDC,706,hrvqddcodm,0,0.061683754836849403,0.066410980063665193,0.015911000000000002,0.033349631760942029,0,correct
DFDC,707,hsgostmflh,0,0.18453293107450008,0.0050392056982673239,0.060506999999999998,0.050067958263205203,0,correct
DFDC,708,hstqdyvaok,0,0.026241143081279006,0.026775577185617294,0.0061180000000000002,0.013321430309749138,0,correct
DFDC,709,hswqufrqdq,0,0.051112672624488674,0.013333439361304045,0.051715999999999998,0.040171065439615648,0,correct
DFDC,710,hunncfchla,0,0.27508677028376483,0.02850249022695011,0.123782,0.10276338558227328,0,correct
DFDC,711,hutcjfcqml,0,0.46672352112364024,0.21703592459380161,0.18101300000000001,0.20610540343432251,0,correct
DFDC,712,hwopswmtft,0,0.13018452893171845,0.27528100081815804,0.289049,0.27697537669203337,0,correct
DFDC,713,hwvhwexwhe,0,0.10418653843225911,0.023656412333366461,0.091647999999999993,0.071877450621622888,0,correct
DFDC,714,hwysavmwmp,0,0.22489188642551503,0.10839864114920299,0.032528000000000001,0.064907386666036654,0,correct
DFDC,715,hxmbrvegjl,0,0.26342369883786887,0.22863251114904415,0.19136,0.20614493828660668,0,correct
DFDC,716,hxrpcnpqmf,0,0.16429174185032025,0.11657846700109076,0.064353999999999995,0.085018227192843229,0,correct
DFDC,717,hyiuisttjf,0,0.23903923569014296,0.16209296343731694,0.45300099999999999,0.35503050081570225,1,false_accept
DFDC,718,hyoehoklpt,0,0.74566876329481602,0.95684031210839748,0.010437999999999999,0.33112023179725997,1,false_accept
DFDC,719,hyugerzmgw,0,0.13488217207486741,0.011351251770975068,0.089233000000000007,0.068150934135035895,0,correct
DFDC,720,hyxqlilqem,0,0.83385941479355097,0.90022587310522795,0.32280300000000001,0.52158268267124597,1,false_accept
DFDC,721,hzjvykxajp,0,0.24422366538395485,0.10691382984320323,0.022703999999999998,0.059042932222158714,0,correct
DFDC,722,hznvpcnvni,0,0.21443101947079413,0.016591416308074258,0.057772999999999998,0.053251425865961981,0,correct
DFDC,723,hzotyxtbst,0,0.033088289143051952,0.02366268261539517,0.002686,0.010499119241771148,0,correct
DFDC,724,hzslacpvwl,0,0.20922589744441211,0.00935515347373439,0.040952000000000002,0.039886640914340923,0,correct
DFDC,725,hzvbloaxuo,0,0.071428759983973578,0.0038872584191267379,0.233348,0.15641381552493672,0,correct
DFDC,726,hzwhyjrakl,0,0.93520676530897617,0.86065633594989777,0.38278600000000002,0.55376813905041811,1,false_accept
DFDC,727,hzypvwcqjy,0,0.39197701204102486,0.30154208050225861,0.029433999999999998,0.12919357475272883,0,correct
DFDC,728,hzzvvzkeii,0,0.3136234687990509,0.4489695089723682,0.067428000000000002,0.19420022613166302,0,correct
DFDC,729,iacjuialws,0,0.13095558855544637,0.0034086722923718669,0.0056759999999999996,0.011259781115483879,0,correct
DFDC,730,iaqsdziamy,0,0.028982691699638963,0.0045498592735384591,0.017493000000000002,0.014184542367043487,0,correct
DFDC,731,iaqsoqjcju,0,0.95300043746829033,0.97615450993180275,0.77715199999999995,0.84564517485295532,1,false_accept
DFDC,732,ibsuixguip,0,0.19761771778576076,0.053360609948867932,0.44838,0.31733606887394844,1,false_accept
DFDC,733,iciyjerykp,0,0.62611337285488844,0.9584150668233633,0.26530799999999999,0.49128038868975338,1,false_accept
DFDC,734,iclzikdeqm,0,0.186804881086573,0.013228635438281344,0.046058000000000002,0.043246534685813055,0,correct
DFDC,735,icquxjujfr,0,0.50542145341634748,0.35581823013722896,0.030712,0.15197934171198607,0,correct
DFDC,736,idepnslyfu,0,0.17588280880590901,0.091233246275805868,0.23510300000000001,0.18898106432303721,0,correct
DFDC,737,iderzoimxh,0,0.4914432680234313,0.51695432513952255,0.022422000000000001,0.19423276094302835,0,correct
DFDC,738,idmceqioiu,0,0.305733508663252,0.037949906240100972,0.28770699999999999,0.21368119730519289,0,correct
DFDC,739,idvwohqkpn,0,0.052380234003067017,0.0051875450493146973,0.010727,0.011147825214947761,0,correct
DFDC,740,idyrworkxm,0,0.67727949221928918,0.38179198279976845,0.407472,0.413258369450895,1,false_accept
DFDC,741,ieiwxclrvs,0,0.089735832189520207,0.01210549584745119,0.089214000000000002,0.066107540363711373,0,correct
DFDC,742,iejvhlugys,0,0.35116922704037279,0.089579281251644716,0.15101999999999999,0.14259524572751206,0,correct
DFDC,743,iexcpcgtsq,0,0.12691244795860257,0.029162331633415306,0.010735,0.022072071887954719,0,correct
DFDC,744,ifbwwzsouv,0,0.68414142727851868,0.80030962750315671,0.055483999999999999,0.31036455961487291,1,false_accept
DFDC,745,ifhrizczsq,0,0.56997493991539594,0.78957280906892957,0.23114799999999999,0.41561678971644866,1,false_accept
DFDC,746,ifqopwnodw,0,0.029765436745947227,0.0040668997644388583,0.180783,0.12021729176662903,0,correct
DFDC,747,ifvigwlodu,0,0.69512868905439973,0.48041909968014807,0.16040699999999999,0.28314671435676436,0,correct
DFDC,748,ifyfwckana,0,0.39268248295411468,0.054918818696023664,0.050453999999999999,0.068904869756512832,0,correct
DFDC,749,igbpkykmrz,0,0.49174691736698151,0.53748524188995361,0.040994999999999997,0.21247966843533514,0,correct
DFDC,750,igcbrianxp,0,0.5986491177463904,0.53090990136843175,0.78940100000000002,0.70231607629784909,1,false_accept
DFDC,751,igkqamcwgm,0,0.57939211758119724,0.47418088944894926,0.21973200000000001,0.31404967271374468,1,false_accept
DFDC,752,igxktpzrai,0,0.65860538397516522,0.97068463053022114,0.51954100000000003,0.66183730835782462,1,false_accept
DFDC,753,iimrwscuxg,0,0.53890285873785615,0.36323658896435518,0.82835400000000003,0.67434621962619945,1,false_accept
DFDC,754,ijrxoenvoc,0,0.20631682348903269,0.10215445072390139,0.094894999999999993,0.10264392639162205,0,correct
DFDC,755,ijtarwkwoe,0,0.29986497398931533,0.2287078164081322,0.144228,0.17735379362190543,0,correct
DFDC,756,ijtoqyibjo,0,0.49127227730221218,0.52849100695716011,0.077961000000000003,0.23378556595225866,0,correct
DFDC,757,ijyyartmju,0,0.24187577502743807,0.13186564334318973,0.19494900000000001,0.17837033175432884,0,correct
DFDC,758,ikaswonlvn,0,0.76884203590452671,0.72500801691785455,0.091787999999999995,0.31560670687058273,1,false_accept
DFDC,759,ikhgzuacll,0,0.24839682049221462,0.14185367788498601,0.044031000000000001,0.08359609439010654,0,correct
DFDC,760,ikilmvctyn,0,0.45215944352094084,0.1088470450922614,0.106319,0.12436943570372547,0,correct
DFDC,761,ikiwtqtdfz,0,0.42908494593575597,0.48436630668584257,0.064754999999999993,0.20885488930254056,0,correct
DFDC,762,ikkudvyapj,0,0.25091223116032779,0.6490163600537926,0.037553999999999997,0.23166061957415415,0,correct
DFDC,763,ildojfnpve,0,0.13996389304520562,0.088729362076264806,0.13211600000000001,0.11949240327513973,0,correct
DFDC,764,ilwvfebfjb,0,0.51137515995651484,0.16686111000308301,0.196987,0.20366864099875065,0,correct
DFDC,765,imezmewzmc,0,0.63493979871273043,0.76461904744307196,0.40330100000000002,0.52327835416855817,1,false_accept
DFDC,766,inssgrnlnp,0,0.020499423146247864,0.0046686953864991665,0.0030230000000000001,0.0043905297732621433,0,correct
DFDC,767,iomfkbgmfp,0,0.35822809813544154,0.1353869381127879,0.038013999999999999,0.083236586340608446,0,correct
DFDC,768,ipnwesrpir,0,0.62986790708133156,0.81650477621172157,0.19869700000000001,0.40559787821758303,1,false_accept
DFDC,769,iptjngrkhm,0,0.35727892618160695,0.059365289096604101,0.083983000000000002,0.090262483038061572,0,correct
DFDC,770,iqeakgicxq,0,0.2501189083688789,0.24080683782489765,0.11813800000000001,0.16153769676591326,0,correct
DFDC,771,irrjvgtfhd,0,0.87100779451429844,0.72405948815867305,0.086239999999999997,0.31682423617331684,1,false_accept
DFDC,772,irvuryelui,0,0.49154539903004962,0.56433183948198951,0.31329400000000002,0.39751792179609935,1,false_accept
DFDC,773,iryezljlbe,0,0.72082139551639557,0.26325943921175265,0.31171900000000002,0.3176362515393456,1,false_accept
DFDC,774,ishrdgfqli,0,0.48727816035007609,0.5049466305765612,0.029647,0.19511844719047214,0,correct
DFDC,775,issioyofmn,0,0.49014362692832947,0.52789473533630371,0.160609,0.28727145194730758,0,correct
DFDC,776,istpowflkp,0,0.82986285910010338,0.75858158385381103,0.80829600000000001,0.79446001811114852,1,false_accept
DFDC,777,isycambojo,0,0.52415835609038675,0.64471024057517445,0.14707700000000001,0.31522103997707168,1,false_accept
DFDC,778,iuekggvaaa,0,0.091937523557135137,0.021466783375217346,0.016004000000000001,0.021439511190421961,0,correct
DFDC,779,iugbgvhvec,0,0.77143615484237671,0.8379749059677124,0.790632,0.80387507953243253,1,false_accept
DFDC,780,iugrxiyegu,0,0.048097046776092611,0.042861361231189221,0.105505,0.083841510708161399,0,correct
DFDC,781,iulsddmmgf,0,0.097998765110969541,0.033694667516586681,0.035779999999999999,0.03826533851052448,0,correct
DFDC,782,iunbwrdnxs,0,0.69176675658673048,0.21621845943445805,0.011509999999999999,0.10693537565967394,0,correct
DFDC,783,iuntijfztr,0,0.25992449274053797,0.1799448099482106,0.132795,0.15329641762149007,0,correct
DFDC,784,iuqenhzzgl,0,0.31631665357521604,0.71303900224821903,0.060922999999999998,0.26932748335322654,0,correct
DFDC,785,iurmuwqzyk,0,0.13701764491270296,0.081007715067244135,0.046037000000000002,0.061077246765808391,0,correct
DFDC,786,iwcjnfauue,0,0.48055959244569141,0.41806350482834709,0.024611999999999998,0.16544483107078869,0,correct
DFDC,787,iweebmurer,0,0.57441917806863785,0.69117815053323284,0.24073900000000001,0.39255475406340173,1,false_accept
DFDC,788,iwsepkowtd,0,0.40061349033688504,0.30085538657537353,0.071578000000000003,0.15681299048945632,0,correct
DFDC,789,iwxfzemvva,0,0.15569977474709351,0.03197387077379972,0.064661999999999997,0.05940744996949459,0,correct
DFDC,790,ixhnopedjn,0,0.026159301050938666,0.011190592769708019,0.012867999999999999,0.01302934288345934,0,correct
DFDC,791,ixqzvcjukf,0,0.8675810880959034,0.56992308143526316,0.099317000000000003,0.27891202883537414,0,correct
DFDC,792,iyfwndboqs,0,0.44365332523981732,0.46070403854052228,0.096991999999999995,0.22343867782414756,0,correct
DFDC,793,iyptjgnfvs,0,0.27166750759351999,0.18984275961702224,0.039059000000000003,0.095924553264782664,0,correct
DFDC,794,iyxhrnzlvc,0,0.77666492462158199,0.4384246536064893,0.014621,0.17986429231302586,0,correct
DFDC,795,iyxkkfpvxi,0,0.1110999142183573,0.076397805809392594,0.14727499999999999,0.12420308745373564,0,correct
DFDC,796,izpreqornz,0,0.034699421908174245,0.010607069191922034,0.018225000000000002,0.016763341852985322,0,correct
DFDC,797,izuczbrqej,0,0.49195985098679862,0.50312838455041253,0.048377000000000003,0.20698155791446368,0,correct
DFDC,798,izvlqutupe,0,0.75301817804574966,0.87169724702835083,0.13633700000000001,0.38777913301079275,1,false_accept
DFDC,799,izzjhemiop,0,0.3782417374352614,0.50637896632154777,0.227072,0.31842257676822744,1,false_accept
DFDC,800,janzoyqvbx,0,0.1679334704848853,0.50250114771452814,0.065307000000000004,0.20159656783860269,0,correct
DFDC,801,jaxhfaubmm,0,0.26304781926615584,0.44231391704130557,0.36279800000000001,0.38166526607569945,1,false_accept
DFDC,802,jbbefoatoy,0,0.085556617210386321,0.14747579772180566,0.065475000000000005,0.091079320177061024,0,correct
DFDC,803,jbgoqgawne,0,0.36727719820074495,0.17083684793643414,0.048621999999999999,0.10121921429096749,0,correct
DFDC,804,jbixddrekj,0,0.11237901728600264,0.02455088245083711,0.231877,0.16370426559955126,0,correct
DFDC,805,jcdfvqvcka,0,0.80386023595929146,0.67893911444116384,0.038080999999999997,0.26862739613031372,0,correct
DFDC,806,jcegkgtcuh,0,0.30121537612285465,0.216663874223741,0.20293700000000001,0.21196898107326503,0,correct
DFDC,807,jckyvbypxi,0,0.88317636586725712,0.75743915600469336,0.13386899999999999,0.35840541509477086,1,false_accept
DFDC,808,jcqvvmzqif,0,0.59371750908238552,0.80948495864868164,0.014651000000000001,0.28205451304872375,0,correct
DFDC,809,jcztgxtfel,0,0.084585574630182236,0.088550695421872661,0.074118000000000003,0.078971187358070918,0,correct
DFDC,810,jdarjcwghj,0,0.093969665525946766,0.010353707293688785,0.12623400000000001,0.089856695464403988,0,correct
DFDC,811,jddqeknfyx,0,0.74573355168104172,0.55993630271404982,0.13349,0.29203606839826701,0,correct
DFDC,812,jdicfpjhee,0,0.42275840201182291,0.27846747450530529,0.015178000000000001,0.11454386245218275,0,correct
DFDC,813,jdkgspnowo,0,0.11813690041890368,0.2912443656969117,0.12956899999999999,0.17750000473001867,0,correct
DFDC,814,jdnntsdqfa,0,0.25175578298512846,0.16767457511741668,0.13853499999999999,0.15293791168448143,0,correct
DFDC,815,jdooavgiub,0,0.023296653656871058,0.074239602850866504,0.0063709999999999999,0.027577863538103504,0,correct
DFDC,816,jdopmintvd,0,0.12037185038207099,0.13407524551439565,0.075299000000000005,0.095185516173422247,0,correct
DFDC,817,jdqczovzlj,0,0.17080228868871927,0.032389877927926136,0.023571999999999999,0.033578877812813802,0,correct
DFDC,818,jefoqtmqis,0,0.46893751283641905,0.25203253467043396,0.040739999999999998,0.12553763604295112,0,correct
DFDC,819,jegjcwbuor,0,0.45274896871659065,0.6698571804069704,0.21066699999999999,0.36052815255792064,1,false_accept
DFDC,820,jeifhynnxq,0,0.54580850037746131,0.22928554812824586,0.116894,0.17205718945734683,0,correct
DFDC,821,jeqcugbsda,0,0.074906745052430779,0.012246785721799824,0.485203,0.32280132296916147,1,false_accept
DFDC,822,jervngezem,0,0.05925502632321282,0.076195653654973619,0.029375999999999999,0.044915847412652726,0,correct
DFDC,823,jeweypdttx,0,0.17805839967331849,0.10624356765038101,0.018676000000000002,0.052915390278780228,0,correct
DFDC,824,jfapcyaytj,0,0.29698846573310511,0.041120681663854949,0.103564,0.094502227785811743,0,correct
DFDC,825,jfkqflrnwc,0,0.081442608717171586,0.072851956219357597,0.040681000000000002,0.05237036730166586,0,correct
DFDC,826,jfmhobgmxx,0,0.05403038885560818,0.04137596193322679,0.0090399999999999994,0.020990308022748445,0,correct
DFDC,827,jfqhigcemr,0,0.47556644678115845,0.45222029089927673,0.17865300000000001,0.27556885960884092,0,correct
DFDC,828,jfrrhycpvr,0,0.4922574870288372,0.41531177889555693,0.013202,0.15778770802010894,0,correct
DFDC,829,jgfllturof,0,0.072091757465386763,0.035515839510480873,0.121518,0.093246039726413599,0,correct
DFDC,830,jglcryoarq,0,0.40500066231470555,0.15132221041130833,0.059721000000000003,0.10446534623912779,0,correct
DFDC,831,jglqoywhre,0,0.20277030738415541,0.1228394947980565,0.095976000000000006,0.10937476380862472,0,correct
DFDC,832,jgqaefwulg,0,0.050311580096604303,0.004399847486638464,0.0095650000000000006,0.010052783250821755,0,correct
DFDC,833,jgtcisbhdg,0,0.3972084098495543,0.45270605583209544,0.53224199999999999,0.50162953724210635,1,false_accept
DFDC,834,jgvissmafb,0,0.71188920643180609,0.98921466059982777,0.04163,0.35941835850153864,1,false_accept
DFDC,835,jgvwdwjwfi,0,0.27841815758835187,0.37515082481232559,0.010304000000000001,0.13316375532311528,0,correct
DFDC,836,jgzsfywvsf,0,0.0086145031455089338,0.0021576843137154356,0.0026670000000000001,0.0028115804513900774,0,correct
DFDC,837,jhcfzahdoi,0,0.38403367578726388,0.24490692399859684,0.30097800000000002,0.28830946098894228,0,correct
DFDC,838,jhdhkxwrrd,0,0.62456158437998965,0.77156028460012749,0.144069,0.35634101459903772,1,false_accept
DFDC,839,jhgnqzzhcy,0,0.79277504794299603,0.38185285667714197,0.115476,0.22925400940029239,0,correct
DFDC,840,jhhjxltzrp,0,0.75588508043438196,0.026072615313751157,0.32621,0.25765253861584447,0,correct
DFDC,841,jhqlodsssp,0,0.86582247726619244,0.99345742911100388,0.43762299999999998,0.62578330259661075,1,false_accept
DFDC,842,jibvcvsaok,0,0.44640576315578073,0.9857766292989254,0.097952999999999998,0.38172272694746667,1,false_accept
DFDC,843,jikhvaltrf,0,0.42461580065665422,0.12851709956993107,0.19589799999999999,0.18711961990381204,0,correct
DFDC,844,jitppyxfmh,0,0.44439813075587153,0.35598713862418663,0.12307700000000001,0.20901609812504959,0,correct
DFDC,845,jjcrynhfbw,0,0.49633744926679702,0.61371782705897382,0.32895799999999997,0.42275492058103198,1,false_accept
DFDC,846,jjqsveloho,0,0.45221953323254216,0.29986045303611231,0.68807600000000002,0.55981851257246085,1,false_accept
DFDC,847,jjzygajtkh,0,0.12715122697409242,0.046215890819439664,0.065112000000000003,0.062545128594536523,0,correct
DFDC,848,jkjlnfsevl,0,0.75403732433915138,0.85230756108649075,0.45615299999999998,0.58989358454290475,1,false_accept
DFDC,849,jljmzfkrft,0,0.50301451853010803,0.89271831512451172,0.139484,0.38363082046385888,1,false_accept
DFDC,850,jltgklezhk,0,0.021317045720934402,0.0022284834085439797,0.35887200000000002,0.23500119730860994,0,correct
DFDC,851,jlvnwgtdux,0,0.41082785940832561,0.11273972371903558,0.014093,0.063523760086126951,0,correct
DFDC,852,jmmxjuowsd,0,0.69177365452051165,0.76944302022457123,0.13875199999999999,0.35561038879339696,1,false_accept
DFDC,853,jmuqfleoxx,0,0.095949951966758817,0.020857740157225635,0.088334999999999997,0.068472569645505632,0,correct
DFDC,854,jmynswxbxm,0,0.27740873582661152,0.10306892141306889,0.069963999999999998,0.090267713215251247,0,correct
DFDC,855,jmyzhcjwtr,0,0.52596057020127773,0.19131616834783927,0.27400400000000003,0.26179547901441569,0,correct
DFDC,856,jnswjhqnvf,0,0.33062359817059978,0.33642825005309923,0.045626,0.14711655492445977,0,correct
DFDC,857,jnxnwpxpva,0,0.27244292013347149,0.16825539522687905,0.046149000000000003,0.094095614574737294,0,correct
DFDC,858,jnzglakrey,0,0.97739351540803909,0.99621444195508957,0.27296999999999999,0.52516450835692885,1,false_accept
DFDC,859,jnzsliglly,0,0.46938279364258051,0.49679434392601252,0.053630999999999998,0.20736759285993278,0,correct
DFDC,860,joblrrrpdn,0,0.18436023034155369,0.29658609052421525,0.19961699999999999,0.22794488867434226,0,correct
DFDC,861,jookvmaaqc,0,0.064696278423070908,0.12296417746692896,0.014452,0.049517867161232236,0,correct
DFDC,862,joxyiexllc,0,0.7050115557447556,0.9990117223032059,0.12665100000000001,0.41727724447819953,1,false_accept
DFDC,863,jpeigpweyz,0,0.26880611490923911,0.047054626611497952,0.15826299999999999,0.13042764372891133,0,correct
DFDC,864,jpjcahvyzh,0,0.030075843504164368,0.0043096383742522448,0.021468999999999999,0.016751533687483892,0,correct
DFDC,865,jplvuxwwhl,0,0.31120997713878751,0.33147565403487533,0.036490000000000002,0.13872169506740198,0,correct
DFDC,866,jplzjyzlkx,0,0.29397931575658731,0.17046919902713853,0.016990999999999999,0.076883875495970935,0,correct
DFDC,867,jppldugrhy,0,0.11950568109750748,0.07687340357473918,0.024893999999999999,0.045218405127297127,0,correct
DFDC,868,jqfrvhyrwn,0,0.081865891193350152,0.58773052423364591,0.067265000000000005,0.22413470182976128,0,correct
DFDC,869,jqphvylsaq,0,0.084097446349915117,0.040143107893527485,0.069630999999999998,0.061507954685553999,0,correct
DFDC,870,jrcdqmgohk,0,0.35630141543569388,0.091302630344957669,0.077811000000000005,0.095783009875271996,0,correct
DFDC,871,jrkmcoisjl,0,0.027905487833777443,0.008132435759762302,0.109641,0.075101655119617569,0,correct
DFDC,872,jrlomrjplr,0,0.71830576658248901,0.78682440519332886,0.24970800000000001,0.43427280988712313,1,false_accept
DFDC,873,jrnbrqdrgp,0,0.47088650346267968,0.026601185396430083,0.050992000000000003,0.064669480792063014,0,correct
DFDC,874,jrovofbfze,0,0.030341999197844416,0.024439013046503533,0.015303000000000001,0.018795753873843281,0,correct
DFDC,875,jrxwardcui,0,0.17199932219227776,0.088369152290397324,0.038164999999999998,0.059917961796733081,0,correct
DFDC,876,jsbtgpgeix,0,0.15641436353325844,0.18942717835307121,0.32182899999999998,0.27383772168258425,0,correct
DFDC,877,jsunpkfuvu,0,0.0075438421918079257,0.0090363049312145449,0.053683000000000002,0.037982033588954765,0,correct
DFDC,878,jtneuiluyr,0,0.59840294579043984,0.20901530745322816,0.021708000000000002,0.10673493952549044,0,correct
DFDC,879,jtxhqqbgro,0,0.55672004539519548,0.55145188709138893,0.21087800000000001,0.33034226839717645,1,false_accept
DFDC,880,jtzkykgnqs,0,0.34682839107699692,0.33292523003183305,0.044305999999999998,0.14601788856339976,0,correct
DFDC,881,juylclsecv,0,0.13318456546403468,0.19552258047042415,0.015062000000000001,0.075106302414328974,0,correct
DFDC,882,jvcivghynz,0,0.097387040121247992,0.0076233104191487655,0.0075370000000000003,0.012055395131807031,0,correct
DFDC,883,jvdqwagwnh,0,0.0034784130330081098,0.0036701276476378553,0.011828999999999999,0.0089638089459417626,0,correct
DFDC,884,jvvavacxja,0,0.61248768369356787,0.58885463078816735,0.13138,0.29267777342112861,0,correct
DFDC,885,jwciaeygbl,0,0.15549697930691764,0.086510848559555598,0.095723000000000003,0.095948053533212563,0,correct
DFDC,886,jwtcwolhfa,0,0.78531972567240393,0.90326511549452937,0.037204000000000001,0.33442812093197899,1,false_accept
DFDC,887,jwzuyoclgu,0,0.49224161449819803,0.26031514909118414,0.024503,0.11863357545226513,0,correct
DFDC,888,jxaavnqtms,0,0.28128281029057689,0.1456038705073297,0.21064099999999999,0.19466195166672776,0,correct
DFDC,889,jxaizocyxm,0,0.43753292283508927,0.35449170936772134,0.0027720000000000002,0.13002595895207086,0,correct
DFDC,890,jxcyskbujx,0,0.5086829662322998,0.26122056785970926,0.27560400000000002,0.28294291866952781,0,correct
DFDC,891,jxzcfizjug,0,0.48806255956490835,0.4713020294904709,0.027233,0.18349518682538671,0,correct
DFDC,892,jyeticywfs,0,0.040509071521228179,0.036595509001926985,0.015226999999999999,0.022901656276639506,0,correct
DFDC,893,jyupvczkwy,0,0.15906926587922499,0.17373986507300287,0.0087840000000000001,0.065785022815862113,0,correct
DFDC,894,jzfnpgcnha,0,0.4831717938184738,0.48237677415211994,0.110387,0.24062317193655966,0,correct
DFDC,895,jzidtonzor,0,0.31390689121138665,0.031503220899931843,0.19950399999999999,0.15482391083054889,0,correct
DFDC,896,jzsszyvcaf,0,0.25705517537426203,0.20278340332151856,0.054899999999999997,0.10937277976516867,0,correct
DFDC,897,jzvayzibca,0,0.38589735177811235,0.15606183504132787,0.013346999999999999,0.074788968101303976,0,correct
DFDC,898,jzwelhrfhq,0,0.39938961172645743,0.55394343964078208,0.12526599999999999,0.26757541247855748,0,correct
DFDC,899,jzxqopbuql,0,0.40488168501178734,0.55146442315890454,0.15079799999999999,0.28370211119826072,0,correct
DFDC,900,kapbljsoal,0,0.35959165601525456,0.065002678384189494,0.19982800000000001,0.16736858631601959,0,correct
DFDC,901,kaqqpdertf,0,0.029526745900511742,0.0046572857163846492,0.047178999999999999,0.033539873009940983,0,correct
DFDC,902,kbbbzybmsz,0,0.024373112428293098,0.015355388117313851,0.020625000000000001,0.019231522056608812,0,correct
DFDC,903,kbmenevszu,0,0.44544227025471628,0.7433003336773254,0.57159000000000004,0.61679571361593344,1,false_accept
DFDC,904,kbryejyhpc,0,0.044339249870972708,0.29748251277487725,0.30959199999999998,0.29269651632601179,0,correct
DFDC,905,kbwhcpqfmr,0,0.1454255505814217,0.30397211309173144,0.11075,0.17045041145659051,0,correct
DFDC,906,kbztafbbky,0,0.27500323198910337,0.069295056426199153,0.015622,0.044692978527314908,0,correct
DFDC,907,kcauwaenbz,0,0.25060356547328411,0.14183318435971159,0.01227,0.063055633581577689,0,correct
DFDC,908,kccezmrsbe,0,0.34799001752226438,0.013270274615260187,0.017978999999999998,0.033066933260691274,0,correct
DFDC,909,kckumckfme,0,0.47561488160863519,0.16354597921599634,0.093287999999999996,0.13348173784523065,0,correct
DFDC,910,kdiezumwzi,0,0.30486321449279785,0.034743660595268011,0.50989200000000001,0.35709605890322033,1,false_accept
DFDC,911,kdkqzkoicb,0,0.020944721865816973,0.0028572554729180411,0.0029680000000000002,0.0038336127351662613,0,correct
DFDC,912,kdlxniywok,0,0.23004842097205774,0.14321013656444848,0.049893,0.086895912017937435,0,correct
DFDC,913,kdrrijsgdc,0,0.19794777115540846,0.14761308234717166,0.026453000000000001,0.071375763261921923,0,correct
DFDC,914,kepahpxrws,0,0.48827138356864452,0.5457512941211462,0.053673999999999999,0.2230270574147761,0,correct
DFDC,915,kepyxefyud,0,0.34505667124176398,0.20603499502612976,0.124546,0.16001823206992713,0,correct
DFDC,916,kghuuodbsq,0,0.23270684940507635,0.033116708946181461,0.041570999999999997,0.048591505154108254,0,correct
DFDC,917,kgjsibeknt,0,0.4354195738280261,0.180913672885961,0.108927,0.14684763055718961,0,correct
DFDC,918,kgpxlwhtne,0,0.14736683561932296,0.029355148377362639,0.037796999999999997,0.040742936294174942,0,correct
DFDC,919,kgxdmgwizd,0,0.68364470219239593,0.78253286017570645,0.32580300000000001,0.48071404316233174,1,false_accept
DFDC,920,khckstkgre,0,0.075880999764194712,0.015087659376149531,0.35688300000000001,0.2402942978010546,0,correct
DFDC,921,khjsvnhbif,0,0.16298399968072771,0.066370360134169457,0.046669000000000002,0.058395158024287228,0,correct
DFDC,922,khmbzorwrk,0,0.2160771619528532,0.22159866159781813,0.030311999999999999,0.096986256576988103,0,correct
DFDC,923,khtbujkbjd,0,0.10707345156898272,0.01623613416249382,0.016403999999999998,0.020887112827197282,0,correct
DFDC,924,khtxzksdcp,0,0.019126401741232257,0.0054864215780980885,0.0061260000000000004,0.0065841465604910398,0,correct
DFDC,925,kigygqfvrh,0,0.80031184665858746,0.68348402832634747,0.29863200000000001,0.43917160083083362,1,false_accept
DFDC,926,kihtdzwsxf,0,0.71773887099698186,0.28644063950923737,0.099019999999999997,0.1861821354026203,0,correct
DFDC,927,kiuftfnaej,0,0.19086215141578577,0.13491366829839535,0.01005,0.056549708060307895,0,correct
DFDC,928,kjnjkjxicg,0,0.31732595796065943,0.37842839033973796,0.53836499999999998,0.47933206499995434,1,false_accept
DFDC,929,kjrtwejswg,0,0.76677159918472171,0.86028858181089163,0.40302300000000002,0.55839010450250359,1,false_accept
DFDC,930,kkdfsitqnb,0,0.19832858978019607,0.25202088244259357,0.14277200000000001,0.17832449422178789,0,correct
DFDC,931,kkdortwuev,0,0.54182332241907716,0.55225168715696782,0.010892000000000001,0.1998464722680442,0,correct
DFDC,932,kkwmlguous,0,0.67720045770208037,0.6109431559452787,0.23186799999999999,0.36785716966868764,1,false_accept
DFDC,933,klarsjpzzm,0,0.4877961277961731,0.52544814348220825,0.082251000000000005,0.23548739943447114,0,correct
DFDC,934,klaucowodp,0,0.41436749417334795,0.31916919647483155,0.067957000000000004,0.16064118365111685,0,correct
DFDC,935,klleangezk,0,0.054698757516841091,0.013066545881641408,0.12540100000000001,0.088165551640334489,0,correct
DFDC,936,klrniizsha,0,0.007555583149951417,0.0019046239831368439,0.010841,0.0079958163524386245,0,correct
DFDC,937,klxygcalsm,0,0.34717174410820006,0.042463578982278705,0.12836700000000001,0.11353621090009362,0,correct
DFDC,938,kmwoufanwu,0,0.54271385152242146,0.22194587015110301,0.344468,0.31762365362145195,1,false_accept
DFDC,939,knamsitmul,0,0.059357432182878256,0.0053337952704168856,0.040792000000000002,0.03108281019026898,0,correct
DFDC,940,knzxbsopvk,0,0.8849504142999649,0.69637257457361557,0.75680700000000001,0.74508384308708298,1,false_accept
DFDC,941,kojtsbacnl,0,0.16828063034336083,0.0066656510680331849,0.0049829999999999996,0.013652676837577996,0,correct
DFDC,942,kovgfcghfb,0,0.49038435759082916,0.52453689805922965,0.018147,0.19367583729731033,0,correct
DFDC,943,kozesjeotl,0,0.40284138242714107,0.41223222174448892,0.031725000000000003,0.16443298564470374,0,correct
DFDC,944,kozltuetmy,0,0.32299339305609465,0.34766415599733591,0.041206,0.1472328164520055,0,correct
DFDC,945,kpotqomxth,0,0.49236133694648743,0.44480393826961517,0.021666999999999999,0.17214279832820892,0,correct
DFDC,946,kprhbglfhm,0,0.23203679884318262,0.11785034312924836,0.0080680000000000005,0.052201142880933638,0,correct
DFDC,947,kpskoozlbe,0,0.72806154489517216,0.92511273026466367,0.32409300000000002,0.52459734632415778,1,false_accept
DFDC,948,kpwjpkenxk,0,0.22694374559796415,0.43527166840794962,0.031401999999999999,0.16233998780228306,0,correct
DFDC,949,kqlvrotqdv,0,0.68848870496731251,0.54969930031802505,0.155668,0.30051842534377315,1,false_accept
DFDC,950,kranmcwuvs,0,0.047055054863449186,0.034881038023740984,0.056066999999999999,0.049260614150294757,0,correct
DFDC,951,krcglpsgid,0,0.25421115278732032,0.18705660011619329,0.0063080000000000002,0.072927737674224002,0,correct
DFDC,952,kreedbyaya,0,0.42263686686055735,0.15159758913796395,0.43257899999999999,0.34778747008441707,1,false_accept
DFDC,953,krhkewexas,0,0.72915409016422927,0.66083795308077242,0.022974000000000001,0.24964219043244318,0,correct
DFDC,954,krhkzkapev,0,0.73923171598177695,0.99927092286256647,0.71615799999999996,0.80224556265785874,1,false_accept
DFDC,955,krhlerujcy,0,0.58832774758338924,0.85934181213378902,0.79542599999999997,0.80424583101930613,1,false_accept
DFDC,956,kriucurpwp,0,0.2785547804669477,0.13279748211789411,0.53280899999999998,0.40009283365871562,1,false_accept
DFDC,957,krmjdygtgh,0,0.047943317040335387,0.015022580919321626,0.087221000000000007,0.063597590127813269,0,correct
DFDC,958,krqryrskmo,0,0.74462354183197021,0.87851136922836304,0.185977,0.42166963786010742,1,false_accept
DFDC,959,kryhzzmolv,0,0.20374522847123444,0.10275105624168646,0.003676,0.043401978296067657,0,correct
DFDC,960,kslonepnye,0,0.29062292304250503,0.11922255748011652,0.22137799999999999,0.1941936133961602,0,correct
DFDC,961,ksthbkgeum,0,0.2272034314107792,0.27107790012137384,0.12443799999999999,0.17356824160695111,0,correct
DFDC,962,ksylzevxjd,0,0.45924107594923541,0.3154877854765139,0.21702099999999999,0.25867203944041595,0,correct
DFDC,963,kuhhtmftsx,0,0.46670597431988553,0.26514692884741414,0.118558,0.17994207737021853,0,correct
DFDC,964,kuvigdbdzn,0,0.13266095769358799,0.11521681136218831,0.020111,0.054270241293335894,0,correct
DFDC,965,kvamjwibng,0,0.67389273620210588,0.23038456084032077,0.0019059999999999999,0.10404890506220153,0,correct
DFDC,966,kvkdqulktp,0,0.61626043691649102,0.57995116338133812,0.11758,0.28122537086022598,0,correct
DFDC,967,kvzikceyty,0,0.33692508551757783,0.50412397863692604,0.10219200000000001,0.2345082478669567,0,correct
DFDC,968,kwbuatrooe,0,0.338493189541623,0.33546644818852656,0.039701,0.14337024393363912,0,correct
DFDC,969,kwcwuwadfo,0,0.17110902216518298,0.024392778272158466,0.23568600000000001,0.16906918458990669,0,correct
DFDC,970,kxbeebyioh,0,0.32720519765280187,0.13553772121667862,0.26041700000000001,0.22629262624764368,0,correct
DFDC,971,kxxrloovyr,0,0.021979324446874671,0.01422772096702829,0.36665799999999998,0.24369498251245222,0,correct
DFDC,972,kyjqaaiiom,0,0.20029417378827929,0.065310908808896784,0.012938,0.038017681332082998,0,correct
DFDC,973,kyllvyznoh,0,0.40026396512985229,0.92081558704376221,0.303346,0.49343277436962124,1,false_accept
DFDC,974,kymlubgxiy,0,0.14596719134715386,0.060013114409230184,0.063793000000000002,0.066767743890126754,0,correct
DFDC,975,kzgsnquxqx,0,0.33056020725052804,0.062994291904033162,0.13292399999999999,0.12182689793373634,0,correct
DFDC,976,kzmkxeggog,0,0.43720450543332845,0.24162387374963146,0.48964099999999999,0.41261403739655589,1,false_accept
DFDC,977,kzmynvukal,0,0.63152422849088907,0.69815091061173007,0.049000000000000002,0.27287148460806349,0,correct
DFDC,978,kzoijlqubh,0,0.19632775150239468,0.0041277864729636349,0.0086029999999999995,0.016646673517008825,0,correct
DFDC,979,kzwlaoqafz,0,0.496308938453072,0.43658875164232758,0.026588000000000001,0.17307427241535187,0,correct
DFDC,980,lablooamuc,0,0.19888003199594095,0.18840774565614993,0.055391999999999997,0.10247112529664203,0,correct
DFDC,981,ladkegghul,0,0.4008982484228909,0.44866959337377921,0.053695,0.18954754043327829,0,correct
DFDC,982,lajalodgvr,0,0.4967841591153826,0.4504720206771578,0.006058,0.16391851415891645,0,correct
DFDC,983,lakxijgxpa,0,0.25074223825639047,0.351842996440138,0.11794200000000001,0.19475231084486092,0,correct
DFDC,984,lalxuevwvm,0,0.65071704971293609,0.47842719169954456,0.13453100000000001,0.26350915999551017,0,correct
DFDC,985,lbabznqhmr,0,0.85423765797168016,0.84957057674182579,0.033996999999999999,0.31968110592113175,1,false_accept
DFDC,986,lbnridcdup,0,0.54716981248930097,0.044818342226790264,0.01304,0.049279993292502128,0,correct
DFDC,987,lbwjisijzi,0,0.39915289237133916,0.2006882182472656,0.33260200000000001,0.29635541009274663,0,correct
DFDC,988,lbymhfrzxc,0,0.041298048827668715,0.0057985443252556281,0.039569,0.029524315738960125,0,correct
DFDC,989,lbytwlmefg,0,0.83648708183318377,0.76279192348010838,0.060594000000000002,0.31004803113569168,1,false_accept
DFDC,990,lbzznpbqsr,0,0.011779183842008933,0.004895468897302635,0.0094780000000000003,0.0082182998612912381,0,correct
DFDC,991,lcycpfapyi,0,0.78138786507770419,0.79200322041288018,0.24138200000000001,0.43356865937774924,1,false_accept
DFDC,992,ldbjdzhfkw,0,0.56126045831479132,0.98096316307783127,0.21781700000000001,0.46393302183908897,1,false_accept
DFDC,993,ldgtfcumbq,0,0.44003575632814318,0.54368884282303043,0.171262,0.29642874066331626,0,correct
DFDC,994,ldxycwtsxi,0,0.48030974064022303,0.4694886552169919,0.078439999999999996,0.21584808359710872,0,correct
DFDC,995,lermuygabc,0,0.62507344502955675,0.54161270405165851,0.26403799999999999,0.36536218346697541,1,false_accept
DFDC,996,lfknvwsldh,0,0.63455429102759808,0.46518871442822274,0.22090799999999999,0.31487452887984668,1,false_accept
DFDC,997,lfqiqupopb,0,0.18124118816922419,0.17603023376432247,0.71190699999999996,0.52461067953775797,1,false_accept
DFDC,998,lftbfopohj,0,0.39539625262841582,0.017300460851402022,0.11759799999999999,0.1013986508868414,0,correct
DFDC,999,lfvgbvboqz,0,0.82392321899533272,0.62144134007394314,0.89623200000000003,0.81017936297194959,1,false_accept
DFDC,1000,lfviyugazy,0,0.13776616437826306,0.035075293621048331,0.020629999999999999,0.030820396305227652,0,correct
DFDC,1001,lgchdnidee,0,0.18640534515725449,0.035130197342368774,0.034722999999999997,0.042429276460573359,0,correct
DFDC,1002,lgfwtbdmnb,0,0.07448883616598323,0.092555035051191226,0.04845,0.062983452323656527,0,correct
DFDC,1003,lghscehoms,0,0.062474982371847877,0.012277960029773806,0.11344,0.080543137127524533,0,correct
DFDC,1004,lhfdrgsfrv,0,0.22747085365699604,0.022830875306681264,0.015626000000000001,0.028379705274854183,0,correct
DFDC,1005,lhvcibxidd,0,0.57145495455840534,0.95826370757201618,0.021544000000000001,0.33005545999952512,1,false_accept
DFDC,1006,linccbpicl,0,0.53846493782475591,0.52588865056168288,0.088387999999999994,0.24214204205974266,0,correct
DFDC,1007,lionttwtcs,0,0.12590231211675751,0.64628785524156784,0.067145999999999997,0.24382637217830821,0,correct
DFDC,1008,lipdrviwby,0,0.26485038024839014,0.066022860381053761,0.0080079999999999995,0.038254577126735634,0,correct
DFDC,1009,liriwkdlda,0,0.39748299136757853,0.81606587469577785,0.02376,0.2801379119771123,0,correct
DFDC,1010,ljkrofvqri,0,0.48568892694311216,0.40479351081739878,0.031490999999999998,0.16619164959237523,0,correct
DFDC,1011,ljnjhvpnhq,0,0.4887628611177206,0.33723295945674181,0.0097920000000000004,0.13197283089290857,0,correct
DFDC,1012,ljuuyoenbs,0,0.49247701838612556,0.45860257248083752,0.0068380000000000003,0.16664932266355753,0,correct
DFDC,1013,ljwwxmfpxz,0,0.72378220000574667,0.32954039146763181,0.14357800000000001,0.22837692744057689,0,correct
DFDC,1014,lkijmpqelh,0,0.45585712604224682,0.062317496398463845,0.078992999999999994,0.092833555221651487,0,correct
DFDC,1015,lllolandrm,0,0.0082354695186950266,0.0056118746288120747,0.0080099999999999998,0.0073018358645783737,0,correct
DFDC,1016,llnsbjgdpp,0,0.23403244453947991,0.086293896099959966,0.012874999999999999,0.045958541056961982,0,correct
DFDC,1017,lltuktxwuq,0,0.17036691471002996,0.0073144476118613966,0.073765999999999998,0.058660580019059917,0,correct
DFDC,1018,llwkcegdjg,0,0.59826801188530465,0.21813767181048471,0.61399599999999999,0.49445210213741064,1,false_accept
DFDC,1019,llzxnfgrvp,0,0.29879664850886911,0.13018024308257736,0.063315999999999997,0.095149305350216665,0,correct
DFDC,1020,lmifffvvmd,0,0.3328671708703041,0.069100449513643983,0.15510099999999999,0.1381891433976084,0,correct
DFDC,1021,lmjzuzbspq,0,0.20899242156883702,0.10465279066556832,0.020514000000000001,0.055179558278112342,0,correct
DFDC,1022,lnixdtygwf,0,0.16353933874052018,0.086261616204865277,0.077768000000000004,0.0846046517984856,0,correct
DFDC,1023,lnjyuzfimb,0,0.21042733488138765,0.20636621424637269,0.112179,0.14534758101798118,0,correct
DFDC,1024,lnoyfiqwzx,0,0.025972850256948732,0.018257848176290281,0.0012440000000000001,0.0075845969657345209,0,correct
DFDC,1025,lnvinywnws,0,0.45455602090805769,0.20232106954790652,0.243115,0.24144887190977485,0,correct
DFDC,1026,lnymfeopjs,0,0.086382182780653238,0.14929214368748944,0.011564,0.056623352245279493,0,correct
DFDC,1027,lobpginwkw,0,0.052842006058199331,0.0074722899080370553,0.0040600000000000002,0.0075227872753210832,0,correct
DFDC,1028,lochvkkqft,0,0.89684164524078369,0.72162677085725591,0.36321599999999998,0.49742051351921596,1,false_accept
DFDC,1029,locordjzid,0,0.69200300397696324,0.83127864560595266,0.66511799999999999,0.71631044388063392,1,false_accept
DFDC,1030,lojgtwynms,0,0.42427164647314286,0.31016751420166755,0.054799,0.14988318658415739,0,correct
DFDC,1031,lopstlngsu,0,0.45053851178714205,0.245101939221578,0.31406299999999998,0.30019845735583051,1,false_accept
DFDC,1032,lotdvzflgs,0,0.21686515322653577,0.11828147550113499,0.027102000000000001,0.063944000311667276,0,correct
DFDC,1033,lotnyhcpkq,0,0.10616077622398734,0.24548808172403369,0.018863000000000001,0.091215413328409489,0,correct
DFDC,1034,lowpctvdrd,0,0.27825596895334975,0.1046229256524904,0.075659000000000004,0.09447802614341462,0,correct
DFDC,1035,lpdopamevu,0,0.76189466379582882,0.97397208958864212,0.77382899999999999,0.83327521006638405,1,false_accept
DFDC,1036,lpfikegord,0,0.57098662201315165,0.23825907257560175,0.058047000000000001,0.13775760287333813,0,correct
DFDC,1037,lpornklbhu,0,0.43154889810830355,0.4105044800817268,0.042313000000000003,0.17223223892993322,0,correct
DFDC,1038,lprxpikirx,0,0.059254416031762958,0.083875738244387321,0.003019,0.030087792274904344,0,correct
DFDC,1039,lpsjwpymrx,0,0.10429969961724934,0.070971411495139039,0.048039999999999999,0.057732408429404178,0,correct
DFDC,1040,lpubtdbnyi,0,0.072598266269778833,0.012972042648470961,0.083708000000000005,0.061931726108030237,0,correct
DFDC,1041,lpxekecmwv,0,0.08229783087153919,0.015748308505862951,0.0030890000000000002,0.010847234095335846,0,correct
DFDC,1042,lqcjhyvllv,0,0.28238083910325479,0.12540613235263476,0.330735,0.26671863166095316,0,correct
DFDC,1043,lqzqtvgkdd,0,0.4930433128029108,0.4311540387570858,0.0049690000000000003,0.15722822726727129,0,correct
DFDC,1044,lrgrnkhuco,0,0.21724054549122229,0.19038359891419532,0.077408000000000005,0.11829230694881972,0,correct
DFDC,1045,lrvfgwqzxq,0,0.23286813558661379,0.16683644372096751,0.024348999999999999,0.077521189895620943,0,correct
DFDC,1046,lsotyxmnxk,0,0.53654055844526738,0.27853656353545375,0.21781600000000001,0.25196839698289952,0,correct
DFDC,1047,lsvrunqxsf,0,0.18084044405259192,0.03629129812179599,0.23316799999999999,0.1714886116391684,0,correct
DFDC,1048,ltditjroln,0,0.3273583521367982,0.46578635938931257,0.020275000000000001,0.16928257542363367,0,correct
DFDC,1049,lteqrtjirv,0,0.39469285445908703,0.37808584786641103,0.15023400000000001,0.23081249708287768,0,correct
DFDC,1050,luozrqnzei,0,0.05800037263543345,0.011685617326293141,0.029895000000000001,0.025837453829659615,0,correct
DFDC,1051,luvxxbxkoo,0,0.41334678535349667,0.49941820022650063,0.36244700000000002,0.40608334933562507,1,false_accept
DFDC,1052,luyvfwadva,0,0.67202519485726953,0.44971512045594864,0.94228299999999998,0.78099974587964804,1,false_accept
DFDC,1053,lvlangwjtw,0,0.15883716527605429,0.077443801899789833,0.12138,0.11007199883373966,0,correct
DFDC,1054,lvtfemnkqf,0,0.11069607389799785,0.042414915777044371,0.0064689999999999999,0.022464128428013205,0,correct
DFDC,1055,lvueclgnfy,0,0.71812423877418041,0.31489291280013276,0.16186900000000001,0.23558893577874884,0,correct
DFDC,1056,lwiirvdzal,0,0.56560733914375305,0.54557482898235321,0.13031699999999999,0.27665886565189363,0,correct
DFDC,1057,lwwczenkqb,0,0.1661227592267096,0.16549013909389032,0.020652,0.071376979689502573,0,correct
DFDC,1058,lxasfxycbv,0,0.10870614103623666,0.043525642831809819,0.46234599999999998,0.31901789990135476,1,false_accept
DFDC,1059,lxhzjgtbdo,0,0.64092058315873146,0.2967823757790029,0.46393600000000002,0.42263914189163748,1,false_accept
DFDC,1060,lxklnmtfjv,0,0.26787375559797511,0.42489227023907006,0.16483500000000001,0.24800411885161977,0,correct
DFDC,1061,lxllowazct,0,0.82842173620506565,0.99825331237581039,0.043818000000000003,0.36937878052299639,1,false_accept
DFDC,1062,lypfxkjjoj,0,0.30430134478956461,0.60053923702798784,0.03073,0.21535133834787459,0,correct
DFDC,1063,lzaseqtfoo,0,0.022978163084189873,0.0089220906447735615,0.017357999999999998,0.015108235347641562,0,correct
DFDC,1064,lzmakvfeka,0,0.144253580190707,0.024858027463778853,0.050384999999999999,0.047420337248669009,0,correct
DFDC,1065,lzvgfnmqpn,0,0.54653207585215569,0.17202670543338172,0.32212299999999999,0.28831456542262229,0,correct
DFDC,1066,maarhigiiy,0,0.055546316667459905,0.091879738582065329,0.018096000000000001,0.04210363740799259,0,correct
DFDC,1067,majypwvlgl,0,0.50890461017843336,0.19117792422912316,0.021318,0.096655307777658614,0,correct
DFDC,1068,malewxtcnl,0,0.59446495189331472,0.36260945530375466,0.39158700000000002,0.39303763418579213,1,false_accept
DFDC,1069,mamrhntisi,0,0.63452039233275825,0.97573093218462803,0.21787500000000001,0.46606404927202633,1,false_accept
DFDC,1070,mayrgpjfdn,0,0.91121029667556286,0.95843751914799213,0.269899,0.50852612057817581,1,false_accept
DFDC,1071,mcehvolazj,0,0.5704206652007997,0.31103896164859179,0.016265999999999999,0.13240562175461754,0,correct
DFDC,1072,mcxpxcscfj,0,0.12360856724394993,0.009118815460665659,0.095554,0.071026173000397194,0,correct
DFDC,1073,mdlsdofizc,0,0.002978599063741664,0.0033484641384954254,0.016913999999999998,0.012147569194735711,0,correct
DFDC,1074,mdumkcqnli,0,0.71971543785184622,0.49456587387248874,0.15160899999999999,0.2829013840543389,0,correct
DFDC,1075,meaemethdp,0,0.16405302176252007,0.247606717874296,0.080093999999999999,0.1345457664504148,0,correct
DFDC,1076,meiycfsvnx,0,0.12611825033673085,0.04982592654414475,0.037253000000000001,0.045468140480079966,0,correct
DFDC,1077,metlqwcgjc,0,0.3842509159585461,0.16525067767361179,0.032131,0.089672899100010847,0,correct
DFDC,1078,metpkhsfnz,0,0.31717403911586317,0.1428499864081719,0.32103599999999999,0.26738709787824472,0,correct
DFDC,1079,mezpemrnze,0,0.53411991000175474,0.30403795195743444,0.32395800000000002,0.32849008108731809,1,false_accept
DFDC,1080,mfbvtsmkbp,0,0.29719117563217878,0.74964004568755627,0.090715000000000004,0.29871632248787583,0,correct
DFDC,1081,mfgeffmvrd,0,0.60344550921581686,0.4139223366510123,0.089270000000000002,0.21237447645609453,0,correct
DFDC,1082,mfjljhqhca,0,0.014545050610859808,0.0050156872289685104,0.024934000000000001,0.018439058699233544,0,correct
DFDC,1083,mfvhsnzcpy,0,0.060623253230005503,0.055797215885831974,0.0039060000000000002,0.022309227427249868,0,correct
DFDC,1084,mfwhgpblxc,0,0.24213622999377549,0.035618779198557604,0.25224999999999997,0.18675494525925604,0,correct
DFDC,1085,mfwmymrraw,0,0.11983052032883279,0.16112867875926895,0.23325799999999999,0.20594782964422231,0,correct
DFDC,1086,mgjktnitkk,0,0.58777197683230042,0.28235931258677738,0.124358,0.19492909261764824,0,correct
DFDC,1087,mguatwdzyo,0,0.51819181442260742,0.58113771677017212,0.30830400000000002,0.40064850575218203,1,false_accept
DFDC,1088,mgvvwihjoe,0,0.21287261243560351,0.077892019748105668,0.0034480000000000001,0.036252436546211873,0,correct
DFDC,1089,mhlucqwibr,0,0.15529059249092825,0.11833908759581391,0.11307499999999999,0.11676500590329059,0,correct
DFDC,1090,mhuweuwrju,0,0.43881203094497323,0.26580705575179309,0.030077,0.12123276827278659,0,correct
DFDC,1091,miniohrghk,0,0.5429200017824769,0.22138570481911302,0.010204,0.10019431153485775,0,correct
DFDC,1092,mipljmaefr,0,0.53762779384851456,0.64617310464382172,0.39039299999999999,0.47448877108557225,1,false_accept
DFDC,1093,miurtzyeem,0,0.45051233714912087,0.33231164615426678,0.106697,0.19157216070373609,0,correct
DFDC,1094,mjojzmxzup,0,0.37400044102105312,0.14309415980096674,0.046271,0.091704419991342684,0,correct
DFDC,1095,mkwnfnosgc,0,0.38194548785686494,0.10501045919954777,0.34031,0.2718019121527076,0,correct
DFDC,1096,mlmqacntpr,0,0.68664941165064064,0.9147089251283822,0.21593100000000001,0.44910029812104674,1,false_accept
DFDC,1097,mmiszjerez,0,0.076663285173708573,0.014799054137256462,0.0081939999999999999,0.013598980499862367,0,correct
DFDC,1098,mmufrtqxzy,0,0.6746123293414712,0.63817651488352567,0.045088999999999997,0.25449142093213128,0,correct
DFDC,1099,mndnnysasi,0,0.040059636405203491,0.018128993746358901,0.0048630000000000001,0.010602629944167845,0,correct
DFDC,1100,mnvodzrptj,0,0.75492855510674417,0.60433529806323349,0.099395999999999998,0.28365441717430723,0,correct
DFDC,1101,mnxzegurum,0,0.43031354248523712,0.20780771598219872,0.16103999999999999,0.18853399191892148,0,correct
DFDC,1102,mobuopedlc,0,0.26403719007170628,0.1408546240002449,0.214727,0.1950307967036588,0,correct
DFDC,1103,mocmojykov,0,0.84213176369667053,0.39169295880322658,0.13173499999999999,0.24524222582580149,0,correct
DFDC,1104,moeapnxioy,0,0.38391454145312309,0.40598836421850137,0.018592999999999998,0.15307768633820656,0,correct
DFDC,1105,moghxkssga,0,0.15191593405324966,0.1108280505577568,0.054753000000000003,0.076433661869989525,0,correct
DFDC,1106,molpmzzmsx,0,0.043975034982265369,0.0076959574195955482,0.13115199999999999,0.089756338974991925,0,correct
DFDC,1107,moluqtyast,0,0.21412104257615283,0.23284977066214196,0.103503,0.14783793332745021,0,correct
DFDC,1108,moslysjtfu,0,0.23670227790717036,0.2359380532434443,0.021715999999999999,0.096731929868391811,0,correct
DFDC,1109,moyzohnolc,0,0.43569013439118864,0.46073687374591826,0.153943,0.26006851884333487,0,correct
DFDC,1110,mpjvsowmqk,0,0.42813576385378838,0.46900804942872909,0.13605400000000001,0.25054430302130815,0,correct
DFDC,1111,mpwoskwuuk,0,0.60709885401385166,0.80207246967724388,0.32889200000000002,0.48475648360386575,1,false_accept
DFDC,1112,mqohmvektb,0,0.23251394070684911,0.012370013872471948,0.37492199999999998,0.25903600119708403,0,correct
DFDC,1113,mqrzzsjhpw,0,0.055087279921281151,0.013027271423197817,0.020500000000000001,0.019987545423023403,0,correct
DFDC,1114,mqvbsrdsje,0,0.49093503132462502,0.40649979235604405,0.015321,0.15645533927304447,0,correct
DFDC,1115,mrafmwwqrr,0,0.11861912277527153,0.019068757901550271,0.111557,0.084163633509228661,0,correct
DFDC,1116,mrvtzvlazp,0,0.22927337827590796,0.0045676389709115028,0.071006,0.058987860605068852,0,correct
DFDC,1117,msewlygfbm,0,0.12702702877868433,0.0083089472755091265,0.235984,0.16223363562158696,0,correct
DFDC,1118,msoorwhvne,0,0.28257947688689455,0.039469643124903087,0.18276400000000001,0.14476646678181568,0,correct
DFDC,1119,mspjdnybuu,0,0.29282904584561625,0.2793800650885509,0.069214999999999999,0.14344522181884609,0,correct
DFDC,1120,msqcqkigsb,0,0.32557615368730491,0.27402865055396602,0.027855999999999999,0.11659380285055505,0,correct
DFDC,1121,msqnraqjsf,0,0.076242441224167123,0.16958878458171966,0.046366999999999998,0.084827307435724253,0,correct
DFDC,1122,mstmhwgvvt,0,0.30087132488066953,0.18378602537947397,0.204461,0.20307902385787566,0,correct
DFDC,1123,mszxfrwnpw,0,0.92285026796162128,0.99846232868731022,0.139158,0.43613391200427409,1,false_accept
DFDC,1124,mtjzkzkrna,0,0.18678019862272777,0.11431894879206084,0.032197000000000003,0.064562744568754632,0,correct
DFDC,1125,mulvpilxws,0,0.14711839411756955,0.0086453056064783596,0.027671000000000001,0.027935661387821987,0,correct
DFDC,1126,muujvrhefw,0,0.7290505594573915,0.68392226938158274,0.067327999999999999,0.2853924087873444,0,correct
DFDC,1127,mvfnxpnwgi,0,0.10516251641656121,0.0069208469602369494,0.075412000000000007,0.056352179908899153,0,correct
DFDC,1128,mvqzjznyko,0,0.1433386777061969,0.08342207851819694,0.021302000000000001,0.046039857440768925,0,correct
DFDC,1129,mvwflupvpz,0,0.62545663714408872,0.62618624567985537,0.39543299999999998,0.47616015556116104,1,false_accept
DFDC,1130,mvxpyzpbbp,0,0.52825471246615052,0.15290673982235603,0.23818600000000001,0.22710565757001433,0,correct
DFDC,1131,mvzpkdrojp,0,0.31058347910161943,0.27943020289944065,0.078810000000000005,0.15058473482491316,0,correct
DFDC,1132,mwfhzevnlw,0,0.43435986340045929,0.030214252105603617,0.082110000000000002,0.084153768801704054,0,correct
DFDC,1133,mwpcdhidse,0,0.92904358822852373,0.99251198954880238,0.43065199999999998,0.62412957627606691,1,false_accept
DFDC,1134,mxbbtolkvz,0,0.22207633353536949,0.33297521022177534,0.053796999999999998,0.14596442974330107,0,correct
DFDC,1135,mxbtsxfcjs,0,0.063703998923301697,0.17531833052635193,0.045337000000000002,0.085249749104070655,0,correct
DFDC,1136,mxdpqgeskk,0,0.17263382312751585,0.051659478340297937,0.37579600000000002,0.2683969346584652,0,correct
DFDC,1137,mxeubkzfql,0,0.16944083981215954,0.0031684889302899442,0.0040489999999999996,0.01205443866969496,0,correct
DFDC,1138,mxlfznwkol,0,0.17023699224228039,0.092746983005781658,0.074208999999999997,0.084571794513848511,0,correct
DFDC,1139,mxsdvhlevx,0,0.1036916392040439,0.00572733607259579,0.28841800000000001,0.19437448278198094,0,correct
DFDC,1140,mybeyozotn,0,0.51172517705708742,0.84289132931735367,0.22400400000000001,0.42405625764806049,1,false_accept
DFDC,1141,mybvyhyeit,0,0.72169286541400413,0.72135075602319931,0.041223000000000003,0.27928482007765998,0,correct
DFDC,1142,myergifbyn,0,0.45112635642290116,0.10501703505093853,0.61074399999999995,0.45104502833642662,1,false_accept
DFDC,1143,mygsvbxfoj,0,0.3632030866574496,0.14935424987197621,0.078353999999999993,0.11389652929446534,0,correct
DFDC,1144,myhrhkjdva,0,0.61788256978616118,0.20427190417831298,0.16193399999999999,0.19743279974280195,0,correct
DFDC,1145,myjbflqjyz,0,0.23242580855730921,0.022182508473633789,0.220579,0.16165239296995559,0,correct
DFDC,1146,mympviafoq,0,0.041722639177281126,0.0026022122295286795,0.042778999999999998,0.030673145627722661,0,correct
DFDC,1147,mynsmoozbk,0,0.30171348843723533,0.31680400162003935,0.17564199999999999,0.22429417490787357,0,correct
DFDC,1148,myojzghrpv,0,0.63480532960966229,0.66687832359457389,0.43366399999999999,0.5136853635588553,1,false_accept
DFDC,1149,mypihublbu,0,0.61766862426884472,0.46132453803147655,0.013011999999999999,0.17773859262288516,0,correct
DFDC,1150,myxwjiijop,0,0.54202679783338681,0.15744074164103949,0.023741000000000002,0.089765212383981191,0,correct
DFDC,1151,myysfixkov,0,0.49340404663234949,0.26240273844450712,0.0037090000000000001,0.10580187386496961,0,correct
DFDC,1152,mzaoscpvqc,0,0.007492456934414804,0.0070035978424130008,0.0078770000000000003,0.0075957521994446404,0,correct
DFDC,1153,mzcurgpxvm,0,0.45371042404855999,0.5192903676735503,0.307504,0.3783502315044931,1,false_accept
DFDC,1154,mzvczonzbq,0,0.42662333945433301,0.81952132781346643,0.11744599999999999,0.3435274653167566,1,false_accept
DFDC,1155,naeztcqaek,0,0.57411855459213257,0.47218043605486554,0.640849,0.58691190854606634,1,false_accept
DFDC,1156,nagcwsahfy,0,0.8184523731470108,0.9809096331397692,0.018818999999999999,0.34742785859928127,1,false_accept
DFDC,1157,nasulzojkb,0,0.5093628620961681,0.49803045298904181,0.331538,0.39037697900152096,1,false_accept
DFDC,1158,naxfyfvilx,0,0.093674753719824366,0.034360288871539524,0.078384999999999996,0.06594207434745307,0,correct
DFDC,1159,nbbntdryto,0,0.14926983590703458,0.061440799065167084,0.023141999999999999,0.04093803151490185,0,correct
DFDC,1160,nberiiasbt,0,0.36876468670379836,0.21088525204686448,0.14593800000000001,0.17656350994924927,0,correct
DFDC,1161,nbvexwykli,0,0.47536337375640869,0.25997651120026904,0.099479999999999999,0.16642312204790113,0,correct
DFDC,1162,ncahfhldmg,0,0.06412588688544929,0.0082377772487234324,0.143758,0.099120327518889495,0,correct
DFDC,1163,ncnyddblsq,0,0.71513854619115591,0.55289647569588851,0.024362999999999999,0.21746182001832431,0,correct
DFDC,1164,ncppgkpauv,0,0.43991831480525434,0.52949767548125237,0.063299999999999995,0.22199021838463842,0,correct
DFDC,1165,ndugxaaoct,0,0.14898991689551622,0.1593527190561872,0.23289499999999999,0.20663706156163197,0,correct
DFDC,1166,ndxhreaffi,0,0.13658929546363652,0.052777039789361879,0.022464999999999999,0.037264826709990387,0,correct
DFDC,1167,neavnoqsri,0,0.50225875282194465,0.51164882708690129,0.20105400000000001,0.30929268576716762,1,false_accept
DFDC,1168,nekmlsmpau,0,0.31302762811537832,0.41262513346737251,0.044796000000000002,0.16855632144598068,0,correct
DFDC,1169,netwmykbyj,0,0.37689335014799547,0.17259316997409896,0.018352,0.082551418499629464,0,correct
DFDC,1170,nflyszlftp,0,0.16536818229360506,0.30959040496964008,0.019522999999999999,0.11383548060557228,0,correct
DFDC,1171,nfzfwwmtca,0,0.47940078971441835,0.65146338357590139,0.021575,0.23343280455849133,0,correct
DFDC,1172,ngchqfxcuj,0,0.12370507570449263,0.032813331374200061,0.0059239999999999996,0.01987985319748465,0,correct
DFDC,1173,nglpfdaxfl,0,0.24013112038373946,0.014715354493819176,0.122726,0.09619306236733273,0,correct
DFDC,1174,ngowbzlbjj,0,0.62080484163016081,0.10041431852732785,0.038101000000000003,0.085930187639706404,0,correct
DFDC,1175,ngqguhpcec,0,0.20813492656452581,0.046134092175634578,0.019998999999999999,0.037246323980916665,0,correct
DFDC,1176,nhnbkbalsi,0,0.31915800770123798,0.23666647619878253,0.131887,0.17268439324469667,0,correct
DFDC,1177,nhtmamdnzi,0,0.20220090582733974,0.01002179100032663,0.291771,0.20276773259146499,0,correct
DFDC,1178,nhveiroygg,0,0.47697355132550001,0.37986553180962801,0.016455999999999998,0.1485047371091634,0,correct
DFDC,1179,nhwkfkbcdd,0,0.62368788616731763,0.96297971205785871,0.14017199999999999,0.41119010792572352,1,false_accept
DFDC,1180,niiarhdcmq,0,0.70659035444259644,0.94226658344268799,0.082984000000000002,0.37194909275493621,1,false_accept
DFDC,1181,nilqhgwdcm,0,0.72543763276189566,0.31401640441617928,0.149703,0.22778375296294856,0,correct
DFDC,1182,nixooheelc,0,0.42562210506626535,0.034786496407053037,0.074978000000000003,0.080452754175429186,0,correct
DFDC,1183,njcbwvadpi,0,0.32364661246538162,0.22161450883483186,0.115621,0.15782033327371864,0,correct
DFDC,1184,njrfnqpard,0,0.29560837970348075,0.19531267866113922,0.10477499999999999,0.1414779725835158,0,correct
DFDC,1185,njrtpztzzz,0,0.49128908384591341,0.50841603148728609,0.027762999999999999,0.19513521363848149,0,correct
DFDC,1186,njsecmthfv,0,0.069574137451127172,0.041660527389467461,0.078488000000000002,0.066994065089396607,0,correct
DFDC,1187,njsnfkeflw,0,0.63282714211023772,0.51521618919482881,0.178537,0.30225526386396051,1,false_accept
DFDC,1188,njvbgajpjx,0,0.88320627622306347,0.83588141575455666,0.68570799999999998,0.74063493853752016,1,false_accept
DFDC,1189,njvohndvxs,0,0.11850732853054069,0.083380631396721583,0.016285000000000001,0.041524805845543508,0,correct
DFDC,1190,njxuivibzi,0,0.58086347686392925,0.51429980946704745,0.069993,0.2288285666833107,0,correct
DFDC,1191,nkdbegqkmp,0,0.47665146738290787,0.47114677230517071,0.094280000000000003,0.22645860506069662,0,correct
DFDC,1192,nkdhmcrels,0,0.37381110864225775,0.1820696586946724,0.042618000000000003,0.10101315304051461,0,correct
DFDC,1193,nkiivjdzyc,0,0.42845767322513795,0.54265200263924074,0.089700000000000002,0.2425234844530291,0,correct
DFDC,1194,nkkryiutrz,0,0.60265360167250037,0.71889004716649652,0.057787999999999999,0.283361894233574,0,correct
DFDC,1195,nkoohotrvb,0,0.025118611665675417,0.010883655442739837,0.14371999999999999,0.097939027216105715,0,correct
DFDC,1196,nkpzpxmmcj,0,0.09085614031937439,0.13064358402334619,0.036784999999999998,0.067646132222972583,0,correct
DFDC,1197,nlaazveqnk,0,0.10143542423611507,0.11881904104666319,0.025475000000000001,0.057276233525804715,0,correct
DFDC,1198,nlckbzrxjo,0,0.77575894678011537,0.66066009414498694,0.048641999999999998,0.26860327558250185,0,correct
DFDC,1199,nlwzgzlkiu,0,0.10126659345502655,0.0029583394876681267,0.015147000000000001,0.015796381519051765,0,correct
DFDC,1200,nmffpjvask,0,0.32107425946742296,0.14442620179033838,0.75900599999999996,0.5527354735104727,1,false_accept
DFDC,1201,nmincguwtl,0,0.30062874849757243,0.033384706078354143,0.056943000000000001,0.062059799248384867,0,correct
DFDC,1202,nmompabjlt,0,0.64145264867693186,0.5933988377219066,0.22029499999999999,0.35328403375041856,1,false_accept
DFDC,1203,nmqpdeleom,0,0.18242308645858429,0.15383515642315615,0.14272000000000001,0.14803970124987609,0,correct
DFDC,1204,nmrffljefv,0,0.69189564324915409,0.43773051962489262,0.44138899999999998,0.45281678804992548,1,false_accept
DFDC,1205,nmsixuqhuy,0,0.30913641286315396,0.15936525779397925,0.050214000000000002,0.095905497981351479,0,correct
DFDC,1206,nmzwseqgvi,0,0.16202509880531579,0.096546265311189927,0.090085999999999999,0.095621034533622765,0,correct
DFDC,1207,nnfzadlnkm,0,0.21989774948451668,0.041752845383598469,0.15858700000000001,0.12660229108930537,0,correct
DFDC,1208,nnmalevndb,0,0.79891768470406532,0.83666535327211022,0.18234300000000001,0.40946844021683637,1,false_accept
DFDC,1209,nnoirfpgdz,0,0.16288364352658391,0.037352308183192059,0.031737000000000001,0.039978924631286814,0,correct
DFDC,1210,noczlacbmo,0,0.48297622799873352,0.21908419579267502,0.082339999999999997,0.14339507013773919,0,correct
DFDC,1211,nodjshbaii,0,0.34506535361288115,0.26575714431237429,0.096655000000000005,0.15980616097435635,0,correct
DFDC,1212,nodoppwmyj,0,0.45179831981658936,0.05503134119013945,0.205567,0.17271786834787131,0,correct
DFDC,1213,noovzcnfyi,0,0.03188709556707181,0.0038687558626406826,0.0023779999999999999,0.0043006815371457955,0,correct
DFDC,1214,noummxtblr,0,0.76631850190460682,0.3763312955852598,0.098216999999999999,0.21505636377080828,0,correct
DFDC,1215,noyszoyeqa,0,0.30695935164112598,0.23538758518407121,0.16595799999999999,0.19383694313727765,0,correct
DFDC,1216,nplwoqkgci,0,0.30445514712482691,0.061063657078193501,0.143292,0.1266816544796994,0,correct
DFDC,1217,npqduipuht,0,0.60379255306906998,0.30653306840395089,0.11211,0.19502104817463875,0,correct
DFDC,1218,npqiziwhvj,0,0.07149674411630258,0.010156470161746256,0.064324000000000006,0.048432378254339013,0,correct
DFDC,1219,nprhxxvbij,0,0.038064392205948629,0.0036679617575524994,0.010248,0.0096648081375631818,0,correct
DFDC,1220,npxgmwinzs,0,0.23875521402806044,0.050357007962052842,0.119575,0.10476861309001888,0,correct
DFDC,1221,nqujmhejoh,0,0.38685864375697243,0.83770560224850976,0.19752700000000001,0.39904716286240149,1,false_accept
DFDC,1222,nqyenofpwe,0,0.61922695324756205,0.68062734259001445,0.13480200000000001,0.32277085043938242,1,false_accept
DFDC,1223,nqziaaokod,0,0.079286543147948876,0.016782305381881694,0.065628000000000006,0.051657218771961957,0,correct
DFDC,1224,nqzotbjpib,0,0.32598251104354858,0.014899014495313168,0.094946000000000003,0.08248372990077138,0,correct
DFDC,1225,nrbbjdzjcp,0,0.13302579306764528,0.11603569232102018,0.032718999999999998,0.062729347349688311,0,correct
DFDC,1226,nrfemjdjhn,0,0.36172047350555658,0.52482496295124292,0.078586000000000003,0.22661441256065074,0,correct
DFDC,1227,nrxarfewtz,0,0.65255045471712947,0.4754179836018011,0.28208499999999997,0.35860816781639676,1,false_accept
DFDC,1228,nrxvdwhhzb,0,0.56193442363291979,0.24771785248594824,0.051673999999999998,0.13600017692743047,0,correct
DFDC,1229,nsbfpogdgr,0,0.28826315008336678,0.34068172455590684,0.0024190000000000001,0.11819002487094039,0,correct
DFDC,1230,nspwrdhgta,0,0.84627242758870125,0.35567396663827822,0.029062999999999999,0.16790676137091853,0,correct
DFDC,1231,nsvmyoglwu,0,0.4853379483576174,0.48613555674199704,0.033581,0.19193521444047998,0,correct
DFDC,1232,nthmazrfsn,0,0.39343011028626385,0.55497969347326193,0.306259,0.3852337635562918,1,false_accept
DFDC,1233,ntjsjiiame,0,0.52228888846002519,0.45286565292917658,0.158494,0.2649952403017542,0,correct
DFDC,1234,ntmohysvgi,0,0.48985483390944345,0.50737793317862923,0.13262099999999999,0.26290977164906093,0,correct
DFDC,1235,ntpyctuarz,0,0.43514215637696907,0.2839395596383838,0.17843899999999999,0.22292432571036358,0,correct
DFDC,1236,ntshzrvogm,0,0.52391685475595295,0.13652876771811862,0.54469900000000004,0.42120882305323326,1,false_accept
DFDC,1237,nuhvoaxqtn,0,0.67236617207527161,0.92736300826072693,0.34129100000000001,0.53366636108198162,1,false_accept
DFDC,1238,nuiarquxml,0,0.45864129352072874,0.28145231838958956,0.26221499999999998,0.27780751019291328,0,correct
DFDC,1239,nuqmiazsjp,0,0.65528493002057076,0.48549362322955858,0.20925299999999999,0.31442678346989611,1,false_accept
DFDC,1240,nuuhftdxhn,0,0.10943481558933854,0.0030801765351498034,0.202628,0.13810399374001187,0,correct
DFDC,1241,nvdveiikff,0,0.11664398876018822,0.11947761266492307,0.021784000000000001,0.05583508323748633,0,correct
DFDC,1242,nvfwvdggvu,0,0.057968473236542195,0.056013483721471857,0.054564000000000001,0.055169068778268673,0,correct
DFDC,1243,nvkncapehy,0,0.2432546109193936,0.20898776517424267,0.278082,0.25561236009824245,0,correct
DFDC,1244,nvmrfevejd,0,0.03850527448230423,0.034008625865681097,0.33500799999999997,0.22988305148381952,0,correct
DFDC,1245,nvrfnhprrg,0,0.51190259680151939,0.57770966220414266,0.106892,0.26838782850131876,0,correct
DFDC,1246,nvulwphehb,0,0.24420914717484266,0.0046635513972432818,0.0065550000000000001,0.017870272777915117,0,correct
DFDC,1247,nvvnuzrzby,0,0.19134718605450221,0.10187200323811599,0.46694400000000003,0.34364256027415996,1,false_accept
DFDC,1248,nwczjhqdto,0,0.62503908760845661,0.72220103442668915,0.014968,0.25764146470842958,0,correct
DFDC,1249,nxcunucufn,0,0.45305553476015725,0.23597470745444299,0.10308100000000001,0.16044783897434076,0,correct
DFDC,1250,nxjjvoeiyo,0,0.49539754691068083,0.25287098766420968,0.28732799999999997,0.28739437364479692,0,correct
DFDC,1251,nxjmfzudyp,0,0.53060683608055115,0.9964604377746582,0.38251299999999999,0.57410192313642505,1,false_accept
DFDC,1252,nxjrsumgbi,0,0.049445483557065018,0.0079856228112475947,0.012444,0.012956561021227529,0,correct
DFDC,1253,nxxiqfdafw,0,0.47027073347050213,0.45791933847510297,0.18224199999999999,0.27934663821605599,0,correct
DFDC,1254,nyurmdzfqf,0,0.12220235948916525,0.089282711604028009,0.024926,0.049096831455666665,0,correct
DFDC,1255,nyvdvuybls,0,0.020992614066926762,0.031791602988960221,0.062594999999999998,0.051273861600034408,0,correct
DFDC,1256,nzawjxoqlh,0,0.57839558630560839,0.3298181455465965,0.083748000000000003,0.18230142297925936,0,correct
DFDC,1257,nzdrhewpmu,0,0.074250734411180019,0.01945840581174707,0.036991999999999997,0.033594858464083124,0,correct
DFDC,1258,nzgpspbblq,0,0.32136139628710225,0.35011225347989239,0.35798200000000002,0.35379004585832285,1,false_accept
DFDC,1259,nzhpdjyjih,0,0.73880623653531075,0.24940211915236432,0.053443999999999998,0.14649954757247483,0,correct
DFDC,1260,oaigdpdbiv,0,0.1308539902092889,0.056544142687926069,0.188475,0.14601469231684228,0,correct
DFDC,1261,obabzhfows,0,0.22553742311096617,0.32306663858305129,0.043896999999999999,0.1367299127304637,0,correct
DFDC,1262,obhtheirgg,0,0.12168112018844113,0.0027952241798629984,0.072471999999999995,0.054029423263380956,0,correct
DFDC,1263,obkmvtfhrj,0,0.59752492769621313,0.87958112172782421,0.239811,0.44962773290315794,1,false_accept
DFDC,1264,obktneaoab,0,0.73893762426450849,0.18339417077368125,0.78443600000000002,0.60184853244532988,1,false_accept
DFDC,1265,occamaxmvh,0,0.12794790204497986,0.12391076792846434,0.073971999999999996,0.091652425480788294,0,correct
DFDC,1266,odcltgmzgp,0,0.61113624130525901,0.53523611667896476,0.51744100000000004,0.52746429706895237,1,false_accept
DFDC,1267,odottjtgxo,0,0.032004475244320929,0.0066398747476341669,0.030637999999999999,0.023506886186506298,0,correct
DFDC,1268,odqeqtmzxm,0,0.80168395708588991,0.91138953671735878,0.35245799999999999,0.54259875886950215,1,false_accept
DFDC,1269,oeuirpiyly,0,0.49981864308938384,0.067872609230107628,0.046065000000000002,0.075294964923501476,0,correct
DFDC,1270,oevmtcvjdw,0,0.70042660040780902,0.39086979979765601,0.0095940000000000001,0.15851836995968724,0,correct
DFDC,1271,oewyxoppns,0,0.18794283430491174,0.55967726212527069,0.16719400000000001,0.28597642035282678,0,correct
DFDC,1272,offyhjxspz,0,0.42417784221470356,0.27393922257761005,0.009587,0.10962220888401819,0,correct
DFDC,1273,ogoyznukuf,0,0.11232102155918255,0.0066277398727834225,0.060342,0.046826673039794153,0,correct
DFDC,1274,ogsdzvorup,0,0.55460028847058618,0.39558671725292999,0.78736799999999996,0.65819522959940824,1,false_accept
DFDC,1275,ogvrzukyxd,0,0.1038348019355908,0.013320918907993473,0.0044079999999999996,0.012053215769177582,0,correct
DFDC,1276,ohovbkebin,0,0.86379098519682884,0.9976955708116293,0.079339999999999994,0.39406922050333015,1,false_accept
DFDC,1277,ohrtkrjbdd,0,0.38943293923512101,0.27883373454096727,0.18808,0.22537376732404624,0,correct
DFDC,1278,ohwwapnfnc,0,0.19733750091108959,0.055915621629537782,0.095436000000000007,0.088674961534415828,0,correct
DFDC,1279,ohyvfrmopa,0,0.13985398366790394,0.16061514567840715,0.045072000000000001,0.084474042886917344,0,correct
DFDC,1280,oinrosnaza,0,0.21151400458067657,0.0032944664917886257,0.061621000000000002,0.051617690176570419,0,correct
DFDC,1281,oipdxzrogv,0,0.5898237144574523,0.38696286859340034,0.26151099999999999,0.31556219630089272,1,false_accept
DFDC,1282,oismhqzuaq,0,0.58999333810061216,0.82991688547190279,0.096111000000000002,0.34094688254660144,1,false_accept
DFDC,1283,ojelhzdylh,0,0.20097369854540928,0.18115575172250037,0.29964000000000002,0.25916141044402058,0,correct
DFDC,1284,ojqvqohtqe,0,0.60946323085954646,0.6581815363788337,0.079938999999999996,0.27988797245662744,0,correct
DFDC,1285,ojvsbfrkdu,0,0.47104781214147806,0.46356269111856818,0.044900000000000002,0.19180619794264434,0,correct
DFDC,1286,okcxxvtijt,0,0.29120327532291412,0.02965994062833488,0.013677999999999999,0.032348845954646169,0,correct
DFDC,1287,okluypelvl,0,0.64499119195071131,0.60427841611883859,0.89821099999999998,0.79737023443318711,1,false_accept
DFDC,1288,okrwkdgtxw,0,0.66253774985671043,0.74266314739361405,0.33786500000000003,0.47553808171091977,1,false_accept
DFDC,1289,okwxgogmzf,0,0.076635258505120873,0.0047420338014489971,0.023231999999999999,0.020355173065690742,0,correct
DFDC,1290,okzksgicyz,0,0.098399807829991914,0.034099505672202213,0.048356000000000003,0.046581242093160259,0,correct
DFDC,1291,olanckxfdx,0,0.54925339917341864,0.18424305226653814,0.18066599999999999,0.20016848563863238,0,correct
DFDC,1292,olbckqwqwo,0,0.17941425374010578,0.15626463500666432,0.034331,0.078165253189004594,0,correct
DFDC,1293,olphqscfzz,0,0.46437472302932292,0.3308371996099595,0.125809,0.204245746034454,0,correct
DFDC,1294,olvgtetgar,0,0.31803842051886022,0.55320743727497756,0.16070000000000001,0.28631915220843629,0,correct
DFDC,1295,olxhmoanug,0,0.2142649271315144,0.19913535643248789,0.067452999999999999,0.11429830328632209,0,correct
DFDC,1296,omhjgwwltt,0,0.1027128634887049,0.050600272763404064,0.039269999999999999,0.045841225003456464,0,correct
DFDC,1297,omntjcgmmq,0,0.59879110101610422,0.59979279944673181,0.15815499999999999,0.31267814488482476,1,false_accept
DFDC,1298,ompjbwukun,0,0.6132198628038168,0.62367829831782728,0.206203,0.351796432635539,1,false_accept
DFDC,1299,onifipzpdi,0,0.49139618873596191,0.50301857478916645,0.021552999999999999,0.18948483187354803,0,correct
DFDC,1300,onrfpfvcal,0,0.48364173714071512,0.39428032748401165,0.022210000000000001,0.15690268510223923,0,correct
DFDC,1301,ontibuekcc,0,0.045911242894362658,0.0044450843124650419,0.040513,0.029962537438457646,0,correct
DFDC,1302,oordjuluuz,0,0.02485976462776307,0.0054571724394918419,0.037255000000000003,0.027095889963235708,0,correct
DFDC,1303,ootphkpwzh,0,0.25139617652942736,0.092162544257007539,0.38774399999999998,0.29225217210357363,0,correct
DFDC,1304,oouhiqjnsg,0,0.15381722332676873,0.05127522236580262,0.10231999999999999,0.089581427876079228,0,correct
DFDC,1305,optrilxlpz,0,0.54454480210940048,0.4769465505455931,0.055889000000000001,0.20663905526914794,0,correct
DFDC,1306,optsfmpkcr,0,0.48026493564248085,0.3483428405597806,0.016917000000000001,0.13951214895005823,0,correct
DFDC,1307,opxobmnfht,0,0.018306777274119668,0.0061737074720440432,0.0036480000000000002,0.0051386511053191962,0,correct
DFDC,1308,opxsvgfrry,0,0.60938421729952097,0.56212209947989322,0.42724299999999998,0.47681379070894403,1,false_accept
DFDC,1309,opyixqzqts,0,0.10656505025690421,0.23246594640659168,0.069692000000000004,0.12036783643482273,0,correct
DFDC,1310,oqfuczooph,0,0.039374106578179635,0.020336413086624816,0.041342999999999998,0.034942579254896425,0,correct
DFDC,1311,oquetlotgi,0,0.30271840290251101,0.62060277180915524,0.058090999999999997,0.2390759016878721,0,correct
DFDC,1312,oqyvnwlmor,0,0.21757870411965996,0.096630047803046182,0.019507,0.052547499546896852,0,correct
DFDC,1313,orrxtfhlnj,0,0.06988159628235735,0.0052365981682669371,0.0033119999999999998,0.0072178592645979487,0,correct
DFDC,1314,orvyahyauu,0,0.69691099808551371,0.57164044739329256,0.034637000000000001,0.22885173412226345,0,correct
DFDC,1315,orxexixrcn,0,0.49821088346652687,0.1806028573482763,0.34481400000000001,0.30322050137780926,1,false_accept
DFDC,1316,orywqlfjwg,0,0.4451500135473907,0.2635970409901347,0.056105000000000002,0.13780486297440994,0,correct
DFDC,1317,oscuahslhc,0,0.490916887531057,0.55727841769112274,0.018262,0.20359966968388968,0,correct
DFDC,1318,oshjtyaswr,0,0.15933027397841215,0.0051865749919670634,0.35633300000000001,0.24113893619651075,0,correct
DFDC,1319,ossrxiwdvm,0,0.060635786237461228,0.029780847253277898,0.078130000000000005,0.062750543487856442,0,correct
DFDC,1320,oswxywxbgs,0,0.048357256076997146,0.017565305621246807,0.45595799999999997,0.30406015449022389,1,false_accept
DFDC,1321,otccvflwam,0,0.93805931322276592,0.74361938145011663,0.71101300000000001,0.73214723009617333,1,false_accept
DFDC,1322,otrezwwcdv,0,0.59897168858775074,0.25588193480923238,0.011056,0.11389956487215724,0,correct
DFDC,1323,otrkhrlctv,0,0.39274309144821018,0.32035209661989938,0.35979800000000001,0.34961148355838034,1,false_accept
DFDC,1324,otwfvkypxl,0,0.37794740566689716,0.11651902647051764,0.048661999999999997,0.085483378224500139,0,correct
DFDC,1325,oukgxmojxj,0,0.13545629597501829,0.040630035276990384,0.026886,0.03643772538184803,0,correct
DFDC,1326,ouogthyjwc,0,0.50403830129653215,0.53304596524685621,0.13028500000000001,0.26980095463888348,0,correct
DFDC,1327,ourcwanmta,0,0.24755603587254882,0.22544401322375052,0.124214,0.16075010576075258,0,correct
DFDC,1328,ouxyrerknr,0,0.46023387497951906,0.3553535178333761,0.069676000000000002,0.1749071490989888,0,correct
DFDC,1329,ovbvtbmuxo,0,0.78559595346450806,0.88275307416915894,0.27318199999999998,0.48167401992397313,1,false_accept
DFDC,1330,ovyeinuhsi,0,0.021587757262750529,0.0079463100191787817,0.019703999999999999,0.016270880868891162,0,correct
DFDC,1331,ovyikmbbdr,0,0.46536986827850341,0.45806663036346434,0.032472000000000001,0.18179528252296448,0,correct
DFDC,1332,owdpcjnuyo,0,0.37544800707837567,0.27122645422423375,0.10102999999999999,0.16580983662118889,0,correct
DFDC,1333,owmlogywvw,0,0.25236902781762183,0.1097939836763544,0.16952900000000001,0.15575049649378742,0,correct
DFDC,1334,owrdrmcgjb,0,0.20137195037677885,0.0037083115952555091,0.10446800000000001,0.079085290997415597,0,correct
DFDC,1335,owxuusojfe,0,0.48475507058595357,0.51627399262629059,0.091777999999999998,0.23877565131718487,0,correct
DFDC,1336,oxjdixvhmf,0,0.76921625807881355,0.46098525411798619,0.078104999999999994,0.22752463913933652,0,correct
DFDC,1337,oxrliknczl,0,0.75477766012772918,0.60702479333849624,0.030367000000000002,0.2395848710079353,0,correct
DFDC,1338,oxypzsjgyb,0,0.13251633639447391,0.0553356626733148,0.018898999999999999,0.035510865621718138,0,correct
DFDC,1339,oydzpxutbn,0,0.48907870519906282,0.30844452325254679,0.056266999999999998,0.15356084223571717,0,correct
DFDC,1340,oyfnakfnwu,0,0.58105533476918936,0.74131752466200851,0.125197,0.332826074137062,1,false_accept
DFDC,1341,oyhnozsjaq,0,0.10903065935417544,0.05233002471504733,0.029058,0.040038240382222971,0,correct
DFDC,1342,oyjefxwhnf,0,0.11582200141856447,0.044912852092238609,0.331924,0.2350155556985998,0,correct
DFDC,1343,oyljxzzdxv,0,0.069450088281882927,0.0077668865415034816,0.057721000000000001,0.043321220376545191,0,correct
DFDC,1344,oysfpmehun,0,0.35092400933305423,0.034841323085129258,0.12855,0.11155609739219149,0,correct
DFDC,1345,oyupjkgwij,0,0.64244225714355707,0.41991872276412323,0.60956299999999997,0.55431367968641487,1,false_accept
DFDC,1346,oyysywvoce,0,0.67734814807772636,0.88604759611189365,0.027771000000000001,0.31773283623745441,1,false_accept
DFDC,1347,oyzzxynkqx,0,0.24452353740343824,0.088248035950527992,0.12414500000000001,0.11939483765533032,0,correct
DFDC,1348,ozhxohbwvt,0,0.3255942953570235,0.08463497566539914,0.088713,0.099333657467470915,0,correct
DFDC,1349,ozkrydzbph,0,0.22239104026812129,0.030411206105782185,0.011346999999999999,0.027618463845140721,0,correct
DFDC,1350,ozonquycmi,0,0.097057417660835199,0.0067424694570945576,0.097255999999999995,0.070092011720170128,0,correct
DFDC,1351,pagrklzhbc,0,0.46616753563284874,0.38944959302898496,0.251832,0.30383405469033792,1,false_accept
DFDC,1352,pawccnangx,0,0.24531728879082948,0.11604084963619243,0.14818200000000001,0.14339641933039921,0,correct
DFDC,1353,pawdnllqrc,0,0.1952417792781489,0.10851500867283903,0.20120199999999999,0.17309789156575914,0,correct
DFDC,1354,pazugaaxps,0,0.036884653396555223,0.021035825157014187,0.024001000000000001,0.023755630216932017,0,correct
DFDC,1355,pbdtngzuov,0,0.039261904777958989,0.026819575970876031,0.033196000000000003,0.031586368030160759,0,correct
DFDC,1356,pblgqxtjhb,0,0.31028370062510174,0.10310142220825785,0.194192,0.17266941169373246,0,correct
DFDC,1357,pbodamgpqr,0,0.14101372586446814,0.5375685776816681,0.011769999999999999,0.17597175959772385,0,correct
DFDC,1358,pbwwpgsuda,0,0.83707359572872519,0.67193161509931087,0.107776,0.31348756431622954,1,false_accept
DFDC,1359,pcffzwvaiv,0,0.34740528697147965,0.037719710926467087,0.035546000000000001,0.051791077626514109,0,correct
DFDC,1360,pcmjnkygkb,0,0.87446168623864651,0.92379944957792759,0.029833999999999999,0.34025501918531065,1,false_accept
DFDC,1361,pcxkhjgtzb,0,0.52886096778370084,0.98099696920031598,0.13010099999999999,0.40530778914927984,1,false_accept
DFDC,1362,pczvpkuofn,0,0.19466674607247114,0.092402420615634098,0.055417000000000001,0.073475113488313787,0,correct
DFDC,1363,pdbnpzqtnq,0,0.13394373306073248,0.025241407143766992,0.33729900000000002,0.23351395879616674,0,correct
DFDC,1364,pdfdokiuhy,0,0.8331216406822205,0.64470425471663473,0.24363399999999999,0.39342945844910143,1,false_accept
DFDC,1365,pdmoqfnatx,0,0.7375337325502187,0.79008682875428349,0.019456999999999999,0.28654978525379599,0,correct
DFDC,1366,pdocmzgddq,0,0.46315098385093734,0.23001212826056872,0.074329999999999993,0.14047568767071747,0,correct
DFDC,1367,pdwppewroy,0,0.059730940527515486,0.16786328837042674,0.106895,0.1228272835375038,0,correct
DFDC,1368,pdxtlipvls,0,0.20644961367361248,0.07861935903201811,0.089645000000000002,0.09217753839328606,0,correct
DFDC,1369,pebciohjlo,0,0.020408014635904692,0.040198916831286624,0.133247,0.099690625781181222,0,correct
DFDC,1370,pecltgjakj,0,0.40394036268116906,0.2523485454985348,0.091736999999999999,0.15553063178361889,0,correct
DFDC,1371,pecolokcwy,0,0.68273288477212191,0.87154743634164333,0.40980499999999997,0.56197412514109901,1,false_accept
DFDC,1372,pervxkufhd,0,0.3521433447798093,0.1420065937563777,0.078303999999999999,0.11110674536590377,0,correct
DFDC,1373,pevcyfyodt,0,0.17782643903046846,0.082342088862787932,0.10942300000000001,0.10471889861035981,0,correct
DFDC,1374,pewtpviatk,0,0.65848910579314601,0.57113414315076971,0.063214000000000006,0.2453537982348882,0,correct
DFDC,1375,pezkpnxfil,0,0.15143532203510404,0.026332122444485625,0.043160999999999998,0.043526052835100887,0,correct
DFDC,1376,pfafyxaccb,0,0.3225153664747874,0.51624269268165035,0.028136999999999999,0.18928762612823449,0,correct
DFDC,1377,pgbtmrrmrq,0,0.50420540571212769,0.96657216548919678,0.93475299999999995,0.92277136993236542,1,false_accept
DFDC,1378,pgifswhnzc,0,0.66174219036474824,0.77490732882870361,0.369676,0.50584870816684846,1,false_accept
DFDC,1379,phajeurtfx,0,0.47260560095310211,0.12088307060184889,0.27387600000000001,0.23791460122820979,0,correct
DFDC,1380,phedrpjagq,0,0.75871405145153403,0.53826095026306575,0.014881,0.20908663765149643,0,correct
DFDC,1381,phgjjjihuh,0,0.074474545661360025,0.21871791141165886,0.42144100000000001,0.34327575070656569,1,false_accept
DFDC,1382,phgyoihyxz,0,0.26173650576122875,0.25703570258739439,0.051171000000000001,0.12345868606427975,0,correct
DFDC,1383,phocdzixmd,0,0.32917636768384412,0.016637728972868485,0.028864000000000001,0.040211737076052752,0,correct
DFDC,1384,phpfumzbrc,0,0.52332068234682083,0.97609676793217659,0.16773299999999999,0.42802151449699399,1,false_accept
DFDC,1385,pikmrgxxvq,0,0.5935819149017334,0.77220982313156128,0.079837000000000005,0.31323609268455505,1,false_accept
DFDC,1386,pioamgmvll,0,0.11080933241173625,0.16480210823938252,0.24390400000000001,0.21351869909240156,0,correct
DFDC,1387,piufpjlvvd,0,0.38255474247314314,0.15642888624979942,0.093483999999999998,0.12682100299859697,0,correct
DFDC,1388,pjdfdxebnm,0,0.22515066837271056,0.35699158051006852,0.068024000000000001,0.16257060757165609,0,correct
DFDC,1389,pjkkzfcmrq,0,0.31912006378958102,0.091559692812887464,0.45706400000000003,0.34051551103334532,1,false_accept
DFDC,1390,pjppdxvyue,0,0.19445589289534837,0.11017612420255318,0.40531299999999998,0.30622908190553338,1,false_accept
DFDC,1391,pktcppyfjl,0,0.056177464555259106,0.016773790138325206,0.02444,0.023727010269260516,0,correct
DFDC,1392,plgmqyqmsx,0,0.35107732878532261,0.2474802470242139,0.21709999999999999,0.23291294054653028,0,correct
DFDC,1393,plnxjuigcq,0,0.13274383987300098,0.03631069421680877,0.40930899999999998,0.28358125025869269,0,correct
DFDC,1394,pmeraptwty,0,0.20038256869884208,0.027668398048263043,0.010662,0.025249947849421018,0,correct
DFDC,1395,pnhdkiusdt,0,0.82328694872558117,0.8473505973815918,0.067618999999999999,0.33932187665075658,1,false_accept
DFDC,1396,pnwrwvrkje,0,0.36885615702598323,0.046841477119033373,0.073764999999999997,0.080442500987009169,0,correct
DFDC,1397,pocsveedzx,0,0.33737930417060852,0.119025061391294,0.26433200000000001,0.22439228362591865,0,correct
DFDC,1398,ppefsfuoix,0,0.41573854784170788,0.13046428871651491,0.35171799999999998,0.28854291400703985,0,correct
DFDC,1399,ppghreqqwn,0,0.20763573760632426,0.061703050021606032,0.226547,0.17614825188679803,0,correct
DFDC,1400,pphszdeobz,0,0.48666944811421053,0.47172333540454986,0.01023,0.17249997302707548,0,correct
DFDC,1401,ppiukoelot,0,0.48770295381546019,0.49818596243858337,0.047406999999999998,0.20465548642234802,0,correct
DFDC,1402,ppmesekdni,0,0.33661255765367637,0.51863940451717516,0.15407000000000001,0.27256794923783639,0,correct
DFDC,1403,ppomuabrtw,0,0.2963729048004517,0.26504126986345422,0.080712000000000006,0.14679382619905887,0,correct
DFDC,1404,pppcnusqca,0,0.79855137169361112,0.53805183935910461,0.56979400000000002,0.5717092203924119,1,false_accept
DFDC,1405,ppzbhozhns,0,0.33877132058143616,0.061381525509059426,0.19351599999999999,0.16113842368178963,0,correct
DFDC,1406,pqijlkbbdz,0,0.25409640151041524,0.15124427847978142,0.100171,0.12318925361945519,0,correct
DFDC,1407,pqwqnemgdn,0,0.56614406140787266,0.26453090507337557,0.17963100000000001,0.22442662459240631,0,correct
DFDC,1408,prbpbqxakq,0,0.43248029076494277,0.044782208024116699,0.0078150000000000008,0.040138426945482149,0,correct
DFDC,1409,prckjpfoei,0,0.087192176870303228,0.035206768865464255,0.029753999999999999,0.034261739503154434,0,correct
DFDC,1410,prkrnqddho,0,0.25421828962862492,0.1548458501153315,0.056048000000000001,0.09559586951603069,0,correct
DFDC,1411,prnjcclyav,0,0.18053669296205044,0.75673544406890869,0.085458999999999993,0.29159581786877514,0,correct
DFDC,1412,prumiazuld,0,0.49073529243469238,0.4908432075753808,0.061753000000000002,0.21192917689434884,0,correct
DFDC,1413,psehnbwqga,0,0.48453860605756444,0.03553169226506725,0.046705000000000003,0.065244687982398394,0,correct
DFDC,1414,psriwqpvqr,0,0.41943130921572447,0.20110496149573009,0.0040940000000000004,0.083964153909505249,0,correct
DFDC,1415,pssiamorrt,0,0.36188204740655833,0.17297179635678386,0.15920100000000001,0.1734662912773631,0,correct
DFDC,1416,ptabzuwoyi,0,0.64621652429923415,0.67803951021051034,0.13900599999999999,0.32607657927811479,1,false_accept
DFDC,1417,ptkabbjxmp,0,0.56917425187734461,0.17616356669280392,0.536443,0.42999573260170842,1,false_accept
DFDC,1418,ptkqytmyed,0,0.18753279675729573,0.36273897963110358,0.0032330000000000002,0.12029978372719585,0,correct
DFDC,1419,pudhtxabzc,0,0.44462367007508874,0.18738531078270171,0.23106199999999999,0.22863707673856495,0,correct
DFDC,1420,puhcxsfnde,0,0.49203282594680786,0.48032582551240921,0.010566000000000001,0.17556728895106316,0,correct
DFDC,1421,pvemyqzfoc,0,0.24440159799996763,0.10139501719822874,0.027918999999999999,0.060785935059467,0,correct
DFDC,1422,pvfsulnjzl,0,0.48362797598044077,0.44522777895132698,0.027883999999999999,0.17587433248442011,0,correct
DFDC,1423,pvposezlwp,0,0.14156184268408809,0.017943622680894774,0.052130000000000003,0.046345678938472835,0,correct
DFDC,1424,pvvchlvjyv,0,0.15014202613383532,0.0030345380328071769,0.041804000000000001,0.035590062716533921,0,correct
DFDC,1425,pvvpfeaffq,0,0.85287526823007143,0.7944770289155153,0.51635399999999998,0.61661697208615818,1,false_accept
DFDC,1426,pwarsiaclb,0,0.37794291420141235,0.24919400081853382,0.22211900000000001,0.23803269595563076,0,correct
DFDC,1427,pwdizquopv,0,0.099946614005602896,0.01182632488780655,0.073136999999999994,0.056084278166622106,0,correct
DFDC,1428,pwfhdwzxqm,0,0.10969038680195808,0.43286697566509247,0.096023999999999998,0.19776021203962563,0,correct
DFDC,1429,pwqvzlpkjz,0,0.27438217040617019,0.061222596181323752,0.035196999999999999,0.054963937374705632,0,correct
DFDC,1430,pwwfauebpn,0,0.49020904302597046,0.78059178590774536,0.562164,0.62409458792362216,1,false_accept
DFDC,1431,pxdaejoiqo,0,0.73268482182174921,0.75496852921787649,0.43974000000000002,0.54895579985645049,1,false_accept
DFDC,1432,pxkuhorjsw,0,0.94943265782462227,0.99773481819364762,0.062550999999999995,0.38745022834932541,1,false_accept
DFDC,1433,pxstcvvfee,0,0.79645549599081278,0.6399824475083733,0.094703999999999997,0.29337510905205261,0,correct
DFDC,1434,pxtpprbyct,0,0.013652895417180844,0.0067407756941975094,0.0044050000000000001,0.0055681274791182945,0,correct
DFDC,1435,pyfgldtcyd,0,0.09108255262253806,0.013748158329690341,0.020174999999999998,0.021792325130034006,0,correct
DFDC,1436,pylrawwzfv,0,0.66875149948256352,0.99061914852687294,0.44200499999999998,0.61792656953219005,1,false_accept
DFDC,1437,pyqyezfqft,0,0.062782759467760726,0.037218310249348484,0.138406,0.10426853104819259,0,correct
DFDC,1438,pysdejokch,0,0.721831868092219,0.76202464020914507,0.46365099999999998,0.56607213546735446,1,false_accept
DFDC,1439,pyutuidycy,0,0.32261685433331877,0.0084319707166287117,0.090787999999999994,0.07767263393165455,0,correct
DFDC,1440,pyzoiamjrz,0,0.27208247296512128,0.16347251040084909,0.16739999999999999,0.17145587676851079,0,correct
DFDC,1441,pzlbdesxqp,0,0.70212898962199688,0.85896659549325705,0.82842000000000005,0.831269428129077,1,false_accept
DFDC,1442,pzmlzeacau,0,0.33961286849807948,0.25231488325516693,0.059677000000000001,0.13146515840145406,0,correct
DFDC,1443,pznhsbchfx,0,0.35709895769832656,0.50170669768704101,0.0095390000000000006,0.17456730719102861,0,correct
DFDC,1444,pzvjezznwg,0,0.55066792310579959,0.88495462484981702,0.47504299999999999,0.60179773361023503,1,false_accept
DFDC,1445,qazwolwoky,0,0.41386588476598263,0.57984355115331709,0.018341,0.20656800958429425,0,correct
DFDC,1446,qbciwhziru,0,0.48927873745560646,0.45338370092213154,0.035459999999999998,0.18352804714941975,0,correct
DFDC,1447,qbcweclzad,0,0.31461266230326146,0.23917713233095128,0.009665,0.093766022814448458,0,correct
DFDC,1448,qbiswdgrvi,0,0.6119512091080348,0.67319774081309636,0.70786499999999997,0.69266913269933061,1,false_accept
DFDC,1449,qbjpppbvfa,0,0.4919348806142807,0.45539154717698693,0.0050639999999999999,0.16450580818381014,0,correct
DFDC,1450,qcduvyaywm,0,0.64051950557364357,0.47365684569295907,0.50917900000000005,0.50508937898656991,1,false_accept
DFDC,1451,qcdvtqqkor,0,0.16400093701668084,0.34337990652420558,0.051157000000000001,0.1444660688080957,0,correct
DFDC,1452,qchiakypna,0,0.28589516470674425,0.25517985556507483,0.161722,0.19596801490485966,0,correct
DFDC,1453,qckgqvfgjf,0,0.59046310873236507,0.211482202867046,0.0071310000000000002,0.097602966296732055,0,correct
DFDC,1454,qcnrgwwine,0,0.27136875619180501,0.11091097461758181,0.16512099999999999,0.15417038019486479,0,correct
DFDC,1455,qdddmnemuy,0,0.27220198366558179,0.069132496151723899,0.056683999999999998,0.071194448028796264,0,correct
DFDC,1456,qddokaqunw,0,0.49201437679585069,0.78132525409455411,0.080466999999999997,0.31130184506815872,1,false_accept
DFDC,1457,qdfwyzaiql,0,0.92084480356425047,0.90281699306797236,0.063154000000000002,0.35793743809860418,1,false_accept
DFDC,1458,qedjiijvew,0,0.43221776932477951,0.25813927854012164,0.031053999999999998,0.11923777202827546,0,correct
DFDC,1459,qefccqgheq,0,0.25233881830354221,0.090943511266232235,0.061447000000000002,0.079840544295046778,0,correct
DFDC,1460,qefcgxvjac,0,0.10561348247574642,0.0057143118829117157,0.099394999999999997,0.071601717688660832,0,correct
DFDC,1461,qegdofddxi,0,0.53242024643854657,0.92410910671407531,0.032107999999999998,0.32472394433614993,1,false_accept
DFDC,1462,qektbbetim,0,0.15554023206641432,0.18990437187312637,0.071750999999999995,0.11138647316525863,0,correct
DFDC,1463,qetwbqppks,0,0.10582817066460848,0.07402412656561605,0.217889,0.16912649650291525,0,correct
DFDC,1464,qfbsseoabe,0,0.85866739228367805,0.99394642934203148,0.42990299999999998,0.6205542484167933,1,false_accept
DFDC,1465,qfpkakenmj,0,0.73669484769925475,0.4287460325867869,0.0059649999999999998,0.16933580216099881,0,correct
DFDC,1466,qfqcljzcug,0,0.38875982334138826,0.30898540483030956,0.034574000000000001,0.13460671261616228,0,correct
DFDC,1467,qggvbhdtvo,0,0.59878188651055098,0.10530754621140659,0.056356999999999997,0.09816340818894953,0,correct
DFDC,1468,qglytptyxg,0,0.12739601905923337,0.0065448993555037305,0.053359999999999998,0.043017270759612786,0,correct
DFDC,1469,qgpiezvoun,0,0.10968521631633242,0.091215351767217123,0.56922499999999998,0.40284511634598175,1,false_accept
DFDC,1470,qhokybbjlm,0,0.32541115080507904,0.044134096000701763,0.115661,0.10469043634046449,0,correct
DFDC,1471,qinzaqqima,0,0.11692658139509149,0.010042205849458696,0.26474799999999998,0.18094519082459218,0,correct
DFDC,1472,qjahyzwxti,0,0.026179467589827254,0.0034716616864898242,0.011037,0.0095245218854383105,0,correct
DFDC,1473,qjcjsvhmmd,0,0.47121267549453244,0.54364659066402143,0.032232999999999998,0.20760606097393305,0,correct
DFDC,1474,qjgaftomzz,0,0.25992775743361562,0.23362869402626529,0.13956199999999999,0.17380029607956035,0,correct
DFDC,1475,qjhjehvxji,0,0.77543008700013161,0.72383253928273916,0.023713999999999999,0.27133536613482828,0,correct
DFDC,1476,qjifkwqvhh,0,0.33496280312538146,0.1125569049268961,0.105244,0.11892381163433791,0,correct
DFDC,1477,qjmwiyxqen,0,0.69515242986381054,0.15968700598750729,0.11397,0.15674422328944271,0,correct
DFDC,1478,qkcyodhbsk,0,0.83437941409647465,0.98252351582050323,0.110023,0.40799097545097468,1,false_accept
DFDC,1479,qkepegpqyt,0,0.44857705230242573,0.35839897433470469,0.178012,0.2456563449155327,0,correct
DFDC,1480,qkgtiggush,0,0.66726476699113846,0.34053663260419853,0.19184200000000001,0.2602215281308165,0,correct
DFDC,1481,qkvsoivmrg,0,0.50459182844497263,0.25997196845128201,0.029499999999999998,0.12239618195763323,0,correct
DFDC,1482,qlabwvzlqb,0,0.084314472449477762,0.014209385582944378,0.0039659999999999999,0.011056439297357201,0,correct
DFDC,1483,qldbpqffxt,0,0.38384889834560454,0.19559179691714235,0.289798,0.26623868399242295,0,correct
DFDC,1484,qmahgnxctr,0,0.23136034421622753,0.45811877434607595,0.039910000000000001,0.17494514951463416,0,correct
DFDC,1485,qmfdtdjncs,0,0.15632710908539593,0.18651417572982609,0.033321000000000003,0.085429258173217629,0,correct
DFDC,1486,qmhqdullpr,0,0.78394954471752565,0.50535688269883394,0.230243,0.34046249204552642,1,false_accept
DFDC,1487,qnjflevrfk,0,0.49294435698539019,0.35799186746589839,0.011695000000000001,0.13964652808903902,0,correct
DFDC,1488,qnntbynjet,0,0.13693988230079412,0.090701126855694592,0.010241999999999999,0.040714632171748082,0,correct
DFDC,1489,qnstqwwcnj,0,0.20605708780730592,0.13676446966891145,0.206016,0.18524259529103873,0,correct
DFDC,1490,qnwjgobvwr,0,0.59894029749557376,0.32449586631264538,0.24365300000000001,0.28567022476857235,0,correct
DFDC,1491,qnzqghxyzg,0,0.028988376274355687,0.018350645652390085,0.013166000000000001,0.015512512509434809,0,correct
DFDC,1492,qofiutfivq,0,0.25574320589657873,0.12800129566312535,0.070158999999999999,0.096790898993766541,0,correct
DFDC,1493,qojmsgqeaf,0,0.015048931803903542,0.0031804973041289486,0.030429999999999999,0.021486095781433862,0,correct
DFDC,1494,qolwuajeqr,0,0.58108290378004313,0.57914516254095361,0.66999799999999998,0.63829639395128823,1,false_accept
DFDC,1495,qosxsdhght,0,0.018291089028934948,0.0034770318598020822,0.0053860000000000002,0.0054585640093873719,0,correct
DFDC,1496,qovxupqymz,0,0.20882954885018989,0.044772738721803762,0.22938600000000001,0.17297419905905062,0,correct
DFDC,1497,qpuygxkwzq,0,0.1250971055123955,0.050660192020586692,0.24792700000000001,0.1826054628817958,0,correct
DFDC,1498,qpwaebzzqu,0,0.38218605159116642,0.71919009768004927,0.17288300000000001,0.34724028188357309,1,false_accept
DFDC,1499,qqabgaohgq,0,0.84599289298057556,0.54979240277316421,0.47719200000000001,0.51741216548097801,1,false_accept
DFDC,1500,qqpkqtplkm,0,0.5352387911407277,0.60462183429626748,0.139544,0.2988520898459166,0,correct
DFDC,1501,qqvilquawt,0,0.56257359171286225,0.24023388935893308,0.035702999999999999,0.12340579639332305,0,correct
DFDC,1502,qqydeaairu,0,0.2106153704226017,0.12538593159115408,0.060134,0.087233647998476313,0,correct
DFDC,1503,qrbnjyaxpw,0,0.34417232382111251,0.64107500319369137,0.018193999999999998,0.22135721714916304,0,correct
DFDC,1504,qrcyqlaipk,0,0.36107659786939622,0.13974540140479802,0.089226,0.11797435031490922,0,correct
DFDC,1505,qrewwbusgp,0,0.5929799999576062,0.37618405069224536,0.26782400000000001,0.31658981520555396,1,false_accept
DFDC,1506,qriqugzfii,0,0.10874281745054759,0.10505344242119463,0.023195,0.052029923598885766,0,correct
DFDC,1507,qrldfempqj,0,0.45206725597381592,0.44405043125152588,0.118522,0.23285779217414856,0,correct
DFDC,1508,qrnhlghnfx,0,0.2000401220866479,0.086196615735389059,0.0081689999999999992,0.041170840824949109,0,correct
DFDC,1509,qrvseigfsu,0,0.48948022536933422,0.25765901221893728,0.0077000000000000002,0.10677671493414789,0,correct
DFDC,1510,qsbgfpahgu,0,0.25725507421884686,0.67215275671333075,0.179983,0.33149753072494154,1,false_accept
DFDC,1511,qscnfzdpen,0,0.040531635284423828,0.29549804329872131,0.026030999999999999,0.10759614475383757,0,correct
DFDC,1512,qsdvtratzo,0,0.32392907759640366,0.14537537655269261,0.111392,0.13221386684562797,0,correct
DFDC,1513,qsngxhepjb,0,0.2774761127574103,0.39296155449535164,0.261681,0.30185492198647601,1,false_accept
DFDC,1514,qszjssivpq,0,0.063779764619000534,0.0025673402361226856,0.0046299999999999996,0.006968690301786833,0,correct
DFDC,1515,qtjrhzztly,0,0.93654857948422432,0.99147916585206985,0.46753600000000001,0.64816957872983216,1,false_accept
DFDC,1516,quqqinmfvc,0,0.19756642860524795,0.0080003292601117312,0.10032199999999999,0.077487720208295918,0,correct
DFDC,1517,qusnmzddmu,0,0.24943314649863169,0.0084670877768076025,0.024857000000000001,0.031168833657973866,0,correct
DFDC,1518,quspimzcsq,0,0.72303764025370276,0.88794888059298194,0.093701000000000007,0.36344219619057977,1,false_accept
DFDC,1519,quwfqkmqzf,0,0.61607773487384498,0.79966237682562613,0.078902,0.32198889979138012,1,false_accept
DFDC,1520,qvhwgqnlow,0,0.60907333883745918,0.68688107872831405,0.117234,0.3127200905603672,1,false_accept
DFDC,1521,qvknufadlz,0,0.48555478267371655,0.50041165947914124,0.052276999999999997,0.20838128697742822,0,correct
DFDC,1522,qvnzuuqtql,0,0.41375272569712251,0.076368460242520086,0.036888999999999998,0.067576024357612147,0,correct
DFDC,1523,qvpjagljpr,0,0.37851376334826153,0.30581237530956668,0.269235,0.28567215076028307,0,correct
DFDC,1524,qvvpispivk,0,0.42169994185678661,0.22864013044454623,0.056799000000000002,0.1265963862262032,0,correct
DFDC,1525,qvwbqanceq,0,0.86512877559289336,0.53865074552595615,0.025647,0.2215222124374315,0,correct
DFDC,1526,qvzvyhocrv,0,0.35074206261197105,0.21924020125879906,0.055037000000000003,0.11908321350823828,0,correct
DFDC,1527,qwbldjvwzm,0,0.50930615072138608,0.39900332984689157,0.0046979999999999999,0.14822000649013675,0,correct
DFDC,1528,qwwozuqszp,0,0.14932801028520898,0.63045899608525735,0.18727199999999999,0.31833089933983766,1,false_accept
DFDC,1529,qxgcbhtoae,0,0.83233042526990175,0.50991414063901175,0.0118,0.20226076345519861,0,correct
DFDC,1530,qxqaseinry,0,0.084366982249775901,0.13505695689673303,0.031725000000000003,0.065356686181508708,0,correct
DFDC,1531,qxqomyttgy,0,0.3481529257260263,0.5325389513745904,0.024927999999999999,0.19337253169867843,0,correct
DFDC,1532,qxwqjjpzlr,0,0.16406727489084005,0.078472050954587758,0.488813,0.34947342903091833,1,false_accept
DFDC,1533,qyaqebhpzz,0,0.3434183878203233,0.015283302233243982,0.022839000000000002,0.036601260060989363,0,correct
DFDC,1534,qybbhmczfh,0,0.4065149566779534,0.64815818810214598,0.24330299999999999,0.37292015426454145,1,false_accept
DFDC,1535,qydjfchgnc,0,0.79528294801712041,0.99876576662063599,0.56550100000000003,0.70696952738704688,1,false_accept
DFDC,1536,qydyxqbskc,0,0.33115707289788032,0.14550613744124288,0.104453,0.12810414487726687,0,correct
DFDC,1537,qyedijfrsf,0,0.27034520791494288,0.050884571162896464,0.24437400000000001,0.18762573174461608,0,correct
DFDC,1538,qynmwvohtx,0,0.14436140416129942,0.16825138893158686,0.43987199999999999,0.34361028688754103,1,false_accept
DFDC,1539,qzhfnhxooj,0,0.019245847909440918,0.0059727304464867034,0.0079480000000000002,0.0079203115294180573,0,correct
DFDC,1540,qzonzmhnnb,0,0.5084317225846462,0.31738653543288819,0.033821999999999998,0.14262184675909878,0,correct
DFDC,1541,qzzeptktrk,0,0.48112900787964463,0.13239195589267183,0.016556999999999999,0.074536087161783782,0,correct
DFDC,1542,racmniymox,0,0.28338569719344375,0.10088817689878245,0.023661000000000001,0.059815387929306928,0,correct
DFDC,1543,rafzcxkbsh,0,0.81607781137738911,0.63550089406115673,0.43145499999999998,0.51189990878721647,1,false_accept
DFDC,1544,rartstvdax,0,0.65848669204218635,0.92040181905031204,0.25723299999999999,0.47624633031720287,1,false_accept
DFDC,1545,ravmefvups,0,0.017702925950288773,0.0040145451202988625,0.23060600000000001,0.15198340983360412,0,correct
DFDC,1546,razybavkaa,0,0.409359117400729,0.26963069049331051,0.095059000000000005,0.1631455130180296,0,correct
DFDC,1547,rbapheddqk,0,0.32192386453971267,0.84397807018831372,0.021964000000000001,0.28356621428347978,0,correct
DFDC,1548,rbapryahlp,0,0.40342056448571384,0.37225162005779566,0.039330999999999998,0.15741166424162439,0,correct
DFDC,1549,rbcjzfitwj,0,0.53833475802093744,0.78990769269876182,0.67245600000000005,0.70098544571067545,1,false_accept
DFDC,1550,rbygwvdsgt,0,0.77851439034566283,0.8991765514947474,0.087898000000000004,0.36581238496570734,1,false_accept
DFDC,1551,rcfnceylnq,0,0.38929369719699025,0.44248091574991122,0.30780800000000003,0.3522841595848229,1,false_accept
DFDC,1552,rcgjessura,0,0.20372466329718009,0.15757342560391407,0.106575,0.12673201084603322,0,correct
DFDC,1553,rchilhtbba,0,0.4216474361019209,0.27559891225246247,0.090233999999999995,0.16241414548083477,0,correct
DFDC,1554,rcngzczbxx,0,0.7432469897903502,0.96299637667834759,0.203823,0.4585462124930218,1,false_accept
DFDC,1555,rcsfvyyxxh,0,0.029716066157561727,0.019704924045072403,0.15917799999999999,0.1108629805213998,0,correct
DFDC,1556,rcxzzkfeuz,0,0.44213576684705913,0.26771133678266779,0.014710000000000001,0.11198168937715329,0,correct
DFDC,1557,rcytjvscux,0,0.22238764257053845,0.09749357571490691,0.030561999999999999,0.060232754842998996,0,correct
DFDC,1558,rdshtzcogt,0,0.26122967607807368,0.042001961854111869,0.057716000000000003,0.063177472360137252,0,correct
DFDC,1559,rdtvjftlku,0,0.35477282258216292,0.17487853609054582,0.016015000000000001,0.080611951956271882,0,correct
DFDC,1560,rduuyhaspk,0,0.015070093708345667,0.006067675887607038,0.010163,0.0091797574516993951,0,correct
DFDC,1561,rdxsjehcuk,0,0.22837674320908263,0.12399796502722893,0.15657199999999999,0.15039002666862281,0,correct
DFDC,1562,rdyupgkayo,0,0.75383228063583374,0.58250856772065163,0.073131000000000002,0.2599793343479872,0,correct
DFDC,1563,recwmcxowb,0,0.094622998731210828,0.089910529684857465,0.034796000000000001,0.054321708842017785,0,correct
DFDC,1564,rekrgodmel,0,0.50022908783848252,0.26929966380609377,0.131628,0.19135955353375225,0,correct
DFDC,1565,rertkxgqmm,0,0.36819512106012553,0.071143798308185069,0.069712999999999997,0.085066345545461802,0,correct
DFDC,1566,revhasbogz,0,0.34074112806807866,0.33235011762008071,0.098205000000000001,0.18057534168942815,0,correct
DFDC,1567,rfdvzwgvzq,0,0.30791105865500867,0.15473479625507025,0.018370999999999998,0.073757141809271509,0,correct
DFDC,1568,rfkokmqztd,0,0.18867908418178558,0.033865802921354771,0.073768,0.067542895085495713,0,correct
DFDC,1569,rfrtnyziai,0,0.033495243609650061,0.098795469413744286,0.095332,0.093279203004605793,0,correct
DFDC,1570,rfslxzrkgm,0,0.524745971953962,0.45309017019462772,0.246642,0.32248164965608644,1,false_accept
DFDC,1571,rfvncjwzry,0,0.85715462360531092,0.91032444499433041,0.74628099999999997,0.80103771467856466,1,false_accept
DFDC,1572,rfwtnztcsj,0,0.40453808638267219,0.64122362202033401,0.15534200000000001,0.3135662909252338,1,false_accept
DFDC,1573,rfybgxlvyq,0,0.34107186738401651,0.097366879228502512,0.057283000000000001,0.083497607137751576,0,correct
DFDC,1574,rgfdaaklvo,0,0.22397181723499671,0.50611533247865736,0.019366999999999999,0.17562174060534705,0,correct
DFDC,1575,rgntzbrhqq,0,0.093385493877576664,0.0039674515464867,0.003539,0.0081598601578248432,0,correct
DFDC,1576,rgtxnyfhcb,0,0.16428111393179279,0.16446577245369554,0.21478900000000001,0.1971666374326983,0,correct
DFDC,1577,rhbdnlprok,0,0.55758627131581306,0.44820938985503744,0.093797000000000005,0.22331018052230187,0,correct
DFDC,1578,rhnazqqxtz,0,0.46185284724924713,0.1966826321586268,0.0071729999999999997,0.086759882010050401,0,correct
DFDC,1579,rhttisoxux,0,0.029190905479481444,0.017878149155876599,0.012736000000000001,0.015101390020737052,0,correct
DFDC,1580,rigdoozvxu,0,0.87989989916483557,0.84403415520985925,0.12937000000000001,0.38129574152119955,1,false_accept
DFDC,1581,rihnmxoltt,0,0.11553221268695779,0.14026794348319527,0.068112000000000006,0.092129793679306474,0,correct
DFDC,1582,rikdnhemjn,0,0.45842064751519096,0.43127928343084121,0.059763999999999998,0.1911514174050119,0,correct
DFDC,1583,rirbmxcpmf,0,0.60029810387641191,0.57491975600714795,0.232881,0.35386348199596501,1,false_accept
DFDC,1584,riurivzobl,0,0.14137523267418145,0.04763151900842786,0.038975999999999997,0.046692617336237432,0,correct
DFDC,1585,rjbgxtqiyp,0,0.67387331525484717,0.56889242927233374,0.38353100000000001,0.45365654454444249,1,false_accept
DFDC,1586,rjialcricr,0,0.12283948025599654,0.17843544318540289,0.0080610000000000005,0.064912256968420692,0,correct
DFDC,1587,rjtncslwxy,0,0.48762086435453966,0.24548073769256007,0.028309999999999998,0.116426764525495,0,correct
DFDC,1588,rjxpmvizxj,0,0.65105796605348587,0.81108749173581596,0.36541600000000002,0.51339954582341907,1,false_accept
DFDC,1589,rkeeuhcwjj,0,0.39227255061268806,0.18872441300482024,0.18293000000000001,0.19513545143208047,0,correct
DFDC,1590,rktrxeffup,0,0.26300391630502418,0.095350736868567765,0.046322000000000002,0.071864716875821535,0,correct
DFDC,1591,rlbyxfuliz,0,0.19928086781874299,0.17594838446530048,0.1002,0.12787855873052731,0,correct
DFDC,1592,rlpmuyukcm,0,0.43906120874453336,0.26928245718590915,0.35510700000000001,0.33355734759299943,1,false_accept
DFDC,1593,rmbousomcf,0,0.64573840820230544,0.24411605828208849,0.135133,0.19335818789474182,0,correct
DFDC,1594,rmupktrstq,0,0.23148344054061454,0.19467457163409563,0.21412900000000001,0.20916039351725943,0,correct
DFDC,1595,rmvjxvhqny,0,0.7590358923189342,0.45139213689253666,0.088243000000000002,0.23072738568370771,0,correct
DFDC,1596,rmykjyeruw,0,0.66323781572282314,0.82574087241664529,0.143072,0.37388095251113473,1,false_accept
DFDC,1597,rnadcttkuw,0,0.37875811156118289,0.45290098257828504,0.048225999999999998,0.18615510035154464,0,correct
DFDC,1598,rnfehfdiip,0,0.38631078531034291,0.40270986205723602,0.22063199999999999,0.28353929788268795,0,correct
DFDC,1599,rninilordu,0,0.5475006498163566,0.21517456588480854,0.095668000000000003,0.15411160225626039,0,correct
DFDC,1600,rnzuhfhrgl,0,0.1054851682856679,0.20534597088408191,0.044962000000000002,0.096103349679507954,0,correct
DFDC,1601,rodpvqvdxm,0,0.23149433620274068,0.24813785683363676,0.28822199999999998,0.27336037386022805,0,correct
DFDC,1602,roepzpyifq,0,0.4036318165218008,0.93180676215681535,0.013898000000000001,0.30875731947313462,1,false_accept
DFDC,1603,rotpkixmal,0,0.4721124708885327,0.18884687525132904,0.020781000000000001,0.093767336119825337,0,correct
DFDC,1604,rpaxrotcwv,0,0.48681410169228911,0.28946778753015678,0.028028999999999998,0.12939989134366151,0,correct
DFDC,1605,rpgsoeobwm,0,0.41552209445545751,0.58167212001318414,0.13797799999999999,0.28496344072672813,0,correct
DFDC,1606,rpiubwosay,0,0.046618649837910198,0.032908773857343476,0.010449,0.018995414649098551,0,correct
DFDC,1607,rpqkwlaasy,0,0.49646576813289095,0.47283578876938137,0.29816399999999998,0.36048062503745898,1,false_accept
DFDC,1608,rptdfuwjyr,0,0.60861609317362309,0.30625613513984717,0.21839,0.26426114520063532,0,correct
DFDC,1609,rqkkzxtpoz,0,0.53681455800930655,0.54495719571908319,0.061837999999999997,0.23052258661619027,0,correct
DFDC,1610,rqmqyvspmv,0,0.48237835615873337,0.47204539366066456,0.033314000000000003,0.18738663590613605,0,correct
DFDC,1611,rqybkxjkml,0,0.6616906113922596,0.48895577504299581,0.21349699999999999,0.31854431308251169,1,false_accept
DFDC,1612,rrhiafhkay,0,0.81125900521874428,0.78749558329582214,0.031655999999999997,0.29738802524968383,0,correct
DFDC,1613,rriguaunis,0,0.6357396487146616,0.82855851796921343,0.33907300000000001,0.5007519878264971,1,false_accept
DFDC,1614,rrwonmbqky,0,0.31320342284743674,0.32236954955442343,0.118756,0.18956243600869888,0,correct
DFDC,1615,rsjlrvrpmy,0,0.49156800378113985,0.057103903694951441,0.016427000000000001,0.05238712129754243,0,correct
DFDC,1616,rtkjrbnkmq,0,0.092569642059970647,0.0099338844884186983,0.091911999999999994,0.067351447449524135,0,correct
DFDC,1617,rtopeqayya,0,0.70363606015841162,0.25283241660023731,0.082775000000000001,0.16483527798799177,0,correct
DFDC,1618,rtuimagama,0,0.1431251552887261,0.068188575981184843,0.113828,0.10160103055879176,0,correct
DFDC,1619,rtujluvbgq,0,0.21222508972277865,0.074420629120140802,0.030696999999999999,0.052890493222181173,0,correct
DFDC,1620,rtwczqxlfl,0,0.65348905348218977,0.51158318704983685,0.051739,0.21977975878906053,0,correct
DFDC,1621,rudxsckpuk,0,0.32090603373944759,0.38880061890085926,0.051880000000000003,0.16640748735723015,0,correct
DFDC,1622,rufztxstlx,0,0.047673519817180932,0.020116105784836691,0.198717,0.13758455772631006,0,correct
DFDC,1623,rvlxhxlyuq,0,0.074519387620966882,0.0045096645699231885,0.032226999999999999,0.026026418752025302,0,correct
DFDC,1624,rvojpwfoxr,0,0.052317305642645806,0.0068344056708156131,0.058832000000000002,0.042906986983376978,0,correct
DFDC,1625,rvuwzavjoq,0,0.30303184303920716,0.16293265832064208,0.012711999999999999,0.072294189648152984,0,correct
DFDC,1626,rwgubksutw,0,0.47975380766776299,0.48475315397785557,0.034465999999999997,0.19181653657674483,0,correct
DFDC,1627,rwgwipmrab,0,0.34335468278732151,0.23229425714089302,0.081058000000000005,0.13954371128163398,0,correct
DFDC,1628,rwvpscrsmn,0,0.094098232686519623,0.004304606220102869,0.023432999999999999,0.021227743500356843,0,correct
DFDC,1629,rxytpyahdq,0,0.30277769081294537,0.020888286468107253,0.0075750000000000001,0.026329120481079445,0,correct
DFDC,1630,rybcfqewdb,0,0.56714561954140663,0.23342040559509769,0.052218000000000001,0.13232510265559963,0,correct
DFDC,1631,rynochthwc,0,0.22964980997494422,0.30505322145472746,0.097266000000000005,0.16622135693516546,0,correct
DFDC,1632,ryoqvtbpmo,0,0.46133337949868292,0.29855622579634655,0.23369400000000001,0.26453463671383814,0,correct
DFDC,1633,ryunkllmyy,0,0.036193004518281668,0.030666801991173998,0.069214999999999999,0.055999440823266286,0,correct
DFDC,1634,rzfgfjdkwt,0,0.0085763632014277391,0.0035268855062895454,0.011488999999999999,0.0089547338119582501,0,correct
DFDC,1635,rzlmzgeccs,0,0.64152371883392334,0.13194973766803741,0.046474000000000001,0.10186920724210739,0,correct
DFDC,1636,sadyvipwmt,0,0.49110611279805499,0.32799542411452248,0.018672000000000001,0.13509073287425949,0,correct
DFDC,1637,sakybjmcue,0,0.035722600456210785,0.050527894003607798,0.018898999999999999,0.029228848223892878,0,correct
DFDC,1638,saqltzlmag,0,0.21160219467299826,0.19404239107525961,0.19190099999999999,0.19352847705622778,0,correct
DFDC,1639,sawgwabfsf,0,0.15129392681410536,0.041381441180419642,0.102474,0.086587228694831153,0,correct
DFDC,1640,saxvsxagid,0,0.32870493910741061,0.0080238274531438947,0.0044409999999999996,0.0217290451913137,0,correct
DFDC,1641,sbfwvmiycy,0,0.69011864298954606,0.35211917864216957,0.030766999999999999,0.16014023574212818,0,correct
DFDC,1642,scefaqebjx,0,0.64191630622372031,0.77729528996860608,0.041715000000000002,0.29239915230176783,0,correct
DFDC,1643,sckmmoglcu,0,0.81969808207617867,0.66111134515247416,0.076669000000000001,0.28915315764955118,0,correct
DFDC,1644,scolxazagt,0,0.22425950993783772,0.01959291201637825,0.29348600000000002,0.20785674910180538,0,correct
DFDC,1645,scqtzepeeo,0,0.33504768460988998,0.29182540031615645,0.12467,0.18533550432534143,0,correct
DFDC,1646,scxdziqfjd,0,0.16144063309938819,0.031339067422474422,0.113139,0.091014101881711745,0,correct
DFDC,1647,sdbiwsfzkd,0,0.43364199483767152,0.55891266628168523,0.141259,0.28117424962638915,0,correct
DFDC,1648,sdblpdnlrv,0,0.069490170463298764,0.0050804455725786584,0.23857900000000001,0.16007499219493854,0,correct
DFDC,1649,sdlhkuohmq,0,0.43852152244653553,0.53195755998604,0.0022699999999999999,0.18298884411813876,0,correct
DFDC,1650,sdnvriavyh,0,0.4795574729796499,0.073119514381687623,0.046400999999999998,0.076074377963488787,0,correct
DFDC,1651,sebwfboeho,0,0.22356322612613438,0.093813865631818774,0.081115999999999994,0.092047720995852345,0,correct
DFDC,1652,sefmizdflt,0,0.82079209107905626,0.78974987706169486,0.080188999999999996,0.33008741767246125,1,false_accept
DFDC,1653,setcpqeptk,0,0.59810757788363844,0.57481001943233423,0.137655,0.29182413472388219,0,correct
DFDC,1654,sfcbiyldjv,0,0.37070684711216018,0.38871680452575674,0.0063239999999999998,0.13926098371333501,0,correct
DFDC,1655,sfcesavkck,0,0.37863966450095177,0.7388630323112011,0.0067530000000000003,0.2449803429184079,0,correct
DFDC,1656,sfmscdjolx,0,0.43412801648179689,0.59089191822956011,0.44286799999999998,0.48683817629295789,1,false_accept
DFDC,1657,sfpqeoevjk,0,0.16288757522124797,0.091724256759334821,0.036187999999999998,0.059183855788862844,0,correct
DFDC,1658,sfqdprsuqs,0,0.3898743140614695,0.52001812102066147,0.081943000000000002,0.22876210200927191,0,correct
DFDC,1659,sfrenczzkp,0,0.48752923938445747,0.81759466649964452,0.022187999999999999,0.28407706191911619,0,correct
DFDC,1660,sfuddhcgmz,0,0.67514181882143021,0.20832789409905672,0.096945000000000003,0.15926970917078853,0,correct
DFDC,1661,sgioeisgpb,0,0.79388716351240873,0.69784775626612827,0.41308499999999998,0.51755393505545888,1,false_accept
DFDC,1662,sgltnomzxa,0,0.21441408013924956,0.016207373177167028,0.007476,0.020442315960112589,0,correct
DFDC,1663,shqlexisia,0,0.24987884712754749,0.24543444786104374,0.059728000000000003,0.1249474767146905,0,correct
DFDC,1664,shvrqolzzv,0,0.3181774711702019,0.25285596936009824,0.019628,0.10452386436653956,0,correct
DFDC,1665,sibqpaxxpm,0,0.041470136842690408,0.028099690011003986,0.067364999999999994,0.05429066384543571,0,correct
DFDC,1666,siewyjteen,0,0.020145512040471658,0.0031948134128469974,0.0040200000000000001,0.0045787196258776823,0,correct
DFDC,1667,sjkfrlkluq,0,0.79606041504490765,0.35900315004701333,0.17963899999999999,0.26426931576634938,0,correct
DFDC,1668,sjkwhuqlzn,0,0.63352237828075886,0.75304935360327363,0.081087000000000006,0.31029747499502003,1,false_accept
DFDC,1669,sjljqwwndm,0,0.17552006716141477,0.13507001438119914,0.14774799999999999,0.14533320767243046,0,correct
DFDC,1670,sjonmaxwiy,0,0.36146759670227768,0.20328005164240798,0.094066999999999998,0.14020094532783628,0,correct
DFDC,1671,skbvxlbjah,0,0.11804366318715943,0.061752219994862877,0.064217999999999997,0.066169549157816837,0,correct
DFDC,1672,skgvcqsomj,0,0.86445104517042637,0.93510387372225523,0.16922400000000001,0.43374931437519793,1,false_accept
DFDC,1673,skiowgtbby,0,0.72735813452351483,0.45618520989533395,0.33962999999999999,0.39398296969477592,1,false_accept
DFDC,1674,sklxfrzqmo,0,0.97369855642318726,0.99935907125473022,0.38719799999999999,0.60017134919757842,1,false_accept
DFDC,1675,sktbwrevfl,0,0.2609185955952853,0.054098929380415939,0.21757000000000001,0.17069610859388906,0,correct
DFDC,1676,skuvtmpxab,0,0.30653414054540917,0.094616385591507424,0.085792999999999994,0.099477072704722683,0,correct
DFDC,1677,sljfomnlcy,0,0.5862186014652252,0.56107577830553057,0.196127,0.32511621356492043,1,false_accept
DFDC,1678,slrkbnzciq,0,0.0058017125593323726,0.0038724818768969271,0.0047489999999999997,0.0045386801910356966,0,correct
DFDC,1679,sltxiaqujp,0,0.22489355702794367,0.084193652262911201,0.020569,0.049872623530270548,0,correct
DFDC,1680,smdfhsamma,0,0.53280319770177209,0.73154264688491821,0.16123299999999999,0.35090440395056405,1,false_accept
DFDC,1681,smockxjftd,0,0.63376330817118287,0.62178352638147771,0.076760999999999996,0.26811787332300246,0,correct
DFDC,1682,smykweuttm,0,0.10024952458878679,0.072914156537022323,0.0064130000000000003,0.031055173190546039,0,correct
DFDC,1683,snklmypoak,0,0.41971303662285209,0.17366536652843934,0.017298000000000001,0.084328961789674403,0,correct
DFDC,1684,snqpskdeqz,0,0.084125396751915105,0.0034818018684745766,0.0026199999999999999,0.0069538103981381279,0,correct
DFDC,1685,snsnifxref,0,0.44478189945220947,0.44164495666821796,0.079571000000000003,0.20645373197307584,0,correct
DFDC,1686,spwzvygcch,0,0.22876842611003667,0.020587164879543707,0.45616000000000001,0.31411857076936495,1,false_accept
DFDC,1687,sqlmwdmufc,0,0.48996320751405531,0.51864887533649318,0.086300000000000002,0.23618782297665072,0,correct
DFDC,1688,sqnjposhqg,0,0.83588564209640026,0.66845595784252509,0.20174900000000001,0.37346791945757751,1,false_accept
DFDC,1689,sqzkgusoxn,0,0.88495510816574097,0.99790436774492264,0.098699999999999996,0.40777406573176389,1,false_accept
DFDC,1690,srijptwneh,0,0.48934647440910339,0.9915773868560791,0.086570999999999995,0.37821168977727887,1,false_accept
DFDC,1691,srswvzdsnl,0,0.28291272735805251,0.20135731457412476,0.23691699999999999,0.22854888074014004,0,correct
DFDC,1692,srtnwxgpgi,0,0.70997031884534023,0.69675729601156144,0.38192199999999998,0.49277500474573543,1,false_accept
DFDC,1693,sscibgdcgx,0,0.55681310713291166,0.79833135247230524,0.11892,0.34463806109833711,1,false_accept
DFDC,1694,ssdjamxcqn,0,0.26456835400313139,0.52944130111219623,0.17377899999999999,0.28501715803381544,0,correct
DFDC,1695,sstwztxtel,0,0.6612596595659852,0.58813189106876962,0.16656399999999999,0.31776915029893016,1,false_accept
DFDC,1696,ssvnneaefb,0,0.032763168070232496,0.0098708219957188703,0.112502,0.077725705002227294,0,correct
DFDC,1697,stjicmzkee,0,0.19634792843135074,0.22665748534927843,0.020569,0.091184492026351066,0,correct
DFDC,1698,stseimzrmm,0,0.31573795530130155,0.19570520124398172,0.039976999999999999,0.10048350813825958,0,correct
DFDC,1699,stwnwpdhcn,0,0.016063873670645989,0.0033825174759840593,0.0026830000000000001,0.0035618989263275173,0,correct
DFDC,1700,suabyiwsci,0,0.23713425643742084,0.35652132909744977,0.090981999999999993,0.17795141155110597,0,correct
DFDC,1701,suacjtzdba,0,0.72726642340421677,0.91684499134620034,0.34770899999999999,0.53742766857407098,1,false_accept
DFDC,1702,subgpmoygk,0,0.32205390627495944,0.1246136838090024,0.077410000000000007,0.1038033004564487,0,correct
DFDC,1703,suhxghtiwb,0,0.77616134798154235,0.80673202633624896,0.017752,0.2923664752999518,0,correct
DFDC,1704,suywgylpye,0,0.4475654773414135,0.57870408697635867,0.204655,0.32901524995997827,1,false_accept
DFDC,1705,svagokzsck,0,0.49219570989194122,0.4977926573027735,0.023607,0.1892921326854291,0,correct
DFDC,1706,svfxalpbdd,0,0.25967755273450166,0.14837603767227847,0.016301,0.068092338938408631,0,correct
DFDC,1707,svjlyytvce,0,0.64387272763997316,0.28657346550608054,0.52607899999999996,0.46011702603382282,1,false_accept
DFDC,1708,svmwblfabh,0,0.28564285318134353,0.20364018085820135,0.033932999999999998,0.097430646916527586,0,correct
DFDC,1709,svwpwniipm,0,0.39131230350445817,0.27643534311748763,0.15151200000000001,0.2009790181104692,0,correct
DFDC,1710,swaqyzndsq,0,0.22973651260448,0.097102113417349756,0.042550999999999999,0.06827560965542892,0,correct
DFDC,1711,swavbxcylk,0,0.49204079310099286,0.51644160350163781,0.034583999999999997,0.20201412070554098,0,correct
DFDC,1712,swbglzfapj,0,0.78923210129141808,0.19967674558574799,0.072854000000000002,0.14671972874029529,0,correct
DFDC,1713,sweezkaruk,0,0.4930031994978587,0.18394798381874958,0.13206899999999999,0.16567940512051779,0,correct
DFDC,1714,swqphoelhz,0,0.49325823038816452,0.51183900702744722,0.037615999999999997,0.20266501362764239,0,correct
DFDC,1715,swstzekffu,0,0.20814586203778163,0.015281940039130859,0.021704000000000001,0.029099475113628339,0,correct
DFDC,1716,swvfigjbec,0,0.40072662348393351,0.045698167683440261,0.0085260000000000006,0.039287681479228759,0,correct
DFDC,1717,sxwqnllgxa,0,0.81069375667721033,0.84796152589842677,0.02828,0.31330514560338851,1,false_accept
DFDC,1718,sxynsrmvii,0,0.71683133952319622,0.47619074734393507,0.24014099999999999,0.33479044117934031,1,false_accept
DFDC,1719,sygzijgurs,0,0.44232863187789917,0.89940841495990753,0.049389000000000002,0.32404180608186722,1,false_accept
DFDC,1720,syocpzlrnm,0,0.71383702382445335,0.40405190241290256,0.21538599999999999,0.29690832191509342,0,correct
DFDC,1721,sypcutvyob,0,0.31250354216899723,0.34827005158877,0.049093999999999999,0.15201729258508087,0,correct
DFDC,1722,syqsfstzuj,0,0.4467104795621708,0.003269632190495031,0.0094859999999999996,0.029482313635257048,0,correct
DFDC,1723,syycfxhmjl,0,0.57474462827667594,0.54213487601373345,0.208482,0.32689099421795387,1,false_accept
DFDC,1724,szfrjmhmdp,0,0.13205062109045684,0.017464106989791617,0.15683900000000001,0.11378711315146034,0,correct
DFDC,1725,tanawodmtl,0,0.42031986219808459,0.37259477324550971,0.48387999999999998,0.44731642508355712,1,false_accept
DFDC,1726,tanzskrclt,0,0.096463828968505069,0.055534672302504383,0.082078999999999999,0.074834943139176574,0,correct
DFDC,1727,tapgukftmq,0,0.064845515385968611,0.11197265695955139,0.085661000000000001,0.092513722857163846,0,correct
DFDC,1728,tawrcnoaee,0,0.028886143496492878,0.0083839952640119009,0.024674999999999999,0.019998255754028214,0,correct
DFDC,1729,tbisomeqld,0,0.032022981904447079,0.004930805109324865,0.14019899999999999,0.094209740628019817,0,correct
DFDC,1730,tbjkasnrvm,0,0.60185531806200743,0.55688446381827816,0.058874999999999997,0.23542685504858379,0,correct
DFDC,1731,tboayrldth,0,0.30483434593770653,0.23883205757010728,0.010468999999999999,0.093696184567917506,0,correct
DFDC,1732,tbqaiodpnc,0,0.70971110928803682,0.54782398045063019,0.0084720000000000004,0.20533954959959091,0,correct
DFDC,1733,tbsaqpweym,0,0.41820177435874939,0.017485408112406731,0.34056700000000001,0.24752426115165951,0,correct
DFDC,1734,tbscivvrjc,0,0.74423773121088743,0.39926893942174502,0.40448899999999999,0.41991041838706789,1,false_accept
DFDC,1735,tbstcwzmyi,0,0.067890051542030233,0.0052936805952941215,0.075974,0.054365706755689747,0,correct
DFDC,1736,tbtncnmbbw,0,0.014369820404681377,0.0035597317255451344,0.011993,0.0095818605378976095,0,correct
DFDC,1737,tcdjzwxqgz,0,0.64767532516270876,0.92095485934987664,0.017735999999999998,0.3201986240630984,1,false_accept
DFDC,1738,tcdrqavite,0,0.16141553106717765,0.027431684378825594,0.11196399999999999,0.08907688186700656,0,correct
DFDC,1739,tclokkmlnn,0,0.82540697167659627,0.17151738738576913,0.122278,0.17220626479956055,0,correct
DFDC,1740,tcxbcsyfli,0,0.50846468331292272,0.24220654062810354,0.16552,0.20567319635407721,0,correct
DFDC,1741,tdasmebnfy,0,0.038223822528379969,0.036198987843818031,0.145236,0.10717428747956441,0,correct
DFDC,1742,tdbcpqfqlf,0,0.30604117154143751,0.49725236947415397,0.060227000000000003,0.20362531941931805,0,correct
DFDC,1743,tdcnlalsci,0,0.49605044722557068,0.5451321005821228,0.092266000000000001,0.24831505253591535,0,correct
DFDC,1744,tefavqkkyy,0,0.18743804030236788,0.031681431813922245,0.045449999999999997,0.048418831559295064,0,correct
DFDC,1745,teivznufrz,0,0.7586462190374732,0.84241925342939794,0.54648699999999995,0.64587463698069303,1,false_accept
DFDC,1746,tetbixosgt,0,0.36975572613300756,0.26298878823581617,0.190326,0.22109632277739524,0,correct
DFDC,1747,tfmhucnckv,0,0.41952927689999342,0.67701600724831223,0.0056150000000000002,0.22773101601949336,0,correct
DFDC,1748,tggydjvypz,0,0.38287141140211711,0.59519047565250238,0.068967000000000001,0.24252926326585655,0,correct
DFDC,1749,theqvgscdr,0,0.83526446297764778,0.31205902370857075,0.29067199999999999,0.32431773026145361,1,false_accept
DFDC,1750,thmnujvqmf,0,0.49022933933883905,0.43884420860558748,0.120782,0.23467302954861818,0,correct
DFDC,1751,thtjatduhw,0,0.67797329719178379,0.41925397684099153,0.036602000000000003,0.18346615791188667,0,correct
DFDC,1752,tiigmvcmnp,0,0.71763545228168368,0.482613080082956,0.101109,0.24638654663897097,0,correct
DFDC,1753,tilahrdnti,0,0.44878370850346982,0.20625476661371067,0.090555999999999998,0.14317701540928668,0,correct
DFDC,1754,tiomxlykcc,0,0.47471105447039008,0.16864186975726625,0.047971,0.10550926365069939,0,correct
DFDC,1755,tiqtlmxrqa,0,0.31002244888804853,0.10155006626155227,0.023188,0.06103834232286811,0,correct
DFDC,1756,tiupqqkfnf,0,0.82383903721347451,0.22818067838670686,0.083934999999999996,0.16420390537668578,0,correct
DFDC,1757,tivxvhglfd,0,0.33728846286733943,0.07706301929429174,0.44180799999999998,0.32715852893165448,1,false_accept
DFDC,1758,tjubcguwnz,0,0.21271720388904214,0.21568882720021065,0.103704,0.14275010835451529,0,correct
DFDC,1759,tkjyoqcaok,0,0.94981510564684868,0.99940610304474831,0.37492599999999998,0.59101448619576691,1,false_accept
DFDC,1760,tkrtfvyuxq,0,0.47549860176513903,0.24756677215191303,0.098255999999999996,0.16191136173383086,0,correct
DFDC,1761,tkvqsgrwzn,0,0.10018585639772937,0.055429749481845647,0.13212199999999999,0.10751751766444016,0,correct
DFDC,1762,tlodqfdcyi,0,0.41331828099030715,0.21649243195469564,0.49649199999999999,0.40833344363592405,1,false_accept
DFDC,1763,tmisofouzy,0,0.20344872080854007,0.20143945628244961,0.217474,0.2119623729251619,0,correct
DFDC,1764,tmstlylsbh,0,0.78354746103286743,0.48714152872562411,0.58262700000000001,0.56402738166933064,1,false_accept
DFDC,1765,tnkaykvknw,0,0.84120861254632473,0.82937783095985651,0.021242,0.30468107991527321,1,false_accept
DFDC,1766,tnsxdfqwsy,0,0.026746941730380058,0.014528943225741386,0.38342900000000002,0.25492488005424147,0,correct
DFDC,1767,tnwggnluhe,0,0.49637310742400587,0.2816999861606746,0.11890100000000001,0.18661430121940267,0,correct
DFDC,1768,tnxlybehrg,0,0.16308894517715089,0.050153924479673151,0.040319000000000001,0.049407974602759488,0,correct
DFDC,1769,todksszfff,0,0.27736110569094308,0.24816935221315362,0.040058000000000003,0.11435656094849324,0,correct
DFDC,1770,todlsxplvp,0,0.22680953046074137,0.056994956801645458,0.032219999999999999,0.049381963563530709,0,correct
DFDC,1771,todpqahhez,0,0.71747364569455385,0.60537851112894714,0.27943600000000002,0.39912063562341188,1,false_accept
DFDC,1772,togmqlyfxv,0,0.37713494400183362,0.72558906674385071,0.074852000000000002,0.28518726722324689,0,correct
DFDC,1773,tplufxepip,0,0.79393034055829048,0.43908018403453752,0.81474100000000005,0.7010022222382758,1,false_accept
DFDC,1774,tpmlulgsof,0,0.039566230188938789,0.017262879307963885,0.25913199999999997,0.1755929753018361,0,correct
DFDC,1775,tpoqjgwbto,0,0.14377070730552077,0.10140938652330078,0.039272000000000001,0.063138151322266273,0,correct
DFDC,1776,tppjkvwuxg,0,0.58847421407699585,0.8384934663772583,0.147457,0.37681880061702727,1,false_accept
DFDC,1777,tptjrdhedk,0,0.48413361504208297,0.42041613440960646,0.16464699999999999,0.25735207107498609,0,correct
DFDC,1778,tptvlqrque,0,0.56731361746788023,0.91933120489120479,0.17275199999999999,0.4164538423407555,1,false_accept
DFDC,1779,tqpcpbckth,0,0.016517327516339719,0.0037424501206260175,0.0039529999999999999,0.0045180514120047918,0,correct
DFDC,1780,trjdayzyeh,0,0.081293650902807713,0.019864428990210094,0.015436999999999999,0.020058061242203412,0,correct
DFDC,1781,trrcxiluqv,0,0.02793358010603697,0.082029911121935584,0.0081790000000000005,0.031322002341882524,0,correct
DFDC,1782,tryxjtkrsv,0,0.09916954772779718,0.042517929490713868,0.013851,0.02671700623360402,0,correct
DFDC,1783,tsvubwmzpd,0,0.63601240462490494,0.42917869426310062,0.060977000000000003,0.20018927851017543,0,correct
DFDC,1784,tsyaedrpoi,0,0.18607671913923696,0.021101076785271289,0.065369999999999998,0.058124658992543231,0,correct
DFDC,1785,tsyqgbumtj,0,0.58359042089432478,0.65726459491997957,0.011113,0.23358234952071011,0,correct
DFDC,1786,ttbpudpuvo,0,0.19175713614095002,0.13665877627499867,0.216838,0.1915301896895471,0,correct
DFDC,1787,ttcbzsobnn,0,0.27188087539980188,0.11838987615919905,0.036452999999999999,0.072805456617749814,0,correct
DFDC,1788,ttnswylejw,0,0.076153659654664807,0.026779073101351969,0.097502000000000005,0.075217704913138839,0,correct
DFDC,1789,tudfebzcdb,0,0.050002052493038629,0.011717226827472803,0.21853600000000001,0.14806367067289378,0,correct
DFDC,1790,tufvaetxqx,0,0.31634878899369923,0.23675223266971962,0.28065499999999999,0.26926885925060084,0,correct
DFDC,1791,tujtgfidlj,0,0.21023415820673108,0.13853777069743956,0.040446999999999997,0.078363589119568422,0,correct
DFDC,1792,tvavcbdjsr,0,0.23525251843966544,0.10337848542258143,0.24385299999999999,0.2012806215487577,0,correct
DFDC,1793,tvfcpzaihz,0,0.71427941258298233,0.42875387089588912,0.048785000000000002,0.19605038189791582,0,correct
DFDC,1794,tvkpcjsuhz,0,0.64617843634914607,0.59740581113146618,0.014468999999999999,0.22093551515689716,0,correct
DFDC,1795,tvodxdwhbs,0,0.19187308509241452,0.15100532905621963,0.063801999999999998,0.096366552971486621,0,correct
DFDC,1796,tvtvdsjhra,0,0.10666593274800107,0.058693712941021658,0.059644999999999997,0.061710660519706549,0,correct
DFDC,1797,tvvgpjrjff,0,0.62963579408824444,0.60036686708917841,0.222081,0.35594449983116577,1,false_accept
DFDC,1798,twgqagwjfc,0,0.76504646171815693,0.78995668940478936,0.053350000000000002,0.3099168299073447,1,false_accept
DFDC,1799,twkrthefbh,0,0.23699060594663024,0.046426925677224062,0.090010000000000007,0.084284108000498736,0,correct
DFDC,1800,twoczezrky,0,0.30787824936851393,0.12936701872240519,0.015169,0.064063868085147246,0,correct
DFDC,1801,twvwytkmbz,0,0.17986445291899145,0.014255803129344713,0.12132,0.092127963584752989,0,correct
DFDC,1802,txfpqnddbf,0,0.29020473267883062,0.35470898990752175,0.094676999999999997,0.18246298360619806,0,correct
DFDC,1803,txioeqtbnn,0,0.045245471921178601,0.022207505565377011,0.20851600000000001,0.14445992526567206,0,correct
DFDC,1804,txnxlqbrpg,0,0.25352473074899001,0.71763127603951626,0.026241,0.24502226934930438,0,correct
DFDC,1805,txopqsqmjv,0,0.68502468379835291,0.5320855523304393,0.65929400000000005,0.62241799988904944,1,false_accept
DFDC,1806,txwkxwolmh,0,0.37545655807480216,0.086361156427301466,0.084308999999999995,0.099482024831930554,0,correct
DFDC,1807,tyckfolysz,0,0.048699501538067125,0.082766495288524311,0.058223999999999998,0.065110523663460651,0,correct
DFDC,1808,tyujgzhqmu,0,0.84430387988686562,0.7641712071490474,0.028316999999999998,0.28987260613905746,0,correct
DFDC,1809,tzatobxhhw,0,0.5017359817866236,0.38103538102586754,0.20407900000000001,0.27204876339709144,0,correct
DFDC,1810,tztyedokcs,0,0.15090747614158317,0.12724369371426292,0.029191000000000002,0.064692631921358032,0,correct
DFDC,1811,tzuyhfgoxq,0,0.49293879512697458,0.53292128443717957,0.018995999999999999,0.19687072508750261,0,correct
DFDC,1812,uaabmxnawj,0,0.79783962201327085,0.5860844885755796,0.034790000000000001,0.23833082767333744,0,correct
DFDC,1813,uaozewngpr,0,0.067850581588572823,0.020879368661553599,0.032315000000000003,0.030661089677894725,0,correct
DFDC,1814,uaqpgefgfo,0,0.54114165914154821,0.35676597736235105,0.035255000000000002,0.15700262616578273,0,correct
DFDC,1815,uatoypjdks,0,0.25153731650789268,0.067215230839792639,0.116399,0.10840078507733243,0,correct
DFDC,1816,uawmtvsmss,0,0.17736772686475888,0.18537203308369499,0.056224000000000003,0.10102559626834644,0,correct
DFDC,1817,ubudqmworx,0,0.09299031387490686,0.008605339920904953,0.087345000000000006,0.064005367670016841,0,correct
DFDC,1818,ubuyxlepmk,0,0.16721864650025964,0.034422520831867587,0.0093760000000000007,0.024782088574573258,0,correct
DFDC,1819,ubwndzqaly,0,0.56981327477842569,0.31634807935915887,0.038862000000000001,0.14865538754666896,0,correct
DFDC,1820,ubxuvqbgpf,0,0.083734093233942986,0.0059066519606858492,0.018165000000000001,0.017765950249902903,0,correct
DFDC,1821,uchlaqxdep,0,0.50927310041151941,0.051787891374260653,0.17377500000000001,0.15395377243285419,0,correct
DFDC,1822,ucilullezn,0,0.016315316315740347,0.0031483695129281841,0.013572000000000001,0.010582076669665473,0,correct
DFDC,1823,udbleyoyxv,0,0.87646332052018905,0.9992877774768405,0.30075299999999999,0.53909894926906154,1,false_accept
DFDC,1824,udfhiudvmp,0,0.21462972729932517,0.017018936792737804,0.0091769999999999994,0.021802217402787601,0,correct
DFDC,1825,udigsohzyk,0,0.49149598088115454,0.44751399382948875,0.017611000000000002,0.17027614719290435,0,correct
DFDC,1826,udiktfvzmi,0,0.11200763087254018,0.060786342546634842,0.12144099999999999,0.10277293430761746,0,correct
DFDC,1827,udjpclzycy,0,0.18975295274867676,0.073579764422902372,0.039886999999999999,0.057488126964304546,0,correct
DFDC,1828,ufjsasrahi,0,0.34912198303001268,0.5550597703882626,0.103161,0.25102868026797942,0,correct
DFDC,1829,ufkonhkmvy,0,0.3485582354478538,0.21802079715416767,0.014205000000000001,0.092067400918642989,0,correct
DFDC,1830,ufwlmskile,0,0.21769223711453378,0.2998018042781041,0.175839,0.2151205031391579,0,correct
DFDC,1831,ufycjvtbah,0,0.40510035802920658,0.0762744928865383,0.23341300000000001,0.19485581576742184,0,correct
DFDC,1832,ugbkpruchm,0,0.49143992178142071,0.231975635048002,0.011036000000000001,0.10133808660347164,0,correct
DFDC,1833,ugjufnjjfr,0,0.47760341211687773,0.3694013422500575,0.071527999999999994,0.18119377328086111,0,correct
DFDC,1834,ugltflvwwy,0,0.5696445802847544,0.086584200461705521,0.099598999999999993,0.11919683915274938,0,correct
DFDC,1835,ugnghsagwj,0,0.064202420784567948,0.013075251888949424,0.16838800000000001,0.11658489660591323,0,correct
DFDC,1836,uhfzokljql,0,0.45726205199025571,0.46644571557408199,0.29238199999999998,0.3528451172717374,1,false_accept
DFDC,1837,uhgvietyvk,0,0.43650153011549264,0.23900412009970751,0.20166000000000001,0.22460531253568689,0,correct
DFDC,1838,uierzdtsyj,0,0.18973420158727095,0.099609456068719737,0.018939999999999999,0.051680546899979467,0,correct
DFDC,1839,uifyrmvjok,0,0.16040335933212191,0.76567781734047458,0.071853,0.28442796316874847,0,correct
DFDC,1840,uisjneludb,0,0.89306983537971973,0.99909599497914314,0.23777400000000001,0.49893539026272893,1,false_accept
DFDC,1841,ujbwzfrgef,0,0.84267249424010515,0.75429719680687413,0.264571,0.44039393375406749,1,false_accept
DFDC,1842,ujedabedny,0,0.45006595551967621,0.69659292697906494,0.188252,0.35384497586970332,1,false_accept
DFDC,1843,ujsllknpud,0,0.26543152262456715,0.20521304808062268,0.242533,0.23248194055541516,0,correct
DFDC,1844,ujtmofylqd,0,0.37271986829000525,0.34637588055920787,0.089147000000000004,0.18049430758226262,0,correct
DFDC,1845,ujuixqmtgv,0,0.1715687857940793,0.11335472969221883,0.038421999999999998,0.067559158197369615,0,correct
DFDC,1846,ukipcuvxnv,0,0.84564611408859491,0.94444856606423855,0.032996999999999999,0.34706492552370133,1,false_accept
DFDC,1847,ukrpdhzuay,0,0.47195259730021161,0.4132372836271922,0.017274999999999999,0.15879756495316824,0,correct
DFDC,1848,ukvypmutjx,0,0.65461348493893945,0.59119424223899841,0.52920500000000004,0.55407219691864651,1,false_accept
DFDC,1849,ulidammlcn,0,0.51438435004092753,0.60184380313148722,0.39659,0.46405585844149255,1,false_accept
DFDC,1850,ulotgvulpq,0,0.27368292561732233,0.34693826321745291,0.012885000000000001,0.12614087524610199,0,correct
DFDC,1851,ulpybqohxy,0,0.56084814039058983,0.48996872932184488,0.016497999999999999,0.18575672581608293,0,correct
DFDC,1852,umaogdvdoi,0,0.023835735948523507,0.0046812840955681168,0.054148000000000002,0.037792372026096616,0,correct
DFDC,1853,umzciyfjga,0,0.019321004961966537,0.012004342395812273,0.016341000000000001,0.015189002966842009,0,correct
DFDC,1854,umzqlgfmmm,0,0.030876685894327238,0.083643657620996237,0.025368999999999999,0.043126781581015232,0,correct
DFDC,1855,unmmeylhoh,0,0.13711982776294462,0.25836770396563224,0.026814999999999999,0.10179605257783689,0,correct
DFDC,1856,unocrtezsh,0,0.42306394199840724,0.13592285921185976,0.093155000000000002,0.12248080486347829,0,correct
DFDC,1857,unvwlolhcc,0,0.19397733538062312,0.40040818341367412,0.0098259999999999997,0.13620822179313338,0,correct
DFDC,1858,uoosrpbsgs,0,0.12242831613706506,0.089480739147604807,0.055639000000000001,0.069130987551134698,0,correct
DFDC,1859,uowvuzdfir,0,0.022466996117145754,0.036052230800123652,0.012493000000000001,0.020059469045894385,0,correct
DFDC,1860,upikmnzqil,0,0.20652274157980394,0.16837855728728504,0.020153000000000001,0.073939154265175708,0,correct
DFDC,1861,uplgwnaknt,0,0.34519449155777693,0.24553157666377956,0.014813,0.10054764757702271,0,correct
DFDC,1862,upmfhdbvls,0,0.49259440321475267,0.096400418609846383,0.017739000000000001,0.065080195743691546,0,correct
DFDC,1863,upqfnqboyp,0,0.49137974447674221,0.53680213954713607,0.14272599999999999,0.27838152908797792,0,correct
DFDC,1864,upshqgiqiu,0,0.44050638843327761,0.063288921861385461,0.033758000000000003,0.062954695980079522,0,correct
DFDC,1865,upuvtstvpe,0,0.1552915828578989,0.026387949088530149,0.014907999999999999,0.02537116386945399,0,correct
DFDC,1866,uqmqobkfgj,0,0.24740625973208807,0.10557370127935428,0.035852000000000002,0.067346223370410685,0,correct
DFDC,1867,uqzhfuwvvx,0,0.050835973233915865,0.042914092307910323,0.030188,0.035038226354068891,0,correct
DFDC,1868,urevdilsmg,0,0.51646570162847638,0.34658157790545374,0.31502799999999997,0.33456595845305992,1,false_accept
DFDC,1869,urfoksqfhb,0,0.75522026838734746,0.97743546217679977,0.129971,0.41547280207240733,1,false_accept
DFDC,1870,urnuhkhawx,0,0.36115348159239208,0.1128486498933414,0.058195999999999998,0.089739669047622025,0,correct
DFDC,1871,urnxwmiadp,0,0.26294234575470909,0.055022569056745851,0.126334,0.11177098800475921,0,correct
DFDC,1872,urolvpfaku,0,0.85990549670532346,0.72065684643166605,0.71473100000000001,0.72376747876476599,1,false_accept
DFDC,1873,urttfsqalf,0,0.14710229955380782,0.17782480414462043,0.085692000000000004,0.11640235622107652,0,correct
DFDC,1874,usbauwaxqm,0,0.21466927365823227,0.15648757031356747,0.174258,0.17094743477698185,0,correct
DFDC,1875,usikjewaow,0,0.86807522457093,0.98606600053608418,0.20924100000000001,0.47523021138937177,1,false_accept
DFDC,1876,usntgcfymj,0,0.47257110010832548,0.33640667051076889,0.109289,0.19558840615864695,0,correct
DFDC,1877,usrimdndpz,0,0.29780682623386384,0.1678509756922722,0.66126799999999997,0.49506983401937482,1,false_accept
DFDC,1878,ussmdrbooe,0,0.097982481122016907,0.49341550469398499,0.059841999999999999,0.19182107546429633,0,correct
DFDC,1879,utmreceenv,0,0.66068223328329623,0.51435568774468265,0.043014999999999998,0.21530056798756961,0,correct
DFDC,1880,utnlkhoztg,0,0.012043315189657733,0.0071501246093248483,0.026886,0.020223103142280343,0,correct
DFDC,1881,utsdfokkfj,0,0.97557888180017471,0.99937485158443451,0.107545,0.41849564956533908,1,false_accept
DFDC,1882,utsptenpdk,0,0.72930661635473371,0.53820167755475268,0.25801299999999999,0.36563428408416249,1,false_accept
DFDC,1883,utxjzslkth,0,0.12699793372303247,0.030192531852258578,0.21820300000000001,0.1572396062418292,0,correct
DFDC,1884,utxyqzeusj,0,0.69108967715874314,0.67257255350705236,0.0092639999999999997,0.24234784991005284,0,correct
DFDC,1885,uuakhgfmth,0,0.52034205521146459,0.33496513447413839,0.028679,0.14514799310281476,0,correct
DFDC,1886,uubdueeges,0,0.35824823523721389,0.33542056321617097,0.032592999999999997,0.13972403072671197,0,correct
DFDC,1887,uuhoublzry,0,0.3159434871127208,0.38720491006970403,0.070247000000000004,0.17761919737654724,0,correct
DFDC,1888,uupabueifu,0,0.44175050035119057,0.20520830759778619,0.13531699999999999,0.1716060672968954,0,correct
DFDC,1889,uuvedbbzrf,0,0.55096742860041559,0.7312156786210835,0.018463,0.25891402501634581,0,correct
DFDC,1890,uvbfugapjx,0,0.13547342631500214,0.010298443885403685,0.047202000000000001,0.040544504481371216,0,correct
DFDC,1891,uvfaiqerit,0,0.022306117229163647,0.0089932619448518381,0.0040150000000000003,0.0064230344449137345,0,correct
DFDC,1892,uvqjttbiwn,0,0.097252128225180409,0.08002409123394999,0.069597000000000006,0.07410788378144402,0,correct
DFDC,1893,uvwfcbkusp,0,0.80685474723577499,0.54052842711098492,0.15490999999999999,0.30319276549508423,1,false_accept
DFDC,1894,uwejcxzklo,0,0.51819306029938161,0.085309811714978423,0.0048320000000000004,0.05464339652946261,0,correct
DFDC,1895,uwnlvfzzfj,0,0.88200493715703487,0.72928641189355403,0.019925999999999999,0.27583807042591796,0,correct
DFDC,1896,uxmpcfbyel,0,0.47746160137467086,0.23421874212363036,0.021871999999999999,0.10835550270582264,0,correct
DFDC,1897,uxmvubcsya,0,0.26578911015531048,0.30712636602402199,0.097548999999999997,0.16883421531497211,0,correct
DFDC,1898,uxoegbizbe,0,0.91462073661386967,0.95313521474599838,0.51452399999999998,0.666112201254493,1,false_accept
DFDC,1899,uxtrutsgaf,0,0.14585151794281873,0.11868112974546173,0.26260600000000001,0.21359081482077946,0,correct
DFDC,1900,uxuwyzmqop,0,0.62411011848598719,0.49675553315319121,0.046302999999999997,0.21032911587025671,0,correct
DFDC,1901,uxvbapmqcx,0,0.66443533556801937,0.58155230539185665,0.17912400000000001,0.32411805839595798,1,false_accept
DFDC,1902,uxwbbdivfr,0,0.72956484090536833,0.62293574935756624,0.45144000000000001,0.51679496685253834,1,false_accept
DFDC,1903,uyamclkxsb,0,0.20987591240555048,0.0065844657947309315,0.054897000000000001,0.048152185358696808,0,correct
DFDC,1904,uyhmbstunf,0,0.83142796158790588,0.95791880738350654,0.37099199999999999,0.57009184029444726,1,false_accept
DFDC,1905,uykrbemiih,0,0.5020926387514919,0.0039693284597888123,0.006378,0.030441130475511238,0,correct
DFDC,1906,uyophgsnas,0,0.53959408916276075,0.60469894676372926,0.162076,0.31373878848725684,1,false_accept
DFDC,1907,uyrnxxyymk,0,0.043369026781874709,0.073595325549831614,0.115496,0.099319449004043214,0,correct
DFDC,1908,uyynhjtsji,0,0.65169948432594538,0.75598526129033417,0.78246400000000005,0.76798215260339753,1,false_accept
DFDC,1909,uyysbsouzq,0,0.64518162049353123,0.76955841772723943,0.022498000000000001,0.27775030634284842,0,correct
DFDC,1910,uyzpbkbtov,0,0.083740573318209499,0.095292598380183335,0.070659,0.078703158179965482,0,correct
DFDC,1911,uzhovrjnfw,0,0.43103618803434074,0.11687288589018863,0.21095800000000001,0.19373637516877365,0,correct
DFDC,1912,uzlgzdnzvw,0,0.88066823501139879,0.94566445052623749,0.021668,0.34181694690844117,1,false_accept
DFDC,1913,uzscrcxcrx,0,0.565412572119385,0.41226471323170699,0.094667000000000001,0.21348359257548133,0,correct
DFDC,1914,uzuvajrtev,0,0.11401578836375847,0.1977314678078983,0.034054000000000001,0.087155329760557412,0,correct
DFDC,1915,vadklsyzpz,0,0.15031314140651375,0.040803978194162482,0.095382999999999996,0.081755800528574424,0,correct
DFDC,1916,vaqxglzrne,0,0.49289395251581747,0.42350651996750988,0.017187999999999998,0.16286885361604383,0,correct
DFDC,1917,vatxaxfrjl,0,0.4899144172668457,0.4612584114074707,0.050885,0.1959484942855835,0,correct
DFDC,1918,vbawjpkyht,0,0.22899886593222618,0.010655118618160486,0.047613999999999997,0.045595578882059458,0,correct
DFDC,1919,vbddavndmw,0,0.23839530674740672,0.48922943463549018,0.037062999999999999,0.18277954572801738,0,correct
DFDC,1920,vbidmwiwfh,0,0.1700405404844787,0.17114549389225431,0.15224799999999999,0.15880687519190023,0,correct
DFDC,1921,vbmzfsoqgd,0,0.4357368230819702,0.41936445236206055,0.62224400000000002,0.55205477686271665,1,false_accept
DFDC,1922,vbslmjasla,0,0.45036985129117968,0.012879425240680576,0.011292,0.033722120136763158,0,correct
DFDC,1923,vcdzathzyu,0,0.18749754974851385,0.53855727647896856,0.037279,0.19517341043111627,0,correct
DFDC,1924,vcnjactasz,0,0.47942112211603671,0.34222887430223636,0.799211,0.64612686839647282,1,false_accept
DFDC,1925,vdbggrqsry,0,0.78765487670898438,0.7847619962412864,0.0085920000000000007,0.28039614270783514,0,correct
DFDC,1926,vdbxiqfuns,0,0.046847614998114295,0.032204386698140297,0.0058320000000000004,0.015794496759347805,0,correct
DFDC,1927,vdizgdlmeb,0,0.033863122196635231,0.0047543246764689684,0.033716000000000003,0.025034853512772456,0,correct
DFDC,1928,vdlgsuewna,0,0.22127473808359355,0.23093072988558561,0.092510999999999996,0.14047510586985537,0,correct
DFDC,1929,vdpjegfkzg,0,0.67971887858584523,0.59006078695529141,0.119644,0.28877278001587969,0,correct
DFDC,1930,vehyuuozbz,0,0.084167417255230248,0.018932943050458562,0.12264,0.089604253777899087,0,correct
DFDC,1931,veqzponpli,0,0.049927115833270364,0.043641705342452042,0.100998,0.081237567394399135,0,correct
DFDC,1932,vfaappkllb,0,0.59618341426054633,0.81006862123807266,0.021087999999999999,0.2865369570844491,0,correct
DFDC,1933,vfbaqjkzrm,0,0.19774182850960642,0.078693068295251578,0.044395999999999998,0.062352411914055793,0,correct
DFDC,1934,vfbneqgdhj,0,0.18754139123484492,0.14486211377516156,0.084408999999999998,0.10770155369429071,0,correct
DFDC,1935,vfbrbddbup,0,0.38382326878490858,0.16992436107830144,0.051901000000000003,0.10390412176273588,0,correct
DFDC,1936,vfjafumzgb,0,0.48433098569512367,0.51008543279021978,0.029454000000000001,0.19638727912182213,0,correct
DFDC,1937,vfmibchajl,0,0.81751593644730747,0.75144047439971473,0.023975,0.2818916891422798,0,correct
DFDC,1938,vfoahifgib,0,0.072961223821039312,0.14907277200836688,0.023976000000000001,0.063954292793562031,0,correct
DFDC,1939,vfzzcsqcdk,0,0.47990129888057709,0.47317972779273987,0.02375,0.18138648328185081,0,correct
DFDC,1940,vgcxmisqmh,0,0.30647379532456398,0.1503500227117911,0.18374099999999999,0.17986034657976552,0,correct
DFDC,1941,vghdtydtqx,0,0.29229571798350662,0.060236114753934089,0.224888,0.17886282032535558,0,correct
DFDC,1942,vgrvmxtqpx,0,0.08401925278095794,0.086612508349519751,0.027973000000000001,0.048367165143903823,0,correct
DFDC,1943,vhgewiurik,0,0.29038668319117278,0.22444240716140484,0.14737900000000001,0.17764840630798009,0,correct
DFDC,1944,viaobrvusg,0,0.31739127627224661,0.28730722333420999,0.16586600000000001,0.20987463081387533,0,correct
DFDC,1945,vicqsuiqwa,0,0.10797711300256196,0.027474795981106581,0.099872000000000002,0.078558094444460075,0,correct
DFDC,1946,vixscpeeox,0,0.57603837316855788,0.048421045750728808,0.064744999999999997,0.085412482383646543,0,correct
DFDC,1947,viyrusymko,0,0.15134369724546559,0.1151899151300313,0.037835000000000001,0.066716909401282665,0,correct
DFDC,1948,vjfhdfbhnk,0,0.30900945689063519,0.097343496701796539,0.033450000000000001,0.066396021855070722,0,correct
DFDC,1949,vjjcxoxifv,0,0.34726937382947654,0.12078247155295685,0.44005499999999997,0.33963396015736086,1,false_accept
DFDC,1950,vljqcifovd,0,0.21974954754114151,0.12192509695887566,0.34440199999999999,0.27142630646471977,0,correct
DFDC,1951,vlnudbcrwy,0,0.76613342110067606,0.47433981447829865,0.09597,0.24298911539852339,0,correct
DFDC,1952,vlzubzryet,0,0.025601654357160442,0.086363015943788923,0.015264,0.037110587500994698,0,correct
DFDC,1953,vmlqfkpvke,0,0.49279204476624727,0.53626652434468269,0.012985999999999999,0.19396045954171715,0,correct
DFDC,1954,vnelzgrdyo,0,0.47225056015528166,0.47338793942561519,0.028333000000000001,0.18404535983544865,0,correct
DFDC,1955,vnmcblklbl,0,0.28966991906054318,0.32948441803455353,0.018359,0.12526217136339321,0,correct
DFDC,1956,vnnazeaeyh,0,0.39831478812266141,0.26491174552938901,0.080967999999999998,0.15201846306494976,0,correct
DFDC,1957,vnorypglil,0,0.30932880064938217,0.011664084187941626,0.052351000000000002,0.052993815288851602,0,correct
DFDC,1958,vosmurrhgz,0,0.20819804126707217,0.16868616824892038,0.123013,0.14097420253802972,0,correct
DFDC,1959,vovnkvhybq,0,0.13379885256290436,0.12510551512241364,0.033897999999999998,0.066255297164869303,0,correct
DFDC,1960,voxzspxcjm,0,0.30497737228870392,0.18996813644965491,0.020056000000000001,0.085275709549331669,0,correct
DFDC,1961,voytjrlnob,0,0.49173373996745795,0.36314773045887705,0.086568000000000006,0.18980020613603604,0,correct
DFDC,1962,vozezstbxl,0,0.4316803952679038,0.16024748714698944,0.076340000000000005,0.11927926590749202,0,correct
DFDC,1963,vpbhgeavtr,0,0.015039023775898386,0.0073094881809083745,0.0097350000000000006,0.0092725476430674317,0,correct
DFDC,1964,vpfmsecyud,0,0.42671011958736926,0.61342121986672282,0.13091700000000001,0.2904579219393853,0,correct
DFDC,1965,vpfwdnreus,0,0.12841335736447945,0.0072444570614607073,0.039202000000000001,0.034075304986662183,0,correct
DFDC,1966,vpicsdociq,0,0.072567613271530718,0.032408280290837865,0.012451,0.021444014750827897,0,correct
DFDC,1967,vpjkdlosmx,0,0.44069839655249204,0.2386847213169353,0.14924999999999999,0.19065283622270518,0,correct
DFDC,1968,vpklrhqlkk,0,0.46854664338752627,0.25189899761608103,0.20346,0.23124603145420064,0,correct
DFDC,1969,vpmkxlpgtw,0,0.84468965791165829,0.96565071865916252,0.032145,0.35282394849333165,1,false_accept
DFDC,1970,vpoeukccfo,0,0.14456771744880825,0.080217922135489061,0.01081,0.038320262513087129,0,correct
DFDC,1971,vqggxihjgi,0,0.7401168492177258,0.98389303165933362,0.011469,0.33962860195868638,1,false_accept
DFDC,1972,vqinrcicae,0,0.11539769360388163,0.024045393092819722,0.0057609999999999996,0.01672815260804,0,correct
DFDC,1973,vqsfvcbaiz,0,0.46126146684400737,0.078023829664743971,0.30166300000000001,0.24255117224162356,0,correct
DFDC,1974,vqzkumnkfs,0,0.70030814409255981,0.30925119887556762,0.78877600000000003,0.64049516686729835,1,false_accept
DFDC,1975,vrcdhukvdg,0,0.42714560627937315,0.50958943367004395,0.114354,0.24856421041498186,0,correct
DFDC,1976,vrldpyzxpg,0,0.48977816849946976,0.36072422738652676,0.0097420000000000007,0.13903847664093152,0,correct
DFDC,1977,vrrnwipshy,0,0.074236666339857038,0.03138686887541553,0.35769899999999999,0.2456322439796175,0,correct
DFDC,1978,vrsmamkihc,0,0.65789726236835122,0.62216993112815544,0.015004999999999999,0.22929909245686417,0,correct
DFDC,1979,vrssurjovx,0,0.90141220390796661,0.90804717596620321,0.034823,0.34011971298525928,1,false_accept
DFDC,1980,vsehwctven,0,0.051758176181465387,0.0082321734153083526,0.049993000000000003,0.03755301083366578,0,correct
DFDC,1981,vsgveredxx,0,0.10830969241214916,0.030250416071794461,0.013883,0.023514559442145797,0,correct
DFDC,1982,vsvyhnzpxf,0,0.4050031288393906,0.14097113573058909,0.18718199999999999,0.18420979716114624,0,correct
DFDC,1983,vszusehcej,0,0.37658300565985531,0.21345678364069989,0.176401,0.19752683537520274,0,correct
DFDC,1984,vthjwlbzzs,0,0.21054815733805299,0.34115992276929319,0.0080110000000000008,0.11808253469769062,0,correct
DFDC,1985,vtlgvndght,0,0.83595813810825348,0.53490466444054618,0.010396000000000001,0.20902670623757652,0,correct
DFDC,1986,vtmhbksshy,0,0.09276575839612633,0.050245652957528364,0.015018999999999999,0.029474333807064823,0,correct
DFDC,1987,vtuyzzdltv,0,0.010271062492392957,0.0070032950607128441,0.0042709999999999996,0.0053906916428335012,0,correct
DFDC,1988,vuazwedxmf,0,0.59690350596792996,0.59108210518024862,0.018789,0.21938265685247108,0,correct
DFDC,1989,vvczyxpvgu,0,0.73517126403748989,0.85710105486214161,0.0097610000000000006,0.30023352966051697,1,false_accept
DFDC,1990,vvkhwgqjgr,0,0.15800229847081937,0.12820244553586235,0.079891000000000004,0.098289998584299668,0,correct
DFDC,1991,vvlfqnhqrn,0,0.20221737050451338,0.20245645270915702,0.095784999999999995,0.13310805433797276,0,correct
DFDC,1992,vvnhcqktze,0,0.064908185740932822,0.0058564363353070803,0.35145599999999999,0.23344874018763875,0,correct
DFDC,1993,vvyupexgxm,0,0.80940819382667539,0.17842337073758244,0.013532000000000001,0.10279322091260851,0,correct
DFDC,1994,vvyvxqdvmx,0,0.26171266799792647,0.048155594558920711,0.044207999999999997,0.056267511767572539,0,correct
DFDC,1995,vwlzbexoif,0,0.79512463563254898,0.79684461812887875,0.16478000000000001,0.38591661722029108,1,false_accept
DFDC,1996,vwsxwrurup,0,0.77689171768724918,0.31362259990419261,0.093376000000000001,0.19362576585562025,0,correct
DFDC,1997,vwvqlqjqkn,0,0.013780169166444291,0.0026767354218229173,0.012607,0.0096865790848690899,0,correct
DFDC,1998,vwwktgywgq,0,0.32827536991009343,0.0040702050453266846,0.30625999999999998,0.21670383000910268,0,correct
DFDC,1999,vxkxbpnjpi,0,0.64244076609611511,0.59856113791465759,0.087048,0.26827157967920306,0,correct
DFDC,2000,vxlrtdoksi,0,0.51876234143011035,0.10841211741189322,0.132905,0.1448500022950735,0,correct
DFDC,2001,vxueiooijo,0,0.64736941236036794,0.82339517496250292,0.48241600000000001,0.59295742310676924,1,false_accept
DFDC,2002,vxvqnhakrk,0,0.49271061164992197,0.44198121769087656,0.024022999999999999,0.17284484588975904,0,correct
DFDC,2003,vydqsbnhqo,0,0.56490841295037952,0.24537325663758175,0.12945300000000001,0.18600184763879352,0,correct
DFDC,2004,vyfckdugpy,0,0.63929849397391081,0.36084384897549171,0.017632999999999999,0.15167952939134308,0,correct
DFDC,2005,vyfzwfykgk,0,0.15416750108124688,0.046558905858546495,0.113221,0.095269696811626295,0,correct
DFDC,2006,vyhjoseofn,0,0.45213197031989694,0.31060279719531536,0.40545300000000001,0.37933188767458947,1,false_accept
DFDC,2007,vyhrdgqolb,0,0.35480498871766031,0.6886532429343788,0.57366399999999995,0.59721782231619669,1,false_accept
DFDC,2008,vylmvziaiv,0,0.69452650379389524,0.05686584634531755,0.54855399999999999,0.40834617909329002,1,false_accept
DFDC,2009,vypslemdjy,0,0.26672752248123288,0.086361214984208345,0.39132499999999998,0.29360599061932413,0,correct
DFDC,2010,vyqzxbcqfx,0,0.55042557957871208,0.021115446615771485,0.027602000000000002,0.051797212963667051,0,correct
DFDC,2011,vytzcppkpg,0,0.10802607238292694,0.013506656046956778,0.0085839999999999996,0.015032900433233382,0,correct
DFDC,2012,vyumtmdbnz,0,0.27634646906517446,0.95394424581900239,0.010914999999999999,0.30709534719895937,1,false_accept
DFDC,2013,vyykafsdup,0,0.12538753409171477,0.059922074826317839,0.200707,0.15470554915248108,0,correct
DFDC,2014,vzsfomavkb,0,0.72496123518794775,0.93158880621194839,0.035009999999999999,0.3384812036229819,1,false_accept
DFDC,2015,vzuihheirh,0,0.041830319998553023,0.029666484260815196,0.034674999999999997,0.033530211278172212,0,correct
DFDC,2016,wabbbifldv,0,0.79120377823710442,0.89322843495756388,0.433253,0.58914316939912437,1,false_accept
DFDC,2017,wacagypbal,0,0.24175031969207339,0.050142104806582211,0.18623899999999999,0.14818549742657833,0,correct
DFDC,2018,waojhzlmgu,0,0.8763443548232317,0.99393713101744652,0.036830000000000002,0.36593785704639553,1,false_accept
DFDC,2019,watuvxntpu,0,0.35331549192778766,0.030506311712088063,0.110273,0.098495118110015795,0,correct
DFDC,2020,wbfmfqghix,0,0.45597029133484912,0.13915946325645423,0.66407300000000002,0.49619380354367876,1,false_accept
DFDC,2021,wbjcqhtmhg,0,0.50536043406464159,0.45877752984233666,0.011280999999999999,0.17023393065593306,0,correct
DFDC,2022,wbpnluqezo,0,0.059224711760180071,0.017150033949292265,0.010529,0.014950095772796683,0,correct
DFDC,2023,wbxtopydcl,0,0.58433508314192295,0.5309786326251924,0.191277,0.31284039394465391,1,false_accept
DFDC,2024,wbzpkmfyeo,0,0.37411169079132378,0.7004131986759603,0.030168,0.24843874414235428,0,correct
DFDC,2025,wccfqtmwjc,0,0.099775177346600685,0.051529698008380365,0.041457000000000001,0.047394718269844142,0,correct
DFDC,2026,wchikmuaqd,0,0.6433256040327251,0.69775391631992534,0.043777999999999997,0.26994815509761383,0,correct
DFDC,2027,wcnqhoerqg,0,0.46760440667470299,0.45083750089009605,0.078643000000000005,0.20974942060076396,0,correct
DFDC,2028,wdojeggkxn,0,0.39137433958239853,0.96002732403576374,0.14078199999999999,0.39908521418984905,1,false_accept
DFDC,2029,wdqnhqixqu,0,0.50544605834875256,0.57404625616618432,0.085261000000000003,0.25290582976729292,0,correct
DFDC,2030,webeuogvdm,0,0.38919023610651493,0.13982844009296969,0.106318,0.13051474383321665,0,correct
DFDC,2031,wemwjhqkbk,0,0.58156126836935684,0.8669968087226152,0.69704500000000003,0.74225635603525242,1,false_accept
DFDC,2032,werkelwepe,0,0.7205785633996129,0.94527450762689114,0.049297000000000001,0.351654330458048,1,false_accept
DFDC,2033,wevzjadwul,0,0.014789192333410028,0.0040320709485968109,0.017503999999999999,0.013326680901249544,0,correct
DFDC,2034,wfaauisljm,0,0.45695782592520118,0.056117142004950438,0.072220999999999994,0.086626683897745194,0,correct
DFDC,2035,wfnfthgsks,0,0.12021292832990488,0.015397331219476958,0.266795,0.18404659578233834,0,correct
DFDC,2036,wfshgsktxp,0,0.69945391360670328,0.37795087526319548,0.0093279999999999995,0.15442115825929381,0,correct
DFDC,2037,wgoxlgwdga,0,0.80742656253278255,0.39223216993559618,0.24061199999999999,0.31443877910731799,1,false_accept
DFDC,2038,wgpwfvyvuz,0,0.61247248202562332,0.37931960661080666,0.028802000000000001,0.16314080608452317,0,correct
DFDC,2039,wgzecpyfkl,0,0.7790435254573822,0.89528140425682068,0.69013199999999997,0.75612239754991528,1,false_accept
DFDC,2040,whqbgdiqyz,0,0.38501331847040882,0.48773947975508147,0.15051800000000001,0.2634092098500449,0,correct
DFDC,2041,whuoiqczex,0,0.10537927615223452,0.075247571207000874,0.0088669999999999999,0.033606785169711988,0,correct
DFDC,2042,wiavtmleei,0,0.07236147957155481,0.085280460538342595,0.185389,0.14970506214008053,0,correct
DFDC,2043,widtemzcho,0,0.3877194372471422,0.054316052490321454,0.042840999999999997,0.063527437609453535,0,correct
DFDC,2044,wiemsbsleb,0,0.67040980478812906,0.4400305225481761,0.46995199999999998,0.47099844700385929,1,false_accept
DFDC,2045,wietjdibgv,0,0.28551232034806162,0.098576595919439569,0.034026000000000001,0.065965494793234949,0,correct
DFDC,2046,wisktxfgdm,0,0.48161831730976701,0.17627337657904718,0.060873999999999998,0.11653102883920249,0,correct
DFDC,2047,wjezovmxfx,0,0.36751337759196756,0.060499320225790146,0.018567,0.048594014947335423,0,correct
DFDC,2048,wjivsnablv,0,0.033200083795236424,0.020287993072997779,0.082763000000000003,0.061542352111661161,0,correct
DFDC,2049,wjlxeqklwz,0,0.71110963169485331,0.85627059545367956,0.017611999999999999,0.30388446022084653,1,false_accept
DFDC,2050,wjvwpzrmij,0,0.63747945101931691,0.39228059336892329,0.057132000000000002,0.18669395056164284,0,correct
DFDC,2051,wkhmbmfuyt,0,0.62900680163875222,0.51212249379022978,0.44950699999999999,0.47726663821900656,1,false_accept
DFDC,2052,wkzswdjckt,0,0.20005912921624258,0.30998367902793689,0.027809,0.12107391016919319,0,correct
DFDC,2053,wlhnecaubu,0,0.74060206580907106,0.98074840754270554,0.18979799999999999,0.45462332555326518,1,false_accept
DFDC,2054,wllwphruhi,0,0.39840484433807433,0.18719180153857451,0.055759000000000003,0.11232113267847607,0,correct
DFDC,2055,wlumhhtfzn,0,0.66341223707422614,0.99397812411189079,0.13354099999999999,0.41816569908727852,1,false_accept
DFDC,2056,wmghgervfu,0,0.57251218623585176,0.60300147450632524,0.41680200000000001,0.48044735166369018,1,false_accept
DFDC,2057,wmycjiudti,0,0.25015464943966698,0.13597967555480345,0.030180999999999999,0.072919285138424383,0,correct
DFDC,2058,wndefnmmzz,0,0.45142511195606655,0.46620875597000122,0.19058700000000001,0.28631543238880369,0,correct
DFDC,2059,wnmtmctzxm,0,0.17809204939722775,0.17956408639738877,0.28307399999999999,0.24677192838907802,0,correct
DFDC,2060,wnnmxelgau,0,0.46779519133269787,0.42598829348571599,0.029392000000000001,0.17029104761234967,0,correct
DFDC,2061,wnqkcgbxas,0,0.1715957518608775,0.072015408244624268,0.027810000000000001,0.048260910066431156,0,correct
DFDC,2062,wnqtflltlk,0,0.2524009848634402,0.22061804032418877,0.053724000000000001,0.11372606134042863,0,correct
DFDC,2063,wnqxeyatuk,0,0.54706795679198372,0.26102400571107864,0.52601799999999999,0.44757229955292277,1,false_accept
DFDC,2064,wodfwzqlmr,0,0.73248171946033835,0.31737229943246348,0.195628,0.25899397580275596,0,correct
DFDC,2065,woiganawkb,0,0.35524626052938402,0.2390425733756274,0.020185999999999999,0.10259598503915743,0,correct
DFDC,2066,wolgzxlgtd,0,0.43033902943134306,0.20871034115552903,0.30760199999999999,0.28407135381822585,0,correct
DFDC,2067,wolxehgzgr,0,0.5543726896867156,0.31609875131107401,0.094521999999999995,0.18398755987765797,0,correct
DFDC,2068,wowmhprkhy,0,0.18753768559545278,0.0059927495429292323,0.37606699999999998,0.25561825914265141,0,correct
DFDC,2069,wpokacgtbh,0,0.057218137080781162,0.0063061509063118137,0.319961,0.21272740212593261,0,correct
DFDC,2070,wrjomymrkk,0,0.024603404992376454,0.0099783635087078437,0.032022000000000002,0.025037979302231179,0,correct
DFDC,2071,wsgxngzyew,0,0.50169115242632956,0.83633550188758154,0.10361099999999999,0.343332358187591,1,false_accept
DFDC,2072,wsussbzyuw,0,0.11487837945155445,0.18354282729948559,0.14899999999999999,0.15765676716242341,0,correct
DFDC,2073,wtbbddyati,0,0.77136151678860188,0.41586135880788788,0.024951000000000001,0.17954463348179647,0,correct
DFDC,2074,wtlydbfcnl,0,0.19267740978102665,0.049235813072300516,0.109721,0.095723264410741485,0,correct
DFDC,2075,wtsrmvnayi,0,0.80060428380966187,0.88951801974326372,0.31248199999999998,0.50999892011346215,1,false_accept
DFDC,2076,wtucxmpven,0,0.33280254906276241,0.28859338878100971,0.068806000000000006,0.14794204408744102,0,correct
DFDC,2077,wucsyqgxgy,0,0.053623262219704114,0.0061111332526287204,0.19534899999999999,0.13149135308677382,0,correct
DFDC,2078,wunaxrkjeg,0,0.36211965332428614,0.25788937453180549,0.162021,0.20078644502575596,0,correct
DFDC,2079,wuzkhnrmjb,0,0.32086570910178125,0.15646554344857577,0.041131000000000001,0.089718098489661793,0,correct
DFDC,2080,wvgdvsiifq,0,0.2624439150094986,0.01311099930171622,0.029010999999999999,0.035912645540989795,0,correct
DFDC,2081,wvghduqjvu,0,0.64298711135052145,0.82015481684356928,0.058307999999999999,0.31609600062059684,1,false_accept
DFDC,2082,wvlmdprkhy,0,0.74063426908105612,0.9692874513566494,0.15273500000000001,0.42709569886104765,1,false_accept
DFDC,2083,wvmzfrypbz,0,0.36559600132187048,0.17561316285507694,0.036531000000000001,0.094708898922616608,0,correct
DFDC,2084,wvvoqofbgb,0,0.37273001787252724,0.24128668737830594,0.209263,0.22704345710711815,0,correct
DFDC,2085,wwsltspzku,0,0.21911001037205419,0.28524595346572179,0.014522,0.10596858655831924,0,correct
DFDC,2086,wxemonzdds,0,0.30630963832139968,0.067943055471405389,0.16524800000000001,0.14310959855749161,0,correct
DFDC,2087,wxieszelvm,0,0.52671890053898096,0.56142913802614203,0.089968000000000006,0.25324388643479168,0,correct
DFDC,2088,wxqpuqgmif,0,0.35045171022647992,0.26252873355406336,0.041673000000000002,0.12336865557754299,0,correct
DFDC,2089,wxvxsbwgtu,0,0.33007912968675934,0.22017382813857928,0.256803,0.24947805492591177,0,correct
DFDC,2090,wycsgxhdcv,0,0.91427357867360115,0.38685937467380427,0.144922,0.25597079133582135,0,correct
DFDC,2091,wyetffflts,0,0.45798862434457988,0.20631412864895537,0.34171000000000001,0.30690516981191562,1,false_accept
DFDC,2092,wyzlgwfhcu,0,0.1948777878715191,0.06123480292444583,0.050078999999999999,0.060665680270909704,0,correct
DFDC,2093,wzslieclio,0,0.79330398328602314,0.71574138004022336,0.016216999999999999,0.26492866317636815,0,correct
DFDC,2094,wzyqqgbrdf,0,0.20936678202512363,0.15194833887896189,0.35634700000000002,0.28767839076494478,0,correct
DFDC,2095,xampxexcpy,0,0.23001949128229171,0.015766239041113295,0.13461200000000001,0.10372864627644858,0,correct
DFDC,2096,xbcimuxojo,0,0.56725177494809031,0.26493380777537823,0.673184,0.54541233108001796,1,false_accept
DFDC,2097,xbkfmvrioe,0,0.45822464243974537,0.045011562688159756,0.059246,0.074924600928435198,0,correct
DFDC,2098,xcgsdqcwoz,0,0.27659207469384584,0.38950019858644475,0.017052000000000001,0.14176346331062573,0,correct
DFDC,2099,xdcstzlzpp,0,0.22201998829841613,0.020999780111014842,0.118765,0.094598183448225265,0,correct
DFDC,2100,xdpjehvybb,0,0.14420392306055874,0.097308065065590199,0.025357000000000001,0.052884665672704993,0,correct
DFDC,2101,xdqidqbtgz,0,0.30141952657140791,0.30299545740126632,0.16746,0.21481861354895029,0,correct
DFDC,2102,xevkabqdzw,0,0.25933535164222121,0.0081743479240685701,0.074908000000000002,0.064109271959331637,0,correct
DFDC,2103,xfgzzqwyvj,0,0.67741864513267169,0.25294230941852386,0.028431000000000001,0.12823377508219075,0,correct
DFDC,2104,xflqelbcmz,0,0.53876410145312548,0.55718526054988615,0.12779599999999999,0.27716118323762212,0,correct
DFDC,2105,xfysecoykk,0,0.32786835846491158,0.1474203189718537,0.068931999999999993,0.10542531361480169,0,correct
DFDC,2106,xgsjhlqhmp,0,0.11905439272522926,0.05055267084389925,0.072207999999999994,0.068053720889431235,0,correct
DFDC,2107,xgtelcltvg,0,0.13515573740005493,0.4406883716583252,0.035048000000000003,0.1617454983675003,0,correct
DFDC,2108,xhehvlvmlb,0,0.70484484144253656,0.2313589206605684,0.29759099999999999,0.29808406827029738,0,correct
DFDC,2109,xhklxnhldp,0,0.44032012956449762,0.035096029714623,0.051270999999999997,0.06587096539261178,0,correct
DFDC,2110,xhlryrsdji,0,0.49206305126990041,0.42167971114958486,0.0085789999999999998,0.15668341590837048,0,correct
DFDC,2111,xjhseehkai,0,0.76848000194877386,0.74314679449889809,0.056506000000000001,0.29809693844710811,0,correct
DFDC,2112,xjsifeqjbb,0,0.4844703851849772,0.31223066670645494,0.12511900000000001,0.19922006927118535,0,correct
DFDC,2113,xjxgeetoga,0,0.80418833128867606,0.7977828402673045,0.27051500000000001,0.45537901864462516,1,false_accept
DFDC,2114,xkfnbhxidt,0,0.9172414521376292,0.98544393380482986,0.53500899999999996,0.68925110274833046,1,false_accept
DFDC,2115,xkiygplrtz,0,0.54575672505363337,0.61443658353340236,0.13125800000000001,0.29693651131270238,0,correct
DFDC,2116,xktecgnpgc,0,0.91302154717906825,0.99586791953732889,0.17757400000000001,0.45983455322015204,1,false_accept
DFDC,2117,xkzyuiufyy,0,0.41914618411101401,0.14795322446298087,0.033623,0.087198226544444951,0,correct
DFDC,2118,xlgxarjyhi,0,0.81501696072518826,0.7509155219886452,0.038595999999999998,0.29111290463285294,0,correct
DFDC,2119,xluzytebrz,0,0.25968880951404572,0.15112319984473288,0.27882400000000002,0.23955700042912217,0,correct
DFDC,2120,xmgbjoffhw,0,0.14212226122617722,0.12242029770277441,0.106923,0.11333215237214118,0,correct
DFDC,2121,xmicatcwal,0,0.96678229980170727,0.96610652841627598,0.047788999999999998,0.36923392351496814,1,false_accept
DFDC,2122,xmkdwanrgi,0,0.40754766254394781,0.39111647422396345,0.10601099999999999,0.20661947539438644,0,correct
DFDC,2123,xmlmcqoeud,0,0.0054192913303268142,0.0038419141201302409,0.0027799999999999999,0.0032305388025554126,0,correct
DFDC,2124,xmqiqilnub,0,0.46593110931330711,0.43721411865333032,0.043705000000000001,0.18286904106166446,0,correct
DFDC,2125,xmsbprzipw,0,0.45874215059337164,0.2428206959517584,0.012123,0.1036632663151961,0,correct
DFDC,2126,xnasbmkyxi,0,0.72542410343885422,0.80754013569094241,0.293124,0.46906384587922545,1,false_accept
DFDC,2127,xnnzkcuuvn,0,0.75578583680814315,0.72795109534936564,0.22838,0.40462162044521682,1,false_accept
DFDC,2128,xnwmohspsh,0,0.65670615434646606,0.84046608209609985,0.231402,0.43538643234615326,1,false_accept
DFDC,2129,xomlklgzly,0,0.75721333269029856,0.90863313106819987,0.021078,0.32415130595497488,1,false_accept
DFDC,2130,xozdwomljc,0,0.37925768095780821,0.26076995879959536,0.251081,0.26039652168776906,0,correct
DFDC,2131,xpfoprekzb,0,0.24552972218953073,0.13390892680035904,0.016160000000000001,0.062953164149584254,0,correct
DFDC,2132,xpnukbieer,0,0.72232859333356225,0.29522696344388855,0.269376,0.29977891869984469,0,correct
DFDC,2133,xponkosxdl,0,0.23495153710246086,0.044915544815012254,0.14232800000000001,0.11773544029962672,0,correct
DFDC,2134,xqrmxcfrpc,0,0.28187250345945358,0.36358523368835449,0.41332400000000002,0.39182979527947903,1,false_accept
DFDC,2135,xqthvxzgsk,0,0.29885525856580997,0.16246829573409977,0.036129000000000001,0.087167101648520429,0,correct
DFDC,2136,xqutvfhpua,0,0.032510857060551644,0.0051020563766360286,0.0050270000000000002,0.0064237097660183907,0,correct
DFDC,2137,xqwcmnfnbm,0,0.77840256132185459,0.82083063945174217,0.59914000000000001,0.67461031990161535,1,false_accept
DFDC,2138,xrngyhyeyp,0,0.13625921172300173,0.11081416041950785,0.039123999999999999,0.065487808712002438,0,correct
DFDC,2139,xrowfnuhpg,0,0.48523612817128497,0.45746414065361024,0.100561,0.22686569860464734,0,correct
DFDC,2140,xrtqtgsfzj,0,0.32165873423218727,0.29415330203482881,0.20546900000000001,0.23788377732205801,0,correct
DFDC,2141,xsjklzoylc,0,0.13851993781281635,0.1705180971766822,0.10778600000000001,0.12814232604364548,0,correct
DFDC,2142,xsjpgihglk,0,0.63567331433296204,0.68930374085903168,0.19085099999999999,0.36262793797435755,1,false_accept
DFDC,2143,xsmtgtcaow,0,0.69762539921794087,0.56451425900741015,0.082809999999999995,0.25806204766312008,0,correct
DFDC,2144,xswfqylupt,0,0.083107298763934523,0.10366213516681455,0.067797999999999997,0.079322705488241094,0,correct
DFDC,2145,xtauejcvmz,0,0.61689853295683861,0.59358785627409816,0.037387999999999998,0.23322348353007138,0,correct
DFDC,2146,xtcjmefxpy,0,0.087716838344931602,0.10752322119210035,0.025749000000000001,0.053379658274876687,0,correct
DFDC,2147,xtjcajokwj,0,0.24389119752712787,0.047887809799924012,0.0091920000000000005,0.032535702816333598,0,correct
DFDC,2148,xtkjrsloyr,0,0.1488145514158532,0.089065860214759596,0.118618,0.11126218563522054,0,correct
DFDC,2149,xtplsbjrmz,0,0.14349385772948153,0.011606181869865395,0.095171000000000006,0.072517697447433707,0,correct
DFDC,2150,xtwncexgeh,0,0.52022423595190048,0.18258926272392273,0.52673000000000003,0.4231624906147719,1,false_accept
DFDC,2151,xucnemnjzb,0,0.015267698010575259,0.013524966856493847,0.13173299999999999,0.090447324957476913,0,correct
DFDC,2152,xunexlwspc,0,0.087251190678216517,0.026880508296017069,0.0074689999999999999,0.017281562022715947,0,correct
DFDC,2153,xuudewecxh,0,0.50626653879880901,0.049971790006384256,0.72201599999999999,0.50961526394185575,1,false_accept
DFDC,2154,xuwwthiyxt,0,0.63118123426102102,0.97925881296396255,0.057451000000000002,0.36267985560223981,1,false_accept
DFDC,2155,xuzbrplbjk,0,0.80853159260004759,0.9526080247014761,0.078236,0.3770623870404452,1,false_accept
DFDC,2156,xvkflltlbg,0,0.62017813324928284,0.9896836131811142,0.054261999999999998,0.36318429061679836,1,false_accept
DFDC,2157,xvodcwgnxc,0,0.49020514730364084,0.52256197668612003,0.044646999999999999,0.21029940037101805,0,correct
DFDC,2158,xvzkinvygh,0,0.15939337777672336,0.043664519405865576,0.030232999999999999,0.040720474710595839,0,correct
DFDC,2159,xwfnfpawec,0,0.5194597759982571,0.48584622409543954,0.39272899999999999,0.42700070602854473,1,false_accept
DFDC,2160,xwhzdedpdk,0,0.18283313419669867,0.64004970923997462,0.0042469999999999999,0.20391711948182731,0,correct
DFDC,2161,xwnmwwmqpr,0,0.60175429540686309,0.72188840078888461,0.098350000000000007,0.31058173500700853,1,false_accept
DFDC,2162,xxdjfodacl,0,0.32533510939942467,0.1927208904720222,0.25540800000000002,0.24009822261157793,0,correct
DFDC,2163,xxdpqshevt,0,0.2857585676247254,0.052774404502997641,0.10163,0.096179749732135569,0,correct
DFDC,2164,xxpxvyaede,0,0.39110581576824188,0.21330954726727214,0.077135999999999996,0.13368655496859372,0,correct
DFDC,2165,xyvepjhkfh,0,0.075131267527467571,0.15413452323991805,0.0039719999999999998,0.052578720348348797,0,correct
DFDC,2166,xywhnujoam,0,0.40912572317756712,0.20500044722575694,0.062077,0.12230647032660544,0,correct
DFDC,2167,xzaapnwflf,0,0.24148209887789562,0.038660186037304811,0.098909999999999998,0.087963660755086229,0,correct
DFDC,2168,xzbetxihsb,0,0.26842142682289705,0.15018318480724702,0.042271000000000003,0.085952176783318956,0,correct
DFDC,2169,xzjowrishw,0,0.25273079390171915,0.21121560034225695,0.091222999999999999,0.13529616979776304,0,correct
DFDC,2170,xzoyzmpuyd,0,0.8892392659187317,0.97080010652542115,0.077687999999999993,0.38619919525356294,1,false_accept
DFDC,2171,xzxxpxvlzp,0,0.49084601039066911,0.19520286584156565,0.070155999999999996,0.12870456027200314,0,correct
DFDC,2172,yashzhaexl,0,0.58297394402325153,0.85403568018227816,0.013381000000000001,0.29405705125584602,0,correct
DFDC,2173,ybodpjvtkq,0,0.26298644614871591,0.06130272637528833,0.082738999999999993,0.085320490220022291,0,correct
DFDC,2174,ybzbzgbkpa,0,0.493573565967381,0.52936785295605659,0.056867000000000001,0.22045258418518604,0,correct
DFDC,2175,ycjbvyazsm,0,0.12232315678406379,0.04596294388014438,0.023834999999999999,0.035397791003246505,0,correct
DFDC,2176,yctbgyumdq,0,0.18650629738112912,0.14125339964812156,0.148039,0.14792668476349291,0,correct
DFDC,2177,ydmfgdiuud,0,0.5822066793916747,0.51163697089214111,0.038054999999999999,0.20733717523722606,0,correct
DFDC,2178,ydnghjmsfo,0,0.090127474453765899,0.0067967866416438483,0.013527000000000001,0.01533795971518145,0,correct
DFDC,2179,ydvcpnvczh,0,0.64047353900969028,0.62799392925808206,0.045450999999999998,0.24996500572790914,0,correct
DFDC,2180,yeejrekvyp,0,0.45079996711329412,0.48351619274992691,0.091503000000000001,0.22707180618064277,0,correct
DFDC,2181,yefddyksqy,0,0.11410947975798927,0.24356901077232485,0.094247999999999998,0.14003737721959691,0,correct
DFDC,2182,yeihmddfdr,0,0.69496658770367503,0.49057620610983577,0.31917699999999999,0.38938624121813448,1,false_accept
DFDC,2183,yeiiunruua,0,0.39322203118354082,0.42851832996529993,0.14446200000000001,0.24211690054876706,0,correct
DFDC,2184,yexuleutfe,0,0.84035418783464744,0.76638422810262252,0.033494999999999997,0.29370472782251911,0,correct
DFDC,2185,yfcpwpibgf,0,0.57230824306607242,0.61469453088939185,0.20838400000000001,0.34847337142012119,1,false_accept
DFDC,2186,yffbqqnruu,0,0.041128653567284346,0.012136622332036495,0.25170900000000002,0.16930826937797519,0,correct
DFDC,2187,yfvvpznojp,0,0.3495448708999902,0.29219802842999343,0.0082140000000000008,0.11047575207399753,0,correct
DFDC,2188,ygeckxmbdn,0,0.48750731628388166,0.50410872139036655,0.027598999999999999,0.19354733223130405,0,correct
DFDC,2189,yghcuvgeul,0,0.48502391367219388,0.43745240767020732,0.121242,0.2342942179846719,0,correct
DFDC,2190,ygmfkwyzkh,0,0.4937179485956828,0.53584431608517968,0.01512,0.19526719225533803,0,correct
DFDC,2191,ygswhtoutr,0,0.36049089021980762,0.26312457991298288,0.072933999999999999,0.14436901848488523,0,correct
DFDC,2192,ygwvqofytz,0,0.58163803513161838,0.43995819459087215,0.15499499999999999,0.26181611013384259,0,correct
DFDC,2193,ygzruvvune,0,0.18180509784724563,0.10763471883547027,0.012763,0.049676620543003362,0,correct
DFDC,2194,yhhrxmyxvl,0,0.11644549810444005,0.049178372806636617,0.046029,0.050494636747212988,0,correct
DFDC,2195,yhxanpkfmf,0,0.1851884020685122,0.054080546889775274,0.061932000000000001,0.065739384170358198,0,correct
DFDC,2196,yihozkdwlf,0,0.55402213474735618,0.74520278163254261,0.13349800000000001,0.33803564122713059,1,false_accept
DFDC,2197,yjxlyhnnet,0,0.046981765815871768,0.043000126999686472,0.031109999999999999,0.035470626390699526,0,correct
DFDC,2198,yjxpoqrjar,0,0.10085494681422053,0.66577576126517923,0.15359500000000001,0.30461222572026481,1,false_accept
DFDC,2199,ykasbvvhmi,0,0.30769833130761981,0.2709416585166764,0.104562,0.16463271412038391,0,correct
DFDC,2200,ykiuympsxc,0,0.36200036783702672,0.096000844205264002,0.15454100000000001,0.14735192165343056,0,correct
DFDC,2201,ykjvguyxkr,0,0.29715487669454888,0.12956010756170144,0.030483,0.073539726103237876,0,correct
DFDC,2202,ykuuaugqam,0,0.069045541022205725,0.013940192286099773,0.011612000000000001,0.015182134736940219,0,correct
DFDC,2203,ylcsmljqfo,0,0.51494460347397575,0.75620769542352906,0.32552799999999998,0.46420273880075746,1,false_accept
DFDC,2204,ymhuywucjt,0,0.54497596900910139,0.36187791667180136,0.33641599999999999,0.35448257345199546,1,false_accept
DFDC,2205,ymivoceosk,0,0.25994324758648873,0.083918201923370364,0.188221,0.16051627295633555,0,correct
DFDC,2206,ymnhlvuiey,0,0.42360194842331111,0.26584986853413284,0.14366899999999999,0.19431990798140542,0,correct
DFDC,2207,ynivxssjrb,0,0.41754726460203528,0.23661664385872427,0.18421000000000001,0.21159885638771905,0,correct
DFDC,2208,ynjfxqvhau,0,0.18059367957175709,0.0048449463065480813,0.049924999999999997,0.042934417870552279,0,correct
DFDC,2209,ynojgjrciu,0,0.049350931729760864,0.010305051489042179,0.112439,0.078644412033200703,0,correct
DFDC,2210,ynvmvztdbj,0,0.77447525318711996,0.8350458387285471,0.120297,0.36743056427792009,1,false_accept
DFDC,2211,yomlbebwta,0,0.007009286833635997,0.0027969175243924838,0.0087139999999999995,0.0068536395989995452,0,correct
DFDC,2212,yovkuemvrm,0,0.24222571711288765,0.093319215353403706,0.157916,0.14275245046166549,0,correct
DFDC,2213,ypggxqmpas,0,0.20930144446901977,0.24024991311307531,0.23804800000000001,0.23727124615737358,0,correct
DFDC,2214,yphbbsrigi,0,0.74739002153791234,0.7141401084011485,0.48913800000000002,0.56955123359724014,1,false_accept
DFDC,2215,ypjlhsfabh,0,0.37867690483108163,0.23306062074698275,0.01231,0.096853531465648901,0,correct
DFDC,2216,ypynngogmf,0,0.74247037153691053,0.52393959939945489,0.154584,0.29478499839668204,0,correct
DFDC,2217,yqagtasgjq,0,0.47582313553853467,0.41688218170946295,0.210757,0.28584786128976564,0,correct
DFDC,2218,yqeqxodgsd,0,0.27728144162392709,0.19316348600841593,0.066261,0.11488276788372113,0,correct
DFDC,2219,yqkgakqgpy,0,0.78164799559500908,0.97873051128079813,0.25989499999999999,0.50163330316398991,1,false_accept
DFDC,2220,yqpcnfsjnz,0,0.61551711283391342,0.88160241564037278,0.068651000000000004,0.33987973033380747,1,false_accept
DFDC,2221,yqudslcsps,0,0.42140412062872201,0.16322066143766278,0.012503999999999999,0.078164004462734929,0,correct
DFDC,2222,yrcnoongvw,0,0.59252197574824095,0.52206200070213526,0.37555500000000003,0.43035544899805267,1,false_accept
DFDC,2223,ysifwmwpnm,0,0.30996770213823766,0.27457353744830471,0.045717000000000001,0.12758649634140329,0,correct
DFDC,2224,ysiqrtyjnq,0,0.14871413687822119,0.035988382192264343,0.038581999999999998,0.043310521501590364,0,correct
DFDC,2225,ytptfrfgva,0,0.016379785804019775,0.01148829386147554,0.0085290000000000001,0.0098093274486436514,0,correct
DFDC,2226,yuyokxvvkd,0,0.43722277274355292,0.16520831690286286,0.0055890000000000002,0.075056483708036512,0,correct
DFDC,2227,yuzpqxcoou,0,0.20055633661104366,0.10094251789996633,0.051478000000000003,0.073771272200542082,0,correct
DFDC,2228,yvdhidwjfq,0,0.39612315595149994,0.73286619782447815,0.14505799999999999,0.33395371714491845,1,false_accept
DFDC,2229,yvmaqkqvax,0,0.14915490249404684,0.057691823880304582,0.088287000000000004,0.082151842288793728,0,correct
DFDC,2230,yvuirrfepu,0,0.54073755373246968,0.43096028265426867,0.029766000000000001,0.17567286248290409,0,correct
DFDC,2231,ywnkmsnbhm,0,0.12343600554571997,0.72640289606586583,0.054295000000000003,0.25938441909704574,0,correct
DFDC,2232,ywrupvbzxc,0,0.34096630592830479,0.5677496133139357,0.024063999999999999,0.20301479929059593,0,correct
DFDC,2233,ywrzdaxyae,0,0.46436374973167072,0.33866979757493193,0.41681699999999999,0.3957501767590631,1,false_accept
DFDC,2234,yxszpsblwh,0,0.78545905137434602,0.98915772512555122,0.10344299999999999,0.40325822010638268,1,false_accept
DFDC,2235,yxvspzlzel,0,0.15136232972145081,0.21032417193055153,0.003869,0.073180218065238001,0,correct
DFDC,2236,yxwdjlwxdq,0,0.032993174086396508,0.010384814088376096,0.055129999999999998,0.040599602930832653,0,correct
DFDC,2237,yycszhnugz,0,0.57423919320106509,0.85501298904418943,0.40688800000000003,0.54969305637331012,1,false_accept
DFDC,2238,yylpmzrrgb,0,0.33277133267256431,0.62377495598047972,0.35362700000000002,0.43362860342777215,1,false_accept
DFDC,2239,yymrcfeynf,0,0.40959688415750861,0.16467996293795295,0.073064000000000004,0.11737543308926132,0,correct
DFDC,2240,yytwhtrjbr,0,0.46374538738746196,0.49256412696558982,0.031357000000000003,0.19133855745905004,0,correct
DFDC,2241,yzaqslbjqi,0,0.41887289960868657,0.65438741422258317,0.015509,0.22734071924720928,0,correct
DFDC,2242,yzeeowuolt,0,0.32432840613182634,0.20662816884578206,0.029080999999999999,0.097107520960325946,0,correct
DFDC,2243,zabgwmstah,0,0.33701433762907984,0.15434586526826025,0.10337499999999999,0.13034822646193206,0,correct
DFDC,2244,zagojgboyk,0,0.31467365496791899,0.054417593324615154,0.026280000000000001,0.049140960745780497,0,correct
DFDC,2245,zasbjnuvnl,0,0.25334278307855129,0.28761916123039555,0.037985999999999999,0.12364378752304622,0,correct
DFDC,2246,zawrowtznc,0,0.55972867645323277,0.59666333615314215,0.027281,0.22471808466860427,0,correct
DFDC,2247,zazxcclahs,0,0.38537296466529369,0.59632348519517109,0.069036,0.24303909379181601,0,correct
DFDC,2248,zbsziqydop,0,0.89194290836652124,0.96797927220662439,0.017117,0.34611697708031336,1,false_accept
DFDC,2249,zbwmrobpoe,0,0.37574922409839928,0.0057471563486615196,0.125083,0.10181555810951842,0,correct
DFDC,2250,zbyetlaaas,0,0.10237464062388867,0.01560295931994915,0.103379,0.076995969827179184,0,correct
DFDC,2251,zchwmtppla,0,0.075303997408839002,0.08311186724102064,0.21085000000000001,0.16575126004274815,0,correct
DFDC,2252,zcnfzgfene,0,0.21093431598274037,0.23684739341842942,0.034366000000000001,0.10393883382466584,0,correct
DFDC,2253,zcxqositzo,0,0.20770939675470193,0.20712297372519969,0.18021999999999999,0.18966536195529501,0,correct
DFDC,2254,zdiezfrwce,0,0.17256709898787517,0.16969726760699241,0.14571100000000001,0.15424968523149149,0,correct
DFDC,2255,zdlnftxwbp,0,0.085538827523123473,0.055190054117701948,0.038404000000000001,0.045796557611466761,0,correct
DFDC,2256,zdnoqsndsn,0,0.27762506617000327,0.090408780859434046,0.165579,0.14863023756633037,0,correct
DFDC,2257,zdpjbrvzsb,0,0.20445867208763957,0.37868218790390529,0.36036600000000002,0.3580654899755536,1,false_accept
DFDC,2258,zdtljomcrw,0,0.35181003273464739,0.20243306182237575,0.039254999999999998,0.1038361701834451,0,correct
DFDC,2259,zefxnhtoof,0,0.1129924088018015,0.047459628774959128,0.102145,0.086281759072577818,0,correct
DFDC,2260,zeldjjywsx,0,0.21986992849269882,0.098087863538239617,0.0042630000000000003,0.043190805486106827,0,correct
DFDC,2261,zenypceztx,0,0.54475692613050342,0.096555503303534351,0.020759,0.069697847297585477,0,correct
DFDC,2262,zeslwymrcy,0,0.10158145910827443,0.19310922353179194,0.27279500000000001,0.24032859001495133,0,correct
DFDC,2263,zffenlgire,0,0.68103063851594925,0.22021963819861412,0.97089899999999996,0.73120177338538173,1,false_accept
DFDC,2264,zfhbfihmbe,0,0.71243245480582118,0.48505871668749023,0.015368,0.19112843774653815,0,correct
DFDC,2265,zfsswvirmo,0,0.13577217661077157,0.12856357618875336,0.095354999999999995,0.10733843168716459,0,correct
DFDC,2266,zgfcgaccee,0,0.089241869020042941,0.027520822288352065,0.044711000000000001,0.041780490137507766,0,correct
DFDC,2267,zgrpfnpmzk,0,0.032401306467363611,0.10223779686202761,0.032454999999999998,0.053387154381976457,0,correct
DFDC,2268,zhclqxjhbz,0,0.22234086476964876,0.11356236962456023,0.027785000000000001,0.063246004125850505,0,correct
DFDC,2269,zhepxetbol,0,0.80271478788927197,0.61135094285418745,0.072364999999999999,0.27057827225071984,0,correct
DFDC,2270,zhjxxyiidz,0,0.49980738759040833,0.89829761907458305,0.30834699999999998,0.49490520510189534,1,false_accept
DFDC,2271,zhmprdhxjc,0,0.35651192104532603,0.40652456181123853,0.20086000000000001,0.27034196459563786,0,correct
DFDC,2272,zhopdkyhsh,0,0.49177022278308868,0.52220893837511539,0.066119999999999998,0.22422919265168906,0,correct
DFDC,2273,zhvgnrrool,0,0.48169122636318207,0.47469700966030359,0.053901999999999999,0.20152996421625019,0,correct
DFDC,2274,zibadqonpe,0,0.54412734508514404,0.74463880062103271,0.026745000000000001,0.26798225744056697,0,correct
DFDC,2275,zikqgseynj,0,0.11174215277424082,0.010013102306402288,0.085226999999999997,0.063988588330632729,0,correct
DFDC,2276,zinqxjwaow,0,0.84033301472663879,0.96566952764987946,0.02231,0.34621900903129577,1,false_accept
DFDC,2277,zisiimyudw,0,0.070546039380133152,0.0055284198839217428,0.23688400000000001,0.1591604279341832,0,correct
DFDC,2278,zisoyrdihd,0,0.046184069797163829,0.15506482642376795,0.018609000000000001,0.060924501416988575,0,correct
DFDC,2279,zitfdstrhm,0,0.42882098001427948,0.39271375065436587,0.144787,0.23336672419702376,0,correct
DFDC,2280,zixcybnzyp,0,0.73889465565266821,0.48996977710529516,0.20072200000000001,0.31440496591422196,1,false_accept
DFDC,2281,zkhgunxqzu,0,0.40040902083273977,0.53753200767096132,0.26464799999999999,0.35330125334292539,1,false_accept
DFDC,2282,zkjjmyiefs,0,0.20483756551402621,0.059857074913452379,0.043152999999999997,0.056248450749737021,0,correct
DFDC,2283,zkpihciokr,0,0.53150208480656147,0.38988770847208798,0.026207999999999999,0.16057661678195445,0,correct
DFDC,2284,zksbbuxhqm,0,0.0831054589652922,0.006094435062550474,0.016131,0.016468753467029751,0,correct
DFDC,2285,zlkrdhxtgm,0,0.48111731820972636,0.19520595918947947,0.28596300000000002,0.26849360366733016,0,correct
DFDC,2286,zlneotuamf,0,0.31392567604780197,0.887076735496521,0.058529999999999999,0.31986380445134632,1,false_accept
DFDC,2287,zlwanekhnn,0,0.23412181087769568,0.58858682465506718,0.406169,0.45229198794040493,1,false_accept
DFDC,2288,zmbymhgqhh,0,0.41786326937101503,0.37044874156169871,0.261598,0.30206648593706037,1,false_accept
DFDC,2289,zmkxwtsxzj,0,0.73561427276581526,0.56240097511908971,0.022592999999999999,0.22018645617401766,0,correct
DFDC,2290,zmslswnrxk,0,0.4976159316720441,0.39566402812488377,0.012789,0.15189285502106734,0,correct
DFDC,2291,zngikvpqnv,0,0.015870500879827887,0.017661658839642769,0.0027330000000000002,0.0078684726958842249,0,correct
DFDC,2292,zobplygbiw,0,0.31436681211926043,0.081279831909341738,0.093548000000000006,0.10090849017876555,0,correct
DFDC,2293,zocqpbvpsq,0,0.13726388278882951,0.039738474166369997,0.041764999999999997,0.045931986389352475,0,correct
DFDC,2294,zosplhrcun,0,0.18603268802689854,0.1238754404039355,0.036999999999999998,0.07051426652252557,0,correct
DFDC,2295,zovarqlaew,0,0.30815470253583044,0.36437503922206815,0.0089840000000000007,0.13055984689341199,0,correct
DFDC,2296,zovtuplbro,0,0.41877283900976181,0.62799216108396649,0.45944099999999999,0.50797294027567796,1,false_accept
DFDC,2297,zpbtknjypn,0,0.38417379651218653,0.49744402151554823,0.23214499999999999,0.31933614628027379,1,false_accept
DFDC,2298,zphenkffdo,0,0.76307783126831052,0.86100040674209599,0.60518000000000005,0.68982101358604442,1,false_accept
DFDC,2299,zppppkvwiy,0,0.090132775039158078,0.11168471004136583,0.23402300000000001,0.19012700176436767,0,correct
DFDC,2300,zptcwzlsbx,0,0.24339835915495367,0.078808973885743927,0.158078,0.13856331012347087,0,correct
DFDC,2301,zqeeoawskb,0,0.67880886279303454,0.99593716859817505,0.23510400000000001,0.4855391937191042,1,false_accept
DFDC,2302,zqrxvrkrhj,0,0.14736482749382654,0.032706965257724124,0.020906000000000001,0.030769230952008564,0,correct
DFDC,2303,zrrdexbudu,0,0.65015491556662774,0.62170521055276573,0.127665,0.30200155894416109,1,false_accept
DFDC,2304,zteyggarml,0,0.60359337041154504,0.34609615168301389,0.15837799999999999,0.23695421402548142,0,correct
DFDC,2305,ztezjrppda,0,0.25356999039649963,0.0094329118728637695,0.36539100000000002,0.25301252308168415,0,correct
DFDC,2306,zunozuhoqz,0,0.078888603718951344,0.017257609702937771,0.034104000000000002,0.031289313096828898,0,correct
DFDC,2307,zvrhacrfdi,0,0.018829779226507526,0.011179397151863668,0.035056999999999998,0.027082358106884474,0,correct
DFDC,2308,zvtrheqhpp,0,0.6114064866015988,0.37300169164495123,0.081883999999999998,0.1956954318235653,0,correct
DFDC,2309,zwkukwjoyt,0,0.26757499811549984,0.23737112780412037,0.113021,0.15805373824701111,0,correct
DFDC,2310,zwoxakqjqp,0,0.055543995054904372,0.048058690226753242,0.0094070000000000004,0.02330935682077119,0,correct
DFDC,2311,zxiqikpwev,0,0.18755283608334139,0.089486689437762834,0.085574999999999998,0.091847398635495917,0,correct
DFDC,2312,zyesyrhgqs,0,0.20583336189156398,0.020777891899342649,0.037263999999999999,0.040746635664380998,0,correct
DFDC,2313,zzgjrkgdgg,0,0.57060761703178287,0.5245578182511963,0.0058970000000000003,0.18973077632694804,0,correct
DFDC,2314,zztotvpkjc,0,0.49245263934135436,0.49887567162513735,0.19397300000000001,0.30036778345460891,1,false_accept
DFDC,2315,zzyawcrxmh,0,0.4190335179368655,0.66035505135854089,0.64360399999999995,0.63740079130440552,1,false_accept
DFDC,2316,aamrozxzsq,1,0.53428365546278656,0.52036662542377599,0.21167900000000001,0.32041552040027216,1,correct
DFDC,2317,aaoqanfmgd,1,0.31849916523788124,0.40890642278827727,0.058501999999999998,0.17662318509837724,0,false_reject
DFDC,2318,aaxxukfwqe,1,0.79739711154252291,0.53677296606474556,0.100102,0.26596804539654978,0,false_reject
DFDC,2319,aaygrlxdvd,1,0.98465024493634701,0.9797652717679739,0.83952099999999996,0.88885074377720952,1,correct
DFDC,2320,abanuvjvgh,1,0.76329659856855869,0.8507223887136206,0.092357999999999996,0.35341424654251413,1,correct
DFDC,2321,abdlfvoaia,1,0.40601391391828656,0.19672005873871967,0.026661000000000001,0.096646363317530237,0,false_reject
DFDC,2322,abheqcjyls,1,0.49045184831465444,0.51484104125730457,0.080923999999999996,0.2315755047929241,0,false_reject
DFDC,2323,abzjyreetb,1,0.9057700764387846,0.62527826451696455,0.47515600000000002,0.54172338317702862,1,correct
DFDC,2324,accgpnpbll,1,0.8207059558480978,0.94788418803364038,0.040890999999999997,0.35197970420249697,1,correct
DFDC,2325,ackyocyhda,1,0.33160163400073844,0.29176097279414537,0.49807299999999999,0.42785582353828056,1,correct
DFDC,2326,acsaejxizf,1,0.9244171679019928,0.85585344262653962,0.781443,0.81091484118306156,1,correct
DFDC,2327,actcsinsyn,1,0.67527732439339161,0.8454548359150067,0.38372099999999998,0.53681896699417153,1,correct
DFDC,2328,acwemvfriu,1,0.7644846448674798,0.97247185371816158,0.202186,0.46138668835882246,1,correct
DFDC,2329,aczoacmgii,1,0.35757776081562043,0.47901749805547295,0.55683199999999999,0.5235249374574229,1,correct
DFDC,2330,adaxadcmmc,1,0.64208535909652709,0.5141265241801739,0.47040799999999999,0.49210742520887851,1,correct
DFDC,2331,adtvpabkdk,1,0.79217699646949769,0.93675290822982793,0.45250899999999999,0.61476557229242335,1,correct
DFDC,2332,aebrfbintp,1,0.034867309033870697,0.093091920527513139,0.013197,0.038248991609947477,0,false_reject
DFDC,2333,aeetlrrqpy,1,0.23414538326588544,0.10192381082610651,0.39747100000000002,0.30064056241112624,1,correct
DFDC,2334,aegkavekbj,1,0.25683146604569629,0.19478420924133388,0.16812099999999999,0.18055548607468497,0,false_reject
DFDC,2335,aeliayugdj,1,0.9971697423607111,0.99939035624265671,0.99302599999999996,0.99514249399083254,1,correct
DFDC,2336,aequjvehep,1,0.16540216343128122,0.063848278310615569,0.025273,0.043852041664748737,0,false_reject
DFDC,2337,aewayrgnin,1,0.83287626504898071,0.98450876474380489,0.17472399999999999,0.4505670426755905,1,correct
DFDC,2338,afbpqkmxwe,1,0.48295807093381882,0.51228617411106825,0.041785999999999997,0.20499465578001139,0,false_reject
DFDC,2339,agboygijqu,1,0.62766174364972993,0.86892454326152802,0.47292899999999999,0.59946430016094487,1,correct
DFDC,2340,agjcjtqwxb,1,0.47407969633738201,0.42093786001205447,0.050040000000000001,0.18251134282048545,0,false_reject
DFDC,2341,agotwxujhe,1,0.31792829919140786,0.62084012676496059,0.13581799999999999,0.29043015298905855,0,false_reject
DFDC,2342,agwpcqgook,1,0.47898878937121481,0.34551096266659442,0.49031000000000002,0.4463042282685391,1,correct
DFDC,2343,aheipdiaai,1,0.7453006342984736,0.4919299886241788,0.19155900000000001,0.3093573783021773,1,correct
DFDC,2344,ahfcqsebdn,1,0.51497610844671726,0.63822217844426632,0.33150200000000002,0.43269175895561579,1,correct
DFDC,2345,aiadzztfie,1,0.62319760560058057,0.71581674134358764,0.0085629999999999994,0.25147085268310532,0,false_reject
DFDC,2346,aijbxxjini,1,0.49203012557700276,0.37040429367334582,0.117298,0.21196649438085388,0,false_reject
DFDC,2347,ajicifdhkl,1,0.61860166277204243,0.5110504215450159,0.25877600000000001,0.35244960960210692,1,correct
DFDC,2348,ajjumdrvbz,1,0.8081167982891202,0.99625424854457378,0.17815700000000001,0.45508416447782812,1,correct
DFDC,2349,ajlmaswovx,1,0.80392860869566596,0.9374634325504303,0.362236,0.55688886019991246,1,correct
DFDC,2350,ajndpvvqgi,1,0.40444960577353356,0.16596067345310603,0.124746,0.15109558232460849,0,false_reject
DFDC,2351,ajoyrlyqcg,1,0.48868364484413812,0.20828776142519453,0.017697000000000001,0.098423560669765264,0,false_reject
DFDC,2352,ajrjxcbvpy,1,0.45445012825506703,0.47100261957557116,0.18584200000000001,0.28482059228542472,0,false_reject
DFDC,2353,ajukjltttq,1,0.41599390259943902,0.56562747457064688,0.35963099999999998,0.42424808750116599,1,correct
DFDC,2354,ajuqpvxghw,1,0.81562768947333097,0.88334778510034084,0.51293699999999998,0.63919477000376879,1,correct
DFDC,2355,ajyndmplcj,1,0.91090063191950321,0.99765666201710701,0.30195,0.5411095302011073,1,correct
DFDC,2356,ajyphpffjq,1,0.47861852613277733,0.7256272315280512,0.29131099999999999,0.43097124576505424,1,correct
DFDC,2357,akdyxhdvsn,1,0.85503369569778442,0.88274133205413818,0.34162300000000001,0.52962903440113063,1,correct
DFDC,2358,akgbendoho,1,0.11131209720042534,0.032412404820206575,0.037428999999999997,0.03961817630608324,0,false_reject
DFDC,2359,akjmrcyqon,1,0.1668367829351198,0.23696136310519206,0.040696000000000003,0.1058826480783136,0,false_reject
DFDC,2360,alcwnrsocr,1,0.32285478545559776,0.28845262879298794,0.24294299999999999,0.26059147791067627,0,false_reject
DFDC,2361,allgsojvol,1,0.22108211659360677,0.19348334944515955,0.30450899999999997,0.26702996066322821,0,false_reject
DFDC,2362,alxbcivwow,1,0.94769665412604809,0.99940271116793156,0.29305799999999999,0.53769334605668184,1,correct
DFDC,2363,alzmdquosn,1,0.44170150940772146,0.32794440819998272,0.58299400000000001,0.4994144979303809,1,correct
DFDC,2364,amgjxfmtys,1,0.44949930161237717,0.55327166026108898,0.15001600000000001,0.28596686315894554,0,false_reject
DFDC,2365,amglqdgbev,1,0.5000112047418952,0.74983864009846002,0.072618000000000002,0.29715385226663277,0,false_reject
DFDC,2366,amimehafgd,1,0.680041020270437,0.3711906003736658,0.30786599999999997,0.34547213112562158,1,correct
DFDC,2367,ammxvdodoj,1,0.45041796250734478,0.25544544160948135,0.21204600000000001,0.23698443060821164,0,false_reject
DFDC,2368,amwhgrjvkw,1,0.22549861638496319,0.082182873583709196,0.28698099999999999,0.22246744289436091,0,false_reject
DFDC,2369,anbwazfoqq,1,0.44255041134984868,0.75245707678167439,0.088657,0.30549169360199474,1,correct
DFDC,2370,anwjyexgco,1,0.49445209372788668,0.16959627711912617,0.010449,0.082393337822132193,0,false_reject
DFDC,2371,aojmitmdps,1,0.7063485961407423,0.8791660787537694,0.27903600000000001,0.48044065343316794,1,correct
DFDC,2372,aopxwjvixh,1,0.69082105485722423,0.53348091879161075,0.067860000000000004,0.23869432838034443,0,false_reject
DFDC,2373,aoseweruvl,1,0.82723847776651382,0.99530318876107537,0.11609899999999999,0.41541723051664831,1,correct
DFDC,2374,apcdwmjxvo,1,0.8745498638600111,0.94673360977321863,0.55027499999999996,0.68542632612496612,1,correct
DFDC,2375,apinnvhoub,1,0.59973044565413147,0.56279465084662661,0.378469,0.44482976753669456,1,correct
DFDC,2376,aptiynmftl,1,0.38888232799945399,0.66082043379719835,0.58700200000000002,0.5992415465391322,1,correct
DFDC,2377,apxvcgeale,1,0.95278278179466724,0.99917890504002571,0.20655899999999999,0.4816561606017411,1,correct
DFDC,2378,apzddimgzr,1,0.43102858854650422,0.6740405169187178,0.25376900000000002,0.38871343450294055,1,correct
DFDC,2379,aqosntzsws,1,0.81823255959898233,0.8536317733960459,0.122767,0.37679970999876289,1,correct
DFDC,2380,aqrfwmaxsc,1,0.67148811556398869,0.92931625247001648,0.46789599999999998,0.61650168151920437,1,correct
DFDC,2381,ardzcbujjc,1,0.59652647568333539,0.86612572400800647,0.37012299999999998,0.53024399098656871,1,correct
DFDC,2382,armrdzmgav,1,0.9570088367909193,0.99734427407383919,0.98592500000000005,0.98790497406169775,1,correct
DFDC,2383,aruuwelxrv,1,0.6955536687746644,0.71100119827315211,0.24309700000000001,0.40609109292067885,1,correct
DFDC,2384,asrdqzspqj,1,0.65031354245729744,0.66024200641550124,0.178068,0.34633247904751524,1,correct
DFDC,2385,astfuznijm,1,0.77218225039541721,0.83117763511836529,0.489535,0.60616015305528048,1,correct
DFDC,2386,aswwimjudg,1,0.5453684963285923,0.43986628006678075,0.67553399999999997,0.59832540883646379,1,correct
DFDC,2387,asxjsmwsfd,1,0.67085529305040836,0.97242936305701733,0.051822,0.35895587356962561,1,correct
DFDC,2388,athiurugzg,1,0.97764120995998383,0.9973499421030283,0.20166100000000001,0.47916669312890769,1,correct
DFDC,2389,atngtvgsqz,1,0.77492374926805496,0.87014280539005995,0.074185000000000001,0.34800927908042073,1,correct
DFDC,2390,atsnlkcrea,1,0.5756433787605455,0.65862916599238108,0.48519499999999999,0.54174766873574154,1,correct
DFDC,2391,atzwngrzez,1,0.53200928110163659,0.95606649853289127,0.72720300000000004,0.78610236361494923,1,correct
DFDC,2392,auhhwfzmvw,1,0.73049512645229697,0.27972846946795471,0.149921,0.21789194716300128,0,false_reject
DFDC,2393,aulattntes,1,0.48902416229248047,0.51450896263122559,0.27454299999999998,0.35725684690399168,1,correct
DFDC,2394,auomfeqgtj,1,0.26007517497055233,0.043123078190546948,0.031788999999999998,0.046603532205691696,0,false_reject
DFDC,2395,avtkdiqllr,1,0.23474206030368805,0.040024284273386002,0.46412799999999999,0.3254275882972002,1,correct
DFDC,2396,avweiyeelf,1,0.44416916958289221,0.64988537668250501,0.58747099999999997,0.59903022148389606,1,correct
DFDC,2397,avypixeujq,1,0.7641394566744566,0.92874961625784636,0.062712000000000004,0.35759465771107668,1,correct
DFDC,2398,ayagglqkys,1,0.39120178949087858,0.84861840982921422,0.87158199999999997,0.84067391242330813,1,correct
DFDC,2399,ayerajnhmy,1,0.44355906297763187,0.73206114520629251,0.27226800000000001,0.41877049671076938,1,correct
DFDC,2400,aynopeqpyf,1,0.73864696025848386,0.92244376838207243,0.29898200000000003,0.50800377852754597,1,correct
DFDC,2401,ayyngmwebw,1,0.18504108095658012,0.13616789503430482,0.17757800000000001,0.16552812255812047,0,false_reject
DFDC,2402,azdtcaxvxw,1,0.80674656666815281,0.98454382084310055,0.30247299999999999,0.5323079245863378,1,correct
DFDC,2403,azebzruzqi,1,0.70723183872178197,0.57656590224360116,0.040195000000000002,0.23445811260916943,0,false_reject
DFDC,2404,azfqzngkga,1,0.99746528454124928,0.9549460057169199,0.91881699999999999,0.93358811594213842,1,correct
DFDC,2405,azoowhvqng,1,0.46851651556789875,0.74530232837423682,0.97062499999999996,0.87792277429066601,1,correct
DFDC,2406,bahslhiujq,1,0.17550295469118282,0.0058958248664566781,0.084613999999999995,0.065542995194496148,0,false_reject
DFDC,2407,baxkiopsps,1,0.50181076629087329,0.61614621423359495,0.51948399999999995,0.54759900258462213,1,correct
DFDC,2408,bbbcqjmpyu,1,0.99380364082753658,0.9987728875130415,0.53513100000000002,0.69715719829528922,1,correct
DFDC,2409,bbjmqnuhea,1,0.78552851430140436,0.75896107873995788,0.322658,0.47669244933705757,1,correct
DFDC,2410,bbyemmiuwy,1,0.98870601691305637,0.99571812711656094,0.70899699999999999,0.80899878898062105,1,correct
DFDC,2411,bcawgqaica,1,0.90530083271173334,0.94611201836512637,0.28397800000000001,0.51368434714512456,1,correct
DFDC,2412,bcjatefpva,1,0.52707844041287899,0.38781342393485829,0.057716000000000003,0.18021334920110144,0,false_reject
DFDC,2413,bcpzcqbwcv,1,0.99411321058869362,0.99895892664790154,0.73064799999999996,0.82431453852380521,1,correct
DFDC,2414,bdekjiaakf,1,0.37711131290115157,0.6806666938395336,0.399449,0.48269742379691766,1,correct
DFDC,2415,bedtxqqodx,1,0.10429070980171673,0.23591713217319921,0.016898,0.086973375142045603,0,false_reject
DFDC,2416,bemsdmintq,1,0.46997226495295763,0.46113537531346083,0.066573999999999994,0.20511232584168612,0,false_reject
DFDC,2417,berivhgeil,1,0.88847164437174797,0.94695062004029751,0.705596,0.78714616823067662,1,correct
DFDC,2418,betcgskcqv,1,0.50772399664856493,0.20600583465420641,0.0084849999999999995,0.092703200228690164,0,false_reject
DFDC,2419,betrjffelh,1,0.52825571876019239,0.76688850484788418,0.24349000000000001,0.41474783739237492,1,correct
DFDC,2420,bfflcttxnt,1,0.40780201647430658,0.20577922172378749,0.077019000000000004,0.13218621734085156,0,false_reject
DFDC,2421,bfhopktrek,1,0.30921375611796975,0.059430831621284597,0.051421000000000001,0.066713587292283869,0,false_reject
DFDC,2422,bfkjxlcflx,1,0.54754698005589575,0.78179026191884826,0.171122,0.37314372757844927,1,correct
DFDC,2423,bfungfwban,1,0.063065548980375752,0.030626831176050473,0.081193000000000001,0.065116776801833934,0,false_reject
DFDC,2424,bgatehlaff,1,0.99556215666234493,0.9991168137639761,0.73663299999999998,0.82832460196231006,1,correct
DFDC,2425,bghrzhnugd,1,0.69549855869263411,0.38427388881973457,0.069599999999999995,0.19529709458055208,0,false_reject
DFDC,2426,bgkxbzfirn,1,0.68750822776928544,0.4311936340527609,0.086513999999999994,0.21996760160429255,0,false_reject
DFDC,2427,bgmhxtkgsr,1,0.51790868047828553,0.41078202478092862,0.066271999999999998,0.19220684145819286,0,false_reject
DFDC,2428,bgxuqahjrj,1,0.37681198969949037,0.22978917823638767,0.27085599999999999,0.26383375295589079,0,false_reject
DFDC,2429,bgyddrjzhs,1,0.72076183371245861,0.60452115372754633,0.12733900000000001,0.30016478780388683,1,correct
DFDC,2430,bhbzlgisdx,1,0.30697545123985037,0.60451106185792014,0.011913999999999999,0.20444619111936857,0,false_reject
DFDC,2431,bhdexivpfb,1,0.82547335512936115,0.96544241718947887,0.87545399999999995,0.89995149291331167,1,correct
DFDC,2432,bhgytazmnr,1,0.92637205123901367,0.99654312928517663,0.60063999999999995,0.73569754134750365,1,correct
DFDC,2433,bhkzywsspn,1,0.47643156338017434,0.46624887148209382,0.088181999999999996,0.22101453961363685,0,false_reject
DFDC,2434,bhvbcfoncb,1,0.90660506393760443,0.99270089156925678,0.048214,0.37447962066765728,1,correct
DFDC,2435,bhweacrpeq,1,0.60626019944902509,0.17820464461692609,0.063625000000000001,0.1251306533575291,0,false_reject
DFDC,2436,bhwzbrpxhp,1,0.68604810070246458,0.94394338503479958,0.21993499999999999,0.46044317054556305,1,correct
DFDC,2437,bicgaytdfq,1,0.22295587730283539,0.012561267920924971,0.023383999999999999,0.030115774241419261,0,false_reject
DFDC,2438,bikvdfnkzq,1,0.85264242237264465,0.84398659792813391,0.87592300000000001,0.86517805049707242,1,correct
DFDC,2439,birmwqpwir,1,0.17105653382837771,0.091004767520353191,0.121543,0.11485720694752484,0,false_reject
DFDC,2440,biubwbniij,1,0.78731826785951853,0.46075939318689052,0.46736899999999998,0.48138358134904308,1,correct
DFDC,2441,bjbexcuhxz,1,0.11357517453143373,0.0037122238354641013,0.041801999999999999,0.033963725877210915,0,false_reject
DFDC,2442,bjdaxfsyml,1,0.85937953926622868,0.99818017520010471,0.045769999999999998,0.37217352952334282,1,correct
DFDC,2443,bjkqjwmqcq,1,0.61143268505111337,0.4499207828193903,0.164324,0.27235846909837275,0,false_reject
DFDC,2444,bjrkhwkzvz,1,0.088028819154715165,0.10064380358380731,0.024916000000000001,0.050789982032877948,0,false_reject
DFDC,2445,bjvkckgvft,1,0.99639422260224819,0.99965624138712883,0.98338400000000004,0.9889161835462511,1,correct
DFDC,2446,bmfycvxqfw,1,0.5534507401753217,0.60222650320793036,0.21282699999999999,0.34667803797114521,1,correct
DFDC,2447,bmglulhfuy,1,0.41740313894115388,0.8622878894675523,0.203842,0.41205382378732336,1,correct
DFDC,2448,bmrbchnwgp,1,0.99851223453879356,0.99958127550780773,0.79317099999999996,0.86536114437928191,1,correct
DFDC,2449,bmutrpdpyo,1,0.99651907756924629,0.99376131407916546,0.86618499999999998,0.91097459810221204,1,correct
DFDC,2450,bonknblnfx,1,0.98387327045202255,0.99824196845293045,0.62586600000000003,0.75547915405848032,1,correct
DFDC,2451,bpecnnfcpx,1,0.57201801240444183,0.57401082103024237,0.018911000000000001,0.2130962969292948,0,false_reject
DFDC,2452,bpluqlfkfz,1,0.8168466417118907,0.5265634132665582,0.045539000000000003,0.22841170606556199,0,false_reject
DFDC,2453,bponybmbpg,1,0.93543797731399536,0.96530929114669561,0.37637399999999999,0.58100778620970839,1,correct
DFDC,2454,bppwlvpexl,1,0.59292055045564973,0.70482275231430924,0.32373200000000002,0.45151865321707524,1,correct
DFDC,2455,bpvkstipjg,1,0.83045978844165802,0.97155558317899704,0.022265,0.347461914375782,1,correct
DFDC,2456,bqwadqauxu,1,0.98899863101541996,0.99899382516741753,0.52235799999999999,0.68868077910099623,1,correct
DFDC,2457,bqxqsjrdpu,1,0.47866517771035433,0.85982214799150825,0.33156799999999997,0.49739910328297016,1,correct
DFDC,2458,brcqtpnjtq,1,0.6041132443481021,0.8069693413045671,0.556446,0.63398636460877522,1,correct
DFDC,2459,bselelhbng,1,0.66765552666038275,0.41685633579618298,0.064794000000000004,0.20055577707187405,0,false_reject
DFDC,2460,bsgxjhzsep,1,0.42910111648961902,0.2585439445101656,0.208789,0.23473108917753063,0,false_reject
DFDC,2461,bsksbhdevq,1,0.74211458675563335,0.97987016476690769,0.54906900000000003,0.68796162876785394,1,correct
DFDC,2462,bsndajkmrp,1,0.99104223027825356,0.99821364507079124,0.99768299999999999,0.99751015503515006,1,correct
DFDC,2463,bsnxyjrvtl,1,0.76997188292443752,0.44172365334816277,0.079115000000000005,0.22244044015067069,0,false_reject
DFDC,2464,bsqvwyokky,1,0.051541846303734928,0.12374381281551905,0.49474499999999999,0.36128448615984249,1,correct
DFDC,2465,bsxcfiyymh,1,0.54568238721953499,0.44158250148649569,0.128442,0.24324616980692546,0,false_reject
DFDC,2466,bsxtruewvv,1,0.35885703685926273,0.47388479964138241,0.075015999999999999,0.20886869173537786,0,false_reject
DFDC,2467,bszlvbpzwq,1,0.62640539882704616,0.42237496186135104,0.26352799999999998,0.3293259584997576,1,correct
DFDC,2468,btaziuwczl,1,0.99062956124544144,0.99598793126642704,0.98671299999999995,0.98969130744220013,1,correct
DFDC,2469,bteatvsmie,1,0.99902296524781442,0.96433718846394467,0.97877400000000003,0.97545540480157411,1,correct
DFDC,2470,btopkycuih,1,0.71993536129593849,0.2872116166545311,0.69171800000000006,0.57177695306115628,1,correct
DFDC,2471,bubqazcubp,1,0.11077647464117035,0.01091488944075536,0.005731,0.012538440564285125,0,false_reject
DFDC,2472,bumrbxdaal,1,0.49150102026760578,0.53228191658854485,0.021774999999999999,0.19841337598994371,0,false_reject
DFDC,2473,buquxnfuzk,1,0.99162785522639751,0.99884713627398014,0.998251,0.99809868364351395,1,correct
DFDC,2474,butaprytet,1,0.46146530554526383,0.57582619206772911,0.40262399999999998,0.45752672289758189,1,correct
DFDC,2475,bvchgzkarr,1,0.076337721198797226,0.0048167808454309124,0.48109200000000002,0.31797172031356918,1,correct
DFDC,2476,bvevemxznu,1,0.58444099426269536,0.55608484745025633,0.48706500000000003,0.51263975394821171,1,correct
DFDC,2477,bvrmbdunqr,1,0.11940298974514008,0.13562994669337058,0.060441000000000002,0.085945783495268185,0,false_reject
DFDC,2478,bvvztefxoq,1,0.65001165866851807,0.81707443296909332,0.50707800000000003,0.60722361282415394,1,correct
DFDC,2479,bvxlnawyit,1,0.5680142967030406,0.38645509711932391,0.248839,0.30608259397094917,1,correct
DFDC,2480,bwizppstsl,1,0.48155462660361081,0.46064213292265777,0.133407,0.24898492120697788,0,false_reject
DFDC,2481,bwpgpudbio,1,0.71418654453009367,0.69509506563190371,0.28587899999999999,0.4300591969160758,1,correct
DFDC,2482,bwpmdgrpnf,1,0.45675562019459903,0.77242276119068265,0.040294000000000003,0.28075570936693478,0,false_reject
DFDC,2483,bwzencqhhq,1,0.57848607576810396,0.84009378919234645,0.072602,0.32814374054610912,1,correct
DFDC,2484,bxgfrpxpyp,1,0.50297697385152185,0.11275090215106805,0.60069600000000001,0.44942651933789651,1,correct
DFDC,2485,bxmngakzzp,1,0.84254509396851063,0.92001310549676418,0.77683899999999995,0.82307653634745481,1,correct
DFDC,2486,bydjvlnsvt,1,0.38039380992995575,0.15305875265039504,0.039765000000000002,0.090784566291616298,0,false_reject
DFDC,2487,bydqktorog,1,0.68981136381626129,0.65514843407436274,0.19506899999999999,0.35782994841312188,1,correct
DFDC,2488,byfhnzxilf,1,0.80926204845309258,0.85711200861260295,0.380166,0.54470460500643547,1,correct
DFDC,2489,bysostpbhm,1,0.51328018307685852,0.98513934016227722,0.16776099999999999,0.43025046120252608,1,correct
DFDC,2490,bywpqmtlof,1,0.88333359937514033,0.79801158270528239,0.35524899999999998,0.51448200478034167,1,correct
DFDC,2491,byxyeqdddg,1,0.040501945681171492,0.035240190176409669,0.011833,0.020288604336981476,0,false_reject
DFDC,2492,bzfhcltydy,1,0.78699541091918945,0.46379777663969435,0.42723800000000001,0.45619380353786781,1,correct
DFDC,2493,bzthbheujd,1,0.58208639826625586,0.39080961083527654,0.136491,0.23506635316389576,0,false_reject
DFDC,2494,bztozywipo,1,0.63682118058204651,0.63933231681585312,0.10918600000000001,0.29461165407385831,0,false_reject
DFDC,2495,bzukmyisji,1,0.18192856281530112,0.82564014475792646,0.167631,0.36574862156814297,1,correct
DFDC,2496,caognotpue,1,0.40480424114502966,0.63523481675656512,0.027911999999999999,0.22895345708422102,0,false_reject
DFDC,2497,cawlvktmag,1,0.75346964132040739,0.65859248323249631,0.225915,0.38209597703576925,1,correct
DFDC,2498,cazzomtxnd,1,0.78651949670165777,0.57428352240822278,0.012751,0.2198991815575497,0,false_reject
DFDC,2499,cbadplrqkh,1,0.97949261777102947,0.99860546737909317,0.61489700000000003,0.74823932110227942,1,correct
DFDC,2500,cbsdgahijn,1,0.1320349972533143,0.096716169804415622,0.089897000000000005,0.094049650803990401,0,false_reject
DFDC,2501,cbsjspmfgu,1,0.85521748359315097,0.98383247293531895,0.64564699999999997,0.75758116606025327,1,correct
DFDC,2502,cbyfxqlbsb,1,0.81100733391940594,0.87413794361054897,0.420072,0.57583854977913496,1,correct
DFDC,2503,ccaprrmvpd,1,0.33019106346182525,0.64949007859104313,0.032182000000000002,0.2322748767504042,0,false_reject
DFDC,2504,cccjtnbhev,1,0.3001460795601209,0.086979570340675619,0.15474199999999999,0.14168347508020873,0,false_reject
DFDC,2505,cckudoosrc,1,0.59178271889686584,0.82868572603911161,0.31551600000000002,0.48328025375657679,1,correct
DFDC,2506,cdksrecrsu,1,0.085288025409681723,0.16465292597422376,0.015640999999999999,0.063826929062751211,0,false_reject
DFDC,2507,cdlyhgbhkb,1,0.49243267858400941,0.76096121990121901,0.36241400000000001,0.48847909989956623,1,correct
DFDC,2508,cdsktxnmwc,1,0.48148802143556102,0.46336120146292226,0.071617,0.20963381151065474,0,false_reject
DFDC,2509,ceexspxazd,1,0.99503048695623875,0.99956836365163326,0.98318000000000005,0.98868903344330195,1,correct
DFDC,2510,cekgikvpvh,1,0.6987443370744586,0.57946948864264414,0.14011999999999999,0.29985606344651616,0,false_reject
DFDC,2511,ceqlrkstne,1,0.98126725479960442,0.9983852207660675,0.98482099999999995,0.98871257896980047,1,correct
DFDC,2512,ceqouihcqk,1,0.59495650581084192,0.35493172297719866,0.59348800000000002,0.52199454218370167,1,correct
DFDC,2513,ceszappvzi,1,0.70660676853731275,0.70271366718225181,0.086471000000000006,0.30235058858154118,1,correct
DFDC,2514,ceuzzanrsu,1,0.94135186169296503,0.96204115264117718,0.299848,0.53058113887700142,1,correct
DFDC,2515,cevntbcdly,1,0.89255645032972097,0.98021546006202698,0.25348500000000002,0.50345771053509414,1,correct
DFDC,2516,cggytqejvi,1,0.79857552510041452,0.94230968677080595,0.749973,0.81010413228626255,1,correct
DFDC,2517,cgjqvizvqh,1,0.65105289433683666,0.53790182300976341,0.25868799999999997,0.36207039161977084,1,correct
DFDC,2518,cgqxoxwbmj,1,0.1223220627871342,0.02154935960425064,0.0095739999999999992,0.018804011020631901,0,false_reject
DFDC,2519,cgwztfzqlh,1,0.51063272939063609,0.3124866207363084,0.023688000000000001,0.13467482269042433,0,false_reject
DFDC,2520,chlrfortqx,1,0.73750951793044806,0.80928793270140886,0.61473500000000003,0.67923960570694508,1,correct
DFDC,2521,chovynptuk,1,0.72747505269944668,0.97151200287044048,0.35591400000000001,0.55917145349610453,1,correct
DFDC,2522,chqxntzzbp,1,0.99776839278638363,0.9989766925573349,0.91893899999999995,0.94689177740651964,1,correct
DFDC,2523,chukkiiqbf,1,0.82473289268091321,0.76573595660738647,0.65663499999999997,0.69777018161626159,1,correct
DFDC,2524,cidbvkvngw,1,0.88147084298543632,0.91551520425127819,0.675813,0.75800655342465528,1,correct
DFDC,2525,ciliqpddvd,1,0.035873619752237573,0.075579173848382197,0.007208,0.02915263314212654,0,false_reject
DFDC,2526,cisqkgjtsw,1,0.38329815119504929,0.21654375447542407,0.10452400000000001,0.15206863390237968,0,false_reject
DFDC,2527,ciwahizfkp,1,0.54417097149416804,0.5773849522229284,0.27834900000000001,0.38135088424158692,1,correct
DFDC,2528,ciyiyjdxsj,1,0.89788575624597489,0.99878469828901617,0.019265999999999998,0.35705259729900363,1,correct
DFDC,2529,cjglhsmogy,1,0.7827728888951242,0.78659840853651986,0.021916999999999999,0.28936421700571219,0,false_reject
DFDC,2530,cjjrupwxkf,1,0.65706424228847027,0.82121130218729377,0.23571900000000001,0.43243395277061164,1,correct
DFDC,2531,cjnunntvhb,1,0.50257921637967229,0.43290029768832028,0.036977000000000003,0.17903410012547968,0,false_reject
DFDC,2532,cjqaihwwev,1,0.11950710433302447,0.0094594645124743693,0.042042999999999997,0.036141144570393531,0,false_reject
DFDC,2533,clcxoiarbb,1,0.76832083519548178,0.74733521067537367,0.26684600000000003,0.43606650496238625,1,correct
DFDC,2534,cldsjiixqs,1,0.37325502943713218,0.31472848246630747,0.116148,0.18857749621174885,0,false_reject
DFDC,2535,clyrysgimd,1,0.42065931484103203,0.34538264689035714,0.47753899999999999,0.43504810980915876,1,correct
DFDC,2536,cmahsltbhx,1,0.60300130117684603,0.93988499417901039,0.461949,0.61238241331254539,1,correct
DFDC,2537,cmdlbfyhhs,1,0.10333396005444229,0.058244004518201109,0.0090430000000000007,0.028517849358182447,0,false_reject
DFDC,2538,cmhfrmzzvm,1,0.98703921772539616,0.9995159637182951,0.99911700000000003,0.99863280000175836,1,correct
DFDC,2539,cmhgurnplu,1,0.49177720863372087,0.57061447761952877,0.024018999999999999,0.21138555371754467,0,false_reject
DFDC,2540,cmmueaopze,1,0.12250396434683353,0.037843267848074902,0.023574000000000001,0.032801278571764146,0,false_reject
DFDC,2541,cmrkmfeeih,1,0.69920055381953716,0.92716844379901886,0.41694300000000001,0.58412351083068248,1,correct
DFDC,2542,cmtrktwszh,1,0.57745951972901821,0.51931777724530548,0.22231999999999999,0.32917630916004259,1,correct
DFDC,2543,cmwnzgmwoq,1,0.20458156184758991,0.053200476653728401,0.11863,0.10329872108849802,0,false_reject
DFDC,2544,cnxxvjtpco,1,0.77949969563633204,0.78263606270775199,0.96271200000000001,0.89952860359414222,1,correct
DFDC,2545,cnzemfchgy,1,0.22191312024369836,0.056870268410420977,0.60704599999999997,0.42273663653531118,1,correct
DFDC,2546,coaozaxnlx,1,0.3583004423417151,0.56889140256680548,0.80086999999999997,0.70914794288712735,1,correct
DFDC,2547,cogzjwiqqi,1,0.92372107692062855,0.9966565016657114,0.80674599999999996,0.86956790434574482,1,correct
DFDC,2548,conmkzjvel,1,0.3442522780969739,0.40489718463504687,0.26779399999999998,0.31274786929536275,1,correct
DFDC,2549,cpegfraike,1,0.62284301919862628,0.34515775321051478,0.28773700000000002,0.32171852692308578,1,correct
DFDC,2550,cplsozhzmj,1,0.30715014090362402,0.38960816244694535,0.33989999999999998,0.35317495577926483,1,correct
DFDC,2551,cpsvujvqop,1,0.98004326596856117,0.99786764197051525,0.96635899999999997,0.97649580588958262,1,correct
DFDC,2552,cpucvkslvf,1,0.94426736421883106,0.99319510348141193,0.36643700000000001,0.58335594925536516,1,correct
DFDC,2553,cpumzvkqlc,1,0.85349968075752258,0.91792068723589182,0.49652600000000002,0.64079309020864361,1,correct
DFDC,2554,cqliuffaug,1,0.95541417598724365,0.99374983832240105,0.47842499999999999,0.6568719102960825,1,correct
DFDC,2555,cqohzsculx,1,0.66390450298786163,0.71593061974272132,0.57306299999999999,0.62046536107220951,1,correct
DFDC,2556,cqomwaggbk,1,0.63950710417702794,0.75510876346379519,0.311944,0.46127158424798992,1,correct
DFDC,2557,cqvcghbrev,1,0.47867155075073242,0.46451951190829277,0.125942,0.24515173111002445,0,false_reject
DFDC,2558,creggqvjse,1,0.7453719605691731,0.82817599456757307,0.16126599999999999,0.39054429639873056,1,correct
DFDC,2559,crmjxlzyxe,1,0.9943540170788765,0.9979087095707655,0.22703400000000001,0.4966624137251735,1,correct
DFDC,2560,csiagvjrtk,1,0.41934351747234661,0.4481261511022846,0.310031,0.35692517120430267,1,correct
DFDC,2561,csihthronq,1,0.81019340455532074,0.82318832259625196,0.26522800000000002,0.45986436700664163,1,correct
DFDC,2562,csxezvmaqf,1,0.40531044220551848,0.11276798588369275,0.038483000000000003,0.079109867875383752,0,false_reject
DFDC,2563,csykgsckcg,1,0.39063857356086373,0.32497014464024687,0.24771299999999999,0.27803642207011725,0,false_reject
DFDC,2564,cthxeajhtn,1,0.985809326171875,0.99893107824027538,0.66756400000000005,0.78288638978067637,1,correct
DFDC,2565,ctumjmjeiu,1,0.36940896604210138,0.10258995366166346,0.113001,0.1226980844006041,0,false_reject
DFDC,2566,culexejahx,1,0.38204272300936282,0.32094924384728074,0.011834000000000001,0.12307900930465238,0,false_reject
DFDC,2567,cuqsoskbnv,1,0.53680128703314456,0.76454722421664389,0.15482499999999999,0.35684048161665038,1,correct
DFDC,2568,curciucrcr,1,0.51949652433395388,0.41749890908598902,0.055787999999999997,0.1874866989424944,0,false_reject
DFDC,2569,cvlpohdirg,1,0.49071295559406281,0.40437320852652192,0.01145,0.15329011033765969,0,false_reject
DFDC,2570,cvtraacgpl,1,0.5083924091886729,0.57116730371490121,0.57557899999999995,0.57089616157390399,1,correct
DFDC,2571,cvypeicybg,1,0.17181457203696482,0.13999968822463416,0.131354,0.13597073506923849,0,false_reject
DFDC,2572,cwgfuafyce,1,0.79771385993808508,0.90589227387681603,0.21132500000000001,0.44901462515994905,1,correct
DFDC,2573,cwoqbywrig,1,0.19057948825260004,0.059194164350628853,0.31387100000000001,0.23130337371781867,0,false_reject
DFDC,2574,cwqjwlxxkh,1,0.90548152849078178,0.95448651444166899,0.33053100000000002,0.54646518075703976,1,correct
DFDC,2575,cwxqssomgn,1,0.70365285225536511,0.17986760984944261,0.73161200000000004,0.56469072556760103,1,correct
DFDC,2576,cxrybeyplm,1,0.47042857576161623,0.07243772478250321,0.052221999999999998,0.079197046222831774,0,false_reject
DFDC,2577,cxsytsvdrt,1,0.98496010260922573,0.99570203678948543,0.99689099999999997,0.99593776616730689,1,correct
DFDC,2578,cxwepknajb,1,0.96709077805280685,0.98077568970620632,0.61689899999999998,0.74357159581450227,1,correct
DFDC,2579,cxyzulspax,1,0.46818982530385256,0.45649686339311302,0.059079,0.19875990028312651,0,false_reject
DFDC,2580,cykxxmnqcl,1,0.55083837761328769,0.095490401736102432,0.27107799999999999,0.2323897394014951,0,false_reject
DFDC,2581,cyutfataai,1,0.35226964028108687,0.79497798000063213,0.16647000000000001,0.36431237601424399,1,correct
DFDC,2582,czautgvyjs,1,0.98473882302641869,0.88321078196167946,0.084277000000000005,0.36898022573982481,1,correct
DFDC,2583,czilsniwbh,1,0.97953955531120296,0.99813456535339351,0.28758099999999998,0.53534499737157815,1,correct
DFDC,2584,cznpqewmkg,1,0.48198816180229187,0.47246923148632047,0.086763000000000007,0.22223612753601074,0,false_reject
DFDC,2585,dahitfgojy,1,0.76308376435190439,0.85701102251186967,0.18690100000000001,0.41674314497115611,1,correct
DFDC,2586,dakunshkzu,1,0.78516801260411739,0.91042199498042464,0.16688600000000001,0.42086089912433328,1,correct
DFDC,2587,dancjgyhju,1,0.99219466745853424,0.99457838200032711,0.095014000000000001,0.40974234797302489,1,correct
DFDC,2588,daycpuxntw,1,0.47167293448001146,0.48123300354927778,0.024976000000000002,0.18418794778878392,0,false_reject
DFDC,2589,dbgtcawkke,1,0.36209293105639517,0.18205018139269669,0.433724,0.35464030097062876,1,correct
DFDC,2590,dccjptfjti,1,0.84902993123978376,0.9729441162198782,0.019650000000000001,0.34710723142795269,1,correct
DFDC,2591,dccpbupyte,1,0.41368896781932563,0.38303082861239091,0.024320000000000001,0.15140169697468353,0,false_reject
DFDC,2592,dcfgnvhdjp,1,0.70266838073730464,0.99299361109733586,0.74419999999999997,0.81676150236606604,1,correct
DFDC,2593,dcgunilqov,1,0.96945863775908947,0.964529138058424,0.68407099999999998,0.78247782330548166,1,correct
DFDC,2594,dcpykukvqn,1,0.79536646627821028,0.81964829924982041,0.45330700000000002,0.58031236308885659,1,correct
DFDC,2595,dcwyfukkkw,1,0.96744106284209663,0.93385900344167438,0.0090410000000000004,0.33440640417460715,1,correct
DFDC,2596,dcymyollrt,1,0.36723052023444325,0.52008515404304489,0.045761000000000003,0.20413172222463563,0,false_reject
DFDC,2597,ddlunxgwua,1,0.85593252652324736,0.88756866054609418,0.89895999999999998,0.89339122448999064,1,correct
DFDC,2598,decovavsqh,1,0.76865083910524845,0.70628396607935429,0.42441099999999998,0.52618488177906864,1,correct
DFDC,2599,dejyyrfvtl,1,0.07820546327275224,0.7132151402765885,0.86719000000000002,0.78154831524661417,1,correct
DFDC,2600,delpbizwrl,1,0.80559470889068419,0.85901920377246799,0.72220899999999999,0.76742134657627459,1,correct
DFDC,2601,dewwhprrix,1,0.28924541338346899,0.013084505044389516,0.31161100000000003,0.22093477218249033,0,false_reject
DFDC,2602,dfbonodkbo,1,0.57740326202474535,0.22557816169864964,0.074734999999999996,0.14512136161083217,0,false_reject
DFDC,2603,dgofdgfdoj,1,0.92576027289032936,0.983953807502985,0.140739,0.43295450589541196,1,correct
DFDC,2604,dgrwjwchre,1,0.91139817051589489,0.61753361270530149,0.85921199999999998,0.78931779233738519,1,correct
DFDC,2605,dgyjbpnmpz,1,0.49689287191722542,0.24306718230945989,0.12506700000000001,0.17905834828869927,0,false_reject
DFDC,2606,dhcqhejjpq,1,0.572989693202544,0.51002479362068698,0.090154999999999999,0.24025767274633331,0,false_reject
DFDC,2607,dhewoppinj,1,0.57288675149902701,0.35018997022416443,0.053015,0.16816107864220067,0,false_reject
DFDC,2608,dhmrohmfzy,1,0.57872994104400277,0.92776633333414793,0.50065899999999997,0.63269474705244455,1,correct
DFDC,2609,dhorlqszij,1,0.53629283943483907,0.73404950384170775,0.73299499999999995,0.72347624312425429,1,correct
DFDC,2610,dhrcxovasd,1,0.46481834625204405,0.27461110710476838,0.17391300000000001,0.21866769944403272,0,false_reject
DFDC,2611,dhslodskiy,1,0.48864883836358786,0.42495503090322018,0.038417,0.17689000118914544,0,false_reject
DFDC,2612,diangtiylr,1,0.89412369206547737,0.80460239201784134,0.084659999999999999,0.34111590220862625,1,correct
DFDC,2613,diarllflsn,1,0.4867831664159894,0.40106327459216118,0.010607999999999999,0.15155334069844781,0,false_reject
DFDC,2614,diavvjvaxe,1,0.35147721390239894,0.57637677519232966,0.086277000000000006,0.24656694325281883,0,false_reject
DFDC,2615,dihhcehqig,1,0.40126509517431258,0.48105704188346865,0.19082299999999999,0.28841531732375619,0,false_reject
DFDC,2616,dihovszgtm,1,0.6130678653717041,0.52630054950714111,0.63733499999999998,0.60281130812072758,1,correct
DFDC,2617,dipfrdznvg,1,0.83575030136853456,0.72600656401482411,0.29297800000000002,0.45002518427287397,1,correct
DFDC,2618,dixmnqidvn,1,0.40568569568651064,0.35436234433603075,0.060536,0.16594138808513476,0,false_reject
DFDC,2619,djboygslmb,1,0.22996419475924584,0.10646466964540342,0.054677999999999997,0.078978310631583309,0,false_reject
DFDC,2620,djoakzjyli,1,0.71362928487360477,0.89911330677568913,0.10015,0.37051295627638697,1,correct
DFDC,2621,dkceoyadvd,1,0.75538767362013459,0.61334121724939905,0.116726,0.29764364885582645,0,false_reject
DFDC,2622,dkhvxtjura,1,0.30897069742020805,0.18995690392330289,0.60302199999999995,0.46439990604800124,1,correct
DFDC,2623,dlfeuzqalm,1,0.35625641234219074,0.27246342433500104,0.202457,0.23114889791760984,0,false_reject
DFDC,2624,dlgywqqroq,1,0.28078790695872158,0.55979638185817748,0.098830000000000001,0.24621780990538933,0,false_reject
DFDC,2625,dliopyuqdm,1,0.4321217134129256,0.59686998357938137,0.77623699999999995,0.70522113074446069,1,correct
DFDC,2626,dmcivetqgo,1,0.36267715273424983,0.26885836914880201,0.25539299999999998,0.26479681838135311,0,false_reject
DFDC,2627,dmjwczjpvl,1,0.54897070676088333,0.22362465530750342,0.088719000000000006,0.1522032819302952,0,false_reject
DFDC,2628,dmtbbrxiyh,1,0.69468028750270605,0.69230528315529227,0.56411699999999998,0.60910164932172295,1,correct
DFDC,2629,dmtyypkfjq,1,0.53825992239373066,0.20125915798624711,0.33861799999999997,0.30739244351556066,1,correct
DFDC,2630,dnebauicjc,1,0.64205202425364405,0.42366623537964188,0.27701100000000001,0.33925962182657476,1,correct
DFDC,2631,dnncyitmvs,1,0.33604975725756958,0.7581851820286829,0.119744,0.32209164247148336,1,correct
DFDC,2632,dnndknhuuv,1,0.276630175486207,0.19534372740890832,0.112176,0.14534902699698285,0,false_reject
DFDC,2633,dntofrpyng,1,0.99982197396457195,0.99965164251625538,0.994448,0.99627779145310524,1,correct
DFDC,2634,dnuyaunzfr,1,0.47869887948036194,0.46296167373657227,0.088003999999999999,0.22002604609498977,0,false_reject
DFDC,2635,dnvnvyjubz,1,0.8315647856798023,0.9383812453597784,0.18240100000000001,0.44165326289192364,1,correct
DFDC,2636,dotbakupud,1,0.21594297391129658,0.47890632029157132,0.19728799999999999,0.28270624478303624,0,false_reject
DFDC,2637,dpvrlixbvw,1,0.49152706190943718,0.50837507843971252,0.045608000000000003,0.2067340766273856,0,false_reject
DFDC,2638,dqdatumwcc,1,0.41938253294210881,0.56271621567429975,0.158635,0.29289674134939536,0,false_reject
DFDC,2639,dqeqobokkb,1,0.57992950490405482,0.71938707343032282,0.64910500000000004,0.66673084727429965,1,correct
DFDC,2640,dqmmnqhyna,1,0.56021980266086757,0.29957209628628334,0.49415100000000001,0.4390807690189284,1,correct
DFDC,2641,dqnrawdfmc,1,0.85575467627495527,0.8912004306766903,0.12191,0.38938936301675486,1,correct
DFDC,2642,dqsihrqvwv,1,0.69442356703802943,0.86296256445348263,0.349499,0.52078429768794621,1,correct
DFDC,2643,dqxypqdbcn,1,0.70079786609858274,0.70968724513659254,0.52198,0.58723306684590693,1,correct
DFDC,2644,dqykuixlmo,1,0.3285680313128978,0.29953795502660796,0.096646999999999997,0.16911033807362727,0,false_reject
DFDC,2645,driffbrgwf,1,0.88739950768649578,0.5799428618629463,0.91563099999999997,0.8135129839432087,1,correct
DFDC,2646,drnjcmqbgw,1,0.46028134146971361,0.15642978941988467,0.36881799999999998,0.30967470389945106,1,correct
DFDC,2647,dsbohsxfbe,1,0.89191283751279116,0.93112502992153168,0.16094,0.42854415085209907,1,correct
DFDC,2648,dsekdaaoam,1,0.12665738037321717,0.42605705326423049,0.16497100000000001,0.24138113499793001,0,false_reject
DFDC,2649,dsqlebtpyp,1,0.92169583726812288,0.94613775942060685,0.26953300000000002,0.50512256968958824,1,correct
DFDC,2650,dtiyybjnfw,1,0.77259552199393511,0.66257868020329624,0.016982000000000001,0.24844168016068563,0,false_reject
DFDC,2651,dtizvfdvtw,1,0.12580262564006262,0.087618193654634524,0.060439,0.071860939378393482,0,false_reject
DFDC,2652,dtsaxeyngs,1,0.70934954881668089,0.81851170390844341,0.19073799999999999,0.40500068861336708,1,correct
DFDC,2653,dubivpesyc,1,0.43503708427306265,0.43339717404160183,0.044755000000000003,0.18086175642613367,0,false_reject
DFDC,2654,dusazpmtmu,1,0.87760262750089169,0.95745346695184708,0.022915999999999999,0.34601157146059869,1,correct
DFDC,2655,dvbvxxujrt,1,0.080149055691435933,0.011548044116352685,0.27998099999999998,0.18945951601947761,0,false_reject
DFDC,2656,dvhzigfykg,1,0.98488019220530987,0.99894936569035053,0.94249499999999997,0.9615505693173706,1,correct
DFDC,2657,dvlqxgrzul,1,0.79940127395093441,0.86465248267631978,0.30065799999999998,0.49479350850044262,1,correct
DFDC,2658,dvwdvyphkl,1,0.98563068546354771,0.98538008891046047,0.91348399999999996,0.93866016094631555,1,correct
DFDC,2659,dvxwytbuca,1,0.89258318562661443,0.9959942333159908,0.92970799999999998,0.94773762927612792,1,correct
DFDC,2660,dvzjuqkdkb,1,0.6655254689976573,0.69261031621135771,0.13830200000000001,0.33095566831329021,1,correct
DFDC,2661,dwdvvvfvjz,1,0.39382981392554939,0.37414820004778448,0.045696000000000001,0.1616383507106128,0,false_reject
DFDC,2662,dwqxcyacql,1,0.74521902343258262,0.65736853709677234,0.38784400000000002,0.48657011230066088,1,correct
DFDC,2663,dwujltubmv,1,0.2782595075907246,0.10284800914626929,0.68619600000000003,0.49079477812341704,1,correct
DFDC,2664,dwvjzwfynk,1,0.64363388996571302,0.26945041741419118,0.41958899999999999,0.38574966972254304,1,correct
DFDC,2665,dwwtnkbpcu,1,0.74925529304891825,0.78722822479903698,0.13722799999999999,0.36282943209215701,1,correct
DFDC,2666,dxigvdcusn,1,0.9888150580227375,0.9982713870704174,0.70325800000000005,0.8060398690222621,1,correct
DFDC,2667,dyedfdexvz,1,0.27464965105173178,0.19232711941731395,0.015077999999999999,0.081231318377780762,0,false_reject
DFDC,2668,dyjfwhkscf,1,0.97193050011992455,0.97394692059606314,0.87122100000000002,0.90707425118481511,1,correct
DFDC,2669,dypxvzdzrk,1,0.71853113826364279,0.72883442335296422,0.125358,0.33605958391907143,1,correct
DFDC,2670,dyugzwjinf,1,0.67664903274271637,0.76573312483378686,0.45690399999999998,0.56053998908727187,1,correct
DFDC,2671,dzmevdjjgq,1,0.4921910110861063,0.41304385650437325,0.83933899999999995,0.69409305750561723,1,correct
DFDC,2672,eakjovumfo,1,0.49227639380842447,0.37661748356185853,0.020222,0.15074336475897879,0,false_reject
DFDC,2673,eakxsqxjmw,1,0.26515711250249296,0.020567827079503331,0.0098169999999999993,0.025809253748975646,0,false_reject
DFDC,2674,ebfqmkeyrz,1,0.40065693715587258,0.48662794855772518,0.0094509999999999993,0.17216438142511117,0,false_reject
DFDC,2675,eblulnzamm,1,0.37171249091625214,0.021075407494208775,0.019886999999999998,0.03783479679407524,0,false_reject
DFDC,2676,eboyboyzis,1,0.083391029387712479,0.0079712667502462864,0.032606999999999997,0.02775548149445951,0,false_reject
DFDC,2677,ecdwnupwqz,1,0.74511823290959001,0.9565863311290741,0.93213000000000001,0.93011631098420167,1,correct
DFDC,2678,ecfablrjuu,1,0.63834121040417813,0.77659964226768352,0.52805800000000003,0.60813465320051396,1,correct
DFDC,2679,ecfmocntmw,1,0.49091921932995319,0.50667054392397404,0.047170999999999998,0.20720827414368986,0,false_reject
DFDC,2680,echbgqhgnq,1,0.70608248421922326,0.93723045662045479,0.100581,0.38185091119709763,1,correct
DFDC,2681,ecjpfrtwwf,1,0.83011912344954908,0.89205980719998479,0.481074,0.62182199833247287,1,correct
DFDC,2682,ecvmxvlqxf,1,0.97578153386712074,0.99776296503841877,0.87133899999999997,0.91448831620488169,1,correct
DFDC,2683,edbbrnftzw,1,0.16993767925305292,0.61463001440279186,0.19056899999999999,0.31675573828349018,1,correct
DFDC,2684,edbcvexgty,1,0.83646915107965469,0.45901542415958829,0.11450399999999999,0.25395568480185921,0,false_reject
DFDC,2685,edkpafcypw,1,0.77779818826820701,0.80991586841992103,0.54058300000000004,0.63324361993938671,1,correct
DFDC,2686,edlqtgyjya,1,0.58548074401915073,0.84414771199226379,0.40099400000000002,0.54316445079863673,1,correct
DFDC,2687,edptajakmm,1,0.98950667679309845,0.99395518377423286,0.63314099999999995,0.75920353897192472,1,correct
DFDC,2688,eehraouuox,1,0.66751004103571177,0.86236981581896544,0.55110300000000001,0.65030339679747518,1,correct
DFDC,2689,eehypuclgh,1,0.4467846235493198,0.44009333849680843,0.21614800000000001,0.2948634327265085,0,false_reject
DFDC,2690,eeryrpaeec,1,0.55574904847890139,0.17753616828122176,0.105517,0.14963435290831159,0,false_reject
DFDC,2691,efmjwenwxa,1,0.73272413853555918,0.99785031192004681,0.11005,0.40752380050279197,1,correct
DFDC,2692,efnidrmveb,1,0.52204423351213336,0.2563408971473109,0.309309,0.30405533081979996,1,correct
DFDC,2693,efyiyeezdx,1,0.92251142859458923,0.98815463855862617,0.2089,0.47835696299731728,1,correct
DFDC,2694,egjkkbuuom,1,0.37546735163778067,0.076262725575361401,0.038497000000000003,0.06667523525449745,0,false_reject
DFDC,2695,egmxjlpkbf,1,0.46241712311039801,0.45931891384332074,0.064734,0.20299363030851611,0,false_reject
DFDC,2696,egpxegpbej,1,0.76203510910272598,0.46899017976829782,0.31378800000000001,0.38276100938562568,1,correct
DFDC,2697,egttdftyud,1,0.40572956914547831,0.23585749045014381,0.016087000000000001,0.10150027559231704,0,false_reject
DFDC,2698,ehedtiksro,1,0.26510573964333162,0.088386419411108363,0.0060769999999999999,0.043721262805499095,0,false_reject
DFDC,2699,ehloggeoqa,1,0.99881422892212868,0.99916904047131538,0.031398000000000002,0.37010012358750105,1,correct
DFDC,2700,ehlucbfyre,1,0.61798487883061171,0.40467506021377631,0.58779599999999999,0.53436916200566353,1,correct
DFDC,2701,ehpnqapcha,1,0.33425737880170348,0.20512120025232433,0.105568,0.14686842901578245,0,false_reject
DFDC,2702,eiavjclfqu,1,0.55003684293478727,0.55001730223739287,0.404499,0.45543138281795725,1,correct
DFDC,2703,eiqkdlrcsv,1,0.59559907345101237,0.62579305822146125,0.21238899999999999,0.35557072113898897,1,correct
DFDC,2704,ejcjnjxmla,1,0.77868144493550062,0.51002530966798076,0.080231999999999998,0.24409246514716926,0,false_reject
DFDC,2705,ejhumipcge,1,0.26460066437721252,0.97323620319366455,0.054318999999999999,0.34050824417696002,1,correct
DFDC,2706,ejmxvdwlxe,1,0.47800043085590005,0.67878042979282327,0.025381999999999998,0.24403245048064195,0,false_reject
DFDC,2707,ejsaqwuxrf,1,0.77555733826011419,0.67614222166594118,0.52371199999999996,0.58203333341278807,1,correct
DFDC,2708,ekbralzvgg,1,0.99537633918225765,0.99925149977207184,0.927315,0.95229901689073448,1,correct
DFDC,2709,ekgzalmbun,1,0.48273581529364867,0.28400603259968404,0.18244299999999999,0.22792655054458766,0,false_reject
DFDC,2710,ekjlahswph,1,0.73981362814083695,0.97141833417117596,0.868533,0.89296263165839462,1,correct
DFDC,2711,ekktwlyrkf,1,0.34316914204147553,0.49402439792550379,0.054147000000000001,0.20056132647972491,0,false_reject
DFDC,2712,ekpzdlirrm,1,0.49191385507583618,0.53034237772226334,0.085085999999999995,0.2390043060704708,0,false_reject
DFDC,2713,ekskfsurit,1,0.16248224722221494,0.0089901827741414309,0.73216199999999998,0.48672646719335316,1,correct
DFDC,2714,eliwszkdwu,1,0.32610956963992888,0.25852110331517553,0.53925299999999998,0.44437625947654907,1,correct
DFDC,2715,elrgzkijoq,1,0.48729212291073054,0.73521305981557816,0.27248099999999997,0.42204117409020997,1,correct
DFDC,2716,emmjfldrwk,1,0.76645866106264293,0.804029279446695,0.15720700000000001,0.38171626688714061,1,correct
DFDC,2717,emqsanqgjj,1,0.49479124508798122,0.24353551864624023,0.003166,0.09985811784827113,0,false_reject
DFDC,2718,emtrevowgr,1,0.26418742840178311,0.5310037771705538,0.58342700000000003,0.55173805457125535,1,correct
DFDC,2719,enbqdahetv,1,0.12813405907945707,0.1489471298555145,0.35833100000000001,0.2840059919106272,0,false_reject
DFDC,2720,enmaabqehc,1,0.69754667929373682,0.35865176540391985,0.58585399999999999,0.52327796358586276,1,correct
DFDC,2721,ennulegwpy,1,0.13564076577313244,0.09894855585298501,0.37559799999999999,0.28060530504455211,0,false_reject
DFDC,2722,enrnwxegkh,1,0.50426073698326945,0.12467847732477821,0.51501799999999998,0.39737828004659692,1,correct
DFDC,2723,eolqyducfr,1,0.7609024397097528,0.71556094434345141,0.72492500000000004,0.72391465528852306,1,correct
DFDC,2724,eoypxhupfb,1,0.35861351949279197,0.12906792408102774,0.192778,0.18195675319894794,0,false_reject
DFDC,2725,eppwlomdag,1,0.3894893703982234,0.13195567706861766,0.28670299999999999,0.24541812164049648,0,false_reject
DFDC,2726,eqektplcux,1,0.23440014581137802,0.3140326439315686,0.50690400000000002,0.43541740047003952,1,correct
DFDC,2727,eqfhrbwquz,1,0.48733337968587875,0.48190912324935198,0.036297999999999997,0.1925331059590995,0,false_reject
DFDC,2728,eqpucsmblx,1,0.9955023005604744,0.99924991093575954,0.53734999999999999,0.69882758830875158,1,correct
DFDC,2729,equagrhpbb,1,0.38276978943031281,0.22368262006784789,0.12091399999999999,0.16483737549187,0,false_reject
DFDC,2730,erjzziiwss,1,0.65936392522417009,0.76908326477860101,0.57772599999999996,0.63921507569478875,1,correct
DFDC,2731,esfclzvnmw,1,0.57102064490318294,0.69681294560432439,0.40675,0.50198241592645643,1,correct
DFDC,2732,esjkswjlfa,1,0.58262164215557277,0.97890756744891405,0.73721000000000003,0.8019898523424529,1,correct
DFDC,2733,eskjtysncp,1,0.49287604168057442,0.35902300151064992,0.047773000000000003,0.16340315253722371,0,false_reject
DFDC,2734,esxfdqxdeg,1,0.7953870752826333,0.60149457943043672,0.074688000000000004,0.26876492759326265,0,false_reject
DFDC,2735,esybbvlxmq,1,0.89392662234604359,0.84737974769086577,0.60861299999999996,0.69450870542456189,1,correct
DFDC,2736,etppbkyefu,1,0.84934622049331665,0.99841570854187012,0.017985999999999999,0.35368292358722686,1,correct
DFDC,2737,etyiadtkbu,1,0.38721551778523816,0.34109392483799678,0.086660000000000001,0.17801795334066095,0,false_reject
DFDC,2738,euaqrxntva,1,0.75123605411499739,0.70732043019961566,0.39556799999999998,0.50687713176563454,1,correct
DFDC,2739,eueqwmtpkk,1,0.67972237756475806,0.47953804756980389,0.61757300000000004,0.5792699831491791,1,correct
DFDC,2740,eupnmjxwyf,1,0.7305118590593338,0.96505202353000641,0.18864300000000001,0.44865915001196865,1,correct
DFDC,2741,euzhhiqndu,1,0.59749821526929736,0.80216382443904877,0.16107399999999999,0.3752221580951795,1,correct
DFDC,2742,evpdvegqwt,1,0.60494391403851966,0.42925864482118237,0.042187000000000002,0.18644633914828068,0,false_reject
DFDC,2743,evtrktfuos,1,0.30861402444284536,0.54769097865912419,0.12828700000000001,0.26312454481987951,0,false_reject
DFDC,2744,evuwvdhlfk,1,0.23376389460698252,0.40664406895877853,0.082175999999999999,0.18709581541798267,0,false_reject
DFDC,2745,evykkxtcbf,1,0.10834831988904625,0.019029674775083549,0.39947700000000003,0.2707863684269774,0,false_reject
DFDC,2746,ewhscsskwm,1,0.73732643481343985,0.33786472576321103,0.26177699999999998,0.30838078946963526,1,correct
DFDC,2747,ewluvpxire,1,0.56013450940372422,0.56548888873658143,0.20025399999999999,0.3278184920911606,1,correct
DFDC,2748,ewsweenccy,1,0.2723943660967052,0.21116575389169157,0.20557700000000001,0.21059449447234274,0,false_reject
DFDC,2749,ewzkeaioww,1,0.48947798181325197,0.52795580215752125,0.011013,0.19001908973791898,0,false_reject
DFDC,2750,exkmtvjfic,1,0.13283825886901468,0.0054177794336283114,0.21194299999999999,0.14603019677353923,0,false_reject
DFDC,2751,exoqftnibg,1,0.55046513117849827,0.4708777455962263,0.21396200000000001,0.30786188023779282,1,correct
DFDC,2752,ezamdivess,1,0.84308585338294506,0.82161196204833686,0.32328499999999999,0.49877313128364831,1,correct
DFDC,2753,ezccfraedf,1,0.63800634443759918,0.9449505574173398,0.75034800000000001,0.80311168444708192,1,correct
DFDC,2754,ezhnmgfbbv,1,0.47137337573803961,0.34494321016245522,0.27193000000000001,0.30380613183563859,1,correct
DFDC,2755,ezhwpngteq,1,0.84022145066410303,0.94235672522336245,0.66039800000000004,0.7539767901002139,1,correct
DFDC,2756,ezitkbrgft,1,0.91619819402694702,0.96526082418859005,0.48990699999999998,0.65382770695792436,1,correct
DFDC,2757,ezixfnntvm,1,0.6292697605676949,0.69244534891913645,0.42822900000000003,0.51754594270412568,1,correct
DFDC,2758,ezjszveylt,1,0.29801973100984469,0.071619848567934241,0.21418899999999999,0.17560979112087249,0,false_reject
DFDC,2759,eztvfbvbom,1,0.71400069072842598,0.8721624028403312,0.33935399999999999,0.51792885538852063,1,correct
DFDC,2760,ezynrjqcgl,1,0.88289154949598014,0.93158900365233421,0.15070800000000001,0.42158147857049927,1,correct
DFDC,2761,ezzrgvjkck,1,0.19488467430346645,0.20944377259002067,0.215583,0.21270631549217953,0,false_reject
DFDC,2762,fahlmtwcnk,1,0.6311284997142278,0.36038634990556884,0.11403199999999999,0.21379312995738203,0,false_reject
DFDC,2763,farddxboxi,1,0.24661507457494736,0.016303485034344097,0.123531,0.097516949239050604,0,false_reject
DFDC,2764,faxrzwvgbe,1,0.98479547724127769,0.99941527098417282,0.36164000000000002,0.58413035515731582,1,correct
DFDC,2765,fbbkuoznnb,1,0.70342887891456485,0.92292420985177159,0.90001900000000001,0.8970610569012597,1,correct
DFDC,2766,fbgyezszin,1,0.84025738295167685,0.71014316735090688,0.81576599999999999,0.78530371935285592,1,correct
DFDC,2767,fbkfxtihba,1,0.88265477307140827,0.99498632550239563,0.75651100000000004,0.83436078630428911,1,correct
DFDC,2768,fbmuppdorf,1,0.96196425147354603,0.93600248452275991,0.75461500000000004,0.81939870793050529,1,correct
DFDC,2769,fbnkeivwex,1,0.4917224794626236,0.56160366348922253,0.051235999999999997,0.22637062301989794,0,false_reject
DFDC,2770,fbrtggajtk,1,0.4000647331122309,0.049636465220828541,0.108613,0.10549262622186011,0,false_reject
DFDC,2771,fbskewkojf,1,0.68851469670023235,0.77743269503116608,0.477657,0.5781325933443614,1,correct
DFDC,2772,fbzxgcdnfd,1,0.49040197752989256,0.52768655235950768,0.091273999999999994,0.24215416458434691,0,false_reject
DFDC,2773,fccxpnbwet,1,0.38841768130660059,0.46309809343268477,0.89298200000000005,0.73878861209513547,1,correct
DFDC,2774,fczouljsnw,1,0.51156750088557601,0.57622284244280308,0.34966799999999998,0.4257294277771197,1,correct
DFDC,2775,fdatnthcpk,1,0.23465288111765403,0.076985103580227587,0.149477,0.13198822512995098,0,false_reject
DFDC,2776,fdmqqhmrub,1,0.20410476019605994,0.17836653380800271,0.076669000000000001,0.11355004815220382,0,false_reject
DFDC,2777,fdqikuvvvb,1,0.65083388984203339,0.6416112759616226,0.17004,0.33555107728058847,1,correct
DFDC,2778,febeemdgtw,1,0.15385990487993695,0.051929950277553871,0.0048900000000000002,0.02645048032726301,0,false_reject
DFDC,2779,ferqqeaamr,1,0.64619832317675319,0.63992668402891961,0.28308299999999997,0.40829187136751355,1,correct
DFDC,2780,feujfdcfap,1,0.94075497984886169,0.99866566061973572,0.77601799999999999,0.85104914717836377,1,correct
DFDC,2781,fevdiovtab,1,0.76339916698634624,0.77182674698997289,0.095361000000000001,0.33170263244630921,1,correct
DFDC,2782,ffiehpqpet,1,0.086063648574054241,0.03658970868996074,0.216194,0.15580619503569093,0,false_reject
DFDC,2783,ffoflrdtwt,1,0.82492261007428169,0.64410357148153707,0.073163000000000006,0.28203315194817519,0,false_reject
DFDC,2784,ffsddqnzjc,1,0.14465516060590744,0.044457501352385236,0.057340000000000002,0.057841008436010949,0,false_reject
DFDC,2785,ffuotqkeqo,1,0.5311356473427552,0.6244015851272986,0.21759300000000001,0.35531270790532732,1,correct
DFDC,2786,fgbriwwrwg,1,0.31606385545455851,0.2039887717255624,0.045872000000000003,0.10681662429039665,0,false_reject
DFDC,2787,fghtpjjiat,1,0.84210182353854179,0.83921160083264112,0.41909099999999999,0.56627772142671939,1,correct
DFDC,2788,fgijfsduwq,1,0.5812077799346298,0.75262978067621589,0.41258,0.5230263231995963,1,correct
DFDC,2789,fgoohiqech,1,0.44620017409324647,0.88253852725028992,0.62487099999999995,0.69323771687974922,1,correct
DFDC,2790,fhcccydsuf,1,0.95174454525113106,0.99794275499880314,0.91157900000000003,0.93949640376219756,1,correct
DFDC,2791,fhcofbcdrp,1,0.58274734718725085,0.63390077999792993,0.225383,0.36580655135874152,1,correct
DFDC,2792,fhgjdwhfnw,1,0.71587504632771015,0.1917581951347529,0.060858000000000002,0.13287891085681139,0,false_reject
DFDC,2793,fiedaihzgl,1,0.89030797034502029,0.88549667922779918,0.56312600000000002,0.6761963022855908,1,correct
DFDC,2794,fiizgnaeci,1,0.94523125793784857,0.9913788978010416,0.57242099999999996,0.7167488822372049,1,correct
DFDC,2795,filwzmkbei,1,0.98493405804038048,0.99572655558586121,0.80653799999999998,0.87221436957777743,1,correct
DFDC,2796,finwunrgff,1,0.21289216168224812,0.028160007481346838,0.116032,0.094513410328516456,0,false_reject
DFDC,2797,firtpmwhjr,1,0.77551890909671783,0.73580238083377481,0.64419000000000004,0.67824015970496843,1,correct
DFDC,2798,fjpwpyhhyn,1,0.85088733676820993,0.78750291242613457,0.33345599999999997,0.49554164056625088,1,correct
DFDC,2799,fjwgruhuog,1,0.48608926322776824,0.54050325434945989,0.14196500000000001,0.27873268946622637,0,false_reject
DFDC,2800,fkvwjomemq,1,0.99402215518057346,0.99869549088180065,0.97400200000000003,0.98241105502356896,1,correct
DFDC,2801,fkwsjqmovg,1,0.77475534845143557,0.37883015879197046,0.24177299999999999,0.30953926506016288,1,correct
DFDC,2802,flcujwblwm,1,0.52036880317609757,0.3365468924457673,0.12809400000000001,0.21024360789253507,0,false_reject
DFDC,2803,fminvqioer,1,0.66109000332653522,0.76983225985895842,0.79810599999999998,0.78277307812401431,1,correct
DFDC,2804,fmpkjrnvkl,1,0.99359273165464401,0.99946445971727371,0.98029900000000003,0.98671332449791438,1,correct
DFDC,2805,fmvbeuzacy,1,0.87254286170005801,0.77813866153359412,0.31806600000000002,0.48381164154508116,1,correct
DFDC,2806,fmwhpifahs,1,0.85091984365135431,0.99733563885092735,0.54558399999999996,0.69637628383784589,1,correct
DFDC,2807,fnckiatbyo,1,0.48417861014604568,0.097697272198274732,0.30924499999999999,0.25452736216678473,0,false_reject
DFDC,2808,fndqrsimvk,1,0.31290632532909513,0.49815357313491404,0.20721100000000001,0.29977853820692901,0,false_reject
DFDC,2809,fnlgrondyy,1,0.023033652304401322,0.01876478735357523,0.012251,0.014744268821292634,0,false_reject
DFDC,2810,fnmcvyiycf,1,0.58156051998957992,0.32044576370390132,0.40184500000000001,0.38641100511064941,1,correct
DFDC,2811,fnwddvucwi,1,0.47144110783119686,0.3411726779777382,0.180341,0.24314550878488131,0,false_reject
DFDC,2812,folzoeakbs,1,0.30175050953403115,0.2811689891241258,0.064151,0.14113637221393929,0,false_reject
DFDC,2813,fovlsloxgg,1,0.9697306714951992,0.99913242273032665,0.96615899999999999,0.97622961039385792,1,correct
DFDC,2814,fowvcyywix,1,0.34600519138621166,0.41940110064751934,0.205313,0.27657403976356637,0,false_reject
DFDC,2815,fpeaebukob,1,0.91474568424746394,0.97186265699565411,0.78271000000000002,0.84605758131106945,1,correct
DFDC,2816,fpkihzxefi,1,0.71219680784270167,0.9025560193695128,0.64360300000000004,0.72471859620298895,1,correct
DFDC,2817,fpwujnscby,1,0.99162604287266731,0.99750617332756519,0.96178399999999997,0.97399275414190289,1,correct
DFDC,2818,fqfhlpummk,1,0.93585762567818165,0.97440618649125099,0.074644000000000002,0.3876333372312844,1,correct
DFDC,2819,fqiyxgutzv,1,0.33148058917140588,0.22185239766258746,0.12407,0.16377524875734653,0,false_reject
DFDC,2820,fqnvtecrth,1,0.72221347759477794,0.86322143254801631,0.600406,0.68534100364414374,1,correct
DFDC,2821,fqokkenubm,1,0.14053188983234577,0.03001285429490963,0.062202,0.056461750780090178,0,false_reject
DFDC,2822,fqrtdzrjms,1,0.93428988382220268,0.95986221730709076,0.20110600000000001,0.46539205938323736,1,correct
DFDC,2823,fqzzjtcjtp,1,0.50737040350213647,0.39415458173607476,0.112149,0.21651174469592926,0,false_reject
DFDC,2824,fruaalgdua,1,0.49623699486255646,0.096032381057739258,0.18776399999999999,0.17566816406044961,0,false_reject
DFDC,2825,frzfwkucxv,1,0.15866125753382221,0.065483999889693223,0.11835,0.10450576284359908,0,false_reject
DFDC,2826,fsgqgnlmrr,1,0.4130404795287177,0.44824559762491845,0.34876499999999999,0.38182295326391141,1,correct
DFDC,2827,fszdcmhdsh,1,0.62367954500950873,0.6247774401854258,0.087614999999999998,0.2755669593061032,0,false_reject
DFDC,2828,fttgwkqous,1,0.32261925318744034,0.27530227250827011,0.019213999999999998,0.11121074441185305,0,false_reject
DFDC,2829,fttqrrnjfo,1,0.82843037415295839,0.9945306908339262,0.51484099999999999,0.67442737595782576,1,correct
DFDC,2830,fuczaojafc,1,0.99896207824349403,0.99978296458721161,0.90478499999999995,0.93799324328833811,1,correct
DFDC,2831,fuyzjkkfcn,1,0.92223586638768518,0.99522582689921057,0.92679699999999998,0.9470975913891474,1,correct
DFDC,2832,fveurzydva,1,0.49268113449215889,0.21313798613846302,0.0026580000000000002,0.090303152566146849,0,false_reject
DFDC,2833,fvuzsdrlyi,1,0.96310745552182198,0.99634050205349922,0.68412499999999998,0.79173877339214083,1,correct
DFDC,2834,fwgvnczqhq,1,0.91734111495316029,0.95434832572937012,0.74407100000000004,0.81581770346646909,1,correct
DFDC,2835,fxfbkletwv,1,0.89869911782443523,0.94498070981353521,0.261239,0.49823451883528236,1,correct
DFDC,2836,fxqysugaxk,1,0.30651695223059505,0.27976829589169938,0.150229,0.19690518637903956,0,false_reject
DFDC,2837,fxvcszyvdm,1,0.49570768956954664,0.51536009317407239,0.86212,0.7397714124306991,1,correct
DFDC,2838,fyblfajoks,1,0.88327674753963947,0.69889608351513743,0.28247100000000003,0.43743881243152322,1,correct
DFDC,2839,fyvnndblfs,1,0.81881142194781986,0.83857275479074034,0.24587000000000001,0.45232789753461311,1,correct
DFDC,2840,fzdteziiok,1,0.51758804172277451,0.62561143515631557,0.34197499999999997,0.43584658263303339,1,correct
DFDC,2841,fzdzixabsu,1,0.54996021240949633,0.47468355381861327,0.37481700000000001,0.41353412676605883,1,correct
DFDC,2842,fzfyurlavb,1,0.3951217345893383,0.22546891693491489,0.23716799999999999,0.24155596180994138,0,false_reject
DFDC,2843,fzoyitbzxx,1,0.61093811760656536,0.87420640839263797,0.416688,0.56365602839811968,1,correct
DFDC,2844,fzqancnyok,1,0.071823928039520979,0.058435622864635661,0.022393,0.035677333261366746,0,false_reject
DFDC,2845,fztguntjvg,1,0.74625933216884732,0.8933194195269607,0.26328299999999999,0.47644274246653051,1,correct
DFDC,2846,gaivvgpkem,1,0.90421106738428914,0.99963639243956537,0.855769,0.90135132110108407,1,correct
DFDC,2847,gasdojjnkc,1,0.64166014525108039,0.64726180408615619,0.81517600000000001,0.75612594848840087,1,correct
DFDC,2848,gaugojsokx,1,0.48951735161244869,0.52424066513776779,0.107055,0.25133381712195274,0,false_reject
DFDC,2849,gbvgksqusp,1,0.14357313848449849,0.30928880913415924,0.101384,0.16586489966447271,0,false_reject
DFDC,2850,gbvgtnetwa,1,0.22784319275524467,0.44207513460423797,0.202406,0.27557860001903361,0,false_reject
DFDC,2851,gbvopalnhj,1,0.39463100240391213,0.39119086485879961,0.39957700000000002,0.39681385957783549,1,correct
DFDC,2852,gbyhxtuhfi,1,0.8447629464790225,0.9993024654686451,0.93228100000000003,0.94801153696454465,1,correct
DFDC,2853,gcguqlcezj,1,0.4180496202574836,0.52215650346544051,0.30943900000000002,0.37868478205250633,1,correct
DFDC,2854,gcqxygqwxg,1,0.99289075098931789,0.99945814348757267,0.99512800000000001,0.99631518059573776,1,correct
DFDC,2855,gcrjmwxspl,1,0.71078652143478394,0.07406943291425705,0.11465400000000001,0.13228525594601631,0,false_reject
DFDC,2856,gdckahecuk,1,0.50676823104731739,0.51225009938934818,0.55285300000000004,0.5383678913691704,1,correct
DFDC,2857,gdexsvnsdj,1,0.85244668647646904,0.89364239294081926,0.63843300000000003,0.72569650220606929,1,correct
DFDC,2858,gdgbvqwpok,1,0.94589263387024403,0.98315695859491825,0.23511799999999999,0.49506841927198769,1,correct
DFDC,2859,gdicvvijwf,1,0.4068181696865294,0.29791494127776885,0.045941000000000003,0.13957704086765713,0,false_reject
DFDC,2860,gdttxqyimc,1,0.45110477937851101,0.76933890534564853,0.28451599999999999,0.43829231057262014,1,correct
DFDC,2861,gewplehdyb,1,0.49063675012439489,0.16478789848042652,0.42799199999999998,0.3521630070503477,1,correct
DFDC,2862,gfactyzzrh,1,0.54925635922700167,0.18050065424176864,0.034481999999999999,0.10402631423388067,0,false_reject
DFDC,2863,ggbjwpedjp,1,0.41532446455676109,0.43519505827862304,0.55267999999999995,0.51056674071142494,1,correct
DFDC,2864,ggcodinzem,1,0.36832638608757406,0.40848462907888461,0.057187000000000002,0.17813325802804408,0,false_reject
DFDC,2865,ggegzvgcgr,1,0.79053374131520593,0.82799861828486121,0.047805,0.31899952255121866,1,correct
DFDC,2866,gggzxhxavq,1,0.94488244131207466,0.55197204984142445,0.44337700000000002,0.50103078701803105,1,correct
DFDC,2867,ggvlkoujlu,1,0.81691000610589981,0.68678984715370461,0.39682699999999999,0.5048200044514064,1,correct
DFDC,2868,ggyofjuslm,1,0.2001954071327216,0.28008774675739306,0.22278000000000001,0.23884309438385401,0,false_reject
DFDC,2869,ghfidbceik,1,0.96536744199693203,0.7532850606366992,0.88490500000000005,0.84944214029085641,1,correct
DFDC,2870,ghmcipcpvw,1,0.40191196487285197,0.39115397316345479,0.140815,0.22897154019267904,0,false_reject
DFDC,2871,ghoonbfwgi,1,0.71317684417590499,0.75350451990379952,0.15850400000000001,0.36473779817993507,1,correct
DFDC,2872,ghvxcjzjya,1,0.94269429333508015,0.9992439541965723,0.88525699999999996,0.92232495092572575,1,correct
DFDC,2873,gijszvsrch,1,0.84775687394471,0.94399643560935709,0.44339000000000001,0.61379027438004263,1,correct
DFDC,2874,gilpjhbwsl,1,0.1180692016496323,0.0095699835110281128,0.028292000000000001,0.027164255135790051,0,false_reject
DFDC,2875,gjobpdsbpd,1,0.91705790934739284,0.99492181451232342,0.15132399999999999,0.44269003982106669,1,correct
DFDC,2876,gjwtzofqke,1,0.98640746809542179,0.99871499091386795,0.57261899999999999,0.72113722067893149,1,correct
DFDC,2877,gkgejckhxi,1,0.79426223536332452,0.66415264829993248,0.40552100000000002,0.50254755625814596,1,correct
DFDC,2878,gkhhhvjkmr,1,0.51807976067066197,0.33296595662832262,0.30915399999999998,0.32674387502202989,1,correct
DFDC,2879,gkxtjkaqri,1,0.632793172262609,0.29121680972457398,0.016015000000000001,0.12941445153050266,0,false_reject
DFDC,2880,gliciqygon,1,0.24961097456980497,0.12731822023488348,0.133601,0.1375166647989553,0,false_reject
DFDC,2881,glllnunaji,1,0.77241579251131043,0.83764459291705862,0.96462700000000001,0.91692171750068319,1,correct
DFDC,2882,glskvxmfdn,1,0.4587579071521759,0.39993213613828021,0.36663699999999999,0.38123158619909286,1,correct
DFDC,2883,glvykqwzmu,1,0.96151557564735413,0.99418805725872517,0.98650300000000002,0.98755914595998529,1,correct
DFDC,2884,glzagtghom,1,0.78333528712391853,0.63777533476240933,0.122488,0.31011656478491872,1,correct
DFDC,2885,gmfsowdesq,1,0.99443645030260086,0.99936060979962349,0.85994099999999996,0.90849165545501709,1,correct
DFDC,2886,gmfynteafv,1,0.98407641425728798,0.99851849861443043,0.99337399999999998,0.99445247029719352,1,correct
DFDC,2887,gmulwfvekg,1,0.12855094578117132,0.18132916279137135,0.015147000000000001,0.07067184612646997,0,false_reject
DFDC,2888,gmwopkkkas,1,0.36171667964663357,0.43955315234779846,0.084302000000000002,0.20474807968667122,0,false_reject
DFDC,2889,gnbhgqwcqa,1,0.7649192288517952,0.90621967241168022,0.438081,0.59486451316609379,1,correct
DFDC,2890,gneonsmngz,1,0.47551989555358887,0.74172580242156982,0.21546299999999999,0.38634468550415035,1,correct
DFDC,2891,gngclqvtwm,1,0.6946088552474976,0.61626188804705939,0.21035100000000001,0.35633715917649272,1,correct
DFDC,2892,gnqbfzhntf,1,0.21101695779137886,0.12763305094379646,0.065775,0.091594513172707878,0,false_reject
DFDC,2893,gobqandfsr,1,0.71711992300473726,0.94961268626726592,0.39511200000000002,0.57756260203041665,1,correct
DFDC,2894,gowmijjodu,1,0.81429563719650799,0.93456264097115094,0.29195399999999999,0.51085367415117067,1,correct
DFDC,2895,gowytswfqh,1,0.81609991192817688,0.92350258429845178,0.47658800000000001,0.62763797088594442,1,correct
DFDC,2896,gprkijzcyo,1,0.51953761978074908,0.71530661243014038,0.093367000000000006,0.30125741471807954,1,correct
DFDC,2897,gpvfueyuhb,1,0.9804923627525568,0.99866010993719101,0.25672499999999998,0.51549390111878512,1,correct
DFDC,2898,gpwbbtwlkw,1,0.49306405987590551,0.52543891035020351,0.031898999999999997,0.20301922609885634,0,false_reject
DFDC,2899,gpxsilkybj,1,0.52345913706813008,0.82878016913309693,0.20008400000000001,0.40486160759333556,1,correct
DFDC,2900,gpywsvqsbo,1,0.18584504822501913,0.26299000004655682,0.049942,0.12065155242521799,0,false_reject
DFDC,2901,gpzdnjvgzz,1,0.2082644950132817,0.0607793889939785,0.18407000000000001,0.14829254144885765,0,false_reject
DFDC,2902,gqbrhhbetz,1,0.47690156102180481,0.47663766145706177,0.28966999999999998,0.35512187648820875,1,correct
DFDC,2903,gqfkeokcww,1,0.9066740982234478,0.92793212505057454,0.90827899999999995,0.91409469242634478,1,correct
DFDC,2904,gqlauydiet,1,0.52717401925474405,0.21629998690332286,0.26294099999999998,0.26216034703373403,0,false_reject
DFDC,2905,gqsmjpjlwg,1,0.56603695638477802,0.72567912057274953,0.35333799999999999,0.47567528399106374,1,correct
DFDC,2906,gqtxuqzkyt,1,0.52821712658323094,0.51143612532780092,0.23400299999999999,0.33194364392750181,1,correct
DFDC,2907,grdcomxjoe,1,0.81531640188768506,0.5992320775258122,0.043572,0.24885724335212792,0,false_reject
DFDC,2908,grxyvwnoav,1,0.80048923691113794,0.95420608034840337,0.136126,0.41476818595007792,1,correct
DFDC,2909,grzspwpprj,1,0.51673553287982943,0.49831731617450714,0.35598400000000002,0.40672157149634364,1,correct
DFDC,2910,grzxwqtdbo,1,0.52108032037230101,0.26021973290206757,0.29221599999999998,0.2940603358892353,0,false_reject
DFDC,2911,gssbrnxyqy,1,0.63288041483610868,0.074937120822141878,0.11985899999999999,0.13203350698844799,0,false_reject
DFDC,2912,gtkbehidei,1,0.9979880191385746,0.99935365654528141,0.99552200000000002,0.99679479792051318,1,correct
DFDC,2913,gucnuhznrc,1,0.49290469009429216,0.27020697784610093,0.0081799999999999998,0.11102432785854488,0,false_reject
DFDC,2914,gugnalqlvx,1,0.74589696899056435,0.71598325489321724,0.53640200000000005,0.60075112491749338,1,correct
DFDC,2915,gugtxfhdcm,1,0.97998051717877388,0.93303633108735085,0.97908300000000004,0.96531387518514389,1,correct
DFDC,2916,guqetiqqfu,1,0.59297764592338353,0.68667836475651711,0.43926399999999999,0.52117399172312429,1,correct
DFDC,2917,gvmildocie,1,0.51780161389615387,0.58717412091209553,0.050331000000000001,0.23475746696843636,0,false_reject
DFDC,2918,gxglidazad,1,0.99875951744616032,0.99939418770372868,0.99924999999999997,0.9992687321834266,1,correct
DFDC,2919,gxsfvjtvrz,1,0.57183859637007117,0.90218785777688026,0.71811100000000005,0.76602043715156765,1,correct
DFDC,2920,gxxixyvpau,1,0.14819795126095414,0.30110737369977869,0.06191,0.13798360967298132,0,false_reject
DFDC,2921,gyxqpwyxkt,1,0.74432508647441864,0.97570058703422546,0.099521999999999999,0.39461573043398857,1,correct
DFDC,2922,gyysajewxb,1,0.99775831773877144,0.99938777089118958,0.99133300000000002,0.99407069715429541,1,correct
DFDC,2923,gzadrozmce,1,0.86312005389481783,0.90513504762202501,0.68567900000000004,0.76038786698134841,1,correct
DFDC,2924,gzajkyyelu,1,0.6563820093870163,0.85856940038502216,0.31843700000000003,0.49737397058485749,1,correct
DFDC,2925,gzanohwzyx,1,0.44949110347079113,0.29717632967367535,0.060429999999999998,0.15090695407564217,0,false_reject
DFDC,2926,gzhafvrzwd,1,0.4763934793882072,0.68154471134766936,0.027439000000000002,0.24611843737371117,0,false_reject
DFDC,2927,gzijzwxciu,1,0.84767756797373295,0.70159739349037409,0.742896,0.7357454964457989,1,correct
DFDC,2928,gzlkqugoac,1,0.76947443140670657,0.32293697287968826,0.010291,0.1420439634342418,0,false_reject
DFDC,2929,gzptrbueuz,1,0.80590914934873581,0.79287292249500751,0.37593199999999999,0.52251313421593903,1,correct
DFDC,2930,gzwlwndyit,1,0.70020370810262622,0.52118212565959943,0.02777,0.20941532310301114,0,false_reject
DFDC,2931,gzykriexgj,1,0.41502388119096717,0.21375135345865162,0.165017,0.19213765009714384,0,false_reject
DFDC,2932,habqmqlimd,1,0.83144073933362961,0.86847807466983795,0.59745700000000002,0.69046250936763287,1,correct
DFDC,2933,hajyrcmgmc,1,0.50549377943389118,0.12894899086677469,0.064794000000000004,0.10607548623172697,0,false_reject
DFDC,2934,haoukmuujc,1,0.62990073743276298,0.51611497675185092,0.90906900000000002,0.77722437989719351,1,correct
DFDC,2935,haqxbrraky,1,0.94105102866888046,0.99852695316076279,0.944492,0.96053043738167287,1,correct
DFDC,2936,haueolanxp,1,0.84981244802474976,0.99245136976242065,0.34482000000000002,0.56435903332996362,1,correct
DFDC,2937,hayyotditz,1,0.87009986088826108,0.99755587486120367,0.47123599999999999,0.64907515550277417,1,correct
DFDC,2938,hbhscvafpt,1,0.99716232158243656,0.99852661415934563,0.99671500000000002,0.99728085032692548,1,correct
DFDC,2939,hblehagybj,1,0.54824768054869866,0.44231693680968975,0.26424199999999998,0.33186476507034185,1,correct
DFDC,2940,hbrutlrqba,1,0.39471973684327355,0.44762269510277386,0.622143,0.55841574537299588,1,correct
DFDC,2941,hbtxzeccsh,1,0.98953114509582518,0.99912969112396244,0.98503499999999999,0.98948821459198,1,correct
DFDC,2942,hciphxnaxd,1,0.32248433050699532,0.23745666621834971,0.21324699999999999,0.22597176639085467,0,false_reject
DFDC,2943,hcrivsgsqb,1,0.46357195706743942,0.84015716161382825,0.056773999999999998,0.31212884633752042,1,correct
DFDC,2944,hcrnytaurl,1,0.95671168528497219,0.99231590144336224,0.948519,0.96206770469725733,1,correct
DFDC,2945,hcwataliiw,1,0.23129025078378618,0.36568238641484641,0.151891,0.21999837846364323,0,false_reject
DFDC,2946,hcwpbjmwdr,1,0.85845251567661762,0.90017725387588143,0.14879700000000001,0.4096938519465953,1,correct
DFDC,2947,hcyiyexgwa,1,0.99196138419210911,0.97418786026537418,0.965001,0.96910507728921769,1,correct
DFDC,2948,hddnfviijr,1,0.58268370106816292,0.39040901139378548,0.133045,0.23273613847154379,0,false_reject
DFDC,2949,hdjvqzcylp,1,0.62154745287261903,0.80246344022452831,0.45425500000000002,0.56708215471098944,1,correct
DFDC,2950,hdrjdwzfcz,1,0.77251829927967441,0.9426422580595939,0.83344399999999996,0.86315719238186184,1,correct
DFDC,2951,hebnglslkc,1,0.89571961015462875,0.91691078012809157,0.94628800000000002,0.9349464145461589,1,correct
DFDC,2952,hevxkhpchr,1,0.64678911934606731,0.82985670780180953,0.69971099999999997,0.73610861830784624,1,correct
DFDC,2953,hfakeogrdt,1,0.87858990952372551,0.8022193054202944,0.35263600000000001,0.51380868710227456,1,correct
DFDC,2954,hfalxiaikl,1,0.66694319574162364,0.58357472691568546,0.42852099999999999,0.48695822786178683,1,correct
DFDC,2955,hfcuysurdl,1,0.73221351718530059,0.66613591433269903,0.60617299999999996,0.63046390015907472,1,correct
DFDC,2956,hfsedfedxx,1,0.50426951656118035,0.5483993215020746,0.20202999999999999,0.3210527722786814,1,correct
DFDC,2957,hgimwyytvv,1,0.5490510119125247,0.63349686370929703,0.234101,0.36966725970841535,1,correct
DFDC,2958,hginrutvfs,1,0.14422239107079804,0.1382164764800109,0.01157,0.056196562497543172,0,false_reject
DFDC,2959,hgnebbtcil,1,0.90136124566197395,0.94410271756350994,0.72345300000000001,0.79854332755215163,1,correct
DFDC,2960,hgnlltpkhf,1,0.1514427239599172,0.45793435865198262,0.17999999999999999,0.26195244379359062,0,false_reject
DFDC,2961,hhcsceagan,1,0.94894785061478615,0.99370337836444378,0.581484,0.72352300604007247,1,correct
DFDC,2962,hhwevgrwsq,1,0.48914686869829893,0.44924269523471594,0.020625999999999999,0.17263705200532972,0,false_reject
DFDC,2963,hiaobajdjh,1,0.68914383370429277,0.6760235046967864,0.19127,0.36158974309425052,1,correct
DFDC,2964,hibretlayr,1,0.060750874202875865,0.087340744389664562,0.89344000000000001,0.60997576702704315,1,correct
DFDC,2965,hidifzuxkl,1,0.56652498245239258,0.39013793304442396,0.16413,0.25205212903594681,0,false_reject
DFDC,2966,hiensohope,1,0.48325365568910328,0.48266136220523287,0.18323400000000001,0.28806319144602499,0,false_reject
DFDC,2967,hirebcorsf,1,0.8234005244448781,0.90214701124932617,0.11337700000000001,0.38550917959704173,1,correct
DFDC,2968,hjbeoyevwa,1,0.7526541892439127,0.68691058759577572,0.066229999999999997,0.28675538574092835,0,false_reject
DFDC,2969,hjchpavyer,1,0.84500194946303964,0.80052512409747578,0.78810599999999997,0.79467653470239474,1,correct
DFDC,2970,hjnsrnpccy,1,0.60809485771154104,0.6160899328165933,0.23669599999999999,0.36908412273055502,1,correct
DFDC,2971,hjvunydgpg,1,0.54701678117825869,0.58985639979974147,0.19362299999999999,0.33016270899883537,1,correct
DFDC,2972,hjzidrrpmr,1,0.42200953653082252,0.78886112361215055,0.032541,0.27891046391018631,0,false_reject
DFDC,2973,hjzillafzr,1,0.91791639104485512,0.81564675201661885,0.81689000000000001,0.82156834515722843,1,correct
DFDC,2974,hkaqoqqxbx,1,0.6976096797734499,0.80593127370229922,0.48275299999999999,0.59044931609936224,1,correct
DFDC,2975,hkvhujfumi,1,0.99446582607924938,0.99943137355148792,0.99139699999999997,0.99396075336940881,1,correct
DFDC,2976,hkweeuqedv,1,0.072286641137907282,0.13129231557832099,0.014931,0.052707176730391658,0,false_reject
DFDC,2977,hkxzjkxuka,1,0.99762524291872978,0.9992666020989418,0.99960099999999996,0.99940189277561897,1,correct
DFDC,2978,hldkwwrunq,1,0.61501129949465394,0.82828761171549559,0.69642999999999999,0.73191634848938136,1,correct
DFDC,2979,hlghkjdfqe,1,0.62880396842956543,0.12284834682941437,0.36675000000000002,0.30668220247030259,1,correct
DFDC,2980,hlysdjnxuf,1,0.31503095797961578,0.17792329462827183,0.31197599999999998,0.27191293628746233,0,false_reject
DFDC,2981,hlzssrgnot,1,0.92183862999081612,0.9633830226957798,0.70437099999999997,0.79294798830827473,1,correct
DFDC,2982,hlzwrbkvna,1,0.78746604733169079,0.37944185279775411,0.12107,0.23190135820591076,0,false_reject
DFDC,2983,hmdtqenovo,1,0.99615618857470423,0.99914244630120019,0.905779,0.93830689331909523,1,correct
DFDC,2984,hmispoturf,1,0.79942330110956117,0.834458781130336,0.033390999999999997,0.3120129493945788,1,correct
DFDC,2985,hmvepltild,1,0.68675196041231568,0.37071301703057857,0.32140400000000002,0.35446410312978938,1,correct
DFDC,2986,hmwdlvrwbe,1,0.43644411861896515,0.23065838892944157,0.21920700000000001,0.23350427260978074,0,false_reject
DFDC,2987,hnatyztmif,1,0.24819657829357311,0.096307537314714864,0.018349000000000001,0.053228940109093119,0,false_reject
DFDC,2988,hnbyigleuw,1,0.66847269516438246,0.36633845705364365,0.091805999999999999,0.20299907187431221,0,false_reject
DFDC,2989,hninolobbi,1,0.65657335039108033,0.26995751949688118,0.116729,0.18968977336861836,0,false_reject
DFDC,2990,hnlnntwzid,1,0.9926097821444273,0.94577219523489475,0.95612799999999998,0.95484534767768969,1,correct
DFDC,2991,hoitatieeu,1,0.4444839054485783,0.25205588282551616,0.032691999999999999,0.11909076012008377,0,false_reject
DFDC,2992,houfquxvvb,1,0.8571864441037178,0.69224308570846915,0.56317899999999999,0.61659859791772664,1,correct
DFDC,2993,hoyqpnqsvc,1,0.15598496689926833,0.083918592172267381,0.033690999999999999,0.054873975996643627,0,false_reject
DFDC,2994,hpezcibwbz,1,0.46682243561372161,0.65962193071027286,0.202102,0.35259400099376798,1,correct
DFDC,2995,hpguuapbbs,1,0.64504617166060663,0.63928460473051441,0.054823999999999998,0.25967329000218464,0,false_reject
DFDC,2996,hptczrdsby,1,0.49387673381716013,0.47010552044957876,0.012212000000000001,0.17366329282573162,0,false_reject
DFDC,2997,hptqyaigdk,1,0.96400665491819382,0.99683582782745361,0.95504299999999998,0.96802903109414573,1,correct
DFDC,2998,hqbzkhvrny,1,0.78070676885545254,0.86653286498039961,0.88007100000000005,0.87104134793689258,1,correct
DFDC,2999,hqlxoovcts,1,0.87434381619095802,0.99113486334681511,0.62227500000000002,0.74553639981359243,1,correct
DFDC,3000,hqrzlxrxrv,1,0.67502875160425901,0.77626100741326809,0.091996999999999995,0.32642778980419335,1,correct
DFDC,3001,hqugprcjfh,1,0.82897129841148853,0.85598896350711584,0.90636899999999998,0.8873851039727092,1,correct
DFDC,3002,hqvqlxkxqk,1,0.97243953123688698,0.99882611073553562,0.118753,0.42545925978250504,1,correct
DFDC,3003,hqyeehfutp,1,0.47784246644005179,0.19222205124242464,0.024001000000000001,0.097159388694729981,0,false_reject
DFDC,3004,hrcvmiwkzz,1,0.98843044601380825,0.99271265231072903,0.95578300000000005,0.96849426799390914,1,correct
DFDC,3005,hrijskleak,1,0.83159978687763214,0.9810965359210968,0.259579,0.50463530012021063,1,correct
DFDC,3006,hrmmpfhhpq,1,0.76294627087190747,0.97446690127253532,0.966978,0.95902308392535596,1,correct
DFDC,3007,hroukmfwgt,1,0.42005828605033457,0.50636039499659091,0.19878199999999999,0.30211933280149394,1,correct
DFDC,3008,hrubljssre,1,0.89075282961130142,0.87747986894100904,0.61774200000000001,0.70931390216286783,1,correct
DFDC,3009,hrwhhopxed,1,0.49130014982074499,0.45949492137879133,0.012978,0.17084918390467463,0,false_reject
DFDC,3010,hrzqdqxrbo,1,0.98425241187214851,0.9989081434905529,0.51262700000000005,0.68209261364077334,1,correct
DFDC,3011,hsgispvots,1,0.47259731963276863,0.25489790448045824,0.22722999999999999,0.2477987373257759,0,false_reject
DFDC,3012,hshaywobsd,1,0.31604833900928497,0.32140202820301056,0.241059,0.26891137541136739,0,false_reject
DFDC,3013,hsluhdwqxj,1,0.91258414089679718,0.98848974332213402,0.49572699999999997,0.66439868004148006,1,correct
DFDC,3014,hswubnvajm,1,0.56964466697536409,0.43681842100340873,0.22545200000000001,0.30607155964979083,1,correct
DFDC,3015,hsxbptheeg,1,0.23598264786414802,0.47308996290666983,0.010233000000000001,0.16037757126520835,0,false_reject
DFDC,3016,hsxxtjuwkf,1,0.85228882164790709,0.74197414902777503,0.26034000000000002,0.43442768579072788,1,correct
DFDC,3017,htlpiqjpoi,1,0.23021590290591121,0.045577758610306773,0.019413,0.037802572728387593,0,false_reject
DFDC,3018,htlypzsllk,1,0.50885229982668534,0.51358156462083571,0.423151,0.454565234377585,1,correct
DFDC,3019,htsyfmswdb,1,0.86550153096516924,0.99355613191922509,0.36500700000000003,0.57859646612402604,1,correct
DFDC,3020,htwqazkipj,1,0.63801124948076904,0.86800707958173007,0.206341,0.42642433634855742,1,correct
DFDC,3021,hudcvqvyqm,1,0.49865874106233771,0.48007251169871201,0.289412,0.35707249056273049,1,correct
DFDC,3022,hukcuusfxk,1,0.1141338498564437,0.057625885237939656,0.031231999999999999,0.043295258064204083,0,false_reject
DFDC,3023,hurutpqtrb,1,0.62869727332144976,0.54692753672134131,0.085246000000000002,0.25092302468247485,0,false_reject
DFDC,3024,huwipmqqgd,1,0.6129925549030304,0.013792066019959748,0.11181199999999999,0.10746504755113945,0,false_reject
DFDC,3025,huxzyvgfcy,1,0.31918987480457872,0.46891951991710812,0.0064530000000000004,0.16082979971536135,0,false_reject
DFDC,3026,hvcrhsjrme,1,0.63097573603902546,0.98068823133196148,0.077556,0.37616665620153972,1,correct
DFDC,3027,hvftydcfnv,1,0.47238173731602728,0.40243978233775124,0.071791999999999995,0.19101582156712674,0,false_reject
DFDC,3028,hwddbndhhy,1,0.71110962564125657,0.73363744435482658,0.17807700000000001,0.37139676458851079,1,correct
DFDC,3029,hwqrxzztpq,1,0.92021630890667439,0.98328371532261372,0.74221599999999999,0.8234363300421178,1,correct
DFDC,3030,hxnmbvoxpb,1,0.8016874374401185,0.91980185335682285,0.20232900000000001,0.44753877787905277,1,correct
DFDC,3031,hydpekfxhz,1,0.9872013426596119,0.99887669663275447,0.99319599999999997,0.99460047612280689,1,correct
DFDC,3032,hyoofmjldm,1,0.51909502292983234,0.6127567442599684,0.31153799999999998,0.41228147442448215,1,correct
DFDC,3033,hyxqppedfh,1,0.44074588771909473,0.51356945042498414,0.31295200000000001,0.37952692951344996,1,correct
DFDC,3034,hzazhwnpxa,1,0.4494630751432851,0.14229289659124333,0.216331,0.20577617273453724,0,false_reject
DFDC,3035,hzksuqwxty,1,0.19710217986721545,0.30467675160616636,0.099197999999999995,0.16573683447521068,0,false_reject
DFDC,3036,hzxdlkbkjl,1,0.42312825960107148,0.26365946118312422,0.46355099999999999,0.40156240133499083,1,correct
DFDC,3037,iamrixecnd,1,0.9873853512108326,0.99970280937850475,0.95923000000000003,0.972779610374093,1,correct
DFDC,3038,iamrtqtpkt,1,0.2783176489174366,0.17824165587080643,0.079705999999999999,0.11919727920711376,0,false_reject
DFDC,3039,iaqffqhftg,1,0.8188880542293191,0.99530330486595631,0.983371,0.97872654417125282,1,correct
DFDC,3040,iaqnoovycg,1,0.82916177622973919,0.78440582426264882,0.88672700000000004,0.85315238609028166,1,correct
DFDC,3041,iawwbbmlyz,1,0.48121293527739389,0.46870427046503338,0.16945099999999999,0.27481507790337972,0,false_reject
DFDC,3042,ibmpvzhqcc,1,0.72241913992911577,0.37453846196876839,0.34268199999999999,0.37122579558708629,1,correct
DFDC,3043,ibueuadzwy,1,0.94126387791974209,0.98651423624583656,0.73919500000000005,0.82349421476973816,1,correct
DFDC,3044,ibzjmoqric,1,0.7617391049861908,0.94671854376792908,0.78127800000000003,0.82993321837968836,1,correct
DFDC,3045,icaqvjgvhh,1,0.28298972060363137,0.37007407444499191,0.33368599999999998,0.34206760836367911,1,correct
DFDC,3046,iccgsljqvn,1,0.68684291932731867,0.51826199202332646,0.028840999999999999,0.20856739357336385,0,false_reject
DFDC,3047,iceouxncfa,1,0.28853078434864682,0.47244195155023289,0.25133,0.31952362468250223,1,correct
DFDC,3048,icjcrcpsrw,1,0.30081702838651836,0.23125706549035385,0.062765000000000001,0.12521522106643207,0,false_reject
DFDC,3049,icokegpewj,1,0.77229941659606993,0.97294009942561388,0.64635299999999996,0.75062645065748757,1,correct
DFDC,3050,icsiqcvzmf,1,0.80069785751402378,0.96612176112830639,0.99256200000000006,0.97503672121419316,1,correct
DFDC,3051,icvotuywhr,1,0.48351291567087173,0.45985215716063976,0.020576000000000001,0.17550569293173551,0,false_reject
DFDC,3052,idavzxvgng,1,0.35903431370388716,0.32210437349567655,0.23633999999999999,0.26820402773389734,0,false_reject
DFDC,3053,idgiudvmfb,1,0.25883280683774501,0.34267767474375432,0.1467,0.21109994276501354,0,false_reject
DFDC,3054,idllhgmlxj,1,0.8557654838077724,0.98286479339003563,0.082682000000000005,0.3913910122073993,1,correct
DFDC,3055,idntrbscwc,1,0.95403233543038368,0.99915721639990807,0.87243000000000004,0.91452828169149158,1,correct
DFDC,3056,idpfzgditj,1,0.32317368984222411,0.53828917220234873,0.39807999999999999,0.43639743615281584,1,correct
DFDC,3057,idqcrgdrwk,1,0.59305990126449615,0.51343416702002287,0.13680800000000001,0.27260844516923166,0,false_reject
DFDC,3058,iebzmcxohx,1,0.50426674028858542,0.54435398176428862,0.82158699999999996,0.72255108154371583,1,correct
DFDC,3059,ieeftessyw,1,0.45894892048090696,0.38828652675147168,0.12139900000000001,0.21834275404948686,0,false_reject
DFDC,3060,iepacdsxov,1,0.92900471389293671,0.99864845536649227,0.82345800000000002,0.88129247230459451,1,correct
DFDC,3061,ieptfbchav,1,0.72785901725292201,0.6610072463750839,0.42546699999999998,0.51124867477517122,1,correct
DFDC,3062,ifbmaelwnn,1,0.65049675312535515,0.87591805951348667,0.38427899999999998,0.5450816055103137,1,correct
DFDC,3063,igakqddviu,1,0.74305980233475566,0.64492744632298127,0.101813,0.29680967401363217,0,false_reject
DFDC,3064,igaogiyked,1,0.33960153622319922,0.091195374676317442,0.0099000000000000008,0.050773689214055194,0,false_reject
DFDC,3065,igicztnfrg,1,0.94104001671075821,0.72188181220553815,0.11601300000000001,0.33902499449719936,1,correct
DFDC,3066,igiohpjlhg,1,0.99276397190988064,0.99794694781303406,0.99924100000000005,0.99852893293940426,1,correct
DFDC,3067,igjhkziqdv,1,0.60335825104266405,0.42513810616219416,0.74492999999999998,0.64191384440079147,1,correct
DFDC,3068,igzoagzweb,1,0.30199503537733108,0.060727665069862269,0.51930500000000002,0.37086630128982528,1,correct
DFDC,3069,ihazzlzstk,1,0.42650062369648367,0.24602986813988537,0.082308999999999993,0.14863484162678978,0,false_reject
DFDC,3070,ihsivdnsff,1,0.5462031417659351,0.50958748946764643,0.20679800000000001,0.3146051039285907,1,correct
DFDC,3071,ihtbddlwrl,1,0.68480706214904785,0.55914579108357432,0.61228199999999999,0.59996739043252467,1,correct
DFDC,3072,ihyijydeix,1,0.10150425514439121,0.07259921332297381,0.0044299999999999999,0.029734476754111703,0,false_reject
DFDC,3073,iibavwdpfn,1,0.86632002145051956,0.71492467122152448,0.015458,0.26784110243898335,0,false_reject
DFDC,3074,iicevegdbs,1,0.71042189933359623,0.36544978129677474,0.25064199999999998,0.30807332935571224,1,correct
DFDC,3075,iinhtwybbj,1,0.24148658849298954,0.40695619583129883,0.076518000000000003,0.18389788817403913,0,false_reject
DFDC,3076,iiqvoamqxr,1,0.82626139093190432,0.72940442524850368,0.044044,0.28876299712114634,0,false_reject
DFDC,3077,iiwvpuxavc,1,0.60304367542266846,0.82229691743850708,0.92030999999999996,0.87504275900268547,1,correct
DFDC,3078,iiyztwelww,1,0.084557269176002592,0.013663141966389958,0.0042719999999999998,0.011103606048717116,0,false_reject
DFDC,3079,ijdtcmwfhc,1,0.59186479635536671,0.42754561069887131,0.211002,0.29500822302742974,0,false_reject
DFDC,3080,ijgajnysyw,1,0.24304373422637582,0.42184979515150189,0.47298499999999999,0.44614737525676934,1,correct
DFDC,3081,ijmtxkngwo,1,0.95187779329717159,0.91320228017866611,0.78830599999999995,0.83395347371845829,1,correct
DFDC,3082,ikfivpihho,1,0.65346544608473778,0.048778621596284211,0.087240999999999999,0.10401350878312215,0,false_reject
DFDC,3083,ikgvwddrng,1,0.70086569445473812,0.52220271714031696,0.22504199999999999,0.337981399864832,1,correct
DFDC,3084,ikjqlzhnbu,1,0.82321195770055056,0.85980460082646459,0.67177900000000002,0.73575832813296693,1,correct
DFDC,3085,ikkhbmatlg,1,0.36556207701083154,0.34853423401833544,0.46169300000000002,0.42293882405604222,1,correct
DFDC,3086,ikrbegivlb,1,0.25180177757283673,0.29325525381136686,0.091812000000000005,0.16024446502205189,0,false_reject
DFDC,3087,ilcmgixajh,1,0.47324049542658031,0.73110505845397711,0.56247999999999998,0.60860554230752217,1,correct
DFDC,3088,ilelciprvk,1,0.068713590502738953,0.023942459374666214,0.393374,0.26631151733753683,0,false_reject
DFDC,3089,iljdrsjgzo,1,0.68601265002507716,0.90820866730064154,0.61014400000000002,0.70335683269144633,1,correct
DFDC,3090,imaehwhyxy,1,0.88725100737065077,0.85230291058542207,0.26027299999999998,0.46923087354415915,1,correct
DFDC,3091,immesmlaju,1,0.59214745322242379,0.58945454010972753,0.24593100000000001,0.36629888469403943,1,correct
DFDC,3092,imsodnkjpe,1,0.54813161876893812,0.59046743551809944,0.34992099999999998,0.43199546159387675,1,correct
DFDC,3093,imuqxincxc,1,0.19512765039689839,0.10086774322553538,0.113006,0.11347060548750552,0,false_reject
DFDC,3094,imuukaxigx,1,0.64052397012710571,0.89257365465164185,0.81369199999999997,0.82869809490184787,1,correct
DFDC,3095,imwfzrdmac,1,0.59591392874717708,0.88197793960571291,0.36967499999999998,0.53467782831907273,1,correct
DFDC,3096,inbbhztuhc,1,0.37462669622618705,0.18708699974376941,0.157107,0.17697698473444018,0,false_reject
DFDC,3097,ingqyxwaqg,1,0.70441753449647326,0.28702259294526733,0.029293,0.14036810460840385,0,false_reject
DFDC,3098,inomxuvthp,1,0.95493174482274934,0.98886793410336526,0.93677699999999997,0.953312017472147,1,correct
DFDC,3099,inoqzuzozb,1,0.32245561352465302,0.17437834479642333,0.181756,0.18657768411515965,0,false_reject
DFDC,3100,iockopbjaw,1,0.87312224693596363,0.93229123449418694,0.22112899999999999,0.46707733269505425,1,correct
DFDC,3101,iosusizfgd,1,0.69164916826412082,0.69774214166682214,0.36499399999999999,0.4811512009132527,1,correct
DFDC,3102,ipciwfuwyn,1,0.11696216347627342,0.021207272744504735,0.018551999999999999,0.024269089997165091,0,false_reject
DFDC,3103,iprlnckpdg,1,0.6733329938724637,0.44155442964984104,0.058110000000000002,0.20390447858857549,0,false_reject
DFDC,3104,ipzaqoeest,1,0.45452585187740624,0.64467065723147243,0.59060500000000005,0.60002073976331205,1,correct
DFDC,3105,iqipsjxaxr,1,0.26855504093691707,0.075949532998492941,0.51554699999999998,0.37131816194639372,1,correct
DFDC,3106,iqmwpazjof,1,0.4962932551279664,0.10877964682003949,0.22988900000000001,0.20687640680241018,0,false_reject
DFDC,3107,iqyblwudcd,1,0.4334824993275106,0.37849664891837165,0.02614,0.15221411964188702,0,false_reject
DFDC,3108,iriiqudmuq,1,0.95428532361984253,0.99544638395309448,0.99648899999999996,0.99406603136692051,1,correct
DFDC,3109,irnvxodmoo,1,0.086891508704866283,0.20367306524713058,0.497805,0.38901974500938252,1,correct
DFDC,3110,irzmemlztp,1,0.85113116493448615,0.91533123789122328,0.29494500000000001,0.50887017961409131,1,correct
DFDC,3111,isimzrcdst,1,0.57800193317234516,0.36129421861551236,0.044444999999999998,0.16617761224327099,0,false_reject
DFDC,3112,isktfhemif,1,0.97495713559064001,0.99214469031854113,0.90115400000000001,0.93214136387509439,1,correct
DFDC,3113,isrxaqnosp,1,0.95536142401397228,0.98183278925716877,0.67792300000000005,0.78296785797784929,1,correct
DFDC,3114,itaszpypsk,1,0.76709257625043392,0.96100165043026209,0.84906000000000004,0.87854412394160042,1,correct
DFDC,3115,itejarhmpf,1,0.4705099759157747,0.63180080018355511,0.57213400000000003,0.58495283885085536,1,correct
DFDC,3116,itfdemtglw,1,0.99785936810076237,0.99934771098196507,0.99814000000000003,0.99848828169962767,1,correct
DFDC,3117,itfgnwxyuk,1,0.66998171526938677,0.99064720049500465,0.99851500000000004,0.97972799591197068,1,correct
DFDC,3118,itgecpllxv,1,0.98773330450057983,0.99731990269252235,0.94640100000000005,0.9637432860327857,1,correct
DFDC,3119,iubtusnloq,1,0.61720842542126775,0.82883877959102392,0.17662600000000001,0.39431895514837051,1,correct
DFDC,3120,iugkinfusb,1,0.21316903171828017,0.2446073245810112,0.0097640000000000001,0.090387248960217367,0,false_reject
DFDC,3121,iuhcnhqpyo,1,0.98496060632169247,0.99885691329836845,0.85493399999999997,0.90461220430559508,1,correct
DFDC,3122,iupbyarqck,1,0.063598603373975493,0.13070438832073705,0.056952000000000003,0.079410046664919895,0,false_reject
DFDC,3123,iutwprgxoj,1,0.6606508142181805,0.69538785197905129,0.69010300000000002,0.6902158463046244,1,correct
DFDC,3124,iuveiobzau,1,0.32347427471540868,0.16176255189930089,0.24948999999999999,0.22687097930556069,0,false_reject
DFDC,3125,iuzvojhfun,1,0.99944937787950039,0.99968696944415569,0.99964500000000001,0.99964780972722178,1,correct
DFDC,3126,ivaezbtrdn,1,0.67449772357940674,0.9974207878112793,0.53026399999999996,0.67762272252235412,1,correct
DFDC,3127,ivribzbizo,1,0.91550995223224163,0.62299455504398793,0.0073980000000000001,0.23748256412480848,0,false_reject
DFDC,3128,iwjfwxuxfy,1,0.8696831541676675,0.66228218136295192,0.51100999999999996,0.57432531211726889,1,correct
DFDC,3129,iwscusmblf,1,0.689926189603284,0.85283815115690231,0.22591900000000001,0.43719510482723484,1,correct
DFDC,3130,iwtkayqlur,1,0.29021609690971673,0.37646577224950306,0.035056999999999998,0.15023758652033675,0,false_reject
DFDC,3131,ixpgchxqgd,1,0.35200786823406816,0.54484483166015707,0.24657299999999999,0.34132629290975053,1,correct
DFDC,3132,ixrapguyeg,1,0.9299026969820261,0.84086355770705268,0.20347999999999999,0.43101620216121705,1,correct
DFDC,3133,iybgkutvwl,1,0.41260556704946794,0.12051326227083337,0.026095,0.073746007033723415,0,false_reject
DFDC,3134,iydmavyvjg,1,0.46670214187067288,0.80074123665690422,0.083086999999999994,0.31756402809060486,1,correct
DFDC,3135,iyhkzqtjjb,1,0.95573077537119389,0.99947246536612511,0.42813099999999998,0.62591342837839725,1,correct
DFDC,3136,iykdbrbgod,1,0.078421893820632249,0.065381402950151823,0.046799,0.053954865576077163,0,false_reject
DFDC,3137,iyrwgbuptt,1,0.14974521044641734,0.0060375534386063615,0.19015799999999999,0.13290122655390277,0,false_reject
DFDC,3138,iytnyzdmqx,1,0.50326410750858486,0.51347055932274088,0.050041000000000002,0.21173102317225148,0,false_reject
DFDC,3139,iyvarkmdmp,1,0.082397599837609706,0.05165662297180721,0.114109,0.093787716883422648,0,false_reject
DFDC,3140,iyzigchwjd,1,0.88785160798579454,0.78671488026157022,0.69971300000000003,0.73522049447776083,1,correct
DFDC,3141,izafmybckj,1,0.070139233459485695,0.014958501596993301,0.037989000000000002,0.032687362152072276,0,false_reject
DFDC,3142,izbflbcmiy,1,0.98040811344981194,0.99973158165812492,0.50021800000000005,0.67408158016992814,1,correct
DFDC,3143,izwrxxlqet,1,0.51379796719993465,0.32179498484038049,0.211008,0.2593835938121109,0,false_reject
DFDC,3144,jaiqbnuuoz,1,0.44482564681675285,0.28613693517399952,0.021489999999999999,0.12205086289303749,0,false_reject
DFDC,3145,jarlmlkfam,1,0.045084714889526367,0.035688112489879131,0.022530000000000001,0.027605169491440058,0,false_reject
DFDC,3146,jazachrnwc,1,0.32974024442955852,0.17339541196997743,0.47179100000000002,0.37516978581247118,1,correct
DFDC,3147,jbcqzgcosy,1,0.67560093849897385,0.84167975094169378,0.58818999999999999,0.66860747220745687,1,correct
DFDC,3148,jbqafpgbuo,1,0.22168183280155063,0.079760178836295381,0.155616,0.13616254529096616,0,false_reject
DFDC,3149,jbtqacjelh,1,0.79827096462249758,0.91272544413805012,0.53216699999999995,0.65963973147253985,1,correct
DFDC,3150,jcefvagzyv,1,0.77853698842227459,0.97101830318570137,0.24832299999999999,0.49164229037682416,1,correct
DFDC,3151,jcmekywora,1,0.84826929774135351,0.90933322533965111,0.30461700000000003,0.51321448248896306,1,correct
DFDC,3152,jcohpgtnmk,1,0.45212742296280339,0.40982763507054187,0.13349900000000001,0.23232901166930273,0,false_reject
DFDC,3153,jdbkbtdiuy,1,0.5086548924446106,0.11729206889867783,0.44336300000000001,0.34880631529183387,1,correct
DFDC,3154,jdigmzpiqw,1,0.93396359495818615,0.99932456202805042,0.908528,0.93703874835632439,1,correct
DFDC,3155,jdtqdnyioa,1,0.71561641246080399,0.58487208525184542,0.078852000000000005,0.2624962461985938,0,false_reject
DFDC,3156,jecksrxzcx,1,0.48381279548630118,0.32610270989243872,0.14898500000000001,0.21886170274204669,0,false_reject
DFDC,3157,jecwborung,1,0.11454596446128562,0.18358716073271353,0.12518099999999999,0.14217109644287834,0,false_reject
DFDC,3158,jeiuocdgtt,1,0.66555328713729978,0.6528936299146153,0.041008000000000003,0.25580095333124958,0,false_reject
DFDC,3159,jejxopselq,1,0.66496245679445565,0.70899853939772584,0.035536999999999999,0.2690467346590405,0,false_reject
DFDC,3160,jekmrcbbov,1,0.43075416632927954,0.77029373403638601,0.27768399999999999,0.43312042852737975,1,correct
DFDC,3161,jelstixltj,1,0.76654982034649166,0.60899806687874458,0.35203499999999999,0.44984966108094793,1,correct
DFDC,3162,jfmlclokrx,1,0.84225512854754925,0.98785306513309479,0.014047,0.34759922596730586,1,correct
DFDC,3163,jfprxjzoay,1,0.094792899986108139,0.11383135914026449,0.014031,0.048009202741384753,0,false_reject
DFDC,3164,jfwnkmtwot,1,0.58054527081549168,0.17787581632728688,0.0057520000000000002,0.086128808438960647,0,false_reject
DFDC,3165,jgjqngfcdn,1,0.17074288032017648,0.099961802829056978,0.42080600000000001,0.31204958486472595,1,correct
DFDC,3166,jgmmablvoo,1,0.91555333137512207,0.99507042765617371,0.95483300000000004,0.96494024486560825,1,correct
DFDC,3167,jhcgqugcch,1,0.8007719200104475,0.86051061935722828,0.75568400000000002,0.78938638180769083,1,correct
DFDC,3168,jhkusknvfn,1,0.49214657209813595,0.52164591103792191,0.010345999999999999,0.18782600191628337,0,false_reject
DFDC,3169,jhqmokkjaf,1,0.5336947999894619,0.50005165254697204,0.19728100000000001,0.3049328857635647,1,correct
DFDC,3170,jhtlvsyoie,1,0.93261277675628662,0.99707184897528756,0.99331700000000001,0.99140824353040058,1,correct
DFDC,3171,jikguslkqp,1,0.96410074830055237,0.96397737599909306,0.96208199999999999,0.96275155021475556,1,correct
DFDC,3172,jiluzdkamd,1,0.84652377851307392,0.94912448804825544,0.148982,0.42390183534013032,1,correct
DFDC,3173,jiusldsxjg,1,0.49308066628873348,0.53307097218930721,0.012678999999999999,0.19281667497122884,0,false_reject
DFDC,3174,jjcouvdjao,1,0.89708461880683898,0.96419070601463319,0.208397,0.46956949274473192,1,correct
DFDC,3175,jjkzebsdki,1,0.60186729300767183,0.33390055208292324,0.20092599999999999,0.2608654302752606,0,false_reject
DFDC,3176,jjokgdrwkz,1,0.99611745534404628,0.9458052938984286,0.97722200000000004,0.96874176093673092,1,correct
DFDC,3177,jjwkdudlhs,1,0.49574143090285361,0.5790959894657135,0.040975999999999999,0.22515026838485672,0,false_reject
DFDC,3178,jkefyvxbrt,1,0.53039702666657307,0.32305105882031576,0.087697999999999998,0.18043886897942338,0,false_reject
DFDC,3179,jkvagmrzle,1,0.83553993050009012,0.82524583270424046,0.49107800000000001,0.60855144633627667,1,correct
DFDC,3180,jkzimzabmc,1,0.41484643495641649,0.5729176728927996,0.165052,0.29990142361566069,0,false_reject
DFDC,3181,jlcgyrerxk,1,0.44824118469841778,0.50429636763874441,0.123372,0.25389276952654422,0,false_reject
DFDC,3182,jmofdcccui,1,0.63390341461185484,0.69193441644611375,0.71040800000000004,0.70104069566442695,1,correct
DFDC,3183,jmqeqhetmh,1,0.45658814311027529,0.48820500671863554,0.065545000000000006,0.21189515917110444,0,false_reject
DFDC,3184,jmuwwwbatq,1,0.99283740483224392,0.99944734573364258,0.99961699999999998,0.99922712396170499,1,correct
DFDC,3185,jnajpkbbnk,1,0.48590996066729225,0.49904273152351381,0.091592000000000007,0.23354311749041876,0,false_reject
DFDC,3186,jnotsznmii,1,0.66521250293590128,0.93606783356517553,0.763845,0.81058022521634776,1,correct
DFDC,3187,jnsgoqgosr,1,0.77846746332943439,0.72199270862620324,0.37296899999999999,0.49795103575433269,1,correct
DFDC,3188,jnvaekkilt,1,0.62449588626623154,0.64077972833183594,0.21255499999999999,0.36161946281286234,1,correct
DFDC,3189,jokmzxhtwn,1,0.64951280248351395,0.80601192149333656,0.061696000000000001,0.31438161657217667,1,correct
DFDC,3190,jokwctfvjy,1,0.54695364180952311,0.59013522719033062,0.19247400000000001,0.32949635024757534,1,correct
DFDC,3191,jookkewqhu,1,0.15682990080676973,0.07629499064933043,0.077101000000000003,0.080845642235137613,0,false_reject
DFDC,3192,jopdyxtmlh,1,0.65814427845180035,0.47220200014999136,0.18223400000000001,0.29301991396758742,0,false_reject
DFDC,3193,jpcbsincpr,1,0.98830460570752621,0.92914260923862457,0.55854999999999999,0.69121551305696372,1,correct
DFDC,3194,jpekyftakj,1,0.99366301298141479,0.9063376858830452,0.98277199999999998,0.96038625641398434,1,correct
DFDC,3195,jpfoysashf,1,0.57890433189459145,0.25810158543754369,0.061859999999999998,0.14658469222599269,0,false_reject
DFDC,3196,jpnhveayqu,1,0.91084948554635048,0.9971562922000885,0.68311599999999995,0.78871476193734402,1,correct
DFDC,3197,jpxtxesjvi,1,0.61593460151925683,0.41907129010360222,0.40867999999999999,0.42216011710704349,1,correct
DFDC,3198,jpyyglcvqy,1,0.87543875748111355,0.87243950571263995,0.92289399999999999,0.90538488958784769,1,correct
DFDC,3199,jqaudsztem,1,0.51717899980083593,0.83378991388505508,0.099786,0.34085682415555829,1,correct
DFDC,3200,jqdgvlobik,1,0.64108864404261112,0.21822188225632999,0.045539999999999997,0.12712199687902956,0,false_reject
DFDC,3201,jqenqwyffu,1,0.55361034111543139,0.55871271612969309,0.314635,0.39980708189467951,1,correct
DFDC,3202,jqfpwtawdw,1,0.4848065972328186,0.36710403580218554,0.85594199999999998,0.69073384060229659,1,correct
DFDC,3203,jqnjszjtbw,1,0.71445101033896208,0.63219663361087441,0.038940000000000002,0.25069254060021046,0,false_reject
DFDC,3204,jqnscnnenx,1,0.45299666002392769,0.93135154495636618,0.43717499999999998,0.5862190464881063,1,correct
DFDC,3205,jrmhgacwtw,1,0.74159051291644573,0.82809827523306012,0.93273399999999995,0.89178610821574034,1,correct
DFDC,3206,jrypinvnwe,1,0.44235048581052711,0.51404423996185267,0.099780999999999995,0.24118844627908215,0,false_reject
DFDC,3207,jsfemvmrap,1,0.82609123829752207,0.90026475093327463,0.052637999999999997,0.34559868719485842,1,correct
DFDC,3208,jsjblrsqis,1,0.86014147056266665,0.97001674212515354,0.99919899999999995,0.98349144616567941,1,correct
DFDC,3209,jslviqmcrg,1,0.94374295603483915,0.96998817846179008,0.69299200000000005,0.78862840134027901,1,correct
DFDC,3210,jtcvzmeavy,1,0.98263932764530182,0.99761686474084854,0.83445899999999995,0.89081537580451964,1,correct
DFDC,3211,jthnredpfm,1,0.56816266290843487,0.75522491836454719,0.99167300000000003,0.89956305865478592,1,correct
DFDC,3212,jtkwaaqbxn,1,0.2893437418726183,0.022413705370479053,0.041652000000000002,0.048265098704774634,0,false_reject
DFDC,3213,jtmkzezwik,1,0.32224866195071128,0.30774715940858566,0.228876,0.25720598092011127,0,false_reject
DFDC,3214,judhrkmwsq,1,0.8020715182647109,0.91135987639427185,0.13455300000000001,0.40097098883151711,1,correct
DFDC,3215,juijnpumih,1,0.33366059526451863,0.31918302507256158,0.34767900000000002,0.33842928728499444,1,correct
DFDC,3216,jvemimcpda,1,0.58975619822740555,0.50593757498427294,0.066276000000000002,0.22434848240665214,0,false_reject
DFDC,3217,jvsvggjjkl,1,0.70255649648606777,0.89384765177965164,0.39863599999999999,0.56239552035819884,1,correct
DFDC,3218,jvyqbojoyx,1,0.69928652319041162,0.99927365779876709,0.83674400000000004,0.87863002349915076,1,correct
DFDC,3219,jwcpgkxaqw,1,0.36239999195095152,0.21097857368295081,0.045789000000000003,0.11117642170243283,0,false_reject
DFDC,3220,jwhhxwxxna,1,0.4741756736766547,0.32119285719818436,0.098743999999999998,0.18425024084328803,0,false_reject
DFDC,3221,jwjbaiqfrg,1,0.97100845724344254,0.99799430556595325,0.986622,0.98925301453195813,1,correct
DFDC,3222,jxwmczivko,1,0.59760768214861548,0.93606599171956384,0.24638199999999999,0.47084848162329995,1,correct
DFDC,3223,jxyvmukjow,1,0.12180650988011621,0.034744115095236339,0.119459,0.094161910022576706,0,false_reject
DFDC,3224,jyeptyjltz,1,0.36415560118621215,0.13888489215605659,0.034476,0.082282647706127587,0,false_reject
DFDC,3225,jyujdpwlyd,1,0.35015228122938424,0.31007011231849901,0.26129400000000003,0.28036974775701895,0,false_reject
DFDC,3226,jyxkmvmdby,1,0.75381866632960737,0.69278673047665507,0.80166499999999996,0.76660920245947684,1,correct
DFDC,3227,jzuhtzrjyw,1,0.029292837425600737,0.042579234635923058,0.165765,0.12198566226205695,0,false_reject
DFDC,3228,kahqvqbafl,1,0.076476849014720613,0.078975291862603159,0.035381999999999997,0.050514730009516971,0,false_reject
DFDC,3229,kailufxckx,1,0.59853706788271666,0.90151041653007269,0.25609100000000001,0.46683912835315761,1,correct
DFDC,3230,kaxieskiee,1,0.75079501327127218,0.91621837578713894,0.45003700000000002,0.60492931339970535,1,correct
DFDC,3231,kaydbbkidt,1,0.41769924573600292,0.92503955028951168,0.84593799999999997,0.84825652737365365,1,correct
DFDC,3232,kbkmdgvifj,1,0.24216342152794823,0.10539309108571615,0.18317900000000001,0.16279244840211227,0,false_reject
DFDC,3233,kbkqutpbrb,1,0.95415582880377769,0.99639348685741425,0.68180300000000005,0.78979778749741325,1,correct
DFDC,3234,kcdldfucvt,1,0.3164089735946618,0.43977036286378279,0.27273900000000001,0.32503190753886796,1,correct
DFDC,3235,kcevlhhhdq,1,0.99887280166149139,0.99912603944540024,0.979966,0.98665935191669463,1,correct
DFDC,3236,kcopyspemn,1,0.86610327195376158,0.99840665049850941,0.52504200000000001,0.68410445874724091,1,correct
DFDC,3237,kcpvxrzhug,1,0.58978811441920698,0.92510457360185683,0.21857699999999999,0.44909582780151741,1,correct
DFDC,3238,kcuzumjags,1,0.98664860054850578,0.93936045095324516,0.35996699999999998,0.56511911531339876,1,correct
DFDC,3239,kcwomydzci,1,0.45995822548866272,0.37746330060892636,0.14659900000000001,0.23152625145711103,0,false_reject
DFDC,3240,kdbchycydt,1,0.13948647450888529,0.079544256775989197,0.27157399999999998,0.20736070075824101,0,false_reject
DFDC,3241,kdmaejrtuv,1,0.11520761402789503,0.05024125683848979,0.17733099999999999,0.13609790775294167,0,false_reject
DFDC,3242,kdujlvcovq,1,0.6644038176164031,0.39829028636449948,0.081213999999999995,0.20549637679016999,0,false_reject
DFDC,3243,kdznfohfpt,1,0.92402802407741547,0.89823096804320812,0.74283399999999999,0.7985127916168332,1,correct
DFDC,3244,kedhhamrou,1,0.34415009617805481,0.059329379349946976,0.384662,0.28503661861388685,0,false_reject
DFDC,3245,kehetleknq,1,0.73170992732048035,0.64971383940428495,0.13780000000000001,0.32106964818730949,1,correct
DFDC,3246,kemlxxeffp,1,0.86014938354492188,0.74051748129228756,0.037186999999999998,0.28933426356493236,0,false_reject
DFDC,3247,kepeyxjyjq,1,0.75876563787460327,0.95730467921211604,0.293545,0.51593393565736489,1,correct
DFDC,3248,kervwoylyi,1,0.46129686757922173,0.66399167687632143,0.0075230000000000002,0.22715229644185753,0,false_reject
DFDC,3249,kfdwvsjmwb,1,0.35790898548118,0.80737844469218423,0.520401,0.59836963268171428,1,correct
DFDC,3250,kfnjuhushh,1,0.94225977919995785,0.99879940040409565,0.39858900000000003,0.60583565908122661,1,correct
DFDC,3251,kfrwdymmkh,1,0.95710568875074387,0.98109686002135277,0.0033639999999999998,0.34437094244394295,1,correct
DFDC,3252,kfthlaoupn,1,0.78954313741996884,0.55341700016288087,0.72745199999999999,0.67834605691986272,1,correct
DFDC,3253,kgdprrhrav,1,0.10581839051578314,0.062099439024384466,0.0086070000000000001,0.029515301233104495,0,false_reject
DFDC,3254,kggxolrkfm,1,0.49368061404675245,0.47796734608709812,0.018513000000000002,0.18010768452846707,0,false_reject
DFDC,3255,kgjehmjtgh,1,0.073672001075465232,0.0044430988673411775,0.042215000000000003,0.032456279713975619,0,false_reject
DFDC,3256,kgprlnorpo,1,0.83805516548454762,0.84787331218831241,0.027666,0.31424765193072113,1,correct
DFDC,3257,kgrgygegdr,1,0.66044839983806014,0.33837525990384165,0.59058999999999995,0.5184184979630555,1,correct
DFDC,3258,khbjdjetjp,1,0.98339320160448551,0.99682486988604069,0.966831,0.9766572710460365,1,correct
DFDC,3259,khpxccecgx,1,0.8770112107539999,0.54114905028636084,0.022882,0.22106857562360827,0,false_reject
DFDC,3260,khrcmdvbnc,1,0.43751149298623204,0.10102919240307529,0.29166500000000001,0.24176658237023421,0,false_reject
DFDC,3261,kiaduepsym,1,0.62567643634974957,0.60290769857238047,0.093870999999999996,0.27317228138920163,0,false_reject
DFDC,3262,kihlcnjppw,1,0.48305296897888184,0.4757598618666331,0.036149000000000001,0.19037745700893405,0,false_reject
DFDC,3263,kihtfkrulm,1,0.78294494282454252,0.99023992940783501,0.99938300000000002,0.98581817596357768,1,correct
DFDC,3264,kijnjasijq,1,0.76761885484059655,0.44071322958916426,0.017625999999999999,0.18205181161877909,0,false_reject
DFDC,3265,kjfdjopzva,1,0.63716397790805157,0.82355731474640581,0.236453,0.43261984331932429,1,correct
DFDC,3266,kjthyluyjt,1,0.56207854921619094,0.55018771191438043,0.33324399999999998,0.40976884103512368,1,correct
DFDC,3267,kjypbimqdx,1,0.5509420174639672,0.78913190006278455,0.19445299999999999,0.39068112089203372,1,correct
DFDC,3268,klasannxlx,1,0.67229539388790727,0.60995034652296454,0.53409399999999996,0.56376097365128475,1,correct
DFDC,3269,klddeggcsf,1,0.99581420235335827,0.99846151098608971,0.59388600000000002,0.73535506341349477,1,correct
DFDC,3270,kltjmxdjcd,1,0.98481827788054943,0.99082619696855545,0.57611900000000005,0.72096612298459417,1,correct
DFDC,3271,kmdqstahdo,1,0.67397650051862001,0.65899487730348483,0.050946999999999999,0.26451283821697646,0,false_reject
DFDC,3272,kmegpuxbdy,1,0.31286389719356189,0.091802733865651215,0.37494300000000003,0.28689696501937351,0,false_reject
DFDC,3273,kmiiegtxoh,1,0.79845279951890313,0.77310563996434212,0.403256,0.5339707319652478,1,correct
DFDC,3274,kndqzvqaae,1,0.98416935652494431,0.95113118924200535,0.99711399999999994,0.98267192459884878,1,correct
DFDC,3275,knhjdumngf,1,0.74086912348866463,0.65850898681674153,0.460843,0.53414410221945574,1,correct
DFDC,3276,knjbrqcgpw,1,0.52694474207237363,0.86788209434598684,0.16531100000000001,0.39416401540741475,1,correct
DFDC,3277,knlylbpgky,1,0.23905270081013441,0.40413810242898762,0.021434999999999999,0.147126815769203,0,false_reject
DFDC,3278,knonpjbflq,1,0.46712803782429546,0.46843751770211384,0.014643,0.17340560720184892,0,false_reject
DFDC,3279,knousdgstq,1,0.9974440224468708,0.99933654256165028,0.52525100000000002,0.69108631389083863,1,correct
DFDC,3280,knwmhhyffe,1,0.60859673330560327,0.41332174712442793,0.099863999999999994,0.21933796080260851,0,false_reject
DFDC,3281,konxxlftbl,1,0.95264325795635096,0.99952827345940376,0.20810300000000001,0.48275759493563869,1,correct
DFDC,3282,koqxnibvos,1,0.72415421605110164,0.74158977018669248,0.39672800000000003,0.51655784185856291,1,correct
DFDC,3283,koscyfkvye,1,0.85721091972663999,0.87908188323490322,0.37165799999999999,0.54816281095680297,1,correct
DFDC,3284,kpqdzocupc,1,0.44078078528400511,0.49717024283017963,0.017831,0.18278026211325413,0,false_reject
DFDC,3285,kqdwnwndbj,1,0.63508590450510383,0.92998323077335954,0.31723400000000002,0.51695136445726309,1,correct
DFDC,3286,kqgpwmewlo,1,0.39005425805225968,0.065761331265093759,0.025396999999999999,0.055739162282141118,0,false_reject
DFDC,3287,kqhcrmpotp,1,0.57816668215673417,0.71948826627340168,0.22553999999999999,0.39135581398985719,1,correct
DFDC,3288,kqlpildjiv,1,0.59524214640259743,0.67115220890264027,0.34072400000000003,0.45257836999092199,1,correct
DFDC,3289,kreftoakmb,1,0.28567219234537333,0.23285123221285176,0.033794999999999999,0.10610572928112419,0,false_reject
DFDC,3290,krjdsugfxv,1,0.9802482221275568,0.99699436128139496,0.28231299999999998,0.53161416949079632,1,correct
DFDC,3291,ksavmqnigi,1,0.47722623628728528,0.46385016511468324,0.16000600000000001,0.26702026134876922,0,false_reject
DFDC,3292,ksjrewxjuo,1,0.44435366387328795,0.5547287580106528,0.24776699999999999,0.34968486059686021,1,correct
DFDC,3293,kspgijbokb,1,0.96697035059332848,0.91645436733961105,0.98699999999999999,0.96483482773154972,1,correct
DFDC,3294,ksrqnmvoyo,1,0.13262737920740619,0.10692388852476142,0.010815,0.045738285517798738,0,false_reject
DFDC,3295,kszjfokmhh,1,0.49143021274358034,0.35706981387920678,0.00347,0.13394795480094104,0,false_reject
DFDC,3296,ktbxpbwttw,1,0.47685032337903976,0.57002849713899195,0.0058469999999999998,0.19865161531064959,0,false_reject
DFDC,3297,ktdhbosynl,1,0.57116096885874867,0.70956328604370356,0.60443599999999997,0.63431043425604849,1,correct
DFDC,3298,ktfwifczqo,1,0.58230465650558472,0.16388708353042603,0.067509,0.12216220788440704,0,false_reject
DFDC,3299,ktsausjfsv,1,0.81106873415410519,0.78941975021734834,0.47031200000000001,0.58308216177290983,1,correct
DFDC,3300,ktvkslgche,1,0.901932786218822,0.99292971193790436,0.89759500000000003,0.92641230289231247,1,correct
DFDC,3301,kuacgwnvjy,1,0.93794234593709314,0.99316873153050744,0.74095200000000006,0.8264665367560069,1,correct
DFDC,3302,kuqkongpaq,1,0.60745485546067357,0.79259147541597486,0.025125000000000001,0.28448143539782617,0,false_reject
DFDC,3303,kusczptfuf,1,0.40287406320373215,0.48854211078335841,0.088757000000000003,0.2243983863951941,0,false_reject
DFDC,3304,kvezzfqcdx,1,0.99496067129075527,0.99769563972949982,0.91680600000000001,0.94498062548338779,1,correct
DFDC,3305,kvlcopwmvr,1,0.56768102990463376,0.49364104139385745,0.31816,0.38328036391338893,1,correct
DFDC,3306,kvnbjouvwn,1,0.91292538680136204,0.89227147307246923,0.70513300000000001,0.77166416126180892,1,correct
DFDC,3307,kvofljhkpj,1,0.37581627850886434,0.41295458418608177,0.246721,0.30304583918126776,1,correct
DFDC,3308,kvxzljotaz,1,0.87602816115726123,0.85353008251298557,0.56971499999999997,0.6701751828117587,1,correct
DFDC,3309,kwuvocipyu,1,0.34145716822240502,0.32046869228361174,0.17560799999999999,0.22735866609620375,0,false_reject
DFDC,3310,kxadjaofqf,1,0.99869142845273018,0.99975997023284435,0.99977899999999997,0.99971891249248979,1,correct
DFDC,3311,kxiinqritb,1,0.57135316263884306,0.31085514120059088,0.18425,0.24158670049211942,0,false_reject
DFDC,3312,kxjqzouaix,1,0.52261422947049141,0.21981272828998044,0.437693,0.3765749799605187,1,correct
DFDC,3313,kxpfdjwpjg,1,0.4939317787066102,0.42576797027140856,0.022061999999999998,0.16676728001675306,0,false_reject
DFDC,3314,kxrgztpadv,1,0.97408038005232811,0.9994052741676569,0.99896200000000002,0.99785090125291342,1,correct
DFDC,3315,kxuzogzctw,1,0.40168742262400114,0.112207723244165,0.26415499999999997,0.22544743810444956,0,false_reject
DFDC,3316,kxweknqses,1,0.99421276897192001,0.99701880291104317,0.97960199999999997,0.98555757932190891,1,correct
DFDC,3317,kygpklglub,1,0.69572684820741415,0.49388810963137075,0.74004300000000001,0.66398072529978192,1,correct
DFDC,3318,kypjhtdbwr,1,0.48044237494468689,0.49855788453267169,0.32058399999999998,0.38196908410703584,1,correct
DFDC,3319,kzffhuhuzw,1,0.99285612627863884,0.98903296515345573,0.97558,0.98047969585996864,1,correct
DFDC,3320,kzgfwmupkv,1,0.81546490266919136,0.98817967437207699,0.89837599999999995,0.92117154744508267,1,correct
DFDC,3321,kzireswpdr,1,0.79597827279940248,0.99426364712417126,0.181174,0.45584110777722148,1,correct
DFDC,3322,kztfeyykjt,1,0.39871054119430482,0.36321091813442763,0.036535999999999999,0.15264720250004354,0,false_reject
DFDC,3323,lagfmkcdol,1,0.13731616809964181,0.17726266691461207,0.025340000000000001,0.076515608479365713,0,false_reject
DFDC,3324,lbirfxgjux,1,0.97151931561529636,0.41341220174217597,0.14039499999999999,0.26385637630341763,0,false_reject
DFDC,3325,lcogepyina,1,0.85576389233271277,0.35850390574584406,0.82840800000000003,0.68880456634038889,1,correct
DFDC,3326,lddpfyuzep,1,0.9833120834082365,0.9987480454146862,0.83051699999999995,0.88862606779481768,1,correct
DFDC,3327,ldgcgbjtna,1,0.27113492239732295,0.29092859267257154,0.032072000000000003,0.12168212392163762,0,false_reject
DFDC,3328,ldzsiihhia,1,0.37262810278555442,0.6363613974174549,0.032216000000000002,0.23048022436451418,0,false_reject
DFDC,3329,lebrijlnjr,1,0.99683390744030476,0.99959531426429749,0.95901899999999995,0.97308263965130448,1,correct
DFDC,3330,leojshycej,1,0.45099435281008482,0.40014423336833715,0.14524000000000001,0.23699898765100538,0,false_reject
DFDC,3331,lfjcgooobl,1,0.99813479743897915,0.99978817999362946,0.99964600000000003,0.99961309387003783,1,correct
DFDC,3332,lfxlrkeayp,1,0.72401938447728753,0.89011999862850644,0.094125,0.36441821881241632,1,correct
DFDC,3333,lgiueebfog,1,0.53575600031763315,0.74954901193268597,0.042783000000000002,0.27946145359568747,0,false_reject
DFDC,3334,lhjxdzslfq,1,0.63004667498171329,0.66049493523314595,0.24541199999999999,0.38916861431902944,1,correct
DFDC,3335,lhmdldntlh,1,0.5587384277023375,0.72526107856538147,0.13020300000000001,0.33014719495473133,1,correct
DFDC,3336,lhndytetmf,1,0.64041558935724452,0.97978901040965116,0.14945600000000001,0.4231038825907576,1,correct
DFDC,3337,lhtvdfmdcv,1,0.80582917015999556,0.94131118059158325,0.94655800000000001,0.93794751268547472,1,correct
DFDC,3338,lhyusfzjvo,1,0.87901857681572437,0.96971072070300579,0.69722899999999999,0.78806299505168798,1,correct
DFDC,3339,likjcxvkxd,1,0.91756608883539836,0.97618213097254436,0.67370600000000003,0.77664184373353329,1,correct
DFDC,3340,likpmmqjlt,1,0.89758677408099174,0.72891882713884115,0.98016000000000003,0.900658986845702,1,correct
DFDC,3341,limafmwcwk,1,0.99476053591432245,0.99965821257952991,0.91622599999999998,0.94518239056957509,1,correct
DFDC,3342,ljaedxbwki,1,0.36476565773288411,0.87839638193448388,0.25122699999999998,0.44505474746698936,1,correct
DFDC,3343,ljbsxojoqq,1,0.95954633876681328,0.99937927350401878,0.45542199999999999,0.64381539898954632,1,correct
DFDC,3344,ljwujnowey,1,0.99380771930401146,0.9992033518277682,0.38790999999999998,0.60159289151353101,1,correct
DFDC,3345,ljzazblkjl,1,0.99934825859963894,0.99971093237400055,0.995861,0.9971903426421822,1,correct
DFDC,3346,lkfphvchlm,1,0.37959519261494279,0.17435171827673912,0.36920900000000001,0.31127112511376887,1,correct
DFDC,3347,lkiiimoqwe,1,0.6235031932592392,0.74571802797577069,0.058786999999999999,0.29310211805569314,0,false_reject
DFDC,3348,lknjhqzaic,1,0.54601440113037825,0.35271302970068064,0.138739,0.2232949789667231,0,false_reject
DFDC,3349,lkqytulalc,1,0.99336418695747852,0.99961810559034348,0.96038100000000004,0.97380129102497703,1,correct
DFDC,3350,lkunxxwtbn,1,0.69914945075288415,0.84794935025274754,0.631162,0.69959757761346841,1,correct
DFDC,3351,llfapmbblg,1,0.77123373094946146,0.75710881454870105,0.67131300000000005,0.70204778091208342,1,correct
DFDC,3352,llgjxqexdg,1,0.56893787812441587,0.30336625606287271,0.37006299999999998,0.35999772072508263,1,correct
DFDC,3353,llkmzqvnff,1,0.58808903821877068,0.79676710707800724,0.82750999999999997,0.80631608403434063,1,correct
DFDC,3354,llmjimtzba,1,0.99828228354454041,0.99973004125058651,0.999699,0.99963747655240298,1,correct
DFDC,3355,llotvzbmji,1,0.76207823134385622,0.73489144143576801,0.76916399999999996,0.75852794399792323,1,correct
DFDC,3356,llticdazpe,1,0.25560228526592255,0.11023923888569698,0.041926999999999999,0.073104435929005215,0,false_reject
DFDC,3357,lmdgwfgdqj,1,0.33776106384272375,0.30982960982558627,0.53878800000000004,0.46004913613981208,1,correct
DFDC,3358,lmnasebvya,1,0.96537706442177296,0.96586267836391926,0.47783999999999999,0.64862365673026445,1,correct
DFDC,3359,lmorgkqfqe,1,0.89269119128584862,0.89297002460807562,0.54239199999999999,0.66508036694671513,1,correct
DFDC,3360,lmuorawujy,1,0.99082346260547638,0.99984384328126907,0.59422299999999995,0.73573927611465451,1,correct
DFDC,3361,lmzqygecnf,1,0.39062716929536118,0.45094305120016398,0.11162,0.22736727382481725,0,false_reject
DFDC,3362,lnpnwprkoi,1,0.55734978030834881,0.45591276894057436,0.153946,0.26470621969758973,0,false_reject
DFDC,3363,lofkqsfhwg,1,0.67170698428526521,0.44043233184493147,0.327517,0.37860109876774273,1,correct
DFDC,3364,logzmfeyws,1,0.54667143896222115,0.37223502044798806,0.28520000000000001,0.32438407808250747,1,correct
DFDC,3365,lohkeoxlhy,1,0.73882782061894736,0.97821402947107949,0.47004000000000001,0.63593159987227121,1,correct
DFDC,3366,lojmybtrto,1,0.62767441291362047,0.41411196326953359,0.42577599999999999,0.43237170962654109,1,correct
DFDC,3367,lovostttmg,1,0.78764896793290973,0.87356600421480834,0.56978600000000001,0.67181314966108807,1,correct
DFDC,3368,lpehhofjzi,1,0.91405181959271431,0.99860873073339462,0.83160000000000001,0.8858252101996541,1,correct
DFDC,3369,lppbjjhbkn,1,0.77842568466439843,0.69080507033504546,0.59714699999999998,0.63430835533373353,1,correct
DFDC,3370,lpsnejuzud,1,0.14043492963537574,0.036065730193513446,0.46777299999999999,0.32189391553982283,1,correct
DFDC,3371,lqfbdfqlub,1,0.65126459777355195,0.96337008714675898,0.83631599999999995,0.8651796560327053,1,correct
DFDC,3372,lqhqgoifhr,1,0.59650139615405351,0.76165218590176664,0.194693,0.38487117557823264,1,correct
DFDC,3373,lqywtudjwc,1,0.87273276038467884,0.67197911627590656,0.081245999999999999,0.29804027290200591,0,false_reject
DFDC,3374,lrrbenexmu,1,0.78400239534676075,0.61158657350460999,0.45096999999999998,0.51580659181872102,1,correct
DFDC,3375,lrrjplfpfg,1,0.49504970759153366,0.25009527686052024,0.038740999999999998,0.12496271843773275,0,false_reject
DFDC,3376,lsbwwnzaif,1,0.25089601438958198,0.11175018228823319,0.043686000000000003,0.074465755405949061,0,false_reject
DFDC,3377,lsqimrbodr,1,0.64971389272250235,0.66052832221612334,0.16441,0.33751069130096212,1,correct
DFDC,3378,lsqvyiasli,1,0.12381521973293275,0.047638783660659101,0.186644,0.14180099608484437,0,false_reject
DFDC,3379,lsuwqyyhbs,1,0.48803384602069855,0.46103512961417437,0.037450999999999998,0.18705538118528722,0,false_reject
DFDC,3380,lsyuismdjv,1,0.99986890889704227,0.99931156449019909,0.99456199999999995,0.99625221479191184,1,correct
DFDC,3381,ltedxefbkh,1,0.79493743181228638,0.98431496658632833,0.34187499999999998,0.55726011156651278,1,correct
DFDC,3382,ltfpojxgzs,1,0.74568188562989235,0.76580674224533141,0.94949799999999995,0.88419981695509398,1,correct
DFDC,3383,ltifprudlv,1,0.94039114564657211,0.99403942190110683,0.97273100000000001,0.97750653385266062,1,correct
DFDC,3384,ltiwgysesj,1,0.7864535884000361,0.64999993715900928,0.15012300000000001,0.33190261056770459,1,correct
DFDC,3385,ltsgmmqkfp,1,0.93942868523299694,0.97916321083903313,0.99782800000000005,0.98930859751335976,1,correct
DFDC,3386,ltyzljoojr,1,0.10704001516569406,0.087875592111231526,0.074220999999999995,0.079958328391654163,0,false_reject
DFDC,3387,lulikoqvox,1,0.6423155830707401,0.67203568993136287,0.38770300000000002,0.48573343613294589,1,correct
DFDC,3388,lunsmndioo,1,0.83533684071153402,0.99541978165507317,0.41375299999999998,0.60933222653209862,1,correct
DFDC,3389,lupkcqikoc,1,0.92584861176354549,0.95692286037263419,0.031708,0.35397948869996754,1,correct
DFDC,3390,luqjcwffxc,1,0.57225910853594542,0.45852947898674756,0.215031,0.30594194912282152,1,correct
DFDC,3391,lvggcbwakq,1,0.46192325442098081,0.071939882691367529,0.038850999999999997,0.069931277528459304,0,false_reject
DFDC,3392,lwcwovkqoe,1,0.60280907712876797,0.63337376993149519,0.57913899999999996,0.59659293483588693,1,correct
DFDC,3393,lwetuufpth,1,0.49101534485816956,0.48699726816266775,0.032363000000000003,0.1916858976917088,0,false_reject
DFDC,3394,lwztbqszln,1,0.85705274157226086,0.92661482188850641,0.122817,0.40066813364516496,1,correct
DFDC,3395,lxadsdmxsa,1,0.77982627352078759,0.59088920763935204,0.20868400000000001,0.35190267596784502,1,correct
DFDC,3396,lxhlcpzbuy,1,0.66014558519236743,0.5402952939766692,0.33203100000000002,0.41091601745261919,1,correct
DFDC,3397,lxobhcbqzs,1,0.99863632395863533,0.99622912891209126,0.99915900000000002,0.99825390487155907,1,correct
DFDC,3398,lxpnmhjwoy,1,0.98241892643272877,0.90348338335752487,0.91260699999999995,0.91336051132889384,1,correct
DFDC,3399,lxturyroro,1,0.7345208153128624,0.92473033629357815,0.99647200000000002,0.96185194165371657,1,correct
DFDC,3400,lxuosjkowp,1,0.46351660788059235,0.40024089068174362,0.15737499999999999,0.24554184759855269,0,false_reject
DFDC,3401,lxzmyfdgzc,1,0.5887275249697268,0.174244678208197,0.014782999999999999,0.091318729710945443,0,false_reject
DFDC,3402,lzjmhyqcsz,1,0.48984185792505741,0.51007283199578524,0.024239,0.19326929249498845,0,false_reject
DFDC,3403,lzxlnshsaa,1,0.85188222536817193,0.86043236963450909,0.72125399999999995,0.7695389221587613,1,correct
DFDC,3404,lzyjyvcpmq,1,0.30102421702550991,0.10093042537170861,0.57991800000000004,0.42227703846278813,1,correct
DFDC,3405,maenkrepvr,1,0.64920007414184511,0.69313116022385657,0.195828,0.36768755177424922,1,correct
DFDC,3406,maicppbpml,1,0.94531715288758278,0.99884599447250366,0.997977,0.99560470598613027,1,correct
DFDC,3407,mapqmagfvc,1,0.46072816732339561,0.79956628661602736,0.18448400000000001,0.38282089435097794,1,correct
DFDC,3408,masmbnynwp,1,0.70893512316979468,0.43021697059157304,0.31279200000000001,0.36782664733596165,1,correct
DFDC,3409,mavbzpgnuo,1,0.6795569839887321,0.86249409150332212,0.58231299999999997,0.67122952665043323,1,correct
DFDC,3410,mbdbfkowgh,1,0.18374515331483313,0.090627239850748859,0.20468,0.16941742962096631,0,false_reject
DFDC,3411,mbnixpkrfh,1,0.98979332711961532,0.99837699863645768,0.99463999999999997,0.99551876594691813,1,correct
DFDC,3412,mbwcvsvgdr,1,0.9728300217539072,0.99475172720849514,0.684674,0.79210511925024396,1,correct
DFDC,3413,mcbuthkarc,1,0.54320809768978506,0.55801608954789117,0.39018799999999998,0.44818743174885661,1,correct
DFDC,3414,mcgkwjgwsb,1,0.67378410426053137,0.83538524129173974,0.13324900000000001,0.3709166276005485,1,correct
DFDC,3415,mcgveudgcl,1,0.40569644011557104,0.7193257409458359,0.14432400000000001,0.32989314428952932,1,correct
DFDC,3416,mdcmgkbnnx,1,0.36426447628764436,0.17377476392721292,0.066733000000000001,0.11372210299254609,0,false_reject
DFDC,3417,mdixnuvyew,1,0.6722559928894043,0.79016712680459023,0.13758699999999999,0.36009448768584723,1,correct
DFDC,3418,mdklrhpabg,1,0.48018868919461966,0.45611996669322252,0.056341000000000002,0.19746707446769773,0,false_reject
DFDC,3419,mdtfwyscdu,1,0.47413449466694146,0.54330861649941653,0.026530000000000001,0.20394380968317202,0,false_reject
DFDC,3420,mdudkekjed,1,0.6800863123498857,0.69288633231190033,0.609213,0.63785866531106439,1,correct
DFDC,3421,meeebwugvz,1,0.31517424075199024,0.014937243041848498,0.066160999999999998,0.063244534950154058,0,false_reject
DFDC,3422,mesbqnipje,1,0.99726679176092148,0.99927307851612568,0.99979300000000004,0.99951071314288376,1,correct
DFDC,3423,meyeazaovm,1,0.89404635317623615,0.53090695198625326,0.43399700000000002,0.48607245325468779,1,correct
DFDC,3424,mgjrsnprci,1,0.37016556889284402,0.67387144640088081,0.098282999999999995,0.28455366236490642,0,false_reject
DFDC,3425,mgnvhlguhu,1,0.99098462983965874,0.9990678709000349,0.99743999999999999,0.99760559276199334,1,correct
DFDC,3426,mgvpkmgsxi,1,0.49025105498731136,0.52559784613549709,0.042953999999999999,0.21011200659001469,0,false_reject
DFDC,3427,mhgrghjowp,1,0.46361323306336999,0.81493975617922843,0.64447699999999997,0.68657263850693706,1,correct
DFDC,3428,mhytdmqigx,1,0.4949918407946825,0.31171882420312613,0.014906000000000001,0.12795413930067195,0,false_reject
DFDC,3429,micfrlqjlm,1,0.78501548734493554,0.85291439946740866,0.193046,0.42060499420746933,1,correct
DFDC,3430,miielrfdgv,1,0.83340472262352705,0.64792215614579618,0.40307199999999999,0.49804368297491519,1,correct
DFDC,3431,mjijllwvhf,1,0.34750239457935095,0.19007476879050955,0.090782000000000002,0.13340585036612043,0,false_reject
DFDC,3432,mjjwajvhds,1,0.48704689275473356,0.48197674378752708,0.083942000000000003,0.22350766777399481,0,false_reject
DFDC,3433,mjlcrxejxf,1,0.99524905532598495,0.99922285228967667,0.99338000000000004,0.99522630845320226,1,correct
DFDC,3434,mjpzbpxcgc,1,0.84166268212720752,0.71476161558530293,0.075617000000000004,0.30566266878195125,1,correct
DFDC,3435,mjvzbkkheo,1,0.7846478964202106,0.89879419561475515,0.84770199999999996,0.85987695350543702,1,correct
DFDC,3436,mjwamecgmt,1,0.79409001301974058,0.78655205969698727,0.082241999999999996,0.32912741856008321,1,correct
DFDC,3437,mkbbblntso,1,0.97196228802204132,0.92487659119069576,0.90259100000000003,0.91274524175831084,1,correct
DFDC,3438,mkptlocwpg,1,0.20660362020134926,0.49149253123323433,0.013598000000000001,0.16661664038003776,0,false_reject
DFDC,3439,mlifkfxmpb,1,0.92497323093743156,0.91793647305718784,0.292763,0.5119255534640279,1,correct
DFDC,3440,mlozkzeuwg,1,0.47039204929023981,0.47471243888139725,0.067640000000000006,0.20989933412893116,0,false_reject
DFDC,3441,mlpufojdfw,1,0.7344043798023655,0.86275232631352639,0.57033400000000001,0.66626301688417622,1,correct
DFDC,3442,mlsehzewoh,1,0.3493762610014528,0.051541047294449527,0.108406,0.1033950272384075,0,false_reject
DFDC,3443,mltkbhcolj,1,0.59980709152296185,0.59250335092656314,0.20239499999999999,0.33929810985411701,1,correct
DFDC,3444,mlvpyvhfax,1,0.32861218275502324,0.10835000788210891,0.10679,0.11834911150238384,0,false_reject
DFDC,3445,mlxiscphtm,1,0.77170465514063835,0.81729104393161833,0.014442999999999999,0.29316049593651738,0,false_reject
DFDC,3446,mmfuinbpzi,1,0.81592310778796673,0.94797715917229652,0.088235999999999995,0.38254270314108729,1,correct
DFDC,3447,mmjguwzrpk,1,0.064660801232093945,0.013226008486526553,0.042311000000000001,0.034702992607562662,0,false_reject
DFDC,3448,mmlotroagy,1,0.11430957932025194,0.093585407198406759,0.017136999999999999,0.044930151125534619,0,false_reject
DFDC,3449,mmnedchfmh,1,0.12066877301549539,0.039830177396652289,0.21437800000000001,0.15732819186977046,0,false_reject
DFDC,3450,mmyvyiollv,1,0.36637281373259611,0.40357714875426609,0.20848,0.27490378531290965,0,false_reject
DFDC,3451,mnconbubqv,1,0.81627463735640049,0.96302642300724983,0.76419199999999998,0.8264464587699949,1,correct
DFDC,3452,mncpglvxvr,1,0.9847211129963398,0.9990641213953495,0.307506,0.54883419206842177,1,correct
DFDC,3453,mnnxcnnqgf,1,0.79526183567941189,0.7565926302340813,0.175376,0.38073528085419495,1,correct
DFDC,3454,mnsxoqacfn,1,0.66809823818039149,0.83775430335663259,0.50498500000000002,0.61297145291600941,1,correct
DFDC,3455,mntbnqxnmi,1,0.59605536225717515,0.72968501353170723,0.206284,0.38279287217237096,1,correct
DFDC,3456,mofzdztrtv,1,0.35942528815940022,0.13869146334764082,0.47897800000000001,0.37091440341226228,1,correct
DFDC,3457,moifixdjhc,1,0.99640828371047974,0.99936672113835812,0.97323899999999997,0.98223578052703142,1,correct
DFDC,3458,mokfgrgkxp,1,0.82695260550826788,0.57043552081449889,0.609232,0.60847908651976301,1,correct
DFDC,3459,movblemxop,1,0.78979250974953175,0.85189986927434802,0.750753,0.78304903626978095,1,correct
DFDC,3460,mpmlyrgjbs,1,0.52859007939696312,0.70709320961032063,0.473524,0.54634806685294435,1,correct
DFDC,3461,mpmydljkph,1,0.24715336074586958,0.056250808236654848,0.032724000000000003,0.050503510508289932,0,false_reject
DFDC,3462,mpomplisls,1,0.72703349590301514,0.55400075949728489,0.61220399999999997,0.60048450264433617,1,correct
DFDC,3463,mppnhjhisy,1,0.73038202139639086,0.90472023237136101,0.37504399999999999,0.55171377078122785,1,correct
DFDC,3464,mpqdlchmwq,1,0.98369711637496948,0.99826769158244133,0.93435100000000004,0.95599331329348092,1,correct
DFDC,3465,mpwksxlvna,1,0.45257756343254674,0.43185019607727343,0.105431,0.22071408699480938,0,false_reject
DFDC,3466,mqdffxadud,1,0.83712936565279961,0.96780810318887234,0.118086,0.40895479923930167,1,correct
DFDC,3467,mqewmvmgvt,1,0.13009789349003273,0.27844858559017832,0.12483900000000001,0.17118482035155513,0,false_reject
DFDC,3468,mqgufzfqwg,1,0.64278714079409838,0.63904725760221481,0.25078699999999998,0.38686508432036937,1,correct
DFDC,3469,mqphixpgph,1,0.87496938370168209,0.89481325820088387,0.495172,0.63405424664534926,1,correct
DFDC,3470,mqyuatyifk,1,0.23066114174434915,0.12226286831719335,0.135128,0.13604511758237547,0,false_reject
DFDC,3471,mrbrcqdspy,1,0.1117738617977011,0.12904032944788923,0.032078000000000002,0.065151491924251834,0,false_reject
DFDC,3472,mrvmtbfmje,1,0.60141781612765044,0.83556914098153356,0.46438099999999999,0.58258928310084257,1,correct
DFDC,3473,msbgcpodrl,1,0.84633353725075722,0.9921512845903635,0.079683000000000004,0.3917560122396469,1,correct
DFDC,3474,msfkbpvwqs,1,0.95196008868515491,0.99106037057936192,0.88934299999999999,0.92298906560806637,1,correct
DFDC,3475,msgxclhzxt,1,0.56175765953958035,0.58461849921150133,0.186504,0.32470103274042939,1,correct
DFDC,3476,mshrxsxlyi,1,0.45888714923057705,0.29617907742795069,0.022105,0.12616633068991406,0,false_reject
DFDC,3477,msprzsyzzv,1,0.64991489518433809,0.88253392465412617,0.091907000000000003,0.3569954721554548,1,correct
DFDC,3478,msyqgoasbu,1,0.29016216640593484,0.52833445119904354,0.12332799999999999,0.25317164368000983,0,false_reject
DFDC,3479,mtewbjueky,1,0.40446256788877338,0.68465652216512418,0.22678400000000001,0.37302968504397593,1,correct
DFDC,3480,mtextngjjh,1,0.40058190864510834,0.28939425011049025,0.073446999999999998,0.15458792046540248,0,false_reject
DFDC,3481,mtssjmtnra,1,0.36001109145581722,0.13128005481121363,0.111979,0.13017092101615496,0,false_reject
DFDC,3482,mtvwbaqmtg,1,0.37401033705100417,0.36822861124528572,0.104949,0.19738595022613592,0,false_reject
DFDC,3483,mudoxlyahr,1,0.36093157785944641,0.88301077485084534,0.39791700000000002,0.54159586134822602,1,correct
DFDC,3484,mugvenrykr,1,0.50034957868047059,0.76433539215940982,0.112953,0.32773754658184645,1,correct
DFDC,3485,mulwhpvqyf,1,0.93338075093924999,0.74865785706788301,0.83108899999999997,0.81147424466732743,1,correct
DFDC,3486,mupnqclatl,1,0.4119998887181282,0.42908354627434164,0.48845499999999997,0.46682080831820888,1,correct
DFDC,3487,murotzizuk,1,0.42679589986801147,0.58163237571716309,0.65241099999999996,0.61989665770854951,1,correct
DFDC,3488,muwzramhmi,1,0.18892025644890964,0.4060873550188262,0.40234300000000001,0.39279516932809333,1,correct
DFDC,3489,mvdfponway,1,0.63924388885498051,0.92444643378257751,0.417875,0.58091487457752222,1,correct
DFDC,3490,mvfbqpqxmg,1,0.83380845934152603,0.96422483399510384,0.14161899999999999,0.42301022316560744,1,correct
DFDC,3491,mvhbzuissm,1,0.86691036199529969,0.81954151089303195,0.29135800000000001,0.47859067136767458,1,correct
DFDC,3492,mvmredrdji,1,0.59343964699655771,0.66288551082834601,0.39841799999999999,0.48750933559833171,1,correct
DFDC,3493,mwaizqhoaz,1,0.99294720962643623,0.99463382549583912,0.27656799999999998,0.52780670813007347,1,correct
DFDC,3494,mwghcwsizr,1,0.9780177716165781,0.88497683522291481,0.702511,0.77102608914770332,1,correct
DFDC,3495,mwiuozyesb,1,0.63476094061678101,0.51206244934688916,0.35671700000000001,0.41722283183490577,1,correct
DFDC,3496,mwkhaifuvk,1,0.51423883724671149,0.32503423080421412,0.17154,0.23472321110359981,0,false_reject
DFDC,3497,mxdxzoqmlk,1,0.68466693162918091,0.83099571807542816,0.15886900000000001,0.3867969120040875,1,correct
DFDC,3498,mxiflstxwk,1,0.48721432557795197,0.22024101862916723,0.33883000000000002,0.31067252186764782,1,correct
DFDC,3499,mxnmnorrwc,1,0.51605547312647104,0.5633796481997706,0.23619899999999999,0.34834601811625471,1,correct
DFDC,3500,mxvtqsbhxp,1,0.67458613496273756,0.98072468675673008,0.47142099999999998,0.6343703627751559,1,correct
DFDC,3501,mxwduahovi,1,0.49189112824387848,0.74336895643500611,0.033069000000000001,0.26910009334269575,0,false_reject
DFDC,3502,myaaaipxge,1,0.94064742768252341,0.83971725349073056,0.78130599999999994,0.80679644743134526,1,correct
DFDC,3503,mymblfniqf,1,0.40810316801071167,0.10197565363099177,0.056066999999999999,0.087441404489833119,0,false_reject
DFDC,3504,myqdllrnys,1,0.94762834347784519,0.99726606160402298,0.258322,0.51447053565509915,1,correct
DFDC,3505,mzldnycwvi,1,0.4909040629863739,0.52758264541625977,0.028021000000000001,0.20103364677419661,0,false_reject
DFDC,3506,mzobrdofwl,1,0.66295596724376082,0.89296350348740816,0.210923,0.43813679940841055,1,correct
DFDC,3507,mzqyqshixk,1,0.51645907369675115,0.54806850003660657,0.122072,0.26959030369581954,0,false_reject
DFDC,3508,nabzxppyfd,1,0.12059953226707876,0.017438943301385734,0.060541999999999999,0.050613959603769659,0,false_reject
DFDC,3509,naltcbambb,1,0.8197278743609786,0.71671267284546047,0.45134299999999999,0.54937314557168704,1,correct
DFDC,3510,napcggmygn,1,0.98400340788066387,0.9737476259469986,0.97767599999999999,0.97681385817813271,1,correct
DFDC,3511,naqgtrlzgb,1,0.29043103352189065,0.20952698651701213,0.300153,0.27247909763119821,0,false_reject
DFDC,3512,naszwsebah,1,0.53028841476355282,0.17389383017351584,0.145284,0.17311716979023239,0,false_reject
DFDC,3513,nbuvwpjcpm,1,0.98339738324284554,0.99902337230741978,0.58010600000000001,0.72594578085436823,1,correct
DFDC,3514,nbxyheffez,1,0.10379880780237727,0.051516896230168641,0.017544000000000001,0.032048609259169455,0,false_reject
DFDC,3515,ncgrzrycic,1,0.66488170647062361,0.70468146679922938,0.046170999999999997,0.27465967536329999,0,false_reject
DFDC,3516,ncjjgxchdp,1,0.99493954330682755,0.99964987859129906,0.98729199999999995,0.99138174074273111,1,correct
DFDC,3517,nckincmiua,1,0.33794204040896147,0.68659340031445026,0.531833,0.56856657211478323,1,correct
DFDC,3518,ncxieqcgup,1,0.47811042441753671,0.67992318654432893,0.026488999999999999,0.24510032718417551,0,false_reject
DFDC,3519,ncyozlrgpx,1,0.48855035343477804,0.53178155422210693,0.041886,0.21118788393837096,0,false_reject
DFDC,3520,ndimusstbv,1,0.60713443262823696,0.15953361612327141,0.21563399999999999,0.21837890646839328,0,false_reject
DFDC,3521,ndjyelbeht,1,0.9443456158041954,0.95501368492841721,0.24515700000000001,0.49307343626873495,1,correct
DFDC,3522,ndkscveepj,1,0.44889857552268286,0.32714858888225123,0.40507900000000002,0.38389085544080953,1,correct
DFDC,3523,ndxvtlfptl,1,0.21093333163298666,0.19043498595419805,0.27879399999999999,0.24889326236790874,0,false_reject
DFDC,3524,ndyojvtdlx,1,0.94256317056715488,0.69750493043102324,0.92861499999999997,0.85997938765766468,1,correct
DFDC,3525,ndzzxndktr,1,0.10487131684203632,0.23302481124119367,0.074272000000000005,0.12342780921445992,0,false_reject
DFDC,3526,negnzmskrx,1,0.93951142206788063,0.99532889947295189,0.41182200000000002,0.61325854094527954,1,correct
DFDC,3527,neihfjsuww,1,0.15430309559451416,0.31962937762727961,0.049513000000000001,0.13578741806790959,0,false_reject
DFDC,3528,nerhqmtmmq,1,0.71267984062433243,0.74987825518473983,0.15537300000000001,0.36158991858663858,1,correct
DFDC,3529,nexjetwqjx,1,0.26624894014094025,0.18114084520493634,0.120364,0.14589130056852792,0,false_reject
DFDC,3530,nexwbobcve,1,0.12859376060077921,0.022280763994785957,0.082409999999999997,0.066680417228474745,0,false_reject
DFDC,3531,neyqtadofp,1,0.94697353430092335,0.99916806258261204,0.0068519999999999996,0.35155289548982976,1,correct
DFDC,3532,nfghpdesxm,1,0.72138056065887213,0.36068309303664137,0.34308899999999998,0.367281805943936,1,correct
DFDC,3533,ngjumjhizk,1,0.87746851518750191,0.4395772687275894,0.431676,0.45633600637765193,1,correct
DFDC,3534,nheikdvbia,1,0.42802528799934819,0.9102898402647539,0.38644899999999999,0.5456800664793936,1,correct
DFDC,3535,nhooobaaqa,1,0.663426305167377,0.34025370540621225,0.240649,0.29166927688023253,0,false_reject
DFDC,3536,nhtqnqgvxw,1,0.69647818710654974,0.5680645500542596,0.078003000000000003,0.25594522437160538,0,false_reject
DFDC,3537,nifrjjctay,1,0.65889044923167073,0.64702426882520803,0.036865000000000002,0.25101405310914593,0,false_reject
DFDC,3538,niggtgeoyz,1,0.53504227910889313,0.42665639087499585,0.22828200000000001,0.30313233121794342,1,correct
DFDC,3539,nirpbnserk,1,0.36048737599048764,0.10331186832627282,0.13658200000000001,0.13779622929740623,0,false_reject
DFDC,3540,nisipmjjms,1,0.89069146871566773,0.98005814552307124,0.40495199999999998,0.60177081709270475,1,correct
DFDC,3541,nitvesddew,1,0.93798062205314636,0.95108727086335421,0.53084699999999996,0.67727576236166354,1,correct
DFDC,3542,nizfplnamx,1,0.18852300790604204,0.26576830173144117,0.35259499999999999,0.31834339091473446,1,correct
DFDC,3543,njeorilxry,1,0.31008020101580769,0.72293791640549898,0.10631400000000001,0.3014894849724401,1,correct
DFDC,3544,njijkwatga,1,0.19893029128434137,0.14386389072751626,0.28519299999999997,0.23848113178247193,0,false_reject
DFDC,3545,njjtjxdskm,1,0.27235441713128239,0.11681485279405024,0.47804400000000002,0.3593907766947792,1,correct
DFDC,3546,njndivihge,1,0.85939286276698112,0.95861131697893143,0.90883700000000001,0.92129708823202849,1,correct
DFDC,3547,njpmpakndm,1,0.81016852403990924,0.62070837616920471,0.69286199999999998,0.67708123905275686,1,correct
DFDC,3548,njuevkitxv,1,0.33813130855560303,0.75769715150818229,0.57748900000000003,0.61958356088023492,1,correct
DFDC,3549,njuxezygnj,1,0.86602590791881084,0.95694311335682869,0.88607000000000002,0.90632972940298917,1,correct
DFDC,3550,njvoudllnh,1,0.41882724305915253,0.39157517581066537,0.061303999999999997,0.17826151489615724,0,false_reject
DFDC,3551,nkanuujkum,1,0.48739269282668829,0.40743397455662489,0.016178999999999999,0.15711617700832187,0,false_reject
DFDC,3552,nklbddtbhp,1,0.89665094763040543,0.90219577308744192,0.37370100000000001,0.55839692930775287,1,correct
DFDC,3553,nknvubmvjs,1,0.49706053547561169,0.92852739710360765,0.64453700000000003,0.72236029590486295,1,correct
DFDC,3554,nlcjapmrox,1,0.7583987433463335,0.6941517980012577,0.39477000000000001,0.50276597656769395,1,correct
DFDC,3555,nlmeiezkpq,1,0.82346323827902479,0.81169810493787131,0.109334,0.35574969339531265,1,correct
DFDC,3556,nlqvdfgieu,1,0.72212780173867941,0.81042209966108203,0.21002899999999999,0.41575186998525859,1,correct
DFDC,3557,nluwgesrqg,1,0.93652176856994629,0.6832055018749088,0.18070600000000001,0.36924663899096999,1,correct
DFDC,3558,nlyfavxkln,1,0.53448796027805656,0.59308032598346472,0.16897899999999999,0.3144848458089422,1,correct
DFDC,3559,nmcntrtqtt,1,0.7861147103831172,0.97648540604859591,0.78193800000000002,0.84051105733373466,1,correct
DFDC,3560,nmhjrparvm,1,0.7959977313876152,0.94414098840206861,0.69710499999999997,0.77616043309000127,1,correct
DFDC,3561,nmkleclzxe,1,0.9913190919905901,0.9960830844938755,0.63193299999999997,0.75914732994769207,1,correct
DFDC,3562,nmngzirweb,1,0.79972467571496964,0.29342059325426817,0.83395200000000003,0.67008121176202895,1,correct
DFDC,3563,nmqsjzxgcx,1,0.11475952708860859,0.0072460006049368531,0.012628,0.016119976535911486,0,false_reject
DFDC,3564,nmwkdzbwij,1,0.35576545970980078,0.041346113073814195,0.110058,0.10172980690763431,0,false_reject
DFDC,3565,nmwlxuixlh,1,0.43590919807320461,0.57381043466739357,0.021642000000000002,0.20800589030387828,0,false_reject
DFDC,3566,nmyayinbcz,1,0.70913366321474314,0.61207788728643209,0.486566,0.53534794934666674,1,correct
DFDC,3567,nnpuvaokug,1,0.57103304215706885,0.34281141587416641,0.18171399999999999,0.24950917687010335,0,false_reject
DFDC,3568,nomvnitaco,1,0.81534517606099444,0.97536159356435137,0.42421599999999998,0.60911613687235511,1,correct
DFDC,3569,noodanjabq,1,0.48243588209152222,0.46143549680709839,0.12743099999999999,0.2453825931467056,0,false_reject
DFDC,3570,nosjvsdfov,1,0.9507893081754446,0.97565712220966816,0.88408200000000003,0.91488990207167276,1,correct
DFDC,3571,npcwxtnukn,1,0.74420571886003017,0.76996090426109731,0.39532400000000001,0.52515915722133066,1,correct
DFDC,3572,npdntadkeu,1,0.96296163834631443,0.99757952243089676,0.94973700000000005,0.96475098864658482,1,correct
DFDC,3573,npeubwiejg,1,0.67588764289394021,0.86836186505388469,0.61413300000000004,0.69348939166086243,1,correct
DFDC,3574,npkiffyell,1,0.11579355105641298,0.068051544520130847,0.067499000000000003,0.070079490908859912,0,false_reject
DFDC,3575,npxtoofnrh,1,0.89773654658347368,0.8721329104155302,0.27782299999999999,0.48711165045383276,1,correct
DFDC,3576,nqkpsfdrfj,1,0.71356900930404665,0.90264661709467575,0.45541399999999999,0.60249153559360502,1,correct
DFDC,3577,nquzxiqcyl,1,0.97659442201256752,0.99879537336528301,0.81227300000000002,0.87644578311021337,1,correct
DFDC,3578,nqvorsfuas,1,0.37232167813284645,0.12622312939693703,0.102587,0.12316457272572343,0,false_reject
DFDC,3579,nrzayygpza,1,0.50747857455696377,0.018632962434951748,0.103266,0.098086717458333708,0,false_reject
DFDC,3580,nsggumwvgb,1,0.57247918844223022,0.90550248324871063,0.46582099999999999,0.60305835439672462,1,correct
DFDC,3581,nskyewucyf,1,0.87945232354104519,0.99803517572581768,0.27266499999999999,0.52061541889479757,1,correct
DFDC,3582,ntbcgqdfhh,1,0.41067933989688754,0.25625448673963547,0.447745,0.38844456301673502,1,correct
DFDC,3583,ntuoxpaseh,1,0.46931498125195503,0.38530502188950777,0.41595199999999999,0.40942605562945006,1,correct
DFDC,3584,nuvtryhjff,1,0.18336928359349258,0.045773071818985045,0.065569000000000002,0.065520235725370149,0,false_reject
DFDC,3585,nuxrvflcih,1,0.12580061668995768,0.089985916987643577,0.132718,0.11955250593079096,0,false_reject
DFDC,3586,nvcgkluvmb,1,0.50603266898542643,0.40433887403924018,0.116227,0.22215084566104337,0,false_reject
DFDC,3587,nwpjsjarju,1,0.48281979653984308,0.47829673252999783,0.22947100000000001,0.31678615958599149,1,correct
DFDC,3588,nwqgudajhc,1,0.83131485023806173,0.81139303984180577,0.539821,0.63586730446444484,1,correct
DFDC,3589,nxbhmnmanh,1,0.83818590268492699,0.95479198964312673,0.99936700000000001,0.97793544202718441,1,correct
DFDC,3590,nxybfgyutl,1,0.44848753837868571,0.927579844603315,0.999394,0.95030443029992884,1,correct
DFDC,3591,nybrxqwoho,1,0.36731925496133044,0.35117236664518714,0.14557300000000001,0.21834012274162268,0,false_reject
DFDC,3592,nyrfejjktr,1,0.46219022164586931,0.64006073807831854,0.021440000000000001,0.22906373250578904,0,false_reject
DFDC,3593,nyweqoyocx,1,0.4026691418257542,0.16611720072251046,0.112821,0.14330226730804085,0,false_reject
DFDC,3594,nyylccgtfk,1,0.72649691899617508,0.46279540558656057,0.92400099999999996,0.77576411762577691,1,correct
DFDC,3595,nzhaonrdpr,1,0.1688418576377444,0.052177188255882356,0.085661000000000001,0.079774899358651924,0,false_reject
DFDC,3596,nzhoqyxzis,1,0.84570994903333485,0.77648296215920709,0.30876399999999998,0.47592698609942885,1,correct
DFDC,3597,nznyfmjuxr,1,0.62038576602935791,0.9270588755607605,0.490261,0.62780660096969598,1,correct
DFDC,3598,oaearatdwk,1,0.57196256471797824,0.25099801740725525,0.277866,0.28451043345807547,0,false_reject
DFDC,3599,oaencmnetq,1,0.15520151166128926,0.0029719142330577597,0.302149,0.20504849985298179,0,false_reject
DFDC,3600,oaequaulow,1,0.72976923361420631,0.98799149133265018,0.15235000000000001,0.43191340908050535,1,correct
DFDC,3601,oagmxogaiq,1,0.92886724695563316,0.9768817201256752,0.71041299999999996,0.80127632838548424,1,correct
DFDC,3602,oajobdyajz,1,0.32777248823549598,0.28444852575194091,0.13782700000000001,0.19131073213735708,0,false_reject
DFDC,3603,oajzkmpgyh,1,0.70341650955379009,0.85134400427341461,0.088070999999999997,0.34782017675971388,1,correct
DFDC,3604,oalrjputtc,1,0.53034271101932973,0.48465208162087947,0.283138,0.35595246003723036,1,correct
DFDC,3605,oashzjuapg,1,0.48719731625169516,0.5256184171885252,0.039368,0.20763459096914233,0,false_reject
DFDC,3606,obginqedid,1,0.04043918005481828,0.038965192972682416,0.398198,0.27254021689454566,0,false_reject
DFDC,3607,obnkmhbwrf,1,0.53443938074633479,0.23329369981365744,0.37201699999999999,0.33852112898141395,1,correct
DFDC,3608,obtrtyqpzo,1,0.44573712884448469,0.53706143304589204,0.217809,0.32498113635599185,1,correct
DFDC,3609,obuydvmtvo,1,0.72684993362054229,0.53658941038884223,0.28374500000000002,0.38175356979767983,1,correct
DFDC,3610,obxrzuzaku,1,0.53101186687126756,0.12765031118760817,0.20199300000000001,0.19614113669984584,0,false_reject
DFDC,3611,ocibjdxlbq,1,0.45052509941160679,0.36021825998614077,0.52556000000000003,0.4722057329664226,1,correct
DFDC,3612,odbuzjpgxr,1,0.98775961250066757,0.97584695741534233,0.99615399999999998,0.98964216784963599,1,correct
DFDC,3613,odhuvajqun,1,0.68854442844167352,0.97814162634313107,0.51038300000000003,0.65961865932502295,1,correct
DFDC,3614,odxlaitipf,1,0.064857216406380758,0.063043978756468277,0.52299200000000001,0.36210085444725953,1,correct
DFDC,3615,odyyhwozgj,1,0.23160370736150071,0.19498538102197926,0.015859999999999999,0.080384799674668814,0,false_reject
DFDC,3616,oecgsfwhir,1,0.98260229639708996,0.99820097163319588,0.98310699999999995,0.98760995630981319,1,correct
DFDC,3617,oeiemebvlf,1,0.73419240862131119,0.96947493851184841,0.11232200000000001,0.40056140198462009,1,correct
DFDC,3618,oesrtzpbci,1,0.46969997150630788,0.55531703568352708,0.53836600000000001,0.54001800928037347,1,correct
DFDC,3619,oetwdlhluy,1,0.090994973084889352,0.1231213584105717,0.030657,0.061413206177415983,0,false_reject
DFDC,3620,oeueugdncv,1,0.80771137867122889,0.44743693609780166,0.48424200000000001,0.48937394976290194,1,correct
DFDC,3621,oeuydncmkf,1,0.48459349572658539,0.30181780378916301,0.74720699999999995,0.60045956592307814,1,correct
DFDC,3622,ofdkfmtnaj,1,0.18482903519179672,0.20415697018324863,0.37490699999999999,0.31417809281456444,1,correct
DFDC,3623,ofdncvormg,1,0.90445326222106814,0.97360748611390591,0.74630700000000005,0.82240445894522518,1,correct
DFDC,3624,ofejseeuio,1,0.52568188891746104,0.11387266911333427,0.12106699999999999,0.13913944517987334,0,false_reject
DFDC,3625,ofjybfnazl,1,0.89052864722907543,0.95377562195062637,0.99460099999999996,0.97714976894664163,1,correct
DFDC,3626,ogbparluqb,1,0.48374988087292375,0.45084751268913004,0.022637000000000001,0.17415579785038521,0,false_reject
DFDC,3627,ogdgzctbak,1,0.99605439603328705,0.99917154014110565,0.78100899999999995,0.85721003184399602,1,correct
DFDC,3628,oggmgtqusy,1,0.4892415851354599,0.49018476009368894,0.063746999999999998,0.21295305728487965,0,false_reject
DFDC,3629,ogntuckqoq,1,0.98150882311165333,0.99800071492791176,0.98235399999999995,0.98700575563395609,1,correct
DFDC,3630,ohmmnvcomz,1,0.90666678361594677,0.64867084193974733,0.019782000000000001,0.25279289176272157,0,false_reject
DFDC,3631,ohqwfknhib,1,0.48197188414633274,0.45108354091644287,0.16052900000000001,0.2637675064822495,0,false_reject
DFDC,3632,ohwlzreiwo,1,0.59212933760136366,0.90433450788259506,0.11616799999999999,0.37641601924484669,1,correct
DFDC,3633,oicibcbvej,1,0.41616074502235278,0.58505379510461353,0.217472,0.33768097578250167,1,correct
DFDC,3634,oilnkwcezv,1,0.49133814033120871,0.52191761136054993,0.021706,0.19525109042472544,0,false_reject
DFDC,3635,oiujnsuoza,1,0.88305723667144775,0.88332395069301128,0.92072299999999996,0.90761999704147578,1,correct
DFDC,3636,oixuaozbpc,1,0.17155704771478972,0.10364080763732393,0.30901600000000001,0.24053049467693668,0,false_reject
DFDC,3637,ojlgnvwdow,1,0.81113650067709386,0.82607184647349641,0.71274899999999997,0.7516652289759036,1,correct
DFDC,3638,ojouqkmghu,1,0.67055947706103325,0.92397167533636093,0.45263100000000001,0.60492962645395998,1,correct
DFDC,3639,ojsceduqeg,1,0.53925660770872363,0.51905177829220239,0.67941099999999999,0.6242955138730969,1,correct
DFDC,3640,ojvebysgtq,1,0.27196257177274674,0.24080997319833841,0.119168,0.16330032054813887,0,false_reject
DFDC,3641,ojwhxaurco,1,0.46828123506519104,0.79257642943412066,0.84487699999999999,0.81035704058349578,1,correct
DFDC,3642,okcjhwduko,1,0.56643192982301116,0.6597715086536482,0.32903900000000003,0.44012839908724505,1,correct
DFDC,3643,okogoesrwg,1,0.38946858669320744,0.23301997035741806,0.25741599999999998,0.25669982044188577,0,false_reject
DFDC,3644,okooeunjrq,1,0.076301379245705903,0.35014261680771597,0.14019000000000001,0.1999813540046001,0,false_reject
DFDC,3645,olbhdnvnan,1,0.25300741016864775,0.099681284353137015,0.429037,0.3214288058143735,1,correct
DFDC,3646,olbuhvhvxm,1,0.57360317092388868,0.74159232072997838,0.070098999999999995,0.29672220476518796,0,false_reject
DFDC,3647,olkwmpiyqf,1,0.96366396546363831,0.95806162804365158,0.95441600000000004,0.95597208668627742,1,correct
DFDC,3648,olofelqyrj,1,0.53950472176074982,0.94684728980064392,0.99728399999999995,0.95926402302823066,1,correct
DFDC,3649,olqaagffhq,1,0.88018529675900936,0.97377988323569298,0.0047369999999999999,0.33922227980865838,1,correct
DFDC,3650,olrzhvdgsu,1,0.6475133151980117,0.55787899799179286,0.023508000000000001,0.21501956515743842,0,false_reject
DFDC,3651,olxoyzjmcj,1,0.55359765514731407,0.48711262925321031,0.107323,0.24357362153332882,0,false_reject
DFDC,3652,ondklzxreg,1,0.53258190304040909,0.64320168481208384,0.15499399999999999,0.32033570059564559,1,correct
DFDC,3653,onfbbjsbac,1,0.75282496772706509,0.32226314803119749,0.95908000000000004,0.75772219279571251,1,correct
DFDC,3654,onrgymqvpb,1,0.2747702321578418,0.13465674647370413,0.062038000000000003,0.094460235550003324,0,false_reject
DFDC,3655,onteqxviqn,1,0.74144292157143354,0.52588874788489193,0.41626800000000003,0.46541297044403929,1,correct
DFDC,3656,onunsaliug,1,0.71833404200151563,0.53879679110832512,0.059975000000000001,0.23653948943257333,0,false_reject
DFDC,3657,oomrpijbbb,1,0.83023353666067123,0.80280613922514021,0.30173,0.47847801860057559,1,correct
DFDC,3658,oovoibbtlv,1,0.47443562150001528,0.45548118352890016,0.043557999999999999,0.18867883613367079,0,false_reject
DFDC,3659,oowetxwjsu,1,0.97837511636316776,0.99853744730353355,0.073499999999999996,0.39625499000921849,1,correct
DFDC,3660,opduvbofet,1,0.1379763169970829,0.35197014414006844,0.039115999999999998,0.13791525909187466,0,false_reject
DFDC,3661,opizkjawet,1,0.57127693160013715,0.35972235986793583,0.19388,0.26250255454038762,0,false_reject
DFDC,3662,opjecwqoef,1,0.43521053944864579,0.64200326319663759,0.209786,0.35072240593142356,1,correct
DFDC,3663,opksnifiop,1,0.59516485000494868,0.86820542020723224,0.442083,0.57757381856241707,1,correct
DFDC,3664,opsowfkvjf,1,0.8146556094288826,0.54772115941159427,0.65611600000000003,0.63152452829492245,1,correct
DFDC,3665,opthmeapbs,1,0.24191281056174865,0.35237506605111635,0.052853999999999998,0.15216326034342234,0,false_reject
DFDC,3666,opvfmdwtcb,1,0.69186713298161828,0.89720847209294641,0.46729599999999999,0.60749829827696478,1,correct
DFDC,3667,oqglpnjenm,1,0.4910963736474514,0.51533294934779406,0.015447000000000001,0.18919525348671079,0,false_reject
DFDC,3668,oqzsbjsyhn,1,0.83037276100367308,0.6740804017172195,0.014352999999999999,0.25307220856534951,0,false_reject
DFDC,3669,orlsoyncoo,1,0.99855348095297813,0.99950149841606617,0.99729800000000002,0.99802182357246871,1,correct
DFDC,3670,orxmifszsl,1,0.46988072318415486,0.1865112875708409,0.62519499999999995,0.48582417243046,1,correct
DFDC,3671,oseuxmafwy,1,0.4909551776945591,0.52455208264291286,0.0076759999999999997,0.18690278367760182,0,false_reject
DFDC,3672,osnhsbwpfy,1,0.82427993603050709,0.84503780002705753,0.181313,0.41257878680964266,1,correct
DFDC,3673,ossvhgtari,1,0.17776785712339915,0.3575197440222837,0.086856000000000003,0.17260071606285507,0,false_reject
DFDC,3674,ostfgauoil,1,0.85732193663716316,0.82044258985843044,0.36294599999999999,0.52491377378938731,1,correct
DFDC,3675,osviaxjtiw,1,0.53798169083893299,0.79318294767290354,0.24307899999999999,0.42285531884381772,1,correct
DFDC,3676,osvzfnasgc,1,0.4481200287418981,0.56823961629021558,0.082849999999999993,0.24673038632415956,0,false_reject
DFDC,3677,otejlglvyb,1,0.62296754121780396,0.29917829064652324,0.48222300000000001,0.43434681425484717,1,correct
DFDC,3678,othswogvna,1,0.8940259050577879,0.54705577989807352,0.440361,0.4950526792223115,1,correct
DFDC,3679,otnzuqgwqw,1,0.59348151989979669,0.52380776748759672,0.27351300000000001,0.36459985624126889,1,correct
DFDC,3680,otplvsyygn,1,0.21780139830661938,0.097292901635228191,0.123735,0.12050569040589942,0,false_reject
DFDC,3681,otxbnghoez,1,0.81778548061847689,0.82088463753461838,0.96089899999999995,0.9117390152913093,1,correct
DFDC,3682,otybfmnjzi,1,0.50899095833301544,0.43944998510414734,0.26990599999999998,0.33272344344789495,1,correct
DFDC,3683,ouflidixjk,1,0.63899174204561859,0.69112599256914109,0.38180399999999998,0.48745998487302328,1,correct
DFDC,3684,ouhluineah,1,0.17255542054772377,0.038549952208995819,0.488902,0.33797905669008493,1,correct
DFDC,3685,oujvgvrhtk,1,0.35198953996102017,0.9406546105941137,0.36795299999999997,0.53896531017628513,1,correct
DFDC,3686,ouqpywzmsz,1,0.24303314238204621,0.23523149877291871,0.14930099999999999,0.17976675675097792,0,false_reject
DFDC,3687,ovessowpvm,1,0.10750947333872318,0.36059717647731304,0.75316300000000003,0.60311057661013012,1,correct
DFDC,3688,ovruriwskg,1,0.93756417091935873,0.99342064931988716,0.32905499999999999,0.55879015334193405,1,correct
DFDC,3689,ovudznexmh,1,0.8062327210791409,0.74461515760049224,0.25501699999999999,0.42945723333410474,1,correct
DFDC,3690,owhnryzuyl,1,0.72059606341645122,0.73215862692450173,0.200932,0.38628319124817306,1,correct
DFDC,3691,owrhrvrset,1,0.49017057241871953,0.50589566468261182,0.015504,0.18635482802571951,0,false_reject
DFDC,3692,owudsiynbq,1,0.53628277080133557,0.14255937020789133,0.166935,0.17808969960243418,0,false_reject
DFDC,3693,oxkhmyejpf,1,0.83528356906026602,0.76863172906450927,0.17006099999999999,0.38289334717236606,1,correct
DFDC,3694,oxqxtpubzu,1,0.39988475805148482,0.78693727124482393,0.185224,0.37647101927602139,1,correct
DFDC,3695,oxvymddyfd,1,0.94923793524503708,0.99107671342790127,0.62412500000000004,0.75046616079062223,1,correct
DFDC,3696,oyhpioiwdr,1,0.60619888454675674,0.54033742402680218,0.25616,0.35891517143537849,1,correct
DFDC,3697,ozlfjmubiz,1,0.65397332597058266,0.79819306859280914,0.038391000000000002,0.29711073687637191,0,false_reject
DFDC,3698,ozwfvebiog,1,0.57915867120027542,0.57094149774638936,0.644478,0.61915108288393061,1,correct
DFDC,3699,paetgdbxgq,1,0.97564798966050148,0.99836668744683266,0.90748200000000001,0.93815570571707485,1,correct
DFDC,3700,pahkjygrhl,1,0.51417192816734314,0.56470056578516958,0.77072799999999997,0.696091966143918,1,correct
DFDC,3701,pamdbjnpgh,1,0.37191244238056242,0.29350024010636844,0.0059329999999999999,0.11050214415093865,0,false_reject
DFDC,3702,pbmgpjwdmo,1,0.98023784719407558,0.99789187498390675,0.87118099999999998,0.91464710485487577,1,correct
DFDC,3703,pbxumxkxvz,1,0.85961471777409315,0.91425415419507772,0.39504899999999998,0.57403883214722795,1,correct
DFDC,3704,pckijguvbh,1,0.88232920225709677,0.28025905118556693,0.271787,0.30485572546852491,1,correct
DFDC,3705,pcnvtisyms,1,0.39840997755527496,0.24115814718728265,0.319606,0.30001184303394857,1,correct
DFDC,3706,pdhpfwflfx,1,0.47929234802722931,0.49540532877047855,0.066302,0.21568251603250502,0,false_reject
DFDC,3707,pdrbxnxorj,1,0.87446688674390316,0.67684283148264512,0.091554999999999997,0.30628694378198867,1,correct
DFDC,3708,pdvjexqchp,1,0.48735446017235518,0.42812784854322672,0.018735999999999999,0.16498447757158577,0,false_reject
DFDC,3709,pdzaqrnnrm,1,0.80723878461867571,0.73642074136296287,0.072438000000000002,0.30837286163982264,1,correct
DFDC,3710,pfnvbmnmfl,1,0.87252697814255953,0.66564865023246966,0.57443200000000005,0.61670174397686894,1,correct
DFDC,3711,pfrwexuvnm,1,0.55654675397090614,0.74457885720767081,0.26853100000000002,0.42574614486084655,1,correct
DFDC,3712,pfucjdvhbp,1,0.30312232871074229,0.62380612947163172,0.072877999999999998,0.24966865527702661,0,false_reject
DFDC,3713,pfucoqixin,1,0.8466649642214179,0.98142264410853386,0.67789100000000002,0.77738919144363106,1,correct
DFDC,3714,pgcfhqymrk,1,0.23150672763586044,0.22462653368711472,0.072605000000000003,0.12615654648792743,0,false_reject
DFDC,3715,pgdsqgdslu,1,0.98295316100120544,0.9980483204126358,0.89726700000000004,0.93178570417385109,1,correct
DFDC,3716,pgnqoraaoz,1,0.84963121637701988,0.92421113234013319,0.24941199999999999,0.48186270052089092,1,correct
DFDC,3717,pgnthrtbng,1,0.4894799921894446,0.77128636647830717,0.29880400000000001,0.45008250955296442,1,correct
DFDC,3718,pgppkrpdyx,1,0.3793406446930021,0.11898564729199279,0.020445000000000001,0.067951976422247942,0,false_reject
DFDC,3719,phlelfuzqy,1,0.79159195348620415,0.67362045677145943,0.70207299999999995,0.69801318470574802,1,correct
DFDC,3720,phyeggetlz,1,0.64967731138070428,0.78285205364227295,0.46268900000000002,0.5680873316617171,1,correct
DFDC,3721,pidusvncsk,1,0.54179319832473993,0.38538378113298677,0.58157899999999996,0.52073114425613298,1,correct
DFDC,3722,piipulziyi,1,0.49865859746932983,0.23577200394356623,0.47978700000000002,0.40752608105653637,1,correct
DFDC,3723,piqeytqzdg,1,0.72318856464698911,0.88225011707982048,0.54309200000000002,0.65384426335629564,1,correct
DFDC,3724,pirqqkgnpj,1,0.74584831343963742,0.76780746225267649,0.35692099999999999,0.4996333043477848,1,correct
DFDC,3725,piwgduqlpd,1,0.48969873785972595,0.55802971124649048,0.055274999999999998,0.22782260026693346,0,false_reject
DFDC,3726,pjbcmsuxlx,1,0.46400620462372899,0.47975773271173239,0.040043000000000002,0.19315558004470618,0,false_reject
DFDC,3727,pkpqdvgjbj,1,0.76884310692548752,0.70678870365372859,0.0045560000000000002,0.25344016644239298,0,false_reject
DFDC,3728,pkrplkkfuy,1,0.94282445078715682,0.99508592672646046,0.86046199999999995,0.90496730055729591,1,correct
DFDC,3729,pkzvmayecb,1,0.9513370580971241,0.96681071631610394,0.754861,0.82826971779968739,1,correct
DFDC,3730,pldaobgbov,1,0.41264111399650572,0.59883035769065218,0.20286000000000001,0.33214016300702098,1,correct
DFDC,3731,plilnlvusf,1,0.81842384859919548,0.94162451452575624,0.72295100000000001,0.79332669678768664,1,correct
DFDC,3732,plqeulmqqe,1,0.87187382578849792,0.52342311106622219,0.95594699999999999,0.82198617460929158,1,correct
DFDC,3733,plrgwhtwwc,1,0.083739970170427114,0.0833283674728591,0.10663400000000001,0.098497608750379093,0,false_reject
DFDC,3734,pmgypgrdsb,1,0.54448993645963217,0.54071127907151273,0.57606299999999999,0.56387883054443544,1,correct
DFDC,3735,pmpuflvcbj,1,0.87374070938676596,0.78518515679752454,0.41080699999999998,0.5462671325085956,1,correct
DFDC,3736,pmuaebuxvw,1,0.78635773248970509,0.10162259601202095,0.328185,0.28312491542809154,0,false_reject
DFDC,3737,pndnzsipeh,1,0.61643481394276023,0.90832696389406919,0.029222999999999999,0.32231477986535878,1,correct
DFDC,3738,pngyralwkt,1,0.24652268248610198,0.042429181557963602,0.22992399999999999,0.17450548859169418,0,false_reject
DFDC,3739,pnkftmpmgh,1,0.5343788368627429,0.66308841836871579,0.29499300000000001,0.41739091735375189,1,correct
DFDC,3740,pnxeuulpzz,1,0.75684073520824313,0.35254583967616782,0.036756999999999998,0.16749783866326248,0,false_reject
DFDC,3741,pofefdmrjt,1,0.12469826231244951,0.10244637439609505,0.068194000000000005,0.081294925434450993,0,false_reject
DFDC,3742,ponxxmlopk,1,0.74230470637912338,0.71503737487870711,0.65314899999999998,0.67617329778256829,1,correct
DFDC,3743,pozpvygcom,1,0.73544875098741613,0.84600698863505386,0.58580600000000005,0.67134843413988698,1,correct
DFDC,3744,ppkgqmxaaj,1,0.95144972950220108,0.98942452482879162,0.84162800000000004,0.8914580439237475,1,correct
DFDC,3745,pqamvpldrn,1,0.57790564337084371,0.39189780743852737,0.54308800000000002,0.49947182440010041,1,correct
DFDC,3746,pqfvdcbwmp,1,0.45242045749910176,0.29410858039045706,0.52580199999999999,0.45262489699209218,1,correct
DFDC,3747,pqgspzatpx,1,0.17570014711236581,0.10016311326035066,0.106535,0.10808169133372349,0,false_reject
DFDC,3748,pqppymxnqo,1,0.49075556546449661,0.51050341501832008,0.063723000000000002,0.21910875277872088,0,false_reject
DFDC,3749,pqqakojpuq,1,0.78809677995741367,0.25838329116231762,0.18542900000000001,0.237448676346566,0,false_reject
DFDC,3750,pqqjabpbqs,1,0.49010199028998613,0.49175914842635393,0.023592999999999999,0.18736829404240549,0,false_reject
DFDC,3751,prhscixtmk,1,0.51837415003683418,0.50859901300282218,0.351076,0.4066978114026884,1,correct
DFDC,3752,prmlwkzqad,1,0.64488189981784672,0.96588810230605304,0.72194499999999995,0.79127477568270821,1,correct
DFDC,3753,prpghirstq,1,0.80081411055289209,0.816200950241182,0.83718899999999996,0.82907384059999922,1,correct
DFDC,3754,prtlvwzqcw,1,0.15914871287532151,0.15299729847174603,0.15051700000000001,0.15169267518528989,0,false_reject
DFDC,3755,pswjzmrvfz,1,0.86235923506319523,0.54485944176849443,0.54054999999999997,0.55793329428370808,1,correct
DFDC,3756,pswuiurtme,1,0.40962319003958858,0.51153319425159882,0.36530600000000002,0.41139001777745909,1,correct
DFDC,3757,psztxsbudu,1,0.58957365341484547,0.35763799719279632,0.12506400000000001,0.21806168182858118,0,false_reject
DFDC,3758,ptbpqrkddf,1,0.35036708734696731,0.73344748979434371,0.20144799999999999,0.36849380130565146,1,correct
DFDC,3759,ptipaqcrim,1,0.34989973483607173,0.14318398683099076,0.13841800000000001,0.15042188279110083,0,false_reject
DFDC,3760,ptqvfnwexo,1,0.89710526168346405,0.97370830178260803,0.174063,0.45010870361895561,1,correct
DFDC,3761,pumhsmccxu,1,0.68153435417584007,0.56432500890722237,0.33568300000000001,0.42156817038095873,1,correct
DFDC,3762,puthvwkeuy,1,0.71104153641499579,0.26098206519964151,0.16089400000000001,0.21842779638064225,0,false_reject
DFDC,3763,puxakszicn,1,0.70439792796969414,0.85897943191230297,0.041308999999999998,0.31976457597217556,1,correct
DFDC,3764,pvhzztudkr,1,0.81326507218182087,0.96136330813169479,0.53331399999999995,0.67572634604859949,1,correct
DFDC,3765,pvkyecdbph,1,0.64564884640276432,0.61734989611431956,0.062914999999999999,0.25838216115443408,0,false_reject
DFDC,3766,pwazlxtvbi,1,0.91038540750741959,0.9458299158141017,0.64821799999999996,0.75060994511960144,1,correct
DFDC,3767,pwjptuhmlf,1,0.44130702078109607,0.31272834625269752,0.41355999999999998,0.38469785491486408,1,correct
DFDC,3768,pxfyqxylgh,1,0.66028629336506128,0.91924089193344116,0.130942,0.3938988822482854,1,correct
DFDC,3769,pxkzdeieva,1,0.63475393047255857,0.80328161341528737,0.70028699999999999,0.72790873054821414,1,correct
DFDC,3770,pxnejlouuj,1,0.53549516201019287,0.017495539505034685,0.088797000000000001,0.08974146995202005,0,false_reject
DFDC,3771,pxvkyecbnk,1,0.61573963845148683,0.84467724605929106,0.280393,0.46644560574036165,1,correct
DFDC,3772,pyfjuztrri,1,0.66520132916048169,0.76636582892388105,0.91224400000000005,0.85612841513518845,1,correct
DFDC,3773,pyfyyyhyyh,1,0.98277222737669945,0.99839343130588531,0.97299899999999995,0.98110599076060057,1,correct
DFDC,3774,pykthfvnxx,1,0.75001466227695346,0.65372509928420186,0.049828999999999998,0.26600711289910822,0,false_reject
DFDC,3775,pytcgctxxx,1,0.4791756437625736,0.48811705785919912,0.20027200000000001,0.30057069954588844,1,correct
DFDC,3776,pzbxmdseln,1,0.33741006645141169,0.26615622584358789,0.13194500000000001,0.18248162107564697,0,false_reject
DFDC,3777,qaaazfjdnk,1,0.98162537813186646,0.95311753638088703,0.80270799999999998,0.8567767298208594,1,correct
DFDC,3778,qacvqdhheh,1,0.36727739777415991,0.67632109206169844,0.152752,0.32054899750721755,1,correct
DFDC,3779,qaqehtzqaw,1,0.45466317236423492,0.44926421195268629,0.083139000000000005,0.21155277220401764,0,false_reject
DFDC,3780,qarsdwqbsf,1,0.13401028935913928,0.27584080200176686,0.107373,0.15924520506848702,0,false_reject
DFDC,3781,qavbeanqyv,1,0.87679308373481035,0.99529610387980938,0.0051830000000000001,0.3457974353506833,1,correct
DFDC,3782,qbemhumnqe,1,0.13556480470288079,0.012649055832298473,0.190881,0.13464560698483358,0,false_reject
DFDC,3783,qbulzqeimj,1,0.38126915489556268,0.58780721612856723,0.13702500000000001,0.28447187258334827,0,false_reject
DFDC,3784,qctoddnbqa,1,0.99114933237433434,0.97577618900686502,0.84232600000000002,0.8898022233207763,1,correct
DFDC,3785,qdsflsawji,1,0.099995613272767514,0.11240348099090625,0.017663000000000002,0.050201774960910252,0,false_reject
DFDC,3786,qeimfysrsn,1,0.79664144802976533,0.73648995547382923,0.039566999999999998,0.28649760904363702,0,false_reject
DFDC,3787,qeoacnfmwm,1,0.84109776560217142,0.87691149115562439,0.64789200000000002,0.72625813562679586,1,correct
DFDC,3788,qeoamygkef,1,0.9787138681858778,0.63133980112615973,0.60669700000000004,0.63269068374714188,1,correct
DFDC,3789,qevpinwasl,1,0.64034265675581992,0.73388360132230446,0.32456600000000002,0.46315011323448235,1,correct
DFDC,3790,qewwtkkttc,1,0.8358913393270585,0.7897113617960243,0.42797600000000002,0.55689237550516024,1,correct
DFDC,3791,qfigdlvaaj,1,0.47909726714715362,0.035759764505201019,0.061123999999999998,0.074413392708917989,0,false_reject
DFDC,3792,qfksvlsruq,1,0.31621292125782929,0.26630835985997692,0.169464,0.20585475402088454,0,false_reject
DFDC,3793,qfnexlrwdz,1,0.95629829540848732,0.99650695733726025,0.96924399999999999,0.9767756019716024,1,correct
DFDC,3794,qfqfdcodkw,1,0.93220529519021511,0.97250205837190151,0.67907700000000004,0.77976093227108123,1,correct
DFDC,3795,qfuewthupe,1,0.92228325903415675,0.97346119880676274,0.69165299999999996,0.78772697259373659,1,correct
DFDC,3796,qgafgtaszy,1,0.52420806139707565,0.48668586621352006,0.11447599999999999,0.24662556293390978,0,false_reject
DFDC,3797,qgftvkewec,1,0.48434209445258602,0.62546784867299721,0.38053199999999998,0.45920325932452843,1,correct
DFDC,3798,qgfxafbazu,1,0.48265774268656969,0.47108736727386713,0.110892,0.23753889731648861,0,false_reject
DFDC,3799,qgjjymomjm,1,0.4451009783660993,0.41937046084785834,0.56335599999999997,0.5142475871726625,1,correct
DFDC,3800,qgrgcevreo,1,0.98334674104567499,0.99944786871633218,0.471078,0.65520239766718347,1,correct
DFDC,3801,qgrkumlvxp,1,0.99026487953960896,0.99811143428087234,0.99419900000000005,0.99517602426124219,1,correct
DFDC,3802,qhjhzjeatb,1,0.62596079582969344,0.80080067293925417,0.677597,0.71197629167326093,1,correct
DFDC,3803,qhoohmkrmr,1,0.97965668328106403,0.98723409883677959,0.98790500000000003,0.98729131381508706,1,correct
DFDC,3804,qioqxxjnyx,1,0.80161376670002937,0.99314340576529503,0.14574699999999999,0.43275926006458992,1,correct
DFDC,3805,qisekxoose,1,0.67337972181849182,0.56022339683840983,0.36271700000000001,0.43750205514244755,1,correct
DFDC,3806,qixfsgznqx,1,0.11503323313081637,0.14060566898842808,0.053581999999999998,0.08276166235306924,0,false_reject
DFDC,3807,qjdbpregjk,1,0.024891613796353341,0.0086013241671025753,0.103435,0.07105772793994844,0,false_reject
DFDC,3808,qjgrnutzkz,1,0.63816220965236425,0.3359872636210639,0.25485799999999997,0.29836198956893739,0,false_reject
DFDC,3809,qjkkjaptpx,1,0.15021522575989366,0.75409773178398609,0.806427,0.75791763082319052,1,correct
DFDC,3810,qkbrljfrvo,1,0.98438342474400997,0.99742522463202477,0.76867099999999999,0.84808288862680792,1,correct
DFDC,3811,qkinvhbmzn,1,0.93974576704204082,0.29677088459720835,0.25415700000000002,0.30122060373126458,1,correct
DFDC,3812,qkkilvayvz,1,0.24326962290797383,0.055629832611884922,0.13336799999999999,0.11554163092896416,0,false_reject
DFDC,3813,qkollwphsf,1,0.64688127208501101,0.26952572292066179,0.21488399999999999,0.25287638048044908,0,false_reject
DFDC,3814,qlipzhiewf,1,0.75624102354049683,0.99413345541272846,0.139209,0.42653793780084337,1,correct
DFDC,3815,qlmfrjvbrm,1,0.95466343256143427,0.96653887400260341,0.19820099999999999,0.46652548382885273,1,correct
DFDC,3816,qlpufvofhm,1,0.55446053808555007,0.8785533681511879,0.119738,0.36911873734963391,1,correct
DFDC,3817,qlrzlgzdii,1,0.2534759120317176,0.046550124796340242,0.52671400000000002,0.36900293304048798,1,correct
DFDC,3818,qlvkranrau,1,0.51595942579930831,0.17059522898747556,0.06522,0.11936953998620808,0,false_reject
DFDC,3819,qmazgkttax,1,0.36103145742700216,0.38008693820752559,0.22391,0.27761915433360779,0,false_reject
DFDC,3820,qmdnsqibcy,1,0.96029547601938248,0.98740615881979465,0.55139400000000005,0.70264272144690754,1,correct
DFDC,3821,qmibgrbspi,1,0.63772239489480853,0.73080920951906592,0.32880500000000001,0.46485213260046027,1,correct
DFDC,3822,qnbfvmyzol,1,0.70356688019819558,0.6505152162280865,0.73246100000000003,0.70643255887833578,1,correct
DFDC,3823,qngjhwixch,1,0.88997897319495678,0.66646574885817245,0.31060599999999999,0.44633257331719955,1,correct
DFDC,3824,qnmjlqouxv,1,0.3584981376043288,0.35816650406559347,0.24155099999999999,0.28238300809989447,0,false_reject
DFDC,3825,qofcdrtnpp,1,0.61988879600539804,0.62409483239753172,0.15418399999999999,0.31844248951952941,1,correct
DFDC,3826,qogvudwjvs,1,0.87883532792329788,0.72930208453908563,0.359898,0.49666609175789062,1,correct
DFDC,3827,qoiwtofiuc,1,0.33906253418535925,0.18691259958723094,0.046427000000000003,0.10320445658543724,0,false_reject
DFDC,3828,qozkoaziqz,1,0.82037679354349768,0.91535529273527638,0.96834200000000004,0.94504772749775778,1,correct
DFDC,3829,qpljawqcvi,1,0.23676488533965312,0.89528679754585028,0.17982899999999999,0.39731313353073772,1,correct
DFDC,3830,qppwtzeqvo,1,0.93891300447285175,0.94178374949842691,0.64368999999999998,0.74787927507317065,1,correct
DFDC,3831,qptmstntkk,1,0.87820280715823174,0.99734089896082878,0.63036599999999998,0.75285031004616021,1,correct
DFDC,3832,qpwrxfutem,1,0.60368748778297054,0.7515304992275853,0.28694500000000001,0.44215777415742408,1,correct
DFDC,3833,qpynpdonyh,1,0.85119654983282089,0.53438240280956961,0.24326900000000001,0.36099939833451195,1,correct
DFDC,3834,qqbnmspkke,1,0.99991003796458244,0.99936174228787422,0.99072800000000005,0.99377722458459139,1,correct
DFDC,3835,qqefyothhx,1,0.97055295782704509,0.8797662152398017,0.38707200000000003,0.56405431246329285,1,correct
DFDC,3836,qqfcjlcipu,1,0.67186761647462845,0.63219385733827949,0.52840299999999996,0.56671348802521526,1,correct
DFDC,3837,qqhqtzarba,1,0.33078294375445694,0.50460767810000107,0.37918400000000002,0.41439105061772319,1,correct
DFDC,3838,qqhthhmihx,1,0.88159642927348614,0.96178538538515568,0.80578099999999997,0.856373087079221,1,correct
DFDC,3839,qribshuufu,1,0.65344520486318147,0.41422780359593719,0.18557299999999999,0.27756305132194026,0,false_reject
DFDC,3840,qrrlugsfta,1,0.43917366024106741,0.32100736477877945,0.18048500000000001,0.2355761424456872,0,false_reject
DFDC,3841,qrtplufete,1,0.68173809710424393,0.53858186179422773,0.498892,0.51994126339348057,1,correct
DFDC,3842,qrvtgaqsjm,1,0.91204116772860289,0.93150382395833731,0.025749999999999999,0.34179070557393137,1,correct
DFDC,3843,qsehrvhdmp,1,0.44451318052597344,0.87460082117468119,0.050215999999999997,0.31724630537870308,1,correct
DFDC,3844,qskgzqytzq,1,0.63406385341659188,0.85015137400478125,0.57649399999999995,0.66146970487226397,1,correct
DFDC,3845,qssxpncarq,1,0.83938395418226719,0.94889147719368339,0.45357799999999998,0.6214623408672183,1,correct
DFDC,3846,qtgdxnqwls,1,0.65835640602745116,0.9416247084736824,0.55424200000000001,0.67566253284347733,1,correct
DFDC,3847,qtjyshmktl,1,0.76248395768925548,0.89146875729784369,0.298794,0.49978092507381583,1,correct
DFDC,3848,qtovcbpzpd,1,0.7325891593382472,0.77952522074892405,0.70539099999999999,0.72899117419158965,1,correct
DFDC,3849,qtvowemovj,1,0.68126261711586267,0.67850510994321667,0.73010299999999995,0.71218161383875811,1,correct
DFDC,3850,qtyddzyyde,1,0.98497132956981659,0.99918120913207531,0.97531199999999996,0.98295572921811347,1,correct
DFDC,3851,quasstapuv,1,0.64961498556658626,0.57948878210299881,0.111405,0.27874063390922893,0,false_reject
DFDC,3852,quusyhtnkb,1,0.97616253793239594,0.99932599812746048,0.99931599999999998,0.99816132633485799,1,correct
DFDC,3853,qvcvclhjjk,1,0.99230051226913929,0.99900726042687893,0.82647499999999996,0.88652595374152066,1,correct
DFDC,3854,qvmhrrknjc,1,0.75102104945108294,0.79734427260700613,0.030991000000000001,0.29689848425465598,0,false_reject
DFDC,3855,qvrrucoqoz,1,0.48833331850267225,0.50001481944514858,0.027314000000000001,0.19217521175867819,0,false_reject
DFDC,3856,qvyooamurj,1,0.99969301000237465,0.99981661140918732,0.99602800000000002,0.99734783392287496,1,correct
DFDC,3857,qvzurohiwa,1,0.60711055373152101,0.30497134278994054,0.364786,0.35895783052355823,1,correct
DFDC,3858,qwhtwgrhtu,1,0.40227928757667542,0.87973421812057495,0.18839,0.40648772981500625,1,correct
DFDC,3859,qwllozqpep,1,0.2148240999376867,0.30649115431879181,0.081411999999999998,0.15560635129252187,0,false_reject
DFDC,3860,qwnnbidtiw,1,0.79034895030781627,0.70772816287353635,0.39330799999999999,0.50748609637745168,1,correct
DFDC,3861,qwyrebtrgp,1,0.97893463261425495,0.99196506850421429,0.46539799999999998,0.649044952181977,1,correct
DFDC,3862,qxjalhmnki,1,0.96239135973155499,0.9012957951053977,0.19492399999999999,0.44520890651819706,1,correct
DFDC,3863,qyhirywqmw,1,0.79149107933044438,0.57341490112245086,0.34104400000000001,0.4332776243032575,1,correct
DFDC,3864,qyttiwrnjd,1,0.39114861901510845,0.29214447161013429,0.35025000000000001,0.33486327243379571,1,correct
DFDC,3865,qzeurquiks,1,0.97188302129507065,0.99544725939631462,0.99874399999999997,0.99641192888364793,1,correct
DFDC,3866,qzsdkvtolx,1,0.8430075217038393,0.64697504905052483,0.18052299999999999,0.35358284080034941,1,correct
DFDC,3867,qzvdtllfwz,1,0.94247687421739101,0.92983007244765759,0.76653499999999997,0.82432061544516677,1,correct
DFDC,3868,raoyelleim,1,0.80825136666712549,0.55836879012539331,0.46685599999999999,0.51137960537097427,1,correct
DFDC,3869,raxfwlgzpt,1,0.69316635560244322,0.90194864012300968,0.23444200000000001,0.45763020981702507,1,correct
DFDC,3870,rbcqavznph,1,0.653541574254632,0.53543213423108682,0.84569399999999995,0.74300781898205759,1,correct
DFDC,3871,rbdobealrz,1,0.44778695935383439,0.28883787561790086,0.104106,0.17670961065306198,0,false_reject
DFDC,3872,rbwkmxsrah,1,0.84786458890284266,0.66801515906568498,0.054322000000000002,0.27810707716484762,0,false_reject
DFDC,3873,rbzkmivfcs,1,0.525319496053271,0.064478337488253601,0.066903000000000004,0.089096426049139643,0,false_reject
DFDC,3874,rcqcewhtrn,1,0.36030108183622361,0.49728913955390452,0.023803999999999999,0.18267439595798252,0,false_reject
DFDC,3875,rctkvcceoh,1,0.70847015745109987,0.89692062305079567,0.133051,0.39098284478779372,1,correct
DFDC,3876,rcurntldhl,1,0.25720261665992439,0.15086282291304087,0.079073000000000004,0.10951642770690849,0,false_reject
DFDC,3877,rcvgfxktdq,1,0.93384446948766708,0.90732004214078188,0.58040000000000003,0.69614823611661791,1,correct
DFDC,3878,rdofmdxglu,1,0.44233176112174988,0.81218236684799194,0.121749,0.34490814811048504,1,correct
DFDC,3879,rdpweuqzpd,1,0.56889564875099397,0.41417774609807467,0.13505300000000001,0.2404825562669721,0,false_reject
DFDC,3880,rdpzrcmfyo,1,0.93088694009929895,0.98235432896763086,0.88487499999999997,0.91641939569525421,1,correct
DFDC,3881,rdtjarygft,1,0.37397020810749382,0.6634262019651942,0.27900999999999998,0.39908287099493295,1,correct
DFDC,3882,rdxlsupxmf,1,0.67220870333333171,0.75537832387753068,0.167299,0.36896828232992573,1,correct
DFDC,3883,recqbvdlsy,1,0.95883976481854916,0.99354483000934124,0.99765300000000001,0.99447988724372982,1,correct
DFDC,3884,reqdasyvsv,1,0.62196490867063403,0.5600416919332929,0.158608,0.3022059530135196,1,correct
DFDC,3885,reryckpacd,1,0.83016212843358517,0.93025542795658112,0.113523,0.39437468480865356,1,correct
DFDC,3886,reukslrilg,1,0.92356435162946582,0.88210343720857054,0.85414500000000004,0.86600349874404448,1,correct
DFDC,3887,reumnxmyds,1,0.5252998482901603,0.88453544885851443,0.24588199999999999,0.45144892707206236,1,correct
DFDC,3888,rfbjhqucye,1,0.85412182658910751,0.9960661418735981,0.277337,0.52179498389153478,1,correct
DFDC,3889,rgajbyehxq,1,0.67955928064625837,0.75222876276178607,0.30001899999999998,0.45465894286084874,1,correct
DFDC,3890,rgenutmdtp,1,0.69779712632298474,0.48525322391651571,0.41078500000000001,0.44747607349110397,1,correct
DFDC,3891,rglmuhggvu,1,0.79151821328747662,0.9206715697242368,0.63586500000000001,0.72908963158164486,1,correct
DFDC,3892,rglndaeymd,1,0.71840724628418684,0.58415049497853033,0.178392,0.32712031080776843,1,correct
DFDC,3893,rgrfmfdptu,1,0.061066488924552687,0.025545023476297501,0.009306,0.016765731489116885,0,false_reject
DFDC,3894,rhfzppcafe,1,0.053819095424842089,0.02090376045089215,0.013493,0.017732532906509748,0,false_reject
DFDC,3895,rhjjmuliub,1,0.49199279770255089,0.41545294877141714,0.021430000000000001,0.16316502451655268,0,false_reject
DFDC,3896,rhvkskotaw,1,0.48612278327345848,0.4801325835287571,0.054688000000000001,0.20389311422230003,0,false_reject
DFDC,3897,riaxyonuie,1,0.57948473908684472,0.70219158076427202,0.77330699999999997,0.74228126118362381,1,correct
DFDC,3898,riljhbyoec,1,0.58419835404492915,0.44268280475807842,0.074809,0.21064060912966998,0,false_reject
DFDC,3899,rirsklwpwc,1,0.49315834231674671,0.53244095854461193,0.020108000000000001,0.19746040467922091,0,false_reject
DFDC,3900,rjdqhtfxxa,1,0.33249587944010273,0.21103747966117226,0.64375099999999996,0.49837418787035681,1,correct
DFDC,3901,rjgqnldbwu,1,0.96905355900526047,0.98584397509694099,0.75978299999999999,0.83806482047934527,1,correct
DFDC,3902,rjsqfdgwae,1,0.3642264511436224,0.60918187838979065,0.45363700000000001,0.49582993607411835,1,correct
DFDC,3903,rjtbiaoarg,1,0.38803811222314832,0.22409956580959262,0.44358799999999998,0.37496397535403519,1,correct
DFDC,3904,rjtfymaxhg,1,0.49023384321480989,0.5058532077819109,0.065266000000000005,0.21869055449531377,0,false_reject
DFDC,3905,rkhbpgcmpw,1,0.29541509825503454,0.44921021891059354,0.166795,0.25795057058592979,0,false_reject
DFDC,3906,rkhllvfpbm,1,0.58400016324594617,0.88071768777444959,0.56245599999999996,0.65901171449463214,1,correct
DFDC,3907,rkvajtvvti,1,0.98580456525087357,0.99860506877303123,0.97806999999999999,0.98461724889445301,1,correct
DFDC,3908,rlgpyhfwwk,1,0.78803095873445272,0.91744204750284553,0.53923500000000002,0.66513691218757631,1,correct
DFDC,3909,rlmdebqxpo,1,0.87859454055627184,0.99650448560714722,0.34693000000000002,0.56838557270995782,1,correct
DFDC,3910,rlrmepakua,1,0.99466622993350029,0.99904314428567886,0.90620500000000004,0.93847950478237874,1,correct
DFDC,3911,rltgecadzm,1,0.82288876175880432,0.92415277163187659,0.97234699999999996,0.95041581957750321,1,correct
DFDC,3912,rmcwtbnjvx,1,0.68576335906982422,0.66856175661087036,0.72904000000000002,0.70873269493675239,1,correct
DFDC,3913,rmfnzfgwyo,1,0.86867081746459007,0.94502005912363529,0.37115700000000001,0.56819160861032003,1,correct
DFDC,3914,rmhomjycvm,1,0.49130196368787438,0.45743998646503314,0.061138999999999999,0.20153744412390368,0,false_reject
DFDC,3915,rmiufhbugp,1,0.64657741640844657,0.23894584697160509,0.18118999999999999,0.22178612491190386,0,false_reject
DFDC,3916,rmjxnrvoei,1,0.84010325131877772,0.88898939855637094,0.85994999999999999,0.86766948213285022,1,correct
DFDC,3917,rnjyohrnyf,1,0.99029079638421535,0.99843256734311581,0.39417000000000002,0.60525481002214554,1,correct
DFDC,3918,rnojrbyrln,1,0.70831974409520626,0.91528579965233803,0.40548200000000001,0.57356502710046176,1,correct
DFDC,3919,rnsdwsxqvl,1,0.54520149528980255,0.67382301157340407,0.79043300000000005,0.74318842823651143,1,correct
DFDC,3920,rnuyclshzj,1,0.88011383637785912,0.75212277172249742,0.90803900000000004,0.85986787333564219,1,correct
DFDC,3921,rnxbyxcoun,1,0.57487187255173922,0.59761975705623627,0.21712999999999999,0.34916402074445785,1,correct
DFDC,3922,rnxwowwwnm,1,0.98236956261098385,0.98261513933539391,0.94423500000000005,0.95765576993116741,1,correct
DFDC,3923,ronkahtvqt,1,0.89203185612155544,0.86352619180275547,0.28362599999999999,0.48801635034690438,1,correct
DFDC,3924,ronnbcaxic,1,0.68280656635761261,0.58808788446185645,0.22683700000000001,0.35801074365643759,1,correct
DFDC,3925,roqihqebrd,1,0.52142316568642855,0.40828806947683915,0.027015999999999998,0.16611797912737317,0,false_reject
DFDC,3926,rovxdoxsld,1,0.57612703158520162,0.76355689438059926,0.075745000000000007,0.30710766989343985,1,correct
DFDC,3927,rpaelgskox,1,0.35572724137455225,0.49339378634467723,0.216503,0.30653144797213078,1,correct
DFDC,3928,rpasdekmaf,1,0.74092262051999569,0.82049923529848456,0.33763900000000002,0.5026612516155452,1,correct
DFDC,3929,rptpizcfmd,1,0.094356884626904503,0.31220528252015356,0.035562000000000003,0.12149472898739129,0,false_reject
DFDC,3930,rpujfuhmte,1,0.83501628879457712,0.66476844949647784,0.58523499999999995,0.6215840992886722,1,correct
DFDC,3931,rqfeknojqi,1,0.52597393956966698,0.30919636467297096,0.138906,0.20934650638037464,0,false_reject
DFDC,3932,rrbgqdjflw,1,0.55997591814957559,0.46352485605166294,0.15962000000000001,0.27080925272297768,0,false_reject
DFDC,3933,rrmolzmfws,1,0.76245011272840202,0.74530685559147969,0.29050599999999999,0.450543462313864,1,correct
DFDC,3934,rrvptxrzdg,1,0.97061914205551147,0.99840070307254791,0.70385500000000001,0.80555691802453988,1,correct
DFDC,3935,rrwtdxqujj,1,0.7296159027084228,0.71028907957576937,0.60586899999999999,0.64338236900815193,1,correct
DFDC,3936,rtfzpezfzv,1,0.9395547304302454,0.97163326665759087,0.72609400000000002,0.81042881651878962,1,correct
DFDC,3937,rthaksosxx,1,0.47288038011174649,0.51652301054855343,0.18420500000000001,0.29833417217015334,0,false_reject
DFDC,3938,rtnopzlkzw,1,0.96904986765649581,0.99808258480495882,0.91390300000000002,0.94191421882431248,1,correct
DFDC,3939,rtsveohuab,1,0.48721356736496091,0.086771750648040324,0.059515999999999999,0.089077603562660146,0,false_reject
DFDC,3940,rtybfvfkzo,1,0.77548622526228428,0.83275973051786423,0.50146100000000005,0.61455188041847353,1,correct
DFDC,3941,rufijlheph,1,0.9506519790738821,0.99612065032124519,0.93893099999999996,0.95667394405006767,1,correct
DFDC,3942,ruizlicgcl,1,0.51614842051640153,0.28921070936485194,0.19686600000000001,0.24053353383527568,0,false_reject
DFDC,3943,rupwhbcuit,1,0.19562763505382463,0.26447621226543561,0.024892000000000001,0.10530404543232193,0,false_reject
DFDC,3944,rurkadqdhr,1,0.75848322222009301,0.95489180670119822,0.21302299999999999,0.46285665312136409,1,correct
DFDC,3945,ruwgqzaxyd,1,0.78016915917396545,0.92285645345691592,0.090777999999999998,0.37487109399577306,1,correct
DFDC,3946,ruwmrhudsc,1,0.78603040799498558,0.93222851119935513,0.53681199999999996,0.66789787375955578,1,correct
DFDC,3947,rvdacyymha,1,0.96560218334198,0.88363412618637083,0.91224000000000005,0.90632634702301029,1,correct
DFDC,3948,rvegcjwyyk,1,0.99610384367406368,0.98528881371021271,0.98199899999999996,0.983691186296767,1,correct
DFDC,3949,rwgvcobpqr,1,0.98985260725021362,0.94462639093399048,0.89464600000000005,0.91440044764270789,1,correct
DFDC,3950,rwhvhnlcde,1,0.2856585832853471,0.46941456162641126,0.23399500000000001,0.30720404765219073,1,correct
DFDC,3951,rwzbujmqwv,1,0.25587842017412188,0.34617980718612673,0.082400000000000001,0.17020786316454412,0,false_reject
DFDC,3952,rwzlrjgpuf,1,0.44787399785127491,0.067635179912031163,0.44285200000000002,0.33053805386617313,1,correct
DFDC,3953,rxamesulqu,1,0.4770181228717168,0.44073335950573284,0.045642000000000002,0.18573821399530568,0,false_reject
DFDC,3954,rxhishxqug,1,0.89949707314372063,0.9652073085308075,0.086884000000000003,0.39101164621642825,1,correct
DFDC,3955,rxlxujoxuz,1,0.96240130439400673,0.99939510971307755,0.82322700000000004,0.88303614813362363,1,correct
DFDC,3956,rxtgluggnr,1,0.59472022998717522,0.95989891598301547,0.17863200000000001,0.43381648629426345,1,correct
DFDC,3957,rxwjfohdci,1,0.88460391759872437,0.80625659227371216,0.055905000000000003,0.32244542356204986,1,correct
DFDC,3958,rxxvucmxra,1,0.22554487379966304,0.35168061433068942,0.0098770000000000004,0.12320147798918997,0,false_reject
DFDC,3959,rybcsjskde,1,0.34033915749751031,0.22006153097026981,0.351968,0.31181461716595649,1,correct
DFDC,3960,ryvrqhnjgx,1,0.21187215333338827,0.43317553137603682,0.110189,0.21216911707948044,0,false_reject
DFDC,3961,ryyaswaovn,1,0.3622600823873654,0.22834824123492581,0.10570599999999999,0.15532637648984601,0,false_reject
DFDC,3962,rzbttrvogc,1,0.15496483363676816,0.039916607573104557,0.48543500000000001,0.33525597395376977,1,correct
DFDC,3963,rziagiksma,1,0.54275652509311145,0.66029188229606073,0.116786,0.30113629094347377,1,correct
DFDC,3964,rzjlrsorlw,1,0.90673534478992224,0.99824255146086216,0.22745099999999999,0.49265268267775469,1,correct
DFDC,3965,rzpnymehkc,1,0.57129226438701153,0.93156519066542387,0.19167000000000001,0.4326196704189777,1,correct
DFDC,3966,rzwiuvgysf,1,0.58887786883860826,0.59580967808142304,0.044344000000000001,0.23701039686635733,0,false_reject
DFDC,3967,sakqoklpke,1,0.11797412030864507,0.3385084296023706,0.062714000000000006,0.14821533489614344,0,false_reject
DFDC,3968,salwskrxsx,1,0.5514964375179261,0.66804021433927119,0.063041,0.26896353617767765,0,false_reject
DFDC,3969,sanfpqnkfa,1,0.31655782548477873,0.26881510924431495,0.66814700000000005,0.53076797404753351,1,correct
DFDC,3970,sbhhvtvaob,1,0.93695382587611675,0.71753311372594908,0.996865,0.91006987541159057,1,correct
DFDC,3971,sbnuqqkptd,1,0.34414275171002373,0.57150522102892864,0.62762399999999996,0.5966143038941798,1,correct
DFDC,3972,sboxfztnbn,1,0.99775162525475025,0.99937723390758038,0.99806399999999995,0.99844235143501159,1,correct
DFDC,3973,sbuebhmjar,1,0.14692572091007605,0.18304553674533963,0.20471600000000001,0.1953253470691057,0,false_reject
DFDC,3974,sbwazjexoo,1,0.93262858130037785,0.86737604532390833,0.98480900000000005,0.94697009266219134,1,correct
DFDC,3975,scvzrhjpfh,1,0.96677415631711483,0.9317015721462667,0.92963399999999996,0.93211127945973571,1,correct
DFDC,3976,scwvtnqamm,1,0.59651732879380381,0.4968022674632569,0.23356099999999999,0.33068119667866724,1,correct
DFDC,3977,scxihpshav,1,0.47400395085032171,0.55882939347065985,0.027904999999999999,0.20948726558371403,0,false_reject
DFDC,3978,sdjdfzxqbd,1,0.37846510414965451,0.22397717062267475,0.137015,0.17517615639428516,0,false_reject
DFDC,3979,sdkzoxnqgh,1,0.99509650282561779,0.99935607053339481,0.99695299999999998,0.99758109630129932,1,correct
DFDC,3980,sdxprgpxgt,1,0.28929562633857131,0.0086447106368723325,0.18574499999999999,0.13779244450799027,0,false_reject
DFDC,3981,secguuottq,1,0.59481827418009436,0.64541990558306372,0.28155999999999998,0.40638088538392381,1,correct
DFDC,3982,sejxacbeyq,1,0.99837644770741463,0.99957366287708282,0.99981799999999998,0.99967262124849554,1,correct
DFDC,3983,seomntruzw,1,0.48915746249258518,0.43636473082005978,0.023918999999999999,0.17091464237064719,0,false_reject
DFDC,3984,serwpgukpi,1,0.48135919217020273,0.49041592516005039,0.036773,0.19509518715652524,0,false_reject
DFDC,3985,sewbdtckqo,1,0.67954087834204402,0.85867954261841317,0.48868899999999998,0.60922875670262611,1,correct
DFDC,3986,sfnsqyfmmy,1,0.25912289461120963,0.036453560518566519,0.077055999999999999,0.073978612886130432,0,false_reject
DFDC,3987,sghyxprwfe,1,0.66393682779744267,0.95044989138841629,0.188026,0.44054870880639702,1,correct
DFDC,3988,sgjafuevze,1,0.54751666927976272,0.66545963706448674,0.097379999999999994,0.29031072458333418,0,false_reject
DFDC,3989,sgjyxggsli,1,0.99574211426079273,0.99946216866374016,0.99638800000000005,0.99727795631216165,1,correct
DFDC,3990,sgpjudxdls,1,0.61685107922867721,0.47210462131586511,0.26803399999999999,0.34669604035619339,1,correct
DFDC,3991,sgyodlcgvm,1,0.67113288260739423,0.67508295480290359,0.16356599999999999,0.34239943057124078,1,correct
DFDC,3992,shazuqkppo,1,0.20220404874999076,0.55078732693800703,0.028892000000000001,0.19412620051890167,0,false_reject
DFDC,3993,shgtihkhob,1,0.9264982333406806,0.94288088195025921,0.362707,0.56494872625211179,1,correct
DFDC,3994,shhanzultv,1,0.57877338328398764,0.48705505067482591,0.040045999999999998,0.20108508436664713,0,false_reject
DFDC,3995,shjmzxlkgk,1,0.62729531526565552,0.71950095891952515,0.067891000000000007,0.29134420343914036,0,false_reject
DFDC,3996,shjpvbaicu,1,0.59222001023590565,0.5820646055508405,0.056369000000000002,0.24087023217704742,0,false_reject
DFDC,3997,shsmghdwgs,1,0.38471990928519517,0.39001999964966672,0.26521699999999998,0.30863304535915975,1,correct
DFDC,3998,shstbdkusz,1,0.19367888356958116,0.12370436911338142,0.070065000000000002,0.092337504912493484,0,false_reject
DFDC,3999,shtmrbhibl,1,0.46432618773542345,0.24328021914698184,0.076897999999999994,0.14618407513086573,0,false_reject
DFDC,4000,shuodmpsyd,1,0.48585864272899926,0.45048878237139434,0.036739000000000001,0.18331991684786825,0,false_reject
DFDC,4001,shxdjyiebs,1,0.85848942299683884,0.6095980424123506,0.21634700000000001,0.36642943387354709,1,correct
DFDC,4002,sigsxdzsrl,1,0.78659271541982889,0.33968260770780034,0.086571999999999996,0.19750621808333155,0,false_reject
DFDC,4003,siltqlpkds,1,0.19987890194170177,0.19353836741356645,0.22395799999999999,0.21362815532115501,0,false_reject
DFDC,4004,simkgnaxwj,1,0.58569436380639672,0.25266825061407872,0.040050000000000002,0.13111769337454346,0,false_reject
DFDC,4005,siwrukfzzq,1,0.6165898206333319,0.63213198604838305,0.134545,0.30792333684618151,1,correct
DFDC,4006,sjcdcefxzw,1,0.76961358077824116,0.91572879161685705,0.21232999999999999,0.45121381652396914,1,correct
DFDC,4007,sjqhurkqhm,1,0.45009704236872494,0.14729800195345888,0.045309000000000002,0.096145102704473906,0,false_reject
DFDC,4008,skbrjazhyf,1,0.43351179570890963,0.22913584633352002,0.288692,0.27806614368550148,0,false_reject
DFDC,4009,skgocepvyx,1,0.18257452890975401,0.13513238849554909,0.25459199999999998,0.21515324299415242,0,false_reject
DFDC,4010,skyckccbpb,1,0.30155545938760042,0.24115836068085628,0.207534,0.2223223811736369,0,false_reject
DFDC,4011,slblffntco,1,0.31182827823795378,0.26727722214127425,0.029453,0.11491903055427997,0,false_reject
DFDC,4012,slqqwuqmmi,1,0.040026096813380721,0.030977458320558073,0.098237000000000005,0.075148592336836462,0,false_reject
DFDC,4013,sltaayihpk,1,0.29295295843621716,0.028342338729999028,0.62308399999999997,0.42815494954081057,1,correct
DFDC,4014,slvqczofrr,1,0.80042058788239956,0.78817889932543039,0.49580000000000002,0.59874469919174911,1,correct
DFDC,4015,slwprgoird,1,0.20709767390508205,0.086881902789173182,0.26492300000000002,0.20861940453200609,0,false_reject
DFDC,4016,smabwcycys,1,0.58567630872130394,0.85002860892564058,0.20488899999999999,0.41747024811375733,1,correct
DFDC,4017,smbvcvbfdn,1,0.83664612006396055,0.63326537108514458,0.222251,0.37627506732874139,1,correct
DFDC,4018,smcjipkxjq,1,0.69101752806454897,0.58423092684824951,0.54838100000000001,0.56626780445770231,1,correct
DFDC,4019,smcnbxorlt,1,0.54793946910649538,0.41234361952228937,0.30787199999999998,0.35121685931201158,1,correct
DFDC,4020,smhjmjchtn,1,0.55676252947699634,0.9365095476950368,0.62752399999999997,0.71668159078236082,1,correct
DFDC,4021,smhwptcoqn,1,0.93703811801970005,0.99813633598387241,0.0056059999999999999,0.34993670669614668,1,correct
DFDC,4022,smknfariil,1,0.66850540973246098,0.36748381174402311,0.092248999999999998,0.20363226400982998,0,false_reject
DFDC,4023,smlgsjewjt,1,0.3917783594224602,0.74159545754082501,0.030074,0.26161565523337049,0,false_reject
DFDC,4024,smtvsjcmxq,1,0.7275286209769547,0.69033816369483247,0.59733999999999998,0.63174888015729747,1,correct
DFDC,4025,smymimbrgt,1,0.61619875102769583,0.68252393876900896,0.288576,0.42314151918208748,1,correct
DFDC,4026,snesxtiacp,1,0.97397701069712639,0.85866892398917116,0.089623999999999995,0.3645551277316077,1,correct
DFDC,4027,snjaxvrlys,1,0.98860742338001728,0.99805043078958988,0.97331900000000005,0.98150285040587781,1,correct
DFDC,4028,snljveastd,1,0.92460227012634277,0.98911245663960778,0.76114599999999999,0.83770875049819948,1,correct
DFDC,4029,soeyasjsvt,1,0.92711977101862431,0.6504619789775461,0.70878200000000002,0.70220288224419503,1,correct
DFDC,4030,sofvwxxvso,1,0.4893066817894578,0.50586293358355761,0.023474999999999999,0.19148296416454014,0,false_reject
DFDC,4031,sorwujwaiy,1,0.48947993596084416,0.29583911910594907,0.22220999999999999,0.25766223252982695,0,false_reject
DFDC,4032,spijgvirps,1,0.82494881954686394,0.96032299152736011,0.86975000000000002,0.89468183843555127,1,correct
DFDC,4033,spshttssto,1,0.65532659832388163,0.72024975523527246,0.73152600000000001,0.72433315648677576,1,correct
DFDC,4034,spuzbftfeq,1,0.8156720669940114,0.5547997103567468,0.55546300000000004,0.56827446645672464,1,correct
DFDC,4035,spwnjlzxdo,1,0.99560135416686535,0.99877842888236046,0.97269700000000003,0.98166664637305145,1,correct
DFDC,4036,sqcjvazhld,1,0.55715400725603104,0.62400384870124981,0.75122800000000001,0.70335705497317647,1,correct
DFDC,4037,sqcybfpmli,1,0.63472706754691899,0.30478064149792772,0.149727,0.22049309582672427,0,false_reject
DFDC,4038,sramaomkba,1,0.52120557030042014,0.76907792091369631,0.423956,0.53235505478912992,1,correct
DFDC,4039,srbzqkelxq,1,0.31557237613014877,0.22146328564849682,0.389432,0.33534840450105652,1,correct
DFDC,4040,sriktividg,1,0.41271264886017889,0.36458344583661528,0.059343,0.16858361619399351,0,false_reject
DFDC,4041,ssmcyrgcfc,1,0.4925847933627665,0.77505906065925956,0.10818999999999999,0.32747045786591616,1,correct
DFDC,4042,sssnsfcwew,1,0.79052172880619764,0.67933615282527171,0.131049,0.32850878228789138,1,correct
DFDC,4043,stkxlbksaq,1,0.7700612871877609,0.94896987945802747,0.53675399999999995,0.6720841281967963,1,correct
DFDC,4044,stlezrrvsu,1,0.92101461254060268,0.99493381753563881,0.90363800000000005,0.93189557588772176,1,correct
DFDC,4045,stnkgertbv,1,0.82956044562160969,0.66884111810941249,0.39089600000000002,0.49621275771390427,1,correct
DFDC,4046,sttzpumjrp,1,0.71895136404782534,0.3333549408998806,0.91618599999999994,0.73147495047235545,1,correct
DFDC,4047,sucsfvuppx,1,0.3424805230461061,0.019266087561845779,0.222799,0.16772320242085906,0,false_reject
DFDC,4048,sukiwppkbv,1,0.50633572414517403,0.58724837040062994,0.013302,0.21013759732744766,0,false_reject
DFDC,4049,suucdmcccf,1,0.76673026010394096,0.53383186366409063,0.053948999999999997,0.23355292210442424,0,false_reject
DFDC,4050,svduelivxr,1,0.68597363773733377,0.91449481621384621,0.32451200000000002,0.51957992675102049,1,correct
DFDC,4051,svjezmitya,1,0.92588262818753719,0.98677501454949379,0.46965899999999999,0.64760498577422498,1,correct
DFDC,4052,svraxfiyst,1,0.14076648646732792,0.022714611142873764,0.021156000000000001,0.027604107666228526,0,false_reject
DFDC,4053,svrngulpjq,1,0.72356253862380981,0.11141034634783864,0.52376900000000004,0.41005108083554209,1,correct
DFDC,4054,swkdpponpw,1,0.31198617815971375,0.0081888157874345779,0.052622000000000002,0.052260253644216062,0,false_reject
DFDC,4055,sxhkfzldpx,1,0.58519940574963891,0.94250310460726416,0.97698200000000002,0.94704920166966122,1,correct
DFDC,4056,sxqpslrdqx,1,0.60981858358718455,0.5691028707078658,0.25271700000000002,0.36548784039171894,1,correct
DFDC,4057,sxxawzlpob,1,0.53903089929372072,0.33263068988162559,0.116836,0.20268415192917372,0,false_reject
DFDC,4058,sxyxvkcqcq,1,0.96431922540068626,0.99717316962778568,0.73089700000000002,0.82245096215836999,1,correct
DFDC,4059,sylkyxlhld,1,0.97702141106128693,0.98865912109613419,0.63998500000000003,0.76143905688190461,1,correct
DFDC,4060,sypgiwxhgu,1,0.1501680607398157,0.16646236131418846,0.107707,0.12745666143124731,0,false_reject
DFDC,4061,szakuxkwrk,1,0.66079706698656082,0.44498819904401898,0.19645399999999999,0.29423141306253375,0,false_reject
DFDC,4062,szjupgrvyy,1,0.49231674708425999,0.54162461496889591,0.029547,0.20630877184488175,0,false_reject
DFDC,4063,szkbiikmhw,1,0.80787564720958471,0.57767181866802275,0.128029,0.29691417796088604,0,false_reject
DFDC,4064,szkejtkgqq,1,0.75474725450788227,0.723794789585684,0.41481800000000002,0.52450749960109933,1,correct
DFDC,4065,szoyzkljnr,1,0.35386163648217916,0.99849779717624187,0.18301400000000001,0.4362015209769815,1,correct
DFDC,4066,szpggojwej,1,0.44639290764462203,0.76947157306130975,0.82186400000000004,0.78737271730062408,1,correct
DFDC,4067,szvcwnfcvy,1,0.98412875831127167,0.97110005654394627,0.30568200000000001,0.53922975487874747,1,correct
DFDC,4068,tadnnyqaga,1,0.88108635525549617,0.99940239614056003,0.048742000000000001,0.37555733660494278,1,correct
DFDC,4069,tasnhgyyru,1,0.9073313269764185,0.69056296948110685,0.57992100000000002,0.62948410719315295,1,correct
DFDC,4070,tbeapsngpt,1,0.68554911948740482,0.81669235462322831,0.400478,0.53959586236133872,1,correct
DFDC,4071,tcouqehyuj,1,0.99968191981315613,0.99913898669183254,0.99992899999999996,0.99967964199820747,1,correct
DFDC,4072,tddhwpqvvs,1,0.88221262954175472,0.93772552174050361,0.72294999999999998,0.79534578799923883,1,correct
DFDC,4073,tdiqeudgbp,1,0.097430999536300078,0.19566552893957123,0.27419100000000002,0.2417953586586864,0,false_reject
DFDC,4074,tdtqwmwaac,1,0.82240494154393673,0.81305673252791166,0.062038000000000003,0.32536196683557034,1,correct
DFDC,4075,tdwudenapt,1,0.74392059585079551,0.55920603801496327,0.156774,0.30686094119702878,1,correct
DFDC,4076,tebcltakcs,1,0.65929052606225014,0.80205198470503092,0.62557200000000002,0.68020192171462179,1,correct
DFDC,4077,tedrxcshmt,1,0.71376566092173255,0.92875142892201745,0.112272,0.38729051172269185,1,correct
DFDC,4078,tejtjaedxi,1,0.88085146155208349,0.90017778845503926,0.65992799999999996,0.74304910961411597,1,correct
DFDC,4079,tewqdupylm,1,0.61611717194318771,0.31011404472713672,0.080255000000000007,0.17600582201530041,0,false_reject
DFDC,4080,tfdmlhvxwt,1,0.18571172477095388,0.018361164457019186,0.104174,0.082507035575653448,0,false_reject
DFDC,4081,tfirattyjs,1,0.98966855183243752,0.9964602030813694,0.93903000000000003,0.95879098851603273,1,correct
DFDC,4082,tfrovwhswy,1,0.94196341691478602,0.97828668355941772,0.49612299999999998,0.66306412591356456,1,correct
DFDC,4083,tgdgdndlty,1,0.494900225661695,0.53816111572086811,0.015776999999999999,0.19644839599934519,0,false_reject
DFDC,4084,tgezoieeda,1,0.73319802607099216,0.82263469905592501,0.63580000000000003,0.69672031102032717,1,correct
DFDC,4085,tgktveedwm,1,0.44329419499263167,0.49227772140875459,0.440581,0.45622567617225795,1,correct
DFDC,4086,thhxzowczv,1,0.59426319862113275,0.53092195049804802,0.43332300000000001,0.47064969508047105,1,correct
DFDC,4087,thjpzccwjv,1,0.4894452141597867,0.42131883651018143,0.012822999999999999,0.15920286166104375,0,false_reject
DFDC,4088,thuohmirep,1,0.77540257479995489,0.75546410586684942,0.65612499999999996,0.69189061050005263,1,correct
DFDC,4089,tifisuratv,1,0.78815053030848503,0.77465534117072821,0.98496700000000004,0.91203267886664274,1,correct
DFDC,4090,tigohjxaeo,1,0.9710201770067215,0.99553327262401581,0.94453500000000001,0.96115874063754081,1,correct
DFDC,4091,tinnvnlzur,1,0.42032094311434776,0.71235903598426376,0.18526999999999999,0.3551492579509965,1,correct
DFDC,4092,tiqaevtmfx,1,0.99267872609198093,0.99897378496825695,0.35863200000000001,0.58243687179507619,1,correct
DFDC,4093,tjkwektajh,1,0.4855591943487525,0.45997650641947985,0.036839999999999998,0.18621691164328158,0,false_reject
DFDC,4094,tjlebzlmjy,1,0.49139086376218233,0.32515688574708562,0.40288499999999999,0.38399185891223481,1,correct
DFDC,4095,tjmnetvpck,1,0.92245916556566954,0.94382558669894934,0.032155999999999997,0.35017203428796828,1,correct
DFDC,4096,tjssdbmunv,1,0.49027041413567285,0.45700221711939032,0.031826,0.18230108584260074,0,false_reject
DFDC,4097,tjvlhlbhhp,1,0.86908893386522934,0.98701945741971331,0.35128100000000001,0.5678929339191755,1,correct
DFDC,4098,tkempenldq,1,0.12483315996360034,0.55294983272324316,0.43765300000000001,0.45660105781515298,1,correct
DFDC,4099,tkiinhobpf,1,0.98301628045737743,0.99536799266934395,0.057661999999999998,0.38524151182367206,1,correct
DFDC,4100,tkreramrtx,1,0.54047168837860227,0.27016674296464771,0.229965,0.25755085730832444,0,false_reject
DFDC,4101,tlesogtcgp,1,0.948201859369874,0.98792349360883236,0.999691,0.99358629105114338,1,correct
DFDC,4102,tlljxvflxp,1,0.43422848910093309,0.62093928359448913,0.317859,0.41460155953339339,1,correct
DFDC,4103,tlvmsmtewx,1,0.77669219858944416,0.61519201466580853,0.347667,0.44937576432921478,1,correct
DFDC,4104,tmgawkgidm,1,0.41932018287479877,0.35875551984645426,0.212036,0.26641606509767624,0,false_reject
DFDC,4105,tmiuldgdff,1,0.38652524352073669,0.99733585119247437,0.019786999999999999,0.33138856753377915,1,correct
DFDC,4106,tmkyrivmpq,1,0.49320937628331391,0.51989722899768664,0.064822000000000005,0.2227639375134717,0,false_reject
DFDC,4107,tmnwkhmqmj,1,0.75415106536820531,0.59898833080660552,0.48284899999999997,0.5312559025103919,1,correct
DFDC,4108,tndppxmgkj,1,0.58588458318263292,0.9239418376237154,0.441247,0.59328733044624626,1,correct
DFDC,4109,tnetzoukvo,1,0.65190608501434322,0.95570193529129033,0.20900099999999999,0.45515653483810425,1,correct
DFDC,4110,tnfvkpdnac,1,0.21306987490970641,0.5667892157798633,0.49198999999999998,0.50048375847944426,1,correct
DFDC,4111,toxfmkourk,1,0.99948102049529552,0.99923848733305931,0.99985100000000005,0.99964874722468267,1,correct
DFDC,4112,tpfsyfmhfe,1,0.33354295662138611,0.85670091304928064,0.149205,0.37067067174585355,1,correct
DFDC,4113,tphyzhvnuk,1,0.49555395543575287,0.52677285671234131,0.045261999999999997,0.21222985478549006,0,false_reject
DFDC,4114,tpndyvaajj,1,0.82537081791087985,0.80247972381766886,0.97377400000000003,0.91496555804084467,1,correct
DFDC,4115,tppsqczhqb,1,0.62544904975220561,0.5326303105102852,0.35836200000000001,0.4239968456406959,1,correct
DFDC,4116,tpukajuwxm,1,0.26574707527955371,0.31822813302278519,0.103992,0.17635059367081324,0,false_reject
DFDC,4117,tqafjrbktt,1,0.4924299344420433,0.47396705951541662,0.011988,0.17460381457672716,0,false_reject
DFDC,4118,tqjsngnvja,1,0.42635568603873253,0.33326995890820399,0.075969999999999996,0.17067927197439781,0,false_reject
DFDC,4119,tquiwsjeeh,1,0.47890582084655764,0.45354999800523121,0.079976000000000005,0.21199469044389724,0,false_reject
DFDC,4120,trfuiyjjdt,1,0.51942884922027588,0.50121390819549561,0.57863500000000001,0.55244836491966243,1,correct
DFDC,4121,trndxwkhbh,1,0.19734717096434906,0.0080917056984617375,0.010755000000000001,0.019285620257755976,0,false_reject
DFDC,4122,trprbwkmmv,1,0.94924053177237511,0.98935647122561932,0.98321899999999995,0.98336131795630455,1,correct
DFDC,4123,trqcnshhgi,1,0.52537562791258097,0.47803178933099844,0.11890199999999999,0.24696461819492857,0,false_reject
DFDC,4124,trrfzthfxh,1,0.33985162759199739,0.26879507343983278,0.13291800000000001,0.18402780341154973,0,false_reject
DFDC,4125,trzjtqjlua,1,0.88936737645417452,0.87488371878862381,0.58364199999999999,0.68630078445929588,1,correct
DFDC,4126,tsdhegguug,1,0.43563843378797174,0.31417480896925554,0.49905300000000002,0.44041881438017527,1,correct
DFDC,4127,tsoyfgnxht,1,0.85674129193648696,0.60075138148386031,0.87111000000000005,0.78928397904198244,1,correct
DFDC,4128,tsutuebgtx,1,0.67448525922372937,0.49935370869934559,0.21310899999999999,0.32205122557099014,1,correct
DFDC,4129,tswnkjafme,1,0.61393726384267211,0.61306988645810634,0.28045500000000001,0.39691357912956554,1,correct
DFDC,4130,ttbuusmwnh,1,0.72283685905858874,0.97116280160844326,0.098339999999999997,0.3914116834354624,1,correct
DFDC,4131,ttlaiovafp,1,0.39554356131702662,0.50489469803869724,0.175093,0.2850560374774605,0,false_reject
DFDC,4132,ttovmuveqt,1,0.18574400275247172,0.16534629253146704,0.046440000000000002,0.0890770878970637,0,false_reject
DFDC,4133,tuaqxtsiic,1,0.097390320675913244,0.21144754585839109,0.29696099999999997,0.26132842979131299,0,false_reject
DFDC,4134,tudkhemgde,1,0.44049923695050752,0.45076535298274112,0.27736899999999998,0.33754441774234767,1,correct
DFDC,4135,tudlahlmhq,1,0.041072617601603273,0.062996498588472602,0.14648600000000001,0.11616848045662195,0,false_reject
DFDC,4136,tugsvbqjhb,1,0.99672539532184601,0.99942209012806416,0.99246000000000001,0.99476189680451155,1,correct
DFDC,4137,tukzpvwnpa,1,0.2969563213409856,0.12760868883196963,0.0042900000000000004,0.055918922716640167,0,false_reject
DFDC,4138,tunwwcnuqq,1,0.89246440976858143,0.96982412636280058,0.75565300000000002,0.82674490839726922,1,correct
DFDC,4139,tuwzzynfpp,1,0.87743813823908567,0.89459482999518514,0.27595199999999998,0.49161915591050981,1,correct
DFDC,4140,tuxcfjvcsp,1,0.17119339729348818,0.24590233457274735,0.51650200000000002,0.41805667023649862,1,correct
DFDC,4141,tuyiarzcft,1,0.24614049095544033,0.58497589873149991,0.075084999999999999,0.23660504416722197,0,false_reject
DFDC,4142,tvbskzogaq,1,0.5338290034851525,0.38460597218727344,0.146588,0.23735544183043966,0,false_reject
DFDC,4143,tvdmpfwfpd,1,0.54692988436330447,0.14999501060017131,0.059729999999999998,0.11116949739821662,0,false_reject
DFDC,4144,tveahwuhvj,1,0.37610097726186115,0.85436751445134484,0.028854999999999999,0.29387105319849649,0,false_reject
DFDC,4145,tvjivccjcc,1,0.5640720478259027,0.50015493344835704,0.005757,0.18199213242580223,0,false_reject
DFDC,4146,tvqwhaekja,1,0.61631977558135986,0.91621995531022549,0.113882,0.37970527537213566,1,correct
DFDC,4147,twhizigqua,1,0.4307933144737035,0.2941318191587925,0.41855399999999998,0.38183931147132294,1,correct
DFDC,4148,twiedfofdt,1,0.2839944546039288,0.28544630554433054,0.213088,0.23834081439349561,0,false_reject
DFDC,4149,twpwdjfchh,1,0.63342347904108465,0.45971670432481915,0.120824,0.24812178524949999,0,false_reject
DFDC,4150,twvydpphys,1,0.9548140075057745,0.8927940281573683,0.499643,0.6403468588224992,1,correct
DFDC,4151,txcbsjbzff,1,0.40712304773830599,0.40321225908795194,0.27878199999999997,0.32252813011330089,1,correct
DFDC,4152,txfdxgcwul,1,0.54327359236776829,0.93535227607935667,0.081376000000000004,0.36066376244219539,1,correct
DFDC,4153,txrzfhfgpo,1,0.92273000627756119,0.99642442166805267,0.097989999999999994,0.40875732681429389,1,correct
DFDC,4154,tyfzfbkjga,1,0.75570598563977653,0.75142070005780881,0.065756999999999996,0.30595355929933143,1,correct
DFDC,4155,tyzcmbkjho,1,0.66992411017417908,0.63680329243652523,0.18589700000000001,0.34537024323966653,1,correct
DFDC,4156,tzbidhssio,1,0.79532322380691767,0.91528200916945934,0.113661,0.38823041394118368,1,correct
DFDC,4157,tzrufybnax,1,0.098025293555110693,0.0031337060063378885,0.100346,0.071066276479656909,0,false_reject
DFDC,4158,tzycerarwl,1,0.83127347473055124,0.7617373107932508,0.83500700000000005,0.81283941697450279,1,correct
DFDC,4159,uaaohixjzr,1,0.48788632731884718,0.3324944386840798,0.45083699999999999,0.41718669797116631,1,correct
DFDC,4160,ubfbpwmhbh,1,0.55143340570586064,0.070055086140720438,0.199934,0.17854529612750916,0,false_reject
DFDC,4161,ubhfyzrvxt,1,0.9988931305706501,0.99958624318242073,0.99538899999999997,0.99682337948325872,1,correct
DFDC,4162,ubtmmtgtza,1,0.61604291984909454,0.68082140935094737,0.44696399999999997,0.52557516879773891,1,correct
DFDC,4163,ucbymqvlii,1,0.28132763842586428,0.094381571034318767,0.160857,0.14693790323158884,0,false_reject
DFDC,4164,ucjbdmrhky,1,0.93724190630018711,0.93098365934565663,0.098188999999999999,0.38998004311870632,1,correct
DFDC,4165,ucvjlytxkj,1,0.67525465257706185,0.457345450477254,0.603877,0.56348641777202935,1,correct
DFDC,4166,udgwywwoud,1,0.43128850407177405,0.19328978785403794,0.29737400000000003,0.27284446155980013,0,false_reject
DFDC,4167,udhtalrohl,1,0.81768906489014626,0.98088345304131508,0.13933999999999999,0.4257204891569018,1,correct
DFDC,4168,udissdople,1,0.58210219935544072,0.99472331039367179,0.25286999999999998,0.49188760308587359,1,correct
DFDC,4169,udnrjznlsj,1,0.62883537858724592,0.47742846493298807,0.061405000000000001,0.21458355840925872,0,false_reject
DFDC,4170,uebjcisjwa,1,0.81514604482799768,0.98597186990082264,0.74899099999999996,0.82339301321164671,1,correct
DFDC,4171,uekvvphafi,1,0.20150453603127971,0.10284500221314374,0.22481999999999999,0.18706172746550712,0,false_reject
DFDC,4172,uexpkqmpsd,1,0.56336568598635495,0.65259253268595785,0.293657,0.41482309410510509,1,correct
DFDC,4173,ugdwtuxwpd,1,0.35386995482258499,0.46916707686614245,0.23907500000000001,0.31384237080097199,1,correct
DFDC,4174,ugelxzyfmm,1,0.67898638712035286,0.75223355781700874,0.19042999999999999,0.38339888670112027,1,correct
DFDC,4175,ugpkcaejzg,1,0.3120760017336579,0.21082407205540221,0.57218999999999998,0.45077452170330357,1,correct
DFDC,4176,ugsdduqghf,1,0.48987881200654165,0.48373611058507648,0.063204999999999997,0.21069802377585001,0,false_reject
DFDC,4177,ugsrqghfnc,1,0.49396042432636023,0.48956020828336477,0.01217,0.17947658370132741,0,false_reject
DFDC,4178,uihlpwavfb,1,0.26483227894641459,0.53368058695923537,0.13298099999999999,0.25978344003509135,0,false_reject
DFDC,4179,uimbhafvbb,1,0.28806374373380095,0.36961550494743278,0.11194800000000001,0.19805403867091989,0,false_reject
DFDC,4180,uisizbnhtx,1,0.96349236369132996,0.94280932284891605,0.127058,0.41360511503924124,1,correct
DFDC,4181,ujekxqlqgt,1,0.74443268775939941,0.62171944975852966,0.41933700000000002,0.49630651931552888,1,correct
DFDC,4182,ukxwcduhug,1,0.65818667784333229,0.27453836574568413,0.12845599999999999,0.19876724361587184,0,false_reject
DFDC,4183,ulkdvnjhwt,1,0.72900892691365604,0.56976508461581221,0.32967299999999999,0.42166742173042648,1,correct
DFDC,4184,ulkowdzhsg,1,0.47404922737229255,0.73120006606463461,0.087289000000000005,0.29980033118800498,0,false_reject
DFDC,4185,umqpmiqvuv,1,0.72349620505701751,0.57858075964031741,0.043580000000000001,0.2380760381449461,0,false_reject
DFDC,4186,uninyxgqml,1,0.84677247051149607,0.85378554626367986,0.36035,0.53270178740467877,1,correct
DFDC,4187,unltdlahsq,1,0.8473626016639173,0.68463331581733655,0.077369999999999994,0.29804862482839684,0,false_reject
DFDC,4188,uomxypoyiz,1,0.040743014609981927,0.0045635801469606739,0.16068499999999999,0.1078514747745873,0,false_reject
DFDC,4189,upqptlsieq,1,0.8718794509768486,0.89879594335798174,0.099695000000000006,0.37803450555623697,1,correct
DFDC,4190,uptxsrzgok,1,0.99415979534387589,0.99908913299441338,0.65129899999999996,0.77277907966551784,1,correct
DFDC,4191,upvfqvhovh,1,0.72343011619523168,0.84054075763560832,0.10166500000000001,0.35441598310044409,1,correct
DFDC,4192,uqkbnwzmkb,1,0.73373797629028559,0.88329931069165468,0.013056,0.31016309202201064,1,correct
DFDC,4193,uqmvgscukv,1,0.10394810372963548,0.0062900455959606916,0.014419,0.016456768865269981,0,false_reject
DFDC,4194,uqpnjfhsam,1,0.99163977615535259,0.99812382832169533,0.415489,0.61908698730427625,1,correct
DFDC,4195,uqqsbowbfa,1,0.76977144461125135,0.7522322716540657,0.32275999999999999,0.47395225372678224,1,correct
DFDC,4196,uqxoidofjf,1,0.27156418497906998,0.13012723343854304,0.28533199999999997,0.23808217928051639,0,false_reject
DFDC,4197,urukqxiozj,1,0.84895346686244011,0.91541326511651278,0.17547599999999999,0.43113105287807579,1,correct
DFDC,4198,uspruzqsoe,1,0.98256058059632778,0.99758354760706425,0.52775399999999995,0.6914431933119356,1,correct
DFDC,4199,usyphtmkih,1,0.82227868586778641,0.56506013520993292,0.0048960000000000002,0.2138143748563692,0,false_reject
DFDC,4200,utbcfboyqi,1,0.2356342327548191,0.039511457784101367,0.015207999999999999,0.033520348972971362,0,false_reject
DFDC,4201,utbuuvhhip,1,0.97604343667626381,0.98130772728472948,0.99749399999999999,0.99156559001923206,1,correct
DFDC,4202,utdjoiqdef,1,0.71160670672543347,0.89051002869382501,0.054577000000000001,0.33820839394441921,1,correct
DFDC,4203,uucoiociqu,1,0.96853734366595745,0.99531950056552887,0.63054900000000003,0.75687956735295658,1,correct
DFDC,4204,uuprmufsaw,1,0.1500748694234062,0.22360580966778798,0.028301,0.092981136371506692,0,false_reject
DFDC,4205,uuqycmtmsw,1,0.17682459890361754,0.12161328634547611,0.031947000000000003,0.066090765848823715,0,false_reject
DFDC,4206,uuzijvbjwu,1,0.52695574657991529,0.6511476319283247,0.24335200000000001,0.37987087690749316,1,correct
DFDC,4207,uveoppdfjb,1,0.69354973407462239,0.62581161840353161,0.33660600000000002,0.44121487222479061,1,correct
DFDC,4208,uvlxbivsaj,1,0.44160281808581203,0.53942685175570659,0.35059800000000002,0.41179689643100259,1,correct
DFDC,4209,uvwgzfcxls,1,0.24531878693960607,0.39450674917316064,0.613456,0.52936436409892851,1,correct
DFDC,4210,uwcfondxfj,1,0.57591479658507383,0.82247111806645989,0.011979,0.28332342524919163,0,false_reject
DFDC,4211,uwkhlaqbvq,1,0.73733849660493433,0.65121347754029557,0.011991,0.2400251180923354,0,false_reject
DFDC,4212,uwqnclvcyn,1,0.96244890888531998,0.99918144345283511,0.95086700000000002,0.96594042848011663,1,correct
DFDC,4213,uxogelbplx,1,0.64389914003285498,0.36446936843408778,0.25772899999999999,0.30905961753186906,1,correct
DFDC,4214,uyjkdbldbw,1,0.81231657788157463,0.86506532272323966,0.94532499999999997,0.91459667571105063,1,correct
DFDC,4215,uyzqrbgwif,1,0.054963244053606801,0.11689486064446661,0.031852999999999999,0.058521070396020322,0,false_reject
DFDC,4216,uzamykrhvn,1,0.2594733836594969,0.23358505513897398,0.69857800000000003,0.5371248857246671,1,correct
DFDC,4217,uzqqjtfhzt,1,0.61608622083440423,0.27197160376817919,0.021815000000000001,0.12657554217217395,0,false_reject
DFDC,4218,vaqdgrzgkz,1,0.82976715359836817,0.78818512405268848,0.51582600000000001,0.61323079489572496,1,correct
DFDC,4219,vasfqvehzl,1,0.37158561893738806,0.47667501139221713,0.64873499999999995,0.58325953436453448,1,correct
DFDC,4220,vauecbclwm,1,0.67338774690870196,0.99337480217218399,0.70760100000000004,0.79162247799709029,1,correct
DFDC,4221,vbakefmsjz,1,0.83061704039573669,0.57704609166830778,0.51557600000000003,0.5497690795202792,1,correct
DFDC,4222,vbypqeimla,1,0.13764741919294465,0.043215730132942554,0.16067400000000001,0.12428518999953,0,false_reject
DFDC,4223,vbytnyuatr,1,0.3150593428207295,0.34308705085589153,0.25765300000000002,0.28615353239780394,0,false_reject
DFDC,4224,vchwdtmttz,1,0.79072118923068047,0.63522320927586406,0.52328399999999997,0.5702376222442932,1,correct
DFDC,4225,vckiophoxr,1,0.76703743139902747,0.94867991738849211,0.59721999999999997,0.71114884678649903,1,correct
DFDC,4226,vcnsbxrvig,1,0.5286114695481956,0.31148401722020935,0.278499,0.3009001286434726,1,correct
DFDC,4227,vczxrqlict,1,0.95866519957780838,0.98648457415401936,0.59262099999999995,0.72908228222509619,1,correct
DFDC,4228,vdadnskznh,1,0.52475284086540341,0.80626675323583186,0.64513699999999996,0.68745671801401964,1,correct
DFDC,4229,vdadqeuguc,1,0.96344092392152358,0.99867150475901945,0.79579599999999995,0.865040897623782,1,correct
DFDC,4230,vdikzzdplz,1,0.99025081656873226,0.96847169101238251,0.96091000000000004,0.96464554813215142,1,correct
DFDC,4231,vdjhhpaaqy,1,0.50967668592929838,0.82926568190256755,0.47489900000000002,0.58294788886723525,1,correct
DFDC,4232,vdtxpvdixy,1,0.88565481081604958,0.97566251456737518,0.305728,0.53570469491101502,1,correct
DFDC,4233,vdwxguputd,1,0.40566112782107666,0.37182754949753871,0.14857699999999999,0.22840637124031543,0,false_reject
DFDC,4234,vewodgmigb,1,0.69679889781400561,0.79955786489881575,0.38095899999999999,0.52233065436034498,1,correct
DFDC,4235,vfencmlcpl,1,0.66594869771908072,0.77166653469461821,0.337505,0.48417564529433949,1,correct
DFDC,4236,vfiaxksrld,1,0.13924899029370863,0.098573384588235058,0.090774999999999995,0.095538214891155937,0,false_reject
DFDC,4237,vfmijfogfp,1,0.51077348296530545,0.88342694030143321,0.98722500000000002,0.93226300623869529,1,correct
DFDC,4238,vforinwsfs,1,0.99494991824030876,0.9990177508443594,0.26652700000000001,0.52269537116532327,1,correct
DFDC,4239,vfqotkejkv,1,0.5454339983407408,0.21868615149287507,0.064186000000000007,0.13459844536489957,0,false_reject
DFDC,4240,vfwqmxafup,1,0.83746278565376997,0.9956213366240263,0.026535,0.35780729026989638,1,correct
DFDC,4241,vggtiiinsg,1,0.43261031394026112,0.49656722534980091,0.78120999999999996,0.67838718330195336,1,correct
DFDC,4242,vgiveamojf,1,0.99802737310528755,0.99275869131088257,0.99901399999999996,0.99708807604852911,1,correct
DFDC,4243,vhalmpmzbb,1,0.46456074179150164,0.9297260819002986,0.25612099999999999,0.46862451165966468,1,correct
DFDC,4244,vhipqcubgu,1,0.47851667373344814,0.86712802997950855,0.440716,0.57052964268052497,1,correct
DFDC,4245,vhythopwsm,1,0.25123161158990115,0.21740889083594084,0.085334999999999994,0.1332519978302773,0,false_reject
DFDC,4246,vibeiktkrh,1,0.36106495070271194,0.64129614108242095,0.040107999999999998,0.23651228985986186,0,false_reject
DFDC,4247,vidbvswpag,1,0.3694626628421247,0.082129483271273784,0.016486000000000001,0.053827878123488375,0,false_reject
DFDC,4248,vjttqphuwh,1,0.74390517035499215,0.63010704034240916,0.86529999999999996,0.78867237062047235,1,correct
DFDC,4249,vjxitahtap,1,0.56651314324699342,0.84283452178351581,0.043026000000000002,0.30914291369740443,1,correct
DFDC,4250,vjxjrihisf,1,0.70124050416052341,0.22881856188178062,0.85210699999999995,0.65757714377256038,1,correct
DFDC,4251,vkhkfrcrgw,1,0.80008423328399658,0.97073888778686523,0.141622,0.42328017800025936,1,correct
DFDC,4252,vktaplbcrs,1,0.21679630817379802,0.42621877405326813,0.26925700000000002,0.31372249762467036,1,correct
DFDC,4253,vktoldzpgt,1,0.50282385945320129,0.91782823204994202,0.240843,0.45703761258764264,1,correct
DFDC,4254,vkvoqigbsu,1,0.43992229411378503,0.3673735965276137,0.65851999999999999,0.56024619366397332,1,correct
DFDC,4255,vkyqbktaky,1,0.38539296027738601,0.24274514205171727,0.180205,0.20922644062938447,0,false_reject
DFDC,4256,vlcqsongnj,1,0.49346839170902967,0.33108103694394231,0.0078750000000000001,0.12911648066863418,0,false_reject
DFDC,4257,vlhkwvdhxs,1,0.48872883338481188,0.48269341327250004,0.103891,0.23677361565099059,0,false_reject
DFDC,4258,vlkohkqpie,1,0.40652031311765313,0.21374238788848743,0.045626,0.11410563202242888,0,false_reject
DFDC,4259,vlqofrlpbq,1,0.36969016341026872,0.3921143692714395,0.065962000000000007,0.17899411895194528,0,false_reject
DFDC,4260,vlrkdzxixg,1,0.88429960608482361,0.79023504909127951,0.441023,0.56795044503162506,1,correct
DFDC,4261,vlvieajwjn,1,0.37652984439046122,0.52640941579011269,0.17991799999999999,0.29369601695655689,0,false_reject
DFDC,4262,vmawxwfakr,1,0.63383305155568648,0.57930940824250376,0.035972999999999998,0.22886692505053546,0,false_reject
DFDC,4263,vmhvndfdpj,1,0.48586660623550415,0.5016058087348938,0.043228000000000003,0.20287327293224333,0,false_reject
DFDC,4264,vmriaejdbx,1,0.31451750919222832,0.1994060673750937,0.055100999999999997,0.11136334567213953,0,false_reject
DFDC,4265,vncjkvznxp,1,0.33099389402195811,0.55901510803960264,0.39739799999999997,0.44256292711297868,1,correct
DFDC,4266,vndavqjvsi,1,0.43813477158546449,0.34417518973350525,0.12612400000000001,0.20713989549932482,0,false_reject
DFDC,4267,vninicmbzs,1,0.99868044629693031,0.99930617958307266,0.95446299999999995,0.97012682618976831,1,correct
DFDC,4268,vnmdrhvlue,1,0.71311159152537584,0.73317032586783171,0.87144600000000005,0.82204657733661834,1,correct
DFDC,4269,vnxdizgsfo,1,0.2436029577802401,0.051342266400752123,0.206238,0.16163752780923765,0,false_reject
DFDC,4270,voefrxkfnp,1,0.092934318426016127,0.08077286269613787,0.029763000000000001,0.048224524730142167,0,false_reject
DFDC,4271,vosnffwvaf,1,0.52413825038820505,0.76981788035482168,0.059559000000000001,0.29586562662585675,0,false_reject
DFDC,4272,vouuboklsx,1,0.71458613872528076,0.86355465650558472,0.256052,0.46122950388793943,1,correct
DFDC,4273,voyhjgjkpc,1,0.97614501975476742,0.95748430676758289,0.98464399999999996,0.97607114301801323,1,correct
DFDC,4274,voyuqpxhhf,1,0.44393204792868346,0.34541899913165253,0.25301600000000002,0.29028270213592994,0,false_reject
DFDC,4275,vpodqhzehx,1,0.51187976729124784,0.94566782936453819,0.61557899999999999,0.70942068717392381,1,correct
DFDC,4276,vpqpxxjlil,1,0.44190208556560368,0.12945068998333925,0.562114,0.42630441127328195,1,correct
DFDC,4277,vpuiardwpz,1,0.37834984110668302,0.70212592487223446,0.25421500000000002,0.39479501951700452,1,correct
DFDC,4278,vqbhqgdmmt,1,0.46415000915527344,0.43462398409843445,0.026276000000000001,0.170674095687294,0,false_reject
DFDC,4279,vqbrfthzfq,1,0.48667183658108115,0.34148302803805564,0.086196999999999996,0.18280655024047074,0,false_reject
DFDC,4280,vqexoifqju,1,0.82865554187446833,0.607394514081534,0.22477900000000001,0.36975748131818365,1,correct
DFDC,4281,vqhelxkjkg,1,0.89539825171232224,0.97030669078230858,0.57004500000000002,0.7063911698203087,1,correct
DFDC,4282,vqruxheieb,1,0.7171030198374102,0.59908860369074735,0.46707300000000002,0.51917918209909475,1,correct
DFDC,4283,vrcuxlagin,1,0.74488623905926943,0.82576010655611753,0.233989,0.4370651939197987,1,correct
DFDC,4284,vrdqbkzqro,1,0.13477601058548316,0.24148785986471921,0.025395000000000001,0.095691908488689914,0,false_reject
DFDC,4285,vrmkcjsxpe,1,0.41949333413504064,0.39784870954463258,0.34859899999999999,0.36691862957014182,1,correct
DFDC,4286,vruqnqfvrw,1,0.9273997638374567,0.15901376982219517,0.423593,0.3694095691385314,1,correct
DFDC,4287,vsczwmjwoz,1,0.51333874570471905,0.70054508665842674,0.80549599999999999,0.75940286328276396,1,correct
DFDC,4288,vsffnanvjr,1,0.76291799172759056,0.94932544976472855,0.055774999999999998,0.35919728451579808,1,correct
DFDC,4289,vsjudgthep,1,0.99773143604397774,0.98799828439950943,0.99856500000000004,0.99535330712205183,1,correct
DFDC,4290,vskaxdggyg,1,0.73035537265241146,0.40505985752679408,0.14290900000000001,0.25092657589065881,0,false_reject
DFDC,4291,vsqneimrkq,1,0.46488566673360765,0.37962355987110641,0.044474,0.16603945129801229,0,false_reject
DFDC,4292,vtqenptvrq,1,0.54589836345985532,0.39717602872406133,0.20838799999999999,0.28189992679021114,0,false_reject
DFDC,4293,vtrjwydbmk,1,0.91135164722800255,0.91625198442488909,0.078718999999999997,0.37161052768886682,1,correct
DFDC,4294,vtuayjfhli,1,0.76615622453391552,0.99735237471759319,0.075914999999999996,0.38685827364197373,1,correct
DFDC,4295,vucjybmgfl,1,0.31450606940779835,0.26679787239118014,0.040618000000000001,0.12216636518774396,0,false_reject
DFDC,4296,vucqjsxhkz,1,0.18764769867993891,0.52894255693536252,0.66520100000000004,0.60044580201460573,1,correct
DFDC,4297,vudasvmled,1,0.37950624874792993,0.46214220211550128,0.039627000000000002,0.18337552307204688,0,false_reject
DFDC,4298,vugrkogige,1,0.31329826774696506,0.26965617683405679,0.14094400000000001,0.1881753664375653,0,false_reject
DFDC,4299,vukbmqajgd,1,0.46733669005334377,0.21851537944166921,0.027993000000000001,0.10711689833516795,0,false_reject
DFDC,4300,vukoxgxkys,1,0.55315528204664588,0.77979422081261873,0.11007500000000001,0.33314478034611789,1,correct
DFDC,4301,vulpiccadk,1,0.48558263946324587,0.27631610247772187,0.26117200000000002,0.27693576271647885,0,false_reject
DFDC,4302,vuqvrrphpt,1,0.66699553444050252,0.43695614952594042,0.65124000000000004,0.58774262157980728,1,correct
DFDC,4303,vurixtwcss,1,0.38878330091635388,0.067400459355364248,0.071176000000000003,0.085923702852426967,0,false_reject
DFDC,4304,vuwypmjbdu,1,0.96088064834475517,0.99178490601480007,0.84101999999999999,0.89224250422167783,1,correct
DFDC,4305,vvbkmxvtop,1,0.93138180859386921,0.98994359374046326,0.19600100000000001,0.47095281855183246,1,correct
DFDC,4306,vvfdlawygk,1,0.4197845573653467,0.28946769786489313,0.17188100000000001,0.21955218722773528,0,false_reject
DFDC,4307,vvmvtwrkkg,1,0.1501570810796693,0.30824768266757019,0.019696000000000002,0.11278455885425452,0,false_reject
DFDC,4308,vvpvwswgoz,1,0.62779051368124783,0.75084551825420931,0.073046,0.30412308116032521,1,correct
DFDC,4309,vwvlxfkdjl,1,0.91881920583546162,0.99409083463251591,0.0087550000000000006,0.34985896068152789,1,correct
DFDC,4310,vwwotxcbry,1,0.84156917268410325,0.78066740342183039,0.092232999999999996,0.33623012966075427,1,correct
DFDC,4311,vwznerllzk,1,0.48470011539757252,0.42471510544419289,0.032230000000000002,0.17259903740313651,0,false_reject
DFDC,4312,vxpqxacvpu,1,0.57119823899120092,0.59380480807158165,0.27040199999999998,0.38246265437103449,1,correct
DFDC,4313,vyhyrjfouu,1,0.25705528756952845,0.09376643654104555,0.091517000000000001,0.10046874534079009,0,false_reject
DFDC,4314,vykxnsxmtt,1,0.41947795078158379,0.2296419388439972,0.01797,0.10154697919227834,0,false_reject
DFDC,4315,vyllgevnkw,1,0.18737463909201324,0.23518573766341433,0.16494400000000001,0.18713805325362498,0,false_reject
DFDC,4316,vyrfislzue,1,0.73276024451479316,0.83576023124624044,0.36271700000000001,0.5231321315996118,1,correct
DFDC,4317,vywlobywbi,1,0.8434203463296096,0.84056084578235946,0.89339999999999997,0.87504927105118824,1,correct
DFDC,4318,vzdgyanbqx,1,0.48273423127830029,0.5194364114140626,0.091592999999999994,0.23950308498813377,0,false_reject
DFDC,4319,vzggujyhir,1,0.48177705088164657,0.37180409186112229,0.106789,0.20504293010241903,0,false_reject
DFDC,4320,vzhjubpiel,1,0.11476613162085414,0.38202824564359616,0.17860500000000001,0.23644003027412158,0,false_reject
DFDC,4321,vzhylsutqi,1,0.59546078972775363,0.82993466508221525,0.74177400000000004,0.76090653901105232,1,correct
DFDC,4322,vzjjabsjxi,1,0.79809731245040894,0.93466577772051096,0.12107900000000001,0.39900594893867369,1,correct
DFDC,4323,vzkaitocxz,1,0.86659740377217531,0.87705168432148639,0.95548299999999997,0.92750932548505471,1,correct
DFDC,4324,vzmffvpmbd,1,0.56768732646014541,0.74885558384994511,0.80049300000000001,0.77336149147799083,1,correct
DFDC,4325,waocemdkbl,1,0.78543132357299328,0.7025129011599347,0.51094099999999998,0.5821370865266301,1,correct
DFDC,4326,watlwphgzb,1,0.48783852905035019,0.51101476361509413,0.57026399999999999,0.54836795553704576,1,correct
DFDC,4327,watvbxbozp,1,0.11418880836572498,0.041906312952050939,0.035207000000000002,0.041165884303901536,0,false_reject
DFDC,4328,wavuqfomdn,1,0.95793240493343723,0.86151800617094965,0.61872899999999997,0.7085258720979567,1,correct
DFDC,4329,wbdmzyfkpc,1,0.57611869927495718,0.91943627409636974,0.0085120000000000005,0.31016961719265873,1,correct
DFDC,4330,wcdajitldk,1,0.24973597493954003,0.42566142184659839,0.42435499999999998,0.41601597530095652,1,correct
DFDC,4331,wcifdohbdu,1,0.18769598909420893,0.30012772460759152,0.094657000000000005,0.1609501668369879,0,false_reject
DFDC,4332,wcjczumlia,1,0.72247424721717834,0.25757022002653684,0.34074300000000002,0.33487772836881996,1,correct
DFDC,4333,wckfvaxhwu,1,0.88020183039563038,0.85818867624870365,0.060845999999999997,0.34101659439439264,1,correct
DFDC,4334,wcoljjbiyd,1,0.40039510050645244,0.42450076882512522,0.19602800000000001,0.27478818567286023,0,false_reject
DFDC,4335,wczpttzaiu,1,0.96798830851912498,0.997839430347085,0.40735399999999999,0.61253134453008173,1,correct
DFDC,4336,wdlkqszcbg,1,0.87798441108316183,0.97844768594950438,0.46359499999999998,0.6387702763390094,1,correct
DFDC,4337,wdnkvmmxrn,1,0.48815649747848511,0.49039414525032043,0.22727700000000001,0.31925611844902041,1,correct
DFDC,4338,wduvzdadbn,1,0.86848969661420394,0.95592036939436387,0.82214699999999996,0.86459614564901932,1,correct
DFDC,4339,wdyvjrmihv,1,0.63823900620142615,0.7542241603756944,0.23574899999999999,0.41141604842277962,1,correct
DFDC,4340,wegfrxbldm,1,0.56551775708794594,0.21586448312882567,0.10405499999999999,0.16067098279304501,0,false_reject
DFDC,4341,wejohscatf,1,0.36362866614945233,0.57639103528345004,0.11816599999999999,0.26790664389250762,0,false_reject
DFDC,4342,weqejlocmt,1,0.5869848970323801,0.43636522194719873,0.376309,0.40485966143577862,1,correct
DFDC,4343,wesxjnwych,1,0.98750494420528412,0.97839278479417169,0.93904299999999996,0.95327103264851565,1,correct
DFDC,4344,wfrjuvuxwk,1,0.82164860190823674,0.99139202758669853,0.65083100000000005,0.76154018837142146,1,correct
DFDC,4345,wfxzlsvwni,1,0.99663666263222694,0.99947360157966614,0.99227399999999999,0.99465201360551114,1,correct
DFDC,4346,wggteviwox,1,0.99810405969619753,0.99902293682098386,0.99139999999999995,0.99402208403110504,1,correct
DFDC,4347,wgnzjfqlsp,1,0.65027998946607113,0.48317887184384745,0.14471600000000001,0.2715330610264578,0,false_reject
DFDC,4348,wgsmbdfbsd,1,0.76481680641882122,0.73137588537065312,0.38097999999999999,0.50529060593213704,1,correct
DFDC,4349,wgxgxotxqs,1,0.86864215601235628,0.87848390452563763,0.55897399999999997,0.67031037915830904,1,correct
DFDC,4350,whhyakvlkw,1,0.73841573227019541,0.99067651657831102,0.39394200000000001,0.59018604158700305,1,correct
DFDC,4351,whsdbelogy,1,0.89188153017312288,0.99572836421430111,0.097309999999999994,0.4065640857729465,1,correct
DFDC,4352,whtdpzilfs,1,0.77587655838578939,0.62232079287059605,0.146143,0.32048301578046828,1,correct
DFDC,4353,whtwyoiire,1,0.73653722088783979,0.91261078638490289,0.442575,0.59828384695986292,1,correct
DFDC,4354,whxdhrhcby,1,0.1573386606760323,0.13555848636315204,0.042179000000000001,0.075950828942747226,0,false_reject
DFDC,4355,whzszrmvfq,1,0.71816152334213257,0.87892225082032382,0.81877900000000003,0.83179110141320378,1,correct
DFDC,4356,wicityyuax,1,0.62719051327024189,0.34364215124930653,0.24120900000000001,0.2912380210383041,0,false_reject
DFDC,4357,wjaqozixdz,1,0.43503067316487432,0.42352527671027929,0.12610499999999999,0.23077736667132751,0,false_reject
DFDC,4358,wjfwglksxr,1,0.35836027533514425,0.27169089700328186,0.102313,0.16592873286774176,0,false_reject
DFDC,4359,wjhxecuuti,1,0.87608784716576338,0.7802733404096216,0.33890300000000001,0.49817334448117467,1,correct
DFDC,4360,wjialabxbz,1,0.86320497468113899,0.97065288573503494,0.079295000000000004,0.38589786445456742,1,correct
DFDC,4361,wjtmduikdj,1,0.83914312347769737,0.927765809930861,0.482122,0.63366619915314315,1,correct
DFDC,4362,wjzgvsfnwa,1,0.96331115067005157,0.99731624126434326,0.69752499999999995,0.8007516799128056,1,correct
DFDC,4363,wkcziirnmv,1,0.99754931218922138,0.9918775949627161,0.434448,0.62983194409827592,1,correct
DFDC,4364,wkgvosonwe,1,0.12768557574599981,0.080762104056174719,0.070775000000000005,0.076616660004152418,0,false_reject
DFDC,4365,wkizucqrwx,1,0.12050938338506967,0.093762710035662167,0.016374,0.044797382179952133,0,false_reject
DFDC,4366,wkyayuktho,1,0.9434703029692173,0.99752135016024113,0.44583600000000001,0.63622332019653316,1,correct
DFDC,4367,wlgidtcnmy,1,0.37499883561395109,0.28566868111374788,0.064429,0.14632939611482193,0,false_reject
DFDC,4368,wlodjxpheo,1,0.64876984874717891,0.35835116714588366,0.037352000000000003,0.16422264258112404,0,false_reject
DFDC,4369,wlvxeprzxa,1,0.51174273993819952,0.19495154630567413,0.029245,0.10308185088861221,0,false_reject
DFDC,4370,wlwembpcqc,1,0.69187766779214144,0.65941283854772337,0.37456,0.47588173495392405,1,correct
DFDC,4371,wlwkmmtxzf,1,0.79933808324858546,0.55272925950703211,0.028455000000000001,0.2242814320145389,0,false_reject
DFDC,4372,wmfmllunth,1,0.72672995366156101,0.84267496410757303,0.72289499999999995,0.75902073691534988,1,correct
DFDC,4373,wmfsuhqpyo,1,0.83224471937865019,0.76233236342280486,0.39402300000000001,0.526426894995774,1,correct
DFDC,4374,wmulblatko,1,0.38184726377949119,0.3976267104735598,0.039142999999999997,0.16382332633104249,0,false_reject
DFDC,4375,wmvntwjrxx,1,0.94351541064679623,0.95273884106427431,0.74822999999999995,0.81934692285162203,1,correct
DFDC,4376,wmwtawgrul,1,0.62588833784684539,0.81363472156226635,0.94426699999999997,0.88915838336102215,1,correct
DFDC,4377,wmxfqvairv,1,0.90448066592216492,0.89984734116920406,0.60478399999999999,0.70828783564686948,1,correct
DFDC,4378,wncyebmdmo,1,0.84533027280122042,0.69520966918207705,0.093923000000000006,0.31187936439468417,1,correct
DFDC,4379,wndtnmetmy,1,0.49079177249222994,0.51044689025729895,0.090589000000000003,0.2365565057018012,0,false_reject
DFDC,4380,wnhprfgdho,1,0.83368151448667049,0.57382266444619745,0.40321499999999999,0.47592062505819277,1,correct
DFDC,4381,wnkgtjhszz,1,0.98633218184113503,0.9983382485806942,0.89858000000000005,0.93289508366626506,1,correct
DFDC,4382,wnmmyeyuhl,1,0.36542077921330929,0.072639168822206557,0.140849,0.13161463960732744,0,false_reject
DFDC,4383,wnodcgkjuz,1,0.94950138926506045,0.99705940783023839,0.73487400000000003,0.82426099181232459,1,correct
DFDC,4384,wnspmslrdb,1,0.10148904472589493,0.033118773251771927,0.029319999999999999,0.034068084211826326,0,false_reject
DFDC,4385,wohbmubnyx,1,0.24217292459474671,0.18750033620744944,0.138826,0.15859564709197216,0,false_reject
DFDC,4386,wojiaubbhh,1,0.089089499553665519,0.02337122181779705,0.062334000000000001,0.051982941523022394,0,false_reject
DFDC,4387,wonvufumrz,1,0.43630351487081498,0.61217226271401159,0.37188100000000002,0.44718950455774426,1,correct
DFDC,4388,wpbxhlijxg,1,0.80081120505928993,0.76433201530016959,0.38761400000000001,0.52128926484301541,1,correct
DFDC,4389,wpotxtrxtj,1,0.47483739256858826,0.46692825853824615,0.049223000000000003,0.19581529718990326,0,false_reject
DFDC,4390,wpuciyzvop,1,0.88591683283448219,0.90505586843937635,0.54296999999999995,0.66874310217353705,1,correct
DFDC,4391,wpugiszidm,1,0.53261647501494735,0.43368040875066072,0.22512699999999999,0.3030674963759456,1,correct
DFDC,4392,wpxjryhvlp,1,0.68398992816607163,0.35886161612967649,0.342972,0.36478978124720651,1,correct
DFDC,4393,wqiisqhfel,1,0.41668407176621258,0.37591417954536155,0.049288999999999999,0.16564630745191908,0,false_reject
DFDC,4394,wqnhyhpnwa,1,0.24070082581602037,0.099475916722440161,0.430031,0.32139796630753309,1,correct
DFDC,4395,wqohokscnx,1,0.99645405185633695,0.99854835559581889,0.996923,0.99738715927156252,1,correct
DFDC,4396,wrgekbrzrk,1,0.97460941877216101,0.99982099793851376,0.96628000000000003,0.97675877032016223,1,correct
DFDC,4397,wrgnmibozn,1,0.7451436971624692,0.47627409578611452,0.131938,0.26589911359395779,0,false_reject
DFDC,4398,wrqxzlusyl,1,0.63955577742308378,0.66278374911053106,0.201991,0.36210706360431349,1,correct
DFDC,4399,wrrfbyqpix,1,0.71368901804089546,0.99279848672449589,0.65810299999999999,0.76129094691939347,1,correct
DFDC,4400,wsfxzmmkjk,1,0.99917181491851803,0.99949867486953736,0.99868000000000001,0.99895019320678713,1,correct
DFDC,4401,wsopjtdeyz,1,0.832898755868276,0.96733925739924109,0.56193800000000005,0.69710641501318615,1,correct
DFDC,4402,wsxteylpsh,1,0.54546307551208884,0.61990095254441258,0.48536200000000002,0.52872873953892818,1,correct
DFDC,4403,wtcqfdvagg,1,0.42450552404625341,0.20118108685710467,0.30410799999999999,0.27924980225944407,0,false_reject
DFDC,4404,wubgkxfxns,1,0.45021919975988567,0.12140871656447416,0.030519999999999999,0.078771574957336526,0,false_reject
DFDC,4405,wucfldpmfg,1,0.45479235332459211,0.44480419752653688,0.059368999999999998,0.19477072692419067,0,false_reject
DFDC,4406,wucpgqinvd,1,0.2779630582081154,0.12006716632458847,0.050851,0.082971452807782314,0,false_reject
DFDC,4407,wuipkearha,1,0.99475236423313618,0.99856811948120594,0.82177,0.88345855405601859,1,correct
DFDC,4408,wuvjcfmdqm,1,0.50271419053121158,0.52611887900081156,0.314913,0.38766482322680407,1,correct
DFDC,4409,wuxvpjloqa,1,0.43489315556852443,0.45994388253280993,0.35036,0.38746182253826922,1,correct
DFDC,4410,wuzlttecwb,1,0.63288034894503653,0.632668242091313,0.35263099999999997,0.45065464007464567,1,correct
DFDC,4411,wuzzdfwxlv,1,0.75959755778312688,0.99859395027160647,0.54838500000000001,0.69400831297063825,1,correct
DFDC,4412,wvcwtmutcs,1,0.72873938289181939,0.94779418871320531,0.45821200000000001,0.61861302575855259,1,correct
DFDC,4413,wvdvwmlejj,1,0.77366369310766459,0.70928750452003442,0.246366,0.41160733601139354,1,correct
DFDC,4414,wvhbxdofqr,1,0.91028285957872868,0.92785787396132946,0.75764299999999996,0.8163394551673353,1,correct
DFDC,4415,wvomhglyji,1,0.6953135272487998,0.94952266290783882,0.17988999999999999,0.43655097523479164,1,correct
DFDC,4416,wwsugrasxl,1,0.64375278376974165,0.93983979299082421,0.80316399999999999,0.83619617708573435,1,correct
DFDC,4417,wxgrvnbiay,1,0.37130205693744844,0.18554889983046921,0.12289700000000001,0.15411282279601318,0,false_reject
DFDC,4418,wxorluvmvm,1,0.68279543519020081,0.99619367718696594,0.94918800000000003,0.94997007491559993,1,correct
DFDC,4419,wxqibgsrhe,1,0.98234272003173828,0.93606079369783401,0.932176,0.93584977411093717,1,correct
DFDC,4420,wxuipnfndw,1,0.42608288046903908,0.2112217913963832,0.27052300000000001,0.26051063144236691,0,false_reject
DFDC,4421,wyoanpnmli,1,0.70028081862255931,0.98559657111763954,0.374471,0.57409916226641988,1,correct
DFDC,4422,wyrpqaxygu,1,0.49324363283813,0.35228689003270119,0.022002000000000001,0.14464954865171684,0,false_reject
DFDC,4423,wyzaihihgl,1,0.93591903150081635,0.96621676068753004,0.65139599999999998,0.76006837978129982,1,correct
DFDC,4424,wznchulpfz,1,0.9402095228433609,0.84504141751676798,0.86568900000000004,0.86322075139719845,1,correct
DFDC,4425,wzpomeqxsi,1,0.32838126749265939,0.35856950977176894,0.39874900000000002,0.38317676630616365,1,correct
DFDC,4426,wzqmuxtkni,1,0.43772001913748682,0.51305758376838639,0.20963100000000001,0.31206342608739029,1,correct
DFDC,4427,xaowlpxaki,1,0.48552947607822716,0.7057596014929004,0.10158,0.30203135425178146,1,correct
DFDC,4428,xarirplaje,1,0.67856308491900563,0.85365660488605499,0.42988700000000002,0.56945168571176685,1,correct
DFDC,4429,xataxdpygh,1,0.49292045831680298,0.44300360232591629,0.012066,0.16539000361361503,0,false_reject
DFDC,4430,xbarvxafha,1,0.81274958187714219,0.83946020202711225,0.084293999999999994,0.34726663970199079,1,correct
DFDC,4431,xbfosetcfj,1,0.16925462312065065,0.063471894012764096,0.13314799999999999,0.11405049935986175,0,false_reject
DFDC,4432,xbmqlaoihx,1,0.61420322954654694,0.80685185889403022,0.18052199999999999,0.39010501914553636,1,correct
DFDC,4433,xbtdbzqguf,1,0.40710175799904391,0.65247274178545922,0.07424,0.26435291043558995,0,false_reject
DFDC,4434,xbxcvahisa,1,0.92758975364267826,0.99769280478358269,0.99952099999999999,0.99537597911720865,1,correct
DFDC,4435,xcumrqiwht,1,0.87388846650719643,0.97065878845751286,0.93449499999999996,0.9423138098626137,1,correct
DFDC,4436,xdbjgsutkx,1,0.76717112461725867,0.41610321402549744,0.98516899999999996,0.80354937043851216,1,correct
DFDC,4437,xdektirsmx,1,0.60059628100134432,0.52164938798523508,0.010606000000000001,0.19341853044563775,0,false_reject
DFDC,4438,xdfcwygqna,1,0.60673955734819174,0.36006786892539822,0.100746,0.20384223854502906,0,false_reject
DFDC,4439,xdojuxcfwe,1,0.59564397716894746,0.55825724400347099,0.065943000000000002,0.24012232205948869,0,false_reject
DFDC,4440,xdomnevzdn,1,0.58593484899029136,0.61072011908981949,0.22071299999999999,0.35597622817646041,1,correct
DFDC,4441,xdtkorhiij,1,0.39080612418743282,0.54480735585093498,0.51127999999999996,0.51531451296465214,1,correct
DFDC,4442,xeczmsuqyo,1,0.49288337491452694,0.26460628258064389,0.020115000000000001,0.11710080351991951,0,false_reject
DFDC,4443,xegkmcoeoe,1,0.95285878398201684,0.95938957821239124,0.80483000000000005,0.8585993126628183,1,correct
DFDC,4444,xemfqmmmoj,1,0.91276180930435658,0.99589777179062366,0.159773,0.44825987200240491,1,correct
DFDC,4445,xeuytfcryt,1,0.31847475143149495,0.29398053350450937,0.020369000000000002,0.11735774762292756,0,false_reject
DFDC,4446,xewyseiolm,1,0.64765175897628069,0.71056387736462057,0.50756599999999996,0.57546965115820026,1,correct
DFDC,4447,xeyzruczbs,1,0.7453756423201412,0.68666054168716073,0.71247799999999994,0.70637764462215524,1,correct
DFDC,4448,xezzrghdmp,1,0.99877677485346794,0.99950791522860527,0.470165,0.65539846331125495,1,correct
DFDC,4449,xffliqrwbq,1,0.98348793387413025,0.99821959249675274,0.903667,0.93602382444273236,1,correct
DFDC,4450,xfxbuabxsy,1,0.48127458653142374,0.45309065138140031,0.17238999999999999,0.27204442474099128,0,false_reject
DFDC,4451,xgtgwqlxbv,1,0.80655172864596048,0.6569896871844928,0.61138899999999996,0.63482734258764584,1,correct
DFDC,4452,xhoapgmyvd,1,0.14211738060112111,0.089255834245705046,0.128442,0.11736991930376757,0,false_reject
DFDC,4453,xhpgmxytyi,1,0.91567870695143938,0.99431139603257179,0.95812600000000003,0.96685925415734353,1,correct
DFDC,4454,xhrojvytvi,1,0.83525240095332265,0.8035958789405413,0.82334200000000002,0.81801368372982852,1,correct
DFDC,4455,xhuvhlsscj,1,0.5669455432122753,0.45213879659892092,0.11631,0.23959041614029003,0,false_reject
DFDC,4456,xhvbkpnmys,1,0.25166342611191794,0.93123902683146298,0.32629999999999998,0.50404987935503476,1,correct
DFDC,4457,xijqylkaxh,1,0.85289611481130123,0.88846544921398163,0.48589900000000003,0.6250187905047595,1,correct
DFDC,4458,xirozlwlpd,1,0.47230768203735352,0.46576341986656189,0.21016499999999999,0.29995166006183621,0,false_reject
DFDC,4459,xisytioqyf,1,0.12890926509862766,0.176789390767226,0.089965000000000003,0.11795953048509918,0,false_reject
DFDC,4460,xjbkzkwany,1,0.50161126255989075,0.77344472552167953,0.075912999999999994,0.30645743078449839,1,correct
DFDC,4461,xjfbzgyhzi,1,0.92975011491216719,0.79431482462678105,0.059678000000000002,0.32357265313364264,1,correct
DFDC,4462,xkdbspzzpa,1,0.30627989233471453,0.14011864748317748,0.242141,0.21474123886168897,0,false_reject
DFDC,4463,xknoztpsrm,1,0.97274963743984699,0.99924733303487301,0.18767200000000001,0.47039848178245425,1,correct
DFDC,4464,xkxxeicpol,1,0.72803975082933903,0.54102086718194187,0.057880000000000001,0.23633024769604949,0,false_reject
DFDC,4465,xkzhufofqw,1,0.42518174252472818,0.18436631742224563,0.31883899999999998,0.28381433235291009,0,false_reject
DFDC,4466,xkzpsrbiyh,1,0.86349158287048344,0.99541147947311404,0.59178399999999998,0.72645762298545835,1,correct
DFDC,4467,xlckcxktva,1,0.99565204791724682,0.99923297576606274,0.65877399999999997,0.77775559512568115,1,correct
DFDC,4468,xlguajspqm,1,0.2787436293438077,0.075441506029164884,0.049799000000000003,0.06893898327593985,0,false_reject
DFDC,4469,xlkebtjjgd,1,0.53868996084202081,0.40202534664422274,0.14388200000000001,0.24106540203536786,0,false_reject
DFDC,4470,xlrrixwlax,1,0.49018576834350824,0.51643742062151432,0.068458000000000005,0.22393821460362973,0,false_reject
DFDC,4471,xlsbxexkdc,1,0.48360811546444893,0.37451933603733778,0.016079,0.14698755658442378,0,false_reject
DFDC,4472,xmezmmjbkh,1,0.68430472817271948,0.60791301249992102,0.041975999999999999,0.24387354015861229,0,false_reject
DFDC,4473,xmgyjtatqs,1,0.692832139134407,0.69068859452381726,0.25048300000000001,0.40466213531386558,1,correct
DFDC,4474,xnaixrbbju,1,0.29128540343334597,0.35735407639895717,0.20385700000000001,0.25427754309135447,0,false_reject
DFDC,4475,xnuwttbedj,1,0.48451262712478638,0.48433747887611389,0.063294000000000003,0.2106679750190735,0,false_reject
DFDC,4476,xonjyfxnsd,1,0.64473296096548438,0.6238170534488745,0.043396999999999998,0.24758981408293659,0,false_reject
DFDC,4477,xoqgjqrdvm,1,0.76071484852582216,0.66671244380995631,0.0071289999999999999,0.24268332556927799,0,false_reject
DFDC,4478,xpenxxvnnw,1,0.85131051655738588,0.54026953969150782,0.90990499999999996,0.79608463773532157,1,correct
DFDC,4479,xpwctppwvj,1,0.94827724496523536,0.99893330037593842,0.539018,0.69745555236104329,1,correct
DFDC,4480,xqhawavhey,1,0.59558284049853683,0.48697071071364917,0.25427100000000002,0.34114650523902162,1,correct
DFDC,4481,xqjwacyhrg,1,0.8574150912463665,0.96840880252420902,0.92834300000000003,0.93681634531958102,1,correct
DFDC,4482,xqnwztylym,1,0.88723554834723473,0.94865345023572445,0.82786700000000002,0.86707136248807914,1,correct
DFDC,4483,xqwgtnjbby,1,0.61500913836061954,0.63049782393500209,0.50257200000000002,0.54657160409853156,1,correct
DFDC,4484,xrfzqhbjnx,1,0.96691172872669995,0.99306522682309151,0.55043399999999998,0.70404725448326244,1,correct
DFDC,4485,xsbbzzbbju,1,0.71910597081296146,0.97140276711434126,0.69916,0.78183012867495039,1,correct
DFDC,4486,xsrwkqavzb,1,0.84746098704636097,0.75356972147710621,0.17077600000000001,0.37944836579544988,1,correct
DFDC,4487,xtcfyvfknw,1,0.81539672496728599,0.8148117060190998,0.148456,0.38170974805409419,1,correct
DFDC,4488,xtfcmarqap,1,0.87197915464639664,0.9791222270578146,0.77060099999999998,0.83822627584966425,1,correct
DFDC,4489,xtiiwddhcj,1,0.9904165156185627,0.99873098358511925,0.81350199999999995,0.87791642085646393,1,correct
DFDC,4490,xtogtdwdkt,1,0.7228009186219424,0.59149621543474495,0.12435499999999999,0.29441966056152058,0,false_reject
DFDC,4491,xtqhjqkcoe,1,0.49203508719801903,0.48309778235852718,0.019602999999999999,0.18227303906745909,0,false_reject
DFDC,4492,xulgzdiftm,1,0.29001013247761875,0.064548456721240655,0.15651100000000001,0.13559719364025313,0,false_reject
DFDC,4493,xulyyyqtnj,1,0.25360248406650499,0.063267753081163391,0.063630999999999993,0.073020600127674265,0,false_reject
DFDC,4494,xumemeleqv,1,0.58146475441753864,0.58217775242519565,0.15237999999999999,0.30277356344843559,1,correct
DFDC,4495,xurkcnjqgt,1,0.050751309841871262,0.12250699102878571,0.39360400000000001,0.29513226280072929,0,false_reject
DFDC,4496,xvhllkyspo,1,0.32535029225982726,0.57772836572257802,0.11067,0.26152152432976478,0,false_reject
DFDC,4497,xvjxwncfwx,1,0.97670902870595455,0.93166744196787477,0.51473899999999995,0.66291603402566013,1,correct
DFDC,4498,xvkonezape,1,0.26386164780706167,0.11025818172493018,0.170152,0.15686933690783214,0,false_reject
DFDC,4499,xvvmrwsrql,1,0.4900025175884366,0.48229506937786937,0.236317,0.32279469669278266,1,correct
DFDC,4500,xvzpluxiiq,1,0.83477852866053581,0.95433074794709682,0.57093700000000003,0.69914720081715587,1,correct
DFDC,4501,xwacltucjd,1,0.5951654405466148,0.15262074668758682,0.65980700000000003,0.50441904603360688,1,correct
DFDC,4502,xwciitxvwk,1,0.24644986499333754,0.41706334124319255,0.048856999999999998,0.16919854562262465,0,false_reject
DFDC,4503,xwoliagblt,1,0.96229026280343533,0.99846882373094559,0.85858500000000004,0.90573541025945548,1,correct
DFDC,4504,xwuwzrolgv,1,0.37857053615152836,0.54223614634247497,0.73358999999999996,0.65843287071031886,1,correct
DFDC,4505,xxeekjjgrv,1,0.52747618407011032,0.27655415034678299,0.12511800000000001,0.19066675430754043,0,false_reject
DFDC,4506,xxinksmljn,1,0.45954300401111442,0.27328460584006581,0.33080300000000001,0.31998448195257545,1,correct
DFDC,4507,xxxesvufrs,1,0.51988032273948193,0.68827503058128059,0.26517099999999999,0.40483767531135828,1,correct
DFDC,4508,xyuttmvohc,1,0.29849547147750854,0.66205167095176876,0.72707999999999995,0.68614227485940604,1,correct
DFDC,4509,xyvrofgwok,1,0.82877198047935963,0.93202358204871416,0.63158400000000003,0.73157527363858221,1,correct
DFDC,4510,xyzbztvskk,1,0.87415881478227675,0.81367224827408791,0.074943999999999997,0.33652321522134021,1,correct
DFDC,4511,xzaulixgqe,1,0.81264064196617369,0.61646809356827892,0.27381,0.40354896016879233,1,correct
DFDC,4512,xzkdlxqryz,1,0.66075450927019119,0.99358057975769043,0.057336999999999999,0.36838094939081673,1,correct
DFDC,4513,xzmbzkizpu,1,0.9834678266197443,0.99807082675397396,0.99972499999999997,0.9984158893571794,1,correct
DFDC,4514,xzpucnwogd,1,0.83447705581784248,0.96685549279209226,0.92805499999999996,0.93501625062851978,1,correct
DFDC,4515,yaeliwmovf,1,0.96455267816781998,0.97643332742154598,0.117633,0.41761908213485477,1,correct
DFDC,4516,yallgiruup,1,0.74183521419763565,0.97962735034525394,0.28811599999999998,0.51825536581345799,1,correct
DFDC,4517,ybezbwlhea,1,0.49197579920291901,0.5177895724773407,0.087705000000000005,0.23694391170334816,0,false_reject
DFDC,4518,ybfdspeyvq,1,0.82597639039158821,0.98557148315012455,0.93869199999999997,0.94712006446461672,1,correct
DFDC,4519,yblulzquly,1,0.061221617099363357,0.027858302695676684,0.41464899999999999,0.28094042166367117,0,false_reject
DFDC,4520,ybvyptrzka,1,0.23049723193980753,0.69818723434582353,0.51321099999999997,0.55456818190073742,1,correct
DFDC,4521,ycdzxuzmuv,1,0.38831315306015313,0.40672350412933156,0.016403000000000001,0.15209465889180712,0,false_reject
DFDC,4522,ychrdwwlsz,1,0.96516192518174648,0.98359943926334381,0.58221000000000001,0.72177442803809055,1,correct
DFDC,4523,ycjszoiyuc,1,0.99631071649491787,0.99890903756022453,0.57467999999999997,0.72303024709281327,1,correct
DFDC,4524,ycjxuynkdy,1,0.26541091501712799,0.23560154624283314,0.14774399999999999,0.17998460962370633,0,false_reject
DFDC,4525,yckcwtipmu,1,0.99626837112009525,0.9993369597941637,0.62709099999999995,0.75722365649425383,1,correct
DFDC,4526,ycnkhvxeer,1,0.95867972027870918,0.98914348886859027,0.612066,0.74251993267451255,1,correct
DFDC,4527,ycunrbmlpj,1,0.13167689798865467,0.040600719039503019,0.055139000000000001,0.054604410611283641,0,false_reject
DFDC,4528,yczbbafzxg,1,0.46273025870323181,0.31937897205352783,0.0071760000000000001,0.12361460455121993,0,false_reject
DFDC,4529,ydiydkhofb,1,0.45265662670135498,0.42010828852653503,0.018508,0.16069551789302824,0,false_reject
DFDC,4530,ydxhbwrkwi,1,0.97983860410749912,0.91983281541615725,0.65533200000000003,0.75090757483022219,1,correct
DFDC,4531,ydyuuhtuaj,1,0.97108319960534573,0.99675816856324673,0.87890000000000001,0.91886661054924135,1,correct
DFDC,4532,yedvscijhx,1,0.79322295915335417,0.91369086969643831,0.028818,0.33250010886659925,1,correct
DFDC,4533,yeecavecar,1,0.64427251415327191,0.63770043198019266,0.013709000000000001,0.23243460530172139,0,false_reject
DFDC,4534,yefclydzcl,1,0.46831063320860267,0.59027745155617595,0.065823000000000007,0.24328371712728294,0,false_reject
DFDC,4535,yefdpqkkoa,1,0.7660303195317586,0.89667711158593499,0.45012999999999997,0.59988914945236838,1,correct
DFDC,4536,yegpkgcoqm,1,0.98806872963905334,0.99817508459091187,0.79658499999999999,0.86663621185922624,1,correct
DFDC,4537,yejewcgtpn,1,0.15702905860962346,0.041208569506125059,0.061671999999999998,0.060300823782318692,0,false_reject
DFDC,4538,yelqkfcgjw,1,0.93776876665651798,0.96963723935186863,0.90618399999999999,0.92679921013838651,1,correct
DFDC,4539,yfklhsongi,1,0.8952802864369005,0.87251952150836587,0.44960499999999998,0.59876312077435478,1,correct
DFDC,4540,yfphuhiwbk,1,0.90265632327646017,0.95182176399976015,0.62242900000000001,0.73525819536375103,1,correct
DFDC,4541,ygburrxcim,1,0.59254345402587205,0.73967214190633968,0.15248500000000001,0.35064406527319547,1,correct
DFDC,4542,ygvsmlmnty,1,0.21495864015014376,0.10528197243547766,0.117991,0.11902667373815048,0,false_reject
DFDC,4543,ygydiqcmuu,1,0.69250500481575727,0.9863375723361969,0.093593999999999997,0.39136262194164695,1,correct
DFDC,4544,ygzvjgnbis,1,0.99896774627268314,0.99962797574698925,0.95502299999999996,0.97060173003773098,1,correct
DFDC,4545,yhbuxohpyp,1,0.35606590390671045,0.20611177172395401,0.063454999999999998,0.12088257671252173,0,false_reject
DFDC,4546,yhhyqgxhuj,1,0.23717211286226908,0.037172944409151872,0.102544,0.089664088965859021,0,false_reject
DFDC,4547,yhmyhwgort,1,0.75045756064355373,0.62522825226187706,0.089629,0.28335020371074082,0,false_reject
DFDC,4548,yhxthgijzg,1,0.43532343034166843,0.12021487280435394,0.059215999999999998,0.09632103335838961,0,false_reject
DFDC,4549,yhzvdohtlm,1,0.633282097755,0.69274309367756359,0.20777599999999999,0.37454143299101911,1,correct
DFDC,4550,yildifvkcy,1,0.28245130856521428,0.10310748728807084,0.01384,0.054050811614681962,0,false_reject
DFDC,4551,yincknirrp,1,0.96759331941604609,0.999204375743866,0.89671599999999996,0.93100637869396208,1,correct
DFDC,4552,yiyazlziby,1,0.9530609305948019,0.87025124114006758,0.50547200000000003,0.63728521887176037,1,correct
DFDC,4553,yjehqjlowm,1,0.22036361834034324,0.14165408084954834,0.070429000000000005,0.099293255171881659,0,false_reject
DFDC,4554,yjgeyupene,1,0.29300200159195811,0.23588358075357974,0.124529,0.16635902430567184,0,false_reject
DFDC,4555,yjhtgpqxyf,1,0.97762651927769184,0.90992571134120226,0.95414200000000005,0.9420513393662453,1,correct
DFDC,4556,yjqcmpzfqo,1,0.3056530769681558,0.10523758151975926,0.108932,0.11765972830433558,0,false_reject
DFDC,4557,yjvjgduhvo,1,0.14905654583708383,0.042897829356661532,0.194801,0.14694282609885265,0,false_reject
DFDC,4558,ykbgtpppiy,1,0.72699361480772495,0.78285737812984735,0.29838300000000001,0.46515584417934047,1,correct
DFDC,4559,ykghtvasyr,1,0.66937780473381281,0.58286704332567751,0.16228300000000001,0.3138129532343939,1,correct
DFDC,4560,ykgyptagkx,1,0.669682492967695,0.87979456270113587,0.025059999999999999,0.31371149345872551,1,correct
DFDC,4561,ykvyzigmwy,1,0.50440148181385469,0.56505998389588463,0.431037,0.47491211925945814,1,correct
DFDC,4562,ylaaebpvml,1,0.32407702133059502,0.23675480236609778,0.27377400000000002,0.26518339177635908,0,false_reject
DFDC,4563,yljfxuemmu,1,0.9875467220942179,0.99949932098388672,0.97780199999999995,0.98479843239987686,1,correct
DFDC,4564,ylnvpjclbn,1,0.54900346603244543,0.60156672066659667,0.811836,0.73561358950160127,1,correct
DFDC,4565,ylxwpjpewu,1,0.66342533705756068,0.52279642131179571,0.35645300000000002,0.42170464324641677,1,correct
DFDC,4566,ymfscnsfsw,1,0.86997348815202713,0.94880948821082711,0.33309,0.54465002087084946,1,correct
DFDC,4567,ymoafeyurw,1,0.40632697194814682,0.48169141989201308,0.45200600000000002,0.45862767456501125,1,correct
DFDC,4568,yneibwyuqi,1,0.3381136110983789,0.18021102598140715,0.195663,0.19814993834934111,0,false_reject
DFDC,4569,ynhynrpvcy,1,0.48953987285494804,0.47566650621592999,0.024008000000000002,0.18278214550752642,0,false_reject
DFDC,4570,yniipfqkhc,1,0.77337837312370539,0.95582604594528675,0.10068199999999999,0.39086003243977124,1,correct
DFDC,4571,ynplszjzop,1,0.781669266762272,0.47354914981030649,0.081143999999999994,0.23389180828120554,0,false_reject
DFDC,4572,yoalkcidnp,1,0.39913808589335531,0.30267009424278513,0.29385,0.30176043256750329,1,correct
DFDC,4573,yohedlvirr,1,0.19286605989327654,0.01329006371088326,0.010446,0.020420222107928807,0,false_reject
DFDC,4574,yowgmgfqwh,1,0.70707175345160067,0.19446545930986758,0.13320399999999999,0.1802758254655403,0,false_reject
DFDC,4575,yowjpeqnef,1,0.35476780469928471,0.6820223549646991,0.57713899999999996,0.59748544672437398,1,correct
DFDC,4576,ypfpqaqupm,1,0.53691087714556995,0.53127612212094766,0.92616900000000002,0.78823823049356279,1,correct
DFDC,4577,yppqnldpow,1,0.39052155381068587,0.32161923847161233,0.031108,0.13623204923201801,0,false_reject
DFDC,4578,yqcskazmvy,1,0.75293972436338663,0.7748147314414382,0.731962,0.74586670565060076,1,correct
DFDC,4579,yqksvbjpxm,1,0.16622572671622038,0.42878482090600301,0.070207000000000006,0.18258128260761192,0,false_reject
DFDC,4580,yqvypwafuy,1,0.48189076012180698,0.43768519932223904,0.035147999999999999,0.17824629780276208,0,false_reject
DFDC,4581,yrczjalfai,1,0.85431966371834278,0.79951992092537694,0.60097500000000004,0.6732057094635302,1,correct
DFDC,4582,yrotyagxsx,1,0.55134391086176038,0.48469371827377472,0.01025,0.17963781102522042,0,false_reject
DFDC,4583,yrtvvyngai,1,0.99810628592967987,0.99945493042469025,0.99535499999999999,0.99672254342389111,1,correct
DFDC,4584,yrvtapgnoe,1,0.95029446110129356,0.98859627544879913,0.46617799999999998,0.64710930568970437,1,correct
DFDC,4585,ysiigadkai,1,0.65742561034858227,0.6672437647357583,0.959202,0.85652570993815658,1,correct
DFDC,4586,yspkicxvgp,1,0.91713189333677292,0.83279122645035386,0.53667100000000001,0.64453011260194482,1,correct
DFDC,4587,ytabfknluo,1,0.76537505071610212,0.70813394844299182,0.46438499999999999,0.55255918706870266,1,correct
DFDC,4588,ytdacsjkme,1,0.33007012773305178,0.30706458602799103,0.072401999999999994,0.1556841821950499,0,false_reject
DFDC,4589,ytetrqrmnt,1,0.83820018637925386,0.98377987556159496,0.63305299999999998,0.74852842198744118,1,correct
DFDC,4590,ytrvvxxmcq,1,0.53245793888345361,0.23081556126271607,0.040613999999999997,0.12226666532298749,0,false_reject
DFDC,4591,ytsbvztcgu,1,0.067256099777296185,0.033992345866863616,0.016555,0.024321258748923894,0,false_reject
DFDC,4592,ytyhpjdppo,1,0.61869254382327199,0.52646628039656207,0.37463200000000002,0.43238531131013225,1,correct
DFDC,4593,yudjaloirp,1,0.54691024729982018,0.54841587017290294,0.32459500000000002,0.40285702341686191,1,correct
DFDC,4594,yvcynacbwd,1,0.7509779145475477,0.86693646386265755,0.48977100000000001,0.6159809848861747,1,correct
DFDC,4595,yvhrxgsrwv,1,0.53836440714076161,0.50715300653246231,0.249195,0.34104087231677677,1,correct
DFDC,4596,yvywsnhjiz,1,0.60878022070284243,0.74821652361640223,0.13676099999999999,0.34379861812006279,1,correct
DFDC,4597,ywdghoktmx,1,0.57031951448880136,0.45367428225290496,0.085764999999999994,0.22036551040031155,0,false_reject
DFDC,4598,ywgykefbgr,1,0.38338733726413921,0.46116432975395583,0.220745,0.3010029157893937,1,correct
DFDC,4599,ywjfisdwte,1,0.74223144096322358,0.8768761046230793,0.13760800000000001,0.38961960343508495,1,correct
DFDC,4600,ywjiwntift,1,0.47833303897641599,0.16332490131026134,0.112539,0.1460644723418992,0,false_reject
DFDC,4601,ywnfsrnpqa,1,0.58480284112738445,0.69152575242333114,0.066824999999999996,0.28013411778336855,0,false_reject
DFDC,4602,ywvpfsemsc,1,0.5813683841843158,0.52406088268617168,0.18329300000000001,0.30542713401506733,1,correct
DFDC,4603,yxejtstopk,1,0.99211161583662033,0.99873213469982147,0.96596300000000002,0.97710117120177753,1,correct
DFDC,4604,yxndoeunlm,1,0.67394971079193056,0.86588673561345786,0.088644000000000001,0.35108210622363389,1,correct
DFDC,4605,yycjyrugkv,1,0.67866068799048662,0.79489715833915398,0.041095,0.2991139319012705,0,false_reject
DFDC,4606,yytsfsgjpl,1,0.57972953956702655,0.82542538218970951,0.055882000000000001,0.31293739163526418,1,correct
DFDC,4607,yzairlxmhw,1,0.53348203585483134,0.36941501619730843,0.33303100000000002,0.35396875665193411,1,correct
DFDC,4608,yzaujkliuc,1,0.49307682923972607,0.50772260408848524,0.048675999999999997,0.20861002268853188,0,false_reject
DFDC,4609,yzgbodmaac,1,0.23617214430123568,0.26014373787620571,0.25046499999999999,0.25265397857792349,0,false_reject
DFDC,4610,yzkupenwjj,1,0.07818394219793845,0.22882768456474878,0.025714000000000001,0.08927160247932156,0,false_reject
DFDC,4611,yzmkvwdghk,1,0.38499441051057409,0.3906958659977785,0.042275,0.16393723032486224,0,false_reject
DFDC,4612,yzqziriwlk,1,0.87004347518086433,0.41924455482512712,0.90303,0.75624504020658134,1,correct
DFDC,4613,yzvphajbna,1,0.91638100706040859,0.81324926903471351,0.091828000000000007,0.34948203106343451,1,correct
DFDC,4614,zahwelhuib,1,0.78892580978572369,0.49459015150205232,0.063329999999999997,0.22898783593990188,0,false_reject
DFDC,4615,zalmwblith,1,0.4927058257162571,0.53004491608589888,0.022305999999999999,0.19814766611158252,0,false_reject
DFDC,4616,zbpnyndpgg,1,0.62315424283345544,0.78049113353093469,0.170268,0.37597925220095318,1,correct
DFDC,4617,zbqkwrtubw,1,0.44144919980317354,0.4485776973888278,0.095846000000000001,0.218945669206807,0,false_reject
DFDC,4618,zbsdmbnaqg,1,0.74674801422016956,0.70369994161384442,0.13807700000000001,0.33819743319516182,1,correct
DFDC,4619,zbsxlvfuso,1,0.026834622025489807,0.024484730100084562,0.91583700000000001,0.60398120013129986,1,correct
DFDC,4620,zcdbcepgwu,1,0.91365894302725792,0.98652071133255959,0.76480999999999999,0.83876566055113078,1,correct
DFDC,4621,zclhumjpii,1,0.75638508889824152,0.7240117616020143,0.076505000000000004,0.30475103292551642,1,correct
DFDC,4622,zdgjlrjaua,1,0.68116969199036248,0.72485792363295332,0.30879400000000001,0.4522319616894041,1,correct
DFDC,4623,zelbbbjmmm,1,0.45543581584934145,0.36982763098785654,0.041312000000000001,0.16057288008882403,0,false_reject
DFDC,4624,zelpbasunt,1,0.39429415265719098,0.61078601827224099,0.46116299999999999,0.50270646311453182,1,correct
DFDC,4625,zenrhqpqyw,1,0.76076621074101025,0.83039934278048322,0.82810700000000004,0.82542766337119555,1,correct
DFDC,4626,zenuhvypll,1,0.42674570670351386,0.80514520208816975,0.23061799999999999,0.41278254596162656,1,correct
DFDC,4627,zeoogyasvz,1,0.51001517090480775,0.4611258820805233,0.100992,0.22948332316939737,0,false_reject
DFDC,4628,zeqrabhomx,1,0.6531952153891325,0.60135442129103467,0.221689,0.35716393715676703,1,correct
DFDC,4629,zfbfgatuvk,1,0.40464267134666443,0.12279011309146881,0.27119100000000002,0.23334331749477388,0,false_reject
DFDC,4630,zfcbqzjjll,1,0.456232700496912,0.66557076937277559,0.91764299999999999,0.81895081583667828,1,correct
DFDC,4631,zfomvtqknt,1,0.493421770632267,0.48647924698889256,0.028545000000000001,0.18916911262828109,0,false_reject
DFDC,4632,zfxvamniwt,1,0.68769099097698927,0.68758390750735998,0.23574999999999999,0.39389722180105741,1,correct
DFDC,4633,zgbgbkjogr,1,0.49320059180259707,0.53127860307693486,0.021595,0.19808036051321029,0,false_reject
DFDC,4634,zgcwtfkvak,1,0.84331635106354952,0.98822563327848911,0.034630000000000001,0.36114300753672424,1,correct
DFDC,4635,zghtrbette,1,0.47244766913354397,0.66302209417335689,0.093995999999999996,0.28362641170868425,0,false_reject
DFDC,4636,zglzvgjqgv,1,0.58593260403722525,0.89968094974756241,0.047784,0.33026051512612997,1,correct
DFDC,4637,zgvxnzfyrw,1,0.55185659083983174,0.50158873313794961,0.15384600000000001,0.27806934948337647,0,false_reject
DFDC,4638,zgzjanebxa,1,0.99427183158695698,0.99939295463263988,0.99781299999999995,0.99810992796913978,1,correct
DFDC,4639,zhepmvlzmh,1,0.48258944554254413,0.7511484925635159,0.221189,0.39324687004618197,1,correct
DFDC,4640,zhkxkfmgrp,1,0.96469804458320141,0.8934201723895967,0.99338800000000005,0.96196315394603904,1,correct
DFDC,4641,zhxjryojxk,1,0.27974356358754449,0.37231782882008702,0.013155,0.13423327682540334,0,false_reject
DFDC,4642,zikekvpjcv,1,0.68360953591763973,0.59808123356197029,0.25065599999999999,0.37653124686447309,1,correct
DFDC,4643,ziohmtsnaw,1,0.57228255236987025,0.25540381004975643,0.140043,0.19626322063342044,0,false_reject
DFDC,4644,zivndehrab,1,0.59313963882384757,0.56152033253062161,0.22425100000000001,0.3438762317003789,1,correct
DFDC,4645,zjkabzhmjh,1,0.46369229070842266,0.24773951008683071,0.100173,0.16261891756147034,0,false_reject
DFDC,4646,zjtkgnehni,1,0.1655600259109633,0.32444471439521294,0.53064900000000004,0.45053326561411206,1,correct
DFDC,4647,zjtqsesmif,1,0.57745933579280972,0.71397092723054811,0.618205,0.64489749495880488,1,correct
DFDC,4648,zjwfplqodi,1,0.61558162653818727,0.48111537858494557,0.28921599999999997,0.36310409490239304,1,correct
DFDC,4649,zkckbqjyoy,1,0.55740691279061139,0.75495453795883805,0.369591,0.49459085702718203,1,correct
DFDC,4650,zkryudkoaj,1,0.47224552556872368,0.45173306949436665,0.066938999999999999,0.20264254712674618,0,false_reject
DFDC,4651,zlbdhuipiu,1,0.59316270146518946,0.18394483470183332,0.0036519999999999999,0.087215385483809457,0,false_reject
DFDC,4652,zlcsropgzf,1,0.92894977051764727,0.97882127575576305,0.190692,0.46404367125261126,1,correct
DFDC,4653,zlcysmnyrn,1,0.61950109666213393,0.78819911764003336,0.085332000000000005,0.32290059012511674,1,correct
DFDC,4654,zldbghxdvd,1,0.59000395471230149,0.42097636652761139,0.36204900000000001,0.39112495769389849,1,correct
DFDC,4655,zlrnfyvzmv,1,0.93788875825703144,0.97792934253811836,0.75880899999999996,0.83349909067428707,1,correct
DFDC,4656,zlzdkvvzyp,1,0.99384588003158569,0.99899190664291382,0.99870300000000001,0.99854681599445339,1,correct
DFDC,4657,zmehalkwbx,1,0.73658519331365824,0.94017208367586136,0.39166200000000001,0.57346118476844132,1,correct
DFDC,4658,zmephqhyki,1,0.23798348882701248,0.2418128229182912,0.051552000000000001,0.11795182131683798,0,false_reject
DFDC,4659,zmrtrwxmxg,1,0.98020081222057343,0.94110003858804703,0.098813999999999999,0.39556915218744271,1,correct
DFDC,4660,znobvgfuco,1,0.56161366349884445,0.65320307269160238,0.877085,0.79414685498242299,1,correct
DFDC,4661,znpikbolfg,1,0.28368783369660378,0.55226121856165789,0.391899,0.43459710725332756,1,correct
DFDC,4662,znqdeeuoot,1,0.77849107032472442,0.608642769607038,0.091245000000000007,0.2808266343983476,0,false_reject
DFDC,4663,zoepwdtgmr,1,0.78268015570938587,0.78263605572283268,0.54791699999999999,0.63007087450231913,1,correct
DFDC,4664,zoiqyhbzxu,1,0.49077374488115311,0.5245579369366169,0.13747999999999999,0.27126806832504274,0,false_reject
DFDC,4665,zoovvqhchi,1,0.48200496239587665,0.34736381779657677,0.64101699999999995,0.54497044345876688,1,correct
DFDC,4666,zosgklxqtg,1,0.36901093740016222,0.5152842846873682,0.63834800000000003,0.58796203227621857,1,correct
DFDC,4667,zpagrgfcwz,1,0.96955464407801628,0.99908949434757233,0.99743999999999999,0.99654058050817251,1,correct
DFDC,4668,zqidvyjgvc,1,0.73645972460508347,0.57678852183744311,0.077936000000000005,0.2605179427814871,0,false_reject
DFDC,4669,zqvvmkfnns,1,0.67719219128290808,0.92649626731872559,0.117533,0.38820493975976306,1,correct
DFDC,4670,zrdyswtwki,1,0.66210779454559088,0.37674610366229899,0.051205000000000001,0.17941247082596926,0,false_reject
DFDC,4671,zrhpmsvkuc,1,0.77415953913042623,0.66171936162056466,0.28737699999999999,0.4240188354426907,1,correct
DFDC,4672,zriuyxmgdx,1,0.60601165611296892,0.20341805068892427,0.59552000000000005,0.47841399801232576,1,correct
DFDC,4673,zrpewksdpt,1,0.98021612875163555,0.98624550923705101,0.74524599999999996,0.82929435920869699,1,correct
DFDC,4674,zrwpnevels,1,0.25701665156520903,0.080444831735803746,0.035439999999999999,0.060020282099001572,0,false_reject
DFDC,4675,zsczfofiws,1,0.64121860169595291,0.66365410940301028,0.23836199999999999,0.38609246290570076,1,correct
DFDC,4676,zsgffctygi,1,0.12830389876035042,0.14596107996476348,0.064618999999999996,0.09220586892744656,0,false_reject
DFDC,4677,zsokursmxs,1,0.55929360710657561,0.066553749287357702,0.083252999999999994,0.10204525514153609,0,false_reject
DFDC,4678,zswyzyhzwg,1,0.49751524746417997,0.52289859011769291,0.290661,0.3706749894085169,1,correct
DFDC,4679,zszvqutcxq,1,0.40962128795217723,0.12144220447225962,0.022398000000000001,0.071472425739286749,0,false_reject
DFDC,4680,ztafieybva,1,0.83608769625425339,0.18246045442356262,0.35092600000000002,0.32464442113978148,1,correct
DFDC,4681,ztgzwsubff,1,0.99961801804602146,0.99971172958612442,0.89229800000000004,0.92988811977813846,1,correct
DFDC,4682,ztwjwbxeon,1,0.87787251442205161,0.92592310394684318,0.483734,0.63609765690515552,1,correct
DFDC,4683,zujlslhfze,1,0.49353397121796239,0.50032972716368163,0.12864999999999999,0.25839811671000262,0,false_reject
DFDC,4684,zuntdmpxqn,1,0.54849655507132411,0.77234037662856281,0.231739,0.40975729074213507,1,correct
DFDC,4685,zupnozubma,1,0.67176933446899056,0.71879491751315072,0.184725,0.36929819197739477,1,correct
DFDC,4686,zurvpcjczp,1,0.30246983817778528,0.40295462327776477,0.16922200000000001,0.24600417889221871,0,false_reject
DFDC,4687,zvgdnkeejp,1,0.61436267732642591,0.65608284194604494,0.66119700000000003,0.65732103645013484,1,correct
DFDC,4688,zvmathukun,1,0.6445033410564065,0.49462783006310929,0.450459,0.47341186607175312,1,correct
DFDC,4689,zvqbfysdmm,1,0.85001515317708254,0.99736053124070168,0.163687,0.44810546703106463,1,correct
DFDC,4690,zvqjilqcoh,1,0.25448622112162411,0.045309680986974854,0.233709,0.17822806535217367,0,false_reject
DFDC,4691,zvwetqtzmb,1,0.27046250624041401,0.38984553832861202,0.21437100000000001,0.26981793681060434,0,false_reject
DFDC,4692,zvwvsgzqvw,1,0.12823294592089951,0.15642004601249937,0.063909999999999995,0.094879161099794787,0,false_reject
DFDC,4693,zwchzyfckj,1,0.91110046952962875,0.71722046961076558,0.98556100000000002,0.90133581435971111,1,correct
DFDC,4694,zwjtklksvc,1,0.18734079878777266,0.43287060898728669,0.57735800000000004,0.51451092263557463,1,correct
DFDC,4695,zxaxrctjga,1,0.92543293163180351,0.81481223646551371,0.345835,0.51550806752124434,1,correct
DFDC,4696,zxifeubfbu,1,0.54505155158453977,0.9862613719085167,0.81968200000000002,0.85592428915178209,1,correct
DFDC,4697,zxsvotugha,1,0.46039667211729907,0.44780908062540253,0.10248599999999999,0.22397845779348571,0,false_reject
DFDC,4698,zxwogpcnjg,1,0.95941912070397406,0.97010679494950081,0.90588599999999997,0.92782889452004891,1,correct
DFDC,4699,zyayybhokn,1,0.90237507224082947,0.94873711963494622,0.093188999999999994,0.39031273950252537,1,correct
DFDC,4700,zydvjkzcul,1,0.11871380147931632,0.18085437205445487,0.11261599999999999,0.13339240169030228,0,false_reject
DFDC,4701,zzkhgelrxm,1,0.80406773090362549,0.900183359781901,0.75484700000000005,0.80090894447975158,1,correct
DFDC,4702,zzoqoqsqtf,1,0.42553799320012331,0.044146553344035055,0.057749000000000002,0.072057715663216684,0,false_reject
DFDC,4703,zzrglepohd,1,0.22861363276325422,0.3081811288178995,0.13844799999999999,0.19387622028353257,0,false_reject
DFDC,4704,zztsycpujv,1,0.17654614005004987,0.025574596955266315,0.037095000000000003,0.040611436089082388,0,false_reject
