sbi_stage,ucf_stage,xception_stage,sbi_upper_threshold,sbi_lower_threshold,ucf_upper_threshold,ucf_lower_threshold,xception_upper_threshold,xception_lower_threshold,FAR,FRR
1,2,-1,0.05,0.05,0.05,0.05,-1,-1,0.0,0.97191
1,2,-1,0.05,0.05,0.1,0.1,-1,-1,0.0,0.97191
1,2,-1,0.05,0.05,0.15,0.15,-1,-1,0.0,0.97191
1,2,-1,0.05,0.05,0.2,0.2,-1,-1,0.0,0.97191
1,2,-1,0.05,0.05,0.25,0.25,-1,-1,0.0,0.97191
1,2,-1,0.05,0.05,0.3,0.3,-1,-1,0.0,0.97191
1,2,-1,0.05,0.05,0.35,0.35,-1,-1,0.0,0.97191
1,2,-1,0.05,0.05,0.4,0.4,-1,-1,0.0,0.97191
1,2,-1,0.05,0.05,0.45,0.45,-1,-1,0.0,0.97191
1,2,-1,0.05,0.05,0.5,0.5,-1,-1,0.0,0.97191
1,2,-1,0.05,0.05,0.55,0.55,-1,-1,0.0,0.97191
1,2,-1,0.05,0.05,0.6,0.6,-1,-1,0.0,0.97191
1,2,-1,0.05,0.05,0.65,0.65,-1,-1,0.0,0.97191
1,2,-1,0.05,0.05,0.7,0.7,-1,-1,0.0,0.97191
1,2,-1,0.05,0.05,0.75,0.75,-1,-1,0.0,0.97191
1,2,-1,0.05,0.05,0.8,0.8,-1,-1,0.0,0.97191
1,2,-1,0.05,0.05,0.85,0.85,-1,-1,0.0,0.97191
1,2,-1,0.05,0.05,0.9,0.9,-1,-1,0.0,0.97191
1,2,-1,0.05,0.05,0.95,0.95,-1,-1,0.0,0.97191
1,2,-1,0.05,0.05,1.0,1.0,-1,-1,0.0,0.97191
1,2,-1,0.1,0.05,0.05,0.05,-1,-1,9e-06,0.96484
1,2,-1,0.1,0.05,0.1,0.1,-1,-1,4.3e-05,0.95777
1,2,-1,0.1,0.05,0.15,0.15,-1,-1,6.9e-05,0.949817
1,2,-1,0.1,0.05,0.2,0.2,-1,-1,0.000147,0.944514
1,2,-1,0.1,0.05,0.25,0.25,-1,-1,0.000277,0.937445
1,2,-1,0.1,0.05,0.3,0.3,-1,-1,0.000389,0.932142
1,2,-1,0.1,0.05,0.35,0.35,-1,-1,0.000493,0.929049
1,2,-1,0.1,0.05,0.4,0.4,-1,-1,0.000666,0.921537
1,2,-1,0.1,0.05,0.45,0.45,-1,-1,0.000796,0.917119
1,2,-1,0.1,0.05,0.5,0.5,-1,-1,0.001012,0.9127
1,2,-1,0.1,0.05,0.55,0.55,-1,-1,0.001306,0.908723
1,2,-1,0.1,0.05,0.6,0.6,-1,-1,0.001557,0.903421
1,2,-1,0.1,0.05,0.65,0.65,-1,-1,0.001765,0.90077
1,2,-1,0.1,0.05,0.7,0.7,-1,-1,0.00199,0.898119
1,2,-1,0.1,0.05,0.75,0.75,-1,-1,0.002258,0.896351
1,2,-1,0.1,0.05,0.8,0.8,-1,-1,0.002396,0.895025
1,2,-1,0.1,0.05,0.85,0.85,-1,-1,0.00263,0.894142
1,2,-1,0.1,0.05,0.9,0.9,-1,-1,0.002716,0.8937
1,2,-1,0.1,0.05,0.95,0.95,-1,-1,0.002854,0.893258
1,2,-1,0.1,0.05,1.0,1.0,-1,-1,0.002941,0.893258
1,2,-1,0.15,0.05,0.05,0.05,-1,-1,2.6e-05,0.95979
1,2,-1,0.15,0.05,0.1,0.1,-1,-1,0.00013,0.947671
1,2,-1,0.15,0.05,0.15,0.15,-1,-1,0.000208,0.934036
1,2,-1,0.15,0.05,0.2,0.2,-1,-1,0.000441,0.924946
1,2,-1,0.15,0.05,0.25,0.25,-1,-1,0.00083,0.912827
1,2,-1,0.15,0.05,0.3,0.3,-1,-1,0.001168,0.903737
1,2,-1,0.15,0.05,0.35,0.35,-1,-1,0.001479,0.898435
1,2,-1,0.15,0.05,0.4,0.4,-1,-1,0.001998,0.885558
1,2,-1,0.15,0.05,0.45,0.45,-1,-1,0.002388,0.877983
1,2,-1,0.15,0.05,0.5,0.5,-1,-1,0.003036,0.870408
1,2,-1,0.15,0.05,0.55,0.55,-1,-1,0.003919,0.863591
1,2,-1,0.15,0.05,0.6,0.6,-1,-1,0.004672,0.854501
1,2,-1,0.15,0.05,0.65,0.65,-1,-1,0.005294,0.849956
1,2,-1,0.15,0.05,0.7,0.7,-1,-1,0.005969,0.845411
1,2,-1,0.15,0.05,0.75,0.75,-1,-1,0.006774,0.842381
1,2,-1,0.15,0.05,0.8,0.8,-1,-1,0.007189,0.840109
1,2,-1,0.15,0.05,0.85,0.85,-1,-1,0.00789,0.838594
1,2,-1,0.15,0.05,0.9,0.9,-1,-1,0.008149,0.837836
1,2,-1,0.15,0.05,0.95,0.95,-1,-1,0.008564,0.837079
1,2,-1,0.15,0.05,1.0,1.0,-1,-1,0.008824,0.837079
1,2,-1,0.2,0.05,0.05,0.05,-1,-1,3.5e-05,0.950195
1,2,-1,0.2,0.05,0.1,0.1,-1,-1,0.000173,0.928481
1,2,-1,0.2,0.05,0.15,0.15,-1,-1,0.000277,0.904052
1,2,-1,0.2,0.05,0.2,0.2,-1,-1,0.000588,0.887767
1,2,-1,0.2,0.05,0.25,0.25,-1,-1,0.001107,0.866052
1,2,-1,0.2,0.05,0.3,0.3,-1,-1,0.001557,0.849766
1,2,-1,0.2,0.05,0.35,0.35,-1,-1,0.001972,0.840266
1,2,-1,0.2,0.05,0.4,0.4,-1,-1,0.002664,0.817195
1,2,-1,0.2,0.05,0.45,0.45,-1,-1,0.003183,0.803623
1,2,-1,0.2,0.05,0.5,0.5,-1,-1,0.004049,0.790052
1,2,-1,0.2,0.05,0.55,0.55,-1,-1,0.005225,0.777837
1,2,-1,0.2,0.05,0.6,0.6,-1,-1,0.006229,0.761551
1,2,-1,0.2,0.05,0.65,0.65,-1,-1,0.007059,0.753409
1,2,-1,0.2,0.05,0.7,0.7,-1,-1,0.007959,0.745266
1,2,-1,0.2,0.05,0.75,0.75,-1,-1,0.009031,0.739837
1,2,-1,0.2,0.05,0.8,0.8,-1,-1,0.009585,0.735766
1,2,-1,0.2,0.05,0.85,0.85,-1,-1,0.010519,0.733051
1,2,-1,0.2,0.05,0.9,0.9,-1,-1,0.010865,0.731694
1,2,-1,0.2,0.05,0.95,0.95,-1,-1,0.011419,0.730337
1,2,-1,0.2,0.05,1.0,1.0,-1,-1,0.011765,0.730337
1,2,-1,0.25,0.05,0.05,0.05,-1,-1,9.5e-05,0.942621
1,2,-1,0.25,0.05,0.1,0.1,-1,-1,0.000476,0.913332
1,2,-1,0.25,0.05,0.15,0.15,-1,-1,0.000761,0.880381
1,2,-1,0.25,0.05,0.2,0.2,-1,-1,0.001618,0.858414
1,2,-1,0.25,0.05,0.25,0.25,-1,-1,0.003045,0.829125
1,2,-1,0.25,0.05,0.3,0.3,-1,-1,0.004282,0.807158
1,2,-1,0.25,0.05,0.35,0.35,-1,-1,0.005424,0.794344
1,2,-1,0.25,0.05,0.4,0.4,-1,-1,0.007327,0.763224
1,2,-1,0.25,0.05,0.45,0.45,-1,-1,0.008754,0.744918
1,2,-1,0.25,0.05,0.5,0.5,-1,-1,0.011133,0.726612
1,2,-1,0.25,0.05,0.55,0.55,-1,-1,0.014369,0.710137
1,2,-1,0.25,0.05,0.6,0.6,-1,-1,0.017128,0.68817
1,2,-1,0.25,0.05,0.65,0.65,-1,-1,0.019412,0.677187
1,2,-1,0.25,0.05,0.7,0.7,-1,-1,0.021886,0.666203
1,2,-1,0.25,0.05,0.75,0.75,-1,-1,0.024836,0.658881
1,2,-1,0.25,0.05,0.8,0.8,-1,-1,0.026358,0.653389
1,2,-1,0.25,0.05,0.85,0.85,-1,-1,0.028927,0.649728
1,2,-1,0.25,0.05,0.9,0.9,-1,-1,0.029879,0.647898
1,2,-1,0.25,0.05,0.95,0.95,-1,-1,0.031401,0.646067
1,2,-1,0.25,0.05,1.0,1.0,-1,-1,0.032353,0.646067
1,2,-1,0.3,0.05,0.05,0.05,-1,-1,0.00013,0.937066
1,2,-1,0.3,0.05,0.1,0.1,-1,-1,0.000649,0.902222
1,2,-1,0.3,0.05,0.15,0.15,-1,-1,0.001038,0.863022
1,2,-1,0.3,0.05,0.2,0.2,-1,-1,0.002206,0.836889
1,2,-1,0.3,0.05,0.25,0.25,-1,-1,0.004152,0.802045
1,2,-1,0.3,0.05,0.3,0.3,-1,-1,0.005839,0.775912
1,2,-1,0.3,0.05,0.35,0.35,-1,-1,0.007396,0.760668
1,2,-1,0.3,0.05,0.4,0.4,-1,-1,0.009991,0.723646
1,2,-1,0.3,0.05,0.45,0.45,-1,-1,0.011938,0.701869
1,2,-1,0.3,0.05,0.5,0.5,-1,-1,0.015182,0.680091
1,2,-1,0.3,0.05,0.55,0.55,-1,-1,0.019594,0.660491
1,2,-1,0.3,0.05,0.6,0.6,-1,-1,0.023357,0.634358
1,2,-1,0.3,0.05,0.65,0.65,-1,-1,0.026471,0.621292
1,2,-1,0.3,0.05,0.7,0.7,-1,-1,0.029845,0.608225
1,2,-1,0.3,0.05,0.75,0.75,-1,-1,0.033867,0.599514
1,2,-1,0.3,0.05,0.8,0.8,-1,-1,0.035943,0.592981
1,2,-1,0.3,0.05,0.85,0.85,-1,-1,0.039447,0.588626
1,2,-1,0.3,0.05,0.9,0.9,-1,-1,0.040744,0.586448
1,2,-1,0.3,0.05,0.95,0.95,-1,-1,0.04282,0.58427
1,2,-1,0.3,0.05,1.0,1.0,-1,-1,0.044118,0.58427
1,2,-1,0.35,0.05,0.05,0.05,-1,-1,0.000234,0.929996
1,2,-1,0.35,0.05,0.1,0.1,-1,-1,0.001168,0.888082
1,2,-1,0.35,0.05,0.15,0.15,-1,-1,0.001868,0.840929
1,2,-1,0.35,0.05,0.2,0.2,-1,-1,0.003971,0.809494
1,2,-1,0.35,0.05,0.25,0.25,-1,-1,0.007474,0.76758
1,2,-1,0.35,0.05,0.3,0.3,-1,-1,0.01051,0.736144
1,2,-1,0.35,0.05,0.35,0.35,-1,-1,0.013313,0.717807
1,2,-1,0.35,0.05,0.4,0.4,-1,-1,0.017985,0.673274
1,2,-1,0.35,0.05,0.45,0.45,-1,-1,0.021488,0.647077
1,2,-1,0.35,0.05,0.5,0.5,-1,-1,0.027327,0.620881
1,2,-1,0.35,0.05,0.55,0.55,-1,-1,0.035268,0.597305
1,2,-1,0.35,0.05,0.6,0.6,-1,-1,0.042042,0.565869
1,2,-1,0.35,0.05,0.65,0.65,-1,-1,0.047647,0.550152
1,2,-1,0.35,0.05,0.7,0.7,-1,-1,0.05372,0.534434
1,2,-1,0.35,0.05,0.75,0.75,-1,-1,0.06096,0.523955
1,2,-1,0.35,0.05,0.8,0.8,-1,-1,0.064697,0.516097
1,2,-1,0.35,0.05,0.85,0.85,-1,-1,0.071004,0.510857
1,2,-1,0.35,0.05,0.9,0.9,-1,-1,0.073339,0.508238
1,2,-1,0.35,0.05,0.95,0.95,-1,-1,0.077076,0.505618
1,2,-1,0.35,0.05,1.0,1.0,-1,-1,0.079412,0.505618
1,2,-1,0.4,0.05,0.05,0.05,-1,-1,0.000346,0.925956
1,2,-1,0.4,0.05,0.1,0.1,-1,-1,0.00173,0.880003
1,2,-1,0.4,0.05,0.15,0.15,-1,-1,0.002768,0.828304
1,2,-1,0.4,0.05,0.2,0.2,-1,-1,0.005882,0.793839
1,2,-1,0.4,0.05,0.25,0.25,-1,-1,0.011073,0.747885
1,2,-1,0.4,0.05,0.3,0.3,-1,-1,0.015571,0.71342
1,2,-1,0.4,0.05,0.35,0.35,-1,-1,0.019723,0.693315
1,2,-1,0.4,0.05,0.4,0.4,-1,-1,0.026644,0.644489
1,2,-1,0.4,0.05,0.45,0.45,-1,-1,0.031834,0.615768
1,2,-1,0.4,0.05,0.5,0.5,-1,-1,0.040484,0.587047
1,2,-1,0.4,0.05,0.55,0.55,-1,-1,0.052249,0.561198
1,2,-1,0.4,0.05,0.6,0.6,-1,-1,0.062284,0.526732
1,2,-1,0.4,0.05,0.65,0.65,-1,-1,0.070588,0.5095
1,2,-1,0.4,0.05,0.7,0.7,-1,-1,0.079585,0.492267
1,2,-1,0.4,0.05,0.75,0.75,-1,-1,0.090311,0.480779
1,2,-1,0.4,0.05,0.8,0.8,-1,-1,0.095848,0.472162
1,2,-1,0.4,0.05,0.85,0.85,-1,-1,0.10519,0.466418
1,2,-1,0.4,0.05,0.9,0.9,-1,-1,0.10865,0.463546
1,2,-1,0.4,0.05,0.95,0.95,-1,-1,0.114187,0.460674
1,2,-1,0.4,0.05,1.0,1.0,-1,-1,0.117647,0.460674
1,2,-1,0.45,0.05,0.05,0.05,-1,-1,0.000458,0.919896
1,2,-1,0.45,0.05,0.1,0.1,-1,-1,0.002292,0.867883
1,2,-1,0.45,0.05,0.15,0.15,-1,-1,0.003668,0.809367
1,2,-1,0.45,0.05,0.2,0.2,-1,-1,0.007794,0.770357
1,2,-1,0.45,0.05,0.25,0.25,-1,-1,0.014671,0.718344
1,2,-1,0.45,0.05,0.3,0.3,-1,-1,0.020631,0.679333
1,2,-1,0.45,0.05,0.35,0.35,-1,-1,0.026133,0.656577
1,2,-1,0.45,0.05,0.4,0.4,-1,-1,0.035303,0.601313
1,2,-1,0.45,0.05,0.45,0.45,-1,-1,0.04218,0.568804
1,2,-1,0.45,0.05,0.5,0.5,-1,-1,0.053642,0.536296
1,2,-1,0.45,0.05,0.55,0.55,-1,-1,0.06923,0.507038
1,2,-1,0.45,0.05,0.6,0.6,-1,-1,0.082526,0.468027
1,2,-1,0.45,0.05,0.65,0.65,-1,-1,0.093529,0.448523
1,2,-1,0.45,0.05,0.7,0.7,-1,-1,0.10545,0.429018
1,2,-1,0.45,0.05,0.75,0.75,-1,-1,0.119662,0.416014
1,2,-1,0.45,0.05,0.8,0.8,-1,-1,0.126998,0.406261
1,2,-1,0.45,0.05,0.85,0.85,-1,-1,0.139377,0.39976
1,2,-1,0.45,0.05,0.9,0.9,-1,-1,0.143962,0.396509
1,2,-1,0.45,0.05,0.95,0.95,-1,-1,0.151297,0.393258
1,2,-1,0.45,0.05,1.0,1.0,-1,-1,0.155882,0.393258
1,2,-1,0.5,0.05,0.05,0.05,-1,-1,0.000536,0.916361
1,2,-1,0.5,0.05,0.1,0.1,-1,-1,0.002682,0.860813
1,2,-1,0.5,0.05,0.15,0.15,-1,-1,0.004291,0.798321
1,2,-1,0.5,0.05,0.2,0.2,-1,-1,0.009118,0.756659
1,2,-1,0.5,0.05,0.25,0.25,-1,-1,0.017163,0.701111
1,2,-1,0.5,0.05,0.3,0.3,-1,-1,0.024135,0.65945
1,2,-1,0.5,0.05,0.35,0.35,-1,-1,0.030571,0.635147
1,2,-1,0.5,0.05,0.4,0.4,-1,-1,0.041298,0.576127
1,2,-1,0.5,0.05,0.45,0.45,-1,-1,0.049343,0.541409
1,2,-1,0.5,0.05,0.5,0.5,-1,-1,0.062751,0.506691
1,2,-1,0.5,0.05,0.55,0.55,-1,-1,0.080986,0.475445
1,2,-1,0.5,0.05,0.6,0.6,-1,-1,0.09654,0.433784
1,2,-1,0.5,0.05,0.65,0.65,-1,-1,0.109412,0.412954
1,2,-1,0.5,0.05,0.7,0.7,-1,-1,0.123357,0.392123
1,2,-1,0.5,0.05,0.75,0.75,-1,-1,0.139983,0.378236
1,2,-1,0.5,0.05,0.8,0.8,-1,-1,0.148564,0.36782
1,2,-1,0.5,0.05,0.85,0.85,-1,-1,0.163045,0.360877
1,2,-1,0.5,0.05,0.9,0.9,-1,-1,0.168408,0.357405
1,2,-1,0.5,0.05,0.95,0.95,-1,-1,0.17699,0.353933
1,2,-1,0.5,0.05,1.0,1.0,-1,-1,0.182353,0.353933
1,2,-1,0.55,0.05,0.05,0.05,-1,-1,0.000701,0.911311
1,2,-1,0.55,0.05,0.1,0.1,-1,-1,0.003503,0.850713
1,2,-1,0.55,0.05,0.15,0.15,-1,-1,0.005605,0.78254
1,2,-1,0.55,0.05,0.2,0.2,-1,-1,0.011912,0.737091
1,2,-1,0.55,0.05,0.25,0.25,-1,-1,0.022422,0.676493
1,2,-1,0.55,0.05,0.3,0.3,-1,-1,0.031531,0.631044
1,2,-1,0.55,0.05,0.35,0.35,-1,-1,0.039939,0.604532
1,2,-1,0.55,0.05,0.4,0.4,-1,-1,0.053953,0.540147
1,2,-1,0.55,0.05,0.45,0.45,-1,-1,0.064464,0.502273
1,2,-1,0.55,0.05,0.5,0.5,-1,-1,0.081981,0.464399
1,2,-1,0.55,0.05,0.55,0.55,-1,-1,0.105804,0.430312
1,2,-1,0.55,0.05,0.6,0.6,-1,-1,0.126124,0.384863
1,2,-1,0.55,0.05,0.65,0.65,-1,-1,0.142941,0.362139
1,2,-1,0.55,0.05,0.7,0.7,-1,-1,0.161159,0.339415
1,2,-1,0.55,0.05,0.75,0.75,-1,-1,0.18288,0.324265
1,2,-1,0.55,0.05,0.8,0.8,-1,-1,0.194091,0.312903
1,2,-1,0.55,0.05,0.85,0.85,-1,-1,0.21301,0.305328
1,2,-1,0.55,0.05,0.9,0.9,-1,-1,0.220017,0.30154
1,2,-1,0.55,0.05,0.95,0.95,-1,-1,0.231228,0.297753
1,2,-1,0.55,0.05,1.0,1.0,-1,-1,0.238235,0.297753
1,2,-1,0.6,0.05,0.05,0.05,-1,-1,0.000822,0.904242
1,2,-1,0.6,0.05,0.1,0.1,-1,-1,0.004109,0.836574
1,2,-1,0.6,0.05,0.15,0.15,-1,-1,0.006574,0.760447
1,2,-1,0.6,0.05,0.2,0.2,-1,-1,0.013971,0.709695
1,2,-1,0.6,0.05,0.25,0.25,-1,-1,0.026298,0.642028
1,2,-1,0.6,0.05,0.3,0.3,-1,-1,0.036981,0.591276
1,2,-1,0.6,0.05,0.35,0.35,-1,-1,0.046843,0.561671
1,2,-1,0.6,0.05,0.4,0.4,-1,-1,0.063279,0.489774
1,2,-1,0.6,0.05,0.45,0.45,-1,-1,0.075606,0.447481
1,2,-1,0.6,0.05,0.5,0.5,-1,-1,0.096151,0.405189
1,2,-1,0.6,0.05,0.55,0.55,-1,-1,0.124092,0.367125
1,2,-1,0.6,0.05,0.6,0.6,-1,-1,0.147924,0.316374
1,2,-1,0.6,0.05,0.65,0.65,-1,-1,0.167647,0.290999
1,2,-1,0.6,0.05,0.7,0.7,-1,-1,0.189014,0.265623
1,2,-1,0.6,0.05,0.75,0.75,-1,-1,0.21449,0.248706
1,2,-1,0.6,0.05,0.8,0.8,-1,-1,0.227639,0.236018
1,2,-1,0.6,0.05,0.85,0.85,-1,-1,0.249827,0.22756
1,2,-1,0.6,0.05,0.9,0.9,-1,-1,0.258045,0.22333
1,2,-1,0.6,0.05,0.95,0.95,-1,-1,0.271194,0.219101
1,2,-1,0.6,0.05,1.0,1.0,-1,-1,0.279412,0.219101
1,2,-1,0.65,0.05,0.05,0.05,-1,-1,0.001003,0.898182
1,2,-1,0.65,0.05,0.1,0.1,-1,-1,0.005017,0.824454
1,2,-1,0.65,0.05,0.15,0.15,-1,-1,0.008028,0.74151
1,2,-1,0.65,0.05,0.2,0.2,-1,-1,0.017059,0.686213
1,2,-1,0.65,0.05,0.25,0.25,-1,-1,0.032111,0.612486
1,2,-1,0.65,0.05,0.3,0.3,-1,-1,0.045156,0.557189
1,2,-1,0.65,0.05,0.35,0.35,-1,-1,0.057197,0.524933
1,2,-1,0.65,0.05,0.4,0.4,-1,-1,0.077266,0.446598
1,2,-1,0.65,0.05,0.45,0.45,-1,-1,0.092318,0.400517
1,2,-1,0.65,0.05,0.5,0.5,-1,-1,0.117405,0.354437
1,2,-1,0.65,0.05,0.55,0.55,-1,-1,0.151522,0.312965
1,2,-1,0.65,0.05,0.6,0.6,-1,-1,0.180623,0.257669
1,2,-1,0.65,0.05,0.65,0.65,-1,-1,0.204706,0.230021
1,2,-1,0.65,0.05,0.7,0.7,-1,-1,0.230796,0.202373
1,2,-1,0.65,0.05,0.75,0.75,-1,-1,0.261903,0.183941
1,2,-1,0.65,0.05,0.8,0.8,-1,-1,0.277958,0.170117
1,2,-1,0.65,0.05,0.85,0.85,-1,-1,0.305052,0.160901
1,2,-1,0.65,0.05,0.9,0.9,-1,-1,0.315086,0.156293
1,2,-1,0.65,0.05,0.95,0.95,-1,-1,0.331141,0.151685
1,2,-1,0.65,0.05,1.0,1.0,-1,-1,0.341176,0.151685
1,2,-1,0.7,0.05,0.05,0.05,-1,-1,0.001133,0.894142
1,2,-1,0.7,0.05,0.1,0.1,-1,-1,0.005666,0.816374
1,2,-1,0.7,0.05,0.15,0.15,-1,-1,0.009066,0.728885
1,2,-1,0.7,0.05,0.2,0.2,-1,-1,0.019265,0.670559
1,2,-1,0.7,0.05,0.25,0.25,-1,-1,0.036263,0.592792
1,2,-1,0.7,0.05,0.3,0.3,-1,-1,0.050995,0.534465
1,2,-1,0.7,0.05,0.35,0.35,-1,-1,0.064593,0.500442
1,2,-1,0.7,0.05,0.4,0.4,-1,-1,0.087258,0.417814
1,2,-1,0.7,0.05,0.45,0.45,-1,-1,0.104256,0.369209
1,2,-1,0.7,0.05,0.5,0.5,-1,-1,0.132587,0.320604
1,2,-1,0.7,0.05,0.55,0.55,-1,-1,0.171116,0.276859
1,2,-1,0.7,0.05,0.6,0.6,-1,-1,0.203979,0.218533
1,2,-1,0.7,0.05,0.65,0.65,-1,-1,0.231176,0.189371
1,2,-1,0.7,0.05,0.7,0.7,-1,-1,0.26064,0.160208
1,2,-1,0.7,0.05,0.75,0.75,-1,-1,0.29577,0.140766
1,2,-1,0.7,0.05,0.8,0.8,-1,-1,0.313901,0.126184
1,2,-1,0.7,0.05,0.85,0.85,-1,-1,0.344498,0.116463
1,2,-1,0.7,0.05,0.9,0.9,-1,-1,0.35583,0.111603
1,2,-1,0.7,0.05,0.95,0.95,-1,-1,0.373962,0.106742
1,2,-1,0.7,0.05,1.0,1.0,-1,-1,0.385294,0.106742
1,2,-1,0.75,0.05,0.05,0.05,-1,-1,0.001367,0.892122
1,2,-1,0.75,0.05,0.1,0.1,-1,-1,0.006834,0.812335
1,2,-1,0.75,0.05,0.15,0.15,-1,-1,0.010934,0.722573
1,2,-1,0.75,0.05,0.2,0.2,-1,-1,0.023235,0.662732
1,2,-1,0.75,0.05,0.25,0.25,-1,-1,0.043737,0.582944
1,2,-1,0.75,0.05,0.3,0.3,-1,-1,0.061505,0.523103
1,2,-1,0.75,0.05,0.35,0.35,-1,-1,0.077907,0.488196
1,2,-1,0.75,0.05,0.4,0.4,-1,-1,0.105242,0.403422
1,2,-1,0.75,0.05,0.45,0.45,-1,-1,0.125744,0.353554
1,2,-1,0.75,0.05,0.5,0.5,-1,-1,0.159914,0.303687
1,2,-1,0.75,0.05,0.55,0.55,-1,-1,0.206384,0.258806
1,2,-1,0.75,0.05,0.6,0.6,-1,-1,0.246021,0.198965
1,2,-1,0.75,0.05,0.65,0.65,-1,-1,0.278824,0.169045
1,2,-1,0.75,0.05,0.7,0.7,-1,-1,0.31436,0.139124
1,2,-1,0.75,0.05,0.75,0.75,-1,-1,0.35673,0.119177
1,2,-1,0.75,0.05,0.8,0.8,-1,-1,0.378599,0.104217
1,2,-1,0.75,0.05,0.85,0.85,-1,-1,0.415502,0.094244
1,2,-1,0.75,0.05,0.9,0.9,-1,-1,0.429169,0.089257
1,2,-1,0.75,0.05,0.95,0.95,-1,-1,0.451038,0.08427
1,2,-1,0.75,0.05,1.0,1.0,-1,-1,0.464706,0.08427
1,2,-1,0.8,0.05,0.05,0.05,-1,-1,0.001609,0.888082
1,2,-1,0.8,0.05,0.1,0.1,-1,-1,0.008045,0.804255
1,2,-1,0.8,0.05,0.15,0.15,-1,-1,0.012872,0.709948
1,2,-1,0.8,0.05,0.2,0.2,-1,-1,0.027353,0.647077
1,2,-1,0.8,0.05,0.25,0.25,-1,-1,0.051488,0.56325
1,2,-1,0.8,0.05,0.3,0.3,-1,-1,0.072405,0.500379
1,2,-1,0.8,0.05,0.35,0.35,-1,-1,0.091713,0.463704
1,2,-1,0.8,0.05,0.4,0.4,-1,-1,0.123893,0.374638
1,2,-1,0.8,0.05,0.45,0.45,-1,-1,0.148028,0.322245
1,2,-1,0.8,0.05,0.5,0.5,-1,-1,0.188253,0.269852
1,2,-1,0.8,0.05,0.55,0.55,-1,-1,0.242959,0.222699
1,2,-1,0.8,0.05,0.6,0.6,-1,-1,0.28962,0.159828
1,2,-1,0.8,0.05,0.65,0.65,-1,-1,0.328235,0.128393
1,2,-1,0.8,0.05,0.7,0.7,-1,-1,0.37007,0.096958
1,2,-1,0.8,0.05,0.75,0.75,-1,-1,0.419948,0.076001
1,2,-1,0.8,0.05,0.8,0.8,-1,-1,0.445692,0.060283
1,2,-1,0.8,0.05,0.85,0.85,-1,-1,0.489135,0.049805
1,2,-1,0.8,0.05,0.9,0.9,-1,-1,0.505225,0.044565
1,2,-1,0.8,0.05,0.95,0.95,-1,-1,0.530969,0.039326
1,2,-1,0.8,0.05,1.0,1.0,-1,-1,0.547059,0.039326
1,2,-1,0.85,0.05,0.05,0.05,-1,-1,0.001808,0.886567
1,2,-1,0.85,0.05,0.1,0.1,-1,-1,0.00904,0.801225
1,2,-1,0.85,0.05,0.15,0.15,-1,-1,0.014463,0.705214
1,2,-1,0.85,0.05,0.2,0.2,-1,-1,0.030735,0.641207
1,2,-1,0.85,0.05,0.25,0.25,-1,-1,0.057855,0.555864
1,2,-1,0.85,0.05,0.3,0.3,-1,-1,0.081358,0.491857
1,2,-1,0.85,0.05,0.35,0.35,-1,-1,0.103054,0.454519
1,2,-1,0.85,0.05,0.4,0.4,-1,-1,0.139213,0.363843
1,2,-1,0.85,0.05,0.45,0.45,-1,-1,0.166332,0.310504
1,2,-1,0.85,0.05,0.5,0.5,-1,-1,0.211531,0.257165
1,2,-1,0.85,0.05,0.55,0.55,-1,-1,0.273002,0.209159
1,2,-1,0.85,0.05,0.6,0.6,-1,-1,0.325433,0.145152
1,2,-1,0.85,0.05,0.65,0.65,-1,-1,0.368824,0.113149
1,2,-1,0.85,0.05,0.7,0.7,-1,-1,0.415831,0.081145
1,2,-1,0.85,0.05,0.75,0.75,-1,-1,0.471877,0.05981
1,2,-1,0.85,0.05,0.8,0.8,-1,-1,0.500805,0.043808
1,2,-1,0.85,0.05,0.85,0.85,-1,-1,0.54962,0.03314
1,2,-1,0.85,0.05,0.9,0.9,-1,-1,0.567699,0.027806
1,2,-1,0.85,0.05,0.95,0.95,-1,-1,0.596626,0.022472
1,2,-1,0.85,0.05,1.0,1.0,-1,-1,0.614706,0.022472
1,2,-1,0.9,0.05,0.05,0.05,-1,-1,0.002154,0.885052
1,2,-1,0.9,0.05,0.1,0.1,-1,-1,0.01077,0.798195
1,2,-1,0.9,0.05,0.15,0.15,-1,-1,0.017232,0.70048
1,2,-1,0.9,0.05,0.2,0.2,-1,-1,0.036618,0.635336
1,2,-1,0.9,0.05,0.25,0.25,-1,-1,0.068928,0.548479
1,2,-1,0.9,0.05,0.3,0.3,-1,-1,0.096929,0.483335
1,2,-1,0.9,0.05,0.35,0.35,-1,-1,0.122777,0.445335
1,2,-1,0.9,0.05,0.4,0.4,-1,-1,0.165857,0.353049
1,2,-1,0.9,0.05,0.45,0.45,-1,-1,0.198166,0.298763
1,2,-1,0.9,0.05,0.5,0.5,-1,-1,0.252016,0.244477
1,2,-1,0.9,0.05,0.55,0.55,-1,-1,0.325251,0.195619
1,2,-1,0.9,0.05,0.6,0.6,-1,-1,0.387716,0.130475
1,2,-1,0.9,0.05,0.65,0.65,-1,-1,0.439412,0.097905
1,2,-1,0.9,0.05,0.7,0.7,-1,-1,0.495416,0.065333
1,2,-1,0.9,0.05,0.75,0.75,-1,-1,0.562189,0.043618
1,2,-1,0.9,0.05,0.8,0.8,-1,-1,0.596652,0.027333
1,2,-1,0.9,0.05,0.85,0.85,-1,-1,0.65481,0.016475
1,2,-1,0.9,0.05,0.9,0.9,-1,-1,0.676349,0.011047
1,2,-1,0.9,0.05,0.95,0.95,-1,-1,0.710813,0.005618
1,2,-1,0.9,0.05,1.0,1.0,-1,-1,0.732353,0.005618
1,2,-1,0.95,0.05,0.05,0.05,-1,-1,0.002474,0.884547
1,2,-1,0.95,0.05,0.1,0.1,-1,-1,0.01237,0.797185
1,2,-1,0.95,0.05,0.15,0.15,-1,-1,0.019792,0.698901
1,2,-1,0.95,0.05,0.2,0.2,-1,-1,0.042059,0.633379
1,2,-1,0.95,0.05,0.25,0.25,-1,-1,0.07917,0.546017
1,2,-1,0.95,0.05,0.3,0.3,-1,-1,0.111332,0.480495
1,2,-1,0.95,0.05,0.35,0.35,-1,-1,0.141021,0.442273
1,2,-1,0.95,0.05,0.4,0.4,-1,-1,0.190502,0.349451
1,2,-1,0.95,0.05,0.45,0.45,-1,-1,0.227612,0.294849
1,2,-1,0.95,0.05,0.5,0.5,-1,-1,0.289464,0.240247
1,2,-1,0.95,0.05,0.55,0.55,-1,-1,0.373581,0.191106
1,2,-1,0.95,0.05,0.6,0.6,-1,-1,0.445329,0.125583
1,2,-1,0.95,0.05,0.65,0.65,-1,-1,0.504706,0.092823
1,2,-1,0.95,0.05,0.7,0.7,-1,-1,0.569031,0.060062
1,2,-1,0.95,0.05,0.75,0.75,-1,-1,0.645726,0.038221
1,2,-1,0.95,0.05,0.8,0.8,-1,-1,0.685311,0.021841
1,2,-1,0.95,0.05,0.85,0.85,-1,-1,0.752111,0.01092
1,2,-1,0.95,0.05,0.9,0.9,-1,-1,0.77685,0.00546
1,2,-1,0.95,0.05,0.95,0.95,-1,-1,0.816435,0.0
1,2,-1,0.95,0.05,1.0,1.0,-1,-1,0.841176,0.0
1,2,-1,1.0,0.05,0.05,0.05,-1,-1,0.002941,0.884547
1,2,-1,1.0,0.05,0.1,0.1,-1,-1,0.014706,0.797185
1,2,-1,1.0,0.05,0.15,0.15,-1,-1,0.023529,0.698901
1,2,-1,1.0,0.05,0.2,0.2,-1,-1,0.05,0.633379
1,2,-1,1.0,0.05,0.25,0.25,-1,-1,0.094118,0.546017
1,2,-1,1.0,0.05,0.3,0.3,-1,-1,0.132353,0.480495
1,2,-1,1.0,0.05,0.35,0.35,-1,-1,0.167647,0.442273
1,2,-1,1.0,0.05,0.4,0.4,-1,-1,0.226471,0.349451
1,2,-1,1.0,0.05,0.45,0.45,-1,-1,0.270588,0.294849
1,2,-1,1.0,0.05,0.5,0.5,-1,-1,0.344118,0.240247
1,2,-1,1.0,0.05,0.55,0.55,-1,-1,0.444118,0.191106
1,2,-1,1.0,0.05,0.6,0.6,-1,-1,0.529412,0.125583
1,2,-1,1.0,0.05,0.65,0.65,-1,-1,0.6,0.092823
1,2,-1,1.0,0.05,0.7,0.7,-1,-1,0.676471,0.060062
1,2,-1,1.0,0.05,0.75,0.75,-1,-1,0.767647,0.038221
1,2,-1,1.0,0.05,0.8,0.8,-1,-1,0.814706,0.021841
1,2,-1,1.0,0.05,0.85,0.85,-1,-1,0.894118,0.01092
1,2,-1,1.0,0.05,0.9,0.9,-1,-1,0.923529,0.00546
1,2,-1,1.0,0.05,0.95,0.95,-1,-1,0.970588,0.0
1,2,-1,1.0,0.05,1.0,1.0,-1,-1,1.0,0.0
1,2,-1,0.1,0.1,0.05,0.05,-1,-1,0.002941,0.893258
1,2,-1,0.1,0.1,0.1,0.1,-1,-1,0.002941,0.893258
1,2,-1,0.1,0.1,0.15,0.15,-1,-1,0.002941,0.893258
1,2,-1,0.1,0.1,0.2,0.2,-1,-1,0.002941,0.893258
1,2,-1,0.1,0.1,0.25,0.25,-1,-1,0.002941,0.893258
1,2,-1,0.1,0.1,0.3,0.3,-1,-1,0.002941,0.893258
1,2,-1,0.1,0.1,0.35,0.35,-1,-1,0.002941,0.893258
1,2,-1,0.1,0.1,0.4,0.4,-1,-1,0.002941,0.893258
1,2,-1,0.1,0.1,0.45,0.45,-1,-1,0.002941,0.893258
1,2,-1,0.1,0.1,0.5,0.5,-1,-1,0.002941,0.893258
1,2,-1,0.1,0.1,0.55,0.55,-1,-1,0.002941,0.893258
1,2,-1,0.1,0.1,0.6,0.6,-1,-1,0.002941,0.893258
1,2,-1,0.1,0.1,0.65,0.65,-1,-1,0.002941,0.893258
1,2,-1,0.1,0.1,0.7,0.7,-1,-1,0.002941,0.893258
1,2,-1,0.1,0.1,0.75,0.75,-1,-1,0.002941,0.893258
1,2,-1,0.1,0.1,0.8,0.8,-1,-1,0.002941,0.893258
1,2,-1,0.1,0.1,0.85,0.85,-1,-1,0.002941,0.893258
1,2,-1,0.1,0.1,0.9,0.9,-1,-1,0.002941,0.893258
1,2,-1,0.1,0.1,0.95,0.95,-1,-1,0.002941,0.893258
1,2,-1,0.1,0.1,1.0,1.0,-1,-1,0.002941,0.893258
1,2,-1,0.15,0.1,0.05,0.05,-1,-1,0.002958,0.888208
1,2,-1,0.15,0.1,0.1,0.1,-1,-1,0.003028,0.883158
1,2,-1,0.15,0.1,0.15,0.15,-1,-1,0.003079,0.877477
1,2,-1,0.15,0.1,0.2,0.2,-1,-1,0.003235,0.87369
1,2,-1,0.15,0.1,0.25,0.25,-1,-1,0.003495,0.86864
1,2,-1,0.15,0.1,0.3,0.3,-1,-1,0.00372,0.864853
1,2,-1,0.15,0.1,0.35,0.35,-1,-1,0.003927,0.862644
1,2,-1,0.15,0.1,0.4,0.4,-1,-1,0.004273,0.857278
1,2,-1,0.15,0.1,0.45,0.45,-1,-1,0.004533,0.854122
1,2,-1,0.15,0.1,0.5,0.5,-1,-1,0.004965,0.850966
1,2,-1,0.15,0.1,0.55,0.55,-1,-1,0.005554,0.848125
1,2,-1,0.15,0.1,0.6,0.6,-1,-1,0.006056,0.844338
1,2,-1,0.15,0.1,0.65,0.65,-1,-1,0.006471,0.842444
1,2,-1,0.15,0.1,0.7,0.7,-1,-1,0.006921,0.840551
1,2,-1,0.15,0.1,0.75,0.75,-1,-1,0.007457,0.839288
1,2,-1,0.15,0.1,0.8,0.8,-1,-1,0.007734,0.838341
1,2,-1,0.15,0.1,0.85,0.85,-1,-1,0.008201,0.83771
1,2,-1,0.15,0.1,0.9,0.9,-1,-1,0.008374,0.837395
1,2,-1,0.15,0.1,0.95,0.95,-1,-1,0.008651,0.837079
1,2,-1,0.15,0.1,1.0,1.0,-1,-1,0.008824,0.837079
1,2,-1,0.2,0.1,0.05,0.05,-1,-1,0.002967,0.878613
1,2,-1,0.2,0.1,0.1,0.1,-1,-1,0.003071,0.863969
1,2,-1,0.2,0.1,0.15,0.15,-1,-1,0.003149,0.847494
1,2,-1,0.2,0.1,0.2,0.2,-1,-1,0.003382,0.83651
1,2,-1,0.2,0.1,0.25,0.25,-1,-1,0.003771,0.821866
1,2,-1,0.2,0.1,0.3,0.3,-1,-1,0.004109,0.810882
1,2,-1,0.2,0.1,0.35,0.35,-1,-1,0.00442,0.804475
1,2,-1,0.2,0.1,0.4,0.4,-1,-1,0.004939,0.788915
1,2,-1,0.2,0.1,0.45,0.45,-1,-1,0.005329,0.779763
1,2,-1,0.2,0.1,0.5,0.5,-1,-1,0.005977,0.77061
1,2,-1,0.2,0.1,0.55,0.55,-1,-1,0.00686,0.762372
1,2,-1,0.2,0.1,0.6,0.6,-1,-1,0.007613,0.751389
1,2,-1,0.2,0.1,0.65,0.65,-1,-1,0.008235,0.745897
1,2,-1,0.2,0.1,0.7,0.7,-1,-1,0.00891,0.740405
1,2,-1,0.2,0.1,0.75,0.75,-1,-1,0.009715,0.736744
1,2,-1,0.2,0.1,0.8,0.8,-1,-1,0.01013,0.733998
1,2,-1,0.2,0.1,0.85,0.85,-1,-1,0.010831,0.732168
1,2,-1,0.2,0.1,0.9,0.9,-1,-1,0.01109,0.731252
1,2,-1,0.2,0.1,0.95,0.95,-1,-1,0.011505,0.730337
1,2,-1,0.2,0.1,1.0,1.0,-1,-1,0.011765,0.730337
1,2,-1,0.25,0.1,0.05,0.05,-1,-1,0.003028,0.871038
1,2,-1,0.25,0.1,0.1,0.1,-1,-1,0.003374,0.848819
1,2,-1,0.25,0.1,0.15,0.15,-1,-1,0.003633,0.823822
1,2,-1,0.25,0.1,0.2,0.2,-1,-1,0.004412,0.807158
1,2,-1,0.25,0.1,0.25,0.25,-1,-1,0.005709,0.784938
1,2,-1,0.25,0.1,0.3,0.3,-1,-1,0.006834,0.768274
1,2,-1,0.25,0.1,0.35,0.35,-1,-1,0.007872,0.758553
1,2,-1,0.25,0.1,0.4,0.4,-1,-1,0.009602,0.734945
1,2,-1,0.25,0.1,0.45,0.45,-1,-1,0.0109,0.721058
1,2,-1,0.25,0.1,0.5,0.5,-1,-1,0.013062,0.70717
1,2,-1,0.25,0.1,0.55,0.55,-1,-1,0.016003,0.694672
1,2,-1,0.25,0.1,0.6,0.6,-1,-1,0.018512,0.678007
1,2,-1,0.25,0.1,0.65,0.65,-1,-1,0.020588,0.669675
1,2,-1,0.25,0.1,0.7,0.7,-1,-1,0.022837,0.661343
1,2,-1,0.25,0.1,0.75,0.75,-1,-1,0.025519,0.655788
1,2,-1,0.25,0.1,0.8,0.8,-1,-1,0.026903,0.651622
1,2,-1,0.25,0.1,0.85,0.85,-1,-1,0.029239,0.648844
1,2,-1,0.25,0.1,0.9,0.9,-1,-1,0.030104,0.647456
1,2,-1,0.25,0.1,0.95,0.95,-1,-1,0.031488,0.646067
1,2,-1,0.25,0.1,1.0,1.0,-1,-1,0.032353,0.646067
1,2,-1,0.3,0.1,0.05,0.05,-1,-1,0.003062,0.865484
1,2,-1,0.3,0.1,0.1,0.1,-1,-1,0.003547,0.83771
1,2,-1,0.3,0.1,0.15,0.15,-1,-1,0.00391,0.806464
1,2,-1,0.3,0.1,0.2,0.2,-1,-1,0.005,0.785633
1,2,-1,0.3,0.1,0.25,0.25,-1,-1,0.006816,0.757859
1,2,-1,0.3,0.1,0.3,0.3,-1,-1,0.008391,0.737028
1,2,-1,0.3,0.1,0.35,0.35,-1,-1,0.009844,0.724877
1,2,-1,0.3,0.1,0.4,0.4,-1,-1,0.012266,0.695367
1,2,-1,0.3,0.1,0.45,0.45,-1,-1,0.014083,0.678008
1,2,-1,0.3,0.1,0.5,0.5,-1,-1,0.017111,0.660649
1,2,-1,0.3,0.1,0.55,0.55,-1,-1,0.021228,0.645026
1,2,-1,0.3,0.1,0.6,0.6,-1,-1,0.024741,0.624195
1,2,-1,0.3,0.1,0.65,0.65,-1,-1,0.027647,0.61378
1,2,-1,0.3,0.1,0.7,0.7,-1,-1,0.030796,0.603365
1,2,-1,0.3,0.1,0.75,0.75,-1,-1,0.03455,0.596421
1,2,-1,0.3,0.1,0.8,0.8,-1,-1,0.036488,0.591214
1,2,-1,0.3,0.1,0.85,0.85,-1,-1,0.039758,0.587742
1,2,-1,0.3,0.1,0.9,0.9,-1,-1,0.040969,0.586006
1,2,-1,0.3,0.1,0.95,0.95,-1,-1,0.042907,0.58427
1,2,-1,0.3,0.1,1.0,1.0,-1,-1,0.044118,0.58427
1,2,-1,0.35,0.1,0.05,0.05,-1,-1,0.003166,0.858414
1,2,-1,0.35,0.1,0.1,0.1,-1,-1,0.004066,0.82357
1,2,-1,0.35,0.1,0.15,0.15,-1,-1,0.00474,0.78437
1,2,-1,0.35,0.1,0.2,0.2,-1,-1,0.006765,0.758237
1,2,-1,0.35,0.1,0.25,0.25,-1,-1,0.010138,0.723393
1,2,-1,0.35,0.1,0.3,0.3,-1,-1,0.013062,0.69726
1,2,-1,0.35,0.1,0.35,0.35,-1,-1,0.015761,0.682016
1,2,-1,0.35,0.1,0.4,0.4,-1,-1,0.020259,0.644994
1,2,-1,0.35,0.1,0.45,0.45,-1,-1,0.023633,0.623217
1,2,-1,0.35,0.1,0.5,0.5,-1,-1,0.029256,0.601439
1,2,-1,0.35,0.1,0.55,0.55,-1,-1,0.036903,0.581839
1,2,-1,0.35,0.1,0.6,0.6,-1,-1,0.043426,0.555706
1,2,-1,0.35,0.1,0.65,0.65,-1,-1,0.048824,0.54264
1,2,-1,0.35,0.1,0.7,0.7,-1,-1,0.054671,0.529573
1,2,-1,0.35,0.1,0.75,0.75,-1,-1,0.061644,0.520862
1,2,-1,0.35,0.1,0.8,0.8,-1,-1,0.065242,0.514329
1,2,-1,0.35,0.1,0.85,0.85,-1,-1,0.071315,0.509974
1,2,-1,0.35,0.1,0.9,0.9,-1,-1,0.073564,0.507796
1,2,-1,0.35,0.1,0.95,0.95,-1,-1,0.077163,0.505618
1,2,-1,0.35,0.1,1.0,1.0,-1,-1,0.079412,0.505618
1,2,-1,0.4,0.1,0.05,0.05,-1,-1,0.003278,0.854374
1,2,-1,0.4,0.1,0.1,0.1,-1,-1,0.004628,0.81549
1,2,-1,0.4,0.1,0.15,0.15,-1,-1,0.00564,0.771746
1,2,-1,0.4,0.1,0.2,0.2,-1,-1,0.008676,0.742583
1,2,-1,0.4,0.1,0.25,0.25,-1,-1,0.013737,0.703699
1,2,-1,0.4,0.1,0.3,0.3,-1,-1,0.018123,0.674536
1,2,-1,0.4,0.1,0.35,0.35,-1,-1,0.022171,0.657524
1,2,-1,0.4,0.1,0.4,0.4,-1,-1,0.028919,0.61621
1,2,-1,0.4,0.1,0.45,0.45,-1,-1,0.033979,0.591907
1,2,-1,0.4,0.1,0.5,0.5,-1,-1,0.042413,0.567605
1,2,-1,0.4,0.1,0.55,0.55,-1,-1,0.053884,0.545733
1,2,-1,0.4,0.1,0.6,0.6,-1,-1,0.063668,0.516569
1,2,-1,0.4,0.1,0.65,0.65,-1,-1,0.071765,0.501988
1,2,-1,0.4,0.1,0.7,0.7,-1,-1,0.080536,0.487407
1,2,-1,0.4,0.1,0.75,0.75,-1,-1,0.090995,0.477686
1,2,-1,0.4,0.1,0.8,0.8,-1,-1,0.096393,0.470395
1,2,-1,0.4,0.1,0.85,0.85,-1,-1,0.105502,0.465535
1,2,-1,0.4,0.1,0.9,0.9,-1,-1,0.108875,0.463104
1,2,-1,0.4,0.1,0.95,0.95,-1,-1,0.114273,0.460674
1,2,-1,0.4,0.1,1.0,1.0,-1,-1,0.117647,0.460674
1,2,-1,0.45,0.1,0.05,0.05,-1,-1,0.003391,0.848314
1,2,-1,0.45,0.1,0.1,0.1,-1,-1,0.00519,0.80337
1,2,-1,0.45,0.1,0.15,0.15,-1,-1,0.00654,0.752808
1,2,-1,0.45,0.1,0.2,0.2,-1,-1,0.010588,0.7191
1,2,-1,0.45,0.1,0.25,0.25,-1,-1,0.017336,0.674157
1,2,-1,0.45,0.1,0.3,0.3,-1,-1,0.023183,0.640449
1,2,-1,0.45,0.1,0.35,0.35,-1,-1,0.028581,0.620786
1,2,-1,0.45,0.1,0.4,0.4,-1,-1,0.037578,0.573033
1,2,-1,0.45,0.1,0.45,0.45,-1,-1,0.044325,0.544944
1,2,-1,0.45,0.1,0.5,0.5,-1,-1,0.055571,0.516853
1,2,-1,0.45,0.1,0.55,0.55,-1,-1,0.070865,0.491572
1,2,-1,0.45,0.1,0.6,0.6,-1,-1,0.08391,0.457865
1,2,-1,0.45,0.1,0.65,0.65,-1,-1,0.094706,0.441011
1,2,-1,0.45,0.1,0.7,0.7,-1,-1,0.106401,0.424157
1,2,-1,0.45,0.1,0.75,0.75,-1,-1,0.120346,0.412921
1,2,-1,0.45,0.1,0.8,0.8,-1,-1,0.127543,0.404494
1,2,-1,0.45,0.1,0.85,0.85,-1,-1,0.139688,0.398876
1,2,-1,0.45,0.1,0.9,0.9,-1,-1,0.144186,0.396067
1,2,-1,0.45,0.1,0.95,0.95,-1,-1,0.151384,0.393258
1,2,-1,0.45,0.1,1.0,1.0,-1,-1,0.155882,0.393258
1,2,-1,0.5,0.1,0.05,0.05,-1,-1,0.003469,0.844779
1,2,-1,0.5,0.1,0.1,0.1,-1,-1,0.005579,0.796301
1,2,-1,0.5,0.1,0.15,0.15,-1,-1,0.007162,0.741762
1,2,-1,0.5,0.1,0.2,0.2,-1,-1,0.011912,0.705403
1,2,-1,0.5,0.1,0.25,0.25,-1,-1,0.019827,0.656925
1,2,-1,0.5,0.1,0.3,0.3,-1,-1,0.026687,0.620566
1,2,-1,0.5,0.1,0.35,0.35,-1,-1,0.033019,0.599356
1,2,-1,0.5,0.1,0.4,0.4,-1,-1,0.043573,0.547848
1,2,-1,0.5,0.1,0.45,0.45,-1,-1,0.051488,0.517549
1,2,-1,0.5,0.1,0.5,0.5,-1,-1,0.06468,0.487249
1,2,-1,0.5,0.1,0.55,0.55,-1,-1,0.082621,0.45998
1,2,-1,0.5,0.1,0.6,0.6,-1,-1,0.097924,0.423621
1,2,-1,0.5,0.1,0.65,0.65,-1,-1,0.110588,0.405442
1,2,-1,0.5,0.1,0.7,0.7,-1,-1,0.124308,0.387262
1,2,-1,0.5,0.1,0.75,0.75,-1,-1,0.140666,0.375142
1,2,-1,0.5,0.1,0.8,0.8,-1,-1,0.149109,0.366053
1,2,-1,0.5,0.1,0.85,0.85,-1,-1,0.163356,0.359993
1,2,-1,0.5,0.1,0.9,0.9,-1,-1,0.168633,0.356963
1,2,-1,0.5,0.1,0.95,0.95,-1,-1,0.177076,0.353933
1,2,-1,0.5,0.1,1.0,1.0,-1,-1,0.182353,0.353933
1,2,-1,0.55,0.1,0.05,0.05,-1,-1,0.003633,0.839729
1,2,-1,0.55,0.1,0.1,0.1,-1,-1,0.006401,0.786201
1,2,-1,0.55,0.1,0.15,0.15,-1,-1,0.008477,0.725981
1,2,-1,0.55,0.1,0.2,0.2,-1,-1,0.014706,0.685835
1,2,-1,0.55,0.1,0.25,0.25,-1,-1,0.025086,0.632307
1,2,-1,0.55,0.1,0.3,0.3,-1,-1,0.034083,0.59216
1,2,-1,0.55,0.1,0.35,0.35,-1,-1,0.042387,0.568741
1,2,-1,0.55,0.1,0.4,0.4,-1,-1,0.056228,0.511867
1,2,-1,0.55,0.1,0.45,0.45,-1,-1,0.066609,0.478412
1,2,-1,0.55,0.1,0.5,0.5,-1,-1,0.08391,0.444956
1,2,-1,0.55,0.1,0.55,0.55,-1,-1,0.107439,0.414847
1,2,-1,0.55,0.1,0.6,0.6,-1,-1,0.127508,0.3747
1,2,-1,0.55,0.1,0.65,0.65,-1,-1,0.144117,0.354627
1,2,-1,0.55,0.1,0.7,0.7,-1,-1,0.162111,0.334554
1,2,-1,0.55,0.1,0.75,0.75,-1,-1,0.183564,0.321172
1,2,-1,0.55,0.1,0.8,0.8,-1,-1,0.194636,0.311135
1,2,-1,0.55,0.1,0.85,0.85,-1,-1,0.213322,0.304444
1,2,-1,0.55,0.1,0.9,0.9,-1,-1,0.220242,0.301099
1,2,-1,0.55,0.1,0.95,0.95,-1,-1,0.231315,0.297753
1,2,-1,0.55,0.1,1.0,1.0,-1,-1,0.238235,0.297753
1,2,-1,0.6,0.1,0.05,0.05,-1,-1,0.003754,0.832659
1,2,-1,0.6,0.1,0.1,0.1,-1,-1,0.007007,0.772061
1,2,-1,0.6,0.1,0.15,0.15,-1,-1,0.009446,0.703888
1,2,-1,0.6,0.1,0.2,0.2,-1,-1,0.016765,0.658439
1,2,-1,0.6,0.1,0.25,0.25,-1,-1,0.028962,0.597841
1,2,-1,0.6,0.1,0.3,0.3,-1,-1,0.039533,0.552392
1,2,-1,0.6,0.1,0.35,0.35,-1,-1,0.049291,0.52588
1,2,-1,0.6,0.1,0.4,0.4,-1,-1,0.065554,0.461495
1,2,-1,0.6,0.1,0.45,0.45,-1,-1,0.077751,0.423621
1,2,-1,0.6,0.1,0.5,0.5,-1,-1,0.09808,0.385747
1,2,-1,0.6,0.1,0.55,0.55,-1,-1,0.125727,0.35166
1,2,-1,0.6,0.1,0.6,0.6,-1,-1,0.149308,0.306211
1,2,-1,0.6,0.1,0.65,0.65,-1,-1,0.168824,0.283487
1,2,-1,0.6,0.1,0.7,0.7,-1,-1,0.189966,0.260763
1,2,-1,0.6,0.1,0.75,0.75,-1,-1,0.215173,0.245613
1,2,-1,0.6,0.1,0.8,0.8,-1,-1,0.228184,0.234251
1,2,-1,0.6,0.1,0.85,0.85,-1,-1,0.250139,0.226676
1,2,-1,0.6,0.1,0.9,0.9,-1,-1,0.25827,0.222888
1,2,-1,0.6,0.1,0.95,0.95,-1,-1,0.27128,0.219101
1,2,-1,0.6,0.1,1.0,1.0,-1,-1,0.279412,0.219101
1,2,-1,0.65,0.1,0.05,0.05,-1,-1,0.003936,0.826599
1,2,-1,0.65,0.1,0.1,0.1,-1,-1,0.007915,0.759942
1,2,-1,0.65,0.1,0.15,0.15,-1,-1,0.010899,0.684951
1,2,-1,0.65,0.1,0.2,0.2,-1,-1,0.019853,0.634957
1,2,-1,0.65,0.1,0.25,0.25,-1,-1,0.034775,0.568299
1,2,-1,0.65,0.1,0.3,0.3,-1,-1,0.047707,0.518305
1,2,-1,0.65,0.1,0.35,0.35,-1,-1,0.059645,0.489142
1,2,-1,0.65,0.1,0.4,0.4,-1,-1,0.079541,0.418318
1,2,-1,0.65,0.1,0.45,0.45,-1,-1,0.094463,0.376657
1,2,-1,0.65,0.1,0.5,0.5,-1,-1,0.119334,0.334995
1,2,-1,0.65,0.1,0.55,0.55,-1,-1,0.153157,0.2975
1,2,-1,0.65,0.1,0.6,0.6,-1,-1,0.182007,0.247506
1,2,-1,0.65,0.1,0.65,0.65,-1,-1,0.205882,0.22251
1,2,-1,0.65,0.1,0.7,0.7,-1,-1,0.231747,0.197513
1,2,-1,0.65,0.1,0.75,0.75,-1,-1,0.262586,0.180848
1,2,-1,0.65,0.1,0.8,0.8,-1,-1,0.278503,0.16835
1,2,-1,0.65,0.1,0.85,0.85,-1,-1,0.305363,0.160017
1,2,-1,0.65,0.1,0.9,0.9,-1,-1,0.315311,0.155851
1,2,-1,0.65,0.1,0.95,0.95,-1,-1,0.331228,0.151685
1,2,-1,0.65,0.1,1.0,1.0,-1,-1,0.341176,0.151685
1,2,-1,0.7,0.1,0.05,0.05,-1,-1,0.004066,0.82256
1,2,-1,0.7,0.1,0.1,0.1,-1,-1,0.008564,0.751862
1,2,-1,0.7,0.1,0.15,0.15,-1,-1,0.011937,0.672326
1,2,-1,0.7,0.1,0.2,0.2,-1,-1,0.022059,0.619303
1,2,-1,0.7,0.1,0.25,0.25,-1,-1,0.038927,0.548605
1,2,-1,0.7,0.1,0.3,0.3,-1,-1,0.053547,0.495581
1,2,-1,0.7,0.1,0.35,0.35,-1,-1,0.067041,0.464651
1,2,-1,0.7,0.1,0.4,0.4,-1,-1,0.089533,0.389535
1,2,-1,0.7,0.1,0.45,0.45,-1,-1,0.106401,0.345348
1,2,-1,0.7,0.1,0.5,0.5,-1,-1,0.134516,0.301162
1,2,-1,0.7,0.1,0.55,0.55,-1,-1,0.172751,0.261394
1,2,-1,0.7,0.1,0.6,0.6,-1,-1,0.205363,0.20837
1,2,-1,0.7,0.1,0.65,0.65,-1,-1,0.232353,0.181859
1,2,-1,0.7,0.1,0.7,0.7,-1,-1,0.261592,0.155347
1,2,-1,0.7,0.1,0.75,0.75,-1,-1,0.296453,0.137673
1,2,-1,0.7,0.1,0.8,0.8,-1,-1,0.314446,0.124417
1,2,-1,0.7,0.1,0.85,0.85,-1,-1,0.34481,0.115579
1,2,-1,0.7,0.1,0.9,0.9,-1,-1,0.356055,0.111161
1,2,-1,0.7,0.1,0.95,0.95,-1,-1,0.374048,0.106742
1,2,-1,0.7,0.1,1.0,1.0,-1,-1,0.385294,0.106742
1,2,-1,0.75,0.1,0.05,0.05,-1,-1,0.004299,0.82054
1,2,-1,0.75,0.1,0.1,0.1,-1,-1,0.009732,0.747822
1,2,-1,0.75,0.1,0.15,0.15,-1,-1,0.013806,0.666014
1,2,-1,0.75,0.1,0.2,0.2,-1,-1,0.026029,0.611475
1,2,-1,0.75,0.1,0.25,0.25,-1,-1,0.046401,0.538758
1,2,-1,0.75,0.1,0.3,0.3,-1,-1,0.064057,0.484219
1,2,-1,0.75,0.1,0.35,0.35,-1,-1,0.080355,0.452405
1,2,-1,0.75,0.1,0.4,0.4,-1,-1,0.107517,0.375142
1,2,-1,0.75,0.1,0.45,0.45,-1,-1,0.127889,0.329693
1,2,-1,0.75,0.1,0.5,0.5,-1,-1,0.161843,0.284245
1,2,-1,0.75,0.1,0.55,0.55,-1,-1,0.208019,0.243341
1,2,-1,0.75,0.1,0.6,0.6,-1,-1,0.247405,0.188802
1,2,-1,0.75,0.1,0.65,0.65,-1,-1,0.28,0.161533
1,2,-1,0.75,0.1,0.7,0.7,-1,-1,0.315312,0.134264
1,2,-1,0.75,0.1,0.75,0.75,-1,-1,0.357414,0.116084
1,2,-1,0.75,0.1,0.8,0.8,-1,-1,0.379144,0.10245
1,2,-1,0.75,0.1,0.85,0.85,-1,-1,0.415813,0.09336
1,2,-1,0.75,0.1,0.9,0.9,-1,-1,0.429394,0.088815
1,2,-1,0.75,0.1,0.95,0.95,-1,-1,0.451125,0.08427
1,2,-1,0.75,0.1,1.0,1.0,-1,-1,0.464706,0.08427
1,2,-1,0.8,0.1,0.05,0.05,-1,-1,0.004541,0.8165
1,2,-1,0.8,0.1,0.1,0.1,-1,-1,0.010943,0.739742
1,2,-1,0.8,0.1,0.15,0.15,-1,-1,0.015744,0.653389
1,2,-1,0.8,0.1,0.2,0.2,-1,-1,0.030147,0.595821
1,2,-1,0.8,0.1,0.25,0.25,-1,-1,0.054152,0.519063
1,2,-1,0.8,0.1,0.3,0.3,-1,-1,0.074957,0.461495
1,2,-1,0.8,0.1,0.35,0.35,-1,-1,0.094161,0.427913
1,2,-1,0.8,0.1,0.4,0.4,-1,-1,0.126168,0.346358
1,2,-1,0.8,0.1,0.45,0.45,-1,-1,0.150173,0.298384
1,2,-1,0.8,0.1,0.5,0.5,-1,-1,0.190182,0.25041
1,2,-1,0.8,0.1,0.55,0.55,-1,-1,0.244594,0.207234
1,2,-1,0.8,0.1,0.6,0.6,-1,-1,0.291004,0.149665
1,2,-1,0.8,0.1,0.65,0.65,-1,-1,0.329412,0.120882
1,2,-1,0.8,0.1,0.7,0.7,-1,-1,0.371021,0.092097
1,2,-1,0.8,0.1,0.75,0.75,-1,-1,0.420632,0.072908
1,2,-1,0.8,0.1,0.8,0.8,-1,-1,0.446237,0.058516
1,2,-1,0.8,0.1,0.85,0.85,-1,-1,0.489447,0.048921
1,2,-1,0.8,0.1,0.9,0.9,-1,-1,0.50545,0.044123
1,2,-1,0.8,0.1,0.95,0.95,-1,-1,0.531055,0.039326
1,2,-1,0.8,0.1,1.0,1.0,-1,-1,0.547059,0.039326
1,2,-1,0.85,0.1,0.05,0.05,-1,-1,0.00474,0.814985
1,2,-1,0.85,0.1,0.1,0.1,-1,-1,0.011938,0.736712
1,2,-1,0.85,0.1,0.15,0.15,-1,-1,0.017335,0.648655
1,2,-1,0.85,0.1,0.2,0.2,-1,-1,0.033529,0.58995
1,2,-1,0.85,0.1,0.25,0.25,-1,-1,0.060519,0.511678
1,2,-1,0.85,0.1,0.3,0.3,-1,-1,0.08391,0.452973
1,2,-1,0.85,0.1,0.35,0.35,-1,-1,0.105502,0.418728
1,2,-1,0.85,0.1,0.4,0.4,-1,-1,0.141488,0.335564
1,2,-1,0.85,0.1,0.45,0.45,-1,-1,0.168477,0.286643
1,2,-1,0.85,0.1,0.5,0.5,-1,-1,0.21346,0.237722
1,2,-1,0.85,0.1,0.55,0.55,-1,-1,0.274637,0.193694
1,2,-1,0.85,0.1,0.6,0.6,-1,-1,0.326817,0.134989
1,2,-1,0.85,0.1,0.65,0.65,-1,-1,0.37,0.105637
1,2,-1,0.85,0.1,0.7,0.7,-1,-1,0.416782,0.076285
1,2,-1,0.85,0.1,0.75,0.75,-1,-1,0.472561,0.056717
1,2,-1,0.85,0.1,0.8,0.8,-1,-1,0.50135,0.04204
1,2,-1,0.85,0.1,0.85,0.85,-1,-1,0.549931,0.032256
1,2,-1,0.85,0.1,0.9,0.9,-1,-1,0.567924,0.027364
1,2,-1,0.85,0.1,0.95,0.95,-1,-1,0.596713,0.022472
1,2,-1,0.85,0.1,1.0,1.0,-1,-1,0.614706,0.022472
1,2,-1,0.9,0.1,0.05,0.05,-1,-1,0.005086,0.81347
1,2,-1,0.9,0.1,0.1,0.1,-1,-1,0.013668,0.733683
1,2,-1,0.9,0.1,0.15,0.15,-1,-1,0.020103,0.643921
1,2,-1,0.9,0.1,0.2,0.2,-1,-1,0.039412,0.58408
1,2,-1,0.9,0.1,0.25,0.25,-1,-1,0.071592,0.504292
1,2,-1,0.9,0.1,0.3,0.3,-1,-1,0.099481,0.444451
1,2,-1,0.9,0.1,0.35,0.35,-1,-1,0.125225,0.409544
1,2,-1,0.9,0.1,0.4,0.4,-1,-1,0.168132,0.32477
1,2,-1,0.9,0.1,0.45,0.45,-1,-1,0.200311,0.274902
1,2,-1,0.9,0.1,0.5,0.5,-1,-1,0.253945,0.225035
1,2,-1,0.9,0.1,0.55,0.55,-1,-1,0.326886,0.180154
1,2,-1,0.9,0.1,0.6,0.6,-1,-1,0.3891,0.120313
1,2,-1,0.9,0.1,0.65,0.65,-1,-1,0.440588,0.090393
1,2,-1,0.9,0.1,0.7,0.7,-1,-1,0.496367,0.060472
1,2,-1,0.9,0.1,0.75,0.75,-1,-1,0.562872,0.040525
1,2,-1,0.9,0.1,0.8,0.8,-1,-1,0.597197,0.025565
1,2,-1,0.9,0.1,0.85,0.85,-1,-1,0.655121,0.015592
1,2,-1,0.9,0.1,0.9,0.9,-1,-1,0.676574,0.010605
1,2,-1,0.9,0.1,0.95,0.95,-1,-1,0.7109,0.005618
1,2,-1,0.9,0.1,1.0,1.0,-1,-1,0.732353,0.005618
1,2,-1,0.95,0.1,0.05,0.05,-1,-1,0.005406,0.812965
1,2,-1,0.95,0.1,0.1,0.1,-1,-1,0.015268,0.732673
1,2,-1,0.95,0.1,0.15,0.15,-1,-1,0.022664,0.642343
1,2,-1,0.95,0.1,0.2,0.2,-1,-1,0.044853,0.582123
1,2,-1,0.95,0.1,0.25,0.25,-1,-1,0.081834,0.501831
1,2,-1,0.95,0.1,0.3,0.3,-1,-1,0.113884,0.441611
1,2,-1,0.95,0.1,0.35,0.35,-1,-1,0.143469,0.406482
1,2,-1,0.95,0.1,0.4,0.4,-1,-1,0.192777,0.321172
1,2,-1,0.95,0.1,0.45,0.45,-1,-1,0.229757,0.270989
1,2,-1,0.95,0.1,0.5,0.5,-1,-1,0.291393,0.220805
1,2,-1,0.95,0.1,0.55,0.55,-1,-1,0.375216,0.17564
1,2,-1,0.95,0.1,0.6,0.6,-1,-1,0.446713,0.115421
1,2,-1,0.95,0.1,0.65,0.65,-1,-1,0.505882,0.085311
1,2,-1,0.95,0.1,0.7,0.7,-1,-1,0.569983,0.055202
1,2,-1,0.95,0.1,0.75,0.75,-1,-1,0.64641,0.035128
1,2,-1,0.95,0.1,0.8,0.8,-1,-1,0.685856,0.020073
1,2,-1,0.95,0.1,0.85,0.85,-1,-1,0.752422,0.010037
1,2,-1,0.95,0.1,0.9,0.9,-1,-1,0.777075,0.005018
1,2,-1,0.95,0.1,0.95,0.95,-1,-1,0.816522,0.0
1,2,-1,0.95,0.1,1.0,1.0,-1,-1,0.841176,0.0
1,2,-1,1.0,0.1,0.05,0.05,-1,-1,0.005873,0.812965
1,2,-1,1.0,0.1,0.1,0.1,-1,-1,0.017604,0.732673
1,2,-1,1.0,0.1,0.15,0.15,-1,-1,0.026401,0.642343
1,2,-1,1.0,0.1,0.2,0.2,-1,-1,0.052794,0.582123
1,2,-1,1.0,0.1,0.25,0.25,-1,-1,0.096782,0.501831
1,2,-1,1.0,0.1,0.3,0.3,-1,-1,0.134905,0.441611
1,2,-1,1.0,0.1,0.35,0.35,-1,-1,0.170095,0.406482
1,2,-1,1.0,0.1,0.4,0.4,-1,-1,0.228746,0.321172
1,2,-1,1.0,0.1,0.45,0.45,-1,-1,0.272733,0.270989
1,2,-1,1.0,0.1,0.5,0.5,-1,-1,0.346047,0.220805
1,2,-1,1.0,0.1,0.55,0.55,-1,-1,0.445753,0.17564
1,2,-1,1.0,0.1,0.6,0.6,-1,-1,0.530796,0.115421
1,2,-1,1.0,0.1,0.65,0.65,-1,-1,0.601176,0.085311
1,2,-1,1.0,0.1,0.7,0.7,-1,-1,0.677422,0.055202
1,2,-1,1.0,0.1,0.75,0.75,-1,-1,0.76833,0.035128
1,2,-1,1.0,0.1,0.8,0.8,-1,-1,0.815251,0.020073
1,2,-1,1.0,0.1,0.85,0.85,-1,-1,0.894429,0.010037
1,2,-1,1.0,0.1,0.9,0.9,-1,-1,0.923754,0.005018
1,2,-1,1.0,0.1,0.95,0.95,-1,-1,0.970675,0.0
1,2,-1,1.0,0.1,1.0,1.0,-1,-1,1.0,0.0
1,2,-1,0.15,0.15,0.05,0.05,-1,-1,0.008824,0.837079
1,2,-1,0.15,0.15,0.1,0.1,-1,-1,0.008824,0.837079
1,2,-1,0.15,0.15,0.15,0.15,-1,-1,0.008824,0.837079
1,2,-1,0.15,0.15,0.2,0.2,-1,-1,0.008824,0.837079
1,2,-1,0.15,0.15,0.25,0.25,-1,-1,0.008824,0.837079
1,2,-1,0.15,0.15,0.3,0.3,-1,-1,0.008824,0.837079
1,2,-1,0.15,0.15,0.35,0.35,-1,-1,0.008824,0.837079
1,2,-1,0.15,0.15,0.4,0.4,-1,-1,0.008824,0.837079
1,2,-1,0.15,0.15,0.45,0.45,-1,-1,0.008824,0.837079
1,2,-1,0.15,0.15,0.5,0.5,-1,-1,0.008824,0.837079
1,2,-1,0.15,0.15,0.55,0.55,-1,-1,0.008824,0.837079
1,2,-1,0.15,0.15,0.6,0.6,-1,-1,0.008824,0.837079
1,2,-1,0.15,0.15,0.65,0.65,-1,-1,0.008824,0.837079
1,2,-1,0.15,0.15,0.7,0.7,-1,-1,0.008824,0.837079
1,2,-1,0.15,0.15,0.75,0.75,-1,-1,0.008824,0.837079
1,2,-1,0.15,0.15,0.8,0.8,-1,-1,0.008824,0.837079
1,2,-1,0.15,0.15,0.85,0.85,-1,-1,0.008824,0.837079
1,2,-1,0.15,0.15,0.9,0.9,-1,-1,0.008824,0.837079
1,2,-1,0.15,0.15,0.95,0.95,-1,-1,0.008824,0.837079
1,2,-1,0.15,0.15,1.0,1.0,-1,-1,0.008824,0.837079
1,2,-1,0.2,0.15,0.05,0.05,-1,-1,0.008833,0.827484
1,2,-1,0.2,0.15,0.1,0.1,-1,-1,0.008867,0.817889
1,2,-1,0.2,0.15,0.15,0.15,-1,-1,0.008893,0.807095
1,2,-1,0.2,0.15,0.2,0.2,-1,-1,0.008971,0.799899
1,2,-1,0.2,0.15,0.25,0.25,-1,-1,0.009101,0.790304
1,2,-1,0.2,0.15,0.3,0.3,-1,-1,0.009213,0.783108
1,2,-1,0.2,0.15,0.35,0.35,-1,-1,0.009317,0.778911
1,2,-1,0.2,0.15,0.4,0.4,-1,-1,0.00949,0.768716
1,2,-1,0.2,0.15,0.45,0.45,-1,-1,0.00962,0.762719
1,2,-1,0.2,0.15,0.5,0.5,-1,-1,0.009836,0.756723
1,2,-1,0.2,0.15,0.55,0.55,-1,-1,0.01013,0.751326
1,2,-1,0.2,0.15,0.6,0.6,-1,-1,0.010381,0.744129
1,2,-1,0.2,0.15,0.65,0.65,-1,-1,0.010589,0.740532
1,2,-1,0.2,0.15,0.7,0.7,-1,-1,0.010814,0.736933
1,2,-1,0.2,0.15,0.75,0.75,-1,-1,0.011082,0.734535
1,2,-1,0.2,0.15,0.8,0.8,-1,-1,0.01122,0.732736
1,2,-1,0.2,0.15,0.85,0.85,-1,-1,0.011454,0.731536
1,2,-1,0.2,0.15,0.9,0.9,-1,-1,0.01154,0.730937
1,2,-1,0.2,0.15,0.95,0.95,-1,-1,0.011678,0.730337
1,2,-1,0.2,0.15,1.0,1.0,-1,-1,0.011765,0.730337
1,2,-1,0.25,0.15,0.05,0.05,-1,-1,0.008893,0.819909
1,2,-1,0.25,0.15,0.1,0.1,-1,-1,0.00917,0.80274
1,2,-1,0.25,0.15,0.15,0.15,-1,-1,0.009378,0.783424
1,2,-1,0.25,0.15,0.2,0.2,-1,-1,0.01,0.770547
1,2,-1,0.25,0.15,0.25,0.25,-1,-1,0.011039,0.753377
1,2,-1,0.25,0.15,0.3,0.3,-1,-1,0.011938,0.7405
1,2,-1,0.25,0.15,0.35,0.35,-1,-1,0.012769,0.732988
1,2,-1,0.25,0.15,0.4,0.4,-1,-1,0.014153,0.714746
1,2,-1,0.25,0.15,0.45,0.45,-1,-1,0.015191,0.704015
1,2,-1,0.25,0.15,0.5,0.5,-1,-1,0.016921,0.693283
1,2,-1,0.25,0.15,0.55,0.55,-1,-1,0.019274,0.683625
1,2,-1,0.25,0.15,0.6,0.6,-1,-1,0.021281,0.670748
1,2,-1,0.25,0.15,0.65,0.65,-1,-1,0.022941,0.66431
1,2,-1,0.25,0.15,0.7,0.7,-1,-1,0.024741,0.657871
1,2,-1,0.25,0.15,0.75,0.75,-1,-1,0.026886,0.653579
1,2,-1,0.25,0.15,0.8,0.8,-1,-1,0.027993,0.650359
1,2,-1,0.25,0.15,0.85,0.85,-1,-1,0.029862,0.648213
1,2,-1,0.25,0.15,0.9,0.9,-1,-1,0.030554,0.64714
1,2,-1,0.25,0.15,0.95,0.95,-1,-1,0.031661,0.646067
1,2,-1,0.25,0.15,1.0,1.0,-1,-1,0.032353,0.646067
1,2,-1,0.3,0.15,0.05,0.05,-1,-1,0.008928,0.814355
1,2,-1,0.3,0.15,0.1,0.1,-1,-1,0.009343,0.79163
1,2,-1,0.3,0.15,0.15,0.15,-1,-1,0.009654,0.766065
1,2,-1,0.3,0.15,0.2,0.2,-1,-1,0.010589,0.749022
1,2,-1,0.3,0.15,0.25,0.25,-1,-1,0.012146,0.726298
1,2,-1,0.3,0.15,0.3,0.3,-1,-1,0.013495,0.709254
1,2,-1,0.3,0.15,0.35,0.35,-1,-1,0.014741,0.699312
1,2,-1,0.3,0.15,0.4,0.4,-1,-1,0.016817,0.675168
1,2,-1,0.3,0.15,0.45,0.45,-1,-1,0.018374,0.660965
1,2,-1,0.3,0.15,0.5,0.5,-1,-1,0.020969,0.646762
1,2,-1,0.3,0.15,0.55,0.55,-1,-1,0.024499,0.63398
1,2,-1,0.3,0.15,0.6,0.6,-1,-1,0.027509,0.616936
1,2,-1,0.3,0.15,0.65,0.65,-1,-1,0.03,0.608415
1,2,-1,0.3,0.15,0.7,0.7,-1,-1,0.032699,0.599893
1,2,-1,0.3,0.15,0.75,0.75,-1,-1,0.035917,0.594212
1,2,-1,0.3,0.15,0.8,0.8,-1,-1,0.037578,0.589951
1,2,-1,0.3,0.15,0.85,0.85,-1,-1,0.040381,0.587111
1,2,-1,0.3,0.15,0.9,0.9,-1,-1,0.041419,0.58569
1,2,-1,0.3,0.15,0.95,0.95,-1,-1,0.04308,0.58427
1,2,-1,0.3,0.15,1.0,1.0,-1,-1,0.044118,0.58427
1,2,-1,0.35,0.15,0.05,0.05,-1,-1,0.009032,0.807285
1,2,-1,0.35,0.15,0.1,0.1,-1,-1,0.009862,0.777491
1,2,-1,0.35,0.15,0.15,0.15,-1,-1,0.010485,0.743972
1,2,-1,0.35,0.15,0.2,0.2,-1,-1,0.012353,0.721626
1,2,-1,0.35,0.15,0.25,0.25,-1,-1,0.015468,0.691832
1,2,-1,0.35,0.15,0.3,0.3,-1,-1,0.018167,0.669486
1,2,-1,0.35,0.15,0.35,0.35,-1,-1,0.020658,0.656451
1,2,-1,0.35,0.15,0.4,0.4,-1,-1,0.02481,0.624795
1,2,-1,0.35,0.15,0.45,0.45,-1,-1,0.027924,0.606174
1,2,-1,0.35,0.15,0.5,0.5,-1,-1,0.033115,0.587552
1,2,-1,0.35,0.15,0.55,0.55,-1,-1,0.040173,0.570793
1,2,-1,0.35,0.15,0.6,0.6,-1,-1,0.046194,0.548447
1,2,-1,0.35,0.15,0.65,0.65,-1,-1,0.051177,0.537275
1,2,-1,0.35,0.15,0.7,0.7,-1,-1,0.056575,0.526102
1,2,-1,0.35,0.15,0.75,0.75,-1,-1,0.063011,0.518653
1,2,-1,0.35,0.15,0.8,0.8,-1,-1,0.066332,0.513067
1,2,-1,0.35,0.15,0.85,0.85,-1,-1,0.071938,0.509342
1,2,-1,0.35,0.15,0.9,0.9,-1,-1,0.074014,0.50748
1,2,-1,0.35,0.15,0.95,0.95,-1,-1,0.077336,0.505618
1,2,-1,0.35,0.15,1.0,1.0,-1,-1,0.079412,0.505618
1,2,-1,0.4,0.15,0.05,0.05,-1,-1,0.009144,0.803245
1,2,-1,0.4,0.15,0.1,0.1,-1,-1,0.010424,0.769411
1,2,-1,0.4,0.15,0.15,0.15,-1,-1,0.011384,0.731347
1,2,-1,0.4,0.15,0.2,0.2,-1,-1,0.014265,0.705971
1,2,-1,0.4,0.15,0.25,0.25,-1,-1,0.019066,0.672138
1,2,-1,0.4,0.15,0.3,0.3,-1,-1,0.023227,0.646762
1,2,-1,0.4,0.15,0.35,0.35,-1,-1,0.027068,0.631959
1,2,-1,0.4,0.15,0.4,0.4,-1,-1,0.033469,0.596011
1,2,-1,0.4,0.15,0.45,0.45,-1,-1,0.03827,0.574864
1,2,-1,0.4,0.15,0.5,0.5,-1,-1,0.046272,0.553718
1,2,-1,0.4,0.15,0.55,0.55,-1,-1,0.057154,0.534686
1,2,-1,0.4,0.15,0.6,0.6,-1,-1,0.066436,0.50931
1,2,-1,0.4,0.15,0.65,0.65,-1,-1,0.074118,0.496623
1,2,-1,0.4,0.15,0.7,0.7,-1,-1,0.08244,0.483935
1,2,-1,0.4,0.15,0.75,0.75,-1,-1,0.092362,0.475477
1,2,-1,0.4,0.15,0.8,0.8,-1,-1,0.097483,0.469133
1,2,-1,0.4,0.15,0.85,0.85,-1,-1,0.106125,0.464903
1,2,-1,0.4,0.15,0.9,0.9,-1,-1,0.109325,0.462789
1,2,-1,0.4,0.15,0.95,0.95,-1,-1,0.114446,0.460674
1,2,-1,0.4,0.15,1.0,1.0,-1,-1,0.117647,0.460674
1,2,-1,0.45,0.15,0.05,0.05,-1,-1,0.009256,0.797185
1,2,-1,0.45,0.15,0.1,0.1,-1,-1,0.010987,0.757291
1,2,-1,0.45,0.15,0.15,0.15,-1,-1,0.012284,0.71241
1,2,-1,0.45,0.15,0.2,0.2,-1,-1,0.016177,0.682489
1,2,-1,0.45,0.15,0.25,0.25,-1,-1,0.022665,0.642596
1,2,-1,0.45,0.15,0.3,0.3,-1,-1,0.028288,0.612675
1,2,-1,0.45,0.15,0.35,0.35,-1,-1,0.033478,0.595221
1,2,-1,0.45,0.15,0.4,0.4,-1,-1,0.042128,0.552834
1,2,-1,0.45,0.15,0.45,0.45,-1,-1,0.048616,0.5279
1,2,-1,0.45,0.15,0.5,0.5,-1,-1,0.059429,0.502967
1,2,-1,0.45,0.15,0.55,0.55,-1,-1,0.074135,0.480526
1,2,-1,0.45,0.15,0.6,0.6,-1,-1,0.086678,0.450605
1,2,-1,0.45,0.15,0.65,0.65,-1,-1,0.097059,0.435646
1,2,-1,0.45,0.15,0.7,0.7,-1,-1,0.108304,0.420685
1,2,-1,0.45,0.15,0.75,0.75,-1,-1,0.121713,0.410712
1,2,-1,0.45,0.15,0.8,0.8,-1,-1,0.128633,0.403232
1,2,-1,0.45,0.15,0.85,0.85,-1,-1,0.140311,0.398245
1,2,-1,0.45,0.15,0.9,0.9,-1,-1,0.144636,0.395751
1,2,-1,0.45,0.15,0.95,0.95,-1,-1,0.151557,0.393258
1,2,-1,0.45,0.15,1.0,1.0,-1,-1,0.155882,0.393258
1,2,-1,0.5,0.15,0.05,0.05,-1,-1,0.009334,0.79365
1,2,-1,0.5,0.15,0.1,0.1,-1,-1,0.011376,0.750221
1,2,-1,0.5,0.15,0.15,0.15,-1,-1,0.012907,0.701364
1,2,-1,0.5,0.15,0.2,0.2,-1,-1,0.0175,0.668792
1,2,-1,0.5,0.15,0.25,0.25,-1,-1,0.025156,0.625363
1,2,-1,0.5,0.15,0.3,0.3,-1,-1,0.031791,0.592792
1,2,-1,0.5,0.15,0.35,0.35,-1,-1,0.037916,0.573791
1,2,-1,0.5,0.15,0.4,0.4,-1,-1,0.048123,0.527649
1,2,-1,0.5,0.15,0.45,0.45,-1,-1,0.055779,0.500505
1,2,-1,0.5,0.15,0.5,0.5,-1,-1,0.068538,0.473362
1,2,-1,0.5,0.15,0.55,0.55,-1,-1,0.085891,0.448934
1,2,-1,0.5,0.15,0.6,0.6,-1,-1,0.100692,0.416362
1,2,-1,0.5,0.15,0.65,0.65,-1,-1,0.112941,0.400076
1,2,-1,0.5,0.15,0.7,0.7,-1,-1,0.126211,0.38379
1,2,-1,0.5,0.15,0.75,0.75,-1,-1,0.142033,0.372933
1,2,-1,0.5,0.15,0.8,0.8,-1,-1,0.150199,0.36479
1,2,-1,0.5,0.15,0.85,0.85,-1,-1,0.163979,0.359362
1,2,-1,0.5,0.15,0.9,0.9,-1,-1,0.169083,0.356647
1,2,-1,0.5,0.15,0.95,0.95,-1,-1,0.177249,0.353933
1,2,-1,0.5,0.15,1.0,1.0,-1,-1,0.182353,0.353933
1,2,-1,0.55,0.15,0.05,0.05,-1,-1,0.009499,0.7886
1,2,-1,0.55,0.15,0.1,0.1,-1,-1,0.012198,0.740122
1,2,-1,0.55,0.15,0.15,0.15,-1,-1,0.014222,0.685583
1,2,-1,0.55,0.15,0.2,0.2,-1,-1,0.020295,0.649224
1,2,-1,0.55,0.15,0.25,0.25,-1,-1,0.030416,0.600745
1,2,-1,0.55,0.15,0.3,0.3,-1,-1,0.039187,0.564386
1,2,-1,0.55,0.15,0.35,0.35,-1,-1,0.047284,0.543177
1,2,-1,0.55,0.15,0.4,0.4,-1,-1,0.060779,0.491668
1,2,-1,0.55,0.15,0.45,0.45,-1,-1,0.0709,0.461369
1,2,-1,0.55,0.15,0.5,0.5,-1,-1,0.087768,0.43107
1,2,-1,0.55,0.15,0.55,0.55,-1,-1,0.11071,0.4038
1,2,-1,0.55,0.15,0.6,0.6,-1,-1,0.130277,0.367441
1,2,-1,0.55,0.15,0.65,0.65,-1,-1,0.146471,0.349262
1,2,-1,0.55,0.15,0.7,0.7,-1,-1,0.164014,0.331082
1,2,-1,0.55,0.15,0.75,0.75,-1,-1,0.184931,0.318963
1,2,-1,0.55,0.15,0.8,0.8,-1,-1,0.195727,0.309873
1,2,-1,0.55,0.15,0.85,0.85,-1,-1,0.213945,0.303813
1,2,-1,0.55,0.15,0.9,0.9,-1,-1,0.220692,0.300783
1,2,-1,0.55,0.15,0.95,0.95,-1,-1,0.231488,0.297753
1,2,-1,0.55,0.15,1.0,1.0,-1,-1,0.238235,0.297753
1,2,-1,0.6,0.15,0.05,0.05,-1,-1,0.00962,0.78153
1,2,-1,0.6,0.15,0.1,0.1,-1,-1,0.012803,0.725982
1,2,-1,0.6,0.15,0.15,0.15,-1,-1,0.015191,0.66349
1,2,-1,0.6,0.15,0.2,0.2,-1,-1,0.022353,0.621828
1,2,-1,0.6,0.15,0.25,0.25,-1,-1,0.034291,0.56628
1,2,-1,0.6,0.15,0.3,0.3,-1,-1,0.044637,0.524618
1,2,-1,0.6,0.15,0.35,0.35,-1,-1,0.054187,0.500316
1,2,-1,0.6,0.15,0.4,0.4,-1,-1,0.070104,0.441296
1,2,-1,0.6,0.15,0.45,0.45,-1,-1,0.082042,0.406578
1,2,-1,0.6,0.15,0.5,0.5,-1,-1,0.101938,0.37186
1,2,-1,0.6,0.15,0.55,0.55,-1,-1,0.128997,0.340613
1,2,-1,0.6,0.15,0.6,0.6,-1,-1,0.152077,0.298952
1,2,-1,0.6,0.15,0.65,0.65,-1,-1,0.171177,0.278122
1,2,-1,0.6,0.15,0.7,0.7,-1,-1,0.191869,0.257291
1,2,-1,0.6,0.15,0.75,0.75,-1,-1,0.21654,0.243404
1,2,-1,0.6,0.15,0.8,0.8,-1,-1,0.229274,0.232988
1,2,-1,0.6,0.15,0.85,0.85,-1,-1,0.250762,0.226045
1,2,-1,0.6,0.15,0.9,0.9,-1,-1,0.25872,0.222573
1,2,-1,0.6,0.15,0.95,0.95,-1,-1,0.271453,0.219101
1,2,-1,0.6,0.15,1.0,1.0,-1,-1,0.279412,0.219101
1,2,-1,0.65,0.15,0.05,0.05,-1,-1,0.009801,0.77547
1,2,-1,0.65,0.15,0.1,0.1,-1,-1,0.013712,0.713862
1,2,-1,0.65,0.15,0.15,0.15,-1,-1,0.016644,0.644553
1,2,-1,0.65,0.15,0.2,0.2,-1,-1,0.025442,0.598346
1,2,-1,0.65,0.15,0.25,0.25,-1,-1,0.040104,0.536738
1,2,-1,0.65,0.15,0.3,0.3,-1,-1,0.052812,0.490531
1,2,-1,0.65,0.15,0.35,0.35,-1,-1,0.064542,0.463578
1,2,-1,0.65,0.15,0.4,0.4,-1,-1,0.084092,0.398119
1,2,-1,0.65,0.15,0.45,0.45,-1,-1,0.098754,0.359614
1,2,-1,0.65,0.15,0.5,0.5,-1,-1,0.123192,0.321108
1,2,-1,0.65,0.15,0.55,0.55,-1,-1,0.156428,0.286453
1,2,-1,0.65,0.15,0.6,0.6,-1,-1,0.184775,0.240247
1,2,-1,0.65,0.15,0.65,0.65,-1,-1,0.208235,0.217144
1,2,-1,0.65,0.15,0.7,0.7,-1,-1,0.23365,0.194041
1,2,-1,0.65,0.15,0.75,0.75,-1,-1,0.263953,0.178639
1,2,-1,0.65,0.15,0.8,0.8,-1,-1,0.279593,0.167087
1,2,-1,0.65,0.15,0.85,0.85,-1,-1,0.305986,0.159386
1,2,-1,0.65,0.15,0.9,0.9,-1,-1,0.315761,0.155536
1,2,-1,0.65,0.15,0.95,0.95,-1,-1,0.331401,0.151685
1,2,-1,0.65,0.15,1.0,1.0,-1,-1,0.341176,0.151685
1,2,-1,0.7,0.15,0.05,0.05,-1,-1,0.009931,0.77143
1,2,-1,0.7,0.15,0.1,0.1,-1,-1,0.01436,0.705783
1,2,-1,0.7,0.15,0.15,0.15,-1,-1,0.017682,0.631928
1,2,-1,0.7,0.15,0.2,0.2,-1,-1,0.027648,0.582692
1,2,-1,0.7,0.15,0.25,0.25,-1,-1,0.044257,0.517044
1,2,-1,0.7,0.15,0.3,0.3,-1,-1,0.058651,0.467807
1,2,-1,0.7,0.15,0.35,0.35,-1,-1,0.071938,0.439086
1,2,-1,0.7,0.15,0.4,0.4,-1,-1,0.094084,0.369335
1,2,-1,0.7,0.15,0.45,0.45,-1,-1,0.110692,0.328305
1,2,-1,0.7,0.15,0.5,0.5,-1,-1,0.138374,0.287275
1,2,-1,0.7,0.15,0.55,0.55,-1,-1,0.176021,0.250347
1,2,-1,0.7,0.15,0.6,0.6,-1,-1,0.208132,0.201111
1,2,-1,0.7,0.15,0.65,0.65,-1,-1,0.234706,0.176494
1,2,-1,0.7,0.15,0.7,0.7,-1,-1,0.263495,0.151875
1,2,-1,0.7,0.15,0.75,0.75,-1,-1,0.29782,0.135463
1,2,-1,0.7,0.15,0.8,0.8,-1,-1,0.315536,0.123154
1,2,-1,0.7,0.15,0.85,0.85,-1,-1,0.345433,0.114948
1,2,-1,0.7,0.15,0.9,0.9,-1,-1,0.356505,0.110845
1,2,-1,0.7,0.15,0.95,0.95,-1,-1,0.374221,0.106742
1,2,-1,0.7,0.15,1.0,1.0,-1,-1,0.385294,0.106742
1,2,-1,0.75,0.15,0.05,0.05,-1,-1,0.010165,0.769411
1,2,-1,0.75,0.15,0.1,0.1,-1,-1,0.015528,0.701743
1,2,-1,0.75,0.15,0.15,0.15,-1,-1,0.01955,0.625616
1,2,-1,0.75,0.15,0.2,0.2,-1,-1,0.031618,0.574864
1,2,-1,0.75,0.15,0.25,0.25,-1,-1,0.051731,0.507197
1,2,-1,0.75,0.15,0.3,0.3,-1,-1,0.069161,0.456445
1,2,-1,0.75,0.15,0.35,0.35,-1,-1,0.085251,0.42684
1,2,-1,0.75,0.15,0.4,0.4,-1,-1,0.112068,0.354943
1,2,-1,0.75,0.15,0.45,0.45,-1,-1,0.13218,0.31265
1,2,-1,0.75,0.15,0.5,0.5,-1,-1,0.165701,0.270358
1,2,-1,0.75,0.15,0.55,0.55,-1,-1,0.211289,0.232294
1,2,-1,0.75,0.15,0.6,0.6,-1,-1,0.250173,0.181543
1,2,-1,0.75,0.15,0.65,0.65,-1,-1,0.282353,0.156168
1,2,-1,0.75,0.15,0.7,0.7,-1,-1,0.317215,0.130792
1,2,-1,0.75,0.15,0.75,0.75,-1,-1,0.35878,0.113875
1,2,-1,0.75,0.15,0.8,0.8,-1,-1,0.380234,0.101187
1,2,-1,0.75,0.15,0.85,0.85,-1,-1,0.416436,0.092729
1,2,-1,0.75,0.15,0.9,0.9,-1,-1,0.429844,0.088499
1,2,-1,0.75,0.15,0.95,0.95,-1,-1,0.451298,0.08427
1,2,-1,0.75,0.15,1.0,1.0,-1,-1,0.464706,0.08427
1,2,-1,0.8,0.15,0.05,0.05,-1,-1,0.010407,0.765371
1,2,-1,0.8,0.15,0.1,0.1,-1,-1,0.016739,0.693663
1,2,-1,0.8,0.15,0.15,0.15,-1,-1,0.021488,0.612991
1,2,-1,0.8,0.15,0.2,0.2,-1,-1,0.035736,0.55921
1,2,-1,0.8,0.15,0.25,0.25,-1,-1,0.059482,0.487502
1,2,-1,0.8,0.15,0.3,0.3,-1,-1,0.080061,0.433721
1,2,-1,0.8,0.15,0.35,0.35,-1,-1,0.099057,0.402348
1,2,-1,0.8,0.15,0.4,0.4,-1,-1,0.130719,0.326159
1,2,-1,0.8,0.15,0.45,0.45,-1,-1,0.154464,0.281341
1,2,-1,0.8,0.15,0.5,0.5,-1,-1,0.19404,0.236523
1,2,-1,0.8,0.15,0.55,0.55,-1,-1,0.247864,0.196187
1,2,-1,0.8,0.15,0.6,0.6,-1,-1,0.293772,0.142406
1,2,-1,0.8,0.15,0.65,0.65,-1,-1,0.331765,0.115516
1,2,-1,0.8,0.15,0.7,0.7,-1,-1,0.372924,0.088626
1,2,-1,0.8,0.15,0.75,0.75,-1,-1,0.421998,0.070698
1,2,-1,0.8,0.15,0.8,0.8,-1,-1,0.447327,0.057253
1,2,-1,0.8,0.15,0.85,0.85,-1,-1,0.49007,0.04829
1,2,-1,0.8,0.15,0.9,0.9,-1,-1,0.5059,0.043808
1,2,-1,0.8,0.15,0.95,0.95,-1,-1,0.531228,0.039326
1,2,-1,0.8,0.15,1.0,1.0,-1,-1,0.547059,0.039326
1,2,-1,0.85,0.15,0.05,0.05,-1,-1,0.010606,0.763856
1,2,-1,0.85,0.15,0.1,0.1,-1,-1,0.017734,0.690633
1,2,-1,0.85,0.15,0.15,0.15,-1,-1,0.02308,0.608257
1,2,-1,0.85,0.15,0.2,0.2,-1,-1,0.039118,0.553339
1,2,-1,0.85,0.15,0.25,0.25,-1,-1,0.065848,0.480117
1,2,-1,0.85,0.15,0.3,0.3,-1,-1,0.089014,0.425199
1,2,-1,0.85,0.15,0.35,0.35,-1,-1,0.110398,0.393164
1,2,-1,0.85,0.15,0.4,0.4,-1,-1,0.146039,0.315365
1,2,-1,0.85,0.15,0.45,0.45,-1,-1,0.172768,0.2696
1,2,-1,0.85,0.15,0.5,0.5,-1,-1,0.217319,0.223836
1,2,-1,0.85,0.15,0.55,0.55,-1,-1,0.277907,0.182647
1,2,-1,0.85,0.15,0.6,0.6,-1,-1,0.329585,0.12773
1,2,-1,0.85,0.15,0.65,0.65,-1,-1,0.372353,0.100272
1,2,-1,0.85,0.15,0.7,0.7,-1,-1,0.418686,0.072813
1,2,-1,0.85,0.15,0.75,0.75,-1,-1,0.473927,0.054507
1,2,-1,0.85,0.15,0.8,0.8,-1,-1,0.50244,0.040778
1,2,-1,0.85,0.15,0.85,0.85,-1,-1,0.550554,0.031625
1,2,-1,0.85,0.15,0.9,0.9,-1,-1,0.568374,0.027048
1,2,-1,0.85,0.15,0.95,0.95,-1,-1,0.596886,0.022472
1,2,-1,0.85,0.15,1.0,1.0,-1,-1,0.614706,0.022472
1,2,-1,0.9,0.15,0.05,0.05,-1,-1,0.010952,0.762341
1,2,-1,0.9,0.15,0.1,0.1,-1,-1,0.019464,0.687603
1,2,-1,0.9,0.15,0.15,0.15,-1,-1,0.025848,0.603522
1,2,-1,0.9,0.15,0.2,0.2,-1,-1,0.045,0.547469
1,2,-1,0.9,0.15,0.25,0.25,-1,-1,0.076921,0.472731
1,2,-1,0.9,0.15,0.3,0.3,-1,-1,0.104585,0.416677
1,2,-1,0.9,0.15,0.35,0.35,-1,-1,0.130121,0.383979
1,2,-1,0.9,0.15,0.4,0.4,-1,-1,0.172682,0.304571
1,2,-1,0.9,0.15,0.45,0.45,-1,-1,0.204602,0.257859
1,2,-1,0.9,0.15,0.5,0.5,-1,-1,0.257803,0.211148
1,2,-1,0.9,0.15,0.55,0.55,-1,-1,0.330156,0.169107
1,2,-1,0.9,0.15,0.6,0.6,-1,-1,0.391869,0.113054
1,2,-1,0.9,0.15,0.65,0.65,-1,-1,0.442941,0.085028
1,2,-1,0.9,0.15,0.7,0.7,-1,-1,0.49827,0.057001
1,2,-1,0.9,0.15,0.75,0.75,-1,-1,0.564239,0.038316
1,2,-1,0.9,0.15,0.8,0.8,-1,-1,0.598287,0.024303
1,2,-1,0.9,0.15,0.85,0.85,-1,-1,0.655744,0.01496
1,2,-1,0.9,0.15,0.9,0.9,-1,-1,0.677024,0.010289
1,2,-1,0.9,0.15,0.95,0.95,-1,-1,0.711073,0.005618
1,2,-1,0.9,0.15,1.0,1.0,-1,-1,0.732353,0.005618
1,2,-1,0.95,0.15,0.05,0.05,-1,-1,0.011272,0.761836
1,2,-1,0.95,0.15,0.1,0.1,-1,-1,0.021065,0.686593
1,2,-1,0.95,0.15,0.15,0.15,-1,-1,0.028408,0.601944
1,2,-1,0.95,0.15,0.2,0.2,-1,-1,0.050442,0.545512
1,2,-1,0.95,0.15,0.25,0.25,-1,-1,0.087163,0.470269
1,2,-1,0.95,0.15,0.3,0.3,-1,-1,0.118988,0.413837
1,2,-1,0.95,0.15,0.35,0.35,-1,-1,0.148365,0.380918
1,2,-1,0.95,0.15,0.4,0.4,-1,-1,0.197328,0.300973
1,2,-1,0.95,0.15,0.45,0.45,-1,-1,0.234048,0.253945
1,2,-1,0.95,0.15,0.5,0.5,-1,-1,0.295251,0.206918
1,2,-1,0.95,0.15,0.55,0.55,-1,-1,0.378487,0.164594
1,2,-1,0.95,0.15,0.6,0.6,-1,-1,0.449481,0.108161
1,2,-1,0.95,0.15,0.65,0.65,-1,-1,0.508235,0.079946
1,2,-1,0.95,0.15,0.7,0.7,-1,-1,0.571886,0.05173
1,2,-1,0.95,0.15,0.75,0.75,-1,-1,0.647777,0.032919
1,2,-1,0.95,0.15,0.8,0.8,-1,-1,0.686946,0.018811
1,2,-1,0.95,0.15,0.85,0.85,-1,-1,0.753045,0.009405
1,2,-1,0.95,0.15,0.9,0.9,-1,-1,0.777525,0.004703
1,2,-1,0.95,0.15,0.95,0.95,-1,-1,0.816695,0.0
1,2,-1,0.95,0.15,1.0,1.0,-1,-1,0.841176,0.0
1,2,-1,1.0,0.15,0.05,0.05,-1,-1,0.011739,0.761836
1,2,-1,1.0,0.15,0.1,0.1,-1,-1,0.0234,0.686593
1,2,-1,1.0,0.15,0.15,0.15,-1,-1,0.032145,0.601944
1,2,-1,1.0,0.15,0.2,0.2,-1,-1,0.058383,0.545512
1,2,-1,1.0,0.15,0.25,0.25,-1,-1,0.102112,0.470269
1,2,-1,1.0,0.15,0.3,0.3,-1,-1,0.140009,0.413837
1,2,-1,1.0,0.15,0.35,0.35,-1,-1,0.174992,0.380918
1,2,-1,1.0,0.15,0.4,0.4,-1,-1,0.233297,0.300973
1,2,-1,1.0,0.15,0.45,0.45,-1,-1,0.277024,0.253945
1,2,-1,1.0,0.15,0.5,0.5,-1,-1,0.349906,0.206918
1,2,-1,1.0,0.15,0.55,0.55,-1,-1,0.449023,0.164594
1,2,-1,1.0,0.15,0.6,0.6,-1,-1,0.533564,0.108161
1,2,-1,1.0,0.15,0.65,0.65,-1,-1,0.60353,0.079946
1,2,-1,1.0,0.15,0.7,0.7,-1,-1,0.679326,0.05173
1,2,-1,1.0,0.15,0.75,0.75,-1,-1,0.769697,0.032919
1,2,-1,1.0,0.15,0.8,0.8,-1,-1,0.816341,0.018811
1,2,-1,1.0,0.15,0.85,0.85,-1,-1,0.895052,0.009405
1,2,-1,1.0,0.15,0.9,0.9,-1,-1,0.924204,0.004703
1,2,-1,1.0,0.15,0.95,0.95,-1,-1,0.970848,0.0
1,2,-1,1.0,0.15,1.0,1.0,-1,-1,1.0,0.0
1,2,-1,0.2,0.2,0.05,0.05,-1,-1,0.011765,0.730337
1,2,-1,0.2,0.2,0.1,0.1,-1,-1,0.011765,0.730337
1,2,-1,0.2,0.2,0.15,0.15,-1,-1,0.011765,0.730337
1,2,-1,0.2,0.2,0.2,0.2,-1,-1,0.011765,0.730337
1,2,-1,0.2,0.2,0.25,0.25,-1,-1,0.011765,0.730337
1,2,-1,0.2,0.2,0.3,0.3,-1,-1,0.011765,0.730337
1,2,-1,0.2,0.2,0.35,0.35,-1,-1,0.011765,0.730337
1,2,-1,0.2,0.2,0.4,0.4,-1,-1,0.011765,0.730337
1,2,-1,0.2,0.2,0.45,0.45,-1,-1,0.011765,0.730337
1,2,-1,0.2,0.2,0.5,0.5,-1,-1,0.011765,0.730337
1,2,-1,0.2,0.2,0.55,0.55,-1,-1,0.011765,0.730337
1,2,-1,0.2,0.2,0.6,0.6,-1,-1,0.011765,0.730337
1,2,-1,0.2,0.2,0.65,0.65,-1,-1,0.011765,0.730337
1,2,-1,0.2,0.2,0.7,0.7,-1,-1,0.011765,0.730337
1,2,-1,0.2,0.2,0.75,0.75,-1,-1,0.011765,0.730337
1,2,-1,0.2,0.2,0.8,0.8,-1,-1,0.011765,0.730337
1,2,-1,0.2,0.2,0.85,0.85,-1,-1,0.011765,0.730337
1,2,-1,0.2,0.2,0.9,0.9,-1,-1,0.011765,0.730337
1,2,-1,0.2,0.2,0.95,0.95,-1,-1,0.011765,0.730337
1,2,-1,0.2,0.2,1.0,1.0,-1,-1,0.011765,0.730337
1,2,-1,0.25,0.2,0.05,0.05,-1,-1,0.011826,0.722762
1,2,-1,0.25,0.2,0.1,0.1,-1,-1,0.012068,0.715187
1,2,-1,0.25,0.2,0.15,0.15,-1,-1,0.012249,0.706666
1,2,-1,0.25,0.2,0.2,0.2,-1,-1,0.012794,0.700984
1,2,-1,0.25,0.2,0.25,0.25,-1,-1,0.013703,0.69341
1,2,-1,0.25,0.2,0.3,0.3,-1,-1,0.01449,0.687729
1,2,-1,0.25,0.2,0.35,0.35,-1,-1,0.015217,0.684415
1,2,-1,0.25,0.2,0.4,0.4,-1,-1,0.016428,0.676366
1,2,-1,0.25,0.2,0.45,0.45,-1,-1,0.017336,0.671632
1,2,-1,0.25,0.2,0.5,0.5,-1,-1,0.01885,0.666898
1,2,-1,0.25,0.2,0.55,0.55,-1,-1,0.020909,0.662637
1,2,-1,0.25,0.2,0.6,0.6,-1,-1,0.022665,0.656956
1,2,-1,0.25,0.2,0.65,0.65,-1,-1,0.024118,0.654115
1,2,-1,0.25,0.2,0.7,0.7,-1,-1,0.025692,0.651275
1,2,-1,0.25,0.2,0.75,0.75,-1,-1,0.027569,0.649381
1,2,-1,0.25,0.2,0.8,0.8,-1,-1,0.028538,0.647961
1,2,-1,0.25,0.2,0.85,0.85,-1,-1,0.030173,0.647014
1,2,-1,0.25,0.2,0.9,0.9,-1,-1,0.030779,0.64654
1,2,-1,0.25,0.2,0.95,0.95,-1,-1,0.031747,0.646067
1,2,-1,0.25,0.2,1.0,1.0,-1,-1,0.032353,0.646067
1,2,-1,0.3,0.2,0.05,0.05,-1,-1,0.01186,0.717207
1,2,-1,0.3,0.2,0.1,0.1,-1,-1,0.012241,0.704078
1,2,-1,0.3,0.2,0.15,0.15,-1,-1,0.012526,0.689307
1,2,-1,0.3,0.2,0.2,0.2,-1,-1,0.013383,0.67946
1,2,-1,0.3,0.2,0.25,0.25,-1,-1,0.01481,0.66633
1,2,-1,0.3,0.2,0.3,0.3,-1,-1,0.016047,0.656483
1,2,-1,0.3,0.2,0.35,0.35,-1,-1,0.017189,0.650739
1,2,-1,0.3,0.2,0.4,0.4,-1,-1,0.019092,0.636789
1,2,-1,0.3,0.2,0.45,0.45,-1,-1,0.020519,0.628582
1,2,-1,0.3,0.2,0.5,0.5,-1,-1,0.022898,0.620376
1,2,-1,0.3,0.2,0.55,0.55,-1,-1,0.026134,0.612991
1,2,-1,0.3,0.2,0.6,0.6,-1,-1,0.028893,0.603144
1,2,-1,0.3,0.2,0.65,0.65,-1,-1,0.031177,0.59822
1,2,-1,0.3,0.2,0.7,0.7,-1,-1,0.033651,0.593297
1,2,-1,0.3,0.2,0.75,0.75,-1,-1,0.036601,0.590014
1,2,-1,0.3,0.2,0.8,0.8,-1,-1,0.038123,0.587552
1,2,-1,0.3,0.2,0.85,0.85,-1,-1,0.040692,0.585911
1,2,-1,0.3,0.2,0.9,0.9,-1,-1,0.041644,0.585091
1,2,-1,0.3,0.2,0.95,0.95,-1,-1,0.043166,0.58427
1,2,-1,0.3,0.2,1.0,1.0,-1,-1,0.044118,0.58427
1,2,-1,0.35,0.2,0.05,0.05,-1,-1,0.011964,0.710137
1,2,-1,0.35,0.2,0.1,0.1,-1,-1,0.01276,0.689938
1,2,-1,0.35,0.2,0.15,0.15,-1,-1,0.013357,0.667214
1,2,-1,0.35,0.2,0.2,0.2,-1,-1,0.015147,0.652064
1,2,-1,0.35,0.2,0.25,0.25,-1,-1,0.018132,0.631865
1,2,-1,0.35,0.2,0.3,0.3,-1,-1,0.020718,0.616715
1,2,-1,0.35,0.2,0.35,0.35,-1,-1,0.023106,0.607878
1,2,-1,0.35,0.2,0.4,0.4,-1,-1,0.027085,0.586416
1,2,-1,0.35,0.2,0.45,0.45,-1,-1,0.030069,0.573791
1,2,-1,0.35,0.2,0.5,0.5,-1,-1,0.035044,0.561167
1,2,-1,0.35,0.2,0.55,0.55,-1,-1,0.041808,0.549804
1,2,-1,0.35,0.2,0.6,0.6,-1,-1,0.047578,0.534655
1,2,-1,0.35,0.2,0.65,0.65,-1,-1,0.052353,0.52708
1,2,-1,0.35,0.2,0.7,0.7,-1,-1,0.057526,0.519505
1,2,-1,0.35,0.2,0.75,0.75,-1,-1,0.063694,0.514455
1,2,-1,0.35,0.2,0.8,0.8,-1,-1,0.066877,0.510668
1,2,-1,0.35,0.2,0.85,0.85,-1,-1,0.072249,0.508143
1,2,-1,0.35,0.2,0.9,0.9,-1,-1,0.074239,0.50688
1,2,-1,0.35,0.2,0.95,0.95,-1,-1,0.077422,0.505618
1,2,-1,0.35,0.2,1.0,1.0,-1,-1,0.079412,0.505618
1,2,-1,0.4,0.2,0.05,0.05,-1,-1,0.012076,0.706098
1,2,-1,0.4,0.2,0.1,0.1,-1,-1,0.013322,0.681858
1,2,-1,0.4,0.2,0.15,0.15,-1,-1,0.014256,0.654589
1,2,-1,0.4,0.2,0.2,0.2,-1,-1,0.017059,0.636409
1,2,-1,0.4,0.2,0.25,0.25,-1,-1,0.02173,0.61217
1,2,-1,0.4,0.2,0.3,0.3,-1,-1,0.025779,0.593991
1,2,-1,0.4,0.2,0.35,0.35,-1,-1,0.029516,0.583386
1,2,-1,0.4,0.2,0.4,0.4,-1,-1,0.035744,0.557632
1,2,-1,0.4,0.2,0.45,0.45,-1,-1,0.040415,0.542482
1,2,-1,0.4,0.2,0.5,0.5,-1,-1,0.048201,0.527332
1,2,-1,0.4,0.2,0.55,0.55,-1,-1,0.058789,0.513698
1,2,-1,0.4,0.2,0.6,0.6,-1,-1,0.06782,0.495518
1,2,-1,0.4,0.2,0.65,0.65,-1,-1,0.075294,0.486428
1,2,-1,0.4,0.2,0.7,0.7,-1,-1,0.083391,0.477339
1,2,-1,0.4,0.2,0.75,0.75,-1,-1,0.093045,0.471279
1,2,-1,0.4,0.2,0.8,0.8,-1,-1,0.098028,0.466734
1,2,-1,0.4,0.2,0.85,0.85,-1,-1,0.106436,0.463704
1,2,-1,0.4,0.2,0.9,0.9,-1,-1,0.10955,0.462189
1,2,-1,0.4,0.2,0.95,0.95,-1,-1,0.114533,0.460674
1,2,-1,0.4,0.2,1.0,1.0,-1,-1,0.117647,0.460674
1,2,-1,0.45,0.2,0.05,0.05,-1,-1,0.012189,0.700038
1,2,-1,0.45,0.2,0.1,0.1,-1,-1,0.013884,0.669739
1,2,-1,0.45,0.2,0.15,0.15,-1,-1,0.015156,0.635652
1,2,-1,0.45,0.2,0.2,0.2,-1,-1,0.018971,0.612927
1,2,-1,0.45,0.2,0.25,0.25,-1,-1,0.025329,0.582628
1,2,-1,0.45,0.2,0.3,0.3,-1,-1,0.030839,0.559904
1,2,-1,0.45,0.2,0.35,0.35,-1,-1,0.035926,0.546648
1,2,-1,0.45,0.2,0.4,0.4,-1,-1,0.044403,0.514455
1,2,-1,0.45,0.2,0.45,0.45,-1,-1,0.050761,0.495518
1,2,-1,0.45,0.2,0.5,0.5,-1,-1,0.061358,0.476581
1,2,-1,0.45,0.2,0.55,0.55,-1,-1,0.07577,0.459538
1,2,-1,0.45,0.2,0.6,0.6,-1,-1,0.088062,0.436813
1,2,-1,0.45,0.2,0.65,0.65,-1,-1,0.098235,0.425451
1,2,-1,0.45,0.2,0.7,0.7,-1,-1,0.109256,0.414089
1,2,-1,0.45,0.2,0.75,0.75,-1,-1,0.122396,0.406514
1,2,-1,0.45,0.2,0.8,0.8,-1,-1,0.129178,0.400833
1,2,-1,0.45,0.2,0.85,0.85,-1,-1,0.140623,0.397045
1,2,-1,0.45,0.2,0.9,0.9,-1,-1,0.144861,0.395152
1,2,-1,0.45,0.2,0.95,0.95,-1,-1,0.151643,0.393258
1,2,-1,0.45,0.2,1.0,1.0,-1,-1,0.155882,0.393258
1,2,-1,0.5,0.2,0.05,0.05,-1,-1,0.012267,0.696503
1,2,-1,0.5,0.2,0.1,0.1,-1,-1,0.014274,0.662669
1,2,-1,0.5,0.2,0.15,0.15,-1,-1,0.015779,0.624605
1,2,-1,0.5,0.2,0.2,0.2,-1,-1,0.020294,0.59923
1,2,-1,0.5,0.2,0.25,0.25,-1,-1,0.02782,0.565396
1,2,-1,0.5,0.2,0.3,0.3,-1,-1,0.034343,0.54002
1,2,-1,0.5,0.2,0.35,0.35,-1,-1,0.040364,0.525218
1,2,-1,0.5,0.2,0.4,0.4,-1,-1,0.050398,0.489269
1,2,-1,0.5,0.2,0.45,0.45,-1,-1,0.057924,0.468123
1,2,-1,0.5,0.2,0.5,0.5,-1,-1,0.070467,0.446977
1,2,-1,0.5,0.2,0.55,0.55,-1,-1,0.087526,0.427945
1,2,-1,0.5,0.2,0.6,0.6,-1,-1,0.102076,0.402569
1,2,-1,0.5,0.2,0.65,0.65,-1,-1,0.114118,0.389882
1,2,-1,0.5,0.2,0.7,0.7,-1,-1,0.127163,0.377194
1,2,-1,0.5,0.2,0.75,0.75,-1,-1,0.142716,0.368735
1,2,-1,0.5,0.2,0.8,0.8,-1,-1,0.150744,0.362392
1,2,-1,0.5,0.2,0.85,0.85,-1,-1,0.164291,0.358162
1,2,-1,0.5,0.2,0.9,0.9,-1,-1,0.169308,0.356048
1,2,-1,0.5,0.2,0.95,0.95,-1,-1,0.177336,0.353933
1,2,-1,0.5,0.2,1.0,1.0,-1,-1,0.182353,0.353933
1,2,-1,0.55,0.2,0.05,0.05,-1,-1,0.012431,0.691453
1,2,-1,0.55,0.2,0.1,0.1,-1,-1,0.015095,0.652569
1,2,-1,0.55,0.2,0.15,0.15,-1,-1,0.017094,0.608825
1,2,-1,0.55,0.2,0.2,0.2,-1,-1,0.023088,0.579662
1,2,-1,0.55,0.2,0.25,0.25,-1,-1,0.03308,0.540778
1,2,-1,0.55,0.2,0.3,0.3,-1,-1,0.041739,0.511615
1,2,-1,0.55,0.2,0.35,0.35,-1,-1,0.049732,0.494603
1,2,-1,0.55,0.2,0.4,0.4,-1,-1,0.063054,0.453289
1,2,-1,0.55,0.2,0.45,0.45,-1,-1,0.073045,0.428986
1,2,-1,0.55,0.2,0.5,0.5,-1,-1,0.089697,0.404684
1,2,-1,0.55,0.2,0.55,0.55,-1,-1,0.112344,0.382812
1,2,-1,0.55,0.2,0.6,0.6,-1,-1,0.131661,0.353648
1,2,-1,0.55,0.2,0.65,0.65,-1,-1,0.147647,0.339067
1,2,-1,0.55,0.2,0.7,0.7,-1,-1,0.164965,0.324486
1,2,-1,0.55,0.2,0.75,0.75,-1,-1,0.185614,0.314765
1,2,-1,0.55,0.2,0.8,0.8,-1,-1,0.196271,0.307474
1,2,-1,0.55,0.2,0.85,0.85,-1,-1,0.214256,0.302614
1,2,-1,0.55,0.2,0.9,0.9,-1,-1,0.220917,0.300183
1,2,-1,0.55,0.2,0.95,0.95,-1,-1,0.231574,0.297753
1,2,-1,0.55,0.2,1.0,1.0,-1,-1,0.238235,0.297753
1,2,-1,0.6,0.2,0.05,0.05,-1,-1,0.012552,0.684383
1,2,-1,0.6,0.2,0.1,0.1,-1,-1,0.015701,0.63843
1,2,-1,0.6,0.2,0.15,0.15,-1,-1,0.018062,0.586731
1,2,-1,0.6,0.2,0.2,0.2,-1,-1,0.025147,0.552266
1,2,-1,0.6,0.2,0.25,0.25,-1,-1,0.036955,0.506312
1,2,-1,0.6,0.2,0.3,0.3,-1,-1,0.047189,0.471847
1,2,-1,0.6,0.2,0.35,0.35,-1,-1,0.056635,0.451742
1,2,-1,0.6,0.2,0.4,0.4,-1,-1,0.072379,0.402916
1,2,-1,0.6,0.2,0.45,0.45,-1,-1,0.084187,0.374195
1,2,-1,0.6,0.2,0.5,0.5,-1,-1,0.103867,0.345474
1,2,-1,0.6,0.2,0.55,0.55,-1,-1,0.130632,0.319625
1,2,-1,0.6,0.2,0.6,0.6,-1,-1,0.153461,0.285159
1,2,-1,0.6,0.2,0.65,0.65,-1,-1,0.172353,0.267927
1,2,-1,0.6,0.2,0.7,0.7,-1,-1,0.19282,0.250694
1,2,-1,0.6,0.2,0.75,0.75,-1,-1,0.217223,0.239206
1,2,-1,0.6,0.2,0.8,0.8,-1,-1,0.229819,0.230589
1,2,-1,0.6,0.2,0.85,0.85,-1,-1,0.251073,0.224845
1,2,-1,0.6,0.2,0.9,0.9,-1,-1,0.258945,0.221973
1,2,-1,0.6,0.2,0.95,0.95,-1,-1,0.27154,0.219101
1,2,-1,0.6,0.2,1.0,1.0,-1,-1,0.279412,0.219101
1,2,-1,0.65,0.2,0.05,0.05,-1,-1,0.012734,0.678323
1,2,-1,0.65,0.2,0.1,0.1,-1,-1,0.016609,0.62631
1,2,-1,0.65,0.2,0.15,0.15,-1,-1,0.019516,0.567794
1,2,-1,0.65,0.2,0.2,0.2,-1,-1,0.028236,0.528784
1,2,-1,0.65,0.2,0.25,0.25,-1,-1,0.042769,0.476771
1,2,-1,0.65,0.2,0.3,0.3,-1,-1,0.055364,0.43776
1,2,-1,0.65,0.2,0.35,0.35,-1,-1,0.06699,0.415004
1,2,-1,0.65,0.2,0.4,0.4,-1,-1,0.086367,0.35974
1,2,-1,0.65,0.2,0.45,0.45,-1,-1,0.1009,0.327231
1,2,-1,0.65,0.2,0.5,0.5,-1,-1,0.125121,0.294723
1,2,-1,0.65,0.2,0.55,0.55,-1,-1,0.158062,0.265465
1,2,-1,0.65,0.2,0.6,0.6,-1,-1,0.186159,0.226454
1,2,-1,0.65,0.2,0.65,0.65,-1,-1,0.209412,0.20695
1,2,-1,0.65,0.2,0.7,0.7,-1,-1,0.234602,0.187445
1,2,-1,0.65,0.2,0.75,0.75,-1,-1,0.264636,0.174441
1,2,-1,0.65,0.2,0.8,0.8,-1,-1,0.280138,0.164688
1,2,-1,0.65,0.2,0.85,0.85,-1,-1,0.306297,0.158187
1,2,-1,0.65,0.2,0.9,0.9,-1,-1,0.315986,0.154936
1,2,-1,0.65,0.2,0.95,0.95,-1,-1,0.331487,0.151685
1,2,-1,0.65,0.2,1.0,1.0,-1,-1,0.341176,0.151685
1,2,-1,0.7,0.2,0.05,0.05,-1,-1,0.012864,0.674283
1,2,-1,0.7,0.2,0.1,0.1,-1,-1,0.017258,0.61823
1,2,-1,0.7,0.2,0.15,0.15,-1,-1,0.020554,0.55517
1,2,-1,0.7,0.2,0.2,0.2,-1,-1,0.030441,0.51313
1,2,-1,0.7,0.2,0.25,0.25,-1,-1,0.046921,0.457076
1,2,-1,0.7,0.2,0.3,0.3,-1,-1,0.061203,0.415036
1,2,-1,0.7,0.2,0.35,0.35,-1,-1,0.074386,0.390513
1,2,-1,0.7,0.2,0.4,0.4,-1,-1,0.096358,0.330956
1,2,-1,0.7,0.2,0.45,0.45,-1,-1,0.112837,0.295923
1,2,-1,0.7,0.2,0.5,0.5,-1,-1,0.140303,0.260889
1,2,-1,0.7,0.2,0.55,0.55,-1,-1,0.177656,0.229359
1,2,-1,0.7,0.2,0.6,0.6,-1,-1,0.209516,0.187319
1,2,-1,0.7,0.2,0.65,0.65,-1,-1,0.235882,0.166299
1,2,-1,0.7,0.2,0.7,0.7,-1,-1,0.264447,0.145279
1,2,-1,0.7,0.2,0.75,0.75,-1,-1,0.298503,0.131265
1,2,-1,0.7,0.2,0.8,0.8,-1,-1,0.316081,0.120755
1,2,-1,0.7,0.2,0.85,0.85,-1,-1,0.345744,0.113749
1,2,-1,0.7,0.2,0.9,0.9,-1,-1,0.35673,0.110245
1,2,-1,0.7,0.2,0.95,0.95,-1,-1,0.374308,0.106742
1,2,-1,0.7,0.2,1.0,1.0,-1,-1,0.385294,0.106742
1,2,-1,0.75,0.2,0.05,0.05,-1,-1,0.013097,0.672263
1,2,-1,0.75,0.2,0.1,0.1,-1,-1,0.018426,0.61419
1,2,-1,0.75,0.2,0.15,0.15,-1,-1,0.022422,0.548857
1,2,-1,0.75,0.2,0.2,0.2,-1,-1,0.034412,0.505302
1,2,-1,0.75,0.2,0.25,0.25,-1,-1,0.054395,0.447229
1,2,-1,0.75,0.2,0.3,0.3,-1,-1,0.071713,0.403674
1,2,-1,0.75,0.2,0.35,0.35,-1,-1,0.087699,0.378267
1,2,-1,0.75,0.2,0.4,0.4,-1,-1,0.114343,0.316564
1,2,-1,0.75,0.2,0.45,0.45,-1,-1,0.134325,0.280268
1,2,-1,0.75,0.2,0.5,0.5,-1,-1,0.16763,0.243972
1,2,-1,0.75,0.2,0.55,0.55,-1,-1,0.212924,0.211306
1,2,-1,0.75,0.2,0.6,0.6,-1,-1,0.251557,0.16775
1,2,-1,0.75,0.2,0.65,0.65,-1,-1,0.28353,0.145973
1,2,-1,0.75,0.2,0.7,0.7,-1,-1,0.318166,0.124196
1,2,-1,0.75,0.2,0.75,0.75,-1,-1,0.359464,0.109677
1,2,-1,0.75,0.2,0.8,0.8,-1,-1,0.380779,0.098788
1,2,-1,0.75,0.2,0.85,0.85,-1,-1,0.416748,0.091529
1,2,-1,0.75,0.2,0.9,0.9,-1,-1,0.430069,0.0879
1,2,-1,0.75,0.2,0.95,0.95,-1,-1,0.451384,0.08427
1,2,-1,0.75,0.2,1.0,1.0,-1,-1,0.464706,0.08427
1,2,-1,0.8,0.2,0.05,0.05,-1,-1,0.013339,0.668223
1,2,-1,0.8,0.2,0.1,0.1,-1,-1,0.019637,0.60611
1,2,-1,0.8,0.2,0.15,0.15,-1,-1,0.02436,0.536233
1,2,-1,0.8,0.2,0.2,0.2,-1,-1,0.03853,0.489648
1,2,-1,0.8,0.2,0.25,0.25,-1,-1,0.062146,0.427535
1,2,-1,0.8,0.2,0.3,0.3,-1,-1,0.082613,0.380949
1,2,-1,0.8,0.2,0.35,0.35,-1,-1,0.101505,0.353775
1,2,-1,0.8,0.2,0.4,0.4,-1,-1,0.132994,0.28778
1,2,-1,0.8,0.2,0.45,0.45,-1,-1,0.156609,0.248959
1,2,-1,0.8,0.2,0.5,0.5,-1,-1,0.195969,0.210138
1,2,-1,0.8,0.2,0.55,0.55,-1,-1,0.249499,0.175199
1,2,-1,0.8,0.2,0.6,0.6,-1,-1,0.295156,0.128614
1,2,-1,0.8,0.2,0.65,0.65,-1,-1,0.332941,0.105322
1,2,-1,0.8,0.2,0.7,0.7,-1,-1,0.373876,0.082029
1,2,-1,0.8,0.2,0.75,0.75,-1,-1,0.422682,0.066501
1,2,-1,0.8,0.2,0.8,0.8,-1,-1,0.447872,0.054854
1,2,-1,0.8,0.2,0.85,0.85,-1,-1,0.490381,0.04709
1,2,-1,0.8,0.2,0.9,0.9,-1,-1,0.506125,0.043208
1,2,-1,0.8,0.2,0.95,0.95,-1,-1,0.531315,0.039326
1,2,-1,0.8,0.2,1.0,1.0,-1,-1,0.547059,0.039326
1,2,-1,0.85,0.2,0.05,0.05,-1,-1,0.013538,0.666708
1,2,-1,0.85,0.2,0.1,0.1,-1,-1,0.020632,0.603081
1,2,-1,0.85,0.2,0.15,0.15,-1,-1,0.025952,0.531498
1,2,-1,0.85,0.2,0.2,0.2,-1,-1,0.041912,0.483777
1,2,-1,0.85,0.2,0.25,0.25,-1,-1,0.068513,0.420149
1,2,-1,0.85,0.2,0.3,0.3,-1,-1,0.091566,0.372428
1,2,-1,0.85,0.2,0.35,0.35,-1,-1,0.112846,0.34459
1,2,-1,0.85,0.2,0.4,0.4,-1,-1,0.148314,0.276986
1,2,-1,0.85,0.2,0.45,0.45,-1,-1,0.174914,0.237218
1,2,-1,0.85,0.2,0.5,0.5,-1,-1,0.219248,0.19745
1,2,-1,0.85,0.2,0.55,0.55,-1,-1,0.279542,0.161659
1,2,-1,0.85,0.2,0.6,0.6,-1,-1,0.330969,0.113937
1,2,-1,0.85,0.2,0.65,0.65,-1,-1,0.37353,0.090077
1,2,-1,0.85,0.2,0.7,0.7,-1,-1,0.419637,0.066217
1,2,-1,0.85,0.2,0.75,0.75,-1,-1,0.474611,0.050309
1,2,-1,0.85,0.2,0.8,0.8,-1,-1,0.502985,0.038379
1,2,-1,0.85,0.2,0.85,0.85,-1,-1,0.550865,0.030426
1,2,-1,0.85,0.2,0.9,0.9,-1,-1,0.568598,0.026449
1,2,-1,0.85,0.2,0.95,0.95,-1,-1,0.596972,0.022472
1,2,-1,0.85,0.2,1.0,1.0,-1,-1,0.614706,0.022472
1,2,-1,0.9,0.2,0.05,0.05,-1,-1,0.013884,0.665193
1,2,-1,0.9,0.2,0.1,0.1,-1,-1,0.022362,0.600051
1,2,-1,0.9,0.2,0.15,0.15,-1,-1,0.02872,0.526764
1,2,-1,0.9,0.2,0.2,0.2,-1,-1,0.047794,0.477907
1,2,-1,0.9,0.2,0.25,0.25,-1,-1,0.079585,0.412764
1,2,-1,0.9,0.2,0.3,0.3,-1,-1,0.107137,0.363906
1,2,-1,0.9,0.2,0.35,0.35,-1,-1,0.132569,0.335406
1,2,-1,0.9,0.2,0.4,0.4,-1,-1,0.174957,0.266191
1,2,-1,0.9,0.2,0.45,0.45,-1,-1,0.206747,0.225477
1,2,-1,0.9,0.2,0.5,0.5,-1,-1,0.259732,0.184762
1,2,-1,0.9,0.2,0.55,0.55,-1,-1,0.331791,0.148119
1,2,-1,0.9,0.2,0.6,0.6,-1,-1,0.393253,0.099261
1,2,-1,0.9,0.2,0.65,0.65,-1,-1,0.444118,0.074833
1,2,-1,0.9,0.2,0.7,0.7,-1,-1,0.499222,0.050404
1,2,-1,0.9,0.2,0.75,0.75,-1,-1,0.564922,0.034118
1,2,-1,0.9,0.2,0.8,0.8,-1,-1,0.598832,0.021904
1,2,-1,0.9,0.2,0.85,0.85,-1,-1,0.656056,0.013761
1,2,-1,0.9,0.2,0.9,0.9,-1,-1,0.677249,0.009689
1,2,-1,0.9,0.2,0.95,0.95,-1,-1,0.711159,0.005618
1,2,-1,0.9,0.2,1.0,1.0,-1,-1,0.732353,0.005618
1,2,-1,0.95,0.2,0.05,0.05,-1,-1,0.014204,0.664688
1,2,-1,0.95,0.2,0.1,0.1,-1,-1,0.023962,0.599041
1,2,-1,0.95,0.2,0.15,0.15,-1,-1,0.03128,0.525186
1,2,-1,0.95,0.2,0.2,0.2,-1,-1,0.053236,0.47595
1,2,-1,0.95,0.2,0.25,0.25,-1,-1,0.089828,0.410302
1,2,-1,0.95,0.2,0.3,0.3,-1,-1,0.12154,0.361065
1,2,-1,0.95,0.2,0.35,0.35,-1,-1,0.150813,0.332344
1,2,-1,0.95,0.2,0.4,0.4,-1,-1,0.199603,0.262593
1,2,-1,0.95,0.2,0.45,0.45,-1,-1,0.236194,0.221563
1,2,-1,0.95,0.2,0.5,0.5,-1,-1,0.29718,0.180533
1,2,-1,0.95,0.2,0.55,0.55,-1,-1,0.380121,0.143605
1,2,-1,0.95,0.2,0.6,0.6,-1,-1,0.450865,0.094369
1,2,-1,0.95,0.2,0.65,0.65,-1,-1,0.509412,0.069752
1,2,-1,0.95,0.2,0.7,0.7,-1,-1,0.572837,0.045133
1,2,-1,0.95,0.2,0.75,0.75,-1,-1,0.64846,0.028721
1,2,-1,0.95,0.2,0.8,0.8,-1,-1,0.687491,0.016412
1,2,-1,0.95,0.2,0.85,0.85,-1,-1,0.753356,0.008206
1,2,-1,0.95,0.2,0.9,0.9,-1,-1,0.77775,0.004103
1,2,-1,0.95,0.2,0.95,0.95,-1,-1,0.816781,0.0
1,2,-1,0.95,0.2,1.0,1.0,-1,-1,0.841176,0.0
1,2,-1,1.0,0.2,0.05,0.05,-1,-1,0.014671,0.664688
1,2,-1,1.0,0.2,0.1,0.1,-1,-1,0.026298,0.599041
1,2,-1,1.0,0.2,0.15,0.15,-1,-1,0.035017,0.525186
1,2,-1,1.0,0.2,0.2,0.2,-1,-1,0.061177,0.47595
1,2,-1,1.0,0.2,0.25,0.25,-1,-1,0.104776,0.410302
1,2,-1,1.0,0.2,0.3,0.3,-1,-1,0.142561,0.361065
1,2,-1,1.0,0.2,0.35,0.35,-1,-1,0.17744,0.332344
1,2,-1,1.0,0.2,0.4,0.4,-1,-1,0.235572,0.262593
1,2,-1,1.0,0.2,0.45,0.45,-1,-1,0.27917,0.221563
1,2,-1,1.0,0.2,0.5,0.5,-1,-1,0.351834,0.180533
1,2,-1,1.0,0.2,0.55,0.55,-1,-1,0.450658,0.143605
1,2,-1,1.0,0.2,0.6,0.6,-1,-1,0.534948,0.094369
1,2,-1,1.0,0.2,0.65,0.65,-1,-1,0.604706,0.069752
1,2,-1,1.0,0.2,0.7,0.7,-1,-1,0.680277,0.045133
1,2,-1,1.0,0.2,0.75,0.75,-1,-1,0.770381,0.028721
1,2,-1,1.0,0.2,0.8,0.8,-1,-1,0.816886,0.016412
1,2,-1,1.0,0.2,0.85,0.85,-1,-1,0.895364,0.008206
1,2,-1,1.0,0.2,0.9,0.9,-1,-1,0.924429,0.004103
1,2,-1,1.0,0.2,0.95,0.95,-1,-1,0.970934,0.0
1,2,-1,1.0,0.2,1.0,1.0,-1,-1,1.0,0.0
1,2,-1,0.25,0.25,0.05,0.05,-1,-1,0.032353,0.646067
1,2,-1,0.25,0.25,0.1,0.1,-1,-1,0.032353,0.646067
1,2,-1,0.25,0.25,0.15,0.15,-1,-1,0.032353,0.646067
1,2,-1,0.25,0.25,0.2,0.2,-1,-1,0.032353,0.646067
1,2,-1,0.25,0.25,0.25,0.25,-1,-1,0.032353,0.646067
1,2,-1,0.25,0.25,0.3,0.3,-1,-1,0.032353,0.646067
1,2,-1,0.25,0.25,0.35,0.35,-1,-1,0.032353,0.646067
1,2,-1,0.25,0.25,0.4,0.4,-1,-1,0.032353,0.646067
1,2,-1,0.25,0.25,0.45,0.45,-1,-1,0.032353,0.646067
1,2,-1,0.25,0.25,0.5,0.5,-1,-1,0.032353,0.646067
1,2,-1,0.25,0.25,0.55,0.55,-1,-1,0.032353,0.646067
1,2,-1,0.25,0.25,0.6,0.6,-1,-1,0.032353,0.646067
1,2,-1,0.25,0.25,0.65,0.65,-1,-1,0.032353,0.646067
1,2,-1,0.25,0.25,0.7,0.7,-1,-1,0.032353,0.646067
1,2,-1,0.25,0.25,0.75,0.75,-1,-1,0.032353,0.646067
1,2,-1,0.25,0.25,0.8,0.8,-1,-1,0.032353,0.646067
1,2,-1,0.25,0.25,0.85,0.85,-1,-1,0.032353,0.646067
1,2,-1,0.25,0.25,0.9,0.9,-1,-1,0.032353,0.646067
1,2,-1,0.25,0.25,0.95,0.95,-1,-1,0.032353,0.646067
1,2,-1,0.25,0.25,1.0,1.0,-1,-1,0.032353,0.646067
1,2,-1,0.3,0.25,0.05,0.05,-1,-1,0.032388,0.640512
1,2,-1,0.3,0.25,0.1,0.1,-1,-1,0.032526,0.634957
1,2,-1,0.3,0.25,0.15,0.15,-1,-1,0.03263,0.628708
1,2,-1,0.3,0.25,0.2,0.2,-1,-1,0.032941,0.624542
1,2,-1,0.3,0.25,0.25,0.25,-1,-1,0.03346,0.618987
1,2,-1,0.3,0.25,0.3,0.3,-1,-1,0.03391,0.614821
1,2,-1,0.3,0.25,0.35,0.35,-1,-1,0.034325,0.612391
1,2,-1,0.3,0.25,0.4,0.4,-1,-1,0.035017,0.606489
1,2,-1,0.3,0.25,0.45,0.45,-1,-1,0.035536,0.603017
1,2,-1,0.3,0.25,0.5,0.5,-1,-1,0.036402,0.599546
1,2,-1,0.3,0.25,0.55,0.55,-1,-1,0.037578,0.596421
1,2,-1,0.3,0.25,0.6,0.6,-1,-1,0.038582,0.592255
1,2,-1,0.3,0.25,0.65,0.65,-1,-1,0.039412,0.590172
1,2,-1,0.3,0.25,0.7,0.7,-1,-1,0.040312,0.588089
1,2,-1,0.3,0.25,0.75,0.75,-1,-1,0.041384,0.5867
1,2,-1,0.3,0.25,0.8,0.8,-1,-1,0.041938,0.585659
1,2,-1,0.3,0.25,0.85,0.85,-1,-1,0.042872,0.584964
1,2,-1,0.3,0.25,0.9,0.9,-1,-1,0.043218,0.584617
1,2,-1,0.3,0.25,0.95,0.95,-1,-1,0.043772,0.58427
1,2,-1,0.3,0.25,1.0,1.0,-1,-1,0.044118,0.58427
1,2,-1,0.35,0.25,0.05,0.05,-1,-1,0.032491,0.633442
1,2,-1,0.35,0.25,0.1,0.1,-1,-1,0.033045,0.620818
1,2,-1,0.35,0.25,0.15,0.15,-1,-1,0.03346,0.606615
1,2,-1,0.35,0.25,0.2,0.2,-1,-1,0.034706,0.597147
1,2,-1,0.35,0.25,0.25,0.25,-1,-1,0.036782,0.584522
1,2,-1,0.35,0.25,0.3,0.3,-1,-1,0.038581,0.575053
1,2,-1,0.35,0.25,0.35,0.35,-1,-1,0.040242,0.56953
1,2,-1,0.35,0.25,0.4,0.4,-1,-1,0.04301,0.556117
1,2,-1,0.35,0.25,0.45,0.45,-1,-1,0.045087,0.548226
1,2,-1,0.35,0.25,0.5,0.5,-1,-1,0.048547,0.540336
1,2,-1,0.35,0.25,0.55,0.55,-1,-1,0.053253,0.533234
1,2,-1,0.35,0.25,0.6,0.6,-1,-1,0.057267,0.523766
1,2,-1,0.35,0.25,0.65,0.65,-1,-1,0.060588,0.519032
1,2,-1,0.35,0.25,0.7,0.7,-1,-1,0.064187,0.514297
1,2,-1,0.35,0.25,0.75,0.75,-1,-1,0.068478,0.511141
1,2,-1,0.35,0.25,0.8,0.8,-1,-1,0.070692,0.508774
1,2,-1,0.35,0.25,0.85,0.85,-1,-1,0.074429,0.507196
1,2,-1,0.35,0.25,0.9,0.9,-1,-1,0.075813,0.506407
1,2,-1,0.35,0.25,0.95,0.95,-1,-1,0.078028,0.505618
1,2,-1,0.35,0.25,1.0,1.0,-1,-1,0.079412,0.505618
1,2,-1,0.4,0.25,0.05,0.05,-1,-1,0.032604,0.629402
1,2,-1,0.4,0.25,0.1,0.1,-1,-1,0.033607,0.612738
1,2,-1,0.4,0.25,0.15,0.15,-1,-1,0.03436,0.59399
1,2,-1,0.4,0.25,0.2,0.2,-1,-1,0.036618,0.581492
1,2,-1,0.4,0.25,0.25,0.25,-1,-1,0.040381,0.564827
1,2,-1,0.4,0.25,0.3,0.3,-1,-1,0.043642,0.552329
1,2,-1,0.4,0.25,0.35,0.35,-1,-1,0.046652,0.545038
1,2,-1,0.4,0.25,0.4,0.4,-1,-1,0.05167,0.527332
1,2,-1,0.4,0.25,0.45,0.45,-1,-1,0.055433,0.516917
1,2,-1,0.4,0.25,0.5,0.5,-1,-1,0.061704,0.506501
1,2,-1,0.4,0.25,0.55,0.55,-1,-1,0.070234,0.497128
1,2,-1,0.4,0.25,0.6,0.6,-1,-1,0.077509,0.484629
1,2,-1,0.4,0.25,0.65,0.65,-1,-1,0.083529,0.47838
1,2,-1,0.4,0.25,0.7,0.7,-1,-1,0.090052,0.472131
1,2,-1,0.4,0.25,0.75,0.75,-1,-1,0.097829,0.467965
1,2,-1,0.4,0.25,0.8,0.8,-1,-1,0.101843,0.46484
1,2,-1,0.4,0.25,0.85,0.85,-1,-1,0.108616,0.462757
1,2,-1,0.4,0.25,0.9,0.9,-1,-1,0.111124,0.461716
1,2,-1,0.4,0.25,0.95,0.95,-1,-1,0.115138,0.460674
1,2,-1,0.4,0.25,1.0,1.0,-1,-1,0.117647,0.460674
1,2,-1,0.45,0.25,0.05,0.05,-1,-1,0.032716,0.623343
1,2,-1,0.45,0.25,0.1,0.1,-1,-1,0.03417,0.600618
1,2,-1,0.45,0.25,0.15,0.15,-1,-1,0.03526,0.575053
1,2,-1,0.45,0.25,0.2,0.2,-1,-1,0.038529,0.55801
1,2,-1,0.45,0.25,0.25,0.25,-1,-1,0.043979,0.535286
1,2,-1,0.45,0.25,0.3,0.3,-1,-1,0.048702,0.518242
1,2,-1,0.45,0.25,0.35,0.35,-1,-1,0.053062,0.5083
1,2,-1,0.45,0.25,0.4,0.4,-1,-1,0.060329,0.484156
1,2,-1,0.45,0.25,0.45,0.45,-1,-1,0.065778,0.469953
1,2,-1,0.45,0.25,0.5,0.5,-1,-1,0.074862,0.45575
1,2,-1,0.45,0.25,0.55,0.55,-1,-1,0.087214,0.442968
1,2,-1,0.45,0.25,0.6,0.6,-1,-1,0.097751,0.425924
1,2,-1,0.45,0.25,0.65,0.65,-1,-1,0.10647,0.417403
1,2,-1,0.45,0.25,0.7,0.7,-1,-1,0.115917,0.408881
1,2,-1,0.45,0.25,0.75,0.75,-1,-1,0.12718,0.4032
1,2,-1,0.45,0.25,0.8,0.8,-1,-1,0.132993,0.398939
1,2,-1,0.45,0.25,0.85,0.85,-1,-1,0.142803,0.396099
1,2,-1,0.45,0.25,0.9,0.9,-1,-1,0.146436,0.394678
1,2,-1,0.45,0.25,0.95,0.95,-1,-1,0.152249,0.393258
1,2,-1,0.45,0.25,1.0,1.0,-1,-1,0.155882,0.393258
1,2,-1,0.5,0.25,0.05,0.05,-1,-1,0.032794,0.619808
1,2,-1,0.5,0.25,0.1,0.1,-1,-1,0.034559,0.593549
1,2,-1,0.5,0.25,0.15,0.15,-1,-1,0.035882,0.564007
1,2,-1,0.5,0.25,0.2,0.2,-1,-1,0.039853,0.544312
1,2,-1,0.5,0.25,0.25,0.25,-1,-1,0.046471,0.518053
1,2,-1,0.5,0.25,0.3,0.3,-1,-1,0.052206,0.498359
1,2,-1,0.5,0.25,0.35,0.35,-1,-1,0.0575,0.48687
1,2,-1,0.5,0.25,0.4,0.4,-1,-1,0.066324,0.45897
1,2,-1,0.5,0.25,0.45,0.45,-1,-1,0.072941,0.442558
1,2,-1,0.5,0.25,0.5,0.5,-1,-1,0.083971,0.426146
1,2,-1,0.5,0.25,0.55,0.55,-1,-1,0.098971,0.411375
1,2,-1,0.5,0.25,0.6,0.6,-1,-1,0.111765,0.391681
1,2,-1,0.5,0.25,0.65,0.65,-1,-1,0.122353,0.381834
1,2,-1,0.5,0.25,0.7,0.7,-1,-1,0.133824,0.371986
1,2,-1,0.5,0.25,0.75,0.75,-1,-1,0.1475,0.365421
1,2,-1,0.5,0.25,0.8,0.8,-1,-1,0.154559,0.360498
1,2,-1,0.5,0.25,0.85,0.85,-1,-1,0.166471,0.357215
1,2,-1,0.5,0.25,0.9,0.9,-1,-1,0.170882,0.355574
1,2,-1,0.5,0.25,0.95,0.95,-1,-1,0.177941,0.353933
1,2,-1,0.5,0.25,1.0,1.0,-1,-1,0.182353,0.353933
1,2,-1,0.55,0.25,0.05,0.05,-1,-1,0.032958,0.614758
1,2,-1,0.55,0.25,0.1,0.1,-1,-1,0.035381,0.583449
1,2,-1,0.55,0.25,0.15,0.15,-1,-1,0.037197,0.548226
1,2,-1,0.55,0.25,0.2,0.2,-1,-1,0.042647,0.524744
1,2,-1,0.55,0.25,0.25,0.25,-1,-1,0.05173,0.493435
1,2,-1,0.55,0.25,0.3,0.3,-1,-1,0.059602,0.469953
1,2,-1,0.55,0.25,0.35,0.35,-1,-1,0.066868,0.456255
1,2,-1,0.55,0.25,0.4,0.4,-1,-1,0.078979,0.42299
1,2,-1,0.55,0.25,0.45,0.45,-1,-1,0.088062,0.403421
1,2,-1,0.55,0.25,0.5,0.5,-1,-1,0.103201,0.383853
1,2,-1,0.55,0.25,0.55,0.55,-1,-1,0.123789,0.366242
1,2,-1,0.55,0.25,0.6,0.6,-1,-1,0.141349,0.34276
1,2,-1,0.55,0.25,0.65,0.65,-1,-1,0.155882,0.331019
1,2,-1,0.55,0.25,0.7,0.7,-1,-1,0.171626,0.319278
1,2,-1,0.55,0.25,0.75,0.75,-1,-1,0.190398,0.311451
1,2,-1,0.55,0.25,0.8,0.8,-1,-1,0.200086,0.30558
1,2,-1,0.55,0.25,0.85,0.85,-1,-1,0.216436,0.301667
1,2,-1,0.55,0.25,0.9,0.9,-1,-1,0.222491,0.29971
1,2,-1,0.55,0.25,0.95,0.95,-1,-1,0.23218,0.297753
1,2,-1,0.55,0.25,1.0,1.0,-1,-1,0.238235,0.297753
1,2,-1,0.6,0.25,0.05,0.05,-1,-1,0.03308,0.607688
1,2,-1,0.6,0.25,0.1,0.1,-1,-1,0.035986,0.569309
1,2,-1,0.6,0.25,0.15,0.15,-1,-1,0.038166,0.526133
1,2,-1,0.6,0.25,0.2,0.2,-1,-1,0.044706,0.497348
1,2,-1,0.6,0.25,0.25,0.25,-1,-1,0.055606,0.45897
1,2,-1,0.6,0.25,0.3,0.3,-1,-1,0.065052,0.430185
1,2,-1,0.6,0.25,0.35,0.35,-1,-1,0.073772,0.413394
1,2,-1,0.6,0.25,0.4,0.4,-1,-1,0.088305,0.372617
1,2,-1,0.6,0.25,0.45,0.45,-1,-1,0.099204,0.34863
1,2,-1,0.6,0.25,0.5,0.5,-1,-1,0.11737,0.324643
1,2,-1,0.6,0.25,0.55,0.55,-1,-1,0.142076,0.303055
1,2,-1,0.6,0.25,0.6,0.6,-1,-1,0.163149,0.274271
1,2,-1,0.6,0.25,0.65,0.65,-1,-1,0.180588,0.259879
1,2,-1,0.6,0.25,0.7,0.7,-1,-1,0.199481,0.245487
1,2,-1,0.6,0.25,0.75,0.75,-1,-1,0.222007,0.235892
1,2,-1,0.6,0.25,0.8,0.8,-1,-1,0.233633,0.228696
1,2,-1,0.6,0.25,0.85,0.85,-1,-1,0.253253,0.223898
1,2,-1,0.6,0.25,0.9,0.9,-1,-1,0.260519,0.2215
1,2,-1,0.6,0.25,0.95,0.95,-1,-1,0.272146,0.219101
1,2,-1,0.6,0.25,1.0,1.0,-1,-1,0.279412,0.219101
1,2,-1,0.65,0.25,0.05,0.05,-1,-1,0.033261,0.601628
1,2,-1,0.65,0.25,0.1,0.1,-1,-1,0.036895,0.557189
1,2,-1,0.65,0.25,0.15,0.15,-1,-1,0.039619,0.507196
1,2,-1,0.65,0.25,0.2,0.2,-1,-1,0.047794,0.473866
1,2,-1,0.65,0.25,0.25,0.25,-1,-1,0.061419,0.429428
1,2,-1,0.65,0.25,0.3,0.3,-1,-1,0.073227,0.396099
1,2,-1,0.65,0.25,0.35,0.35,-1,-1,0.084126,0.376656
1,2,-1,0.65,0.25,0.4,0.4,-1,-1,0.102292,0.329441
1,2,-1,0.65,0.25,0.45,0.45,-1,-1,0.115917,0.301666
1,2,-1,0.65,0.25,0.5,0.5,-1,-1,0.138625,0.273892
1,2,-1,0.65,0.25,0.55,0.55,-1,-1,0.169507,0.248895
1,2,-1,0.65,0.25,0.6,0.6,-1,-1,0.195848,0.215566
1,2,-1,0.65,0.25,0.65,0.65,-1,-1,0.217647,0.198901
1,2,-1,0.65,0.25,0.7,0.7,-1,-1,0.241263,0.182237
1,2,-1,0.65,0.25,0.75,0.75,-1,-1,0.26942,0.171127
1,2,-1,0.65,0.25,0.8,0.8,-1,-1,0.283953,0.162795
1,2,-1,0.65,0.25,0.85,0.85,-1,-1,0.308477,0.15724
1,2,-1,0.65,0.25,0.9,0.9,-1,-1,0.31756,0.154462
1,2,-1,0.65,0.25,0.95,0.95,-1,-1,0.332093,0.151685
1,2,-1,0.65,0.25,1.0,1.0,-1,-1,0.341176,0.151685
1,2,-1,0.7,0.25,0.05,0.05,-1,-1,0.033391,0.597588
1,2,-1,0.7,0.25,0.1,0.1,-1,-1,0.037543,0.54911
1,2,-1,0.7,0.25,0.15,0.15,-1,-1,0.040657,0.494571
1,2,-1,0.7,0.25,0.2,0.2,-1,-1,0.05,0.458212
1,2,-1,0.7,0.25,0.25,0.25,-1,-1,0.065571,0.409734
1,2,-1,0.7,0.25,0.3,0.3,-1,-1,0.079066,0.373375
1,2,-1,0.7,0.25,0.35,0.35,-1,-1,0.091522,0.352165
1,2,-1,0.7,0.25,0.4,0.4,-1,-1,0.112284,0.300657
1,2,-1,0.7,0.25,0.45,0.45,-1,-1,0.127855,0.270358
1,2,-1,0.7,0.25,0.5,0.5,-1,-1,0.153806,0.240058
1,2,-1,0.7,0.25,0.55,0.55,-1,-1,0.1891,0.212789
1,2,-1,0.7,0.25,0.6,0.6,-1,-1,0.219204,0.17643
1,2,-1,0.7,0.25,0.65,0.65,-1,-1,0.244118,0.158251
1,2,-1,0.7,0.25,0.7,0.7,-1,-1,0.271107,0.140071
1,2,-1,0.7,0.25,0.75,0.75,-1,-1,0.303287,0.127951
1,2,-1,0.7,0.25,0.8,0.8,-1,-1,0.319896,0.118862
1,2,-1,0.7,0.25,0.85,0.85,-1,-1,0.347924,0.112802
1,2,-1,0.7,0.25,0.9,0.9,-1,-1,0.358304,0.109772
1,2,-1,0.7,0.25,0.95,0.95,-1,-1,0.374913,0.106742
1,2,-1,0.7,0.25,1.0,1.0,-1,-1,0.385294,0.106742
1,2,-1,0.75,0.25,0.05,0.05,-1,-1,0.033625,0.595568
1,2,-1,0.75,0.25,0.1,0.1,-1,-1,0.038711,0.54507
1,2,-1,0.75,0.25,0.15,0.15,-1,-1,0.042526,0.488259
1,2,-1,0.75,0.25,0.2,0.2,-1,-1,0.053971,0.450385
1,2,-1,0.75,0.25,0.25,0.25,-1,-1,0.073045,0.399886
1,2,-1,0.75,0.25,0.3,0.3,-1,-1,0.089576,0.362012
1,2,-1,0.75,0.25,0.35,0.35,-1,-1,0.104836,0.339919
1,2,-1,0.75,0.25,0.4,0.4,-1,-1,0.130268,0.286265
1,2,-1,0.75,0.25,0.45,0.45,-1,-1,0.149343,0.254703
1,2,-1,0.75,0.25,0.5,0.5,-1,-1,0.181133,0.223141
1,2,-1,0.75,0.25,0.55,0.55,-1,-1,0.224369,0.194736
1,2,-1,0.75,0.25,0.6,0.6,-1,-1,0.261246,0.156861
1,2,-1,0.75,0.25,0.65,0.65,-1,-1,0.291765,0.137925
1,2,-1,0.75,0.25,0.7,0.7,-1,-1,0.324827,0.118988
1,2,-1,0.75,0.25,0.75,0.75,-1,-1,0.364247,0.106363
1,2,-1,0.75,0.25,0.8,0.8,-1,-1,0.384594,0.096895
1,2,-1,0.75,0.25,0.85,0.85,-1,-1,0.418928,0.090582
1,2,-1,0.75,0.25,0.9,0.9,-1,-1,0.431644,0.087426
1,2,-1,0.75,0.25,0.95,0.95,-1,-1,0.45199,0.08427
1,2,-1,0.75,0.25,1.0,1.0,-1,-1,0.464706,0.08427
1,2,-1,0.8,0.25,0.05,0.05,-1,-1,0.033867,0.591528
1,2,-1,0.8,0.25,0.1,0.1,-1,-1,0.039922,0.53699
1,2,-1,0.8,0.25,0.15,0.15,-1,-1,0.044464,0.475634
1,2,-1,0.8,0.25,0.2,0.2,-1,-1,0.058088,0.43473
1,2,-1,0.8,0.25,0.25,0.25,-1,-1,0.080796,0.380192
1,2,-1,0.8,0.25,0.3,0.3,-1,-1,0.100476,0.339288
1,2,-1,0.8,0.25,0.35,0.35,-1,-1,0.118642,0.315427
1,2,-1,0.8,0.25,0.4,0.4,-1,-1,0.148919,0.25748
1,2,-1,0.8,0.25,0.45,0.45,-1,-1,0.171626,0.223394
1,2,-1,0.8,0.25,0.5,0.5,-1,-1,0.209473,0.189307
1,2,-1,0.8,0.25,0.55,0.55,-1,-1,0.260943,0.158629
1,2,-1,0.8,0.25,0.6,0.6,-1,-1,0.304845,0.117725
1,2,-1,0.8,0.25,0.65,0.65,-1,-1,0.341177,0.097273
1,2,-1,0.8,0.25,0.7,0.7,-1,-1,0.380537,0.076821
1,2,-1,0.8,0.25,0.75,0.75,-1,-1,0.427466,0.063187
1,2,-1,0.8,0.25,0.8,0.8,-1,-1,0.451687,0.052961
1,2,-1,0.8,0.25,0.85,0.85,-1,-1,0.492561,0.046143
1,2,-1,0.8,0.25,0.9,0.9,-1,-1,0.507699,0.042735
1,2,-1,0.8,0.25,0.95,0.95,-1,-1,0.53192,0.039326
1,2,-1,0.8,0.25,1.0,1.0,-1,-1,0.547059,0.039326
1,2,-1,0.85,0.25,0.05,0.05,-1,-1,0.034066,0.590013
1,2,-1,0.85,0.25,0.1,0.1,-1,-1,0.040917,0.53396
1,2,-1,0.85,0.25,0.15,0.15,-1,-1,0.046055,0.4709
1,2,-1,0.85,0.25,0.2,0.2,-1,-1,0.061471,0.42886
1,2,-1,0.85,0.25,0.25,0.25,-1,-1,0.087163,0.372806
1,2,-1,0.85,0.25,0.3,0.3,-1,-1,0.109429,0.330766
1,2,-1,0.85,0.25,0.35,0.35,-1,-1,0.129983,0.306243
1,2,-1,0.85,0.25,0.4,0.4,-1,-1,0.164239,0.246686
1,2,-1,0.85,0.25,0.45,0.45,-1,-1,0.189931,0.211653
1,2,-1,0.85,0.25,0.5,0.5,-1,-1,0.232751,0.176619
1,2,-1,0.85,0.25,0.55,0.55,-1,-1,0.290986,0.145089
1,2,-1,0.85,0.25,0.6,0.6,-1,-1,0.340658,0.103049
1,2,-1,0.85,0.25,0.65,0.65,-1,-1,0.381765,0.082029
1,2,-1,0.85,0.25,0.7,0.7,-1,-1,0.426298,0.061009
1,2,-1,0.85,0.25,0.75,0.75,-1,-1,0.479395,0.046995
1,2,-1,0.85,0.25,0.8,0.8,-1,-1,0.506799,0.036485
1,2,-1,0.85,0.25,0.85,0.85,-1,-1,0.553045,0.029479
1,2,-1,0.85,0.25,0.9,0.9,-1,-1,0.570173,0.025975
1,2,-1,0.85,0.25,0.95,0.95,-1,-1,0.597578,0.022472
1,2,-1,0.85,0.25,1.0,1.0,-1,-1,0.614706,0.022472
1,2,-1,0.9,0.25,0.05,0.05,-1,-1,0.034412,0.588498
1,2,-1,0.9,0.25,0.1,0.1,-1,-1,0.042647,0.53093
1,2,-1,0.9,0.25,0.15,0.15,-1,-1,0.048823,0.466166
1,2,-1,0.9,0.25,0.2,0.2,-1,-1,0.067353,0.422989
1,2,-1,0.9,0.25,0.25,0.25,-1,-1,0.098236,0.365421
1,2,-1,0.9,0.25,0.3,0.3,-1,-1,0.125,0.322244
1,2,-1,0.9,0.25,0.35,0.35,-1,-1,0.149706,0.297058
1,2,-1,0.9,0.25,0.4,0.4,-1,-1,0.190883,0.235892
1,2,-1,0.9,0.25,0.45,0.45,-1,-1,0.221765,0.199912
1,2,-1,0.9,0.25,0.5,0.5,-1,-1,0.273236,0.163931
1,2,-1,0.9,0.25,0.55,0.55,-1,-1,0.343236,0.131549
1,2,-1,0.9,0.25,0.6,0.6,-1,-1,0.402941,0.088372
1,2,-1,0.9,0.25,0.65,0.65,-1,-1,0.452353,0.066785
1,2,-1,0.9,0.25,0.7,0.7,-1,-1,0.505883,0.045196
1,2,-1,0.9,0.25,0.75,0.75,-1,-1,0.569706,0.030804
1,2,-1,0.9,0.25,0.8,0.8,-1,-1,0.602647,0.02001
1,2,-1,0.9,0.25,0.85,0.85,-1,-1,0.658236,0.012814
1,2,-1,0.9,0.25,0.9,0.9,-1,-1,0.678823,0.009216
1,2,-1,0.9,0.25,0.95,0.95,-1,-1,0.711765,0.005618
1,2,-1,0.9,0.25,1.0,1.0,-1,-1,0.732353,0.005618
1,2,-1,0.95,0.25,0.05,0.05,-1,-1,0.034732,0.587993
1,2,-1,0.95,0.25,0.1,0.1,-1,-1,0.044248,0.52992
1,2,-1,0.95,0.25,0.15,0.15,-1,-1,0.051384,0.464587
1,2,-1,0.95,0.25,0.2,0.2,-1,-1,0.072794,0.421032
1,2,-1,0.95,0.25,0.25,0.25,-1,-1,0.108478,0.362959
1,2,-1,0.95,0.25,0.3,0.3,-1,-1,0.139403,0.319404
1,2,-1,0.95,0.25,0.35,0.35,-1,-1,0.16795,0.293997
1,2,-1,0.95,0.25,0.4,0.4,-1,-1,0.215528,0.232294
1,2,-1,0.95,0.25,0.45,0.45,-1,-1,0.251211,0.195998
1,2,-1,0.95,0.25,0.5,0.5,-1,-1,0.310684,0.159702
1,2,-1,0.95,0.25,0.55,0.55,-1,-1,0.391566,0.127036
1,2,-1,0.95,0.25,0.6,0.6,-1,-1,0.460554,0.08348
1,2,-1,0.95,0.25,0.65,0.65,-1,-1,0.517647,0.061703
1,2,-1,0.95,0.25,0.7,0.7,-1,-1,0.579498,0.039926
1,2,-1,0.95,0.25,0.75,0.75,-1,-1,0.653244,0.025407
1,2,-1,0.95,0.25,0.8,0.8,-1,-1,0.691306,0.014518
1,2,-1,0.95,0.25,0.85,0.85,-1,-1,0.755536,0.007259
1,2,-1,0.95,0.25,0.9,0.9,-1,-1,0.779324,0.00363
1,2,-1,0.95,0.25,0.95,0.95,-1,-1,0.817387,0.0
1,2,-1,0.95,0.25,1.0,1.0,-1,-1,0.841176,0.0
1,2,-1,1.0,0.25,0.05,0.05,-1,-1,0.035199,0.587993
1,2,-1,1.0,0.25,0.1,0.1,-1,-1,0.046583,0.52992
1,2,-1,1.0,0.25,0.15,0.15,-1,-1,0.055121,0.464587
1,2,-1,1.0,0.25,0.2,0.2,-1,-1,0.080735,0.421032
1,2,-1,1.0,0.25,0.25,0.25,-1,-1,0.123426,0.362959
1,2,-1,1.0,0.25,0.3,0.3,-1,-1,0.160424,0.319404
1,2,-1,1.0,0.25,0.35,0.35,-1,-1,0.194576,0.293997
1,2,-1,1.0,0.25,0.4,0.4,-1,-1,0.251497,0.232294
1,2,-1,1.0,0.25,0.45,0.45,-1,-1,0.294187,0.195998
1,2,-1,1.0,0.25,0.5,0.5,-1,-1,0.365338,0.159702
1,2,-1,1.0,0.25,0.55,0.55,-1,-1,0.462102,0.127036
1,2,-1,1.0,0.25,0.6,0.6,-1,-1,0.544637,0.08348
1,2,-1,1.0,0.25,0.65,0.65,-1,-1,0.612941,0.061703
1,2,-1,1.0,0.25,0.7,0.7,-1,-1,0.686938,0.039926
1,2,-1,1.0,0.25,0.75,0.75,-1,-1,0.775164,0.025407
1,2,-1,1.0,0.25,0.8,0.8,-1,-1,0.820701,0.014518
1,2,-1,1.0,0.25,0.85,0.85,-1,-1,0.897544,0.007259
1,2,-1,1.0,0.25,0.9,0.9,-1,-1,0.926003,0.00363
1,2,-1,1.0,0.25,0.95,0.95,-1,-1,0.97154,0.0
1,2,-1,1.0,0.25,1.0,1.0,-1,-1,1.0,0.0
1,2,-1,0.3,0.3,0.05,0.05,-1,-1,0.044118,0.58427
1,2,-1,0.3,0.3,0.1,0.1,-1,-1,0.044118,0.58427
1,2,-1,0.3,0.3,0.15,0.15,-1,-1,0.044118,0.58427
1,2,-1,0.3,0.3,0.2,0.2,-1,-1,0.044118,0.58427
1,2,-1,0.3,0.3,0.25,0.25,-1,-1,0.044118,0.58427
1,2,-1,0.3,0.3,0.3,0.3,-1,-1,0.044118,0.58427
1,2,-1,0.3,0.3,0.35,0.35,-1,-1,0.044118,0.58427
1,2,-1,0.3,0.3,0.4,0.4,-1,-1,0.044118,0.58427
1,2,-1,0.3,0.3,0.45,0.45,-1,-1,0.044118,0.58427
1,2,-1,0.3,0.3,0.5,0.5,-1,-1,0.044118,0.58427
1,2,-1,0.3,0.3,0.55,0.55,-1,-1,0.044118,0.58427
1,2,-1,0.3,0.3,0.6,0.6,-1,-1,0.044118,0.58427
1,2,-1,0.3,0.3,0.65,0.65,-1,-1,0.044118,0.58427
1,2,-1,0.3,0.3,0.7,0.7,-1,-1,0.044118,0.58427
1,2,-1,0.3,0.3,0.75,0.75,-1,-1,0.044118,0.58427
1,2,-1,0.3,0.3,0.8,0.8,-1,-1,0.044118,0.58427
1,2,-1,0.3,0.3,0.85,0.85,-1,-1,0.044118,0.58427
1,2,-1,0.3,0.3,0.9,0.9,-1,-1,0.044118,0.58427
1,2,-1,0.3,0.3,0.95,0.95,-1,-1,0.044118,0.58427
1,2,-1,0.3,0.3,1.0,1.0,-1,-1,0.044118,0.58427
1,2,-1,0.35,0.3,0.05,0.05,-1,-1,0.044222,0.5772
1,2,-1,0.35,0.3,0.1,0.1,-1,-1,0.044637,0.57013
1,2,-1,0.35,0.3,0.15,0.15,-1,-1,0.044948,0.562177
1,2,-1,0.35,0.3,0.2,0.2,-1,-1,0.045883,0.556874
1,2,-1,0.35,0.3,0.25,0.25,-1,-1,0.04744,0.549805
1,2,-1,0.35,0.3,0.3,0.3,-1,-1,0.048789,0.544502
1,2,-1,0.35,0.3,0.35,0.35,-1,-1,0.050035,0.541409
1,2,-1,0.35,0.3,0.4,0.4,-1,-1,0.052111,0.533897
1,2,-1,0.35,0.3,0.45,0.45,-1,-1,0.053668,0.529479
1,2,-1,0.35,0.3,0.5,0.5,-1,-1,0.056263,0.52506
1,2,-1,0.35,0.3,0.55,0.55,-1,-1,0.059793,0.521083
1,2,-1,0.35,0.3,0.6,0.6,-1,-1,0.062803,0.515781
1,2,-1,0.35,0.3,0.65,0.65,-1,-1,0.065294,0.51313
1,2,-1,0.35,0.3,0.7,0.7,-1,-1,0.067993,0.510479
1,2,-1,0.35,0.3,0.75,0.75,-1,-1,0.071211,0.508711
1,2,-1,0.35,0.3,0.8,0.8,-1,-1,0.072872,0.507385
1,2,-1,0.35,0.3,0.85,0.85,-1,-1,0.075675,0.506502
1,2,-1,0.35,0.3,0.9,0.9,-1,-1,0.076713,0.50606
1,2,-1,0.35,0.3,0.95,0.95,-1,-1,0.078374,0.505618
1,2,-1,0.35,0.3,1.0,1.0,-1,-1,0.079412,0.505618
1,2,-1,0.4,0.3,0.05,0.05,-1,-1,0.044334,0.57316
1,2,-1,0.4,0.3,0.1,0.1,-1,-1,0.045199,0.562051
1,2,-1,0.4,0.3,0.15,0.15,-1,-1,0.045848,0.549552
1,2,-1,0.4,0.3,0.2,0.2,-1,-1,0.047794,0.54122
1,2,-1,0.4,0.3,0.25,0.25,-1,-1,0.051038,0.53011
1,2,-1,0.4,0.3,0.3,0.3,-1,-1,0.05385,0.521778
1,2,-1,0.4,0.3,0.35,0.35,-1,-1,0.056445,0.516917
1,2,-1,0.4,0.3,0.4,0.4,-1,-1,0.06077,0.505113
1,2,-1,0.4,0.3,0.45,0.45,-1,-1,0.064014,0.498169
1,2,-1,0.4,0.3,0.5,0.5,-1,-1,0.069421,0.491226
1,2,-1,0.4,0.3,0.55,0.55,-1,-1,0.076774,0.484977
1,2,-1,0.4,0.3,0.6,0.6,-1,-1,0.083045,0.476644
1,2,-1,0.4,0.3,0.65,0.65,-1,-1,0.088235,0.472478
1,2,-1,0.4,0.3,0.7,0.7,-1,-1,0.093858,0.468312
1,2,-1,0.4,0.3,0.75,0.75,-1,-1,0.100562,0.465535
1,2,-1,0.4,0.3,0.8,0.8,-1,-1,0.104023,0.463451
1,2,-1,0.4,0.3,0.85,0.85,-1,-1,0.109862,0.462063
1,2,-1,0.4,0.3,0.9,0.9,-1,-1,0.112024,0.461368
1,2,-1,0.4,0.3,0.95,0.95,-1,-1,0.115484,0.460674
1,2,-1,0.4,0.3,1.0,1.0,-1,-1,0.117647,0.460674
1,2,-1,0.45,0.3,0.05,0.05,-1,-1,0.044447,0.5671
1,2,-1,0.45,0.3,0.1,0.1,-1,-1,0.045762,0.549931
1,2,-1,0.45,0.3,0.15,0.15,-1,-1,0.046748,0.530615
1,2,-1,0.45,0.3,0.2,0.2,-1,-1,0.049706,0.517738
1,2,-1,0.45,0.3,0.25,0.25,-1,-1,0.054637,0.500568
1,2,-1,0.45,0.3,0.3,0.3,-1,-1,0.05891,0.487691
1,2,-1,0.45,0.3,0.35,0.35,-1,-1,0.062855,0.480179
1,2,-1,0.45,0.3,0.4,0.4,-1,-1,0.069429,0.461937
1,2,-1,0.45,0.3,0.45,0.45,-1,-1,0.07436,0.451206
1,2,-1,0.45,0.3,0.5,0.5,-1,-1,0.082578,0.440474
1,2,-1,0.45,0.3,0.55,0.55,-1,-1,0.093754,0.430816
1,2,-1,0.45,0.3,0.6,0.6,-1,-1,0.103287,0.417939
1,2,-1,0.45,0.3,0.65,0.65,-1,-1,0.111176,0.411501
1,2,-1,0.45,0.3,0.7,0.7,-1,-1,0.119723,0.405062
1,2,-1,0.45,0.3,0.75,0.75,-1,-1,0.129913,0.40077
1,2,-1,0.45,0.3,0.8,0.8,-1,-1,0.135173,0.39755
1,2,-1,0.45,0.3,0.85,0.85,-1,-1,0.144048,0.395404
1,2,-1,0.45,0.3,0.9,0.9,-1,-1,0.147335,0.394331
1,2,-1,0.45,0.3,0.95,0.95,-1,-1,0.152595,0.393258
1,2,-1,0.45,0.3,1.0,1.0,-1,-1,0.155882,0.393258
1,2,-1,0.5,0.3,0.05,0.05,-1,-1,0.044525,0.563565
1,2,-1,0.5,0.3,0.1,0.1,-1,-1,0.046151,0.542861
1,2,-1,0.5,0.3,0.15,0.15,-1,-1,0.047371,0.519569
1,2,-1,0.5,0.3,0.2,0.2,-1,-1,0.05103,0.50404
1,2,-1,0.5,0.3,0.25,0.25,-1,-1,0.057128,0.483336
1,2,-1,0.5,0.3,0.3,0.3,-1,-1,0.062414,0.467807
1,2,-1,0.5,0.3,0.35,0.35,-1,-1,0.067293,0.458749
1,2,-1,0.5,0.3,0.4,0.4,-1,-1,0.075424,0.436751
1,2,-1,0.5,0.3,0.45,0.45,-1,-1,0.081523,0.423811
1,2,-1,0.5,0.3,0.5,0.5,-1,-1,0.091687,0.41087
1,2,-1,0.5,0.3,0.55,0.55,-1,-1,0.105511,0.399224
1,2,-1,0.5,0.3,0.6,0.6,-1,-1,0.117301,0.383696
1,2,-1,0.5,0.3,0.65,0.65,-1,-1,0.127059,0.375932
1,2,-1,0.5,0.3,0.7,0.7,-1,-1,0.13763,0.368167
1,2,-1,0.5,0.3,0.75,0.75,-1,-1,0.150234,0.362991
1,2,-1,0.5,0.3,0.8,0.8,-1,-1,0.156739,0.359109
1,2,-1,0.5,0.3,0.85,0.85,-1,-1,0.167716,0.356521
1,2,-1,0.5,0.3,0.9,0.9,-1,-1,0.171782,0.355227
1,2,-1,0.5,0.3,0.95,0.95,-1,-1,0.178287,0.353933
1,2,-1,0.5,0.3,1.0,1.0,-1,-1,0.182353,0.353933
1,2,-1,0.55,0.3,0.05,0.05,-1,-1,0.044689,0.558516
1,2,-1,0.55,0.3,0.1,0.1,-1,-1,0.046973,0.532761
1,2,-1,0.55,0.3,0.15,0.15,-1,-1,0.048685,0.503788
1,2,-1,0.55,0.3,0.2,0.2,-1,-1,0.053824,0.484472
1,2,-1,0.55,0.3,0.25,0.25,-1,-1,0.062388,0.458718
1,2,-1,0.55,0.3,0.3,0.3,-1,-1,0.06981,0.439402
1,2,-1,0.55,0.3,0.35,0.35,-1,-1,0.076661,0.428134
1,2,-1,0.55,0.3,0.4,0.4,-1,-1,0.08808,0.40077
1,2,-1,0.55,0.3,0.45,0.45,-1,-1,0.096644,0.384674
1,2,-1,0.55,0.3,0.5,0.5,-1,-1,0.110917,0.368577
1,2,-1,0.55,0.3,0.55,0.55,-1,-1,0.130329,0.354091
1,2,-1,0.55,0.3,0.6,0.6,-1,-1,0.146886,0.334775
1,2,-1,0.55,0.3,0.65,0.65,-1,-1,0.160588,0.325117
1,2,-1,0.55,0.3,0.7,0.7,-1,-1,0.175433,0.315459
1,2,-1,0.55,0.3,0.75,0.75,-1,-1,0.193131,0.309021
1,2,-1,0.55,0.3,0.8,0.8,-1,-1,0.202266,0.304192
1,2,-1,0.55,0.3,0.85,0.85,-1,-1,0.217682,0.300972
1,2,-1,0.55,0.3,0.9,0.9,-1,-1,0.223391,0.299363
1,2,-1,0.55,0.3,0.95,0.95,-1,-1,0.232526,0.297753
1,2,-1,0.55,0.3,1.0,1.0,-1,-1,0.238235,0.297753
1,2,-1,0.6,0.3,0.05,0.05,-1,-1,0.04481,0.551446
1,2,-1,0.6,0.3,0.1,0.1,-1,-1,0.047578,0.518622
1,2,-1,0.6,0.3,0.15,0.15,-1,-1,0.049654,0.481694
1,2,-1,0.6,0.3,0.2,0.2,-1,-1,0.055883,0.457076
1,2,-1,0.6,0.3,0.25,0.25,-1,-1,0.066263,0.424252
1,2,-1,0.6,0.3,0.3,0.3,-1,-1,0.07526,0.399634
1,2,-1,0.6,0.3,0.35,0.35,-1,-1,0.083564,0.385273
1,2,-1,0.6,0.3,0.4,0.4,-1,-1,0.097405,0.350398
1,2,-1,0.6,0.3,0.45,0.45,-1,-1,0.107786,0.329883
1,2,-1,0.6,0.3,0.5,0.5,-1,-1,0.125087,0.309367
1,2,-1,0.6,0.3,0.55,0.55,-1,-1,0.148616,0.290904
1,2,-1,0.6,0.3,0.6,0.6,-1,-1,0.168685,0.266286
1,2,-1,0.6,0.3,0.65,0.65,-1,-1,0.185294,0.253977
1,2,-1,0.6,0.3,0.7,0.7,-1,-1,0.203288,0.241668
1,2,-1,0.6,0.3,0.75,0.75,-1,-1,0.224741,0.233462
1,2,-1,0.6,0.3,0.8,0.8,-1,-1,0.235813,0.227307
1,2,-1,0.6,0.3,0.85,0.85,-1,-1,0.254499,0.223204
1,2,-1,0.6,0.3,0.9,0.9,-1,-1,0.261419,0.221153
1,2,-1,0.6,0.3,0.95,0.95,-1,-1,0.272492,0.219101
1,2,-1,0.6,0.3,1.0,1.0,-1,-1,0.279412,0.219101
1,2,-1,0.65,0.3,0.05,0.05,-1,-1,0.044992,0.545386
1,2,-1,0.65,0.3,0.1,0.1,-1,-1,0.048487,0.506502
1,2,-1,0.65,0.3,0.15,0.15,-1,-1,0.051107,0.462757
1,2,-1,0.65,0.3,0.2,0.2,-1,-1,0.058971,0.433594
1,2,-1,0.65,0.3,0.25,0.25,-1,-1,0.072077,0.39471
1,2,-1,0.65,0.3,0.3,0.3,-1,-1,0.083435,0.365547
1,2,-1,0.65,0.3,0.35,0.35,-1,-1,0.093919,0.348535
1,2,-1,0.65,0.3,0.4,0.4,-1,-1,0.111393,0.307221
1,2,-1,0.65,0.3,0.45,0.45,-1,-1,0.124498,0.282919
1,2,-1,0.65,0.3,0.5,0.5,-1,-1,0.146341,0.258616
1,2,-1,0.65,0.3,0.55,0.55,-1,-1,0.176047,0.236744
1,2,-1,0.65,0.3,0.6,0.6,-1,-1,0.201384,0.207581
1,2,-1,0.65,0.3,0.65,0.65,-1,-1,0.222353,0.192999
1,2,-1,0.65,0.3,0.7,0.7,-1,-1,0.245069,0.178418
1,2,-1,0.65,0.3,0.75,0.75,-1,-1,0.272154,0.168697
1,2,-1,0.65,0.3,0.8,0.8,-1,-1,0.286133,0.161406
1,2,-1,0.65,0.3,0.85,0.85,-1,-1,0.309723,0.156546
1,2,-1,0.65,0.3,0.9,0.9,-1,-1,0.31846,0.154115
1,2,-1,0.65,0.3,0.95,0.95,-1,-1,0.332439,0.151685
1,2,-1,0.65,0.3,1.0,1.0,-1,-1,0.341176,0.151685
1,2,-1,0.7,0.3,0.05,0.05,-1,-1,0.045121,0.541346
1,2,-1,0.7,0.3,0.1,0.1,-1,-1,0.049135,0.498422
1,2,-1,0.7,0.3,0.15,0.15,-1,-1,0.052146,0.450133
1,2,-1,0.7,0.3,0.2,0.2,-1,-1,0.061177,0.41794
1,2,-1,0.7,0.3,0.25,0.25,-1,-1,0.076229,0.375016
1,2,-1,0.7,0.3,0.3,0.3,-1,-1,0.089274,0.342823
1,2,-1,0.7,0.3,0.35,0.35,-1,-1,0.101315,0.324044
1,2,-1,0.7,0.3,0.4,0.4,-1,-1,0.121384,0.278438
1,2,-1,0.7,0.3,0.45,0.45,-1,-1,0.136436,0.25161
1,2,-1,0.7,0.3,0.5,0.5,-1,-1,0.161523,0.224783
1,2,-1,0.7,0.3,0.55,0.55,-1,-1,0.19564,0.200638
1,2,-1,0.7,0.3,0.6,0.6,-1,-1,0.224741,0.168445
1,2,-1,0.7,0.3,0.65,0.65,-1,-1,0.248824,0.152349
1,2,-1,0.7,0.3,0.7,0.7,-1,-1,0.274914,0.136252
1,2,-1,0.7,0.3,0.75,0.75,-1,-1,0.306021,0.125521
1,2,-1,0.7,0.3,0.8,0.8,-1,-1,0.322076,0.117473
1,2,-1,0.7,0.3,0.85,0.85,-1,-1,0.34917,0.112108
1,2,-1,0.7,0.3,0.9,0.9,-1,-1,0.359204,0.109425
1,2,-1,0.7,0.3,0.95,0.95,-1,-1,0.375259,0.106742
1,2,-1,0.7,0.3,1.0,1.0,-1,-1,0.385294,0.106742
1,2,-1,0.75,0.3,0.05,0.05,-1,-1,0.045355,0.539326
1,2,-1,0.75,0.3,0.1,0.1,-1,-1,0.050303,0.494382
1,2,-1,0.75,0.3,0.15,0.15,-1,-1,0.054014,0.44382
1,2,-1,0.75,0.3,0.2,0.2,-1,-1,0.065147,0.410112
1,2,-1,0.75,0.3,0.25,0.25,-1,-1,0.083703,0.365169
1,2,-1,0.75,0.3,0.3,0.3,-1,-1,0.099784,0.331461
1,2,-1,0.75,0.3,0.35,0.35,-1,-1,0.114628,0.311798
1,2,-1,0.75,0.3,0.4,0.4,-1,-1,0.139369,0.264045
1,2,-1,0.75,0.3,0.45,0.45,-1,-1,0.157924,0.235955
1,2,-1,0.75,0.3,0.5,0.5,-1,-1,0.18885,0.207865
1,2,-1,0.75,0.3,0.55,0.55,-1,-1,0.230909,0.182584
1,2,-1,0.75,0.3,0.6,0.6,-1,-1,0.266782,0.148876
1,2,-1,0.75,0.3,0.65,0.65,-1,-1,0.296471,0.132023
1,2,-1,0.75,0.3,0.7,0.7,-1,-1,0.328634,0.115169
1,2,-1,0.75,0.3,0.75,0.75,-1,-1,0.366981,0.103933
1,2,-1,0.75,0.3,0.8,0.8,-1,-1,0.386774,0.095506
1,2,-1,0.75,0.3,0.85,0.85,-1,-1,0.420173,0.089888
1,2,-1,0.75,0.3,0.9,0.9,-1,-1,0.432543,0.087079
1,2,-1,0.75,0.3,0.95,0.95,-1,-1,0.452336,0.08427
1,2,-1,0.75,0.3,1.0,1.0,-1,-1,0.464706,0.08427
1,2,-1,0.8,0.3,0.05,0.05,-1,-1,0.045597,0.535286
1,2,-1,0.8,0.3,0.1,0.1,-1,-1,0.051514,0.486303
1,2,-1,0.8,0.3,0.15,0.15,-1,-1,0.055952,0.431196
1,2,-1,0.8,0.3,0.2,0.2,-1,-1,0.069265,0.394458
1,2,-1,0.8,0.3,0.25,0.25,-1,-1,0.091454,0.345474
1,2,-1,0.8,0.3,0.3,0.3,-1,-1,0.110684,0.308737
1,2,-1,0.8,0.3,0.35,0.35,-1,-1,0.128435,0.287306
1,2,-1,0.8,0.3,0.4,0.4,-1,-1,0.15802,0.235261
1,2,-1,0.8,0.3,0.45,0.45,-1,-1,0.180208,0.204646
1,2,-1,0.8,0.3,0.5,0.5,-1,-1,0.217189,0.174031
1,2,-1,0.8,0.3,0.55,0.55,-1,-1,0.267483,0.146478
1,2,-1,0.8,0.3,0.6,0.6,-1,-1,0.310381,0.10974
1,2,-1,0.8,0.3,0.65,0.65,-1,-1,0.345883,0.091371
1,2,-1,0.8,0.3,0.7,0.7,-1,-1,0.384343,0.073002
1,2,-1,0.8,0.3,0.75,0.75,-1,-1,0.430199,0.060756
1,2,-1,0.8,0.3,0.8,0.8,-1,-1,0.453867,0.051572
1,2,-1,0.8,0.3,0.85,0.85,-1,-1,0.493807,0.045449
1,2,-1,0.8,0.3,0.9,0.9,-1,-1,0.508599,0.042387
1,2,-1,0.8,0.3,0.95,0.95,-1,-1,0.532266,0.039326
1,2,-1,0.8,0.3,1.0,1.0,-1,-1,0.547059,0.039326
1,2,-1,0.85,0.3,0.05,0.05,-1,-1,0.045796,0.533771
1,2,-1,0.85,0.3,0.1,0.1,-1,-1,0.052509,0.483273
1,2,-1,0.85,0.3,0.15,0.15,-1,-1,0.057543,0.426462
1,2,-1,0.85,0.3,0.2,0.2,-1,-1,0.072647,0.388587
1,2,-1,0.85,0.3,0.25,0.25,-1,-1,0.097821,0.338089
1,2,-1,0.85,0.3,0.3,0.3,-1,-1,0.119637,0.300215
1,2,-1,0.85,0.3,0.35,0.35,-1,-1,0.139775,0.278122
1,2,-1,0.85,0.3,0.4,0.4,-1,-1,0.17334,0.224467
1,2,-1,0.85,0.3,0.45,0.45,-1,-1,0.198512,0.192905
1,2,-1,0.85,0.3,0.5,0.5,-1,-1,0.240468,0.161343
1,2,-1,0.85,0.3,0.55,0.55,-1,-1,0.297526,0.132938
1,2,-1,0.85,0.3,0.6,0.6,-1,-1,0.346194,0.095064
1,2,-1,0.85,0.3,0.65,0.65,-1,-1,0.386471,0.076127
1,2,-1,0.85,0.3,0.7,0.7,-1,-1,0.430104,0.05719
1,2,-1,0.85,0.3,0.75,0.75,-1,-1,0.482128,0.044565
1,2,-1,0.85,0.3,0.8,0.8,-1,-1,0.508979,0.035097
1,2,-1,0.85,0.3,0.85,0.85,-1,-1,0.554291,0.028784
1,2,-1,0.85,0.3,0.9,0.9,-1,-1,0.571073,0.025628
1,2,-1,0.85,0.3,0.95,0.95,-1,-1,0.597924,0.022472
1,2,-1,0.85,0.3,1.0,1.0,-1,-1,0.614706,0.022472
1,2,-1,0.9,0.3,0.05,0.05,-1,-1,0.046142,0.532256
1,2,-1,0.9,0.3,0.1,0.1,-1,-1,0.054239,0.480243
1,2,-1,0.9,0.3,0.15,0.15,-1,-1,0.060311,0.421727
1,2,-1,0.9,0.3,0.2,0.2,-1,-1,0.07853,0.382717
1,2,-1,0.9,0.3,0.25,0.25,-1,-1,0.108893,0.330704
1,2,-1,0.9,0.3,0.3,0.3,-1,-1,0.135208,0.291693
1,2,-1,0.9,0.3,0.35,0.35,-1,-1,0.159499,0.268937
1,2,-1,0.9,0.3,0.4,0.4,-1,-1,0.199983,0.213673
1,2,-1,0.9,0.3,0.45,0.45,-1,-1,0.230346,0.181164
1,2,-1,0.9,0.3,0.5,0.5,-1,-1,0.280952,0.148656
1,2,-1,0.9,0.3,0.55,0.55,-1,-1,0.349776,0.119398
1,2,-1,0.9,0.3,0.6,0.6,-1,-1,0.408478,0.080387
1,2,-1,0.9,0.3,0.65,0.65,-1,-1,0.457059,0.060883
1,2,-1,0.9,0.3,0.7,0.7,-1,-1,0.509689,0.041378
1,2,-1,0.9,0.3,0.75,0.75,-1,-1,0.57244,0.028374
1,2,-1,0.9,0.3,0.8,0.8,-1,-1,0.604827,0.018621
1,2,-1,0.9,0.3,0.85,0.85,-1,-1,0.659481,0.01212
1,2,-1,0.9,0.3,0.9,0.9,-1,-1,0.679723,0.008869
1,2,-1,0.9,0.3,0.95,0.95,-1,-1,0.712111,0.005618
1,2,-1,0.9,0.3,1.0,1.0,-1,-1,0.732353,0.005618
1,2,-1,0.95,0.3,0.05,0.05,-1,-1,0.046462,0.531751
1,2,-1,0.95,0.3,0.1,0.1,-1,-1,0.05584,0.479233
1,2,-1,0.95,0.3,0.15,0.15,-1,-1,0.062872,0.420149
1,2,-1,0.95,0.3,0.2,0.2,-1,-1,0.083971,0.38076
1,2,-1,0.95,0.3,0.25,0.25,-1,-1,0.119136,0.328242
1,2,-1,0.95,0.3,0.3,0.3,-1,-1,0.149611,0.288853
1,2,-1,0.95,0.3,0.35,0.35,-1,-1,0.177742,0.265876
1,2,-1,0.95,0.3,0.4,0.4,-1,-1,0.224629,0.210075
1,2,-1,0.95,0.3,0.45,0.45,-1,-1,0.259792,0.177251
1,2,-1,0.95,0.3,0.5,0.5,-1,-1,0.3184,0.144426
1,2,-1,0.95,0.3,0.55,0.55,-1,-1,0.398106,0.114884
1,2,-1,0.95,0.3,0.6,0.6,-1,-1,0.46609,0.075495
1,2,-1,0.95,0.3,0.65,0.65,-1,-1,0.522353,0.055801
1,2,-1,0.95,0.3,0.7,0.7,-1,-1,0.583305,0.036107
1,2,-1,0.95,0.3,0.75,0.75,-1,-1,0.655977,0.022977
1,2,-1,0.95,0.3,0.8,0.8,-1,-1,0.693486,0.01313
1,2,-1,0.95,0.3,0.85,0.85,-1,-1,0.756782,0.006565
1,2,-1,0.95,0.3,0.9,0.9,-1,-1,0.780224,0.003282
1,2,-1,0.95,0.3,0.95,0.95,-1,-1,0.817733,0.0
1,2,-1,0.95,0.3,1.0,1.0,-1,-1,0.841176,0.0
1,2,-1,1.0,0.3,0.05,0.05,-1,-1,0.046929,0.531751
1,2,-1,1.0,0.3,0.1,0.1,-1,-1,0.058175,0.479233
1,2,-1,1.0,0.3,0.15,0.15,-1,-1,0.066609,0.420149
1,2,-1,1.0,0.3,0.2,0.2,-1,-1,0.091912,0.38076
1,2,-1,1.0,0.3,0.25,0.25,-1,-1,0.134084,0.328242
1,2,-1,1.0,0.3,0.3,0.3,-1,-1,0.170632,0.288853
1,2,-1,1.0,0.3,0.35,0.35,-1,-1,0.204369,0.265876
1,2,-1,1.0,0.3,0.4,0.4,-1,-1,0.260598,0.210075
1,2,-1,1.0,0.3,0.45,0.45,-1,-1,0.302768,0.177251
1,2,-1,1.0,0.3,0.5,0.5,-1,-1,0.373054,0.144426
1,2,-1,1.0,0.3,0.55,0.55,-1,-1,0.468642,0.114884
1,2,-1,1.0,0.3,0.6,0.6,-1,-1,0.550173,0.075495
1,2,-1,1.0,0.3,0.65,0.65,-1,-1,0.617647,0.055801
1,2,-1,1.0,0.3,0.7,0.7,-1,-1,0.690744,0.036107
1,2,-1,1.0,0.3,0.75,0.75,-1,-1,0.777898,0.022977
1,2,-1,1.0,0.3,0.8,0.8,-1,-1,0.822881,0.01313
1,2,-1,1.0,0.3,0.85,0.85,-1,-1,0.898789,0.006565
1,2,-1,1.0,0.3,0.9,0.9,-1,-1,0.926903,0.003282
1,2,-1,1.0,0.3,0.95,0.95,-1,-1,0.971886,0.0
1,2,-1,1.0,0.3,1.0,1.0,-1,-1,1.0,0.0
1,2,-1,0.35,0.35,0.05,0.05,-1,-1,0.079412,0.505618
1,2,-1,0.35,0.35,0.1,0.1,-1,-1,0.079412,0.505618
1,2,-1,0.35,0.35,0.15,0.15,-1,-1,0.079412,0.505618
1,2,-1,0.35,0.35,0.2,0.2,-1,-1,0.079412,0.505618
1,2,-1,0.35,0.35,0.25,0.25,-1,-1,0.079412,0.505618
1,2,-1,0.35,0.35,0.3,0.3,-1,-1,0.079412,0.505618
1,2,-1,0.35,0.35,0.35,0.35,-1,-1,0.079412,0.505618
1,2,-1,0.35,0.35,0.4,0.4,-1,-1,0.079412,0.505618
1,2,-1,0.35,0.35,0.45,0.45,-1,-1,0.079412,0.505618
1,2,-1,0.35,0.35,0.5,0.5,-1,-1,0.079412,0.505618
1,2,-1,0.35,0.35,0.55,0.55,-1,-1,0.079412,0.505618
1,2,-1,0.35,0.35,0.6,0.6,-1,-1,0.079412,0.505618
1,2,-1,0.35,0.35,0.65,0.65,-1,-1,0.079412,0.505618
1,2,-1,0.35,0.35,0.7,0.7,-1,-1,0.079412,0.505618
1,2,-1,0.35,0.35,0.75,0.75,-1,-1,0.079412,0.505618
1,2,-1,0.35,0.35,0.8,0.8,-1,-1,0.079412,0.505618
1,2,-1,0.35,0.35,0.85,0.85,-1,-1,0.079412,0.505618
1,2,-1,0.35,0.35,0.9,0.9,-1,-1,0.079412,0.505618
1,2,-1,0.35,0.35,0.95,0.95,-1,-1,0.079412,0.505618
1,2,-1,0.35,0.35,1.0,1.0,-1,-1,0.079412,0.505618
1,2,-1,0.4,0.35,0.05,0.05,-1,-1,0.079524,0.501578
1,2,-1,0.4,0.35,0.1,0.1,-1,-1,0.079974,0.497538
1,2,-1,0.4,0.35,0.15,0.15,-1,-1,0.080312,0.492993
1,2,-1,0.4,0.35,0.2,0.2,-1,-1,0.081324,0.489963
1,2,-1,0.4,0.35,0.25,0.25,-1,-1,0.083011,0.485923
1,2,-1,0.4,0.35,0.3,0.3,-1,-1,0.084473,0.482894
1,2,-1,0.4,0.35,0.35,0.35,-1,-1,0.085822,0.481126
1,2,-1,0.4,0.35,0.4,0.4,-1,-1,0.088071,0.476834
1,2,-1,0.4,0.35,0.45,0.45,-1,-1,0.089758,0.474309
1,2,-1,0.4,0.35,0.5,0.5,-1,-1,0.092569,0.471784
1,2,-1,0.4,0.35,0.55,0.55,-1,-1,0.096393,0.469511
1,2,-1,0.4,0.35,0.6,0.6,-1,-1,0.099654,0.466481
1,2,-1,0.4,0.35,0.65,0.65,-1,-1,0.102353,0.464966
1,2,-1,0.4,0.35,0.7,0.7,-1,-1,0.105277,0.463451
1,2,-1,0.4,0.35,0.75,0.75,-1,-1,0.108763,0.462441
1,2,-1,0.4,0.35,0.8,0.8,-1,-1,0.110562,0.461684
1,2,-1,0.4,0.35,0.85,0.85,-1,-1,0.113599,0.461179
1,2,-1,0.4,0.35,0.9,0.9,-1,-1,0.114723,0.460926
1,2,-1,0.4,0.35,0.95,0.95,-1,-1,0.116522,0.460674
1,2,-1,0.4,0.35,1.0,1.0,-1,-1,0.117647,0.460674
1,2,-1,0.45,0.35,0.05,0.05,-1,-1,0.079637,0.495518
1,2,-1,0.45,0.35,0.1,0.1,-1,-1,0.080537,0.485418
1,2,-1,0.45,0.35,0.15,0.15,-1,-1,0.081211,0.474056
1,2,-1,0.45,0.35,0.2,0.2,-1,-1,0.083235,0.466481
1,2,-1,0.45,0.35,0.25,0.25,-1,-1,0.086609,0.456382
1,2,-1,0.45,0.35,0.3,0.3,-1,-1,0.089533,0.448807
1,2,-1,0.45,0.35,0.35,0.35,-1,-1,0.092232,0.444388
1,2,-1,0.45,0.35,0.4,0.4,-1,-1,0.09673,0.433657
1,2,-1,0.45,0.35,0.45,0.45,-1,-1,0.100104,0.427345
1,2,-1,0.45,0.35,0.5,0.5,-1,-1,0.105727,0.421032
1,2,-1,0.45,0.35,0.55,0.55,-1,-1,0.113374,0.415351
1,2,-1,0.45,0.35,0.6,0.6,-1,-1,0.119896,0.407776
1,2,-1,0.45,0.35,0.65,0.65,-1,-1,0.125294,0.403989
1,2,-1,0.45,0.35,0.7,0.7,-1,-1,0.131142,0.400202
1,2,-1,0.45,0.35,0.75,0.75,-1,-1,0.138114,0.397677
1,2,-1,0.45,0.35,0.8,0.8,-1,-1,0.141713,0.395783
1,2,-1,0.45,0.35,0.85,0.85,-1,-1,0.147785,0.39452
1,2,-1,0.45,0.35,0.9,0.9,-1,-1,0.150034,0.393889
1,2,-1,0.45,0.35,0.95,0.95,-1,-1,0.153633,0.393258
1,2,-1,0.45,0.35,1.0,1.0,-1,-1,0.155882,0.393258
1,2,-1,0.5,0.35,0.05,0.05,-1,-1,0.079715,0.491983
1,2,-1,0.5,0.35,0.1,0.1,-1,-1,0.080926,0.478349
1,2,-1,0.5,0.35,0.15,0.15,-1,-1,0.081834,0.46301
1,2,-1,0.5,0.35,0.2,0.2,-1,-1,0.084559,0.452784
1,2,-1,0.5,0.35,0.25,0.25,-1,-1,0.089101,0.439149
1,2,-1,0.5,0.35,0.3,0.3,-1,-1,0.093037,0.428923
1,2,-1,0.5,0.35,0.35,0.35,-1,-1,0.09667,0.422958
1,2,-1,0.5,0.35,0.4,0.4,-1,-1,0.102725,0.408471
1,2,-1,0.5,0.35,0.45,0.45,-1,-1,0.107267,0.39995
1,2,-1,0.5,0.35,0.5,0.5,-1,-1,0.114836,0.391428
1,2,-1,0.5,0.35,0.55,0.55,-1,-1,0.12513,0.383759
1,2,-1,0.5,0.35,0.6,0.6,-1,-1,0.13391,0.373533
1,2,-1,0.5,0.35,0.65,0.65,-1,-1,0.141177,0.36842
1,2,-1,0.5,0.35,0.7,0.7,-1,-1,0.149049,0.363307
1,2,-1,0.5,0.35,0.75,0.75,-1,-1,0.158434,0.359898
1,2,-1,0.5,0.35,0.8,0.8,-1,-1,0.163279,0.357342
1,2,-1,0.5,0.35,0.85,0.85,-1,-1,0.171453,0.355637
1,2,-1,0.5,0.35,0.9,0.9,-1,-1,0.174481,0.354785
1,2,-1,0.5,0.35,0.95,0.95,-1,-1,0.179325,0.353933
1,2,-1,0.5,0.35,1.0,1.0,-1,-1,0.182353,0.353933
1,2,-1,0.55,0.35,0.05,0.05,-1,-1,0.079879,0.486933
1,2,-1,0.55,0.35,0.1,0.1,-1,-1,0.081748,0.468249
1,2,-1,0.55,0.35,0.15,0.15,-1,-1,0.083149,0.447229
1,2,-1,0.55,0.35,0.2,0.2,-1,-1,0.087353,0.433216
1,2,-1,0.55,0.35,0.25,0.25,-1,-1,0.09436,0.414531
1,2,-1,0.55,0.35,0.3,0.3,-1,-1,0.100433,0.400518
1,2,-1,0.55,0.35,0.35,0.35,-1,-1,0.106038,0.392343
1,2,-1,0.55,0.35,0.4,0.4,-1,-1,0.115381,0.372491
1,2,-1,0.55,0.35,0.45,0.45,-1,-1,0.122388,0.360813
1,2,-1,0.55,0.35,0.5,0.5,-1,-1,0.134066,0.349135
1,2,-1,0.55,0.35,0.55,0.55,-1,-1,0.149948,0.338625
1,2,-1,0.55,0.35,0.6,0.6,-1,-1,0.163495,0.324612
1,2,-1,0.55,0.35,0.65,0.65,-1,-1,0.174706,0.317605
1,2,-1,0.55,0.35,0.7,0.7,-1,-1,0.186851,0.310599
1,2,-1,0.55,0.35,0.75,0.75,-1,-1,0.201332,0.305927
1,2,-1,0.55,0.35,0.8,0.8,-1,-1,0.208806,0.302424
1,2,-1,0.55,0.35,0.85,0.85,-1,-1,0.221419,0.300089
1,2,-1,0.55,0.35,0.9,0.9,-1,-1,0.22609,0.298921
1,2,-1,0.55,0.35,0.95,0.95,-1,-1,0.233564,0.297753
1,2,-1,0.55,0.35,1.0,1.0,-1,-1,0.238235,0.297753
1,2,-1,0.6,0.35,0.05,0.05,-1,-1,0.08,0.479864
1,2,-1,0.6,0.35,0.1,0.1,-1,-1,0.082353,0.454109
1,2,-1,0.6,0.35,0.15,0.15,-1,-1,0.084118,0.425136
1,2,-1,0.6,0.35,0.2,0.2,-1,-1,0.089412,0.40582
1,2,-1,0.6,0.35,0.25,0.25,-1,-1,0.098236,0.380066
1,2,-1,0.6,0.35,0.3,0.3,-1,-1,0.105883,0.36075
1,2,-1,0.6,0.35,0.35,0.35,-1,-1,0.112941,0.349482
1,2,-1,0.6,0.35,0.4,0.4,-1,-1,0.124706,0.322118
1,2,-1,0.6,0.35,0.45,0.45,-1,-1,0.13353,0.306022
1,2,-1,0.6,0.35,0.5,0.5,-1,-1,0.148236,0.289925
1,2,-1,0.6,0.35,0.55,0.55,-1,-1,0.168236,0.275439
1,2,-1,0.6,0.35,0.6,0.6,-1,-1,0.185294,0.256123
1,2,-1,0.6,0.35,0.65,0.65,-1,-1,0.199412,0.246465
1,2,-1,0.6,0.35,0.7,0.7,-1,-1,0.214706,0.236807
1,2,-1,0.6,0.35,0.75,0.75,-1,-1,0.232941,0.230369
1,2,-1,0.6,0.35,0.8,0.8,-1,-1,0.242353,0.22554
1,2,-1,0.6,0.35,0.85,0.85,-1,-1,0.258236,0.22232
1,2,-1,0.6,0.35,0.9,0.9,-1,-1,0.264118,0.220711
1,2,-1,0.6,0.35,0.95,0.95,-1,-1,0.27353,0.219101
1,2,-1,0.6,0.35,1.0,1.0,-1,-1,0.279412,0.219101
1,2,-1,0.65,0.35,0.05,0.05,-1,-1,0.080182,0.473804
1,2,-1,0.65,0.35,0.1,0.1,-1,-1,0.083262,0.44199
1,2,-1,0.65,0.35,0.15,0.15,-1,-1,0.085571,0.406199
1,2,-1,0.65,0.35,0.2,0.2,-1,-1,0.0925,0.382338
1,2,-1,0.65,0.35,0.25,0.25,-1,-1,0.104049,0.350524
1,2,-1,0.65,0.35,0.3,0.3,-1,-1,0.114057,0.326663
1,2,-1,0.65,0.35,0.35,0.35,-1,-1,0.123296,0.312744
1,2,-1,0.65,0.35,0.4,0.4,-1,-1,0.138694,0.278942
1,2,-1,0.65,0.35,0.45,0.45,-1,-1,0.150242,0.259058
1,2,-1,0.65,0.35,0.5,0.5,-1,-1,0.16949,0.239174
1,2,-1,0.65,0.35,0.55,0.55,-1,-1,0.195666,0.221278
1,2,-1,0.65,0.35,0.6,0.6,-1,-1,0.217993,0.197418
1,2,-1,0.65,0.35,0.65,0.65,-1,-1,0.23647,0.185488
1,2,-1,0.65,0.35,0.7,0.7,-1,-1,0.256488,0.173557
1,2,-1,0.65,0.35,0.75,0.75,-1,-1,0.280354,0.165604
1,2,-1,0.65,0.35,0.8,0.8,-1,-1,0.292673,0.159639
1,2,-1,0.65,0.35,0.85,0.85,-1,-1,0.31346,0.155662
1,2,-1,0.65,0.35,0.9,0.9,-1,-1,0.321159,0.153673
1,2,-1,0.65,0.35,0.95,0.95,-1,-1,0.333477,0.151685
1,2,-1,0.65,0.35,1.0,1.0,-1,-1,0.341176,0.151685
1,2,-1,0.7,0.35,0.05,0.05,-1,-1,0.080312,0.469764
1,2,-1,0.7,0.35,0.1,0.1,-1,-1,0.08391,0.43391
1,2,-1,0.7,0.35,0.15,0.15,-1,-1,0.086609,0.393574
1,2,-1,0.7,0.35,0.2,0.2,-1,-1,0.094706,0.366684
1,2,-1,0.7,0.35,0.25,0.25,-1,-1,0.108201,0.33083
1,2,-1,0.7,0.35,0.3,0.3,-1,-1,0.119896,0.303939
1,2,-1,0.7,0.35,0.35,0.35,-1,-1,0.130692,0.288253
1,2,-1,0.7,0.35,0.4,0.4,-1,-1,0.148685,0.250158
1,2,-1,0.7,0.35,0.45,0.45,-1,-1,0.16218,0.227749
1,2,-1,0.7,0.35,0.5,0.5,-1,-1,0.184672,0.205341
1,2,-1,0.7,0.35,0.55,0.55,-1,-1,0.21526,0.185173
1,2,-1,0.7,0.35,0.6,0.6,-1,-1,0.24135,0.158282
1,2,-1,0.7,0.35,0.65,0.65,-1,-1,0.262941,0.144837
1,2,-1,0.7,0.35,0.7,0.7,-1,-1,0.286332,0.131392
1,2,-1,0.7,0.35,0.75,0.75,-1,-1,0.314221,0.122428
1,2,-1,0.7,0.35,0.8,0.8,-1,-1,0.328616,0.115706
1,2,-1,0.7,0.35,0.85,0.85,-1,-1,0.352907,0.111224
1,2,-1,0.7,0.35,0.9,0.9,-1,-1,0.361903,0.108983
1,2,-1,0.7,0.35,0.95,0.95,-1,-1,0.376297,0.106742
1,2,-1,0.7,0.35,1.0,1.0,-1,-1,0.385294,0.106742
1,2,-1,0.75,0.35,0.05,0.05,-1,-1,0.080545,0.467744
1,2,-1,0.75,0.35,0.1,0.1,-1,-1,0.085078,0.42987
1,2,-1,0.75,0.35,0.15,0.15,-1,-1,0.088478,0.387262
1,2,-1,0.75,0.35,0.2,0.2,-1,-1,0.098677,0.358856
1,2,-1,0.75,0.35,0.25,0.25,-1,-1,0.115675,0.320982
1,2,-1,0.75,0.35,0.3,0.3,-1,-1,0.130407,0.292577
1,2,-1,0.75,0.35,0.35,0.35,-1,-1,0.144005,0.276007
1,2,-1,0.75,0.35,0.4,0.4,-1,-1,0.16667,0.235766
1,2,-1,0.75,0.35,0.45,0.45,-1,-1,0.183668,0.212095
1,2,-1,0.75,0.35,0.5,0.5,-1,-1,0.211999,0.188423
1,2,-1,0.75,0.35,0.55,0.55,-1,-1,0.250528,0.167119
1,2,-1,0.75,0.35,0.6,0.6,-1,-1,0.283391,0.138714
1,2,-1,0.75,0.35,0.65,0.65,-1,-1,0.310588,0.124511
1,2,-1,0.75,0.35,0.7,0.7,-1,-1,0.340052,0.110308
1,2,-1,0.75,0.35,0.75,0.75,-1,-1,0.375182,0.10084
1,2,-1,0.75,0.35,0.8,0.8,-1,-1,0.393313,0.093739
1,2,-1,0.75,0.35,0.85,0.85,-1,-1,0.42391,0.089004
1,2,-1,0.75,0.35,0.9,0.9,-1,-1,0.435242,0.086637
1,2,-1,0.75,0.35,0.95,0.95,-1,-1,0.453374,0.08427
1,2,-1,0.75,0.35,1.0,1.0,-1,-1,0.464706,0.08427
1,2,-1,0.8,0.35,0.05,0.05,-1,-1,0.080787,0.463704
1,2,-1,0.8,0.35,0.1,0.1,-1,-1,0.086289,0.42179
1,2,-1,0.8,0.35,0.15,0.15,-1,-1,0.090415,0.374637
1,2,-1,0.8,0.35,0.2,0.2,-1,-1,0.102794,0.343202
1,2,-1,0.8,0.35,0.25,0.25,-1,-1,0.123426,0.301288
1,2,-1,0.8,0.35,0.3,0.3,-1,-1,0.141306,0.269852
1,2,-1,0.8,0.35,0.35,0.35,-1,-1,0.157812,0.251515
1,2,-1,0.8,0.35,0.4,0.4,-1,-1,0.18532,0.206982
1,2,-1,0.8,0.35,0.45,0.45,-1,-1,0.205952,0.180785
1,2,-1,0.8,0.35,0.5,0.5,-1,-1,0.240338,0.154589
1,2,-1,0.8,0.35,0.55,0.55,-1,-1,0.287102,0.131013
1,2,-1,0.8,0.35,0.6,0.6,-1,-1,0.32699,0.099577
1,2,-1,0.8,0.35,0.65,0.65,-1,-1,0.36,0.08386
1,2,-1,0.8,0.35,0.7,0.7,-1,-1,0.395762,0.068142
1,2,-1,0.8,0.35,0.75,0.75,-1,-1,0.4384,0.057663
1,2,-1,0.8,0.35,0.8,0.8,-1,-1,0.460407,0.049805
1,2,-1,0.8,0.35,0.85,0.85,-1,-1,0.497544,0.044565
1,2,-1,0.8,0.35,0.9,0.9,-1,-1,0.511298,0.041946
1,2,-1,0.8,0.35,0.95,0.95,-1,-1,0.533305,0.039326
1,2,-1,0.8,0.35,1.0,1.0,-1,-1,0.547059,0.039326
1,2,-1,0.85,0.35,0.05,0.05,-1,-1,0.080986,0.462189
1,2,-1,0.85,0.35,0.1,0.1,-1,-1,0.087284,0.41876
1,2,-1,0.85,0.35,0.15,0.15,-1,-1,0.092007,0.369903
1,2,-1,0.85,0.35,0.2,0.2,-1,-1,0.106177,0.337331
1,2,-1,0.85,0.35,0.25,0.25,-1,-1,0.129793,0.293902
1,2,-1,0.85,0.35,0.3,0.3,-1,-1,0.15026,0.261331
1,2,-1,0.85,0.35,0.35,0.35,-1,-1,0.169152,0.24233
1,2,-1,0.85,0.35,0.4,0.4,-1,-1,0.200641,0.196188
1,2,-1,0.85,0.35,0.45,0.45,-1,-1,0.224256,0.169044
1,2,-1,0.85,0.35,0.5,0.5,-1,-1,0.263616,0.141901
1,2,-1,0.85,0.35,0.55,0.55,-1,-1,0.317146,0.117473
1,2,-1,0.85,0.35,0.6,0.6,-1,-1,0.362803,0.084901
1,2,-1,0.85,0.35,0.65,0.65,-1,-1,0.400588,0.068615
1,2,-1,0.85,0.35,0.7,0.7,-1,-1,0.441523,0.052329
1,2,-1,0.85,0.35,0.75,0.75,-1,-1,0.490329,0.041472
1,2,-1,0.85,0.35,0.8,0.8,-1,-1,0.515519,0.033329
1,2,-1,0.85,0.35,0.85,0.85,-1,-1,0.558028,0.027901
1,2,-1,0.85,0.35,0.9,0.9,-1,-1,0.573772,0.025186
1,2,-1,0.85,0.35,0.95,0.95,-1,-1,0.598962,0.022472
1,2,-1,0.85,0.35,1.0,1.0,-1,-1,0.614706,0.022472
1,2,-1,0.9,0.35,0.05,0.05,-1,-1,0.081332,0.460674
1,2,-1,0.9,0.35,0.1,0.1,-1,-1,0.089014,0.415731
1,2,-1,0.9,0.35,0.15,0.15,-1,-1,0.094775,0.365169
1,2,-1,0.9,0.35,0.2,0.2,-1,-1,0.112059,0.33146
1,2,-1,0.9,0.35,0.25,0.25,-1,-1,0.140866,0.286517
1,2,-1,0.9,0.35,0.3,0.3,-1,-1,0.165831,0.252809
1,2,-1,0.9,0.35,0.35,0.35,-1,-1,0.188876,0.233146
1,2,-1,0.9,0.35,0.4,0.4,-1,-1,0.227284,0.185394
1,2,-1,0.9,0.35,0.45,0.45,-1,-1,0.25609,0.157304
1,2,-1,0.9,0.35,0.5,0.5,-1,-1,0.304101,0.129214
1,2,-1,0.9,0.35,0.55,0.55,-1,-1,0.369395,0.103932
1,2,-1,0.9,0.35,0.6,0.6,-1,-1,0.425087,0.070224
1,2,-1,0.9,0.35,0.65,0.65,-1,-1,0.471177,0.053371
1,2,-1,0.9,0.35,0.7,0.7,-1,-1,0.521108,0.036517
1,2,-1,0.9,0.35,0.75,0.75,-1,-1,0.58064,0.025281
1,2,-1,0.9,0.35,0.8,0.8,-1,-1,0.611367,0.016854
1,2,-1,0.9,0.35,0.85,0.85,-1,-1,0.663218,0.011236
1,2,-1,0.9,0.35,0.9,0.9,-1,-1,0.682422,0.008427
1,2,-1,0.9,0.35,0.95,0.95,-1,-1,0.713149,0.005618
1,2,-1,0.9,0.35,1.0,1.0,-1,-1,0.732353,0.005618
1,2,-1,0.95,0.35,0.05,0.05,-1,-1,0.081652,0.460169
1,2,-1,0.95,0.35,0.1,0.1,-1,-1,0.090615,0.414721
1,2,-1,0.95,0.35,0.15,0.15,-1,-1,0.097336,0.36359
1,2,-1,0.95,0.35,0.2,0.2,-1,-1,0.1175,0.329504
1,2,-1,0.95,0.35,0.25,0.25,-1,-1,0.151108,0.284055
1,2,-1,0.95,0.35,0.3,0.3,-1,-1,0.180234,0.249968
1,2,-1,0.95,0.35,0.35,0.35,-1,-1,0.207119,0.230085
1,2,-1,0.95,0.35,0.4,0.4,-1,-1,0.251929,0.181795
1,2,-1,0.95,0.35,0.45,0.45,-1,-1,0.285536,0.15339
1,2,-1,0.95,0.35,0.5,0.5,-1,-1,0.341549,0.124984
1,2,-1,0.95,0.35,0.55,0.55,-1,-1,0.417725,0.099419
1,2,-1,0.95,0.35,0.6,0.6,-1,-1,0.482699,0.065332
1,2,-1,0.95,0.35,0.65,0.65,-1,-1,0.53647,0.04829
1,2,-1,0.95,0.35,0.7,0.7,-1,-1,0.594723,0.031246
1,2,-1,0.95,0.35,0.75,0.75,-1,-1,0.664178,0.019884
1,2,-1,0.95,0.35,0.8,0.8,-1,-1,0.700026,0.011362
1,2,-1,0.95,0.35,0.85,0.85,-1,-1,0.760519,0.005681
1,2,-1,0.95,0.35,0.9,0.9,-1,-1,0.782923,0.002841
1,2,-1,0.95,0.35,0.95,0.95,-1,-1,0.818771,0.0
1,2,-1,0.95,0.35,1.0,1.0,-1,-1,0.841176,0.0
1,2,-1,1.0,0.35,0.05,0.05,-1,-1,0.082119,0.460169
1,2,-1,1.0,0.35,0.1,0.1,-1,-1,0.09295,0.414721
1,2,-1,1.0,0.35,0.15,0.15,-1,-1,0.101073,0.36359
1,2,-1,1.0,0.35,0.2,0.2,-1,-1,0.125441,0.329504
1,2,-1,1.0,0.35,0.25,0.25,-1,-1,0.166056,0.284055
1,2,-1,1.0,0.35,0.3,0.3,-1,-1,0.201255,0.249968
1,2,-1,1.0,0.35,0.35,0.35,-1,-1,0.233746,0.230085
1,2,-1,1.0,0.35,0.4,0.4,-1,-1,0.287898,0.181795
1,2,-1,1.0,0.35,0.45,0.45,-1,-1,0.328512,0.15339
1,2,-1,1.0,0.35,0.5,0.5,-1,-1,0.396203,0.124984
1,2,-1,1.0,0.35,0.55,0.55,-1,-1,0.488262,0.099419
1,2,-1,1.0,0.35,0.6,0.6,-1,-1,0.566782,0.065332
1,2,-1,1.0,0.35,0.65,0.65,-1,-1,0.631765,0.04829
1,2,-1,1.0,0.35,0.7,0.7,-1,-1,0.702163,0.031246
1,2,-1,1.0,0.35,0.75,0.75,-1,-1,0.786099,0.019884
1,2,-1,1.0,0.35,0.8,0.8,-1,-1,0.829421,0.011362
1,2,-1,1.0,0.35,0.85,0.85,-1,-1,0.902526,0.005681
1,2,-1,1.0,0.35,0.9,0.9,-1,-1,0.929602,0.002841
1,2,-1,1.0,0.35,0.95,0.95,-1,-1,0.972924,0.0
1,2,-1,1.0,0.35,1.0,1.0,-1,-1,1.0,0.0
1,2,-1,0.4,0.4,0.05,0.05,-1,-1,0.117647,0.460674
1,2,-1,0.4,0.4,0.1,0.1,-1,-1,0.117647,0.460674
1,2,-1,0.4,0.4,0.15,0.15,-1,-1,0.117647,0.460674
1,2,-1,0.4,0.4,0.2,0.2,-1,-1,0.117647,0.460674
1,2,-1,0.4,0.4,0.25,0.25,-1,-1,0.117647,0.460674
1,2,-1,0.4,0.4,0.3,0.3,-1,-1,0.117647,0.460674
1,2,-1,0.4,0.4,0.35,0.35,-1,-1,0.117647,0.460674
1,2,-1,0.4,0.4,0.4,0.4,-1,-1,0.117647,0.460674
1,2,-1,0.4,0.4,0.45,0.45,-1,-1,0.117647,0.460674
1,2,-1,0.4,0.4,0.5,0.5,-1,-1,0.117647,0.460674
1,2,-1,0.4,0.4,0.55,0.55,-1,-1,0.117647,0.460674
1,2,-1,0.4,0.4,0.6,0.6,-1,-1,0.117647,0.460674
1,2,-1,0.4,0.4,0.65,0.65,-1,-1,0.117647,0.460674
1,2,-1,0.4,0.4,0.7,0.7,-1,-1,0.117647,0.460674
1,2,-1,0.4,0.4,0.75,0.75,-1,-1,0.117647,0.460674
1,2,-1,0.4,0.4,0.8,0.8,-1,-1,0.117647,0.460674
1,2,-1,0.4,0.4,0.85,0.85,-1,-1,0.117647,0.460674
1,2,-1,0.4,0.4,0.9,0.9,-1,-1,0.117647,0.460674
1,2,-1,0.4,0.4,0.95,0.95,-1,-1,0.117647,0.460674
1,2,-1,0.4,0.4,1.0,1.0,-1,-1,0.117647,0.460674
1,2,-1,0.45,0.4,0.05,0.05,-1,-1,0.117759,0.454614
1,2,-1,0.45,0.4,0.1,0.1,-1,-1,0.118209,0.448554
1,2,-1,0.45,0.4,0.15,0.15,-1,-1,0.118547,0.441737
1,2,-1,0.45,0.4,0.2,0.2,-1,-1,0.119559,0.437192
1,2,-1,0.45,0.4,0.25,0.25,-1,-1,0.121246,0.431132
1,2,-1,0.45,0.4,0.3,0.3,-1,-1,0.122708,0.426587
1,2,-1,0.45,0.4,0.35,0.35,-1,-1,0.124057,0.423936
1,2,-1,0.45,0.4,0.4,0.4,-1,-1,0.126306,0.417497
1,2,-1,0.45,0.4,0.45,0.45,-1,-1,0.127993,0.41371
1,2,-1,0.45,0.4,0.5,0.5,-1,-1,0.130804,0.409923
1,2,-1,0.45,0.4,0.55,0.55,-1,-1,0.134628,0.406514
1,2,-1,0.45,0.4,0.6,0.6,-1,-1,0.137889,0.401969
1,2,-1,0.45,0.4,0.65,0.65,-1,-1,0.140588,0.399697
1,2,-1,0.45,0.4,0.7,0.7,-1,-1,0.143512,0.397424
1,2,-1,0.45,0.4,0.75,0.75,-1,-1,0.146998,0.395909
1,2,-1,0.45,0.4,0.8,0.8,-1,-1,0.148797,0.394773
1,2,-1,0.45,0.4,0.85,0.85,-1,-1,0.151834,0.394015
1,2,-1,0.45,0.4,0.9,0.9,-1,-1,0.152958,0.393637
1,2,-1,0.45,0.4,0.95,0.95,-1,-1,0.154757,0.393258
1,2,-1,0.45,0.4,1.0,1.0,-1,-1,0.155882,0.393258
1,2,-1,0.5,0.4,0.05,0.05,-1,-1,0.117837,0.451079
1,2,-1,0.5,0.4,0.1,0.1,-1,-1,0.118599,0.441485
1,2,-1,0.5,0.4,0.15,0.15,-1,-1,0.119169,0.430691
1,2,-1,0.5,0.4,0.2,0.2,-1,-1,0.120882,0.423495
1,2,-1,0.5,0.4,0.25,0.25,-1,-1,0.123737,0.4139
1,2,-1,0.5,0.4,0.3,0.3,-1,-1,0.126211,0.406704
1,2,-1,0.5,0.4,0.35,0.35,-1,-1,0.128495,0.402506
1,2,-1,0.5,0.4,0.4,0.4,-1,-1,0.132301,0.392312
1,2,-1,0.5,0.4,0.45,0.45,-1,-1,0.135156,0.386315
1,2,-1,0.5,0.4,0.5,0.5,-1,-1,0.139913,0.380318
1,2,-1,0.5,0.4,0.55,0.55,-1,-1,0.146384,0.374921
1,2,-1,0.5,0.4,0.6,0.6,-1,-1,0.151903,0.367725
1,2,-1,0.5,0.4,0.65,0.65,-1,-1,0.156471,0.364127
1,2,-1,0.5,0.4,0.7,0.7,-1,-1,0.161419,0.360529
1,2,-1,0.5,0.4,0.75,0.75,-1,-1,0.167318,0.358131
1,2,-1,0.5,0.4,0.8,0.8,-1,-1,0.170363,0.356332
1,2,-1,0.5,0.4,0.85,0.85,-1,-1,0.175502,0.355132
1,2,-1,0.5,0.4,0.9,0.9,-1,-1,0.177405,0.354533
1,2,-1,0.5,0.4,0.95,0.95,-1,-1,0.18045,0.353933
1,2,-1,0.5,0.4,1.0,1.0,-1,-1,0.182353,0.353933
1,2,-1,0.55,0.4,0.05,0.05,-1,-1,0.118002,0.446029
1,2,-1,0.55,0.4,0.1,0.1,-1,-1,0.11942,0.431385
1,2,-1,0.55,0.4,0.15,0.15,-1,-1,0.120484,0.41491
1,2,-1,0.55,0.4,0.2,0.2,-1,-1,0.123676,0.403926
1,2,-1,0.55,0.4,0.25,0.25,-1,-1,0.128997,0.389282
1,2,-1,0.55,0.4,0.3,0.3,-1,-1,0.133607,0.378298
1,2,-1,0.55,0.4,0.35,0.35,-1,-1,0.137863,0.371891
1,2,-1,0.55,0.4,0.4,0.4,-1,-1,0.144957,0.356331
1,2,-1,0.55,0.4,0.45,0.45,-1,-1,0.150277,0.347179
1,2,-1,0.55,0.4,0.5,0.5,-1,-1,0.159144,0.338026
1,2,-1,0.55,0.4,0.55,0.55,-1,-1,0.171202,0.329788
1,2,-1,0.55,0.4,0.6,0.6,-1,-1,0.181488,0.318805
1,2,-1,0.55,0.4,0.65,0.65,-1,-1,0.19,0.313313
1,2,-1,0.55,0.4,0.7,0.7,-1,-1,0.199221,0.307821
1,2,-1,0.55,0.4,0.75,0.75,-1,-1,0.210216,0.30416
1,2,-1,0.55,0.4,0.8,0.8,-1,-1,0.215891,0.301414
1,2,-1,0.55,0.4,0.85,0.85,-1,-1,0.225467,0.299584
1,2,-1,0.55,0.4,0.9,0.9,-1,-1,0.229014,0.298668
1,2,-1,0.55,0.4,0.95,0.95,-1,-1,0.234688,0.297753
1,2,-1,0.55,0.4,1.0,1.0,-1,-1,0.238235,0.297753
1,2,-1,0.6,0.4,0.05,0.05,-1,-1,0.118123,0.438959
1,2,-1,0.6,0.4,0.1,0.1,-1,-1,0.120026,0.417245
1,2,-1,0.6,0.4,0.15,0.15,-1,-1,0.121453,0.392816
1,2,-1,0.6,0.4,0.2,0.2,-1,-1,0.125735,0.376531
1,2,-1,0.6,0.4,0.25,0.25,-1,-1,0.132872,0.354816
1,2,-1,0.6,0.4,0.3,0.3,-1,-1,0.139057,0.33853
1,2,-1,0.6,0.4,0.35,0.35,-1,-1,0.144766,0.32903
1,2,-1,0.6,0.4,0.4,0.4,-1,-1,0.154282,0.305959
1,2,-1,0.6,0.4,0.45,0.45,-1,-1,0.161419,0.292387
1,2,-1,0.6,0.4,0.5,0.5,-1,-1,0.173313,0.278816
1,2,-1,0.6,0.4,0.55,0.55,-1,-1,0.18949,0.266601
1,2,-1,0.6,0.4,0.6,0.6,-1,-1,0.203287,0.250315
1,2,-1,0.6,0.4,0.65,0.65,-1,-1,0.214706,0.242173
1,2,-1,0.6,0.4,0.7,0.7,-1,-1,0.227076,0.23403
1,2,-1,0.6,0.4,0.75,0.75,-1,-1,0.241825,0.228601
1,2,-1,0.6,0.4,0.8,0.8,-1,-1,0.249438,0.22453
1,2,-1,0.6,0.4,0.85,0.85,-1,-1,0.262284,0.221815
1,2,-1,0.6,0.4,0.9,0.9,-1,-1,0.267042,0.220458
1,2,-1,0.6,0.4,0.95,0.95,-1,-1,0.274654,0.219101
1,2,-1,0.6,0.4,1.0,1.0,-1,-1,0.279412,0.219101
1,2,-1,0.65,0.4,0.05,0.05,-1,-1,0.118304,0.4329
1,2,-1,0.65,0.4,0.1,0.1,-1,-1,0.120934,0.405126
1,2,-1,0.65,0.4,0.15,0.15,-1,-1,0.122906,0.373879
1,2,-1,0.65,0.4,0.2,0.2,-1,-1,0.128823,0.353048
1,2,-1,0.65,0.4,0.25,0.25,-1,-1,0.138685,0.325274
1,2,-1,0.65,0.4,0.3,0.3,-1,-1,0.147232,0.304444
1,2,-1,0.65,0.4,0.35,0.35,-1,-1,0.155121,0.292292
1,2,-1,0.65,0.4,0.4,0.4,-1,-1,0.16827,0.262782
1,2,-1,0.65,0.4,0.45,0.45,-1,-1,0.178131,0.245423
1,2,-1,0.65,0.4,0.5,0.5,-1,-1,0.194567,0.228064
1,2,-1,0.65,0.4,0.55,0.55,-1,-1,0.21692,0.212441
1,2,-1,0.65,0.4,0.6,0.6,-1,-1,0.235986,0.19161
1,2,-1,0.65,0.4,0.65,0.65,-1,-1,0.251764,0.181195
1,2,-1,0.65,0.4,0.7,0.7,-1,-1,0.268858,0.17078
1,2,-1,0.65,0.4,0.75,0.75,-1,-1,0.289238,0.163836
1,2,-1,0.65,0.4,0.8,0.8,-1,-1,0.299757,0.158629
1,2,-1,0.65,0.4,0.85,0.85,-1,-1,0.317508,0.155157
1,2,-1,0.65,0.4,0.9,0.9,-1,-1,0.324083,0.153421
1,2,-1,0.65,0.4,0.95,0.95,-1,-1,0.334602,0.151685
1,2,-1,0.65,0.4,1.0,1.0,-1,-1,0.341176,0.151685
1,2,-1,0.7,0.4,0.05,0.05,-1,-1,0.118434,0.42886
1,2,-1,0.7,0.4,0.1,0.1,-1,-1,0.121583,0.397046
1,2,-1,0.7,0.4,0.15,0.15,-1,-1,0.123944,0.361255
1,2,-1,0.7,0.4,0.2,0.2,-1,-1,0.131029,0.337394
1,2,-1,0.7,0.4,0.25,0.25,-1,-1,0.142837,0.30558
1,2,-1,0.7,0.4,0.3,0.3,-1,-1,0.153071,0.28172
1,2,-1,0.7,0.4,0.35,0.35,-1,-1,0.162517,0.267801
1,2,-1,0.7,0.4,0.4,0.4,-1,-1,0.178261,0.233999
1,2,-1,0.7,0.4,0.45,0.45,-1,-1,0.190069,0.214115
1,2,-1,0.7,0.4,0.5,0.5,-1,-1,0.209749,0.194231
1,2,-1,0.7,0.4,0.55,0.55,-1,-1,0.236514,0.176335
1,2,-1,0.7,0.4,0.6,0.6,-1,-1,0.259343,0.152475
1,2,-1,0.7,0.4,0.65,0.65,-1,-1,0.278235,0.140545
1,2,-1,0.7,0.4,0.7,0.7,-1,-1,0.298702,0.128614
1,2,-1,0.7,0.4,0.75,0.75,-1,-1,0.323105,0.120661
1,2,-1,0.7,0.4,0.8,0.8,-1,-1,0.335701,0.114696
1,2,-1,0.7,0.4,0.85,0.85,-1,-1,0.356955,0.110719
1,2,-1,0.7,0.4,0.9,0.9,-1,-1,0.364827,0.10873
1,2,-1,0.7,0.4,0.95,0.95,-1,-1,0.377422,0.106742
1,2,-1,0.7,0.4,1.0,1.0,-1,-1,0.385294,0.106742
1,2,-1,0.75,0.4,0.05,0.05,-1,-1,0.118668,0.42684
1,2,-1,0.75,0.4,0.1,0.1,-1,-1,0.122751,0.393006
1,2,-1,0.75,0.4,0.15,0.15,-1,-1,0.125813,0.354942
1,2,-1,0.75,0.4,0.2,0.2,-1,-1,0.135,0.329567
1,2,-1,0.75,0.4,0.25,0.25,-1,-1,0.150311,0.295733
1,2,-1,0.75,0.4,0.3,0.3,-1,-1,0.163581,0.270357
1,2,-1,0.75,0.4,0.35,0.35,-1,-1,0.17583,0.255555
1,2,-1,0.75,0.4,0.4,0.4,-1,-1,0.196246,0.219606
1,2,-1,0.75,0.4,0.45,0.45,-1,-1,0.211557,0.19846
1,2,-1,0.75,0.4,0.5,0.5,-1,-1,0.237076,0.177314
1,2,-1,0.75,0.4,0.55,0.55,-1,-1,0.271782,0.158282
1,2,-1,0.75,0.4,0.6,0.6,-1,-1,0.301384,0.132906
1,2,-1,0.75,0.4,0.65,0.65,-1,-1,0.325882,0.120219
1,2,-1,0.75,0.4,0.7,0.7,-1,-1,0.352422,0.107531
1,2,-1,0.75,0.4,0.75,0.75,-1,-1,0.384066,0.099072
1,2,-1,0.75,0.4,0.8,0.8,-1,-1,0.400398,0.092729
1,2,-1,0.75,0.4,0.85,0.85,-1,-1,0.427959,0.088499
1,2,-1,0.75,0.4,0.9,0.9,-1,-1,0.438166,0.086385
1,2,-1,0.75,0.4,0.95,0.95,-1,-1,0.454498,0.08427
1,2,-1,0.75,0.4,1.0,1.0,-1,-1,0.464706,0.08427
1,2,-1,0.8,0.4,0.05,0.05,-1,-1,0.11891,0.4228
1,2,-1,0.8,0.4,0.1,0.1,-1,-1,0.123962,0.384926
1,2,-1,0.8,0.4,0.15,0.15,-1,-1,0.127751,0.342318
1,2,-1,0.8,0.4,0.2,0.2,-1,-1,0.139118,0.313912
1,2,-1,0.8,0.4,0.25,0.25,-1,-1,0.158062,0.276038
1,2,-1,0.8,0.4,0.3,0.3,-1,-1,0.174481,0.247633
1,2,-1,0.8,0.4,0.35,0.35,-1,-1,0.189637,0.231063
1,2,-1,0.8,0.4,0.4,0.4,-1,-1,0.214896,0.190822
1,2,-1,0.8,0.4,0.45,0.45,-1,-1,0.233841,0.167151
1,2,-1,0.8,0.4,0.5,0.5,-1,-1,0.265415,0.143479
1,2,-1,0.8,0.4,0.55,0.55,-1,-1,0.308357,0.122175
1,2,-1,0.8,0.4,0.6,0.6,-1,-1,0.344983,0.09377
1,2,-1,0.8,0.4,0.65,0.65,-1,-1,0.375294,0.079567
1,2,-1,0.8,0.4,0.7,0.7,-1,-1,0.408132,0.065364
1,2,-1,0.8,0.4,0.75,0.75,-1,-1,0.447284,0.055896
1,2,-1,0.8,0.4,0.8,0.8,-1,-1,0.467492,0.048795
1,2,-1,0.8,0.4,0.85,0.85,-1,-1,0.501592,0.04406
1,2,-1,0.8,0.4,0.9,0.9,-1,-1,0.514221,0.041693
1,2,-1,0.8,0.4,0.95,0.95,-1,-1,0.534429,0.039326
1,2,-1,0.8,0.4,1.0,1.0,-1,-1,0.547059,0.039326
1,2,-1,0.85,0.4,0.05,0.05,-1,-1,0.119109,0.421285
1,2,-1,0.85,0.4,0.1,0.1,-1,-1,0.124957,0.381896
1,2,-1,0.85,0.4,0.15,0.15,-1,-1,0.129342,0.337583
1,2,-1,0.85,0.4,0.2,0.2,-1,-1,0.1425,0.308042
1,2,-1,0.85,0.4,0.25,0.25,-1,-1,0.164429,0.268653
1,2,-1,0.85,0.4,0.3,0.3,-1,-1,0.183434,0.239111
1,2,-1,0.85,0.4,0.35,0.35,-1,-1,0.200977,0.221878
1,2,-1,0.85,0.4,0.4,0.4,-1,-1,0.230216,0.180028
1,2,-1,0.85,0.4,0.45,0.45,-1,-1,0.252145,0.15541
1,2,-1,0.85,0.4,0.5,0.5,-1,-1,0.288694,0.130792
1,2,-1,0.85,0.4,0.55,0.55,-1,-1,0.3384,0.108635
1,2,-1,0.85,0.4,0.6,0.6,-1,-1,0.380796,0.079093
1,2,-1,0.85,0.4,0.65,0.65,-1,-1,0.415882,0.064323
1,2,-1,0.85,0.4,0.7,0.7,-1,-1,0.453893,0.049552
1,2,-1,0.85,0.4,0.75,0.75,-1,-1,0.499213,0.039705
1,2,-1,0.85,0.4,0.8,0.8,-1,-1,0.522604,0.032319
1,2,-1,0.85,0.4,0.85,0.85,-1,-1,0.562076,0.027396
1,2,-1,0.85,0.4,0.9,0.9,-1,-1,0.576695,0.024934
1,2,-1,0.85,0.4,0.95,0.95,-1,-1,0.600087,0.022472
1,2,-1,0.85,0.4,1.0,1.0,-1,-1,0.614706,0.022472
1,2,-1,0.9,0.4,0.05,0.05,-1,-1,0.119455,0.41977
1,2,-1,0.9,0.4,0.1,0.1,-1,-1,0.126687,0.378866
1,2,-1,0.9,0.4,0.15,0.15,-1,-1,0.13211,0.332849
1,2,-1,0.9,0.4,0.2,0.2,-1,-1,0.148382,0.302171
1,2,-1,0.9,0.4,0.25,0.25,-1,-1,0.175502,0.261268
1,2,-1,0.9,0.4,0.3,0.3,-1,-1,0.199005,0.230589
1,2,-1,0.9,0.4,0.35,0.35,-1,-1,0.220701,0.212694
1,2,-1,0.9,0.4,0.4,0.4,-1,-1,0.25686,0.169234
1,2,-1,0.9,0.4,0.45,0.45,-1,-1,0.283979,0.143669
1,2,-1,0.9,0.4,0.5,0.5,-1,-1,0.329178,0.118104
1,2,-1,0.9,0.4,0.55,0.55,-1,-1,0.390649,0.095095
1,2,-1,0.9,0.4,0.6,0.6,-1,-1,0.44308,0.064417
1,2,-1,0.9,0.4,0.65,0.65,-1,-1,0.486471,0.049079
1,2,-1,0.9,0.4,0.7,0.7,-1,-1,0.533478,0.03374
1,2,-1,0.9,0.4,0.75,0.75,-1,-1,0.589524,0.023514
1,2,-1,0.9,0.4,0.8,0.8,-1,-1,0.618452,0.015844
1,2,-1,0.9,0.4,0.85,0.85,-1,-1,0.667267,0.010731
1,2,-1,0.9,0.4,0.9,0.9,-1,-1,0.685346,0.008175
1,2,-1,0.9,0.4,0.95,0.95,-1,-1,0.714273,0.005618
1,2,-1,0.9,0.4,1.0,1.0,-1,-1,0.732353,0.005618
1,2,-1,0.95,0.4,0.05,0.05,-1,-1,0.119775,0.419265
1,2,-1,0.95,0.4,0.1,0.1,-1,-1,0.128287,0.377856
1,2,-1,0.95,0.4,0.15,0.15,-1,-1,0.134671,0.331271
1,2,-1,0.95,0.4,0.2,0.2,-1,-1,0.153823,0.300214
1,2,-1,0.95,0.4,0.25,0.25,-1,-1,0.185744,0.258806
1,2,-1,0.95,0.4,0.3,0.3,-1,-1,0.213408,0.227749
1,2,-1,0.95,0.4,0.35,0.35,-1,-1,0.238944,0.209632
1,2,-1,0.95,0.4,0.4,0.4,-1,-1,0.281505,0.165636
1,2,-1,0.95,0.4,0.45,0.45,-1,-1,0.313425,0.139755
1,2,-1,0.95,0.4,0.5,0.5,-1,-1,0.366626,0.113874
1,2,-1,0.95,0.4,0.55,0.55,-1,-1,0.438979,0.090582
1,2,-1,0.95,0.4,0.6,0.6,-1,-1,0.500692,0.059525
1,2,-1,0.95,0.4,0.65,0.65,-1,-1,0.551764,0.043997
1,2,-1,0.95,0.4,0.7,0.7,-1,-1,0.607093,0.028469
1,2,-1,0.95,0.4,0.75,0.75,-1,-1,0.673062,0.018116
1,2,-1,0.95,0.4,0.8,0.8,-1,-1,0.70711,0.010352
1,2,-1,0.95,0.4,0.85,0.85,-1,-1,0.764567,0.005176
1,2,-1,0.95,0.4,0.9,0.9,-1,-1,0.785847,0.002588
1,2,-1,0.95,0.4,0.95,0.95,-1,-1,0.819896,0.0
1,2,-1,0.95,0.4,1.0,1.0,-1,-1,0.841176,0.0
1,2,-1,1.0,0.4,0.05,0.05,-1,-1,0.120242,0.419265
1,2,-1,1.0,0.4,0.1,0.1,-1,-1,0.130623,0.377856
1,2,-1,1.0,0.4,0.15,0.15,-1,-1,0.138408,0.331271
1,2,-1,1.0,0.4,0.2,0.2,-1,-1,0.161765,0.300214
1,2,-1,1.0,0.4,0.25,0.25,-1,-1,0.200692,0.258806
1,2,-1,1.0,0.4,0.3,0.3,-1,-1,0.234429,0.227749
1,2,-1,1.0,0.4,0.35,0.35,-1,-1,0.265571,0.209632
1,2,-1,1.0,0.4,0.4,0.4,-1,-1,0.317474,0.165636
1,2,-1,1.0,0.4,0.45,0.45,-1,-1,0.356401,0.139755
1,2,-1,1.0,0.4,0.5,0.5,-1,-1,0.421281,0.113874
1,2,-1,1.0,0.4,0.55,0.55,-1,-1,0.509516,0.090582
1,2,-1,1.0,0.4,0.6,0.6,-1,-1,0.584775,0.059525
1,2,-1,1.0,0.4,0.65,0.65,-1,-1,0.647059,0.043997
1,2,-1,1.0,0.4,0.7,0.7,-1,-1,0.714533,0.028469
1,2,-1,1.0,0.4,0.75,0.75,-1,-1,0.794983,0.018116
1,2,-1,1.0,0.4,0.8,0.8,-1,-1,0.836505,0.010352
1,2,-1,1.0,0.4,0.85,0.85,-1,-1,0.906575,0.005176
1,2,-1,1.0,0.4,0.9,0.9,-1,-1,0.932526,0.002588
1,2,-1,1.0,0.4,0.95,0.95,-1,-1,0.974048,0.0
1,2,-1,1.0,0.4,1.0,1.0,-1,-1,1.0,0.0
1,2,-1,0.45,0.45,0.05,0.05,-1,-1,0.155882,0.393258
1,2,-1,0.45,0.45,0.1,0.1,-1,-1,0.155882,0.393258
1,2,-1,0.45,0.45,0.15,0.15,-1,-1,0.155882,0.393258
1,2,-1,0.45,0.45,0.2,0.2,-1,-1,0.155882,0.393258
1,2,-1,0.45,0.45,0.25,0.25,-1,-1,0.155882,0.393258
1,2,-1,0.45,0.45,0.3,0.3,-1,-1,0.155882,0.393258
1,2,-1,0.45,0.45,0.35,0.35,-1,-1,0.155882,0.393258
1,2,-1,0.45,0.45,0.4,0.4,-1,-1,0.155882,0.393258
1,2,-1,0.45,0.45,0.45,0.45,-1,-1,0.155882,0.393258
1,2,-1,0.45,0.45,0.5,0.5,-1,-1,0.155882,0.393258
1,2,-1,0.45,0.45,0.55,0.55,-1,-1,0.155882,0.393258
1,2,-1,0.45,0.45,0.6,0.6,-1,-1,0.155882,0.393258
1,2,-1,0.45,0.45,0.65,0.65,-1,-1,0.155882,0.393258
1,2,-1,0.45,0.45,0.7,0.7,-1,-1,0.155882,0.393258
1,2,-1,0.45,0.45,0.75,0.75,-1,-1,0.155882,0.393258
1,2,-1,0.45,0.45,0.8,0.8,-1,-1,0.155882,0.393258
1,2,-1,0.45,0.45,0.85,0.85,-1,-1,0.155882,0.393258
1,2,-1,0.45,0.45,0.9,0.9,-1,-1,0.155882,0.393258
1,2,-1,0.45,0.45,0.95,0.95,-1,-1,0.155882,0.393258
1,2,-1,0.45,0.45,1.0,1.0,-1,-1,0.155882,0.393258
1,2,-1,0.5,0.45,0.05,0.05,-1,-1,0.15596,0.389723
1,2,-1,0.5,0.45,0.1,0.1,-1,-1,0.156271,0.386188
1,2,-1,0.5,0.45,0.15,0.15,-1,-1,0.156505,0.382212
1,2,-1,0.5,0.45,0.2,0.2,-1,-1,0.157206,0.379561
1,2,-1,0.5,0.45,0.25,0.25,-1,-1,0.158373,0.376026
1,2,-1,0.5,0.45,0.3,0.3,-1,-1,0.159386,0.373375
1,2,-1,0.5,0.45,0.35,0.35,-1,-1,0.16032,0.371828
1,2,-1,0.5,0.45,0.4,0.4,-1,-1,0.161877,0.368072
1,2,-1,0.5,0.45,0.45,0.45,-1,-1,0.163045,0.365863
1,2,-1,0.5,0.45,0.5,0.5,-1,-1,0.164991,0.363654
1,2,-1,0.5,0.45,0.55,0.55,-1,-1,0.167638,0.361665
1,2,-1,0.5,0.45,0.6,0.6,-1,-1,0.169896,0.359014
1,2,-1,0.5,0.45,0.65,0.65,-1,-1,0.171765,0.357689
1,2,-1,0.5,0.45,0.7,0.7,-1,-1,0.173789,0.356363
1,2,-1,0.5,0.45,0.75,0.75,-1,-1,0.176202,0.355479
1,2,-1,0.5,0.45,0.8,0.8,-1,-1,0.177448,0.354817
1,2,-1,0.5,0.45,0.85,0.85,-1,-1,0.17955,0.354375
1,2,-1,0.5,0.45,0.9,0.9,-1,-1,0.180329,0.354154
1,2,-1,0.5,0.45,0.95,0.95,-1,-1,0.181574,0.353933
1,2,-1,0.5,0.45,1.0,1.0,-1,-1,0.182353,0.353933
1,2,-1,0.55,0.45,0.05,0.05,-1,-1,0.156124,0.384673
1,2,-1,0.55,0.45,0.1,0.1,-1,-1,0.157093,0.376089
1,2,-1,0.55,0.45,0.15,0.15,-1,-1,0.15782,0.366431
1,2,-1,0.55,0.45,0.2,0.2,-1,-1,0.16,0.359992
1,2,-1,0.55,0.45,0.25,0.25,-1,-1,0.163633,0.351408
1,2,-1,0.55,0.45,0.3,0.3,-1,-1,0.166782,0.344969
1,2,-1,0.55,0.45,0.35,0.35,-1,-1,0.169688,0.341213
1,2,-1,0.55,0.45,0.4,0.4,-1,-1,0.174533,0.332092
1,2,-1,0.55,0.45,0.45,0.45,-1,-1,0.178166,0.326726
1,2,-1,0.55,0.45,0.5,0.5,-1,-1,0.184221,0.321361
1,2,-1,0.55,0.45,0.55,0.55,-1,-1,0.192456,0.316532
1,2,-1,0.55,0.45,0.6,0.6,-1,-1,0.199481,0.310093
1,2,-1,0.55,0.45,0.65,0.65,-1,-1,0.205294,0.306874
1,2,-1,0.55,0.45,0.7,0.7,-1,-1,0.211591,0.303655
1,2,-1,0.55,0.45,0.75,0.75,-1,-1,0.2191,0.301509
1,2,-1,0.55,0.45,0.8,0.8,-1,-1,0.222975,0.299899
1,2,-1,0.55,0.45,0.85,0.85,-1,-1,0.229515,0.298826
1,2,-1,0.55,0.45,0.9,0.9,-1,-1,0.231937,0.29829
1,2,-1,0.55,0.45,0.95,0.95,-1,-1,0.235813,0.297753
1,2,-1,0.55,0.45,1.0,1.0,-1,-1,0.238235,0.297753
1,2,-1,0.6,0.45,0.05,0.05,-1,-1,0.156245,0.377603
1,2,-1,0.6,0.45,0.1,0.1,-1,-1,0.157699,0.361949
1,2,-1,0.6,0.45,0.15,0.15,-1,-1,0.158789,0.344337
1,2,-1,0.6,0.45,0.2,0.2,-1,-1,0.162058,0.332597
1,2,-1,0.6,0.45,0.25,0.25,-1,-1,0.167508,0.316942
1,2,-1,0.6,0.45,0.3,0.3,-1,-1,0.172232,0.305201
1,2,-1,0.6,0.45,0.35,0.35,-1,-1,0.176591,0.298352
1,2,-1,0.6,0.45,0.4,0.4,-1,-1,0.183858,0.281719
1,2,-1,0.6,0.45,0.45,0.45,-1,-1,0.189308,0.271935
1,2,-1,0.6,0.45,0.5,0.5,-1,-1,0.198391,0.262151
1,2,-1,0.6,0.45,0.55,0.55,-1,-1,0.210744,0.253345
1,2,-1,0.6,0.45,0.6,0.6,-1,-1,0.22128,0.241604
1,2,-1,0.6,0.45,0.65,0.65,-1,-1,0.23,0.235734
1,2,-1,0.6,0.45,0.7,0.7,-1,-1,0.239446,0.229864
1,2,-1,0.6,0.45,0.75,0.75,-1,-1,0.250709,0.22595
1,2,-1,0.6,0.45,0.8,0.8,-1,-1,0.256523,0.223015
1,2,-1,0.6,0.45,0.85,0.85,-1,-1,0.266332,0.221058
1,2,-1,0.6,0.45,0.9,0.9,-1,-1,0.269966,0.220079
1,2,-1,0.6,0.45,0.95,0.95,-1,-1,0.275779,0.219101
1,2,-1,0.6,0.45,1.0,1.0,-1,-1,0.279412,0.219101
1,2,-1,0.65,0.45,0.05,0.05,-1,-1,0.156427,0.371543
1,2,-1,0.65,0.45,0.1,0.1,-1,-1,0.158607,0.349829
1,2,-1,0.65,0.45,0.15,0.15,-1,-1,0.160242,0.3254
1,2,-1,0.65,0.45,0.2,0.2,-1,-1,0.165147,0.309115
1,2,-1,0.65,0.45,0.25,0.25,-1,-1,0.173322,0.2874
1,2,-1,0.65,0.45,0.3,0.3,-1,-1,0.180406,0.271114
1,2,-1,0.65,0.45,0.35,0.35,-1,-1,0.186946,0.261614
1,2,-1,0.65,0.45,0.4,0.4,-1,-1,0.197846,0.238543
1,2,-1,0.65,0.45,0.45,0.45,-1,-1,0.20602,0.224971
1,2,-1,0.65,0.45,0.5,0.5,-1,-1,0.219645,0.2114
1,2,-1,0.65,0.45,0.55,0.55,-1,-1,0.238174,0.199185
1,2,-1,0.65,0.45,0.6,0.6,-1,-1,0.253979,0.182899
1,2,-1,0.65,0.45,0.65,0.65,-1,-1,0.267058,0.174757
1,2,-1,0.65,0.45,0.7,0.7,-1,-1,0.281228,0.166614
1,2,-1,0.65,0.45,0.75,0.75,-1,-1,0.298122,0.161185
1,2,-1,0.65,0.45,0.8,0.8,-1,-1,0.306842,0.157114
1,2,-1,0.65,0.45,0.85,0.85,-1,-1,0.321557,0.154399
1,2,-1,0.65,0.45,0.9,0.9,-1,-1,0.327006,0.153042
1,2,-1,0.65,0.45,0.95,0.95,-1,-1,0.335726,0.151685
1,2,-1,0.65,0.45,1.0,1.0,-1,-1,0.341176,0.151685
1,2,-1,0.7,0.45,0.05,0.05,-1,-1,0.156557,0.367504
1,2,-1,0.7,0.45,0.1,0.1,-1,-1,0.159256,0.34175
1,2,-1,0.7,0.45,0.15,0.15,-1,-1,0.16128,0.312776
1,2,-1,0.7,0.45,0.2,0.2,-1,-1,0.167353,0.29346
1,2,-1,0.7,0.45,0.25,0.25,-1,-1,0.177474,0.267706
1,2,-1,0.7,0.45,0.3,0.3,-1,-1,0.186245,0.24839
1,2,-1,0.7,0.45,0.35,0.35,-1,-1,0.194342,0.237123
1,2,-1,0.7,0.45,0.4,0.4,-1,-1,0.207837,0.209759
1,2,-1,0.7,0.45,0.45,0.45,-1,-1,0.217958,0.193663
1,2,-1,0.7,0.45,0.5,0.5,-1,-1,0.234827,0.177566
1,2,-1,0.7,0.45,0.55,0.55,-1,-1,0.257768,0.163079
1,2,-1,0.7,0.45,0.6,0.6,-1,-1,0.277335,0.143764
1,2,-1,0.7,0.45,0.65,0.65,-1,-1,0.293529,0.134106
1,2,-1,0.7,0.45,0.7,0.7,-1,-1,0.311073,0.124448
1,2,-1,0.7,0.45,0.75,0.75,-1,-1,0.331989,0.11801
1,2,-1,0.7,0.45,0.8,0.8,-1,-1,0.342785,0.113181
1,2,-1,0.7,0.45,0.85,0.85,-1,-1,0.361003,0.109961
1,2,-1,0.7,0.45,0.9,0.9,-1,-1,0.367751,0.108352
1,2,-1,0.7,0.45,0.95,0.95,-1,-1,0.378547,0.106742
1,2,-1,0.7,0.45,1.0,1.0,-1,-1,0.385294,0.106742
1,2,-1,0.75,0.45,0.05,0.05,-1,-1,0.15679,0.365484
1,2,-1,0.75,0.45,0.1,0.1,-1,-1,0.160424,0.33771
1,2,-1,0.75,0.45,0.15,0.15,-1,-1,0.163148,0.306464
1,2,-1,0.75,0.45,0.2,0.2,-1,-1,0.171323,0.285633
1,2,-1,0.75,0.45,0.25,0.25,-1,-1,0.184948,0.257859
1,2,-1,0.75,0.45,0.3,0.3,-1,-1,0.196756,0.237028
1,2,-1,0.75,0.45,0.35,0.35,-1,-1,0.207655,0.224877
1,2,-1,0.75,0.45,0.4,0.4,-1,-1,0.225822,0.195367
1,2,-1,0.75,0.45,0.45,0.45,-1,-1,0.239446,0.178008
1,2,-1,0.75,0.45,0.5,0.5,-1,-1,0.262154,0.160649
1,2,-1,0.75,0.45,0.55,0.55,-1,-1,0.293036,0.145026
1,2,-1,0.75,0.45,0.6,0.6,-1,-1,0.319377,0.124195
1,2,-1,0.75,0.45,0.65,0.65,-1,-1,0.341176,0.11378
1,2,-1,0.75,0.45,0.7,0.7,-1,-1,0.364792,0.103365
1,2,-1,0.75,0.45,0.75,0.75,-1,-1,0.39295,0.096421
1,2,-1,0.75,0.45,0.8,0.8,-1,-1,0.407483,0.091214
1,2,-1,0.75,0.45,0.85,0.85,-1,-1,0.432007,0.087742
1,2,-1,0.75,0.45,0.9,0.9,-1,-1,0.44109,0.086006
1,2,-1,0.75,0.45,0.95,0.95,-1,-1,0.455623,0.08427
1,2,-1,0.75,0.45,1.0,1.0,-1,-1,0.464706,0.08427
1,2,-1,0.8,0.45,0.05,0.05,-1,-1,0.157032,0.361444
1,2,-1,0.8,0.45,0.1,0.1,-1,-1,0.161635,0.32963
1,2,-1,0.8,0.45,0.15,0.15,-1,-1,0.165086,0.293839
1,2,-1,0.8,0.45,0.2,0.2,-1,-1,0.175441,0.269978
1,2,-1,0.8,0.45,0.25,0.25,-1,-1,0.192699,0.238164
1,2,-1,0.8,0.45,0.3,0.3,-1,-1,0.207655,0.214304
1,2,-1,0.8,0.45,0.35,0.35,-1,-1,0.221462,0.200385
1,2,-1,0.8,0.45,0.4,0.4,-1,-1,0.244472,0.166583
1,2,-1,0.8,0.45,0.45,0.45,-1,-1,0.26173,0.146699
1,2,-1,0.8,0.45,0.5,0.5,-1,-1,0.290493,0.126815
1,2,-1,0.8,0.45,0.55,0.55,-1,-1,0.329611,0.108919
1,2,-1,0.8,0.45,0.6,0.6,-1,-1,0.362976,0.085059
1,2,-1,0.8,0.45,0.65,0.65,-1,-1,0.390588,0.073129
1,2,-1,0.8,0.45,0.7,0.7,-1,-1,0.420502,0.061198
1,2,-1,0.8,0.45,0.75,0.75,-1,-1,0.456168,0.053245
1,2,-1,0.8,0.45,0.8,0.8,-1,-1,0.474576,0.04728
1,2,-1,0.8,0.45,0.85,0.85,-1,-1,0.50564,0.043303
1,2,-1,0.8,0.45,0.9,0.9,-1,-1,0.517145,0.041314
1,2,-1,0.8,0.45,0.95,0.95,-1,-1,0.535554,0.039326
1,2,-1,0.8,0.45,1.0,1.0,-1,-1,0.547059,0.039326
1,2,-1,0.85,0.45,0.05,0.05,-1,-1,0.157231,0.359929
1,2,-1,0.85,0.45,0.1,0.1,-1,-1,0.162629,0.3266
1,2,-1,0.85,0.45,0.15,0.15,-1,-1,0.166678,0.289105
1,2,-1,0.85,0.45,0.2,0.2,-1,-1,0.178823,0.264108
1,2,-1,0.85,0.45,0.25,0.25,-1,-1,0.199066,0.230779
1,2,-1,0.85,0.45,0.3,0.3,-1,-1,0.216609,0.205782
1,2,-1,0.85,0.45,0.35,0.35,-1,-1,0.232802,0.1912
1,2,-1,0.85,0.45,0.4,0.4,-1,-1,0.259792,0.155788
1,2,-1,0.85,0.45,0.45,0.45,-1,-1,0.280034,0.134958
1,2,-1,0.85,0.45,0.5,0.5,-1,-1,0.313772,0.114127
1,2,-1,0.85,0.45,0.55,0.55,-1,-1,0.359654,0.095379
1,2,-1,0.85,0.45,0.6,0.6,-1,-1,0.398789,0.070382
1,2,-1,0.85,0.45,0.65,0.65,-1,-1,0.431176,0.057884
1,2,-1,0.85,0.45,0.7,0.7,-1,-1,0.466263,0.045386
1,2,-1,0.85,0.45,0.75,0.75,-1,-1,0.508097,0.037054
1,2,-1,0.85,0.45,0.8,0.8,-1,-1,0.529689,0.030804
1,2,-1,0.85,0.45,0.85,0.85,-1,-1,0.566125,0.026638
1,2,-1,0.85,0.45,0.9,0.9,-1,-1,0.579619,0.024555
1,2,-1,0.85,0.45,0.95,0.95,-1,-1,0.601211,0.022472
1,2,-1,0.85,0.45,1.0,1.0,-1,-1,0.614706,0.022472
1,2,-1,0.9,0.45,0.05,0.05,-1,-1,0.157577,0.358414
1,2,-1,0.9,0.45,0.1,0.1,-1,-1,0.16436,0.32357
1,2,-1,0.9,0.45,0.15,0.15,-1,-1,0.169446,0.28437
1,2,-1,0.9,0.45,0.2,0.2,-1,-1,0.184706,0.258237
1,2,-1,0.9,0.45,0.25,0.25,-1,-1,0.210138,0.223393
1,2,-1,0.9,0.45,0.3,0.3,-1,-1,0.23218,0.19726
1,2,-1,0.9,0.45,0.35,0.35,-1,-1,0.252526,0.182016
1,2,-1,0.9,0.45,0.4,0.4,-1,-1,0.286436,0.144994
1,2,-1,0.9,0.45,0.45,0.45,-1,-1,0.311868,0.123217
1,2,-1,0.9,0.45,0.5,0.5,-1,-1,0.354256,0.101439
1,2,-1,0.9,0.45,0.55,0.55,-1,-1,0.411903,0.081839
1,2,-1,0.9,0.45,0.6,0.6,-1,-1,0.461073,0.055706
1,2,-1,0.9,0.45,0.65,0.65,-1,-1,0.501765,0.04264
1,2,-1,0.9,0.45,0.7,0.7,-1,-1,0.545848,0.029573
1,2,-1,0.9,0.45,0.75,0.75,-1,-1,0.598408,0.020862
1,2,-1,0.9,0.45,0.8,0.8,-1,-1,0.625536,0.014329
1,2,-1,0.9,0.45,0.85,0.85,-1,-1,0.671315,0.009974
1,2,-1,0.9,0.45,0.9,0.9,-1,-1,0.68827,0.007796
1,2,-1,0.9,0.45,0.95,0.95,-1,-1,0.715398,0.005618
1,2,-1,0.9,0.45,1.0,1.0,-1,-1,0.732353,0.005618
1,2,-1,0.95,0.45,0.05,0.05,-1,-1,0.157897,0.357909
1,2,-1,0.95,0.45,0.1,0.1,-1,-1,0.16596,0.32256
1,2,-1,0.95,0.45,0.15,0.15,-1,-1,0.172006,0.282792
1,2,-1,0.95,0.45,0.2,0.2,-1,-1,0.190147,0.25628
1,2,-1,0.95,0.45,0.25,0.25,-1,-1,0.220381,0.220932
1,2,-1,0.95,0.45,0.3,0.3,-1,-1,0.246583,0.19442
1,2,-1,0.95,0.45,0.35,0.35,-1,-1,0.270769,0.178954
1,2,-1,0.95,0.45,0.4,0.4,-1,-1,0.311081,0.141396
1,2,-1,0.95,0.45,0.45,0.45,-1,-1,0.341314,0.119303
1,2,-1,0.95,0.45,0.5,0.5,-1,-1,0.391704,0.09721
1,2,-1,0.95,0.45,0.55,0.55,-1,-1,0.460233,0.077326
1,2,-1,0.95,0.45,0.6,0.6,-1,-1,0.518685,0.050814
1,2,-1,0.95,0.45,0.65,0.65,-1,-1,0.567058,0.037558
1,2,-1,0.95,0.45,0.7,0.7,-1,-1,0.619464,0.024303
1,2,-1,0.95,0.45,0.75,0.75,-1,-1,0.681946,0.015465
1,2,-1,0.95,0.45,0.8,0.8,-1,-1,0.714195,0.008837
1,2,-1,0.95,0.45,0.85,0.85,-1,-1,0.768616,0.004419
1,2,-1,0.95,0.45,0.9,0.9,-1,-1,0.788771,0.002209
1,2,-1,0.95,0.45,0.95,0.95,-1,-1,0.82102,0.0
1,2,-1,0.95,0.45,1.0,1.0,-1,-1,0.841176,0.0
1,2,-1,1.0,0.45,0.05,0.05,-1,-1,0.158365,0.357909
1,2,-1,1.0,0.45,0.1,0.1,-1,-1,0.168296,0.32256
1,2,-1,1.0,0.45,0.15,0.15,-1,-1,0.175743,0.282792
1,2,-1,1.0,0.45,0.2,0.2,-1,-1,0.198088,0.25628
1,2,-1,1.0,0.45,0.25,0.25,-1,-1,0.235329,0.220932
1,2,-1,1.0,0.45,0.3,0.3,-1,-1,0.267604,0.19442
1,2,-1,1.0,0.45,0.35,0.35,-1,-1,0.297396,0.178954
1,2,-1,1.0,0.45,0.4,0.4,-1,-1,0.34705,0.141396
1,2,-1,1.0,0.45,0.45,0.45,-1,-1,0.38429,0.119303
1,2,-1,1.0,0.45,0.5,0.5,-1,-1,0.446358,0.09721
1,2,-1,1.0,0.45,0.55,0.55,-1,-1,0.53077,0.077326
1,2,-1,1.0,0.45,0.6,0.6,-1,-1,0.602768,0.050814
1,2,-1,1.0,0.45,0.65,0.65,-1,-1,0.662353,0.037558
1,2,-1,1.0,0.45,0.7,0.7,-1,-1,0.726903,0.024303
1,2,-1,1.0,0.45,0.75,0.75,-1,-1,0.803867,0.015465
1,2,-1,1.0,0.45,0.8,0.8,-1,-1,0.84359,0.008837
1,2,-1,1.0,0.45,0.85,0.85,-1,-1,0.910623,0.004419
1,2,-1,1.0,0.45,0.9,0.9,-1,-1,0.935449,0.002209
1,2,-1,1.0,0.45,0.95,0.95,-1,-1,0.975173,0.0
1,2,-1,1.0,0.45,1.0,1.0,-1,-1,1.0,0.0
1,2,-1,0.5,0.5,0.05,0.05,-1,-1,0.182353,0.353933
1,2,-1,0.5,0.5,0.1,0.1,-1,-1,0.182353,0.353933
1,2,-1,0.5,0.5,0.15,0.15,-1,-1,0.182353,0.353933
1,2,-1,0.5,0.5,0.2,0.2,-1,-1,0.182353,0.353933
1,2,-1,0.5,0.5,0.25,0.25,-1,-1,0.182353,0.353933
1,2,-1,0.5,0.5,0.3,0.3,-1,-1,0.182353,0.353933
1,2,-1,0.5,0.5,0.35,0.35,-1,-1,0.182353,0.353933
1,2,-1,0.5,0.5,0.4,0.4,-1,-1,0.182353,0.353933
1,2,-1,0.5,0.5,0.45,0.45,-1,-1,0.182353,0.353933
1,2,-1,0.5,0.5,0.5,0.5,-1,-1,0.182353,0.353933
1,2,-1,0.5,0.5,0.55,0.55,-1,-1,0.182353,0.353933
1,2,-1,0.5,0.5,0.6,0.6,-1,-1,0.182353,0.353933
1,2,-1,0.5,0.5,0.65,0.65,-1,-1,0.182353,0.353933
1,2,-1,0.5,0.5,0.7,0.7,-1,-1,0.182353,0.353933
1,2,-1,0.5,0.5,0.75,0.75,-1,-1,0.182353,0.353933
1,2,-1,0.5,0.5,0.8,0.8,-1,-1,0.182353,0.353933
1,2,-1,0.5,0.5,0.85,0.85,-1,-1,0.182353,0.353933
1,2,-1,0.5,0.5,0.9,0.9,-1,-1,0.182353,0.353933
1,2,-1,0.5,0.5,0.95,0.95,-1,-1,0.182353,0.353933
1,2,-1,0.5,0.5,1.0,1.0,-1,-1,0.182353,0.353933
1,2,-1,0.55,0.5,0.05,0.05,-1,-1,0.182517,0.348883
1,2,-1,0.55,0.5,0.1,0.1,-1,-1,0.183175,0.343833
1,2,-1,0.55,0.5,0.15,0.15,-1,-1,0.183668,0.338152
1,2,-1,0.55,0.5,0.2,0.2,-1,-1,0.185147,0.334365
1,2,-1,0.55,0.5,0.25,0.25,-1,-1,0.187613,0.329315
1,2,-1,0.55,0.5,0.3,0.3,-1,-1,0.189749,0.325527
1,2,-1,0.55,0.5,0.35,0.35,-1,-1,0.191721,0.323318
1,2,-1,0.55,0.5,0.4,0.4,-1,-1,0.195009,0.317953
1,2,-1,0.55,0.5,0.45,0.45,-1,-1,0.197474,0.314796
1,2,-1,0.55,0.5,0.5,0.5,-1,-1,0.201583,0.31164
1,2,-1,0.55,0.5,0.55,0.55,-1,-1,0.207171,0.3088
1,2,-1,0.55,0.5,0.6,0.6,-1,-1,0.211938,0.305012
1,2,-1,0.55,0.5,0.65,0.65,-1,-1,0.215882,0.303119
1,2,-1,0.55,0.5,0.7,0.7,-1,-1,0.220156,0.301225
1,2,-1,0.55,0.5,0.75,0.75,-1,-1,0.225251,0.299962
1,2,-1,0.55,0.5,0.8,0.8,-1,-1,0.22788,0.299015
1,2,-1,0.55,0.5,0.85,0.85,-1,-1,0.232318,0.298384
1,2,-1,0.55,0.5,0.9,0.9,-1,-1,0.233962,0.298069
1,2,-1,0.55,0.5,0.95,0.95,-1,-1,0.236591,0.297753
1,2,-1,0.55,0.5,1.0,1.0,-1,-1,0.238235,0.297753
1,2,-1,0.6,0.5,0.05,0.05,-1,-1,0.182638,0.341813
1,2,-1,0.6,0.5,0.1,0.1,-1,-1,0.18378,0.329694
1,2,-1,0.6,0.5,0.15,0.15,-1,-1,0.184637,0.316059
1,2,-1,0.6,0.5,0.2,0.2,-1,-1,0.187206,0.306969
1,2,-1,0.6,0.5,0.25,0.25,-1,-1,0.191488,0.294849
1,2,-1,0.6,0.5,0.3,0.3,-1,-1,0.195199,0.28576
1,2,-1,0.6,0.5,0.35,0.35,-1,-1,0.198625,0.280457
1,2,-1,0.6,0.5,0.4,0.4,-1,-1,0.204334,0.26758
1,2,-1,0.6,0.5,0.45,0.45,-1,-1,0.208616,0.260005
1,2,-1,0.6,0.5,0.5,0.5,-1,-1,0.215753,0.25243
1,2,-1,0.6,0.5,0.55,0.55,-1,-1,0.225459,0.245613
1,2,-1,0.6,0.5,0.6,0.6,-1,-1,0.233737,0.236523
1,2,-1,0.6,0.5,0.65,0.65,-1,-1,0.240588,0.231978
1,2,-1,0.6,0.5,0.7,0.7,-1,-1,0.248011,0.227433
1,2,-1,0.6,0.5,0.75,0.75,-1,-1,0.25686,0.224403
1,2,-1,0.6,0.5,0.8,0.8,-1,-1,0.261428,0.222131
1,2,-1,0.6,0.5,0.85,0.85,-1,-1,0.269135,0.220616
1,2,-1,0.6,0.5,0.9,0.9,-1,-1,0.27199,0.219858
1,2,-1,0.6,0.5,0.95,0.95,-1,-1,0.276557,0.219101
1,2,-1,0.6,0.5,1.0,1.0,-1,-1,0.279412,0.219101
1,2,-1,0.65,0.5,0.05,0.05,-1,-1,0.18282,0.335753
1,2,-1,0.65,0.5,0.1,0.1,-1,-1,0.184689,0.317574
1,2,-1,0.65,0.5,0.15,0.15,-1,-1,0.18609,0.297122
1,2,-1,0.65,0.5,0.2,0.2,-1,-1,0.190294,0.283487
1,2,-1,0.65,0.5,0.25,0.25,-1,-1,0.197301,0.265308
1,2,-1,0.65,0.5,0.3,0.3,-1,-1,0.203374,0.251673
1,2,-1,0.65,0.5,0.35,0.35,-1,-1,0.208979,0.243719
1,2,-1,0.65,0.5,0.4,0.4,-1,-1,0.218322,0.224403
1,2,-1,0.65,0.5,0.45,0.45,-1,-1,0.225329,0.213041
1,2,-1,0.65,0.5,0.5,0.5,-1,-1,0.237007,0.201679
1,2,-1,0.65,0.5,0.55,0.55,-1,-1,0.252889,0.191453
1,2,-1,0.65,0.5,0.6,0.6,-1,-1,0.266436,0.177818
1,2,-1,0.65,0.5,0.65,0.65,-1,-1,0.277647,0.171001
1,2,-1,0.65,0.5,0.7,0.7,-1,-1,0.289792,0.164184
1,2,-1,0.65,0.5,0.75,0.75,-1,-1,0.304273,0.159639
1,2,-1,0.65,0.5,0.8,0.8,-1,-1,0.311747,0.15623
1,2,-1,0.65,0.5,0.85,0.85,-1,-1,0.32436,0.153957
1,2,-1,0.65,0.5,0.9,0.9,-1,-1,0.329031,0.152821
1,2,-1,0.65,0.5,0.95,0.95,-1,-1,0.336505,0.151685
1,2,-1,0.65,0.5,1.0,1.0,-1,-1,0.341176,0.151685
1,2,-1,0.7,0.5,0.05,0.05,-1,-1,0.18295,0.331713
1,2,-1,0.7,0.5,0.1,0.1,-1,-1,0.185337,0.309494
1,2,-1,0.7,0.5,0.15,0.15,-1,-1,0.187128,0.284497
1,2,-1,0.7,0.5,0.2,0.2,-1,-1,0.1925,0.267833
1,2,-1,0.7,0.5,0.25,0.25,-1,-1,0.201453,0.245613
1,2,-1,0.7,0.5,0.3,0.3,-1,-1,0.209213,0.228949
1,2,-1,0.7,0.5,0.35,0.35,-1,-1,0.216375,0.219228
1,2,-1,0.7,0.5,0.4,0.4,-1,-1,0.228313,0.19562
1,2,-1,0.7,0.5,0.45,0.45,-1,-1,0.237266,0.181733
1,2,-1,0.7,0.5,0.5,0.5,-1,-1,0.252189,0.167845
1,2,-1,0.7,0.5,0.55,0.55,-1,-1,0.272483,0.155347
1,2,-1,0.7,0.5,0.6,0.6,-1,-1,0.289792,0.138682
1,2,-1,0.7,0.5,0.65,0.65,-1,-1,0.304118,0.13035
1,2,-1,0.7,0.5,0.7,0.7,-1,-1,0.319637,0.122018
1,2,-1,0.7,0.5,0.75,0.75,-1,-1,0.33814,0.116463
1,2,-1,0.7,0.5,0.8,0.8,-1,-1,0.34769,0.112297
1,2,-1,0.7,0.5,0.85,0.85,-1,-1,0.363806,0.109519
1,2,-1,0.7,0.5,0.9,0.9,-1,-1,0.369775,0.108131
1,2,-1,0.7,0.5,0.95,0.95,-1,-1,0.379325,0.106742
1,2,-1,0.7,0.5,1.0,1.0,-1,-1,0.385294,0.106742
1,2,-1,0.75,0.5,0.05,0.05,-1,-1,0.183183,0.329694
1,2,-1,0.75,0.5,0.1,0.1,-1,-1,0.186505,0.305454
1,2,-1,0.75,0.5,0.15,0.15,-1,-1,0.188996,0.278185
1,2,-1,0.75,0.5,0.2,0.2,-1,-1,0.196471,0.260005
1,2,-1,0.75,0.5,0.25,0.25,-1,-1,0.208927,0.235766
1,2,-1,0.75,0.5,0.3,0.3,-1,-1,0.219723,0.217587
1,2,-1,0.75,0.5,0.35,0.35,-1,-1,0.229689,0.206982
1,2,-1,0.75,0.5,0.4,0.4,-1,-1,0.246298,0.181228
1,2,-1,0.75,0.5,0.45,0.45,-1,-1,0.258754,0.166078
1,2,-1,0.75,0.5,0.5,0.5,-1,-1,0.279516,0.150928
1,2,-1,0.75,0.5,0.55,0.55,-1,-1,0.307751,0.137294
1,2,-1,0.75,0.5,0.6,0.6,-1,-1,0.331834,0.119114
1,2,-1,0.75,0.5,0.65,0.65,-1,-1,0.351765,0.110024
1,2,-1,0.75,0.5,0.7,0.7,-1,-1,0.373357,0.100935
1,2,-1,0.75,0.5,0.75,0.75,-1,-1,0.3991,0.094875
1,2,-1,0.75,0.5,0.8,0.8,-1,-1,0.412388,0.09033
1,2,-1,0.75,0.5,0.85,0.85,-1,-1,0.43481,0.0873
1,2,-1,0.75,0.5,0.9,0.9,-1,-1,0.443114,0.085785
1,2,-1,0.75,0.5,0.95,0.95,-1,-1,0.456401,0.08427
1,2,-1,0.75,0.5,1.0,1.0,-1,-1,0.464706,0.08427
1,2,-1,0.8,0.5,0.05,0.05,-1,-1,0.183426,0.325654
1,2,-1,0.8,0.5,0.1,0.1,-1,-1,0.187716,0.297375
1,2,-1,0.8,0.5,0.15,0.15,-1,-1,0.190934,0.26556
1,2,-1,0.8,0.5,0.2,0.2,-1,-1,0.200588,0.244351
1,2,-1,0.8,0.5,0.25,0.25,-1,-1,0.216678,0.216072
1,2,-1,0.8,0.5,0.3,0.3,-1,-1,0.230623,0.194862
1,2,-1,0.8,0.5,0.35,0.35,-1,-1,0.243495,0.18249
1,2,-1,0.8,0.5,0.4,0.4,-1,-1,0.264948,0.152443
1,2,-1,0.8,0.5,0.45,0.45,-1,-1,0.281038,0.134769
1,2,-1,0.8,0.5,0.5,0.5,-1,-1,0.307855,0.117094
1,2,-1,0.8,0.5,0.55,0.55,-1,-1,0.344325,0.101187
1,2,-1,0.8,0.5,0.6,0.6,-1,-1,0.375433,0.079977
1,2,-1,0.8,0.5,0.65,0.65,-1,-1,0.401177,0.069373
1,2,-1,0.8,0.5,0.7,0.7,-1,-1,0.429066,0.058768
1,2,-1,0.8,0.5,0.75,0.75,-1,-1,0.462318,0.051698
1,2,-1,0.8,0.5,0.8,0.8,-1,-1,0.479481,0.046396
1,2,-1,0.8,0.5,0.85,0.85,-1,-1,0.508443,0.042861
1,2,-1,0.8,0.5,0.9,0.9,-1,-1,0.51917,0.041093
1,2,-1,0.8,0.5,0.95,0.95,-1,-1,0.536332,0.039326
1,2,-1,0.8,0.5,1.0,1.0,-1,-1,0.547059,0.039326
1,2,-1,0.85,0.5,0.05,0.05,-1,-1,0.183625,0.324139
1,2,-1,0.85,0.5,0.1,0.1,-1,-1,0.188711,0.294345
1,2,-1,0.85,0.5,0.15,0.15,-1,-1,0.192526,0.260826
1,2,-1,0.85,0.5,0.2,0.2,-1,-1,0.203971,0.23848
1,2,-1,0.85,0.5,0.25,0.25,-1,-1,0.223045,0.208686
1,2,-1,0.85,0.5,0.3,0.3,-1,-1,0.239576,0.18634
1,2,-1,0.85,0.5,0.35,0.35,-1,-1,0.254836,0.173305
1,2,-1,0.85,0.5,0.4,0.4,-1,-1,0.280268,0.141649
1,2,-1,0.85,0.5,0.45,0.45,-1,-1,0.299343,0.123028
1,2,-1,0.85,0.5,0.5,0.5,-1,-1,0.331133,0.104406
1,2,-1,0.85,0.5,0.55,0.55,-1,-1,0.374369,0.087647
1,2,-1,0.85,0.5,0.6,0.6,-1,-1,0.411246,0.065301
1,2,-1,0.85,0.5,0.65,0.65,-1,-1,0.441765,0.054129
1,2,-1,0.85,0.5,0.7,0.7,-1,-1,0.474827,0.042956
1,2,-1,0.85,0.5,0.75,0.75,-1,-1,0.514247,0.035507
1,2,-1,0.85,0.5,0.8,0.8,-1,-1,0.534594,0.029921
1,2,-1,0.85,0.5,0.85,0.85,-1,-1,0.568928,0.026196
1,2,-1,0.85,0.5,0.9,0.9,-1,-1,0.581644,0.024334
1,2,-1,0.85,0.5,0.95,0.95,-1,-1,0.60199,0.022472
1,2,-1,0.85,0.5,1.0,1.0,-1,-1,0.614706,0.022472
1,2,-1,0.9,0.5,0.05,0.05,-1,-1,0.183971,0.322624
1,2,-1,0.9,0.5,0.1,0.1,-1,-1,0.190441,0.291315
1,2,-1,0.9,0.5,0.15,0.15,-1,-1,0.195294,0.256092
1,2,-1,0.9,0.5,0.2,0.2,-1,-1,0.209853,0.23261
1,2,-1,0.9,0.5,0.25,0.25,-1,-1,0.234118,0.201301
1,2,-1,0.9,0.5,0.3,0.3,-1,-1,0.255147,0.177819
1,2,-1,0.9,0.5,0.35,0.35,-1,-1,0.274559,0.164121
1,2,-1,0.9,0.5,0.4,0.4,-1,-1,0.306912,0.130855
1,2,-1,0.9,0.5,0.45,0.45,-1,-1,0.331176,0.111287
1,2,-1,0.9,0.5,0.5,0.5,-1,-1,0.371618,0.091718
1,2,-1,0.9,0.5,0.55,0.55,-1,-1,0.426618,0.074107
1,2,-1,0.9,0.5,0.6,0.6,-1,-1,0.47353,0.050625
1,2,-1,0.9,0.5,0.65,0.65,-1,-1,0.512353,0.038884
1,2,-1,0.9,0.5,0.7,0.7,-1,-1,0.554412,0.027143
1,2,-1,0.9,0.5,0.75,0.75,-1,-1,0.604559,0.019316
1,2,-1,0.9,0.5,0.8,0.8,-1,-1,0.630441,0.013445
1,2,-1,0.9,0.5,0.85,0.85,-1,-1,0.674118,0.009532
1,2,-1,0.9,0.5,0.9,0.9,-1,-1,0.690294,0.007575
1,2,-1,0.9,0.5,0.95,0.95,-1,-1,0.716176,0.005618
1,2,-1,0.9,0.5,1.0,1.0,-1,-1,0.732353,0.005618
1,2,-1,0.95,0.5,0.05,0.05,-1,-1,0.184291,0.322119
1,2,-1,0.95,0.5,0.1,0.1,-1,-1,0.192042,0.290305
1,2,-1,0.95,0.5,0.15,0.15,-1,-1,0.197854,0.254514
1,2,-1,0.95,0.5,0.2,0.2,-1,-1,0.215294,0.230653
1,2,-1,0.95,0.5,0.25,0.25,-1,-1,0.24436,0.198839
1,2,-1,0.95,0.5,0.3,0.3,-1,-1,0.26955,0.174978
1,2,-1,0.95,0.5,0.35,0.35,-1,-1,0.292803,0.161059
1,2,-1,0.95,0.5,0.4,0.4,-1,-1,0.331557,0.127257
1,2,-1,0.95,0.5,0.45,0.45,-1,-1,0.360623,0.107373
1,2,-1,0.95,0.5,0.5,0.5,-1,-1,0.409066,0.087489
1,2,-1,0.95,0.5,0.55,0.55,-1,-1,0.474948,0.069593
1,2,-1,0.95,0.5,0.6,0.6,-1,-1,0.531142,0.045733
1,2,-1,0.95,0.5,0.65,0.65,-1,-1,0.577647,0.033803
1,2,-1,0.95,0.5,0.7,0.7,-1,-1,0.628028,0.021872
1,2,-1,0.95,0.5,0.75,0.75,-1,-1,0.688096,0.013919
1,2,-1,0.95,0.5,0.8,0.8,-1,-1,0.7191,0.007954
1,2,-1,0.95,0.5,0.85,0.85,-1,-1,0.771419,0.003977
1,2,-1,0.95,0.5,0.9,0.9,-1,-1,0.790795,0.001988
1,2,-1,0.95,0.5,0.95,0.95,-1,-1,0.821799,0.0
1,2,-1,0.95,0.5,1.0,1.0,-1,-1,0.841176,0.0
1,2,-1,1.0,0.5,0.05,0.05,-1,-1,0.184758,0.322119
1,2,-1,1.0,0.5,0.1,0.1,-1,-1,0.194377,0.290305
1,2,-1,1.0,0.5,0.15,0.15,-1,-1,0.201591,0.254514
1,2,-1,1.0,0.5,0.2,0.2,-1,-1,0.223235,0.230653
1,2,-1,1.0,0.5,0.25,0.25,-1,-1,0.259308,0.198839
1,2,-1,1.0,0.5,0.3,0.3,-1,-1,0.290571,0.174978
1,2,-1,1.0,0.5,0.35,0.35,-1,-1,0.319429,0.161059
1,2,-1,1.0,0.5,0.4,0.4,-1,-1,0.367526,0.127257
1,2,-1,1.0,0.5,0.45,0.45,-1,-1,0.403598,0.107373
1,2,-1,1.0,0.5,0.5,0.5,-1,-1,0.46372,0.087489
1,2,-1,1.0,0.5,0.55,0.55,-1,-1,0.545485,0.069593
1,2,-1,1.0,0.5,0.6,0.6,-1,-1,0.615225,0.045733
1,2,-1,1.0,0.5,0.65,0.65,-1,-1,0.672941,0.033803
1,2,-1,1.0,0.5,0.7,0.7,-1,-1,0.735467,0.021872
1,2,-1,1.0,0.5,0.75,0.75,-1,-1,0.810017,0.013919
1,2,-1,1.0,0.5,0.8,0.8,-1,-1,0.848495,0.007954
1,2,-1,1.0,0.5,0.85,0.85,-1,-1,0.913426,0.003977
1,2,-1,1.0,0.5,0.9,0.9,-1,-1,0.937474,0.001988
1,2,-1,1.0,0.5,0.95,0.95,-1,-1,0.975951,0.0
1,2,-1,1.0,0.5,1.0,1.0,-1,-1,1.0,0.0
1,2,-1,0.55,0.55,0.05,0.05,-1,-1,0.238235,0.297753
1,2,-1,0.55,0.55,0.1,0.1,-1,-1,0.238235,0.297753
1,2,-1,0.55,0.55,0.15,0.15,-1,-1,0.238235,0.297753
1,2,-1,0.55,0.55,0.2,0.2,-1,-1,0.238235,0.297753
1,2,-1,0.55,0.55,0.25,0.25,-1,-1,0.238235,0.297753
1,2,-1,0.55,0.55,0.3,0.3,-1,-1,0.238235,0.297753
1,2,-1,0.55,0.55,0.35,0.35,-1,-1,0.238235,0.297753
1,2,-1,0.55,0.55,0.4,0.4,-1,-1,0.238235,0.297753
1,2,-1,0.55,0.55,0.45,0.45,-1,-1,0.238235,0.297753
1,2,-1,0.55,0.55,0.5,0.5,-1,-1,0.238235,0.297753
1,2,-1,0.55,0.55,0.55,0.55,-1,-1,0.238235,0.297753
1,2,-1,0.55,0.55,0.6,0.6,-1,-1,0.238235,0.297753
1,2,-1,0.55,0.55,0.65,0.65,-1,-1,0.238235,0.297753
1,2,-1,0.55,0.55,0.7,0.7,-1,-1,0.238235,0.297753
1,2,-1,0.55,0.55,0.75,0.75,-1,-1,0.238235,0.297753
1,2,-1,0.55,0.55,0.8,0.8,-1,-1,0.238235,0.297753
1,2,-1,0.55,0.55,0.85,0.85,-1,-1,0.238235,0.297753
1,2,-1,0.55,0.55,0.9,0.9,-1,-1,0.238235,0.297753
1,2,-1,0.55,0.55,0.95,0.95,-1,-1,0.238235,0.297753
1,2,-1,0.55,0.55,1.0,1.0,-1,-1,0.238235,0.297753
1,2,-1,0.6,0.55,0.05,0.05,-1,-1,0.238356,0.290683
1,2,-1,0.6,0.55,0.1,0.1,-1,-1,0.238841,0.283613
1,2,-1,0.6,0.55,0.15,0.15,-1,-1,0.239204,0.27566
1,2,-1,0.6,0.55,0.2,0.2,-1,-1,0.240294,0.270357
1,2,-1,0.6,0.55,0.25,0.25,-1,-1,0.24211,0.263288
1,2,-1,0.6,0.55,0.3,0.3,-1,-1,0.243685,0.257985
1,2,-1,0.6,0.55,0.35,0.35,-1,-1,0.245138,0.254892
1,2,-1,0.6,0.55,0.4,0.4,-1,-1,0.24756,0.24738
1,2,-1,0.6,0.55,0.45,0.45,-1,-1,0.249377,0.242962
1,2,-1,0.6,0.55,0.5,0.5,-1,-1,0.252405,0.238543
1,2,-1,0.6,0.55,0.55,0.55,-1,-1,0.256522,0.234566
1,2,-1,0.6,0.55,0.6,0.6,-1,-1,0.260035,0.229264
1,2,-1,0.6,0.55,0.65,0.65,-1,-1,0.262941,0.226613
1,2,-1,0.6,0.55,0.7,0.7,-1,-1,0.26609,0.223962
1,2,-1,0.6,0.55,0.75,0.75,-1,-1,0.269844,0.222194
1,2,-1,0.6,0.55,0.8,0.8,-1,-1,0.271782,0.220868
1,2,-1,0.6,0.55,0.85,0.85,-1,-1,0.275052,0.219985
1,2,-1,0.6,0.55,0.9,0.9,-1,-1,0.276263,0.219543
1,2,-1,0.6,0.55,0.95,0.95,-1,-1,0.278201,0.219101
1,2,-1,0.6,0.55,1.0,1.0,-1,-1,0.279412,0.219101
1,2,-1,0.65,0.55,0.05,0.05,-1,-1,0.238538,0.284623
1,2,-1,0.65,0.55,0.1,0.1,-1,-1,0.239749,0.271494
1,2,-1,0.65,0.55,0.15,0.15,-1,-1,0.240657,0.256723
1,2,-1,0.65,0.55,0.2,0.2,-1,-1,0.243382,0.246875
1,2,-1,0.65,0.55,0.25,0.25,-1,-1,0.247924,0.233746
1,2,-1,0.65,0.55,0.3,0.3,-1,-1,0.25186,0.223898
1,2,-1,0.65,0.55,0.35,0.35,-1,-1,0.255493,0.218154
1,2,-1,0.65,0.55,0.4,0.4,-1,-1,0.261548,0.204204
1,2,-1,0.65,0.55,0.45,0.45,-1,-1,0.26609,0.195998
1,2,-1,0.65,0.55,0.5,0.5,-1,-1,0.273659,0.187792
1,2,-1,0.65,0.55,0.55,0.55,-1,-1,0.283953,0.180406
1,2,-1,0.65,0.55,0.6,0.6,-1,-1,0.292733,0.170559
1,2,-1,0.65,0.55,0.65,0.65,-1,-1,0.3,0.165635
1,2,-1,0.65,0.55,0.7,0.7,-1,-1,0.307872,0.160712
1,2,-1,0.65,0.55,0.75,0.75,-1,-1,0.317257,0.157429
1,2,-1,0.65,0.55,0.8,0.8,-1,-1,0.322102,0.154967
1,2,-1,0.65,0.55,0.85,0.85,-1,-1,0.330276,0.153326
1,2,-1,0.65,0.55,0.9,0.9,-1,-1,0.333304,0.152506
1,2,-1,0.65,0.55,0.95,0.95,-1,-1,0.338148,0.151685
1,2,-1,0.65,0.55,1.0,1.0,-1,-1,0.341176,0.151685
1,2,-1,0.7,0.55,0.05,0.05,-1,-1,0.238668,0.280583
1,2,-1,0.7,0.55,0.1,0.1,-1,-1,0.240398,0.263414
1,2,-1,0.7,0.55,0.15,0.15,-1,-1,0.241695,0.244098
1,2,-1,0.7,0.55,0.2,0.2,-1,-1,0.245588,0.231221
1,2,-1,0.7,0.55,0.25,0.25,-1,-1,0.252076,0.214052
1,2,-1,0.7,0.55,0.3,0.3,-1,-1,0.257699,0.201174
1,2,-1,0.7,0.55,0.35,0.35,-1,-1,0.262889,0.193663
1,2,-1,0.7,0.55,0.4,0.4,-1,-1,0.27154,0.17542
1,2,-1,0.7,0.55,0.45,0.45,-1,-1,0.278027,0.164689
1,2,-1,0.7,0.55,0.5,0.5,-1,-1,0.288841,0.153958
1,2,-1,0.7,0.55,0.55,0.55,-1,-1,0.303547,0.1443
1,2,-1,0.7,0.55,0.6,0.6,-1,-1,0.31609,0.131423
1,2,-1,0.7,0.55,0.65,0.65,-1,-1,0.32647,0.124985
1,2,-1,0.7,0.55,0.7,0.7,-1,-1,0.337716,0.118546
1,2,-1,0.7,0.55,0.75,0.75,-1,-1,0.351124,0.114254
1,2,-1,0.7,0.55,0.8,0.8,-1,-1,0.358045,0.111034
1,2,-1,0.7,0.55,0.85,0.85,-1,-1,0.369723,0.108888
1,2,-1,0.7,0.55,0.9,0.9,-1,-1,0.374048,0.107815
1,2,-1,0.7,0.55,0.95,0.95,-1,-1,0.380969,0.106742
1,2,-1,0.7,0.55,1.0,1.0,-1,-1,0.385294,0.106742
1,2,-1,0.75,0.55,0.05,0.05,-1,-1,0.238901,0.278563
1,2,-1,0.75,0.55,0.1,0.1,-1,-1,0.241565,0.259374
1,2,-1,0.75,0.55,0.15,0.15,-1,-1,0.243564,0.237786
1,2,-1,0.75,0.55,0.2,0.2,-1,-1,0.249559,0.223394
1,2,-1,0.75,0.55,0.25,0.25,-1,-1,0.25955,0.204204
1,2,-1,0.75,0.55,0.3,0.3,-1,-1,0.268209,0.189812
1,2,-1,0.75,0.55,0.35,0.35,-1,-1,0.276202,0.181417
1,2,-1,0.75,0.55,0.4,0.4,-1,-1,0.289524,0.161028
1,2,-1,0.75,0.55,0.45,0.45,-1,-1,0.299515,0.149035
1,2,-1,0.75,0.55,0.5,0.5,-1,-1,0.316168,0.137041
1,2,-1,0.75,0.55,0.55,0.55,-1,-1,0.338815,0.126247
1,2,-1,0.75,0.55,0.6,0.6,-1,-1,0.358131,0.111855
1,2,-1,0.75,0.55,0.65,0.65,-1,-1,0.374118,0.104659
1,2,-1,0.75,0.55,0.7,0.7,-1,-1,0.391436,0.097463
1,2,-1,0.75,0.55,0.75,0.75,-1,-1,0.412085,0.092665
1,2,-1,0.75,0.55,0.8,0.8,-1,-1,0.422742,0.089067
1,2,-1,0.75,0.55,0.85,0.85,-1,-1,0.440727,0.086669
1,2,-1,0.75,0.55,0.9,0.9,-1,-1,0.447388,0.085469
1,2,-1,0.75,0.55,0.95,0.95,-1,-1,0.458045,0.08427
1,2,-1,0.75,0.55,1.0,1.0,-1,-1,0.464706,0.08427
1,2,-1,0.8,0.55,0.05,0.05,-1,-1,0.239143,0.274524
1,2,-1,0.8,0.55,0.1,0.1,-1,-1,0.242777,0.251294
1,2,-1,0.8,0.55,0.15,0.15,-1,-1,0.245501,0.225161
1,2,-1,0.8,0.55,0.2,0.2,-1,-1,0.253676,0.207739
1,2,-1,0.8,0.55,0.25,0.25,-1,-1,0.267301,0.18451
1,2,-1,0.8,0.55,0.3,0.3,-1,-1,0.279109,0.167088
1,2,-1,0.8,0.55,0.35,0.35,-1,-1,0.290008,0.156925
1,2,-1,0.8,0.55,0.4,0.4,-1,-1,0.308175,0.132244
1,2,-1,0.8,0.55,0.45,0.45,-1,-1,0.321799,0.117725
1,2,-1,0.8,0.55,0.5,0.5,-1,-1,0.344507,0.103207
1,2,-1,0.8,0.55,0.55,0.55,-1,-1,0.375389,0.09014
1,2,-1,0.8,0.55,0.6,0.6,-1,-1,0.40173,0.072718
1,2,-1,0.8,0.55,0.65,0.65,-1,-1,0.423529,0.064007
1,2,-1,0.8,0.55,0.7,0.7,-1,-1,0.447145,0.055296
1,2,-1,0.8,0.55,0.75,0.75,-1,-1,0.475303,0.049489
1,2,-1,0.8,0.55,0.8,0.8,-1,-1,0.489836,0.045133
1,2,-1,0.8,0.55,0.85,0.85,-1,-1,0.51436,0.04223
1,2,-1,0.8,0.55,0.9,0.9,-1,-1,0.523443,0.040778
1,2,-1,0.8,0.55,0.95,0.95,-1,-1,0.537976,0.039326
1,2,-1,0.8,0.55,1.0,1.0,-1,-1,0.547059,0.039326
1,2,-1,0.85,0.55,0.05,0.05,-1,-1,0.239342,0.273009
1,2,-1,0.85,0.55,0.1,0.1,-1,-1,0.243771,0.248264
1,2,-1,0.85,0.55,0.15,0.15,-1,-1,0.247093,0.220427
1,2,-1,0.85,0.55,0.2,0.2,-1,-1,0.257059,0.201868
1,2,-1,0.85,0.55,0.25,0.25,-1,-1,0.273668,0.177124
1,2,-1,0.85,0.55,0.3,0.3,-1,-1,0.288062,0.158566
1,2,-1,0.85,0.55,0.35,0.35,-1,-1,0.301349,0.14774
1,2,-1,0.85,0.55,0.4,0.4,-1,-1,0.323495,0.12145
1,2,-1,0.85,0.55,0.45,0.45,-1,-1,0.340104,0.105984
1,2,-1,0.85,0.55,0.5,0.5,-1,-1,0.367785,0.090519
1,2,-1,0.85,0.55,0.55,0.55,-1,-1,0.405433,0.0766
1,2,-1,0.85,0.55,0.6,0.6,-1,-1,0.437543,0.058042
1,2,-1,0.85,0.55,0.65,0.65,-1,-1,0.464118,0.048763
1,2,-1,0.85,0.55,0.7,0.7,-1,-1,0.492907,0.039484
1,2,-1,0.85,0.55,0.75,0.75,-1,-1,0.527232,0.033298
1,2,-1,0.85,0.55,0.8,0.8,-1,-1,0.544948,0.028658
1,2,-1,0.85,0.55,0.85,0.85,-1,-1,0.574844,0.025565
1,2,-1,0.85,0.55,0.9,0.9,-1,-1,0.585917,0.024019
1,2,-1,0.85,0.55,0.95,0.95,-1,-1,0.603633,0.022472
1,2,-1,0.85,0.55,1.0,1.0,-1,-1,0.614706,0.022472
1,2,-1,0.9,0.55,0.05,0.05,-1,-1,0.239688,0.271494
1,2,-1,0.9,0.55,0.1,0.1,-1,-1,0.245501,0.245234
1,2,-1,0.9,0.55,0.15,0.15,-1,-1,0.249861,0.215693
1,2,-1,0.9,0.55,0.2,0.2,-1,-1,0.262941,0.195998
1,2,-1,0.9,0.55,0.25,0.25,-1,-1,0.28474,0.169739
1,2,-1,0.9,0.55,0.3,0.3,-1,-1,0.303633,0.150044
1,2,-1,0.9,0.55,0.35,0.35,-1,-1,0.321072,0.138556
1,2,-1,0.9,0.55,0.4,0.4,-1,-1,0.350138,0.110655
1,2,-1,0.9,0.55,0.45,0.45,-1,-1,0.371937,0.094243
1,2,-1,0.9,0.55,0.5,0.5,-1,-1,0.40827,0.077831
1,2,-1,0.9,0.55,0.55,0.55,-1,-1,0.457682,0.06306
1,2,-1,0.9,0.55,0.6,0.6,-1,-1,0.499827,0.043366
1,2,-1,0.9,0.55,0.65,0.65,-1,-1,0.534706,0.033519
1,2,-1,0.9,0.55,0.7,0.7,-1,-1,0.572491,0.023671
1,2,-1,0.9,0.55,0.75,0.75,-1,-1,0.617543,0.017107
1,2,-1,0.9,0.55,0.8,0.8,-1,-1,0.640796,0.012183
1,2,-1,0.9,0.55,0.85,0.85,-1,-1,0.680035,0.0089
1,2,-1,0.9,0.55,0.9,0.9,-1,-1,0.694567,0.007259
1,2,-1,0.9,0.55,0.95,0.95,-1,-1,0.71782,0.005618
1,2,-1,0.9,0.55,1.0,1.0,-1,-1,0.732353,0.005618
1,2,-1,0.95,0.55,0.05,0.05,-1,-1,0.240008,0.270989
1,2,-1,0.95,0.55,0.1,0.1,-1,-1,0.247102,0.244224
1,2,-1,0.95,0.55,0.15,0.15,-1,-1,0.252422,0.214114
1,2,-1,0.95,0.55,0.2,0.2,-1,-1,0.268382,0.194041
1,2,-1,0.95,0.55,0.25,0.25,-1,-1,0.294983,0.167277
1,2,-1,0.95,0.55,0.3,0.3,-1,-1,0.318036,0.147204
1,2,-1,0.95,0.55,0.35,0.35,-1,-1,0.339316,0.135494
1,2,-1,0.95,0.55,0.4,0.4,-1,-1,0.374784,0.107057
1,2,-1,0.95,0.55,0.45,0.45,-1,-1,0.401384,0.09033
1,2,-1,0.95,0.55,0.5,0.5,-1,-1,0.445718,0.073602
1,2,-1,0.95,0.55,0.55,0.55,-1,-1,0.506012,0.058547
1,2,-1,0.95,0.55,0.6,0.6,-1,-1,0.557439,0.038474
1,2,-1,0.95,0.55,0.65,0.65,-1,-1,0.6,0.028437
1,2,-1,0.95,0.55,0.7,0.7,-1,-1,0.646107,0.018401
1,2,-1,0.95,0.55,0.75,0.75,-1,-1,0.701081,0.011709
1,2,-1,0.95,0.55,0.8,0.8,-1,-1,0.729455,0.006691
1,2,-1,0.95,0.55,0.85,0.85,-1,-1,0.777335,0.003346
1,2,-1,0.95,0.55,0.9,0.9,-1,-1,0.795068,0.001673
1,2,-1,0.95,0.55,0.95,0.95,-1,-1,0.823442,0.0
1,2,-1,0.95,0.55,1.0,1.0,-1,-1,0.841176,0.0
1,2,-1,1.0,0.55,0.05,0.05,-1,-1,0.240475,0.270989
1,2,-1,1.0,0.55,0.1,0.1,-1,-1,0.249438,0.244224
1,2,-1,1.0,0.55,0.15,0.15,-1,-1,0.256159,0.214114
1,2,-1,1.0,0.55,0.2,0.2,-1,-1,0.276323,0.194041
1,2,-1,1.0,0.55,0.25,0.25,-1,-1,0.309931,0.167277
1,2,-1,1.0,0.55,0.3,0.3,-1,-1,0.339057,0.147204
1,2,-1,1.0,0.55,0.35,0.35,-1,-1,0.365943,0.135494
1,2,-1,1.0,0.55,0.4,0.4,-1,-1,0.410753,0.107057
1,2,-1,1.0,0.55,0.45,0.45,-1,-1,0.444359,0.09033
1,2,-1,1.0,0.55,0.5,0.5,-1,-1,0.500372,0.073602
1,2,-1,1.0,0.55,0.55,0.55,-1,-1,0.576549,0.058547
1,2,-1,1.0,0.55,0.6,0.6,-1,-1,0.641523,0.038474
1,2,-1,1.0,0.55,0.65,0.65,-1,-1,0.695294,0.028437
1,2,-1,1.0,0.55,0.7,0.7,-1,-1,0.753547,0.018401
1,2,-1,1.0,0.55,0.75,0.75,-1,-1,0.823002,0.011709
1,2,-1,1.0,0.55,0.8,0.8,-1,-1,0.85885,0.006691
1,2,-1,1.0,0.55,0.85,0.85,-1,-1,0.919343,0.003346
1,2,-1,1.0,0.55,0.9,0.9,-1,-1,0.941747,0.001673
1,2,-1,1.0,0.55,0.95,0.95,-1,-1,0.977595,0.0
1,2,-1,1.0,0.55,1.0,1.0,-1,-1,1.0,0.0
1,2,-1,0.6,0.6,0.05,0.05,-1,-1,0.279412,0.219101
1,2,-1,0.6,0.6,0.1,0.1,-1,-1,0.279412,0.219101
1,2,-1,0.6,0.6,0.15,0.15,-1,-1,0.279412,0.219101
1,2,-1,0.6,0.6,0.2,0.2,-1,-1,0.279412,0.219101
1,2,-1,0.6,0.6,0.25,0.25,-1,-1,0.279412,0.219101
1,2,-1,0.6,0.6,0.3,0.3,-1,-1,0.279412,0.219101
1,2,-1,0.6,0.6,0.35,0.35,-1,-1,0.279412,0.219101
1,2,-1,0.6,0.6,0.4,0.4,-1,-1,0.279412,0.219101
1,2,-1,0.6,0.6,0.45,0.45,-1,-1,0.279412,0.219101
1,2,-1,0.6,0.6,0.5,0.5,-1,-1,0.279412,0.219101
1,2,-1,0.6,0.6,0.55,0.55,-1,-1,0.279412,0.219101
1,2,-1,0.6,0.6,0.6,0.6,-1,-1,0.279412,0.219101
1,2,-1,0.6,0.6,0.65,0.65,-1,-1,0.279412,0.219101
1,2,-1,0.6,0.6,0.7,0.7,-1,-1,0.279412,0.219101
1,2,-1,0.6,0.6,0.75,0.75,-1,-1,0.279412,0.219101
1,2,-1,0.6,0.6,0.8,0.8,-1,-1,0.279412,0.219101
1,2,-1,0.6,0.6,0.85,0.85,-1,-1,0.279412,0.219101
1,2,-1,0.6,0.6,0.9,0.9,-1,-1,0.279412,0.219101
1,2,-1,0.6,0.6,0.95,0.95,-1,-1,0.279412,0.219101
1,2,-1,0.6,0.6,1.0,1.0,-1,-1,0.279412,0.219101
1,2,-1,0.65,0.6,0.05,0.05,-1,-1,0.279594,0.213041
1,2,-1,0.65,0.6,0.1,0.1,-1,-1,0.28032,0.206981
1,2,-1,0.65,0.6,0.15,0.15,-1,-1,0.280865,0.200164
1,2,-1,0.65,0.6,0.2,0.2,-1,-1,0.2825,0.195619
1,2,-1,0.65,0.6,0.25,0.25,-1,-1,0.285225,0.189559
1,2,-1,0.65,0.6,0.3,0.3,-1,-1,0.287587,0.185014
1,2,-1,0.65,0.6,0.35,0.35,-1,-1,0.289767,0.182363
1,2,-1,0.65,0.6,0.4,0.4,-1,-1,0.2934,0.175924
1,2,-1,0.65,0.6,0.45,0.45,-1,-1,0.296125,0.172137
1,2,-1,0.65,0.6,0.5,0.5,-1,-1,0.300666,0.16835
1,2,-1,0.65,0.6,0.55,0.55,-1,-1,0.306843,0.164941
1,2,-1,0.65,0.6,0.6,0.6,-1,-1,0.312111,0.160396
1,2,-1,0.65,0.6,0.65,0.65,-1,-1,0.31647,0.158124
1,2,-1,0.65,0.6,0.7,0.7,-1,-1,0.321194,0.155851
1,2,-1,0.65,0.6,0.75,0.75,-1,-1,0.326825,0.154336
1,2,-1,0.65,0.6,0.8,0.8,-1,-1,0.329732,0.1532
1,2,-1,0.65,0.6,0.85,0.85,-1,-1,0.334636,0.152442
1,2,-1,0.65,0.6,0.9,0.9,-1,-1,0.336453,0.152064
1,2,-1,0.65,0.6,0.95,0.95,-1,-1,0.339359,0.151685
1,2,-1,0.65,0.6,1.0,1.0,-1,-1,0.341176,0.151685
1,2,-1,0.7,0.6,0.05,0.05,-1,-1,0.279723,0.209001
1,2,-1,0.7,0.6,0.1,0.1,-1,-1,0.280969,0.198902
1,2,-1,0.7,0.6,0.15,0.15,-1,-1,0.281903,0.187539
1,2,-1,0.7,0.6,0.2,0.2,-1,-1,0.284706,0.179965
1,2,-1,0.7,0.6,0.25,0.25,-1,-1,0.289377,0.169865
1,2,-1,0.7,0.6,0.3,0.3,-1,-1,0.293426,0.16229
1,2,-1,0.7,0.6,0.35,0.35,-1,-1,0.297163,0.157872
1,2,-1,0.7,0.6,0.4,0.4,-1,-1,0.303391,0.147141
1,2,-1,0.7,0.6,0.45,0.45,-1,-1,0.308062,0.140828
1,2,-1,0.7,0.6,0.5,0.5,-1,-1,0.315848,0.134516
1,2,-1,0.7,0.6,0.55,0.55,-1,-1,0.326436,0.128835
1,2,-1,0.7,0.6,0.6,0.6,-1,-1,0.335467,0.12126
1,2,-1,0.7,0.6,0.65,0.65,-1,-1,0.342941,0.117473
1,2,-1,0.7,0.6,0.7,0.7,-1,-1,0.351038,0.113686
1,2,-1,0.7,0.6,0.75,0.75,-1,-1,0.360692,0.111161
1,2,-1,0.7,0.6,0.8,0.8,-1,-1,0.365675,0.109267
1,2,-1,0.7,0.6,0.85,0.85,-1,-1,0.374083,0.108004
1,2,-1,0.7,0.6,0.9,0.9,-1,-1,0.377197,0.107373
1,2,-1,0.7,0.6,0.95,0.95,-1,-1,0.38218,0.106742
1,2,-1,0.7,0.6,1.0,1.0,-1,-1,0.385294,0.106742
1,2,-1,0.75,0.6,0.05,0.05,-1,-1,0.279957,0.206981
1,2,-1,0.75,0.6,0.1,0.1,-1,-1,0.282137,0.194862
1,2,-1,0.75,0.6,0.15,0.15,-1,-1,0.283772,0.181227
1,2,-1,0.75,0.6,0.2,0.2,-1,-1,0.288677,0.172137
1,2,-1,0.75,0.6,0.25,0.25,-1,-1,0.296852,0.160018
1,2,-1,0.75,0.6,0.3,0.3,-1,-1,0.303936,0.150928
1,2,-1,0.75,0.6,0.35,0.35,-1,-1,0.310476,0.145626
1,2,-1,0.75,0.6,0.4,0.4,-1,-1,0.321376,0.132749
1,2,-1,0.75,0.6,0.45,0.45,-1,-1,0.32955,0.125174
1,2,-1,0.75,0.6,0.5,0.5,-1,-1,0.343175,0.117599
1,2,-1,0.75,0.6,0.55,0.55,-1,-1,0.361704,0.110782
1,2,-1,0.75,0.6,0.6,0.6,-1,-1,0.377509,0.101692
1,2,-1,0.75,0.6,0.65,0.65,-1,-1,0.390588,0.097147
1,2,-1,0.75,0.6,0.7,0.7,-1,-1,0.404758,0.092602
1,2,-1,0.75,0.6,0.75,0.75,-1,-1,0.421652,0.089572
1,2,-1,0.75,0.6,0.8,0.8,-1,-1,0.430372,0.0873
1,2,-1,0.75,0.6,0.85,0.85,-1,-1,0.445087,0.085785
1,2,-1,0.75,0.6,0.9,0.9,-1,-1,0.450536,0.085027
1,2,-1,0.75,0.6,0.95,0.95,-1,-1,0.459256,0.08427
1,2,-1,0.75,0.6,1.0,1.0,-1,-1,0.464706,0.08427
1,2,-1,0.8,0.6,0.05,0.05,-1,-1,0.280199,0.202941
1,2,-1,0.8,0.6,0.1,0.1,-1,-1,0.283348,0.186782
1,2,-1,0.8,0.6,0.15,0.15,-1,-1,0.285709,0.168602
1,2,-1,0.8,0.6,0.2,0.2,-1,-1,0.292794,0.156483
1,2,-1,0.8,0.6,0.25,0.25,-1,-1,0.304602,0.140323
1,2,-1,0.8,0.6,0.3,0.3,-1,-1,0.314836,0.128204
1,2,-1,0.8,0.6,0.35,0.35,-1,-1,0.324282,0.121134
1,2,-1,0.8,0.6,0.4,0.4,-1,-1,0.340026,0.103964
1,2,-1,0.8,0.6,0.45,0.45,-1,-1,0.351834,0.093865
1,2,-1,0.8,0.6,0.5,0.5,-1,-1,0.371514,0.083765
1,2,-1,0.8,0.6,0.55,0.55,-1,-1,0.398279,0.074675
1,2,-1,0.8,0.6,0.6,0.6,-1,-1,0.421108,0.062555
1,2,-1,0.8,0.6,0.65,0.65,-1,-1,0.44,0.056496
1,2,-1,0.8,0.6,0.7,0.7,-1,-1,0.460467,0.050436
1,2,-1,0.8,0.6,0.75,0.75,-1,-1,0.48487,0.046396
1,2,-1,0.8,0.6,0.8,0.8,-1,-1,0.497466,0.043366
1,2,-1,0.8,0.6,0.85,0.85,-1,-1,0.51872,0.041346
1,2,-1,0.8,0.6,0.9,0.9,-1,-1,0.526592,0.040336
1,2,-1,0.8,0.6,0.95,0.95,-1,-1,0.539187,0.039326
1,2,-1,0.8,0.6,1.0,1.0,-1,-1,0.547059,0.039326
1,2,-1,0.85,0.6,0.05,0.05,-1,-1,0.280398,0.201426
1,2,-1,0.85,0.6,0.1,0.1,-1,-1,0.284343,0.183752
1,2,-1,0.85,0.6,0.15,0.15,-1,-1,0.287301,0.163868
1,2,-1,0.85,0.6,0.2,0.2,-1,-1,0.296177,0.150612
1,2,-1,0.85,0.6,0.25,0.25,-1,-1,0.310969,0.132938
1,2,-1,0.85,0.6,0.3,0.3,-1,-1,0.323789,0.119682
1,2,-1,0.85,0.6,0.35,0.35,-1,-1,0.335623,0.111949
1,2,-1,0.85,0.6,0.4,0.4,-1,-1,0.355346,0.09317
1,2,-1,0.85,0.6,0.45,0.45,-1,-1,0.370139,0.082124
1,2,-1,0.85,0.6,0.5,0.5,-1,-1,0.394793,0.071077
1,2,-1,0.85,0.6,0.55,0.55,-1,-1,0.428322,0.061135
1,2,-1,0.85,0.6,0.6,0.6,-1,-1,0.456921,0.047879
1,2,-1,0.85,0.6,0.65,0.65,-1,-1,0.480588,0.041251
1,2,-1,0.85,0.6,0.7,0.7,-1,-1,0.506229,0.034623
1,2,-1,0.85,0.6,0.75,0.75,-1,-1,0.536799,0.030205
1,2,-1,0.85,0.6,0.8,0.8,-1,-1,0.552578,0.026891
1,2,-1,0.85,0.6,0.85,0.85,-1,-1,0.579204,0.024681
1,2,-1,0.85,0.6,0.9,0.9,-1,-1,0.589066,0.023577
1,2,-1,0.85,0.6,0.95,0.95,-1,-1,0.604844,0.022472
1,2,-1,0.85,0.6,1.0,1.0,-1,-1,0.614706,0.022472
1,2,-1,0.9,0.6,0.05,0.05,-1,-1,0.280744,0.199911
1,2,-1,0.9,0.6,0.1,0.1,-1,-1,0.286073,0.180722
1,2,-1,0.9,0.6,0.15,0.15,-1,-1,0.290069,0.159134
1,2,-1,0.9,0.6,0.2,0.2,-1,-1,0.302059,0.144742
1,2,-1,0.9,0.6,0.25,0.25,-1,-1,0.322042,0.125552
1,2,-1,0.9,0.6,0.3,0.3,-1,-1,0.33936,0.11116
1,2,-1,0.9,0.6,0.35,0.35,-1,-1,0.355346,0.102765
1,2,-1,0.9,0.6,0.4,0.4,-1,-1,0.38199,0.082376
1,2,-1,0.9,0.6,0.45,0.45,-1,-1,0.401972,0.070383
1,2,-1,0.9,0.6,0.5,0.5,-1,-1,0.435277,0.058389
1,2,-1,0.9,0.6,0.55,0.55,-1,-1,0.480571,0.047595
1,2,-1,0.9,0.6,0.6,0.6,-1,-1,0.519204,0.033203
1,2,-1,0.9,0.6,0.65,0.65,-1,-1,0.551177,0.026007
1,2,-1,0.9,0.6,0.7,0.7,-1,-1,0.585813,0.018811
1,2,-1,0.9,0.6,0.75,0.75,-1,-1,0.627111,0.014013
1,2,-1,0.9,0.6,0.8,0.8,-1,-1,0.648426,0.010415
1,2,-1,0.9,0.6,0.85,0.85,-1,-1,0.684395,0.008017
1,2,-1,0.9,0.6,0.9,0.9,-1,-1,0.697716,0.006817
1,2,-1,0.9,0.6,0.95,0.95,-1,-1,0.719031,0.005618
1,2,-1,0.9,0.6,1.0,1.0,-1,-1,0.732353,0.005618
1,2,-1,0.95,0.6,0.05,0.05,-1,-1,0.281064,0.199406
1,2,-1,0.95,0.6,0.1,0.1,-1,-1,0.287673,0.179712
1,2,-1,0.95,0.6,0.15,0.15,-1,-1,0.29263,0.157556
1,2,-1,0.95,0.6,0.2,0.2,-1,-1,0.3075,0.142785
1,2,-1,0.95,0.6,0.25,0.25,-1,-1,0.332284,0.123091
1,2,-1,0.95,0.6,0.3,0.3,-1,-1,0.353763,0.10832
1,2,-1,0.95,0.6,0.35,0.35,-1,-1,0.37359,0.099703
1,2,-1,0.95,0.6,0.4,0.4,-1,-1,0.406635,0.078778
1,2,-1,0.95,0.6,0.45,0.45,-1,-1,0.431419,0.066469
1,2,-1,0.95,0.6,0.5,0.5,-1,-1,0.472725,0.05416
1,2,-1,0.95,0.6,0.55,0.55,-1,-1,0.528902,0.043082
1,2,-1,0.95,0.6,0.6,0.6,-1,-1,0.576817,0.028311
1,2,-1,0.95,0.6,0.65,0.65,-1,-1,0.61647,0.020925
1,2,-1,0.95,0.6,0.7,0.7,-1,-1,0.659429,0.01354
1,2,-1,0.95,0.6,0.75,0.75,-1,-1,0.710648,0.008616
1,2,-1,0.95,0.6,0.8,0.8,-1,-1,0.737085,0.004924
1,2,-1,0.95,0.6,0.85,0.85,-1,-1,0.781695,0.002462
1,2,-1,0.95,0.6,0.9,0.9,-1,-1,0.798217,0.001231
1,2,-1,0.95,0.6,0.95,0.95,-1,-1,0.824653,0.0
1,2,-1,0.95,0.6,1.0,1.0,-1,-1,0.841176,0.0
1,2,-1,1.0,0.6,0.05,0.05,-1,-1,0.281531,0.199406
1,2,-1,1.0,0.6,0.1,0.1,-1,-1,0.290009,0.179712
1,2,-1,1.0,0.6,0.15,0.15,-1,-1,0.296367,0.157556
1,2,-1,1.0,0.6,0.2,0.2,-1,-1,0.315441,0.142785
1,2,-1,1.0,0.6,0.25,0.25,-1,-1,0.347232,0.123091
1,2,-1,1.0,0.6,0.3,0.3,-1,-1,0.374784,0.10832
1,2,-1,1.0,0.6,0.35,0.35,-1,-1,0.400216,0.099703
1,2,-1,1.0,0.6,0.4,0.4,-1,-1,0.442604,0.078778
1,2,-1,1.0,0.6,0.45,0.45,-1,-1,0.474394,0.066469
1,2,-1,1.0,0.6,0.5,0.5,-1,-1,0.527379,0.05416
1,2,-1,1.0,0.6,0.55,0.55,-1,-1,0.599438,0.043082
1,2,-1,1.0,0.6,0.6,0.6,-1,-1,0.6609,0.028311
1,2,-1,1.0,0.6,0.65,0.65,-1,-1,0.711765,0.020925
1,2,-1,1.0,0.6,0.7,0.7,-1,-1,0.766869,0.01354
1,2,-1,1.0,0.6,0.75,0.75,-1,-1,0.832569,0.008616
1,2,-1,1.0,0.6,0.8,0.8,-1,-1,0.866479,0.004924
1,2,-1,1.0,0.6,0.85,0.85,-1,-1,0.923703,0.002462
1,2,-1,1.0,0.6,0.9,0.9,-1,-1,0.944896,0.001231
1,2,-1,1.0,0.6,0.95,0.95,-1,-1,0.978806,0.0
1,2,-1,1.0,0.6,1.0,1.0,-1,-1,1.0,0.0
1,2,-1,0.65,0.65,0.05,0.05,-1,-1,0.341176,0.151685
1,2,-1,0.65,0.65,0.1,0.1,-1,-1,0.341176,0.151685
1,2,-1,0.65,0.65,0.15,0.15,-1,-1,0.341176,0.151685
1,2,-1,0.65,0.65,0.2,0.2,-1,-1,0.341176,0.151685
1,2,-1,0.65,0.65,0.25,0.25,-1,-1,0.341176,0.151685
1,2,-1,0.65,0.65,0.3,0.3,-1,-1,0.341176,0.151685
1,2,-1,0.65,0.65,0.35,0.35,-1,-1,0.341176,0.151685
1,2,-1,0.65,0.65,0.4,0.4,-1,-1,0.341176,0.151685
1,2,-1,0.65,0.65,0.45,0.45,-1,-1,0.341176,0.151685
1,2,-1,0.65,0.65,0.5,0.5,-1,-1,0.341176,0.151685
1,2,-1,0.65,0.65,0.55,0.55,-1,-1,0.341176,0.151685
1,2,-1,0.65,0.65,0.6,0.6,-1,-1,0.341176,0.151685
1,2,-1,0.65,0.65,0.65,0.65,-1,-1,0.341176,0.151685
1,2,-1,0.65,0.65,0.7,0.7,-1,-1,0.341176,0.151685
1,2,-1,0.65,0.65,0.75,0.75,-1,-1,0.341176,0.151685
1,2,-1,0.65,0.65,0.8,0.8,-1,-1,0.341176,0.151685
1,2,-1,0.65,0.65,0.85,0.85,-1,-1,0.341176,0.151685
1,2,-1,0.65,0.65,0.9,0.9,-1,-1,0.341176,0.151685
1,2,-1,0.65,0.65,0.95,0.95,-1,-1,0.341176,0.151685
1,2,-1,0.65,0.65,1.0,1.0,-1,-1,0.341176,0.151685
1,2,-1,0.7,0.65,0.05,0.05,-1,-1,0.341306,0.147645
1,2,-1,0.7,0.65,0.1,0.1,-1,-1,0.341825,0.143605
1,2,-1,0.7,0.65,0.15,0.15,-1,-1,0.342214,0.139061
1,2,-1,0.7,0.65,0.2,0.2,-1,-1,0.343382,0.136031
1,2,-1,0.7,0.65,0.25,0.25,-1,-1,0.345328,0.131991
1,2,-1,0.7,0.65,0.3,0.3,-1,-1,0.347015,0.128961
1,2,-1,0.7,0.65,0.35,0.35,-1,-1,0.348572,0.127194
1,2,-1,0.7,0.65,0.4,0.4,-1,-1,0.351167,0.122901
1,2,-1,0.7,0.65,0.45,0.45,-1,-1,0.353114,0.120376
1,2,-1,0.7,0.65,0.5,0.5,-1,-1,0.356358,0.117852
1,2,-1,0.7,0.65,0.55,0.55,-1,-1,0.36077,0.115579
1,2,-1,0.7,0.65,0.6,0.6,-1,-1,0.364533,0.112549
1,2,-1,0.7,0.65,0.65,0.65,-1,-1,0.367647,0.111034
1,2,-1,0.7,0.65,0.7,0.7,-1,-1,0.371021,0.109519
1,2,-1,0.7,0.65,0.75,0.75,-1,-1,0.375043,0.108509
1,2,-1,0.7,0.65,0.8,0.8,-1,-1,0.377119,0.107752
1,2,-1,0.7,0.65,0.85,0.85,-1,-1,0.380623,0.107247
1,2,-1,0.7,0.65,0.9,0.9,-1,-1,0.38192,0.106994
1,2,-1,0.7,0.65,0.95,0.95,-1,-1,0.383996,0.106742
1,2,-1,0.7,0.65,1.0,1.0,-1,-1,0.385294,0.106742
1,2,-1,0.75,0.65,0.05,0.05,-1,-1,0.341539,0.145625
1,2,-1,0.75,0.65,0.1,0.1,-1,-1,0.342993,0.139565
1,2,-1,0.75,0.65,0.15,0.15,-1,-1,0.344083,0.132748
1,2,-1,0.75,0.65,0.2,0.2,-1,-1,0.347352,0.128203
1,2,-1,0.75,0.65,0.25,0.25,-1,-1,0.352802,0.122144
1,2,-1,0.75,0.65,0.3,0.3,-1,-1,0.357526,0.117599
1,2,-1,0.75,0.65,0.35,0.35,-1,-1,0.361885,0.114948
1,2,-1,0.75,0.65,0.4,0.4,-1,-1,0.369152,0.108509
1,2,-1,0.75,0.65,0.45,0.45,-1,-1,0.374602,0.104722
1,2,-1,0.75,0.65,0.5,0.5,-1,-1,0.383685,0.100934
1,2,-1,0.75,0.65,0.55,0.55,-1,-1,0.396038,0.097526
1,2,-1,0.75,0.65,0.6,0.6,-1,-1,0.406574,0.092981
1,2,-1,0.75,0.65,0.65,0.65,-1,-1,0.415294,0.090709
1,2,-1,0.75,0.65,0.7,0.7,-1,-1,0.42474,0.088436
1,2,-1,0.75,0.65,0.75,0.75,-1,-1,0.436003,0.086921
1,2,-1,0.75,0.65,0.8,0.8,-1,-1,0.441817,0.085785
1,2,-1,0.75,0.65,0.85,0.85,-1,-1,0.451626,0.085027
1,2,-1,0.75,0.65,0.9,0.9,-1,-1,0.45526,0.084649
1,2,-1,0.75,0.65,0.95,0.95,-1,-1,0.461073,0.08427
1,2,-1,0.75,0.65,1.0,1.0,-1,-1,0.464706,0.08427
1,2,-1,0.8,0.65,0.05,0.05,-1,-1,0.341782,0.141585
1,2,-1,0.8,0.65,0.1,0.1,-1,-1,0.344204,0.131486
1,2,-1,0.8,0.65,0.15,0.15,-1,-1,0.34602,0.120123
1,2,-1,0.8,0.65,0.2,0.2,-1,-1,0.35147,0.112549
1,2,-1,0.8,0.65,0.25,0.25,-1,-1,0.360553,0.102449
1,2,-1,0.8,0.65,0.3,0.3,-1,-1,0.368425,0.094874
1,2,-1,0.8,0.65,0.35,0.35,-1,-1,0.375692,0.090456
1,2,-1,0.8,0.65,0.4,0.4,-1,-1,0.387803,0.079725
1,2,-1,0.8,0.65,0.45,0.45,-1,-1,0.396885,0.073412
1,2,-1,0.8,0.65,0.5,0.5,-1,-1,0.412024,0.0671
1,2,-1,0.8,0.65,0.55,0.55,-1,-1,0.432612,0.061419
1,2,-1,0.8,0.65,0.6,0.6,-1,-1,0.450173,0.053844
1,2,-1,0.8,0.65,0.65,0.65,-1,-1,0.464706,0.050057
1,2,-1,0.8,0.65,0.7,0.7,-1,-1,0.48045,0.04627
1,2,-1,0.8,0.65,0.75,0.75,-1,-1,0.499221,0.043745
1,2,-1,0.8,0.65,0.8,0.8,-1,-1,0.50891,0.041851
1,2,-1,0.8,0.65,0.85,0.85,-1,-1,0.52526,0.040588
1,2,-1,0.8,0.65,0.9,0.9,-1,-1,0.531315,0.039957
1,2,-1,0.8,0.65,0.95,0.95,-1,-1,0.541004,0.039326
1,2,-1,0.8,0.65,1.0,1.0,-1,-1,0.547059,0.039326
1,2,-1,0.85,0.65,0.05,0.05,-1,-1,0.34198,0.14007
1,2,-1,0.85,0.65,0.1,0.1,-1,-1,0.345199,0.128456
1,2,-1,0.85,0.65,0.15,0.15,-1,-1,0.347612,0.115389
1,2,-1,0.85,0.65,0.2,0.2,-1,-1,0.354852,0.106678
1,2,-1,0.85,0.65,0.25,0.25,-1,-1,0.36692,0.095064
1,2,-1,0.85,0.65,0.3,0.3,-1,-1,0.377379,0.086353
1,2,-1,0.85,0.65,0.35,0.35,-1,-1,0.387032,0.081271
1,2,-1,0.85,0.65,0.4,0.4,-1,-1,0.403123,0.068931
1,2,-1,0.85,0.65,0.45,0.45,-1,-1,0.41519,0.061671
1,2,-1,0.85,0.65,0.5,0.5,-1,-1,0.435303,0.054412
1,2,-1,0.85,0.65,0.55,0.55,-1,-1,0.462656,0.047879
1,2,-1,0.85,0.65,0.6,0.6,-1,-1,0.485986,0.039168
1,2,-1,0.85,0.65,0.65,0.65,-1,-1,0.505294,0.034813
1,2,-1,0.85,0.65,0.7,0.7,-1,-1,0.526211,0.030457
1,2,-1,0.85,0.65,0.75,0.75,-1,-1,0.55115,0.027553
1,2,-1,0.85,0.65,0.8,0.8,-1,-1,0.564023,0.025376
1,2,-1,0.85,0.65,0.85,0.85,-1,-1,0.585744,0.023924
1,2,-1,0.85,0.65,0.9,0.9,-1,-1,0.593789,0.023198
1,2,-1,0.85,0.65,0.95,0.95,-1,-1,0.606661,0.022472
1,2,-1,0.85,0.65,1.0,1.0,-1,-1,0.614706,0.022472
1,2,-1,0.9,0.65,0.05,0.05,-1,-1,0.342326,0.138555
1,2,-1,0.9,0.65,0.1,0.1,-1,-1,0.346929,0.125426
1,2,-1,0.9,0.65,0.15,0.15,-1,-1,0.35038,0.110655
1,2,-1,0.9,0.65,0.2,0.2,-1,-1,0.360735,0.100808
1,2,-1,0.9,0.65,0.25,0.25,-1,-1,0.377993,0.087678
1,2,-1,0.9,0.65,0.3,0.3,-1,-1,0.392949,0.077831
1,2,-1,0.9,0.65,0.35,0.35,-1,-1,0.406756,0.072087
1,2,-1,0.9,0.65,0.4,0.4,-1,-1,0.429766,0.058137
1,2,-1,0.9,0.65,0.45,0.45,-1,-1,0.447024,0.04993
1,2,-1,0.9,0.65,0.5,0.5,-1,-1,0.475787,0.041724
1,2,-1,0.9,0.65,0.55,0.55,-1,-1,0.514905,0.034339
1,2,-1,0.9,0.65,0.6,0.6,-1,-1,0.54827,0.024492
1,2,-1,0.9,0.65,0.65,0.65,-1,-1,0.575882,0.019568
1,2,-1,0.9,0.65,0.7,0.7,-1,-1,0.605796,0.014645
1,2,-1,0.9,0.65,0.75,0.75,-1,-1,0.641462,0.011362
1,2,-1,0.9,0.65,0.8,0.8,-1,-1,0.65987,0.0089
1,2,-1,0.9,0.65,0.85,0.85,-1,-1,0.690934,0.007259
1,2,-1,0.9,0.65,0.9,0.9,-1,-1,0.702439,0.006439
1,2,-1,0.9,0.65,0.95,0.95,-1,-1,0.720848,0.005618
1,2,-1,0.9,0.65,1.0,1.0,-1,-1,0.732353,0.005618
1,2,-1,0.95,0.65,0.05,0.05,-1,-1,0.342646,0.13805
1,2,-1,0.95,0.65,0.1,0.1,-1,-1,0.348529,0.124416
1,2,-1,0.95,0.65,0.15,0.15,-1,-1,0.35294,0.109077
1,2,-1,0.95,0.65,0.2,0.2,-1,-1,0.366176,0.098851
1,2,-1,0.95,0.65,0.25,0.25,-1,-1,0.388235,0.085216
1,2,-1,0.95,0.65,0.3,0.3,-1,-1,0.407353,0.07499
1,2,-1,0.95,0.65,0.35,0.35,-1,-1,0.424999,0.069025
1,2,-1,0.95,0.65,0.4,0.4,-1,-1,0.454411,0.054538
1,2,-1,0.95,0.65,0.45,0.45,-1,-1,0.47647,0.046017
1,2,-1,0.95,0.65,0.5,0.5,-1,-1,0.513235,0.037495
1,2,-1,0.95,0.65,0.55,0.55,-1,-1,0.563235,0.029826
1,2,-1,0.95,0.65,0.6,0.6,-1,-1,0.605882,0.0196
1,2,-1,0.95,0.65,0.65,0.65,-1,-1,0.641176,0.014487
1,2,-1,0.95,0.65,0.7,0.7,-1,-1,0.679412,0.009374
1,2,-1,0.95,0.65,0.75,0.75,-1,-1,0.725,0.005965
1,2,-1,0.95,0.65,0.8,0.8,-1,-1,0.748529,0.003409
1,2,-1,0.95,0.65,0.85,0.85,-1,-1,0.788235,0.001704
1,2,-1,0.95,0.65,0.9,0.9,-1,-1,0.802941,0.000852
1,2,-1,0.95,0.65,0.95,0.95,-1,-1,0.82647,0.0
1,2,-1,0.95,0.65,1.0,1.0,-1,-1,0.841176,0.0
1,2,-1,1.0,0.65,0.05,0.05,-1,-1,0.343114,0.13805
1,2,-1,1.0,0.65,0.1,0.1,-1,-1,0.350865,0.124416
1,2,-1,1.0,0.65,0.15,0.15,-1,-1,0.356677,0.109077
1,2,-1,1.0,0.65,0.2,0.2,-1,-1,0.374117,0.098851
1,2,-1,1.0,0.65,0.25,0.25,-1,-1,0.403183,0.085216
1,2,-1,1.0,0.65,0.3,0.3,-1,-1,0.428373,0.07499
1,2,-1,1.0,0.65,0.35,0.35,-1,-1,0.451626,0.069025
1,2,-1,1.0,0.65,0.4,0.4,-1,-1,0.490381,0.054538
1,2,-1,1.0,0.65,0.45,0.45,-1,-1,0.519446,0.046017
1,2,-1,1.0,0.65,0.5,0.5,-1,-1,0.567889,0.037495
1,2,-1,1.0,0.65,0.55,0.55,-1,-1,0.633772,0.029826
1,2,-1,1.0,0.65,0.6,0.6,-1,-1,0.689965,0.0196
1,2,-1,1.0,0.65,0.65,0.65,-1,-1,0.73647,0.014487
1,2,-1,1.0,0.65,0.7,0.7,-1,-1,0.786851,0.009374
1,2,-1,1.0,0.65,0.75,0.75,-1,-1,0.84692,0.005965
1,2,-1,1.0,0.65,0.8,0.8,-1,-1,0.877924,0.003409
1,2,-1,1.0,0.65,0.85,0.85,-1,-1,0.930242,0.001704
1,2,-1,1.0,0.65,0.9,0.9,-1,-1,0.949619,0.000852
1,2,-1,1.0,0.65,0.95,0.95,-1,-1,0.980623,0.0
1,2,-1,1.0,0.65,1.0,1.0,-1,-1,1.0,0.0
1,2,-1,0.7,0.7,0.05,0.05,-1,-1,0.385294,0.106742
1,2,-1,0.7,0.7,0.1,0.1,-1,-1,0.385294,0.106742
1,2,-1,0.7,0.7,0.15,0.15,-1,-1,0.385294,0.106742
1,2,-1,0.7,0.7,0.2,0.2,-1,-1,0.385294,0.106742
1,2,-1,0.7,0.7,0.25,0.25,-1,-1,0.385294,0.106742
1,2,-1,0.7,0.7,0.3,0.3,-1,-1,0.385294,0.106742
1,2,-1,0.7,0.7,0.35,0.35,-1,-1,0.385294,0.106742
1,2,-1,0.7,0.7,0.4,0.4,-1,-1,0.385294,0.106742
1,2,-1,0.7,0.7,0.45,0.45,-1,-1,0.385294,0.106742
1,2,-1,0.7,0.7,0.5,0.5,-1,-1,0.385294,0.106742
1,2,-1,0.7,0.7,0.55,0.55,-1,-1,0.385294,0.106742
1,2,-1,0.7,0.7,0.6,0.6,-1,-1,0.385294,0.106742
1,2,-1,0.7,0.7,0.65,0.65,-1,-1,0.385294,0.106742
1,2,-1,0.7,0.7,0.7,0.7,-1,-1,0.385294,0.106742
1,2,-1,0.7,0.7,0.75,0.75,-1,-1,0.385294,0.106742
1,2,-1,0.7,0.7,0.8,0.8,-1,-1,0.385294,0.106742
1,2,-1,0.7,0.7,0.85,0.85,-1,-1,0.385294,0.106742
1,2,-1,0.7,0.7,0.9,0.9,-1,-1,0.385294,0.106742
1,2,-1,0.7,0.7,0.95,0.95,-1,-1,0.385294,0.106742
1,2,-1,0.7,0.7,1.0,1.0,-1,-1,0.385294,0.106742
1,2,-1,0.75,0.7,0.05,0.05,-1,-1,0.385528,0.104722
1,2,-1,0.75,0.7,0.1,0.1,-1,-1,0.386462,0.102702
1,2,-1,0.75,0.7,0.15,0.15,-1,-1,0.387162,0.10043
1,2,-1,0.75,0.7,0.2,0.2,-1,-1,0.389265,0.098915
1,2,-1,0.75,0.7,0.25,0.25,-1,-1,0.392768,0.096895
1,2,-1,0.75,0.7,0.3,0.3,-1,-1,0.395804,0.09538
1,2,-1,0.75,0.7,0.35,0.35,-1,-1,0.398607,0.094496
1,2,-1,0.75,0.7,0.4,0.4,-1,-1,0.403279,0.09235
1,2,-1,0.75,0.7,0.45,0.45,-1,-1,0.406782,0.091087
1,2,-1,0.75,0.7,0.5,0.5,-1,-1,0.412621,0.089825
1,2,-1,0.75,0.7,0.55,0.55,-1,-1,0.420562,0.088689
1,2,-1,0.75,0.7,0.6,0.6,-1,-1,0.427336,0.087174
1,2,-1,0.75,0.7,0.65,0.65,-1,-1,0.432941,0.086416
1,2,-1,0.75,0.7,0.7,0.7,-1,-1,0.439014,0.085659
1,2,-1,0.75,0.7,0.75,0.75,-1,-1,0.446254,0.085154
1,2,-1,0.75,0.7,0.8,0.8,-1,-1,0.449991,0.084775
1,2,-1,0.75,0.7,0.85,0.85,-1,-1,0.456298,0.084522
1,2,-1,0.75,0.7,0.9,0.9,-1,-1,0.458633,0.084396
1,2,-1,0.75,0.7,0.95,0.95,-1,-1,0.46237,0.08427
1,2,-1,0.75,0.7,1.0,1.0,-1,-1,0.464706,0.08427
1,2,-1,0.8,0.7,0.05,0.05,-1,-1,0.38577,0.100682
1,2,-1,0.8,0.7,0.1,0.1,-1,-1,0.387673,0.094622
1,2,-1,0.8,0.7,0.15,0.15,-1,-1,0.3891,0.087805
1,2,-1,0.8,0.7,0.2,0.2,-1,-1,0.393382,0.08326
1,2,-1,0.8,0.7,0.25,0.25,-1,-1,0.400519,0.0772
1,2,-1,0.8,0.7,0.3,0.3,-1,-1,0.406704,0.072655
1,2,-1,0.8,0.7,0.35,0.35,-1,-1,0.412413,0.070004
1,2,-1,0.8,0.7,0.4,0.4,-1,-1,0.421929,0.063565
1,2,-1,0.8,0.7,0.45,0.45,-1,-1,0.429066,0.059778
1,2,-1,0.8,0.7,0.5,0.5,-1,-1,0.44096,0.055991
1,2,-1,0.8,0.7,0.55,0.55,-1,-1,0.457137,0.052582
1,2,-1,0.8,0.7,0.6,0.6,-1,-1,0.470934,0.048037
1,2,-1,0.8,0.7,0.65,0.65,-1,-1,0.482353,0.045765
1,2,-1,0.8,0.7,0.7,0.7,-1,-1,0.494723,0.043492
1,2,-1,0.8,0.7,0.75,0.75,-1,-1,0.509472,0.041977
1,2,-1,0.8,0.7,0.8,0.8,-1,-1,0.517085,0.040841
1,2,-1,0.8,0.7,0.85,0.85,-1,-1,0.529931,0.040083
1,2,-1,0.8,0.7,0.9,0.9,-1,-1,0.534689,0.039705
1,2,-1,0.8,0.7,0.95,0.95,-1,-1,0.542301,0.039326
1,2,-1,0.8,0.7,1.0,1.0,-1,-1,0.547059,0.039326
1,2,-1,0.85,0.7,0.05,0.05,-1,-1,0.385969,0.099167
1,2,-1,0.85,0.7,0.1,0.1,-1,-1,0.388668,0.091592
1,2,-1,0.85,0.7,0.15,0.15,-1,-1,0.390692,0.083071
1,2,-1,0.85,0.7,0.2,0.2,-1,-1,0.396765,0.077389
1,2,-1,0.85,0.7,0.25,0.25,-1,-1,0.406886,0.069815
1,2,-1,0.85,0.7,0.3,0.3,-1,-1,0.415657,0.064134
1,2,-1,0.85,0.7,0.35,0.35,-1,-1,0.423754,0.06082
1,2,-1,0.85,0.7,0.4,0.4,-1,-1,0.437249,0.052771
1,2,-1,0.85,0.7,0.45,0.45,-1,-1,0.44737,0.048037
1,2,-1,0.85,0.7,0.5,0.5,-1,-1,0.464239,0.043303
1,2,-1,0.85,0.7,0.55,0.55,-1,-1,0.48718,0.039042
1,2,-1,0.85,0.7,0.6,0.6,-1,-1,0.506747,0.033361
1,2,-1,0.85,0.7,0.65,0.65,-1,-1,0.522941,0.03052
1,2,-1,0.85,0.7,0.7,0.7,-1,-1,0.540485,0.02768
1,2,-1,0.85,0.7,0.75,0.75,-1,-1,0.561401,0.025786
1,2,-1,0.85,0.7,0.8,0.8,-1,-1,0.572197,0.024366
1,2,-1,0.85,0.7,0.85,0.85,-1,-1,0.590415,0.023419
1,2,-1,0.85,0.7,0.9,0.9,-1,-1,0.597163,0.022945
1,2,-1,0.85,0.7,0.95,0.95,-1,-1,0.607959,0.022472
1,2,-1,0.85,0.7,1.0,1.0,-1,-1,0.614706,0.022472
1,2,-1,0.9,0.7,0.05,0.05,-1,-1,0.386315,0.097652
1,2,-1,0.9,0.7,0.1,0.1,-1,-1,0.390398,0.088562
1,2,-1,0.9,0.7,0.15,0.15,-1,-1,0.39346,0.078336
1,2,-1,0.9,0.7,0.2,0.2,-1,-1,0.402647,0.071519
1,2,-1,0.9,0.7,0.25,0.25,-1,-1,0.417958,0.062429
1,2,-1,0.9,0.7,0.3,0.3,-1,-1,0.431228,0.055612
1,2,-1,0.9,0.7,0.35,0.35,-1,-1,0.443477,0.051635
1,2,-1,0.9,0.7,0.4,0.4,-1,-1,0.463893,0.041977
1,2,-1,0.9,0.7,0.45,0.45,-1,-1,0.479204,0.036296
1,2,-1,0.9,0.7,0.5,0.5,-1,-1,0.504723,0.030615
1,2,-1,0.9,0.7,0.55,0.55,-1,-1,0.539429,0.025502
1,2,-1,0.9,0.7,0.6,0.6,-1,-1,0.569031,0.018685
1,2,-1,0.9,0.7,0.65,0.65,-1,-1,0.593529,0.015276
1,2,-1,0.9,0.7,0.7,0.7,-1,-1,0.620069,0.011867
1,2,-1,0.9,0.7,0.75,0.75,-1,-1,0.651713,0.009595
1,2,-1,0.9,0.7,0.8,0.8,-1,-1,0.668045,0.00789
1,2,-1,0.9,0.7,0.85,0.85,-1,-1,0.695606,0.006754
1,2,-1,0.9,0.7,0.9,0.9,-1,-1,0.705813,0.006186
1,2,-1,0.9,0.7,0.95,0.95,-1,-1,0.722145,0.005618
1,2,-1,0.9,0.7,1.0,1.0,-1,-1,0.732353,0.005618
1,2,-1,0.95,0.7,0.05,0.05,-1,-1,0.386635,0.097147
1,2,-1,0.95,0.7,0.1,0.1,-1,-1,0.391998,0.087552
1,2,-1,0.95,0.7,0.15,0.15,-1,-1,0.39602,0.076758
1,2,-1,0.95,0.7,0.2,0.2,-1,-1,0.408088,0.069562
1,2,-1,0.95,0.7,0.25,0.25,-1,-1,0.428201,0.059967
1,2,-1,0.95,0.7,0.3,0.3,-1,-1,0.445631,0.052771
1,2,-1,0.95,0.7,0.35,0.35,-1,-1,0.461721,0.048574
1,2,-1,0.95,0.7,0.4,0.4,-1,-1,0.488538,0.038379
1,2,-1,0.95,0.7,0.45,0.45,-1,-1,0.50865,0.032382
1,2,-1,0.95,0.7,0.5,0.5,-1,-1,0.542171,0.026386
1,2,-1,0.95,0.7,0.55,0.55,-1,-1,0.587759,0.020989
1,2,-1,0.95,0.7,0.6,0.6,-1,-1,0.626643,0.013792
1,2,-1,0.95,0.7,0.65,0.65,-1,-1,0.658823,0.010195
1,2,-1,0.95,0.7,0.7,0.7,-1,-1,0.693685,0.006596
1,2,-1,0.95,0.7,0.75,0.75,-1,-1,0.73525,0.004198
1,2,-1,0.95,0.7,0.8,0.8,-1,-1,0.756704,0.002399
1,2,-1,0.95,0.7,0.85,0.85,-1,-1,0.792906,0.001199
1,2,-1,0.95,0.7,0.9,0.9,-1,-1,0.806314,0.0006
1,2,-1,0.95,0.7,0.95,0.95,-1,-1,0.827768,0.0
1,2,-1,0.95,0.7,1.0,1.0,-1,-1,0.841176,0.0
1,2,-1,1.0,0.7,0.05,0.05,-1,-1,0.387102,0.097147
1,2,-1,1.0,0.7,0.1,0.1,-1,-1,0.394334,0.087552
1,2,-1,1.0,0.7,0.15,0.15,-1,-1,0.399757,0.076758
1,2,-1,1.0,0.7,0.2,0.2,-1,-1,0.416029,0.069562
1,2,-1,1.0,0.7,0.25,0.25,-1,-1,0.443149,0.059967
1,2,-1,1.0,0.7,0.3,0.3,-1,-1,0.466652,0.052771
1,2,-1,1.0,0.7,0.35,0.35,-1,-1,0.488348,0.048574
1,2,-1,1.0,0.7,0.4,0.4,-1,-1,0.524507,0.038379
1,2,-1,1.0,0.7,0.45,0.45,-1,-1,0.551626,0.032382
1,2,-1,1.0,0.7,0.5,0.5,-1,-1,0.596825,0.026386
1,2,-1,1.0,0.7,0.55,0.55,-1,-1,0.658296,0.020989
1,2,-1,1.0,0.7,0.6,0.6,-1,-1,0.710727,0.013792
1,2,-1,1.0,0.7,0.65,0.65,-1,-1,0.754118,0.010195
1,2,-1,1.0,0.7,0.7,0.7,-1,-1,0.801125,0.006596
1,2,-1,1.0,0.7,0.75,0.75,-1,-1,0.857171,0.004198
1,2,-1,1.0,0.7,0.8,0.8,-1,-1,0.886099,0.002399
1,2,-1,1.0,0.7,0.85,0.85,-1,-1,0.934914,0.001199
1,2,-1,1.0,0.7,0.9,0.9,-1,-1,0.952993,0.0006
1,2,-1,1.0,0.7,0.95,0.95,-1,-1,0.98192,0.0
1,2,-1,1.0,0.7,1.0,1.0,-1,-1,1.0,0.0
1,2,-1,0.75,0.75,0.05,0.05,-1,-1,0.464706,0.08427
1,2,-1,0.75,0.75,0.1,0.1,-1,-1,0.464706,0.08427
1,2,-1,0.75,0.75,0.15,0.15,-1,-1,0.464706,0.08427
1,2,-1,0.75,0.75,0.2,0.2,-1,-1,0.464706,0.08427
1,2,-1,0.75,0.75,0.25,0.25,-1,-1,0.464706,0.08427
1,2,-1,0.75,0.75,0.3,0.3,-1,-1,0.464706,0.08427
1,2,-1,0.75,0.75,0.35,0.35,-1,-1,0.464706,0.08427
1,2,-1,0.75,0.75,0.4,0.4,-1,-1,0.464706,0.08427
1,2,-1,0.75,0.75,0.45,0.45,-1,-1,0.464706,0.08427
1,2,-1,0.75,0.75,0.5,0.5,-1,-1,0.464706,0.08427
1,2,-1,0.75,0.75,0.55,0.55,-1,-1,0.464706,0.08427
1,2,-1,0.75,0.75,0.6,0.6,-1,-1,0.464706,0.08427
1,2,-1,0.75,0.75,0.65,0.65,-1,-1,0.464706,0.08427
1,2,-1,0.75,0.75,0.7,0.7,-1,-1,0.464706,0.08427
1,2,-1,0.75,0.75,0.75,0.75,-1,-1,0.464706,0.08427
1,2,-1,0.75,0.75,0.8,0.8,-1,-1,0.464706,0.08427
1,2,-1,0.75,0.75,0.85,0.85,-1,-1,0.464706,0.08427
1,2,-1,0.75,0.75,0.9,0.9,-1,-1,0.464706,0.08427
1,2,-1,0.75,0.75,0.95,0.95,-1,-1,0.464706,0.08427
1,2,-1,0.75,0.75,1.0,1.0,-1,-1,0.464706,0.08427
1,2,-1,0.8,0.75,0.05,0.05,-1,-1,0.464948,0.08023
1,2,-1,0.8,0.75,0.1,0.1,-1,-1,0.465917,0.07619
1,2,-1,0.8,0.75,0.15,0.15,-1,-1,0.466644,0.071645
1,2,-1,0.8,0.75,0.2,0.2,-1,-1,0.468824,0.068615
1,2,-1,0.8,0.75,0.25,0.25,-1,-1,0.472457,0.064575
1,2,-1,0.8,0.75,0.3,0.3,-1,-1,0.475606,0.061546
1,2,-1,0.8,0.75,0.35,0.35,-1,-1,0.478512,0.059778
1,2,-1,0.8,0.75,0.4,0.4,-1,-1,0.483357,0.055486
1,2,-1,0.8,0.75,0.45,0.45,-1,-1,0.48699,0.052961
1,2,-1,0.8,0.75,0.5,0.5,-1,-1,0.493045,0.050436
1,2,-1,0.8,0.75,0.55,0.55,-1,-1,0.50128,0.048163
1,2,-1,0.8,0.75,0.6,0.6,-1,-1,0.508305,0.045133
1,2,-1,0.8,0.75,0.65,0.65,-1,-1,0.514118,0.043618
1,2,-1,0.8,0.75,0.7,0.7,-1,-1,0.520415,0.042103
1,2,-1,0.8,0.75,0.75,0.75,-1,-1,0.527924,0.041093
1,2,-1,0.8,0.75,0.8,0.8,-1,-1,0.531799,0.040336
1,2,-1,0.8,0.75,0.85,0.85,-1,-1,0.538339,0.039831
1,2,-1,0.8,0.75,0.9,0.9,-1,-1,0.540761,0.039578
1,2,-1,0.8,0.75,0.95,0.95,-1,-1,0.544637,0.039326
1,2,-1,0.8,0.75,1.0,1.0,-1,-1,0.547059,0.039326
1,2,-1,0.85,0.75,0.05,0.05,-1,-1,0.465147,0.078715
1,2,-1,0.85,0.75,0.1,0.1,-1,-1,0.466912,0.07316
1,2,-1,0.85,0.75,0.15,0.15,-1,-1,0.468235,0.066911
1,2,-1,0.85,0.75,0.2,0.2,-1,-1,0.472206,0.062745
1,2,-1,0.85,0.75,0.25,0.25,-1,-1,0.478824,0.05719
1,2,-1,0.85,0.75,0.3,0.3,-1,-1,0.484559,0.053024
1,2,-1,0.85,0.75,0.35,0.35,-1,-1,0.489853,0.050594
1,2,-1,0.85,0.75,0.4,0.4,-1,-1,0.498677,0.044692
1,2,-1,0.85,0.75,0.45,0.45,-1,-1,0.505294,0.04122
1,2,-1,0.85,0.75,0.5,0.5,-1,-1,0.516324,0.037748
1,2,-1,0.85,0.75,0.55,0.55,-1,-1,0.531324,0.034623
1,2,-1,0.85,0.75,0.6,0.6,-1,-1,0.544118,0.030457
1,2,-1,0.85,0.75,0.65,0.65,-1,-1,0.554706,0.028374
1,2,-1,0.85,0.75,0.7,0.7,-1,-1,0.566177,0.026291
1,2,-1,0.85,0.75,0.75,0.75,-1,-1,0.579853,0.024902
1,2,-1,0.85,0.75,0.8,0.8,-1,-1,0.586912,0.023861
1,2,-1,0.85,0.75,0.85,0.85,-1,-1,0.598824,0.023166
1,2,-1,0.85,0.75,0.9,0.9,-1,-1,0.603235,0.022819
1,2,-1,0.85,0.75,0.95,0.95,-1,-1,0.610294,0.022472
1,2,-1,0.85,0.75,1.0,1.0,-1,-1,0.614706,0.022472
1,2,-1,0.9,0.75,0.05,0.05,-1,-1,0.465493,0.0772
1,2,-1,0.9,0.75,0.1,0.1,-1,-1,0.468642,0.07013
1,2,-1,0.9,0.75,0.15,0.15,-1,-1,0.471003,0.062177
1,2,-1,0.9,0.75,0.2,0.2,-1,-1,0.478088,0.056874
1,2,-1,0.9,0.75,0.25,0.25,-1,-1,0.489896,0.049805
1,2,-1,0.9,0.75,0.3,0.3,-1,-1,0.50013,0.044502
1,2,-1,0.9,0.75,0.35,0.35,-1,-1,0.509576,0.041409
1,2,-1,0.9,0.75,0.4,0.4,-1,-1,0.52532,0.033897
1,2,-1,0.9,0.75,0.45,0.45,-1,-1,0.537128,0.029479
1,2,-1,0.9,0.75,0.5,0.5,-1,-1,0.556808,0.02506
1,2,-1,0.9,0.75,0.55,0.55,-1,-1,0.583573,0.021083
1,2,-1,0.9,0.75,0.6,0.6,-1,-1,0.606402,0.015781
1,2,-1,0.9,0.75,0.65,0.65,-1,-1,0.625294,0.01313
1,2,-1,0.9,0.75,0.7,0.7,-1,-1,0.645761,0.010479
1,2,-1,0.9,0.75,0.75,0.75,-1,-1,0.670164,0.008711
1,2,-1,0.9,0.75,0.8,0.8,-1,-1,0.68276,0.007385
1,2,-1,0.9,0.75,0.85,0.85,-1,-1,0.704014,0.006502
1,2,-1,0.9,0.75,0.9,0.9,-1,-1,0.711886,0.00606
1,2,-1,0.9,0.75,0.95,0.95,-1,-1,0.724481,0.005618
1,2,-1,0.9,0.75,1.0,1.0,-1,-1,0.732353,0.005618
1,2,-1,0.95,0.75,0.05,0.05,-1,-1,0.465813,0.076695
1,2,-1,0.95,0.75,0.1,0.1,-1,-1,0.470242,0.06912
1,2,-1,0.95,0.75,0.15,0.15,-1,-1,0.473564,0.060599
1,2,-1,0.95,0.75,0.2,0.2,-1,-1,0.48353,0.054917
1,2,-1,0.95,0.75,0.25,0.25,-1,-1,0.500139,0.047343
1,2,-1,0.95,0.75,0.3,0.3,-1,-1,0.514533,0.041662
1,2,-1,0.95,0.75,0.35,0.35,-1,-1,0.52782,0.038348
1,2,-1,0.95,0.75,0.4,0.4,-1,-1,0.549966,0.030299
1,2,-1,0.95,0.75,0.45,0.45,-1,-1,0.566574,0.025565
1,2,-1,0.95,0.75,0.5,0.5,-1,-1,0.594256,0.020831
1,2,-1,0.95,0.75,0.55,0.55,-1,-1,0.631903,0.01657
1,2,-1,0.95,0.75,0.6,0.6,-1,-1,0.664014,0.010889
1,2,-1,0.95,0.75,0.65,0.65,-1,-1,0.690588,0.008048
1,2,-1,0.95,0.75,0.7,0.7,-1,-1,0.719377,0.005208
1,2,-1,0.95,0.75,0.75,0.75,-1,-1,0.753702,0.003314
1,2,-1,0.95,0.75,0.8,0.8,-1,-1,0.771418,0.001894
1,2,-1,0.95,0.75,0.85,0.85,-1,-1,0.801315,0.000947
1,2,-1,0.95,0.75,0.9,0.9,-1,-1,0.812387,0.000473
1,2,-1,0.95,0.75,0.95,0.95,-1,-1,0.830103,0.0
1,2,-1,0.95,0.75,1.0,1.0,-1,-1,0.841176,0.0
1,2,-1,1.0,0.75,0.05,0.05,-1,-1,0.46628,0.076695
1,2,-1,1.0,0.75,0.1,0.1,-1,-1,0.472578,0.06912
1,2,-1,1.0,0.75,0.15,0.15,-1,-1,0.477301,0.060599
1,2,-1,1.0,0.75,0.2,0.2,-1,-1,0.491471,0.054917
1,2,-1,1.0,0.75,0.25,0.25,-1,-1,0.515087,0.047343
1,2,-1,1.0,0.75,0.3,0.3,-1,-1,0.535554,0.041662
1,2,-1,1.0,0.75,0.35,0.35,-1,-1,0.554446,0.038348
1,2,-1,1.0,0.75,0.4,0.4,-1,-1,0.585935,0.030299
1,2,-1,1.0,0.75,0.45,0.45,-1,-1,0.60955,0.025565
1,2,-1,1.0,0.75,0.5,0.5,-1,-1,0.64891,0.020831
1,2,-1,1.0,0.75,0.55,0.55,-1,-1,0.70244,0.01657
1,2,-1,1.0,0.75,0.6,0.6,-1,-1,0.748097,0.010889
1,2,-1,1.0,0.75,0.65,0.65,-1,-1,0.785882,0.008048
1,2,-1,1.0,0.75,0.7,0.7,-1,-1,0.826817,0.005208
1,2,-1,1.0,0.75,0.75,0.75,-1,-1,0.875623,0.003314
1,2,-1,1.0,0.75,0.8,0.8,-1,-1,0.900813,0.001894
1,2,-1,1.0,0.75,0.85,0.85,-1,-1,0.943322,0.000947
1,2,-1,1.0,0.75,0.9,0.9,-1,-1,0.959066,0.000473
1,2,-1,1.0,0.75,0.95,0.95,-1,-1,0.984256,0.0
1,2,-1,1.0,0.75,1.0,1.0,-1,-1,1.0,0.0
1,2,-1,0.8,0.8,0.05,0.05,-1,-1,0.547059,0.039326
1,2,-1,0.8,0.8,0.1,0.1,-1,-1,0.547059,0.039326
1,2,-1,0.8,0.8,0.15,0.15,-1,-1,0.547059,0.039326
1,2,-1,0.8,0.8,0.2,0.2,-1,-1,0.547059,0.039326
1,2,-1,0.8,0.8,0.25,0.25,-1,-1,0.547059,0.039326
1,2,-1,0.8,0.8,0.3,0.3,-1,-1,0.547059,0.039326
1,2,-1,0.8,0.8,0.35,0.35,-1,-1,0.547059,0.039326
1,2,-1,0.8,0.8,0.4,0.4,-1,-1,0.547059,0.039326
1,2,-1,0.8,0.8,0.45,0.45,-1,-1,0.547059,0.039326
1,2,-1,0.8,0.8,0.5,0.5,-1,-1,0.547059,0.039326
1,2,-1,0.8,0.8,0.55,0.55,-1,-1,0.547059,0.039326
1,2,-1,0.8,0.8,0.6,0.6,-1,-1,0.547059,0.039326
1,2,-1,0.8,0.8,0.65,0.65,-1,-1,0.547059,0.039326
1,2,-1,0.8,0.8,0.7,0.7,-1,-1,0.547059,0.039326
1,2,-1,0.8,0.8,0.75,0.75,-1,-1,0.547059,0.039326
1,2,-1,0.8,0.8,0.8,0.8,-1,-1,0.547059,0.039326
1,2,-1,0.8,0.8,0.85,0.85,-1,-1,0.547059,0.039326
1,2,-1,0.8,0.8,0.9,0.9,-1,-1,0.547059,0.039326
1,2,-1,0.8,0.8,0.95,0.95,-1,-1,0.547059,0.039326
1,2,-1,0.8,0.8,1.0,1.0,-1,-1,0.547059,0.039326
1,2,-1,0.85,0.8,0.05,0.05,-1,-1,0.547258,0.037811
1,2,-1,0.85,0.8,0.1,0.1,-1,-1,0.548054,0.036296
1,2,-1,0.85,0.8,0.15,0.15,-1,-1,0.548651,0.034592
1,2,-1,0.85,0.8,0.2,0.2,-1,-1,0.550441,0.033455
1,2,-1,0.85,0.8,0.25,0.25,-1,-1,0.553426,0.031941
1,2,-1,0.85,0.8,0.3,0.3,-1,-1,0.556012,0.030804
1,2,-1,0.85,0.8,0.35,0.35,-1,-1,0.5584,0.030142
1,2,-1,0.85,0.8,0.4,0.4,-1,-1,0.562379,0.028532
1,2,-1,0.85,0.8,0.45,0.45,-1,-1,0.565363,0.027585
1,2,-1,0.85,0.8,0.5,0.5,-1,-1,0.570338,0.026638
1,2,-1,0.85,0.8,0.55,0.55,-1,-1,0.577102,0.025786
1,2,-1,0.85,0.8,0.6,0.6,-1,-1,0.582872,0.02465
1,2,-1,0.85,0.8,0.65,0.65,-1,-1,0.587647,0.024082
1,2,-1,0.85,0.8,0.7,0.7,-1,-1,0.59282,0.023514
1,2,-1,0.85,0.8,0.75,0.75,-1,-1,0.598988,0.023135
1,2,-1,0.85,0.8,0.8,0.8,-1,-1,0.602171,0.022851
1,2,-1,0.85,0.8,0.85,0.85,-1,-1,0.607543,0.022661
1,2,-1,0.85,0.8,0.9,0.9,-1,-1,0.609533,0.022567
1,2,-1,0.85,0.8,0.95,0.95,-1,-1,0.612716,0.022472
1,2,-1,0.85,0.8,1.0,1.0,-1,-1,0.614706,0.022472
1,2,-1,0.9,0.8,0.05,0.05,-1,-1,0.547604,0.036296
1,2,-1,0.9,0.8,0.1,0.1,-1,-1,0.549784,0.033266
1,2,-1,0.9,0.8,0.15,0.15,-1,-1,0.551419,0.029857
1,2,-1,0.9,0.8,0.2,0.2,-1,-1,0.556324,0.027585
1,2,-1,0.9,0.8,0.25,0.25,-1,-1,0.564499,0.024555
1,2,-1,0.9,0.8,0.3,0.3,-1,-1,0.571583,0.022283
1,2,-1,0.9,0.8,0.35,0.35,-1,-1,0.578123,0.020957
1,2,-1,0.9,0.8,0.4,0.4,-1,-1,0.589023,0.017738
1,2,-1,0.9,0.8,0.45,0.45,-1,-1,0.597197,0.015844
1,2,-1,0.9,0.8,0.5,0.5,-1,-1,0.610822,0.01395
1,2,-1,0.9,0.8,0.55,0.55,-1,-1,0.629351,0.012246
1,2,-1,0.9,0.8,0.6,0.6,-1,-1,0.645156,0.009974
1,2,-1,0.9,0.8,0.65,0.65,-1,-1,0.658235,0.008837
1,2,-1,0.9,0.8,0.7,0.7,-1,-1,0.672405,0.007701
1,2,-1,0.9,0.8,0.75,0.75,-1,-1,0.689299,0.006944
1,2,-1,0.9,0.8,0.8,0.8,-1,-1,0.698019,0.006375
1,2,-1,0.9,0.8,0.85,0.85,-1,-1,0.712734,0.005997
1,2,-1,0.9,0.8,0.9,0.9,-1,-1,0.718183,0.005807
1,2,-1,0.9,0.8,0.95,0.95,-1,-1,0.726903,0.005618
1,2,-1,0.9,0.8,1.0,1.0,-1,-1,0.732353,0.005618
1,2,-1,0.95,0.8,0.05,0.05,-1,-1,0.547924,0.035791
1,2,-1,0.95,0.8,0.1,0.1,-1,-1,0.551384,0.032256
1,2,-1,0.95,0.8,0.15,0.15,-1,-1,0.553979,0.028279
1,2,-1,0.95,0.8,0.2,0.2,-1,-1,0.561765,0.025628
1,2,-1,0.95,0.8,0.25,0.25,-1,-1,0.574741,0.022093
1,2,-1,0.95,0.8,0.3,0.3,-1,-1,0.585986,0.019442
1,2,-1,0.95,0.8,0.35,0.35,-1,-1,0.596367,0.017896
1,2,-1,0.95,0.8,0.4,0.4,-1,-1,0.613668,0.01414
1,2,-1,0.95,0.8,0.45,0.45,-1,-1,0.626644,0.01193
1,2,-1,0.95,0.8,0.5,0.5,-1,-1,0.64827,0.009721
1,2,-1,0.95,0.8,0.55,0.55,-1,-1,0.677682,0.007733
1,2,-1,0.95,0.8,0.6,0.6,-1,-1,0.702768,0.005081
1,2,-1,0.95,0.8,0.65,0.65,-1,-1,0.723529,0.003756
1,2,-1,0.95,0.8,0.7,0.7,-1,-1,0.746021,0.00243
1,2,-1,0.95,0.8,0.75,0.75,-1,-1,0.772837,0.001547
1,2,-1,0.95,0.8,0.8,0.8,-1,-1,0.786678,0.000884
1,2,-1,0.95,0.8,0.85,0.85,-1,-1,0.810034,0.000442
1,2,-1,0.95,0.8,0.9,0.9,-1,-1,0.818685,0.000221
1,2,-1,0.95,0.8,0.95,0.95,-1,-1,0.832525,0.0
1,2,-1,0.95,0.8,1.0,1.0,-1,-1,0.841176,0.0
1,2,-1,1.0,0.8,0.05,0.05,-1,-1,0.548391,0.035791
1,2,-1,1.0,0.8,0.1,0.1,-1,-1,0.55372,0.032256
1,2,-1,1.0,0.8,0.15,0.15,-1,-1,0.557716,0.028279
1,2,-1,1.0,0.8,0.2,0.2,-1,-1,0.569706,0.025628
1,2,-1,1.0,0.8,0.25,0.25,-1,-1,0.589689,0.022093
1,2,-1,1.0,0.8,0.3,0.3,-1,-1,0.607007,0.019442
1,2,-1,1.0,0.8,0.35,0.35,-1,-1,0.622993,0.017896
1,2,-1,1.0,0.8,0.4,0.4,-1,-1,0.649637,0.01414
1,2,-1,1.0,0.8,0.45,0.45,-1,-1,0.669619,0.01193
1,2,-1,1.0,0.8,0.5,0.5,-1,-1,0.702924,0.009721
1,2,-1,1.0,0.8,0.55,0.55,-1,-1,0.748218,0.007733
1,2,-1,1.0,0.8,0.6,0.6,-1,-1,0.786851,0.005081
1,2,-1,1.0,0.8,0.65,0.65,-1,-1,0.818824,0.003756
1,2,-1,1.0,0.8,0.7,0.7,-1,-1,0.85346,0.00243
1,2,-1,1.0,0.8,0.75,0.75,-1,-1,0.894758,0.001547
1,2,-1,1.0,0.8,0.8,0.8,-1,-1,0.916073,0.000884
1,2,-1,1.0,0.8,0.85,0.85,-1,-1,0.952042,0.000442
1,2,-1,1.0,0.8,0.9,0.9,-1,-1,0.965363,0.000221
1,2,-1,1.0,0.8,0.95,0.95,-1,-1,0.986678,0.0
1,2,-1,1.0,0.8,1.0,1.0,-1,-1,1.0,0.0
1,2,-1,0.85,0.85,0.05,0.05,-1,-1,0.614706,0.022472
1,2,-1,0.85,0.85,0.1,0.1,-1,-1,0.614706,0.022472
1,2,-1,0.85,0.85,0.15,0.15,-1,-1,0.614706,0.022472
1,2,-1,0.85,0.85,0.2,0.2,-1,-1,0.614706,0.022472
1,2,-1,0.85,0.85,0.25,0.25,-1,-1,0.614706,0.022472
1,2,-1,0.85,0.85,0.3,0.3,-1,-1,0.614706,0.022472
1,2,-1,0.85,0.85,0.35,0.35,-1,-1,0.614706,0.022472
1,2,-1,0.85,0.85,0.4,0.4,-1,-1,0.614706,0.022472
1,2,-1,0.85,0.85,0.45,0.45,-1,-1,0.614706,0.022472
1,2,-1,0.85,0.85,0.5,0.5,-1,-1,0.614706,0.022472
1,2,-1,0.85,0.85,0.55,0.55,-1,-1,0.614706,0.022472
1,2,-1,0.85,0.85,0.6,0.6,-1,-1,0.614706,0.022472
1,2,-1,0.85,0.85,0.65,0.65,-1,-1,0.614706,0.022472
1,2,-1,0.85,0.85,0.7,0.7,-1,-1,0.614706,0.022472
1,2,-1,0.85,0.85,0.75,0.75,-1,-1,0.614706,0.022472
1,2,-1,0.85,0.85,0.8,0.8,-1,-1,0.614706,0.022472
1,2,-1,0.85,0.85,0.85,0.85,-1,-1,0.614706,0.022472
1,2,-1,0.85,0.85,0.9,0.9,-1,-1,0.614706,0.022472
1,2,-1,0.85,0.85,0.95,0.95,-1,-1,0.614706,0.022472
1,2,-1,0.85,0.85,1.0,1.0,-1,-1,0.614706,0.022472
1,2,-1,0.9,0.85,0.05,0.05,-1,-1,0.615052,0.020957
1,2,-1,0.9,0.85,0.1,0.1,-1,-1,0.616436,0.019442
1,2,-1,0.9,0.85,0.15,0.15,-1,-1,0.617474,0.017738
1,2,-1,0.9,0.85,0.2,0.2,-1,-1,0.620588,0.016601
1,2,-1,0.9,0.85,0.25,0.25,-1,-1,0.625779,0.015087
1,2,-1,0.9,0.85,0.3,0.3,-1,-1,0.630277,0.01395
1,2,-1,0.9,0.85,0.35,0.35,-1,-1,0.634429,0.013288
1,2,-1,0.9,0.85,0.4,0.4,-1,-1,0.64135,0.011678
1,2,-1,0.9,0.85,0.45,0.45,-1,-1,0.64654,0.010731
1,2,-1,0.9,0.85,0.5,0.5,-1,-1,0.65519,0.009784
1,2,-1,0.9,0.85,0.55,0.55,-1,-1,0.666955,0.008932
1,2,-1,0.9,0.85,0.6,0.6,-1,-1,0.67699,0.007796
1,2,-1,0.9,0.85,0.65,0.65,-1,-1,0.685294,0.007228
1,2,-1,0.9,0.85,0.7,0.7,-1,-1,0.694291,0.00666
1,2,-1,0.9,0.85,0.75,0.75,-1,-1,0.705017,0.006281
1,2,-1,0.9,0.85,0.8,0.8,-1,-1,0.710554,0.005997
1,2,-1,0.9,0.85,0.85,0.85,-1,-1,0.719896,0.005807
1,2,-1,0.9,0.85,0.9,0.9,-1,-1,0.723356,0.005713
1,2,-1,0.9,0.85,0.95,0.95,-1,-1,0.728893,0.005618
1,2,-1,0.9,0.85,1.0,1.0,-1,-1,0.732353,0.005618
1,2,-1,0.95,0.85,0.05,0.05,-1,-1,0.615372,0.020452
1,2,-1,0.95,0.85,0.1,0.1,-1,-1,0.618036,0.018432
1,2,-1,0.95,0.85,0.15,0.15,-1,-1,0.620035,0.01616
1,2,-1,0.95,0.85,0.2,0.2,-1,-1,0.62603,0.014645
1,2,-1,0.95,0.85,0.25,0.25,-1,-1,0.636021,0.012625
1,2,-1,0.95,0.85,0.3,0.3,-1,-1,0.64468,0.01111
1,2,-1,0.95,0.85,0.35,0.35,-1,-1,0.652673,0.010226
1,2,-1,0.95,0.85,0.4,0.4,-1,-1,0.665995,0.00808
1,2,-1,0.95,0.85,0.45,0.45,-1,-1,0.675986,0.006817
1,2,-1,0.95,0.85,0.5,0.5,-1,-1,0.692638,0.005555
1,2,-1,0.95,0.85,0.55,0.55,-1,-1,0.715285,0.004419
1,2,-1,0.95,0.85,0.6,0.6,-1,-1,0.734602,0.002904
1,2,-1,0.95,0.85,0.65,0.65,-1,-1,0.750588,0.002146
1,2,-1,0.95,0.85,0.7,0.7,-1,-1,0.767906,0.001389
1,2,-1,0.95,0.85,0.75,0.75,-1,-1,0.788555,0.000884
1,2,-1,0.95,0.85,0.8,0.8,-1,-1,0.799212,0.000505
1,2,-1,0.95,0.85,0.85,0.85,-1,-1,0.817197,0.000252
1,2,-1,0.95,0.85,0.9,0.9,-1,-1,0.823858,0.000126
1,2,-1,0.95,0.85,0.95,0.95,-1,-1,0.834515,0.0
1,2,-1,0.95,0.85,1.0,1.0,-1,-1,0.841176,0.0
1,2,-1,1.0,0.85,0.05,0.05,-1,-1,0.615839,0.020452
1,2,-1,1.0,0.85,0.1,0.1,-1,-1,0.620372,0.018432
1,2,-1,1.0,0.85,0.15,0.15,-1,-1,0.623772,0.01616
1,2,-1,1.0,0.85,0.2,0.2,-1,-1,0.633971,0.014645
1,2,-1,1.0,0.85,0.25,0.25,-1,-1,0.650969,0.012625
1,2,-1,1.0,0.85,0.3,0.3,-1,-1,0.665701,0.01111
1,2,-1,1.0,0.85,0.35,0.35,-1,-1,0.679299,0.010226
1,2,-1,1.0,0.85,0.4,0.4,-1,-1,0.701964,0.00808
1,2,-1,1.0,0.85,0.45,0.45,-1,-1,0.718962,0.006817
1,2,-1,1.0,0.85,0.5,0.5,-1,-1,0.747293,0.005555
1,2,-1,1.0,0.85,0.55,0.55,-1,-1,0.785822,0.004419
1,2,-1,1.0,0.85,0.6,0.6,-1,-1,0.818685,0.002904
1,2,-1,1.0,0.85,0.65,0.65,-1,-1,0.845882,0.002146
1,2,-1,1.0,0.85,0.7,0.7,-1,-1,0.875346,0.001389
1,2,-1,1.0,0.85,0.75,0.75,-1,-1,0.910476,0.000884
1,2,-1,1.0,0.85,0.8,0.8,-1,-1,0.928607,0.000505
1,2,-1,1.0,0.85,0.85,0.85,-1,-1,0.959204,0.000252
1,2,-1,1.0,0.85,0.9,0.9,-1,-1,0.970536,0.000126
1,2,-1,1.0,0.85,0.95,0.95,-1,-1,0.988668,0.0
1,2,-1,1.0,0.85,1.0,1.0,-1,-1,1.0,0.0
1,2,-1,0.9,0.9,0.05,0.05,-1,-1,0.732353,0.005618
1,2,-1,0.9,0.9,0.1,0.1,-1,-1,0.732353,0.005618
1,2,-1,0.9,0.9,0.15,0.15,-1,-1,0.732353,0.005618
1,2,-1,0.9,0.9,0.2,0.2,-1,-1,0.732353,0.005618
1,2,-1,0.9,0.9,0.25,0.25,-1,-1,0.732353,0.005618
1,2,-1,0.9,0.9,0.3,0.3,-1,-1,0.732353,0.005618
1,2,-1,0.9,0.9,0.35,0.35,-1,-1,0.732353,0.005618
1,2,-1,0.9,0.9,0.4,0.4,-1,-1,0.732353,0.005618
1,2,-1,0.9,0.9,0.45,0.45,-1,-1,0.732353,0.005618
1,2,-1,0.9,0.9,0.5,0.5,-1,-1,0.732353,0.005618
1,2,-1,0.9,0.9,0.55,0.55,-1,-1,0.732353,0.005618
1,2,-1,0.9,0.9,0.6,0.6,-1,-1,0.732353,0.005618
1,2,-1,0.9,0.9,0.65,0.65,-1,-1,0.732353,0.005618
1,2,-1,0.9,0.9,0.7,0.7,-1,-1,0.732353,0.005618
1,2,-1,0.9,0.9,0.75,0.75,-1,-1,0.732353,0.005618
1,2,-1,0.9,0.9,0.8,0.8,-1,-1,0.732353,0.005618
1,2,-1,0.9,0.9,0.85,0.85,-1,-1,0.732353,0.005618
1,2,-1,0.9,0.9,0.9,0.9,-1,-1,0.732353,0.005618
1,2,-1,0.9,0.9,0.95,0.95,-1,-1,0.732353,0.005618
1,2,-1,0.9,0.9,1.0,1.0,-1,-1,0.732353,0.005618
1,2,-1,0.95,0.9,0.05,0.05,-1,-1,0.732673,0.005113
1,2,-1,0.95,0.9,0.1,0.1,-1,-1,0.733953,0.004608
1,2,-1,0.95,0.9,0.15,0.15,-1,-1,0.734913,0.00404
1,2,-1,0.95,0.9,0.2,0.2,-1,-1,0.737794,0.003661
1,2,-1,0.95,0.9,0.25,0.25,-1,-1,0.742595,0.003156
1,2,-1,0.95,0.9,0.3,0.3,-1,-1,0.746756,0.002777
1,2,-1,0.95,0.9,0.35,0.35,-1,-1,0.750597,0.002557
1,2,-1,0.95,0.9,0.4,0.4,-1,-1,0.756998,0.00202
1,2,-1,0.95,0.9,0.45,0.45,-1,-1,0.761799,0.001704
1,2,-1,0.95,0.9,0.5,0.5,-1,-1,0.769801,0.001389
1,2,-1,0.95,0.9,0.55,0.55,-1,-1,0.780683,0.001105
1,2,-1,0.95,0.9,0.6,0.6,-1,-1,0.789965,0.000726
1,2,-1,0.95,0.9,0.65,0.65,-1,-1,0.797647,0.000537
1,2,-1,0.95,0.9,0.7,0.7,-1,-1,0.805969,0.000347
1,2,-1,0.95,0.9,0.75,0.75,-1,-1,0.815891,0.000221
1,2,-1,0.95,0.9,0.8,0.8,-1,-1,0.821012,0.000126
1,2,-1,0.95,0.9,0.85,0.85,-1,-1,0.829654,6.3e-05
1,2,-1,0.95,0.9,0.9,0.9,-1,-1,0.832854,3.2e-05
1,2,-1,0.95,0.9,0.95,0.95,-1,-1,0.837975,0.0
1,2,-1,0.95,0.9,1.0,1.0,-1,-1,0.841176,0.0
1,2,-1,1.0,0.9,0.05,0.05,-1,-1,0.73314,0.005113
1,2,-1,1.0,0.9,0.1,0.1,-1,-1,0.736289,0.004608
1,2,-1,1.0,0.9,0.15,0.15,-1,-1,0.73865,0.00404
1,2,-1,1.0,0.9,0.2,0.2,-1,-1,0.745735,0.003661
1,2,-1,1.0,0.9,0.25,0.25,-1,-1,0.757543,0.003156
1,2,-1,1.0,0.9,0.3,0.3,-1,-1,0.767777,0.002777
1,2,-1,1.0,0.9,0.35,0.35,-1,-1,0.777223,0.002557
1,2,-1,1.0,0.9,0.4,0.4,-1,-1,0.792967,0.00202
1,2,-1,1.0,0.9,0.45,0.45,-1,-1,0.804775,0.001704
1,2,-1,1.0,0.9,0.5,0.5,-1,-1,0.824455,0.001389
1,2,-1,1.0,0.9,0.55,0.55,-1,-1,0.85122,0.001105
1,2,-1,1.0,0.9,0.6,0.6,-1,-1,0.874049,0.000726
1,2,-1,1.0,0.9,0.65,0.65,-1,-1,0.892941,0.000537
1,2,-1,1.0,0.9,0.7,0.7,-1,-1,0.913408,0.000347
1,2,-1,1.0,0.9,0.75,0.75,-1,-1,0.937811,0.000221
1,2,-1,1.0,0.9,0.8,0.8,-1,-1,0.950407,0.000126
1,2,-1,1.0,0.9,0.85,0.85,-1,-1,0.971661,6.3e-05
1,2,-1,1.0,0.9,0.9,0.9,-1,-1,0.979533,3.2e-05
1,2,-1,1.0,0.9,0.95,0.95,-1,-1,0.992128,0.0
1,2,-1,1.0,0.9,1.0,1.0,-1,-1,1.0,0.0
1,2,-1,0.95,0.95,0.05,0.05,-1,-1,0.841176,0.0
1,2,-1,0.95,0.95,0.1,0.1,-1,-1,0.841176,0.0
1,2,-1,0.95,0.95,0.15,0.15,-1,-1,0.841176,0.0
1,2,-1,0.95,0.95,0.2,0.2,-1,-1,0.841176,0.0
1,2,-1,0.95,0.95,0.25,0.25,-1,-1,0.841176,0.0
1,2,-1,0.95,0.95,0.3,0.3,-1,-1,0.841176,0.0
1,2,-1,0.95,0.95,0.35,0.35,-1,-1,0.841176,0.0
1,2,-1,0.95,0.95,0.4,0.4,-1,-1,0.841176,0.0
1,2,-1,0.95,0.95,0.45,0.45,-1,-1,0.841176,0.0
1,2,-1,0.95,0.95,0.5,0.5,-1,-1,0.841176,0.0
1,2,-1,0.95,0.95,0.55,0.55,-1,-1,0.841176,0.0
1,2,-1,0.95,0.95,0.6,0.6,-1,-1,0.841176,0.0
1,2,-1,0.95,0.95,0.65,0.65,-1,-1,0.841176,0.0
1,2,-1,0.95,0.95,0.7,0.7,-1,-1,0.841176,0.0
1,2,-1,0.95,0.95,0.75,0.75,-1,-1,0.841176,0.0
1,2,-1,0.95,0.95,0.8,0.8,-1,-1,0.841176,0.0
1,2,-1,0.95,0.95,0.85,0.85,-1,-1,0.841176,0.0
1,2,-1,0.95,0.95,0.9,0.9,-1,-1,0.841176,0.0
1,2,-1,0.95,0.95,0.95,0.95,-1,-1,0.841176,0.0
1,2,-1,0.95,0.95,1.0,1.0,-1,-1,0.841176,0.0
1,2,-1,1.0,0.95,0.05,0.05,-1,-1,0.841643,0.0
1,2,-1,1.0,0.95,0.1,0.1,-1,-1,0.843512,0.0
1,2,-1,1.0,0.95,0.15,0.15,-1,-1,0.844913,0.0
1,2,-1,1.0,0.95,0.2,0.2,-1,-1,0.849117,0.0
1,2,-1,1.0,0.95,0.25,0.25,-1,-1,0.856124,0.0
1,2,-1,1.0,0.95,0.3,0.3,-1,-1,0.862197,0.0
1,2,-1,1.0,0.95,0.35,0.35,-1,-1,0.867802,0.0
1,2,-1,1.0,0.95,0.4,0.4,-1,-1,0.877145,0.0
1,2,-1,1.0,0.95,0.45,0.45,-1,-1,0.884152,0.0
1,2,-1,1.0,0.95,0.5,0.5,-1,-1,0.89583,0.0
1,2,-1,1.0,0.95,0.55,0.55,-1,-1,0.911713,0.0
1,2,-1,1.0,0.95,0.6,0.6,-1,-1,0.925259,0.0
1,2,-1,1.0,0.95,0.65,0.65,-1,-1,0.93647,0.0
1,2,-1,1.0,0.95,0.7,0.7,-1,-1,0.948616,0.0
1,2,-1,1.0,0.95,0.75,0.75,-1,-1,0.963097,0.0
1,2,-1,1.0,0.95,0.8,0.8,-1,-1,0.970571,0.0
1,2,-1,1.0,0.95,0.85,0.85,-1,-1,0.983183,0.0
1,2,-1,1.0,0.95,0.9,0.9,-1,-1,0.987855,0.0
1,2,-1,1.0,0.95,0.95,0.95,-1,-1,0.995329,0.0
1,2,-1,1.0,0.95,1.0,1.0,-1,-1,1.0,0.0
1,2,-1,1.0,1.0,0.05,0.05,-1,-1,1.0,0.0
1,2,-1,1.0,1.0,0.1,0.1,-1,-1,1.0,0.0
1,2,-1,1.0,1.0,0.15,0.15,-1,-1,1.0,0.0
1,2,-1,1.0,1.0,0.2,0.2,-1,-1,1.0,0.0
1,2,-1,1.0,1.0,0.25,0.25,-1,-1,1.0,0.0
1,2,-1,1.0,1.0,0.3,0.3,-1,-1,1.0,0.0
1,2,-1,1.0,1.0,0.35,0.35,-1,-1,1.0,0.0
1,2,-1,1.0,1.0,0.4,0.4,-1,-1,1.0,0.0
1,2,-1,1.0,1.0,0.45,0.45,-1,-1,1.0,0.0
1,2,-1,1.0,1.0,0.5,0.5,-1,-1,1.0,0.0
1,2,-1,1.0,1.0,0.55,0.55,-1,-1,1.0,0.0
1,2,-1,1.0,1.0,0.6,0.6,-1,-1,1.0,0.0
1,2,-1,1.0,1.0,0.65,0.65,-1,-1,1.0,0.0
1,2,-1,1.0,1.0,0.7,0.7,-1,-1,1.0,0.0
1,2,-1,1.0,1.0,0.75,0.75,-1,-1,1.0,0.0
1,2,-1,1.0,1.0,0.8,0.8,-1,-1,1.0,0.0
1,2,-1,1.0,1.0,0.85,0.85,-1,-1,1.0,0.0
1,2,-1,1.0,1.0,0.9,0.9,-1,-1,1.0,0.0
1,2,-1,1.0,1.0,0.95,0.95,-1,-1,1.0,0.0
1,2,-1,1.0,1.0,1.0,1.0,-1,-1,1.0,0.0
