sbi_stage,ucf_stage,xception_stage,sbi_upper_threshold,sbi_lower_threshold,ucf_upper_threshold,ucf_lower_threshold,xception_upper_threshold,xception_lower_threshold,FAR,FRR
1,-1,2,0.05,0.05,-1,-1,0.05,0.05,0.046429,0.528571
1,-1,2,0.05,0.05,-1,-1,0.1,0.1,0.046429,0.528571
1,-1,2,0.05,0.05,-1,-1,0.15,0.15,0.046429,0.528571
1,-1,2,0.05,0.05,-1,-1,0.2,0.2,0.046429,0.528571
1,-1,2,0.05,0.05,-1,-1,0.25,0.25,0.046429,0.528571
1,-1,2,0.05,0.05,-1,-1,0.3,0.3,0.046429,0.528571
1,-1,2,0.05,0.05,-1,-1,0.35,0.35,0.046429,0.528571
1,-1,2,0.05,0.05,-1,-1,0.4,0.4,0.046429,0.528571
1,-1,2,0.05,0.05,-1,-1,0.45,0.45,0.046429,0.528571
1,-1,2,0.05,0.05,-1,-1,0.5,0.5,0.046429,0.528571
1,-1,2,0.05,0.05,-1,-1,0.55,0.55,0.046429,0.528571
1,-1,2,0.05,0.05,-1,-1,0.6,0.6,0.046429,0.528571
1,-1,2,0.05,0.05,-1,-1,0.65,0.65,0.046429,0.528571
1,-1,2,0.05,0.05,-1,-1,0.7,0.7,0.046429,0.528571
1,-1,2,0.05,0.05,-1,-1,0.75,0.75,0.046429,0.528571
1,-1,2,0.05,0.05,-1,-1,0.8,0.8,0.046429,0.528571
1,-1,2,0.05,0.05,-1,-1,0.85,0.85,0.046429,0.528571
1,-1,2,0.05,0.05,-1,-1,0.9,0.9,0.046429,0.528571
1,-1,2,0.05,0.05,-1,-1,0.95,0.95,0.046429,0.528571
1,-1,2,0.05,0.05,-1,-1,1.0,1.0,0.046429,0.528571
1,-1,2,0.1,0.05,-1,-1,0.05,0.05,0.046429,0.523469
1,-1,2,0.1,0.05,-1,-1,0.1,0.1,0.046429,0.518367
1,-1,2,0.1,0.05,-1,-1,0.15,0.15,0.046429,0.503061
1,-1,2,0.1,0.05,-1,-1,0.2,0.2,0.046429,0.491836
1,-1,2,0.1,0.05,-1,-1,0.25,0.25,0.04662,0.473469
1,-1,2,0.1,0.05,-1,-1,0.3,0.3,0.046812,0.462244
1,-1,2,0.1,0.05,-1,-1,0.35,0.35,0.046907,0.447959
1,-1,2,0.1,0.05,-1,-1,0.4,0.4,0.046907,0.436734
1,-1,2,0.1,0.05,-1,-1,0.45,0.45,0.046907,0.423469
1,-1,2,0.1,0.05,-1,-1,0.5,0.5,0.04729,0.419387
1,-1,2,0.1,0.05,-1,-1,0.55,0.55,0.047577,0.409183
1,-1,2,0.1,0.05,-1,-1,0.6,0.6,0.04796,0.402041
1,-1,2,0.1,0.05,-1,-1,0.65,0.65,0.048629,0.397959
1,-1,2,0.1,0.05,-1,-1,0.7,0.7,0.04949,0.395918
1,-1,2,0.1,0.05,-1,-1,0.75,0.75,0.050829,0.389796
1,-1,2,0.1,0.05,-1,-1,0.8,0.8,0.053604,0.388775
1,-1,2,0.1,0.05,-1,-1,0.85,0.85,0.056091,0.386734
1,-1,2,0.1,0.05,-1,-1,0.9,0.9,0.060109,0.386734
1,-1,2,0.1,0.05,-1,-1,0.95,0.95,0.066901,0.385714
1,-1,2,0.1,0.05,-1,-1,1.0,1.0,0.1,0.385714
1,-1,2,0.15,0.05,-1,-1,0.05,0.05,0.046429,0.519898
1,-1,2,0.15,0.05,-1,-1,0.1,0.1,0.046429,0.511224
1,-1,2,0.15,0.05,-1,-1,0.15,0.15,0.046429,0.485204
1,-1,2,0.15,0.05,-1,-1,0.2,0.2,0.046429,0.466122
1,-1,2,0.15,0.05,-1,-1,0.25,0.25,0.046754,0.434898
1,-1,2,0.15,0.05,-1,-1,0.3,0.3,0.04708,0.415816
1,-1,2,0.15,0.05,-1,-1,0.35,0.35,0.047242,0.39153
1,-1,2,0.15,0.05,-1,-1,0.4,0.4,0.047242,0.372449
1,-1,2,0.15,0.05,-1,-1,0.45,0.45,0.047242,0.349898
1,-1,2,0.15,0.05,-1,-1,0.5,0.5,0.047893,0.342959
1,-1,2,0.15,0.05,-1,-1,0.55,0.55,0.048381,0.325612
1,-1,2,0.15,0.05,-1,-1,0.6,0.6,0.049031,0.313469
1,-1,2,0.15,0.05,-1,-1,0.65,0.65,0.050169,0.30653
1,-1,2,0.15,0.05,-1,-1,0.7,0.7,0.051633,0.303061
1,-1,2,0.15,0.05,-1,-1,0.75,0.75,0.05391,0.292653
1,-1,2,0.15,0.05,-1,-1,0.8,0.8,0.058626,0.290918
1,-1,2,0.15,0.05,-1,-1,0.85,0.85,0.062854,0.287449
1,-1,2,0.15,0.05,-1,-1,0.9,0.9,0.069685,0.287449
1,-1,2,0.15,0.05,-1,-1,0.95,0.95,0.081231,0.285714
1,-1,2,0.15,0.05,-1,-1,1.0,1.0,0.1375,0.285714
1,-1,2,0.2,0.05,-1,-1,0.05,0.05,0.046429,0.517092
1,-1,2,0.2,0.05,-1,-1,0.1,0.1,0.046429,0.505612
1,-1,2,0.2,0.05,-1,-1,0.15,0.15,0.046429,0.471173
1,-1,2,0.2,0.05,-1,-1,0.2,0.2,0.046429,0.445918
1,-1,2,0.2,0.05,-1,-1,0.25,0.25,0.046958,0.404592
1,-1,2,0.2,0.05,-1,-1,0.3,0.3,0.047488,0.379336
1,-1,2,0.2,0.05,-1,-1,0.35,0.35,0.047752,0.347194
1,-1,2,0.2,0.05,-1,-1,0.4,0.4,0.047752,0.321939
1,-1,2,0.2,0.05,-1,-1,0.45,0.45,0.047752,0.292092
1,-1,2,0.2,0.05,-1,-1,0.5,0.5,0.048811,0.282908
1,-1,2,0.2,0.05,-1,-1,0.55,0.55,0.049605,0.259949
1,-1,2,0.2,0.05,-1,-1,0.6,0.6,0.050664,0.243878
1,-1,2,0.2,0.05,-1,-1,0.65,0.65,0.052516,0.234694
1,-1,2,0.2,0.05,-1,-1,0.7,0.7,0.054898,0.230102
1,-1,2,0.2,0.05,-1,-1,0.75,0.75,0.058604,0.216327
1,-1,2,0.2,0.05,-1,-1,0.8,0.8,0.066279,0.214031
1,-1,2,0.2,0.05,-1,-1,0.85,0.85,0.07316,0.209439
1,-1,2,0.2,0.05,-1,-1,0.9,0.9,0.084276,0.209439
1,-1,2,0.2,0.05,-1,-1,0.95,0.95,0.103068,0.207143
1,-1,2,0.2,0.05,-1,-1,1.0,1.0,0.194643,0.207143
1,-1,2,0.25,0.05,-1,-1,0.05,0.05,0.046429,0.515561
1,-1,2,0.25,0.05,-1,-1,0.1,0.1,0.046429,0.50255
1,-1,2,0.25,0.05,-1,-1,0.15,0.15,0.046429,0.46352
1,-1,2,0.25,0.05,-1,-1,0.2,0.2,0.046429,0.434898
1,-1,2,0.25,0.05,-1,-1,0.25,0.25,0.047099,0.388061
1,-1,2,0.25,0.05,-1,-1,0.3,0.3,0.047768,0.359439
1,-1,2,0.25,0.05,-1,-1,0.35,0.35,0.048103,0.32301
1,-1,2,0.25,0.05,-1,-1,0.4,0.4,0.048103,0.294388
1,-1,2,0.25,0.05,-1,-1,0.45,0.45,0.048103,0.260561
1,-1,2,0.25,0.05,-1,-1,0.5,0.5,0.049442,0.250153
1,-1,2,0.25,0.05,-1,-1,0.55,0.55,0.050447,0.224133
1,-1,2,0.25,0.05,-1,-1,0.6,0.6,0.051786,0.205919
1,-1,2,0.25,0.05,-1,-1,0.65,0.65,0.05413,0.19551
1,-1,2,0.25,0.05,-1,-1,0.7,0.7,0.057143,0.190307
1,-1,2,0.25,0.05,-1,-1,0.75,0.75,0.061831,0.174694
1,-1,2,0.25,0.05,-1,-1,0.8,0.8,0.071541,0.172092
1,-1,2,0.25,0.05,-1,-1,0.85,0.85,0.080246,0.166888
1,-1,2,0.25,0.05,-1,-1,0.9,0.9,0.094308,0.166888
1,-1,2,0.25,0.05,-1,-1,0.95,0.95,0.118081,0.164286
1,-1,2,0.25,0.05,-1,-1,1.0,1.0,0.233929,0.164286
1,-1,2,0.3,0.05,-1,-1,0.05,0.05,0.046429,0.514541
1,-1,2,0.3,0.05,-1,-1,0.1,0.1,0.046429,0.50051
1,-1,2,0.3,0.05,-1,-1,0.15,0.15,0.046429,0.458418
1,-1,2,0.3,0.05,-1,-1,0.2,0.2,0.046429,0.427551
1,-1,2,0.3,0.05,-1,-1,0.25,0.25,0.047188,0.377041
1,-1,2,0.3,0.05,-1,-1,0.3,0.3,0.047947,0.346173
1,-1,2,0.3,0.05,-1,-1,0.35,0.35,0.048326,0.306887
1,-1,2,0.3,0.05,-1,-1,0.4,0.4,0.048326,0.27602
1,-1,2,0.3,0.05,-1,-1,0.45,0.45,0.048326,0.239541
1,-1,2,0.3,0.05,-1,-1,0.5,0.5,0.049844,0.228316
1,-1,2,0.3,0.05,-1,-1,0.55,0.55,0.050983,0.200255
1,-1,2,0.3,0.05,-1,-1,0.6,0.6,0.0525,0.180612
1,-1,2,0.3,0.05,-1,-1,0.65,0.65,0.055157,0.169387
1,-1,2,0.3,0.05,-1,-1,0.7,0.7,0.058572,0.163775
1,-1,2,0.3,0.05,-1,-1,0.75,0.75,0.063884,0.146938
1,-1,2,0.3,0.05,-1,-1,0.8,0.8,0.074889,0.144133
1,-1,2,0.3,0.05,-1,-1,0.85,0.85,0.084755,0.13852
1,-1,2,0.3,0.05,-1,-1,0.9,0.9,0.100692,0.13852
1,-1,2,0.3,0.05,-1,-1,0.95,0.95,0.127634,0.135714
1,-1,2,0.3,0.05,-1,-1,1.0,1.0,0.258929,0.135714
1,-1,2,0.35,0.05,-1,-1,0.05,0.05,0.046429,0.513265
1,-1,2,0.35,0.05,-1,-1,0.1,0.1,0.046429,0.497959
1,-1,2,0.35,0.05,-1,-1,0.15,0.15,0.046429,0.452041
1,-1,2,0.35,0.05,-1,-1,0.2,0.2,0.046429,0.418367
1,-1,2,0.35,0.05,-1,-1,0.25,0.25,0.047303,0.363265
1,-1,2,0.35,0.05,-1,-1,0.3,0.3,0.048176,0.329591
1,-1,2,0.35,0.05,-1,-1,0.35,0.35,0.048613,0.286734
1,-1,2,0.35,0.05,-1,-1,0.4,0.4,0.048613,0.253061
1,-1,2,0.35,0.05,-1,-1,0.45,0.45,0.048613,0.213265
1,-1,2,0.35,0.05,-1,-1,0.5,0.5,0.050361,0.20102
1,-1,2,0.35,0.05,-1,-1,0.55,0.55,0.051671,0.170408
1,-1,2,0.35,0.05,-1,-1,0.6,0.6,0.053419,0.14898
1,-1,2,0.35,0.05,-1,-1,0.65,0.65,0.056477,0.136735
1,-1,2,0.35,0.05,-1,-1,0.7,0.7,0.060409,0.130612
1,-1,2,0.35,0.05,-1,-1,0.75,0.75,0.066525,0.112245
1,-1,2,0.35,0.05,-1,-1,0.8,0.8,0.079194,0.109184
1,-1,2,0.35,0.05,-1,-1,0.85,0.85,0.090552,0.103061
1,-1,2,0.35,0.05,-1,-1,0.9,0.9,0.1089,0.103061
1,-1,2,0.35,0.05,-1,-1,0.95,0.95,0.139917,0.1
1,-1,2,0.35,0.05,-1,-1,1.0,1.0,0.291071,0.1
1,-1,2,0.4,0.05,-1,-1,0.05,0.05,0.046429,0.512245
1,-1,2,0.4,0.05,-1,-1,0.1,0.1,0.046429,0.495918
1,-1,2,0.4,0.05,-1,-1,0.15,0.15,0.046429,0.446939
1,-1,2,0.4,0.05,-1,-1,0.2,0.2,0.046429,0.41102
1,-1,2,0.4,0.05,-1,-1,0.25,0.25,0.047405,0.352245
1,-1,2,0.4,0.05,-1,-1,0.3,0.3,0.048381,0.316326
1,-1,2,0.4,0.05,-1,-1,0.35,0.35,0.048869,0.270612
1,-1,2,0.4,0.05,-1,-1,0.4,0.4,0.048869,0.234694
1,-1,2,0.4,0.05,-1,-1,0.45,0.45,0.048869,0.192245
1,-1,2,0.4,0.05,-1,-1,0.5,0.5,0.05082,0.179184
1,-1,2,0.4,0.05,-1,-1,0.55,0.55,0.052284,0.146531
1,-1,2,0.4,0.05,-1,-1,0.6,0.6,0.054235,0.123674
1,-1,2,0.4,0.05,-1,-1,0.65,0.65,0.05765,0.110612
1,-1,2,0.4,0.05,-1,-1,0.7,0.7,0.062041,0.104082
1,-1,2,0.4,0.05,-1,-1,0.75,0.75,0.068872,0.08449
1,-1,2,0.4,0.05,-1,-1,0.8,0.8,0.08302,0.081225
1,-1,2,0.4,0.05,-1,-1,0.85,0.85,0.095705,0.074694
1,-1,2,0.4,0.05,-1,-1,0.9,0.9,0.116196,0.074694
1,-1,2,0.4,0.05,-1,-1,0.95,0.95,0.150836,0.071429
1,-1,2,0.4,0.05,-1,-1,1.0,1.0,0.319643,0.071429
1,-1,2,0.45,0.05,-1,-1,0.05,0.05,0.046429,0.511479
1,-1,2,0.45,0.05,-1,-1,0.1,0.1,0.046429,0.494387
1,-1,2,0.45,0.05,-1,-1,0.15,0.15,0.046429,0.443112
1,-1,2,0.45,0.05,-1,-1,0.2,0.2,0.046429,0.40551
1,-1,2,0.45,0.05,-1,-1,0.25,0.25,0.047526,0.343979
1,-1,2,0.45,0.05,-1,-1,0.3,0.3,0.048623,0.306377
1,-1,2,0.45,0.05,-1,-1,0.35,0.35,0.049171,0.25852
1,-1,2,0.45,0.05,-1,-1,0.4,0.4,0.049171,0.220918
1,-1,2,0.45,0.05,-1,-1,0.45,0.45,0.049171,0.17648
1,-1,2,0.45,0.05,-1,-1,0.5,0.5,0.051365,0.162806
1,-1,2,0.45,0.05,-1,-1,0.55,0.55,0.053011,0.128623
1,-1,2,0.45,0.05,-1,-1,0.6,0.6,0.055204,0.104694
1,-1,2,0.45,0.05,-1,-1,0.65,0.65,0.059044,0.09102
1,-1,2,0.45,0.05,-1,-1,0.7,0.7,0.06398,0.084184
1,-1,2,0.45,0.05,-1,-1,0.75,0.75,0.071659,0.063673
1,-1,2,0.45,0.05,-1,-1,0.8,0.8,0.087564,0.060255
1,-1,2,0.45,0.05,-1,-1,0.85,0.85,0.101824,0.053418
1,-1,2,0.45,0.05,-1,-1,0.9,0.9,0.12486,0.053418
1,-1,2,0.45,0.05,-1,-1,0.95,0.95,0.163801,0.05
1,-1,2,0.45,0.05,-1,-1,1.0,1.0,0.353571,0.05
1,-1,2,0.5,0.05,-1,-1,0.05,0.05,0.046429,0.511224
1,-1,2,0.5,0.05,-1,-1,0.1,0.1,0.046429,0.493877
1,-1,2,0.5,0.05,-1,-1,0.15,0.15,0.046429,0.441837
1,-1,2,0.5,0.05,-1,-1,0.2,0.2,0.046429,0.403673
1,-1,2,0.5,0.05,-1,-1,0.25,0.25,0.047692,0.341224
1,-1,2,0.5,0.05,-1,-1,0.3,0.3,0.048955,0.303061
1,-1,2,0.5,0.05,-1,-1,0.35,0.35,0.049586,0.254489
1,-1,2,0.5,0.05,-1,-1,0.4,0.4,0.049586,0.216326
1,-1,2,0.5,0.05,-1,-1,0.45,0.45,0.049586,0.171224
1,-1,2,0.5,0.05,-1,-1,0.5,0.5,0.052111,0.157347
1,-1,2,0.5,0.05,-1,-1,0.55,0.55,0.054006,0.122653
1,-1,2,0.5,0.05,-1,-1,0.6,0.6,0.056531,0.098367
1,-1,2,0.5,0.05,-1,-1,0.65,0.65,0.060951,0.084489
1,-1,2,0.5,0.05,-1,-1,0.7,0.7,0.066633,0.077551
1,-1,2,0.5,0.05,-1,-1,0.75,0.75,0.075472,0.056734
1,-1,2,0.5,0.05,-1,-1,0.8,0.8,0.093782,0.053265
1,-1,2,0.5,0.05,-1,-1,0.85,0.85,0.110198,0.046326
1,-1,2,0.5,0.05,-1,-1,0.9,0.9,0.136716,0.046326
1,-1,2,0.5,0.05,-1,-1,0.95,0.95,0.181544,0.042857
1,-1,2,0.5,0.05,-1,-1,1.0,1.0,0.4,0.042857
1,-1,2,0.55,0.05,-1,-1,0.05,0.05,0.046429,0.510714
1,-1,2,0.55,0.05,-1,-1,0.1,0.1,0.046429,0.492857
1,-1,2,0.55,0.05,-1,-1,0.15,0.15,0.046429,0.439285
1,-1,2,0.55,0.05,-1,-1,0.2,0.2,0.046429,0.4
1,-1,2,0.55,0.05,-1,-1,0.25,0.25,0.047819,0.335714
1,-1,2,0.55,0.05,-1,-1,0.3,0.3,0.04921,0.296428
1,-1,2,0.55,0.05,-1,-1,0.35,0.35,0.049905,0.246428
1,-1,2,0.55,0.05,-1,-1,0.4,0.4,0.049905,0.207143
1,-1,2,0.55,0.05,-1,-1,0.45,0.45,0.049905,0.160714
1,-1,2,0.55,0.05,-1,-1,0.5,0.5,0.052685,0.146428
1,-1,2,0.55,0.05,-1,-1,0.55,0.55,0.054771,0.110714
1,-1,2,0.55,0.05,-1,-1,0.6,0.6,0.057551,0.085714
1,-1,2,0.55,0.05,-1,-1,0.65,0.65,0.062417,0.071428
1,-1,2,0.55,0.05,-1,-1,0.7,0.7,0.068674,0.064285
1,-1,2,0.55,0.05,-1,-1,0.75,0.75,0.078406,0.042856
1,-1,2,0.55,0.05,-1,-1,0.8,0.8,0.098566,0.039286
1,-1,2,0.55,0.05,-1,-1,0.85,0.85,0.116639,0.032142
1,-1,2,0.55,0.05,-1,-1,0.9,0.9,0.145836,0.032142
1,-1,2,0.55,0.05,-1,-1,0.95,0.95,0.195192,0.028571
1,-1,2,0.55,0.05,-1,-1,1.0,1.0,0.435714,0.028571
1,-1,2,0.6,0.05,-1,-1,0.05,0.05,0.046429,0.510714
1,-1,2,0.6,0.05,-1,-1,0.1,0.1,0.046429,0.492857
1,-1,2,0.6,0.05,-1,-1,0.15,0.15,0.046429,0.439285
1,-1,2,0.6,0.05,-1,-1,0.2,0.2,0.046429,0.4
1,-1,2,0.6,0.05,-1,-1,0.25,0.25,0.047979,0.335714
1,-1,2,0.6,0.05,-1,-1,0.3,0.3,0.049529,0.296428
1,-1,2,0.6,0.05,-1,-1,0.35,0.35,0.050304,0.246428
1,-1,2,0.6,0.05,-1,-1,0.4,0.4,0.050304,0.207143
1,-1,2,0.6,0.05,-1,-1,0.45,0.45,0.050304,0.160714
1,-1,2,0.6,0.05,-1,-1,0.5,0.5,0.053403,0.146428
1,-1,2,0.6,0.05,-1,-1,0.55,0.55,0.055728,0.110714
1,-1,2,0.6,0.05,-1,-1,0.6,0.6,0.058827,0.085714
1,-1,2,0.6,0.05,-1,-1,0.65,0.65,0.064251,0.071428
1,-1,2,0.6,0.05,-1,-1,0.7,0.7,0.071225,0.064285
1,-1,2,0.6,0.05,-1,-1,0.75,0.75,0.082073,0.042856
1,-1,2,0.6,0.05,-1,-1,0.8,0.8,0.104545,0.039286
1,-1,2,0.6,0.05,-1,-1,0.85,0.85,0.124691,0.032142
1,-1,2,0.6,0.05,-1,-1,0.9,0.9,0.157236,0.032142
1,-1,2,0.6,0.05,-1,-1,0.95,0.95,0.212252,0.028571
1,-1,2,0.6,0.05,-1,-1,1.0,1.0,0.480357,0.028571
1,-1,2,0.65,0.05,-1,-1,0.05,0.05,0.046429,0.510714
1,-1,2,0.65,0.05,-1,-1,0.1,0.1,0.046429,0.492857
1,-1,2,0.65,0.05,-1,-1,0.15,0.15,0.046429,0.439285
1,-1,2,0.65,0.05,-1,-1,0.2,0.2,0.046429,0.4
1,-1,2,0.65,0.05,-1,-1,0.25,0.25,0.048106,0.335714
1,-1,2,0.65,0.05,-1,-1,0.3,0.3,0.049784,0.296428
1,-1,2,0.65,0.05,-1,-1,0.35,0.35,0.050622,0.246428
1,-1,2,0.65,0.05,-1,-1,0.4,0.4,0.050622,0.207143
1,-1,2,0.65,0.05,-1,-1,0.45,0.45,0.050622,0.160714
1,-1,2,0.65,0.05,-1,-1,0.5,0.5,0.053977,0.146428
1,-1,2,0.65,0.05,-1,-1,0.55,0.55,0.056493,0.110714
1,-1,2,0.65,0.05,-1,-1,0.6,0.6,0.059847,0.085714
1,-1,2,0.65,0.05,-1,-1,0.65,0.65,0.065718,0.071428
1,-1,2,0.65,0.05,-1,-1,0.7,0.7,0.073266,0.064285
1,-1,2,0.65,0.05,-1,-1,0.75,0.75,0.085007,0.042856
1,-1,2,0.65,0.05,-1,-1,0.8,0.8,0.109328,0.039286
1,-1,2,0.65,0.05,-1,-1,0.85,0.85,0.131132,0.032142
1,-1,2,0.65,0.05,-1,-1,0.9,0.9,0.166355,0.032142
1,-1,2,0.65,0.05,-1,-1,0.95,0.95,0.225899,0.028571
1,-1,2,0.65,0.05,-1,-1,1.0,1.0,0.516071,0.028571
1,-1,2,0.7,0.05,-1,-1,0.05,0.05,0.046429,0.510459
1,-1,2,0.7,0.05,-1,-1,0.1,0.1,0.046429,0.492346
1,-1,2,0.7,0.05,-1,-1,0.15,0.15,0.046429,0.43801
1,-1,2,0.7,0.05,-1,-1,0.2,0.2,0.046429,0.398163
1,-1,2,0.7,0.05,-1,-1,0.25,0.25,0.04824,0.332959
1,-1,2,0.7,0.05,-1,-1,0.3,0.3,0.050052,0.293112
1,-1,2,0.7,0.05,-1,-1,0.35,0.35,0.050957,0.242398
1,-1,2,0.7,0.05,-1,-1,0.4,0.4,0.050957,0.202551
1,-1,2,0.7,0.05,-1,-1,0.45,0.45,0.050957,0.15546
1,-1,2,0.7,0.05,-1,-1,0.5,0.5,0.054579,0.140969
1,-1,2,0.7,0.05,-1,-1,0.55,0.55,0.057297,0.104745
1,-1,2,0.7,0.05,-1,-1,0.6,0.6,0.060919,0.079388
1,-1,2,0.7,0.05,-1,-1,0.65,0.65,0.067258,0.064898
1,-1,2,0.7,0.05,-1,-1,0.7,0.7,0.075409,0.057654
1,-1,2,0.7,0.05,-1,-1,0.75,0.75,0.088087,0.035919
1,-1,2,0.7,0.05,-1,-1,0.8,0.8,0.11435,0.032297
1,-1,2,0.7,0.05,-1,-1,0.85,0.85,0.137896,0.025052
1,-1,2,0.7,0.05,-1,-1,0.9,0.9,0.175931,0.025052
1,-1,2,0.7,0.05,-1,-1,0.95,0.95,0.24023,0.021429
1,-1,2,0.7,0.05,-1,-1,1.0,1.0,0.553571,0.021429
1,-1,2,0.75,0.05,-1,-1,0.05,0.05,0.046429,0.509949
1,-1,2,0.75,0.05,-1,-1,0.1,0.1,0.046429,0.491326
1,-1,2,0.75,0.05,-1,-1,0.15,0.15,0.046429,0.435459
1,-1,2,0.75,0.05,-1,-1,0.2,0.2,0.046429,0.394489
1,-1,2,0.75,0.05,-1,-1,0.25,0.25,0.048399,0.327449
1,-1,2,0.75,0.05,-1,-1,0.3,0.3,0.05037,0.286479
1,-1,2,0.75,0.05,-1,-1,0.35,0.35,0.051356,0.234336
1,-1,2,0.75,0.05,-1,-1,0.4,0.4,0.051356,0.193367
1,-1,2,0.75,0.05,-1,-1,0.45,0.45,0.051356,0.144949
1,-1,2,0.75,0.05,-1,-1,0.5,0.5,0.055297,0.130051
1,-1,2,0.75,0.05,-1,-1,0.55,0.55,0.058253,0.092806
1,-1,2,0.75,0.05,-1,-1,0.6,0.6,0.062194,0.066735
1,-1,2,0.75,0.05,-1,-1,0.65,0.65,0.069091,0.051837
1,-1,2,0.75,0.05,-1,-1,0.7,0.7,0.07796,0.044388
1,-1,2,0.75,0.05,-1,-1,0.75,0.75,0.091754,0.022041
1,-1,2,0.75,0.05,-1,-1,0.8,0.8,0.120329,0.018317
1,-1,2,0.75,0.05,-1,-1,0.85,0.85,0.145947,0.010868
1,-1,2,0.75,0.05,-1,-1,0.9,0.9,0.187331,0.010868
1,-1,2,0.75,0.05,-1,-1,0.95,0.95,0.25729,0.007143
1,-1,2,0.75,0.05,-1,-1,1.0,1.0,0.598214,0.007143
1,-1,2,0.8,0.05,-1,-1,0.05,0.05,0.046429,0.509949
1,-1,2,0.8,0.05,-1,-1,0.1,0.1,0.046429,0.491326
1,-1,2,0.8,0.05,-1,-1,0.15,0.15,0.046429,0.435459
1,-1,2,0.8,0.05,-1,-1,0.2,0.2,0.046429,0.394489
1,-1,2,0.8,0.05,-1,-1,0.25,0.25,0.048521,0.327449
1,-1,2,0.8,0.05,-1,-1,0.3,0.3,0.050613,0.286479
1,-1,2,0.8,0.05,-1,-1,0.35,0.35,0.051659,0.234336
1,-1,2,0.8,0.05,-1,-1,0.4,0.4,0.051659,0.193367
1,-1,2,0.8,0.05,-1,-1,0.45,0.45,0.051659,0.144949
1,-1,2,0.8,0.05,-1,-1,0.5,0.5,0.055842,0.130051
1,-1,2,0.8,0.05,-1,-1,0.55,0.55,0.05898,0.092806
1,-1,2,0.8,0.05,-1,-1,0.6,0.6,0.063163,0.066735
1,-1,2,0.8,0.05,-1,-1,0.65,0.65,0.070485,0.051837
1,-1,2,0.8,0.05,-1,-1,0.7,0.7,0.079898,0.044388
1,-1,2,0.8,0.05,-1,-1,0.75,0.75,0.094541,0.022041
1,-1,2,0.8,0.05,-1,-1,0.8,0.8,0.124873,0.018317
1,-1,2,0.8,0.05,-1,-1,0.85,0.85,0.152067,0.010868
1,-1,2,0.8,0.05,-1,-1,0.9,0.9,0.195995,0.010868
1,-1,2,0.8,0.05,-1,-1,0.95,0.95,0.270256,0.007143
1,-1,2,0.8,0.05,-1,-1,1.0,1.0,0.632143,0.007143
1,-1,2,0.85,0.05,-1,-1,0.05,0.05,0.046429,0.509694
1,-1,2,0.85,0.05,-1,-1,0.1,0.1,0.046429,0.490816
1,-1,2,0.85,0.05,-1,-1,0.15,0.15,0.046429,0.434184
1,-1,2,0.85,0.05,-1,-1,0.2,0.2,0.046429,0.392653
1,-1,2,0.85,0.05,-1,-1,0.25,0.25,0.048706,0.324694
1,-1,2,0.85,0.05,-1,-1,0.3,0.3,0.050983,0.283163
1,-1,2,0.85,0.05,-1,-1,0.35,0.35,0.052121,0.230306
1,-1,2,0.85,0.05,-1,-1,0.4,0.4,0.052121,0.188775
1,-1,2,0.85,0.05,-1,-1,0.45,0.45,0.052121,0.139694
1,-1,2,0.85,0.05,-1,-1,0.5,0.5,0.056674,0.124592
1,-1,2,0.85,0.05,-1,-1,0.55,0.55,0.06009,0.086837
1,-1,2,0.85,0.05,-1,-1,0.6,0.6,0.064643,0.060408
1,-1,2,0.85,0.05,-1,-1,0.65,0.65,0.072612,0.045306
1,-1,2,0.85,0.05,-1,-1,0.7,0.7,0.082858,0.037755
1,-1,2,0.85,0.05,-1,-1,0.75,0.75,0.098795,0.015102
1,-1,2,0.85,0.05,-1,-1,0.8,0.8,0.131809,0.011327
1,-1,2,0.85,0.05,-1,-1,0.85,0.85,0.161407,0.003776
1,-1,2,0.85,0.05,-1,-1,0.9,0.9,0.209219,0.003776
1,-1,2,0.85,0.05,-1,-1,0.95,0.95,0.290045,0.0
1,-1,2,0.85,0.05,-1,-1,1.0,1.0,0.683929,0.0
1,-1,2,0.9,0.05,-1,-1,0.05,0.05,0.046429,0.509694
1,-1,2,0.9,0.05,-1,-1,0.1,0.1,0.046429,0.490816
1,-1,2,0.9,0.05,-1,-1,0.15,0.15,0.046429,0.434184
1,-1,2,0.9,0.05,-1,-1,0.2,0.2,0.046429,0.392653
1,-1,2,0.9,0.05,-1,-1,0.25,0.25,0.04891,0.324694
1,-1,2,0.9,0.05,-1,-1,0.3,0.3,0.051391,0.283163
1,-1,2,0.9,0.05,-1,-1,0.35,0.35,0.052631,0.230306
1,-1,2,0.9,0.05,-1,-1,0.4,0.4,0.052631,0.188775
1,-1,2,0.9,0.05,-1,-1,0.45,0.45,0.052631,0.139694
1,-1,2,0.9,0.05,-1,-1,0.5,0.5,0.057593,0.124592
1,-1,2,0.9,0.05,-1,-1,0.55,0.55,0.061314,0.086837
1,-1,2,0.9,0.05,-1,-1,0.6,0.6,0.066276,0.060408
1,-1,2,0.9,0.05,-1,-1,0.65,0.65,0.074959,0.045306
1,-1,2,0.9,0.05,-1,-1,0.7,0.7,0.086123,0.037755
1,-1,2,0.9,0.05,-1,-1,0.75,0.75,0.103489,0.015102
1,-1,2,0.9,0.05,-1,-1,0.8,0.8,0.139462,0.011327
1,-1,2,0.9,0.05,-1,-1,0.85,0.85,0.171713,0.003776
1,-1,2,0.9,0.05,-1,-1,0.9,0.9,0.223811,0.003776
1,-1,2,0.9,0.05,-1,-1,0.95,0.95,0.311882,0.0
1,-1,2,0.9,0.05,-1,-1,1.0,1.0,0.741071,0.0
1,-1,2,0.95,0.05,-1,-1,0.05,0.05,0.046429,0.509694
1,-1,2,0.95,0.05,-1,-1,0.1,0.1,0.046429,0.490816
1,-1,2,0.95,0.05,-1,-1,0.15,0.15,0.046429,0.434184
1,-1,2,0.95,0.05,-1,-1,0.2,0.2,0.046429,0.392653
1,-1,2,0.95,0.05,-1,-1,0.25,0.25,0.049139,0.324694
1,-1,2,0.95,0.05,-1,-1,0.3,0.3,0.05185,0.283163
1,-1,2,0.95,0.05,-1,-1,0.35,0.35,0.053205,0.230306
1,-1,2,0.95,0.05,-1,-1,0.4,0.4,0.053205,0.188775
1,-1,2,0.95,0.05,-1,-1,0.45,0.45,0.053205,0.139694
1,-1,2,0.95,0.05,-1,-1,0.5,0.5,0.058626,0.124592
1,-1,2,0.95,0.05,-1,-1,0.55,0.55,0.062692,0.086837
1,-1,2,0.95,0.05,-1,-1,0.6,0.6,0.068112,0.060408
1,-1,2,0.95,0.05,-1,-1,0.65,0.65,0.077599,0.045306
1,-1,2,0.95,0.05,-1,-1,0.7,0.7,0.089796,0.037755
1,-1,2,0.95,0.05,-1,-1,0.75,0.75,0.10877,0.015102
1,-1,2,0.95,0.05,-1,-1,0.8,0.8,0.148071,0.011327
1,-1,2,0.95,0.05,-1,-1,0.85,0.85,0.183307,0.003776
1,-1,2,0.95,0.05,-1,-1,0.9,0.9,0.240227,0.003776
1,-1,2,0.95,0.05,-1,-1,0.95,0.95,0.336448,0.0
1,-1,2,0.95,0.05,-1,-1,1.0,1.0,0.805357,0.0
1,-1,2,1.0,0.05,-1,-1,0.05,0.05,0.046429,0.509694
1,-1,2,1.0,0.05,-1,-1,0.1,0.1,0.046429,0.490816
1,-1,2,1.0,0.05,-1,-1,0.15,0.15,0.046429,0.434184
1,-1,2,1.0,0.05,-1,-1,0.2,0.2,0.046429,0.392653
1,-1,2,1.0,0.05,-1,-1,0.25,0.25,0.049834,0.324694
1,-1,2,1.0,0.05,-1,-1,0.3,0.3,0.05324,0.283163
1,-1,2,1.0,0.05,-1,-1,0.35,0.35,0.054943,0.230306
1,-1,2,1.0,0.05,-1,-1,0.4,0.4,0.054943,0.188775
1,-1,2,1.0,0.05,-1,-1,0.45,0.45,0.054943,0.139694
1,-1,2,1.0,0.05,-1,-1,0.5,0.5,0.061754,0.124592
1,-1,2,1.0,0.05,-1,-1,0.55,0.55,0.066863,0.086837
1,-1,2,1.0,0.05,-1,-1,0.6,0.6,0.073673,0.060408
1,-1,2,1.0,0.05,-1,-1,0.65,0.65,0.085593,0.045306
1,-1,2,1.0,0.05,-1,-1,0.7,0.7,0.100919,0.037755
1,-1,2,1.0,0.05,-1,-1,0.75,0.75,0.124758,0.015102
1,-1,2,1.0,0.05,-1,-1,0.8,0.8,0.17414,0.011327
1,-1,2,1.0,0.05,-1,-1,0.85,0.85,0.218412,0.003776
1,-1,2,1.0,0.05,-1,-1,0.9,0.9,0.28993,0.003776
1,-1,2,1.0,0.05,-1,-1,0.95,0.95,0.410829,0.0
1,-1,2,1.0,0.05,-1,-1,1.0,1.0,1.0,0.0
1,-1,2,0.1,0.1,-1,-1,0.05,0.05,0.1,0.385714
1,-1,2,0.1,0.1,-1,-1,0.1,0.1,0.1,0.385714
1,-1,2,0.1,0.1,-1,-1,0.15,0.15,0.1,0.385714
1,-1,2,0.1,0.1,-1,-1,0.2,0.2,0.1,0.385714
1,-1,2,0.1,0.1,-1,-1,0.25,0.25,0.1,0.385714
1,-1,2,0.1,0.1,-1,-1,0.3,0.3,0.1,0.385714
1,-1,2,0.1,0.1,-1,-1,0.35,0.35,0.1,0.385714
1,-1,2,0.1,0.1,-1,-1,0.4,0.4,0.1,0.385714
1,-1,2,0.1,0.1,-1,-1,0.45,0.45,0.1,0.385714
1,-1,2,0.1,0.1,-1,-1,0.5,0.5,0.1,0.385714
1,-1,2,0.1,0.1,-1,-1,0.55,0.55,0.1,0.385714
1,-1,2,0.1,0.1,-1,-1,0.6,0.6,0.1,0.385714
1,-1,2,0.1,0.1,-1,-1,0.65,0.65,0.1,0.385714
1,-1,2,0.1,0.1,-1,-1,0.7,0.7,0.1,0.385714
1,-1,2,0.1,0.1,-1,-1,0.75,0.75,0.1,0.385714
1,-1,2,0.1,0.1,-1,-1,0.8,0.8,0.1,0.385714
1,-1,2,0.1,0.1,-1,-1,0.85,0.85,0.1,0.385714
1,-1,2,0.1,0.1,-1,-1,0.9,0.9,0.1,0.385714
1,-1,2,0.1,0.1,-1,-1,0.95,0.95,0.1,0.385714
1,-1,2,0.1,0.1,-1,-1,1.0,1.0,0.1,0.385714
1,-1,2,0.15,0.1,-1,-1,0.05,0.05,0.1,0.382143
1,-1,2,0.15,0.1,-1,-1,0.1,0.1,0.1,0.378571
1,-1,2,0.15,0.1,-1,-1,0.15,0.15,0.1,0.367857
1,-1,2,0.15,0.1,-1,-1,0.2,0.2,0.1,0.36
1,-1,2,0.15,0.1,-1,-1,0.25,0.25,0.100134,0.347143
1,-1,2,0.15,0.1,-1,-1,0.3,0.3,0.100268,0.339285
1,-1,2,0.15,0.1,-1,-1,0.35,0.35,0.100335,0.329285
1,-1,2,0.15,0.1,-1,-1,0.4,0.4,0.100335,0.321428
1,-1,2,0.15,0.1,-1,-1,0.45,0.45,0.100335,0.312143
1,-1,2,0.15,0.1,-1,-1,0.5,0.5,0.100603,0.309285
1,-1,2,0.15,0.1,-1,-1,0.55,0.55,0.100804,0.302143
1,-1,2,0.15,0.1,-1,-1,0.6,0.6,0.101071,0.297143
1,-1,2,0.15,0.1,-1,-1,0.65,0.65,0.10154,0.294285
1,-1,2,0.15,0.1,-1,-1,0.7,0.7,0.102143,0.292857
1,-1,2,0.15,0.1,-1,-1,0.75,0.75,0.10308,0.288571
1,-1,2,0.15,0.1,-1,-1,0.8,0.8,0.105022,0.287857
1,-1,2,0.15,0.1,-1,-1,0.85,0.85,0.106763,0.286428
1,-1,2,0.15,0.1,-1,-1,0.9,0.9,0.109576,0.286428
1,-1,2,0.15,0.1,-1,-1,0.95,0.95,0.11433,0.285714
1,-1,2,0.15,0.1,-1,-1,1.0,1.0,0.1375,0.285714
1,-1,2,0.2,0.1,-1,-1,0.05,0.05,0.1,0.379337
1,-1,2,0.2,0.1,-1,-1,0.1,0.1,0.1,0.372959
1,-1,2,0.2,0.1,-1,-1,0.15,0.15,0.1,0.353826
1,-1,2,0.2,0.1,-1,-1,0.2,0.2,0.1,0.339796
1,-1,2,0.2,0.1,-1,-1,0.25,0.25,0.100338,0.316837
1,-1,2,0.2,0.1,-1,-1,0.3,0.3,0.100676,0.302806
1,-1,2,0.2,0.1,-1,-1,0.35,0.35,0.100845,0.284949
1,-1,2,0.2,0.1,-1,-1,0.4,0.4,0.100845,0.270918
1,-1,2,0.2,0.1,-1,-1,0.45,0.45,0.100845,0.254337
1,-1,2,0.2,0.1,-1,-1,0.5,0.5,0.101521,0.249235
1,-1,2,0.2,0.1,-1,-1,0.55,0.55,0.102028,0.23648
1,-1,2,0.2,0.1,-1,-1,0.6,0.6,0.102704,0.227551
1,-1,2,0.2,0.1,-1,-1,0.65,0.65,0.103887,0.222449
1,-1,2,0.2,0.1,-1,-1,0.7,0.7,0.105408,0.219898
1,-1,2,0.2,0.1,-1,-1,0.75,0.75,0.107774,0.212245
1,-1,2,0.2,0.1,-1,-1,0.8,0.8,0.112675,0.21097
1,-1,2,0.2,0.1,-1,-1,0.85,0.85,0.11707,0.208419
1,-1,2,0.2,0.1,-1,-1,0.9,0.9,0.124168,0.208419
1,-1,2,0.2,0.1,-1,-1,0.95,0.95,0.136167,0.207143
1,-1,2,0.2,0.1,-1,-1,1.0,1.0,0.194643,0.207143
1,-1,2,0.25,0.1,-1,-1,0.05,0.05,0.1,0.377806
1,-1,2,0.25,0.1,-1,-1,0.1,0.1,0.1,0.369898
1,-1,2,0.25,0.1,-1,-1,0.15,0.15,0.1,0.346173
1,-1,2,0.25,0.1,-1,-1,0.2,0.2,0.1,0.328775
1,-1,2,0.25,0.1,-1,-1,0.25,0.25,0.100478,0.300306
1,-1,2,0.25,0.1,-1,-1,0.3,0.3,0.100957,0.282908
1,-1,2,0.25,0.1,-1,-1,0.35,0.35,0.101196,0.260765
1,-1,2,0.25,0.1,-1,-1,0.4,0.4,0.101196,0.243367
1,-1,2,0.25,0.1,-1,-1,0.45,0.45,0.101196,0.222806
1,-1,2,0.25,0.1,-1,-1,0.5,0.5,0.102152,0.21648
1,-1,2,0.25,0.1,-1,-1,0.55,0.55,0.10287,0.200664
1,-1,2,0.25,0.1,-1,-1,0.6,0.6,0.103826,0.189592
1,-1,2,0.25,0.1,-1,-1,0.65,0.65,0.105501,0.183265
1,-1,2,0.25,0.1,-1,-1,0.7,0.7,0.107653,0.180102
1,-1,2,0.25,0.1,-1,-1,0.75,0.75,0.111001,0.170612
1,-1,2,0.25,0.1,-1,-1,0.8,0.8,0.117937,0.169031
1,-1,2,0.25,0.1,-1,-1,0.85,0.85,0.124155,0.165868
1,-1,2,0.25,0.1,-1,-1,0.9,0.9,0.1342,0.165868
1,-1,2,0.25,0.1,-1,-1,0.95,0.95,0.15118,0.164286
1,-1,2,0.25,0.1,-1,-1,1.0,1.0,0.233929,0.164286
1,-1,2,0.3,0.1,-1,-1,0.05,0.05,0.1,0.376785
1,-1,2,0.3,0.1,-1,-1,0.1,0.1,0.1,0.367857
1,-1,2,0.3,0.1,-1,-1,0.15,0.15,0.1,0.341071
1,-1,2,0.3,0.1,-1,-1,0.2,0.2,0.1,0.321428
1,-1,2,0.3,0.1,-1,-1,0.25,0.25,0.100568,0.289285
1,-1,2,0.3,0.1,-1,-1,0.3,0.3,0.101135,0.269643
1,-1,2,0.3,0.1,-1,-1,0.35,0.35,0.101419,0.244642
1,-1,2,0.3,0.1,-1,-1,0.4,0.4,0.101419,0.225
1,-1,2,0.3,0.1,-1,-1,0.45,0.45,0.101419,0.201786
1,-1,2,0.3,0.1,-1,-1,0.5,0.5,0.102554,0.194642
1,-1,2,0.3,0.1,-1,-1,0.55,0.55,0.103406,0.176785
1,-1,2,0.3,0.1,-1,-1,0.6,0.6,0.104541,0.164286
1,-1,2,0.3,0.1,-1,-1,0.65,0.65,0.106527,0.157142
1,-1,2,0.3,0.1,-1,-1,0.7,0.7,0.109082,0.153571
1,-1,2,0.3,0.1,-1,-1,0.75,0.75,0.113055,0.142857
1,-1,2,0.3,0.1,-1,-1,0.8,0.8,0.121285,0.141071
1,-1,2,0.3,0.1,-1,-1,0.85,0.85,0.128664,0.1375
1,-1,2,0.3,0.1,-1,-1,0.9,0.9,0.140584,0.1375
1,-1,2,0.3,0.1,-1,-1,0.95,0.95,0.160734,0.135714
1,-1,2,0.3,0.1,-1,-1,1.0,1.0,0.258929,0.135714
1,-1,2,0.35,0.1,-1,-1,0.05,0.05,0.1,0.37551
1,-1,2,0.35,0.1,-1,-1,0.1,0.1,0.1,0.365306
1,-1,2,0.35,0.1,-1,-1,0.15,0.15,0.1,0.334694
1,-1,2,0.35,0.1,-1,-1,0.2,0.2,0.1,0.312245
1,-1,2,0.35,0.1,-1,-1,0.25,0.25,0.100682,0.27551
1,-1,2,0.35,0.1,-1,-1,0.3,0.3,0.101365,0.253061
1,-1,2,0.35,0.1,-1,-1,0.35,0.35,0.101706,0.22449
1,-1,2,0.35,0.1,-1,-1,0.4,0.4,0.101706,0.202041
1,-1,2,0.35,0.1,-1,-1,0.45,0.45,0.101706,0.17551
1,-1,2,0.35,0.1,-1,-1,0.5,0.5,0.103071,0.167347
1,-1,2,0.35,0.1,-1,-1,0.55,0.55,0.104094,0.146939
1,-1,2,0.35,0.1,-1,-1,0.6,0.6,0.105459,0.132653
1,-1,2,0.35,0.1,-1,-1,0.65,0.65,0.107847,0.12449
1,-1,2,0.35,0.1,-1,-1,0.7,0.7,0.110918,0.120408
1,-1,2,0.35,0.1,-1,-1,0.75,0.75,0.115695,0.108163
1,-1,2,0.35,0.1,-1,-1,0.8,0.8,0.12559,0.106123
1,-1,2,0.35,0.1,-1,-1,0.85,0.85,0.134461,0.102041
1,-1,2,0.35,0.1,-1,-1,0.9,0.9,0.148791,0.102041
1,-1,2,0.35,0.1,-1,-1,0.95,0.95,0.173016,0.1
1,-1,2,0.35,0.1,-1,-1,1.0,1.0,0.291071,0.1
1,-1,2,0.4,0.1,-1,-1,0.05,0.05,0.1,0.37449
1,-1,2,0.4,0.1,-1,-1,0.1,0.1,0.1,0.363265
1,-1,2,0.4,0.1,-1,-1,0.15,0.15,0.1,0.329592
1,-1,2,0.4,0.1,-1,-1,0.2,0.2,0.1,0.304898
1,-1,2,0.4,0.1,-1,-1,0.25,0.25,0.100784,0.26449
1,-1,2,0.4,0.1,-1,-1,0.3,0.3,0.101569,0.239796
1,-1,2,0.4,0.1,-1,-1,0.35,0.35,0.101961,0.208367
1,-1,2,0.4,0.1,-1,-1,0.4,0.4,0.101961,0.183674
1,-1,2,0.4,0.1,-1,-1,0.45,0.45,0.101961,0.15449
1,-1,2,0.4,0.1,-1,-1,0.5,0.5,0.10353,0.14551
1,-1,2,0.4,0.1,-1,-1,0.55,0.55,0.104707,0.123062
1,-1,2,0.4,0.1,-1,-1,0.6,0.6,0.106275,0.107347
1,-1,2,0.4,0.1,-1,-1,0.65,0.65,0.109021,0.098368
1,-1,2,0.4,0.1,-1,-1,0.7,0.7,0.112551,0.093878
1,-1,2,0.4,0.1,-1,-1,0.75,0.75,0.118042,0.080408
1,-1,2,0.4,0.1,-1,-1,0.8,0.8,0.129417,0.078164
1,-1,2,0.4,0.1,-1,-1,0.85,0.85,0.139614,0.073674
1,-1,2,0.4,0.1,-1,-1,0.9,0.9,0.156087,0.073674
1,-1,2,0.4,0.1,-1,-1,0.95,0.95,0.183935,0.071429
1,-1,2,0.4,0.1,-1,-1,1.0,1.0,0.319643,0.071429
1,-1,2,0.45,0.1,-1,-1,0.05,0.05,0.1,0.373724
1,-1,2,0.45,0.1,-1,-1,0.1,0.1,0.1,0.361734
1,-1,2,0.45,0.1,-1,-1,0.15,0.15,0.1,0.325765
1,-1,2,0.45,0.1,-1,-1,0.2,0.2,0.1,0.299387
1,-1,2,0.45,0.1,-1,-1,0.25,0.25,0.100906,0.256224
1,-1,2,0.45,0.1,-1,-1,0.3,0.3,0.101811,0.229847
1,-1,2,0.45,0.1,-1,-1,0.35,0.35,0.102264,0.196275
1,-1,2,0.45,0.1,-1,-1,0.4,0.4,0.102264,0.169898
1,-1,2,0.45,0.1,-1,-1,0.45,0.45,0.102264,0.138725
1,-1,2,0.45,0.1,-1,-1,0.5,0.5,0.104075,0.129132
1,-1,2,0.45,0.1,-1,-1,0.55,0.55,0.105434,0.105153
1,-1,2,0.45,0.1,-1,-1,0.6,0.6,0.107245,0.088367
1,-1,2,0.45,0.1,-1,-1,0.65,0.65,0.110414,0.078775
1,-1,2,0.45,0.1,-1,-1,0.7,0.7,0.11449,0.07398
1,-1,2,0.45,0.1,-1,-1,0.75,0.75,0.120829,0.059592
1,-1,2,0.45,0.1,-1,-1,0.8,0.8,0.133961,0.057194
1,-1,2,0.45,0.1,-1,-1,0.85,0.85,0.145733,0.052398
1,-1,2,0.45,0.1,-1,-1,0.9,0.9,0.164751,0.052398
1,-1,2,0.45,0.1,-1,-1,0.95,0.95,0.1969,0.05
1,-1,2,0.45,0.1,-1,-1,1.0,1.0,0.353571,0.05
1,-1,2,0.5,0.1,-1,-1,0.05,0.05,0.1,0.373469
1,-1,2,0.5,0.1,-1,-1,0.1,0.1,0.1,0.361224
1,-1,2,0.5,0.1,-1,-1,0.15,0.15,0.1,0.32449
1,-1,2,0.5,0.1,-1,-1,0.2,0.2,0.1,0.297551
1,-1,2,0.5,0.1,-1,-1,0.25,0.25,0.101071,0.253469
1,-1,2,0.5,0.1,-1,-1,0.3,0.3,0.102143,0.22653
1,-1,2,0.5,0.1,-1,-1,0.35,0.35,0.102679,0.192245
1,-1,2,0.5,0.1,-1,-1,0.4,0.4,0.102679,0.165306
1,-1,2,0.5,0.1,-1,-1,0.45,0.45,0.102679,0.133469
1,-1,2,0.5,0.1,-1,-1,0.5,0.5,0.104821,0.123673
1,-1,2,0.5,0.1,-1,-1,0.55,0.55,0.106429,0.099184
1,-1,2,0.5,0.1,-1,-1,0.6,0.6,0.108571,0.082041
1,-1,2,0.5,0.1,-1,-1,0.65,0.65,0.112321,0.072245
1,-1,2,0.5,0.1,-1,-1,0.7,0.7,0.117143,0.067347
1,-1,2,0.5,0.1,-1,-1,0.75,0.75,0.124643,0.052653
1,-1,2,0.5,0.1,-1,-1,0.8,0.8,0.140179,0.050204
1,-1,2,0.5,0.1,-1,-1,0.85,0.85,0.154107,0.045306
1,-1,2,0.5,0.1,-1,-1,0.9,0.9,0.176607,0.045306
1,-1,2,0.5,0.1,-1,-1,0.95,0.95,0.214643,0.042857
1,-1,2,0.5,0.1,-1,-1,1.0,1.0,0.4,0.042857
1,-1,2,0.55,0.1,-1,-1,0.05,0.05,0.1,0.372959
1,-1,2,0.55,0.1,-1,-1,0.1,0.1,0.1,0.360204
1,-1,2,0.55,0.1,-1,-1,0.15,0.15,0.1,0.321939
1,-1,2,0.55,0.1,-1,-1,0.2,0.2,0.1,0.293877
1,-1,2,0.55,0.1,-1,-1,0.25,0.25,0.101199,0.247959
1,-1,2,0.55,0.1,-1,-1,0.3,0.3,0.102398,0.219898
1,-1,2,0.55,0.1,-1,-1,0.35,0.35,0.102998,0.184183
1,-1,2,0.55,0.1,-1,-1,0.4,0.4,0.102998,0.156122
1,-1,2,0.55,0.1,-1,-1,0.45,0.45,0.102998,0.122959
1,-1,2,0.55,0.1,-1,-1,0.5,0.5,0.105395,0.112755
1,-1,2,0.55,0.1,-1,-1,0.55,0.55,0.107194,0.087245
1,-1,2,0.55,0.1,-1,-1,0.6,0.6,0.109592,0.069387
1,-1,2,0.55,0.1,-1,-1,0.65,0.65,0.113788,0.059183
1,-1,2,0.55,0.1,-1,-1,0.7,0.7,0.119184,0.054081
1,-1,2,0.55,0.1,-1,-1,0.75,0.75,0.127577,0.038775
1,-1,2,0.55,0.1,-1,-1,0.8,0.8,0.144962,0.036224
1,-1,2,0.55,0.1,-1,-1,0.85,0.85,0.160548,0.031122
1,-1,2,0.55,0.1,-1,-1,0.9,0.9,0.185727,0.031122
1,-1,2,0.55,0.1,-1,-1,0.95,0.95,0.228291,0.028571
1,-1,2,0.55,0.1,-1,-1,1.0,1.0,0.435714,0.028571
1,-1,2,0.6,0.1,-1,-1,0.05,0.05,0.1,0.372959
1,-1,2,0.6,0.1,-1,-1,0.1,0.1,0.1,0.360204
1,-1,2,0.6,0.1,-1,-1,0.15,0.15,0.1,0.321939
1,-1,2,0.6,0.1,-1,-1,0.2,0.2,0.1,0.293877
1,-1,2,0.6,0.1,-1,-1,0.25,0.25,0.101358,0.247959
1,-1,2,0.6,0.1,-1,-1,0.3,0.3,0.102717,0.219898
1,-1,2,0.6,0.1,-1,-1,0.35,0.35,0.103396,0.184183
1,-1,2,0.6,0.1,-1,-1,0.4,0.4,0.103396,0.156122
1,-1,2,0.6,0.1,-1,-1,0.45,0.45,0.103396,0.122959
1,-1,2,0.6,0.1,-1,-1,0.5,0.5,0.106113,0.112755
1,-1,2,0.6,0.1,-1,-1,0.55,0.55,0.108151,0.087245
1,-1,2,0.6,0.1,-1,-1,0.6,0.6,0.110867,0.069387
1,-1,2,0.6,0.1,-1,-1,0.65,0.65,0.115622,0.059183
1,-1,2,0.6,0.1,-1,-1,0.7,0.7,0.121735,0.054081
1,-1,2,0.6,0.1,-1,-1,0.75,0.75,0.131244,0.038775
1,-1,2,0.6,0.1,-1,-1,0.8,0.8,0.150941,0.036224
1,-1,2,0.6,0.1,-1,-1,0.85,0.85,0.1686,0.031122
1,-1,2,0.6,0.1,-1,-1,0.9,0.9,0.197127,0.031122
1,-1,2,0.6,0.1,-1,-1,0.95,0.95,0.245351,0.028571
1,-1,2,0.6,0.1,-1,-1,1.0,1.0,0.480357,0.028571
1,-1,2,0.65,0.1,-1,-1,0.05,0.05,0.1,0.372959
1,-1,2,0.65,0.1,-1,-1,0.1,0.1,0.1,0.360204
1,-1,2,0.65,0.1,-1,-1,0.15,0.15,0.1,0.321939
1,-1,2,0.65,0.1,-1,-1,0.2,0.2,0.1,0.293877
1,-1,2,0.65,0.1,-1,-1,0.25,0.25,0.101486,0.247959
1,-1,2,0.65,0.1,-1,-1,0.3,0.3,0.102972,0.219898
1,-1,2,0.65,0.1,-1,-1,0.35,0.35,0.103715,0.184183
1,-1,2,0.65,0.1,-1,-1,0.4,0.4,0.103715,0.156122
1,-1,2,0.65,0.1,-1,-1,0.45,0.45,0.103715,0.122959
1,-1,2,0.65,0.1,-1,-1,0.5,0.5,0.106687,0.112755
1,-1,2,0.65,0.1,-1,-1,0.55,0.55,0.108916,0.087245
1,-1,2,0.65,0.1,-1,-1,0.6,0.6,0.111888,0.069387
1,-1,2,0.65,0.1,-1,-1,0.65,0.65,0.117088,0.059183
1,-1,2,0.65,0.1,-1,-1,0.7,0.7,0.123776,0.054081
1,-1,2,0.65,0.1,-1,-1,0.75,0.75,0.134177,0.038775
1,-1,2,0.65,0.1,-1,-1,0.8,0.8,0.155724,0.036224
1,-1,2,0.65,0.1,-1,-1,0.85,0.85,0.175041,0.031122
1,-1,2,0.65,0.1,-1,-1,0.9,0.9,0.206247,0.031122
1,-1,2,0.65,0.1,-1,-1,0.95,0.95,0.258999,0.028571
1,-1,2,0.65,0.1,-1,-1,1.0,1.0,0.516071,0.028571
1,-1,2,0.7,0.1,-1,-1,0.05,0.05,0.1,0.372704
1,-1,2,0.7,0.1,-1,-1,0.1,0.1,0.1,0.359693
1,-1,2,0.7,0.1,-1,-1,0.15,0.15,0.1,0.320663
1,-1,2,0.7,0.1,-1,-1,0.2,0.2,0.1,0.292041
1,-1,2,0.7,0.1,-1,-1,0.25,0.25,0.10162,0.245204
1,-1,2,0.7,0.1,-1,-1,0.3,0.3,0.10324,0.216582
1,-1,2,0.7,0.1,-1,-1,0.35,0.35,0.10405,0.180153
1,-1,2,0.7,0.1,-1,-1,0.4,0.4,0.10405,0.151531
1,-1,2,0.7,0.1,-1,-1,0.45,0.45,0.10405,0.117704
1,-1,2,0.7,0.1,-1,-1,0.5,0.5,0.107289,0.107296
1,-1,2,0.7,0.1,-1,-1,0.55,0.55,0.10972,0.081276
1,-1,2,0.7,0.1,-1,-1,0.6,0.6,0.112959,0.063062
1,-1,2,0.7,0.1,-1,-1,0.65,0.65,0.118629,0.052653
1,-1,2,0.7,0.1,-1,-1,0.7,0.7,0.125918,0.04745
1,-1,2,0.7,0.1,-1,-1,0.75,0.75,0.137258,0.031837
1,-1,2,0.7,0.1,-1,-1,0.8,0.8,0.160746,0.029235
1,-1,2,0.7,0.1,-1,-1,0.85,0.85,0.181805,0.024031
1,-1,2,0.7,0.1,-1,-1,0.9,0.9,0.215823,0.024031
1,-1,2,0.7,0.1,-1,-1,0.95,0.95,0.273329,0.021429
1,-1,2,0.7,0.1,-1,-1,1.0,1.0,0.553571,0.021429
1,-1,2,0.75,0.1,-1,-1,0.05,0.05,0.1,0.372194
1,-1,2,0.75,0.1,-1,-1,0.1,0.1,0.1,0.358673
1,-1,2,0.75,0.1,-1,-1,0.15,0.15,0.1,0.318112
1,-1,2,0.75,0.1,-1,-1,0.2,0.2,0.1,0.288367
1,-1,2,0.75,0.1,-1,-1,0.25,0.25,0.101779,0.239694
1,-1,2,0.75,0.1,-1,-1,0.3,0.3,0.103559,0.209949
1,-1,2,0.75,0.1,-1,-1,0.35,0.35,0.104449,0.172092
1,-1,2,0.75,0.1,-1,-1,0.4,0.4,0.104449,0.142347
1,-1,2,0.75,0.1,-1,-1,0.45,0.45,0.104449,0.107194
1,-1,2,0.75,0.1,-1,-1,0.5,0.5,0.108007,0.096377
1,-1,2,0.75,0.1,-1,-1,0.55,0.55,0.110676,0.069337
1,-1,2,0.75,0.1,-1,-1,0.6,0.6,0.114234,0.050408
1,-1,2,0.75,0.1,-1,-1,0.65,0.65,0.120462,0.039592
1,-1,2,0.75,0.1,-1,-1,0.7,0.7,0.128469,0.034184
1,-1,2,0.75,0.1,-1,-1,0.75,0.75,0.140925,0.017959
1,-1,2,0.75,0.1,-1,-1,0.8,0.8,0.166725,0.015255
1,-1,2,0.75,0.1,-1,-1,0.85,0.85,0.189856,0.009847
1,-1,2,0.75,0.1,-1,-1,0.9,0.9,0.227222,0.009847
1,-1,2,0.75,0.1,-1,-1,0.95,0.95,0.290389,0.007143
1,-1,2,0.75,0.1,-1,-1,1.0,1.0,0.598214,0.007143
1,-1,2,0.8,0.1,-1,-1,0.05,0.05,0.1,0.372194
1,-1,2,0.8,0.1,-1,-1,0.1,0.1,0.1,0.358673
1,-1,2,0.8,0.1,-1,-1,0.15,0.15,0.1,0.318112
1,-1,2,0.8,0.1,-1,-1,0.2,0.2,0.1,0.288367
1,-1,2,0.8,0.1,-1,-1,0.25,0.25,0.1019,0.239694
1,-1,2,0.8,0.1,-1,-1,0.3,0.3,0.103801,0.209949
1,-1,2,0.8,0.1,-1,-1,0.35,0.35,0.104752,0.172092
1,-1,2,0.8,0.1,-1,-1,0.4,0.4,0.104752,0.142347
1,-1,2,0.8,0.1,-1,-1,0.45,0.45,0.104752,0.107194
1,-1,2,0.8,0.1,-1,-1,0.5,0.5,0.108552,0.096377
1,-1,2,0.8,0.1,-1,-1,0.55,0.55,0.111403,0.069337
1,-1,2,0.8,0.1,-1,-1,0.6,0.6,0.115204,0.050408
1,-1,2,0.8,0.1,-1,-1,0.65,0.65,0.121856,0.039592
1,-1,2,0.8,0.1,-1,-1,0.7,0.7,0.130408,0.034184
1,-1,2,0.8,0.1,-1,-1,0.75,0.75,0.143712,0.017959
1,-1,2,0.8,0.1,-1,-1,0.8,0.8,0.171269,0.015255
1,-1,2,0.8,0.1,-1,-1,0.85,0.85,0.195976,0.009847
1,-1,2,0.8,0.1,-1,-1,0.9,0.9,0.235886,0.009847
1,-1,2,0.8,0.1,-1,-1,0.95,0.95,0.303355,0.007143
1,-1,2,0.8,0.1,-1,-1,1.0,1.0,0.632143,0.007143
1,-1,2,0.85,0.1,-1,-1,0.05,0.05,0.1,0.371939
1,-1,2,0.85,0.1,-1,-1,0.1,0.1,0.1,0.358163
1,-1,2,0.85,0.1,-1,-1,0.15,0.15,0.1,0.316837
1,-1,2,0.85,0.1,-1,-1,0.2,0.2,0.1,0.28653
1,-1,2,0.85,0.1,-1,-1,0.25,0.25,0.102085,0.236939
1,-1,2,0.85,0.1,-1,-1,0.3,0.3,0.104171,0.206632
1,-1,2,0.85,0.1,-1,-1,0.35,0.35,0.105214,0.168061
1,-1,2,0.85,0.1,-1,-1,0.4,0.4,0.105214,0.137755
1,-1,2,0.85,0.1,-1,-1,0.45,0.45,0.105214,0.101939
1,-1,2,0.85,0.1,-1,-1,0.5,0.5,0.109384,0.090918
1,-1,2,0.85,0.1,-1,-1,0.55,0.55,0.112513,0.063367
1,-1,2,0.85,0.1,-1,-1,0.6,0.6,0.116683,0.044082
1,-1,2,0.85,0.1,-1,-1,0.65,0.65,0.123983,0.033061
1,-1,2,0.85,0.1,-1,-1,0.7,0.7,0.133367,0.027551
1,-1,2,0.85,0.1,-1,-1,0.75,0.75,0.147966,0.01102
1,-1,2,0.85,0.1,-1,-1,0.8,0.8,0.178205,0.008265
1,-1,2,0.85,0.1,-1,-1,0.85,0.85,0.205316,0.002755
1,-1,2,0.85,0.1,-1,-1,0.9,0.9,0.24911,0.002755
1,-1,2,0.85,0.1,-1,-1,0.95,0.95,0.323144,0.0
1,-1,2,0.85,0.1,-1,-1,1.0,1.0,0.683929,0.0
1,-1,2,0.9,0.1,-1,-1,0.05,0.05,0.1,0.371939
1,-1,2,0.9,0.1,-1,-1,0.1,0.1,0.1,0.358163
1,-1,2,0.9,0.1,-1,-1,0.15,0.15,0.1,0.316837
1,-1,2,0.9,0.1,-1,-1,0.2,0.2,0.1,0.28653
1,-1,2,0.9,0.1,-1,-1,0.25,0.25,0.102289,0.236939
1,-1,2,0.9,0.1,-1,-1,0.3,0.3,0.104579,0.206632
1,-1,2,0.9,0.1,-1,-1,0.35,0.35,0.105724,0.168061
1,-1,2,0.9,0.1,-1,-1,0.4,0.4,0.105724,0.137755
1,-1,2,0.9,0.1,-1,-1,0.45,0.45,0.105724,0.101939
1,-1,2,0.9,0.1,-1,-1,0.5,0.5,0.110303,0.090918
1,-1,2,0.9,0.1,-1,-1,0.55,0.55,0.113738,0.063367
1,-1,2,0.9,0.1,-1,-1,0.6,0.6,0.118316,0.044082
1,-1,2,0.9,0.1,-1,-1,0.65,0.65,0.126329,0.033061
1,-1,2,0.9,0.1,-1,-1,0.7,0.7,0.136633,0.027551
1,-1,2,0.9,0.1,-1,-1,0.75,0.75,0.152659,0.01102
1,-1,2,0.9,0.1,-1,-1,0.8,0.8,0.185858,0.008265
1,-1,2,0.9,0.1,-1,-1,0.85,0.85,0.215622,0.002755
1,-1,2,0.9,0.1,-1,-1,0.9,0.9,0.263702,0.002755
1,-1,2,0.9,0.1,-1,-1,0.95,0.95,0.344981,0.0
1,-1,2,0.9,0.1,-1,-1,1.0,1.0,0.741071,0.0
1,-1,2,0.95,0.1,-1,-1,0.05,0.05,0.1,0.371939
1,-1,2,0.95,0.1,-1,-1,0.1,0.1,0.1,0.358163
1,-1,2,0.95,0.1,-1,-1,0.15,0.15,0.1,0.316837
1,-1,2,0.95,0.1,-1,-1,0.2,0.2,0.1,0.28653
1,-1,2,0.95,0.1,-1,-1,0.25,0.25,0.102519,0.236939
1,-1,2,0.95,0.1,-1,-1,0.3,0.3,0.105038,0.206632
1,-1,2,0.95,0.1,-1,-1,0.35,0.35,0.106298,0.168061
1,-1,2,0.95,0.1,-1,-1,0.4,0.4,0.106298,0.137755
1,-1,2,0.95,0.1,-1,-1,0.45,0.45,0.106298,0.101939
1,-1,2,0.95,0.1,-1,-1,0.5,0.5,0.111336,0.090918
1,-1,2,0.95,0.1,-1,-1,0.55,0.55,0.115115,0.063367
1,-1,2,0.95,0.1,-1,-1,0.6,0.6,0.120153,0.044082
1,-1,2,0.95,0.1,-1,-1,0.65,0.65,0.12897,0.033061
1,-1,2,0.95,0.1,-1,-1,0.7,0.7,0.140306,0.027551
1,-1,2,0.95,0.1,-1,-1,0.75,0.75,0.15794,0.01102
1,-1,2,0.95,0.1,-1,-1,0.8,0.8,0.194468,0.008265
1,-1,2,0.95,0.1,-1,-1,0.85,0.85,0.227216,0.002755
1,-1,2,0.95,0.1,-1,-1,0.9,0.9,0.280118,0.002755
1,-1,2,0.95,0.1,-1,-1,0.95,0.95,0.369547,0.0
1,-1,2,0.95,0.1,-1,-1,1.0,1.0,0.805357,0.0
1,-1,2,1.0,0.1,-1,-1,0.05,0.05,0.1,0.371939
1,-1,2,1.0,0.1,-1,-1,0.1,0.1,0.1,0.358163
1,-1,2,1.0,0.1,-1,-1,0.15,0.15,0.1,0.316837
1,-1,2,1.0,0.1,-1,-1,0.2,0.2,0.1,0.28653
1,-1,2,1.0,0.1,-1,-1,0.25,0.25,0.103214,0.236939
1,-1,2,1.0,0.1,-1,-1,0.3,0.3,0.106429,0.206632
1,-1,2,1.0,0.1,-1,-1,0.35,0.35,0.108036,0.168061
1,-1,2,1.0,0.1,-1,-1,0.4,0.4,0.108036,0.137755
1,-1,2,1.0,0.1,-1,-1,0.45,0.45,0.108036,0.101939
1,-1,2,1.0,0.1,-1,-1,0.5,0.5,0.114464,0.090918
1,-1,2,1.0,0.1,-1,-1,0.55,0.55,0.119286,0.063367
1,-1,2,1.0,0.1,-1,-1,0.6,0.6,0.125714,0.044082
1,-1,2,1.0,0.1,-1,-1,0.65,0.65,0.136964,0.033061
1,-1,2,1.0,0.1,-1,-1,0.7,0.7,0.151429,0.027551
1,-1,2,1.0,0.1,-1,-1,0.75,0.75,0.173929,0.01102
1,-1,2,1.0,0.1,-1,-1,0.8,0.8,0.220536,0.008265
1,-1,2,1.0,0.1,-1,-1,0.85,0.85,0.262321,0.002755
1,-1,2,1.0,0.1,-1,-1,0.9,0.9,0.329821,0.002755
1,-1,2,1.0,0.1,-1,-1,0.95,0.95,0.443929,0.0
1,-1,2,1.0,0.1,-1,-1,1.0,1.0,1.0,0.0
1,-1,2,0.15,0.15,-1,-1,0.05,0.05,0.1375,0.285714
1,-1,2,0.15,0.15,-1,-1,0.1,0.1,0.1375,0.285714
1,-1,2,0.15,0.15,-1,-1,0.15,0.15,0.1375,0.285714
1,-1,2,0.15,0.15,-1,-1,0.2,0.2,0.1375,0.285714
1,-1,2,0.15,0.15,-1,-1,0.25,0.25,0.1375,0.285714
1,-1,2,0.15,0.15,-1,-1,0.3,0.3,0.1375,0.285714
1,-1,2,0.15,0.15,-1,-1,0.35,0.35,0.1375,0.285714
1,-1,2,0.15,0.15,-1,-1,0.4,0.4,0.1375,0.285714
1,-1,2,0.15,0.15,-1,-1,0.45,0.45,0.1375,0.285714
1,-1,2,0.15,0.15,-1,-1,0.5,0.5,0.1375,0.285714
1,-1,2,0.15,0.15,-1,-1,0.55,0.55,0.1375,0.285714
1,-1,2,0.15,0.15,-1,-1,0.6,0.6,0.1375,0.285714
1,-1,2,0.15,0.15,-1,-1,0.65,0.65,0.1375,0.285714
1,-1,2,0.15,0.15,-1,-1,0.7,0.7,0.1375,0.285714
1,-1,2,0.15,0.15,-1,-1,0.75,0.75,0.1375,0.285714
1,-1,2,0.15,0.15,-1,-1,0.8,0.8,0.1375,0.285714
1,-1,2,0.15,0.15,-1,-1,0.85,0.85,0.1375,0.285714
1,-1,2,0.15,0.15,-1,-1,0.9,0.9,0.1375,0.285714
1,-1,2,0.15,0.15,-1,-1,0.95,0.95,0.1375,0.285714
1,-1,2,0.15,0.15,-1,-1,1.0,1.0,0.1375,0.285714
1,-1,2,0.2,0.15,-1,-1,0.05,0.05,0.1375,0.282908
1,-1,2,0.2,0.15,-1,-1,0.1,0.1,0.1375,0.280102
1,-1,2,0.2,0.15,-1,-1,0.15,0.15,0.1375,0.271683
1,-1,2,0.2,0.15,-1,-1,0.2,0.2,0.1375,0.26551
1,-1,2,0.2,0.15,-1,-1,0.25,0.25,0.137704,0.255408
1,-1,2,0.2,0.15,-1,-1,0.3,0.3,0.137908,0.249235
1,-1,2,0.2,0.15,-1,-1,0.35,0.35,0.13801,0.241377
1,-1,2,0.2,0.15,-1,-1,0.4,0.4,0.13801,0.235204
1,-1,2,0.2,0.15,-1,-1,0.45,0.45,0.13801,0.227908
1,-1,2,0.2,0.15,-1,-1,0.5,0.5,0.138418,0.225663
1,-1,2,0.2,0.15,-1,-1,0.55,0.55,0.138725,0.220051
1,-1,2,0.2,0.15,-1,-1,0.6,0.6,0.139133,0.216123
1,-1,2,0.2,0.15,-1,-1,0.65,0.65,0.139847,0.213878
1,-1,2,0.2,0.15,-1,-1,0.7,0.7,0.140765,0.212755
1,-1,2,0.2,0.15,-1,-1,0.75,0.75,0.142194,0.209388
1,-1,2,0.2,0.15,-1,-1,0.8,0.8,0.145153,0.208827
1,-1,2,0.2,0.15,-1,-1,0.85,0.85,0.147806,0.207704
1,-1,2,0.2,0.15,-1,-1,0.9,0.9,0.152092,0.207704
1,-1,2,0.2,0.15,-1,-1,0.95,0.95,0.159337,0.207143
1,-1,2,0.2,0.15,-1,-1,1.0,1.0,0.194643,0.207143
1,-1,2,0.25,0.15,-1,-1,0.05,0.05,0.1375,0.281377
1,-1,2,0.25,0.15,-1,-1,0.1,0.1,0.1375,0.277041
1,-1,2,0.25,0.15,-1,-1,0.15,0.15,0.1375,0.26403
1,-1,2,0.25,0.15,-1,-1,0.2,0.2,0.1375,0.25449
1,-1,2,0.25,0.15,-1,-1,0.25,0.25,0.137844,0.238878
1,-1,2,0.25,0.15,-1,-1,0.3,0.3,0.138189,0.229337
1,-1,2,0.25,0.15,-1,-1,0.35,0.35,0.138361,0.217194
1,-1,2,0.25,0.15,-1,-1,0.4,0.4,0.138361,0.207653
1,-1,2,0.25,0.15,-1,-1,0.45,0.45,0.138361,0.196378
1,-1,2,0.25,0.15,-1,-1,0.5,0.5,0.13905,0.192908
1,-1,2,0.25,0.15,-1,-1,0.55,0.55,0.139566,0.184235
1,-1,2,0.25,0.15,-1,-1,0.6,0.6,0.140255,0.178164
1,-1,2,0.25,0.15,-1,-1,0.65,0.65,0.14146,0.174694
1,-1,2,0.25,0.15,-1,-1,0.7,0.7,0.14301,0.172959
1,-1,2,0.25,0.15,-1,-1,0.75,0.75,0.145421,0.167755
1,-1,2,0.25,0.15,-1,-1,0.8,0.8,0.150415,0.166888
1,-1,2,0.25,0.15,-1,-1,0.85,0.85,0.154892,0.165153
1,-1,2,0.25,0.15,-1,-1,0.9,0.9,0.162124,0.165153
1,-1,2,0.25,0.15,-1,-1,0.95,0.95,0.17435,0.164286
1,-1,2,0.25,0.15,-1,-1,1.0,1.0,0.233929,0.164286
1,-1,2,0.3,0.15,-1,-1,0.05,0.05,0.1375,0.280357
1,-1,2,0.3,0.15,-1,-1,0.1,0.1,0.1375,0.275
1,-1,2,0.3,0.15,-1,-1,0.15,0.15,0.1375,0.258928
1,-1,2,0.3,0.15,-1,-1,0.2,0.2,0.1375,0.247143
1,-1,2,0.3,0.15,-1,-1,0.25,0.25,0.137934,0.227857
1,-1,2,0.3,0.15,-1,-1,0.3,0.3,0.138367,0.216071
1,-1,2,0.3,0.15,-1,-1,0.35,0.35,0.138584,0.201071
1,-1,2,0.3,0.15,-1,-1,0.4,0.4,0.138584,0.189285
1,-1,2,0.3,0.15,-1,-1,0.45,0.45,0.138584,0.175357
1,-1,2,0.3,0.15,-1,-1,0.5,0.5,0.139451,0.171071
1,-1,2,0.3,0.15,-1,-1,0.55,0.55,0.140102,0.160357
1,-1,2,0.3,0.15,-1,-1,0.6,0.6,0.140969,0.152857
1,-1,2,0.3,0.15,-1,-1,0.65,0.65,0.142487,0.148571
1,-1,2,0.3,0.15,-1,-1,0.7,0.7,0.144439,0.146428
1,-1,2,0.3,0.15,-1,-1,0.75,0.75,0.147475,0.14
1,-1,2,0.3,0.15,-1,-1,0.8,0.8,0.153763,0.138928
1,-1,2,0.3,0.15,-1,-1,0.85,0.85,0.159401,0.136785
1,-1,2,0.3,0.15,-1,-1,0.9,0.9,0.168508,0.136785
1,-1,2,0.3,0.15,-1,-1,0.95,0.95,0.183903,0.135714
1,-1,2,0.3,0.15,-1,-1,1.0,1.0,0.258929,0.135714
1,-1,2,0.35,0.15,-1,-1,0.05,0.05,0.1375,0.279081
1,-1,2,0.35,0.15,-1,-1,0.1,0.1,0.1375,0.272449
1,-1,2,0.35,0.15,-1,-1,0.15,0.15,0.1375,0.252551
1,-1,2,0.35,0.15,-1,-1,0.2,0.2,0.1375,0.237959
1,-1,2,0.35,0.15,-1,-1,0.25,0.25,0.138048,0.214082
1,-1,2,0.35,0.15,-1,-1,0.3,0.3,0.138597,0.19949
1,-1,2,0.35,0.15,-1,-1,0.35,0.35,0.138871,0.180918
1,-1,2,0.35,0.15,-1,-1,0.4,0.4,0.138871,0.166326
1,-1,2,0.35,0.15,-1,-1,0.45,0.45,0.138871,0.149082
1,-1,2,0.35,0.15,-1,-1,0.5,0.5,0.139968,0.143775
1,-1,2,0.35,0.15,-1,-1,0.55,0.55,0.140791,0.13051
1,-1,2,0.35,0.15,-1,-1,0.6,0.6,0.141888,0.121225
1,-1,2,0.35,0.15,-1,-1,0.65,0.65,0.143807,0.115918
1,-1,2,0.35,0.15,-1,-1,0.7,0.7,0.146276,0.113265
1,-1,2,0.35,0.15,-1,-1,0.75,0.75,0.150115,0.105306
1,-1,2,0.35,0.15,-1,-1,0.8,0.8,0.158068,0.10398
1,-1,2,0.35,0.15,-1,-1,0.85,0.85,0.165198,0.101327
1,-1,2,0.35,0.15,-1,-1,0.9,0.9,0.176715,0.101327
1,-1,2,0.35,0.15,-1,-1,0.95,0.95,0.196186,0.1
1,-1,2,0.35,0.15,-1,-1,1.0,1.0,0.291071,0.1
1,-1,2,0.4,0.15,-1,-1,0.05,0.05,0.1375,0.278061
1,-1,2,0.4,0.15,-1,-1,0.1,0.1,0.1375,0.270408
1,-1,2,0.4,0.15,-1,-1,0.15,0.15,0.1375,0.247449
1,-1,2,0.4,0.15,-1,-1,0.2,0.2,0.1375,0.230612
1,-1,2,0.4,0.15,-1,-1,0.25,0.25,0.13815,0.203061
1,-1,2,0.4,0.15,-1,-1,0.3,0.3,0.138801,0.186224
1,-1,2,0.4,0.15,-1,-1,0.35,0.35,0.139126,0.164796
1,-1,2,0.4,0.15,-1,-1,0.4,0.4,0.139126,0.147959
1,-1,2,0.4,0.15,-1,-1,0.45,0.45,0.139126,0.128062
1,-1,2,0.4,0.15,-1,-1,0.5,0.5,0.140427,0.121939
1,-1,2,0.4,0.15,-1,-1,0.55,0.55,0.141403,0.106633
1,-1,2,0.4,0.15,-1,-1,0.6,0.6,0.142704,0.095919
1,-1,2,0.4,0.15,-1,-1,0.65,0.65,0.144981,0.089796
1,-1,2,0.4,0.15,-1,-1,0.7,0.7,0.147908,0.086735
1,-1,2,0.4,0.15,-1,-1,0.75,0.75,0.152462,0.077551
1,-1,2,0.4,0.15,-1,-1,0.8,0.8,0.161894,0.076021
1,-1,2,0.4,0.15,-1,-1,0.85,0.85,0.170351,0.07296
1,-1,2,0.4,0.15,-1,-1,0.9,0.9,0.184011,0.07296
1,-1,2,0.4,0.15,-1,-1,0.95,0.95,0.207105,0.071429
1,-1,2,0.4,0.15,-1,-1,1.0,1.0,0.319643,0.071429
1,-1,2,0.45,0.15,-1,-1,0.05,0.05,0.1375,0.277296
1,-1,2,0.45,0.15,-1,-1,0.1,0.1,0.1375,0.268877
1,-1,2,0.45,0.15,-1,-1,0.15,0.15,0.1375,0.243622
1,-1,2,0.45,0.15,-1,-1,0.2,0.2,0.1375,0.225102
1,-1,2,0.45,0.15,-1,-1,0.25,0.25,0.138272,0.194796
1,-1,2,0.45,0.15,-1,-1,0.3,0.3,0.139043,0.176275
1,-1,2,0.45,0.15,-1,-1,0.35,0.35,0.139429,0.152704
1,-1,2,0.45,0.15,-1,-1,0.4,0.4,0.139429,0.134184
1,-1,2,0.45,0.15,-1,-1,0.45,0.45,0.139429,0.112296
1,-1,2,0.45,0.15,-1,-1,0.5,0.5,0.140972,0.105561
1,-1,2,0.45,0.15,-1,-1,0.55,0.55,0.14213,0.088725
1,-1,2,0.45,0.15,-1,-1,0.6,0.6,0.143673,0.076939
1,-1,2,0.45,0.15,-1,-1,0.65,0.65,0.146374,0.070204
1,-1,2,0.45,0.15,-1,-1,0.7,0.7,0.149847,0.066837
1,-1,2,0.45,0.15,-1,-1,0.75,0.75,0.155249,0.056735
1,-1,2,0.45,0.15,-1,-1,0.8,0.8,0.166438,0.055051
1,-1,2,0.45,0.15,-1,-1,0.85,0.85,0.17647,0.051684
1,-1,2,0.45,0.15,-1,-1,0.9,0.9,0.192675,0.051684
1,-1,2,0.45,0.15,-1,-1,0.95,0.95,0.22007,0.05
1,-1,2,0.45,0.15,-1,-1,1.0,1.0,0.353571,0.05
1,-1,2,0.5,0.15,-1,-1,0.05,0.05,0.1375,0.277041
1,-1,2,0.5,0.15,-1,-1,0.1,0.1,0.1375,0.268367
1,-1,2,0.5,0.15,-1,-1,0.15,0.15,0.1375,0.242347
1,-1,2,0.5,0.15,-1,-1,0.2,0.2,0.1375,0.223265
1,-1,2,0.5,0.15,-1,-1,0.25,0.25,0.138437,0.192041
1,-1,2,0.5,0.15,-1,-1,0.3,0.3,0.139375,0.172959
1,-1,2,0.5,0.15,-1,-1,0.35,0.35,0.139844,0.148673
1,-1,2,0.5,0.15,-1,-1,0.4,0.4,0.139844,0.129592
1,-1,2,0.5,0.15,-1,-1,0.45,0.45,0.139844,0.107041
1,-1,2,0.5,0.15,-1,-1,0.5,0.5,0.141719,0.100102
1,-1,2,0.5,0.15,-1,-1,0.55,0.55,0.143125,0.082755
1,-1,2,0.5,0.15,-1,-1,0.6,0.6,0.145,0.070612
1,-1,2,0.5,0.15,-1,-1,0.65,0.65,0.148281,0.063673
1,-1,2,0.5,0.15,-1,-1,0.7,0.7,0.1525,0.060204
1,-1,2,0.5,0.15,-1,-1,0.75,0.75,0.159063,0.049796
1,-1,2,0.5,0.15,-1,-1,0.8,0.8,0.172656,0.048061
1,-1,2,0.5,0.15,-1,-1,0.85,0.85,0.184844,0.044592
1,-1,2,0.5,0.15,-1,-1,0.9,0.9,0.204531,0.044592
1,-1,2,0.5,0.15,-1,-1,0.95,0.95,0.237813,0.042857
1,-1,2,0.5,0.15,-1,-1,1.0,1.0,0.4,0.042857
1,-1,2,0.55,0.15,-1,-1,0.05,0.05,0.1375,0.27653
1,-1,2,0.55,0.15,-1,-1,0.1,0.1,0.1375,0.267347
1,-1,2,0.55,0.15,-1,-1,0.15,0.15,0.1375,0.239796
1,-1,2,0.55,0.15,-1,-1,0.2,0.2,0.1375,0.219591
1,-1,2,0.55,0.15,-1,-1,0.25,0.25,0.138565,0.18653
1,-1,2,0.55,0.15,-1,-1,0.3,0.3,0.13963,0.166326
1,-1,2,0.55,0.15,-1,-1,0.35,0.35,0.140163,0.140612
1,-1,2,0.55,0.15,-1,-1,0.4,0.4,0.140163,0.120408
1,-1,2,0.55,0.15,-1,-1,0.45,0.45,0.140163,0.09653
1,-1,2,0.55,0.15,-1,-1,0.5,0.5,0.142293,0.089183
1,-1,2,0.55,0.15,-1,-1,0.55,0.55,0.14389,0.070816
1,-1,2,0.55,0.15,-1,-1,0.6,0.6,0.14602,0.057959
1,-1,2,0.55,0.15,-1,-1,0.65,0.65,0.149748,0.050612
1,-1,2,0.55,0.15,-1,-1,0.7,0.7,0.154541,0.046938
1,-1,2,0.55,0.15,-1,-1,0.75,0.75,0.161996,0.035918
1,-1,2,0.55,0.15,-1,-1,0.8,0.8,0.17744,0.034081
1,-1,2,0.55,0.15,-1,-1,0.85,0.85,0.191285,0.030408
1,-1,2,0.55,0.15,-1,-1,0.9,0.9,0.213651,0.030408
1,-1,2,0.55,0.15,-1,-1,0.95,0.95,0.25146,0.028571
1,-1,2,0.55,0.15,-1,-1,1.0,1.0,0.435714,0.028571
1,-1,2,0.6,0.15,-1,-1,0.05,0.05,0.1375,0.27653
1,-1,2,0.6,0.15,-1,-1,0.1,0.1,0.1375,0.267347
1,-1,2,0.6,0.15,-1,-1,0.15,0.15,0.1375,0.239796
1,-1,2,0.6,0.15,-1,-1,0.2,0.2,0.1375,0.219591
1,-1,2,0.6,0.15,-1,-1,0.25,0.25,0.138724,0.18653
1,-1,2,0.6,0.15,-1,-1,0.3,0.3,0.139949,0.166326
1,-1,2,0.6,0.15,-1,-1,0.35,0.35,0.140561,0.140612
1,-1,2,0.6,0.15,-1,-1,0.4,0.4,0.140561,0.120408
1,-1,2,0.6,0.15,-1,-1,0.45,0.45,0.140561,0.09653
1,-1,2,0.6,0.15,-1,-1,0.5,0.5,0.14301,0.089183
1,-1,2,0.6,0.15,-1,-1,0.55,0.55,0.144847,0.070816
1,-1,2,0.6,0.15,-1,-1,0.6,0.6,0.147296,0.057959
1,-1,2,0.6,0.15,-1,-1,0.65,0.65,0.151581,0.050612
1,-1,2,0.6,0.15,-1,-1,0.7,0.7,0.157092,0.046938
1,-1,2,0.6,0.15,-1,-1,0.75,0.75,0.165663,0.035918
1,-1,2,0.6,0.15,-1,-1,0.8,0.8,0.183418,0.034081
1,-1,2,0.6,0.15,-1,-1,0.85,0.85,0.199337,0.030408
1,-1,2,0.6,0.15,-1,-1,0.9,0.9,0.225051,0.030408
1,-1,2,0.6,0.15,-1,-1,0.95,0.95,0.26852,0.028571
1,-1,2,0.6,0.15,-1,-1,1.0,1.0,0.480357,0.028571
1,-1,2,0.65,0.15,-1,-1,0.05,0.05,0.1375,0.27653
1,-1,2,0.65,0.15,-1,-1,0.1,0.1,0.1375,0.267347
1,-1,2,0.65,0.15,-1,-1,0.15,0.15,0.1375,0.239796
1,-1,2,0.65,0.15,-1,-1,0.2,0.2,0.1375,0.219591
1,-1,2,0.65,0.15,-1,-1,0.25,0.25,0.138852,0.18653
1,-1,2,0.65,0.15,-1,-1,0.3,0.3,0.140204,0.166326
1,-1,2,0.65,0.15,-1,-1,0.35,0.35,0.14088,0.140612
1,-1,2,0.65,0.15,-1,-1,0.4,0.4,0.14088,0.120408
1,-1,2,0.65,0.15,-1,-1,0.45,0.45,0.14088,0.09653
1,-1,2,0.65,0.15,-1,-1,0.5,0.5,0.143584,0.089183
1,-1,2,0.65,0.15,-1,-1,0.55,0.55,0.145612,0.070816
1,-1,2,0.65,0.15,-1,-1,0.6,0.6,0.148316,0.057959
1,-1,2,0.65,0.15,-1,-1,0.65,0.65,0.153048,0.050612
1,-1,2,0.65,0.15,-1,-1,0.7,0.7,0.159133,0.046938
1,-1,2,0.65,0.15,-1,-1,0.75,0.75,0.168597,0.035918
1,-1,2,0.65,0.15,-1,-1,0.8,0.8,0.188202,0.034081
1,-1,2,0.65,0.15,-1,-1,0.85,0.85,0.205778,0.030408
1,-1,2,0.65,0.15,-1,-1,0.9,0.9,0.234171,0.030408
1,-1,2,0.65,0.15,-1,-1,0.95,0.95,0.282168,0.028571
1,-1,2,0.65,0.15,-1,-1,1.0,1.0,0.516071,0.028571
1,-1,2,0.7,0.15,-1,-1,0.05,0.05,0.1375,0.276275
1,-1,2,0.7,0.15,-1,-1,0.1,0.1,0.1375,0.266836
1,-1,2,0.7,0.15,-1,-1,0.15,0.15,0.1375,0.23852
1,-1,2,0.7,0.15,-1,-1,0.2,0.2,0.1375,0.217755
1,-1,2,0.7,0.15,-1,-1,0.25,0.25,0.138986,0.183776
1,-1,2,0.7,0.15,-1,-1,0.3,0.3,0.140472,0.16301
1,-1,2,0.7,0.15,-1,-1,0.35,0.35,0.141215,0.136582
1,-1,2,0.7,0.15,-1,-1,0.4,0.4,0.141215,0.115817
1,-1,2,0.7,0.15,-1,-1,0.45,0.45,0.141215,0.091276
1,-1,2,0.7,0.15,-1,-1,0.5,0.5,0.144187,0.083725
1,-1,2,0.7,0.15,-1,-1,0.55,0.55,0.146416,0.064847
1,-1,2,0.7,0.15,-1,-1,0.6,0.6,0.149388,0.051633
1,-1,2,0.7,0.15,-1,-1,0.65,0.65,0.154588,0.044082
1,-1,2,0.7,0.15,-1,-1,0.7,0.7,0.161276,0.040307
1,-1,2,0.7,0.15,-1,-1,0.75,0.75,0.171677,0.02898
1,-1,2,0.7,0.15,-1,-1,0.8,0.8,0.193224,0.027092
1,-1,2,0.7,0.15,-1,-1,0.85,0.85,0.212541,0.023317
1,-1,2,0.7,0.15,-1,-1,0.9,0.9,0.243747,0.023317
1,-1,2,0.7,0.15,-1,-1,0.95,0.95,0.296499,0.021429
1,-1,2,0.7,0.15,-1,-1,1.0,1.0,0.553571,0.021429
1,-1,2,0.75,0.15,-1,-1,0.05,0.05,0.1375,0.275765
1,-1,2,0.75,0.15,-1,-1,0.1,0.1,0.1375,0.265816
1,-1,2,0.75,0.15,-1,-1,0.15,0.15,0.1375,0.235969
1,-1,2,0.75,0.15,-1,-1,0.2,0.2,0.1375,0.214081
1,-1,2,0.75,0.15,-1,-1,0.25,0.25,0.139145,0.178265
1,-1,2,0.75,0.15,-1,-1,0.3,0.3,0.140791,0.156377
1,-1,2,0.75,0.15,-1,-1,0.35,0.35,0.141614,0.12852
1,-1,2,0.75,0.15,-1,-1,0.4,0.4,0.141614,0.106633
1,-1,2,0.75,0.15,-1,-1,0.45,0.45,0.141614,0.080765
1,-1,2,0.75,0.15,-1,-1,0.5,0.5,0.144904,0.072806
1,-1,2,0.75,0.15,-1,-1,0.55,0.55,0.147373,0.052908
1,-1,2,0.75,0.15,-1,-1,0.6,0.6,0.150663,0.03898
1,-1,2,0.75,0.15,-1,-1,0.65,0.65,0.156422,0.03102
1,-1,2,0.75,0.15,-1,-1,0.7,0.7,0.163827,0.027041
1,-1,2,0.75,0.15,-1,-1,0.75,0.75,0.175344,0.015102
1,-1,2,0.75,0.15,-1,-1,0.8,0.8,0.199203,0.013112
1,-1,2,0.75,0.15,-1,-1,0.85,0.85,0.220593,0.009133
1,-1,2,0.75,0.15,-1,-1,0.9,0.9,0.255147,0.009133
1,-1,2,0.75,0.15,-1,-1,0.95,0.95,0.313559,0.007143
1,-1,2,0.75,0.15,-1,-1,1.0,1.0,0.598214,0.007143
1,-1,2,0.8,0.15,-1,-1,0.05,0.05,0.1375,0.275765
1,-1,2,0.8,0.15,-1,-1,0.1,0.1,0.1375,0.265816
1,-1,2,0.8,0.15,-1,-1,0.15,0.15,0.1375,0.235969
1,-1,2,0.8,0.15,-1,-1,0.2,0.2,0.1375,0.214081
1,-1,2,0.8,0.15,-1,-1,0.25,0.25,0.139266,0.178265
1,-1,2,0.8,0.15,-1,-1,0.3,0.3,0.141033,0.156377
1,-1,2,0.8,0.15,-1,-1,0.35,0.35,0.141917,0.12852
1,-1,2,0.8,0.15,-1,-1,0.4,0.4,0.141917,0.106633
1,-1,2,0.8,0.15,-1,-1,0.45,0.45,0.141917,0.080765
1,-1,2,0.8,0.15,-1,-1,0.5,0.5,0.145449,0.072806
1,-1,2,0.8,0.15,-1,-1,0.55,0.55,0.1481,0.052908
1,-1,2,0.8,0.15,-1,-1,0.6,0.6,0.151632,0.03898
1,-1,2,0.8,0.15,-1,-1,0.65,0.65,0.157815,0.03102
1,-1,2,0.8,0.15,-1,-1,0.7,0.7,0.165765,0.027041
1,-1,2,0.8,0.15,-1,-1,0.75,0.75,0.178131,0.015102
1,-1,2,0.8,0.15,-1,-1,0.8,0.8,0.203747,0.013112
1,-1,2,0.8,0.15,-1,-1,0.85,0.85,0.226712,0.009133
1,-1,2,0.8,0.15,-1,-1,0.9,0.9,0.263811,0.009133
1,-1,2,0.8,0.15,-1,-1,0.95,0.95,0.326524,0.007143
1,-1,2,0.8,0.15,-1,-1,1.0,1.0,0.632143,0.007143
1,-1,2,0.85,0.15,-1,-1,0.05,0.05,0.1375,0.27551
1,-1,2,0.85,0.15,-1,-1,0.1,0.1,0.1375,0.265306
1,-1,2,0.85,0.15,-1,-1,0.15,0.15,0.1375,0.234694
1,-1,2,0.85,0.15,-1,-1,0.2,0.2,0.1375,0.212245
1,-1,2,0.85,0.15,-1,-1,0.25,0.25,0.139451,0.17551
1,-1,2,0.85,0.15,-1,-1,0.3,0.3,0.141403,0.153061
1,-1,2,0.85,0.15,-1,-1,0.35,0.35,0.142379,0.12449
1,-1,2,0.85,0.15,-1,-1,0.4,0.4,0.142379,0.102041
1,-1,2,0.85,0.15,-1,-1,0.45,0.45,0.142379,0.07551
1,-1,2,0.85,0.15,-1,-1,0.5,0.5,0.146282,0.067347
1,-1,2,0.85,0.15,-1,-1,0.55,0.55,0.149209,0.046939
1,-1,2,0.85,0.15,-1,-1,0.6,0.6,0.153112,0.032653
1,-1,2,0.85,0.15,-1,-1,0.65,0.65,0.159942,0.02449
1,-1,2,0.85,0.15,-1,-1,0.7,0.7,0.168725,0.020408
1,-1,2,0.85,0.15,-1,-1,0.75,0.75,0.182385,0.008163
1,-1,2,0.85,0.15,-1,-1,0.8,0.8,0.210683,0.006123
1,-1,2,0.85,0.15,-1,-1,0.85,0.85,0.236052,0.002041
1,-1,2,0.85,0.15,-1,-1,0.9,0.9,0.277034,0.002041
1,-1,2,0.85,0.15,-1,-1,0.95,0.95,0.346314,0.0
1,-1,2,0.85,0.15,-1,-1,1.0,1.0,0.683929,0.0
1,-1,2,0.9,0.15,-1,-1,0.05,0.05,0.1375,0.27551
1,-1,2,0.9,0.15,-1,-1,0.1,0.1,0.1375,0.265306
1,-1,2,0.9,0.15,-1,-1,0.15,0.15,0.1375,0.234694
1,-1,2,0.9,0.15,-1,-1,0.2,0.2,0.1375,0.212245
1,-1,2,0.9,0.15,-1,-1,0.25,0.25,0.139655,0.17551
1,-1,2,0.9,0.15,-1,-1,0.3,0.3,0.141811,0.153061
1,-1,2,0.9,0.15,-1,-1,0.35,0.35,0.142889,0.12449
1,-1,2,0.9,0.15,-1,-1,0.4,0.4,0.142889,0.102041
1,-1,2,0.9,0.15,-1,-1,0.45,0.45,0.142889,0.07551
1,-1,2,0.9,0.15,-1,-1,0.5,0.5,0.1472,0.067347
1,-1,2,0.9,0.15,-1,-1,0.55,0.55,0.150434,0.046939
1,-1,2,0.9,0.15,-1,-1,0.6,0.6,0.154745,0.032653
1,-1,2,0.9,0.15,-1,-1,0.65,0.65,0.162289,0.02449
1,-1,2,0.9,0.15,-1,-1,0.7,0.7,0.17199,0.020408
1,-1,2,0.9,0.15,-1,-1,0.75,0.75,0.187079,0.008163
1,-1,2,0.9,0.15,-1,-1,0.8,0.8,0.218336,0.006123
1,-1,2,0.9,0.15,-1,-1,0.85,0.85,0.246358,0.002041
1,-1,2,0.9,0.15,-1,-1,0.9,0.9,0.291626,0.002041
1,-1,2,0.9,0.15,-1,-1,0.95,0.95,0.36815,0.0
1,-1,2,0.9,0.15,-1,-1,1.0,1.0,0.741071,0.0
1,-1,2,0.95,0.15,-1,-1,0.05,0.05,0.1375,0.27551
1,-1,2,0.95,0.15,-1,-1,0.1,0.1,0.1375,0.265306
1,-1,2,0.95,0.15,-1,-1,0.15,0.15,0.1375,0.234694
1,-1,2,0.95,0.15,-1,-1,0.2,0.2,0.1375,0.212245
1,-1,2,0.95,0.15,-1,-1,0.25,0.25,0.139885,0.17551
1,-1,2,0.95,0.15,-1,-1,0.3,0.3,0.142271,0.153061
1,-1,2,0.95,0.15,-1,-1,0.35,0.35,0.143463,0.12449
1,-1,2,0.95,0.15,-1,-1,0.4,0.4,0.143463,0.102041
1,-1,2,0.95,0.15,-1,-1,0.45,0.45,0.143463,0.07551
1,-1,2,0.95,0.15,-1,-1,0.5,0.5,0.148233,0.067347
1,-1,2,0.95,0.15,-1,-1,0.55,0.55,0.151812,0.046939
1,-1,2,0.95,0.15,-1,-1,0.6,0.6,0.156581,0.032653
1,-1,2,0.95,0.15,-1,-1,0.65,0.65,0.16493,0.02449
1,-1,2,0.95,0.15,-1,-1,0.7,0.7,0.175663,0.020408
1,-1,2,0.95,0.15,-1,-1,0.75,0.75,0.19236,0.008163
1,-1,2,0.95,0.15,-1,-1,0.8,0.8,0.226945,0.006123
1,-1,2,0.95,0.15,-1,-1,0.85,0.85,0.257953,0.002041
1,-1,2,0.95,0.15,-1,-1,0.9,0.9,0.308042,0.002041
1,-1,2,0.95,0.15,-1,-1,0.95,0.95,0.392717,0.0
1,-1,2,0.95,0.15,-1,-1,1.0,1.0,0.805357,0.0
1,-1,2,1.0,0.15,-1,-1,0.05,0.05,0.1375,0.27551
1,-1,2,1.0,0.15,-1,-1,0.1,0.1,0.1375,0.265306
1,-1,2,1.0,0.15,-1,-1,0.15,0.15,0.1375,0.234694
1,-1,2,1.0,0.15,-1,-1,0.2,0.2,0.1375,0.212245
1,-1,2,1.0,0.15,-1,-1,0.25,0.25,0.14058,0.17551
1,-1,2,1.0,0.15,-1,-1,0.3,0.3,0.143661,0.153061
1,-1,2,1.0,0.15,-1,-1,0.35,0.35,0.145201,0.12449
1,-1,2,1.0,0.15,-1,-1,0.4,0.4,0.145201,0.102041
1,-1,2,1.0,0.15,-1,-1,0.45,0.45,0.145201,0.07551
1,-1,2,1.0,0.15,-1,-1,0.5,0.5,0.151361,0.067347
1,-1,2,1.0,0.15,-1,-1,0.55,0.55,0.155983,0.046939
1,-1,2,1.0,0.15,-1,-1,0.6,0.6,0.162142,0.032653
1,-1,2,1.0,0.15,-1,-1,0.65,0.65,0.172924,0.02449
1,-1,2,1.0,0.15,-1,-1,0.7,0.7,0.186786,0.020408
1,-1,2,1.0,0.15,-1,-1,0.75,0.75,0.208348,0.008163
1,-1,2,1.0,0.15,-1,-1,0.8,0.8,0.253014,0.006123
1,-1,2,1.0,0.15,-1,-1,0.85,0.85,0.293058,0.002041
1,-1,2,1.0,0.15,-1,-1,0.9,0.9,0.357745,0.002041
1,-1,2,1.0,0.15,-1,-1,0.95,0.95,0.467098,0.0
1,-1,2,1.0,0.15,-1,-1,1.0,1.0,1.0,0.0
1,-1,2,0.2,0.2,-1,-1,0.05,0.05,0.194643,0.207143
1,-1,2,0.2,0.2,-1,-1,0.1,0.1,0.194643,0.207143
1,-1,2,0.2,0.2,-1,-1,0.15,0.15,0.194643,0.207143
1,-1,2,0.2,0.2,-1,-1,0.2,0.2,0.194643,0.207143
1,-1,2,0.2,0.2,-1,-1,0.25,0.25,0.194643,0.207143
1,-1,2,0.2,0.2,-1,-1,0.3,0.3,0.194643,0.207143
1,-1,2,0.2,0.2,-1,-1,0.35,0.35,0.194643,0.207143
1,-1,2,0.2,0.2,-1,-1,0.4,0.4,0.194643,0.207143
1,-1,2,0.2,0.2,-1,-1,0.45,0.45,0.194643,0.207143
1,-1,2,0.2,0.2,-1,-1,0.5,0.5,0.194643,0.207143
1,-1,2,0.2,0.2,-1,-1,0.55,0.55,0.194643,0.207143
1,-1,2,0.2,0.2,-1,-1,0.6,0.6,0.194643,0.207143
1,-1,2,0.2,0.2,-1,-1,0.65,0.65,0.194643,0.207143
1,-1,2,0.2,0.2,-1,-1,0.7,0.7,0.194643,0.207143
1,-1,2,0.2,0.2,-1,-1,0.75,0.75,0.194643,0.207143
1,-1,2,0.2,0.2,-1,-1,0.8,0.8,0.194643,0.207143
1,-1,2,0.2,0.2,-1,-1,0.85,0.85,0.194643,0.207143
1,-1,2,0.2,0.2,-1,-1,0.9,0.9,0.194643,0.207143
1,-1,2,0.2,0.2,-1,-1,0.95,0.95,0.194643,0.207143
1,-1,2,0.2,0.2,-1,-1,1.0,1.0,0.194643,0.207143
1,-1,2,0.25,0.2,-1,-1,0.05,0.05,0.194643,0.205612
1,-1,2,0.25,0.2,-1,-1,0.1,0.1,0.194643,0.204082
1,-1,2,0.25,0.2,-1,-1,0.15,0.15,0.194643,0.19949
1,-1,2,0.25,0.2,-1,-1,0.2,0.2,0.194643,0.196123
1,-1,2,0.25,0.2,-1,-1,0.25,0.25,0.194783,0.190612
1,-1,2,0.25,0.2,-1,-1,0.3,0.3,0.194924,0.187245
1,-1,2,0.25,0.2,-1,-1,0.35,0.35,0.194994,0.182959
1,-1,2,0.25,0.2,-1,-1,0.4,0.4,0.194994,0.179592
1,-1,2,0.25,0.2,-1,-1,0.45,0.45,0.194994,0.175613
1,-1,2,0.25,0.2,-1,-1,0.5,0.5,0.195274,0.174388
1,-1,2,0.25,0.2,-1,-1,0.55,0.55,0.195485,0.171327
1,-1,2,0.25,0.2,-1,-1,0.6,0.6,0.195765,0.169184
1,-1,2,0.25,0.2,-1,-1,0.65,0.65,0.196257,0.167959
1,-1,2,0.25,0.2,-1,-1,0.7,0.7,0.196888,0.167347
1,-1,2,0.25,0.2,-1,-1,0.75,0.75,0.19787,0.16551
1,-1,2,0.25,0.2,-1,-1,0.8,0.8,0.199905,0.165204
1,-1,2,0.25,0.2,-1,-1,0.85,0.85,0.201729,0.164592
1,-1,2,0.25,0.2,-1,-1,0.9,0.9,0.204675,0.164592
1,-1,2,0.25,0.2,-1,-1,0.95,0.95,0.209656,0.164286
1,-1,2,0.25,0.2,-1,-1,1.0,1.0,0.233929,0.164286
1,-1,2,0.3,0.2,-1,-1,0.05,0.05,0.194643,0.204592
1,-1,2,0.3,0.2,-1,-1,0.1,0.1,0.194643,0.202041
1,-1,2,0.3,0.2,-1,-1,0.15,0.15,0.194643,0.194388
1,-1,2,0.3,0.2,-1,-1,0.2,0.2,0.194643,0.188776
1,-1,2,0.3,0.2,-1,-1,0.25,0.25,0.194873,0.179592
1,-1,2,0.3,0.2,-1,-1,0.3,0.3,0.195102,0.17398
1,-1,2,0.3,0.2,-1,-1,0.35,0.35,0.195217,0.166837
1,-1,2,0.3,0.2,-1,-1,0.4,0.4,0.195217,0.161224
1,-1,2,0.3,0.2,-1,-1,0.45,0.45,0.195217,0.154592
1,-1,2,0.3,0.2,-1,-1,0.5,0.5,0.195676,0.152551
1,-1,2,0.3,0.2,-1,-1,0.55,0.55,0.196021,0.147449
1,-1,2,0.3,0.2,-1,-1,0.6,0.6,0.19648,0.143877
1,-1,2,0.3,0.2,-1,-1,0.65,0.65,0.197283,0.141836
1,-1,2,0.3,0.2,-1,-1,0.7,0.7,0.198316,0.140816
1,-1,2,0.3,0.2,-1,-1,0.75,0.75,0.199924,0.137755
1,-1,2,0.3,0.2,-1,-1,0.8,0.8,0.203253,0.137245
1,-1,2,0.3,0.2,-1,-1,0.85,0.85,0.206237,0.136224
1,-1,2,0.3,0.2,-1,-1,0.9,0.9,0.211059,0.136224
1,-1,2,0.3,0.2,-1,-1,0.95,0.95,0.219209,0.135714
1,-1,2,0.3,0.2,-1,-1,1.0,1.0,0.258929,0.135714
1,-1,2,0.35,0.2,-1,-1,0.05,0.05,0.194643,0.203316
1,-1,2,0.35,0.2,-1,-1,0.1,0.1,0.194643,0.19949
1,-1,2,0.35,0.2,-1,-1,0.15,0.15,0.194643,0.18801
1,-1,2,0.35,0.2,-1,-1,0.2,0.2,0.194643,0.179592
1,-1,2,0.35,0.2,-1,-1,0.25,0.25,0.194987,0.165816
1,-1,2,0.35,0.2,-1,-1,0.3,0.3,0.195332,0.157398
1,-1,2,0.35,0.2,-1,-1,0.35,0.35,0.195504,0.146684
1,-1,2,0.35,0.2,-1,-1,0.4,0.4,0.195504,0.138265
1,-1,2,0.35,0.2,-1,-1,0.45,0.45,0.195504,0.128316
1,-1,2,0.35,0.2,-1,-1,0.5,0.5,0.196193,0.125255
1,-1,2,0.35,0.2,-1,-1,0.55,0.55,0.196709,0.117602
1,-1,2,0.35,0.2,-1,-1,0.6,0.6,0.197398,0.112245
1,-1,2,0.35,0.2,-1,-1,0.65,0.65,0.198603,0.109184
1,-1,2,0.35,0.2,-1,-1,0.7,0.7,0.200153,0.107653
1,-1,2,0.35,0.2,-1,-1,0.75,0.75,0.202564,0.103061
1,-1,2,0.35,0.2,-1,-1,0.8,0.8,0.207558,0.102296
1,-1,2,0.35,0.2,-1,-1,0.85,0.85,0.212034,0.100765
1,-1,2,0.35,0.2,-1,-1,0.9,0.9,0.219267,0.100765
1,-1,2,0.35,0.2,-1,-1,0.95,0.95,0.231492,0.1
1,-1,2,0.35,0.2,-1,-1,1.0,1.0,0.291071,0.1
1,-1,2,0.4,0.2,-1,-1,0.05,0.05,0.194643,0.202296
1,-1,2,0.4,0.2,-1,-1,0.1,0.1,0.194643,0.197449
1,-1,2,0.4,0.2,-1,-1,0.15,0.15,0.194643,0.182908
1,-1,2,0.4,0.2,-1,-1,0.2,0.2,0.194643,0.172245
1,-1,2,0.4,0.2,-1,-1,0.25,0.25,0.195089,0.154796
1,-1,2,0.4,0.2,-1,-1,0.3,0.3,0.195536,0.144133
1,-1,2,0.4,0.2,-1,-1,0.35,0.35,0.195759,0.130561
1,-1,2,0.4,0.2,-1,-1,0.4,0.4,0.195759,0.119898
1,-1,2,0.4,0.2,-1,-1,0.45,0.45,0.195759,0.107296
1,-1,2,0.4,0.2,-1,-1,0.5,0.5,0.196652,0.103419
1,-1,2,0.4,0.2,-1,-1,0.55,0.55,0.197322,0.093725
1,-1,2,0.4,0.2,-1,-1,0.6,0.6,0.198214,0.086939
1,-1,2,0.4,0.2,-1,-1,0.65,0.65,0.199777,0.083062
1,-1,2,0.4,0.2,-1,-1,0.7,0.7,0.201786,0.081123
1,-1,2,0.4,0.2,-1,-1,0.75,0.75,0.204911,0.075306
1,-1,2,0.4,0.2,-1,-1,0.8,0.8,0.211384,0.074337
1,-1,2,0.4,0.2,-1,-1,0.85,0.85,0.217188,0.072398
1,-1,2,0.4,0.2,-1,-1,0.9,0.9,0.226563,0.072398
1,-1,2,0.4,0.2,-1,-1,0.95,0.95,0.242411,0.071429
1,-1,2,0.4,0.2,-1,-1,1.0,1.0,0.319643,0.071429
1,-1,2,0.45,0.2,-1,-1,0.05,0.05,0.194643,0.201531
1,-1,2,0.45,0.2,-1,-1,0.1,0.1,0.194643,0.195918
1,-1,2,0.45,0.2,-1,-1,0.15,0.15,0.194643,0.179082
1,-1,2,0.45,0.2,-1,-1,0.2,0.2,0.194643,0.166735
1,-1,2,0.45,0.2,-1,-1,0.25,0.25,0.195211,0.146531
1,-1,2,0.45,0.2,-1,-1,0.3,0.3,0.195778,0.134184
1,-1,2,0.45,0.2,-1,-1,0.35,0.35,0.196062,0.118469
1,-1,2,0.45,0.2,-1,-1,0.4,0.4,0.196062,0.106123
1,-1,2,0.45,0.2,-1,-1,0.45,0.45,0.196062,0.091531
1,-1,2,0.45,0.2,-1,-1,0.5,0.5,0.197197,0.087041
1,-1,2,0.45,0.2,-1,-1,0.55,0.55,0.198049,0.075816
1,-1,2,0.45,0.2,-1,-1,0.6,0.6,0.199184,0.067959
1,-1,2,0.45,0.2,-1,-1,0.65,0.65,0.20117,0.063469
1,-1,2,0.45,0.2,-1,-1,0.7,0.7,0.203725,0.061225
1,-1,2,0.45,0.2,-1,-1,0.75,0.75,0.207698,0.05449
1,-1,2,0.45,0.2,-1,-1,0.8,0.8,0.215928,0.053367
1,-1,2,0.45,0.2,-1,-1,0.85,0.85,0.223307,0.051122
1,-1,2,0.45,0.2,-1,-1,0.9,0.9,0.235226,0.051122
1,-1,2,0.45,0.2,-1,-1,0.95,0.95,0.255376,0.05
1,-1,2,0.45,0.2,-1,-1,1.0,1.0,0.353571,0.05
1,-1,2,0.5,0.2,-1,-1,0.05,0.05,0.194643,0.201276
1,-1,2,0.5,0.2,-1,-1,0.1,0.1,0.194643,0.195408
1,-1,2,0.5,0.2,-1,-1,0.15,0.15,0.194643,0.177806
1,-1,2,0.5,0.2,-1,-1,0.2,0.2,0.194643,0.164898
1,-1,2,0.5,0.2,-1,-1,0.25,0.25,0.195376,0.143776
1,-1,2,0.5,0.2,-1,-1,0.3,0.3,0.19611,0.130867
1,-1,2,0.5,0.2,-1,-1,0.35,0.35,0.196477,0.114439
1,-1,2,0.5,0.2,-1,-1,0.4,0.4,0.196477,0.101531
1,-1,2,0.5,0.2,-1,-1,0.45,0.45,0.196477,0.086275
1,-1,2,0.5,0.2,-1,-1,0.5,0.5,0.197943,0.081582
1,-1,2,0.5,0.2,-1,-1,0.55,0.55,0.199044,0.069847
1,-1,2,0.5,0.2,-1,-1,0.6,0.6,0.20051,0.061633
1,-1,2,0.5,0.2,-1,-1,0.65,0.65,0.203077,0.056939
1,-1,2,0.5,0.2,-1,-1,0.7,0.7,0.206378,0.054592
1,-1,2,0.5,0.2,-1,-1,0.75,0.75,0.211512,0.047551
1,-1,2,0.5,0.2,-1,-1,0.8,0.8,0.222146,0.046377
1,-1,2,0.5,0.2,-1,-1,0.85,0.85,0.231681,0.04403
1,-1,2,0.5,0.2,-1,-1,0.9,0.9,0.247082,0.04403
1,-1,2,0.5,0.2,-1,-1,0.95,0.95,0.273119,0.042857
1,-1,2,0.5,0.2,-1,-1,1.0,1.0,0.4,0.042857
1,-1,2,0.55,0.2,-1,-1,0.05,0.05,0.194643,0.200765
1,-1,2,0.55,0.2,-1,-1,0.1,0.1,0.194643,0.194388
1,-1,2,0.55,0.2,-1,-1,0.15,0.15,0.194643,0.175255
1,-1,2,0.55,0.2,-1,-1,0.2,0.2,0.194643,0.161224
1,-1,2,0.55,0.2,-1,-1,0.25,0.25,0.195504,0.138265
1,-1,2,0.55,0.2,-1,-1,0.3,0.3,0.196365,0.124235
1,-1,2,0.55,0.2,-1,-1,0.35,0.35,0.196796,0.106377
1,-1,2,0.55,0.2,-1,-1,0.4,0.4,0.196796,0.092347
1,-1,2,0.55,0.2,-1,-1,0.45,0.45,0.196796,0.075765
1,-1,2,0.55,0.2,-1,-1,0.5,0.5,0.198517,0.070663
1,-1,2,0.55,0.2,-1,-1,0.55,0.55,0.199809,0.057908
1,-1,2,0.55,0.2,-1,-1,0.6,0.6,0.201531,0.048979
1,-1,2,0.55,0.2,-1,-1,0.65,0.65,0.204544,0.043877
1,-1,2,0.55,0.2,-1,-1,0.7,0.7,0.208419,0.041326
1,-1,2,0.55,0.2,-1,-1,0.75,0.75,0.214445,0.033673
1,-1,2,0.55,0.2,-1,-1,0.8,0.8,0.226929,0.032398
1,-1,2,0.55,0.2,-1,-1,0.85,0.85,0.238122,0.029847
1,-1,2,0.55,0.2,-1,-1,0.9,0.9,0.256202,0.029847
1,-1,2,0.55,0.2,-1,-1,0.95,0.95,0.286767,0.028571
1,-1,2,0.55,0.2,-1,-1,1.0,1.0,0.435714,0.028571
1,-1,2,0.6,0.2,-1,-1,0.05,0.05,0.194643,0.200765
1,-1,2,0.6,0.2,-1,-1,0.1,0.1,0.194643,0.194388
1,-1,2,0.6,0.2,-1,-1,0.15,0.15,0.194643,0.175255
1,-1,2,0.6,0.2,-1,-1,0.2,0.2,0.194643,0.161224
1,-1,2,0.6,0.2,-1,-1,0.25,0.25,0.195663,0.138265
1,-1,2,0.6,0.2,-1,-1,0.3,0.3,0.196684,0.124235
1,-1,2,0.6,0.2,-1,-1,0.35,0.35,0.197194,0.106377
1,-1,2,0.6,0.2,-1,-1,0.4,0.4,0.197194,0.092347
1,-1,2,0.6,0.2,-1,-1,0.45,0.45,0.197194,0.075765
1,-1,2,0.6,0.2,-1,-1,0.5,0.5,0.199235,0.070663
1,-1,2,0.6,0.2,-1,-1,0.55,0.55,0.200766,0.057908
1,-1,2,0.6,0.2,-1,-1,0.6,0.6,0.202806,0.048979
1,-1,2,0.6,0.2,-1,-1,0.65,0.65,0.206378,0.043877
1,-1,2,0.6,0.2,-1,-1,0.7,0.7,0.21097,0.041326
1,-1,2,0.6,0.2,-1,-1,0.75,0.75,0.218112,0.033673
1,-1,2,0.6,0.2,-1,-1,0.8,0.8,0.232908,0.032398
1,-1,2,0.6,0.2,-1,-1,0.85,0.85,0.246174,0.029847
1,-1,2,0.6,0.2,-1,-1,0.9,0.9,0.267602,0.029847
1,-1,2,0.6,0.2,-1,-1,0.95,0.95,0.303827,0.028571
1,-1,2,0.6,0.2,-1,-1,1.0,1.0,0.480357,0.028571
1,-1,2,0.65,0.2,-1,-1,0.05,0.05,0.194643,0.200765
1,-1,2,0.65,0.2,-1,-1,0.1,0.1,0.194643,0.194388
1,-1,2,0.65,0.2,-1,-1,0.15,0.15,0.194643,0.175255
1,-1,2,0.65,0.2,-1,-1,0.2,0.2,0.194643,0.161224
1,-1,2,0.65,0.2,-1,-1,0.25,0.25,0.195791,0.138265
1,-1,2,0.65,0.2,-1,-1,0.3,0.3,0.196939,0.124235
1,-1,2,0.65,0.2,-1,-1,0.35,0.35,0.197513,0.106377
1,-1,2,0.65,0.2,-1,-1,0.4,0.4,0.197513,0.092347
1,-1,2,0.65,0.2,-1,-1,0.45,0.45,0.197513,0.075765
1,-1,2,0.65,0.2,-1,-1,0.5,0.5,0.199809,0.070663
1,-1,2,0.65,0.2,-1,-1,0.55,0.55,0.201531,0.057908
1,-1,2,0.65,0.2,-1,-1,0.6,0.6,0.203827,0.048979
1,-1,2,0.65,0.2,-1,-1,0.65,0.65,0.207844,0.043877
1,-1,2,0.65,0.2,-1,-1,0.7,0.7,0.21301,0.041326
1,-1,2,0.65,0.2,-1,-1,0.75,0.75,0.221046,0.033673
1,-1,2,0.65,0.2,-1,-1,0.8,0.8,0.237692,0.032398
1,-1,2,0.65,0.2,-1,-1,0.85,0.85,0.252615,0.029847
1,-1,2,0.65,0.2,-1,-1,0.9,0.9,0.276722,0.029847
1,-1,2,0.65,0.2,-1,-1,0.95,0.95,0.317474,0.028571
1,-1,2,0.65,0.2,-1,-1,1.0,1.0,0.516071,0.028571
1,-1,2,0.7,0.2,-1,-1,0.05,0.05,0.194643,0.20051
1,-1,2,0.7,0.2,-1,-1,0.1,0.1,0.194643,0.193878
1,-1,2,0.7,0.2,-1,-1,0.15,0.15,0.194643,0.17398
1,-1,2,0.7,0.2,-1,-1,0.2,0.2,0.194643,0.159388
1,-1,2,0.7,0.2,-1,-1,0.25,0.25,0.195925,0.135511
1,-1,2,0.7,0.2,-1,-1,0.3,0.3,0.197207,0.120919
1,-1,2,0.7,0.2,-1,-1,0.35,0.35,0.197848,0.102347
1,-1,2,0.7,0.2,-1,-1,0.4,0.4,0.197848,0.087755
1,-1,2,0.7,0.2,-1,-1,0.45,0.45,0.197848,0.070511
1,-1,2,0.7,0.2,-1,-1,0.5,0.5,0.200411,0.065204
1,-1,2,0.7,0.2,-1,-1,0.55,0.55,0.202334,0.051939
1,-1,2,0.7,0.2,-1,-1,0.6,0.6,0.204898,0.042654
1,-1,2,0.7,0.2,-1,-1,0.65,0.65,0.209385,0.037347
1,-1,2,0.7,0.2,-1,-1,0.7,0.7,0.215153,0.034694
1,-1,2,0.7,0.2,-1,-1,0.75,0.75,0.224126,0.026735
1,-1,2,0.7,0.2,-1,-1,0.8,0.8,0.242714,0.025409
1,-1,2,0.7,0.2,-1,-1,0.85,0.85,0.259378,0.022756
1,-1,2,0.7,0.2,-1,-1,0.9,0.9,0.286298,0.022756
1,-1,2,0.7,0.2,-1,-1,0.95,0.95,0.331805,0.021429
1,-1,2,0.7,0.2,-1,-1,1.0,1.0,0.553571,0.021429
1,-1,2,0.75,0.2,-1,-1,0.05,0.05,0.194643,0.2
1,-1,2,0.75,0.2,-1,-1,0.1,0.1,0.194643,0.192857
1,-1,2,0.75,0.2,-1,-1,0.15,0.15,0.194643,0.171429
1,-1,2,0.75,0.2,-1,-1,0.2,0.2,0.194643,0.155714
1,-1,2,0.75,0.2,-1,-1,0.25,0.25,0.196084,0.13
1,-1,2,0.75,0.2,-1,-1,0.3,0.3,0.197526,0.114286
1,-1,2,0.75,0.2,-1,-1,0.35,0.35,0.198246,0.094286
1,-1,2,0.75,0.2,-1,-1,0.4,0.4,0.198246,0.078572
1,-1,2,0.75,0.2,-1,-1,0.45,0.45,0.198246,0.06
1,-1,2,0.75,0.2,-1,-1,0.5,0.5,0.201129,0.054286
1,-1,2,0.75,0.2,-1,-1,0.55,0.55,0.203291,0.04
1,-1,2,0.75,0.2,-1,-1,0.6,0.6,0.206173,0.03
1,-1,2,0.75,0.2,-1,-1,0.65,0.65,0.211218,0.024286
1,-1,2,0.75,0.2,-1,-1,0.7,0.7,0.217704,0.021429
1,-1,2,0.75,0.2,-1,-1,0.75,0.75,0.227794,0.012857
1,-1,2,0.75,0.2,-1,-1,0.8,0.8,0.248693,0.011429
1,-1,2,0.75,0.2,-1,-1,0.85,0.85,0.26743,0.008572
1,-1,2,0.75,0.2,-1,-1,0.9,0.9,0.297698,0.008572
1,-1,2,0.75,0.2,-1,-1,0.95,0.95,0.348865,0.007143
1,-1,2,0.75,0.2,-1,-1,1.0,1.0,0.598214,0.007143
1,-1,2,0.8,0.2,-1,-1,0.05,0.05,0.194643,0.2
1,-1,2,0.8,0.2,-1,-1,0.1,0.1,0.194643,0.192857
1,-1,2,0.8,0.2,-1,-1,0.15,0.15,0.194643,0.171429
1,-1,2,0.8,0.2,-1,-1,0.2,0.2,0.194643,0.155714
1,-1,2,0.8,0.2,-1,-1,0.25,0.25,0.196205,0.13
1,-1,2,0.8,0.2,-1,-1,0.3,0.3,0.197768,0.114286
1,-1,2,0.8,0.2,-1,-1,0.35,0.35,0.198549,0.094286
1,-1,2,0.8,0.2,-1,-1,0.4,0.4,0.198549,0.078572
1,-1,2,0.8,0.2,-1,-1,0.45,0.45,0.198549,0.06
1,-1,2,0.8,0.2,-1,-1,0.5,0.5,0.201674,0.054286
1,-1,2,0.8,0.2,-1,-1,0.55,0.55,0.204018,0.04
1,-1,2,0.8,0.2,-1,-1,0.6,0.6,0.207143,0.03
1,-1,2,0.8,0.2,-1,-1,0.65,0.65,0.212612,0.024286
1,-1,2,0.8,0.2,-1,-1,0.7,0.7,0.219643,0.021429
1,-1,2,0.8,0.2,-1,-1,0.75,0.75,0.230581,0.012857
1,-1,2,0.8,0.2,-1,-1,0.8,0.8,0.253237,0.011429
1,-1,2,0.8,0.2,-1,-1,0.85,0.85,0.273549,0.008572
1,-1,2,0.8,0.2,-1,-1,0.9,0.9,0.306362,0.008572
1,-1,2,0.8,0.2,-1,-1,0.95,0.95,0.361831,0.007143
1,-1,2,0.8,0.2,-1,-1,1.0,1.0,0.632143,0.007143
1,-1,2,0.85,0.2,-1,-1,0.05,0.05,0.194643,0.199745
1,-1,2,0.85,0.2,-1,-1,0.1,0.1,0.194643,0.192347
1,-1,2,0.85,0.2,-1,-1,0.15,0.15,0.194643,0.170153
1,-1,2,0.85,0.2,-1,-1,0.2,0.2,0.194643,0.153878
1,-1,2,0.85,0.2,-1,-1,0.25,0.25,0.19639,0.127245
1,-1,2,0.85,0.2,-1,-1,0.3,0.3,0.198138,0.110969
1,-1,2,0.85,0.2,-1,-1,0.35,0.35,0.199012,0.090255
1,-1,2,0.85,0.2,-1,-1,0.4,0.4,0.199012,0.07398
1,-1,2,0.85,0.2,-1,-1,0.45,0.45,0.199012,0.054745
1,-1,2,0.85,0.2,-1,-1,0.5,0.5,0.202506,0.048827
1,-1,2,0.85,0.2,-1,-1,0.55,0.55,0.205128,0.034031
1,-1,2,0.85,0.2,-1,-1,0.6,0.6,0.208622,0.023674
1,-1,2,0.85,0.2,-1,-1,0.65,0.65,0.214738,0.017755
1,-1,2,0.85,0.2,-1,-1,0.7,0.7,0.222602,0.014796
1,-1,2,0.85,0.2,-1,-1,0.75,0.75,0.234834,0.005918
1,-1,2,0.85,0.2,-1,-1,0.8,0.8,0.260173,0.004439
1,-1,2,0.85,0.2,-1,-1,0.85,0.85,0.282889,0.00148
1,-1,2,0.85,0.2,-1,-1,0.9,0.9,0.319586,0.00148
1,-1,2,0.85,0.2,-1,-1,0.95,0.95,0.38162,0.0
1,-1,2,0.85,0.2,-1,-1,1.0,1.0,0.683929,0.0
1,-1,2,0.9,0.2,-1,-1,0.05,0.05,0.194643,0.199745
1,-1,2,0.9,0.2,-1,-1,0.1,0.1,0.194643,0.192347
1,-1,2,0.9,0.2,-1,-1,0.15,0.15,0.194643,0.170153
1,-1,2,0.9,0.2,-1,-1,0.2,0.2,0.194643,0.153878
1,-1,2,0.9,0.2,-1,-1,0.25,0.25,0.196594,0.127245
1,-1,2,0.9,0.2,-1,-1,0.3,0.3,0.198546,0.110969
1,-1,2,0.9,0.2,-1,-1,0.35,0.35,0.199522,0.090255
1,-1,2,0.9,0.2,-1,-1,0.4,0.4,0.199522,0.07398
1,-1,2,0.9,0.2,-1,-1,0.45,0.45,0.199522,0.054745
1,-1,2,0.9,0.2,-1,-1,0.5,0.5,0.203425,0.048827
1,-1,2,0.9,0.2,-1,-1,0.55,0.55,0.206352,0.034031
1,-1,2,0.9,0.2,-1,-1,0.6,0.6,0.210255,0.023674
1,-1,2,0.9,0.2,-1,-1,0.65,0.65,0.217085,0.017755
1,-1,2,0.9,0.2,-1,-1,0.7,0.7,0.225868,0.014796
1,-1,2,0.9,0.2,-1,-1,0.75,0.75,0.239528,0.005918
1,-1,2,0.9,0.2,-1,-1,0.8,0.8,0.267826,0.004439
1,-1,2,0.9,0.2,-1,-1,0.85,0.85,0.293195,0.00148
1,-1,2,0.9,0.2,-1,-1,0.9,0.9,0.334177,0.00148
1,-1,2,0.9,0.2,-1,-1,0.95,0.95,0.403457,0.0
1,-1,2,0.9,0.2,-1,-1,1.0,1.0,0.741071,0.0
1,-1,2,0.95,0.2,-1,-1,0.05,0.05,0.194643,0.199745
1,-1,2,0.95,0.2,-1,-1,0.1,0.1,0.194643,0.192347
1,-1,2,0.95,0.2,-1,-1,0.15,0.15,0.194643,0.170153
1,-1,2,0.95,0.2,-1,-1,0.2,0.2,0.194643,0.153878
1,-1,2,0.95,0.2,-1,-1,0.25,0.25,0.196824,0.127245
1,-1,2,0.95,0.2,-1,-1,0.3,0.3,0.199005,0.110969
1,-1,2,0.95,0.2,-1,-1,0.35,0.35,0.200096,0.090255
1,-1,2,0.95,0.2,-1,-1,0.4,0.4,0.200096,0.07398
1,-1,2,0.95,0.2,-1,-1,0.45,0.45,0.200096,0.054745
1,-1,2,0.95,0.2,-1,-1,0.5,0.5,0.204458,0.048827
1,-1,2,0.95,0.2,-1,-1,0.55,0.55,0.20773,0.034031
1,-1,2,0.95,0.2,-1,-1,0.6,0.6,0.212092,0.023674
1,-1,2,0.95,0.2,-1,-1,0.65,0.65,0.219726,0.017755
1,-1,2,0.95,0.2,-1,-1,0.7,0.7,0.229541,0.014796
1,-1,2,0.95,0.2,-1,-1,0.75,0.75,0.244809,0.005918
1,-1,2,0.95,0.2,-1,-1,0.8,0.8,0.276435,0.004439
1,-1,2,0.95,0.2,-1,-1,0.85,0.85,0.30479,0.00148
1,-1,2,0.95,0.2,-1,-1,0.9,0.9,0.350593,0.00148
1,-1,2,0.95,0.2,-1,-1,0.95,0.95,0.428023,0.0
1,-1,2,0.95,0.2,-1,-1,1.0,1.0,0.805357,0.0
1,-1,2,1.0,0.2,-1,-1,0.05,0.05,0.194643,0.199745
1,-1,2,1.0,0.2,-1,-1,0.1,0.1,0.194643,0.192347
1,-1,2,1.0,0.2,-1,-1,0.15,0.15,0.194643,0.170153
1,-1,2,1.0,0.2,-1,-1,0.2,0.2,0.194643,0.153878
1,-1,2,1.0,0.2,-1,-1,0.25,0.25,0.197519,0.127245
1,-1,2,1.0,0.2,-1,-1,0.3,0.3,0.200396,0.110969
1,-1,2,1.0,0.2,-1,-1,0.35,0.35,0.201834,0.090255
1,-1,2,1.0,0.2,-1,-1,0.4,0.4,0.201834,0.07398
1,-1,2,1.0,0.2,-1,-1,0.45,0.45,0.201834,0.054745
1,-1,2,1.0,0.2,-1,-1,0.5,0.5,0.207586,0.048827
1,-1,2,1.0,0.2,-1,-1,0.55,0.55,0.211901,0.034031
1,-1,2,1.0,0.2,-1,-1,0.6,0.6,0.217653,0.023674
1,-1,2,1.0,0.2,-1,-1,0.65,0.65,0.22772,0.017755
1,-1,2,1.0,0.2,-1,-1,0.7,0.7,0.240664,0.014796
1,-1,2,1.0,0.2,-1,-1,0.75,0.75,0.260797,0.005918
1,-1,2,1.0,0.2,-1,-1,0.8,0.8,0.302504,0.004439
1,-1,2,1.0,0.2,-1,-1,0.85,0.85,0.339895,0.00148
1,-1,2,1.0,0.2,-1,-1,0.9,0.9,0.400297,0.00148
1,-1,2,1.0,0.2,-1,-1,0.95,0.95,0.502405,0.0
1,-1,2,1.0,0.2,-1,-1,1.0,1.0,1.0,0.0
1,-1,2,0.25,0.25,-1,-1,0.05,0.05,0.233929,0.164286
1,-1,2,0.25,0.25,-1,-1,0.1,0.1,0.233929,0.164286
1,-1,2,0.25,0.25,-1,-1,0.15,0.15,0.233929,0.164286
1,-1,2,0.25,0.25,-1,-1,0.2,0.2,0.233929,0.164286
1,-1,2,0.25,0.25,-1,-1,0.25,0.25,0.233929,0.164286
1,-1,2,0.25,0.25,-1,-1,0.3,0.3,0.233929,0.164286
1,-1,2,0.25,0.25,-1,-1,0.35,0.35,0.233929,0.164286
1,-1,2,0.25,0.25,-1,-1,0.4,0.4,0.233929,0.164286
1,-1,2,0.25,0.25,-1,-1,0.45,0.45,0.233929,0.164286
1,-1,2,0.25,0.25,-1,-1,0.5,0.5,0.233929,0.164286
1,-1,2,0.25,0.25,-1,-1,0.55,0.55,0.233929,0.164286
1,-1,2,0.25,0.25,-1,-1,0.6,0.6,0.233929,0.164286
1,-1,2,0.25,0.25,-1,-1,0.65,0.65,0.233929,0.164286
1,-1,2,0.25,0.25,-1,-1,0.7,0.7,0.233929,0.164286
1,-1,2,0.25,0.25,-1,-1,0.75,0.75,0.233929,0.164286
1,-1,2,0.25,0.25,-1,-1,0.8,0.8,0.233929,0.164286
1,-1,2,0.25,0.25,-1,-1,0.85,0.85,0.233929,0.164286
1,-1,2,0.25,0.25,-1,-1,0.9,0.9,0.233929,0.164286
1,-1,2,0.25,0.25,-1,-1,0.95,0.95,0.233929,0.164286
1,-1,2,0.25,0.25,-1,-1,1.0,1.0,0.233929,0.164286
1,-1,2,0.3,0.25,-1,-1,0.05,0.05,0.233929,0.163266
1,-1,2,0.3,0.25,-1,-1,0.1,0.1,0.233929,0.162245
1,-1,2,0.3,0.25,-1,-1,0.15,0.15,0.233929,0.159184
1,-1,2,0.3,0.25,-1,-1,0.2,0.2,0.233929,0.156939
1,-1,2,0.3,0.25,-1,-1,0.25,0.25,0.234018,0.153265
1,-1,2,0.3,0.25,-1,-1,0.3,0.3,0.234108,0.15102
1,-1,2,0.3,0.25,-1,-1,0.35,0.35,0.234152,0.148163
1,-1,2,0.3,0.25,-1,-1,0.4,0.4,0.234152,0.145918
1,-1,2,0.3,0.25,-1,-1,0.45,0.45,0.234152,0.143265
1,-1,2,0.3,0.25,-1,-1,0.5,0.5,0.234331,0.142449
1,-1,2,0.3,0.25,-1,-1,0.55,0.55,0.234465,0.140408
1,-1,2,0.3,0.25,-1,-1,0.6,0.6,0.234643,0.138979
1,-1,2,0.3,0.25,-1,-1,0.65,0.65,0.234956,0.138163
1,-1,2,0.3,0.25,-1,-1,0.7,0.7,0.235358,0.137755
1,-1,2,0.3,0.25,-1,-1,0.75,0.75,0.235983,0.13653
1,-1,2,0.3,0.25,-1,-1,0.8,0.8,0.237277,0.136326
1,-1,2,0.3,0.25,-1,-1,0.85,0.85,0.238438,0.135918
1,-1,2,0.3,0.25,-1,-1,0.9,0.9,0.240313,0.135918
1,-1,2,0.3,0.25,-1,-1,0.95,0.95,0.243483,0.135714
1,-1,2,0.3,0.25,-1,-1,1.0,1.0,0.258929,0.135714
1,-1,2,0.35,0.25,-1,-1,0.05,0.05,0.233929,0.16199
1,-1,2,0.35,0.25,-1,-1,0.1,0.1,0.233929,0.159694
1,-1,2,0.35,0.25,-1,-1,0.15,0.15,0.233929,0.152806
1,-1,2,0.35,0.25,-1,-1,0.2,0.2,0.233929,0.147755
1,-1,2,0.35,0.25,-1,-1,0.25,0.25,0.234133,0.13949
1,-1,2,0.35,0.25,-1,-1,0.3,0.3,0.234337,0.134439
1,-1,2,0.35,0.25,-1,-1,0.35,0.35,0.234439,0.12801
1,-1,2,0.35,0.25,-1,-1,0.4,0.4,0.234439,0.122959
1,-1,2,0.35,0.25,-1,-1,0.45,0.45,0.234439,0.11699
1,-1,2,0.35,0.25,-1,-1,0.5,0.5,0.234847,0.115153
1,-1,2,0.35,0.25,-1,-1,0.55,0.55,0.235153,0.110561
1,-1,2,0.35,0.25,-1,-1,0.6,0.6,0.235562,0.107347
1,-1,2,0.35,0.25,-1,-1,0.65,0.65,0.236276,0.10551
1,-1,2,0.35,0.25,-1,-1,0.7,0.7,0.237194,0.104592
1,-1,2,0.35,0.25,-1,-1,0.75,0.75,0.238623,0.101837
1,-1,2,0.35,0.25,-1,-1,0.8,0.8,0.241582,0.101378
1,-1,2,0.35,0.25,-1,-1,0.85,0.85,0.244235,0.100459
1,-1,2,0.35,0.25,-1,-1,0.9,0.9,0.248521,0.100459
1,-1,2,0.35,0.25,-1,-1,0.95,0.95,0.255765,0.1
1,-1,2,0.35,0.25,-1,-1,1.0,1.0,0.291071,0.1
1,-1,2,0.4,0.25,-1,-1,0.05,0.05,0.233929,0.16097
1,-1,2,0.4,0.25,-1,-1,0.1,0.1,0.233929,0.157653
1,-1,2,0.4,0.25,-1,-1,0.15,0.15,0.233929,0.147704
1,-1,2,0.4,0.25,-1,-1,0.2,0.2,0.233929,0.140408
1,-1,2,0.4,0.25,-1,-1,0.25,0.25,0.234235,0.12847
1,-1,2,0.4,0.25,-1,-1,0.3,0.3,0.234541,0.121174
1,-1,2,0.4,0.25,-1,-1,0.35,0.35,0.234694,0.111888
1,-1,2,0.4,0.25,-1,-1,0.4,0.4,0.234694,0.104592
1,-1,2,0.4,0.25,-1,-1,0.45,0.45,0.234694,0.09597
1,-1,2,0.4,0.25,-1,-1,0.5,0.5,0.235307,0.093317
1,-1,2,0.4,0.25,-1,-1,0.55,0.55,0.235766,0.086684
1,-1,2,0.4,0.25,-1,-1,0.6,0.6,0.236378,0.082041
1,-1,2,0.4,0.25,-1,-1,0.65,0.65,0.237449,0.079388
1,-1,2,0.4,0.25,-1,-1,0.7,0.7,0.238827,0.078062
1,-1,2,0.4,0.25,-1,-1,0.75,0.75,0.24097,0.074082
1,-1,2,0.4,0.25,-1,-1,0.8,0.8,0.245409,0.073419
1,-1,2,0.4,0.25,-1,-1,0.85,0.85,0.249388,0.072092
1,-1,2,0.4,0.25,-1,-1,0.9,0.9,0.255817,0.072092
1,-1,2,0.4,0.25,-1,-1,0.95,0.95,0.266684,0.071429
1,-1,2,0.4,0.25,-1,-1,1.0,1.0,0.319643,0.071429
1,-1,2,0.45,0.25,-1,-1,0.05,0.05,0.233929,0.160204
1,-1,2,0.45,0.25,-1,-1,0.1,0.1,0.233929,0.156123
1,-1,2,0.45,0.25,-1,-1,0.15,0.15,0.233929,0.143878
1,-1,2,0.45,0.25,-1,-1,0.2,0.2,0.233929,0.134898
1,-1,2,0.45,0.25,-1,-1,0.25,0.25,0.234356,0.120204
1,-1,2,0.45,0.25,-1,-1,0.3,0.3,0.234784,0.111225
1,-1,2,0.45,0.25,-1,-1,0.35,0.35,0.234997,0.099796
1,-1,2,0.45,0.25,-1,-1,0.4,0.4,0.234997,0.090816
1,-1,2,0.45,0.25,-1,-1,0.45,0.45,0.234997,0.080204
1,-1,2,0.45,0.25,-1,-1,0.5,0.5,0.235852,0.076939
1,-1,2,0.45,0.25,-1,-1,0.55,0.55,0.236493,0.068776
1,-1,2,0.45,0.25,-1,-1,0.6,0.6,0.237347,0.063061
1,-1,2,0.45,0.25,-1,-1,0.65,0.65,0.238843,0.059796
1,-1,2,0.45,0.25,-1,-1,0.7,0.7,0.240766,0.058163
1,-1,2,0.45,0.25,-1,-1,0.75,0.75,0.243757,0.053265
1,-1,2,0.45,0.25,-1,-1,0.8,0.8,0.249953,0.052449
1,-1,2,0.45,0.25,-1,-1,0.85,0.85,0.255507,0.050816
1,-1,2,0.45,0.25,-1,-1,0.9,0.9,0.26448,0.050816
1,-1,2,0.45,0.25,-1,-1,0.95,0.95,0.279649,0.05
1,-1,2,0.45,0.25,-1,-1,1.0,1.0,0.353571,0.05
1,-1,2,0.5,0.25,-1,-1,0.05,0.05,0.233929,0.159949
1,-1,2,0.5,0.25,-1,-1,0.1,0.1,0.233929,0.155612
1,-1,2,0.5,0.25,-1,-1,0.15,0.15,0.233929,0.142602
1,-1,2,0.5,0.25,-1,-1,0.2,0.2,0.233929,0.133061
1,-1,2,0.5,0.25,-1,-1,0.25,0.25,0.234522,0.117449
1,-1,2,0.5,0.25,-1,-1,0.3,0.3,0.235115,0.107908
1,-1,2,0.5,0.25,-1,-1,0.35,0.35,0.235412,0.095765
1,-1,2,0.5,0.25,-1,-1,0.4,0.4,0.235412,0.086225
1,-1,2,0.5,0.25,-1,-1,0.45,0.45,0.235412,0.074949
1,-1,2,0.5,0.25,-1,-1,0.5,0.5,0.236598,0.07148
1,-1,2,0.5,0.25,-1,-1,0.55,0.55,0.237488,0.062806
1,-1,2,0.5,0.25,-1,-1,0.6,0.6,0.238674,0.056735
1,-1,2,0.5,0.25,-1,-1,0.65,0.65,0.24075,0.053265
1,-1,2,0.5,0.25,-1,-1,0.7,0.7,0.243419,0.051531
1,-1,2,0.5,0.25,-1,-1,0.75,0.75,0.247571,0.046326
1,-1,2,0.5,0.25,-1,-1,0.8,0.8,0.256171,0.045459
1,-1,2,0.5,0.25,-1,-1,0.85,0.85,0.263881,0.043724
1,-1,2,0.5,0.25,-1,-1,0.9,0.9,0.276336,0.043724
1,-1,2,0.5,0.25,-1,-1,0.95,0.95,0.297392,0.042857
1,-1,2,0.5,0.25,-1,-1,1.0,1.0,0.4,0.042857
1,-1,2,0.55,0.25,-1,-1,0.05,0.05,0.233929,0.159439
1,-1,2,0.55,0.25,-1,-1,0.1,0.1,0.233929,0.154592
1,-1,2,0.55,0.25,-1,-1,0.15,0.15,0.233929,0.140051
1,-1,2,0.55,0.25,-1,-1,0.2,0.2,0.233929,0.129388
1,-1,2,0.55,0.25,-1,-1,0.25,0.25,0.23465,0.111939
1,-1,2,0.55,0.25,-1,-1,0.3,0.3,0.23537,0.101275
1,-1,2,0.55,0.25,-1,-1,0.35,0.35,0.235731,0.087704
1,-1,2,0.55,0.25,-1,-1,0.4,0.4,0.235731,0.077041
1,-1,2,0.55,0.25,-1,-1,0.45,0.45,0.235731,0.064439
1,-1,2,0.55,0.25,-1,-1,0.5,0.5,0.237172,0.060561
1,-1,2,0.55,0.25,-1,-1,0.55,0.55,0.238253,0.050867
1,-1,2,0.55,0.25,-1,-1,0.6,0.6,0.239694,0.044081
1,-1,2,0.55,0.25,-1,-1,0.65,0.65,0.242217,0.040204
1,-1,2,0.55,0.25,-1,-1,0.7,0.7,0.24546,0.038265
1,-1,2,0.55,0.25,-1,-1,0.75,0.75,0.250504,0.032449
1,-1,2,0.55,0.25,-1,-1,0.8,0.8,0.260954,0.031479
1,-1,2,0.55,0.25,-1,-1,0.85,0.85,0.270322,0.02954
1,-1,2,0.55,0.25,-1,-1,0.9,0.9,0.285456,0.02954
1,-1,2,0.55,0.25,-1,-1,0.95,0.95,0.31104,0.028571
1,-1,2,0.55,0.25,-1,-1,1.0,1.0,0.435714,0.028571
1,-1,2,0.6,0.25,-1,-1,0.05,0.05,0.233929,0.159439
1,-1,2,0.6,0.25,-1,-1,0.1,0.1,0.233929,0.154592
1,-1,2,0.6,0.25,-1,-1,0.15,0.15,0.233929,0.140051
1,-1,2,0.6,0.25,-1,-1,0.2,0.2,0.233929,0.129388
1,-1,2,0.6,0.25,-1,-1,0.25,0.25,0.234809,0.111939
1,-1,2,0.6,0.25,-1,-1,0.3,0.3,0.235689,0.101275
1,-1,2,0.6,0.25,-1,-1,0.35,0.35,0.236129,0.087704
1,-1,2,0.6,0.25,-1,-1,0.4,0.4,0.236129,0.077041
1,-1,2,0.6,0.25,-1,-1,0.45,0.45,0.236129,0.064439
1,-1,2,0.6,0.25,-1,-1,0.5,0.5,0.237889,0.060561
1,-1,2,0.6,0.25,-1,-1,0.55,0.55,0.23921,0.050867
1,-1,2,0.6,0.25,-1,-1,0.6,0.6,0.24097,0.044081
1,-1,2,0.6,0.25,-1,-1,0.65,0.65,0.24405,0.040204
1,-1,2,0.6,0.25,-1,-1,0.7,0.7,0.248011,0.038265
1,-1,2,0.6,0.25,-1,-1,0.75,0.75,0.254171,0.032449
1,-1,2,0.6,0.25,-1,-1,0.8,0.8,0.266933,0.031479
1,-1,2,0.6,0.25,-1,-1,0.85,0.85,0.278374,0.02954
1,-1,2,0.6,0.25,-1,-1,0.9,0.9,0.296856,0.02954
1,-1,2,0.6,0.25,-1,-1,0.95,0.95,0.3281,0.028571
1,-1,2,0.6,0.25,-1,-1,1.0,1.0,0.480357,0.028571
1,-1,2,0.65,0.25,-1,-1,0.05,0.05,0.233929,0.159439
1,-1,2,0.65,0.25,-1,-1,0.1,0.1,0.233929,0.154592
1,-1,2,0.65,0.25,-1,-1,0.15,0.15,0.233929,0.140051
1,-1,2,0.65,0.25,-1,-1,0.2,0.2,0.233929,0.129388
1,-1,2,0.65,0.25,-1,-1,0.25,0.25,0.234937,0.111939
1,-1,2,0.65,0.25,-1,-1,0.3,0.3,0.235944,0.101275
1,-1,2,0.65,0.25,-1,-1,0.35,0.35,0.236448,0.087704
1,-1,2,0.65,0.25,-1,-1,0.4,0.4,0.236448,0.077041
1,-1,2,0.65,0.25,-1,-1,0.45,0.45,0.236448,0.064439
1,-1,2,0.65,0.25,-1,-1,0.5,0.5,0.238463,0.060561
1,-1,2,0.65,0.25,-1,-1,0.55,0.55,0.239975,0.050867
1,-1,2,0.65,0.25,-1,-1,0.6,0.6,0.24199,0.044081
1,-1,2,0.65,0.25,-1,-1,0.65,0.65,0.245517,0.040204
1,-1,2,0.65,0.25,-1,-1,0.7,0.7,0.250051,0.038265
1,-1,2,0.65,0.25,-1,-1,0.75,0.75,0.257105,0.032449
1,-1,2,0.65,0.25,-1,-1,0.8,0.8,0.271716,0.031479
1,-1,2,0.65,0.25,-1,-1,0.85,0.85,0.284815,0.02954
1,-1,2,0.65,0.25,-1,-1,0.9,0.9,0.305976,0.02954
1,-1,2,0.65,0.25,-1,-1,0.95,0.95,0.341748,0.028571
1,-1,2,0.65,0.25,-1,-1,1.0,1.0,0.516071,0.028571
1,-1,2,0.7,0.25,-1,-1,0.05,0.05,0.233929,0.159184
1,-1,2,0.7,0.25,-1,-1,0.1,0.1,0.233929,0.154082
1,-1,2,0.7,0.25,-1,-1,0.15,0.15,0.233929,0.138776
1,-1,2,0.7,0.25,-1,-1,0.2,0.2,0.233929,0.127551
1,-1,2,0.7,0.25,-1,-1,0.25,0.25,0.23507,0.109184
1,-1,2,0.7,0.25,-1,-1,0.3,0.3,0.236212,0.097959
1,-1,2,0.7,0.25,-1,-1,0.35,0.35,0.236783,0.083674
1,-1,2,0.7,0.25,-1,-1,0.4,0.4,0.236783,0.072449
1,-1,2,0.7,0.25,-1,-1,0.45,0.45,0.236783,0.059184
1,-1,2,0.7,0.25,-1,-1,0.5,0.5,0.239066,0.055102
1,-1,2,0.7,0.25,-1,-1,0.55,0.55,0.240779,0.044898
1,-1,2,0.7,0.25,-1,-1,0.6,0.6,0.243061,0.037756
1,-1,2,0.7,0.25,-1,-1,0.65,0.65,0.247057,0.033674
1,-1,2,0.7,0.25,-1,-1,0.7,0.7,0.252194,0.031633
1,-1,2,0.7,0.25,-1,-1,0.75,0.75,0.260185,0.025511
1,-1,2,0.7,0.25,-1,-1,0.8,0.8,0.276738,0.02449
1,-1,2,0.7,0.25,-1,-1,0.85,0.85,0.291579,0.022449
1,-1,2,0.7,0.25,-1,-1,0.9,0.9,0.315552,0.022449
1,-1,2,0.7,0.25,-1,-1,0.95,0.95,0.356078,0.021429
1,-1,2,0.7,0.25,-1,-1,1.0,1.0,0.553571,0.021429
1,-1,2,0.75,0.25,-1,-1,0.05,0.05,0.233929,0.158674
1,-1,2,0.75,0.25,-1,-1,0.1,0.1,0.233929,0.153061
1,-1,2,0.75,0.25,-1,-1,0.15,0.15,0.233929,0.136225
1,-1,2,0.75,0.25,-1,-1,0.2,0.2,0.233929,0.123878
1,-1,2,0.75,0.25,-1,-1,0.25,0.25,0.23523,0.103674
1,-1,2,0.75,0.25,-1,-1,0.3,0.3,0.236531,0.091327
1,-1,2,0.75,0.25,-1,-1,0.35,0.35,0.237182,0.075612
1,-1,2,0.75,0.25,-1,-1,0.4,0.4,0.237182,0.063266
1,-1,2,0.75,0.25,-1,-1,0.45,0.45,0.237182,0.048674
1,-1,2,0.75,0.25,-1,-1,0.5,0.5,0.239783,0.044184
1,-1,2,0.75,0.25,-1,-1,0.55,0.55,0.241735,0.032959
1,-1,2,0.75,0.25,-1,-1,0.6,0.6,0.244337,0.025102
1,-1,2,0.75,0.25,-1,-1,0.65,0.65,0.248891,0.020612
1,-1,2,0.75,0.25,-1,-1,0.7,0.7,0.254745,0.018368
1,-1,2,0.75,0.25,-1,-1,0.75,0.75,0.263852,0.011633
1,-1,2,0.75,0.25,-1,-1,0.8,0.8,0.282717,0.01051
1,-1,2,0.75,0.25,-1,-1,0.85,0.85,0.29963,0.008265
1,-1,2,0.75,0.25,-1,-1,0.9,0.9,0.326952,0.008265
1,-1,2,0.75,0.25,-1,-1,0.95,0.95,0.373138,0.007143
1,-1,2,0.75,0.25,-1,-1,1.0,1.0,0.598214,0.007143
1,-1,2,0.8,0.25,-1,-1,0.05,0.05,0.233929,0.158674
1,-1,2,0.8,0.25,-1,-1,0.1,0.1,0.233929,0.153061
1,-1,2,0.8,0.25,-1,-1,0.15,0.15,0.233929,0.136225
1,-1,2,0.8,0.25,-1,-1,0.2,0.2,0.233929,0.123878
1,-1,2,0.8,0.25,-1,-1,0.25,0.25,0.235351,0.103674
1,-1,2,0.8,0.25,-1,-1,0.3,0.3,0.236773,0.091327
1,-1,2,0.8,0.25,-1,-1,0.35,0.35,0.237485,0.075612
1,-1,2,0.8,0.25,-1,-1,0.4,0.4,0.237485,0.063266
1,-1,2,0.8,0.25,-1,-1,0.45,0.45,0.237485,0.048674
1,-1,2,0.8,0.25,-1,-1,0.5,0.5,0.240329,0.044184
1,-1,2,0.8,0.25,-1,-1,0.55,0.55,0.242462,0.032959
1,-1,2,0.8,0.25,-1,-1,0.6,0.6,0.245306,0.025102
1,-1,2,0.8,0.25,-1,-1,0.65,0.65,0.250284,0.020612
1,-1,2,0.8,0.25,-1,-1,0.7,0.7,0.256684,0.018368
1,-1,2,0.8,0.25,-1,-1,0.75,0.75,0.266639,0.011633
1,-1,2,0.8,0.25,-1,-1,0.8,0.8,0.287261,0.01051
1,-1,2,0.8,0.25,-1,-1,0.85,0.85,0.30575,0.008265
1,-1,2,0.8,0.25,-1,-1,0.9,0.9,0.335616,0.008265
1,-1,2,0.8,0.25,-1,-1,0.95,0.95,0.386104,0.007143
1,-1,2,0.8,0.25,-1,-1,1.0,1.0,0.632143,0.007143
1,-1,2,0.85,0.25,-1,-1,0.05,0.05,0.233929,0.158419
1,-1,2,0.85,0.25,-1,-1,0.1,0.1,0.233929,0.152551
1,-1,2,0.85,0.25,-1,-1,0.15,0.15,0.233929,0.134949
1,-1,2,0.85,0.25,-1,-1,0.2,0.2,0.233929,0.122041
1,-1,2,0.85,0.25,-1,-1,0.25,0.25,0.235536,0.100919
1,-1,2,0.85,0.25,-1,-1,0.3,0.3,0.237143,0.08801
1,-1,2,0.85,0.25,-1,-1,0.35,0.35,0.237947,0.071582
1,-1,2,0.85,0.25,-1,-1,0.4,0.4,0.237947,0.058674
1,-1,2,0.85,0.25,-1,-1,0.45,0.45,0.237947,0.043418
1,-1,2,0.85,0.25,-1,-1,0.5,0.5,0.241161,0.038725
1,-1,2,0.85,0.25,-1,-1,0.55,0.55,0.243572,0.02699
1,-1,2,0.85,0.25,-1,-1,0.6,0.6,0.246786,0.018776
1,-1,2,0.85,0.25,-1,-1,0.65,0.65,0.252411,0.014082
1,-1,2,0.85,0.25,-1,-1,0.7,0.7,0.259643,0.011735
1,-1,2,0.85,0.25,-1,-1,0.75,0.75,0.270893,0.004694
1,-1,2,0.85,0.25,-1,-1,0.8,0.8,0.294197,0.00352
1,-1,2,0.85,0.25,-1,-1,0.85,0.85,0.31509,0.001173
1,-1,2,0.85,0.25,-1,-1,0.9,0.9,0.34884,0.001173
1,-1,2,0.85,0.25,-1,-1,0.95,0.95,0.405893,0.0
1,-1,2,0.85,0.25,-1,-1,1.0,1.0,0.683929,0.0
1,-1,2,0.9,0.25,-1,-1,0.05,0.05,0.233929,0.158419
1,-1,2,0.9,0.25,-1,-1,0.1,0.1,0.233929,0.152551
1,-1,2,0.9,0.25,-1,-1,0.15,0.15,0.233929,0.134949
1,-1,2,0.9,0.25,-1,-1,0.2,0.2,0.233929,0.122041
1,-1,2,0.9,0.25,-1,-1,0.25,0.25,0.23574,0.100919
1,-1,2,0.9,0.25,-1,-1,0.3,0.3,0.237552,0.08801
1,-1,2,0.9,0.25,-1,-1,0.35,0.35,0.238457,0.071582
1,-1,2,0.9,0.25,-1,-1,0.4,0.4,0.238457,0.058674
1,-1,2,0.9,0.25,-1,-1,0.45,0.45,0.238457,0.043418
1,-1,2,0.9,0.25,-1,-1,0.5,0.5,0.242079,0.038725
1,-1,2,0.9,0.25,-1,-1,0.55,0.55,0.244797,0.02699
1,-1,2,0.9,0.25,-1,-1,0.6,0.6,0.248419,0.018776
1,-1,2,0.9,0.25,-1,-1,0.65,0.65,0.254758,0.014082
1,-1,2,0.9,0.25,-1,-1,0.7,0.7,0.262909,0.011735
1,-1,2,0.9,0.25,-1,-1,0.75,0.75,0.275587,0.004694
1,-1,2,0.9,0.25,-1,-1,0.8,0.8,0.30185,0.00352
1,-1,2,0.9,0.25,-1,-1,0.85,0.85,0.325396,0.001173
1,-1,2,0.9,0.25,-1,-1,0.9,0.9,0.363431,0.001173
1,-1,2,0.9,0.25,-1,-1,0.95,0.95,0.42773,0.0
1,-1,2,0.9,0.25,-1,-1,1.0,1.0,0.741071,0.0
1,-1,2,0.95,0.25,-1,-1,0.05,0.05,0.233929,0.158419
1,-1,2,0.95,0.25,-1,-1,0.1,0.1,0.233929,0.152551
1,-1,2,0.95,0.25,-1,-1,0.15,0.15,0.233929,0.134949
1,-1,2,0.95,0.25,-1,-1,0.2,0.2,0.233929,0.122041
1,-1,2,0.95,0.25,-1,-1,0.25,0.25,0.23597,0.100919
1,-1,2,0.95,0.25,-1,-1,0.3,0.3,0.238011,0.08801
1,-1,2,0.95,0.25,-1,-1,0.35,0.35,0.239031,0.071582
1,-1,2,0.95,0.25,-1,-1,0.4,0.4,0.239031,0.058674
1,-1,2,0.95,0.25,-1,-1,0.45,0.45,0.239031,0.043418
1,-1,2,0.95,0.25,-1,-1,0.5,0.5,0.243112,0.038725
1,-1,2,0.95,0.25,-1,-1,0.55,0.55,0.246174,0.02699
1,-1,2,0.95,0.25,-1,-1,0.6,0.6,0.250255,0.018776
1,-1,2,0.95,0.25,-1,-1,0.65,0.65,0.257398,0.014082
1,-1,2,0.95,0.25,-1,-1,0.7,0.7,0.266582,0.011735
1,-1,2,0.95,0.25,-1,-1,0.75,0.75,0.280868,0.004694
1,-1,2,0.95,0.25,-1,-1,0.8,0.8,0.31046,0.00352
1,-1,2,0.95,0.25,-1,-1,0.85,0.85,0.33699,0.001173
1,-1,2,0.95,0.25,-1,-1,0.9,0.9,0.379847,0.001173
1,-1,2,0.95,0.25,-1,-1,0.95,0.95,0.452296,0.0
1,-1,2,0.95,0.25,-1,-1,1.0,1.0,0.805357,0.0
1,-1,2,1.0,0.25,-1,-1,0.05,0.05,0.233929,0.158419
1,-1,2,1.0,0.25,-1,-1,0.1,0.1,0.233929,0.152551
1,-1,2,1.0,0.25,-1,-1,0.15,0.15,0.233929,0.134949
1,-1,2,1.0,0.25,-1,-1,0.2,0.2,0.233929,0.122041
1,-1,2,1.0,0.25,-1,-1,0.25,0.25,0.236665,0.100919
1,-1,2,1.0,0.25,-1,-1,0.3,0.3,0.239401,0.08801
1,-1,2,1.0,0.25,-1,-1,0.35,0.35,0.240769,0.071582
1,-1,2,1.0,0.25,-1,-1,0.4,0.4,0.240769,0.058674
1,-1,2,1.0,0.25,-1,-1,0.45,0.45,0.240769,0.043418
1,-1,2,1.0,0.25,-1,-1,0.5,0.5,0.246241,0.038725
1,-1,2,1.0,0.25,-1,-1,0.55,0.55,0.250345,0.02699
1,-1,2,1.0,0.25,-1,-1,0.6,0.6,0.255816,0.018776
1,-1,2,1.0,0.25,-1,-1,0.65,0.65,0.265392,0.014082
1,-1,2,1.0,0.25,-1,-1,0.7,0.7,0.277705,0.011735
1,-1,2,1.0,0.25,-1,-1,0.75,0.75,0.296856,0.004694
1,-1,2,1.0,0.25,-1,-1,0.8,0.8,0.336528,0.00352
1,-1,2,1.0,0.25,-1,-1,0.85,0.85,0.372095,0.001173
1,-1,2,1.0,0.25,-1,-1,0.9,0.9,0.429551,0.001173
1,-1,2,1.0,0.25,-1,-1,0.95,0.95,0.526678,0.0
1,-1,2,1.0,0.25,-1,-1,1.0,1.0,1.0,0.0
1,-1,2,0.3,0.3,-1,-1,0.05,0.05,0.258929,0.135714
1,-1,2,0.3,0.3,-1,-1,0.1,0.1,0.258929,0.135714
1,-1,2,0.3,0.3,-1,-1,0.15,0.15,0.258929,0.135714
1,-1,2,0.3,0.3,-1,-1,0.2,0.2,0.258929,0.135714
1,-1,2,0.3,0.3,-1,-1,0.25,0.25,0.258929,0.135714
1,-1,2,0.3,0.3,-1,-1,0.3,0.3,0.258929,0.135714
1,-1,2,0.3,0.3,-1,-1,0.35,0.35,0.258929,0.135714
1,-1,2,0.3,0.3,-1,-1,0.4,0.4,0.258929,0.135714
1,-1,2,0.3,0.3,-1,-1,0.45,0.45,0.258929,0.135714
1,-1,2,0.3,0.3,-1,-1,0.5,0.5,0.258929,0.135714
1,-1,2,0.3,0.3,-1,-1,0.55,0.55,0.258929,0.135714
1,-1,2,0.3,0.3,-1,-1,0.6,0.6,0.258929,0.135714
1,-1,2,0.3,0.3,-1,-1,0.65,0.65,0.258929,0.135714
1,-1,2,0.3,0.3,-1,-1,0.7,0.7,0.258929,0.135714
1,-1,2,0.3,0.3,-1,-1,0.75,0.75,0.258929,0.135714
1,-1,2,0.3,0.3,-1,-1,0.8,0.8,0.258929,0.135714
1,-1,2,0.3,0.3,-1,-1,0.85,0.85,0.258929,0.135714
1,-1,2,0.3,0.3,-1,-1,0.9,0.9,0.258929,0.135714
1,-1,2,0.3,0.3,-1,-1,0.95,0.95,0.258929,0.135714
1,-1,2,0.3,0.3,-1,-1,1.0,1.0,0.258929,0.135714
1,-1,2,0.35,0.3,-1,-1,0.05,0.05,0.258929,0.134439
1,-1,2,0.35,0.3,-1,-1,0.1,0.1,0.258929,0.133163
1,-1,2,0.35,0.3,-1,-1,0.15,0.15,0.258929,0.129337
1,-1,2,0.35,0.3,-1,-1,0.2,0.2,0.258929,0.12653
1,-1,2,0.35,0.3,-1,-1,0.25,0.25,0.259044,0.121939
1,-1,2,0.35,0.3,-1,-1,0.3,0.3,0.259159,0.119132
1,-1,2,0.35,0.3,-1,-1,0.35,0.35,0.259216,0.115561
1,-1,2,0.35,0.3,-1,-1,0.4,0.4,0.259216,0.112755
1,-1,2,0.35,0.3,-1,-1,0.45,0.45,0.259216,0.109439
1,-1,2,0.35,0.3,-1,-1,0.5,0.5,0.259446,0.108418
1,-1,2,0.35,0.3,-1,-1,0.55,0.55,0.259618,0.105867
1,-1,2,0.35,0.3,-1,-1,0.6,0.6,0.259847,0.104082
1,-1,2,0.35,0.3,-1,-1,0.65,0.65,0.260249,0.103061
1,-1,2,0.35,0.3,-1,-1,0.7,0.7,0.260766,0.102551
1,-1,2,0.35,0.3,-1,-1,0.75,0.75,0.261569,0.10102
1,-1,2,0.35,0.3,-1,-1,0.8,0.8,0.263234,0.100765
1,-1,2,0.35,0.3,-1,-1,0.85,0.85,0.264726,0.100255
1,-1,2,0.35,0.3,-1,-1,0.9,0.9,0.267137,0.100255
1,-1,2,0.35,0.3,-1,-1,0.95,0.95,0.271212,0.1
1,-1,2,0.35,0.3,-1,-1,1.0,1.0,0.291071,0.1
1,-1,2,0.4,0.3,-1,-1,0.05,0.05,0.258929,0.133418
1,-1,2,0.4,0.3,-1,-1,0.1,0.1,0.258929,0.131122
1,-1,2,0.4,0.3,-1,-1,0.15,0.15,0.258929,0.124235
1,-1,2,0.4,0.3,-1,-1,0.2,0.2,0.258929,0.119184
1,-1,2,0.4,0.3,-1,-1,0.25,0.25,0.259146,0.110918
1,-1,2,0.4,0.3,-1,-1,0.3,0.3,0.259363,0.105867
1,-1,2,0.4,0.3,-1,-1,0.35,0.35,0.259471,0.099439
1,-1,2,0.4,0.3,-1,-1,0.4,0.4,0.259471,0.094388
1,-1,2,0.4,0.3,-1,-1,0.45,0.45,0.259471,0.088419
1,-1,2,0.4,0.3,-1,-1,0.5,0.5,0.259905,0.086582
1,-1,2,0.4,0.3,-1,-1,0.55,0.55,0.26023,0.08199
1,-1,2,0.4,0.3,-1,-1,0.6,0.6,0.260664,0.078776
1,-1,2,0.4,0.3,-1,-1,0.65,0.65,0.261423,0.076939
1,-1,2,0.4,0.3,-1,-1,0.7,0.7,0.262398,0.076021
1,-1,2,0.4,0.3,-1,-1,0.75,0.75,0.263916,0.073266
1,-1,2,0.4,0.3,-1,-1,0.8,0.8,0.26706,0.072807
1,-1,2,0.4,0.3,-1,-1,0.85,0.85,0.269879,0.071888
1,-1,2,0.4,0.3,-1,-1,0.9,0.9,0.274433,0.071888
1,-1,2,0.4,0.3,-1,-1,0.95,0.95,0.28213,0.071429
1,-1,2,0.4,0.3,-1,-1,1.0,1.0,0.319643,0.071429
1,-1,2,0.45,0.3,-1,-1,0.05,0.05,0.258929,0.132653
1,-1,2,0.45,0.3,-1,-1,0.1,0.1,0.258929,0.129592
1,-1,2,0.45,0.3,-1,-1,0.15,0.15,0.258929,0.120408
1,-1,2,0.45,0.3,-1,-1,0.2,0.2,0.258929,0.113673
1,-1,2,0.45,0.3,-1,-1,0.25,0.25,0.259267,0.102653
1,-1,2,0.45,0.3,-1,-1,0.3,0.3,0.259605,0.095918
1,-1,2,0.45,0.3,-1,-1,0.35,0.35,0.259774,0.087347
1,-1,2,0.45,0.3,-1,-1,0.4,0.4,0.259774,0.080612
1,-1,2,0.45,0.3,-1,-1,0.45,0.45,0.259774,0.072653
1,-1,2,0.45,0.3,-1,-1,0.5,0.5,0.26045,0.070204
1,-1,2,0.45,0.3,-1,-1,0.55,0.55,0.260957,0.064082
1,-1,2,0.45,0.3,-1,-1,0.6,0.6,0.261633,0.059796
1,-1,2,0.45,0.3,-1,-1,0.65,0.65,0.262816,0.057347
1,-1,2,0.45,0.3,-1,-1,0.7,0.7,0.264337,0.056122
1,-1,2,0.45,0.3,-1,-1,0.75,0.75,0.266703,0.052449
1,-1,2,0.45,0.3,-1,-1,0.8,0.8,0.271604,0.051837
1,-1,2,0.45,0.3,-1,-1,0.85,0.85,0.275998,0.050612
1,-1,2,0.45,0.3,-1,-1,0.9,0.9,0.283096,0.050612
1,-1,2,0.45,0.3,-1,-1,0.95,0.95,0.295096,0.05
1,-1,2,0.45,0.3,-1,-1,1.0,1.0,0.353571,0.05
1,-1,2,0.5,0.3,-1,-1,0.05,0.05,0.258929,0.132398
1,-1,2,0.5,0.3,-1,-1,0.1,0.1,0.258929,0.129081
1,-1,2,0.5,0.3,-1,-1,0.15,0.15,0.258929,0.119132
1,-1,2,0.5,0.3,-1,-1,0.2,0.2,0.258929,0.111836
1,-1,2,0.5,0.3,-1,-1,0.25,0.25,0.259433,0.099898
1,-1,2,0.5,0.3,-1,-1,0.3,0.3,0.259937,0.092602
1,-1,2,0.5,0.3,-1,-1,0.35,0.35,0.260189,0.083316
1,-1,2,0.5,0.3,-1,-1,0.4,0.4,0.260189,0.07602
1,-1,2,0.5,0.3,-1,-1,0.45,0.45,0.260189,0.067398
1,-1,2,0.5,0.3,-1,-1,0.5,0.5,0.261196,0.064745
1,-1,2,0.5,0.3,-1,-1,0.55,0.55,0.261952,0.058112
1,-1,2,0.5,0.3,-1,-1,0.6,0.6,0.26296,0.053469
1,-1,2,0.5,0.3,-1,-1,0.65,0.65,0.264723,0.050816
1,-1,2,0.5,0.3,-1,-1,0.7,0.7,0.26699,0.04949
1,-1,2,0.5,0.3,-1,-1,0.75,0.75,0.270517,0.04551
1,-1,2,0.5,0.3,-1,-1,0.8,0.8,0.277822,0.044847
1,-1,2,0.5,0.3,-1,-1,0.85,0.85,0.284372,0.04352
1,-1,2,0.5,0.3,-1,-1,0.9,0.9,0.294952,0.04352
1,-1,2,0.5,0.3,-1,-1,0.95,0.95,0.312838,0.042857
1,-1,2,0.5,0.3,-1,-1,1.0,1.0,0.4,0.042857
1,-1,2,0.55,0.3,-1,-1,0.05,0.05,0.258929,0.131887
1,-1,2,0.55,0.3,-1,-1,0.1,0.1,0.258929,0.128061
1,-1,2,0.55,0.3,-1,-1,0.15,0.15,0.258929,0.116581
1,-1,2,0.55,0.3,-1,-1,0.2,0.2,0.258929,0.108163
1,-1,2,0.55,0.3,-1,-1,0.25,0.25,0.25956,0.094387
1,-1,2,0.55,0.3,-1,-1,0.3,0.3,0.260192,0.085969
1,-1,2,0.55,0.3,-1,-1,0.35,0.35,0.260508,0.075255
1,-1,2,0.55,0.3,-1,-1,0.4,0.4,0.260508,0.066836
1,-1,2,0.55,0.3,-1,-1,0.45,0.45,0.260508,0.056887
1,-1,2,0.55,0.3,-1,-1,0.5,0.5,0.26177,0.053826
1,-1,2,0.55,0.3,-1,-1,0.55,0.55,0.262717,0.046173
1,-1,2,0.55,0.3,-1,-1,0.6,0.6,0.26398,0.040816
1,-1,2,0.55,0.3,-1,-1,0.65,0.65,0.26619,0.037755
1,-1,2,0.55,0.3,-1,-1,0.7,0.7,0.269031,0.036224
1,-1,2,0.55,0.3,-1,-1,0.75,0.75,0.273451,0.031632
1,-1,2,0.55,0.3,-1,-1,0.8,0.8,0.282606,0.030867
1,-1,2,0.55,0.3,-1,-1,0.85,0.85,0.290813,0.029336
1,-1,2,0.55,0.3,-1,-1,0.9,0.9,0.304072,0.029336
1,-1,2,0.55,0.3,-1,-1,0.95,0.95,0.326486,0.028571
1,-1,2,0.55,0.3,-1,-1,1.0,1.0,0.435714,0.028571
1,-1,2,0.6,0.3,-1,-1,0.05,0.05,0.258929,0.131887
1,-1,2,0.6,0.3,-1,-1,0.1,0.1,0.258929,0.128061
1,-1,2,0.6,0.3,-1,-1,0.15,0.15,0.258929,0.116581
1,-1,2,0.6,0.3,-1,-1,0.2,0.2,0.258929,0.108163
1,-1,2,0.6,0.3,-1,-1,0.25,0.25,0.25972,0.094387
1,-1,2,0.6,0.3,-1,-1,0.3,0.3,0.260511,0.085969
1,-1,2,0.6,0.3,-1,-1,0.35,0.35,0.260906,0.075255
1,-1,2,0.6,0.3,-1,-1,0.4,0.4,0.260906,0.066836
1,-1,2,0.6,0.3,-1,-1,0.45,0.45,0.260906,0.056887
1,-1,2,0.6,0.3,-1,-1,0.5,0.5,0.262488,0.053826
1,-1,2,0.6,0.3,-1,-1,0.55,0.55,0.263674,0.046173
1,-1,2,0.6,0.3,-1,-1,0.6,0.6,0.265255,0.040816
1,-1,2,0.6,0.3,-1,-1,0.65,0.65,0.268023,0.037755
1,-1,2,0.6,0.3,-1,-1,0.7,0.7,0.271582,0.036224
1,-1,2,0.6,0.3,-1,-1,0.75,0.75,0.277118,0.031632
1,-1,2,0.6,0.3,-1,-1,0.8,0.8,0.288585,0.030867
1,-1,2,0.6,0.3,-1,-1,0.85,0.85,0.298865,0.029336
1,-1,2,0.6,0.3,-1,-1,0.9,0.9,0.315472,0.029336
1,-1,2,0.6,0.3,-1,-1,0.95,0.95,0.343546,0.028571
1,-1,2,0.6,0.3,-1,-1,1.0,1.0,0.480357,0.028571
1,-1,2,0.65,0.3,-1,-1,0.05,0.05,0.258929,0.131887
1,-1,2,0.65,0.3,-1,-1,0.1,0.1,0.258929,0.128061
1,-1,2,0.65,0.3,-1,-1,0.15,0.15,0.258929,0.116581
1,-1,2,0.65,0.3,-1,-1,0.2,0.2,0.258929,0.108163
1,-1,2,0.65,0.3,-1,-1,0.25,0.25,0.259847,0.094387
1,-1,2,0.65,0.3,-1,-1,0.3,0.3,0.260766,0.085969
1,-1,2,0.65,0.3,-1,-1,0.35,0.35,0.261225,0.075255
1,-1,2,0.65,0.3,-1,-1,0.4,0.4,0.261225,0.066836
1,-1,2,0.65,0.3,-1,-1,0.45,0.45,0.261225,0.056887
1,-1,2,0.65,0.3,-1,-1,0.5,0.5,0.263062,0.053826
1,-1,2,0.65,0.3,-1,-1,0.55,0.55,0.264439,0.046173
1,-1,2,0.65,0.3,-1,-1,0.6,0.6,0.266276,0.040816
1,-1,2,0.65,0.3,-1,-1,0.65,0.65,0.26949,0.037755
1,-1,2,0.65,0.3,-1,-1,0.7,0.7,0.273623,0.036224
1,-1,2,0.65,0.3,-1,-1,0.75,0.75,0.280051,0.031632
1,-1,2,0.65,0.3,-1,-1,0.8,0.8,0.293368,0.030867
1,-1,2,0.65,0.3,-1,-1,0.85,0.85,0.305306,0.029336
1,-1,2,0.65,0.3,-1,-1,0.9,0.9,0.324592,0.029336
1,-1,2,0.65,0.3,-1,-1,0.95,0.95,0.357194,0.028571
1,-1,2,0.65,0.3,-1,-1,1.0,1.0,0.516071,0.028571
1,-1,2,0.7,0.3,-1,-1,0.05,0.05,0.258929,0.131632
1,-1,2,0.7,0.3,-1,-1,0.1,0.1,0.258929,0.127551
1,-1,2,0.7,0.3,-1,-1,0.15,0.15,0.258929,0.115306
1,-1,2,0.7,0.3,-1,-1,0.2,0.2,0.258929,0.106326
1,-1,2,0.7,0.3,-1,-1,0.25,0.25,0.259981,0.091633
1,-1,2,0.7,0.3,-1,-1,0.3,0.3,0.261034,0.082653
1,-1,2,0.7,0.3,-1,-1,0.35,0.35,0.26156,0.071225
1,-1,2,0.7,0.3,-1,-1,0.4,0.4,0.26156,0.062245
1,-1,2,0.7,0.3,-1,-1,0.45,0.45,0.26156,0.051633
1,-1,2,0.7,0.3,-1,-1,0.5,0.5,0.263664,0.048368
1,-1,2,0.7,0.3,-1,-1,0.55,0.55,0.265243,0.040204
1,-1,2,0.7,0.3,-1,-1,0.6,0.6,0.267347,0.03449
1,-1,2,0.7,0.3,-1,-1,0.65,0.65,0.27103,0.031225
1,-1,2,0.7,0.3,-1,-1,0.7,0.7,0.275766,0.029592
1,-1,2,0.7,0.3,-1,-1,0.75,0.75,0.283132,0.024694
1,-1,2,0.7,0.3,-1,-1,0.8,0.8,0.29839,0.023878
1,-1,2,0.7,0.3,-1,-1,0.85,0.85,0.31207,0.022245
1,-1,2,0.7,0.3,-1,-1,0.9,0.9,0.334168,0.022245
1,-1,2,0.7,0.3,-1,-1,0.95,0.95,0.371524,0.021429
1,-1,2,0.7,0.3,-1,-1,1.0,1.0,0.553571,0.021429
1,-1,2,0.75,0.3,-1,-1,0.05,0.05,0.258929,0.131122
1,-1,2,0.75,0.3,-1,-1,0.1,0.1,0.258929,0.12653
1,-1,2,0.75,0.3,-1,-1,0.15,0.15,0.258929,0.112755
1,-1,2,0.75,0.3,-1,-1,0.2,0.2,0.258929,0.102653
1,-1,2,0.75,0.3,-1,-1,0.25,0.25,0.260141,0.086122
1,-1,2,0.75,0.3,-1,-1,0.3,0.3,0.261353,0.07602
1,-1,2,0.75,0.3,-1,-1,0.35,0.35,0.261958,0.063163
1,-1,2,0.75,0.3,-1,-1,0.4,0.4,0.261958,0.053061
1,-1,2,0.75,0.3,-1,-1,0.45,0.45,0.261958,0.041123
1,-1,2,0.75,0.3,-1,-1,0.5,0.5,0.264382,0.037449
1,-1,2,0.75,0.3,-1,-1,0.55,0.55,0.2662,0.028265
1,-1,2,0.75,0.3,-1,-1,0.6,0.6,0.268623,0.021837
1,-1,2,0.75,0.3,-1,-1,0.65,0.65,0.272864,0.018163
1,-1,2,0.75,0.3,-1,-1,0.7,0.7,0.278317,0.016327
1,-1,2,0.75,0.3,-1,-1,0.75,0.75,0.286799,0.010816
1,-1,2,0.75,0.3,-1,-1,0.8,0.8,0.304369,0.009898
1,-1,2,0.75,0.3,-1,-1,0.85,0.85,0.320121,0.008061
1,-1,2,0.75,0.3,-1,-1,0.9,0.9,0.345568,0.008061
1,-1,2,0.75,0.3,-1,-1,0.95,0.95,0.388584,0.007143
1,-1,2,0.75,0.3,-1,-1,1.0,1.0,0.598214,0.007143
1,-1,2,0.8,0.3,-1,-1,0.05,0.05,0.258929,0.131122
1,-1,2,0.8,0.3,-1,-1,0.1,0.1,0.258929,0.12653
1,-1,2,0.8,0.3,-1,-1,0.15,0.15,0.258929,0.112755
1,-1,2,0.8,0.3,-1,-1,0.2,0.2,0.258929,0.102653
1,-1,2,0.8,0.3,-1,-1,0.25,0.25,0.260262,0.086122
1,-1,2,0.8,0.3,-1,-1,0.3,0.3,0.261595,0.07602
1,-1,2,0.8,0.3,-1,-1,0.35,0.35,0.262261,0.063163
1,-1,2,0.8,0.3,-1,-1,0.4,0.4,0.262261,0.053061
1,-1,2,0.8,0.3,-1,-1,0.45,0.45,0.262261,0.041123
1,-1,2,0.8,0.3,-1,-1,0.5,0.5,0.264927,0.037449
1,-1,2,0.8,0.3,-1,-1,0.55,0.55,0.266927,0.028265
1,-1,2,0.8,0.3,-1,-1,0.6,0.6,0.269592,0.021837
1,-1,2,0.8,0.3,-1,-1,0.65,0.65,0.274257,0.018163
1,-1,2,0.8,0.3,-1,-1,0.7,0.7,0.280256,0.016327
1,-1,2,0.8,0.3,-1,-1,0.75,0.75,0.289586,0.010816
1,-1,2,0.8,0.3,-1,-1,0.8,0.8,0.308913,0.009898
1,-1,2,0.8,0.3,-1,-1,0.85,0.85,0.326241,0.008061
1,-1,2,0.8,0.3,-1,-1,0.9,0.9,0.354232,0.008061
1,-1,2,0.8,0.3,-1,-1,0.95,0.95,0.40155,0.007143
1,-1,2,0.8,0.3,-1,-1,1.0,1.0,0.632143,0.007143
1,-1,2,0.85,0.3,-1,-1,0.05,0.05,0.258929,0.130867
1,-1,2,0.85,0.3,-1,-1,0.1,0.1,0.258929,0.12602
1,-1,2,0.85,0.3,-1,-1,0.15,0.15,0.258929,0.111479
1,-1,2,0.85,0.3,-1,-1,0.2,0.2,0.258929,0.100816
1,-1,2,0.85,0.3,-1,-1,0.25,0.25,0.260447,0.083367
1,-1,2,0.85,0.3,-1,-1,0.3,0.3,0.261965,0.072704
1,-1,2,0.85,0.3,-1,-1,0.35,0.35,0.262724,0.059132
1,-1,2,0.85,0.3,-1,-1,0.4,0.4,0.262724,0.048469
1,-1,2,0.85,0.3,-1,-1,0.45,0.45,0.262724,0.035867
1,-1,2,0.85,0.3,-1,-1,0.5,0.5,0.265759,0.03199
1,-1,2,0.85,0.3,-1,-1,0.55,0.55,0.268036,0.022296
1,-1,2,0.85,0.3,-1,-1,0.6,0.6,0.271072,0.01551
1,-1,2,0.85,0.3,-1,-1,0.65,0.65,0.276384,0.011633
1,-1,2,0.85,0.3,-1,-1,0.7,0.7,0.283215,0.009694
1,-1,2,0.85,0.3,-1,-1,0.75,0.75,0.29384,0.003877
1,-1,2,0.85,0.3,-1,-1,0.8,0.8,0.315849,0.002908
1,-1,2,0.85,0.3,-1,-1,0.85,0.85,0.335581,0.000969
1,-1,2,0.85,0.3,-1,-1,0.9,0.9,0.367456,0.000969
1,-1,2,0.85,0.3,-1,-1,0.95,0.95,0.42134,0.0
1,-1,2,0.85,0.3,-1,-1,1.0,1.0,0.683929,0.0
1,-1,2,0.9,0.3,-1,-1,0.05,0.05,0.258929,0.130867
1,-1,2,0.9,0.3,-1,-1,0.1,0.1,0.258929,0.12602
1,-1,2,0.9,0.3,-1,-1,0.15,0.15,0.258929,0.111479
1,-1,2,0.9,0.3,-1,-1,0.2,0.2,0.258929,0.100816
1,-1,2,0.9,0.3,-1,-1,0.25,0.25,0.260651,0.083367
1,-1,2,0.9,0.3,-1,-1,0.3,0.3,0.262373,0.072704
1,-1,2,0.9,0.3,-1,-1,0.35,0.35,0.263234,0.059132
1,-1,2,0.9,0.3,-1,-1,0.4,0.4,0.263234,0.048469
1,-1,2,0.9,0.3,-1,-1,0.45,0.45,0.263234,0.035867
1,-1,2,0.9,0.3,-1,-1,0.5,0.5,0.266678,0.03199
1,-1,2,0.9,0.3,-1,-1,0.55,0.55,0.269261,0.022296
1,-1,2,0.9,0.3,-1,-1,0.6,0.6,0.272704,0.01551
1,-1,2,0.9,0.3,-1,-1,0.65,0.65,0.278731,0.011633
1,-1,2,0.9,0.3,-1,-1,0.7,0.7,0.28648,0.009694
1,-1,2,0.9,0.3,-1,-1,0.75,0.75,0.298534,0.003877
1,-1,2,0.9,0.3,-1,-1,0.8,0.8,0.323502,0.002908
1,-1,2,0.9,0.3,-1,-1,0.85,0.85,0.345887,0.000969
1,-1,2,0.9,0.3,-1,-1,0.9,0.9,0.382047,0.000969
1,-1,2,0.9,0.3,-1,-1,0.95,0.95,0.443176,0.0
1,-1,2,0.9,0.3,-1,-1,1.0,1.0,0.741071,0.0
1,-1,2,0.95,0.3,-1,-1,0.05,0.05,0.258929,0.130867
1,-1,2,0.95,0.3,-1,-1,0.1,0.1,0.258929,0.12602
1,-1,2,0.95,0.3,-1,-1,0.15,0.15,0.258929,0.111479
1,-1,2,0.95,0.3,-1,-1,0.2,0.2,0.258929,0.100816
1,-1,2,0.95,0.3,-1,-1,0.25,0.25,0.26088,0.083367
1,-1,2,0.95,0.3,-1,-1,0.3,0.3,0.262832,0.072704
1,-1,2,0.95,0.3,-1,-1,0.35,0.35,0.263808,0.059132
1,-1,2,0.95,0.3,-1,-1,0.4,0.4,0.263808,0.048469
1,-1,2,0.95,0.3,-1,-1,0.45,0.45,0.263808,0.035867
1,-1,2,0.95,0.3,-1,-1,0.5,0.5,0.267711,0.03199
1,-1,2,0.95,0.3,-1,-1,0.55,0.55,0.270638,0.022296
1,-1,2,0.95,0.3,-1,-1,0.6,0.6,0.274541,0.01551
1,-1,2,0.95,0.3,-1,-1,0.65,0.65,0.281371,0.011633
1,-1,2,0.95,0.3,-1,-1,0.7,0.7,0.290154,0.009694
1,-1,2,0.95,0.3,-1,-1,0.75,0.75,0.303814,0.003877
1,-1,2,0.95,0.3,-1,-1,0.8,0.8,0.332112,0.002908
1,-1,2,0.95,0.3,-1,-1,0.85,0.85,0.357481,0.000969
1,-1,2,0.95,0.3,-1,-1,0.9,0.9,0.398463,0.000969
1,-1,2,0.95,0.3,-1,-1,0.95,0.95,0.467743,0.0
1,-1,2,0.95,0.3,-1,-1,1.0,1.0,0.805357,0.0
1,-1,2,1.0,0.3,-1,-1,0.05,0.05,0.258929,0.130867
1,-1,2,1.0,0.3,-1,-1,0.1,0.1,0.258929,0.12602
1,-1,2,1.0,0.3,-1,-1,0.15,0.15,0.258929,0.111479
1,-1,2,1.0,0.3,-1,-1,0.2,0.2,0.258929,0.100816
1,-1,2,1.0,0.3,-1,-1,0.25,0.25,0.261575,0.083367
1,-1,2,1.0,0.3,-1,-1,0.3,0.3,0.264222,0.072704
1,-1,2,1.0,0.3,-1,-1,0.35,0.35,0.265546,0.059132
1,-1,2,1.0,0.3,-1,-1,0.4,0.4,0.265546,0.048469
1,-1,2,1.0,0.3,-1,-1,0.45,0.45,0.265546,0.035867
1,-1,2,1.0,0.3,-1,-1,0.5,0.5,0.270839,0.03199
1,-1,2,1.0,0.3,-1,-1,0.55,0.55,0.274809,0.022296
1,-1,2,1.0,0.3,-1,-1,0.6,0.6,0.280102,0.01551
1,-1,2,1.0,0.3,-1,-1,0.65,0.65,0.289366,0.011633
1,-1,2,1.0,0.3,-1,-1,0.7,0.7,0.301276,0.009694
1,-1,2,1.0,0.3,-1,-1,0.75,0.75,0.319803,0.003877
1,-1,2,1.0,0.3,-1,-1,0.8,0.8,0.35818,0.002908
1,-1,2,1.0,0.3,-1,-1,0.85,0.85,0.392586,0.000969
1,-1,2,1.0,0.3,-1,-1,0.9,0.9,0.448167,0.000969
1,-1,2,1.0,0.3,-1,-1,0.95,0.95,0.542124,0.0
1,-1,2,1.0,0.3,-1,-1,1.0,1.0,1.0,0.0
1,-1,2,0.35,0.35,-1,-1,0.05,0.05,0.291071,0.1
1,-1,2,0.35,0.35,-1,-1,0.1,0.1,0.291071,0.1
1,-1,2,0.35,0.35,-1,-1,0.15,0.15,0.291071,0.1
1,-1,2,0.35,0.35,-1,-1,0.2,0.2,0.291071,0.1
1,-1,2,0.35,0.35,-1,-1,0.25,0.25,0.291071,0.1
1,-1,2,0.35,0.35,-1,-1,0.3,0.3,0.291071,0.1
1,-1,2,0.35,0.35,-1,-1,0.35,0.35,0.291071,0.1
1,-1,2,0.35,0.35,-1,-1,0.4,0.4,0.291071,0.1
1,-1,2,0.35,0.35,-1,-1,0.45,0.45,0.291071,0.1
1,-1,2,0.35,0.35,-1,-1,0.5,0.5,0.291071,0.1
1,-1,2,0.35,0.35,-1,-1,0.55,0.55,0.291071,0.1
1,-1,2,0.35,0.35,-1,-1,0.6,0.6,0.291071,0.1
1,-1,2,0.35,0.35,-1,-1,0.65,0.65,0.291071,0.1
1,-1,2,0.35,0.35,-1,-1,0.7,0.7,0.291071,0.1
1,-1,2,0.35,0.35,-1,-1,0.75,0.75,0.291071,0.1
1,-1,2,0.35,0.35,-1,-1,0.8,0.8,0.291071,0.1
1,-1,2,0.35,0.35,-1,-1,0.85,0.85,0.291071,0.1
1,-1,2,0.35,0.35,-1,-1,0.9,0.9,0.291071,0.1
1,-1,2,0.35,0.35,-1,-1,0.95,0.95,0.291071,0.1
1,-1,2,0.35,0.35,-1,-1,1.0,1.0,0.291071,0.1
1,-1,2,0.4,0.35,-1,-1,0.05,0.05,0.291071,0.09898
1,-1,2,0.4,0.35,-1,-1,0.1,0.1,0.291071,0.097959
1,-1,2,0.4,0.35,-1,-1,0.15,0.15,0.291071,0.094898
1,-1,2,0.4,0.35,-1,-1,0.2,0.2,0.291071,0.092653
1,-1,2,0.4,0.35,-1,-1,0.25,0.25,0.291173,0.08898
1,-1,2,0.4,0.35,-1,-1,0.3,0.3,0.291275,0.086735
1,-1,2,0.4,0.35,-1,-1,0.35,0.35,0.291326,0.083878
1,-1,2,0.4,0.35,-1,-1,0.4,0.4,0.291326,0.081633
1,-1,2,0.4,0.35,-1,-1,0.45,0.45,0.291326,0.07898
1,-1,2,0.4,0.35,-1,-1,0.5,0.5,0.29153,0.078164
1,-1,2,0.4,0.35,-1,-1,0.55,0.55,0.291683,0.076123
1,-1,2,0.4,0.35,-1,-1,0.6,0.6,0.291887,0.074694
1,-1,2,0.4,0.35,-1,-1,0.65,0.65,0.292244,0.073878
1,-1,2,0.4,0.35,-1,-1,0.7,0.7,0.292704,0.07347
1,-1,2,0.4,0.35,-1,-1,0.75,0.75,0.293418,0.072245
1,-1,2,0.4,0.35,-1,-1,0.8,0.8,0.294898,0.072041
1,-1,2,0.4,0.35,-1,-1,0.85,0.85,0.296224,0.071633
1,-1,2,0.4,0.35,-1,-1,0.9,0.9,0.298367,0.071633
1,-1,2,0.4,0.35,-1,-1,0.95,0.95,0.30199,0.071429
1,-1,2,0.4,0.35,-1,-1,1.0,1.0,0.319643,0.071429
1,-1,2,0.45,0.35,-1,-1,0.05,0.05,0.291071,0.098214
1,-1,2,0.45,0.35,-1,-1,0.1,0.1,0.291071,0.096429
1,-1,2,0.45,0.35,-1,-1,0.15,0.15,0.291071,0.091071
1,-1,2,0.45,0.35,-1,-1,0.2,0.2,0.291071,0.087143
1,-1,2,0.45,0.35,-1,-1,0.25,0.25,0.291294,0.080714
1,-1,2,0.45,0.35,-1,-1,0.3,0.3,0.291517,0.076786
1,-1,2,0.45,0.35,-1,-1,0.35,0.35,0.291629,0.071786
1,-1,2,0.45,0.35,-1,-1,0.4,0.4,0.291629,0.067857
1,-1,2,0.45,0.35,-1,-1,0.45,0.45,0.291629,0.063214
1,-1,2,0.45,0.35,-1,-1,0.5,0.5,0.292075,0.061786
1,-1,2,0.45,0.35,-1,-1,0.55,0.55,0.29241,0.058214
1,-1,2,0.45,0.35,-1,-1,0.6,0.6,0.292857,0.055714
1,-1,2,0.45,0.35,-1,-1,0.65,0.65,0.293638,0.054286
1,-1,2,0.45,0.35,-1,-1,0.7,0.7,0.294642,0.053571
1,-1,2,0.45,0.35,-1,-1,0.75,0.75,0.296205,0.051429
1,-1,2,0.45,0.35,-1,-1,0.8,0.8,0.299442,0.051071
1,-1,2,0.45,0.35,-1,-1,0.85,0.85,0.302343,0.050357
1,-1,2,0.45,0.35,-1,-1,0.9,0.9,0.307031,0.050357
1,-1,2,0.45,0.35,-1,-1,0.95,0.95,0.314955,0.05
1,-1,2,0.45,0.35,-1,-1,1.0,1.0,0.353571,0.05
1,-1,2,0.5,0.35,-1,-1,0.05,0.05,0.291071,0.097959
1,-1,2,0.5,0.35,-1,-1,0.1,0.1,0.291071,0.095918
1,-1,2,0.5,0.35,-1,-1,0.15,0.15,0.291071,0.089796
1,-1,2,0.5,0.35,-1,-1,0.2,0.2,0.291071,0.085306
1,-1,2,0.5,0.35,-1,-1,0.25,0.25,0.29146,0.077959
1,-1,2,0.5,0.35,-1,-1,0.3,0.3,0.291849,0.073469
1,-1,2,0.5,0.35,-1,-1,0.35,0.35,0.292044,0.067755
1,-1,2,0.5,0.35,-1,-1,0.4,0.4,0.292044,0.063265
1,-1,2,0.5,0.35,-1,-1,0.45,0.45,0.292044,0.057959
1,-1,2,0.5,0.35,-1,-1,0.5,0.5,0.292822,0.056326
1,-1,2,0.5,0.35,-1,-1,0.55,0.55,0.293405,0.052245
1,-1,2,0.5,0.35,-1,-1,0.6,0.6,0.294183,0.049388
1,-1,2,0.5,0.35,-1,-1,0.65,0.65,0.295545,0.047755
1,-1,2,0.5,0.35,-1,-1,0.7,0.7,0.297296,0.046939
1,-1,2,0.5,0.35,-1,-1,0.75,0.75,0.300019,0.04449
1,-1,2,0.5,0.35,-1,-1,0.8,0.8,0.30566,0.044082
1,-1,2,0.5,0.35,-1,-1,0.85,0.85,0.310717,0.043265
1,-1,2,0.5,0.35,-1,-1,0.9,0.9,0.318887,0.043265
1,-1,2,0.5,0.35,-1,-1,0.95,0.95,0.332697,0.042857
1,-1,2,0.5,0.35,-1,-1,1.0,1.0,0.4,0.042857
1,-1,2,0.55,0.35,-1,-1,0.05,0.05,0.291071,0.097449
1,-1,2,0.55,0.35,-1,-1,0.1,0.1,0.291071,0.094898
1,-1,2,0.55,0.35,-1,-1,0.15,0.15,0.291071,0.087245
1,-1,2,0.55,0.35,-1,-1,0.2,0.2,0.291071,0.081633
1,-1,2,0.55,0.35,-1,-1,0.25,0.25,0.291588,0.072449
1,-1,2,0.55,0.35,-1,-1,0.3,0.3,0.292104,0.066837
1,-1,2,0.55,0.35,-1,-1,0.35,0.35,0.292363,0.059694
1,-1,2,0.55,0.35,-1,-1,0.4,0.4,0.292363,0.054081
1,-1,2,0.55,0.35,-1,-1,0.45,0.45,0.292363,0.047449
1,-1,2,0.55,0.35,-1,-1,0.5,0.5,0.293396,0.045408
1,-1,2,0.55,0.35,-1,-1,0.55,0.55,0.294171,0.040306
1,-1,2,0.55,0.35,-1,-1,0.6,0.6,0.295204,0.036734
1,-1,2,0.55,0.35,-1,-1,0.65,0.65,0.297012,0.034693
1,-1,2,0.55,0.35,-1,-1,0.7,0.7,0.299336,0.033673
1,-1,2,0.55,0.35,-1,-1,0.75,0.75,0.302952,0.030612
1,-1,2,0.55,0.35,-1,-1,0.8,0.8,0.310443,0.030102
1,-1,2,0.55,0.35,-1,-1,0.85,0.85,0.317158,0.029081
1,-1,2,0.55,0.35,-1,-1,0.9,0.9,0.328007,0.029081
1,-1,2,0.55,0.35,-1,-1,0.95,0.95,0.346345,0.028571
1,-1,2,0.55,0.35,-1,-1,1.0,1.0,0.435714,0.028571
1,-1,2,0.6,0.35,-1,-1,0.05,0.05,0.291071,0.097449
1,-1,2,0.6,0.35,-1,-1,0.1,0.1,0.291071,0.094898
1,-1,2,0.6,0.35,-1,-1,0.15,0.15,0.291071,0.087245
1,-1,2,0.6,0.35,-1,-1,0.2,0.2,0.291071,0.081633
1,-1,2,0.6,0.35,-1,-1,0.25,0.25,0.291747,0.072449
1,-1,2,0.6,0.35,-1,-1,0.3,0.3,0.292423,0.066837
1,-1,2,0.6,0.35,-1,-1,0.35,0.35,0.292761,0.059694
1,-1,2,0.6,0.35,-1,-1,0.4,0.4,0.292761,0.054081
1,-1,2,0.6,0.35,-1,-1,0.45,0.45,0.292761,0.047449
1,-1,2,0.6,0.35,-1,-1,0.5,0.5,0.294113,0.045408
1,-1,2,0.6,0.35,-1,-1,0.55,0.55,0.295127,0.040306
1,-1,2,0.6,0.35,-1,-1,0.6,0.6,0.296479,0.036734
1,-1,2,0.6,0.35,-1,-1,0.65,0.65,0.298845,0.034693
1,-1,2,0.6,0.35,-1,-1,0.7,0.7,0.301887,0.033673
1,-1,2,0.6,0.35,-1,-1,0.75,0.75,0.30662,0.030612
1,-1,2,0.6,0.35,-1,-1,0.8,0.8,0.316422,0.030102
1,-1,2,0.6,0.35,-1,-1,0.85,0.85,0.32521,0.029081
1,-1,2,0.6,0.35,-1,-1,0.9,0.9,0.339407,0.029081
1,-1,2,0.6,0.35,-1,-1,0.95,0.95,0.363405,0.028571
1,-1,2,0.6,0.35,-1,-1,1.0,1.0,0.480357,0.028571
1,-1,2,0.65,0.35,-1,-1,0.05,0.05,0.291071,0.097449
1,-1,2,0.65,0.35,-1,-1,0.1,0.1,0.291071,0.094898
1,-1,2,0.65,0.35,-1,-1,0.15,0.15,0.291071,0.087245
1,-1,2,0.65,0.35,-1,-1,0.2,0.2,0.291071,0.081633
1,-1,2,0.65,0.35,-1,-1,0.25,0.25,0.291874,0.072449
1,-1,2,0.65,0.35,-1,-1,0.3,0.3,0.292678,0.066837
1,-1,2,0.65,0.35,-1,-1,0.35,0.35,0.29308,0.059694
1,-1,2,0.65,0.35,-1,-1,0.4,0.4,0.29308,0.054081
1,-1,2,0.65,0.35,-1,-1,0.45,0.45,0.29308,0.047449
1,-1,2,0.65,0.35,-1,-1,0.5,0.5,0.294687,0.045408
1,-1,2,0.65,0.35,-1,-1,0.55,0.55,0.295893,0.040306
1,-1,2,0.65,0.35,-1,-1,0.6,0.6,0.297499,0.036734
1,-1,2,0.65,0.35,-1,-1,0.65,0.65,0.300312,0.034693
1,-1,2,0.65,0.35,-1,-1,0.7,0.7,0.303928,0.033673
1,-1,2,0.65,0.35,-1,-1,0.75,0.75,0.309553,0.030612
1,-1,2,0.65,0.35,-1,-1,0.8,0.8,0.321205,0.030102
1,-1,2,0.65,0.35,-1,-1,0.85,0.85,0.331651,0.029081
1,-1,2,0.65,0.35,-1,-1,0.9,0.9,0.348526,0.029081
1,-1,2,0.65,0.35,-1,-1,0.95,0.95,0.377053,0.028571
1,-1,2,0.65,0.35,-1,-1,1.0,1.0,0.516071,0.028571
1,-1,2,0.7,0.35,-1,-1,0.05,0.05,0.291071,0.097194
1,-1,2,0.7,0.35,-1,-1,0.1,0.1,0.291071,0.094388
1,-1,2,0.7,0.35,-1,-1,0.15,0.15,0.291071,0.085969
1,-1,2,0.7,0.35,-1,-1,0.2,0.2,0.291071,0.079796
1,-1,2,0.7,0.35,-1,-1,0.25,0.25,0.292008,0.069694
1,-1,2,0.7,0.35,-1,-1,0.3,0.3,0.292946,0.063521
1,-1,2,0.7,0.35,-1,-1,0.35,0.35,0.293415,0.055663
1,-1,2,0.7,0.35,-1,-1,0.4,0.4,0.293415,0.04949
1,-1,2,0.7,0.35,-1,-1,0.45,0.45,0.293415,0.042194
1,-1,2,0.7,0.35,-1,-1,0.5,0.5,0.29529,0.039949
1,-1,2,0.7,0.35,-1,-1,0.55,0.55,0.296696,0.034337
1,-1,2,0.7,0.35,-1,-1,0.6,0.6,0.298571,0.030409
1,-1,2,0.7,0.35,-1,-1,0.65,0.65,0.301852,0.028164
1,-1,2,0.7,0.35,-1,-1,0.7,0.7,0.306071,0.027041
1,-1,2,0.7,0.35,-1,-1,0.75,0.75,0.312634,0.023674
1,-1,2,0.7,0.35,-1,-1,0.8,0.8,0.326227,0.023113
1,-1,2,0.7,0.35,-1,-1,0.85,0.85,0.338415,0.02199
1,-1,2,0.7,0.35,-1,-1,0.9,0.9,0.358102,0.02199
1,-1,2,0.7,0.35,-1,-1,0.95,0.95,0.391384,0.021429
1,-1,2,0.7,0.35,-1,-1,1.0,1.0,0.553571,0.021429
1,-1,2,0.75,0.35,-1,-1,0.05,0.05,0.291071,0.096684
1,-1,2,0.75,0.35,-1,-1,0.1,0.1,0.291071,0.093367
1,-1,2,0.75,0.35,-1,-1,0.15,0.15,0.291071,0.083418
1,-1,2,0.75,0.35,-1,-1,0.2,0.2,0.291071,0.076122
1,-1,2,0.75,0.35,-1,-1,0.25,0.25,0.292168,0.064184
1,-1,2,0.75,0.35,-1,-1,0.3,0.3,0.293265,0.056888
1,-1,2,0.75,0.35,-1,-1,0.35,0.35,0.293813,0.047602
1,-1,2,0.75,0.35,-1,-1,0.4,0.4,0.293813,0.040306
1,-1,2,0.75,0.35,-1,-1,0.45,0.45,0.293813,0.031684
1,-1,2,0.75,0.35,-1,-1,0.5,0.5,0.296007,0.029031
1,-1,2,0.75,0.35,-1,-1,0.55,0.55,0.297653,0.022398
1,-1,2,0.75,0.35,-1,-1,0.6,0.6,0.299846,0.017755
1,-1,2,0.75,0.35,-1,-1,0.65,0.65,0.303686,0.015102
1,-1,2,0.75,0.35,-1,-1,0.7,0.7,0.308622,0.013776
1,-1,2,0.75,0.35,-1,-1,0.75,0.75,0.316301,0.009796
1,-1,2,0.75,0.35,-1,-1,0.8,0.8,0.332206,0.009133
1,-1,2,0.75,0.35,-1,-1,0.85,0.85,0.346466,0.007806
1,-1,2,0.75,0.35,-1,-1,0.9,0.9,0.369502,0.007806
1,-1,2,0.75,0.35,-1,-1,0.95,0.95,0.408444,0.007143
1,-1,2,0.75,0.35,-1,-1,1.0,1.0,0.598214,0.007143
1,-1,2,0.8,0.35,-1,-1,0.05,0.05,0.291071,0.096684
1,-1,2,0.8,0.35,-1,-1,0.1,0.1,0.291071,0.093367
1,-1,2,0.8,0.35,-1,-1,0.15,0.15,0.291071,0.083418
1,-1,2,0.8,0.35,-1,-1,0.2,0.2,0.291071,0.076122
1,-1,2,0.8,0.35,-1,-1,0.25,0.25,0.292289,0.064184
1,-1,2,0.8,0.35,-1,-1,0.3,0.3,0.293507,0.056888
1,-1,2,0.8,0.35,-1,-1,0.35,0.35,0.294116,0.047602
1,-1,2,0.8,0.35,-1,-1,0.4,0.4,0.294116,0.040306
1,-1,2,0.8,0.35,-1,-1,0.45,0.45,0.294116,0.031684
1,-1,2,0.8,0.35,-1,-1,0.5,0.5,0.296552,0.029031
1,-1,2,0.8,0.35,-1,-1,0.55,0.55,0.29838,0.022398
1,-1,2,0.8,0.35,-1,-1,0.6,0.6,0.300816,0.017755
1,-1,2,0.8,0.35,-1,-1,0.65,0.65,0.305079,0.015102
1,-1,2,0.8,0.35,-1,-1,0.7,0.7,0.310561,0.013776
1,-1,2,0.8,0.35,-1,-1,0.75,0.75,0.319088,0.009796
1,-1,2,0.8,0.35,-1,-1,0.8,0.8,0.33675,0.009133
1,-1,2,0.8,0.35,-1,-1,0.85,0.85,0.352586,0.007806
1,-1,2,0.8,0.35,-1,-1,0.9,0.9,0.378166,0.007806
1,-1,2,0.8,0.35,-1,-1,0.95,0.95,0.421409,0.007143
1,-1,2,0.8,0.35,-1,-1,1.0,1.0,0.632143,0.007143
1,-1,2,0.85,0.35,-1,-1,0.05,0.05,0.291071,0.096429
1,-1,2,0.85,0.35,-1,-1,0.1,0.1,0.291071,0.092857
1,-1,2,0.85,0.35,-1,-1,0.15,0.15,0.291071,0.082143
1,-1,2,0.85,0.35,-1,-1,0.2,0.2,0.291071,0.074286
1,-1,2,0.85,0.35,-1,-1,0.25,0.25,0.292474,0.061429
1,-1,2,0.85,0.35,-1,-1,0.3,0.3,0.293877,0.053571
1,-1,2,0.85,0.35,-1,-1,0.35,0.35,0.294579,0.043571
1,-1,2,0.85,0.35,-1,-1,0.4,0.4,0.294579,0.035714
1,-1,2,0.85,0.35,-1,-1,0.45,0.45,0.294579,0.026429
1,-1,2,0.85,0.35,-1,-1,0.5,0.5,0.297385,0.023571
1,-1,2,0.85,0.35,-1,-1,0.55,0.55,0.29949,0.016429
1,-1,2,0.85,0.35,-1,-1,0.6,0.6,0.302295,0.011429
1,-1,2,0.85,0.35,-1,-1,0.65,0.65,0.307206,0.008571
1,-1,2,0.85,0.35,-1,-1,0.7,0.7,0.31352,0.007143
1,-1,2,0.85,0.35,-1,-1,0.75,0.75,0.323342,0.002857
1,-1,2,0.85,0.35,-1,-1,0.8,0.8,0.343686,0.002143
1,-1,2,0.85,0.35,-1,-1,0.85,0.85,0.361926,0.000714
1,-1,2,0.85,0.35,-1,-1,0.9,0.9,0.39139,0.000714
1,-1,2,0.85,0.35,-1,-1,0.95,0.95,0.441199,0.0
1,-1,2,0.85,0.35,-1,-1,1.0,1.0,0.683929,0.0
1,-1,2,0.9,0.35,-1,-1,0.05,0.05,0.291071,0.096429
1,-1,2,0.9,0.35,-1,-1,0.1,0.1,0.291071,0.092857
1,-1,2,0.9,0.35,-1,-1,0.15,0.15,0.291071,0.082143
1,-1,2,0.9,0.35,-1,-1,0.2,0.2,0.291071,0.074286
1,-1,2,0.9,0.35,-1,-1,0.25,0.25,0.292678,0.061429
1,-1,2,0.9,0.35,-1,-1,0.3,0.3,0.294285,0.053571
1,-1,2,0.9,0.35,-1,-1,0.35,0.35,0.295089,0.043571
1,-1,2,0.9,0.35,-1,-1,0.4,0.4,0.295089,0.035714
1,-1,2,0.9,0.35,-1,-1,0.45,0.45,0.295089,0.026429
1,-1,2,0.9,0.35,-1,-1,0.5,0.5,0.298303,0.023571
1,-1,2,0.9,0.35,-1,-1,0.55,0.55,0.300714,0.016429
1,-1,2,0.9,0.35,-1,-1,0.6,0.6,0.303928,0.011429
1,-1,2,0.9,0.35,-1,-1,0.65,0.65,0.309553,0.008571
1,-1,2,0.9,0.35,-1,-1,0.7,0.7,0.316785,0.007143
1,-1,2,0.9,0.35,-1,-1,0.75,0.75,0.328035,0.002857
1,-1,2,0.9,0.35,-1,-1,0.8,0.8,0.351339,0.002143
1,-1,2,0.9,0.35,-1,-1,0.85,0.85,0.372232,0.000714
1,-1,2,0.9,0.35,-1,-1,0.9,0.9,0.405982,0.000714
1,-1,2,0.9,0.35,-1,-1,0.95,0.95,0.463035,0.0
1,-1,2,0.9,0.35,-1,-1,1.0,1.0,0.741071,0.0
1,-1,2,0.95,0.35,-1,-1,0.05,0.05,0.291071,0.096429
1,-1,2,0.95,0.35,-1,-1,0.1,0.1,0.291071,0.092857
1,-1,2,0.95,0.35,-1,-1,0.15,0.15,0.291071,0.082143
1,-1,2,0.95,0.35,-1,-1,0.2,0.2,0.291071,0.074286
1,-1,2,0.95,0.35,-1,-1,0.25,0.25,0.292908,0.061429
1,-1,2,0.95,0.35,-1,-1,0.3,0.3,0.294745,0.053571
1,-1,2,0.95,0.35,-1,-1,0.35,0.35,0.295663,0.043571
1,-1,2,0.95,0.35,-1,-1,0.4,0.4,0.295663,0.035714
1,-1,2,0.95,0.35,-1,-1,0.45,0.45,0.295663,0.026429
1,-1,2,0.95,0.35,-1,-1,0.5,0.5,0.299336,0.023571
1,-1,2,0.95,0.35,-1,-1,0.55,0.55,0.302092,0.016429
1,-1,2,0.95,0.35,-1,-1,0.6,0.6,0.305765,0.011429
1,-1,2,0.95,0.35,-1,-1,0.65,0.65,0.312193,0.008571
1,-1,2,0.95,0.35,-1,-1,0.7,0.7,0.320459,0.007143
1,-1,2,0.95,0.35,-1,-1,0.75,0.75,0.333316,0.002857
1,-1,2,0.95,0.35,-1,-1,0.8,0.8,0.359949,0.002143
1,-1,2,0.95,0.35,-1,-1,0.85,0.85,0.383826,0.000714
1,-1,2,0.95,0.35,-1,-1,0.9,0.9,0.422398,0.000714
1,-1,2,0.95,0.35,-1,-1,0.95,0.95,0.487602,0.0
1,-1,2,0.95,0.35,-1,-1,1.0,1.0,0.805357,0.0
1,-1,2,1.0,0.35,-1,-1,0.05,0.05,0.291071,0.096429
1,-1,2,1.0,0.35,-1,-1,0.1,0.1,0.291071,0.092857
1,-1,2,1.0,0.35,-1,-1,0.15,0.15,0.291071,0.082143
1,-1,2,1.0,0.35,-1,-1,0.2,0.2,0.291071,0.074286
1,-1,2,1.0,0.35,-1,-1,0.25,0.25,0.293603,0.061429
1,-1,2,1.0,0.35,-1,-1,0.3,0.3,0.296135,0.053571
1,-1,2,1.0,0.35,-1,-1,0.35,0.35,0.297401,0.043571
1,-1,2,1.0,0.35,-1,-1,0.4,0.4,0.297401,0.035714
1,-1,2,1.0,0.35,-1,-1,0.45,0.45,0.297401,0.026429
1,-1,2,1.0,0.35,-1,-1,0.5,0.5,0.302464,0.023571
1,-1,2,1.0,0.35,-1,-1,0.55,0.55,0.306263,0.016429
1,-1,2,1.0,0.35,-1,-1,0.6,0.6,0.311326,0.011429
1,-1,2,1.0,0.35,-1,-1,0.65,0.65,0.320187,0.008571
1,-1,2,1.0,0.35,-1,-1,0.7,0.7,0.331581,0.007143
1,-1,2,1.0,0.35,-1,-1,0.75,0.75,0.349305,0.002857
1,-1,2,1.0,0.35,-1,-1,0.8,0.8,0.386017,0.002143
1,-1,2,1.0,0.35,-1,-1,0.85,0.85,0.418931,0.000714
1,-1,2,1.0,0.35,-1,-1,0.9,0.9,0.472101,0.000714
1,-1,2,1.0,0.35,-1,-1,0.95,0.95,0.561983,0.0
1,-1,2,1.0,0.35,-1,-1,1.0,1.0,1.0,0.0
1,-1,2,0.4,0.4,-1,-1,0.05,0.05,0.319643,0.071429
1,-1,2,0.4,0.4,-1,-1,0.1,0.1,0.319643,0.071429
1,-1,2,0.4,0.4,-1,-1,0.15,0.15,0.319643,0.071429
1,-1,2,0.4,0.4,-1,-1,0.2,0.2,0.319643,0.071429
1,-1,2,0.4,0.4,-1,-1,0.25,0.25,0.319643,0.071429
1,-1,2,0.4,0.4,-1,-1,0.3,0.3,0.319643,0.071429
1,-1,2,0.4,0.4,-1,-1,0.35,0.35,0.319643,0.071429
1,-1,2,0.4,0.4,-1,-1,0.4,0.4,0.319643,0.071429
1,-1,2,0.4,0.4,-1,-1,0.45,0.45,0.319643,0.071429
1,-1,2,0.4,0.4,-1,-1,0.5,0.5,0.319643,0.071429
1,-1,2,0.4,0.4,-1,-1,0.55,0.55,0.319643,0.071429
1,-1,2,0.4,0.4,-1,-1,0.6,0.6,0.319643,0.071429
1,-1,2,0.4,0.4,-1,-1,0.65,0.65,0.319643,0.071429
1,-1,2,0.4,0.4,-1,-1,0.7,0.7,0.319643,0.071429
1,-1,2,0.4,0.4,-1,-1,0.75,0.75,0.319643,0.071429
1,-1,2,0.4,0.4,-1,-1,0.8,0.8,0.319643,0.071429
1,-1,2,0.4,0.4,-1,-1,0.85,0.85,0.319643,0.071429
1,-1,2,0.4,0.4,-1,-1,0.9,0.9,0.319643,0.071429
1,-1,2,0.4,0.4,-1,-1,0.95,0.95,0.319643,0.071429
1,-1,2,0.4,0.4,-1,-1,1.0,1.0,0.319643,0.071429
1,-1,2,0.45,0.4,-1,-1,0.05,0.05,0.319643,0.070664
1,-1,2,0.45,0.4,-1,-1,0.1,0.1,0.319643,0.069898
1,-1,2,0.45,0.4,-1,-1,0.15,0.15,0.319643,0.067602
1,-1,2,0.45,0.4,-1,-1,0.2,0.2,0.319643,0.065919
1,-1,2,0.45,0.4,-1,-1,0.25,0.25,0.319764,0.063164
1,-1,2,0.45,0.4,-1,-1,0.3,0.3,0.319885,0.06148
1,-1,2,0.45,0.4,-1,-1,0.35,0.35,0.319946,0.059337
1,-1,2,0.45,0.4,-1,-1,0.4,0.4,0.319946,0.057653
1,-1,2,0.45,0.4,-1,-1,0.45,0.45,0.319946,0.055663
1,-1,2,0.45,0.4,-1,-1,0.5,0.5,0.320188,0.055051
1,-1,2,0.45,0.4,-1,-1,0.55,0.55,0.32037,0.05352
1,-1,2,0.45,0.4,-1,-1,0.6,0.6,0.320612,0.052449
1,-1,2,0.45,0.4,-1,-1,0.65,0.65,0.321036,0.051837
1,-1,2,0.45,0.4,-1,-1,0.7,0.7,0.321582,0.051531
1,-1,2,0.45,0.4,-1,-1,0.75,0.75,0.32243,0.050612
1,-1,2,0.45,0.4,-1,-1,0.8,0.8,0.324187,0.050459
1,-1,2,0.45,0.4,-1,-1,0.85,0.85,0.325762,0.050153
1,-1,2,0.45,0.4,-1,-1,0.9,0.9,0.328307,0.050153
1,-1,2,0.45,0.4,-1,-1,0.95,0.95,0.332608,0.05
1,-1,2,0.45,0.4,-1,-1,1.0,1.0,0.353571,0.05
1,-1,2,0.5,0.4,-1,-1,0.05,0.05,0.319643,0.070409
1,-1,2,0.5,0.4,-1,-1,0.1,0.1,0.319643,0.069388
1,-1,2,0.5,0.4,-1,-1,0.15,0.15,0.319643,0.066327
1,-1,2,0.5,0.4,-1,-1,0.2,0.2,0.319643,0.064082
1,-1,2,0.5,0.4,-1,-1,0.25,0.25,0.31993,0.060408
1,-1,2,0.5,0.4,-1,-1,0.3,0.3,0.320217,0.058163
1,-1,2,0.5,0.4,-1,-1,0.35,0.35,0.320361,0.055306
1,-1,2,0.5,0.4,-1,-1,0.4,0.4,0.320361,0.053061
1,-1,2,0.5,0.4,-1,-1,0.45,0.45,0.320361,0.050408
1,-1,2,0.5,0.4,-1,-1,0.5,0.5,0.320934,0.049592
1,-1,2,0.5,0.4,-1,-1,0.55,0.55,0.321365,0.047551
1,-1,2,0.5,0.4,-1,-1,0.6,0.6,0.321939,0.046122
1,-1,2,0.5,0.4,-1,-1,0.65,0.65,0.322943,0.045306
1,-1,2,0.5,0.4,-1,-1,0.7,0.7,0.324235,0.044898
1,-1,2,0.5,0.4,-1,-1,0.75,0.75,0.326244,0.043673
1,-1,2,0.5,0.4,-1,-1,0.8,0.8,0.330405,0.043469
1,-1,2,0.5,0.4,-1,-1,0.85,0.85,0.334136,0.043061
1,-1,2,0.5,0.4,-1,-1,0.9,0.9,0.340163,0.043061
1,-1,2,0.5,0.4,-1,-1,0.95,0.95,0.350351,0.042857
1,-1,2,0.5,0.4,-1,-1,1.0,1.0,0.4,0.042857
1,-1,2,0.55,0.4,-1,-1,0.05,0.05,0.319643,0.069898
1,-1,2,0.55,0.4,-1,-1,0.1,0.1,0.319643,0.068368
1,-1,2,0.55,0.4,-1,-1,0.15,0.15,0.319643,0.063776
1,-1,2,0.55,0.4,-1,-1,0.2,0.2,0.319643,0.060408
1,-1,2,0.55,0.4,-1,-1,0.25,0.25,0.320057,0.054898
1,-1,2,0.55,0.4,-1,-1,0.3,0.3,0.320472,0.051531
1,-1,2,0.55,0.4,-1,-1,0.35,0.35,0.320679,0.047245
1,-1,2,0.55,0.4,-1,-1,0.4,0.4,0.320679,0.043877
1,-1,2,0.55,0.4,-1,-1,0.45,0.45,0.320679,0.039898
1,-1,2,0.55,0.4,-1,-1,0.5,0.5,0.321508,0.038673
1,-1,2,0.55,0.4,-1,-1,0.55,0.55,0.32213,0.035612
1,-1,2,0.55,0.4,-1,-1,0.6,0.6,0.322959,0.033469
1,-1,2,0.55,0.4,-1,-1,0.65,0.65,0.32441,0.032245
1,-1,2,0.55,0.4,-1,-1,0.7,0.7,0.326276,0.031632
1,-1,2,0.55,0.4,-1,-1,0.75,0.75,0.329177,0.029795
1,-1,2,0.55,0.4,-1,-1,0.8,0.8,0.335188,0.029489
1,-1,2,0.55,0.4,-1,-1,0.85,0.85,0.340577,0.028877
1,-1,2,0.55,0.4,-1,-1,0.9,0.9,0.349283,0.028877
1,-1,2,0.55,0.4,-1,-1,0.95,0.95,0.363999,0.028571
1,-1,2,0.55,0.4,-1,-1,1.0,1.0,0.435714,0.028571
1,-1,2,0.6,0.4,-1,-1,0.05,0.05,0.319643,0.069898
1,-1,2,0.6,0.4,-1,-1,0.1,0.1,0.319643,0.068368
1,-1,2,0.6,0.4,-1,-1,0.15,0.15,0.319643,0.063776
1,-1,2,0.6,0.4,-1,-1,0.2,0.2,0.319643,0.060408
1,-1,2,0.6,0.4,-1,-1,0.25,0.25,0.320217,0.054898
1,-1,2,0.6,0.4,-1,-1,0.3,0.3,0.320791,0.051531
1,-1,2,0.6,0.4,-1,-1,0.35,0.35,0.321078,0.047245
1,-1,2,0.6,0.4,-1,-1,0.4,0.4,0.321078,0.043877
1,-1,2,0.6,0.4,-1,-1,0.45,0.45,0.321078,0.039898
1,-1,2,0.6,0.4,-1,-1,0.5,0.5,0.322226,0.038673
1,-1,2,0.6,0.4,-1,-1,0.55,0.55,0.323087,0.035612
1,-1,2,0.6,0.4,-1,-1,0.6,0.6,0.324235,0.033469
1,-1,2,0.6,0.4,-1,-1,0.65,0.65,0.326244,0.032245
1,-1,2,0.6,0.4,-1,-1,0.7,0.7,0.328827,0.031632
1,-1,2,0.6,0.4,-1,-1,0.75,0.75,0.332845,0.029795
1,-1,2,0.6,0.4,-1,-1,0.8,0.8,0.341167,0.029489
1,-1,2,0.6,0.4,-1,-1,0.85,0.85,0.348629,0.028877
1,-1,2,0.6,0.4,-1,-1,0.9,0.9,0.360682,0.028877
1,-1,2,0.6,0.4,-1,-1,0.95,0.95,0.381059,0.028571
1,-1,2,0.6,0.4,-1,-1,1.0,1.0,0.480357,0.028571
1,-1,2,0.65,0.4,-1,-1,0.05,0.05,0.319643,0.069898
1,-1,2,0.65,0.4,-1,-1,0.1,0.1,0.319643,0.068368
1,-1,2,0.65,0.4,-1,-1,0.15,0.15,0.319643,0.063776
1,-1,2,0.65,0.4,-1,-1,0.2,0.2,0.319643,0.060408
1,-1,2,0.65,0.4,-1,-1,0.25,0.25,0.320344,0.054898
1,-1,2,0.65,0.4,-1,-1,0.3,0.3,0.321046,0.051531
1,-1,2,0.65,0.4,-1,-1,0.35,0.35,0.321397,0.047245
1,-1,2,0.65,0.4,-1,-1,0.4,0.4,0.321397,0.043877
1,-1,2,0.65,0.4,-1,-1,0.45,0.45,0.321397,0.039898
1,-1,2,0.65,0.4,-1,-1,0.5,0.5,0.3228,0.038673
1,-1,2,0.65,0.4,-1,-1,0.55,0.55,0.323852,0.035612
1,-1,2,0.65,0.4,-1,-1,0.6,0.6,0.325255,0.033469
1,-1,2,0.65,0.4,-1,-1,0.65,0.65,0.32771,0.032245
1,-1,2,0.65,0.4,-1,-1,0.7,0.7,0.330867,0.031632
1,-1,2,0.65,0.4,-1,-1,0.75,0.75,0.335778,0.029795
1,-1,2,0.65,0.4,-1,-1,0.8,0.8,0.34595,0.029489
1,-1,2,0.65,0.4,-1,-1,0.85,0.85,0.35507,0.028877
1,-1,2,0.65,0.4,-1,-1,0.9,0.9,0.369802,0.028877
1,-1,2,0.65,0.4,-1,-1,0.95,0.95,0.394707,0.028571
1,-1,2,0.65,0.4,-1,-1,1.0,1.0,0.516071,0.028571
1,-1,2,0.7,0.4,-1,-1,0.05,0.05,0.319643,0.069643
1,-1,2,0.7,0.4,-1,-1,0.1,0.1,0.319643,0.067858
1,-1,2,0.7,0.4,-1,-1,0.15,0.15,0.319643,0.0625
1,-1,2,0.7,0.4,-1,-1,0.2,0.2,0.319643,0.058572
1,-1,2,0.7,0.4,-1,-1,0.25,0.25,0.320478,0.052143
1,-1,2,0.7,0.4,-1,-1,0.3,0.3,0.321314,0.048215
1,-1,2,0.7,0.4,-1,-1,0.35,0.35,0.321732,0.043215
1,-1,2,0.7,0.4,-1,-1,0.4,0.4,0.321732,0.039286
1,-1,2,0.7,0.4,-1,-1,0.45,0.45,0.321732,0.034643
1,-1,2,0.7,0.4,-1,-1,0.5,0.5,0.323402,0.033215
1,-1,2,0.7,0.4,-1,-1,0.55,0.55,0.324656,0.029643
1,-1,2,0.7,0.4,-1,-1,0.6,0.6,0.326327,0.027143
1,-1,2,0.7,0.4,-1,-1,0.65,0.65,0.329251,0.025715
1,-1,2,0.7,0.4,-1,-1,0.7,0.7,0.33301,0.025
1,-1,2,0.7,0.4,-1,-1,0.75,0.75,0.338859,0.022858
1,-1,2,0.7,0.4,-1,-1,0.8,0.8,0.350973,0.0225
1,-1,2,0.7,0.4,-1,-1,0.85,0.85,0.361834,0.021786
1,-1,2,0.7,0.4,-1,-1,0.9,0.9,0.379378,0.021786
1,-1,2,0.7,0.4,-1,-1,0.95,0.95,0.409037,0.021429
1,-1,2,0.7,0.4,-1,-1,1.0,1.0,0.553571,0.021429
1,-1,2,0.75,0.4,-1,-1,0.05,0.05,0.319643,0.069133
1,-1,2,0.75,0.4,-1,-1,0.1,0.1,0.319643,0.066837
1,-1,2,0.75,0.4,-1,-1,0.15,0.15,0.319643,0.059949
1,-1,2,0.75,0.4,-1,-1,0.2,0.2,0.319643,0.054898
1,-1,2,0.75,0.4,-1,-1,0.25,0.25,0.320638,0.046633
1,-1,2,0.75,0.4,-1,-1,0.3,0.3,0.321633,0.041582
1,-1,2,0.75,0.4,-1,-1,0.35,0.35,0.32213,0.035153
1,-1,2,0.75,0.4,-1,-1,0.4,0.4,0.32213,0.030102
1,-1,2,0.75,0.4,-1,-1,0.45,0.45,0.32213,0.024133
1,-1,2,0.75,0.4,-1,-1,0.5,0.5,0.32412,0.022296
1,-1,2,0.75,0.4,-1,-1,0.55,0.55,0.325612,0.017704
1,-1,2,0.75,0.4,-1,-1,0.6,0.6,0.327602,0.01449
1,-1,2,0.75,0.4,-1,-1,0.65,0.65,0.331084,0.012653
1,-1,2,0.75,0.4,-1,-1,0.7,0.7,0.335561,0.011735
1,-1,2,0.75,0.4,-1,-1,0.75,0.75,0.342526,0.00898
1,-1,2,0.75,0.4,-1,-1,0.8,0.8,0.356952,0.008521
1,-1,2,0.75,0.4,-1,-1,0.85,0.85,0.369885,0.007602
1,-1,2,0.75,0.4,-1,-1,0.9,0.9,0.390778,0.007602
1,-1,2,0.75,0.4,-1,-1,0.95,0.95,0.426097,0.007143
1,-1,2,0.75,0.4,-1,-1,1.0,1.0,0.598214,0.007143
1,-1,2,0.8,0.4,-1,-1,0.05,0.05,0.319643,0.069133
1,-1,2,0.8,0.4,-1,-1,0.1,0.1,0.319643,0.066837
1,-1,2,0.8,0.4,-1,-1,0.15,0.15,0.319643,0.059949
1,-1,2,0.8,0.4,-1,-1,0.2,0.2,0.319643,0.054898
1,-1,2,0.8,0.4,-1,-1,0.25,0.25,0.320759,0.046633
1,-1,2,0.8,0.4,-1,-1,0.3,0.3,0.321875,0.041582
1,-1,2,0.8,0.4,-1,-1,0.35,0.35,0.322433,0.035153
1,-1,2,0.8,0.4,-1,-1,0.4,0.4,0.322433,0.030102
1,-1,2,0.8,0.4,-1,-1,0.45,0.45,0.322433,0.024133
1,-1,2,0.8,0.4,-1,-1,0.5,0.5,0.324665,0.022296
1,-1,2,0.8,0.4,-1,-1,0.55,0.55,0.32634,0.017704
1,-1,2,0.8,0.4,-1,-1,0.6,0.6,0.328571,0.01449
1,-1,2,0.8,0.4,-1,-1,0.65,0.65,0.332478,0.012653
1,-1,2,0.8,0.4,-1,-1,0.7,0.7,0.3375,0.011735
1,-1,2,0.8,0.4,-1,-1,0.75,0.75,0.345313,0.00898
1,-1,2,0.8,0.4,-1,-1,0.8,0.8,0.361496,0.008521
1,-1,2,0.8,0.4,-1,-1,0.85,0.85,0.376005,0.007602
1,-1,2,0.8,0.4,-1,-1,0.9,0.9,0.399442,0.007602
1,-1,2,0.8,0.4,-1,-1,0.95,0.95,0.439063,0.007143
1,-1,2,0.8,0.4,-1,-1,1.0,1.0,0.632143,0.007143
1,-1,2,0.85,0.4,-1,-1,0.05,0.05,0.319643,0.068878
1,-1,2,0.85,0.4,-1,-1,0.1,0.1,0.319643,0.066327
1,-1,2,0.85,0.4,-1,-1,0.15,0.15,0.319643,0.058674
1,-1,2,0.85,0.4,-1,-1,0.2,0.2,0.319643,0.053062
1,-1,2,0.85,0.4,-1,-1,0.25,0.25,0.320944,0.043878
1,-1,2,0.85,0.4,-1,-1,0.3,0.3,0.322245,0.038266
1,-1,2,0.85,0.4,-1,-1,0.35,0.35,0.322896,0.031123
1,-1,2,0.85,0.4,-1,-1,0.4,0.4,0.322896,0.02551
1,-1,2,0.85,0.4,-1,-1,0.45,0.45,0.322896,0.018878
1,-1,2,0.85,0.4,-1,-1,0.5,0.5,0.325497,0.016837
1,-1,2,0.85,0.4,-1,-1,0.55,0.55,0.327449,0.011735
1,-1,2,0.85,0.4,-1,-1,0.6,0.6,0.330051,0.008163
1,-1,2,0.85,0.4,-1,-1,0.65,0.65,0.334605,0.006122
1,-1,2,0.85,0.4,-1,-1,0.7,0.7,0.340459,0.005102
1,-1,2,0.85,0.4,-1,-1,0.75,0.75,0.349567,0.002041
1,-1,2,0.85,0.4,-1,-1,0.8,0.8,0.368431,0.001531
1,-1,2,0.85,0.4,-1,-1,0.85,0.85,0.385345,0.00051
1,-1,2,0.85,0.4,-1,-1,0.9,0.9,0.412666,0.00051
1,-1,2,0.85,0.4,-1,-1,0.95,0.95,0.458852,0.0
1,-1,2,0.85,0.4,-1,-1,1.0,1.0,0.683929,0.0
1,-1,2,0.9,0.4,-1,-1,0.05,0.05,0.319643,0.068878
1,-1,2,0.9,0.4,-1,-1,0.1,0.1,0.319643,0.066327
1,-1,2,0.9,0.4,-1,-1,0.15,0.15,0.319643,0.058674
1,-1,2,0.9,0.4,-1,-1,0.2,0.2,0.319643,0.053062
1,-1,2,0.9,0.4,-1,-1,0.25,0.25,0.321148,0.043878
1,-1,2,0.9,0.4,-1,-1,0.3,0.3,0.322653,0.038266
1,-1,2,0.9,0.4,-1,-1,0.35,0.35,0.323406,0.031123
1,-1,2,0.9,0.4,-1,-1,0.4,0.4,0.323406,0.02551
1,-1,2,0.9,0.4,-1,-1,0.45,0.45,0.323406,0.018878
1,-1,2,0.9,0.4,-1,-1,0.5,0.5,0.326416,0.016837
1,-1,2,0.9,0.4,-1,-1,0.55,0.55,0.328674,0.011735
1,-1,2,0.9,0.4,-1,-1,0.6,0.6,0.331684,0.008163
1,-1,2,0.9,0.4,-1,-1,0.65,0.65,0.336951,0.006122
1,-1,2,0.9,0.4,-1,-1,0.7,0.7,0.343725,0.005102
1,-1,2,0.9,0.4,-1,-1,0.75,0.75,0.35426,0.002041
1,-1,2,0.9,0.4,-1,-1,0.8,0.8,0.376084,0.001531
1,-1,2,0.9,0.4,-1,-1,0.85,0.85,0.39565,0.00051
1,-1,2,0.9,0.4,-1,-1,0.9,0.9,0.427258,0.00051
1,-1,2,0.9,0.4,-1,-1,0.95,0.95,0.480689,0.0
1,-1,2,0.9,0.4,-1,-1,1.0,1.0,0.741071,0.0
1,-1,2,0.95,0.4,-1,-1,0.05,0.05,0.319643,0.068878
1,-1,2,0.95,0.4,-1,-1,0.1,0.1,0.319643,0.066327
1,-1,2,0.95,0.4,-1,-1,0.15,0.15,0.319643,0.058674
1,-1,2,0.95,0.4,-1,-1,0.2,0.2,0.319643,0.053062
1,-1,2,0.95,0.4,-1,-1,0.25,0.25,0.321377,0.043878
1,-1,2,0.95,0.4,-1,-1,0.3,0.3,0.323112,0.038266
1,-1,2,0.95,0.4,-1,-1,0.35,0.35,0.32398,0.031123
1,-1,2,0.95,0.4,-1,-1,0.4,0.4,0.32398,0.02551
1,-1,2,0.95,0.4,-1,-1,0.45,0.45,0.32398,0.018878
1,-1,2,0.95,0.4,-1,-1,0.5,0.5,0.327449,0.016837
1,-1,2,0.95,0.4,-1,-1,0.55,0.55,0.330051,0.011735
1,-1,2,0.95,0.4,-1,-1,0.6,0.6,0.33352,0.008163
1,-1,2,0.95,0.4,-1,-1,0.65,0.65,0.339592,0.006122
1,-1,2,0.95,0.4,-1,-1,0.7,0.7,0.347398,0.005102
1,-1,2,0.95,0.4,-1,-1,0.75,0.75,0.359541,0.002041
1,-1,2,0.95,0.4,-1,-1,0.8,0.8,0.384694,0.001531
1,-1,2,0.95,0.4,-1,-1,0.85,0.85,0.407245,0.00051
1,-1,2,0.95,0.4,-1,-1,0.9,0.9,0.443673,0.00051
1,-1,2,0.95,0.4,-1,-1,0.95,0.95,0.505255,0.0
1,-1,2,0.95,0.4,-1,-1,1.0,1.0,0.805357,0.0
1,-1,2,1.0,0.4,-1,-1,0.05,0.05,0.319643,0.068878
1,-1,2,1.0,0.4,-1,-1,0.1,0.1,0.319643,0.066327
1,-1,2,1.0,0.4,-1,-1,0.15,0.15,0.319643,0.058674
1,-1,2,1.0,0.4,-1,-1,0.2,0.2,0.319643,0.053062
1,-1,2,1.0,0.4,-1,-1,0.25,0.25,0.322073,0.043878
1,-1,2,1.0,0.4,-1,-1,0.3,0.3,0.324503,0.038266
1,-1,2,1.0,0.4,-1,-1,0.35,0.35,0.325718,0.031123
1,-1,2,1.0,0.4,-1,-1,0.4,0.4,0.325718,0.02551
1,-1,2,1.0,0.4,-1,-1,0.45,0.45,0.325718,0.018878
1,-1,2,1.0,0.4,-1,-1,0.5,0.5,0.330577,0.016837
1,-1,2,1.0,0.4,-1,-1,0.55,0.55,0.334222,0.011735
1,-1,2,1.0,0.4,-1,-1,0.6,0.6,0.339081,0.008163
1,-1,2,1.0,0.4,-1,-1,0.65,0.65,0.347586,0.006122
1,-1,2,1.0,0.4,-1,-1,0.7,0.7,0.358521,0.005102
1,-1,2,1.0,0.4,-1,-1,0.75,0.75,0.37553,0.002041
1,-1,2,1.0,0.4,-1,-1,0.8,0.8,0.410763,0.001531
1,-1,2,1.0,0.4,-1,-1,0.85,0.85,0.44235,0.00051
1,-1,2,1.0,0.4,-1,-1,0.9,0.9,0.493377,0.00051
1,-1,2,1.0,0.4,-1,-1,0.95,0.95,0.579637,0.0
1,-1,2,1.0,0.4,-1,-1,1.0,1.0,1.0,0.0
1,-1,2,0.45,0.45,-1,-1,0.05,0.05,0.353571,0.05
1,-1,2,0.45,0.45,-1,-1,0.1,0.1,0.353571,0.05
1,-1,2,0.45,0.45,-1,-1,0.15,0.15,0.353571,0.05
1,-1,2,0.45,0.45,-1,-1,0.2,0.2,0.353571,0.05
1,-1,2,0.45,0.45,-1,-1,0.25,0.25,0.353571,0.05
1,-1,2,0.45,0.45,-1,-1,0.3,0.3,0.353571,0.05
1,-1,2,0.45,0.45,-1,-1,0.35,0.35,0.353571,0.05
1,-1,2,0.45,0.45,-1,-1,0.4,0.4,0.353571,0.05
1,-1,2,0.45,0.45,-1,-1,0.45,0.45,0.353571,0.05
1,-1,2,0.45,0.45,-1,-1,0.5,0.5,0.353571,0.05
1,-1,2,0.45,0.45,-1,-1,0.55,0.55,0.353571,0.05
1,-1,2,0.45,0.45,-1,-1,0.6,0.6,0.353571,0.05
1,-1,2,0.45,0.45,-1,-1,0.65,0.65,0.353571,0.05
1,-1,2,0.45,0.45,-1,-1,0.7,0.7,0.353571,0.05
1,-1,2,0.45,0.45,-1,-1,0.75,0.75,0.353571,0.05
1,-1,2,0.45,0.45,-1,-1,0.8,0.8,0.353571,0.05
1,-1,2,0.45,0.45,-1,-1,0.85,0.85,0.353571,0.05
1,-1,2,0.45,0.45,-1,-1,0.9,0.9,0.353571,0.05
1,-1,2,0.45,0.45,-1,-1,0.95,0.95,0.353571,0.05
1,-1,2,0.45,0.45,-1,-1,1.0,1.0,0.353571,0.05
1,-1,2,0.5,0.45,-1,-1,0.05,0.05,0.353571,0.049745
1,-1,2,0.5,0.45,-1,-1,0.1,0.1,0.353571,0.04949
1,-1,2,0.5,0.45,-1,-1,0.15,0.15,0.353571,0.048724
1,-1,2,0.5,0.45,-1,-1,0.2,0.2,0.353571,0.048163
1,-1,2,0.5,0.45,-1,-1,0.25,0.25,0.353737,0.047245
1,-1,2,0.5,0.45,-1,-1,0.3,0.3,0.353903,0.046684
1,-1,2,0.5,0.45,-1,-1,0.35,0.35,0.353986,0.045969
1,-1,2,0.5,0.45,-1,-1,0.4,0.4,0.353986,0.045408
1,-1,2,0.5,0.45,-1,-1,0.45,0.45,0.353986,0.044745
1,-1,2,0.5,0.45,-1,-1,0.5,0.5,0.354317,0.044541
1,-1,2,0.5,0.45,-1,-1,0.55,0.55,0.354566,0.04403
1,-1,2,0.5,0.45,-1,-1,0.6,0.6,0.354898,0.043673
1,-1,2,0.5,0.45,-1,-1,0.65,0.65,0.355478,0.043469
1,-1,2,0.5,0.45,-1,-1,0.7,0.7,0.356224,0.043367
1,-1,2,0.5,0.45,-1,-1,0.75,0.75,0.357385,0.043061
1,-1,2,0.5,0.45,-1,-1,0.8,0.8,0.359789,0.04301
1,-1,2,0.5,0.45,-1,-1,0.85,0.85,0.361945,0.042908
1,-1,2,0.5,0.45,-1,-1,0.9,0.9,0.365427,0.042908
1,-1,2,0.5,0.45,-1,-1,0.95,0.95,0.371314,0.042857
1,-1,2,0.5,0.45,-1,-1,1.0,1.0,0.4,0.042857
1,-1,2,0.55,0.45,-1,-1,0.05,0.05,0.353571,0.049235
1,-1,2,0.55,0.45,-1,-1,0.1,0.1,0.353571,0.048469
1,-1,2,0.55,0.45,-1,-1,0.15,0.15,0.353571,0.046173
1,-1,2,0.55,0.45,-1,-1,0.2,0.2,0.353571,0.04449
1,-1,2,0.55,0.45,-1,-1,0.25,0.25,0.353864,0.041735
1,-1,2,0.55,0.45,-1,-1,0.3,0.3,0.354158,0.040051
1,-1,2,0.55,0.45,-1,-1,0.35,0.35,0.354304,0.037908
1,-1,2,0.55,0.45,-1,-1,0.4,0.4,0.354304,0.036224
1,-1,2,0.55,0.45,-1,-1,0.45,0.45,0.354304,0.034234
1,-1,2,0.55,0.45,-1,-1,0.5,0.5,0.354891,0.033622
1,-1,2,0.55,0.45,-1,-1,0.55,0.55,0.355331,0.032091
1,-1,2,0.55,0.45,-1,-1,0.6,0.6,0.355918,0.03102
1,-1,2,0.55,0.45,-1,-1,0.65,0.65,0.356945,0.030408
1,-1,2,0.55,0.45,-1,-1,0.7,0.7,0.358265,0.030102
1,-1,2,0.55,0.45,-1,-1,0.75,0.75,0.360318,0.029183
1,-1,2,0.55,0.45,-1,-1,0.8,0.8,0.364572,0.02903
1,-1,2,0.55,0.45,-1,-1,0.85,0.85,0.368386,0.028724
1,-1,2,0.55,0.45,-1,-1,0.9,0.9,0.374547,0.028724
1,-1,2,0.55,0.45,-1,-1,0.95,0.95,0.384961,0.028571
1,-1,2,0.55,0.45,-1,-1,1.0,1.0,0.435714,0.028571
1,-1,2,0.6,0.45,-1,-1,0.05,0.05,0.353571,0.049235
1,-1,2,0.6,0.45,-1,-1,0.1,0.1,0.353571,0.048469
1,-1,2,0.6,0.45,-1,-1,0.15,0.15,0.353571,0.046173
1,-1,2,0.6,0.45,-1,-1,0.2,0.2,0.353571,0.04449
1,-1,2,0.6,0.45,-1,-1,0.25,0.25,0.354024,0.041735
1,-1,2,0.6,0.45,-1,-1,0.3,0.3,0.354477,0.040051
1,-1,2,0.6,0.45,-1,-1,0.35,0.35,0.354703,0.037908
1,-1,2,0.6,0.45,-1,-1,0.4,0.4,0.354703,0.036224
1,-1,2,0.6,0.45,-1,-1,0.45,0.45,0.354703,0.034234
1,-1,2,0.6,0.45,-1,-1,0.5,0.5,0.355609,0.033622
1,-1,2,0.6,0.45,-1,-1,0.55,0.55,0.356288,0.032091
1,-1,2,0.6,0.45,-1,-1,0.6,0.6,0.357193,0.03102
1,-1,2,0.6,0.45,-1,-1,0.65,0.65,0.358778,0.030408
1,-1,2,0.6,0.45,-1,-1,0.7,0.7,0.360816,0.030102
1,-1,2,0.6,0.45,-1,-1,0.75,0.75,0.363986,0.029183
1,-1,2,0.6,0.45,-1,-1,0.8,0.8,0.370551,0.02903
1,-1,2,0.6,0.45,-1,-1,0.85,0.85,0.376438,0.028724
1,-1,2,0.6,0.45,-1,-1,0.9,0.9,0.385947,0.028724
1,-1,2,0.6,0.45,-1,-1,0.95,0.95,0.402021,0.028571
1,-1,2,0.6,0.45,-1,-1,1.0,1.0,0.480357,0.028571
1,-1,2,0.65,0.45,-1,-1,0.05,0.05,0.353571,0.049235
1,-1,2,0.65,0.45,-1,-1,0.1,0.1,0.353571,0.048469
1,-1,2,0.65,0.45,-1,-1,0.15,0.15,0.353571,0.046173
1,-1,2,0.65,0.45,-1,-1,0.2,0.2,0.353571,0.04449
1,-1,2,0.65,0.45,-1,-1,0.25,0.25,0.354151,0.041735
1,-1,2,0.65,0.45,-1,-1,0.3,0.3,0.354732,0.040051
1,-1,2,0.65,0.45,-1,-1,0.35,0.35,0.355022,0.037908
1,-1,2,0.65,0.45,-1,-1,0.4,0.4,0.355022,0.036224
1,-1,2,0.65,0.45,-1,-1,0.45,0.45,0.355022,0.034234
1,-1,2,0.65,0.45,-1,-1,0.5,0.5,0.356183,0.033622
1,-1,2,0.65,0.45,-1,-1,0.55,0.55,0.357053,0.032091
1,-1,2,0.65,0.45,-1,-1,0.6,0.6,0.358214,0.03102
1,-1,2,0.65,0.45,-1,-1,0.65,0.65,0.360245,0.030408
1,-1,2,0.65,0.45,-1,-1,0.7,0.7,0.362857,0.030102
1,-1,2,0.65,0.45,-1,-1,0.75,0.75,0.366919,0.029183
1,-1,2,0.65,0.45,-1,-1,0.8,0.8,0.375334,0.02903
1,-1,2,0.65,0.45,-1,-1,0.85,0.85,0.382879,0.028724
1,-1,2,0.65,0.45,-1,-1,0.9,0.9,0.395067,0.028724
1,-1,2,0.65,0.45,-1,-1,0.95,0.95,0.415669,0.028571
1,-1,2,0.65,0.45,-1,-1,1.0,1.0,0.516071,0.028571
1,-1,2,0.7,0.45,-1,-1,0.05,0.05,0.353571,0.04898
1,-1,2,0.7,0.45,-1,-1,0.1,0.1,0.353571,0.047959
1,-1,2,0.7,0.45,-1,-1,0.15,0.15,0.353571,0.044898
1,-1,2,0.7,0.45,-1,-1,0.2,0.2,0.353571,0.042653
1,-1,2,0.7,0.45,-1,-1,0.25,0.25,0.354285,0.03898
1,-1,2,0.7,0.45,-1,-1,0.3,0.3,0.355,0.036735
1,-1,2,0.7,0.45,-1,-1,0.35,0.35,0.355357,0.033878
1,-1,2,0.7,0.45,-1,-1,0.4,0.4,0.355357,0.031633
1,-1,2,0.7,0.45,-1,-1,0.45,0.45,0.355357,0.02898
1,-1,2,0.7,0.45,-1,-1,0.5,0.5,0.356785,0.028164
1,-1,2,0.7,0.45,-1,-1,0.55,0.55,0.357857,0.026123
1,-1,2,0.7,0.45,-1,-1,0.6,0.6,0.359285,0.024694
1,-1,2,0.7,0.45,-1,-1,0.65,0.65,0.361785,0.023878
1,-1,2,0.7,0.45,-1,-1,0.7,0.7,0.365,0.02347
1,-1,2,0.7,0.45,-1,-1,0.75,0.75,0.37,0.022245
1,-1,2,0.7,0.45,-1,-1,0.8,0.8,0.380357,0.022041
1,-1,2,0.7,0.45,-1,-1,0.85,0.85,0.389642,0.021633
1,-1,2,0.7,0.45,-1,-1,0.9,0.9,0.404642,0.021633
1,-1,2,0.7,0.45,-1,-1,0.95,0.95,0.43,0.021429
1,-1,2,0.7,0.45,-1,-1,1.0,1.0,0.553571,0.021429
1,-1,2,0.75,0.45,-1,-1,0.05,0.05,0.353571,0.048469
1,-1,2,0.75,0.45,-1,-1,0.1,0.1,0.353571,0.046939
1,-1,2,0.75,0.45,-1,-1,0.15,0.15,0.353571,0.042347
1,-1,2,0.75,0.45,-1,-1,0.2,0.2,0.353571,0.03898
1,-1,2,0.75,0.45,-1,-1,0.25,0.25,0.354445,0.033469
1,-1,2,0.75,0.45,-1,-1,0.3,0.3,0.355318,0.030102
1,-1,2,0.75,0.45,-1,-1,0.35,0.35,0.355755,0.025816
1,-1,2,0.75,0.45,-1,-1,0.4,0.4,0.355755,0.022449
1,-1,2,0.75,0.45,-1,-1,0.45,0.45,0.355755,0.01847
1,-1,2,0.75,0.45,-1,-1,0.5,0.5,0.357503,0.017245
1,-1,2,0.75,0.45,-1,-1,0.55,0.55,0.358813,0.014184
1,-1,2,0.75,0.45,-1,-1,0.6,0.6,0.360561,0.012041
1,-1,2,0.75,0.45,-1,-1,0.65,0.65,0.363619,0.010816
1,-1,2,0.75,0.45,-1,-1,0.7,0.7,0.367551,0.010204
1,-1,2,0.75,0.45,-1,-1,0.75,0.75,0.373667,0.008367
1,-1,2,0.75,0.45,-1,-1,0.8,0.8,0.386336,0.008061
1,-1,2,0.75,0.45,-1,-1,0.85,0.85,0.397694,0.007449
1,-1,2,0.75,0.45,-1,-1,0.9,0.9,0.416042,0.007449
1,-1,2,0.75,0.45,-1,-1,0.95,0.95,0.44706,0.007143
1,-1,2,0.75,0.45,-1,-1,1.0,1.0,0.598214,0.007143
1,-1,2,0.8,0.45,-1,-1,0.05,0.05,0.353571,0.048469
1,-1,2,0.8,0.45,-1,-1,0.1,0.1,0.353571,0.046939
1,-1,2,0.8,0.45,-1,-1,0.15,0.15,0.353571,0.042347
1,-1,2,0.8,0.45,-1,-1,0.2,0.2,0.353571,0.03898
1,-1,2,0.8,0.45,-1,-1,0.25,0.25,0.354566,0.033469
1,-1,2,0.8,0.45,-1,-1,0.3,0.3,0.355561,0.030102
1,-1,2,0.8,0.45,-1,-1,0.35,0.35,0.356058,0.025816
1,-1,2,0.8,0.45,-1,-1,0.4,0.4,0.356058,0.022449
1,-1,2,0.8,0.45,-1,-1,0.45,0.45,0.356058,0.01847
1,-1,2,0.8,0.45,-1,-1,0.5,0.5,0.358048,0.017245
1,-1,2,0.8,0.45,-1,-1,0.55,0.55,0.359541,0.014184
1,-1,2,0.8,0.45,-1,-1,0.6,0.6,0.36153,0.012041
1,-1,2,0.8,0.45,-1,-1,0.65,0.65,0.365012,0.010816
1,-1,2,0.8,0.45,-1,-1,0.7,0.7,0.369489,0.010204
1,-1,2,0.8,0.45,-1,-1,0.75,0.75,0.376454,0.008367
1,-1,2,0.8,0.45,-1,-1,0.8,0.8,0.39088,0.008061
1,-1,2,0.8,0.45,-1,-1,0.85,0.85,0.403813,0.007449
1,-1,2,0.8,0.45,-1,-1,0.9,0.9,0.424706,0.007449
1,-1,2,0.8,0.45,-1,-1,0.95,0.95,0.460025,0.007143
1,-1,2,0.8,0.45,-1,-1,1.0,1.0,0.632143,0.007143
1,-1,2,0.85,0.45,-1,-1,0.05,0.05,0.353571,0.048214
1,-1,2,0.85,0.45,-1,-1,0.1,0.1,0.353571,0.046429
1,-1,2,0.85,0.45,-1,-1,0.15,0.15,0.353571,0.041071
1,-1,2,0.85,0.45,-1,-1,0.2,0.2,0.353571,0.037143
1,-1,2,0.85,0.45,-1,-1,0.25,0.25,0.354751,0.030714
1,-1,2,0.85,0.45,-1,-1,0.3,0.3,0.355931,0.026786
1,-1,2,0.85,0.45,-1,-1,0.35,0.35,0.356521,0.021786
1,-1,2,0.85,0.45,-1,-1,0.4,0.4,0.356521,0.017857
1,-1,2,0.85,0.45,-1,-1,0.45,0.45,0.356521,0.013214
1,-1,2,0.85,0.45,-1,-1,0.5,0.5,0.35888,0.011786
1,-1,2,0.85,0.45,-1,-1,0.55,0.55,0.36065,0.008214
1,-1,2,0.85,0.45,-1,-1,0.6,0.6,0.36301,0.005714
1,-1,2,0.85,0.45,-1,-1,0.65,0.65,0.367139,0.004286
1,-1,2,0.85,0.45,-1,-1,0.7,0.7,0.372449,0.003571
1,-1,2,0.85,0.45,-1,-1,0.75,0.75,0.380708,0.001429
1,-1,2,0.85,0.45,-1,-1,0.8,0.8,0.397816,0.001071
1,-1,2,0.85,0.45,-1,-1,0.85,0.85,0.413153,0.000357
1,-1,2,0.85,0.45,-1,-1,0.9,0.9,0.43793,0.000357
1,-1,2,0.85,0.45,-1,-1,0.95,0.95,0.479815,0.0
1,-1,2,0.85,0.45,-1,-1,1.0,1.0,0.683929,0.0
1,-1,2,0.9,0.45,-1,-1,0.05,0.05,0.353571,0.048214
1,-1,2,0.9,0.45,-1,-1,0.1,0.1,0.353571,0.046429
1,-1,2,0.9,0.45,-1,-1,0.15,0.15,0.353571,0.041071
1,-1,2,0.9,0.45,-1,-1,0.2,0.2,0.353571,0.037143
1,-1,2,0.9,0.45,-1,-1,0.25,0.25,0.354955,0.030714
1,-1,2,0.9,0.45,-1,-1,0.3,0.3,0.356339,0.026786
1,-1,2,0.9,0.45,-1,-1,0.35,0.35,0.357031,0.021786
1,-1,2,0.9,0.45,-1,-1,0.4,0.4,0.357031,0.017857
1,-1,2,0.9,0.45,-1,-1,0.45,0.45,0.357031,0.013214
1,-1,2,0.9,0.45,-1,-1,0.5,0.5,0.359799,0.011786
1,-1,2,0.9,0.45,-1,-1,0.55,0.55,0.361875,0.008214
1,-1,2,0.9,0.45,-1,-1,0.6,0.6,0.364642,0.005714
1,-1,2,0.9,0.45,-1,-1,0.65,0.65,0.369486,0.004286
1,-1,2,0.9,0.45,-1,-1,0.7,0.7,0.375714,0.003571
1,-1,2,0.9,0.45,-1,-1,0.75,0.75,0.385401,0.001429
1,-1,2,0.9,0.45,-1,-1,0.8,0.8,0.405468,0.001071
1,-1,2,0.9,0.45,-1,-1,0.85,0.85,0.423459,0.000357
1,-1,2,0.9,0.45,-1,-1,0.9,0.9,0.452522,0.000357
1,-1,2,0.9,0.45,-1,-1,0.95,0.95,0.501651,0.0
1,-1,2,0.9,0.45,-1,-1,1.0,1.0,0.741071,0.0
1,-1,2,0.95,0.45,-1,-1,0.05,0.05,0.353571,0.048214
1,-1,2,0.95,0.45,-1,-1,0.1,0.1,0.353571,0.046429
1,-1,2,0.95,0.45,-1,-1,0.15,0.15,0.353571,0.041071
1,-1,2,0.95,0.45,-1,-1,0.2,0.2,0.353571,0.037143
1,-1,2,0.95,0.45,-1,-1,0.25,0.25,0.355184,0.030714
1,-1,2,0.95,0.45,-1,-1,0.3,0.3,0.356798,0.026786
1,-1,2,0.95,0.45,-1,-1,0.35,0.35,0.357605,0.021786
1,-1,2,0.95,0.45,-1,-1,0.4,0.4,0.357605,0.017857
1,-1,2,0.95,0.45,-1,-1,0.45,0.45,0.357605,0.013214
1,-1,2,0.95,0.45,-1,-1,0.5,0.5,0.360832,0.011786
1,-1,2,0.95,0.45,-1,-1,0.55,0.55,0.363252,0.008214
1,-1,2,0.95,0.45,-1,-1,0.6,0.6,0.366479,0.005714
1,-1,2,0.95,0.45,-1,-1,0.65,0.65,0.372126,0.004286
1,-1,2,0.95,0.45,-1,-1,0.7,0.7,0.379387,0.003571
1,-1,2,0.95,0.45,-1,-1,0.75,0.75,0.390682,0.001429
1,-1,2,0.95,0.45,-1,-1,0.8,0.8,0.414078,0.001071
1,-1,2,0.95,0.45,-1,-1,0.85,0.85,0.435054,0.000357
1,-1,2,0.95,0.45,-1,-1,0.9,0.9,0.468938,0.000357
1,-1,2,0.95,0.45,-1,-1,0.95,0.95,0.526218,0.0
1,-1,2,0.95,0.45,-1,-1,1.0,1.0,0.805357,0.0
1,-1,2,1.0,0.45,-1,-1,0.05,0.05,0.353571,0.048214
1,-1,2,1.0,0.45,-1,-1,0.1,0.1,0.353571,0.046429
1,-1,2,1.0,0.45,-1,-1,0.15,0.15,0.353571,0.041071
1,-1,2,1.0,0.45,-1,-1,0.2,0.2,0.353571,0.037143
1,-1,2,1.0,0.45,-1,-1,0.25,0.25,0.355879,0.030714
1,-1,2,1.0,0.45,-1,-1,0.3,0.3,0.358188,0.026786
1,-1,2,1.0,0.45,-1,-1,0.35,0.35,0.359343,0.021786
1,-1,2,1.0,0.45,-1,-1,0.4,0.4,0.359343,0.017857
1,-1,2,1.0,0.45,-1,-1,0.45,0.45,0.359343,0.013214
1,-1,2,1.0,0.45,-1,-1,0.5,0.5,0.36396,0.011786
1,-1,2,1.0,0.45,-1,-1,0.55,0.55,0.367423,0.008214
1,-1,2,1.0,0.45,-1,-1,0.6,0.6,0.37204,0.005714
1,-1,2,1.0,0.45,-1,-1,0.65,0.65,0.38012,0.004286
1,-1,2,1.0,0.45,-1,-1,0.7,0.7,0.39051,0.003571
1,-1,2,1.0,0.45,-1,-1,0.75,0.75,0.406671,0.001429
1,-1,2,1.0,0.45,-1,-1,0.8,0.8,0.440147,0.001071
1,-1,2,1.0,0.45,-1,-1,0.85,0.85,0.470159,0.000357
1,-1,2,1.0,0.45,-1,-1,0.9,0.9,0.518641,0.000357
1,-1,2,1.0,0.45,-1,-1,0.95,0.95,0.600599,0.0
1,-1,2,1.0,0.45,-1,-1,1.0,1.0,1.0,0.0
1,-1,2,0.5,0.5,-1,-1,0.05,0.05,0.4,0.042857
1,-1,2,0.5,0.5,-1,-1,0.1,0.1,0.4,0.042857
1,-1,2,0.5,0.5,-1,-1,0.15,0.15,0.4,0.042857
1,-1,2,0.5,0.5,-1,-1,0.2,0.2,0.4,0.042857
1,-1,2,0.5,0.5,-1,-1,0.25,0.25,0.4,0.042857
1,-1,2,0.5,0.5,-1,-1,0.3,0.3,0.4,0.042857
1,-1,2,0.5,0.5,-1,-1,0.35,0.35,0.4,0.042857
1,-1,2,0.5,0.5,-1,-1,0.4,0.4,0.4,0.042857
1,-1,2,0.5,0.5,-1,-1,0.45,0.45,0.4,0.042857
1,-1,2,0.5,0.5,-1,-1,0.5,0.5,0.4,0.042857
1,-1,2,0.5,0.5,-1,-1,0.55,0.55,0.4,0.042857
1,-1,2,0.5,0.5,-1,-1,0.6,0.6,0.4,0.042857
1,-1,2,0.5,0.5,-1,-1,0.65,0.65,0.4,0.042857
1,-1,2,0.5,0.5,-1,-1,0.7,0.7,0.4,0.042857
1,-1,2,0.5,0.5,-1,-1,0.75,0.75,0.4,0.042857
1,-1,2,0.5,0.5,-1,-1,0.8,0.8,0.4,0.042857
1,-1,2,0.5,0.5,-1,-1,0.85,0.85,0.4,0.042857
1,-1,2,0.5,0.5,-1,-1,0.9,0.9,0.4,0.042857
1,-1,2,0.5,0.5,-1,-1,0.95,0.95,0.4,0.042857
1,-1,2,0.5,0.5,-1,-1,1.0,1.0,0.4,0.042857
1,-1,2,0.55,0.5,-1,-1,0.05,0.05,0.4,0.042347
1,-1,2,0.55,0.5,-1,-1,0.1,0.1,0.4,0.041837
1,-1,2,0.55,0.5,-1,-1,0.15,0.15,0.4,0.040306
1,-1,2,0.55,0.5,-1,-1,0.2,0.2,0.4,0.039183
1,-1,2,0.55,0.5,-1,-1,0.25,0.25,0.400128,0.037347
1,-1,2,0.55,0.5,-1,-1,0.3,0.3,0.400255,0.036224
1,-1,2,0.55,0.5,-1,-1,0.35,0.35,0.400319,0.034796
1,-1,2,0.55,0.5,-1,-1,0.4,0.4,0.400319,0.033673
1,-1,2,0.55,0.5,-1,-1,0.45,0.45,0.400319,0.032347
1,-1,2,0.55,0.5,-1,-1,0.5,0.5,0.400574,0.031938
1,-1,2,0.55,0.5,-1,-1,0.55,0.55,0.400765,0.030918
1,-1,2,0.55,0.5,-1,-1,0.6,0.6,0.40102,0.030204
1,-1,2,0.55,0.5,-1,-1,0.65,0.65,0.401467,0.029796
1,-1,2,0.55,0.5,-1,-1,0.7,0.7,0.402041,0.029591
1,-1,2,0.55,0.5,-1,-1,0.75,0.75,0.402934,0.028979
1,-1,2,0.55,0.5,-1,-1,0.8,0.8,0.404783,0.028877
1,-1,2,0.55,0.5,-1,-1,0.85,0.85,0.406441,0.028673
1,-1,2,0.55,0.5,-1,-1,0.9,0.9,0.40912,0.028673
1,-1,2,0.55,0.5,-1,-1,0.95,0.95,0.413648,0.028571
1,-1,2,0.55,0.5,-1,-1,1.0,1.0,0.435714,0.028571
1,-1,2,0.6,0.5,-1,-1,0.05,0.05,0.4,0.042347
1,-1,2,0.6,0.5,-1,-1,0.1,0.1,0.4,0.041837
1,-1,2,0.6,0.5,-1,-1,0.15,0.15,0.4,0.040306
1,-1,2,0.6,0.5,-1,-1,0.2,0.2,0.4,0.039183
1,-1,2,0.6,0.5,-1,-1,0.25,0.25,0.400287,0.037347
1,-1,2,0.6,0.5,-1,-1,0.3,0.3,0.400574,0.036224
1,-1,2,0.6,0.5,-1,-1,0.35,0.35,0.400718,0.034796
1,-1,2,0.6,0.5,-1,-1,0.4,0.4,0.400718,0.033673
1,-1,2,0.6,0.5,-1,-1,0.45,0.45,0.400718,0.032347
1,-1,2,0.6,0.5,-1,-1,0.5,0.5,0.401291,0.031938
1,-1,2,0.6,0.5,-1,-1,0.55,0.55,0.401722,0.030918
1,-1,2,0.6,0.5,-1,-1,0.6,0.6,0.402296,0.030204
1,-1,2,0.6,0.5,-1,-1,0.65,0.65,0.4033,0.029796
1,-1,2,0.6,0.5,-1,-1,0.7,0.7,0.404592,0.029591
1,-1,2,0.6,0.5,-1,-1,0.75,0.75,0.406601,0.028979
1,-1,2,0.6,0.5,-1,-1,0.8,0.8,0.410762,0.028877
1,-1,2,0.6,0.5,-1,-1,0.85,0.85,0.414493,0.028673
1,-1,2,0.6,0.5,-1,-1,0.9,0.9,0.42052,0.028673
1,-1,2,0.6,0.5,-1,-1,0.95,0.95,0.430708,0.028571
1,-1,2,0.6,0.5,-1,-1,1.0,1.0,0.480357,0.028571
1,-1,2,0.65,0.5,-1,-1,0.05,0.05,0.4,0.042347
1,-1,2,0.65,0.5,-1,-1,0.1,0.1,0.4,0.041837
1,-1,2,0.65,0.5,-1,-1,0.15,0.15,0.4,0.040306
1,-1,2,0.65,0.5,-1,-1,0.2,0.2,0.4,0.039183
1,-1,2,0.65,0.5,-1,-1,0.25,0.25,0.400414,0.037347
1,-1,2,0.65,0.5,-1,-1,0.3,0.3,0.400829,0.036224
1,-1,2,0.65,0.5,-1,-1,0.35,0.35,0.401036,0.034796
1,-1,2,0.65,0.5,-1,-1,0.4,0.4,0.401036,0.033673
1,-1,2,0.65,0.5,-1,-1,0.45,0.45,0.401036,0.032347
1,-1,2,0.65,0.5,-1,-1,0.5,0.5,0.401865,0.031938
1,-1,2,0.65,0.5,-1,-1,0.55,0.55,0.402487,0.030918
1,-1,2,0.65,0.5,-1,-1,0.6,0.6,0.403316,0.030204
1,-1,2,0.65,0.5,-1,-1,0.65,0.65,0.404767,0.029796
1,-1,2,0.65,0.5,-1,-1,0.7,0.7,0.406633,0.029591
1,-1,2,0.65,0.5,-1,-1,0.75,0.75,0.409534,0.028979
1,-1,2,0.65,0.5,-1,-1,0.8,0.8,0.415545,0.028877
1,-1,2,0.65,0.5,-1,-1,0.85,0.85,0.420934,0.028673
1,-1,2,0.65,0.5,-1,-1,0.9,0.9,0.42964,0.028673
1,-1,2,0.65,0.5,-1,-1,0.95,0.95,0.444356,0.028571
1,-1,2,0.65,0.5,-1,-1,1.0,1.0,0.516071,0.028571
1,-1,2,0.7,0.5,-1,-1,0.05,0.05,0.4,0.042092
1,-1,2,0.7,0.5,-1,-1,0.1,0.1,0.4,0.041326
1,-1,2,0.7,0.5,-1,-1,0.15,0.15,0.4,0.039031
1,-1,2,0.7,0.5,-1,-1,0.2,0.2,0.4,0.037347
1,-1,2,0.7,0.5,-1,-1,0.25,0.25,0.400548,0.034592
1,-1,2,0.7,0.5,-1,-1,0.3,0.3,0.401097,0.032908
1,-1,2,0.7,0.5,-1,-1,0.35,0.35,0.401371,0.030765
1,-1,2,0.7,0.5,-1,-1,0.4,0.4,0.401371,0.029082
1,-1,2,0.7,0.5,-1,-1,0.45,0.45,0.401371,0.027092
1,-1,2,0.7,0.5,-1,-1,0.5,0.5,0.402468,0.02648
1,-1,2,0.7,0.5,-1,-1,0.55,0.55,0.403291,0.024949
1,-1,2,0.7,0.5,-1,-1,0.6,0.6,0.404388,0.023878
1,-1,2,0.7,0.5,-1,-1,0.65,0.65,0.406307,0.023266
1,-1,2,0.7,0.5,-1,-1,0.7,0.7,0.408776,0.02296
1,-1,2,0.7,0.5,-1,-1,0.75,0.75,0.412615,0.022041
1,-1,2,0.7,0.5,-1,-1,0.8,0.8,0.420568,0.021888
1,-1,2,0.7,0.5,-1,-1,0.85,0.85,0.427698,0.021582
1,-1,2,0.7,0.5,-1,-1,0.9,0.9,0.439215,0.021582
1,-1,2,0.7,0.5,-1,-1,0.95,0.95,0.458686,0.021429
1,-1,2,0.7,0.5,-1,-1,1.0,1.0,0.553571,0.021429
1,-1,2,0.75,0.5,-1,-1,0.05,0.05,0.4,0.041582
1,-1,2,0.75,0.5,-1,-1,0.1,0.1,0.4,0.040306
1,-1,2,0.75,0.5,-1,-1,0.15,0.15,0.4,0.03648
1,-1,2,0.75,0.5,-1,-1,0.2,0.2,0.4,0.033673
1,-1,2,0.75,0.5,-1,-1,0.25,0.25,0.400708,0.029082
1,-1,2,0.75,0.5,-1,-1,0.3,0.3,0.401416,0.026275
1,-1,2,0.75,0.5,-1,-1,0.35,0.35,0.40177,0.022704
1,-1,2,0.75,0.5,-1,-1,0.4,0.4,0.40177,0.019898
1,-1,2,0.75,0.5,-1,-1,0.45,0.45,0.40177,0.016582
1,-1,2,0.75,0.5,-1,-1,0.5,0.5,0.403185,0.015561
1,-1,2,0.75,0.5,-1,-1,0.55,0.55,0.404248,0.01301
1,-1,2,0.75,0.5,-1,-1,0.6,0.6,0.405663,0.011225
1,-1,2,0.75,0.5,-1,-1,0.65,0.65,0.408141,0.010204
1,-1,2,0.75,0.5,-1,-1,0.7,0.7,0.411327,0.009694
1,-1,2,0.75,0.5,-1,-1,0.75,0.75,0.416282,0.008163
1,-1,2,0.75,0.5,-1,-1,0.8,0.8,0.426547,0.007908
1,-1,2,0.75,0.5,-1,-1,0.85,0.85,0.435749,0.007398
1,-1,2,0.75,0.5,-1,-1,0.9,0.9,0.450615,0.007398
1,-1,2,0.75,0.5,-1,-1,0.95,0.95,0.475746,0.007143
1,-1,2,0.75,0.5,-1,-1,1.0,1.0,0.598214,0.007143
1,-1,2,0.8,0.5,-1,-1,0.05,0.05,0.4,0.041582
1,-1,2,0.8,0.5,-1,-1,0.1,0.1,0.4,0.040306
1,-1,2,0.8,0.5,-1,-1,0.15,0.15,0.4,0.03648
1,-1,2,0.8,0.5,-1,-1,0.2,0.2,0.4,0.033673
1,-1,2,0.8,0.5,-1,-1,0.25,0.25,0.400829,0.029082
1,-1,2,0.8,0.5,-1,-1,0.3,0.3,0.401658,0.026275
1,-1,2,0.8,0.5,-1,-1,0.35,0.35,0.402073,0.022704
1,-1,2,0.8,0.5,-1,-1,0.4,0.4,0.402073,0.019898
1,-1,2,0.8,0.5,-1,-1,0.45,0.45,0.402073,0.016582
1,-1,2,0.8,0.5,-1,-1,0.5,0.5,0.403731,0.015561
1,-1,2,0.8,0.5,-1,-1,0.55,0.55,0.404975,0.01301
1,-1,2,0.8,0.5,-1,-1,0.6,0.6,0.406633,0.011225
1,-1,2,0.8,0.5,-1,-1,0.65,0.65,0.409534,0.010204
1,-1,2,0.8,0.5,-1,-1,0.7,0.7,0.413265,0.009694
1,-1,2,0.8,0.5,-1,-1,0.75,0.75,0.419069,0.008163
1,-1,2,0.8,0.5,-1,-1,0.8,0.8,0.431091,0.007908
1,-1,2,0.8,0.5,-1,-1,0.85,0.85,0.441869,0.007398
1,-1,2,0.8,0.5,-1,-1,0.9,0.9,0.459279,0.007398
1,-1,2,0.8,0.5,-1,-1,0.95,0.95,0.488712,0.007143
1,-1,2,0.8,0.5,-1,-1,1.0,1.0,0.632143,0.007143
1,-1,2,0.85,0.5,-1,-1,0.05,0.05,0.4,0.041326
1,-1,2,0.85,0.5,-1,-1,0.1,0.1,0.4,0.039796
1,-1,2,0.85,0.5,-1,-1,0.15,0.15,0.4,0.035204
1,-1,2,0.85,0.5,-1,-1,0.2,0.2,0.4,0.031837
1,-1,2,0.85,0.5,-1,-1,0.25,0.25,0.401014,0.026326
1,-1,2,0.85,0.5,-1,-1,0.3,0.3,0.402028,0.022959
1,-1,2,0.85,0.5,-1,-1,0.35,0.35,0.402535,0.018673
1,-1,2,0.85,0.5,-1,-1,0.4,0.4,0.402535,0.015306
1,-1,2,0.85,0.5,-1,-1,0.45,0.45,0.402535,0.011327
1,-1,2,0.85,0.5,-1,-1,0.5,0.5,0.404563,0.010102
1,-1,2,0.85,0.5,-1,-1,0.55,0.55,0.406084,0.007041
1,-1,2,0.85,0.5,-1,-1,0.6,0.6,0.408112,0.004898
1,-1,2,0.85,0.5,-1,-1,0.65,0.65,0.411661,0.003673
1,-1,2,0.85,0.5,-1,-1,0.7,0.7,0.416225,0.003061
1,-1,2,0.85,0.5,-1,-1,0.75,0.75,0.423323,0.001224
1,-1,2,0.85,0.5,-1,-1,0.8,0.8,0.438026,0.000918
1,-1,2,0.85,0.5,-1,-1,0.85,0.85,0.451209,0.000306
1,-1,2,0.85,0.5,-1,-1,0.9,0.9,0.472503,0.000306
1,-1,2,0.85,0.5,-1,-1,0.95,0.95,0.508501,0.0
1,-1,2,0.85,0.5,-1,-1,1.0,1.0,0.683929,0.0
1,-1,2,0.9,0.5,-1,-1,0.05,0.05,0.4,0.041326
1,-1,2,0.9,0.5,-1,-1,0.1,0.1,0.4,0.039796
1,-1,2,0.9,0.5,-1,-1,0.15,0.15,0.4,0.035204
1,-1,2,0.9,0.5,-1,-1,0.2,0.2,0.4,0.031837
1,-1,2,0.9,0.5,-1,-1,0.25,0.25,0.401218,0.026326
1,-1,2,0.9,0.5,-1,-1,0.3,0.3,0.402436,0.022959
1,-1,2,0.9,0.5,-1,-1,0.35,0.35,0.403045,0.018673
1,-1,2,0.9,0.5,-1,-1,0.4,0.4,0.403045,0.015306
1,-1,2,0.9,0.5,-1,-1,0.45,0.45,0.403045,0.011327
1,-1,2,0.9,0.5,-1,-1,0.5,0.5,0.405481,0.010102
1,-1,2,0.9,0.5,-1,-1,0.55,0.55,0.407309,0.007041
1,-1,2,0.9,0.5,-1,-1,0.6,0.6,0.409745,0.004898
1,-1,2,0.9,0.5,-1,-1,0.65,0.65,0.414008,0.003673
1,-1,2,0.9,0.5,-1,-1,0.7,0.7,0.41949,0.003061
1,-1,2,0.9,0.5,-1,-1,0.75,0.75,0.428017,0.001224
1,-1,2,0.9,0.5,-1,-1,0.8,0.8,0.445679,0.000918
1,-1,2,0.9,0.5,-1,-1,0.85,0.85,0.461515,0.000306
1,-1,2,0.9,0.5,-1,-1,0.9,0.9,0.487095,0.000306
1,-1,2,0.9,0.5,-1,-1,0.95,0.95,0.530338,0.0
1,-1,2,0.9,0.5,-1,-1,1.0,1.0,0.741071,0.0
1,-1,2,0.95,0.5,-1,-1,0.05,0.05,0.4,0.041326
1,-1,2,0.95,0.5,-1,-1,0.1,0.1,0.4,0.039796
1,-1,2,0.95,0.5,-1,-1,0.15,0.15,0.4,0.035204
1,-1,2,0.95,0.5,-1,-1,0.2,0.2,0.4,0.031837
1,-1,2,0.95,0.5,-1,-1,0.25,0.25,0.401448,0.026326
1,-1,2,0.95,0.5,-1,-1,0.3,0.3,0.402895,0.022959
1,-1,2,0.95,0.5,-1,-1,0.35,0.35,0.403619,0.018673
1,-1,2,0.95,0.5,-1,-1,0.4,0.4,0.403619,0.015306
1,-1,2,0.95,0.5,-1,-1,0.45,0.45,0.403619,0.011327
1,-1,2,0.95,0.5,-1,-1,0.5,0.5,0.406514,0.010102
1,-1,2,0.95,0.5,-1,-1,0.55,0.55,0.408686,0.007041
1,-1,2,0.95,0.5,-1,-1,0.6,0.6,0.411581,0.004898
1,-1,2,0.95,0.5,-1,-1,0.65,0.65,0.416648,0.003673
1,-1,2,0.95,0.5,-1,-1,0.7,0.7,0.423163,0.003061
1,-1,2,0.95,0.5,-1,-1,0.75,0.75,0.433297,0.001224
1,-1,2,0.95,0.5,-1,-1,0.8,0.8,0.454289,0.000918
1,-1,2,0.95,0.5,-1,-1,0.85,0.85,0.473109,0.000306
1,-1,2,0.95,0.5,-1,-1,0.9,0.9,0.503511,0.000306
1,-1,2,0.95,0.5,-1,-1,0.95,0.95,0.554904,0.0
1,-1,2,0.95,0.5,-1,-1,1.0,1.0,0.805357,0.0
1,-1,2,1.0,0.5,-1,-1,0.05,0.05,0.4,0.041326
1,-1,2,1.0,0.5,-1,-1,0.1,0.1,0.4,0.039796
1,-1,2,1.0,0.5,-1,-1,0.15,0.15,0.4,0.035204
1,-1,2,1.0,0.5,-1,-1,0.2,0.2,0.4,0.031837
1,-1,2,1.0,0.5,-1,-1,0.25,0.25,0.402143,0.026326
1,-1,2,1.0,0.5,-1,-1,0.3,0.3,0.404286,0.022959
1,-1,2,1.0,0.5,-1,-1,0.35,0.35,0.405357,0.018673
1,-1,2,1.0,0.5,-1,-1,0.4,0.4,0.405357,0.015306
1,-1,2,1.0,0.5,-1,-1,0.45,0.45,0.405357,0.011327
1,-1,2,1.0,0.5,-1,-1,0.5,0.5,0.409643,0.010102
1,-1,2,1.0,0.5,-1,-1,0.55,0.55,0.412857,0.007041
1,-1,2,1.0,0.5,-1,-1,0.6,0.6,0.417143,0.004898
1,-1,2,1.0,0.5,-1,-1,0.65,0.65,0.424643,0.003673
1,-1,2,1.0,0.5,-1,-1,0.7,0.7,0.434286,0.003061
1,-1,2,1.0,0.5,-1,-1,0.75,0.75,0.449286,0.001224
1,-1,2,1.0,0.5,-1,-1,0.8,0.8,0.480357,0.000918
1,-1,2,1.0,0.5,-1,-1,0.85,0.85,0.508214,0.000306
1,-1,2,1.0,0.5,-1,-1,0.9,0.9,0.553214,0.000306
1,-1,2,1.0,0.5,-1,-1,0.95,0.95,0.629286,0.0
1,-1,2,1.0,0.5,-1,-1,1.0,1.0,1.0,0.0
1,-1,2,0.55,0.55,-1,-1,0.05,0.05,0.435714,0.028571
1,-1,2,0.55,0.55,-1,-1,0.1,0.1,0.435714,0.028571
1,-1,2,0.55,0.55,-1,-1,0.15,0.15,0.435714,0.028571
1,-1,2,0.55,0.55,-1,-1,0.2,0.2,0.435714,0.028571
1,-1,2,0.55,0.55,-1,-1,0.25,0.25,0.435714,0.028571
1,-1,2,0.55,0.55,-1,-1,0.3,0.3,0.435714,0.028571
1,-1,2,0.55,0.55,-1,-1,0.35,0.35,0.435714,0.028571
1,-1,2,0.55,0.55,-1,-1,0.4,0.4,0.435714,0.028571
1,-1,2,0.55,0.55,-1,-1,0.45,0.45,0.435714,0.028571
1,-1,2,0.55,0.55,-1,-1,0.5,0.5,0.435714,0.028571
1,-1,2,0.55,0.55,-1,-1,0.55,0.55,0.435714,0.028571
1,-1,2,0.55,0.55,-1,-1,0.6,0.6,0.435714,0.028571
1,-1,2,0.55,0.55,-1,-1,0.65,0.65,0.435714,0.028571
1,-1,2,0.55,0.55,-1,-1,0.7,0.7,0.435714,0.028571
1,-1,2,0.55,0.55,-1,-1,0.75,0.75,0.435714,0.028571
1,-1,2,0.55,0.55,-1,-1,0.8,0.8,0.435714,0.028571
1,-1,2,0.55,0.55,-1,-1,0.85,0.85,0.435714,0.028571
1,-1,2,0.55,0.55,-1,-1,0.9,0.9,0.435714,0.028571
1,-1,2,0.55,0.55,-1,-1,0.95,0.95,0.435714,0.028571
1,-1,2,0.55,0.55,-1,-1,1.0,1.0,0.435714,0.028571
1,-1,2,0.6,0.55,-1,-1,0.05,0.05,0.435714,0.028571
1,-1,2,0.6,0.55,-1,-1,0.1,0.1,0.435714,0.028571
1,-1,2,0.6,0.55,-1,-1,0.15,0.15,0.435714,0.028571
1,-1,2,0.6,0.55,-1,-1,0.2,0.2,0.435714,0.028571
1,-1,2,0.6,0.55,-1,-1,0.25,0.25,0.435873,0.028571
1,-1,2,0.6,0.55,-1,-1,0.3,0.3,0.436033,0.028571
1,-1,2,0.6,0.55,-1,-1,0.35,0.35,0.436113,0.028571
1,-1,2,0.6,0.55,-1,-1,0.4,0.4,0.436113,0.028571
1,-1,2,0.6,0.55,-1,-1,0.45,0.45,0.436113,0.028571
1,-1,2,0.6,0.55,-1,-1,0.5,0.5,0.436431,0.028571
1,-1,2,0.6,0.55,-1,-1,0.55,0.55,0.436671,0.028571
1,-1,2,0.6,0.55,-1,-1,0.6,0.6,0.436989,0.028571
1,-1,2,0.6,0.55,-1,-1,0.65,0.65,0.437548,0.028571
1,-1,2,0.6,0.55,-1,-1,0.7,0.7,0.438265,0.028571
1,-1,2,0.6,0.55,-1,-1,0.75,0.75,0.439381,0.028571
1,-1,2,0.6,0.55,-1,-1,0.8,0.8,0.441693,0.028571
1,-1,2,0.6,0.55,-1,-1,0.85,0.85,0.443766,0.028571
1,-1,2,0.6,0.55,-1,-1,0.9,0.9,0.447114,0.028571
1,-1,2,0.6,0.55,-1,-1,0.95,0.95,0.452774,0.028571
1,-1,2,0.6,0.55,-1,-1,1.0,1.0,0.480357,0.028571
1,-1,2,0.65,0.55,-1,-1,0.05,0.05,0.435714,0.028571
1,-1,2,0.65,0.55,-1,-1,0.1,0.1,0.435714,0.028571
1,-1,2,0.65,0.55,-1,-1,0.15,0.15,0.435714,0.028571
1,-1,2,0.65,0.55,-1,-1,0.2,0.2,0.435714,0.028571
1,-1,2,0.65,0.55,-1,-1,0.25,0.25,0.436001,0.028571
1,-1,2,0.65,0.55,-1,-1,0.3,0.3,0.436288,0.028571
1,-1,2,0.65,0.55,-1,-1,0.35,0.35,0.436432,0.028571
1,-1,2,0.65,0.55,-1,-1,0.4,0.4,0.436432,0.028571
1,-1,2,0.65,0.55,-1,-1,0.45,0.45,0.436432,0.028571
1,-1,2,0.65,0.55,-1,-1,0.5,0.5,0.437005,0.028571
1,-1,2,0.65,0.55,-1,-1,0.55,0.55,0.437436,0.028571
1,-1,2,0.65,0.55,-1,-1,0.6,0.6,0.43801,0.028571
1,-1,2,0.65,0.55,-1,-1,0.65,0.65,0.439014,0.028571
1,-1,2,0.65,0.55,-1,-1,0.7,0.7,0.440306,0.028571
1,-1,2,0.65,0.55,-1,-1,0.75,0.75,0.442315,0.028571
1,-1,2,0.65,0.55,-1,-1,0.8,0.8,0.446476,0.028571
1,-1,2,0.65,0.55,-1,-1,0.85,0.85,0.450207,0.028571
1,-1,2,0.65,0.55,-1,-1,0.9,0.9,0.456234,0.028571
1,-1,2,0.65,0.55,-1,-1,0.95,0.95,0.466422,0.028571
1,-1,2,0.65,0.55,-1,-1,1.0,1.0,0.516071,0.028571
1,-1,2,0.7,0.55,-1,-1,0.05,0.05,0.435714,0.028316
1,-1,2,0.7,0.55,-1,-1,0.1,0.1,0.435714,0.028061
1,-1,2,0.7,0.55,-1,-1,0.15,0.15,0.435714,0.027296
1,-1,2,0.7,0.55,-1,-1,0.2,0.2,0.435714,0.026734
1,-1,2,0.7,0.55,-1,-1,0.25,0.25,0.436135,0.025816
1,-1,2,0.7,0.55,-1,-1,0.3,0.3,0.436556,0.025255
1,-1,2,0.7,0.55,-1,-1,0.35,0.35,0.436766,0.024541
1,-1,2,0.7,0.55,-1,-1,0.4,0.4,0.436766,0.02398
1,-1,2,0.7,0.55,-1,-1,0.45,0.45,0.436766,0.023317
1,-1,2,0.7,0.55,-1,-1,0.5,0.5,0.437608,0.023112
1,-1,2,0.7,0.55,-1,-1,0.55,0.55,0.43824,0.022602
1,-1,2,0.7,0.55,-1,-1,0.6,0.6,0.439081,0.022245
1,-1,2,0.7,0.55,-1,-1,0.65,0.65,0.440555,0.022041
1,-1,2,0.7,0.55,-1,-1,0.7,0.7,0.442449,0.021939
1,-1,2,0.7,0.55,-1,-1,0.75,0.75,0.445395,0.021633
1,-1,2,0.7,0.55,-1,-1,0.8,0.8,0.451498,0.021582
1,-1,2,0.7,0.55,-1,-1,0.85,0.85,0.45697,0.02148
1,-1,2,0.7,0.55,-1,-1,0.9,0.9,0.46581,0.02148
1,-1,2,0.7,0.55,-1,-1,0.95,0.95,0.480752,0.021429
1,-1,2,0.7,0.55,-1,-1,1.0,1.0,0.553571,0.021429
1,-1,2,0.75,0.55,-1,-1,0.05,0.05,0.435714,0.027806
1,-1,2,0.75,0.55,-1,-1,0.1,0.1,0.435714,0.02704
1,-1,2,0.75,0.55,-1,-1,0.15,0.15,0.435714,0.024745
1,-1,2,0.75,0.55,-1,-1,0.2,0.2,0.435714,0.023061
1,-1,2,0.75,0.55,-1,-1,0.25,0.25,0.436294,0.020306
1,-1,2,0.75,0.55,-1,-1,0.3,0.3,0.436875,0.018622
1,-1,2,0.75,0.55,-1,-1,0.35,0.35,0.437165,0.016479
1,-1,2,0.75,0.55,-1,-1,0.4,0.4,0.437165,0.014796
1,-1,2,0.75,0.55,-1,-1,0.45,0.45,0.437165,0.012806
1,-1,2,0.75,0.55,-1,-1,0.5,0.5,0.438326,0.012194
1,-1,2,0.75,0.55,-1,-1,0.55,0.55,0.439196,0.010663
1,-1,2,0.75,0.55,-1,-1,0.6,0.6,0.440357,0.009592
1,-1,2,0.75,0.55,-1,-1,0.65,0.65,0.442388,0.00898
1,-1,2,0.75,0.55,-1,-1,0.7,0.7,0.445,0.008674
1,-1,2,0.75,0.55,-1,-1,0.75,0.75,0.449062,0.007755
1,-1,2,0.75,0.55,-1,-1,0.8,0.8,0.457477,0.007602
1,-1,2,0.75,0.55,-1,-1,0.85,0.85,0.465022,0.007296
1,-1,2,0.75,0.55,-1,-1,0.9,0.9,0.47721,0.007296
1,-1,2,0.75,0.55,-1,-1,0.95,0.95,0.497812,0.007143
1,-1,2,0.75,0.55,-1,-1,1.0,1.0,0.598214,0.007143
1,-1,2,0.8,0.55,-1,-1,0.05,0.05,0.435714,0.027806
1,-1,2,0.8,0.55,-1,-1,0.1,0.1,0.435714,0.02704
1,-1,2,0.8,0.55,-1,-1,0.15,0.15,0.435714,0.024745
1,-1,2,0.8,0.55,-1,-1,0.2,0.2,0.435714,0.023061
1,-1,2,0.8,0.55,-1,-1,0.25,0.25,0.436415,0.020306
1,-1,2,0.8,0.55,-1,-1,0.3,0.3,0.437117,0.018622
1,-1,2,0.8,0.55,-1,-1,0.35,0.35,0.437468,0.016479
1,-1,2,0.8,0.55,-1,-1,0.4,0.4,0.437468,0.014796
1,-1,2,0.8,0.55,-1,-1,0.45,0.45,0.437468,0.012806
1,-1,2,0.8,0.55,-1,-1,0.5,0.5,0.438871,0.012194
1,-1,2,0.8,0.55,-1,-1,0.55,0.55,0.439923,0.010663
1,-1,2,0.8,0.55,-1,-1,0.6,0.6,0.441326,0.009592
1,-1,2,0.8,0.55,-1,-1,0.65,0.65,0.443782,0.00898
1,-1,2,0.8,0.55,-1,-1,0.7,0.7,0.446939,0.008674
1,-1,2,0.8,0.55,-1,-1,0.75,0.75,0.451849,0.007755
1,-1,2,0.8,0.55,-1,-1,0.8,0.8,0.462022,0.007602
1,-1,2,0.8,0.55,-1,-1,0.85,0.85,0.471141,0.007296
1,-1,2,0.8,0.55,-1,-1,0.9,0.9,0.485874,0.007296
1,-1,2,0.8,0.55,-1,-1,0.95,0.95,0.510778,0.007143
1,-1,2,0.8,0.55,-1,-1,1.0,1.0,0.632143,0.007143
1,-1,2,0.85,0.55,-1,-1,0.05,0.05,0.435714,0.027551
1,-1,2,0.85,0.55,-1,-1,0.1,0.1,0.435714,0.02653
1,-1,2,0.85,0.55,-1,-1,0.15,0.15,0.435714,0.023469
1,-1,2,0.85,0.55,-1,-1,0.2,0.2,0.435714,0.021224
1,-1,2,0.85,0.55,-1,-1,0.25,0.25,0.4366,0.017551
1,-1,2,0.85,0.55,-1,-1,0.3,0.3,0.437487,0.015306
1,-1,2,0.85,0.55,-1,-1,0.35,0.35,0.43793,0.012449
1,-1,2,0.85,0.55,-1,-1,0.4,0.4,0.43793,0.010204
1,-1,2,0.85,0.55,-1,-1,0.45,0.45,0.43793,0.007551
1,-1,2,0.85,0.55,-1,-1,0.5,0.5,0.439703,0.006735
1,-1,2,0.85,0.55,-1,-1,0.55,0.55,0.441033,0.004694
1,-1,2,0.85,0.55,-1,-1,0.6,0.6,0.442806,0.003265
1,-1,2,0.85,0.55,-1,-1,0.65,0.65,0.445908,0.002449
1,-1,2,0.85,0.55,-1,-1,0.7,0.7,0.449898,0.002041
1,-1,2,0.85,0.55,-1,-1,0.75,0.75,0.456103,0.000816
1,-1,2,0.85,0.55,-1,-1,0.8,0.8,0.468957,0.000612
1,-1,2,0.85,0.55,-1,-1,0.85,0.85,0.480481,0.000204
1,-1,2,0.85,0.55,-1,-1,0.9,0.9,0.499097,0.000204
1,-1,2,0.85,0.55,-1,-1,0.95,0.95,0.530568,0.0
1,-1,2,0.85,0.55,-1,-1,1.0,1.0,0.683929,0.0
1,-1,2,0.9,0.55,-1,-1,0.05,0.05,0.435714,0.027551
1,-1,2,0.9,0.55,-1,-1,0.1,0.1,0.435714,0.02653
1,-1,2,0.9,0.55,-1,-1,0.15,0.15,0.435714,0.023469
1,-1,2,0.9,0.55,-1,-1,0.2,0.2,0.435714,0.021224
1,-1,2,0.9,0.55,-1,-1,0.25,0.25,0.436804,0.017551
1,-1,2,0.9,0.55,-1,-1,0.3,0.3,0.437895,0.015306
1,-1,2,0.9,0.55,-1,-1,0.35,0.35,0.438441,0.012449
1,-1,2,0.9,0.55,-1,-1,0.4,0.4,0.438441,0.010204
1,-1,2,0.9,0.55,-1,-1,0.45,0.45,0.438441,0.007551
1,-1,2,0.9,0.55,-1,-1,0.5,0.5,0.440621,0.006735
1,-1,2,0.9,0.55,-1,-1,0.55,0.55,0.442257,0.004694
1,-1,2,0.9,0.55,-1,-1,0.6,0.6,0.444438,0.003265
1,-1,2,0.9,0.55,-1,-1,0.65,0.65,0.448255,0.002449
1,-1,2,0.9,0.55,-1,-1,0.7,0.7,0.453163,0.002041
1,-1,2,0.9,0.55,-1,-1,0.75,0.75,0.460797,0.000816
1,-1,2,0.9,0.55,-1,-1,0.8,0.8,0.47661,0.000612
1,-1,2,0.9,0.55,-1,-1,0.85,0.85,0.490787,0.000204
1,-1,2,0.9,0.55,-1,-1,0.9,0.9,0.513689,0.000204
1,-1,2,0.9,0.55,-1,-1,0.95,0.95,0.552404,0.0
1,-1,2,0.9,0.55,-1,-1,1.0,1.0,0.741071,0.0
1,-1,2,0.95,0.55,-1,-1,0.05,0.05,0.435714,0.027551
1,-1,2,0.95,0.55,-1,-1,0.1,0.1,0.435714,0.02653
1,-1,2,0.95,0.55,-1,-1,0.15,0.15,0.435714,0.023469
1,-1,2,0.95,0.55,-1,-1,0.2,0.2,0.435714,0.021224
1,-1,2,0.95,0.55,-1,-1,0.25,0.25,0.437034,0.017551
1,-1,2,0.95,0.55,-1,-1,0.3,0.3,0.438354,0.015306
1,-1,2,0.95,0.55,-1,-1,0.35,0.35,0.439015,0.012449
1,-1,2,0.95,0.55,-1,-1,0.4,0.4,0.439015,0.010204
1,-1,2,0.95,0.55,-1,-1,0.45,0.45,0.439015,0.007551
1,-1,2,0.95,0.55,-1,-1,0.5,0.5,0.441655,0.006735
1,-1,2,0.95,0.55,-1,-1,0.55,0.55,0.443635,0.004694
1,-1,2,0.95,0.55,-1,-1,0.6,0.6,0.446275,0.003265
1,-1,2,0.95,0.55,-1,-1,0.65,0.65,0.450896,0.002449
1,-1,2,0.95,0.55,-1,-1,0.7,0.7,0.456837,0.002041
1,-1,2,0.95,0.55,-1,-1,0.75,0.75,0.466078,0.000816
1,-1,2,0.95,0.55,-1,-1,0.8,0.8,0.48522,0.000612
1,-1,2,0.95,0.55,-1,-1,0.85,0.85,0.502382,0.000204
1,-1,2,0.95,0.55,-1,-1,0.9,0.9,0.530105,0.000204
1,-1,2,0.95,0.55,-1,-1,0.95,0.95,0.57697,0.0
1,-1,2,0.95,0.55,-1,-1,1.0,1.0,0.805357,0.0
1,-1,2,1.0,0.55,-1,-1,0.05,0.05,0.435714,0.027551
1,-1,2,1.0,0.55,-1,-1,0.1,0.1,0.435714,0.02653
1,-1,2,1.0,0.55,-1,-1,0.15,0.15,0.435714,0.023469
1,-1,2,1.0,0.55,-1,-1,0.2,0.2,0.435714,0.021224
1,-1,2,1.0,0.55,-1,-1,0.25,0.25,0.437729,0.017551
1,-1,2,1.0,0.55,-1,-1,0.3,0.3,0.439745,0.015306
1,-1,2,1.0,0.55,-1,-1,0.35,0.35,0.440753,0.012449
1,-1,2,1.0,0.55,-1,-1,0.4,0.4,0.440753,0.010204
1,-1,2,1.0,0.55,-1,-1,0.45,0.45,0.440753,0.007551
1,-1,2,1.0,0.55,-1,-1,0.5,0.5,0.444783,0.006735
1,-1,2,1.0,0.55,-1,-1,0.55,0.55,0.447806,0.004694
1,-1,2,1.0,0.55,-1,-1,0.6,0.6,0.451836,0.003265
1,-1,2,1.0,0.55,-1,-1,0.65,0.65,0.45889,0.002449
1,-1,2,1.0,0.55,-1,-1,0.7,0.7,0.467959,0.002041
1,-1,2,1.0,0.55,-1,-1,0.75,0.75,0.482066,0.000816
1,-1,2,1.0,0.55,-1,-1,0.8,0.8,0.511288,0.000612
1,-1,2,1.0,0.55,-1,-1,0.85,0.85,0.537487,0.000204
1,-1,2,1.0,0.55,-1,-1,0.9,0.9,0.579808,0.000204
1,-1,2,1.0,0.55,-1,-1,0.95,0.95,0.651352,0.0
1,-1,2,1.0,0.55,-1,-1,1.0,1.0,1.0,0.0
1,-1,2,0.6,0.6,-1,-1,0.05,0.05,0.480357,0.028571
1,-1,2,0.6,0.6,-1,-1,0.1,0.1,0.480357,0.028571
1,-1,2,0.6,0.6,-1,-1,0.15,0.15,0.480357,0.028571
1,-1,2,0.6,0.6,-1,-1,0.2,0.2,0.480357,0.028571
1,-1,2,0.6,0.6,-1,-1,0.25,0.25,0.480357,0.028571
1,-1,2,0.6,0.6,-1,-1,0.3,0.3,0.480357,0.028571
1,-1,2,0.6,0.6,-1,-1,0.35,0.35,0.480357,0.028571
1,-1,2,0.6,0.6,-1,-1,0.4,0.4,0.480357,0.028571
1,-1,2,0.6,0.6,-1,-1,0.45,0.45,0.480357,0.028571
1,-1,2,0.6,0.6,-1,-1,0.5,0.5,0.480357,0.028571
1,-1,2,0.6,0.6,-1,-1,0.55,0.55,0.480357,0.028571
1,-1,2,0.6,0.6,-1,-1,0.6,0.6,0.480357,0.028571
1,-1,2,0.6,0.6,-1,-1,0.65,0.65,0.480357,0.028571
1,-1,2,0.6,0.6,-1,-1,0.7,0.7,0.480357,0.028571
1,-1,2,0.6,0.6,-1,-1,0.75,0.75,0.480357,0.028571
1,-1,2,0.6,0.6,-1,-1,0.8,0.8,0.480357,0.028571
1,-1,2,0.6,0.6,-1,-1,0.85,0.85,0.480357,0.028571
1,-1,2,0.6,0.6,-1,-1,0.9,0.9,0.480357,0.028571
1,-1,2,0.6,0.6,-1,-1,0.95,0.95,0.480357,0.028571
1,-1,2,0.6,0.6,-1,-1,1.0,1.0,0.480357,0.028571
1,-1,2,0.65,0.6,-1,-1,0.05,0.05,0.480357,0.028571
1,-1,2,0.65,0.6,-1,-1,0.1,0.1,0.480357,0.028571
1,-1,2,0.65,0.6,-1,-1,0.15,0.15,0.480357,0.028571
1,-1,2,0.65,0.6,-1,-1,0.2,0.2,0.480357,0.028571
1,-1,2,0.65,0.6,-1,-1,0.25,0.25,0.480485,0.028571
1,-1,2,0.65,0.6,-1,-1,0.3,0.3,0.480612,0.028571
1,-1,2,0.65,0.6,-1,-1,0.35,0.35,0.480676,0.028571
1,-1,2,0.65,0.6,-1,-1,0.4,0.4,0.480676,0.028571
1,-1,2,0.65,0.6,-1,-1,0.45,0.45,0.480676,0.028571
1,-1,2,0.65,0.6,-1,-1,0.5,0.5,0.480931,0.028571
1,-1,2,0.65,0.6,-1,-1,0.55,0.55,0.481122,0.028571
1,-1,2,0.65,0.6,-1,-1,0.6,0.6,0.481377,0.028571
1,-1,2,0.65,0.6,-1,-1,0.65,0.65,0.481824,0.028571
1,-1,2,0.65,0.6,-1,-1,0.7,0.7,0.482398,0.028571
1,-1,2,0.65,0.6,-1,-1,0.75,0.75,0.483291,0.028571
1,-1,2,0.65,0.6,-1,-1,0.8,0.8,0.48514,0.028571
1,-1,2,0.65,0.6,-1,-1,0.85,0.85,0.486798,0.028571
1,-1,2,0.65,0.6,-1,-1,0.9,0.9,0.489477,0.028571
1,-1,2,0.65,0.6,-1,-1,0.95,0.95,0.494005,0.028571
1,-1,2,0.65,0.6,-1,-1,1.0,1.0,0.516071,0.028571
1,-1,2,0.7,0.6,-1,-1,0.05,0.05,0.480357,0.028316
1,-1,2,0.7,0.6,-1,-1,0.1,0.1,0.480357,0.028061
1,-1,2,0.7,0.6,-1,-1,0.15,0.15,0.480357,0.027296
1,-1,2,0.7,0.6,-1,-1,0.2,0.2,0.480357,0.026734
1,-1,2,0.7,0.6,-1,-1,0.25,0.25,0.480618,0.025816
1,-1,2,0.7,0.6,-1,-1,0.3,0.3,0.48088,0.025255
1,-1,2,0.7,0.6,-1,-1,0.35,0.35,0.481011,0.024541
1,-1,2,0.7,0.6,-1,-1,0.4,0.4,0.481011,0.02398
1,-1,2,0.7,0.6,-1,-1,0.45,0.45,0.481011,0.023317
1,-1,2,0.7,0.6,-1,-1,0.5,0.5,0.481534,0.023112
1,-1,2,0.7,0.6,-1,-1,0.55,0.55,0.481926,0.022602
1,-1,2,0.7,0.6,-1,-1,0.6,0.6,0.482449,0.022245
1,-1,2,0.7,0.6,-1,-1,0.65,0.65,0.483364,0.022041
1,-1,2,0.7,0.6,-1,-1,0.7,0.7,0.484541,0.021939
1,-1,2,0.7,0.6,-1,-1,0.75,0.75,0.486371,0.021633
1,-1,2,0.7,0.6,-1,-1,0.8,0.8,0.490162,0.021582
1,-1,2,0.7,0.6,-1,-1,0.85,0.85,0.493562,0.02148
1,-1,2,0.7,0.6,-1,-1,0.9,0.9,0.499053,0.02148
1,-1,2,0.7,0.6,-1,-1,0.95,0.95,0.508335,0.021429
1,-1,2,0.7,0.6,-1,-1,1.0,1.0,0.553571,0.021429
1,-1,2,0.75,0.6,-1,-1,0.05,0.05,0.480357,0.027806
1,-1,2,0.75,0.6,-1,-1,0.1,0.1,0.480357,0.02704
1,-1,2,0.75,0.6,-1,-1,0.15,0.15,0.480357,0.024745
1,-1,2,0.75,0.6,-1,-1,0.2,0.2,0.480357,0.023061
1,-1,2,0.75,0.6,-1,-1,0.25,0.25,0.480778,0.020306
1,-1,2,0.75,0.6,-1,-1,0.3,0.3,0.481199,0.018622
1,-1,2,0.75,0.6,-1,-1,0.35,0.35,0.481409,0.016479
1,-1,2,0.75,0.6,-1,-1,0.4,0.4,0.481409,0.014796
1,-1,2,0.75,0.6,-1,-1,0.45,0.45,0.481409,0.012806
1,-1,2,0.75,0.6,-1,-1,0.5,0.5,0.482251,0.012194
1,-1,2,0.75,0.6,-1,-1,0.55,0.55,0.482883,0.010663
1,-1,2,0.75,0.6,-1,-1,0.6,0.6,0.483724,0.009592
1,-1,2,0.75,0.6,-1,-1,0.65,0.65,0.485198,0.00898
1,-1,2,0.75,0.6,-1,-1,0.7,0.7,0.487092,0.008674
1,-1,2,0.75,0.6,-1,-1,0.75,0.75,0.490038,0.007755
1,-1,2,0.75,0.6,-1,-1,0.8,0.8,0.496141,0.007602
1,-1,2,0.75,0.6,-1,-1,0.85,0.85,0.501613,0.007296
1,-1,2,0.75,0.6,-1,-1,0.9,0.9,0.510453,0.007296
1,-1,2,0.75,0.6,-1,-1,0.95,0.95,0.525395,0.007143
1,-1,2,0.75,0.6,-1,-1,1.0,1.0,0.598214,0.007143
1,-1,2,0.8,0.6,-1,-1,0.05,0.05,0.480357,0.027806
1,-1,2,0.8,0.6,-1,-1,0.1,0.1,0.480357,0.02704
1,-1,2,0.8,0.6,-1,-1,0.15,0.15,0.480357,0.024745
1,-1,2,0.8,0.6,-1,-1,0.2,0.2,0.480357,0.023061
1,-1,2,0.8,0.6,-1,-1,0.25,0.25,0.480899,0.020306
1,-1,2,0.8,0.6,-1,-1,0.3,0.3,0.481441,0.018622
1,-1,2,0.8,0.6,-1,-1,0.35,0.35,0.481712,0.016479
1,-1,2,0.8,0.6,-1,-1,0.4,0.4,0.481712,0.014796
1,-1,2,0.8,0.6,-1,-1,0.45,0.45,0.481712,0.012806
1,-1,2,0.8,0.6,-1,-1,0.5,0.5,0.482796,0.012194
1,-1,2,0.8,0.6,-1,-1,0.55,0.55,0.48361,0.010663
1,-1,2,0.8,0.6,-1,-1,0.6,0.6,0.484694,0.009592
1,-1,2,0.8,0.6,-1,-1,0.65,0.65,0.486591,0.00898
1,-1,2,0.8,0.6,-1,-1,0.7,0.7,0.489031,0.008674
1,-1,2,0.8,0.6,-1,-1,0.75,0.75,0.492825,0.007755
1,-1,2,0.8,0.6,-1,-1,0.8,0.8,0.500686,0.007602
1,-1,2,0.8,0.6,-1,-1,0.85,0.85,0.507733,0.007296
1,-1,2,0.8,0.6,-1,-1,0.9,0.9,0.519117,0.007296
1,-1,2,0.8,0.6,-1,-1,0.95,0.95,0.538361,0.007143
1,-1,2,0.8,0.6,-1,-1,1.0,1.0,0.632143,0.007143
1,-1,2,0.85,0.6,-1,-1,0.05,0.05,0.480357,0.027551
1,-1,2,0.85,0.6,-1,-1,0.1,0.1,0.480357,0.02653
1,-1,2,0.85,0.6,-1,-1,0.15,0.15,0.480357,0.023469
1,-1,2,0.85,0.6,-1,-1,0.2,0.2,0.480357,0.021224
1,-1,2,0.85,0.6,-1,-1,0.25,0.25,0.481084,0.017551
1,-1,2,0.85,0.6,-1,-1,0.3,0.3,0.481811,0.015306
1,-1,2,0.85,0.6,-1,-1,0.35,0.35,0.482175,0.012449
1,-1,2,0.85,0.6,-1,-1,0.4,0.4,0.482175,0.010204
1,-1,2,0.85,0.6,-1,-1,0.45,0.45,0.482175,0.007551
1,-1,2,0.85,0.6,-1,-1,0.5,0.5,0.483629,0.006735
1,-1,2,0.85,0.6,-1,-1,0.55,0.55,0.484719,0.004694
1,-1,2,0.85,0.6,-1,-1,0.6,0.6,0.486173,0.003265
1,-1,2,0.85,0.6,-1,-1,0.65,0.65,0.488718,0.002449
1,-1,2,0.85,0.6,-1,-1,0.7,0.7,0.49199,0.002041
1,-1,2,0.85,0.6,-1,-1,0.75,0.75,0.497079,0.000816
1,-1,2,0.85,0.6,-1,-1,0.8,0.8,0.507621,0.000612
1,-1,2,0.85,0.6,-1,-1,0.85,0.85,0.517073,0.000204
1,-1,2,0.85,0.6,-1,-1,0.9,0.9,0.532341,0.000204
1,-1,2,0.85,0.6,-1,-1,0.95,0.95,0.558151,0.0
1,-1,2,0.85,0.6,-1,-1,1.0,1.0,0.683929,0.0
1,-1,2,0.9,0.6,-1,-1,0.05,0.05,0.480357,0.027551
1,-1,2,0.9,0.6,-1,-1,0.1,0.1,0.480357,0.02653
1,-1,2,0.9,0.6,-1,-1,0.15,0.15,0.480357,0.023469
1,-1,2,0.9,0.6,-1,-1,0.2,0.2,0.480357,0.021224
1,-1,2,0.9,0.6,-1,-1,0.25,0.25,0.481288,0.017551
1,-1,2,0.9,0.6,-1,-1,0.3,0.3,0.482219,0.015306
1,-1,2,0.9,0.6,-1,-1,0.35,0.35,0.482685,0.012449
1,-1,2,0.9,0.6,-1,-1,0.4,0.4,0.482685,0.010204
1,-1,2,0.9,0.6,-1,-1,0.45,0.45,0.482685,0.007551
1,-1,2,0.9,0.6,-1,-1,0.5,0.5,0.484547,0.006735
1,-1,2,0.9,0.6,-1,-1,0.55,0.55,0.485944,0.004694
1,-1,2,0.9,0.6,-1,-1,0.6,0.6,0.487806,0.003265
1,-1,2,0.9,0.6,-1,-1,0.65,0.65,0.491065,0.002449
1,-1,2,0.9,0.6,-1,-1,0.7,0.7,0.495255,0.002041
1,-1,2,0.9,0.6,-1,-1,0.75,0.75,0.501773,0.000816
1,-1,2,0.9,0.6,-1,-1,0.8,0.8,0.515274,0.000612
1,-1,2,0.9,0.6,-1,-1,0.85,0.85,0.527379,0.000204
1,-1,2,0.9,0.6,-1,-1,0.9,0.9,0.546932,0.000204
1,-1,2,0.9,0.6,-1,-1,0.95,0.95,0.579987,0.0
1,-1,2,0.9,0.6,-1,-1,1.0,1.0,0.741071,0.0
1,-1,2,0.95,0.6,-1,-1,0.05,0.05,0.480357,0.027551
1,-1,2,0.95,0.6,-1,-1,0.1,0.1,0.480357,0.02653
1,-1,2,0.95,0.6,-1,-1,0.15,0.15,0.480357,0.023469
1,-1,2,0.95,0.6,-1,-1,0.2,0.2,0.480357,0.021224
1,-1,2,0.95,0.6,-1,-1,0.25,0.25,0.481518,0.017551
1,-1,2,0.95,0.6,-1,-1,0.3,0.3,0.482678,0.015306
1,-1,2,0.95,0.6,-1,-1,0.35,0.35,0.483259,0.012449
1,-1,2,0.95,0.6,-1,-1,0.4,0.4,0.483259,0.010204
1,-1,2,0.95,0.6,-1,-1,0.45,0.45,0.483259,0.007551
1,-1,2,0.95,0.6,-1,-1,0.5,0.5,0.48558,0.006735
1,-1,2,0.95,0.6,-1,-1,0.55,0.55,0.487321,0.004694
1,-1,2,0.95,0.6,-1,-1,0.6,0.6,0.489643,0.003265
1,-1,2,0.95,0.6,-1,-1,0.65,0.65,0.493705,0.002449
1,-1,2,0.95,0.6,-1,-1,0.7,0.7,0.498928,0.002041
1,-1,2,0.95,0.6,-1,-1,0.75,0.75,0.507053,0.000816
1,-1,2,0.95,0.6,-1,-1,0.8,0.8,0.523884,0.000612
1,-1,2,0.95,0.6,-1,-1,0.85,0.85,0.538973,0.000204
1,-1,2,0.95,0.6,-1,-1,0.9,0.9,0.563348,0.000204
1,-1,2,0.95,0.6,-1,-1,0.95,0.95,0.604553,0.0
1,-1,2,0.95,0.6,-1,-1,1.0,1.0,0.805357,0.0
1,-1,2,1.0,0.6,-1,-1,0.05,0.05,0.480357,0.027551
1,-1,2,1.0,0.6,-1,-1,0.1,0.1,0.480357,0.02653
1,-1,2,1.0,0.6,-1,-1,0.15,0.15,0.480357,0.023469
1,-1,2,1.0,0.6,-1,-1,0.2,0.2,0.480357,0.021224
1,-1,2,1.0,0.6,-1,-1,0.25,0.25,0.482213,0.017551
1,-1,2,1.0,0.6,-1,-1,0.3,0.3,0.484069,0.015306
1,-1,2,1.0,0.6,-1,-1,0.35,0.35,0.484997,0.012449
1,-1,2,1.0,0.6,-1,-1,0.4,0.4,0.484997,0.010204
1,-1,2,1.0,0.6,-1,-1,0.45,0.45,0.484997,0.007551
1,-1,2,1.0,0.6,-1,-1,0.5,0.5,0.488708,0.006735
1,-1,2,1.0,0.6,-1,-1,0.55,0.55,0.491492,0.004694
1,-1,2,1.0,0.6,-1,-1,0.6,0.6,0.495204,0.003265
1,-1,2,1.0,0.6,-1,-1,0.65,0.65,0.501699,0.002449
1,-1,2,1.0,0.6,-1,-1,0.7,0.7,0.510051,0.002041
1,-1,2,1.0,0.6,-1,-1,0.75,0.75,0.523042,0.000816
1,-1,2,1.0,0.6,-1,-1,0.8,0.8,0.549952,0.000612
1,-1,2,1.0,0.6,-1,-1,0.85,0.85,0.574078,0.000204
1,-1,2,1.0,0.6,-1,-1,0.9,0.9,0.613051,0.000204
1,-1,2,1.0,0.6,-1,-1,0.95,0.95,0.678935,0.0
1,-1,2,1.0,0.6,-1,-1,1.0,1.0,1.0,0.0
1,-1,2,0.65,0.65,-1,-1,0.05,0.05,0.516071,0.028571
1,-1,2,0.65,0.65,-1,-1,0.1,0.1,0.516071,0.028571
1,-1,2,0.65,0.65,-1,-1,0.15,0.15,0.516071,0.028571
1,-1,2,0.65,0.65,-1,-1,0.2,0.2,0.516071,0.028571
1,-1,2,0.65,0.65,-1,-1,0.25,0.25,0.516071,0.028571
1,-1,2,0.65,0.65,-1,-1,0.3,0.3,0.516071,0.028571
1,-1,2,0.65,0.65,-1,-1,0.35,0.35,0.516071,0.028571
1,-1,2,0.65,0.65,-1,-1,0.4,0.4,0.516071,0.028571
1,-1,2,0.65,0.65,-1,-1,0.45,0.45,0.516071,0.028571
1,-1,2,0.65,0.65,-1,-1,0.5,0.5,0.516071,0.028571
1,-1,2,0.65,0.65,-1,-1,0.55,0.55,0.516071,0.028571
1,-1,2,0.65,0.65,-1,-1,0.6,0.6,0.516071,0.028571
1,-1,2,0.65,0.65,-1,-1,0.65,0.65,0.516071,0.028571
1,-1,2,0.65,0.65,-1,-1,0.7,0.7,0.516071,0.028571
1,-1,2,0.65,0.65,-1,-1,0.75,0.75,0.516071,0.028571
1,-1,2,0.65,0.65,-1,-1,0.8,0.8,0.516071,0.028571
1,-1,2,0.65,0.65,-1,-1,0.85,0.85,0.516071,0.028571
1,-1,2,0.65,0.65,-1,-1,0.9,0.9,0.516071,0.028571
1,-1,2,0.65,0.65,-1,-1,0.95,0.95,0.516071,0.028571
1,-1,2,0.65,0.65,-1,-1,1.0,1.0,0.516071,0.028571
1,-1,2,0.7,0.65,-1,-1,0.05,0.05,0.516071,0.028316
1,-1,2,0.7,0.65,-1,-1,0.1,0.1,0.516071,0.028061
1,-1,2,0.7,0.65,-1,-1,0.15,0.15,0.516071,0.027296
1,-1,2,0.7,0.65,-1,-1,0.2,0.2,0.516071,0.026734
1,-1,2,0.7,0.65,-1,-1,0.25,0.25,0.516205,0.025816
1,-1,2,0.7,0.65,-1,-1,0.3,0.3,0.516339,0.025255
1,-1,2,0.7,0.65,-1,-1,0.35,0.35,0.516406,0.024541
1,-1,2,0.7,0.65,-1,-1,0.4,0.4,0.516406,0.02398
1,-1,2,0.7,0.65,-1,-1,0.45,0.45,0.516406,0.023317
1,-1,2,0.7,0.65,-1,-1,0.5,0.5,0.516674,0.023112
1,-1,2,0.7,0.65,-1,-1,0.55,0.55,0.516875,0.022602
1,-1,2,0.7,0.65,-1,-1,0.6,0.6,0.517142,0.022245
1,-1,2,0.7,0.65,-1,-1,0.65,0.65,0.517611,0.022041
1,-1,2,0.7,0.65,-1,-1,0.7,0.7,0.518214,0.021939
1,-1,2,0.7,0.65,-1,-1,0.75,0.75,0.519151,0.021633
1,-1,2,0.7,0.65,-1,-1,0.8,0.8,0.521093,0.021582
1,-1,2,0.7,0.65,-1,-1,0.85,0.85,0.522834,0.02148
1,-1,2,0.7,0.65,-1,-1,0.9,0.9,0.525647,0.02148
1,-1,2,0.7,0.65,-1,-1,0.95,0.95,0.530401,0.021429
1,-1,2,0.7,0.65,-1,-1,1.0,1.0,0.553571,0.021429
1,-1,2,0.75,0.65,-1,-1,0.05,0.05,0.516071,0.027806
1,-1,2,0.75,0.65,-1,-1,0.1,0.1,0.516071,0.02704
1,-1,2,0.75,0.65,-1,-1,0.15,0.15,0.516071,0.024745
1,-1,2,0.75,0.65,-1,-1,0.2,0.2,0.516071,0.023061
1,-1,2,0.75,0.65,-1,-1,0.25,0.25,0.516364,0.020306
1,-1,2,0.75,0.65,-1,-1,0.3,0.3,0.516658,0.018622
1,-1,2,0.75,0.65,-1,-1,0.35,0.35,0.516804,0.016479
1,-1,2,0.75,0.65,-1,-1,0.4,0.4,0.516804,0.014796
1,-1,2,0.75,0.65,-1,-1,0.45,0.45,0.516804,0.012806
1,-1,2,0.75,0.65,-1,-1,0.5,0.5,0.517391,0.012194
1,-1,2,0.75,0.65,-1,-1,0.55,0.55,0.517831,0.010663
1,-1,2,0.75,0.65,-1,-1,0.6,0.6,0.518418,0.009592
1,-1,2,0.75,0.65,-1,-1,0.65,0.65,0.519445,0.00898
1,-1,2,0.75,0.65,-1,-1,0.7,0.7,0.520765,0.008674
1,-1,2,0.75,0.65,-1,-1,0.75,0.75,0.522818,0.007755
1,-1,2,0.75,0.65,-1,-1,0.8,0.8,0.527072,0.007602
1,-1,2,0.75,0.65,-1,-1,0.85,0.85,0.530886,0.007296
1,-1,2,0.75,0.65,-1,-1,0.9,0.9,0.537047,0.007296
1,-1,2,0.75,0.65,-1,-1,0.95,0.95,0.547461,0.007143
1,-1,2,0.75,0.65,-1,-1,1.0,1.0,0.598214,0.007143
1,-1,2,0.8,0.65,-1,-1,0.05,0.05,0.516071,0.027806
1,-1,2,0.8,0.65,-1,-1,0.1,0.1,0.516071,0.02704
1,-1,2,0.8,0.65,-1,-1,0.15,0.15,0.516071,0.024745
1,-1,2,0.8,0.65,-1,-1,0.2,0.2,0.516071,0.023061
1,-1,2,0.8,0.65,-1,-1,0.25,0.25,0.516485,0.020306
1,-1,2,0.8,0.65,-1,-1,0.3,0.3,0.5169,0.018622
1,-1,2,0.8,0.65,-1,-1,0.35,0.35,0.517107,0.016479
1,-1,2,0.8,0.65,-1,-1,0.4,0.4,0.517107,0.014796
1,-1,2,0.8,0.65,-1,-1,0.45,0.45,0.517107,0.012806
1,-1,2,0.8,0.65,-1,-1,0.5,0.5,0.517936,0.012194
1,-1,2,0.8,0.65,-1,-1,0.55,0.55,0.518558,0.010663
1,-1,2,0.8,0.65,-1,-1,0.6,0.6,0.519387,0.009592
1,-1,2,0.8,0.65,-1,-1,0.65,0.65,0.520838,0.00898
1,-1,2,0.8,0.65,-1,-1,0.7,0.7,0.522704,0.008674
1,-1,2,0.8,0.65,-1,-1,0.75,0.75,0.525606,0.007755
1,-1,2,0.8,0.65,-1,-1,0.8,0.8,0.531616,0.007602
1,-1,2,0.8,0.65,-1,-1,0.85,0.85,0.537005,0.007296
1,-1,2,0.8,0.65,-1,-1,0.9,0.9,0.545711,0.007296
1,-1,2,0.8,0.65,-1,-1,0.95,0.95,0.560427,0.007143
1,-1,2,0.8,0.65,-1,-1,1.0,1.0,0.632143,0.007143
1,-1,2,0.85,0.65,-1,-1,0.05,0.05,0.516071,0.027551
1,-1,2,0.85,0.65,-1,-1,0.1,0.1,0.516071,0.02653
1,-1,2,0.85,0.65,-1,-1,0.15,0.15,0.516071,0.023469
1,-1,2,0.85,0.65,-1,-1,0.2,0.2,0.516071,0.021224
1,-1,2,0.85,0.65,-1,-1,0.25,0.25,0.51667,0.017551
1,-1,2,0.85,0.65,-1,-1,0.3,0.3,0.51727,0.015306
1,-1,2,0.85,0.65,-1,-1,0.35,0.35,0.51757,0.012449
1,-1,2,0.85,0.65,-1,-1,0.4,0.4,0.51757,0.010204
1,-1,2,0.85,0.65,-1,-1,0.45,0.45,0.51757,0.007551
1,-1,2,0.85,0.65,-1,-1,0.5,0.5,0.518769,0.006735
1,-1,2,0.85,0.65,-1,-1,0.55,0.55,0.519668,0.004694
1,-1,2,0.85,0.65,-1,-1,0.6,0.6,0.520867,0.003265
1,-1,2,0.85,0.65,-1,-1,0.65,0.65,0.522965,0.002449
1,-1,2,0.85,0.65,-1,-1,0.7,0.7,0.525663,0.002041
1,-1,2,0.85,0.65,-1,-1,0.75,0.75,0.529859,0.000816
1,-1,2,0.85,0.65,-1,-1,0.8,0.8,0.538552,0.000612
1,-1,2,0.85,0.65,-1,-1,0.85,0.85,0.546345,0.000204
1,-1,2,0.85,0.65,-1,-1,0.9,0.9,0.558935,0.000204
1,-1,2,0.85,0.65,-1,-1,0.95,0.95,0.580217,0.0
1,-1,2,0.85,0.65,-1,-1,1.0,1.0,0.683929,0.0
1,-1,2,0.9,0.65,-1,-1,0.05,0.05,0.516071,0.027551
1,-1,2,0.9,0.65,-1,-1,0.1,0.1,0.516071,0.02653
1,-1,2,0.9,0.65,-1,-1,0.15,0.15,0.516071,0.023469
1,-1,2,0.9,0.65,-1,-1,0.2,0.2,0.516071,0.021224
1,-1,2,0.9,0.65,-1,-1,0.25,0.25,0.516874,0.017551
1,-1,2,0.9,0.65,-1,-1,0.3,0.3,0.517678,0.015306
1,-1,2,0.9,0.65,-1,-1,0.35,0.35,0.51808,0.012449
1,-1,2,0.9,0.65,-1,-1,0.4,0.4,0.51808,0.010204
1,-1,2,0.9,0.65,-1,-1,0.45,0.45,0.51808,0.007551
1,-1,2,0.9,0.65,-1,-1,0.5,0.5,0.519687,0.006735
1,-1,2,0.9,0.65,-1,-1,0.55,0.55,0.520893,0.004694
1,-1,2,0.9,0.65,-1,-1,0.6,0.6,0.522499,0.003265
1,-1,2,0.9,0.65,-1,-1,0.65,0.65,0.525312,0.002449
1,-1,2,0.9,0.65,-1,-1,0.7,0.7,0.528928,0.002041
1,-1,2,0.9,0.65,-1,-1,0.75,0.75,0.534553,0.000816
1,-1,2,0.9,0.65,-1,-1,0.8,0.8,0.546205,0.000612
1,-1,2,0.9,0.65,-1,-1,0.85,0.85,0.556651,0.000204
1,-1,2,0.9,0.65,-1,-1,0.9,0.9,0.573526,0.000204
1,-1,2,0.9,0.65,-1,-1,0.95,0.95,0.602053,0.0
1,-1,2,0.9,0.65,-1,-1,1.0,1.0,0.741071,0.0
1,-1,2,0.95,0.65,-1,-1,0.05,0.05,0.516071,0.027551
1,-1,2,0.95,0.65,-1,-1,0.1,0.1,0.516071,0.02653
1,-1,2,0.95,0.65,-1,-1,0.15,0.15,0.516071,0.023469
1,-1,2,0.95,0.65,-1,-1,0.2,0.2,0.516071,0.021224
1,-1,2,0.95,0.65,-1,-1,0.25,0.25,0.517104,0.017551
1,-1,2,0.95,0.65,-1,-1,0.3,0.3,0.518137,0.015306
1,-1,2,0.95,0.65,-1,-1,0.35,0.35,0.518654,0.012449
1,-1,2,0.95,0.65,-1,-1,0.4,0.4,0.518654,0.010204
1,-1,2,0.95,0.65,-1,-1,0.45,0.45,0.518654,0.007551
1,-1,2,0.95,0.65,-1,-1,0.5,0.5,0.52072,0.006735
1,-1,2,0.95,0.65,-1,-1,0.55,0.55,0.52227,0.004694
1,-1,2,0.95,0.65,-1,-1,0.6,0.6,0.524336,0.003265
1,-1,2,0.95,0.65,-1,-1,0.65,0.65,0.527952,0.002449
1,-1,2,0.95,0.65,-1,-1,0.7,0.7,0.532602,0.002041
1,-1,2,0.95,0.65,-1,-1,0.75,0.75,0.539834,0.000816
1,-1,2,0.95,0.65,-1,-1,0.8,0.8,0.554815,0.000612
1,-1,2,0.95,0.65,-1,-1,0.85,0.85,0.568246,0.000204
1,-1,2,0.95,0.65,-1,-1,0.9,0.9,0.589942,0.000204
1,-1,2,0.95,0.65,-1,-1,0.95,0.95,0.62662,0.0
1,-1,2,0.95,0.65,-1,-1,1.0,1.0,0.805357,0.0
1,-1,2,1.0,0.65,-1,-1,0.05,0.05,0.516071,0.027551
1,-1,2,1.0,0.65,-1,-1,0.1,0.1,0.516071,0.02653
1,-1,2,1.0,0.65,-1,-1,0.15,0.15,0.516071,0.023469
1,-1,2,1.0,0.65,-1,-1,0.2,0.2,0.516071,0.021224
1,-1,2,1.0,0.65,-1,-1,0.25,0.25,0.517799,0.017551
1,-1,2,1.0,0.65,-1,-1,0.3,0.3,0.519528,0.015306
1,-1,2,1.0,0.65,-1,-1,0.35,0.35,0.520392,0.012449
1,-1,2,1.0,0.65,-1,-1,0.4,0.4,0.520392,0.010204
1,-1,2,1.0,0.65,-1,-1,0.45,0.45,0.520392,0.007551
1,-1,2,1.0,0.65,-1,-1,0.5,0.5,0.523848,0.006735
1,-1,2,1.0,0.65,-1,-1,0.55,0.55,0.526441,0.004694
1,-1,2,1.0,0.65,-1,-1,0.6,0.6,0.529897,0.003265
1,-1,2,1.0,0.65,-1,-1,0.65,0.65,0.535946,0.002449
1,-1,2,1.0,0.65,-1,-1,0.7,0.7,0.543724,0.002041
1,-1,2,1.0,0.65,-1,-1,0.75,0.75,0.555822,0.000816
1,-1,2,1.0,0.65,-1,-1,0.8,0.8,0.580883,0.000612
1,-1,2,1.0,0.65,-1,-1,0.85,0.85,0.603351,0.000204
1,-1,2,1.0,0.65,-1,-1,0.9,0.9,0.639646,0.000204
1,-1,2,1.0,0.65,-1,-1,0.95,0.95,0.701001,0.0
1,-1,2,1.0,0.65,-1,-1,1.0,1.0,1.0,0.0
1,-1,2,0.7,0.7,-1,-1,0.05,0.05,0.553571,0.021429
1,-1,2,0.7,0.7,-1,-1,0.1,0.1,0.553571,0.021429
1,-1,2,0.7,0.7,-1,-1,0.15,0.15,0.553571,0.021429
1,-1,2,0.7,0.7,-1,-1,0.2,0.2,0.553571,0.021429
1,-1,2,0.7,0.7,-1,-1,0.25,0.25,0.553571,0.021429
1,-1,2,0.7,0.7,-1,-1,0.3,0.3,0.553571,0.021429
1,-1,2,0.7,0.7,-1,-1,0.35,0.35,0.553571,0.021429
1,-1,2,0.7,0.7,-1,-1,0.4,0.4,0.553571,0.021429
1,-1,2,0.7,0.7,-1,-1,0.45,0.45,0.553571,0.021429
1,-1,2,0.7,0.7,-1,-1,0.5,0.5,0.553571,0.021429
1,-1,2,0.7,0.7,-1,-1,0.55,0.55,0.553571,0.021429
1,-1,2,0.7,0.7,-1,-1,0.6,0.6,0.553571,0.021429
1,-1,2,0.7,0.7,-1,-1,0.65,0.65,0.553571,0.021429
1,-1,2,0.7,0.7,-1,-1,0.7,0.7,0.553571,0.021429
1,-1,2,0.7,0.7,-1,-1,0.75,0.75,0.553571,0.021429
1,-1,2,0.7,0.7,-1,-1,0.8,0.8,0.553571,0.021429
1,-1,2,0.7,0.7,-1,-1,0.85,0.85,0.553571,0.021429
1,-1,2,0.7,0.7,-1,-1,0.9,0.9,0.553571,0.021429
1,-1,2,0.7,0.7,-1,-1,0.95,0.95,0.553571,0.021429
1,-1,2,0.7,0.7,-1,-1,1.0,1.0,0.553571,0.021429
1,-1,2,0.75,0.7,-1,-1,0.05,0.05,0.553571,0.020919
1,-1,2,0.75,0.7,-1,-1,0.1,0.1,0.553571,0.020409
1,-1,2,0.75,0.7,-1,-1,0.15,0.15,0.553571,0.018878
1,-1,2,0.75,0.7,-1,-1,0.2,0.2,0.553571,0.017755
1,-1,2,0.75,0.7,-1,-1,0.25,0.25,0.55373,0.015919
1,-1,2,0.75,0.7,-1,-1,0.3,0.3,0.55389,0.014796
1,-1,2,0.75,0.7,-1,-1,0.35,0.35,0.55397,0.013368
1,-1,2,0.75,0.7,-1,-1,0.4,0.4,0.55397,0.012245
1,-1,2,0.75,0.7,-1,-1,0.45,0.45,0.55397,0.010919
1,-1,2,0.75,0.7,-1,-1,0.5,0.5,0.554288,0.01051
1,-1,2,0.75,0.7,-1,-1,0.55,0.55,0.554528,0.00949
1,-1,2,0.75,0.7,-1,-1,0.6,0.6,0.554846,0.008776
1,-1,2,0.75,0.7,-1,-1,0.65,0.65,0.555405,0.008368
1,-1,2,0.75,0.7,-1,-1,0.7,0.7,0.556122,0.008163
1,-1,2,0.75,0.7,-1,-1,0.75,0.75,0.557238,0.007551
1,-1,2,0.75,0.7,-1,-1,0.8,0.8,0.55955,0.007449
1,-1,2,0.75,0.7,-1,-1,0.85,0.85,0.561623,0.007245
1,-1,2,0.75,0.7,-1,-1,0.9,0.9,0.564971,0.007245
1,-1,2,0.75,0.7,-1,-1,0.95,0.95,0.570631,0.007143
1,-1,2,0.75,0.7,-1,-1,1.0,1.0,0.598214,0.007143
1,-1,2,0.8,0.7,-1,-1,0.05,0.05,0.553571,0.020919
1,-1,2,0.8,0.7,-1,-1,0.1,0.1,0.553571,0.020409
1,-1,2,0.8,0.7,-1,-1,0.15,0.15,0.553571,0.018878
1,-1,2,0.8,0.7,-1,-1,0.2,0.2,0.553571,0.017755
1,-1,2,0.8,0.7,-1,-1,0.25,0.25,0.553852,0.015919
1,-1,2,0.8,0.7,-1,-1,0.3,0.3,0.554132,0.014796
1,-1,2,0.8,0.7,-1,-1,0.35,0.35,0.554273,0.013368
1,-1,2,0.8,0.7,-1,-1,0.4,0.4,0.554273,0.012245
1,-1,2,0.8,0.7,-1,-1,0.45,0.45,0.554273,0.010919
1,-1,2,0.8,0.7,-1,-1,0.5,0.5,0.554834,0.01051
1,-1,2,0.8,0.7,-1,-1,0.55,0.55,0.555255,0.00949
1,-1,2,0.8,0.7,-1,-1,0.6,0.6,0.555816,0.008776
1,-1,2,0.8,0.7,-1,-1,0.65,0.65,0.556798,0.008368
1,-1,2,0.8,0.7,-1,-1,0.7,0.7,0.558061,0.008163
1,-1,2,0.8,0.7,-1,-1,0.75,0.75,0.560025,0.007551
1,-1,2,0.8,0.7,-1,-1,0.8,0.8,0.564094,0.007449
1,-1,2,0.8,0.7,-1,-1,0.85,0.85,0.567742,0.007245
1,-1,2,0.8,0.7,-1,-1,0.9,0.9,0.573635,0.007245
1,-1,2,0.8,0.7,-1,-1,0.95,0.95,0.583597,0.007143
1,-1,2,0.8,0.7,-1,-1,1.0,1.0,0.632143,0.007143
1,-1,2,0.85,0.7,-1,-1,0.05,0.05,0.553571,0.020664
1,-1,2,0.85,0.7,-1,-1,0.1,0.1,0.553571,0.019898
1,-1,2,0.85,0.7,-1,-1,0.15,0.15,0.553571,0.017602
1,-1,2,0.85,0.7,-1,-1,0.2,0.2,0.553571,0.015919
1,-1,2,0.85,0.7,-1,-1,0.25,0.25,0.554037,0.013164
1,-1,2,0.85,0.7,-1,-1,0.3,0.3,0.554502,0.01148
1,-1,2,0.85,0.7,-1,-1,0.35,0.35,0.554735,0.009337
1,-1,2,0.85,0.7,-1,-1,0.4,0.4,0.554735,0.007653
1,-1,2,0.85,0.7,-1,-1,0.45,0.45,0.554735,0.005663
1,-1,2,0.85,0.7,-1,-1,0.5,0.5,0.555666,0.005051
1,-1,2,0.85,0.7,-1,-1,0.55,0.55,0.556364,0.00352
1,-1,2,0.85,0.7,-1,-1,0.6,0.6,0.557295,0.002449
1,-1,2,0.85,0.7,-1,-1,0.65,0.65,0.558925,0.001837
1,-1,2,0.85,0.7,-1,-1,0.7,0.7,0.56102,0.001531
1,-1,2,0.85,0.7,-1,-1,0.75,0.75,0.564279,0.000612
1,-1,2,0.85,0.7,-1,-1,0.8,0.8,0.57103,0.000459
1,-1,2,0.85,0.7,-1,-1,0.85,0.85,0.577082,0.000153
1,-1,2,0.85,0.7,-1,-1,0.9,0.9,0.586859,0.000153
1,-1,2,0.85,0.7,-1,-1,0.95,0.95,0.603386,0.0
1,-1,2,0.85,0.7,-1,-1,1.0,1.0,0.683929,0.0
1,-1,2,0.9,0.7,-1,-1,0.05,0.05,0.553571,0.020664
1,-1,2,0.9,0.7,-1,-1,0.1,0.1,0.553571,0.019898
1,-1,2,0.9,0.7,-1,-1,0.15,0.15,0.553571,0.017602
1,-1,2,0.9,0.7,-1,-1,0.2,0.2,0.553571,0.015919
1,-1,2,0.9,0.7,-1,-1,0.25,0.25,0.554241,0.013164
1,-1,2,0.9,0.7,-1,-1,0.3,0.3,0.55491,0.01148
1,-1,2,0.9,0.7,-1,-1,0.35,0.35,0.555245,0.009337
1,-1,2,0.9,0.7,-1,-1,0.4,0.4,0.555245,0.007653
1,-1,2,0.9,0.7,-1,-1,0.45,0.45,0.555245,0.005663
1,-1,2,0.9,0.7,-1,-1,0.5,0.5,0.556584,0.005051
1,-1,2,0.9,0.7,-1,-1,0.55,0.55,0.557589,0.00352
1,-1,2,0.9,0.7,-1,-1,0.6,0.6,0.558928,0.002449
1,-1,2,0.9,0.7,-1,-1,0.65,0.65,0.561272,0.001837
1,-1,2,0.9,0.7,-1,-1,0.7,0.7,0.564285,0.001531
1,-1,2,0.9,0.7,-1,-1,0.75,0.75,0.568973,0.000612
1,-1,2,0.9,0.7,-1,-1,0.8,0.8,0.578683,0.000459
1,-1,2,0.9,0.7,-1,-1,0.85,0.85,0.587388,0.000153
1,-1,2,0.9,0.7,-1,-1,0.9,0.9,0.60145,0.000153
1,-1,2,0.9,0.7,-1,-1,0.95,0.95,0.625223,0.0
1,-1,2,0.9,0.7,-1,-1,1.0,1.0,0.741071,0.0
1,-1,2,0.95,0.7,-1,-1,0.05,0.05,0.553571,0.020664
1,-1,2,0.95,0.7,-1,-1,0.1,0.1,0.553571,0.019898
1,-1,2,0.95,0.7,-1,-1,0.15,0.15,0.553571,0.017602
1,-1,2,0.95,0.7,-1,-1,0.2,0.2,0.553571,0.015919
1,-1,2,0.95,0.7,-1,-1,0.25,0.25,0.55447,0.013164
1,-1,2,0.95,0.7,-1,-1,0.3,0.3,0.55537,0.01148
1,-1,2,0.95,0.7,-1,-1,0.35,0.35,0.555819,0.009337
1,-1,2,0.95,0.7,-1,-1,0.4,0.4,0.555819,0.007653
1,-1,2,0.95,0.7,-1,-1,0.45,0.45,0.555819,0.005663
1,-1,2,0.95,0.7,-1,-1,0.5,0.5,0.557617,0.005051
1,-1,2,0.95,0.7,-1,-1,0.55,0.55,0.558967,0.00352
1,-1,2,0.95,0.7,-1,-1,0.6,0.6,0.560765,0.002449
1,-1,2,0.95,0.7,-1,-1,0.65,0.65,0.563912,0.001837
1,-1,2,0.95,0.7,-1,-1,0.7,0.7,0.567959,0.001531
1,-1,2,0.95,0.7,-1,-1,0.75,0.75,0.574253,0.000612
1,-1,2,0.95,0.7,-1,-1,0.8,0.8,0.587292,0.000459
1,-1,2,0.95,0.7,-1,-1,0.85,0.85,0.598982,0.000153
1,-1,2,0.95,0.7,-1,-1,0.9,0.9,0.617866,0.000153
1,-1,2,0.95,0.7,-1,-1,0.95,0.95,0.649789,0.0
1,-1,2,0.95,0.7,-1,-1,1.0,1.0,0.805357,0.0
1,-1,2,1.0,0.7,-1,-1,0.05,0.05,0.553571,0.020664
1,-1,2,1.0,0.7,-1,-1,0.1,0.1,0.553571,0.019898
1,-1,2,1.0,0.7,-1,-1,0.15,0.15,0.553571,0.017602
1,-1,2,1.0,0.7,-1,-1,0.2,0.2,0.553571,0.015919
1,-1,2,1.0,0.7,-1,-1,0.25,0.25,0.555165,0.013164
1,-1,2,1.0,0.7,-1,-1,0.3,0.3,0.55676,0.01148
1,-1,2,1.0,0.7,-1,-1,0.35,0.35,0.557557,0.009337
1,-1,2,1.0,0.7,-1,-1,0.4,0.4,0.557557,0.007653
1,-1,2,1.0,0.7,-1,-1,0.45,0.45,0.557557,0.005663
1,-1,2,1.0,0.7,-1,-1,0.5,0.5,0.560746,0.005051
1,-1,2,1.0,0.7,-1,-1,0.55,0.55,0.563138,0.00352
1,-1,2,1.0,0.7,-1,-1,0.6,0.6,0.566326,0.002449
1,-1,2,1.0,0.7,-1,-1,0.65,0.65,0.571906,0.001837
1,-1,2,1.0,0.7,-1,-1,0.7,0.7,0.579081,0.001531
1,-1,2,1.0,0.7,-1,-1,0.75,0.75,0.590242,0.000612
1,-1,2,1.0,0.7,-1,-1,0.8,0.8,0.613361,0.000459
1,-1,2,1.0,0.7,-1,-1,0.85,0.85,0.634088,0.000153
1,-1,2,1.0,0.7,-1,-1,0.9,0.9,0.66757,0.000153
1,-1,2,1.0,0.7,-1,-1,0.95,0.95,0.724171,0.0
1,-1,2,1.0,0.7,-1,-1,1.0,1.0,1.0,0.0
1,-1,2,0.75,0.75,-1,-1,0.05,0.05,0.598214,0.007143
1,-1,2,0.75,0.75,-1,-1,0.1,0.1,0.598214,0.007143
1,-1,2,0.75,0.75,-1,-1,0.15,0.15,0.598214,0.007143
1,-1,2,0.75,0.75,-1,-1,0.2,0.2,0.598214,0.007143
1,-1,2,0.75,0.75,-1,-1,0.25,0.25,0.598214,0.007143
1,-1,2,0.75,0.75,-1,-1,0.3,0.3,0.598214,0.007143
1,-1,2,0.75,0.75,-1,-1,0.35,0.35,0.598214,0.007143
1,-1,2,0.75,0.75,-1,-1,0.4,0.4,0.598214,0.007143
1,-1,2,0.75,0.75,-1,-1,0.45,0.45,0.598214,0.007143
1,-1,2,0.75,0.75,-1,-1,0.5,0.5,0.598214,0.007143
1,-1,2,0.75,0.75,-1,-1,0.55,0.55,0.598214,0.007143
1,-1,2,0.75,0.75,-1,-1,0.6,0.6,0.598214,0.007143
1,-1,2,0.75,0.75,-1,-1,0.65,0.65,0.598214,0.007143
1,-1,2,0.75,0.75,-1,-1,0.7,0.7,0.598214,0.007143
1,-1,2,0.75,0.75,-1,-1,0.75,0.75,0.598214,0.007143
1,-1,2,0.75,0.75,-1,-1,0.8,0.8,0.598214,0.007143
1,-1,2,0.75,0.75,-1,-1,0.85,0.85,0.598214,0.007143
1,-1,2,0.75,0.75,-1,-1,0.9,0.9,0.598214,0.007143
1,-1,2,0.75,0.75,-1,-1,0.95,0.95,0.598214,0.007143
1,-1,2,0.75,0.75,-1,-1,1.0,1.0,0.598214,0.007143
1,-1,2,0.8,0.75,-1,-1,0.05,0.05,0.598214,0.007143
1,-1,2,0.8,0.75,-1,-1,0.1,0.1,0.598214,0.007143
1,-1,2,0.8,0.75,-1,-1,0.15,0.15,0.598214,0.007143
1,-1,2,0.8,0.75,-1,-1,0.2,0.2,0.598214,0.007143
1,-1,2,0.8,0.75,-1,-1,0.25,0.25,0.598335,0.007143
1,-1,2,0.8,0.75,-1,-1,0.3,0.3,0.598456,0.007143
1,-1,2,0.8,0.75,-1,-1,0.35,0.35,0.598517,0.007143
1,-1,2,0.8,0.75,-1,-1,0.4,0.4,0.598517,0.007143
1,-1,2,0.8,0.75,-1,-1,0.45,0.45,0.598517,0.007143
1,-1,2,0.8,0.75,-1,-1,0.5,0.5,0.598759,0.007143
1,-1,2,0.8,0.75,-1,-1,0.55,0.55,0.598941,0.007143
1,-1,2,0.8,0.75,-1,-1,0.6,0.6,0.599183,0.007143
1,-1,2,0.8,0.75,-1,-1,0.65,0.65,0.599607,0.007143
1,-1,2,0.8,0.75,-1,-1,0.7,0.7,0.600153,0.007143
1,-1,2,0.8,0.75,-1,-1,0.75,0.75,0.601001,0.007143
1,-1,2,0.8,0.75,-1,-1,0.8,0.8,0.602758,0.007143
1,-1,2,0.8,0.75,-1,-1,0.85,0.85,0.604333,0.007143
1,-1,2,0.8,0.75,-1,-1,0.9,0.9,0.606878,0.007143
1,-1,2,0.8,0.75,-1,-1,0.95,0.95,0.61118,0.007143
1,-1,2,0.8,0.75,-1,-1,1.0,1.0,0.632143,0.007143
1,-1,2,0.85,0.75,-1,-1,0.05,0.05,0.598214,0.006888
1,-1,2,0.85,0.75,-1,-1,0.1,0.1,0.598214,0.006633
1,-1,2,0.85,0.75,-1,-1,0.15,0.15,0.598214,0.005867
1,-1,2,0.85,0.75,-1,-1,0.2,0.2,0.598214,0.005306
1,-1,2,0.85,0.75,-1,-1,0.25,0.25,0.59852,0.004388
1,-1,2,0.85,0.75,-1,-1,0.3,0.3,0.598826,0.003827
1,-1,2,0.85,0.75,-1,-1,0.35,0.35,0.598979,0.003112
1,-1,2,0.85,0.75,-1,-1,0.4,0.4,0.598979,0.002551
1,-1,2,0.85,0.75,-1,-1,0.45,0.45,0.598979,0.001888
1,-1,2,0.85,0.75,-1,-1,0.5,0.5,0.599592,0.001684
1,-1,2,0.85,0.75,-1,-1,0.55,0.55,0.600051,0.001173
1,-1,2,0.85,0.75,-1,-1,0.6,0.6,0.600663,0.000816
1,-1,2,0.85,0.75,-1,-1,0.65,0.65,0.601734,0.000612
1,-1,2,0.85,0.75,-1,-1,0.7,0.7,0.603112,0.00051
1,-1,2,0.85,0.75,-1,-1,0.75,0.75,0.605255,0.000204
1,-1,2,0.85,0.75,-1,-1,0.8,0.8,0.609694,0.000153
1,-1,2,0.85,0.75,-1,-1,0.85,0.85,0.613673,5.1e-05
1,-1,2,0.85,0.75,-1,-1,0.9,0.9,0.620102,5.1e-05
1,-1,2,0.85,0.75,-1,-1,0.95,0.95,0.630969,0.0
1,-1,2,0.85,0.75,-1,-1,1.0,1.0,0.683929,0.0
1,-1,2,0.9,0.75,-1,-1,0.05,0.05,0.598214,0.006888
1,-1,2,0.9,0.75,-1,-1,0.1,0.1,0.598214,0.006633
1,-1,2,0.9,0.75,-1,-1,0.15,0.15,0.598214,0.005867
1,-1,2,0.9,0.75,-1,-1,0.2,0.2,0.598214,0.005306
1,-1,2,0.9,0.75,-1,-1,0.25,0.25,0.598724,0.004388
1,-1,2,0.9,0.75,-1,-1,0.3,0.3,0.599234,0.003827
1,-1,2,0.9,0.75,-1,-1,0.35,0.35,0.59949,0.003112
1,-1,2,0.9,0.75,-1,-1,0.4,0.4,0.59949,0.002551
1,-1,2,0.9,0.75,-1,-1,0.45,0.45,0.59949,0.001888
1,-1,2,0.9,0.75,-1,-1,0.5,0.5,0.60051,0.001684
1,-1,2,0.9,0.75,-1,-1,0.55,0.55,0.601275,0.001173
1,-1,2,0.9,0.75,-1,-1,0.6,0.6,0.602296,0.000816
1,-1,2,0.9,0.75,-1,-1,0.65,0.65,0.604081,0.000612
1,-1,2,0.9,0.75,-1,-1,0.7,0.7,0.606377,0.00051
1,-1,2,0.9,0.75,-1,-1,0.75,0.75,0.609949,0.000204
1,-1,2,0.9,0.75,-1,-1,0.8,0.8,0.617347,0.000153
1,-1,2,0.9,0.75,-1,-1,0.85,0.85,0.623979,5.1e-05
1,-1,2,0.9,0.75,-1,-1,0.9,0.9,0.634694,5.1e-05
1,-1,2,0.9,0.75,-1,-1,0.95,0.95,0.652806,0.0
1,-1,2,0.9,0.75,-1,-1,1.0,1.0,0.741071,0.0
1,-1,2,0.95,0.75,-1,-1,0.05,0.05,0.598214,0.006888
1,-1,2,0.95,0.75,-1,-1,0.1,0.1,0.598214,0.006633
1,-1,2,0.95,0.75,-1,-1,0.15,0.15,0.598214,0.005867
1,-1,2,0.95,0.75,-1,-1,0.2,0.2,0.598214,0.005306
1,-1,2,0.95,0.75,-1,-1,0.25,0.25,0.598954,0.004388
1,-1,2,0.95,0.75,-1,-1,0.3,0.3,0.599694,0.003827
1,-1,2,0.95,0.75,-1,-1,0.35,0.35,0.600064,0.003112
1,-1,2,0.95,0.75,-1,-1,0.4,0.4,0.600064,0.002551
1,-1,2,0.95,0.75,-1,-1,0.45,0.45,0.600064,0.001888
1,-1,2,0.95,0.75,-1,-1,0.5,0.5,0.601543,0.001684
1,-1,2,0.95,0.75,-1,-1,0.55,0.55,0.602653,0.001173
1,-1,2,0.95,0.75,-1,-1,0.6,0.6,0.604132,0.000816
1,-1,2,0.95,0.75,-1,-1,0.65,0.65,0.606722,0.000612
1,-1,2,0.95,0.75,-1,-1,0.7,0.7,0.610051,0.00051
1,-1,2,0.95,0.75,-1,-1,0.75,0.75,0.615229,0.000204
1,-1,2,0.95,0.75,-1,-1,0.8,0.8,0.625956,0.000153
1,-1,2,0.95,0.75,-1,-1,0.85,0.85,0.635574,5.1e-05
1,-1,2,0.95,0.75,-1,-1,0.9,0.9,0.651109,5.1e-05
1,-1,2,0.95,0.75,-1,-1,0.95,0.95,0.677372,0.0
1,-1,2,0.95,0.75,-1,-1,1.0,1.0,0.805357,0.0
1,-1,2,1.0,0.75,-1,-1,0.05,0.05,0.598214,0.006888
1,-1,2,1.0,0.75,-1,-1,0.1,0.1,0.598214,0.006633
1,-1,2,1.0,0.75,-1,-1,0.15,0.15,0.598214,0.005867
1,-1,2,1.0,0.75,-1,-1,0.2,0.2,0.598214,0.005306
1,-1,2,1.0,0.75,-1,-1,0.25,0.25,0.599649,0.004388
1,-1,2,1.0,0.75,-1,-1,0.3,0.3,0.601084,0.003827
1,-1,2,1.0,0.75,-1,-1,0.35,0.35,0.601802,0.003112
1,-1,2,1.0,0.75,-1,-1,0.4,0.4,0.601802,0.002551
1,-1,2,1.0,0.75,-1,-1,0.45,0.45,0.601802,0.001888
1,-1,2,1.0,0.75,-1,-1,0.5,0.5,0.604671,0.001684
1,-1,2,1.0,0.75,-1,-1,0.55,0.55,0.606824,0.001173
1,-1,2,1.0,0.75,-1,-1,0.6,0.6,0.609693,0.000816
1,-1,2,1.0,0.75,-1,-1,0.65,0.65,0.614716,0.000612
1,-1,2,1.0,0.75,-1,-1,0.7,0.7,0.621173,0.00051
1,-1,2,1.0,0.75,-1,-1,0.75,0.75,0.631218,0.000204
1,-1,2,1.0,0.75,-1,-1,0.8,0.8,0.652025,0.000153
1,-1,2,1.0,0.75,-1,-1,0.85,0.85,0.670679,5.1e-05
1,-1,2,1.0,0.75,-1,-1,0.9,0.9,0.700813,5.1e-05
1,-1,2,1.0,0.75,-1,-1,0.95,0.95,0.751754,0.0
1,-1,2,1.0,0.75,-1,-1,1.0,1.0,1.0,0.0
1,-1,2,0.8,0.8,-1,-1,0.05,0.05,0.632143,0.007143
1,-1,2,0.8,0.8,-1,-1,0.1,0.1,0.632143,0.007143
1,-1,2,0.8,0.8,-1,-1,0.15,0.15,0.632143,0.007143
1,-1,2,0.8,0.8,-1,-1,0.2,0.2,0.632143,0.007143
1,-1,2,0.8,0.8,-1,-1,0.25,0.25,0.632143,0.007143
1,-1,2,0.8,0.8,-1,-1,0.3,0.3,0.632143,0.007143
1,-1,2,0.8,0.8,-1,-1,0.35,0.35,0.632143,0.007143
1,-1,2,0.8,0.8,-1,-1,0.4,0.4,0.632143,0.007143
1,-1,2,0.8,0.8,-1,-1,0.45,0.45,0.632143,0.007143
1,-1,2,0.8,0.8,-1,-1,0.5,0.5,0.632143,0.007143
1,-1,2,0.8,0.8,-1,-1,0.55,0.55,0.632143,0.007143
1,-1,2,0.8,0.8,-1,-1,0.6,0.6,0.632143,0.007143
1,-1,2,0.8,0.8,-1,-1,0.65,0.65,0.632143,0.007143
1,-1,2,0.8,0.8,-1,-1,0.7,0.7,0.632143,0.007143
1,-1,2,0.8,0.8,-1,-1,0.75,0.75,0.632143,0.007143
1,-1,2,0.8,0.8,-1,-1,0.8,0.8,0.632143,0.007143
1,-1,2,0.8,0.8,-1,-1,0.85,0.85,0.632143,0.007143
1,-1,2,0.8,0.8,-1,-1,0.9,0.9,0.632143,0.007143
1,-1,2,0.8,0.8,-1,-1,0.95,0.95,0.632143,0.007143
1,-1,2,0.8,0.8,-1,-1,1.0,1.0,0.632143,0.007143
1,-1,2,0.85,0.8,-1,-1,0.05,0.05,0.632143,0.006888
1,-1,2,0.85,0.8,-1,-1,0.1,0.1,0.632143,0.006633
1,-1,2,0.85,0.8,-1,-1,0.15,0.15,0.632143,0.005867
1,-1,2,0.85,0.8,-1,-1,0.2,0.2,0.632143,0.005306
1,-1,2,0.85,0.8,-1,-1,0.25,0.25,0.632328,0.004388
1,-1,2,0.85,0.8,-1,-1,0.3,0.3,0.632513,0.003827
1,-1,2,0.85,0.8,-1,-1,0.35,0.35,0.632605,0.003112
1,-1,2,0.85,0.8,-1,-1,0.4,0.4,0.632605,0.002551
1,-1,2,0.85,0.8,-1,-1,0.45,0.45,0.632605,0.001888
1,-1,2,0.85,0.8,-1,-1,0.5,0.5,0.632975,0.001684
1,-1,2,0.85,0.8,-1,-1,0.55,0.55,0.633253,0.001173
1,-1,2,0.85,0.8,-1,-1,0.6,0.6,0.633623,0.000816
1,-1,2,0.85,0.8,-1,-1,0.65,0.65,0.63427,0.000612
1,-1,2,0.85,0.8,-1,-1,0.7,0.7,0.635102,0.00051
1,-1,2,0.85,0.8,-1,-1,0.75,0.75,0.636397,0.000204
1,-1,2,0.85,0.8,-1,-1,0.8,0.8,0.639079,0.000153
1,-1,2,0.85,0.8,-1,-1,0.85,0.85,0.641483,5.1e-05
1,-1,2,0.85,0.8,-1,-1,0.9,0.9,0.645367,5.1e-05
1,-1,2,0.85,0.8,-1,-1,0.95,0.95,0.651933,0.0
1,-1,2,0.85,0.8,-1,-1,1.0,1.0,0.683929,0.0
1,-1,2,0.9,0.8,-1,-1,0.05,0.05,0.632143,0.006888
1,-1,2,0.9,0.8,-1,-1,0.1,0.1,0.632143,0.006633
1,-1,2,0.9,0.8,-1,-1,0.15,0.15,0.632143,0.005867
1,-1,2,0.9,0.8,-1,-1,0.2,0.2,0.632143,0.005306
1,-1,2,0.9,0.8,-1,-1,0.25,0.25,0.632532,0.004388
1,-1,2,0.9,0.8,-1,-1,0.3,0.3,0.632921,0.003827
1,-1,2,0.9,0.8,-1,-1,0.35,0.35,0.633116,0.003112
1,-1,2,0.9,0.8,-1,-1,0.4,0.4,0.633116,0.002551
1,-1,2,0.9,0.8,-1,-1,0.45,0.45,0.633116,0.001888
1,-1,2,0.9,0.8,-1,-1,0.5,0.5,0.633894,0.001684
1,-1,2,0.9,0.8,-1,-1,0.55,0.55,0.634477,0.001173
1,-1,2,0.9,0.8,-1,-1,0.6,0.6,0.635255,0.000816
1,-1,2,0.9,0.8,-1,-1,0.65,0.65,0.636617,0.000612
1,-1,2,0.9,0.8,-1,-1,0.7,0.7,0.638367,0.00051
1,-1,2,0.9,0.8,-1,-1,0.75,0.75,0.641091,0.000204
1,-1,2,0.9,0.8,-1,-1,0.8,0.8,0.646732,0.000153
1,-1,2,0.9,0.8,-1,-1,0.85,0.85,0.651789,5.1e-05
1,-1,2,0.9,0.8,-1,-1,0.9,0.9,0.659959,5.1e-05
1,-1,2,0.9,0.8,-1,-1,0.95,0.95,0.673769,0.0
1,-1,2,0.9,0.8,-1,-1,1.0,1.0,0.741071,0.0
1,-1,2,0.95,0.8,-1,-1,0.05,0.05,0.632143,0.006888
1,-1,2,0.95,0.8,-1,-1,0.1,0.1,0.632143,0.006633
1,-1,2,0.95,0.8,-1,-1,0.15,0.15,0.632143,0.005867
1,-1,2,0.95,0.8,-1,-1,0.2,0.2,0.632143,0.005306
1,-1,2,0.95,0.8,-1,-1,0.25,0.25,0.632762,0.004388
1,-1,2,0.95,0.8,-1,-1,0.3,0.3,0.63338,0.003827
1,-1,2,0.95,0.8,-1,-1,0.35,0.35,0.63369,0.003112
1,-1,2,0.95,0.8,-1,-1,0.4,0.4,0.63369,0.002551
1,-1,2,0.95,0.8,-1,-1,0.45,0.45,0.63369,0.001888
1,-1,2,0.95,0.8,-1,-1,0.5,0.5,0.634927,0.001684
1,-1,2,0.95,0.8,-1,-1,0.55,0.55,0.635855,0.001173
1,-1,2,0.95,0.8,-1,-1,0.6,0.6,0.637092,0.000816
1,-1,2,0.95,0.8,-1,-1,0.65,0.65,0.639257,0.000612
1,-1,2,0.95,0.8,-1,-1,0.7,0.7,0.642041,0.00051
1,-1,2,0.95,0.8,-1,-1,0.75,0.75,0.646371,0.000204
1,-1,2,0.95,0.8,-1,-1,0.8,0.8,0.655341,0.000153
1,-1,2,0.95,0.8,-1,-1,0.85,0.85,0.663383,5.1e-05
1,-1,2,0.95,0.8,-1,-1,0.9,0.9,0.676374,5.1e-05
1,-1,2,0.95,0.8,-1,-1,0.95,0.95,0.698336,0.0
1,-1,2,0.95,0.8,-1,-1,1.0,1.0,0.805357,0.0
1,-1,2,1.0,0.8,-1,-1,0.05,0.05,0.632143,0.006888
1,-1,2,1.0,0.8,-1,-1,0.1,0.1,0.632143,0.006633
1,-1,2,1.0,0.8,-1,-1,0.15,0.15,0.632143,0.005867
1,-1,2,1.0,0.8,-1,-1,0.2,0.2,0.632143,0.005306
1,-1,2,1.0,0.8,-1,-1,0.25,0.25,0.633457,0.004388
1,-1,2,1.0,0.8,-1,-1,0.3,0.3,0.634771,0.003827
1,-1,2,1.0,0.8,-1,-1,0.35,0.35,0.635428,0.003112
1,-1,2,1.0,0.8,-1,-1,0.4,0.4,0.635428,0.002551
1,-1,2,1.0,0.8,-1,-1,0.45,0.45,0.635428,0.001888
1,-1,2,1.0,0.8,-1,-1,0.5,0.5,0.638055,0.001684
1,-1,2,1.0,0.8,-1,-1,0.55,0.55,0.640026,0.001173
1,-1,2,1.0,0.8,-1,-1,0.6,0.6,0.642653,0.000816
1,-1,2,1.0,0.8,-1,-1,0.65,0.65,0.647251,0.000612
1,-1,2,1.0,0.8,-1,-1,0.7,0.7,0.653163,0.00051
1,-1,2,1.0,0.8,-1,-1,0.75,0.75,0.66236,0.000204
1,-1,2,1.0,0.8,-1,-1,0.8,0.8,0.68141,0.000153
1,-1,2,1.0,0.8,-1,-1,0.85,0.85,0.698489,5.1e-05
1,-1,2,1.0,0.8,-1,-1,0.9,0.9,0.726078,5.1e-05
1,-1,2,1.0,0.8,-1,-1,0.95,0.95,0.772717,0.0
1,-1,2,1.0,0.8,-1,-1,1.0,1.0,1.0,0.0
1,-1,2,0.85,0.85,-1,-1,0.05,0.05,0.683929,0.0
1,-1,2,0.85,0.85,-1,-1,0.1,0.1,0.683929,0.0
1,-1,2,0.85,0.85,-1,-1,0.15,0.15,0.683929,0.0
1,-1,2,0.85,0.85,-1,-1,0.2,0.2,0.683929,0.0
1,-1,2,0.85,0.85,-1,-1,0.25,0.25,0.683929,0.0
1,-1,2,0.85,0.85,-1,-1,0.3,0.3,0.683929,0.0
1,-1,2,0.85,0.85,-1,-1,0.35,0.35,0.683929,0.0
1,-1,2,0.85,0.85,-1,-1,0.4,0.4,0.683929,0.0
1,-1,2,0.85,0.85,-1,-1,0.45,0.45,0.683929,0.0
1,-1,2,0.85,0.85,-1,-1,0.5,0.5,0.683929,0.0
1,-1,2,0.85,0.85,-1,-1,0.55,0.55,0.683929,0.0
1,-1,2,0.85,0.85,-1,-1,0.6,0.6,0.683929,0.0
1,-1,2,0.85,0.85,-1,-1,0.65,0.65,0.683929,0.0
1,-1,2,0.85,0.85,-1,-1,0.7,0.7,0.683929,0.0
1,-1,2,0.85,0.85,-1,-1,0.75,0.75,0.683929,0.0
1,-1,2,0.85,0.85,-1,-1,0.8,0.8,0.683929,0.0
1,-1,2,0.85,0.85,-1,-1,0.85,0.85,0.683929,0.0
1,-1,2,0.85,0.85,-1,-1,0.9,0.9,0.683929,0.0
1,-1,2,0.85,0.85,-1,-1,0.95,0.95,0.683929,0.0
1,-1,2,0.85,0.85,-1,-1,1.0,1.0,0.683929,0.0
1,-1,2,0.9,0.85,-1,-1,0.05,0.05,0.683929,0.0
1,-1,2,0.9,0.85,-1,-1,0.1,0.1,0.683929,0.0
1,-1,2,0.9,0.85,-1,-1,0.15,0.15,0.683929,0.0
1,-1,2,0.9,0.85,-1,-1,0.2,0.2,0.683929,0.0
1,-1,2,0.9,0.85,-1,-1,0.25,0.25,0.684133,0.0
1,-1,2,0.9,0.85,-1,-1,0.3,0.3,0.684337,0.0
1,-1,2,0.9,0.85,-1,-1,0.35,0.35,0.684439,0.0
1,-1,2,0.9,0.85,-1,-1,0.4,0.4,0.684439,0.0
1,-1,2,0.9,0.85,-1,-1,0.45,0.45,0.684439,0.0
1,-1,2,0.9,0.85,-1,-1,0.5,0.5,0.684847,0.0
1,-1,2,0.9,0.85,-1,-1,0.55,0.55,0.685153,0.0
1,-1,2,0.9,0.85,-1,-1,0.6,0.6,0.685562,0.0
1,-1,2,0.9,0.85,-1,-1,0.65,0.65,0.686276,0.0
1,-1,2,0.9,0.85,-1,-1,0.7,0.7,0.687194,0.0
1,-1,2,0.9,0.85,-1,-1,0.75,0.75,0.688623,0.0
1,-1,2,0.9,0.85,-1,-1,0.8,0.8,0.691582,0.0
1,-1,2,0.9,0.85,-1,-1,0.85,0.85,0.694235,0.0
1,-1,2,0.9,0.85,-1,-1,0.9,0.9,0.698521,0.0
1,-1,2,0.9,0.85,-1,-1,0.95,0.95,0.705765,0.0
1,-1,2,0.9,0.85,-1,-1,1.0,1.0,0.741071,0.0
1,-1,2,0.95,0.85,-1,-1,0.05,0.05,0.683929,0.0
1,-1,2,0.95,0.85,-1,-1,0.1,0.1,0.683929,0.0
1,-1,2,0.95,0.85,-1,-1,0.15,0.15,0.683929,0.0
1,-1,2,0.95,0.85,-1,-1,0.2,0.2,0.683929,0.0
1,-1,2,0.95,0.85,-1,-1,0.25,0.25,0.684363,0.0
1,-1,2,0.95,0.85,-1,-1,0.3,0.3,0.684796,0.0
1,-1,2,0.95,0.85,-1,-1,0.35,0.35,0.685013,0.0
1,-1,2,0.95,0.85,-1,-1,0.4,0.4,0.685013,0.0
1,-1,2,0.95,0.85,-1,-1,0.45,0.45,0.685013,0.0
1,-1,2,0.95,0.85,-1,-1,0.5,0.5,0.68588,0.0
1,-1,2,0.95,0.85,-1,-1,0.55,0.55,0.686531,0.0
1,-1,2,0.95,0.85,-1,-1,0.6,0.6,0.687398,0.0
1,-1,2,0.95,0.85,-1,-1,0.65,0.65,0.688916,0.0
1,-1,2,0.95,0.85,-1,-1,0.7,0.7,0.690868,0.0
1,-1,2,0.95,0.85,-1,-1,0.75,0.75,0.693903,0.0
1,-1,2,0.95,0.85,-1,-1,0.8,0.8,0.700192,0.0
1,-1,2,0.95,0.85,-1,-1,0.85,0.85,0.705829,0.0
1,-1,2,0.95,0.85,-1,-1,0.9,0.9,0.714936,0.0
1,-1,2,0.95,0.85,-1,-1,0.95,0.95,0.730332,0.0
1,-1,2,0.95,0.85,-1,-1,1.0,1.0,0.805357,0.0
1,-1,2,1.0,0.85,-1,-1,0.05,0.05,0.683929,0.0
1,-1,2,1.0,0.85,-1,-1,0.1,0.1,0.683929,0.0
1,-1,2,1.0,0.85,-1,-1,0.15,0.15,0.683929,0.0
1,-1,2,1.0,0.85,-1,-1,0.2,0.2,0.683929,0.0
1,-1,2,1.0,0.85,-1,-1,0.25,0.25,0.685058,0.0
1,-1,2,1.0,0.85,-1,-1,0.3,0.3,0.686187,0.0
1,-1,2,1.0,0.85,-1,-1,0.35,0.35,0.686751,0.0
1,-1,2,1.0,0.85,-1,-1,0.4,0.4,0.686751,0.0
1,-1,2,1.0,0.85,-1,-1,0.45,0.45,0.686751,0.0
1,-1,2,1.0,0.85,-1,-1,0.5,0.5,0.689009,0.0
1,-1,2,1.0,0.85,-1,-1,0.55,0.55,0.690702,0.0
1,-1,2,1.0,0.85,-1,-1,0.6,0.6,0.692959,0.0
1,-1,2,1.0,0.85,-1,-1,0.65,0.65,0.69691,0.0
1,-1,2,1.0,0.85,-1,-1,0.7,0.7,0.70199,0.0
1,-1,2,1.0,0.85,-1,-1,0.75,0.75,0.709892,0.0
1,-1,2,1.0,0.85,-1,-1,0.8,0.8,0.72626,0.0
1,-1,2,1.0,0.85,-1,-1,0.85,0.85,0.740935,0.0
1,-1,2,1.0,0.85,-1,-1,0.9,0.9,0.76464,0.0
1,-1,2,1.0,0.85,-1,-1,0.95,0.95,0.804713,0.0
1,-1,2,1.0,0.85,-1,-1,1.0,1.0,1.0,0.0
1,-1,2,0.9,0.9,-1,-1,0.05,0.05,0.741071,0.0
1,-1,2,0.9,0.9,-1,-1,0.1,0.1,0.741071,0.0
1,-1,2,0.9,0.9,-1,-1,0.15,0.15,0.741071,0.0
1,-1,2,0.9,0.9,-1,-1,0.2,0.2,0.741071,0.0
1,-1,2,0.9,0.9,-1,-1,0.25,0.25,0.741071,0.0
1,-1,2,0.9,0.9,-1,-1,0.3,0.3,0.741071,0.0
1,-1,2,0.9,0.9,-1,-1,0.35,0.35,0.741071,0.0
1,-1,2,0.9,0.9,-1,-1,0.4,0.4,0.741071,0.0
1,-1,2,0.9,0.9,-1,-1,0.45,0.45,0.741071,0.0
1,-1,2,0.9,0.9,-1,-1,0.5,0.5,0.741071,0.0
1,-1,2,0.9,0.9,-1,-1,0.55,0.55,0.741071,0.0
1,-1,2,0.9,0.9,-1,-1,0.6,0.6,0.741071,0.0
1,-1,2,0.9,0.9,-1,-1,0.65,0.65,0.741071,0.0
1,-1,2,0.9,0.9,-1,-1,0.7,0.7,0.741071,0.0
1,-1,2,0.9,0.9,-1,-1,0.75,0.75,0.741071,0.0
1,-1,2,0.9,0.9,-1,-1,0.8,0.8,0.741071,0.0
1,-1,2,0.9,0.9,-1,-1,0.85,0.85,0.741071,0.0
1,-1,2,0.9,0.9,-1,-1,0.9,0.9,0.741071,0.0
1,-1,2,0.9,0.9,-1,-1,0.95,0.95,0.741071,0.0
1,-1,2,0.9,0.9,-1,-1,1.0,1.0,0.741071,0.0
1,-1,2,0.95,0.9,-1,-1,0.05,0.05,0.741071,0.0
1,-1,2,0.95,0.9,-1,-1,0.1,0.1,0.741071,0.0
1,-1,2,0.95,0.9,-1,-1,0.15,0.15,0.741071,0.0
1,-1,2,0.95,0.9,-1,-1,0.2,0.2,0.741071,0.0
1,-1,2,0.95,0.9,-1,-1,0.25,0.25,0.741301,0.0
1,-1,2,0.95,0.9,-1,-1,0.3,0.3,0.74153,0.0
1,-1,2,0.95,0.9,-1,-1,0.35,0.35,0.741645,0.0
1,-1,2,0.95,0.9,-1,-1,0.4,0.4,0.741645,0.0
1,-1,2,0.95,0.9,-1,-1,0.45,0.45,0.741645,0.0
1,-1,2,0.95,0.9,-1,-1,0.5,0.5,0.742104,0.0
1,-1,2,0.95,0.9,-1,-1,0.55,0.55,0.742449,0.0
1,-1,2,0.95,0.9,-1,-1,0.6,0.6,0.742908,0.0
1,-1,2,0.95,0.9,-1,-1,0.65,0.65,0.743711,0.0
1,-1,2,0.95,0.9,-1,-1,0.7,0.7,0.744744,0.0
1,-1,2,0.95,0.9,-1,-1,0.75,0.75,0.746352,0.0
1,-1,2,0.95,0.9,-1,-1,0.8,0.8,0.749681,0.0
1,-1,2,0.95,0.9,-1,-1,0.85,0.85,0.752665,0.0
1,-1,2,0.95,0.9,-1,-1,0.9,0.9,0.757487,0.0
1,-1,2,0.95,0.9,-1,-1,0.95,0.95,0.765637,0.0
1,-1,2,0.95,0.9,-1,-1,1.0,1.0,0.805357,0.0
1,-1,2,1.0,0.9,-1,-1,0.05,0.05,0.741071,0.0
1,-1,2,1.0,0.9,-1,-1,0.1,0.1,0.741071,0.0
1,-1,2,1.0,0.9,-1,-1,0.15,0.15,0.741071,0.0
1,-1,2,1.0,0.9,-1,-1,0.2,0.2,0.741071,0.0
1,-1,2,1.0,0.9,-1,-1,0.25,0.25,0.741996,0.0
1,-1,2,1.0,0.9,-1,-1,0.3,0.3,0.742921,0.0
1,-1,2,1.0,0.9,-1,-1,0.35,0.35,0.743383,0.0
1,-1,2,1.0,0.9,-1,-1,0.4,0.4,0.743383,0.0
1,-1,2,1.0,0.9,-1,-1,0.45,0.45,0.743383,0.0
1,-1,2,1.0,0.9,-1,-1,0.5,0.5,0.745232,0.0
1,-1,2,1.0,0.9,-1,-1,0.55,0.55,0.74662,0.0
1,-1,2,1.0,0.9,-1,-1,0.6,0.6,0.748469,0.0
1,-1,2,1.0,0.9,-1,-1,0.65,0.65,0.751705,0.0
1,-1,2,1.0,0.9,-1,-1,0.7,0.7,0.755867,0.0
1,-1,2,1.0,0.9,-1,-1,0.75,0.75,0.76234,0.0
1,-1,2,1.0,0.9,-1,-1,0.8,0.8,0.775749,0.0
1,-1,2,1.0,0.9,-1,-1,0.85,0.85,0.787771,0.0
1,-1,2,1.0,0.9,-1,-1,0.9,0.9,0.80719,0.0
1,-1,2,1.0,0.9,-1,-1,0.95,0.95,0.840019,0.0
1,-1,2,1.0,0.9,-1,-1,1.0,1.0,1.0,0.0
1,-1,2,0.95,0.95,-1,-1,0.05,0.05,0.805357,0.0
1,-1,2,0.95,0.95,-1,-1,0.1,0.1,0.805357,0.0
1,-1,2,0.95,0.95,-1,-1,0.15,0.15,0.805357,0.0
1,-1,2,0.95,0.95,-1,-1,0.2,0.2,0.805357,0.0
1,-1,2,0.95,0.95,-1,-1,0.25,0.25,0.805357,0.0
1,-1,2,0.95,0.95,-1,-1,0.3,0.3,0.805357,0.0
1,-1,2,0.95,0.95,-1,-1,0.35,0.35,0.805357,0.0
1,-1,2,0.95,0.95,-1,-1,0.4,0.4,0.805357,0.0
1,-1,2,0.95,0.95,-1,-1,0.45,0.45,0.805357,0.0
1,-1,2,0.95,0.95,-1,-1,0.5,0.5,0.805357,0.0
1,-1,2,0.95,0.95,-1,-1,0.55,0.55,0.805357,0.0
1,-1,2,0.95,0.95,-1,-1,0.6,0.6,0.805357,0.0
1,-1,2,0.95,0.95,-1,-1,0.65,0.65,0.805357,0.0
1,-1,2,0.95,0.95,-1,-1,0.7,0.7,0.805357,0.0
1,-1,2,0.95,0.95,-1,-1,0.75,0.75,0.805357,0.0
1,-1,2,0.95,0.95,-1,-1,0.8,0.8,0.805357,0.0
1,-1,2,0.95,0.95,-1,-1,0.85,0.85,0.805357,0.0
1,-1,2,0.95,0.95,-1,-1,0.9,0.9,0.805357,0.0
1,-1,2,0.95,0.95,-1,-1,0.95,0.95,0.805357,0.0
1,-1,2,0.95,0.95,-1,-1,1.0,1.0,0.805357,0.0
1,-1,2,1.0,0.95,-1,-1,0.05,0.05,0.805357,0.0
1,-1,2,1.0,0.95,-1,-1,0.1,0.1,0.805357,0.0
1,-1,2,1.0,0.95,-1,-1,0.15,0.15,0.805357,0.0
1,-1,2,1.0,0.95,-1,-1,0.2,0.2,0.805357,0.0
1,-1,2,1.0,0.95,-1,-1,0.25,0.25,0.806052,0.0
1,-1,2,1.0,0.95,-1,-1,0.3,0.3,0.806747,0.0
1,-1,2,1.0,0.95,-1,-1,0.35,0.35,0.807095,0.0
1,-1,2,1.0,0.95,-1,-1,0.4,0.4,0.807095,0.0
1,-1,2,1.0,0.95,-1,-1,0.45,0.45,0.807095,0.0
1,-1,2,1.0,0.95,-1,-1,0.5,0.5,0.808485,0.0
1,-1,2,1.0,0.95,-1,-1,0.55,0.55,0.809528,0.0
1,-1,2,1.0,0.95,-1,-1,0.6,0.6,0.810918,0.0
1,-1,2,1.0,0.95,-1,-1,0.65,0.65,0.813351,0.0
1,-1,2,1.0,0.95,-1,-1,0.7,0.7,0.816479,0.0
1,-1,2,1.0,0.95,-1,-1,0.75,0.75,0.821346,0.0
1,-1,2,1.0,0.95,-1,-1,0.8,0.8,0.831425,0.0
1,-1,2,1.0,0.95,-1,-1,0.85,0.85,0.840462,0.0
1,-1,2,1.0,0.95,-1,-1,0.9,0.9,0.85506,0.0
1,-1,2,1.0,0.95,-1,-1,0.95,0.95,0.879738,0.0
1,-1,2,1.0,0.95,-1,-1,1.0,1.0,1.0,0.0
1,-1,2,1.0,1.0,-1,-1,0.05,0.05,1.0,0.0
1,-1,2,1.0,1.0,-1,-1,0.1,0.1,1.0,0.0
1,-1,2,1.0,1.0,-1,-1,0.15,0.15,1.0,0.0
1,-1,2,1.0,1.0,-1,-1,0.2,0.2,1.0,0.0
1,-1,2,1.0,1.0,-1,-1,0.25,0.25,1.0,0.0
1,-1,2,1.0,1.0,-1,-1,0.3,0.3,1.0,0.0
1,-1,2,1.0,1.0,-1,-1,0.35,0.35,1.0,0.0
1,-1,2,1.0,1.0,-1,-1,0.4,0.4,1.0,0.0
1,-1,2,1.0,1.0,-1,-1,0.45,0.45,1.0,0.0
1,-1,2,1.0,1.0,-1,-1,0.5,0.5,1.0,0.0
1,-1,2,1.0,1.0,-1,-1,0.55,0.55,1.0,0.0
1,-1,2,1.0,1.0,-1,-1,0.6,0.6,1.0,0.0
1,-1,2,1.0,1.0,-1,-1,0.65,0.65,1.0,0.0
1,-1,2,1.0,1.0,-1,-1,0.7,0.7,1.0,0.0
1,-1,2,1.0,1.0,-1,-1,0.75,0.75,1.0,0.0
1,-1,2,1.0,1.0,-1,-1,0.8,0.8,1.0,0.0
1,-1,2,1.0,1.0,-1,-1,0.85,0.85,1.0,0.0
1,-1,2,1.0,1.0,-1,-1,0.9,0.9,1.0,0.0
1,-1,2,1.0,1.0,-1,-1,0.95,0.95,1.0,0.0
1,-1,2,1.0,1.0,-1,-1,1.0,1.0,1.0,0.0
