sbi_stage,ucf_stage,xception_stage,sbi_upper_threshold,sbi_lower_threshold,ucf_upper_threshold,ucf_lower_threshold,xception_upper_threshold,xception_lower_threshold,FAR,FRR
1,-1,2,0.05,0.05,-1,-1,0.05,0.05,0.115841,0.642233
1,-1,2,0.05,0.05,-1,-1,0.1,0.1,0.115841,0.642233
1,-1,2,0.05,0.05,-1,-1,0.15,0.15,0.115841,0.642233
1,-1,2,0.05,0.05,-1,-1,0.2,0.2,0.115841,0.642233
1,-1,2,0.05,0.05,-1,-1,0.25,0.25,0.115841,0.642233
1,-1,2,0.05,0.05,-1,-1,0.3,0.3,0.115841,0.642233
1,-1,2,0.05,0.05,-1,-1,0.35,0.35,0.115841,0.642233
1,-1,2,0.05,0.05,-1,-1,0.4,0.4,0.115841,0.642233
1,-1,2,0.05,0.05,-1,-1,0.45,0.45,0.115841,0.642233
1,-1,2,0.05,0.05,-1,-1,0.5,0.5,0.115841,0.642233
1,-1,2,0.05,0.05,-1,-1,0.55,0.55,0.115841,0.642233
1,-1,2,0.05,0.05,-1,-1,0.6,0.6,0.115841,0.642233
1,-1,2,0.05,0.05,-1,-1,0.65,0.65,0.115841,0.642233
1,-1,2,0.05,0.05,-1,-1,0.7,0.7,0.115841,0.642233
1,-1,2,0.05,0.05,-1,-1,0.75,0.75,0.115841,0.642233
1,-1,2,0.05,0.05,-1,-1,0.8,0.8,0.115841,0.642233
1,-1,2,0.05,0.05,-1,-1,0.85,0.85,0.115841,0.642233
1,-1,2,0.05,0.05,-1,-1,0.9,0.9,0.115841,0.642233
1,-1,2,0.05,0.05,-1,-1,0.95,0.95,0.115841,0.642233
1,-1,2,0.05,0.05,-1,-1,1.0,1.0,0.115841,0.642233
1,-1,2,0.1,0.05,-1,-1,0.05,0.05,0.11587,0.638902
1,-1,2,0.1,0.05,-1,-1,0.1,0.1,0.116217,0.630285
1,-1,2,0.1,0.05,-1,-1,0.15,0.15,0.117085,0.619568
1,-1,2,0.1,0.05,-1,-1,0.2,0.2,0.118329,0.6082
1,-1,2,0.1,0.05,-1,-1,0.25,0.25,0.11995,0.594949
1,-1,2,0.1,0.05,-1,-1,0.3,0.3,0.122641,0.579236
1,-1,2,0.1,0.05,-1,-1,0.35,0.35,0.126084,0.564247
1,-1,2,0.1,0.05,-1,-1,0.4,0.4,0.130337,0.549692
1,-1,2,0.1,0.05,-1,-1,0.45,0.45,0.135748,0.533255
1,-1,2,0.1,0.05,-1,-1,0.5,0.5,0.146453,0.509867
1,-1,2,0.1,0.05,-1,-1,0.55,0.55,0.153513,0.493502
1,-1,2,0.1,0.05,-1,-1,0.6,0.6,0.160545,0.480757
1,-1,2,0.1,0.05,-1,-1,0.65,0.65,0.167489,0.471779
1,-1,2,0.1,0.05,-1,-1,0.7,0.7,0.17423,0.464972
1,-1,2,0.1,0.05,-1,-1,0.75,0.75,0.179496,0.46012
1,-1,2,0.1,0.05,-1,-1,0.8,0.8,0.184878,0.455341
1,-1,2,0.1,0.05,-1,-1,0.85,0.85,0.188987,0.453531
1,-1,2,0.1,0.05,-1,-1,0.9,0.9,0.193443,0.452517
1,-1,2,0.1,0.05,-1,-1,0.95,0.95,0.198391,0.451793
1,-1,2,0.1,0.05,-1,-1,1.0,1.0,0.211006,0.451576
1,-1,2,0.15,0.05,-1,-1,0.05,0.05,0.115893,0.637004
1,-1,2,0.15,0.05,-1,-1,0.1,0.1,0.116513,0.623478
1,-1,2,0.15,0.05,-1,-1,0.15,0.15,0.118063,0.606656
1,-1,2,0.15,0.05,-1,-1,0.2,0.2,0.120285,0.588811
1,-1,2,0.15,0.05,-1,-1,0.25,0.25,0.123179,0.56801
1,-1,2,0.15,0.05,-1,-1,0.3,0.3,0.127985,0.543345
1,-1,2,0.15,0.05,-1,-1,0.35,0.35,0.134134,0.519817
1,-1,2,0.15,0.05,-1,-1,0.4,0.4,0.14173,0.49697
1,-1,2,0.15,0.05,-1,-1,0.45,0.45,0.151394,0.471168
1,-1,2,0.15,0.05,-1,-1,0.5,0.5,0.170513,0.434455
1,-1,2,0.15,0.05,-1,-1,0.55,0.55,0.183122,0.408767
1,-1,2,0.15,0.05,-1,-1,0.6,0.6,0.195679,0.388762
1,-1,2,0.15,0.05,-1,-1,0.65,0.65,0.208081,0.374667
1,-1,2,0.15,0.05,-1,-1,0.7,0.7,0.220122,0.363983
1,-1,2,0.15,0.05,-1,-1,0.75,0.75,0.229527,0.356367
1,-1,2,0.15,0.05,-1,-1,0.8,0.8,0.239138,0.348865
1,-1,2,0.15,0.05,-1,-1,0.85,0.85,0.246476,0.346024
1,-1,2,0.15,0.05,-1,-1,0.9,0.9,0.254434,0.344433
1,-1,2,0.15,0.05,-1,-1,0.95,0.95,0.263271,0.343296
1,-1,2,0.15,0.05,-1,-1,1.0,1.0,0.285801,0.342955
1,-1,2,0.2,0.05,-1,-1,0.05,0.05,0.115911,0.635618
1,-1,2,0.2,0.05,-1,-1,0.1,0.1,0.116746,0.618504
1,-1,2,0.2,0.05,-1,-1,0.15,0.15,0.118834,0.59722
1,-1,2,0.2,0.05,-1,-1,0.2,0.2,0.121827,0.574642
1,-1,2,0.2,0.05,-1,-1,0.25,0.25,0.125725,0.548324
1,-1,2,0.2,0.05,-1,-1,0.3,0.3,0.132199,0.517117
1,-1,2,0.2,0.05,-1,-1,0.35,0.35,0.140483,0.487348
1,-1,2,0.2,0.05,-1,-1,0.4,0.4,0.150715,0.458442
1,-1,2,0.2,0.05,-1,-1,0.45,0.45,0.163732,0.425797
1,-1,2,0.2,0.05,-1,-1,0.5,0.5,0.189488,0.379346
1,-1,2,0.2,0.05,-1,-1,0.55,0.55,0.206472,0.346845
1,-1,2,0.2,0.05,-1,-1,0.6,0.6,0.223387,0.321534
1,-1,2,0.2,0.05,-1,-1,0.65,0.65,0.240094,0.303701
1,-1,2,0.2,0.05,-1,-1,0.7,0.7,0.256312,0.290183
1,-1,2,0.2,0.05,-1,-1,0.75,0.75,0.268981,0.280548
1,-1,2,0.2,0.05,-1,-1,0.8,0.8,0.281929,0.271056
1,-1,2,0.2,0.05,-1,-1,0.85,0.85,0.291813,0.267461
1,-1,2,0.2,0.05,-1,-1,0.9,0.9,0.302533,0.265447
1,-1,2,0.2,0.05,-1,-1,0.95,0.95,0.314436,0.264009
1,-1,2,0.2,0.05,-1,-1,1.0,1.0,0.344786,0.263578
1,-1,2,0.25,0.05,-1,-1,0.05,0.05,0.115929,0.634556
1,-1,2,0.25,0.05,-1,-1,0.1,0.1,0.116983,0.614696
1,-1,2,0.25,0.05,-1,-1,0.15,0.15,0.119617,0.589996
1,-1,2,0.25,0.05,-1,-1,0.2,0.2,0.123394,0.563794
1,-1,2,0.25,0.05,-1,-1,0.25,0.25,0.128311,0.533253
1,-1,2,0.25,0.05,-1,-1,0.3,0.3,0.136479,0.497038
1,-1,2,0.25,0.05,-1,-1,0.35,0.35,0.146929,0.462492
1,-1,2,0.25,0.05,-1,-1,0.4,0.4,0.159839,0.428947
1,-1,2,0.25,0.05,-1,-1,0.45,0.45,0.176261,0.391063
1,-1,2,0.25,0.05,-1,-1,0.5,0.5,0.208755,0.337157
1,-1,2,0.25,0.05,-1,-1,0.55,0.55,0.230183,0.29944
1,-1,2,0.25,0.05,-1,-1,0.6,0.6,0.251523,0.270067
1,-1,2,0.25,0.05,-1,-1,0.65,0.65,0.2726,0.249373
1,-1,2,0.25,0.05,-1,-1,0.7,0.7,0.293062,0.233685
1,-1,2,0.25,0.05,-1,-1,0.75,0.75,0.309046,0.222503
1,-1,2,0.25,0.05,-1,-1,0.8,0.8,0.32538,0.211488
1,-1,2,0.25,0.05,-1,-1,0.85,0.85,0.337851,0.207316
1,-1,2,0.25,0.05,-1,-1,0.9,0.9,0.351375,0.204979
1,-1,2,0.25,0.05,-1,-1,0.95,0.95,0.366392,0.203311
1,-1,2,0.25,0.05,-1,-1,1.0,1.0,0.404682,0.20281
1,-1,2,0.3,0.05,-1,-1,0.05,0.05,0.115943,0.633945
1,-1,2,0.3,0.05,-1,-1,0.1,0.1,0.117167,0.612507
1,-1,2,0.3,0.05,-1,-1,0.15,0.15,0.120225,0.585843
1,-1,2,0.3,0.05,-1,-1,0.2,0.2,0.12461,0.557557
1,-1,2,0.3,0.05,-1,-1,0.25,0.25,0.13032,0.524588
1,-1,2,0.3,0.05,-1,-1,0.3,0.3,0.139802,0.485493
1,-1,2,0.3,0.05,-1,-1,0.35,0.35,0.151936,0.4482
1,-1,2,0.3,0.05,-1,-1,0.4,0.4,0.166925,0.411987
1,-1,2,0.3,0.05,-1,-1,0.45,0.45,0.185992,0.371091
1,-1,2,0.3,0.05,-1,-1,0.5,0.5,0.223719,0.312899
1,-1,2,0.3,0.05,-1,-1,0.55,0.55,0.248598,0.272182
1,-1,2,0.3,0.05,-1,-1,0.6,0.6,0.273376,0.240474
1,-1,2,0.3,0.05,-1,-1,0.65,0.65,0.297847,0.218134
1,-1,2,0.3,0.05,-1,-1,0.7,0.7,0.321604,0.201199
1,-1,2,0.3,0.05,-1,-1,0.75,0.75,0.340162,0.189128
1,-1,2,0.3,0.05,-1,-1,0.8,0.8,0.359127,0.177237
1,-1,2,0.3,0.05,-1,-1,0.85,0.85,0.373606,0.172733
1,-1,2,0.3,0.05,-1,-1,0.9,0.9,0.389309,0.170211
1,-1,2,0.3,0.05,-1,-1,0.95,0.95,0.406745,0.168409
1,-1,2,0.3,0.05,-1,-1,1.0,1.0,0.451201,0.167869
1,-1,2,0.35,0.05,-1,-1,0.05,0.05,0.115955,0.633315
1,-1,2,0.35,0.05,-1,-1,0.1,0.1,0.117318,0.610246
1,-1,2,0.35,0.05,-1,-1,0.15,0.15,0.120726,0.581553
1,-1,2,0.35,0.05,-1,-1,0.2,0.2,0.125612,0.551117
1,-1,2,0.35,0.05,-1,-1,0.25,0.25,0.131974,0.51564
1,-1,2,0.35,0.05,-1,-1,0.3,0.3,0.14254,0.473571
1,-1,2,0.35,0.05,-1,-1,0.35,0.35,0.156059,0.433441
1,-1,2,0.35,0.05,-1,-1,0.4,0.4,0.172761,0.394475
1,-1,2,0.35,0.05,-1,-1,0.45,0.45,0.194006,0.350468
1,-1,2,0.35,0.05,-1,-1,0.5,0.5,0.236042,0.28785
1,-1,2,0.35,0.05,-1,-1,0.55,0.55,0.263763,0.244036
1,-1,2,0.35,0.05,-1,-1,0.6,0.6,0.291371,0.209916
1,-1,2,0.35,0.05,-1,-1,0.65,0.65,0.318638,0.185877
1,-1,2,0.35,0.05,-1,-1,0.7,0.7,0.345109,0.167654
1,-1,2,0.35,0.05,-1,-1,0.75,0.75,0.365787,0.154665
1,-1,2,0.35,0.05,-1,-1,0.8,0.8,0.386918,0.14187
1,-1,2,0.35,0.05,-1,-1,0.85,0.85,0.403052,0.137023
1,-1,2,0.35,0.05,-1,-1,0.9,0.9,0.420548,0.134309
1,-1,2,0.35,0.05,-1,-1,0.95,0.95,0.439975,0.13237
1,-1,2,0.35,0.05,-1,-1,1.0,1.0,0.48951,0.131789
1,-1,2,0.4,0.05,-1,-1,0.05,0.05,0.115967,0.63287
1,-1,2,0.4,0.05,-1,-1,0.1,0.1,0.117485,0.608651
1,-1,2,0.4,0.05,-1,-1,0.15,0.15,0.121279,0.578529
1,-1,2,0.4,0.05,-1,-1,0.2,0.2,0.126717,0.546574
1,-1,2,0.4,0.05,-1,-1,0.25,0.25,0.133798,0.509329
1,-1,2,0.4,0.05,-1,-1,0.3,0.3,0.145559,0.465163
1,-1,2,0.4,0.05,-1,-1,0.35,0.35,0.160608,0.423033
1,-1,2,0.4,0.05,-1,-1,0.4,0.4,0.179198,0.382124
1,-1,2,0.4,0.05,-1,-1,0.45,0.45,0.202846,0.335923
1,-1,2,0.4,0.05,-1,-1,0.5,0.5,0.249637,0.270183
1,-1,2,0.4,0.05,-1,-1,0.55,0.55,0.280494,0.224186
1,-1,2,0.4,0.05,-1,-1,0.6,0.6,0.311224,0.188365
1,-1,2,0.4,0.05,-1,-1,0.65,0.65,0.341575,0.163128
1,-1,2,0.4,0.05,-1,-1,0.7,0.7,0.37104,0.143996
1,-1,2,0.4,0.05,-1,-1,0.75,0.75,0.394056,0.130359
1,-1,2,0.4,0.05,-1,-1,0.8,0.8,0.417578,0.116926
1,-1,2,0.4,0.05,-1,-1,0.85,0.85,0.435536,0.111838
1,-1,2,0.4,0.05,-1,-1,0.9,0.9,0.455011,0.108989
1,-1,2,0.4,0.05,-1,-1,0.95,0.95,0.476636,0.106953
1,-1,2,0.4,0.05,-1,-1,1.0,1.0,0.531773,0.106343
1,-1,2,0.45,0.05,-1,-1,0.05,0.05,0.115978,0.632452
1,-1,2,0.45,0.05,-1,-1,0.1,0.1,0.117621,0.607151
1,-1,2,0.45,0.05,-1,-1,0.15,0.15,0.121728,0.575684
1,-1,2,0.45,0.05,-1,-1,0.2,0.2,0.127615,0.542303
1,-1,2,0.45,0.05,-1,-1,0.25,0.25,0.135282,0.503395
1,-1,2,0.45,0.05,-1,-1,0.3,0.3,0.148014,0.457257
1,-1,2,0.45,0.05,-1,-1,0.35,0.35,0.164306,0.413246
1,-1,2,0.45,0.05,-1,-1,0.4,0.4,0.184432,0.37051
1,-1,2,0.45,0.05,-1,-1,0.45,0.45,0.210033,0.322246
1,-1,2,0.45,0.05,-1,-1,0.5,0.5,0.260689,0.253571
1,-1,2,0.45,0.05,-1,-1,0.55,0.55,0.294095,0.20552
1,-1,2,0.45,0.05,-1,-1,0.6,0.6,0.327363,0.168099
1,-1,2,0.45,0.05,-1,-1,0.65,0.65,0.360221,0.141735
1,-1,2,0.45,0.05,-1,-1,0.7,0.7,0.39212,0.121749
1,-1,2,0.45,0.05,-1,-1,0.75,0.75,0.417038,0.107504
1,-1,2,0.45,0.05,-1,-1,0.8,0.8,0.442502,0.093471
1,-1,2,0.45,0.05,-1,-1,0.85,0.85,0.461943,0.088155
1,-1,2,0.45,0.05,-1,-1,0.9,0.9,0.483027,0.085179
1,-1,2,0.45,0.05,-1,-1,0.95,0.95,0.506438,0.083053
1,-1,2,0.45,0.05,-1,-1,1.0,1.0,0.56613,0.082415
1,-1,2,0.5,0.05,-1,-1,0.05,0.05,0.11599,0.632194
1,-1,2,0.5,0.05,-1,-1,0.1,0.1,0.117776,0.606223
1,-1,2,0.5,0.05,-1,-1,0.15,0.15,0.122241,0.573923
1,-1,2,0.5,0.05,-1,-1,0.2,0.2,0.128641,0.539659
1,-1,2,0.5,0.05,-1,-1,0.25,0.25,0.136975,0.499721
1,-1,2,0.5,0.05,-1,-1,0.3,0.3,0.150816,0.452363
1,-1,2,0.5,0.05,-1,-1,0.35,0.35,0.168527,0.407187
1,-1,2,0.5,0.05,-1,-1,0.4,0.4,0.190406,0.36332
1,-1,2,0.5,0.05,-1,-1,0.45,0.45,0.218238,0.31378
1,-1,2,0.5,0.05,-1,-1,0.5,0.5,0.273306,0.243288
1,-1,2,0.5,0.05,-1,-1,0.55,0.55,0.309621,0.193965
1,-1,2,0.5,0.05,-1,-1,0.6,0.6,0.345787,0.155554
1,-1,2,0.5,0.05,-1,-1,0.65,0.65,0.381507,0.128493
1,-1,2,0.5,0.05,-1,-1,0.7,0.7,0.416185,0.107978
1,-1,2,0.5,0.05,-1,-1,0.75,0.75,0.443272,0.093356
1,-1,2,0.5,0.05,-1,-1,0.8,0.8,0.470955,0.078951
1,-1,2,0.5,0.05,-1,-1,0.85,0.85,0.49209,0.073495
1,-1,2,0.5,0.05,-1,-1,0.9,0.9,0.515009,0.07044
1,-1,2,0.5,0.05,-1,-1,0.95,0.95,0.54046,0.068258
1,-1,2,0.5,0.05,-1,-1,1.0,1.0,0.605351,0.067603
1,-1,2,0.55,0.05,-1,-1,0.05,0.05,0.116,0.631928
1,-1,2,0.55,0.05,-1,-1,0.1,0.1,0.117907,0.605271
1,-1,2,0.55,0.05,-1,-1,0.15,0.15,0.122674,0.572117
1,-1,2,0.55,0.05,-1,-1,0.2,0.2,0.129507,0.536948
1,-1,2,0.55,0.05,-1,-1,0.25,0.25,0.138406,0.495954
1,-1,2,0.55,0.05,-1,-1,0.3,0.3,0.153184,0.447343
1,-1,2,0.55,0.05,-1,-1,0.35,0.35,0.172094,0.400973
1,-1,2,0.55,0.05,-1,-1,0.4,0.4,0.195454,0.355947
1,-1,2,0.55,0.05,-1,-1,0.45,0.45,0.22517,0.305097
1,-1,2,0.55,0.05,-1,-1,0.5,0.5,0.283966,0.232741
1,-1,2,0.55,0.05,-1,-1,0.55,0.55,0.32274,0.182114
1,-1,2,0.55,0.05,-1,-1,0.6,0.6,0.361355,0.142688
1,-1,2,0.55,0.05,-1,-1,0.65,0.65,0.399493,0.114911
1,-1,2,0.55,0.05,-1,-1,0.7,0.7,0.436519,0.093854
1,-1,2,0.55,0.05,-1,-1,0.75,0.75,0.46544,0.078845
1,-1,2,0.55,0.05,-1,-1,0.8,0.8,0.494997,0.06406
1,-1,2,0.55,0.05,-1,-1,0.85,0.85,0.517563,0.05846
1,-1,2,0.55,0.05,-1,-1,0.9,0.9,0.542034,0.055324
1,-1,2,0.55,0.05,-1,-1,0.95,0.95,0.569208,0.053084
1,-1,2,0.55,0.05,-1,-1,1.0,1.0,0.638492,0.052412
1,-1,2,0.6,0.05,-1,-1,0.05,0.05,0.11601,0.631729
1,-1,2,0.6,0.05,-1,-1,0.1,0.1,0.118042,0.604557
1,-1,2,0.6,0.05,-1,-1,0.15,0.15,0.123119,0.570763
1,-1,2,0.6,0.05,-1,-1,0.2,0.2,0.130398,0.534914
1,-1,2,0.6,0.05,-1,-1,0.25,0.25,0.139876,0.493128
1,-1,2,0.6,0.05,-1,-1,0.3,0.3,0.155618,0.443578
1,-1,2,0.6,0.05,-1,-1,0.35,0.35,0.17576,0.396313
1,-1,2,0.6,0.05,-1,-1,0.4,0.4,0.200641,0.350416
1,-1,2,0.6,0.05,-1,-1,0.45,0.45,0.232293,0.298584
1,-1,2,0.6,0.05,-1,-1,0.5,0.5,0.29492,0.22483
1,-1,2,0.6,0.05,-1,-1,0.55,0.55,0.336221,0.173226
1,-1,2,0.6,0.05,-1,-1,0.6,0.6,0.377352,0.133038
1,-1,2,0.6,0.05,-1,-1,0.65,0.65,0.417974,0.104725
1,-1,2,0.6,0.05,-1,-1,0.7,0.7,0.457412,0.083261
1,-1,2,0.6,0.05,-1,-1,0.75,0.75,0.488218,0.067962
1,-1,2,0.6,0.05,-1,-1,0.8,0.8,0.519701,0.052891
1,-1,2,0.6,0.05,-1,-1,0.85,0.85,0.543736,0.047183
1,-1,2,0.6,0.05,-1,-1,0.9,0.9,0.569802,0.043986
1,-1,2,0.6,0.05,-1,-1,0.95,0.95,0.598747,0.041703
1,-1,2,0.6,0.05,-1,-1,1.0,1.0,0.672545,0.041018
1,-1,2,0.65,0.05,-1,-1,0.05,0.05,0.11602,0.63159
1,-1,2,0.65,0.05,-1,-1,0.1,0.1,0.118175,0.604057
1,-1,2,0.65,0.05,-1,-1,0.15,0.15,0.123561,0.569815
1,-1,2,0.65,0.05,-1,-1,0.2,0.2,0.13128,0.53349
1,-1,2,0.65,0.05,-1,-1,0.25,0.25,0.141333,0.49115
1,-1,2,0.65,0.05,-1,-1,0.3,0.3,0.158029,0.440943
1,-1,2,0.65,0.05,-1,-1,0.35,0.35,0.179392,0.39305
1,-1,2,0.65,0.05,-1,-1,0.4,0.4,0.205782,0.346545
1,-1,2,0.65,0.05,-1,-1,0.45,0.45,0.239353,0.294025
1,-1,2,0.65,0.05,-1,-1,0.5,0.5,0.305777,0.219293
1,-1,2,0.65,0.05,-1,-1,0.55,0.55,0.349581,0.167004
1,-1,2,0.65,0.05,-1,-1,0.6,0.6,0.393205,0.126283
1,-1,2,0.65,0.05,-1,-1,0.65,0.65,0.43629,0.097594
1,-1,2,0.65,0.05,-1,-1,0.7,0.7,0.478119,0.075845
1,-1,2,0.65,0.05,-1,-1,0.75,0.75,0.510793,0.060344
1,-1,2,0.65,0.05,-1,-1,0.8,0.8,0.544184,0.045073
1,-1,2,0.65,0.05,-1,-1,0.85,0.85,0.569677,0.039289
1,-1,2,0.65,0.05,-1,-1,0.9,0.9,0.597323,0.03605
1,-1,2,0.65,0.05,-1,-1,0.95,0.95,0.628022,0.033736
1,-1,2,0.65,0.05,-1,-1,1.0,1.0,0.706294,0.033042
1,-1,2,0.7,0.05,-1,-1,0.05,0.05,0.116028,0.631431
1,-1,2,0.7,0.05,-1,-1,0.1,0.1,0.118278,0.603486
1,-1,2,0.7,0.05,-1,-1,0.15,0.15,0.123902,0.568731
1,-1,2,0.7,0.05,-1,-1,0.2,0.2,0.131964,0.531863
1,-1,2,0.7,0.05,-1,-1,0.25,0.25,0.142462,0.488889
1,-1,2,0.7,0.05,-1,-1,0.3,0.3,0.159897,0.437931
1,-1,2,0.7,0.05,-1,-1,0.35,0.35,0.182206,0.389322
1,-1,2,0.7,0.05,-1,-1,0.4,0.4,0.209765,0.342121
1,-1,2,0.7,0.05,-1,-1,0.45,0.45,0.244823,0.288815
1,-1,2,0.7,0.05,-1,-1,0.5,0.5,0.314188,0.212965
1,-1,2,0.7,0.05,-1,-1,0.55,0.55,0.359931,0.159893
1,-1,2,0.7,0.05,-1,-1,0.6,0.6,0.405488,0.118563
1,-1,2,0.7,0.05,-1,-1,0.65,0.65,0.450481,0.089445
1,-1,2,0.7,0.05,-1,-1,0.7,0.7,0.494162,0.06737
1,-1,2,0.7,0.05,-1,-1,0.75,0.75,0.528282,0.051637
1,-1,2,0.7,0.05,-1,-1,0.8,0.8,0.563152,0.036138
1,-1,2,0.7,0.05,-1,-1,0.85,0.85,0.589774,0.030267
1,-1,2,0.7,0.05,-1,-1,0.9,0.9,0.618644,0.02698
1,-1,2,0.7,0.05,-1,-1,0.95,0.95,0.650703,0.024631
1,-1,2,0.7,0.05,-1,-1,1.0,1.0,0.732441,0.023927
1,-1,2,0.75,0.05,-1,-1,0.05,0.05,0.116039,0.631331
1,-1,2,0.75,0.05,-1,-1,0.1,0.1,0.118412,0.603129
1,-1,2,0.75,0.05,-1,-1,0.15,0.15,0.124344,0.568054
1,-1,2,0.75,0.05,-1,-1,0.2,0.2,0.132846,0.530846
1,-1,2,0.75,0.05,-1,-1,0.25,0.25,0.143919,0.487477
1,-1,2,0.75,0.05,-1,-1,0.3,0.3,0.162308,0.436049
1,-1,2,0.75,0.05,-1,-1,0.35,0.35,0.185839,0.386991
1,-1,2,0.75,0.05,-1,-1,0.4,0.4,0.214906,0.339356
1,-1,2,0.75,0.05,-1,-1,0.45,0.45,0.251882,0.285559
1,-1,2,0.75,0.05,-1,-1,0.5,0.5,0.325044,0.20901
1,-1,2,0.75,0.05,-1,-1,0.55,0.55,0.373291,0.155449
1,-1,2,0.75,0.05,-1,-1,0.6,0.6,0.421341,0.113738
1,-1,2,0.75,0.05,-1,-1,0.65,0.65,0.468797,0.084351
1,-1,2,0.75,0.05,-1,-1,0.7,0.7,0.514869,0.062074
1,-1,2,0.75,0.05,-1,-1,0.75,0.75,0.550857,0.046195
1,-1,2,0.75,0.05,-1,-1,0.8,0.8,0.587635,0.030553
1,-1,2,0.75,0.05,-1,-1,0.85,0.85,0.615714,0.024629
1,-1,2,0.75,0.05,-1,-1,0.9,0.9,0.646165,0.021311
1,-1,2,0.75,0.05,-1,-1,0.95,0.95,0.679978,0.018941
1,-1,2,0.75,0.05,-1,-1,1.0,1.0,0.76619,0.01823
1,-1,2,0.8,0.05,-1,-1,0.05,0.05,0.116047,0.631172
1,-1,2,0.8,0.05,-1,-1,0.1,0.1,0.118516,0.602558
1,-1,2,0.8,0.05,-1,-1,0.15,0.15,0.124689,0.56697
1,-1,2,0.8,0.05,-1,-1,0.2,0.2,0.133538,0.529219
1,-1,2,0.8,0.05,-1,-1,0.25,0.25,0.145061,0.485216
1,-1,2,0.8,0.05,-1,-1,0.3,0.3,0.164198,0.433037
1,-1,2,0.8,0.05,-1,-1,0.35,0.35,0.188686,0.383263
1,-1,2,0.8,0.05,-1,-1,0.4,0.4,0.218935,0.334931
1,-1,2,0.8,0.05,-1,-1,0.45,0.45,0.257416,0.280348
1,-1,2,0.8,0.05,-1,-1,0.5,0.5,0.333553,0.202681
1,-1,2,0.8,0.05,-1,-1,0.55,0.55,0.383763,0.148338
1,-1,2,0.8,0.05,-1,-1,0.6,0.6,0.433767,0.106018
1,-1,2,0.8,0.05,-1,-1,0.65,0.65,0.483153,0.076202
1,-1,2,0.8,0.05,-1,-1,0.7,0.7,0.531099,0.053599
1,-1,2,0.8,0.05,-1,-1,0.75,0.75,0.56855,0.037489
1,-1,2,0.8,0.05,-1,-1,0.8,0.8,0.606825,0.021618
1,-1,2,0.8,0.05,-1,-1,0.85,0.85,0.636046,0.015607
1,-1,2,0.8,0.05,-1,-1,0.9,0.9,0.667735,0.012241
1,-1,2,0.8,0.05,-1,-1,0.95,0.95,0.702923,0.009836
1,-1,2,0.8,0.05,-1,-1,1.0,1.0,0.792642,0.009115
1,-1,2,0.85,0.05,-1,-1,0.05,0.05,0.116056,0.631099
1,-1,2,0.85,0.05,-1,-1,0.1,0.1,0.118641,0.602296
1,-1,2,0.85,0.05,-1,-1,0.15,0.15,0.125103,0.566474
1,-1,2,0.85,0.05,-1,-1,0.2,0.2,0.134365,0.528473
1,-1,2,0.85,0.05,-1,-1,0.25,0.25,0.146426,0.48418
1,-1,2,0.85,0.05,-1,-1,0.3,0.3,0.166458,0.431656
1,-1,2,0.85,0.05,-1,-1,0.35,0.35,0.192089,0.381554
1,-1,2,0.85,0.05,-1,-1,0.4,0.4,0.223752,0.332904
1,-1,2,0.85,0.05,-1,-1,0.45,0.45,0.26403,0.27796
1,-1,2,0.85,0.05,-1,-1,0.5,0.5,0.343725,0.199781
1,-1,2,0.85,0.05,-1,-1,0.55,0.55,0.39628,0.145079
1,-1,2,0.85,0.05,-1,-1,0.6,0.6,0.448621,0.10248
1,-1,2,0.85,0.05,-1,-1,0.65,0.65,0.500314,0.072467
1,-1,2,0.85,0.05,-1,-1,0.7,0.7,0.5505,0.049715
1,-1,2,0.85,0.05,-1,-1,0.75,0.75,0.589702,0.033498
1,-1,2,0.85,0.05,-1,-1,0.8,0.8,0.629764,0.017523
1,-1,2,0.85,0.05,-1,-1,0.85,0.85,0.66035,0.011472
1,-1,2,0.85,0.05,-1,-1,0.9,0.9,0.69352,0.008083
1,-1,2,0.85,0.05,-1,-1,0.95,0.95,0.730352,0.005663
1,-1,2,0.85,0.05,-1,-1,1.0,1.0,0.824263,0.004937
1,-1,2,0.9,0.05,-1,-1,0.05,0.05,0.116067,0.631052
1,-1,2,0.9,0.05,-1,-1,0.1,0.1,0.118784,0.60213
1,-1,2,0.9,0.05,-1,-1,0.15,0.15,0.125576,0.566158
1,-1,2,0.9,0.05,-1,-1,0.2,0.2,0.135311,0.527999
1,-1,2,0.9,0.05,-1,-1,0.25,0.25,0.147988,0.483521
1,-1,2,0.9,0.05,-1,-1,0.3,0.3,0.169043,0.430778
1,-1,2,0.9,0.05,-1,-1,0.35,0.35,0.195983,0.380467
1,-1,2,0.9,0.05,-1,-1,0.4,0.4,0.229263,0.331613
1,-1,2,0.9,0.05,-1,-1,0.45,0.45,0.271599,0.276441
1,-1,2,0.9,0.05,-1,-1,0.5,0.5,0.355363,0.197935
1,-1,2,0.9,0.05,-1,-1,0.55,0.55,0.410603,0.143006
1,-1,2,0.9,0.05,-1,-1,0.6,0.6,0.465617,0.100228
1,-1,2,0.9,0.05,-1,-1,0.65,0.65,0.51995,0.07009
1,-1,2,0.9,0.05,-1,-1,0.7,0.7,0.5727,0.047243
1,-1,2,0.9,0.05,-1,-1,0.75,0.75,0.613903,0.030959
1,-1,2,0.9,0.05,-1,-1,0.8,0.8,0.656012,0.014917
1,-1,2,0.9,0.05,-1,-1,0.85,0.85,0.68816,0.008841
1,-1,2,0.9,0.05,-1,-1,0.9,0.9,0.723024,0.005438
1,-1,2,0.9,0.05,-1,-1,0.95,0.95,0.761737,0.003008
1,-1,2,0.9,0.05,-1,-1,1.0,1.0,0.860444,0.002279
1,-1,2,0.95,0.05,-1,-1,0.05,0.05,0.11608,0.631019
1,-1,2,0.95,0.05,-1,-1,0.1,0.1,0.118955,0.602011
1,-1,2,0.95,0.05,-1,-1,0.15,0.15,0.12614,0.565932
1,-1,2,0.95,0.05,-1,-1,0.2,0.2,0.13644,0.52766
1,-1,2,0.95,0.05,-1,-1,0.25,0.25,0.149852,0.48305
1,-1,2,0.95,0.05,-1,-1,0.3,0.3,0.172128,0.430151
1,-1,2,0.95,0.05,-1,-1,0.35,0.35,0.20063,0.37969
1,-1,2,0.95,0.05,-1,-1,0.4,0.4,0.23584,0.330692
1,-1,2,0.95,0.05,-1,-1,0.45,0.45,0.28063,0.275356
1,-1,2,0.95,0.05,-1,-1,0.5,0.5,0.369252,0.196617
1,-1,2,0.95,0.05,-1,-1,0.55,0.55,0.427694,0.141524
1,-1,2,0.95,0.05,-1,-1,0.6,0.6,0.485898,0.09862
1,-1,2,0.95,0.05,-1,-1,0.65,0.65,0.543382,0.068393
1,-1,2,0.95,0.05,-1,-1,0.7,0.7,0.599189,0.045478
1,-1,2,0.95,0.05,-1,-1,0.75,0.75,0.642782,0.029145
1,-1,2,0.95,0.05,-1,-1,0.8,0.8,0.687332,0.013056
1,-1,2,0.95,0.05,-1,-1,0.85,0.85,0.721345,0.006962
1,-1,2,0.95,0.05,-1,-1,0.9,0.9,0.75823,0.003549
1,-1,2,0.95,0.05,-1,-1,0.95,0.95,0.799188,0.001111
1,-1,2,0.95,0.05,-1,-1,1.0,1.0,0.903618,0.00038
1,-1,2,1.0,0.05,-1,-1,0.05,0.05,0.11611,0.631013
1,-1,2,1.0,0.05,-1,-1,0.1,0.1,0.119336,0.601987
1,-1,2,1.0,0.05,-1,-1,0.15,0.15,0.1274,0.565887
1,-1,2,1.0,0.05,-1,-1,0.2,0.2,0.13896,0.527592
1,-1,2,1.0,0.05,-1,-1,0.25,0.25,0.154014,0.482955
1,-1,2,1.0,0.05,-1,-1,0.3,0.3,0.179014,0.430025
1,-1,2,1.0,0.05,-1,-1,0.35,0.35,0.211004,0.379535
1,-1,2,1.0,0.05,-1,-1,0.4,0.4,0.250521,0.330507
1,-1,2,1.0,0.05,-1,-1,0.45,0.45,0.300791,0.275138
1,-1,2,1.0,0.05,-1,-1,0.5,0.5,0.400255,0.196353
1,-1,2,1.0,0.05,-1,-1,0.55,0.55,0.465849,0.141228
1,-1,2,1.0,0.05,-1,-1,0.6,0.6,0.531173,0.098298
1,-1,2,1.0,0.05,-1,-1,0.65,0.65,0.59569,0.068053
1,-1,2,1.0,0.05,-1,-1,0.7,0.7,0.658326,0.045125
1,-1,2,1.0,0.05,-1,-1,0.75,0.75,0.707251,0.028782
1,-1,2,1.0,0.05,-1,-1,0.8,0.8,0.757252,0.012683
1,-1,2,1.0,0.05,-1,-1,0.85,0.85,0.795426,0.006585
1,-1,2,1.0,0.05,-1,-1,0.9,0.9,0.836824,0.003171
1,-1,2,1.0,0.05,-1,-1,0.95,0.95,0.882793,0.000732
1,-1,2,1.0,0.05,-1,-1,1.0,1.0,1.0,0.0
1,-1,2,0.1,0.1,-1,-1,0.05,0.05,0.211006,0.451576
1,-1,2,0.1,0.1,-1,-1,0.1,0.1,0.211006,0.451576
1,-1,2,0.1,0.1,-1,-1,0.15,0.15,0.211006,0.451576
1,-1,2,0.1,0.1,-1,-1,0.2,0.2,0.211006,0.451576
1,-1,2,0.1,0.1,-1,-1,0.25,0.25,0.211006,0.451576
1,-1,2,0.1,0.1,-1,-1,0.3,0.3,0.211006,0.451576
1,-1,2,0.1,0.1,-1,-1,0.35,0.35,0.211006,0.451576
1,-1,2,0.1,0.1,-1,-1,0.4,0.4,0.211006,0.451576
1,-1,2,0.1,0.1,-1,-1,0.45,0.45,0.211006,0.451576
1,-1,2,0.1,0.1,-1,-1,0.5,0.5,0.211006,0.451576
1,-1,2,0.1,0.1,-1,-1,0.55,0.55,0.211006,0.451576
1,-1,2,0.1,0.1,-1,-1,0.6,0.6,0.211006,0.451576
1,-1,2,0.1,0.1,-1,-1,0.65,0.65,0.211006,0.451576
1,-1,2,0.1,0.1,-1,-1,0.7,0.7,0.211006,0.451576
1,-1,2,0.1,0.1,-1,-1,0.75,0.75,0.211006,0.451576
1,-1,2,0.1,0.1,-1,-1,0.8,0.8,0.211006,0.451576
1,-1,2,0.1,0.1,-1,-1,0.85,0.85,0.211006,0.451576
1,-1,2,0.1,0.1,-1,-1,0.9,0.9,0.211006,0.451576
1,-1,2,0.1,0.1,-1,-1,0.95,0.95,0.211006,0.451576
1,-1,2,0.1,0.1,-1,-1,1.0,1.0,0.211006,0.451576
1,-1,2,0.15,0.1,-1,-1,0.05,0.05,0.211029,0.449678
1,-1,2,0.15,0.1,-1,-1,0.1,0.1,0.211302,0.444769
1,-1,2,0.15,0.1,-1,-1,0.15,0.15,0.211984,0.438664
1,-1,2,0.15,0.1,-1,-1,0.2,0.2,0.212962,0.432187
1,-1,2,0.15,0.1,-1,-1,0.25,0.25,0.214235,0.424637
1,-1,2,0.15,0.1,-1,-1,0.3,0.3,0.21635,0.415685
1,-1,2,0.15,0.1,-1,-1,0.35,0.35,0.219056,0.407146
1,-1,2,0.15,0.1,-1,-1,0.4,0.4,0.222399,0.398854
1,-1,2,0.15,0.1,-1,-1,0.45,0.45,0.226652,0.389489
1,-1,2,0.15,0.1,-1,-1,0.5,0.5,0.235066,0.376164
1,-1,2,0.15,0.1,-1,-1,0.55,0.55,0.240615,0.366841
1,-1,2,0.15,0.1,-1,-1,0.6,0.6,0.246141,0.35958
1,-1,2,0.15,0.1,-1,-1,0.65,0.65,0.251599,0.354465
1,-1,2,0.15,0.1,-1,-1,0.7,0.7,0.256897,0.350587
1,-1,2,0.15,0.1,-1,-1,0.75,0.75,0.261036,0.347823
1,-1,2,0.15,0.1,-1,-1,0.8,0.8,0.265266,0.3451
1,-1,2,0.15,0.1,-1,-1,0.85,0.85,0.268495,0.344069
1,-1,2,0.15,0.1,-1,-1,0.9,0.9,0.271997,0.343491
1,-1,2,0.15,0.1,-1,-1,0.95,0.95,0.275886,0.343079
1,-1,2,0.15,0.1,-1,-1,1.0,1.0,0.285801,0.342955
1,-1,2,0.2,0.1,-1,-1,0.05,0.05,0.211047,0.448291
1,-1,2,0.2,0.1,-1,-1,0.1,0.1,0.211535,0.439795
1,-1,2,0.2,0.1,-1,-1,0.15,0.15,0.212755,0.429228
1,-1,2,0.2,0.1,-1,-1,0.2,0.2,0.214504,0.418018
1,-1,2,0.2,0.1,-1,-1,0.25,0.25,0.216782,0.404951
1,-1,2,0.2,0.1,-1,-1,0.3,0.3,0.220565,0.389457
1,-1,2,0.2,0.1,-1,-1,0.35,0.35,0.225405,0.374677
1,-1,2,0.2,0.1,-1,-1,0.4,0.4,0.231384,0.360326
1,-1,2,0.2,0.1,-1,-1,0.45,0.45,0.23899,0.344118
1,-1,2,0.2,0.1,-1,-1,0.5,0.5,0.25404,0.321056
1,-1,2,0.2,0.1,-1,-1,0.55,0.55,0.263965,0.304919
1,-1,2,0.2,0.1,-1,-1,0.6,0.6,0.273849,0.292352
1,-1,2,0.2,0.1,-1,-1,0.65,0.65,0.283611,0.283499
1,-1,2,0.2,0.1,-1,-1,0.7,0.7,0.293088,0.276787
1,-1,2,0.2,0.1,-1,-1,0.75,0.75,0.300491,0.272003
1,-1,2,0.2,0.1,-1,-1,0.8,0.8,0.308056,0.267291
1,-1,2,0.2,0.1,-1,-1,0.85,0.85,0.313832,0.265506
1,-1,2,0.2,0.1,-1,-1,0.9,0.9,0.320096,0.264506
1,-1,2,0.2,0.1,-1,-1,0.95,0.95,0.327052,0.263792
1,-1,2,0.2,0.1,-1,-1,1.0,1.0,0.344786,0.263578
1,-1,2,0.25,0.1,-1,-1,0.05,0.05,0.211065,0.44723
1,-1,2,0.25,0.1,-1,-1,0.1,0.1,0.211772,0.435987
1,-1,2,0.25,0.1,-1,-1,0.15,0.15,0.213538,0.422004
1,-1,2,0.25,0.1,-1,-1,0.2,0.2,0.21607,0.40717
1,-1,2,0.25,0.1,-1,-1,0.25,0.25,0.219368,0.389881
1,-1,2,0.25,0.1,-1,-1,0.3,0.3,0.224844,0.369378
1,-1,2,0.25,0.1,-1,-1,0.35,0.35,0.231852,0.349821
1,-1,2,0.25,0.1,-1,-1,0.4,0.4,0.240508,0.33083
1,-1,2,0.25,0.1,-1,-1,0.45,0.45,0.25152,0.309384
1,-1,2,0.25,0.1,-1,-1,0.5,0.5,0.273307,0.278866
1,-1,2,0.25,0.1,-1,-1,0.55,0.55,0.287676,0.257514
1,-1,2,0.25,0.1,-1,-1,0.6,0.6,0.301985,0.240885
1,-1,2,0.25,0.1,-1,-1,0.65,0.65,0.316117,0.22917
1,-1,2,0.25,0.1,-1,-1,0.7,0.7,0.329838,0.220289
1,-1,2,0.25,0.1,-1,-1,0.75,0.75,0.340555,0.213959
1,-1,2,0.25,0.1,-1,-1,0.8,0.8,0.351508,0.207723
1,-1,2,0.25,0.1,-1,-1,0.85,0.85,0.35987,0.205361
1,-1,2,0.25,0.1,-1,-1,0.9,0.9,0.368938,0.204038
1,-1,2,0.25,0.1,-1,-1,0.95,0.95,0.379008,0.203093
1,-1,2,0.25,0.1,-1,-1,1.0,1.0,0.404682,0.20281
1,-1,2,0.3,0.1,-1,-1,0.05,0.05,0.211079,0.446619
1,-1,2,0.3,0.1,-1,-1,0.1,0.1,0.211955,0.433797
1,-1,2,0.3,0.1,-1,-1,0.15,0.15,0.214146,0.41785
1,-1,2,0.3,0.1,-1,-1,0.2,0.2,0.217287,0.400933
1,-1,2,0.3,0.1,-1,-1,0.25,0.25,0.221376,0.381215
1,-1,2,0.3,0.1,-1,-1,0.3,0.3,0.228168,0.357833
1,-1,2,0.3,0.1,-1,-1,0.35,0.35,0.236858,0.335529
1,-1,2,0.3,0.1,-1,-1,0.4,0.4,0.247594,0.313871
1,-1,2,0.3,0.1,-1,-1,0.45,0.45,0.26125,0.289412
1,-1,2,0.3,0.1,-1,-1,0.5,0.5,0.288271,0.254608
1,-1,2,0.3,0.1,-1,-1,0.55,0.55,0.306091,0.230256
1,-1,2,0.3,0.1,-1,-1,0.6,0.6,0.323837,0.211292
1,-1,2,0.3,0.1,-1,-1,0.65,0.65,0.341364,0.197931
1,-1,2,0.3,0.1,-1,-1,0.7,0.7,0.35838,0.187803
1,-1,2,0.3,0.1,-1,-1,0.75,0.75,0.371671,0.180584
1,-1,2,0.3,0.1,-1,-1,0.8,0.8,0.385255,0.173472
1,-1,2,0.3,0.1,-1,-1,0.85,0.85,0.395625,0.170778
1,-1,2,0.3,0.1,-1,-1,0.9,0.9,0.406872,0.16927
1,-1,2,0.3,0.1,-1,-1,0.95,0.95,0.41936,0.168192
1,-1,2,0.3,0.1,-1,-1,1.0,1.0,0.451201,0.167869
1,-1,2,0.35,0.1,-1,-1,0.05,0.05,0.211091,0.445989
1,-1,2,0.35,0.1,-1,-1,0.1,0.1,0.212107,0.431536
1,-1,2,0.35,0.1,-1,-1,0.15,0.15,0.214647,0.413561
1,-1,2,0.35,0.1,-1,-1,0.2,0.2,0.218288,0.394493
1,-1,2,0.35,0.1,-1,-1,0.25,0.25,0.22303,0.372267
1,-1,2,0.35,0.1,-1,-1,0.3,0.3,0.230905,0.345911
1,-1,2,0.35,0.1,-1,-1,0.35,0.35,0.240982,0.320771
1,-1,2,0.35,0.1,-1,-1,0.4,0.4,0.253429,0.296358
1,-1,2,0.35,0.1,-1,-1,0.45,0.45,0.269264,0.268789
1,-1,2,0.35,0.1,-1,-1,0.5,0.5,0.300595,0.229559
1,-1,2,0.35,0.1,-1,-1,0.55,0.55,0.321256,0.20211
1,-1,2,0.35,0.1,-1,-1,0.6,0.6,0.341833,0.180735
1,-1,2,0.35,0.1,-1,-1,0.65,0.65,0.362155,0.165675
1,-1,2,0.35,0.1,-1,-1,0.7,0.7,0.381885,0.154258
1,-1,2,0.35,0.1,-1,-1,0.75,0.75,0.397296,0.146121
1,-1,2,0.35,0.1,-1,-1,0.8,0.8,0.413046,0.138104
1,-1,2,0.35,0.1,-1,-1,0.85,0.85,0.425071,0.135068
1,-1,2,0.35,0.1,-1,-1,0.9,0.9,0.438111,0.133368
1,-1,2,0.35,0.1,-1,-1,0.95,0.95,0.452591,0.132153
1,-1,2,0.35,0.1,-1,-1,1.0,1.0,0.48951,0.131789
1,-1,2,0.4,0.1,-1,-1,0.05,0.05,0.211104,0.445544
1,-1,2,0.4,0.1,-1,-1,0.1,0.1,0.212274,0.429942
1,-1,2,0.4,0.1,-1,-1,0.15,0.15,0.2152,0.410536
1,-1,2,0.4,0.1,-1,-1,0.2,0.2,0.219393,0.389951
1,-1,2,0.4,0.1,-1,-1,0.25,0.25,0.224855,0.365956
1,-1,2,0.4,0.1,-1,-1,0.3,0.3,0.233925,0.337503
1,-1,2,0.4,0.1,-1,-1,0.35,0.35,0.24553,0.310362
1,-1,2,0.4,0.1,-1,-1,0.4,0.4,0.259867,0.284007
1,-1,2,0.4,0.1,-1,-1,0.45,0.45,0.278105,0.254244
1,-1,2,0.4,0.1,-1,-1,0.5,0.5,0.31419,0.211893
1,-1,2,0.4,0.1,-1,-1,0.55,0.55,0.337986,0.18226
1,-1,2,0.4,0.1,-1,-1,0.6,0.6,0.361686,0.159183
1,-1,2,0.4,0.1,-1,-1,0.65,0.65,0.385092,0.142925
1,-1,2,0.4,0.1,-1,-1,0.7,0.7,0.407816,0.1306
1,-1,2,0.4,0.1,-1,-1,0.75,0.75,0.425566,0.121815
1,-1,2,0.4,0.1,-1,-1,0.8,0.8,0.443706,0.113161
1,-1,2,0.4,0.1,-1,-1,0.85,0.85,0.457555,0.109883
1,-1,2,0.4,0.1,-1,-1,0.9,0.9,0.472574,0.108047
1,-1,2,0.4,0.1,-1,-1,0.95,0.95,0.489251,0.106736
1,-1,2,0.4,0.1,-1,-1,1.0,1.0,0.531773,0.106343
1,-1,2,0.45,0.1,-1,-1,0.05,0.05,0.211114,0.445126
1,-1,2,0.45,0.1,-1,-1,0.1,0.1,0.21241,0.428442
1,-1,2,0.45,0.1,-1,-1,0.15,0.15,0.215649,0.407692
1,-1,2,0.45,0.1,-1,-1,0.2,0.2,0.220292,0.385679
1,-1,2,0.45,0.1,-1,-1,0.25,0.25,0.226338,0.360022
1,-1,2,0.45,0.1,-1,-1,0.3,0.3,0.23638,0.329597
1,-1,2,0.45,0.1,-1,-1,0.35,0.35,0.249228,0.300575
1,-1,2,0.45,0.1,-1,-1,0.4,0.4,0.265101,0.272393
1,-1,2,0.45,0.1,-1,-1,0.45,0.45,0.285292,0.240567
1,-1,2,0.45,0.1,-1,-1,0.5,0.5,0.325242,0.19528
1,-1,2,0.45,0.1,-1,-1,0.55,0.55,0.351587,0.163594
1,-1,2,0.45,0.1,-1,-1,0.6,0.6,0.377825,0.138918
1,-1,2,0.45,0.1,-1,-1,0.65,0.65,0.403738,0.121532
1,-1,2,0.45,0.1,-1,-1,0.7,0.7,0.428896,0.108353
1,-1,2,0.45,0.1,-1,-1,0.75,0.75,0.448547,0.098959
1,-1,2,0.45,0.1,-1,-1,0.8,0.8,0.46863,0.089706
1,-1,2,0.45,0.1,-1,-1,0.85,0.85,0.483962,0.0862
1,-1,2,0.45,0.1,-1,-1,0.9,0.9,0.50059,0.084238
1,-1,2,0.45,0.1,-1,-1,0.95,0.95,0.519054,0.082835
1,-1,2,0.45,0.1,-1,-1,1.0,1.0,0.56613,0.082415
1,-1,2,0.5,0.1,-1,-1,0.05,0.05,0.211126,0.444868
1,-1,2,0.5,0.1,-1,-1,0.1,0.1,0.212565,0.427514
1,-1,2,0.5,0.1,-1,-1,0.15,0.15,0.216162,0.405931
1,-1,2,0.5,0.1,-1,-1,0.2,0.2,0.221317,0.383035
1,-1,2,0.5,0.1,-1,-1,0.25,0.25,0.228031,0.356348
1,-1,2,0.5,0.1,-1,-1,0.3,0.3,0.239182,0.324703
1,-1,2,0.5,0.1,-1,-1,0.35,0.35,0.25345,0.294516
1,-1,2,0.5,0.1,-1,-1,0.4,0.4,0.271075,0.265204
1,-1,2,0.5,0.1,-1,-1,0.45,0.45,0.293496,0.2321
1,-1,2,0.5,0.1,-1,-1,0.5,0.5,0.337858,0.184997
1,-1,2,0.5,0.1,-1,-1,0.55,0.55,0.367113,0.152039
1,-1,2,0.5,0.1,-1,-1,0.6,0.6,0.396249,0.126373
1,-1,2,0.5,0.1,-1,-1,0.65,0.65,0.425024,0.10829
1,-1,2,0.5,0.1,-1,-1,0.7,0.7,0.45296,0.094582
1,-1,2,0.5,0.1,-1,-1,0.75,0.75,0.474782,0.084811
1,-1,2,0.5,0.1,-1,-1,0.8,0.8,0.497083,0.075186
1,-1,2,0.5,0.1,-1,-1,0.85,0.85,0.514109,0.07154
1,-1,2,0.5,0.1,-1,-1,0.9,0.9,0.532573,0.069499
1,-1,2,0.5,0.1,-1,-1,0.95,0.95,0.553075,0.06804
1,-1,2,0.5,0.1,-1,-1,1.0,1.0,0.605351,0.067603
1,-1,2,0.55,0.1,-1,-1,0.05,0.05,0.211136,0.444602
1,-1,2,0.55,0.1,-1,-1,0.1,0.1,0.212696,0.426562
1,-1,2,0.55,0.1,-1,-1,0.15,0.15,0.216595,0.404125
1,-1,2,0.55,0.1,-1,-1,0.2,0.2,0.222184,0.380324
1,-1,2,0.55,0.1,-1,-1,0.25,0.25,0.229462,0.352581
1,-1,2,0.55,0.1,-1,-1,0.3,0.3,0.24155,0.319683
1,-1,2,0.55,0.1,-1,-1,0.35,0.35,0.257017,0.288302
1,-1,2,0.55,0.1,-1,-1,0.4,0.4,0.276123,0.257831
1,-1,2,0.55,0.1,-1,-1,0.45,0.45,0.300428,0.223417
1,-1,2,0.55,0.1,-1,-1,0.5,0.5,0.348519,0.17445
1,-1,2,0.55,0.1,-1,-1,0.55,0.55,0.380233,0.140189
1,-1,2,0.55,0.1,-1,-1,0.6,0.6,0.411817,0.113507
1,-1,2,0.55,0.1,-1,-1,0.65,0.65,0.44301,0.094709
1,-1,2,0.55,0.1,-1,-1,0.7,0.7,0.473294,0.080458
1,-1,2,0.55,0.1,-1,-1,0.75,0.75,0.49695,0.070301
1,-1,2,0.55,0.1,-1,-1,0.8,0.8,0.521125,0.060295
1,-1,2,0.55,0.1,-1,-1,0.85,0.85,0.539582,0.056505
1,-1,2,0.55,0.1,-1,-1,0.9,0.9,0.559597,0.054383
1,-1,2,0.55,0.1,-1,-1,0.95,0.95,0.581823,0.052867
1,-1,2,0.55,0.1,-1,-1,1.0,1.0,0.638492,0.052412
1,-1,2,0.6,0.1,-1,-1,0.05,0.05,0.211146,0.444403
1,-1,2,0.6,0.1,-1,-1,0.1,0.1,0.21283,0.425848
1,-1,2,0.6,0.1,-1,-1,0.15,0.15,0.21704,0.402771
1,-1,2,0.6,0.1,-1,-1,0.2,0.2,0.223074,0.37829
1,-1,2,0.6,0.1,-1,-1,0.25,0.25,0.230932,0.349755
1,-1,2,0.6,0.1,-1,-1,0.3,0.3,0.243983,0.315919
1,-1,2,0.6,0.1,-1,-1,0.35,0.35,0.260682,0.283642
1,-1,2,0.6,0.1,-1,-1,0.4,0.4,0.28131,0.2523
1,-1,2,0.6,0.1,-1,-1,0.45,0.45,0.307552,0.216905
1,-1,2,0.6,0.1,-1,-1,0.5,0.5,0.359473,0.16654
1,-1,2,0.6,0.1,-1,-1,0.55,0.55,0.393713,0.1313
1,-1,2,0.6,0.1,-1,-1,0.6,0.6,0.427813,0.103857
1,-1,2,0.6,0.1,-1,-1,0.65,0.65,0.461492,0.084522
1,-1,2,0.6,0.1,-1,-1,0.7,0.7,0.494188,0.069865
1,-1,2,0.6,0.1,-1,-1,0.75,0.75,0.519728,0.059418
1,-1,2,0.6,0.1,-1,-1,0.8,0.8,0.545829,0.049126
1,-1,2,0.6,0.1,-1,-1,0.85,0.85,0.565755,0.045228
1,-1,2,0.6,0.1,-1,-1,0.9,0.9,0.587366,0.043045
1,-1,2,0.6,0.1,-1,-1,0.95,0.95,0.611362,0.041486
1,-1,2,0.6,0.1,-1,-1,1.0,1.0,0.672545,0.041018
1,-1,2,0.65,0.1,-1,-1,0.05,0.05,0.211157,0.444264
1,-1,2,0.65,0.1,-1,-1,0.1,0.1,0.212964,0.425348
1,-1,2,0.65,0.1,-1,-1,0.15,0.15,0.217481,0.401822
1,-1,2,0.65,0.1,-1,-1,0.2,0.2,0.223957,0.376866
1,-1,2,0.65,0.1,-1,-1,0.25,0.25,0.23239,0.347777
1,-1,2,0.65,0.1,-1,-1,0.3,0.3,0.246394,0.313283
1,-1,2,0.65,0.1,-1,-1,0.35,0.35,0.264314,0.280379
1,-1,2,0.65,0.1,-1,-1,0.4,0.4,0.286451,0.248429
1,-1,2,0.65,0.1,-1,-1,0.45,0.45,0.314611,0.212346
1,-1,2,0.65,0.1,-1,-1,0.5,0.5,0.370329,0.161002
1,-1,2,0.65,0.1,-1,-1,0.55,0.55,0.407073,0.125078
1,-1,2,0.65,0.1,-1,-1,0.6,0.6,0.443667,0.097102
1,-1,2,0.65,0.1,-1,-1,0.65,0.65,0.479808,0.077391
1,-1,2,0.65,0.1,-1,-1,0.7,0.7,0.514895,0.062449
1,-1,2,0.65,0.1,-1,-1,0.75,0.75,0.542302,0.051799
1,-1,2,0.65,0.1,-1,-1,0.8,0.8,0.570312,0.041308
1,-1,2,0.65,0.1,-1,-1,0.85,0.85,0.591696,0.037334
1,-1,2,0.65,0.1,-1,-1,0.9,0.9,0.614886,0.035108
1,-1,2,0.65,0.1,-1,-1,0.95,0.95,0.640637,0.033519
1,-1,2,0.65,0.1,-1,-1,1.0,1.0,0.706294,0.033042
1,-1,2,0.7,0.1,-1,-1,0.05,0.05,0.211165,0.444105
1,-1,2,0.7,0.1,-1,-1,0.1,0.1,0.213067,0.424777
1,-1,2,0.7,0.1,-1,-1,0.15,0.15,0.217823,0.400739
1,-1,2,0.7,0.1,-1,-1,0.2,0.2,0.22464,0.375239
1,-1,2,0.7,0.1,-1,-1,0.25,0.25,0.233518,0.345516
1,-1,2,0.7,0.1,-1,-1,0.3,0.3,0.248263,0.310271
1,-1,2,0.7,0.1,-1,-1,0.35,0.35,0.267129,0.276651
1,-1,2,0.7,0.1,-1,-1,0.4,0.4,0.290434,0.244005
1,-1,2,0.7,0.1,-1,-1,0.45,0.45,0.320081,0.207136
1,-1,2,0.7,0.1,-1,-1,0.5,0.5,0.37874,0.154674
1,-1,2,0.7,0.1,-1,-1,0.55,0.55,0.417424,0.117967
1,-1,2,0.7,0.1,-1,-1,0.6,0.6,0.455949,0.089382
1,-1,2,0.7,0.1,-1,-1,0.65,0.65,0.493998,0.069242
1,-1,2,0.7,0.1,-1,-1,0.7,0.7,0.530938,0.053974
1,-1,2,0.7,0.1,-1,-1,0.75,0.75,0.559792,0.043093
1,-1,2,0.7,0.1,-1,-1,0.8,0.8,0.58928,0.032373
1,-1,2,0.7,0.1,-1,-1,0.85,0.85,0.611793,0.028312
1,-1,2,0.7,0.1,-1,-1,0.9,0.9,0.636208,0.026038
1,-1,2,0.7,0.1,-1,-1,0.95,0.95,0.663318,0.024414
1,-1,2,0.7,0.1,-1,-1,1.0,1.0,0.732441,0.023927
1,-1,2,0.75,0.1,-1,-1,0.05,0.05,0.211175,0.444005
1,-1,2,0.75,0.1,-1,-1,0.1,0.1,0.213201,0.42442
1,-1,2,0.75,0.1,-1,-1,0.15,0.15,0.218264,0.400062
1,-1,2,0.75,0.1,-1,-1,0.2,0.2,0.225523,0.374222
1,-1,2,0.75,0.1,-1,-1,0.25,0.25,0.234976,0.344104
1,-1,2,0.75,0.1,-1,-1,0.3,0.3,0.250674,0.308389
1,-1,2,0.75,0.1,-1,-1,0.35,0.35,0.270761,0.274321
1,-1,2,0.75,0.1,-1,-1,0.4,0.4,0.295575,0.241239
1,-1,2,0.75,0.1,-1,-1,0.45,0.45,0.32714,0.203879
1,-1,2,0.75,0.1,-1,-1,0.5,0.5,0.389596,0.150719
1,-1,2,0.75,0.1,-1,-1,0.55,0.55,0.430784,0.113523
1,-1,2,0.75,0.1,-1,-1,0.6,0.6,0.471803,0.084557
1,-1,2,0.75,0.1,-1,-1,0.65,0.65,0.512314,0.064149
1,-1,2,0.75,0.1,-1,-1,0.7,0.7,0.551645,0.048678
1,-1,2,0.75,0.1,-1,-1,0.75,0.75,0.582366,0.037651
1,-1,2,0.75,0.1,-1,-1,0.8,0.8,0.613763,0.026788
1,-1,2,0.75,0.1,-1,-1,0.85,0.85,0.637733,0.022674
1,-1,2,0.75,0.1,-1,-1,0.9,0.9,0.663728,0.020369
1,-1,2,0.75,0.1,-1,-1,0.95,0.95,0.692593,0.018724
1,-1,2,0.75,0.1,-1,-1,1.0,1.0,0.76619,0.01823
1,-1,2,0.8,0.1,-1,-1,0.05,0.05,0.211183,0.443846
1,-1,2,0.8,0.1,-1,-1,0.1,0.1,0.213305,0.423849
1,-1,2,0.8,0.1,-1,-1,0.15,0.15,0.21861,0.398978
1,-1,2,0.8,0.1,-1,-1,0.2,0.2,0.226215,0.372595
1,-1,2,0.8,0.1,-1,-1,0.25,0.25,0.236118,0.341843
1,-1,2,0.8,0.1,-1,-1,0.3,0.3,0.252564,0.305377
1,-1,2,0.8,0.1,-1,-1,0.35,0.35,0.273608,0.270592
1,-1,2,0.8,0.1,-1,-1,0.4,0.4,0.299604,0.236815
1,-1,2,0.8,0.1,-1,-1,0.45,0.45,0.332674,0.198669
1,-1,2,0.8,0.1,-1,-1,0.5,0.5,0.398106,0.144391
1,-1,2,0.8,0.1,-1,-1,0.55,0.55,0.441255,0.106413
1,-1,2,0.8,0.1,-1,-1,0.6,0.6,0.484228,0.076837
1,-1,2,0.8,0.1,-1,-1,0.65,0.65,0.52667,0.055999
1,-1,2,0.8,0.1,-1,-1,0.7,0.7,0.567875,0.040203
1,-1,2,0.8,0.1,-1,-1,0.75,0.75,0.60006,0.028944
1,-1,2,0.8,0.1,-1,-1,0.8,0.8,0.632953,0.017853
1,-1,2,0.8,0.1,-1,-1,0.85,0.85,0.658065,0.013652
1,-1,2,0.8,0.1,-1,-1,0.9,0.9,0.685298,0.011299
1,-1,2,0.8,0.1,-1,-1,0.95,0.95,0.715539,0.009619
1,-1,2,0.8,0.1,-1,-1,1.0,1.0,0.792642,0.009115
1,-1,2,0.85,0.1,-1,-1,0.05,0.05,0.211192,0.443773
1,-1,2,0.85,0.1,-1,-1,0.1,0.1,0.21343,0.423587
1,-1,2,0.85,0.1,-1,-1,0.15,0.15,0.219024,0.398481
1,-1,2,0.85,0.1,-1,-1,0.2,0.2,0.227041,0.371849
1,-1,2,0.85,0.1,-1,-1,0.25,0.25,0.237483,0.340807
1,-1,2,0.85,0.1,-1,-1,0.3,0.3,0.254823,0.303997
1,-1,2,0.85,0.1,-1,-1,0.35,0.35,0.277011,0.268883
1,-1,2,0.85,0.1,-1,-1,0.4,0.4,0.304421,0.234787
1,-1,2,0.85,0.1,-1,-1,0.45,0.45,0.339288,0.196281
1,-1,2,0.85,0.1,-1,-1,0.5,0.5,0.408277,0.14149
1,-1,2,0.85,0.1,-1,-1,0.55,0.55,0.453773,0.103153
1,-1,2,0.85,0.1,-1,-1,0.6,0.6,0.499082,0.073298
1,-1,2,0.85,0.1,-1,-1,0.65,0.65,0.543832,0.052264
1,-1,2,0.85,0.1,-1,-1,0.7,0.7,0.587276,0.036319
1,-1,2,0.85,0.1,-1,-1,0.75,0.75,0.621211,0.024954
1,-1,2,0.85,0.1,-1,-1,0.8,0.8,0.655892,0.013758
1,-1,2,0.85,0.1,-1,-1,0.85,0.85,0.682369,0.009517
1,-1,2,0.85,0.1,-1,-1,0.9,0.9,0.711083,0.007142
1,-1,2,0.85,0.1,-1,-1,0.95,0.95,0.742968,0.005446
1,-1,2,0.85,0.1,-1,-1,1.0,1.0,0.824263,0.004937
1,-1,2,0.9,0.1,-1,-1,0.05,0.05,0.211203,0.443726
1,-1,2,0.9,0.1,-1,-1,0.1,0.1,0.213573,0.42342
1,-1,2,0.9,0.1,-1,-1,0.15,0.15,0.219497,0.398165
1,-1,2,0.9,0.1,-1,-1,0.2,0.2,0.227988,0.371375
1,-1,2,0.9,0.1,-1,-1,0.25,0.25,0.239045,0.340148
1,-1,2,0.9,0.1,-1,-1,0.3,0.3,0.257408,0.303118
1,-1,2,0.9,0.1,-1,-1,0.35,0.35,0.280906,0.267796
1,-1,2,0.9,0.1,-1,-1,0.4,0.4,0.309932,0.233497
1,-1,2,0.9,0.1,-1,-1,0.45,0.45,0.346857,0.194762
1,-1,2,0.9,0.1,-1,-1,0.5,0.5,0.419916,0.139645
1,-1,2,0.9,0.1,-1,-1,0.55,0.55,0.468096,0.10108
1,-1,2,0.9,0.1,-1,-1,0.6,0.6,0.516078,0.071047
1,-1,2,0.9,0.1,-1,-1,0.65,0.65,0.563468,0.049888
1,-1,2,0.9,0.1,-1,-1,0.7,0.7,0.609475,0.033848
1,-1,2,0.9,0.1,-1,-1,0.75,0.75,0.645412,0.022415
1,-1,2,0.9,0.1,-1,-1,0.8,0.8,0.682139,0.011152
1,-1,2,0.9,0.1,-1,-1,0.85,0.85,0.710179,0.006886
1,-1,2,0.9,0.1,-1,-1,0.9,0.9,0.740587,0.004497
1,-1,2,0.9,0.1,-1,-1,0.95,0.95,0.774353,0.002791
1,-1,2,0.9,0.1,-1,-1,1.0,1.0,0.860444,0.002279
1,-1,2,0.95,0.1,-1,-1,0.05,0.05,0.211217,0.443693
1,-1,2,0.95,0.1,-1,-1,0.1,0.1,0.213744,0.423301
1,-1,2,0.95,0.1,-1,-1,0.15,0.15,0.220061,0.39794
1,-1,2,0.95,0.1,-1,-1,0.2,0.2,0.229116,0.371036
1,-1,2,0.95,0.1,-1,-1,0.25,0.25,0.240909,0.339677
1,-1,2,0.95,0.1,-1,-1,0.3,0.3,0.260493,0.302491
1,-1,2,0.95,0.1,-1,-1,0.35,0.35,0.285553,0.267019
1,-1,2,0.95,0.1,-1,-1,0.4,0.4,0.316509,0.232575
1,-1,2,0.95,0.1,-1,-1,0.45,0.45,0.355888,0.193676
1,-1,2,0.95,0.1,-1,-1,0.5,0.5,0.433804,0.138326
1,-1,2,0.95,0.1,-1,-1,0.55,0.55,0.485187,0.099598
1,-1,2,0.95,0.1,-1,-1,0.6,0.6,0.536359,0.069439
1,-1,2,0.95,0.1,-1,-1,0.65,0.65,0.586899,0.04819
1,-1,2,0.95,0.1,-1,-1,0.7,0.7,0.635965,0.032082
1,-1,2,0.95,0.1,-1,-1,0.75,0.75,0.674291,0.020601
1,-1,2,0.95,0.1,-1,-1,0.8,0.8,0.71346,0.009291
1,-1,2,0.95,0.1,-1,-1,0.85,0.85,0.743364,0.005007
1,-1,2,0.95,0.1,-1,-1,0.9,0.9,0.775793,0.002608
1,-1,2,0.95,0.1,-1,-1,0.95,0.95,0.811803,0.000894
1,-1,2,0.95,0.1,-1,-1,1.0,1.0,0.903618,0.00038
1,-1,2,1.0,0.1,-1,-1,0.05,0.05,0.211246,0.443687
1,-1,2,1.0,0.1,-1,-1,0.1,0.1,0.214125,0.423278
1,-1,2,1.0,0.1,-1,-1,0.15,0.15,0.221321,0.397894
1,-1,2,1.0,0.1,-1,-1,0.2,0.2,0.231637,0.370968
1,-1,2,1.0,0.1,-1,-1,0.25,0.25,0.24507,0.339582
1,-1,2,1.0,0.1,-1,-1,0.3,0.3,0.26738,0.302365
1,-1,2,1.0,0.1,-1,-1,0.35,0.35,0.295926,0.266864
1,-1,2,1.0,0.1,-1,-1,0.4,0.4,0.33119,0.232391
1,-1,2,1.0,0.1,-1,-1,0.45,0.45,0.376049,0.193459
1,-1,2,1.0,0.1,-1,-1,0.5,0.5,0.464808,0.138063
1,-1,2,1.0,0.1,-1,-1,0.55,0.55,0.523341,0.099302
1,-1,2,1.0,0.1,-1,-1,0.6,0.6,0.581634,0.069117
1,-1,2,1.0,0.1,-1,-1,0.65,0.65,0.639207,0.04785
1,-1,2,1.0,0.1,-1,-1,0.7,0.7,0.695101,0.031729
1,-1,2,1.0,0.1,-1,-1,0.75,0.75,0.738761,0.020238
1,-1,2,1.0,0.1,-1,-1,0.8,0.8,0.78338,0.008918
1,-1,2,1.0,0.1,-1,-1,0.85,0.85,0.817445,0.00463
1,-1,2,1.0,0.1,-1,-1,0.9,0.9,0.854387,0.002229
1,-1,2,1.0,0.1,-1,-1,0.95,0.95,0.895409,0.000514
1,-1,2,1.0,0.1,-1,-1,1.0,1.0,1.0,0.0
1,-1,2,0.15,0.15,-1,-1,0.05,0.05,0.285801,0.342955
1,-1,2,0.15,0.15,-1,-1,0.1,0.1,0.285801,0.342955
1,-1,2,0.15,0.15,-1,-1,0.15,0.15,0.285801,0.342955
1,-1,2,0.15,0.15,-1,-1,0.2,0.2,0.285801,0.342955
1,-1,2,0.15,0.15,-1,-1,0.25,0.25,0.285801,0.342955
1,-1,2,0.15,0.15,-1,-1,0.3,0.3,0.285801,0.342955
1,-1,2,0.15,0.15,-1,-1,0.35,0.35,0.285801,0.342955
1,-1,2,0.15,0.15,-1,-1,0.4,0.4,0.285801,0.342955
1,-1,2,0.15,0.15,-1,-1,0.45,0.45,0.285801,0.342955
1,-1,2,0.15,0.15,-1,-1,0.5,0.5,0.285801,0.342955
1,-1,2,0.15,0.15,-1,-1,0.55,0.55,0.285801,0.342955
1,-1,2,0.15,0.15,-1,-1,0.6,0.6,0.285801,0.342955
1,-1,2,0.15,0.15,-1,-1,0.65,0.65,0.285801,0.342955
1,-1,2,0.15,0.15,-1,-1,0.7,0.7,0.285801,0.342955
1,-1,2,0.15,0.15,-1,-1,0.75,0.75,0.285801,0.342955
1,-1,2,0.15,0.15,-1,-1,0.8,0.8,0.285801,0.342955
1,-1,2,0.15,0.15,-1,-1,0.85,0.85,0.285801,0.342955
1,-1,2,0.15,0.15,-1,-1,0.9,0.9,0.285801,0.342955
1,-1,2,0.15,0.15,-1,-1,0.95,0.95,0.285801,0.342955
1,-1,2,0.15,0.15,-1,-1,1.0,1.0,0.285801,0.342955
1,-1,2,0.2,0.15,-1,-1,0.05,0.05,0.285819,0.341568
1,-1,2,0.2,0.15,-1,-1,0.1,0.1,0.286034,0.337981
1,-1,2,0.2,0.15,-1,-1,0.15,0.15,0.286572,0.333519
1,-1,2,0.2,0.15,-1,-1,0.2,0.2,0.287343,0.328786
1,-1,2,0.2,0.15,-1,-1,0.25,0.25,0.288348,0.323269
1,-1,2,0.2,0.15,-1,-1,0.3,0.3,0.290015,0.316727
1,-1,2,0.2,0.15,-1,-1,0.35,0.35,0.29215,0.310487
1,-1,2,0.2,0.15,-1,-1,0.4,0.4,0.294786,0.304427
1,-1,2,0.2,0.15,-1,-1,0.45,0.45,0.29814,0.297584
1,-1,2,0.2,0.15,-1,-1,0.5,0.5,0.304775,0.287846
1,-1,2,0.2,0.15,-1,-1,0.55,0.55,0.309151,0.281033
1,-1,2,0.2,0.15,-1,-1,0.6,0.6,0.313509,0.275727
1,-1,2,0.2,0.15,-1,-1,0.65,0.65,0.317813,0.271989
1,-1,2,0.2,0.15,-1,-1,0.7,0.7,0.321992,0.269155
1,-1,2,0.2,0.15,-1,-1,0.75,0.75,0.325256,0.267135
1,-1,2,0.2,0.15,-1,-1,0.8,0.8,0.328592,0.265146
1,-1,2,0.2,0.15,-1,-1,0.85,0.85,0.331138,0.264392
1,-1,2,0.2,0.15,-1,-1,0.9,0.9,0.3339,0.26397
1,-1,2,0.2,0.15,-1,-1,0.95,0.95,0.336967,0.263668
1,-1,2,0.2,0.15,-1,-1,1.0,1.0,0.344786,0.263578
1,-1,2,0.25,0.15,-1,-1,0.05,0.05,0.285837,0.340507
1,-1,2,0.25,0.15,-1,-1,0.1,0.1,0.286271,0.334173
1,-1,2,0.25,0.15,-1,-1,0.15,0.15,0.287355,0.326295
1,-1,2,0.25,0.15,-1,-1,0.2,0.2,0.28891,0.317939
1,-1,2,0.25,0.15,-1,-1,0.25,0.25,0.290934,0.308198
1,-1,2,0.25,0.15,-1,-1,0.3,0.3,0.294295,0.296648
1,-1,2,0.25,0.15,-1,-1,0.35,0.35,0.298596,0.28563
1,-1,2,0.25,0.15,-1,-1,0.4,0.4,0.30391,0.274932
1,-1,2,0.25,0.15,-1,-1,0.45,0.45,0.310669,0.262849
1,-1,2,0.25,0.15,-1,-1,0.5,0.5,0.324042,0.245657
1,-1,2,0.25,0.15,-1,-1,0.55,0.55,0.332862,0.233628
1,-1,2,0.25,0.15,-1,-1,0.6,0.6,0.341645,0.22426
1,-1,2,0.25,0.15,-1,-1,0.65,0.65,0.35032,0.21766
1,-1,2,0.25,0.15,-1,-1,0.7,0.7,0.358742,0.212657
1,-1,2,0.25,0.15,-1,-1,0.75,0.75,0.36532,0.209091
1,-1,2,0.25,0.15,-1,-1,0.8,0.8,0.372043,0.205578
1,-1,2,0.25,0.15,-1,-1,0.85,0.85,0.377176,0.204247
1,-1,2,0.25,0.15,-1,-1,0.9,0.9,0.382742,0.203502
1,-1,2,0.25,0.15,-1,-1,0.95,0.95,0.388923,0.20297
1,-1,2,0.25,0.15,-1,-1,1.0,1.0,0.404682,0.20281
1,-1,2,0.3,0.15,-1,-1,0.05,0.05,0.285851,0.339896
1,-1,2,0.3,0.15,-1,-1,0.1,0.1,0.286455,0.331983
1,-1,2,0.3,0.15,-1,-1,0.15,0.15,0.287963,0.322141
1,-1,2,0.3,0.15,-1,-1,0.2,0.2,0.290126,0.311701
1,-1,2,0.3,0.15,-1,-1,0.25,0.25,0.292942,0.299533
1,-1,2,0.3,0.15,-1,-1,0.3,0.3,0.297619,0.285103
1,-1,2,0.3,0.15,-1,-1,0.35,0.35,0.303603,0.271338
1,-1,2,0.3,0.15,-1,-1,0.4,0.4,0.310996,0.257972
1,-1,2,0.3,0.15,-1,-1,0.45,0.45,0.3204,0.242877
1,-1,2,0.3,0.15,-1,-1,0.5,0.5,0.339007,0.221399
1,-1,2,0.3,0.15,-1,-1,0.55,0.55,0.351277,0.206371
1,-1,2,0.3,0.15,-1,-1,0.6,0.6,0.363497,0.194667
1,-1,2,0.3,0.15,-1,-1,0.65,0.65,0.375567,0.186422
1,-1,2,0.3,0.15,-1,-1,0.7,0.7,0.387284,0.180171
1,-1,2,0.3,0.15,-1,-1,0.75,0.75,0.396436,0.175716
1,-1,2,0.3,0.15,-1,-1,0.8,0.8,0.40579,0.171327
1,-1,2,0.3,0.15,-1,-1,0.85,0.85,0.412931,0.169664
1,-1,2,0.3,0.15,-1,-1,0.9,0.9,0.420676,0.168733
1,-1,2,0.3,0.15,-1,-1,0.95,0.95,0.429275,0.168068
1,-1,2,0.3,0.15,-1,-1,1.0,1.0,0.451201,0.167869
1,-1,2,0.35,0.15,-1,-1,0.05,0.05,0.285863,0.339266
1,-1,2,0.35,0.15,-1,-1,0.1,0.1,0.286606,0.329722
1,-1,2,0.35,0.15,-1,-1,0.15,0.15,0.288464,0.317852
1,-1,2,0.35,0.15,-1,-1,0.2,0.2,0.291128,0.305261
1,-1,2,0.35,0.15,-1,-1,0.25,0.25,0.294596,0.290585
1,-1,2,0.35,0.15,-1,-1,0.3,0.3,0.300356,0.273181
1,-1,2,0.35,0.15,-1,-1,0.35,0.35,0.307726,0.25658
1,-1,2,0.35,0.15,-1,-1,0.4,0.4,0.316831,0.24046
1,-1,2,0.35,0.15,-1,-1,0.45,0.45,0.328413,0.222254
1,-1,2,0.35,0.15,-1,-1,0.5,0.5,0.35133,0.19635
1,-1,2,0.35,0.15,-1,-1,0.55,0.55,0.366442,0.178225
1,-1,2,0.35,0.15,-1,-1,0.6,0.6,0.381493,0.164109
1,-1,2,0.35,0.15,-1,-1,0.65,0.65,0.396358,0.154165
1,-1,2,0.35,0.15,-1,-1,0.7,0.7,0.410789,0.146626
1,-1,2,0.35,0.15,-1,-1,0.75,0.75,0.422061,0.141253
1,-1,2,0.35,0.15,-1,-1,0.8,0.8,0.433581,0.135959
1,-1,2,0.35,0.15,-1,-1,0.85,0.85,0.442376,0.133954
1,-1,2,0.35,0.15,-1,-1,0.9,0.9,0.451914,0.132832
1,-1,2,0.35,0.15,-1,-1,0.95,0.95,0.462506,0.13203
1,-1,2,0.35,0.15,-1,-1,1.0,1.0,0.48951,0.131789
1,-1,2,0.4,0.15,-1,-1,0.05,0.05,0.285876,0.338821
1,-1,2,0.4,0.15,-1,-1,0.1,0.1,0.286773,0.328127
1,-1,2,0.4,0.15,-1,-1,0.15,0.15,0.289017,0.314828
1,-1,2,0.4,0.15,-1,-1,0.2,0.2,0.292233,0.300719
1,-1,2,0.4,0.15,-1,-1,0.25,0.25,0.296421,0.284274
1,-1,2,0.4,0.15,-1,-1,0.3,0.3,0.303376,0.264773
1,-1,2,0.4,0.15,-1,-1,0.35,0.35,0.312275,0.246171
1,-1,2,0.4,0.15,-1,-1,0.4,0.4,0.323269,0.228109
1,-1,2,0.4,0.15,-1,-1,0.45,0.45,0.337254,0.20771
1,-1,2,0.4,0.15,-1,-1,0.5,0.5,0.364925,0.178684
1,-1,2,0.4,0.15,-1,-1,0.55,0.55,0.383173,0.158374
1,-1,2,0.4,0.15,-1,-1,0.6,0.6,0.401346,0.142558
1,-1,2,0.4,0.15,-1,-1,0.65,0.65,0.419294,0.131415
1,-1,2,0.4,0.15,-1,-1,0.7,0.7,0.43672,0.122968
1,-1,2,0.4,0.15,-1,-1,0.75,0.75,0.450331,0.116947
1,-1,2,0.4,0.15,-1,-1,0.8,0.8,0.464241,0.111016
1,-1,2,0.4,0.15,-1,-1,0.85,0.85,0.474861,0.108769
1,-1,2,0.4,0.15,-1,-1,0.9,0.9,0.486378,0.107511
1,-1,2,0.4,0.15,-1,-1,0.95,0.95,0.499166,0.106613
1,-1,2,0.4,0.15,-1,-1,1.0,1.0,0.531773,0.106343
1,-1,2,0.45,0.15,-1,-1,0.05,0.05,0.285886,0.338403
1,-1,2,0.45,0.15,-1,-1,0.1,0.1,0.286909,0.326628
1,-1,2,0.45,0.15,-1,-1,0.15,0.15,0.289466,0.311983
1,-1,2,0.45,0.15,-1,-1,0.2,0.2,0.293131,0.296448
1,-1,2,0.45,0.15,-1,-1,0.25,0.25,0.297904,0.27834
1,-1,2,0.45,0.15,-1,-1,0.3,0.3,0.305831,0.256867
1,-1,2,0.45,0.15,-1,-1,0.35,0.35,0.315973,0.236384
1,-1,2,0.45,0.15,-1,-1,0.4,0.4,0.328502,0.216495
1,-1,2,0.45,0.15,-1,-1,0.45,0.45,0.344441,0.194033
1,-1,2,0.45,0.15,-1,-1,0.5,0.5,0.375977,0.162071
1,-1,2,0.45,0.15,-1,-1,0.55,0.55,0.396773,0.139708
1,-1,2,0.45,0.15,-1,-1,0.6,0.6,0.417485,0.122292
1,-1,2,0.45,0.15,-1,-1,0.65,0.65,0.437941,0.110023
1,-1,2,0.45,0.15,-1,-1,0.7,0.7,0.4578,0.100721
1,-1,2,0.45,0.15,-1,-1,0.75,0.75,0.473312,0.094091
1,-1,2,0.45,0.15,-1,-1,0.8,0.8,0.489165,0.08756
1,-1,2,0.45,0.15,-1,-1,0.85,0.85,0.501268,0.085087
1,-1,2,0.45,0.15,-1,-1,0.9,0.9,0.514394,0.083701
1,-1,2,0.45,0.15,-1,-1,0.95,0.95,0.528969,0.082712
1,-1,2,0.45,0.15,-1,-1,1.0,1.0,0.56613,0.082415
1,-1,2,0.5,0.15,-1,-1,0.05,0.05,0.285898,0.338144
1,-1,2,0.5,0.15,-1,-1,0.1,0.1,0.287064,0.3257
1,-1,2,0.5,0.15,-1,-1,0.15,0.15,0.289979,0.310222
1,-1,2,0.5,0.15,-1,-1,0.2,0.2,0.294157,0.293804
1,-1,2,0.5,0.15,-1,-1,0.25,0.25,0.299597,0.274666
1,-1,2,0.5,0.15,-1,-1,0.3,0.3,0.308633,0.251973
1,-1,2,0.5,0.15,-1,-1,0.35,0.35,0.320194,0.230325
1,-1,2,0.5,0.15,-1,-1,0.4,0.4,0.334477,0.209305
1,-1,2,0.5,0.15,-1,-1,0.45,0.45,0.352645,0.185566
1,-1,2,0.5,0.15,-1,-1,0.5,0.5,0.388593,0.151788
1,-1,2,0.5,0.15,-1,-1,0.55,0.55,0.4123,0.128153
1,-1,2,0.5,0.15,-1,-1,0.6,0.6,0.435909,0.109748
1,-1,2,0.5,0.15,-1,-1,0.65,0.65,0.459227,0.09678
1,-1,2,0.5,0.15,-1,-1,0.7,0.7,0.481864,0.08695
1,-1,2,0.5,0.15,-1,-1,0.75,0.75,0.499547,0.079943
1,-1,2,0.5,0.15,-1,-1,0.8,0.8,0.517618,0.073041
1,-1,2,0.5,0.15,-1,-1,0.85,0.85,0.531414,0.070426
1,-1,2,0.5,0.15,-1,-1,0.9,0.9,0.546376,0.068962
1,-1,2,0.5,0.15,-1,-1,0.95,0.95,0.56299,0.067917
1,-1,2,0.5,0.15,-1,-1,1.0,1.0,0.605351,0.067603
1,-1,2,0.55,0.15,-1,-1,0.05,0.05,0.285908,0.337879
1,-1,2,0.55,0.15,-1,-1,0.1,0.1,0.287195,0.324748
1,-1,2,0.55,0.15,-1,-1,0.15,0.15,0.290412,0.308416
1,-1,2,0.55,0.15,-1,-1,0.2,0.2,0.295023,0.291092
1,-1,2,0.55,0.15,-1,-1,0.25,0.25,0.301028,0.270899
1,-1,2,0.55,0.15,-1,-1,0.3,0.3,0.311001,0.246953
1,-1,2,0.55,0.15,-1,-1,0.35,0.35,0.323761,0.224112
1,-1,2,0.55,0.15,-1,-1,0.4,0.4,0.339525,0.201932
1,-1,2,0.55,0.15,-1,-1,0.45,0.45,0.359578,0.176883
1,-1,2,0.55,0.15,-1,-1,0.5,0.5,0.399254,0.141241
1,-1,2,0.55,0.15,-1,-1,0.55,0.55,0.425419,0.116303
1,-1,2,0.55,0.15,-1,-1,0.6,0.6,0.451477,0.096882
1,-1,2,0.55,0.15,-1,-1,0.65,0.65,0.477213,0.083199
1,-1,2,0.55,0.15,-1,-1,0.7,0.7,0.502198,0.072826
1,-1,2,0.55,0.15,-1,-1,0.75,0.75,0.521715,0.065433
1,-1,2,0.55,0.15,-1,-1,0.8,0.8,0.54166,0.05815
1,-1,2,0.55,0.15,-1,-1,0.85,0.85,0.556887,0.055391
1,-1,2,0.55,0.15,-1,-1,0.9,0.9,0.573401,0.053846
1,-1,2,0.55,0.15,-1,-1,0.95,0.95,0.591738,0.052743
1,-1,2,0.55,0.15,-1,-1,1.0,1.0,0.638492,0.052412
1,-1,2,0.6,0.15,-1,-1,0.05,0.05,0.285919,0.33768
1,-1,2,0.6,0.15,-1,-1,0.1,0.1,0.28733,0.324034
1,-1,2,0.6,0.15,-1,-1,0.15,0.15,0.290857,0.307062
1,-1,2,0.6,0.15,-1,-1,0.2,0.2,0.295914,0.289058
1,-1,2,0.6,0.15,-1,-1,0.25,0.25,0.302498,0.268073
1,-1,2,0.6,0.15,-1,-1,0.3,0.3,0.313434,0.243188
1,-1,2,0.6,0.15,-1,-1,0.35,0.35,0.327427,0.219451
1,-1,2,0.6,0.15,-1,-1,0.4,0.4,0.344712,0.196401
1,-1,2,0.6,0.15,-1,-1,0.45,0.45,0.366701,0.170371
1,-1,2,0.6,0.15,-1,-1,0.5,0.5,0.410208,0.133331
1,-1,2,0.6,0.15,-1,-1,0.55,0.55,0.438899,0.107414
1,-1,2,0.6,0.15,-1,-1,0.6,0.6,0.467473,0.087232
1,-1,2,0.6,0.15,-1,-1,0.65,0.65,0.495694,0.073012
1,-1,2,0.6,0.15,-1,-1,0.7,0.7,0.523092,0.062233
1,-1,2,0.6,0.15,-1,-1,0.75,0.75,0.544493,0.05455
1,-1,2,0.6,0.15,-1,-1,0.8,0.8,0.566364,0.046981
1,-1,2,0.6,0.15,-1,-1,0.85,0.85,0.583061,0.044114
1,-1,2,0.6,0.15,-1,-1,0.9,0.9,0.601169,0.042509
1,-1,2,0.6,0.15,-1,-1,0.95,0.95,0.621277,0.041362
1,-1,2,0.6,0.15,-1,-1,1.0,1.0,0.672545,0.041018
1,-1,2,0.65,0.15,-1,-1,0.05,0.05,0.285929,0.337541
1,-1,2,0.65,0.15,-1,-1,0.1,0.1,0.287463,0.323534
1,-1,2,0.65,0.15,-1,-1,0.15,0.15,0.291299,0.306114
1,-1,2,0.65,0.15,-1,-1,0.2,0.2,0.296796,0.287634
1,-1,2,0.65,0.15,-1,-1,0.25,0.25,0.303955,0.266095
1,-1,2,0.65,0.15,-1,-1,0.3,0.3,0.315845,0.240553
1,-1,2,0.65,0.15,-1,-1,0.35,0.35,0.331059,0.216188
1,-1,2,0.65,0.15,-1,-1,0.4,0.4,0.349853,0.19253
1,-1,2,0.65,0.15,-1,-1,0.45,0.45,0.373761,0.165812
1,-1,2,0.65,0.15,-1,-1,0.5,0.5,0.421064,0.127793
1,-1,2,0.65,0.15,-1,-1,0.55,0.55,0.452259,0.101192
1,-1,2,0.65,0.15,-1,-1,0.6,0.6,0.483327,0.080476
1,-1,2,0.65,0.15,-1,-1,0.65,0.65,0.51401,0.065881
1,-1,2,0.65,0.15,-1,-1,0.7,0.7,0.543799,0.054817
1,-1,2,0.65,0.15,-1,-1,0.75,0.75,0.567067,0.046931
1,-1,2,0.65,0.15,-1,-1,0.8,0.8,0.590847,0.039162
1,-1,2,0.65,0.15,-1,-1,0.85,0.85,0.609002,0.03622
1,-1,2,0.65,0.15,-1,-1,0.9,0.9,0.62869,0.034572
1,-1,2,0.65,0.15,-1,-1,0.95,0.95,0.650552,0.033395
1,-1,2,0.65,0.15,-1,-1,1.0,1.0,0.706294,0.033042
1,-1,2,0.7,0.15,-1,-1,0.05,0.05,0.285937,0.337381
1,-1,2,0.7,0.15,-1,-1,0.1,0.1,0.287567,0.322963
1,-1,2,0.7,0.15,-1,-1,0.15,0.15,0.29164,0.30503
1,-1,2,0.7,0.15,-1,-1,0.2,0.2,0.29748,0.286007
1,-1,2,0.7,0.15,-1,-1,0.25,0.25,0.305084,0.263834
1,-1,2,0.7,0.15,-1,-1,0.3,0.3,0.317713,0.237541
1,-1,2,0.7,0.15,-1,-1,0.35,0.35,0.333873,0.21246
1,-1,2,0.7,0.15,-1,-1,0.4,0.4,0.353836,0.188106
1,-1,2,0.7,0.15,-1,-1,0.45,0.45,0.37923,0.160601
1,-1,2,0.7,0.15,-1,-1,0.5,0.5,0.429475,0.121465
1,-1,2,0.7,0.15,-1,-1,0.55,0.55,0.46261,0.094082
1,-1,2,0.7,0.15,-1,-1,0.6,0.6,0.495609,0.072756
1,-1,2,0.7,0.15,-1,-1,0.65,0.65,0.528201,0.057732
1,-1,2,0.7,0.15,-1,-1,0.7,0.7,0.559841,0.046343
1,-1,2,0.7,0.15,-1,-1,0.75,0.75,0.584557,0.038225
1,-1,2,0.7,0.15,-1,-1,0.8,0.8,0.609815,0.030227
1,-1,2,0.7,0.15,-1,-1,0.85,0.85,0.629099,0.027198
1,-1,2,0.7,0.15,-1,-1,0.9,0.9,0.650011,0.025502
1,-1,2,0.7,0.15,-1,-1,0.95,0.95,0.673233,0.02429
1,-1,2,0.7,0.15,-1,-1,1.0,1.0,0.732441,0.023927
1,-1,2,0.75,0.15,-1,-1,0.05,0.05,0.285947,0.337282
1,-1,2,0.75,0.15,-1,-1,0.1,0.1,0.2877,0.322606
1,-1,2,0.75,0.15,-1,-1,0.15,0.15,0.292082,0.304353
1,-1,2,0.75,0.15,-1,-1,0.2,0.2,0.298362,0.28499
1,-1,2,0.75,0.15,-1,-1,0.25,0.25,0.306541,0.262421
1,-1,2,0.75,0.15,-1,-1,0.3,0.3,0.320125,0.235659
1,-1,2,0.75,0.15,-1,-1,0.35,0.35,0.337506,0.21013
1,-1,2,0.75,0.15,-1,-1,0.4,0.4,0.358977,0.185341
1,-1,2,0.75,0.15,-1,-1,0.45,0.45,0.38629,0.157345
1,-1,2,0.75,0.15,-1,-1,0.5,0.5,0.440332,0.11751
1,-1,2,0.75,0.15,-1,-1,0.55,0.55,0.47597,0.089637
1,-1,2,0.75,0.15,-1,-1,0.6,0.6,0.511463,0.067931
1,-1,2,0.75,0.15,-1,-1,0.65,0.65,0.546517,0.052639
1,-1,2,0.75,0.15,-1,-1,0.7,0.7,0.580548,0.041046
1,-1,2,0.75,0.15,-1,-1,0.75,0.75,0.607131,0.032783
1,-1,2,0.75,0.15,-1,-1,0.8,0.8,0.634298,0.024643
1,-1,2,0.75,0.15,-1,-1,0.85,0.85,0.655039,0.02156
1,-1,2,0.75,0.15,-1,-1,0.9,0.9,0.677532,0.019833
1,-1,2,0.75,0.15,-1,-1,0.95,0.95,0.702508,0.0186
1,-1,2,0.75,0.15,-1,-1,1.0,1.0,0.76619,0.01823
1,-1,2,0.8,0.15,-1,-1,0.05,0.05,0.285955,0.337122
1,-1,2,0.8,0.15,-1,-1,0.1,0.1,0.287805,0.322035
1,-1,2,0.8,0.15,-1,-1,0.15,0.15,0.292427,0.303269
1,-1,2,0.8,0.15,-1,-1,0.2,0.2,0.299054,0.283363
1,-1,2,0.8,0.15,-1,-1,0.25,0.25,0.307683,0.260161
1,-1,2,0.8,0.15,-1,-1,0.3,0.3,0.322015,0.232647
1,-1,2,0.8,0.15,-1,-1,0.35,0.35,0.340353,0.206401
1,-1,2,0.8,0.15,-1,-1,0.4,0.4,0.363006,0.180916
1,-1,2,0.8,0.15,-1,-1,0.45,0.45,0.391823,0.152135
1,-1,2,0.8,0.15,-1,-1,0.5,0.5,0.448841,0.111182
1,-1,2,0.8,0.15,-1,-1,0.55,0.55,0.486442,0.082527
1,-1,2,0.8,0.15,-1,-1,0.6,0.6,0.523889,0.060212
1,-1,2,0.8,0.15,-1,-1,0.65,0.65,0.560873,0.04449
1,-1,2,0.8,0.15,-1,-1,0.7,0.7,0.596778,0.032571
1,-1,2,0.8,0.15,-1,-1,0.75,0.75,0.624825,0.024076
1,-1,2,0.8,0.15,-1,-1,0.8,0.8,0.653488,0.015708
1,-1,2,0.8,0.15,-1,-1,0.85,0.85,0.675371,0.012538
1,-1,2,0.8,0.15,-1,-1,0.9,0.9,0.699102,0.010763
1,-1,2,0.8,0.15,-1,-1,0.95,0.95,0.725454,0.009495
1,-1,2,0.8,0.15,-1,-1,1.0,1.0,0.792642,0.009115
1,-1,2,0.85,0.15,-1,-1,0.05,0.05,0.285965,0.337049
1,-1,2,0.85,0.15,-1,-1,0.1,0.1,0.28793,0.321773
1,-1,2,0.85,0.15,-1,-1,0.15,0.15,0.292841,0.302773
1,-1,2,0.85,0.15,-1,-1,0.2,0.2,0.299881,0.282617
1,-1,2,0.85,0.15,-1,-1,0.25,0.25,0.309049,0.259125
1,-1,2,0.85,0.15,-1,-1,0.3,0.3,0.324274,0.231266
1,-1,2,0.85,0.15,-1,-1,0.35,0.35,0.343756,0.204692
1,-1,2,0.85,0.15,-1,-1,0.4,0.4,0.367823,0.178888
1,-1,2,0.85,0.15,-1,-1,0.45,0.45,0.398438,0.149747
1,-1,2,0.85,0.15,-1,-1,0.5,0.5,0.459012,0.108281
1,-1,2,0.85,0.15,-1,-1,0.55,0.55,0.498959,0.079267
1,-1,2,0.85,0.15,-1,-1,0.6,0.6,0.538742,0.056673
1,-1,2,0.85,0.15,-1,-1,0.65,0.65,0.578034,0.040754
1,-1,2,0.85,0.15,-1,-1,0.7,0.7,0.61618,0.028687
1,-1,2,0.85,0.15,-1,-1,0.75,0.75,0.645976,0.020086
1,-1,2,0.85,0.15,-1,-1,0.8,0.8,0.676427,0.011613
1,-1,2,0.85,0.15,-1,-1,0.85,0.85,0.699675,0.008403
1,-1,2,0.85,0.15,-1,-1,0.9,0.9,0.724887,0.006606
1,-1,2,0.85,0.15,-1,-1,0.95,0.95,0.752883,0.005322
1,-1,2,0.85,0.15,-1,-1,1.0,1.0,0.824263,0.004937
1,-1,2,0.9,0.15,-1,-1,0.05,0.05,0.285976,0.337003
1,-1,2,0.9,0.15,-1,-1,0.1,0.1,0.288073,0.321606
1,-1,2,0.9,0.15,-1,-1,0.15,0.15,0.293314,0.302457
1,-1,2,0.9,0.15,-1,-1,0.2,0.2,0.300827,0.282143
1,-1,2,0.9,0.15,-1,-1,0.25,0.25,0.310611,0.258465
1,-1,2,0.9,0.15,-1,-1,0.3,0.3,0.326859,0.230388
1,-1,2,0.9,0.15,-1,-1,0.35,0.35,0.34765,0.203605
1,-1,2,0.9,0.15,-1,-1,0.4,0.4,0.373334,0.177598
1,-1,2,0.9,0.15,-1,-1,0.45,0.45,0.406006,0.148228
1,-1,2,0.9,0.15,-1,-1,0.5,0.5,0.470651,0.106436
1,-1,2,0.9,0.15,-1,-1,0.55,0.55,0.513282,0.077194
1,-1,2,0.9,0.15,-1,-1,0.6,0.6,0.555738,0.054422
1,-1,2,0.9,0.15,-1,-1,0.65,0.65,0.59767,0.038378
1,-1,2,0.9,0.15,-1,-1,0.7,0.7,0.638379,0.026216
1,-1,2,0.9,0.15,-1,-1,0.75,0.75,0.670177,0.017547
1,-1,2,0.9,0.15,-1,-1,0.8,0.8,0.702675,0.009007
1,-1,2,0.9,0.15,-1,-1,0.85,0.85,0.727485,0.005772
1,-1,2,0.9,0.15,-1,-1,0.9,0.9,0.754391,0.003961
1,-1,2,0.9,0.15,-1,-1,0.95,0.95,0.784268,0.002667
1,-1,2,0.9,0.15,-1,-1,1.0,1.0,0.860444,0.002279
1,-1,2,0.95,0.15,-1,-1,0.05,0.05,0.285989,0.33697
1,-1,2,0.95,0.15,-1,-1,0.1,0.1,0.288243,0.321487
1,-1,2,0.95,0.15,-1,-1,0.15,0.15,0.293878,0.302231
1,-1,2,0.95,0.15,-1,-1,0.2,0.2,0.301956,0.281804
1,-1,2,0.95,0.15,-1,-1,0.25,0.25,0.312475,0.257994
1,-1,2,0.95,0.15,-1,-1,0.3,0.3,0.329944,0.229761
1,-1,2,0.95,0.15,-1,-1,0.35,0.35,0.352297,0.202828
1,-1,2,0.95,0.15,-1,-1,0.4,0.4,0.379911,0.176677
1,-1,2,0.95,0.15,-1,-1,0.45,0.45,0.415037,0.147142
1,-1,2,0.95,0.15,-1,-1,0.5,0.5,0.484539,0.105117
1,-1,2,0.95,0.15,-1,-1,0.55,0.55,0.530373,0.075713
1,-1,2,0.95,0.15,-1,-1,0.6,0.6,0.576019,0.052814
1,-1,2,0.95,0.15,-1,-1,0.65,0.65,0.621101,0.03668
1,-1,2,0.95,0.15,-1,-1,0.7,0.7,0.664869,0.02445
1,-1,2,0.95,0.15,-1,-1,0.75,0.75,0.699056,0.015733
1,-1,2,0.95,0.15,-1,-1,0.8,0.8,0.733995,0.007146
1,-1,2,0.95,0.15,-1,-1,0.85,0.85,0.760669,0.003893
1,-1,2,0.95,0.15,-1,-1,0.9,0.9,0.789597,0.002071
1,-1,2,0.95,0.15,-1,-1,0.95,0.95,0.821718,0.00077
1,-1,2,0.95,0.15,-1,-1,1.0,1.0,0.903618,0.00038
1,-1,2,1.0,0.15,-1,-1,0.05,0.05,0.286018,0.336963
1,-1,2,1.0,0.15,-1,-1,0.1,0.1,0.288624,0.321463
1,-1,2,1.0,0.15,-1,-1,0.15,0.15,0.295138,0.302186
1,-1,2,1.0,0.15,-1,-1,0.2,0.2,0.304476,0.281736
1,-1,2,1.0,0.15,-1,-1,0.25,0.25,0.316636,0.2579
1,-1,2,1.0,0.15,-1,-1,0.3,0.3,0.336831,0.229635
1,-1,2,1.0,0.15,-1,-1,0.35,0.35,0.362671,0.202673
1,-1,2,1.0,0.15,-1,-1,0.4,0.4,0.394592,0.176492
1,-1,2,1.0,0.15,-1,-1,0.45,0.45,0.435199,0.146925
1,-1,2,1.0,0.15,-1,-1,0.5,0.5,0.515543,0.104853
1,-1,2,1.0,0.15,-1,-1,0.55,0.55,0.568527,0.075416
1,-1,2,1.0,0.15,-1,-1,0.6,0.6,0.621295,0.052492
1,-1,2,1.0,0.15,-1,-1,0.65,0.65,0.67341,0.036341
1,-1,2,1.0,0.15,-1,-1,0.7,0.7,0.724005,0.024097
1,-1,2,1.0,0.15,-1,-1,0.75,0.75,0.763526,0.01537
1,-1,2,1.0,0.15,-1,-1,0.8,0.8,0.803915,0.006773
1,-1,2,1.0,0.15,-1,-1,0.85,0.85,0.834751,0.003517
1,-1,2,1.0,0.15,-1,-1,0.9,0.9,0.868191,0.001693
1,-1,2,1.0,0.15,-1,-1,0.95,0.95,0.905324,0.000391
1,-1,2,1.0,0.15,-1,-1,1.0,1.0,1.0,0.0
1,-1,2,0.2,0.2,-1,-1,0.05,0.05,0.344786,0.263578
1,-1,2,0.2,0.2,-1,-1,0.1,0.1,0.344786,0.263578
1,-1,2,0.2,0.2,-1,-1,0.15,0.15,0.344786,0.263578
1,-1,2,0.2,0.2,-1,-1,0.2,0.2,0.344786,0.263578
1,-1,2,0.2,0.2,-1,-1,0.25,0.25,0.344786,0.263578
1,-1,2,0.2,0.2,-1,-1,0.3,0.3,0.344786,0.263578
1,-1,2,0.2,0.2,-1,-1,0.35,0.35,0.344786,0.263578
1,-1,2,0.2,0.2,-1,-1,0.4,0.4,0.344786,0.263578
1,-1,2,0.2,0.2,-1,-1,0.45,0.45,0.344786,0.263578
1,-1,2,0.2,0.2,-1,-1,0.5,0.5,0.344786,0.263578
1,-1,2,0.2,0.2,-1,-1,0.55,0.55,0.344786,0.263578
1,-1,2,0.2,0.2,-1,-1,0.6,0.6,0.344786,0.263578
1,-1,2,0.2,0.2,-1,-1,0.65,0.65,0.344786,0.263578
1,-1,2,0.2,0.2,-1,-1,0.7,0.7,0.344786,0.263578
1,-1,2,0.2,0.2,-1,-1,0.75,0.75,0.344786,0.263578
1,-1,2,0.2,0.2,-1,-1,0.8,0.8,0.344786,0.263578
1,-1,2,0.2,0.2,-1,-1,0.85,0.85,0.344786,0.263578
1,-1,2,0.2,0.2,-1,-1,0.9,0.9,0.344786,0.263578
1,-1,2,0.2,0.2,-1,-1,0.95,0.95,0.344786,0.263578
1,-1,2,0.2,0.2,-1,-1,1.0,1.0,0.344786,0.263578
1,-1,2,0.25,0.2,-1,-1,0.05,0.05,0.344804,0.262516
1,-1,2,0.25,0.2,-1,-1,0.1,0.1,0.345023,0.25977
1,-1,2,0.25,0.2,-1,-1,0.15,0.15,0.345569,0.256354
1,-1,2,0.25,0.2,-1,-1,0.2,0.2,0.346352,0.252731
1,-1,2,0.25,0.2,-1,-1,0.25,0.25,0.347372,0.248507
1,-1,2,0.25,0.2,-1,-1,0.3,0.3,0.349066,0.243499
1,-1,2,0.25,0.2,-1,-1,0.35,0.35,0.351233,0.238722
1,-1,2,0.25,0.2,-1,-1,0.4,0.4,0.35391,0.234083
1,-1,2,0.25,0.2,-1,-1,0.45,0.45,0.357315,0.228844
1,-1,2,0.25,0.2,-1,-1,0.5,0.5,0.364053,0.221389
1,-1,2,0.25,0.2,-1,-1,0.55,0.55,0.368497,0.216173
1,-1,2,0.25,0.2,-1,-1,0.6,0.6,0.372922,0.212111
1,-1,2,0.25,0.2,-1,-1,0.65,0.65,0.377293,0.209249
1,-1,2,0.25,0.2,-1,-1,0.7,0.7,0.381536,0.20708
1,-1,2,0.25,0.2,-1,-1,0.75,0.75,0.38485,0.205533
1,-1,2,0.25,0.2,-1,-1,0.8,0.8,0.388237,0.20401
1,-1,2,0.25,0.2,-1,-1,0.85,0.85,0.390823,0.203433
1,-1,2,0.25,0.2,-1,-1,0.9,0.9,0.393628,0.20311
1,-1,2,0.25,0.2,-1,-1,0.95,0.95,0.396742,0.202879
1,-1,2,0.25,0.2,-1,-1,1.0,1.0,0.404682,0.20281
1,-1,2,0.3,0.2,-1,-1,0.05,0.05,0.344818,0.261906
1,-1,2,0.3,0.2,-1,-1,0.1,0.1,0.345207,0.25758
1,-1,2,0.3,0.2,-1,-1,0.15,0.15,0.346177,0.2522
1,-1,2,0.3,0.2,-1,-1,0.2,0.2,0.347569,0.246494
1,-1,2,0.3,0.2,-1,-1,0.25,0.25,0.34938,0.239842
1,-1,2,0.3,0.2,-1,-1,0.3,0.3,0.352389,0.231954
1,-1,2,0.3,0.2,-1,-1,0.35,0.35,0.35624,0.224429
1,-1,2,0.3,0.2,-1,-1,0.4,0.4,0.360996,0.217123
1,-1,2,0.3,0.2,-1,-1,0.45,0.45,0.367046,0.208872
1,-1,2,0.3,0.2,-1,-1,0.5,0.5,0.379017,0.197131
1,-1,2,0.3,0.2,-1,-1,0.55,0.55,0.386912,0.188916
1,-1,2,0.3,0.2,-1,-1,0.6,0.6,0.394774,0.182518
1,-1,2,0.3,0.2,-1,-1,0.65,0.65,0.402539,0.178011
1,-1,2,0.3,0.2,-1,-1,0.7,0.7,0.410078,0.174594
1,-1,2,0.3,0.2,-1,-1,0.75,0.75,0.415967,0.172158
1,-1,2,0.3,0.2,-1,-1,0.8,0.8,0.421985,0.169759
1,-1,2,0.3,0.2,-1,-1,0.85,0.85,0.426579,0.16885
1,-1,2,0.3,0.2,-1,-1,0.9,0.9,0.431562,0.168342
1,-1,2,0.3,0.2,-1,-1,0.95,0.95,0.437094,0.167978
1,-1,2,0.3,0.2,-1,-1,1.0,1.0,0.451201,0.167869
1,-1,2,0.35,0.2,-1,-1,0.05,0.05,0.34483,0.261276
1,-1,2,0.35,0.2,-1,-1,0.1,0.1,0.345358,0.255319
1,-1,2,0.35,0.2,-1,-1,0.15,0.15,0.346678,0.247911
1,-1,2,0.35,0.2,-1,-1,0.2,0.2,0.34857,0.240053
1,-1,2,0.35,0.2,-1,-1,0.25,0.25,0.351034,0.230894
1,-1,2,0.35,0.2,-1,-1,0.3,0.3,0.355127,0.220032
1,-1,2,0.35,0.2,-1,-1,0.35,0.35,0.360363,0.209671
1,-1,2,0.35,0.2,-1,-1,0.4,0.4,0.366831,0.199611
1,-1,2,0.35,0.2,-1,-1,0.45,0.45,0.37506,0.188249
1,-1,2,0.35,0.2,-1,-1,0.5,0.5,0.391341,0.172082
1,-1,2,0.35,0.2,-1,-1,0.55,0.55,0.402077,0.16077
1,-1,2,0.35,0.2,-1,-1,0.6,0.6,0.41277,0.15196
1,-1,2,0.35,0.2,-1,-1,0.65,0.65,0.42333,0.145754
1,-1,2,0.35,0.2,-1,-1,0.7,0.7,0.433583,0.141049
1,-1,2,0.35,0.2,-1,-1,0.75,0.75,0.441591,0.137695
1,-1,2,0.35,0.2,-1,-1,0.8,0.8,0.449776,0.134392
1,-1,2,0.35,0.2,-1,-1,0.85,0.85,0.456024,0.13314
1,-1,2,0.35,0.2,-1,-1,0.9,0.9,0.4628,0.13244
1,-1,2,0.35,0.2,-1,-1,0.95,0.95,0.470325,0.131939
1,-1,2,0.35,0.2,-1,-1,1.0,1.0,0.48951,0.131789
1,-1,2,0.4,0.2,-1,-1,0.05,0.05,0.344843,0.260831
1,-1,2,0.4,0.2,-1,-1,0.1,0.1,0.345525,0.253725
1,-1,2,0.4,0.2,-1,-1,0.15,0.15,0.347231,0.244887
1,-1,2,0.4,0.2,-1,-1,0.2,0.2,0.349675,0.235511
1,-1,2,0.4,0.2,-1,-1,0.25,0.25,0.352859,0.224583
1,-1,2,0.4,0.2,-1,-1,0.3,0.3,0.358146,0.211624
1,-1,2,0.4,0.2,-1,-1,0.35,0.35,0.364912,0.199263
1,-1,2,0.4,0.2,-1,-1,0.4,0.4,0.373269,0.18726
1,-1,2,0.4,0.2,-1,-1,0.45,0.45,0.3839,0.173704
1,-1,2,0.4,0.2,-1,-1,0.5,0.5,0.404936,0.154415
1,-1,2,0.4,0.2,-1,-1,0.55,0.55,0.418808,0.140919
1,-1,2,0.4,0.2,-1,-1,0.6,0.6,0.432623,0.130409
1,-1,2,0.4,0.2,-1,-1,0.65,0.65,0.446267,0.123004
1,-1,2,0.4,0.2,-1,-1,0.7,0.7,0.459514,0.117391
1,-1,2,0.4,0.2,-1,-1,0.75,0.75,0.469861,0.11339
1,-1,2,0.4,0.2,-1,-1,0.8,0.8,0.480435,0.109448
1,-1,2,0.4,0.2,-1,-1,0.85,0.85,0.488509,0.107955
1,-1,2,0.4,0.2,-1,-1,0.9,0.9,0.497264,0.107119
1,-1,2,0.4,0.2,-1,-1,0.95,0.95,0.506985,0.106522
1,-1,2,0.4,0.2,-1,-1,1.0,1.0,0.531773,0.106343
1,-1,2,0.45,0.2,-1,-1,0.05,0.05,0.344853,0.260413
1,-1,2,0.45,0.2,-1,-1,0.1,0.1,0.345661,0.252225
1,-1,2,0.45,0.2,-1,-1,0.15,0.15,0.34768,0.242042
1,-1,2,0.45,0.2,-1,-1,0.2,0.2,0.350574,0.23124
1,-1,2,0.45,0.2,-1,-1,0.25,0.25,0.354342,0.218648
1,-1,2,0.45,0.2,-1,-1,0.3,0.3,0.360601,0.203718
1,-1,2,0.45,0.2,-1,-1,0.35,0.35,0.368609,0.189475
1,-1,2,0.45,0.2,-1,-1,0.4,0.4,0.378502,0.175645
1,-1,2,0.45,0.2,-1,-1,0.45,0.45,0.391087,0.160027
1,-1,2,0.45,0.2,-1,-1,0.5,0.5,0.415987,0.137803
1,-1,2,0.45,0.2,-1,-1,0.55,0.55,0.432408,0.122253
1,-1,2,0.45,0.2,-1,-1,0.6,0.6,0.448762,0.110143
1,-1,2,0.45,0.2,-1,-1,0.65,0.65,0.464913,0.101612
1,-1,2,0.45,0.2,-1,-1,0.7,0.7,0.480594,0.095144
1,-1,2,0.45,0.2,-1,-1,0.75,0.75,0.492842,0.090534
1,-1,2,0.45,0.2,-1,-1,0.8,0.8,0.50536,0.085993
1,-1,2,0.45,0.2,-1,-1,0.85,0.85,0.514916,0.084273
1,-1,2,0.45,0.2,-1,-1,0.9,0.9,0.52528,0.083309
1,-1,2,0.45,0.2,-1,-1,0.95,0.95,0.536788,0.082621
1,-1,2,0.45,0.2,-1,-1,1.0,1.0,0.56613,0.082415
1,-1,2,0.5,0.2,-1,-1,0.05,0.05,0.344865,0.260154
1,-1,2,0.5,0.2,-1,-1,0.1,0.1,0.345816,0.251297
1,-1,2,0.5,0.2,-1,-1,0.15,0.15,0.348193,0.240281
1,-1,2,0.5,0.2,-1,-1,0.2,0.2,0.351599,0.228596
1,-1,2,0.5,0.2,-1,-1,0.25,0.25,0.356036,0.214975
1,-1,2,0.5,0.2,-1,-1,0.3,0.3,0.363403,0.198824
1,-1,2,0.5,0.2,-1,-1,0.35,0.35,0.372831,0.183417
1,-1,2,0.5,0.2,-1,-1,0.4,0.4,0.384477,0.168456
1,-1,2,0.5,0.2,-1,-1,0.45,0.45,0.399292,0.15156
1,-1,2,0.5,0.2,-1,-1,0.5,0.5,0.428604,0.127519
1,-1,2,0.5,0.2,-1,-1,0.55,0.55,0.447935,0.110698
1,-1,2,0.5,0.2,-1,-1,0.6,0.6,0.467186,0.097598
1,-1,2,0.5,0.2,-1,-1,0.65,0.65,0.486199,0.088369
1,-1,2,0.5,0.2,-1,-1,0.7,0.7,0.504658,0.081373
1,-1,2,0.5,0.2,-1,-1,0.75,0.75,0.519077,0.076386
1,-1,2,0.5,0.2,-1,-1,0.8,0.8,0.533812,0.071473
1,-1,2,0.5,0.2,-1,-1,0.85,0.85,0.545062,0.069613
1,-1,2,0.5,0.2,-1,-1,0.9,0.9,0.557262,0.068571
1,-1,2,0.5,0.2,-1,-1,0.95,0.95,0.57081,0.067826
1,-1,2,0.5,0.2,-1,-1,1.0,1.0,0.605351,0.067603
1,-1,2,0.55,0.2,-1,-1,0.05,0.05,0.344875,0.259889
1,-1,2,0.55,0.2,-1,-1,0.1,0.1,0.345947,0.250345
1,-1,2,0.55,0.2,-1,-1,0.15,0.15,0.348626,0.238475
1,-1,2,0.55,0.2,-1,-1,0.2,0.2,0.352466,0.225884
1,-1,2,0.55,0.2,-1,-1,0.25,0.25,0.357466,0.211208
1,-1,2,0.55,0.2,-1,-1,0.3,0.3,0.365771,0.193804
1,-1,2,0.55,0.2,-1,-1,0.35,0.35,0.376398,0.177203
1,-1,2,0.55,0.2,-1,-1,0.4,0.4,0.389525,0.161083
1,-1,2,0.55,0.2,-1,-1,0.45,0.45,0.406224,0.142877
1,-1,2,0.55,0.2,-1,-1,0.5,0.5,0.439265,0.116973
1,-1,2,0.55,0.2,-1,-1,0.55,0.55,0.461054,0.098848
1,-1,2,0.55,0.2,-1,-1,0.6,0.6,0.482754,0.084732
1,-1,2,0.55,0.2,-1,-1,0.65,0.65,0.504186,0.074788
1,-1,2,0.55,0.2,-1,-1,0.7,0.7,0.524992,0.067249
1,-1,2,0.55,0.2,-1,-1,0.75,0.75,0.541245,0.061876
1,-1,2,0.55,0.2,-1,-1,0.8,0.8,0.557854,0.056582
1,-1,2,0.55,0.2,-1,-1,0.85,0.85,0.570535,0.054577
1,-1,2,0.55,0.2,-1,-1,0.9,0.9,0.584287,0.053455
1,-1,2,0.55,0.2,-1,-1,0.95,0.95,0.599557,0.052653
1,-1,2,0.55,0.2,-1,-1,1.0,1.0,0.638492,0.052412
1,-1,2,0.6,0.2,-1,-1,0.05,0.05,0.344886,0.25969
1,-1,2,0.6,0.2,-1,-1,0.1,0.1,0.346082,0.249631
1,-1,2,0.6,0.2,-1,-1,0.15,0.15,0.349071,0.237121
1,-1,2,0.6,0.2,-1,-1,0.2,0.2,0.353356,0.22385
1,-1,2,0.6,0.2,-1,-1,0.25,0.25,0.358937,0.208382
1,-1,2,0.6,0.2,-1,-1,0.3,0.3,0.368204,0.190039
1,-1,2,0.6,0.2,-1,-1,0.35,0.35,0.380063,0.172542
1,-1,2,0.6,0.2,-1,-1,0.4,0.4,0.394712,0.155552
1,-1,2,0.6,0.2,-1,-1,0.45,0.45,0.413347,0.136365
1,-1,2,0.6,0.2,-1,-1,0.5,0.5,0.450219,0.109062
1,-1,2,0.6,0.2,-1,-1,0.55,0.55,0.474534,0.089959
1,-1,2,0.6,0.2,-1,-1,0.6,0.6,0.49875,0.075082
1,-1,2,0.6,0.2,-1,-1,0.65,0.65,0.522667,0.064601
1,-1,2,0.6,0.2,-1,-1,0.7,0.7,0.545886,0.056656
1,-1,2,0.6,0.2,-1,-1,0.75,0.75,0.564023,0.050992
1,-1,2,0.6,0.2,-1,-1,0.8,0.8,0.582558,0.045413
1,-1,2,0.6,0.2,-1,-1,0.85,0.85,0.596709,0.0433
1,-1,2,0.6,0.2,-1,-1,0.9,0.9,0.612055,0.042117
1,-1,2,0.6,0.2,-1,-1,0.95,0.95,0.629096,0.041271
1,-1,2,0.6,0.2,-1,-1,1.0,1.0,0.672545,0.041018
1,-1,2,0.65,0.2,-1,-1,0.05,0.05,0.344896,0.25955
1,-1,2,0.65,0.2,-1,-1,0.1,0.1,0.346215,0.249131
1,-1,2,0.65,0.2,-1,-1,0.15,0.15,0.349512,0.236173
1,-1,2,0.65,0.2,-1,-1,0.2,0.2,0.354239,0.222426
1,-1,2,0.65,0.2,-1,-1,0.25,0.25,0.360394,0.206404
1,-1,2,0.65,0.2,-1,-1,0.3,0.3,0.370616,0.187404
1,-1,2,0.65,0.2,-1,-1,0.35,0.35,0.383695,0.16928
1,-1,2,0.65,0.2,-1,-1,0.4,0.4,0.399853,0.151681
1,-1,2,0.65,0.2,-1,-1,0.45,0.45,0.420407,0.131806
1,-1,2,0.65,0.2,-1,-1,0.5,0.5,0.461075,0.103525
1,-1,2,0.65,0.2,-1,-1,0.55,0.55,0.487894,0.083737
1,-1,2,0.65,0.2,-1,-1,0.6,0.6,0.514604,0.068327
1,-1,2,0.65,0.2,-1,-1,0.65,0.65,0.540983,0.05747
1,-1,2,0.65,0.2,-1,-1,0.7,0.7,0.566593,0.04924
1,-1,2,0.65,0.2,-1,-1,0.75,0.75,0.586597,0.043374
1,-1,2,0.65,0.2,-1,-1,0.8,0.8,0.607041,0.037595
1,-1,2,0.65,0.2,-1,-1,0.85,0.85,0.622649,0.035406
1,-1,2,0.65,0.2,-1,-1,0.9,0.9,0.639576,0.03418
1,-1,2,0.65,0.2,-1,-1,0.95,0.95,0.658371,0.033305
1,-1,2,0.65,0.2,-1,-1,1.0,1.0,0.706294,0.033042
1,-1,2,0.7,0.2,-1,-1,0.05,0.05,0.344904,0.259391
1,-1,2,0.7,0.2,-1,-1,0.1,0.1,0.346318,0.24856
1,-1,2,0.7,0.2,-1,-1,0.15,0.15,0.349854,0.235089
1,-1,2,0.7,0.2,-1,-1,0.2,0.2,0.354922,0.220799
1,-1,2,0.7,0.2,-1,-1,0.25,0.25,0.361523,0.204143
1,-1,2,0.7,0.2,-1,-1,0.3,0.3,0.372484,0.184392
1,-1,2,0.7,0.2,-1,-1,0.35,0.35,0.38651,0.165551
1,-1,2,0.7,0.2,-1,-1,0.4,0.4,0.403836,0.147257
1,-1,2,0.7,0.2,-1,-1,0.45,0.45,0.425876,0.126596
1,-1,2,0.7,0.2,-1,-1,0.5,0.5,0.469486,0.097197
1,-1,2,0.7,0.2,-1,-1,0.55,0.55,0.498245,0.076626
1,-1,2,0.7,0.2,-1,-1,0.6,0.6,0.526886,0.060607
1,-1,2,0.7,0.2,-1,-1,0.65,0.65,0.555173,0.049321
1,-1,2,0.7,0.2,-1,-1,0.7,0.7,0.582636,0.040765
1,-1,2,0.7,0.2,-1,-1,0.75,0.75,0.604087,0.034667
1,-1,2,0.7,0.2,-1,-1,0.8,0.8,0.62601,0.02866
1,-1,2,0.7,0.2,-1,-1,0.85,0.85,0.642747,0.026384
1,-1,2,0.7,0.2,-1,-1,0.9,0.9,0.660897,0.02511
1,-1,2,0.7,0.2,-1,-1,0.95,0.95,0.681052,0.0242
1,-1,2,0.7,0.2,-1,-1,1.0,1.0,0.732441,0.023927
1,-1,2,0.75,0.2,-1,-1,0.05,0.05,0.344914,0.259292
1,-1,2,0.75,0.2,-1,-1,0.1,0.1,0.346452,0.248203
1,-1,2,0.75,0.2,-1,-1,0.15,0.15,0.350295,0.234412
1,-1,2,0.75,0.2,-1,-1,0.2,0.2,0.355805,0.219782
1,-1,2,0.75,0.2,-1,-1,0.25,0.25,0.36298,0.20273
1,-1,2,0.75,0.2,-1,-1,0.3,0.3,0.374895,0.18251
1,-1,2,0.75,0.2,-1,-1,0.35,0.35,0.390142,0.163221
1,-1,2,0.75,0.2,-1,-1,0.4,0.4,0.408977,0.144491
1,-1,2,0.75,0.2,-1,-1,0.45,0.45,0.432936,0.123339
1,-1,2,0.75,0.2,-1,-1,0.5,0.5,0.480342,0.093241
1,-1,2,0.75,0.2,-1,-1,0.55,0.55,0.511605,0.072182
1,-1,2,0.75,0.2,-1,-1,0.6,0.6,0.54274,0.055782
1,-1,2,0.75,0.2,-1,-1,0.65,0.65,0.57349,0.044228
1,-1,2,0.75,0.2,-1,-1,0.7,0.7,0.603343,0.035469
1,-1,2,0.75,0.2,-1,-1,0.75,0.75,0.626661,0.029226
1,-1,2,0.75,0.2,-1,-1,0.8,0.8,0.650493,0.023075
1,-1,2,0.75,0.2,-1,-1,0.85,0.85,0.668687,0.020746
1,-1,2,0.75,0.2,-1,-1,0.9,0.9,0.688418,0.019441
1,-1,2,0.75,0.2,-1,-1,0.95,0.95,0.710327,0.018509
1,-1,2,0.75,0.2,-1,-1,1.0,1.0,0.76619,0.01823
1,-1,2,0.8,0.2,-1,-1,0.05,0.05,0.344922,0.259132
1,-1,2,0.8,0.2,-1,-1,0.1,0.1,0.346556,0.247632
1,-1,2,0.8,0.2,-1,-1,0.15,0.15,0.350641,0.233328
1,-1,2,0.8,0.2,-1,-1,0.2,0.2,0.356497,0.218155
1,-1,2,0.8,0.2,-1,-1,0.25,0.25,0.364122,0.20047
1,-1,2,0.8,0.2,-1,-1,0.3,0.3,0.376785,0.179498
1,-1,2,0.8,0.2,-1,-1,0.35,0.35,0.392989,0.159493
1,-1,2,0.8,0.2,-1,-1,0.4,0.4,0.413006,0.140067
1,-1,2,0.8,0.2,-1,-1,0.45,0.45,0.438469,0.118129
1,-1,2,0.8,0.2,-1,-1,0.5,0.5,0.488851,0.086913
1,-1,2,0.8,0.2,-1,-1,0.55,0.55,0.522077,0.065072
1,-1,2,0.8,0.2,-1,-1,0.6,0.6,0.555165,0.048062
1,-1,2,0.8,0.2,-1,-1,0.65,0.65,0.587846,0.036079
1,-1,2,0.8,0.2,-1,-1,0.7,0.7,0.619573,0.026994
1,-1,2,0.8,0.2,-1,-1,0.75,0.75,0.644355,0.020519
1,-1,2,0.8,0.2,-1,-1,0.8,0.8,0.669682,0.01414
1,-1,2,0.8,0.2,-1,-1,0.85,0.85,0.689018,0.011724
1,-1,2,0.8,0.2,-1,-1,0.9,0.9,0.709988,0.010371
1,-1,2,0.8,0.2,-1,-1,0.95,0.95,0.733273,0.009405
1,-1,2,0.8,0.2,-1,-1,1.0,1.0,0.792642,0.009115
1,-1,2,0.85,0.2,-1,-1,0.05,0.05,0.344932,0.259059
1,-1,2,0.85,0.2,-1,-1,0.1,0.1,0.346681,0.24737
1,-1,2,0.85,0.2,-1,-1,0.15,0.15,0.351055,0.232832
1,-1,2,0.85,0.2,-1,-1,0.2,0.2,0.357323,0.21741
1,-1,2,0.85,0.2,-1,-1,0.25,0.25,0.365487,0.199433
1,-1,2,0.85,0.2,-1,-1,0.3,0.3,0.379045,0.178117
1,-1,2,0.85,0.2,-1,-1,0.35,0.35,0.396393,0.157784
1,-1,2,0.85,0.2,-1,-1,0.4,0.4,0.417823,0.138039
1,-1,2,0.85,0.2,-1,-1,0.45,0.45,0.445084,0.115741
1,-1,2,0.85,0.2,-1,-1,0.5,0.5,0.499023,0.084013
1,-1,2,0.85,0.2,-1,-1,0.55,0.55,0.534594,0.061812
1,-1,2,0.85,0.2,-1,-1,0.6,0.6,0.570019,0.044524
1,-1,2,0.85,0.2,-1,-1,0.65,0.65,0.605007,0.032343
1,-1,2,0.85,0.2,-1,-1,0.7,0.7,0.638974,0.02311
1,-1,2,0.85,0.2,-1,-1,0.75,0.75,0.665506,0.016528
1,-1,2,0.85,0.2,-1,-1,0.8,0.8,0.692622,0.010045
1,-1,2,0.85,0.2,-1,-1,0.85,0.85,0.713323,0.007589
1,-1,2,0.85,0.2,-1,-1,0.9,0.9,0.735773,0.006214
1,-1,2,0.85,0.2,-1,-1,0.95,0.95,0.760702,0.005232
1,-1,2,0.85,0.2,-1,-1,1.0,1.0,0.824263,0.004937
1,-1,2,0.9,0.2,-1,-1,0.05,0.05,0.344943,0.259013
1,-1,2,0.9,0.2,-1,-1,0.1,0.1,0.346824,0.247203
1,-1,2,0.9,0.2,-1,-1,0.15,0.15,0.351528,0.232516
1,-1,2,0.9,0.2,-1,-1,0.2,0.2,0.358269,0.216935
1,-1,2,0.9,0.2,-1,-1,0.25,0.25,0.367049,0.198774
1,-1,2,0.9,0.2,-1,-1,0.3,0.3,0.38163,0.177239
1,-1,2,0.9,0.2,-1,-1,0.35,0.35,0.400287,0.156697
1,-1,2,0.9,0.2,-1,-1,0.4,0.4,0.423334,0.136749
1,-1,2,0.9,0.2,-1,-1,0.45,0.45,0.452652,0.114222
1,-1,2,0.9,0.2,-1,-1,0.5,0.5,0.510662,0.082167
1,-1,2,0.9,0.2,-1,-1,0.55,0.55,0.548917,0.059739
1,-1,2,0.9,0.2,-1,-1,0.6,0.6,0.587015,0.042273
1,-1,2,0.9,0.2,-1,-1,0.65,0.65,0.624643,0.029967
1,-1,2,0.9,0.2,-1,-1,0.7,0.7,0.661173,0.020638
1,-1,2,0.9,0.2,-1,-1,0.75,0.75,0.689708,0.013989
1,-1,2,0.9,0.2,-1,-1,0.8,0.8,0.718869,0.007439
1,-1,2,0.9,0.2,-1,-1,0.85,0.85,0.741133,0.004958
1,-1,2,0.9,0.2,-1,-1,0.9,0.9,0.765277,0.003569
1,-1,2,0.9,0.2,-1,-1,0.95,0.95,0.792087,0.002577
1,-1,2,0.9,0.2,-1,-1,1.0,1.0,0.860444,0.002279
1,-1,2,0.95,0.2,-1,-1,0.05,0.05,0.344956,0.25898
1,-1,2,0.95,0.2,-1,-1,0.1,0.1,0.346995,0.247084
1,-1,2,0.95,0.2,-1,-1,0.15,0.15,0.352092,0.23229
1,-1,2,0.95,0.2,-1,-1,0.2,0.2,0.359398,0.216596
1,-1,2,0.95,0.2,-1,-1,0.25,0.25,0.368913,0.198303
1,-1,2,0.95,0.2,-1,-1,0.3,0.3,0.384715,0.176612
1,-1,2,0.95,0.2,-1,-1,0.35,0.35,0.404934,0.15592
1,-1,2,0.95,0.2,-1,-1,0.4,0.4,0.429911,0.135827
1,-1,2,0.95,0.2,-1,-1,0.45,0.45,0.461684,0.113136
1,-1,2,0.95,0.2,-1,-1,0.5,0.5,0.52455,0.080849
1,-1,2,0.95,0.2,-1,-1,0.55,0.55,0.566008,0.058258
1,-1,2,0.95,0.2,-1,-1,0.6,0.6,0.607296,0.040664
1,-1,2,0.95,0.2,-1,-1,0.65,0.65,0.648074,0.028269
1,-1,2,0.95,0.2,-1,-1,0.7,0.7,0.687663,0.018873
1,-1,2,0.95,0.2,-1,-1,0.75,0.75,0.718586,0.012175
1,-1,2,0.95,0.2,-1,-1,0.8,0.8,0.75019,0.005578
1,-1,2,0.95,0.2,-1,-1,0.85,0.85,0.774317,0.003079
1,-1,2,0.95,0.2,-1,-1,0.9,0.9,0.800483,0.001679
1,-1,2,0.95,0.2,-1,-1,0.95,0.95,0.829538,0.00068
1,-1,2,0.95,0.2,-1,-1,1.0,1.0,0.903618,0.00038
1,-1,2,1.0,0.2,-1,-1,0.05,0.05,0.344985,0.258973
1,-1,2,1.0,0.2,-1,-1,0.1,0.1,0.347376,0.247061
1,-1,2,1.0,0.2,-1,-1,0.15,0.15,0.353352,0.232245
1,-1,2,1.0,0.2,-1,-1,0.2,0.2,0.361919,0.216528
1,-1,2,1.0,0.2,-1,-1,0.25,0.25,0.373074,0.198209
1,-1,2,1.0,0.2,-1,-1,0.3,0.3,0.391601,0.176486
1,-1,2,1.0,0.2,-1,-1,0.35,0.35,0.415307,0.155764
1,-1,2,1.0,0.2,-1,-1,0.4,0.4,0.444592,0.135643
1,-1,2,1.0,0.2,-1,-1,0.45,0.45,0.481845,0.112919
1,-1,2,1.0,0.2,-1,-1,0.5,0.5,0.555554,0.080585
1,-1,2,1.0,0.2,-1,-1,0.55,0.55,0.604162,0.057961
1,-1,2,1.0,0.2,-1,-1,0.6,0.6,0.652571,0.040342
1,-1,2,1.0,0.2,-1,-1,0.65,0.65,0.700382,0.02793
1,-1,2,1.0,0.2,-1,-1,0.7,0.7,0.746799,0.01852
1,-1,2,1.0,0.2,-1,-1,0.75,0.75,0.783056,0.011813
1,-1,2,1.0,0.2,-1,-1,0.8,0.8,0.82011,0.005205
1,-1,2,1.0,0.2,-1,-1,0.85,0.85,0.848399,0.002703
1,-1,2,1.0,0.2,-1,-1,0.9,0.9,0.879077,0.001301
1,-1,2,1.0,0.2,-1,-1,0.95,0.95,0.913143,0.0003
1,-1,2,1.0,0.2,-1,-1,1.0,1.0,1.0,0.0
1,-1,2,0.25,0.25,-1,-1,0.05,0.05,0.404682,0.20281
1,-1,2,0.25,0.25,-1,-1,0.1,0.1,0.404682,0.20281
1,-1,2,0.25,0.25,-1,-1,0.15,0.15,0.404682,0.20281
1,-1,2,0.25,0.25,-1,-1,0.2,0.2,0.404682,0.20281
1,-1,2,0.25,0.25,-1,-1,0.25,0.25,0.404682,0.20281
1,-1,2,0.25,0.25,-1,-1,0.3,0.3,0.404682,0.20281
1,-1,2,0.25,0.25,-1,-1,0.35,0.35,0.404682,0.20281
1,-1,2,0.25,0.25,-1,-1,0.4,0.4,0.404682,0.20281
1,-1,2,0.25,0.25,-1,-1,0.45,0.45,0.404682,0.20281
1,-1,2,0.25,0.25,-1,-1,0.5,0.5,0.404682,0.20281
1,-1,2,0.25,0.25,-1,-1,0.55,0.55,0.404682,0.20281
1,-1,2,0.25,0.25,-1,-1,0.6,0.6,0.404682,0.20281
1,-1,2,0.25,0.25,-1,-1,0.65,0.65,0.404682,0.20281
1,-1,2,0.25,0.25,-1,-1,0.7,0.7,0.404682,0.20281
1,-1,2,0.25,0.25,-1,-1,0.75,0.75,0.404682,0.20281
1,-1,2,0.25,0.25,-1,-1,0.8,0.8,0.404682,0.20281
1,-1,2,0.25,0.25,-1,-1,0.85,0.85,0.404682,0.20281
1,-1,2,0.25,0.25,-1,-1,0.9,0.9,0.404682,0.20281
1,-1,2,0.25,0.25,-1,-1,0.95,0.95,0.404682,0.20281
1,-1,2,0.25,0.25,-1,-1,1.0,1.0,0.404682,0.20281
1,-1,2,0.3,0.25,-1,-1,0.05,0.05,0.404696,0.2022
1,-1,2,0.3,0.25,-1,-1,0.1,0.1,0.404866,0.20062
1,-1,2,0.3,0.25,-1,-1,0.15,0.15,0.40529,0.198656
1,-1,2,0.3,0.25,-1,-1,0.2,0.2,0.405898,0.196573
1,-1,2,0.3,0.25,-1,-1,0.25,0.25,0.40669,0.194144
1,-1,2,0.3,0.25,-1,-1,0.3,0.3,0.408006,0.191265
1,-1,2,0.3,0.25,-1,-1,0.35,0.35,0.409689,0.188518
1,-1,2,0.3,0.25,-1,-1,0.4,0.4,0.411768,0.18585
1,-1,2,0.3,0.25,-1,-1,0.45,0.45,0.414413,0.182838
1,-1,2,0.3,0.25,-1,-1,0.5,0.5,0.419646,0.178552
1,-1,2,0.3,0.25,-1,-1,0.55,0.55,0.423097,0.175553
1,-1,2,0.3,0.25,-1,-1,0.6,0.6,0.426534,0.173217
1,-1,2,0.3,0.25,-1,-1,0.65,0.65,0.429929,0.171571
1,-1,2,0.3,0.25,-1,-1,0.7,0.7,0.433224,0.170324
1,-1,2,0.3,0.25,-1,-1,0.75,0.75,0.435798,0.169435
1,-1,2,0.3,0.25,-1,-1,0.8,0.8,0.438429,0.168559
1,-1,2,0.3,0.25,-1,-1,0.85,0.85,0.440438,0.168227
1,-1,2,0.3,0.25,-1,-1,0.9,0.9,0.442616,0.168042
1,-1,2,0.3,0.25,-1,-1,0.95,0.95,0.445034,0.167909
1,-1,2,0.3,0.25,-1,-1,1.0,1.0,0.451201,0.167869
1,-1,2,0.35,0.25,-1,-1,0.05,0.05,0.404708,0.201569
1,-1,2,0.35,0.25,-1,-1,0.1,0.1,0.405017,0.198359
1,-1,2,0.35,0.25,-1,-1,0.15,0.15,0.405791,0.194367
1,-1,2,0.35,0.25,-1,-1,0.2,0.2,0.4069,0.190132
1,-1,2,0.35,0.25,-1,-1,0.25,0.25,0.408344,0.185196
1,-1,2,0.35,0.25,-1,-1,0.3,0.3,0.410743,0.179343
1,-1,2,0.35,0.25,-1,-1,0.35,0.35,0.413812,0.17376
1,-1,2,0.35,0.25,-1,-1,0.4,0.4,0.417604,0.168338
1,-1,2,0.35,0.25,-1,-1,0.45,0.45,0.422426,0.162215
1,-1,2,0.35,0.25,-1,-1,0.5,0.5,0.431969,0.153503
1,-1,2,0.35,0.25,-1,-1,0.55,0.55,0.438262,0.147407
1,-1,2,0.35,0.25,-1,-1,0.6,0.6,0.44453,0.142659
1,-1,2,0.35,0.25,-1,-1,0.65,0.65,0.45072,0.139315
1,-1,2,0.35,0.25,-1,-1,0.7,0.7,0.456729,0.136779
1,-1,2,0.35,0.25,-1,-1,0.75,0.75,0.461423,0.134972
1,-1,2,0.35,0.25,-1,-1,0.8,0.8,0.46622,0.133192
1,-1,2,0.35,0.25,-1,-1,0.85,0.85,0.469883,0.132517
1,-1,2,0.35,0.25,-1,-1,0.9,0.9,0.473855,0.13214
1,-1,2,0.35,0.25,-1,-1,0.95,0.95,0.478265,0.13187
1,-1,2,0.35,0.25,-1,-1,1.0,1.0,0.48951,0.131789
1,-1,2,0.4,0.25,-1,-1,0.05,0.05,0.404721,0.201125
1,-1,2,0.4,0.25,-1,-1,0.1,0.1,0.405184,0.196765
1,-1,2,0.4,0.25,-1,-1,0.15,0.15,0.406344,0.191342
1,-1,2,0.4,0.25,-1,-1,0.2,0.2,0.408005,0.18559
1,-1,2,0.4,0.25,-1,-1,0.25,0.25,0.410169,0.178886
1,-1,2,0.4,0.25,-1,-1,0.3,0.3,0.413763,0.170935
1,-1,2,0.4,0.25,-1,-1,0.35,0.35,0.418361,0.163351
1,-1,2,0.4,0.25,-1,-1,0.4,0.4,0.424041,0.155987
1,-1,2,0.4,0.25,-1,-1,0.45,0.45,0.431267,0.14767
1,-1,2,0.4,0.25,-1,-1,0.5,0.5,0.445564,0.135836
1,-1,2,0.4,0.25,-1,-1,0.55,0.55,0.454993,0.127556
1,-1,2,0.4,0.25,-1,-1,0.6,0.6,0.464383,0.121108
1,-1,2,0.4,0.25,-1,-1,0.65,0.65,0.473657,0.116565
1,-1,2,0.4,0.25,-1,-1,0.7,0.7,0.48266,0.113121
1,-1,2,0.4,0.25,-1,-1,0.75,0.75,0.489693,0.110666
1,-1,2,0.4,0.25,-1,-1,0.8,0.8,0.49688,0.108248
1,-1,2,0.4,0.25,-1,-1,0.85,0.85,0.502367,0.107332
1,-1,2,0.4,0.25,-1,-1,0.9,0.9,0.508318,0.106819
1,-1,2,0.4,0.25,-1,-1,0.95,0.95,0.514925,0.106453
1,-1,2,0.4,0.25,-1,-1,1.0,1.0,0.531773,0.106343
1,-1,2,0.45,0.25,-1,-1,0.05,0.05,0.404731,0.200707
1,-1,2,0.45,0.25,-1,-1,0.1,0.1,0.40532,0.195265
1,-1,2,0.45,0.25,-1,-1,0.15,0.15,0.406793,0.188498
1,-1,2,0.45,0.25,-1,-1,0.2,0.2,0.408904,0.181319
1,-1,2,0.45,0.25,-1,-1,0.25,0.25,0.411652,0.172951
1,-1,2,0.45,0.25,-1,-1,0.3,0.3,0.416217,0.163029
1,-1,2,0.45,0.25,-1,-1,0.35,0.35,0.422059,0.153564
1,-1,2,0.45,0.25,-1,-1,0.4,0.4,0.429275,0.144373
1,-1,2,0.45,0.25,-1,-1,0.45,0.45,0.438454,0.133993
1,-1,2,0.45,0.25,-1,-1,0.5,0.5,0.456616,0.119224
1,-1,2,0.45,0.25,-1,-1,0.55,0.55,0.468594,0.10889
1,-1,2,0.45,0.25,-1,-1,0.6,0.6,0.480522,0.100842
1,-1,2,0.45,0.25,-1,-1,0.65,0.65,0.492303,0.095172
1,-1,2,0.45,0.25,-1,-1,0.7,0.7,0.50374,0.090874
1,-1,2,0.45,0.25,-1,-1,0.75,0.75,0.512674,0.087811
1,-1,2,0.45,0.25,-1,-1,0.8,0.8,0.521804,0.084793
1,-1,2,0.45,0.25,-1,-1,0.85,0.85,0.528775,0.08365
1,-1,2,0.45,0.25,-1,-1,0.9,0.9,0.536334,0.083009
1,-1,2,0.45,0.25,-1,-1,0.95,0.95,0.544728,0.082552
1,-1,2,0.45,0.25,-1,-1,1.0,1.0,0.56613,0.082415
1,-1,2,0.5,0.25,-1,-1,0.05,0.05,0.404743,0.200448
1,-1,2,0.5,0.25,-1,-1,0.1,0.1,0.405475,0.194337
1,-1,2,0.5,0.25,-1,-1,0.15,0.15,0.407306,0.186737
1,-1,2,0.5,0.25,-1,-1,0.2,0.2,0.409929,0.178675
1,-1,2,0.5,0.25,-1,-1,0.25,0.25,0.413346,0.169278
1,-1,2,0.5,0.25,-1,-1,0.3,0.3,0.41902,0.158135
1,-1,2,0.5,0.25,-1,-1,0.35,0.35,0.42628,0.147505
1,-1,2,0.5,0.25,-1,-1,0.4,0.4,0.435249,0.137183
1,-1,2,0.5,0.25,-1,-1,0.45,0.45,0.446658,0.125527
1,-1,2,0.5,0.25,-1,-1,0.5,0.5,0.469233,0.108941
1,-1,2,0.5,0.25,-1,-1,0.55,0.55,0.48412,0.097335
1,-1,2,0.5,0.25,-1,-1,0.6,0.6,0.498946,0.088297
1,-1,2,0.5,0.25,-1,-1,0.65,0.65,0.513589,0.08193
1,-1,2,0.5,0.25,-1,-1,0.7,0.7,0.527804,0.077103
1,-1,2,0.5,0.25,-1,-1,0.75,0.75,0.538909,0.073662
1,-1,2,0.5,0.25,-1,-1,0.8,0.8,0.550257,0.070273
1,-1,2,0.5,0.25,-1,-1,0.85,0.85,0.558921,0.068989
1,-1,2,0.5,0.25,-1,-1,0.9,0.9,0.568317,0.068271
1,-1,2,0.5,0.25,-1,-1,0.95,0.95,0.57875,0.067757
1,-1,2,0.5,0.25,-1,-1,1.0,1.0,0.605351,0.067603
1,-1,2,0.55,0.25,-1,-1,0.05,0.05,0.404753,0.200182
1,-1,2,0.55,0.25,-1,-1,0.1,0.1,0.405606,0.193385
1,-1,2,0.55,0.25,-1,-1,0.15,0.15,0.407739,0.184931
1,-1,2,0.55,0.25,-1,-1,0.2,0.2,0.410796,0.175963
1,-1,2,0.55,0.25,-1,-1,0.25,0.25,0.414777,0.16551
1,-1,2,0.55,0.25,-1,-1,0.3,0.3,0.421388,0.153115
1,-1,2,0.55,0.25,-1,-1,0.35,0.35,0.429847,0.141291
1,-1,2,0.55,0.25,-1,-1,0.4,0.4,0.440297,0.12981
1,-1,2,0.55,0.25,-1,-1,0.45,0.45,0.453591,0.116844
1,-1,2,0.55,0.25,-1,-1,0.5,0.5,0.479894,0.098394
1,-1,2,0.55,0.25,-1,-1,0.55,0.55,0.497239,0.085485
1,-1,2,0.55,0.25,-1,-1,0.6,0.6,0.514514,0.075431
1,-1,2,0.55,0.25,-1,-1,0.65,0.65,0.531575,0.068349
1,-1,2,0.55,0.25,-1,-1,0.7,0.7,0.548138,0.062979
1,-1,2,0.55,0.25,-1,-1,0.75,0.75,0.561077,0.059152
1,-1,2,0.55,0.25,-1,-1,0.8,0.8,0.574299,0.055382
1,-1,2,0.55,0.25,-1,-1,0.85,0.85,0.584394,0.053954
1,-1,2,0.55,0.25,-1,-1,0.9,0.9,0.595341,0.053155
1,-1,2,0.55,0.25,-1,-1,0.95,0.95,0.607497,0.052583
1,-1,2,0.55,0.25,-1,-1,1.0,1.0,0.638492,0.052412
1,-1,2,0.6,0.25,-1,-1,0.05,0.05,0.404763,0.199983
1,-1,2,0.6,0.25,-1,-1,0.1,0.1,0.405741,0.192671
1,-1,2,0.6,0.25,-1,-1,0.15,0.15,0.408184,0.183577
1,-1,2,0.6,0.25,-1,-1,0.2,0.2,0.411686,0.173929
1,-1,2,0.6,0.25,-1,-1,0.25,0.25,0.416247,0.162685
1,-1,2,0.6,0.25,-1,-1,0.3,0.3,0.423821,0.14935
1,-1,2,0.6,0.25,-1,-1,0.35,0.35,0.433512,0.136631
1,-1,2,0.6,0.25,-1,-1,0.4,0.4,0.445484,0.12428
1,-1,2,0.6,0.25,-1,-1,0.45,0.45,0.460714,0.110331
1,-1,2,0.6,0.25,-1,-1,0.5,0.5,0.490848,0.090483
1,-1,2,0.6,0.25,-1,-1,0.55,0.55,0.51072,0.076596
1,-1,2,0.6,0.25,-1,-1,0.6,0.6,0.53051,0.065781
1,-1,2,0.6,0.25,-1,-1,0.65,0.65,0.550056,0.058162
1,-1,2,0.6,0.25,-1,-1,0.7,0.7,0.569032,0.052386
1,-1,2,0.6,0.25,-1,-1,0.75,0.75,0.583854,0.048269
1,-1,2,0.6,0.25,-1,-1,0.8,0.8,0.599003,0.044213
1,-1,2,0.6,0.25,-1,-1,0.85,0.85,0.610568,0.042677
1,-1,2,0.6,0.25,-1,-1,0.9,0.9,0.62311,0.041817
1,-1,2,0.6,0.25,-1,-1,0.95,0.95,0.637036,0.041202
1,-1,2,0.6,0.25,-1,-1,1.0,1.0,0.672545,0.041018
1,-1,2,0.65,0.25,-1,-1,0.05,0.05,0.404774,0.199844
1,-1,2,0.65,0.25,-1,-1,0.1,0.1,0.405874,0.192171
1,-1,2,0.65,0.25,-1,-1,0.15,0.15,0.408625,0.182629
1,-1,2,0.65,0.25,-1,-1,0.2,0.2,0.412569,0.172506
1,-1,2,0.65,0.25,-1,-1,0.25,0.25,0.417704,0.160707
1,-1,2,0.65,0.25,-1,-1,0.3,0.3,0.426232,0.146715
1,-1,2,0.65,0.25,-1,-1,0.35,0.35,0.437145,0.133368
1,-1,2,0.65,0.25,-1,-1,0.4,0.4,0.450625,0.120408
1,-1,2,0.65,0.25,-1,-1,0.45,0.45,0.467774,0.105772
1,-1,2,0.65,0.25,-1,-1,0.5,0.5,0.501704,0.084946
1,-1,2,0.65,0.25,-1,-1,0.55,0.55,0.52408,0.070374
1,-1,2,0.65,0.25,-1,-1,0.6,0.6,0.546364,0.059026
1,-1,2,0.65,0.25,-1,-1,0.65,0.65,0.568372,0.051031
1,-1,2,0.65,0.25,-1,-1,0.7,0.7,0.589739,0.04497
1,-1,2,0.65,0.25,-1,-1,0.75,0.75,0.606429,0.04065
1,-1,2,0.65,0.25,-1,-1,0.8,0.8,0.623486,0.036395
1,-1,2,0.65,0.25,-1,-1,0.85,0.85,0.636508,0.034783
1,-1,2,0.65,0.25,-1,-1,0.9,0.9,0.65063,0.03388
1,-1,2,0.65,0.25,-1,-1,0.95,0.95,0.666311,0.033235
1,-1,2,0.65,0.25,-1,-1,1.0,1.0,0.706294,0.033042
1,-1,2,0.7,0.25,-1,-1,0.05,0.05,0.404782,0.199685
1,-1,2,0.7,0.25,-1,-1,0.1,0.1,0.405978,0.1916
1,-1,2,0.7,0.25,-1,-1,0.15,0.15,0.408967,0.181545
1,-1,2,0.7,0.25,-1,-1,0.2,0.2,0.413252,0.170879
1,-1,2,0.7,0.25,-1,-1,0.25,0.25,0.418833,0.158446
1,-1,2,0.7,0.25,-1,-1,0.3,0.3,0.4281,0.143703
1,-1,2,0.7,0.25,-1,-1,0.35,0.35,0.439959,0.12964
1,-1,2,0.7,0.25,-1,-1,0.4,0.4,0.454608,0.115984
1,-1,2,0.7,0.25,-1,-1,0.45,0.45,0.473243,0.100562
1,-1,2,0.7,0.25,-1,-1,0.5,0.5,0.510115,0.078618
1,-1,2,0.7,0.25,-1,-1,0.55,0.55,0.53443,0.063264
1,-1,2,0.7,0.25,-1,-1,0.6,0.6,0.558646,0.051306
1,-1,2,0.7,0.25,-1,-1,0.65,0.65,0.582563,0.042882
1,-1,2,0.7,0.25,-1,-1,0.7,0.7,0.605782,0.036496
1,-1,2,0.7,0.25,-1,-1,0.75,0.75,0.623919,0.031944
1,-1,2,0.7,0.25,-1,-1,0.8,0.8,0.642454,0.02746
1,-1,2,0.7,0.25,-1,-1,0.85,0.85,0.656605,0.025761
1,-1,2,0.7,0.25,-1,-1,0.9,0.9,0.671951,0.02481
1,-1,2,0.7,0.25,-1,-1,0.95,0.95,0.688992,0.024131
1,-1,2,0.7,0.25,-1,-1,1.0,1.0,0.732441,0.023927
1,-1,2,0.75,0.25,-1,-1,0.05,0.05,0.404792,0.199585
1,-1,2,0.75,0.25,-1,-1,0.1,0.1,0.406111,0.191243
1,-1,2,0.75,0.25,-1,-1,0.15,0.15,0.409408,0.180868
1,-1,2,0.75,0.25,-1,-1,0.2,0.2,0.414135,0.169862
1,-1,2,0.75,0.25,-1,-1,0.25,0.25,0.42029,0.157033
1,-1,2,0.75,0.25,-1,-1,0.3,0.3,0.430512,0.141821
1,-1,2,0.75,0.25,-1,-1,0.35,0.35,0.443591,0.12731
1,-1,2,0.75,0.25,-1,-1,0.4,0.4,0.459749,0.113219
1,-1,2,0.75,0.25,-1,-1,0.45,0.45,0.480303,0.097306
1,-1,2,0.75,0.25,-1,-1,0.5,0.5,0.520971,0.074663
1,-1,2,0.75,0.25,-1,-1,0.55,0.55,0.54779,0.058819
1,-1,2,0.75,0.25,-1,-1,0.6,0.6,0.5745,0.046481
1,-1,2,0.75,0.25,-1,-1,0.65,0.65,0.600879,0.037789
1,-1,2,0.75,0.25,-1,-1,0.7,0.7,0.626489,0.031199
1,-1,2,0.75,0.25,-1,-1,0.75,0.75,0.646493,0.026502
1,-1,2,0.75,0.25,-1,-1,0.8,0.8,0.666937,0.021875
1,-1,2,0.75,0.25,-1,-1,0.85,0.85,0.682545,0.020123
1,-1,2,0.75,0.25,-1,-1,0.9,0.9,0.699472,0.019141
1,-1,2,0.75,0.25,-1,-1,0.95,0.95,0.718267,0.01844
1,-1,2,0.75,0.25,-1,-1,1.0,1.0,0.76619,0.01823
1,-1,2,0.8,0.25,-1,-1,0.05,0.05,0.4048,0.199426
1,-1,2,0.8,0.25,-1,-1,0.1,0.1,0.406216,0.190672
1,-1,2,0.8,0.25,-1,-1,0.15,0.15,0.409754,0.179784
1,-1,2,0.8,0.25,-1,-1,0.2,0.2,0.414826,0.168235
1,-1,2,0.8,0.25,-1,-1,0.25,0.25,0.421432,0.154772
1,-1,2,0.8,0.25,-1,-1,0.3,0.3,0.432402,0.138809
1,-1,2,0.8,0.25,-1,-1,0.35,0.35,0.446439,0.123581
1,-1,2,0.8,0.25,-1,-1,0.4,0.4,0.463778,0.108795
1,-1,2,0.8,0.25,-1,-1,0.45,0.45,0.485836,0.092096
1,-1,2,0.8,0.25,-1,-1,0.5,0.5,0.52948,0.068334
1,-1,2,0.8,0.25,-1,-1,0.55,0.55,0.558262,0.051709
1,-1,2,0.8,0.25,-1,-1,0.6,0.6,0.586925,0.038761
1,-1,2,0.8,0.25,-1,-1,0.65,0.65,0.615235,0.02964
1,-1,2,0.8,0.25,-1,-1,0.7,0.7,0.642719,0.022724
1,-1,2,0.8,0.25,-1,-1,0.75,0.75,0.664187,0.017796
1,-1,2,0.8,0.25,-1,-1,0.8,0.8,0.686127,0.01294
1,-1,2,0.8,0.25,-1,-1,0.85,0.85,0.702877,0.011101
1,-1,2,0.8,0.25,-1,-1,0.9,0.9,0.721042,0.010071
1,-1,2,0.8,0.25,-1,-1,0.95,0.95,0.741213,0.009336
1,-1,2,0.8,0.25,-1,-1,1.0,1.0,0.792642,0.009115
1,-1,2,0.85,0.25,-1,-1,0.05,0.05,0.40481,0.199353
1,-1,2,0.85,0.25,-1,-1,0.1,0.1,0.406341,0.19041
1,-1,2,0.85,0.25,-1,-1,0.15,0.15,0.410168,0.179288
1,-1,2,0.85,0.25,-1,-1,0.2,0.2,0.415653,0.167489
1,-1,2,0.85,0.25,-1,-1,0.25,0.25,0.422797,0.153736
1,-1,2,0.85,0.25,-1,-1,0.3,0.3,0.434661,0.137428
1,-1,2,0.85,0.25,-1,-1,0.35,0.35,0.449842,0.121872
1,-1,2,0.85,0.25,-1,-1,0.4,0.4,0.468595,0.106767
1,-1,2,0.85,0.25,-1,-1,0.45,0.45,0.492451,0.089708
1,-1,2,0.85,0.25,-1,-1,0.5,0.5,0.539652,0.065434
1,-1,2,0.85,0.25,-1,-1,0.55,0.55,0.570779,0.048449
1,-1,2,0.85,0.25,-1,-1,0.6,0.6,0.601779,0.035223
1,-1,2,0.85,0.25,-1,-1,0.65,0.65,0.632396,0.025904
1,-1,2,0.85,0.25,-1,-1,0.7,0.7,0.66212,0.01884
1,-1,2,0.85,0.25,-1,-1,0.75,0.75,0.685338,0.013805
1,-1,2,0.85,0.25,-1,-1,0.8,0.8,0.709066,0.008845
1,-1,2,0.85,0.25,-1,-1,0.85,0.85,0.727182,0.006966
1,-1,2,0.85,0.25,-1,-1,0.9,0.9,0.746827,0.005914
1,-1,2,0.85,0.25,-1,-1,0.95,0.95,0.768642,0.005162
1,-1,2,0.85,0.25,-1,-1,1.0,1.0,0.824263,0.004937
1,-1,2,0.9,0.25,-1,-1,0.05,0.05,0.404821,0.199307
1,-1,2,0.9,0.25,-1,-1,0.1,0.1,0.406484,0.190244
1,-1,2,0.9,0.25,-1,-1,0.15,0.15,0.410641,0.178972
1,-1,2,0.9,0.25,-1,-1,0.2,0.2,0.416599,0.167014
1,-1,2,0.9,0.25,-1,-1,0.25,0.25,0.424359,0.153077
1,-1,2,0.9,0.25,-1,-1,0.3,0.3,0.437246,0.13655
1,-1,2,0.9,0.25,-1,-1,0.35,0.35,0.453736,0.120785
1,-1,2,0.9,0.25,-1,-1,0.4,0.4,0.474106,0.105477
1,-1,2,0.9,0.25,-1,-1,0.45,0.45,0.500019,0.088188
1,-1,2,0.9,0.25,-1,-1,0.5,0.5,0.551291,0.063588
1,-1,2,0.9,0.25,-1,-1,0.55,0.55,0.585102,0.046376
1,-1,2,0.9,0.25,-1,-1,0.6,0.6,0.618775,0.032972
1,-1,2,0.9,0.25,-1,-1,0.65,0.65,0.652032,0.023528
1,-1,2,0.9,0.25,-1,-1,0.7,0.7,0.684319,0.016369
1,-1,2,0.9,0.25,-1,-1,0.75,0.75,0.709539,0.011266
1,-1,2,0.9,0.25,-1,-1,0.8,0.8,0.735314,0.006239
1,-1,2,0.9,0.25,-1,-1,0.85,0.85,0.754991,0.004335
1,-1,2,0.9,0.25,-1,-1,0.9,0.9,0.776331,0.003269
1,-1,2,0.9,0.25,-1,-1,0.95,0.95,0.800027,0.002507
1,-1,2,0.9,0.25,-1,-1,1.0,1.0,0.860444,0.002279
1,-1,2,0.95,0.25,-1,-1,0.05,0.05,0.404834,0.199273
1,-1,2,0.95,0.25,-1,-1,0.1,0.1,0.406654,0.190125
1,-1,2,0.95,0.25,-1,-1,0.15,0.15,0.411205,0.178746
1,-1,2,0.95,0.25,-1,-1,0.2,0.2,0.417728,0.166675
1,-1,2,0.95,0.25,-1,-1,0.25,0.25,0.426223,0.152606
1,-1,2,0.95,0.25,-1,-1,0.3,0.3,0.440331,0.135923
1,-1,2,0.95,0.25,-1,-1,0.35,0.35,0.458383,0.120008
1,-1,2,0.95,0.25,-1,-1,0.4,0.4,0.480683,0.104555
1,-1,2,0.95,0.25,-1,-1,0.45,0.45,0.50905,0.087103
1,-1,2,0.95,0.25,-1,-1,0.5,0.5,0.565179,0.06227
1,-1,2,0.95,0.25,-1,-1,0.55,0.55,0.602193,0.044895
1,-1,2,0.95,0.25,-1,-1,0.6,0.6,0.639056,0.031363
1,-1,2,0.95,0.25,-1,-1,0.65,0.65,0.675464,0.02183
1,-1,2,0.95,0.25,-1,-1,0.7,0.7,0.710809,0.014603
1,-1,2,0.95,0.25,-1,-1,0.75,0.75,0.738418,0.009452
1,-1,2,0.95,0.25,-1,-1,0.8,0.8,0.766634,0.004378
1,-1,2,0.95,0.25,-1,-1,0.85,0.85,0.788176,0.002456
1,-1,2,0.95,0.25,-1,-1,0.9,0.9,0.811537,0.001379
1,-1,2,0.95,0.25,-1,-1,0.95,0.95,0.837478,0.000611
1,-1,2,0.95,0.25,-1,-1,1.0,1.0,0.903618,0.00038
1,-1,2,1.0,0.25,-1,-1,0.05,0.05,0.404863,0.199267
1,-1,2,1.0,0.25,-1,-1,0.1,0.1,0.407035,0.190101
1,-1,2,1.0,0.25,-1,-1,0.15,0.15,0.412465,0.178701
1,-1,2,1.0,0.25,-1,-1,0.2,0.2,0.420248,0.166608
1,-1,2,1.0,0.25,-1,-1,0.25,0.25,0.430384,0.152512
1,-1,2,1.0,0.25,-1,-1,0.3,0.3,0.447217,0.135797
1,-1,2,1.0,0.25,-1,-1,0.35,0.35,0.468757,0.119853
1,-1,2,1.0,0.25,-1,-1,0.4,0.4,0.495364,0.10437
1,-1,2,1.0,0.25,-1,-1,0.45,0.45,0.529212,0.086886
1,-1,2,1.0,0.25,-1,-1,0.5,0.5,0.596183,0.062006
1,-1,2,1.0,0.25,-1,-1,0.55,0.55,0.640348,0.044598
1,-1,2,1.0,0.25,-1,-1,0.6,0.6,0.684331,0.031041
1,-1,2,1.0,0.25,-1,-1,0.65,0.65,0.727772,0.02149
1,-1,2,1.0,0.25,-1,-1,0.7,0.7,0.769945,0.01425
1,-1,2,1.0,0.25,-1,-1,0.75,0.75,0.802888,0.009089
1,-1,2,1.0,0.25,-1,-1,0.8,0.8,0.836554,0.004005
1,-1,2,1.0,0.25,-1,-1,0.85,0.85,0.862257,0.00208
1,-1,2,1.0,0.25,-1,-1,0.9,0.9,0.890131,0.001001
1,-1,2,1.0,0.25,-1,-1,0.95,0.95,0.921083,0.000231
1,-1,2,1.0,0.25,-1,-1,1.0,1.0,1.0,0.0
1,-1,2,0.3,0.3,-1,-1,0.05,0.05,0.451201,0.167869
1,-1,2,0.3,0.3,-1,-1,0.1,0.1,0.451201,0.167869
1,-1,2,0.3,0.3,-1,-1,0.15,0.15,0.451201,0.167869
1,-1,2,0.3,0.3,-1,-1,0.2,0.2,0.451201,0.167869
1,-1,2,0.3,0.3,-1,-1,0.25,0.25,0.451201,0.167869
1,-1,2,0.3,0.3,-1,-1,0.3,0.3,0.451201,0.167869
1,-1,2,0.3,0.3,-1,-1,0.35,0.35,0.451201,0.167869
1,-1,2,0.3,0.3,-1,-1,0.4,0.4,0.451201,0.167869
1,-1,2,0.3,0.3,-1,-1,0.45,0.45,0.451201,0.167869
1,-1,2,0.3,0.3,-1,-1,0.5,0.5,0.451201,0.167869
1,-1,2,0.3,0.3,-1,-1,0.55,0.55,0.451201,0.167869
1,-1,2,0.3,0.3,-1,-1,0.6,0.6,0.451201,0.167869
1,-1,2,0.3,0.3,-1,-1,0.65,0.65,0.451201,0.167869
1,-1,2,0.3,0.3,-1,-1,0.7,0.7,0.451201,0.167869
1,-1,2,0.3,0.3,-1,-1,0.75,0.75,0.451201,0.167869
1,-1,2,0.3,0.3,-1,-1,0.8,0.8,0.451201,0.167869
1,-1,2,0.3,0.3,-1,-1,0.85,0.85,0.451201,0.167869
1,-1,2,0.3,0.3,-1,-1,0.9,0.9,0.451201,0.167869
1,-1,2,0.3,0.3,-1,-1,0.95,0.95,0.451201,0.167869
1,-1,2,0.3,0.3,-1,-1,1.0,1.0,0.451201,0.167869
1,-1,2,0.35,0.3,-1,-1,0.05,0.05,0.451213,0.167239
1,-1,2,0.35,0.3,-1,-1,0.1,0.1,0.451352,0.165608
1,-1,2,0.35,0.3,-1,-1,0.15,0.15,0.451702,0.16358
1,-1,2,0.35,0.3,-1,-1,0.2,0.2,0.452203,0.161429
1,-1,2,0.35,0.3,-1,-1,0.25,0.25,0.452855,0.158921
1,-1,2,0.35,0.3,-1,-1,0.3,0.3,0.453938,0.155947
1,-1,2,0.35,0.3,-1,-1,0.35,0.35,0.455324,0.153111
1,-1,2,0.35,0.3,-1,-1,0.4,0.4,0.457036,0.150357
1,-1,2,0.35,0.3,-1,-1,0.45,0.45,0.459215,0.147246
1,-1,2,0.35,0.3,-1,-1,0.5,0.5,0.463524,0.14282
1,-1,2,0.35,0.3,-1,-1,0.55,0.55,0.466366,0.139723
1,-1,2,0.35,0.3,-1,-1,0.6,0.6,0.469197,0.137311
1,-1,2,0.35,0.3,-1,-1,0.65,0.65,0.471992,0.135612
1,-1,2,0.35,0.3,-1,-1,0.7,0.7,0.474706,0.134324
1,-1,2,0.35,0.3,-1,-1,0.75,0.75,0.476826,0.133406
1,-1,2,0.35,0.3,-1,-1,0.8,0.8,0.478992,0.132502
1,-1,2,0.35,0.3,-1,-1,0.85,0.85,0.480646,0.132159
1,-1,2,0.35,0.3,-1,-1,0.9,0.9,0.48244,0.131967
1,-1,2,0.35,0.3,-1,-1,0.95,0.95,0.484432,0.13183
1,-1,2,0.35,0.3,-1,-1,1.0,1.0,0.48951,0.131789
1,-1,2,0.4,0.3,-1,-1,0.05,0.05,0.451225,0.166794
1,-1,2,0.4,0.3,-1,-1,0.1,0.1,0.45152,0.164013
1,-1,2,0.4,0.3,-1,-1,0.15,0.15,0.452254,0.160555
1,-1,2,0.4,0.3,-1,-1,0.2,0.2,0.453308,0.156886
1,-1,2,0.4,0.3,-1,-1,0.25,0.25,0.45468,0.15261
1,-1,2,0.4,0.3,-1,-1,0.3,0.3,0.456958,0.147539
1,-1,2,0.4,0.3,-1,-1,0.35,0.35,0.459873,0.142702
1,-1,2,0.4,0.3,-1,-1,0.4,0.4,0.463474,0.138006
1,-1,2,0.4,0.3,-1,-1,0.45,0.45,0.468055,0.132701
1,-1,2,0.4,0.3,-1,-1,0.5,0.5,0.477119,0.125154
1,-1,2,0.4,0.3,-1,-1,0.55,0.55,0.483097,0.119873
1,-1,2,0.4,0.3,-1,-1,0.6,0.6,0.48905,0.11576
1,-1,2,0.4,0.3,-1,-1,0.65,0.65,0.494929,0.112862
1,-1,2,0.4,0.3,-1,-1,0.7,0.7,0.500637,0.110666
1,-1,2,0.4,0.3,-1,-1,0.75,0.75,0.505095,0.1091
1,-1,2,0.4,0.3,-1,-1,0.8,0.8,0.509652,0.107558
1,-1,2,0.4,0.3,-1,-1,0.85,0.85,0.51313,0.106974
1,-1,2,0.4,0.3,-1,-1,0.9,0.9,0.516903,0.106647
1,-1,2,0.4,0.3,-1,-1,0.95,0.95,0.521092,0.106413
1,-1,2,0.4,0.3,-1,-1,1.0,1.0,0.531773,0.106343
1,-1,2,0.45,0.3,-1,-1,0.05,0.05,0.451236,0.166376
1,-1,2,0.45,0.3,-1,-1,0.1,0.1,0.451655,0.162514
1,-1,2,0.45,0.3,-1,-1,0.15,0.15,0.452704,0.157711
1,-1,2,0.45,0.3,-1,-1,0.2,0.2,0.454206,0.152615
1,-1,2,0.45,0.3,-1,-1,0.25,0.25,0.456163,0.146676
1,-1,2,0.45,0.3,-1,-1,0.3,0.3,0.459413,0.139633
1,-1,2,0.45,0.3,-1,-1,0.35,0.35,0.463571,0.132915
1,-1,2,0.45,0.3,-1,-1,0.4,0.4,0.468708,0.126392
1,-1,2,0.45,0.3,-1,-1,0.45,0.45,0.475242,0.119024
1,-1,2,0.45,0.3,-1,-1,0.5,0.5,0.488171,0.108541
1,-1,2,0.45,0.3,-1,-1,0.55,0.55,0.496697,0.101206
1,-1,2,0.45,0.3,-1,-1,0.6,0.6,0.505189,0.095494
1,-1,2,0.45,0.3,-1,-1,0.65,0.65,0.513575,0.09147
1,-1,2,0.45,0.3,-1,-1,0.7,0.7,0.521717,0.088419
1,-1,2,0.45,0.3,-1,-1,0.75,0.75,0.528077,0.086245
1,-1,2,0.45,0.3,-1,-1,0.8,0.8,0.534576,0.084103
1,-1,2,0.45,0.3,-1,-1,0.85,0.85,0.539538,0.083291
1,-1,2,0.45,0.3,-1,-1,0.9,0.9,0.544919,0.082837
1,-1,2,0.45,0.3,-1,-1,0.95,0.95,0.550895,0.082512
1,-1,2,0.45,0.3,-1,-1,1.0,1.0,0.56613,0.082415
1,-1,2,0.5,0.3,-1,-1,0.05,0.05,0.451248,0.166117
1,-1,2,0.5,0.3,-1,-1,0.1,0.1,0.45181,0.161586
1,-1,2,0.5,0.3,-1,-1,0.15,0.15,0.453216,0.15595
1,-1,2,0.5,0.3,-1,-1,0.2,0.2,0.455232,0.149971
1,-1,2,0.5,0.3,-1,-1,0.25,0.25,0.457856,0.143002
1,-1,2,0.5,0.3,-1,-1,0.3,0.3,0.462215,0.134739
1,-1,2,0.5,0.3,-1,-1,0.35,0.35,0.467792,0.126856
1,-1,2,0.5,0.3,-1,-1,0.4,0.4,0.474682,0.119202
1,-1,2,0.5,0.3,-1,-1,0.45,0.45,0.483446,0.110558
1,-1,2,0.5,0.3,-1,-1,0.5,0.5,0.500788,0.098258
1,-1,2,0.5,0.3,-1,-1,0.55,0.55,0.512224,0.089652
1,-1,2,0.5,0.3,-1,-1,0.6,0.6,0.523613,0.082949
1,-1,2,0.5,0.3,-1,-1,0.65,0.65,0.534861,0.078227
1,-1,2,0.5,0.3,-1,-1,0.7,0.7,0.545781,0.074648
1,-1,2,0.5,0.3,-1,-1,0.75,0.75,0.554311,0.072097
1,-1,2,0.5,0.3,-1,-1,0.8,0.8,0.563029,0.069583
1,-1,2,0.5,0.3,-1,-1,0.85,0.85,0.569684,0.068631
1,-1,2,0.5,0.3,-1,-1,0.9,0.9,0.576902,0.068098
1,-1,2,0.5,0.3,-1,-1,0.95,0.95,0.584916,0.067717
1,-1,2,0.5,0.3,-1,-1,1.0,1.0,0.605351,0.067603
1,-1,2,0.55,0.3,-1,-1,0.05,0.05,0.451258,0.165852
1,-1,2,0.55,0.3,-1,-1,0.1,0.1,0.451941,0.160634
1,-1,2,0.55,0.3,-1,-1,0.15,0.15,0.45365,0.154144
1,-1,2,0.55,0.3,-1,-1,0.2,0.2,0.456098,0.147259
1,-1,2,0.55,0.3,-1,-1,0.25,0.25,0.459287,0.139235
1,-1,2,0.55,0.3,-1,-1,0.3,0.3,0.464583,0.129719
1,-1,2,0.55,0.3,-1,-1,0.35,0.35,0.471359,0.120643
1,-1,2,0.55,0.3,-1,-1,0.4,0.4,0.47973,0.111829
1,-1,2,0.55,0.3,-1,-1,0.45,0.45,0.490379,0.101875
1,-1,2,0.55,0.3,-1,-1,0.5,0.5,0.511448,0.087711
1,-1,2,0.55,0.3,-1,-1,0.55,0.55,0.525343,0.077801
1,-1,2,0.55,0.3,-1,-1,0.6,0.6,0.539181,0.070084
1,-1,2,0.55,0.3,-1,-1,0.65,0.65,0.552847,0.064646
1,-1,2,0.55,0.3,-1,-1,0.7,0.7,0.566115,0.060524
1,-1,2,0.55,0.3,-1,-1,0.75,0.75,0.576479,0.057586
1,-1,2,0.55,0.3,-1,-1,0.8,0.8,0.587071,0.054692
1,-1,2,0.55,0.3,-1,-1,0.85,0.85,0.595157,0.053596
1,-1,2,0.55,0.3,-1,-1,0.9,0.9,0.603927,0.052982
1,-1,2,0.55,0.3,-1,-1,0.95,0.95,0.613664,0.052544
1,-1,2,0.55,0.3,-1,-1,1.0,1.0,0.638492,0.052412
1,-1,2,0.6,0.3,-1,-1,0.05,0.05,0.451268,0.165653
1,-1,2,0.6,0.3,-1,-1,0.1,0.1,0.452076,0.15992
1,-1,2,0.6,0.3,-1,-1,0.15,0.15,0.454095,0.152789
1,-1,2,0.6,0.3,-1,-1,0.2,0.2,0.456989,0.145226
1,-1,2,0.6,0.3,-1,-1,0.25,0.25,0.460757,0.136409
1,-1,2,0.6,0.3,-1,-1,0.3,0.3,0.467016,0.125955
1,-1,2,0.6,0.3,-1,-1,0.35,0.35,0.475024,0.115982
1,-1,2,0.6,0.3,-1,-1,0.4,0.4,0.484917,0.106298
1,-1,2,0.6,0.3,-1,-1,0.45,0.45,0.497502,0.095362
1,-1,2,0.6,0.3,-1,-1,0.5,0.5,0.522402,0.079801
1,-1,2,0.6,0.3,-1,-1,0.55,0.55,0.538823,0.068913
1,-1,2,0.6,0.3,-1,-1,0.6,0.6,0.555177,0.060433
1,-1,2,0.6,0.3,-1,-1,0.65,0.65,0.571328,0.05446
1,-1,2,0.6,0.3,-1,-1,0.7,0.7,0.587009,0.049931
1,-1,2,0.6,0.3,-1,-1,0.75,0.75,0.599257,0.046703
1,-1,2,0.6,0.3,-1,-1,0.8,0.8,0.611775,0.043523
1,-1,2,0.6,0.3,-1,-1,0.85,0.85,0.621331,0.042319
1,-1,2,0.6,0.3,-1,-1,0.9,0.9,0.631695,0.041644
1,-1,2,0.6,0.3,-1,-1,0.95,0.95,0.643203,0.041162
1,-1,2,0.6,0.3,-1,-1,1.0,1.0,0.672545,0.041018
1,-1,2,0.65,0.3,-1,-1,0.05,0.05,0.451279,0.165513
1,-1,2,0.65,0.3,-1,-1,0.1,0.1,0.452209,0.15942
1,-1,2,0.65,0.3,-1,-1,0.15,0.15,0.454536,0.151841
1,-1,2,0.65,0.3,-1,-1,0.2,0.2,0.457871,0.143802
1,-1,2,0.65,0.3,-1,-1,0.25,0.25,0.462214,0.134431
1,-1,2,0.65,0.3,-1,-1,0.3,0.3,0.469427,0.123319
1,-1,2,0.65,0.3,-1,-1,0.35,0.35,0.478657,0.112719
1,-1,2,0.65,0.3,-1,-1,0.4,0.4,0.490058,0.102427
1,-1,2,0.65,0.3,-1,-1,0.45,0.45,0.504562,0.090803
1,-1,2,0.65,0.3,-1,-1,0.5,0.5,0.533259,0.074263
1,-1,2,0.65,0.3,-1,-1,0.55,0.55,0.552183,0.062691
1,-1,2,0.65,0.3,-1,-1,0.6,0.6,0.57103,0.053678
1,-1,2,0.65,0.3,-1,-1,0.65,0.65,0.589645,0.047329
1,-1,2,0.65,0.3,-1,-1,0.7,0.7,0.607716,0.042515
1,-1,2,0.65,0.3,-1,-1,0.75,0.75,0.621832,0.039084
1,-1,2,0.65,0.3,-1,-1,0.8,0.8,0.636258,0.035705
1,-1,2,0.65,0.3,-1,-1,0.85,0.85,0.647271,0.034425
1,-1,2,0.65,0.3,-1,-1,0.9,0.9,0.659215,0.033708
1,-1,2,0.65,0.3,-1,-1,0.95,0.95,0.672478,0.033196
1,-1,2,0.65,0.3,-1,-1,1.0,1.0,0.706294,0.033042
1,-1,2,0.7,0.3,-1,-1,0.05,0.05,0.451286,0.165354
1,-1,2,0.7,0.3,-1,-1,0.1,0.1,0.452313,0.158849
1,-1,2,0.7,0.3,-1,-1,0.15,0.15,0.454878,0.150758
1,-1,2,0.7,0.3,-1,-1,0.2,0.2,0.458555,0.142175
1,-1,2,0.7,0.3,-1,-1,0.25,0.25,0.463343,0.132171
1,-1,2,0.7,0.3,-1,-1,0.3,0.3,0.471296,0.120307
1,-1,2,0.7,0.3,-1,-1,0.35,0.35,0.481471,0.108991
1,-1,2,0.7,0.3,-1,-1,0.4,0.4,0.494041,0.098003
1,-1,2,0.7,0.3,-1,-1,0.45,0.45,0.510031,0.085593
1,-1,2,0.7,0.3,-1,-1,0.5,0.5,0.54167,0.067935
1,-1,2,0.7,0.3,-1,-1,0.55,0.55,0.562534,0.05558
1,-1,2,0.7,0.3,-1,-1,0.6,0.6,0.583313,0.045958
1,-1,2,0.7,0.3,-1,-1,0.65,0.65,0.603835,0.03918
1,-1,2,0.7,0.3,-1,-1,0.7,0.7,0.623759,0.034041
1,-1,2,0.7,0.3,-1,-1,0.75,0.75,0.639321,0.030378
1,-1,2,0.7,0.3,-1,-1,0.8,0.8,0.655226,0.02677
1,-1,2,0.7,0.3,-1,-1,0.85,0.85,0.667369,0.025403
1,-1,2,0.7,0.3,-1,-1,0.9,0.9,0.680537,0.024638
1,-1,2,0.7,0.3,-1,-1,0.95,0.95,0.695159,0.024091
1,-1,2,0.7,0.3,-1,-1,1.0,1.0,0.732441,0.023927
1,-1,2,0.75,0.3,-1,-1,0.05,0.05,0.451297,0.165255
1,-1,2,0.75,0.3,-1,-1,0.1,0.1,0.452446,0.158492
1,-1,2,0.75,0.3,-1,-1,0.15,0.15,0.455319,0.150081
1,-1,2,0.75,0.3,-1,-1,0.2,0.2,0.459437,0.141158
1,-1,2,0.75,0.3,-1,-1,0.25,0.25,0.4648,0.130758
1,-1,2,0.75,0.3,-1,-1,0.3,0.3,0.473707,0.118425
1,-1,2,0.75,0.3,-1,-1,0.35,0.35,0.485104,0.106661
1,-1,2,0.75,0.3,-1,-1,0.4,0.4,0.499182,0.095238
1,-1,2,0.75,0.3,-1,-1,0.45,0.45,0.517091,0.082337
1,-1,2,0.75,0.3,-1,-1,0.5,0.5,0.552526,0.06398
1,-1,2,0.75,0.3,-1,-1,0.55,0.55,0.575894,0.051136
1,-1,2,0.75,0.3,-1,-1,0.6,0.6,0.599166,0.041133
1,-1,2,0.75,0.3,-1,-1,0.65,0.65,0.622151,0.034086
1,-1,2,0.75,0.3,-1,-1,0.7,0.7,0.644466,0.028744
1,-1,2,0.75,0.3,-1,-1,0.75,0.75,0.661896,0.024936
1,-1,2,0.75,0.3,-1,-1,0.8,0.8,0.679709,0.021185
1,-1,2,0.75,0.3,-1,-1,0.85,0.85,0.693309,0.019764
1,-1,2,0.75,0.3,-1,-1,0.9,0.9,0.708057,0.018969
1,-1,2,0.75,0.3,-1,-1,0.95,0.95,0.724434,0.0184
1,-1,2,0.75,0.3,-1,-1,1.0,1.0,0.76619,0.01823
1,-1,2,0.8,0.3,-1,-1,0.05,0.05,0.451305,0.165095
1,-1,2,0.8,0.3,-1,-1,0.1,0.1,0.452551,0.157921
1,-1,2,0.8,0.3,-1,-1,0.15,0.15,0.455665,0.148997
1,-1,2,0.8,0.3,-1,-1,0.2,0.2,0.460129,0.139531
1,-1,2,0.8,0.3,-1,-1,0.25,0.25,0.465942,0.128497
1,-1,2,0.8,0.3,-1,-1,0.3,0.3,0.475597,0.115413
1,-1,2,0.8,0.3,-1,-1,0.35,0.35,0.487951,0.102932
1,-1,2,0.8,0.3,-1,-1,0.4,0.4,0.503211,0.090813
1,-1,2,0.8,0.3,-1,-1,0.45,0.45,0.522624,0.077127
1,-1,2,0.8,0.3,-1,-1,0.5,0.5,0.561035,0.057652
1,-1,2,0.8,0.3,-1,-1,0.55,0.55,0.586366,0.044025
1,-1,2,0.8,0.3,-1,-1,0.6,0.6,0.611592,0.033413
1,-1,2,0.8,0.3,-1,-1,0.65,0.65,0.636507,0.025937
1,-1,2,0.8,0.3,-1,-1,0.7,0.7,0.660696,0.020269
1,-1,2,0.8,0.3,-1,-1,0.75,0.75,0.67959,0.01623
1,-1,2,0.8,0.3,-1,-1,0.8,0.8,0.698899,0.01225
1,-1,2,0.8,0.3,-1,-1,0.85,0.85,0.71364,0.010743
1,-1,2,0.8,0.3,-1,-1,0.9,0.9,0.729627,0.009899
1,-1,2,0.8,0.3,-1,-1,0.95,0.95,0.74738,0.009296
1,-1,2,0.8,0.3,-1,-1,1.0,1.0,0.792642,0.009115
1,-1,2,0.85,0.3,-1,-1,0.05,0.05,0.451314,0.165022
1,-1,2,0.85,0.3,-1,-1,0.1,0.1,0.452676,0.157659
1,-1,2,0.85,0.3,-1,-1,0.15,0.15,0.456078,0.1485
1,-1,2,0.85,0.3,-1,-1,0.2,0.2,0.460956,0.138785
1,-1,2,0.85,0.3,-1,-1,0.25,0.25,0.467308,0.127461
1,-1,2,0.85,0.3,-1,-1,0.3,0.3,0.477856,0.114033
1,-1,2,0.85,0.3,-1,-1,0.35,0.35,0.491354,0.101223
1,-1,2,0.85,0.3,-1,-1,0.4,0.4,0.508028,0.088785
1,-1,2,0.85,0.3,-1,-1,0.45,0.45,0.529239,0.074739
1,-1,2,0.85,0.3,-1,-1,0.5,0.5,0.571207,0.054751
1,-1,2,0.85,0.3,-1,-1,0.55,0.55,0.598883,0.040766
1,-1,2,0.85,0.3,-1,-1,0.6,0.6,0.626446,0.029875
1,-1,2,0.85,0.3,-1,-1,0.65,0.65,0.653668,0.022202
1,-1,2,0.85,0.3,-1,-1,0.7,0.7,0.680097,0.016385
1,-1,2,0.85,0.3,-1,-1,0.75,0.75,0.700741,0.012239
1,-1,2,0.85,0.3,-1,-1,0.8,0.8,0.721838,0.008155
1,-1,2,0.85,0.3,-1,-1,0.85,0.85,0.737945,0.006608
1,-1,2,0.85,0.3,-1,-1,0.9,0.9,0.755413,0.005741
1,-1,2,0.85,0.3,-1,-1,0.95,0.95,0.774809,0.005123
1,-1,2,0.85,0.3,-1,-1,1.0,1.0,0.824263,0.004937
1,-1,2,0.9,0.3,-1,-1,0.05,0.05,0.451325,0.164976
1,-1,2,0.9,0.3,-1,-1,0.1,0.1,0.452819,0.157492
1,-1,2,0.9,0.3,-1,-1,0.15,0.15,0.456551,0.148184
1,-1,2,0.9,0.3,-1,-1,0.2,0.2,0.461902,0.138311
1,-1,2,0.9,0.3,-1,-1,0.25,0.25,0.46887,0.126802
1,-1,2,0.9,0.3,-1,-1,0.3,0.3,0.480441,0.113154
1,-1,2,0.9,0.3,-1,-1,0.35,0.35,0.495248,0.100136
1,-1,2,0.9,0.3,-1,-1,0.4,0.4,0.513539,0.087495
1,-1,2,0.9,0.3,-1,-1,0.45,0.45,0.536807,0.073219
1,-1,2,0.9,0.3,-1,-1,0.5,0.5,0.582845,0.052906
1,-1,2,0.9,0.3,-1,-1,0.55,0.55,0.613206,0.038692
1,-1,2,0.9,0.3,-1,-1,0.6,0.6,0.643442,0.027624
1,-1,2,0.9,0.3,-1,-1,0.65,0.65,0.673305,0.019825
1,-1,2,0.9,0.3,-1,-1,0.7,0.7,0.702296,0.013914
1,-1,2,0.9,0.3,-1,-1,0.75,0.75,0.724942,0.0097
1,-1,2,0.9,0.3,-1,-1,0.8,0.8,0.748086,0.005549
1,-1,2,0.9,0.3,-1,-1,0.85,0.85,0.765755,0.003977
1,-1,2,0.9,0.3,-1,-1,0.9,0.9,0.784916,0.003097
1,-1,2,0.9,0.3,-1,-1,0.95,0.95,0.806194,0.002468
1,-1,2,0.9,0.3,-1,-1,1.0,1.0,0.860444,0.002279
1,-1,2,0.95,0.3,-1,-1,0.05,0.05,0.451339,0.164943
1,-1,2,0.95,0.3,-1,-1,0.1,0.1,0.452989,0.157373
1,-1,2,0.95,0.3,-1,-1,0.15,0.15,0.457116,0.147959
1,-1,2,0.95,0.3,-1,-1,0.2,0.2,0.463031,0.137972
1,-1,2,0.95,0.3,-1,-1,0.25,0.25,0.470734,0.126331
1,-1,2,0.95,0.3,-1,-1,0.3,0.3,0.483526,0.112527
1,-1,2,0.95,0.3,-1,-1,0.35,0.35,0.499895,0.099359
1,-1,2,0.95,0.3,-1,-1,0.4,0.4,0.520116,0.086574
1,-1,2,0.95,0.3,-1,-1,0.45,0.45,0.545838,0.072134
1,-1,2,0.95,0.3,-1,-1,0.5,0.5,0.596734,0.051587
1,-1,2,0.95,0.3,-1,-1,0.55,0.55,0.630297,0.037211
1,-1,2,0.95,0.3,-1,-1,0.6,0.6,0.663723,0.026015
1,-1,2,0.95,0.3,-1,-1,0.65,0.65,0.696736,0.018128
1,-1,2,0.95,0.3,-1,-1,0.7,0.7,0.728786,0.012148
1,-1,2,0.95,0.3,-1,-1,0.75,0.75,0.753821,0.007886
1,-1,2,0.95,0.3,-1,-1,0.8,0.8,0.779406,0.003688
1,-1,2,0.95,0.3,-1,-1,0.85,0.85,0.798939,0.002097
1,-1,2,0.95,0.3,-1,-1,0.9,0.9,0.820122,0.001207
1,-1,2,0.95,0.3,-1,-1,0.95,0.95,0.843644,0.000571
1,-1,2,0.95,0.3,-1,-1,1.0,1.0,0.903618,0.00038
1,-1,2,1.0,0.3,-1,-1,0.05,0.05,0.451368,0.164936
1,-1,2,1.0,0.3,-1,-1,0.1,0.1,0.45337,0.157349
1,-1,2,1.0,0.3,-1,-1,0.15,0.15,0.458376,0.147913
1,-1,2,1.0,0.3,-1,-1,0.2,0.2,0.465551,0.137904
1,-1,2,1.0,0.3,-1,-1,0.25,0.25,0.474895,0.126236
1,-1,2,1.0,0.3,-1,-1,0.3,0.3,0.490413,0.112401
1,-1,2,1.0,0.3,-1,-1,0.35,0.35,0.510269,0.099204
1,-1,2,1.0,0.3,-1,-1,0.4,0.4,0.534797,0.086389
1,-1,2,1.0,0.3,-1,-1,0.45,0.45,0.566,0.071917
1,-1,2,1.0,0.3,-1,-1,0.5,0.5,0.627738,0.051323
1,-1,2,1.0,0.3,-1,-1,0.55,0.55,0.668451,0.036915
1,-1,2,1.0,0.3,-1,-1,0.6,0.6,0.708998,0.025694
1,-1,2,1.0,0.3,-1,-1,0.65,0.65,0.749044,0.017788
1,-1,2,1.0,0.3,-1,-1,0.7,0.7,0.787922,0.011795
1,-1,2,1.0,0.3,-1,-1,0.75,0.75,0.81829,0.007523
1,-1,2,1.0,0.3,-1,-1,0.8,0.8,0.849326,0.003315
1,-1,2,1.0,0.3,-1,-1,0.85,0.85,0.873021,0.001721
1,-1,2,1.0,0.3,-1,-1,0.9,0.9,0.898716,0.000829
1,-1,2,1.0,0.3,-1,-1,0.95,0.95,0.92725,0.000191
1,-1,2,1.0,0.3,-1,-1,1.0,1.0,1.0,0.0
1,-1,2,0.35,0.35,-1,-1,0.05,0.05,0.48951,0.131789
1,-1,2,0.35,0.35,-1,-1,0.1,0.1,0.48951,0.131789
1,-1,2,0.35,0.35,-1,-1,0.15,0.15,0.48951,0.131789
1,-1,2,0.35,0.35,-1,-1,0.2,0.2,0.48951,0.131789
1,-1,2,0.35,0.35,-1,-1,0.25,0.25,0.48951,0.131789
1,-1,2,0.35,0.35,-1,-1,0.3,0.3,0.48951,0.131789
1,-1,2,0.35,0.35,-1,-1,0.35,0.35,0.48951,0.131789
1,-1,2,0.35,0.35,-1,-1,0.4,0.4,0.48951,0.131789
1,-1,2,0.35,0.35,-1,-1,0.45,0.45,0.48951,0.131789
1,-1,2,0.35,0.35,-1,-1,0.5,0.5,0.48951,0.131789
1,-1,2,0.35,0.35,-1,-1,0.55,0.55,0.48951,0.131789
1,-1,2,0.35,0.35,-1,-1,0.6,0.6,0.48951,0.131789
1,-1,2,0.35,0.35,-1,-1,0.65,0.65,0.48951,0.131789
1,-1,2,0.35,0.35,-1,-1,0.7,0.7,0.48951,0.131789
1,-1,2,0.35,0.35,-1,-1,0.75,0.75,0.48951,0.131789
1,-1,2,0.35,0.35,-1,-1,0.8,0.8,0.48951,0.131789
1,-1,2,0.35,0.35,-1,-1,0.85,0.85,0.48951,0.131789
1,-1,2,0.35,0.35,-1,-1,0.9,0.9,0.48951,0.131789
1,-1,2,0.35,0.35,-1,-1,0.95,0.95,0.48951,0.131789
1,-1,2,0.35,0.35,-1,-1,1.0,1.0,0.48951,0.131789
1,-1,2,0.4,0.35,-1,-1,0.05,0.05,0.489523,0.131344
1,-1,2,0.4,0.35,-1,-1,0.1,0.1,0.489677,0.130194
1,-1,2,0.4,0.35,-1,-1,0.15,0.15,0.490063,0.128764
1,-1,2,0.4,0.35,-1,-1,0.2,0.2,0.490615,0.127247
1,-1,2,0.4,0.35,-1,-1,0.25,0.25,0.491335,0.125478
1,-1,2,0.4,0.35,-1,-1,0.3,0.3,0.49253,0.123381
1,-1,2,0.4,0.35,-1,-1,0.35,0.35,0.494059,0.121381
1,-1,2,0.4,0.35,-1,-1,0.4,0.4,0.495948,0.119438
1,-1,2,0.4,0.35,-1,-1,0.45,0.45,0.498351,0.117244
1,-1,2,0.4,0.35,-1,-1,0.5,0.5,0.503105,0.114123
1,-1,2,0.4,0.35,-1,-1,0.55,0.55,0.50624,0.111939
1,-1,2,0.4,0.35,-1,-1,0.6,0.6,0.509363,0.110238
1,-1,2,0.4,0.35,-1,-1,0.65,0.65,0.512447,0.109039
1,-1,2,0.4,0.35,-1,-1,0.7,0.7,0.515441,0.108131
1,-1,2,0.4,0.35,-1,-1,0.75,0.75,0.51778,0.107483
1,-1,2,0.4,0.35,-1,-1,0.8,0.8,0.52017,0.106846
1,-1,2,0.4,0.35,-1,-1,0.85,0.85,0.521994,0.106604
1,-1,2,0.4,0.35,-1,-1,0.9,0.9,0.523973,0.106469
1,-1,2,0.4,0.35,-1,-1,0.95,0.95,0.52617,0.106372
1,-1,2,0.4,0.35,-1,-1,1.0,1.0,0.531773,0.106343
1,-1,2,0.45,0.35,-1,-1,0.05,0.05,0.489533,0.130926
1,-1,2,0.45,0.35,-1,-1,0.1,0.1,0.489813,0.128695
1,-1,2,0.45,0.35,-1,-1,0.15,0.15,0.490512,0.12592
1,-1,2,0.45,0.35,-1,-1,0.2,0.2,0.491513,0.122976
1,-1,2,0.45,0.35,-1,-1,0.25,0.25,0.492818,0.119544
1,-1,2,0.45,0.35,-1,-1,0.3,0.3,0.494984,0.115475
1,-1,2,0.45,0.35,-1,-1,0.35,0.35,0.497757,0.111593
1,-1,2,0.45,0.35,-1,-1,0.4,0.4,0.501181,0.107824
1,-1,2,0.45,0.35,-1,-1,0.45,0.45,0.505538,0.103567
1,-1,2,0.45,0.35,-1,-1,0.5,0.5,0.514157,0.09751
1,-1,2,0.45,0.35,-1,-1,0.55,0.55,0.519841,0.093272
1,-1,2,0.45,0.35,-1,-1,0.6,0.6,0.525502,0.089972
1,-1,2,0.45,0.35,-1,-1,0.65,0.65,0.531093,0.087647
1,-1,2,0.45,0.35,-1,-1,0.7,0.7,0.536521,0.085884
1,-1,2,0.45,0.35,-1,-1,0.75,0.75,0.540761,0.084628
1,-1,2,0.45,0.35,-1,-1,0.8,0.8,0.545094,0.08339
1,-1,2,0.45,0.35,-1,-1,0.85,0.85,0.548402,0.082921
1,-1,2,0.45,0.35,-1,-1,0.9,0.9,0.551989,0.082659
1,-1,2,0.45,0.35,-1,-1,0.95,0.95,0.555973,0.082471
1,-1,2,0.45,0.35,-1,-1,1.0,1.0,0.56613,0.082415
1,-1,2,0.5,0.35,-1,-1,0.05,0.05,0.489545,0.130668
1,-1,2,0.5,0.35,-1,-1,0.1,0.1,0.489968,0.127767
1,-1,2,0.5,0.35,-1,-1,0.15,0.15,0.491025,0.124159
1,-1,2,0.5,0.35,-1,-1,0.2,0.2,0.492539,0.120332
1,-1,2,0.5,0.35,-1,-1,0.25,0.25,0.494511,0.11587
1,-1,2,0.5,0.35,-1,-1,0.3,0.3,0.497787,0.110581
1,-1,2,0.5,0.35,-1,-1,0.35,0.35,0.501978,0.105534
1,-1,2,0.5,0.35,-1,-1,0.4,0.4,0.507156,0.100635
1,-1,2,0.5,0.35,-1,-1,0.45,0.45,0.513742,0.095101
1,-1,2,0.5,0.35,-1,-1,0.5,0.5,0.526774,0.087227
1,-1,2,0.5,0.35,-1,-1,0.55,0.55,0.535367,0.081718
1,-1,2,0.5,0.35,-1,-1,0.6,0.6,0.543926,0.077427
1,-1,2,0.5,0.35,-1,-1,0.65,0.65,0.552379,0.074404
1,-1,2,0.5,0.35,-1,-1,0.7,0.7,0.560585,0.072113
1,-1,2,0.5,0.35,-1,-1,0.75,0.75,0.566996,0.07048
1,-1,2,0.5,0.35,-1,-1,0.8,0.8,0.573547,0.068871
1,-1,2,0.5,0.35,-1,-1,0.85,0.85,0.578548,0.068261
1,-1,2,0.5,0.35,-1,-1,0.9,0.9,0.583972,0.06792
1,-1,2,0.5,0.35,-1,-1,0.95,0.95,0.589995,0.067676
1,-1,2,0.5,0.35,-1,-1,1.0,1.0,0.605351,0.067603
1,-1,2,0.55,0.35,-1,-1,0.05,0.05,0.489555,0.130402
1,-1,2,0.55,0.35,-1,-1,0.1,0.1,0.490099,0.126815
1,-1,2,0.55,0.35,-1,-1,0.15,0.15,0.491458,0.122353
1,-1,2,0.55,0.35,-1,-1,0.2,0.2,0.493406,0.11762
1,-1,2,0.55,0.35,-1,-1,0.25,0.25,0.495942,0.112103
1,-1,2,0.55,0.35,-1,-1,0.3,0.3,0.500155,0.105561
1,-1,2,0.55,0.35,-1,-1,0.35,0.35,0.505545,0.099321
1,-1,2,0.55,0.35,-1,-1,0.4,0.4,0.512204,0.093261
1,-1,2,0.55,0.35,-1,-1,0.45,0.45,0.520674,0.086418
1,-1,2,0.55,0.35,-1,-1,0.5,0.5,0.537434,0.07668
1,-1,2,0.55,0.35,-1,-1,0.55,0.55,0.548487,0.069867
1,-1,2,0.55,0.35,-1,-1,0.6,0.6,0.559494,0.064561
1,-1,2,0.55,0.35,-1,-1,0.65,0.65,0.570365,0.060823
1,-1,2,0.55,0.35,-1,-1,0.7,0.7,0.580919,0.057989
1,-1,2,0.55,0.35,-1,-1,0.75,0.75,0.589163,0.055969
1,-1,2,0.55,0.35,-1,-1,0.8,0.8,0.597589,0.05398
1,-1,2,0.55,0.35,-1,-1,0.85,0.85,0.604021,0.053226
1,-1,2,0.55,0.35,-1,-1,0.9,0.9,0.610997,0.052804
1,-1,2,0.55,0.35,-1,-1,0.95,0.95,0.618742,0.052502
1,-1,2,0.55,0.35,-1,-1,1.0,1.0,0.638492,0.052412
1,-1,2,0.6,0.35,-1,-1,0.05,0.05,0.489566,0.130203
1,-1,2,0.6,0.35,-1,-1,0.1,0.1,0.490234,0.126101
1,-1,2,0.6,0.35,-1,-1,0.15,0.15,0.491903,0.120999
1,-1,2,0.6,0.35,-1,-1,0.2,0.2,0.494296,0.115586
1,-1,2,0.6,0.35,-1,-1,0.25,0.25,0.497412,0.109277
1,-1,2,0.6,0.35,-1,-1,0.3,0.3,0.502588,0.101796
1,-1,2,0.6,0.35,-1,-1,0.35,0.35,0.50921,0.09466
1,-1,2,0.6,0.35,-1,-1,0.4,0.4,0.517391,0.087731
1,-1,2,0.6,0.35,-1,-1,0.45,0.45,0.527798,0.079905
1,-1,2,0.6,0.35,-1,-1,0.5,0.5,0.548388,0.06877
1,-1,2,0.6,0.35,-1,-1,0.55,0.55,0.561967,0.060979
1,-1,2,0.6,0.35,-1,-1,0.6,0.6,0.57549,0.054911
1,-1,2,0.6,0.35,-1,-1,0.65,0.65,0.588846,0.050636
1,-1,2,0.6,0.35,-1,-1,0.7,0.7,0.601813,0.047396
1,-1,2,0.6,0.35,-1,-1,0.75,0.75,0.611941,0.045086
1,-1,2,0.6,0.35,-1,-1,0.8,0.8,0.622292,0.042811
1,-1,2,0.6,0.35,-1,-1,0.85,0.85,0.630195,0.041949
1,-1,2,0.6,0.35,-1,-1,0.9,0.9,0.638765,0.041466
1,-1,2,0.6,0.35,-1,-1,0.95,0.95,0.648281,0.041121
1,-1,2,0.6,0.35,-1,-1,1.0,1.0,0.672545,0.041018
1,-1,2,0.65,0.35,-1,-1,0.05,0.05,0.489576,0.130064
1,-1,2,0.65,0.35,-1,-1,0.1,0.1,0.490367,0.125601
1,-1,2,0.65,0.35,-1,-1,0.15,0.15,0.492344,0.12005
1,-1,2,0.65,0.35,-1,-1,0.2,0.2,0.495178,0.114162
1,-1,2,0.65,0.35,-1,-1,0.25,0.25,0.498869,0.107299
1,-1,2,0.65,0.35,-1,-1,0.3,0.3,0.504999,0.099161
1,-1,2,0.65,0.35,-1,-1,0.35,0.35,0.512843,0.091398
1,-1,2,0.65,0.35,-1,-1,0.4,0.4,0.522532,0.083859
1,-1,2,0.65,0.35,-1,-1,0.45,0.45,0.534857,0.075346
1,-1,2,0.65,0.35,-1,-1,0.5,0.5,0.559245,0.063232
1,-1,2,0.65,0.35,-1,-1,0.55,0.55,0.575327,0.054757
1,-1,2,0.65,0.35,-1,-1,0.6,0.6,0.591344,0.048156
1,-1,2,0.65,0.35,-1,-1,0.65,0.65,0.607163,0.043506
1,-1,2,0.65,0.35,-1,-1,0.7,0.7,0.62252,0.03998
1,-1,2,0.65,0.35,-1,-1,0.75,0.75,0.634516,0.037467
1,-1,2,0.65,0.35,-1,-1,0.8,0.8,0.646776,0.034992
1,-1,2,0.65,0.35,-1,-1,0.85,0.85,0.656135,0.034055
1,-1,2,0.65,0.35,-1,-1,0.9,0.9,0.666285,0.03353
1,-1,2,0.65,0.35,-1,-1,0.95,0.95,0.677556,0.033154
1,-1,2,0.65,0.35,-1,-1,1.0,1.0,0.706294,0.033042
1,-1,2,0.7,0.35,-1,-1,0.05,0.05,0.489584,0.129905
1,-1,2,0.7,0.35,-1,-1,0.1,0.1,0.49047,0.12503
1,-1,2,0.7,0.35,-1,-1,0.15,0.15,0.492686,0.118967
1,-1,2,0.7,0.35,-1,-1,0.2,0.2,0.495862,0.112535
1,-1,2,0.7,0.35,-1,-1,0.25,0.25,0.499998,0.105039
1,-1,2,0.7,0.35,-1,-1,0.3,0.3,0.506867,0.096149
1,-1,2,0.7,0.35,-1,-1,0.35,0.35,0.515657,0.087669
1,-1,2,0.7,0.35,-1,-1,0.4,0.4,0.526515,0.079435
1,-1,2,0.7,0.35,-1,-1,0.45,0.45,0.540327,0.070136
1,-1,2,0.7,0.35,-1,-1,0.5,0.5,0.567656,0.056904
1,-1,2,0.7,0.35,-1,-1,0.55,0.55,0.585678,0.047646
1,-1,2,0.7,0.35,-1,-1,0.6,0.6,0.603626,0.040436
1,-1,2,0.7,0.35,-1,-1,0.65,0.65,0.621353,0.035356
1,-1,2,0.7,0.35,-1,-1,0.7,0.7,0.638563,0.031506
1,-1,2,0.7,0.35,-1,-1,0.75,0.75,0.652006,0.028761
1,-1,2,0.7,0.35,-1,-1,0.8,0.8,0.665744,0.026057
1,-1,2,0.7,0.35,-1,-1,0.85,0.85,0.676232,0.025033
1,-1,2,0.7,0.35,-1,-1,0.9,0.9,0.687607,0.02446
1,-1,2,0.7,0.35,-1,-1,0.95,0.95,0.700237,0.02405
1,-1,2,0.7,0.35,-1,-1,1.0,1.0,0.732441,0.023927
1,-1,2,0.75,0.35,-1,-1,0.05,0.05,0.489594,0.129805
1,-1,2,0.75,0.35,-1,-1,0.1,0.1,0.490604,0.124673
1,-1,2,0.75,0.35,-1,-1,0.15,0.15,0.493127,0.11829
1,-1,2,0.75,0.35,-1,-1,0.2,0.2,0.496745,0.111518
1,-1,2,0.75,0.35,-1,-1,0.25,0.25,0.501455,0.103626
1,-1,2,0.75,0.35,-1,-1,0.3,0.3,0.509279,0.094267
1,-1,2,0.75,0.35,-1,-1,0.35,0.35,0.519289,0.085339
1,-1,2,0.75,0.35,-1,-1,0.4,0.4,0.531656,0.07667
1,-1,2,0.75,0.35,-1,-1,0.45,0.45,0.547386,0.06688
1,-1,2,0.75,0.35,-1,-1,0.5,0.5,0.578512,0.052949
1,-1,2,0.75,0.35,-1,-1,0.55,0.55,0.599038,0.043202
1,-1,2,0.75,0.35,-1,-1,0.6,0.6,0.61948,0.035611
1,-1,2,0.75,0.35,-1,-1,0.65,0.65,0.639669,0.030263
1,-1,2,0.75,0.35,-1,-1,0.7,0.7,0.65927,0.026209
1,-1,2,0.75,0.35,-1,-1,0.75,0.75,0.67458,0.023319
1,-1,2,0.75,0.35,-1,-1,0.8,0.8,0.690227,0.020473
1,-1,2,0.75,0.35,-1,-1,0.85,0.85,0.702173,0.019394
1,-1,2,0.75,0.35,-1,-1,0.9,0.9,0.715127,0.018791
1,-1,2,0.75,0.35,-1,-1,0.95,0.95,0.729512,0.018359
1,-1,2,0.75,0.35,-1,-1,1.0,1.0,0.76619,0.01823
1,-1,2,0.8,0.35,-1,-1,0.05,0.05,0.489602,0.129646
1,-1,2,0.8,0.35,-1,-1,0.1,0.1,0.490708,0.124102
1,-1,2,0.8,0.35,-1,-1,0.15,0.15,0.493473,0.117206
1,-1,2,0.8,0.35,-1,-1,0.2,0.2,0.497436,0.109891
1,-1,2,0.8,0.35,-1,-1,0.25,0.25,0.502597,0.101365
1,-1,2,0.8,0.35,-1,-1,0.3,0.3,0.511169,0.091255
1,-1,2,0.8,0.35,-1,-1,0.35,0.35,0.522136,0.081611
1,-1,2,0.8,0.35,-1,-1,0.4,0.4,0.535685,0.072246
1,-1,2,0.8,0.35,-1,-1,0.45,0.45,0.55292,0.06167
1,-1,2,0.8,0.35,-1,-1,0.5,0.5,0.587021,0.046621
1,-1,2,0.8,0.35,-1,-1,0.55,0.55,0.609509,0.036091
1,-1,2,0.8,0.35,-1,-1,0.6,0.6,0.631906,0.027891
1,-1,2,0.8,0.35,-1,-1,0.65,0.65,0.654025,0.022114
1,-1,2,0.8,0.35,-1,-1,0.7,0.7,0.6755,0.017734
1,-1,2,0.8,0.35,-1,-1,0.75,0.75,0.692274,0.014613
1,-1,2,0.8,0.35,-1,-1,0.8,0.8,0.709417,0.011538
1,-1,2,0.8,0.35,-1,-1,0.85,0.85,0.722504,0.010373
1,-1,2,0.8,0.35,-1,-1,0.9,0.9,0.736697,0.009721
1,-1,2,0.8,0.35,-1,-1,0.95,0.95,0.752458,0.009255
1,-1,2,0.8,0.35,-1,-1,1.0,1.0,0.792642,0.009115
1,-1,2,0.85,0.35,-1,-1,0.05,0.05,0.489612,0.129573
1,-1,2,0.85,0.35,-1,-1,0.1,0.1,0.490833,0.12384
1,-1,2,0.85,0.35,-1,-1,0.15,0.15,0.493887,0.116709
1,-1,2,0.85,0.35,-1,-1,0.2,0.2,0.498263,0.109145
1,-1,2,0.85,0.35,-1,-1,0.25,0.25,0.503963,0.100329
1,-1,2,0.85,0.35,-1,-1,0.3,0.3,0.513428,0.089874
1,-1,2,0.85,0.35,-1,-1,0.35,0.35,0.52554,0.079902
1,-1,2,0.85,0.35,-1,-1,0.4,0.4,0.540502,0.070218
1,-1,2,0.85,0.35,-1,-1,0.45,0.45,0.559534,0.059282
1,-1,2,0.85,0.35,-1,-1,0.5,0.5,0.597193,0.04372
1,-1,2,0.85,0.35,-1,-1,0.55,0.55,0.622027,0.032832
1,-1,2,0.85,0.35,-1,-1,0.6,0.6,0.64676,0.024353
1,-1,2,0.85,0.35,-1,-1,0.65,0.65,0.671186,0.018379
1,-1,2,0.85,0.35,-1,-1,0.7,0.7,0.694901,0.01385
1,-1,2,0.85,0.35,-1,-1,0.75,0.75,0.713425,0.010622
1,-1,2,0.85,0.35,-1,-1,0.8,0.8,0.732356,0.007442
1,-1,2,0.85,0.35,-1,-1,0.85,0.85,0.746809,0.006238
1,-1,2,0.85,0.35,-1,-1,0.9,0.9,0.762483,0.005563
1,-1,2,0.85,0.35,-1,-1,0.95,0.95,0.779887,0.005081
1,-1,2,0.85,0.35,-1,-1,1.0,1.0,0.824263,0.004937
1,-1,2,0.9,0.35,-1,-1,0.05,0.05,0.489623,0.129526
1,-1,2,0.9,0.35,-1,-1,0.1,0.1,0.490976,0.123673
1,-1,2,0.9,0.35,-1,-1,0.15,0.15,0.49436,0.116393
1,-1,2,0.9,0.35,-1,-1,0.2,0.2,0.499209,0.108671
1,-1,2,0.9,0.35,-1,-1,0.25,0.25,0.505525,0.09967
1,-1,2,0.9,0.35,-1,-1,0.3,0.3,0.516013,0.088996
1,-1,2,0.9,0.35,-1,-1,0.35,0.35,0.529434,0.078814
1,-1,2,0.9,0.35,-1,-1,0.4,0.4,0.546013,0.068928
1,-1,2,0.9,0.35,-1,-1,0.45,0.45,0.567103,0.057762
1,-1,2,0.9,0.35,-1,-1,0.5,0.5,0.608831,0.041875
1,-1,2,0.9,0.35,-1,-1,0.55,0.55,0.63635,0.030758
1,-1,2,0.9,0.35,-1,-1,0.6,0.6,0.663756,0.022101
1,-1,2,0.9,0.35,-1,-1,0.65,0.65,0.690823,0.016002
1,-1,2,0.9,0.35,-1,-1,0.7,0.7,0.7171,0.011379
1,-1,2,0.9,0.35,-1,-1,0.75,0.75,0.737626,0.008083
1,-1,2,0.9,0.35,-1,-1,0.8,0.8,0.758603,0.004837
1,-1,2,0.9,0.35,-1,-1,0.85,0.85,0.774618,0.003607
1,-1,2,0.9,0.35,-1,-1,0.9,0.9,0.791986,0.002918
1,-1,2,0.9,0.35,-1,-1,0.95,0.95,0.811272,0.002427
1,-1,2,0.9,0.35,-1,-1,1.0,1.0,0.860444,0.002279
1,-1,2,0.95,0.35,-1,-1,0.05,0.05,0.489636,0.129493
1,-1,2,0.95,0.35,-1,-1,0.1,0.1,0.491147,0.123554
1,-1,2,0.95,0.35,-1,-1,0.15,0.15,0.494924,0.116168
1,-1,2,0.95,0.35,-1,-1,0.2,0.2,0.500338,0.108332
1,-1,2,0.95,0.35,-1,-1,0.25,0.25,0.507389,0.099199
1,-1,2,0.95,0.35,-1,-1,0.3,0.3,0.519098,0.088369
1,-1,2,0.95,0.35,-1,-1,0.35,0.35,0.534081,0.078038
1,-1,2,0.95,0.35,-1,-1,0.4,0.4,0.552589,0.068006
1,-1,2,0.95,0.35,-1,-1,0.45,0.45,0.576134,0.056677
1,-1,2,0.95,0.35,-1,-1,0.5,0.5,0.622719,0.040556
1,-1,2,0.95,0.35,-1,-1,0.55,0.55,0.653441,0.029277
1,-1,2,0.95,0.35,-1,-1,0.6,0.6,0.684036,0.020493
1,-1,2,0.95,0.35,-1,-1,0.65,0.65,0.714254,0.014304
1,-1,2,0.95,0.35,-1,-1,0.7,0.7,0.74359,0.009613
1,-1,2,0.95,0.35,-1,-1,0.75,0.75,0.766505,0.006269
1,-1,2,0.95,0.35,-1,-1,0.8,0.8,0.789924,0.002975
1,-1,2,0.95,0.35,-1,-1,0.85,0.85,0.807803,0.001727
1,-1,2,0.95,0.35,-1,-1,0.9,0.9,0.827192,0.001029
1,-1,2,0.95,0.35,-1,-1,0.95,0.95,0.848723,0.00053
1,-1,2,0.95,0.35,-1,-1,1.0,1.0,0.903618,0.00038
1,-1,2,1.0,0.35,-1,-1,0.05,0.05,0.489665,0.129487
1,-1,2,1.0,0.35,-1,-1,0.1,0.1,0.491528,0.12353
1,-1,2,1.0,0.35,-1,-1,0.15,0.15,0.496184,0.116122
1,-1,2,1.0,0.35,-1,-1,0.2,0.2,0.502858,0.108264
1,-1,2,1.0,0.35,-1,-1,0.25,0.25,0.51155,0.099105
1,-1,2,1.0,0.35,-1,-1,0.3,0.3,0.525985,0.088243
1,-1,2,1.0,0.35,-1,-1,0.35,0.35,0.544455,0.077882
1,-1,2,1.0,0.35,-1,-1,0.4,0.4,0.567271,0.067822
1,-1,2,1.0,0.35,-1,-1,0.45,0.45,0.596295,0.05646
1,-1,2,1.0,0.35,-1,-1,0.5,0.5,0.653723,0.040293
1,-1,2,1.0,0.35,-1,-1,0.55,0.55,0.691595,0.028981
1,-1,2,1.0,0.35,-1,-1,0.6,0.6,0.729312,0.020171
1,-1,2,1.0,0.35,-1,-1,0.65,0.65,0.766562,0.013965
1,-1,2,1.0,0.35,-1,-1,0.7,0.7,0.802726,0.00926
1,-1,2,1.0,0.35,-1,-1,0.75,0.75,0.830975,0.005906
1,-1,2,1.0,0.35,-1,-1,0.8,0.8,0.859844,0.002603
1,-1,2,1.0,0.35,-1,-1,0.85,0.85,0.881884,0.001351
1,-1,2,1.0,0.35,-1,-1,0.9,0.9,0.905787,0.000651
1,-1,2,1.0,0.35,-1,-1,0.95,0.95,0.932328,0.00015
1,-1,2,1.0,0.35,-1,-1,1.0,1.0,1.0,0.0
1,-1,2,0.4,0.4,-1,-1,0.05,0.05,0.531773,0.106343
1,-1,2,0.4,0.4,-1,-1,0.1,0.1,0.531773,0.106343
1,-1,2,0.4,0.4,-1,-1,0.15,0.15,0.531773,0.106343
1,-1,2,0.4,0.4,-1,-1,0.2,0.2,0.531773,0.106343
1,-1,2,0.4,0.4,-1,-1,0.25,0.25,0.531773,0.106343
1,-1,2,0.4,0.4,-1,-1,0.3,0.3,0.531773,0.106343
1,-1,2,0.4,0.4,-1,-1,0.35,0.35,0.531773,0.106343
1,-1,2,0.4,0.4,-1,-1,0.4,0.4,0.531773,0.106343
1,-1,2,0.4,0.4,-1,-1,0.45,0.45,0.531773,0.106343
1,-1,2,0.4,0.4,-1,-1,0.5,0.5,0.531773,0.106343
1,-1,2,0.4,0.4,-1,-1,0.55,0.55,0.531773,0.106343
1,-1,2,0.4,0.4,-1,-1,0.6,0.6,0.531773,0.106343
1,-1,2,0.4,0.4,-1,-1,0.65,0.65,0.531773,0.106343
1,-1,2,0.4,0.4,-1,-1,0.7,0.7,0.531773,0.106343
1,-1,2,0.4,0.4,-1,-1,0.75,0.75,0.531773,0.106343
1,-1,2,0.4,0.4,-1,-1,0.8,0.8,0.531773,0.106343
1,-1,2,0.4,0.4,-1,-1,0.85,0.85,0.531773,0.106343
1,-1,2,0.4,0.4,-1,-1,0.9,0.9,0.531773,0.106343
1,-1,2,0.4,0.4,-1,-1,0.95,0.95,0.531773,0.106343
1,-1,2,0.4,0.4,-1,-1,1.0,1.0,0.531773,0.106343
1,-1,2,0.45,0.4,-1,-1,0.05,0.05,0.531783,0.105925
1,-1,2,0.45,0.4,-1,-1,0.1,0.1,0.531909,0.104844
1,-1,2,0.45,0.4,-1,-1,0.15,0.15,0.532222,0.103499
1,-1,2,0.45,0.4,-1,-1,0.2,0.2,0.532671,0.102072
1,-1,2,0.45,0.4,-1,-1,0.25,0.25,0.533256,0.100409
1,-1,2,0.45,0.4,-1,-1,0.3,0.3,0.534228,0.098437
1,-1,2,0.45,0.4,-1,-1,0.35,0.35,0.535471,0.096556
1,-1,2,0.45,0.4,-1,-1,0.4,0.4,0.537006,0.094729
1,-1,2,0.45,0.4,-1,-1,0.45,0.45,0.53896,0.092666
1,-1,2,0.45,0.4,-1,-1,0.5,0.5,0.542825,0.089731
1,-1,2,0.45,0.4,-1,-1,0.55,0.55,0.545374,0.087677
1,-1,2,0.45,0.4,-1,-1,0.6,0.6,0.547912,0.086077
1,-1,2,0.45,0.4,-1,-1,0.65,0.65,0.550419,0.08495
1,-1,2,0.45,0.4,-1,-1,0.7,0.7,0.552853,0.084096
1,-1,2,0.45,0.4,-1,-1,0.75,0.75,0.554754,0.083487
1,-1,2,0.45,0.4,-1,-1,0.8,0.8,0.556697,0.082888
1,-1,2,0.45,0.4,-1,-1,0.85,0.85,0.558181,0.08266
1,-1,2,0.45,0.4,-1,-1,0.9,0.9,0.559789,0.082533
1,-1,2,0.45,0.4,-1,-1,0.95,0.95,0.561576,0.082442
1,-1,2,0.45,0.4,-1,-1,1.0,1.0,0.56613,0.082415
1,-1,2,0.5,0.4,-1,-1,0.05,0.05,0.531795,0.105666
1,-1,2,0.5,0.4,-1,-1,0.1,0.1,0.532064,0.103915
1,-1,2,0.5,0.4,-1,-1,0.15,0.15,0.532735,0.101738
1,-1,2,0.5,0.4,-1,-1,0.2,0.2,0.533697,0.099428
1,-1,2,0.5,0.4,-1,-1,0.25,0.25,0.53495,0.096735
1,-1,2,0.5,0.4,-1,-1,0.3,0.3,0.53703,0.093542
1,-1,2,0.5,0.4,-1,-1,0.35,0.35,0.539692,0.090497
1,-1,2,0.5,0.4,-1,-1,0.4,0.4,0.542981,0.087539
1,-1,2,0.5,0.4,-1,-1,0.45,0.45,0.547164,0.0842
1,-1,2,0.5,0.4,-1,-1,0.5,0.5,0.555441,0.079447
1,-1,2,0.5,0.4,-1,-1,0.55,0.55,0.5609,0.076122
1,-1,2,0.5,0.4,-1,-1,0.6,0.6,0.566336,0.073532
1,-1,2,0.5,0.4,-1,-1,0.65,0.65,0.571705,0.071708
1,-1,2,0.5,0.4,-1,-1,0.7,0.7,0.576918,0.070325
1,-1,2,0.5,0.4,-1,-1,0.75,0.75,0.580989,0.069339
1,-1,2,0.5,0.4,-1,-1,0.8,0.8,0.58515,0.068368
1,-1,2,0.5,0.4,-1,-1,0.85,0.85,0.588327,0.068
1,-1,2,0.5,0.4,-1,-1,0.9,0.9,0.591772,0.067794
1,-1,2,0.5,0.4,-1,-1,0.95,0.95,0.595597,0.067647
1,-1,2,0.5,0.4,-1,-1,1.0,1.0,0.605351,0.067603
1,-1,2,0.55,0.4,-1,-1,0.05,0.05,0.531805,0.105401
1,-1,2,0.55,0.4,-1,-1,0.1,0.1,0.532195,0.102963
1,-1,2,0.55,0.4,-1,-1,0.15,0.15,0.533168,0.099932
1,-1,2,0.55,0.4,-1,-1,0.2,0.2,0.534563,0.096716
1,-1,2,0.55,0.4,-1,-1,0.25,0.25,0.53638,0.092968
1,-1,2,0.55,0.4,-1,-1,0.3,0.3,0.539398,0.088523
1,-1,2,0.55,0.4,-1,-1,0.35,0.35,0.543259,0.084283
1,-1,2,0.55,0.4,-1,-1,0.4,0.4,0.548029,0.080166
1,-1,2,0.55,0.4,-1,-1,0.45,0.45,0.554097,0.075517
1,-1,2,0.55,0.4,-1,-1,0.5,0.5,0.566102,0.068901
1,-1,2,0.55,0.4,-1,-1,0.55,0.55,0.574019,0.064271
1,-1,2,0.55,0.4,-1,-1,0.6,0.6,0.581904,0.060667
1,-1,2,0.55,0.4,-1,-1,0.65,0.65,0.589691,0.058127
1,-1,2,0.55,0.4,-1,-1,0.7,0.7,0.597252,0.056201
1,-1,2,0.55,0.4,-1,-1,0.75,0.75,0.603157,0.054829
1,-1,2,0.55,0.4,-1,-1,0.8,0.8,0.609192,0.053477
1,-1,2,0.55,0.4,-1,-1,0.85,0.85,0.6138,0.052965
1,-1,2,0.55,0.4,-1,-1,0.9,0.9,0.618796,0.052678
1,-1,2,0.55,0.4,-1,-1,0.95,0.95,0.624345,0.052473
1,-1,2,0.55,0.4,-1,-1,1.0,1.0,0.638492,0.052412
1,-1,2,0.6,0.4,-1,-1,0.05,0.05,0.531816,0.105202
1,-1,2,0.6,0.4,-1,-1,0.1,0.1,0.532329,0.102249
1,-1,2,0.6,0.4,-1,-1,0.15,0.15,0.533613,0.098577
1,-1,2,0.6,0.4,-1,-1,0.2,0.2,0.535454,0.094682
1,-1,2,0.6,0.4,-1,-1,0.25,0.25,0.537851,0.090142
1,-1,2,0.6,0.4,-1,-1,0.3,0.3,0.541831,0.084758
1,-1,2,0.6,0.4,-1,-1,0.35,0.35,0.546924,0.079623
1,-1,2,0.6,0.4,-1,-1,0.4,0.4,0.553216,0.074636
1,-1,2,0.6,0.4,-1,-1,0.45,0.45,0.56122,0.069004
1,-1,2,0.6,0.4,-1,-1,0.5,0.5,0.577056,0.06099
1,-1,2,0.6,0.4,-1,-1,0.55,0.55,0.5875,0.055383
1,-1,2,0.6,0.4,-1,-1,0.6,0.6,0.5979,0.051016
1,-1,2,0.6,0.4,-1,-1,0.65,0.65,0.608172,0.04794
1,-1,2,0.6,0.4,-1,-1,0.7,0.7,0.618145,0.045608
1,-1,2,0.6,0.4,-1,-1,0.75,0.75,0.625935,0.043946
1,-1,2,0.6,0.4,-1,-1,0.8,0.8,0.633896,0.042308
1,-1,2,0.6,0.4,-1,-1,0.85,0.85,0.639974,0.041688
1,-1,2,0.6,0.4,-1,-1,0.9,0.9,0.646565,0.041341
1,-1,2,0.6,0.4,-1,-1,0.95,0.95,0.653884,0.041092
1,-1,2,0.6,0.4,-1,-1,1.0,1.0,0.672545,0.041018
1,-1,2,0.65,0.4,-1,-1,0.05,0.05,0.531826,0.105062
1,-1,2,0.65,0.4,-1,-1,0.1,0.1,0.532463,0.10175
1,-1,2,0.65,0.4,-1,-1,0.15,0.15,0.534055,0.097629
1,-1,2,0.65,0.4,-1,-1,0.2,0.2,0.536336,0.093258
1,-1,2,0.65,0.4,-1,-1,0.25,0.25,0.539308,0.088164
1,-1,2,0.65,0.4,-1,-1,0.3,0.3,0.544243,0.082123
1,-1,2,0.65,0.4,-1,-1,0.35,0.35,0.550557,0.07636
1,-1,2,0.65,0.4,-1,-1,0.4,0.4,0.558357,0.070764
1,-1,2,0.65,0.4,-1,-1,0.45,0.45,0.56828,0.064445
1,-1,2,0.65,0.4,-1,-1,0.5,0.5,0.587913,0.055453
1,-1,2,0.65,0.4,-1,-1,0.55,0.55,0.60086,0.049161
1,-1,2,0.65,0.4,-1,-1,0.6,0.6,0.613754,0.044261
1,-1,2,0.65,0.4,-1,-1,0.65,0.65,0.626489,0.040809
1,-1,2,0.65,0.4,-1,-1,0.7,0.7,0.638852,0.038192
1,-1,2,0.65,0.4,-1,-1,0.75,0.75,0.648509,0.036327
1,-1,2,0.65,0.4,-1,-1,0.8,0.8,0.658379,0.03449
1,-1,2,0.65,0.4,-1,-1,0.85,0.85,0.665914,0.033794
1,-1,2,0.65,0.4,-1,-1,0.9,0.9,0.674085,0.033404
1,-1,2,0.65,0.4,-1,-1,0.95,0.95,0.683159,0.033125
1,-1,2,0.65,0.4,-1,-1,1.0,1.0,0.706294,0.033042
1,-1,2,0.7,0.4,-1,-1,0.05,0.05,0.531834,0.104903
1,-1,2,0.7,0.4,-1,-1,0.1,0.1,0.532566,0.101178
1,-1,2,0.7,0.4,-1,-1,0.15,0.15,0.534397,0.096546
1,-1,2,0.7,0.4,-1,-1,0.2,0.2,0.53702,0.091631
1,-1,2,0.7,0.4,-1,-1,0.25,0.25,0.540437,0.085903
1,-1,2,0.7,0.4,-1,-1,0.3,0.3,0.546111,0.079111
1,-1,2,0.7,0.4,-1,-1,0.35,0.35,0.553371,0.072632
1,-1,2,0.7,0.4,-1,-1,0.4,0.4,0.56234,0.06634
1,-1,2,0.7,0.4,-1,-1,0.45,0.45,0.573749,0.059235
1,-1,2,0.7,0.4,-1,-1,0.5,0.5,0.596323,0.049124
1,-1,2,0.7,0.4,-1,-1,0.55,0.55,0.61121,0.04205
1,-1,2,0.7,0.4,-1,-1,0.6,0.6,0.626036,0.036541
1,-1,2,0.7,0.4,-1,-1,0.65,0.65,0.640679,0.03266
1,-1,2,0.7,0.4,-1,-1,0.7,0.7,0.654895,0.029718
1,-1,2,0.7,0.4,-1,-1,0.75,0.75,0.665999,0.027621
1,-1,2,0.7,0.4,-1,-1,0.8,0.8,0.677347,0.025555
1,-1,2,0.7,0.4,-1,-1,0.85,0.85,0.686011,0.024772
1,-1,2,0.7,0.4,-1,-1,0.9,0.9,0.695407,0.024334
1,-1,2,0.7,0.4,-1,-1,0.95,0.95,0.70584,0.024021
1,-1,2,0.7,0.4,-1,-1,1.0,1.0,0.732441,0.023927
1,-1,2,0.75,0.4,-1,-1,0.05,0.05,0.531844,0.104804
1,-1,2,0.75,0.4,-1,-1,0.1,0.1,0.5327,0.100821
1,-1,2,0.75,0.4,-1,-1,0.15,0.15,0.534838,0.095868
1,-1,2,0.75,0.4,-1,-1,0.2,0.2,0.537903,0.090614
1,-1,2,0.75,0.4,-1,-1,0.25,0.25,0.541894,0.08449
1,-1,2,0.75,0.4,-1,-1,0.3,0.3,0.548522,0.077229
1,-1,2,0.75,0.4,-1,-1,0.35,0.35,0.557004,0.070301
1,-1,2,0.75,0.4,-1,-1,0.4,0.4,0.567481,0.063575
1,-1,2,0.75,0.4,-1,-1,0.45,0.45,0.580809,0.055978
1,-1,2,0.75,0.4,-1,-1,0.5,0.5,0.60718,0.045169
1,-1,2,0.75,0.4,-1,-1,0.55,0.55,0.62457,0.037606
1,-1,2,0.75,0.4,-1,-1,0.6,0.6,0.64189,0.031716
1,-1,2,0.75,0.4,-1,-1,0.65,0.65,0.658995,0.027567
1,-1,2,0.75,0.4,-1,-1,0.7,0.7,0.675602,0.024421
1,-1,2,0.75,0.4,-1,-1,0.75,0.75,0.688574,0.022179
1,-1,2,0.75,0.4,-1,-1,0.8,0.8,0.70183,0.01997
1,-1,2,0.75,0.4,-1,-1,0.85,0.85,0.711951,0.019134
1,-1,2,0.75,0.4,-1,-1,0.9,0.9,0.722927,0.018665
1,-1,2,0.75,0.4,-1,-1,0.95,0.95,0.735115,0.01833
1,-1,2,0.75,0.4,-1,-1,1.0,1.0,0.76619,0.01823
1,-1,2,0.8,0.4,-1,-1,0.05,0.05,0.531852,0.104644
1,-1,2,0.8,0.4,-1,-1,0.1,0.1,0.532804,0.10025
1,-1,2,0.8,0.4,-1,-1,0.15,0.15,0.535184,0.094785
1,-1,2,0.8,0.4,-1,-1,0.2,0.2,0.538594,0.088987
1,-1,2,0.8,0.4,-1,-1,0.25,0.25,0.543036,0.08223
1,-1,2,0.8,0.4,-1,-1,0.3,0.3,0.550412,0.074217
1,-1,2,0.8,0.4,-1,-1,0.35,0.35,0.559851,0.066573
1,-1,2,0.8,0.4,-1,-1,0.4,0.4,0.57151,0.059151
1,-1,2,0.8,0.4,-1,-1,0.45,0.45,0.586342,0.050768
1,-1,2,0.8,0.4,-1,-1,0.5,0.5,0.615689,0.038841
1,-1,2,0.8,0.4,-1,-1,0.55,0.55,0.635042,0.030496
1,-1,2,0.8,0.4,-1,-1,0.6,0.6,0.654316,0.023996
1,-1,2,0.8,0.4,-1,-1,0.65,0.65,0.673351,0.019418
1,-1,2,0.8,0.4,-1,-1,0.7,0.7,0.691832,0.015946
1,-1,2,0.8,0.4,-1,-1,0.75,0.75,0.706267,0.013472
1,-1,2,0.8,0.4,-1,-1,0.8,0.8,0.72102,0.011035
1,-1,2,0.8,0.4,-1,-1,0.85,0.85,0.732283,0.010112
1,-1,2,0.8,0.4,-1,-1,0.9,0.9,0.744497,0.009595
1,-1,2,0.8,0.4,-1,-1,0.95,0.95,0.75806,0.009226
1,-1,2,0.8,0.4,-1,-1,1.0,1.0,0.792642,0.009115
1,-1,2,0.85,0.4,-1,-1,0.05,0.05,0.531862,0.104571
1,-1,2,0.85,0.4,-1,-1,0.1,0.1,0.532929,0.099988
1,-1,2,0.85,0.4,-1,-1,0.15,0.15,0.535597,0.094288
1,-1,2,0.85,0.4,-1,-1,0.2,0.2,0.539421,0.088242
1,-1,2,0.85,0.4,-1,-1,0.25,0.25,0.544401,0.081194
1,-1,2,0.85,0.4,-1,-1,0.3,0.3,0.552671,0.072836
1,-1,2,0.85,0.4,-1,-1,0.35,0.35,0.563254,0.064864
1,-1,2,0.85,0.4,-1,-1,0.4,0.4,0.576327,0.057123
1,-1,2,0.85,0.4,-1,-1,0.45,0.45,0.592957,0.04838
1,-1,2,0.85,0.4,-1,-1,0.5,0.5,0.625861,0.03594
1,-1,2,0.85,0.4,-1,-1,0.55,0.55,0.64756,0.027236
1,-1,2,0.85,0.4,-1,-1,0.6,0.6,0.66917,0.020458
1,-1,2,0.85,0.4,-1,-1,0.65,0.65,0.690513,0.015682
1,-1,2,0.85,0.4,-1,-1,0.7,0.7,0.711233,0.012062
1,-1,2,0.85,0.4,-1,-1,0.75,0.75,0.727418,0.009482
1,-1,2,0.85,0.4,-1,-1,0.8,0.8,0.743959,0.00694
1,-1,2,0.85,0.4,-1,-1,0.85,0.85,0.756588,0.005977
1,-1,2,0.85,0.4,-1,-1,0.9,0.9,0.770283,0.005438
1,-1,2,0.85,0.4,-1,-1,0.95,0.95,0.78549,0.005053
1,-1,2,0.85,0.4,-1,-1,1.0,1.0,0.824263,0.004937
1,-1,2,0.9,0.4,-1,-1,0.05,0.05,0.531873,0.104525
1,-1,2,0.9,0.4,-1,-1,0.1,0.1,0.533072,0.099822
1,-1,2,0.9,0.4,-1,-1,0.15,0.15,0.53607,0.093972
1,-1,2,0.9,0.4,-1,-1,0.2,0.2,0.540367,0.087767
1,-1,2,0.9,0.4,-1,-1,0.25,0.25,0.545963,0.080535
1,-1,2,0.9,0.4,-1,-1,0.3,0.3,0.555257,0.071958
1,-1,2,0.9,0.4,-1,-1,0.35,0.35,0.567148,0.063777
1,-1,2,0.9,0.4,-1,-1,0.4,0.4,0.581838,0.055833
1,-1,2,0.9,0.4,-1,-1,0.45,0.45,0.600525,0.046861
1,-1,2,0.9,0.4,-1,-1,0.5,0.5,0.637499,0.034095
1,-1,2,0.9,0.4,-1,-1,0.55,0.55,0.661882,0.025163
1,-1,2,0.9,0.4,-1,-1,0.6,0.6,0.686166,0.018207
1,-1,2,0.9,0.4,-1,-1,0.65,0.65,0.710149,0.013306
1,-1,2,0.9,0.4,-1,-1,0.7,0.7,0.733432,0.009591
1,-1,2,0.9,0.4,-1,-1,0.75,0.75,0.75162,0.006943
1,-1,2,0.9,0.4,-1,-1,0.8,0.8,0.770207,0.004334
1,-1,2,0.9,0.4,-1,-1,0.85,0.85,0.784397,0.003346
1,-1,2,0.9,0.4,-1,-1,0.9,0.9,0.799786,0.002793
1,-1,2,0.9,0.4,-1,-1,0.95,0.95,0.816874,0.002398
1,-1,2,0.9,0.4,-1,-1,1.0,1.0,0.860444,0.002279
1,-1,2,0.95,0.4,-1,-1,0.05,0.05,0.531886,0.104492
1,-1,2,0.95,0.4,-1,-1,0.1,0.1,0.533243,0.099703
1,-1,2,0.95,0.4,-1,-1,0.15,0.15,0.536635,0.093747
1,-1,2,0.95,0.4,-1,-1,0.2,0.2,0.541496,0.087428
1,-1,2,0.95,0.4,-1,-1,0.25,0.25,0.547827,0.080064
1,-1,2,0.95,0.4,-1,-1,0.3,0.3,0.558341,0.07133
1,-1,2,0.95,0.4,-1,-1,0.35,0.35,0.571795,0.063
1,-1,2,0.95,0.4,-1,-1,0.4,0.4,0.588415,0.054911
1,-1,2,0.95,0.4,-1,-1,0.45,0.45,0.609556,0.045776
1,-1,2,0.95,0.4,-1,-1,0.5,0.5,0.651387,0.032777
1,-1,2,0.95,0.4,-1,-1,0.55,0.55,0.678973,0.023681
1,-1,2,0.95,0.4,-1,-1,0.6,0.6,0.706446,0.016598
1,-1,2,0.95,0.4,-1,-1,0.65,0.65,0.73358,0.011608
1,-1,2,0.95,0.4,-1,-1,0.7,0.7,0.759922,0.007825
1,-1,2,0.95,0.4,-1,-1,0.75,0.75,0.780499,0.005129
1,-1,2,0.95,0.4,-1,-1,0.8,0.8,0.801527,0.002473
1,-1,2,0.95,0.4,-1,-1,0.85,0.85,0.817582,0.001467
1,-1,2,0.95,0.4,-1,-1,0.9,0.9,0.834992,0.000903
1,-1,2,0.95,0.4,-1,-1,0.95,0.95,0.854325,0.000501
1,-1,2,0.95,0.4,-1,-1,1.0,1.0,0.903618,0.00038
1,-1,2,1.0,0.4,-1,-1,0.05,0.05,0.531915,0.104485
1,-1,2,1.0,0.4,-1,-1,0.1,0.1,0.533624,0.099679
1,-1,2,1.0,0.4,-1,-1,0.15,0.15,0.537895,0.093701
1,-1,2,1.0,0.4,-1,-1,0.2,0.2,0.544016,0.08736
1,-1,2,1.0,0.4,-1,-1,0.25,0.25,0.551988,0.079969
1,-1,2,1.0,0.4,-1,-1,0.3,0.3,0.565228,0.071205
1,-1,2,1.0,0.4,-1,-1,0.35,0.35,0.582169,0.062845
1,-1,2,1.0,0.4,-1,-1,0.4,0.4,0.603096,0.054726
1,-1,2,1.0,0.4,-1,-1,0.45,0.45,0.629718,0.045558
1,-1,2,1.0,0.4,-1,-1,0.5,0.5,0.682391,0.032513
1,-1,2,1.0,0.4,-1,-1,0.55,0.55,0.717128,0.023385
1,-1,2,1.0,0.4,-1,-1,0.6,0.6,0.751722,0.016277
1,-1,2,1.0,0.4,-1,-1,0.65,0.65,0.785888,0.011268
1,-1,2,1.0,0.4,-1,-1,0.7,0.7,0.819058,0.007472
1,-1,2,1.0,0.4,-1,-1,0.75,0.75,0.844968,0.004766
1,-1,2,1.0,0.4,-1,-1,0.8,0.8,0.871447,0.0021
1,-1,2,1.0,0.4,-1,-1,0.85,0.85,0.891663,0.00109
1,-1,2,1.0,0.4,-1,-1,0.9,0.9,0.913586,0.000525
1,-1,2,1.0,0.4,-1,-1,0.95,0.95,0.93793,0.000121
1,-1,2,1.0,0.4,-1,-1,1.0,1.0,1.0,0.0
1,-1,2,0.45,0.45,-1,-1,0.05,0.05,0.56613,0.082415
1,-1,2,0.45,0.45,-1,-1,0.1,0.1,0.56613,0.082415
1,-1,2,0.45,0.45,-1,-1,0.15,0.15,0.56613,0.082415
1,-1,2,0.45,0.45,-1,-1,0.2,0.2,0.56613,0.082415
1,-1,2,0.45,0.45,-1,-1,0.25,0.25,0.56613,0.082415
1,-1,2,0.45,0.45,-1,-1,0.3,0.3,0.56613,0.082415
1,-1,2,0.45,0.45,-1,-1,0.35,0.35,0.56613,0.082415
1,-1,2,0.45,0.45,-1,-1,0.4,0.4,0.56613,0.082415
1,-1,2,0.45,0.45,-1,-1,0.45,0.45,0.56613,0.082415
1,-1,2,0.45,0.45,-1,-1,0.5,0.5,0.56613,0.082415
1,-1,2,0.45,0.45,-1,-1,0.55,0.55,0.56613,0.082415
1,-1,2,0.45,0.45,-1,-1,0.6,0.6,0.56613,0.082415
1,-1,2,0.45,0.45,-1,-1,0.65,0.65,0.56613,0.082415
1,-1,2,0.45,0.45,-1,-1,0.7,0.7,0.56613,0.082415
1,-1,2,0.45,0.45,-1,-1,0.75,0.75,0.56613,0.082415
1,-1,2,0.45,0.45,-1,-1,0.8,0.8,0.56613,0.082415
1,-1,2,0.45,0.45,-1,-1,0.85,0.85,0.56613,0.082415
1,-1,2,0.45,0.45,-1,-1,0.9,0.9,0.56613,0.082415
1,-1,2,0.45,0.45,-1,-1,0.95,0.95,0.56613,0.082415
1,-1,2,0.45,0.45,-1,-1,1.0,1.0,0.56613,0.082415
1,-1,2,0.5,0.45,-1,-1,0.05,0.05,0.566142,0.082156
1,-1,2,0.5,0.45,-1,-1,0.1,0.1,0.566285,0.081487
1,-1,2,0.5,0.45,-1,-1,0.15,0.15,0.566643,0.080654
1,-1,2,0.5,0.45,-1,-1,0.2,0.2,0.567156,0.079771
1,-1,2,0.5,0.45,-1,-1,0.25,0.25,0.567823,0.078742
1,-1,2,0.5,0.45,-1,-1,0.3,0.3,0.568932,0.077521
1,-1,2,0.5,0.45,-1,-1,0.35,0.35,0.570351,0.076356
1,-1,2,0.5,0.45,-1,-1,0.4,0.4,0.572104,0.075226
1,-1,2,0.5,0.45,-1,-1,0.45,0.45,0.574334,0.073949
1,-1,2,0.5,0.45,-1,-1,0.5,0.5,0.578747,0.072132
1,-1,2,0.5,0.45,-1,-1,0.55,0.55,0.581656,0.07086
1,-1,2,0.5,0.45,-1,-1,0.6,0.6,0.584554,0.06987
1,-1,2,0.5,0.45,-1,-1,0.65,0.65,0.587416,0.069173
1,-1,2,0.5,0.45,-1,-1,0.7,0.7,0.590194,0.068644
1,-1,2,0.5,0.45,-1,-1,0.75,0.75,0.592365,0.068267
1,-1,2,0.5,0.45,-1,-1,0.8,0.8,0.594583,0.067896
1,-1,2,0.5,0.45,-1,-1,0.85,0.85,0.596276,0.067755
1,-1,2,0.5,0.45,-1,-1,0.9,0.9,0.598113,0.067676
1,-1,2,0.5,0.45,-1,-1,0.95,0.95,0.600152,0.06762
1,-1,2,0.5,0.45,-1,-1,1.0,1.0,0.605351,0.067603
1,-1,2,0.55,0.45,-1,-1,0.05,0.05,0.566152,0.081891
1,-1,2,0.55,0.45,-1,-1,0.1,0.1,0.566416,0.080535
1,-1,2,0.55,0.45,-1,-1,0.15,0.15,0.567076,0.078848
1,-1,2,0.55,0.45,-1,-1,0.2,0.2,0.568022,0.077059
1,-1,2,0.55,0.45,-1,-1,0.25,0.25,0.569254,0.074974
1,-1,2,0.55,0.45,-1,-1,0.3,0.3,0.5713,0.072501
1,-1,2,0.55,0.45,-1,-1,0.35,0.35,0.573918,0.070143
1,-1,2,0.55,0.45,-1,-1,0.4,0.4,0.577153,0.067852
1,-1,2,0.55,0.45,-1,-1,0.45,0.45,0.581267,0.065266
1,-1,2,0.55,0.45,-1,-1,0.5,0.5,0.589407,0.061585
1,-1,2,0.55,0.45,-1,-1,0.55,0.55,0.594776,0.05901
1,-1,2,0.55,0.45,-1,-1,0.6,0.6,0.600122,0.057004
1,-1,2,0.55,0.45,-1,-1,0.65,0.65,0.605402,0.055591
1,-1,2,0.55,0.45,-1,-1,0.7,0.7,0.610528,0.05452
1,-1,2,0.55,0.45,-1,-1,0.75,0.75,0.614533,0.053757
1,-1,2,0.55,0.45,-1,-1,0.8,0.8,0.618625,0.053005
1,-1,2,0.55,0.45,-1,-1,0.85,0.85,0.621749,0.05272
1,-1,2,0.55,0.45,-1,-1,0.9,0.9,0.625137,0.05256
1,-1,2,0.55,0.45,-1,-1,0.95,0.95,0.628899,0.052446
1,-1,2,0.55,0.45,-1,-1,1.0,1.0,0.638492,0.052412
1,-1,2,0.6,0.45,-1,-1,0.05,0.05,0.566162,0.081692
1,-1,2,0.6,0.45,-1,-1,0.1,0.1,0.566551,0.079821
1,-1,2,0.6,0.45,-1,-1,0.15,0.15,0.567521,0.077494
1,-1,2,0.6,0.45,-1,-1,0.2,0.2,0.568913,0.075025
1,-1,2,0.6,0.45,-1,-1,0.25,0.25,0.570724,0.072148
1,-1,2,0.6,0.45,-1,-1,0.3,0.3,0.573733,0.068737
1,-1,2,0.6,0.45,-1,-1,0.35,0.35,0.577584,0.065482
1,-1,2,0.6,0.45,-1,-1,0.4,0.4,0.58234,0.062322
1,-1,2,0.6,0.45,-1,-1,0.45,0.45,0.58839,0.058753
1,-1,2,0.6,0.45,-1,-1,0.5,0.5,0.600361,0.053675
1,-1,2,0.6,0.45,-1,-1,0.55,0.55,0.608256,0.050121
1,-1,2,0.6,0.45,-1,-1,0.6,0.6,0.616118,0.047354
1,-1,2,0.6,0.45,-1,-1,0.65,0.65,0.623883,0.045405
1,-1,2,0.6,0.45,-1,-1,0.7,0.7,0.631422,0.043927
1,-1,2,0.6,0.45,-1,-1,0.75,0.75,0.637311,0.042873
1,-1,2,0.6,0.45,-1,-1,0.8,0.8,0.643329,0.041836
1,-1,2,0.6,0.45,-1,-1,0.85,0.85,0.647923,0.041442
1,-1,2,0.6,0.45,-1,-1,0.9,0.9,0.652906,0.041222
1,-1,2,0.6,0.45,-1,-1,0.95,0.95,0.658438,0.041065
1,-1,2,0.6,0.45,-1,-1,1.0,1.0,0.672545,0.041018
1,-1,2,0.65,0.45,-1,-1,0.05,0.05,0.566173,0.081552
1,-1,2,0.65,0.45,-1,-1,0.1,0.1,0.566684,0.079321
1,-1,2,0.65,0.45,-1,-1,0.15,0.15,0.567963,0.076546
1,-1,2,0.65,0.45,-1,-1,0.2,0.2,0.569795,0.073602
1,-1,2,0.65,0.45,-1,-1,0.25,0.25,0.572181,0.07017
1,-1,2,0.65,0.45,-1,-1,0.3,0.3,0.576145,0.066101
1,-1,2,0.65,0.45,-1,-1,0.35,0.35,0.581216,0.06222
1,-1,2,0.65,0.45,-1,-1,0.4,0.4,0.587481,0.05845
1,-1,2,0.65,0.45,-1,-1,0.45,0.45,0.59545,0.054194
1,-1,2,0.65,0.45,-1,-1,0.5,0.5,0.611218,0.048137
1,-1,2,0.65,0.45,-1,-1,0.55,0.55,0.621616,0.043899
1,-1,2,0.65,0.45,-1,-1,0.6,0.6,0.631972,0.040599
1,-1,2,0.65,0.45,-1,-1,0.65,0.65,0.6422,0.038274
1,-1,2,0.65,0.45,-1,-1,0.7,0.7,0.652129,0.036511
1,-1,2,0.65,0.45,-1,-1,0.75,0.75,0.659885,0.035255
1,-1,2,0.65,0.45,-1,-1,0.8,0.8,0.667812,0.034017
1,-1,2,0.65,0.45,-1,-1,0.85,0.85,0.673863,0.033548
1,-1,2,0.65,0.45,-1,-1,0.9,0.9,0.680426,0.033286
1,-1,2,0.65,0.45,-1,-1,0.95,0.95,0.687713,0.033098
1,-1,2,0.65,0.45,-1,-1,1.0,1.0,0.706294,0.033042
1,-1,2,0.7,0.45,-1,-1,0.05,0.05,0.566181,0.081393
1,-1,2,0.7,0.45,-1,-1,0.1,0.1,0.566787,0.07875
1,-1,2,0.7,0.45,-1,-1,0.15,0.15,0.568304,0.075462
1,-1,2,0.7,0.45,-1,-1,0.2,0.2,0.570479,0.071975
1,-1,2,0.7,0.45,-1,-1,0.25,0.25,0.57331,0.06791
1,-1,2,0.7,0.45,-1,-1,0.3,0.3,0.578013,0.063089
1,-1,2,0.7,0.45,-1,-1,0.35,0.35,0.58403,0.058491
1,-1,2,0.7,0.45,-1,-1,0.4,0.4,0.591463,0.054026
1,-1,2,0.7,0.45,-1,-1,0.45,0.45,0.600919,0.048984
1,-1,2,0.7,0.45,-1,-1,0.5,0.5,0.619629,0.041809
1,-1,2,0.7,0.45,-1,-1,0.55,0.55,0.631967,0.036789
1,-1,2,0.7,0.45,-1,-1,0.6,0.6,0.644254,0.032879
1,-1,2,0.7,0.45,-1,-1,0.65,0.65,0.65639,0.030125
1,-1,2,0.7,0.45,-1,-1,0.7,0.7,0.668172,0.028036
1,-1,2,0.7,0.45,-1,-1,0.75,0.75,0.677375,0.026548
1,-1,2,0.7,0.45,-1,-1,0.8,0.8,0.68678,0.025082
1,-1,2,0.7,0.45,-1,-1,0.85,0.85,0.69396,0.024527
1,-1,2,0.7,0.45,-1,-1,0.9,0.9,0.701747,0.024216
1,-1,2,0.7,0.45,-1,-1,0.95,0.95,0.710394,0.023994
1,-1,2,0.7,0.45,-1,-1,1.0,1.0,0.732441,0.023927
1,-1,2,0.75,0.45,-1,-1,0.05,0.05,0.566191,0.081294
1,-1,2,0.75,0.45,-1,-1,0.1,0.1,0.566921,0.078393
1,-1,2,0.75,0.45,-1,-1,0.15,0.15,0.568746,0.074785
1,-1,2,0.75,0.45,-1,-1,0.2,0.2,0.571361,0.070958
1,-1,2,0.75,0.45,-1,-1,0.25,0.25,0.574767,0.066497
1,-1,2,0.75,0.45,-1,-1,0.3,0.3,0.580424,0.061207
1,-1,2,0.75,0.45,-1,-1,0.35,0.35,0.587663,0.056161
1,-1,2,0.75,0.45,-1,-1,0.4,0.4,0.596604,0.051261
1,-1,2,0.75,0.45,-1,-1,0.45,0.45,0.607979,0.045727
1,-1,2,0.75,0.45,-1,-1,0.5,0.5,0.630485,0.037854
1,-1,2,0.75,0.45,-1,-1,0.55,0.55,0.645327,0.032344
1,-1,2,0.75,0.45,-1,-1,0.6,0.6,0.660108,0.028054
1,-1,2,0.75,0.45,-1,-1,0.65,0.65,0.674706,0.025031
1,-1,2,0.75,0.45,-1,-1,0.7,0.7,0.688879,0.02274
1,-1,2,0.75,0.45,-1,-1,0.75,0.75,0.699949,0.021107
1,-1,2,0.75,0.45,-1,-1,0.8,0.8,0.711263,0.019498
1,-1,2,0.75,0.45,-1,-1,0.85,0.85,0.719901,0.018888
1,-1,2,0.75,0.45,-1,-1,0.9,0.9,0.729268,0.018547
1,-1,2,0.75,0.45,-1,-1,0.95,0.95,0.739669,0.018303
1,-1,2,0.75,0.45,-1,-1,1.0,1.0,0.76619,0.01823
1,-1,2,0.8,0.45,-1,-1,0.05,0.05,0.566199,0.081134
1,-1,2,0.8,0.45,-1,-1,0.1,0.1,0.567025,0.077822
1,-1,2,0.8,0.45,-1,-1,0.15,0.15,0.569091,0.073701
1,-1,2,0.8,0.45,-1,-1,0.2,0.2,0.572053,0.069331
1,-1,2,0.8,0.45,-1,-1,0.25,0.25,0.575909,0.064236
1,-1,2,0.8,0.45,-1,-1,0.3,0.3,0.582314,0.058195
1,-1,2,0.8,0.45,-1,-1,0.35,0.35,0.59051,0.052432
1,-1,2,0.8,0.45,-1,-1,0.4,0.4,0.600634,0.046837
1,-1,2,0.8,0.45,-1,-1,0.45,0.45,0.613512,0.040517
1,-1,2,0.8,0.45,-1,-1,0.5,0.5,0.638994,0.031525
1,-1,2,0.8,0.45,-1,-1,0.55,0.55,0.655798,0.025234
1,-1,2,0.8,0.45,-1,-1,0.6,0.6,0.672534,0.020334
1,-1,2,0.8,0.45,-1,-1,0.65,0.65,0.689062,0.016882
1,-1,2,0.8,0.45,-1,-1,0.7,0.7,0.705109,0.014265
1,-1,2,0.8,0.45,-1,-1,0.75,0.75,0.717643,0.0124
1,-1,2,0.8,0.45,-1,-1,0.8,0.8,0.730453,0.010563
1,-1,2,0.8,0.45,-1,-1,0.85,0.85,0.740232,0.009867
1,-1,2,0.8,0.45,-1,-1,0.9,0.9,0.750838,0.009477
1,-1,2,0.8,0.45,-1,-1,0.95,0.95,0.762615,0.009198
1,-1,2,0.8,0.45,-1,-1,1.0,1.0,0.792642,0.009115
1,-1,2,0.85,0.45,-1,-1,0.05,0.05,0.566208,0.081061
1,-1,2,0.85,0.45,-1,-1,0.1,0.1,0.56715,0.07756
1,-1,2,0.85,0.45,-1,-1,0.15,0.15,0.569505,0.073205
1,-1,2,0.85,0.45,-1,-1,0.2,0.2,0.57288,0.068585
1,-1,2,0.85,0.45,-1,-1,0.25,0.25,0.577275,0.0632
1,-1,2,0.85,0.45,-1,-1,0.3,0.3,0.584574,0.056815
1,-1,2,0.85,0.45,-1,-1,0.35,0.35,0.593913,0.050723
1,-1,2,0.85,0.45,-1,-1,0.4,0.4,0.60545,0.044809
1,-1,2,0.85,0.45,-1,-1,0.45,0.45,0.620127,0.038129
1,-1,2,0.85,0.45,-1,-1,0.5,0.5,0.649166,0.028625
1,-1,2,0.85,0.45,-1,-1,0.55,0.55,0.668316,0.021974
1,-1,2,0.85,0.45,-1,-1,0.6,0.6,0.687387,0.016796
1,-1,2,0.85,0.45,-1,-1,0.65,0.65,0.706223,0.013147
1,-1,2,0.85,0.45,-1,-1,0.7,0.7,0.72451,0.010381
1,-1,2,0.85,0.45,-1,-1,0.75,0.75,0.738794,0.008409
1,-1,2,0.85,0.45,-1,-1,0.8,0.8,0.753392,0.006467
1,-1,2,0.85,0.45,-1,-1,0.85,0.85,0.764537,0.005731
1,-1,2,0.85,0.45,-1,-1,0.9,0.9,0.776623,0.00532
1,-1,2,0.85,0.45,-1,-1,0.95,0.95,0.790044,0.005025
1,-1,2,0.85,0.45,-1,-1,1.0,1.0,0.824263,0.004937
1,-1,2,0.9,0.45,-1,-1,0.05,0.05,0.566219,0.081015
1,-1,2,0.9,0.45,-1,-1,0.1,0.1,0.567293,0.077393
1,-1,2,0.9,0.45,-1,-1,0.15,0.15,0.569978,0.072889
1,-1,2,0.9,0.45,-1,-1,0.2,0.2,0.573826,0.06811
1,-1,2,0.9,0.45,-1,-1,0.25,0.25,0.578837,0.062541
1,-1,2,0.9,0.45,-1,-1,0.3,0.3,0.587159,0.055936
1,-1,2,0.9,0.45,-1,-1,0.35,0.35,0.597807,0.049636
1,-1,2,0.9,0.45,-1,-1,0.4,0.4,0.610962,0.043519
1,-1,2,0.9,0.45,-1,-1,0.45,0.45,0.627695,0.03661
1,-1,2,0.9,0.45,-1,-1,0.5,0.5,0.660804,0.026779
1,-1,2,0.9,0.45,-1,-1,0.55,0.55,0.682639,0.019901
1,-1,2,0.9,0.45,-1,-1,0.6,0.6,0.704383,0.014544
1,-1,2,0.9,0.45,-1,-1,0.65,0.65,0.72586,0.01077
1,-1,2,0.9,0.45,-1,-1,0.7,0.7,0.746709,0.00791
1,-1,2,0.9,0.45,-1,-1,0.75,0.75,0.762995,0.00587
1,-1,2,0.9,0.45,-1,-1,0.8,0.8,0.77964,0.003862
1,-1,2,0.9,0.45,-1,-1,0.85,0.85,0.792347,0.003101
1,-1,2,0.9,0.45,-1,-1,0.9,0.9,0.806127,0.002675
1,-1,2,0.9,0.45,-1,-1,0.95,0.95,0.821429,0.00237
1,-1,2,0.9,0.45,-1,-1,1.0,1.0,0.860444,0.002279
1,-1,2,0.95,0.45,-1,-1,0.05,0.05,0.566233,0.080982
1,-1,2,0.95,0.45,-1,-1,0.1,0.1,0.567464,0.077274
1,-1,2,0.95,0.45,-1,-1,0.15,0.15,0.570542,0.072663
1,-1,2,0.95,0.45,-1,-1,0.2,0.2,0.574955,0.067771
1,-1,2,0.95,0.45,-1,-1,0.25,0.25,0.580701,0.06207
1,-1,2,0.95,0.45,-1,-1,0.3,0.3,0.590244,0.055309
1,-1,2,0.95,0.45,-1,-1,0.35,0.35,0.602454,0.048859
1,-1,2,0.95,0.45,-1,-1,0.4,0.4,0.617538,0.042597
1,-1,2,0.95,0.45,-1,-1,0.45,0.45,0.636726,0.035525
1,-1,2,0.95,0.45,-1,-1,0.5,0.5,0.674692,0.025461
1,-1,2,0.95,0.45,-1,-1,0.55,0.55,0.69973,0.01842
1,-1,2,0.95,0.45,-1,-1,0.6,0.6,0.724664,0.012936
1,-1,2,0.95,0.45,-1,-1,0.65,0.65,0.749291,0.009073
1,-1,2,0.95,0.45,-1,-1,0.7,0.7,0.773199,0.006144
1,-1,2,0.95,0.45,-1,-1,0.75,0.75,0.791874,0.004056
1,-1,2,0.95,0.45,-1,-1,0.8,0.8,0.81096,0.002
1,-1,2,0.95,0.45,-1,-1,0.85,0.85,0.825531,0.001221
1,-1,2,0.95,0.45,-1,-1,0.9,0.9,0.841333,0.000785
1,-1,2,0.95,0.45,-1,-1,0.95,0.95,0.85888,0.000473
1,-1,2,0.95,0.45,-1,-1,1.0,1.0,0.903618,0.00038
1,-1,2,1.0,0.45,-1,-1,0.05,0.05,0.566262,0.080975
1,-1,2,1.0,0.45,-1,-1,0.1,0.1,0.567845,0.07725
1,-1,2,1.0,0.45,-1,-1,0.15,0.15,0.571802,0.072618
1,-1,2,1.0,0.45,-1,-1,0.2,0.2,0.577475,0.067704
1,-1,2,1.0,0.45,-1,-1,0.25,0.25,0.584862,0.061976
1,-1,2,1.0,0.45,-1,-1,0.3,0.3,0.59713,0.055183
1,-1,2,1.0,0.45,-1,-1,0.35,0.35,0.612828,0.048704
1,-1,2,1.0,0.45,-1,-1,0.4,0.4,0.63222,0.042413
1,-1,2,1.0,0.45,-1,-1,0.45,0.45,0.656888,0.035307
1,-1,2,1.0,0.45,-1,-1,0.5,0.5,0.705696,0.025197
1,-1,2,1.0,0.45,-1,-1,0.55,0.55,0.737884,0.018123
1,-1,2,1.0,0.45,-1,-1,0.6,0.6,0.76994,0.012614
1,-1,2,1.0,0.45,-1,-1,0.65,0.65,0.801599,0.008733
1,-1,2,1.0,0.45,-1,-1,0.7,0.7,0.832335,0.005791
1,-1,2,1.0,0.45,-1,-1,0.75,0.75,0.856344,0.003694
1,-1,2,1.0,0.45,-1,-1,0.8,0.8,0.88088,0.001628
1,-1,2,1.0,0.45,-1,-1,0.85,0.85,0.899612,0.000845
1,-1,2,1.0,0.45,-1,-1,0.9,0.9,0.919927,0.000407
1,-1,2,1.0,0.45,-1,-1,0.95,0.95,0.942485,9.4e-05
1,-1,2,1.0,0.45,-1,-1,1.0,1.0,1.0,0.0
1,-1,2,0.5,0.5,-1,-1,0.05,0.05,0.605351,0.067603
1,-1,2,0.5,0.5,-1,-1,0.1,0.1,0.605351,0.067603
1,-1,2,0.5,0.5,-1,-1,0.15,0.15,0.605351,0.067603
1,-1,2,0.5,0.5,-1,-1,0.2,0.2,0.605351,0.067603
1,-1,2,0.5,0.5,-1,-1,0.25,0.25,0.605351,0.067603
1,-1,2,0.5,0.5,-1,-1,0.3,0.3,0.605351,0.067603
1,-1,2,0.5,0.5,-1,-1,0.35,0.35,0.605351,0.067603
1,-1,2,0.5,0.5,-1,-1,0.4,0.4,0.605351,0.067603
1,-1,2,0.5,0.5,-1,-1,0.45,0.45,0.605351,0.067603
1,-1,2,0.5,0.5,-1,-1,0.5,0.5,0.605351,0.067603
1,-1,2,0.5,0.5,-1,-1,0.55,0.55,0.605351,0.067603
1,-1,2,0.5,0.5,-1,-1,0.6,0.6,0.605351,0.067603
1,-1,2,0.5,0.5,-1,-1,0.65,0.65,0.605351,0.067603
1,-1,2,0.5,0.5,-1,-1,0.7,0.7,0.605351,0.067603
1,-1,2,0.5,0.5,-1,-1,0.75,0.75,0.605351,0.067603
1,-1,2,0.5,0.5,-1,-1,0.8,0.8,0.605351,0.067603
1,-1,2,0.5,0.5,-1,-1,0.85,0.85,0.605351,0.067603
1,-1,2,0.5,0.5,-1,-1,0.9,0.9,0.605351,0.067603
1,-1,2,0.5,0.5,-1,-1,0.95,0.95,0.605351,0.067603
1,-1,2,0.5,0.5,-1,-1,1.0,1.0,0.605351,0.067603
1,-1,2,0.55,0.5,-1,-1,0.05,0.05,0.605361,0.067338
1,-1,2,0.55,0.5,-1,-1,0.1,0.1,0.605482,0.066651
1,-1,2,0.55,0.5,-1,-1,0.15,0.15,0.605784,0.065797
1,-1,2,0.55,0.5,-1,-1,0.2,0.2,0.606218,0.064891
1,-1,2,0.55,0.5,-1,-1,0.25,0.25,0.606782,0.063836
1,-1,2,0.55,0.5,-1,-1,0.3,0.3,0.607719,0.062584
1,-1,2,0.55,0.5,-1,-1,0.35,0.35,0.608918,0.061389
1,-1,2,0.55,0.5,-1,-1,0.4,0.4,0.610399,0.06023
1,-1,2,0.55,0.5,-1,-1,0.45,0.45,0.612284,0.05892
1,-1,2,0.55,0.5,-1,-1,0.5,0.5,0.616012,0.057056
1,-1,2,0.55,0.5,-1,-1,0.55,0.55,0.61847,0.055753
1,-1,2,0.55,0.5,-1,-1,0.6,0.6,0.620919,0.054737
1,-1,2,0.55,0.5,-1,-1,0.65,0.65,0.623337,0.054022
1,-1,2,0.55,0.5,-1,-1,0.7,0.7,0.625685,0.053479
1,-1,2,0.55,0.5,-1,-1,0.75,0.75,0.627519,0.053093
1,-1,2,0.55,0.5,-1,-1,0.8,0.8,0.629393,0.052712
1,-1,2,0.55,0.5,-1,-1,0.85,0.85,0.630824,0.052568
1,-1,2,0.55,0.5,-1,-1,0.9,0.9,0.632376,0.052487
1,-1,2,0.55,0.5,-1,-1,0.95,0.95,0.634099,0.052429
1,-1,2,0.55,0.5,-1,-1,1.0,1.0,0.638492,0.052412
1,-1,2,0.6,0.5,-1,-1,0.05,0.05,0.605371,0.067139
1,-1,2,0.6,0.5,-1,-1,0.1,0.1,0.605617,0.065937
1,-1,2,0.6,0.5,-1,-1,0.15,0.15,0.606229,0.064443
1,-1,2,0.6,0.5,-1,-1,0.2,0.2,0.607108,0.062857
1,-1,2,0.6,0.5,-1,-1,0.25,0.25,0.608252,0.06101
1,-1,2,0.6,0.5,-1,-1,0.3,0.3,0.610152,0.058819
1,-1,2,0.6,0.5,-1,-1,0.35,0.35,0.612583,0.056729
1,-1,2,0.6,0.5,-1,-1,0.4,0.4,0.615586,0.054699
1,-1,2,0.6,0.5,-1,-1,0.45,0.45,0.619407,0.052407
1,-1,2,0.6,0.5,-1,-1,0.5,0.5,0.626966,0.049146
1,-1,2,0.6,0.5,-1,-1,0.55,0.55,0.631951,0.046864
1,-1,2,0.6,0.5,-1,-1,0.6,0.6,0.636915,0.045087
1,-1,2,0.6,0.5,-1,-1,0.65,0.65,0.641818,0.043835
1,-1,2,0.6,0.5,-1,-1,0.7,0.7,0.646579,0.042886
1,-1,2,0.6,0.5,-1,-1,0.75,0.75,0.650297,0.042209
1,-1,2,0.6,0.5,-1,-1,0.8,0.8,0.654097,0.041543
1,-1,2,0.6,0.5,-1,-1,0.85,0.85,0.656998,0.041291
1,-1,2,0.6,0.5,-1,-1,0.9,0.9,0.660144,0.041149
1,-1,2,0.6,0.5,-1,-1,0.95,0.95,0.663638,0.041048
1,-1,2,0.6,0.5,-1,-1,1.0,1.0,0.672545,0.041018
1,-1,2,0.65,0.5,-1,-1,0.05,0.05,0.605382,0.066999
1,-1,2,0.65,0.5,-1,-1,0.1,0.1,0.60575,0.065437
1,-1,2,0.65,0.5,-1,-1,0.15,0.15,0.606671,0.063495
1,-1,2,0.65,0.5,-1,-1,0.2,0.2,0.60799,0.061434
1,-1,2,0.65,0.5,-1,-1,0.25,0.25,0.609709,0.059032
1,-1,2,0.65,0.5,-1,-1,0.3,0.3,0.612563,0.056183
1,-1,2,0.65,0.5,-1,-1,0.35,0.35,0.616216,0.053466
1,-1,2,0.65,0.5,-1,-1,0.4,0.4,0.620727,0.050828
1,-1,2,0.65,0.5,-1,-1,0.45,0.45,0.626466,0.047848
1,-1,2,0.65,0.5,-1,-1,0.5,0.5,0.637822,0.043609
1,-1,2,0.65,0.5,-1,-1,0.55,0.55,0.645311,0.040642
1,-1,2,0.65,0.5,-1,-1,0.6,0.6,0.652769,0.038332
1,-1,2,0.65,0.5,-1,-1,0.65,0.65,0.660135,0.036704
1,-1,2,0.65,0.5,-1,-1,0.7,0.7,0.667286,0.03547
1,-1,2,0.65,0.5,-1,-1,0.75,0.75,0.672871,0.034591
1,-1,2,0.65,0.5,-1,-1,0.8,0.8,0.67858,0.033725
1,-1,2,0.65,0.5,-1,-1,0.85,0.85,0.682938,0.033396
1,-1,2,0.65,0.5,-1,-1,0.9,0.9,0.687664,0.033213
1,-1,2,0.65,0.5,-1,-1,0.95,0.95,0.692913,0.033081
1,-1,2,0.65,0.5,-1,-1,1.0,1.0,0.706294,0.033042
1,-1,2,0.7,0.5,-1,-1,0.05,0.05,0.60539,0.06684
1,-1,2,0.7,0.5,-1,-1,0.1,0.1,0.605853,0.064866
1,-1,2,0.7,0.5,-1,-1,0.15,0.15,0.607013,0.062411
1,-1,2,0.7,0.5,-1,-1,0.2,0.2,0.608674,0.059807
1,-1,2,0.7,0.5,-1,-1,0.25,0.25,0.610838,0.056771
1,-1,2,0.7,0.5,-1,-1,0.3,0.3,0.614432,0.053171
1,-1,2,0.7,0.5,-1,-1,0.35,0.35,0.61903,0.049738
1,-1,2,0.7,0.5,-1,-1,0.4,0.4,0.62471,0.046404
1,-1,2,0.7,0.5,-1,-1,0.45,0.45,0.631936,0.042638
1,-1,2,0.7,0.5,-1,-1,0.5,0.5,0.646233,0.03728
1,-1,2,0.7,0.5,-1,-1,0.55,0.55,0.655661,0.033531
1,-1,2,0.7,0.5,-1,-1,0.6,0.6,0.665051,0.030612
1,-1,2,0.7,0.5,-1,-1,0.65,0.65,0.674325,0.028555
1,-1,2,0.7,0.5,-1,-1,0.7,0.7,0.683328,0.026996
1,-1,2,0.7,0.5,-1,-1,0.75,0.75,0.690361,0.025884
1,-1,2,0.7,0.5,-1,-1,0.8,0.8,0.697548,0.02479
1,-1,2,0.7,0.5,-1,-1,0.85,0.85,0.703035,0.024375
1,-1,2,0.7,0.5,-1,-1,0.9,0.9,0.708986,0.024143
1,-1,2,0.7,0.5,-1,-1,0.95,0.95,0.715594,0.023977
1,-1,2,0.7,0.5,-1,-1,1.0,1.0,0.732441,0.023927
1,-1,2,0.75,0.5,-1,-1,0.05,0.05,0.6054,0.06674
1,-1,2,0.75,0.5,-1,-1,0.1,0.1,0.605987,0.064509
1,-1,2,0.75,0.5,-1,-1,0.15,0.15,0.607454,0.061734
1,-1,2,0.75,0.5,-1,-1,0.2,0.2,0.609557,0.05879
1,-1,2,0.75,0.5,-1,-1,0.25,0.25,0.612295,0.055358
1,-1,2,0.75,0.5,-1,-1,0.3,0.3,0.616843,0.051289
1,-1,2,0.75,0.5,-1,-1,0.35,0.35,0.622662,0.047408
1,-1,2,0.75,0.5,-1,-1,0.4,0.4,0.629851,0.043638
1,-1,2,0.75,0.5,-1,-1,0.45,0.45,0.638996,0.039382
1,-1,2,0.75,0.5,-1,-1,0.5,0.5,0.657089,0.033325
1,-1,2,0.75,0.5,-1,-1,0.55,0.55,0.669022,0.029087
1,-1,2,0.75,0.5,-1,-1,0.6,0.6,0.680905,0.025787
1,-1,2,0.75,0.5,-1,-1,0.65,0.65,0.692641,0.023462
1,-1,2,0.75,0.5,-1,-1,0.7,0.7,0.704035,0.021699
1,-1,2,0.75,0.5,-1,-1,0.75,0.75,0.712936,0.020443
1,-1,2,0.75,0.5,-1,-1,0.8,0.8,0.722031,0.019205
1,-1,2,0.75,0.5,-1,-1,0.85,0.85,0.728976,0.018736
1,-1,2,0.75,0.5,-1,-1,0.9,0.9,0.736506,0.018474
1,-1,2,0.75,0.5,-1,-1,0.95,0.95,0.744869,0.018286
1,-1,2,0.75,0.5,-1,-1,1.0,1.0,0.76619,0.01823
1,-1,2,0.8,0.5,-1,-1,0.05,0.05,0.605408,0.066581
1,-1,2,0.8,0.5,-1,-1,0.1,0.1,0.606091,0.063938
1,-1,2,0.8,0.5,-1,-1,0.15,0.15,0.6078,0.06065
1,-1,2,0.8,0.5,-1,-1,0.2,0.2,0.610248,0.057163
1,-1,2,0.8,0.5,-1,-1,0.25,0.25,0.613437,0.053098
1,-1,2,0.8,0.5,-1,-1,0.3,0.3,0.618733,0.048277
1,-1,2,0.8,0.5,-1,-1,0.35,0.35,0.625509,0.043679
1,-1,2,0.8,0.5,-1,-1,0.4,0.4,0.63388,0.039214
1,-1,2,0.8,0.5,-1,-1,0.45,0.45,0.644529,0.034172
1,-1,2,0.8,0.5,-1,-1,0.5,0.5,0.665598,0.026997
1,-1,2,0.8,0.5,-1,-1,0.55,0.55,0.679493,0.021977
1,-1,2,0.8,0.5,-1,-1,0.6,0.6,0.693331,0.018067
1,-1,2,0.8,0.5,-1,-1,0.65,0.65,0.706997,0.015313
1,-1,2,0.8,0.5,-1,-1,0.7,0.7,0.720265,0.013224
1,-1,2,0.8,0.5,-1,-1,0.75,0.75,0.730629,0.011736
1,-1,2,0.8,0.5,-1,-1,0.8,0.8,0.741221,0.01027
1,-1,2,0.8,0.5,-1,-1,0.85,0.85,0.749307,0.009715
1,-1,2,0.8,0.5,-1,-1,0.9,0.9,0.758077,0.009404
1,-1,2,0.8,0.5,-1,-1,0.95,0.95,0.767814,0.009182
1,-1,2,0.8,0.5,-1,-1,1.0,1.0,0.792642,0.009115
1,-1,2,0.85,0.5,-1,-1,0.05,0.05,0.605418,0.066508
1,-1,2,0.85,0.5,-1,-1,0.1,0.1,0.606216,0.063676
1,-1,2,0.85,0.5,-1,-1,0.15,0.15,0.608213,0.060154
1,-1,2,0.85,0.5,-1,-1,0.2,0.2,0.611075,0.056417
1,-1,2,0.85,0.5,-1,-1,0.25,0.25,0.614802,0.052061
1,-1,2,0.85,0.5,-1,-1,0.3,0.3,0.620992,0.046897
1,-1,2,0.85,0.5,-1,-1,0.35,0.35,0.628913,0.04197
1,-1,2,0.85,0.5,-1,-1,0.4,0.4,0.638697,0.037186
1,-1,2,0.85,0.5,-1,-1,0.45,0.45,0.651143,0.031784
1,-1,2,0.85,0.5,-1,-1,0.5,0.5,0.67577,0.024096
1,-1,2,0.85,0.5,-1,-1,0.55,0.55,0.692011,0.018717
1,-1,2,0.85,0.5,-1,-1,0.6,0.6,0.708184,0.014528
1,-1,2,0.85,0.5,-1,-1,0.65,0.65,0.724158,0.011577
1,-1,2,0.85,0.5,-1,-1,0.7,0.7,0.739667,0.00934
1,-1,2,0.85,0.5,-1,-1,0.75,0.75,0.75178,0.007745
1,-1,2,0.85,0.5,-1,-1,0.8,0.8,0.76416,0.006175
1,-1,2,0.85,0.5,-1,-1,0.85,0.85,0.773612,0.00558
1,-1,2,0.85,0.5,-1,-1,0.9,0.9,0.783862,0.005246
1,-1,2,0.85,0.5,-1,-1,0.95,0.95,0.795243,0.005008
1,-1,2,0.85,0.5,-1,-1,1.0,1.0,0.824263,0.004937
1,-1,2,0.9,0.5,-1,-1,0.05,0.05,0.605429,0.066462
1,-1,2,0.9,0.5,-1,-1,0.1,0.1,0.606359,0.063509
1,-1,2,0.9,0.5,-1,-1,0.15,0.15,0.608686,0.059838
1,-1,2,0.9,0.5,-1,-1,0.2,0.2,0.612021,0.055942
1,-1,2,0.9,0.5,-1,-1,0.25,0.25,0.616364,0.051402
1,-1,2,0.9,0.5,-1,-1,0.3,0.3,0.623577,0.046019
1,-1,2,0.9,0.5,-1,-1,0.35,0.35,0.632807,0.040883
1,-1,2,0.9,0.5,-1,-1,0.4,0.4,0.644208,0.035896
1,-1,2,0.9,0.5,-1,-1,0.45,0.45,0.658712,0.030264
1,-1,2,0.9,0.5,-1,-1,0.5,0.5,0.687409,0.022251
1,-1,2,0.9,0.5,-1,-1,0.55,0.55,0.706333,0.016644
1,-1,2,0.9,0.5,-1,-1,0.6,0.6,0.72518,0.012277
1,-1,2,0.9,0.5,-1,-1,0.65,0.65,0.743795,0.009201
1,-1,2,0.9,0.5,-1,-1,0.7,0.7,0.761866,0.006869
1,-1,2,0.9,0.5,-1,-1,0.75,0.75,0.775982,0.005207
1,-1,2,0.9,0.5,-1,-1,0.8,0.8,0.790408,0.003569
1,-1,2,0.9,0.5,-1,-1,0.85,0.85,0.801421,0.002949
1,-1,2,0.9,0.5,-1,-1,0.9,0.9,0.813365,0.002602
1,-1,2,0.9,0.5,-1,-1,0.95,0.95,0.826628,0.002353
1,-1,2,0.9,0.5,-1,-1,1.0,1.0,0.860444,0.002279
1,-1,2,0.95,0.5,-1,-1,0.05,0.05,0.605442,0.066429
1,-1,2,0.95,0.5,-1,-1,0.1,0.1,0.60653,0.06339
1,-1,2,0.95,0.5,-1,-1,0.15,0.15,0.609251,0.059612
1,-1,2,0.95,0.5,-1,-1,0.2,0.2,0.61315,0.055603
1,-1,2,0.95,0.5,-1,-1,0.25,0.25,0.618228,0.050931
1,-1,2,0.95,0.5,-1,-1,0.3,0.3,0.626662,0.045391
1,-1,2,0.95,0.5,-1,-1,0.35,0.35,0.637454,0.040106
1,-1,2,0.95,0.5,-1,-1,0.4,0.4,0.650785,0.034974
1,-1,2,0.95,0.5,-1,-1,0.45,0.45,0.667743,0.029179
1,-1,2,0.95,0.5,-1,-1,0.5,0.5,0.701297,0.020932
1,-1,2,0.95,0.5,-1,-1,0.55,0.55,0.723424,0.015162
1,-1,2,0.95,0.5,-1,-1,0.6,0.6,0.745461,0.010669
1,-1,2,0.95,0.5,-1,-1,0.65,0.65,0.767226,0.007503
1,-1,2,0.95,0.5,-1,-1,0.7,0.7,0.788356,0.005103
1,-1,2,0.95,0.5,-1,-1,0.75,0.75,0.804861,0.003393
1,-1,2,0.95,0.5,-1,-1,0.8,0.8,0.821728,0.001708
1,-1,2,0.95,0.5,-1,-1,0.85,0.85,0.834606,0.001069
1,-1,2,0.95,0.5,-1,-1,0.9,0.9,0.848571,0.000712
1,-1,2,0.95,0.5,-1,-1,0.95,0.95,0.864079,0.000457
1,-1,2,0.95,0.5,-1,-1,1.0,1.0,0.903618,0.00038
1,-1,2,1.0,0.5,-1,-1,0.05,0.05,0.605471,0.066422
1,-1,2,1.0,0.5,-1,-1,0.1,0.1,0.606911,0.063367
1,-1,2,1.0,0.5,-1,-1,0.15,0.15,0.610511,0.059567
1,-1,2,1.0,0.5,-1,-1,0.2,0.2,0.61567,0.055536
1,-1,2,1.0,0.5,-1,-1,0.25,0.25,0.62239,0.050837
1,-1,2,1.0,0.5,-1,-1,0.3,0.3,0.633549,0.045265
1,-1,2,1.0,0.5,-1,-1,0.35,0.35,0.647827,0.039951
1,-1,2,1.0,0.5,-1,-1,0.4,0.4,0.665466,0.03479
1,-1,2,1.0,0.5,-1,-1,0.45,0.45,0.687904,0.028962
1,-1,2,1.0,0.5,-1,-1,0.5,0.5,0.732301,0.020669
1,-1,2,1.0,0.5,-1,-1,0.55,0.55,0.761579,0.014866
1,-1,2,1.0,0.5,-1,-1,0.6,0.6,0.790737,0.010347
1,-1,2,1.0,0.5,-1,-1,0.65,0.65,0.819534,0.007163
1,-1,2,1.0,0.5,-1,-1,0.7,0.7,0.847492,0.00475
1,-1,2,1.0,0.5,-1,-1,0.75,0.75,0.86933,0.00303
1,-1,2,1.0,0.5,-1,-1,0.8,0.8,0.891648,0.001335
1,-1,2,1.0,0.5,-1,-1,0.85,0.85,0.908687,0.000693
1,-1,2,1.0,0.5,-1,-1,0.9,0.9,0.927166,0.000334
1,-1,2,1.0,0.5,-1,-1,0.95,0.95,0.947684,7.7e-05
1,-1,2,1.0,0.5,-1,-1,1.0,1.0,1.0,0.0
1,-1,2,0.55,0.55,-1,-1,0.05,0.05,0.638492,0.052412
1,-1,2,0.55,0.55,-1,-1,0.1,0.1,0.638492,0.052412
1,-1,2,0.55,0.55,-1,-1,0.15,0.15,0.638492,0.052412
1,-1,2,0.55,0.55,-1,-1,0.2,0.2,0.638492,0.052412
1,-1,2,0.55,0.55,-1,-1,0.25,0.25,0.638492,0.052412
1,-1,2,0.55,0.55,-1,-1,0.3,0.3,0.638492,0.052412
1,-1,2,0.55,0.55,-1,-1,0.35,0.35,0.638492,0.052412
1,-1,2,0.55,0.55,-1,-1,0.4,0.4,0.638492,0.052412
1,-1,2,0.55,0.55,-1,-1,0.45,0.45,0.638492,0.052412
1,-1,2,0.55,0.55,-1,-1,0.5,0.5,0.638492,0.052412
1,-1,2,0.55,0.55,-1,-1,0.55,0.55,0.638492,0.052412
1,-1,2,0.55,0.55,-1,-1,0.6,0.6,0.638492,0.052412
1,-1,2,0.55,0.55,-1,-1,0.65,0.65,0.638492,0.052412
1,-1,2,0.55,0.55,-1,-1,0.7,0.7,0.638492,0.052412
1,-1,2,0.55,0.55,-1,-1,0.75,0.75,0.638492,0.052412
1,-1,2,0.55,0.55,-1,-1,0.8,0.8,0.638492,0.052412
1,-1,2,0.55,0.55,-1,-1,0.85,0.85,0.638492,0.052412
1,-1,2,0.55,0.55,-1,-1,0.9,0.9,0.638492,0.052412
1,-1,2,0.55,0.55,-1,-1,0.95,0.95,0.638492,0.052412
1,-1,2,0.55,0.55,-1,-1,1.0,1.0,0.638492,0.052412
1,-1,2,0.6,0.55,-1,-1,0.05,0.05,0.638502,0.052213
1,-1,2,0.6,0.55,-1,-1,0.1,0.1,0.638627,0.051698
1,-1,2,0.6,0.55,-1,-1,0.15,0.15,0.638937,0.051058
1,-1,2,0.6,0.55,-1,-1,0.2,0.2,0.639382,0.050378
1,-1,2,0.6,0.55,-1,-1,0.25,0.25,0.639962,0.049586
1,-1,2,0.6,0.55,-1,-1,0.3,0.3,0.640925,0.048647
1,-1,2,0.6,0.55,-1,-1,0.35,0.35,0.642157,0.047751
1,-1,2,0.6,0.55,-1,-1,0.4,0.4,0.643679,0.046882
1,-1,2,0.6,0.55,-1,-1,0.45,0.45,0.645615,0.045899
1,-1,2,0.6,0.55,-1,-1,0.5,0.5,0.649446,0.044502
1,-1,2,0.6,0.55,-1,-1,0.55,0.55,0.651972,0.043524
1,-1,2,0.6,0.55,-1,-1,0.6,0.6,0.654488,0.042762
1,-1,2,0.6,0.55,-1,-1,0.65,0.65,0.656973,0.042225
1,-1,2,0.6,0.55,-1,-1,0.7,0.7,0.659386,0.041819
1,-1,2,0.6,0.55,-1,-1,0.75,0.75,0.66127,0.041529
1,-1,2,0.6,0.55,-1,-1,0.8,0.8,0.663196,0.041243
1,-1,2,0.6,0.55,-1,-1,0.85,0.85,0.664666,0.041135
1,-1,2,0.6,0.55,-1,-1,0.9,0.9,0.66626,0.041074
1,-1,2,0.6,0.55,-1,-1,0.95,0.95,0.668031,0.041031
1,-1,2,0.6,0.55,-1,-1,1.0,1.0,0.672545,0.041018
1,-1,2,0.65,0.55,-1,-1,0.05,0.05,0.638513,0.052074
1,-1,2,0.65,0.55,-1,-1,0.1,0.1,0.63876,0.051198
1,-1,2,0.65,0.55,-1,-1,0.15,0.15,0.639378,0.050109
1,-1,2,0.65,0.55,-1,-1,0.2,0.2,0.640265,0.048954
1,-1,2,0.65,0.55,-1,-1,0.25,0.25,0.641419,0.047608
1,-1,2,0.65,0.55,-1,-1,0.3,0.3,0.643336,0.046012
1,-1,2,0.65,0.55,-1,-1,0.35,0.35,0.64579,0.044489
1,-1,2,0.65,0.55,-1,-1,0.4,0.4,0.64882,0.04301
1,-1,2,0.65,0.55,-1,-1,0.45,0.45,0.652675,0.04134
1,-1,2,0.65,0.55,-1,-1,0.5,0.5,0.660302,0.038964
1,-1,2,0.65,0.55,-1,-1,0.55,0.55,0.665332,0.037301
1,-1,2,0.65,0.55,-1,-1,0.6,0.6,0.670342,0.036007
1,-1,2,0.65,0.55,-1,-1,0.65,0.65,0.675289,0.035095
1,-1,2,0.65,0.55,-1,-1,0.7,0.7,0.680093,0.034403
1,-1,2,0.65,0.55,-1,-1,0.75,0.75,0.683844,0.03391
1,-1,2,0.65,0.55,-1,-1,0.8,0.8,0.687679,0.033425
1,-1,2,0.65,0.55,-1,-1,0.85,0.85,0.690606,0.033241
1,-1,2,0.65,0.55,-1,-1,0.9,0.9,0.693781,0.033138
1,-1,2,0.65,0.55,-1,-1,0.95,0.95,0.697306,0.033064
1,-1,2,0.65,0.55,-1,-1,1.0,1.0,0.706294,0.033042
1,-1,2,0.7,0.55,-1,-1,0.05,0.05,0.638521,0.051914
1,-1,2,0.7,0.55,-1,-1,0.1,0.1,0.638863,0.050627
1,-1,2,0.7,0.55,-1,-1,0.15,0.15,0.63972,0.049026
1,-1,2,0.7,0.55,-1,-1,0.2,0.2,0.640949,0.047327
1,-1,2,0.7,0.55,-1,-1,0.25,0.25,0.642548,0.045348
1,-1,2,0.7,0.55,-1,-1,0.3,0.3,0.645205,0.043
1,-1,2,0.7,0.55,-1,-1,0.35,0.35,0.648604,0.040761
1,-1,2,0.7,0.55,-1,-1,0.4,0.4,0.652803,0.038586
1,-1,2,0.7,0.55,-1,-1,0.45,0.45,0.658144,0.03613
1,-1,2,0.7,0.55,-1,-1,0.5,0.5,0.668713,0.032636
1,-1,2,0.7,0.55,-1,-1,0.55,0.55,0.675683,0.030191
1,-1,2,0.7,0.55,-1,-1,0.6,0.6,0.682624,0.028287
1,-1,2,0.7,0.55,-1,-1,0.65,0.65,0.68948,0.026945
1,-1,2,0.7,0.55,-1,-1,0.7,0.7,0.696135,0.025928
1,-1,2,0.7,0.55,-1,-1,0.75,0.75,0.701334,0.025204
1,-1,2,0.7,0.55,-1,-1,0.8,0.8,0.706647,0.02449
1,-1,2,0.7,0.55,-1,-1,0.85,0.85,0.710703,0.024219
1,-1,2,0.7,0.55,-1,-1,0.9,0.9,0.715102,0.024068
1,-1,2,0.7,0.55,-1,-1,0.95,0.95,0.719987,0.023959
1,-1,2,0.7,0.55,-1,-1,1.0,1.0,0.732441,0.023927
1,-1,2,0.75,0.55,-1,-1,0.05,0.05,0.638531,0.051815
1,-1,2,0.75,0.55,-1,-1,0.1,0.1,0.638997,0.05027
1,-1,2,0.75,0.55,-1,-1,0.15,0.15,0.640162,0.048349
1,-1,2,0.75,0.55,-1,-1,0.2,0.2,0.641831,0.04631
1,-1,2,0.75,0.55,-1,-1,0.25,0.25,0.644005,0.043935
1,-1,2,0.75,0.55,-1,-1,0.3,0.3,0.647616,0.041118
1,-1,2,0.75,0.55,-1,-1,0.35,0.35,0.652236,0.03843
1,-1,2,0.75,0.55,-1,-1,0.4,0.4,0.657944,0.035821
1,-1,2,0.75,0.55,-1,-1,0.45,0.45,0.665204,0.032874
1,-1,2,0.75,0.55,-1,-1,0.5,0.5,0.67957,0.028681
1,-1,2,0.75,0.55,-1,-1,0.55,0.55,0.689043,0.025747
1,-1,2,0.75,0.55,-1,-1,0.6,0.6,0.698478,0.023462
1,-1,2,0.75,0.55,-1,-1,0.65,0.65,0.707796,0.021852
1,-1,2,0.75,0.55,-1,-1,0.7,0.7,0.716842,0.020632
1,-1,2,0.75,0.55,-1,-1,0.75,0.75,0.723909,0.019762
1,-1,2,0.75,0.55,-1,-1,0.8,0.8,0.73113,0.018905
1,-1,2,0.75,0.55,-1,-1,0.85,0.85,0.736644,0.018581
1,-1,2,0.75,0.55,-1,-1,0.9,0.9,0.742623,0.018399
1,-1,2,0.75,0.55,-1,-1,0.95,0.95,0.749262,0.018269
1,-1,2,0.75,0.55,-1,-1,1.0,1.0,0.76619,0.01823
1,-1,2,0.8,0.55,-1,-1,0.05,0.05,0.638539,0.051656
1,-1,2,0.8,0.55,-1,-1,0.1,0.1,0.639101,0.049699
1,-1,2,0.8,0.55,-1,-1,0.15,0.15,0.640507,0.047265
1,-1,2,0.8,0.55,-1,-1,0.2,0.2,0.642523,0.044683
1,-1,2,0.8,0.55,-1,-1,0.25,0.25,0.645147,0.041674
1,-1,2,0.8,0.55,-1,-1,0.3,0.3,0.649506,0.038106
1,-1,2,0.8,0.55,-1,-1,0.35,0.35,0.655083,0.034702
1,-1,2,0.8,0.55,-1,-1,0.4,0.4,0.661973,0.031397
1,-1,2,0.8,0.55,-1,-1,0.45,0.45,0.670737,0.027664
1,-1,2,0.8,0.55,-1,-1,0.5,0.5,0.688079,0.022352
1,-1,2,0.8,0.55,-1,-1,0.55,0.55,0.699515,0.018636
1,-1,2,0.8,0.55,-1,-1,0.6,0.6,0.710904,0.015742
1,-1,2,0.8,0.55,-1,-1,0.65,0.65,0.722152,0.013703
1,-1,2,0.8,0.55,-1,-1,0.7,0.7,0.733072,0.012157
1,-1,2,0.8,0.55,-1,-1,0.75,0.75,0.741602,0.011055
1,-1,2,0.8,0.55,-1,-1,0.8,0.8,0.75032,0.00997
1,-1,2,0.8,0.55,-1,-1,0.85,0.85,0.756975,0.009559
1,-1,2,0.8,0.55,-1,-1,0.9,0.9,0.764193,0.009329
1,-1,2,0.8,0.55,-1,-1,0.95,0.95,0.772207,0.009164
1,-1,2,0.8,0.55,-1,-1,1.0,1.0,0.792642,0.009115
1,-1,2,0.85,0.55,-1,-1,0.05,0.05,0.638548,0.051583
1,-1,2,0.85,0.55,-1,-1,0.1,0.1,0.639226,0.049437
1,-1,2,0.85,0.55,-1,-1,0.15,0.15,0.640921,0.046768
1,-1,2,0.85,0.55,-1,-1,0.2,0.2,0.64335,0.043938
1,-1,2,0.85,0.55,-1,-1,0.25,0.25,0.646512,0.040638
1,-1,2,0.85,0.55,-1,-1,0.3,0.3,0.651765,0.036725
1,-1,2,0.85,0.55,-1,-1,0.35,0.35,0.658487,0.032993
1,-1,2,0.85,0.55,-1,-1,0.4,0.4,0.66679,0.029369
1,-1,2,0.85,0.55,-1,-1,0.45,0.45,0.677352,0.025276
1,-1,2,0.85,0.55,-1,-1,0.5,0.5,0.69825,0.019452
1,-1,2,0.85,0.55,-1,-1,0.55,0.55,0.712032,0.015377
1,-1,2,0.85,0.55,-1,-1,0.6,0.6,0.725758,0.012203
1,-1,2,0.85,0.55,-1,-1,0.65,0.65,0.739313,0.009968
1,-1,2,0.85,0.55,-1,-1,0.7,0.7,0.752474,0.008273
1,-1,2,0.85,0.55,-1,-1,0.75,0.75,0.762753,0.007065
1,-1,2,0.85,0.55,-1,-1,0.8,0.8,0.773259,0.005875
1,-1,2,0.85,0.55,-1,-1,0.85,0.85,0.78128,0.005424
1,-1,2,0.85,0.55,-1,-1,0.9,0.9,0.789978,0.005171
1,-1,2,0.85,0.55,-1,-1,0.95,0.95,0.799637,0.004991
1,-1,2,0.85,0.55,-1,-1,1.0,1.0,0.824263,0.004937
1,-1,2,0.9,0.55,-1,-1,0.05,0.05,0.638559,0.051536
1,-1,2,0.9,0.55,-1,-1,0.1,0.1,0.639369,0.04927
1,-1,2,0.9,0.55,-1,-1,0.15,0.15,0.641394,0.046452
1,-1,2,0.9,0.55,-1,-1,0.2,0.2,0.644296,0.043463
1,-1,2,0.9,0.55,-1,-1,0.25,0.25,0.648075,0.039979
1,-1,2,0.9,0.55,-1,-1,0.3,0.3,0.65435,0.035847
1,-1,2,0.9,0.55,-1,-1,0.35,0.35,0.662381,0.031906
1,-1,2,0.9,0.55,-1,-1,0.4,0.4,0.672301,0.028079
1,-1,2,0.9,0.55,-1,-1,0.45,0.45,0.68492,0.023756
1,-1,2,0.9,0.55,-1,-1,0.5,0.5,0.709889,0.017606
1,-1,2,0.9,0.55,-1,-1,0.55,0.55,0.726355,0.013303
1,-1,2,0.9,0.55,-1,-1,0.6,0.6,0.742754,0.009952
1,-1,2,0.9,0.55,-1,-1,0.65,0.65,0.758949,0.007591
1,-1,2,0.9,0.55,-1,-1,0.7,0.7,0.774673,0.005801
1,-1,2,0.9,0.55,-1,-1,0.75,0.75,0.786955,0.004526
1,-1,2,0.9,0.55,-1,-1,0.8,0.8,0.799507,0.003269
1,-1,2,0.9,0.55,-1,-1,0.85,0.85,0.809089,0.002793
1,-1,2,0.9,0.55,-1,-1,0.9,0.9,0.819482,0.002527
1,-1,2,0.9,0.55,-1,-1,0.95,0.95,0.831021,0.002336
1,-1,2,0.9,0.55,-1,-1,1.0,1.0,0.860444,0.002279
1,-1,2,0.95,0.55,-1,-1,0.05,0.05,0.638573,0.051503
1,-1,2,0.95,0.55,-1,-1,0.1,0.1,0.63954,0.049151
1,-1,2,0.95,0.55,-1,-1,0.15,0.15,0.641958,0.046227
1,-1,2,0.95,0.55,-1,-1,0.2,0.2,0.645425,0.043124
1,-1,2,0.95,0.55,-1,-1,0.25,0.25,0.649939,0.039508
1,-1,2,0.95,0.55,-1,-1,0.3,0.3,0.657435,0.035219
1,-1,2,0.95,0.55,-1,-1,0.35,0.35,0.667028,0.031129
1,-1,2,0.95,0.55,-1,-1,0.4,0.4,0.678878,0.027157
1,-1,2,0.95,0.55,-1,-1,0.45,0.45,0.693952,0.022671
1,-1,2,0.95,0.55,-1,-1,0.5,0.5,0.723777,0.016288
1,-1,2,0.95,0.55,-1,-1,0.55,0.55,0.743446,0.011822
1,-1,2,0.95,0.55,-1,-1,0.6,0.6,0.763034,0.008344
1,-1,2,0.95,0.55,-1,-1,0.65,0.65,0.782381,0.005893
1,-1,2,0.95,0.55,-1,-1,0.7,0.7,0.801163,0.004036
1,-1,2,0.95,0.55,-1,-1,0.75,0.75,0.815834,0.002712
1,-1,2,0.95,0.55,-1,-1,0.8,0.8,0.830827,0.001408
1,-1,2,0.95,0.55,-1,-1,0.85,0.85,0.842274,0.000914
1,-1,2,0.95,0.55,-1,-1,0.9,0.9,0.854688,0.000637
1,-1,2,0.95,0.55,-1,-1,0.95,0.95,0.868472,0.000439
1,-1,2,0.95,0.55,-1,-1,1.0,1.0,0.903618,0.00038
1,-1,2,1.0,0.55,-1,-1,0.05,0.05,0.638602,0.051496
1,-1,2,1.0,0.55,-1,-1,0.1,0.1,0.639921,0.049128
1,-1,2,1.0,0.55,-1,-1,0.15,0.15,0.643218,0.046181
1,-1,2,1.0,0.55,-1,-1,0.2,0.2,0.647945,0.043056
1,-1,2,1.0,0.55,-1,-1,0.25,0.25,0.6541,0.039414
1,-1,2,1.0,0.55,-1,-1,0.3,0.3,0.664322,0.035094
1,-1,2,1.0,0.55,-1,-1,0.35,0.35,0.677401,0.030973
1,-1,2,1.0,0.55,-1,-1,0.4,0.4,0.693559,0.026972
1,-1,2,1.0,0.55,-1,-1,0.45,0.45,0.714113,0.022454
1,-1,2,1.0,0.55,-1,-1,0.5,0.5,0.754781,0.016024
1,-1,2,1.0,0.55,-1,-1,0.55,0.55,0.7816,0.011525
1,-1,2,1.0,0.55,-1,-1,0.6,0.6,0.80831,0.008022
1,-1,2,1.0,0.55,-1,-1,0.65,0.65,0.834689,0.005554
1,-1,2,1.0,0.55,-1,-1,0.7,0.7,0.860299,0.003683
1,-1,2,1.0,0.55,-1,-1,0.75,0.75,0.880303,0.002349
1,-1,2,1.0,0.55,-1,-1,0.8,0.8,0.900747,0.001035
1,-1,2,1.0,0.55,-1,-1,0.85,0.85,0.916355,0.000537
1,-1,2,1.0,0.55,-1,-1,0.9,0.9,0.933282,0.000259
1,-1,2,1.0,0.55,-1,-1,0.95,0.95,0.952077,6e-05
1,-1,2,1.0,0.55,-1,-1,1.0,1.0,1.0,0.0
1,-1,2,0.6,0.6,-1,-1,0.05,0.05,0.672545,0.041018
1,-1,2,0.6,0.6,-1,-1,0.1,0.1,0.672545,0.041018
1,-1,2,0.6,0.6,-1,-1,0.15,0.15,0.672545,0.041018
1,-1,2,0.6,0.6,-1,-1,0.2,0.2,0.672545,0.041018
1,-1,2,0.6,0.6,-1,-1,0.25,0.25,0.672545,0.041018
1,-1,2,0.6,0.6,-1,-1,0.3,0.3,0.672545,0.041018
1,-1,2,0.6,0.6,-1,-1,0.35,0.35,0.672545,0.041018
1,-1,2,0.6,0.6,-1,-1,0.4,0.4,0.672545,0.041018
1,-1,2,0.6,0.6,-1,-1,0.45,0.45,0.672545,0.041018
1,-1,2,0.6,0.6,-1,-1,0.5,0.5,0.672545,0.041018
1,-1,2,0.6,0.6,-1,-1,0.55,0.55,0.672545,0.041018
1,-1,2,0.6,0.6,-1,-1,0.6,0.6,0.672545,0.041018
1,-1,2,0.6,0.6,-1,-1,0.65,0.65,0.672545,0.041018
1,-1,2,0.6,0.6,-1,-1,0.7,0.7,0.672545,0.041018
1,-1,2,0.6,0.6,-1,-1,0.75,0.75,0.672545,0.041018
1,-1,2,0.6,0.6,-1,-1,0.8,0.8,0.672545,0.041018
1,-1,2,0.6,0.6,-1,-1,0.85,0.85,0.672545,0.041018
1,-1,2,0.6,0.6,-1,-1,0.9,0.9,0.672545,0.041018
1,-1,2,0.6,0.6,-1,-1,0.95,0.95,0.672545,0.041018
1,-1,2,0.6,0.6,-1,-1,1.0,1.0,0.672545,0.041018
1,-1,2,0.65,0.6,-1,-1,0.05,0.05,0.672555,0.040879
1,-1,2,0.65,0.6,-1,-1,0.1,0.1,0.672678,0.040518
1,-1,2,0.65,0.6,-1,-1,0.15,0.15,0.672986,0.04007
1,-1,2,0.65,0.6,-1,-1,0.2,0.2,0.673427,0.039594
1,-1,2,0.65,0.6,-1,-1,0.25,0.25,0.674002,0.03904
1,-1,2,0.65,0.6,-1,-1,0.3,0.3,0.674956,0.038383
1,-1,2,0.65,0.6,-1,-1,0.35,0.35,0.676177,0.037756
1,-1,2,0.65,0.6,-1,-1,0.4,0.4,0.677686,0.037147
1,-1,2,0.65,0.6,-1,-1,0.45,0.45,0.679605,0.036459
1,-1,2,0.65,0.6,-1,-1,0.5,0.5,0.683401,0.035481
1,-1,2,0.65,0.6,-1,-1,0.55,0.55,0.685905,0.034796
1,-1,2,0.65,0.6,-1,-1,0.6,0.6,0.688399,0.034263
1,-1,2,0.65,0.6,-1,-1,0.65,0.65,0.690861,0.033887
1,-1,2,0.65,0.6,-1,-1,0.7,0.7,0.693252,0.033602
1,-1,2,0.65,0.6,-1,-1,0.75,0.75,0.69512,0.033399
1,-1,2,0.65,0.6,-1,-1,0.8,0.8,0.697028,0.0332
1,-1,2,0.65,0.6,-1,-1,0.85,0.85,0.698485,0.033124
1,-1,2,0.65,0.6,-1,-1,0.9,0.9,0.700065,0.033081
1,-1,2,0.65,0.6,-1,-1,0.95,0.95,0.70182,0.033051
1,-1,2,0.65,0.6,-1,-1,1.0,1.0,0.706294,0.033042
1,-1,2,0.7,0.6,-1,-1,0.05,0.05,0.672563,0.040719
1,-1,2,0.7,0.6,-1,-1,0.1,0.1,0.672782,0.039947
1,-1,2,0.7,0.6,-1,-1,0.15,0.15,0.673328,0.038986
1,-1,2,0.7,0.6,-1,-1,0.2,0.2,0.674111,0.037967
1,-1,2,0.7,0.6,-1,-1,0.25,0.25,0.675131,0.036779
1,-1,2,0.7,0.6,-1,-1,0.3,0.3,0.676825,0.035371
1,-1,2,0.7,0.6,-1,-1,0.35,0.35,0.678992,0.034027
1,-1,2,0.7,0.6,-1,-1,0.4,0.4,0.681669,0.032722
1,-1,2,0.7,0.6,-1,-1,0.45,0.45,0.685074,0.031249
1,-1,2,0.7,0.6,-1,-1,0.5,0.5,0.691812,0.029152
1,-1,2,0.7,0.6,-1,-1,0.55,0.55,0.696256,0.027685
1,-1,2,0.7,0.6,-1,-1,0.6,0.6,0.700681,0.026543
1,-1,2,0.7,0.6,-1,-1,0.65,0.65,0.705052,0.025738
1,-1,2,0.7,0.6,-1,-1,0.7,0.7,0.709295,0.025128
1,-1,2,0.7,0.6,-1,-1,0.75,0.75,0.712609,0.024693
1,-1,2,0.7,0.6,-1,-1,0.8,0.8,0.715996,0.024265
1,-1,2,0.7,0.6,-1,-1,0.85,0.85,0.718582,0.024102
1,-1,2,0.7,0.6,-1,-1,0.9,0.9,0.721387,0.024011
1,-1,2,0.7,0.6,-1,-1,0.95,0.95,0.724501,0.023946
1,-1,2,0.7,0.6,-1,-1,1.0,1.0,0.732441,0.023927
1,-1,2,0.75,0.6,-1,-1,0.05,0.05,0.672573,0.04062
1,-1,2,0.75,0.6,-1,-1,0.1,0.1,0.672915,0.03959
1,-1,2,0.75,0.6,-1,-1,0.15,0.15,0.673769,0.038309
1,-1,2,0.75,0.6,-1,-1,0.2,0.2,0.674994,0.03695
1,-1,2,0.75,0.6,-1,-1,0.25,0.25,0.676588,0.035366
1,-1,2,0.75,0.6,-1,-1,0.3,0.3,0.679236,0.033488
1,-1,2,0.75,0.6,-1,-1,0.35,0.35,0.682624,0.031697
1,-1,2,0.75,0.6,-1,-1,0.4,0.4,0.68681,0.029957
1,-1,2,0.75,0.6,-1,-1,0.45,0.45,0.692134,0.027993
1,-1,2,0.75,0.6,-1,-1,0.5,0.5,0.702669,0.025197
1,-1,2,0.75,0.6,-1,-1,0.55,0.55,0.709616,0.023241
1,-1,2,0.75,0.6,-1,-1,0.6,0.6,0.716535,0.021718
1,-1,2,0.75,0.6,-1,-1,0.65,0.65,0.723368,0.020645
1,-1,2,0.75,0.6,-1,-1,0.7,0.7,0.730002,0.019831
1,-1,2,0.75,0.6,-1,-1,0.75,0.75,0.735184,0.019251
1,-1,2,0.75,0.6,-1,-1,0.8,0.8,0.74048,0.01868
1,-1,2,0.75,0.6,-1,-1,0.85,0.85,0.744523,0.018464
1,-1,2,0.75,0.6,-1,-1,0.9,0.9,0.748907,0.018343
1,-1,2,0.75,0.6,-1,-1,0.95,0.95,0.753776,0.018256
1,-1,2,0.75,0.6,-1,-1,1.0,1.0,0.76619,0.01823
1,-1,2,0.8,0.6,-1,-1,0.05,0.05,0.672582,0.040461
1,-1,2,0.8,0.6,-1,-1,0.1,0.1,0.67302,0.039019
1,-1,2,0.8,0.6,-1,-1,0.15,0.15,0.674115,0.037225
1,-1,2,0.8,0.6,-1,-1,0.2,0.2,0.675685,0.035323
1,-1,2,0.8,0.6,-1,-1,0.25,0.25,0.67773,0.033106
1,-1,2,0.8,0.6,-1,-1,0.3,0.3,0.681126,0.030477
1,-1,2,0.8,0.6,-1,-1,0.35,0.35,0.685471,0.027968
1,-1,2,0.8,0.6,-1,-1,0.4,0.4,0.690839,0.025533
1,-1,2,0.8,0.6,-1,-1,0.45,0.45,0.697667,0.022783
1,-1,2,0.8,0.6,-1,-1,0.5,0.5,0.711178,0.018869
1,-1,2,0.8,0.6,-1,-1,0.55,0.55,0.720087,0.016131
1,-1,2,0.8,0.6,-1,-1,0.6,0.6,0.72896,0.013998
1,-1,2,0.8,0.6,-1,-1,0.65,0.65,0.737724,0.012496
1,-1,2,0.8,0.6,-1,-1,0.7,0.7,0.746232,0.011357
1,-1,2,0.8,0.6,-1,-1,0.75,0.75,0.752877,0.010545
1,-1,2,0.8,0.6,-1,-1,0.8,0.8,0.759669,0.009745
1,-1,2,0.8,0.6,-1,-1,0.85,0.85,0.764854,0.009442
1,-1,2,0.8,0.6,-1,-1,0.9,0.9,0.770477,0.009273
1,-1,2,0.8,0.6,-1,-1,0.95,0.95,0.776722,0.009151
1,-1,2,0.8,0.6,-1,-1,1.0,1.0,0.792642,0.009115
1,-1,2,0.85,0.6,-1,-1,0.05,0.05,0.672591,0.040388
1,-1,2,0.85,0.6,-1,-1,0.1,0.1,0.673145,0.038757
1,-1,2,0.85,0.6,-1,-1,0.15,0.15,0.674529,0.036729
1,-1,2,0.85,0.6,-1,-1,0.2,0.2,0.676512,0.034577
1,-1,2,0.85,0.6,-1,-1,0.25,0.25,0.679095,0.03207
1,-1,2,0.85,0.6,-1,-1,0.3,0.3,0.683385,0.029096
1,-1,2,0.85,0.6,-1,-1,0.35,0.35,0.688875,0.026259
1,-1,2,0.85,0.6,-1,-1,0.4,0.4,0.695656,0.023505
1,-1,2,0.85,0.6,-1,-1,0.45,0.45,0.704282,0.020394
1,-1,2,0.85,0.6,-1,-1,0.5,0.5,0.721349,0.015968
1,-1,2,0.85,0.6,-1,-1,0.55,0.55,0.732605,0.012871
1,-1,2,0.85,0.6,-1,-1,0.6,0.6,0.743814,0.010459
1,-1,2,0.85,0.6,-1,-1,0.65,0.65,0.754885,0.00876
1,-1,2,0.85,0.6,-1,-1,0.7,0.7,0.765633,0.007472
1,-1,2,0.85,0.6,-1,-1,0.75,0.75,0.774029,0.006554
1,-1,2,0.85,0.6,-1,-1,0.8,0.8,0.782609,0.00565
1,-1,2,0.85,0.6,-1,-1,0.85,0.85,0.789159,0.005307
1,-1,2,0.85,0.6,-1,-1,0.9,0.9,0.796263,0.005115
1,-1,2,0.85,0.6,-1,-1,0.95,0.95,0.804151,0.004978
1,-1,2,0.85,0.6,-1,-1,1.0,1.0,0.824263,0.004937
1,-1,2,0.9,0.6,-1,-1,0.05,0.05,0.672602,0.040341
1,-1,2,0.9,0.6,-1,-1,0.1,0.1,0.673288,0.03859
1,-1,2,0.9,0.6,-1,-1,0.15,0.15,0.675002,0.036413
1,-1,2,0.9,0.6,-1,-1,0.2,0.2,0.677458,0.034103
1,-1,2,0.9,0.6,-1,-1,0.25,0.25,0.680657,0.03141
1,-1,2,0.9,0.6,-1,-1,0.3,0.3,0.68597,0.028218
1,-1,2,0.9,0.6,-1,-1,0.35,0.35,0.692769,0.025172
1,-1,2,0.9,0.6,-1,-1,0.4,0.4,0.701167,0.022215
1,-1,2,0.9,0.6,-1,-1,0.45,0.45,0.71185,0.018875
1,-1,2,0.9,0.6,-1,-1,0.5,0.5,0.732988,0.014123
1,-1,2,0.9,0.6,-1,-1,0.55,0.55,0.746928,0.010798
1,-1,2,0.9,0.6,-1,-1,0.6,0.6,0.76081,0.008208
1,-1,2,0.9,0.6,-1,-1,0.65,0.65,0.774521,0.006384
1,-1,2,0.9,0.6,-1,-1,0.7,0.7,0.787832,0.005001
1,-1,2,0.9,0.6,-1,-1,0.75,0.75,0.79823,0.004015
1,-1,2,0.9,0.6,-1,-1,0.8,0.8,0.808856,0.003044
1,-1,2,0.9,0.6,-1,-1,0.85,0.85,0.816968,0.002676
1,-1,2,0.9,0.6,-1,-1,0.9,0.9,0.825766,0.00247
1,-1,2,0.9,0.6,-1,-1,0.95,0.95,0.835536,0.002323
1,-1,2,0.9,0.6,-1,-1,1.0,1.0,0.860444,0.002279
1,-1,2,0.95,0.6,-1,-1,0.05,0.05,0.672615,0.040308
1,-1,2,0.95,0.6,-1,-1,0.1,0.1,0.673458,0.038471
1,-1,2,0.95,0.6,-1,-1,0.15,0.15,0.675566,0.036187
1,-1,2,0.95,0.6,-1,-1,0.2,0.2,0.678587,0.033764
1,-1,2,0.95,0.6,-1,-1,0.25,0.25,0.682521,0.03094
1,-1,2,0.95,0.6,-1,-1,0.3,0.3,0.689055,0.02759
1,-1,2,0.95,0.6,-1,-1,0.35,0.35,0.697416,0.024395
1,-1,2,0.95,0.6,-1,-1,0.4,0.4,0.707743,0.021293
1,-1,2,0.95,0.6,-1,-1,0.45,0.45,0.720881,0.01779
1,-1,2,0.95,0.6,-1,-1,0.5,0.5,0.746876,0.012804
1,-1,2,0.95,0.6,-1,-1,0.55,0.55,0.764019,0.009316
1,-1,2,0.95,0.6,-1,-1,0.6,0.6,0.781091,0.0066
1,-1,2,0.95,0.6,-1,-1,0.65,0.65,0.797952,0.004686
1,-1,2,0.95,0.6,-1,-1,0.7,0.7,0.814322,0.003235
1,-1,2,0.95,0.6,-1,-1,0.75,0.75,0.827109,0.002201
1,-1,2,0.95,0.6,-1,-1,0.8,0.8,0.840176,0.001183
1,-1,2,0.95,0.6,-1,-1,0.85,0.85,0.850153,0.000797
1,-1,2,0.95,0.6,-1,-1,0.9,0.9,0.860972,0.000581
1,-1,2,0.95,0.6,-1,-1,0.95,0.95,0.872986,0.000426
1,-1,2,0.95,0.6,-1,-1,1.0,1.0,0.903618,0.00038
1,-1,2,1.0,0.6,-1,-1,0.05,0.05,0.672645,0.040301
1,-1,2,1.0,0.6,-1,-1,0.1,0.1,0.673839,0.038448
1,-1,2,1.0,0.6,-1,-1,0.15,0.15,0.676826,0.036142
1,-1,2,1.0,0.6,-1,-1,0.2,0.2,0.681107,0.033696
1,-1,2,1.0,0.6,-1,-1,0.25,0.25,0.686683,0.030845
1,-1,2,1.0,0.6,-1,-1,0.3,0.3,0.695942,0.027465
1,-1,2,1.0,0.6,-1,-1,0.35,0.35,0.707789,0.02424
1,-1,2,1.0,0.6,-1,-1,0.4,0.4,0.722425,0.021109
1,-1,2,1.0,0.6,-1,-1,0.45,0.45,0.741043,0.017572
1,-1,2,1.0,0.6,-1,-1,0.5,0.5,0.77788,0.012541
1,-1,2,1.0,0.6,-1,-1,0.55,0.55,0.802173,0.00902
1,-1,2,1.0,0.6,-1,-1,0.6,0.6,0.826366,0.006278
1,-1,2,1.0,0.6,-1,-1,0.65,0.65,0.850261,0.004346
1,-1,2,1.0,0.6,-1,-1,0.7,0.7,0.873458,0.002882
1,-1,2,1.0,0.6,-1,-1,0.75,0.75,0.891578,0.001838
1,-1,2,1.0,0.6,-1,-1,0.8,0.8,0.910097,0.00081
1,-1,2,1.0,0.6,-1,-1,0.85,0.85,0.924234,0.000421
1,-1,2,1.0,0.6,-1,-1,0.9,0.9,0.939567,0.000203
1,-1,2,1.0,0.6,-1,-1,0.95,0.95,0.956592,4.7e-05
1,-1,2,1.0,0.6,-1,-1,1.0,1.0,1.0,0.0
1,-1,2,0.65,0.65,-1,-1,0.05,0.05,0.706294,0.033042
1,-1,2,0.65,0.65,-1,-1,0.1,0.1,0.706294,0.033042
1,-1,2,0.65,0.65,-1,-1,0.15,0.15,0.706294,0.033042
1,-1,2,0.65,0.65,-1,-1,0.2,0.2,0.706294,0.033042
1,-1,2,0.65,0.65,-1,-1,0.25,0.25,0.706294,0.033042
1,-1,2,0.65,0.65,-1,-1,0.3,0.3,0.706294,0.033042
1,-1,2,0.65,0.65,-1,-1,0.35,0.35,0.706294,0.033042
1,-1,2,0.65,0.65,-1,-1,0.4,0.4,0.706294,0.033042
1,-1,2,0.65,0.65,-1,-1,0.45,0.45,0.706294,0.033042
1,-1,2,0.65,0.65,-1,-1,0.5,0.5,0.706294,0.033042
1,-1,2,0.65,0.65,-1,-1,0.55,0.55,0.706294,0.033042
1,-1,2,0.65,0.65,-1,-1,0.6,0.6,0.706294,0.033042
1,-1,2,0.65,0.65,-1,-1,0.65,0.65,0.706294,0.033042
1,-1,2,0.65,0.65,-1,-1,0.7,0.7,0.706294,0.033042
1,-1,2,0.65,0.65,-1,-1,0.75,0.75,0.706294,0.033042
1,-1,2,0.65,0.65,-1,-1,0.8,0.8,0.706294,0.033042
1,-1,2,0.65,0.65,-1,-1,0.85,0.85,0.706294,0.033042
1,-1,2,0.65,0.65,-1,-1,0.9,0.9,0.706294,0.033042
1,-1,2,0.65,0.65,-1,-1,0.95,0.95,0.706294,0.033042
1,-1,2,0.65,0.65,-1,-1,1.0,1.0,0.706294,0.033042
1,-1,2,0.7,0.65,-1,-1,0.05,0.05,0.706302,0.032883
1,-1,2,0.7,0.65,-1,-1,0.1,0.1,0.706397,0.032471
1,-1,2,0.7,0.65,-1,-1,0.15,0.15,0.706636,0.031958
1,-1,2,0.7,0.65,-1,-1,0.2,0.2,0.706978,0.031415
1,-1,2,0.7,0.65,-1,-1,0.25,0.25,0.707423,0.030781
1,-1,2,0.7,0.65,-1,-1,0.3,0.3,0.708162,0.03003
1,-1,2,0.7,0.65,-1,-1,0.35,0.35,0.709108,0.029314
1,-1,2,0.7,0.65,-1,-1,0.4,0.4,0.710277,0.028618
1,-1,2,0.7,0.65,-1,-1,0.45,0.45,0.711763,0.027832
1,-1,2,0.7,0.65,-1,-1,0.5,0.5,0.714705,0.026714
1,-1,2,0.7,0.65,-1,-1,0.55,0.55,0.716645,0.025931
1,-1,2,0.7,0.65,-1,-1,0.6,0.6,0.718577,0.025322
1,-1,2,0.7,0.65,-1,-1,0.65,0.65,0.720484,0.024893
1,-1,2,0.7,0.65,-1,-1,0.7,0.7,0.722337,0.024567
1,-1,2,0.7,0.65,-1,-1,0.75,0.75,0.723784,0.024335
1,-1,2,0.7,0.65,-1,-1,0.8,0.8,0.725262,0.024107
1,-1,2,0.7,0.65,-1,-1,0.85,0.85,0.726391,0.02402
1,-1,2,0.7,0.65,-1,-1,0.9,0.9,0.727615,0.023972
1,-1,2,0.7,0.65,-1,-1,0.95,0.95,0.728975,0.023937
1,-1,2,0.7,0.65,-1,-1,1.0,1.0,0.732441,0.023927
1,-1,2,0.75,0.65,-1,-1,0.05,0.05,0.706312,0.032783
1,-1,2,0.75,0.65,-1,-1,0.1,0.1,0.706531,0.032114
1,-1,2,0.75,0.65,-1,-1,0.15,0.15,0.707077,0.031281
1,-1,2,0.75,0.65,-1,-1,0.2,0.2,0.70786,0.030398
1,-1,2,0.75,0.65,-1,-1,0.25,0.25,0.70888,0.029369
1,-1,2,0.75,0.65,-1,-1,0.3,0.3,0.710574,0.028148
1,-1,2,0.75,0.65,-1,-1,0.35,0.35,0.712741,0.026983
1,-1,2,0.75,0.65,-1,-1,0.4,0.4,0.715418,0.025853
1,-1,2,0.75,0.65,-1,-1,0.45,0.45,0.718823,0.024576
1,-1,2,0.75,0.65,-1,-1,0.5,0.5,0.725561,0.022759
1,-1,2,0.75,0.65,-1,-1,0.55,0.55,0.730005,0.021487
1,-1,2,0.75,0.65,-1,-1,0.6,0.6,0.73443,0.020497
1,-1,2,0.75,0.65,-1,-1,0.65,0.65,0.738801,0.0198
1,-1,2,0.75,0.65,-1,-1,0.7,0.7,0.743044,0.019271
1,-1,2,0.75,0.65,-1,-1,0.75,0.75,0.746358,0.018894
1,-1,2,0.75,0.65,-1,-1,0.8,0.8,0.749745,0.018523
1,-1,2,0.75,0.65,-1,-1,0.85,0.85,0.752331,0.018382
1,-1,2,0.75,0.65,-1,-1,0.9,0.9,0.755136,0.018303
1,-1,2,0.75,0.65,-1,-1,0.95,0.95,0.75825,0.018247
1,-1,2,0.75,0.65,-1,-1,1.0,1.0,0.76619,0.01823
1,-1,2,0.8,0.65,-1,-1,0.05,0.05,0.70632,0.032624
1,-1,2,0.8,0.65,-1,-1,0.1,0.1,0.706635,0.031543
1,-1,2,0.8,0.65,-1,-1,0.15,0.15,0.707423,0.030198
1,-1,2,0.8,0.65,-1,-1,0.2,0.2,0.708552,0.028771
1,-1,2,0.8,0.65,-1,-1,0.25,0.25,0.710022,0.027108
1,-1,2,0.8,0.65,-1,-1,0.3,0.3,0.712464,0.025136
1,-1,2,0.8,0.65,-1,-1,0.35,0.35,0.715588,0.023255
1,-1,2,0.8,0.65,-1,-1,0.4,0.4,0.719447,0.021428
1,-1,2,0.8,0.65,-1,-1,0.45,0.45,0.724356,0.019366
1,-1,2,0.8,0.65,-1,-1,0.5,0.5,0.73407,0.01643
1,-1,2,0.8,0.65,-1,-1,0.55,0.55,0.740476,0.014377
1,-1,2,0.8,0.65,-1,-1,0.6,0.6,0.746856,0.012777
1,-1,2,0.8,0.65,-1,-1,0.65,0.65,0.753157,0.01165
1,-1,2,0.8,0.65,-1,-1,0.7,0.7,0.759274,0.010796
1,-1,2,0.8,0.65,-1,-1,0.75,0.75,0.764052,0.010187
1,-1,2,0.8,0.65,-1,-1,0.8,0.8,0.768935,0.009588
1,-1,2,0.8,0.65,-1,-1,0.85,0.85,0.772663,0.00936
1,-1,2,0.8,0.65,-1,-1,0.9,0.9,0.776706,0.009233
1,-1,2,0.8,0.65,-1,-1,0.95,0.95,0.781195,0.009142
1,-1,2,0.8,0.65,-1,-1,1.0,1.0,0.792642,0.009115
1,-1,2,0.85,0.65,-1,-1,0.05,0.05,0.70633,0.032551
1,-1,2,0.85,0.65,-1,-1,0.1,0.1,0.70676,0.031281
1,-1,2,0.85,0.65,-1,-1,0.15,0.15,0.707836,0.029701
1,-1,2,0.85,0.65,-1,-1,0.2,0.2,0.709379,0.028025
1,-1,2,0.85,0.65,-1,-1,0.25,0.25,0.711387,0.026072
1,-1,2,0.85,0.65,-1,-1,0.3,0.3,0.714723,0.023755
1,-1,2,0.85,0.65,-1,-1,0.35,0.35,0.718991,0.021546
1,-1,2,0.85,0.65,-1,-1,0.4,0.4,0.724264,0.0194
1,-1,2,0.85,0.65,-1,-1,0.45,0.45,0.730971,0.016977
1,-1,2,0.85,0.65,-1,-1,0.5,0.5,0.744242,0.01353
1,-1,2,0.85,0.65,-1,-1,0.55,0.55,0.752994,0.011117
1,-1,2,0.85,0.65,-1,-1,0.6,0.6,0.76171,0.009239
1,-1,2,0.85,0.65,-1,-1,0.65,0.65,0.770318,0.007915
1,-1,2,0.85,0.65,-1,-1,0.7,0.7,0.778675,0.006912
1,-1,2,0.85,0.65,-1,-1,0.75,0.75,0.785203,0.006197
1,-1,2,0.85,0.65,-1,-1,0.8,0.8,0.791874,0.005492
1,-1,2,0.85,0.65,-1,-1,0.85,0.85,0.796968,0.005225
1,-1,2,0.85,0.65,-1,-1,0.9,0.9,0.802491,0.005076
1,-1,2,0.85,0.65,-1,-1,0.95,0.95,0.808625,0.004969
1,-1,2,0.85,0.65,-1,-1,1.0,1.0,0.824263,0.004937
1,-1,2,0.9,0.65,-1,-1,0.05,0.05,0.706341,0.032505
1,-1,2,0.9,0.65,-1,-1,0.1,0.1,0.706903,0.031114
1,-1,2,0.9,0.65,-1,-1,0.15,0.15,0.708309,0.029385
1,-1,2,0.9,0.65,-1,-1,0.2,0.2,0.710325,0.027551
1,-1,2,0.9,0.65,-1,-1,0.25,0.25,0.712949,0.025413
1,-1,2,0.9,0.65,-1,-1,0.3,0.3,0.717308,0.022877
1,-1,2,0.9,0.65,-1,-1,0.35,0.35,0.722885,0.020459
1,-1,2,0.9,0.65,-1,-1,0.4,0.4,0.729775,0.01811
1,-1,2,0.9,0.65,-1,-1,0.45,0.45,0.738539,0.015458
1,-1,2,0.9,0.65,-1,-1,0.5,0.5,0.755881,0.011684
1,-1,2,0.9,0.65,-1,-1,0.55,0.55,0.767317,0.009044
1,-1,2,0.9,0.65,-1,-1,0.6,0.6,0.778706,0.006987
1,-1,2,0.9,0.65,-1,-1,0.65,0.65,0.789954,0.005539
1,-1,2,0.9,0.65,-1,-1,0.7,0.7,0.800874,0.00444
1,-1,2,0.9,0.65,-1,-1,0.75,0.75,0.809404,0.003658
1,-1,2,0.9,0.65,-1,-1,0.8,0.8,0.818122,0.002887
1,-1,2,0.9,0.65,-1,-1,0.85,0.85,0.824777,0.002594
1,-1,2,0.9,0.65,-1,-1,0.9,0.9,0.831995,0.002431
1,-1,2,0.9,0.65,-1,-1,0.95,0.95,0.840009,0.002314
1,-1,2,0.9,0.65,-1,-1,1.0,1.0,0.860444,0.002279
1,-1,2,0.95,0.65,-1,-1,0.05,0.05,0.706354,0.032471
1,-1,2,0.95,0.65,-1,-1,0.1,0.1,0.707074,0.030995
1,-1,2,0.95,0.65,-1,-1,0.15,0.15,0.708874,0.029159
1,-1,2,0.95,0.65,-1,-1,0.2,0.2,0.711454,0.027212
1,-1,2,0.95,0.65,-1,-1,0.25,0.25,0.714813,0.024942
1,-1,2,0.95,0.65,-1,-1,0.3,0.3,0.720393,0.02225
1,-1,2,0.95,0.65,-1,-1,0.35,0.35,0.727532,0.019682
1,-1,2,0.95,0.65,-1,-1,0.4,0.4,0.736352,0.017189
1,-1,2,0.95,0.65,-1,-1,0.45,0.45,0.747571,0.014373
1,-1,2,0.95,0.65,-1,-1,0.5,0.5,0.769769,0.010366
1,-1,2,0.95,0.65,-1,-1,0.55,0.55,0.784408,0.007562
1,-1,2,0.95,0.65,-1,-1,0.6,0.6,0.798987,0.005379
1,-1,2,0.95,0.65,-1,-1,0.65,0.65,0.813385,0.003841
1,-1,2,0.95,0.65,-1,-1,0.7,0.7,0.827364,0.002675
1,-1,2,0.95,0.65,-1,-1,0.75,0.75,0.838283,0.001844
1,-1,2,0.95,0.65,-1,-1,0.8,0.8,0.849442,0.001025
1,-1,2,0.95,0.65,-1,-1,0.85,0.85,0.857962,0.000715
1,-1,2,0.95,0.65,-1,-1,0.9,0.9,0.867201,0.000541
1,-1,2,0.95,0.65,-1,-1,0.95,0.95,0.87746,0.000417
1,-1,2,0.95,0.65,-1,-1,1.0,1.0,0.903618,0.00038
1,-1,2,1.0,0.65,-1,-1,0.05,0.05,0.706383,0.032465
1,-1,2,1.0,0.65,-1,-1,0.1,0.1,0.707455,0.030971
1,-1,2,1.0,0.65,-1,-1,0.15,0.15,0.710134,0.029114
1,-1,2,1.0,0.65,-1,-1,0.2,0.2,0.713974,0.027144
1,-1,2,1.0,0.65,-1,-1,0.25,0.25,0.718974,0.024847
1,-1,2,1.0,0.65,-1,-1,0.3,0.3,0.727279,0.022124
1,-1,2,1.0,0.65,-1,-1,0.35,0.35,0.737906,0.019527
1,-1,2,1.0,0.65,-1,-1,0.4,0.4,0.751033,0.017004
1,-1,2,1.0,0.65,-1,-1,0.45,0.45,0.767732,0.014155
1,-1,2,1.0,0.65,-1,-1,0.5,0.5,0.800773,0.010102
1,-1,2,1.0,0.65,-1,-1,0.55,0.55,0.822562,0.007266
1,-1,2,1.0,0.65,-1,-1,0.6,0.6,0.844262,0.005057
1,-1,2,1.0,0.65,-1,-1,0.65,0.65,0.865694,0.003501
1,-1,2,1.0,0.65,-1,-1,0.7,0.7,0.8865,0.002322
1,-1,2,1.0,0.65,-1,-1,0.75,0.75,0.902753,0.001481
1,-1,2,1.0,0.65,-1,-1,0.8,0.8,0.919362,0.000653
1,-1,2,1.0,0.65,-1,-1,0.85,0.85,0.932043,0.000339
1,-1,2,1.0,0.65,-1,-1,0.9,0.9,0.945795,0.000163
1,-1,2,1.0,0.65,-1,-1,0.95,0.95,0.961065,3.8e-05
1,-1,2,1.0,0.65,-1,-1,1.0,1.0,1.0,0.0
1,-1,2,0.7,0.7,-1,-1,0.05,0.05,0.732441,0.023927
1,-1,2,0.7,0.7,-1,-1,0.1,0.1,0.732441,0.023927
1,-1,2,0.7,0.7,-1,-1,0.15,0.15,0.732441,0.023927
1,-1,2,0.7,0.7,-1,-1,0.2,0.2,0.732441,0.023927
1,-1,2,0.7,0.7,-1,-1,0.25,0.25,0.732441,0.023927
1,-1,2,0.7,0.7,-1,-1,0.3,0.3,0.732441,0.023927
1,-1,2,0.7,0.7,-1,-1,0.35,0.35,0.732441,0.023927
1,-1,2,0.7,0.7,-1,-1,0.4,0.4,0.732441,0.023927
1,-1,2,0.7,0.7,-1,-1,0.45,0.45,0.732441,0.023927
1,-1,2,0.7,0.7,-1,-1,0.5,0.5,0.732441,0.023927
1,-1,2,0.7,0.7,-1,-1,0.55,0.55,0.732441,0.023927
1,-1,2,0.7,0.7,-1,-1,0.6,0.6,0.732441,0.023927
1,-1,2,0.7,0.7,-1,-1,0.65,0.65,0.732441,0.023927
1,-1,2,0.7,0.7,-1,-1,0.7,0.7,0.732441,0.023927
1,-1,2,0.7,0.7,-1,-1,0.75,0.75,0.732441,0.023927
1,-1,2,0.7,0.7,-1,-1,0.8,0.8,0.732441,0.023927
1,-1,2,0.7,0.7,-1,-1,0.85,0.85,0.732441,0.023927
1,-1,2,0.7,0.7,-1,-1,0.9,0.9,0.732441,0.023927
1,-1,2,0.7,0.7,-1,-1,0.95,0.95,0.732441,0.023927
1,-1,2,0.7,0.7,-1,-1,1.0,1.0,0.732441,0.023927
1,-1,2,0.75,0.7,-1,-1,0.05,0.05,0.732451,0.023827
1,-1,2,0.75,0.7,-1,-1,0.1,0.1,0.732574,0.02357
1,-1,2,0.75,0.7,-1,-1,0.15,0.15,0.732882,0.02325
1,-1,2,0.75,0.7,-1,-1,0.2,0.2,0.733323,0.02291
1,-1,2,0.75,0.7,-1,-1,0.25,0.25,0.733898,0.022514
1,-1,2,0.75,0.7,-1,-1,0.3,0.3,0.734852,0.022045
1,-1,2,0.75,0.7,-1,-1,0.35,0.35,0.736073,0.021597
1,-1,2,0.75,0.7,-1,-1,0.4,0.4,0.737582,0.021162
1,-1,2,0.75,0.7,-1,-1,0.45,0.45,0.739501,0.020671
1,-1,2,0.75,0.7,-1,-1,0.5,0.5,0.743297,0.019972
1,-1,2,0.75,0.7,-1,-1,0.55,0.55,0.745801,0.019483
1,-1,2,0.75,0.7,-1,-1,0.6,0.6,0.748295,0.019102
1,-1,2,0.75,0.7,-1,-1,0.65,0.65,0.750757,0.018834
1,-1,2,0.75,0.7,-1,-1,0.7,0.7,0.753148,0.01863
1,-1,2,0.75,0.7,-1,-1,0.75,0.75,0.755016,0.018485
1,-1,2,0.75,0.7,-1,-1,0.8,0.8,0.756924,0.018343
1,-1,2,0.75,0.7,-1,-1,0.85,0.85,0.758381,0.018288
1,-1,2,0.75,0.7,-1,-1,0.9,0.9,0.759961,0.018258
1,-1,2,0.75,0.7,-1,-1,0.95,0.95,0.761716,0.018236
1,-1,2,0.75,0.7,-1,-1,1.0,1.0,0.76619,0.01823
1,-1,2,0.8,0.7,-1,-1,0.05,0.05,0.732459,0.023668
1,-1,2,0.8,0.7,-1,-1,0.1,0.1,0.732679,0.022999
1,-1,2,0.8,0.7,-1,-1,0.15,0.15,0.733228,0.022166
1,-1,2,0.8,0.7,-1,-1,0.2,0.2,0.734015,0.021283
1,-1,2,0.8,0.7,-1,-1,0.25,0.25,0.73504,0.020254
1,-1,2,0.8,0.7,-1,-1,0.3,0.3,0.736742,0.019033
1,-1,2,0.8,0.7,-1,-1,0.35,0.35,0.73892,0.017868
1,-1,2,0.8,0.7,-1,-1,0.4,0.4,0.741611,0.016738
1,-1,2,0.8,0.7,-1,-1,0.45,0.45,0.745034,0.015461
1,-1,2,0.8,0.7,-1,-1,0.5,0.5,0.751806,0.013644
1,-1,2,0.8,0.7,-1,-1,0.55,0.55,0.756272,0.012372
1,-1,2,0.8,0.7,-1,-1,0.6,0.6,0.76072,0.011382
1,-1,2,0.8,0.7,-1,-1,0.65,0.65,0.765113,0.010685
1,-1,2,0.8,0.7,-1,-1,0.7,0.7,0.769378,0.010156
1,-1,2,0.8,0.7,-1,-1,0.75,0.75,0.772709,0.009779
1,-1,2,0.8,0.7,-1,-1,0.8,0.8,0.776114,0.009408
1,-1,2,0.8,0.7,-1,-1,0.85,0.85,0.778713,0.009267
1,-1,2,0.8,0.7,-1,-1,0.9,0.9,0.781532,0.009188
1,-1,2,0.8,0.7,-1,-1,0.95,0.95,0.784662,0.009132
1,-1,2,0.8,0.7,-1,-1,1.0,1.0,0.792642,0.009115
1,-1,2,0.85,0.7,-1,-1,0.05,0.05,0.732469,0.023595
1,-1,2,0.85,0.7,-1,-1,0.1,0.1,0.732804,0.022737
1,-1,2,0.85,0.7,-1,-1,0.15,0.15,0.733641,0.02167
1,-1,2,0.85,0.7,-1,-1,0.2,0.2,0.734842,0.020537
1,-1,2,0.85,0.7,-1,-1,0.25,0.25,0.736405,0.019217
1,-1,2,0.85,0.7,-1,-1,0.3,0.3,0.739002,0.017652
1,-1,2,0.85,0.7,-1,-1,0.35,0.35,0.742324,0.016159
1,-1,2,0.85,0.7,-1,-1,0.4,0.4,0.746428,0.01471
1,-1,2,0.85,0.7,-1,-1,0.45,0.45,0.751649,0.013072
1,-1,2,0.85,0.7,-1,-1,0.5,0.5,0.761978,0.010743
1,-1,2,0.85,0.7,-1,-1,0.55,0.55,0.76879,0.009113
1,-1,2,0.85,0.7,-1,-1,0.6,0.6,0.775574,0.007844
1,-1,2,0.85,0.7,-1,-1,0.65,0.65,0.782274,0.006949
1,-1,2,0.85,0.7,-1,-1,0.7,0.7,0.788779,0.006271
1,-1,2,0.85,0.7,-1,-1,0.75,0.75,0.79386,0.005788
1,-1,2,0.85,0.7,-1,-1,0.8,0.8,0.799053,0.005312
1,-1,2,0.85,0.7,-1,-1,0.85,0.85,0.803018,0.005132
1,-1,2,0.85,0.7,-1,-1,0.9,0.9,0.807317,0.005031
1,-1,2,0.85,0.7,-1,-1,0.95,0.95,0.812091,0.004959
1,-1,2,0.85,0.7,-1,-1,1.0,1.0,0.824263,0.004937
1,-1,2,0.9,0.7,-1,-1,0.05,0.05,0.73248,0.023549
1,-1,2,0.9,0.7,-1,-1,0.1,0.1,0.732947,0.02257
1,-1,2,0.9,0.7,-1,-1,0.15,0.15,0.734115,0.021354
1,-1,2,0.9,0.7,-1,-1,0.2,0.2,0.735788,0.020063
1,-1,2,0.9,0.7,-1,-1,0.25,0.25,0.737967,0.018558
1,-1,2,0.9,0.7,-1,-1,0.3,0.3,0.741587,0.016774
1,-1,2,0.9,0.7,-1,-1,0.35,0.35,0.746218,0.015072
1,-1,2,0.9,0.7,-1,-1,0.4,0.4,0.751939,0.01342
1,-1,2,0.9,0.7,-1,-1,0.45,0.45,0.759217,0.011553
1,-1,2,0.9,0.7,-1,-1,0.5,0.5,0.773617,0.008898
1,-1,2,0.9,0.7,-1,-1,0.55,0.55,0.783113,0.007039
1,-1,2,0.9,0.7,-1,-1,0.6,0.6,0.79257,0.005592
1,-1,2,0.9,0.7,-1,-1,0.65,0.65,0.801911,0.004573
1,-1,2,0.9,0.7,-1,-1,0.7,0.7,0.810979,0.0038
1,-1,2,0.9,0.7,-1,-1,0.75,0.75,0.818062,0.003249
1,-1,2,0.9,0.7,-1,-1,0.8,0.8,0.825301,0.002707
1,-1,2,0.9,0.7,-1,-1,0.85,0.85,0.830827,0.002501
1,-1,2,0.9,0.7,-1,-1,0.9,0.9,0.83682,0.002386
1,-1,2,0.9,0.7,-1,-1,0.95,0.95,0.843476,0.002304
1,-1,2,0.9,0.7,-1,-1,1.0,1.0,0.860444,0.002279
1,-1,2,0.95,0.7,-1,-1,0.05,0.05,0.732493,0.023516
1,-1,2,0.95,0.7,-1,-1,0.1,0.1,0.733118,0.022451
1,-1,2,0.95,0.7,-1,-1,0.15,0.15,0.734679,0.021128
1,-1,2,0.95,0.7,-1,-1,0.2,0.2,0.736917,0.019724
1,-1,2,0.95,0.7,-1,-1,0.25,0.25,0.739831,0.018087
1,-1,2,0.95,0.7,-1,-1,0.3,0.3,0.744672,0.016147
1,-1,2,0.95,0.7,-1,-1,0.35,0.35,0.750865,0.014295
1,-1,2,0.95,0.7,-1,-1,0.4,0.4,0.758516,0.012498
1,-1,2,0.95,0.7,-1,-1,0.45,0.45,0.768248,0.010468
1,-1,2,0.95,0.7,-1,-1,0.5,0.5,0.787505,0.007579
1,-1,2,0.95,0.7,-1,-1,0.55,0.55,0.800204,0.005558
1,-1,2,0.95,0.7,-1,-1,0.6,0.6,0.812851,0.003984
1,-1,2,0.95,0.7,-1,-1,0.65,0.65,0.825342,0.002875
1,-1,2,0.95,0.7,-1,-1,0.7,0.7,0.837468,0.002034
1,-1,2,0.95,0.7,-1,-1,0.75,0.75,0.846941,0.001435
1,-1,2,0.95,0.7,-1,-1,0.8,0.8,0.856621,0.000845
1,-1,2,0.95,0.7,-1,-1,0.85,0.85,0.864012,0.000621
1,-1,2,0.95,0.7,-1,-1,0.9,0.9,0.872026,0.000496
1,-1,2,0.95,0.7,-1,-1,0.95,0.95,0.880926,0.000407
1,-1,2,0.95,0.7,-1,-1,1.0,1.0,0.903618,0.00038
1,-1,2,1.0,0.7,-1,-1,0.05,0.05,0.732522,0.023509
1,-1,2,1.0,0.7,-1,-1,0.1,0.1,0.733499,0.022428
1,-1,2,1.0,0.7,-1,-1,0.15,0.15,0.735939,0.021083
1,-1,2,1.0,0.7,-1,-1,0.2,0.2,0.739437,0.019656
1,-1,2,1.0,0.7,-1,-1,0.25,0.25,0.743993,0.017993
1,-1,2,1.0,0.7,-1,-1,0.3,0.3,0.751558,0.016021
1,-1,2,1.0,0.7,-1,-1,0.35,0.35,0.761239,0.01414
1,-1,2,1.0,0.7,-1,-1,0.4,0.4,0.773197,0.012313
1,-1,2,1.0,0.7,-1,-1,0.45,0.45,0.78841,0.010251
1,-1,2,1.0,0.7,-1,-1,0.5,0.5,0.818509,0.007315
1,-1,2,1.0,0.7,-1,-1,0.55,0.55,0.838358,0.005262
1,-1,2,1.0,0.7,-1,-1,0.6,0.6,0.858126,0.003662
1,-1,2,1.0,0.7,-1,-1,0.65,0.65,0.87765,0.002535
1,-1,2,1.0,0.7,-1,-1,0.7,0.7,0.896605,0.001681
1,-1,2,1.0,0.7,-1,-1,0.75,0.75,0.91141,0.001072
1,-1,2,1.0,0.7,-1,-1,0.8,0.8,0.926541,0.000473
1,-1,2,1.0,0.7,-1,-1,0.85,0.85,0.938093,0.000245
1,-1,2,1.0,0.7,-1,-1,0.9,0.9,0.950621,0.000118
1,-1,2,1.0,0.7,-1,-1,0.95,0.95,0.964532,2.7e-05
1,-1,2,1.0,0.7,-1,-1,1.0,1.0,1.0,0.0
1,-1,2,0.75,0.75,-1,-1,0.05,0.05,0.76619,0.01823
1,-1,2,0.75,0.75,-1,-1,0.1,0.1,0.76619,0.01823
1,-1,2,0.75,0.75,-1,-1,0.15,0.15,0.76619,0.01823
1,-1,2,0.75,0.75,-1,-1,0.2,0.2,0.76619,0.01823
1,-1,2,0.75,0.75,-1,-1,0.25,0.25,0.76619,0.01823
1,-1,2,0.75,0.75,-1,-1,0.3,0.3,0.76619,0.01823
1,-1,2,0.75,0.75,-1,-1,0.35,0.35,0.76619,0.01823
1,-1,2,0.75,0.75,-1,-1,0.4,0.4,0.76619,0.01823
1,-1,2,0.75,0.75,-1,-1,0.45,0.45,0.76619,0.01823
1,-1,2,0.75,0.75,-1,-1,0.5,0.5,0.76619,0.01823
1,-1,2,0.75,0.75,-1,-1,0.55,0.55,0.76619,0.01823
1,-1,2,0.75,0.75,-1,-1,0.6,0.6,0.76619,0.01823
1,-1,2,0.75,0.75,-1,-1,0.65,0.65,0.76619,0.01823
1,-1,2,0.75,0.75,-1,-1,0.7,0.7,0.76619,0.01823
1,-1,2,0.75,0.75,-1,-1,0.75,0.75,0.76619,0.01823
1,-1,2,0.75,0.75,-1,-1,0.8,0.8,0.76619,0.01823
1,-1,2,0.75,0.75,-1,-1,0.85,0.85,0.76619,0.01823
1,-1,2,0.75,0.75,-1,-1,0.9,0.9,0.76619,0.01823
1,-1,2,0.75,0.75,-1,-1,0.95,0.95,0.76619,0.01823
1,-1,2,0.75,0.75,-1,-1,1.0,1.0,0.76619,0.01823
1,-1,2,0.8,0.75,-1,-1,0.05,0.05,0.766198,0.018071
1,-1,2,0.8,0.75,-1,-1,0.1,0.1,0.766295,0.017659
1,-1,2,0.8,0.75,-1,-1,0.15,0.15,0.766536,0.017146
1,-1,2,0.8,0.75,-1,-1,0.2,0.2,0.766882,0.016603
1,-1,2,0.8,0.75,-1,-1,0.25,0.25,0.767332,0.015969
1,-1,2,0.8,0.75,-1,-1,0.3,0.3,0.76808,0.015218
1,-1,2,0.8,0.75,-1,-1,0.35,0.35,0.769037,0.014502
1,-1,2,0.8,0.75,-1,-1,0.4,0.4,0.770219,0.013806
1,-1,2,0.8,0.75,-1,-1,0.45,0.45,0.771723,0.01302
1,-1,2,0.8,0.75,-1,-1,0.5,0.5,0.774699,0.011902
1,-1,2,0.8,0.75,-1,-1,0.55,0.55,0.776661,0.011119
1,-1,2,0.8,0.75,-1,-1,0.6,0.6,0.778616,0.01051
1,-1,2,0.8,0.75,-1,-1,0.65,0.65,0.780546,0.010081
1,-1,2,0.8,0.75,-1,-1,0.7,0.7,0.78242,0.009755
1,-1,2,0.8,0.75,-1,-1,0.75,0.75,0.783884,0.009523
1,-1,2,0.8,0.75,-1,-1,0.8,0.8,0.78538,0.009295
1,-1,2,0.8,0.75,-1,-1,0.85,0.85,0.786522,0.009208
1,-1,2,0.8,0.75,-1,-1,0.9,0.9,0.78776,0.00916
1,-1,2,0.8,0.75,-1,-1,0.95,0.95,0.789135,0.009125
1,-1,2,0.8,0.75,-1,-1,1.0,1.0,0.792642,0.009115
1,-1,2,0.85,0.75,-1,-1,0.05,0.05,0.766208,0.017998
1,-1,2,0.85,0.75,-1,-1,0.1,0.1,0.76642,0.017397
1,-1,2,0.85,0.75,-1,-1,0.15,0.15,0.766949,0.01665
1,-1,2,0.85,0.75,-1,-1,0.2,0.2,0.767708,0.015857
1,-1,2,0.85,0.75,-1,-1,0.25,0.25,0.768697,0.014933
1,-1,2,0.85,0.75,-1,-1,0.3,0.3,0.770339,0.013838
1,-1,2,0.85,0.75,-1,-1,0.35,0.35,0.77244,0.012793
1,-1,2,0.85,0.75,-1,-1,0.4,0.4,0.775036,0.011778
1,-1,2,0.85,0.75,-1,-1,0.45,0.45,0.778338,0.010632
1,-1,2,0.85,0.75,-1,-1,0.5,0.5,0.784871,0.009001
1,-1,2,0.85,0.75,-1,-1,0.55,0.55,0.789179,0.00786
1,-1,2,0.85,0.75,-1,-1,0.6,0.6,0.79347,0.006972
1,-1,2,0.85,0.75,-1,-1,0.65,0.65,0.797707,0.006346
1,-1,2,0.85,0.75,-1,-1,0.7,0.7,0.801821,0.005871
1,-1,2,0.85,0.75,-1,-1,0.75,0.75,0.805035,0.005533
1,-1,2,0.85,0.75,-1,-1,0.8,0.8,0.808319,0.0052
1,-1,2,0.85,0.75,-1,-1,0.85,0.85,0.810826,0.005073
1,-1,2,0.85,0.75,-1,-1,0.9,0.9,0.813545,0.005003
1,-1,2,0.85,0.75,-1,-1,0.95,0.95,0.816565,0.004952
1,-1,2,0.85,0.75,-1,-1,1.0,1.0,0.824263,0.004937
1,-1,2,0.9,0.75,-1,-1,0.05,0.05,0.766219,0.017951
1,-1,2,0.9,0.75,-1,-1,0.1,0.1,0.766563,0.01723
1,-1,2,0.9,0.75,-1,-1,0.15,0.15,0.767422,0.016334
1,-1,2,0.9,0.75,-1,-1,0.2,0.2,0.768655,0.015383
1,-1,2,0.9,0.75,-1,-1,0.25,0.25,0.770259,0.014274
1,-1,2,0.9,0.75,-1,-1,0.3,0.3,0.772924,0.012959
1,-1,2,0.9,0.75,-1,-1,0.35,0.35,0.776335,0.011705
1,-1,2,0.9,0.75,-1,-1,0.4,0.4,0.780547,0.010488
1,-1,2,0.9,0.75,-1,-1,0.45,0.45,0.785906,0.009113
1,-1,2,0.9,0.75,-1,-1,0.5,0.5,0.796509,0.007156
1,-1,2,0.9,0.75,-1,-1,0.55,0.55,0.803502,0.005787
1,-1,2,0.9,0.75,-1,-1,0.6,0.6,0.810466,0.00472
1,-1,2,0.9,0.75,-1,-1,0.65,0.65,0.817343,0.003969
1,-1,2,0.9,0.75,-1,-1,0.7,0.7,0.82402,0.0034
1,-1,2,0.9,0.75,-1,-1,0.75,0.75,0.829236,0.002994
1,-1,2,0.9,0.75,-1,-1,0.8,0.8,0.834566,0.002594
1,-1,2,0.9,0.75,-1,-1,0.85,0.85,0.838636,0.002443
1,-1,2,0.9,0.75,-1,-1,0.9,0.9,0.843049,0.002358
1,-1,2,0.9,0.75,-1,-1,0.95,0.95,0.847949,0.002297
1,-1,2,0.9,0.75,-1,-1,1.0,1.0,0.860444,0.002279
1,-1,2,0.95,0.75,-1,-1,0.05,0.05,0.766232,0.017918
1,-1,2,0.95,0.75,-1,-1,0.1,0.1,0.766733,0.017111
1,-1,2,0.95,0.75,-1,-1,0.15,0.15,0.767987,0.016108
1,-1,2,0.95,0.75,-1,-1,0.2,0.2,0.769783,0.015044
1,-1,2,0.95,0.75,-1,-1,0.25,0.25,0.772123,0.013803
1,-1,2,0.95,0.75,-1,-1,0.3,0.3,0.776009,0.012332
1,-1,2,0.95,0.75,-1,-1,0.35,0.35,0.780982,0.010929
1,-1,2,0.95,0.75,-1,-1,0.4,0.4,0.787124,0.009566
1,-1,2,0.95,0.75,-1,-1,0.45,0.45,0.794937,0.008027
1,-1,2,0.95,0.75,-1,-1,0.5,0.5,0.810398,0.005837
1,-1,2,0.95,0.75,-1,-1,0.55,0.55,0.820593,0.004305
1,-1,2,0.95,0.75,-1,-1,0.6,0.6,0.830747,0.003112
1,-1,2,0.95,0.75,-1,-1,0.65,0.65,0.840775,0.002271
1,-1,2,0.95,0.75,-1,-1,0.7,0.7,0.85051,0.001634
1,-1,2,0.95,0.75,-1,-1,0.75,0.75,0.858115,0.00118
1,-1,2,0.95,0.75,-1,-1,0.8,0.8,0.865887,0.000733
1,-1,2,0.95,0.75,-1,-1,0.85,0.85,0.87182,0.000563
1,-1,2,0.95,0.75,-1,-1,0.9,0.9,0.878255,0.000468
1,-1,2,0.95,0.75,-1,-1,0.95,0.95,0.8854,0.0004
1,-1,2,0.95,0.75,-1,-1,1.0,1.0,0.903618,0.00038
1,-1,2,1.0,0.75,-1,-1,0.05,0.05,0.766261,0.017912
1,-1,2,1.0,0.75,-1,-1,0.1,0.1,0.767114,0.017088
1,-1,2,1.0,0.75,-1,-1,0.15,0.15,0.769247,0.016063
1,-1,2,1.0,0.75,-1,-1,0.2,0.2,0.772304,0.014976
1,-1,2,1.0,0.75,-1,-1,0.25,0.25,0.776285,0.013709
1,-1,2,1.0,0.75,-1,-1,0.3,0.3,0.782896,0.012206
1,-1,2,1.0,0.75,-1,-1,0.35,0.35,0.791355,0.010773
1,-1,2,1.0,0.75,-1,-1,0.4,0.4,0.801805,0.009382
1,-1,2,1.0,0.75,-1,-1,0.45,0.45,0.815099,0.00781
1,-1,2,1.0,0.75,-1,-1,0.5,0.5,0.841402,0.005574
1,-1,2,1.0,0.75,-1,-1,0.55,0.55,0.858747,0.004009
1,-1,2,1.0,0.75,-1,-1,0.6,0.6,0.876022,0.00279
1,-1,2,1.0,0.75,-1,-1,0.65,0.65,0.893083,0.001932
1,-1,2,1.0,0.75,-1,-1,0.7,0.7,0.909646,0.001281
1,-1,2,1.0,0.75,-1,-1,0.75,0.75,0.922585,0.000817
1,-1,2,1.0,0.75,-1,-1,0.8,0.8,0.935807,0.00036
1,-1,2,1.0,0.75,-1,-1,0.85,0.85,0.945902,0.000187
1,-1,2,1.0,0.75,-1,-1,0.9,0.9,0.956849,9e-05
1,-1,2,1.0,0.75,-1,-1,0.95,0.95,0.969005,2.1e-05
1,-1,2,1.0,0.75,-1,-1,1.0,1.0,1.0,0.0
1,-1,2,0.8,0.8,-1,-1,0.05,0.05,0.792642,0.009115
1,-1,2,0.8,0.8,-1,-1,0.1,0.1,0.792642,0.009115
1,-1,2,0.8,0.8,-1,-1,0.15,0.15,0.792642,0.009115
1,-1,2,0.8,0.8,-1,-1,0.2,0.2,0.792642,0.009115
1,-1,2,0.8,0.8,-1,-1,0.25,0.25,0.792642,0.009115
1,-1,2,0.8,0.8,-1,-1,0.3,0.3,0.792642,0.009115
1,-1,2,0.8,0.8,-1,-1,0.35,0.35,0.792642,0.009115
1,-1,2,0.8,0.8,-1,-1,0.4,0.4,0.792642,0.009115
1,-1,2,0.8,0.8,-1,-1,0.45,0.45,0.792642,0.009115
1,-1,2,0.8,0.8,-1,-1,0.5,0.5,0.792642,0.009115
1,-1,2,0.8,0.8,-1,-1,0.55,0.55,0.792642,0.009115
1,-1,2,0.8,0.8,-1,-1,0.6,0.6,0.792642,0.009115
1,-1,2,0.8,0.8,-1,-1,0.65,0.65,0.792642,0.009115
1,-1,2,0.8,0.8,-1,-1,0.7,0.7,0.792642,0.009115
1,-1,2,0.8,0.8,-1,-1,0.75,0.75,0.792642,0.009115
1,-1,2,0.8,0.8,-1,-1,0.8,0.8,0.792642,0.009115
1,-1,2,0.8,0.8,-1,-1,0.85,0.85,0.792642,0.009115
1,-1,2,0.8,0.8,-1,-1,0.9,0.9,0.792642,0.009115
1,-1,2,0.8,0.8,-1,-1,0.95,0.95,0.792642,0.009115
1,-1,2,0.8,0.8,-1,-1,1.0,1.0,0.792642,0.009115
1,-1,2,0.85,0.8,-1,-1,0.05,0.05,0.792652,0.009042
1,-1,2,0.85,0.8,-1,-1,0.1,0.1,0.792767,0.008853
1,-1,2,0.85,0.8,-1,-1,0.15,0.15,0.793055,0.008618
1,-1,2,0.85,0.8,-1,-1,0.2,0.2,0.793469,0.008369
1,-1,2,0.85,0.8,-1,-1,0.25,0.25,0.794007,0.008079
1,-1,2,0.85,0.8,-1,-1,0.3,0.3,0.794901,0.007734
1,-1,2,0.85,0.8,-1,-1,0.35,0.35,0.796045,0.007406
1,-1,2,0.85,0.8,-1,-1,0.4,0.4,0.797459,0.007087
1,-1,2,0.85,0.8,-1,-1,0.45,0.45,0.799257,0.006727
1,-1,2,0.85,0.8,-1,-1,0.5,0.5,0.802814,0.006214
1,-1,2,0.85,0.8,-1,-1,0.55,0.55,0.80516,0.005856
1,-1,2,0.85,0.8,-1,-1,0.6,0.6,0.807496,0.005576
1,-1,2,0.85,0.8,-1,-1,0.65,0.65,0.809803,0.00538
1,-1,2,0.85,0.8,-1,-1,0.7,0.7,0.812043,0.005231
1,-1,2,0.85,0.8,-1,-1,0.75,0.75,0.813793,0.005124
1,-1,2,0.85,0.8,-1,-1,0.8,0.8,0.815581,0.00502
1,-1,2,0.85,0.8,-1,-1,0.85,0.85,0.816947,0.00498
1,-1,2,0.85,0.8,-1,-1,0.9,0.9,0.818427,0.004958
1,-1,2,0.85,0.8,-1,-1,0.95,0.95,0.820071,0.004942
1,-1,2,0.85,0.8,-1,-1,1.0,1.0,0.824263,0.004937
1,-1,2,0.9,0.8,-1,-1,0.05,0.05,0.792663,0.008996
1,-1,2,0.9,0.8,-1,-1,0.1,0.1,0.79291,0.008687
1,-1,2,0.9,0.8,-1,-1,0.15,0.15,0.793528,0.008302
1,-1,2,0.9,0.8,-1,-1,0.2,0.2,0.794415,0.007895
1,-1,2,0.9,0.8,-1,-1,0.25,0.25,0.795569,0.00742
1,-1,2,0.9,0.8,-1,-1,0.3,0.3,0.797486,0.006856
1,-1,2,0.9,0.8,-1,-1,0.35,0.35,0.79994,0.006319
1,-1,2,0.9,0.8,-1,-1,0.4,0.4,0.80297,0.005797
1,-1,2,0.9,0.8,-1,-1,0.45,0.45,0.806825,0.005208
1,-1,2,0.9,0.8,-1,-1,0.5,0.5,0.814452,0.004369
1,-1,2,0.9,0.8,-1,-1,0.55,0.55,0.819482,0.003782
1,-1,2,0.9,0.8,-1,-1,0.6,0.6,0.824492,0.003325
1,-1,2,0.9,0.8,-1,-1,0.65,0.65,0.829439,0.003003
1,-1,2,0.9,0.8,-1,-1,0.7,0.7,0.834243,0.002759
1,-1,2,0.9,0.8,-1,-1,0.75,0.75,0.837994,0.002585
1,-1,2,0.9,0.8,-1,-1,0.8,0.8,0.841829,0.002414
1,-1,2,0.9,0.8,-1,-1,0.85,0.85,0.844756,0.002349
1,-1,2,0.9,0.8,-1,-1,0.9,0.9,0.847931,0.002313
1,-1,2,0.9,0.8,-1,-1,0.95,0.95,0.851456,0.002287
1,-1,2,0.9,0.8,-1,-1,1.0,1.0,0.860444,0.002279
1,-1,2,0.95,0.8,-1,-1,0.05,0.05,0.792676,0.008962
1,-1,2,0.95,0.8,-1,-1,0.1,0.1,0.793081,0.008568
1,-1,2,0.95,0.8,-1,-1,0.15,0.15,0.794093,0.008077
1,-1,2,0.95,0.8,-1,-1,0.2,0.2,0.795544,0.007556
1,-1,2,0.95,0.8,-1,-1,0.25,0.25,0.797433,0.006949
1,-1,2,0.95,0.8,-1,-1,0.3,0.3,0.800571,0.006229
1,-1,2,0.95,0.8,-1,-1,0.35,0.35,0.804586,0.005542
1,-1,2,0.95,0.8,-1,-1,0.4,0.4,0.809547,0.004875
1,-1,2,0.95,0.8,-1,-1,0.45,0.45,0.815856,0.004122
1,-1,2,0.95,0.8,-1,-1,0.5,0.5,0.828341,0.003051
1,-1,2,0.95,0.8,-1,-1,0.55,0.55,0.836574,0.002301
1,-1,2,0.95,0.8,-1,-1,0.6,0.6,0.844773,0.001717
1,-1,2,0.95,0.8,-1,-1,0.65,0.65,0.852871,0.001306
1,-1,2,0.95,0.8,-1,-1,0.7,0.7,0.860732,0.000994
1,-1,2,0.95,0.8,-1,-1,0.75,0.75,0.866873,0.000771
1,-1,2,0.95,0.8,-1,-1,0.8,0.8,0.873149,0.000553
1,-1,2,0.95,0.8,-1,-1,0.85,0.85,0.877941,0.00047
1,-1,2,0.95,0.8,-1,-1,0.9,0.9,0.883137,0.000423
1,-1,2,0.95,0.8,-1,-1,0.95,0.95,0.888907,0.00039
1,-1,2,0.95,0.8,-1,-1,1.0,1.0,0.903618,0.00038
1,-1,2,1.0,0.8,-1,-1,0.05,0.05,0.792705,0.008956
1,-1,2,1.0,0.8,-1,-1,0.1,0.1,0.793462,0.008544
1,-1,2,1.0,0.8,-1,-1,0.15,0.15,0.795353,0.008031
1,-1,2,1.0,0.8,-1,-1,0.2,0.2,0.798064,0.007488
1,-1,2,1.0,0.8,-1,-1,0.25,0.25,0.801594,0.006854
1,-1,2,1.0,0.8,-1,-1,0.3,0.3,0.807458,0.006103
1,-1,2,1.0,0.8,-1,-1,0.35,0.35,0.81496,0.005387
1,-1,2,1.0,0.8,-1,-1,0.4,0.4,0.824228,0.004691
1,-1,2,1.0,0.8,-1,-1,0.45,0.45,0.836018,0.003905
1,-1,2,1.0,0.8,-1,-1,0.5,0.5,0.859345,0.002787
1,-1,2,1.0,0.8,-1,-1,0.55,0.55,0.874728,0.002004
1,-1,2,1.0,0.8,-1,-1,0.6,0.6,0.890048,0.001395
1,-1,2,1.0,0.8,-1,-1,0.65,0.65,0.905179,0.000966
1,-1,2,1.0,0.8,-1,-1,0.7,0.7,0.919869,0.00064
1,-1,2,1.0,0.8,-1,-1,0.75,0.75,0.931343,0.000408
1,-1,2,1.0,0.8,-1,-1,0.8,0.8,0.943069,0.00018
1,-1,2,1.0,0.8,-1,-1,0.85,0.85,0.952022,9.3e-05
1,-1,2,1.0,0.8,-1,-1,0.9,0.9,0.961731,4.5e-05
1,-1,2,1.0,0.8,-1,-1,0.95,0.95,0.972512,1e-05
1,-1,2,1.0,0.8,-1,-1,1.0,1.0,1.0,0.0
1,-1,2,0.85,0.85,-1,-1,0.05,0.05,0.824263,0.004937
1,-1,2,0.85,0.85,-1,-1,0.1,0.1,0.824263,0.004937
1,-1,2,0.85,0.85,-1,-1,0.15,0.15,0.824263,0.004937
1,-1,2,0.85,0.85,-1,-1,0.2,0.2,0.824263,0.004937
1,-1,2,0.85,0.85,-1,-1,0.25,0.25,0.824263,0.004937
1,-1,2,0.85,0.85,-1,-1,0.3,0.3,0.824263,0.004937
1,-1,2,0.85,0.85,-1,-1,0.35,0.35,0.824263,0.004937
1,-1,2,0.85,0.85,-1,-1,0.4,0.4,0.824263,0.004937
1,-1,2,0.85,0.85,-1,-1,0.45,0.45,0.824263,0.004937
1,-1,2,0.85,0.85,-1,-1,0.5,0.5,0.824263,0.004937
1,-1,2,0.85,0.85,-1,-1,0.55,0.55,0.824263,0.004937
1,-1,2,0.85,0.85,-1,-1,0.6,0.6,0.824263,0.004937
1,-1,2,0.85,0.85,-1,-1,0.65,0.65,0.824263,0.004937
1,-1,2,0.85,0.85,-1,-1,0.7,0.7,0.824263,0.004937
1,-1,2,0.85,0.85,-1,-1,0.75,0.75,0.824263,0.004937
1,-1,2,0.85,0.85,-1,-1,0.8,0.8,0.824263,0.004937
1,-1,2,0.85,0.85,-1,-1,0.85,0.85,0.824263,0.004937
1,-1,2,0.85,0.85,-1,-1,0.9,0.9,0.824263,0.004937
1,-1,2,0.85,0.85,-1,-1,0.95,0.95,0.824263,0.004937
1,-1,2,0.85,0.85,-1,-1,1.0,1.0,0.824263,0.004937
1,-1,2,0.9,0.85,-1,-1,0.05,0.05,0.824274,0.004891
1,-1,2,0.9,0.85,-1,-1,0.1,0.1,0.824406,0.00477
1,-1,2,0.9,0.85,-1,-1,0.15,0.15,0.824736,0.004621
1,-1,2,0.9,0.85,-1,-1,0.2,0.2,0.825209,0.004463
1,-1,2,0.9,0.85,-1,-1,0.25,0.25,0.825825,0.004278
1,-1,2,0.9,0.85,-1,-1,0.3,0.3,0.826848,0.004059
1,-1,2,0.9,0.85,-1,-1,0.35,0.35,0.828157,0.00385
1,-1,2,0.9,0.85,-1,-1,0.4,0.4,0.829774,0.003647
1,-1,2,0.9,0.85,-1,-1,0.45,0.45,0.831831,0.003418
1,-1,2,0.9,0.85,-1,-1,0.5,0.5,0.835902,0.003092
1,-1,2,0.9,0.85,-1,-1,0.55,0.55,0.838586,0.002863
1,-1,2,0.9,0.85,-1,-1,0.6,0.6,0.841259,0.002686
1,-1,2,0.9,0.85,-1,-1,0.65,0.65,0.843899,0.002561
1,-1,2,0.9,0.85,-1,-1,0.7,0.7,0.846462,0.002466
1,-1,2,0.9,0.85,-1,-1,0.75,0.75,0.848464,0.002398
1,-1,2,0.9,0.85,-1,-1,0.8,0.8,0.85051,0.002331
1,-1,2,0.9,0.85,-1,-1,0.85,0.85,0.852073,0.002306
1,-1,2,0.9,0.85,-1,-1,0.9,0.9,0.853767,0.002292
1,-1,2,0.9,0.85,-1,-1,0.95,0.95,0.855648,0.002282
1,-1,2,0.9,0.85,-1,-1,1.0,1.0,0.860444,0.002279
1,-1,2,0.95,0.85,-1,-1,0.05,0.05,0.824287,0.004857
1,-1,2,0.95,0.85,-1,-1,0.1,0.1,0.824577,0.004651
1,-1,2,0.95,0.85,-1,-1,0.15,0.15,0.8253,0.004395
1,-1,2,0.95,0.85,-1,-1,0.2,0.2,0.826338,0.004124
1,-1,2,0.95,0.85,-1,-1,0.25,0.25,0.827689,0.003807
1,-1,2,0.95,0.85,-1,-1,0.3,0.3,0.829933,0.003431
1,-1,2,0.95,0.85,-1,-1,0.35,0.35,0.832804,0.003073
1,-1,2,0.95,0.85,-1,-1,0.4,0.4,0.836351,0.002725
1,-1,2,0.95,0.85,-1,-1,0.45,0.45,0.840863,0.002332
1,-1,2,0.95,0.85,-1,-1,0.5,0.5,0.84979,0.001773
1,-1,2,0.95,0.85,-1,-1,0.55,0.55,0.855677,0.001382
1,-1,2,0.95,0.85,-1,-1,0.6,0.6,0.86154,0.001077
1,-1,2,0.95,0.85,-1,-1,0.65,0.65,0.86733,0.000863
1,-1,2,0.95,0.85,-1,-1,0.7,0.7,0.872952,0.0007
1,-1,2,0.95,0.85,-1,-1,0.75,0.75,0.877343,0.000584
1,-1,2,0.95,0.85,-1,-1,0.8,0.8,0.881831,0.00047
1,-1,2,0.95,0.85,-1,-1,0.85,0.85,0.885257,0.000427
1,-1,2,0.95,0.85,-1,-1,0.9,0.9,0.888973,0.000402
1,-1,2,0.95,0.85,-1,-1,0.95,0.95,0.893098,0.000385
1,-1,2,0.95,0.85,-1,-1,1.0,1.0,0.903618,0.00038
1,-1,2,1.0,0.85,-1,-1,0.05,0.05,0.824316,0.004851
1,-1,2,1.0,0.85,-1,-1,0.1,0.1,0.824958,0.004628
1,-1,2,1.0,0.85,-1,-1,0.15,0.15,0.826561,0.00435
1,-1,2,1.0,0.85,-1,-1,0.2,0.2,0.828858,0.004056
1,-1,2,1.0,0.85,-1,-1,0.25,0.25,0.83185,0.003713
1,-1,2,1.0,0.85,-1,-1,0.3,0.3,0.836819,0.003306
1,-1,2,1.0,0.85,-1,-1,0.35,0.35,0.843178,0.002918
1,-1,2,1.0,0.85,-1,-1,0.4,0.4,0.851032,0.002541
1,-1,2,1.0,0.85,-1,-1,0.45,0.45,0.861024,0.002115
1,-1,2,1.0,0.85,-1,-1,0.5,0.5,0.880794,0.001509
1,-1,2,1.0,0.85,-1,-1,0.55,0.55,0.893831,0.001086
1,-1,2,1.0,0.85,-1,-1,0.6,0.6,0.906815,0.000756
1,-1,2,1.0,0.85,-1,-1,0.65,0.65,0.919639,0.000523
1,-1,2,1.0,0.85,-1,-1,0.7,0.7,0.932088,0.000347
1,-1,2,1.0,0.85,-1,-1,0.75,0.75,0.941813,0.000221
1,-1,2,1.0,0.85,-1,-1,0.8,0.8,0.951751,9.8e-05
1,-1,2,1.0,0.85,-1,-1,0.85,0.85,0.959339,5.1e-05
1,-1,2,1.0,0.85,-1,-1,0.9,0.9,0.967567,2.4e-05
1,-1,2,1.0,0.85,-1,-1,0.95,0.95,0.976704,6e-06
1,-1,2,1.0,0.85,-1,-1,1.0,1.0,1.0,0.0
1,-1,2,0.9,0.9,-1,-1,0.05,0.05,0.860444,0.002279
1,-1,2,0.9,0.9,-1,-1,0.1,0.1,0.860444,0.002279
1,-1,2,0.9,0.9,-1,-1,0.15,0.15,0.860444,0.002279
1,-1,2,0.9,0.9,-1,-1,0.2,0.2,0.860444,0.002279
1,-1,2,0.9,0.9,-1,-1,0.25,0.25,0.860444,0.002279
1,-1,2,0.9,0.9,-1,-1,0.3,0.3,0.860444,0.002279
1,-1,2,0.9,0.9,-1,-1,0.35,0.35,0.860444,0.002279
1,-1,2,0.9,0.9,-1,-1,0.4,0.4,0.860444,0.002279
1,-1,2,0.9,0.9,-1,-1,0.45,0.45,0.860444,0.002279
1,-1,2,0.9,0.9,-1,-1,0.5,0.5,0.860444,0.002279
1,-1,2,0.9,0.9,-1,-1,0.55,0.55,0.860444,0.002279
1,-1,2,0.9,0.9,-1,-1,0.6,0.6,0.860444,0.002279
1,-1,2,0.9,0.9,-1,-1,0.65,0.65,0.860444,0.002279
1,-1,2,0.9,0.9,-1,-1,0.7,0.7,0.860444,0.002279
1,-1,2,0.9,0.9,-1,-1,0.75,0.75,0.860444,0.002279
1,-1,2,0.9,0.9,-1,-1,0.8,0.8,0.860444,0.002279
1,-1,2,0.9,0.9,-1,-1,0.85,0.85,0.860444,0.002279
1,-1,2,0.9,0.9,-1,-1,0.9,0.9,0.860444,0.002279
1,-1,2,0.9,0.9,-1,-1,0.95,0.95,0.860444,0.002279
1,-1,2,0.9,0.9,-1,-1,1.0,1.0,0.860444,0.002279
1,-1,2,0.95,0.9,-1,-1,0.05,0.05,0.860457,0.002246
1,-1,2,0.95,0.9,-1,-1,0.1,0.1,0.860615,0.00216
1,-1,2,0.95,0.9,-1,-1,0.15,0.15,0.861008,0.002053
1,-1,2,0.95,0.9,-1,-1,0.2,0.2,0.861573,0.00194
1,-1,2,0.95,0.9,-1,-1,0.25,0.25,0.862308,0.001808
1,-1,2,0.95,0.9,-1,-1,0.3,0.3,0.863529,0.001652
1,-1,2,0.95,0.9,-1,-1,0.35,0.35,0.865091,0.001502
1,-1,2,0.95,0.9,-1,-1,0.4,0.4,0.867021,0.001357
1,-1,2,0.95,0.9,-1,-1,0.45,0.45,0.869475,0.001194
1,-1,2,0.95,0.9,-1,-1,0.5,0.5,0.874332,0.000961
1,-1,2,0.95,0.9,-1,-1,0.55,0.55,0.877535,0.000798
1,-1,2,0.95,0.9,-1,-1,0.6,0.6,0.880725,0.000671
1,-1,2,0.95,0.9,-1,-1,0.65,0.65,0.883875,0.000581
1,-1,2,0.95,0.9,-1,-1,0.7,0.7,0.886934,0.000513
1,-1,2,0.95,0.9,-1,-1,0.75,0.75,0.889323,0.000465
1,-1,2,0.95,0.9,-1,-1,0.8,0.8,0.891764,0.000418
1,-1,2,0.95,0.9,-1,-1,0.85,0.85,0.893629,0.000399
1,-1,2,0.95,0.9,-1,-1,0.9,0.9,0.89565,0.000389
1,-1,2,0.95,0.9,-1,-1,0.95,0.95,0.897895,0.000382
1,-1,2,0.95,0.9,-1,-1,1.0,1.0,0.903618,0.00038
1,-1,2,1.0,0.9,-1,-1,0.05,0.05,0.860486,0.002239
1,-1,2,1.0,0.9,-1,-1,0.1,0.1,0.860996,0.002136
1,-1,2,1.0,0.9,-1,-1,0.15,0.15,0.862269,0.002008
1,-1,2,1.0,0.9,-1,-1,0.2,0.2,0.864093,0.001872
1,-1,2,1.0,0.9,-1,-1,0.25,0.25,0.866469,0.001714
1,-1,2,1.0,0.9,-1,-1,0.3,0.3,0.870415,0.001526
1,-1,2,1.0,0.9,-1,-1,0.35,0.35,0.875465,0.001347
1,-1,2,1.0,0.9,-1,-1,0.4,0.4,0.881702,0.001173
1,-1,2,1.0,0.9,-1,-1,0.45,0.45,0.889637,0.000976
1,-1,2,1.0,0.9,-1,-1,0.5,0.5,0.905336,0.000697
1,-1,2,1.0,0.9,-1,-1,0.55,0.55,0.915689,0.000501
1,-1,2,1.0,0.9,-1,-1,0.6,0.6,0.926,0.000349
1,-1,2,1.0,0.9,-1,-1,0.65,0.65,0.936184,0.000241
1,-1,2,1.0,0.9,-1,-1,0.7,0.7,0.94607,0.00016
1,-1,2,1.0,0.9,-1,-1,0.75,0.75,0.953792,0.000102
1,-1,2,1.0,0.9,-1,-1,0.8,0.8,0.961685,4.5e-05
1,-1,2,1.0,0.9,-1,-1,0.85,0.85,0.96771,2.3e-05
1,-1,2,1.0,0.9,-1,-1,0.9,0.9,0.974244,1.1e-05
1,-1,2,1.0,0.9,-1,-1,0.95,0.95,0.9815,3e-06
1,-1,2,1.0,0.9,-1,-1,1.0,1.0,1.0,0.0
1,-1,2,0.95,0.95,-1,-1,0.05,0.05,0.903618,0.00038
1,-1,2,0.95,0.95,-1,-1,0.1,0.1,0.903618,0.00038
1,-1,2,0.95,0.95,-1,-1,0.15,0.15,0.903618,0.00038
1,-1,2,0.95,0.95,-1,-1,0.2,0.2,0.903618,0.00038
1,-1,2,0.95,0.95,-1,-1,0.25,0.25,0.903618,0.00038
1,-1,2,0.95,0.95,-1,-1,0.3,0.3,0.903618,0.00038
1,-1,2,0.95,0.95,-1,-1,0.35,0.35,0.903618,0.00038
1,-1,2,0.95,0.95,-1,-1,0.4,0.4,0.903618,0.00038
1,-1,2,0.95,0.95,-1,-1,0.45,0.45,0.903618,0.00038
1,-1,2,0.95,0.95,-1,-1,0.5,0.5,0.903618,0.00038
1,-1,2,0.95,0.95,-1,-1,0.55,0.55,0.903618,0.00038
1,-1,2,0.95,0.95,-1,-1,0.6,0.6,0.903618,0.00038
1,-1,2,0.95,0.95,-1,-1,0.65,0.65,0.903618,0.00038
1,-1,2,0.95,0.95,-1,-1,0.7,0.7,0.903618,0.00038
1,-1,2,0.95,0.95,-1,-1,0.75,0.75,0.903618,0.00038
1,-1,2,0.95,0.95,-1,-1,0.8,0.8,0.903618,0.00038
1,-1,2,0.95,0.95,-1,-1,0.85,0.85,0.903618,0.00038
1,-1,2,0.95,0.95,-1,-1,0.9,0.9,0.903618,0.00038
1,-1,2,0.95,0.95,-1,-1,0.95,0.95,0.903618,0.00038
1,-1,2,0.95,0.95,-1,-1,1.0,1.0,0.903618,0.00038
1,-1,2,1.0,0.95,-1,-1,0.05,0.05,0.903647,0.000373
1,-1,2,1.0,0.95,-1,-1,0.1,0.1,0.903999,0.000356
1,-1,2,1.0,0.95,-1,-1,0.15,0.15,0.904878,0.000335
1,-1,2,1.0,0.95,-1,-1,0.2,0.2,0.906138,0.000312
1,-1,2,1.0,0.95,-1,-1,0.25,0.25,0.907779,0.000286
1,-1,2,1.0,0.95,-1,-1,0.3,0.3,0.910504,0.000254
1,-1,2,1.0,0.95,-1,-1,0.35,0.35,0.913992,0.000225
1,-1,2,1.0,0.95,-1,-1,0.4,0.4,0.918299,0.000196
1,-1,2,1.0,0.95,-1,-1,0.45,0.45,0.923779,0.000163
1,-1,2,1.0,0.95,-1,-1,0.5,0.5,0.934622,0.000116
1,-1,2,1.0,0.95,-1,-1,0.55,0.55,0.941772,8.4e-05
1,-1,2,1.0,0.95,-1,-1,0.6,0.6,0.948893,5.8e-05
1,-1,2,1.0,0.95,-1,-1,0.65,0.65,0.955926,4e-05
1,-1,2,1.0,0.95,-1,-1,0.7,0.7,0.962754,2.7e-05
1,-1,2,1.0,0.95,-1,-1,0.75,0.75,0.968088,1.7e-05
1,-1,2,1.0,0.95,-1,-1,0.8,0.8,0.973538,8e-06
1,-1,2,1.0,0.95,-1,-1,0.85,0.85,0.977699,4e-06
1,-1,2,1.0,0.95,-1,-1,0.9,0.9,0.982212,2e-06
1,-1,2,1.0,0.95,-1,-1,0.95,0.95,0.987223,0.0
1,-1,2,1.0,0.95,-1,-1,1.0,1.0,1.0,0.0
1,-1,2,1.0,1.0,-1,-1,0.05,0.05,1.0,0.0
1,-1,2,1.0,1.0,-1,-1,0.1,0.1,1.0,0.0
1,-1,2,1.0,1.0,-1,-1,0.15,0.15,1.0,0.0
1,-1,2,1.0,1.0,-1,-1,0.2,0.2,1.0,0.0
1,-1,2,1.0,1.0,-1,-1,0.25,0.25,1.0,0.0
1,-1,2,1.0,1.0,-1,-1,0.3,0.3,1.0,0.0
1,-1,2,1.0,1.0,-1,-1,0.35,0.35,1.0,0.0
1,-1,2,1.0,1.0,-1,-1,0.4,0.4,1.0,0.0
1,-1,2,1.0,1.0,-1,-1,0.45,0.45,1.0,0.0
1,-1,2,1.0,1.0,-1,-1,0.5,0.5,1.0,0.0
1,-1,2,1.0,1.0,-1,-1,0.55,0.55,1.0,0.0
1,-1,2,1.0,1.0,-1,-1,0.6,0.6,1.0,0.0
1,-1,2,1.0,1.0,-1,-1,0.65,0.65,1.0,0.0
1,-1,2,1.0,1.0,-1,-1,0.7,0.7,1.0,0.0
1,-1,2,1.0,1.0,-1,-1,0.75,0.75,1.0,0.0
1,-1,2,1.0,1.0,-1,-1,0.8,0.8,1.0,0.0
1,-1,2,1.0,1.0,-1,-1,0.85,0.85,1.0,0.0
1,-1,2,1.0,1.0,-1,-1,0.9,0.9,1.0,0.0
1,-1,2,1.0,1.0,-1,-1,0.95,0.95,1.0,0.0
1,-1,2,1.0,1.0,-1,-1,1.0,1.0,1.0,0.0
