sbi_stage,ucf_stage,xception_stage,sbi_upper_threshold,sbi_lower_threshold,ucf_upper_threshold,ucf_lower_threshold,xception_upper_threshold,xception_lower_threshold,FAR,FRR
1,-1,2,0.05,0.05,-1,-1,0.05,0.05,0.148598,0.623758
1,-1,2,0.05,0.05,-1,-1,0.1,0.1,0.148598,0.623758
1,-1,2,0.05,0.05,-1,-1,0.15,0.15,0.148598,0.623758
1,-1,2,0.05,0.05,-1,-1,0.2,0.2,0.148598,0.623758
1,-1,2,0.05,0.05,-1,-1,0.25,0.25,0.148598,0.623758
1,-1,2,0.05,0.05,-1,-1,0.3,0.3,0.148598,0.623758
1,-1,2,0.05,0.05,-1,-1,0.35,0.35,0.148598,0.623758
1,-1,2,0.05,0.05,-1,-1,0.4,0.4,0.148598,0.623758
1,-1,2,0.05,0.05,-1,-1,0.45,0.45,0.148598,0.623758
1,-1,2,0.05,0.05,-1,-1,0.5,0.5,0.148598,0.623758
1,-1,2,0.05,0.05,-1,-1,0.55,0.55,0.148598,0.623758
1,-1,2,0.05,0.05,-1,-1,0.6,0.6,0.148598,0.623758
1,-1,2,0.05,0.05,-1,-1,0.65,0.65,0.148598,0.623758
1,-1,2,0.05,0.05,-1,-1,0.7,0.7,0.148598,0.623758
1,-1,2,0.05,0.05,-1,-1,0.75,0.75,0.148598,0.623758
1,-1,2,0.05,0.05,-1,-1,0.8,0.8,0.148598,0.623758
1,-1,2,0.05,0.05,-1,-1,0.85,0.85,0.148598,0.623758
1,-1,2,0.05,0.05,-1,-1,0.9,0.9,0.148598,0.623758
1,-1,2,0.05,0.05,-1,-1,0.95,0.95,0.148598,0.623758
1,-1,2,0.05,0.05,-1,-1,1.0,1.0,0.148598,0.623758
1,-1,2,0.1,0.05,-1,-1,0.05,0.05,0.148647,0.620178
1,-1,2,0.1,0.05,-1,-1,0.1,0.1,0.14924,0.610397
1,-1,2,0.1,0.05,-1,-1,0.15,0.15,0.150723,0.598957
1,-1,2,0.1,0.05,-1,-1,0.2,0.2,0.152847,0.586644
1,-1,2,0.1,0.05,-1,-1,0.25,0.25,0.155515,0.572934
1,-1,2,0.1,0.05,-1,-1,0.3,0.3,0.159765,0.55608
1,-1,2,0.1,0.05,-1,-1,0.35,0.35,0.165249,0.540362
1,-1,2,0.1,0.05,-1,-1,0.4,0.4,0.17187,0.525516
1,-1,2,0.1,0.05,-1,-1,0.45,0.45,0.180566,0.508313
1,-1,2,0.1,0.05,-1,-1,0.5,0.5,0.197267,0.482552
1,-1,2,0.1,0.05,-1,-1,0.55,0.55,0.207149,0.466484
1,-1,2,0.1,0.05,-1,-1,0.6,0.6,0.21713,0.453297
1,-1,2,0.1,0.05,-1,-1,0.65,0.65,0.226271,0.443779
1,-1,2,0.1,0.05,-1,-1,0.7,0.7,0.235115,0.436356
1,-1,2,0.1,0.05,-1,-1,0.75,0.75,0.24144,0.431291
1,-1,2,0.1,0.05,-1,-1,0.8,0.8,0.247913,0.425877
1,-1,2,0.1,0.05,-1,-1,0.85,0.85,0.252508,0.423868
1,-1,2,0.1,0.05,-1,-1,0.9,0.9,0.257498,0.422646
1,-1,2,0.1,0.05,-1,-1,0.95,0.95,0.262242,0.42186
1,-1,2,0.1,0.05,-1,-1,1.0,1.0,0.266639,0.421598
1,-1,2,0.15,0.05,-1,-1,0.05,0.05,0.148687,0.618173
1,-1,2,0.15,0.05,-1,-1,0.1,0.1,0.149748,0.602917
1,-1,2,0.15,0.05,-1,-1,0.15,0.15,0.152403,0.585073
1,-1,2,0.15,0.05,-1,-1,0.2,0.2,0.156207,0.565867
1,-1,2,0.15,0.05,-1,-1,0.25,0.25,0.160986,0.544482
1,-1,2,0.15,0.05,-1,-1,0.3,0.3,0.168595,0.518192
1,-1,2,0.15,0.05,-1,-1,0.35,0.35,0.178417,0.493674
1,-1,2,0.15,0.05,-1,-1,0.4,0.4,0.190273,0.470517
1,-1,2,0.15,0.05,-1,-1,0.45,0.45,0.205846,0.443683
1,-1,2,0.15,0.05,-1,-1,0.5,0.5,0.235753,0.4035
1,-1,2,0.15,0.05,-1,-1,0.55,0.55,0.25345,0.378437
1,-1,2,0.15,0.05,-1,-1,0.6,0.6,0.271323,0.357868
1,-1,2,0.15,0.05,-1,-1,0.65,0.65,0.287693,0.343021
1,-1,2,0.15,0.05,-1,-1,0.7,0.7,0.303531,0.331443
1,-1,2,0.15,0.05,-1,-1,0.75,0.75,0.314857,0.323543
1,-1,2,0.15,0.05,-1,-1,0.8,0.8,0.326448,0.315097
1,-1,2,0.15,0.05,-1,-1,0.85,0.85,0.334677,0.311965
1,-1,2,0.15,0.05,-1,-1,0.9,0.9,0.343614,0.310058
1,-1,2,0.15,0.05,-1,-1,0.95,0.95,0.352108,0.308832
1,-1,2,0.15,0.05,-1,-1,1.0,1.0,0.359983,0.308423
1,-1,2,0.2,0.05,-1,-1,0.05,0.05,0.148715,0.616804
1,-1,2,0.2,0.05,-1,-1,0.1,0.1,0.150115,0.597807
1,-1,2,0.2,0.05,-1,-1,0.15,0.15,0.153616,0.575588
1,-1,2,0.2,0.05,-1,-1,0.2,0.2,0.158633,0.551672
1,-1,2,0.2,0.05,-1,-1,0.25,0.25,0.164935,0.525043
1,-1,2,0.2,0.05,-1,-1,0.3,0.3,0.17497,0.492307
1,-1,2,0.2,0.05,-1,-1,0.35,0.35,0.187923,0.461777
1,-1,2,0.2,0.05,-1,-1,0.4,0.4,0.20356,0.432942
1,-1,2,0.2,0.05,-1,-1,0.45,0.45,0.224098,0.399529
1,-1,2,0.2,0.05,-1,-1,0.5,0.5,0.263539,0.349492
1,-1,2,0.2,0.05,-1,-1,0.55,0.55,0.286878,0.318283
1,-1,2,0.2,0.05,-1,-1,0.6,0.6,0.31045,0.292672
1,-1,2,0.2,0.05,-1,-1,0.65,0.65,0.332038,0.274184
1,-1,2,0.2,0.05,-1,-1,0.7,0.7,0.352926,0.259767
1,-1,2,0.2,0.05,-1,-1,0.75,0.75,0.367862,0.249929
1,-1,2,0.2,0.05,-1,-1,0.8,0.8,0.383149,0.239413
1,-1,2,0.2,0.05,-1,-1,0.85,0.85,0.394001,0.235512
1,-1,2,0.2,0.05,-1,-1,0.9,0.9,0.405787,0.233138
1,-1,2,0.2,0.05,-1,-1,0.95,0.95,0.416989,0.231611
1,-1,2,0.2,0.05,-1,-1,1.0,1.0,0.427375,0.231102
1,-1,2,0.25,0.05,-1,-1,0.05,0.05,0.148744,0.61574
1,-1,2,0.25,0.05,-1,-1,0.1,0.1,0.150498,0.593839
1,-1,2,0.25,0.05,-1,-1,0.15,0.15,0.154881,0.568222
1,-1,2,0.25,0.05,-1,-1,0.2,0.2,0.161165,0.540649
1,-1,2,0.25,0.05,-1,-1,0.25,0.25,0.169056,0.509947
1,-1,2,0.25,0.05,-1,-1,0.3,0.3,0.181623,0.472206
1,-1,2,0.25,0.05,-1,-1,0.35,0.35,0.197843,0.437007
1,-1,2,0.25,0.05,-1,-1,0.4,0.4,0.217424,0.403763
1,-1,2,0.25,0.05,-1,-1,0.45,0.45,0.243143,0.36524
1,-1,2,0.25,0.05,-1,-1,0.5,0.5,0.292534,0.307552
1,-1,2,0.25,0.05,-1,-1,0.55,0.55,0.32176,0.271571
1,-1,2,0.25,0.05,-1,-1,0.6,0.6,0.351278,0.242043
1,-1,2,0.25,0.05,-1,-1,0.65,0.65,0.378311,0.220728
1,-1,2,0.25,0.05,-1,-1,0.7,0.7,0.404468,0.204106
1,-1,2,0.25,0.05,-1,-1,0.75,0.75,0.423173,0.192764
1,-1,2,0.25,0.05,-1,-1,0.8,0.8,0.442315,0.18064
1,-1,2,0.25,0.05,-1,-1,0.85,0.85,0.455905,0.176142
1,-1,2,0.25,0.05,-1,-1,0.9,0.9,0.470664,0.173405
1,-1,2,0.25,0.05,-1,-1,0.95,0.95,0.484693,0.171645
1,-1,2,0.25,0.05,-1,-1,1.0,1.0,0.497698,0.171058
1,-1,2,0.3,0.05,-1,-1,0.05,0.05,0.148768,0.615151
1,-1,2,0.3,0.05,-1,-1,0.1,0.1,0.150805,0.59164
1,-1,2,0.3,0.05,-1,-1,0.15,0.15,0.155899,0.564141
1,-1,2,0.3,0.05,-1,-1,0.2,0.2,0.163199,0.534543
1,-1,2,0.3,0.05,-1,-1,0.25,0.25,0.172367,0.501585
1,-1,2,0.3,0.05,-1,-1,0.3,0.3,0.186969,0.461071
1,-1,2,0.3,0.05,-1,-1,0.35,0.35,0.205814,0.423286
1,-1,2,0.3,0.05,-1,-1,0.4,0.4,0.228565,0.3876
1,-1,2,0.3,0.05,-1,-1,0.45,0.45,0.258447,0.346246
1,-1,2,0.3,0.05,-1,-1,0.5,0.5,0.315833,0.28432
1,-1,2,0.3,0.05,-1,-1,0.55,0.55,0.349789,0.245695
1,-1,2,0.3,0.05,-1,-1,0.6,0.6,0.384086,0.213997
1,-1,2,0.3,0.05,-1,-1,0.65,0.65,0.415495,0.191116
1,-1,2,0.3,0.05,-1,-1,0.7,0.7,0.445886,0.173273
1,-1,2,0.3,0.05,-1,-1,0.75,0.75,0.467618,0.161098
1,-1,2,0.3,0.05,-1,-1,0.8,0.8,0.48986,0.148083
1,-1,2,0.3,0.05,-1,-1,0.85,0.85,0.50565,0.143255
1,-1,2,0.3,0.05,-1,-1,0.9,0.9,0.522797,0.140316
1,-1,2,0.3,0.05,-1,-1,0.95,0.95,0.539096,0.138427
1,-1,2,0.3,0.05,-1,-1,1.0,1.0,0.554207,0.137797
1,-1,2,0.35,0.05,-1,-1,0.05,0.05,0.148785,0.61457
1,-1,2,0.35,0.05,-1,-1,0.1,0.1,0.151024,0.589471
1,-1,2,0.35,0.05,-1,-1,0.15,0.15,0.156622,0.560114
1,-1,2,0.35,0.05,-1,-1,0.2,0.2,0.164646,0.528516
1,-1,2,0.35,0.05,-1,-1,0.25,0.25,0.174722,0.493332
1,-1,2,0.35,0.05,-1,-1,0.3,0.3,0.19077,0.450081
1,-1,2,0.35,0.05,-1,-1,0.35,0.35,0.211483,0.409743
1,-1,2,0.35,0.05,-1,-1,0.4,0.4,0.236488,0.371646
1,-1,2,0.35,0.05,-1,-1,0.45,0.45,0.26933,0.327499
1,-1,2,0.35,0.05,-1,-1,0.5,0.5,0.332401,0.261389
1,-1,2,0.35,0.05,-1,-1,0.55,0.55,0.369722,0.220155
1,-1,2,0.35,0.05,-1,-1,0.6,0.6,0.407416,0.186316
1,-1,2,0.35,0.05,-1,-1,0.65,0.65,0.441937,0.161889
1,-1,2,0.35,0.05,-1,-1,0.7,0.7,0.475339,0.142841
1,-1,2,0.35,0.05,-1,-1,0.75,0.75,0.499224,0.129843
1,-1,2,0.35,0.05,-1,-1,0.8,0.8,0.523669,0.115949
1,-1,2,0.35,0.05,-1,-1,0.85,0.85,0.541023,0.110795
1,-1,2,0.35,0.05,-1,-1,0.9,0.9,0.55987,0.107657
1,-1,2,0.35,0.05,-1,-1,0.95,0.95,0.577783,0.10564
1,-1,2,0.35,0.05,-1,-1,1.0,1.0,0.594391,0.104968
1,-1,2,0.4,0.05,-1,-1,0.05,0.05,0.148804,0.614149
1,-1,2,0.4,0.05,-1,-1,0.1,0.1,0.151275,0.5879
1,-1,2,0.4,0.05,-1,-1,0.15,0.15,0.157451,0.557199
1,-1,2,0.4,0.05,-1,-1,0.2,0.2,0.166303,0.524154
1,-1,2,0.4,0.05,-1,-1,0.25,0.25,0.177421,0.487359
1,-1,2,0.4,0.05,-1,-1,0.3,0.3,0.195126,0.442128
1,-1,2,0.4,0.05,-1,-1,0.35,0.35,0.217978,0.399942
1,-1,2,0.4,0.05,-1,-1,0.4,0.4,0.245566,0.360101
1,-1,2,0.4,0.05,-1,-1,0.45,0.45,0.2818,0.313932
1,-1,2,0.4,0.05,-1,-1,0.5,0.5,0.351385,0.244795
1,-1,2,0.4,0.05,-1,-1,0.55,0.55,0.39256,0.201672
1,-1,2,0.4,0.05,-1,-1,0.6,0.6,0.434148,0.166283
1,-1,2,0.4,0.05,-1,-1,0.65,0.65,0.472235,0.140738
1,-1,2,0.4,0.05,-1,-1,0.7,0.7,0.509086,0.120817
1,-1,2,0.4,0.05,-1,-1,0.75,0.75,0.535439,0.107224
1,-1,2,0.4,0.05,-1,-1,0.8,0.8,0.562408,0.092694
1,-1,2,0.4,0.05,-1,-1,0.85,0.85,0.581555,0.087303
1,-1,2,0.4,0.05,-1,-1,0.9,0.9,0.602348,0.084023
1,-1,2,0.4,0.05,-1,-1,0.95,0.95,0.622112,0.081913
1,-1,2,0.4,0.05,-1,-1,1.0,1.0,0.640435,0.08121
1,-1,2,0.45,0.05,-1,-1,0.05,0.05,0.148818,0.613782
1,-1,2,0.45,0.05,-1,-1,0.1,0.1,0.151459,0.58653
1,-1,2,0.45,0.05,-1,-1,0.15,0.15,0.158061,0.554656
1,-1,2,0.45,0.05,-1,-1,0.2,0.2,0.167524,0.520348
1,-1,2,0.45,0.05,-1,-1,0.25,0.25,0.179408,0.482146
1,-1,2,0.45,0.05,-1,-1,0.3,0.3,0.198333,0.435186
1,-1,2,0.45,0.05,-1,-1,0.35,0.35,0.222761,0.391389
1,-1,2,0.45,0.05,-1,-1,0.4,0.4,0.25225,0.350024
1,-1,2,0.45,0.05,-1,-1,0.45,0.45,0.290982,0.302091
1,-1,2,0.45,0.05,-1,-1,0.5,0.5,0.365365,0.230312
1,-1,2,0.45,0.05,-1,-1,0.55,0.55,0.409379,0.185541
1,-1,2,0.45,0.05,-1,-1,0.6,0.6,0.453833,0.148799
1,-1,2,0.45,0.05,-1,-1,0.65,0.65,0.494545,0.122278
1,-1,2,0.45,0.05,-1,-1,0.7,0.7,0.533938,0.101596
1,-1,2,0.45,0.05,-1,-1,0.75,0.75,0.562106,0.087483
1,-1,2,0.45,0.05,-1,-1,0.8,0.8,0.590935,0.072397
1,-1,2,0.45,0.05,-1,-1,0.85,0.85,0.611402,0.066801
1,-1,2,0.45,0.05,-1,-1,0.9,0.9,0.633629,0.063395
1,-1,2,0.45,0.05,-1,-1,0.95,0.95,0.654755,0.061205
1,-1,2,0.45,0.05,-1,-1,1.0,1.0,0.674341,0.060475
1,-1,2,0.5,0.05,-1,-1,0.05,0.05,0.148835,0.613545
1,-1,2,0.5,0.05,-1,-1,0.1,0.1,0.151673,0.585645
1,-1,2,0.5,0.05,-1,-1,0.15,0.15,0.158769,0.553013
1,-1,2,0.5,0.05,-1,-1,0.2,0.2,0.16894,0.517889
1,-1,2,0.5,0.05,-1,-1,0.25,0.25,0.181713,0.47878
1,-1,2,0.5,0.05,-1,-1,0.3,0.3,0.202056,0.430703
1,-1,2,0.5,0.05,-1,-1,0.35,0.35,0.228311,0.385864
1,-1,2,0.5,0.05,-1,-1,0.4,0.4,0.260008,0.343517
1,-1,2,0.5,0.05,-1,-1,0.45,0.45,0.301638,0.294444
1,-1,2,0.5,0.05,-1,-1,0.5,0.5,0.381588,0.220958
1,-1,2,0.5,0.05,-1,-1,0.55,0.55,0.428896,0.175123
1,-1,2,0.5,0.05,-1,-1,0.6,0.6,0.476677,0.137508
1,-1,2,0.5,0.05,-1,-1,0.65,0.65,0.520436,0.110356
1,-1,2,0.5,0.05,-1,-1,0.7,0.7,0.562777,0.089182
1,-1,2,0.5,0.05,-1,-1,0.75,0.75,0.593054,0.074734
1,-1,2,0.5,0.05,-1,-1,0.8,0.8,0.62404,0.05929
1,-1,2,0.5,0.05,-1,-1,0.85,0.85,0.646038,0.053561
1,-1,2,0.5,0.05,-1,-1,0.9,0.9,0.669929,0.050073
1,-1,2,0.5,0.05,-1,-1,0.95,0.95,0.692636,0.047831
1,-1,2,0.5,0.05,-1,-1,1.0,1.0,0.713688,0.047084
1,-1,2,0.55,0.05,-1,-1,0.05,0.05,0.148847,0.61333
1,-1,2,0.55,0.05,-1,-1,0.1,0.1,0.151833,0.584846
1,-1,2,0.55,0.05,-1,-1,0.15,0.15,0.159296,0.551529
1,-1,2,0.55,0.05,-1,-1,0.2,0.2,0.169995,0.515669
1,-1,2,0.55,0.05,-1,-1,0.25,0.25,0.183431,0.475739
1,-1,2,0.55,0.05,-1,-1,0.3,0.3,0.204827,0.426654
1,-1,2,0.55,0.05,-1,-1,0.35,0.35,0.232445,0.380875
1,-1,2,0.55,0.05,-1,-1,0.4,0.4,0.265785,0.337639
1,-1,2,0.55,0.05,-1,-1,0.45,0.45,0.309574,0.287537
1,-1,2,0.55,0.05,-1,-1,0.5,0.5,0.393669,0.21251
1,-1,2,0.55,0.05,-1,-1,0.55,0.55,0.44343,0.165713
1,-1,2,0.55,0.05,-1,-1,0.6,0.6,0.493688,0.12731
1,-1,2,0.55,0.05,-1,-1,0.65,0.65,0.539717,0.099588
1,-1,2,0.55,0.05,-1,-1,0.7,0.7,0.584253,0.07797
1,-1,2,0.55,0.05,-1,-1,0.75,0.75,0.6161,0.063219
1,-1,2,0.55,0.05,-1,-1,0.8,0.8,0.648692,0.047451
1,-1,2,0.55,0.05,-1,-1,0.85,0.85,0.671831,0.041601
1,-1,2,0.55,0.05,-1,-1,0.9,0.9,0.696961,0.038041
1,-1,2,0.55,0.05,-1,-1,0.95,0.95,0.720846,0.035752
1,-1,2,0.55,0.05,-1,-1,1.0,1.0,0.742989,0.034989
1,-1,2,0.6,0.05,-1,-1,0.05,0.05,0.14886,0.613208
1,-1,2,0.6,0.05,-1,-1,0.1,0.1,0.151999,0.584389
1,-1,2,0.6,0.05,-1,-1,0.15,0.15,0.159846,0.550681
1,-1,2,0.6,0.05,-1,-1,0.2,0.2,0.171095,0.5144
1,-1,2,0.6,0.05,-1,-1,0.25,0.25,0.185221,0.474002
1,-1,2,0.6,0.05,-1,-1,0.3,0.3,0.207718,0.42434
1,-1,2,0.6,0.05,-1,-1,0.35,0.35,0.236755,0.378024
1,-1,2,0.6,0.05,-1,-1,0.4,0.4,0.271809,0.334281
1,-1,2,0.6,0.05,-1,-1,0.45,0.45,0.317849,0.28359
1,-1,2,0.6,0.05,-1,-1,0.5,0.5,0.406267,0.207683
1,-1,2,0.6,0.05,-1,-1,0.55,0.55,0.458586,0.160337
1,-1,2,0.6,0.05,-1,-1,0.6,0.6,0.511428,0.121482
1,-1,2,0.6,0.05,-1,-1,0.65,0.65,0.559823,0.093435
1,-1,2,0.6,0.05,-1,-1,0.7,0.7,0.606649,0.071564
1,-1,2,0.6,0.05,-1,-1,0.75,0.75,0.640133,0.05664
1,-1,2,0.6,0.05,-1,-1,0.8,0.8,0.674401,0.040686
1,-1,2,0.6,0.05,-1,-1,0.85,0.85,0.698729,0.034768
1,-1,2,0.6,0.05,-1,-1,0.9,0.9,0.72515,0.031166
1,-1,2,0.6,0.05,-1,-1,0.95,0.95,0.750263,0.02885
1,-1,2,0.6,0.05,-1,-1,1.0,1.0,0.773545,0.028078
1,-1,2,0.65,0.05,-1,-1,0.05,0.05,0.148872,0.613139
1,-1,2,0.65,0.05,-1,-1,0.1,0.1,0.152158,0.584132
1,-1,2,0.65,0.05,-1,-1,0.15,0.15,0.160374,0.550204
1,-1,2,0.65,0.05,-1,-1,0.2,0.2,0.17215,0.513686
1,-1,2,0.65,0.05,-1,-1,0.25,0.25,0.186938,0.473024
1,-1,2,0.65,0.05,-1,-1,0.3,0.3,0.21049,0.423039
1,-1,2,0.65,0.05,-1,-1,0.35,0.35,0.240888,0.37642
1,-1,2,0.65,0.05,-1,-1,0.4,0.4,0.277586,0.332391
1,-1,2,0.65,0.05,-1,-1,0.45,0.45,0.325785,0.28137
1,-1,2,0.65,0.05,-1,-1,0.5,0.5,0.418348,0.204967
1,-1,2,0.65,0.05,-1,-1,0.55,0.55,0.47312,0.157312
1,-1,2,0.65,0.05,-1,-1,0.6,0.6,0.52844,0.118204
1,-1,2,0.65,0.05,-1,-1,0.65,0.65,0.579104,0.089974
1,-1,2,0.65,0.05,-1,-1,0.7,0.7,0.628124,0.06796
1,-1,2,0.65,0.05,-1,-1,0.75,0.75,0.663178,0.052938
1,-1,2,0.65,0.05,-1,-1,0.8,0.8,0.699053,0.03688
1,-1,2,0.65,0.05,-1,-1,0.85,0.85,0.724523,0.030924
1,-1,2,0.65,0.05,-1,-1,0.9,0.9,0.752182,0.027298
1,-1,2,0.65,0.05,-1,-1,0.95,0.95,0.778473,0.024967
1,-1,2,0.65,0.05,-1,-1,1.0,1.0,0.802846,0.02419
1,-1,2,0.7,0.05,-1,-1,0.05,0.05,0.148881,0.613024
1,-1,2,0.7,0.05,-1,-1,0.1,0.1,0.152272,0.583704
1,-1,2,0.7,0.05,-1,-1,0.15,0.15,0.160751,0.549409
1,-1,2,0.7,0.05,-1,-1,0.2,0.2,0.172903,0.512497
1,-1,2,0.7,0.05,-1,-1,0.25,0.25,0.188165,0.471395
1,-1,2,0.7,0.05,-1,-1,0.3,0.3,0.21247,0.42087
1,-1,2,0.7,0.05,-1,-1,0.35,0.35,0.243841,0.373747
1,-1,2,0.7,0.05,-1,-1,0.4,0.4,0.281712,0.329243
1,-1,2,0.7,0.05,-1,-1,0.45,0.45,0.331453,0.27767
1,-1,2,0.7,0.05,-1,-1,0.5,0.5,0.426978,0.200441
1,-1,2,0.7,0.05,-1,-1,0.55,0.55,0.483502,0.152272
1,-1,2,0.7,0.05,-1,-1,0.6,0.6,0.540591,0.112741
1,-1,2,0.7,0.05,-1,-1,0.65,0.65,0.592876,0.084206
1,-1,2,0.7,0.05,-1,-1,0.7,0.7,0.643465,0.061954
1,-1,2,0.7,0.05,-1,-1,0.75,0.75,0.67964,0.04677
1,-1,2,0.7,0.05,-1,-1,0.8,0.8,0.716663,0.030539
1,-1,2,0.7,0.05,-1,-1,0.85,0.85,0.742947,0.024518
1,-1,2,0.7,0.05,-1,-1,0.9,0.9,0.771492,0.020853
1,-1,2,0.7,0.05,-1,-1,0.95,0.95,0.798623,0.018496
1,-1,2,0.7,0.05,-1,-1,1.0,1.0,0.823776,0.017711
1,-1,2,0.75,0.05,-1,-1,0.05,0.05,0.148891,0.612955
1,-1,2,0.75,0.05,-1,-1,0.1,0.1,0.152407,0.583447
1,-1,2,0.75,0.05,-1,-1,0.15,0.15,0.161195,0.548932
1,-1,2,0.75,0.05,-1,-1,0.2,0.2,0.173792,0.511783
1,-1,2,0.75,0.05,-1,-1,0.25,0.25,0.189612,0.470418
1,-1,2,0.75,0.05,-1,-1,0.3,0.3,0.214806,0.419568
1,-1,2,0.75,0.05,-1,-1,0.35,0.35,0.247324,0.372143
1,-1,2,0.75,0.05,-1,-1,0.4,0.4,0.286581,0.327353
1,-1,2,0.75,0.05,-1,-1,0.45,0.45,0.338141,0.27545
1,-1,2,0.75,0.05,-1,-1,0.5,0.5,0.43716,0.197726
1,-1,2,0.75,0.05,-1,-1,0.55,0.55,0.495752,0.149247
1,-1,2,0.75,0.05,-1,-1,0.6,0.6,0.554929,0.109463
1,-1,2,0.75,0.05,-1,-1,0.65,0.65,0.609126,0.080744
1,-1,2,0.75,0.05,-1,-1,0.7,0.7,0.661566,0.058349
1,-1,2,0.75,0.05,-1,-1,0.75,0.75,0.699064,0.043068
1,-1,2,0.75,0.05,-1,-1,0.8,0.8,0.737441,0.026733
1,-1,2,0.75,0.05,-1,-1,0.85,0.85,0.764687,0.020673
1,-1,2,0.75,0.05,-1,-1,0.9,0.9,0.794275,0.016985
1,-1,2,0.75,0.05,-1,-1,0.95,0.95,0.822399,0.014613
1,-1,2,0.75,0.05,-1,-1,1.0,1.0,0.848472,0.013823
1,-1,2,0.8,0.05,-1,-1,0.05,0.05,0.148898,0.612833
1,-1,2,0.8,0.05,-1,-1,0.1,0.1,0.152498,0.58299
1,-1,2,0.8,0.05,-1,-1,0.15,0.15,0.161496,0.548084
1,-1,2,0.8,0.05,-1,-1,0.2,0.2,0.174395,0.510514
1,-1,2,0.8,0.05,-1,-1,0.25,0.25,0.190593,0.46868
1,-1,2,0.8,0.05,-1,-1,0.3,0.3,0.21639,0.417254
1,-1,2,0.8,0.05,-1,-1,0.35,0.35,0.249686,0.369292
1,-1,2,0.8,0.05,-1,-1,0.4,0.4,0.289882,0.323994
1,-1,2,0.8,0.05,-1,-1,0.45,0.45,0.342676,0.271503
1,-1,2,0.8,0.05,-1,-1,0.5,0.5,0.444064,0.192898
1,-1,2,0.8,0.05,-1,-1,0.55,0.55,0.504057,0.14387
1,-1,2,0.8,0.05,-1,-1,0.6,0.6,0.564651,0.103634
1,-1,2,0.8,0.05,-1,-1,0.65,0.65,0.620144,0.074591
1,-1,2,0.8,0.05,-1,-1,0.7,0.7,0.673838,0.051942
1,-1,2,0.8,0.05,-1,-1,0.75,0.75,0.712234,0.036488
1,-1,2,0.8,0.05,-1,-1,0.8,0.8,0.751529,0.019967
1,-1,2,0.8,0.05,-1,-1,0.85,0.85,0.779426,0.013839
1,-1,2,0.8,0.05,-1,-1,0.9,0.9,0.809723,0.010109
1,-1,2,0.8,0.05,-1,-1,0.95,0.95,0.838519,0.00771
1,-1,2,0.8,0.05,-1,-1,1.0,1.0,0.865216,0.006911
1,-1,2,0.85,0.05,-1,-1,0.05,0.05,0.148907,0.612779
1,-1,2,0.85,0.05,-1,-1,0.1,0.1,0.152616,0.58279
1,-1,2,0.85,0.05,-1,-1,0.15,0.15,0.161888,0.547714
1,-1,2,0.85,0.05,-1,-1,0.2,0.2,0.175178,0.509959
1,-1,2,0.85,0.05,-1,-1,0.25,0.25,0.191869,0.46792
1,-1,2,0.85,0.05,-1,-1,0.3,0.3,0.218449,0.416242
1,-1,2,0.85,0.05,-1,-1,0.35,0.35,0.252757,0.368045
1,-1,2,0.85,0.05,-1,-1,0.4,0.4,0.294173,0.322525
1,-1,2,0.85,0.05,-1,-1,0.45,0.45,0.348571,0.269776
1,-1,2,0.85,0.05,-1,-1,0.5,0.5,0.453038,0.190786
1,-1,2,0.85,0.05,-1,-1,0.55,0.55,0.514853,0.141518
1,-1,2,0.85,0.05,-1,-1,0.6,0.6,0.577288,0.101085
1,-1,2,0.85,0.05,-1,-1,0.65,0.65,0.634466,0.0719
1,-1,2,0.85,0.05,-1,-1,0.7,0.7,0.689791,0.04914
1,-1,2,0.85,0.05,-1,-1,0.75,0.75,0.729353,0.03361
1,-1,2,0.85,0.05,-1,-1,0.8,0.8,0.769842,0.017008
1,-1,2,0.85,0.05,-1,-1,0.85,0.85,0.798586,0.01085
1,-1,2,0.85,0.05,-1,-1,0.9,0.9,0.829803,0.007101
1,-1,2,0.85,0.05,-1,-1,0.95,0.95,0.859474,0.004691
1,-1,2,0.85,0.05,-1,-1,1.0,1.0,0.886982,0.003888
1,-1,2,0.9,0.05,-1,-1,0.05,0.05,0.148916,0.612749
1,-1,2,0.9,0.05,-1,-1,0.1,0.1,0.152723,0.582676
1,-1,2,0.9,0.05,-1,-1,0.15,0.15,0.162242,0.547502
1,-1,2,0.9,0.05,-1,-1,0.2,0.2,0.175887,0.509642
1,-1,2,0.9,0.05,-1,-1,0.25,0.25,0.193022,0.467486
1,-1,2,0.9,0.05,-1,-1,0.3,0.3,0.22031,0.415664
1,-1,2,0.9,0.05,-1,-1,0.35,0.35,0.255532,0.367332
1,-1,2,0.9,0.05,-1,-1,0.4,0.4,0.298052,0.321686
1,-1,2,0.9,0.05,-1,-1,0.45,0.45,0.353899,0.268789
1,-1,2,0.9,0.05,-1,-1,0.5,0.5,0.46115,0.189579
1,-1,2,0.9,0.05,-1,-1,0.55,0.55,0.524612,0.140173
1,-1,2,0.9,0.05,-1,-1,0.6,0.6,0.58871,0.099628
1,-1,2,0.9,0.05,-1,-1,0.65,0.65,0.647412,0.070361
1,-1,2,0.9,0.05,-1,-1,0.7,0.7,0.704211,0.047538
1,-1,2,0.9,0.05,-1,-1,0.75,0.75,0.744827,0.031964
1,-1,2,0.9,0.05,-1,-1,0.8,0.8,0.786395,0.015317
1,-1,2,0.9,0.05,-1,-1,0.85,0.85,0.815905,0.009141
1,-1,2,0.9,0.05,-1,-1,0.9,0.9,0.847954,0.005382
1,-1,2,0.9,0.05,-1,-1,0.95,0.95,0.878415,0.002966
1,-1,2,0.9,0.05,-1,-1,1.0,1.0,0.906656,0.00216
1,-1,2,0.95,0.05,-1,-1,0.05,0.05,0.148928,0.612718
1,-1,2,0.95,0.05,-1,-1,0.1,0.1,0.152881,0.582562
1,-1,2,0.95,0.05,-1,-1,0.15,0.15,0.162762,0.54729
1,-1,2,0.95,0.05,-1,-1,0.2,0.2,0.176926,0.509325
1,-1,2,0.95,0.05,-1,-1,0.25,0.25,0.194714,0.467051
1,-1,2,0.95,0.05,-1,-1,0.3,0.3,0.223043,0.415085
1,-1,2,0.95,0.05,-1,-1,0.35,0.35,0.259606,0.366619
1,-1,2,0.95,0.05,-1,-1,0.4,0.4,0.303746,0.320846
1,-1,2,0.95,0.05,-1,-1,0.45,0.45,0.361721,0.267803
1,-1,2,0.95,0.05,-1,-1,0.5,0.5,0.473058,0.188372
1,-1,2,0.95,0.05,-1,-1,0.55,0.55,0.538938,0.138829
1,-1,2,0.95,0.05,-1,-1,0.6,0.6,0.605478,0.098171
1,-1,2,0.95,0.05,-1,-1,0.65,0.65,0.666417,0.068823
1,-1,2,0.95,0.05,-1,-1,0.7,0.7,0.72538,0.045936
1,-1,2,0.95,0.05,-1,-1,0.75,0.75,0.767544,0.030319
1,-1,2,0.95,0.05,-1,-1,0.8,0.8,0.810695,0.013625
1,-1,2,0.95,0.05,-1,-1,0.85,0.85,0.841329,0.007433
1,-1,2,0.95,0.05,-1,-1,0.9,0.9,0.874599,0.003663
1,-1,2,0.95,0.05,-1,-1,0.95,0.95,0.906221,0.00124
1,-1,2,0.95,0.05,-1,-1,1.0,1.0,0.935538,0.000432
1,-1,2,1.0,0.05,-1,-1,0.05,0.05,0.148955,0.612711
1,-1,2,1.0,0.05,-1,-1,0.1,0.1,0.153231,0.582533
1,-1,2,1.0,0.05,-1,-1,0.15,0.15,0.163922,0.547237
1,-1,2,1.0,0.05,-1,-1,0.2,0.2,0.179247,0.509245
1,-1,2,1.0,0.05,-1,-1,0.25,0.25,0.198492,0.466943
1,-1,2,1.0,0.05,-1,-1,0.3,0.3,0.229141,0.414941
1,-1,2,1.0,0.05,-1,-1,0.35,0.35,0.268699,0.366441
1,-1,2,1.0,0.05,-1,-1,0.4,0.4,0.316455,0.320636
1,-1,2,1.0,0.05,-1,-1,0.45,0.45,0.379179,0.267556
1,-1,2,1.0,0.05,-1,-1,0.5,0.5,0.499636,0.188071
1,-1,2,1.0,0.05,-1,-1,0.55,0.55,0.570913,0.138493
1,-1,2,1.0,0.05,-1,-1,0.6,0.6,0.642903,0.097807
1,-1,2,1.0,0.05,-1,-1,0.65,0.65,0.708834,0.068438
1,-1,2,1.0,0.05,-1,-1,0.7,0.7,0.772627,0.045536
1,-1,2,1.0,0.05,-1,-1,0.75,0.75,0.818244,0.029908
1,-1,2,1.0,0.05,-1,-1,0.8,0.8,0.86493,0.013202
1,-1,2,1.0,0.05,-1,-1,0.85,0.85,0.898074,0.007005
1,-1,2,1.0,0.05,-1,-1,0.9,0.9,0.934069,0.003234
1,-1,2,1.0,0.05,-1,-1,0.95,0.95,0.968282,0.000808
1,-1,2,1.0,0.05,-1,-1,1.0,1.0,1.0,0.0
1,-1,2,0.1,0.1,-1,-1,0.05,0.05,0.266639,0.421598
1,-1,2,0.1,0.1,-1,-1,0.1,0.1,0.266639,0.421598
1,-1,2,0.1,0.1,-1,-1,0.15,0.15,0.266639,0.421598
1,-1,2,0.1,0.1,-1,-1,0.2,0.2,0.266639,0.421598
1,-1,2,0.1,0.1,-1,-1,0.25,0.25,0.266639,0.421598
1,-1,2,0.1,0.1,-1,-1,0.3,0.3,0.266639,0.421598
1,-1,2,0.1,0.1,-1,-1,0.35,0.35,0.266639,0.421598
1,-1,2,0.1,0.1,-1,-1,0.4,0.4,0.266639,0.421598
1,-1,2,0.1,0.1,-1,-1,0.45,0.45,0.266639,0.421598
1,-1,2,0.1,0.1,-1,-1,0.5,0.5,0.266639,0.421598
1,-1,2,0.1,0.1,-1,-1,0.55,0.55,0.266639,0.421598
1,-1,2,0.1,0.1,-1,-1,0.6,0.6,0.266639,0.421598
1,-1,2,0.1,0.1,-1,-1,0.65,0.65,0.266639,0.421598
1,-1,2,0.1,0.1,-1,-1,0.7,0.7,0.266639,0.421598
1,-1,2,0.1,0.1,-1,-1,0.75,0.75,0.266639,0.421598
1,-1,2,0.1,0.1,-1,-1,0.8,0.8,0.266639,0.421598
1,-1,2,0.1,0.1,-1,-1,0.85,0.85,0.266639,0.421598
1,-1,2,0.1,0.1,-1,-1,0.9,0.9,0.266639,0.421598
1,-1,2,0.1,0.1,-1,-1,0.95,0.95,0.266639,0.421598
1,-1,2,0.1,0.1,-1,-1,1.0,1.0,0.266639,0.421598
1,-1,2,0.15,0.1,-1,-1,0.05,0.05,0.266678,0.419594
1,-1,2,0.15,0.1,-1,-1,0.1,0.1,0.267147,0.414118
1,-1,2,0.15,0.1,-1,-1,0.15,0.15,0.268319,0.407714
1,-1,2,0.15,0.1,-1,-1,0.2,0.2,0.269999,0.400821
1,-1,2,0.15,0.1,-1,-1,0.25,0.25,0.272109,0.393145
1,-1,2,0.15,0.1,-1,-1,0.3,0.3,0.275469,0.38371
1,-1,2,0.15,0.1,-1,-1,0.35,0.35,0.279806,0.37491
1,-1,2,0.15,0.1,-1,-1,0.4,0.4,0.285042,0.366599
1,-1,2,0.15,0.1,-1,-1,0.45,0.45,0.291919,0.356969
1,-1,2,0.15,0.1,-1,-1,0.5,0.5,0.305125,0.342547
1,-1,2,0.15,0.1,-1,-1,0.55,0.55,0.31294,0.333551
1,-1,2,0.15,0.1,-1,-1,0.6,0.6,0.320832,0.326169
1,-1,2,0.15,0.1,-1,-1,0.65,0.65,0.328061,0.32084
1,-1,2,0.15,0.1,-1,-1,0.7,0.7,0.335055,0.316685
1,-1,2,0.15,0.1,-1,-1,0.75,0.75,0.340056,0.31385
1,-1,2,0.15,0.1,-1,-1,0.8,0.8,0.345175,0.310818
1,-1,2,0.15,0.1,-1,-1,0.85,0.85,0.348808,0.309694
1,-1,2,0.15,0.1,-1,-1,0.9,0.9,0.352755,0.30901
1,-1,2,0.15,0.1,-1,-1,0.95,0.95,0.356506,0.30857
1,-1,2,0.15,0.1,-1,-1,1.0,1.0,0.359983,0.308423
1,-1,2,0.2,0.1,-1,-1,0.05,0.05,0.266706,0.418224
1,-1,2,0.2,0.1,-1,-1,0.1,0.1,0.267514,0.409008
1,-1,2,0.2,0.1,-1,-1,0.15,0.15,0.269532,0.398228
1,-1,2,0.2,0.1,-1,-1,0.2,0.2,0.272425,0.386626
1,-1,2,0.2,0.1,-1,-1,0.25,0.25,0.276058,0.373707
1,-1,2,0.2,0.1,-1,-1,0.3,0.3,0.281845,0.357825
1,-1,2,0.2,0.1,-1,-1,0.35,0.35,0.289313,0.343013
1,-1,2,0.2,0.1,-1,-1,0.4,0.4,0.298329,0.329024
1,-1,2,0.2,0.1,-1,-1,0.45,0.45,0.31017,0.312814
1,-1,2,0.2,0.1,-1,-1,0.5,0.5,0.332911,0.288539
1,-1,2,0.2,0.1,-1,-1,0.55,0.55,0.346368,0.273398
1,-1,2,0.2,0.1,-1,-1,0.6,0.6,0.359959,0.260972
1,-1,2,0.2,0.1,-1,-1,0.65,0.65,0.372406,0.252003
1,-1,2,0.2,0.1,-1,-1,0.7,0.7,0.384449,0.245009
1,-1,2,0.2,0.1,-1,-1,0.75,0.75,0.393061,0.240236
1,-1,2,0.2,0.1,-1,-1,0.8,0.8,0.401875,0.235134
1,-1,2,0.2,0.1,-1,-1,0.85,0.85,0.408132,0.233241
1,-1,2,0.2,0.1,-1,-1,0.9,0.9,0.414928,0.23209
1,-1,2,0.2,0.1,-1,-1,0.95,0.95,0.421387,0.231349
1,-1,2,0.2,0.1,-1,-1,1.0,1.0,0.427375,0.231102
1,-1,2,0.25,0.1,-1,-1,0.05,0.05,0.266736,0.417161
1,-1,2,0.25,0.1,-1,-1,0.1,0.1,0.267896,0.40504
1,-1,2,0.25,0.1,-1,-1,0.15,0.15,0.270798,0.390862
1,-1,2,0.25,0.1,-1,-1,0.2,0.2,0.274957,0.375603
1,-1,2,0.25,0.1,-1,-1,0.25,0.25,0.28018,0.358611
1,-1,2,0.25,0.1,-1,-1,0.3,0.3,0.288497,0.337724
1,-1,2,0.25,0.1,-1,-1,0.35,0.35,0.299233,0.318243
1,-1,2,0.25,0.1,-1,-1,0.4,0.4,0.312193,0.299845
1,-1,2,0.25,0.1,-1,-1,0.45,0.45,0.329216,0.278525
1,-1,2,0.25,0.1,-1,-1,0.5,0.5,0.361906,0.246599
1,-1,2,0.25,0.1,-1,-1,0.55,0.55,0.38125,0.226685
1,-1,2,0.25,0.1,-1,-1,0.6,0.6,0.400787,0.210343
1,-1,2,0.25,0.1,-1,-1,0.65,0.65,0.41868,0.198547
1,-1,2,0.25,0.1,-1,-1,0.7,0.7,0.435992,0.189348
1,-1,2,0.25,0.1,-1,-1,0.75,0.75,0.448372,0.183071
1,-1,2,0.25,0.1,-1,-1,0.8,0.8,0.461042,0.176361
1,-1,2,0.25,0.1,-1,-1,0.85,0.85,0.470037,0.173872
1,-1,2,0.25,0.1,-1,-1,0.9,0.9,0.479805,0.172357
1,-1,2,0.25,0.1,-1,-1,0.95,0.95,0.48909,0.171383
1,-1,2,0.25,0.1,-1,-1,1.0,1.0,0.497698,0.171058
1,-1,2,0.3,0.1,-1,-1,0.05,0.05,0.266759,0.416572
1,-1,2,0.3,0.1,-1,-1,0.1,0.1,0.268204,0.402841
1,-1,2,0.3,0.1,-1,-1,0.15,0.15,0.271815,0.386782
1,-1,2,0.3,0.1,-1,-1,0.2,0.2,0.276991,0.369496
1,-1,2,0.3,0.1,-1,-1,0.25,0.25,0.283491,0.350249
1,-1,2,0.3,0.1,-1,-1,0.3,0.3,0.293843,0.326589
1,-1,2,0.3,0.1,-1,-1,0.35,0.35,0.307204,0.304522
1,-1,2,0.3,0.1,-1,-1,0.4,0.4,0.323334,0.283682
1,-1,2,0.3,0.1,-1,-1,0.45,0.45,0.34452,0.259531
1,-1,2,0.3,0.1,-1,-1,0.5,0.5,0.385205,0.223366
1,-1,2,0.3,0.1,-1,-1,0.55,0.55,0.409279,0.200809
1,-1,2,0.3,0.1,-1,-1,0.6,0.6,0.433595,0.182298
1,-1,2,0.3,0.1,-1,-1,0.65,0.65,0.455863,0.168935
1,-1,2,0.3,0.1,-1,-1,0.7,0.7,0.47741,0.158515
1,-1,2,0.3,0.1,-1,-1,0.75,0.75,0.492818,0.151405
1,-1,2,0.3,0.1,-1,-1,0.8,0.8,0.508586,0.143804
1,-1,2,0.3,0.1,-1,-1,0.85,0.85,0.519781,0.140984
1,-1,2,0.3,0.1,-1,-1,0.9,0.9,0.531938,0.139268
1,-1,2,0.3,0.1,-1,-1,0.95,0.95,0.543494,0.138165
1,-1,2,0.3,0.1,-1,-1,1.0,1.0,0.554207,0.137797
1,-1,2,0.35,0.1,-1,-1,0.05,0.05,0.266776,0.41599
1,-1,2,0.35,0.1,-1,-1,0.1,0.1,0.268423,0.400672
1,-1,2,0.35,0.1,-1,-1,0.15,0.15,0.272538,0.382754
1,-1,2,0.35,0.1,-1,-1,0.2,0.2,0.278437,0.363469
1,-1,2,0.35,0.1,-1,-1,0.25,0.25,0.285846,0.341996
1,-1,2,0.35,0.1,-1,-1,0.3,0.3,0.297644,0.315599
1,-1,2,0.35,0.1,-1,-1,0.35,0.35,0.312873,0.29098
1,-1,2,0.35,0.1,-1,-1,0.4,0.4,0.331257,0.267728
1,-1,2,0.35,0.1,-1,-1,0.45,0.45,0.355402,0.240784
1,-1,2,0.35,0.1,-1,-1,0.5,0.5,0.401773,0.200436
1,-1,2,0.35,0.1,-1,-1,0.55,0.55,0.429212,0.175269
1,-1,2,0.35,0.1,-1,-1,0.6,0.6,0.456925,0.154617
1,-1,2,0.35,0.1,-1,-1,0.65,0.65,0.482305,0.139708
1,-1,2,0.35,0.1,-1,-1,0.7,0.7,0.506863,0.128083
1,-1,2,0.35,0.1,-1,-1,0.75,0.75,0.524423,0.12015
1,-1,2,0.35,0.1,-1,-1,0.8,0.8,0.542395,0.11167
1,-1,2,0.35,0.1,-1,-1,0.85,0.85,0.555154,0.108524
1,-1,2,0.35,0.1,-1,-1,0.9,0.9,0.569011,0.106609
1,-1,2,0.35,0.1,-1,-1,0.95,0.95,0.582181,0.105378
1,-1,2,0.35,0.1,-1,-1,1.0,1.0,0.594391,0.104968
1,-1,2,0.4,0.1,-1,-1,0.05,0.05,0.266796,0.415569
1,-1,2,0.4,0.1,-1,-1,0.1,0.1,0.268673,0.399101
1,-1,2,0.4,0.1,-1,-1,0.15,0.15,0.273367,0.37984
1,-1,2,0.4,0.1,-1,-1,0.2,0.2,0.280095,0.359108
1,-1,2,0.4,0.1,-1,-1,0.25,0.25,0.288544,0.336023
1,-1,2,0.4,0.1,-1,-1,0.3,0.3,0.302,0.307645
1,-1,2,0.4,0.1,-1,-1,0.35,0.35,0.319368,0.281179
1,-1,2,0.4,0.1,-1,-1,0.4,0.4,0.340334,0.256183
1,-1,2,0.4,0.1,-1,-1,0.45,0.45,0.367872,0.227217
1,-1,2,0.4,0.1,-1,-1,0.5,0.5,0.420757,0.183841
1,-1,2,0.4,0.1,-1,-1,0.55,0.55,0.45205,0.156786
1,-1,2,0.4,0.1,-1,-1,0.6,0.6,0.483657,0.134584
1,-1,2,0.4,0.1,-1,-1,0.65,0.65,0.512603,0.118557
1,-1,2,0.4,0.1,-1,-1,0.7,0.7,0.54061,0.106059
1,-1,2,0.4,0.1,-1,-1,0.75,0.75,0.560638,0.097531
1,-1,2,0.4,0.1,-1,-1,0.8,0.8,0.581135,0.088415
1,-1,2,0.4,0.1,-1,-1,0.85,0.85,0.595686,0.085033
1,-1,2,0.4,0.1,-1,-1,0.9,0.9,0.611489,0.082975
1,-1,2,0.4,0.1,-1,-1,0.95,0.95,0.62651,0.081651
1,-1,2,0.4,0.1,-1,-1,1.0,1.0,0.640435,0.08121
1,-1,2,0.45,0.1,-1,-1,0.05,0.05,0.26681,0.415202
1,-1,2,0.45,0.1,-1,-1,0.1,0.1,0.268858,0.397731
1,-1,2,0.45,0.1,-1,-1,0.15,0.15,0.273977,0.377296
1,-1,2,0.45,0.1,-1,-1,0.2,0.2,0.281315,0.355301
1,-1,2,0.45,0.1,-1,-1,0.25,0.25,0.290531,0.33081
1,-1,2,0.45,0.1,-1,-1,0.3,0.3,0.305208,0.300704
1,-1,2,0.45,0.1,-1,-1,0.35,0.35,0.324151,0.272625
1,-1,2,0.45,0.1,-1,-1,0.4,0.4,0.347019,0.246106
1,-1,2,0.45,0.1,-1,-1,0.45,0.45,0.377055,0.215376
1,-1,2,0.45,0.1,-1,-1,0.5,0.5,0.434737,0.169358
1,-1,2,0.45,0.1,-1,-1,0.55,0.55,0.468869,0.140655
1,-1,2,0.45,0.1,-1,-1,0.6,0.6,0.503342,0.1171
1,-1,2,0.45,0.1,-1,-1,0.65,0.65,0.534913,0.100097
1,-1,2,0.45,0.1,-1,-1,0.7,0.7,0.565461,0.086838
1,-1,2,0.45,0.1,-1,-1,0.75,0.75,0.587306,0.07779
1,-1,2,0.45,0.1,-1,-1,0.8,0.8,0.609662,0.068119
1,-1,2,0.45,0.1,-1,-1,0.85,0.85,0.625533,0.064531
1,-1,2,0.45,0.1,-1,-1,0.9,0.9,0.642769,0.062347
1,-1,2,0.45,0.1,-1,-1,0.95,0.95,0.659152,0.060943
1,-1,2,0.45,0.1,-1,-1,1.0,1.0,0.674341,0.060475
1,-1,2,0.5,0.1,-1,-1,0.05,0.05,0.266826,0.414965
1,-1,2,0.5,0.1,-1,-1,0.1,0.1,0.269072,0.396846
1,-1,2,0.5,0.1,-1,-1,0.15,0.15,0.274685,0.375653
1,-1,2,0.5,0.1,-1,-1,0.2,0.2,0.282732,0.352843
1,-1,2,0.5,0.1,-1,-1,0.25,0.25,0.292837,0.327444
1,-1,2,0.5,0.1,-1,-1,0.3,0.3,0.30893,0.296221
1,-1,2,0.5,0.1,-1,-1,0.35,0.35,0.329701,0.267101
1,-1,2,0.5,0.1,-1,-1,0.4,0.4,0.354776,0.239599
1,-1,2,0.5,0.1,-1,-1,0.45,0.45,0.387711,0.207729
1,-1,2,0.5,0.1,-1,-1,0.5,0.5,0.45096,0.160004
1,-1,2,0.5,0.1,-1,-1,0.55,0.55,0.488386,0.130237
1,-1,2,0.5,0.1,-1,-1,0.6,0.6,0.526186,0.105809
1,-1,2,0.5,0.1,-1,-1,0.65,0.65,0.560804,0.088175
1,-1,2,0.5,0.1,-1,-1,0.7,0.7,0.5943,0.074424
1,-1,2,0.5,0.1,-1,-1,0.75,0.75,0.618253,0.065041
1,-1,2,0.5,0.1,-1,-1,0.8,0.8,0.642766,0.055011
1,-1,2,0.5,0.1,-1,-1,0.85,0.85,0.66017,0.05129
1,-1,2,0.5,0.1,-1,-1,0.9,0.9,0.679069,0.049025
1,-1,2,0.5,0.1,-1,-1,0.95,0.95,0.697034,0.047569
1,-1,2,0.5,0.1,-1,-1,1.0,1.0,0.713688,0.047084
1,-1,2,0.55,0.1,-1,-1,0.05,0.05,0.266839,0.414751
1,-1,2,0.55,0.1,-1,-1,0.1,0.1,0.269231,0.396047
1,-1,2,0.55,0.1,-1,-1,0.15,0.15,0.275213,0.37417
1,-1,2,0.55,0.1,-1,-1,0.2,0.2,0.283787,0.350622
1,-1,2,0.55,0.1,-1,-1,0.25,0.25,0.294554,0.324403
1,-1,2,0.55,0.1,-1,-1,0.3,0.3,0.311702,0.292172
1,-1,2,0.55,0.1,-1,-1,0.35,0.35,0.333834,0.262111
1,-1,2,0.55,0.1,-1,-1,0.4,0.4,0.360553,0.233721
1,-1,2,0.55,0.1,-1,-1,0.45,0.45,0.395646,0.200822
1,-1,2,0.55,0.1,-1,-1,0.5,0.5,0.463041,0.151556
1,-1,2,0.55,0.1,-1,-1,0.55,0.55,0.50292,0.120828
1,-1,2,0.55,0.1,-1,-1,0.6,0.6,0.543197,0.09561
1,-1,2,0.55,0.1,-1,-1,0.65,0.65,0.580085,0.077407
1,-1,2,0.55,0.1,-1,-1,0.7,0.7,0.615776,0.063212
1,-1,2,0.55,0.1,-1,-1,0.75,0.75,0.641299,0.053526
1,-1,2,0.55,0.1,-1,-1,0.8,0.8,0.667419,0.043172
1,-1,2,0.55,0.1,-1,-1,0.85,0.85,0.685963,0.039331
1,-1,2,0.55,0.1,-1,-1,0.9,0.9,0.706101,0.036993
1,-1,2,0.55,0.1,-1,-1,0.95,0.95,0.725243,0.03549
1,-1,2,0.55,0.1,-1,-1,1.0,1.0,0.742989,0.034989
1,-1,2,0.6,0.1,-1,-1,0.05,0.05,0.266851,0.414628
1,-1,2,0.6,0.1,-1,-1,0.1,0.1,0.269398,0.39559
1,-1,2,0.6,0.1,-1,-1,0.15,0.15,0.275763,0.373322
1,-1,2,0.6,0.1,-1,-1,0.2,0.2,0.284887,0.349354
1,-1,2,0.6,0.1,-1,-1,0.25,0.25,0.296345,0.322665
1,-1,2,0.6,0.1,-1,-1,0.3,0.3,0.314592,0.289858
1,-1,2,0.6,0.1,-1,-1,0.35,0.35,0.338145,0.25926
1,-1,2,0.6,0.1,-1,-1,0.4,0.4,0.366578,0.230363
1,-1,2,0.6,0.1,-1,-1,0.45,0.45,0.403922,0.196875
1,-1,2,0.6,0.1,-1,-1,0.5,0.5,0.475639,0.146729
1,-1,2,0.6,0.1,-1,-1,0.55,0.55,0.518076,0.115451
1,-1,2,0.6,0.1,-1,-1,0.6,0.6,0.560937,0.089783
1,-1,2,0.6,0.1,-1,-1,0.65,0.65,0.600191,0.071255
1,-1,2,0.6,0.1,-1,-1,0.7,0.7,0.638172,0.056806
1,-1,2,0.6,0.1,-1,-1,0.75,0.75,0.665332,0.046946
1,-1,2,0.6,0.1,-1,-1,0.8,0.8,0.693127,0.036407
1,-1,2,0.6,0.1,-1,-1,0.85,0.85,0.712861,0.032498
1,-1,2,0.6,0.1,-1,-1,0.9,0.9,0.734291,0.030118
1,-1,2,0.6,0.1,-1,-1,0.95,0.95,0.754661,0.028588
1,-1,2,0.6,0.1,-1,-1,1.0,1.0,0.773545,0.028078
1,-1,2,0.65,0.1,-1,-1,0.05,0.05,0.266864,0.41456
1,-1,2,0.65,0.1,-1,-1,0.1,0.1,0.269557,0.395333
1,-1,2,0.65,0.1,-1,-1,0.15,0.15,0.27629,0.372845
1,-1,2,0.65,0.1,-1,-1,0.2,0.2,0.285941,0.34864
1,-1,2,0.65,0.1,-1,-1,0.25,0.25,0.298062,0.321688
1,-1,2,0.65,0.1,-1,-1,0.3,0.3,0.317364,0.288557
1,-1,2,0.65,0.1,-1,-1,0.35,0.35,0.342278,0.257656
1,-1,2,0.65,0.1,-1,-1,0.4,0.4,0.372354,0.228473
1,-1,2,0.65,0.1,-1,-1,0.45,0.45,0.411857,0.194655
1,-1,2,0.65,0.1,-1,-1,0.5,0.5,0.48772,0.144013
1,-1,2,0.65,0.1,-1,-1,0.55,0.55,0.53261,0.112426
1,-1,2,0.65,0.1,-1,-1,0.6,0.6,0.577949,0.086505
1,-1,2,0.65,0.1,-1,-1,0.65,0.65,0.619472,0.067793
1,-1,2,0.65,0.1,-1,-1,0.7,0.7,0.659648,0.053202
1,-1,2,0.65,0.1,-1,-1,0.75,0.75,0.688378,0.043245
1,-1,2,0.65,0.1,-1,-1,0.8,0.8,0.71778,0.032602
1,-1,2,0.65,0.1,-1,-1,0.85,0.85,0.738654,0.028653
1,-1,2,0.65,0.1,-1,-1,0.9,0.9,0.761323,0.02625
1,-1,2,0.65,0.1,-1,-1,0.95,0.95,0.78287,0.024705
1,-1,2,0.65,0.1,-1,-1,1.0,1.0,0.802846,0.02419
1,-1,2,0.7,0.1,-1,-1,0.05,0.05,0.266872,0.414445
1,-1,2,0.7,0.1,-1,-1,0.1,0.1,0.269671,0.394905
1,-1,2,0.7,0.1,-1,-1,0.15,0.15,0.276667,0.37205
1,-1,2,0.7,0.1,-1,-1,0.2,0.2,0.286695,0.34745
1,-1,2,0.7,0.1,-1,-1,0.25,0.25,0.299288,0.320059
1,-1,2,0.7,0.1,-1,-1,0.3,0.3,0.319344,0.286388
1,-1,2,0.7,0.1,-1,-1,0.35,0.35,0.34523,0.254984
1,-1,2,0.7,0.1,-1,-1,0.4,0.4,0.376481,0.225325
1,-1,2,0.7,0.1,-1,-1,0.45,0.45,0.417526,0.190955
1,-1,2,0.7,0.1,-1,-1,0.5,0.5,0.49635,0.139488
1,-1,2,0.7,0.1,-1,-1,0.55,0.55,0.542992,0.107386
1,-1,2,0.7,0.1,-1,-1,0.6,0.6,0.5901,0.081042
1,-1,2,0.7,0.1,-1,-1,0.65,0.65,0.633244,0.062025
1,-1,2,0.7,0.1,-1,-1,0.7,0.7,0.674989,0.047196
1,-1,2,0.7,0.1,-1,-1,0.75,0.75,0.70484,0.037077
1,-1,2,0.7,0.1,-1,-1,0.8,0.8,0.73539,0.02626
1,-1,2,0.7,0.1,-1,-1,0.85,0.85,0.757078,0.022247
1,-1,2,0.7,0.1,-1,-1,0.9,0.9,0.780632,0.019805
1,-1,2,0.7,0.1,-1,-1,0.95,0.95,0.80302,0.018234
1,-1,2,0.7,0.1,-1,-1,1.0,1.0,0.823776,0.017711
1,-1,2,0.75,0.1,-1,-1,0.05,0.05,0.266883,0.414376
1,-1,2,0.75,0.1,-1,-1,0.1,0.1,0.269805,0.394648
1,-1,2,0.75,0.1,-1,-1,0.15,0.15,0.277111,0.371573
1,-1,2,0.75,0.1,-1,-1,0.2,0.2,0.287584,0.346737
1,-1,2,0.75,0.1,-1,-1,0.25,0.25,0.300736,0.319082
1,-1,2,0.75,0.1,-1,-1,0.3,0.3,0.32168,0.285086
1,-1,2,0.75,0.1,-1,-1,0.35,0.35,0.348714,0.25338
1,-1,2,0.75,0.1,-1,-1,0.4,0.4,0.38135,0.223435
1,-1,2,0.75,0.1,-1,-1,0.45,0.45,0.424214,0.188735
1,-1,2,0.75,0.1,-1,-1,0.5,0.5,0.506532,0.136772
1,-1,2,0.75,0.1,-1,-1,0.55,0.55,0.555242,0.104361
1,-1,2,0.75,0.1,-1,-1,0.6,0.6,0.604438,0.077763
1,-1,2,0.75,0.1,-1,-1,0.65,0.65,0.649494,0.058564
1,-1,2,0.75,0.1,-1,-1,0.7,0.7,0.693089,0.043591
1,-1,2,0.75,0.1,-1,-1,0.75,0.75,0.724263,0.033375
1,-1,2,0.75,0.1,-1,-1,0.8,0.8,0.756168,0.022454
1,-1,2,0.75,0.1,-1,-1,0.85,0.85,0.778818,0.018403
1,-1,2,0.75,0.1,-1,-1,0.9,0.9,0.803416,0.015937
1,-1,2,0.75,0.1,-1,-1,0.95,0.95,0.826796,0.014351
1,-1,2,0.75,0.1,-1,-1,1.0,1.0,0.848472,0.013823
1,-1,2,0.8,0.1,-1,-1,0.05,0.05,0.26689,0.414253
1,-1,2,0.8,0.1,-1,-1,0.1,0.1,0.269896,0.394191
1,-1,2,0.8,0.1,-1,-1,0.15,0.15,0.277413,0.370725
1,-1,2,0.8,0.1,-1,-1,0.2,0.2,0.288187,0.345468
1,-1,2,0.8,0.1,-1,-1,0.25,0.25,0.301717,0.317344
1,-1,2,0.8,0.1,-1,-1,0.3,0.3,0.323264,0.282772
1,-1,2,0.8,0.1,-1,-1,0.35,0.35,0.351076,0.250528
1,-1,2,0.8,0.1,-1,-1,0.4,0.4,0.384651,0.220076
1,-1,2,0.8,0.1,-1,-1,0.45,0.45,0.428749,0.184788
1,-1,2,0.8,0.1,-1,-1,0.5,0.5,0.513436,0.131944
1,-1,2,0.8,0.1,-1,-1,0.55,0.55,0.563547,0.098984
1,-1,2,0.8,0.1,-1,-1,0.6,0.6,0.61416,0.071935
1,-1,2,0.8,0.1,-1,-1,0.65,0.65,0.660512,0.05241
1,-1,2,0.8,0.1,-1,-1,0.7,0.7,0.705362,0.037184
1,-1,2,0.8,0.1,-1,-1,0.75,0.75,0.737433,0.026794
1,-1,2,0.8,0.1,-1,-1,0.8,0.8,0.770255,0.015688
1,-1,2,0.8,0.1,-1,-1,0.85,0.85,0.793557,0.011568
1,-1,2,0.8,0.1,-1,-1,0.9,0.9,0.818863,0.009061
1,-1,2,0.8,0.1,-1,-1,0.95,0.95,0.842917,0.007448
1,-1,2,0.8,0.1,-1,-1,1.0,1.0,0.865216,0.006911
1,-1,2,0.85,0.1,-1,-1,0.05,0.05,0.266899,0.4142
1,-1,2,0.85,0.1,-1,-1,0.1,0.1,0.270015,0.393991
1,-1,2,0.85,0.1,-1,-1,0.15,0.15,0.277805,0.370354
1,-1,2,0.85,0.1,-1,-1,0.2,0.2,0.28897,0.344913
1,-1,2,0.85,0.1,-1,-1,0.25,0.25,0.302992,0.316584
1,-1,2,0.85,0.1,-1,-1,0.3,0.3,0.325323,0.28176
1,-1,2,0.85,0.1,-1,-1,0.35,0.35,0.354146,0.249281
1,-1,2,0.85,0.1,-1,-1,0.4,0.4,0.388942,0.218607
1,-1,2,0.85,0.1,-1,-1,0.45,0.45,0.434643,0.183061
1,-1,2,0.85,0.1,-1,-1,0.5,0.5,0.52241,0.129833
1,-1,2,0.85,0.1,-1,-1,0.55,0.55,0.574343,0.096632
1,-1,2,0.85,0.1,-1,-1,0.6,0.6,0.626796,0.069386
1,-1,2,0.85,0.1,-1,-1,0.65,0.65,0.674835,0.049719
1,-1,2,0.85,0.1,-1,-1,0.7,0.7,0.721315,0.034382
1,-1,2,0.85,0.1,-1,-1,0.75,0.75,0.754552,0.023916
1,-1,2,0.85,0.1,-1,-1,0.8,0.8,0.788568,0.012729
1,-1,2,0.85,0.1,-1,-1,0.85,0.85,0.812718,0.008579
1,-1,2,0.85,0.1,-1,-1,0.9,0.9,0.838944,0.006053
1,-1,2,0.85,0.1,-1,-1,0.95,0.95,0.863872,0.004429
1,-1,2,0.85,0.1,-1,-1,1.0,1.0,0.886982,0.003888
1,-1,2,0.9,0.1,-1,-1,0.05,0.05,0.266907,0.414169
1,-1,2,0.9,0.1,-1,-1,0.1,0.1,0.270122,0.393877
1,-1,2,0.9,0.1,-1,-1,0.15,0.15,0.278159,0.370142
1,-1,2,0.9,0.1,-1,-1,0.2,0.2,0.289678,0.344595
1,-1,2,0.9,0.1,-1,-1,0.25,0.25,0.304145,0.31615
1,-1,2,0.9,0.1,-1,-1,0.3,0.3,0.327185,0.281181
1,-1,2,0.9,0.1,-1,-1,0.35,0.35,0.356922,0.248569
1,-1,2,0.9,0.1,-1,-1,0.4,0.4,0.392821,0.217767
1,-1,2,0.9,0.1,-1,-1,0.45,0.45,0.439972,0.182075
1,-1,2,0.9,0.1,-1,-1,0.5,0.5,0.530522,0.128626
1,-1,2,0.9,0.1,-1,-1,0.55,0.55,0.584102,0.095288
1,-1,2,0.9,0.1,-1,-1,0.6,0.6,0.638219,0.067929
1,-1,2,0.9,0.1,-1,-1,0.65,0.65,0.68778,0.04818
1,-1,2,0.9,0.1,-1,-1,0.7,0.7,0.735735,0.03278
1,-1,2,0.9,0.1,-1,-1,0.75,0.75,0.770026,0.022271
1,-1,2,0.9,0.1,-1,-1,0.8,0.8,0.805121,0.011038
1,-1,2,0.9,0.1,-1,-1,0.85,0.85,0.830036,0.006871
1,-1,2,0.9,0.1,-1,-1,0.9,0.9,0.857094,0.004334
1,-1,2,0.9,0.1,-1,-1,0.95,0.95,0.882813,0.002704
1,-1,2,0.9,0.1,-1,-1,1.0,1.0,0.906656,0.00216
1,-1,2,0.95,0.1,-1,-1,0.05,0.05,0.266919,0.414139
1,-1,2,0.95,0.1,-1,-1,0.1,0.1,0.270279,0.393763
1,-1,2,0.95,0.1,-1,-1,0.15,0.15,0.278679,0.36993
1,-1,2,0.95,0.1,-1,-1,0.2,0.2,0.290718,0.344278
1,-1,2,0.95,0.1,-1,-1,0.25,0.25,0.305838,0.315715
1,-1,2,0.95,0.1,-1,-1,0.3,0.3,0.329917,0.280603
1,-1,2,0.95,0.1,-1,-1,0.35,0.35,0.360996,0.247856
1,-1,2,0.95,0.1,-1,-1,0.4,0.4,0.398515,0.216928
1,-1,2,0.95,0.1,-1,-1,0.45,0.45,0.447794,0.181088
1,-1,2,0.95,0.1,-1,-1,0.5,0.5,0.54243,0.127419
1,-1,2,0.95,0.1,-1,-1,0.55,0.55,0.598428,0.093943
1,-1,2,0.95,0.1,-1,-1,0.6,0.6,0.654987,0.066472
1,-1,2,0.95,0.1,-1,-1,0.65,0.65,0.706785,0.046642
1,-1,2,0.95,0.1,-1,-1,0.7,0.7,0.756904,0.031178
1,-1,2,0.95,0.1,-1,-1,0.75,0.75,0.792743,0.020626
1,-1,2,0.95,0.1,-1,-1,0.8,0.8,0.829421,0.009346
1,-1,2,0.95,0.1,-1,-1,0.85,0.85,0.855461,0.005162
1,-1,2,0.95,0.1,-1,-1,0.9,0.9,0.88374,0.002615
1,-1,2,0.95,0.1,-1,-1,0.95,0.95,0.910619,0.000978
1,-1,2,0.95,0.1,-1,-1,1.0,1.0,0.935538,0.000432
1,-1,2,1.0,0.1,-1,-1,0.05,0.05,0.266946,0.414131
1,-1,2,1.0,0.1,-1,-1,0.1,0.1,0.27063,0.393734
1,-1,2,1.0,0.1,-1,-1,0.15,0.15,0.279839,0.369877
1,-1,2,1.0,0.1,-1,-1,0.2,0.2,0.293039,0.344199
1,-1,2,1.0,0.1,-1,-1,0.25,0.25,0.309615,0.315607
1,-1,2,1.0,0.1,-1,-1,0.3,0.3,0.336015,0.280458
1,-1,2,1.0,0.1,-1,-1,0.35,0.35,0.370089,0.247677
1,-1,2,1.0,0.1,-1,-1,0.4,0.4,0.411224,0.216718
1,-1,2,1.0,0.1,-1,-1,0.45,0.45,0.465251,0.180841
1,-1,2,1.0,0.1,-1,-1,0.5,0.5,0.569008,0.127117
1,-1,2,1.0,0.1,-1,-1,0.55,0.55,0.630403,0.093607
1,-1,2,1.0,0.1,-1,-1,0.6,0.6,0.692412,0.066108
1,-1,2,1.0,0.1,-1,-1,0.65,0.65,0.749202,0.046257
1,-1,2,1.0,0.1,-1,-1,0.7,0.7,0.804151,0.030777
1,-1,2,1.0,0.1,-1,-1,0.75,0.75,0.843444,0.020215
1,-1,2,1.0,0.1,-1,-1,0.8,0.8,0.883657,0.008924
1,-1,2,1.0,0.1,-1,-1,0.85,0.85,0.912206,0.004735
1,-1,2,1.0,0.1,-1,-1,0.9,0.9,0.94321,0.002186
1,-1,2,1.0,0.1,-1,-1,0.95,0.95,0.972679,0.000546
1,-1,2,1.0,0.1,-1,-1,1.0,1.0,1.0,0.0
1,-1,2,0.15,0.15,-1,-1,0.05,0.05,0.359983,0.308423
1,-1,2,0.15,0.15,-1,-1,0.1,0.1,0.359983,0.308423
1,-1,2,0.15,0.15,-1,-1,0.15,0.15,0.359983,0.308423
1,-1,2,0.15,0.15,-1,-1,0.2,0.2,0.359983,0.308423
1,-1,2,0.15,0.15,-1,-1,0.25,0.25,0.359983,0.308423
1,-1,2,0.15,0.15,-1,-1,0.3,0.3,0.359983,0.308423
1,-1,2,0.15,0.15,-1,-1,0.35,0.35,0.359983,0.308423
1,-1,2,0.15,0.15,-1,-1,0.4,0.4,0.359983,0.308423
1,-1,2,0.15,0.15,-1,-1,0.45,0.45,0.359983,0.308423
1,-1,2,0.15,0.15,-1,-1,0.5,0.5,0.359983,0.308423
1,-1,2,0.15,0.15,-1,-1,0.55,0.55,0.359983,0.308423
1,-1,2,0.15,0.15,-1,-1,0.6,0.6,0.359983,0.308423
1,-1,2,0.15,0.15,-1,-1,0.65,0.65,0.359983,0.308423
1,-1,2,0.15,0.15,-1,-1,0.7,0.7,0.359983,0.308423
1,-1,2,0.15,0.15,-1,-1,0.75,0.75,0.359983,0.308423
1,-1,2,0.15,0.15,-1,-1,0.8,0.8,0.359983,0.308423
1,-1,2,0.15,0.15,-1,-1,0.85,0.85,0.359983,0.308423
1,-1,2,0.15,0.15,-1,-1,0.9,0.9,0.359983,0.308423
1,-1,2,0.15,0.15,-1,-1,0.95,0.95,0.359983,0.308423
1,-1,2,0.15,0.15,-1,-1,1.0,1.0,0.359983,0.308423
1,-1,2,0.2,0.15,-1,-1,0.05,0.05,0.360011,0.307054
1,-1,2,0.2,0.15,-1,-1,0.1,0.1,0.36035,0.303313
1,-1,2,0.2,0.15,-1,-1,0.15,0.15,0.361196,0.298937
1,-1,2,0.2,0.15,-1,-1,0.2,0.2,0.362409,0.294228
1,-1,2,0.2,0.15,-1,-1,0.25,0.25,0.363932,0.288984
1,-1,2,0.2,0.15,-1,-1,0.3,0.3,0.366358,0.282538
1,-1,2,0.2,0.15,-1,-1,0.35,0.35,0.36949,0.276526
1,-1,2,0.2,0.15,-1,-1,0.4,0.4,0.37327,0.270848
1,-1,2,0.2,0.15,-1,-1,0.45,0.45,0.378234,0.264268
1,-1,2,0.2,0.15,-1,-1,0.5,0.5,0.387769,0.254415
1,-1,2,0.2,0.15,-1,-1,0.55,0.55,0.393411,0.24827
1,-1,2,0.2,0.15,-1,-1,0.6,0.6,0.399109,0.243226
1,-1,2,0.2,0.15,-1,-1,0.65,0.65,0.404328,0.239586
1,-1,2,0.2,0.15,-1,-1,0.7,0.7,0.409377,0.236747
1,-1,2,0.2,0.15,-1,-1,0.75,0.75,0.412988,0.234809
1,-1,2,0.2,0.15,-1,-1,0.8,0.8,0.416684,0.232739
1,-1,2,0.2,0.15,-1,-1,0.85,0.85,0.419307,0.23197
1,-1,2,0.2,0.15,-1,-1,0.9,0.9,0.422156,0.231503
1,-1,2,0.2,0.15,-1,-1,0.95,0.95,0.424864,0.231202
1,-1,2,0.2,0.15,-1,-1,1.0,1.0,0.427375,0.231102
1,-1,2,0.25,0.15,-1,-1,0.05,0.05,0.360041,0.30599
1,-1,2,0.25,0.15,-1,-1,0.1,0.1,0.360732,0.299344
1,-1,2,0.25,0.15,-1,-1,0.15,0.15,0.362462,0.291571
1,-1,2,0.25,0.15,-1,-1,0.2,0.2,0.36494,0.283205
1,-1,2,0.25,0.15,-1,-1,0.25,0.25,0.368053,0.273889
1,-1,2,0.25,0.15,-1,-1,0.3,0.3,0.373011,0.262437
1,-1,2,0.25,0.15,-1,-1,0.35,0.35,0.379409,0.251756
1,-1,2,0.25,0.15,-1,-1,0.4,0.4,0.387134,0.241669
1,-1,2,0.25,0.15,-1,-1,0.45,0.45,0.39728,0.22998
1,-1,2,0.25,0.15,-1,-1,0.5,0.5,0.416764,0.212475
1,-1,2,0.25,0.15,-1,-1,0.55,0.55,0.428293,0.201557
1,-1,2,0.25,0.15,-1,-1,0.6,0.6,0.439937,0.192597
1,-1,2,0.25,0.15,-1,-1,0.65,0.65,0.450602,0.18613
1,-1,2,0.25,0.15,-1,-1,0.7,0.7,0.46092,0.181086
1,-1,2,0.25,0.15,-1,-1,0.75,0.75,0.468299,0.177644
1,-1,2,0.25,0.15,-1,-1,0.8,0.8,0.47585,0.173965
1,-1,2,0.25,0.15,-1,-1,0.85,0.85,0.481211,0.172601
1,-1,2,0.25,0.15,-1,-1,0.9,0.9,0.487034,0.17177
1,-1,2,0.25,0.15,-1,-1,0.95,0.95,0.492568,0.171236
1,-1,2,0.25,0.15,-1,-1,1.0,1.0,0.497698,0.171058
1,-1,2,0.3,0.15,-1,-1,0.05,0.05,0.360064,0.305401
1,-1,2,0.3,0.15,-1,-1,0.1,0.1,0.36104,0.297146
1,-1,2,0.3,0.15,-1,-1,0.15,0.15,0.363479,0.287491
1,-1,2,0.3,0.15,-1,-1,0.2,0.2,0.366975,0.277099
1,-1,2,0.3,0.15,-1,-1,0.25,0.25,0.371365,0.265527
1,-1,2,0.3,0.15,-1,-1,0.3,0.3,0.378357,0.251302
1,-1,2,0.3,0.15,-1,-1,0.35,0.35,0.387381,0.238035
1,-1,2,0.3,0.15,-1,-1,0.4,0.4,0.398275,0.225505
1,-1,2,0.3,0.15,-1,-1,0.45,0.45,0.412584,0.210986
1,-1,2,0.3,0.15,-1,-1,0.5,0.5,0.440063,0.189243
1,-1,2,0.3,0.15,-1,-1,0.55,0.55,0.456323,0.175681
1,-1,2,0.3,0.15,-1,-1,0.6,0.6,0.472745,0.164552
1,-1,2,0.3,0.15,-1,-1,0.65,0.65,0.487785,0.156518
1,-1,2,0.3,0.15,-1,-1,0.7,0.7,0.502338,0.150253
1,-1,2,0.3,0.15,-1,-1,0.75,0.75,0.512744,0.145978
1,-1,2,0.3,0.15,-1,-1,0.8,0.8,0.523395,0.141408
1,-1,2,0.3,0.15,-1,-1,0.85,0.85,0.530955,0.139713
1,-1,2,0.3,0.15,-1,-1,0.9,0.9,0.539167,0.138682
1,-1,2,0.3,0.15,-1,-1,0.95,0.95,0.546971,0.138018
1,-1,2,0.3,0.15,-1,-1,1.0,1.0,0.554207,0.137797
1,-1,2,0.35,0.15,-1,-1,0.05,0.05,0.360081,0.30482
1,-1,2,0.35,0.15,-1,-1,0.1,0.1,0.361259,0.294976
1,-1,2,0.35,0.15,-1,-1,0.15,0.15,0.364202,0.283464
1,-1,2,0.35,0.15,-1,-1,0.2,0.2,0.368421,0.271072
1,-1,2,0.35,0.15,-1,-1,0.25,0.25,0.37372,0.257274
1,-1,2,0.35,0.15,-1,-1,0.3,0.3,0.382158,0.240312
1,-1,2,0.35,0.15,-1,-1,0.35,0.35,0.393049,0.224492
1,-1,2,0.35,0.15,-1,-1,0.4,0.4,0.406197,0.209552
1,-1,2,0.35,0.15,-1,-1,0.45,0.45,0.423467,0.192238
1,-1,2,0.35,0.15,-1,-1,0.5,0.5,0.456631,0.166312
1,-1,2,0.35,0.15,-1,-1,0.55,0.55,0.476255,0.150141
1,-1,2,0.35,0.15,-1,-1,0.6,0.6,0.496075,0.13687
1,-1,2,0.35,0.15,-1,-1,0.65,0.65,0.514227,0.127291
1,-1,2,0.35,0.15,-1,-1,0.7,0.7,0.531791,0.119821
1,-1,2,0.35,0.15,-1,-1,0.75,0.75,0.54435,0.114723
1,-1,2,0.35,0.15,-1,-1,0.8,0.8,0.557204,0.109274
1,-1,2,0.35,0.15,-1,-1,0.85,0.85,0.566329,0.107253
1,-1,2,0.35,0.15,-1,-1,0.9,0.9,0.576239,0.106023
1,-1,2,0.35,0.15,-1,-1,0.95,0.95,0.585658,0.105232
1,-1,2,0.35,0.15,-1,-1,1.0,1.0,0.594391,0.104968
1,-1,2,0.4,0.15,-1,-1,0.05,0.05,0.360101,0.304399
1,-1,2,0.4,0.15,-1,-1,0.1,0.1,0.361509,0.293406
1,-1,2,0.4,0.15,-1,-1,0.15,0.15,0.365031,0.280549
1,-1,2,0.4,0.15,-1,-1,0.2,0.2,0.370079,0.26671
1,-1,2,0.4,0.15,-1,-1,0.25,0.25,0.376418,0.251301
1,-1,2,0.4,0.15,-1,-1,0.3,0.3,0.386514,0.232358
1,-1,2,0.4,0.15,-1,-1,0.35,0.35,0.399544,0.214692
1,-1,2,0.4,0.15,-1,-1,0.4,0.4,0.415275,0.198006
1,-1,2,0.4,0.15,-1,-1,0.45,0.45,0.435936,0.178671
1,-1,2,0.4,0.15,-1,-1,0.5,0.5,0.475615,0.149717
1,-1,2,0.4,0.15,-1,-1,0.55,0.55,0.499094,0.131658
1,-1,2,0.4,0.15,-1,-1,0.6,0.6,0.522807,0.116838
1,-1,2,0.4,0.15,-1,-1,0.65,0.65,0.544525,0.10614
1,-1,2,0.4,0.15,-1,-1,0.7,0.7,0.565538,0.097797
1,-1,2,0.4,0.15,-1,-1,0.75,0.75,0.580565,0.092104
1,-1,2,0.4,0.15,-1,-1,0.8,0.8,0.595943,0.086019
1,-1,2,0.4,0.15,-1,-1,0.85,0.85,0.606861,0.083762
1,-1,2,0.4,0.15,-1,-1,0.9,0.9,0.618717,0.082388
1,-1,2,0.4,0.15,-1,-1,0.95,0.95,0.629987,0.081504
1,-1,2,0.4,0.15,-1,-1,1.0,1.0,0.640435,0.08121
1,-1,2,0.45,0.15,-1,-1,0.05,0.05,0.360115,0.304032
1,-1,2,0.45,0.15,-1,-1,0.1,0.1,0.361694,0.292036
1,-1,2,0.45,0.15,-1,-1,0.15,0.15,0.365641,0.278005
1,-1,2,0.45,0.15,-1,-1,0.2,0.2,0.371299,0.262903
1,-1,2,0.45,0.15,-1,-1,0.25,0.25,0.378405,0.246088
1,-1,2,0.45,0.15,-1,-1,0.3,0.3,0.389721,0.225417
1,-1,2,0.45,0.15,-1,-1,0.35,0.35,0.404327,0.206138
1,-1,2,0.45,0.15,-1,-1,0.4,0.4,0.42196,0.18793
1,-1,2,0.45,0.15,-1,-1,0.45,0.45,0.445119,0.16683
1,-1,2,0.45,0.15,-1,-1,0.5,0.5,0.489595,0.135234
1,-1,2,0.45,0.15,-1,-1,0.55,0.55,0.515912,0.115527
1,-1,2,0.45,0.15,-1,-1,0.6,0.6,0.542492,0.099354
1,-1,2,0.45,0.15,-1,-1,0.65,0.65,0.566836,0.08768
1,-1,2,0.45,0.15,-1,-1,0.7,0.7,0.590389,0.078576
1,-1,2,0.45,0.15,-1,-1,0.75,0.75,0.607232,0.072364
1,-1,2,0.45,0.15,-1,-1,0.8,0.8,0.62447,0.065723
1,-1,2,0.45,0.15,-1,-1,0.85,0.85,0.636708,0.06326
1,-1,2,0.45,0.15,-1,-1,0.9,0.9,0.649998,0.06176
1,-1,2,0.45,0.15,-1,-1,0.95,0.95,0.66263,0.060796
1,-1,2,0.45,0.15,-1,-1,1.0,1.0,0.674341,0.060475
1,-1,2,0.5,0.15,-1,-1,0.05,0.05,0.360131,0.303794
1,-1,2,0.5,0.15,-1,-1,0.1,0.1,0.361908,0.291151
1,-1,2,0.5,0.15,-1,-1,0.15,0.15,0.366349,0.276362
1,-1,2,0.5,0.15,-1,-1,0.2,0.2,0.372716,0.260445
1,-1,2,0.5,0.15,-1,-1,0.25,0.25,0.380711,0.242721
1,-1,2,0.5,0.15,-1,-1,0.3,0.3,0.393443,0.220934
1,-1,2,0.5,0.15,-1,-1,0.35,0.35,0.409878,0.200614
1,-1,2,0.5,0.15,-1,-1,0.4,0.4,0.429717,0.181422
1,-1,2,0.5,0.15,-1,-1,0.45,0.45,0.455775,0.159183
1,-1,2,0.5,0.15,-1,-1,0.5,0.5,0.505818,0.125881
1,-1,2,0.5,0.15,-1,-1,0.55,0.55,0.535429,0.105109
1,-1,2,0.5,0.15,-1,-1,0.6,0.6,0.565336,0.088063
1,-1,2,0.5,0.15,-1,-1,0.65,0.65,0.592727,0.075758
1,-1,2,0.5,0.15,-1,-1,0.7,0.7,0.619229,0.066162
1,-1,2,0.5,0.15,-1,-1,0.75,0.75,0.63818,0.059615
1,-1,2,0.5,0.15,-1,-1,0.8,0.8,0.657575,0.052616
1,-1,2,0.5,0.15,-1,-1,0.85,0.85,0.671344,0.050019
1,-1,2,0.5,0.15,-1,-1,0.9,0.9,0.686298,0.048439
1,-1,2,0.5,0.15,-1,-1,0.95,0.95,0.700511,0.047423
1,-1,2,0.5,0.15,-1,-1,1.0,1.0,0.713688,0.047084
1,-1,2,0.55,0.15,-1,-1,0.05,0.05,0.360143,0.30358
1,-1,2,0.55,0.15,-1,-1,0.1,0.1,0.362067,0.290351
1,-1,2,0.55,0.15,-1,-1,0.15,0.15,0.366877,0.274879
1,-1,2,0.55,0.15,-1,-1,0.2,0.2,0.37377,0.258225
1,-1,2,0.55,0.15,-1,-1,0.25,0.25,0.382428,0.239681
1,-1,2,0.55,0.15,-1,-1,0.3,0.3,0.396215,0.216885
1,-1,2,0.55,0.15,-1,-1,0.35,0.35,0.414011,0.195624
1,-1,2,0.55,0.15,-1,-1,0.4,0.4,0.435494,0.175545
1,-1,2,0.55,0.15,-1,-1,0.45,0.45,0.463711,0.152276
1,-1,2,0.55,0.15,-1,-1,0.5,0.5,0.517899,0.117433
1,-1,2,0.55,0.15,-1,-1,0.55,0.55,0.549963,0.0957
1,-1,2,0.55,0.15,-1,-1,0.6,0.6,0.582348,0.077864
1,-1,2,0.55,0.15,-1,-1,0.65,0.65,0.612007,0.06499
1,-1,2,0.55,0.15,-1,-1,0.7,0.7,0.640705,0.05495
1,-1,2,0.55,0.15,-1,-1,0.75,0.75,0.661226,0.0481
1,-1,2,0.55,0.15,-1,-1,0.8,0.8,0.682227,0.040777
1,-1,2,0.55,0.15,-1,-1,0.85,0.85,0.697137,0.03806
1,-1,2,0.55,0.15,-1,-1,0.9,0.9,0.71333,0.036406
1,-1,2,0.55,0.15,-1,-1,0.95,0.95,0.72872,0.035343
1,-1,2,0.55,0.15,-1,-1,1.0,1.0,0.742989,0.034989
1,-1,2,0.6,0.15,-1,-1,0.05,0.05,0.360156,0.303458
1,-1,2,0.6,0.15,-1,-1,0.1,0.1,0.362234,0.289895
1,-1,2,0.6,0.15,-1,-1,0.15,0.15,0.367427,0.274031
1,-1,2,0.6,0.15,-1,-1,0.2,0.2,0.37487,0.256956
1,-1,2,0.6,0.15,-1,-1,0.25,0.25,0.384219,0.237943
1,-1,2,0.6,0.15,-1,-1,0.3,0.3,0.399106,0.214571
1,-1,2,0.6,0.15,-1,-1,0.35,0.35,0.418321,0.192773
1,-1,2,0.6,0.15,-1,-1,0.4,0.4,0.441518,0.172186
1,-1,2,0.6,0.15,-1,-1,0.45,0.45,0.471986,0.14833
1,-1,2,0.6,0.15,-1,-1,0.5,0.5,0.530497,0.112605
1,-1,2,0.6,0.15,-1,-1,0.55,0.55,0.565119,0.090323
1,-1,2,0.6,0.15,-1,-1,0.6,0.6,0.600088,0.072037
1,-1,2,0.6,0.15,-1,-1,0.65,0.65,0.632113,0.058837
1,-1,2,0.6,0.15,-1,-1,0.7,0.7,0.6631,0.048544
1,-1,2,0.6,0.15,-1,-1,0.75,0.75,0.685259,0.04152
1,-1,2,0.6,0.15,-1,-1,0.8,0.8,0.707936,0.034012
1,-1,2,0.6,0.15,-1,-1,0.85,0.85,0.724035,0.031227
1,-1,2,0.6,0.15,-1,-1,0.9,0.9,0.74152,0.029531
1,-1,2,0.6,0.15,-1,-1,0.95,0.95,0.758138,0.028441
1,-1,2,0.6,0.15,-1,-1,1.0,1.0,0.773545,0.028078
1,-1,2,0.65,0.15,-1,-1,0.05,0.05,0.360169,0.303389
1,-1,2,0.65,0.15,-1,-1,0.1,0.1,0.362393,0.289638
1,-1,2,0.65,0.15,-1,-1,0.15,0.15,0.367954,0.273554
1,-1,2,0.65,0.15,-1,-1,0.2,0.2,0.375925,0.256242
1,-1,2,0.65,0.15,-1,-1,0.25,0.25,0.385936,0.236966
1,-1,2,0.65,0.15,-1,-1,0.3,0.3,0.401878,0.213269
1,-1,2,0.65,0.15,-1,-1,0.35,0.35,0.422455,0.191169
1,-1,2,0.65,0.15,-1,-1,0.4,0.4,0.447295,0.170297
1,-1,2,0.65,0.15,-1,-1,0.45,0.45,0.479921,0.146109
1,-1,2,0.65,0.15,-1,-1,0.5,0.5,0.542578,0.10989
1,-1,2,0.65,0.15,-1,-1,0.55,0.55,0.579653,0.087298
1,-1,2,0.65,0.15,-1,-1,0.6,0.6,0.6171,0.068759
1,-1,2,0.65,0.15,-1,-1,0.65,0.65,0.651394,0.055376
1,-1,2,0.65,0.15,-1,-1,0.7,0.7,0.684576,0.04494
1,-1,2,0.65,0.15,-1,-1,0.75,0.75,0.708304,0.037818
1,-1,2,0.65,0.15,-1,-1,0.8,0.8,0.732588,0.030206
1,-1,2,0.65,0.15,-1,-1,0.85,0.85,0.749829,0.027382
1,-1,2,0.65,0.15,-1,-1,0.9,0.9,0.768552,0.025663
1,-1,2,0.65,0.15,-1,-1,0.95,0.95,0.786348,0.024558
1,-1,2,0.65,0.15,-1,-1,1.0,1.0,0.802846,0.02419
1,-1,2,0.7,0.15,-1,-1,0.05,0.05,0.360177,0.303274
1,-1,2,0.7,0.15,-1,-1,0.1,0.1,0.362507,0.28921
1,-1,2,0.7,0.15,-1,-1,0.15,0.15,0.368331,0.272759
1,-1,2,0.7,0.15,-1,-1,0.2,0.2,0.376679,0.255053
1,-1,2,0.7,0.15,-1,-1,0.25,0.25,0.387162,0.235337
1,-1,2,0.7,0.15,-1,-1,0.3,0.3,0.403858,0.2111
1,-1,2,0.7,0.15,-1,-1,0.35,0.35,0.425407,0.188496
1,-1,2,0.7,0.15,-1,-1,0.4,0.4,0.451422,0.167148
1,-1,2,0.7,0.15,-1,-1,0.45,0.45,0.48559,0.14241
1,-1,2,0.7,0.15,-1,-1,0.5,0.5,0.551208,0.105364
1,-1,2,0.7,0.15,-1,-1,0.55,0.55,0.590035,0.082258
1,-1,2,0.7,0.15,-1,-1,0.6,0.6,0.629251,0.063296
1,-1,2,0.7,0.15,-1,-1,0.65,0.65,0.665166,0.049608
1,-1,2,0.7,0.15,-1,-1,0.7,0.7,0.699917,0.038934
1,-1,2,0.7,0.15,-1,-1,0.75,0.75,0.724766,0.03165
1,-1,2,0.7,0.15,-1,-1,0.8,0.8,0.750198,0.023864
1,-1,2,0.7,0.15,-1,-1,0.85,0.85,0.768253,0.020976
1,-1,2,0.7,0.15,-1,-1,0.9,0.9,0.787861,0.019218
1,-1,2,0.7,0.15,-1,-1,0.95,0.95,0.806498,0.018088
1,-1,2,0.7,0.15,-1,-1,1.0,1.0,0.823776,0.017711
1,-1,2,0.75,0.15,-1,-1,0.05,0.05,0.360188,0.303205
1,-1,2,0.75,0.15,-1,-1,0.1,0.1,0.362641,0.288953
1,-1,2,0.75,0.15,-1,-1,0.15,0.15,0.368775,0.272282
1,-1,2,0.75,0.15,-1,-1,0.2,0.2,0.377568,0.254339
1,-1,2,0.75,0.15,-1,-1,0.25,0.25,0.388609,0.234359
1,-1,2,0.75,0.15,-1,-1,0.3,0.3,0.406194,0.209799
1,-1,2,0.75,0.15,-1,-1,0.35,0.35,0.428891,0.186893
1,-1,2,0.75,0.15,-1,-1,0.4,0.4,0.456291,0.165259
1,-1,2,0.75,0.15,-1,-1,0.45,0.45,0.492278,0.140189
1,-1,2,0.75,0.15,-1,-1,0.5,0.5,0.56139,0.102648
1,-1,2,0.75,0.15,-1,-1,0.55,0.55,0.602285,0.079233
1,-1,2,0.75,0.15,-1,-1,0.6,0.6,0.643589,0.060017
1,-1,2,0.75,0.15,-1,-1,0.65,0.65,0.681417,0.046146
1,-1,2,0.75,0.15,-1,-1,0.7,0.7,0.718018,0.035329
1,-1,2,0.75,0.15,-1,-1,0.75,0.75,0.74419,0.027948
1,-1,2,0.75,0.15,-1,-1,0.8,0.8,0.770976,0.020059
1,-1,2,0.75,0.15,-1,-1,0.85,0.85,0.789993,0.017132
1,-1,2,0.75,0.15,-1,-1,0.9,0.9,0.810644,0.01535
1,-1,2,0.75,0.15,-1,-1,0.95,0.95,0.830274,0.014205
1,-1,2,0.75,0.15,-1,-1,1.0,1.0,0.848472,0.013823
1,-1,2,0.8,0.15,-1,-1,0.05,0.05,0.360195,0.303083
1,-1,2,0.8,0.15,-1,-1,0.1,0.1,0.362732,0.288496
1,-1,2,0.8,0.15,-1,-1,0.15,0.15,0.369077,0.271434
1,-1,2,0.8,0.15,-1,-1,0.2,0.2,0.37817,0.25307
1,-1,2,0.8,0.15,-1,-1,0.25,0.25,0.389591,0.232622
1,-1,2,0.8,0.15,-1,-1,0.3,0.3,0.407778,0.207485
1,-1,2,0.8,0.15,-1,-1,0.35,0.35,0.431253,0.184041
1,-1,2,0.8,0.15,-1,-1,0.4,0.4,0.459592,0.1619
1,-1,2,0.8,0.15,-1,-1,0.45,0.45,0.496813,0.136242
1,-1,2,0.8,0.15,-1,-1,0.5,0.5,0.568294,0.09782
1,-1,2,0.8,0.15,-1,-1,0.55,0.55,0.61059,0.073856
1,-1,2,0.8,0.15,-1,-1,0.6,0.6,0.65331,0.054189
1,-1,2,0.8,0.15,-1,-1,0.65,0.65,0.692434,0.039993
1,-1,2,0.8,0.15,-1,-1,0.7,0.7,0.73029,0.028922
1,-1,2,0.8,0.15,-1,-1,0.75,0.75,0.75736,0.021368
1,-1,2,0.8,0.15,-1,-1,0.8,0.8,0.785064,0.013293
1,-1,2,0.8,0.15,-1,-1,0.85,0.85,0.804732,0.010297
1,-1,2,0.8,0.15,-1,-1,0.9,0.9,0.826092,0.008474
1,-1,2,0.8,0.15,-1,-1,0.95,0.95,0.846394,0.007302
1,-1,2,0.8,0.15,-1,-1,1.0,1.0,0.865216,0.006911
1,-1,2,0.85,0.15,-1,-1,0.05,0.05,0.360204,0.303029
1,-1,2,0.85,0.15,-1,-1,0.1,0.1,0.362851,0.288296
1,-1,2,0.85,0.15,-1,-1,0.15,0.15,0.369468,0.271063
1,-1,2,0.85,0.15,-1,-1,0.2,0.2,0.378954,0.252515
1,-1,2,0.85,0.15,-1,-1,0.25,0.25,0.390866,0.231862
1,-1,2,0.85,0.15,-1,-1,0.3,0.3,0.409837,0.206473
1,-1,2,0.85,0.15,-1,-1,0.35,0.35,0.434323,0.182794
1,-1,2,0.85,0.15,-1,-1,0.4,0.4,0.463883,0.160431
1,-1,2,0.85,0.15,-1,-1,0.45,0.45,0.502708,0.134516
1,-1,2,0.85,0.15,-1,-1,0.5,0.5,0.577268,0.095709
1,-1,2,0.85,0.15,-1,-1,0.55,0.55,0.621387,0.071504
1,-1,2,0.85,0.15,-1,-1,0.6,0.6,0.665947,0.05164
1,-1,2,0.85,0.15,-1,-1,0.65,0.65,0.706757,0.037301
1,-1,2,0.85,0.15,-1,-1,0.7,0.7,0.746243,0.02612
1,-1,2,0.85,0.15,-1,-1,0.75,0.75,0.774479,0.01849
1,-1,2,0.85,0.15,-1,-1,0.8,0.8,0.803377,0.010334
1,-1,2,0.85,0.15,-1,-1,0.85,0.85,0.823892,0.007308
1,-1,2,0.85,0.15,-1,-1,0.9,0.9,0.846172,0.005467
1,-1,2,0.85,0.15,-1,-1,0.95,0.95,0.867349,0.004283
1,-1,2,0.85,0.15,-1,-1,1.0,1.0,0.886982,0.003888
1,-1,2,0.9,0.15,-1,-1,0.05,0.05,0.360212,0.302999
1,-1,2,0.9,0.15,-1,-1,0.1,0.1,0.362958,0.288182
1,-1,2,0.9,0.15,-1,-1,0.15,0.15,0.369823,0.270851
1,-1,2,0.9,0.15,-1,-1,0.2,0.2,0.379662,0.252198
1,-1,2,0.9,0.15,-1,-1,0.25,0.25,0.392019,0.231427
1,-1,2,0.9,0.15,-1,-1,0.3,0.3,0.411698,0.205894
1,-1,2,0.9,0.15,-1,-1,0.35,0.35,0.437098,0.182081
1,-1,2,0.9,0.15,-1,-1,0.4,0.4,0.467762,0.159591
1,-1,2,0.9,0.15,-1,-1,0.45,0.45,0.508036,0.133529
1,-1,2,0.9,0.15,-1,-1,0.5,0.5,0.58538,0.094502
1,-1,2,0.9,0.15,-1,-1,0.55,0.55,0.631145,0.07016
1,-1,2,0.9,0.15,-1,-1,0.6,0.6,0.677369,0.050183
1,-1,2,0.9,0.15,-1,-1,0.65,0.65,0.719703,0.035763
1,-1,2,0.9,0.15,-1,-1,0.7,0.7,0.760663,0.024518
1,-1,2,0.9,0.15,-1,-1,0.75,0.75,0.789953,0.016845
1,-1,2,0.9,0.15,-1,-1,0.8,0.8,0.81993,0.008642
1,-1,2,0.9,0.15,-1,-1,0.85,0.85,0.841211,0.0056
1,-1,2,0.9,0.15,-1,-1,0.9,0.9,0.864323,0.003748
1,-1,2,0.9,0.15,-1,-1,0.95,0.95,0.88629,0.002557
1,-1,2,0.9,0.15,-1,-1,1.0,1.0,0.906656,0.00216
1,-1,2,0.95,0.15,-1,-1,0.05,0.05,0.360224,0.302968
1,-1,2,0.95,0.15,-1,-1,0.1,0.1,0.363115,0.288068
1,-1,2,0.95,0.15,-1,-1,0.15,0.15,0.370342,0.270639
1,-1,2,0.95,0.15,-1,-1,0.2,0.2,0.380702,0.25188
1,-1,2,0.95,0.15,-1,-1,0.25,0.25,0.393712,0.230993
1,-1,2,0.95,0.15,-1,-1,0.3,0.3,0.414431,0.205316
1,-1,2,0.95,0.15,-1,-1,0.35,0.35,0.441173,0.181368
1,-1,2,0.95,0.15,-1,-1,0.4,0.4,0.473456,0.158751
1,-1,2,0.95,0.15,-1,-1,0.45,0.45,0.515858,0.132542
1,-1,2,0.95,0.15,-1,-1,0.5,0.5,0.597288,0.093295
1,-1,2,0.95,0.15,-1,-1,0.55,0.55,0.645472,0.068815
1,-1,2,0.95,0.15,-1,-1,0.6,0.6,0.694138,0.048726
1,-1,2,0.95,0.15,-1,-1,0.65,0.65,0.738707,0.034224
1,-1,2,0.95,0.15,-1,-1,0.7,0.7,0.781832,0.022916
1,-1,2,0.95,0.15,-1,-1,0.75,0.75,0.81267,0.0152
1,-1,2,0.95,0.15,-1,-1,0.8,0.8,0.84423,0.006951
1,-1,2,0.95,0.15,-1,-1,0.85,0.85,0.866635,0.003891
1,-1,2,0.95,0.15,-1,-1,0.9,0.9,0.890968,0.002029
1,-1,2,0.95,0.15,-1,-1,0.95,0.95,0.914096,0.000831
1,-1,2,0.95,0.15,-1,-1,1.0,1.0,0.935538,0.000432
1,-1,2,1.0,0.15,-1,-1,0.05,0.05,0.360251,0.302961
1,-1,2,1.0,0.15,-1,-1,0.1,0.1,0.363466,0.288039
1,-1,2,1.0,0.15,-1,-1,0.15,0.15,0.371503,0.270586
1,-1,2,1.0,0.15,-1,-1,0.2,0.2,0.383022,0.251801
1,-1,2,1.0,0.15,-1,-1,0.25,0.25,0.397489,0.230884
1,-1,2,1.0,0.15,-1,-1,0.3,0.3,0.420529,0.205171
1,-1,2,1.0,0.15,-1,-1,0.35,0.35,0.450266,0.18119
1,-1,2,1.0,0.15,-1,-1,0.4,0.4,0.486165,0.158541
1,-1,2,1.0,0.15,-1,-1,0.45,0.45,0.533316,0.132296
1,-1,2,1.0,0.15,-1,-1,0.5,0.5,0.623866,0.092993
1,-1,2,1.0,0.15,-1,-1,0.55,0.55,0.677446,0.068479
1,-1,2,1.0,0.15,-1,-1,0.6,0.6,0.731563,0.048362
1,-1,2,1.0,0.15,-1,-1,0.65,0.65,0.781124,0.03384
1,-1,2,1.0,0.15,-1,-1,0.7,0.7,0.829079,0.022515
1,-1,2,1.0,0.15,-1,-1,0.75,0.75,0.86337,0.014788
1,-1,2,1.0,0.15,-1,-1,0.8,0.8,0.898465,0.006528
1,-1,2,1.0,0.15,-1,-1,0.85,0.85,0.92338,0.003464
1,-1,2,1.0,0.15,-1,-1,0.9,0.9,0.950438,0.001599
1,-1,2,1.0,0.15,-1,-1,0.95,0.95,0.976157,0.0004
1,-1,2,1.0,0.15,-1,-1,1.0,1.0,1.0,0.0
1,-1,2,0.2,0.2,-1,-1,0.05,0.05,0.427375,0.231102
1,-1,2,0.2,0.2,-1,-1,0.1,0.1,0.427375,0.231102
1,-1,2,0.2,0.2,-1,-1,0.15,0.15,0.427375,0.231102
1,-1,2,0.2,0.2,-1,-1,0.2,0.2,0.427375,0.231102
1,-1,2,0.2,0.2,-1,-1,0.25,0.25,0.427375,0.231102
1,-1,2,0.2,0.2,-1,-1,0.3,0.3,0.427375,0.231102
1,-1,2,0.2,0.2,-1,-1,0.35,0.35,0.427375,0.231102
1,-1,2,0.2,0.2,-1,-1,0.4,0.4,0.427375,0.231102
1,-1,2,0.2,0.2,-1,-1,0.45,0.45,0.427375,0.231102
1,-1,2,0.2,0.2,-1,-1,0.5,0.5,0.427375,0.231102
1,-1,2,0.2,0.2,-1,-1,0.55,0.55,0.427375,0.231102
1,-1,2,0.2,0.2,-1,-1,0.6,0.6,0.427375,0.231102
1,-1,2,0.2,0.2,-1,-1,0.65,0.65,0.427375,0.231102
1,-1,2,0.2,0.2,-1,-1,0.7,0.7,0.427375,0.231102
1,-1,2,0.2,0.2,-1,-1,0.75,0.75,0.427375,0.231102
1,-1,2,0.2,0.2,-1,-1,0.8,0.8,0.427375,0.231102
1,-1,2,0.2,0.2,-1,-1,0.85,0.85,0.427375,0.231102
1,-1,2,0.2,0.2,-1,-1,0.9,0.9,0.427375,0.231102
1,-1,2,0.2,0.2,-1,-1,0.95,0.95,0.427375,0.231102
1,-1,2,0.2,0.2,-1,-1,1.0,1.0,0.427375,0.231102
1,-1,2,0.25,0.2,-1,-1,0.05,0.05,0.427404,0.230039
1,-1,2,0.25,0.2,-1,-1,0.1,0.1,0.427758,0.227134
1,-1,2,0.25,0.2,-1,-1,0.15,0.15,0.428641,0.223736
1,-1,2,0.25,0.2,-1,-1,0.2,0.2,0.429906,0.220079
1,-1,2,0.25,0.2,-1,-1,0.25,0.25,0.431496,0.216007
1,-1,2,0.25,0.2,-1,-1,0.3,0.3,0.434028,0.211001
1,-1,2,0.25,0.2,-1,-1,0.35,0.35,0.437295,0.206332
1,-1,2,0.25,0.2,-1,-1,0.4,0.4,0.441239,0.201923
1,-1,2,0.25,0.2,-1,-1,0.45,0.45,0.44642,0.196813
1,-1,2,0.25,0.2,-1,-1,0.5,0.5,0.45637,0.189162
1,-1,2,0.25,0.2,-1,-1,0.55,0.55,0.462257,0.18439
1,-1,2,0.25,0.2,-1,-1,0.6,0.6,0.468203,0.180473
1,-1,2,0.25,0.2,-1,-1,0.65,0.65,0.473649,0.177646
1,-1,2,0.25,0.2,-1,-1,0.7,0.7,0.478918,0.175441
1,-1,2,0.25,0.2,-1,-1,0.75,0.75,0.482686,0.173937
1,-1,2,0.25,0.2,-1,-1,0.8,0.8,0.486542,0.172329
1,-1,2,0.25,0.2,-1,-1,0.85,0.85,0.489279,0.171732
1,-1,2,0.25,0.2,-1,-1,0.9,0.9,0.492252,0.171369
1,-1,2,0.25,0.2,-1,-1,0.95,0.95,0.495078,0.171136
1,-1,2,0.25,0.2,-1,-1,1.0,1.0,0.497698,0.171058
1,-1,2,0.3,0.2,-1,-1,0.05,0.05,0.427428,0.229449
1,-1,2,0.3,0.2,-1,-1,0.1,0.1,0.428065,0.224935
1,-1,2,0.3,0.2,-1,-1,0.15,0.15,0.429658,0.219656
1,-1,2,0.3,0.2,-1,-1,0.2,0.2,0.431941,0.213973
1,-1,2,0.3,0.2,-1,-1,0.25,0.25,0.434808,0.207645
1,-1,2,0.3,0.2,-1,-1,0.3,0.3,0.439373,0.199866
1,-1,2,0.3,0.2,-1,-1,0.35,0.35,0.445266,0.192611
1,-1,2,0.3,0.2,-1,-1,0.4,0.4,0.45238,0.185759
1,-1,2,0.3,0.2,-1,-1,0.45,0.45,0.461724,0.177819
1,-1,2,0.3,0.2,-1,-1,0.5,0.5,0.479669,0.16593
1,-1,2,0.3,0.2,-1,-1,0.55,0.55,0.490287,0.158514
1,-1,2,0.3,0.2,-1,-1,0.6,0.6,0.501011,0.152428
1,-1,2,0.3,0.2,-1,-1,0.65,0.65,0.510832,0.148034
1,-1,2,0.3,0.2,-1,-1,0.7,0.7,0.520336,0.144608
1,-1,2,0.3,0.2,-1,-1,0.75,0.75,0.527131,0.142271
1,-1,2,0.3,0.2,-1,-1,0.8,0.8,0.534086,0.139772
1,-1,2,0.3,0.2,-1,-1,0.85,0.85,0.539023,0.138845
1,-1,2,0.3,0.2,-1,-1,0.9,0.9,0.544385,0.138281
1,-1,2,0.3,0.2,-1,-1,0.95,0.95,0.549482,0.137918
1,-1,2,0.3,0.2,-1,-1,1.0,1.0,0.554207,0.137797
1,-1,2,0.35,0.2,-1,-1,0.05,0.05,0.427445,0.228868
1,-1,2,0.35,0.2,-1,-1,0.1,0.1,0.428284,0.222766
1,-1,2,0.35,0.2,-1,-1,0.15,0.15,0.430381,0.215628
1,-1,2,0.35,0.2,-1,-1,0.2,0.2,0.433387,0.207946
1,-1,2,0.35,0.2,-1,-1,0.25,0.25,0.437162,0.199391
1,-1,2,0.35,0.2,-1,-1,0.3,0.3,0.443175,0.188876
1,-1,2,0.35,0.2,-1,-1,0.35,0.35,0.450935,0.179068
1,-1,2,0.35,0.2,-1,-1,0.4,0.4,0.460303,0.169806
1,-1,2,0.35,0.2,-1,-1,0.45,0.45,0.472607,0.159072
1,-1,2,0.35,0.2,-1,-1,0.5,0.5,0.496237,0.142999
1,-1,2,0.35,0.2,-1,-1,0.55,0.55,0.510219,0.132974
1,-1,2,0.35,0.2,-1,-1,0.6,0.6,0.524341,0.124746
1,-1,2,0.35,0.2,-1,-1,0.65,0.65,0.537274,0.118807
1,-1,2,0.35,0.2,-1,-1,0.7,0.7,0.549788,0.114176
1,-1,2,0.35,0.2,-1,-1,0.75,0.75,0.558737,0.111016
1,-1,2,0.35,0.2,-1,-1,0.8,0.8,0.567895,0.107638
1,-1,2,0.35,0.2,-1,-1,0.85,0.85,0.574397,0.106385
1,-1,2,0.35,0.2,-1,-1,0.9,0.9,0.581458,0.105622
1,-1,2,0.35,0.2,-1,-1,0.95,0.95,0.588169,0.105131
1,-1,2,0.35,0.2,-1,-1,1.0,1.0,0.594391,0.104968
1,-1,2,0.4,0.2,-1,-1,0.05,0.05,0.427464,0.228447
1,-1,2,0.4,0.2,-1,-1,0.1,0.1,0.428534,0.221195
1,-1,2,0.4,0.2,-1,-1,0.15,0.15,0.43121,0.212714
1,-1,2,0.4,0.2,-1,-1,0.2,0.2,0.435045,0.203584
1,-1,2,0.4,0.2,-1,-1,0.25,0.25,0.439861,0.193419
1,-1,2,0.4,0.2,-1,-1,0.3,0.3,0.44753,0.180922
1,-1,2,0.4,0.2,-1,-1,0.35,0.35,0.45743,0.169268
1,-1,2,0.4,0.2,-1,-1,0.4,0.4,0.469381,0.15826
1,-1,2,0.4,0.2,-1,-1,0.45,0.45,0.485077,0.145505
1,-1,2,0.4,0.2,-1,-1,0.5,0.5,0.515221,0.126404
1,-1,2,0.4,0.2,-1,-1,0.55,0.55,0.533058,0.114491
1,-1,2,0.4,0.2,-1,-1,0.6,0.6,0.551073,0.104714
1,-1,2,0.4,0.2,-1,-1,0.65,0.65,0.567572,0.097656
1,-1,2,0.4,0.2,-1,-1,0.7,0.7,0.583536,0.092152
1,-1,2,0.4,0.2,-1,-1,0.75,0.75,0.594951,0.088397
1,-1,2,0.4,0.2,-1,-1,0.8,0.8,0.606634,0.084383
1,-1,2,0.4,0.2,-1,-1,0.85,0.85,0.614929,0.082893
1,-1,2,0.4,0.2,-1,-1,0.9,0.9,0.623936,0.081987
1,-1,2,0.4,0.2,-1,-1,0.95,0.95,0.632498,0.081404
1,-1,2,0.4,0.2,-1,-1,1.0,1.0,0.640435,0.08121
1,-1,2,0.45,0.2,-1,-1,0.05,0.05,0.427478,0.22808
1,-1,2,0.45,0.2,-1,-1,0.1,0.1,0.428719,0.219825
1,-1,2,0.45,0.2,-1,-1,0.15,0.15,0.43182,0.21017
1,-1,2,0.45,0.2,-1,-1,0.2,0.2,0.436265,0.199777
1,-1,2,0.45,0.2,-1,-1,0.25,0.25,0.441848,0.188206
1,-1,2,0.45,0.2,-1,-1,0.3,0.3,0.450738,0.173981
1,-1,2,0.45,0.2,-1,-1,0.35,0.35,0.462213,0.160714
1,-1,2,0.45,0.2,-1,-1,0.4,0.4,0.476065,0.148184
1,-1,2,0.45,0.2,-1,-1,0.45,0.45,0.49426,0.133664
1,-1,2,0.45,0.2,-1,-1,0.5,0.5,0.529201,0.111921
1,-1,2,0.45,0.2,-1,-1,0.55,0.55,0.549876,0.098359
1,-1,2,0.45,0.2,-1,-1,0.6,0.6,0.570758,0.08723
1,-1,2,0.45,0.2,-1,-1,0.65,0.65,0.589883,0.079196
1,-1,2,0.45,0.2,-1,-1,0.7,0.7,0.608387,0.072931
1,-1,2,0.45,0.2,-1,-1,0.75,0.75,0.621619,0.068656
1,-1,2,0.45,0.2,-1,-1,0.8,0.8,0.635161,0.064086
1,-1,2,0.45,0.2,-1,-1,0.85,0.85,0.644775,0.062391
1,-1,2,0.45,0.2,-1,-1,0.9,0.9,0.655216,0.06136
1,-1,2,0.45,0.2,-1,-1,0.95,0.95,0.665141,0.060696
1,-1,2,0.45,0.2,-1,-1,1.0,1.0,0.674341,0.060475
1,-1,2,0.5,0.2,-1,-1,0.05,0.05,0.427495,0.227843
1,-1,2,0.5,0.2,-1,-1,0.1,0.1,0.428933,0.21894
1,-1,2,0.5,0.2,-1,-1,0.15,0.15,0.432528,0.208527
1,-1,2,0.5,0.2,-1,-1,0.2,0.2,0.437682,0.197319
1,-1,2,0.5,0.2,-1,-1,0.25,0.25,0.444154,0.184839
1,-1,2,0.5,0.2,-1,-1,0.3,0.3,0.45446,0.169498
1,-1,2,0.5,0.2,-1,-1,0.35,0.35,0.467763,0.15519
1,-1,2,0.5,0.2,-1,-1,0.4,0.4,0.483823,0.141676
1,-1,2,0.5,0.2,-1,-1,0.45,0.45,0.504916,0.126017
1,-1,2,0.5,0.2,-1,-1,0.5,0.5,0.545424,0.102568
1,-1,2,0.5,0.2,-1,-1,0.55,0.55,0.569393,0.087942
1,-1,2,0.5,0.2,-1,-1,0.6,0.6,0.593602,0.075939
1,-1,2,0.5,0.2,-1,-1,0.65,0.65,0.615774,0.067274
1,-1,2,0.5,0.2,-1,-1,0.7,0.7,0.637226,0.060518
1,-1,2,0.5,0.2,-1,-1,0.75,0.75,0.652566,0.055907
1,-1,2,0.5,0.2,-1,-1,0.8,0.8,0.668266,0.050979
1,-1,2,0.5,0.2,-1,-1,0.85,0.85,0.679412,0.049151
1,-1,2,0.5,0.2,-1,-1,0.9,0.9,0.691516,0.048038
1,-1,2,0.5,0.2,-1,-1,0.95,0.95,0.703022,0.047322
1,-1,2,0.5,0.2,-1,-1,1.0,1.0,0.713688,0.047084
1,-1,2,0.55,0.2,-1,-1,0.05,0.05,0.427507,0.227629
1,-1,2,0.55,0.2,-1,-1,0.1,0.1,0.429093,0.218141
1,-1,2,0.55,0.2,-1,-1,0.15,0.15,0.433056,0.207043
1,-1,2,0.55,0.2,-1,-1,0.2,0.2,0.438736,0.195099
1,-1,2,0.55,0.2,-1,-1,0.25,0.25,0.445871,0.181798
1,-1,2,0.55,0.2,-1,-1,0.3,0.3,0.457232,0.165449
1,-1,2,0.55,0.2,-1,-1,0.35,0.35,0.471896,0.1502
1,-1,2,0.55,0.2,-1,-1,0.4,0.4,0.4896,0.135799
1,-1,2,0.55,0.2,-1,-1,0.45,0.45,0.512851,0.11911
1,-1,2,0.55,0.2,-1,-1,0.5,0.5,0.557505,0.094119
1,-1,2,0.55,0.2,-1,-1,0.55,0.55,0.583927,0.078532
1,-1,2,0.55,0.2,-1,-1,0.6,0.6,0.610614,0.06574
1,-1,2,0.55,0.2,-1,-1,0.65,0.65,0.635054,0.056506
1,-1,2,0.55,0.2,-1,-1,0.7,0.7,0.658702,0.049306
1,-1,2,0.55,0.2,-1,-1,0.75,0.75,0.675612,0.044392
1,-1,2,0.55,0.2,-1,-1,0.8,0.8,0.692919,0.03914
1,-1,2,0.55,0.2,-1,-1,0.85,0.85,0.705205,0.037192
1,-1,2,0.55,0.2,-1,-1,0.9,0.9,0.718548,0.036006
1,-1,2,0.55,0.2,-1,-1,0.95,0.95,0.731231,0.035243
1,-1,2,0.55,0.2,-1,-1,1.0,1.0,0.742989,0.034989
1,-1,2,0.6,0.2,-1,-1,0.05,0.05,0.42752,0.227506
1,-1,2,0.6,0.2,-1,-1,0.1,0.1,0.429259,0.217684
1,-1,2,0.6,0.2,-1,-1,0.15,0.15,0.433606,0.206195
1,-1,2,0.6,0.2,-1,-1,0.2,0.2,0.439836,0.19383
1,-1,2,0.6,0.2,-1,-1,0.25,0.25,0.447661,0.180061
1,-1,2,0.6,0.2,-1,-1,0.3,0.3,0.460123,0.163135
1,-1,2,0.6,0.2,-1,-1,0.35,0.35,0.476207,0.147349
1,-1,2,0.6,0.2,-1,-1,0.4,0.4,0.495624,0.13244
1,-1,2,0.6,0.2,-1,-1,0.45,0.45,0.521126,0.115164
1,-1,2,0.6,0.2,-1,-1,0.5,0.5,0.570103,0.089292
1,-1,2,0.6,0.2,-1,-1,0.55,0.55,0.599083,0.073155
1,-1,2,0.6,0.2,-1,-1,0.6,0.6,0.628354,0.059913
1,-1,2,0.6,0.2,-1,-1,0.65,0.65,0.65516,0.050354
1,-1,2,0.6,0.2,-1,-1,0.7,0.7,0.681098,0.042899
1,-1,2,0.6,0.2,-1,-1,0.75,0.75,0.699645,0.037813
1,-1,2,0.6,0.2,-1,-1,0.8,0.8,0.718627,0.032375
1,-1,2,0.6,0.2,-1,-1,0.85,0.85,0.732103,0.030358
1,-1,2,0.6,0.2,-1,-1,0.9,0.9,0.746738,0.02913
1,-1,2,0.6,0.2,-1,-1,0.95,0.95,0.760649,0.028341
1,-1,2,0.6,0.2,-1,-1,1.0,1.0,0.773545,0.028078
1,-1,2,0.65,0.2,-1,-1,0.05,0.05,0.427532,0.227437
1,-1,2,0.65,0.2,-1,-1,0.1,0.1,0.429418,0.217427
1,-1,2,0.65,0.2,-1,-1,0.15,0.15,0.434133,0.205718
1,-1,2,0.65,0.2,-1,-1,0.2,0.2,0.440891,0.193116
1,-1,2,0.65,0.2,-1,-1,0.25,0.25,0.449378,0.179083
1,-1,2,0.65,0.2,-1,-1,0.3,0.3,0.462895,0.161833
1,-1,2,0.65,0.2,-1,-1,0.35,0.35,0.48034,0.145745
1,-1,2,0.65,0.2,-1,-1,0.4,0.4,0.501401,0.130551
1,-1,2,0.65,0.2,-1,-1,0.45,0.45,0.529062,0.112943
1,-1,2,0.65,0.2,-1,-1,0.5,0.5,0.582184,0.086576
1,-1,2,0.65,0.2,-1,-1,0.55,0.55,0.613617,0.070131
1,-1,2,0.65,0.2,-1,-1,0.6,0.6,0.645365,0.056634
1,-1,2,0.65,0.2,-1,-1,0.65,0.65,0.674441,0.046892
1,-1,2,0.65,0.2,-1,-1,0.7,0.7,0.702574,0.039295
1,-1,2,0.65,0.2,-1,-1,0.75,0.75,0.722691,0.034111
1,-1,2,0.65,0.2,-1,-1,0.8,0.8,0.74328,0.028569
1,-1,2,0.65,0.2,-1,-1,0.85,0.85,0.757896,0.026514
1,-1,2,0.65,0.2,-1,-1,0.9,0.9,0.77377,0.025263
1,-1,2,0.65,0.2,-1,-1,0.95,0.95,0.788858,0.024458
1,-1,2,0.65,0.2,-1,-1,1.0,1.0,0.802846,0.02419
1,-1,2,0.7,0.2,-1,-1,0.05,0.05,0.427541,0.227323
1,-1,2,0.7,0.2,-1,-1,0.1,0.1,0.429532,0.216999
1,-1,2,0.7,0.2,-1,-1,0.15,0.15,0.43451,0.204924
1,-1,2,0.7,0.2,-1,-1,0.2,0.2,0.441645,0.191927
1,-1,2,0.7,0.2,-1,-1,0.25,0.25,0.450605,0.177455
1,-1,2,0.7,0.2,-1,-1,0.3,0.3,0.464875,0.159664
1,-1,2,0.7,0.2,-1,-1,0.35,0.35,0.483293,0.143072
1,-1,2,0.7,0.2,-1,-1,0.4,0.4,0.505527,0.127402
1,-1,2,0.7,0.2,-1,-1,0.45,0.45,0.53473,0.109243
1,-1,2,0.7,0.2,-1,-1,0.5,0.5,0.590814,0.082051
1,-1,2,0.7,0.2,-1,-1,0.55,0.55,0.623999,0.06509
1,-1,2,0.7,0.2,-1,-1,0.6,0.6,0.657517,0.051171
1,-1,2,0.7,0.2,-1,-1,0.65,0.65,0.688213,0.041124
1,-1,2,0.7,0.2,-1,-1,0.7,0.7,0.717914,0.033289
1,-1,2,0.7,0.2,-1,-1,0.75,0.75,0.739153,0.027943
1,-1,2,0.7,0.2,-1,-1,0.8,0.8,0.760889,0.022228
1,-1,2,0.7,0.2,-1,-1,0.85,0.85,0.776321,0.020108
1,-1,2,0.7,0.2,-1,-1,0.9,0.9,0.793079,0.018817
1,-1,2,0.7,0.2,-1,-1,0.95,0.95,0.809008,0.017988
1,-1,2,0.7,0.2,-1,-1,1.0,1.0,0.823776,0.017711
1,-1,2,0.75,0.2,-1,-1,0.05,0.05,0.427551,0.227254
1,-1,2,0.75,0.2,-1,-1,0.1,0.1,0.429667,0.216742
1,-1,2,0.75,0.2,-1,-1,0.15,0.15,0.434954,0.204447
1,-1,2,0.75,0.2,-1,-1,0.2,0.2,0.442534,0.191213
1,-1,2,0.75,0.2,-1,-1,0.25,0.25,0.452052,0.176477
1,-1,2,0.75,0.2,-1,-1,0.3,0.3,0.467211,0.158363
1,-1,2,0.75,0.2,-1,-1,0.35,0.35,0.486776,0.141469
1,-1,2,0.75,0.2,-1,-1,0.4,0.4,0.510396,0.125513
1,-1,2,0.75,0.2,-1,-1,0.45,0.45,0.541419,0.107023
1,-1,2,0.75,0.2,-1,-1,0.5,0.5,0.600996,0.079335
1,-1,2,0.75,0.2,-1,-1,0.55,0.55,0.636249,0.062065
1,-1,2,0.75,0.2,-1,-1,0.6,0.6,0.671855,0.047893
1,-1,2,0.75,0.2,-1,-1,0.65,0.65,0.704464,0.037663
1,-1,2,0.75,0.2,-1,-1,0.7,0.7,0.736015,0.029685
1,-1,2,0.75,0.2,-1,-1,0.75,0.75,0.758577,0.024241
1,-1,2,0.75,0.2,-1,-1,0.8,0.8,0.781667,0.018422
1,-1,2,0.75,0.2,-1,-1,0.85,0.85,0.79806,0.016263
1,-1,2,0.75,0.2,-1,-1,0.9,0.9,0.815863,0.014949
1,-1,2,0.75,0.2,-1,-1,0.95,0.95,0.832784,0.014105
1,-1,2,0.75,0.2,-1,-1,1.0,1.0,0.848472,0.013823
1,-1,2,0.8,0.2,-1,-1,0.05,0.05,0.427558,0.227131
1,-1,2,0.8,0.2,-1,-1,0.1,0.1,0.429758,0.216285
1,-1,2,0.8,0.2,-1,-1,0.15,0.15,0.435256,0.203599
1,-1,2,0.8,0.2,-1,-1,0.2,0.2,0.443136,0.189944
1,-1,2,0.8,0.2,-1,-1,0.25,0.25,0.453033,0.174739
1,-1,2,0.8,0.2,-1,-1,0.3,0.3,0.468795,0.156049
1,-1,2,0.8,0.2,-1,-1,0.35,0.35,0.489138,0.138617
1,-1,2,0.8,0.2,-1,-1,0.4,0.4,0.513697,0.122154
1,-1,2,0.8,0.2,-1,-1,0.45,0.45,0.545953,0.103076
1,-1,2,0.8,0.2,-1,-1,0.5,0.5,0.607899,0.074507
1,-1,2,0.8,0.2,-1,-1,0.55,0.55,0.644554,0.056688
1,-1,2,0.8,0.2,-1,-1,0.6,0.6,0.681576,0.042065
1,-1,2,0.8,0.2,-1,-1,0.65,0.65,0.715481,0.031509
1,-1,2,0.8,0.2,-1,-1,0.7,0.7,0.748287,0.023277
1,-1,2,0.8,0.2,-1,-1,0.75,0.75,0.771747,0.017661
1,-1,2,0.8,0.2,-1,-1,0.8,0.8,0.795755,0.011656
1,-1,2,0.8,0.2,-1,-1,0.85,0.85,0.8128,0.009429
1,-1,2,0.8,0.2,-1,-1,0.9,0.9,0.83131,0.008073
1,-1,2,0.8,0.2,-1,-1,0.95,0.95,0.848905,0.007202
1,-1,2,0.8,0.2,-1,-1,1.0,1.0,0.865216,0.006911
1,-1,2,0.85,0.2,-1,-1,0.05,0.05,0.427568,0.227078
1,-1,2,0.85,0.2,-1,-1,0.1,0.1,0.429876,0.216085
1,-1,2,0.85,0.2,-1,-1,0.15,0.15,0.435647,0.203228
1,-1,2,0.85,0.2,-1,-1,0.2,0.2,0.44392,0.189389
1,-1,2,0.85,0.2,-1,-1,0.25,0.25,0.454309,0.173979
1,-1,2,0.85,0.2,-1,-1,0.3,0.3,0.470854,0.155037
1,-1,2,0.85,0.2,-1,-1,0.35,0.35,0.492209,0.13737
1,-1,2,0.85,0.2,-1,-1,0.4,0.4,0.517988,0.120685
1,-1,2,0.85,0.2,-1,-1,0.45,0.45,0.551848,0.10135
1,-1,2,0.85,0.2,-1,-1,0.5,0.5,0.616874,0.072396
1,-1,2,0.85,0.2,-1,-1,0.55,0.55,0.655351,0.054336
1,-1,2,0.85,0.2,-1,-1,0.6,0.6,0.694213,0.039516
1,-1,2,0.85,0.2,-1,-1,0.65,0.65,0.729804,0.028818
1,-1,2,0.85,0.2,-1,-1,0.7,0.7,0.764241,0.020475
1,-1,2,0.85,0.2,-1,-1,0.75,0.75,0.788866,0.014782
1,-1,2,0.85,0.2,-1,-1,0.8,0.8,0.814068,0.008697
1,-1,2,0.85,0.2,-1,-1,0.85,0.85,0.83196,0.00644
1,-1,2,0.85,0.2,-1,-1,0.9,0.9,0.851391,0.005066
1,-1,2,0.85,0.2,-1,-1,0.95,0.95,0.86986,0.004182
1,-1,2,0.85,0.2,-1,-1,1.0,1.0,0.886982,0.003888
1,-1,2,0.9,0.2,-1,-1,0.05,0.05,0.427576,0.227047
1,-1,2,0.9,0.2,-1,-1,0.1,0.1,0.429983,0.215971
1,-1,2,0.9,0.2,-1,-1,0.15,0.15,0.436002,0.203016
1,-1,2,0.9,0.2,-1,-1,0.2,0.2,0.444628,0.189072
1,-1,2,0.9,0.2,-1,-1,0.25,0.25,0.455462,0.173545
1,-1,2,0.9,0.2,-1,-1,0.3,0.3,0.472715,0.154458
1,-1,2,0.9,0.2,-1,-1,0.35,0.35,0.494984,0.136657
1,-1,2,0.9,0.2,-1,-1,0.4,0.4,0.521867,0.119845
1,-1,2,0.9,0.2,-1,-1,0.45,0.45,0.557176,0.100363
1,-1,2,0.9,0.2,-1,-1,0.5,0.5,0.624985,0.071189
1,-1,2,0.9,0.2,-1,-1,0.55,0.55,0.665109,0.052992
1,-1,2,0.9,0.2,-1,-1,0.6,0.6,0.705635,0.038059
1,-1,2,0.9,0.2,-1,-1,0.65,0.65,0.74275,0.027279
1,-1,2,0.9,0.2,-1,-1,0.7,0.7,0.778661,0.018873
1,-1,2,0.9,0.2,-1,-1,0.75,0.75,0.80434,0.013137
1,-1,2,0.9,0.2,-1,-1,0.8,0.8,0.830621,0.007006
1,-1,2,0.9,0.2,-1,-1,0.85,0.85,0.849279,0.004731
1,-1,2,0.9,0.2,-1,-1,0.9,0.9,0.869541,0.003347
1,-1,2,0.9,0.2,-1,-1,0.95,0.95,0.888801,0.002457
1,-1,2,0.9,0.2,-1,-1,1.0,1.0,0.906656,0.00216
1,-1,2,0.95,0.2,-1,-1,0.05,0.05,0.427588,0.227017
1,-1,2,0.95,0.2,-1,-1,0.1,0.1,0.43014,0.215857
1,-1,2,0.95,0.2,-1,-1,0.15,0.15,0.436521,0.202804
1,-1,2,0.95,0.2,-1,-1,0.2,0.2,0.445668,0.188754
1,-1,2,0.95,0.2,-1,-1,0.25,0.25,0.457154,0.173111
1,-1,2,0.95,0.2,-1,-1,0.3,0.3,0.475447,0.15388
1,-1,2,0.95,0.2,-1,-1,0.35,0.35,0.499058,0.135944
1,-1,2,0.95,0.2,-1,-1,0.4,0.4,0.527561,0.119005
1,-1,2,0.95,0.2,-1,-1,0.45,0.45,0.564998,0.099376
1,-1,2,0.95,0.2,-1,-1,0.5,0.5,0.636894,0.069982
1,-1,2,0.95,0.2,-1,-1,0.55,0.55,0.679436,0.051648
1,-1,2,0.95,0.2,-1,-1,0.6,0.6,0.722403,0.036602
1,-1,2,0.95,0.2,-1,-1,0.65,0.65,0.761754,0.025741
1,-1,2,0.95,0.2,-1,-1,0.7,0.7,0.79983,0.017271
1,-1,2,0.95,0.2,-1,-1,0.75,0.75,0.827056,0.011492
1,-1,2,0.95,0.2,-1,-1,0.8,0.8,0.854921,0.005314
1,-1,2,0.95,0.2,-1,-1,0.85,0.85,0.874703,0.003023
1,-1,2,0.95,0.2,-1,-1,0.9,0.9,0.896187,0.001628
1,-1,2,0.95,0.2,-1,-1,0.95,0.95,0.916607,0.000731
1,-1,2,0.95,0.2,-1,-1,1.0,1.0,0.935538,0.000432
1,-1,2,1.0,0.2,-1,-1,0.05,0.05,0.427615,0.227009
1,-1,2,1.0,0.2,-1,-1,0.1,0.1,0.430491,0.215828
1,-1,2,1.0,0.2,-1,-1,0.15,0.15,0.437682,0.202751
1,-1,2,1.0,0.2,-1,-1,0.2,0.2,0.447988,0.188675
1,-1,2,1.0,0.2,-1,-1,0.25,0.25,0.460932,0.173002
1,-1,2,1.0,0.2,-1,-1,0.3,0.3,0.481545,0.153735
1,-1,2,1.0,0.2,-1,-1,0.35,0.35,0.508151,0.135766
1,-1,2,1.0,0.2,-1,-1,0.4,0.4,0.54027,0.118795
1,-1,2,1.0,0.2,-1,-1,0.45,0.45,0.582456,0.099129
1,-1,2,1.0,0.2,-1,-1,0.5,0.5,0.663472,0.06968
1,-1,2,1.0,0.2,-1,-1,0.55,0.55,0.71141,0.051312
1,-1,2,1.0,0.2,-1,-1,0.6,0.6,0.759828,0.036237
1,-1,2,1.0,0.2,-1,-1,0.65,0.65,0.804171,0.025356
1,-1,2,1.0,0.2,-1,-1,0.7,0.7,0.847076,0.016871
1,-1,2,1.0,0.2,-1,-1,0.75,0.75,0.877757,0.011081
1,-1,2,1.0,0.2,-1,-1,0.8,0.8,0.909156,0.004892
1,-1,2,1.0,0.2,-1,-1,0.85,0.85,0.931448,0.002596
1,-1,2,1.0,0.2,-1,-1,0.9,0.9,0.955657,0.001198
1,-1,2,1.0,0.2,-1,-1,0.95,0.95,0.978667,0.0003
1,-1,2,1.0,0.2,-1,-1,1.0,1.0,1.0,0.0
1,-1,2,0.25,0.25,-1,-1,0.05,0.05,0.497698,0.171058
1,-1,2,0.25,0.25,-1,-1,0.1,0.1,0.497698,0.171058
1,-1,2,0.25,0.25,-1,-1,0.15,0.15,0.497698,0.171058
1,-1,2,0.25,0.25,-1,-1,0.2,0.2,0.497698,0.171058
1,-1,2,0.25,0.25,-1,-1,0.25,0.25,0.497698,0.171058
1,-1,2,0.25,0.25,-1,-1,0.3,0.3,0.497698,0.171058
1,-1,2,0.25,0.25,-1,-1,0.35,0.35,0.497698,0.171058
1,-1,2,0.25,0.25,-1,-1,0.4,0.4,0.497698,0.171058
1,-1,2,0.25,0.25,-1,-1,0.45,0.45,0.497698,0.171058
1,-1,2,0.25,0.25,-1,-1,0.5,0.5,0.497698,0.171058
1,-1,2,0.25,0.25,-1,-1,0.55,0.55,0.497698,0.171058
1,-1,2,0.25,0.25,-1,-1,0.6,0.6,0.497698,0.171058
1,-1,2,0.25,0.25,-1,-1,0.65,0.65,0.497698,0.171058
1,-1,2,0.25,0.25,-1,-1,0.7,0.7,0.497698,0.171058
1,-1,2,0.25,0.25,-1,-1,0.75,0.75,0.497698,0.171058
1,-1,2,0.25,0.25,-1,-1,0.8,0.8,0.497698,0.171058
1,-1,2,0.25,0.25,-1,-1,0.85,0.85,0.497698,0.171058
1,-1,2,0.25,0.25,-1,-1,0.9,0.9,0.497698,0.171058
1,-1,2,0.25,0.25,-1,-1,0.95,0.95,0.497698,0.171058
1,-1,2,0.25,0.25,-1,-1,1.0,1.0,0.497698,0.171058
1,-1,2,0.3,0.25,-1,-1,0.05,0.05,0.497722,0.170469
1,-1,2,0.3,0.25,-1,-1,0.1,0.1,0.498006,0.16886
1,-1,2,0.3,0.25,-1,-1,0.15,0.15,0.498715,0.166978
1,-1,2,0.3,0.25,-1,-1,0.2,0.2,0.499732,0.164952
1,-1,2,0.3,0.25,-1,-1,0.25,0.25,0.50101,0.162696
1,-1,2,0.3,0.25,-1,-1,0.3,0.3,0.503044,0.159923
1,-1,2,0.3,0.25,-1,-1,0.35,0.35,0.505669,0.157337
1,-1,2,0.3,0.25,-1,-1,0.4,0.4,0.508839,0.154894
1,-1,2,0.3,0.25,-1,-1,0.45,0.45,0.513002,0.152064
1,-1,2,0.3,0.25,-1,-1,0.5,0.5,0.520997,0.147826
1,-1,2,0.3,0.25,-1,-1,0.55,0.55,0.525728,0.145182
1,-1,2,0.3,0.25,-1,-1,0.6,0.6,0.530506,0.143012
1,-1,2,0.3,0.25,-1,-1,0.65,0.65,0.534882,0.141446
1,-1,2,0.3,0.25,-1,-1,0.7,0.7,0.539116,0.140225
1,-1,2,0.3,0.25,-1,-1,0.75,0.75,0.542144,0.139392
1,-1,2,0.3,0.25,-1,-1,0.8,0.8,0.545242,0.138501
1,-1,2,0.3,0.25,-1,-1,0.85,0.85,0.547442,0.138171
1,-1,2,0.3,0.25,-1,-1,0.9,0.9,0.549831,0.137969
1,-1,2,0.3,0.25,-1,-1,0.95,0.95,0.552102,0.13784
1,-1,2,0.3,0.25,-1,-1,1.0,1.0,0.554207,0.137797
1,-1,2,0.35,0.25,-1,-1,0.05,0.05,0.497739,0.169887
1,-1,2,0.35,0.25,-1,-1,0.1,0.1,0.498224,0.16669
1,-1,2,0.35,0.25,-1,-1,0.15,0.15,0.499438,0.16295
1,-1,2,0.35,0.25,-1,-1,0.2,0.2,0.501179,0.158925
1,-1,2,0.35,0.25,-1,-1,0.25,0.25,0.503364,0.154443
1,-1,2,0.35,0.25,-1,-1,0.3,0.3,0.506845,0.148933
1,-1,2,0.35,0.25,-1,-1,0.35,0.35,0.511338,0.143794
1,-1,2,0.35,0.25,-1,-1,0.4,0.4,0.516761,0.138941
1,-1,2,0.35,0.25,-1,-1,0.45,0.45,0.523885,0.133317
1,-1,2,0.35,0.25,-1,-1,0.5,0.5,0.537565,0.124895
1,-1,2,0.35,0.25,-1,-1,0.55,0.55,0.54566,0.119642
1,-1,2,0.35,0.25,-1,-1,0.6,0.6,0.553836,0.115331
1,-1,2,0.35,0.25,-1,-1,0.65,0.65,0.561324,0.112219
1,-1,2,0.35,0.25,-1,-1,0.7,0.7,0.568568,0.109793
1,-1,2,0.35,0.25,-1,-1,0.75,0.75,0.573749,0.108137
1,-1,2,0.35,0.25,-1,-1,0.8,0.8,0.579051,0.106367
1,-1,2,0.35,0.25,-1,-1,0.85,0.85,0.582815,0.10571
1,-1,2,0.35,0.25,-1,-1,0.9,0.9,0.586903,0.105311
1,-1,2,0.35,0.25,-1,-1,0.95,0.95,0.590789,0.105054
1,-1,2,0.35,0.25,-1,-1,1.0,1.0,0.594391,0.104968
1,-1,2,0.4,0.25,-1,-1,0.05,0.05,0.497758,0.169467
1,-1,2,0.4,0.25,-1,-1,0.1,0.1,0.498475,0.16512
1,-1,2,0.4,0.25,-1,-1,0.15,0.15,0.500267,0.160036
1,-1,2,0.4,0.25,-1,-1,0.2,0.2,0.502836,0.154563
1,-1,2,0.4,0.25,-1,-1,0.25,0.25,0.506063,0.14847
1,-1,2,0.4,0.25,-1,-1,0.3,0.3,0.511201,0.140979
1,-1,2,0.4,0.25,-1,-1,0.35,0.35,0.517833,0.133993
1,-1,2,0.4,0.25,-1,-1,0.4,0.4,0.525839,0.127395
1,-1,2,0.4,0.25,-1,-1,0.45,0.45,0.536355,0.11975
1,-1,2,0.4,0.25,-1,-1,0.5,0.5,0.556549,0.1083
1,-1,2,0.4,0.25,-1,-1,0.55,0.55,0.568499,0.101159
1,-1,2,0.4,0.25,-1,-1,0.6,0.6,0.580568,0.095298
1,-1,2,0.4,0.25,-1,-1,0.65,0.65,0.591621,0.091068
1,-1,2,0.4,0.25,-1,-1,0.7,0.7,0.602316,0.087769
1,-1,2,0.4,0.25,-1,-1,0.75,0.75,0.609964,0.085518
1,-1,2,0.4,0.25,-1,-1,0.8,0.8,0.617791,0.083112
1,-1,2,0.4,0.25,-1,-1,0.85,0.85,0.623347,0.082219
1,-1,2,0.4,0.25,-1,-1,0.9,0.9,0.629382,0.081676
1,-1,2,0.4,0.25,-1,-1,0.95,0.95,0.635117,0.081326
1,-1,2,0.4,0.25,-1,-1,1.0,1.0,0.640435,0.08121
1,-1,2,0.45,0.25,-1,-1,0.05,0.05,0.497772,0.169099
1,-1,2,0.45,0.25,-1,-1,0.1,0.1,0.498659,0.163749
1,-1,2,0.45,0.25,-1,-1,0.15,0.15,0.500877,0.157492
1,-1,2,0.45,0.25,-1,-1,0.2,0.2,0.504057,0.150757
1,-1,2,0.45,0.25,-1,-1,0.25,0.25,0.50805,0.143257
1,-1,2,0.45,0.25,-1,-1,0.3,0.3,0.514408,0.134038
1,-1,2,0.45,0.25,-1,-1,0.35,0.35,0.522616,0.12544
1,-1,2,0.45,0.25,-1,-1,0.4,0.4,0.532524,0.117319
1,-1,2,0.45,0.25,-1,-1,0.45,0.45,0.545537,0.107909
1,-1,2,0.45,0.25,-1,-1,0.5,0.5,0.570529,0.093817
1,-1,2,0.45,0.25,-1,-1,0.55,0.55,0.585317,0.085028
1,-1,2,0.45,0.25,-1,-1,0.6,0.6,0.600253,0.077815
1,-1,2,0.45,0.25,-1,-1,0.65,0.65,0.613932,0.072608
1,-1,2,0.45,0.25,-1,-1,0.7,0.7,0.627167,0.068548
1,-1,2,0.45,0.25,-1,-1,0.75,0.75,0.636632,0.065777
1,-1,2,0.45,0.25,-1,-1,0.8,0.8,0.646318,0.062816
1,-1,2,0.45,0.25,-1,-1,0.85,0.85,0.653194,0.061717
1,-1,2,0.45,0.25,-1,-1,0.9,0.9,0.660662,0.061048
1,-1,2,0.45,0.25,-1,-1,0.95,0.95,0.66776,0.060618
1,-1,2,0.45,0.25,-1,-1,1.0,1.0,0.674341,0.060475
1,-1,2,0.5,0.25,-1,-1,0.05,0.05,0.497788,0.168862
1,-1,2,0.5,0.25,-1,-1,0.1,0.1,0.498873,0.162864
1,-1,2,0.5,0.25,-1,-1,0.15,0.15,0.501586,0.155849
1,-1,2,0.5,0.25,-1,-1,0.2,0.2,0.505473,0.148298
1,-1,2,0.5,0.25,-1,-1,0.25,0.25,0.510355,0.13989
1,-1,2,0.5,0.25,-1,-1,0.3,0.3,0.518131,0.129555
1,-1,2,0.5,0.25,-1,-1,0.35,0.35,0.528166,0.119915
1,-1,2,0.5,0.25,-1,-1,0.4,0.4,0.540281,0.110811
1,-1,2,0.5,0.25,-1,-1,0.45,0.45,0.556193,0.100262
1,-1,2,0.5,0.25,-1,-1,0.5,0.5,0.586752,0.084464
1,-1,2,0.5,0.25,-1,-1,0.55,0.55,0.604834,0.07461
1,-1,2,0.5,0.25,-1,-1,0.6,0.6,0.623097,0.066523
1,-1,2,0.5,0.25,-1,-1,0.65,0.65,0.639823,0.060686
1,-1,2,0.5,0.25,-1,-1,0.7,0.7,0.656006,0.056134
1,-1,2,0.5,0.25,-1,-1,0.75,0.75,0.667579,0.053028
1,-1,2,0.5,0.25,-1,-1,0.8,0.8,0.679422,0.049708
1,-1,2,0.5,0.25,-1,-1,0.85,0.85,0.687831,0.048476
1,-1,2,0.5,0.25,-1,-1,0.9,0.9,0.696962,0.047727
1,-1,2,0.5,0.25,-1,-1,0.95,0.95,0.705642,0.047245
1,-1,2,0.5,0.25,-1,-1,1.0,1.0,0.713688,0.047084
1,-1,2,0.55,0.25,-1,-1,0.05,0.05,0.497801,0.168648
1,-1,2,0.55,0.25,-1,-1,0.1,0.1,0.499033,0.162065
1,-1,2,0.55,0.25,-1,-1,0.15,0.15,0.502113,0.154365
1,-1,2,0.55,0.25,-1,-1,0.2,0.2,0.506528,0.146078
1,-1,2,0.55,0.25,-1,-1,0.25,0.25,0.512073,0.13685
1,-1,2,0.55,0.25,-1,-1,0.3,0.3,0.520903,0.125506
1,-1,2,0.55,0.25,-1,-1,0.35,0.35,0.532299,0.114926
1,-1,2,0.55,0.25,-1,-1,0.4,0.4,0.546058,0.104934
1,-1,2,0.55,0.25,-1,-1,0.45,0.45,0.564129,0.093355
1,-1,2,0.55,0.25,-1,-1,0.5,0.5,0.598833,0.076015
1,-1,2,0.55,0.25,-1,-1,0.55,0.55,0.619368,0.0652
1,-1,2,0.55,0.25,-1,-1,0.6,0.6,0.640109,0.056325
1,-1,2,0.55,0.25,-1,-1,0.65,0.65,0.659103,0.049918
1,-1,2,0.55,0.25,-1,-1,0.7,0.7,0.677482,0.044922
1,-1,2,0.55,0.25,-1,-1,0.75,0.75,0.690625,0.041513
1,-1,2,0.55,0.25,-1,-1,0.8,0.8,0.704075,0.037869
1,-1,2,0.55,0.25,-1,-1,0.85,0.85,0.713624,0.036517
1,-1,2,0.55,0.25,-1,-1,0.9,0.9,0.723994,0.035694
1,-1,2,0.55,0.25,-1,-1,0.95,0.95,0.733851,0.035165
1,-1,2,0.55,0.25,-1,-1,1.0,1.0,0.742989,0.034989
1,-1,2,0.6,0.25,-1,-1,0.05,0.05,0.497814,0.168526
1,-1,2,0.6,0.25,-1,-1,0.1,0.1,0.499199,0.161608
1,-1,2,0.6,0.25,-1,-1,0.15,0.15,0.502663,0.153517
1,-1,2,0.6,0.25,-1,-1,0.2,0.2,0.507628,0.144809
1,-1,2,0.6,0.25,-1,-1,0.25,0.25,0.513863,0.135112
1,-1,2,0.6,0.25,-1,-1,0.3,0.3,0.523793,0.123192
1,-1,2,0.6,0.25,-1,-1,0.35,0.35,0.53661,0.112075
1,-1,2,0.6,0.25,-1,-1,0.4,0.4,0.552082,0.101575
1,-1,2,0.6,0.25,-1,-1,0.45,0.45,0.572404,0.089408
1,-1,2,0.6,0.25,-1,-1,0.5,0.5,0.611431,0.071188
1,-1,2,0.6,0.25,-1,-1,0.55,0.55,0.634524,0.059824
1,-1,2,0.6,0.25,-1,-1,0.6,0.6,0.657849,0.050498
1,-1,2,0.6,0.25,-1,-1,0.65,0.65,0.67921,0.043766
1,-1,2,0.6,0.25,-1,-1,0.7,0.7,0.699878,0.038516
1,-1,2,0.6,0.25,-1,-1,0.75,0.75,0.714658,0.034934
1,-1,2,0.6,0.25,-1,-1,0.8,0.8,0.729784,0.031104
1,-1,2,0.6,0.25,-1,-1,0.85,0.85,0.740522,0.029684
1,-1,2,0.6,0.25,-1,-1,0.9,0.9,0.752184,0.028819
1,-1,2,0.6,0.25,-1,-1,0.95,0.95,0.763269,0.028263
1,-1,2,0.6,0.25,-1,-1,1.0,1.0,0.773545,0.028078
1,-1,2,0.65,0.25,-1,-1,0.05,0.05,0.497826,0.168457
1,-1,2,0.65,0.25,-1,-1,0.1,0.1,0.499359,0.161351
1,-1,2,0.65,0.25,-1,-1,0.15,0.15,0.50319,0.153041
1,-1,2,0.65,0.25,-1,-1,0.2,0.2,0.508683,0.144095
1,-1,2,0.65,0.25,-1,-1,0.25,0.25,0.51558,0.134135
1,-1,2,0.65,0.25,-1,-1,0.3,0.3,0.526565,0.121891
1,-1,2,0.65,0.25,-1,-1,0.35,0.35,0.540743,0.110471
1,-1,2,0.65,0.25,-1,-1,0.4,0.4,0.557859,0.099686
1,-1,2,0.65,0.25,-1,-1,0.45,0.45,0.58034,0.087188
1,-1,2,0.65,0.25,-1,-1,0.5,0.5,0.623512,0.068472
1,-1,2,0.65,0.25,-1,-1,0.55,0.55,0.649058,0.056799
1,-1,2,0.65,0.25,-1,-1,0.6,0.6,0.67486,0.047219
1,-1,2,0.65,0.25,-1,-1,0.65,0.65,0.69849,0.040304
1,-1,2,0.65,0.25,-1,-1,0.7,0.7,0.721354,0.034912
1,-1,2,0.65,0.25,-1,-1,0.75,0.75,0.737704,0.031232
1,-1,2,0.65,0.25,-1,-1,0.8,0.8,0.754436,0.027299
1,-1,2,0.65,0.25,-1,-1,0.85,0.85,0.766315,0.025839
1,-1,2,0.65,0.25,-1,-1,0.9,0.9,0.779216,0.024951
1,-1,2,0.65,0.25,-1,-1,0.95,0.95,0.791478,0.02438
1,-1,2,0.65,0.25,-1,-1,1.0,1.0,0.802846,0.02419
1,-1,2,0.7,0.25,-1,-1,0.05,0.05,0.497835,0.168342
1,-1,2,0.7,0.25,-1,-1,0.1,0.1,0.499473,0.160923
1,-1,2,0.7,0.25,-1,-1,0.15,0.15,0.503567,0.152246
1,-1,2,0.7,0.25,-1,-1,0.2,0.2,0.509436,0.142906
1,-1,2,0.7,0.25,-1,-1,0.25,0.25,0.516807,0.132506
1,-1,2,0.7,0.25,-1,-1,0.3,0.3,0.528545,0.119722
1,-1,2,0.7,0.25,-1,-1,0.35,0.35,0.543696,0.107798
1,-1,2,0.7,0.25,-1,-1,0.4,0.4,0.561986,0.096537
1,-1,2,0.7,0.25,-1,-1,0.45,0.45,0.586008,0.083488
1,-1,2,0.7,0.25,-1,-1,0.5,0.5,0.632142,0.063947
1,-1,2,0.7,0.25,-1,-1,0.55,0.55,0.65944,0.051759
1,-1,2,0.7,0.25,-1,-1,0.6,0.6,0.687012,0.041756
1,-1,2,0.7,0.25,-1,-1,0.65,0.65,0.712263,0.034536
1,-1,2,0.7,0.25,-1,-1,0.7,0.7,0.736695,0.028906
1,-1,2,0.7,0.25,-1,-1,0.75,0.75,0.754166,0.025064
1,-1,2,0.7,0.25,-1,-1,0.8,0.8,0.772046,0.020957
1,-1,2,0.7,0.25,-1,-1,0.85,0.85,0.78474,0.019433
1,-1,2,0.7,0.25,-1,-1,0.9,0.9,0.798525,0.018506
1,-1,2,0.7,0.25,-1,-1,0.95,0.95,0.811628,0.01791
1,-1,2,0.7,0.25,-1,-1,1.0,1.0,0.823776,0.017711
1,-1,2,0.75,0.25,-1,-1,0.05,0.05,0.497845,0.168273
1,-1,2,0.75,0.25,-1,-1,0.1,0.1,0.499607,0.160666
1,-1,2,0.75,0.25,-1,-1,0.15,0.15,0.504012,0.151769
1,-1,2,0.75,0.25,-1,-1,0.2,0.2,0.510325,0.142192
1,-1,2,0.75,0.25,-1,-1,0.25,0.25,0.518254,0.131528
1,-1,2,0.75,0.25,-1,-1,0.3,0.3,0.530881,0.11842
1,-1,2,0.75,0.25,-1,-1,0.35,0.35,0.547179,0.106194
1,-1,2,0.75,0.25,-1,-1,0.4,0.4,0.566854,0.094648
1,-1,2,0.75,0.25,-1,-1,0.45,0.45,0.592696,0.081268
1,-1,2,0.75,0.25,-1,-1,0.5,0.5,0.642324,0.061231
1,-1,2,0.75,0.25,-1,-1,0.55,0.55,0.67169,0.048734
1,-1,2,0.75,0.25,-1,-1,0.6,0.6,0.70135,0.038478
1,-1,2,0.75,0.25,-1,-1,0.65,0.65,0.728513,0.031075
1,-1,2,0.75,0.25,-1,-1,0.7,0.7,0.754795,0.025301
1,-1,2,0.75,0.25,-1,-1,0.75,0.75,0.773589,0.021362
1,-1,2,0.75,0.25,-1,-1,0.8,0.8,0.792824,0.017151
1,-1,2,0.75,0.25,-1,-1,0.85,0.85,0.806479,0.015589
1,-1,2,0.75,0.25,-1,-1,0.9,0.9,0.821309,0.014638
1,-1,2,0.75,0.25,-1,-1,0.95,0.95,0.835404,0.014027
1,-1,2,0.75,0.25,-1,-1,1.0,1.0,0.848472,0.013823
1,-1,2,0.8,0.25,-1,-1,0.05,0.05,0.497852,0.168151
1,-1,2,0.8,0.25,-1,-1,0.1,0.1,0.499698,0.160209
1,-1,2,0.8,0.25,-1,-1,0.15,0.15,0.504313,0.150921
1,-1,2,0.8,0.25,-1,-1,0.2,0.2,0.510928,0.140923
1,-1,2,0.8,0.25,-1,-1,0.25,0.25,0.519235,0.129791
1,-1,2,0.8,0.25,-1,-1,0.3,0.3,0.532465,0.116106
1,-1,2,0.8,0.25,-1,-1,0.35,0.35,0.549541,0.103343
1,-1,2,0.8,0.25,-1,-1,0.4,0.4,0.570156,0.091289
1,-1,2,0.8,0.25,-1,-1,0.45,0.45,0.597231,0.077321
1,-1,2,0.8,0.25,-1,-1,0.5,0.5,0.649228,0.056403
1,-1,2,0.8,0.25,-1,-1,0.55,0.55,0.679995,0.043357
1,-1,2,0.8,0.25,-1,-1,0.6,0.6,0.711071,0.03265
1,-1,2,0.8,0.25,-1,-1,0.65,0.65,0.739531,0.024921
1,-1,2,0.8,0.25,-1,-1,0.7,0.7,0.767068,0.018894
1,-1,2,0.8,0.25,-1,-1,0.75,0.75,0.786759,0.014782
1,-1,2,0.8,0.25,-1,-1,0.8,0.8,0.806911,0.010385
1,-1,2,0.8,0.25,-1,-1,0.85,0.85,0.821219,0.008755
1,-1,2,0.8,0.25,-1,-1,0.9,0.9,0.836756,0.007762
1,-1,2,0.8,0.25,-1,-1,0.95,0.95,0.851524,0.007124
1,-1,2,0.8,0.25,-1,-1,1.0,1.0,0.865216,0.006911
1,-1,2,0.85,0.25,-1,-1,0.05,0.05,0.497861,0.168097
1,-1,2,0.85,0.25,-1,-1,0.1,0.1,0.499816,0.16001
1,-1,2,0.85,0.25,-1,-1,0.15,0.15,0.504705,0.15055
1,-1,2,0.85,0.25,-1,-1,0.2,0.2,0.511711,0.140368
1,-1,2,0.85,0.25,-1,-1,0.25,0.25,0.520511,0.129031
1,-1,2,0.85,0.25,-1,-1,0.3,0.3,0.534524,0.115094
1,-1,2,0.85,0.25,-1,-1,0.35,0.35,0.552612,0.102096
1,-1,2,0.85,0.25,-1,-1,0.4,0.4,0.574447,0.08982
1,-1,2,0.85,0.25,-1,-1,0.45,0.45,0.603126,0.075594
1,-1,2,0.85,0.25,-1,-1,0.5,0.5,0.658202,0.054292
1,-1,2,0.85,0.25,-1,-1,0.55,0.55,0.690792,0.041005
1,-1,2,0.85,0.25,-1,-1,0.6,0.6,0.723708,0.030101
1,-1,2,0.85,0.25,-1,-1,0.65,0.65,0.753853,0.02223
1,-1,2,0.85,0.25,-1,-1,0.7,0.7,0.783021,0.016092
1,-1,2,0.85,0.25,-1,-1,0.75,0.75,0.803878,0.011903
1,-1,2,0.85,0.25,-1,-1,0.8,0.8,0.825224,0.007426
1,-1,2,0.85,0.25,-1,-1,0.85,0.85,0.840379,0.005765
1,-1,2,0.85,0.25,-1,-1,0.9,0.9,0.856837,0.004755
1,-1,2,0.85,0.25,-1,-1,0.95,0.95,0.87248,0.004105
1,-1,2,0.85,0.25,-1,-1,1.0,1.0,0.886982,0.003888
1,-1,2,0.9,0.25,-1,-1,0.05,0.05,0.497869,0.168067
1,-1,2,0.9,0.25,-1,-1,0.1,0.1,0.499924,0.159895
1,-1,2,0.9,0.25,-1,-1,0.15,0.15,0.505059,0.150338
1,-1,2,0.9,0.25,-1,-1,0.2,0.2,0.51242,0.140051
1,-1,2,0.9,0.25,-1,-1,0.25,0.25,0.521664,0.128596
1,-1,2,0.9,0.25,-1,-1,0.3,0.3,0.536385,0.114516
1,-1,2,0.9,0.25,-1,-1,0.35,0.35,0.555387,0.101383
1,-1,2,0.9,0.25,-1,-1,0.4,0.4,0.578326,0.08898
1,-1,2,0.9,0.25,-1,-1,0.45,0.45,0.608454,0.074607
1,-1,2,0.9,0.25,-1,-1,0.5,0.5,0.666314,0.053085
1,-1,2,0.9,0.25,-1,-1,0.55,0.55,0.700551,0.03966
1,-1,2,0.9,0.25,-1,-1,0.6,0.6,0.73513,0.028644
1,-1,2,0.9,0.25,-1,-1,0.65,0.65,0.766799,0.020691
1,-1,2,0.9,0.25,-1,-1,0.7,0.7,0.797441,0.01449
1,-1,2,0.9,0.25,-1,-1,0.75,0.75,0.819352,0.010258
1,-1,2,0.9,0.25,-1,-1,0.8,0.8,0.841777,0.005735
1,-1,2,0.9,0.25,-1,-1,0.85,0.85,0.857698,0.004057
1,-1,2,0.9,0.25,-1,-1,0.9,0.9,0.874987,0.003036
1,-1,2,0.9,0.25,-1,-1,0.95,0.95,0.891421,0.002379
1,-1,2,0.9,0.25,-1,-1,1.0,1.0,0.906656,0.00216
1,-1,2,0.95,0.25,-1,-1,0.05,0.05,0.497881,0.168036
1,-1,2,0.95,0.25,-1,-1,0.1,0.1,0.500081,0.159781
1,-1,2,0.95,0.25,-1,-1,0.15,0.15,0.505579,0.150126
1,-1,2,0.95,0.25,-1,-1,0.2,0.2,0.513459,0.139734
1,-1,2,0.95,0.25,-1,-1,0.25,0.25,0.523356,0.128162
1,-1,2,0.95,0.25,-1,-1,0.3,0.3,0.539118,0.113937
1,-1,2,0.95,0.25,-1,-1,0.35,0.35,0.559461,0.10067
1,-1,2,0.95,0.25,-1,-1,0.4,0.4,0.58402,0.08814
1,-1,2,0.95,0.25,-1,-1,0.45,0.45,0.616276,0.073621
1,-1,2,0.95,0.25,-1,-1,0.5,0.5,0.678222,0.051878
1,-1,2,0.95,0.25,-1,-1,0.55,0.55,0.714877,0.038316
1,-1,2,0.95,0.25,-1,-1,0.6,0.6,0.751898,0.027187
1,-1,2,0.95,0.25,-1,-1,0.65,0.65,0.785804,0.019153
1,-1,2,0.95,0.25,-1,-1,0.7,0.7,0.81861,0.012888
1,-1,2,0.95,0.25,-1,-1,0.75,0.75,0.842069,0.008613
1,-1,2,0.95,0.25,-1,-1,0.8,0.8,0.866077,0.004043
1,-1,2,0.95,0.25,-1,-1,0.85,0.85,0.883122,0.002348
1,-1,2,0.95,0.25,-1,-1,0.9,0.9,0.901633,0.001317
1,-1,2,0.95,0.25,-1,-1,0.95,0.95,0.919227,0.000653
1,-1,2,0.95,0.25,-1,-1,1.0,1.0,0.935538,0.000432
1,-1,2,1.0,0.25,-1,-1,0.05,0.05,0.497908,0.168028
1,-1,2,1.0,0.25,-1,-1,0.1,0.1,0.500432,0.159753
1,-1,2,1.0,0.25,-1,-1,0.15,0.15,0.506739,0.150073
1,-1,2,1.0,0.25,-1,-1,0.2,0.2,0.51578,0.139654
1,-1,2,1.0,0.25,-1,-1,0.25,0.25,0.527134,0.128053
1,-1,2,1.0,0.25,-1,-1,0.3,0.3,0.545216,0.113792
1,-1,2,1.0,0.25,-1,-1,0.35,0.35,0.568554,0.100492
1,-1,2,1.0,0.25,-1,-1,0.4,0.4,0.596729,0.08793
1,-1,2,1.0,0.25,-1,-1,0.45,0.45,0.633734,0.073374
1,-1,2,1.0,0.25,-1,-1,0.5,0.5,0.7048,0.051576
1,-1,2,1.0,0.25,-1,-1,0.55,0.55,0.746851,0.03798
1,-1,2,1.0,0.25,-1,-1,0.6,0.6,0.789323,0.026822
1,-1,2,1.0,0.25,-1,-1,0.65,0.65,0.828221,0.018768
1,-1,2,1.0,0.25,-1,-1,0.7,0.7,0.865857,0.012488
1,-1,2,1.0,0.25,-1,-1,0.75,0.75,0.89277,0.008202
1,-1,2,1.0,0.25,-1,-1,0.8,0.8,0.920313,0.003621
1,-1,2,1.0,0.25,-1,-1,0.85,0.85,0.939867,0.001921
1,-1,2,1.0,0.25,-1,-1,0.9,0.9,0.961103,0.000887
1,-1,2,1.0,0.25,-1,-1,0.95,0.95,0.981287,0.000222
1,-1,2,1.0,0.25,-1,-1,1.0,1.0,1.0,0.0
1,-1,2,0.3,0.3,-1,-1,0.05,0.05,0.554207,0.137797
1,-1,2,0.3,0.3,-1,-1,0.1,0.1,0.554207,0.137797
1,-1,2,0.3,0.3,-1,-1,0.15,0.15,0.554207,0.137797
1,-1,2,0.3,0.3,-1,-1,0.2,0.2,0.554207,0.137797
1,-1,2,0.3,0.3,-1,-1,0.25,0.25,0.554207,0.137797
1,-1,2,0.3,0.3,-1,-1,0.3,0.3,0.554207,0.137797
1,-1,2,0.3,0.3,-1,-1,0.35,0.35,0.554207,0.137797
1,-1,2,0.3,0.3,-1,-1,0.4,0.4,0.554207,0.137797
1,-1,2,0.3,0.3,-1,-1,0.45,0.45,0.554207,0.137797
1,-1,2,0.3,0.3,-1,-1,0.5,0.5,0.554207,0.137797
1,-1,2,0.3,0.3,-1,-1,0.55,0.55,0.554207,0.137797
1,-1,2,0.3,0.3,-1,-1,0.6,0.6,0.554207,0.137797
1,-1,2,0.3,0.3,-1,-1,0.65,0.65,0.554207,0.137797
1,-1,2,0.3,0.3,-1,-1,0.7,0.7,0.554207,0.137797
1,-1,2,0.3,0.3,-1,-1,0.75,0.75,0.554207,0.137797
1,-1,2,0.3,0.3,-1,-1,0.8,0.8,0.554207,0.137797
1,-1,2,0.3,0.3,-1,-1,0.85,0.85,0.554207,0.137797
1,-1,2,0.3,0.3,-1,-1,0.9,0.9,0.554207,0.137797
1,-1,2,0.3,0.3,-1,-1,0.95,0.95,0.554207,0.137797
1,-1,2,0.3,0.3,-1,-1,1.0,1.0,0.554207,0.137797
1,-1,2,0.35,0.3,-1,-1,0.05,0.05,0.554224,0.137216
1,-1,2,0.35,0.3,-1,-1,0.1,0.1,0.554426,0.135627
1,-1,2,0.35,0.3,-1,-1,0.15,0.15,0.55493,0.13377
1,-1,2,0.35,0.3,-1,-1,0.2,0.2,0.555654,0.13177
1,-1,2,0.35,0.3,-1,-1,0.25,0.25,0.556562,0.129544
1,-1,2,0.35,0.3,-1,-1,0.3,0.3,0.558008,0.126807
1,-1,2,0.35,0.3,-1,-1,0.35,0.35,0.559875,0.124254
1,-1,2,0.35,0.3,-1,-1,0.4,0.4,0.562129,0.121843
1,-1,2,0.35,0.3,-1,-1,0.45,0.45,0.56509,0.11905
1,-1,2,0.35,0.3,-1,-1,0.5,0.5,0.570775,0.114866
1,-1,2,0.35,0.3,-1,-1,0.55,0.55,0.574139,0.112257
1,-1,2,0.35,0.3,-1,-1,0.6,0.6,0.577537,0.110116
1,-1,2,0.35,0.3,-1,-1,0.65,0.65,0.580649,0.10857
1,-1,2,0.35,0.3,-1,-1,0.7,0.7,0.58366,0.107365
1,-1,2,0.35,0.3,-1,-1,0.75,0.75,0.585813,0.106542
1,-1,2,0.35,0.3,-1,-1,0.8,0.8,0.588016,0.105663
1,-1,2,0.35,0.3,-1,-1,0.85,0.85,0.58958,0.105337
1,-1,2,0.35,0.3,-1,-1,0.9,0.9,0.591279,0.105138
1,-1,2,0.35,0.3,-1,-1,0.95,0.95,0.592894,0.105011
1,-1,2,0.35,0.3,-1,-1,1.0,1.0,0.594391,0.104968
1,-1,2,0.4,0.3,-1,-1,0.05,0.05,0.554243,0.136795
1,-1,2,0.4,0.3,-1,-1,0.1,0.1,0.554676,0.134057
1,-1,2,0.4,0.3,-1,-1,0.15,0.15,0.555759,0.130855
1,-1,2,0.4,0.3,-1,-1,0.2,0.2,0.557311,0.127408
1,-1,2,0.4,0.3,-1,-1,0.25,0.25,0.55926,0.123571
1,-1,2,0.4,0.3,-1,-1,0.3,0.3,0.562364,0.118853
1,-1,2,0.4,0.3,-1,-1,0.35,0.35,0.566371,0.114453
1,-1,2,0.4,0.3,-1,-1,0.4,0.4,0.571207,0.110298
1,-1,2,0.4,0.3,-1,-1,0.45,0.45,0.57756,0.105483
1,-1,2,0.4,0.3,-1,-1,0.5,0.5,0.589759,0.098272
1,-1,2,0.4,0.3,-1,-1,0.55,0.55,0.596978,0.093774
1,-1,2,0.4,0.3,-1,-1,0.6,0.6,0.604269,0.090083
1,-1,2,0.4,0.3,-1,-1,0.65,0.65,0.610946,0.087419
1,-1,2,0.4,0.3,-1,-1,0.7,0.7,0.617407,0.085341
1,-1,2,0.4,0.3,-1,-1,0.75,0.75,0.622027,0.083923
1,-1,2,0.4,0.3,-1,-1,0.8,0.8,0.626755,0.082408
1,-1,2,0.4,0.3,-1,-1,0.85,0.85,0.630112,0.081846
1,-1,2,0.4,0.3,-1,-1,0.9,0.9,0.633758,0.081503
1,-1,2,0.4,0.3,-1,-1,0.95,0.95,0.637223,0.081283
1,-1,2,0.4,0.3,-1,-1,1.0,1.0,0.640435,0.08121
1,-1,2,0.45,0.3,-1,-1,0.05,0.05,0.554257,0.136428
1,-1,2,0.45,0.3,-1,-1,0.1,0.1,0.554861,0.132687
1,-1,2,0.45,0.3,-1,-1,0.15,0.15,0.556369,0.128311
1,-1,2,0.45,0.3,-1,-1,0.2,0.2,0.558532,0.123602
1,-1,2,0.45,0.3,-1,-1,0.25,0.25,0.561247,0.118358
1,-1,2,0.45,0.3,-1,-1,0.3,0.3,0.565572,0.111912
1,-1,2,0.45,0.3,-1,-1,0.35,0.35,0.571153,0.1059
1,-1,2,0.45,0.3,-1,-1,0.4,0.4,0.577892,0.100222
1,-1,2,0.45,0.3,-1,-1,0.45,0.45,0.586742,0.093642
1,-1,2,0.45,0.3,-1,-1,0.5,0.5,0.603739,0.083789
1,-1,2,0.45,0.3,-1,-1,0.55,0.55,0.613796,0.077643
1,-1,2,0.45,0.3,-1,-1,0.6,0.6,0.623954,0.072599
1,-1,2,0.45,0.3,-1,-1,0.65,0.65,0.633257,0.068959
1,-1,2,0.45,0.3,-1,-1,0.7,0.7,0.642258,0.06612
1,-1,2,0.45,0.3,-1,-1,0.75,0.75,0.648695,0.064182
1,-1,2,0.45,0.3,-1,-1,0.8,0.8,0.655282,0.062112
1,-1,2,0.45,0.3,-1,-1,0.85,0.85,0.659959,0.061343
1,-1,2,0.45,0.3,-1,-1,0.9,0.9,0.665038,0.060876
1,-1,2,0.45,0.3,-1,-1,0.95,0.95,0.669866,0.060575
1,-1,2,0.45,0.3,-1,-1,1.0,1.0,0.674341,0.060475
1,-1,2,0.5,0.3,-1,-1,0.05,0.05,0.554274,0.13619
1,-1,2,0.5,0.3,-1,-1,0.1,0.1,0.555075,0.131802
1,-1,2,0.5,0.3,-1,-1,0.15,0.15,0.557077,0.126669
1,-1,2,0.5,0.3,-1,-1,0.2,0.2,0.559948,0.121143
1,-1,2,0.5,0.3,-1,-1,0.25,0.25,0.563553,0.114991
1,-1,2,0.5,0.3,-1,-1,0.3,0.3,0.569294,0.107429
1,-1,2,0.5,0.3,-1,-1,0.35,0.35,0.576704,0.100375
1,-1,2,0.5,0.3,-1,-1,0.4,0.4,0.585649,0.093714
1,-1,2,0.5,0.3,-1,-1,0.45,0.45,0.597398,0.085995
1,-1,2,0.5,0.3,-1,-1,0.5,0.5,0.619962,0.074435
1,-1,2,0.5,0.3,-1,-1,0.55,0.55,0.633313,0.067225
1,-1,2,0.5,0.3,-1,-1,0.6,0.6,0.646798,0.061308
1,-1,2,0.5,0.3,-1,-1,0.65,0.65,0.659148,0.057037
1,-1,2,0.5,0.3,-1,-1,0.7,0.7,0.671097,0.053706
1,-1,2,0.5,0.3,-1,-1,0.75,0.75,0.679642,0.051434
1,-1,2,0.5,0.3,-1,-1,0.8,0.8,0.688387,0.049004
1,-1,2,0.5,0.3,-1,-1,0.85,0.85,0.694596,0.048103
1,-1,2,0.5,0.3,-1,-1,0.9,0.9,0.701338,0.047554
1,-1,2,0.5,0.3,-1,-1,0.95,0.95,0.707747,0.047202
1,-1,2,0.5,0.3,-1,-1,1.0,1.0,0.713688,0.047084
1,-1,2,0.55,0.3,-1,-1,0.05,0.05,0.554286,0.135976
1,-1,2,0.55,0.3,-1,-1,0.1,0.1,0.555234,0.131002
1,-1,2,0.55,0.3,-1,-1,0.15,0.15,0.557605,0.125185
1,-1,2,0.55,0.3,-1,-1,0.2,0.2,0.561003,0.118923
1,-1,2,0.55,0.3,-1,-1,0.25,0.25,0.56527,0.111951
1,-1,2,0.55,0.3,-1,-1,0.3,0.3,0.572066,0.10338
1,-1,2,0.55,0.3,-1,-1,0.35,0.35,0.580837,0.095386
1,-1,2,0.55,0.3,-1,-1,0.4,0.4,0.591426,0.087836
1,-1,2,0.55,0.3,-1,-1,0.45,0.45,0.605334,0.079088
1,-1,2,0.55,0.3,-1,-1,0.5,0.5,0.632043,0.065987
1,-1,2,0.55,0.3,-1,-1,0.55,0.55,0.647847,0.057815
1,-1,2,0.55,0.3,-1,-1,0.6,0.6,0.66381,0.05111
1,-1,2,0.55,0.3,-1,-1,0.65,0.65,0.678429,0.046269
1,-1,2,0.55,0.3,-1,-1,0.7,0.7,0.692573,0.042494
1,-1,2,0.55,0.3,-1,-1,0.75,0.75,0.702688,0.039918
1,-1,2,0.55,0.3,-1,-1,0.8,0.8,0.71304,0.037165
1,-1,2,0.55,0.3,-1,-1,0.85,0.85,0.720389,0.036144
1,-1,2,0.55,0.3,-1,-1,0.9,0.9,0.72837,0.035522
1,-1,2,0.55,0.3,-1,-1,0.95,0.95,0.735956,0.035122
1,-1,2,0.55,0.3,-1,-1,1.0,1.0,0.742989,0.034989
1,-1,2,0.6,0.3,-1,-1,0.05,0.05,0.554299,0.135854
1,-1,2,0.6,0.3,-1,-1,0.1,0.1,0.555401,0.130546
1,-1,2,0.6,0.3,-1,-1,0.15,0.15,0.558155,0.124337
1,-1,2,0.6,0.3,-1,-1,0.2,0.2,0.562103,0.117654
1,-1,2,0.6,0.3,-1,-1,0.25,0.25,0.567061,0.110213
1,-1,2,0.6,0.3,-1,-1,0.3,0.3,0.574956,0.101066
1,-1,2,0.6,0.3,-1,-1,0.35,0.35,0.585147,0.092535
1,-1,2,0.6,0.3,-1,-1,0.4,0.4,0.59745,0.084478
1,-1,2,0.6,0.3,-1,-1,0.45,0.45,0.613609,0.075141
1,-1,2,0.6,0.3,-1,-1,0.5,0.5,0.644641,0.06116
1,-1,2,0.6,0.3,-1,-1,0.55,0.55,0.663004,0.052439
1,-1,2,0.6,0.3,-1,-1,0.6,0.6,0.68155,0.045282
1,-1,2,0.6,0.3,-1,-1,0.65,0.65,0.698535,0.040116
1,-1,2,0.6,0.3,-1,-1,0.7,0.7,0.714969,0.036088
1,-1,2,0.6,0.3,-1,-1,0.75,0.75,0.726721,0.033339
1,-1,2,0.6,0.3,-1,-1,0.8,0.8,0.738748,0.0304
1,-1,2,0.6,0.3,-1,-1,0.85,0.85,0.747287,0.02931
1,-1,2,0.6,0.3,-1,-1,0.9,0.9,0.75656,0.028647
1,-1,2,0.6,0.3,-1,-1,0.95,0.95,0.765374,0.02822
1,-1,2,0.6,0.3,-1,-1,1.0,1.0,0.773545,0.028078
1,-1,2,0.65,0.3,-1,-1,0.05,0.05,0.554311,0.135785
1,-1,2,0.65,0.3,-1,-1,0.1,0.1,0.55556,0.130289
1,-1,2,0.65,0.3,-1,-1,0.15,0.15,0.558682,0.12386
1,-1,2,0.65,0.3,-1,-1,0.2,0.2,0.563158,0.11694
1,-1,2,0.65,0.3,-1,-1,0.25,0.25,0.568778,0.109236
1,-1,2,0.65,0.3,-1,-1,0.3,0.3,0.577728,0.099764
1,-1,2,0.65,0.3,-1,-1,0.35,0.35,0.589281,0.090931
1,-1,2,0.65,0.3,-1,-1,0.4,0.4,0.603227,0.082588
1,-1,2,0.65,0.3,-1,-1,0.45,0.45,0.621545,0.072921
1,-1,2,0.65,0.3,-1,-1,0.5,0.5,0.656722,0.058444
1,-1,2,0.65,0.3,-1,-1,0.55,0.55,0.677538,0.049414
1,-1,2,0.65,0.3,-1,-1,0.6,0.6,0.698561,0.042004
1,-1,2,0.65,0.3,-1,-1,0.65,0.65,0.717815,0.036655
1,-1,2,0.65,0.3,-1,-1,0.7,0.7,0.736445,0.032484
1,-1,2,0.65,0.3,-1,-1,0.75,0.75,0.749767,0.029637
1,-1,2,0.65,0.3,-1,-1,0.8,0.8,0.763401,0.026595
1,-1,2,0.65,0.3,-1,-1,0.85,0.85,0.77308,0.025466
1,-1,2,0.65,0.3,-1,-1,0.9,0.9,0.783592,0.024779
1,-1,2,0.65,0.3,-1,-1,0.95,0.95,0.793583,0.024337
1,-1,2,0.65,0.3,-1,-1,1.0,1.0,0.802846,0.02419
1,-1,2,0.7,0.3,-1,-1,0.05,0.05,0.55432,0.13567
1,-1,2,0.7,0.3,-1,-1,0.1,0.1,0.555674,0.12986
1,-1,2,0.7,0.3,-1,-1,0.15,0.15,0.559059,0.123065
1,-1,2,0.7,0.3,-1,-1,0.2,0.2,0.563911,0.115751
1,-1,2,0.7,0.3,-1,-1,0.25,0.25,0.570004,0.107607
1,-1,2,0.7,0.3,-1,-1,0.3,0.3,0.579708,0.097595
1,-1,2,0.7,0.3,-1,-1,0.35,0.35,0.592233,0.088258
1,-1,2,0.7,0.3,-1,-1,0.4,0.4,0.607354,0.07944
1,-1,2,0.7,0.3,-1,-1,0.45,0.45,0.627213,0.069221
1,-1,2,0.7,0.3,-1,-1,0.5,0.5,0.665352,0.053918
1,-1,2,0.7,0.3,-1,-1,0.55,0.55,0.687919,0.044374
1,-1,2,0.7,0.3,-1,-1,0.6,0.6,0.710713,0.036541
1,-1,2,0.7,0.3,-1,-1,0.65,0.65,0.731588,0.030887
1,-1,2,0.7,0.3,-1,-1,0.7,0.7,0.751786,0.026478
1,-1,2,0.7,0.3,-1,-1,0.75,0.75,0.766229,0.023469
1,-1,2,0.7,0.3,-1,-1,0.8,0.8,0.78101,0.020253
1,-1,2,0.7,0.3,-1,-1,0.85,0.85,0.791505,0.01906
1,-1,2,0.7,0.3,-1,-1,0.9,0.9,0.802901,0.018334
1,-1,2,0.7,0.3,-1,-1,0.95,0.95,0.813733,0.017867
1,-1,2,0.7,0.3,-1,-1,1.0,1.0,0.823776,0.017711
1,-1,2,0.75,0.3,-1,-1,0.05,0.05,0.55433,0.135601
1,-1,2,0.75,0.3,-1,-1,0.1,0.1,0.555808,0.129603
1,-1,2,0.75,0.3,-1,-1,0.15,0.15,0.559503,0.122588
1,-1,2,0.75,0.3,-1,-1,0.2,0.2,0.5648,0.115037
1,-1,2,0.75,0.3,-1,-1,0.25,0.25,0.571452,0.106629
1,-1,2,0.75,0.3,-1,-1,0.3,0.3,0.582044,0.096294
1,-1,2,0.75,0.3,-1,-1,0.35,0.35,0.595717,0.086654
1,-1,2,0.75,0.3,-1,-1,0.4,0.4,0.612223,0.07755
1,-1,2,0.75,0.3,-1,-1,0.45,0.45,0.633901,0.067001
1,-1,2,0.75,0.3,-1,-1,0.5,0.5,0.675534,0.051203
1,-1,2,0.75,0.3,-1,-1,0.55,0.55,0.700169,0.041349
1,-1,2,0.75,0.3,-1,-1,0.6,0.6,0.725051,0.033262
1,-1,2,0.75,0.3,-1,-1,0.65,0.65,0.747838,0.027425
1,-1,2,0.75,0.3,-1,-1,0.7,0.7,0.769886,0.022873
1,-1,2,0.75,0.3,-1,-1,0.75,0.75,0.785653,0.019767
1,-1,2,0.75,0.3,-1,-1,0.8,0.8,0.801789,0.016447
1,-1,2,0.75,0.3,-1,-1,0.85,0.85,0.813244,0.015215
1,-1,2,0.75,0.3,-1,-1,0.9,0.9,0.825685,0.014466
1,-1,2,0.75,0.3,-1,-1,0.95,0.95,0.837509,0.013984
1,-1,2,0.75,0.3,-1,-1,1.0,1.0,0.848472,0.013823
1,-1,2,0.8,0.3,-1,-1,0.05,0.05,0.554337,0.135479
1,-1,2,0.8,0.3,-1,-1,0.1,0.1,0.5559,0.129147
1,-1,2,0.8,0.3,-1,-1,0.15,0.15,0.559805,0.12174
1,-1,2,0.8,0.3,-1,-1,0.2,0.2,0.565403,0.113768
1,-1,2,0.8,0.3,-1,-1,0.25,0.25,0.572433,0.104892
1,-1,2,0.8,0.3,-1,-1,0.3,0.3,0.583628,0.09398
1,-1,2,0.8,0.3,-1,-1,0.35,0.35,0.598079,0.083803
1,-1,2,0.8,0.3,-1,-1,0.4,0.4,0.615524,0.074192
1,-1,2,0.8,0.3,-1,-1,0.45,0.45,0.638436,0.063054
1,-1,2,0.8,0.3,-1,-1,0.5,0.5,0.682438,0.046375
1,-1,2,0.8,0.3,-1,-1,0.55,0.55,0.708475,0.035972
1,-1,2,0.8,0.3,-1,-1,0.6,0.6,0.734772,0.027434
1,-1,2,0.8,0.3,-1,-1,0.65,0.65,0.758856,0.021272
1,-1,2,0.8,0.3,-1,-1,0.7,0.7,0.782159,0.016466
1,-1,2,0.8,0.3,-1,-1,0.75,0.75,0.798822,0.013187
1,-1,2,0.8,0.3,-1,-1,0.8,0.8,0.815876,0.009681
1,-1,2,0.8,0.3,-1,-1,0.85,0.85,0.827984,0.008381
1,-1,2,0.8,0.3,-1,-1,0.9,0.9,0.841132,0.00759
1,-1,2,0.8,0.3,-1,-1,0.95,0.95,0.85363,0.007081
1,-1,2,0.8,0.3,-1,-1,1.0,1.0,0.865216,0.006911
1,-1,2,0.85,0.3,-1,-1,0.05,0.05,0.554346,0.135425
1,-1,2,0.85,0.3,-1,-1,0.1,0.1,0.556018,0.128947
1,-1,2,0.85,0.3,-1,-1,0.15,0.15,0.560197,0.121369
1,-1,2,0.85,0.3,-1,-1,0.2,0.2,0.566186,0.113213
1,-1,2,0.85,0.3,-1,-1,0.25,0.25,0.573708,0.104132
1,-1,2,0.85,0.3,-1,-1,0.3,0.3,0.585688,0.092968
1,-1,2,0.85,0.3,-1,-1,0.35,0.35,0.601149,0.082556
1,-1,2,0.85,0.3,-1,-1,0.4,0.4,0.619815,0.072722
1,-1,2,0.85,0.3,-1,-1,0.45,0.45,0.644331,0.061327
1,-1,2,0.85,0.3,-1,-1,0.5,0.5,0.691412,0.044263
1,-1,2,0.85,0.3,-1,-1,0.55,0.55,0.719271,0.03362
1,-1,2,0.85,0.3,-1,-1,0.6,0.6,0.747409,0.024885
1,-1,2,0.85,0.3,-1,-1,0.65,0.65,0.773178,0.01858
1,-1,2,0.85,0.3,-1,-1,0.7,0.7,0.798112,0.013664
1,-1,2,0.85,0.3,-1,-1,0.75,0.75,0.815942,0.010309
1,-1,2,0.85,0.3,-1,-1,0.8,0.8,0.834189,0.006722
1,-1,2,0.85,0.3,-1,-1,0.85,0.85,0.847144,0.005392
1,-1,2,0.85,0.3,-1,-1,0.9,0.9,0.861213,0.004582
1,-1,2,0.85,0.3,-1,-1,0.95,0.95,0.874585,0.004062
1,-1,2,0.85,0.3,-1,-1,1.0,1.0,0.886982,0.003888
1,-1,2,0.9,0.3,-1,-1,0.05,0.05,0.554355,0.135395
1,-1,2,0.9,0.3,-1,-1,0.1,0.1,0.556125,0.128833
1,-1,2,0.9,0.3,-1,-1,0.15,0.15,0.560551,0.121157
1,-1,2,0.9,0.3,-1,-1,0.2,0.2,0.566894,0.112896
1,-1,2,0.9,0.3,-1,-1,0.25,0.25,0.574861,0.103697
1,-1,2,0.9,0.3,-1,-1,0.3,0.3,0.587549,0.092389
1,-1,2,0.9,0.3,-1,-1,0.35,0.35,0.603925,0.081843
1,-1,2,0.9,0.3,-1,-1,0.4,0.4,0.623694,0.071883
1,-1,2,0.9,0.3,-1,-1,0.45,0.45,0.649659,0.06034
1,-1,2,0.9,0.3,-1,-1,0.5,0.5,0.699524,0.043056
1,-1,2,0.9,0.3,-1,-1,0.55,0.55,0.72903,0.032275
1,-1,2,0.9,0.3,-1,-1,0.6,0.6,0.758831,0.023428
1,-1,2,0.9,0.3,-1,-1,0.65,0.65,0.786124,0.017042
1,-1,2,0.9,0.3,-1,-1,0.7,0.7,0.812532,0.012062
1,-1,2,0.9,0.3,-1,-1,0.75,0.75,0.831416,0.008664
1,-1,2,0.9,0.3,-1,-1,0.8,0.8,0.850742,0.005031
1,-1,2,0.9,0.3,-1,-1,0.85,0.85,0.864463,0.003683
1,-1,2,0.9,0.3,-1,-1,0.9,0.9,0.879363,0.002863
1,-1,2,0.9,0.3,-1,-1,0.95,0.95,0.893526,0.002336
1,-1,2,0.9,0.3,-1,-1,1.0,1.0,0.906656,0.00216
1,-1,2,0.95,0.3,-1,-1,0.05,0.05,0.554367,0.135364
1,-1,2,0.95,0.3,-1,-1,0.1,0.1,0.556282,0.128718
1,-1,2,0.95,0.3,-1,-1,0.15,0.15,0.561071,0.120945
1,-1,2,0.95,0.3,-1,-1,0.2,0.2,0.567934,0.112579
1,-1,2,0.95,0.3,-1,-1,0.25,0.25,0.576554,0.103263
1,-1,2,0.95,0.3,-1,-1,0.3,0.3,0.590281,0.091811
1,-1,2,0.95,0.3,-1,-1,0.35,0.35,0.607999,0.08113
1,-1,2,0.95,0.3,-1,-1,0.4,0.4,0.629388,0.071043
1,-1,2,0.95,0.3,-1,-1,0.45,0.45,0.657481,0.059354
1,-1,2,0.95,0.3,-1,-1,0.5,0.5,0.711432,0.041849
1,-1,2,0.95,0.3,-1,-1,0.55,0.55,0.743356,0.030931
1,-1,2,0.95,0.3,-1,-1,0.6,0.6,0.775599,0.021971
1,-1,2,0.95,0.3,-1,-1,0.65,0.65,0.805129,0.015504
1,-1,2,0.95,0.3,-1,-1,0.7,0.7,0.833701,0.01046
1,-1,2,0.95,0.3,-1,-1,0.75,0.75,0.854132,0.007018
1,-1,2,0.95,0.3,-1,-1,0.8,0.8,0.875042,0.003339
1,-1,2,0.95,0.3,-1,-1,0.85,0.85,0.889887,0.001975
1,-1,2,0.95,0.3,-1,-1,0.9,0.9,0.906008,0.001144
1,-1,2,0.95,0.3,-1,-1,0.95,0.95,0.921332,0.00061
1,-1,2,0.95,0.3,-1,-1,1.0,1.0,0.935538,0.000432
1,-1,2,1.0,0.3,-1,-1,0.05,0.05,0.554394,0.135356
1,-1,2,1.0,0.3,-1,-1,0.1,0.1,0.556633,0.12869
1,-1,2,1.0,0.3,-1,-1,0.15,0.15,0.562231,0.120892
1,-1,2,1.0,0.3,-1,-1,0.2,0.2,0.570255,0.1125
1,-1,2,1.0,0.3,-1,-1,0.25,0.25,0.580331,0.103154
1,-1,2,1.0,0.3,-1,-1,0.3,0.3,0.596379,0.091666
1,-1,2,1.0,0.3,-1,-1,0.35,0.35,0.617092,0.080952
1,-1,2,1.0,0.3,-1,-1,0.4,0.4,0.642097,0.070833
1,-1,2,1.0,0.3,-1,-1,0.45,0.45,0.674939,0.059107
1,-1,2,1.0,0.3,-1,-1,0.5,0.5,0.73801,0.041547
1,-1,2,1.0,0.3,-1,-1,0.55,0.55,0.775331,0.030595
1,-1,2,1.0,0.3,-1,-1,0.6,0.6,0.813025,0.021607
1,-1,2,1.0,0.3,-1,-1,0.65,0.65,0.847546,0.015119
1,-1,2,1.0,0.3,-1,-1,0.7,0.7,0.880948,0.010059
1,-1,2,1.0,0.3,-1,-1,0.75,0.75,0.904833,0.006607
1,-1,2,1.0,0.3,-1,-1,0.8,0.8,0.929278,0.002917
1,-1,2,1.0,0.3,-1,-1,0.85,0.85,0.946632,0.001548
1,-1,2,1.0,0.3,-1,-1,0.9,0.9,0.965479,0.000714
1,-1,2,1.0,0.3,-1,-1,0.95,0.95,0.983392,0.000179
1,-1,2,1.0,0.3,-1,-1,1.0,1.0,1.0,0.0
1,-1,2,0.35,0.35,-1,-1,0.05,0.05,0.594391,0.104968
1,-1,2,0.35,0.35,-1,-1,0.1,0.1,0.594391,0.104968
1,-1,2,0.35,0.35,-1,-1,0.15,0.15,0.594391,0.104968
1,-1,2,0.35,0.35,-1,-1,0.2,0.2,0.594391,0.104968
1,-1,2,0.35,0.35,-1,-1,0.25,0.25,0.594391,0.104968
1,-1,2,0.35,0.35,-1,-1,0.3,0.3,0.594391,0.104968
1,-1,2,0.35,0.35,-1,-1,0.35,0.35,0.594391,0.104968
1,-1,2,0.35,0.35,-1,-1,0.4,0.4,0.594391,0.104968
1,-1,2,0.35,0.35,-1,-1,0.45,0.45,0.594391,0.104968
1,-1,2,0.35,0.35,-1,-1,0.5,0.5,0.594391,0.104968
1,-1,2,0.35,0.35,-1,-1,0.55,0.55,0.594391,0.104968
1,-1,2,0.35,0.35,-1,-1,0.6,0.6,0.594391,0.104968
1,-1,2,0.35,0.35,-1,-1,0.65,0.65,0.594391,0.104968
1,-1,2,0.35,0.35,-1,-1,0.7,0.7,0.594391,0.104968
1,-1,2,0.35,0.35,-1,-1,0.75,0.75,0.594391,0.104968
1,-1,2,0.35,0.35,-1,-1,0.8,0.8,0.594391,0.104968
1,-1,2,0.35,0.35,-1,-1,0.85,0.85,0.594391,0.104968
1,-1,2,0.35,0.35,-1,-1,0.9,0.9,0.594391,0.104968
1,-1,2,0.35,0.35,-1,-1,0.95,0.95,0.594391,0.104968
1,-1,2,0.35,0.35,-1,-1,1.0,1.0,0.594391,0.104968
1,-1,2,0.4,0.35,-1,-1,0.05,0.05,0.59441,0.104547
1,-1,2,0.4,0.35,-1,-1,0.1,0.1,0.594642,0.103398
1,-1,2,0.4,0.35,-1,-1,0.15,0.15,0.59522,0.102053
1,-1,2,0.4,0.35,-1,-1,0.2,0.2,0.596048,0.100606
1,-1,2,0.4,0.35,-1,-1,0.25,0.25,0.597089,0.098995
1,-1,2,0.4,0.35,-1,-1,0.3,0.3,0.598747,0.097014
1,-1,2,0.4,0.35,-1,-1,0.35,0.35,0.600886,0.095167
1,-1,2,0.4,0.35,-1,-1,0.4,0.4,0.603469,0.093423
1,-1,2,0.4,0.35,-1,-1,0.45,0.45,0.606861,0.091401
1,-1,2,0.4,0.35,-1,-1,0.5,0.5,0.613375,0.088373
1,-1,2,0.4,0.35,-1,-1,0.55,0.55,0.61723,0.086485
1,-1,2,0.4,0.35,-1,-1,0.6,0.6,0.621123,0.084935
1,-1,2,0.4,0.35,-1,-1,0.65,0.65,0.624689,0.083817
1,-1,2,0.4,0.35,-1,-1,0.7,0.7,0.628139,0.082944
1,-1,2,0.4,0.35,-1,-1,0.75,0.75,0.630606,0.082349
1,-1,2,0.4,0.35,-1,-1,0.8,0.8,0.63313,0.081713
1,-1,2,0.4,0.35,-1,-1,0.85,0.85,0.634923,0.081477
1,-1,2,0.4,0.35,-1,-1,0.9,0.9,0.636869,0.081333
1,-1,2,0.4,0.35,-1,-1,0.95,0.95,0.63872,0.081241
1,-1,2,0.4,0.35,-1,-1,1.0,1.0,0.640435,0.08121
1,-1,2,0.45,0.35,-1,-1,0.05,0.05,0.594424,0.10418
1,-1,2,0.45,0.35,-1,-1,0.1,0.1,0.594826,0.102027
1,-1,2,0.45,0.35,-1,-1,0.15,0.15,0.59583,0.09951
1,-1,2,0.45,0.35,-1,-1,0.2,0.2,0.597269,0.0968
1,-1,2,0.45,0.35,-1,-1,0.25,0.25,0.599076,0.093782
1,-1,2,0.45,0.35,-1,-1,0.3,0.3,0.601954,0.090073
1,-1,2,0.45,0.35,-1,-1,0.35,0.35,0.605669,0.086613
1,-1,2,0.45,0.35,-1,-1,0.4,0.4,0.610153,0.083346
1,-1,2,0.45,0.35,-1,-1,0.45,0.45,0.616043,0.07956
1,-1,2,0.45,0.35,-1,-1,0.5,0.5,0.627355,0.07389
1,-1,2,0.45,0.35,-1,-1,0.55,0.55,0.634048,0.070354
1,-1,2,0.45,0.35,-1,-1,0.6,0.6,0.640808,0.067452
1,-1,2,0.45,0.35,-1,-1,0.65,0.65,0.646999,0.065357
1,-1,2,0.45,0.35,-1,-1,0.7,0.7,0.65299,0.063723
1,-1,2,0.45,0.35,-1,-1,0.75,0.75,0.657273,0.062608
1,-1,2,0.45,0.35,-1,-1,0.8,0.8,0.661657,0.061417
1,-1,2,0.45,0.35,-1,-1,0.85,0.85,0.66477,0.060975
1,-1,2,0.45,0.35,-1,-1,0.9,0.9,0.66815,0.060706
1,-1,2,0.45,0.35,-1,-1,0.95,0.95,0.671363,0.060533
1,-1,2,0.45,0.35,-1,-1,1.0,1.0,0.674341,0.060475
1,-1,2,0.5,0.35,-1,-1,0.05,0.05,0.594441,0.103943
1,-1,2,0.5,0.35,-1,-1,0.1,0.1,0.59504,0.101142
1,-1,2,0.5,0.35,-1,-1,0.15,0.15,0.596538,0.097867
1,-1,2,0.5,0.35,-1,-1,0.2,0.2,0.598685,0.094341
1,-1,2,0.5,0.35,-1,-1,0.25,0.25,0.601382,0.090416
1,-1,2,0.5,0.35,-1,-1,0.3,0.3,0.605676,0.08559
1,-1,2,0.5,0.35,-1,-1,0.35,0.35,0.611219,0.081089
1,-1,2,0.5,0.35,-1,-1,0.4,0.4,0.617911,0.076839
1,-1,2,0.5,0.35,-1,-1,0.45,0.45,0.6267,0.071913
1,-1,2,0.5,0.35,-1,-1,0.5,0.5,0.643578,0.064537
1,-1,2,0.5,0.35,-1,-1,0.55,0.55,0.653565,0.059936
1,-1,2,0.5,0.35,-1,-1,0.6,0.6,0.663652,0.05616
1,-1,2,0.5,0.35,-1,-1,0.65,0.65,0.67289,0.053435
1,-1,2,0.5,0.35,-1,-1,0.7,0.7,0.681829,0.05131
1,-1,2,0.5,0.35,-1,-1,0.75,0.75,0.688221,0.049859
1,-1,2,0.5,0.35,-1,-1,0.8,0.8,0.694762,0.048309
1,-1,2,0.5,0.35,-1,-1,0.85,0.85,0.699406,0.047734
1,-1,2,0.5,0.35,-1,-1,0.9,0.9,0.70445,0.047384
1,-1,2,0.5,0.35,-1,-1,0.95,0.95,0.709244,0.047159
1,-1,2,0.5,0.35,-1,-1,1.0,1.0,0.713688,0.047084
1,-1,2,0.55,0.35,-1,-1,0.05,0.05,0.594453,0.103729
1,-1,2,0.55,0.35,-1,-1,0.1,0.1,0.5952,0.100343
1,-1,2,0.55,0.35,-1,-1,0.15,0.15,0.597066,0.096383
1,-1,2,0.55,0.35,-1,-1,0.2,0.2,0.59974,0.092121
1,-1,2,0.55,0.35,-1,-1,0.25,0.25,0.603099,0.087375
1,-1,2,0.55,0.35,-1,-1,0.3,0.3,0.608448,0.081541
1,-1,2,0.55,0.35,-1,-1,0.35,0.35,0.615353,0.0761
1,-1,2,0.55,0.35,-1,-1,0.4,0.4,0.623688,0.070961
1,-1,2,0.55,0.35,-1,-1,0.45,0.45,0.634635,0.065006
1,-1,2,0.55,0.35,-1,-1,0.5,0.5,0.655659,0.056089
1,-1,2,0.55,0.35,-1,-1,0.55,0.55,0.668099,0.050526
1,-1,2,0.55,0.35,-1,-1,0.6,0.6,0.680664,0.045962
1,-1,2,0.55,0.35,-1,-1,0.65,0.65,0.692171,0.042667
1,-1,2,0.55,0.35,-1,-1,0.7,0.7,0.703305,0.040098
1,-1,2,0.55,0.35,-1,-1,0.75,0.75,0.711267,0.038344
1,-1,2,0.55,0.35,-1,-1,0.8,0.8,0.719415,0.03647
1,-1,2,0.55,0.35,-1,-1,0.85,0.85,0.7252,0.035775
1,-1,2,0.55,0.35,-1,-1,0.9,0.9,0.731482,0.035352
1,-1,2,0.55,0.35,-1,-1,0.95,0.95,0.737453,0.03508
1,-1,2,0.55,0.35,-1,-1,1.0,1.0,0.742989,0.034989
1,-1,2,0.6,0.35,-1,-1,0.05,0.05,0.594466,0.103606
1,-1,2,0.6,0.35,-1,-1,0.1,0.1,0.595366,0.099886
1,-1,2,0.6,0.35,-1,-1,0.15,0.15,0.597616,0.095535
1,-1,2,0.6,0.35,-1,-1,0.2,0.2,0.60084,0.090852
1,-1,2,0.6,0.35,-1,-1,0.25,0.25,0.60489,0.085638
1,-1,2,0.6,0.35,-1,-1,0.3,0.3,0.611339,0.079227
1,-1,2,0.6,0.35,-1,-1,0.35,0.35,0.619663,0.073249
1,-1,2,0.6,0.35,-1,-1,0.4,0.4,0.629712,0.067602
1,-1,2,0.6,0.35,-1,-1,0.45,0.45,0.64291,0.061059
1,-1,2,0.6,0.35,-1,-1,0.5,0.5,0.668257,0.051261
1,-1,2,0.6,0.35,-1,-1,0.55,0.55,0.683256,0.04515
1,-1,2,0.6,0.35,-1,-1,0.6,0.6,0.698404,0.040135
1,-1,2,0.6,0.35,-1,-1,0.65,0.65,0.712277,0.036514
1,-1,2,0.6,0.35,-1,-1,0.7,0.7,0.725701,0.033691
1,-1,2,0.6,0.35,-1,-1,0.75,0.75,0.7353,0.031765
1,-1,2,0.6,0.35,-1,-1,0.8,0.8,0.745123,0.029705
1,-1,2,0.6,0.35,-1,-1,0.85,0.85,0.752098,0.028942
1,-1,2,0.6,0.35,-1,-1,0.9,0.9,0.759672,0.028477
1,-1,2,0.6,0.35,-1,-1,0.95,0.95,0.766871,0.028178
1,-1,2,0.6,0.35,-1,-1,1.0,1.0,0.773545,0.028078
1,-1,2,0.65,0.35,-1,-1,0.05,0.05,0.594478,0.103537
1,-1,2,0.65,0.35,-1,-1,0.1,0.1,0.595525,0.099629
1,-1,2,0.65,0.35,-1,-1,0.15,0.15,0.598143,0.095058
1,-1,2,0.65,0.35,-1,-1,0.2,0.2,0.601895,0.090138
1,-1,2,0.65,0.35,-1,-1,0.25,0.25,0.606607,0.08466
1,-1,2,0.65,0.35,-1,-1,0.3,0.3,0.614111,0.077926
1,-1,2,0.65,0.35,-1,-1,0.35,0.35,0.623796,0.071645
1,-1,2,0.65,0.35,-1,-1,0.4,0.4,0.635489,0.065713
1,-1,2,0.65,0.35,-1,-1,0.45,0.45,0.650846,0.058839
1,-1,2,0.65,0.35,-1,-1,0.5,0.5,0.680338,0.048546
1,-1,2,0.65,0.35,-1,-1,0.55,0.55,0.697789,0.042125
1,-1,2,0.65,0.35,-1,-1,0.6,0.6,0.715415,0.036856
1,-1,2,0.65,0.35,-1,-1,0.65,0.65,0.731558,0.033053
1,-1,2,0.65,0.35,-1,-1,0.7,0.7,0.747177,0.030087
1,-1,2,0.65,0.35,-1,-1,0.75,0.75,0.758345,0.028063
1,-1,2,0.65,0.35,-1,-1,0.8,0.8,0.769776,0.0259
1,-1,2,0.65,0.35,-1,-1,0.85,0.85,0.777891,0.025097
1,-1,2,0.65,0.35,-1,-1,0.9,0.9,0.786704,0.024609
1,-1,2,0.65,0.35,-1,-1,0.95,0.95,0.79508,0.024295
1,-1,2,0.65,0.35,-1,-1,1.0,1.0,0.802846,0.02419
1,-1,2,0.7,0.35,-1,-1,0.05,0.05,0.594487,0.103423
1,-1,2,0.7,0.35,-1,-1,0.1,0.1,0.595639,0.099201
1,-1,2,0.7,0.35,-1,-1,0.15,0.15,0.59852,0.094263
1,-1,2,0.7,0.35,-1,-1,0.2,0.2,0.602648,0.088949
1,-1,2,0.7,0.35,-1,-1,0.25,0.25,0.607833,0.083031
1,-1,2,0.7,0.35,-1,-1,0.3,0.3,0.616091,0.075757
1,-1,2,0.7,0.35,-1,-1,0.35,0.35,0.626749,0.068972
1,-1,2,0.7,0.35,-1,-1,0.4,0.4,0.639615,0.062565
1,-1,2,0.7,0.35,-1,-1,0.45,0.45,0.656514,0.055139
1,-1,2,0.7,0.35,-1,-1,0.5,0.5,0.688968,0.04402
1,-1,2,0.7,0.35,-1,-1,0.55,0.55,0.708171,0.037085
1,-1,2,0.7,0.35,-1,-1,0.6,0.6,0.727567,0.031393
1,-1,2,0.7,0.35,-1,-1,0.65,0.65,0.74533,0.027285
1,-1,2,0.7,0.35,-1,-1,0.7,0.7,0.762517,0.024081
1,-1,2,0.7,0.35,-1,-1,0.75,0.75,0.774807,0.021895
1,-1,2,0.7,0.35,-1,-1,0.8,0.8,0.787385,0.019558
1,-1,2,0.7,0.35,-1,-1,0.85,0.85,0.796315,0.018691
1,-1,2,0.7,0.35,-1,-1,0.9,0.9,0.806013,0.018163
1,-1,2,0.7,0.35,-1,-1,0.95,0.95,0.81523,0.017824
1,-1,2,0.7,0.35,-1,-1,1.0,1.0,0.823776,0.017711
1,-1,2,0.75,0.35,-1,-1,0.05,0.05,0.594497,0.103354
1,-1,2,0.75,0.35,-1,-1,0.1,0.1,0.595774,0.098944
1,-1,2,0.75,0.35,-1,-1,0.15,0.15,0.598964,0.093787
1,-1,2,0.75,0.35,-1,-1,0.2,0.2,0.603537,0.088235
1,-1,2,0.75,0.35,-1,-1,0.25,0.25,0.609281,0.082054
1,-1,2,0.75,0.35,-1,-1,0.3,0.3,0.618427,0.074455
1,-1,2,0.75,0.35,-1,-1,0.35,0.35,0.630232,0.067368
1,-1,2,0.75,0.35,-1,-1,0.4,0.4,0.644484,0.060675
1,-1,2,0.75,0.35,-1,-1,0.45,0.45,0.663202,0.052919
1,-1,2,0.75,0.35,-1,-1,0.5,0.5,0.69915,0.041304
1,-1,2,0.75,0.35,-1,-1,0.55,0.55,0.720421,0.03406
1,-1,2,0.75,0.35,-1,-1,0.6,0.6,0.741905,0.028115
1,-1,2,0.75,0.35,-1,-1,0.65,0.65,0.76158,0.023823
1,-1,2,0.75,0.35,-1,-1,0.7,0.7,0.780618,0.020477
1,-1,2,0.75,0.35,-1,-1,0.75,0.75,0.794231,0.018193
1,-1,2,0.75,0.35,-1,-1,0.8,0.8,0.808164,0.015752
1,-1,2,0.75,0.35,-1,-1,0.85,0.85,0.818055,0.014847
1,-1,2,0.75,0.35,-1,-1,0.9,0.9,0.828796,0.014295
1,-1,2,0.75,0.35,-1,-1,0.95,0.95,0.839006,0.013941
1,-1,2,0.75,0.35,-1,-1,1.0,1.0,0.848472,0.013823
1,-1,2,0.8,0.35,-1,-1,0.05,0.05,0.594504,0.103231
1,-1,2,0.8,0.35,-1,-1,0.1,0.1,0.595865,0.098487
1,-1,2,0.8,0.35,-1,-1,0.15,0.15,0.599266,0.092939
1,-1,2,0.8,0.35,-1,-1,0.2,0.2,0.60414,0.086966
1,-1,2,0.8,0.35,-1,-1,0.25,0.25,0.610262,0.080316
1,-1,2,0.8,0.35,-1,-1,0.3,0.3,0.620011,0.072141
1,-1,2,0.8,0.35,-1,-1,0.35,0.35,0.632594,0.064517
1,-1,2,0.8,0.35,-1,-1,0.4,0.4,0.647785,0.057316
1,-1,2,0.8,0.35,-1,-1,0.45,0.45,0.667737,0.048972
1,-1,2,0.8,0.35,-1,-1,0.5,0.5,0.706054,0.036476
1,-1,2,0.8,0.35,-1,-1,0.55,0.55,0.728726,0.028683
1,-1,2,0.8,0.35,-1,-1,0.6,0.6,0.751626,0.022287
1,-1,2,0.8,0.35,-1,-1,0.65,0.65,0.772598,0.01767
1,-1,2,0.8,0.35,-1,-1,0.7,0.7,0.79289,0.014069
1,-1,2,0.8,0.35,-1,-1,0.75,0.75,0.807401,0.011613
1,-1,2,0.8,0.35,-1,-1,0.8,0.8,0.822251,0.008986
1,-1,2,0.8,0.35,-1,-1,0.85,0.85,0.832794,0.008012
1,-1,2,0.8,0.35,-1,-1,0.9,0.9,0.844244,0.007419
1,-1,2,0.8,0.35,-1,-1,0.95,0.95,0.855127,0.007038
1,-1,2,0.8,0.35,-1,-1,1.0,1.0,0.865216,0.006911
1,-1,2,0.85,0.35,-1,-1,0.05,0.05,0.594514,0.103178
1,-1,2,0.85,0.35,-1,-1,0.1,0.1,0.595983,0.098288
1,-1,2,0.85,0.35,-1,-1,0.15,0.15,0.599657,0.092568
1,-1,2,0.85,0.35,-1,-1,0.2,0.2,0.604924,0.086411
1,-1,2,0.85,0.35,-1,-1,0.25,0.25,0.611537,0.079556
1,-1,2,0.85,0.35,-1,-1,0.3,0.3,0.62207,0.071129
1,-1,2,0.85,0.35,-1,-1,0.35,0.35,0.635665,0.06327
1,-1,2,0.85,0.35,-1,-1,0.4,0.4,0.652076,0.055847
1,-1,2,0.85,0.35,-1,-1,0.45,0.45,0.673632,0.047245
1,-1,2,0.85,0.35,-1,-1,0.5,0.5,0.715028,0.034365
1,-1,2,0.85,0.35,-1,-1,0.55,0.55,0.739523,0.026331
1,-1,2,0.85,0.35,-1,-1,0.6,0.6,0.764263,0.019738
1,-1,2,0.85,0.35,-1,-1,0.65,0.65,0.786921,0.014978
1,-1,2,0.85,0.35,-1,-1,0.7,0.7,0.808844,0.011267
1,-1,2,0.85,0.35,-1,-1,0.75,0.75,0.82452,0.008735
1,-1,2,0.85,0.35,-1,-1,0.8,0.8,0.840564,0.006027
1,-1,2,0.85,0.35,-1,-1,0.85,0.85,0.851954,0.005023
1,-1,2,0.85,0.35,-1,-1,0.9,0.9,0.864324,0.004412
1,-1,2,0.85,0.35,-1,-1,0.95,0.95,0.876082,0.004019
1,-1,2,0.85,0.35,-1,-1,1.0,1.0,0.886982,0.003888
1,-1,2,0.9,0.35,-1,-1,0.05,0.05,0.594522,0.103147
1,-1,2,0.9,0.35,-1,-1,0.1,0.1,0.59609,0.098173
1,-1,2,0.9,0.35,-1,-1,0.15,0.15,0.600011,0.092356
1,-1,2,0.9,0.35,-1,-1,0.2,0.2,0.605632,0.086094
1,-1,2,0.9,0.35,-1,-1,0.25,0.25,0.61269,0.079122
1,-1,2,0.9,0.35,-1,-1,0.3,0.3,0.623931,0.070551
1,-1,2,0.9,0.35,-1,-1,0.35,0.35,0.63844,0.062557
1,-1,2,0.9,0.35,-1,-1,0.4,0.4,0.655955,0.055007
1,-1,2,0.9,0.35,-1,-1,0.45,0.45,0.67896,0.046259
1,-1,2,0.9,0.35,-1,-1,0.5,0.5,0.72314,0.033158
1,-1,2,0.9,0.35,-1,-1,0.55,0.55,0.749282,0.024986
1,-1,2,0.9,0.35,-1,-1,0.6,0.6,0.775685,0.018281
1,-1,2,0.9,0.35,-1,-1,0.65,0.65,0.799866,0.01344
1,-1,2,0.9,0.35,-1,-1,0.7,0.7,0.823263,0.009665
1,-1,2,0.9,0.35,-1,-1,0.75,0.75,0.839994,0.007089
1,-1,2,0.9,0.35,-1,-1,0.8,0.8,0.857117,0.004336
1,-1,2,0.9,0.35,-1,-1,0.85,0.85,0.869273,0.003315
1,-1,2,0.9,0.35,-1,-1,0.9,0.9,0.882475,0.002693
1,-1,2,0.9,0.35,-1,-1,0.95,0.95,0.895023,0.002293
1,-1,2,0.9,0.35,-1,-1,1.0,1.0,0.906656,0.00216
1,-1,2,0.95,0.35,-1,-1,0.05,0.05,0.594534,0.103117
1,-1,2,0.95,0.35,-1,-1,0.1,0.1,0.596248,0.098059
1,-1,2,0.95,0.35,-1,-1,0.15,0.15,0.600531,0.092144
1,-1,2,0.95,0.35,-1,-1,0.2,0.2,0.606672,0.085777
1,-1,2,0.95,0.35,-1,-1,0.25,0.25,0.614383,0.078687
1,-1,2,0.95,0.35,-1,-1,0.3,0.3,0.626664,0.069972
1,-1,2,0.95,0.35,-1,-1,0.35,0.35,0.642514,0.061844
1,-1,2,0.95,0.35,-1,-1,0.4,0.4,0.661649,0.054168
1,-1,2,0.95,0.35,-1,-1,0.45,0.45,0.686782,0.045272
1,-1,2,0.95,0.35,-1,-1,0.5,0.5,0.735048,0.031951
1,-1,2,0.95,0.35,-1,-1,0.55,0.55,0.763608,0.023642
1,-1,2,0.95,0.35,-1,-1,0.6,0.6,0.792453,0.016824
1,-1,2,0.95,0.35,-1,-1,0.65,0.65,0.818871,0.011902
1,-1,2,0.95,0.35,-1,-1,0.7,0.7,0.844432,0.008063
1,-1,2,0.95,0.35,-1,-1,0.75,0.75,0.862711,0.005444
1,-1,2,0.95,0.35,-1,-1,0.8,0.8,0.881417,0.002645
1,-1,2,0.95,0.35,-1,-1,0.85,0.85,0.894698,0.001606
1,-1,2,0.95,0.35,-1,-1,0.9,0.9,0.90912,0.000974
1,-1,2,0.95,0.35,-1,-1,0.95,0.95,0.922829,0.000567
1,-1,2,0.95,0.35,-1,-1,1.0,1.0,0.935538,0.000432
1,-1,2,1.0,0.35,-1,-1,0.05,0.05,0.594561,0.103109
1,-1,2,1.0,0.35,-1,-1,0.1,0.1,0.596598,0.098031
1,-1,2,1.0,0.35,-1,-1,0.15,0.15,0.601692,0.092091
1,-1,2,1.0,0.35,-1,-1,0.2,0.2,0.608992,0.085697
1,-1,2,1.0,0.35,-1,-1,0.25,0.25,0.61816,0.078579
1,-1,2,1.0,0.35,-1,-1,0.3,0.3,0.632762,0.069828
1,-1,2,1.0,0.35,-1,-1,0.35,0.35,0.651607,0.061666
1,-1,2,1.0,0.35,-1,-1,0.4,0.4,0.674358,0.053958
1,-1,2,1.0,0.35,-1,-1,0.45,0.45,0.70424,0.045025
1,-1,2,1.0,0.35,-1,-1,0.5,0.5,0.761626,0.031649
1,-1,2,1.0,0.35,-1,-1,0.55,0.55,0.795582,0.023306
1,-1,2,1.0,0.35,-1,-1,0.6,0.6,0.829879,0.016459
1,-1,2,1.0,0.35,-1,-1,0.65,0.65,0.861288,0.011517
1,-1,2,1.0,0.35,-1,-1,0.7,0.7,0.891679,0.007663
1,-1,2,1.0,0.35,-1,-1,0.75,0.75,0.913411,0.005033
1,-1,2,1.0,0.35,-1,-1,0.8,0.8,0.935653,0.002222
1,-1,2,1.0,0.35,-1,-1,0.85,0.85,0.951443,0.001179
1,-1,2,1.0,0.35,-1,-1,0.9,0.9,0.96859,0.000544
1,-1,2,1.0,0.35,-1,-1,0.95,0.95,0.984889,0.000136
1,-1,2,1.0,0.35,-1,-1,1.0,1.0,1.0,0.0
1,-1,2,0.4,0.4,-1,-1,0.05,0.05,0.640435,0.08121
1,-1,2,0.4,0.4,-1,-1,0.1,0.1,0.640435,0.08121
1,-1,2,0.4,0.4,-1,-1,0.15,0.15,0.640435,0.08121
1,-1,2,0.4,0.4,-1,-1,0.2,0.2,0.640435,0.08121
1,-1,2,0.4,0.4,-1,-1,0.25,0.25,0.640435,0.08121
1,-1,2,0.4,0.4,-1,-1,0.3,0.3,0.640435,0.08121
1,-1,2,0.4,0.4,-1,-1,0.35,0.35,0.640435,0.08121
1,-1,2,0.4,0.4,-1,-1,0.4,0.4,0.640435,0.08121
1,-1,2,0.4,0.4,-1,-1,0.45,0.45,0.640435,0.08121
1,-1,2,0.4,0.4,-1,-1,0.5,0.5,0.640435,0.08121
1,-1,2,0.4,0.4,-1,-1,0.55,0.55,0.640435,0.08121
1,-1,2,0.4,0.4,-1,-1,0.6,0.6,0.640435,0.08121
1,-1,2,0.4,0.4,-1,-1,0.65,0.65,0.640435,0.08121
1,-1,2,0.4,0.4,-1,-1,0.7,0.7,0.640435,0.08121
1,-1,2,0.4,0.4,-1,-1,0.75,0.75,0.640435,0.08121
1,-1,2,0.4,0.4,-1,-1,0.8,0.8,0.640435,0.08121
1,-1,2,0.4,0.4,-1,-1,0.85,0.85,0.640435,0.08121
1,-1,2,0.4,0.4,-1,-1,0.9,0.9,0.640435,0.08121
1,-1,2,0.4,0.4,-1,-1,0.95,0.95,0.640435,0.08121
1,-1,2,0.4,0.4,-1,-1,1.0,1.0,0.640435,0.08121
1,-1,2,0.45,0.4,-1,-1,0.05,0.05,0.640449,0.080843
1,-1,2,0.45,0.4,-1,-1,0.1,0.1,0.64062,0.07984
1,-1,2,0.45,0.4,-1,-1,0.15,0.15,0.641045,0.078666
1,-1,2,0.45,0.4,-1,-1,0.2,0.2,0.641656,0.077403
1,-1,2,0.45,0.4,-1,-1,0.25,0.25,0.642422,0.075997
1,-1,2,0.45,0.4,-1,-1,0.3,0.3,0.643643,0.074268
1,-1,2,0.45,0.4,-1,-1,0.35,0.35,0.645218,0.072656
1,-1,2,0.45,0.4,-1,-1,0.4,0.4,0.64712,0.071134
1,-1,2,0.45,0.4,-1,-1,0.45,0.45,0.649618,0.069369
1,-1,2,0.45,0.4,-1,-1,0.5,0.5,0.654415,0.066727
1,-1,2,0.45,0.4,-1,-1,0.55,0.55,0.657253,0.065079
1,-1,2,0.45,0.4,-1,-1,0.6,0.6,0.66012,0.063726
1,-1,2,0.45,0.4,-1,-1,0.65,0.65,0.662746,0.06275
1,-1,2,0.45,0.4,-1,-1,0.7,0.7,0.665286,0.061989
1,-1,2,0.45,0.4,-1,-1,0.75,0.75,0.667103,0.061469
1,-1,2,0.45,0.4,-1,-1,0.8,0.8,0.668962,0.060914
1,-1,2,0.45,0.4,-1,-1,0.85,0.85,0.670282,0.060708
1,-1,2,0.45,0.4,-1,-1,0.9,0.9,0.671715,0.060582
1,-1,2,0.45,0.4,-1,-1,0.95,0.95,0.673078,0.060502
1,-1,2,0.45,0.4,-1,-1,1.0,1.0,0.674341,0.060475
1,-1,2,0.5,0.4,-1,-1,0.05,0.05,0.640466,0.080606
1,-1,2,0.5,0.4,-1,-1,0.1,0.1,0.640834,0.078955
1,-1,2,0.5,0.4,-1,-1,0.15,0.15,0.641753,0.077023
1,-1,2,0.5,0.4,-1,-1,0.2,0.2,0.643072,0.074945
1,-1,2,0.5,0.4,-1,-1,0.25,0.25,0.644728,0.072631
1,-1,2,0.5,0.4,-1,-1,0.3,0.3,0.647365,0.069786
1,-1,2,0.5,0.4,-1,-1,0.35,0.35,0.650768,0.067132
1,-1,2,0.5,0.4,-1,-1,0.4,0.4,0.654877,0.064626
1,-1,2,0.5,0.4,-1,-1,0.45,0.45,0.660274,0.061722
1,-1,2,0.5,0.4,-1,-1,0.5,0.5,0.670638,0.057373
1,-1,2,0.5,0.4,-1,-1,0.55,0.55,0.67677,0.054661
1,-1,2,0.5,0.4,-1,-1,0.6,0.6,0.682964,0.052435
1,-1,2,0.5,0.4,-1,-1,0.65,0.65,0.688637,0.050828
1,-1,2,0.5,0.4,-1,-1,0.7,0.7,0.694125,0.049575
1,-1,2,0.5,0.4,-1,-1,0.75,0.75,0.69805,0.04872
1,-1,2,0.5,0.4,-1,-1,0.8,0.8,0.702067,0.047806
1,-1,2,0.5,0.4,-1,-1,0.85,0.85,0.704919,0.047467
1,-1,2,0.5,0.4,-1,-1,0.9,0.9,0.708015,0.047261
1,-1,2,0.5,0.4,-1,-1,0.95,0.95,0.710959,0.047128
1,-1,2,0.5,0.4,-1,-1,1.0,1.0,0.713688,0.047084
1,-1,2,0.55,0.4,-1,-1,0.05,0.05,0.640478,0.080391
1,-1,2,0.55,0.4,-1,-1,0.1,0.1,0.640993,0.078155
1,-1,2,0.55,0.4,-1,-1,0.15,0.15,0.642281,0.07554
1,-1,2,0.55,0.4,-1,-1,0.2,0.2,0.644127,0.072725
1,-1,2,0.55,0.4,-1,-1,0.25,0.25,0.646445,0.06959
1,-1,2,0.55,0.4,-1,-1,0.3,0.3,0.650137,0.065736
1,-1,2,0.55,0.4,-1,-1,0.35,0.35,0.654902,0.062143
1,-1,2,0.55,0.4,-1,-1,0.4,0.4,0.660654,0.058748
1,-1,2,0.55,0.4,-1,-1,0.45,0.45,0.668209,0.054815
1,-1,2,0.55,0.4,-1,-1,0.5,0.5,0.682719,0.048925
1,-1,2,0.55,0.4,-1,-1,0.55,0.55,0.691304,0.045251
1,-1,2,0.55,0.4,-1,-1,0.6,0.6,0.699976,0.042237
1,-1,2,0.55,0.4,-1,-1,0.65,0.65,0.707917,0.04006
1,-1,2,0.55,0.4,-1,-1,0.7,0.7,0.715601,0.038363
1,-1,2,0.55,0.4,-1,-1,0.75,0.75,0.721096,0.037205
1,-1,2,0.55,0.4,-1,-1,0.8,0.8,0.726719,0.035967
1,-1,2,0.55,0.4,-1,-1,0.85,0.85,0.730712,0.035508
1,-1,2,0.55,0.4,-1,-1,0.9,0.9,0.735047,0.035229
1,-1,2,0.55,0.4,-1,-1,0.95,0.95,0.739168,0.035049
1,-1,2,0.55,0.4,-1,-1,1.0,1.0,0.742989,0.034989
1,-1,2,0.6,0.4,-1,-1,0.05,0.05,0.640491,0.080269
1,-1,2,0.6,0.4,-1,-1,0.1,0.1,0.641159,0.077698
1,-1,2,0.6,0.4,-1,-1,0.15,0.15,0.642831,0.074692
1,-1,2,0.6,0.4,-1,-1,0.2,0.2,0.645227,0.071456
1,-1,2,0.6,0.4,-1,-1,0.25,0.25,0.648236,0.067852
1,-1,2,0.6,0.4,-1,-1,0.3,0.3,0.653027,0.063423
1,-1,2,0.6,0.4,-1,-1,0.35,0.35,0.659212,0.059292
1,-1,2,0.6,0.4,-1,-1,0.4,0.4,0.666678,0.05539
1,-1,2,0.6,0.4,-1,-1,0.45,0.45,0.676485,0.050869
1,-1,2,0.6,0.4,-1,-1,0.5,0.5,0.695317,0.044098
1,-1,2,0.6,0.4,-1,-1,0.55,0.55,0.706461,0.039875
1,-1,2,0.6,0.4,-1,-1,0.6,0.6,0.717716,0.036409
1,-1,2,0.6,0.4,-1,-1,0.65,0.65,0.728024,0.033908
1,-1,2,0.6,0.4,-1,-1,0.7,0.7,0.737997,0.031957
1,-1,2,0.6,0.4,-1,-1,0.75,0.75,0.745129,0.030626
1,-1,2,0.6,0.4,-1,-1,0.8,0.8,0.752428,0.029203
1,-1,2,0.6,0.4,-1,-1,0.85,0.85,0.75761,0.028675
1,-1,2,0.6,0.4,-1,-1,0.9,0.9,0.763237,0.028353
1,-1,2,0.6,0.4,-1,-1,0.95,0.95,0.768586,0.028147
1,-1,2,0.6,0.4,-1,-1,1.0,1.0,0.773545,0.028078
1,-1,2,0.65,0.4,-1,-1,0.05,0.05,0.640503,0.0802
1,-1,2,0.65,0.4,-1,-1,0.1,0.1,0.641319,0.077441
1,-1,2,0.65,0.4,-1,-1,0.15,0.15,0.643358,0.074215
1,-1,2,0.65,0.4,-1,-1,0.2,0.2,0.646281,0.070742
1,-1,2,0.65,0.4,-1,-1,0.25,0.25,0.649953,0.066875
1,-1,2,0.65,0.4,-1,-1,0.3,0.3,0.655799,0.062121
1,-1,2,0.65,0.4,-1,-1,0.35,0.35,0.663345,0.057688
1,-1,2,0.65,0.4,-1,-1,0.4,0.4,0.672455,0.053501
1,-1,2,0.65,0.4,-1,-1,0.45,0.45,0.68442,0.048648
1,-1,2,0.65,0.4,-1,-1,0.5,0.5,0.707398,0.041382
1,-1,2,0.65,0.4,-1,-1,0.55,0.55,0.720995,0.03685
1,-1,2,0.65,0.4,-1,-1,0.6,0.6,0.734727,0.033131
1,-1,2,0.65,0.4,-1,-1,0.65,0.65,0.747304,0.030446
1,-1,2,0.65,0.4,-1,-1,0.7,0.7,0.759473,0.028353
1,-1,2,0.65,0.4,-1,-1,0.75,0.75,0.768175,0.026924
1,-1,2,0.65,0.4,-1,-1,0.8,0.8,0.77708,0.025397
1,-1,2,0.65,0.4,-1,-1,0.85,0.85,0.783403,0.02483
1,-1,2,0.65,0.4,-1,-1,0.9,0.9,0.790269,0.024486
1,-1,2,0.65,0.4,-1,-1,0.95,0.95,0.796796,0.024264
1,-1,2,0.65,0.4,-1,-1,1.0,1.0,0.802846,0.02419
1,-1,2,0.7,0.4,-1,-1,0.05,0.05,0.640512,0.080085
1,-1,2,0.7,0.4,-1,-1,0.1,0.1,0.641433,0.077013
1,-1,2,0.7,0.4,-1,-1,0.15,0.15,0.643735,0.07342
1,-1,2,0.7,0.4,-1,-1,0.2,0.2,0.647035,0.069553
1,-1,2,0.7,0.4,-1,-1,0.25,0.25,0.651179,0.065246
1,-1,2,0.7,0.4,-1,-1,0.3,0.3,0.657779,0.059952
1,-1,2,0.7,0.4,-1,-1,0.35,0.35,0.666298,0.055015
1,-1,2,0.7,0.4,-1,-1,0.4,0.4,0.676581,0.050352
1,-1,2,0.7,0.4,-1,-1,0.45,0.45,0.690088,0.044948
1,-1,2,0.7,0.4,-1,-1,0.5,0.5,0.716028,0.036857
1,-1,2,0.7,0.4,-1,-1,0.55,0.55,0.731376,0.03181
1,-1,2,0.7,0.4,-1,-1,0.6,0.6,0.746879,0.027668
1,-1,2,0.7,0.4,-1,-1,0.65,0.65,0.761076,0.024678
1,-1,2,0.7,0.4,-1,-1,0.7,0.7,0.774814,0.022347
1,-1,2,0.7,0.4,-1,-1,0.75,0.75,0.784637,0.020756
1,-1,2,0.7,0.4,-1,-1,0.8,0.8,0.79469,0.019055
1,-1,2,0.7,0.4,-1,-1,0.85,0.85,0.801827,0.018424
1,-1,2,0.7,0.4,-1,-1,0.9,0.9,0.809578,0.01804
1,-1,2,0.7,0.4,-1,-1,0.95,0.95,0.816946,0.017793
1,-1,2,0.7,0.4,-1,-1,1.0,1.0,0.823776,0.017711
1,-1,2,0.75,0.4,-1,-1,0.05,0.05,0.640522,0.080017
1,-1,2,0.75,0.4,-1,-1,0.1,0.1,0.641567,0.076756
1,-1,2,0.75,0.4,-1,-1,0.15,0.15,0.644179,0.072943
1,-1,2,0.75,0.4,-1,-1,0.2,0.2,0.647924,0.068839
1,-1,2,0.75,0.4,-1,-1,0.25,0.25,0.652626,0.064269
1,-1,2,0.75,0.4,-1,-1,0.3,0.3,0.660115,0.058651
1,-1,2,0.75,0.4,-1,-1,0.35,0.35,0.669781,0.053411
1,-1,2,0.75,0.4,-1,-1,0.4,0.4,0.68145,0.048463
1,-1,2,0.75,0.4,-1,-1,0.45,0.45,0.696777,0.042728
1,-1,2,0.75,0.4,-1,-1,0.5,0.5,0.72621,0.034141
1,-1,2,0.75,0.4,-1,-1,0.55,0.55,0.743626,0.028785
1,-1,2,0.75,0.4,-1,-1,0.6,0.6,0.761217,0.024389
1,-1,2,0.75,0.4,-1,-1,0.65,0.65,0.777327,0.021217
1,-1,2,0.75,0.4,-1,-1,0.7,0.7,0.792914,0.018742
1,-1,2,0.75,0.4,-1,-1,0.75,0.75,0.804061,0.017054
1,-1,2,0.75,0.4,-1,-1,0.8,0.8,0.815468,0.015249
1,-1,2,0.75,0.4,-1,-1,0.85,0.85,0.823567,0.01458
1,-1,2,0.75,0.4,-1,-1,0.9,0.9,0.832362,0.014172
1,-1,2,0.75,0.4,-1,-1,0.95,0.95,0.840722,0.01391
1,-1,2,0.75,0.4,-1,-1,1.0,1.0,0.848472,0.013823
1,-1,2,0.8,0.4,-1,-1,0.05,0.05,0.640529,0.079894
1,-1,2,0.8,0.4,-1,-1,0.1,0.1,0.641658,0.0763
1,-1,2,0.8,0.4,-1,-1,0.15,0.15,0.644481,0.072095
1,-1,2,0.8,0.4,-1,-1,0.2,0.2,0.648527,0.06757
1,-1,2,0.8,0.4,-1,-1,0.25,0.25,0.653608,0.062531
1,-1,2,0.8,0.4,-1,-1,0.3,0.3,0.661699,0.056337
1,-1,2,0.8,0.4,-1,-1,0.35,0.35,0.672143,0.05056
1,-1,2,0.8,0.4,-1,-1,0.4,0.4,0.684751,0.045104
1,-1,2,0.8,0.4,-1,-1,0.45,0.45,0.701311,0.038781
1,-1,2,0.8,0.4,-1,-1,0.5,0.5,0.733114,0.029313
1,-1,2,0.8,0.4,-1,-1,0.55,0.55,0.751932,0.023408
1,-1,2,0.8,0.4,-1,-1,0.6,0.6,0.770938,0.018561
1,-1,2,0.8,0.4,-1,-1,0.65,0.65,0.788344,0.015063
1,-1,2,0.8,0.4,-1,-1,0.7,0.7,0.805187,0.012335
1,-1,2,0.8,0.4,-1,-1,0.75,0.75,0.81723,0.010473
1,-1,2,0.8,0.4,-1,-1,0.8,0.8,0.829556,0.008484
1,-1,2,0.8,0.4,-1,-1,0.85,0.85,0.838306,0.007745
1,-1,2,0.8,0.4,-1,-1,0.9,0.9,0.847809,0.007296
1,-1,2,0.8,0.4,-1,-1,0.95,0.95,0.856842,0.007007
1,-1,2,0.8,0.4,-1,-1,1.0,1.0,0.865216,0.006911
1,-1,2,0.85,0.4,-1,-1,0.05,0.05,0.640538,0.079841
1,-1,2,0.85,0.4,-1,-1,0.1,0.1,0.641777,0.0761
1,-1,2,0.85,0.4,-1,-1,0.15,0.15,0.644873,0.071724
1,-1,2,0.85,0.4,-1,-1,0.2,0.2,0.64931,0.067015
1,-1,2,0.85,0.4,-1,-1,0.25,0.25,0.654883,0.061771
1,-1,2,0.85,0.4,-1,-1,0.3,0.3,0.663758,0.055325
1,-1,2,0.85,0.4,-1,-1,0.35,0.35,0.675214,0.049313
1,-1,2,0.85,0.4,-1,-1,0.4,0.4,0.689043,0.043635
1,-1,2,0.85,0.4,-1,-1,0.45,0.45,0.707206,0.037055
1,-1,2,0.85,0.4,-1,-1,0.5,0.5,0.742088,0.027202
1,-1,2,0.85,0.4,-1,-1,0.55,0.55,0.762728,0.021056
1,-1,2,0.85,0.4,-1,-1,0.6,0.6,0.783575,0.016012
1,-1,2,0.85,0.4,-1,-1,0.65,0.65,0.802667,0.012372
1,-1,2,0.85,0.4,-1,-1,0.7,0.7,0.82114,0.009533
1,-1,2,0.85,0.4,-1,-1,0.75,0.75,0.83435,0.007595
1,-1,2,0.85,0.4,-1,-1,0.8,0.8,0.847869,0.005525
1,-1,2,0.85,0.4,-1,-1,0.85,0.85,0.857467,0.004756
1,-1,2,0.85,0.4,-1,-1,0.9,0.9,0.86789,0.004289
1,-1,2,0.85,0.4,-1,-1,0.95,0.95,0.877797,0.003988
1,-1,2,0.85,0.4,-1,-1,1.0,1.0,0.886982,0.003888
1,-1,2,0.9,0.4,-1,-1,0.05,0.05,0.640547,0.07981
1,-1,2,0.9,0.4,-1,-1,0.1,0.1,0.641884,0.075986
1,-1,2,0.9,0.4,-1,-1,0.15,0.15,0.645227,0.071512
1,-1,2,0.9,0.4,-1,-1,0.2,0.2,0.650018,0.066698
1,-1,2,0.9,0.4,-1,-1,0.25,0.25,0.656036,0.061337
1,-1,2,0.9,0.4,-1,-1,0.3,0.3,0.66562,0.054746
1,-1,2,0.9,0.4,-1,-1,0.35,0.35,0.677989,0.0486
1,-1,2,0.9,0.4,-1,-1,0.4,0.4,0.692922,0.042795
1,-1,2,0.9,0.4,-1,-1,0.45,0.45,0.712534,0.036068
1,-1,2,0.9,0.4,-1,-1,0.5,0.5,0.7502,0.025995
1,-1,2,0.9,0.4,-1,-1,0.55,0.55,0.772487,0.019711
1,-1,2,0.9,0.4,-1,-1,0.6,0.6,0.794997,0.014555
1,-1,2,0.9,0.4,-1,-1,0.65,0.65,0.815613,0.010833
1,-1,2,0.9,0.4,-1,-1,0.7,0.7,0.83556,0.007931
1,-1,2,0.9,0.4,-1,-1,0.75,0.75,0.849824,0.00595
1,-1,2,0.9,0.4,-1,-1,0.8,0.8,0.864422,0.003833
1,-1,2,0.9,0.4,-1,-1,0.85,0.85,0.874785,0.003048
1,-1,2,0.9,0.4,-1,-1,0.9,0.9,0.88604,0.00257
1,-1,2,0.9,0.4,-1,-1,0.95,0.95,0.896738,0.002262
1,-1,2,0.9,0.4,-1,-1,1.0,1.0,0.906656,0.00216
1,-1,2,0.95,0.4,-1,-1,0.05,0.05,0.640559,0.079779
1,-1,2,0.95,0.4,-1,-1,0.1,0.1,0.642041,0.075871
1,-1,2,0.95,0.4,-1,-1,0.15,0.15,0.645747,0.0713
1,-1,2,0.95,0.4,-1,-1,0.2,0.2,0.651058,0.06638
1,-1,2,0.95,0.4,-1,-1,0.25,0.25,0.657729,0.060902
1,-1,2,0.95,0.4,-1,-1,0.3,0.3,0.668352,0.054168
1,-1,2,0.95,0.4,-1,-1,0.35,0.35,0.682063,0.047887
1,-1,2,0.95,0.4,-1,-1,0.4,0.4,0.698616,0.041955
1,-1,2,0.95,0.4,-1,-1,0.45,0.45,0.720356,0.035081
1,-1,2,0.95,0.4,-1,-1,0.5,0.5,0.762108,0.024788
1,-1,2,0.95,0.4,-1,-1,0.55,0.55,0.786813,0.018367
1,-1,2,0.95,0.4,-1,-1,0.6,0.6,0.811765,0.013098
1,-1,2,0.95,0.4,-1,-1,0.65,0.65,0.834617,0.009295
1,-1,2,0.95,0.4,-1,-1,0.7,0.7,0.856729,0.006329
1,-1,2,0.95,0.4,-1,-1,0.75,0.75,0.87254,0.004305
1,-1,2,0.95,0.4,-1,-1,0.8,0.8,0.888722,0.002142
1,-1,2,0.95,0.4,-1,-1,0.85,0.85,0.90021,0.001339
1,-1,2,0.95,0.4,-1,-1,0.9,0.9,0.912686,0.000851
1,-1,2,0.95,0.4,-1,-1,0.95,0.95,0.924544,0.000537
1,-1,2,0.95,0.4,-1,-1,1.0,1.0,0.935538,0.000432
1,-1,2,1.0,0.4,-1,-1,0.05,0.05,0.640586,0.079772
1,-1,2,1.0,0.4,-1,-1,0.1,0.1,0.642392,0.075843
1,-1,2,1.0,0.4,-1,-1,0.15,0.15,0.646907,0.071247
1,-1,2,1.0,0.4,-1,-1,0.2,0.2,0.653379,0.066301
1,-1,2,1.0,0.4,-1,-1,0.25,0.25,0.661506,0.060793
1,-1,2,1.0,0.4,-1,-1,0.3,0.3,0.67445,0.054023
1,-1,2,1.0,0.4,-1,-1,0.35,0.35,0.691156,0.047709
1,-1,2,1.0,0.4,-1,-1,0.4,0.4,0.711325,0.041745
1,-1,2,1.0,0.4,-1,-1,0.45,0.45,0.737814,0.034834
1,-1,2,1.0,0.4,-1,-1,0.5,0.5,0.788686,0.024486
1,-1,2,1.0,0.4,-1,-1,0.55,0.55,0.818788,0.018031
1,-1,2,1.0,0.4,-1,-1,0.6,0.6,0.849191,0.012734
1,-1,2,1.0,0.4,-1,-1,0.65,0.65,0.877035,0.00891
1,-1,2,1.0,0.4,-1,-1,0.7,0.7,0.903976,0.005928
1,-1,2,1.0,0.4,-1,-1,0.75,0.75,0.923241,0.003894
1,-1,2,1.0,0.4,-1,-1,0.8,0.8,0.942957,0.001719
1,-1,2,1.0,0.4,-1,-1,0.85,0.85,0.956955,0.000912
1,-1,2,1.0,0.4,-1,-1,0.9,0.9,0.972156,0.000421
1,-1,2,1.0,0.4,-1,-1,0.95,0.95,0.986605,0.000105
1,-1,2,1.0,0.4,-1,-1,1.0,1.0,1.0,0.0
1,-1,2,0.45,0.45,-1,-1,0.05,0.05,0.674341,0.060475
1,-1,2,0.45,0.45,-1,-1,0.1,0.1,0.674341,0.060475
1,-1,2,0.45,0.45,-1,-1,0.15,0.15,0.674341,0.060475
1,-1,2,0.45,0.45,-1,-1,0.2,0.2,0.674341,0.060475
1,-1,2,0.45,0.45,-1,-1,0.25,0.25,0.674341,0.060475
1,-1,2,0.45,0.45,-1,-1,0.3,0.3,0.674341,0.060475
1,-1,2,0.45,0.45,-1,-1,0.35,0.35,0.674341,0.060475
1,-1,2,0.45,0.45,-1,-1,0.4,0.4,0.674341,0.060475
1,-1,2,0.45,0.45,-1,-1,0.45,0.45,0.674341,0.060475
1,-1,2,0.45,0.45,-1,-1,0.5,0.5,0.674341,0.060475
1,-1,2,0.45,0.45,-1,-1,0.55,0.55,0.674341,0.060475
1,-1,2,0.45,0.45,-1,-1,0.6,0.6,0.674341,0.060475
1,-1,2,0.45,0.45,-1,-1,0.65,0.65,0.674341,0.060475
1,-1,2,0.45,0.45,-1,-1,0.7,0.7,0.674341,0.060475
1,-1,2,0.45,0.45,-1,-1,0.75,0.75,0.674341,0.060475
1,-1,2,0.45,0.45,-1,-1,0.8,0.8,0.674341,0.060475
1,-1,2,0.45,0.45,-1,-1,0.85,0.85,0.674341,0.060475
1,-1,2,0.45,0.45,-1,-1,0.9,0.9,0.674341,0.060475
1,-1,2,0.45,0.45,-1,-1,0.95,0.95,0.674341,0.060475
1,-1,2,0.45,0.45,-1,-1,1.0,1.0,0.674341,0.060475
1,-1,2,0.5,0.45,-1,-1,0.05,0.05,0.674357,0.060238
1,-1,2,0.5,0.45,-1,-1,0.1,0.1,0.674555,0.05959
1,-1,2,0.5,0.45,-1,-1,0.15,0.15,0.675049,0.058832
1,-1,2,0.5,0.45,-1,-1,0.2,0.2,0.675757,0.058017
1,-1,2,0.5,0.45,-1,-1,0.25,0.25,0.676647,0.057108
1,-1,2,0.5,0.45,-1,-1,0.3,0.3,0.678063,0.055992
1,-1,2,0.5,0.45,-1,-1,0.35,0.35,0.679891,0.054951
1,-1,2,0.5,0.45,-1,-1,0.4,0.4,0.682098,0.053967
1,-1,2,0.5,0.45,-1,-1,0.45,0.45,0.684997,0.052828
1,-1,2,0.5,0.45,-1,-1,0.5,0.5,0.690564,0.051122
1,-1,2,0.5,0.45,-1,-1,0.55,0.55,0.693858,0.050057
1,-1,2,0.5,0.45,-1,-1,0.6,0.6,0.697185,0.049184
1,-1,2,0.5,0.45,-1,-1,0.65,0.65,0.700232,0.048553
1,-1,2,0.5,0.45,-1,-1,0.7,0.7,0.70318,0.048062
1,-1,2,0.5,0.45,-1,-1,0.75,0.75,0.705288,0.047726
1,-1,2,0.5,0.45,-1,-1,0.8,0.8,0.707446,0.047367
1,-1,2,0.5,0.45,-1,-1,0.85,0.85,0.708978,0.047234
1,-1,2,0.5,0.45,-1,-1,0.9,0.9,0.710641,0.047153
1,-1,2,0.5,0.45,-1,-1,0.95,0.95,0.712222,0.047101
1,-1,2,0.5,0.45,-1,-1,1.0,1.0,0.713688,0.047084
1,-1,2,0.55,0.45,-1,-1,0.05,0.05,0.67437,0.060024
1,-1,2,0.55,0.45,-1,-1,0.1,0.1,0.674715,0.058791
1,-1,2,0.55,0.45,-1,-1,0.15,0.15,0.675577,0.057348
1,-1,2,0.55,0.45,-1,-1,0.2,0.2,0.676812,0.055796
1,-1,2,0.55,0.45,-1,-1,0.25,0.25,0.678364,0.054068
1,-1,2,0.55,0.45,-1,-1,0.3,0.3,0.680835,0.051943
1,-1,2,0.55,0.45,-1,-1,0.35,0.35,0.684025,0.049961
1,-1,2,0.55,0.45,-1,-1,0.4,0.4,0.687875,0.04809
1,-1,2,0.55,0.45,-1,-1,0.45,0.45,0.692933,0.045921
1,-1,2,0.55,0.45,-1,-1,0.5,0.5,0.702645,0.042673
1,-1,2,0.55,0.45,-1,-1,0.55,0.55,0.708392,0.040648
1,-1,2,0.55,0.45,-1,-1,0.6,0.6,0.714197,0.038985
1,-1,2,0.55,0.45,-1,-1,0.65,0.65,0.719512,0.037785
1,-1,2,0.55,0.45,-1,-1,0.7,0.7,0.724656,0.03685
1,-1,2,0.55,0.45,-1,-1,0.75,0.75,0.728334,0.036211
1,-1,2,0.55,0.45,-1,-1,0.8,0.8,0.732098,0.035528
1,-1,2,0.55,0.45,-1,-1,0.85,0.85,0.734771,0.035275
1,-1,2,0.55,0.45,-1,-1,0.9,0.9,0.737673,0.035121
1,-1,2,0.55,0.45,-1,-1,0.95,0.95,0.740432,0.035022
1,-1,2,0.55,0.45,-1,-1,1.0,1.0,0.742989,0.034989
1,-1,2,0.6,0.45,-1,-1,0.05,0.05,0.674383,0.059901
1,-1,2,0.6,0.45,-1,-1,0.1,0.1,0.674881,0.058334
1,-1,2,0.6,0.45,-1,-1,0.15,0.15,0.676127,0.056501
1,-1,2,0.6,0.45,-1,-1,0.2,0.2,0.677912,0.054527
1,-1,2,0.6,0.45,-1,-1,0.25,0.25,0.680155,0.05233
1,-1,2,0.6,0.45,-1,-1,0.3,0.3,0.683726,0.049629
1,-1,2,0.6,0.45,-1,-1,0.35,0.35,0.688335,0.04711
1,-1,2,0.6,0.45,-1,-1,0.4,0.4,0.693899,0.044731
1,-1,2,0.6,0.45,-1,-1,0.45,0.45,0.701208,0.041974
1,-1,2,0.6,0.45,-1,-1,0.5,0.5,0.715243,0.037846
1,-1,2,0.6,0.45,-1,-1,0.55,0.55,0.723548,0.035271
1,-1,2,0.6,0.45,-1,-1,0.6,0.6,0.731937,0.033158
1,-1,2,0.6,0.45,-1,-1,0.65,0.65,0.739619,0.031633
1,-1,2,0.6,0.45,-1,-1,0.7,0.7,0.747052,0.030443
1,-1,2,0.6,0.45,-1,-1,0.75,0.75,0.752367,0.029631
1,-1,2,0.6,0.45,-1,-1,0.8,0.8,0.757807,0.028764
1,-1,2,0.6,0.45,-1,-1,0.85,0.85,0.761669,0.028442
1,-1,2,0.6,0.45,-1,-1,0.9,0.9,0.765863,0.028246
1,-1,2,0.6,0.45,-1,-1,0.95,0.95,0.769849,0.02812
1,-1,2,0.6,0.45,-1,-1,1.0,1.0,0.773545,0.028078
1,-1,2,0.65,0.45,-1,-1,0.05,0.05,0.674395,0.059832
1,-1,2,0.65,0.45,-1,-1,0.1,0.1,0.67504,0.058077
1,-1,2,0.65,0.45,-1,-1,0.15,0.15,0.676654,0.056024
1,-1,2,0.65,0.45,-1,-1,0.2,0.2,0.678967,0.053814
1,-1,2,0.65,0.45,-1,-1,0.25,0.25,0.681872,0.051353
1,-1,2,0.65,0.45,-1,-1,0.3,0.3,0.686498,0.048328
1,-1,2,0.65,0.45,-1,-1,0.35,0.35,0.692468,0.045506
1,-1,2,0.65,0.45,-1,-1,0.4,0.4,0.699676,0.042842
1,-1,2,0.65,0.45,-1,-1,0.45,0.45,0.709143,0.039754
1,-1,2,0.65,0.45,-1,-1,0.5,0.5,0.727324,0.03513
1,-1,2,0.65,0.45,-1,-1,0.55,0.55,0.738082,0.032246
1,-1,2,0.65,0.45,-1,-1,0.6,0.6,0.748948,0.02988
1,-1,2,0.65,0.45,-1,-1,0.65,0.65,0.758899,0.028171
1,-1,2,0.65,0.45,-1,-1,0.7,0.7,0.768528,0.026839
1,-1,2,0.65,0.45,-1,-1,0.75,0.75,0.775413,0.02593
1,-1,2,0.65,0.45,-1,-1,0.8,0.8,0.782459,0.024958
1,-1,2,0.65,0.45,-1,-1,0.85,0.85,0.787462,0.024598
1,-1,2,0.65,0.45,-1,-1,0.9,0.9,0.792895,0.024378
1,-1,2,0.65,0.45,-1,-1,0.95,0.95,0.798059,0.024237
1,-1,2,0.65,0.45,-1,-1,1.0,1.0,0.802846,0.02419
1,-1,2,0.7,0.45,-1,-1,0.05,0.05,0.674404,0.059718
1,-1,2,0.7,0.45,-1,-1,0.1,0.1,0.675154,0.057649
1,-1,2,0.7,0.45,-1,-1,0.15,0.15,0.677031,0.055229
1,-1,2,0.7,0.45,-1,-1,0.2,0.2,0.67972,0.052624
1,-1,2,0.7,0.45,-1,-1,0.25,0.25,0.683098,0.049724
1,-1,2,0.7,0.45,-1,-1,0.3,0.3,0.688478,0.046159
1,-1,2,0.7,0.45,-1,-1,0.35,0.35,0.695421,0.042834
1,-1,2,0.7,0.45,-1,-1,0.4,0.4,0.703803,0.039693
1,-1,2,0.7,0.45,-1,-1,0.45,0.45,0.714812,0.036054
1,-1,2,0.7,0.45,-1,-1,0.5,0.5,0.735954,0.030605
1,-1,2,0.7,0.45,-1,-1,0.55,0.55,0.748464,0.027206
1,-1,2,0.7,0.45,-1,-1,0.6,0.6,0.7611,0.024417
1,-1,2,0.7,0.45,-1,-1,0.65,0.65,0.772672,0.022403
1,-1,2,0.7,0.45,-1,-1,0.7,0.7,0.783868,0.020833
1,-1,2,0.7,0.45,-1,-1,0.75,0.75,0.791875,0.019761
1,-1,2,0.7,0.45,-1,-1,0.8,0.8,0.800069,0.018616
1,-1,2,0.7,0.45,-1,-1,0.85,0.85,0.805886,0.018191
1,-1,2,0.7,0.45,-1,-1,0.9,0.9,0.812204,0.017933
1,-1,2,0.7,0.45,-1,-1,0.95,0.95,0.818209,0.017766
1,-1,2,0.7,0.45,-1,-1,1.0,1.0,0.823776,0.017711
1,-1,2,0.75,0.45,-1,-1,0.05,0.05,0.674414,0.059649
1,-1,2,0.75,0.45,-1,-1,0.1,0.1,0.675289,0.057392
1,-1,2,0.75,0.45,-1,-1,0.15,0.15,0.677475,0.054752
1,-1,2,0.75,0.45,-1,-1,0.2,0.2,0.680609,0.05191
1,-1,2,0.75,0.45,-1,-1,0.25,0.25,0.684545,0.048747
1,-1,2,0.75,0.45,-1,-1,0.3,0.3,0.690814,0.044857
1,-1,2,0.75,0.45,-1,-1,0.35,0.35,0.698904,0.04123
1,-1,2,0.75,0.45,-1,-1,0.4,0.4,0.708672,0.037804
1,-1,2,0.75,0.45,-1,-1,0.45,0.45,0.7215,0.033834
1,-1,2,0.75,0.45,-1,-1,0.5,0.5,0.746136,0.027889
1,-1,2,0.75,0.45,-1,-1,0.55,0.55,0.760714,0.024181
1,-1,2,0.75,0.45,-1,-1,0.6,0.6,0.775438,0.021138
1,-1,2,0.75,0.45,-1,-1,0.65,0.65,0.788922,0.018942
1,-1,2,0.75,0.45,-1,-1,0.7,0.7,0.801969,0.017229
1,-1,2,0.75,0.45,-1,-1,0.75,0.75,0.811299,0.01606
1,-1,2,0.75,0.45,-1,-1,0.8,0.8,0.820847,0.01481
1,-1,2,0.75,0.45,-1,-1,0.85,0.85,0.827626,0.014347
1,-1,2,0.75,0.45,-1,-1,0.9,0.9,0.834988,0.014065
1,-1,2,0.75,0.45,-1,-1,0.95,0.95,0.841985,0.013883
1,-1,2,0.75,0.45,-1,-1,1.0,1.0,0.848472,0.013823
1,-1,2,0.8,0.45,-1,-1,0.05,0.05,0.674421,0.059526
1,-1,2,0.8,0.45,-1,-1,0.1,0.1,0.67538,0.056935
1,-1,2,0.8,0.45,-1,-1,0.15,0.15,0.677777,0.053904
1,-1,2,0.8,0.45,-1,-1,0.2,0.2,0.681212,0.050641
1,-1,2,0.8,0.45,-1,-1,0.25,0.25,0.685527,0.047009
1,-1,2,0.8,0.45,-1,-1,0.3,0.3,0.692398,0.042543
1,-1,2,0.8,0.45,-1,-1,0.35,0.35,0.701266,0.038378
1,-1,2,0.8,0.45,-1,-1,0.4,0.4,0.711973,0.034445
1,-1,2,0.8,0.45,-1,-1,0.45,0.45,0.726035,0.029887
1,-1,2,0.8,0.45,-1,-1,0.5,0.5,0.75304,0.023061
1,-1,2,0.8,0.45,-1,-1,0.55,0.55,0.769019,0.018804
1,-1,2,0.8,0.45,-1,-1,0.6,0.6,0.785159,0.01531
1,-1,2,0.8,0.45,-1,-1,0.65,0.65,0.79994,0.012788
1,-1,2,0.8,0.45,-1,-1,0.7,0.7,0.814241,0.010821
1,-1,2,0.8,0.45,-1,-1,0.75,0.75,0.824468,0.009479
1,-1,2,0.8,0.45,-1,-1,0.8,0.8,0.834935,0.008045
1,-1,2,0.8,0.45,-1,-1,0.85,0.85,0.842365,0.007513
1,-1,2,0.8,0.45,-1,-1,0.9,0.9,0.850435,0.007189
1,-1,2,0.8,0.45,-1,-1,0.95,0.95,0.858105,0.00698
1,-1,2,0.8,0.45,-1,-1,1.0,1.0,0.865216,0.006911
1,-1,2,0.85,0.45,-1,-1,0.05,0.05,0.67443,0.059473
1,-1,2,0.85,0.45,-1,-1,0.1,0.1,0.675498,0.056735
1,-1,2,0.85,0.45,-1,-1,0.15,0.15,0.678168,0.053533
1,-1,2,0.85,0.45,-1,-1,0.2,0.2,0.681996,0.050086
1,-1,2,0.85,0.45,-1,-1,0.25,0.25,0.686802,0.046249
1,-1,2,0.85,0.45,-1,-1,0.3,0.3,0.694457,0.041531
1,-1,2,0.85,0.45,-1,-1,0.35,0.35,0.704337,0.037131
1,-1,2,0.85,0.45,-1,-1,0.4,0.4,0.716264,0.032976
1,-1,2,0.85,0.45,-1,-1,0.45,0.45,0.731929,0.028161
1,-1,2,0.85,0.45,-1,-1,0.5,0.5,0.762014,0.02095
1,-1,2,0.85,0.45,-1,-1,0.55,0.55,0.779816,0.016452
1,-1,2,0.85,0.45,-1,-1,0.6,0.6,0.797796,0.012761
1,-1,2,0.85,0.45,-1,-1,0.65,0.65,0.814262,0.010097
1,-1,2,0.85,0.45,-1,-1,0.7,0.7,0.830195,0.008019
1,-1,2,0.85,0.45,-1,-1,0.75,0.75,0.841588,0.006601
1,-1,2,0.85,0.45,-1,-1,0.8,0.8,0.853248,0.005086
1,-1,2,0.85,0.45,-1,-1,0.85,0.85,0.861526,0.004524
1,-1,2,0.85,0.45,-1,-1,0.9,0.9,0.870516,0.004181
1,-1,2,0.85,0.45,-1,-1,0.95,0.95,0.87906,0.003961
1,-1,2,0.85,0.45,-1,-1,1.0,1.0,0.886982,0.003888
1,-1,2,0.9,0.45,-1,-1,0.05,0.05,0.674438,0.059442
1,-1,2,0.9,0.45,-1,-1,0.1,0.1,0.675605,0.056621
1,-1,2,0.9,0.45,-1,-1,0.15,0.15,0.678522,0.053321
1,-1,2,0.9,0.45,-1,-1,0.2,0.2,0.682704,0.049769
1,-1,2,0.9,0.45,-1,-1,0.25,0.25,0.687955,0.045814
1,-1,2,0.9,0.45,-1,-1,0.3,0.3,0.696318,0.040953
1,-1,2,0.9,0.45,-1,-1,0.35,0.35,0.707112,0.036418
1,-1,2,0.9,0.45,-1,-1,0.4,0.4,0.720143,0.032136
1,-1,2,0.9,0.45,-1,-1,0.45,0.45,0.737258,0.027174
1,-1,2,0.9,0.45,-1,-1,0.5,0.5,0.770126,0.019743
1,-1,2,0.9,0.45,-1,-1,0.55,0.55,0.789575,0.015108
1,-1,2,0.9,0.45,-1,-1,0.6,0.6,0.809218,0.011304
1,-1,2,0.9,0.45,-1,-1,0.65,0.65,0.827208,0.008558
1,-1,2,0.9,0.45,-1,-1,0.7,0.7,0.844615,0.006417
1,-1,2,0.9,0.45,-1,-1,0.75,0.75,0.857062,0.004956
1,-1,2,0.9,0.45,-1,-1,0.8,0.8,0.869801,0.003394
1,-1,2,0.9,0.45,-1,-1,0.85,0.85,0.878844,0.002815
1,-1,2,0.9,0.45,-1,-1,0.9,0.9,0.888666,0.002462
1,-1,2,0.9,0.45,-1,-1,0.95,0.95,0.898001,0.002236
1,-1,2,0.9,0.45,-1,-1,1.0,1.0,0.906656,0.00216
1,-1,2,0.95,0.45,-1,-1,0.05,0.05,0.67445,0.059412
1,-1,2,0.95,0.45,-1,-1,0.1,0.1,0.675762,0.056507
1,-1,2,0.95,0.45,-1,-1,0.15,0.15,0.679042,0.053109
1,-1,2,0.95,0.45,-1,-1,0.2,0.2,0.683744,0.049452
1,-1,2,0.95,0.45,-1,-1,0.25,0.25,0.689648,0.04538
1,-1,2,0.95,0.45,-1,-1,0.3,0.3,0.69905,0.040374
1,-1,2,0.95,0.45,-1,-1,0.35,0.35,0.711186,0.035706
1,-1,2,0.95,0.45,-1,-1,0.4,0.4,0.725837,0.031296
1,-1,2,0.95,0.45,-1,-1,0.45,0.45,0.74508,0.026187
1,-1,2,0.95,0.45,-1,-1,0.5,0.5,0.782034,0.018536
1,-1,2,0.95,0.45,-1,-1,0.55,0.55,0.803901,0.013763
1,-1,2,0.95,0.45,-1,-1,0.6,0.6,0.825986,0.009847
1,-1,2,0.95,0.45,-1,-1,0.65,0.65,0.846213,0.00702
1,-1,2,0.95,0.45,-1,-1,0.7,0.7,0.865784,0.004815
1,-1,2,0.95,0.45,-1,-1,0.75,0.75,0.879778,0.003311
1,-1,2,0.95,0.45,-1,-1,0.8,0.8,0.894101,0.001703
1,-1,2,0.95,0.45,-1,-1,0.85,0.85,0.904269,0.001106
1,-1,2,0.95,0.45,-1,-1,0.9,0.9,0.915311,0.000743
1,-1,2,0.95,0.45,-1,-1,0.95,0.95,0.925807,0.00051
1,-1,2,0.95,0.45,-1,-1,1.0,1.0,0.935538,0.000432
1,-1,2,1.0,0.45,-1,-1,0.05,0.05,0.674477,0.059404
1,-1,2,1.0,0.45,-1,-1,0.1,0.1,0.676113,0.056478
1,-1,2,1.0,0.45,-1,-1,0.15,0.15,0.680203,0.053056
1,-1,2,1.0,0.45,-1,-1,0.2,0.2,0.686064,0.049373
1,-1,2,1.0,0.45,-1,-1,0.25,0.25,0.693425,0.045271
1,-1,2,1.0,0.45,-1,-1,0.3,0.3,0.705148,0.04023
1,-1,2,1.0,0.45,-1,-1,0.35,0.35,0.720279,0.035527
1,-1,2,1.0,0.45,-1,-1,0.4,0.4,0.738546,0.031087
1,-1,2,1.0,0.45,-1,-1,0.45,0.45,0.762538,0.02594
1,-1,2,1.0,0.45,-1,-1,0.5,0.5,0.808612,0.018234
1,-1,2,1.0,0.45,-1,-1,0.55,0.55,0.835875,0.013427
1,-1,2,1.0,0.45,-1,-1,0.6,0.6,0.863411,0.009483
1,-1,2,1.0,0.45,-1,-1,0.65,0.65,0.88863,0.006635
1,-1,2,1.0,0.45,-1,-1,0.7,0.7,0.91303,0.004415
1,-1,2,1.0,0.45,-1,-1,0.75,0.75,0.930479,0.0029
1,-1,2,1.0,0.45,-1,-1,0.8,0.8,0.948336,0.00128
1,-1,2,1.0,0.45,-1,-1,0.85,0.85,0.961014,0.000679
1,-1,2,1.0,0.45,-1,-1,0.9,0.9,0.974782,0.000314
1,-1,2,1.0,0.45,-1,-1,0.95,0.95,0.987868,7.8e-05
1,-1,2,1.0,0.45,-1,-1,1.0,1.0,1.0,0.0
1,-1,2,0.5,0.5,-1,-1,0.05,0.05,0.713688,0.047084
1,-1,2,0.5,0.5,-1,-1,0.1,0.1,0.713688,0.047084
1,-1,2,0.5,0.5,-1,-1,0.15,0.15,0.713688,0.047084
1,-1,2,0.5,0.5,-1,-1,0.2,0.2,0.713688,0.047084
1,-1,2,0.5,0.5,-1,-1,0.25,0.25,0.713688,0.047084
1,-1,2,0.5,0.5,-1,-1,0.3,0.3,0.713688,0.047084
1,-1,2,0.5,0.5,-1,-1,0.35,0.35,0.713688,0.047084
1,-1,2,0.5,0.5,-1,-1,0.4,0.4,0.713688,0.047084
1,-1,2,0.5,0.5,-1,-1,0.45,0.45,0.713688,0.047084
1,-1,2,0.5,0.5,-1,-1,0.5,0.5,0.713688,0.047084
1,-1,2,0.5,0.5,-1,-1,0.55,0.55,0.713688,0.047084
1,-1,2,0.5,0.5,-1,-1,0.6,0.6,0.713688,0.047084
1,-1,2,0.5,0.5,-1,-1,0.65,0.65,0.713688,0.047084
1,-1,2,0.5,0.5,-1,-1,0.7,0.7,0.713688,0.047084
1,-1,2,0.5,0.5,-1,-1,0.75,0.75,0.713688,0.047084
1,-1,2,0.5,0.5,-1,-1,0.8,0.8,0.713688,0.047084
1,-1,2,0.5,0.5,-1,-1,0.85,0.85,0.713688,0.047084
1,-1,2,0.5,0.5,-1,-1,0.9,0.9,0.713688,0.047084
1,-1,2,0.5,0.5,-1,-1,0.95,0.95,0.713688,0.047084
1,-1,2,0.5,0.5,-1,-1,1.0,1.0,0.713688,0.047084
1,-1,2,0.55,0.5,-1,-1,0.05,0.05,0.7137,0.04687
1,-1,2,0.55,0.5,-1,-1,0.1,0.1,0.713847,0.046285
1,-1,2,0.55,0.5,-1,-1,0.15,0.15,0.714215,0.0456
1,-1,2,0.55,0.5,-1,-1,0.2,0.2,0.714743,0.044864
1,-1,2,0.55,0.5,-1,-1,0.25,0.25,0.715405,0.044043
1,-1,2,0.55,0.5,-1,-1,0.3,0.3,0.71646,0.043035
1,-1,2,0.55,0.5,-1,-1,0.35,0.35,0.717821,0.042094
1,-1,2,0.55,0.5,-1,-1,0.4,0.4,0.719465,0.041206
1,-1,2,0.55,0.5,-1,-1,0.45,0.45,0.721623,0.040177
1,-1,2,0.55,0.5,-1,-1,0.5,0.5,0.725769,0.038636
1,-1,2,0.55,0.5,-1,-1,0.55,0.55,0.728222,0.037674
1,-1,2,0.55,0.5,-1,-1,0.6,0.6,0.7307,0.036886
1,-1,2,0.55,0.5,-1,-1,0.65,0.65,0.732969,0.036316
1,-1,2,0.55,0.5,-1,-1,0.7,0.7,0.735164,0.035872
1,-1,2,0.55,0.5,-1,-1,0.75,0.75,0.736734,0.035569
1,-1,2,0.55,0.5,-1,-1,0.8,0.8,0.738341,0.035245
1,-1,2,0.55,0.5,-1,-1,0.85,0.85,0.739481,0.035125
1,-1,2,0.55,0.5,-1,-1,0.9,0.9,0.74072,0.035052
1,-1,2,0.55,0.5,-1,-1,0.95,0.95,0.741897,0.035005
1,-1,2,0.55,0.5,-1,-1,1.0,1.0,0.742989,0.034989
1,-1,2,0.6,0.5,-1,-1,0.05,0.05,0.713713,0.046747
1,-1,2,0.6,0.5,-1,-1,0.1,0.1,0.714014,0.045828
1,-1,2,0.6,0.5,-1,-1,0.15,0.15,0.714765,0.044752
1,-1,2,0.6,0.5,-1,-1,0.2,0.2,0.715843,0.043595
1,-1,2,0.6,0.5,-1,-1,0.25,0.25,0.717196,0.042306
1,-1,2,0.6,0.5,-1,-1,0.3,0.3,0.71935,0.040721
1,-1,2,0.6,0.5,-1,-1,0.35,0.35,0.722132,0.039244
1,-1,2,0.6,0.5,-1,-1,0.4,0.4,0.725489,0.037848
1,-1,2,0.6,0.5,-1,-1,0.45,0.45,0.729899,0.03623
1,-1,2,0.6,0.5,-1,-1,0.5,0.5,0.738367,0.033809
1,-1,2,0.6,0.5,-1,-1,0.55,0.55,0.743378,0.032298
1,-1,2,0.6,0.5,-1,-1,0.6,0.6,0.74844,0.031058
1,-1,2,0.6,0.5,-1,-1,0.65,0.65,0.753075,0.030163
1,-1,2,0.6,0.5,-1,-1,0.7,0.7,0.75756,0.029465
1,-1,2,0.6,0.5,-1,-1,0.75,0.75,0.760767,0.028989
1,-1,2,0.6,0.5,-1,-1,0.8,0.8,0.764049,0.02848
1,-1,2,0.6,0.5,-1,-1,0.85,0.85,0.766379,0.028291
1,-1,2,0.6,0.5,-1,-1,0.9,0.9,0.76891,0.028177
1,-1,2,0.6,0.5,-1,-1,0.95,0.95,0.771315,0.028103
1,-1,2,0.6,0.5,-1,-1,1.0,1.0,0.773545,0.028078
1,-1,2,0.65,0.5,-1,-1,0.05,0.05,0.713725,0.046679
1,-1,2,0.65,0.5,-1,-1,0.1,0.1,0.714173,0.045571
1,-1,2,0.65,0.5,-1,-1,0.15,0.15,0.715293,0.044275
1,-1,2,0.65,0.5,-1,-1,0.2,0.2,0.716898,0.042881
1,-1,2,0.65,0.5,-1,-1,0.25,0.25,0.718913,0.041328
1,-1,2,0.65,0.5,-1,-1,0.3,0.3,0.722122,0.03942
1,-1,2,0.65,0.5,-1,-1,0.35,0.35,0.726265,0.03764
1,-1,2,0.65,0.5,-1,-1,0.4,0.4,0.731266,0.035958
1,-1,2,0.65,0.5,-1,-1,0.45,0.45,0.737834,0.03401
1,-1,2,0.65,0.5,-1,-1,0.5,0.5,0.750448,0.031093
1,-1,2,0.65,0.5,-1,-1,0.55,0.55,0.757912,0.029273
1,-1,2,0.65,0.5,-1,-1,0.6,0.6,0.765451,0.02778
1,-1,2,0.65,0.5,-1,-1,0.65,0.65,0.772355,0.026702
1,-1,2,0.65,0.5,-1,-1,0.7,0.7,0.779036,0.025861
1,-1,2,0.65,0.5,-1,-1,0.75,0.75,0.783813,0.025288
1,-1,2,0.65,0.5,-1,-1,0.8,0.8,0.788702,0.024675
1,-1,2,0.65,0.5,-1,-1,0.85,0.85,0.792172,0.024447
1,-1,2,0.65,0.5,-1,-1,0.9,0.9,0.795942,0.024309
1,-1,2,0.65,0.5,-1,-1,0.95,0.95,0.799525,0.02422
1,-1,2,0.65,0.5,-1,-1,1.0,1.0,0.802846,0.02419
1,-1,2,0.7,0.5,-1,-1,0.05,0.05,0.713734,0.046564
1,-1,2,0.7,0.5,-1,-1,0.1,0.1,0.714287,0.045143
1,-1,2,0.7,0.5,-1,-1,0.15,0.15,0.715669,0.043481
1,-1,2,0.7,0.5,-1,-1,0.2,0.2,0.717651,0.041692
1,-1,2,0.7,0.5,-1,-1,0.25,0.25,0.720139,0.0397
1,-1,2,0.7,0.5,-1,-1,0.3,0.3,0.724102,0.037251
1,-1,2,0.7,0.5,-1,-1,0.35,0.35,0.729217,0.034967
1,-1,2,0.7,0.5,-1,-1,0.4,0.4,0.735392,0.03281
1,-1,2,0.7,0.5,-1,-1,0.45,0.45,0.743503,0.03031
1,-1,2,0.7,0.5,-1,-1,0.5,0.5,0.759078,0.026567
1,-1,2,0.7,0.5,-1,-1,0.55,0.55,0.768294,0.024233
1,-1,2,0.7,0.5,-1,-1,0.6,0.6,0.777603,0.022317
1,-1,2,0.7,0.5,-1,-1,0.65,0.65,0.786128,0.020934
1,-1,2,0.7,0.5,-1,-1,0.7,0.7,0.794376,0.019855
1,-1,2,0.7,0.5,-1,-1,0.75,0.75,0.800275,0.019119
1,-1,2,0.7,0.5,-1,-1,0.8,0.8,0.806311,0.018333
1,-1,2,0.7,0.5,-1,-1,0.85,0.85,0.810597,0.018041
1,-1,2,0.7,0.5,-1,-1,0.9,0.9,0.815251,0.017863
1,-1,2,0.7,0.5,-1,-1,0.95,0.95,0.819675,0.017749
1,-1,2,0.7,0.5,-1,-1,1.0,1.0,0.823776,0.017711
1,-1,2,0.75,0.5,-1,-1,0.05,0.05,0.713744,0.046495
1,-1,2,0.75,0.5,-1,-1,0.1,0.1,0.714421,0.044886
1,-1,2,0.75,0.5,-1,-1,0.15,0.15,0.716114,0.043004
1,-1,2,0.75,0.5,-1,-1,0.2,0.2,0.71854,0.040978
1,-1,2,0.75,0.5,-1,-1,0.25,0.25,0.721587,0.038722
1,-1,2,0.75,0.5,-1,-1,0.3,0.3,0.726439,0.035949
1,-1,2,0.75,0.5,-1,-1,0.35,0.35,0.732701,0.033363
1,-1,2,0.75,0.5,-1,-1,0.4,0.4,0.740261,0.03092
1,-1,2,0.75,0.5,-1,-1,0.45,0.45,0.750191,0.02809
1,-1,2,0.75,0.5,-1,-1,0.5,0.5,0.76926,0.023852
1,-1,2,0.75,0.5,-1,-1,0.55,0.55,0.780544,0.021208
1,-1,2,0.75,0.5,-1,-1,0.6,0.6,0.791941,0.019038
1,-1,2,0.75,0.5,-1,-1,0.65,0.65,0.802378,0.017472
1,-1,2,0.75,0.5,-1,-1,0.7,0.7,0.812477,0.016251
1,-1,2,0.75,0.5,-1,-1,0.75,0.75,0.819699,0.015418
1,-1,2,0.75,0.5,-1,-1,0.8,0.8,0.827089,0.014527
1,-1,2,0.75,0.5,-1,-1,0.85,0.85,0.832336,0.014197
1,-1,2,0.75,0.5,-1,-1,0.9,0.9,0.838035,0.013995
1,-1,2,0.75,0.5,-1,-1,0.95,0.95,0.843451,0.013866
1,-1,2,0.75,0.5,-1,-1,1.0,1.0,0.848472,0.013823
1,-1,2,0.8,0.5,-1,-1,0.05,0.05,0.713751,0.046372
1,-1,2,0.8,0.5,-1,-1,0.1,0.1,0.714513,0.044429
1,-1,2,0.8,0.5,-1,-1,0.15,0.15,0.716415,0.042156
1,-1,2,0.8,0.5,-1,-1,0.2,0.2,0.719143,0.039709
1,-1,2,0.8,0.5,-1,-1,0.25,0.25,0.722568,0.036984
1,-1,2,0.8,0.5,-1,-1,0.3,0.3,0.728023,0.033635
1,-1,2,0.8,0.5,-1,-1,0.35,0.35,0.735063,0.030512
1,-1,2,0.8,0.5,-1,-1,0.4,0.4,0.743562,0.027561
1,-1,2,0.8,0.5,-1,-1,0.45,0.45,0.754726,0.024143
1,-1,2,0.8,0.5,-1,-1,0.5,0.5,0.776164,0.019024
1,-1,2,0.8,0.5,-1,-1,0.55,0.55,0.788849,0.015831
1,-1,2,0.8,0.5,-1,-1,0.6,0.6,0.801662,0.01321
1,-1,2,0.8,0.5,-1,-1,0.65,0.65,0.813396,0.011319
1,-1,2,0.8,0.5,-1,-1,0.7,0.7,0.824749,0.009844
1,-1,2,0.8,0.5,-1,-1,0.75,0.75,0.832868,0.008837
1,-1,2,0.8,0.5,-1,-1,0.8,0.8,0.841177,0.007761
1,-1,2,0.8,0.5,-1,-1,0.85,0.85,0.847076,0.007362
1,-1,2,0.8,0.5,-1,-1,0.9,0.9,0.853482,0.007119
1,-1,2,0.8,0.5,-1,-1,0.95,0.95,0.859571,0.006963
1,-1,2,0.8,0.5,-1,-1,1.0,1.0,0.865216,0.006911
1,-1,2,0.85,0.5,-1,-1,0.05,0.05,0.713761,0.046319
1,-1,2,0.85,0.5,-1,-1,0.1,0.1,0.714631,0.044229
1,-1,2,0.85,0.5,-1,-1,0.15,0.15,0.716807,0.041785
1,-1,2,0.85,0.5,-1,-1,0.2,0.2,0.719926,0.039154
1,-1,2,0.85,0.5,-1,-1,0.25,0.25,0.723843,0.036224
1,-1,2,0.85,0.5,-1,-1,0.3,0.3,0.730082,0.032623
1,-1,2,0.85,0.5,-1,-1,0.35,0.35,0.738133,0.029264
1,-1,2,0.85,0.5,-1,-1,0.4,0.4,0.747854,0.026092
1,-1,2,0.85,0.5,-1,-1,0.45,0.45,0.76062,0.022417
1,-1,2,0.85,0.5,-1,-1,0.5,0.5,0.785138,0.016912
1,-1,2,0.85,0.5,-1,-1,0.55,0.55,0.799646,0.013479
1,-1,2,0.85,0.5,-1,-1,0.6,0.6,0.814299,0.010661
1,-1,2,0.85,0.5,-1,-1,0.65,0.65,0.827718,0.008627
1,-1,2,0.85,0.5,-1,-1,0.7,0.7,0.840703,0.007041
1,-1,2,0.85,0.5,-1,-1,0.75,0.75,0.849988,0.005959
1,-1,2,0.85,0.5,-1,-1,0.8,0.8,0.85949,0.004802
1,-1,2,0.85,0.5,-1,-1,0.85,0.85,0.866236,0.004373
1,-1,2,0.85,0.5,-1,-1,0.9,0.9,0.873562,0.004112
1,-1,2,0.85,0.5,-1,-1,0.95,0.95,0.880526,0.003944
1,-1,2,0.85,0.5,-1,-1,1.0,1.0,0.886982,0.003888
1,-1,2,0.9,0.5,-1,-1,0.05,0.05,0.713769,0.046288
1,-1,2,0.9,0.5,-1,-1,0.1,0.1,0.714738,0.044115
1,-1,2,0.9,0.5,-1,-1,0.15,0.15,0.717161,0.041573
1,-1,2,0.9,0.5,-1,-1,0.2,0.2,0.720634,0.038837
1,-1,2,0.9,0.5,-1,-1,0.25,0.25,0.724996,0.03579
1,-1,2,0.9,0.5,-1,-1,0.3,0.3,0.731943,0.032045
1,-1,2,0.9,0.5,-1,-1,0.35,0.35,0.740909,0.028552
1,-1,2,0.9,0.5,-1,-1,0.4,0.4,0.751732,0.025253
1,-1,2,0.9,0.5,-1,-1,0.45,0.45,0.765949,0.02143
1,-1,2,0.9,0.5,-1,-1,0.5,0.5,0.79325,0.015705
1,-1,2,0.9,0.5,-1,-1,0.55,0.55,0.809405,0.012134
1,-1,2,0.9,0.5,-1,-1,0.6,0.6,0.825721,0.009204
1,-1,2,0.9,0.5,-1,-1,0.65,0.65,0.840664,0.007089
1,-1,2,0.9,0.5,-1,-1,0.7,0.7,0.855123,0.00544
1,-1,2,0.9,0.5,-1,-1,0.75,0.75,0.865462,0.004314
1,-1,2,0.9,0.5,-1,-1,0.8,0.8,0.876043,0.003111
1,-1,2,0.9,0.5,-1,-1,0.85,0.85,0.883555,0.002665
1,-1,2,0.9,0.5,-1,-1,0.9,0.9,0.891713,0.002393
1,-1,2,0.9,0.5,-1,-1,0.95,0.95,0.899467,0.002218
1,-1,2,0.9,0.5,-1,-1,1.0,1.0,0.906656,0.00216
1,-1,2,0.95,0.5,-1,-1,0.05,0.05,0.713781,0.046258
1,-1,2,0.95,0.5,-1,-1,0.1,0.1,0.714895,0.044001
1,-1,2,0.95,0.5,-1,-1,0.15,0.15,0.717681,0.041361
1,-1,2,0.95,0.5,-1,-1,0.2,0.2,0.721674,0.038519
1,-1,2,0.95,0.5,-1,-1,0.25,0.25,0.726689,0.035356
1,-1,2,0.95,0.5,-1,-1,0.3,0.3,0.734675,0.031466
1,-1,2,0.95,0.5,-1,-1,0.35,0.35,0.744983,0.027839
1,-1,2,0.95,0.5,-1,-1,0.4,0.4,0.757427,0.024413
1,-1,2,0.95,0.5,-1,-1,0.45,0.45,0.773771,0.020443
1,-1,2,0.95,0.5,-1,-1,0.5,0.5,0.805158,0.014498
1,-1,2,0.95,0.5,-1,-1,0.55,0.55,0.823731,0.01079
1,-1,2,0.95,0.5,-1,-1,0.6,0.6,0.842489,0.007747
1,-1,2,0.95,0.5,-1,-1,0.65,0.65,0.859669,0.005551
1,-1,2,0.95,0.5,-1,-1,0.7,0.7,0.876291,0.003838
1,-1,2,0.95,0.5,-1,-1,0.75,0.75,0.888178,0.002669
1,-1,2,0.95,0.5,-1,-1,0.8,0.8,0.900343,0.001419
1,-1,2,0.95,0.5,-1,-1,0.85,0.85,0.908979,0.000956
1,-1,2,0.95,0.5,-1,-1,0.9,0.9,0.918358,0.000674
1,-1,2,0.95,0.5,-1,-1,0.95,0.95,0.927273,0.000492
1,-1,2,0.95,0.5,-1,-1,1.0,1.0,0.935538,0.000432
1,-1,2,1.0,0.5,-1,-1,0.05,0.05,0.713808,0.04625
1,-1,2,1.0,0.5,-1,-1,0.1,0.1,0.715246,0.043972
1,-1,2,1.0,0.5,-1,-1,0.15,0.15,0.718841,0.041308
1,-1,2,1.0,0.5,-1,-1,0.2,0.2,0.723995,0.03844
1,-1,2,1.0,0.5,-1,-1,0.25,0.25,0.730466,0.035247
1,-1,2,1.0,0.5,-1,-1,0.3,0.3,0.740773,0.031322
1,-1,2,1.0,0.5,-1,-1,0.35,0.35,0.754076,0.027661
1,-1,2,1.0,0.5,-1,-1,0.4,0.4,0.770136,0.024203
1,-1,2,1.0,0.5,-1,-1,0.45,0.45,0.791228,0.020196
1,-1,2,1.0,0.5,-1,-1,0.5,0.5,0.831736,0.014196
1,-1,2,1.0,0.5,-1,-1,0.55,0.55,0.855705,0.010454
1,-1,2,1.0,0.5,-1,-1,0.6,0.6,0.879914,0.007383
1,-1,2,1.0,0.5,-1,-1,0.65,0.65,0.902086,0.005166
1,-1,2,1.0,0.5,-1,-1,0.7,0.7,0.923538,0.003437
1,-1,2,1.0,0.5,-1,-1,0.75,0.75,0.938879,0.002258
1,-1,2,1.0,0.5,-1,-1,0.8,0.8,0.954578,0.000997
1,-1,2,1.0,0.5,-1,-1,0.85,0.85,0.965724,0.000529
1,-1,2,1.0,0.5,-1,-1,0.9,0.9,0.977829,0.000244
1,-1,2,1.0,0.5,-1,-1,0.95,0.95,0.989334,6.1e-05
1,-1,2,1.0,0.5,-1,-1,1.0,1.0,1.0,0.0
1,-1,2,0.55,0.55,-1,-1,0.05,0.05,0.742989,0.034989
1,-1,2,0.55,0.55,-1,-1,0.1,0.1,0.742989,0.034989
1,-1,2,0.55,0.55,-1,-1,0.15,0.15,0.742989,0.034989
1,-1,2,0.55,0.55,-1,-1,0.2,0.2,0.742989,0.034989
1,-1,2,0.55,0.55,-1,-1,0.25,0.25,0.742989,0.034989
1,-1,2,0.55,0.55,-1,-1,0.3,0.3,0.742989,0.034989
1,-1,2,0.55,0.55,-1,-1,0.35,0.35,0.742989,0.034989
1,-1,2,0.55,0.55,-1,-1,0.4,0.4,0.742989,0.034989
1,-1,2,0.55,0.55,-1,-1,0.45,0.45,0.742989,0.034989
1,-1,2,0.55,0.55,-1,-1,0.5,0.5,0.742989,0.034989
1,-1,2,0.55,0.55,-1,-1,0.55,0.55,0.742989,0.034989
1,-1,2,0.55,0.55,-1,-1,0.6,0.6,0.742989,0.034989
1,-1,2,0.55,0.55,-1,-1,0.65,0.65,0.742989,0.034989
1,-1,2,0.55,0.55,-1,-1,0.7,0.7,0.742989,0.034989
1,-1,2,0.55,0.55,-1,-1,0.75,0.75,0.742989,0.034989
1,-1,2,0.55,0.55,-1,-1,0.8,0.8,0.742989,0.034989
1,-1,2,0.55,0.55,-1,-1,0.85,0.85,0.742989,0.034989
1,-1,2,0.55,0.55,-1,-1,0.9,0.9,0.742989,0.034989
1,-1,2,0.55,0.55,-1,-1,0.95,0.95,0.742989,0.034989
1,-1,2,0.55,0.55,-1,-1,1.0,1.0,0.742989,0.034989
1,-1,2,0.6,0.55,-1,-1,0.05,0.05,0.743002,0.034867
1,-1,2,0.6,0.55,-1,-1,0.1,0.1,0.743155,0.034532
1,-1,2,0.6,0.55,-1,-1,0.15,0.15,0.743539,0.034141
1,-1,2,0.6,0.55,-1,-1,0.2,0.2,0.744089,0.03372
1,-1,2,0.6,0.55,-1,-1,0.25,0.25,0.74478,0.033252
1,-1,2,0.6,0.55,-1,-1,0.3,0.3,0.74588,0.032675
1,-1,2,0.6,0.55,-1,-1,0.35,0.35,0.747299,0.032138
1,-1,2,0.6,0.55,-1,-1,0.4,0.4,0.749013,0.031631
1,-1,2,0.6,0.55,-1,-1,0.45,0.45,0.751264,0.031042
1,-1,2,0.6,0.55,-1,-1,0.5,0.5,0.755587,0.030162
1,-1,2,0.6,0.55,-1,-1,0.55,0.55,0.758145,0.029612
1,-1,2,0.6,0.55,-1,-1,0.6,0.6,0.760729,0.029162
1,-1,2,0.6,0.55,-1,-1,0.65,0.65,0.763095,0.028836
1,-1,2,0.6,0.55,-1,-1,0.7,0.7,0.765385,0.028583
1,-1,2,0.6,0.55,-1,-1,0.75,0.75,0.767022,0.028409
1,-1,2,0.6,0.55,-1,-1,0.8,0.8,0.768697,0.028224
1,-1,2,0.6,0.55,-1,-1,0.85,0.85,0.769887,0.028156
1,-1,2,0.6,0.55,-1,-1,0.9,0.9,0.771179,0.028114
1,-1,2,0.6,0.55,-1,-1,0.95,0.95,0.772407,0.028087
1,-1,2,0.6,0.55,-1,-1,1.0,1.0,0.773545,0.028078
1,-1,2,0.65,0.55,-1,-1,0.05,0.05,0.743014,0.034798
1,-1,2,0.65,0.55,-1,-1,0.1,0.1,0.743315,0.034275
1,-1,2,0.65,0.55,-1,-1,0.15,0.15,0.744066,0.033664
1,-1,2,0.65,0.55,-1,-1,0.2,0.2,0.745144,0.033006
1,-1,2,0.65,0.55,-1,-1,0.25,0.25,0.746497,0.032274
1,-1,2,0.65,0.55,-1,-1,0.3,0.3,0.748651,0.031374
1,-1,2,0.65,0.55,-1,-1,0.35,0.35,0.751433,0.030534
1,-1,2,0.65,0.55,-1,-1,0.4,0.4,0.75479,0.029741
1,-1,2,0.65,0.55,-1,-1,0.45,0.45,0.7592,0.028822
1,-1,2,0.65,0.55,-1,-1,0.5,0.5,0.767668,0.027446
1,-1,2,0.65,0.55,-1,-1,0.55,0.55,0.772679,0.026588
1,-1,2,0.65,0.55,-1,-1,0.6,0.6,0.777741,0.025883
1,-1,2,0.65,0.55,-1,-1,0.65,0.65,0.782376,0.025375
1,-1,2,0.65,0.55,-1,-1,0.7,0.7,0.786861,0.024978
1,-1,2,0.65,0.55,-1,-1,0.75,0.75,0.790068,0.024708
1,-1,2,0.65,0.55,-1,-1,0.8,0.8,0.79335,0.024419
1,-1,2,0.65,0.55,-1,-1,0.85,0.85,0.79568,0.024311
1,-1,2,0.65,0.55,-1,-1,0.9,0.9,0.798211,0.024246
1,-1,2,0.65,0.55,-1,-1,0.95,0.95,0.800616,0.024204
1,-1,2,0.65,0.55,-1,-1,1.0,1.0,0.802846,0.02419
1,-1,2,0.7,0.55,-1,-1,0.05,0.05,0.743023,0.034683
1,-1,2,0.7,0.55,-1,-1,0.1,0.1,0.743429,0.033847
1,-1,2,0.7,0.55,-1,-1,0.15,0.15,0.744443,0.032869
1,-1,2,0.7,0.55,-1,-1,0.2,0.2,0.745897,0.031817
1,-1,2,0.7,0.55,-1,-1,0.25,0.25,0.747723,0.030645
1,-1,2,0.7,0.55,-1,-1,0.3,0.3,0.750631,0.029205
1,-1,2,0.7,0.55,-1,-1,0.35,0.35,0.754385,0.027861
1,-1,2,0.7,0.55,-1,-1,0.4,0.4,0.758916,0.026593
1,-1,2,0.7,0.55,-1,-1,0.45,0.45,0.764868,0.025122
1,-1,2,0.7,0.55,-1,-1,0.5,0.5,0.776298,0.022921
1,-1,2,0.7,0.55,-1,-1,0.55,0.55,0.783061,0.021547
1,-1,2,0.7,0.55,-1,-1,0.6,0.6,0.789892,0.02042
1,-1,2,0.7,0.55,-1,-1,0.65,0.65,0.796148,0.019607
1,-1,2,0.7,0.55,-1,-1,0.7,0.7,0.802201,0.018972
1,-1,2,0.7,0.55,-1,-1,0.75,0.75,0.80653,0.018539
1,-1,2,0.7,0.55,-1,-1,0.8,0.8,0.81096,0.018077
1,-1,2,0.7,0.55,-1,-1,0.85,0.85,0.814105,0.017905
1,-1,2,0.7,0.55,-1,-1,0.9,0.9,0.81752,0.017801
1,-1,2,0.7,0.55,-1,-1,0.95,0.95,0.820766,0.017733
1,-1,2,0.7,0.55,-1,-1,1.0,1.0,0.823776,0.017711
1,-1,2,0.75,0.55,-1,-1,0.05,0.05,0.743033,0.034614
1,-1,2,0.75,0.55,-1,-1,0.1,0.1,0.743563,0.03359
1,-1,2,0.75,0.55,-1,-1,0.15,0.15,0.744888,0.032392
1,-1,2,0.75,0.55,-1,-1,0.2,0.2,0.746786,0.031103
1,-1,2,0.75,0.55,-1,-1,0.25,0.25,0.749171,0.029668
1,-1,2,0.75,0.55,-1,-1,0.3,0.3,0.752968,0.027903
1,-1,2,0.75,0.55,-1,-1,0.35,0.35,0.757869,0.026257
1,-1,2,0.75,0.55,-1,-1,0.4,0.4,0.763785,0.024703
1,-1,2,0.75,0.55,-1,-1,0.45,0.45,0.771556,0.022902
1,-1,2,0.75,0.55,-1,-1,0.5,0.5,0.78648,0.020205
1,-1,2,0.75,0.55,-1,-1,0.55,0.55,0.795311,0.018522
1,-1,2,0.75,0.55,-1,-1,0.6,0.6,0.80423,0.017142
1,-1,2,0.75,0.55,-1,-1,0.65,0.65,0.812399,0.016145
1,-1,2,0.75,0.55,-1,-1,0.7,0.7,0.820302,0.015368
1,-1,2,0.75,0.55,-1,-1,0.75,0.75,0.825954,0.014838
1,-1,2,0.75,0.55,-1,-1,0.8,0.8,0.831738,0.014271
1,-1,2,0.75,0.55,-1,-1,0.85,0.85,0.835844,0.014061
1,-1,2,0.75,0.55,-1,-1,0.9,0.9,0.840304,0.013933
1,-1,2,0.75,0.55,-1,-1,0.95,0.95,0.844542,0.01385
1,-1,2,0.75,0.55,-1,-1,1.0,1.0,0.848472,0.013823
1,-1,2,0.8,0.55,-1,-1,0.05,0.05,0.74304,0.034492
1,-1,2,0.8,0.55,-1,-1,0.1,0.1,0.743654,0.033133
1,-1,2,0.8,0.55,-1,-1,0.15,0.15,0.745189,0.031544
1,-1,2,0.8,0.55,-1,-1,0.2,0.2,0.747389,0.029834
1,-1,2,0.8,0.55,-1,-1,0.25,0.25,0.750152,0.02793
1,-1,2,0.8,0.55,-1,-1,0.3,0.3,0.754552,0.025589
1,-1,2,0.8,0.55,-1,-1,0.35,0.35,0.760231,0.023406
1,-1,2,0.8,0.55,-1,-1,0.4,0.4,0.767087,0.021344
1,-1,2,0.8,0.55,-1,-1,0.45,0.45,0.776091,0.018955
1,-1,2,0.8,0.55,-1,-1,0.5,0.5,0.793384,0.015377
1,-1,2,0.8,0.55,-1,-1,0.55,0.55,0.803616,0.013145
1,-1,2,0.8,0.55,-1,-1,0.6,0.6,0.813951,0.011314
1,-1,2,0.8,0.55,-1,-1,0.65,0.65,0.823416,0.009992
1,-1,2,0.8,0.55,-1,-1,0.7,0.7,0.832574,0.008961
1,-1,2,0.8,0.55,-1,-1,0.75,0.75,0.839123,0.008257
1,-1,2,0.8,0.55,-1,-1,0.8,0.8,0.845825,0.007505
1,-1,2,0.8,0.55,-1,-1,0.85,0.85,0.850584,0.007226
1,-1,2,0.8,0.55,-1,-1,0.9,0.9,0.855751,0.007057
1,-1,2,0.8,0.55,-1,-1,0.95,0.95,0.860663,0.006947
1,-1,2,0.8,0.55,-1,-1,1.0,1.0,0.865216,0.006911
1,-1,2,0.85,0.55,-1,-1,0.05,0.05,0.743049,0.034438
1,-1,2,0.85,0.55,-1,-1,0.1,0.1,0.743773,0.032934
1,-1,2,0.85,0.55,-1,-1,0.15,0.15,0.745581,0.031174
1,-1,2,0.85,0.55,-1,-1,0.2,0.2,0.748172,0.029279
1,-1,2,0.85,0.55,-1,-1,0.25,0.25,0.751427,0.02717
1,-1,2,0.85,0.55,-1,-1,0.3,0.3,0.756611,0.024577
1,-1,2,0.85,0.55,-1,-1,0.35,0.35,0.763301,0.022159
1,-1,2,0.85,0.55,-1,-1,0.4,0.4,0.771378,0.019875
1,-1,2,0.85,0.55,-1,-1,0.45,0.45,0.781986,0.017229
1,-1,2,0.85,0.55,-1,-1,0.5,0.5,0.802358,0.013265
1,-1,2,0.85,0.55,-1,-1,0.55,0.55,0.814413,0.010793
1,-1,2,0.85,0.55,-1,-1,0.6,0.6,0.826588,0.008765
1,-1,2,0.85,0.55,-1,-1,0.65,0.65,0.837739,0.0073
1,-1,2,0.85,0.55,-1,-1,0.7,0.7,0.848528,0.006158
1,-1,2,0.85,0.55,-1,-1,0.75,0.75,0.856243,0.005379
1,-1,2,0.85,0.55,-1,-1,0.8,0.8,0.864138,0.004546
1,-1,2,0.85,0.55,-1,-1,0.85,0.85,0.869744,0.004237
1,-1,2,0.85,0.55,-1,-1,0.9,0.9,0.875831,0.004049
1,-1,2,0.85,0.55,-1,-1,0.95,0.95,0.881618,0.003928
1,-1,2,0.85,0.55,-1,-1,1.0,1.0,0.886982,0.003888
1,-1,2,0.9,0.55,-1,-1,0.05,0.05,0.743058,0.034408
1,-1,2,0.9,0.55,-1,-1,0.1,0.1,0.74388,0.032819
1,-1,2,0.9,0.55,-1,-1,0.15,0.15,0.745935,0.030962
1,-1,2,0.9,0.55,-1,-1,0.2,0.2,0.748881,0.028962
1,-1,2,0.9,0.55,-1,-1,0.25,0.25,0.75258,0.026736
1,-1,2,0.9,0.55,-1,-1,0.3,0.3,0.758472,0.023999
1,-1,2,0.9,0.55,-1,-1,0.35,0.35,0.766076,0.021446
1,-1,2,0.9,0.55,-1,-1,0.4,0.4,0.775257,0.019035
1,-1,2,0.9,0.55,-1,-1,0.45,0.45,0.787314,0.016242
1,-1,2,0.9,0.55,-1,-1,0.5,0.5,0.81047,0.012058
1,-1,2,0.9,0.55,-1,-1,0.55,0.55,0.824172,0.009449
1,-1,2,0.9,0.55,-1,-1,0.6,0.6,0.83801,0.007308
1,-1,2,0.9,0.55,-1,-1,0.65,0.65,0.850685,0.005762
1,-1,2,0.9,0.55,-1,-1,0.7,0.7,0.862948,0.004557
1,-1,2,0.9,0.55,-1,-1,0.75,0.75,0.871717,0.003734
1,-1,2,0.9,0.55,-1,-1,0.8,0.8,0.880691,0.002855
1,-1,2,0.9,0.55,-1,-1,0.85,0.85,0.887063,0.002529
1,-1,2,0.9,0.55,-1,-1,0.9,0.9,0.893982,0.00233
1,-1,2,0.9,0.55,-1,-1,0.95,0.95,0.900559,0.002203
1,-1,2,0.9,0.55,-1,-1,1.0,1.0,0.906656,0.00216
1,-1,2,0.95,0.55,-1,-1,0.05,0.05,0.74307,0.034377
1,-1,2,0.95,0.55,-1,-1,0.1,0.1,0.744037,0.032705
1,-1,2,0.95,0.55,-1,-1,0.15,0.15,0.746455,0.03075
1,-1,2,0.95,0.55,-1,-1,0.2,0.2,0.74992,0.028645
1,-1,2,0.95,0.55,-1,-1,0.25,0.25,0.754273,0.026301
1,-1,2,0.95,0.55,-1,-1,0.3,0.3,0.761204,0.02342
1,-1,2,0.95,0.55,-1,-1,0.35,0.35,0.770151,0.020733
1,-1,2,0.95,0.55,-1,-1,0.4,0.4,0.780951,0.018196
1,-1,2,0.95,0.55,-1,-1,0.45,0.45,0.795136,0.015255
1,-1,2,0.95,0.55,-1,-1,0.5,0.5,0.822378,0.010851
1,-1,2,0.95,0.55,-1,-1,0.55,0.55,0.838498,0.008105
1,-1,2,0.95,0.55,-1,-1,0.6,0.6,0.854779,0.005851
1,-1,2,0.95,0.55,-1,-1,0.65,0.65,0.869689,0.004224
1,-1,2,0.95,0.55,-1,-1,0.7,0.7,0.884116,0.002955
1,-1,2,0.95,0.55,-1,-1,0.75,0.75,0.894433,0.002089
1,-1,2,0.95,0.55,-1,-1,0.8,0.8,0.904991,0.001163
1,-1,2,0.95,0.55,-1,-1,0.85,0.85,0.912487,0.00082
1,-1,2,0.95,0.55,-1,-1,0.9,0.9,0.920627,0.000611
1,-1,2,0.95,0.55,-1,-1,0.95,0.95,0.928365,0.000477
1,-1,2,0.95,0.55,-1,-1,1.0,1.0,0.935538,0.000432
1,-1,2,1.0,0.55,-1,-1,0.05,0.05,0.743097,0.034369
1,-1,2,1.0,0.55,-1,-1,0.1,0.1,0.744388,0.032677
1,-1,2,1.0,0.55,-1,-1,0.15,0.15,0.747615,0.030697
1,-1,2,1.0,0.55,-1,-1,0.2,0.2,0.752241,0.028566
1,-1,2,1.0,0.55,-1,-1,0.25,0.25,0.75805,0.026193
1,-1,2,1.0,0.55,-1,-1,0.3,0.3,0.767302,0.023276
1,-1,2,1.0,0.55,-1,-1,0.35,0.35,0.779244,0.020555
1,-1,2,1.0,0.55,-1,-1,0.4,0.4,0.79366,0.017986
1,-1,2,1.0,0.55,-1,-1,0.45,0.45,0.812594,0.015008
1,-1,2,1.0,0.55,-1,-1,0.5,0.5,0.848956,0.01055
1,-1,2,1.0,0.55,-1,-1,0.55,0.55,0.870472,0.007769
1,-1,2,1.0,0.55,-1,-1,0.6,0.6,0.892204,0.005486
1,-1,2,1.0,0.55,-1,-1,0.65,0.65,0.912106,0.003839
1,-1,2,1.0,0.55,-1,-1,0.7,0.7,0.931363,0.002554
1,-1,2,1.0,0.55,-1,-1,0.75,0.75,0.945134,0.001678
1,-1,2,1.0,0.55,-1,-1,0.8,0.8,0.959227,0.000741
1,-1,2,1.0,0.55,-1,-1,0.85,0.85,0.969232,0.000393
1,-1,2,1.0,0.55,-1,-1,0.9,0.9,0.980098,0.000181
1,-1,2,1.0,0.55,-1,-1,0.95,0.95,0.990425,4.5e-05
1,-1,2,1.0,0.55,-1,-1,1.0,1.0,1.0,0.0
1,-1,2,0.6,0.6,-1,-1,0.05,0.05,0.773545,0.028078
1,-1,2,0.6,0.6,-1,-1,0.1,0.1,0.773545,0.028078
1,-1,2,0.6,0.6,-1,-1,0.15,0.15,0.773545,0.028078
1,-1,2,0.6,0.6,-1,-1,0.2,0.2,0.773545,0.028078
1,-1,2,0.6,0.6,-1,-1,0.25,0.25,0.773545,0.028078
1,-1,2,0.6,0.6,-1,-1,0.3,0.3,0.773545,0.028078
1,-1,2,0.6,0.6,-1,-1,0.35,0.35,0.773545,0.028078
1,-1,2,0.6,0.6,-1,-1,0.4,0.4,0.773545,0.028078
1,-1,2,0.6,0.6,-1,-1,0.45,0.45,0.773545,0.028078
1,-1,2,0.6,0.6,-1,-1,0.5,0.5,0.773545,0.028078
1,-1,2,0.6,0.6,-1,-1,0.55,0.55,0.773545,0.028078
1,-1,2,0.6,0.6,-1,-1,0.6,0.6,0.773545,0.028078
1,-1,2,0.6,0.6,-1,-1,0.65,0.65,0.773545,0.028078
1,-1,2,0.6,0.6,-1,-1,0.7,0.7,0.773545,0.028078
1,-1,2,0.6,0.6,-1,-1,0.75,0.75,0.773545,0.028078
1,-1,2,0.6,0.6,-1,-1,0.8,0.8,0.773545,0.028078
1,-1,2,0.6,0.6,-1,-1,0.85,0.85,0.773545,0.028078
1,-1,2,0.6,0.6,-1,-1,0.9,0.9,0.773545,0.028078
1,-1,2,0.6,0.6,-1,-1,0.95,0.95,0.773545,0.028078
1,-1,2,0.6,0.6,-1,-1,1.0,1.0,0.773545,0.028078
1,-1,2,0.65,0.6,-1,-1,0.05,0.05,0.773557,0.028009
1,-1,2,0.65,0.6,-1,-1,0.1,0.1,0.773704,0.027821
1,-1,2,0.65,0.6,-1,-1,0.15,0.15,0.774072,0.027601
1,-1,2,0.65,0.6,-1,-1,0.2,0.2,0.7746,0.027364
1,-1,2,0.65,0.6,-1,-1,0.25,0.25,0.775262,0.027101
1,-1,2,0.65,0.6,-1,-1,0.3,0.3,0.776317,0.026776
1,-1,2,0.65,0.6,-1,-1,0.35,0.35,0.777678,0.026474
1,-1,2,0.65,0.6,-1,-1,0.4,0.4,0.779322,0.026189
1,-1,2,0.65,0.6,-1,-1,0.45,0.45,0.78148,0.025858
1,-1,2,0.65,0.6,-1,-1,0.5,0.5,0.785626,0.025362
1,-1,2,0.65,0.6,-1,-1,0.55,0.55,0.788079,0.025053
1,-1,2,0.65,0.6,-1,-1,0.6,0.6,0.790557,0.0248
1,-1,2,0.65,0.6,-1,-1,0.65,0.65,0.792826,0.024617
1,-1,2,0.65,0.6,-1,-1,0.7,0.7,0.795021,0.024474
1,-1,2,0.65,0.6,-1,-1,0.75,0.75,0.796591,0.024376
1,-1,2,0.65,0.6,-1,-1,0.8,0.8,0.798198,0.024272
1,-1,2,0.65,0.6,-1,-1,0.85,0.85,0.799338,0.024234
1,-1,2,0.65,0.6,-1,-1,0.9,0.9,0.800577,0.02421
1,-1,2,0.65,0.6,-1,-1,0.95,0.95,0.801754,0.024195
1,-1,2,0.65,0.6,-1,-1,1.0,1.0,0.802846,0.02419
1,-1,2,0.7,0.6,-1,-1,0.05,0.05,0.773566,0.027894
1,-1,2,0.7,0.6,-1,-1,0.1,0.1,0.773818,0.027393
1,-1,2,0.7,0.6,-1,-1,0.15,0.15,0.774449,0.026806
1,-1,2,0.7,0.6,-1,-1,0.2,0.2,0.775353,0.026175
1,-1,2,0.7,0.6,-1,-1,0.25,0.25,0.776489,0.025472
1,-1,2,0.7,0.6,-1,-1,0.3,0.3,0.778297,0.024607
1,-1,2,0.7,0.6,-1,-1,0.35,0.35,0.780631,0.023801
1,-1,2,0.7,0.6,-1,-1,0.4,0.4,0.783448,0.02304
1,-1,2,0.7,0.6,-1,-1,0.45,0.45,0.787149,0.022158
1,-1,2,0.7,0.6,-1,-1,0.5,0.5,0.794256,0.020837
1,-1,2,0.7,0.6,-1,-1,0.55,0.55,0.798461,0.020013
1,-1,2,0.7,0.6,-1,-1,0.6,0.6,0.802708,0.019337
1,-1,2,0.7,0.6,-1,-1,0.65,0.65,0.806598,0.018848
1,-1,2,0.7,0.6,-1,-1,0.7,0.7,0.810361,0.018468
1,-1,2,0.7,0.6,-1,-1,0.75,0.75,0.813053,0.018208
1,-1,2,0.7,0.6,-1,-1,0.8,0.8,0.815807,0.01793
1,-1,2,0.7,0.6,-1,-1,0.85,0.85,0.817763,0.017827
1,-1,2,0.7,0.6,-1,-1,0.9,0.9,0.819886,0.017765
1,-1,2,0.7,0.6,-1,-1,0.95,0.95,0.821905,0.017724
1,-1,2,0.7,0.6,-1,-1,1.0,1.0,0.823776,0.017711
1,-1,2,0.75,0.6,-1,-1,0.05,0.05,0.773576,0.027826
1,-1,2,0.75,0.6,-1,-1,0.1,0.1,0.773953,0.027136
1,-1,2,0.75,0.6,-1,-1,0.15,0.15,0.774894,0.026329
1,-1,2,0.75,0.6,-1,-1,0.2,0.2,0.776242,0.025461
1,-1,2,0.75,0.6,-1,-1,0.25,0.25,0.777936,0.024494
1,-1,2,0.75,0.6,-1,-1,0.3,0.3,0.780633,0.023306
1,-1,2,0.75,0.6,-1,-1,0.35,0.35,0.784114,0.022197
1,-1,2,0.75,0.6,-1,-1,0.4,0.4,0.788317,0.021151
1,-1,2,0.75,0.6,-1,-1,0.45,0.45,0.793837,0.019938
1,-1,2,0.75,0.6,-1,-1,0.5,0.5,0.804438,0.018121
1,-1,2,0.75,0.6,-1,-1,0.55,0.55,0.810711,0.016988
1,-1,2,0.75,0.6,-1,-1,0.6,0.6,0.817046,0.016058
1,-1,2,0.75,0.6,-1,-1,0.65,0.65,0.822848,0.015387
1,-1,2,0.75,0.6,-1,-1,0.7,0.7,0.828462,0.014864
1,-1,2,0.75,0.6,-1,-1,0.75,0.75,0.832477,0.014506
1,-1,2,0.75,0.6,-1,-1,0.8,0.8,0.836585,0.014125
1,-1,2,0.75,0.6,-1,-1,0.85,0.85,0.839502,0.013983
1,-1,2,0.75,0.6,-1,-1,0.9,0.9,0.84267,0.013897
1,-1,2,0.75,0.6,-1,-1,0.95,0.95,0.845681,0.013841
1,-1,2,0.75,0.6,-1,-1,1.0,1.0,0.848472,0.013823
1,-1,2,0.8,0.6,-1,-1,0.05,0.05,0.773583,0.027703
1,-1,2,0.8,0.6,-1,-1,0.1,0.1,0.774044,0.026679
1,-1,2,0.8,0.6,-1,-1,0.15,0.15,0.775195,0.025481
1,-1,2,0.8,0.6,-1,-1,0.2,0.2,0.776845,0.024192
1,-1,2,0.8,0.6,-1,-1,0.25,0.25,0.778917,0.022757
1,-1,2,0.8,0.6,-1,-1,0.3,0.3,0.782217,0.020992
1,-1,2,0.8,0.6,-1,-1,0.35,0.35,0.786476,0.019346
1,-1,2,0.8,0.6,-1,-1,0.4,0.4,0.791618,0.017792
1,-1,2,0.8,0.6,-1,-1,0.45,0.45,0.798372,0.01599
1,-1,2,0.8,0.6,-1,-1,0.5,0.5,0.811342,0.013293
1,-1,2,0.8,0.6,-1,-1,0.55,0.55,0.819016,0.011611
1,-1,2,0.8,0.6,-1,-1,0.6,0.6,0.826767,0.01023
1,-1,2,0.8,0.6,-1,-1,0.65,0.65,0.833866,0.009233
1,-1,2,0.8,0.6,-1,-1,0.7,0.7,0.840735,0.008456
1,-1,2,0.8,0.6,-1,-1,0.75,0.75,0.845646,0.007926
1,-1,2,0.8,0.6,-1,-1,0.8,0.8,0.850673,0.007359
1,-1,2,0.8,0.6,-1,-1,0.85,0.85,0.854242,0.007149
1,-1,2,0.8,0.6,-1,-1,0.9,0.9,0.858117,0.007021
1,-1,2,0.8,0.6,-1,-1,0.95,0.95,0.861801,0.006938
1,-1,2,0.8,0.6,-1,-1,1.0,1.0,0.865216,0.006911
1,-1,2,0.85,0.6,-1,-1,0.05,0.05,0.773593,0.02765
1,-1,2,0.85,0.6,-1,-1,0.1,0.1,0.774162,0.026479
1,-1,2,0.85,0.6,-1,-1,0.15,0.15,0.775587,0.02511
1,-1,2,0.85,0.6,-1,-1,0.2,0.2,0.777629,0.023637
1,-1,2,0.85,0.6,-1,-1,0.25,0.25,0.780193,0.021997
1,-1,2,0.85,0.6,-1,-1,0.3,0.3,0.784276,0.01998
1,-1,2,0.85,0.6,-1,-1,0.35,0.35,0.789547,0.018099
1,-1,2,0.85,0.6,-1,-1,0.4,0.4,0.79591,0.016323
1,-1,2,0.85,0.6,-1,-1,0.45,0.45,0.804267,0.014264
1,-1,2,0.85,0.6,-1,-1,0.5,0.5,0.820316,0.011182
1,-1,2,0.85,0.6,-1,-1,0.55,0.55,0.829812,0.009259
1,-1,2,0.85,0.6,-1,-1,0.6,0.6,0.839404,0.007681
1,-1,2,0.85,0.6,-1,-1,0.65,0.65,0.848188,0.006542
1,-1,2,0.85,0.6,-1,-1,0.7,0.7,0.856688,0.005654
1,-1,2,0.85,0.6,-1,-1,0.75,0.75,0.862766,0.005048
1,-1,2,0.85,0.6,-1,-1,0.8,0.8,0.868986,0.0044
1,-1,2,0.85,0.6,-1,-1,0.85,0.85,0.873402,0.00416
1,-1,2,0.85,0.6,-1,-1,0.9,0.9,0.878198,0.004013
1,-1,2,0.85,0.6,-1,-1,0.95,0.95,0.882756,0.003919
1,-1,2,0.85,0.6,-1,-1,1.0,1.0,0.886982,0.003888
1,-1,2,0.9,0.6,-1,-1,0.05,0.05,0.773601,0.027619
1,-1,2,0.9,0.6,-1,-1,0.1,0.1,0.774269,0.026365
1,-1,2,0.9,0.6,-1,-1,0.15,0.15,0.775941,0.024898
1,-1,2,0.9,0.6,-1,-1,0.2,0.2,0.778337,0.02332
1,-1,2,0.9,0.6,-1,-1,0.25,0.25,0.781346,0.021562
1,-1,2,0.9,0.6,-1,-1,0.3,0.3,0.786137,0.019401
1,-1,2,0.9,0.6,-1,-1,0.35,0.35,0.792322,0.017386
1,-1,2,0.9,0.6,-1,-1,0.4,0.4,0.799788,0.015483
1,-1,2,0.9,0.6,-1,-1,0.45,0.45,0.809595,0.013277
1,-1,2,0.9,0.6,-1,-1,0.5,0.5,0.828427,0.009975
1,-1,2,0.9,0.6,-1,-1,0.55,0.55,0.839571,0.007915
1,-1,2,0.9,0.6,-1,-1,0.6,0.6,0.850826,0.006224
1,-1,2,0.9,0.6,-1,-1,0.65,0.65,0.861134,0.005004
1,-1,2,0.9,0.6,-1,-1,0.7,0.7,0.871108,0.004052
1,-1,2,0.9,0.6,-1,-1,0.75,0.75,0.87824,0.003403
1,-1,2,0.9,0.6,-1,-1,0.8,0.8,0.885539,0.002709
1,-1,2,0.9,0.6,-1,-1,0.85,0.85,0.890721,0.002451
1,-1,2,0.9,0.6,-1,-1,0.9,0.9,0.896348,0.002294
1,-1,2,0.9,0.6,-1,-1,0.95,0.95,0.901697,0.002194
1,-1,2,0.9,0.6,-1,-1,1.0,1.0,0.906656,0.00216
1,-1,2,0.95,0.6,-1,-1,0.05,0.05,0.773613,0.027588
1,-1,2,0.95,0.6,-1,-1,0.1,0.1,0.774427,0.026251
1,-1,2,0.95,0.6,-1,-1,0.15,0.15,0.776461,0.024686
1,-1,2,0.95,0.6,-1,-1,0.2,0.2,0.779376,0.023003
1,-1,2,0.95,0.6,-1,-1,0.25,0.25,0.783038,0.021128
1,-1,2,0.95,0.6,-1,-1,0.3,0.3,0.78887,0.018823
1,-1,2,0.95,0.6,-1,-1,0.35,0.35,0.796396,0.016673
1,-1,2,0.95,0.6,-1,-1,0.4,0.4,0.805483,0.014643
1,-1,2,0.95,0.6,-1,-1,0.45,0.45,0.817417,0.012291
1,-1,2,0.95,0.6,-1,-1,0.5,0.5,0.840336,0.008768
1,-1,2,0.95,0.6,-1,-1,0.55,0.55,0.853897,0.00657
1,-1,2,0.95,0.6,-1,-1,0.6,0.6,0.867595,0.004767
1,-1,2,0.95,0.6,-1,-1,0.65,0.65,0.880139,0.003465
1,-1,2,0.95,0.6,-1,-1,0.7,0.7,0.892277,0.00245
1,-1,2,0.95,0.6,-1,-1,0.75,0.75,0.900956,0.001758
1,-1,2,0.95,0.6,-1,-1,0.8,0.8,0.909839,0.001017
1,-1,2,0.95,0.6,-1,-1,0.85,0.85,0.916145,0.000742
1,-1,2,0.95,0.6,-1,-1,0.9,0.9,0.922994,0.000575
1,-1,2,0.95,0.6,-1,-1,0.95,0.95,0.929503,0.000468
1,-1,2,0.95,0.6,-1,-1,1.0,1.0,0.935538,0.000432
1,-1,2,1.0,0.6,-1,-1,0.05,0.05,0.77364,0.027581
1,-1,2,1.0,0.6,-1,-1,0.1,0.1,0.774777,0.026222
1,-1,2,1.0,0.6,-1,-1,0.15,0.15,0.777621,0.024633
1,-1,2,1.0,0.6,-1,-1,0.2,0.2,0.781697,0.022923
1,-1,2,1.0,0.6,-1,-1,0.25,0.25,0.786816,0.021019
1,-1,2,1.0,0.6,-1,-1,0.3,0.3,0.794968,0.018678
1,-1,2,1.0,0.6,-1,-1,0.35,0.35,0.805489,0.016495
1,-1,2,1.0,0.6,-1,-1,0.4,0.4,0.818192,0.014433
1,-1,2,1.0,0.6,-1,-1,0.45,0.45,0.834875,0.012044
1,-1,2,1.0,0.6,-1,-1,0.5,0.5,0.866914,0.008466
1,-1,2,1.0,0.6,-1,-1,0.55,0.55,0.885872,0.006234
1,-1,2,1.0,0.6,-1,-1,0.6,0.6,0.90502,0.004403
1,-1,2,1.0,0.6,-1,-1,0.65,0.65,0.922556,0.003081
1,-1,2,1.0,0.6,-1,-1,0.7,0.7,0.939524,0.00205
1,-1,2,1.0,0.6,-1,-1,0.75,0.75,0.951657,0.001346
1,-1,2,1.0,0.6,-1,-1,0.8,0.8,0.964074,0.000594
1,-1,2,1.0,0.6,-1,-1,0.85,0.85,0.97289,0.000315
1,-1,2,1.0,0.6,-1,-1,0.9,0.9,0.982464,0.000146
1,-1,2,1.0,0.6,-1,-1,0.95,0.95,0.991564,3.6e-05
1,-1,2,1.0,0.6,-1,-1,1.0,1.0,1.0,0.0
1,-1,2,0.65,0.65,-1,-1,0.05,0.05,0.802846,0.02419
1,-1,2,0.65,0.65,-1,-1,0.1,0.1,0.802846,0.02419
1,-1,2,0.65,0.65,-1,-1,0.15,0.15,0.802846,0.02419
1,-1,2,0.65,0.65,-1,-1,0.2,0.2,0.802846,0.02419
1,-1,2,0.65,0.65,-1,-1,0.25,0.25,0.802846,0.02419
1,-1,2,0.65,0.65,-1,-1,0.3,0.3,0.802846,0.02419
1,-1,2,0.65,0.65,-1,-1,0.35,0.35,0.802846,0.02419
1,-1,2,0.65,0.65,-1,-1,0.4,0.4,0.802846,0.02419
1,-1,2,0.65,0.65,-1,-1,0.45,0.45,0.802846,0.02419
1,-1,2,0.65,0.65,-1,-1,0.5,0.5,0.802846,0.02419
1,-1,2,0.65,0.65,-1,-1,0.55,0.55,0.802846,0.02419
1,-1,2,0.65,0.65,-1,-1,0.6,0.6,0.802846,0.02419
1,-1,2,0.65,0.65,-1,-1,0.65,0.65,0.802846,0.02419
1,-1,2,0.65,0.65,-1,-1,0.7,0.7,0.802846,0.02419
1,-1,2,0.65,0.65,-1,-1,0.75,0.75,0.802846,0.02419
1,-1,2,0.65,0.65,-1,-1,0.8,0.8,0.802846,0.02419
1,-1,2,0.65,0.65,-1,-1,0.85,0.85,0.802846,0.02419
1,-1,2,0.65,0.65,-1,-1,0.9,0.9,0.802846,0.02419
1,-1,2,0.65,0.65,-1,-1,0.95,0.95,0.802846,0.02419
1,-1,2,0.65,0.65,-1,-1,1.0,1.0,0.802846,0.02419
1,-1,2,0.7,0.65,-1,-1,0.05,0.05,0.802855,0.024075
1,-1,2,0.7,0.65,-1,-1,0.1,0.1,0.80296,0.023762
1,-1,2,0.7,0.65,-1,-1,0.15,0.15,0.803223,0.023395
1,-1,2,0.7,0.65,-1,-1,0.2,0.2,0.803599,0.023001
1,-1,2,0.7,0.65,-1,-1,0.25,0.25,0.804073,0.022561
1,-1,2,0.7,0.65,-1,-1,0.3,0.3,0.804826,0.022021
1,-1,2,0.7,0.65,-1,-1,0.35,0.35,0.805798,0.021517
1,-1,2,0.7,0.65,-1,-1,0.4,0.4,0.806972,0.021041
1,-1,2,0.7,0.65,-1,-1,0.45,0.45,0.808514,0.02049
1,-1,2,0.7,0.65,-1,-1,0.5,0.5,0.811476,0.019664
1,-1,2,0.7,0.65,-1,-1,0.55,0.55,0.813228,0.01915
1,-1,2,0.7,0.65,-1,-1,0.6,0.6,0.814997,0.018727
1,-1,2,0.7,0.65,-1,-1,0.65,0.65,0.816618,0.018422
1,-1,2,0.7,0.65,-1,-1,0.7,0.7,0.818186,0.018184
1,-1,2,0.7,0.65,-1,-1,0.75,0.75,0.819308,0.018022
1,-1,2,0.7,0.65,-1,-1,0.8,0.8,0.820456,0.017848
1,-1,2,0.7,0.65,-1,-1,0.85,0.85,0.82127,0.017784
1,-1,2,0.7,0.65,-1,-1,0.9,0.9,0.822155,0.017745
1,-1,2,0.7,0.65,-1,-1,0.95,0.95,0.822996,0.017719
1,-1,2,0.7,0.65,-1,-1,1.0,1.0,0.823776,0.017711
1,-1,2,0.75,0.65,-1,-1,0.05,0.05,0.802865,0.024006
1,-1,2,0.75,0.65,-1,-1,0.1,0.1,0.803094,0.023505
1,-1,2,0.75,0.65,-1,-1,0.15,0.15,0.803667,0.022918
1,-1,2,0.75,0.65,-1,-1,0.2,0.2,0.804488,0.022287
1,-1,2,0.75,0.65,-1,-1,0.25,0.25,0.80552,0.021584
1,-1,2,0.75,0.65,-1,-1,0.3,0.3,0.807162,0.020719
1,-1,2,0.75,0.65,-1,-1,0.35,0.35,0.809282,0.019913
1,-1,2,0.75,0.65,-1,-1,0.4,0.4,0.811841,0.019152
1,-1,2,0.75,0.65,-1,-1,0.45,0.45,0.815203,0.01827
1,-1,2,0.75,0.65,-1,-1,0.5,0.5,0.821658,0.016949
1,-1,2,0.75,0.65,-1,-1,0.55,0.55,0.825478,0.016125
1,-1,2,0.75,0.65,-1,-1,0.6,0.6,0.829335,0.015449
1,-1,2,0.75,0.65,-1,-1,0.65,0.65,0.832869,0.01496
1,-1,2,0.75,0.65,-1,-1,0.7,0.7,0.836287,0.01458
1,-1,2,0.75,0.65,-1,-1,0.75,0.75,0.838732,0.01432
1,-1,2,0.75,0.65,-1,-1,0.8,0.8,0.841234,0.014042
1,-1,2,0.75,0.65,-1,-1,0.85,0.85,0.84301,0.013939
1,-1,2,0.75,0.65,-1,-1,0.9,0.9,0.844939,0.013877
1,-1,2,0.75,0.65,-1,-1,0.95,0.95,0.846772,0.013836
1,-1,2,0.75,0.65,-1,-1,1.0,1.0,0.848472,0.013823
1,-1,2,0.8,0.65,-1,-1,0.05,0.05,0.802872,0.023884
1,-1,2,0.8,0.65,-1,-1,0.1,0.1,0.803185,0.023048
1,-1,2,0.8,0.65,-1,-1,0.15,0.15,0.803969,0.02207
1,-1,2,0.8,0.65,-1,-1,0.2,0.2,0.805091,0.021018
1,-1,2,0.8,0.65,-1,-1,0.25,0.25,0.806501,0.019846
1,-1,2,0.8,0.65,-1,-1,0.3,0.3,0.808746,0.018405
1,-1,2,0.8,0.65,-1,-1,0.35,0.35,0.811644,0.017062
1,-1,2,0.8,0.65,-1,-1,0.4,0.4,0.815142,0.015793
1,-1,2,0.8,0.65,-1,-1,0.45,0.45,0.819737,0.014323
1,-1,2,0.8,0.65,-1,-1,0.5,0.5,0.828562,0.012121
1,-1,2,0.8,0.65,-1,-1,0.55,0.55,0.833783,0.010747
1,-1,2,0.8,0.65,-1,-1,0.6,0.6,0.839057,0.00962
1,-1,2,0.8,0.65,-1,-1,0.65,0.65,0.843886,0.008807
1,-1,2,0.8,0.65,-1,-1,0.7,0.7,0.84856,0.008172
1,-1,2,0.8,0.65,-1,-1,0.75,0.75,0.851901,0.007739
1,-1,2,0.8,0.65,-1,-1,0.8,0.8,0.855321,0.007277
1,-1,2,0.8,0.65,-1,-1,0.85,0.85,0.857749,0.007105
1,-1,2,0.8,0.65,-1,-1,0.9,0.9,0.860386,0.007001
1,-1,2,0.8,0.65,-1,-1,0.95,0.95,0.862892,0.006933
1,-1,2,0.8,0.65,-1,-1,1.0,1.0,0.865216,0.006911
1,-1,2,0.85,0.65,-1,-1,0.05,0.05,0.802881,0.02383
1,-1,2,0.85,0.65,-1,-1,0.1,0.1,0.803304,0.022848
1,-1,2,0.85,0.65,-1,-1,0.15,0.15,0.80436,0.021699
1,-1,2,0.85,0.65,-1,-1,0.2,0.2,0.805875,0.020463
1,-1,2,0.85,0.65,-1,-1,0.25,0.25,0.807777,0.019086
1,-1,2,0.85,0.65,-1,-1,0.3,0.3,0.810805,0.017393
1,-1,2,0.85,0.65,-1,-1,0.35,0.35,0.814714,0.015815
1,-1,2,0.85,0.65,-1,-1,0.4,0.4,0.819434,0.014324
1,-1,2,0.85,0.65,-1,-1,0.45,0.45,0.825632,0.012596
1,-1,2,0.85,0.65,-1,-1,0.5,0.5,0.837536,0.010009
1,-1,2,0.85,0.65,-1,-1,0.55,0.55,0.844579,0.008396
1,-1,2,0.85,0.65,-1,-1,0.6,0.6,0.851694,0.007071
1,-1,2,0.85,0.65,-1,-1,0.65,0.65,0.858209,0.006116
1,-1,2,0.85,0.65,-1,-1,0.7,0.7,0.864513,0.00537
1,-1,2,0.85,0.65,-1,-1,0.75,0.75,0.869021,0.004861
1,-1,2,0.85,0.65,-1,-1,0.8,0.8,0.873634,0.004318
1,-1,2,0.85,0.65,-1,-1,0.85,0.85,0.87691,0.004116
1,-1,2,0.85,0.65,-1,-1,0.9,0.9,0.880467,0.003993
1,-1,2,0.85,0.65,-1,-1,0.95,0.95,0.883848,0.003914
1,-1,2,0.85,0.65,-1,-1,1.0,1.0,0.886982,0.003888
1,-1,2,0.9,0.65,-1,-1,0.05,0.05,0.802889,0.0238
1,-1,2,0.9,0.65,-1,-1,0.1,0.1,0.803411,0.022734
1,-1,2,0.9,0.65,-1,-1,0.15,0.15,0.804714,0.021487
1,-1,2,0.9,0.65,-1,-1,0.2,0.2,0.806583,0.020146
1,-1,2,0.9,0.65,-1,-1,0.25,0.25,0.808929,0.018652
1,-1,2,0.9,0.65,-1,-1,0.3,0.3,0.812666,0.016815
1,-1,2,0.9,0.65,-1,-1,0.35,0.35,0.81749,0.015102
1,-1,2,0.9,0.65,-1,-1,0.4,0.4,0.823313,0.013484
1,-1,2,0.9,0.65,-1,-1,0.45,0.45,0.83096,0.01161
1,-1,2,0.9,0.65,-1,-1,0.5,0.5,0.845647,0.008802
1,-1,2,0.9,0.65,-1,-1,0.55,0.55,0.854338,0.007051
1,-1,2,0.9,0.65,-1,-1,0.6,0.6,0.863116,0.005614
1,-1,2,0.9,0.65,-1,-1,0.65,0.65,0.871155,0.004577
1,-1,2,0.9,0.65,-1,-1,0.7,0.7,0.878933,0.003768
1,-1,2,0.9,0.65,-1,-1,0.75,0.75,0.884495,0.003216
1,-1,2,0.9,0.65,-1,-1,0.8,0.8,0.890187,0.002626
1,-1,2,0.9,0.65,-1,-1,0.85,0.85,0.894228,0.002407
1,-1,2,0.9,0.65,-1,-1,0.9,0.9,0.898617,0.002274
1,-1,2,0.9,0.65,-1,-1,0.95,0.95,0.902789,0.002189
1,-1,2,0.9,0.65,-1,-1,1.0,1.0,0.906656,0.00216
1,-1,2,0.95,0.65,-1,-1,0.05,0.05,0.802902,0.023769
1,-1,2,0.95,0.65,-1,-1,0.1,0.1,0.803568,0.02262
1,-1,2,0.95,0.65,-1,-1,0.15,0.15,0.805234,0.021275
1,-1,2,0.95,0.65,-1,-1,0.2,0.2,0.807623,0.019828
1,-1,2,0.95,0.65,-1,-1,0.25,0.25,0.810622,0.018217
1,-1,2,0.95,0.65,-1,-1,0.3,0.3,0.815399,0.016236
1,-1,2,0.95,0.65,-1,-1,0.35,0.35,0.821564,0.014389
1,-1,2,0.95,0.65,-1,-1,0.4,0.4,0.829007,0.012645
1,-1,2,0.95,0.65,-1,-1,0.45,0.45,0.838782,0.010623
1,-1,2,0.95,0.65,-1,-1,0.5,0.5,0.857556,0.007595
1,-1,2,0.95,0.65,-1,-1,0.55,0.55,0.868664,0.005707
1,-1,2,0.95,0.65,-1,-1,0.6,0.6,0.879884,0.004157
1,-1,2,0.95,0.65,-1,-1,0.65,0.65,0.890159,0.003039
1,-1,2,0.95,0.65,-1,-1,0.7,0.7,0.900102,0.002166
1,-1,2,0.95,0.65,-1,-1,0.75,0.75,0.907211,0.001571
1,-1,2,0.95,0.65,-1,-1,0.8,0.8,0.914487,0.000935
1,-1,2,0.95,0.65,-1,-1,0.85,0.85,0.919653,0.000699
1,-1,2,0.95,0.65,-1,-1,0.9,0.9,0.925263,0.000555
1,-1,2,0.95,0.65,-1,-1,0.95,0.95,0.930595,0.000463
1,-1,2,0.95,0.65,-1,-1,1.0,1.0,0.935538,0.000432
1,-1,2,1.0,0.65,-1,-1,0.05,0.05,0.802929,0.023762
1,-1,2,1.0,0.65,-1,-1,0.1,0.1,0.803919,0.022591
1,-1,2,1.0,0.65,-1,-1,0.15,0.15,0.806395,0.021222
1,-1,2,1.0,0.65,-1,-1,0.2,0.2,0.809943,0.019749
1,-1,2,1.0,0.65,-1,-1,0.25,0.25,0.8144,0.018109
1,-1,2,1.0,0.65,-1,-1,0.3,0.3,0.821497,0.016092
1,-1,2,1.0,0.65,-1,-1,0.35,0.35,0.830657,0.014211
1,-1,2,1.0,0.65,-1,-1,0.4,0.4,0.841716,0.012435
1,-1,2,1.0,0.65,-1,-1,0.45,0.45,0.85624,0.010376
1,-1,2,1.0,0.65,-1,-1,0.5,0.5,0.884134,0.007294
1,-1,2,1.0,0.65,-1,-1,0.55,0.55,0.900639,0.005371
1,-1,2,1.0,0.65,-1,-1,0.6,0.6,0.917309,0.003793
1,-1,2,1.0,0.65,-1,-1,0.65,0.65,0.932576,0.002654
1,-1,2,1.0,0.65,-1,-1,0.7,0.7,0.947349,0.001766
1,-1,2,1.0,0.65,-1,-1,0.75,0.75,0.957912,0.00116
1,-1,2,1.0,0.65,-1,-1,0.8,0.8,0.968723,0.000512
1,-1,2,1.0,0.65,-1,-1,0.85,0.85,0.976398,0.000272
1,-1,2,1.0,0.65,-1,-1,0.9,0.9,0.984733,0.000125
1,-1,2,1.0,0.65,-1,-1,0.95,0.95,0.992655,3.1e-05
1,-1,2,1.0,0.65,-1,-1,1.0,1.0,1.0,0.0
1,-1,2,0.7,0.7,-1,-1,0.05,0.05,0.823776,0.017711
1,-1,2,0.7,0.7,-1,-1,0.1,0.1,0.823776,0.017711
1,-1,2,0.7,0.7,-1,-1,0.15,0.15,0.823776,0.017711
1,-1,2,0.7,0.7,-1,-1,0.2,0.2,0.823776,0.017711
1,-1,2,0.7,0.7,-1,-1,0.25,0.25,0.823776,0.017711
1,-1,2,0.7,0.7,-1,-1,0.3,0.3,0.823776,0.017711
1,-1,2,0.7,0.7,-1,-1,0.35,0.35,0.823776,0.017711
1,-1,2,0.7,0.7,-1,-1,0.4,0.4,0.823776,0.017711
1,-1,2,0.7,0.7,-1,-1,0.45,0.45,0.823776,0.017711
1,-1,2,0.7,0.7,-1,-1,0.5,0.5,0.823776,0.017711
1,-1,2,0.7,0.7,-1,-1,0.55,0.55,0.823776,0.017711
1,-1,2,0.7,0.7,-1,-1,0.6,0.6,0.823776,0.017711
1,-1,2,0.7,0.7,-1,-1,0.65,0.65,0.823776,0.017711
1,-1,2,0.7,0.7,-1,-1,0.7,0.7,0.823776,0.017711
1,-1,2,0.7,0.7,-1,-1,0.75,0.75,0.823776,0.017711
1,-1,2,0.7,0.7,-1,-1,0.8,0.8,0.823776,0.017711
1,-1,2,0.7,0.7,-1,-1,0.85,0.85,0.823776,0.017711
1,-1,2,0.7,0.7,-1,-1,0.9,0.9,0.823776,0.017711
1,-1,2,0.7,0.7,-1,-1,0.95,0.95,0.823776,0.017711
1,-1,2,0.7,0.7,-1,-1,1.0,1.0,0.823776,0.017711
1,-1,2,0.75,0.7,-1,-1,0.05,0.05,0.823786,0.017642
1,-1,2,0.75,0.7,-1,-1,0.1,0.1,0.82391,0.017454
1,-1,2,0.75,0.7,-1,-1,0.15,0.15,0.824221,0.017234
1,-1,2,0.75,0.7,-1,-1,0.2,0.2,0.824665,0.016997
1,-1,2,0.75,0.7,-1,-1,0.25,0.25,0.825223,0.016734
1,-1,2,0.75,0.7,-1,-1,0.3,0.3,0.826112,0.016409
1,-1,2,0.75,0.7,-1,-1,0.35,0.35,0.82726,0.016107
1,-1,2,0.75,0.7,-1,-1,0.4,0.4,0.828645,0.015822
1,-1,2,0.75,0.7,-1,-1,0.45,0.45,0.830464,0.015491
1,-1,2,0.75,0.7,-1,-1,0.5,0.5,0.833958,0.014995
1,-1,2,0.75,0.7,-1,-1,0.55,0.55,0.836026,0.014686
1,-1,2,0.75,0.7,-1,-1,0.6,0.6,0.838114,0.014433
1,-1,2,0.75,0.7,-1,-1,0.65,0.65,0.840026,0.01425
1,-1,2,0.75,0.7,-1,-1,0.7,0.7,0.841877,0.014107
1,-1,2,0.75,0.7,-1,-1,0.75,0.75,0.8432,0.014009
1,-1,2,0.75,0.7,-1,-1,0.8,0.8,0.844554,0.013905
1,-1,2,0.75,0.7,-1,-1,0.85,0.85,0.845516,0.013867
1,-1,2,0.75,0.7,-1,-1,0.9,0.9,0.84656,0.013843
1,-1,2,0.75,0.7,-1,-1,0.95,0.95,0.847552,0.013828
1,-1,2,0.75,0.7,-1,-1,1.0,1.0,0.848472,0.013823
1,-1,2,0.8,0.7,-1,-1,0.05,0.05,0.823793,0.01752
1,-1,2,0.8,0.7,-1,-1,0.1,0.1,0.824002,0.016997
1,-1,2,0.8,0.7,-1,-1,0.15,0.15,0.824522,0.016386
1,-1,2,0.8,0.7,-1,-1,0.2,0.2,0.825268,0.015728
1,-1,2,0.8,0.7,-1,-1,0.25,0.25,0.826204,0.014996
1,-1,2,0.8,0.7,-1,-1,0.3,0.3,0.827696,0.014095
1,-1,2,0.8,0.7,-1,-1,0.35,0.35,0.829622,0.013256
1,-1,2,0.8,0.7,-1,-1,0.4,0.4,0.831946,0.012463
1,-1,2,0.8,0.7,-1,-1,0.45,0.45,0.834999,0.011544
1,-1,2,0.8,0.7,-1,-1,0.5,0.5,0.840862,0.010167
1,-1,2,0.8,0.7,-1,-1,0.55,0.55,0.844331,0.009309
1,-1,2,0.8,0.7,-1,-1,0.6,0.6,0.847835,0.008604
1,-1,2,0.8,0.7,-1,-1,0.65,0.65,0.851044,0.008096
1,-1,2,0.8,0.7,-1,-1,0.7,0.7,0.854149,0.007699
1,-1,2,0.8,0.7,-1,-1,0.75,0.75,0.856369,0.007429
1,-1,2,0.8,0.7,-1,-1,0.8,0.8,0.858642,0.00714
1,-1,2,0.8,0.7,-1,-1,0.85,0.85,0.860255,0.007032
1,-1,2,0.8,0.7,-1,-1,0.9,0.9,0.862007,0.006967
1,-1,2,0.8,0.7,-1,-1,0.95,0.95,0.863672,0.006925
1,-1,2,0.8,0.7,-1,-1,1.0,1.0,0.865216,0.006911
1,-1,2,0.85,0.7,-1,-1,0.05,0.05,0.823802,0.017466
1,-1,2,0.85,0.7,-1,-1,0.1,0.1,0.82412,0.016797
1,-1,2,0.85,0.7,-1,-1,0.15,0.15,0.824914,0.016015
1,-1,2,0.85,0.7,-1,-1,0.2,0.2,0.826051,0.015173
1,-1,2,0.85,0.7,-1,-1,0.25,0.25,0.82748,0.014236
1,-1,2,0.85,0.7,-1,-1,0.3,0.3,0.829755,0.013083
1,-1,2,0.85,0.7,-1,-1,0.35,0.35,0.832692,0.012009
1,-1,2,0.85,0.7,-1,-1,0.4,0.4,0.836237,0.010994
1,-1,2,0.85,0.7,-1,-1,0.45,0.45,0.840894,0.009817
1,-1,2,0.85,0.7,-1,-1,0.5,0.5,0.849836,0.008056
1,-1,2,0.85,0.7,-1,-1,0.55,0.55,0.855128,0.006957
1,-1,2,0.85,0.7,-1,-1,0.6,0.6,0.860472,0.006055
1,-1,2,0.85,0.7,-1,-1,0.65,0.65,0.865367,0.005405
1,-1,2,0.85,0.7,-1,-1,0.7,0.7,0.870102,0.004897
1,-1,2,0.85,0.7,-1,-1,0.75,0.75,0.873489,0.004551
1,-1,2,0.85,0.7,-1,-1,0.8,0.8,0.876955,0.004181
1,-1,2,0.85,0.7,-1,-1,0.85,0.85,0.879415,0.004043
1,-1,2,0.85,0.7,-1,-1,0.9,0.9,0.882087,0.00396
1,-1,2,0.85,0.7,-1,-1,0.95,0.95,0.884627,0.003906
1,-1,2,0.85,0.7,-1,-1,1.0,1.0,0.886982,0.003888
1,-1,2,0.9,0.7,-1,-1,0.05,0.05,0.823811,0.017436
1,-1,2,0.9,0.7,-1,-1,0.1,0.1,0.824227,0.016683
1,-1,2,0.9,0.7,-1,-1,0.15,0.15,0.825268,0.015803
1,-1,2,0.9,0.7,-1,-1,0.2,0.2,0.82676,0.014856
1,-1,2,0.9,0.7,-1,-1,0.25,0.25,0.828633,0.013801
1,-1,2,0.9,0.7,-1,-1,0.3,0.3,0.831616,0.012505
1,-1,2,0.9,0.7,-1,-1,0.35,0.35,0.835467,0.011296
1,-1,2,0.9,0.7,-1,-1,0.4,0.4,0.840116,0.010154
1,-1,2,0.9,0.7,-1,-1,0.45,0.45,0.846222,0.00883
1,-1,2,0.9,0.7,-1,-1,0.5,0.5,0.857948,0.006849
1,-1,2,0.9,0.7,-1,-1,0.55,0.55,0.864886,0.005613
1,-1,2,0.9,0.7,-1,-1,0.6,0.6,0.871894,0.004598
1,-1,2,0.9,0.7,-1,-1,0.65,0.65,0.878312,0.003866
1,-1,2,0.9,0.7,-1,-1,0.7,0.7,0.884522,0.003295
1,-1,2,0.9,0.7,-1,-1,0.75,0.75,0.888963,0.002906
1,-1,2,0.9,0.7,-1,-1,0.8,0.8,0.893508,0.002489
1,-1,2,0.9,0.7,-1,-1,0.85,0.85,0.896734,0.002335
1,-1,2,0.9,0.7,-1,-1,0.9,0.9,0.900238,0.002241
1,-1,2,0.9,0.7,-1,-1,0.95,0.95,0.903568,0.00218
1,-1,2,0.9,0.7,-1,-1,1.0,1.0,0.906656,0.00216
1,-1,2,0.95,0.7,-1,-1,0.05,0.05,0.823823,0.017405
1,-1,2,0.95,0.7,-1,-1,0.1,0.1,0.824384,0.016569
1,-1,2,0.95,0.7,-1,-1,0.15,0.15,0.825788,0.015591
1,-1,2,0.95,0.7,-1,-1,0.2,0.2,0.827799,0.014539
1,-1,2,0.95,0.7,-1,-1,0.25,0.25,0.830325,0.013367
1,-1,2,0.95,0.7,-1,-1,0.3,0.3,0.834349,0.011926
1,-1,2,0.95,0.7,-1,-1,0.35,0.35,0.839541,0.010583
1,-1,2,0.95,0.7,-1,-1,0.4,0.4,0.84581,0.009314
1,-1,2,0.95,0.7,-1,-1,0.45,0.45,0.854044,0.007844
1,-1,2,0.95,0.7,-1,-1,0.5,0.5,0.869856,0.005642
1,-1,2,0.95,0.7,-1,-1,0.55,0.55,0.879213,0.004268
1,-1,2,0.95,0.7,-1,-1,0.6,0.6,0.888663,0.003141
1,-1,2,0.95,0.7,-1,-1,0.65,0.65,0.897317,0.002328
1,-1,2,0.95,0.7,-1,-1,0.7,0.7,0.905691,0.001693
1,-1,2,0.95,0.7,-1,-1,0.75,0.75,0.911679,0.00126
1,-1,2,0.95,0.7,-1,-1,0.8,0.8,0.917808,0.000798
1,-1,2,0.95,0.7,-1,-1,0.85,0.85,0.922158,0.000626
1,-1,2,0.95,0.7,-1,-1,0.9,0.9,0.926883,0.000522
1,-1,2,0.95,0.7,-1,-1,0.95,0.95,0.931374,0.000454
1,-1,2,0.95,0.7,-1,-1,1.0,1.0,0.935538,0.000432
1,-1,2,1.0,0.7,-1,-1,0.05,0.05,0.82385,0.017397
1,-1,2,1.0,0.7,-1,-1,0.1,0.1,0.824735,0.01654
1,-1,2,1.0,0.7,-1,-1,0.15,0.15,0.826948,0.015538
1,-1,2,1.0,0.7,-1,-1,0.2,0.2,0.83012,0.01446
1,-1,2,1.0,0.7,-1,-1,0.25,0.25,0.834103,0.013258
1,-1,2,1.0,0.7,-1,-1,0.3,0.3,0.840447,0.011782
1,-1,2,1.0,0.7,-1,-1,0.35,0.35,0.848635,0.010405
1,-1,2,1.0,0.7,-1,-1,0.4,0.4,0.858519,0.009104
1,-1,2,1.0,0.7,-1,-1,0.45,0.45,0.871502,0.007597
1,-1,2,1.0,0.7,-1,-1,0.5,0.5,0.896434,0.00534
1,-1,2,1.0,0.7,-1,-1,0.55,0.55,0.911187,0.003932
1,-1,2,1.0,0.7,-1,-1,0.6,0.6,0.926088,0.002777
1,-1,2,1.0,0.7,-1,-1,0.65,0.65,0.939734,0.001943
1,-1,2,1.0,0.7,-1,-1,0.7,0.7,0.952938,0.001293
1,-1,2,1.0,0.7,-1,-1,0.75,0.75,0.96238,0.000849
1,-1,2,1.0,0.7,-1,-1,0.8,0.8,0.972043,0.000375
1,-1,2,1.0,0.7,-1,-1,0.85,0.85,0.978903,0.000199
1,-1,2,1.0,0.7,-1,-1,0.9,0.9,0.986354,9.2e-05
1,-1,2,1.0,0.7,-1,-1,0.95,0.95,0.993435,2.3e-05
1,-1,2,1.0,0.7,-1,-1,1.0,1.0,1.0,0.0
1,-1,2,0.75,0.75,-1,-1,0.05,0.05,0.848472,0.013823
1,-1,2,0.75,0.75,-1,-1,0.1,0.1,0.848472,0.013823
1,-1,2,0.75,0.75,-1,-1,0.15,0.15,0.848472,0.013823
1,-1,2,0.75,0.75,-1,-1,0.2,0.2,0.848472,0.013823
1,-1,2,0.75,0.75,-1,-1,0.25,0.25,0.848472,0.013823
1,-1,2,0.75,0.75,-1,-1,0.3,0.3,0.848472,0.013823
1,-1,2,0.75,0.75,-1,-1,0.35,0.35,0.848472,0.013823
1,-1,2,0.75,0.75,-1,-1,0.4,0.4,0.848472,0.013823
1,-1,2,0.75,0.75,-1,-1,0.45,0.45,0.848472,0.013823
1,-1,2,0.75,0.75,-1,-1,0.5,0.5,0.848472,0.013823
1,-1,2,0.75,0.75,-1,-1,0.55,0.55,0.848472,0.013823
1,-1,2,0.75,0.75,-1,-1,0.6,0.6,0.848472,0.013823
1,-1,2,0.75,0.75,-1,-1,0.65,0.65,0.848472,0.013823
1,-1,2,0.75,0.75,-1,-1,0.7,0.7,0.848472,0.013823
1,-1,2,0.75,0.75,-1,-1,0.75,0.75,0.848472,0.013823
1,-1,2,0.75,0.75,-1,-1,0.8,0.8,0.848472,0.013823
1,-1,2,0.75,0.75,-1,-1,0.85,0.85,0.848472,0.013823
1,-1,2,0.75,0.75,-1,-1,0.9,0.9,0.848472,0.013823
1,-1,2,0.75,0.75,-1,-1,0.95,0.95,0.848472,0.013823
1,-1,2,0.75,0.75,-1,-1,1.0,1.0,0.848472,0.013823
1,-1,2,0.8,0.75,-1,-1,0.05,0.05,0.848479,0.013701
1,-1,2,0.8,0.75,-1,-1,0.1,0.1,0.848563,0.013366
1,-1,2,0.8,0.75,-1,-1,0.15,0.15,0.848773,0.012975
1,-1,2,0.8,0.75,-1,-1,0.2,0.2,0.849075,0.012554
1,-1,2,0.8,0.75,-1,-1,0.25,0.25,0.849453,0.012085
1,-1,2,0.8,0.75,-1,-1,0.3,0.3,0.850056,0.011509
1,-1,2,0.8,0.75,-1,-1,0.35,0.35,0.850834,0.010972
1,-1,2,0.8,0.75,-1,-1,0.4,0.4,0.851773,0.010464
1,-1,2,0.8,0.75,-1,-1,0.45,0.45,0.853007,0.009876
1,-1,2,0.8,0.75,-1,-1,0.5,0.5,0.855376,0.008995
1,-1,2,0.8,0.75,-1,-1,0.55,0.55,0.856777,0.008446
1,-1,2,0.8,0.75,-1,-1,0.6,0.6,0.858193,0.007995
1,-1,2,0.8,0.75,-1,-1,0.65,0.65,0.85949,0.007669
1,-1,2,0.8,0.75,-1,-1,0.7,0.7,0.860744,0.007416
1,-1,2,0.8,0.75,-1,-1,0.75,0.75,0.861642,0.007242
1,-1,2,0.8,0.75,-1,-1,0.8,0.8,0.86256,0.007057
1,-1,2,0.8,0.75,-1,-1,0.85,0.85,0.863211,0.006989
1,-1,2,0.8,0.75,-1,-1,0.9,0.9,0.863919,0.006947
1,-1,2,0.8,0.75,-1,-1,0.95,0.95,0.864592,0.00692
1,-1,2,0.8,0.75,-1,-1,1.0,1.0,0.865216,0.006911
1,-1,2,0.85,0.75,-1,-1,0.05,0.05,0.848488,0.013647
1,-1,2,0.85,0.75,-1,-1,0.1,0.1,0.848682,0.013166
1,-1,2,0.85,0.75,-1,-1,0.15,0.15,0.849165,0.012604
1,-1,2,0.85,0.75,-1,-1,0.2,0.2,0.849858,0.011999
1,-1,2,0.85,0.75,-1,-1,0.25,0.25,0.850729,0.011325
1,-1,2,0.85,0.75,-1,-1,0.3,0.3,0.852115,0.010497
1,-1,2,0.85,0.75,-1,-1,0.35,0.35,0.853904,0.009725
1,-1,2,0.85,0.75,-1,-1,0.4,0.4,0.856064,0.008995
1,-1,2,0.85,0.75,-1,-1,0.45,0.45,0.858901,0.00815
1,-1,2,0.85,0.75,-1,-1,0.5,0.5,0.86435,0.006884
1,-1,2,0.85,0.75,-1,-1,0.55,0.55,0.867574,0.006094
1,-1,2,0.85,0.75,-1,-1,0.6,0.6,0.87083,0.005446
1,-1,2,0.85,0.75,-1,-1,0.65,0.65,0.873812,0.004978
1,-1,2,0.85,0.75,-1,-1,0.7,0.7,0.876698,0.004613
1,-1,2,0.85,0.75,-1,-1,0.75,0.75,0.878761,0.004364
1,-1,2,0.85,0.75,-1,-1,0.8,0.8,0.880873,0.004098
1,-1,2,0.85,0.75,-1,-1,0.85,0.85,0.882372,0.004
1,-1,2,0.85,0.75,-1,-1,0.9,0.9,0.884,0.00394
1,-1,2,0.85,0.75,-1,-1,0.95,0.95,0.885547,0.003901
1,-1,2,0.85,0.75,-1,-1,1.0,1.0,0.886982,0.003888
1,-1,2,0.9,0.75,-1,-1,0.05,0.05,0.848496,0.013616
1,-1,2,0.9,0.75,-1,-1,0.1,0.1,0.848789,0.013052
1,-1,2,0.9,0.75,-1,-1,0.15,0.15,0.849519,0.012392
1,-1,2,0.9,0.75,-1,-1,0.2,0.2,0.850567,0.011682
1,-1,2,0.9,0.75,-1,-1,0.25,0.25,0.851882,0.010891
1,-1,2,0.9,0.75,-1,-1,0.3,0.3,0.853976,0.009919
1,-1,2,0.9,0.75,-1,-1,0.35,0.35,0.85668,0.009012
1,-1,2,0.9,0.75,-1,-1,0.4,0.4,0.859943,0.008155
1,-1,2,0.9,0.75,-1,-1,0.45,0.45,0.86423,0.007163
1,-1,2,0.9,0.75,-1,-1,0.5,0.5,0.872462,0.005677
1,-1,2,0.9,0.75,-1,-1,0.55,0.55,0.877333,0.00475
1,-1,2,0.9,0.75,-1,-1,0.6,0.6,0.882252,0.003989
1,-1,2,0.9,0.75,-1,-1,0.65,0.65,0.886758,0.00344
1,-1,2,0.9,0.75,-1,-1,0.7,0.7,0.891118,0.003011
1,-1,2,0.9,0.75,-1,-1,0.75,0.75,0.894235,0.002719
1,-1,2,0.9,0.75,-1,-1,0.8,0.8,0.897425,0.002407
1,-1,2,0.9,0.75,-1,-1,0.85,0.85,0.899691,0.002291
1,-1,2,0.9,0.75,-1,-1,0.9,0.9,0.90215,0.00222
1,-1,2,0.9,0.75,-1,-1,0.95,0.95,0.904488,0.002175
1,-1,2,0.9,0.75,-1,-1,1.0,1.0,0.906656,0.00216
1,-1,2,0.95,0.75,-1,-1,0.05,0.05,0.848508,0.013586
1,-1,2,0.95,0.75,-1,-1,0.1,0.1,0.848946,0.012938
1,-1,2,0.95,0.75,-1,-1,0.15,0.15,0.850039,0.01218
1,-1,2,0.95,0.75,-1,-1,0.2,0.2,0.851606,0.011365
1,-1,2,0.95,0.75,-1,-1,0.25,0.25,0.853574,0.010456
1,-1,2,0.95,0.75,-1,-1,0.3,0.3,0.856708,0.00934
1,-1,2,0.95,0.75,-1,-1,0.35,0.35,0.860754,0.008299
1,-1,2,0.95,0.75,-1,-1,0.4,0.4,0.865637,0.007315
1,-1,2,0.95,0.75,-1,-1,0.45,0.45,0.872052,0.006176
1,-1,2,0.95,0.75,-1,-1,0.5,0.5,0.88437,0.00447
1,-1,2,0.95,0.75,-1,-1,0.55,0.55,0.891659,0.003405
1,-1,2,0.95,0.75,-1,-1,0.6,0.6,0.899021,0.002532
1,-1,2,0.95,0.75,-1,-1,0.65,0.65,0.905763,0.001901
1,-1,2,0.95,0.75,-1,-1,0.7,0.7,0.912286,0.00141
1,-1,2,0.95,0.75,-1,-1,0.75,0.75,0.916951,0.001074
1,-1,2,0.95,0.75,-1,-1,0.8,0.8,0.921726,0.000715
1,-1,2,0.95,0.75,-1,-1,0.85,0.85,0.925115,0.000582
1,-1,2,0.95,0.75,-1,-1,0.9,0.9,0.928796,0.000501
1,-1,2,0.95,0.75,-1,-1,0.95,0.95,0.932294,0.000449
1,-1,2,0.95,0.75,-1,-1,1.0,1.0,0.935538,0.000432
1,-1,2,1.0,0.75,-1,-1,0.05,0.05,0.848535,0.013578
1,-1,2,1.0,0.75,-1,-1,0.1,0.1,0.849297,0.012909
1,-1,2,1.0,0.75,-1,-1,0.15,0.15,0.851199,0.012127
1,-1,2,1.0,0.75,-1,-1,0.2,0.2,0.853927,0.011285
1,-1,2,1.0,0.75,-1,-1,0.25,0.25,0.857352,0.010348
1,-1,2,1.0,0.75,-1,-1,0.3,0.3,0.862807,0.009195
1,-1,2,1.0,0.75,-1,-1,0.35,0.35,0.869847,0.008121
1,-1,2,1.0,0.75,-1,-1,0.4,0.4,0.878346,0.007106
1,-1,2,1.0,0.75,-1,-1,0.45,0.45,0.88951,0.005929
1,-1,2,1.0,0.75,-1,-1,0.5,0.5,0.910948,0.004168
1,-1,2,1.0,0.75,-1,-1,0.55,0.55,0.923633,0.003069
1,-1,2,1.0,0.75,-1,-1,0.6,0.6,0.936446,0.002167
1,-1,2,1.0,0.75,-1,-1,0.65,0.65,0.94818,0.001517
1,-1,2,1.0,0.75,-1,-1,0.7,0.7,0.959533,0.001009
1,-1,2,1.0,0.75,-1,-1,0.75,0.75,0.967652,0.000663
1,-1,2,1.0,0.75,-1,-1,0.8,0.8,0.975961,0.000293
1,-1,2,1.0,0.75,-1,-1,0.85,0.85,0.98186,0.000155
1,-1,2,1.0,0.75,-1,-1,0.9,0.9,0.988266,7.2e-05
1,-1,2,1.0,0.75,-1,-1,0.95,0.95,0.994355,1.8e-05
1,-1,2,1.0,0.75,-1,-1,1.0,1.0,1.0,0.0
1,-1,2,0.8,0.8,-1,-1,0.05,0.05,0.865216,0.006911
1,-1,2,0.8,0.8,-1,-1,0.1,0.1,0.865216,0.006911
1,-1,2,0.8,0.8,-1,-1,0.15,0.15,0.865216,0.006911
1,-1,2,0.8,0.8,-1,-1,0.2,0.2,0.865216,0.006911
1,-1,2,0.8,0.8,-1,-1,0.25,0.25,0.865216,0.006911
1,-1,2,0.8,0.8,-1,-1,0.3,0.3,0.865216,0.006911
1,-1,2,0.8,0.8,-1,-1,0.35,0.35,0.865216,0.006911
1,-1,2,0.8,0.8,-1,-1,0.4,0.4,0.865216,0.006911
1,-1,2,0.8,0.8,-1,-1,0.45,0.45,0.865216,0.006911
1,-1,2,0.8,0.8,-1,-1,0.5,0.5,0.865216,0.006911
1,-1,2,0.8,0.8,-1,-1,0.55,0.55,0.865216,0.006911
1,-1,2,0.8,0.8,-1,-1,0.6,0.6,0.865216,0.006911
1,-1,2,0.8,0.8,-1,-1,0.65,0.65,0.865216,0.006911
1,-1,2,0.8,0.8,-1,-1,0.7,0.7,0.865216,0.006911
1,-1,2,0.8,0.8,-1,-1,0.75,0.75,0.865216,0.006911
1,-1,2,0.8,0.8,-1,-1,0.8,0.8,0.865216,0.006911
1,-1,2,0.8,0.8,-1,-1,0.85,0.85,0.865216,0.006911
1,-1,2,0.8,0.8,-1,-1,0.9,0.9,0.865216,0.006911
1,-1,2,0.8,0.8,-1,-1,0.95,0.95,0.865216,0.006911
1,-1,2,0.8,0.8,-1,-1,1.0,1.0,0.865216,0.006911
1,-1,2,0.85,0.8,-1,-1,0.05,0.05,0.865225,0.006857
1,-1,2,0.85,0.8,-1,-1,0.1,0.1,0.865334,0.006711
1,-1,2,0.85,0.8,-1,-1,0.15,0.15,0.865608,0.00654
1,-1,2,0.85,0.8,-1,-1,0.2,0.2,0.866,0.006356
1,-1,2,0.85,0.8,-1,-1,0.25,0.25,0.866492,0.006151
1,-1,2,0.85,0.8,-1,-1,0.3,0.3,0.867275,0.005899
1,-1,2,0.85,0.8,-1,-1,0.35,0.35,0.868286,0.005664
1,-1,2,0.85,0.8,-1,-1,0.4,0.4,0.869507,0.005442
1,-1,2,0.85,0.8,-1,-1,0.45,0.45,0.871111,0.005185
1,-1,2,0.85,0.8,-1,-1,0.5,0.5,0.87419,0.004799
1,-1,2,0.85,0.8,-1,-1,0.55,0.55,0.876012,0.004559
1,-1,2,0.85,0.8,-1,-1,0.6,0.6,0.877853,0.004362
1,-1,2,0.85,0.8,-1,-1,0.65,0.65,0.879538,0.00422
1,-1,2,0.85,0.8,-1,-1,0.7,0.7,0.881169,0.004109
1,-1,2,0.85,0.8,-1,-1,0.75,0.75,0.882335,0.004033
1,-1,2,0.85,0.8,-1,-1,0.8,0.8,0.883529,0.003952
1,-1,2,0.85,0.8,-1,-1,0.85,0.85,0.884376,0.003922
1,-1,2,0.85,0.8,-1,-1,0.9,0.9,0.885296,0.003904
1,-1,2,0.85,0.8,-1,-1,0.95,0.95,0.886171,0.003892
1,-1,2,0.85,0.8,-1,-1,1.0,1.0,0.886982,0.003888
1,-1,2,0.9,0.8,-1,-1,0.05,0.05,0.865233,0.006827
1,-1,2,0.9,0.8,-1,-1,0.1,0.1,0.865442,0.006597
1,-1,2,0.9,0.8,-1,-1,0.15,0.15,0.865962,0.006328
1,-1,2,0.9,0.8,-1,-1,0.2,0.2,0.866708,0.006039
1,-1,2,0.9,0.8,-1,-1,0.25,0.25,0.867644,0.005717
1,-1,2,0.9,0.8,-1,-1,0.3,0.3,0.869136,0.00532
1,-1,2,0.9,0.8,-1,-1,0.35,0.35,0.871062,0.004951
1,-1,2,0.9,0.8,-1,-1,0.4,0.4,0.873386,0.004602
1,-1,2,0.9,0.8,-1,-1,0.45,0.45,0.876439,0.004198
1,-1,2,0.9,0.8,-1,-1,0.5,0.5,0.882302,0.003592
1,-1,2,0.9,0.8,-1,-1,0.55,0.55,0.885771,0.003215
1,-1,2,0.9,0.8,-1,-1,0.6,0.6,0.889275,0.002905
1,-1,2,0.9,0.8,-1,-1,0.65,0.65,0.892484,0.002681
1,-1,2,0.9,0.8,-1,-1,0.7,0.7,0.895589,0.002507
1,-1,2,0.9,0.8,-1,-1,0.75,0.75,0.897809,0.002388
1,-1,2,0.9,0.8,-1,-1,0.8,0.8,0.900082,0.002261
1,-1,2,0.9,0.8,-1,-1,0.85,0.85,0.901695,0.002213
1,-1,2,0.9,0.8,-1,-1,0.9,0.9,0.903447,0.002185
1,-1,2,0.9,0.8,-1,-1,0.95,0.95,0.905112,0.002166
1,-1,2,0.9,0.8,-1,-1,1.0,1.0,0.906656,0.00216
1,-1,2,0.95,0.8,-1,-1,0.05,0.05,0.865245,0.006796
1,-1,2,0.95,0.8,-1,-1,0.1,0.1,0.865599,0.006483
1,-1,2,0.95,0.8,-1,-1,0.15,0.15,0.866482,0.006116
1,-1,2,0.95,0.8,-1,-1,0.2,0.2,0.867747,0.005722
1,-1,2,0.95,0.8,-1,-1,0.25,0.25,0.869337,0.005282
1,-1,2,0.95,0.8,-1,-1,0.3,0.3,0.871868,0.004742
1,-1,2,0.95,0.8,-1,-1,0.35,0.35,0.875136,0.004238
1,-1,2,0.95,0.8,-1,-1,0.4,0.4,0.87908,0.003762
1,-1,2,0.95,0.8,-1,-1,0.45,0.45,0.884261,0.003211
1,-1,2,0.95,0.8,-1,-1,0.5,0.5,0.89421,0.002385
1,-1,2,0.95,0.8,-1,-1,0.55,0.55,0.900097,0.001871
1,-1,2,0.95,0.8,-1,-1,0.6,0.6,0.906043,0.001448
1,-1,2,0.95,0.8,-1,-1,0.65,0.65,0.911489,0.001143
1,-1,2,0.95,0.8,-1,-1,0.7,0.7,0.916758,0.000905
1,-1,2,0.95,0.8,-1,-1,0.75,0.75,0.920526,0.000743
1,-1,2,0.95,0.8,-1,-1,0.8,0.8,0.924382,0.000569
1,-1,2,0.95,0.8,-1,-1,0.85,0.85,0.927119,0.000505
1,-1,2,0.95,0.8,-1,-1,0.9,0.9,0.930092,0.000466
1,-1,2,0.95,0.8,-1,-1,0.95,0.95,0.932918,0.00044
1,-1,2,0.95,0.8,-1,-1,1.0,1.0,0.935538,0.000432
1,-1,2,1.0,0.8,-1,-1,0.05,0.05,0.865272,0.006789
1,-1,2,1.0,0.8,-1,-1,0.1,0.1,0.865949,0.006454
1,-1,2,1.0,0.8,-1,-1,0.15,0.15,0.867642,0.006063
1,-1,2,1.0,0.8,-1,-1,0.2,0.2,0.870068,0.005642
1,-1,2,1.0,0.8,-1,-1,0.25,0.25,0.873115,0.005174
1,-1,2,1.0,0.8,-1,-1,0.3,0.3,0.877967,0.004597
1,-1,2,1.0,0.8,-1,-1,0.35,0.35,0.884229,0.00406
1,-1,2,1.0,0.8,-1,-1,0.4,0.4,0.891789,0.003553
1,-1,2,1.0,0.8,-1,-1,0.45,0.45,0.901719,0.002964
1,-1,2,1.0,0.8,-1,-1,0.5,0.5,0.920788,0.002084
1,-1,2,1.0,0.8,-1,-1,0.55,0.55,0.932072,0.001534
1,-1,2,1.0,0.8,-1,-1,0.6,0.6,0.943469,0.001084
1,-1,2,1.0,0.8,-1,-1,0.65,0.65,0.953906,0.000758
1,-1,2,1.0,0.8,-1,-1,0.7,0.7,0.964005,0.000505
1,-1,2,1.0,0.8,-1,-1,0.75,0.75,0.971227,0.000331
1,-1,2,1.0,0.8,-1,-1,0.8,0.8,0.978617,0.000146
1,-1,2,1.0,0.8,-1,-1,0.85,0.85,0.983864,7.8e-05
1,-1,2,1.0,0.8,-1,-1,0.9,0.9,0.989563,3.6e-05
1,-1,2,1.0,0.8,-1,-1,0.95,0.95,0.994979,9e-06
1,-1,2,1.0,0.8,-1,-1,1.0,1.0,1.0,0.0
1,-1,2,0.85,0.85,-1,-1,0.05,0.05,0.886982,0.003888
1,-1,2,0.85,0.85,-1,-1,0.1,0.1,0.886982,0.003888
1,-1,2,0.85,0.85,-1,-1,0.15,0.15,0.886982,0.003888
1,-1,2,0.85,0.85,-1,-1,0.2,0.2,0.886982,0.003888
1,-1,2,0.85,0.85,-1,-1,0.25,0.25,0.886982,0.003888
1,-1,2,0.85,0.85,-1,-1,0.3,0.3,0.886982,0.003888
1,-1,2,0.85,0.85,-1,-1,0.35,0.35,0.886982,0.003888
1,-1,2,0.85,0.85,-1,-1,0.4,0.4,0.886982,0.003888
1,-1,2,0.85,0.85,-1,-1,0.45,0.45,0.886982,0.003888
1,-1,2,0.85,0.85,-1,-1,0.5,0.5,0.886982,0.003888
1,-1,2,0.85,0.85,-1,-1,0.55,0.55,0.886982,0.003888
1,-1,2,0.85,0.85,-1,-1,0.6,0.6,0.886982,0.003888
1,-1,2,0.85,0.85,-1,-1,0.65,0.65,0.886982,0.003888
1,-1,2,0.85,0.85,-1,-1,0.7,0.7,0.886982,0.003888
1,-1,2,0.85,0.85,-1,-1,0.75,0.75,0.886982,0.003888
1,-1,2,0.85,0.85,-1,-1,0.8,0.8,0.886982,0.003888
1,-1,2,0.85,0.85,-1,-1,0.85,0.85,0.886982,0.003888
1,-1,2,0.85,0.85,-1,-1,0.9,0.9,0.886982,0.003888
1,-1,2,0.85,0.85,-1,-1,0.95,0.95,0.886982,0.003888
1,-1,2,0.85,0.85,-1,-1,1.0,1.0,0.886982,0.003888
1,-1,2,0.9,0.85,-1,-1,0.05,0.05,0.88699,0.003857
1,-1,2,0.9,0.85,-1,-1,0.1,0.1,0.887089,0.003774
1,-1,2,0.9,0.85,-1,-1,0.15,0.15,0.887336,0.003676
1,-1,2,0.9,0.85,-1,-1,0.2,0.2,0.88769,0.003571
1,-1,2,0.9,0.85,-1,-1,0.25,0.25,0.888135,0.003454
1,-1,2,0.9,0.85,-1,-1,0.3,0.3,0.888843,0.00331
1,-1,2,0.9,0.85,-1,-1,0.35,0.35,0.889757,0.003175
1,-1,2,0.9,0.85,-1,-1,0.4,0.4,0.890861,0.003048
1,-1,2,0.9,0.85,-1,-1,0.45,0.45,0.89231,0.002901
1,-1,2,0.9,0.85,-1,-1,0.5,0.5,0.895094,0.002681
1,-1,2,0.9,0.85,-1,-1,0.55,0.55,0.896741,0.002544
1,-1,2,0.9,0.85,-1,-1,0.6,0.6,0.898404,0.002431
1,-1,2,0.9,0.85,-1,-1,0.65,0.65,0.899928,0.00235
1,-1,2,0.9,0.85,-1,-1,0.7,0.7,0.901402,0.002286
1,-1,2,0.9,0.85,-1,-1,0.75,0.75,0.902456,0.002243
1,-1,2,0.9,0.85,-1,-1,0.8,0.8,0.903535,0.002197
1,-1,2,0.9,0.85,-1,-1,0.85,0.85,0.904301,0.002179
1,-1,2,0.9,0.85,-1,-1,0.9,0.9,0.905132,0.002169
1,-1,2,0.9,0.85,-1,-1,0.95,0.95,0.905923,0.002162
1,-1,2,0.9,0.85,-1,-1,1.0,1.0,0.906656,0.00216
1,-1,2,0.95,0.85,-1,-1,0.05,0.05,0.887002,0.003827
1,-1,2,0.95,0.85,-1,-1,0.1,0.1,0.887246,0.00366
1,-1,2,0.95,0.85,-1,-1,0.15,0.15,0.887856,0.003464
1,-1,2,0.95,0.85,-1,-1,0.2,0.2,0.88873,0.003254
1,-1,2,0.95,0.85,-1,-1,0.25,0.25,0.889827,0.003019
1,-1,2,0.95,0.85,-1,-1,0.3,0.3,0.891575,0.002731
1,-1,2,0.95,0.85,-1,-1,0.35,0.35,0.893831,0.002462
1,-1,2,0.95,0.85,-1,-1,0.4,0.4,0.896555,0.002209
1,-1,2,0.95,0.85,-1,-1,0.45,0.45,0.900132,0.001914
1,-1,2,0.95,0.85,-1,-1,0.5,0.5,0.907002,0.001474
1,-1,2,0.95,0.85,-1,-1,0.55,0.55,0.911067,0.001199
1,-1,2,0.95,0.85,-1,-1,0.6,0.6,0.915173,0.000974
1,-1,2,0.95,0.85,-1,-1,0.65,0.65,0.918933,0.000811
1,-1,2,0.95,0.85,-1,-1,0.7,0.7,0.922571,0.000684
1,-1,2,0.95,0.85,-1,-1,0.75,0.75,0.925172,0.000598
1,-1,2,0.95,0.85,-1,-1,0.8,0.8,0.927835,0.000505
1,-1,2,0.95,0.85,-1,-1,0.85,0.85,0.929725,0.000471
1,-1,2,0.95,0.85,-1,-1,0.9,0.9,0.931778,0.00045
1,-1,2,0.95,0.85,-1,-1,0.95,0.95,0.933729,0.000436
1,-1,2,0.95,0.85,-1,-1,1.0,1.0,0.935538,0.000432
1,-1,2,1.0,0.85,-1,-1,0.05,0.05,0.887029,0.003819
1,-1,2,1.0,0.85,-1,-1,0.1,0.1,0.887597,0.003631
1,-1,2,1.0,0.85,-1,-1,0.15,0.15,0.889016,0.003411
1,-1,2,1.0,0.85,-1,-1,0.2,0.2,0.89105,0.003174
1,-1,2,1.0,0.85,-1,-1,0.25,0.25,0.893605,0.002911
1,-1,2,1.0,0.85,-1,-1,0.3,0.3,0.897674,0.002586
1,-1,2,1.0,0.85,-1,-1,0.35,0.35,0.902925,0.002284
1,-1,2,1.0,0.85,-1,-1,0.4,0.4,0.909264,0.001999
1,-1,2,1.0,0.85,-1,-1,0.45,0.45,0.91759,0.001668
1,-1,2,1.0,0.85,-1,-1,0.5,0.5,0.93358,0.001172
1,-1,2,1.0,0.85,-1,-1,0.55,0.55,0.943042,0.000863
1,-1,2,1.0,0.85,-1,-1,0.6,0.6,0.952598,0.00061
1,-1,2,1.0,0.85,-1,-1,0.65,0.65,0.96135,0.000427
1,-1,2,1.0,0.85,-1,-1,0.7,0.7,0.969818,0.000284
1,-1,2,1.0,0.85,-1,-1,0.75,0.75,0.975873,0.000186
1,-1,2,1.0,0.85,-1,-1,0.8,0.8,0.98207,8.2e-05
1,-1,2,1.0,0.85,-1,-1,0.85,0.85,0.98647,4.4e-05
1,-1,2,1.0,0.85,-1,-1,0.9,0.9,0.991248,2e-05
1,-1,2,1.0,0.85,-1,-1,0.95,0.95,0.99579,5e-06
1,-1,2,1.0,0.85,-1,-1,1.0,1.0,1.0,0.0
1,-1,2,0.9,0.9,-1,-1,0.05,0.05,0.906656,0.00216
1,-1,2,0.9,0.9,-1,-1,0.1,0.1,0.906656,0.00216
1,-1,2,0.9,0.9,-1,-1,0.15,0.15,0.906656,0.00216
1,-1,2,0.9,0.9,-1,-1,0.2,0.2,0.906656,0.00216
1,-1,2,0.9,0.9,-1,-1,0.25,0.25,0.906656,0.00216
1,-1,2,0.9,0.9,-1,-1,0.3,0.3,0.906656,0.00216
1,-1,2,0.9,0.9,-1,-1,0.35,0.35,0.906656,0.00216
1,-1,2,0.9,0.9,-1,-1,0.4,0.4,0.906656,0.00216
1,-1,2,0.9,0.9,-1,-1,0.45,0.45,0.906656,0.00216
1,-1,2,0.9,0.9,-1,-1,0.5,0.5,0.906656,0.00216
1,-1,2,0.9,0.9,-1,-1,0.55,0.55,0.906656,0.00216
1,-1,2,0.9,0.9,-1,-1,0.6,0.6,0.906656,0.00216
1,-1,2,0.9,0.9,-1,-1,0.65,0.65,0.906656,0.00216
1,-1,2,0.9,0.9,-1,-1,0.7,0.7,0.906656,0.00216
1,-1,2,0.9,0.9,-1,-1,0.75,0.75,0.906656,0.00216
1,-1,2,0.9,0.9,-1,-1,0.8,0.8,0.906656,0.00216
1,-1,2,0.9,0.9,-1,-1,0.85,0.85,0.906656,0.00216
1,-1,2,0.9,0.9,-1,-1,0.9,0.9,0.906656,0.00216
1,-1,2,0.9,0.9,-1,-1,0.95,0.95,0.906656,0.00216
1,-1,2,0.9,0.9,-1,-1,1.0,1.0,0.906656,0.00216
1,-1,2,0.95,0.9,-1,-1,0.05,0.05,0.906668,0.002129
1,-1,2,0.95,0.9,-1,-1,0.1,0.1,0.906813,0.002046
1,-1,2,0.95,0.9,-1,-1,0.15,0.15,0.907176,0.001948
1,-1,2,0.95,0.9,-1,-1,0.2,0.2,0.907696,0.001843
1,-1,2,0.95,0.9,-1,-1,0.25,0.25,0.908349,0.001726
1,-1,2,0.95,0.9,-1,-1,0.3,0.3,0.909388,0.001582
1,-1,2,0.95,0.9,-1,-1,0.35,0.35,0.91073,0.001447
1,-1,2,0.95,0.9,-1,-1,0.4,0.4,0.91235,0.00132
1,-1,2,0.95,0.9,-1,-1,0.45,0.45,0.914478,0.001173
1,-1,2,0.95,0.9,-1,-1,0.5,0.5,0.918564,0.000953
1,-1,2,0.95,0.9,-1,-1,0.55,0.55,0.920982,0.000816
1,-1,2,0.95,0.9,-1,-1,0.6,0.6,0.923424,0.000703
1,-1,2,0.95,0.9,-1,-1,0.65,0.65,0.925661,0.000622
1,-1,2,0.95,0.9,-1,-1,0.7,0.7,0.927825,0.000558
1,-1,2,0.95,0.9,-1,-1,0.75,0.75,0.929372,0.000515
1,-1,2,0.95,0.9,-1,-1,0.8,0.8,0.930956,0.000469
1,-1,2,0.95,0.9,-1,-1,0.85,0.85,0.93208,0.000451
1,-1,2,0.95,0.9,-1,-1,0.9,0.9,0.933301,0.000441
1,-1,2,0.95,0.9,-1,-1,0.95,0.95,0.934462,0.000434
1,-1,2,0.95,0.9,-1,-1,1.0,1.0,0.935538,0.000432
1,-1,2,1.0,0.9,-1,-1,0.05,0.05,0.906695,0.002122
1,-1,2,1.0,0.9,-1,-1,0.1,0.1,0.907164,0.002017
1,-1,2,1.0,0.9,-1,-1,0.15,0.15,0.908336,0.001895
1,-1,2,1.0,0.9,-1,-1,0.2,0.2,0.910016,0.001763
1,-1,2,1.0,0.9,-1,-1,0.25,0.25,0.912126,0.001617
1,-1,2,1.0,0.9,-1,-1,0.3,0.3,0.915486,0.001437
1,-1,2,1.0,0.9,-1,-1,0.35,0.35,0.919823,0.001269
1,-1,2,1.0,0.9,-1,-1,0.4,0.4,0.925059,0.00111
1,-1,2,1.0,0.9,-1,-1,0.45,0.45,0.931936,0.000927
1,-1,2,1.0,0.9,-1,-1,0.5,0.5,0.945142,0.000651
1,-1,2,1.0,0.9,-1,-1,0.55,0.55,0.952957,0.00048
1,-1,2,1.0,0.9,-1,-1,0.6,0.6,0.960849,0.000339
1,-1,2,1.0,0.9,-1,-1,0.65,0.65,0.968078,0.000237
1,-1,2,1.0,0.9,-1,-1,0.7,0.7,0.975072,0.000158
1,-1,2,1.0,0.9,-1,-1,0.75,0.75,0.980073,0.000104
1,-1,2,1.0,0.9,-1,-1,0.8,0.8,0.985192,4.6e-05
1,-1,2,1.0,0.9,-1,-1,0.85,0.85,0.988825,2.4e-05
1,-1,2,1.0,0.9,-1,-1,0.9,0.9,0.992772,1.1e-05
1,-1,2,1.0,0.9,-1,-1,0.95,0.95,0.996523,3e-06
1,-1,2,1.0,0.9,-1,-1,1.0,1.0,1.0,0.0
1,-1,2,0.95,0.95,-1,-1,0.05,0.05,0.935538,0.000432
1,-1,2,0.95,0.95,-1,-1,0.1,0.1,0.935538,0.000432
1,-1,2,0.95,0.95,-1,-1,0.15,0.15,0.935538,0.000432
1,-1,2,0.95,0.95,-1,-1,0.2,0.2,0.935538,0.000432
1,-1,2,0.95,0.95,-1,-1,0.25,0.25,0.935538,0.000432
1,-1,2,0.95,0.95,-1,-1,0.3,0.3,0.935538,0.000432
1,-1,2,0.95,0.95,-1,-1,0.35,0.35,0.935538,0.000432
1,-1,2,0.95,0.95,-1,-1,0.4,0.4,0.935538,0.000432
1,-1,2,0.95,0.95,-1,-1,0.45,0.45,0.935538,0.000432
1,-1,2,0.95,0.95,-1,-1,0.5,0.5,0.935538,0.000432
1,-1,2,0.95,0.95,-1,-1,0.55,0.55,0.935538,0.000432
1,-1,2,0.95,0.95,-1,-1,0.6,0.6,0.935538,0.000432
1,-1,2,0.95,0.95,-1,-1,0.65,0.65,0.935538,0.000432
1,-1,2,0.95,0.95,-1,-1,0.7,0.7,0.935538,0.000432
1,-1,2,0.95,0.95,-1,-1,0.75,0.75,0.935538,0.000432
1,-1,2,0.95,0.95,-1,-1,0.8,0.8,0.935538,0.000432
1,-1,2,0.95,0.95,-1,-1,0.85,0.85,0.935538,0.000432
1,-1,2,0.95,0.95,-1,-1,0.9,0.9,0.935538,0.000432
1,-1,2,0.95,0.95,-1,-1,0.95,0.95,0.935538,0.000432
1,-1,2,0.95,0.95,-1,-1,1.0,1.0,0.935538,0.000432
1,-1,2,1.0,0.95,-1,-1,0.05,0.05,0.935565,0.000424
1,-1,2,1.0,0.95,-1,-1,0.1,0.1,0.935889,0.000403
1,-1,2,1.0,0.95,-1,-1,0.15,0.15,0.936698,0.000379
1,-1,2,1.0,0.95,-1,-1,0.2,0.2,0.937859,0.000353
1,-1,2,1.0,0.95,-1,-1,0.25,0.25,0.939316,0.000323
1,-1,2,1.0,0.95,-1,-1,0.3,0.3,0.941636,0.000287
1,-1,2,1.0,0.95,-1,-1,0.35,0.35,0.944631,0.000254
1,-1,2,1.0,0.95,-1,-1,0.4,0.4,0.948247,0.000222
1,-1,2,1.0,0.95,-1,-1,0.45,0.45,0.952996,0.000185
1,-1,2,1.0,0.95,-1,-1,0.5,0.5,0.962116,0.00013
1,-1,2,1.0,0.95,-1,-1,0.55,0.55,0.967513,9.6e-05
1,-1,2,1.0,0.95,-1,-1,0.6,0.6,0.972963,6.8e-05
1,-1,2,1.0,0.95,-1,-1,0.65,0.65,0.977955,4.7e-05
1,-1,2,1.0,0.95,-1,-1,0.7,0.7,0.982785,3.2e-05
1,-1,2,1.0,0.95,-1,-1,0.75,0.75,0.986239,2.1e-05
1,-1,2,1.0,0.95,-1,-1,0.8,0.8,0.989773,9e-06
1,-1,2,1.0,0.95,-1,-1,0.85,0.85,0.992283,5e-06
1,-1,2,1.0,0.95,-1,-1,0.9,0.9,0.995008,2e-06
1,-1,2,1.0,0.95,-1,-1,0.95,0.95,0.997599,1e-06
1,-1,2,1.0,0.95,-1,-1,1.0,1.0,1.0,0.0
1,-1,2,1.0,1.0,-1,-1,0.05,0.05,1.0,0.0
1,-1,2,1.0,1.0,-1,-1,0.1,0.1,1.0,0.0
1,-1,2,1.0,1.0,-1,-1,0.15,0.15,1.0,0.0
1,-1,2,1.0,1.0,-1,-1,0.2,0.2,1.0,0.0
1,-1,2,1.0,1.0,-1,-1,0.25,0.25,1.0,0.0
1,-1,2,1.0,1.0,-1,-1,0.3,0.3,1.0,0.0
1,-1,2,1.0,1.0,-1,-1,0.35,0.35,1.0,0.0
1,-1,2,1.0,1.0,-1,-1,0.4,0.4,1.0,0.0
1,-1,2,1.0,1.0,-1,-1,0.45,0.45,1.0,0.0
1,-1,2,1.0,1.0,-1,-1,0.5,0.5,1.0,0.0
1,-1,2,1.0,1.0,-1,-1,0.55,0.55,1.0,0.0
1,-1,2,1.0,1.0,-1,-1,0.6,0.6,1.0,0.0
1,-1,2,1.0,1.0,-1,-1,0.65,0.65,1.0,0.0
1,-1,2,1.0,1.0,-1,-1,0.7,0.7,1.0,0.0
1,-1,2,1.0,1.0,-1,-1,0.75,0.75,1.0,0.0
1,-1,2,1.0,1.0,-1,-1,0.8,0.8,1.0,0.0
1,-1,2,1.0,1.0,-1,-1,0.85,0.85,1.0,0.0
1,-1,2,1.0,1.0,-1,-1,0.9,0.9,1.0,0.0
1,-1,2,1.0,1.0,-1,-1,0.95,0.95,1.0,0.0
1,-1,2,1.0,1.0,-1,-1,1.0,1.0,1.0,0.0
