sbi_stage,ucf_stage,xception_stage,sbi_upper_threshold,sbi_lower_threshold,ucf_upper_threshold,ucf_lower_threshold,xception_upper_threshold,xception_lower_threshold,FAR,FRR
2,-1,1,0.05,0.05,-1,-1,0.05,0.05,0.000419,0.982289
2,-1,1,0.1,0.1,-1,-1,0.05,0.05,0.000419,0.982289
2,-1,1,0.15,0.15,-1,-1,0.05,0.05,0.000419,0.982289
2,-1,1,0.2,0.2,-1,-1,0.05,0.05,0.000419,0.982289
2,-1,1,0.25,0.25,-1,-1,0.05,0.05,0.000419,0.982289
2,-1,1,0.3,0.3,-1,-1,0.05,0.05,0.000419,0.982289
2,-1,1,0.35,0.35,-1,-1,0.05,0.05,0.000419,0.982289
2,-1,1,0.4,0.4,-1,-1,0.05,0.05,0.000419,0.982289
2,-1,1,0.45,0.45,-1,-1,0.05,0.05,0.000419,0.982289
2,-1,1,0.5,0.5,-1,-1,0.05,0.05,0.000419,0.982289
2,-1,1,0.55,0.55,-1,-1,0.05,0.05,0.000419,0.982289
2,-1,1,0.6,0.6,-1,-1,0.05,0.05,0.000419,0.982289
2,-1,1,0.65,0.65,-1,-1,0.05,0.05,0.000419,0.982289
2,-1,1,0.7,0.7,-1,-1,0.05,0.05,0.000419,0.982289
2,-1,1,0.75,0.75,-1,-1,0.05,0.05,0.000419,0.982289
2,-1,1,0.8,0.8,-1,-1,0.05,0.05,0.000419,0.982289
2,-1,1,0.85,0.85,-1,-1,0.05,0.05,0.000419,0.982289
2,-1,1,0.9,0.9,-1,-1,0.05,0.05,0.000419,0.982289
2,-1,1,0.95,0.95,-1,-1,0.05,0.05,0.000419,0.982289
2,-1,1,1.0,1.0,-1,-1,0.05,0.05,0.000419,0.982289
2,-1,1,0.05,0.05,-1,-1,0.1,0.05,0.001165,0.964086
2,-1,1,0.1,0.1,-1,-1,0.1,0.05,0.001758,0.954306
2,-1,1,0.15,0.15,-1,-1,0.1,0.05,0.002227,0.948831
2,-1,1,0.2,0.2,-1,-1,0.1,0.05,0.002566,0.94509
2,-1,1,0.25,0.25,-1,-1,0.1,0.05,0.002919,0.942185
2,-1,1,0.3,0.3,-1,-1,0.1,0.05,0.003203,0.940576
2,-1,1,0.35,0.35,-1,-1,0.1,0.05,0.003405,0.938987
2,-1,1,0.4,0.4,-1,-1,0.1,0.05,0.003636,0.937838
2,-1,1,0.45,0.45,-1,-1,0.1,0.05,0.003806,0.936835
2,-1,1,0.5,0.5,-1,-1,0.1,0.05,0.004004,0.936187
2,-1,1,0.55,0.55,-1,-1,0.1,0.05,0.004151,0.935602
2,-1,1,0.6,0.6,-1,-1,0.1,0.05,0.004305,0.935267
2,-1,1,0.65,0.65,-1,-1,0.1,0.05,0.004452,0.935079
2,-1,1,0.7,0.7,-1,-1,0.1,0.05,0.004557,0.934766
2,-1,1,0.75,0.75,-1,-1,0.1,0.05,0.004681,0.934578
2,-1,1,0.8,0.8,-1,-1,0.1,0.05,0.004765,0.934243
2,-1,1,0.85,0.85,-1,-1,0.1,0.05,0.004874,0.934097
2,-1,1,0.9,0.9,-1,-1,0.1,0.05,0.004973,0.934014
2,-1,1,0.95,0.95,-1,-1,0.1,0.05,0.005118,0.93393
2,-1,1,1.0,1.0,-1,-1,0.1,0.05,0.005442,0.933909
2,-1,1,0.05,0.05,-1,-1,0.15,0.05,0.003031,0.942796
2,-1,1,0.1,0.1,-1,-1,0.15,0.05,0.005107,0.921576
2,-1,1,0.15,0.15,-1,-1,0.15,0.05,0.006748,0.909696
2,-1,1,0.2,0.2,-1,-1,0.15,0.05,0.007932,0.90158
2,-1,1,0.25,0.25,-1,-1,0.15,0.05,0.009169,0.895277
2,-1,1,0.3,0.3,-1,-1,0.15,0.05,0.010162,0.891786
2,-1,1,0.35,0.35,-1,-1,0.15,0.05,0.010868,0.88834
2,-1,1,0.4,0.4,-1,-1,0.15,0.05,0.011678,0.885846
2,-1,1,0.45,0.45,-1,-1,0.15,0.05,0.012274,0.88367
2,-1,1,0.5,0.5,-1,-1,0.15,0.05,0.012966,0.882264
2,-1,1,0.55,0.55,-1,-1,0.15,0.05,0.013481,0.880995
2,-1,1,0.6,0.6,-1,-1,0.15,0.05,0.014018,0.880269
2,-1,1,0.65,0.65,-1,-1,0.15,0.05,0.014533,0.879861
2,-1,1,0.7,0.7,-1,-1,0.15,0.05,0.014901,0.879181
2,-1,1,0.75,0.75,-1,-1,0.15,0.05,0.015335,0.878773
2,-1,1,0.8,0.8,-1,-1,0.15,0.05,0.015629,0.878047
2,-1,1,0.85,0.85,-1,-1,0.15,0.05,0.016012,0.87773
2,-1,1,0.9,0.9,-1,-1,0.15,0.05,0.016358,0.877549
2,-1,1,0.95,0.95,-1,-1,0.15,0.05,0.016866,0.877367
2,-1,1,1.0,1.0,-1,-1,0.15,0.05,0.017999,0.877322
2,-1,1,0.05,0.05,-1,-1,0.2,0.05,0.005706,0.91988
2,-1,1,0.1,0.1,-1,-1,0.2,0.05,0.009906,0.886347
2,-1,1,0.15,0.15,-1,-1,0.2,0.05,0.013227,0.867574
2,-1,1,0.2,0.2,-1,-1,0.2,0.05,0.015625,0.854749
2,-1,1,0.25,0.25,-1,-1,0.2,0.05,0.018127,0.844789
2,-1,1,0.3,0.3,-1,-1,0.2,0.05,0.020137,0.839272
2,-1,1,0.35,0.35,-1,-1,0.2,0.05,0.021567,0.833826
2,-1,1,0.4,0.4,-1,-1,0.2,0.05,0.023205,0.829886
2,-1,1,0.45,0.45,-1,-1,0.2,0.05,0.024411,0.826446
2,-1,1,0.5,0.5,-1,-1,0.2,0.05,0.025811,0.824225
2,-1,1,0.55,0.55,-1,-1,0.2,0.05,0.026854,0.822219
2,-1,1,0.6,0.6,-1,-1,0.2,0.05,0.027941,0.821072
2,-1,1,0.65,0.65,-1,-1,0.2,0.05,0.028983,0.820427
2,-1,1,0.7,0.7,-1,-1,0.2,0.05,0.029728,0.819353
2,-1,1,0.75,0.75,-1,-1,0.2,0.05,0.030607,0.818708
2,-1,1,0.8,0.8,-1,-1,0.2,0.05,0.031203,0.817561
2,-1,1,0.85,0.85,-1,-1,0.2,0.05,0.031977,0.81706
2,-1,1,0.9,0.9,-1,-1,0.2,0.05,0.032677,0.816773
2,-1,1,0.95,0.95,-1,-1,0.2,0.05,0.033705,0.816487
2,-1,1,1.0,1.0,-1,-1,0.2,0.05,0.035998,0.816415
2,-1,1,0.05,0.05,-1,-1,0.25,0.05,0.009065,0.894364
2,-1,1,0.1,0.1,-1,-1,0.25,0.05,0.015933,0.847121
2,-1,1,0.15,0.15,-1,-1,0.25,0.05,0.021364,0.820672
2,-1,1,0.2,0.2,-1,-1,0.25,0.05,0.025285,0.802603
2,-1,1,0.25,0.25,-1,-1,0.25,0.05,0.029377,0.788571
2,-1,1,0.3,0.3,-1,-1,0.25,0.05,0.032664,0.780798
2,-1,1,0.35,0.35,-1,-1,0.25,0.05,0.035002,0.773126
2,-1,1,0.4,0.4,-1,-1,0.25,0.05,0.037681,0.767574
2,-1,1,0.45,0.45,-1,-1,0.25,0.05,0.039654,0.762729
2,-1,1,0.5,0.5,-1,-1,0.25,0.05,0.041944,0.759599
2,-1,1,0.55,0.55,-1,-1,0.25,0.05,0.043648,0.756773
2,-1,1,0.6,0.6,-1,-1,0.25,0.05,0.045426,0.755158
2,-1,1,0.65,0.65,-1,-1,0.25,0.05,0.047131,0.754249
2,-1,1,0.7,0.7,-1,-1,0.25,0.05,0.048349,0.752735
2,-1,1,0.75,0.75,-1,-1,0.25,0.05,0.049786,0.751826
2,-1,1,0.8,0.8,-1,-1,0.25,0.05,0.05076,0.750211
2,-1,1,0.85,0.85,-1,-1,0.25,0.05,0.052026,0.749505
2,-1,1,0.9,0.9,-1,-1,0.25,0.05,0.053171,0.749101
2,-1,1,0.95,0.95,-1,-1,0.25,0.05,0.054851,0.748697
2,-1,1,1.0,1.0,-1,-1,0.25,0.05,0.058602,0.748596
2,-1,1,0.05,0.05,-1,-1,0.3,0.05,0.014414,0.862997
2,-1,1,0.1,0.1,-1,-1,0.3,0.05,0.025531,0.7989
2,-1,1,0.15,0.15,-1,-1,0.3,0.05,0.034323,0.763016
2,-1,1,0.2,0.2,-1,-1,0.3,0.05,0.04067,0.738501
2,-1,1,0.25,0.25,-1,-1,0.3,0.05,0.047293,0.719463
2,-1,1,0.3,0.3,-1,-1,0.3,0.05,0.052615,0.708917
2,-1,1,0.35,0.35,-1,-1,0.3,0.05,0.056399,0.698508
2,-1,1,0.4,0.4,-1,-1,0.3,0.05,0.060736,0.690976
2,-1,1,0.45,0.45,-1,-1,0.3,0.05,0.063929,0.684401
2,-1,1,0.5,0.5,-1,-1,0.3,0.05,0.067635,0.680156
2,-1,1,0.55,0.55,-1,-1,0.3,0.05,0.070394,0.676321
2,-1,1,0.6,0.6,-1,-1,0.3,0.05,0.073272,0.674129
2,-1,1,0.65,0.65,-1,-1,0.3,0.05,0.076032,0.672897
2,-1,1,0.7,0.7,-1,-1,0.3,0.05,0.078003,0.670842
2,-1,1,0.75,0.75,-1,-1,0.3,0.05,0.080329,0.66961
2,-1,1,0.8,0.8,-1,-1,0.3,0.05,0.081906,0.667418
2,-1,1,0.85,0.85,-1,-1,0.3,0.05,0.083956,0.66646
2,-1,1,0.9,0.9,-1,-1,0.3,0.05,0.085809,0.665912
2,-1,1,0.95,0.95,-1,-1,0.3,0.05,0.088529,0.665364
2,-1,1,1.0,1.0,-1,-1,0.3,0.05,0.0946,0.665227
2,-1,1,0.05,0.05,-1,-1,0.35,0.05,0.021318,0.833743
2,-1,1,0.1,0.1,-1,-1,0.35,0.05,0.03792,0.753927
2,-1,1,0.15,0.15,-1,-1,0.35,0.05,0.051048,0.709243
2,-1,1,0.2,0.2,-1,-1,0.35,0.05,0.060527,0.678716
2,-1,1,0.25,0.25,-1,-1,0.35,0.05,0.070417,0.655009
2,-1,1,0.3,0.3,-1,-1,0.35,0.05,0.078365,0.641877
2,-1,1,0.35,0.35,-1,-1,0.35,0.05,0.084017,0.628916
2,-1,1,0.4,0.4,-1,-1,0.35,0.05,0.090492,0.619536
2,-1,1,0.45,0.45,-1,-1,0.35,0.05,0.095261,0.611349
2,-1,1,0.5,0.5,-1,-1,0.35,0.05,0.100795,0.606063
2,-1,1,0.55,0.55,-1,-1,0.35,0.05,0.104916,0.601287
2,-1,1,0.6,0.6,-1,-1,0.35,0.05,0.109213,0.598559
2,-1,1,0.65,0.65,-1,-1,0.35,0.05,0.113334,0.597024
2,-1,1,0.7,0.7,-1,-1,0.35,0.05,0.116278,0.594466
2,-1,1,0.75,0.75,-1,-1,0.35,0.05,0.119751,0.592931
2,-1,1,0.8,0.8,-1,-1,0.35,0.05,0.122106,0.590202
2,-1,1,0.85,0.85,-1,-1,0.35,0.05,0.125168,0.589008
2,-1,1,0.9,0.9,-1,-1,0.35,0.05,0.127935,0.588326
2,-1,1,0.95,0.95,-1,-1,0.35,0.05,0.131997,0.587644
2,-1,1,1.0,1.0,-1,-1,0.35,0.05,0.141063,0.587473
2,-1,1,0.05,0.05,-1,-1,0.4,0.05,0.029653,0.806114
2,-1,1,0.1,0.1,-1,-1,0.4,0.05,0.052876,0.711452
2,-1,1,0.15,0.15,-1,-1,0.4,0.05,0.07124,0.658458
2,-1,1,0.2,0.2,-1,-1,0.4,0.05,0.084499,0.622253
2,-1,1,0.25,0.25,-1,-1,0.4,0.05,0.098334,0.594137
2,-1,1,0.3,0.3,-1,-1,0.4,0.05,0.109451,0.578562
2,-1,1,0.35,0.35,-1,-1,0.4,0.05,0.117357,0.56319
2,-1,1,0.4,0.4,-1,-1,0.4,0.05,0.126415,0.552066
2,-1,1,0.45,0.45,-1,-1,0.4,0.05,0.133085,0.542356
2,-1,1,0.5,0.5,-1,-1,0.4,0.05,0.140826,0.536086
2,-1,1,0.55,0.55,-1,-1,0.4,0.05,0.146591,0.530423
2,-1,1,0.6,0.6,-1,-1,0.4,0.05,0.152602,0.527187
2,-1,1,0.65,0.65,-1,-1,0.4,0.05,0.158367,0.525366
2,-1,1,0.7,0.7,-1,-1,0.4,0.05,0.162485,0.522332
2,-1,1,0.75,0.75,-1,-1,0.4,0.05,0.167343,0.520512
2,-1,1,0.8,0.8,-1,-1,0.4,0.05,0.170637,0.517275
2,-1,1,0.85,0.85,-1,-1,0.4,0.05,0.174919,0.51586
2,-1,1,0.9,0.9,-1,-1,0.4,0.05,0.17879,0.51505
2,-1,1,0.95,0.95,-1,-1,0.4,0.05,0.184472,0.514241
2,-1,1,1.0,1.0,-1,-1,0.4,0.05,0.197154,0.514039
2,-1,1,0.05,0.05,-1,-1,0.45,0.05,0.040601,0.774097
2,-1,1,0.1,0.1,-1,-1,0.45,0.05,0.07252,0.662232
2,-1,1,0.15,0.15,-1,-1,0.45,0.05,0.097761,0.599607
2,-1,1,0.2,0.2,-1,-1,0.45,0.05,0.115984,0.556822
2,-1,1,0.25,0.25,-1,-1,0.45,0.05,0.135,0.523596
2,-1,1,0.3,0.3,-1,-1,0.45,0.05,0.15028,0.505192
2,-1,1,0.35,0.35,-1,-1,0.45,0.05,0.161146,0.487026
2,-1,1,0.4,0.4,-1,-1,0.45,0.05,0.173596,0.473879
2,-1,1,0.45,0.45,-1,-1,0.45,0.05,0.182765,0.462406
2,-1,1,0.5,0.5,-1,-1,0.45,0.05,0.193405,0.454996
2,-1,1,0.55,0.55,-1,-1,0.45,0.05,0.201328,0.448303
2,-1,1,0.6,0.6,-1,-1,0.45,0.05,0.20959,0.444479
2,-1,1,0.65,0.65,-1,-1,0.45,0.05,0.217513,0.442327
2,-1,1,0.7,0.7,-1,-1,0.45,0.05,0.223173,0.438742
2,-1,1,0.75,0.75,-1,-1,0.45,0.05,0.229851,0.436591
2,-1,1,0.8,0.8,-1,-1,0.45,0.05,0.234379,0.432766
2,-1,1,0.85,0.85,-1,-1,0.45,0.05,0.240264,0.431093
2,-1,1,0.9,0.9,-1,-1,0.45,0.05,0.245584,0.430137
2,-1,1,0.95,0.95,-1,-1,0.45,0.05,0.253394,0.429181
2,-1,1,1.0,1.0,-1,-1,0.45,0.05,0.270825,0.428942
2,-1,1,0.05,0.05,-1,-1,0.5,0.05,0.061625,0.726152
2,-1,1,0.1,0.1,-1,-1,0.5,0.05,0.110244,0.588526
2,-1,1,0.15,0.15,-1,-1,0.5,0.05,0.148691,0.511479
2,-1,1,0.2,0.2,-1,-1,0.5,0.05,0.176449,0.458841
2,-1,1,0.25,0.25,-1,-1,0.5,0.05,0.205414,0.417964
2,-1,1,0.3,0.3,-1,-1,0.5,0.05,0.22869,0.395321
2,-1,1,0.35,0.35,-1,-1,0.5,0.05,0.245241,0.372972
2,-1,1,0.4,0.4,-1,-1,0.5,0.05,0.264206,0.356798
2,-1,1,0.45,0.45,-1,-1,0.5,0.05,0.278171,0.342682
2,-1,1,0.5,0.5,-1,-1,0.5,0.05,0.294378,0.333566
2,-1,1,0.55,0.55,-1,-1,0.5,0.05,0.306447,0.325332
2,-1,1,0.6,0.6,-1,-1,0.5,0.05,0.319032,0.320627
2,-1,1,0.65,0.65,-1,-1,0.5,0.05,0.331101,0.31798
2,-1,1,0.7,0.7,-1,-1,0.5,0.05,0.339722,0.313569
2,-1,1,0.75,0.75,-1,-1,0.5,0.05,0.349894,0.310922
2,-1,1,0.8,0.8,-1,-1,0.5,0.05,0.35679,0.306217
2,-1,1,0.85,0.85,-1,-1,0.5,0.05,0.365755,0.304159
2,-1,1,0.9,0.9,-1,-1,0.5,0.05,0.373859,0.302982
2,-1,1,0.95,0.95,-1,-1,0.5,0.05,0.385755,0.301806
2,-1,1,1.0,1.0,-1,-1,0.5,0.05,0.412306,0.301512
2,-1,1,0.05,0.05,-1,-1,0.55,0.05,0.074065,0.696248
2,-1,1,0.1,0.1,-1,-1,0.55,0.05,0.132566,0.542554
2,-1,1,0.15,0.15,-1,-1,0.55,0.05,0.178828,0.456511
2,-1,1,0.2,0.2,-1,-1,0.55,0.05,0.212228,0.397727
2,-1,1,0.25,0.25,-1,-1,0.55,0.05,0.24708,0.352078
2,-1,1,0.3,0.3,-1,-1,0.55,0.05,0.275086,0.326791
2,-1,1,0.35,0.35,-1,-1,0.55,0.05,0.295002,0.301833
2,-1,1,0.4,0.4,-1,-1,0.55,0.05,0.317821,0.283771
2,-1,1,0.45,0.45,-1,-1,0.55,0.05,0.334625,0.268007
2,-1,1,0.5,0.5,-1,-1,0.55,0.05,0.354126,0.257826
2,-1,1,0.55,0.55,-1,-1,0.55,0.05,0.368647,0.248631
2,-1,1,0.6,0.6,-1,-1,0.55,0.05,0.383791,0.243377
2,-1,1,0.65,0.65,-1,-1,0.55,0.05,0.398313,0.240421
2,-1,1,0.7,0.7,-1,-1,0.55,0.05,0.408686,0.235495
2,-1,1,0.75,0.75,-1,-1,0.55,0.05,0.420925,0.232539
2,-1,1,0.8,0.8,-1,-1,0.55,0.05,0.429224,0.227284
2,-1,1,0.85,0.85,-1,-1,0.55,0.05,0.440011,0.224986
2,-1,1,0.9,0.9,-1,-1,0.55,0.05,0.449761,0.223672
2,-1,1,0.95,0.95,-1,-1,0.55,0.05,0.464075,0.222358
2,-1,1,1.0,1.0,-1,-1,0.55,0.05,0.496023,0.22203
2,-1,1,0.05,0.05,-1,-1,0.6,0.05,0.086629,0.671706
2,-1,1,0.1,0.1,-1,-1,0.6,0.05,0.155112,0.504826
2,-1,1,0.15,0.15,-1,-1,0.6,0.05,0.209266,0.411402
2,-1,1,0.2,0.2,-1,-1,0.6,0.05,0.248364,0.347574
2,-1,1,0.25,0.25,-1,-1,0.6,0.05,0.289163,0.298009
2,-1,1,0.3,0.3,-1,-1,0.6,0.05,0.321947,0.270552
2,-1,1,0.35,0.35,-1,-1,0.6,0.05,0.34526,0.243453
2,-1,1,0.4,0.4,-1,-1,0.6,0.05,0.371973,0.223841
2,-1,1,0.45,0.45,-1,-1,0.6,0.05,0.391644,0.206724
2,-1,1,0.5,0.5,-1,-1,0.6,0.05,0.414472,0.19567
2,-1,1,0.55,0.55,-1,-1,0.6,0.05,0.431471,0.185686
2,-1,1,0.6,0.6,-1,-1,0.6,0.05,0.449198,0.179981
2,-1,1,0.65,0.65,-1,-1,0.6,0.05,0.466197,0.176772
2,-1,1,0.7,0.7,-1,-1,0.6,0.05,0.47834,0.171423
2,-1,1,0.75,0.75,-1,-1,0.6,0.05,0.492668,0.168214
2,-1,1,0.8,0.8,-1,-1,0.6,0.05,0.502382,0.162508
2,-1,1,0.85,0.85,-1,-1,0.6,0.05,0.51501,0.160012
2,-1,1,0.9,0.9,-1,-1,0.6,0.05,0.526424,0.158586
2,-1,1,0.95,0.95,-1,-1,0.6,0.05,0.54318,0.15716
2,-1,1,1.0,1.0,-1,-1,0.6,0.05,0.580578,0.156803
2,-1,1,0.05,0.05,-1,-1,0.65,0.05,0.098137,0.653992
2,-1,1,0.1,0.1,-1,-1,0.65,0.05,0.17576,0.477593
2,-1,1,0.15,0.15,-1,-1,0.65,0.05,0.237143,0.37884
2,-1,1,0.2,0.2,-1,-1,0.65,0.05,0.28146,0.311372
2,-1,1,0.25,0.25,-1,-1,0.65,0.05,0.327704,0.258979
2,-1,1,0.3,0.3,-1,-1,0.65,0.05,0.364864,0.229957
2,-1,1,0.35,0.35,-1,-1,0.65,0.05,0.391289,0.201311
2,-1,1,0.4,0.4,-1,-1,0.65,0.05,0.421567,0.18058
2,-1,1,0.45,0.45,-1,-1,0.65,0.05,0.443864,0.162488
2,-1,1,0.5,0.5,-1,-1,0.65,0.05,0.469738,0.150803
2,-1,1,0.55,0.55,-1,-1,0.65,0.05,0.489006,0.140249
2,-1,1,0.6,0.6,-1,-1,0.65,0.05,0.5091,0.134219
2,-1,1,0.65,0.65,-1,-1,0.65,0.05,0.528368,0.130826
2,-1,1,0.7,0.7,-1,-1,0.65,0.05,0.542132,0.125173
2,-1,1,0.75,0.75,-1,-1,0.65,0.05,0.558372,0.121781
2,-1,1,0.8,0.8,-1,-1,0.65,0.05,0.569382,0.115749
2,-1,1,0.85,0.85,-1,-1,0.65,0.05,0.583696,0.113112
2,-1,1,0.9,0.9,-1,-1,0.65,0.05,0.596633,0.111604
2,-1,1,0.95,0.95,-1,-1,0.65,0.05,0.615626,0.110096
2,-1,1,1.0,1.0,-1,-1,0.65,0.05,0.658016,0.109719
2,-1,1,0.05,0.05,-1,-1,0.7,0.05,0.109271,0.640177
2,-1,1,0.1,0.1,-1,-1,0.7,0.05,0.195738,0.456356
2,-1,1,0.15,0.15,-1,-1,0.7,0.05,0.264115,0.353447
2,-1,1,0.2,0.2,-1,-1,0.7,0.05,0.313481,0.28314
2,-1,1,0.25,0.25,-1,-1,0.7,0.05,0.364995,0.228543
2,-1,1,0.3,0.3,-1,-1,0.7,0.05,0.406389,0.198299
2,-1,1,0.35,0.35,-1,-1,0.7,0.05,0.435825,0.168448
2,-1,1,0.4,0.4,-1,-1,0.7,0.05,0.469553,0.146845
2,-1,1,0.45,0.45,-1,-1,0.7,0.05,0.49439,0.127991
2,-1,1,0.5,0.5,-1,-1,0.7,0.05,0.523213,0.115815
2,-1,1,0.55,0.55,-1,-1,0.7,0.05,0.544676,0.104817
2,-1,1,0.6,0.6,-1,-1,0.7,0.05,0.567059,0.098533
2,-1,1,0.65,0.65,-1,-1,0.7,0.05,0.588523,0.094998
2,-1,1,0.7,0.7,-1,-1,0.7,0.05,0.603855,0.089106
2,-1,1,0.75,0.75,-1,-1,0.7,0.05,0.621945,0.085571
2,-1,1,0.8,0.8,-1,-1,0.7,0.05,0.63421,0.079286
2,-1,1,0.85,0.85,-1,-1,0.7,0.05,0.650155,0.076537
2,-1,1,0.9,0.9,-1,-1,0.7,0.05,0.664566,0.074966
2,-1,1,0.95,0.95,-1,-1,0.7,0.05,0.685723,0.073395
2,-1,1,1.0,1.0,-1,-1,0.7,0.05,0.732943,0.073002
2,-1,1,0.05,0.05,-1,-1,0.75,0.05,0.117232,0.630751
2,-1,1,0.1,0.1,-1,-1,0.75,0.05,0.210025,0.441864
2,-1,1,0.15,0.15,-1,-1,0.75,0.05,0.283403,0.33612
2,-1,1,0.2,0.2,-1,-1,0.75,0.05,0.33638,0.263876
2,-1,1,0.25,0.25,-1,-1,0.75,0.05,0.391661,0.207775
2,-1,1,0.3,0.3,-1,-1,0.75,0.05,0.436083,0.176697
2,-1,1,0.35,0.35,-1,-1,0.75,0.05,0.467672,0.146024
2,-1,1,0.4,0.4,-1,-1,0.75,0.05,0.503867,0.123826
2,-1,1,0.45,0.45,-1,-1,0.75,0.05,0.53052,0.104452
2,-1,1,0.5,0.5,-1,-1,0.75,0.05,0.561451,0.091941
2,-1,1,0.55,0.55,-1,-1,0.75,0.05,0.584485,0.08064
2,-1,1,0.6,0.6,-1,-1,0.75,0.05,0.608505,0.074182
2,-1,1,0.65,0.65,-1,-1,0.75,0.05,0.631539,0.07055
2,-1,1,0.7,0.7,-1,-1,0.75,0.05,0.647992,0.064496
2,-1,1,0.75,0.75,-1,-1,0.75,0.05,0.667405,0.060863
2,-1,1,0.8,0.8,-1,-1,0.75,0.05,0.680568,0.054405
2,-1,1,0.85,0.85,-1,-1,0.75,0.05,0.697678,0.051581
2,-1,1,0.9,0.9,-1,-1,0.75,0.05,0.713144,0.049966
2,-1,1,0.95,0.95,-1,-1,0.75,0.05,0.735848,0.048352
2,-1,1,1.0,1.0,-1,-1,0.75,0.05,0.786522,0.047948
2,-1,1,0.05,0.05,-1,-1,0.8,0.05,0.125381,0.620674
2,-1,1,0.1,0.1,-1,-1,0.8,0.05,0.224646,0.426374
2,-1,1,0.15,0.15,-1,-1,0.8,0.05,0.303142,0.317598
2,-1,1,0.2,0.2,-1,-1,0.8,0.05,0.359814,0.243283
2,-1,1,0.25,0.25,-1,-1,0.8,0.05,0.418952,0.185574
2,-1,1,0.3,0.3,-1,-1,0.8,0.05,0.466472,0.153606
2,-1,1,0.35,0.35,-1,-1,0.8,0.05,0.500264,0.122053
2,-1,1,0.4,0.4,-1,-1,0.8,0.05,0.538984,0.099219
2,-1,1,0.45,0.45,-1,-1,0.8,0.05,0.567497,0.07929
2,-1,1,0.5,0.5,-1,-1,0.8,0.05,0.600586,0.06642
2,-1,1,0.55,0.55,-1,-1,0.8,0.05,0.625226,0.054795
2,-1,1,0.6,0.6,-1,-1,0.8,0.05,0.650922,0.048152
2,-1,1,0.65,0.65,-1,-1,0.8,0.05,0.675562,0.044416
2,-1,1,0.7,0.7,-1,-1,0.8,0.05,0.693163,0.038188
2,-1,1,0.75,0.75,-1,-1,0.8,0.05,0.71393,0.034452
2,-1,1,0.8,0.8,-1,-1,0.8,0.05,0.728011,0.027808
2,-1,1,0.85,0.85,-1,-1,0.8,0.05,0.746315,0.024903
2,-1,1,0.9,0.9,-1,-1,0.8,0.05,0.76286,0.023242
2,-1,1,0.95,0.95,-1,-1,0.8,0.05,0.787148,0.021581
2,-1,1,1.0,1.0,-1,-1,0.8,0.05,0.841356,0.021166
2,-1,1,0.05,0.05,-1,-1,0.85,0.05,0.131165,0.616936
2,-1,1,0.1,0.1,-1,-1,0.85,0.05,0.235026,0.420627
2,-1,1,0.15,0.15,-1,-1,0.85,0.05,0.317156,0.310728
2,-1,1,0.2,0.2,-1,-1,0.85,0.05,0.376452,0.235644
2,-1,1,0.25,0.25,-1,-1,0.85,0.05,0.438327,0.177338
2,-1,1,0.3,0.3,-1,-1,0.85,0.05,0.488047,0.14504
2,-1,1,0.35,0.35,-1,-1,0.85,0.05,0.523403,0.113161
2,-1,1,0.4,0.4,-1,-1,0.85,0.05,0.563916,0.090091
2,-1,1,0.45,0.45,-1,-1,0.85,0.05,0.593749,0.069956
2,-1,1,0.5,0.5,-1,-1,0.85,0.05,0.628369,0.056952
2,-1,1,0.55,0.55,-1,-1,0.85,0.05,0.65415,0.045207
2,-1,1,0.6,0.6,-1,-1,0.85,0.05,0.681035,0.038496
2,-1,1,0.65,0.65,-1,-1,0.85,0.05,0.706816,0.034721
2,-1,1,0.7,0.7,-1,-1,0.85,0.05,0.725231,0.028429
2,-1,1,0.75,0.75,-1,-1,0.85,0.05,0.746961,0.024654
2,-1,1,0.8,0.8,-1,-1,0.85,0.05,0.761693,0.017942
2,-1,1,0.85,0.85,-1,-1,0.85,0.05,0.780844,0.015006
2,-1,1,0.9,0.9,-1,-1,0.85,0.05,0.798155,0.013328
2,-1,1,0.95,0.95,-1,-1,0.85,0.05,0.823567,0.01165
2,-1,1,1.0,1.0,-1,-1,0.85,0.05,0.880285,0.011231
2,-1,1,0.05,0.05,-1,-1,0.9,0.05,0.137448,0.614661
2,-1,1,0.1,0.1,-1,-1,0.9,0.05,0.246298,0.41713
2,-1,1,0.15,0.15,-1,-1,0.9,0.05,0.332375,0.306546
2,-1,1,0.2,0.2,-1,-1,0.9,0.05,0.39452,0.230995
2,-1,1,0.25,0.25,-1,-1,0.9,0.05,0.459368,0.172326
2,-1,1,0.3,0.3,-1,-1,0.9,0.05,0.511477,0.139826
2,-1,1,0.35,0.35,-1,-1,0.9,0.05,0.548532,0.107749
2,-1,1,0.4,0.4,-1,-1,0.9,0.05,0.590992,0.084535
2,-1,1,0.45,0.45,-1,-1,0.9,0.05,0.622258,0.064274
2,-1,1,0.5,0.5,-1,-1,0.9,0.05,0.658541,0.05119
2,-1,1,0.55,0.55,-1,-1,0.9,0.05,0.685561,0.039372
2,-1,1,0.6,0.6,-1,-1,0.9,0.05,0.713738,0.032619
2,-1,1,0.65,0.65,-1,-1,0.9,0.05,0.740758,0.02882
2,-1,1,0.7,0.7,-1,-1,0.9,0.05,0.760058,0.02249
2,-1,1,0.75,0.75,-1,-1,0.9,0.05,0.782832,0.018691
2,-1,1,0.8,0.8,-1,-1,0.9,0.05,0.798272,0.011937
2,-1,1,0.85,0.85,-1,-1,0.9,0.05,0.818343,0.008983
2,-1,1,0.9,0.9,-1,-1,0.9,0.05,0.836485,0.007295
2,-1,1,0.95,0.95,-1,-1,0.9,0.05,0.863119,0.005606
2,-1,1,1.0,1.0,-1,-1,0.9,0.05,0.922562,0.005184
2,-1,1,0.05,0.05,-1,-1,0.95,0.05,0.143419,0.613198
2,-1,1,0.1,0.1,-1,-1,0.95,0.05,0.257013,0.414881
2,-1,1,0.15,0.15,-1,-1,0.95,0.05,0.34684,0.303857
2,-1,1,0.2,0.2,-1,-1,0.95,0.05,0.411694,0.228005
2,-1,1,0.25,0.25,-1,-1,0.95,0.05,0.479367,0.169103
2,-1,1,0.3,0.3,-1,-1,0.95,0.05,0.533747,0.136474
2,-1,1,0.35,0.35,-1,-1,0.95,0.05,0.572418,0.104269
2,-1,1,0.4,0.4,-1,-1,0.95,0.05,0.616727,0.080962
2,-1,1,0.45,0.45,-1,-1,0.95,0.05,0.649356,0.060622
2,-1,1,0.5,0.5,-1,-1,0.95,0.05,0.68722,0.047485
2,-1,1,0.55,0.55,-1,-1,0.95,0.05,0.715417,0.03562
2,-1,1,0.6,0.6,-1,-1,0.95,0.05,0.744822,0.02884
2,-1,1,0.65,0.65,-1,-1,0.95,0.05,0.773019,0.025026
2,-1,1,0.7,0.7,-1,-1,0.95,0.05,0.793161,0.01867
2,-1,1,0.75,0.75,-1,-1,0.95,0.05,0.816927,0.014856
2,-1,1,0.8,0.8,-1,-1,0.95,0.05,0.83304,0.008076
2,-1,1,0.85,0.85,-1,-1,0.95,0.05,0.853986,0.00511
2,-1,1,0.9,0.9,-1,-1,0.95,0.05,0.872919,0.003415
2,-1,1,0.95,0.95,-1,-1,0.95,0.05,0.900712,0.00172
2,-1,1,1.0,1.0,-1,-1,0.95,0.05,0.962746,0.001296
2,-1,1,0.05,0.05,-1,-1,1.0,0.05,0.148955,0.612711
2,-1,1,0.1,0.1,-1,-1,1.0,0.05,0.266946,0.414131
2,-1,1,0.15,0.15,-1,-1,1.0,0.05,0.360251,0.302961
2,-1,1,0.2,0.2,-1,-1,1.0,0.05,0.427615,0.227009
2,-1,1,0.25,0.25,-1,-1,1.0,0.05,0.497908,0.168028
2,-1,1,0.3,0.3,-1,-1,1.0,0.05,0.554394,0.135356
2,-1,1,0.35,0.35,-1,-1,1.0,0.05,0.594561,0.103109
2,-1,1,0.4,0.4,-1,-1,1.0,0.05,0.640586,0.079772
2,-1,1,0.45,0.45,-1,-1,1.0,0.05,0.674477,0.059404
2,-1,1,0.5,0.5,-1,-1,1.0,0.05,0.713808,0.04625
2,-1,1,0.55,0.55,-1,-1,1.0,0.05,0.743097,0.034369
2,-1,1,0.6,0.6,-1,-1,1.0,0.05,0.77364,0.027581
2,-1,1,0.65,0.65,-1,-1,1.0,0.05,0.802929,0.023762
2,-1,1,0.7,0.7,-1,-1,1.0,0.05,0.82385,0.017397
2,-1,1,0.75,0.75,-1,-1,1.0,0.05,0.848535,0.013578
2,-1,1,0.8,0.8,-1,-1,1.0,0.05,0.865272,0.006789
2,-1,1,0.85,0.85,-1,-1,1.0,0.05,0.887029,0.003819
2,-1,1,0.9,0.9,-1,-1,1.0,0.05,0.906695,0.002122
2,-1,1,0.95,0.95,-1,-1,1.0,0.05,0.935565,0.000424
2,-1,1,1.0,1.0,-1,-1,1.0,0.05,1.0,0.0
2,-1,1,0.05,0.05,-1,-1,0.1,0.1,0.005442,0.933909
2,-1,1,0.1,0.1,-1,-1,0.1,0.1,0.005442,0.933909
2,-1,1,0.15,0.15,-1,-1,0.1,0.1,0.005442,0.933909
2,-1,1,0.2,0.2,-1,-1,0.1,0.1,0.005442,0.933909
2,-1,1,0.25,0.25,-1,-1,0.1,0.1,0.005442,0.933909
2,-1,1,0.3,0.3,-1,-1,0.1,0.1,0.005442,0.933909
2,-1,1,0.35,0.35,-1,-1,0.1,0.1,0.005442,0.933909
2,-1,1,0.4,0.4,-1,-1,0.1,0.1,0.005442,0.933909
2,-1,1,0.45,0.45,-1,-1,0.1,0.1,0.005442,0.933909
2,-1,1,0.5,0.5,-1,-1,0.1,0.1,0.005442,0.933909
2,-1,1,0.55,0.55,-1,-1,0.1,0.1,0.005442,0.933909
2,-1,1,0.6,0.6,-1,-1,0.1,0.1,0.005442,0.933909
2,-1,1,0.65,0.65,-1,-1,0.1,0.1,0.005442,0.933909
2,-1,1,0.7,0.7,-1,-1,0.1,0.1,0.005442,0.933909
2,-1,1,0.75,0.75,-1,-1,0.1,0.1,0.005442,0.933909
2,-1,1,0.8,0.8,-1,-1,0.1,0.1,0.005442,0.933909
2,-1,1,0.85,0.85,-1,-1,0.1,0.1,0.005442,0.933909
2,-1,1,0.9,0.9,-1,-1,0.1,0.1,0.005442,0.933909
2,-1,1,0.95,0.95,-1,-1,0.1,0.1,0.005442,0.933909
2,-1,1,1.0,1.0,-1,-1,0.1,0.1,0.005442,0.933909
2,-1,1,0.05,0.05,-1,-1,0.15,0.1,0.007308,0.912619
2,-1,1,0.1,0.1,-1,-1,0.15,0.1,0.00879,0.901179
2,-1,1,0.15,0.15,-1,-1,0.15,0.1,0.009962,0.894775
2,-1,1,0.2,0.2,-1,-1,0.15,0.1,0.010809,0.890399
2,-1,1,0.25,0.25,-1,-1,0.15,0.1,0.011692,0.887002
2,-1,1,0.3,0.3,-1,-1,0.15,0.1,0.012401,0.88512
2,-1,1,0.35,0.35,-1,-1,0.15,0.1,0.012906,0.883262
2,-1,1,0.4,0.4,-1,-1,0.15,0.1,0.013484,0.881917
2,-1,1,0.45,0.45,-1,-1,0.15,0.1,0.01391,0.880744
2,-1,1,0.5,0.5,-1,-1,0.15,0.1,0.014404,0.879986
2,-1,1,0.55,0.55,-1,-1,0.15,0.1,0.014772,0.879302
2,-1,1,0.6,0.6,-1,-1,0.15,0.1,0.015155,0.878911
2,-1,1,0.65,0.65,-1,-1,0.15,0.1,0.015523,0.878691
2,-1,1,0.7,0.7,-1,-1,0.15,0.1,0.015786,0.878324
2,-1,1,0.75,0.75,-1,-1,0.15,0.1,0.016096,0.878104
2,-1,1,0.8,0.8,-1,-1,0.15,0.1,0.016307,0.877713
2,-1,1,0.85,0.85,-1,-1,0.15,0.1,0.01658,0.877542
2,-1,1,0.9,0.9,-1,-1,0.15,0.1,0.016827,0.877444
2,-1,1,0.95,0.95,-1,-1,0.15,0.1,0.01719,0.877346
2,-1,1,1.0,1.0,-1,-1,0.15,0.1,0.017999,0.877322
2,-1,1,0.05,0.05,-1,-1,0.2,0.1,0.009983,0.889703
2,-1,1,0.1,0.1,-1,-1,0.2,0.1,0.013589,0.86595
2,-1,1,0.15,0.15,-1,-1,0.2,0.1,0.016442,0.852653
2,-1,1,0.2,0.2,-1,-1,0.2,0.1,0.018501,0.843568
2,-1,1,0.25,0.25,-1,-1,0.2,0.1,0.02065,0.836513
2,-1,1,0.3,0.3,-1,-1,0.2,0.1,0.022376,0.832605
2,-1,1,0.35,0.35,-1,-1,0.2,0.1,0.023604,0.828748
2,-1,1,0.4,0.4,-1,-1,0.2,0.1,0.025011,0.825957
2,-1,1,0.45,0.45,-1,-1,0.2,0.1,0.026047,0.82352
2,-1,1,0.5,0.5,-1,-1,0.2,0.1,0.027249,0.821947
2,-1,1,0.55,0.55,-1,-1,0.2,0.1,0.028145,0.820526
2,-1,1,0.6,0.6,-1,-1,0.2,0.1,0.029078,0.819714
2,-1,1,0.65,0.65,-1,-1,0.2,0.1,0.029974,0.819257
2,-1,1,0.7,0.7,-1,-1,0.2,0.1,0.030613,0.818496
2,-1,1,0.75,0.75,-1,-1,0.2,0.1,0.031368,0.818039
2,-1,1,0.8,0.8,-1,-1,0.2,0.1,0.03188,0.817227
2,-1,1,0.85,0.85,-1,-1,0.2,0.1,0.032545,0.816872
2,-1,1,0.9,0.9,-1,-1,0.2,0.1,0.033146,0.816669
2,-1,1,0.95,0.95,-1,-1,0.2,0.1,0.034028,0.816466
2,-1,1,1.0,1.0,-1,-1,0.2,0.1,0.035998,0.816415
2,-1,1,0.05,0.05,-1,-1,0.25,0.1,0.013341,0.864186
2,-1,1,0.1,0.1,-1,-1,0.25,0.1,0.019617,0.826724
2,-1,1,0.15,0.15,-1,-1,0.25,0.1,0.024579,0.805751
2,-1,1,0.2,0.2,-1,-1,0.25,0.1,0.028161,0.791422
2,-1,1,0.25,0.25,-1,-1,0.25,0.1,0.0319,0.780295
2,-1,1,0.3,0.3,-1,-1,0.25,0.1,0.034904,0.774132
2,-1,1,0.35,0.35,-1,-1,0.25,0.1,0.03704,0.768048
2,-1,1,0.4,0.4,-1,-1,0.25,0.1,0.039488,0.763645
2,-1,1,0.45,0.45,-1,-1,0.25,0.1,0.04129,0.759803
2,-1,1,0.5,0.5,-1,-1,0.25,0.1,0.043382,0.757321
2,-1,1,0.55,0.55,-1,-1,0.25,0.1,0.044939,0.75508
2,-1,1,0.6,0.6,-1,-1,0.25,0.1,0.046564,0.753799
2,-1,1,0.65,0.65,-1,-1,0.25,0.1,0.048121,0.753079
2,-1,1,0.7,0.7,-1,-1,0.25,0.1,0.049234,0.751878
2,-1,1,0.75,0.75,-1,-1,0.25,0.1,0.050547,0.751158
2,-1,1,0.8,0.8,-1,-1,0.25,0.1,0.051437,0.749877
2,-1,1,0.85,0.85,-1,-1,0.25,0.1,0.052594,0.749316
2,-1,1,0.9,0.9,-1,-1,0.25,0.1,0.05364,0.748996
2,-1,1,0.95,0.95,-1,-1,0.25,0.1,0.055175,0.748676
2,-1,1,1.0,1.0,-1,-1,0.25,0.1,0.058602,0.748596
2,-1,1,0.05,0.05,-1,-1,0.3,0.1,0.018691,0.83282
2,-1,1,0.1,0.1,-1,-1,0.3,0.1,0.029215,0.778503
2,-1,1,0.15,0.15,-1,-1,0.3,0.1,0.037537,0.748095
2,-1,1,0.2,0.2,-1,-1,0.3,0.1,0.043546,0.72732
2,-1,1,0.25,0.25,-1,-1,0.3,0.1,0.049816,0.711187
2,-1,1,0.3,0.3,-1,-1,0.3,0.1,0.054854,0.702251
2,-1,1,0.35,0.35,-1,-1,0.3,0.1,0.058437,0.69343
2,-1,1,0.4,0.4,-1,-1,0.3,0.1,0.062542,0.687047
2,-1,1,0.45,0.45,-1,-1,0.3,0.1,0.065565,0.681476
2,-1,1,0.5,0.5,-1,-1,0.3,0.1,0.069073,0.677878
2,-1,1,0.55,0.55,-1,-1,0.3,0.1,0.071685,0.674628
2,-1,1,0.6,0.6,-1,-1,0.3,0.1,0.07441,0.672771
2,-1,1,0.65,0.65,-1,-1,0.3,0.1,0.077022,0.671726
2,-1,1,0.7,0.7,-1,-1,0.3,0.1,0.078888,0.669986
2,-1,1,0.75,0.75,-1,-1,0.3,0.1,0.08109,0.668941
2,-1,1,0.8,0.8,-1,-1,0.3,0.1,0.082583,0.667084
2,-1,1,0.85,0.85,-1,-1,0.3,0.1,0.084524,0.666272
2,-1,1,0.9,0.9,-1,-1,0.3,0.1,0.086278,0.665807
2,-1,1,0.95,0.95,-1,-1,0.3,0.1,0.088853,0.665343
2,-1,1,1.0,1.0,-1,-1,0.3,0.1,0.0946,0.665227
2,-1,1,0.05,0.05,-1,-1,0.35,0.1,0.025595,0.803565
2,-1,1,0.1,0.1,-1,-1,0.35,0.1,0.041604,0.73353
2,-1,1,0.15,0.15,-1,-1,0.35,0.1,0.054263,0.694322
2,-1,1,0.2,0.2,-1,-1,0.35,0.1,0.063403,0.667535
2,-1,1,0.25,0.25,-1,-1,0.35,0.1,0.07294,0.646734
2,-1,1,0.3,0.3,-1,-1,0.35,0.1,0.080604,0.635211
2,-1,1,0.35,0.35,-1,-1,0.35,0.1,0.086054,0.623838
2,-1,1,0.4,0.4,-1,-1,0.35,0.1,0.092298,0.615607
2,-1,1,0.45,0.45,-1,-1,0.35,0.1,0.096897,0.608424
2,-1,1,0.5,0.5,-1,-1,0.35,0.1,0.102233,0.603785
2,-1,1,0.55,0.55,-1,-1,0.35,0.1,0.106207,0.599594
2,-1,1,0.6,0.6,-1,-1,0.35,0.1,0.110351,0.5972
2,-1,1,0.65,0.65,-1,-1,0.35,0.1,0.114325,0.595853
2,-1,1,0.7,0.7,-1,-1,0.35,0.1,0.117163,0.593609
2,-1,1,0.75,0.75,-1,-1,0.35,0.1,0.120513,0.592262
2,-1,1,0.8,0.8,-1,-1,0.35,0.1,0.122783,0.589867
2,-1,1,0.85,0.85,-1,-1,0.35,0.1,0.125735,0.58882
2,-1,1,0.9,0.9,-1,-1,0.35,0.1,0.128404,0.588221
2,-1,1,0.95,0.95,-1,-1,0.35,0.1,0.132321,0.587623
2,-1,1,1.0,1.0,-1,-1,0.35,0.1,0.141063,0.587473
2,-1,1,0.05,0.05,-1,-1,0.4,0.1,0.03393,0.775936
2,-1,1,0.1,0.1,-1,-1,0.4,0.1,0.05656,0.691055
2,-1,1,0.15,0.15,-1,-1,0.4,0.1,0.074455,0.643537
2,-1,1,0.2,0.2,-1,-1,0.4,0.1,0.087375,0.611072
2,-1,1,0.25,0.25,-1,-1,0.4,0.1,0.100857,0.585861
2,-1,1,0.3,0.3,-1,-1,0.4,0.1,0.11169,0.571896
2,-1,1,0.35,0.35,-1,-1,0.4,0.1,0.119394,0.558112
2,-1,1,0.4,0.4,-1,-1,0.4,0.1,0.128221,0.548137
2,-1,1,0.45,0.45,-1,-1,0.4,0.1,0.134721,0.539431
2,-1,1,0.5,0.5,-1,-1,0.4,0.1,0.142265,0.533808
2,-1,1,0.55,0.55,-1,-1,0.4,0.1,0.147882,0.52873
2,-1,1,0.6,0.6,-1,-1,0.4,0.1,0.15374,0.525828
2,-1,1,0.65,0.65,-1,-1,0.4,0.1,0.159357,0.524196
2,-1,1,0.7,0.7,-1,-1,0.4,0.1,0.16337,0.521475
2,-1,1,0.75,0.75,-1,-1,0.4,0.1,0.168104,0.519843
2,-1,1,0.8,0.8,-1,-1,0.4,0.1,0.171314,0.516941
2,-1,1,0.85,0.85,-1,-1,0.4,0.1,0.175487,0.515671
2,-1,1,0.9,0.9,-1,-1,0.4,0.1,0.179259,0.514946
2,-1,1,0.95,0.95,-1,-1,0.4,0.1,0.184796,0.51422
2,-1,1,1.0,1.0,-1,-1,0.4,0.1,0.197154,0.514039
2,-1,1,0.05,0.05,-1,-1,0.45,0.1,0.044877,0.743919
2,-1,1,0.1,0.1,-1,-1,0.45,0.1,0.076203,0.641835
2,-1,1,0.15,0.15,-1,-1,0.45,0.1,0.100975,0.584685
2,-1,1,0.2,0.2,-1,-1,0.45,0.1,0.11886,0.545641
2,-1,1,0.25,0.25,-1,-1,0.45,0.1,0.137523,0.515321
2,-1,1,0.3,0.3,-1,-1,0.45,0.1,0.152519,0.498525
2,-1,1,0.35,0.35,-1,-1,0.45,0.1,0.163183,0.481947
2,-1,1,0.4,0.4,-1,-1,0.45,0.1,0.175403,0.46995
2,-1,1,0.45,0.45,-1,-1,0.45,0.1,0.184401,0.45948
2,-1,1,0.5,0.5,-1,-1,0.45,0.1,0.194843,0.452718
2,-1,1,0.55,0.55,-1,-1,0.45,0.1,0.202619,0.44661
2,-1,1,0.6,0.6,-1,-1,0.45,0.1,0.210728,0.44312
2,-1,1,0.65,0.65,-1,-1,0.45,0.1,0.218504,0.441157
2,-1,1,0.7,0.7,-1,-1,0.45,0.1,0.224058,0.437885
2,-1,1,0.75,0.75,-1,-1,0.45,0.1,0.230612,0.435922
2,-1,1,0.8,0.8,-1,-1,0.45,0.1,0.235056,0.432432
2,-1,1,0.85,0.85,-1,-1,0.45,0.1,0.240832,0.430905
2,-1,1,0.9,0.9,-1,-1,0.45,0.1,0.246053,0.430033
2,-1,1,0.95,0.95,-1,-1,0.45,0.1,0.253718,0.42916
2,-1,1,1.0,1.0,-1,-1,0.45,0.1,0.270825,0.428942
2,-1,1,0.05,0.05,-1,-1,0.5,0.1,0.065901,0.695975
2,-1,1,0.1,0.1,-1,-1,0.5,0.1,0.113928,0.568129
2,-1,1,0.15,0.15,-1,-1,0.5,0.1,0.151906,0.496558
2,-1,1,0.2,0.2,-1,-1,0.5,0.1,0.179326,0.44766
2,-1,1,0.25,0.25,-1,-1,0.5,0.1,0.207937,0.409689
2,-1,1,0.3,0.3,-1,-1,0.5,0.1,0.230929,0.388654
2,-1,1,0.35,0.35,-1,-1,0.5,0.1,0.247278,0.367893
2,-1,1,0.4,0.4,-1,-1,0.5,0.1,0.266012,0.352869
2,-1,1,0.45,0.45,-1,-1,0.5,0.1,0.279807,0.339756
2,-1,1,0.5,0.5,-1,-1,0.5,0.1,0.295816,0.331288
2,-1,1,0.55,0.55,-1,-1,0.5,0.1,0.307737,0.323639
2,-1,1,0.6,0.6,-1,-1,0.5,0.1,0.32017,0.319268
2,-1,1,0.65,0.65,-1,-1,0.5,0.1,0.332091,0.31681
2,-1,1,0.7,0.7,-1,-1,0.5,0.1,0.340607,0.312712
2,-1,1,0.75,0.75,-1,-1,0.5,0.1,0.350655,0.310254
2,-1,1,0.8,0.8,-1,-1,0.5,0.1,0.357467,0.305882
2,-1,1,0.85,0.85,-1,-1,0.5,0.1,0.366323,0.303971
2,-1,1,0.9,0.9,-1,-1,0.5,0.1,0.374328,0.302878
2,-1,1,0.95,0.95,-1,-1,0.5,0.1,0.386079,0.301785
2,-1,1,1.0,1.0,-1,-1,0.5,0.1,0.412306,0.301512
2,-1,1,0.05,0.05,-1,-1,0.55,0.1,0.078341,0.66607
2,-1,1,0.1,0.1,-1,-1,0.55,0.1,0.13625,0.522157
2,-1,1,0.15,0.15,-1,-1,0.55,0.1,0.182043,0.44159
2,-1,1,0.2,0.2,-1,-1,0.55,0.1,0.215104,0.386547
2,-1,1,0.25,0.25,-1,-1,0.55,0.1,0.249603,0.343803
2,-1,1,0.3,0.3,-1,-1,0.55,0.1,0.277325,0.320125
2,-1,1,0.35,0.35,-1,-1,0.55,0.1,0.297039,0.296755
2,-1,1,0.4,0.4,-1,-1,0.55,0.1,0.319627,0.279842
2,-1,1,0.45,0.45,-1,-1,0.55,0.1,0.336261,0.265081
2,-1,1,0.5,0.5,-1,-1,0.55,0.1,0.355564,0.255548
2,-1,1,0.55,0.55,-1,-1,0.55,0.1,0.369938,0.246938
2,-1,1,0.6,0.6,-1,-1,0.55,0.1,0.384928,0.242018
2,-1,1,0.65,0.65,-1,-1,0.55,0.1,0.399303,0.23925
2,-1,1,0.7,0.7,-1,-1,0.55,0.1,0.409571,0.234638
2,-1,1,0.75,0.75,-1,-1,0.55,0.1,0.421686,0.23187
2,-1,1,0.8,0.8,-1,-1,0.55,0.1,0.429901,0.22695
2,-1,1,0.85,0.85,-1,-1,0.55,0.1,0.440579,0.224798
2,-1,1,0.9,0.9,-1,-1,0.55,0.1,0.45023,0.223568
2,-1,1,0.95,0.95,-1,-1,0.55,0.1,0.464399,0.222338
2,-1,1,1.0,1.0,-1,-1,0.55,0.1,0.496023,0.22203
2,-1,1,0.05,0.05,-1,-1,0.6,0.1,0.090906,0.641529
2,-1,1,0.1,0.1,-1,-1,0.6,0.1,0.158796,0.484429
2,-1,1,0.15,0.15,-1,-1,0.6,0.1,0.212481,0.39648
2,-1,1,0.2,0.2,-1,-1,0.6,0.1,0.251241,0.336394
2,-1,1,0.25,0.25,-1,-1,0.6,0.1,0.291686,0.289733
2,-1,1,0.3,0.3,-1,-1,0.6,0.1,0.324186,0.263886
2,-1,1,0.35,0.35,-1,-1,0.6,0.1,0.347298,0.238374
2,-1,1,0.4,0.4,-1,-1,0.6,0.1,0.373779,0.219912
2,-1,1,0.45,0.45,-1,-1,0.6,0.1,0.39328,0.203798
2,-1,1,0.5,0.5,-1,-1,0.6,0.1,0.41591,0.193392
2,-1,1,0.55,0.55,-1,-1,0.6,0.1,0.432762,0.183993
2,-1,1,0.6,0.6,-1,-1,0.6,0.1,0.450336,0.178623
2,-1,1,0.65,0.65,-1,-1,0.6,0.1,0.467188,0.175601
2,-1,1,0.7,0.7,-1,-1,0.6,0.1,0.479225,0.170566
2,-1,1,0.75,0.75,-1,-1,0.6,0.1,0.493429,0.167545
2,-1,1,0.8,0.8,-1,-1,0.6,0.1,0.503059,0.162174
2,-1,1,0.85,0.85,-1,-1,0.6,0.1,0.515577,0.159824
2,-1,1,0.9,0.9,-1,-1,0.6,0.1,0.526893,0.158482
2,-1,1,0.95,0.95,-1,-1,0.6,0.1,0.543504,0.157139
2,-1,1,1.0,1.0,-1,-1,0.6,0.1,0.580578,0.156803
2,-1,1,0.05,0.05,-1,-1,0.65,0.1,0.102413,0.623814
2,-1,1,0.1,0.1,-1,-1,0.65,0.1,0.179444,0.457196
2,-1,1,0.15,0.15,-1,-1,0.65,0.1,0.240358,0.363918
2,-1,1,0.2,0.2,-1,-1,0.65,0.1,0.284336,0.300191
2,-1,1,0.25,0.25,-1,-1,0.65,0.1,0.330227,0.250703
2,-1,1,0.3,0.3,-1,-1,0.65,0.1,0.367103,0.22329
2,-1,1,0.35,0.35,-1,-1,0.65,0.1,0.393326,0.196233
2,-1,1,0.4,0.4,-1,-1,0.65,0.1,0.423373,0.176651
2,-1,1,0.45,0.45,-1,-1,0.65,0.1,0.445499,0.159562
2,-1,1,0.5,0.5,-1,-1,0.65,0.1,0.471176,0.148525
2,-1,1,0.55,0.55,-1,-1,0.65,0.1,0.490297,0.138557
2,-1,1,0.6,0.6,-1,-1,0.65,0.1,0.510237,0.132861
2,-1,1,0.65,0.65,-1,-1,0.65,0.1,0.529358,0.129656
2,-1,1,0.7,0.7,-1,-1,0.65,0.1,0.543017,0.124316
2,-1,1,0.75,0.75,-1,-1,0.65,0.1,0.559133,0.121112
2,-1,1,0.8,0.8,-1,-1,0.65,0.1,0.570059,0.115415
2,-1,1,0.85,0.85,-1,-1,0.65,0.1,0.584263,0.112923
2,-1,1,0.9,0.9,-1,-1,0.65,0.1,0.597102,0.111499
2,-1,1,0.95,0.95,-1,-1,0.65,0.1,0.61595,0.110075
2,-1,1,1.0,1.0,-1,-1,0.65,0.1,0.658016,0.109719
2,-1,1,0.05,0.05,-1,-1,0.7,0.1,0.113547,0.61
2,-1,1,0.1,0.1,-1,-1,0.7,0.1,0.199422,0.435959
2,-1,1,0.15,0.15,-1,-1,0.7,0.1,0.26733,0.338526
2,-1,1,0.2,0.2,-1,-1,0.7,0.1,0.316358,0.271959
2,-1,1,0.25,0.25,-1,-1,0.7,0.1,0.367518,0.220267
2,-1,1,0.3,0.3,-1,-1,0.7,0.1,0.408628,0.191632
2,-1,1,0.35,0.35,-1,-1,0.7,0.1,0.437862,0.16337
2,-1,1,0.4,0.4,-1,-1,0.7,0.1,0.471359,0.142916
2,-1,1,0.45,0.45,-1,-1,0.7,0.1,0.496026,0.125065
2,-1,1,0.5,0.5,-1,-1,0.7,0.1,0.524651,0.113537
2,-1,1,0.55,0.55,-1,-1,0.7,0.1,0.545967,0.103124
2,-1,1,0.6,0.6,-1,-1,0.7,0.1,0.568197,0.097175
2,-1,1,0.65,0.65,-1,-1,0.7,0.1,0.589513,0.093827
2,-1,1,0.7,0.7,-1,-1,0.7,0.1,0.60474,0.08825
2,-1,1,0.75,0.75,-1,-1,0.7,0.1,0.622706,0.084902
2,-1,1,0.8,0.8,-1,-1,0.7,0.1,0.634888,0.078952
2,-1,1,0.85,0.85,-1,-1,0.7,0.1,0.650722,0.076349
2,-1,1,0.9,0.9,-1,-1,0.7,0.1,0.665035,0.074862
2,-1,1,0.95,0.95,-1,-1,0.7,0.1,0.686047,0.073374
2,-1,1,1.0,1.0,-1,-1,0.7,0.1,0.732943,0.073002
2,-1,1,0.05,0.05,-1,-1,0.75,0.1,0.121509,0.600573
2,-1,1,0.1,0.1,-1,-1,0.75,0.1,0.213708,0.421467
2,-1,1,0.15,0.15,-1,-1,0.75,0.1,0.286618,0.321199
2,-1,1,0.2,0.2,-1,-1,0.75,0.1,0.339256,0.252695
2,-1,1,0.25,0.25,-1,-1,0.75,0.1,0.394184,0.199499
2,-1,1,0.3,0.3,-1,-1,0.75,0.1,0.438322,0.170031
2,-1,1,0.35,0.35,-1,-1,0.75,0.1,0.469709,0.140946
2,-1,1,0.4,0.4,-1,-1,0.75,0.1,0.505673,0.119897
2,-1,1,0.45,0.45,-1,-1,0.75,0.1,0.532156,0.101526
2,-1,1,0.5,0.5,-1,-1,0.75,0.1,0.562889,0.089663
2,-1,1,0.55,0.55,-1,-1,0.75,0.1,0.585776,0.078947
2,-1,1,0.6,0.6,-1,-1,0.75,0.1,0.609643,0.072824
2,-1,1,0.65,0.65,-1,-1,0.75,0.1,0.632529,0.069379
2,-1,1,0.7,0.7,-1,-1,0.75,0.1,0.648877,0.063639
2,-1,1,0.75,0.75,-1,-1,0.75,0.1,0.668167,0.060195
2,-1,1,0.8,0.8,-1,-1,0.75,0.1,0.681245,0.054071
2,-1,1,0.85,0.85,-1,-1,0.75,0.1,0.698246,0.051393
2,-1,1,0.9,0.9,-1,-1,0.75,0.1,0.713613,0.049862
2,-1,1,0.95,0.95,-1,-1,0.75,0.1,0.736172,0.048331
2,-1,1,1.0,1.0,-1,-1,0.75,0.1,0.786522,0.047948
2,-1,1,0.05,0.05,-1,-1,0.8,0.1,0.129657,0.590497
2,-1,1,0.1,0.1,-1,-1,0.8,0.1,0.228329,0.405977
2,-1,1,0.15,0.15,-1,-1,0.8,0.1,0.306357,0.302677
2,-1,1,0.2,0.2,-1,-1,0.8,0.1,0.362691,0.232103
2,-1,1,0.25,0.25,-1,-1,0.8,0.1,0.421475,0.177298
2,-1,1,0.3,0.3,-1,-1,0.8,0.1,0.468711,0.146939
2,-1,1,0.35,0.35,-1,-1,0.8,0.1,0.502302,0.116975
2,-1,1,0.4,0.4,-1,-1,0.8,0.1,0.540791,0.09529
2,-1,1,0.45,0.45,-1,-1,0.8,0.1,0.569133,0.076364
2,-1,1,0.5,0.5,-1,-1,0.8,0.1,0.602024,0.064142
2,-1,1,0.55,0.55,-1,-1,0.8,0.1,0.626517,0.053102
2,-1,1,0.6,0.6,-1,-1,0.8,0.1,0.652059,0.046794
2,-1,1,0.65,0.65,-1,-1,0.8,0.1,0.676552,0.043245
2,-1,1,0.7,0.7,-1,-1,0.8,0.1,0.694048,0.037332
2,-1,1,0.75,0.75,-1,-1,0.8,0.1,0.714692,0.033783
2,-1,1,0.8,0.8,-1,-1,0.8,0.1,0.728688,0.027474
2,-1,1,0.85,0.85,-1,-1,0.8,0.1,0.746883,0.024715
2,-1,1,0.9,0.9,-1,-1,0.8,0.1,0.763328,0.023138
2,-1,1,0.95,0.95,-1,-1,0.8,0.1,0.787471,0.02156
2,-1,1,1.0,1.0,-1,-1,0.8,0.1,0.841356,0.021166
2,-1,1,0.05,0.05,-1,-1,0.85,0.1,0.135442,0.586759
2,-1,1,0.1,0.1,-1,-1,0.85,0.1,0.238709,0.40023
2,-1,1,0.15,0.15,-1,-1,0.85,0.1,0.320371,0.295806
2,-1,1,0.2,0.2,-1,-1,0.85,0.1,0.379328,0.224464
2,-1,1,0.25,0.25,-1,-1,0.85,0.1,0.44085,0.169062
2,-1,1,0.3,0.3,-1,-1,0.85,0.1,0.490286,0.138373
2,-1,1,0.35,0.35,-1,-1,0.85,0.1,0.525441,0.108083
2,-1,1,0.4,0.4,-1,-1,0.85,0.1,0.565722,0.086162
2,-1,1,0.45,0.45,-1,-1,0.85,0.1,0.595385,0.06703
2,-1,1,0.5,0.5,-1,-1,0.85,0.1,0.629807,0.054674
2,-1,1,0.55,0.55,-1,-1,0.85,0.1,0.655441,0.043515
2,-1,1,0.6,0.6,-1,-1,0.85,0.1,0.682172,0.037138
2,-1,1,0.65,0.65,-1,-1,0.85,0.1,0.707806,0.033551
2,-1,1,0.7,0.7,-1,-1,0.85,0.1,0.726117,0.027573
2,-1,1,0.75,0.75,-1,-1,0.85,0.1,0.747722,0.023985
2,-1,1,0.8,0.8,-1,-1,0.85,0.1,0.76237,0.017608
2,-1,1,0.85,0.85,-1,-1,0.85,0.1,0.781412,0.014818
2,-1,1,0.9,0.9,-1,-1,0.85,0.1,0.798624,0.013224
2,-1,1,0.95,0.95,-1,-1,0.85,0.1,0.823891,0.01163
2,-1,1,1.0,1.0,-1,-1,0.85,0.1,0.880285,0.011231
2,-1,1,0.05,0.05,-1,-1,0.9,0.1,0.141724,0.584484
2,-1,1,0.1,0.1,-1,-1,0.9,0.1,0.249982,0.396733
2,-1,1,0.15,0.15,-1,-1,0.9,0.1,0.33559,0.291624
2,-1,1,0.2,0.2,-1,-1,0.9,0.1,0.397396,0.219814
2,-1,1,0.25,0.25,-1,-1,0.9,0.1,0.461891,0.16405
2,-1,1,0.3,0.3,-1,-1,0.9,0.1,0.513716,0.13316
2,-1,1,0.35,0.35,-1,-1,0.9,0.1,0.55057,0.10267
2,-1,1,0.4,0.4,-1,-1,0.9,0.1,0.592798,0.080606
2,-1,1,0.45,0.45,-1,-1,0.9,0.1,0.623894,0.061349
2,-1,1,0.5,0.5,-1,-1,0.9,0.1,0.65998,0.048912
2,-1,1,0.55,0.55,-1,-1,0.9,0.1,0.686852,0.037679
2,-1,1,0.6,0.6,-1,-1,0.9,0.1,0.714876,0.031261
2,-1,1,0.65,0.65,-1,-1,0.9,0.1,0.741748,0.02765
2,-1,1,0.7,0.7,-1,-1,0.9,0.1,0.760943,0.021633
2,-1,1,0.75,0.75,-1,-1,0.9,0.1,0.783593,0.018022
2,-1,1,0.8,0.8,-1,-1,0.9,0.1,0.798949,0.011602
2,-1,1,0.85,0.85,-1,-1,0.9,0.1,0.818911,0.008795
2,-1,1,0.9,0.9,-1,-1,0.9,0.1,0.836954,0.00719
2,-1,1,0.95,0.95,-1,-1,0.9,0.1,0.863443,0.005585
2,-1,1,1.0,1.0,-1,-1,0.9,0.1,0.922562,0.005184
2,-1,1,0.05,0.05,-1,-1,0.95,0.1,0.147695,0.583021
2,-1,1,0.1,0.1,-1,-1,0.95,0.1,0.260697,0.394484
2,-1,1,0.15,0.15,-1,-1,0.95,0.1,0.350055,0.288935
2,-1,1,0.2,0.2,-1,-1,0.95,0.1,0.41457,0.216825
2,-1,1,0.25,0.25,-1,-1,0.95,0.1,0.48189,0.160827
2,-1,1,0.3,0.3,-1,-1,0.95,0.1,0.535987,0.129807
2,-1,1,0.35,0.35,-1,-1,0.95,0.1,0.574455,0.099191
2,-1,1,0.4,0.4,-1,-1,0.95,0.1,0.618533,0.077034
2,-1,1,0.45,0.45,-1,-1,0.95,0.1,0.650991,0.057696
2,-1,1,0.5,0.5,-1,-1,0.95,0.1,0.688658,0.045207
2,-1,1,0.55,0.55,-1,-1,0.95,0.1,0.716708,0.033927
2,-1,1,0.6,0.6,-1,-1,0.95,0.1,0.74596,0.027482
2,-1,1,0.65,0.65,-1,-1,0.95,0.1,0.77401,0.023856
2,-1,1,0.7,0.7,-1,-1,0.95,0.1,0.794046,0.017814
2,-1,1,0.75,0.75,-1,-1,0.95,0.1,0.817688,0.014188
2,-1,1,0.8,0.8,-1,-1,0.95,0.1,0.833717,0.007741
2,-1,1,0.85,0.85,-1,-1,0.95,0.1,0.854553,0.004922
2,-1,1,0.9,0.9,-1,-1,0.95,0.1,0.873387,0.00331
2,-1,1,0.95,0.95,-1,-1,0.95,0.1,0.901036,0.001699
2,-1,1,1.0,1.0,-1,-1,0.95,0.1,0.962746,0.001296
2,-1,1,0.05,0.05,-1,-1,1.0,0.1,0.153231,0.582533
2,-1,1,0.1,0.1,-1,-1,1.0,0.1,0.27063,0.393734
2,-1,1,0.15,0.15,-1,-1,1.0,0.1,0.363466,0.288039
2,-1,1,0.2,0.2,-1,-1,1.0,0.1,0.430491,0.215828
2,-1,1,0.25,0.25,-1,-1,1.0,0.1,0.500432,0.159753
2,-1,1,0.3,0.3,-1,-1,1.0,0.1,0.556633,0.12869
2,-1,1,0.35,0.35,-1,-1,1.0,0.1,0.596598,0.098031
2,-1,1,0.4,0.4,-1,-1,1.0,0.1,0.642392,0.075843
2,-1,1,0.45,0.45,-1,-1,1.0,0.1,0.676113,0.056478
2,-1,1,0.5,0.5,-1,-1,1.0,0.1,0.715246,0.043972
2,-1,1,0.55,0.55,-1,-1,1.0,0.1,0.744388,0.032677
2,-1,1,0.6,0.6,-1,-1,1.0,0.1,0.774777,0.026222
2,-1,1,0.65,0.65,-1,-1,1.0,0.1,0.803919,0.022591
2,-1,1,0.7,0.7,-1,-1,1.0,0.1,0.824735,0.01654
2,-1,1,0.75,0.75,-1,-1,1.0,0.1,0.849297,0.012909
2,-1,1,0.8,0.8,-1,-1,1.0,0.1,0.865949,0.006454
2,-1,1,0.85,0.85,-1,-1,1.0,0.1,0.887597,0.003631
2,-1,1,0.9,0.9,-1,-1,1.0,0.1,0.907164,0.002017
2,-1,1,0.95,0.95,-1,-1,1.0,0.1,0.935889,0.000403
2,-1,1,1.0,1.0,-1,-1,1.0,0.1,1.0,0.0
2,-1,1,0.05,0.05,-1,-1,0.15,0.15,0.017999,0.877322
2,-1,1,0.1,0.1,-1,-1,0.15,0.15,0.017999,0.877322
2,-1,1,0.15,0.15,-1,-1,0.15,0.15,0.017999,0.877322
2,-1,1,0.2,0.2,-1,-1,0.15,0.15,0.017999,0.877322
2,-1,1,0.25,0.25,-1,-1,0.15,0.15,0.017999,0.877322
2,-1,1,0.3,0.3,-1,-1,0.15,0.15,0.017999,0.877322
2,-1,1,0.35,0.35,-1,-1,0.15,0.15,0.017999,0.877322
2,-1,1,0.4,0.4,-1,-1,0.15,0.15,0.017999,0.877322
2,-1,1,0.45,0.45,-1,-1,0.15,0.15,0.017999,0.877322
2,-1,1,0.5,0.5,-1,-1,0.15,0.15,0.017999,0.877322
2,-1,1,0.55,0.55,-1,-1,0.15,0.15,0.017999,0.877322
2,-1,1,0.6,0.6,-1,-1,0.15,0.15,0.017999,0.877322
2,-1,1,0.65,0.65,-1,-1,0.15,0.15,0.017999,0.877322
2,-1,1,0.7,0.7,-1,-1,0.15,0.15,0.017999,0.877322
2,-1,1,0.75,0.75,-1,-1,0.15,0.15,0.017999,0.877322
2,-1,1,0.8,0.8,-1,-1,0.15,0.15,0.017999,0.877322
2,-1,1,0.85,0.85,-1,-1,0.15,0.15,0.017999,0.877322
2,-1,1,0.9,0.9,-1,-1,0.15,0.15,0.017999,0.877322
2,-1,1,0.95,0.95,-1,-1,0.15,0.15,0.017999,0.877322
2,-1,1,1.0,1.0,-1,-1,0.15,0.15,0.017999,0.877322
2,-1,1,0.05,0.05,-1,-1,0.2,0.15,0.020674,0.854406
2,-1,1,0.1,0.1,-1,-1,0.2,0.15,0.022798,0.842093
2,-1,1,0.15,0.15,-1,-1,0.2,0.15,0.024478,0.8352
2,-1,1,0.2,0.2,-1,-1,0.2,0.15,0.025691,0.830491
2,-1,1,0.25,0.25,-1,-1,0.2,0.15,0.026957,0.826834
2,-1,1,0.3,0.3,-1,-1,0.2,0.15,0.027974,0.824808
2,-1,1,0.35,0.35,-1,-1,0.2,0.15,0.028697,0.822808
2,-1,1,0.4,0.4,-1,-1,0.2,0.15,0.029526,0.821361
2,-1,1,0.45,0.45,-1,-1,0.2,0.15,0.030136,0.820098
2,-1,1,0.5,0.5,-1,-1,0.2,0.15,0.030845,0.819283
2,-1,1,0.55,0.55,-1,-1,0.2,0.15,0.031372,0.818546
2,-1,1,0.6,0.6,-1,-1,0.2,0.15,0.031922,0.818125
2,-1,1,0.65,0.65,-1,-1,0.2,0.15,0.032449,0.817888
2,-1,1,0.7,0.7,-1,-1,0.2,0.15,0.032826,0.817494
2,-1,1,0.75,0.75,-1,-1,0.2,0.15,0.033271,0.817257
2,-1,1,0.8,0.8,-1,-1,0.2,0.15,0.033572,0.816836
2,-1,1,0.85,0.85,-1,-1,0.2,0.15,0.033964,0.816652
2,-1,1,0.9,0.9,-1,-1,0.2,0.15,0.034318,0.816547
2,-1,1,0.95,0.95,-1,-1,0.2,0.15,0.034838,0.816441
2,-1,1,1.0,1.0,-1,-1,0.2,0.15,0.035998,0.816415
2,-1,1,0.05,0.05,-1,-1,0.25,0.15,0.024033,0.82889
2,-1,1,0.1,0.1,-1,-1,0.25,0.15,0.028825,0.802867
2,-1,1,0.15,0.15,-1,-1,0.25,0.15,0.032615,0.788298
2,-1,1,0.2,0.2,-1,-1,0.25,0.15,0.035352,0.778345
2,-1,1,0.25,0.25,-1,-1,0.25,0.15,0.038207,0.770616
2,-1,1,0.3,0.3,-1,-1,0.25,0.15,0.040501,0.766334
2,-1,1,0.35,0.35,-1,-1,0.25,0.15,0.042133,0.762108
2,-1,1,0.4,0.4,-1,-1,0.25,0.15,0.044003,0.75905
2,-1,1,0.45,0.45,-1,-1,0.25,0.15,0.045379,0.756381
2,-1,1,0.5,0.5,-1,-1,0.25,0.15,0.046977,0.754657
2,-1,1,0.55,0.55,-1,-1,0.25,0.15,0.048167,0.7531
2,-1,1,0.6,0.6,-1,-1,0.25,0.15,0.049407,0.75221
2,-1,1,0.65,0.65,-1,-1,0.25,0.15,0.050597,0.75171
2,-1,1,0.7,0.7,-1,-1,0.25,0.15,0.051447,0.750876
2,-1,1,0.75,0.75,-1,-1,0.25,0.15,0.05245,0.750375
2,-1,1,0.8,0.8,-1,-1,0.25,0.15,0.053129,0.749486
2,-1,1,0.85,0.85,-1,-1,0.25,0.15,0.054013,0.749096
2,-1,1,0.9,0.9,-1,-1,0.25,0.15,0.054812,0.748874
2,-1,1,0.95,0.95,-1,-1,0.25,0.15,0.055985,0.748652
2,-1,1,1.0,1.0,-1,-1,0.25,0.15,0.058602,0.748596
2,-1,1,0.05,0.05,-1,-1,0.3,0.15,0.029382,0.797523
2,-1,1,0.1,0.1,-1,-1,0.3,0.15,0.038424,0.754646
2,-1,1,0.15,0.15,-1,-1,0.3,0.15,0.045574,0.730642
2,-1,1,0.2,0.2,-1,-1,0.3,0.15,0.050736,0.714243
2,-1,1,0.25,0.25,-1,-1,0.3,0.15,0.056123,0.701508
2,-1,1,0.3,0.3,-1,-1,0.3,0.15,0.060452,0.694453
2,-1,1,0.35,0.35,-1,-1,0.3,0.15,0.06353,0.68749
2,-1,1,0.4,0.4,-1,-1,0.3,0.15,0.067057,0.682451
2,-1,1,0.45,0.45,-1,-1,0.3,0.15,0.069654,0.678053
2,-1,1,0.5,0.5,-1,-1,0.3,0.15,0.072668,0.675213
2,-1,1,0.55,0.55,-1,-1,0.3,0.15,0.074913,0.672648
2,-1,1,0.6,0.6,-1,-1,0.3,0.15,0.077253,0.671182
2,-1,1,0.65,0.65,-1,-1,0.3,0.15,0.079498,0.670358
2,-1,1,0.7,0.7,-1,-1,0.3,0.15,0.081101,0.668983
2,-1,1,0.75,0.75,-1,-1,0.3,0.15,0.082993,0.668159
2,-1,1,0.8,0.8,-1,-1,0.3,0.15,0.084275,0.666693
2,-1,1,0.85,0.85,-1,-1,0.3,0.15,0.085943,0.666052
2,-1,1,0.9,0.9,-1,-1,0.3,0.15,0.08745,0.665685
2,-1,1,0.95,0.95,-1,-1,0.3,0.15,0.089662,0.665319
2,-1,1,1.0,1.0,-1,-1,0.3,0.15,0.0946,0.665227
2,-1,1,0.05,0.05,-1,-1,0.35,0.15,0.036286,0.768269
2,-1,1,0.1,0.1,-1,-1,0.35,0.15,0.050813,0.709673
2,-1,1,0.15,0.15,-1,-1,0.35,0.15,0.0623,0.676869
2,-1,1,0.2,0.2,-1,-1,0.35,0.15,0.070593,0.654458
2,-1,1,0.25,0.25,-1,-1,0.35,0.15,0.079248,0.637054
2,-1,1,0.3,0.3,-1,-1,0.35,0.15,0.086202,0.627413
2,-1,1,0.35,0.35,-1,-1,0.35,0.15,0.091147,0.617898
2,-1,1,0.4,0.4,-1,-1,0.35,0.15,0.096813,0.611012
2,-1,1,0.45,0.45,-1,-1,0.35,0.15,0.100986,0.605002
2,-1,1,0.5,0.5,-1,-1,0.35,0.15,0.105828,0.60112
2,-1,1,0.55,0.55,-1,-1,0.35,0.15,0.109434,0.597615
2,-1,1,0.6,0.6,-1,-1,0.35,0.15,0.113195,0.595611
2,-1,1,0.65,0.65,-1,-1,0.35,0.15,0.1168,0.594484
2,-1,1,0.7,0.7,-1,-1,0.35,0.15,0.119376,0.592607
2,-1,1,0.75,0.75,-1,-1,0.35,0.15,0.122415,0.59148
2,-1,1,0.8,0.8,-1,-1,0.35,0.15,0.124476,0.589476
2,-1,1,0.85,0.85,-1,-1,0.35,0.15,0.127155,0.5886
2,-1,1,0.9,0.9,-1,-1,0.35,0.15,0.129576,0.588099
2,-1,1,0.95,0.95,-1,-1,0.35,0.15,0.13313,0.587598
2,-1,1,1.0,1.0,-1,-1,0.35,0.15,0.141063,0.587473
2,-1,1,0.05,0.05,-1,-1,0.4,0.15,0.044621,0.74064
2,-1,1,0.1,0.1,-1,-1,0.4,0.15,0.065769,0.667198
2,-1,1,0.15,0.15,-1,-1,0.4,0.15,0.082492,0.626084
2,-1,1,0.2,0.2,-1,-1,0.4,0.15,0.094565,0.597994
2,-1,1,0.25,0.25,-1,-1,0.4,0.15,0.107164,0.576181
2,-1,1,0.3,0.3,-1,-1,0.4,0.15,0.117288,0.564098
2,-1,1,0.35,0.35,-1,-1,0.4,0.15,0.124487,0.552172
2,-1,1,0.4,0.4,-1,-1,0.4,0.15,0.132736,0.543541
2,-1,1,0.45,0.45,-1,-1,0.4,0.15,0.138811,0.536009
2,-1,1,0.5,0.5,-1,-1,0.4,0.15,0.14586,0.531144
2,-1,1,0.55,0.55,-1,-1,0.4,0.15,0.151109,0.52675
2,-1,1,0.6,0.6,-1,-1,0.4,0.15,0.156583,0.524239
2,-1,1,0.65,0.65,-1,-1,0.4,0.15,0.161833,0.522827
2,-1,1,0.7,0.7,-1,-1,0.4,0.15,0.165583,0.520473
2,-1,1,0.75,0.75,-1,-1,0.4,0.15,0.170007,0.519061
2,-1,1,0.8,0.8,-1,-1,0.4,0.15,0.173007,0.51655
2,-1,1,0.85,0.85,-1,-1,0.4,0.15,0.176906,0.515451
2,-1,1,0.9,0.9,-1,-1,0.4,0.15,0.180431,0.514824
2,-1,1,0.95,0.95,-1,-1,0.4,0.15,0.185605,0.514196
2,-1,1,1.0,1.0,-1,-1,0.4,0.15,0.197154,0.514039
2,-1,1,0.05,0.05,-1,-1,0.45,0.15,0.055568,0.708623
2,-1,1,0.1,0.1,-1,-1,0.45,0.15,0.085412,0.617978
2,-1,1,0.15,0.15,-1,-1,0.45,0.15,0.109012,0.567233
2,-1,1,0.2,0.2,-1,-1,0.45,0.15,0.126051,0.532564
2,-1,1,0.25,0.25,-1,-1,0.45,0.15,0.14383,0.505641
2,-1,1,0.3,0.3,-1,-1,0.45,0.15,0.158117,0.490727
2,-1,1,0.35,0.35,-1,-1,0.45,0.15,0.168276,0.476008
2,-1,1,0.4,0.4,-1,-1,0.45,0.15,0.179918,0.465355
2,-1,1,0.45,0.45,-1,-1,0.45,0.15,0.18849,0.456058
2,-1,1,0.5,0.5,-1,-1,0.45,0.15,0.198438,0.450054
2,-1,1,0.55,0.55,-1,-1,0.45,0.15,0.205846,0.44463
2,-1,1,0.6,0.6,-1,-1,0.45,0.15,0.213571,0.441532
2,-1,1,0.65,0.65,-1,-1,0.45,0.15,0.220979,0.439788
2,-1,1,0.7,0.7,-1,-1,0.45,0.15,0.226271,0.436883
2,-1,1,0.75,0.75,-1,-1,0.45,0.15,0.232515,0.43514
2,-1,1,0.8,0.8,-1,-1,0.45,0.15,0.236748,0.432041
2,-1,1,0.85,0.85,-1,-1,0.45,0.15,0.242251,0.430685
2,-1,1,0.9,0.9,-1,-1,0.45,0.15,0.247225,0.429911
2,-1,1,0.95,0.95,-1,-1,0.45,0.15,0.254527,0.429136
2,-1,1,1.0,1.0,-1,-1,0.45,0.15,0.270825,0.428942
2,-1,1,0.05,0.05,-1,-1,0.5,0.15,0.076592,0.660678
2,-1,1,0.1,0.1,-1,-1,0.5,0.15,0.123137,0.544272
2,-1,1,0.15,0.15,-1,-1,0.5,0.15,0.159943,0.479105
2,-1,1,0.2,0.2,-1,-1,0.5,0.15,0.186516,0.434583
2,-1,1,0.25,0.25,-1,-1,0.5,0.15,0.214245,0.400009
2,-1,1,0.3,0.3,-1,-1,0.5,0.15,0.236527,0.380857
2,-1,1,0.35,0.35,-1,-1,0.5,0.15,0.252372,0.361954
2,-1,1,0.4,0.4,-1,-1,0.5,0.15,0.270527,0.348274
2,-1,1,0.45,0.45,-1,-1,0.5,0.15,0.283896,0.336334
2,-1,1,0.5,0.5,-1,-1,0.5,0.15,0.299411,0.328623
2,-1,1,0.55,0.55,-1,-1,0.5,0.15,0.310965,0.321659
2,-1,1,0.6,0.6,-1,-1,0.5,0.15,0.323013,0.31768
2,-1,1,0.65,0.65,-1,-1,0.5,0.15,0.334567,0.315441
2,-1,1,0.7,0.7,-1,-1,0.5,0.15,0.34282,0.31171
2,-1,1,0.75,0.75,-1,-1,0.5,0.15,0.352557,0.309471
2,-1,1,0.8,0.8,-1,-1,0.5,0.15,0.35916,0.305491
2,-1,1,0.85,0.85,-1,-1,0.5,0.15,0.367742,0.303751
2,-1,1,0.9,0.9,-1,-1,0.5,0.15,0.3755,0.302756
2,-1,1,0.95,0.95,-1,-1,0.5,0.15,0.386888,0.301761
2,-1,1,1.0,1.0,-1,-1,0.5,0.15,0.412306,0.301512
2,-1,1,0.05,0.05,-1,-1,0.55,0.15,0.089032,0.630774
2,-1,1,0.1,0.1,-1,-1,0.55,0.15,0.145459,0.4983
2,-1,1,0.15,0.15,-1,-1,0.55,0.15,0.19008,0.424137
2,-1,1,0.2,0.2,-1,-1,0.55,0.15,0.222295,0.373469
2,-1,1,0.25,0.25,-1,-1,0.55,0.15,0.255911,0.334123
2,-1,1,0.3,0.3,-1,-1,0.55,0.15,0.282923,0.312327
2,-1,1,0.35,0.35,-1,-1,0.55,0.15,0.302132,0.290815
2,-1,1,0.4,0.4,-1,-1,0.55,0.15,0.324142,0.275246
2,-1,1,0.45,0.45,-1,-1,0.55,0.15,0.34035,0.261659
2,-1,1,0.5,0.5,-1,-1,0.55,0.15,0.359159,0.252884
2,-1,1,0.55,0.55,-1,-1,0.55,0.15,0.373166,0.244958
2,-1,1,0.6,0.6,-1,-1,0.55,0.15,0.387772,0.240429
2,-1,1,0.65,0.65,-1,-1,0.55,0.15,0.401779,0.237882
2,-1,1,0.7,0.7,-1,-1,0.55,0.15,0.411784,0.233636
2,-1,1,0.75,0.75,-1,-1,0.55,0.15,0.423589,0.231088
2,-1,1,0.8,0.8,-1,-1,0.55,0.15,0.431593,0.226559
2,-1,1,0.85,0.85,-1,-1,0.55,0.15,0.441998,0.224578
2,-1,1,0.9,0.9,-1,-1,0.55,0.15,0.451402,0.223445
2,-1,1,0.95,0.95,-1,-1,0.55,0.15,0.465209,0.222313
2,-1,1,1.0,1.0,-1,-1,0.55,0.15,0.496023,0.22203
2,-1,1,0.05,0.05,-1,-1,0.6,0.15,0.101597,0.606232
2,-1,1,0.1,0.1,-1,-1,0.6,0.15,0.168005,0.460572
2,-1,1,0.15,0.15,-1,-1,0.6,0.15,0.220518,0.379028
2,-1,1,0.2,0.2,-1,-1,0.6,0.15,0.258431,0.323316
2,-1,1,0.25,0.25,-1,-1,0.6,0.15,0.297993,0.280054
2,-1,1,0.3,0.3,-1,-1,0.6,0.15,0.329784,0.256088
2,-1,1,0.35,0.35,-1,-1,0.6,0.15,0.352391,0.232434
2,-1,1,0.4,0.4,-1,-1,0.6,0.15,0.378294,0.215316
2,-1,1,0.45,0.45,-1,-1,0.6,0.15,0.397369,0.200376
2,-1,1,0.5,0.5,-1,-1,0.6,0.15,0.419505,0.190728
2,-1,1,0.55,0.55,-1,-1,0.6,0.15,0.435989,0.182013
2,-1,1,0.6,0.6,-1,-1,0.6,0.15,0.453179,0.177034
2,-1,1,0.65,0.65,-1,-1,0.6,0.15,0.469663,0.174232
2,-1,1,0.7,0.7,-1,-1,0.6,0.15,0.481438,0.169564
2,-1,1,0.75,0.75,-1,-1,0.6,0.15,0.495332,0.166763
2,-1,1,0.8,0.8,-1,-1,0.6,0.15,0.504751,0.161783
2,-1,1,0.85,0.85,-1,-1,0.6,0.15,0.516996,0.159604
2,-1,1,0.9,0.9,-1,-1,0.6,0.15,0.528065,0.158359
2,-1,1,0.95,0.95,-1,-1,0.6,0.15,0.544313,0.157114
2,-1,1,1.0,1.0,-1,-1,0.6,0.15,0.580578,0.156803
2,-1,1,0.05,0.05,-1,-1,0.65,0.15,0.113104,0.588518
2,-1,1,0.1,0.1,-1,-1,0.65,0.15,0.188652,0.433339
2,-1,1,0.15,0.15,-1,-1,0.65,0.15,0.248394,0.346465
2,-1,1,0.2,0.2,-1,-1,0.65,0.15,0.291526,0.287114
2,-1,1,0.25,0.25,-1,-1,0.65,0.15,0.336534,0.241024
2,-1,1,0.3,0.3,-1,-1,0.65,0.15,0.372701,0.215492
2,-1,1,0.35,0.35,-1,-1,0.65,0.15,0.398419,0.190293
2,-1,1,0.4,0.4,-1,-1,0.65,0.15,0.427888,0.172056
2,-1,1,0.45,0.45,-1,-1,0.65,0.15,0.449589,0.15614
2,-1,1,0.5,0.5,-1,-1,0.65,0.15,0.474771,0.145861
2,-1,1,0.55,0.55,-1,-1,0.65,0.15,0.493525,0.136577
2,-1,1,0.6,0.6,-1,-1,0.65,0.15,0.513081,0.131272
2,-1,1,0.65,0.65,-1,-1,0.65,0.15,0.531834,0.128287
2,-1,1,0.7,0.7,-1,-1,0.65,0.15,0.54523,0.123314
2,-1,1,0.75,0.75,-1,-1,0.65,0.15,0.561036,0.12033
2,-1,1,0.8,0.8,-1,-1,0.65,0.15,0.571752,0.115024
2,-1,1,0.85,0.85,-1,-1,0.65,0.15,0.585683,0.112703
2,-1,1,0.9,0.9,-1,-1,0.65,0.15,0.598274,0.111377
2,-1,1,0.95,0.95,-1,-1,0.65,0.15,0.616759,0.110051
2,-1,1,1.0,1.0,-1,-1,0.65,0.15,0.658016,0.109719
2,-1,1,0.05,0.05,-1,-1,0.7,0.15,0.124238,0.574703
2,-1,1,0.1,0.1,-1,-1,0.7,0.15,0.208631,0.412102
2,-1,1,0.15,0.15,-1,-1,0.7,0.15,0.275367,0.321073
2,-1,1,0.2,0.2,-1,-1,0.7,0.15,0.323548,0.258882
2,-1,1,0.25,0.25,-1,-1,0.7,0.15,0.373825,0.210587
2,-1,1,0.3,0.3,-1,-1,0.7,0.15,0.414226,0.183835
2,-1,1,0.35,0.35,-1,-1,0.7,0.15,0.442955,0.15743
2,-1,1,0.4,0.4,-1,-1,0.7,0.15,0.475874,0.138321
2,-1,1,0.45,0.45,-1,-1,0.7,0.15,0.500115,0.121643
2,-1,1,0.5,0.5,-1,-1,0.7,0.15,0.528246,0.110873
2,-1,1,0.55,0.55,-1,-1,0.7,0.15,0.549195,0.101144
2,-1,1,0.6,0.6,-1,-1,0.7,0.15,0.57104,0.095586
2,-1,1,0.65,0.65,-1,-1,0.7,0.15,0.591989,0.092459
2,-1,1,0.7,0.7,-1,-1,0.7,0.15,0.606953,0.087247
2,-1,1,0.75,0.75,-1,-1,0.7,0.15,0.624609,0.08412
2,-1,1,0.8,0.8,-1,-1,0.7,0.15,0.63658,0.078561
2,-1,1,0.85,0.85,-1,-1,0.7,0.15,0.652141,0.076129
2,-1,1,0.9,0.9,-1,-1,0.7,0.15,0.666207,0.074739
2,-1,1,0.95,0.95,-1,-1,0.7,0.15,0.686856,0.073349
2,-1,1,1.0,1.0,-1,-1,0.7,0.15,0.732943,0.073002
2,-1,1,0.05,0.05,-1,-1,0.75,0.15,0.1322,0.565277
2,-1,1,0.1,0.1,-1,-1,0.75,0.15,0.222917,0.39761
2,-1,1,0.15,0.15,-1,-1,0.75,0.15,0.294654,0.303746
2,-1,1,0.2,0.2,-1,-1,0.75,0.15,0.346447,0.239618
2,-1,1,0.25,0.25,-1,-1,0.75,0.15,0.400491,0.189819
2,-1,1,0.3,0.3,-1,-1,0.75,0.15,0.44392,0.162233
2,-1,1,0.35,0.35,-1,-1,0.75,0.15,0.474802,0.135006
2,-1,1,0.4,0.4,-1,-1,0.75,0.15,0.510188,0.115301
2,-1,1,0.45,0.45,-1,-1,0.75,0.15,0.536246,0.098104
2,-1,1,0.5,0.5,-1,-1,0.75,0.15,0.566485,0.086998
2,-1,1,0.55,0.55,-1,-1,0.75,0.15,0.589003,0.076967
2,-1,1,0.6,0.6,-1,-1,0.75,0.15,0.612486,0.071235
2,-1,1,0.65,0.65,-1,-1,0.75,0.15,0.635005,0.068011
2,-1,1,0.7,0.7,-1,-1,0.75,0.15,0.65109,0.062637
2,-1,1,0.75,0.75,-1,-1,0.75,0.15,0.670069,0.059412
2,-1,1,0.8,0.8,-1,-1,0.75,0.15,0.682937,0.05368
2,-1,1,0.85,0.85,-1,-1,0.75,0.15,0.699665,0.051173
2,-1,1,0.9,0.9,-1,-1,0.75,0.15,0.714785,0.049739
2,-1,1,0.95,0.95,-1,-1,0.75,0.15,0.736981,0.048306
2,-1,1,1.0,1.0,-1,-1,0.75,0.15,0.786522,0.047948
2,-1,1,0.05,0.05,-1,-1,0.8,0.15,0.140348,0.5552
2,-1,1,0.1,0.1,-1,-1,0.8,0.15,0.237538,0.38212
2,-1,1,0.15,0.15,-1,-1,0.8,0.15,0.314394,0.285224
2,-1,1,0.2,0.2,-1,-1,0.8,0.15,0.369881,0.219025
2,-1,1,0.25,0.25,-1,-1,0.8,0.15,0.427782,0.167618
2,-1,1,0.3,0.3,-1,-1,0.8,0.15,0.474309,0.139142
2,-1,1,0.35,0.35,-1,-1,0.8,0.15,0.507395,0.111035
2,-1,1,0.4,0.4,-1,-1,0.8,0.15,0.545306,0.090694
2,-1,1,0.45,0.45,-1,-1,0.8,0.15,0.573222,0.072942
2,-1,1,0.5,0.5,-1,-1,0.8,0.15,0.605619,0.061477
2,-1,1,0.55,0.55,-1,-1,0.8,0.15,0.629744,0.051122
2,-1,1,0.6,0.6,-1,-1,0.8,0.15,0.654903,0.045205
2,-1,1,0.65,0.65,-1,-1,0.8,0.15,0.679028,0.041876
2,-1,1,0.7,0.7,-1,-1,0.8,0.15,0.696261,0.036329
2,-1,1,0.75,0.75,-1,-1,0.8,0.15,0.716594,0.033001
2,-1,1,0.8,0.8,-1,-1,0.8,0.15,0.730381,0.027083
2,-1,1,0.85,0.85,-1,-1,0.8,0.15,0.748302,0.024495
2,-1,1,0.9,0.9,-1,-1,0.8,0.15,0.764501,0.023015
2,-1,1,0.95,0.95,-1,-1,0.8,0.15,0.788281,0.021536
2,-1,1,1.0,1.0,-1,-1,0.8,0.15,0.841356,0.021166
2,-1,1,0.05,0.05,-1,-1,0.85,0.15,0.146133,0.551462
2,-1,1,0.1,0.1,-1,-1,0.85,0.15,0.247918,0.376373
2,-1,1,0.15,0.15,-1,-1,0.85,0.15,0.328407,0.278353
2,-1,1,0.2,0.2,-1,-1,0.85,0.15,0.386518,0.211386
2,-1,1,0.25,0.25,-1,-1,0.85,0.15,0.447157,0.159383
2,-1,1,0.3,0.3,-1,-1,0.85,0.15,0.495884,0.130576
2,-1,1,0.35,0.35,-1,-1,0.85,0.15,0.530534,0.102143
2,-1,1,0.4,0.4,-1,-1,0.85,0.15,0.570237,0.081566
2,-1,1,0.45,0.45,-1,-1,0.85,0.15,0.599474,0.063608
2,-1,1,0.5,0.5,-1,-1,0.85,0.15,0.633402,0.05201
2,-1,1,0.55,0.55,-1,-1,0.85,0.15,0.658668,0.041535
2,-1,1,0.6,0.6,-1,-1,0.85,0.15,0.685016,0.035549
2,-1,1,0.65,0.65,-1,-1,0.85,0.15,0.710282,0.032182
2,-1,1,0.7,0.7,-1,-1,0.85,0.15,0.72833,0.02657
2,-1,1,0.75,0.75,-1,-1,0.85,0.15,0.749625,0.023203
2,-1,1,0.8,0.8,-1,-1,0.85,0.15,0.764063,0.017217
2,-1,1,0.85,0.85,-1,-1,0.85,0.15,0.782831,0.014598
2,-1,1,0.9,0.9,-1,-1,0.85,0.15,0.799796,0.013102
2,-1,1,0.95,0.95,-1,-1,0.85,0.15,0.8247,0.011605
2,-1,1,1.0,1.0,-1,-1,0.85,0.15,0.880285,0.011231
2,-1,1,0.05,0.05,-1,-1,0.9,0.15,0.152415,0.549187
2,-1,1,0.1,0.1,-1,-1,0.9,0.15,0.259191,0.372876
2,-1,1,0.15,0.15,-1,-1,0.9,0.15,0.343626,0.274171
2,-1,1,0.2,0.2,-1,-1,0.9,0.15,0.404587,0.206737
2,-1,1,0.25,0.25,-1,-1,0.9,0.15,0.468198,0.15437
2,-1,1,0.3,0.3,-1,-1,0.9,0.15,0.519314,0.125362
2,-1,1,0.35,0.35,-1,-1,0.9,0.15,0.555663,0.096731
2,-1,1,0.4,0.4,-1,-1,0.9,0.15,0.597313,0.07601
2,-1,1,0.45,0.45,-1,-1,0.9,0.15,0.627983,0.057927
2,-1,1,0.5,0.5,-1,-1,0.9,0.15,0.663575,0.046248
2,-1,1,0.55,0.55,-1,-1,0.9,0.15,0.690079,0.035699
2,-1,1,0.6,0.6,-1,-1,0.9,0.15,0.717719,0.029672
2,-1,1,0.65,0.65,-1,-1,0.9,0.15,0.744224,0.026281
2,-1,1,0.7,0.7,-1,-1,0.9,0.15,0.763156,0.02063
2,-1,1,0.75,0.75,-1,-1,0.9,0.15,0.785495,0.01724
2,-1,1,0.8,0.8,-1,-1,0.9,0.15,0.800641,0.011211
2,-1,1,0.85,0.85,-1,-1,0.9,0.15,0.82033,0.008575
2,-1,1,0.9,0.9,-1,-1,0.9,0.15,0.838126,0.007068
2,-1,1,0.95,0.95,-1,-1,0.9,0.15,0.864252,0.005561
2,-1,1,1.0,1.0,-1,-1,0.9,0.15,0.922562,0.005184
2,-1,1,0.05,0.05,-1,-1,0.95,0.15,0.158387,0.547724
2,-1,1,0.1,0.1,-1,-1,0.95,0.15,0.269905,0.370627
2,-1,1,0.15,0.15,-1,-1,0.95,0.15,0.358092,0.271483
2,-1,1,0.2,0.2,-1,-1,0.95,0.15,0.42176,0.203747
2,-1,1,0.25,0.25,-1,-1,0.95,0.15,0.488198,0.151147
2,-1,1,0.3,0.3,-1,-1,0.95,0.15,0.541584,0.12201
2,-1,1,0.35,0.35,-1,-1,0.95,0.15,0.579548,0.093251
2,-1,1,0.4,0.4,-1,-1,0.95,0.15,0.623048,0.072438
2,-1,1,0.45,0.45,-1,-1,0.95,0.15,0.655081,0.054274
2,-1,1,0.5,0.5,-1,-1,0.95,0.15,0.692254,0.042543
2,-1,1,0.55,0.55,-1,-1,0.95,0.15,0.719936,0.031947
2,-1,1,0.6,0.6,-1,-1,0.95,0.15,0.748803,0.025893
2,-1,1,0.65,0.65,-1,-1,0.95,0.15,0.776485,0.022487
2,-1,1,0.7,0.7,-1,-1,0.95,0.15,0.796259,0.016811
2,-1,1,0.75,0.75,-1,-1,0.95,0.15,0.81959,0.013405
2,-1,1,0.8,0.8,-1,-1,0.95,0.15,0.835409,0.00735
2,-1,1,0.85,0.85,-1,-1,0.95,0.15,0.855973,0.004702
2,-1,1,0.9,0.9,-1,-1,0.95,0.15,0.87456,0.003188
2,-1,1,0.95,0.95,-1,-1,0.95,0.15,0.901846,0.001674
2,-1,1,1.0,1.0,-1,-1,0.95,0.15,0.962746,0.001296
2,-1,1,0.05,0.05,-1,-1,1.0,0.15,0.163922,0.547237
2,-1,1,0.1,0.1,-1,-1,1.0,0.15,0.279839,0.369877
2,-1,1,0.15,0.15,-1,-1,1.0,0.15,0.371503,0.270586
2,-1,1,0.2,0.2,-1,-1,1.0,0.15,0.437682,0.202751
2,-1,1,0.25,0.25,-1,-1,1.0,0.15,0.506739,0.150073
2,-1,1,0.3,0.3,-1,-1,1.0,0.15,0.562231,0.120892
2,-1,1,0.35,0.35,-1,-1,1.0,0.15,0.601692,0.092091
2,-1,1,0.4,0.4,-1,-1,1.0,0.15,0.646907,0.071247
2,-1,1,0.45,0.45,-1,-1,1.0,0.15,0.680203,0.053056
2,-1,1,0.5,0.5,-1,-1,1.0,0.15,0.718841,0.041308
2,-1,1,0.55,0.55,-1,-1,1.0,0.15,0.747615,0.030697
2,-1,1,0.6,0.6,-1,-1,1.0,0.15,0.777621,0.024633
2,-1,1,0.65,0.65,-1,-1,1.0,0.15,0.806395,0.021222
2,-1,1,0.7,0.7,-1,-1,1.0,0.15,0.826948,0.015538
2,-1,1,0.75,0.75,-1,-1,1.0,0.15,0.851199,0.012127
2,-1,1,0.8,0.8,-1,-1,1.0,0.15,0.867642,0.006063
2,-1,1,0.85,0.85,-1,-1,1.0,0.15,0.889016,0.003411
2,-1,1,0.9,0.9,-1,-1,1.0,0.15,0.908336,0.001895
2,-1,1,0.95,0.95,-1,-1,1.0,0.15,0.936698,0.000379
2,-1,1,1.0,1.0,-1,-1,1.0,0.15,1.0,0.0
2,-1,1,0.05,0.05,-1,-1,0.2,0.2,0.035998,0.816415
2,-1,1,0.1,0.1,-1,-1,0.2,0.2,0.035998,0.816415
2,-1,1,0.15,0.15,-1,-1,0.2,0.2,0.035998,0.816415
2,-1,1,0.2,0.2,-1,-1,0.2,0.2,0.035998,0.816415
2,-1,1,0.25,0.25,-1,-1,0.2,0.2,0.035998,0.816415
2,-1,1,0.3,0.3,-1,-1,0.2,0.2,0.035998,0.816415
2,-1,1,0.35,0.35,-1,-1,0.2,0.2,0.035998,0.816415
2,-1,1,0.4,0.4,-1,-1,0.2,0.2,0.035998,0.816415
2,-1,1,0.45,0.45,-1,-1,0.2,0.2,0.035998,0.816415
2,-1,1,0.5,0.5,-1,-1,0.2,0.2,0.035998,0.816415
2,-1,1,0.55,0.55,-1,-1,0.2,0.2,0.035998,0.816415
2,-1,1,0.6,0.6,-1,-1,0.2,0.2,0.035998,0.816415
2,-1,1,0.65,0.65,-1,-1,0.2,0.2,0.035998,0.816415
2,-1,1,0.7,0.7,-1,-1,0.2,0.2,0.035998,0.816415
2,-1,1,0.75,0.75,-1,-1,0.2,0.2,0.035998,0.816415
2,-1,1,0.8,0.8,-1,-1,0.2,0.2,0.035998,0.816415
2,-1,1,0.85,0.85,-1,-1,0.2,0.2,0.035998,0.816415
2,-1,1,0.9,0.9,-1,-1,0.2,0.2,0.035998,0.816415
2,-1,1,0.95,0.95,-1,-1,0.2,0.2,0.035998,0.816415
2,-1,1,1.0,1.0,-1,-1,0.2,0.2,0.035998,0.816415
2,-1,1,0.05,0.05,-1,-1,0.25,0.2,0.039357,0.790899
2,-1,1,0.1,0.1,-1,-1,0.25,0.2,0.042025,0.777188
2,-1,1,0.15,0.15,-1,-1,0.25,0.2,0.044135,0.769513
2,-1,1,0.2,0.2,-1,-1,0.25,0.2,0.045658,0.764269
2,-1,1,0.25,0.25,-1,-1,0.25,0.2,0.047248,0.760197
2,-1,1,0.3,0.3,-1,-1,0.25,0.2,0.048525,0.757941
2,-1,1,0.35,0.35,-1,-1,0.25,0.2,0.049434,0.755715
2,-1,1,0.4,0.4,-1,-1,0.25,0.2,0.050474,0.754104
2,-1,1,0.45,0.45,-1,-1,0.25,0.2,0.051241,0.752697
2,-1,1,0.5,0.5,-1,-1,0.25,0.2,0.05213,0.751789
2,-1,1,0.55,0.55,-1,-1,0.25,0.2,0.052793,0.750969
2,-1,1,0.6,0.6,-1,-1,0.25,0.2,0.053483,0.7505
2,-1,1,0.65,0.65,-1,-1,0.25,0.2,0.054146,0.750237
2,-1,1,0.7,0.7,-1,-1,0.25,0.2,0.054619,0.749797
2,-1,1,0.75,0.75,-1,-1,0.25,0.2,0.055177,0.749533
2,-1,1,0.8,0.8,-1,-1,0.25,0.2,0.055555,0.749065
2,-1,1,0.85,0.85,-1,-1,0.25,0.2,0.056047,0.74886
2,-1,1,0.9,0.9,-1,-1,0.25,0.2,0.056492,0.748742
2,-1,1,0.95,0.95,-1,-1,0.25,0.2,0.057145,0.748625
2,-1,1,1.0,1.0,-1,-1,0.25,0.2,0.058602,0.748596
2,-1,1,0.05,0.05,-1,-1,0.3,0.2,0.044706,0.759532
2,-1,1,0.1,0.1,-1,-1,0.3,0.2,0.051624,0.728968
2,-1,1,0.15,0.15,-1,-1,0.3,0.2,0.057094,0.711857
2,-1,1,0.2,0.2,-1,-1,0.3,0.2,0.061043,0.700167
2,-1,1,0.25,0.25,-1,-1,0.3,0.2,0.065164,0.691089
2,-1,1,0.3,0.3,-1,-1,0.3,0.2,0.068476,0.68606
2,-1,1,0.35,0.35,-1,-1,0.3,0.2,0.070831,0.681097
2,-1,1,0.4,0.4,-1,-1,0.3,0.2,0.073529,0.677505
2,-1,1,0.45,0.45,-1,-1,0.3,0.2,0.075516,0.67437
2,-1,1,0.5,0.5,-1,-1,0.3,0.2,0.077822,0.672346
2,-1,1,0.55,0.55,-1,-1,0.3,0.2,0.079539,0.670517
2,-1,1,0.6,0.6,-1,-1,0.3,0.2,0.081329,0.669472
2,-1,1,0.65,0.65,-1,-1,0.3,0.2,0.083046,0.668884
2,-1,1,0.7,0.7,-1,-1,0.3,0.2,0.084273,0.667905
2,-1,1,0.75,0.75,-1,-1,0.3,0.2,0.08572,0.667317
2,-1,1,0.8,0.8,-1,-1,0.3,0.2,0.086701,0.666272
2,-1,1,0.85,0.85,-1,-1,0.3,0.2,0.087977,0.665815
2,-1,1,0.9,0.9,-1,-1,0.3,0.2,0.08913,0.665554
2,-1,1,0.95,0.95,-1,-1,0.3,0.2,0.090822,0.665292
2,-1,1,1.0,1.0,-1,-1,0.3,0.2,0.0946,0.665227
2,-1,1,0.05,0.05,-1,-1,0.35,0.2,0.05161,0.730277
2,-1,1,0.1,0.1,-1,-1,0.35,0.2,0.064012,0.683994
2,-1,1,0.15,0.15,-1,-1,0.35,0.2,0.07382,0.658084
2,-1,1,0.2,0.2,-1,-1,0.35,0.2,0.0809,0.640382
2,-1,1,0.25,0.25,-1,-1,0.35,0.2,0.088289,0.626635
2,-1,1,0.3,0.3,-1,-1,0.35,0.2,0.094226,0.619021
2,-1,1,0.35,0.35,-1,-1,0.35,0.2,0.098448,0.611505
2,-1,1,0.4,0.4,-1,-1,0.35,0.2,0.103285,0.606065
2,-1,1,0.45,0.45,-1,-1,0.35,0.2,0.106848,0.601318
2,-1,1,0.5,0.5,-1,-1,0.35,0.2,0.110982,0.598253
2,-1,1,0.55,0.55,-1,-1,0.35,0.2,0.11406,0.595483
2,-1,1,0.6,0.6,-1,-1,0.35,0.2,0.117271,0.593901
2,-1,1,0.65,0.65,-1,-1,0.35,0.2,0.120349,0.593011
2,-1,1,0.7,0.7,-1,-1,0.35,0.2,0.122548,0.591528
2,-1,1,0.75,0.75,-1,-1,0.35,0.2,0.125143,0.590638
2,-1,1,0.8,0.8,-1,-1,0.35,0.2,0.126902,0.589055
2,-1,1,0.85,0.85,-1,-1,0.35,0.2,0.129189,0.588363
2,-1,1,0.9,0.9,-1,-1,0.35,0.2,0.131256,0.587968
2,-1,1,0.95,0.95,-1,-1,0.35,0.2,0.13429,0.587572
2,-1,1,1.0,1.0,-1,-1,0.35,0.2,0.141063,0.587473
2,-1,1,0.05,0.05,-1,-1,0.4,0.2,0.059945,0.702648
2,-1,1,0.1,0.1,-1,-1,0.4,0.2,0.078968,0.64152
2,-1,1,0.15,0.15,-1,-1,0.4,0.2,0.094011,0.607299
2,-1,1,0.2,0.2,-1,-1,0.4,0.2,0.104872,0.583919
2,-1,1,0.25,0.25,-1,-1,0.4,0.2,0.116205,0.565763
2,-1,1,0.3,0.3,-1,-1,0.4,0.2,0.125312,0.555706
2,-1,1,0.35,0.35,-1,-1,0.4,0.2,0.131788,0.545779
2,-1,1,0.4,0.4,-1,-1,0.4,0.2,0.139208,0.538595
2,-1,1,0.45,0.45,-1,-1,0.4,0.2,0.144672,0.532325
2,-1,1,0.5,0.5,-1,-1,0.4,0.2,0.151013,0.528276
2,-1,1,0.55,0.55,-1,-1,0.4,0.2,0.155735,0.524619
2,-1,1,0.6,0.6,-1,-1,0.4,0.2,0.160659,0.522529
2,-1,1,0.65,0.65,-1,-1,0.4,0.2,0.165381,0.521353
2,-1,1,0.7,0.7,-1,-1,0.4,0.2,0.168754,0.519394
2,-1,1,0.75,0.75,-1,-1,0.4,0.2,0.172734,0.518219
2,-1,1,0.8,0.8,-1,-1,0.4,0.2,0.175433,0.516129
2,-1,1,0.85,0.85,-1,-1,0.4,0.2,0.17894,0.515215
2,-1,1,0.9,0.9,-1,-1,0.4,0.2,0.182111,0.514692
2,-1,1,0.95,0.95,-1,-1,0.4,0.2,0.186766,0.51417
2,-1,1,1.0,1.0,-1,-1,0.4,0.2,0.197154,0.514039
2,-1,1,0.05,0.05,-1,-1,0.45,0.2,0.070893,0.670631
2,-1,1,0.1,0.1,-1,-1,0.45,0.2,0.098612,0.5923
2,-1,1,0.15,0.15,-1,-1,0.45,0.2,0.120532,0.548448
2,-1,1,0.2,0.2,-1,-1,0.45,0.2,0.136357,0.518488
2,-1,1,0.25,0.25,-1,-1,0.45,0.2,0.152871,0.495222
2,-1,1,0.3,0.3,-1,-1,0.45,0.2,0.166141,0.482335
2,-1,1,0.35,0.35,-1,-1,0.45,0.2,0.175577,0.469614
2,-1,1,0.4,0.4,-1,-1,0.45,0.2,0.186389,0.460409
2,-1,1,0.45,0.45,-1,-1,0.45,0.2,0.194351,0.452374
2,-1,1,0.5,0.5,-1,-1,0.45,0.2,0.203591,0.447186
2,-1,1,0.55,0.55,-1,-1,0.45,0.2,0.210472,0.442499
2,-1,1,0.6,0.6,-1,-1,0.45,0.2,0.217647,0.439821
2,-1,1,0.65,0.65,-1,-1,0.45,0.2,0.224528,0.438315
2,-1,1,0.7,0.7,-1,-1,0.45,0.2,0.229443,0.435805
2,-1,1,0.75,0.75,-1,-1,0.45,0.2,0.235242,0.434298
2,-1,1,0.8,0.8,-1,-1,0.45,0.2,0.239174,0.43162
2,-1,1,0.85,0.85,-1,-1,0.45,0.2,0.244285,0.430448
2,-1,1,0.9,0.9,-1,-1,0.45,0.2,0.248905,0.429779
2,-1,1,0.95,0.95,-1,-1,0.45,0.2,0.255688,0.429109
2,-1,1,1.0,1.0,-1,-1,0.45,0.2,0.270825,0.428942
2,-1,1,0.05,0.05,-1,-1,0.5,0.2,0.091917,0.622687
2,-1,1,0.1,0.1,-1,-1,0.5,0.2,0.136336,0.518594
2,-1,1,0.15,0.15,-1,-1,0.5,0.2,0.171462,0.46032
2,-1,1,0.2,0.2,-1,-1,0.5,0.2,0.196823,0.420507
2,-1,1,0.25,0.25,-1,-1,0.5,0.2,0.223286,0.38959
2,-1,1,0.3,0.3,-1,-1,0.5,0.2,0.244551,0.372464
2,-1,1,0.35,0.35,-1,-1,0.5,0.2,0.259672,0.35556
2,-1,1,0.4,0.4,-1,-1,0.5,0.2,0.276999,0.343327
2,-1,1,0.45,0.45,-1,-1,0.5,0.2,0.289758,0.332651
2,-1,1,0.5,0.5,-1,-1,0.5,0.2,0.304565,0.325756
2,-1,1,0.55,0.55,-1,-1,0.5,0.2,0.315591,0.319528
2,-1,1,0.6,0.6,-1,-1,0.5,0.2,0.327089,0.315969
2,-1,1,0.65,0.65,-1,-1,0.5,0.2,0.338115,0.313968
2,-1,1,0.7,0.7,-1,-1,0.5,0.2,0.345991,0.310631
2,-1,1,0.75,0.75,-1,-1,0.5,0.2,0.355285,0.30863
2,-1,1,0.8,0.8,-1,-1,0.5,0.2,0.361586,0.30507
2,-1,1,0.85,0.85,-1,-1,0.5,0.2,0.369776,0.303514
2,-1,1,0.9,0.9,-1,-1,0.5,0.2,0.37718,0.302624
2,-1,1,0.95,0.95,-1,-1,0.5,0.2,0.388048,0.301734
2,-1,1,1.0,1.0,-1,-1,0.5,0.2,0.412306,0.301512
2,-1,1,0.05,0.05,-1,-1,0.55,0.2,0.104357,0.592782
2,-1,1,0.1,0.1,-1,-1,0.55,0.2,0.158659,0.472622
2,-1,1,0.15,0.15,-1,-1,0.55,0.2,0.201599,0.405352
2,-1,1,0.2,0.2,-1,-1,0.55,0.2,0.232601,0.359394
2,-1,1,0.25,0.25,-1,-1,0.55,0.2,0.264952,0.323704
2,-1,1,0.3,0.3,-1,-1,0.55,0.2,0.290947,0.303934
2,-1,1,0.35,0.35,-1,-1,0.55,0.2,0.309433,0.284421
2,-1,1,0.4,0.4,-1,-1,0.55,0.2,0.330614,0.2703
2,-1,1,0.45,0.45,-1,-1,0.55,0.2,0.346212,0.257975
2,-1,1,0.5,0.5,-1,-1,0.55,0.2,0.364312,0.250016
2,-1,1,0.55,0.55,-1,-1,0.55,0.2,0.377792,0.242827
2,-1,1,0.6,0.6,-1,-1,0.55,0.2,0.391848,0.238719
2,-1,1,0.65,0.65,-1,-1,0.55,0.2,0.405327,0.236408
2,-1,1,0.7,0.7,-1,-1,0.55,0.2,0.414956,0.232557
2,-1,1,0.75,0.75,-1,-1,0.55,0.2,0.426316,0.230246
2,-1,1,0.8,0.8,-1,-1,0.55,0.2,0.434019,0.226138
2,-1,1,0.85,0.85,-1,-1,0.55,0.2,0.444032,0.224341
2,-1,1,0.9,0.9,-1,-1,0.55,0.2,0.453082,0.223314
2,-1,1,0.95,0.95,-1,-1,0.55,0.2,0.466369,0.222287
2,-1,1,1.0,1.0,-1,-1,0.55,0.2,0.496023,0.22203
2,-1,1,0.05,0.05,-1,-1,0.6,0.2,0.116921,0.568241
2,-1,1,0.1,0.1,-1,-1,0.6,0.2,0.181204,0.434894
2,-1,1,0.15,0.15,-1,-1,0.6,0.2,0.232038,0.360243
2,-1,1,0.2,0.2,-1,-1,0.6,0.2,0.268738,0.309241
2,-1,1,0.25,0.25,-1,-1,0.6,0.2,0.307034,0.269635
2,-1,1,0.3,0.3,-1,-1,0.6,0.2,0.337808,0.247696
2,-1,1,0.35,0.35,-1,-1,0.6,0.2,0.359691,0.226041
2,-1,1,0.4,0.4,-1,-1,0.6,0.2,0.384766,0.21037
2,-1,1,0.45,0.45,-1,-1,0.6,0.2,0.403231,0.196693
2,-1,1,0.5,0.5,-1,-1,0.6,0.2,0.424658,0.18786
2,-1,1,0.55,0.55,-1,-1,0.6,0.2,0.440615,0.179882
2,-1,1,0.6,0.6,-1,-1,0.6,0.2,0.457255,0.175324
2,-1,1,0.65,0.65,-1,-1,0.6,0.2,0.473212,0.172759
2,-1,1,0.7,0.7,-1,-1,0.6,0.2,0.48461,0.168485
2,-1,1,0.75,0.75,-1,-1,0.6,0.2,0.498059,0.165921
2,-1,1,0.8,0.8,-1,-1,0.6,0.2,0.507177,0.161362
2,-1,1,0.85,0.85,-1,-1,0.6,0.2,0.519031,0.159368
2,-1,1,0.9,0.9,-1,-1,0.6,0.2,0.529745,0.158228
2,-1,1,0.95,0.95,-1,-1,0.6,0.2,0.545473,0.157088
2,-1,1,1.0,1.0,-1,-1,0.6,0.2,0.580578,0.156803
2,-1,1,0.05,0.05,-1,-1,0.65,0.2,0.128429,0.550526
2,-1,1,0.1,0.1,-1,-1,0.65,0.2,0.201852,0.407661
2,-1,1,0.15,0.15,-1,-1,0.65,0.2,0.259914,0.32768
2,-1,1,0.2,0.2,-1,-1,0.65,0.2,0.301833,0.273038
2,-1,1,0.25,0.25,-1,-1,0.65,0.2,0.345575,0.230605
2,-1,1,0.3,0.3,-1,-1,0.65,0.2,0.380725,0.2071
2,-1,1,0.35,0.35,-1,-1,0.65,0.2,0.40572,0.183899
2,-1,1,0.4,0.4,-1,-1,0.65,0.2,0.43436,0.16711
2,-1,1,0.45,0.45,-1,-1,0.65,0.2,0.45545,0.152456
2,-1,1,0.5,0.5,-1,-1,0.65,0.2,0.479925,0.142993
2,-1,1,0.55,0.55,-1,-1,0.65,0.2,0.498151,0.134446
2,-1,1,0.6,0.6,-1,-1,0.65,0.2,0.517157,0.129562
2,-1,1,0.65,0.65,-1,-1,0.65,0.2,0.535383,0.126814
2,-1,1,0.7,0.7,-1,-1,0.65,0.2,0.548401,0.122235
2,-1,1,0.75,0.75,-1,-1,0.65,0.2,0.563763,0.119488
2,-1,1,0.8,0.8,-1,-1,0.65,0.2,0.574178,0.114603
2,-1,1,0.85,0.85,-1,-1,0.65,0.2,0.587717,0.112467
2,-1,1,0.9,0.9,-1,-1,0.65,0.2,0.599954,0.111245
2,-1,1,0.95,0.95,-1,-1,0.65,0.2,0.617919,0.110024
2,-1,1,1.0,1.0,-1,-1,0.65,0.2,0.658016,0.109719
2,-1,1,0.05,0.05,-1,-1,0.7,0.2,0.139563,0.536712
2,-1,1,0.1,0.1,-1,-1,0.7,0.2,0.221831,0.386423
2,-1,1,0.15,0.15,-1,-1,0.7,0.2,0.286886,0.302288
2,-1,1,0.2,0.2,-1,-1,0.7,0.2,0.333855,0.244806
2,-1,1,0.25,0.25,-1,-1,0.7,0.2,0.382866,0.200169
2,-1,1,0.3,0.3,-1,-1,0.7,0.2,0.42225,0.175442
2,-1,1,0.35,0.35,-1,-1,0.7,0.2,0.450256,0.151037
2,-1,1,0.4,0.4,-1,-1,0.7,0.2,0.482346,0.133375
2,-1,1,0.45,0.45,-1,-1,0.7,0.2,0.505977,0.11796
2,-1,1,0.5,0.5,-1,-1,0.7,0.2,0.533399,0.108005
2,-1,1,0.55,0.55,-1,-1,0.7,0.2,0.55382,0.099013
2,-1,1,0.6,0.6,-1,-1,0.7,0.2,0.575116,0.093876
2,-1,1,0.65,0.65,-1,-1,0.7,0.2,0.595538,0.090985
2,-1,1,0.7,0.7,-1,-1,0.7,0.2,0.610125,0.086169
2,-1,1,0.75,0.75,-1,-1,0.7,0.2,0.627336,0.083278
2,-1,1,0.8,0.8,-1,-1,0.7,0.2,0.639006,0.07814
2,-1,1,0.85,0.85,-1,-1,0.7,0.2,0.654176,0.075892
2,-1,1,0.9,0.9,-1,-1,0.7,0.2,0.667887,0.074608
2,-1,1,0.95,0.95,-1,-1,0.7,0.2,0.688017,0.073323
2,-1,1,1.0,1.0,-1,-1,0.7,0.2,0.732943,0.073002
2,-1,1,0.05,0.05,-1,-1,0.75,0.2,0.147524,0.527285
2,-1,1,0.1,0.1,-1,-1,0.75,0.2,0.236117,0.371932
2,-1,1,0.15,0.15,-1,-1,0.75,0.2,0.306174,0.284961
2,-1,1,0.2,0.2,-1,-1,0.75,0.2,0.356753,0.225542
2,-1,1,0.25,0.25,-1,-1,0.75,0.2,0.409532,0.1794
2,-1,1,0.3,0.3,-1,-1,0.75,0.2,0.451944,0.15384
2,-1,1,0.35,0.35,-1,-1,0.75,0.2,0.482103,0.128612
2,-1,1,0.4,0.4,-1,-1,0.75,0.2,0.51666,0.110355
2,-1,1,0.45,0.45,-1,-1,0.75,0.2,0.542107,0.094421
2,-1,1,0.5,0.5,-1,-1,0.75,0.2,0.571638,0.084131
2,-1,1,0.55,0.55,-1,-1,0.75,0.2,0.593629,0.074836
2,-1,1,0.6,0.6,-1,-1,0.75,0.2,0.616562,0.069525
2,-1,1,0.65,0.65,-1,-1,0.75,0.2,0.638553,0.066537
2,-1,1,0.7,0.7,-1,-1,0.75,0.2,0.654262,0.061558
2,-1,1,0.75,0.75,-1,-1,0.75,0.2,0.672797,0.058571
2,-1,1,0.8,0.8,-1,-1,0.75,0.2,0.685363,0.053259
2,-1,1,0.85,0.85,-1,-1,0.75,0.2,0.701699,0.050936
2,-1,1,0.9,0.9,-1,-1,0.75,0.2,0.716465,0.049608
2,-1,1,0.95,0.95,-1,-1,0.75,0.2,0.738142,0.04828
2,-1,1,1.0,1.0,-1,-1,0.75,0.2,0.786522,0.047948
2,-1,1,0.05,0.05,-1,-1,0.8,0.2,0.155673,0.517209
2,-1,1,0.1,0.1,-1,-1,0.8,0.2,0.250738,0.356441
2,-1,1,0.15,0.15,-1,-1,0.8,0.2,0.325913,0.266439
2,-1,1,0.2,0.2,-1,-1,0.8,0.2,0.380188,0.20495
2,-1,1,0.25,0.25,-1,-1,0.8,0.2,0.436823,0.1572
2,-1,1,0.3,0.3,-1,-1,0.8,0.2,0.482333,0.130749
2,-1,1,0.35,0.35,-1,-1,0.8,0.2,0.514696,0.104642
2,-1,1,0.4,0.4,-1,-1,0.8,0.2,0.551777,0.085748
2,-1,1,0.45,0.45,-1,-1,0.8,0.2,0.579084,0.069259
2,-1,1,0.5,0.5,-1,-1,0.8,0.2,0.610772,0.05861
2,-1,1,0.55,0.55,-1,-1,0.8,0.2,0.63437,0.048991
2,-1,1,0.6,0.6,-1,-1,0.8,0.2,0.658979,0.043495
2,-1,1,0.65,0.65,-1,-1,0.8,0.2,0.682576,0.040403
2,-1,1,0.7,0.7,-1,-1,0.8,0.2,0.699433,0.035251
2,-1,1,0.75,0.75,-1,-1,0.8,0.2,0.719322,0.032159
2,-1,1,0.8,0.8,-1,-1,0.8,0.2,0.732807,0.026662
2,-1,1,0.85,0.85,-1,-1,0.8,0.2,0.750336,0.024258
2,-1,1,0.9,0.9,-1,-1,0.8,0.2,0.766181,0.022884
2,-1,1,0.95,0.95,-1,-1,0.8,0.2,0.789441,0.02151
2,-1,1,1.0,1.0,-1,-1,0.8,0.2,0.841356,0.021166
2,-1,1,0.05,0.05,-1,-1,0.85,0.2,0.161457,0.513471
2,-1,1,0.1,0.1,-1,-1,0.85,0.2,0.261118,0.350695
2,-1,1,0.15,0.15,-1,-1,0.85,0.2,0.339927,0.259568
2,-1,1,0.2,0.2,-1,-1,0.85,0.2,0.396825,0.197311
2,-1,1,0.25,0.25,-1,-1,0.85,0.2,0.456198,0.148964
2,-1,1,0.3,0.3,-1,-1,0.85,0.2,0.503908,0.122183
2,-1,1,0.35,0.35,-1,-1,0.85,0.2,0.537835,0.09575
2,-1,1,0.4,0.4,-1,-1,0.85,0.2,0.576709,0.07662
2,-1,1,0.45,0.45,-1,-1,0.85,0.2,0.605335,0.059925
2,-1,1,0.5,0.5,-1,-1,0.85,0.2,0.638556,0.049142
2,-1,1,0.55,0.55,-1,-1,0.85,0.2,0.663294,0.039404
2,-1,1,0.6,0.6,-1,-1,0.85,0.2,0.689092,0.033839
2,-1,1,0.65,0.65,-1,-1,0.85,0.2,0.71383,0.030708
2,-1,1,0.7,0.7,-1,-1,0.85,0.2,0.731501,0.025492
2,-1,1,0.75,0.75,-1,-1,0.85,0.2,0.752352,0.022361
2,-1,1,0.8,0.8,-1,-1,0.85,0.2,0.766489,0.016796
2,-1,1,0.85,0.85,-1,-1,0.85,0.2,0.784865,0.014362
2,-1,1,0.9,0.9,-1,-1,0.85,0.2,0.801476,0.01297
2,-1,1,0.95,0.95,-1,-1,0.85,0.2,0.825861,0.011579
2,-1,1,1.0,1.0,-1,-1,0.85,0.2,0.880285,0.011231
2,-1,1,0.05,0.05,-1,-1,0.9,0.2,0.16774,0.511196
2,-1,1,0.1,0.1,-1,-1,0.9,0.2,0.272391,0.347197
2,-1,1,0.15,0.15,-1,-1,0.9,0.2,0.355146,0.255386
2,-1,1,0.2,0.2,-1,-1,0.9,0.2,0.414893,0.192661
2,-1,1,0.25,0.25,-1,-1,0.9,0.2,0.477239,0.143952
2,-1,1,0.3,0.3,-1,-1,0.9,0.2,0.527338,0.116969
2,-1,1,0.35,0.35,-1,-1,0.9,0.2,0.562964,0.090337
2,-1,1,0.4,0.4,-1,-1,0.9,0.2,0.603785,0.071064
2,-1,1,0.45,0.45,-1,-1,0.9,0.2,0.633844,0.054243
2,-1,1,0.5,0.5,-1,-1,0.9,0.2,0.668728,0.04338
2,-1,1,0.55,0.55,-1,-1,0.9,0.2,0.694705,0.033568
2,-1,1,0.6,0.6,-1,-1,0.9,0.2,0.721795,0.027962
2,-1,1,0.65,0.65,-1,-1,0.9,0.2,0.747772,0.024808
2,-1,1,0.7,0.7,-1,-1,0.9,0.2,0.766328,0.019552
2,-1,1,0.75,0.75,-1,-1,0.9,0.2,0.788223,0.016398
2,-1,1,0.8,0.8,-1,-1,0.9,0.2,0.803067,0.01079
2,-1,1,0.85,0.85,-1,-1,0.9,0.2,0.822364,0.008338
2,-1,1,0.9,0.9,-1,-1,0.9,0.2,0.839807,0.006936
2,-1,1,0.95,0.95,-1,-1,0.9,0.2,0.865412,0.005534
2,-1,1,1.0,1.0,-1,-1,0.9,0.2,0.922562,0.005184
2,-1,1,0.05,0.05,-1,-1,0.95,0.2,0.173711,0.509733
2,-1,1,0.1,0.1,-1,-1,0.95,0.2,0.283105,0.344949
2,-1,1,0.15,0.15,-1,-1,0.95,0.2,0.369612,0.252697
2,-1,1,0.2,0.2,-1,-1,0.95,0.2,0.432067,0.189672
2,-1,1,0.25,0.25,-1,-1,0.95,0.2,0.497239,0.140729
2,-1,1,0.3,0.3,-1,-1,0.95,0.2,0.549608,0.113617
2,-1,1,0.35,0.35,-1,-1,0.95,0.2,0.586849,0.086857
2,-1,1,0.4,0.4,-1,-1,0.95,0.2,0.62952,0.067492
2,-1,1,0.45,0.45,-1,-1,0.95,0.2,0.660942,0.05059
2,-1,1,0.5,0.5,-1,-1,0.95,0.2,0.697407,0.039675
2,-1,1,0.55,0.55,-1,-1,0.95,0.2,0.724562,0.029816
2,-1,1,0.6,0.6,-1,-1,0.95,0.2,0.752879,0.024183
2,-1,1,0.65,0.65,-1,-1,0.95,0.2,0.780034,0.021014
2,-1,1,0.7,0.7,-1,-1,0.95,0.2,0.799431,0.015733
2,-1,1,0.75,0.75,-1,-1,0.95,0.2,0.822318,0.012563
2,-1,1,0.8,0.8,-1,-1,0.95,0.2,0.837835,0.006929
2,-1,1,0.85,0.85,-1,-1,0.95,0.2,0.858007,0.004465
2,-1,1,0.9,0.9,-1,-1,0.95,0.2,0.87624,0.003057
2,-1,1,0.95,0.95,-1,-1,0.95,0.2,0.903006,0.001648
2,-1,1,1.0,1.0,-1,-1,0.95,0.2,0.962746,0.001296
2,-1,1,0.05,0.05,-1,-1,1.0,0.2,0.179247,0.509245
2,-1,1,0.1,0.1,-1,-1,1.0,0.2,0.293039,0.344199
2,-1,1,0.15,0.15,-1,-1,1.0,0.2,0.383022,0.251801
2,-1,1,0.2,0.2,-1,-1,1.0,0.2,0.447988,0.188675
2,-1,1,0.25,0.25,-1,-1,1.0,0.2,0.51578,0.139654
2,-1,1,0.3,0.3,-1,-1,1.0,0.2,0.570255,0.1125
2,-1,1,0.35,0.35,-1,-1,1.0,0.2,0.608992,0.085697
2,-1,1,0.4,0.4,-1,-1,1.0,0.2,0.653379,0.066301
2,-1,1,0.45,0.45,-1,-1,1.0,0.2,0.686064,0.049373
2,-1,1,0.5,0.5,-1,-1,1.0,0.2,0.723995,0.03844
2,-1,1,0.55,0.55,-1,-1,1.0,0.2,0.752241,0.028566
2,-1,1,0.6,0.6,-1,-1,1.0,0.2,0.781697,0.022923
2,-1,1,0.65,0.65,-1,-1,1.0,0.2,0.809943,0.019749
2,-1,1,0.7,0.7,-1,-1,1.0,0.2,0.83012,0.01446
2,-1,1,0.75,0.75,-1,-1,1.0,0.2,0.853927,0.011285
2,-1,1,0.8,0.8,-1,-1,1.0,0.2,0.870068,0.005642
2,-1,1,0.85,0.85,-1,-1,1.0,0.2,0.89105,0.003174
2,-1,1,0.9,0.9,-1,-1,1.0,0.2,0.910016,0.001763
2,-1,1,0.95,0.95,-1,-1,1.0,0.2,0.937859,0.000353
2,-1,1,1.0,1.0,-1,-1,1.0,0.2,1.0,0.0
2,-1,1,0.05,0.05,-1,-1,0.25,0.25,0.058602,0.748596
2,-1,1,0.1,0.1,-1,-1,0.25,0.25,0.058602,0.748596
2,-1,1,0.15,0.15,-1,-1,0.25,0.25,0.058602,0.748596
2,-1,1,0.2,0.2,-1,-1,0.25,0.25,0.058602,0.748596
2,-1,1,0.25,0.25,-1,-1,0.25,0.25,0.058602,0.748596
2,-1,1,0.3,0.3,-1,-1,0.25,0.25,0.058602,0.748596
2,-1,1,0.35,0.35,-1,-1,0.25,0.25,0.058602,0.748596
2,-1,1,0.4,0.4,-1,-1,0.25,0.25,0.058602,0.748596
2,-1,1,0.45,0.45,-1,-1,0.25,0.25,0.058602,0.748596
2,-1,1,0.5,0.5,-1,-1,0.25,0.25,0.058602,0.748596
2,-1,1,0.55,0.55,-1,-1,0.25,0.25,0.058602,0.748596
2,-1,1,0.6,0.6,-1,-1,0.25,0.25,0.058602,0.748596
2,-1,1,0.65,0.65,-1,-1,0.25,0.25,0.058602,0.748596
2,-1,1,0.7,0.7,-1,-1,0.25,0.25,0.058602,0.748596
2,-1,1,0.75,0.75,-1,-1,0.25,0.25,0.058602,0.748596
2,-1,1,0.8,0.8,-1,-1,0.25,0.25,0.058602,0.748596
2,-1,1,0.85,0.85,-1,-1,0.25,0.25,0.058602,0.748596
2,-1,1,0.9,0.9,-1,-1,0.25,0.25,0.058602,0.748596
2,-1,1,0.95,0.95,-1,-1,0.25,0.25,0.058602,0.748596
2,-1,1,1.0,1.0,-1,-1,0.25,0.25,0.058602,0.748596
2,-1,1,0.05,0.05,-1,-1,0.3,0.25,0.063951,0.717229
2,-1,1,0.1,0.1,-1,-1,0.3,0.25,0.0682,0.700375
2,-1,1,0.15,0.15,-1,-1,0.3,0.25,0.071561,0.69094
2,-1,1,0.2,0.2,-1,-1,0.3,0.25,0.073987,0.684494
2,-1,1,0.25,0.25,-1,-1,0.3,0.25,0.076518,0.679488
2,-1,1,0.3,0.3,-1,-1,0.3,0.25,0.078552,0.676715
2,-1,1,0.35,0.35,-1,-1,0.3,0.25,0.079999,0.673978
2,-1,1,0.4,0.4,-1,-1,0.3,0.25,0.081656,0.671997
2,-1,1,0.45,0.45,-1,-1,0.3,0.25,0.082877,0.670269
2,-1,1,0.5,0.5,-1,-1,0.3,0.25,0.084293,0.669152
2,-1,1,0.55,0.55,-1,-1,0.3,0.25,0.085348,0.668144
2,-1,1,0.6,0.6,-1,-1,0.3,0.25,0.086448,0.667568
2,-1,1,0.65,0.65,-1,-1,0.3,0.25,0.087503,0.667244
2,-1,1,0.7,0.7,-1,-1,0.3,0.25,0.088256,0.666704
2,-1,1,0.75,0.75,-1,-1,0.3,0.25,0.089145,0.666379
2,-1,1,0.8,0.8,-1,-1,0.3,0.25,0.089748,0.665803
2,-1,1,0.85,0.85,-1,-1,0.3,0.25,0.090532,0.665551
2,-1,1,0.9,0.9,-1,-1,0.3,0.25,0.09124,0.665407
2,-1,1,0.95,0.95,-1,-1,0.3,0.25,0.092279,0.665263
2,-1,1,1.0,1.0,-1,-1,0.3,0.25,0.0946,0.665227
2,-1,1,0.05,0.05,-1,-1,0.35,0.25,0.070856,0.687975
2,-1,1,0.1,0.1,-1,-1,0.35,0.25,0.080589,0.655402
2,-1,1,0.15,0.15,-1,-1,0.35,0.25,0.088287,0.637167
2,-1,1,0.2,0.2,-1,-1,0.35,0.25,0.093844,0.624709
2,-1,1,0.25,0.25,-1,-1,0.35,0.25,0.099643,0.615034
2,-1,1,0.3,0.3,-1,-1,0.35,0.25,0.104302,0.609675
2,-1,1,0.35,0.35,-1,-1,0.35,0.25,0.107616,0.604386
2,-1,1,0.4,0.4,-1,-1,0.35,0.25,0.111413,0.600558
2,-1,1,0.45,0.45,-1,-1,0.35,0.25,0.114209,0.597217
2,-1,1,0.5,0.5,-1,-1,0.35,0.25,0.117453,0.595059
2,-1,1,0.55,0.55,-1,-1,0.35,0.25,0.11987,0.593111
2,-1,1,0.6,0.6,-1,-1,0.35,0.25,0.122389,0.591997
2,-1,1,0.65,0.65,-1,-1,0.35,0.25,0.124805,0.591371
2,-1,1,0.7,0.7,-1,-1,0.35,0.25,0.126531,0.590327
2,-1,1,0.75,0.75,-1,-1,0.35,0.25,0.128568,0.5897
2,-1,1,0.8,0.8,-1,-1,0.35,0.25,0.129949,0.588587
2,-1,1,0.85,0.85,-1,-1,0.35,0.25,0.131743,0.588099
2,-1,1,0.9,0.9,-1,-1,0.35,0.25,0.133366,0.587821
2,-1,1,0.95,0.95,-1,-1,0.35,0.25,0.135747,0.587543
2,-1,1,1.0,1.0,-1,-1,0.35,0.25,0.141063,0.587473
2,-1,1,0.05,0.05,-1,-1,0.4,0.25,0.079191,0.660346
2,-1,1,0.1,0.1,-1,-1,0.4,0.25,0.095545,0.612928
2,-1,1,0.15,0.15,-1,-1,0.4,0.25,0.108478,0.586382
2,-1,1,0.2,0.2,-1,-1,0.4,0.25,0.117816,0.568246
2,-1,1,0.25,0.25,-1,-1,0.4,0.25,0.127559,0.554162
2,-1,1,0.3,0.3,-1,-1,0.4,0.25,0.135388,0.54636
2,-1,1,0.35,0.35,-1,-1,0.4,0.25,0.140956,0.53866
2,-1,1,0.4,0.4,-1,-1,0.4,0.25,0.147336,0.533087
2,-1,1,0.45,0.45,-1,-1,0.4,0.25,0.152033,0.528224
2,-1,1,0.5,0.5,-1,-1,0.4,0.25,0.157485,0.525083
2,-1,1,0.55,0.55,-1,-1,0.4,0.25,0.161545,0.522246
2,-1,1,0.6,0.6,-1,-1,0.4,0.25,0.165778,0.520625
2,-1,1,0.65,0.65,-1,-1,0.4,0.25,0.169838,0.519713
2,-1,1,0.7,0.7,-1,-1,0.4,0.25,0.172738,0.518193
2,-1,1,0.75,0.75,-1,-1,0.4,0.25,0.176159,0.517281
2,-1,1,0.8,0.8,-1,-1,0.4,0.25,0.178479,0.51566
2,-1,1,0.85,0.85,-1,-1,0.4,0.25,0.181495,0.514951
2,-1,1,0.9,0.9,-1,-1,0.4,0.25,0.184221,0.514546
2,-1,1,0.95,0.95,-1,-1,0.4,0.25,0.188223,0.51414
2,-1,1,1.0,1.0,-1,-1,0.4,0.25,0.197154,0.514039
2,-1,1,0.05,0.05,-1,-1,0.45,0.25,0.090138,0.628329
2,-1,1,0.1,0.1,-1,-1,0.45,0.25,0.115189,0.563707
2,-1,1,0.15,0.15,-1,-1,0.45,0.25,0.134999,0.527531
2,-1,1,0.2,0.2,-1,-1,0.45,0.25,0.149301,0.502815
2,-1,1,0.25,0.25,-1,-1,0.45,0.25,0.164225,0.483621
2,-1,1,0.3,0.3,-1,-1,0.45,0.25,0.176217,0.472989
2,-1,1,0.35,0.35,-1,-1,0.45,0.25,0.184745,0.462495
2,-1,1,0.4,0.4,-1,-1,0.45,0.25,0.194517,0.454901
2,-1,1,0.45,0.45,-1,-1,0.45,0.25,0.201713,0.448273
2,-1,1,0.5,0.5,-1,-1,0.45,0.25,0.210063,0.443993
2,-1,1,0.55,0.55,-1,-1,0.45,0.25,0.216281,0.440126
2,-1,1,0.6,0.6,-1,-1,0.45,0.25,0.222766,0.437917
2,-1,1,0.65,0.65,-1,-1,0.45,0.25,0.228984,0.436674
2,-1,1,0.7,0.7,-1,-1,0.45,0.25,0.233426,0.434603
2,-1,1,0.75,0.75,-1,-1,0.45,0.25,0.238667,0.433361
2,-1,1,0.8,0.8,-1,-1,0.45,0.25,0.242221,0.431151
2,-1,1,0.85,0.85,-1,-1,0.45,0.25,0.24684,0.430185
2,-1,1,0.9,0.9,-1,-1,0.45,0.25,0.251015,0.429632
2,-1,1,0.95,0.95,-1,-1,0.45,0.25,0.257145,0.42908
2,-1,1,1.0,1.0,-1,-1,0.45,0.25,0.270825,0.428942
2,-1,1,0.05,0.05,-1,-1,0.5,0.25,0.111162,0.580384
2,-1,1,0.1,0.1,-1,-1,0.5,0.25,0.152913,0.490002
2,-1,1,0.15,0.15,-1,-1,0.5,0.25,0.185929,0.439403
2,-1,1,0.2,0.2,-1,-1,0.5,0.25,0.209766,0.404834
2,-1,1,0.25,0.25,-1,-1,0.5,0.25,0.23464,0.377989
2,-1,1,0.3,0.3,-1,-1,0.5,0.25,0.254627,0.363119
2,-1,1,0.35,0.35,-1,-1,0.5,0.25,0.26884,0.348442
2,-1,1,0.4,0.4,-1,-1,0.5,0.25,0.285126,0.33782
2,-1,1,0.45,0.45,-1,-1,0.5,0.25,0.297119,0.328549
2,-1,1,0.5,0.5,-1,-1,0.5,0.25,0.311036,0.322563
2,-1,1,0.55,0.55,-1,-1,0.5,0.25,0.3214,0.317155
2,-1,1,0.6,0.6,-1,-1,0.5,0.25,0.332208,0.314065
2,-1,1,0.65,0.65,-1,-1,0.5,0.25,0.342572,0.312327
2,-1,1,0.7,0.7,-1,-1,0.5,0.25,0.349975,0.30943
2,-1,1,0.75,0.75,-1,-1,0.5,0.25,0.35871,0.307692
2,-1,1,0.8,0.8,-1,-1,0.5,0.25,0.364632,0.304602
2,-1,1,0.85,0.85,-1,-1,0.5,0.25,0.372331,0.30325
2,-1,1,0.9,0.9,-1,-1,0.5,0.25,0.37929,0.302478
2,-1,1,0.95,0.95,-1,-1,0.5,0.25,0.389506,0.301705
2,-1,1,1.0,1.0,-1,-1,0.5,0.25,0.412306,0.301512
2,-1,1,0.05,0.05,-1,-1,0.55,0.25,0.123602,0.55048
2,-1,1,0.1,0.1,-1,-1,0.55,0.25,0.175235,0.444029
2,-1,1,0.15,0.15,-1,-1,0.55,0.25,0.216066,0.384435
2,-1,1,0.2,0.2,-1,-1,0.55,0.25,0.245545,0.34372
2,-1,1,0.25,0.25,-1,-1,0.55,0.25,0.276306,0.312103
2,-1,1,0.3,0.3,-1,-1,0.55,0.25,0.301024,0.294589
2,-1,1,0.35,0.35,-1,-1,0.55,0.25,0.318601,0.277303
2,-1,1,0.4,0.4,-1,-1,0.55,0.25,0.338742,0.264792
2,-1,1,0.45,0.45,-1,-1,0.55,0.25,0.353573,0.253874
2,-1,1,0.5,0.5,-1,-1,0.55,0.25,0.370784,0.246823
2,-1,1,0.55,0.55,-1,-1,0.55,0.25,0.383601,0.240454
2,-1,1,0.6,0.6,-1,-1,0.55,0.25,0.396967,0.236815
2,-1,1,0.65,0.65,-1,-1,0.55,0.25,0.409784,0.234768
2,-1,1,0.7,0.7,-1,-1,0.55,0.25,0.418939,0.231356
2,-1,1,0.75,0.75,-1,-1,0.55,0.25,0.429741,0.229309
2,-1,1,0.8,0.8,-1,-1,0.55,0.25,0.437066,0.225669
2,-1,1,0.85,0.85,-1,-1,0.55,0.25,0.446587,0.224077
2,-1,1,0.9,0.9,-1,-1,0.55,0.25,0.455192,0.223167
2,-1,1,0.95,0.95,-1,-1,0.55,0.25,0.467826,0.222257
2,-1,1,1.0,1.0,-1,-1,0.55,0.25,0.496023,0.22203
2,-1,1,0.05,0.05,-1,-1,0.6,0.25,0.136167,0.525939
2,-1,1,0.1,0.1,-1,-1,0.6,0.25,0.197781,0.406302
2,-1,1,0.15,0.15,-1,-1,0.6,0.25,0.246504,0.339326
2,-1,1,0.2,0.2,-1,-1,0.6,0.25,0.281681,0.293568
2,-1,1,0.25,0.25,-1,-1,0.6,0.25,0.318388,0.258034
2,-1,1,0.3,0.3,-1,-1,0.6,0.25,0.347885,0.23835
2,-1,1,0.35,0.35,-1,-1,0.6,0.25,0.36886,0.218922
2,-1,1,0.4,0.4,-1,-1,0.6,0.25,0.392894,0.204863
2,-1,1,0.45,0.45,-1,-1,0.6,0.25,0.410592,0.192592
2,-1,1,0.5,0.5,-1,-1,0.6,0.25,0.43113,0.184667
2,-1,1,0.55,0.55,-1,-1,0.6,0.25,0.446424,0.177509
2,-1,1,0.6,0.6,-1,-1,0.6,0.25,0.462374,0.173419
2,-1,1,0.65,0.65,-1,-1,0.6,0.25,0.477668,0.171118
2,-1,1,0.7,0.7,-1,-1,0.6,0.25,0.488593,0.167284
2,-1,1,0.75,0.75,-1,-1,0.6,0.25,0.501484,0.164983
2,-1,1,0.8,0.8,-1,-1,0.6,0.25,0.510224,0.160893
2,-1,1,0.85,0.85,-1,-1,0.6,0.25,0.521585,0.159104
2,-1,1,0.9,0.9,-1,-1,0.6,0.25,0.531855,0.158081
2,-1,1,0.95,0.95,-1,-1,0.6,0.25,0.54693,0.157059
2,-1,1,1.0,1.0,-1,-1,0.6,0.25,0.580578,0.156803
2,-1,1,0.05,0.05,-1,-1,0.65,0.25,0.147674,0.508224
2,-1,1,0.1,0.1,-1,-1,0.65,0.25,0.218429,0.379068
2,-1,1,0.15,0.15,-1,-1,0.65,0.25,0.274381,0.306763
2,-1,1,0.2,0.2,-1,-1,0.65,0.25,0.314777,0.257365
2,-1,1,0.25,0.25,-1,-1,0.65,0.25,0.356929,0.219004
2,-1,1,0.3,0.3,-1,-1,0.65,0.25,0.390801,0.197754
2,-1,1,0.35,0.35,-1,-1,0.65,0.25,0.414888,0.176781
2,-1,1,0.4,0.4,-1,-1,0.65,0.25,0.442488,0.161602
2,-1,1,0.45,0.45,-1,-1,0.65,0.25,0.462811,0.148355
2,-1,1,0.5,0.5,-1,-1,0.65,0.25,0.486397,0.1398
2,-1,1,0.55,0.55,-1,-1,0.65,0.25,0.50396,0.132073
2,-1,1,0.6,0.6,-1,-1,0.65,0.25,0.522276,0.127657
2,-1,1,0.65,0.65,-1,-1,0.65,0.25,0.539839,0.125173
2,-1,1,0.7,0.7,-1,-1,0.65,0.25,0.552385,0.121034
2,-1,1,0.75,0.75,-1,-1,0.65,0.25,0.567188,0.11855
2,-1,1,0.8,0.8,-1,-1,0.65,0.25,0.577225,0.114134
2,-1,1,0.85,0.85,-1,-1,0.65,0.25,0.590271,0.112203
2,-1,1,0.9,0.9,-1,-1,0.65,0.25,0.602064,0.111099
2,-1,1,0.95,0.95,-1,-1,0.65,0.25,0.619377,0.109995
2,-1,1,1.0,1.0,-1,-1,0.65,0.25,0.658016,0.109719
2,-1,1,0.05,0.05,-1,-1,0.7,0.25,0.158808,0.494409
2,-1,1,0.1,0.1,-1,-1,0.7,0.25,0.238408,0.357831
2,-1,1,0.15,0.15,-1,-1,0.7,0.25,0.301353,0.281371
2,-1,1,0.2,0.2,-1,-1,0.7,0.25,0.346798,0.229133
2,-1,1,0.25,0.25,-1,-1,0.7,0.25,0.39422,0.188568
2,-1,1,0.3,0.3,-1,-1,0.7,0.25,0.432327,0.166097
2,-1,1,0.35,0.35,-1,-1,0.7,0.25,0.459424,0.143918
2,-1,1,0.4,0.4,-1,-1,0.7,0.25,0.490474,0.127867
2,-1,1,0.45,0.45,-1,-1,0.7,0.25,0.513338,0.113859
2,-1,1,0.5,0.5,-1,-1,0.7,0.25,0.539871,0.104812
2,-1,1,0.55,0.55,-1,-1,0.7,0.25,0.55963,0.09664
2,-1,1,0.6,0.6,-1,-1,0.7,0.25,0.580235,0.091971
2,-1,1,0.65,0.65,-1,-1,0.7,0.25,0.599994,0.089345
2,-1,1,0.7,0.7,-1,-1,0.7,0.25,0.614108,0.084967
2,-1,1,0.75,0.75,-1,-1,0.7,0.25,0.630761,0.082341
2,-1,1,0.8,0.8,-1,-1,0.7,0.25,0.642053,0.077671
2,-1,1,0.85,0.85,-1,-1,0.7,0.25,0.65673,0.075629
2,-1,1,0.9,0.9,-1,-1,0.7,0.25,0.669997,0.074461
2,-1,1,0.95,0.95,-1,-1,0.7,0.25,0.689474,0.073294
2,-1,1,1.0,1.0,-1,-1,0.7,0.25,0.732943,0.073002
2,-1,1,0.05,0.05,-1,-1,0.75,0.25,0.166769,0.484983
2,-1,1,0.1,0.1,-1,-1,0.75,0.25,0.252694,0.34334
2,-1,1,0.15,0.15,-1,-1,0.75,0.25,0.320641,0.264044
2,-1,1,0.2,0.2,-1,-1,0.75,0.25,0.369697,0.209869
2,-1,1,0.25,0.25,-1,-1,0.75,0.25,0.420886,0.167799
2,-1,1,0.3,0.3,-1,-1,0.75,0.25,0.46202,0.144495
2,-1,1,0.35,0.35,-1,-1,0.75,0.25,0.491271,0.121494
2,-1,1,0.4,0.4,-1,-1,0.75,0.25,0.524787,0.104848
2,-1,1,0.45,0.45,-1,-1,0.75,0.25,0.549468,0.09032
2,-1,1,0.5,0.5,-1,-1,0.75,0.25,0.57811,0.080937
2,-1,1,0.55,0.55,-1,-1,0.75,0.25,0.599439,0.072463
2,-1,1,0.6,0.6,-1,-1,0.75,0.25,0.621681,0.067621
2,-1,1,0.65,0.65,-1,-1,0.75,0.25,0.64301,0.064897
2,-1,1,0.7,0.7,-1,-1,0.75,0.25,0.658245,0.060357
2,-1,1,0.75,0.75,-1,-1,0.75,0.25,0.676222,0.057633
2,-1,1,0.8,0.8,-1,-1,0.75,0.25,0.68841,0.05279
2,-1,1,0.85,0.85,-1,-1,0.75,0.25,0.704254,0.050672
2,-1,1,0.9,0.9,-1,-1,0.75,0.25,0.718575,0.049461
2,-1,1,0.95,0.95,-1,-1,0.75,0.25,0.739599,0.048251
2,-1,1,1.0,1.0,-1,-1,0.75,0.25,0.786522,0.047948
2,-1,1,0.05,0.05,-1,-1,0.8,0.25,0.174918,0.474906
2,-1,1,0.1,0.1,-1,-1,0.8,0.25,0.267315,0.327849
2,-1,1,0.15,0.15,-1,-1,0.8,0.25,0.34038,0.245522
2,-1,1,0.2,0.2,-1,-1,0.8,0.25,0.393131,0.189277
2,-1,1,0.25,0.25,-1,-1,0.8,0.25,0.448177,0.145599
2,-1,1,0.3,0.3,-1,-1,0.8,0.25,0.49241,0.121404
2,-1,1,0.35,0.35,-1,-1,0.8,0.25,0.523864,0.097523
2,-1,1,0.4,0.4,-1,-1,0.8,0.25,0.559905,0.080241
2,-1,1,0.45,0.45,-1,-1,0.8,0.25,0.586445,0.065157
2,-1,1,0.5,0.5,-1,-1,0.8,0.25,0.617244,0.055416
2,-1,1,0.55,0.55,-1,-1,0.8,0.25,0.64018,0.046618
2,-1,1,0.6,0.6,-1,-1,0.8,0.25,0.664097,0.041591
2,-1,1,0.65,0.65,-1,-1,0.8,0.25,0.687033,0.038763
2,-1,1,0.7,0.7,-1,-1,0.8,0.25,0.703416,0.03405
2,-1,1,0.75,0.75,-1,-1,0.8,0.25,0.722747,0.031221
2,-1,1,0.8,0.8,-1,-1,0.8,0.25,0.735853,0.026193
2,-1,1,0.85,0.85,-1,-1,0.8,0.25,0.752891,0.023994
2,-1,1,0.9,0.9,-1,-1,0.8,0.25,0.768291,0.022737
2,-1,1,0.95,0.95,-1,-1,0.8,0.25,0.790898,0.02148
2,-1,1,1.0,1.0,-1,-1,0.8,0.25,0.841356,0.021166
2,-1,1,0.05,0.05,-1,-1,0.85,0.25,0.180702,0.471168
2,-1,1,0.1,0.1,-1,-1,0.85,0.25,0.277695,0.322103
2,-1,1,0.15,0.15,-1,-1,0.85,0.25,0.354394,0.238651
2,-1,1,0.2,0.2,-1,-1,0.85,0.25,0.409769,0.181638
2,-1,1,0.25,0.25,-1,-1,0.85,0.25,0.467552,0.137363
2,-1,1,0.3,0.3,-1,-1,0.85,0.25,0.513984,0.112838
2,-1,1,0.35,0.35,-1,-1,0.85,0.25,0.547003,0.088631
2,-1,1,0.4,0.4,-1,-1,0.85,0.25,0.584837,0.071112
2,-1,1,0.45,0.45,-1,-1,0.85,0.25,0.612697,0.055823
2,-1,1,0.5,0.5,-1,-1,0.85,0.25,0.645027,0.045949
2,-1,1,0.55,0.55,-1,-1,0.85,0.25,0.669103,0.037031
2,-1,1,0.6,0.6,-1,-1,0.85,0.25,0.694211,0.031935
2,-1,1,0.65,0.65,-1,-1,0.85,0.25,0.718287,0.029068
2,-1,1,0.7,0.7,-1,-1,0.85,0.25,0.735485,0.02429
2,-1,1,0.75,0.75,-1,-1,0.85,0.25,0.755777,0.021424
2,-1,1,0.8,0.8,-1,-1,0.85,0.25,0.769535,0.016327
2,-1,1,0.85,0.85,-1,-1,0.85,0.25,0.78742,0.014098
2,-1,1,0.9,0.9,-1,-1,0.85,0.25,0.803586,0.012824
2,-1,1,0.95,0.95,-1,-1,0.85,0.25,0.827318,0.01155
2,-1,1,1.0,1.0,-1,-1,0.85,0.25,0.880285,0.011231
2,-1,1,0.05,0.05,-1,-1,0.9,0.25,0.186985,0.468893
2,-1,1,0.1,0.1,-1,-1,0.9,0.25,0.288967,0.318605
2,-1,1,0.15,0.15,-1,-1,0.9,0.25,0.369613,0.234469
2,-1,1,0.2,0.2,-1,-1,0.9,0.25,0.427837,0.176988
2,-1,1,0.25,0.25,-1,-1,0.9,0.25,0.488593,0.132351
2,-1,1,0.3,0.3,-1,-1,0.9,0.25,0.537415,0.107624
2,-1,1,0.35,0.35,-1,-1,0.9,0.25,0.572132,0.083218
2,-1,1,0.4,0.4,-1,-1,0.9,0.25,0.611912,0.065556
2,-1,1,0.45,0.45,-1,-1,0.9,0.25,0.641206,0.050142
2,-1,1,0.5,0.5,-1,-1,0.9,0.25,0.6752,0.040187
2,-1,1,0.55,0.55,-1,-1,0.9,0.25,0.700515,0.031195
2,-1,1,0.6,0.6,-1,-1,0.9,0.25,0.726914,0.026058
2,-1,1,0.65,0.65,-1,-1,0.9,0.25,0.752229,0.023167
2,-1,1,0.7,0.7,-1,-1,0.9,0.25,0.770312,0.018351
2,-1,1,0.75,0.75,-1,-1,0.9,0.25,0.791648,0.01546
2,-1,1,0.8,0.8,-1,-1,0.9,0.25,0.806114,0.010322
2,-1,1,0.85,0.85,-1,-1,0.9,0.25,0.824919,0.008074
2,-1,1,0.9,0.9,-1,-1,0.9,0.25,0.841917,0.00679
2,-1,1,0.95,0.95,-1,-1,0.9,0.25,0.866869,0.005505
2,-1,1,1.0,1.0,-1,-1,0.9,0.25,0.922562,0.005184
2,-1,1,0.05,0.05,-1,-1,0.95,0.25,0.192956,0.46743
2,-1,1,0.1,0.1,-1,-1,0.95,0.25,0.299682,0.316356
2,-1,1,0.15,0.15,-1,-1,0.95,0.25,0.384078,0.231781
2,-1,1,0.2,0.2,-1,-1,0.95,0.25,0.445011,0.173999
2,-1,1,0.25,0.25,-1,-1,0.95,0.25,0.508593,0.129128
2,-1,1,0.3,0.3,-1,-1,0.95,0.25,0.559685,0.104272
2,-1,1,0.35,0.35,-1,-1,0.95,0.25,0.596017,0.079739
2,-1,1,0.4,0.4,-1,-1,0.95,0.25,0.637647,0.061984
2,-1,1,0.45,0.45,-1,-1,0.95,0.25,0.668303,0.046489
2,-1,1,0.5,0.5,-1,-1,0.95,0.25,0.703879,0.036482
2,-1,1,0.55,0.55,-1,-1,0.95,0.25,0.730371,0.027443
2,-1,1,0.6,0.6,-1,-1,0.95,0.25,0.757998,0.022279
2,-1,1,0.65,0.65,-1,-1,0.95,0.25,0.78449,0.019373
2,-1,1,0.7,0.7,-1,-1,0.95,0.25,0.803414,0.014531
2,-1,1,0.75,0.75,-1,-1,0.95,0.25,0.825743,0.011626
2,-1,1,0.8,0.8,-1,-1,0.95,0.25,0.840882,0.006461
2,-1,1,0.85,0.85,-1,-1,0.95,0.25,0.860561,0.004202
2,-1,1,0.9,0.9,-1,-1,0.95,0.25,0.87835,0.00291
2,-1,1,0.95,0.95,-1,-1,0.95,0.25,0.904463,0.001619
2,-1,1,1.0,1.0,-1,-1,0.95,0.25,0.962746,0.001296
2,-1,1,0.05,0.05,-1,-1,1.0,0.25,0.198492,0.466943
2,-1,1,0.1,0.1,-1,-1,1.0,0.25,0.309615,0.315607
2,-1,1,0.15,0.15,-1,-1,1.0,0.25,0.397489,0.230884
2,-1,1,0.2,0.2,-1,-1,1.0,0.25,0.460932,0.173002
2,-1,1,0.25,0.25,-1,-1,1.0,0.25,0.527134,0.128053
2,-1,1,0.3,0.3,-1,-1,1.0,0.25,0.580331,0.103154
2,-1,1,0.35,0.35,-1,-1,1.0,0.25,0.61816,0.078579
2,-1,1,0.4,0.4,-1,-1,1.0,0.25,0.661506,0.060793
2,-1,1,0.45,0.45,-1,-1,1.0,0.25,0.693425,0.045271
2,-1,1,0.5,0.5,-1,-1,1.0,0.25,0.730466,0.035247
2,-1,1,0.55,0.55,-1,-1,1.0,0.25,0.75805,0.026193
2,-1,1,0.6,0.6,-1,-1,1.0,0.25,0.786816,0.021019
2,-1,1,0.65,0.65,-1,-1,1.0,0.25,0.8144,0.018109
2,-1,1,0.7,0.7,-1,-1,1.0,0.25,0.834103,0.013258
2,-1,1,0.75,0.75,-1,-1,1.0,0.25,0.857352,0.010348
2,-1,1,0.8,0.8,-1,-1,1.0,0.25,0.873115,0.005174
2,-1,1,0.85,0.85,-1,-1,1.0,0.25,0.893605,0.002911
2,-1,1,0.9,0.9,-1,-1,1.0,0.25,0.912126,0.001617
2,-1,1,0.95,0.95,-1,-1,1.0,0.25,0.939316,0.000323
2,-1,1,1.0,1.0,-1,-1,1.0,0.25,1.0,0.0
2,-1,1,0.05,0.05,-1,-1,0.3,0.3,0.0946,0.665227
2,-1,1,0.1,0.1,-1,-1,0.3,0.3,0.0946,0.665227
2,-1,1,0.15,0.15,-1,-1,0.3,0.3,0.0946,0.665227
2,-1,1,0.2,0.2,-1,-1,0.3,0.3,0.0946,0.665227
2,-1,1,0.25,0.25,-1,-1,0.3,0.3,0.0946,0.665227
2,-1,1,0.3,0.3,-1,-1,0.3,0.3,0.0946,0.665227
2,-1,1,0.35,0.35,-1,-1,0.3,0.3,0.0946,0.665227
2,-1,1,0.4,0.4,-1,-1,0.3,0.3,0.0946,0.665227
2,-1,1,0.45,0.45,-1,-1,0.3,0.3,0.0946,0.665227
2,-1,1,0.5,0.5,-1,-1,0.3,0.3,0.0946,0.665227
2,-1,1,0.55,0.55,-1,-1,0.3,0.3,0.0946,0.665227
2,-1,1,0.6,0.6,-1,-1,0.3,0.3,0.0946,0.665227
2,-1,1,0.65,0.65,-1,-1,0.3,0.3,0.0946,0.665227
2,-1,1,0.7,0.7,-1,-1,0.3,0.3,0.0946,0.665227
2,-1,1,0.75,0.75,-1,-1,0.3,0.3,0.0946,0.665227
2,-1,1,0.8,0.8,-1,-1,0.3,0.3,0.0946,0.665227
2,-1,1,0.85,0.85,-1,-1,0.3,0.3,0.0946,0.665227
2,-1,1,0.9,0.9,-1,-1,0.3,0.3,0.0946,0.665227
2,-1,1,0.95,0.95,-1,-1,0.3,0.3,0.0946,0.665227
2,-1,1,1.0,1.0,-1,-1,0.3,0.3,0.0946,0.665227
2,-1,1,0.05,0.05,-1,-1,0.35,0.3,0.101504,0.635973
2,-1,1,0.1,0.1,-1,-1,0.35,0.3,0.106989,0.620254
2,-1,1,0.15,0.15,-1,-1,0.35,0.3,0.111326,0.611454
2,-1,1,0.2,0.2,-1,-1,0.35,0.3,0.114457,0.605442
2,-1,1,0.25,0.25,-1,-1,0.35,0.3,0.117725,0.600773
2,-1,1,0.3,0.3,-1,-1,0.35,0.3,0.12035,0.598187
2,-1,1,0.35,0.35,-1,-1,0.35,0.3,0.122217,0.595635
2,-1,1,0.4,0.4,-1,-1,0.35,0.3,0.124357,0.593787
2,-1,1,0.45,0.45,-1,-1,0.35,0.3,0.125932,0.592175
2,-1,1,0.5,0.5,-1,-1,0.35,0.3,0.12776,0.591134
2,-1,1,0.55,0.55,-1,-1,0.35,0.3,0.129121,0.590194
2,-1,1,0.6,0.6,-1,-1,0.35,0.3,0.130541,0.589656
2,-1,1,0.65,0.65,-1,-1,0.35,0.3,0.131903,0.589354
2,-1,1,0.7,0.7,-1,-1,0.35,0.3,0.132875,0.58885
2,-1,1,0.75,0.75,-1,-1,0.35,0.3,0.134023,0.588548
2,-1,1,0.8,0.8,-1,-1,0.35,0.3,0.134801,0.58801
2,-1,1,0.85,0.85,-1,-1,0.35,0.3,0.135812,0.587775
2,-1,1,0.9,0.9,-1,-1,0.35,0.3,0.136726,0.587641
2,-1,1,0.95,0.95,-1,-1,0.35,0.3,0.138068,0.587507
2,-1,1,1.0,1.0,-1,-1,0.35,0.3,0.141063,0.587473
2,-1,1,0.05,0.05,-1,-1,0.4,0.3,0.109839,0.608344
2,-1,1,0.1,0.1,-1,-1,0.4,0.3,0.121945,0.57778
2,-1,1,0.15,0.15,-1,-1,0.4,0.3,0.131518,0.560669
2,-1,1,0.2,0.2,-1,-1,0.4,0.3,0.138429,0.548979
2,-1,1,0.25,0.25,-1,-1,0.4,0.3,0.145641,0.539901
2,-1,1,0.3,0.3,-1,-1,0.4,0.3,0.151436,0.534872
2,-1,1,0.35,0.35,-1,-1,0.4,0.3,0.155557,0.529909
2,-1,1,0.4,0.4,-1,-1,0.4,0.3,0.160279,0.526317
2,-1,1,0.45,0.45,-1,-1,0.4,0.3,0.163756,0.523182
2,-1,1,0.5,0.5,-1,-1,0.4,0.3,0.167792,0.521158
2,-1,1,0.55,0.55,-1,-1,0.4,0.3,0.170796,0.519329
2,-1,1,0.6,0.6,-1,-1,0.4,0.3,0.17393,0.518284
2,-1,1,0.65,0.65,-1,-1,0.4,0.3,0.176935,0.517696
2,-1,1,0.7,0.7,-1,-1,0.4,0.3,0.179082,0.516717
2,-1,1,0.75,0.75,-1,-1,0.4,0.3,0.181614,0.516129
2,-1,1,0.8,0.8,-1,-1,0.4,0.3,0.183331,0.515084
2,-1,1,0.85,0.85,-1,-1,0.4,0.3,0.185564,0.514627
2,-1,1,0.9,0.9,-1,-1,0.4,0.3,0.187581,0.514366
2,-1,1,0.95,0.95,-1,-1,0.4,0.3,0.190543,0.514104
2,-1,1,1.0,1.0,-1,-1,0.4,0.3,0.197154,0.514039
2,-1,1,0.05,0.05,-1,-1,0.45,0.3,0.120787,0.576327
2,-1,1,0.1,0.1,-1,-1,0.45,0.3,0.141588,0.528559
2,-1,1,0.15,0.15,-1,-1,0.45,0.3,0.158038,0.501818
2,-1,1,0.2,0.2,-1,-1,0.45,0.3,0.169914,0.483548
2,-1,1,0.25,0.25,-1,-1,0.45,0.3,0.182307,0.46936
2,-1,1,0.3,0.3,-1,-1,0.45,0.3,0.192265,0.461501
2,-1,1,0.35,0.35,-1,-1,0.45,0.3,0.199347,0.453744
2,-1,1,0.4,0.4,-1,-1,0.45,0.3,0.207461,0.448131
2,-1,1,0.45,0.45,-1,-1,0.45,0.3,0.213436,0.443231
2,-1,1,0.5,0.5,-1,-1,0.45,0.3,0.22037,0.440067
2,-1,1,0.55,0.55,-1,-1,0.45,0.3,0.225533,0.437209
2,-1,1,0.6,0.6,-1,-1,0.45,0.3,0.230918,0.435576
2,-1,1,0.65,0.65,-1,-1,0.45,0.3,0.236082,0.434658
2,-1,1,0.7,0.7,-1,-1,0.45,0.3,0.23977,0.433127
2,-1,1,0.75,0.75,-1,-1,0.45,0.3,0.244122,0.432208
2,-1,1,0.8,0.8,-1,-1,0.45,0.3,0.247073,0.430575
2,-1,1,0.85,0.85,-1,-1,0.45,0.3,0.250908,0.429861
2,-1,1,0.9,0.9,-1,-1,0.45,0.3,0.254375,0.429452
2,-1,1,0.95,0.95,-1,-1,0.45,0.3,0.259465,0.429044
2,-1,1,1.0,1.0,-1,-1,0.45,0.3,0.270825,0.428942
2,-1,1,0.05,0.05,-1,-1,0.5,0.3,0.14181,0.528382
2,-1,1,0.1,0.1,-1,-1,0.5,0.3,0.179313,0.454854
2,-1,1,0.15,0.15,-1,-1,0.5,0.3,0.208969,0.41369
2,-1,1,0.2,0.2,-1,-1,0.5,0.3,0.23038,0.385567
2,-1,1,0.25,0.25,-1,-1,0.5,0.3,0.252722,0.363728
2,-1,1,0.3,0.3,-1,-1,0.5,0.3,0.270675,0.351631
2,-1,1,0.35,0.35,-1,-1,0.5,0.3,0.283442,0.33969
2,-1,1,0.4,0.4,-1,-1,0.5,0.3,0.29807,0.331049
2,-1,1,0.45,0.45,-1,-1,0.5,0.3,0.308842,0.323508
2,-1,1,0.5,0.5,-1,-1,0.5,0.3,0.321343,0.318637
2,-1,1,0.55,0.55,-1,-1,0.5,0.3,0.330652,0.314238
2,-1,1,0.6,0.6,-1,-1,0.5,0.3,0.34036,0.311724
2,-1,1,0.65,0.65,-1,-1,0.5,0.3,0.349669,0.31031
2,-1,1,0.7,0.7,-1,-1,0.5,0.3,0.356319,0.307954
2,-1,1,0.75,0.75,-1,-1,0.5,0.3,0.364165,0.30654
2,-1,1,0.8,0.8,-1,-1,0.5,0.3,0.369484,0.304026
2,-1,1,0.85,0.85,-1,-1,0.5,0.3,0.3764,0.302926
2,-1,1,0.9,0.9,-1,-1,0.5,0.3,0.38265,0.302298
2,-1,1,0.95,0.95,-1,-1,0.5,0.3,0.391826,0.301669
2,-1,1,1.0,1.0,-1,-1,0.5,0.3,0.412306,0.301512
2,-1,1,0.05,0.05,-1,-1,0.55,0.3,0.154251,0.498478
2,-1,1,0.1,0.1,-1,-1,0.55,0.3,0.201635,0.408881
2,-1,1,0.15,0.15,-1,-1,0.55,0.3,0.239105,0.358722
2,-1,1,0.2,0.2,-1,-1,0.55,0.3,0.266158,0.324454
2,-1,1,0.25,0.25,-1,-1,0.55,0.3,0.294387,0.297842
2,-1,1,0.3,0.3,-1,-1,0.55,0.3,0.317071,0.283101
2,-1,1,0.35,0.35,-1,-1,0.55,0.3,0.333202,0.268552
2,-1,1,0.4,0.4,-1,-1,0.55,0.3,0.351685,0.258022
2,-1,1,0.45,0.45,-1,-1,0.55,0.3,0.365296,0.248832
2,-1,1,0.5,0.5,-1,-1,0.55,0.3,0.381091,0.242897
2,-1,1,0.55,0.55,-1,-1,0.55,0.3,0.392853,0.237537
2,-1,1,0.6,0.6,-1,-1,0.55,0.3,0.405119,0.234474
2,-1,1,0.65,0.65,-1,-1,0.55,0.3,0.416881,0.232751
2,-1,1,0.7,0.7,-1,-1,0.55,0.3,0.425283,0.229879
2,-1,1,0.75,0.75,-1,-1,0.55,0.3,0.435196,0.228156
2,-1,1,0.8,0.8,-1,-1,0.55,0.3,0.441918,0.225093
2,-1,1,0.85,0.85,-1,-1,0.55,0.3,0.450655,0.223753
2,-1,1,0.9,0.9,-1,-1,0.55,0.3,0.458553,0.222987
2,-1,1,0.95,0.95,-1,-1,0.55,0.3,0.470146,0.222221
2,-1,1,1.0,1.0,-1,-1,0.55,0.3,0.496023,0.22203
2,-1,1,0.05,0.05,-1,-1,0.6,0.3,0.166815,0.473937
2,-1,1,0.1,0.1,-1,-1,0.6,0.3,0.224181,0.371154
2,-1,1,0.15,0.15,-1,-1,0.6,0.3,0.269544,0.313613
2,-1,1,0.2,0.2,-1,-1,0.6,0.3,0.302295,0.274301
2,-1,1,0.25,0.25,-1,-1,0.6,0.3,0.33647,0.243773
2,-1,1,0.3,0.3,-1,-1,0.6,0.3,0.363932,0.226862
2,-1,1,0.35,0.35,-1,-1,0.6,0.3,0.383461,0.210171
2,-1,1,0.4,0.4,-1,-1,0.6,0.3,0.405837,0.198092
2,-1,1,0.45,0.45,-1,-1,0.6,0.3,0.422315,0.18755
2,-1,1,0.5,0.5,-1,-1,0.6,0.3,0.441437,0.180742
2,-1,1,0.55,0.55,-1,-1,0.6,0.3,0.455676,0.174592
2,-1,1,0.6,0.6,-1,-1,0.6,0.3,0.470526,0.171079
2,-1,1,0.65,0.65,-1,-1,0.6,0.3,0.484765,0.169102
2,-1,1,0.7,0.7,-1,-1,0.6,0.3,0.494937,0.165808
2,-1,1,0.75,0.75,-1,-1,0.6,0.3,0.506939,0.163831
2,-1,1,0.8,0.8,-1,-1,0.6,0.3,0.515076,0.160317
2,-1,1,0.85,0.85,-1,-1,0.6,0.3,0.525654,0.15878
2,-1,1,0.9,0.9,-1,-1,0.6,0.3,0.535215,0.157901
2,-1,1,0.95,0.95,-1,-1,0.6,0.3,0.549251,0.157023
2,-1,1,1.0,1.0,-1,-1,0.6,0.3,0.580578,0.156803
2,-1,1,0.05,0.05,-1,-1,0.65,0.3,0.178322,0.456222
2,-1,1,0.1,0.1,-1,-1,0.65,0.3,0.244829,0.34392
2,-1,1,0.15,0.15,-1,-1,0.65,0.3,0.29742,0.28105
2,-1,1,0.2,0.2,-1,-1,0.65,0.3,0.33539,0.238098
2,-1,1,0.25,0.25,-1,-1,0.65,0.3,0.375011,0.204743
2,-1,1,0.3,0.3,-1,-1,0.65,0.3,0.406849,0.186266
2,-1,1,0.35,0.35,-1,-1,0.65,0.3,0.429489,0.16803
2,-1,1,0.4,0.4,-1,-1,0.65,0.3,0.455431,0.154832
2,-1,1,0.45,0.45,-1,-1,0.65,0.3,0.474535,0.143313
2,-1,1,0.5,0.5,-1,-1,0.65,0.3,0.496703,0.135875
2,-1,1,0.55,0.55,-1,-1,0.65,0.3,0.513212,0.129156
2,-1,1,0.6,0.6,-1,-1,0.65,0.3,0.530428,0.125317
2,-1,1,0.65,0.65,-1,-1,0.65,0.3,0.546936,0.123157
2,-1,1,0.7,0.7,-1,-1,0.65,0.3,0.558729,0.119558
2,-1,1,0.75,0.75,-1,-1,0.65,0.3,0.572643,0.117398
2,-1,1,0.8,0.8,-1,-1,0.65,0.3,0.582077,0.113558
2,-1,1,0.85,0.85,-1,-1,0.65,0.3,0.59434,0.111879
2,-1,1,0.9,0.9,-1,-1,0.65,0.3,0.605424,0.110919
2,-1,1,0.95,0.95,-1,-1,0.65,0.3,0.621697,0.109959
2,-1,1,1.0,1.0,-1,-1,0.65,0.3,0.658016,0.109719
2,-1,1,0.05,0.05,-1,-1,0.7,0.3,0.189456,0.442407
2,-1,1,0.1,0.1,-1,-1,0.7,0.3,0.264807,0.322683
2,-1,1,0.15,0.15,-1,-1,0.7,0.3,0.324393,0.255658
2,-1,1,0.2,0.2,-1,-1,0.7,0.3,0.367412,0.209866
2,-1,1,0.25,0.25,-1,-1,0.7,0.3,0.412302,0.174307
2,-1,1,0.3,0.3,-1,-1,0.7,0.3,0.448374,0.154609
2,-1,1,0.35,0.35,-1,-1,0.7,0.3,0.474025,0.135167
2,-1,1,0.4,0.4,-1,-1,0.7,0.3,0.503417,0.121097
2,-1,1,0.45,0.45,-1,-1,0.7,0.3,0.525061,0.108817
2,-1,1,0.5,0.5,-1,-1,0.7,0.3,0.550178,0.100886
2,-1,1,0.55,0.55,-1,-1,0.7,0.3,0.568882,0.093723
2,-1,1,0.6,0.6,-1,-1,0.7,0.3,0.588387,0.08963
2,-1,1,0.65,0.65,-1,-1,0.7,0.3,0.607091,0.087328
2,-1,1,0.7,0.7,-1,-1,0.7,0.3,0.620452,0.083491
2,-1,1,0.75,0.75,-1,-1,0.7,0.3,0.636216,0.081188
2,-1,1,0.8,0.8,-1,-1,0.7,0.3,0.646905,0.077095
2,-1,1,0.85,0.85,-1,-1,0.7,0.3,0.660799,0.075305
2,-1,1,0.9,0.9,-1,-1,0.7,0.3,0.673358,0.074281
2,-1,1,0.95,0.95,-1,-1,0.7,0.3,0.691794,0.073258
2,-1,1,1.0,1.0,-1,-1,0.7,0.3,0.732943,0.073002
2,-1,1,0.05,0.05,-1,-1,0.75,0.3,0.197418,0.432981
2,-1,1,0.1,0.1,-1,-1,0.75,0.3,0.279093,0.308192
2,-1,1,0.15,0.15,-1,-1,0.75,0.3,0.34368,0.238331
2,-1,1,0.2,0.2,-1,-1,0.75,0.3,0.39031,0.190602
2,-1,1,0.25,0.25,-1,-1,0.75,0.3,0.438968,0.153539
2,-1,1,0.3,0.3,-1,-1,0.75,0.3,0.478068,0.133007
2,-1,1,0.35,0.35,-1,-1,0.75,0.3,0.505872,0.112743
2,-1,1,0.4,0.4,-1,-1,0.75,0.3,0.537731,0.098077
2,-1,1,0.45,0.45,-1,-1,0.75,0.3,0.561191,0.085278
2,-1,1,0.5,0.5,-1,-1,0.75,0.3,0.588416,0.077012
2,-1,1,0.55,0.55,-1,-1,0.75,0.3,0.60869,0.069546
2,-1,1,0.6,0.6,-1,-1,0.75,0.3,0.629833,0.06528
2,-1,1,0.65,0.65,-1,-1,0.75,0.3,0.650107,0.06288
2,-1,1,0.7,0.7,-1,-1,0.75,0.3,0.664589,0.058881
2,-1,1,0.75,0.75,-1,-1,0.75,0.3,0.681676,0.056481
2,-1,1,0.8,0.8,-1,-1,0.75,0.3,0.693262,0.052214
2,-1,1,0.85,0.85,-1,-1,0.75,0.3,0.708322,0.050348
2,-1,1,0.9,0.9,-1,-1,0.75,0.3,0.721935,0.049281
2,-1,1,0.95,0.95,-1,-1,0.75,0.3,0.741919,0.048215
2,-1,1,1.0,1.0,-1,-1,0.75,0.3,0.786522,0.047948
2,-1,1,0.05,0.05,-1,-1,0.8,0.3,0.205566,0.422904
2,-1,1,0.1,0.1,-1,-1,0.8,0.3,0.293714,0.292701
2,-1,1,0.15,0.15,-1,-1,0.8,0.3,0.363419,0.219809
2,-1,1,0.2,0.2,-1,-1,0.8,0.3,0.413745,0.17001
2,-1,1,0.25,0.25,-1,-1,0.8,0.3,0.466259,0.131338
2,-1,1,0.3,0.3,-1,-1,0.8,0.3,0.508457,0.109916
2,-1,1,0.35,0.35,-1,-1,0.8,0.3,0.538465,0.088772
2,-1,1,0.4,0.4,-1,-1,0.8,0.3,0.572849,0.07347
2,-1,1,0.45,0.45,-1,-1,0.8,0.3,0.598168,0.060116
2,-1,1,0.5,0.5,-1,-1,0.8,0.3,0.627551,0.051491
2,-1,1,0.55,0.55,-1,-1,0.8,0.3,0.649431,0.043701
2,-1,1,0.6,0.6,-1,-1,0.8,0.3,0.672249,0.03925
2,-1,1,0.65,0.65,-1,-1,0.8,0.3,0.69413,0.036746
2,-1,1,0.7,0.7,-1,-1,0.8,0.3,0.70976,0.032573
2,-1,1,0.75,0.75,-1,-1,0.8,0.3,0.728202,0.030069
2,-1,1,0.8,0.8,-1,-1,0.8,0.3,0.740705,0.025617
2,-1,1,0.85,0.85,-1,-1,0.8,0.3,0.756959,0.02367
2,-1,1,0.9,0.9,-1,-1,0.8,0.3,0.771651,0.022557
2,-1,1,0.95,0.95,-1,-1,0.8,0.3,0.793219,0.021444
2,-1,1,1.0,1.0,-1,-1,0.8,0.3,0.841356,0.021166
2,-1,1,0.05,0.05,-1,-1,0.85,0.3,0.211351,0.419166
2,-1,1,0.1,0.1,-1,-1,0.85,0.3,0.304094,0.286954
2,-1,1,0.15,0.15,-1,-1,0.85,0.3,0.377433,0.212938
2,-1,1,0.2,0.2,-1,-1,0.85,0.3,0.430382,0.162371
2,-1,1,0.25,0.25,-1,-1,0.85,0.3,0.485634,0.123102
2,-1,1,0.3,0.3,-1,-1,0.85,0.3,0.530032,0.10135
2,-1,1,0.35,0.35,-1,-1,0.85,0.3,0.561604,0.07988
2,-1,1,0.4,0.4,-1,-1,0.85,0.3,0.59778,0.064342
2,-1,1,0.45,0.45,-1,-1,0.85,0.3,0.62442,0.050781
2,-1,1,0.5,0.5,-1,-1,0.85,0.3,0.655334,0.042024
2,-1,1,0.55,0.55,-1,-1,0.85,0.3,0.678355,0.034114
2,-1,1,0.6,0.6,-1,-1,0.85,0.3,0.702363,0.029594
2,-1,1,0.65,0.65,-1,-1,0.85,0.3,0.725384,0.027051
2,-1,1,0.7,0.7,-1,-1,0.85,0.3,0.741828,0.022814
2,-1,1,0.75,0.75,-1,-1,0.85,0.3,0.761232,0.020271
2,-1,1,0.8,0.8,-1,-1,0.85,0.3,0.774387,0.015751
2,-1,1,0.85,0.85,-1,-1,0.85,0.3,0.791488,0.013774
2,-1,1,0.9,0.9,-1,-1,0.85,0.3,0.806946,0.012644
2,-1,1,0.95,0.95,-1,-1,0.85,0.3,0.829638,0.011514
2,-1,1,1.0,1.0,-1,-1,0.85,0.3,0.880285,0.011231
2,-1,1,0.05,0.05,-1,-1,0.9,0.3,0.217633,0.416891
2,-1,1,0.1,0.1,-1,-1,0.9,0.3,0.315367,0.283457
2,-1,1,0.15,0.15,-1,-1,0.9,0.3,0.392652,0.208756
2,-1,1,0.2,0.2,-1,-1,0.9,0.3,0.44845,0.157721
2,-1,1,0.25,0.25,-1,-1,0.9,0.3,0.506675,0.11809
2,-1,1,0.3,0.3,-1,-1,0.9,0.3,0.553462,0.096136
2,-1,1,0.35,0.35,-1,-1,0.9,0.3,0.586733,0.074467
2,-1,1,0.4,0.4,-1,-1,0.9,0.3,0.624856,0.058786
2,-1,1,0.45,0.45,-1,-1,0.9,0.3,0.652929,0.0451
2,-1,1,0.5,0.5,-1,-1,0.9,0.3,0.685507,0.036261
2,-1,1,0.55,0.55,-1,-1,0.9,0.3,0.709767,0.028278
2,-1,1,0.6,0.6,-1,-1,0.9,0.3,0.735066,0.023717
2,-1,1,0.65,0.65,-1,-1,0.9,0.3,0.759326,0.02115
2,-1,1,0.7,0.7,-1,-1,0.9,0.3,0.776655,0.016874
2,-1,1,0.75,0.75,-1,-1,0.9,0.3,0.797103,0.014308
2,-1,1,0.8,0.8,-1,-1,0.9,0.3,0.810966,0.009746
2,-1,1,0.85,0.85,-1,-1,0.9,0.3,0.828987,0.00775
2,-1,1,0.9,0.9,-1,-1,0.9,0.3,0.845277,0.00661
2,-1,1,0.95,0.95,-1,-1,0.9,0.3,0.86919,0.005469
2,-1,1,1.0,1.0,-1,-1,0.9,0.3,0.922562,0.005184
2,-1,1,0.05,0.05,-1,-1,0.95,0.3,0.223605,0.415428
2,-1,1,0.1,0.1,-1,-1,0.95,0.3,0.326082,0.281208
2,-1,1,0.15,0.15,-1,-1,0.95,0.3,0.407118,0.206068
2,-1,1,0.2,0.2,-1,-1,0.95,0.3,0.465624,0.154732
2,-1,1,0.25,0.25,-1,-1,0.95,0.3,0.526675,0.114867
2,-1,1,0.3,0.3,-1,-1,0.95,0.3,0.575733,0.092784
2,-1,1,0.35,0.35,-1,-1,0.95,0.3,0.610618,0.070988
2,-1,1,0.4,0.4,-1,-1,0.95,0.3,0.650591,0.055214
2,-1,1,0.45,0.45,-1,-1,0.95,0.3,0.680026,0.041447
2,-1,1,0.5,0.5,-1,-1,0.95,0.3,0.714185,0.032557
2,-1,1,0.55,0.55,-1,-1,0.95,0.3,0.739623,0.024526
2,-1,1,0.6,0.6,-1,-1,0.95,0.3,0.76615,0.019938
2,-1,1,0.65,0.65,-1,-1,0.95,0.3,0.791588,0.017356
2,-1,1,0.7,0.7,-1,-1,0.95,0.3,0.809758,0.013055
2,-1,1,0.75,0.75,-1,-1,0.95,0.3,0.831198,0.010474
2,-1,1,0.8,0.8,-1,-1,0.95,0.3,0.845734,0.005884
2,-1,1,0.85,0.85,-1,-1,0.95,0.3,0.86463,0.003877
2,-1,1,0.9,0.9,-1,-1,0.95,0.3,0.88171,0.00273
2,-1,1,0.95,0.95,-1,-1,0.95,0.3,0.906784,0.001583
2,-1,1,1.0,1.0,-1,-1,0.95,0.3,0.962746,0.001296
2,-1,1,0.05,0.05,-1,-1,1.0,0.3,0.229141,0.414941
2,-1,1,0.1,0.1,-1,-1,1.0,0.3,0.336015,0.280458
2,-1,1,0.15,0.15,-1,-1,1.0,0.3,0.420529,0.205171
2,-1,1,0.2,0.2,-1,-1,1.0,0.3,0.481545,0.153735
2,-1,1,0.25,0.25,-1,-1,1.0,0.3,0.545216,0.113792
2,-1,1,0.3,0.3,-1,-1,1.0,0.3,0.596379,0.091666
2,-1,1,0.35,0.35,-1,-1,1.0,0.3,0.632762,0.069828
2,-1,1,0.4,0.4,-1,-1,1.0,0.3,0.67445,0.054023
2,-1,1,0.45,0.45,-1,-1,1.0,0.3,0.705148,0.04023
2,-1,1,0.5,0.5,-1,-1,1.0,0.3,0.740773,0.031322
2,-1,1,0.55,0.55,-1,-1,1.0,0.3,0.767302,0.023276
2,-1,1,0.6,0.6,-1,-1,1.0,0.3,0.794968,0.018678
2,-1,1,0.65,0.65,-1,-1,1.0,0.3,0.821497,0.016092
2,-1,1,0.7,0.7,-1,-1,1.0,0.3,0.840447,0.011782
2,-1,1,0.75,0.75,-1,-1,1.0,0.3,0.862807,0.009195
2,-1,1,0.8,0.8,-1,-1,1.0,0.3,0.877967,0.004597
2,-1,1,0.85,0.85,-1,-1,1.0,0.3,0.897674,0.002586
2,-1,1,0.9,0.9,-1,-1,1.0,0.3,0.915486,0.001437
2,-1,1,0.95,0.95,-1,-1,1.0,0.3,0.941636,0.000287
2,-1,1,1.0,1.0,-1,-1,1.0,0.3,1.0,0.0
2,-1,1,0.05,0.05,-1,-1,0.35,0.35,0.141063,0.587473
2,-1,1,0.1,0.1,-1,-1,0.35,0.35,0.141063,0.587473
2,-1,1,0.15,0.15,-1,-1,0.35,0.35,0.141063,0.587473
2,-1,1,0.2,0.2,-1,-1,0.35,0.35,0.141063,0.587473
2,-1,1,0.25,0.25,-1,-1,0.35,0.35,0.141063,0.587473
2,-1,1,0.3,0.3,-1,-1,0.35,0.35,0.141063,0.587473
2,-1,1,0.35,0.35,-1,-1,0.35,0.35,0.141063,0.587473
2,-1,1,0.4,0.4,-1,-1,0.35,0.35,0.141063,0.587473
2,-1,1,0.45,0.45,-1,-1,0.35,0.35,0.141063,0.587473
2,-1,1,0.5,0.5,-1,-1,0.35,0.35,0.141063,0.587473
2,-1,1,0.55,0.55,-1,-1,0.35,0.35,0.141063,0.587473
2,-1,1,0.6,0.6,-1,-1,0.35,0.35,0.141063,0.587473
2,-1,1,0.65,0.65,-1,-1,0.35,0.35,0.141063,0.587473
2,-1,1,0.7,0.7,-1,-1,0.35,0.35,0.141063,0.587473
2,-1,1,0.75,0.75,-1,-1,0.35,0.35,0.141063,0.587473
2,-1,1,0.8,0.8,-1,-1,0.35,0.35,0.141063,0.587473
2,-1,1,0.85,0.85,-1,-1,0.35,0.35,0.141063,0.587473
2,-1,1,0.9,0.9,-1,-1,0.35,0.35,0.141063,0.587473
2,-1,1,0.95,0.95,-1,-1,0.35,0.35,0.141063,0.587473
2,-1,1,1.0,1.0,-1,-1,0.35,0.35,0.141063,0.587473
2,-1,1,0.05,0.05,-1,-1,0.4,0.35,0.149398,0.559844
2,-1,1,0.1,0.1,-1,-1,0.4,0.35,0.156019,0.544999
2,-1,1,0.15,0.15,-1,-1,0.4,0.35,0.161255,0.536688
2,-1,1,0.2,0.2,-1,-1,0.4,0.35,0.165035,0.53101
2,-1,1,0.25,0.25,-1,-1,0.4,0.35,0.168979,0.5266
2,-1,1,0.3,0.3,-1,-1,0.4,0.35,0.172149,0.524158
2,-1,1,0.35,0.35,-1,-1,0.4,0.35,0.174403,0.521747
2,-1,1,0.4,0.4,-1,-1,0.4,0.35,0.176986,0.520003
2,-1,1,0.45,0.45,-1,-1,0.4,0.35,0.178887,0.51848
2,-1,1,0.5,0.5,-1,-1,0.4,0.35,0.181094,0.517497
2,-1,1,0.55,0.55,-1,-1,0.4,0.35,0.182738,0.516608
2,-1,1,0.6,0.6,-1,-1,0.4,0.35,0.184452,0.516101
2,-1,1,0.65,0.65,-1,-1,0.4,0.35,0.186095,0.515815
2,-1,1,0.7,0.7,-1,-1,0.4,0.35,0.187269,0.51534
2,-1,1,0.75,0.75,-1,-1,0.4,0.35,0.188655,0.515054
2,-1,1,0.8,0.8,-1,-1,0.4,0.35,0.189594,0.514547
2,-1,1,0.85,0.85,-1,-1,0.4,0.35,0.190815,0.514325
2,-1,1,0.9,0.9,-1,-1,0.4,0.35,0.191918,0.514198
2,-1,1,0.95,0.95,-1,-1,0.4,0.35,0.193538,0.514071
2,-1,1,1.0,1.0,-1,-1,0.4,0.35,0.197154,0.514039
2,-1,1,0.05,0.05,-1,-1,0.45,0.35,0.160345,0.527827
2,-1,1,0.1,0.1,-1,-1,0.45,0.35,0.175663,0.495778
2,-1,1,0.15,0.15,-1,-1,0.45,0.35,0.187775,0.477837
2,-1,1,0.2,0.2,-1,-1,0.45,0.35,0.19652,0.465579
2,-1,1,0.25,0.25,-1,-1,0.45,0.35,0.205645,0.45606
2,-1,1,0.3,0.3,-1,-1,0.45,0.35,0.212978,0.450787
2,-1,1,0.35,0.35,-1,-1,0.45,0.35,0.218192,0.445583
2,-1,1,0.4,0.4,-1,-1,0.45,0.35,0.224167,0.441816
2,-1,1,0.45,0.45,-1,-1,0.45,0.35,0.228567,0.438529
2,-1,1,0.5,0.5,-1,-1,0.45,0.35,0.233673,0.436406
2,-1,1,0.55,0.55,-1,-1,0.45,0.35,0.237475,0.434489
2,-1,1,0.6,0.6,-1,-1,0.45,0.35,0.24144,0.433393
2,-1,1,0.65,0.65,-1,-1,0.45,0.35,0.245242,0.432777
2,-1,1,0.7,0.7,-1,-1,0.45,0.35,0.247958,0.43175
2,-1,1,0.75,0.75,-1,-1,0.45,0.35,0.251162,0.431133
2,-1,1,0.8,0.8,-1,-1,0.45,0.35,0.253335,0.430038
2,-1,1,0.85,0.85,-1,-1,0.45,0.35,0.25616,0.429558
2,-1,1,0.9,0.9,-1,-1,0.45,0.35,0.258712,0.429284
2,-1,1,0.95,0.95,-1,-1,0.45,0.35,0.26246,0.42901
2,-1,1,1.0,1.0,-1,-1,0.45,0.35,0.270825,0.428942
2,-1,1,0.05,0.05,-1,-1,0.5,0.35,0.181369,0.479882
2,-1,1,0.1,0.1,-1,-1,0.5,0.35,0.213387,0.422073
2,-1,1,0.15,0.15,-1,-1,0.5,0.35,0.238706,0.389709
2,-1,1,0.2,0.2,-1,-1,0.5,0.35,0.256985,0.367598
2,-1,1,0.25,0.25,-1,-1,0.5,0.35,0.27606,0.350428
2,-1,1,0.3,0.3,-1,-1,0.5,0.35,0.291388,0.340917
2,-1,1,0.35,0.35,-1,-1,0.5,0.35,0.302287,0.331529
2,-1,1,0.4,0.4,-1,-1,0.5,0.35,0.314777,0.324735
2,-1,1,0.45,0.45,-1,-1,0.5,0.35,0.323973,0.318805
2,-1,1,0.5,0.5,-1,-1,0.5,0.35,0.334646,0.314976
2,-1,1,0.55,0.55,-1,-1,0.5,0.35,0.342594,0.311517
2,-1,1,0.6,0.6,-1,-1,0.5,0.35,0.350882,0.309541
2,-1,1,0.65,0.65,-1,-1,0.5,0.35,0.358829,0.308429
2,-1,1,0.7,0.7,-1,-1,0.5,0.35,0.364506,0.306577
2,-1,1,0.75,0.75,-1,-1,0.5,0.35,0.371205,0.305465
2,-1,1,0.8,0.8,-1,-1,0.5,0.35,0.375747,0.303488
2,-1,1,0.85,0.85,-1,-1,0.5,0.35,0.381651,0.302624
2,-1,1,0.9,0.9,-1,-1,0.5,0.35,0.386987,0.30213
2,-1,1,0.95,0.95,-1,-1,0.5,0.35,0.394821,0.301636
2,-1,1,1.0,1.0,-1,-1,0.5,0.35,0.412306,0.301512
2,-1,1,0.05,0.05,-1,-1,0.55,0.35,0.193809,0.449978
2,-1,1,0.1,0.1,-1,-1,0.55,0.35,0.235709,0.3761
2,-1,1,0.15,0.15,-1,-1,0.55,0.35,0.268843,0.334741
2,-1,1,0.2,0.2,-1,-1,0.55,0.35,0.292764,0.306485
2,-1,1,0.25,0.25,-1,-1,0.55,0.35,0.317726,0.284542
2,-1,1,0.3,0.3,-1,-1,0.55,0.35,0.337784,0.272387
2,-1,1,0.35,0.35,-1,-1,0.55,0.35,0.352048,0.26039
2,-1,1,0.4,0.4,-1,-1,0.55,0.35,0.368392,0.251708
2,-1,1,0.45,0.45,-1,-1,0.55,0.35,0.380427,0.24413
2,-1,1,0.5,0.5,-1,-1,0.55,0.35,0.394394,0.239237
2,-1,1,0.55,0.55,-1,-1,0.55,0.35,0.404794,0.234816
2,-1,1,0.6,0.6,-1,-1,0.55,0.35,0.415641,0.232291
2,-1,1,0.65,0.65,-1,-1,0.55,0.35,0.426041,0.23087
2,-1,1,0.7,0.7,-1,-1,0.55,0.35,0.433471,0.228502
2,-1,1,0.75,0.75,-1,-1,0.55,0.35,0.442237,0.227082
2,-1,1,0.8,0.8,-1,-1,0.55,0.35,0.44818,0.224556
2,-1,1,0.85,0.85,-1,-1,0.55,0.35,0.455906,0.223451
2,-1,1,0.9,0.9,-1,-1,0.55,0.35,0.46289,0.222819
2,-1,1,0.95,0.95,-1,-1,0.55,0.35,0.473142,0.222188
2,-1,1,1.0,1.0,-1,-1,0.55,0.35,0.496023,0.22203
2,-1,1,0.05,0.05,-1,-1,0.6,0.35,0.206374,0.425437
2,-1,1,0.1,0.1,-1,-1,0.6,0.35,0.258255,0.338373
2,-1,1,0.15,0.15,-1,-1,0.6,0.35,0.299281,0.289632
2,-1,1,0.2,0.2,-1,-1,0.6,0.35,0.328901,0.256332
2,-1,1,0.25,0.25,-1,-1,0.6,0.35,0.359809,0.230473
2,-1,1,0.3,0.3,-1,-1,0.6,0.35,0.384645,0.216148
2,-1,1,0.35,0.35,-1,-1,0.6,0.35,0.402307,0.20201
2,-1,1,0.4,0.4,-1,-1,0.6,0.35,0.422544,0.191778
2,-1,1,0.45,0.45,-1,-1,0.6,0.35,0.437446,0.182848
2,-1,1,0.5,0.5,-1,-1,0.6,0.35,0.45474,0.177081
2,-1,1,0.55,0.55,-1,-1,0.6,0.35,0.467618,0.171872
2,-1,1,0.6,0.6,-1,-1,0.6,0.35,0.481048,0.168895
2,-1,1,0.65,0.65,-1,-1,0.6,0.35,0.493926,0.167221
2,-1,1,0.7,0.7,-1,-1,0.6,0.35,0.503125,0.164431
2,-1,1,0.75,0.75,-1,-1,0.6,0.35,0.513979,0.162756
2,-1,1,0.8,0.8,-1,-1,0.6,0.35,0.521338,0.159779
2,-1,1,0.85,0.85,-1,-1,0.6,0.35,0.530905,0.158477
2,-1,1,0.9,0.9,-1,-1,0.6,0.35,0.539552,0.157733
2,-1,1,0.95,0.95,-1,-1,0.6,0.35,0.552246,0.156989
2,-1,1,1.0,1.0,-1,-1,0.6,0.35,0.580578,0.156803
2,-1,1,0.05,0.05,-1,-1,0.65,0.35,0.217881,0.407722
2,-1,1,0.1,0.1,-1,-1,0.65,0.35,0.278903,0.311139
2,-1,1,0.15,0.15,-1,-1,0.65,0.35,0.327157,0.257069
2,-1,1,0.2,0.2,-1,-1,0.65,0.35,0.361996,0.220129
2,-1,1,0.25,0.25,-1,-1,0.65,0.35,0.398349,0.191443
2,-1,1,0.3,0.3,-1,-1,0.65,0.35,0.427562,0.175552
2,-1,1,0.35,0.35,-1,-1,0.65,0.35,0.448335,0.159868
2,-1,1,0.4,0.4,-1,-1,0.65,0.35,0.472138,0.148517
2,-1,1,0.45,0.45,-1,-1,0.65,0.35,0.489666,0.138611
2,-1,1,0.5,0.5,-1,-1,0.65,0.35,0.510006,0.132214
2,-1,1,0.55,0.55,-1,-1,0.65,0.35,0.525153,0.126435
2,-1,1,0.6,0.6,-1,-1,0.65,0.35,0.540949,0.123133
2,-1,1,0.65,0.65,-1,-1,0.65,0.35,0.556097,0.121276
2,-1,1,0.7,0.7,-1,-1,0.65,0.35,0.566916,0.118181
2,-1,1,0.75,0.75,-1,-1,0.65,0.35,0.579683,0.116323
2,-1,1,0.8,0.8,-1,-1,0.65,0.35,0.588339,0.113021
2,-1,1,0.85,0.85,-1,-1,0.65,0.35,0.599591,0.111577
2,-1,1,0.9,0.9,-1,-1,0.65,0.35,0.609762,0.110751
2,-1,1,0.95,0.95,-1,-1,0.65,0.35,0.624692,0.109925
2,-1,1,1.0,1.0,-1,-1,0.65,0.35,0.658016,0.109719
2,-1,1,0.05,0.05,-1,-1,0.7,0.35,0.229015,0.393907
2,-1,1,0.1,0.1,-1,-1,0.7,0.35,0.298881,0.289902
2,-1,1,0.15,0.15,-1,-1,0.7,0.35,0.35413,0.231677
2,-1,1,0.2,0.2,-1,-1,0.7,0.35,0.394018,0.191897
2,-1,1,0.25,0.25,-1,-1,0.7,0.35,0.43564,0.161006
2,-1,1,0.3,0.3,-1,-1,0.7,0.35,0.469087,0.143895
2,-1,1,0.35,0.35,-1,-1,0.7,0.35,0.492871,0.127005
2,-1,1,0.4,0.4,-1,-1,0.7,0.35,0.520124,0.114782
2,-1,1,0.45,0.45,-1,-1,0.7,0.35,0.540192,0.104115
2,-1,1,0.5,0.5,-1,-1,0.7,0.35,0.563481,0.097225
2,-1,1,0.55,0.55,-1,-1,0.7,0.35,0.580823,0.091003
2,-1,1,0.6,0.6,-1,-1,0.7,0.35,0.598909,0.087447
2,-1,1,0.65,0.65,-1,-1,0.7,0.35,0.616251,0.085447
2,-1,1,0.7,0.7,-1,-1,0.7,0.35,0.62864,0.082114
2,-1,1,0.75,0.75,-1,-1,0.7,0.35,0.643257,0.080114
2,-1,1,0.8,0.8,-1,-1,0.7,0.35,0.653167,0.076558
2,-1,1,0.85,0.85,-1,-1,0.7,0.35,0.66605,0.075002
2,-1,1,0.9,0.9,-1,-1,0.7,0.35,0.677695,0.074113
2,-1,1,0.95,0.95,-1,-1,0.7,0.35,0.694789,0.073224
2,-1,1,1.0,1.0,-1,-1,0.7,0.35,0.732943,0.073002
2,-1,1,0.05,0.05,-1,-1,0.75,0.35,0.236977,0.384481
2,-1,1,0.1,0.1,-1,-1,0.75,0.35,0.313168,0.275411
2,-1,1,0.15,0.15,-1,-1,0.75,0.35,0.373417,0.21435
2,-1,1,0.2,0.2,-1,-1,0.75,0.35,0.416916,0.172633
2,-1,1,0.25,0.25,-1,-1,0.75,0.35,0.462307,0.140238
2,-1,1,0.3,0.3,-1,-1,0.75,0.35,0.498781,0.122293
2,-1,1,0.35,0.35,-1,-1,0.75,0.35,0.524718,0.104581
2,-1,1,0.4,0.4,-1,-1,0.75,0.35,0.554438,0.091763
2,-1,1,0.45,0.45,-1,-1,0.75,0.35,0.576322,0.080576
2,-1,1,0.5,0.5,-1,-1,0.75,0.35,0.601719,0.073351
2,-1,1,0.55,0.55,-1,-1,0.75,0.35,0.620632,0.066825
2,-1,1,0.6,0.6,-1,-1,0.75,0.35,0.640355,0.063097
2,-1,1,0.65,0.65,-1,-1,0.75,0.35,0.659267,0.060999
2,-1,1,0.7,0.7,-1,-1,0.75,0.35,0.672777,0.057504
2,-1,1,0.75,0.75,-1,-1,0.75,0.35,0.688717,0.055406
2,-1,1,0.8,0.8,-1,-1,0.75,0.35,0.699524,0.051677
2,-1,1,0.85,0.85,-1,-1,0.75,0.35,0.713574,0.050046
2,-1,1,0.9,0.9,-1,-1,0.75,0.35,0.726272,0.049113
2,-1,1,0.95,0.95,-1,-1,0.75,0.35,0.744914,0.048181
2,-1,1,1.0,1.0,-1,-1,0.75,0.35,0.786522,0.047948
2,-1,1,0.05,0.05,-1,-1,0.8,0.35,0.245125,0.374405
2,-1,1,0.1,0.1,-1,-1,0.8,0.35,0.327788,0.25992
2,-1,1,0.15,0.15,-1,-1,0.8,0.35,0.393157,0.195828
2,-1,1,0.2,0.2,-1,-1,0.8,0.35,0.440351,0.152041
2,-1,1,0.25,0.25,-1,-1,0.8,0.35,0.489597,0.118037
2,-1,1,0.3,0.3,-1,-1,0.8,0.35,0.52917,0.099201
2,-1,1,0.35,0.35,-1,-1,0.8,0.35,0.557311,0.08061
2,-1,1,0.4,0.4,-1,-1,0.8,0.35,0.589555,0.067156
2,-1,1,0.45,0.45,-1,-1,0.8,0.35,0.613299,0.055413
2,-1,1,0.5,0.5,-1,-1,0.8,0.35,0.640854,0.04783
2,-1,1,0.55,0.55,-1,-1,0.8,0.35,0.661373,0.040981
2,-1,1,0.6,0.6,-1,-1,0.8,0.35,0.682771,0.037067
2,-1,1,0.65,0.65,-1,-1,0.8,0.35,0.70329,0.034865
2,-1,1,0.7,0.7,-1,-1,0.8,0.35,0.717948,0.031196
2,-1,1,0.75,0.75,-1,-1,0.8,0.35,0.735242,0.028994
2,-1,1,0.8,0.8,-1,-1,0.8,0.35,0.746968,0.02508
2,-1,1,0.85,0.85,-1,-1,0.8,0.35,0.76221,0.023368
2,-1,1,0.9,0.9,-1,-1,0.8,0.35,0.775988,0.022389
2,-1,1,0.95,0.95,-1,-1,0.8,0.35,0.796214,0.021411
2,-1,1,1.0,1.0,-1,-1,0.8,0.35,0.841356,0.021166
2,-1,1,0.05,0.05,-1,-1,0.85,0.35,0.25091,0.370667
2,-1,1,0.1,0.1,-1,-1,0.85,0.35,0.338168,0.254173
2,-1,1,0.15,0.15,-1,-1,0.85,0.35,0.40717,0.188957
2,-1,1,0.2,0.2,-1,-1,0.85,0.35,0.456988,0.144402
2,-1,1,0.25,0.25,-1,-1,0.85,0.35,0.508972,0.109802
2,-1,1,0.3,0.3,-1,-1,0.85,0.35,0.550745,0.090635
2,-1,1,0.35,0.35,-1,-1,0.85,0.35,0.58045,0.071718
2,-1,1,0.4,0.4,-1,-1,0.85,0.35,0.614487,0.058028
2,-1,1,0.45,0.45,-1,-1,0.85,0.35,0.639551,0.046079
2,-1,1,0.5,0.5,-1,-1,0.85,0.35,0.668637,0.038363
2,-1,1,0.55,0.55,-1,-1,0.85,0.35,0.690297,0.031393
2,-1,1,0.6,0.6,-1,-1,0.85,0.35,0.712884,0.027411
2,-1,1,0.65,0.65,-1,-1,0.85,0.35,0.734544,0.02517
2,-1,1,0.7,0.7,-1,-1,0.85,0.35,0.750016,0.021437
2,-1,1,0.75,0.75,-1,-1,0.85,0.35,0.768272,0.019196
2,-1,1,0.8,0.8,-1,-1,0.85,0.35,0.78065,0.015213
2,-1,1,0.85,0.85,-1,-1,0.85,0.35,0.79674,0.013471
2,-1,1,0.9,0.9,-1,-1,0.85,0.35,0.811283,0.012476
2,-1,1,0.95,0.95,-1,-1,0.85,0.35,0.832633,0.01148
2,-1,1,1.0,1.0,-1,-1,0.85,0.35,0.880285,0.011231
2,-1,1,0.05,0.05,-1,-1,0.9,0.35,0.257192,0.368391
2,-1,1,0.1,0.1,-1,-1,0.9,0.35,0.349441,0.250676
2,-1,1,0.15,0.15,-1,-1,0.9,0.35,0.422389,0.184775
2,-1,1,0.2,0.2,-1,-1,0.9,0.35,0.475056,0.139752
2,-1,1,0.25,0.25,-1,-1,0.9,0.35,0.530013,0.104789
2,-1,1,0.3,0.3,-1,-1,0.9,0.35,0.574175,0.085422
2,-1,1,0.35,0.35,-1,-1,0.9,0.35,0.605579,0.066306
2,-1,1,0.4,0.4,-1,-1,0.9,0.35,0.641562,0.052472
2,-1,1,0.45,0.45,-1,-1,0.9,0.35,0.66806,0.040398
2,-1,1,0.5,0.5,-1,-1,0.9,0.35,0.698809,0.0326
2,-1,1,0.55,0.55,-1,-1,0.9,0.35,0.721708,0.025558
2,-1,1,0.6,0.6,-1,-1,0.9,0.35,0.745588,0.021534
2,-1,1,0.65,0.65,-1,-1,0.9,0.35,0.768486,0.01927
2,-1,1,0.7,0.7,-1,-1,0.9,0.35,0.784843,0.015497
2,-1,1,0.75,0.75,-1,-1,0.9,0.35,0.804143,0.013233
2,-1,1,0.8,0.8,-1,-1,0.9,0.35,0.817228,0.009208
2,-1,1,0.85,0.85,-1,-1,0.9,0.35,0.834239,0.007448
2,-1,1,0.9,0.9,-1,-1,0.9,0.35,0.849614,0.006442
2,-1,1,0.95,0.95,-1,-1,0.9,0.35,0.872185,0.005436
2,-1,1,1.0,1.0,-1,-1,0.9,0.35,0.922562,0.005184
2,-1,1,0.05,0.05,-1,-1,0.95,0.35,0.263163,0.366929
2,-1,1,0.1,0.1,-1,-1,0.95,0.35,0.360156,0.248427
2,-1,1,0.15,0.15,-1,-1,0.95,0.35,0.436855,0.182086
2,-1,1,0.2,0.2,-1,-1,0.95,0.35,0.49223,0.136763
2,-1,1,0.25,0.25,-1,-1,0.95,0.35,0.550013,0.101566
2,-1,1,0.3,0.3,-1,-1,0.95,0.35,0.596445,0.082069
2,-1,1,0.35,0.35,-1,-1,0.95,0.35,0.629464,0.062826
2,-1,1,0.4,0.4,-1,-1,0.95,0.35,0.667298,0.048899
2,-1,1,0.45,0.45,-1,-1,0.95,0.35,0.695158,0.036745
2,-1,1,0.5,0.5,-1,-1,0.95,0.35,0.727488,0.028896
2,-1,1,0.55,0.55,-1,-1,0.95,0.35,0.751564,0.021806
2,-1,1,0.6,0.6,-1,-1,0.95,0.35,0.776672,0.017755
2,-1,1,0.65,0.65,-1,-1,0.95,0.35,0.800748,0.015476
2,-1,1,0.7,0.7,-1,-1,0.95,0.35,0.817946,0.011678
2,-1,1,0.75,0.75,-1,-1,0.95,0.35,0.838238,0.009399
2,-1,1,0.8,0.8,-1,-1,0.95,0.35,0.851996,0.005347
2,-1,1,0.85,0.85,-1,-1,0.95,0.35,0.869881,0.003575
2,-1,1,0.9,0.9,-1,-1,0.95,0.35,0.886047,0.002562
2,-1,1,0.95,0.95,-1,-1,0.95,0.35,0.909779,0.001549
2,-1,1,1.0,1.0,-1,-1,0.95,0.35,0.962746,0.001296
2,-1,1,0.05,0.05,-1,-1,1.0,0.35,0.268699,0.366441
2,-1,1,0.1,0.1,-1,-1,1.0,0.35,0.370089,0.247677
2,-1,1,0.15,0.15,-1,-1,1.0,0.35,0.450266,0.18119
2,-1,1,0.2,0.2,-1,-1,1.0,0.35,0.508151,0.135766
2,-1,1,0.25,0.25,-1,-1,1.0,0.35,0.568554,0.100492
2,-1,1,0.3,0.3,-1,-1,1.0,0.35,0.617092,0.080952
2,-1,1,0.35,0.35,-1,-1,1.0,0.35,0.651607,0.061666
2,-1,1,0.4,0.4,-1,-1,1.0,0.35,0.691156,0.047709
2,-1,1,0.45,0.45,-1,-1,1.0,0.35,0.720279,0.035527
2,-1,1,0.5,0.5,-1,-1,1.0,0.35,0.754076,0.027661
2,-1,1,0.55,0.55,-1,-1,1.0,0.35,0.779244,0.020555
2,-1,1,0.6,0.6,-1,-1,1.0,0.35,0.805489,0.016495
2,-1,1,0.65,0.65,-1,-1,1.0,0.35,0.830657,0.014211
2,-1,1,0.7,0.7,-1,-1,1.0,0.35,0.848635,0.010405
2,-1,1,0.75,0.75,-1,-1,1.0,0.35,0.869847,0.008121
2,-1,1,0.8,0.8,-1,-1,1.0,0.35,0.884229,0.00406
2,-1,1,0.85,0.85,-1,-1,1.0,0.35,0.902925,0.002284
2,-1,1,0.9,0.9,-1,-1,1.0,0.35,0.919823,0.001269
2,-1,1,0.95,0.95,-1,-1,1.0,0.35,0.944631,0.000254
2,-1,1,1.0,1.0,-1,-1,1.0,0.35,1.0,0.0
2,-1,1,0.05,0.05,-1,-1,0.4,0.4,0.197154,0.514039
2,-1,1,0.1,0.1,-1,-1,0.4,0.4,0.197154,0.514039
2,-1,1,0.15,0.15,-1,-1,0.4,0.4,0.197154,0.514039
2,-1,1,0.2,0.2,-1,-1,0.4,0.4,0.197154,0.514039
2,-1,1,0.25,0.25,-1,-1,0.4,0.4,0.197154,0.514039
2,-1,1,0.3,0.3,-1,-1,0.4,0.4,0.197154,0.514039
2,-1,1,0.35,0.35,-1,-1,0.4,0.4,0.197154,0.514039
2,-1,1,0.4,0.4,-1,-1,0.4,0.4,0.197154,0.514039
2,-1,1,0.45,0.45,-1,-1,0.4,0.4,0.197154,0.514039
2,-1,1,0.5,0.5,-1,-1,0.4,0.4,0.197154,0.514039
2,-1,1,0.55,0.55,-1,-1,0.4,0.4,0.197154,0.514039
2,-1,1,0.6,0.6,-1,-1,0.4,0.4,0.197154,0.514039
2,-1,1,0.65,0.65,-1,-1,0.4,0.4,0.197154,0.514039
2,-1,1,0.7,0.7,-1,-1,0.4,0.4,0.197154,0.514039
2,-1,1,0.75,0.75,-1,-1,0.4,0.4,0.197154,0.514039
2,-1,1,0.8,0.8,-1,-1,0.4,0.4,0.197154,0.514039
2,-1,1,0.85,0.85,-1,-1,0.4,0.4,0.197154,0.514039
2,-1,1,0.9,0.9,-1,-1,0.4,0.4,0.197154,0.514039
2,-1,1,0.95,0.95,-1,-1,0.4,0.4,0.197154,0.514039
2,-1,1,1.0,1.0,-1,-1,0.4,0.4,0.197154,0.514039
2,-1,1,0.05,0.05,-1,-1,0.45,0.4,0.208101,0.482022
2,-1,1,0.1,0.1,-1,-1,0.45,0.4,0.216798,0.464819
2,-1,1,0.15,0.15,-1,-1,0.45,0.4,0.223674,0.455188
2,-1,1,0.2,0.2,-1,-1,0.45,0.4,0.228639,0.448608
2,-1,1,0.25,0.25,-1,-1,0.45,0.4,0.23382,0.443499
2,-1,1,0.3,0.3,-1,-1,0.45,0.4,0.237983,0.440668
2,-1,1,0.35,0.35,-1,-1,0.45,0.4,0.240943,0.437874
2,-1,1,0.4,0.4,-1,-1,0.45,0.4,0.244335,0.435853
2,-1,1,0.45,0.45,-1,-1,0.45,0.4,0.246833,0.434088
2,-1,1,0.5,0.5,-1,-1,0.45,0.4,0.249732,0.432949
2,-1,1,0.55,0.55,-1,-1,0.45,0.4,0.251891,0.431919
2,-1,1,0.6,0.6,-1,-1,0.45,0.4,0.254142,0.431331
2,-1,1,0.65,0.65,-1,-1,0.45,0.4,0.2563,0.431
2,-1,1,0.7,0.7,-1,-1,0.45,0.4,0.257842,0.430449
2,-1,1,0.75,0.75,-1,-1,0.45,0.4,0.259662,0.430118
2,-1,1,0.8,0.8,-1,-1,0.45,0.4,0.260895,0.42953
2,-1,1,0.85,0.85,-1,-1,0.45,0.4,0.262499,0.429273
2,-1,1,0.9,0.9,-1,-1,0.45,0.4,0.263948,0.429126
2,-1,1,0.95,0.95,-1,-1,0.45,0.4,0.266076,0.428979
2,-1,1,1.0,1.0,-1,-1,0.45,0.4,0.270825,0.428942
2,-1,1,0.05,0.05,-1,-1,0.5,0.4,0.229125,0.434077
2,-1,1,0.1,0.1,-1,-1,0.5,0.4,0.254522,0.391113
2,-1,1,0.15,0.15,-1,-1,0.5,0.4,0.274605,0.36706
2,-1,1,0.2,0.2,-1,-1,0.5,0.4,0.289105,0.350627
2,-1,1,0.25,0.25,-1,-1,0.5,0.4,0.304235,0.337866
2,-1,1,0.3,0.3,-1,-1,0.5,0.4,0.316393,0.330798
2,-1,1,0.35,0.35,-1,-1,0.5,0.4,0.325038,0.323821
2,-1,1,0.4,0.4,-1,-1,0.5,0.4,0.334945,0.318771
2,-1,1,0.45,0.45,-1,-1,0.5,0.4,0.34224,0.314365
2,-1,1,0.5,0.5,-1,-1,0.5,0.4,0.350705,0.311519
2,-1,1,0.55,0.55,-1,-1,0.5,0.4,0.35701,0.308948
2,-1,1,0.6,0.6,-1,-1,0.5,0.4,0.363584,0.307479
2,-1,1,0.65,0.65,-1,-1,0.5,0.4,0.369888,0.306653
2,-1,1,0.7,0.7,-1,-1,0.5,0.4,0.374391,0.305276
2,-1,1,0.75,0.75,-1,-1,0.5,0.4,0.379704,0.30445
2,-1,1,0.8,0.8,-1,-1,0.5,0.4,0.383307,0.302981
2,-1,1,0.85,0.85,-1,-1,0.5,0.4,0.38799,0.302338
2,-1,1,0.9,0.9,-1,-1,0.5,0.4,0.392223,0.301971
2,-1,1,0.95,0.95,-1,-1,0.5,0.4,0.398437,0.301604
2,-1,1,1.0,1.0,-1,-1,0.5,0.4,0.412306,0.301512
2,-1,1,0.05,0.05,-1,-1,0.55,0.4,0.241565,0.404173
2,-1,1,0.1,0.1,-1,-1,0.55,0.4,0.276844,0.34514
2,-1,1,0.15,0.15,-1,-1,0.55,0.4,0.304742,0.312092
2,-1,1,0.2,0.2,-1,-1,0.55,0.4,0.324883,0.289514
2,-1,1,0.25,0.25,-1,-1,0.55,0.4,0.345901,0.27198
2,-1,1,0.3,0.3,-1,-1,0.55,0.4,0.362789,0.262268
2,-1,1,0.35,0.35,-1,-1,0.55,0.4,0.374799,0.252682
2,-1,1,0.4,0.4,-1,-1,0.55,0.4,0.38856,0.245744
2,-1,1,0.45,0.45,-1,-1,0.55,0.4,0.398694,0.239689
2,-1,1,0.5,0.5,-1,-1,0.55,0.4,0.410453,0.235779
2,-1,1,0.55,0.55,-1,-1,0.55,0.4,0.41921,0.232247
2,-1,1,0.6,0.6,-1,-1,0.55,0.4,0.428343,0.230229
2,-1,1,0.65,0.65,-1,-1,0.55,0.4,0.4371,0.229094
2,-1,1,0.7,0.7,-1,-1,0.55,0.4,0.443355,0.227202
2,-1,1,0.75,0.75,-1,-1,0.55,0.4,0.450736,0.226066
2,-1,1,0.8,0.8,-1,-1,0.55,0.4,0.45574,0.224048
2,-1,1,0.85,0.85,-1,-1,0.55,0.4,0.462245,0.223165
2,-1,1,0.9,0.9,-1,-1,0.55,0.4,0.468125,0.222661
2,-1,1,0.95,0.95,-1,-1,0.55,0.4,0.476757,0.222156
2,-1,1,1.0,1.0,-1,-1,0.55,0.4,0.496023,0.22203
2,-1,1,0.05,0.05,-1,-1,0.6,0.4,0.25413,0.379632
2,-1,1,0.1,0.1,-1,-1,0.6,0.4,0.29939,0.307413
2,-1,1,0.15,0.15,-1,-1,0.6,0.4,0.33518,0.266983
2,-1,1,0.2,0.2,-1,-1,0.6,0.4,0.36102,0.239361
2,-1,1,0.25,0.25,-1,-1,0.6,0.4,0.387983,0.217911
2,-1,1,0.3,0.3,-1,-1,0.6,0.4,0.40965,0.206029
2,-1,1,0.35,0.35,-1,-1,0.6,0.4,0.425058,0.194301
2,-1,1,0.4,0.4,-1,-1,0.6,0.4,0.442712,0.185814
2,-1,1,0.45,0.45,-1,-1,0.6,0.4,0.455713,0.178407
2,-1,1,0.5,0.5,-1,-1,0.6,0.4,0.470799,0.173623
2,-1,1,0.55,0.55,-1,-1,0.6,0.4,0.482034,0.169302
2,-1,1,0.6,0.6,-1,-1,0.6,0.4,0.49375,0.166833
2,-1,1,0.65,0.65,-1,-1,0.6,0.4,0.504984,0.165445
2,-1,1,0.7,0.7,-1,-1,0.6,0.4,0.513009,0.16313
2,-1,1,0.75,0.75,-1,-1,0.6,0.4,0.522479,0.161741
2,-1,1,0.8,0.8,-1,-1,0.6,0.4,0.528899,0.159272
2,-1,1,0.85,0.85,-1,-1,0.6,0.4,0.537244,0.158192
2,-1,1,0.9,0.9,-1,-1,0.6,0.4,0.544788,0.157575
2,-1,1,0.95,0.95,-1,-1,0.6,0.4,0.555862,0.156957
2,-1,1,1.0,1.0,-1,-1,0.6,0.4,0.580578,0.156803
2,-1,1,0.05,0.05,-1,-1,0.65,0.4,0.265637,0.361917
2,-1,1,0.1,0.1,-1,-1,0.65,0.4,0.320038,0.28018
2,-1,1,0.15,0.15,-1,-1,0.65,0.4,0.363056,0.234421
2,-1,1,0.2,0.2,-1,-1,0.65,0.4,0.394115,0.203158
2,-1,1,0.25,0.25,-1,-1,0.65,0.4,0.426524,0.178881
2,-1,1,0.3,0.3,-1,-1,0.65,0.4,0.452567,0.165433
2,-1,1,0.35,0.35,-1,-1,0.65,0.4,0.471086,0.15216
2,-1,1,0.4,0.4,-1,-1,0.65,0.4,0.492306,0.142554
2,-1,1,0.45,0.45,-1,-1,0.65,0.4,0.507932,0.13417
2,-1,1,0.5,0.5,-1,-1,0.65,0.4,0.526066,0.128756
2,-1,1,0.55,0.55,-1,-1,0.65,0.4,0.539569,0.123866
2,-1,1,0.6,0.6,-1,-1,0.65,0.4,0.553651,0.121071
2,-1,1,0.65,0.65,-1,-1,0.65,0.4,0.567155,0.1195
2,-1,1,0.7,0.7,-1,-1,0.65,0.4,0.576801,0.11688
2,-1,1,0.75,0.75,-1,-1,0.65,0.4,0.588183,0.115308
2,-1,1,0.8,0.8,-1,-1,0.65,0.4,0.595899,0.112513
2,-1,1,0.85,0.85,-1,-1,0.65,0.4,0.60593,0.111291
2,-1,1,0.9,0.9,-1,-1,0.65,0.4,0.614997,0.110592
2,-1,1,0.95,0.95,-1,-1,0.65,0.4,0.628308,0.109894
2,-1,1,1.0,1.0,-1,-1,0.65,0.4,0.658016,0.109719
2,-1,1,0.05,0.05,-1,-1,0.7,0.4,0.276771,0.348102
2,-1,1,0.1,0.1,-1,-1,0.7,0.4,0.340016,0.258942
2,-1,1,0.15,0.15,-1,-1,0.7,0.4,0.390029,0.209028
2,-1,1,0.2,0.2,-1,-1,0.7,0.4,0.426137,0.174927
2,-1,1,0.25,0.25,-1,-1,0.7,0.4,0.463815,0.148445
2,-1,1,0.3,0.3,-1,-1,0.7,0.4,0.494092,0.133776
2,-1,1,0.35,0.35,-1,-1,0.7,0.4,0.515622,0.119297
2,-1,1,0.4,0.4,-1,-1,0.7,0.4,0.540292,0.108819
2,-1,1,0.45,0.45,-1,-1,0.7,0.4,0.558458,0.099674
2,-1,1,0.5,0.5,-1,-1,0.7,0.4,0.57954,0.093768
2,-1,1,0.55,0.55,-1,-1,0.7,0.4,0.595239,0.088433
2,-1,1,0.6,0.6,-1,-1,0.7,0.4,0.611611,0.085385
2,-1,1,0.65,0.65,-1,-1,0.7,0.4,0.62731,0.083671
2,-1,1,0.7,0.7,-1,-1,0.7,0.4,0.638524,0.080813
2,-1,1,0.75,0.75,-1,-1,0.7,0.4,0.651756,0.079098
2,-1,1,0.8,0.8,-1,-1,0.7,0.4,0.660727,0.07605
2,-1,1,0.85,0.85,-1,-1,0.7,0.4,0.672389,0.074717
2,-1,1,0.9,0.9,-1,-1,0.7,0.4,0.68293,0.073955
2,-1,1,0.95,0.95,-1,-1,0.7,0.4,0.698405,0.073193
2,-1,1,1.0,1.0,-1,-1,0.7,0.4,0.732943,0.073002
2,-1,1,0.05,0.05,-1,-1,0.75,0.4,0.284733,0.338676
2,-1,1,0.1,0.1,-1,-1,0.75,0.4,0.354302,0.244451
2,-1,1,0.15,0.15,-1,-1,0.75,0.4,0.409316,0.191701
2,-1,1,0.2,0.2,-1,-1,0.75,0.4,0.449035,0.155663
2,-1,1,0.25,0.25,-1,-1,0.75,0.4,0.490481,0.127677
2,-1,1,0.3,0.3,-1,-1,0.75,0.4,0.523786,0.112174
2,-1,1,0.35,0.35,-1,-1,0.75,0.4,0.547469,0.096873
2,-1,1,0.4,0.4,-1,-1,0.75,0.4,0.574606,0.085799
2,-1,1,0.45,0.45,-1,-1,0.75,0.4,0.594589,0.076135
2,-1,1,0.5,0.5,-1,-1,0.75,0.4,0.617779,0.069893
2,-1,1,0.55,0.55,-1,-1,0.75,0.4,0.635048,0.064256
2,-1,1,0.6,0.6,-1,-1,0.75,0.4,0.653057,0.061035
2,-1,1,0.65,0.65,-1,-1,0.75,0.4,0.670326,0.059223
2,-1,1,0.7,0.7,-1,-1,0.75,0.4,0.682661,0.056203
2,-1,1,0.75,0.75,-1,-1,0.75,0.4,0.697216,0.054391
2,-1,1,0.8,0.8,-1,-1,0.75,0.4,0.707085,0.051169
2,-1,1,0.85,0.85,-1,-1,0.75,0.4,0.719913,0.04976
2,-1,1,0.9,0.9,-1,-1,0.75,0.4,0.731508,0.048955
2,-1,1,0.95,0.95,-1,-1,0.75,0.4,0.74853,0.048149
2,-1,1,1.0,1.0,-1,-1,0.75,0.4,0.786522,0.047948
2,-1,1,0.05,0.05,-1,-1,0.8,0.4,0.292881,0.328599
2,-1,1,0.1,0.1,-1,-1,0.8,0.4,0.368923,0.22896
2,-1,1,0.15,0.15,-1,-1,0.8,0.4,0.429056,0.173179
2,-1,1,0.2,0.2,-1,-1,0.8,0.4,0.47247,0.13507
2,-1,1,0.25,0.25,-1,-1,0.8,0.4,0.517772,0.105476
2,-1,1,0.3,0.3,-1,-1,0.8,0.4,0.554175,0.089082
2,-1,1,0.35,0.35,-1,-1,0.8,0.4,0.580062,0.072902
2,-1,1,0.4,0.4,-1,-1,0.8,0.4,0.609724,0.061192
2,-1,1,0.45,0.45,-1,-1,0.8,0.4,0.631566,0.050972
2,-1,1,0.5,0.5,-1,-1,0.8,0.4,0.656913,0.044372
2,-1,1,0.55,0.55,-1,-1,0.8,0.4,0.675789,0.038411
2,-1,1,0.6,0.6,-1,-1,0.8,0.4,0.695473,0.035005
2,-1,1,0.65,0.65,-1,-1,0.8,0.4,0.714349,0.033089
2,-1,1,0.7,0.7,-1,-1,0.8,0.4,0.727832,0.029895
2,-1,1,0.75,0.75,-1,-1,0.8,0.4,0.743741,0.027979
2,-1,1,0.8,0.8,-1,-1,0.8,0.4,0.754528,0.024572
2,-1,1,0.85,0.85,-1,-1,0.8,0.4,0.76855,0.023082
2,-1,1,0.9,0.9,-1,-1,0.8,0.4,0.781224,0.022231
2,-1,1,0.95,0.95,-1,-1,0.8,0.4,0.799829,0.021379
2,-1,1,1.0,1.0,-1,-1,0.8,0.4,0.841356,0.021166
2,-1,1,0.05,0.05,-1,-1,0.85,0.4,0.298666,0.324862
2,-1,1,0.1,0.1,-1,-1,0.85,0.4,0.379303,0.223214
2,-1,1,0.15,0.15,-1,-1,0.85,0.4,0.44307,0.166309
2,-1,1,0.2,0.2,-1,-1,0.85,0.4,0.489107,0.127431
2,-1,1,0.25,0.25,-1,-1,0.85,0.4,0.537147,0.09724
2,-1,1,0.3,0.3,-1,-1,0.85,0.4,0.57575,0.080516
2,-1,1,0.35,0.35,-1,-1,0.85,0.4,0.603201,0.06401
2,-1,1,0.4,0.4,-1,-1,0.85,0.4,0.634655,0.052064
2,-1,1,0.45,0.45,-1,-1,0.85,0.4,0.657817,0.041638
2,-1,1,0.5,0.5,-1,-1,0.85,0.4,0.684696,0.034905
2,-1,1,0.55,0.55,-1,-1,0.85,0.4,0.704713,0.028824
2,-1,1,0.6,0.6,-1,-1,0.85,0.4,0.725587,0.025349
2,-1,1,0.65,0.65,-1,-1,0.85,0.4,0.745603,0.023394
2,-1,1,0.7,0.7,-1,-1,0.85,0.4,0.759901,0.020136
2,-1,1,0.75,0.75,-1,-1,0.85,0.4,0.776772,0.018181
2,-1,1,0.8,0.8,-1,-1,0.85,0.4,0.78821,0.014706
2,-1,1,0.85,0.85,-1,-1,0.85,0.4,0.803079,0.013186
2,-1,1,0.9,0.9,-1,-1,0.85,0.4,0.816519,0.012317
2,-1,1,0.95,0.95,-1,-1,0.85,0.4,0.836249,0.011448
2,-1,1,1.0,1.0,-1,-1,0.85,0.4,0.880285,0.011231
2,-1,1,0.05,0.05,-1,-1,0.9,0.4,0.304948,0.322586
2,-1,1,0.1,0.1,-1,-1,0.9,0.4,0.390576,0.219716
2,-1,1,0.15,0.15,-1,-1,0.9,0.4,0.458289,0.162127
2,-1,1,0.2,0.2,-1,-1,0.9,0.4,0.507175,0.122781
2,-1,1,0.25,0.25,-1,-1,0.9,0.4,0.558188,0.092228
2,-1,1,0.3,0.3,-1,-1,0.9,0.4,0.59918,0.075303
2,-1,1,0.35,0.35,-1,-1,0.9,0.4,0.62833,0.058597
2,-1,1,0.4,0.4,-1,-1,0.9,0.4,0.661731,0.046508
2,-1,1,0.45,0.45,-1,-1,0.9,0.4,0.686326,0.035957
2,-1,1,0.5,0.5,-1,-1,0.9,0.4,0.714869,0.029143
2,-1,1,0.55,0.55,-1,-1,0.9,0.4,0.736124,0.022988
2,-1,1,0.6,0.6,-1,-1,0.9,0.4,0.75829,0.019472
2,-1,1,0.65,0.65,-1,-1,0.9,0.4,0.779545,0.017493
2,-1,1,0.7,0.7,-1,-1,0.9,0.4,0.794728,0.014196
2,-1,1,0.75,0.75,-1,-1,0.9,0.4,0.812642,0.012218
2,-1,1,0.8,0.8,-1,-1,0.9,0.4,0.824789,0.008701
2,-1,1,0.85,0.85,-1,-1,0.9,0.4,0.840578,0.007162
2,-1,1,0.9,0.9,-1,-1,0.9,0.4,0.85485,0.006283
2,-1,1,0.95,0.95,-1,-1,0.9,0.4,0.875801,0.005404
2,-1,1,1.0,1.0,-1,-1,0.9,0.4,0.922562,0.005184
2,-1,1,0.05,0.05,-1,-1,0.95,0.4,0.310919,0.321124
2,-1,1,0.1,0.1,-1,-1,0.95,0.4,0.401291,0.217467
2,-1,1,0.15,0.15,-1,-1,0.95,0.4,0.472754,0.159438
2,-1,1,0.2,0.2,-1,-1,0.95,0.4,0.524349,0.119792
2,-1,1,0.25,0.25,-1,-1,0.95,0.4,0.578188,0.089005
2,-1,1,0.3,0.3,-1,-1,0.95,0.4,0.62145,0.07195
2,-1,1,0.35,0.35,-1,-1,0.95,0.4,0.652215,0.055118
2,-1,1,0.4,0.4,-1,-1,0.95,0.4,0.687466,0.042936
2,-1,1,0.45,0.45,-1,-1,0.95,0.4,0.713424,0.032304
2,-1,1,0.5,0.5,-1,-1,0.95,0.4,0.743548,0.025438
2,-1,1,0.55,0.55,-1,-1,0.95,0.4,0.76598,0.019236
2,-1,1,0.6,0.6,-1,-1,0.95,0.4,0.789374,0.015693
2,-1,1,0.65,0.65,-1,-1,0.95,0.4,0.811806,0.013699
2,-1,1,0.7,0.7,-1,-1,0.95,0.4,0.82783,0.010377
2,-1,1,0.75,0.75,-1,-1,0.95,0.4,0.846737,0.008384
2,-1,1,0.8,0.8,-1,-1,0.95,0.4,0.859556,0.00484
2,-1,1,0.85,0.85,-1,-1,0.95,0.4,0.87622,0.00329
2,-1,1,0.9,0.9,-1,-1,0.95,0.4,0.891283,0.002404
2,-1,1,0.95,0.95,-1,-1,0.95,0.4,0.913394,0.001518
2,-1,1,1.0,1.0,-1,-1,0.95,0.4,0.962746,0.001296
2,-1,1,0.05,0.05,-1,-1,1.0,0.4,0.316455,0.320636
2,-1,1,0.1,0.1,-1,-1,1.0,0.4,0.411224,0.216718
2,-1,1,0.15,0.15,-1,-1,1.0,0.4,0.486165,0.158541
2,-1,1,0.2,0.2,-1,-1,1.0,0.4,0.54027,0.118795
2,-1,1,0.25,0.25,-1,-1,1.0,0.4,0.596729,0.08793
2,-1,1,0.3,0.3,-1,-1,1.0,0.4,0.642097,0.070833
2,-1,1,0.35,0.35,-1,-1,1.0,0.4,0.674358,0.053958
2,-1,1,0.4,0.4,-1,-1,1.0,0.4,0.711325,0.041745
2,-1,1,0.45,0.45,-1,-1,1.0,0.4,0.738546,0.031087
2,-1,1,0.5,0.5,-1,-1,1.0,0.4,0.770136,0.024203
2,-1,1,0.55,0.55,-1,-1,1.0,0.4,0.79366,0.017986
2,-1,1,0.6,0.6,-1,-1,1.0,0.4,0.818192,0.014433
2,-1,1,0.65,0.65,-1,-1,1.0,0.4,0.841716,0.012435
2,-1,1,0.7,0.7,-1,-1,1.0,0.4,0.858519,0.009104
2,-1,1,0.75,0.75,-1,-1,1.0,0.4,0.878346,0.007106
2,-1,1,0.8,0.8,-1,-1,1.0,0.4,0.891789,0.003553
2,-1,1,0.85,0.85,-1,-1,1.0,0.4,0.909264,0.001999
2,-1,1,0.9,0.9,-1,-1,1.0,0.4,0.925059,0.00111
2,-1,1,0.95,0.95,-1,-1,1.0,0.4,0.948247,0.000222
2,-1,1,1.0,1.0,-1,-1,1.0,0.4,1.0,0.0
2,-1,1,0.05,0.05,-1,-1,0.45,0.45,0.270825,0.428942
2,-1,1,0.1,0.1,-1,-1,0.45,0.45,0.270825,0.428942
2,-1,1,0.15,0.15,-1,-1,0.45,0.45,0.270825,0.428942
2,-1,1,0.2,0.2,-1,-1,0.45,0.45,0.270825,0.428942
2,-1,1,0.25,0.25,-1,-1,0.45,0.45,0.270825,0.428942
2,-1,1,0.3,0.3,-1,-1,0.45,0.45,0.270825,0.428942
2,-1,1,0.35,0.35,-1,-1,0.45,0.45,0.270825,0.428942
2,-1,1,0.4,0.4,-1,-1,0.45,0.45,0.270825,0.428942
2,-1,1,0.45,0.45,-1,-1,0.45,0.45,0.270825,0.428942
2,-1,1,0.5,0.5,-1,-1,0.45,0.45,0.270825,0.428942
2,-1,1,0.55,0.55,-1,-1,0.45,0.45,0.270825,0.428942
2,-1,1,0.6,0.6,-1,-1,0.45,0.45,0.270825,0.428942
2,-1,1,0.65,0.65,-1,-1,0.45,0.45,0.270825,0.428942
2,-1,1,0.7,0.7,-1,-1,0.45,0.45,0.270825,0.428942
2,-1,1,0.75,0.75,-1,-1,0.45,0.45,0.270825,0.428942
2,-1,1,0.8,0.8,-1,-1,0.45,0.45,0.270825,0.428942
2,-1,1,0.85,0.85,-1,-1,0.45,0.45,0.270825,0.428942
2,-1,1,0.9,0.9,-1,-1,0.45,0.45,0.270825,0.428942
2,-1,1,0.95,0.95,-1,-1,0.45,0.45,0.270825,0.428942
2,-1,1,1.0,1.0,-1,-1,0.45,0.45,0.270825,0.428942
2,-1,1,0.05,0.05,-1,-1,0.5,0.45,0.291849,0.380997
2,-1,1,0.1,0.1,-1,-1,0.5,0.45,0.308549,0.355236
2,-1,1,0.15,0.15,-1,-1,0.5,0.45,0.321756,0.340814
2,-1,1,0.2,0.2,-1,-1,0.5,0.45,0.33129,0.330961
2,-1,1,0.25,0.25,-1,-1,0.5,0.45,0.34124,0.32331
2,-1,1,0.3,0.3,-1,-1,0.5,0.45,0.349235,0.319071
2,-1,1,0.35,0.35,-1,-1,0.5,0.45,0.35492,0.314888
2,-1,1,0.4,0.4,-1,-1,0.5,0.45,0.361434,0.311861
2,-1,1,0.45,0.45,-1,-1,0.5,0.45,0.366231,0.309218
2,-1,1,0.5,0.5,-1,-1,0.5,0.45,0.371798,0.307512
2,-1,1,0.55,0.55,-1,-1,0.5,0.45,0.375944,0.305971
2,-1,1,0.6,0.6,-1,-1,0.5,0.45,0.380267,0.30509
2,-1,1,0.65,0.65,-1,-1,0.5,0.45,0.384412,0.304595
2,-1,1,0.7,0.7,-1,-1,0.5,0.45,0.387374,0.303769
2,-1,1,0.75,0.75,-1,-1,0.5,0.45,0.390868,0.303273
2,-1,1,0.8,0.8,-1,-1,0.5,0.45,0.393237,0.302393
2,-1,1,0.85,0.85,-1,-1,0.5,0.45,0.396316,0.302007
2,-1,1,0.9,0.9,-1,-1,0.5,0.45,0.3991,0.301787
2,-1,1,0.95,0.95,-1,-1,0.5,0.45,0.403186,0.301567
2,-1,1,1.0,1.0,-1,-1,0.5,0.45,0.412306,0.301512
2,-1,1,0.05,0.05,-1,-1,0.55,0.45,0.304289,0.351093
2,-1,1,0.1,0.1,-1,-1,0.55,0.45,0.330872,0.309264
2,-1,1,0.15,0.15,-1,-1,0.55,0.45,0.351892,0.285846
2,-1,1,0.2,0.2,-1,-1,0.55,0.45,0.367069,0.269848
2,-1,1,0.25,0.25,-1,-1,0.55,0.45,0.382906,0.257424
2,-1,1,0.3,0.3,-1,-1,0.55,0.45,0.395631,0.250542
2,-1,1,0.35,0.35,-1,-1,0.55,0.45,0.404681,0.243749
2,-1,1,0.4,0.4,-1,-1,0.55,0.45,0.41505,0.238833
2,-1,1,0.45,0.45,-1,-1,0.55,0.45,0.422685,0.234543
2,-1,1,0.5,0.5,-1,-1,0.55,0.45,0.431546,0.231772
2,-1,1,0.55,0.55,-1,-1,0.55,0.45,0.438145,0.22927
2,-1,1,0.6,0.6,-1,-1,0.55,0.45,0.445026,0.22784
2,-1,1,0.65,0.65,-1,-1,0.55,0.45,0.451624,0.227035
2,-1,1,0.7,0.7,-1,-1,0.55,0.45,0.456338,0.225695
2,-1,1,0.75,0.75,-1,-1,0.55,0.45,0.461899,0.22489
2,-1,1,0.8,0.8,-1,-1,0.55,0.45,0.46567,0.22346
2,-1,1,0.85,0.85,-1,-1,0.55,0.45,0.470572,0.222834
2,-1,1,0.9,0.9,-1,-1,0.55,0.45,0.475002,0.222477
2,-1,1,0.95,0.95,-1,-1,0.55,0.45,0.481506,0.222119
2,-1,1,1.0,1.0,-1,-1,0.55,0.45,0.496023,0.22203
2,-1,1,0.05,0.05,-1,-1,0.6,0.45,0.316854,0.326552
2,-1,1,0.1,0.1,-1,-1,0.6,0.45,0.353417,0.271536
2,-1,1,0.15,0.15,-1,-1,0.6,0.45,0.382331,0.240737
2,-1,1,0.2,0.2,-1,-1,0.6,0.45,0.403206,0.219695
2,-1,1,0.25,0.25,-1,-1,0.6,0.45,0.424988,0.203355
2,-1,1,0.3,0.3,-1,-1,0.6,0.45,0.442492,0.194303
2,-1,1,0.35,0.35,-1,-1,0.6,0.45,0.454939,0.185369
2,-1,1,0.4,0.4,-1,-1,0.6,0.45,0.469202,0.178903
2,-1,1,0.45,0.45,-1,-1,0.6,0.45,0.479704,0.173261
2,-1,1,0.5,0.5,-1,-1,0.6,0.45,0.491892,0.169616
2,-1,1,0.55,0.55,-1,-1,0.6,0.45,0.500968,0.166325
2,-1,1,0.6,0.6,-1,-1,0.6,0.45,0.510433,0.164444
2,-1,1,0.65,0.65,-1,-1,0.6,0.45,0.519509,0.163386
2,-1,1,0.7,0.7,-1,-1,0.6,0.45,0.525992,0.161623
2,-1,1,0.75,0.75,-1,-1,0.6,0.45,0.533642,0.160565
2,-1,1,0.8,0.8,-1,-1,0.6,0.45,0.538828,0.158684
2,-1,1,0.85,0.85,-1,-1,0.6,0.45,0.54557,0.157861
2,-1,1,0.9,0.9,-1,-1,0.6,0.45,0.551664,0.157391
2,-1,1,0.95,0.95,-1,-1,0.6,0.45,0.560611,0.156921
2,-1,1,1.0,1.0,-1,-1,0.6,0.45,0.580578,0.156803
2,-1,1,0.05,0.05,-1,-1,0.65,0.45,0.328361,0.308837
2,-1,1,0.1,0.1,-1,-1,0.65,0.45,0.374065,0.244303
2,-1,1,0.15,0.15,-1,-1,0.65,0.45,0.410207,0.208175
2,-1,1,0.2,0.2,-1,-1,0.65,0.45,0.436301,0.183492
2,-1,1,0.25,0.25,-1,-1,0.65,0.45,0.463529,0.164325
2,-1,1,0.3,0.3,-1,-1,0.65,0.45,0.485409,0.153707
2,-1,1,0.35,0.35,-1,-1,0.65,0.45,0.500968,0.143227
2,-1,1,0.4,0.4,-1,-1,0.65,0.45,0.518796,0.135643
2,-1,1,0.45,0.45,-1,-1,0.65,0.45,0.531924,0.129024
2,-1,1,0.5,0.5,-1,-1,0.65,0.45,0.547159,0.124749
2,-1,1,0.55,0.55,-1,-1,0.65,0.45,0.558504,0.120888
2,-1,1,0.6,0.6,-1,-1,0.65,0.45,0.570335,0.118682
2,-1,1,0.65,0.65,-1,-1,0.65,0.45,0.58168,0.117441
2,-1,1,0.7,0.7,-1,-1,0.65,0.45,0.589784,0.115373
2,-1,1,0.75,0.75,-1,-1,0.65,0.45,0.599346,0.114132
2,-1,1,0.8,0.8,-1,-1,0.65,0.45,0.605829,0.111925
2,-1,1,0.85,0.85,-1,-1,0.65,0.45,0.614256,0.11096
2,-1,1,0.9,0.9,-1,-1,0.65,0.45,0.621874,0.110409
2,-1,1,0.95,0.95,-1,-1,0.65,0.45,0.633057,0.109857
2,-1,1,1.0,1.0,-1,-1,0.65,0.45,0.658016,0.109719
2,-1,1,0.05,0.05,-1,-1,0.7,0.45,0.339495,0.295022
2,-1,1,0.1,0.1,-1,-1,0.7,0.45,0.394044,0.223066
2,-1,1,0.15,0.15,-1,-1,0.7,0.45,0.43718,0.182782
2,-1,1,0.2,0.2,-1,-1,0.7,0.45,0.468323,0.15526
2,-1,1,0.25,0.25,-1,-1,0.7,0.45,0.50082,0.133888
2,-1,1,0.3,0.3,-1,-1,0.7,0.45,0.526934,0.122049
2,-1,1,0.35,0.35,-1,-1,0.7,0.45,0.545504,0.110364
2,-1,1,0.4,0.4,-1,-1,0.7,0.45,0.566782,0.101908
2,-1,1,0.45,0.45,-1,-1,0.7,0.45,0.58245,0.094527
2,-1,1,0.5,0.5,-1,-1,0.7,0.45,0.600633,0.089761
2,-1,1,0.55,0.55,-1,-1,0.7,0.45,0.614174,0.085456
2,-1,1,0.6,0.6,-1,-1,0.7,0.45,0.628294,0.082996
2,-1,1,0.65,0.65,-1,-1,0.7,0.45,0.641835,0.081612
2,-1,1,0.7,0.7,-1,-1,0.7,0.45,0.651507,0.079306
2,-1,1,0.75,0.75,-1,-1,0.7,0.45,0.662919,0.077922
2,-1,1,0.8,0.8,-1,-1,0.7,0.45,0.670657,0.075462
2,-1,1,0.85,0.85,-1,-1,0.7,0.45,0.680715,0.074386
2,-1,1,0.9,0.9,-1,-1,0.7,0.45,0.689807,0.073771
2,-1,1,0.95,0.95,-1,-1,0.7,0.45,0.703154,0.073156
2,-1,1,1.0,1.0,-1,-1,0.7,0.45,0.732943,0.073002
2,-1,1,0.05,0.05,-1,-1,0.75,0.45,0.347457,0.285596
2,-1,1,0.1,0.1,-1,-1,0.75,0.45,0.40833,0.208574
2,-1,1,0.15,0.15,-1,-1,0.75,0.45,0.456467,0.165455
2,-1,1,0.2,0.2,-1,-1,0.75,0.45,0.491221,0.135996
2,-1,1,0.25,0.25,-1,-1,0.75,0.45,0.527486,0.11312
2,-1,1,0.3,0.3,-1,-1,0.75,0.45,0.556628,0.100448
2,-1,1,0.35,0.35,-1,-1,0.75,0.45,0.577351,0.08794
2,-1,1,0.4,0.4,-1,-1,0.75,0.45,0.601095,0.078889
2,-1,1,0.45,0.45,-1,-1,0.75,0.45,0.618581,0.070989
2,-1,1,0.5,0.5,-1,-1,0.75,0.45,0.638872,0.065887
2,-1,1,0.55,0.55,-1,-1,0.75,0.45,0.653982,0.061279
2,-1,1,0.6,0.6,-1,-1,0.75,0.45,0.66974,0.058646
2,-1,1,0.65,0.65,-1,-1,0.75,0.45,0.68485,0.057164
2,-1,1,0.7,0.7,-1,-1,0.75,0.45,0.695644,0.054696
2,-1,1,0.75,0.75,-1,-1,0.75,0.45,0.708379,0.053214
2,-1,1,0.8,0.8,-1,-1,0.75,0.45,0.717014,0.050581
2,-1,1,0.85,0.85,-1,-1,0.75,0.45,0.728239,0.049429
2,-1,1,0.9,0.9,-1,-1,0.75,0.45,0.738385,0.048771
2,-1,1,0.95,0.95,-1,-1,0.75,0.45,0.753279,0.048113
2,-1,1,1.0,1.0,-1,-1,0.75,0.45,0.786522,0.047948
2,-1,1,0.05,0.05,-1,-1,0.8,0.45,0.355605,0.27552
2,-1,1,0.1,0.1,-1,-1,0.8,0.45,0.422951,0.193084
2,-1,1,0.15,0.15,-1,-1,0.8,0.45,0.476206,0.146933
2,-1,1,0.2,0.2,-1,-1,0.8,0.45,0.514656,0.115404
2,-1,1,0.25,0.25,-1,-1,0.8,0.45,0.554777,0.090919
2,-1,1,0.3,0.3,-1,-1,0.8,0.45,0.587017,0.077356
2,-1,1,0.35,0.35,-1,-1,0.8,0.45,0.609943,0.063969
2,-1,1,0.4,0.4,-1,-1,0.8,0.45,0.636213,0.054281
2,-1,1,0.45,0.45,-1,-1,0.8,0.45,0.655557,0.045826
2,-1,1,0.5,0.5,-1,-1,0.8,0.45,0.678006,0.040366
2,-1,1,0.55,0.55,-1,-1,0.8,0.45,0.694723,0.035434
2,-1,1,0.6,0.6,-1,-1,0.8,0.45,0.712156,0.032616
2,-1,1,0.65,0.65,-1,-1,0.8,0.45,0.728874,0.03103
2,-1,1,0.7,0.7,-1,-1,0.8,0.45,0.740815,0.028388
2,-1,1,0.75,0.75,-1,-1,0.8,0.45,0.754905,0.026803
2,-1,1,0.8,0.8,-1,-1,0.8,0.45,0.764458,0.023984
2,-1,1,0.85,0.85,-1,-1,0.8,0.45,0.776876,0.022751
2,-1,1,0.9,0.9,-1,-1,0.8,0.45,0.7881,0.022047
2,-1,1,0.95,0.95,-1,-1,0.8,0.45,0.804578,0.021342
2,-1,1,1.0,1.0,-1,-1,0.8,0.45,0.841356,0.021166
2,-1,1,0.05,0.05,-1,-1,0.85,0.45,0.36139,0.271782
2,-1,1,0.1,0.1,-1,-1,0.85,0.45,0.433331,0.187337
2,-1,1,0.15,0.15,-1,-1,0.85,0.45,0.49022,0.140063
2,-1,1,0.2,0.2,-1,-1,0.85,0.45,0.531293,0.107765
2,-1,1,0.25,0.25,-1,-1,0.85,0.45,0.574152,0.082684
2,-1,1,0.3,0.3,-1,-1,0.85,0.45,0.608592,0.06879
2,-1,1,0.35,0.35,-1,-1,0.85,0.45,0.633083,0.055077
2,-1,1,0.4,0.4,-1,-1,0.85,0.45,0.661145,0.045153
2,-1,1,0.45,0.45,-1,-1,0.85,0.45,0.681809,0.036492
2,-1,1,0.5,0.5,-1,-1,0.85,0.45,0.705789,0.030899
2,-1,1,0.55,0.55,-1,-1,0.85,0.45,0.723647,0.025846
2,-1,1,0.6,0.6,-1,-1,0.85,0.45,0.74227,0.022959
2,-1,1,0.65,0.65,-1,-1,0.85,0.45,0.760128,0.021335
2,-1,1,0.7,0.7,-1,-1,0.85,0.45,0.772884,0.018629
2,-1,1,0.75,0.75,-1,-1,0.85,0.45,0.787935,0.017005
2,-1,1,0.8,0.8,-1,-1,0.85,0.45,0.79814,0.014118
2,-1,1,0.85,0.85,-1,-1,0.85,0.45,0.811405,0.012855
2,-1,1,0.9,0.9,-1,-1,0.85,0.45,0.823396,0.012133
2,-1,1,0.95,0.95,-1,-1,0.85,0.45,0.840998,0.011411
2,-1,1,1.0,1.0,-1,-1,0.85,0.45,0.880285,0.011231
2,-1,1,0.05,0.05,-1,-1,0.9,0.45,0.367672,0.269506
2,-1,1,0.1,0.1,-1,-1,0.9,0.45,0.444604,0.18384
2,-1,1,0.15,0.15,-1,-1,0.9,0.45,0.505439,0.135881
2,-1,1,0.2,0.2,-1,-1,0.9,0.45,0.549361,0.103115
2,-1,1,0.25,0.25,-1,-1,0.9,0.45,0.595193,0.077671
2,-1,1,0.3,0.3,-1,-1,0.9,0.45,0.632022,0.063577
2,-1,1,0.35,0.35,-1,-1,0.9,0.45,0.658212,0.049665
2,-1,1,0.4,0.4,-1,-1,0.9,0.45,0.68822,0.039597
2,-1,1,0.45,0.45,-1,-1,0.9,0.45,0.710318,0.030811
2,-1,1,0.5,0.5,-1,-1,0.9,0.45,0.735962,0.025136
2,-1,1,0.55,0.55,-1,-1,0.9,0.45,0.755058,0.020011
2,-1,1,0.6,0.6,-1,-1,0.9,0.45,0.774973,0.017082
2,-1,1,0.65,0.65,-1,-1,0.9,0.45,0.794069,0.015435
2,-1,1,0.7,0.7,-1,-1,0.9,0.45,0.80771,0.012689
2,-1,1,0.75,0.75,-1,-1,0.9,0.45,0.823806,0.011042
2,-1,1,0.8,0.8,-1,-1,0.9,0.45,0.834718,0.008113
2,-1,1,0.85,0.85,-1,-1,0.9,0.45,0.848904,0.006832
2,-1,1,0.9,0.9,-1,-1,0.9,0.45,0.861726,0.006099
2,-1,1,0.95,0.95,-1,-1,0.9,0.45,0.88055,0.005367
2,-1,1,1.0,1.0,-1,-1,0.9,0.45,0.922562,0.005184
2,-1,1,0.05,0.05,-1,-1,0.95,0.45,0.373643,0.268044
2,-1,1,0.1,0.1,-1,-1,0.95,0.45,0.455318,0.181591
2,-1,1,0.15,0.15,-1,-1,0.95,0.45,0.519905,0.133192
2,-1,1,0.2,0.2,-1,-1,0.95,0.45,0.566535,0.100126
2,-1,1,0.25,0.25,-1,-1,0.95,0.45,0.615193,0.074448
2,-1,1,0.3,0.3,-1,-1,0.95,0.45,0.654292,0.060224
2,-1,1,0.35,0.35,-1,-1,0.95,0.45,0.682097,0.046185
2,-1,1,0.4,0.4,-1,-1,0.95,0.45,0.713955,0.036025
2,-1,1,0.45,0.45,-1,-1,0.95,0.45,0.737416,0.027158
2,-1,1,0.5,0.5,-1,-1,0.95,0.45,0.764641,0.021431
2,-1,1,0.55,0.55,-1,-1,0.95,0.45,0.784915,0.016259
2,-1,1,0.6,0.6,-1,-1,0.95,0.45,0.806057,0.013303
2,-1,1,0.65,0.65,-1,-1,0.95,0.45,0.826331,0.011641
2,-1,1,0.7,0.7,-1,-1,0.95,0.45,0.840813,0.00887
2,-1,1,0.75,0.75,-1,-1,0.95,0.45,0.857901,0.007207
2,-1,1,0.8,0.8,-1,-1,0.95,0.45,0.869486,0.004251
2,-1,1,0.85,0.85,-1,-1,0.95,0.45,0.884546,0.002959
2,-1,1,0.9,0.9,-1,-1,0.95,0.45,0.898159,0.00222
2,-1,1,0.95,0.95,-1,-1,0.95,0.45,0.918143,0.001481
2,-1,1,1.0,1.0,-1,-1,0.95,0.45,0.962746,0.001296
2,-1,1,0.05,0.05,-1,-1,1.0,0.45,0.379179,0.267556
2,-1,1,0.1,0.1,-1,-1,1.0,0.45,0.465251,0.180841
2,-1,1,0.15,0.15,-1,-1,1.0,0.45,0.533316,0.132296
2,-1,1,0.2,0.2,-1,-1,1.0,0.45,0.582456,0.099129
2,-1,1,0.25,0.25,-1,-1,1.0,0.45,0.633734,0.073374
2,-1,1,0.3,0.3,-1,-1,1.0,0.45,0.674939,0.059107
2,-1,1,0.35,0.35,-1,-1,1.0,0.45,0.70424,0.045025
2,-1,1,0.4,0.4,-1,-1,1.0,0.45,0.737814,0.034834
2,-1,1,0.45,0.45,-1,-1,1.0,0.45,0.762538,0.02594
2,-1,1,0.5,0.5,-1,-1,1.0,0.45,0.791228,0.020196
2,-1,1,0.55,0.55,-1,-1,1.0,0.45,0.812594,0.015008
2,-1,1,0.6,0.6,-1,-1,1.0,0.45,0.834875,0.012044
2,-1,1,0.65,0.65,-1,-1,1.0,0.45,0.85624,0.010376
2,-1,1,0.7,0.7,-1,-1,1.0,0.45,0.871502,0.007597
2,-1,1,0.75,0.75,-1,-1,1.0,0.45,0.88951,0.005929
2,-1,1,0.8,0.8,-1,-1,1.0,0.45,0.901719,0.002964
2,-1,1,0.85,0.85,-1,-1,1.0,0.45,0.91759,0.001668
2,-1,1,0.9,0.9,-1,-1,1.0,0.45,0.931936,0.000927
2,-1,1,0.95,0.95,-1,-1,1.0,0.45,0.952996,0.000185
2,-1,1,1.0,1.0,-1,-1,1.0,0.45,1.0,0.0
2,-1,1,0.05,0.05,-1,-1,0.5,0.5,0.412306,0.301512
2,-1,1,0.1,0.1,-1,-1,0.5,0.5,0.412306,0.301512
2,-1,1,0.15,0.15,-1,-1,0.5,0.5,0.412306,0.301512
2,-1,1,0.2,0.2,-1,-1,0.5,0.5,0.412306,0.301512
2,-1,1,0.25,0.25,-1,-1,0.5,0.5,0.412306,0.301512
2,-1,1,0.3,0.3,-1,-1,0.5,0.5,0.412306,0.301512
2,-1,1,0.35,0.35,-1,-1,0.5,0.5,0.412306,0.301512
2,-1,1,0.4,0.4,-1,-1,0.5,0.5,0.412306,0.301512
2,-1,1,0.45,0.45,-1,-1,0.5,0.5,0.412306,0.301512
2,-1,1,0.5,0.5,-1,-1,0.5,0.5,0.412306,0.301512
2,-1,1,0.55,0.55,-1,-1,0.5,0.5,0.412306,0.301512
2,-1,1,0.6,0.6,-1,-1,0.5,0.5,0.412306,0.301512
2,-1,1,0.65,0.65,-1,-1,0.5,0.5,0.412306,0.301512
2,-1,1,0.7,0.7,-1,-1,0.5,0.5,0.412306,0.301512
2,-1,1,0.75,0.75,-1,-1,0.5,0.5,0.412306,0.301512
2,-1,1,0.8,0.8,-1,-1,0.5,0.5,0.412306,0.301512
2,-1,1,0.85,0.85,-1,-1,0.5,0.5,0.412306,0.301512
2,-1,1,0.9,0.9,-1,-1,0.5,0.5,0.412306,0.301512
2,-1,1,0.95,0.95,-1,-1,0.5,0.5,0.412306,0.301512
2,-1,1,1.0,1.0,-1,-1,0.5,0.5,0.412306,0.301512
2,-1,1,0.05,0.05,-1,-1,0.55,0.5,0.424746,0.271608
2,-1,1,0.1,0.1,-1,-1,0.55,0.5,0.434628,0.255539
2,-1,1,0.15,0.15,-1,-1,0.55,0.5,0.442443,0.246544
2,-1,1,0.2,0.2,-1,-1,0.55,0.5,0.448085,0.240398
2,-1,1,0.25,0.25,-1,-1,0.55,0.5,0.453972,0.235626
2,-1,1,0.3,0.3,-1,-1,0.55,0.5,0.458703,0.232982
2,-1,1,0.35,0.35,-1,-1,0.55,0.5,0.462067,0.230373
2,-1,1,0.4,0.4,-1,-1,0.55,0.5,0.465921,0.228485
2,-1,1,0.45,0.45,-1,-1,0.55,0.5,0.46876,0.226837
2,-1,1,0.5,0.5,-1,-1,0.55,0.5,0.472054,0.225772
2,-1,1,0.55,0.55,-1,-1,0.55,0.5,0.474507,0.224811
2,-1,1,0.6,0.6,-1,-1,0.55,0.5,0.477065,0.224262
2,-1,1,0.65,0.65,-1,-1,0.55,0.5,0.479518,0.223953
2,-1,1,0.7,0.7,-1,-1,0.55,0.5,0.48127,0.223438
2,-1,1,0.75,0.75,-1,-1,0.55,0.5,0.483338,0.223129
2,-1,1,0.8,0.8,-1,-1,0.55,0.5,0.484739,0.222579
2,-1,1,0.85,0.85,-1,-1,0.55,0.5,0.486561,0.222339
2,-1,1,0.9,0.9,-1,-1,0.55,0.5,0.488209,0.222202
2,-1,1,0.95,0.95,-1,-1,0.55,0.5,0.490626,0.222064
2,-1,1,1.0,1.0,-1,-1,0.55,0.5,0.496023,0.22203
2,-1,1,0.05,0.05,-1,-1,0.6,0.5,0.437311,0.247066
2,-1,1,0.1,0.1,-1,-1,0.6,0.5,0.457174,0.217812
2,-1,1,0.15,0.15,-1,-1,0.6,0.5,0.472881,0.201435
2,-1,1,0.2,0.2,-1,-1,0.6,0.5,0.484221,0.190246
2,-1,1,0.25,0.25,-1,-1,0.6,0.5,0.496055,0.181557
2,-1,1,0.3,0.3,-1,-1,0.6,0.5,0.505564,0.176743
2,-1,1,0.35,0.35,-1,-1,0.6,0.5,0.512325,0.171993
2,-1,1,0.4,0.4,-1,-1,0.6,0.5,0.520073,0.168555
2,-1,1,0.45,0.45,-1,-1,0.6,0.5,0.525779,0.165554
2,-1,1,0.5,0.5,-1,-1,0.6,0.5,0.5324,0.163616
2,-1,1,0.55,0.55,-1,-1,0.6,0.5,0.53733,0.161866
2,-1,1,0.6,0.6,-1,-1,0.6,0.5,0.542472,0.160866
2,-1,1,0.65,0.65,-1,-1,0.6,0.5,0.547403,0.160304
2,-1,1,0.7,0.7,-1,-1,0.6,0.5,0.550924,0.159366
2,-1,1,0.75,0.75,-1,-1,0.6,0.5,0.55508,0.158803
2,-1,1,0.8,0.8,-1,-1,0.6,0.5,0.557898,0.157803
2,-1,1,0.85,0.85,-1,-1,0.6,0.5,0.56156,0.157366
2,-1,1,0.9,0.9,-1,-1,0.6,0.5,0.564871,0.157116
2,-1,1,0.95,0.95,-1,-1,0.6,0.5,0.569731,0.156866
2,-1,1,1.0,1.0,-1,-1,0.6,0.5,0.580578,0.156803
2,-1,1,0.05,0.05,-1,-1,0.65,0.5,0.448818,0.229351
2,-1,1,0.1,0.1,-1,-1,0.65,0.5,0.477822,0.190579
2,-1,1,0.15,0.15,-1,-1,0.65,0.5,0.500757,0.168872
2,-1,1,0.2,0.2,-1,-1,0.65,0.5,0.517316,0.154043
2,-1,1,0.25,0.25,-1,-1,0.65,0.5,0.534595,0.142527
2,-1,1,0.3,0.3,-1,-1,0.65,0.5,0.54848,0.136148
2,-1,1,0.35,0.35,-1,-1,0.65,0.5,0.558354,0.129851
2,-1,1,0.4,0.4,-1,-1,0.65,0.5,0.569667,0.125295
2,-1,1,0.45,0.45,-1,-1,0.65,0.5,0.577998,0.121318
2,-1,1,0.5,0.5,-1,-1,0.65,0.5,0.587666,0.118749
2,-1,1,0.55,0.55,-1,-1,0.65,0.5,0.594866,0.11643
2,-1,1,0.6,0.6,-1,-1,0.65,0.5,0.602374,0.115104
2,-1,1,0.65,0.65,-1,-1,0.65,0.5,0.609573,0.114358
2,-1,1,0.7,0.7,-1,-1,0.65,0.5,0.614716,0.113116
2,-1,1,0.75,0.75,-1,-1,0.65,0.5,0.620784,0.11237
2,-1,1,0.8,0.8,-1,-1,0.65,0.5,0.624898,0.111044
2,-1,1,0.85,0.85,-1,-1,0.65,0.5,0.630246,0.110465
2,-1,1,0.9,0.9,-1,-1,0.65,0.5,0.63508,0.110133
2,-1,1,0.95,0.95,-1,-1,0.65,0.5,0.642177,0.109802
2,-1,1,1.0,1.0,-1,-1,0.65,0.5,0.658016,0.109719
2,-1,1,0.05,0.05,-1,-1,0.7,0.5,0.459952,0.215537
2,-1,1,0.1,0.1,-1,-1,0.7,0.5,0.4978,0.169341
2,-1,1,0.15,0.15,-1,-1,0.7,0.5,0.52773,0.14348
2,-1,1,0.2,0.2,-1,-1,0.7,0.5,0.549338,0.125811
2,-1,1,0.25,0.25,-1,-1,0.7,0.5,0.571886,0.11209
2,-1,1,0.3,0.3,-1,-1,0.7,0.5,0.590005,0.10449
2,-1,1,0.35,0.35,-1,-1,0.7,0.5,0.60289,0.096988
2,-1,1,0.4,0.4,-1,-1,0.7,0.5,0.617653,0.091559
2,-1,1,0.45,0.45,-1,-1,0.7,0.5,0.628525,0.086821
2,-1,1,0.5,0.5,-1,-1,0.7,0.5,0.641141,0.083761
2,-1,1,0.55,0.55,-1,-1,0.7,0.5,0.650536,0.080997
2,-1,1,0.6,0.6,-1,-1,0.7,0.5,0.660333,0.079418
2,-1,1,0.65,0.65,-1,-1,0.7,0.5,0.669728,0.07853
2,-1,1,0.7,0.7,-1,-1,0.7,0.5,0.676439,0.077049
2,-1,1,0.75,0.75,-1,-1,0.7,0.5,0.684358,0.076161
2,-1,1,0.8,0.8,-1,-1,0.7,0.5,0.689726,0.074581
2,-1,1,0.85,0.85,-1,-1,0.7,0.5,0.696705,0.07389
2,-1,1,0.9,0.9,-1,-1,0.7,0.5,0.703013,0.073496
2,-1,1,0.95,0.95,-1,-1,0.7,0.5,0.712274,0.073101
2,-1,1,1.0,1.0,-1,-1,0.7,0.5,0.732943,0.073002
2,-1,1,0.05,0.05,-1,-1,0.75,0.5,0.467914,0.206111
2,-1,1,0.1,0.1,-1,-1,0.75,0.5,0.512087,0.15485
2,-1,1,0.15,0.15,-1,-1,0.75,0.5,0.547017,0.126153
2,-1,1,0.2,0.2,-1,-1,0.75,0.5,0.572237,0.106547
2,-1,1,0.25,0.25,-1,-1,0.75,0.5,0.598553,0.091322
2,-1,1,0.3,0.3,-1,-1,0.75,0.5,0.619699,0.082888
2,-1,1,0.35,0.35,-1,-1,0.75,0.5,0.634737,0.074564
2,-1,1,0.4,0.4,-1,-1,0.75,0.5,0.651967,0.06854
2,-1,1,0.45,0.45,-1,-1,0.75,0.5,0.664655,0.063282
2,-1,1,0.5,0.5,-1,-1,0.75,0.5,0.679379,0.059887
2,-1,1,0.55,0.55,-1,-1,0.75,0.5,0.690344,0.05682
2,-1,1,0.6,0.6,-1,-1,0.75,0.5,0.701779,0.055068
2,-1,1,0.65,0.65,-1,-1,0.75,0.5,0.712744,0.054082
2,-1,1,0.7,0.7,-1,-1,0.75,0.5,0.720576,0.052439
2,-1,1,0.75,0.75,-1,-1,0.75,0.5,0.729818,0.051453
2,-1,1,0.8,0.8,-1,-1,0.75,0.5,0.736084,0.0497
2,-1,1,0.85,0.85,-1,-1,0.75,0.5,0.744229,0.048934
2,-1,1,0.9,0.9,-1,-1,0.75,0.5,0.751591,0.048496
2,-1,1,0.95,0.95,-1,-1,0.75,0.5,0.762399,0.048058
2,-1,1,1.0,1.0,-1,-1,0.75,0.5,0.786522,0.047948
2,-1,1,0.05,0.05,-1,-1,0.8,0.5,0.476062,0.196034
2,-1,1,0.1,0.1,-1,-1,0.8,0.5,0.526707,0.139359
2,-1,1,0.15,0.15,-1,-1,0.8,0.5,0.566757,0.107631
2,-1,1,0.2,0.2,-1,-1,0.8,0.5,0.595671,0.085955
2,-1,1,0.25,0.25,-1,-1,0.8,0.5,0.625843,0.069121
2,-1,1,0.3,0.3,-1,-1,0.8,0.5,0.650089,0.059797
2,-1,1,0.35,0.35,-1,-1,0.8,0.5,0.667329,0.050593
2,-1,1,0.4,0.4,-1,-1,0.8,0.5,0.687085,0.043933
2,-1,1,0.45,0.45,-1,-1,0.8,0.5,0.701632,0.03812
2,-1,1,0.5,0.5,-1,-1,0.8,0.5,0.718514,0.034366
2,-1,1,0.55,0.55,-1,-1,0.8,0.5,0.731085,0.030975
2,-1,1,0.6,0.6,-1,-1,0.8,0.5,0.744195,0.029038
2,-1,1,0.65,0.65,-1,-1,0.8,0.5,0.756767,0.027948
2,-1,1,0.7,0.7,-1,-1,0.8,0.5,0.765747,0.026131
2,-1,1,0.75,0.75,-1,-1,0.8,0.5,0.776343,0.025041
2,-1,1,0.8,0.8,-1,-1,0.8,0.5,0.783527,0.023103
2,-1,1,0.85,0.85,-1,-1,0.8,0.5,0.792866,0.022256
2,-1,1,0.9,0.9,-1,-1,0.8,0.5,0.801307,0.021772
2,-1,1,0.95,0.95,-1,-1,0.8,0.5,0.813699,0.021287
2,-1,1,1.0,1.0,-1,-1,0.8,0.5,0.841356,0.021166
2,-1,1,0.05,0.05,-1,-1,0.85,0.5,0.481847,0.192296
2,-1,1,0.1,0.1,-1,-1,0.85,0.5,0.537087,0.133613
2,-1,1,0.15,0.15,-1,-1,0.85,0.5,0.58077,0.10076
2,-1,1,0.2,0.2,-1,-1,0.85,0.5,0.612309,0.078316
2,-1,1,0.25,0.25,-1,-1,0.85,0.5,0.645218,0.060886
2,-1,1,0.3,0.3,-1,-1,0.85,0.5,0.671663,0.051231
2,-1,1,0.35,0.35,-1,-1,0.85,0.5,0.690469,0.041701
2,-1,1,0.4,0.4,-1,-1,0.85,0.5,0.712016,0.034805
2,-1,1,0.45,0.45,-1,-1,0.85,0.5,0.727883,0.028786
2,-1,1,0.5,0.5,-1,-1,0.85,0.5,0.746297,0.024899
2,-1,1,0.55,0.55,-1,-1,0.85,0.5,0.760009,0.021388
2,-1,1,0.6,0.6,-1,-1,0.85,0.5,0.774309,0.019382
2,-1,1,0.65,0.65,-1,-1,0.85,0.5,0.788021,0.018253
2,-1,1,0.7,0.7,-1,-1,0.85,0.5,0.797816,0.016372
2,-1,1,0.75,0.75,-1,-1,0.85,0.5,0.809373,0.015244
2,-1,1,0.8,0.8,-1,-1,0.85,0.5,0.817209,0.013237
2,-1,1,0.85,0.85,-1,-1,0.85,0.5,0.827395,0.01236
2,-1,1,0.9,0.9,-1,-1,0.85,0.5,0.836602,0.011858
2,-1,1,0.95,0.95,-1,-1,0.85,0.5,0.850118,0.011356
2,-1,1,1.0,1.0,-1,-1,0.85,0.5,0.880285,0.011231
2,-1,1,0.05,0.05,-1,-1,0.9,0.5,0.488129,0.190021
2,-1,1,0.1,0.1,-1,-1,0.9,0.5,0.54836,0.130115
2,-1,1,0.15,0.15,-1,-1,0.9,0.5,0.595989,0.096578
2,-1,1,0.2,0.2,-1,-1,0.9,0.5,0.630377,0.073666
2,-1,1,0.25,0.25,-1,-1,0.9,0.5,0.666259,0.055873
2,-1,1,0.3,0.3,-1,-1,0.9,0.5,0.695093,0.046017
2,-1,1,0.35,0.35,-1,-1,0.9,0.5,0.715598,0.036289
2,-1,1,0.4,0.4,-1,-1,0.9,0.5,0.739092,0.029249
2,-1,1,0.45,0.45,-1,-1,0.9,0.5,0.756393,0.023104
2,-1,1,0.5,0.5,-1,-1,0.9,0.5,0.77647,0.019136
2,-1,1,0.55,0.55,-1,-1,0.9,0.5,0.791421,0.015552
2,-1,1,0.6,0.6,-1,-1,0.9,0.5,0.807012,0.013504
2,-1,1,0.65,0.65,-1,-1,0.9,0.5,0.821963,0.012352
2,-1,1,0.7,0.7,-1,-1,0.9,0.5,0.832643,0.010432
2,-1,1,0.75,0.75,-1,-1,0.9,0.5,0.845244,0.00928
2,-1,1,0.8,0.8,-1,-1,0.9,0.5,0.853788,0.007232
2,-1,1,0.85,0.85,-1,-1,0.9,0.5,0.864894,0.006336
2,-1,1,0.9,0.9,-1,-1,0.9,0.5,0.874933,0.005824
2,-1,1,0.95,0.95,-1,-1,0.9,0.5,0.88967,0.005312
2,-1,1,1.0,1.0,-1,-1,0.9,0.5,0.922562,0.005184
2,-1,1,0.05,0.05,-1,-1,0.95,0.5,0.4941,0.188558
2,-1,1,0.1,0.1,-1,-1,0.95,0.5,0.559075,0.127866
2,-1,1,0.15,0.15,-1,-1,0.95,0.5,0.610455,0.09389
2,-1,1,0.2,0.2,-1,-1,0.95,0.5,0.64755,0.070677
2,-1,1,0.25,0.25,-1,-1,0.95,0.5,0.686259,0.05265
2,-1,1,0.3,0.3,-1,-1,0.95,0.5,0.717364,0.042665
2,-1,1,0.35,0.35,-1,-1,0.95,0.5,0.739483,0.032809
2,-1,1,0.4,0.4,-1,-1,0.95,0.5,0.764827,0.025677
2,-1,1,0.45,0.45,-1,-1,0.95,0.5,0.78349,0.019452
2,-1,1,0.5,0.5,-1,-1,0.95,0.5,0.805148,0.015431
2,-1,1,0.55,0.55,-1,-1,0.95,0.5,0.821277,0.0118
2,-1,1,0.6,0.6,-1,-1,0.95,0.5,0.838096,0.009725
2,-1,1,0.65,0.65,-1,-1,0.95,0.5,0.854225,0.008558
2,-1,1,0.7,0.7,-1,-1,0.95,0.5,0.865745,0.006613
2,-1,1,0.75,0.75,-1,-1,0.95,0.5,0.879339,0.005446
2,-1,1,0.8,0.8,-1,-1,0.95,0.5,0.888555,0.003371
2,-1,1,0.85,0.85,-1,-1,0.95,0.5,0.900536,0.002463
2,-1,1,0.9,0.9,-1,-1,0.95,0.5,0.911366,0.001944
2,-1,1,0.95,0.95,-1,-1,0.95,0.5,0.927264,0.001426
2,-1,1,1.0,1.0,-1,-1,0.95,0.5,0.962746,0.001296
2,-1,1,0.05,0.05,-1,-1,1.0,0.5,0.499636,0.188071
2,-1,1,0.1,0.1,-1,-1,1.0,0.5,0.569008,0.127117
2,-1,1,0.15,0.15,-1,-1,1.0,0.5,0.623866,0.092993
2,-1,1,0.2,0.2,-1,-1,1.0,0.5,0.663472,0.06968
2,-1,1,0.25,0.25,-1,-1,1.0,0.5,0.7048,0.051576
2,-1,1,0.3,0.3,-1,-1,1.0,0.5,0.73801,0.041547
2,-1,1,0.35,0.35,-1,-1,1.0,0.5,0.761626,0.031649
2,-1,1,0.4,0.4,-1,-1,1.0,0.5,0.788686,0.024486
2,-1,1,0.45,0.45,-1,-1,1.0,0.5,0.808612,0.018234
2,-1,1,0.5,0.5,-1,-1,1.0,0.5,0.831736,0.014196
2,-1,1,0.55,0.55,-1,-1,1.0,0.5,0.848956,0.01055
2,-1,1,0.6,0.6,-1,-1,1.0,0.5,0.866914,0.008466
2,-1,1,0.65,0.65,-1,-1,1.0,0.5,0.884134,0.007294
2,-1,1,0.7,0.7,-1,-1,1.0,0.5,0.896434,0.00534
2,-1,1,0.75,0.75,-1,-1,1.0,0.5,0.910948,0.004168
2,-1,1,0.8,0.8,-1,-1,1.0,0.5,0.920788,0.002084
2,-1,1,0.85,0.85,-1,-1,1.0,0.5,0.93358,0.001172
2,-1,1,0.9,0.9,-1,-1,1.0,0.5,0.945142,0.000651
2,-1,1,0.95,0.95,-1,-1,1.0,0.5,0.962116,0.00013
2,-1,1,1.0,1.0,-1,-1,1.0,0.5,1.0,0.0
2,-1,1,0.05,0.05,-1,-1,0.55,0.55,0.496023,0.22203
2,-1,1,0.1,0.1,-1,-1,0.55,0.55,0.496023,0.22203
2,-1,1,0.15,0.15,-1,-1,0.55,0.55,0.496023,0.22203
2,-1,1,0.2,0.2,-1,-1,0.55,0.55,0.496023,0.22203
2,-1,1,0.25,0.25,-1,-1,0.55,0.55,0.496023,0.22203
2,-1,1,0.3,0.3,-1,-1,0.55,0.55,0.496023,0.22203
2,-1,1,0.35,0.35,-1,-1,0.55,0.55,0.496023,0.22203
2,-1,1,0.4,0.4,-1,-1,0.55,0.55,0.496023,0.22203
2,-1,1,0.45,0.45,-1,-1,0.55,0.55,0.496023,0.22203
2,-1,1,0.5,0.5,-1,-1,0.55,0.55,0.496023,0.22203
2,-1,1,0.55,0.55,-1,-1,0.55,0.55,0.496023,0.22203
2,-1,1,0.6,0.6,-1,-1,0.55,0.55,0.496023,0.22203
2,-1,1,0.65,0.65,-1,-1,0.55,0.55,0.496023,0.22203
2,-1,1,0.7,0.7,-1,-1,0.55,0.55,0.496023,0.22203
2,-1,1,0.75,0.75,-1,-1,0.55,0.55,0.496023,0.22203
2,-1,1,0.8,0.8,-1,-1,0.55,0.55,0.496023,0.22203
2,-1,1,0.85,0.85,-1,-1,0.55,0.55,0.496023,0.22203
2,-1,1,0.9,0.9,-1,-1,0.55,0.55,0.496023,0.22203
2,-1,1,0.95,0.95,-1,-1,0.55,0.55,0.496023,0.22203
2,-1,1,1.0,1.0,-1,-1,0.55,0.55,0.496023,0.22203
2,-1,1,0.05,0.05,-1,-1,0.6,0.55,0.508588,0.197489
2,-1,1,0.1,0.1,-1,-1,0.6,0.55,0.518569,0.184303
2,-1,1,0.15,0.15,-1,-1,0.6,0.55,0.526461,0.176921
2,-1,1,0.2,0.2,-1,-1,0.6,0.55,0.53216,0.171877
2,-1,1,0.25,0.25,-1,-1,0.6,0.55,0.538106,0.167961
2,-1,1,0.3,0.3,-1,-1,0.6,0.55,0.542884,0.165791
2,-1,1,0.35,0.35,-1,-1,0.6,0.55,0.546282,0.16365
2,-1,1,0.4,0.4,-1,-1,0.6,0.55,0.550175,0.1621
2,-1,1,0.45,0.45,-1,-1,0.6,0.55,0.553042,0.160748
2,-1,1,0.5,0.5,-1,-1,0.6,0.55,0.556369,0.159874
2,-1,1,0.55,0.55,-1,-1,0.6,0.55,0.558846,0.159085
2,-1,1,0.6,0.6,-1,-1,0.6,0.55,0.56143,0.158634
2,-1,1,0.65,0.65,-1,-1,0.6,0.55,0.563908,0.158381
2,-1,1,0.7,0.7,-1,-1,0.6,0.55,0.565677,0.157958
2,-1,1,0.75,0.75,-1,-1,0.6,0.55,0.567766,0.157705
2,-1,1,0.8,0.8,-1,-1,0.6,0.55,0.569181,0.157254
2,-1,1,0.85,0.85,-1,-1,0.6,0.55,0.571022,0.157057
2,-1,1,0.9,0.9,-1,-1,0.6,0.55,0.572685,0.156944
2,-1,1,0.95,0.95,-1,-1,0.6,0.55,0.575127,0.156831
2,-1,1,1.0,1.0,-1,-1,0.6,0.55,0.580578,0.156803
2,-1,1,0.05,0.05,-1,-1,0.65,0.55,0.520095,0.179774
2,-1,1,0.1,0.1,-1,-1,0.65,0.55,0.539217,0.157069
2,-1,1,0.15,0.15,-1,-1,0.65,0.55,0.554338,0.144358
2,-1,1,0.2,0.2,-1,-1,0.65,0.55,0.565255,0.135674
2,-1,1,0.25,0.25,-1,-1,0.65,0.55,0.576647,0.128931
2,-1,1,0.3,0.3,-1,-1,0.65,0.55,0.585801,0.125195
2,-1,1,0.35,0.35,-1,-1,0.65,0.55,0.59231,0.121508
2,-1,1,0.4,0.4,-1,-1,0.65,0.55,0.599769,0.11884
2,-1,1,0.45,0.45,-1,-1,0.65,0.55,0.605262,0.116511
2,-1,1,0.5,0.5,-1,-1,0.65,0.55,0.611635,0.115007
2,-1,1,0.55,0.55,-1,-1,0.65,0.55,0.616382,0.113649
2,-1,1,0.6,0.6,-1,-1,0.65,0.55,0.621332,0.112872
2,-1,1,0.65,0.65,-1,-1,0.65,0.55,0.626078,0.112436
2,-1,1,0.7,0.7,-1,-1,0.65,0.55,0.629469,0.111708
2,-1,1,0.75,0.75,-1,-1,0.65,0.55,0.63347,0.111271
2,-1,1,0.8,0.8,-1,-1,0.65,0.55,0.636182,0.110495
2,-1,1,0.85,0.85,-1,-1,0.65,0.55,0.639708,0.110156
2,-1,1,0.9,0.9,-1,-1,0.65,0.55,0.642895,0.109962
2,-1,1,0.95,0.95,-1,-1,0.65,0.55,0.647574,0.109768
2,-1,1,1.0,1.0,-1,-1,0.65,0.55,0.658016,0.109719
2,-1,1,0.05,0.05,-1,-1,0.7,0.55,0.531229,0.165959
2,-1,1,0.1,0.1,-1,-1,0.7,0.55,0.559195,0.135832
2,-1,1,0.15,0.15,-1,-1,0.7,0.55,0.58131,0.118966
2,-1,1,0.2,0.2,-1,-1,0.7,0.55,0.597277,0.107443
2,-1,1,0.25,0.25,-1,-1,0.7,0.55,0.613938,0.098494
2,-1,1,0.3,0.3,-1,-1,0.7,0.55,0.627326,0.093538
2,-1,1,0.35,0.35,-1,-1,0.7,0.55,0.636846,0.088645
2,-1,1,0.4,0.4,-1,-1,0.7,0.55,0.647755,0.085105
2,-1,1,0.45,0.45,-1,-1,0.7,0.55,0.655788,0.082014
2,-1,1,0.5,0.5,-1,-1,0.7,0.55,0.66511,0.080019
2,-1,1,0.55,0.55,-1,-1,0.7,0.55,0.672052,0.078216
2,-1,1,0.6,0.6,-1,-1,0.7,0.55,0.679291,0.077186
2,-1,1,0.65,0.65,-1,-1,0.7,0.55,0.686233,0.076607
2,-1,1,0.7,0.7,-1,-1,0.7,0.55,0.691192,0.075641
2,-1,1,0.75,0.75,-1,-1,0.7,0.55,0.697043,0.075062
2,-1,1,0.8,0.8,-1,-1,0.7,0.55,0.70101,0.074032
2,-1,1,0.85,0.85,-1,-1,0.7,0.55,0.706167,0.073581
2,-1,1,0.9,0.9,-1,-1,0.7,0.55,0.710828,0.073324
2,-1,1,0.95,0.95,-1,-1,0.7,0.55,0.717671,0.073066
2,-1,1,1.0,1.0,-1,-1,0.7,0.55,0.732943,0.073002
2,-1,1,0.05,0.05,-1,-1,0.75,0.55,0.539191,0.156533
2,-1,1,0.1,0.1,-1,-1,0.75,0.55,0.573481,0.121341
2,-1,1,0.15,0.15,-1,-1,0.75,0.55,0.600598,0.101639
2,-1,1,0.2,0.2,-1,-1,0.75,0.55,0.620175,0.088179
2,-1,1,0.25,0.25,-1,-1,0.75,0.55,0.640604,0.077726
2,-1,1,0.3,0.3,-1,-1,0.75,0.55,0.65702,0.071936
2,-1,1,0.35,0.35,-1,-1,0.75,0.55,0.668693,0.066221
2,-1,1,0.4,0.4,-1,-1,0.75,0.55,0.682069,0.062085
2,-1,1,0.45,0.45,-1,-1,0.75,0.55,0.691918,0.058476
2,-1,1,0.5,0.5,-1,-1,0.75,0.55,0.703349,0.056144
2,-1,1,0.55,0.55,-1,-1,0.75,0.55,0.711861,0.054039
2,-1,1,0.6,0.6,-1,-1,0.75,0.55,0.720737,0.052836
2,-1,1,0.65,0.65,-1,-1,0.75,0.55,0.729249,0.052159
2,-1,1,0.7,0.7,-1,-1,0.75,0.55,0.735329,0.051031
2,-1,1,0.75,0.75,-1,-1,0.75,0.55,0.742503,0.050354
2,-1,1,0.8,0.8,-1,-1,0.75,0.55,0.747367,0.049151
2,-1,1,0.85,0.85,-1,-1,0.75,0.55,0.75369,0.048625
2,-1,1,0.9,0.9,-1,-1,0.75,0.55,0.759406,0.048324
2,-1,1,0.95,0.95,-1,-1,0.75,0.55,0.767796,0.048023
2,-1,1,1.0,1.0,-1,-1,0.75,0.55,0.786522,0.047948
2,-1,1,0.05,0.05,-1,-1,0.8,0.55,0.547339,0.146457
2,-1,1,0.1,0.1,-1,-1,0.8,0.55,0.588102,0.10585
2,-1,1,0.15,0.15,-1,-1,0.8,0.55,0.620337,0.083117
2,-1,1,0.2,0.2,-1,-1,0.8,0.55,0.64361,0.067586
2,-1,1,0.25,0.25,-1,-1,0.8,0.55,0.667895,0.055525
2,-1,1,0.3,0.3,-1,-1,0.8,0.55,0.687409,0.048844
2,-1,1,0.35,0.35,-1,-1,0.8,0.55,0.701286,0.04225
2,-1,1,0.4,0.4,-1,-1,0.8,0.55,0.717186,0.037478
2,-1,1,0.45,0.45,-1,-1,0.8,0.55,0.728895,0.033313
2,-1,1,0.5,0.5,-1,-1,0.8,0.55,0.742483,0.030623
2,-1,1,0.55,0.55,-1,-1,0.8,0.55,0.752602,0.028194
2,-1,1,0.6,0.6,-1,-1,0.8,0.55,0.763154,0.026806
2,-1,1,0.65,0.65,-1,-1,0.8,0.55,0.773272,0.026025
2,-1,1,0.7,0.7,-1,-1,0.8,0.55,0.7805,0.024724
2,-1,1,0.75,0.75,-1,-1,0.8,0.55,0.789028,0.023943
2,-1,1,0.8,0.8,-1,-1,0.8,0.55,0.794811,0.022554
2,-1,1,0.85,0.85,-1,-1,0.8,0.55,0.802327,0.021947
2,-1,1,0.9,0.9,-1,-1,0.8,0.55,0.809121,0.0216
2,-1,1,0.95,0.95,-1,-1,0.8,0.55,0.819095,0.021253
2,-1,1,1.0,1.0,-1,-1,0.8,0.55,0.841356,0.021166
2,-1,1,0.05,0.05,-1,-1,0.85,0.55,0.553124,0.142719
2,-1,1,0.1,0.1,-1,-1,0.85,0.55,0.598482,0.100103
2,-1,1,0.15,0.15,-1,-1,0.85,0.55,0.634351,0.076246
2,-1,1,0.2,0.2,-1,-1,0.85,0.55,0.660247,0.059947
2,-1,1,0.25,0.25,-1,-1,0.85,0.55,0.687269,0.04729
2,-1,1,0.3,0.3,-1,-1,0.85,0.55,0.708984,0.040278
2,-1,1,0.35,0.35,-1,-1,0.85,0.55,0.724425,0.033358
2,-1,1,0.4,0.4,-1,-1,0.85,0.55,0.742118,0.02835
2,-1,1,0.45,0.45,-1,-1,0.85,0.55,0.755147,0.023979
2,-1,1,0.5,0.5,-1,-1,0.85,0.55,0.770266,0.021156
2,-1,1,0.55,0.55,-1,-1,0.85,0.55,0.781525,0.018607
2,-1,1,0.6,0.6,-1,-1,0.85,0.55,0.793267,0.01715
2,-1,1,0.65,0.65,-1,-1,0.85,0.55,0.804526,0.01633
2,-1,1,0.7,0.7,-1,-1,0.85,0.55,0.812569,0.014964
2,-1,1,0.75,0.75,-1,-1,0.85,0.55,0.822059,0.014145
2,-1,1,0.8,0.8,-1,-1,0.85,0.55,0.828493,0.012688
2,-1,1,0.85,0.85,-1,-1,0.85,0.55,0.836856,0.012051
2,-1,1,0.9,0.9,-1,-1,0.85,0.55,0.844416,0.011686
2,-1,1,0.95,0.95,-1,-1,0.85,0.55,0.855515,0.011322
2,-1,1,1.0,1.0,-1,-1,0.85,0.55,0.880285,0.011231
2,-1,1,0.05,0.05,-1,-1,0.9,0.55,0.559406,0.140443
2,-1,1,0.1,0.1,-1,-1,0.9,0.55,0.609755,0.096606
2,-1,1,0.15,0.15,-1,-1,0.9,0.55,0.64957,0.072064
2,-1,1,0.2,0.2,-1,-1,0.9,0.55,0.678315,0.055298
2,-1,1,0.25,0.25,-1,-1,0.9,0.55,0.708311,0.042277
2,-1,1,0.3,0.3,-1,-1,0.9,0.55,0.732414,0.035065
2,-1,1,0.35,0.35,-1,-1,0.9,0.55,0.749554,0.027946
2,-1,1,0.4,0.4,-1,-1,0.9,0.55,0.769194,0.022794
2,-1,1,0.45,0.45,-1,-1,0.9,0.55,0.783656,0.018298
2,-1,1,0.5,0.5,-1,-1,0.9,0.55,0.800439,0.015394
2,-1,1,0.55,0.55,-1,-1,0.9,0.55,0.812937,0.012771
2,-1,1,0.6,0.6,-1,-1,0.9,0.55,0.82597,0.011273
2,-1,1,0.65,0.65,-1,-1,0.9,0.55,0.838468,0.01043
2,-1,1,0.7,0.7,-1,-1,0.9,0.55,0.847396,0.009025
2,-1,1,0.75,0.75,-1,-1,0.9,0.55,0.857929,0.008181
2,-1,1,0.8,0.8,-1,-1,0.9,0.55,0.865071,0.006683
2,-1,1,0.85,0.85,-1,-1,0.9,0.55,0.874355,0.006027
2,-1,1,0.9,0.9,-1,-1,0.9,0.55,0.882747,0.005652
2,-1,1,0.95,0.95,-1,-1,0.9,0.55,0.895066,0.005278
2,-1,1,1.0,1.0,-1,-1,0.9,0.55,0.922562,0.005184
2,-1,1,0.05,0.05,-1,-1,0.95,0.55,0.565377,0.138981
2,-1,1,0.1,0.1,-1,-1,0.95,0.55,0.62047,0.094357
2,-1,1,0.15,0.15,-1,-1,0.95,0.55,0.664035,0.069375
2,-1,1,0.2,0.2,-1,-1,0.95,0.55,0.695489,0.052308
2,-1,1,0.25,0.25,-1,-1,0.95,0.55,0.72831,0.039054
2,-1,1,0.3,0.3,-1,-1,0.95,0.55,0.754684,0.031712
2,-1,1,0.35,0.35,-1,-1,0.95,0.55,0.773439,0.024466
2,-1,1,0.4,0.4,-1,-1,0.95,0.55,0.794929,0.019222
2,-1,1,0.45,0.45,-1,-1,0.95,0.55,0.810753,0.014645
2,-1,1,0.5,0.5,-1,-1,0.95,0.55,0.829118,0.011689
2,-1,1,0.55,0.55,-1,-1,0.95,0.55,0.842793,0.009019
2,-1,1,0.6,0.6,-1,-1,0.95,0.55,0.857054,0.007494
2,-1,1,0.65,0.65,-1,-1,0.95,0.55,0.87073,0.006636
2,-1,1,0.7,0.7,-1,-1,0.95,0.55,0.880498,0.005205
2,-1,1,0.75,0.75,-1,-1,0.95,0.55,0.892024,0.004347
2,-1,1,0.8,0.8,-1,-1,0.95,0.55,0.899839,0.002821
2,-1,1,0.85,0.85,-1,-1,0.95,0.55,0.909998,0.002154
2,-1,1,0.9,0.9,-1,-1,0.95,0.55,0.91918,0.001773
2,-1,1,0.95,0.95,-1,-1,0.95,0.55,0.93266,0.001391
2,-1,1,1.0,1.0,-1,-1,0.95,0.55,0.962746,0.001296
2,-1,1,0.05,0.05,-1,-1,1.0,0.55,0.570913,0.138493
2,-1,1,0.1,0.1,-1,-1,1.0,0.55,0.630403,0.093607
2,-1,1,0.15,0.15,-1,-1,1.0,0.55,0.677446,0.068479
2,-1,1,0.2,0.2,-1,-1,1.0,0.55,0.71141,0.051312
2,-1,1,0.25,0.25,-1,-1,1.0,0.55,0.746851,0.03798
2,-1,1,0.3,0.3,-1,-1,1.0,0.55,0.775331,0.030595
2,-1,1,0.35,0.35,-1,-1,1.0,0.55,0.795582,0.023306
2,-1,1,0.4,0.4,-1,-1,1.0,0.55,0.818788,0.018031
2,-1,1,0.45,0.45,-1,-1,1.0,0.55,0.835875,0.013427
2,-1,1,0.5,0.5,-1,-1,1.0,0.55,0.855705,0.010454
2,-1,1,0.55,0.55,-1,-1,1.0,0.55,0.870472,0.007769
2,-1,1,0.6,0.6,-1,-1,1.0,0.55,0.885872,0.006234
2,-1,1,0.65,0.65,-1,-1,1.0,0.55,0.900639,0.005371
2,-1,1,0.7,0.7,-1,-1,1.0,0.55,0.911187,0.003932
2,-1,1,0.75,0.75,-1,-1,1.0,0.55,0.923633,0.003069
2,-1,1,0.8,0.8,-1,-1,1.0,0.55,0.932072,0.001534
2,-1,1,0.85,0.85,-1,-1,1.0,0.55,0.943042,0.000863
2,-1,1,0.9,0.9,-1,-1,1.0,0.55,0.952957,0.00048
2,-1,1,0.95,0.95,-1,-1,1.0,0.55,0.967513,9.6e-05
2,-1,1,1.0,1.0,-1,-1,1.0,0.55,1.0,0.0
2,-1,1,0.05,0.05,-1,-1,0.6,0.6,0.580578,0.156803
2,-1,1,0.1,0.1,-1,-1,0.6,0.6,0.580578,0.156803
2,-1,1,0.15,0.15,-1,-1,0.6,0.6,0.580578,0.156803
2,-1,1,0.2,0.2,-1,-1,0.6,0.6,0.580578,0.156803
2,-1,1,0.25,0.25,-1,-1,0.6,0.6,0.580578,0.156803
2,-1,1,0.3,0.3,-1,-1,0.6,0.6,0.580578,0.156803
2,-1,1,0.35,0.35,-1,-1,0.6,0.6,0.580578,0.156803
2,-1,1,0.4,0.4,-1,-1,0.6,0.6,0.580578,0.156803
2,-1,1,0.45,0.45,-1,-1,0.6,0.6,0.580578,0.156803
2,-1,1,0.5,0.5,-1,-1,0.6,0.6,0.580578,0.156803
2,-1,1,0.55,0.55,-1,-1,0.6,0.6,0.580578,0.156803
2,-1,1,0.6,0.6,-1,-1,0.6,0.6,0.580578,0.156803
2,-1,1,0.65,0.65,-1,-1,0.6,0.6,0.580578,0.156803
2,-1,1,0.7,0.7,-1,-1,0.6,0.6,0.580578,0.156803
2,-1,1,0.75,0.75,-1,-1,0.6,0.6,0.580578,0.156803
2,-1,1,0.8,0.8,-1,-1,0.6,0.6,0.580578,0.156803
2,-1,1,0.85,0.85,-1,-1,0.6,0.6,0.580578,0.156803
2,-1,1,0.9,0.9,-1,-1,0.6,0.6,0.580578,0.156803
2,-1,1,0.95,0.95,-1,-1,0.6,0.6,0.580578,0.156803
2,-1,1,1.0,1.0,-1,-1,0.6,0.6,0.580578,0.156803
2,-1,1,0.05,0.05,-1,-1,0.65,0.6,0.592085,0.139088
2,-1,1,0.1,0.1,-1,-1,0.65,0.6,0.601226,0.12957
2,-1,1,0.15,0.15,-1,-1,0.65,0.6,0.608454,0.124241
2,-1,1,0.2,0.2,-1,-1,0.65,0.6,0.613673,0.1206
2,-1,1,0.25,0.25,-1,-1,0.65,0.6,0.619119,0.117773
2,-1,1,0.3,0.3,-1,-1,0.65,0.6,0.623495,0.116207
2,-1,1,0.35,0.35,-1,-1,0.65,0.6,0.626606,0.114661
2,-1,1,0.4,0.4,-1,-1,0.65,0.6,0.630172,0.113543
2,-1,1,0.45,0.45,-1,-1,0.65,0.6,0.632798,0.112566
2,-1,1,0.5,0.5,-1,-1,0.65,0.6,0.635845,0.111936
2,-1,1,0.55,0.55,-1,-1,0.65,0.6,0.638114,0.111366
2,-1,1,0.6,0.6,-1,-1,0.65,0.6,0.64048,0.111041
2,-1,1,0.65,0.65,-1,-1,0.65,0.6,0.642749,0.110858
2,-1,1,0.7,0.7,-1,-1,0.65,0.6,0.64437,0.110553
2,-1,1,0.75,0.75,-1,-1,0.65,0.6,0.646282,0.11037
2,-1,1,0.8,0.8,-1,-1,0.65,0.6,0.647579,0.110044
2,-1,1,0.85,0.85,-1,-1,0.65,0.6,0.649264,0.109902
2,-1,1,0.9,0.9,-1,-1,0.65,0.6,0.650788,0.109821
2,-1,1,0.95,0.95,-1,-1,0.65,0.6,0.653024,0.109739
2,-1,1,1.0,1.0,-1,-1,0.65,0.6,0.658016,0.109719
2,-1,1,0.05,0.05,-1,-1,0.7,0.6,0.603219,0.125274
2,-1,1,0.1,0.1,-1,-1,0.7,0.6,0.621204,0.108332
2,-1,1,0.15,0.15,-1,-1,0.7,0.6,0.635427,0.098848
2,-1,1,0.2,0.2,-1,-1,0.7,0.6,0.645695,0.092369
2,-1,1,0.25,0.25,-1,-1,0.7,0.6,0.65641,0.087337
2,-1,1,0.3,0.3,-1,-1,0.7,0.6,0.66502,0.08455
2,-1,1,0.35,0.35,-1,-1,0.7,0.6,0.671142,0.081798
2,-1,1,0.4,0.4,-1,-1,0.7,0.6,0.678158,0.079807
2,-1,1,0.45,0.45,-1,-1,0.7,0.6,0.683324,0.07807
2,-1,1,0.5,0.5,-1,-1,0.7,0.6,0.689319,0.076948
2,-1,1,0.55,0.55,-1,-1,0.7,0.6,0.693784,0.075934
2,-1,1,0.6,0.6,-1,-1,0.7,0.6,0.698439,0.075355
2,-1,1,0.65,0.65,-1,-1,0.7,0.6,0.702904,0.075029
2,-1,1,0.7,0.7,-1,-1,0.7,0.6,0.706093,0.074486
2,-1,1,0.75,0.75,-1,-1,0.7,0.6,0.709855,0.07416
2,-1,1,0.8,0.8,-1,-1,0.7,0.6,0.712407,0.073581
2,-1,1,0.85,0.85,-1,-1,0.7,0.6,0.715723,0.073328
2,-1,1,0.9,0.9,-1,-1,0.7,0.6,0.718721,0.073183
2,-1,1,0.95,0.95,-1,-1,0.7,0.6,0.723121,0.073038
2,-1,1,1.0,1.0,-1,-1,0.7,0.6,0.732943,0.073002
2,-1,1,0.05,0.05,-1,-1,0.75,0.6,0.611181,0.115847
2,-1,1,0.1,0.1,-1,-1,0.75,0.6,0.635491,0.093841
2,-1,1,0.15,0.15,-1,-1,0.75,0.6,0.654714,0.081521
2,-1,1,0.2,0.2,-1,-1,0.75,0.6,0.668593,0.073105
2,-1,1,0.25,0.25,-1,-1,0.75,0.6,0.683076,0.066569
2,-1,1,0.3,0.3,-1,-1,0.75,0.6,0.694714,0.062948
2,-1,1,0.35,0.35,-1,-1,0.75,0.6,0.702989,0.059374
2,-1,1,0.4,0.4,-1,-1,0.75,0.6,0.712472,0.056788
2,-1,1,0.45,0.45,-1,-1,0.75,0.6,0.719454,0.054531
2,-1,1,0.5,0.5,-1,-1,0.75,0.6,0.727558,0.053073
2,-1,1,0.55,0.55,-1,-1,0.75,0.6,0.733592,0.051757
2,-1,1,0.6,0.6,-1,-1,0.75,0.6,0.739885,0.051004
2,-1,1,0.65,0.65,-1,-1,0.75,0.6,0.745919,0.050581
2,-1,1,0.7,0.7,-1,-1,0.75,0.6,0.75023,0.049876
2,-1,1,0.75,0.75,-1,-1,0.75,0.6,0.755316,0.049453
2,-1,1,0.8,0.8,-1,-1,0.75,0.6,0.758764,0.0487
2,-1,1,0.85,0.85,-1,-1,0.75,0.6,0.763247,0.048371
2,-1,1,0.9,0.9,-1,-1,0.75,0.6,0.767298,0.048183
2,-1,1,0.95,0.95,-1,-1,0.75,0.6,0.773246,0.047995
2,-1,1,1.0,1.0,-1,-1,0.75,0.6,0.786522,0.047948
2,-1,1,0.05,0.05,-1,-1,0.8,0.6,0.619329,0.105771
2,-1,1,0.1,0.1,-1,-1,0.8,0.6,0.650112,0.07835
2,-1,1,0.15,0.15,-1,-1,0.8,0.6,0.674454,0.063
2,-1,1,0.2,0.2,-1,-1,0.8,0.6,0.692028,0.052512
2,-1,1,0.25,0.25,-1,-1,0.8,0.6,0.710367,0.044368
2,-1,1,0.3,0.3,-1,-1,0.8,0.6,0.725103,0.039856
2,-1,1,0.35,0.35,-1,-1,0.8,0.6,0.735582,0.035404
2,-1,1,0.4,0.4,-1,-1,0.8,0.6,0.747589,0.032181
2,-1,1,0.45,0.45,-1,-1,0.8,0.6,0.756431,0.029369
2,-1,1,0.5,0.5,-1,-1,0.8,0.6,0.766692,0.027552
2,-1,1,0.55,0.55,-1,-1,0.8,0.6,0.774333,0.025912
2,-1,1,0.6,0.6,-1,-1,0.8,0.6,0.782302,0.024974
2,-1,1,0.65,0.65,-1,-1,0.8,0.6,0.789943,0.024447
2,-1,1,0.7,0.7,-1,-1,0.8,0.6,0.795401,0.023568
2,-1,1,0.75,0.75,-1,-1,0.8,0.6,0.801841,0.023041
2,-1,1,0.8,0.8,-1,-1,0.8,0.6,0.806207,0.022103
2,-1,1,0.85,0.85,-1,-1,0.8,0.6,0.811883,0.021693
2,-1,1,0.9,0.9,-1,-1,0.8,0.6,0.817014,0.021459
2,-1,1,0.95,0.95,-1,-1,0.8,0.6,0.824546,0.021225
2,-1,1,1.0,1.0,-1,-1,0.8,0.6,0.841356,0.021166
2,-1,1,0.05,0.05,-1,-1,0.85,0.6,0.625114,0.102033
2,-1,1,0.1,0.1,-1,-1,0.85,0.6,0.660492,0.072604
2,-1,1,0.15,0.15,-1,-1,0.85,0.6,0.688467,0.056129
2,-1,1,0.2,0.2,-1,-1,0.85,0.6,0.708665,0.044873
2,-1,1,0.25,0.25,-1,-1,0.85,0.6,0.729742,0.036132
2,-1,1,0.3,0.3,-1,-1,0.85,0.6,0.746678,0.03129
2,-1,1,0.35,0.35,-1,-1,0.85,0.6,0.758721,0.026511
2,-1,1,0.4,0.4,-1,-1,0.85,0.6,0.772521,0.023053
2,-1,1,0.45,0.45,-1,-1,0.85,0.6,0.782683,0.020034
2,-1,1,0.5,0.5,-1,-1,0.85,0.6,0.794475,0.018085
2,-1,1,0.55,0.55,-1,-1,0.85,0.6,0.803257,0.016324
2,-1,1,0.6,0.6,-1,-1,0.85,0.6,0.812415,0.015318
2,-1,1,0.65,0.65,-1,-1,0.85,0.6,0.821197,0.014752
2,-1,1,0.7,0.7,-1,-1,0.85,0.6,0.827469,0.013809
2,-1,1,0.75,0.75,-1,-1,0.85,0.6,0.834871,0.013243
2,-1,1,0.8,0.8,-1,-1,0.85,0.6,0.839889,0.012237
2,-1,1,0.85,0.85,-1,-1,0.85,0.6,0.846413,0.011797
2,-1,1,0.9,0.9,-1,-1,0.85,0.6,0.852309,0.011545
2,-1,1,0.95,0.95,-1,-1,0.85,0.6,0.860965,0.011294
2,-1,1,1.0,1.0,-1,-1,0.85,0.6,0.880285,0.011231
2,-1,1,0.05,0.05,-1,-1,0.9,0.6,0.631396,0.099758
2,-1,1,0.1,0.1,-1,-1,0.9,0.6,0.671764,0.069106
2,-1,1,0.15,0.15,-1,-1,0.9,0.6,0.703686,0.051947
2,-1,1,0.2,0.2,-1,-1,0.9,0.6,0.726733,0.040223
2,-1,1,0.25,0.25,-1,-1,0.9,0.6,0.750783,0.03112
2,-1,1,0.3,0.3,-1,-1,0.9,0.6,0.770108,0.026077
2,-1,1,0.35,0.35,-1,-1,0.9,0.6,0.78385,0.021099
2,-1,1,0.4,0.4,-1,-1,0.9,0.6,0.799597,0.017497
2,-1,1,0.45,0.45,-1,-1,0.9,0.6,0.811192,0.014353
2,-1,1,0.5,0.5,-1,-1,0.9,0.6,0.824648,0.012323
2,-1,1,0.55,0.55,-1,-1,0.9,0.6,0.834668,0.010489
2,-1,1,0.6,0.6,-1,-1,0.9,0.6,0.845118,0.009441
2,-1,1,0.65,0.65,-1,-1,0.9,0.6,0.855138,0.008852
2,-1,1,0.7,0.7,-1,-1,0.9,0.6,0.862296,0.007869
2,-1,1,0.75,0.75,-1,-1,0.9,0.6,0.870742,0.00728
2,-1,1,0.8,0.8,-1,-1,0.9,0.6,0.876468,0.006232
2,-1,1,0.85,0.85,-1,-1,0.9,0.6,0.883912,0.005773
2,-1,1,0.9,0.9,-1,-1,0.9,0.6,0.89064,0.005511
2,-1,1,0.95,0.95,-1,-1,0.9,0.6,0.900517,0.005249
2,-1,1,1.0,1.0,-1,-1,0.9,0.6,0.922562,0.005184
2,-1,1,0.05,0.05,-1,-1,0.95,0.6,0.637367,0.098295
2,-1,1,0.1,0.1,-1,-1,0.95,0.6,0.682479,0.066857
2,-1,1,0.15,0.15,-1,-1,0.95,0.6,0.718152,0.049258
2,-1,1,0.2,0.2,-1,-1,0.95,0.6,0.743907,0.037234
2,-1,1,0.25,0.25,-1,-1,0.95,0.6,0.770782,0.027897
2,-1,1,0.3,0.3,-1,-1,0.95,0.6,0.792378,0.022724
2,-1,1,0.35,0.35,-1,-1,0.95,0.6,0.807735,0.017619
2,-1,1,0.4,0.4,-1,-1,0.95,0.6,0.825332,0.013925
2,-1,1,0.45,0.45,-1,-1,0.95,0.6,0.83829,0.0107
2,-1,1,0.5,0.5,-1,-1,0.95,0.6,0.853327,0.008618
2,-1,1,0.55,0.55,-1,-1,0.95,0.6,0.864525,0.006737
2,-1,1,0.6,0.6,-1,-1,0.95,0.6,0.876202,0.005662
2,-1,1,0.65,0.65,-1,-1,0.95,0.6,0.8874,0.005058
2,-1,1,0.7,0.7,-1,-1,0.95,0.6,0.895399,0.00405
2,-1,1,0.75,0.75,-1,-1,0.95,0.6,0.904837,0.003446
2,-1,1,0.8,0.8,-1,-1,0.95,0.6,0.911236,0.002371
2,-1,1,0.85,0.85,-1,-1,0.95,0.6,0.919554,0.001901
2,-1,1,0.9,0.9,-1,-1,0.95,0.6,0.927073,0.001632
2,-1,1,0.95,0.95,-1,-1,0.95,0.6,0.938111,0.001363
2,-1,1,1.0,1.0,-1,-1,0.95,0.6,0.962746,0.001296
2,-1,1,0.05,0.05,-1,-1,1.0,0.6,0.642903,0.097807
2,-1,1,0.1,0.1,-1,-1,1.0,0.6,0.692412,0.066108
2,-1,1,0.15,0.15,-1,-1,1.0,0.6,0.731563,0.048362
2,-1,1,0.2,0.2,-1,-1,1.0,0.6,0.759828,0.036237
2,-1,1,0.25,0.25,-1,-1,1.0,0.6,0.789323,0.026822
2,-1,1,0.3,0.3,-1,-1,1.0,0.6,0.813025,0.021607
2,-1,1,0.35,0.35,-1,-1,1.0,0.6,0.829879,0.016459
2,-1,1,0.4,0.4,-1,-1,1.0,0.6,0.849191,0.012734
2,-1,1,0.45,0.45,-1,-1,1.0,0.6,0.863411,0.009483
2,-1,1,0.5,0.5,-1,-1,1.0,0.6,0.879914,0.007383
2,-1,1,0.55,0.55,-1,-1,1.0,0.6,0.892204,0.005486
2,-1,1,0.6,0.6,-1,-1,1.0,0.6,0.90502,0.004403
2,-1,1,0.65,0.65,-1,-1,1.0,0.6,0.917309,0.003793
2,-1,1,0.7,0.7,-1,-1,1.0,0.6,0.926088,0.002777
2,-1,1,0.75,0.75,-1,-1,1.0,0.6,0.936446,0.002167
2,-1,1,0.8,0.8,-1,-1,1.0,0.6,0.943469,0.001084
2,-1,1,0.85,0.85,-1,-1,1.0,0.6,0.952598,0.00061
2,-1,1,0.9,0.9,-1,-1,1.0,0.6,0.960849,0.000339
2,-1,1,0.95,0.95,-1,-1,1.0,0.6,0.972963,6.8e-05
2,-1,1,1.0,1.0,-1,-1,1.0,0.6,1.0,0.0
2,-1,1,0.05,0.05,-1,-1,0.65,0.65,0.658016,0.109719
2,-1,1,0.1,0.1,-1,-1,0.65,0.65,0.658016,0.109719
2,-1,1,0.15,0.15,-1,-1,0.65,0.65,0.658016,0.109719
2,-1,1,0.2,0.2,-1,-1,0.65,0.65,0.658016,0.109719
2,-1,1,0.25,0.25,-1,-1,0.65,0.65,0.658016,0.109719
2,-1,1,0.3,0.3,-1,-1,0.65,0.65,0.658016,0.109719
2,-1,1,0.35,0.35,-1,-1,0.65,0.65,0.658016,0.109719
2,-1,1,0.4,0.4,-1,-1,0.65,0.65,0.658016,0.109719
2,-1,1,0.45,0.45,-1,-1,0.65,0.65,0.658016,0.109719
2,-1,1,0.5,0.5,-1,-1,0.65,0.65,0.658016,0.109719
2,-1,1,0.55,0.55,-1,-1,0.65,0.65,0.658016,0.109719
2,-1,1,0.6,0.6,-1,-1,0.65,0.65,0.658016,0.109719
2,-1,1,0.65,0.65,-1,-1,0.65,0.65,0.658016,0.109719
2,-1,1,0.7,0.7,-1,-1,0.65,0.65,0.658016,0.109719
2,-1,1,0.75,0.75,-1,-1,0.65,0.65,0.658016,0.109719
2,-1,1,0.8,0.8,-1,-1,0.65,0.65,0.658016,0.109719
2,-1,1,0.85,0.85,-1,-1,0.65,0.65,0.658016,0.109719
2,-1,1,0.9,0.9,-1,-1,0.65,0.65,0.658016,0.109719
2,-1,1,0.95,0.95,-1,-1,0.65,0.65,0.658016,0.109719
2,-1,1,1.0,1.0,-1,-1,0.65,0.65,0.658016,0.109719
2,-1,1,0.05,0.05,-1,-1,0.7,0.65,0.66915,0.095905
2,-1,1,0.1,0.1,-1,-1,0.7,0.65,0.677994,0.088482
2,-1,1,0.15,0.15,-1,-1,0.7,0.65,0.684988,0.084326
2,-1,1,0.2,0.2,-1,-1,0.7,0.65,0.690038,0.081487
2,-1,1,0.25,0.25,-1,-1,0.7,0.65,0.695307,0.079283
2,-1,1,0.3,0.3,-1,-1,0.7,0.65,0.699541,0.078061
2,-1,1,0.35,0.35,-1,-1,0.7,0.65,0.702552,0.076856
2,-1,1,0.4,0.4,-1,-1,0.7,0.65,0.706002,0.075984
2,-1,1,0.45,0.45,-1,-1,0.7,0.65,0.708542,0.075222
2,-1,1,0.5,0.5,-1,-1,0.7,0.65,0.711491,0.074731
2,-1,1,0.55,0.55,-1,-1,0.7,0.65,0.713686,0.074287
2,-1,1,0.6,0.6,-1,-1,0.7,0.65,0.715975,0.074033
2,-1,1,0.65,0.65,-1,-1,0.7,0.65,0.718171,0.07389
2,-1,1,0.7,0.7,-1,-1,0.7,0.65,0.719739,0.073652
2,-1,1,0.75,0.75,-1,-1,0.7,0.65,0.721589,0.07351
2,-1,1,0.8,0.8,-1,-1,0.7,0.65,0.722844,0.073256
2,-1,1,0.85,0.85,-1,-1,0.7,0.65,0.724475,0.073145
2,-1,1,0.9,0.9,-1,-1,0.7,0.65,0.725949,0.073081
2,-1,1,0.95,0.95,-1,-1,0.7,0.65,0.728113,0.073018
2,-1,1,1.0,1.0,-1,-1,0.7,0.65,0.732943,0.073002
2,-1,1,0.05,0.05,-1,-1,0.75,0.65,0.677112,0.086478
2,-1,1,0.1,0.1,-1,-1,0.75,0.65,0.692281,0.073991
2,-1,1,0.15,0.15,-1,-1,0.75,0.65,0.704276,0.067
2,-1,1,0.2,0.2,-1,-1,0.75,0.65,0.712936,0.062223
2,-1,1,0.25,0.25,-1,-1,0.75,0.65,0.721973,0.058514
2,-1,1,0.3,0.3,-1,-1,0.75,0.65,0.729235,0.05646
2,-1,1,0.35,0.35,-1,-1,0.75,0.65,0.734399,0.054432
2,-1,1,0.4,0.4,-1,-1,0.75,0.65,0.740316,0.052964
2,-1,1,0.45,0.45,-1,-1,0.75,0.65,0.744673,0.051684
2,-1,1,0.5,0.5,-1,-1,0.75,0.65,0.749729,0.050856
2,-1,1,0.55,0.55,-1,-1,0.75,0.65,0.753495,0.050109
2,-1,1,0.6,0.6,-1,-1,0.75,0.65,0.757421,0.049682
2,-1,1,0.65,0.65,-1,-1,0.75,0.65,0.761187,0.049442
2,-1,1,0.7,0.7,-1,-1,0.75,0.65,0.763876,0.049042
2,-1,1,0.75,0.75,-1,-1,0.75,0.65,0.76705,0.048802
2,-1,1,0.8,0.8,-1,-1,0.75,0.65,0.769201,0.048375
2,-1,1,0.85,0.85,-1,-1,0.75,0.65,0.771999,0.048188
2,-1,1,0.9,0.9,-1,-1,0.75,0.65,0.774527,0.048081
2,-1,1,0.95,0.95,-1,-1,0.75,0.65,0.778238,0.047975
2,-1,1,1.0,1.0,-1,-1,0.75,0.65,0.786522,0.047948
2,-1,1,0.05,0.05,-1,-1,0.8,0.65,0.68526,0.076402
2,-1,1,0.1,0.1,-1,-1,0.8,0.65,0.706902,0.0585
2,-1,1,0.15,0.15,-1,-1,0.8,0.65,0.724015,0.048478
2,-1,1,0.2,0.2,-1,-1,0.8,0.65,0.736371,0.041631
2,-1,1,0.25,0.25,-1,-1,0.8,0.65,0.749264,0.036314
2,-1,1,0.3,0.3,-1,-1,0.8,0.65,0.759624,0.033368
2,-1,1,0.35,0.35,-1,-1,0.8,0.65,0.766992,0.030461
2,-1,1,0.4,0.4,-1,-1,0.8,0.65,0.775433,0.028357
2,-1,1,0.45,0.45,-1,-1,0.8,0.65,0.78165,0.026521
2,-1,1,0.5,0.5,-1,-1,0.8,0.65,0.788864,0.025335
2,-1,1,0.55,0.55,-1,-1,0.8,0.65,0.794236,0.024264
2,-1,1,0.6,0.6,-1,-1,0.8,0.65,0.799838,0.023652
2,-1,1,0.65,0.65,-1,-1,0.8,0.65,0.80521,0.023308
2,-1,1,0.7,0.7,-1,-1,0.8,0.65,0.809047,0.022734
2,-1,1,0.75,0.75,-1,-1,0.8,0.65,0.813575,0.02239
2,-1,1,0.8,0.8,-1,-1,0.8,0.65,0.816645,0.021778
2,-1,1,0.85,0.85,-1,-1,0.8,0.65,0.820635,0.02151
2,-1,1,0.9,0.9,-1,-1,0.8,0.65,0.824242,0.021357
2,-1,1,0.95,0.95,-1,-1,0.8,0.65,0.829538,0.021204
2,-1,1,1.0,1.0,-1,-1,0.8,0.65,0.841356,0.021166
2,-1,1,0.05,0.05,-1,-1,0.85,0.65,0.691045,0.072664
2,-1,1,0.1,0.1,-1,-1,0.85,0.65,0.717282,0.052753
2,-1,1,0.15,0.15,-1,-1,0.85,0.65,0.738029,0.041607
2,-1,1,0.2,0.2,-1,-1,0.85,0.65,0.753008,0.033992
2,-1,1,0.25,0.25,-1,-1,0.85,0.65,0.768639,0.028078
2,-1,1,0.3,0.3,-1,-1,0.85,0.65,0.781199,0.024802
2,-1,1,0.35,0.35,-1,-1,0.85,0.65,0.790131,0.021569
2,-1,1,0.4,0.4,-1,-1,0.85,0.65,0.800365,0.019229
2,-1,1,0.45,0.45,-1,-1,0.85,0.65,0.807901,0.017187
2,-1,1,0.5,0.5,-1,-1,0.85,0.65,0.816647,0.015868
2,-1,1,0.55,0.55,-1,-1,0.85,0.65,0.823159,0.014677
2,-1,1,0.6,0.6,-1,-1,0.85,0.65,0.829951,0.013996
2,-1,1,0.65,0.65,-1,-1,0.85,0.65,0.836464,0.013613
2,-1,1,0.7,0.7,-1,-1,0.85,0.65,0.841116,0.012975
2,-1,1,0.75,0.75,-1,-1,0.85,0.65,0.846605,0.012592
2,-1,1,0.8,0.8,-1,-1,0.85,0.65,0.850327,0.011912
2,-1,1,0.85,0.85,-1,-1,0.85,0.65,0.855165,0.011614
2,-1,1,0.9,0.9,-1,-1,0.85,0.65,0.859538,0.011444
2,-1,1,0.95,0.95,-1,-1,0.85,0.65,0.865957,0.011274
2,-1,1,1.0,1.0,-1,-1,0.85,0.65,0.880285,0.011231
2,-1,1,0.05,0.05,-1,-1,0.9,0.65,0.697327,0.070389
2,-1,1,0.1,0.1,-1,-1,0.9,0.65,0.728554,0.049256
2,-1,1,0.15,0.15,-1,-1,0.9,0.65,0.753248,0.037425
2,-1,1,0.2,0.2,-1,-1,0.9,0.65,0.771076,0.029342
2,-1,1,0.25,0.25,-1,-1,0.9,0.65,0.78968,0.023066
2,-1,1,0.3,0.3,-1,-1,0.9,0.65,0.804629,0.019589
2,-1,1,0.35,0.35,-1,-1,0.9,0.65,0.81526,0.016157
2,-1,1,0.4,0.4,-1,-1,0.9,0.65,0.827441,0.013673
2,-1,1,0.45,0.45,-1,-1,0.9,0.65,0.83641,0.011506
2,-1,1,0.5,0.5,-1,-1,0.9,0.65,0.846819,0.010106
2,-1,1,0.55,0.55,-1,-1,0.9,0.65,0.854571,0.008842
2,-1,1,0.6,0.6,-1,-1,0.9,0.65,0.862654,0.008119
2,-1,1,0.65,0.65,-1,-1,0.9,0.65,0.870406,0.007713
2,-1,1,0.7,0.7,-1,-1,0.9,0.65,0.875943,0.007035
2,-1,1,0.75,0.75,-1,-1,0.9,0.65,0.882476,0.006629
2,-1,1,0.8,0.8,-1,-1,0.9,0.65,0.886905,0.005906
2,-1,1,0.85,0.85,-1,-1,0.9,0.65,0.892664,0.00559
2,-1,1,0.9,0.9,-1,-1,0.9,0.65,0.897868,0.00541
2,-1,1,0.95,0.95,-1,-1,0.9,0.65,0.905509,0.005229
2,-1,1,1.0,1.0,-1,-1,0.9,0.65,0.922562,0.005184
2,-1,1,0.05,0.05,-1,-1,0.95,0.65,0.703298,0.068926
2,-1,1,0.1,0.1,-1,-1,0.95,0.65,0.739269,0.047007
2,-1,1,0.15,0.15,-1,-1,0.95,0.65,0.767714,0.034736
2,-1,1,0.2,0.2,-1,-1,0.95,0.65,0.78825,0.026353
2,-1,1,0.25,0.25,-1,-1,0.95,0.65,0.80968,0.019843
2,-1,1,0.3,0.3,-1,-1,0.95,0.65,0.826899,0.016236
2,-1,1,0.35,0.35,-1,-1,0.95,0.65,0.839145,0.012677
2,-1,1,0.4,0.4,-1,-1,0.95,0.65,0.853176,0.010101
2,-1,1,0.45,0.45,-1,-1,0.95,0.65,0.863508,0.007853
2,-1,1,0.5,0.5,-1,-1,0.95,0.65,0.875498,0.006401
2,-1,1,0.55,0.55,-1,-1,0.95,0.65,0.884427,0.00509
2,-1,1,0.6,0.6,-1,-1,0.95,0.65,0.893738,0.00434
2,-1,1,0.65,0.65,-1,-1,0.95,0.65,0.902667,0.003919
2,-1,1,0.7,0.7,-1,-1,0.95,0.65,0.909045,0.003216
2,-1,1,0.75,0.75,-1,-1,0.95,0.65,0.916571,0.002795
2,-1,1,0.8,0.8,-1,-1,0.95,0.65,0.921673,0.002045
2,-1,1,0.85,0.85,-1,-1,0.95,0.65,0.928306,0.001718
2,-1,1,0.9,0.9,-1,-1,0.95,0.65,0.934301,0.00153
2,-1,1,0.95,0.95,-1,-1,0.95,0.65,0.943102,0.001343
2,-1,1,1.0,1.0,-1,-1,0.95,0.65,0.962746,0.001296
2,-1,1,0.05,0.05,-1,-1,1.0,0.65,0.708834,0.068438
2,-1,1,0.1,0.1,-1,-1,1.0,0.65,0.749202,0.046257
2,-1,1,0.15,0.15,-1,-1,1.0,0.65,0.781124,0.03384
2,-1,1,0.2,0.2,-1,-1,1.0,0.65,0.804171,0.025356
2,-1,1,0.25,0.25,-1,-1,1.0,0.65,0.828221,0.018768
2,-1,1,0.3,0.3,-1,-1,1.0,0.65,0.847546,0.015119
2,-1,1,0.35,0.35,-1,-1,1.0,0.65,0.861288,0.011517
2,-1,1,0.4,0.4,-1,-1,1.0,0.65,0.877035,0.00891
2,-1,1,0.45,0.45,-1,-1,1.0,0.65,0.88863,0.006635
2,-1,1,0.5,0.5,-1,-1,1.0,0.65,0.902086,0.005166
2,-1,1,0.55,0.55,-1,-1,1.0,0.65,0.912106,0.003839
2,-1,1,0.6,0.6,-1,-1,1.0,0.65,0.922556,0.003081
2,-1,1,0.65,0.65,-1,-1,1.0,0.65,0.932576,0.002654
2,-1,1,0.7,0.7,-1,-1,1.0,0.65,0.939734,0.001943
2,-1,1,0.75,0.75,-1,-1,1.0,0.65,0.94818,0.001517
2,-1,1,0.8,0.8,-1,-1,1.0,0.65,0.953906,0.000758
2,-1,1,0.85,0.85,-1,-1,1.0,0.65,0.96135,0.000427
2,-1,1,0.9,0.9,-1,-1,1.0,0.65,0.968078,0.000237
2,-1,1,0.95,0.95,-1,-1,1.0,0.65,0.977955,4.7e-05
2,-1,1,1.0,1.0,-1,-1,1.0,0.65,1.0,0.0
2,-1,1,0.05,0.05,-1,-1,0.7,0.7,0.732943,0.073002
2,-1,1,0.1,0.1,-1,-1,0.7,0.7,0.732943,0.073002
2,-1,1,0.15,0.15,-1,-1,0.7,0.7,0.732943,0.073002
2,-1,1,0.2,0.2,-1,-1,0.7,0.7,0.732943,0.073002
2,-1,1,0.25,0.25,-1,-1,0.7,0.7,0.732943,0.073002
2,-1,1,0.3,0.3,-1,-1,0.7,0.7,0.732943,0.073002
2,-1,1,0.35,0.35,-1,-1,0.7,0.7,0.732943,0.073002
2,-1,1,0.4,0.4,-1,-1,0.7,0.7,0.732943,0.073002
2,-1,1,0.45,0.45,-1,-1,0.7,0.7,0.732943,0.073002
2,-1,1,0.5,0.5,-1,-1,0.7,0.7,0.732943,0.073002
2,-1,1,0.55,0.55,-1,-1,0.7,0.7,0.732943,0.073002
2,-1,1,0.6,0.6,-1,-1,0.7,0.7,0.732943,0.073002
2,-1,1,0.65,0.65,-1,-1,0.7,0.7,0.732943,0.073002
2,-1,1,0.7,0.7,-1,-1,0.7,0.7,0.732943,0.073002
2,-1,1,0.75,0.75,-1,-1,0.7,0.7,0.732943,0.073002
2,-1,1,0.8,0.8,-1,-1,0.7,0.7,0.732943,0.073002
2,-1,1,0.85,0.85,-1,-1,0.7,0.7,0.732943,0.073002
2,-1,1,0.9,0.9,-1,-1,0.7,0.7,0.732943,0.073002
2,-1,1,0.95,0.95,-1,-1,0.7,0.7,0.732943,0.073002
2,-1,1,1.0,1.0,-1,-1,0.7,0.7,0.732943,0.073002
2,-1,1,0.05,0.05,-1,-1,0.75,0.7,0.740905,0.063576
2,-1,1,0.1,0.1,-1,-1,0.75,0.7,0.747229,0.058511
2,-1,1,0.15,0.15,-1,-1,0.75,0.7,0.752231,0.055675
2,-1,1,0.2,0.2,-1,-1,0.75,0.7,0.755841,0.053738
2,-1,1,0.25,0.25,-1,-1,0.75,0.7,0.759609,0.052234
2,-1,1,0.3,0.3,-1,-1,0.75,0.7,0.762637,0.0514
2,-1,1,0.35,0.35,-1,-1,0.75,0.7,0.76479,0.050578
2,-1,1,0.4,0.4,-1,-1,0.75,0.7,0.767257,0.049983
2,-1,1,0.45,0.45,-1,-1,0.75,0.7,0.769074,0.049463
2,-1,1,0.5,0.5,-1,-1,0.75,0.7,0.771182,0.049128
2,-1,1,0.55,0.55,-1,-1,0.75,0.7,0.772752,0.048825
2,-1,1,0.6,0.6,-1,-1,0.75,0.7,0.774389,0.048651
2,-1,1,0.65,0.65,-1,-1,0.75,0.7,0.775959,0.048554
2,-1,1,0.7,0.7,-1,-1,0.75,0.7,0.77708,0.048392
2,-1,1,0.75,0.75,-1,-1,0.75,0.7,0.778403,0.048294
2,-1,1,0.8,0.8,-1,-1,0.75,0.7,0.7793,0.048121
2,-1,1,0.85,0.85,-1,-1,0.75,0.7,0.780467,0.048045
2,-1,1,0.9,0.9,-1,-1,0.75,0.7,0.781521,0.048002
2,-1,1,0.95,0.95,-1,-1,0.75,0.7,0.783068,0.047959
2,-1,1,1.0,1.0,-1,-1,0.75,0.7,0.786522,0.047948
2,-1,1,0.05,0.05,-1,-1,0.8,0.7,0.749053,0.053499
2,-1,1,0.1,0.1,-1,-1,0.8,0.7,0.76185,0.04302
2,-1,1,0.15,0.15,-1,-1,0.8,0.7,0.77197,0.037153
2,-1,1,0.2,0.2,-1,-1,0.8,0.7,0.779276,0.033145
2,-1,1,0.25,0.25,-1,-1,0.8,0.7,0.7869,0.030033
2,-1,1,0.3,0.3,-1,-1,0.8,0.7,0.793026,0.028309
2,-1,1,0.35,0.35,-1,-1,0.8,0.7,0.797383,0.026607
2,-1,1,0.4,0.4,-1,-1,0.8,0.7,0.802374,0.025376
2,-1,1,0.45,0.45,-1,-1,0.8,0.7,0.80605,0.024301
2,-1,1,0.5,0.5,-1,-1,0.8,0.7,0.810316,0.023607
2,-1,1,0.55,0.55,-1,-1,0.8,0.7,0.813493,0.02298
2,-1,1,0.6,0.6,-1,-1,0.8,0.7,0.816805,0.022621
2,-1,1,0.65,0.65,-1,-1,0.8,0.7,0.819982,0.02242
2,-1,1,0.7,0.7,-1,-1,0.8,0.7,0.822251,0.022084
2,-1,1,0.75,0.75,-1,-1,0.8,0.7,0.824928,0.021883
2,-1,1,0.8,0.8,-1,-1,0.8,0.7,0.826744,0.021524
2,-1,1,0.85,0.85,-1,-1,0.8,0.7,0.829103,0.021368
2,-1,1,0.9,0.9,-1,-1,0.8,0.7,0.831236,0.021278
2,-1,1,0.95,0.95,-1,-1,0.8,0.7,0.834367,0.021188
2,-1,1,1.0,1.0,-1,-1,0.8,0.7,0.841356,0.021166
2,-1,1,0.05,0.05,-1,-1,0.85,0.7,0.754838,0.049761
2,-1,1,0.1,0.1,-1,-1,0.85,0.7,0.77223,0.037274
2,-1,1,0.15,0.15,-1,-1,0.85,0.7,0.785984,0.030283
2,-1,1,0.2,0.2,-1,-1,0.85,0.7,0.795913,0.025506
2,-1,1,0.25,0.25,-1,-1,0.85,0.7,0.806275,0.021797
2,-1,1,0.3,0.3,-1,-1,0.85,0.7,0.814601,0.019743
2,-1,1,0.35,0.35,-1,-1,0.85,0.7,0.820522,0.017715
2,-1,1,0.4,0.4,-1,-1,0.85,0.7,0.827306,0.016247
2,-1,1,0.45,0.45,-1,-1,0.85,0.7,0.832302,0.014967
2,-1,1,0.5,0.5,-1,-1,0.85,0.7,0.838099,0.014139
2,-1,1,0.55,0.55,-1,-1,0.85,0.7,0.842416,0.013392
2,-1,1,0.6,0.6,-1,-1,0.85,0.7,0.846919,0.012965
2,-1,1,0.65,0.65,-1,-1,0.85,0.7,0.851236,0.012725
2,-1,1,0.7,0.7,-1,-1,0.85,0.7,0.85432,0.012325
2,-1,1,0.75,0.75,-1,-1,0.85,0.7,0.857959,0.012085
2,-1,1,0.8,0.8,-1,-1,0.85,0.7,0.860426,0.011658
2,-1,1,0.85,0.85,-1,-1,0.85,0.7,0.863633,0.011471
2,-1,1,0.9,0.9,-1,-1,0.85,0.7,0.866532,0.011364
2,-1,1,0.95,0.95,-1,-1,0.85,0.7,0.870787,0.011258
2,-1,1,1.0,1.0,-1,-1,0.85,0.7,0.880285,0.011231
2,-1,1,0.05,0.05,-1,-1,0.9,0.7,0.76112,0.047486
2,-1,1,0.1,0.1,-1,-1,0.9,0.7,0.783503,0.033776
2,-1,1,0.15,0.15,-1,-1,0.9,0.7,0.801203,0.026101
2,-1,1,0.2,0.2,-1,-1,0.9,0.7,0.813981,0.020857
2,-1,1,0.25,0.25,-1,-1,0.9,0.7,0.827316,0.016785
2,-1,1,0.3,0.3,-1,-1,0.9,0.7,0.838031,0.014529
2,-1,1,0.35,0.35,-1,-1,0.9,0.7,0.845651,0.012303
2,-1,1,0.4,0.4,-1,-1,0.9,0.7,0.854382,0.010691
2,-1,1,0.45,0.45,-1,-1,0.9,0.7,0.860811,0.009285
2,-1,1,0.5,0.5,-1,-1,0.9,0.7,0.868272,0.008377
2,-1,1,0.55,0.55,-1,-1,0.9,0.7,0.873828,0.007557
2,-1,1,0.6,0.6,-1,-1,0.9,0.7,0.879622,0.007088
2,-1,1,0.65,0.65,-1,-1,0.9,0.7,0.885178,0.006825
2,-1,1,0.7,0.7,-1,-1,0.9,0.7,0.889147,0.006385
2,-1,1,0.75,0.75,-1,-1,0.9,0.7,0.893829,0.006121
2,-1,1,0.8,0.8,-1,-1,0.9,0.7,0.897004,0.005653
2,-1,1,0.85,0.85,-1,-1,0.9,0.7,0.901132,0.005448
2,-1,1,0.9,0.9,-1,-1,0.9,0.7,0.904862,0.00533
2,-1,1,0.95,0.95,-1,-1,0.9,0.7,0.910339,0.005213
2,-1,1,1.0,1.0,-1,-1,0.9,0.7,0.922562,0.005184
2,-1,1,0.05,0.05,-1,-1,0.95,0.7,0.767091,0.046023
2,-1,1,0.1,0.1,-1,-1,0.95,0.7,0.794217,0.031527
2,-1,1,0.15,0.15,-1,-1,0.95,0.7,0.815668,0.023412
2,-1,1,0.2,0.2,-1,-1,0.95,0.7,0.831155,0.017867
2,-1,1,0.25,0.25,-1,-1,0.95,0.7,0.847315,0.013562
2,-1,1,0.3,0.3,-1,-1,0.95,0.7,0.860301,0.011177
2,-1,1,0.35,0.35,-1,-1,0.95,0.7,0.869536,0.008823
2,-1,1,0.4,0.4,-1,-1,0.95,0.7,0.880117,0.007119
2,-1,1,0.45,0.45,-1,-1,0.95,0.7,0.887909,0.005632
2,-1,1,0.5,0.5,-1,-1,0.95,0.7,0.896951,0.004672
2,-1,1,0.55,0.55,-1,-1,0.95,0.7,0.903684,0.003805
2,-1,1,0.6,0.6,-1,-1,0.95,0.7,0.910706,0.003309
2,-1,1,0.65,0.65,-1,-1,0.95,0.7,0.917439,0.003031
2,-1,1,0.7,0.7,-1,-1,0.95,0.7,0.922249,0.002566
2,-1,1,0.75,0.75,-1,-1,0.95,0.7,0.927924,0.002287
2,-1,1,0.8,0.8,-1,-1,0.95,0.7,0.931772,0.001792
2,-1,1,0.85,0.85,-1,-1,0.95,0.7,0.936774,0.001575
2,-1,1,0.9,0.9,-1,-1,0.95,0.7,0.941295,0.001451
2,-1,1,0.95,0.95,-1,-1,0.95,0.7,0.947932,0.001327
2,-1,1,1.0,1.0,-1,-1,0.95,0.7,0.962746,0.001296
2,-1,1,0.05,0.05,-1,-1,1.0,0.7,0.772627,0.045536
2,-1,1,0.1,0.1,-1,-1,1.0,0.7,0.804151,0.030777
2,-1,1,0.15,0.15,-1,-1,1.0,0.7,0.829079,0.022515
2,-1,1,0.2,0.2,-1,-1,1.0,0.7,0.847076,0.016871
2,-1,1,0.25,0.25,-1,-1,1.0,0.7,0.865857,0.012488
2,-1,1,0.3,0.3,-1,-1,1.0,0.7,0.880948,0.010059
2,-1,1,0.35,0.35,-1,-1,1.0,0.7,0.891679,0.007663
2,-1,1,0.4,0.4,-1,-1,1.0,0.7,0.903976,0.005928
2,-1,1,0.45,0.45,-1,-1,1.0,0.7,0.91303,0.004415
2,-1,1,0.5,0.5,-1,-1,1.0,0.7,0.923538,0.003437
2,-1,1,0.55,0.55,-1,-1,1.0,0.7,0.931363,0.002554
2,-1,1,0.6,0.6,-1,-1,1.0,0.7,0.939524,0.00205
2,-1,1,0.65,0.65,-1,-1,1.0,0.7,0.947349,0.001766
2,-1,1,0.7,0.7,-1,-1,1.0,0.7,0.952938,0.001293
2,-1,1,0.75,0.75,-1,-1,1.0,0.7,0.959533,0.001009
2,-1,1,0.8,0.8,-1,-1,1.0,0.7,0.964005,0.000505
2,-1,1,0.85,0.85,-1,-1,1.0,0.7,0.969818,0.000284
2,-1,1,0.9,0.9,-1,-1,1.0,0.7,0.975072,0.000158
2,-1,1,0.95,0.95,-1,-1,1.0,0.7,0.982785,3.2e-05
2,-1,1,1.0,1.0,-1,-1,1.0,0.7,1.0,0.0
2,-1,1,0.05,0.05,-1,-1,0.75,0.75,0.786522,0.047948
2,-1,1,0.1,0.1,-1,-1,0.75,0.75,0.786522,0.047948
2,-1,1,0.15,0.15,-1,-1,0.75,0.75,0.786522,0.047948
2,-1,1,0.2,0.2,-1,-1,0.75,0.75,0.786522,0.047948
2,-1,1,0.25,0.25,-1,-1,0.75,0.75,0.786522,0.047948
2,-1,1,0.3,0.3,-1,-1,0.75,0.75,0.786522,0.047948
2,-1,1,0.35,0.35,-1,-1,0.75,0.75,0.786522,0.047948
2,-1,1,0.4,0.4,-1,-1,0.75,0.75,0.786522,0.047948
2,-1,1,0.45,0.45,-1,-1,0.75,0.75,0.786522,0.047948
2,-1,1,0.5,0.5,-1,-1,0.75,0.75,0.786522,0.047948
2,-1,1,0.55,0.55,-1,-1,0.75,0.75,0.786522,0.047948
2,-1,1,0.6,0.6,-1,-1,0.75,0.75,0.786522,0.047948
2,-1,1,0.65,0.65,-1,-1,0.75,0.75,0.786522,0.047948
2,-1,1,0.7,0.7,-1,-1,0.75,0.75,0.786522,0.047948
2,-1,1,0.75,0.75,-1,-1,0.75,0.75,0.786522,0.047948
2,-1,1,0.8,0.8,-1,-1,0.75,0.75,0.786522,0.047948
2,-1,1,0.85,0.85,-1,-1,0.75,0.75,0.786522,0.047948
2,-1,1,0.9,0.9,-1,-1,0.75,0.75,0.786522,0.047948
2,-1,1,0.95,0.95,-1,-1,0.75,0.75,0.786522,0.047948
2,-1,1,1.0,1.0,-1,-1,0.75,0.75,0.786522,0.047948
2,-1,1,0.05,0.05,-1,-1,0.8,0.75,0.79467,0.037871
2,-1,1,0.1,0.1,-1,-1,0.8,0.75,0.801143,0.032457
2,-1,1,0.15,0.15,-1,-1,0.8,0.75,0.806261,0.029426
2,-1,1,0.2,0.2,-1,-1,0.8,0.75,0.809957,0.027355
2,-1,1,0.25,0.25,-1,-1,0.8,0.75,0.813813,0.025747
2,-1,1,0.3,0.3,-1,-1,0.8,0.75,0.816911,0.024856
2,-1,1,0.35,0.35,-1,-1,0.8,0.75,0.819115,0.023977
2,-1,1,0.4,0.4,-1,-1,0.8,0.75,0.82164,0.023341
2,-1,1,0.45,0.45,-1,-1,0.8,0.75,0.823499,0.022786
2,-1,1,0.5,0.5,-1,-1,0.8,0.75,0.825656,0.022427
2,-1,1,0.55,0.55,-1,-1,0.8,0.75,0.827263,0.022103
2,-1,1,0.6,0.6,-1,-1,0.8,0.75,0.828939,0.021918
2,-1,1,0.65,0.65,-1,-1,0.8,0.75,0.830545,0.021814
2,-1,1,0.7,0.7,-1,-1,0.8,0.75,0.831693,0.02164
2,-1,1,0.75,0.75,-1,-1,0.8,0.75,0.833047,0.021536
2,-1,1,0.8,0.8,-1,-1,0.8,0.75,0.833965,0.021351
2,-1,1,0.85,0.85,-1,-1,0.8,0.75,0.835159,0.02127
2,-1,1,0.9,0.9,-1,-1,0.8,0.75,0.836238,0.021224
2,-1,1,0.95,0.95,-1,-1,0.8,0.75,0.837821,0.021178
2,-1,1,1.0,1.0,-1,-1,0.8,0.75,0.841356,0.021166
2,-1,1,0.05,0.05,-1,-1,0.85,0.75,0.800455,0.034134
2,-1,1,0.1,0.1,-1,-1,0.85,0.75,0.811523,0.026711
2,-1,1,0.15,0.15,-1,-1,0.85,0.75,0.820275,0.022555
2,-1,1,0.2,0.2,-1,-1,0.85,0.75,0.826594,0.019716
2,-1,1,0.25,0.25,-1,-1,0.85,0.75,0.833188,0.017512
2,-1,1,0.3,0.3,-1,-1,0.85,0.75,0.838486,0.01629
2,-1,1,0.35,0.35,-1,-1,0.85,0.75,0.842254,0.015085
2,-1,1,0.4,0.4,-1,-1,0.85,0.75,0.846571,0.014213
2,-1,1,0.45,0.45,-1,-1,0.85,0.75,0.84975,0.013451
2,-1,1,0.5,0.5,-1,-1,0.85,0.75,0.85344,0.01296
2,-1,1,0.55,0.55,-1,-1,0.85,0.75,0.856187,0.012516
2,-1,1,0.6,0.6,-1,-1,0.85,0.75,0.859052,0.012262
2,-1,1,0.65,0.65,-1,-1,0.85,0.75,0.861799,0.012119
2,-1,1,0.7,0.7,-1,-1,0.85,0.75,0.863762,0.011881
2,-1,1,0.75,0.75,-1,-1,0.85,0.75,0.866077,0.011739
2,-1,1,0.8,0.8,-1,-1,0.85,0.75,0.867647,0.011485
2,-1,1,0.85,0.85,-1,-1,0.85,0.75,0.869688,0.011374
2,-1,1,0.9,0.9,-1,-1,0.85,0.75,0.871533,0.01131
2,-1,1,0.95,0.95,-1,-1,0.85,0.75,0.874241,0.011247
2,-1,1,1.0,1.0,-1,-1,0.85,0.75,0.880285,0.011231
2,-1,1,0.05,0.05,-1,-1,0.9,0.75,0.806737,0.031858
2,-1,1,0.1,0.1,-1,-1,0.9,0.75,0.822796,0.023213
2,-1,1,0.15,0.15,-1,-1,0.9,0.75,0.835494,0.018373
2,-1,1,0.2,0.2,-1,-1,0.9,0.75,0.844662,0.015067
2,-1,1,0.25,0.25,-1,-1,0.9,0.75,0.854229,0.012499
2,-1,1,0.3,0.3,-1,-1,0.9,0.75,0.861916,0.011077
2,-1,1,0.35,0.35,-1,-1,0.9,0.75,0.867383,0.009673
2,-1,1,0.4,0.4,-1,-1,0.9,0.75,0.873647,0.008657
2,-1,1,0.45,0.45,-1,-1,0.9,0.75,0.878259,0.00777
2,-1,1,0.5,0.5,-1,-1,0.9,0.75,0.883612,0.007198
2,-1,1,0.55,0.55,-1,-1,0.9,0.75,0.887598,0.00668
2,-1,1,0.6,0.6,-1,-1,0.9,0.75,0.891755,0.006385
2,-1,1,0.65,0.65,-1,-1,0.9,0.75,0.895741,0.006218
2,-1,1,0.7,0.7,-1,-1,0.9,0.75,0.898588,0.005941
2,-1,1,0.75,0.75,-1,-1,0.9,0.75,0.901948,0.005775
2,-1,1,0.8,0.8,-1,-1,0.9,0.75,0.904226,0.00548
2,-1,1,0.85,0.85,-1,-1,0.9,0.75,0.907187,0.00535
2,-1,1,0.9,0.9,-1,-1,0.9,0.75,0.909863,0.005276
2,-1,1,0.95,0.95,-1,-1,0.9,0.75,0.913793,0.005202
2,-1,1,1.0,1.0,-1,-1,0.9,0.75,0.922562,0.005184
2,-1,1,0.05,0.05,-1,-1,0.95,0.75,0.812709,0.030396
2,-1,1,0.1,0.1,-1,-1,0.95,0.75,0.83351,0.020964
2,-1,1,0.15,0.15,-1,-1,0.95,0.75,0.84996,0.015685
2,-1,1,0.2,0.2,-1,-1,0.95,0.75,0.861836,0.012077
2,-1,1,0.25,0.25,-1,-1,0.95,0.75,0.874228,0.009276
2,-1,1,0.3,0.3,-1,-1,0.95,0.75,0.884187,0.007725
2,-1,1,0.35,0.35,-1,-1,0.95,0.75,0.891268,0.006193
2,-1,1,0.4,0.4,-1,-1,0.95,0.75,0.899382,0.005085
2,-1,1,0.45,0.45,-1,-1,0.95,0.75,0.905357,0.004117
2,-1,1,0.5,0.5,-1,-1,0.95,0.75,0.912291,0.003493
2,-1,1,0.55,0.55,-1,-1,0.95,0.75,0.917454,0.002928
2,-1,1,0.6,0.6,-1,-1,0.95,0.75,0.922839,0.002606
2,-1,1,0.65,0.65,-1,-1,0.95,0.75,0.928003,0.002425
2,-1,1,0.7,0.7,-1,-1,0.95,0.75,0.931691,0.002122
2,-1,1,0.75,0.75,-1,-1,0.95,0.75,0.936043,0.001941
2,-1,1,0.8,0.8,-1,-1,0.95,0.75,0.938994,0.001618
2,-1,1,0.85,0.85,-1,-1,0.95,0.75,0.94283,0.001477
2,-1,1,0.9,0.9,-1,-1,0.95,0.75,0.946297,0.001397
2,-1,1,0.95,0.95,-1,-1,0.95,0.75,0.951386,0.001316
2,-1,1,1.0,1.0,-1,-1,0.95,0.75,0.962746,0.001296
2,-1,1,0.05,0.05,-1,-1,1.0,0.75,0.818244,0.029908
2,-1,1,0.1,0.1,-1,-1,1.0,0.75,0.843444,0.020215
2,-1,1,0.15,0.15,-1,-1,1.0,0.75,0.86337,0.014788
2,-1,1,0.2,0.2,-1,-1,1.0,0.75,0.877757,0.011081
2,-1,1,0.25,0.25,-1,-1,1.0,0.75,0.89277,0.008202
2,-1,1,0.3,0.3,-1,-1,1.0,0.75,0.904833,0.006607
2,-1,1,0.35,0.35,-1,-1,1.0,0.75,0.913411,0.005033
2,-1,1,0.4,0.4,-1,-1,1.0,0.75,0.923241,0.003894
2,-1,1,0.45,0.45,-1,-1,1.0,0.75,0.930479,0.0029
2,-1,1,0.5,0.5,-1,-1,1.0,0.75,0.938879,0.002258
2,-1,1,0.55,0.55,-1,-1,1.0,0.75,0.945134,0.001678
2,-1,1,0.6,0.6,-1,-1,1.0,0.75,0.951657,0.001346
2,-1,1,0.65,0.65,-1,-1,1.0,0.75,0.957912,0.00116
2,-1,1,0.7,0.7,-1,-1,1.0,0.75,0.96238,0.000849
2,-1,1,0.75,0.75,-1,-1,1.0,0.75,0.967652,0.000663
2,-1,1,0.8,0.8,-1,-1,1.0,0.75,0.971227,0.000331
2,-1,1,0.85,0.85,-1,-1,1.0,0.75,0.975873,0.000186
2,-1,1,0.9,0.9,-1,-1,1.0,0.75,0.980073,0.000104
2,-1,1,0.95,0.95,-1,-1,1.0,0.75,0.986239,2.1e-05
2,-1,1,1.0,1.0,-1,-1,1.0,0.75,1.0,0.0
2,-1,1,0.05,0.05,-1,-1,0.8,0.8,0.841356,0.021166
2,-1,1,0.1,0.1,-1,-1,0.8,0.8,0.841356,0.021166
2,-1,1,0.15,0.15,-1,-1,0.8,0.8,0.841356,0.021166
2,-1,1,0.2,0.2,-1,-1,0.8,0.8,0.841356,0.021166
2,-1,1,0.25,0.25,-1,-1,0.8,0.8,0.841356,0.021166
2,-1,1,0.3,0.3,-1,-1,0.8,0.8,0.841356,0.021166
2,-1,1,0.35,0.35,-1,-1,0.8,0.8,0.841356,0.021166
2,-1,1,0.4,0.4,-1,-1,0.8,0.8,0.841356,0.021166
2,-1,1,0.45,0.45,-1,-1,0.8,0.8,0.841356,0.021166
2,-1,1,0.5,0.5,-1,-1,0.8,0.8,0.841356,0.021166
2,-1,1,0.55,0.55,-1,-1,0.8,0.8,0.841356,0.021166
2,-1,1,0.6,0.6,-1,-1,0.8,0.8,0.841356,0.021166
2,-1,1,0.65,0.65,-1,-1,0.8,0.8,0.841356,0.021166
2,-1,1,0.7,0.7,-1,-1,0.8,0.8,0.841356,0.021166
2,-1,1,0.75,0.75,-1,-1,0.8,0.8,0.841356,0.021166
2,-1,1,0.8,0.8,-1,-1,0.8,0.8,0.841356,0.021166
2,-1,1,0.85,0.85,-1,-1,0.8,0.8,0.841356,0.021166
2,-1,1,0.9,0.9,-1,-1,0.8,0.8,0.841356,0.021166
2,-1,1,0.95,0.95,-1,-1,0.8,0.8,0.841356,0.021166
2,-1,1,1.0,1.0,-1,-1,0.8,0.8,0.841356,0.021166
2,-1,1,0.05,0.05,-1,-1,0.85,0.8,0.847141,0.017428
2,-1,1,0.1,0.1,-1,-1,0.85,0.8,0.851736,0.01542
2,-1,1,0.15,0.15,-1,-1,0.85,0.8,0.85537,0.014295
2,-1,1,0.2,0.2,-1,-1,0.85,0.8,0.857993,0.013527
2,-1,1,0.25,0.25,-1,-1,0.85,0.8,0.860731,0.01293
2,-1,1,0.3,0.3,-1,-1,0.85,0.8,0.862931,0.0126
2,-1,1,0.35,0.35,-1,-1,0.85,0.8,0.864495,0.012274
2,-1,1,0.4,0.4,-1,-1,0.85,0.8,0.866287,0.012038
2,-1,1,0.45,0.45,-1,-1,0.85,0.8,0.867607,0.011832
2,-1,1,0.5,0.5,-1,-1,0.85,0.8,0.869139,0.011699
2,-1,1,0.55,0.55,-1,-1,0.85,0.8,0.87028,0.011579
2,-1,1,0.6,0.6,-1,-1,0.85,0.8,0.871469,0.01151
2,-1,1,0.65,0.65,-1,-1,0.85,0.8,0.87261,0.011471
2,-1,1,0.7,0.7,-1,-1,0.85,0.8,0.873425,0.011407
2,-1,1,0.75,0.75,-1,-1,0.85,0.8,0.874386,0.011368
2,-1,1,0.8,0.8,-1,-1,0.85,0.8,0.875038,0.0113
2,-1,1,0.85,0.85,-1,-1,0.85,0.8,0.875885,0.01127
2,-1,1,0.9,0.9,-1,-1,0.85,0.8,0.876651,0.011252
2,-1,1,0.95,0.95,-1,-1,0.85,0.8,0.877776,0.011235
2,-1,1,1.0,1.0,-1,-1,0.85,0.8,0.880285,0.011231
2,-1,1,0.05,0.05,-1,-1,0.9,0.8,0.853423,0.015153
2,-1,1,0.1,0.1,-1,-1,0.9,0.8,0.863009,0.011922
2,-1,1,0.15,0.15,-1,-1,0.9,0.8,0.870589,0.010113
2,-1,1,0.2,0.2,-1,-1,0.9,0.8,0.876061,0.008877
2,-1,1,0.25,0.25,-1,-1,0.9,0.8,0.881772,0.007918
2,-1,1,0.3,0.3,-1,-1,0.9,0.8,0.886361,0.007386
2,-1,1,0.35,0.35,-1,-1,0.9,0.8,0.889624,0.006862
2,-1,1,0.4,0.4,-1,-1,0.9,0.8,0.893363,0.006482
2,-1,1,0.45,0.45,-1,-1,0.9,0.8,0.896117,0.006151
2,-1,1,0.5,0.5,-1,-1,0.9,0.8,0.899312,0.005936
2,-1,1,0.55,0.55,-1,-1,0.9,0.8,0.901691,0.005743
2,-1,1,0.6,0.6,-1,-1,0.9,0.8,0.904172,0.005633
2,-1,1,0.65,0.65,-1,-1,0.9,0.8,0.906552,0.005571
2,-1,1,0.7,0.7,-1,-1,0.9,0.8,0.908252,0.005467
2,-1,1,0.75,0.75,-1,-1,0.9,0.8,0.910257,0.005405
2,-1,1,0.8,0.8,-1,-1,0.9,0.8,0.911617,0.005294
2,-1,1,0.85,0.85,-1,-1,0.9,0.8,0.913384,0.005246
2,-1,1,0.9,0.9,-1,-1,0.9,0.8,0.914982,0.005219
2,-1,1,0.95,0.95,-1,-1,0.9,0.8,0.917327,0.005191
2,-1,1,1.0,1.0,-1,-1,0.9,0.8,0.922562,0.005184
2,-1,1,0.05,0.05,-1,-1,0.95,0.8,0.859394,0.01369
2,-1,1,0.1,0.1,-1,-1,0.95,0.8,0.873723,0.009673
2,-1,1,0.15,0.15,-1,-1,0.95,0.8,0.885054,0.007424
2,-1,1,0.2,0.2,-1,-1,0.95,0.8,0.893235,0.005888
2,-1,1,0.25,0.25,-1,-1,0.95,0.8,0.901772,0.004695
2,-1,1,0.3,0.3,-1,-1,0.95,0.8,0.908631,0.004034
2,-1,1,0.35,0.35,-1,-1,0.95,0.8,0.913509,0.003382
2,-1,1,0.4,0.4,-1,-1,0.95,0.8,0.919098,0.00291
2,-1,1,0.45,0.45,-1,-1,0.95,0.8,0.923214,0.002498
2,-1,1,0.5,0.5,-1,-1,0.95,0.8,0.927991,0.002232
2,-1,1,0.55,0.55,-1,-1,0.95,0.8,0.931547,0.001991
2,-1,1,0.6,0.6,-1,-1,0.95,0.8,0.935257,0.001854
2,-1,1,0.65,0.65,-1,-1,0.95,0.8,0.938813,0.001777
2,-1,1,0.7,0.7,-1,-1,0.95,0.8,0.941354,0.001648
2,-1,1,0.75,0.75,-1,-1,0.95,0.8,0.944352,0.001571
2,-1,1,0.8,0.8,-1,-1,0.95,0.8,0.946385,0.001433
2,-1,1,0.85,0.85,-1,-1,0.95,0.8,0.949027,0.001373
2,-1,1,0.9,0.9,-1,-1,0.95,0.8,0.951415,0.001339
2,-1,1,0.95,0.95,-1,-1,0.95,0.8,0.954921,0.001305
2,-1,1,1.0,1.0,-1,-1,0.95,0.8,0.962746,0.001296
2,-1,1,0.05,0.05,-1,-1,1.0,0.8,0.86493,0.013202
2,-1,1,0.1,0.1,-1,-1,1.0,0.8,0.883657,0.008924
2,-1,1,0.15,0.15,-1,-1,1.0,0.8,0.898465,0.006528
2,-1,1,0.2,0.2,-1,-1,1.0,0.8,0.909156,0.004892
2,-1,1,0.25,0.25,-1,-1,1.0,0.8,0.920313,0.003621
2,-1,1,0.3,0.3,-1,-1,1.0,0.8,0.929278,0.002917
2,-1,1,0.35,0.35,-1,-1,1.0,0.8,0.935653,0.002222
2,-1,1,0.4,0.4,-1,-1,1.0,0.8,0.942957,0.001719
2,-1,1,0.45,0.45,-1,-1,1.0,0.8,0.948336,0.00128
2,-1,1,0.5,0.5,-1,-1,1.0,0.8,0.954578,0.000997
2,-1,1,0.55,0.55,-1,-1,1.0,0.8,0.959227,0.000741
2,-1,1,0.6,0.6,-1,-1,1.0,0.8,0.964074,0.000594
2,-1,1,0.65,0.65,-1,-1,1.0,0.8,0.968723,0.000512
2,-1,1,0.7,0.7,-1,-1,1.0,0.8,0.972043,0.000375
2,-1,1,0.75,0.75,-1,-1,1.0,0.8,0.975961,0.000293
2,-1,1,0.8,0.8,-1,-1,1.0,0.8,0.978617,0.000146
2,-1,1,0.85,0.85,-1,-1,1.0,0.8,0.98207,8.2e-05
2,-1,1,0.9,0.9,-1,-1,1.0,0.8,0.985192,4.6e-05
2,-1,1,0.95,0.95,-1,-1,1.0,0.8,0.989773,9e-06
2,-1,1,1.0,1.0,-1,-1,1.0,0.8,1.0,0.0
2,-1,1,0.05,0.05,-1,-1,0.85,0.85,0.880285,0.011231
2,-1,1,0.1,0.1,-1,-1,0.85,0.85,0.880285,0.011231
2,-1,1,0.15,0.15,-1,-1,0.85,0.85,0.880285,0.011231
2,-1,1,0.2,0.2,-1,-1,0.85,0.85,0.880285,0.011231
2,-1,1,0.25,0.25,-1,-1,0.85,0.85,0.880285,0.011231
2,-1,1,0.3,0.3,-1,-1,0.85,0.85,0.880285,0.011231
2,-1,1,0.35,0.35,-1,-1,0.85,0.85,0.880285,0.011231
2,-1,1,0.4,0.4,-1,-1,0.85,0.85,0.880285,0.011231
2,-1,1,0.45,0.45,-1,-1,0.85,0.85,0.880285,0.011231
2,-1,1,0.5,0.5,-1,-1,0.85,0.85,0.880285,0.011231
2,-1,1,0.55,0.55,-1,-1,0.85,0.85,0.880285,0.011231
2,-1,1,0.6,0.6,-1,-1,0.85,0.85,0.880285,0.011231
2,-1,1,0.65,0.65,-1,-1,0.85,0.85,0.880285,0.011231
2,-1,1,0.7,0.7,-1,-1,0.85,0.85,0.880285,0.011231
2,-1,1,0.75,0.75,-1,-1,0.85,0.85,0.880285,0.011231
2,-1,1,0.8,0.8,-1,-1,0.85,0.85,0.880285,0.011231
2,-1,1,0.85,0.85,-1,-1,0.85,0.85,0.880285,0.011231
2,-1,1,0.9,0.9,-1,-1,0.85,0.85,0.880285,0.011231
2,-1,1,0.95,0.95,-1,-1,0.85,0.85,0.880285,0.011231
2,-1,1,1.0,1.0,-1,-1,0.85,0.85,0.880285,0.011231
2,-1,1,0.05,0.05,-1,-1,0.9,0.85,0.886567,0.008956
2,-1,1,0.1,0.1,-1,-1,0.9,0.85,0.891558,0.007733
2,-1,1,0.15,0.15,-1,-1,0.9,0.85,0.895504,0.007049
2,-1,1,0.2,0.2,-1,-1,0.9,0.85,0.898353,0.006581
2,-1,1,0.25,0.25,-1,-1,0.9,0.85,0.901326,0.006218
2,-1,1,0.3,0.3,-1,-1,0.9,0.85,0.903715,0.006017
2,-1,1,0.35,0.35,-1,-1,0.9,0.85,0.905414,0.005819
2,-1,1,0.4,0.4,-1,-1,0.9,0.85,0.907361,0.005675
2,-1,1,0.45,0.45,-1,-1,0.9,0.85,0.908794,0.00555
2,-1,1,0.5,0.5,-1,-1,0.9,0.85,0.910458,0.005469
2,-1,1,0.55,0.55,-1,-1,0.9,0.85,0.911696,0.005396
2,-1,1,0.6,0.6,-1,-1,0.9,0.85,0.912988,0.005354
2,-1,1,0.65,0.65,-1,-1,0.9,0.85,0.914227,0.00533
2,-1,1,0.7,0.7,-1,-1,0.9,0.85,0.915112,0.005291
2,-1,1,0.75,0.75,-1,-1,0.9,0.85,0.916156,0.005268
2,-1,1,0.8,0.8,-1,-1,0.9,0.85,0.916864,0.005226
2,-1,1,0.85,0.85,-1,-1,0.9,0.85,0.917784,0.005208
2,-1,1,0.9,0.9,-1,-1,0.9,0.85,0.918616,0.005197
2,-1,1,0.95,0.95,-1,-1,0.9,0.85,0.919837,0.005187
2,-1,1,1.0,1.0,-1,-1,0.9,0.85,0.922562,0.005184
2,-1,1,0.05,0.05,-1,-1,0.95,0.85,0.892539,0.007493
2,-1,1,0.1,0.1,-1,-1,0.95,0.85,0.902272,0.005485
2,-1,1,0.15,0.15,-1,-1,0.95,0.85,0.90997,0.00436
2,-1,1,0.2,0.2,-1,-1,0.95,0.85,0.915527,0.003592
2,-1,1,0.25,0.25,-1,-1,0.95,0.85,0.921326,0.002995
2,-1,1,0.3,0.3,-1,-1,0.95,0.85,0.925985,0.002665
2,-1,1,0.35,0.35,-1,-1,0.95,0.85,0.929299,0.002339
2,-1,1,0.4,0.4,-1,-1,0.95,0.85,0.933096,0.002103
2,-1,1,0.45,0.45,-1,-1,0.95,0.85,0.935892,0.001897
2,-1,1,0.5,0.5,-1,-1,0.95,0.85,0.939136,0.001764
2,-1,1,0.55,0.55,-1,-1,0.95,0.85,0.941553,0.001644
2,-1,1,0.6,0.6,-1,-1,0.95,0.85,0.944072,0.001575
2,-1,1,0.65,0.65,-1,-1,0.95,0.85,0.946488,0.001536
2,-1,1,0.7,0.7,-1,-1,0.95,0.85,0.948214,0.001472
2,-1,1,0.75,0.75,-1,-1,0.95,0.85,0.950251,0.001433
2,-1,1,0.8,0.8,-1,-1,0.95,0.85,0.951632,0.001365
2,-1,1,0.85,0.85,-1,-1,0.95,0.85,0.953426,0.001335
2,-1,1,0.9,0.9,-1,-1,0.95,0.85,0.955049,0.001317
2,-1,1,0.95,0.95,-1,-1,0.95,0.85,0.95743,0.0013
2,-1,1,1.0,1.0,-1,-1,0.95,0.85,0.962746,0.001296
2,-1,1,0.05,0.05,-1,-1,1.0,0.85,0.898074,0.007005
2,-1,1,0.1,0.1,-1,-1,1.0,0.85,0.912206,0.004735
2,-1,1,0.15,0.15,-1,-1,1.0,0.85,0.92338,0.003464
2,-1,1,0.2,0.2,-1,-1,1.0,0.85,0.931448,0.002596
2,-1,1,0.25,0.25,-1,-1,1.0,0.85,0.939867,0.001921
2,-1,1,0.3,0.3,-1,-1,1.0,0.85,0.946632,0.001548
2,-1,1,0.35,0.35,-1,-1,1.0,0.85,0.951443,0.001179
2,-1,1,0.4,0.4,-1,-1,1.0,0.85,0.956955,0.000912
2,-1,1,0.45,0.45,-1,-1,1.0,0.85,0.961014,0.000679
2,-1,1,0.5,0.5,-1,-1,1.0,0.85,0.965724,0.000529
2,-1,1,0.55,0.55,-1,-1,1.0,0.85,0.969232,0.000393
2,-1,1,0.6,0.6,-1,-1,1.0,0.85,0.97289,0.000315
2,-1,1,0.65,0.65,-1,-1,1.0,0.85,0.976398,0.000272
2,-1,1,0.7,0.7,-1,-1,1.0,0.85,0.978903,0.000199
2,-1,1,0.75,0.75,-1,-1,1.0,0.85,0.98186,0.000155
2,-1,1,0.8,0.8,-1,-1,1.0,0.85,0.983864,7.8e-05
2,-1,1,0.85,0.85,-1,-1,1.0,0.85,0.98647,4.4e-05
2,-1,1,0.9,0.9,-1,-1,1.0,0.85,0.988825,2.4e-05
2,-1,1,0.95,0.95,-1,-1,1.0,0.85,0.992283,5e-06
2,-1,1,1.0,1.0,-1,-1,1.0,0.85,1.0,0.0
2,-1,1,0.05,0.05,-1,-1,0.9,0.9,0.922562,0.005184
2,-1,1,0.1,0.1,-1,-1,0.9,0.9,0.922562,0.005184
2,-1,1,0.15,0.15,-1,-1,0.9,0.9,0.922562,0.005184
2,-1,1,0.2,0.2,-1,-1,0.9,0.9,0.922562,0.005184
2,-1,1,0.25,0.25,-1,-1,0.9,0.9,0.922562,0.005184
2,-1,1,0.3,0.3,-1,-1,0.9,0.9,0.922562,0.005184
2,-1,1,0.35,0.35,-1,-1,0.9,0.9,0.922562,0.005184
2,-1,1,0.4,0.4,-1,-1,0.9,0.9,0.922562,0.005184
2,-1,1,0.45,0.45,-1,-1,0.9,0.9,0.922562,0.005184
2,-1,1,0.5,0.5,-1,-1,0.9,0.9,0.922562,0.005184
2,-1,1,0.55,0.55,-1,-1,0.9,0.9,0.922562,0.005184
2,-1,1,0.6,0.6,-1,-1,0.9,0.9,0.922562,0.005184
2,-1,1,0.65,0.65,-1,-1,0.9,0.9,0.922562,0.005184
2,-1,1,0.7,0.7,-1,-1,0.9,0.9,0.922562,0.005184
2,-1,1,0.75,0.75,-1,-1,0.9,0.9,0.922562,0.005184
2,-1,1,0.8,0.8,-1,-1,0.9,0.9,0.922562,0.005184
2,-1,1,0.85,0.85,-1,-1,0.9,0.9,0.922562,0.005184
2,-1,1,0.9,0.9,-1,-1,0.9,0.9,0.922562,0.005184
2,-1,1,0.95,0.95,-1,-1,0.9,0.9,0.922562,0.005184
2,-1,1,1.0,1.0,-1,-1,0.9,0.9,0.922562,0.005184
2,-1,1,0.05,0.05,-1,-1,0.95,0.9,0.928533,0.003721
2,-1,1,0.1,0.1,-1,-1,0.95,0.9,0.933277,0.002935
2,-1,1,0.15,0.15,-1,-1,0.95,0.9,0.937028,0.002495
2,-1,1,0.2,0.2,-1,-1,0.95,0.9,0.939736,0.002195
2,-1,1,0.25,0.25,-1,-1,0.95,0.9,0.942561,0.001961
2,-1,1,0.3,0.3,-1,-1,0.95,0.9,0.944832,0.001832
2,-1,1,0.35,0.35,-1,-1,0.95,0.9,0.946447,0.001704
2,-1,1,0.4,0.4,-1,-1,0.95,0.9,0.948297,0.001612
2,-1,1,0.45,0.45,-1,-1,0.95,0.9,0.94966,0.001531
2,-1,1,0.5,0.5,-1,-1,0.95,0.9,0.951241,0.001479
2,-1,1,0.55,0.55,-1,-1,0.95,0.9,0.952418,0.001432
2,-1,1,0.6,0.6,-1,-1,0.95,0.9,0.953646,0.001405
2,-1,1,0.65,0.65,-1,-1,0.95,0.9,0.954824,0.00139
2,-1,1,0.7,0.7,-1,-1,0.95,0.9,0.955665,0.001365
2,-1,1,0.75,0.75,-1,-1,0.95,0.9,0.956657,0.00135
2,-1,1,0.8,0.8,-1,-1,0.95,0.9,0.95733,0.001323
2,-1,1,0.85,0.85,-1,-1,0.95,0.9,0.958204,0.001311
2,-1,1,0.9,0.9,-1,-1,0.95,0.9,0.958995,0.001304
2,-1,1,0.95,0.95,-1,-1,0.95,0.9,0.960156,0.001298
2,-1,1,1.0,1.0,-1,-1,0.95,0.9,0.962746,0.001296
2,-1,1,0.05,0.05,-1,-1,1.0,0.9,0.934069,0.003234
2,-1,1,0.1,0.1,-1,-1,1.0,0.9,0.94321,0.002186
2,-1,1,0.15,0.15,-1,-1,1.0,0.9,0.950438,0.001599
2,-1,1,0.2,0.2,-1,-1,1.0,0.9,0.955657,0.001198
2,-1,1,0.25,0.25,-1,-1,1.0,0.9,0.961103,0.000887
2,-1,1,0.3,0.3,-1,-1,1.0,0.9,0.965479,0.000714
2,-1,1,0.35,0.35,-1,-1,1.0,0.9,0.96859,0.000544
2,-1,1,0.4,0.4,-1,-1,1.0,0.9,0.972156,0.000421
2,-1,1,0.45,0.45,-1,-1,1.0,0.9,0.974782,0.000314
2,-1,1,0.5,0.5,-1,-1,1.0,0.9,0.977829,0.000244
2,-1,1,0.55,0.55,-1,-1,1.0,0.9,0.980098,0.000181
2,-1,1,0.6,0.6,-1,-1,1.0,0.9,0.982464,0.000146
2,-1,1,0.65,0.65,-1,-1,1.0,0.9,0.984733,0.000125
2,-1,1,0.7,0.7,-1,-1,1.0,0.9,0.986354,9.2e-05
2,-1,1,0.75,0.75,-1,-1,1.0,0.9,0.988266,7.2e-05
2,-1,1,0.8,0.8,-1,-1,1.0,0.9,0.989563,3.6e-05
2,-1,1,0.85,0.85,-1,-1,1.0,0.9,0.991248,2e-05
2,-1,1,0.9,0.9,-1,-1,1.0,0.9,0.992772,1.1e-05
2,-1,1,0.95,0.95,-1,-1,1.0,0.9,0.995008,2e-06
2,-1,1,1.0,1.0,-1,-1,1.0,0.9,1.0,0.0
2,-1,1,0.05,0.05,-1,-1,0.95,0.95,0.962746,0.001296
2,-1,1,0.1,0.1,-1,-1,0.95,0.95,0.962746,0.001296
2,-1,1,0.15,0.15,-1,-1,0.95,0.95,0.962746,0.001296
2,-1,1,0.2,0.2,-1,-1,0.95,0.95,0.962746,0.001296
2,-1,1,0.25,0.25,-1,-1,0.95,0.95,0.962746,0.001296
2,-1,1,0.3,0.3,-1,-1,0.95,0.95,0.962746,0.001296
2,-1,1,0.35,0.35,-1,-1,0.95,0.95,0.962746,0.001296
2,-1,1,0.4,0.4,-1,-1,0.95,0.95,0.962746,0.001296
2,-1,1,0.45,0.45,-1,-1,0.95,0.95,0.962746,0.001296
2,-1,1,0.5,0.5,-1,-1,0.95,0.95,0.962746,0.001296
2,-1,1,0.55,0.55,-1,-1,0.95,0.95,0.962746,0.001296
2,-1,1,0.6,0.6,-1,-1,0.95,0.95,0.962746,0.001296
2,-1,1,0.65,0.65,-1,-1,0.95,0.95,0.962746,0.001296
2,-1,1,0.7,0.7,-1,-1,0.95,0.95,0.962746,0.001296
2,-1,1,0.75,0.75,-1,-1,0.95,0.95,0.962746,0.001296
2,-1,1,0.8,0.8,-1,-1,0.95,0.95,0.962746,0.001296
2,-1,1,0.85,0.85,-1,-1,0.95,0.95,0.962746,0.001296
2,-1,1,0.9,0.9,-1,-1,0.95,0.95,0.962746,0.001296
2,-1,1,0.95,0.95,-1,-1,0.95,0.95,0.962746,0.001296
2,-1,1,1.0,1.0,-1,-1,0.95,0.95,0.962746,0.001296
2,-1,1,0.05,0.05,-1,-1,1.0,0.95,0.968282,0.000808
2,-1,1,0.1,0.1,-1,-1,1.0,0.95,0.972679,0.000546
2,-1,1,0.15,0.15,-1,-1,1.0,0.95,0.976157,0.0004
2,-1,1,0.2,0.2,-1,-1,1.0,0.95,0.978667,0.0003
2,-1,1,0.25,0.25,-1,-1,1.0,0.95,0.981287,0.000222
2,-1,1,0.3,0.3,-1,-1,1.0,0.95,0.983392,0.000179
2,-1,1,0.35,0.35,-1,-1,1.0,0.95,0.984889,0.000136
2,-1,1,0.4,0.4,-1,-1,1.0,0.95,0.986605,0.000105
2,-1,1,0.45,0.45,-1,-1,1.0,0.95,0.987868,7.8e-05
2,-1,1,0.5,0.5,-1,-1,1.0,0.95,0.989334,6.1e-05
2,-1,1,0.55,0.55,-1,-1,1.0,0.95,0.990425,4.5e-05
2,-1,1,0.6,0.6,-1,-1,1.0,0.95,0.991564,3.6e-05
2,-1,1,0.65,0.65,-1,-1,1.0,0.95,0.992655,3.1e-05
2,-1,1,0.7,0.7,-1,-1,1.0,0.95,0.993435,2.3e-05
2,-1,1,0.75,0.75,-1,-1,1.0,0.95,0.994355,1.8e-05
2,-1,1,0.8,0.8,-1,-1,1.0,0.95,0.994979,9e-06
2,-1,1,0.85,0.85,-1,-1,1.0,0.95,0.99579,5e-06
2,-1,1,0.9,0.9,-1,-1,1.0,0.95,0.996523,3e-06
2,-1,1,0.95,0.95,-1,-1,1.0,0.95,0.997599,1e-06
2,-1,1,1.0,1.0,-1,-1,1.0,0.95,1.0,0.0
2,-1,1,0.05,0.05,-1,-1,1.0,1.0,1.0,0.0
2,-1,1,0.1,0.1,-1,-1,1.0,1.0,1.0,0.0
2,-1,1,0.15,0.15,-1,-1,1.0,1.0,1.0,0.0
2,-1,1,0.2,0.2,-1,-1,1.0,1.0,1.0,0.0
2,-1,1,0.25,0.25,-1,-1,1.0,1.0,1.0,0.0
2,-1,1,0.3,0.3,-1,-1,1.0,1.0,1.0,0.0
2,-1,1,0.35,0.35,-1,-1,1.0,1.0,1.0,0.0
2,-1,1,0.4,0.4,-1,-1,1.0,1.0,1.0,0.0
2,-1,1,0.45,0.45,-1,-1,1.0,1.0,1.0,0.0
2,-1,1,0.5,0.5,-1,-1,1.0,1.0,1.0,0.0
2,-1,1,0.55,0.55,-1,-1,1.0,1.0,1.0,0.0
2,-1,1,0.6,0.6,-1,-1,1.0,1.0,1.0,0.0
2,-1,1,0.65,0.65,-1,-1,1.0,1.0,1.0,0.0
2,-1,1,0.7,0.7,-1,-1,1.0,1.0,1.0,0.0
2,-1,1,0.75,0.75,-1,-1,1.0,1.0,1.0,0.0
2,-1,1,0.8,0.8,-1,-1,1.0,1.0,1.0,0.0
2,-1,1,0.85,0.85,-1,-1,1.0,1.0,1.0,0.0
2,-1,1,0.9,0.9,-1,-1,1.0,1.0,1.0,0.0
2,-1,1,0.95,0.95,-1,-1,1.0,1.0,1.0,0.0
2,-1,1,1.0,1.0,-1,-1,1.0,1.0,1.0,0.0
