sbi_stage,ucf_stage,xception_stage,sbi_upper_threshold,sbi_lower_threshold,ucf_upper_threshold,ucf_lower_threshold,xception_upper_threshold,xception_lower_threshold,FAR,FRR
2,-1,1,0.05,0.05,-1,-1,0.05,0.05,0.000304,0.982529
2,-1,1,0.1,0.1,-1,-1,0.05,0.05,0.000304,0.982529
2,-1,1,0.15,0.15,-1,-1,0.05,0.05,0.000304,0.982529
2,-1,1,0.2,0.2,-1,-1,0.05,0.05,0.000304,0.982529
2,-1,1,0.25,0.25,-1,-1,0.05,0.05,0.000304,0.982529
2,-1,1,0.3,0.3,-1,-1,0.05,0.05,0.000304,0.982529
2,-1,1,0.35,0.35,-1,-1,0.05,0.05,0.000304,0.982529
2,-1,1,0.4,0.4,-1,-1,0.05,0.05,0.000304,0.982529
2,-1,1,0.45,0.45,-1,-1,0.05,0.05,0.000304,0.982529
2,-1,1,0.5,0.5,-1,-1,0.05,0.05,0.000304,0.982529
2,-1,1,0.55,0.55,-1,-1,0.05,0.05,0.000304,0.982529
2,-1,1,0.6,0.6,-1,-1,0.05,0.05,0.000304,0.982529
2,-1,1,0.65,0.65,-1,-1,0.05,0.05,0.000304,0.982529
2,-1,1,0.7,0.7,-1,-1,0.05,0.05,0.000304,0.982529
2,-1,1,0.75,0.75,-1,-1,0.05,0.05,0.000304,0.982529
2,-1,1,0.8,0.8,-1,-1,0.05,0.05,0.000304,0.982529
2,-1,1,0.85,0.85,-1,-1,0.05,0.05,0.000304,0.982529
2,-1,1,0.9,0.9,-1,-1,0.05,0.05,0.000304,0.982529
2,-1,1,0.95,0.95,-1,-1,0.05,0.05,0.000304,0.982529
2,-1,1,1.0,1.0,-1,-1,0.05,0.05,0.000304,0.982529
2,-1,1,0.05,0.05,-1,-1,0.1,0.05,0.000756,0.96636
2,-1,1,0.1,0.1,-1,-1,0.1,0.05,0.001119,0.957743
2,-1,1,0.15,0.15,-1,-1,0.1,0.05,0.001408,0.952834
2,-1,1,0.2,0.2,-1,-1,0.1,0.05,0.001617,0.949246
2,-1,1,0.25,0.25,-1,-1,0.1,0.05,0.001842,0.9465
2,-1,1,0.3,0.3,-1,-1,0.1,0.05,0.00202,0.944921
2,-1,1,0.35,0.35,-1,-1,0.1,0.05,0.002158,0.94329
2,-1,1,0.4,0.4,-1,-1,0.1,0.05,0.002316,0.94214
2,-1,1,0.45,0.45,-1,-1,0.1,0.05,0.002439,0.941059
2,-1,1,0.5,0.5,-1,-1,0.1,0.05,0.002576,0.940389
2,-1,1,0.55,0.55,-1,-1,0.1,0.05,0.002693,0.939703
2,-1,1,0.6,0.6,-1,-1,0.1,0.05,0.002811,0.939188
2,-1,1,0.65,0.65,-1,-1,0.1,0.05,0.002929,0.938827
2,-1,1,0.7,0.7,-1,-1,0.1,0.05,0.003016,0.938415
2,-1,1,0.75,0.75,-1,-1,0.1,0.05,0.003128,0.938158
2,-1,1,0.8,0.8,-1,-1,0.1,0.05,0.003218,0.937746
2,-1,1,0.85,0.85,-1,-1,0.1,0.05,0.003317,0.937557
2,-1,1,0.9,0.9,-1,-1,0.1,0.05,0.003438,0.937437
2,-1,1,0.95,0.95,-1,-1,0.1,0.05,0.003587,0.937351
2,-1,1,1.0,1.0,-1,-1,0.1,0.05,0.003953,0.937334
2,-1,1,0.05,0.05,-1,-1,0.15,0.05,0.001884,0.94625
2,-1,1,0.1,0.1,-1,-1,0.15,0.05,0.003157,0.926916
2,-1,1,0.15,0.15,-1,-1,0.15,0.05,0.004167,0.915901
2,-1,1,0.2,0.2,-1,-1,0.15,0.05,0.004897,0.907852
2,-1,1,0.25,0.25,-1,-1,0.15,0.05,0.005685,0.90169
2,-1,1,0.3,0.3,-1,-1,0.15,0.05,0.006308,0.898147
2,-1,1,0.35,0.35,-1,-1,0.15,0.05,0.006794,0.894488
2,-1,1,0.4,0.4,-1,-1,0.15,0.05,0.007346,0.891908
2,-1,1,0.45,0.45,-1,-1,0.15,0.05,0.007777,0.889481
2,-1,1,0.5,0.5,-1,-1,0.15,0.05,0.008254,0.887979
2,-1,1,0.55,0.55,-1,-1,0.15,0.05,0.008663,0.886439
2,-1,1,0.6,0.6,-1,-1,0.15,0.05,0.009077,0.885283
2,-1,1,0.65,0.65,-1,-1,0.15,0.05,0.009491,0.884475
2,-1,1,0.7,0.7,-1,-1,0.15,0.05,0.009794,0.88355
2,-1,1,0.75,0.75,-1,-1,0.15,0.05,0.010185,0.882973
2,-1,1,0.8,0.8,-1,-1,0.15,0.05,0.010501,0.882048
2,-1,1,0.85,0.85,-1,-1,0.15,0.05,0.010848,0.881625
2,-1,1,0.9,0.9,-1,-1,0.15,0.05,0.011271,0.881355
2,-1,1,0.95,0.95,-1,-1,0.15,0.05,0.011792,0.881163
2,-1,1,1.0,1.0,-1,-1,0.15,0.05,0.013074,0.881124
2,-1,1,0.05,0.05,-1,-1,0.2,0.05,0.003502,0.924917
2,-1,1,0.1,0.1,-1,-1,0.2,0.05,0.006078,0.894215
2,-1,1,0.15,0.15,-1,-1,0.2,0.05,0.008123,0.876723
2,-1,1,0.2,0.2,-1,-1,0.2,0.05,0.0096,0.863941
2,-1,1,0.25,0.25,-1,-1,0.2,0.05,0.011195,0.854155
2,-1,1,0.3,0.3,-1,-1,0.2,0.05,0.012456,0.848528
2,-1,1,0.35,0.35,-1,-1,0.2,0.05,0.013438,0.842718
2,-1,1,0.4,0.4,-1,-1,0.2,0.05,0.014555,0.838621
2,-1,1,0.45,0.45,-1,-1,0.2,0.05,0.015428,0.834768
2,-1,1,0.5,0.5,-1,-1,0.2,0.05,0.016392,0.832382
2,-1,1,0.55,0.55,-1,-1,0.2,0.05,0.017221,0.829936
2,-1,1,0.6,0.6,-1,-1,0.2,0.05,0.018059,0.828101
2,-1,1,0.65,0.65,-1,-1,0.2,0.05,0.018897,0.826817
2,-1,1,0.7,0.7,-1,-1,0.2,0.05,0.019509,0.825349
2,-1,1,0.75,0.75,-1,-1,0.2,0.05,0.020302,0.824432
2,-1,1,0.8,0.8,-1,-1,0.2,0.05,0.020941,0.822964
2,-1,1,0.85,0.85,-1,-1,0.2,0.05,0.021644,0.822291
2,-1,1,0.9,0.9,-1,-1,0.2,0.05,0.0225,0.821863
2,-1,1,0.95,0.95,-1,-1,0.2,0.05,0.023554,0.821557
2,-1,1,1.0,1.0,-1,-1,0.2,0.05,0.026148,0.821496
2,-1,1,0.05,0.05,-1,-1,0.25,0.05,0.005609,0.900051
2,-1,1,0.1,0.1,-1,-1,0.25,0.05,0.009882,0.856098
2,-1,1,0.15,0.15,-1,-1,0.25,0.05,0.013274,0.831057
2,-1,1,0.2,0.2,-1,-1,0.25,0.05,0.015725,0.812758
2,-1,1,0.25,0.25,-1,-1,0.25,0.05,0.018369,0.798749
2,-1,1,0.3,0.3,-1,-1,0.25,0.05,0.020461,0.790694
2,-1,1,0.35,0.35,-1,-1,0.25,0.05,0.02209,0.782376
2,-1,1,0.4,0.4,-1,-1,0.25,0.05,0.023943,0.77651
2,-1,1,0.45,0.45,-1,-1,0.25,0.05,0.025392,0.770994
2,-1,1,0.5,0.5,-1,-1,0.25,0.05,0.026991,0.767579
2,-1,1,0.55,0.55,-1,-1,0.25,0.05,0.028366,0.764077
2,-1,1,0.6,0.6,-1,-1,0.25,0.05,0.029756,0.76145
2,-1,1,0.65,0.65,-1,-1,0.25,0.05,0.031145,0.759611
2,-1,1,0.7,0.7,-1,-1,0.25,0.05,0.032161,0.75751
2,-1,1,0.75,0.75,-1,-1,0.25,0.05,0.033476,0.756197
2,-1,1,0.8,0.8,-1,-1,0.25,0.05,0.034537,0.754095
2,-1,1,0.85,0.85,-1,-1,0.25,0.05,0.035703,0.753132
2,-1,1,0.9,0.9,-1,-1,0.25,0.05,0.037122,0.752519
2,-1,1,0.95,0.95,-1,-1,0.25,0.05,0.038871,0.752082
2,-1,1,1.0,1.0,-1,-1,0.25,0.05,0.043174,0.751994
2,-1,1,0.05,0.05,-1,-1,0.3,0.05,0.009107,0.870565
2,-1,1,0.1,0.1,-1,-1,0.3,0.05,0.0162,0.810899
2,-1,1,0.15,0.15,-1,-1,0.3,0.05,0.021829,0.776906
2,-1,1,0.2,0.2,-1,-1,0.3,0.05,0.025896,0.752065
2,-1,1,0.25,0.25,-1,-1,0.3,0.05,0.030285,0.733048
2,-1,1,0.3,0.3,-1,-1,0.3,0.05,0.033757,0.722113
2,-1,1,0.35,0.35,-1,-1,0.3,0.05,0.03646,0.710821
2,-1,1,0.4,0.4,-1,-1,0.3,0.05,0.039535,0.702858
2,-1,1,0.45,0.45,-1,-1,0.3,0.05,0.04194,0.69537
2,-1,1,0.5,0.5,-1,-1,0.3,0.05,0.044594,0.690734
2,-1,1,0.55,0.55,-1,-1,0.3,0.05,0.046875,0.68598
2,-1,1,0.6,0.6,-1,-1,0.3,0.05,0.049181,0.682415
2,-1,1,0.65,0.65,-1,-1,0.3,0.05,0.051487,0.679919
2,-1,1,0.7,0.7,-1,-1,0.3,0.05,0.053174,0.677066
2,-1,1,0.75,0.75,-1,-1,0.3,0.05,0.055356,0.675283
2,-1,1,0.8,0.8,-1,-1,0.3,0.05,0.057117,0.672431
2,-1,1,0.85,0.85,-1,-1,0.3,0.05,0.059051,0.671123
2,-1,1,0.9,0.9,-1,-1,0.3,0.05,0.061407,0.670291
2,-1,1,0.95,0.95,-1,-1,0.3,0.05,0.064308,0.669697
2,-1,1,1.0,1.0,-1,-1,0.3,0.05,0.07145,0.669578
2,-1,1,0.05,0.05,-1,-1,0.35,0.05,0.013584,0.842439
2,-1,1,0.1,0.1,-1,-1,0.35,0.05,0.024283,0.767784
2,-1,1,0.15,0.15,-1,-1,0.35,0.05,0.032775,0.725251
2,-1,1,0.2,0.2,-1,-1,0.35,0.05,0.03891,0.69417
2,-1,1,0.25,0.25,-1,-1,0.35,0.05,0.045532,0.670375
2,-1,1,0.3,0.3,-1,-1,0.35,0.05,0.050769,0.656693
2,-1,1,0.35,0.35,-1,-1,0.35,0.05,0.054847,0.642565
2,-1,1,0.4,0.4,-1,-1,0.35,0.05,0.059485,0.632602
2,-1,1,0.45,0.45,-1,-1,0.35,0.05,0.063114,0.623232
2,-1,1,0.5,0.5,-1,-1,0.35,0.05,0.067117,0.617432
2,-1,1,0.55,0.55,-1,-1,0.35,0.05,0.070558,0.611484
2,-1,1,0.6,0.6,-1,-1,0.35,0.05,0.074038,0.607022
2,-1,1,0.65,0.65,-1,-1,0.35,0.05,0.077517,0.603899
2,-1,1,0.7,0.7,-1,-1,0.35,0.05,0.08006,0.60033
2,-1,1,0.75,0.75,-1,-1,0.35,0.05,0.083352,0.598099
2,-1,1,0.8,0.8,-1,-1,0.35,0.05,0.086008,0.59453
2,-1,1,0.85,0.85,-1,-1,0.35,0.05,0.088926,0.592894
2,-1,1,0.9,0.9,-1,-1,0.35,0.05,0.09248,0.591853
2,-1,1,0.95,0.95,-1,-1,0.35,0.05,0.096857,0.59111
2,-1,1,1.0,1.0,-1,-1,0.35,0.05,0.107631,0.590961
2,-1,1,0.05,0.05,-1,-1,0.4,0.05,0.019115,0.815127
2,-1,1,0.1,0.1,-1,-1,0.4,0.05,0.034269,0.725918
2,-1,1,0.15,0.15,-1,-1,0.4,0.05,0.046297,0.675093
2,-1,1,0.2,0.2,-1,-1,0.4,0.05,0.054987,0.637952
2,-1,1,0.25,0.25,-1,-1,0.4,0.05,0.064366,0.609518
2,-1,1,0.3,0.3,-1,-1,0.4,0.05,0.071785,0.593169
2,-1,1,0.35,0.35,-1,-1,0.4,0.05,0.07756,0.576287
2,-1,1,0.4,0.4,-1,-1,0.4,0.05,0.084131,0.564381
2,-1,1,0.45,0.45,-1,-1,0.4,0.05,0.08927,0.553185
2,-1,1,0.5,0.5,-1,-1,0.4,0.05,0.09494,0.546254
2,-1,1,0.55,0.55,-1,-1,0.4,0.05,0.099815,0.539146
2,-1,1,0.6,0.6,-1,-1,0.4,0.05,0.104743,0.533815
2,-1,1,0.65,0.65,-1,-1,0.4,0.05,0.109671,0.530083
2,-1,1,0.7,0.7,-1,-1,0.4,0.05,0.113274,0.525818
2,-1,1,0.75,0.75,-1,-1,0.4,0.05,0.117937,0.523152
2,-1,1,0.8,0.8,-1,-1,0.4,0.05,0.121699,0.518887
2,-1,1,0.85,0.85,-1,-1,0.4,0.05,0.125832,0.516932
2,-1,1,0.9,0.9,-1,-1,0.4,0.05,0.130866,0.515688
2,-1,1,0.95,0.95,-1,-1,0.4,0.05,0.137066,0.5148
2,-1,1,1.0,1.0,-1,-1,0.4,0.05,0.152326,0.514622
2,-1,1,0.05,0.05,-1,-1,0.45,0.05,0.02615,0.784283
2,-1,1,0.1,0.1,-1,-1,0.45,0.05,0.046972,0.678636
2,-1,1,0.15,0.15,-1,-1,0.45,0.05,0.063499,0.618447
2,-1,1,0.2,0.2,-1,-1,0.45,0.05,0.075439,0.574463
2,-1,1,0.25,0.25,-1,-1,0.45,0.05,0.088325,0.54079
2,-1,1,0.3,0.3,-1,-1,0.45,0.05,0.098518,0.521429
2,-1,1,0.35,0.35,-1,-1,0.45,0.05,0.106454,0.501436
2,-1,1,0.4,0.4,-1,-1,0.45,0.05,0.115482,0.487336
2,-1,1,0.45,0.45,-1,-1,0.45,0.05,0.122544,0.474077
2,-1,1,0.5,0.5,-1,-1,0.45,0.05,0.130334,0.465869
2,-1,1,0.55,0.55,-1,-1,0.45,0.05,0.137032,0.457452
2,-1,1,0.6,0.6,-1,-1,0.45,0.05,0.143803,0.451138
2,-1,1,0.65,0.65,-1,-1,0.45,0.05,0.150574,0.446718
2,-1,1,0.7,0.7,-1,-1,0.45,0.05,0.155525,0.441667
2,-1,1,0.75,0.75,-1,-1,0.45,0.05,0.161931,0.438511
2,-1,1,0.8,0.8,-1,-1,0.45,0.05,0.167101,0.43346
2,-1,1,0.85,0.85,-1,-1,0.45,0.05,0.172779,0.431145
2,-1,1,0.9,0.9,-1,-1,0.45,0.05,0.179696,0.429672
2,-1,1,0.95,0.95,-1,-1,0.45,0.05,0.188214,0.42862
2,-1,1,1.0,1.0,-1,-1,0.45,0.05,0.209182,0.428409
2,-1,1,0.05,0.05,-1,-1,0.5,0.05,0.04007,0.740394
2,-1,1,0.1,0.1,-1,-1,0.5,0.05,0.072106,0.611359
2,-1,1,0.15,0.15,-1,-1,0.5,0.05,0.097534,0.537845
2,-1,1,0.2,0.2,-1,-1,0.5,0.05,0.115904,0.484123
2,-1,1,0.25,0.25,-1,-1,0.5,0.05,0.135731,0.442996
2,-1,1,0.3,0.3,-1,-1,0.5,0.05,0.151414,0.419348
2,-1,1,0.35,0.35,-1,-1,0.5,0.05,0.163623,0.394929
2,-1,1,0.4,0.4,-1,-1,0.5,0.05,0.177513,0.377707
2,-1,1,0.45,0.45,-1,-1,0.5,0.05,0.188379,0.361513
2,-1,1,0.5,0.5,-1,-1,0.5,0.05,0.200365,0.351488
2,-1,1,0.55,0.55,-1,-1,0.5,0.05,0.21067,0.341207
2,-1,1,0.6,0.6,-1,-1,0.5,0.05,0.221088,0.333496
2,-1,1,0.65,0.65,-1,-1,0.5,0.05,0.231505,0.328098
2,-1,1,0.7,0.7,-1,-1,0.5,0.05,0.239122,0.321929
2,-1,1,0.75,0.75,-1,-1,0.5,0.05,0.24898,0.318073
2,-1,1,0.8,0.8,-1,-1,0.5,0.05,0.256933,0.311904
2,-1,1,0.85,0.85,-1,-1,0.5,0.05,0.26567,0.309076
2,-1,1,0.9,0.9,-1,-1,0.5,0.05,0.276312,0.307277
2,-1,1,0.95,0.95,-1,-1,0.5,0.05,0.289418,0.305992
2,-1,1,1.0,1.0,-1,-1,0.5,0.05,0.321678,0.305735
2,-1,1,0.05,0.05,-1,-1,0.55,0.05,0.049249,0.709686
2,-1,1,0.1,0.1,-1,-1,0.55,0.05,0.088681,0.564286
2,-1,1,0.15,0.15,-1,-1,0.55,0.05,0.119979,0.481448
2,-1,1,0.2,0.2,-1,-1,0.55,0.05,0.14259,0.420913
2,-1,1,0.25,0.25,-1,-1,0.55,0.05,0.166994,0.37457
2,-1,1,0.3,0.3,-1,-1,0.55,0.05,0.186296,0.347923
2,-1,1,0.35,0.35,-1,-1,0.55,0.05,0.201325,0.320407
2,-1,1,0.4,0.4,-1,-1,0.55,0.05,0.218421,0.301001
2,-1,1,0.45,0.45,-1,-1,0.55,0.05,0.231795,0.282753
2,-1,1,0.5,0.5,-1,-1,0.55,0.05,0.246547,0.271457
2,-1,1,0.55,0.55,-1,-1,0.55,0.05,0.259232,0.259872
2,-1,1,0.6,0.6,-1,-1,0.55,0.05,0.272054,0.251182
2,-1,1,0.65,0.65,-1,-1,0.55,0.05,0.284876,0.2451
2,-1,1,0.7,0.7,-1,-1,0.55,0.05,0.294252,0.238148
2,-1,1,0.75,0.75,-1,-1,0.55,0.05,0.306385,0.233804
2,-1,1,0.8,0.8,-1,-1,0.55,0.05,0.316174,0.226852
2,-1,1,0.85,0.85,-1,-1,0.55,0.05,0.326928,0.223666
2,-1,1,0.9,0.9,-1,-1,0.55,0.05,0.340026,0.221639
2,-1,1,0.95,0.95,-1,-1,0.55,0.05,0.356157,0.220191
2,-1,1,1.0,1.0,-1,-1,0.55,0.05,0.395865,0.219901
2,-1,1,0.05,0.05,-1,-1,0.6,0.05,0.058391,0.685771
2,-1,1,0.1,0.1,-1,-1,0.6,0.05,0.105189,0.527627
2,-1,1,0.15,0.15,-1,-1,0.6,0.05,0.142331,0.437529
2,-1,1,0.2,0.2,-1,-1,0.6,0.05,0.169166,0.371688
2,-1,1,0.25,0.25,-1,-1,0.6,0.05,0.198128,0.321282
2,-1,1,0.3,0.3,-1,-1,0.6,0.05,0.221036,0.2923
2,-1,1,0.35,0.35,-1,-1,0.6,0.05,0.238871,0.262372
2,-1,1,0.4,0.4,-1,-1,0.6,0.05,0.259161,0.241266
2,-1,1,0.45,0.45,-1,-1,0.6,0.05,0.275032,0.221418
2,-1,1,0.5,0.5,-1,-1,0.6,0.05,0.292541,0.209132
2,-1,1,0.55,0.55,-1,-1,0.6,0.05,0.307594,0.196531
2,-1,1,0.6,0.6,-1,-1,0.6,0.05,0.322812,0.18708
2,-1,1,0.65,0.65,-1,-1,0.6,0.05,0.338029,0.180464
2,-1,1,0.7,0.7,-1,-1,0.6,0.05,0.349155,0.172904
2,-1,1,0.75,0.75,-1,-1,0.6,0.05,0.363555,0.168178
2,-1,1,0.8,0.8,-1,-1,0.6,0.05,0.375172,0.160618
2,-1,1,0.85,0.85,-1,-1,0.6,0.05,0.387935,0.157152
2,-1,1,0.9,0.9,-1,-1,0.6,0.05,0.403479,0.154947
2,-1,1,0.95,0.95,-1,-1,0.6,0.05,0.422624,0.153372
2,-1,1,1.0,1.0,-1,-1,0.6,0.05,0.469748,0.153057
2,-1,1,0.05,0.05,-1,-1,0.65,0.05,0.06742,0.668923
2,-1,1,0.1,0.1,-1,-1,0.65,0.05,0.121492,0.501799
2,-1,1,0.15,0.15,-1,-1,0.65,0.05,0.164408,0.406586
2,-1,1,0.2,0.2,-1,-1,0.65,0.05,0.195414,0.337007
2,-1,1,0.25,0.25,-1,-1,0.65,0.05,0.228878,0.283739
2,-1,1,0.3,0.3,-1,-1,0.65,0.05,0.255347,0.253111
2,-1,1,0.35,0.35,-1,-1,0.65,0.05,0.275954,0.221485
2,-1,1,0.4,0.4,-1,-1,0.65,0.05,0.299398,0.19918
2,-1,1,0.45,0.45,-1,-1,0.65,0.05,0.317736,0.178205
2,-1,1,0.5,0.5,-1,-1,0.65,0.05,0.337966,0.165221
2,-1,1,0.55,0.55,-1,-1,0.65,0.05,0.355359,0.151906
2,-1,1,0.6,0.6,-1,-1,0.65,0.05,0.372942,0.141918
2,-1,1,0.65,0.65,-1,-1,0.65,0.05,0.390524,0.134926
2,-1,1,0.7,0.7,-1,-1,0.65,0.05,0.403381,0.126937
2,-1,1,0.75,0.75,-1,-1,0.65,0.05,0.420018,0.121943
2,-1,1,0.8,0.8,-1,-1,0.65,0.05,0.433441,0.113953
2,-1,1,0.85,0.85,-1,-1,0.65,0.05,0.448188,0.110291
2,-1,1,0.9,0.9,-1,-1,0.65,0.05,0.466149,0.107961
2,-1,1,0.95,0.95,-1,-1,0.65,0.05,0.488269,0.106296
2,-1,1,1.0,1.0,-1,-1,0.65,0.05,0.542718,0.105963
2,-1,1,0.05,0.05,-1,-1,0.7,0.05,0.076186,0.65615
2,-1,1,0.1,0.1,-1,-1,0.7,0.05,0.137319,0.48222
2,-1,1,0.15,0.15,-1,-1,0.7,0.05,0.185841,0.383129
2,-1,1,0.2,0.2,-1,-1,0.7,0.05,0.220896,0.310716
2,-1,1,0.25,0.25,-1,-1,0.7,0.05,0.258731,0.255279
2,-1,1,0.3,0.3,-1,-1,0.7,0.05,0.288656,0.223403
2,-1,1,0.35,0.35,-1,-1,0.7,0.05,0.311955,0.190489
2,-1,1,0.4,0.4,-1,-1,0.7,0.05,0.338461,0.167275
2,-1,1,0.45,0.45,-1,-1,0.7,0.05,0.359194,0.145446
2,-1,1,0.5,0.5,-1,-1,0.7,0.05,0.382066,0.131934
2,-1,1,0.55,0.55,-1,-1,0.7,0.05,0.401731,0.118076
2,-1,1,0.6,0.6,-1,-1,0.7,0.05,0.42161,0.107681
2,-1,1,0.65,0.65,-1,-1,0.7,0.05,0.441489,0.100405
2,-1,1,0.7,0.7,-1,-1,0.7,0.05,0.456024,0.09209
2,-1,1,0.75,0.75,-1,-1,0.7,0.05,0.474835,0.086893
2,-1,1,0.8,0.8,-1,-1,0.7,0.05,0.490011,0.078577
2,-1,1,0.85,0.85,-1,-1,0.7,0.05,0.506684,0.074766
2,-1,1,0.9,0.9,-1,-1,0.7,0.05,0.52699,0.072341
2,-1,1,0.95,0.95,-1,-1,0.7,0.05,0.552,0.070609
2,-1,1,1.0,1.0,-1,-1,0.7,0.05,0.61356,0.070262
2,-1,1,0.05,0.05,-1,-1,0.75,0.05,0.083033,0.647046
2,-1,1,0.1,0.1,-1,-1,0.75,0.05,0.149683,0.468265
2,-1,1,0.15,0.15,-1,-1,0.75,0.05,0.202582,0.366409
2,-1,1,0.2,0.2,-1,-1,0.75,0.05,0.240801,0.291977
2,-1,1,0.25,0.25,-1,-1,0.75,0.05,0.282049,0.234994
2,-1,1,0.3,0.3,-1,-1,0.75,0.05,0.314675,0.202229
2,-1,1,0.35,0.35,-1,-1,0.75,0.05,0.340076,0.168396
2,-1,1,0.4,0.4,-1,-1,0.75,0.05,0.368974,0.144535
2,-1,1,0.45,0.45,-1,-1,0.75,0.05,0.391578,0.122098
2,-1,1,0.5,0.5,-1,-1,0.75,0.05,0.416514,0.108208
2,-1,1,0.55,0.55,-1,-1,0.75,0.05,0.437953,0.093963
2,-1,1,0.6,0.6,-1,-1,0.75,0.05,0.459626,0.083279
2,-1,1,0.65,0.65,-1,-1,0.75,0.05,0.481298,0.0758
2,-1,1,0.7,0.7,-1,-1,0.75,0.05,0.497145,0.067253
2,-1,1,0.75,0.75,-1,-1,0.75,0.05,0.517653,0.061911
2,-1,1,0.8,0.8,-1,-1,0.75,0.05,0.534199,0.053363
2,-1,1,0.85,0.85,-1,-1,0.75,0.05,0.552376,0.049445
2,-1,1,0.9,0.9,-1,-1,0.75,0.05,0.574515,0.046953
2,-1,1,0.95,0.95,-1,-1,0.75,0.05,0.601781,0.045172
2,-1,1,1.0,1.0,-1,-1,0.75,0.05,0.668896,0.044816
2,-1,1,0.05,0.05,-1,-1,0.8,0.05,0.09003,0.638078
2,-1,1,0.1,0.1,-1,-1,0.8,0.05,0.162318,0.454517
2,-1,1,0.15,0.15,-1,-1,0.8,0.05,0.219692,0.349939
2,-1,1,0.2,0.2,-1,-1,0.8,0.05,0.261143,0.273517
2,-1,1,0.25,0.25,-1,-1,0.8,0.05,0.30588,0.21501
2,-1,1,0.3,0.3,-1,-1,0.8,0.05,0.341266,0.18137
2,-1,1,0.35,0.35,-1,-1,0.8,0.05,0.368816,0.146633
2,-1,1,0.4,0.4,-1,-1,0.8,0.05,0.400157,0.122134
2,-1,1,0.45,0.45,-1,-1,0.8,0.05,0.424673,0.099097
2,-1,1,0.5,0.5,-1,-1,0.8,0.05,0.451718,0.084836
2,-1,1,0.55,0.55,-1,-1,0.8,0.05,0.474971,0.07021
2,-1,1,0.6,0.6,-1,-1,0.8,0.05,0.498477,0.05924
2,-1,1,0.65,0.65,-1,-1,0.8,0.05,0.521983,0.051561
2,-1,1,0.7,0.7,-1,-1,0.8,0.05,0.53917,0.042785
2,-1,1,0.75,0.75,-1,-1,0.8,0.05,0.561412,0.0373
2,-1,1,0.8,0.8,-1,-1,0.8,0.05,0.579358,0.028525
2,-1,1,0.85,0.85,-1,-1,0.8,0.05,0.599072,0.024502
2,-1,1,0.9,0.9,-1,-1,0.8,0.05,0.623084,0.021943
2,-1,1,0.95,0.95,-1,-1,0.8,0.05,0.652656,0.020115
2,-1,1,1.0,1.0,-1,-1,0.8,0.05,0.725448,0.019749
2,-1,1,0.05,0.05,-1,-1,0.85,0.05,0.095373,0.634681
2,-1,1,0.1,0.1,-1,-1,0.85,0.05,0.171964,0.44931
2,-1,1,0.15,0.15,-1,-1,0.85,0.05,0.232754,0.343701
2,-1,1,0.2,0.2,-1,-1,0.85,0.05,0.276674,0.266524
2,-1,1,0.25,0.25,-1,-1,0.85,0.05,0.324074,0.207441
2,-1,1,0.3,0.3,-1,-1,0.85,0.05,0.361567,0.173469
2,-1,1,0.35,0.35,-1,-1,0.85,0.05,0.390757,0.138389
2,-1,1,0.4,0.4,-1,-1,0.85,0.05,0.423964,0.113649
2,-1,1,0.45,0.45,-1,-1,0.85,0.05,0.44994,0.090384
2,-1,1,0.5,0.5,-1,-1,0.85,0.05,0.478596,0.075983
2,-1,1,0.55,0.55,-1,-1,0.85,0.05,0.503233,0.061213
2,-1,1,0.6,0.6,-1,-1,0.85,0.05,0.528138,0.050135
2,-1,1,0.65,0.65,-1,-1,0.85,0.05,0.553043,0.04238
2,-1,1,0.7,0.7,-1,-1,0.85,0.05,0.571254,0.033518
2,-1,1,0.75,0.75,-1,-1,0.85,0.05,0.594821,0.027979
2,-1,1,0.8,0.8,-1,-1,0.85,0.05,0.613834,0.019116
2,-1,1,0.85,0.85,-1,-1,0.85,0.05,0.634723,0.015054
2,-1,1,0.9,0.9,-1,-1,0.85,0.05,0.660164,0.01247
2,-1,1,0.95,0.95,-1,-1,0.85,0.05,0.691497,0.010623
2,-1,1,1.0,1.0,-1,-1,0.85,0.05,0.768623,0.010254
2,-1,1,0.05,0.05,-1,-1,0.9,0.05,0.101166,0.632779
2,-1,1,0.1,0.1,-1,-1,0.9,0.05,0.182425,0.446394
2,-1,1,0.15,0.15,-1,-1,0.9,0.05,0.24692,0.340207
2,-1,1,0.2,0.2,-1,-1,0.9,0.05,0.293516,0.262609
2,-1,1,0.25,0.25,-1,-1,0.9,0.05,0.343805,0.203202
2,-1,1,0.3,0.3,-1,-1,0.9,0.05,0.383582,0.169044
2,-1,1,0.35,0.35,-1,-1,0.9,0.05,0.414551,0.133773
2,-1,1,0.4,0.4,-1,-1,0.9,0.05,0.449783,0.108897
2,-1,1,0.45,0.45,-1,-1,0.9,0.05,0.477342,0.085505
2,-1,1,0.5,0.5,-1,-1,0.9,0.05,0.507743,0.071025
2,-1,1,0.55,0.55,-1,-1,0.9,0.05,0.533881,0.056175
2,-1,1,0.6,0.6,-1,-1,0.9,0.05,0.560305,0.045036
2,-1,1,0.65,0.65,-1,-1,0.9,0.05,0.586728,0.037239
2,-1,1,0.7,0.7,-1,-1,0.9,0.05,0.606048,0.028328
2,-1,1,0.75,0.75,-1,-1,0.9,0.05,0.631051,0.022759
2,-1,1,0.8,0.8,-1,-1,0.9,0.05,0.651223,0.013848
2,-1,1,0.85,0.85,-1,-1,0.9,0.05,0.673385,0.009763
2,-1,1,0.9,0.9,-1,-1,0.9,0.05,0.700376,0.007165
2,-1,1,0.95,0.95,-1,-1,0.9,0.05,0.733619,0.005308
2,-1,1,1.0,1.0,-1,-1,0.9,0.05,0.815445,0.004937
2,-1,1,0.05,0.05,-1,-1,0.95,0.05,0.1076,0.63142
2,-1,1,0.1,0.1,-1,-1,0.95,0.05,0.194041,0.444311
2,-1,1,0.15,0.15,-1,-1,0.95,0.05,0.26265,0.337712
2,-1,1,0.2,0.2,-1,-1,0.95,0.05,0.312218,0.259812
2,-1,1,0.25,0.25,-1,-1,0.95,0.05,0.365715,0.200175
2,-1,1,0.3,0.3,-1,-1,0.95,0.05,0.408029,0.165884
2,-1,1,0.35,0.35,-1,-1,0.95,0.05,0.440973,0.130475
2,-1,1,0.4,0.4,-1,-1,0.95,0.05,0.478452,0.105503
2,-1,1,0.45,0.45,-1,-1,0.95,0.05,0.507768,0.08202
2,-1,1,0.5,0.5,-1,-1,0.95,0.05,0.540109,0.067484
2,-1,1,0.55,0.55,-1,-1,0.95,0.05,0.567915,0.052576
2,-1,1,0.6,0.6,-1,-1,0.95,0.05,0.596024,0.041394
2,-1,1,0.65,0.65,-1,-1,0.95,0.05,0.624132,0.033566
2,-1,1,0.7,0.7,-1,-1,0.95,0.05,0.644684,0.024621
2,-1,1,0.75,0.75,-1,-1,0.95,0.05,0.671282,0.01903
2,-1,1,0.8,0.8,-1,-1,0.95,0.05,0.692741,0.010084
2,-1,1,0.85,0.85,-1,-1,0.95,0.05,0.716316,0.005984
2,-1,1,0.9,0.9,-1,-1,0.95,0.05,0.745029,0.003376
2,-1,1,0.95,0.95,-1,-1,0.95,0.05,0.780392,0.001512
2,-1,1,1.0,1.0,-1,-1,0.95,0.05,0.867437,0.001139
2,-1,1,0.05,0.05,-1,-1,1.0,0.05,0.124002,0.631013
2,-1,1,0.1,0.1,-1,-1,1.0,0.05,0.223659,0.443687
2,-1,1,0.15,0.15,-1,-1,1.0,0.05,0.302756,0.336963
2,-1,1,0.2,0.2,-1,-1,1.0,0.05,0.359902,0.258973
2,-1,1,0.25,0.25,-1,-1,1.0,0.05,0.421577,0.199267
2,-1,1,0.3,0.3,-1,-1,1.0,0.05,0.47036,0.164936
2,-1,1,0.35,0.35,-1,-1,1.0,0.05,0.508341,0.129487
2,-1,1,0.4,0.4,-1,-1,1.0,0.05,0.551548,0.104485
2,-1,1,0.45,0.45,-1,-1,1.0,0.05,0.585347,0.080975
2,-1,1,0.5,0.5,-1,-1,1.0,0.05,0.622632,0.066422
2,-1,1,0.55,0.55,-1,-1,1.0,0.05,0.654688,0.051496
2,-1,1,0.6,0.6,-1,-1,1.0,0.05,0.687094,0.040301
2,-1,1,0.65,0.65,-1,-1,1.0,0.05,0.719499,0.032465
2,-1,1,0.7,0.7,-1,-1,1.0,0.05,0.743194,0.023509
2,-1,1,0.75,0.75,-1,-1,1.0,0.05,0.773858,0.017912
2,-1,1,0.8,0.8,-1,-1,1.0,0.05,0.798597,0.008956
2,-1,1,0.85,0.85,-1,-1,1.0,0.05,0.825776,0.004851
2,-1,1,0.9,0.9,-1,-1,1.0,0.05,0.858879,0.002239
2,-1,1,0.95,0.95,-1,-1,1.0,0.05,0.899648,0.000373
2,-1,1,1.0,1.0,-1,-1,1.0,0.05,1.0,0.0
2,-1,1,0.05,0.05,-1,-1,0.1,0.1,0.003953,0.937334
2,-1,1,0.1,0.1,-1,-1,0.1,0.1,0.003953,0.937334
2,-1,1,0.15,0.15,-1,-1,0.1,0.1,0.003953,0.937334
2,-1,1,0.2,0.2,-1,-1,0.1,0.1,0.003953,0.937334
2,-1,1,0.25,0.25,-1,-1,0.1,0.1,0.003953,0.937334
2,-1,1,0.3,0.3,-1,-1,0.1,0.1,0.003953,0.937334
2,-1,1,0.35,0.35,-1,-1,0.1,0.1,0.003953,0.937334
2,-1,1,0.4,0.4,-1,-1,0.1,0.1,0.003953,0.937334
2,-1,1,0.45,0.45,-1,-1,0.1,0.1,0.003953,0.937334
2,-1,1,0.5,0.5,-1,-1,0.1,0.1,0.003953,0.937334
2,-1,1,0.55,0.55,-1,-1,0.1,0.1,0.003953,0.937334
2,-1,1,0.6,0.6,-1,-1,0.1,0.1,0.003953,0.937334
2,-1,1,0.65,0.65,-1,-1,0.1,0.1,0.003953,0.937334
2,-1,1,0.7,0.7,-1,-1,0.1,0.1,0.003953,0.937334
2,-1,1,0.75,0.75,-1,-1,0.1,0.1,0.003953,0.937334
2,-1,1,0.8,0.8,-1,-1,0.1,0.1,0.003953,0.937334
2,-1,1,0.85,0.85,-1,-1,0.1,0.1,0.003953,0.937334
2,-1,1,0.9,0.9,-1,-1,0.1,0.1,0.003953,0.937334
2,-1,1,0.95,0.95,-1,-1,0.1,0.1,0.003953,0.937334
2,-1,1,1.0,1.0,-1,-1,0.1,0.1,0.003953,0.937334
2,-1,1,0.05,0.05,-1,-1,0.15,0.1,0.005082,0.917224
2,-1,1,0.1,0.1,-1,-1,0.15,0.1,0.005991,0.906507
2,-1,1,0.15,0.15,-1,-1,0.15,0.1,0.006713,0.900402
2,-1,1,0.2,0.2,-1,-1,0.15,0.1,0.007234,0.89594
2,-1,1,0.25,0.25,-1,-1,0.15,0.1,0.007797,0.892524
2,-1,1,0.3,0.3,-1,-1,0.15,0.1,0.008242,0.89056
2,-1,1,0.35,0.35,-1,-1,0.15,0.1,0.008588,0.888532
2,-1,1,0.4,0.4,-1,-1,0.15,0.1,0.008982,0.887102
2,-1,1,0.45,0.45,-1,-1,0.15,0.1,0.009291,0.885757
2,-1,1,0.5,0.5,-1,-1,0.15,0.1,0.009631,0.884924
2,-1,1,0.55,0.55,-1,-1,0.15,0.1,0.009923,0.88407
2,-1,1,0.6,0.6,-1,-1,0.15,0.1,0.010219,0.88343
2,-1,1,0.65,0.65,-1,-1,0.15,0.1,0.010515,0.882981
2,-1,1,0.7,0.7,-1,-1,0.15,0.1,0.010731,0.882469
2,-1,1,0.75,0.75,-1,-1,0.15,0.1,0.011011,0.882149
2,-1,1,0.8,0.8,-1,-1,0.15,0.1,0.011236,0.881636
2,-1,1,0.85,0.85,-1,-1,0.15,0.1,0.011484,0.881402
2,-1,1,0.9,0.9,-1,-1,0.15,0.1,0.011786,0.881252
2,-1,1,0.95,0.95,-1,-1,0.15,0.1,0.012158,0.881145
2,-1,1,1.0,1.0,-1,-1,0.15,0.1,0.013074,0.881124
2,-1,1,0.05,0.05,-1,-1,0.2,0.1,0.006699,0.895891
2,-1,1,0.1,0.1,-1,-1,0.2,0.1,0.008912,0.873806
2,-1,1,0.15,0.15,-1,-1,0.2,0.1,0.010668,0.861223
2,-1,1,0.2,0.2,-1,-1,0.2,0.1,0.011937,0.852028
2,-1,1,0.25,0.25,-1,-1,0.2,0.1,0.013306,0.844989
2,-1,1,0.3,0.3,-1,-1,0.2,0.1,0.014389,0.840942
2,-1,1,0.35,0.35,-1,-1,0.2,0.1,0.015232,0.836762
2,-1,1,0.4,0.4,-1,-1,0.2,0.1,0.016192,0.833815
2,-1,1,0.45,0.45,-1,-1,0.2,0.1,0.016942,0.831043
2,-1,1,0.5,0.5,-1,-1,0.2,0.1,0.01777,0.829327
2,-1,1,0.55,0.55,-1,-1,0.2,0.1,0.018481,0.827567
2,-1,1,0.6,0.6,-1,-1,0.2,0.1,0.019201,0.826247
2,-1,1,0.65,0.65,-1,-1,0.2,0.1,0.01992,0.825324
2,-1,1,0.7,0.7,-1,-1,0.2,0.1,0.020446,0.824268
2,-1,1,0.75,0.75,-1,-1,0.2,0.1,0.021127,0.823608
2,-1,1,0.8,0.8,-1,-1,0.2,0.1,0.021677,0.822552
2,-1,1,0.85,0.85,-1,-1,0.2,0.1,0.02228,0.822068
2,-1,1,0.9,0.9,-1,-1,0.2,0.1,0.023015,0.82176
2,-1,1,0.95,0.95,-1,-1,0.2,0.1,0.02392,0.82154
2,-1,1,1.0,1.0,-1,-1,0.2,0.1,0.026148,0.821496
2,-1,1,0.05,0.05,-1,-1,0.25,0.1,0.008806,0.871025
2,-1,1,0.1,0.1,-1,-1,0.25,0.1,0.012716,0.835689
2,-1,1,0.15,0.15,-1,-1,0.25,0.1,0.015819,0.815557
2,-1,1,0.2,0.2,-1,-1,0.25,0.1,0.018061,0.800846
2,-1,1,0.25,0.25,-1,-1,0.25,0.1,0.020481,0.789583
2,-1,1,0.3,0.3,-1,-1,0.25,0.1,0.022395,0.783107
2,-1,1,0.35,0.35,-1,-1,0.25,0.1,0.023885,0.77642
2,-1,1,0.4,0.4,-1,-1,0.25,0.1,0.02558,0.771704
2,-1,1,0.45,0.45,-1,-1,0.25,0.1,0.026906,0.767269
2,-1,1,0.5,0.5,-1,-1,0.25,0.1,0.028369,0.764524
2,-1,1,0.55,0.55,-1,-1,0.25,0.1,0.029626,0.761708
2,-1,1,0.6,0.6,-1,-1,0.25,0.1,0.030898,0.759596
2,-1,1,0.65,0.65,-1,-1,0.25,0.1,0.032169,0.758118
2,-1,1,0.7,0.7,-1,-1,0.25,0.1,0.033099,0.756429
2,-1,1,0.75,0.75,-1,-1,0.25,0.1,0.034302,0.755373
2,-1,1,0.8,0.8,-1,-1,0.25,0.1,0.035272,0.753683
2,-1,1,0.85,0.85,-1,-1,0.25,0.1,0.036339,0.752909
2,-1,1,0.9,0.9,-1,-1,0.25,0.1,0.037637,0.752416
2,-1,1,0.95,0.95,-1,-1,0.25,0.1,0.039237,0.752064
2,-1,1,1.0,1.0,-1,-1,0.25,0.1,0.043174,0.751994
2,-1,1,0.05,0.05,-1,-1,0.3,0.1,0.012305,0.84154
2,-1,1,0.1,0.1,-1,-1,0.3,0.1,0.019033,0.79049
2,-1,1,0.15,0.15,-1,-1,0.3,0.1,0.024374,0.761406
2,-1,1,0.2,0.2,-1,-1,0.3,0.1,0.028232,0.740153
2,-1,1,0.25,0.25,-1,-1,0.3,0.1,0.032396,0.723882
2,-1,1,0.3,0.3,-1,-1,0.3,0.1,0.03569,0.714526
2,-1,1,0.35,0.35,-1,-1,0.3,0.1,0.038254,0.704865
2,-1,1,0.4,0.4,-1,-1,0.3,0.1,0.041172,0.698052
2,-1,1,0.45,0.45,-1,-1,0.3,0.1,0.043454,0.691645
2,-1,1,0.5,0.5,-1,-1,0.3,0.1,0.045971,0.687679
2,-1,1,0.55,0.55,-1,-1,0.3,0.1,0.048135,0.683612
2,-1,1,0.6,0.6,-1,-1,0.3,0.1,0.050323,0.680561
2,-1,1,0.65,0.65,-1,-1,0.3,0.1,0.052511,0.678425
2,-1,1,0.7,0.7,-1,-1,0.3,0.1,0.054111,0.675985
2,-1,1,0.75,0.75,-1,-1,0.3,0.1,0.056181,0.674459
2,-1,1,0.8,0.8,-1,-1,0.3,0.1,0.057852,0.672019
2,-1,1,0.85,0.85,-1,-1,0.3,0.1,0.059687,0.6709
2,-1,1,0.9,0.9,-1,-1,0.3,0.1,0.061922,0.670188
2,-1,1,0.95,0.95,-1,-1,0.3,0.1,0.064674,0.66968
2,-1,1,1.0,1.0,-1,-1,0.3,0.1,0.07145,0.669578
2,-1,1,0.05,0.05,-1,-1,0.35,0.1,0.016782,0.813413
2,-1,1,0.1,0.1,-1,-1,0.35,0.1,0.027117,0.747375
2,-1,1,0.15,0.15,-1,-1,0.35,0.1,0.03532,0.709751
2,-1,1,0.2,0.2,-1,-1,0.35,0.1,0.041247,0.682257
2,-1,1,0.25,0.25,-1,-1,0.35,0.1,0.047643,0.661209
2,-1,1,0.3,0.3,-1,-1,0.35,0.1,0.052702,0.649106
2,-1,1,0.35,0.35,-1,-1,0.35,0.1,0.056641,0.636609
2,-1,1,0.4,0.4,-1,-1,0.35,0.1,0.061122,0.627795
2,-1,1,0.45,0.45,-1,-1,0.35,0.1,0.064628,0.619507
2,-1,1,0.5,0.5,-1,-1,0.35,0.1,0.068494,0.614377
2,-1,1,0.55,0.55,-1,-1,0.35,0.1,0.071819,0.609115
2,-1,1,0.6,0.6,-1,-1,0.35,0.1,0.07518,0.605169
2,-1,1,0.65,0.65,-1,-1,0.35,0.1,0.07854,0.602406
2,-1,1,0.7,0.7,-1,-1,0.35,0.1,0.080998,0.599249
2,-1,1,0.75,0.75,-1,-1,0.35,0.1,0.084178,0.597275
2,-1,1,0.8,0.8,-1,-1,0.35,0.1,0.086744,0.594118
2,-1,1,0.85,0.85,-1,-1,0.35,0.1,0.089562,0.592671
2,-1,1,0.9,0.9,-1,-1,0.35,0.1,0.092995,0.59175
2,-1,1,0.95,0.95,-1,-1,0.35,0.1,0.097223,0.591093
2,-1,1,1.0,1.0,-1,-1,0.35,0.1,0.107631,0.590961
2,-1,1,0.05,0.05,-1,-1,0.4,0.1,0.022312,0.786102
2,-1,1,0.1,0.1,-1,-1,0.4,0.1,0.037103,0.705509
2,-1,1,0.15,0.15,-1,-1,0.4,0.1,0.048842,0.659593
2,-1,1,0.2,0.2,-1,-1,0.4,0.1,0.057324,0.62604
2,-1,1,0.25,0.25,-1,-1,0.4,0.1,0.066478,0.600352
2,-1,1,0.3,0.3,-1,-1,0.4,0.1,0.073718,0.585582
2,-1,1,0.35,0.35,-1,-1,0.4,0.1,0.079355,0.570331
2,-1,1,0.4,0.4,-1,-1,0.4,0.1,0.085768,0.559574
2,-1,1,0.45,0.45,-1,-1,0.4,0.1,0.090784,0.54946
2,-1,1,0.5,0.5,-1,-1,0.4,0.1,0.096318,0.543199
2,-1,1,0.55,0.55,-1,-1,0.4,0.1,0.101075,0.536777
2,-1,1,0.6,0.6,-1,-1,0.4,0.1,0.105885,0.531961
2,-1,1,0.65,0.65,-1,-1,0.4,0.1,0.110695,0.528589
2,-1,1,0.7,0.7,-1,-1,0.4,0.1,0.114211,0.524736
2,-1,1,0.75,0.75,-1,-1,0.4,0.1,0.118762,0.522328
2,-1,1,0.8,0.8,-1,-1,0.4,0.1,0.122434,0.518475
2,-1,1,0.85,0.85,-1,-1,0.4,0.1,0.126468,0.516709
2,-1,1,0.9,0.9,-1,-1,0.4,0.1,0.131381,0.515585
2,-1,1,0.95,0.95,-1,-1,0.4,0.1,0.137432,0.514783
2,-1,1,1.0,1.0,-1,-1,0.4,0.1,0.152326,0.514622
2,-1,1,0.05,0.05,-1,-1,0.45,0.1,0.029347,0.755257
2,-1,1,0.1,0.1,-1,-1,0.45,0.1,0.049806,0.658227
2,-1,1,0.15,0.15,-1,-1,0.45,0.1,0.066044,0.602947
2,-1,1,0.2,0.2,-1,-1,0.45,0.1,0.077775,0.56255
2,-1,1,0.25,0.25,-1,-1,0.45,0.1,0.090437,0.531624
2,-1,1,0.3,0.3,-1,-1,0.45,0.1,0.100451,0.513842
2,-1,1,0.35,0.35,-1,-1,0.45,0.1,0.108249,0.49548
2,-1,1,0.4,0.4,-1,-1,0.45,0.1,0.117119,0.48253
2,-1,1,0.45,0.45,-1,-1,0.45,0.1,0.124057,0.470352
2,-1,1,0.5,0.5,-1,-1,0.45,0.1,0.131712,0.462814
2,-1,1,0.55,0.55,-1,-1,0.45,0.1,0.138292,0.455083
2,-1,1,0.6,0.6,-1,-1,0.45,0.1,0.144945,0.449284
2,-1,1,0.65,0.65,-1,-1,0.45,0.1,0.151598,0.445225
2,-1,1,0.7,0.7,-1,-1,0.45,0.1,0.156462,0.440586
2,-1,1,0.75,0.75,-1,-1,0.45,0.1,0.162757,0.437687
2,-1,1,0.8,0.8,-1,-1,0.45,0.1,0.167836,0.433048
2,-1,1,0.85,0.85,-1,-1,0.45,0.1,0.173415,0.430922
2,-1,1,0.9,0.9,-1,-1,0.45,0.1,0.180211,0.429569
2,-1,1,0.95,0.95,-1,-1,0.45,0.1,0.18858,0.428602
2,-1,1,1.0,1.0,-1,-1,0.45,0.1,0.209182,0.428409
2,-1,1,0.05,0.05,-1,-1,0.5,0.1,0.043267,0.711369
2,-1,1,0.1,0.1,-1,-1,0.5,0.1,0.07494,0.59095
2,-1,1,0.15,0.15,-1,-1,0.5,0.1,0.100079,0.522345
2,-1,1,0.2,0.2,-1,-1,0.5,0.1,0.118241,0.472211
2,-1,1,0.25,0.25,-1,-1,0.5,0.1,0.137843,0.43383
2,-1,1,0.3,0.3,-1,-1,0.5,0.1,0.153347,0.411761
2,-1,1,0.35,0.35,-1,-1,0.5,0.1,0.165418,0.388973
2,-1,1,0.4,0.4,-1,-1,0.5,0.1,0.17915,0.372901
2,-1,1,0.45,0.45,-1,-1,0.5,0.1,0.189892,0.357788
2,-1,1,0.5,0.5,-1,-1,0.5,0.1,0.201742,0.348433
2,-1,1,0.55,0.55,-1,-1,0.5,0.1,0.21193,0.338838
2,-1,1,0.6,0.6,-1,-1,0.5,0.1,0.22223,0.331642
2,-1,1,0.65,0.65,-1,-1,0.5,0.1,0.232529,0.326604
2,-1,1,0.7,0.7,-1,-1,0.5,0.1,0.24006,0.320847
2,-1,1,0.75,0.75,-1,-1,0.5,0.1,0.249805,0.317249
2,-1,1,0.8,0.8,-1,-1,0.5,0.1,0.257668,0.311492
2,-1,1,0.85,0.85,-1,-1,0.5,0.1,0.266306,0.308853
2,-1,1,0.9,0.9,-1,-1,0.5,0.1,0.276827,0.307174
2,-1,1,0.95,0.95,-1,-1,0.5,0.1,0.289784,0.305975
2,-1,1,1.0,1.0,-1,-1,0.5,0.1,0.321678,0.305735
2,-1,1,0.05,0.05,-1,-1,0.55,0.1,0.052447,0.68066
2,-1,1,0.1,0.1,-1,-1,0.55,0.1,0.091515,0.543877
2,-1,1,0.15,0.15,-1,-1,0.55,0.1,0.122524,0.465948
2,-1,1,0.2,0.2,-1,-1,0.55,0.1,0.144926,0.409001
2,-1,1,0.25,0.25,-1,-1,0.55,0.1,0.169105,0.365404
2,-1,1,0.3,0.3,-1,-1,0.55,0.1,0.18823,0.340336
2,-1,1,0.35,0.35,-1,-1,0.55,0.1,0.203119,0.314451
2,-1,1,0.4,0.4,-1,-1,0.55,0.1,0.220058,0.296195
2,-1,1,0.45,0.45,-1,-1,0.55,0.1,0.233308,0.279028
2,-1,1,0.5,0.5,-1,-1,0.55,0.1,0.247925,0.268402
2,-1,1,0.55,0.55,-1,-1,0.55,0.1,0.260492,0.257503
2,-1,1,0.6,0.6,-1,-1,0.55,0.1,0.273196,0.249329
2,-1,1,0.65,0.65,-1,-1,0.55,0.1,0.2859,0.243606
2,-1,1,0.7,0.7,-1,-1,0.55,0.1,0.295189,0.237067
2,-1,1,0.75,0.75,-1,-1,0.55,0.1,0.30721,0.23298
2,-1,1,0.8,0.8,-1,-1,0.55,0.1,0.316909,0.22644
2,-1,1,0.85,0.85,-1,-1,0.55,0.1,0.327564,0.223443
2,-1,1,0.9,0.9,-1,-1,0.55,0.1,0.340541,0.221536
2,-1,1,0.95,0.95,-1,-1,0.55,0.1,0.356524,0.220174
2,-1,1,1.0,1.0,-1,-1,0.55,0.1,0.395865,0.219901
2,-1,1,0.05,0.05,-1,-1,0.6,0.1,0.061589,0.656746
2,-1,1,0.1,0.1,-1,-1,0.6,0.1,0.108022,0.507218
2,-1,1,0.15,0.15,-1,-1,0.6,0.1,0.144876,0.422029
2,-1,1,0.2,0.2,-1,-1,0.6,0.1,0.171503,0.359775
2,-1,1,0.25,0.25,-1,-1,0.6,0.1,0.200239,0.312116
2,-1,1,0.3,0.3,-1,-1,0.6,0.1,0.222969,0.284713
2,-1,1,0.35,0.35,-1,-1,0.6,0.1,0.240666,0.256416
2,-1,1,0.4,0.4,-1,-1,0.6,0.1,0.260798,0.236459
2,-1,1,0.45,0.45,-1,-1,0.6,0.1,0.276546,0.217693
2,-1,1,0.5,0.5,-1,-1,0.6,0.1,0.293918,0.206076
2,-1,1,0.55,0.55,-1,-1,0.6,0.1,0.308854,0.194163
2,-1,1,0.6,0.6,-1,-1,0.6,0.1,0.323954,0.185226
2,-1,1,0.65,0.65,-1,-1,0.6,0.1,0.339052,0.178971
2,-1,1,0.7,0.7,-1,-1,0.6,0.1,0.350093,0.171822
2,-1,1,0.75,0.75,-1,-1,0.6,0.1,0.36438,0.167354
2,-1,1,0.8,0.8,-1,-1,0.6,0.1,0.375907,0.160206
2,-1,1,0.85,0.85,-1,-1,0.6,0.1,0.388571,0.156929
2,-1,1,0.9,0.9,-1,-1,0.6,0.1,0.403995,0.154844
2,-1,1,0.95,0.95,-1,-1,0.6,0.1,0.42299,0.153355
2,-1,1,1.0,1.0,-1,-1,0.6,0.1,0.469748,0.153057
2,-1,1,0.05,0.05,-1,-1,0.65,0.1,0.070618,0.639897
2,-1,1,0.1,0.1,-1,-1,0.65,0.1,0.124325,0.48139
2,-1,1,0.15,0.15,-1,-1,0.65,0.1,0.166953,0.391086
2,-1,1,0.2,0.2,-1,-1,0.65,0.1,0.197751,0.325094
2,-1,1,0.25,0.25,-1,-1,0.65,0.1,0.230989,0.274573
2,-1,1,0.3,0.3,-1,-1,0.65,0.1,0.25728,0.245524
2,-1,1,0.35,0.35,-1,-1,0.65,0.1,0.277749,0.215529
2,-1,1,0.4,0.4,-1,-1,0.65,0.1,0.301034,0.194373
2,-1,1,0.45,0.45,-1,-1,0.65,0.1,0.31925,0.17448
2,-1,1,0.5,0.5,-1,-1,0.65,0.1,0.339343,0.162166
2,-1,1,0.55,0.55,-1,-1,0.65,0.1,0.356619,0.149537
2,-1,1,0.6,0.6,-1,-1,0.65,0.1,0.374084,0.140064
2,-1,1,0.65,0.65,-1,-1,0.65,0.1,0.391548,0.133433
2,-1,1,0.7,0.7,-1,-1,0.65,0.1,0.404318,0.125855
2,-1,1,0.75,0.75,-1,-1,0.65,0.1,0.420843,0.121119
2,-1,1,0.8,0.8,-1,-1,0.65,0.1,0.434176,0.113541
2,-1,1,0.85,0.85,-1,-1,0.65,0.1,0.448824,0.110067
2,-1,1,0.9,0.9,-1,-1,0.65,0.1,0.466664,0.107858
2,-1,1,0.95,0.95,-1,-1,0.65,0.1,0.488635,0.106279
2,-1,1,1.0,1.0,-1,-1,0.65,0.1,0.542718,0.105963
2,-1,1,0.05,0.05,-1,-1,0.7,0.1,0.079383,0.627124
2,-1,1,0.1,0.1,-1,-1,0.7,0.1,0.140153,0.461811
2,-1,1,0.15,0.15,-1,-1,0.7,0.1,0.188386,0.367629
2,-1,1,0.2,0.2,-1,-1,0.7,0.1,0.223233,0.298803
2,-1,1,0.25,0.25,-1,-1,0.7,0.1,0.260842,0.246113
2,-1,1,0.3,0.3,-1,-1,0.7,0.1,0.29059,0.215817
2,-1,1,0.35,0.35,-1,-1,0.7,0.1,0.31375,0.184533
2,-1,1,0.4,0.4,-1,-1,0.7,0.1,0.340098,0.162469
2,-1,1,0.45,0.45,-1,-1,0.7,0.1,0.360708,0.141722
2,-1,1,0.5,0.5,-1,-1,0.7,0.1,0.383444,0.128879
2,-1,1,0.55,0.55,-1,-1,0.7,0.1,0.402991,0.115707
2,-1,1,0.6,0.6,-1,-1,0.7,0.1,0.422752,0.105828
2,-1,1,0.65,0.65,-1,-1,0.7,0.1,0.442513,0.098912
2,-1,1,0.7,0.7,-1,-1,0.7,0.1,0.456962,0.091008
2,-1,1,0.75,0.75,-1,-1,0.7,0.1,0.47566,0.086069
2,-1,1,0.8,0.8,-1,-1,0.7,0.1,0.490746,0.078165
2,-1,1,0.85,0.85,-1,-1,0.7,0.1,0.50732,0.074543
2,-1,1,0.9,0.9,-1,-1,0.7,0.1,0.527505,0.072238
2,-1,1,0.95,0.95,-1,-1,0.7,0.1,0.552366,0.070591
2,-1,1,1.0,1.0,-1,-1,0.7,0.1,0.61356,0.070262
2,-1,1,0.05,0.05,-1,-1,0.75,0.1,0.08623,0.618021
2,-1,1,0.1,0.1,-1,-1,0.75,0.1,0.152517,0.447856
2,-1,1,0.15,0.15,-1,-1,0.75,0.1,0.205128,0.35091
2,-1,1,0.2,0.2,-1,-1,0.75,0.1,0.243138,0.280064
2,-1,1,0.25,0.25,-1,-1,0.75,0.1,0.284161,0.225828
2,-1,1,0.3,0.3,-1,-1,0.75,0.1,0.316609,0.194642
2,-1,1,0.35,0.35,-1,-1,0.75,0.1,0.341871,0.16244
2,-1,1,0.4,0.4,-1,-1,0.75,0.1,0.370611,0.139729
2,-1,1,0.45,0.45,-1,-1,0.75,0.1,0.393092,0.118373
2,-1,1,0.5,0.5,-1,-1,0.75,0.1,0.417891,0.105153
2,-1,1,0.55,0.55,-1,-1,0.75,0.1,0.439213,0.091595
2,-1,1,0.6,0.6,-1,-1,0.75,0.1,0.460768,0.081425
2,-1,1,0.65,0.65,-1,-1,0.75,0.1,0.482322,0.074307
2,-1,1,0.7,0.7,-1,-1,0.75,0.1,0.498083,0.066171
2,-1,1,0.75,0.75,-1,-1,0.75,0.1,0.518479,0.061087
2,-1,1,0.8,0.8,-1,-1,0.75,0.1,0.534934,0.052951
2,-1,1,0.85,0.85,-1,-1,0.75,0.1,0.553012,0.049222
2,-1,1,0.9,0.9,-1,-1,0.75,0.1,0.57503,0.04685
2,-1,1,0.95,0.95,-1,-1,0.75,0.1,0.602147,0.045155
2,-1,1,1.0,1.0,-1,-1,0.75,0.1,0.668896,0.044816
2,-1,1,0.05,0.05,-1,-1,0.8,0.1,0.093228,0.609052
2,-1,1,0.1,0.1,-1,-1,0.8,0.1,0.165152,0.434108
2,-1,1,0.15,0.15,-1,-1,0.8,0.1,0.222237,0.334439
2,-1,1,0.2,0.2,-1,-1,0.8,0.1,0.26348,0.261604
2,-1,1,0.25,0.25,-1,-1,0.8,0.1,0.307992,0.205844
2,-1,1,0.3,0.3,-1,-1,0.8,0.1,0.343199,0.173783
2,-1,1,0.35,0.35,-1,-1,0.8,0.1,0.37061,0.140677
2,-1,1,0.4,0.4,-1,-1,0.8,0.1,0.401794,0.117328
2,-1,1,0.45,0.45,-1,-1,0.8,0.1,0.426187,0.095372
2,-1,1,0.5,0.5,-1,-1,0.8,0.1,0.453096,0.08178
2,-1,1,0.55,0.55,-1,-1,0.8,0.1,0.476231,0.067841
2,-1,1,0.6,0.6,-1,-1,0.8,0.1,0.499619,0.057387
2,-1,1,0.65,0.65,-1,-1,0.8,0.1,0.523007,0.050068
2,-1,1,0.7,0.7,-1,-1,0.8,0.1,0.540107,0.041704
2,-1,1,0.75,0.75,-1,-1,0.8,0.1,0.562238,0.036477
2,-1,1,0.8,0.8,-1,-1,0.8,0.1,0.580093,0.028113
2,-1,1,0.85,0.85,-1,-1,0.8,0.1,0.599708,0.024279
2,-1,1,0.9,0.9,-1,-1,0.8,0.1,0.623599,0.02184
2,-1,1,0.95,0.95,-1,-1,0.8,0.1,0.653022,0.020098
2,-1,1,1.0,1.0,-1,-1,0.8,0.1,0.725448,0.019749
2,-1,1,0.05,0.05,-1,-1,0.85,0.1,0.09857,0.605655
2,-1,1,0.1,0.1,-1,-1,0.85,0.1,0.174798,0.428901
2,-1,1,0.15,0.15,-1,-1,0.85,0.1,0.235299,0.328201
2,-1,1,0.2,0.2,-1,-1,0.85,0.1,0.27901,0.254612
2,-1,1,0.25,0.25,-1,-1,0.85,0.1,0.326186,0.198275
2,-1,1,0.3,0.3,-1,-1,0.85,0.1,0.3635,0.165882
2,-1,1,0.35,0.35,-1,-1,0.85,0.1,0.392551,0.132433
2,-1,1,0.4,0.4,-1,-1,0.85,0.1,0.425601,0.108842
2,-1,1,0.45,0.45,-1,-1,0.85,0.1,0.451454,0.086659
2,-1,1,0.5,0.5,-1,-1,0.85,0.1,0.479973,0.072927
2,-1,1,0.55,0.55,-1,-1,0.85,0.1,0.504493,0.058844
2,-1,1,0.6,0.6,-1,-1,0.85,0.1,0.529281,0.048281
2,-1,1,0.65,0.65,-1,-1,0.85,0.1,0.554067,0.040887
2,-1,1,0.7,0.7,-1,-1,0.85,0.1,0.572192,0.032436
2,-1,1,0.75,0.75,-1,-1,0.85,0.1,0.595646,0.027155
2,-1,1,0.8,0.8,-1,-1,0.85,0.1,0.61457,0.018704
2,-1,1,0.85,0.85,-1,-1,0.85,0.1,0.635359,0.014831
2,-1,1,0.9,0.9,-1,-1,0.85,0.1,0.660679,0.012367
2,-1,1,0.95,0.95,-1,-1,0.85,0.1,0.691863,0.010606
2,-1,1,1.0,1.0,-1,-1,0.85,0.1,0.768623,0.010254
2,-1,1,0.05,0.05,-1,-1,0.9,0.1,0.104364,0.603753
2,-1,1,0.1,0.1,-1,-1,0.9,0.1,0.185259,0.425985
2,-1,1,0.15,0.15,-1,-1,0.9,0.1,0.249465,0.324707
2,-1,1,0.2,0.2,-1,-1,0.9,0.1,0.295852,0.250696
2,-1,1,0.25,0.25,-1,-1,0.9,0.1,0.345917,0.194036
2,-1,1,0.3,0.3,-1,-1,0.9,0.1,0.385516,0.161458
2,-1,1,0.35,0.35,-1,-1,0.9,0.1,0.416346,0.127817
2,-1,1,0.4,0.4,-1,-1,0.9,0.1,0.451419,0.104091
2,-1,1,0.45,0.45,-1,-1,0.9,0.1,0.478855,0.08178
2,-1,1,0.5,0.5,-1,-1,0.9,0.1,0.509121,0.06797
2,-1,1,0.55,0.55,-1,-1,0.9,0.1,0.535142,0.053806
2,-1,1,0.6,0.6,-1,-1,0.9,0.1,0.561447,0.043182
2,-1,1,0.65,0.65,-1,-1,0.9,0.1,0.587752,0.035745
2,-1,1,0.7,0.7,-1,-1,0.9,0.1,0.606986,0.027246
2,-1,1,0.75,0.75,-1,-1,0.9,0.1,0.631877,0.021935
2,-1,1,0.8,0.8,-1,-1,0.9,0.1,0.651959,0.013436
2,-1,1,0.85,0.85,-1,-1,0.9,0.1,0.674021,0.00954
2,-1,1,0.9,0.9,-1,-1,0.9,0.1,0.700892,0.007062
2,-1,1,0.95,0.95,-1,-1,0.9,0.1,0.733985,0.005291
2,-1,1,1.0,1.0,-1,-1,0.9,0.1,0.815445,0.004937
2,-1,1,0.05,0.05,-1,-1,0.95,0.1,0.110797,0.602394
2,-1,1,0.1,0.1,-1,-1,0.95,0.1,0.196875,0.423902
2,-1,1,0.15,0.15,-1,-1,0.95,0.1,0.265195,0.322212
2,-1,1,0.2,0.2,-1,-1,0.95,0.1,0.314554,0.247899
2,-1,1,0.25,0.25,-1,-1,0.95,0.1,0.367826,0.191009
2,-1,1,0.3,0.3,-1,-1,0.95,0.1,0.409962,0.158297
2,-1,1,0.35,0.35,-1,-1,0.95,0.1,0.442768,0.124519
2,-1,1,0.4,0.4,-1,-1,0.95,0.1,0.480088,0.100697
2,-1,1,0.45,0.45,-1,-1,0.95,0.1,0.509282,0.078296
2,-1,1,0.5,0.5,-1,-1,0.95,0.1,0.541486,0.064429
2,-1,1,0.55,0.55,-1,-1,0.95,0.1,0.569175,0.050207
2,-1,1,0.6,0.6,-1,-1,0.95,0.1,0.597166,0.03954
2,-1,1,0.65,0.65,-1,-1,0.95,0.1,0.625155,0.032073
2,-1,1,0.7,0.7,-1,-1,0.95,0.1,0.645622,0.023539
2,-1,1,0.75,0.75,-1,-1,0.95,0.1,0.672107,0.018206
2,-1,1,0.8,0.8,-1,-1,0.95,0.1,0.693476,0.009672
2,-1,1,0.85,0.85,-1,-1,0.95,0.1,0.716952,0.005761
2,-1,1,0.9,0.9,-1,-1,0.95,0.1,0.745544,0.003273
2,-1,1,0.95,0.95,-1,-1,0.95,0.1,0.780758,0.001495
2,-1,1,1.0,1.0,-1,-1,0.95,0.1,0.867437,0.001139
2,-1,1,0.05,0.05,-1,-1,1.0,0.1,0.1272,0.601987
2,-1,1,0.1,0.1,-1,-1,1.0,0.1,0.226493,0.423278
2,-1,1,0.15,0.15,-1,-1,1.0,0.1,0.305301,0.321463
2,-1,1,0.2,0.2,-1,-1,1.0,0.1,0.362238,0.247061
2,-1,1,0.25,0.25,-1,-1,1.0,0.1,0.423688,0.190101
2,-1,1,0.3,0.3,-1,-1,1.0,0.1,0.472293,0.157349
2,-1,1,0.35,0.35,-1,-1,1.0,0.1,0.510135,0.12353
2,-1,1,0.4,0.4,-1,-1,1.0,0.1,0.553185,0.099679
2,-1,1,0.45,0.45,-1,-1,1.0,0.1,0.586861,0.07725
2,-1,1,0.5,0.5,-1,-1,1.0,0.1,0.624009,0.063367
2,-1,1,0.55,0.55,-1,-1,1.0,0.1,0.655948,0.049128
2,-1,1,0.6,0.6,-1,-1,1.0,0.1,0.688236,0.038448
2,-1,1,0.65,0.65,-1,-1,1.0,0.1,0.720523,0.030971
2,-1,1,0.7,0.7,-1,-1,1.0,0.1,0.744131,0.022428
2,-1,1,0.75,0.75,-1,-1,1.0,0.1,0.774683,0.017088
2,-1,1,0.8,0.8,-1,-1,1.0,0.1,0.799332,0.008544
2,-1,1,0.85,0.85,-1,-1,1.0,0.1,0.826412,0.004628
2,-1,1,0.9,0.9,-1,-1,1.0,0.1,0.859394,0.002136
2,-1,1,0.95,0.95,-1,-1,1.0,0.1,0.900014,0.000356
2,-1,1,1.0,1.0,-1,-1,1.0,0.1,1.0,0.0
2,-1,1,0.05,0.05,-1,-1,0.15,0.15,0.013074,0.881124
2,-1,1,0.1,0.1,-1,-1,0.15,0.15,0.013074,0.881124
2,-1,1,0.15,0.15,-1,-1,0.15,0.15,0.013074,0.881124
2,-1,1,0.2,0.2,-1,-1,0.15,0.15,0.013074,0.881124
2,-1,1,0.25,0.25,-1,-1,0.15,0.15,0.013074,0.881124
2,-1,1,0.3,0.3,-1,-1,0.15,0.15,0.013074,0.881124
2,-1,1,0.35,0.35,-1,-1,0.15,0.15,0.013074,0.881124
2,-1,1,0.4,0.4,-1,-1,0.15,0.15,0.013074,0.881124
2,-1,1,0.45,0.45,-1,-1,0.15,0.15,0.013074,0.881124
2,-1,1,0.5,0.5,-1,-1,0.15,0.15,0.013074,0.881124
2,-1,1,0.55,0.55,-1,-1,0.15,0.15,0.013074,0.881124
2,-1,1,0.6,0.6,-1,-1,0.15,0.15,0.013074,0.881124
2,-1,1,0.65,0.65,-1,-1,0.15,0.15,0.013074,0.881124
2,-1,1,0.7,0.7,-1,-1,0.15,0.15,0.013074,0.881124
2,-1,1,0.75,0.75,-1,-1,0.15,0.15,0.013074,0.881124
2,-1,1,0.8,0.8,-1,-1,0.15,0.15,0.013074,0.881124
2,-1,1,0.85,0.85,-1,-1,0.15,0.15,0.013074,0.881124
2,-1,1,0.9,0.9,-1,-1,0.15,0.15,0.013074,0.881124
2,-1,1,0.95,0.95,-1,-1,0.15,0.15,0.013074,0.881124
2,-1,1,1.0,1.0,-1,-1,0.15,0.15,0.013074,0.881124
2,-1,1,0.05,0.05,-1,-1,0.2,0.15,0.014692,0.859791
2,-1,1,0.1,0.1,-1,-1,0.2,0.15,0.015995,0.848423
2,-1,1,0.15,0.15,-1,-1,0.2,0.15,0.017029,0.841946
2,-1,1,0.2,0.2,-1,-1,0.2,0.15,0.017777,0.837213
2,-1,1,0.25,0.25,-1,-1,0.2,0.15,0.018583,0.833589
2,-1,1,0.3,0.3,-1,-1,0.2,0.15,0.019221,0.831506
2,-1,1,0.35,0.35,-1,-1,0.2,0.15,0.019718,0.829354
2,-1,1,0.4,0.4,-1,-1,0.2,0.15,0.020283,0.827837
2,-1,1,0.45,0.45,-1,-1,0.2,0.15,0.020725,0.82641
2,-1,1,0.5,0.5,-1,-1,0.2,0.15,0.021213,0.825527
2,-1,1,0.55,0.55,-1,-1,0.2,0.15,0.021632,0.824621
2,-1,1,0.6,0.6,-1,-1,0.2,0.15,0.022056,0.823942
2,-1,1,0.65,0.65,-1,-1,0.2,0.15,0.02248,0.823466
2,-1,1,0.7,0.7,-1,-1,0.2,0.15,0.022789,0.822923
2,-1,1,0.75,0.75,-1,-1,0.2,0.15,0.023191,0.822583
2,-1,1,0.8,0.8,-1,-1,0.2,0.15,0.023514,0.82204
2,-1,1,0.85,0.85,-1,-1,0.2,0.15,0.02387,0.82179
2,-1,1,0.9,0.9,-1,-1,0.2,0.15,0.024302,0.821632
2,-1,1,0.95,0.95,-1,-1,0.2,0.15,0.024836,0.821519
2,-1,1,1.0,1.0,-1,-1,0.2,0.15,0.026148,0.821496
2,-1,1,0.05,0.05,-1,-1,0.25,0.15,0.016798,0.834926
2,-1,1,0.1,0.1,-1,-1,0.25,0.15,0.019799,0.810306
2,-1,1,0.15,0.15,-1,-1,0.25,0.15,0.022181,0.79628
2,-1,1,0.2,0.2,-1,-1,0.25,0.15,0.023901,0.78603
2,-1,1,0.25,0.25,-1,-1,0.25,0.15,0.025758,0.778183
2,-1,1,0.3,0.3,-1,-1,0.25,0.15,0.027227,0.773671
2,-1,1,0.35,0.35,-1,-1,0.25,0.15,0.028371,0.769012
2,-1,1,0.4,0.4,-1,-1,0.25,0.15,0.029672,0.765726
2,-1,1,0.45,0.45,-1,-1,0.25,0.15,0.030689,0.762636
2,-1,1,0.5,0.5,-1,-1,0.25,0.15,0.031812,0.760724
2,-1,1,0.55,0.55,-1,-1,0.25,0.15,0.032777,0.758762
2,-1,1,0.6,0.6,-1,-1,0.25,0.15,0.033753,0.757291
2,-1,1,0.65,0.65,-1,-1,0.25,0.15,0.034728,0.756261
2,-1,1,0.7,0.7,-1,-1,0.25,0.15,0.035442,0.755084
2,-1,1,0.75,0.75,-1,-1,0.25,0.15,0.036365,0.754348
2,-1,1,0.8,0.8,-1,-1,0.25,0.15,0.03711,0.753171
2,-1,1,0.85,0.85,-1,-1,0.25,0.15,0.037928,0.752632
2,-1,1,0.9,0.9,-1,-1,0.25,0.15,0.038925,0.752288
2,-1,1,0.95,0.95,-1,-1,0.25,0.15,0.040152,0.752043
2,-1,1,1.0,1.0,-1,-1,0.25,0.15,0.043174,0.751994
2,-1,1,0.05,0.05,-1,-1,0.3,0.15,0.020297,0.80544
2,-1,1,0.1,0.1,-1,-1,0.3,0.15,0.026117,0.765107
2,-1,1,0.15,0.15,-1,-1,0.3,0.15,0.030735,0.742129
2,-1,1,0.2,0.2,-1,-1,0.3,0.15,0.034072,0.725337
2,-1,1,0.25,0.25,-1,-1,0.3,0.15,0.037674,0.712482
2,-1,1,0.3,0.3,-1,-1,0.3,0.15,0.040522,0.70509
2,-1,1,0.35,0.35,-1,-1,0.3,0.15,0.04274,0.697457
2,-1,1,0.4,0.4,-1,-1,0.3,0.15,0.045263,0.692074
2,-1,1,0.45,0.45,-1,-1,0.3,0.15,0.047237,0.687013
2,-1,1,0.5,0.5,-1,-1,0.3,0.15,0.049414,0.683879
2,-1,1,0.55,0.55,-1,-1,0.3,0.15,0.051286,0.680666
2,-1,1,0.6,0.6,-1,-1,0.3,0.15,0.053178,0.678255
2,-1,1,0.65,0.65,-1,-1,0.3,0.15,0.055071,0.676568
2,-1,1,0.7,0.7,-1,-1,0.3,0.15,0.056454,0.67464
2,-1,1,0.75,0.75,-1,-1,0.3,0.15,0.058245,0.673434
2,-1,1,0.8,0.8,-1,-1,0.3,0.15,0.059689,0.671506
2,-1,1,0.85,0.85,-1,-1,0.3,0.15,0.061276,0.670622
2,-1,1,0.9,0.9,-1,-1,0.3,0.15,0.063209,0.67006
2,-1,1,0.95,0.95,-1,-1,0.3,0.15,0.06559,0.669658
2,-1,1,1.0,1.0,-1,-1,0.3,0.15,0.07145,0.669578
2,-1,1,0.05,0.05,-1,-1,0.35,0.15,0.024774,0.777313
2,-1,1,0.1,0.1,-1,-1,0.35,0.15,0.0342,0.721992
2,-1,1,0.15,0.15,-1,-1,0.35,0.15,0.041682,0.690474
2,-1,1,0.2,0.2,-1,-1,0.35,0.15,0.047087,0.667442
2,-1,1,0.25,0.25,-1,-1,0.35,0.15,0.05292,0.649809
2,-1,1,0.3,0.3,-1,-1,0.35,0.15,0.057535,0.63967
2,-1,1,0.35,0.35,-1,-1,0.35,0.15,0.061127,0.629201
2,-1,1,0.4,0.4,-1,-1,0.35,0.15,0.065214,0.621818
2,-1,1,0.45,0.45,-1,-1,0.35,0.15,0.068411,0.614875
2,-1,1,0.5,0.5,-1,-1,0.35,0.15,0.071937,0.610577
2,-1,1,0.55,0.55,-1,-1,0.35,0.15,0.074969,0.606169
2,-1,1,0.6,0.6,-1,-1,0.35,0.15,0.078035,0.602863
2,-1,1,0.65,0.65,-1,-1,0.35,0.15,0.0811,0.600549
2,-1,1,0.7,0.7,-1,-1,0.35,0.15,0.083341,0.597904
2,-1,1,0.75,0.75,-1,-1,0.35,0.15,0.086241,0.596251
2,-1,1,0.8,0.8,-1,-1,0.35,0.15,0.088581,0.593606
2,-1,1,0.85,0.85,-1,-1,0.35,0.15,0.091152,0.592394
2,-1,1,0.9,0.9,-1,-1,0.35,0.15,0.094283,0.591622
2,-1,1,0.95,0.95,-1,-1,0.35,0.15,0.098139,0.591071
2,-1,1,1.0,1.0,-1,-1,0.35,0.15,0.107631,0.590961
2,-1,1,0.05,0.05,-1,-1,0.4,0.15,0.030304,0.750002
2,-1,1,0.1,0.1,-1,-1,0.4,0.15,0.044186,0.680126
2,-1,1,0.15,0.15,-1,-1,0.4,0.15,0.055204,0.640316
2,-1,1,0.2,0.2,-1,-1,0.4,0.15,0.063164,0.611224
2,-1,1,0.25,0.25,-1,-1,0.4,0.15,0.071755,0.588952
2,-1,1,0.3,0.3,-1,-1,0.4,0.15,0.07855,0.576146
2,-1,1,0.35,0.35,-1,-1,0.4,0.15,0.083841,0.562923
2,-1,1,0.4,0.4,-1,-1,0.4,0.15,0.089859,0.553597
2,-1,1,0.45,0.45,-1,-1,0.4,0.15,0.094567,0.544827
2,-1,1,0.5,0.5,-1,-1,0.4,0.15,0.099761,0.539399
2,-1,1,0.55,0.55,-1,-1,0.4,0.15,0.104226,0.533831
2,-1,1,0.6,0.6,-1,-1,0.4,0.15,0.10874,0.529655
2,-1,1,0.65,0.65,-1,-1,0.4,0.15,0.113254,0.526732
2,-1,1,0.7,0.7,-1,-1,0.4,0.15,0.116554,0.523391
2,-1,1,0.75,0.75,-1,-1,0.4,0.15,0.120826,0.521303
2,-1,1,0.8,0.8,-1,-1,0.4,0.15,0.124272,0.517963
2,-1,1,0.85,0.85,-1,-1,0.4,0.15,0.128058,0.516431
2,-1,1,0.9,0.9,-1,-1,0.4,0.15,0.132669,0.515457
2,-1,1,0.95,0.95,-1,-1,0.4,0.15,0.138347,0.514761
2,-1,1,1.0,1.0,-1,-1,0.4,0.15,0.152326,0.514622
2,-1,1,0.05,0.05,-1,-1,0.45,0.15,0.03734,0.719158
2,-1,1,0.1,0.1,-1,-1,0.45,0.15,0.056889,0.632844
2,-1,1,0.15,0.15,-1,-1,0.45,0.15,0.072405,0.58367
2,-1,1,0.2,0.2,-1,-1,0.45,0.15,0.083615,0.547735
2,-1,1,0.25,0.25,-1,-1,0.45,0.15,0.095714,0.520224
2,-1,1,0.3,0.3,-1,-1,0.45,0.15,0.105284,0.504406
2,-1,1,0.35,0.35,-1,-1,0.45,0.15,0.112734,0.488072
2,-1,1,0.4,0.4,-1,-1,0.45,0.15,0.12121,0.476552
2,-1,1,0.45,0.45,-1,-1,0.45,0.15,0.127841,0.46572
2,-1,1,0.5,0.5,-1,-1,0.45,0.15,0.135155,0.459014
2,-1,1,0.55,0.55,-1,-1,0.45,0.15,0.141443,0.452137
2,-1,1,0.6,0.6,-1,-1,0.45,0.15,0.1478,0.446978
2,-1,1,0.65,0.65,-1,-1,0.45,0.15,0.154157,0.443368
2,-1,1,0.7,0.7,-1,-1,0.45,0.15,0.158805,0.439241
2,-1,1,0.75,0.75,-1,-1,0.45,0.15,0.16482,0.436662
2,-1,1,0.8,0.8,-1,-1,0.45,0.15,0.169673,0.432535
2,-1,1,0.85,0.85,-1,-1,0.45,0.15,0.175005,0.430644
2,-1,1,0.9,0.9,-1,-1,0.45,0.15,0.181499,0.429441
2,-1,1,0.95,0.95,-1,-1,0.45,0.15,0.189496,0.428581
2,-1,1,1.0,1.0,-1,-1,0.45,0.15,0.209182,0.428409
2,-1,1,0.05,0.05,-1,-1,0.5,0.15,0.051259,0.675269
2,-1,1,0.1,0.1,-1,-1,0.5,0.15,0.082023,0.565567
2,-1,1,0.15,0.15,-1,-1,0.5,0.15,0.10644,0.503068
2,-1,1,0.2,0.2,-1,-1,0.5,0.15,0.124081,0.457395
2,-1,1,0.25,0.25,-1,-1,0.5,0.15,0.14312,0.42243
2,-1,1,0.3,0.3,-1,-1,0.5,0.15,0.158179,0.402325
2,-1,1,0.35,0.35,-1,-1,0.5,0.15,0.169904,0.381565
2,-1,1,0.4,0.4,-1,-1,0.5,0.15,0.183242,0.366924
2,-1,1,0.45,0.45,-1,-1,0.5,0.15,0.193676,0.353156
2,-1,1,0.5,0.5,-1,-1,0.5,0.15,0.205185,0.344633
2,-1,1,0.55,0.55,-1,-1,0.5,0.15,0.215081,0.335892
2,-1,1,0.6,0.6,-1,-1,0.5,0.15,0.225085,0.329336
2,-1,1,0.65,0.65,-1,-1,0.5,0.15,0.235088,0.324747
2,-1,1,0.7,0.7,-1,-1,0.5,0.15,0.242403,0.319502
2,-1,1,0.75,0.75,-1,-1,0.5,0.15,0.251868,0.316224
2,-1,1,0.8,0.8,-1,-1,0.5,0.15,0.259505,0.31098
2,-1,1,0.85,0.85,-1,-1,0.5,0.15,0.267895,0.308576
2,-1,1,0.9,0.9,-1,-1,0.5,0.15,0.278114,0.307046
2,-1,1,0.95,0.95,-1,-1,0.5,0.15,0.290699,0.305954
2,-1,1,1.0,1.0,-1,-1,0.5,0.15,0.321678,0.305735
2,-1,1,0.05,0.05,-1,-1,0.55,0.15,0.060439,0.64456
2,-1,1,0.1,0.1,-1,-1,0.55,0.15,0.098598,0.518493
2,-1,1,0.15,0.15,-1,-1,0.55,0.15,0.128885,0.446671
2,-1,1,0.2,0.2,-1,-1,0.55,0.15,0.150767,0.394185
2,-1,1,0.25,0.25,-1,-1,0.55,0.15,0.174383,0.354004
2,-1,1,0.3,0.3,-1,-1,0.55,0.15,0.193062,0.3309
2,-1,1,0.35,0.35,-1,-1,0.55,0.15,0.207605,0.307043
2,-1,1,0.4,0.4,-1,-1,0.55,0.15,0.22415,0.290217
2,-1,1,0.45,0.45,-1,-1,0.55,0.15,0.237091,0.274396
2,-1,1,0.5,0.5,-1,-1,0.55,0.15,0.251368,0.264602
2,-1,1,0.55,0.55,-1,-1,0.55,0.15,0.263642,0.254557
2,-1,1,0.6,0.6,-1,-1,0.55,0.15,0.276051,0.247023
2,-1,1,0.65,0.65,-1,-1,0.55,0.15,0.288459,0.241749
2,-1,1,0.7,0.7,-1,-1,0.55,0.15,0.297532,0.235722
2,-1,1,0.75,0.75,-1,-1,0.55,0.15,0.309273,0.231955
2,-1,1,0.8,0.8,-1,-1,0.55,0.15,0.318746,0.225928
2,-1,1,0.85,0.85,-1,-1,0.55,0.15,0.329153,0.223165
2,-1,1,0.9,0.9,-1,-1,0.55,0.15,0.341829,0.221408
2,-1,1,0.95,0.95,-1,-1,0.55,0.15,0.357439,0.220152
2,-1,1,1.0,1.0,-1,-1,0.55,0.15,0.395865,0.219901
2,-1,1,0.05,0.05,-1,-1,0.6,0.15,0.069581,0.620646
2,-1,1,0.1,0.1,-1,-1,0.6,0.15,0.115105,0.481835
2,-1,1,0.15,0.15,-1,-1,0.6,0.15,0.151238,0.402751
2,-1,1,0.2,0.2,-1,-1,0.6,0.15,0.177343,0.344959
2,-1,1,0.25,0.25,-1,-1,0.6,0.15,0.205517,0.300716
2,-1,1,0.3,0.3,-1,-1,0.6,0.15,0.227802,0.275277
2,-1,1,0.35,0.35,-1,-1,0.6,0.15,0.245152,0.249008
2,-1,1,0.4,0.4,-1,-1,0.6,0.15,0.26489,0.230482
2,-1,1,0.45,0.45,-1,-1,0.6,0.15,0.280329,0.213061
2,-1,1,0.5,0.5,-1,-1,0.6,0.15,0.297361,0.202277
2,-1,1,0.55,0.55,-1,-1,0.6,0.15,0.312005,0.191216
2,-1,1,0.6,0.6,-1,-1,0.6,0.15,0.326809,0.182921
2,-1,1,0.65,0.65,-1,-1,0.6,0.15,0.341612,0.177114
2,-1,1,0.7,0.7,-1,-1,0.6,0.15,0.352436,0.170477
2,-1,1,0.75,0.75,-1,-1,0.6,0.15,0.366443,0.16633
2,-1,1,0.8,0.8,-1,-1,0.6,0.15,0.377745,0.159693
2,-1,1,0.85,0.85,-1,-1,0.6,0.15,0.39016,0.156651
2,-1,1,0.9,0.9,-1,-1,0.6,0.15,0.405282,0.154716
2,-1,1,0.95,0.95,-1,-1,0.6,0.15,0.423906,0.153334
2,-1,1,1.0,1.0,-1,-1,0.6,0.15,0.469748,0.153057
2,-1,1,0.05,0.05,-1,-1,0.65,0.15,0.07861,0.603797
2,-1,1,0.1,0.1,-1,-1,0.65,0.15,0.131409,0.456007
2,-1,1,0.15,0.15,-1,-1,0.65,0.15,0.173315,0.371808
2,-1,1,0.2,0.2,-1,-1,0.65,0.15,0.203591,0.310278
2,-1,1,0.25,0.25,-1,-1,0.65,0.15,0.236267,0.263173
2,-1,1,0.3,0.3,-1,-1,0.65,0.15,0.262112,0.236089
2,-1,1,0.35,0.35,-1,-1,0.65,0.15,0.282234,0.208121
2,-1,1,0.4,0.4,-1,-1,0.65,0.15,0.305126,0.188396
2,-1,1,0.45,0.45,-1,-1,0.65,0.15,0.323033,0.169848
2,-1,1,0.5,0.5,-1,-1,0.65,0.15,0.342786,0.158366
2,-1,1,0.55,0.55,-1,-1,0.65,0.15,0.35977,0.146591
2,-1,1,0.6,0.6,-1,-1,0.65,0.15,0.376939,0.137759
2,-1,1,0.65,0.65,-1,-1,0.65,0.15,0.394107,0.131576
2,-1,1,0.7,0.7,-1,-1,0.65,0.15,0.406661,0.12451
2,-1,1,0.75,0.75,-1,-1,0.65,0.15,0.422907,0.120094
2,-1,1,0.8,0.8,-1,-1,0.65,0.15,0.436014,0.113029
2,-1,1,0.85,0.85,-1,-1,0.65,0.15,0.450413,0.10979
2,-1,1,0.9,0.9,-1,-1,0.65,0.15,0.467951,0.10773
2,-1,1,0.95,0.95,-1,-1,0.65,0.15,0.489551,0.106258
2,-1,1,1.0,1.0,-1,-1,0.65,0.15,0.542718,0.105963
2,-1,1,0.05,0.05,-1,-1,0.7,0.15,0.087376,0.591024
2,-1,1,0.1,0.1,-1,-1,0.7,0.15,0.147236,0.436428
2,-1,1,0.15,0.15,-1,-1,0.7,0.15,0.194747,0.348351
2,-1,1,0.2,0.2,-1,-1,0.7,0.15,0.229073,0.283987
2,-1,1,0.25,0.25,-1,-1,0.7,0.15,0.266119,0.234713
2,-1,1,0.3,0.3,-1,-1,0.7,0.15,0.295422,0.206381
2,-1,1,0.35,0.35,-1,-1,0.7,0.15,0.318236,0.177125
2,-1,1,0.4,0.4,-1,-1,0.7,0.15,0.344189,0.156491
2,-1,1,0.45,0.45,-1,-1,0.7,0.15,0.364491,0.137089
2,-1,1,0.5,0.5,-1,-1,0.7,0.15,0.386887,0.125079
2,-1,1,0.55,0.55,-1,-1,0.7,0.15,0.406142,0.112761
2,-1,1,0.6,0.6,-1,-1,0.7,0.15,0.425607,0.103522
2,-1,1,0.65,0.65,-1,-1,0.7,0.15,0.445072,0.097055
2,-1,1,0.7,0.7,-1,-1,0.7,0.15,0.459305,0.089663
2,-1,1,0.75,0.75,-1,-1,0.7,0.15,0.477723,0.085044
2,-1,1,0.8,0.8,-1,-1,0.7,0.15,0.492584,0.077653
2,-1,1,0.85,0.85,-1,-1,0.7,0.15,0.508909,0.074265
2,-1,1,0.9,0.9,-1,-1,0.7,0.15,0.528793,0.07211
2,-1,1,0.95,0.95,-1,-1,0.7,0.15,0.553281,0.07057
2,-1,1,1.0,1.0,-1,-1,0.7,0.15,0.61356,0.070262
2,-1,1,0.05,0.05,-1,-1,0.75,0.15,0.094223,0.581921
2,-1,1,0.1,0.1,-1,-1,0.75,0.15,0.1596,0.422473
2,-1,1,0.15,0.15,-1,-1,0.75,0.15,0.211489,0.331632
2,-1,1,0.2,0.2,-1,-1,0.75,0.15,0.248978,0.265248
2,-1,1,0.25,0.25,-1,-1,0.75,0.15,0.289438,0.214428
2,-1,1,0.3,0.3,-1,-1,0.75,0.15,0.321441,0.185206
2,-1,1,0.35,0.35,-1,-1,0.75,0.15,0.346357,0.155032
2,-1,1,0.4,0.4,-1,-1,0.75,0.15,0.374702,0.133752
2,-1,1,0.45,0.45,-1,-1,0.75,0.15,0.396875,0.11374
2,-1,1,0.5,0.5,-1,-1,0.75,0.15,0.421334,0.101353
2,-1,1,0.55,0.55,-1,-1,0.75,0.15,0.442364,0.088649
2,-1,1,0.6,0.6,-1,-1,0.75,0.15,0.463623,0.07912
2,-1,1,0.65,0.65,-1,-1,0.75,0.15,0.484882,0.072449
2,-1,1,0.7,0.7,-1,-1,0.75,0.15,0.500426,0.064826
2,-1,1,0.75,0.75,-1,-1,0.75,0.15,0.520542,0.060062
2,-1,1,0.8,0.8,-1,-1,0.75,0.15,0.536771,0.052439
2,-1,1,0.85,0.85,-1,-1,0.75,0.15,0.554601,0.048945
2,-1,1,0.9,0.9,-1,-1,0.75,0.15,0.576318,0.046722
2,-1,1,0.95,0.95,-1,-1,0.75,0.15,0.603063,0.045134
2,-1,1,1.0,1.0,-1,-1,0.75,0.15,0.668896,0.044816
2,-1,1,0.05,0.05,-1,-1,0.8,0.15,0.10122,0.572952
2,-1,1,0.1,0.1,-1,-1,0.8,0.15,0.172235,0.408725
2,-1,1,0.15,0.15,-1,-1,0.8,0.15,0.228598,0.315162
2,-1,1,0.2,0.2,-1,-1,0.8,0.15,0.26932,0.246788
2,-1,1,0.25,0.25,-1,-1,0.8,0.15,0.313269,0.194444
2,-1,1,0.3,0.3,-1,-1,0.8,0.15,0.348032,0.164347
2,-1,1,0.35,0.35,-1,-1,0.8,0.15,0.375096,0.133269
2,-1,1,0.4,0.4,-1,-1,0.8,0.15,0.405886,0.11135
2,-1,1,0.45,0.45,-1,-1,0.8,0.15,0.42997,0.090739
2,-1,1,0.5,0.5,-1,-1,0.8,0.15,0.456539,0.077981
2,-1,1,0.55,0.55,-1,-1,0.8,0.15,0.479382,0.064895
2,-1,1,0.6,0.6,-1,-1,0.8,0.15,0.502474,0.055081
2,-1,1,0.65,0.65,-1,-1,0.8,0.15,0.525566,0.048211
2,-1,1,0.7,0.7,-1,-1,0.8,0.15,0.542451,0.040359
2,-1,1,0.75,0.75,-1,-1,0.8,0.15,0.564301,0.035452
2,-1,1,0.8,0.8,-1,-1,0.8,0.15,0.58193,0.0276
2,-1,1,0.85,0.85,-1,-1,0.8,0.15,0.601298,0.024002
2,-1,1,0.9,0.9,-1,-1,0.8,0.15,0.624886,0.021712
2,-1,1,0.95,0.95,-1,-1,0.8,0.15,0.653938,0.020076
2,-1,1,1.0,1.0,-1,-1,0.8,0.15,0.725448,0.019749
2,-1,1,0.05,0.05,-1,-1,0.85,0.15,0.106563,0.569555
2,-1,1,0.1,0.1,-1,-1,0.85,0.15,0.181881,0.403518
2,-1,1,0.15,0.15,-1,-1,0.85,0.15,0.241661,0.308923
2,-1,1,0.2,0.2,-1,-1,0.85,0.15,0.28485,0.239796
2,-1,1,0.25,0.25,-1,-1,0.85,0.15,0.331463,0.186875
2,-1,1,0.3,0.3,-1,-1,0.85,0.15,0.368332,0.156446
2,-1,1,0.35,0.35,-1,-1,0.85,0.15,0.397037,0.125025
2,-1,1,0.4,0.4,-1,-1,0.85,0.15,0.429693,0.102865
2,-1,1,0.45,0.45,-1,-1,0.85,0.15,0.455237,0.082027
2,-1,1,0.5,0.5,-1,-1,0.85,0.15,0.483416,0.069127
2,-1,1,0.55,0.55,-1,-1,0.85,0.15,0.507644,0.055898
2,-1,1,0.6,0.6,-1,-1,0.85,0.15,0.532135,0.045975
2,-1,1,0.65,0.65,-1,-1,0.85,0.15,0.556627,0.039029
2,-1,1,0.7,0.7,-1,-1,0.85,0.15,0.574535,0.031091
2,-1,1,0.75,0.75,-1,-1,0.85,0.15,0.59771,0.02613
2,-1,1,0.8,0.8,-1,-1,0.85,0.15,0.616407,0.018192
2,-1,1,0.85,0.85,-1,-1,0.85,0.15,0.636948,0.014553
2,-1,1,0.9,0.9,-1,-1,0.85,0.15,0.661967,0.012239
2,-1,1,0.95,0.95,-1,-1,0.85,0.15,0.692779,0.010585
2,-1,1,1.0,1.0,-1,-1,0.85,0.15,0.768623,0.010254
2,-1,1,0.05,0.05,-1,-1,0.9,0.15,0.112356,0.567653
2,-1,1,0.1,0.1,-1,-1,0.9,0.15,0.192342,0.400602
2,-1,1,0.15,0.15,-1,-1,0.9,0.15,0.255827,0.30543
2,-1,1,0.2,0.2,-1,-1,0.9,0.15,0.301692,0.235881
2,-1,1,0.25,0.25,-1,-1,0.9,0.15,0.351194,0.182636
2,-1,1,0.3,0.3,-1,-1,0.9,0.15,0.390348,0.152022
2,-1,1,0.35,0.35,-1,-1,0.9,0.15,0.420832,0.120409
2,-1,1,0.4,0.4,-1,-1,0.9,0.15,0.455511,0.098113
2,-1,1,0.45,0.45,-1,-1,0.9,0.15,0.482638,0.077148
2,-1,1,0.5,0.5,-1,-1,0.9,0.15,0.512564,0.06417
2,-1,1,0.55,0.55,-1,-1,0.9,0.15,0.538292,0.05086
2,-1,1,0.6,0.6,-1,-1,0.9,0.15,0.564302,0.040876
2,-1,1,0.65,0.65,-1,-1,0.9,0.15,0.590311,0.033888
2,-1,1,0.7,0.7,-1,-1,0.9,0.15,0.609329,0.025902
2,-1,1,0.75,0.75,-1,-1,0.9,0.15,0.63394,0.02091
2,-1,1,0.8,0.8,-1,-1,0.9,0.15,0.653796,0.012923
2,-1,1,0.85,0.85,-1,-1,0.9,0.15,0.67561,0.009263
2,-1,1,0.9,0.9,-1,-1,0.9,0.15,0.702179,0.006934
2,-1,1,0.95,0.95,-1,-1,0.9,0.15,0.734901,0.00527
2,-1,1,1.0,1.0,-1,-1,0.9,0.15,0.815445,0.004937
2,-1,1,0.05,0.05,-1,-1,0.95,0.15,0.118789,0.566294
2,-1,1,0.1,0.1,-1,-1,0.95,0.15,0.203958,0.398519
2,-1,1,0.15,0.15,-1,-1,0.95,0.15,0.271556,0.302934
2,-1,1,0.2,0.2,-1,-1,0.95,0.15,0.320394,0.233084
2,-1,1,0.25,0.25,-1,-1,0.95,0.15,0.373103,0.179609
2,-1,1,0.3,0.3,-1,-1,0.95,0.15,0.414795,0.148861
2,-1,1,0.35,0.35,-1,-1,0.95,0.15,0.447254,0.117111
2,-1,1,0.4,0.4,-1,-1,0.95,0.15,0.48418,0.094719
2,-1,1,0.45,0.45,-1,-1,0.95,0.15,0.513065,0.073663
2,-1,1,0.5,0.5,-1,-1,0.95,0.15,0.544929,0.060629
2,-1,1,0.55,0.55,-1,-1,0.95,0.15,0.572325,0.047261
2,-1,1,0.6,0.6,-1,-1,0.95,0.15,0.600021,0.037234
2,-1,1,0.65,0.65,-1,-1,0.95,0.15,0.627715,0.030215
2,-1,1,0.7,0.7,-1,-1,0.95,0.15,0.647965,0.022194
2,-1,1,0.75,0.75,-1,-1,0.95,0.15,0.674171,0.017181
2,-1,1,0.8,0.8,-1,-1,0.95,0.15,0.695314,0.00916
2,-1,1,0.85,0.85,-1,-1,0.95,0.15,0.718541,0.005483
2,-1,1,0.9,0.9,-1,-1,0.95,0.15,0.746832,0.003144
2,-1,1,0.95,0.95,-1,-1,0.95,0.15,0.781673,0.001473
2,-1,1,1.0,1.0,-1,-1,0.95,0.15,0.867437,0.001139
2,-1,1,0.05,0.05,-1,-1,1.0,0.15,0.135192,0.565887
2,-1,1,0.1,0.1,-1,-1,1.0,0.15,0.233576,0.397894
2,-1,1,0.15,0.15,-1,-1,1.0,0.15,0.311663,0.302186
2,-1,1,0.2,0.2,-1,-1,1.0,0.15,0.368078,0.232245
2,-1,1,0.25,0.25,-1,-1,1.0,0.15,0.428966,0.178701
2,-1,1,0.3,0.3,-1,-1,1.0,0.15,0.477126,0.147913
2,-1,1,0.35,0.35,-1,-1,1.0,0.15,0.514621,0.116122
2,-1,1,0.4,0.4,-1,-1,1.0,0.15,0.557277,0.093701
2,-1,1,0.45,0.45,-1,-1,1.0,0.15,0.590644,0.072618
2,-1,1,0.5,0.5,-1,-1,1.0,0.15,0.627452,0.059567
2,-1,1,0.55,0.55,-1,-1,1.0,0.15,0.659099,0.046181
2,-1,1,0.6,0.6,-1,-1,1.0,0.15,0.691091,0.036142
2,-1,1,0.65,0.65,-1,-1,1.0,0.15,0.723082,0.029114
2,-1,1,0.7,0.7,-1,-1,1.0,0.15,0.746475,0.021083
2,-1,1,0.75,0.75,-1,-1,1.0,0.15,0.776746,0.016063
2,-1,1,0.8,0.8,-1,-1,1.0,0.15,0.80117,0.008031
2,-1,1,0.85,0.85,-1,-1,1.0,0.15,0.828001,0.00435
2,-1,1,0.9,0.9,-1,-1,1.0,0.15,0.860682,0.002008
2,-1,1,0.95,0.95,-1,-1,1.0,0.15,0.900929,0.000335
2,-1,1,1.0,1.0,-1,-1,1.0,0.15,1.0,0.0
2,-1,1,0.05,0.05,-1,-1,0.2,0.2,0.026148,0.821496
2,-1,1,0.1,0.1,-1,-1,0.2,0.2,0.026148,0.821496
2,-1,1,0.15,0.15,-1,-1,0.2,0.2,0.026148,0.821496
2,-1,1,0.2,0.2,-1,-1,0.2,0.2,0.026148,0.821496
2,-1,1,0.25,0.25,-1,-1,0.2,0.2,0.026148,0.821496
2,-1,1,0.3,0.3,-1,-1,0.2,0.2,0.026148,0.821496
2,-1,1,0.35,0.35,-1,-1,0.2,0.2,0.026148,0.821496
2,-1,1,0.4,0.4,-1,-1,0.2,0.2,0.026148,0.821496
2,-1,1,0.45,0.45,-1,-1,0.2,0.2,0.026148,0.821496
2,-1,1,0.5,0.5,-1,-1,0.2,0.2,0.026148,0.821496
2,-1,1,0.55,0.55,-1,-1,0.2,0.2,0.026148,0.821496
2,-1,1,0.6,0.6,-1,-1,0.2,0.2,0.026148,0.821496
2,-1,1,0.65,0.65,-1,-1,0.2,0.2,0.026148,0.821496
2,-1,1,0.7,0.7,-1,-1,0.2,0.2,0.026148,0.821496
2,-1,1,0.75,0.75,-1,-1,0.2,0.2,0.026148,0.821496
2,-1,1,0.8,0.8,-1,-1,0.2,0.2,0.026148,0.821496
2,-1,1,0.85,0.85,-1,-1,0.2,0.2,0.026148,0.821496
2,-1,1,0.9,0.9,-1,-1,0.2,0.2,0.026148,0.821496
2,-1,1,0.95,0.95,-1,-1,0.2,0.2,0.026148,0.821496
2,-1,1,1.0,1.0,-1,-1,0.2,0.2,0.026148,0.821496
2,-1,1,0.05,0.05,-1,-1,0.25,0.2,0.028255,0.79663
2,-1,1,0.1,0.1,-1,-1,0.25,0.2,0.029952,0.783379
2,-1,1,0.15,0.15,-1,-1,0.25,0.2,0.031299,0.77583
2,-1,1,0.2,0.2,-1,-1,0.25,0.2,0.032272,0.770313
2,-1,1,0.25,0.25,-1,-1,0.25,0.2,0.033323,0.76609
2,-1,1,0.3,0.3,-1,-1,0.25,0.2,0.034154,0.763661
2,-1,1,0.35,0.35,-1,-1,0.25,0.2,0.0348,0.761154
2,-1,1,0.4,0.4,-1,-1,0.25,0.2,0.035536,0.759385
2,-1,1,0.45,0.45,-1,-1,0.25,0.2,0.036112,0.757722
2,-1,1,0.5,0.5,-1,-1,0.25,0.2,0.036747,0.756693
2,-1,1,0.55,0.55,-1,-1,0.25,0.2,0.037293,0.755637
2,-1,1,0.6,0.6,-1,-1,0.25,0.2,0.037845,0.754845
2,-1,1,0.65,0.65,-1,-1,0.25,0.2,0.038397,0.75429
2,-1,1,0.7,0.7,-1,-1,0.25,0.2,0.0388,0.753657
2,-1,1,0.75,0.75,-1,-1,0.25,0.2,0.039323,0.753261
2,-1,1,0.8,0.8,-1,-1,0.25,0.2,0.039744,0.752628
2,-1,1,0.85,0.85,-1,-1,0.25,0.2,0.040207,0.752337
2,-1,1,0.9,0.9,-1,-1,0.25,0.2,0.040771,0.752152
2,-1,1,0.95,0.95,-1,-1,0.25,0.2,0.041465,0.75202
2,-1,1,1.0,1.0,-1,-1,0.25,0.2,0.043174,0.751994
2,-1,1,0.05,0.05,-1,-1,0.3,0.2,0.031753,0.767145
2,-1,1,0.1,0.1,-1,-1,0.3,0.2,0.03627,0.738181
2,-1,1,0.15,0.15,-1,-1,0.3,0.2,0.039854,0.721679
2,-1,1,0.2,0.2,-1,-1,0.3,0.2,0.042443,0.70962
2,-1,1,0.25,0.25,-1,-1,0.3,0.2,0.045238,0.700388
2,-1,1,0.3,0.3,-1,-1,0.3,0.2,0.047449,0.69508
2,-1,1,0.35,0.35,-1,-1,0.3,0.2,0.04917,0.689599
2,-1,1,0.4,0.4,-1,-1,0.3,0.2,0.051128,0.685733
2,-1,1,0.45,0.45,-1,-1,0.3,0.2,0.05266,0.682098
2,-1,1,0.5,0.5,-1,-1,0.3,0.2,0.054349,0.679848
2,-1,1,0.55,0.55,-1,-1,0.3,0.2,0.055802,0.67754
2,-1,1,0.6,0.6,-1,-1,0.3,0.2,0.05727,0.675809
2,-1,1,0.65,0.65,-1,-1,0.3,0.2,0.058739,0.674598
2,-1,1,0.7,0.7,-1,-1,0.3,0.2,0.059813,0.673213
2,-1,1,0.75,0.75,-1,-1,0.3,0.2,0.061202,0.672347
2,-1,1,0.8,0.8,-1,-1,0.3,0.2,0.062323,0.670963
2,-1,1,0.85,0.85,-1,-1,0.3,0.2,0.063555,0.670328
2,-1,1,0.9,0.9,-1,-1,0.3,0.2,0.065055,0.669924
2,-1,1,0.95,0.95,-1,-1,0.3,0.2,0.066902,0.669636
2,-1,1,1.0,1.0,-1,-1,0.3,0.2,0.07145,0.669578
2,-1,1,0.05,0.05,-1,-1,0.35,0.2,0.03623,0.739018
2,-1,1,0.1,0.1,-1,-1,0.35,0.2,0.044353,0.695065
2,-1,1,0.15,0.15,-1,-1,0.35,0.2,0.0508,0.670024
2,-1,1,0.2,0.2,-1,-1,0.35,0.2,0.055458,0.651725
2,-1,1,0.25,0.25,-1,-1,0.35,0.2,0.060485,0.637716
2,-1,1,0.3,0.3,-1,-1,0.35,0.2,0.064461,0.629661
2,-1,1,0.35,0.35,-1,-1,0.35,0.2,0.067557,0.621343
2,-1,1,0.4,0.4,-1,-1,0.35,0.2,0.071079,0.615477
2,-1,1,0.45,0.45,-1,-1,0.35,0.2,0.073834,0.609961
2,-1,1,0.5,0.5,-1,-1,0.35,0.2,0.076873,0.606546
2,-1,1,0.55,0.55,-1,-1,0.35,0.2,0.079485,0.603044
2,-1,1,0.6,0.6,-1,-1,0.35,0.2,0.082127,0.600417
2,-1,1,0.65,0.65,-1,-1,0.35,0.2,0.084768,0.598578
2,-1,1,0.7,0.7,-1,-1,0.35,0.2,0.086699,0.596477
2,-1,1,0.75,0.75,-1,-1,0.35,0.2,0.089199,0.595164
2,-1,1,0.8,0.8,-1,-1,0.35,0.2,0.091215,0.593062
2,-1,1,0.85,0.85,-1,-1,0.35,0.2,0.09343,0.592099
2,-1,1,0.9,0.9,-1,-1,0.35,0.2,0.096129,0.591486
2,-1,1,0.95,0.95,-1,-1,0.35,0.2,0.099451,0.591049
2,-1,1,1.0,1.0,-1,-1,0.35,0.2,0.107631,0.590961
2,-1,1,0.05,0.05,-1,-1,0.4,0.2,0.041761,0.711707
2,-1,1,0.1,0.1,-1,-1,0.4,0.2,0.054339,0.653199
2,-1,1,0.15,0.15,-1,-1,0.4,0.2,0.064322,0.619866
2,-1,1,0.2,0.2,-1,-1,0.4,0.2,0.071535,0.595507
2,-1,1,0.25,0.25,-1,-1,0.4,0.2,0.07932,0.576859
2,-1,1,0.3,0.3,-1,-1,0.4,0.2,0.085477,0.566137
2,-1,1,0.35,0.35,-1,-1,0.4,0.2,0.090271,0.555065
2,-1,1,0.4,0.4,-1,-1,0.4,0.2,0.095724,0.547256
2,-1,1,0.45,0.45,-1,-1,0.4,0.2,0.09999,0.539913
2,-1,1,0.5,0.5,-1,-1,0.4,0.2,0.104696,0.535368
2,-1,1,0.55,0.55,-1,-1,0.4,0.2,0.108742,0.530706
2,-1,1,0.6,0.6,-1,-1,0.4,0.2,0.112832,0.527209
2,-1,1,0.65,0.65,-1,-1,0.4,0.2,0.116922,0.524762
2,-1,1,0.7,0.7,-1,-1,0.4,0.2,0.119913,0.521965
2,-1,1,0.75,0.75,-1,-1,0.4,0.2,0.123783,0.520216
2,-1,1,0.8,0.8,-1,-1,0.4,0.2,0.126906,0.517419
2,-1,1,0.85,0.85,-1,-1,0.4,0.2,0.130336,0.516137
2,-1,1,0.9,0.9,-1,-1,0.4,0.2,0.134514,0.515321
2,-1,1,0.95,0.95,-1,-1,0.4,0.2,0.13966,0.514739
2,-1,1,1.0,1.0,-1,-1,0.4,0.2,0.152326,0.514622
2,-1,1,0.05,0.05,-1,-1,0.45,0.2,0.048796,0.680862
2,-1,1,0.1,0.1,-1,-1,0.45,0.2,0.067042,0.605918
2,-1,1,0.15,0.15,-1,-1,0.45,0.2,0.081524,0.56322
2,-1,1,0.2,0.2,-1,-1,0.45,0.2,0.091987,0.532018
2,-1,1,0.25,0.25,-1,-1,0.45,0.2,0.103279,0.508131
2,-1,1,0.3,0.3,-1,-1,0.45,0.2,0.11221,0.494396
2,-1,1,0.35,0.35,-1,-1,0.45,0.2,0.119164,0.480214
2,-1,1,0.4,0.4,-1,-1,0.45,0.2,0.127075,0.470211
2,-1,1,0.45,0.45,-1,-1,0.45,0.2,0.133263,0.460805
2,-1,1,0.5,0.5,-1,-1,0.45,0.2,0.14009,0.454983
2,-1,1,0.55,0.55,-1,-1,0.45,0.2,0.145959,0.449011
2,-1,1,0.6,0.6,-1,-1,0.45,0.2,0.151892,0.444533
2,-1,1,0.65,0.65,-1,-1,0.45,0.2,0.157825,0.441397
2,-1,1,0.7,0.7,-1,-1,0.45,0.2,0.162163,0.437814
2,-1,1,0.75,0.75,-1,-1,0.45,0.2,0.167778,0.435575
2,-1,1,0.8,0.8,-1,-1,0.45,0.2,0.172307,0.431992
2,-1,1,0.85,0.85,-1,-1,0.45,0.2,0.177283,0.43035
2,-1,1,0.9,0.9,-1,-1,0.45,0.2,0.183344,0.429305
2,-1,1,0.95,0.95,-1,-1,0.45,0.2,0.190808,0.428558
2,-1,1,1.0,1.0,-1,-1,0.45,0.2,0.209182,0.428409
2,-1,1,0.05,0.05,-1,-1,0.5,0.2,0.062716,0.636974
2,-1,1,0.1,0.1,-1,-1,0.5,0.2,0.092176,0.53864
2,-1,1,0.15,0.15,-1,-1,0.5,0.2,0.115559,0.482618
2,-1,1,0.2,0.2,-1,-1,0.5,0.2,0.132452,0.441678
2,-1,1,0.25,0.25,-1,-1,0.5,0.2,0.150685,0.410336
2,-1,1,0.3,0.3,-1,-1,0.5,0.2,0.165106,0.392315
2,-1,1,0.35,0.35,-1,-1,0.5,0.2,0.176334,0.373707
2,-1,1,0.4,0.4,-1,-1,0.5,0.2,0.189107,0.360583
2,-1,1,0.45,0.45,-1,-1,0.5,0.2,0.199098,0.348241
2,-1,1,0.5,0.5,-1,-1,0.5,0.2,0.21012,0.340602
2,-1,1,0.55,0.55,-1,-1,0.5,0.2,0.219597,0.332767
2,-1,1,0.6,0.6,-1,-1,0.5,0.2,0.229177,0.32689
2,-1,1,0.65,0.65,-1,-1,0.5,0.2,0.238756,0.322777
2,-1,1,0.7,0.7,-1,-1,0.5,0.2,0.245761,0.318076
2,-1,1,0.75,0.75,-1,-1,0.5,0.2,0.254826,0.315137
2,-1,1,0.8,0.8,-1,-1,0.5,0.2,0.262139,0.310436
2,-1,1,0.85,0.85,-1,-1,0.5,0.2,0.270174,0.308281
2,-1,1,0.9,0.9,-1,-1,0.5,0.2,0.27996,0.30691
2,-1,1,0.95,0.95,-1,-1,0.5,0.2,0.292012,0.305931
2,-1,1,1.0,1.0,-1,-1,0.5,0.2,0.321678,0.305735
2,-1,1,0.05,0.05,-1,-1,0.55,0.2,0.071895,0.606265
2,-1,1,0.1,0.1,-1,-1,0.55,0.2,0.108751,0.491567
2,-1,1,0.15,0.15,-1,-1,0.55,0.2,0.138004,0.426221
2,-1,1,0.2,0.2,-1,-1,0.55,0.2,0.159138,0.378468
2,-1,1,0.25,0.25,-1,-1,0.55,0.2,0.181947,0.34191
2,-1,1,0.3,0.3,-1,-1,0.55,0.2,0.199989,0.32089
2,-1,1,0.35,0.35,-1,-1,0.55,0.2,0.214035,0.299185
2,-1,1,0.4,0.4,-1,-1,0.55,0.2,0.230014,0.283876
2,-1,1,0.45,0.45,-1,-1,0.55,0.2,0.242514,0.269481
2,-1,1,0.5,0.5,-1,-1,0.55,0.2,0.256303,0.260571
2,-1,1,0.55,0.55,-1,-1,0.55,0.2,0.268158,0.251432
2,-1,1,0.6,0.6,-1,-1,0.55,0.2,0.280143,0.244577
2,-1,1,0.65,0.65,-1,-1,0.55,0.2,0.292128,0.239779
2,-1,1,0.7,0.7,-1,-1,0.55,0.2,0.300891,0.234295
2,-1,1,0.75,0.75,-1,-1,0.55,0.2,0.312231,0.230868
2,-1,1,0.8,0.8,-1,-1,0.55,0.2,0.32138,0.225385
2,-1,1,0.85,0.85,-1,-1,0.55,0.2,0.331432,0.222871
2,-1,1,0.9,0.9,-1,-1,0.55,0.2,0.343674,0.221272
2,-1,1,0.95,0.95,-1,-1,0.55,0.2,0.358752,0.22013
2,-1,1,1.0,1.0,-1,-1,0.55,0.2,0.395865,0.219901
2,-1,1,0.05,0.05,-1,-1,0.6,0.2,0.081037,0.582351
2,-1,1,0.1,0.1,-1,-1,0.6,0.2,0.125258,0.454908
2,-1,1,0.15,0.15,-1,-1,0.6,0.2,0.160357,0.382301
2,-1,1,0.2,0.2,-1,-1,0.6,0.2,0.185714,0.329243
2,-1,1,0.25,0.25,-1,-1,0.6,0.2,0.213081,0.288623
2,-1,1,0.3,0.3,-1,-1,0.6,0.2,0.234728,0.265267
2,-1,1,0.35,0.35,-1,-1,0.6,0.2,0.251582,0.24115
2,-1,1,0.4,0.4,-1,-1,0.6,0.2,0.270754,0.224141
2,-1,1,0.45,0.45,-1,-1,0.6,0.2,0.285752,0.208146
2,-1,1,0.5,0.5,-1,-1,0.6,0.2,0.302297,0.198245
2,-1,1,0.55,0.55,-1,-1,0.6,0.2,0.316521,0.188091
2,-1,1,0.6,0.6,-1,-1,0.6,0.2,0.330901,0.180475
2,-1,1,0.65,0.65,-1,-1,0.6,0.2,0.34528,0.175144
2,-1,1,0.7,0.7,-1,-1,0.6,0.2,0.355794,0.169051
2,-1,1,0.75,0.75,-1,-1,0.6,0.2,0.369401,0.165243
2,-1,1,0.8,0.8,-1,-1,0.6,0.2,0.380379,0.15915
2,-1,1,0.85,0.85,-1,-1,0.6,0.2,0.392439,0.156357
2,-1,1,0.9,0.9,-1,-1,0.6,0.2,0.407128,0.15458
2,-1,1,0.95,0.95,-1,-1,0.6,0.2,0.425218,0.153311
2,-1,1,1.0,1.0,-1,-1,0.6,0.2,0.469748,0.153057
2,-1,1,0.05,0.05,-1,-1,0.65,0.2,0.090066,0.565502
2,-1,1,0.1,0.1,-1,-1,0.65,0.2,0.141562,0.429081
2,-1,1,0.15,0.15,-1,-1,0.65,0.2,0.182433,0.351359
2,-1,1,0.2,0.2,-1,-1,0.65,0.2,0.211962,0.294562
2,-1,1,0.25,0.25,-1,-1,0.65,0.2,0.243831,0.25108
2,-1,1,0.3,0.3,-1,-1,0.65,0.2,0.269039,0.226079
2,-1,1,0.35,0.35,-1,-1,0.65,0.2,0.288664,0.200262
2,-1,1,0.4,0.4,-1,-1,0.65,0.2,0.310991,0.182055
2,-1,1,0.45,0.45,-1,-1,0.65,0.2,0.328456,0.164934
2,-1,1,0.5,0.5,-1,-1,0.65,0.2,0.347722,0.154335
2,-1,1,0.55,0.55,-1,-1,0.65,0.2,0.364286,0.143466
2,-1,1,0.6,0.6,-1,-1,0.65,0.2,0.381031,0.135313
2,-1,1,0.65,0.65,-1,-1,0.65,0.2,0.397776,0.129606
2,-1,1,0.7,0.7,-1,-1,0.65,0.2,0.410019,0.123084
2,-1,1,0.75,0.75,-1,-1,0.65,0.2,0.425864,0.119007
2,-1,1,0.8,0.8,-1,-1,0.65,0.2,0.438648,0.112485
2,-1,1,0.85,0.85,-1,-1,0.65,0.2,0.452692,0.109496
2,-1,1,0.9,0.9,-1,-1,0.65,0.2,0.469797,0.107594
2,-1,1,0.95,0.95,-1,-1,0.65,0.2,0.490863,0.106235
2,-1,1,1.0,1.0,-1,-1,0.65,0.2,0.542718,0.105963
2,-1,1,0.05,0.05,-1,-1,0.7,0.2,0.098832,0.552729
2,-1,1,0.1,0.1,-1,-1,0.7,0.2,0.157389,0.409501
2,-1,1,0.15,0.15,-1,-1,0.7,0.2,0.203866,0.327901
2,-1,1,0.2,0.2,-1,-1,0.7,0.2,0.237444,0.268271
2,-1,1,0.25,0.25,-1,-1,0.7,0.2,0.273684,0.22262
2,-1,1,0.3,0.3,-1,-1,0.7,0.2,0.302349,0.196371
2,-1,1,0.35,0.35,-1,-1,0.7,0.2,0.324665,0.169266
2,-1,1,0.4,0.4,-1,-1,0.7,0.2,0.350054,0.15015
2,-1,1,0.45,0.45,-1,-1,0.7,0.2,0.369914,0.132175
2,-1,1,0.5,0.5,-1,-1,0.7,0.2,0.391822,0.121048
2,-1,1,0.55,0.55,-1,-1,0.7,0.2,0.410658,0.109636
2,-1,1,0.6,0.6,-1,-1,0.7,0.2,0.429699,0.101076
2,-1,1,0.65,0.65,-1,-1,0.7,0.2,0.44874,0.095084
2,-1,1,0.7,0.7,-1,-1,0.7,0.2,0.462663,0.088237
2,-1,1,0.75,0.75,-1,-1,0.7,0.2,0.480681,0.083957
2,-1,1,0.8,0.8,-1,-1,0.7,0.2,0.495218,0.077109
2,-1,1,0.85,0.85,-1,-1,0.7,0.2,0.511188,0.073971
2,-1,1,0.9,0.9,-1,-1,0.7,0.2,0.530639,0.071974
2,-1,1,0.95,0.95,-1,-1,0.7,0.2,0.554594,0.070547
2,-1,1,1.0,1.0,-1,-1,0.7,0.2,0.61356,0.070262
2,-1,1,0.05,0.05,-1,-1,0.75,0.2,0.105679,0.543626
2,-1,1,0.1,0.1,-1,-1,0.75,0.2,0.169753,0.395546
2,-1,1,0.15,0.15,-1,-1,0.75,0.2,0.220608,0.311182
2,-1,1,0.2,0.2,-1,-1,0.75,0.2,0.257349,0.249532
2,-1,1,0.25,0.25,-1,-1,0.75,0.2,0.297003,0.202334
2,-1,1,0.3,0.3,-1,-1,0.75,0.2,0.328367,0.175196
2,-1,1,0.35,0.35,-1,-1,0.75,0.2,0.352787,0.147174
2,-1,1,0.4,0.4,-1,-1,0.75,0.2,0.380567,0.12741
2,-1,1,0.45,0.45,-1,-1,0.75,0.2,0.402298,0.108826
2,-1,1,0.5,0.5,-1,-1,0.75,0.2,0.42627,0.097322
2,-1,1,0.55,0.55,-1,-1,0.75,0.2,0.44688,0.085523
2,-1,1,0.6,0.6,-1,-1,0.75,0.2,0.467715,0.076674
2,-1,1,0.65,0.65,-1,-1,0.75,0.2,0.48855,0.070479
2,-1,1,0.7,0.7,-1,-1,0.75,0.2,0.503784,0.0634
2,-1,1,0.75,0.75,-1,-1,0.75,0.2,0.523499,0.058975
2,-1,1,0.8,0.8,-1,-1,0.75,0.2,0.539405,0.051895
2,-1,1,0.85,0.85,-1,-1,0.75,0.2,0.55688,0.04865
2,-1,1,0.9,0.9,-1,-1,0.75,0.2,0.578163,0.046586
2,-1,1,0.95,0.95,-1,-1,0.75,0.2,0.604375,0.045111
2,-1,1,1.0,1.0,-1,-1,0.75,0.2,0.668896,0.044816
2,-1,1,0.05,0.05,-1,-1,0.8,0.2,0.112677,0.534657
2,-1,1,0.1,0.1,-1,-1,0.8,0.2,0.182388,0.381799
2,-1,1,0.15,0.15,-1,-1,0.8,0.2,0.237717,0.294712
2,-1,1,0.2,0.2,-1,-1,0.8,0.2,0.277691,0.231072
2,-1,1,0.25,0.25,-1,-1,0.8,0.2,0.320834,0.182351
2,-1,1,0.3,0.3,-1,-1,0.8,0.2,0.354958,0.154337
2,-1,1,0.35,0.35,-1,-1,0.8,0.2,0.381526,0.12541
2,-1,1,0.4,0.4,-1,-1,0.8,0.2,0.41175,0.105009
2,-1,1,0.45,0.45,-1,-1,0.8,0.2,0.435393,0.085825
2,-1,1,0.5,0.5,-1,-1,0.8,0.2,0.461474,0.07395
2,-1,1,0.55,0.55,-1,-1,0.8,0.2,0.483898,0.06177
2,-1,1,0.6,0.6,-1,-1,0.8,0.2,0.506566,0.052635
2,-1,1,0.65,0.65,-1,-1,0.8,0.2,0.529234,0.04624
2,-1,1,0.7,0.7,-1,-1,0.8,0.2,0.545809,0.038932
2,-1,1,0.75,0.75,-1,-1,0.8,0.2,0.567259,0.034365
2,-1,1,0.8,0.8,-1,-1,0.8,0.2,0.584564,0.027057
2,-1,1,0.85,0.85,-1,-1,0.8,0.2,0.603576,0.023707
2,-1,1,0.9,0.9,-1,-1,0.8,0.2,0.626732,0.021576
2,-1,1,0.95,0.95,-1,-1,0.8,0.2,0.65525,0.020054
2,-1,1,1.0,1.0,-1,-1,0.8,0.2,0.725448,0.019749
2,-1,1,0.05,0.05,-1,-1,0.85,0.2,0.118019,0.53126
2,-1,1,0.1,0.1,-1,-1,0.85,0.2,0.192034,0.376591
2,-1,1,0.15,0.15,-1,-1,0.85,0.2,0.250779,0.288474
2,-1,1,0.2,0.2,-1,-1,0.85,0.2,0.293221,0.22408
2,-1,1,0.25,0.25,-1,-1,0.85,0.2,0.339028,0.174782
2,-1,1,0.3,0.3,-1,-1,0.85,0.2,0.375259,0.146436
2,-1,1,0.35,0.35,-1,-1,0.85,0.2,0.403467,0.117167
2,-1,1,0.4,0.4,-1,-1,0.85,0.2,0.435558,0.096524
2,-1,1,0.45,0.45,-1,-1,0.85,0.2,0.46066,0.077113
2,-1,1,0.5,0.5,-1,-1,0.85,0.2,0.488351,0.065096
2,-1,1,0.55,0.55,-1,-1,0.85,0.2,0.51216,0.052773
2,-1,1,0.6,0.6,-1,-1,0.85,0.2,0.536228,0.04353
2,-1,1,0.65,0.65,-1,-1,0.85,0.2,0.560295,0.037059
2,-1,1,0.7,0.7,-1,-1,0.85,0.2,0.577893,0.029665
2,-1,1,0.75,0.75,-1,-1,0.85,0.2,0.600667,0.025043
2,-1,1,0.8,0.8,-1,-1,0.85,0.2,0.619041,0.017648
2,-1,1,0.85,0.85,-1,-1,0.85,0.2,0.639227,0.014259
2,-1,1,0.9,0.9,-1,-1,0.85,0.2,0.663812,0.012103
2,-1,1,0.95,0.95,-1,-1,0.85,0.2,0.694091,0.010562
2,-1,1,1.0,1.0,-1,-1,0.85,0.2,0.768623,0.010254
2,-1,1,0.05,0.05,-1,-1,0.9,0.2,0.123812,0.529358
2,-1,1,0.1,0.1,-1,-1,0.9,0.2,0.202495,0.373675
2,-1,1,0.15,0.15,-1,-1,0.9,0.2,0.264945,0.28498
2,-1,1,0.2,0.2,-1,-1,0.9,0.2,0.310064,0.220164
2,-1,1,0.25,0.25,-1,-1,0.9,0.2,0.358759,0.170543
2,-1,1,0.3,0.3,-1,-1,0.9,0.2,0.397275,0.142012
2,-1,1,0.35,0.35,-1,-1,0.9,0.2,0.427262,0.11255
2,-1,1,0.4,0.4,-1,-1,0.9,0.2,0.461376,0.091772
2,-1,1,0.45,0.45,-1,-1,0.9,0.2,0.488061,0.072234
2,-1,1,0.5,0.5,-1,-1,0.9,0.2,0.517499,0.060139
2,-1,1,0.55,0.55,-1,-1,0.9,0.2,0.542808,0.047734
2,-1,1,0.6,0.6,-1,-1,0.9,0.2,0.568394,0.038431
2,-1,1,0.65,0.65,-1,-1,0.9,0.2,0.593979,0.031918
2,-1,1,0.7,0.7,-1,-1,0.9,0.2,0.612687,0.024475
2,-1,1,0.75,0.75,-1,-1,0.9,0.2,0.636897,0.019823
2,-1,1,0.8,0.8,-1,-1,0.9,0.2,0.65643,0.01238
2,-1,1,0.85,0.85,-1,-1,0.9,0.2,0.677889,0.008968
2,-1,1,0.9,0.9,-1,-1,0.9,0.2,0.704025,0.006798
2,-1,1,0.95,0.95,-1,-1,0.9,0.2,0.736213,0.005247
2,-1,1,1.0,1.0,-1,-1,0.9,0.2,0.815445,0.004937
2,-1,1,0.05,0.05,-1,-1,0.95,0.2,0.130246,0.527999
2,-1,1,0.1,0.1,-1,-1,0.95,0.2,0.214111,0.371593
2,-1,1,0.15,0.15,-1,-1,0.95,0.2,0.280675,0.282485
2,-1,1,0.2,0.2,-1,-1,0.95,0.2,0.328766,0.217367
2,-1,1,0.25,0.25,-1,-1,0.95,0.2,0.380668,0.167516
2,-1,1,0.3,0.3,-1,-1,0.95,0.2,0.421721,0.138852
2,-1,1,0.35,0.35,-1,-1,0.95,0.2,0.453683,0.109253
2,-1,1,0.4,0.4,-1,-1,0.95,0.2,0.490045,0.088378
2,-1,1,0.45,0.45,-1,-1,0.95,0.2,0.518488,0.068749
2,-1,1,0.5,0.5,-1,-1,0.95,0.2,0.549865,0.056598
2,-1,1,0.55,0.55,-1,-1,0.95,0.2,0.576841,0.044136
2,-1,1,0.6,0.6,-1,-1,0.95,0.2,0.604113,0.034788
2,-1,1,0.65,0.65,-1,-1,0.95,0.2,0.631383,0.028245
2,-1,1,0.7,0.7,-1,-1,0.95,0.2,0.651323,0.020768
2,-1,1,0.75,0.75,-1,-1,0.95,0.2,0.677128,0.016094
2,-1,1,0.8,0.8,-1,-1,0.95,0.2,0.697948,0.008617
2,-1,1,0.85,0.85,-1,-1,0.95,0.2,0.72082,0.005189
2,-1,1,0.9,0.9,-1,-1,0.95,0.2,0.748677,0.003009
2,-1,1,0.95,0.95,-1,-1,0.95,0.2,0.782986,0.001451
2,-1,1,1.0,1.0,-1,-1,0.95,0.2,0.867437,0.001139
2,-1,1,0.05,0.05,-1,-1,1.0,0.2,0.146649,0.527592
2,-1,1,0.1,0.1,-1,-1,1.0,0.2,0.243729,0.370968
2,-1,1,0.15,0.15,-1,-1,1.0,0.2,0.320781,0.281736
2,-1,1,0.2,0.2,-1,-1,1.0,0.2,0.376449,0.216528
2,-1,1,0.25,0.25,-1,-1,1.0,0.2,0.43653,0.166608
2,-1,1,0.3,0.3,-1,-1,1.0,0.2,0.484052,0.137904
2,-1,1,0.35,0.35,-1,-1,1.0,0.2,0.521051,0.108264
2,-1,1,0.4,0.4,-1,-1,1.0,0.2,0.563142,0.08736
2,-1,1,0.45,0.45,-1,-1,1.0,0.2,0.596067,0.067704
2,-1,1,0.5,0.5,-1,-1,1.0,0.2,0.632387,0.055536
2,-1,1,0.55,0.55,-1,-1,1.0,0.2,0.663615,0.043056
2,-1,1,0.6,0.6,-1,-1,1.0,0.2,0.695183,0.033696
2,-1,1,0.65,0.65,-1,-1,1.0,0.2,0.726751,0.027144
2,-1,1,0.7,0.7,-1,-1,1.0,0.2,0.749833,0.019656
2,-1,1,0.75,0.75,-1,-1,1.0,0.2,0.779704,0.014976
2,-1,1,0.8,0.8,-1,-1,1.0,0.2,0.803804,0.007488
2,-1,1,0.85,0.85,-1,-1,1.0,0.2,0.83028,0.004056
2,-1,1,0.9,0.9,-1,-1,1.0,0.2,0.862527,0.001872
2,-1,1,0.95,0.95,-1,-1,1.0,0.2,0.902242,0.000312
2,-1,1,1.0,1.0,-1,-1,1.0,0.2,1.0,0.0
2,-1,1,0.05,0.05,-1,-1,0.25,0.25,0.043174,0.751994
2,-1,1,0.1,0.1,-1,-1,0.25,0.25,0.043174,0.751994
2,-1,1,0.15,0.15,-1,-1,0.25,0.25,0.043174,0.751994
2,-1,1,0.2,0.2,-1,-1,0.25,0.25,0.043174,0.751994
2,-1,1,0.25,0.25,-1,-1,0.25,0.25,0.043174,0.751994
2,-1,1,0.3,0.3,-1,-1,0.25,0.25,0.043174,0.751994
2,-1,1,0.35,0.35,-1,-1,0.25,0.25,0.043174,0.751994
2,-1,1,0.4,0.4,-1,-1,0.25,0.25,0.043174,0.751994
2,-1,1,0.45,0.45,-1,-1,0.25,0.25,0.043174,0.751994
2,-1,1,0.5,0.5,-1,-1,0.25,0.25,0.043174,0.751994
2,-1,1,0.55,0.55,-1,-1,0.25,0.25,0.043174,0.751994
2,-1,1,0.6,0.6,-1,-1,0.25,0.25,0.043174,0.751994
2,-1,1,0.65,0.65,-1,-1,0.25,0.25,0.043174,0.751994
2,-1,1,0.7,0.7,-1,-1,0.25,0.25,0.043174,0.751994
2,-1,1,0.75,0.75,-1,-1,0.25,0.25,0.043174,0.751994
2,-1,1,0.8,0.8,-1,-1,0.25,0.25,0.043174,0.751994
2,-1,1,0.85,0.85,-1,-1,0.25,0.25,0.043174,0.751994
2,-1,1,0.9,0.9,-1,-1,0.25,0.25,0.043174,0.751994
2,-1,1,0.95,0.95,-1,-1,0.25,0.25,0.043174,0.751994
2,-1,1,1.0,1.0,-1,-1,0.25,0.25,0.043174,0.751994
2,-1,1,0.05,0.05,-1,-1,0.3,0.25,0.046673,0.722508
2,-1,1,0.1,0.1,-1,-1,0.3,0.25,0.049492,0.706795
2,-1,1,0.15,0.15,-1,-1,0.3,0.25,0.051729,0.697843
2,-1,1,0.2,0.2,-1,-1,0.3,0.25,0.053345,0.691301
2,-1,1,0.25,0.25,-1,-1,0.3,0.25,0.05509,0.686293
2,-1,1,0.3,0.3,-1,-1,0.3,0.25,0.056469,0.683413
2,-1,1,0.35,0.35,-1,-1,0.3,0.25,0.057544,0.68044
2,-1,1,0.4,0.4,-1,-1,0.3,0.25,0.058766,0.678342
2,-1,1,0.45,0.45,-1,-1,0.3,0.25,0.059722,0.67637
2,-1,1,0.5,0.5,-1,-1,0.3,0.25,0.060776,0.67515
2,-1,1,0.55,0.55,-1,-1,0.3,0.25,0.061683,0.673898
2,-1,1,0.6,0.6,-1,-1,0.3,0.25,0.0626,0.672959
2,-1,1,0.65,0.65,-1,-1,0.3,0.25,0.063516,0.672301
2,-1,1,0.7,0.7,-1,-1,0.3,0.25,0.064186,0.67155
2,-1,1,0.75,0.75,-1,-1,0.3,0.25,0.065054,0.67108
2,-1,1,0.8,0.8,-1,-1,0.3,0.25,0.065753,0.670329
2,-1,1,0.85,0.85,-1,-1,0.3,0.25,0.066522,0.669985
2,-1,1,0.9,0.9,-1,-1,0.3,0.25,0.067458,0.669766
2,-1,1,0.95,0.95,-1,-1,0.3,0.25,0.068612,0.669609
2,-1,1,1.0,1.0,-1,-1,0.3,0.25,0.07145,0.669578
2,-1,1,0.05,0.05,-1,-1,0.35,0.25,0.05115,0.694382
2,-1,1,0.1,0.1,-1,-1,0.35,0.25,0.057575,0.66368
2,-1,1,0.15,0.15,-1,-1,0.35,0.25,0.062675,0.646188
2,-1,1,0.2,0.2,-1,-1,0.35,0.25,0.06636,0.633406
2,-1,1,0.25,0.25,-1,-1,0.35,0.25,0.070336,0.62362
2,-1,1,0.3,0.3,-1,-1,0.35,0.25,0.073482,0.617993
2,-1,1,0.35,0.35,-1,-1,0.35,0.25,0.07593,0.612183
2,-1,1,0.4,0.4,-1,-1,0.35,0.25,0.078716,0.608086
2,-1,1,0.45,0.45,-1,-1,0.35,0.25,0.080896,0.604233
2,-1,1,0.5,0.5,-1,-1,0.35,0.25,0.0833,0.601847
2,-1,1,0.55,0.55,-1,-1,0.35,0.25,0.085366,0.599401
2,-1,1,0.6,0.6,-1,-1,0.35,0.25,0.087456,0.597566
2,-1,1,0.65,0.65,-1,-1,0.35,0.25,0.089545,0.596282
2,-1,1,0.7,0.7,-1,-1,0.35,0.25,0.091073,0.594814
2,-1,1,0.75,0.75,-1,-1,0.35,0.25,0.09305,0.593897
2,-1,1,0.8,0.8,-1,-1,0.35,0.25,0.094645,0.592429
2,-1,1,0.85,0.85,-1,-1,0.35,0.25,0.096398,0.591756
2,-1,1,0.9,0.9,-1,-1,0.35,0.25,0.098532,0.591328
2,-1,1,0.95,0.95,-1,-1,0.35,0.25,0.101161,0.591022
2,-1,1,1.0,1.0,-1,-1,0.35,0.25,0.107631,0.590961
2,-1,1,0.05,0.05,-1,-1,0.4,0.25,0.05668,0.66707
2,-1,1,0.1,0.1,-1,-1,0.4,0.25,0.067561,0.621813
2,-1,1,0.15,0.15,-1,-1,0.4,0.25,0.076197,0.59603
2,-1,1,0.2,0.2,-1,-1,0.4,0.25,0.082437,0.577188
2,-1,1,0.25,0.25,-1,-1,0.4,0.25,0.089171,0.562763
2,-1,1,0.3,0.3,-1,-1,0.4,0.25,0.094497,0.554469
2,-1,1,0.35,0.35,-1,-1,0.4,0.25,0.098644,0.545905
2,-1,1,0.4,0.4,-1,-1,0.4,0.25,0.103362,0.539865
2,-1,1,0.45,0.45,-1,-1,0.4,0.25,0.107052,0.534185
2,-1,1,0.5,0.5,-1,-1,0.4,0.25,0.111123,0.530669
2,-1,1,0.55,0.55,-1,-1,0.4,0.25,0.114623,0.527063
2,-1,1,0.6,0.6,-1,-1,0.4,0.25,0.118161,0.524359
2,-1,1,0.65,0.65,-1,-1,0.4,0.25,0.121699,0.522465
2,-1,1,0.7,0.7,-1,-1,0.4,0.25,0.124287,0.520302
2,-1,1,0.75,0.75,-1,-1,0.4,0.25,0.127635,0.518949
2,-1,1,0.8,0.8,-1,-1,0.4,0.25,0.130336,0.516786
2,-1,1,0.85,0.85,-1,-1,0.4,0.25,0.133303,0.515794
2,-1,1,0.9,0.9,-1,-1,0.4,0.25,0.136918,0.515163
2,-1,1,0.95,0.95,-1,-1,0.4,0.25,0.141369,0.514712
2,-1,1,1.0,1.0,-1,-1,0.4,0.25,0.152326,0.514622
2,-1,1,0.05,0.05,-1,-1,0.45,0.25,0.063715,0.636226
2,-1,1,0.1,0.1,-1,-1,0.45,0.25,0.080264,0.574532
2,-1,1,0.15,0.15,-1,-1,0.45,0.25,0.093399,0.539384
2,-1,1,0.2,0.2,-1,-1,0.45,0.25,0.102888,0.513699
2,-1,1,0.25,0.25,-1,-1,0.45,0.25,0.11313,0.494035
2,-1,1,0.3,0.3,-1,-1,0.45,0.25,0.121231,0.482729
2,-1,1,0.35,0.35,-1,-1,0.45,0.25,0.127538,0.471054
2,-1,1,0.4,0.4,-1,-1,0.45,0.25,0.134713,0.46282
2,-1,1,0.45,0.45,-1,-1,0.45,0.25,0.140325,0.455077
2,-1,1,0.5,0.5,-1,-1,0.45,0.25,0.146517,0.450284
2,-1,1,0.55,0.55,-1,-1,0.45,0.25,0.15184,0.445369
2,-1,1,0.6,0.6,-1,-1,0.45,0.25,0.157221,0.441682
2,-1,1,0.65,0.65,-1,-1,0.45,0.25,0.162602,0.439101
2,-1,1,0.7,0.7,-1,-1,0.45,0.25,0.166537,0.436151
2,-1,1,0.75,0.75,-1,-1,0.45,0.25,0.171629,0.434308
2,-1,1,0.8,0.8,-1,-1,0.45,0.25,0.175737,0.431358
2,-1,1,0.85,0.85,-1,-1,0.45,0.25,0.180251,0.430007
2,-1,1,0.9,0.9,-1,-1,0.45,0.25,0.185748,0.429146
2,-1,1,0.95,0.95,-1,-1,0.45,0.25,0.192518,0.428532
2,-1,1,1.0,1.0,-1,-1,0.45,0.25,0.209182,0.428409
2,-1,1,0.05,0.05,-1,-1,0.5,0.25,0.077635,0.592337
2,-1,1,0.1,0.1,-1,-1,0.5,0.25,0.105398,0.507255
2,-1,1,0.15,0.15,-1,-1,0.5,0.25,0.127434,0.458782
2,-1,1,0.2,0.2,-1,-1,0.5,0.25,0.143354,0.423359
2,-1,1,0.25,0.25,-1,-1,0.5,0.25,0.160536,0.396241
2,-1,1,0.3,0.3,-1,-1,0.5,0.25,0.174126,0.380648
2,-1,1,0.35,0.35,-1,-1,0.5,0.25,0.184707,0.364547
2,-1,1,0.4,0.4,-1,-1,0.5,0.25,0.196744,0.353192
2,-1,1,0.45,0.45,-1,-1,0.5,0.25,0.20616,0.342513
2,-1,1,0.5,0.5,-1,-1,0.5,0.25,0.216547,0.335903
2,-1,1,0.55,0.55,-1,-1,0.5,0.25,0.225478,0.329124
2,-1,1,0.6,0.6,-1,-1,0.5,0.25,0.234506,0.32404
2,-1,1,0.65,0.65,-1,-1,0.5,0.25,0.243534,0.32048
2,-1,1,0.7,0.7,-1,-1,0.5,0.25,0.250135,0.316413
2,-1,1,0.75,0.75,-1,-1,0.5,0.25,0.258677,0.31387
2,-1,1,0.8,0.8,-1,-1,0.5,0.25,0.265569,0.309803
2,-1,1,0.85,0.85,-1,-1,0.5,0.25,0.273141,0.307938
2,-1,1,0.9,0.9,-1,-1,0.5,0.25,0.282363,0.306752
2,-1,1,0.95,0.95,-1,-1,0.5,0.25,0.293721,0.305905
2,-1,1,1.0,1.0,-1,-1,0.5,0.25,0.321678,0.305735
2,-1,1,0.05,0.05,-1,-1,0.55,0.25,0.086815,0.561629
2,-1,1,0.1,0.1,-1,-1,0.55,0.25,0.121973,0.460181
2,-1,1,0.15,0.15,-1,-1,0.55,0.25,0.149879,0.402385
2,-1,1,0.2,0.2,-1,-1,0.55,0.25,0.170039,0.360149
2,-1,1,0.25,0.25,-1,-1,0.55,0.25,0.191798,0.327815
2,-1,1,0.3,0.3,-1,-1,0.55,0.25,0.209009,0.309223
2,-1,1,0.35,0.35,-1,-1,0.55,0.25,0.222408,0.290025
2,-1,1,0.4,0.4,-1,-1,0.55,0.25,0.237652,0.276485
2,-1,1,0.45,0.45,-1,-1,0.55,0.25,0.249576,0.263753
2,-1,1,0.5,0.5,-1,-1,0.55,0.25,0.26273,0.255872
2,-1,1,0.55,0.55,-1,-1,0.55,0.25,0.27404,0.247789
2,-1,1,0.6,0.6,-1,-1,0.55,0.25,0.285472,0.241726
2,-1,1,0.65,0.65,-1,-1,0.55,0.25,0.296905,0.237482
2,-1,1,0.7,0.7,-1,-1,0.55,0.25,0.305264,0.232632
2,-1,1,0.75,0.75,-1,-1,0.55,0.25,0.316082,0.229601
2,-1,1,0.8,0.8,-1,-1,0.55,0.25,0.32481,0.224751
2,-1,1,0.85,0.85,-1,-1,0.55,0.25,0.334399,0.222528
2,-1,1,0.9,0.9,-1,-1,0.55,0.25,0.346078,0.221114
2,-1,1,0.95,0.95,-1,-1,0.55,0.25,0.360461,0.220103
2,-1,1,1.0,1.0,-1,-1,0.55,0.25,0.395865,0.219901
2,-1,1,0.05,0.05,-1,-1,0.6,0.25,0.095957,0.537714
2,-1,1,0.1,0.1,-1,-1,0.6,0.25,0.13848,0.423523
2,-1,1,0.15,0.15,-1,-1,0.6,0.25,0.172231,0.358465
2,-1,1,0.2,0.2,-1,-1,0.6,0.25,0.196616,0.310924
2,-1,1,0.25,0.25,-1,-1,0.6,0.25,0.222933,0.274527
2,-1,1,0.3,0.3,-1,-1,0.6,0.25,0.243749,0.2536
2,-1,1,0.35,0.35,-1,-1,0.6,0.25,0.259955,0.23199
2,-1,1,0.4,0.4,-1,-1,0.6,0.25,0.278392,0.21675
2,-1,1,0.45,0.45,-1,-1,0.6,0.25,0.292814,0.202418
2,-1,1,0.5,0.5,-1,-1,0.6,0.25,0.308724,0.193547
2,-1,1,0.55,0.55,-1,-1,0.6,0.25,0.322402,0.184448
2,-1,1,0.6,0.6,-1,-1,0.6,0.25,0.33623,0.177624
2,-1,1,0.65,0.65,-1,-1,0.6,0.25,0.350057,0.172847
2,-1,1,0.7,0.7,-1,-1,0.6,0.25,0.360168,0.167388
2,-1,1,0.75,0.75,-1,-1,0.6,0.25,0.373252,0.163976
2,-1,1,0.8,0.8,-1,-1,0.6,0.25,0.383809,0.158516
2,-1,1,0.85,0.85,-1,-1,0.6,0.25,0.395406,0.156014
2,-1,1,0.9,0.9,-1,-1,0.6,0.25,0.409531,0.154422
2,-1,1,0.95,0.95,-1,-1,0.6,0.25,0.426927,0.153285
2,-1,1,1.0,1.0,-1,-1,0.6,0.25,0.469748,0.153057
2,-1,1,0.05,0.05,-1,-1,0.65,0.25,0.104986,0.520865
2,-1,1,0.1,0.1,-1,-1,0.65,0.25,0.154784,0.397695
2,-1,1,0.15,0.15,-1,-1,0.65,0.25,0.194308,0.327523
2,-1,1,0.2,0.2,-1,-1,0.65,0.25,0.222863,0.276243
2,-1,1,0.25,0.25,-1,-1,0.65,0.25,0.253682,0.236985
2,-1,1,0.3,0.3,-1,-1,0.65,0.25,0.278059,0.214412
2,-1,1,0.35,0.35,-1,-1,0.65,0.25,0.297038,0.191103
2,-1,1,0.4,0.4,-1,-1,0.65,0.25,0.318629,0.174664
2,-1,1,0.45,0.45,-1,-1,0.65,0.25,0.335518,0.159206
2,-1,1,0.5,0.5,-1,-1,0.65,0.25,0.354149,0.149637
2,-1,1,0.55,0.55,-1,-1,0.65,0.25,0.370167,0.139823
2,-1,1,0.6,0.6,-1,-1,0.65,0.25,0.38636,0.132462
2,-1,1,0.65,0.65,-1,-1,0.65,0.25,0.402553,0.127309
2,-1,1,0.7,0.7,-1,-1,0.65,0.25,0.414393,0.121421
2,-1,1,0.75,0.75,-1,-1,0.65,0.25,0.429716,0.11774
2,-1,1,0.8,0.8,-1,-1,0.65,0.25,0.442078,0.111852
2,-1,1,0.85,0.85,-1,-1,0.65,0.25,0.455659,0.109152
2,-1,1,0.9,0.9,-1,-1,0.65,0.25,0.4722,0.107435
2,-1,1,0.95,0.95,-1,-1,0.65,0.25,0.492572,0.106208
2,-1,1,1.0,1.0,-1,-1,0.65,0.25,0.542718,0.105963
2,-1,1,0.05,0.05,-1,-1,0.7,0.25,0.113751,0.508093
2,-1,1,0.1,0.1,-1,-1,0.7,0.25,0.170611,0.378116
2,-1,1,0.15,0.15,-1,-1,0.7,0.25,0.215741,0.304065
2,-1,1,0.2,0.2,-1,-1,0.7,0.25,0.248346,0.249952
2,-1,1,0.25,0.25,-1,-1,0.7,0.25,0.283535,0.208524
2,-1,1,0.3,0.3,-1,-1,0.7,0.25,0.311369,0.184704
2,-1,1,0.35,0.35,-1,-1,0.7,0.25,0.333039,0.160107
2,-1,1,0.4,0.4,-1,-1,0.7,0.25,0.357692,0.142759
2,-1,1,0.45,0.45,-1,-1,0.7,0.25,0.376976,0.126447
2,-1,1,0.5,0.5,-1,-1,0.7,0.25,0.398249,0.116349
2,-1,1,0.55,0.55,-1,-1,0.7,0.25,0.416539,0.105993
2,-1,1,0.6,0.6,-1,-1,0.7,0.25,0.435029,0.098225
2,-1,1,0.65,0.65,-1,-1,0.7,0.25,0.453518,0.092788
2,-1,1,0.7,0.7,-1,-1,0.7,0.25,0.467037,0.086574
2,-1,1,0.75,0.75,-1,-1,0.7,0.25,0.484532,0.08269
2,-1,1,0.8,0.8,-1,-1,0.7,0.25,0.498648,0.076476
2,-1,1,0.85,0.85,-1,-1,0.7,0.25,0.514155,0.073628
2,-1,1,0.9,0.9,-1,-1,0.7,0.25,0.533042,0.071816
2,-1,1,0.95,0.95,-1,-1,0.7,0.25,0.556303,0.070521
2,-1,1,1.0,1.0,-1,-1,0.7,0.25,0.61356,0.070262
2,-1,1,0.05,0.05,-1,-1,0.75,0.25,0.120598,0.498989
2,-1,1,0.1,0.1,-1,-1,0.75,0.25,0.182975,0.364161
2,-1,1,0.15,0.15,-1,-1,0.75,0.25,0.232482,0.287346
2,-1,1,0.2,0.2,-1,-1,0.75,0.25,0.268251,0.231213
2,-1,1,0.25,0.25,-1,-1,0.75,0.25,0.306854,0.188239
2,-1,1,0.3,0.3,-1,-1,0.75,0.25,0.337388,0.163529
2,-1,1,0.35,0.35,-1,-1,0.75,0.25,0.36116,0.138014
2,-1,1,0.4,0.4,-1,-1,0.75,0.25,0.388205,0.120019
2,-1,1,0.45,0.45,-1,-1,0.75,0.25,0.40936,0.103098
2,-1,1,0.5,0.5,-1,-1,0.75,0.25,0.432697,0.092623
2,-1,1,0.55,0.55,-1,-1,0.75,0.25,0.452761,0.081881
2,-1,1,0.6,0.6,-1,-1,0.75,0.25,0.473044,0.073823
2,-1,1,0.65,0.65,-1,-1,0.75,0.25,0.493327,0.068183
2,-1,1,0.7,0.7,-1,-1,0.75,0.25,0.508158,0.061737
2,-1,1,0.75,0.75,-1,-1,0.75,0.25,0.527351,0.057708
2,-1,1,0.8,0.8,-1,-1,0.75,0.25,0.542836,0.051262
2,-1,1,0.85,0.85,-1,-1,0.75,0.25,0.559847,0.048307
2,-1,1,0.9,0.9,-1,-1,0.75,0.25,0.580567,0.046428
2,-1,1,0.95,0.95,-1,-1,0.75,0.25,0.606084,0.045085
2,-1,1,1.0,1.0,-1,-1,0.75,0.25,0.668896,0.044816
2,-1,1,0.05,0.05,-1,-1,0.8,0.25,0.127596,0.490021
2,-1,1,0.1,0.1,-1,-1,0.8,0.25,0.19561,0.350413
2,-1,1,0.15,0.15,-1,-1,0.8,0.25,0.249592,0.270876
2,-1,1,0.2,0.2,-1,-1,0.8,0.25,0.288593,0.212753
2,-1,1,0.25,0.25,-1,-1,0.8,0.25,0.330685,0.168256
2,-1,1,0.3,0.3,-1,-1,0.8,0.25,0.363979,0.14267
2,-1,1,0.35,0.35,-1,-1,0.8,0.25,0.3899,0.116251
2,-1,1,0.4,0.4,-1,-1,0.8,0.25,0.419388,0.097618
2,-1,1,0.45,0.45,-1,-1,0.8,0.25,0.442455,0.080097
2,-1,1,0.5,0.5,-1,-1,0.8,0.25,0.467901,0.069251
2,-1,1,0.55,0.55,-1,-1,0.8,0.25,0.489779,0.058127
2,-1,1,0.6,0.6,-1,-1,0.8,0.25,0.511896,0.049784
2,-1,1,0.65,0.65,-1,-1,0.8,0.25,0.534011,0.043944
2,-1,1,0.7,0.7,-1,-1,0.8,0.25,0.550183,0.037269
2,-1,1,0.75,0.75,-1,-1,0.8,0.25,0.57111,0.033098
2,-1,1,0.8,0.8,-1,-1,0.8,0.25,0.587994,0.026423
2,-1,1,0.85,0.85,-1,-1,0.8,0.25,0.606543,0.023364
2,-1,1,0.9,0.9,-1,-1,0.8,0.25,0.629135,0.021418
2,-1,1,0.95,0.95,-1,-1,0.8,0.25,0.656959,0.020027
2,-1,1,1.0,1.0,-1,-1,0.8,0.25,0.725448,0.019749
2,-1,1,0.05,0.05,-1,-1,0.85,0.25,0.132938,0.486624
2,-1,1,0.1,0.1,-1,-1,0.85,0.25,0.205256,0.345206
2,-1,1,0.15,0.15,-1,-1,0.85,0.25,0.262654,0.264637
2,-1,1,0.2,0.2,-1,-1,0.85,0.25,0.304123,0.20576
2,-1,1,0.25,0.25,-1,-1,0.85,0.25,0.348879,0.160686
2,-1,1,0.3,0.3,-1,-1,0.85,0.25,0.384279,0.134769
2,-1,1,0.35,0.35,-1,-1,0.85,0.25,0.411841,0.108007
2,-1,1,0.4,0.4,-1,-1,0.85,0.25,0.443195,0.089133
2,-1,1,0.45,0.45,-1,-1,0.85,0.25,0.467722,0.071385
2,-1,1,0.5,0.5,-1,-1,0.85,0.25,0.494778,0.060398
2,-1,1,0.55,0.55,-1,-1,0.85,0.25,0.518041,0.04913
2,-1,1,0.6,0.6,-1,-1,0.85,0.25,0.541557,0.040679
2,-1,1,0.65,0.65,-1,-1,0.85,0.25,0.565072,0.034763
2,-1,1,0.7,0.7,-1,-1,0.85,0.25,0.582267,0.028002
2,-1,1,0.75,0.75,-1,-1,0.85,0.25,0.604518,0.023776
2,-1,1,0.8,0.8,-1,-1,0.85,0.25,0.622471,0.017015
2,-1,1,0.85,0.85,-1,-1,0.85,0.25,0.642194,0.013916
2,-1,1,0.9,0.9,-1,-1,0.85,0.25,0.666216,0.011944
2,-1,1,0.95,0.95,-1,-1,0.85,0.25,0.6958,0.010536
2,-1,1,1.0,1.0,-1,-1,0.85,0.25,0.768623,0.010254
2,-1,1,0.05,0.05,-1,-1,0.9,0.25,0.138732,0.484722
2,-1,1,0.1,0.1,-1,-1,0.9,0.25,0.215717,0.34229
2,-1,1,0.15,0.15,-1,-1,0.9,0.25,0.27682,0.261144
2,-1,1,0.2,0.2,-1,-1,0.9,0.25,0.320965,0.201845
2,-1,1,0.25,0.25,-1,-1,0.9,0.25,0.36861,0.156448
2,-1,1,0.3,0.3,-1,-1,0.9,0.25,0.406295,0.130345
2,-1,1,0.35,0.35,-1,-1,0.9,0.25,0.435635,0.103391
2,-1,1,0.4,0.4,-1,-1,0.9,0.25,0.469013,0.084381
2,-1,1,0.45,0.45,-1,-1,0.9,0.25,0.495123,0.066506
2,-1,1,0.5,0.5,-1,-1,0.9,0.25,0.523926,0.05544
2,-1,1,0.55,0.55,-1,-1,0.9,0.25,0.548689,0.044092
2,-1,1,0.6,0.6,-1,-1,0.9,0.25,0.573723,0.03558
2,-1,1,0.65,0.65,-1,-1,0.9,0.25,0.598757,0.029621
2,-1,1,0.7,0.7,-1,-1,0.9,0.25,0.617061,0.022812
2,-1,1,0.75,0.75,-1,-1,0.9,0.25,0.640749,0.018556
2,-1,1,0.8,0.8,-1,-1,0.9,0.25,0.65986,0.011746
2,-1,1,0.85,0.85,-1,-1,0.9,0.25,0.680856,0.008625
2,-1,1,0.9,0.9,-1,-1,0.9,0.25,0.706428,0.00664
2,-1,1,0.95,0.95,-1,-1,0.9,0.25,0.737922,0.005221
2,-1,1,1.0,1.0,-1,-1,0.9,0.25,0.815445,0.004937
2,-1,1,0.05,0.05,-1,-1,0.95,0.25,0.145165,0.483363
2,-1,1,0.1,0.1,-1,-1,0.95,0.25,0.227333,0.340207
2,-1,1,0.15,0.15,-1,-1,0.95,0.25,0.29255,0.258648
2,-1,1,0.2,0.2,-1,-1,0.95,0.25,0.339667,0.199048
2,-1,1,0.25,0.25,-1,-1,0.95,0.25,0.390519,0.15342
2,-1,1,0.3,0.3,-1,-1,0.95,0.25,0.430742,0.127184
2,-1,1,0.35,0.35,-1,-1,0.95,0.25,0.462057,0.100093
2,-1,1,0.4,0.4,-1,-1,0.95,0.25,0.497683,0.080987
2,-1,1,0.45,0.45,-1,-1,0.95,0.25,0.52555,0.063021
2,-1,1,0.5,0.5,-1,-1,0.95,0.25,0.556292,0.051899
2,-1,1,0.55,0.55,-1,-1,0.95,0.25,0.582723,0.040493
2,-1,1,0.6,0.6,-1,-1,0.95,0.25,0.609442,0.031938
2,-1,1,0.65,0.65,-1,-1,0.95,0.25,0.63616,0.025949
2,-1,1,0.7,0.7,-1,-1,0.95,0.25,0.655697,0.019105
2,-1,1,0.75,0.75,-1,-1,0.95,0.25,0.68098,0.014827
2,-1,1,0.8,0.8,-1,-1,0.95,0.25,0.701378,0.007983
2,-1,1,0.85,0.85,-1,-1,0.95,0.25,0.723787,0.004846
2,-1,1,0.9,0.9,-1,-1,0.95,0.25,0.751081,0.00285
2,-1,1,0.95,0.95,-1,-1,0.95,0.25,0.784695,0.001424
2,-1,1,1.0,1.0,-1,-1,0.95,0.25,0.867437,0.001139
2,-1,1,0.05,0.05,-1,-1,1.0,0.25,0.161568,0.482955
2,-1,1,0.1,0.1,-1,-1,1.0,0.25,0.256951,0.339582
2,-1,1,0.15,0.15,-1,-1,1.0,0.25,0.332656,0.2579
2,-1,1,0.2,0.2,-1,-1,1.0,0.25,0.387351,0.198209
2,-1,1,0.25,0.25,-1,-1,1.0,0.25,0.446381,0.152512
2,-1,1,0.3,0.3,-1,-1,1.0,0.25,0.493073,0.126236
2,-1,1,0.35,0.35,-1,-1,1.0,0.25,0.529424,0.099105
2,-1,1,0.4,0.4,-1,-1,1.0,0.25,0.570779,0.079969
2,-1,1,0.45,0.45,-1,-1,1.0,0.25,0.603129,0.061976
2,-1,1,0.5,0.5,-1,-1,1.0,0.25,0.638814,0.050837
2,-1,1,0.55,0.55,-1,-1,1.0,0.25,0.669496,0.039414
2,-1,1,0.6,0.6,-1,-1,1.0,0.25,0.700513,0.030845
2,-1,1,0.65,0.65,-1,-1,1.0,0.25,0.731528,0.024847
2,-1,1,0.7,0.7,-1,-1,1.0,0.25,0.754207,0.017993
2,-1,1,0.75,0.75,-1,-1,1.0,0.25,0.783555,0.013709
2,-1,1,0.8,0.8,-1,-1,1.0,0.25,0.807234,0.006854
2,-1,1,0.85,0.85,-1,-1,1.0,0.25,0.833247,0.003713
2,-1,1,0.9,0.9,-1,-1,1.0,0.25,0.864931,0.001714
2,-1,1,0.95,0.95,-1,-1,1.0,0.25,0.903951,0.000286
2,-1,1,1.0,1.0,-1,-1,1.0,0.25,1.0,0.0
2,-1,1,0.05,0.05,-1,-1,0.3,0.3,0.07145,0.669578
2,-1,1,0.1,0.1,-1,-1,0.3,0.3,0.07145,0.669578
2,-1,1,0.15,0.15,-1,-1,0.3,0.3,0.07145,0.669578
2,-1,1,0.2,0.2,-1,-1,0.3,0.3,0.07145,0.669578
2,-1,1,0.25,0.25,-1,-1,0.3,0.3,0.07145,0.669578
2,-1,1,0.3,0.3,-1,-1,0.3,0.3,0.07145,0.669578
2,-1,1,0.35,0.35,-1,-1,0.3,0.3,0.07145,0.669578
2,-1,1,0.4,0.4,-1,-1,0.3,0.3,0.07145,0.669578
2,-1,1,0.45,0.45,-1,-1,0.3,0.3,0.07145,0.669578
2,-1,1,0.5,0.5,-1,-1,0.3,0.3,0.07145,0.669578
2,-1,1,0.55,0.55,-1,-1,0.3,0.3,0.07145,0.669578
2,-1,1,0.6,0.6,-1,-1,0.3,0.3,0.07145,0.669578
2,-1,1,0.65,0.65,-1,-1,0.3,0.3,0.07145,0.669578
2,-1,1,0.7,0.7,-1,-1,0.3,0.3,0.07145,0.669578
2,-1,1,0.75,0.75,-1,-1,0.3,0.3,0.07145,0.669578
2,-1,1,0.8,0.8,-1,-1,0.3,0.3,0.07145,0.669578
2,-1,1,0.85,0.85,-1,-1,0.3,0.3,0.07145,0.669578
2,-1,1,0.9,0.9,-1,-1,0.3,0.3,0.07145,0.669578
2,-1,1,0.95,0.95,-1,-1,0.3,0.3,0.07145,0.669578
2,-1,1,1.0,1.0,-1,-1,0.3,0.3,0.07145,0.669578
2,-1,1,0.05,0.05,-1,-1,0.35,0.3,0.075927,0.641451
2,-1,1,0.1,0.1,-1,-1,0.35,0.3,0.079534,0.626463
2,-1,1,0.15,0.15,-1,-1,0.35,0.3,0.082396,0.617923
2,-1,1,0.2,0.2,-1,-1,0.35,0.3,0.084465,0.611683
2,-1,1,0.25,0.25,-1,-1,0.35,0.3,0.086697,0.606905
2,-1,1,0.3,0.3,-1,-1,0.35,0.3,0.088462,0.604158
2,-1,1,0.35,0.35,-1,-1,0.35,0.3,0.089837,0.601322
2,-1,1,0.4,0.4,-1,-1,0.35,0.3,0.091401,0.599321
2,-1,1,0.45,0.45,-1,-1,0.35,0.3,0.092624,0.59744
2,-1,1,0.5,0.5,-1,-1,0.35,0.3,0.093973,0.596276
2,-1,1,0.55,0.55,-1,-1,0.35,0.3,0.095133,0.595081
2,-1,1,0.6,0.6,-1,-1,0.35,0.3,0.096306,0.594186
2,-1,1,0.65,0.65,-1,-1,0.35,0.3,0.097479,0.593559
2,-1,1,0.7,0.7,-1,-1,0.35,0.3,0.098337,0.592842
2,-1,1,0.75,0.75,-1,-1,0.35,0.3,0.099446,0.592394
2,-1,1,0.8,0.8,-1,-1,0.35,0.3,0.100342,0.591678
2,-1,1,0.85,0.85,-1,-1,0.35,0.3,0.101325,0.591349
2,-1,1,0.9,0.9,-1,-1,0.35,0.3,0.102524,0.59114
2,-1,1,0.95,0.95,-1,-1,0.35,0.3,0.103999,0.590991
2,-1,1,1.0,1.0,-1,-1,0.35,0.3,0.107631,0.590961
2,-1,1,0.05,0.05,-1,-1,0.4,0.3,0.081457,0.61414
2,-1,1,0.1,0.1,-1,-1,0.4,0.3,0.08952,0.584596
2,-1,1,0.15,0.15,-1,-1,0.4,0.3,0.095919,0.567765
2,-1,1,0.2,0.2,-1,-1,0.4,0.3,0.100542,0.555465
2,-1,1,0.25,0.25,-1,-1,0.4,0.3,0.105531,0.546049
2,-1,1,0.3,0.3,-1,-1,0.4,0.3,0.109478,0.540634
2,-1,1,0.35,0.35,-1,-1,0.4,0.3,0.11255,0.535043
2,-1,1,0.4,0.4,-1,-1,0.4,0.3,0.116046,0.5311
2,-1,1,0.45,0.45,-1,-1,0.4,0.3,0.11878,0.527393
2,-1,1,0.5,0.5,-1,-1,0.4,0.3,0.121797,0.525097
2,-1,1,0.55,0.55,-1,-1,0.4,0.3,0.12439,0.522744
2,-1,1,0.6,0.6,-1,-1,0.4,0.3,0.127012,0.520978
2,-1,1,0.65,0.65,-1,-1,0.4,0.3,0.129633,0.519742
2,-1,1,0.7,0.7,-1,-1,0.4,0.3,0.13155,0.51833
2,-1,1,0.75,0.75,-1,-1,0.4,0.3,0.134031,0.517447
2,-1,1,0.8,0.8,-1,-1,0.4,0.3,0.136032,0.516034
2,-1,1,0.85,0.85,-1,-1,0.4,0.3,0.138231,0.515387
2,-1,1,0.9,0.9,-1,-1,0.4,0.3,0.140909,0.514975
2,-1,1,0.95,0.95,-1,-1,0.4,0.3,0.144207,0.514681
2,-1,1,1.0,1.0,-1,-1,0.4,0.3,0.152326,0.514622
2,-1,1,0.05,0.05,-1,-1,0.45,0.3,0.088492,0.583296
2,-1,1,0.1,0.1,-1,-1,0.45,0.3,0.102222,0.537315
2,-1,1,0.15,0.15,-1,-1,0.45,0.3,0.11312,0.511119
2,-1,1,0.2,0.2,-1,-1,0.45,0.3,0.120993,0.491976
2,-1,1,0.25,0.25,-1,-1,0.45,0.3,0.12949,0.47732
2,-1,1,0.3,0.3,-1,-1,0.45,0.3,0.136211,0.468894
2,-1,1,0.35,0.35,-1,-1,0.45,0.3,0.141444,0.460192
2,-1,1,0.4,0.4,-1,-1,0.45,0.3,0.147397,0.454056
2,-1,1,0.45,0.45,-1,-1,0.45,0.3,0.152054,0.448285
2,-1,1,0.5,0.5,-1,-1,0.45,0.3,0.157191,0.444713
2,-1,1,0.55,0.55,-1,-1,0.45,0.3,0.161607,0.441049
2,-1,1,0.6,0.6,-1,-1,0.45,0.3,0.166072,0.438301
2,-1,1,0.65,0.65,-1,-1,0.45,0.3,0.170536,0.436378
2,-1,1,0.7,0.7,-1,-1,0.45,0.3,0.173801,0.434179
2,-1,1,0.75,0.75,-1,-1,0.45,0.3,0.178026,0.432806
2,-1,1,0.8,0.8,-1,-1,0.45,0.3,0.181434,0.430607
2,-1,1,0.85,0.85,-1,-1,0.45,0.3,0.185178,0.4296
2,-1,1,0.9,0.9,-1,-1,0.45,0.3,0.189739,0.428959
2,-1,1,0.95,0.95,-1,-1,0.45,0.3,0.195356,0.428501
2,-1,1,1.0,1.0,-1,-1,0.45,0.3,0.209182,0.428409
2,-1,1,0.05,0.05,-1,-1,0.5,0.3,0.102412,0.539407
2,-1,1,0.1,0.1,-1,-1,0.5,0.3,0.127357,0.470038
2,-1,1,0.15,0.15,-1,-1,0.5,0.3,0.147155,0.430517
2,-1,1,0.2,0.2,-1,-1,0.5,0.3,0.161459,0.401636
2,-1,1,0.25,0.25,-1,-1,0.5,0.3,0.176896,0.379526
2,-1,1,0.3,0.3,-1,-1,0.5,0.3,0.189107,0.366813
2,-1,1,0.35,0.35,-1,-1,0.5,0.3,0.198614,0.353686
2,-1,1,0.4,0.4,-1,-1,0.5,0.3,0.209429,0.344427
2,-1,1,0.45,0.45,-1,-1,0.5,0.3,0.217889,0.335721
2,-1,1,0.5,0.5,-1,-1,0.5,0.3,0.227221,0.330332
2,-1,1,0.55,0.55,-1,-1,0.5,0.3,0.235245,0.324805
2,-1,1,0.6,0.6,-1,-1,0.5,0.3,0.243356,0.320659
2,-1,1,0.65,0.65,-1,-1,0.5,0.3,0.251468,0.317757
2,-1,1,0.7,0.7,-1,-1,0.5,0.3,0.257398,0.314441
2,-1,1,0.75,0.75,-1,-1,0.5,0.3,0.265074,0.312368
2,-1,1,0.8,0.8,-1,-1,0.5,0.3,0.271266,0.309051
2,-1,1,0.85,0.85,-1,-1,0.5,0.3,0.278069,0.307531
2,-1,1,0.9,0.9,-1,-1,0.5,0.3,0.286355,0.306564
2,-1,1,0.95,0.95,-1,-1,0.5,0.3,0.296559,0.305873
2,-1,1,1.0,1.0,-1,-1,0.5,0.3,0.321678,0.305735
2,-1,1,0.05,0.05,-1,-1,0.55,0.3,0.111592,0.508698
2,-1,1,0.1,0.1,-1,-1,0.55,0.3,0.143932,0.422964
2,-1,1,0.15,0.15,-1,-1,0.55,0.3,0.1696,0.37412
2,-1,1,0.2,0.2,-1,-1,0.55,0.3,0.188144,0.338426
2,-1,1,0.25,0.25,-1,-1,0.55,0.3,0.208159,0.3111
2,-1,1,0.3,0.3,-1,-1,0.55,0.3,0.22399,0.295388
2,-1,1,0.35,0.35,-1,-1,0.55,0.3,0.236315,0.279163
2,-1,1,0.4,0.4,-1,-1,0.55,0.3,0.250336,0.267721
2,-1,1,0.45,0.45,-1,-1,0.55,0.3,0.261304,0.256961
2,-1,1,0.5,0.5,-1,-1,0.55,0.3,0.273404,0.250301
2,-1,1,0.55,0.55,-1,-1,0.55,0.3,0.283807,0.243469
2,-1,1,0.6,0.6,-1,-1,0.55,0.3,0.294323,0.238346
2,-1,1,0.65,0.65,-1,-1,0.55,0.3,0.304839,0.234759
2,-1,1,0.7,0.7,-1,-1,0.55,0.3,0.312528,0.23066
2,-1,1,0.75,0.75,-1,-1,0.55,0.3,0.322479,0.228099
2,-1,1,0.8,0.8,-1,-1,0.55,0.3,0.330507,0.224
2,-1,1,0.85,0.85,-1,-1,0.55,0.3,0.339327,0.222121
2,-1,1,0.9,0.9,-1,-1,0.55,0.3,0.350069,0.220926
2,-1,1,0.95,0.95,-1,-1,0.55,0.3,0.363299,0.220072
2,-1,1,1.0,1.0,-1,-1,0.55,0.3,0.395865,0.219901
2,-1,1,0.05,0.05,-1,-1,0.6,0.3,0.120734,0.484784
2,-1,1,0.1,0.1,-1,-1,0.6,0.3,0.160439,0.386305
2,-1,1,0.15,0.15,-1,-1,0.6,0.3,0.191953,0.3302
2,-1,1,0.2,0.2,-1,-1,0.6,0.3,0.214721,0.289201
2,-1,1,0.25,0.25,-1,-1,0.6,0.3,0.239293,0.257813
2,-1,1,0.3,0.3,-1,-1,0.6,0.3,0.258729,0.239765
2,-1,1,0.35,0.35,-1,-1,0.6,0.3,0.273861,0.221129
2,-1,1,0.4,0.4,-1,-1,0.6,0.3,0.291076,0.207985
2,-1,1,0.45,0.45,-1,-1,0.6,0.3,0.304542,0.195626
2,-1,1,0.5,0.5,-1,-1,0.6,0.3,0.319397,0.187975
2,-1,1,0.55,0.55,-1,-1,0.6,0.3,0.332169,0.180129
2,-1,1,0.6,0.6,-1,-1,0.6,0.3,0.34508,0.174244
2,-1,1,0.65,0.65,-1,-1,0.6,0.3,0.357991,0.170124
2,-1,1,0.7,0.7,-1,-1,0.6,0.3,0.367432,0.165416
2,-1,1,0.75,0.75,-1,-1,0.6,0.3,0.379649,0.162473
2,-1,1,0.8,0.8,-1,-1,0.6,0.3,0.389505,0.157765
2,-1,1,0.85,0.85,-1,-1,0.6,0.3,0.400334,0.155607
2,-1,1,0.9,0.9,-1,-1,0.6,0.3,0.413523,0.154234
2,-1,1,0.95,0.95,-1,-1,0.6,0.3,0.429766,0.153253
2,-1,1,1.0,1.0,-1,-1,0.6,0.3,0.469748,0.153057
2,-1,1,0.05,0.05,-1,-1,0.65,0.3,0.129763,0.467935
2,-1,1,0.1,0.1,-1,-1,0.65,0.3,0.176742,0.360478
2,-1,1,0.15,0.15,-1,-1,0.65,0.3,0.214029,0.299258
2,-1,1,0.2,0.2,-1,-1,0.65,0.3,0.240968,0.25452
2,-1,1,0.25,0.25,-1,-1,0.65,0.3,0.270043,0.22027
2,-1,1,0.3,0.3,-1,-1,0.65,0.3,0.29304,0.200576
2,-1,1,0.35,0.35,-1,-1,0.65,0.3,0.310944,0.180241
2,-1,1,0.4,0.4,-1,-1,0.65,0.3,0.331313,0.1659
2,-1,1,0.45,0.45,-1,-1,0.65,0.3,0.347246,0.152413
2,-1,1,0.5,0.5,-1,-1,0.65,0.3,0.364822,0.144065
2,-1,1,0.55,0.55,-1,-1,0.65,0.3,0.379934,0.135503
2,-1,1,0.6,0.6,-1,-1,0.65,0.3,0.395211,0.129081
2,-1,1,0.65,0.65,-1,-1,0.65,0.3,0.410487,0.124586
2,-1,1,0.7,0.7,-1,-1,0.65,0.3,0.421657,0.119449
2,-1,1,0.75,0.75,-1,-1,0.65,0.3,0.436112,0.116238
2,-1,1,0.8,0.8,-1,-1,0.65,0.3,0.447774,0.1111
2,-1,1,0.85,0.85,-1,-1,0.65,0.3,0.460587,0.108746
2,-1,1,0.9,0.9,-1,-1,0.65,0.3,0.476192,0.107247
2,-1,1,0.95,0.95,-1,-1,0.65,0.3,0.495411,0.106177
2,-1,1,1.0,1.0,-1,-1,0.65,0.3,0.542718,0.105963
2,-1,1,0.05,0.05,-1,-1,0.7,0.3,0.138529,0.455163
2,-1,1,0.1,0.1,-1,-1,0.7,0.3,0.19257,0.340899
2,-1,1,0.15,0.15,-1,-1,0.7,0.3,0.235462,0.2758
2,-1,1,0.2,0.2,-1,-1,0.7,0.3,0.266451,0.228229
2,-1,1,0.25,0.25,-1,-1,0.7,0.3,0.299896,0.191809
2,-1,1,0.3,0.3,-1,-1,0.7,0.3,0.32635,0.170869
2,-1,1,0.35,0.35,-1,-1,0.7,0.3,0.346945,0.149245
2,-1,1,0.4,0.4,-1,-1,0.7,0.3,0.370376,0.133995
2,-1,1,0.45,0.45,-1,-1,0.7,0.3,0.388704,0.119655
2,-1,1,0.5,0.5,-1,-1,0.7,0.3,0.408923,0.110778
2,-1,1,0.55,0.55,-1,-1,0.7,0.3,0.426306,0.101673
2,-1,1,0.6,0.6,-1,-1,0.7,0.3,0.443879,0.094845
2,-1,1,0.65,0.65,-1,-1,0.7,0.3,0.461452,0.090065
2,-1,1,0.7,0.7,-1,-1,0.7,0.3,0.474301,0.084602
2,-1,1,0.75,0.75,-1,-1,0.7,0.3,0.490929,0.081188
2,-1,1,0.8,0.8,-1,-1,0.7,0.3,0.504344,0.075725
2,-1,1,0.85,0.85,-1,-1,0.7,0.3,0.519083,0.073221
2,-1,1,0.9,0.9,-1,-1,0.7,0.3,0.537034,0.071628
2,-1,1,0.95,0.95,-1,-1,0.7,0.3,0.559141,0.07049
2,-1,1,1.0,1.0,-1,-1,0.7,0.3,0.61356,0.070262
2,-1,1,0.05,0.05,-1,-1,0.75,0.3,0.145376,0.446059
2,-1,1,0.1,0.1,-1,-1,0.75,0.3,0.204933,0.326944
2,-1,1,0.15,0.15,-1,-1,0.75,0.3,0.252204,0.259081
2,-1,1,0.2,0.2,-1,-1,0.75,0.3,0.286356,0.20949
2,-1,1,0.25,0.25,-1,-1,0.75,0.3,0.323214,0.171524
2,-1,1,0.3,0.3,-1,-1,0.75,0.3,0.352369,0.149694
2,-1,1,0.35,0.35,-1,-1,0.75,0.3,0.375067,0.127153
2,-1,1,0.4,0.4,-1,-1,0.75,0.3,0.400889,0.111255
2,-1,1,0.45,0.45,-1,-1,0.75,0.3,0.421088,0.096306
2,-1,1,0.5,0.5,-1,-1,0.75,0.3,0.44337,0.087052
2,-1,1,0.55,0.55,-1,-1,0.75,0.3,0.462528,0.077561
2,-1,1,0.6,0.6,-1,-1,0.75,0.3,0.481895,0.070442
2,-1,1,0.65,0.65,-1,-1,0.75,0.3,0.501261,0.065459
2,-1,1,0.7,0.7,-1,-1,0.75,0.3,0.515422,0.059765
2,-1,1,0.75,0.75,-1,-1,0.75,0.3,0.533747,0.056205
2,-1,1,0.8,0.8,-1,-1,0.75,0.3,0.548532,0.050511
2,-1,1,0.85,0.85,-1,-1,0.75,0.3,0.564775,0.0479
2,-1,1,0.9,0.9,-1,-1,0.75,0.3,0.584558,0.04624
2,-1,1,0.95,0.95,-1,-1,0.75,0.3,0.608923,0.045053
2,-1,1,1.0,1.0,-1,-1,0.75,0.3,0.668896,0.044816
2,-1,1,0.05,0.05,-1,-1,0.8,0.3,0.152373,0.437091
2,-1,1,0.1,0.1,-1,-1,0.8,0.3,0.217568,0.313196
2,-1,1,0.15,0.15,-1,-1,0.8,0.3,0.269313,0.242611
2,-1,1,0.2,0.2,-1,-1,0.8,0.3,0.306698,0.19103
2,-1,1,0.25,0.25,-1,-1,0.8,0.3,0.347045,0.151541
2,-1,1,0.3,0.3,-1,-1,0.8,0.3,0.378959,0.128835
2,-1,1,0.35,0.35,-1,-1,0.8,0.3,0.403806,0.105389
2,-1,1,0.4,0.4,-1,-1,0.8,0.3,0.432072,0.088854
2,-1,1,0.45,0.45,-1,-1,0.8,0.3,0.454183,0.073305
2,-1,1,0.5,0.5,-1,-1,0.8,0.3,0.478575,0.063679
2,-1,1,0.55,0.55,-1,-1,0.8,0.3,0.499546,0.053808
2,-1,1,0.6,0.6,-1,-1,0.8,0.3,0.520746,0.046404
2,-1,1,0.65,0.65,-1,-1,0.8,0.3,0.541945,0.041221
2,-1,1,0.7,0.7,-1,-1,0.8,0.3,0.557446,0.035297
2,-1,1,0.75,0.75,-1,-1,0.8,0.3,0.577506,0.031595
2,-1,1,0.8,0.8,-1,-1,0.8,0.3,0.593691,0.025672
2,-1,1,0.85,0.85,-1,-1,0.8,0.3,0.611471,0.022957
2,-1,1,0.9,0.9,-1,-1,0.8,0.3,0.633127,0.02123
2,-1,1,0.95,0.95,-1,-1,0.8,0.3,0.659798,0.019996
2,-1,1,1.0,1.0,-1,-1,0.8,0.3,0.725448,0.019749
2,-1,1,0.05,0.05,-1,-1,0.85,0.3,0.157715,0.433694
2,-1,1,0.1,0.1,-1,-1,0.85,0.3,0.227214,0.307989
2,-1,1,0.15,0.15,-1,-1,0.85,0.3,0.282376,0.236372
2,-1,1,0.2,0.2,-1,-1,0.85,0.3,0.322228,0.184037
2,-1,1,0.25,0.25,-1,-1,0.85,0.3,0.365239,0.143972
2,-1,1,0.3,0.3,-1,-1,0.85,0.3,0.39926,0.120934
2,-1,1,0.35,0.35,-1,-1,0.85,0.3,0.425747,0.097146
2,-1,1,0.4,0.4,-1,-1,0.85,0.3,0.45588,0.080368
2,-1,1,0.45,0.45,-1,-1,0.85,0.3,0.47945,0.064592
2,-1,1,0.5,0.5,-1,-1,0.85,0.3,0.505452,0.054826
2,-1,1,0.55,0.55,-1,-1,0.85,0.3,0.527808,0.04481
2,-1,1,0.6,0.6,-1,-1,0.85,0.3,0.550407,0.037298
2,-1,1,0.65,0.65,-1,-1,0.85,0.3,0.573006,0.032039
2,-1,1,0.7,0.7,-1,-1,0.85,0.3,0.58953,0.02603
2,-1,1,0.75,0.75,-1,-1,0.85,0.3,0.610915,0.022273
2,-1,1,0.8,0.8,-1,-1,0.85,0.3,0.628168,0.016264
2,-1,1,0.85,0.85,-1,-1,0.85,0.3,0.647122,0.013509
2,-1,1,0.9,0.9,-1,-1,0.85,0.3,0.670207,0.011757
2,-1,1,0.95,0.95,-1,-1,0.85,0.3,0.698639,0.010505
2,-1,1,1.0,1.0,-1,-1,0.85,0.3,0.768623,0.010254
2,-1,1,0.05,0.05,-1,-1,0.9,0.3,0.163509,0.431791
2,-1,1,0.1,0.1,-1,-1,0.9,0.3,0.237676,0.305073
2,-1,1,0.15,0.15,-1,-1,0.9,0.3,0.296541,0.232879
2,-1,1,0.2,0.2,-1,-1,0.9,0.3,0.33907,0.180122
2,-1,1,0.25,0.25,-1,-1,0.9,0.3,0.38497,0.139733
2,-1,1,0.3,0.3,-1,-1,0.9,0.3,0.421276,0.11651
2,-1,1,0.35,0.35,-1,-1,0.9,0.3,0.449542,0.092529
2,-1,1,0.4,0.4,-1,-1,0.9,0.3,0.481698,0.075617
2,-1,1,0.45,0.45,-1,-1,0.9,0.3,0.506851,0.059713
2,-1,1,0.5,0.5,-1,-1,0.9,0.3,0.5346,0.049869
2,-1,1,0.55,0.55,-1,-1,0.9,0.3,0.558456,0.039772
2,-1,1,0.6,0.6,-1,-1,0.9,0.3,0.582574,0.032199
2,-1,1,0.65,0.65,-1,-1,0.9,0.3,0.60669,0.026898
2,-1,1,0.7,0.7,-1,-1,0.9,0.3,0.624325,0.02084
2,-1,1,0.75,0.75,-1,-1,0.9,0.3,0.647145,0.017053
2,-1,1,0.8,0.8,-1,-1,0.9,0.3,0.665557,0.010995
2,-1,1,0.85,0.85,-1,-1,0.9,0.3,0.685784,0.008218
2,-1,1,0.9,0.9,-1,-1,0.9,0.3,0.71042,0.006452
2,-1,1,0.95,0.95,-1,-1,0.9,0.3,0.740761,0.00519
2,-1,1,1.0,1.0,-1,-1,0.9,0.3,0.815445,0.004937
2,-1,1,0.05,0.05,-1,-1,0.95,0.3,0.169942,0.430433
2,-1,1,0.1,0.1,-1,-1,0.95,0.3,0.249292,0.30299
2,-1,1,0.15,0.15,-1,-1,0.95,0.3,0.312271,0.230383
2,-1,1,0.2,0.2,-1,-1,0.95,0.3,0.357772,0.177325
2,-1,1,0.25,0.25,-1,-1,0.95,0.3,0.40688,0.136705
2,-1,1,0.3,0.3,-1,-1,0.95,0.3,0.445722,0.113349
2,-1,1,0.35,0.35,-1,-1,0.95,0.3,0.475963,0.089232
2,-1,1,0.4,0.4,-1,-1,0.95,0.3,0.510367,0.072223
2,-1,1,0.45,0.45,-1,-1,0.95,0.3,0.537278,0.056228
2,-1,1,0.5,0.5,-1,-1,0.95,0.3,0.566965,0.046327
2,-1,1,0.55,0.55,-1,-1,0.95,0.3,0.59249,0.036173
2,-1,1,0.6,0.6,-1,-1,0.95,0.3,0.618292,0.028557
2,-1,1,0.65,0.65,-1,-1,0.95,0.3,0.644094,0.023226
2,-1,1,0.7,0.7,-1,-1,0.95,0.3,0.662961,0.017133
2,-1,1,0.75,0.75,-1,-1,0.95,0.3,0.687376,0.013325
2,-1,1,0.8,0.8,-1,-1,0.95,0.3,0.707074,0.007232
2,-1,1,0.85,0.85,-1,-1,0.95,0.3,0.728715,0.004439
2,-1,1,0.9,0.9,-1,-1,0.95,0.3,0.755072,0.002662
2,-1,1,0.95,0.95,-1,-1,0.95,0.3,0.787533,0.001393
2,-1,1,1.0,1.0,-1,-1,0.95,0.3,0.867437,0.001139
2,-1,1,0.05,0.05,-1,-1,1.0,0.3,0.186345,0.430025
2,-1,1,0.1,0.1,-1,-1,1.0,0.3,0.278909,0.302365
2,-1,1,0.15,0.15,-1,-1,1.0,0.3,0.352377,0.229635
2,-1,1,0.2,0.2,-1,-1,1.0,0.3,0.405456,0.176486
2,-1,1,0.25,0.25,-1,-1,1.0,0.3,0.462742,0.135797
2,-1,1,0.3,0.3,-1,-1,1.0,0.3,0.508053,0.112401
2,-1,1,0.35,0.35,-1,-1,1.0,0.3,0.543331,0.088243
2,-1,1,0.4,0.4,-1,-1,1.0,0.3,0.583464,0.071205
2,-1,1,0.45,0.45,-1,-1,1.0,0.3,0.614857,0.055183
2,-1,1,0.5,0.5,-1,-1,1.0,0.3,0.649488,0.045265
2,-1,1,0.55,0.55,-1,-1,1.0,0.3,0.679263,0.035094
2,-1,1,0.6,0.6,-1,-1,1.0,0.3,0.709363,0.027465
2,-1,1,0.65,0.65,-1,-1,1.0,0.3,0.739462,0.022124
2,-1,1,0.7,0.7,-1,-1,1.0,0.3,0.76147,0.016021
2,-1,1,0.75,0.75,-1,-1,1.0,0.3,0.789952,0.012206
2,-1,1,0.8,0.8,-1,-1,1.0,0.3,0.812931,0.006103
2,-1,1,0.85,0.85,-1,-1,1.0,0.3,0.838175,0.003306
2,-1,1,0.9,0.9,-1,-1,1.0,0.3,0.868922,0.001526
2,-1,1,0.95,0.95,-1,-1,1.0,0.3,0.906789,0.000254
2,-1,1,1.0,1.0,-1,-1,1.0,0.3,1.0,0.0
2,-1,1,0.05,0.05,-1,-1,0.35,0.35,0.107631,0.590961
2,-1,1,0.1,0.1,-1,-1,0.35,0.35,0.107631,0.590961
2,-1,1,0.15,0.15,-1,-1,0.35,0.35,0.107631,0.590961
2,-1,1,0.2,0.2,-1,-1,0.35,0.35,0.107631,0.590961
2,-1,1,0.25,0.25,-1,-1,0.35,0.35,0.107631,0.590961
2,-1,1,0.3,0.3,-1,-1,0.35,0.35,0.107631,0.590961
2,-1,1,0.35,0.35,-1,-1,0.35,0.35,0.107631,0.590961
2,-1,1,0.4,0.4,-1,-1,0.35,0.35,0.107631,0.590961
2,-1,1,0.45,0.45,-1,-1,0.35,0.35,0.107631,0.590961
2,-1,1,0.5,0.5,-1,-1,0.35,0.35,0.107631,0.590961
2,-1,1,0.55,0.55,-1,-1,0.35,0.35,0.107631,0.590961
2,-1,1,0.6,0.6,-1,-1,0.35,0.35,0.107631,0.590961
2,-1,1,0.65,0.65,-1,-1,0.35,0.35,0.107631,0.590961
2,-1,1,0.7,0.7,-1,-1,0.35,0.35,0.107631,0.590961
2,-1,1,0.75,0.75,-1,-1,0.35,0.35,0.107631,0.590961
2,-1,1,0.8,0.8,-1,-1,0.35,0.35,0.107631,0.590961
2,-1,1,0.85,0.85,-1,-1,0.35,0.35,0.107631,0.590961
2,-1,1,0.9,0.9,-1,-1,0.35,0.35,0.107631,0.590961
2,-1,1,0.95,0.95,-1,-1,0.35,0.35,0.107631,0.590961
2,-1,1,1.0,1.0,-1,-1,0.35,0.35,0.107631,0.590961
2,-1,1,0.05,0.05,-1,-1,0.4,0.35,0.113161,0.563649
2,-1,1,0.1,0.1,-1,-1,0.4,0.35,0.117617,0.549095
2,-1,1,0.15,0.15,-1,-1,0.4,0.35,0.121153,0.540803
2,-1,1,0.2,0.2,-1,-1,0.4,0.35,0.123708,0.534743
2,-1,1,0.25,0.25,-1,-1,0.4,0.35,0.126466,0.530104
2,-1,1,0.3,0.3,-1,-1,0.4,0.35,0.128647,0.527437
2,-1,1,0.35,0.35,-1,-1,0.4,0.35,0.130345,0.524683
2,-1,1,0.4,0.4,-1,-1,0.4,0.35,0.132276,0.52274
2,-1,1,0.45,0.45,-1,-1,0.4,0.35,0.133787,0.520913
2,-1,1,0.5,0.5,-1,-1,0.4,0.35,0.135454,0.519783
2,-1,1,0.55,0.55,-1,-1,0.4,0.35,0.136888,0.518623
2,-1,1,0.6,0.6,-1,-1,0.4,0.35,0.138336,0.517753
2,-1,1,0.65,0.65,-1,-1,0.4,0.35,0.139785,0.517144
2,-1,1,0.7,0.7,-1,-1,0.4,0.35,0.140845,0.516449
2,-1,1,0.75,0.75,-1,-1,0.4,0.35,0.142215,0.516014
2,-1,1,0.8,0.8,-1,-1,0.4,0.35,0.143322,0.515318
2,-1,1,0.85,0.85,-1,-1,0.4,0.35,0.144537,0.514999
2,-1,1,0.9,0.9,-1,-1,0.4,0.35,0.146017,0.514796
2,-1,1,0.95,0.95,-1,-1,0.4,0.35,0.147839,0.514651
2,-1,1,1.0,1.0,-1,-1,0.4,0.35,0.152326,0.514622
2,-1,1,0.05,0.05,-1,-1,0.45,0.35,0.120197,0.532805
2,-1,1,0.1,0.1,-1,-1,0.45,0.35,0.13032,0.501814
2,-1,1,0.15,0.15,-1,-1,0.45,0.35,0.138355,0.484157
2,-1,1,0.2,0.2,-1,-1,0.45,0.35,0.14416,0.471254
2,-1,1,0.25,0.25,-1,-1,0.45,0.35,0.150425,0.461376
2,-1,1,0.3,0.3,-1,-1,0.45,0.35,0.15538,0.455696
2,-1,1,0.35,0.35,-1,-1,0.45,0.35,0.159238,0.449832
2,-1,1,0.4,0.4,-1,-1,0.45,0.35,0.163627,0.445695
2,-1,1,0.45,0.45,-1,-1,0.45,0.35,0.167061,0.441806
2,-1,1,0.5,0.5,-1,-1,0.45,0.35,0.170848,0.439398
2,-1,1,0.55,0.55,-1,-1,0.45,0.35,0.174105,0.436929
2,-1,1,0.6,0.6,-1,-1,0.45,0.35,0.177396,0.435077
2,-1,1,0.65,0.65,-1,-1,0.45,0.35,0.180688,0.43378
2,-1,1,0.7,0.7,-1,-1,0.45,0.35,0.183095,0.432298
2,-1,1,0.75,0.75,-1,-1,0.45,0.35,0.18621,0.431372
2,-1,1,0.8,0.8,-1,-1,0.45,0.35,0.188723,0.429891
2,-1,1,0.85,0.85,-1,-1,0.45,0.35,0.191484,0.429212
2,-1,1,0.9,0.9,-1,-1,0.45,0.35,0.194847,0.428779
2,-1,1,0.95,0.95,-1,-1,0.45,0.35,0.198988,0.428471
2,-1,1,1.0,1.0,-1,-1,0.45,0.35,0.209182,0.428409
2,-1,1,0.05,0.05,-1,-1,0.5,0.35,0.134116,0.488917
2,-1,1,0.1,0.1,-1,-1,0.5,0.35,0.155454,0.434536
2,-1,1,0.15,0.15,-1,-1,0.5,0.35,0.17239,0.403555
2,-1,1,0.2,0.2,-1,-1,0.5,0.35,0.184625,0.380914
2,-1,1,0.25,0.25,-1,-1,0.5,0.35,0.197831,0.363582
2,-1,1,0.3,0.3,-1,-1,0.5,0.35,0.208276,0.353616
2,-1,1,0.35,0.35,-1,-1,0.5,0.35,0.216408,0.343325
2,-1,1,0.4,0.4,-1,-1,0.5,0.35,0.225659,0.336067
2,-1,1,0.45,0.45,-1,-1,0.5,0.35,0.232896,0.329242
2,-1,1,0.5,0.5,-1,-1,0.5,0.35,0.240879,0.325017
2,-1,1,0.55,0.55,-1,-1,0.5,0.35,0.247743,0.320684
2,-1,1,0.6,0.6,-1,-1,0.5,0.35,0.254681,0.317434
2,-1,1,0.65,0.65,-1,-1,0.5,0.35,0.261619,0.315159
2,-1,1,0.7,0.7,-1,-1,0.5,0.35,0.266693,0.31256
2,-1,1,0.75,0.75,-1,-1,0.5,0.35,0.273258,0.310935
2,-1,1,0.8,0.8,-1,-1,0.5,0.35,0.278555,0.308335
2,-1,1,0.85,0.85,-1,-1,0.5,0.35,0.284375,0.307143
2,-1,1,0.9,0.9,-1,-1,0.5,0.35,0.291462,0.306385
2,-1,1,0.95,0.95,-1,-1,0.5,0.35,0.300191,0.305843
2,-1,1,1.0,1.0,-1,-1,0.5,0.35,0.321678,0.305735
2,-1,1,0.05,0.05,-1,-1,0.55,0.35,0.143296,0.458208
2,-1,1,0.1,0.1,-1,-1,0.55,0.35,0.172029,0.387463
2,-1,1,0.15,0.15,-1,-1,0.55,0.35,0.194834,0.347158
2,-1,1,0.2,0.2,-1,-1,0.55,0.35,0.211311,0.317704
2,-1,1,0.25,0.25,-1,-1,0.55,0.35,0.229093,0.295156
2,-1,1,0.3,0.3,-1,-1,0.55,0.35,0.243158,0.28219
2,-1,1,0.35,0.35,-1,-1,0.55,0.35,0.254109,0.268803
2,-1,1,0.4,0.4,-1,-1,0.55,0.35,0.266567,0.259361
2,-1,1,0.45,0.45,-1,-1,0.55,0.35,0.276312,0.250482
2,-1,1,0.5,0.5,-1,-1,0.55,0.35,0.287062,0.244986
2,-1,1,0.55,0.55,-1,-1,0.55,0.35,0.296304,0.239349
2,-1,1,0.6,0.6,-1,-1,0.55,0.35,0.305647,0.235121
2,-1,1,0.65,0.65,-1,-1,0.55,0.35,0.314991,0.232162
2,-1,1,0.7,0.7,-1,-1,0.55,0.35,0.321822,0.228779
2,-1,1,0.75,0.75,-1,-1,0.55,0.35,0.330663,0.226665
2,-1,1,0.8,0.8,-1,-1,0.55,0.35,0.337796,0.223283
2,-1,1,0.85,0.85,-1,-1,0.55,0.35,0.345632,0.221733
2,-1,1,0.9,0.9,-1,-1,0.55,0.35,0.355177,0.220747
2,-1,1,0.95,0.95,-1,-1,0.55,0.35,0.366931,0.220042
2,-1,1,1.0,1.0,-1,-1,0.55,0.35,0.395865,0.219901
2,-1,1,0.05,0.05,-1,-1,0.6,0.35,0.152438,0.434293
2,-1,1,0.1,0.1,-1,-1,0.6,0.35,0.188536,0.350804
2,-1,1,0.15,0.15,-1,-1,0.6,0.35,0.217187,0.303238
2,-1,1,0.2,0.2,-1,-1,0.6,0.35,0.237887,0.268479
2,-1,1,0.25,0.25,-1,-1,0.6,0.35,0.260227,0.241868
2,-1,1,0.3,0.3,-1,-1,0.6,0.35,0.277898,0.226568
2,-1,1,0.35,0.35,-1,-1,0.6,0.35,0.291656,0.210768
2,-1,1,0.4,0.4,-1,-1,0.6,0.35,0.307307,0.199625
2,-1,1,0.45,0.45,-1,-1,0.6,0.35,0.319549,0.189147
2,-1,1,0.5,0.5,-1,-1,0.6,0.35,0.333055,0.182661
2,-1,1,0.55,0.55,-1,-1,0.6,0.35,0.344667,0.176008
2,-1,1,0.6,0.6,-1,-1,0.6,0.35,0.356405,0.171019
2,-1,1,0.65,0.65,-1,-1,0.6,0.35,0.368143,0.167526
2,-1,1,0.7,0.7,-1,-1,0.6,0.35,0.376726,0.163535
2,-1,1,0.75,0.75,-1,-1,0.6,0.35,0.387833,0.16104
2,-1,1,0.8,0.8,-1,-1,0.6,0.35,0.396794,0.157048
2,-1,1,0.85,0.85,-1,-1,0.6,0.35,0.406639,0.155219
2,-1,1,0.9,0.9,-1,-1,0.6,0.35,0.41863,0.154055
2,-1,1,0.95,0.95,-1,-1,0.6,0.35,0.433398,0.153223
2,-1,1,1.0,1.0,-1,-1,0.6,0.35,0.469748,0.153057
2,-1,1,0.05,0.05,-1,-1,0.65,0.35,0.161467,0.417445
2,-1,1,0.1,0.1,-1,-1,0.65,0.35,0.204839,0.324976
2,-1,1,0.15,0.15,-1,-1,0.65,0.35,0.239264,0.272295
2,-1,1,0.2,0.2,-1,-1,0.65,0.35,0.264135,0.233798
2,-1,1,0.25,0.25,-1,-1,0.65,0.35,0.290977,0.204325
2,-1,1,0.3,0.3,-1,-1,0.65,0.35,0.312208,0.187379
2,-1,1,0.35,0.35,-1,-1,0.65,0.35,0.328738,0.16988
2,-1,1,0.4,0.4,-1,-1,0.65,0.35,0.347543,0.157539
2,-1,1,0.45,0.45,-1,-1,0.65,0.35,0.362253,0.145934
2,-1,1,0.5,0.5,-1,-1,0.65,0.35,0.37848,0.13875
2,-1,1,0.55,0.55,-1,-1,0.65,0.35,0.392432,0.131383
2,-1,1,0.6,0.6,-1,-1,0.65,0.35,0.406535,0.125857
2,-1,1,0.65,0.65,-1,-1,0.65,0.35,0.420639,0.121988
2,-1,1,0.7,0.7,-1,-1,0.65,0.35,0.430951,0.117568
2,-1,1,0.75,0.75,-1,-1,0.65,0.35,0.444297,0.114805
2,-1,1,0.8,0.8,-1,-1,0.65,0.35,0.455064,0.110384
2,-1,1,0.85,0.85,-1,-1,0.65,0.35,0.466892,0.108357
2,-1,1,0.9,0.9,-1,-1,0.65,0.35,0.481299,0.107068
2,-1,1,0.95,0.95,-1,-1,0.65,0.35,0.499043,0.106147
2,-1,1,1.0,1.0,-1,-1,0.65,0.35,0.542718,0.105963
2,-1,1,0.05,0.05,-1,-1,0.7,0.35,0.170233,0.404672
2,-1,1,0.1,0.1,-1,-1,0.7,0.35,0.220667,0.305397
2,-1,1,0.15,0.15,-1,-1,0.7,0.35,0.260697,0.248838
2,-1,1,0.2,0.2,-1,-1,0.7,0.35,0.289617,0.207507
2,-1,1,0.25,0.25,-1,-1,0.7,0.35,0.32083,0.175865
2,-1,1,0.3,0.3,-1,-1,0.7,0.35,0.345518,0.157671
2,-1,1,0.35,0.35,-1,-1,0.7,0.35,0.36474,0.138884
2,-1,1,0.4,0.4,-1,-1,0.7,0.35,0.386606,0.125635
2,-1,1,0.45,0.45,-1,-1,0.7,0.35,0.403711,0.113175
2,-1,1,0.5,0.5,-1,-1,0.7,0.35,0.42258,0.105463
2,-1,1,0.55,0.55,-1,-1,0.7,0.35,0.438804,0.097553
2,-1,1,0.6,0.6,-1,-1,0.7,0.35,0.455204,0.09162
2,-1,1,0.65,0.65,-1,-1,0.7,0.35,0.471603,0.087467
2,-1,1,0.7,0.7,-1,-1,0.7,0.35,0.483595,0.082721
2,-1,1,0.75,0.75,-1,-1,0.7,0.35,0.499113,0.079754
2,-1,1,0.8,0.8,-1,-1,0.7,0.35,0.511634,0.075008
2,-1,1,0.85,0.85,-1,-1,0.7,0.35,0.525388,0.072833
2,-1,1,0.9,0.9,-1,-1,0.7,0.35,0.542141,0.071449
2,-1,1,0.95,0.95,-1,-1,0.7,0.35,0.562773,0.07046
2,-1,1,1.0,1.0,-1,-1,0.7,0.35,0.61356,0.070262
2,-1,1,0.05,0.05,-1,-1,0.75,0.35,0.17708,0.395568
2,-1,1,0.1,0.1,-1,-1,0.75,0.35,0.233031,0.291442
2,-1,1,0.15,0.15,-1,-1,0.75,0.35,0.277438,0.232119
2,-1,1,0.2,0.2,-1,-1,0.75,0.35,0.309522,0.188768
2,-1,1,0.25,0.25,-1,-1,0.75,0.35,0.344149,0.15558
2,-1,1,0.3,0.3,-1,-1,0.75,0.35,0.371537,0.136497
2,-1,1,0.35,0.35,-1,-1,0.75,0.35,0.392861,0.116792
2,-1,1,0.4,0.4,-1,-1,0.75,0.35,0.417119,0.102895
2,-1,1,0.45,0.45,-1,-1,0.75,0.35,0.436095,0.089827
2,-1,1,0.5,0.5,-1,-1,0.75,0.35,0.457028,0.081737
2,-1,1,0.55,0.55,-1,-1,0.75,0.35,0.475026,0.073441
2,-1,1,0.6,0.6,-1,-1,0.75,0.35,0.493219,0.067218
2,-1,1,0.65,0.65,-1,-1,0.75,0.35,0.511413,0.062862
2,-1,1,0.7,0.7,-1,-1,0.75,0.35,0.524716,0.057884
2,-1,1,0.75,0.75,-1,-1,0.75,0.35,0.541932,0.054772
2,-1,1,0.8,0.8,-1,-1,0.75,0.35,0.555821,0.049794
2,-1,1,0.85,0.85,-1,-1,0.75,0.35,0.57108,0.047512
2,-1,1,0.9,0.9,-1,-1,0.75,0.35,0.589666,0.046061
2,-1,1,0.95,0.95,-1,-1,0.75,0.35,0.612555,0.045024
2,-1,1,1.0,1.0,-1,-1,0.75,0.35,0.668896,0.044816
2,-1,1,0.05,0.05,-1,-1,0.8,0.35,0.184077,0.3866
2,-1,1,0.1,0.1,-1,-1,0.8,0.35,0.245666,0.277695
2,-1,1,0.15,0.15,-1,-1,0.8,0.35,0.294548,0.215649
2,-1,1,0.2,0.2,-1,-1,0.8,0.35,0.329864,0.170308
2,-1,1,0.25,0.25,-1,-1,0.8,0.35,0.36798,0.135597
2,-1,1,0.3,0.3,-1,-1,0.8,0.35,0.398128,0.115638
2,-1,1,0.35,0.35,-1,-1,0.8,0.35,0.4216,0.095028
2,-1,1,0.4,0.4,-1,-1,0.8,0.35,0.448303,0.080493
2,-1,1,0.45,0.45,-1,-1,0.8,0.35,0.46919,0.066825
2,-1,1,0.5,0.5,-1,-1,0.8,0.35,0.492233,0.058365
2,-1,1,0.55,0.55,-1,-1,0.8,0.35,0.512044,0.049687
2,-1,1,0.6,0.6,-1,-1,0.8,0.35,0.532071,0.043179
2,-1,1,0.65,0.65,-1,-1,0.8,0.35,0.552097,0.038623
2,-1,1,0.7,0.7,-1,-1,0.8,0.35,0.566741,0.033416
2,-1,1,0.75,0.75,-1,-1,0.8,0.35,0.585691,0.030162
2,-1,1,0.8,0.8,-1,-1,0.8,0.35,0.60098,0.024956
2,-1,1,0.85,0.85,-1,-1,0.8,0.35,0.617777,0.022569
2,-1,1,0.9,0.9,-1,-1,0.8,0.35,0.638234,0.021051
2,-1,1,0.95,0.95,-1,-1,0.8,0.35,0.66343,0.019966
2,-1,1,1.0,1.0,-1,-1,0.8,0.35,0.725448,0.019749
2,-1,1,0.05,0.05,-1,-1,0.85,0.35,0.18942,0.383203
2,-1,1,0.1,0.1,-1,-1,0.85,0.35,0.255312,0.272487
2,-1,1,0.15,0.15,-1,-1,0.85,0.35,0.30761,0.20941
2,-1,1,0.2,0.2,-1,-1,0.85,0.35,0.345394,0.163316
2,-1,1,0.25,0.25,-1,-1,0.85,0.35,0.386174,0.128027
2,-1,1,0.3,0.3,-1,-1,0.85,0.35,0.418429,0.107737
2,-1,1,0.35,0.35,-1,-1,0.85,0.35,0.443541,0.086785
2,-1,1,0.4,0.4,-1,-1,0.85,0.35,0.47211,0.072008
2,-1,1,0.45,0.45,-1,-1,0.85,0.35,0.494457,0.058113
2,-1,1,0.5,0.5,-1,-1,0.85,0.35,0.51911,0.049512
2,-1,1,0.55,0.55,-1,-1,0.85,0.35,0.540305,0.04069
2,-1,1,0.6,0.6,-1,-1,0.85,0.35,0.561732,0.034073
2,-1,1,0.65,0.65,-1,-1,0.85,0.35,0.583158,0.029442
2,-1,1,0.7,0.7,-1,-1,0.85,0.35,0.598825,0.024149
2,-1,1,0.75,0.75,-1,-1,0.85,0.35,0.619099,0.02084
2,-1,1,0.8,0.8,-1,-1,0.85,0.35,0.635457,0.015547
2,-1,1,0.85,0.85,-1,-1,0.85,0.35,0.653427,0.013121
2,-1,1,0.9,0.9,-1,-1,0.85,0.35,0.675315,0.011577
2,-1,1,0.95,0.95,-1,-1,0.85,0.35,0.702271,0.010475
2,-1,1,1.0,1.0,-1,-1,0.85,0.35,0.768623,0.010254
2,-1,1,0.05,0.05,-1,-1,0.9,0.35,0.195213,0.381301
2,-1,1,0.1,0.1,-1,-1,0.9,0.35,0.265773,0.269571
2,-1,1,0.15,0.15,-1,-1,0.9,0.35,0.321776,0.205917
2,-1,1,0.2,0.2,-1,-1,0.9,0.35,0.362237,0.1594
2,-1,1,0.25,0.25,-1,-1,0.9,0.35,0.405905,0.123789
2,-1,1,0.3,0.3,-1,-1,0.9,0.35,0.440444,0.103312
2,-1,1,0.35,0.35,-1,-1,0.9,0.35,0.467336,0.082169
2,-1,1,0.4,0.4,-1,-1,0.9,0.35,0.497928,0.067257
2,-1,1,0.45,0.45,-1,-1,0.9,0.35,0.521859,0.053234
2,-1,1,0.5,0.5,-1,-1,0.9,0.35,0.548257,0.044554
2,-1,1,0.55,0.55,-1,-1,0.9,0.35,0.570954,0.035652
2,-1,1,0.6,0.6,-1,-1,0.9,0.35,0.593899,0.028975
2,-1,1,0.65,0.65,-1,-1,0.9,0.35,0.616842,0.0243
2,-1,1,0.7,0.7,-1,-1,0.9,0.35,0.633619,0.018959
2,-1,1,0.75,0.75,-1,-1,0.9,0.35,0.65533,0.01562
2,-1,1,0.8,0.8,-1,-1,0.9,0.35,0.672846,0.010279
2,-1,1,0.85,0.85,-1,-1,0.9,0.35,0.692089,0.00783
2,-1,1,0.9,0.9,-1,-1,0.9,0.35,0.715527,0.006273
2,-1,1,0.95,0.95,-1,-1,0.9,0.35,0.744393,0.00516
2,-1,1,1.0,1.0,-1,-1,0.9,0.35,0.815445,0.004937
2,-1,1,0.05,0.05,-1,-1,0.95,0.35,0.201646,0.379942
2,-1,1,0.1,0.1,-1,-1,0.95,0.35,0.277389,0.267488
2,-1,1,0.15,0.15,-1,-1,0.95,0.35,0.337506,0.203421
2,-1,1,0.2,0.2,-1,-1,0.95,0.35,0.380939,0.156603
2,-1,1,0.25,0.25,-1,-1,0.95,0.35,0.427814,0.120761
2,-1,1,0.3,0.3,-1,-1,0.95,0.35,0.464891,0.100152
2,-1,1,0.35,0.35,-1,-1,0.95,0.35,0.493758,0.078871
2,-1,1,0.4,0.4,-1,-1,0.95,0.35,0.526597,0.063862
2,-1,1,0.45,0.45,-1,-1,0.95,0.35,0.552285,0.049749
2,-1,1,0.5,0.5,-1,-1,0.95,0.35,0.580623,0.041013
2,-1,1,0.55,0.55,-1,-1,0.95,0.35,0.604987,0.032053
2,-1,1,0.6,0.6,-1,-1,0.95,0.35,0.629617,0.025332
2,-1,1,0.65,0.65,-1,-1,0.95,0.35,0.654246,0.020628
2,-1,1,0.7,0.7,-1,-1,0.95,0.35,0.672255,0.015252
2,-1,1,0.75,0.75,-1,-1,0.95,0.35,0.695561,0.011891
2,-1,1,0.8,0.8,-1,-1,0.95,0.35,0.714363,0.006515
2,-1,1,0.85,0.85,-1,-1,0.95,0.35,0.73502,0.004051
2,-1,1,0.9,0.9,-1,-1,0.95,0.35,0.76018,0.002483
2,-1,1,0.95,0.95,-1,-1,0.95,0.35,0.791165,0.001363
2,-1,1,1.0,1.0,-1,-1,0.95,0.35,0.867437,0.001139
2,-1,1,0.05,0.05,-1,-1,1.0,0.35,0.218049,0.379535
2,-1,1,0.1,0.1,-1,-1,1.0,0.35,0.307007,0.266864
2,-1,1,0.15,0.15,-1,-1,1.0,0.35,0.377612,0.202673
2,-1,1,0.2,0.2,-1,-1,1.0,0.35,0.428622,0.155764
2,-1,1,0.25,0.25,-1,-1,1.0,0.35,0.483676,0.119853
2,-1,1,0.3,0.3,-1,-1,1.0,0.35,0.527222,0.099204
2,-1,1,0.35,0.35,-1,-1,1.0,0.35,0.561125,0.077882
2,-1,1,0.4,0.4,-1,-1,1.0,0.35,0.599694,0.062845
2,-1,1,0.45,0.45,-1,-1,1.0,0.35,0.629864,0.048704
2,-1,1,0.5,0.5,-1,-1,1.0,0.35,0.663146,0.039951
2,-1,1,0.55,0.55,-1,-1,1.0,0.35,0.691761,0.030973
2,-1,1,0.6,0.6,-1,-1,1.0,0.35,0.720688,0.02424
2,-1,1,0.65,0.65,-1,-1,1.0,0.35,0.749614,0.019527
2,-1,1,0.7,0.7,-1,-1,1.0,0.35,0.770765,0.01414
2,-1,1,0.75,0.75,-1,-1,1.0,0.35,0.798136,0.010773
2,-1,1,0.8,0.8,-1,-1,1.0,0.35,0.82022,0.005387
2,-1,1,0.85,0.85,-1,-1,1.0,0.35,0.844481,0.002918
2,-1,1,0.9,0.9,-1,-1,1.0,0.35,0.87403,0.001347
2,-1,1,0.95,0.95,-1,-1,1.0,0.35,0.910421,0.000225
2,-1,1,1.0,1.0,-1,-1,1.0,0.35,1.0,0.0
2,-1,1,0.05,0.05,-1,-1,0.4,0.4,0.152326,0.514622
2,-1,1,0.1,0.1,-1,-1,0.4,0.4,0.152326,0.514622
2,-1,1,0.15,0.15,-1,-1,0.4,0.4,0.152326,0.514622
2,-1,1,0.2,0.2,-1,-1,0.4,0.4,0.152326,0.514622
2,-1,1,0.25,0.25,-1,-1,0.4,0.4,0.152326,0.514622
2,-1,1,0.3,0.3,-1,-1,0.4,0.4,0.152326,0.514622
2,-1,1,0.35,0.35,-1,-1,0.4,0.4,0.152326,0.514622
2,-1,1,0.4,0.4,-1,-1,0.4,0.4,0.152326,0.514622
2,-1,1,0.45,0.45,-1,-1,0.4,0.4,0.152326,0.514622
2,-1,1,0.5,0.5,-1,-1,0.4,0.4,0.152326,0.514622
2,-1,1,0.55,0.55,-1,-1,0.4,0.4,0.152326,0.514622
2,-1,1,0.6,0.6,-1,-1,0.4,0.4,0.152326,0.514622
2,-1,1,0.65,0.65,-1,-1,0.4,0.4,0.152326,0.514622
2,-1,1,0.7,0.7,-1,-1,0.4,0.4,0.152326,0.514622
2,-1,1,0.75,0.75,-1,-1,0.4,0.4,0.152326,0.514622
2,-1,1,0.8,0.8,-1,-1,0.4,0.4,0.152326,0.514622
2,-1,1,0.85,0.85,-1,-1,0.4,0.4,0.152326,0.514622
2,-1,1,0.9,0.9,-1,-1,0.4,0.4,0.152326,0.514622
2,-1,1,0.95,0.95,-1,-1,0.4,0.4,0.152326,0.514622
2,-1,1,1.0,1.0,-1,-1,0.4,0.4,0.152326,0.514622
2,-1,1,0.05,0.05,-1,-1,0.45,0.4,0.159361,0.483778
2,-1,1,0.1,0.1,-1,-1,0.45,0.4,0.165029,0.467341
2,-1,1,0.15,0.15,-1,-1,0.45,0.4,0.169527,0.457976
2,-1,1,0.2,0.2,-1,-1,0.45,0.4,0.172778,0.451133
2,-1,1,0.25,0.25,-1,-1,0.45,0.4,0.176285,0.445894
2,-1,1,0.3,0.3,-1,-1,0.45,0.4,0.17906,0.442881
2,-1,1,0.35,0.35,-1,-1,0.45,0.4,0.18122,0.439771
2,-1,1,0.4,0.4,-1,-1,0.45,0.4,0.183677,0.437577
2,-1,1,0.45,0.45,-1,-1,0.45,0.4,0.185599,0.435514
2,-1,1,0.5,0.5,-1,-1,0.45,0.4,0.18772,0.434237
2,-1,1,0.55,0.55,-1,-1,0.45,0.4,0.189543,0.432928
2,-1,1,0.6,0.6,-1,-1,0.45,0.4,0.191386,0.431945
2,-1,1,0.65,0.65,-1,-1,0.45,0.4,0.193229,0.431258
2,-1,1,0.7,0.7,-1,-1,0.45,0.4,0.194577,0.430472
2,-1,1,0.75,0.75,-1,-1,0.45,0.4,0.196321,0.429981
2,-1,1,0.8,0.8,-1,-1,0.45,0.4,0.197728,0.429195
2,-1,1,0.85,0.85,-1,-1,0.45,0.4,0.199273,0.428835
2,-1,1,0.9,0.9,-1,-1,0.45,0.4,0.201156,0.428605
2,-1,1,0.95,0.95,-1,-1,0.45,0.4,0.203475,0.428442
2,-1,1,1.0,1.0,-1,-1,0.45,0.4,0.209182,0.428409
2,-1,1,0.05,0.05,-1,-1,0.5,0.4,0.173281,0.439889
2,-1,1,0.1,0.1,-1,-1,0.5,0.4,0.190163,0.400063
2,-1,1,0.15,0.15,-1,-1,0.5,0.4,0.203562,0.377374
2,-1,1,0.2,0.2,-1,-1,0.5,0.4,0.213243,0.360793
2,-1,1,0.25,0.25,-1,-1,0.5,0.4,0.223691,0.348099
2,-1,1,0.3,0.3,-1,-1,0.5,0.4,0.231955,0.340801
2,-1,1,0.35,0.35,-1,-1,0.5,0.4,0.238389,0.333264
2,-1,1,0.4,0.4,-1,-1,0.5,0.4,0.245709,0.327949
2,-1,1,0.45,0.45,-1,-1,0.5,0.4,0.251434,0.32295
2,-1,1,0.5,0.5,-1,-1,0.5,0.4,0.25775,0.319856
2,-1,1,0.55,0.55,-1,-1,0.5,0.4,0.263181,0.316683
2,-1,1,0.6,0.6,-1,-1,0.5,0.4,0.268671,0.314303
2,-1,1,0.65,0.65,-1,-1,0.5,0.4,0.27416,0.312637
2,-1,1,0.7,0.7,-1,-1,0.5,0.4,0.278174,0.310733
2,-1,1,0.75,0.75,-1,-1,0.5,0.4,0.283369,0.309543
2,-1,1,0.8,0.8,-1,-1,0.5,0.4,0.28756,0.307639
2,-1,1,0.85,0.85,-1,-1,0.5,0.4,0.292164,0.306766
2,-1,1,0.9,0.9,-1,-1,0.5,0.4,0.297772,0.306211
2,-1,1,0.95,0.95,-1,-1,0.5,0.4,0.304678,0.305814
2,-1,1,1.0,1.0,-1,-1,0.5,0.4,0.321678,0.305735
2,-1,1,0.05,0.05,-1,-1,0.55,0.4,0.182461,0.409181
2,-1,1,0.1,0.1,-1,-1,0.55,0.4,0.206738,0.35299
2,-1,1,0.15,0.15,-1,-1,0.55,0.4,0.226007,0.320977
2,-1,1,0.2,0.2,-1,-1,0.55,0.4,0.239929,0.297583
2,-1,1,0.25,0.25,-1,-1,0.55,0.4,0.254954,0.279673
2,-1,1,0.3,0.3,-1,-1,0.55,0.4,0.266838,0.269376
2,-1,1,0.35,0.35,-1,-1,0.55,0.4,0.27609,0.258742
2,-1,1,0.4,0.4,-1,-1,0.55,0.4,0.286616,0.251243
2,-1,1,0.45,0.45,-1,-1,0.55,0.4,0.29485,0.24419
2,-1,1,0.5,0.5,-1,-1,0.55,0.4,0.303933,0.239825
2,-1,1,0.55,0.55,-1,-1,0.55,0.4,0.311742,0.235348
2,-1,1,0.6,0.6,-1,-1,0.55,0.4,0.319637,0.23199
2,-1,1,0.65,0.65,-1,-1,0.55,0.4,0.327531,0.229639
2,-1,1,0.7,0.7,-1,-1,0.55,0.4,0.333304,0.226953
2,-1,1,0.75,0.75,-1,-1,0.55,0.4,0.340774,0.225274
2,-1,1,0.8,0.8,-1,-1,0.55,0.4,0.346801,0.222587
2,-1,1,0.85,0.85,-1,-1,0.55,0.4,0.353422,0.221356
2,-1,1,0.9,0.9,-1,-1,0.55,0.4,0.361486,0.220573
2,-1,1,0.95,0.95,-1,-1,0.55,0.4,0.371418,0.220013
2,-1,1,1.0,1.0,-1,-1,0.55,0.4,0.395865,0.219901
2,-1,1,0.05,0.05,-1,-1,0.6,0.4,0.191603,0.385266
2,-1,1,0.1,0.1,-1,-1,0.6,0.4,0.223245,0.316331
2,-1,1,0.15,0.15,-1,-1,0.6,0.4,0.24836,0.277058
2,-1,1,0.2,0.2,-1,-1,0.6,0.4,0.266505,0.248358
2,-1,1,0.25,0.25,-1,-1,0.6,0.4,0.286088,0.226386
2,-1,1,0.3,0.3,-1,-1,0.6,0.4,0.301578,0.213753
2,-1,1,0.35,0.35,-1,-1,0.6,0.4,0.313637,0.200707
2,-1,1,0.4,0.4,-1,-1,0.6,0.4,0.327356,0.191507
2,-1,1,0.45,0.45,-1,-1,0.6,0.4,0.338088,0.182855
2,-1,1,0.5,0.5,-1,-1,0.6,0.4,0.349927,0.1775
2,-1,1,0.55,0.55,-1,-1,0.6,0.4,0.360105,0.172007
2,-1,1,0.6,0.6,-1,-1,0.6,0.4,0.370395,0.167888
2,-1,1,0.65,0.65,-1,-1,0.6,0.4,0.380684,0.165004
2,-1,1,0.7,0.7,-1,-1,0.6,0.4,0.388207,0.161708
2,-1,1,0.75,0.75,-1,-1,0.6,0.4,0.397944,0.159648
2,-1,1,0.8,0.8,-1,-1,0.6,0.4,0.405799,0.156353
2,-1,1,0.85,0.85,-1,-1,0.6,0.4,0.414429,0.154842
2,-1,1,0.9,0.9,-1,-1,0.6,0.4,0.424939,0.153881
2,-1,1,0.95,0.95,-1,-1,0.6,0.4,0.437884,0.153194
2,-1,1,1.0,1.0,-1,-1,0.6,0.4,0.469748,0.153057
2,-1,1,0.05,0.05,-1,-1,0.65,0.4,0.200632,0.368417
2,-1,1,0.1,0.1,-1,-1,0.65,0.4,0.239549,0.290504
2,-1,1,0.15,0.15,-1,-1,0.65,0.4,0.270437,0.246115
2,-1,1,0.2,0.2,-1,-1,0.65,0.4,0.292753,0.213677
2,-1,1,0.25,0.25,-1,-1,0.65,0.4,0.316838,0.188843
2,-1,1,0.3,0.3,-1,-1,0.65,0.4,0.335888,0.174564
2,-1,1,0.35,0.35,-1,-1,0.65,0.4,0.35072,0.15982
2,-1,1,0.4,0.4,-1,-1,0.65,0.4,0.367593,0.149421
2,-1,1,0.45,0.45,-1,-1,0.65,0.4,0.380792,0.139643
2,-1,1,0.5,0.5,-1,-1,0.65,0.4,0.395352,0.13359
2,-1,1,0.55,0.55,-1,-1,0.65,0.4,0.40787,0.127382
2,-1,1,0.6,0.6,-1,-1,0.65,0.4,0.420525,0.122725
2,-1,1,0.65,0.65,-1,-1,0.65,0.4,0.433179,0.119466
2,-1,1,0.7,0.7,-1,-1,0.65,0.4,0.442433,0.115741
2,-1,1,0.75,0.75,-1,-1,0.65,0.4,0.454407,0.113413
2,-1,1,0.8,0.8,-1,-1,0.65,0.4,0.464068,0.109688
2,-1,1,0.85,0.85,-1,-1,0.65,0.4,0.474682,0.107981
2,-1,1,0.9,0.9,-1,-1,0.65,0.4,0.487609,0.106894
2,-1,1,0.95,0.95,-1,-1,0.65,0.4,0.503529,0.106118
2,-1,1,1.0,1.0,-1,-1,0.65,0.4,0.542718,0.105963
2,-1,1,0.05,0.05,-1,-1,0.7,0.4,0.209397,0.355645
2,-1,1,0.1,0.1,-1,-1,0.7,0.4,0.255376,0.270924
2,-1,1,0.15,0.15,-1,-1,0.7,0.4,0.29187,0.222657
2,-1,1,0.2,0.2,-1,-1,0.7,0.4,0.318235,0.187386
2,-1,1,0.25,0.25,-1,-1,0.7,0.4,0.34669,0.160383
2,-1,1,0.3,0.3,-1,-1,0.7,0.4,0.369198,0.144856
2,-1,1,0.35,0.35,-1,-1,0.7,0.4,0.386721,0.128824
2,-1,1,0.4,0.4,-1,-1,0.7,0.4,0.406656,0.117517
2,-1,1,0.45,0.45,-1,-1,0.7,0.4,0.42225,0.106884
2,-1,1,0.5,0.5,-1,-1,0.7,0.4,0.439452,0.100302
2,-1,1,0.55,0.55,-1,-1,0.7,0.4,0.454242,0.093552
2,-1,1,0.6,0.6,-1,-1,0.7,0.4,0.469193,0.088489
2,-1,1,0.65,0.65,-1,-1,0.7,0.4,0.484144,0.084945
2,-1,1,0.7,0.7,-1,-1,0.7,0.4,0.495076,0.080894
2,-1,1,0.75,0.75,-1,-1,0.7,0.4,0.509224,0.078363
2,-1,1,0.8,0.8,-1,-1,0.7,0.4,0.520638,0.074312
2,-1,1,0.85,0.85,-1,-1,0.7,0.4,0.533178,0.072456
2,-1,1,0.9,0.9,-1,-1,0.7,0.4,0.54845,0.071275
2,-1,1,0.95,0.95,-1,-1,0.7,0.4,0.56726,0.070431
2,-1,1,1.0,1.0,-1,-1,0.7,0.4,0.61356,0.070262
2,-1,1,0.05,0.05,-1,-1,0.75,0.4,0.216244,0.346541
2,-1,1,0.1,0.1,-1,-1,0.75,0.4,0.26774,0.256969
2,-1,1,0.15,0.15,-1,-1,0.75,0.4,0.308611,0.205938
2,-1,1,0.2,0.2,-1,-1,0.75,0.4,0.33814,0.168647
2,-1,1,0.25,0.25,-1,-1,0.75,0.4,0.370009,0.140097
2,-1,1,0.3,0.3,-1,-1,0.75,0.4,0.395217,0.123682
2,-1,1,0.35,0.35,-1,-1,0.75,0.4,0.414842,0.106731
2,-1,1,0.4,0.4,-1,-1,0.75,0.4,0.437169,0.094777
2,-1,1,0.45,0.45,-1,-1,0.75,0.4,0.454634,0.083535
2,-1,1,0.5,0.5,-1,-1,0.75,0.4,0.4739,0.076576
2,-1,1,0.55,0.55,-1,-1,0.75,0.4,0.490464,0.069439
2,-1,1,0.6,0.6,-1,-1,0.75,0.4,0.507209,0.064087
2,-1,1,0.65,0.65,-1,-1,0.75,0.4,0.523954,0.060339
2,-1,1,0.7,0.7,-1,-1,0.75,0.4,0.536197,0.056057
2,-1,1,0.75,0.75,-1,-1,0.75,0.4,0.552042,0.053381
2,-1,1,0.8,0.8,-1,-1,0.75,0.4,0.564826,0.049098
2,-1,1,0.85,0.85,-1,-1,0.75,0.4,0.57887,0.047135
2,-1,1,0.9,0.9,-1,-1,0.75,0.4,0.595975,0.045887
2,-1,1,0.95,0.95,-1,-1,0.75,0.4,0.617041,0.044995
2,-1,1,1.0,1.0,-1,-1,0.75,0.4,0.668896,0.044816
2,-1,1,0.05,0.05,-1,-1,0.8,0.4,0.223242,0.337573
2,-1,1,0.1,0.1,-1,-1,0.8,0.4,0.280375,0.243222
2,-1,1,0.15,0.15,-1,-1,0.8,0.4,0.325721,0.189468
2,-1,1,0.2,0.2,-1,-1,0.8,0.4,0.358482,0.150187
2,-1,1,0.25,0.25,-1,-1,0.8,0.4,0.39384,0.120114
2,-1,1,0.3,0.3,-1,-1,0.8,0.4,0.421807,0.102823
2,-1,1,0.35,0.35,-1,-1,0.8,0.4,0.443581,0.084968
2,-1,1,0.4,0.4,-1,-1,0.8,0.4,0.468352,0.072375
2,-1,1,0.45,0.45,-1,-1,0.8,0.4,0.487729,0.060534
2,-1,1,0.5,0.5,-1,-1,0.8,0.4,0.509104,0.053204
2,-1,1,0.55,0.55,-1,-1,0.8,0.4,0.527482,0.045686
2,-1,1,0.6,0.6,-1,-1,0.8,0.4,0.54606,0.040048
2,-1,1,0.65,0.65,-1,-1,0.8,0.4,0.564638,0.036101
2,-1,1,0.7,0.7,-1,-1,0.8,0.4,0.578222,0.03159
2,-1,1,0.75,0.75,-1,-1,0.8,0.4,0.595801,0.028771
2,-1,1,0.8,0.8,-1,-1,0.8,0.4,0.609985,0.02426
2,-1,1,0.85,0.85,-1,-1,0.8,0.4,0.625566,0.022192
2,-1,1,0.9,0.9,-1,-1,0.8,0.4,0.644544,0.020877
2,-1,1,0.95,0.95,-1,-1,0.8,0.4,0.667916,0.019937
2,-1,1,1.0,1.0,-1,-1,0.8,0.4,0.725448,0.019749
2,-1,1,0.05,0.05,-1,-1,0.85,0.4,0.228584,0.334176
2,-1,1,0.1,0.1,-1,-1,0.85,0.4,0.290021,0.238014
2,-1,1,0.15,0.15,-1,-1,0.85,0.4,0.338783,0.18323
2,-1,1,0.2,0.2,-1,-1,0.85,0.4,0.374012,0.143194
2,-1,1,0.25,0.25,-1,-1,0.85,0.4,0.412034,0.112545
2,-1,1,0.3,0.3,-1,-1,0.85,0.4,0.442108,0.094922
2,-1,1,0.35,0.35,-1,-1,0.85,0.4,0.465523,0.076724
2,-1,1,0.4,0.4,-1,-1,0.85,0.4,0.49216,0.06389
2,-1,1,0.45,0.45,-1,-1,0.85,0.4,0.512996,0.051821
2,-1,1,0.5,0.5,-1,-1,0.85,0.4,0.535981,0.044351
2,-1,1,0.55,0.55,-1,-1,0.85,0.4,0.555744,0.036689
2,-1,1,0.6,0.6,-1,-1,0.85,0.4,0.575721,0.030942
2,-1,1,0.65,0.65,-1,-1,0.85,0.4,0.595699,0.026919
2,-1,1,0.7,0.7,-1,-1,0.85,0.4,0.610306,0.022322
2,-1,1,0.75,0.75,-1,-1,0.85,0.4,0.62921,0.019449
2,-1,1,0.8,0.8,-1,-1,0.85,0.4,0.644461,0.014851
2,-1,1,0.85,0.85,-1,-1,0.85,0.4,0.661217,0.012744
2,-1,1,0.9,0.9,-1,-1,0.85,0.4,0.681624,0.011403
2,-1,1,0.95,0.95,-1,-1,0.85,0.4,0.706757,0.010446
2,-1,1,1.0,1.0,-1,-1,0.85,0.4,0.768623,0.010254
2,-1,1,0.05,0.05,-1,-1,0.9,0.4,0.234378,0.332274
2,-1,1,0.1,0.1,-1,-1,0.9,0.4,0.300482,0.235099
2,-1,1,0.15,0.15,-1,-1,0.9,0.4,0.352949,0.179736
2,-1,1,0.2,0.2,-1,-1,0.9,0.4,0.390855,0.139279
2,-1,1,0.25,0.25,-1,-1,0.9,0.4,0.431765,0.108306
2,-1,1,0.3,0.3,-1,-1,0.9,0.4,0.464124,0.090497
2,-1,1,0.35,0.35,-1,-1,0.9,0.4,0.489317,0.072108
2,-1,1,0.4,0.4,-1,-1,0.9,0.4,0.517978,0.059138
2,-1,1,0.45,0.45,-1,-1,0.9,0.4,0.540397,0.046943
2,-1,1,0.5,0.5,-1,-1,0.9,0.4,0.565129,0.039393
2,-1,1,0.55,0.55,-1,-1,0.9,0.4,0.586392,0.031651
2,-1,1,0.6,0.6,-1,-1,0.9,0.4,0.607888,0.025843
2,-1,1,0.65,0.65,-1,-1,0.9,0.4,0.629383,0.021778
2,-1,1,0.7,0.7,-1,-1,0.9,0.4,0.6451,0.017132
2,-1,1,0.75,0.75,-1,-1,0.9,0.4,0.66544,0.014229
2,-1,1,0.8,0.8,-1,-1,0.9,0.4,0.68185,0.009583
2,-1,1,0.85,0.85,-1,-1,0.9,0.4,0.699879,0.007453
2,-1,1,0.9,0.9,-1,-1,0.9,0.4,0.721836,0.006099
2,-1,1,0.95,0.95,-1,-1,0.9,0.4,0.748879,0.005131
2,-1,1,1.0,1.0,-1,-1,0.9,0.4,0.815445,0.004937
2,-1,1,0.05,0.05,-1,-1,0.95,0.4,0.240811,0.330915
2,-1,1,0.1,0.1,-1,-1,0.95,0.4,0.312098,0.233016
2,-1,1,0.15,0.15,-1,-1,0.95,0.4,0.368679,0.177241
2,-1,1,0.2,0.2,-1,-1,0.95,0.4,0.409556,0.136482
2,-1,1,0.25,0.25,-1,-1,0.95,0.4,0.453674,0.105278
2,-1,1,0.3,0.3,-1,-1,0.95,0.4,0.48857,0.087337
2,-1,1,0.35,0.35,-1,-1,0.95,0.4,0.515739,0.06881
2,-1,1,0.4,0.4,-1,-1,0.95,0.4,0.546647,0.055744
2,-1,1,0.45,0.45,-1,-1,0.95,0.4,0.570824,0.043458
2,-1,1,0.5,0.5,-1,-1,0.95,0.4,0.597495,0.035852
2,-1,1,0.55,0.55,-1,-1,0.95,0.4,0.620426,0.028052
2,-1,1,0.6,0.6,-1,-1,0.95,0.4,0.643607,0.022201
2,-1,1,0.65,0.65,-1,-1,0.95,0.4,0.666787,0.018106
2,-1,1,0.7,0.7,-1,-1,0.95,0.4,0.683736,0.013425
2,-1,1,0.75,0.75,-1,-1,0.95,0.4,0.705671,0.0105
2,-1,1,0.8,0.8,-1,-1,0.95,0.4,0.723368,0.005819
2,-1,1,0.85,0.85,-1,-1,0.95,0.4,0.74281,0.003674
2,-1,1,0.9,0.9,-1,-1,0.95,0.4,0.766489,0.002309
2,-1,1,0.95,0.95,-1,-1,0.95,0.4,0.795652,0.001334
2,-1,1,1.0,1.0,-1,-1,0.95,0.4,0.867437,0.001139
2,-1,1,0.05,0.05,-1,-1,1.0,0.4,0.257214,0.330507
2,-1,1,0.1,0.1,-1,-1,1.0,0.4,0.341716,0.232391
2,-1,1,0.15,0.15,-1,-1,1.0,0.4,0.408785,0.176492
2,-1,1,0.2,0.2,-1,-1,1.0,0.4,0.45724,0.135643
2,-1,1,0.25,0.25,-1,-1,1.0,0.4,0.509537,0.10437
2,-1,1,0.3,0.3,-1,-1,1.0,0.4,0.550901,0.086389
2,-1,1,0.35,0.35,-1,-1,1.0,0.4,0.583106,0.067822
2,-1,1,0.4,0.4,-1,-1,1.0,0.4,0.619744,0.054726
2,-1,1,0.45,0.45,-1,-1,1.0,0.4,0.648403,0.042413
2,-1,1,0.5,0.5,-1,-1,1.0,0.4,0.680017,0.03479
2,-1,1,0.55,0.55,-1,-1,1.0,0.4,0.707199,0.026972
2,-1,1,0.6,0.6,-1,-1,1.0,0.4,0.734677,0.021109
2,-1,1,0.65,0.65,-1,-1,1.0,0.4,0.762155,0.017004
2,-1,1,0.7,0.7,-1,-1,1.0,0.4,0.782246,0.012313
2,-1,1,0.75,0.75,-1,-1,1.0,0.4,0.808247,0.009382
2,-1,1,0.8,0.8,-1,-1,1.0,0.4,0.829224,0.004691
2,-1,1,0.85,0.85,-1,-1,1.0,0.4,0.85227,0.002541
2,-1,1,0.9,0.9,-1,-1,1.0,0.4,0.880339,0.001173
2,-1,1,0.95,0.95,-1,-1,1.0,0.4,0.914908,0.000196
2,-1,1,1.0,1.0,-1,-1,1.0,0.4,1.0,0.0
2,-1,1,0.05,0.05,-1,-1,0.45,0.45,0.209182,0.428409
2,-1,1,0.1,0.1,-1,-1,0.45,0.45,0.209182,0.428409
2,-1,1,0.15,0.15,-1,-1,0.45,0.45,0.209182,0.428409
2,-1,1,0.2,0.2,-1,-1,0.45,0.45,0.209182,0.428409
2,-1,1,0.25,0.25,-1,-1,0.45,0.45,0.209182,0.428409
2,-1,1,0.3,0.3,-1,-1,0.45,0.45,0.209182,0.428409
2,-1,1,0.35,0.35,-1,-1,0.45,0.45,0.209182,0.428409
2,-1,1,0.4,0.4,-1,-1,0.45,0.45,0.209182,0.428409
2,-1,1,0.45,0.45,-1,-1,0.45,0.45,0.209182,0.428409
2,-1,1,0.5,0.5,-1,-1,0.45,0.45,0.209182,0.428409
2,-1,1,0.55,0.55,-1,-1,0.45,0.45,0.209182,0.428409
2,-1,1,0.6,0.6,-1,-1,0.45,0.45,0.209182,0.428409
2,-1,1,0.65,0.65,-1,-1,0.45,0.45,0.209182,0.428409
2,-1,1,0.7,0.7,-1,-1,0.45,0.45,0.209182,0.428409
2,-1,1,0.75,0.75,-1,-1,0.45,0.45,0.209182,0.428409
2,-1,1,0.8,0.8,-1,-1,0.45,0.45,0.209182,0.428409
2,-1,1,0.85,0.85,-1,-1,0.45,0.45,0.209182,0.428409
2,-1,1,0.9,0.9,-1,-1,0.45,0.45,0.209182,0.428409
2,-1,1,0.95,0.95,-1,-1,0.45,0.45,0.209182,0.428409
2,-1,1,1.0,1.0,-1,-1,0.45,0.45,0.209182,0.428409
2,-1,1,0.05,0.05,-1,-1,0.5,0.45,0.223102,0.38452
2,-1,1,0.1,0.1,-1,-1,0.5,0.45,0.234316,0.361132
2,-1,1,0.15,0.15,-1,-1,0.5,0.45,0.243217,0.347807
2,-1,1,0.2,0.2,-1,-1,0.5,0.45,0.249648,0.338069
2,-1,1,0.25,0.25,-1,-1,0.5,0.45,0.256588,0.330615
2,-1,1,0.3,0.3,-1,-1,0.5,0.45,0.262078,0.326328
2,-1,1,0.35,0.35,-1,-1,0.5,0.45,0.266351,0.321902
2,-1,1,0.4,0.4,-1,-1,0.5,0.45,0.271214,0.318781
2,-1,1,0.45,0.45,-1,-1,0.5,0.45,0.275017,0.315845
2,-1,1,0.5,0.5,-1,-1,0.5,0.45,0.279213,0.314028
2,-1,1,0.55,0.55,-1,-1,0.5,0.45,0.28282,0.312165
2,-1,1,0.6,0.6,-1,-1,0.5,0.45,0.286467,0.310767
2,-1,1,0.65,0.65,-1,-1,0.5,0.45,0.290113,0.309788
2,-1,1,0.7,0.7,-1,-1,0.5,0.45,0.29278,0.30867
2,-1,1,0.75,0.75,-1,-1,0.5,0.45,0.29623,0.307971
2,-1,1,0.8,0.8,-1,-1,0.5,0.45,0.299014,0.306853
2,-1,1,0.85,0.85,-1,-1,0.5,0.45,0.302073,0.306341
2,-1,1,0.9,0.9,-1,-1,0.5,0.45,0.305798,0.306015
2,-1,1,0.95,0.95,-1,-1,0.5,0.45,0.310385,0.305782
2,-1,1,1.0,1.0,-1,-1,0.5,0.45,0.321678,0.305735
2,-1,1,0.05,0.05,-1,-1,0.55,0.45,0.232281,0.353812
2,-1,1,0.1,0.1,-1,-1,0.55,0.45,0.250891,0.314058
2,-1,1,0.15,0.15,-1,-1,0.55,0.45,0.265662,0.29141
2,-1,1,0.2,0.2,-1,-1,0.55,0.45,0.276333,0.274859
2,-1,1,0.25,0.25,-1,-1,0.55,0.45,0.28785,0.262189
2,-1,1,0.3,0.3,-1,-1,0.55,0.45,0.29696,0.254903
2,-1,1,0.35,0.35,-1,-1,0.55,0.45,0.304053,0.24738
2,-1,1,0.4,0.4,-1,-1,0.55,0.45,0.312121,0.242074
2,-1,1,0.45,0.45,-1,-1,0.55,0.45,0.318433,0.237085
2,-1,1,0.5,0.5,-1,-1,0.55,0.45,0.325395,0.233997
2,-1,1,0.55,0.55,-1,-1,0.55,0.45,0.331382,0.230829
2,-1,1,0.6,0.6,-1,-1,0.55,0.45,0.337433,0.228454
2,-1,1,0.65,0.65,-1,-1,0.55,0.45,0.343484,0.226791
2,-1,1,0.7,0.7,-1,-1,0.55,0.45,0.347909,0.22489
2,-1,1,0.75,0.75,-1,-1,0.55,0.45,0.353635,0.223702
2,-1,1,0.8,0.8,-1,-1,0.55,0.45,0.358255,0.221802
2,-1,1,0.85,0.85,-1,-1,0.55,0.45,0.36333,0.22093
2,-1,1,0.9,0.9,-1,-1,0.55,0.45,0.369512,0.220376
2,-1,1,0.95,0.95,-1,-1,0.55,0.45,0.377125,0.21998
2,-1,1,1.0,1.0,-1,-1,0.55,0.45,0.395865,0.219901
2,-1,1,0.05,0.05,-1,-1,0.6,0.45,0.241423,0.329897
2,-1,1,0.1,0.1,-1,-1,0.6,0.45,0.267398,0.277399
2,-1,1,0.15,0.15,-1,-1,0.6,0.45,0.288015,0.24749
2,-1,1,0.2,0.2,-1,-1,0.6,0.45,0.302909,0.225634
2,-1,1,0.25,0.25,-1,-1,0.6,0.45,0.318985,0.208901
2,-1,1,0.3,0.3,-1,-1,0.6,0.45,0.3317,0.19928
2,-1,1,0.35,0.35,-1,-1,0.6,0.45,0.341599,0.189345
2,-1,1,0.4,0.4,-1,-1,0.6,0.45,0.352861,0.182339
2,-1,1,0.45,0.45,-1,-1,0.6,0.45,0.361671,0.17575
2,-1,1,0.5,0.5,-1,-1,0.6,0.45,0.371389,0.171672
2,-1,1,0.55,0.55,-1,-1,0.6,0.45,0.379744,0.167489
2,-1,1,0.6,0.6,-1,-1,0.6,0.45,0.388191,0.164351
2,-1,1,0.65,0.65,-1,-1,0.6,0.45,0.396637,0.162155
2,-1,1,0.7,0.7,-1,-1,0.6,0.45,0.402813,0.159645
2,-1,1,0.75,0.75,-1,-1,0.6,0.45,0.410805,0.158077
2,-1,1,0.8,0.8,-1,-1,0.6,0.45,0.417253,0.155567
2,-1,1,0.85,0.85,-1,-1,0.6,0.45,0.424337,0.154416
2,-1,1,0.9,0.9,-1,-1,0.6,0.45,0.432965,0.153685
2,-1,1,0.95,0.95,-1,-1,0.6,0.45,0.443592,0.153162
2,-1,1,1.0,1.0,-1,-1,0.6,0.45,0.469748,0.153057
2,-1,1,0.05,0.05,-1,-1,0.65,0.45,0.250452,0.313048
2,-1,1,0.1,0.1,-1,-1,0.65,0.45,0.283702,0.251572
2,-1,1,0.15,0.15,-1,-1,0.65,0.45,0.310091,0.216547
2,-1,1,0.2,0.2,-1,-1,0.65,0.45,0.329157,0.190953
2,-1,1,0.25,0.25,-1,-1,0.65,0.45,0.349734,0.171358
2,-1,1,0.3,0.3,-1,-1,0.65,0.45,0.36601,0.160092
2,-1,1,0.35,0.35,-1,-1,0.65,0.45,0.378682,0.148458
2,-1,1,0.4,0.4,-1,-1,0.65,0.45,0.393098,0.140253
2,-1,1,0.45,0.45,-1,-1,0.65,0.45,0.404374,0.132537
2,-1,1,0.5,0.5,-1,-1,0.65,0.45,0.416814,0.127761
2,-1,1,0.55,0.55,-1,-1,0.65,0.45,0.427509,0.122863
2,-1,1,0.6,0.6,-1,-1,0.65,0.45,0.438321,0.119189
2,-1,1,0.65,0.65,-1,-1,0.65,0.45,0.449132,0.116617
2,-1,1,0.7,0.7,-1,-1,0.65,0.45,0.457038,0.113678
2,-1,1,0.75,0.75,-1,-1,0.65,0.45,0.467268,0.111841
2,-1,1,0.8,0.8,-1,-1,0.65,0.45,0.475523,0.108902
2,-1,1,0.85,0.85,-1,-1,0.65,0.45,0.48459,0.107555
2,-1,1,0.9,0.9,-1,-1,0.65,0.45,0.495635,0.106698
2,-1,1,0.95,0.95,-1,-1,0.65,0.45,0.509237,0.106086
2,-1,1,1.0,1.0,-1,-1,0.65,0.45,0.542718,0.105963
2,-1,1,0.05,0.05,-1,-1,0.7,0.45,0.259218,0.300276
2,-1,1,0.1,0.1,-1,-1,0.7,0.45,0.299529,0.231993
2,-1,1,0.15,0.15,-1,-1,0.7,0.45,0.331524,0.19309
2,-1,1,0.2,0.2,-1,-1,0.7,0.45,0.35464,0.164662
2,-1,1,0.25,0.25,-1,-1,0.7,0.45,0.379587,0.142898
2,-1,1,0.3,0.3,-1,-1,0.7,0.45,0.39932,0.130384
2,-1,1,0.35,0.35,-1,-1,0.7,0.45,0.414683,0.117462
2,-1,1,0.4,0.4,-1,-1,0.7,0.45,0.432161,0.108348
2,-1,1,0.45,0.45,-1,-1,0.7,0.45,0.445832,0.099779
2,-1,1,0.5,0.5,-1,-1,0.7,0.45,0.460914,0.094474
2,-1,1,0.55,0.55,-1,-1,0.7,0.45,0.473881,0.089033
2,-1,1,0.6,0.6,-1,-1,0.7,0.45,0.486989,0.084952
2,-1,1,0.65,0.65,-1,-1,0.7,0.45,0.500097,0.082096
2,-1,1,0.7,0.7,-1,-1,0.7,0.45,0.509682,0.078831
2,-1,1,0.75,0.75,-1,-1,0.7,0.45,0.522085,0.076791
2,-1,1,0.8,0.8,-1,-1,0.7,0.45,0.532092,0.073527
2,-1,1,0.85,0.85,-1,-1,0.7,0.45,0.543086,0.07203
2,-1,1,0.9,0.9,-1,-1,0.7,0.45,0.556476,0.071078
2,-1,1,0.95,0.95,-1,-1,0.7,0.45,0.572967,0.070398
2,-1,1,1.0,1.0,-1,-1,0.7,0.45,0.61356,0.070262
2,-1,1,0.05,0.05,-1,-1,0.75,0.45,0.266065,0.291172
2,-1,1,0.1,0.1,-1,-1,0.75,0.45,0.311893,0.218037
2,-1,1,0.15,0.15,-1,-1,0.75,0.45,0.348266,0.176371
2,-1,1,0.2,0.2,-1,-1,0.75,0.45,0.374544,0.145923
2,-1,1,0.25,0.25,-1,-1,0.75,0.45,0.402906,0.122612
2,-1,1,0.3,0.3,-1,-1,0.75,0.45,0.425339,0.109209
2,-1,1,0.35,0.35,-1,-1,0.75,0.45,0.442805,0.095369
2,-1,1,0.4,0.4,-1,-1,0.75,0.45,0.462674,0.085608
2,-1,1,0.45,0.45,-1,-1,0.75,0.45,0.478216,0.07643
2,-1,1,0.5,0.5,-1,-1,0.75,0.45,0.495362,0.070748
2,-1,1,0.55,0.55,-1,-1,0.75,0.45,0.510103,0.064921
2,-1,1,0.6,0.6,-1,-1,0.75,0.45,0.525005,0.06055
2,-1,1,0.65,0.65,-1,-1,0.75,0.45,0.539907,0.057491
2,-1,1,0.7,0.7,-1,-1,0.75,0.45,0.550803,0.053994
2,-1,1,0.75,0.75,-1,-1,0.75,0.45,0.564904,0.051809
2,-1,1,0.8,0.8,-1,-1,0.75,0.45,0.57628,0.048312
2,-1,1,0.85,0.85,-1,-1,0.75,0.45,0.588778,0.04671
2,-1,1,0.9,0.9,-1,-1,0.75,0.45,0.604001,0.04569
2,-1,1,0.95,0.95,-1,-1,0.75,0.45,0.622749,0.044962
2,-1,1,1.0,1.0,-1,-1,0.75,0.45,0.668896,0.044816
2,-1,1,0.05,0.05,-1,-1,0.8,0.45,0.273063,0.282204
2,-1,1,0.1,0.1,-1,-1,0.8,0.45,0.324528,0.20429
2,-1,1,0.15,0.15,-1,-1,0.8,0.45,0.365375,0.159901
2,-1,1,0.2,0.2,-1,-1,0.8,0.45,0.394886,0.127463
2,-1,1,0.25,0.25,-1,-1,0.8,0.45,0.426737,0.102629
2,-1,1,0.3,0.3,-1,-1,0.8,0.45,0.45193,0.08835
2,-1,1,0.35,0.35,-1,-1,0.8,0.45,0.471544,0.073606
2,-1,1,0.4,0.4,-1,-1,0.8,0.45,0.493857,0.063207
2,-1,1,0.45,0.45,-1,-1,0.8,0.45,0.511312,0.053429
2,-1,1,0.5,0.5,-1,-1,0.8,0.45,0.530566,0.047376
2,-1,1,0.55,0.55,-1,-1,0.8,0.45,0.547121,0.041168
2,-1,1,0.6,0.6,-1,-1,0.8,0.45,0.563856,0.036511
2,-1,1,0.65,0.65,-1,-1,0.8,0.45,0.580591,0.033252
2,-1,1,0.7,0.7,-1,-1,0.8,0.45,0.592828,0.029527
2,-1,1,0.75,0.75,-1,-1,0.8,0.45,0.608663,0.027199
2,-1,1,0.8,0.8,-1,-1,0.8,0.45,0.621439,0.023474
2,-1,1,0.85,0.85,-1,-1,0.8,0.45,0.635475,0.021767
2,-1,1,0.9,0.9,-1,-1,0.8,0.45,0.65257,0.02068
2,-1,1,0.95,0.95,-1,-1,0.8,0.45,0.673624,0.019904
2,-1,1,1.0,1.0,-1,-1,0.8,0.45,0.725448,0.019749
2,-1,1,0.05,0.05,-1,-1,0.85,0.45,0.278405,0.278807
2,-1,1,0.1,0.1,-1,-1,0.85,0.45,0.334174,0.199083
2,-1,1,0.15,0.15,-1,-1,0.85,0.45,0.378438,0.153662
2,-1,1,0.2,0.2,-1,-1,0.85,0.45,0.410417,0.12047
2,-1,1,0.25,0.25,-1,-1,0.85,0.45,0.444931,0.09506
2,-1,1,0.3,0.3,-1,-1,0.85,0.45,0.472231,0.080449
2,-1,1,0.35,0.35,-1,-1,0.85,0.45,0.493485,0.065362
2,-1,1,0.4,0.4,-1,-1,0.85,0.45,0.517664,0.054722
2,-1,1,0.45,0.45,-1,-1,0.85,0.45,0.536579,0.044716
2,-1,1,0.5,0.5,-1,-1,0.85,0.45,0.557444,0.038523
2,-1,1,0.55,0.55,-1,-1,0.85,0.45,0.575383,0.03217
2,-1,1,0.6,0.6,-1,-1,0.85,0.45,0.593517,0.027406
2,-1,1,0.65,0.65,-1,-1,0.85,0.45,0.611652,0.024071
2,-1,1,0.7,0.7,-1,-1,0.85,0.45,0.624912,0.020259
2,-1,1,0.75,0.75,-1,-1,0.85,0.45,0.642071,0.017877
2,-1,1,0.8,0.8,-1,-1,0.85,0.45,0.655916,0.014065
2,-1,1,0.85,0.85,-1,-1,0.85,0.45,0.671125,0.012318
2,-1,1,0.9,0.9,-1,-1,0.85,0.45,0.68965,0.011207
2,-1,1,0.95,0.95,-1,-1,0.85,0.45,0.712465,0.010413
2,-1,1,1.0,1.0,-1,-1,0.85,0.45,0.768623,0.010254
2,-1,1,0.05,0.05,-1,-1,0.9,0.45,0.284199,0.276905
2,-1,1,0.1,0.1,-1,-1,0.9,0.45,0.344635,0.196167
2,-1,1,0.15,0.15,-1,-1,0.9,0.45,0.392603,0.150169
2,-1,1,0.2,0.2,-1,-1,0.9,0.45,0.427259,0.116555
2,-1,1,0.25,0.25,-1,-1,0.9,0.45,0.464662,0.090821
2,-1,1,0.3,0.3,-1,-1,0.9,0.45,0.494246,0.076025
2,-1,1,0.35,0.35,-1,-1,0.9,0.45,0.517279,0.060746
2,-1,1,0.4,0.4,-1,-1,0.9,0.45,0.543483,0.04997
2,-1,1,0.45,0.45,-1,-1,0.9,0.45,0.56398,0.039837
2,-1,1,0.5,0.5,-1,-1,0.9,0.45,0.586591,0.033565
2,-1,1,0.55,0.55,-1,-1,0.9,0.45,0.606031,0.027132
2,-1,1,0.6,0.6,-1,-1,0.9,0.45,0.625684,0.022307
2,-1,1,0.65,0.65,-1,-1,0.9,0.45,0.645336,0.018929
2,-1,1,0.7,0.7,-1,-1,0.9,0.45,0.659706,0.015069
2,-1,1,0.75,0.75,-1,-1,0.9,0.45,0.678302,0.012657
2,-1,1,0.8,0.8,-1,-1,0.9,0.45,0.693305,0.008797
2,-1,1,0.85,0.85,-1,-1,0.9,0.45,0.709787,0.007028
2,-1,1,0.9,0.9,-1,-1,0.9,0.45,0.729862,0.005902
2,-1,1,0.95,0.95,-1,-1,0.9,0.45,0.754587,0.005098
2,-1,1,1.0,1.0,-1,-1,0.9,0.45,0.815445,0.004937
2,-1,1,0.05,0.05,-1,-1,0.95,0.45,0.290632,0.275546
2,-1,1,0.1,0.1,-1,-1,0.95,0.45,0.356251,0.194084
2,-1,1,0.15,0.15,-1,-1,0.95,0.45,0.408333,0.147673
2,-1,1,0.2,0.2,-1,-1,0.95,0.45,0.445961,0.113758
2,-1,1,0.25,0.25,-1,-1,0.95,0.45,0.486571,0.087794
2,-1,1,0.3,0.3,-1,-1,0.95,0.45,0.518693,0.072864
2,-1,1,0.35,0.35,-1,-1,0.95,0.45,0.543701,0.057448
2,-1,1,0.4,0.4,-1,-1,0.95,0.45,0.572152,0.046576
2,-1,1,0.45,0.45,-1,-1,0.95,0.45,0.594407,0.036352
2,-1,1,0.5,0.5,-1,-1,0.95,0.45,0.618957,0.030024
2,-1,1,0.55,0.55,-1,-1,0.95,0.45,0.640065,0.023533
2,-1,1,0.6,0.6,-1,-1,0.95,0.45,0.661403,0.018665
2,-1,1,0.65,0.65,-1,-1,0.95,0.45,0.68274,0.015257
2,-1,1,0.7,0.7,-1,-1,0.95,0.45,0.698342,0.011362
2,-1,1,0.75,0.75,-1,-1,0.95,0.45,0.718532,0.008928
2,-1,1,0.8,0.8,-1,-1,0.95,0.45,0.734822,0.005034
2,-1,1,0.85,0.85,-1,-1,0.95,0.45,0.752718,0.003248
2,-1,1,0.9,0.9,-1,-1,0.95,0.45,0.774515,0.002113
2,-1,1,0.95,0.95,-1,-1,0.95,0.45,0.801359,0.001301
2,-1,1,1.0,1.0,-1,-1,0.95,0.45,0.867437,0.001139
2,-1,1,0.05,0.05,-1,-1,1.0,0.45,0.307035,0.275138
2,-1,1,0.1,0.1,-1,-1,1.0,0.45,0.385869,0.193459
2,-1,1,0.15,0.15,-1,-1,1.0,0.45,0.448439,0.146925
2,-1,1,0.2,0.2,-1,-1,1.0,0.45,0.493645,0.112919
2,-1,1,0.25,0.25,-1,-1,1.0,0.45,0.542433,0.086886
2,-1,1,0.3,0.3,-1,-1,1.0,0.45,0.581024,0.071917
2,-1,1,0.35,0.35,-1,-1,1.0,0.45,0.611069,0.05646
2,-1,1,0.4,0.4,-1,-1,1.0,0.45,0.645249,0.045558
2,-1,1,0.45,0.45,-1,-1,1.0,0.45,0.671985,0.035307
2,-1,1,0.5,0.5,-1,-1,1.0,0.45,0.70148,0.028962
2,-1,1,0.55,0.55,-1,-1,1.0,0.45,0.726838,0.022454
2,-1,1,0.6,0.6,-1,-1,1.0,0.45,0.752473,0.017572
2,-1,1,0.65,0.65,-1,-1,1.0,0.45,0.778108,0.014155
2,-1,1,0.7,0.7,-1,-1,1.0,0.45,0.796852,0.010251
2,-1,1,0.75,0.75,-1,-1,1.0,0.45,0.821108,0.00781
2,-1,1,0.8,0.8,-1,-1,1.0,0.45,0.840679,0.003905
2,-1,1,0.85,0.85,-1,-1,1.0,0.45,0.862179,0.002115
2,-1,1,0.9,0.9,-1,-1,1.0,0.45,0.888365,0.000976
2,-1,1,0.95,0.95,-1,-1,1.0,0.45,0.920615,0.000163
2,-1,1,1.0,1.0,-1,-1,1.0,0.45,1.0,0.0
2,-1,1,0.05,0.05,-1,-1,0.5,0.5,0.321678,0.305735
2,-1,1,0.1,0.1,-1,-1,0.5,0.5,0.321678,0.305735
2,-1,1,0.15,0.15,-1,-1,0.5,0.5,0.321678,0.305735
2,-1,1,0.2,0.2,-1,-1,0.5,0.5,0.321678,0.305735
2,-1,1,0.25,0.25,-1,-1,0.5,0.5,0.321678,0.305735
2,-1,1,0.3,0.3,-1,-1,0.5,0.5,0.321678,0.305735
2,-1,1,0.35,0.35,-1,-1,0.5,0.5,0.321678,0.305735
2,-1,1,0.4,0.4,-1,-1,0.5,0.5,0.321678,0.305735
2,-1,1,0.45,0.45,-1,-1,0.5,0.5,0.321678,0.305735
2,-1,1,0.5,0.5,-1,-1,0.5,0.5,0.321678,0.305735
2,-1,1,0.55,0.55,-1,-1,0.5,0.5,0.321678,0.305735
2,-1,1,0.6,0.6,-1,-1,0.5,0.5,0.321678,0.305735
2,-1,1,0.65,0.65,-1,-1,0.5,0.5,0.321678,0.305735
2,-1,1,0.7,0.7,-1,-1,0.5,0.5,0.321678,0.305735
2,-1,1,0.75,0.75,-1,-1,0.5,0.5,0.321678,0.305735
2,-1,1,0.8,0.8,-1,-1,0.5,0.5,0.321678,0.305735
2,-1,1,0.85,0.85,-1,-1,0.5,0.5,0.321678,0.305735
2,-1,1,0.9,0.9,-1,-1,0.5,0.5,0.321678,0.305735
2,-1,1,0.95,0.95,-1,-1,0.5,0.5,0.321678,0.305735
2,-1,1,1.0,1.0,-1,-1,0.5,0.5,0.321678,0.305735
2,-1,1,0.05,0.05,-1,-1,0.55,0.5,0.330858,0.275026
2,-1,1,0.1,0.1,-1,-1,0.55,0.5,0.338253,0.258662
2,-1,1,0.15,0.15,-1,-1,0.55,0.5,0.344123,0.249338
2,-1,1,0.2,0.2,-1,-1,0.55,0.5,0.348364,0.242525
2,-1,1,0.25,0.25,-1,-1,0.55,0.5,0.35294,0.237309
2,-1,1,0.3,0.3,-1,-1,0.55,0.5,0.356561,0.23431
2,-1,1,0.35,0.35,-1,-1,0.55,0.5,0.359379,0.231213
2,-1,1,0.4,0.4,-1,-1,0.55,0.5,0.362586,0.229029
2,-1,1,0.45,0.45,-1,-1,0.55,0.5,0.365094,0.226975
2,-1,1,0.5,0.5,-1,-1,0.55,0.5,0.367861,0.225704
2,-1,1,0.55,0.55,-1,-1,0.55,0.5,0.37024,0.2244
2,-1,1,0.6,0.6,-1,-1,0.55,0.5,0.372644,0.223422
2,-1,1,0.65,0.65,-1,-1,0.55,0.5,0.375049,0.222737
2,-1,1,0.7,0.7,-1,-1,0.55,0.5,0.376808,0.221955
2,-1,1,0.75,0.75,-1,-1,0.55,0.5,0.379083,0.221466
2,-1,1,0.8,0.8,-1,-1,0.55,0.5,0.380919,0.220683
2,-1,1,0.85,0.85,-1,-1,0.55,0.5,0.382936,0.220325
2,-1,1,0.9,0.9,-1,-1,0.55,0.5,0.385392,0.220097
2,-1,1,0.95,0.95,-1,-1,0.55,0.5,0.388418,0.219934
2,-1,1,1.0,1.0,-1,-1,0.55,0.5,0.395865,0.219901
2,-1,1,0.05,0.05,-1,-1,0.6,0.5,0.34,0.251112
2,-1,1,0.1,0.1,-1,-1,0.6,0.5,0.35476,0.222003
2,-1,1,0.15,0.15,-1,-1,0.6,0.5,0.366476,0.205419
2,-1,1,0.2,0.2,-1,-1,0.6,0.5,0.37494,0.1933
2,-1,1,0.25,0.25,-1,-1,0.6,0.5,0.384075,0.184022
2,-1,1,0.3,0.3,-1,-1,0.6,0.5,0.3913,0.178687
2,-1,1,0.35,0.35,-1,-1,0.6,0.5,0.396926,0.173178
2,-1,1,0.4,0.4,-1,-1,0.6,0.5,0.403326,0.169293
2,-1,1,0.45,0.45,-1,-1,0.6,0.5,0.408332,0.16564
2,-1,1,0.5,0.5,-1,-1,0.6,0.5,0.413854,0.163378
2,-1,1,0.55,0.55,-1,-1,0.6,0.5,0.418602,0.161059
2,-1,1,0.6,0.6,-1,-1,0.6,0.5,0.423402,0.15932
2,-1,1,0.65,0.65,-1,-1,0.6,0.5,0.428202,0.158102
2,-1,1,0.7,0.7,-1,-1,0.6,0.5,0.431711,0.15671
2,-1,1,0.75,0.75,-1,-1,0.6,0.5,0.436253,0.15584
2,-1,1,0.8,0.8,-1,-1,0.6,0.5,0.439917,0.154449
2,-1,1,0.85,0.85,-1,-1,0.6,0.5,0.443943,0.153811
2,-1,1,0.9,0.9,-1,-1,0.6,0.5,0.448846,0.153405
2,-1,1,0.95,0.95,-1,-1,0.6,0.5,0.454884,0.153115
2,-1,1,1.0,1.0,-1,-1,0.6,0.5,0.469748,0.153057
2,-1,1,0.05,0.05,-1,-1,0.65,0.5,0.349029,0.234263
2,-1,1,0.1,0.1,-1,-1,0.65,0.5,0.371063,0.196175
2,-1,1,0.15,0.15,-1,-1,0.65,0.5,0.388552,0.174476
2,-1,1,0.2,0.2,-1,-1,0.65,0.5,0.401188,0.158619
2,-1,1,0.25,0.25,-1,-1,0.65,0.5,0.414824,0.146479
2,-1,1,0.3,0.3,-1,-1,0.65,0.5,0.425611,0.139499
2,-1,1,0.35,0.35,-1,-1,0.65,0.5,0.434009,0.132291
2,-1,1,0.4,0.4,-1,-1,0.65,0.5,0.443562,0.127207
2,-1,1,0.45,0.45,-1,-1,0.65,0.5,0.451035,0.122427
2,-1,1,0.5,0.5,-1,-1,0.65,0.5,0.459279,0.119468
2,-1,1,0.55,0.55,-1,-1,0.65,0.5,0.466367,0.116433
2,-1,1,0.6,0.6,-1,-1,0.65,0.5,0.473532,0.114157
2,-1,1,0.65,0.65,-1,-1,0.65,0.5,0.480697,0.112564
2,-1,1,0.7,0.7,-1,-1,0.65,0.5,0.485936,0.110743
2,-1,1,0.75,0.75,-1,-1,0.65,0.5,0.492716,0.109605
2,-1,1,0.8,0.8,-1,-1,0.65,0.5,0.498186,0.107784
2,-1,1,0.85,0.85,-1,-1,0.65,0.5,0.504196,0.106949
2,-1,1,0.9,0.9,-1,-1,0.65,0.5,0.511515,0.106418
2,-1,1,0.95,0.95,-1,-1,0.65,0.5,0.520529,0.106039
2,-1,1,1.0,1.0,-1,-1,0.65,0.5,0.542718,0.105963
2,-1,1,0.05,0.05,-1,-1,0.7,0.5,0.357794,0.221491
2,-1,1,0.1,0.1,-1,-1,0.7,0.5,0.386891,0.176596
2,-1,1,0.15,0.15,-1,-1,0.7,0.5,0.409985,0.151019
2,-1,1,0.2,0.2,-1,-1,0.7,0.5,0.42667,0.132328
2,-1,1,0.25,0.25,-1,-1,0.7,0.5,0.444677,0.118018
2,-1,1,0.3,0.3,-1,-1,0.7,0.5,0.458921,0.109791
2,-1,1,0.35,0.35,-1,-1,0.7,0.5,0.47001,0.101295
2,-1,1,0.4,0.4,-1,-1,0.7,0.5,0.482625,0.095303
2,-1,1,0.45,0.45,-1,-1,0.7,0.5,0.492493,0.089669
2,-1,1,0.5,0.5,-1,-1,0.7,0.5,0.50338,0.086181
2,-1,1,0.55,0.55,-1,-1,0.7,0.5,0.512739,0.082604
2,-1,1,0.6,0.6,-1,-1,0.7,0.5,0.522201,0.079921
2,-1,1,0.65,0.65,-1,-1,0.7,0.5,0.531662,0.078042
2,-1,1,0.7,0.7,-1,-1,0.7,0.5,0.53858,0.075896
2,-1,1,0.75,0.75,-1,-1,0.7,0.5,0.547533,0.074555
2,-1,1,0.8,0.8,-1,-1,0.7,0.5,0.554756,0.072408
2,-1,1,0.85,0.85,-1,-1,0.7,0.5,0.562692,0.071425
2,-1,1,0.9,0.9,-1,-1,0.7,0.5,0.572357,0.070799
2,-1,1,0.95,0.95,-1,-1,0.7,0.5,0.58426,0.070351
2,-1,1,1.0,1.0,-1,-1,0.7,0.5,0.61356,0.070262
2,-1,1,0.05,0.05,-1,-1,0.75,0.5,0.364641,0.212387
2,-1,1,0.1,0.1,-1,-1,0.75,0.5,0.399254,0.162641
2,-1,1,0.15,0.15,-1,-1,0.75,0.5,0.426727,0.134299
2,-1,1,0.2,0.2,-1,-1,0.75,0.5,0.446575,0.113589
2,-1,1,0.25,0.25,-1,-1,0.75,0.5,0.467996,0.097733
2,-1,1,0.3,0.3,-1,-1,0.75,0.5,0.48494,0.088616
2,-1,1,0.35,0.35,-1,-1,0.75,0.5,0.498131,0.079202
2,-1,1,0.4,0.4,-1,-1,0.75,0.5,0.513138,0.072563
2,-1,1,0.45,0.45,-1,-1,0.75,0.5,0.524877,0.06632
2,-1,1,0.5,0.5,-1,-1,0.75,0.5,0.537827,0.062455
2,-1,1,0.55,0.55,-1,-1,0.75,0.5,0.548961,0.058491
2,-1,1,0.6,0.6,-1,-1,0.75,0.5,0.560216,0.055518
2,-1,1,0.65,0.65,-1,-1,0.75,0.5,0.571471,0.053437
2,-1,1,0.7,0.7,-1,-1,0.75,0.5,0.579701,0.051059
2,-1,1,0.75,0.75,-1,-1,0.75,0.5,0.590351,0.049573
2,-1,1,0.8,0.8,-1,-1,0.75,0.5,0.598944,0.047194
2,-1,1,0.85,0.85,-1,-1,0.75,0.5,0.608384,0.046104
2,-1,1,0.9,0.9,-1,-1,0.75,0.5,0.619881,0.045411
2,-1,1,0.95,0.95,-1,-1,0.75,0.5,0.634041,0.044915
2,-1,1,1.0,1.0,-1,-1,0.75,0.5,0.668896,0.044816
2,-1,1,0.05,0.05,-1,-1,0.8,0.5,0.371639,0.203419
2,-1,1,0.1,0.1,-1,-1,0.8,0.5,0.41189,0.148893
2,-1,1,0.15,0.15,-1,-1,0.8,0.5,0.443836,0.117829
2,-1,1,0.2,0.2,-1,-1,0.8,0.5,0.466917,0.095129
2,-1,1,0.25,0.25,-1,-1,0.8,0.5,0.491827,0.07775
2,-1,1,0.3,0.3,-1,-1,0.8,0.5,0.51153,0.067757
2,-1,1,0.35,0.35,-1,-1,0.8,0.5,0.52687,0.057439
2,-1,1,0.4,0.4,-1,-1,0.8,0.5,0.544322,0.050162
2,-1,1,0.45,0.45,-1,-1,0.8,0.5,0.557973,0.043319
2,-1,1,0.5,0.5,-1,-1,0.8,0.5,0.573032,0.039083
2,-1,1,0.55,0.55,-1,-1,0.8,0.5,0.585979,0.034738
2,-1,1,0.6,0.6,-1,-1,0.8,0.5,0.599068,0.03148
2,-1,1,0.65,0.65,-1,-1,0.8,0.5,0.612156,0.029199
2,-1,1,0.7,0.7,-1,-1,0.8,0.5,0.621726,0.026592
2,-1,1,0.75,0.75,-1,-1,0.8,0.5,0.634111,0.024963
2,-1,1,0.8,0.8,-1,-1,0.8,0.5,0.644103,0.022356
2,-1,1,0.85,0.85,-1,-1,0.8,0.5,0.65508,0.021161
2,-1,1,0.9,0.9,-1,-1,0.8,0.5,0.66845,0.020401
2,-1,1,0.95,0.95,-1,-1,0.8,0.5,0.684916,0.019858
2,-1,1,1.0,1.0,-1,-1,0.8,0.5,0.725448,0.019749
2,-1,1,0.05,0.05,-1,-1,0.85,0.5,0.376981,0.200022
2,-1,1,0.1,0.1,-1,-1,0.85,0.5,0.421536,0.143686
2,-1,1,0.15,0.15,-1,-1,0.85,0.5,0.456899,0.111591
2,-1,1,0.2,0.2,-1,-1,0.85,0.5,0.482447,0.088136
2,-1,1,0.25,0.25,-1,-1,0.85,0.5,0.510021,0.070181
2,-1,1,0.3,0.3,-1,-1,0.85,0.5,0.531831,0.059856
2,-1,1,0.35,0.35,-1,-1,0.85,0.5,0.548811,0.049195
2,-1,1,0.4,0.4,-1,-1,0.85,0.5,0.568129,0.041676
2,-1,1,0.45,0.45,-1,-1,0.85,0.5,0.58324,0.034606
2,-1,1,0.5,0.5,-1,-1,0.85,0.5,0.599909,0.030229
2,-1,1,0.55,0.55,-1,-1,0.85,0.5,0.614241,0.025741
2,-1,1,0.6,0.6,-1,-1,0.85,0.5,0.628729,0.022374
2,-1,1,0.65,0.65,-1,-1,0.85,0.5,0.643216,0.020017
2,-1,1,0.7,0.7,-1,-1,0.85,0.5,0.65381,0.017324
2,-1,1,0.75,0.75,-1,-1,0.85,0.5,0.667519,0.015641
2,-1,1,0.8,0.8,-1,-1,0.85,0.5,0.67858,0.012947
2,-1,1,0.85,0.85,-1,-1,0.85,0.5,0.690731,0.011713
2,-1,1,0.9,0.9,-1,-1,0.85,0.5,0.70553,0.010927
2,-1,1,0.95,0.95,-1,-1,0.85,0.5,0.723757,0.010366
2,-1,1,1.0,1.0,-1,-1,0.85,0.5,0.768623,0.010254
2,-1,1,0.05,0.05,-1,-1,0.9,0.5,0.382775,0.198119
2,-1,1,0.1,0.1,-1,-1,0.9,0.5,0.431997,0.14077
2,-1,1,0.15,0.15,-1,-1,0.9,0.5,0.471064,0.108097
2,-1,1,0.2,0.2,-1,-1,0.9,0.5,0.499289,0.084221
2,-1,1,0.25,0.25,-1,-1,0.9,0.5,0.529752,0.065942
2,-1,1,0.3,0.3,-1,-1,0.9,0.5,0.553847,0.055432
2,-1,1,0.35,0.35,-1,-1,0.9,0.5,0.572606,0.044579
2,-1,1,0.4,0.4,-1,-1,0.9,0.5,0.593947,0.036925
2,-1,1,0.45,0.45,-1,-1,0.9,0.5,0.610641,0.029727
2,-1,1,0.5,0.5,-1,-1,0.9,0.5,0.629056,0.025272
2,-1,1,0.55,0.55,-1,-1,0.9,0.5,0.644889,0.020702
2,-1,1,0.6,0.6,-1,-1,0.9,0.5,0.660895,0.017275
2,-1,1,0.65,0.65,-1,-1,0.9,0.5,0.676901,0.014876
2,-1,1,0.7,0.7,-1,-1,0.9,0.5,0.688604,0.012134
2,-1,1,0.75,0.75,-1,-1,0.9,0.5,0.703749,0.010421
2,-1,1,0.8,0.8,-1,-1,0.9,0.5,0.715969,0.007679
2,-1,1,0.85,0.85,-1,-1,0.9,0.5,0.729393,0.006422
2,-1,1,0.9,0.9,-1,-1,0.9,0.5,0.745743,0.005623
2,-1,1,0.95,0.95,-1,-1,0.9,0.5,0.765879,0.005051
2,-1,1,1.0,1.0,-1,-1,0.9,0.5,0.815445,0.004937
2,-1,1,0.05,0.05,-1,-1,0.95,0.5,0.389208,0.196761
2,-1,1,0.1,0.1,-1,-1,0.95,0.5,0.443613,0.138687
2,-1,1,0.15,0.15,-1,-1,0.95,0.5,0.486794,0.105602
2,-1,1,0.2,0.2,-1,-1,0.95,0.5,0.517991,0.081424
2,-1,1,0.25,0.25,-1,-1,0.95,0.5,0.551661,0.062914
2,-1,1,0.3,0.3,-1,-1,0.95,0.5,0.578293,0.052271
2,-1,1,0.35,0.35,-1,-1,0.95,0.5,0.599028,0.041281
2,-1,1,0.4,0.4,-1,-1,0.95,0.5,0.622616,0.033531
2,-1,1,0.45,0.45,-1,-1,0.95,0.5,0.641068,0.026242
2,-1,1,0.5,0.5,-1,-1,0.95,0.5,0.661422,0.021731
2,-1,1,0.55,0.55,-1,-1,0.95,0.5,0.678923,0.017103
2,-1,1,0.6,0.6,-1,-1,0.95,0.5,0.696614,0.013633
2,-1,1,0.65,0.65,-1,-1,0.95,0.5,0.714305,0.011203
2,-1,1,0.7,0.7,-1,-1,0.95,0.5,0.72724,0.008427
2,-1,1,0.75,0.75,-1,-1,0.95,0.5,0.74398,0.006692
2,-1,1,0.8,0.8,-1,-1,0.95,0.5,0.757486,0.003915
2,-1,1,0.85,0.85,-1,-1,0.95,0.5,0.772324,0.002643
2,-1,1,0.9,0.9,-1,-1,0.95,0.5,0.790395,0.001833
2,-1,1,0.95,0.95,-1,-1,0.95,0.5,0.812652,0.001255
2,-1,1,1.0,1.0,-1,-1,0.95,0.5,0.867437,0.001139
2,-1,1,0.05,0.05,-1,-1,1.0,0.5,0.405611,0.196353
2,-1,1,0.1,0.1,-1,-1,1.0,0.5,0.473231,0.138063
2,-1,1,0.15,0.15,-1,-1,1.0,0.5,0.5269,0.104853
2,-1,1,0.2,0.2,-1,-1,1.0,0.5,0.565675,0.080585
2,-1,1,0.25,0.25,-1,-1,1.0,0.5,0.607524,0.062006
2,-1,1,0.3,0.3,-1,-1,1.0,0.5,0.640624,0.051323
2,-1,1,0.35,0.35,-1,-1,1.0,0.5,0.666395,0.040293
2,-1,1,0.4,0.4,-1,-1,1.0,0.5,0.695713,0.032513
2,-1,1,0.45,0.45,-1,-1,1.0,0.5,0.718646,0.025197
2,-1,1,0.5,0.5,-1,-1,1.0,0.5,0.743945,0.020669
2,-1,1,0.55,0.55,-1,-1,1.0,0.5,0.765696,0.016024
2,-1,1,0.6,0.6,-1,-1,1.0,0.5,0.787685,0.012541
2,-1,1,0.65,0.65,-1,-1,1.0,0.5,0.809672,0.010102
2,-1,1,0.7,0.7,-1,-1,1.0,0.5,0.82575,0.007315
2,-1,1,0.75,0.75,-1,-1,1.0,0.5,0.846556,0.005574
2,-1,1,0.8,0.8,-1,-1,1.0,0.5,0.863343,0.002787
2,-1,1,0.85,0.85,-1,-1,1.0,0.5,0.881784,0.001509
2,-1,1,0.9,0.9,-1,-1,1.0,0.5,0.904245,0.000697
2,-1,1,0.95,0.95,-1,-1,1.0,0.5,0.931908,0.000116
2,-1,1,1.0,1.0,-1,-1,1.0,0.5,1.0,0.0
2,-1,1,0.05,0.05,-1,-1,0.55,0.55,0.395865,0.219901
2,-1,1,0.1,0.1,-1,-1,0.55,0.55,0.395865,0.219901
2,-1,1,0.15,0.15,-1,-1,0.55,0.55,0.395865,0.219901
2,-1,1,0.2,0.2,-1,-1,0.55,0.55,0.395865,0.219901
2,-1,1,0.25,0.25,-1,-1,0.55,0.55,0.395865,0.219901
2,-1,1,0.3,0.3,-1,-1,0.55,0.55,0.395865,0.219901
2,-1,1,0.35,0.35,-1,-1,0.55,0.55,0.395865,0.219901
2,-1,1,0.4,0.4,-1,-1,0.55,0.55,0.395865,0.219901
2,-1,1,0.45,0.45,-1,-1,0.55,0.55,0.395865,0.219901
2,-1,1,0.5,0.5,-1,-1,0.55,0.55,0.395865,0.219901
2,-1,1,0.55,0.55,-1,-1,0.55,0.55,0.395865,0.219901
2,-1,1,0.6,0.6,-1,-1,0.55,0.55,0.395865,0.219901
2,-1,1,0.65,0.65,-1,-1,0.55,0.55,0.395865,0.219901
2,-1,1,0.7,0.7,-1,-1,0.55,0.55,0.395865,0.219901
2,-1,1,0.75,0.75,-1,-1,0.55,0.55,0.395865,0.219901
2,-1,1,0.8,0.8,-1,-1,0.55,0.55,0.395865,0.219901
2,-1,1,0.85,0.85,-1,-1,0.55,0.55,0.395865,0.219901
2,-1,1,0.9,0.9,-1,-1,0.55,0.55,0.395865,0.219901
2,-1,1,0.95,0.95,-1,-1,0.55,0.55,0.395865,0.219901
2,-1,1,1.0,1.0,-1,-1,0.55,0.55,0.395865,0.219901
2,-1,1,0.05,0.05,-1,-1,0.6,0.55,0.405007,0.195986
2,-1,1,0.1,0.1,-1,-1,0.6,0.55,0.412372,0.183242
2,-1,1,0.15,0.15,-1,-1,0.6,0.55,0.418218,0.175981
2,-1,1,0.2,0.2,-1,-1,0.6,0.55,0.422441,0.170676
2,-1,1,0.25,0.25,-1,-1,0.6,0.55,0.426999,0.166614
2,-1,1,0.3,0.3,-1,-1,0.6,0.55,0.430605,0.164278
2,-1,1,0.35,0.35,-1,-1,0.6,0.55,0.433412,0.161866
2,-1,1,0.4,0.4,-1,-1,0.6,0.55,0.436605,0.160165
2,-1,1,0.45,0.45,-1,-1,0.6,0.55,0.439103,0.158566
2,-1,1,0.5,0.5,-1,-1,0.6,0.55,0.441858,0.157576
2,-1,1,0.55,0.55,-1,-1,0.6,0.55,0.444228,0.15656
2,-1,1,0.6,0.6,-1,-1,0.6,0.55,0.446623,0.155799
2,-1,1,0.65,0.65,-1,-1,0.6,0.55,0.449017,0.155266
2,-1,1,0.7,0.7,-1,-1,0.6,0.55,0.450769,0.154656
2,-1,1,0.75,0.75,-1,-1,0.6,0.55,0.453035,0.154276
2,-1,1,0.8,0.8,-1,-1,0.6,0.55,0.454863,0.153666
2,-1,1,0.85,0.85,-1,-1,0.6,0.55,0.456872,0.153387
2,-1,1,0.9,0.9,-1,-1,0.6,0.55,0.459318,0.153209
2,-1,1,0.95,0.95,-1,-1,0.6,0.55,0.462331,0.153082
2,-1,1,1.0,1.0,-1,-1,0.6,0.55,0.469748,0.153057
2,-1,1,0.05,0.05,-1,-1,0.65,0.55,0.414036,0.179138
2,-1,1,0.1,0.1,-1,-1,0.65,0.55,0.428675,0.157415
2,-1,1,0.15,0.15,-1,-1,0.65,0.55,0.440294,0.145039
2,-1,1,0.2,0.2,-1,-1,0.65,0.55,0.448689,0.135995
2,-1,1,0.25,0.25,-1,-1,0.65,0.55,0.457749,0.129071
2,-1,1,0.3,0.3,-1,-1,0.65,0.55,0.464915,0.12509
2,-1,1,0.35,0.35,-1,-1,0.65,0.55,0.470494,0.120979
2,-1,1,0.4,0.4,-1,-1,0.65,0.55,0.476842,0.11808
2,-1,1,0.45,0.45,-1,-1,0.65,0.55,0.481806,0.115353
2,-1,1,0.5,0.5,-1,-1,0.65,0.55,0.487283,0.113666
2,-1,1,0.55,0.55,-1,-1,0.65,0.55,0.491992,0.111935
2,-1,1,0.6,0.6,-1,-1,0.65,0.55,0.496753,0.110637
2,-1,1,0.65,0.65,-1,-1,0.65,0.55,0.501513,0.109728
2,-1,1,0.7,0.7,-1,-1,0.65,0.55,0.504994,0.108689
2,-1,1,0.75,0.75,-1,-1,0.65,0.55,0.509498,0.10804
2,-1,1,0.8,0.8,-1,-1,0.65,0.55,0.513132,0.107002
2,-1,1,0.85,0.85,-1,-1,0.65,0.55,0.517125,0.106526
2,-1,1,0.9,0.9,-1,-1,0.65,0.55,0.521988,0.106223
2,-1,1,0.95,0.95,-1,-1,0.65,0.55,0.527976,0.106006
2,-1,1,1.0,1.0,-1,-1,0.65,0.55,0.542718,0.105963
2,-1,1,0.05,0.05,-1,-1,0.7,0.55,0.422802,0.166365
2,-1,1,0.1,0.1,-1,-1,0.7,0.55,0.444503,0.137835
2,-1,1,0.15,0.15,-1,-1,0.7,0.55,0.461727,0.121581
2,-1,1,0.2,0.2,-1,-1,0.7,0.55,0.474171,0.109704
2,-1,1,0.25,0.25,-1,-1,0.7,0.55,0.487602,0.10061
2,-1,1,0.3,0.3,-1,-1,0.7,0.55,0.498225,0.095382
2,-1,1,0.35,0.35,-1,-1,0.7,0.55,0.506496,0.089983
2,-1,1,0.4,0.4,-1,-1,0.7,0.55,0.515905,0.086175
2,-1,1,0.45,0.45,-1,-1,0.7,0.55,0.523265,0.082594
2,-1,1,0.5,0.5,-1,-1,0.7,0.55,0.531384,0.080378
2,-1,1,0.55,0.55,-1,-1,0.7,0.55,0.538364,0.078105
2,-1,1,0.6,0.6,-1,-1,0.7,0.55,0.545421,0.0764
2,-1,1,0.65,0.65,-1,-1,0.7,0.55,0.552478,0.075206
2,-1,1,0.7,0.7,-1,-1,0.7,0.55,0.557638,0.073842
2,-1,1,0.75,0.75,-1,-1,0.7,0.55,0.564315,0.07299
2,-1,1,0.8,0.8,-1,-1,0.7,0.55,0.569702,0.071626
2,-1,1,0.85,0.85,-1,-1,0.7,0.55,0.575621,0.071001
2,-1,1,0.9,0.9,-1,-1,0.7,0.55,0.582829,0.070603
2,-1,1,0.95,0.95,-1,-1,0.7,0.55,0.591707,0.070319
2,-1,1,1.0,1.0,-1,-1,0.7,0.55,0.61356,0.070262
2,-1,1,0.05,0.05,-1,-1,0.75,0.55,0.429649,0.157261
2,-1,1,0.1,0.1,-1,-1,0.75,0.55,0.456866,0.12388
2,-1,1,0.15,0.15,-1,-1,0.75,0.55,0.478469,0.104862
2,-1,1,0.2,0.2,-1,-1,0.75,0.55,0.494076,0.090965
2,-1,1,0.25,0.25,-1,-1,0.75,0.55,0.510921,0.080325
2,-1,1,0.3,0.3,-1,-1,0.75,0.55,0.524244,0.074207
2,-1,1,0.35,0.35,-1,-1,0.75,0.55,0.534617,0.06789
2,-1,1,0.4,0.4,-1,-1,0.75,0.55,0.546418,0.063435
2,-1,1,0.45,0.45,-1,-1,0.75,0.55,0.555648,0.059246
2,-1,1,0.5,0.5,-1,-1,0.75,0.55,0.565831,0.056652
2,-1,1,0.55,0.55,-1,-1,0.75,0.55,0.574586,0.053993
2,-1,1,0.6,0.6,-1,-1,0.75,0.55,0.583437,0.051998
2,-1,1,0.65,0.65,-1,-1,0.75,0.55,0.592287,0.050601
2,-1,1,0.7,0.7,-1,-1,0.75,0.55,0.598759,0.049005
2,-1,1,0.75,0.75,-1,-1,0.75,0.55,0.607133,0.048008
2,-1,1,0.8,0.8,-1,-1,0.75,0.55,0.61389,0.046412
2,-1,1,0.85,0.85,-1,-1,0.75,0.55,0.621313,0.04568
2,-1,1,0.9,0.9,-1,-1,0.75,0.55,0.630354,0.045215
2,-1,1,0.95,0.95,-1,-1,0.75,0.55,0.641488,0.044883
2,-1,1,1.0,1.0,-1,-1,0.75,0.55,0.668896,0.044816
2,-1,1,0.05,0.05,-1,-1,0.8,0.55,0.436646,0.148293
2,-1,1,0.1,0.1,-1,-1,0.8,0.55,0.469501,0.110133
2,-1,1,0.15,0.15,-1,-1,0.8,0.55,0.495578,0.088392
2,-1,1,0.2,0.2,-1,-1,0.8,0.55,0.514418,0.072505
2,-1,1,0.25,0.25,-1,-1,0.8,0.55,0.534752,0.060342
2,-1,1,0.3,0.3,-1,-1,0.8,0.55,0.550835,0.053348
2,-1,1,0.35,0.35,-1,-1,0.8,0.55,0.563356,0.046127
2,-1,1,0.4,0.4,-1,-1,0.8,0.55,0.577601,0.041034
2,-1,1,0.45,0.45,-1,-1,0.8,0.55,0.588744,0.036245
2,-1,1,0.5,0.5,-1,-1,0.8,0.55,0.601036,0.03328
2,-1,1,0.55,0.55,-1,-1,0.8,0.55,0.611604,0.030239
2,-1,1,0.6,0.6,-1,-1,0.8,0.55,0.622288,0.027959
2,-1,1,0.65,0.65,-1,-1,0.8,0.55,0.632972,0.026362
2,-1,1,0.7,0.7,-1,-1,0.8,0.55,0.640783,0.024538
2,-1,1,0.75,0.75,-1,-1,0.8,0.55,0.650893,0.023398
2,-1,1,0.8,0.8,-1,-1,0.8,0.55,0.659049,0.021573
2,-1,1,0.85,0.85,-1,-1,0.8,0.55,0.668009,0.020737
2,-1,1,0.9,0.9,-1,-1,0.8,0.55,0.678923,0.020205
2,-1,1,0.95,0.95,-1,-1,0.8,0.55,0.692363,0.019825
2,-1,1,1.0,1.0,-1,-1,0.8,0.55,0.725448,0.019749
2,-1,1,0.05,0.05,-1,-1,0.85,0.55,0.441989,0.144896
2,-1,1,0.1,0.1,-1,-1,0.85,0.55,0.479148,0.104926
2,-1,1,0.15,0.15,-1,-1,0.85,0.55,0.508641,0.082153
2,-1,1,0.2,0.2,-1,-1,0.85,0.55,0.529949,0.065512
2,-1,1,0.25,0.25,-1,-1,0.85,0.55,0.552946,0.052773
2,-1,1,0.3,0.3,-1,-1,0.85,0.55,0.571135,0.045447
2,-1,1,0.35,0.35,-1,-1,0.85,0.55,0.585297,0.037883
2,-1,1,0.4,0.4,-1,-1,0.85,0.55,0.601408,0.032548
2,-1,1,0.45,0.45,-1,-1,0.85,0.55,0.614011,0.027532
2,-1,1,0.5,0.5,-1,-1,0.85,0.55,0.627913,0.024427
2,-1,1,0.55,0.55,-1,-1,0.85,0.55,0.639866,0.021242
2,-1,1,0.6,0.6,-1,-1,0.85,0.55,0.651949,0.018853
2,-1,1,0.65,0.65,-1,-1,0.85,0.55,0.664032,0.017181
2,-1,1,0.7,0.7,-1,-1,0.85,0.55,0.672867,0.01527
2,-1,1,0.75,0.75,-1,-1,0.85,0.55,0.684301,0.014076
2,-1,1,0.8,0.8,-1,-1,0.85,0.55,0.693526,0.012165
2,-1,1,0.85,0.85,-1,-1,0.85,0.55,0.70366,0.011289
2,-1,1,0.9,0.9,-1,-1,0.85,0.55,0.716003,0.010732
2,-1,1,0.95,0.95,-1,-1,0.85,0.55,0.731204,0.010334
2,-1,1,1.0,1.0,-1,-1,0.85,0.55,0.768623,0.010254
2,-1,1,0.05,0.05,-1,-1,0.9,0.55,0.447782,0.142994
2,-1,1,0.1,0.1,-1,-1,0.9,0.55,0.489609,0.10201
2,-1,1,0.15,0.15,-1,-1,0.9,0.55,0.522806,0.07866
2,-1,1,0.2,0.2,-1,-1,0.9,0.55,0.546791,0.061597
2,-1,1,0.25,0.25,-1,-1,0.9,0.55,0.572676,0.048534
2,-1,1,0.3,0.3,-1,-1,0.9,0.55,0.593151,0.041023
2,-1,1,0.35,0.35,-1,-1,0.9,0.55,0.609092,0.033267
2,-1,1,0.4,0.4,-1,-1,0.9,0.55,0.627226,0.027797
2,-1,1,0.45,0.45,-1,-1,0.9,0.55,0.641412,0.022653
2,-1,1,0.5,0.5,-1,-1,0.9,0.55,0.657061,0.019469
2,-1,1,0.55,0.55,-1,-1,0.9,0.55,0.670515,0.016204
2,-1,1,0.6,0.6,-1,-1,0.9,0.55,0.684116,0.013754
2,-1,1,0.65,0.65,-1,-1,0.9,0.55,0.697717,0.01204
2,-1,1,0.7,0.7,-1,-1,0.9,0.55,0.707662,0.01008
2,-1,1,0.75,0.75,-1,-1,0.9,0.55,0.720531,0.008856
2,-1,1,0.8,0.8,-1,-1,0.9,0.55,0.730915,0.006896
2,-1,1,0.85,0.85,-1,-1,0.9,0.55,0.742322,0.005998
2,-1,1,0.9,0.9,-1,-1,0.9,0.55,0.756215,0.005427
2,-1,1,0.95,0.95,-1,-1,0.9,0.55,0.773326,0.005019
2,-1,1,1.0,1.0,-1,-1,0.9,0.55,0.815445,0.004937
2,-1,1,0.05,0.05,-1,-1,0.95,0.55,0.454215,0.141635
2,-1,1,0.1,0.1,-1,-1,0.95,0.55,0.501225,0.099927
2,-1,1,0.15,0.15,-1,-1,0.95,0.55,0.538536,0.076165
2,-1,1,0.2,0.2,-1,-1,0.95,0.55,0.565493,0.0588
2,-1,1,0.25,0.25,-1,-1,0.95,0.55,0.594586,0.045506
2,-1,1,0.3,0.3,-1,-1,0.95,0.55,0.617598,0.037862
2,-1,1,0.35,0.35,-1,-1,0.95,0.55,0.635514,0.029969
2,-1,1,0.4,0.4,-1,-1,0.95,0.55,0.655895,0.024403
2,-1,1,0.45,0.45,-1,-1,0.95,0.55,0.671839,0.019168
2,-1,1,0.5,0.5,-1,-1,0.95,0.55,0.689427,0.015928
2,-1,1,0.55,0.55,-1,-1,0.95,0.55,0.704548,0.012605
2,-1,1,0.6,0.6,-1,-1,0.95,0.55,0.719834,0.010112
2,-1,1,0.65,0.65,-1,-1,0.95,0.55,0.73512,0.008367
2,-1,1,0.7,0.7,-1,-1,0.95,0.55,0.746298,0.006373
2,-1,1,0.75,0.75,-1,-1,0.95,0.55,0.760762,0.005127
2,-1,1,0.8,0.8,-1,-1,0.95,0.55,0.772432,0.003133
2,-1,1,0.85,0.85,-1,-1,0.95,0.55,0.785253,0.002219
2,-1,1,0.9,0.9,-1,-1,0.95,0.55,0.800868,0.001638
2,-1,1,0.95,0.95,-1,-1,0.95,0.55,0.820099,0.001222
2,-1,1,1.0,1.0,-1,-1,0.95,0.55,0.867437,0.001139
2,-1,1,0.05,0.05,-1,-1,1.0,0.55,0.470618,0.141228
2,-1,1,0.1,0.1,-1,-1,1.0,0.55,0.530843,0.099302
2,-1,1,0.15,0.15,-1,-1,1.0,0.55,0.578642,0.075416
2,-1,1,0.2,0.2,-1,-1,1.0,0.55,0.613177,0.057961
2,-1,1,0.25,0.25,-1,-1,1.0,0.55,0.650448,0.044598
2,-1,1,0.3,0.3,-1,-1,1.0,0.55,0.679929,0.036915
2,-1,1,0.35,0.35,-1,-1,1.0,0.55,0.702881,0.028981
2,-1,1,0.4,0.4,-1,-1,1.0,0.55,0.728992,0.023385
2,-1,1,0.45,0.45,-1,-1,1.0,0.55,0.749417,0.018123
2,-1,1,0.5,0.5,-1,-1,1.0,0.55,0.771949,0.014866
2,-1,1,0.55,0.55,-1,-1,1.0,0.55,0.791322,0.011525
2,-1,1,0.6,0.6,-1,-1,1.0,0.55,0.810905,0.00902
2,-1,1,0.65,0.65,-1,-1,1.0,0.55,0.830488,0.007266
2,-1,1,0.7,0.7,-1,-1,1.0,0.55,0.844807,0.005262
2,-1,1,0.75,0.75,-1,-1,1.0,0.55,0.863338,0.004009
2,-1,1,0.8,0.8,-1,-1,1.0,0.55,0.878289,0.002004
2,-1,1,0.85,0.85,-1,-1,1.0,0.55,0.894713,0.001086
2,-1,1,0.9,0.9,-1,-1,1.0,0.55,0.914718,0.000501
2,-1,1,0.95,0.95,-1,-1,1.0,0.55,0.939355,8.4e-05
2,-1,1,1.0,1.0,-1,-1,1.0,0.55,1.0,0.0
2,-1,1,0.05,0.05,-1,-1,0.6,0.6,0.469748,0.153057
2,-1,1,0.1,0.1,-1,-1,0.6,0.6,0.469748,0.153057
2,-1,1,0.15,0.15,-1,-1,0.6,0.6,0.469748,0.153057
2,-1,1,0.2,0.2,-1,-1,0.6,0.6,0.469748,0.153057
2,-1,1,0.25,0.25,-1,-1,0.6,0.6,0.469748,0.153057
2,-1,1,0.3,0.3,-1,-1,0.6,0.6,0.469748,0.153057
2,-1,1,0.35,0.35,-1,-1,0.6,0.6,0.469748,0.153057
2,-1,1,0.4,0.4,-1,-1,0.6,0.6,0.469748,0.153057
2,-1,1,0.45,0.45,-1,-1,0.6,0.6,0.469748,0.153057
2,-1,1,0.5,0.5,-1,-1,0.6,0.6,0.469748,0.153057
2,-1,1,0.55,0.55,-1,-1,0.6,0.6,0.469748,0.153057
2,-1,1,0.6,0.6,-1,-1,0.6,0.6,0.469748,0.153057
2,-1,1,0.65,0.65,-1,-1,0.6,0.6,0.469748,0.153057
2,-1,1,0.7,0.7,-1,-1,0.6,0.6,0.469748,0.153057
2,-1,1,0.75,0.75,-1,-1,0.6,0.6,0.469748,0.153057
2,-1,1,0.8,0.8,-1,-1,0.6,0.6,0.469748,0.153057
2,-1,1,0.85,0.85,-1,-1,0.6,0.6,0.469748,0.153057
2,-1,1,0.9,0.9,-1,-1,0.6,0.6,0.469748,0.153057
2,-1,1,0.95,0.95,-1,-1,0.6,0.6,0.469748,0.153057
2,-1,1,1.0,1.0,-1,-1,0.6,0.6,0.469748,0.153057
2,-1,1,0.05,0.05,-1,-1,0.65,0.6,0.478777,0.136208
2,-1,1,0.1,0.1,-1,-1,0.65,0.6,0.486051,0.12723
2,-1,1,0.15,0.15,-1,-1,0.65,0.6,0.491825,0.122114
2,-1,1,0.2,0.2,-1,-1,0.65,0.6,0.495996,0.118376
2,-1,1,0.25,0.25,-1,-1,0.65,0.6,0.500498,0.115514
2,-1,1,0.3,0.3,-1,-1,0.65,0.6,0.504058,0.113869
2,-1,1,0.35,0.35,-1,-1,0.65,0.6,0.506831,0.112169
2,-1,1,0.4,0.4,-1,-1,0.65,0.6,0.509985,0.110971
2,-1,1,0.45,0.45,-1,-1,0.65,0.6,0.512452,0.109844
2,-1,1,0.5,0.5,-1,-1,0.65,0.6,0.515173,0.109147
2,-1,1,0.55,0.55,-1,-1,0.65,0.6,0.517513,0.108431
2,-1,1,0.6,0.6,-1,-1,0.65,0.6,0.519878,0.107895
2,-1,1,0.65,0.65,-1,-1,0.65,0.6,0.522244,0.107519
2,-1,1,0.7,0.7,-1,-1,0.65,0.6,0.523973,0.10709
2,-1,1,0.75,0.75,-1,-1,0.65,0.6,0.526211,0.106822
2,-1,1,0.8,0.8,-1,-1,0.65,0.6,0.528017,0.106392
2,-1,1,0.85,0.85,-1,-1,0.65,0.6,0.530001,0.106196
2,-1,1,0.9,0.9,-1,-1,0.65,0.6,0.532417,0.10607
2,-1,1,0.95,0.95,-1,-1,0.65,0.6,0.535393,0.105981
2,-1,1,1.0,1.0,-1,-1,0.65,0.6,0.542718,0.105963
2,-1,1,0.05,0.05,-1,-1,0.7,0.6,0.487543,0.123436
2,-1,1,0.1,0.1,-1,-1,0.7,0.6,0.501879,0.10765
2,-1,1,0.15,0.15,-1,-1,0.7,0.6,0.513257,0.098657
2,-1,1,0.2,0.2,-1,-1,0.7,0.6,0.521478,0.092085
2,-1,1,0.25,0.25,-1,-1,0.7,0.6,0.530351,0.087054
2,-1,1,0.3,0.3,-1,-1,0.7,0.6,0.537368,0.084161
2,-1,1,0.35,0.35,-1,-1,0.7,0.6,0.542832,0.081173
2,-1,1,0.4,0.4,-1,-1,0.7,0.6,0.549048,0.079067
2,-1,1,0.45,0.45,-1,-1,0.7,0.6,0.55391,0.077086
2,-1,1,0.5,0.5,-1,-1,0.7,0.6,0.559273,0.075859
2,-1,1,0.55,0.55,-1,-1,0.7,0.6,0.563885,0.074601
2,-1,1,0.6,0.6,-1,-1,0.7,0.6,0.568547,0.073658
2,-1,1,0.65,0.65,-1,-1,0.7,0.6,0.573208,0.072998
2,-1,1,0.7,0.7,-1,-1,0.7,0.6,0.576617,0.072243
2,-1,1,0.75,0.75,-1,-1,0.7,0.6,0.581028,0.071771
2,-1,1,0.8,0.8,-1,-1,0.7,0.6,0.584587,0.071017
2,-1,1,0.85,0.85,-1,-1,0.7,0.6,0.588497,0.070671
2,-1,1,0.9,0.9,-1,-1,0.7,0.6,0.593259,0.070451
2,-1,1,0.95,0.95,-1,-1,0.7,0.6,0.599124,0.070293
2,-1,1,1.0,1.0,-1,-1,0.7,0.6,0.61356,0.070262
2,-1,1,0.05,0.05,-1,-1,0.75,0.6,0.49439,0.114332
2,-1,1,0.1,0.1,-1,-1,0.75,0.6,0.514242,0.093695
2,-1,1,0.15,0.15,-1,-1,0.75,0.6,0.529999,0.081938
2,-1,1,0.2,0.2,-1,-1,0.75,0.6,0.541383,0.073346
2,-1,1,0.25,0.25,-1,-1,0.75,0.6,0.553669,0.066768
2,-1,1,0.3,0.3,-1,-1,0.75,0.6,0.563387,0.062986
2,-1,1,0.35,0.35,-1,-1,0.75,0.6,0.570953,0.059081
2,-1,1,0.4,0.4,-1,-1,0.75,0.6,0.579561,0.056327
2,-1,1,0.45,0.45,-1,-1,0.75,0.6,0.586294,0.053737
2,-1,1,0.5,0.5,-1,-1,0.75,0.6,0.593721,0.052133
2,-1,1,0.55,0.55,-1,-1,0.75,0.6,0.600107,0.050489
2,-1,1,0.6,0.6,-1,-1,0.75,0.6,0.606562,0.049256
2,-1,1,0.65,0.65,-1,-1,0.75,0.6,0.613018,0.048392
2,-1,1,0.7,0.7,-1,-1,0.75,0.6,0.617738,0.047406
2,-1,1,0.75,0.75,-1,-1,0.75,0.6,0.623847,0.046789
2,-1,1,0.8,0.8,-1,-1,0.75,0.6,0.628775,0.045803
2,-1,1,0.85,0.85,-1,-1,0.75,0.6,0.634189,0.04535
2,-1,1,0.9,0.9,-1,-1,0.75,0.6,0.640783,0.045063
2,-1,1,0.95,0.95,-1,-1,0.75,0.6,0.648905,0.044857
2,-1,1,1.0,1.0,-1,-1,0.75,0.6,0.668896,0.044816
2,-1,1,0.05,0.05,-1,-1,0.8,0.6,0.501387,0.105364
2,-1,1,0.1,0.1,-1,-1,0.8,0.6,0.526877,0.079948
2,-1,1,0.15,0.15,-1,-1,0.8,0.6,0.547109,0.065468
2,-1,1,0.2,0.2,-1,-1,0.8,0.6,0.561725,0.054886
2,-1,1,0.25,0.25,-1,-1,0.8,0.6,0.5775,0.046785
2,-1,1,0.3,0.3,-1,-1,0.8,0.6,0.589978,0.042127
2,-1,1,0.35,0.35,-1,-1,0.8,0.6,0.599692,0.037318
2,-1,1,0.4,0.4,-1,-1,0.8,0.6,0.610744,0.033925
2,-1,1,0.45,0.45,-1,-1,0.8,0.6,0.619389,0.030736
2,-1,1,0.5,0.5,-1,-1,0.8,0.6,0.628926,0.028761
2,-1,1,0.55,0.55,-1,-1,0.8,0.6,0.637125,0.026736
2,-1,1,0.6,0.6,-1,-1,0.8,0.6,0.645414,0.025217
2,-1,1,0.65,0.65,-1,-1,0.8,0.6,0.653702,0.024154
2,-1,1,0.7,0.7,-1,-1,0.8,0.6,0.659763,0.022939
2,-1,1,0.75,0.75,-1,-1,0.8,0.6,0.667606,0.022179
2,-1,1,0.8,0.8,-1,-1,0.8,0.6,0.673934,0.020964
2,-1,1,0.85,0.85,-1,-1,0.8,0.6,0.680885,0.020407
2,-1,1,0.9,0.9,-1,-1,0.8,0.6,0.689352,0.020053
2,-1,1,0.95,0.95,-1,-1,0.8,0.6,0.69978,0.0198
2,-1,1,1.0,1.0,-1,-1,0.8,0.6,0.725448,0.019749
2,-1,1,0.05,0.05,-1,-1,0.85,0.6,0.50673,0.101967
2,-1,1,0.1,0.1,-1,-1,0.85,0.6,0.536524,0.07474
2,-1,1,0.15,0.15,-1,-1,0.85,0.6,0.560171,0.059229
2,-1,1,0.2,0.2,-1,-1,0.85,0.6,0.577255,0.047894
2,-1,1,0.25,0.25,-1,-1,0.85,0.6,0.595694,0.039216
2,-1,1,0.3,0.3,-1,-1,0.85,0.6,0.610279,0.034226
2,-1,1,0.35,0.35,-1,-1,0.85,0.6,0.621634,0.029074
2,-1,1,0.4,0.4,-1,-1,0.85,0.6,0.634551,0.02544
2,-1,1,0.45,0.45,-1,-1,0.85,0.6,0.644656,0.022023
2,-1,1,0.5,0.5,-1,-1,0.85,0.6,0.655803,0.019908
2,-1,1,0.55,0.55,-1,-1,0.85,0.6,0.665386,0.017739
2,-1,1,0.6,0.6,-1,-1,0.85,0.6,0.675075,0.016111
2,-1,1,0.65,0.65,-1,-1,0.85,0.6,0.684763,0.014972
2,-1,1,0.7,0.7,-1,-1,0.85,0.6,0.691847,0.013671
2,-1,1,0.75,0.75,-1,-1,0.85,0.6,0.701014,0.012857
2,-1,1,0.8,0.8,-1,-1,0.85,0.6,0.70841,0.011556
2,-1,1,0.85,0.85,-1,-1,0.85,0.6,0.716536,0.010959
2,-1,1,0.9,0.9,-1,-1,0.85,0.6,0.726433,0.010579
2,-1,1,0.95,0.95,-1,-1,0.85,0.6,0.738621,0.010308
2,-1,1,1.0,1.0,-1,-1,0.85,0.6,0.768623,0.010254
2,-1,1,0.05,0.05,-1,-1,0.9,0.6,0.512523,0.100065
2,-1,1,0.1,0.1,-1,-1,0.9,0.6,0.546985,0.071824
2,-1,1,0.15,0.15,-1,-1,0.9,0.6,0.574337,0.055735
2,-1,1,0.2,0.2,-1,-1,0.9,0.6,0.594098,0.043978
2,-1,1,0.25,0.25,-1,-1,0.9,0.6,0.615425,0.034977
2,-1,1,0.3,0.3,-1,-1,0.9,0.6,0.632294,0.029802
2,-1,1,0.35,0.35,-1,-1,0.9,0.6,0.645428,0.024458
2,-1,1,0.4,0.4,-1,-1,0.9,0.6,0.660369,0.020689
2,-1,1,0.45,0.45,-1,-1,0.9,0.6,0.672057,0.017144
2,-1,1,0.5,0.5,-1,-1,0.9,0.6,0.68495,0.01495
2,-1,1,0.55,0.55,-1,-1,0.9,0.6,0.696035,0.0127
2,-1,1,0.6,0.6,-1,-1,0.9,0.6,0.707241,0.011013
2,-1,1,0.65,0.65,-1,-1,0.9,0.6,0.718447,0.009831
2,-1,1,0.7,0.7,-1,-1,0.9,0.6,0.726641,0.008481
2,-1,1,0.75,0.75,-1,-1,0.9,0.6,0.737245,0.007637
2,-1,1,0.8,0.8,-1,-1,0.9,0.6,0.745799,0.006287
2,-1,1,0.85,0.85,-1,-1,0.9,0.6,0.755198,0.005668
2,-1,1,0.9,0.9,-1,-1,0.9,0.6,0.766645,0.005275
2,-1,1,0.95,0.95,-1,-1,0.9,0.6,0.780743,0.004993
2,-1,1,1.0,1.0,-1,-1,0.9,0.6,0.815445,0.004937
2,-1,1,0.05,0.05,-1,-1,0.95,0.6,0.518956,0.098706
2,-1,1,0.1,0.1,-1,-1,0.95,0.6,0.558601,0.069742
2,-1,1,0.15,0.15,-1,-1,0.95,0.6,0.590066,0.05324
2,-1,1,0.2,0.2,-1,-1,0.95,0.6,0.6128,0.041181
2,-1,1,0.25,0.25,-1,-1,0.95,0.6,0.637335,0.031949
2,-1,1,0.3,0.3,-1,-1,0.95,0.6,0.656741,0.026641
2,-1,1,0.35,0.35,-1,-1,0.95,0.6,0.67185,0.02116
2,-1,1,0.4,0.4,-1,-1,0.95,0.6,0.689038,0.017294
2,-1,1,0.45,0.45,-1,-1,0.95,0.6,0.702484,0.013659
2,-1,1,0.5,0.5,-1,-1,0.95,0.6,0.717316,0.011409
2,-1,1,0.55,0.55,-1,-1,0.95,0.6,0.730068,0.009101
2,-1,1,0.6,0.6,-1,-1,0.95,0.6,0.74296,0.00737
2,-1,1,0.65,0.65,-1,-1,0.95,0.6,0.755851,0.006159
2,-1,1,0.7,0.7,-1,-1,0.95,0.6,0.765277,0.004774
2,-1,1,0.75,0.75,-1,-1,0.95,0.6,0.777475,0.003908
2,-1,1,0.8,0.8,-1,-1,0.95,0.6,0.787317,0.002524
2,-1,1,0.85,0.85,-1,-1,0.95,0.6,0.798129,0.001889
2,-1,1,0.9,0.9,-1,-1,0.95,0.6,0.811298,0.001485
2,-1,1,0.95,0.95,-1,-1,0.95,0.6,0.827516,0.001197
2,-1,1,1.0,1.0,-1,-1,0.95,0.6,0.867437,0.001139
2,-1,1,0.05,0.05,-1,-1,1.0,0.6,0.535359,0.098298
2,-1,1,0.1,0.1,-1,-1,1.0,0.6,0.588218,0.069117
2,-1,1,0.15,0.15,-1,-1,1.0,0.6,0.630173,0.052492
2,-1,1,0.2,0.2,-1,-1,1.0,0.6,0.660483,0.040342
2,-1,1,0.25,0.25,-1,-1,1.0,0.6,0.693197,0.031041
2,-1,1,0.3,0.3,-1,-1,1.0,0.6,0.719072,0.025694
2,-1,1,0.35,0.35,-1,-1,1.0,0.6,0.739217,0.020171
2,-1,1,0.4,0.4,-1,-1,1.0,0.6,0.762135,0.016277
2,-1,1,0.45,0.45,-1,-1,1.0,0.6,0.780063,0.012614
2,-1,1,0.5,0.5,-1,-1,1.0,0.6,0.799839,0.010347
2,-1,1,0.55,0.55,-1,-1,1.0,0.6,0.816842,0.008022
2,-1,1,0.6,0.6,-1,-1,1.0,0.6,0.834031,0.006278
2,-1,1,0.65,0.65,-1,-1,1.0,0.6,0.851219,0.005057
2,-1,1,0.7,0.7,-1,-1,1.0,0.6,0.863787,0.003662
2,-1,1,0.75,0.75,-1,-1,1.0,0.6,0.880051,0.00279
2,-1,1,0.8,0.8,-1,-1,1.0,0.6,0.893173,0.001395
2,-1,1,0.85,0.85,-1,-1,1.0,0.6,0.907589,0.000756
2,-1,1,0.9,0.9,-1,-1,1.0,0.6,0.925148,0.000349
2,-1,1,0.95,0.95,-1,-1,1.0,0.6,0.946772,5.8e-05
2,-1,1,1.0,1.0,-1,-1,1.0,0.6,1.0,0.0
2,-1,1,0.05,0.05,-1,-1,0.65,0.65,0.542718,0.105963
2,-1,1,0.1,0.1,-1,-1,0.65,0.65,0.542718,0.105963
2,-1,1,0.15,0.15,-1,-1,0.65,0.65,0.542718,0.105963
2,-1,1,0.2,0.2,-1,-1,0.65,0.65,0.542718,0.105963
2,-1,1,0.25,0.25,-1,-1,0.65,0.65,0.542718,0.105963
2,-1,1,0.3,0.3,-1,-1,0.65,0.65,0.542718,0.105963
2,-1,1,0.35,0.35,-1,-1,0.65,0.65,0.542718,0.105963
2,-1,1,0.4,0.4,-1,-1,0.65,0.65,0.542718,0.105963
2,-1,1,0.45,0.45,-1,-1,0.65,0.65,0.542718,0.105963
2,-1,1,0.5,0.5,-1,-1,0.65,0.65,0.542718,0.105963
2,-1,1,0.55,0.55,-1,-1,0.65,0.65,0.542718,0.105963
2,-1,1,0.6,0.6,-1,-1,0.65,0.65,0.542718,0.105963
2,-1,1,0.65,0.65,-1,-1,0.65,0.65,0.542718,0.105963
2,-1,1,0.7,0.7,-1,-1,0.65,0.65,0.542718,0.105963
2,-1,1,0.75,0.75,-1,-1,0.65,0.65,0.542718,0.105963
2,-1,1,0.8,0.8,-1,-1,0.65,0.65,0.542718,0.105963
2,-1,1,0.85,0.85,-1,-1,0.65,0.65,0.542718,0.105963
2,-1,1,0.9,0.9,-1,-1,0.65,0.65,0.542718,0.105963
2,-1,1,0.95,0.95,-1,-1,0.65,0.65,0.542718,0.105963
2,-1,1,1.0,1.0,-1,-1,0.65,0.65,0.542718,0.105963
2,-1,1,0.05,0.05,-1,-1,0.7,0.65,0.551484,0.09319
2,-1,1,0.1,0.1,-1,-1,0.7,0.65,0.558546,0.086384
2,-1,1,0.15,0.15,-1,-1,0.7,0.65,0.564151,0.082506
2,-1,1,0.2,0.2,-1,-1,0.7,0.65,0.5682,0.079672
2,-1,1,0.25,0.25,-1,-1,0.7,0.65,0.572571,0.077503
2,-1,1,0.3,0.3,-1,-1,0.7,0.65,0.576028,0.076255
2,-1,1,0.35,0.35,-1,-1,0.7,0.65,0.578719,0.074967
2,-1,1,0.4,0.4,-1,-1,0.7,0.65,0.581781,0.074059
2,-1,1,0.45,0.45,-1,-1,0.7,0.65,0.584176,0.073204
2,-1,1,0.5,0.5,-1,-1,0.7,0.65,0.586818,0.072675
2,-1,1,0.55,0.55,-1,-1,0.7,0.65,0.58909,0.072133
2,-1,1,0.6,0.6,-1,-1,0.7,0.65,0.591386,0.071726
2,-1,1,0.65,0.65,-1,-1,0.7,0.65,0.593683,0.071442
2,-1,1,0.7,0.7,-1,-1,0.7,0.65,0.595362,0.071116
2,-1,1,0.75,0.75,-1,-1,0.7,0.65,0.597535,0.070913
2,-1,1,0.8,0.8,-1,-1,0.7,0.65,0.599288,0.070587
2,-1,1,0.85,0.85,-1,-1,0.7,0.65,0.601214,0.070438
2,-1,1,0.9,0.9,-1,-1,0.7,0.65,0.60356,0.070343
2,-1,1,0.95,0.95,-1,-1,0.7,0.65,0.606449,0.070276
2,-1,1,1.0,1.0,-1,-1,0.7,0.65,0.61356,0.070262
2,-1,1,0.05,0.05,-1,-1,0.75,0.65,0.558331,0.084087
2,-1,1,0.1,0.1,-1,-1,0.75,0.65,0.570909,0.072429
2,-1,1,0.15,0.15,-1,-1,0.75,0.65,0.580892,0.065787
2,-1,1,0.2,0.2,-1,-1,0.75,0.65,0.588105,0.060933
2,-1,1,0.25,0.25,-1,-1,0.75,0.65,0.59589,0.057217
2,-1,1,0.3,0.3,-1,-1,0.75,0.65,0.602047,0.055081
2,-1,1,0.35,0.35,-1,-1,0.75,0.65,0.606841,0.052875
2,-1,1,0.4,0.4,-1,-1,0.75,0.65,0.612294,0.051319
2,-1,1,0.45,0.45,-1,-1,0.75,0.65,0.61656,0.049855
2,-1,1,0.5,0.5,-1,-1,0.75,0.65,0.621266,0.04895
2,-1,1,0.55,0.55,-1,-1,0.75,0.65,0.625312,0.048021
2,-1,1,0.6,0.6,-1,-1,0.75,0.65,0.629402,0.047324
2,-1,1,0.65,0.65,-1,-1,0.75,0.65,0.633492,0.046836
2,-1,1,0.7,0.7,-1,-1,0.75,0.65,0.636483,0.046279
2,-1,1,0.75,0.75,-1,-1,0.75,0.65,0.640353,0.045931
2,-1,1,0.8,0.8,-1,-1,0.75,0.65,0.643476,0.045373
2,-1,1,0.85,0.85,-1,-1,0.75,0.65,0.646906,0.045118
2,-1,1,0.9,0.9,-1,-1,0.75,0.65,0.651084,0.044955
2,-1,1,0.95,0.95,-1,-1,0.75,0.65,0.65623,0.044839
2,-1,1,1.0,1.0,-1,-1,0.75,0.65,0.668896,0.044816
2,-1,1,0.05,0.05,-1,-1,0.8,0.65,0.565328,0.075118
2,-1,1,0.1,0.1,-1,-1,0.8,0.65,0.583544,0.058681
2,-1,1,0.15,0.15,-1,-1,0.8,0.65,0.598002,0.049317
2,-1,1,0.2,0.2,-1,-1,0.8,0.65,0.608447,0.042473
2,-1,1,0.25,0.25,-1,-1,0.8,0.65,0.619721,0.037234
2,-1,1,0.3,0.3,-1,-1,0.8,0.65,0.628637,0.034222
2,-1,1,0.35,0.35,-1,-1,0.8,0.65,0.63558,0.031111
2,-1,1,0.4,0.4,-1,-1,0.8,0.65,0.643478,0.028917
2,-1,1,0.45,0.45,-1,-1,0.8,0.65,0.649655,0.026854
2,-1,1,0.5,0.5,-1,-1,0.8,0.65,0.656471,0.025577
2,-1,1,0.55,0.55,-1,-1,0.8,0.65,0.66233,0.024268
2,-1,1,0.6,0.6,-1,-1,0.8,0.65,0.668253,0.023285
2,-1,1,0.65,0.65,-1,-1,0.8,0.65,0.674177,0.022598
2,-1,1,0.7,0.7,-1,-1,0.8,0.65,0.678508,0.021812
2,-1,1,0.75,0.75,-1,-1,0.8,0.65,0.684112,0.021321
2,-1,1,0.8,0.8,-1,-1,0.8,0.65,0.688634,0.020535
2,-1,1,0.85,0.85,-1,-1,0.8,0.65,0.693602,0.020175
2,-1,1,0.9,0.9,-1,-1,0.8,0.65,0.699653,0.019945
2,-1,1,0.95,0.95,-1,-1,0.8,0.65,0.707105,0.019782
2,-1,1,1.0,1.0,-1,-1,0.8,0.65,0.725448,0.019749
2,-1,1,0.05,0.05,-1,-1,0.85,0.65,0.570671,0.071721
2,-1,1,0.1,0.1,-1,-1,0.85,0.65,0.59319,0.053474
2,-1,1,0.15,0.15,-1,-1,0.85,0.65,0.611064,0.043078
2,-1,1,0.2,0.2,-1,-1,0.85,0.65,0.623978,0.035481
2,-1,1,0.25,0.25,-1,-1,0.85,0.65,0.637915,0.029665
2,-1,1,0.3,0.3,-1,-1,0.85,0.65,0.648938,0.026321
2,-1,1,0.35,0.35,-1,-1,0.85,0.65,0.657521,0.022867
2,-1,1,0.4,0.4,-1,-1,0.85,0.65,0.667285,0.020432
2,-1,1,0.45,0.45,-1,-1,0.85,0.65,0.674922,0.018142
2,-1,1,0.5,0.5,-1,-1,0.85,0.65,0.683348,0.016724
2,-1,1,0.55,0.55,-1,-1,0.85,0.65,0.690592,0.01527
2,-1,1,0.6,0.6,-1,-1,0.85,0.65,0.697915,0.01418
2,-1,1,0.65,0.65,-1,-1,0.85,0.65,0.705237,0.013416
2,-1,1,0.7,0.7,-1,-1,0.85,0.65,0.710592,0.012544
2,-1,1,0.75,0.75,-1,-1,0.85,0.65,0.717521,0.011999
2,-1,1,0.8,0.8,-1,-1,0.85,0.65,0.723111,0.011126
2,-1,1,0.85,0.85,-1,-1,0.85,0.65,0.729253,0.010727
2,-1,1,0.9,0.9,-1,-1,0.85,0.65,0.736733,0.010472
2,-1,1,0.95,0.95,-1,-1,0.85,0.65,0.745946,0.01029
2,-1,1,1.0,1.0,-1,-1,0.85,0.65,0.768623,0.010254
2,-1,1,0.05,0.05,-1,-1,0.9,0.65,0.576464,0.069819
2,-1,1,0.1,0.1,-1,-1,0.9,0.65,0.603651,0.050558
2,-1,1,0.15,0.15,-1,-1,0.9,0.65,0.62523,0.039584
2,-1,1,0.2,0.2,-1,-1,0.9,0.65,0.64082,0.031565
2,-1,1,0.25,0.25,-1,-1,0.9,0.65,0.657645,0.025426
2,-1,1,0.3,0.3,-1,-1,0.9,0.65,0.670954,0.021896
2,-1,1,0.35,0.35,-1,-1,0.9,0.65,0.681315,0.018251
2,-1,1,0.4,0.4,-1,-1,0.9,0.65,0.693103,0.01568
2,-1,1,0.45,0.45,-1,-1,0.9,0.65,0.702324,0.013263
2,-1,1,0.5,0.5,-1,-1,0.9,0.65,0.712495,0.011767
2,-1,1,0.55,0.55,-1,-1,0.9,0.65,0.72124,0.010232
2,-1,1,0.6,0.6,-1,-1,0.9,0.65,0.730081,0.009081
2,-1,1,0.65,0.65,-1,-1,0.9,0.65,0.738922,0.008275
2,-1,1,0.7,0.7,-1,-1,0.9,0.65,0.745386,0.007354
2,-1,1,0.75,0.75,-1,-1,0.9,0.65,0.753751,0.006779
2,-1,1,0.8,0.8,-1,-1,0.9,0.65,0.7605,0.005858
2,-1,1,0.85,0.85,-1,-1,0.9,0.65,0.767915,0.005436
2,-1,1,0.9,0.9,-1,-1,0.9,0.65,0.776946,0.005167
2,-1,1,0.95,0.95,-1,-1,0.9,0.65,0.788068,0.004975
2,-1,1,1.0,1.0,-1,-1,0.9,0.65,0.815445,0.004937
2,-1,1,0.05,0.05,-1,-1,0.95,0.65,0.582897,0.06846
2,-1,1,0.1,0.1,-1,-1,0.95,0.65,0.615268,0.048475
2,-1,1,0.15,0.15,-1,-1,0.95,0.65,0.64096,0.037089
2,-1,1,0.2,0.2,-1,-1,0.95,0.65,0.659522,0.028768
2,-1,1,0.25,0.25,-1,-1,0.95,0.65,0.679555,0.022398
2,-1,1,0.3,0.3,-1,-1,0.95,0.65,0.695401,0.018736
2,-1,1,0.35,0.35,-1,-1,0.95,0.65,0.707737,0.014954
2,-1,1,0.4,0.4,-1,-1,0.95,0.65,0.721772,0.012286
2,-1,1,0.45,0.45,-1,-1,0.95,0.65,0.73275,0.009778
2,-1,1,0.5,0.5,-1,-1,0.95,0.65,0.744861,0.008225
2,-1,1,0.55,0.55,-1,-1,0.95,0.65,0.755274,0.006633
2,-1,1,0.6,0.6,-1,-1,0.95,0.65,0.7658,0.005439
2,-1,1,0.65,0.65,-1,-1,0.95,0.65,0.776325,0.004603
2,-1,1,0.7,0.7,-1,-1,0.95,0.65,0.784022,0.003647
2,-1,1,0.75,0.75,-1,-1,0.95,0.65,0.793982,0.00305
2,-1,1,0.8,0.8,-1,-1,0.95,0.65,0.802018,0.002094
2,-1,1,0.85,0.85,-1,-1,0.95,0.65,0.810846,0.001657
2,-1,1,0.9,0.9,-1,-1,0.95,0.65,0.821598,0.001378
2,-1,1,0.95,0.95,-1,-1,0.95,0.65,0.834841,0.001179
2,-1,1,1.0,1.0,-1,-1,0.95,0.65,0.867437,0.001139
2,-1,1,0.05,0.05,-1,-1,1.0,0.65,0.5993,0.068053
2,-1,1,0.1,0.1,-1,-1,1.0,0.65,0.644885,0.04785
2,-1,1,0.15,0.15,-1,-1,1.0,0.65,0.681066,0.036341
2,-1,1,0.2,0.2,-1,-1,1.0,0.65,0.707206,0.02793
2,-1,1,0.25,0.25,-1,-1,1.0,0.65,0.735417,0.02149
2,-1,1,0.3,0.3,-1,-1,1.0,0.65,0.757732,0.017788
2,-1,1,0.35,0.35,-1,-1,1.0,0.65,0.775105,0.013965
2,-1,1,0.4,0.4,-1,-1,1.0,0.65,0.794869,0.011268
2,-1,1,0.45,0.45,-1,-1,1.0,0.65,0.810329,0.008733
2,-1,1,0.5,0.5,-1,-1,1.0,0.65,0.827384,0.007163
2,-1,1,0.55,0.55,-1,-1,1.0,0.65,0.842047,0.005554
2,-1,1,0.6,0.6,-1,-1,1.0,0.65,0.85687,0.004346
2,-1,1,0.65,0.65,-1,-1,1.0,0.65,0.871693,0.003501
2,-1,1,0.7,0.7,-1,-1,1.0,0.65,0.882532,0.002535
2,-1,1,0.75,0.75,-1,-1,1.0,0.65,0.896558,0.001932
2,-1,1,0.8,0.8,-1,-1,1.0,0.65,0.907874,0.000966
2,-1,1,0.85,0.85,-1,-1,1.0,0.65,0.920306,0.000523
2,-1,1,0.9,0.9,-1,-1,1.0,0.65,0.935448,0.000241
2,-1,1,0.95,0.95,-1,-1,1.0,0.65,0.954097,4e-05
2,-1,1,1.0,1.0,-1,-1,1.0,0.65,1.0,0.0
2,-1,1,0.05,0.05,-1,-1,0.7,0.7,0.61356,0.070262
2,-1,1,0.1,0.1,-1,-1,0.7,0.7,0.61356,0.070262
2,-1,1,0.15,0.15,-1,-1,0.7,0.7,0.61356,0.070262
2,-1,1,0.2,0.2,-1,-1,0.7,0.7,0.61356,0.070262
2,-1,1,0.25,0.25,-1,-1,0.7,0.7,0.61356,0.070262
2,-1,1,0.3,0.3,-1,-1,0.7,0.7,0.61356,0.070262
2,-1,1,0.35,0.35,-1,-1,0.7,0.7,0.61356,0.070262
2,-1,1,0.4,0.4,-1,-1,0.7,0.7,0.61356,0.070262
2,-1,1,0.45,0.45,-1,-1,0.7,0.7,0.61356,0.070262
2,-1,1,0.5,0.5,-1,-1,0.7,0.7,0.61356,0.070262
2,-1,1,0.55,0.55,-1,-1,0.7,0.7,0.61356,0.070262
2,-1,1,0.6,0.6,-1,-1,0.7,0.7,0.61356,0.070262
2,-1,1,0.65,0.65,-1,-1,0.7,0.7,0.61356,0.070262
2,-1,1,0.7,0.7,-1,-1,0.7,0.7,0.61356,0.070262
2,-1,1,0.75,0.75,-1,-1,0.7,0.7,0.61356,0.070262
2,-1,1,0.8,0.8,-1,-1,0.7,0.7,0.61356,0.070262
2,-1,1,0.85,0.85,-1,-1,0.7,0.7,0.61356,0.070262
2,-1,1,0.9,0.9,-1,-1,0.7,0.7,0.61356,0.070262
2,-1,1,0.95,0.95,-1,-1,0.7,0.7,0.61356,0.070262
2,-1,1,1.0,1.0,-1,-1,0.7,0.7,0.61356,0.070262
2,-1,1,0.05,0.05,-1,-1,0.75,0.7,0.620407,0.061158
2,-1,1,0.1,0.1,-1,-1,0.75,0.7,0.625923,0.056307
2,-1,1,0.15,0.15,-1,-1,0.75,0.7,0.630302,0.053543
2,-1,1,0.2,0.2,-1,-1,0.75,0.7,0.633465,0.051523
2,-1,1,0.25,0.25,-1,-1,0.75,0.7,0.636879,0.049977
2,-1,1,0.3,0.3,-1,-1,0.75,0.7,0.639579,0.049088
2,-1,1,0.35,0.35,-1,-1,0.75,0.7,0.641681,0.04817
2,-1,1,0.4,0.4,-1,-1,0.75,0.7,0.644073,0.047522
2,-1,1,0.45,0.45,-1,-1,0.75,0.7,0.645944,0.046913
2,-1,1,0.5,0.5,-1,-1,0.75,0.7,0.648008,0.046536
2,-1,1,0.55,0.55,-1,-1,0.75,0.7,0.649782,0.04615
2,-1,1,0.6,0.6,-1,-1,0.75,0.7,0.651576,0.04586
2,-1,1,0.65,0.65,-1,-1,0.75,0.7,0.653369,0.045657
2,-1,1,0.7,0.7,-1,-1,0.75,0.7,0.654681,0.045425
2,-1,1,0.75,0.75,-1,-1,0.75,0.7,0.656378,0.04528
2,-1,1,0.8,0.8,-1,-1,0.75,0.7,0.657748,0.045048
2,-1,1,0.85,0.85,-1,-1,0.75,0.7,0.659252,0.044942
2,-1,1,0.9,0.9,-1,-1,0.75,0.7,0.661085,0.044874
2,-1,1,0.95,0.95,-1,-1,0.75,0.7,0.663341,0.044826
2,-1,1,1.0,1.0,-1,-1,0.75,0.7,0.668896,0.044816
2,-1,1,0.05,0.05,-1,-1,0.8,0.7,0.627405,0.05219
2,-1,1,0.1,0.1,-1,-1,0.8,0.7,0.638558,0.042559
2,-1,1,0.15,0.15,-1,-1,0.8,0.7,0.647411,0.037073
2,-1,1,0.2,0.2,-1,-1,0.8,0.7,0.653807,0.033063
2,-1,1,0.25,0.25,-1,-1,0.8,0.7,0.66071,0.029994
2,-1,1,0.3,0.3,-1,-1,0.8,0.7,0.66617,0.028229
2,-1,1,0.35,0.35,-1,-1,0.8,0.7,0.67042,0.026406
2,-1,1,0.4,0.4,-1,-1,0.8,0.7,0.675256,0.025121
2,-1,1,0.45,0.45,-1,-1,0.8,0.7,0.679039,0.023912
2,-1,1,0.5,0.5,-1,-1,0.8,0.7,0.683212,0.023164
2,-1,1,0.55,0.55,-1,-1,0.8,0.7,0.6868,0.022396
2,-1,1,0.6,0.6,-1,-1,0.8,0.7,0.690427,0.021821
2,-1,1,0.65,0.65,-1,-1,0.8,0.7,0.694054,0.021418
2,-1,1,0.7,0.7,-1,-1,0.8,0.7,0.696706,0.020958
2,-1,1,0.75,0.75,-1,-1,0.8,0.7,0.700138,0.02067
2,-1,1,0.8,0.8,-1,-1,0.8,0.7,0.702907,0.020209
2,-1,1,0.85,0.85,-1,-1,0.8,0.7,0.705948,0.019998
2,-1,1,0.9,0.9,-1,-1,0.8,0.7,0.709653,0.019864
2,-1,1,0.95,0.95,-1,-1,0.8,0.7,0.714216,0.019768
2,-1,1,1.0,1.0,-1,-1,0.8,0.7,0.725448,0.019749
2,-1,1,0.05,0.05,-1,-1,0.85,0.7,0.632747,0.048793
2,-1,1,0.1,0.1,-1,-1,0.85,0.7,0.648205,0.037352
2,-1,1,0.15,0.15,-1,-1,0.85,0.7,0.660473,0.030834
2,-1,1,0.2,0.2,-1,-1,0.85,0.7,0.669337,0.026071
2,-1,1,0.25,0.25,-1,-1,0.85,0.7,0.678904,0.022424
2,-1,1,0.3,0.3,-1,-1,0.85,0.7,0.68647,0.020327
2,-1,1,0.35,0.35,-1,-1,0.85,0.7,0.692362,0.018162
2,-1,1,0.4,0.4,-1,-1,0.85,0.7,0.699064,0.016635
2,-1,1,0.45,0.45,-1,-1,0.85,0.7,0.704306,0.0152
2,-1,1,0.5,0.5,-1,-1,0.85,0.7,0.710089,0.014311
2,-1,1,0.55,0.55,-1,-1,0.85,0.7,0.715062,0.013399
2,-1,1,0.6,0.6,-1,-1,0.85,0.7,0.720088,0.012715
2,-1,1,0.65,0.65,-1,-1,0.85,0.7,0.725114,0.012237
2,-1,1,0.7,0.7,-1,-1,0.85,0.7,0.72879,0.01169
2,-1,1,0.75,0.75,-1,-1,0.85,0.7,0.733546,0.011348
2,-1,1,0.8,0.8,-1,-1,0.85,0.7,0.737383,0.010801
2,-1,1,0.85,0.85,-1,-1,0.85,0.7,0.741599,0.01055
2,-1,1,0.9,0.9,-1,-1,0.85,0.7,0.746734,0.010391
2,-1,1,0.95,0.95,-1,-1,0.85,0.7,0.753057,0.010277
2,-1,1,1.0,1.0,-1,-1,0.85,0.7,0.768623,0.010254
2,-1,1,0.05,0.05,-1,-1,0.9,0.7,0.63854,0.046891
2,-1,1,0.1,0.1,-1,-1,0.9,0.7,0.658666,0.034436
2,-1,1,0.15,0.15,-1,-1,0.9,0.7,0.674639,0.027341
2,-1,1,0.2,0.2,-1,-1,0.9,0.7,0.686179,0.022155
2,-1,1,0.25,0.25,-1,-1,0.9,0.7,0.698635,0.018186
2,-1,1,0.3,0.3,-1,-1,0.9,0.7,0.708486,0.015903
2,-1,1,0.35,0.35,-1,-1,0.9,0.7,0.716156,0.013546
2,-1,1,0.4,0.4,-1,-1,0.9,0.7,0.724882,0.011884
2,-1,1,0.45,0.45,-1,-1,0.9,0.7,0.731707,0.010321
2,-1,1,0.5,0.5,-1,-1,0.9,0.7,0.739237,0.009353
2,-1,1,0.55,0.55,-1,-1,0.9,0.7,0.74571,0.008361
2,-1,1,0.6,0.6,-1,-1,0.9,0.7,0.752255,0.007617
2,-1,1,0.65,0.65,-1,-1,0.9,0.7,0.758799,0.007095
2,-1,1,0.7,0.7,-1,-1,0.9,0.7,0.763584,0.0065
2,-1,1,0.75,0.75,-1,-1,0.9,0.7,0.769776,0.006128
2,-1,1,0.8,0.8,-1,-1,0.9,0.7,0.774772,0.005532
2,-1,1,0.85,0.85,-1,-1,0.9,0.7,0.780261,0.00526
2,-1,1,0.9,0.9,-1,-1,0.9,0.7,0.786946,0.005086
2,-1,1,0.95,0.95,-1,-1,0.9,0.7,0.795179,0.004962
2,-1,1,1.0,1.0,-1,-1,0.9,0.7,0.815445,0.004937
2,-1,1,0.05,0.05,-1,-1,0.95,0.7,0.644974,0.045532
2,-1,1,0.1,0.1,-1,-1,0.95,0.7,0.670282,0.032353
2,-1,1,0.15,0.15,-1,-1,0.95,0.7,0.690369,0.024845
2,-1,1,0.2,0.2,-1,-1,0.95,0.7,0.704881,0.019358
2,-1,1,0.25,0.25,-1,-1,0.95,0.7,0.720544,0.015158
2,-1,1,0.3,0.3,-1,-1,0.95,0.7,0.732933,0.012743
2,-1,1,0.35,0.35,-1,-1,0.95,0.7,0.742578,0.010249
2,-1,1,0.4,0.4,-1,-1,0.95,0.7,0.753551,0.00849
2,-1,1,0.45,0.45,-1,-1,0.95,0.7,0.762134,0.006836
2,-1,1,0.5,0.5,-1,-1,0.95,0.7,0.771603,0.005812
2,-1,1,0.55,0.55,-1,-1,0.95,0.7,0.779744,0.004762
2,-1,1,0.6,0.6,-1,-1,0.95,0.7,0.787973,0.003974
2,-1,1,0.65,0.65,-1,-1,0.95,0.7,0.796203,0.003423
2,-1,1,0.7,0.7,-1,-1,0.95,0.7,0.80222,0.002793
2,-1,1,0.75,0.75,-1,-1,0.95,0.7,0.810007,0.002399
2,-1,1,0.8,0.8,-1,-1,0.95,0.7,0.81629,0.001769
2,-1,1,0.85,0.85,-1,-1,0.95,0.7,0.823192,0.00148
2,-1,1,0.9,0.9,-1,-1,0.95,0.7,0.831599,0.001297
2,-1,1,0.95,0.95,-1,-1,0.95,0.7,0.841952,0.001165
2,-1,1,1.0,1.0,-1,-1,0.95,0.7,0.867437,0.001139
2,-1,1,0.05,0.05,-1,-1,1.0,0.7,0.661377,0.045125
2,-1,1,0.1,0.1,-1,-1,1.0,0.7,0.6999,0.031729
2,-1,1,0.15,0.15,-1,-1,1.0,0.7,0.730475,0.024097
2,-1,1,0.2,0.2,-1,-1,1.0,0.7,0.752565,0.01852
2,-1,1,0.25,0.25,-1,-1,1.0,0.7,0.776406,0.01425
2,-1,1,0.3,0.3,-1,-1,1.0,0.7,0.795264,0.011795
2,-1,1,0.35,0.35,-1,-1,1.0,0.7,0.809945,0.00926
2,-1,1,0.4,0.4,-1,-1,1.0,0.7,0.826648,0.007472
2,-1,1,0.45,0.45,-1,-1,1.0,0.7,0.839713,0.005791
2,-1,1,0.5,0.5,-1,-1,1.0,0.7,0.854125,0.00475
2,-1,1,0.55,0.55,-1,-1,1.0,0.7,0.866517,0.003683
2,-1,1,0.6,0.6,-1,-1,1.0,0.7,0.879044,0.002882
2,-1,1,0.65,0.65,-1,-1,1.0,0.7,0.89157,0.002322
2,-1,1,0.7,0.7,-1,-1,1.0,0.7,0.90073,0.001681
2,-1,1,0.75,0.75,-1,-1,1.0,0.7,0.912583,0.001281
2,-1,1,0.8,0.8,-1,-1,1.0,0.7,0.922146,0.00064
2,-1,1,0.85,0.85,-1,-1,1.0,0.7,0.932652,0.000347
2,-1,1,0.9,0.9,-1,-1,1.0,0.7,0.945449,0.00016
2,-1,1,0.95,0.95,-1,-1,1.0,0.7,0.961208,2.7e-05
2,-1,1,1.0,1.0,-1,-1,1.0,0.7,1.0,0.0
2,-1,1,0.05,0.05,-1,-1,0.75,0.75,0.668896,0.044816
2,-1,1,0.1,0.1,-1,-1,0.75,0.75,0.668896,0.044816
2,-1,1,0.15,0.15,-1,-1,0.75,0.75,0.668896,0.044816
2,-1,1,0.2,0.2,-1,-1,0.75,0.75,0.668896,0.044816
2,-1,1,0.25,0.25,-1,-1,0.75,0.75,0.668896,0.044816
2,-1,1,0.3,0.3,-1,-1,0.75,0.75,0.668896,0.044816
2,-1,1,0.35,0.35,-1,-1,0.75,0.75,0.668896,0.044816
2,-1,1,0.4,0.4,-1,-1,0.75,0.75,0.668896,0.044816
2,-1,1,0.45,0.45,-1,-1,0.75,0.75,0.668896,0.044816
2,-1,1,0.5,0.5,-1,-1,0.75,0.75,0.668896,0.044816
2,-1,1,0.55,0.55,-1,-1,0.75,0.75,0.668896,0.044816
2,-1,1,0.6,0.6,-1,-1,0.75,0.75,0.668896,0.044816
2,-1,1,0.65,0.65,-1,-1,0.75,0.75,0.668896,0.044816
2,-1,1,0.7,0.7,-1,-1,0.75,0.75,0.668896,0.044816
2,-1,1,0.75,0.75,-1,-1,0.75,0.75,0.668896,0.044816
2,-1,1,0.8,0.8,-1,-1,0.75,0.75,0.668896,0.044816
2,-1,1,0.85,0.85,-1,-1,0.75,0.75,0.668896,0.044816
2,-1,1,0.9,0.9,-1,-1,0.75,0.75,0.668896,0.044816
2,-1,1,0.95,0.95,-1,-1,0.75,0.75,0.668896,0.044816
2,-1,1,1.0,1.0,-1,-1,0.75,0.75,0.668896,0.044816
2,-1,1,0.05,0.05,-1,-1,0.8,0.75,0.675894,0.035848
2,-1,1,0.1,0.1,-1,-1,0.8,0.75,0.681531,0.031069
2,-1,1,0.15,0.15,-1,-1,0.8,0.75,0.686005,0.028346
2,-1,1,0.2,0.2,-1,-1,0.8,0.75,0.689238,0.026356
2,-1,1,0.25,0.25,-1,-1,0.8,0.75,0.692727,0.024833
2,-1,1,0.3,0.3,-1,-1,0.8,0.75,0.695487,0.023957
2,-1,1,0.35,0.35,-1,-1,0.8,0.75,0.697635,0.023053
2,-1,1,0.4,0.4,-1,-1,0.8,0.75,0.700079,0.022415
2,-1,1,0.45,0.45,-1,-1,0.8,0.75,0.701991,0.021815
2,-1,1,0.5,0.5,-1,-1,0.8,0.75,0.704101,0.021444
2,-1,1,0.55,0.55,-1,-1,0.8,0.75,0.705914,0.021063
2,-1,1,0.6,0.6,-1,-1,0.8,0.75,0.707747,0.020777
2,-1,1,0.65,0.65,-1,-1,0.8,0.75,0.70958,0.020577
2,-1,1,0.7,0.7,-1,-1,0.8,0.75,0.710921,0.020349
2,-1,1,0.75,0.75,-1,-1,0.8,0.75,0.712655,0.020206
2,-1,1,0.8,0.8,-1,-1,0.8,0.75,0.714055,0.019977
2,-1,1,0.85,0.85,-1,-1,0.8,0.75,0.715592,0.019873
2,-1,1,0.9,0.9,-1,-1,0.8,0.75,0.717465,0.019806
2,-1,1,0.95,0.95,-1,-1,0.8,0.75,0.719771,0.019759
2,-1,1,1.0,1.0,-1,-1,0.8,0.75,0.725448,0.019749
2,-1,1,0.05,0.05,-1,-1,0.85,0.75,0.681236,0.032451
2,-1,1,0.1,0.1,-1,-1,0.85,0.75,0.691177,0.025861
2,-1,1,0.15,0.15,-1,-1,0.85,0.75,0.699068,0.022107
2,-1,1,0.2,0.2,-1,-1,0.85,0.75,0.704768,0.019364
2,-1,1,0.25,0.25,-1,-1,0.85,0.75,0.710921,0.017264
2,-1,1,0.3,0.3,-1,-1,0.85,0.75,0.715788,0.016056
2,-1,1,0.35,0.35,-1,-1,0.85,0.75,0.719576,0.014809
2,-1,1,0.4,0.4,-1,-1,0.85,0.75,0.723887,0.013929
2,-1,1,0.45,0.45,-1,-1,0.85,0.75,0.727258,0.013102
2,-1,1,0.5,0.5,-1,-1,0.85,0.75,0.730978,0.01259
2,-1,1,0.55,0.55,-1,-1,0.85,0.75,0.734176,0.012065
2,-1,1,0.6,0.6,-1,-1,0.85,0.75,0.737408,0.011672
2,-1,1,0.65,0.65,-1,-1,0.85,0.75,0.740641,0.011396
2,-1,1,0.7,0.7,-1,-1,0.85,0.75,0.743005,0.011081
2,-1,1,0.75,0.75,-1,-1,0.85,0.75,0.746064,0.010884
2,-1,1,0.8,0.8,-1,-1,0.85,0.75,0.748532,0.010569
2,-1,1,0.85,0.85,-1,-1,0.85,0.75,0.751243,0.010425
2,-1,1,0.9,0.9,-1,-1,0.85,0.75,0.754545,0.010333
2,-1,1,0.95,0.95,-1,-1,0.85,0.75,0.758612,0.010267
2,-1,1,1.0,1.0,-1,-1,0.85,0.75,0.768623,0.010254
2,-1,1,0.05,0.05,-1,-1,0.9,0.75,0.687029,0.030549
2,-1,1,0.1,0.1,-1,-1,0.9,0.75,0.701638,0.022945
2,-1,1,0.15,0.15,-1,-1,0.9,0.75,0.713234,0.018614
2,-1,1,0.2,0.2,-1,-1,0.9,0.75,0.721611,0.015448
2,-1,1,0.25,0.25,-1,-1,0.9,0.75,0.730652,0.013025
2,-1,1,0.3,0.3,-1,-1,0.9,0.75,0.737803,0.011631
2,-1,1,0.35,0.35,-1,-1,0.9,0.75,0.743371,0.010193
2,-1,1,0.4,0.4,-1,-1,0.9,0.75,0.749705,0.009178
2,-1,1,0.45,0.45,-1,-1,0.9,0.75,0.75466,0.008224
2,-1,1,0.5,0.5,-1,-1,0.9,0.75,0.760125,0.007633
2,-1,1,0.55,0.55,-1,-1,0.9,0.75,0.764824,0.007027
2,-1,1,0.6,0.6,-1,-1,0.9,0.75,0.769575,0.006573
2,-1,1,0.65,0.65,-1,-1,0.9,0.75,0.774325,0.006255
2,-1,1,0.7,0.7,-1,-1,0.9,0.75,0.777799,0.005891
2,-1,1,0.75,0.75,-1,-1,0.9,0.75,0.782294,0.005664
2,-1,1,0.8,0.8,-1,-1,0.9,0.75,0.785921,0.0053
2,-1,1,0.85,0.85,-1,-1,0.9,0.75,0.789905,0.005134
2,-1,1,0.9,0.9,-1,-1,0.9,0.75,0.794758,0.005028
2,-1,1,0.95,0.95,-1,-1,0.9,0.75,0.800734,0.004952
2,-1,1,1.0,1.0,-1,-1,0.9,0.75,0.815445,0.004937
2,-1,1,0.05,0.05,-1,-1,0.95,0.75,0.693463,0.02919
2,-1,1,0.1,0.1,-1,-1,0.95,0.75,0.713255,0.020862
2,-1,1,0.15,0.15,-1,-1,0.95,0.75,0.728963,0.016118
2,-1,1,0.2,0.2,-1,-1,0.95,0.75,0.740313,0.012651
2,-1,1,0.25,0.25,-1,-1,0.95,0.75,0.752561,0.009997
2,-1,1,0.3,0.3,-1,-1,0.95,0.75,0.76225,0.008471
2,-1,1,0.35,0.35,-1,-1,0.95,0.75,0.769793,0.006895
2,-1,1,0.4,0.4,-1,-1,0.95,0.75,0.778374,0.005784
2,-1,1,0.45,0.45,-1,-1,0.95,0.75,0.785086,0.004739
2,-1,1,0.5,0.5,-1,-1,0.95,0.75,0.792491,0.004092
2,-1,1,0.55,0.55,-1,-1,0.95,0.75,0.798858,0.003428
2,-1,1,0.6,0.6,-1,-1,0.95,0.75,0.805293,0.002931
2,-1,1,0.65,0.65,-1,-1,0.95,0.75,0.811729,0.002582
2,-1,1,0.7,0.7,-1,-1,0.95,0.75,0.816435,0.002184
2,-1,1,0.75,0.75,-1,-1,0.95,0.75,0.822525,0.001935
2,-1,1,0.8,0.8,-1,-1,0.95,0.75,0.827438,0.001537
2,-1,1,0.85,0.85,-1,-1,0.95,0.75,0.832836,0.001355
2,-1,1,0.9,0.9,-1,-1,0.95,0.75,0.83941,0.001239
2,-1,1,0.95,0.95,-1,-1,0.95,0.75,0.847507,0.001156
2,-1,1,1.0,1.0,-1,-1,0.95,0.75,0.867437,0.001139
2,-1,1,0.05,0.05,-1,-1,1.0,0.75,0.709865,0.028782
2,-1,1,0.1,0.1,-1,-1,1.0,0.75,0.742872,0.020238
2,-1,1,0.15,0.15,-1,-1,1.0,0.75,0.76907,0.01537
2,-1,1,0.2,0.2,-1,-1,1.0,0.75,0.787996,0.011813
2,-1,1,0.25,0.25,-1,-1,1.0,0.75,0.808424,0.009089
2,-1,1,0.3,0.3,-1,-1,1.0,0.75,0.824581,0.007523
2,-1,1,0.35,0.35,-1,-1,1.0,0.75,0.83716,0.005906
2,-1,1,0.4,0.4,-1,-1,1.0,0.75,0.851471,0.004766
2,-1,1,0.45,0.45,-1,-1,1.0,0.75,0.862665,0.003694
2,-1,1,0.5,0.5,-1,-1,1.0,0.75,0.875014,0.00303
2,-1,1,0.55,0.55,-1,-1,1.0,0.75,0.885631,0.002349
2,-1,1,0.6,0.6,-1,-1,1.0,0.75,0.896364,0.001838
2,-1,1,0.65,0.65,-1,-1,1.0,0.75,0.907097,0.001481
2,-1,1,0.7,0.7,-1,-1,1.0,0.75,0.914945,0.001072
2,-1,1,0.75,0.75,-1,-1,1.0,0.75,0.925101,0.000817
2,-1,1,0.8,0.8,-1,-1,1.0,0.75,0.933294,0.000408
2,-1,1,0.85,0.85,-1,-1,1.0,0.75,0.942296,0.000221
2,-1,1,0.9,0.9,-1,-1,1.0,0.75,0.95326,0.000102
2,-1,1,0.95,0.95,-1,-1,1.0,0.75,0.966763,1.7e-05
2,-1,1,1.0,1.0,-1,-1,1.0,0.75,1.0,0.0
2,-1,1,0.05,0.05,-1,-1,0.8,0.8,0.725448,0.019749
2,-1,1,0.1,0.1,-1,-1,0.8,0.8,0.725448,0.019749
2,-1,1,0.15,0.15,-1,-1,0.8,0.8,0.725448,0.019749
2,-1,1,0.2,0.2,-1,-1,0.8,0.8,0.725448,0.019749
2,-1,1,0.25,0.25,-1,-1,0.8,0.8,0.725448,0.019749
2,-1,1,0.3,0.3,-1,-1,0.8,0.8,0.725448,0.019749
2,-1,1,0.35,0.35,-1,-1,0.8,0.8,0.725448,0.019749
2,-1,1,0.4,0.4,-1,-1,0.8,0.8,0.725448,0.019749
2,-1,1,0.45,0.45,-1,-1,0.8,0.8,0.725448,0.019749
2,-1,1,0.5,0.5,-1,-1,0.8,0.8,0.725448,0.019749
2,-1,1,0.55,0.55,-1,-1,0.8,0.8,0.725448,0.019749
2,-1,1,0.6,0.6,-1,-1,0.8,0.8,0.725448,0.019749
2,-1,1,0.65,0.65,-1,-1,0.8,0.8,0.725448,0.019749
2,-1,1,0.7,0.7,-1,-1,0.8,0.8,0.725448,0.019749
2,-1,1,0.75,0.75,-1,-1,0.8,0.8,0.725448,0.019749
2,-1,1,0.8,0.8,-1,-1,0.8,0.8,0.725448,0.019749
2,-1,1,0.85,0.85,-1,-1,0.8,0.8,0.725448,0.019749
2,-1,1,0.9,0.9,-1,-1,0.8,0.8,0.725448,0.019749
2,-1,1,0.95,0.95,-1,-1,0.8,0.8,0.725448,0.019749
2,-1,1,1.0,1.0,-1,-1,0.8,0.8,0.725448,0.019749
2,-1,1,0.05,0.05,-1,-1,0.85,0.8,0.73079,0.016352
2,-1,1,0.1,0.1,-1,-1,0.85,0.8,0.735094,0.014542
2,-1,1,0.15,0.15,-1,-1,0.85,0.8,0.73851,0.01351
2,-1,1,0.2,0.2,-1,-1,0.85,0.8,0.740978,0.012757
2,-1,1,0.25,0.25,-1,-1,0.85,0.8,0.743642,0.01218
2,-1,1,0.3,0.3,-1,-1,0.85,0.8,0.745749,0.011848
2,-1,1,0.35,0.35,-1,-1,0.85,0.8,0.747389,0.011505
2,-1,1,0.4,0.4,-1,-1,0.85,0.8,0.749255,0.011264
2,-1,1,0.45,0.45,-1,-1,0.85,0.8,0.750715,0.011037
2,-1,1,0.5,0.5,-1,-1,0.85,0.8,0.752325,0.010896
2,-1,1,0.55,0.55,-1,-1,0.85,0.8,0.75371,0.010752
2,-1,1,0.6,0.6,-1,-1,0.85,0.8,0.755109,0.010643
2,-1,1,0.65,0.65,-1,-1,0.85,0.8,0.756509,0.010568
2,-1,1,0.7,0.7,-1,-1,0.85,0.8,0.757532,0.010481
2,-1,1,0.75,0.75,-1,-1,0.85,0.8,0.758856,0.010427
2,-1,1,0.8,0.8,-1,-1,0.85,0.8,0.759925,0.010341
2,-1,1,0.85,0.85,-1,-1,0.85,0.8,0.761099,0.010301
2,-1,1,0.9,0.9,-1,-1,0.85,0.8,0.762528,0.010276
2,-1,1,0.95,0.95,-1,-1,0.85,0.8,0.764289,0.010258
2,-1,1,1.0,1.0,-1,-1,0.85,0.8,0.768623,0.010254
2,-1,1,0.05,0.05,-1,-1,0.9,0.8,0.736584,0.01445
2,-1,1,0.1,0.1,-1,-1,0.9,0.8,0.745555,0.011626
2,-1,1,0.15,0.15,-1,-1,0.9,0.8,0.752676,0.010017
2,-1,1,0.2,0.2,-1,-1,0.9,0.8,0.757821,0.008841
2,-1,1,0.25,0.25,-1,-1,0.9,0.8,0.763373,0.007941
2,-1,1,0.3,0.3,-1,-1,0.9,0.8,0.767764,0.007423
2,-1,1,0.35,0.35,-1,-1,0.9,0.8,0.771184,0.006889
2,-1,1,0.4,0.4,-1,-1,0.9,0.8,0.775073,0.006512
2,-1,1,0.45,0.45,-1,-1,0.9,0.8,0.778116,0.006158
2,-1,1,0.5,0.5,-1,-1,0.9,0.8,0.781473,0.005938
2,-1,1,0.55,0.55,-1,-1,0.9,0.8,0.784359,0.005713
2,-1,1,0.6,0.6,-1,-1,0.9,0.8,0.787276,0.005545
2,-1,1,0.65,0.65,-1,-1,0.9,0.8,0.790193,0.005426
2,-1,1,0.7,0.7,-1,-1,0.9,0.8,0.792326,0.005291
2,-1,1,0.75,0.75,-1,-1,0.9,0.8,0.795087,0.005207
2,-1,1,0.8,0.8,-1,-1,0.9,0.8,0.797314,0.005072
2,-1,1,0.85,0.85,-1,-1,0.9,0.8,0.799761,0.00501
2,-1,1,0.9,0.9,-1,-1,0.9,0.8,0.802741,0.004971
2,-1,1,0.95,0.95,-1,-1,0.9,0.8,0.806411,0.004943
2,-1,1,1.0,1.0,-1,-1,0.9,0.8,0.815445,0.004937
2,-1,1,0.05,0.05,-1,-1,0.95,0.8,0.743017,0.013091
2,-1,1,0.1,0.1,-1,-1,0.95,0.8,0.757172,0.009543
2,-1,1,0.15,0.15,-1,-1,0.95,0.8,0.768406,0.007521
2,-1,1,0.2,0.2,-1,-1,0.95,0.8,0.776522,0.006044
2,-1,1,0.25,0.25,-1,-1,0.95,0.8,0.785282,0.004913
2,-1,1,0.3,0.3,-1,-1,0.95,0.8,0.792211,0.004263
2,-1,1,0.35,0.35,-1,-1,0.95,0.8,0.797606,0.003592
2,-1,1,0.4,0.4,-1,-1,0.95,0.8,0.803742,0.003118
2,-1,1,0.45,0.45,-1,-1,0.95,0.8,0.808543,0.002673
2,-1,1,0.5,0.5,-1,-1,0.95,0.8,0.813839,0.002397
2,-1,1,0.55,0.55,-1,-1,0.95,0.8,0.818392,0.002114
2,-1,1,0.6,0.6,-1,-1,0.95,0.8,0.822994,0.001902
2,-1,1,0.65,0.65,-1,-1,0.95,0.8,0.827597,0.001754
2,-1,1,0.7,0.7,-1,-1,0.95,0.8,0.830962,0.001584
2,-1,1,0.75,0.75,-1,-1,0.95,0.8,0.835318,0.001478
2,-1,1,0.8,0.8,-1,-1,0.95,0.8,0.838831,0.001309
2,-1,1,0.85,0.85,-1,-1,0.95,0.8,0.842692,0.001231
2,-1,1,0.9,0.9,-1,-1,0.95,0.8,0.847393,0.001181
2,-1,1,0.95,0.95,-1,-1,0.95,0.8,0.853184,0.001146
2,-1,1,1.0,1.0,-1,-1,0.95,0.8,0.867437,0.001139
2,-1,1,0.05,0.05,-1,-1,1.0,0.8,0.75942,0.012683
2,-1,1,0.1,0.1,-1,-1,1.0,0.8,0.786789,0.008918
2,-1,1,0.15,0.15,-1,-1,1.0,0.8,0.808512,0.006773
2,-1,1,0.2,0.2,-1,-1,1.0,0.8,0.824206,0.005205
2,-1,1,0.25,0.25,-1,-1,1.0,0.8,0.841144,0.004005
2,-1,1,0.3,0.3,-1,-1,1.0,0.8,0.854542,0.003315
2,-1,1,0.35,0.35,-1,-1,1.0,0.8,0.864973,0.002603
2,-1,1,0.4,0.4,-1,-1,1.0,0.8,0.876839,0.0021
2,-1,1,0.45,0.45,-1,-1,1.0,0.8,0.886122,0.001628
2,-1,1,0.5,0.5,-1,-1,1.0,0.8,0.896361,0.001335
2,-1,1,0.55,0.55,-1,-1,1.0,0.8,0.905165,0.001035
2,-1,1,0.6,0.6,-1,-1,1.0,0.8,0.914065,0.00081
2,-1,1,0.65,0.65,-1,-1,1.0,0.8,0.922965,0.000653
2,-1,1,0.7,0.7,-1,-1,1.0,0.8,0.929472,0.000473
2,-1,1,0.75,0.75,-1,-1,1.0,0.8,0.937893,0.00036
2,-1,1,0.8,0.8,-1,-1,1.0,0.8,0.944688,0.00018
2,-1,1,0.85,0.85,-1,-1,1.0,0.8,0.952152,9.8e-05
2,-1,1,0.9,0.9,-1,-1,1.0,0.8,0.961243,4.5e-05
2,-1,1,0.95,0.95,-1,-1,1.0,0.8,0.97244,8e-06
2,-1,1,1.0,1.0,-1,-1,1.0,0.8,1.0,0.0
2,-1,1,0.05,0.05,-1,-1,0.85,0.85,0.768623,0.010254
2,-1,1,0.1,0.1,-1,-1,0.85,0.85,0.768623,0.010254
2,-1,1,0.15,0.15,-1,-1,0.85,0.85,0.768623,0.010254
2,-1,1,0.2,0.2,-1,-1,0.85,0.85,0.768623,0.010254
2,-1,1,0.25,0.25,-1,-1,0.85,0.85,0.768623,0.010254
2,-1,1,0.3,0.3,-1,-1,0.85,0.85,0.768623,0.010254
2,-1,1,0.35,0.35,-1,-1,0.85,0.85,0.768623,0.010254
2,-1,1,0.4,0.4,-1,-1,0.85,0.85,0.768623,0.010254
2,-1,1,0.45,0.45,-1,-1,0.85,0.85,0.768623,0.010254
2,-1,1,0.5,0.5,-1,-1,0.85,0.85,0.768623,0.010254
2,-1,1,0.55,0.55,-1,-1,0.85,0.85,0.768623,0.010254
2,-1,1,0.6,0.6,-1,-1,0.85,0.85,0.768623,0.010254
2,-1,1,0.65,0.65,-1,-1,0.85,0.85,0.768623,0.010254
2,-1,1,0.7,0.7,-1,-1,0.85,0.85,0.768623,0.010254
2,-1,1,0.75,0.75,-1,-1,0.85,0.85,0.768623,0.010254
2,-1,1,0.8,0.8,-1,-1,0.85,0.85,0.768623,0.010254
2,-1,1,0.85,0.85,-1,-1,0.85,0.85,0.768623,0.010254
2,-1,1,0.9,0.9,-1,-1,0.85,0.85,0.768623,0.010254
2,-1,1,0.95,0.95,-1,-1,0.85,0.85,0.768623,0.010254
2,-1,1,1.0,1.0,-1,-1,0.85,0.85,0.768623,0.010254
2,-1,1,0.05,0.05,-1,-1,0.9,0.85,0.774417,0.008352
2,-1,1,0.1,0.1,-1,-1,0.9,0.85,0.779084,0.007338
2,-1,1,0.15,0.15,-1,-1,0.9,0.85,0.782789,0.00676
2,-1,1,0.2,0.2,-1,-1,0.9,0.85,0.785465,0.006338
2,-1,1,0.25,0.25,-1,-1,0.9,0.85,0.788354,0.006015
2,-1,1,0.3,0.3,-1,-1,0.9,0.85,0.790639,0.00583
2,-1,1,0.35,0.35,-1,-1,0.9,0.85,0.792418,0.005638
2,-1,1,0.4,0.4,-1,-1,0.9,0.85,0.794441,0.005502
2,-1,1,0.45,0.45,-1,-1,0.9,0.85,0.796024,0.005375
2,-1,1,0.5,0.5,-1,-1,0.9,0.85,0.79777,0.005296
2,-1,1,0.55,0.55,-1,-1,0.9,0.85,0.799272,0.005216
2,-1,1,0.6,0.6,-1,-1,0.9,0.85,0.80079,0.005155
2,-1,1,0.65,0.65,-1,-1,0.9,0.85,0.802307,0.005113
2,-1,1,0.7,0.7,-1,-1,0.9,0.85,0.803417,0.005064
2,-1,1,0.75,0.75,-1,-1,0.9,0.85,0.804853,0.005034
2,-1,1,0.8,0.8,-1,-1,0.9,0.85,0.806012,0.004985
2,-1,1,0.85,0.85,-1,-1,0.9,0.85,0.807285,0.004963
2,-1,1,0.9,0.9,-1,-1,0.9,0.85,0.808835,0.004949
2,-1,1,0.95,0.95,-1,-1,0.9,0.85,0.810745,0.004939
2,-1,1,1.0,1.0,-1,-1,0.9,0.85,0.815445,0.004937
2,-1,1,0.05,0.05,-1,-1,0.95,0.85,0.78085,0.006993
2,-1,1,0.1,0.1,-1,-1,0.95,0.85,0.7907,0.005255
2,-1,1,0.15,0.15,-1,-1,0.95,0.85,0.798519,0.004265
2,-1,1,0.2,0.2,-1,-1,0.95,0.85,0.804167,0.003542
2,-1,1,0.25,0.25,-1,-1,0.95,0.85,0.810263,0.002988
2,-1,1,0.3,0.3,-1,-1,0.95,0.85,0.815085,0.002669
2,-1,1,0.35,0.35,-1,-1,0.95,0.85,0.818839,0.00234
2,-1,1,0.4,0.4,-1,-1,0.95,0.85,0.82311,0.002108
2,-1,1,0.45,0.45,-1,-1,0.95,0.85,0.826451,0.00189
2,-1,1,0.5,0.5,-1,-1,0.95,0.85,0.830136,0.001755
2,-1,1,0.55,0.55,-1,-1,0.95,0.85,0.833305,0.001617
2,-1,1,0.6,0.6,-1,-1,0.95,0.85,0.836508,0.001513
2,-1,1,0.65,0.65,-1,-1,0.95,0.85,0.839711,0.00144
2,-1,1,0.7,0.7,-1,-1,0.95,0.85,0.842053,0.001357
2,-1,1,0.75,0.75,-1,-1,0.95,0.85,0.845084,0.001305
2,-1,1,0.8,0.8,-1,-1,0.95,0.85,0.84753,0.001222
2,-1,1,0.85,0.85,-1,-1,0.95,0.85,0.850216,0.001184
2,-1,1,0.9,0.9,-1,-1,0.95,0.85,0.853488,0.00116
2,-1,1,0.95,0.95,-1,-1,0.95,0.85,0.857518,0.001142
2,-1,1,1.0,1.0,-1,-1,0.95,0.85,0.867437,0.001139
2,-1,1,0.05,0.05,-1,-1,1.0,0.85,0.797253,0.006585
2,-1,1,0.1,0.1,-1,-1,1.0,0.85,0.820318,0.00463
2,-1,1,0.15,0.15,-1,-1,1.0,0.85,0.838625,0.003517
2,-1,1,0.2,0.2,-1,-1,1.0,0.85,0.851851,0.002703
2,-1,1,0.25,0.25,-1,-1,1.0,0.85,0.866125,0.00208
2,-1,1,0.3,0.3,-1,-1,1.0,0.85,0.877416,0.001721
2,-1,1,0.35,0.35,-1,-1,1.0,0.85,0.886207,0.001351
2,-1,1,0.4,0.4,-1,-1,1.0,0.85,0.896207,0.00109
2,-1,1,0.45,0.45,-1,-1,1.0,0.85,0.90403,0.000845
2,-1,1,0.5,0.5,-1,-1,1.0,0.85,0.912659,0.000693
2,-1,1,0.55,0.55,-1,-1,1.0,0.85,0.920078,0.000537
2,-1,1,0.6,0.6,-1,-1,1.0,0.85,0.927579,0.000421
2,-1,1,0.65,0.65,-1,-1,1.0,0.85,0.935079,0.000339
2,-1,1,0.7,0.7,-1,-1,1.0,0.85,0.940563,0.000245
2,-1,1,0.75,0.75,-1,-1,1.0,0.85,0.94766,0.000187
2,-1,1,0.8,0.8,-1,-1,1.0,0.85,0.953386,9.3e-05
2,-1,1,0.85,0.85,-1,-1,1.0,0.85,0.959676,5.1e-05
2,-1,1,0.9,0.9,-1,-1,1.0,0.85,0.967338,2.3e-05
2,-1,1,0.95,0.95,-1,-1,1.0,0.85,0.976774,4e-06
2,-1,1,1.0,1.0,-1,-1,1.0,0.85,1.0,0.0
2,-1,1,0.05,0.05,-1,-1,0.9,0.9,0.815445,0.004937
2,-1,1,0.1,0.1,-1,-1,0.9,0.9,0.815445,0.004937
2,-1,1,0.15,0.15,-1,-1,0.9,0.9,0.815445,0.004937
2,-1,1,0.2,0.2,-1,-1,0.9,0.9,0.815445,0.004937
2,-1,1,0.25,0.25,-1,-1,0.9,0.9,0.815445,0.004937
2,-1,1,0.3,0.3,-1,-1,0.9,0.9,0.815445,0.004937
2,-1,1,0.35,0.35,-1,-1,0.9,0.9,0.815445,0.004937
2,-1,1,0.4,0.4,-1,-1,0.9,0.9,0.815445,0.004937
2,-1,1,0.45,0.45,-1,-1,0.9,0.9,0.815445,0.004937
2,-1,1,0.5,0.5,-1,-1,0.9,0.9,0.815445,0.004937
2,-1,1,0.55,0.55,-1,-1,0.9,0.9,0.815445,0.004937
2,-1,1,0.6,0.6,-1,-1,0.9,0.9,0.815445,0.004937
2,-1,1,0.65,0.65,-1,-1,0.9,0.9,0.815445,0.004937
2,-1,1,0.7,0.7,-1,-1,0.9,0.9,0.815445,0.004937
2,-1,1,0.75,0.75,-1,-1,0.9,0.9,0.815445,0.004937
2,-1,1,0.8,0.8,-1,-1,0.9,0.9,0.815445,0.004937
2,-1,1,0.85,0.85,-1,-1,0.9,0.9,0.815445,0.004937
2,-1,1,0.9,0.9,-1,-1,0.9,0.9,0.815445,0.004937
2,-1,1,0.95,0.95,-1,-1,0.9,0.9,0.815445,0.004937
2,-1,1,1.0,1.0,-1,-1,0.9,0.9,0.815445,0.004937
2,-1,1,0.05,0.05,-1,-1,0.95,0.9,0.821878,0.003578
2,-1,1,0.1,0.1,-1,-1,0.95,0.9,0.827061,0.002854
2,-1,1,0.15,0.15,-1,-1,0.95,0.9,0.831175,0.002442
2,-1,1,0.2,0.2,-1,-1,0.95,0.9,0.834147,0.00214
2,-1,1,0.25,0.25,-1,-1,0.95,0.9,0.837354,0.001909
2,-1,1,0.3,0.3,-1,-1,0.95,0.9,0.839892,0.001777
2,-1,1,0.35,0.35,-1,-1,0.95,0.9,0.841867,0.00164
2,-1,1,0.4,0.4,-1,-1,0.95,0.9,0.844114,0.001543
2,-1,1,0.45,0.45,-1,-1,0.95,0.9,0.845872,0.001452
2,-1,1,0.5,0.5,-1,-1,0.95,0.9,0.847811,0.001396
2,-1,1,0.55,0.55,-1,-1,0.95,0.9,0.849478,0.001338
2,-1,1,0.6,0.6,-1,-1,0.95,0.9,0.851163,0.001295
2,-1,1,0.65,0.65,-1,-1,0.95,0.9,0.852849,0.001264
2,-1,1,0.7,0.7,-1,-1,0.95,0.9,0.854081,0.00123
2,-1,1,0.75,0.75,-1,-1,0.95,0.9,0.855676,0.001208
2,-1,1,0.8,0.8,-1,-1,0.95,0.9,0.856962,0.001174
2,-1,1,0.85,0.85,-1,-1,0.95,0.9,0.858376,0.001158
2,-1,1,0.9,0.9,-1,-1,0.95,0.9,0.860098,0.001148
2,-1,1,0.95,0.95,-1,-1,0.95,0.9,0.862218,0.00114
2,-1,1,1.0,1.0,-1,-1,0.95,0.9,0.867437,0.001139
2,-1,1,0.05,0.05,-1,-1,1.0,0.9,0.838281,0.003171
2,-1,1,0.1,0.1,-1,-1,1.0,0.9,0.856679,0.002229
2,-1,1,0.15,0.15,-1,-1,1.0,0.9,0.871281,0.001693
2,-1,1,0.2,0.2,-1,-1,1.0,0.9,0.881831,0.001301
2,-1,1,0.25,0.25,-1,-1,1.0,0.9,0.893217,0.001001
2,-1,1,0.3,0.3,-1,-1,1.0,0.9,0.902223,0.000829
2,-1,1,0.35,0.35,-1,-1,1.0,0.9,0.909234,0.000651
2,-1,1,0.4,0.4,-1,-1,1.0,0.9,0.917211,0.000525
2,-1,1,0.45,0.45,-1,-1,1.0,0.9,0.92345,0.000407
2,-1,1,0.5,0.5,-1,-1,1.0,0.9,0.930334,0.000334
2,-1,1,0.55,0.55,-1,-1,1.0,0.9,0.936252,0.000259
2,-1,1,0.6,0.6,-1,-1,1.0,0.9,0.942234,0.000203
2,-1,1,0.65,0.65,-1,-1,1.0,0.9,0.948216,0.000163
2,-1,1,0.7,0.7,-1,-1,1.0,0.9,0.952591,0.000118
2,-1,1,0.75,0.75,-1,-1,1.0,0.9,0.958252,9e-05
2,-1,1,0.8,0.8,-1,-1,1.0,0.9,0.962819,4.5e-05
2,-1,1,0.85,0.85,-1,-1,1.0,0.9,0.967836,2.4e-05
2,-1,1,0.9,0.9,-1,-1,1.0,0.9,0.973947,1.1e-05
2,-1,1,0.95,0.95,-1,-1,1.0,0.9,0.981474,2e-06
2,-1,1,1.0,1.0,-1,-1,1.0,0.9,1.0,0.0
2,-1,1,0.05,0.05,-1,-1,0.95,0.95,0.867437,0.001139
2,-1,1,0.1,0.1,-1,-1,0.95,0.95,0.867437,0.001139
2,-1,1,0.15,0.15,-1,-1,0.95,0.95,0.867437,0.001139
2,-1,1,0.2,0.2,-1,-1,0.95,0.95,0.867437,0.001139
2,-1,1,0.25,0.25,-1,-1,0.95,0.95,0.867437,0.001139
2,-1,1,0.3,0.3,-1,-1,0.95,0.95,0.867437,0.001139
2,-1,1,0.35,0.35,-1,-1,0.95,0.95,0.867437,0.001139
2,-1,1,0.4,0.4,-1,-1,0.95,0.95,0.867437,0.001139
2,-1,1,0.45,0.45,-1,-1,0.95,0.95,0.867437,0.001139
2,-1,1,0.5,0.5,-1,-1,0.95,0.95,0.867437,0.001139
2,-1,1,0.55,0.55,-1,-1,0.95,0.95,0.867437,0.001139
2,-1,1,0.6,0.6,-1,-1,0.95,0.95,0.867437,0.001139
2,-1,1,0.65,0.65,-1,-1,0.95,0.95,0.867437,0.001139
2,-1,1,0.7,0.7,-1,-1,0.95,0.95,0.867437,0.001139
2,-1,1,0.75,0.75,-1,-1,0.95,0.95,0.867437,0.001139
2,-1,1,0.8,0.8,-1,-1,0.95,0.95,0.867437,0.001139
2,-1,1,0.85,0.85,-1,-1,0.95,0.95,0.867437,0.001139
2,-1,1,0.9,0.9,-1,-1,0.95,0.95,0.867437,0.001139
2,-1,1,0.95,0.95,-1,-1,0.95,0.95,0.867437,0.001139
2,-1,1,1.0,1.0,-1,-1,0.95,0.95,0.867437,0.001139
2,-1,1,0.05,0.05,-1,-1,1.0,0.95,0.88384,0.000732
2,-1,1,0.1,0.1,-1,-1,1.0,0.95,0.897055,0.000514
2,-1,1,0.15,0.15,-1,-1,1.0,0.95,0.907543,0.000391
2,-1,1,0.2,0.2,-1,-1,1.0,0.95,0.915121,0.0003
2,-1,1,0.25,0.25,-1,-1,1.0,0.95,0.923299,0.000231
2,-1,1,0.3,0.3,-1,-1,1.0,0.95,0.929768,0.000191
2,-1,1,0.35,0.35,-1,-1,1.0,0.95,0.934804,0.00015
2,-1,1,0.4,0.4,-1,-1,1.0,0.95,0.940534,0.000121
2,-1,1,0.45,0.45,-1,-1,1.0,0.95,0.945016,9.4e-05
2,-1,1,0.5,0.5,-1,-1,1.0,0.95,0.94996,7.7e-05
2,-1,1,0.55,0.55,-1,-1,1.0,0.95,0.95421,6e-05
2,-1,1,0.6,0.6,-1,-1,1.0,0.95,0.958508,4.7e-05
2,-1,1,0.65,0.65,-1,-1,1.0,0.95,0.962805,3.8e-05
2,-1,1,0.7,0.7,-1,-1,1.0,0.95,0.965947,2.7e-05
2,-1,1,0.75,0.75,-1,-1,1.0,0.95,0.970013,2.1e-05
2,-1,1,0.8,0.8,-1,-1,1.0,0.95,0.973293,1e-05
2,-1,1,0.85,0.85,-1,-1,1.0,0.95,0.976897,6e-06
2,-1,1,0.9,0.9,-1,-1,1.0,0.95,0.981287,3e-06
2,-1,1,0.95,0.95,-1,-1,1.0,0.95,0.986693,0.0
2,-1,1,1.0,1.0,-1,-1,1.0,0.95,1.0,0.0
2,-1,1,0.05,0.05,-1,-1,1.0,1.0,1.0,0.0
2,-1,1,0.1,0.1,-1,-1,1.0,1.0,1.0,0.0
2,-1,1,0.15,0.15,-1,-1,1.0,1.0,1.0,0.0
2,-1,1,0.2,0.2,-1,-1,1.0,1.0,1.0,0.0
2,-1,1,0.25,0.25,-1,-1,1.0,1.0,1.0,0.0
2,-1,1,0.3,0.3,-1,-1,1.0,1.0,1.0,0.0
2,-1,1,0.35,0.35,-1,-1,1.0,1.0,1.0,0.0
2,-1,1,0.4,0.4,-1,-1,1.0,1.0,1.0,0.0
2,-1,1,0.45,0.45,-1,-1,1.0,1.0,1.0,0.0
2,-1,1,0.5,0.5,-1,-1,1.0,1.0,1.0,0.0
2,-1,1,0.55,0.55,-1,-1,1.0,1.0,1.0,0.0
2,-1,1,0.6,0.6,-1,-1,1.0,1.0,1.0,0.0
2,-1,1,0.65,0.65,-1,-1,1.0,1.0,1.0,0.0
2,-1,1,0.7,0.7,-1,-1,1.0,1.0,1.0,0.0
2,-1,1,0.75,0.75,-1,-1,1.0,1.0,1.0,0.0
2,-1,1,0.8,0.8,-1,-1,1.0,1.0,1.0,0.0
2,-1,1,0.85,0.85,-1,-1,1.0,1.0,1.0,0.0
2,-1,1,0.9,0.9,-1,-1,1.0,1.0,1.0,0.0
2,-1,1,0.95,0.95,-1,-1,1.0,1.0,1.0,0.0
2,-1,1,1.0,1.0,-1,-1,1.0,1.0,1.0,0.0
